; Voron Trident continuous non-planar G-code
; nozzle=0.4 line_width=0.45 layer_height=0.3
; max_z_velocity=25.0 mm/s (feedrate clamped to honour this)

PRINT_START EXTRUDER=210 BED=60 MATERIAL=PLA
M83            ; relative extrusion
G92 E0
M107           ; fan off for first layer(s)

G1 X100.0000 Y100.0000 Z0.2000 F12000  ; travel
G1 X105.0000 Y100.0000 Z0.2000 E0.21000 F1200
G1 X105.0000 Y105.0000 Z0.2000 E0.21000 F1200
G1 X100.0000 Y105.0000 Z0.2000 E0.21000 F1200
G1 X100.0000 Y100.0000 Z0.2000 E0.21000 F1200
G1 E-0.6000 F3600
G1 X101.0000 Y101.0000 Z0.2000 F12000  ; travel
G1 E0.6000 F2400
G1 X104.0000 Y101.0000 Z0.2000 E0.15000 F1200
G1 X101.0000 Y104.0000 Z0.2000 E0.15000 F1200
G1 X104.0000 Y104.0000 Z0.2000 E0.15000 F1200
G1 E-0.6000 F3600
G1 X104.0000 Y104.0000 Z0.4000 F1500  ; travel
G1 X100.0000 Y100.0000 Z0.4000 F12000  ; travel
G1 E0.6000 F2400
G1 X105.0000 Y100.0000 Z0.4000 E0.21000 F1200
G1 X105.0000 Y105.0000 Z0.4000 E0.21000 F1200
G1 X100.0000 Y105.0000 Z0.4000 E0.21000 F1200
G1 X100.0000 Y100.0000 Z0.4000 E0.21000 F1200
G1 E-0.6000 F3600
; hybrid: non-planar wall begins here (z=0.6000)
M106 S255  ; fan 100%
; move to fabric start
G1 X105.5000 Y102.5000 Z5.6000 F2299  ; travel
G1 X105.5000 Y102.5000 Z0.6000 F1500  ; travel
G1 E0.6000 F2400
; loop fabric (38 rows x 24 stitches, dip stitch)
G1 X100.4312 Y100.2814 Z1.0264 E0.49836 F600
G1 X100.3530 Y100.2293 Z0.8800 E0.01562 F600
G1 X100.2939 Y100.1135 Z0.6800 E0.02143 F600
G1 X100.2904 Y99.9489 Z0.4800 E0.02326 F600
G1 X100.3658 Y99.7684 Z0.3336 E0.02194 F600
G1 X100.5176 Y99.6156 Z0.2800 E0.01993 F600
G1 X100.7146 Y99.5286 Z0.3336 E0.01993 F600
G1 X100.9102 Y99.5229 Z0.4800 E0.02194 F600
G1 X101.0626 Y99.5852 Z0.6800 E0.02326 F600
G1 X101.1496 Y99.6818 Z0.8800 E0.02143 F600
G1 X101.1702 Y99.7735 Z1.0264 E0.01562 F600
G1 X101.1380 Y99.8270 Z1.0800 E0.00739 F600
G1 X101.0759 Y99.8216 Z1.0264 E0.00739 F600
G1 X101.0138 Y99.7510 Z0.8800 E0.01562 F600
G1 X100.9868 Y99.6238 Z0.6800 E0.02143 F600
G1 X101.0259 Y99.4639 Z0.4800 E0.02326 F600
G1 X101.1455 Y99.3091 Z0.3336 E0.02194 F600
G1 X101.3317 Y99.2008 Z0.2800 E0.01993 F600
G1 X101.5445 Y99.1678 Z0.3336 E0.01993 F600
G1 X101.7349 Y99.2129 Z0.4800 E0.02194 F600
G1 X101.8660 Y99.3124 Z0.6800 E0.02326 F600
G1 X101.9250 Y99.4284 Z0.8800 E0.02143 F600
G1 X101.9212 Y99.5222 Z1.0264 E0.01562 F600
G1 X101.8763 Y99.5656 Z1.0800 E0.00739 F600
G1 X101.8176 Y99.5443 Z1.0264 E0.00739 F600
G1 X101.7759 Y99.4600 Z0.8800 E0.01562 F600
G1 X101.7827 Y99.3301 Z0.6800 E0.02143 F600
G1 X101.8620 Y99.1859 Z0.4800 E0.02326 F600
G1 X102.0176 Y99.0672 Z0.3336 E0.02194 F600
G1 X102.2254 Y99.0108 Z0.2800 E0.01993 F600
G1 X102.4395 Y99.0340 Z0.3336 E0.01993 F600
G1 X102.6117 Y99.1268 Z0.4800 E0.02194 F600
G1 X102.7126 Y99.2570 Z0.6800 E0.02326 F600
G1 X102.7396 Y99.3842 Z0.8800 E0.02143 F600
G1 X102.7116 Y99.4739 Z1.0264 E0.01562 F600
G1 X102.6570 Y99.5041 Z1.0800 E0.00739 F600
G1 X102.6059 Y99.4684 Z1.0264 E0.00739 F600
G1 X102.5874 Y99.3762 Z0.8800 E0.01562 F600
G1 X102.6276 Y99.2525 Z0.6800 E0.02143 F600
G1 X102.7415 Y99.1336 Z0.4800 E0.02326 F600
G1 X102.9225 Y99.0593 Z0.3336 E0.02194 F600
G1 X103.1378 Y99.0586 Z0.2800 E0.01993 F600
G1 X103.3386 Y99.1365 Z0.3336 E0.01993 F600
G1 X103.4810 Y99.2707 Z0.4800 E0.02194 F600
G1 X103.5447 Y99.4225 Z0.6800 E0.02326 F600
G1 X103.5379 Y99.5524 Z0.8800 E0.02143 F600
G1 X103.4876 Y99.6318 Z1.0264 E0.01562 F600
G1 X103.4271 Y99.6468 Z1.0800 E0.00739 F600
G1 X103.3869 Y99.5991 Z1.0264 E0.00739 F600
G1 X103.3929 Y99.5053 Z0.8800 E0.01562 F600
G1 X103.4638 Y99.3962 Z0.6800 E0.02143 F600
G1 X103.6045 Y99.3109 Z0.4800 E0.02326 F600
G1 X103.7986 Y99.2859 Z0.3336 E0.02194 F600
G1 X104.0068 Y99.3410 Z0.2800 E0.01993 F600
G1 X104.1806 Y99.4681 Z0.3336 E0.01993 F600
G1 X104.2833 Y99.6346 Z0.4800 E0.02194 F600
G1 X104.3056 Y99.7977 Z0.6800 E0.02326 F600
G1 X104.2654 Y99.9214 Z0.8800 E0.02143 F600
G1 X104.1963 Y99.9851 Z1.0264 E0.01562 F600
G1 X104.1339 Y99.9840 Z1.0800 E0.00739 F600
G1 X104.1075 Y99.9275 Z1.0264 E0.00739 F600
G1 X104.1376 Y99.8384 Z0.8800 E0.01562 F600
G1 X104.2342 Y99.7514 Z0.6800 E0.02143 F600
G1 X104.3923 Y99.7054 Z0.4800 E0.02326 F600
G1 X104.5862 Y99.7315 Z0.3336 E0.02194 F600
G1 X104.7731 Y99.8386 Z0.2800 E0.01993 F600
G1 X104.9080 Y100.0064 Z0.3336 E0.01993 F600
G1 X104.9642 Y100.1938 Z0.4800 E0.02194 F600
G1 X104.9435 Y100.3571 Z0.6800 E0.02326 F600
G1 X104.8726 Y100.4662 Z0.8800 E0.02143 F600
G1 X104.7894 Y100.5098 Z1.0264 E0.01562 F600
G1 X104.7294 Y100.4926 Z1.0800 E0.00739 F600
G1 X104.7186 Y100.4312 Z1.0264 E0.00739 F600
G1 X104.7707 Y100.3530 Z0.8800 E0.01562 F600
G1 X104.8865 Y100.2939 Z0.6800 E0.02143 F600
G1 X105.0511 Y100.2904 Z0.4800 E0.02326 F600
G1 X105.2316 Y100.3658 Z0.3336 E0.02194 F600
G1 X105.3844 Y100.5176 Z0.2800 E0.01993 F600
G1 X105.4714 Y100.7146 Z0.3336 E0.01993 F600
G1 X105.4771 Y100.9102 Z0.4800 E0.02194 F600
G1 X105.4148 Y101.0626 Z0.6800 E0.02326 F600
G1 X105.3182 Y101.1496 Z0.8800 E0.02143 F600
G1 X105.2265 Y101.1702 Z1.0264 E0.01562 F600
G1 X105.1730 Y101.1380 Z1.0800 E0.00739 F600
G1 X105.1784 Y101.0759 Z1.0264 E0.00739 F600
G1 X105.2490 Y101.0138 Z0.8800 E0.01562 F600
G1 X105.3762 Y100.9868 Z0.6800 E0.02143 F600
G1 X105.5361 Y101.0259 Z0.4800 E0.02326 F600
G1 X105.6909 Y101.1455 Z0.3336 E0.02194 F600
G1 X105.7992 Y101.3317 Z0.2800 E0.01993 F600
G1 X105.8322 Y101.5445 Z0.3336 E0.01993 F600
G1 X105.7871 Y101.7349 Z0.4800 E0.02194 F600
G1 X105.6876 Y101.8660 Z0.6800 E0.02326 F600
G1 X105.5716 Y101.9250 Z0.8800 E0.02143 F600
G1 X105.4778 Y101.9212 Z1.0264 E0.01562 F600
G1 X105.4344 Y101.8763 Z1.0800 E0.00739 F600
G1 X105.4557 Y101.8176 Z1.0264 E0.00739 F600
G1 X105.5400 Y101.7759 Z0.8800 E0.01562 F600
G1 X105.6699 Y101.7827 Z0.6800 E0.02143 F600
G1 X105.8141 Y101.8620 Z0.4800 E0.02326 F600
G1 X105.9328 Y102.0176 Z0.3336 E0.02194 F600
G1 X105.9892 Y102.2254 Z0.2800 E0.01993 F600
G1 X105.9660 Y102.4395 Z0.3336 E0.01993 F600
G1 X105.8732 Y102.6117 Z0.4800 E0.02194 F600
G1 X105.7430 Y102.7126 Z0.6800 E0.02326 F600
G1 X105.6158 Y102.7396 Z0.8800 E0.02143 F600
G1 X105.5261 Y102.7116 Z1.0264 E0.01562 F600
G1 X105.4959 Y102.6570 Z1.0800 E0.00739 F600
G1 X105.5316 Y102.6059 Z1.0264 E0.00739 F600
G1 X105.6238 Y102.5874 Z0.8800 E0.01562 F600
G1 X105.7475 Y102.6276 Z0.6800 E0.02143 F600
G1 X105.8664 Y102.7415 Z0.4800 E0.02326 F600
G1 X105.9407 Y102.9225 Z0.3336 E0.02194 F600
G1 X105.9414 Y103.1378 Z0.2800 E0.01993 F600
G1 X105.8635 Y103.3386 Z0.3336 E0.01993 F600
G1 X105.7293 Y103.4810 Z0.4800 E0.02194 F600
G1 X105.5775 Y103.5447 Z0.6800 E0.02326 F600
G1 X105.4476 Y103.5379 Z0.8800 E0.02143 F600
G1 X105.3682 Y103.4876 Z1.0264 E0.01562 F600
G1 X105.3532 Y103.4271 Z1.0800 E0.00739 F600
G1 X105.4009 Y103.3869 Z1.0264 E0.00739 F600
G1 X105.4947 Y103.3929 Z0.8800 E0.01562 F600
G1 X105.6038 Y103.4638 Z0.6800 E0.02143 F600
G1 X105.6891 Y103.6045 Z0.4800 E0.02326 F600
G1 X105.7141 Y103.7986 Z0.3336 E0.02194 F600
G1 X105.6590 Y104.0068 Z0.2800 E0.01993 F600
G1 X105.5319 Y104.1806 Z0.3336 E0.01993 F600
G1 X105.3654 Y104.2833 Z0.4800 E0.02194 F600
G1 X105.2023 Y104.3056 Z0.6800 E0.02326 F600
G1 X105.0786 Y104.2654 Z0.8800 E0.02143 F600
G1 X105.0149 Y104.1963 Z1.0264 E0.01562 F600
G1 X105.0160 Y104.1339 Z1.0800 E0.00739 F600
G1 X105.0725 Y104.1075 Z1.0264 E0.00739 F600
G1 X105.1616 Y104.1376 Z0.8800 E0.01562 F600
G1 X105.2486 Y104.2342 Z0.6800 E0.02143 F600
G1 X105.2946 Y104.3923 Z0.4800 E0.02326 F600
G1 X105.2685 Y104.5862 Z0.3336 E0.02194 F600
G1 X105.1614 Y104.7731 Z0.2800 E0.01993 F600
G1 X104.9936 Y104.9080 Z0.3336 E0.01993 F600
G1 X104.8062 Y104.9642 Z0.4800 E0.02194 F600
G1 X104.6429 Y104.9435 Z0.6800 E0.02326 F600
G1 X104.5338 Y104.8726 Z0.8800 E0.02143 F600
G1 X104.4902 Y104.7894 Z1.0264 E0.01562 F600
G1 X104.5074 Y104.7294 Z1.0800 E0.00739 F600
G1 X104.5688 Y104.7186 Z1.0264 E0.00739 F600
G1 X104.6470 Y104.7707 Z0.8800 E0.01562 F600
G1 X104.7061 Y104.8865 Z0.6800 E0.02143 F600
G1 X104.7096 Y105.0511 Z0.4800 E0.02326 F600
G1 X104.6342 Y105.2316 Z0.3336 E0.02194 F600
G1 X104.4824 Y105.3844 Z0.2800 E0.01993 F600
G1 X104.2854 Y105.4714 Z0.3336 E0.01993 F600
G1 X104.0898 Y105.4771 Z0.4800 E0.02194 F600
G1 X103.9374 Y105.4148 Z0.6800 E0.02326 F600
G1 X103.8504 Y105.3182 Z0.8800 E0.02143 F600
G1 X103.8298 Y105.2265 Z1.0264 E0.01562 F600
G1 X103.8620 Y105.1730 Z1.0800 E0.00739 F600
G1 X103.9241 Y105.1784 Z1.0264 E0.00739 F600
G1 X103.9862 Y105.2490 Z0.8800 E0.01562 F600
G1 X104.0132 Y105.3762 Z0.6800 E0.02143 F600
G1 X103.9741 Y105.5361 Z0.4800 E0.02326 F600
G1 X103.8545 Y105.6909 Z0.3336 E0.02194 F600
G1 X103.6683 Y105.7992 Z0.2800 E0.01993 F600
G1 X103.4555 Y105.8322 Z0.3336 E0.01993 F600
G1 X103.2651 Y105.7871 Z0.4800 E0.02194 F600
G1 X103.1340 Y105.6876 Z0.6800 E0.02326 F600
G1 X103.0750 Y105.5716 Z0.8800 E0.02143 F600
G1 X103.0788 Y105.4778 Z1.0264 E0.01562 F600
G1 X103.1237 Y105.4344 Z1.0800 E0.00739 F600
G1 X103.1824 Y105.4557 Z1.0264 E0.00739 F600
G1 X103.2241 Y105.5400 Z0.8800 E0.01562 F600
G1 X103.2173 Y105.6699 Z0.6800 E0.02143 F600
G1 X103.1380 Y105.8141 Z0.4800 E0.02326 F600
G1 X102.9824 Y105.9328 Z0.3336 E0.02194 F600
G1 X102.7746 Y105.9892 Z0.2800 E0.01993 F600
G1 X102.5605 Y105.9660 Z0.3336 E0.01993 F600
G1 X102.3883 Y105.8732 Z0.4800 E0.02194 F600
G1 X102.2874 Y105.7430 Z0.6800 E0.02326 F600
G1 X102.2604 Y105.6158 Z0.8800 E0.02143 F600
G1 X102.2884 Y105.5261 Z1.0264 E0.01562 F600
G1 X102.3430 Y105.4959 Z1.0800 E0.00739 F600
G1 X102.3941 Y105.5316 Z1.0264 E0.00739 F600
G1 X102.4126 Y105.6238 Z0.8800 E0.01562 F600
G1 X102.3724 Y105.7475 Z0.6800 E0.02143 F600
G1 X102.2585 Y105.8664 Z0.4800 E0.02326 F600
G1 X102.0775 Y105.9407 Z0.3336 E0.02194 F600
G1 X101.8622 Y105.9414 Z0.2800 E0.01993 F600
G1 X101.6614 Y105.8635 Z0.3336 E0.01993 F600
G1 X101.5190 Y105.7293 Z0.4800 E0.02194 F600
G1 X101.4553 Y105.5775 Z0.6800 E0.02326 F600
G1 X101.4621 Y105.4476 Z0.8800 E0.02143 F600
G1 X101.5124 Y105.3682 Z1.0264 E0.01562 F600
G1 X101.5729 Y105.3532 Z1.0800 E0.00739 F600
G1 X101.6131 Y105.4009 Z1.0264 E0.00739 F600
G1 X101.6071 Y105.4947 Z0.8800 E0.01562 F600
G1 X101.5362 Y105.6038 Z0.6800 E0.02143 F600
G1 X101.3955 Y105.6891 Z0.4800 E0.02326 F600
G1 X101.2014 Y105.7141 Z0.3336 E0.02194 F600
G1 X100.9932 Y105.6590 Z0.2800 E0.01993 F600
G1 X100.8194 Y105.5319 Z0.3336 E0.01993 F600
G1 X100.7167 Y105.3654 Z0.4800 E0.02194 F600
G1 X100.6944 Y105.2023 Z0.6800 E0.02326 F600
G1 X100.7346 Y105.0786 Z0.8800 E0.02143 F600
G1 X100.8037 Y105.0149 Z1.0264 E0.01562 F600
G1 X100.8661 Y105.0160 Z1.0800 E0.00739 F600
G1 X100.8925 Y105.0725 Z1.0264 E0.00739 F600
G1 X100.8624 Y105.1616 Z0.8800 E0.01562 F600
G1 X100.7658 Y105.2486 Z0.6800 E0.02143 F600
G1 X100.6077 Y105.2946 Z0.4800 E0.02326 F600
G1 X100.4138 Y105.2685 Z0.3336 E0.02194 F600
G1 X100.2269 Y105.1614 Z0.2800 E0.01993 F600
G1 X100.0920 Y104.9936 Z0.3336 E0.01993 F600
G1 X100.0358 Y104.8062 Z0.4800 E0.02194 F600
G1 X100.0565 Y104.6429 Z0.6800 E0.02326 F600
G1 X100.1274 Y104.5338 Z0.8800 E0.02143 F600
G1 X100.2106 Y104.4902 Z1.0264 E0.01562 F600
G1 X100.2706 Y104.5074 Z1.0800 E0.00739 F600
G1 X100.2814 Y104.5688 Z1.0264 E0.00739 F600
G1 X100.2293 Y104.6470 Z0.8800 E0.01562 F600
G1 X100.1135 Y104.7061 Z0.6800 E0.02143 F600
G1 X99.9489 Y104.7096 Z0.4800 E0.02326 F600
G1 X99.7684 Y104.6342 Z0.3336 E0.02194 F600
G1 X99.6156 Y104.4824 Z0.2800 E0.01993 F600
G1 X99.5286 Y104.2854 Z0.3336 E0.01993 F600
G1 X99.5229 Y104.0898 Z0.4800 E0.02194 F600
G1 X99.5852 Y103.9374 Z0.6800 E0.02326 F600
G1 X99.6818 Y103.8504 Z0.8800 E0.02143 F600
G1 X99.7735 Y103.8298 Z1.0264 E0.01562 F600
G1 X99.8270 Y103.8620 Z1.0800 E0.00739 F600
G1 X99.8216 Y103.9241 Z1.0264 E0.00739 F600
G1 X99.7510 Y103.9862 Z0.8800 E0.01562 F600
G1 X99.6238 Y104.0132 Z0.6800 E0.02143 F600
G1 X99.4639 Y103.9741 Z0.4800 E0.02326 F600
G1 X99.3091 Y103.8545 Z0.3336 E0.02194 F600
G1 X99.2008 Y103.6683 Z0.2800 E0.01993 F600
G1 X99.1678 Y103.4555 Z0.3336 E0.01993 F600
G1 X99.2129 Y103.2651 Z0.4800 E0.02194 F600
G1 X99.3124 Y103.1340 Z0.6800 E0.02326 F600
G1 X99.4284 Y103.0750 Z0.8800 E0.02143 F600
G1 X99.5222 Y103.0788 Z1.0264 E0.01562 F600
G1 X99.5656 Y103.1237 Z1.0800 E0.00739 F600
G1 X99.5443 Y103.1824 Z1.0264 E0.00739 F600
G1 X99.4600 Y103.2241 Z0.8800 E0.01562 F600
G1 X99.3301 Y103.2173 Z0.6800 E0.02143 F600
G1 X99.1859 Y103.1380 Z0.4800 E0.02326 F600
G1 X99.0672 Y102.9824 Z0.3336 E0.02194 F600
G1 X99.0108 Y102.7746 Z0.2800 E0.01993 F600
G1 X99.0340 Y102.5605 Z0.3336 E0.01993 F600
G1 X99.1268 Y102.3883 Z0.4800 E0.02194 F600
G1 X99.2570 Y102.2874 Z0.6800 E0.02326 F600
G1 X99.3842 Y102.2604 Z0.8800 E0.02143 F600
G1 X99.4739 Y102.2884 Z1.0264 E0.01562 F600
G1 X99.5041 Y102.3430 Z1.0800 E0.00739 F600
G1 X99.4684 Y102.3941 Z1.0264 E0.00739 F600
G1 X99.3762 Y102.4126 Z0.8800 E0.01562 F600
G1 X99.2525 Y102.3724 Z0.6800 E0.02143 F600
G1 X99.1336 Y102.2585 Z0.4800 E0.02326 F600
G1 X99.0593 Y102.0775 Z0.3336 E0.02194 F600
G1 X99.0586 Y101.8622 Z0.2800 E0.01993 F600
G1 X99.1365 Y101.6614 Z0.3336 E0.01993 F600
G1 X99.2707 Y101.5190 Z0.4800 E0.02194 F600
G1 X99.4225 Y101.4553 Z0.6800 E0.02326 F600
G1 X99.5524 Y101.4621 Z0.8800 E0.02143 F600
G1 X99.6318 Y101.5124 Z1.0264 E0.01562 F600
G1 X99.6468 Y101.5729 Z1.0800 E0.00739 F600
G1 X99.5991 Y101.6131 Z1.0264 E0.00739 F600
G1 X99.5053 Y101.6071 Z0.8800 E0.01562 F600
G1 X99.3962 Y101.5362 Z0.6800 E0.02143 F600
G1 X99.3109 Y101.3955 Z0.4800 E0.02326 F600
G1 X99.2859 Y101.2014 Z0.3336 E0.02194 F600
G1 X99.3410 Y100.9932 Z0.2800 E0.01993 F600
G1 X99.4681 Y100.8194 Z0.3336 E0.01993 F600
G1 X99.6346 Y100.7167 Z0.4800 E0.02194 F600
G1 X99.7977 Y100.6944 Z0.6800 E0.02326 F600
G1 X99.9214 Y100.7346 Z0.8800 E0.02143 F600
G1 X99.9851 Y100.8037 Z1.0264 E0.01562 F600
G1 X99.9840 Y100.8661 Z1.0800 E0.00739 F600
G1 X99.9275 Y100.8925 Z1.0264 E0.00739 F600
G1 X99.8384 Y100.8624 Z0.8800 E0.01562 F600
G1 X99.7514 Y100.7658 Z0.6800 E0.02143 F600
G1 X99.7054 Y100.6077 Z0.4800 E0.02326 F600
G1 X99.7315 Y100.4138 Z0.3336 E0.02194 F600
G1 X99.8386 Y100.2269 Z0.2800 E0.01993 F600
G1 X100.0064 Y100.0920 Z0.3336 E0.01993 F600
G1 X100.1938 Y100.0358 Z0.4800 E0.02194 F600
G1 X100.3571 Y100.0565 Z0.6800 E0.02326 F600
G1 X100.4662 Y100.1274 Z0.8800 E0.02143 F600
G1 X100.5098 Y100.2106 Z1.0264 E0.01562 F600
G1 X100.4926 Y100.2706 Z1.0800 E0.00739 F600
; row 1/38
G1 X100.7384 Y100.0304 Z1.5264 E0.05059 F600
G1 X100.6677 Y99.9685 Z1.3800 E0.01562 F600
G1 X100.6243 Y99.8459 Z1.1800 E0.02143 F600
G1 X100.6423 Y99.6823 Z0.9800 E0.02326 F600
G1 X100.7406 Y99.5132 Z0.8336 E0.02194 F600
G1 X100.9110 Y99.3815 Z0.7800 E0.01993 F600
G1 X101.1177 Y99.3210 Z0.8336 E0.01993 F600
G1 X101.3124 Y99.3409 Z0.9800 E0.02194 F600
G1 X101.4553 Y99.4225 Z1.1800 E0.02326 F600
G1 X101.5290 Y99.5297 Z1.3800 E0.02143 F600
G1 X101.5375 Y99.6233 Z1.5264 E0.01562 F600
G1 X101.4986 Y99.6721 Z1.5800 E0.00739 F600
G1 X101.4376 Y99.6586 Z1.5264 E0.00739 F600
G1 X101.3853 Y99.5806 Z1.3800 E0.01562 F600
G1 X101.3751 Y99.4509 Z1.1800 E0.02143 F600
G1 X101.4348 Y99.2975 Z0.9800 E0.02326 F600
G1 X101.5736 Y99.1596 Z0.8336 E0.02194 F600
G1 X101.7723 Y99.0765 Z0.7800 E0.01993 F600
G1 X101.9876 Y99.0716 Z0.8336 E0.01993 F600
G1 X102.1705 Y99.1411 Z0.9800 E0.02194 F600
G1 X102.2874 Y99.2570 Z1.1800 E0.02326 F600
G1 X102.3308 Y99.3796 Z1.3800 E0.02143 F600
G1 X102.3148 Y99.4722 Z1.5264 E0.01562 F600
G1 X102.2646 Y99.5092 Z1.5800 E0.00739 F600
G1 X102.2093 Y99.4805 Z1.5264 E0.00739 F600
G1 X102.1789 Y99.3915 Z1.3800 E0.01562 F600
G1 X102.2026 Y99.2636 Z1.1800 E0.02143 F600
G1 X102.3000 Y99.1309 Z0.9800 E0.02326 F600
G1 X102.4697 Y99.0336 Z0.8336 E0.02194 F600
G1 X102.6832 Y99.0048 Z0.7800 E0.01993 F600
G1 X102.8924 Y99.0558 Z0.8336 E0.01993 F600
G1 X103.0511 Y99.1703 Z0.9800 E0.02194 F600
G1 X103.1340 Y99.3124 Z1.1800 E0.02326 F600
G1 X103.1442 Y99.4421 Z1.3800 E0.02143 F600
G1 X103.1048 Y99.5274 Z1.5264 E0.01562 F600
G1 X103.0467 Y99.5502 Z1.5800 E0.00739 F600
G1 X103.0007 Y99.5081 Z1.5264 E0.00739 F600
G1 X102.9944 Y99.4144 Z1.3800 E0.01562 F600
G1 X103.0504 Y99.2969 Z1.1800 E0.02143 F600
G1 X103.1788 Y99.1940 Z0.9800 E0.02326 F600
G1 X103.3679 Y99.1439 Z0.8336 E0.02194 F600
G1 X103.5816 Y99.1713 Z0.7800 E0.01993 F600
G1 X103.7705 Y99.2747 Z0.8336 E0.01993 F600
G1 X103.8941 Y99.4264 Z0.9800 E0.02194 F600
G1 X103.9374 Y99.5852 Z1.1800 E0.02326 F600
G1 X103.9137 Y99.7131 Z1.3800 E0.02143 F600
G1 X103.8535 Y99.7852 Z1.5264 E0.01562 F600
G1 X103.7915 Y99.7922 Z1.5800 E0.00739 F600
G1 X103.7580 Y99.7396 Z1.5264 E0.00739 F600
G1 X103.7762 Y99.6475 Z1.3800 E0.01562 F600
G1 X103.8606 Y99.5485 Z1.1800 E0.02143 F600
G1 X104.0113 Y99.4823 Z0.9800 E0.02326 F600
G1 X104.2070 Y99.4829 Z0.8336 E0.02194 F600
G1 X104.4062 Y99.5647 Z0.7800 E0.01993 F600
G1 X104.5620 Y99.7134 Z0.8336 E0.01993 F600
G1 X104.6421 Y99.8919 Z0.9800 E0.02194 F600
G1 X104.6429 Y100.0565 Z1.1800 E0.02326 F600
G1 X104.5869 Y100.1739 Z1.3800 E0.02143 F600
G1 X104.5101 Y100.2280 Z1.5264 E0.01562 F600
G1 X104.4483 Y100.2188 Z1.5800 E0.00739 F600
G1 X104.4295 Y100.1593 Z1.5264 E0.00739 F600
G1 X104.4710 Y100.0750 Z1.3800 E0.01562 F600
G1 X104.5782 Y100.0013 Z1.1800 E0.02143 F600
G1 X104.7409 Y99.9763 Z0.9800 E0.02326 F600
G1 X104.9297 Y100.0275 Z0.8336 E0.02194 F600
G1 X105.1010 Y100.1580 Z0.7800 E0.01993 F600
G1 X105.2129 Y100.3420 Z0.8336 E0.01993 F600
G1 X105.2441 Y100.5352 Z0.9800 E0.02194 F600
G1 X105.2023 Y100.6944 Z1.1800 E0.02326 F600
G1 X105.1178 Y100.7933 Z1.3800 E0.02143 F600
G1 X105.0296 Y100.8257 Z1.5264 E0.01562 F600
G1 X104.9724 Y100.8008 Z1.5800 E0.00739 F600
G1 X104.9696 Y100.7384 Z1.5264 E0.00739 F600
G1 X105.0315 Y100.6677 Z1.3800 E0.01562 F600
G1 X105.1541 Y100.6243 Z1.1800 E0.02143 F600
G1 X105.3177 Y100.6423 Z0.9800 E0.02326 F600
G1 X105.4868 Y100.7406 Z0.8336 E0.02194 F600
G1 X105.6185 Y100.9110 Z0.7800 E0.01993 F600
G1 X105.6790 Y101.1177 Z0.8336 E0.01993 F600
G1 X105.6591 Y101.3124 Z0.9800 E0.02194 F600
G1 X105.5775 Y101.4553 Z1.1800 E0.02326 F600
G1 X105.4703 Y101.5290 Z1.3800 E0.02143 F600
G1 X105.3767 Y101.5375 Z1.5264 E0.01562 F600
G1 X105.3279 Y101.4986 Z1.5800 E0.00739 F600
G1 X105.3414 Y101.4376 Z1.5264 E0.00739 F600
G1 X105.4194 Y101.3853 Z1.3800 E0.01562 F600
G1 X105.5491 Y101.3751 Z1.1800 E0.02143 F600
G1 X105.7025 Y101.4348 Z0.9800 E0.02326 F600
G1 X105.8404 Y101.5736 Z0.8336 E0.02194 F600
G1 X105.9235 Y101.7723 Z0.7800 E0.01993 F600
G1 X105.9284 Y101.9876 Z0.8336 E0.01993 F600
G1 X105.8589 Y102.1705 Z0.9800 E0.02194 F600
G1 X105.7430 Y102.2874 Z1.1800 E0.02326 F600
G1 X105.6204 Y102.3308 Z1.3800 E0.02143 F600
G1 X105.5278 Y102.3148 Z1.5264 E0.01562 F600
G1 X105.4908 Y102.2646 Z1.5800 E0.00739 F600
G1 X105.5195 Y102.2093 Z1.5264 E0.00739 F600
G1 X105.6085 Y102.1789 Z1.3800 E0.01562 F600
G1 X105.7364 Y102.2026 Z1.1800 E0.02143 F600
G1 X105.8691 Y102.3000 Z0.9800 E0.02326 F600
G1 X105.9664 Y102.4697 Z0.8336 E0.02194 F600
G1 X105.9952 Y102.6832 Z0.7800 E0.01993 F600
G1 X105.9442 Y102.8924 Z0.8336 E0.01993 F600
G1 X105.8297 Y103.0511 Z0.9800 E0.02194 F600
G1 X105.6876 Y103.1340 Z1.1800 E0.02326 F600
G1 X105.5579 Y103.1442 Z1.3800 E0.02143 F600
G1 X105.4726 Y103.1048 Z1.5264 E0.01562 F600
G1 X105.4498 Y103.0467 Z1.5800 E0.00739 F600
G1 X105.4919 Y103.0007 Z1.5264 E0.00739 F600
G1 X105.5856 Y102.9944 Z1.3800 E0.01562 F600
G1 X105.7031 Y103.0504 Z1.1800 E0.02143 F600
G1 X105.8060 Y103.1788 Z0.9800 E0.02326 F600
G1 X105.8561 Y103.3679 Z0.8336 E0.02194 F600
G1 X105.8287 Y103.5816 Z0.7800 E0.01993 F600
G1 X105.7253 Y103.7705 Z0.8336 E0.01993 F600
G1 X105.5736 Y103.8941 Z0.9800 E0.02194 F600
G1 X105.4148 Y103.9374 Z1.1800 E0.02326 F600
G1 X105.2869 Y103.9137 Z1.3800 E0.02143 F600
G1 X105.2148 Y103.8535 Z1.5264 E0.01562 F600
G1 X105.2078 Y103.7915 Z1.5800 E0.00739 F600
G1 X105.2604 Y103.7580 Z1.5264 E0.00739 F600
G1 X105.3525 Y103.7762 Z1.3800 E0.01562 F600
G1 X105.4515 Y103.8606 Z1.1800 E0.02143 F600
G1 X105.5177 Y104.0113 Z0.9800 E0.02326 F600
G1 X105.5171 Y104.2070 Z0.8336 E0.02194 F600
G1 X105.4353 Y104.4062 Z0.7800 E0.01993 F600
G1 X105.2866 Y104.5620 Z0.8336 E0.01993 F600
G1 X105.1081 Y104.6421 Z0.9800 E0.02194 F600
G1 X104.9435 Y104.6429 Z1.1800 E0.02326 F600
G1 X104.8261 Y104.5869 Z1.3800 E0.02143 F600
G1 X104.7720 Y104.5101 Z1.5264 E0.01562 F600
G1 X104.7812 Y104.4483 Z1.5800 E0.00739 F600
G1 X104.8407 Y104.4295 Z1.5264 E0.00739 F600
G1 X104.9250 Y104.4710 Z1.3800 E0.01562 F600
G1 X104.9987 Y104.5782 Z1.1800 E0.02143 F600
G1 X105.0237 Y104.7409 Z0.9800 E0.02326 F600
G1 X104.9725 Y104.9297 Z0.8336 E0.02194 F600
G1 X104.8420 Y105.1010 Z0.7800 E0.01993 F600
G1 X104.6580 Y105.2129 Z0.8336 E0.01993 F600
G1 X104.4648 Y105.2441 Z0.9800 E0.02194 F600
G1 X104.3056 Y105.2023 Z1.1800 E0.02326 F600
G1 X104.2067 Y105.1178 Z1.3800 E0.02143 F600
G1 X104.1743 Y105.0296 Z1.5264 E0.01562 F600
G1 X104.1992 Y104.9724 Z1.5800 E0.00739 F600
G1 X104.2616 Y104.9696 Z1.5264 E0.00739 F600
G1 X104.3323 Y105.0315 Z1.3800 E0.01562 F600
G1 X104.3757 Y105.1541 Z1.1800 E0.02143 F600
G1 X104.3577 Y105.3177 Z0.9800 E0.02326 F600
G1 X104.2594 Y105.4868 Z0.8336 E0.02194 F600
G1 X104.0890 Y105.6185 Z0.7800 E0.01993 F600
G1 X103.8823 Y105.6790 Z0.8336 E0.01993 F600
G1 X103.6876 Y105.6591 Z0.9800 E0.02194 F600
G1 X103.5447 Y105.5775 Z1.1800 E0.02326 F600
G1 X103.4710 Y105.4703 Z1.3800 E0.02143 F600
G1 X103.4625 Y105.3767 Z1.5264 E0.01562 F600
G1 X103.5014 Y105.3279 Z1.5800 E0.00739 F600
G1 X103.5624 Y105.3414 Z1.5264 E0.00739 F600
G1 X103.6147 Y105.4194 Z1.3800 E0.01562 F600
G1 X103.6249 Y105.5491 Z1.1800 E0.02143 F600
G1 X103.5652 Y105.7025 Z0.9800 E0.02326 F600
G1 X103.4264 Y105.8404 Z0.8336 E0.02194 F600
G1 X103.2277 Y105.9235 Z0.7800 E0.01993 F600
G1 X103.0124 Y105.9284 Z0.8336 E0.01993 F600
G1 X102.8295 Y105.8589 Z0.9800 E0.02194 F600
G1 X102.7126 Y105.7430 Z1.1800 E0.02326 F600
G1 X102.6692 Y105.6204 Z1.3800 E0.02143 F600
G1 X102.6852 Y105.5278 Z1.5264 E0.01562 F600
G1 X102.7354 Y105.4908 Z1.5800 E0.00739 F600
G1 X102.7907 Y105.5195 Z1.5264 E0.00739 F600
G1 X102.8211 Y105.6085 Z1.3800 E0.01562 F600
G1 X102.7974 Y105.7364 Z1.1800 E0.02143 F600
G1 X102.7000 Y105.8691 Z0.9800 E0.02326 F600
G1 X102.5303 Y105.9664 Z0.8336 E0.02194 F600
G1 X102.3168 Y105.9952 Z0.7800 E0.01993 F600
G1 X102.1076 Y105.9442 Z0.8336 E0.01993 F600
G1 X101.9489 Y105.8297 Z0.9800 E0.02194 F600
G1 X101.8660 Y105.6876 Z1.1800 E0.02326 F600
G1 X101.8558 Y105.5579 Z1.3800 E0.02143 F600
G1 X101.8952 Y105.4726 Z1.5264 E0.01562 F600
G1 X101.9533 Y105.4498 Z1.5800 E0.00739 F600
G1 X101.9993 Y105.4919 Z1.5264 E0.00739 F600
G1 X102.0056 Y105.5856 Z1.3800 E0.01562 F600
G1 X101.9496 Y105.7031 Z1.1800 E0.02143 F600
G1 X101.8212 Y105.8060 Z0.9800 E0.02326 F600
G1 X101.6321 Y105.8561 Z0.8336 E0.02194 F600
G1 X101.4184 Y105.8287 Z0.7800 E0.01993 F600
G1 X101.2295 Y105.7253 Z0.8336 E0.01993 F600
G1 X101.1059 Y105.5736 Z0.9800 E0.02194 F600
G1 X101.0626 Y105.4148 Z1.1800 E0.02326 F600
G1 X101.0863 Y105.2869 Z1.3800 E0.02143 F600
G1 X101.1465 Y105.2148 Z1.5264 E0.01562 F600
G1 X101.2085 Y105.2078 Z1.5800 E0.00739 F600
G1 X101.2420 Y105.2604 Z1.5264 E0.00739 F600
G1 X101.2238 Y105.3525 Z1.3800 E0.01562 F600
G1 X101.1394 Y105.4515 Z1.1800 E0.02143 F600
G1 X100.9887 Y105.5177 Z0.9800 E0.02326 F600
G1 X100.7930 Y105.5171 Z0.8336 E0.02194 F600
G1 X100.5938 Y105.4353 Z0.7800 E0.01993 F600
G1 X100.4380 Y105.2866 Z0.8336 E0.01993 F600
G1 X100.3579 Y105.1081 Z0.9800 E0.02194 F600
G1 X100.3571 Y104.9435 Z1.1800 E0.02326 F600
G1 X100.4131 Y104.8261 Z1.3800 E0.02143 F600
G1 X100.4899 Y104.7720 Z1.5264 E0.01562 F600
G1 X100.5517 Y104.7812 Z1.5800 E0.00739 F600
G1 X100.5705 Y104.8407 Z1.5264 E0.00739 F600
G1 X100.5290 Y104.9250 Z1.3800 E0.01562 F600
G1 X100.4218 Y104.9987 Z1.1800 E0.02143 F600
G1 X100.2591 Y105.0237 Z0.9800 E0.02326 F600
G1 X100.0703 Y104.9725 Z0.8336 E0.02194 F600
G1 X99.8990 Y104.8420 Z0.7800 E0.01993 F600
G1 X99.7871 Y104.6580 Z0.8336 E0.01993 F600
G1 X99.7559 Y104.4648 Z0.9800 E0.02194 F600
G1 X99.7977 Y104.3056 Z1.1800 E0.02326 F600
G1 X99.8822 Y104.2067 Z1.3800 E0.02143 F600
G1 X99.9704 Y104.1743 Z1.5264 E0.01562 F600
G1 X100.0276 Y104.1992 Z1.5800 E0.00739 F600
G1 X100.0304 Y104.2616 Z1.5264 E0.00739 F600
G1 X99.9685 Y104.3323 Z1.3800 E0.01562 F600
G1 X99.8459 Y104.3757 Z1.1800 E0.02143 F600
G1 X99.6823 Y104.3577 Z0.9800 E0.02326 F600
G1 X99.5132 Y104.2594 Z0.8336 E0.02194 F600
G1 X99.3815 Y104.0890 Z0.7800 E0.01993 F600
G1 X99.3210 Y103.8823 Z0.8336 E0.01993 F600
G1 X99.3409 Y103.6876 Z0.9800 E0.02194 F600
G1 X99.4225 Y103.5447 Z1.1800 E0.02326 F600
G1 X99.5297 Y103.4710 Z1.3800 E0.02143 F600
G1 X99.6233 Y103.4625 Z1.5264 E0.01562 F600
G1 X99.6721 Y103.5014 Z1.5800 E0.00739 F600
G1 X99.6586 Y103.5624 Z1.5264 E0.00739 F600
G1 X99.5806 Y103.6147 Z1.3800 E0.01562 F600
G1 X99.4509 Y103.6249 Z1.1800 E0.02143 F600
G1 X99.2975 Y103.5652 Z0.9800 E0.02326 F600
G1 X99.1596 Y103.4264 Z0.8336 E0.02194 F600
G1 X99.0765 Y103.2277 Z0.7800 E0.01993 F600
G1 X99.0716 Y103.0124 Z0.8336 E0.01993 F600
G1 X99.1411 Y102.8295 Z0.9800 E0.02194 F600
G1 X99.2570 Y102.7126 Z1.1800 E0.02326 F600
G1 X99.3796 Y102.6692 Z1.3800 E0.02143 F600
G1 X99.4722 Y102.6852 Z1.5264 E0.01562 F600
G1 X99.5092 Y102.7354 Z1.5800 E0.00739 F600
G1 X99.4805 Y102.7907 Z1.5264 E0.00739 F600
G1 X99.3915 Y102.8211 Z1.3800 E0.01562 F600
G1 X99.2636 Y102.7974 Z1.1800 E0.02143 F600
G1 X99.1309 Y102.7000 Z0.9800 E0.02326 F600
G1 X99.0336 Y102.5303 Z0.8336 E0.02194 F600
G1 X99.0048 Y102.3168 Z0.7800 E0.01993 F600
G1 X99.0558 Y102.1076 Z0.8336 E0.01993 F600
G1 X99.1703 Y101.9489 Z0.9800 E0.02194 F600
G1 X99.3124 Y101.8660 Z1.1800 E0.02326 F600
G1 X99.4421 Y101.8558 Z1.3800 E0.02143 F600
G1 X99.5274 Y101.8952 Z1.5264 E0.01562 F600
G1 X99.5502 Y101.9533 Z1.5800 E0.00739 F600
G1 X99.5081 Y101.9993 Z1.5264 E0.00739 F600
G1 X99.4144 Y102.0056 Z1.3800 E0.01562 F600
G1 X99.2969 Y101.9496 Z1.1800 E0.02143 F600
G1 X99.1940 Y101.8212 Z0.9800 E0.02326 F600
G1 X99.1439 Y101.6321 Z0.8336 E0.02194 F600
G1 X99.1713 Y101.4184 Z0.7800 E0.01993 F600
G1 X99.2747 Y101.2295 Z0.8336 E0.01993 F600
G1 X99.4264 Y101.1059 Z0.9800 E0.02194 F600
G1 X99.5852 Y101.0626 Z1.1800 E0.02326 F600
G1 X99.7131 Y101.0863 Z1.3800 E0.02143 F600
G1 X99.7852 Y101.1465 Z1.5264 E0.01562 F600
G1 X99.7922 Y101.2085 Z1.5800 E0.00739 F600
G1 X99.7396 Y101.2420 Z1.5264 E0.00739 F600
G1 X99.6475 Y101.2238 Z1.3800 E0.01562 F600
G1 X99.5485 Y101.1394 Z1.1800 E0.02143 F600
G1 X99.4823 Y100.9887 Z0.9800 E0.02326 F600
G1 X99.4829 Y100.7930 Z0.8336 E0.02194 F600
G1 X99.5647 Y100.5938 Z0.7800 E0.01993 F600
G1 X99.7134 Y100.4380 Z0.8336 E0.01993 F600
G1 X99.8919 Y100.3579 Z0.9800 E0.02194 F600
G1 X100.0565 Y100.3571 Z1.1800 E0.02326 F600
G1 X100.1739 Y100.4131 Z1.3800 E0.02143 F600
G1 X100.2280 Y100.4899 Z1.5264 E0.01562 F600
G1 X100.2188 Y100.5517 Z1.5800 E0.00739 F600
G1 X100.1593 Y100.5705 Z1.5264 E0.00739 F600
G1 X100.0750 Y100.5290 Z1.3800 E0.01562 F600
G1 X100.0013 Y100.4218 Z1.1800 E0.02143 F600
G1 X99.9763 Y100.2591 Z0.9800 E0.02326 F600
G1 X100.0275 Y100.0703 Z0.8336 E0.02194 F600
G1 X100.1580 Y99.8990 Z0.7800 E0.01993 F600
G1 X100.3420 Y99.7871 Z0.8336 E0.01993 F600
G1 X100.5352 Y99.7559 Z0.9800 E0.02194 F600
G1 X100.6944 Y99.7977 Z1.1800 E0.02326 F600
G1 X100.7933 Y99.8822 Z1.3800 E0.02143 F600
G1 X100.8257 Y99.9704 Z1.5264 E0.01562 F600
G1 X100.8008 Y100.0276 Z1.5800 E0.00739 F600
; row 2/38
G1 X100.4312 Y100.2814 Z2.0264 E0.05682 F600
G1 X100.3530 Y100.2293 Z1.8800 E0.01562 F600
G1 X100.2939 Y100.1135 Z1.6800 E0.02143 F600
G1 X100.2904 Y99.9489 Z1.4800 E0.02326 F600
G1 X100.3658 Y99.7684 Z1.3336 E0.02194 F600
G1 X100.5176 Y99.6156 Z1.2800 E0.01993 F600
G1 X100.7146 Y99.5286 Z1.3336 E0.01993 F600
G1 X100.9102 Y99.5229 Z1.4800 E0.02194 F600
G1 X101.0626 Y99.5852 Z1.6800 E0.02326 F600
G1 X101.1496 Y99.6818 Z1.8800 E0.02143 F600
G1 X101.1702 Y99.7735 Z2.0264 E0.01562 F600
G1 X101.1380 Y99.8270 Z2.0800 E0.00739 F600
G1 X101.0759 Y99.8216 Z2.0264 E0.00739 F600
G1 X101.0138 Y99.7510 Z1.8800 E0.01562 F600
G1 X100.9868 Y99.6238 Z1.6800 E0.02143 F600
G1 X101.0259 Y99.4639 Z1.4800 E0.02326 F600
G1 X101.1455 Y99.3091 Z1.3336 E0.02194 F600
G1 X101.3317 Y99.2008 Z1.2800 E0.01993 F600
G1 X101.5445 Y99.1678 Z1.3336 E0.01993 F600
G1 X101.7349 Y99.2129 Z1.4800 E0.02194 F600
G1 X101.8660 Y99.3124 Z1.6800 E0.02326 F600
G1 X101.9250 Y99.4284 Z1.8800 E0.02143 F600
G1 X101.9212 Y99.5222 Z2.0264 E0.01562 F600
G1 X101.8763 Y99.5656 Z2.0800 E0.00739 F600
G1 X101.8176 Y99.5443 Z2.0264 E0.00739 F600
G1 X101.7759 Y99.4600 Z1.8800 E0.01562 F600
G1 X101.7827 Y99.3301 Z1.6800 E0.02143 F600
G1 X101.8620 Y99.1859 Z1.4800 E0.02326 F600
G1 X102.0176 Y99.0672 Z1.3336 E0.02194 F600
G1 X102.2254 Y99.0108 Z1.2800 E0.01993 F600
G1 X102.4395 Y99.0340 Z1.3336 E0.01993 F600
G1 X102.6117 Y99.1268 Z1.4800 E0.02194 F600
G1 X102.7126 Y99.2570 Z1.6800 E0.02326 F600
G1 X102.7396 Y99.3842 Z1.8800 E0.02143 F600
G1 X102.7116 Y99.4739 Z2.0264 E0.01562 F600
G1 X102.6570 Y99.5041 Z2.0800 E0.00739 F600
G1 X102.6059 Y99.4684 Z2.0264 E0.00739 F600
G1 X102.5874 Y99.3762 Z1.8800 E0.01562 F600
G1 X102.6276 Y99.2525 Z1.6800 E0.02143 F600
G1 X102.7415 Y99.1336 Z1.4800 E0.02326 F600
G1 X102.9225 Y99.0593 Z1.3336 E0.02194 F600
G1 X103.1378 Y99.0586 Z1.2800 E0.01993 F600
G1 X103.3386 Y99.1365 Z1.3336 E0.01993 F600
G1 X103.4810 Y99.2707 Z1.4800 E0.02194 F600
G1 X103.5447 Y99.4225 Z1.6800 E0.02326 F600
G1 X103.5379 Y99.5524 Z1.8800 E0.02143 F600
G1 X103.4876 Y99.6318 Z2.0264 E0.01562 F600
G1 X103.4271 Y99.6468 Z2.0800 E0.00739 F600
G1 X103.3869 Y99.5991 Z2.0264 E0.00739 F600
G1 X103.3929 Y99.5053 Z1.8800 E0.01562 F600
G1 X103.4638 Y99.3962 Z1.6800 E0.02143 F600
G1 X103.6045 Y99.3109 Z1.4800 E0.02326 F600
G1 X103.7986 Y99.2859 Z1.3336 E0.02194 F600
G1 X104.0068 Y99.3410 Z1.2800 E0.01993 F600
G1 X104.1806 Y99.4681 Z1.3336 E0.01993 F600
G1 X104.2833 Y99.6346 Z1.4800 E0.02194 F600
G1 X104.3056 Y99.7977 Z1.6800 E0.02326 F600
G1 X104.2654 Y99.9214 Z1.8800 E0.02143 F600
G1 X104.1963 Y99.9851 Z2.0264 E0.01562 F600
G1 X104.1339 Y99.9840 Z2.0800 E0.00739 F600
G1 X104.1075 Y99.9275 Z2.0264 E0.00739 F600
G1 X104.1376 Y99.8384 Z1.8800 E0.01562 F600
G1 X104.2342 Y99.7514 Z1.6800 E0.02143 F600
G1 X104.3923 Y99.7054 Z1.4800 E0.02326 F600
G1 X104.5862 Y99.7315 Z1.3336 E0.02194 F600
G1 X104.7731 Y99.8386 Z1.2800 E0.01993 F600
G1 X104.9080 Y100.0064 Z1.3336 E0.01993 F600
G1 X104.9642 Y100.1938 Z1.4800 E0.02194 F600
G1 X104.9435 Y100.3571 Z1.6800 E0.02326 F600
G1 X104.8726 Y100.4662 Z1.8800 E0.02143 F600
G1 X104.7894 Y100.5098 Z2.0264 E0.01562 F600
G1 X104.7294 Y100.4926 Z2.0800 E0.00739 F600
G1 X104.7186 Y100.4312 Z2.0264 E0.00739 F600
G1 X104.7707 Y100.3530 Z1.8800 E0.01562 F600
G1 X104.8865 Y100.2939 Z1.6800 E0.02143 F600
G1 X105.0511 Y100.2904 Z1.4800 E0.02326 F600
G1 X105.2316 Y100.3658 Z1.3336 E0.02194 F600
G1 X105.3844 Y100.5176 Z1.2800 E0.01993 F600
G1 X105.4714 Y100.7146 Z1.3336 E0.01993 F600
G1 X105.4771 Y100.9102 Z1.4800 E0.02194 F600
G1 X105.4148 Y101.0626 Z1.6800 E0.02326 F600
G1 X105.3182 Y101.1496 Z1.8800 E0.02143 F600
G1 X105.2265 Y101.1702 Z2.0264 E0.01562 F600
G1 X105.1730 Y101.1380 Z2.0800 E0.00739 F600
G1 X105.1784 Y101.0759 Z2.0264 E0.00739 F600
G1 X105.2490 Y101.0138 Z1.8800 E0.01562 F600
G1 X105.3762 Y100.9868 Z1.6800 E0.02143 F600
G1 X105.5361 Y101.0259 Z1.4800 E0.02326 F600
G1 X105.6909 Y101.1455 Z1.3336 E0.02194 F600
G1 X105.7992 Y101.3317 Z1.2800 E0.01993 F600
G1 X105.8322 Y101.5445 Z1.3336 E0.01993 F600
G1 X105.7871 Y101.7349 Z1.4800 E0.02194 F600
G1 X105.6876 Y101.8660 Z1.6800 E0.02326 F600
G1 X105.5716 Y101.9250 Z1.8800 E0.02143 F600
G1 X105.4778 Y101.9212 Z2.0264 E0.01562 F600
G1 X105.4344 Y101.8763 Z2.0800 E0.00739 F600
G1 X105.4557 Y101.8176 Z2.0264 E0.00739 F600
G1 X105.5400 Y101.7759 Z1.8800 E0.01562 F600
G1 X105.6699 Y101.7827 Z1.6800 E0.02143 F600
G1 X105.8141 Y101.8620 Z1.4800 E0.02326 F600
G1 X105.9328 Y102.0176 Z1.3336 E0.02194 F600
G1 X105.9892 Y102.2254 Z1.2800 E0.01993 F600
G1 X105.9660 Y102.4395 Z1.3336 E0.01993 F600
G1 X105.8732 Y102.6117 Z1.4800 E0.02194 F600
G1 X105.7430 Y102.7126 Z1.6800 E0.02326 F600
G1 X105.6158 Y102.7396 Z1.8800 E0.02143 F600
G1 X105.5261 Y102.7116 Z2.0264 E0.01562 F600
G1 X105.4959 Y102.6570 Z2.0800 E0.00739 F600
G1 X105.5316 Y102.6059 Z2.0264 E0.00739 F600
G1 X105.6238 Y102.5874 Z1.8800 E0.01562 F600
G1 X105.7475 Y102.6276 Z1.6800 E0.02143 F600
G1 X105.8664 Y102.7415 Z1.4800 E0.02326 F600
G1 X105.9407 Y102.9225 Z1.3336 E0.02194 F600
G1 X105.9414 Y103.1378 Z1.2800 E0.01993 F600
G1 X105.8635 Y103.3386 Z1.3336 E0.01993 F600
G1 X105.7293 Y103.4810 Z1.4800 E0.02194 F600
G1 X105.5775 Y103.5447 Z1.6800 E0.02326 F600
G1 X105.4476 Y103.5379 Z1.8800 E0.02143 F600
G1 X105.3682 Y103.4876 Z2.0264 E0.01562 F600
G1 X105.3532 Y103.4271 Z2.0800 E0.00739 F600
G1 X105.4009 Y103.3869 Z2.0264 E0.00739 F600
G1 X105.4947 Y103.3929 Z1.8800 E0.01562 F600
G1 X105.6038 Y103.4638 Z1.6800 E0.02143 F600
G1 X105.6891 Y103.6045 Z1.4800 E0.02326 F600
G1 X105.7141 Y103.7986 Z1.3336 E0.02194 F600
G1 X105.6590 Y104.0068 Z1.2800 E0.01993 F600
G1 X105.5319 Y104.1806 Z1.3336 E0.01993 F600
G1 X105.3654 Y104.2833 Z1.4800 E0.02194 F600
G1 X105.2023 Y104.3056 Z1.6800 E0.02326 F600
G1 X105.0786 Y104.2654 Z1.8800 E0.02143 F600
G1 X105.0149 Y104.1963 Z2.0264 E0.01562 F600
G1 X105.0160 Y104.1339 Z2.0800 E0.00739 F600
G1 X105.0725 Y104.1075 Z2.0264 E0.00739 F600
G1 X105.1616 Y104.1376 Z1.8800 E0.01562 F600
G1 X105.2486 Y104.2342 Z1.6800 E0.02143 F600
G1 X105.2946 Y104.3923 Z1.4800 E0.02326 F600
G1 X105.2685 Y104.5862 Z1.3336 E0.02194 F600
G1 X105.1614 Y104.7731 Z1.2800 E0.01993 F600
G1 X104.9936 Y104.9080 Z1.3336 E0.01993 F600
G1 X104.8062 Y104.9642 Z1.4800 E0.02194 F600
G1 X104.6429 Y104.9435 Z1.6800 E0.02326 F600
G1 X104.5338 Y104.8726 Z1.8800 E0.02143 F600
G1 X104.4902 Y104.7894 Z2.0264 E0.01562 F600
G1 X104.5074 Y104.7294 Z2.0800 E0.00739 F600
G1 X104.5688 Y104.7186 Z2.0264 E0.00739 F600
G1 X104.6470 Y104.7707 Z1.8800 E0.01562 F600
G1 X104.7061 Y104.8865 Z1.6800 E0.02143 F600
G1 X104.7096 Y105.0511 Z1.4800 E0.02326 F600
G1 X104.6342 Y105.2316 Z1.3336 E0.02194 F600
G1 X104.4824 Y105.3844 Z1.2800 E0.01993 F600
G1 X104.2854 Y105.4714 Z1.3336 E0.01993 F600
G1 X104.0898 Y105.4771 Z1.4800 E0.02194 F600
G1 X103.9374 Y105.4148 Z1.6800 E0.02326 F600
G1 X103.8504 Y105.3182 Z1.8800 E0.02143 F600
G1 X103.8298 Y105.2265 Z2.0264 E0.01562 F600
G1 X103.8620 Y105.1730 Z2.0800 E0.00739 F600
G1 X103.9241 Y105.1784 Z2.0264 E0.00739 F600
G1 X103.9862 Y105.2490 Z1.8800 E0.01562 F600
G1 X104.0132 Y105.3762 Z1.6800 E0.02143 F600
G1 X103.9741 Y105.5361 Z1.4800 E0.02326 F600
G1 X103.8545 Y105.6909 Z1.3336 E0.02194 F600
G1 X103.6683 Y105.7992 Z1.2800 E0.01993 F600
G1 X103.4555 Y105.8322 Z1.3336 E0.01993 F600
G1 X103.2651 Y105.7871 Z1.4800 E0.02194 F600
G1 X103.1340 Y105.6876 Z1.6800 E0.02326 F600
G1 X103.0750 Y105.5716 Z1.8800 E0.02143 F600
G1 X103.0788 Y105.4778 Z2.0264 E0.01562 F600
G1 X103.1237 Y105.4344 Z2.0800 E0.00739 F600
G1 X103.1824 Y105.4557 Z2.0264 E0.00739 F600
G1 X103.2241 Y105.5400 Z1.8800 E0.01562 F600
G1 X103.2173 Y105.6699 Z1.6800 E0.02143 F600
G1 X103.1380 Y105.8141 Z1.4800 E0.02326 F600
G1 X102.9824 Y105.9328 Z1.3336 E0.02194 F600
G1 X102.7746 Y105.9892 Z1.2800 E0.01993 F600
G1 X102.5605 Y105.9660 Z1.3336 E0.01993 F600
G1 X102.3883 Y105.8732 Z1.4800 E0.02194 F600
G1 X102.2874 Y105.7430 Z1.6800 E0.02326 F600
G1 X102.2604 Y105.6158 Z1.8800 E0.02143 F600
G1 X102.2884 Y105.5261 Z2.0264 E0.01562 F600
G1 X102.3430 Y105.4959 Z2.0800 E0.00739 F600
G1 X102.3941 Y105.5316 Z2.0264 E0.00739 F600
G1 X102.4126 Y105.6238 Z1.8800 E0.01562 F600
G1 X102.3724 Y105.7475 Z1.6800 E0.02143 F600
G1 X102.2585 Y105.8664 Z1.4800 E0.02326 F600
G1 X102.0775 Y105.9407 Z1.3336 E0.02194 F600
G1 X101.8622 Y105.9414 Z1.2800 E0.01993 F600
G1 X101.6614 Y105.8635 Z1.3336 E0.01993 F600
G1 X101.5190 Y105.7293 Z1.4800 E0.02194 F600
G1 X101.4553 Y105.5775 Z1.6800 E0.02326 F600
G1 X101.4621 Y105.4476 Z1.8800 E0.02143 F600
G1 X101.5124 Y105.3682 Z2.0264 E0.01562 F600
G1 X101.5729 Y105.3532 Z2.0800 E0.00739 F600
G1 X101.6131 Y105.4009 Z2.0264 E0.00739 F600
G1 X101.6071 Y105.4947 Z1.8800 E0.01562 F600
G1 X101.5362 Y105.6038 Z1.6800 E0.02143 F600
G1 X101.3955 Y105.6891 Z1.4800 E0.02326 F600
G1 X101.2014 Y105.7141 Z1.3336 E0.02194 F600
G1 X100.9932 Y105.6590 Z1.2800 E0.01993 F600
G1 X100.8194 Y105.5319 Z1.3336 E0.01993 F600
G1 X100.7167 Y105.3654 Z1.4800 E0.02194 F600
G1 X100.6944 Y105.2023 Z1.6800 E0.02326 F600
G1 X100.7346 Y105.0786 Z1.8800 E0.02143 F600
G1 X100.8037 Y105.0149 Z2.0264 E0.01562 F600
G1 X100.8661 Y105.0160 Z2.0800 E0.00739 F600
G1 X100.8925 Y105.0725 Z2.0264 E0.00739 F600
G1 X100.8624 Y105.1616 Z1.8800 E0.01562 F600
G1 X100.7658 Y105.2486 Z1.6800 E0.02143 F600
G1 X100.6077 Y105.2946 Z1.4800 E0.02326 F600
G1 X100.4138 Y105.2685 Z1.3336 E0.02194 F600
G1 X100.2269 Y105.1614 Z1.2800 E0.01993 F600
G1 X100.0920 Y104.9936 Z1.3336 E0.01993 F600
G1 X100.0358 Y104.8062 Z1.4800 E0.02194 F600
G1 X100.0565 Y104.6429 Z1.6800 E0.02326 F600
G1 X100.1274 Y104.5338 Z1.8800 E0.02143 F600
G1 X100.2106 Y104.4902 Z2.0264 E0.01562 F600
G1 X100.2706 Y104.5074 Z2.0800 E0.00739 F600
G1 X100.2814 Y104.5688 Z2.0264 E0.00739 F600
G1 X100.2293 Y104.6470 Z1.8800 E0.01562 F600
G1 X100.1135 Y104.7061 Z1.6800 E0.02143 F600
G1 X99.9489 Y104.7096 Z1.4800 E0.02326 F600
G1 X99.7684 Y104.6342 Z1.3336 E0.02194 F600
G1 X99.6156 Y104.4824 Z1.2800 E0.01993 F600
G1 X99.5286 Y104.2854 Z1.3336 E0.01993 F600
G1 X99.5229 Y104.0898 Z1.4800 E0.02194 F600
G1 X99.5852 Y103.9374 Z1.6800 E0.02326 F600
G1 X99.6818 Y103.8504 Z1.8800 E0.02143 F600
G1 X99.7735 Y103.8298 Z2.0264 E0.01562 F600
G1 X99.8270 Y103.8620 Z2.0800 E0.00739 F600
G1 X99.8216 Y103.9241 Z2.0264 E0.00739 F600
G1 X99.7510 Y103.9862 Z1.8800 E0.01562 F600
G1 X99.6238 Y104.0132 Z1.6800 E0.02143 F600
G1 X99.4639 Y103.9741 Z1.4800 E0.02326 F600
G1 X99.3091 Y103.8545 Z1.3336 E0.02194 F600
G1 X99.2008 Y103.6683 Z1.2800 E0.01993 F600
G1 X99.1678 Y103.4555 Z1.3336 E0.01993 F600
G1 X99.2129 Y103.2651 Z1.4800 E0.02194 F600
G1 X99.3124 Y103.1340 Z1.6800 E0.02326 F600
G1 X99.4284 Y103.0750 Z1.8800 E0.02143 F600
G1 X99.5222 Y103.0788 Z2.0264 E0.01562 F600
G1 X99.5656 Y103.1237 Z2.0800 E0.00739 F600
G1 X99.5443 Y103.1824 Z2.0264 E0.00739 F600
G1 X99.4600 Y103.2241 Z1.8800 E0.01562 F600
G1 X99.3301 Y103.2173 Z1.6800 E0.02143 F600
G1 X99.1859 Y103.1380 Z1.4800 E0.02326 F600
G1 X99.0672 Y102.9824 Z1.3336 E0.02194 F600
G1 X99.0108 Y102.7746 Z1.2800 E0.01993 F600
G1 X99.0340 Y102.5605 Z1.3336 E0.01993 F600
G1 X99.1268 Y102.3883 Z1.4800 E0.02194 F600
G1 X99.2570 Y102.2874 Z1.6800 E0.02326 F600
G1 X99.3842 Y102.2604 Z1.8800 E0.02143 F600
G1 X99.4739 Y102.2884 Z2.0264 E0.01562 F600
G1 X99.5041 Y102.3430 Z2.0800 E0.00739 F600
G1 X99.4684 Y102.3941 Z2.0264 E0.00739 F600
G1 X99.3762 Y102.4126 Z1.8800 E0.01562 F600
G1 X99.2525 Y102.3724 Z1.6800 E0.02143 F600
G1 X99.1336 Y102.2585 Z1.4800 E0.02326 F600
G1 X99.0593 Y102.0775 Z1.3336 E0.02194 F600
G1 X99.0586 Y101.8622 Z1.2800 E0.01993 F600
G1 X99.1365 Y101.6614 Z1.3336 E0.01993 F600
G1 X99.2707 Y101.5190 Z1.4800 E0.02194 F600
G1 X99.4225 Y101.4553 Z1.6800 E0.02326 F600
G1 X99.5524 Y101.4621 Z1.8800 E0.02143 F600
G1 X99.6318 Y101.5124 Z2.0264 E0.01562 F600
G1 X99.6468 Y101.5729 Z2.0800 E0.00739 F600
G1 X99.5991 Y101.6131 Z2.0264 E0.00739 F600
G1 X99.5053 Y101.6071 Z1.8800 E0.01562 F600
G1 X99.3962 Y101.5362 Z1.6800 E0.02143 F600
G1 X99.3109 Y101.3955 Z1.4800 E0.02326 F600
G1 X99.2859 Y101.2014 Z1.3336 E0.02194 F600
G1 X99.3410 Y100.9932 Z1.2800 E0.01993 F600
G1 X99.4681 Y100.8194 Z1.3336 E0.01993 F600
G1 X99.6346 Y100.7167 Z1.4800 E0.02194 F600
G1 X99.7977 Y100.6944 Z1.6800 E0.02326 F600
G1 X99.9214 Y100.7346 Z1.8800 E0.02143 F600
G1 X99.9851 Y100.8037 Z2.0264 E0.01562 F600
G1 X99.9840 Y100.8661 Z2.0800 E0.00739 F600
G1 X99.9275 Y100.8925 Z2.0264 E0.00739 F600
G1 X99.8384 Y100.8624 Z1.8800 E0.01562 F600
G1 X99.7514 Y100.7658 Z1.6800 E0.02143 F600
G1 X99.7054 Y100.6077 Z1.4800 E0.02326 F600
G1 X99.7315 Y100.4138 Z1.3336 E0.02194 F600
G1 X99.8386 Y100.2269 Z1.2800 E0.01993 F600
G1 X100.0064 Y100.0920 Z1.3336 E0.01993 F600
G1 X100.1938 Y100.0358 Z1.4800 E0.02194 F600
G1 X100.3571 Y100.0565 Z1.6800 E0.02326 F600
G1 X100.4662 Y100.1274 Z1.8800 E0.02143 F600
G1 X100.5098 Y100.2106 Z2.0264 E0.01562 F600
G1 X100.4926 Y100.2706 Z2.0800 E0.00739 F600
; row 3/38
G1 X100.7384 Y100.0304 Z2.5264 E0.05059 F600
G1 X100.6677 Y99.9685 Z2.3800 E0.01562 F600
G1 X100.6243 Y99.8459 Z2.1800 E0.02143 F600
G1 X100.6423 Y99.6823 Z1.9800 E0.02326 F600
G1 X100.7406 Y99.5132 Z1.8336 E0.02194 F600
G1 X100.9110 Y99.3815 Z1.7800 E0.01993 F600
G1 X101.1177 Y99.3210 Z1.8336 E0.01993 F600
G1 X101.3124 Y99.3409 Z1.9800 E0.02194 F600
G1 X101.4553 Y99.4225 Z2.1800 E0.02326 F600
G1 X101.5290 Y99.5297 Z2.3800 E0.02143 F600
G1 X101.5375 Y99.6233 Z2.5264 E0.01562 F600
G1 X101.4986 Y99.6721 Z2.5800 E0.00739 F600
G1 X101.4376 Y99.6586 Z2.5264 E0.00739 F600
G1 X101.3853 Y99.5806 Z2.3800 E0.01562 F600
G1 X101.3751 Y99.4509 Z2.1800 E0.02143 F600
G1 X101.4348 Y99.2975 Z1.9800 E0.02326 F600
G1 X101.5736 Y99.1596 Z1.8336 E0.02194 F600
G1 X101.7723 Y99.0765 Z1.7800 E0.01993 F600
G1 X101.9876 Y99.0716 Z1.8336 E0.01993 F600
G1 X102.1705 Y99.1411 Z1.9800 E0.02194 F600
G1 X102.2874 Y99.2570 Z2.1800 E0.02326 F600
G1 X102.3308 Y99.3796 Z2.3800 E0.02143 F600
G1 X102.3148 Y99.4722 Z2.5264 E0.01562 F600
G1 X102.2646 Y99.5092 Z2.5800 E0.00739 F600
G1 X102.2093 Y99.4805 Z2.5264 E0.00739 F600
G1 X102.1789 Y99.3915 Z2.3800 E0.01562 F600
G1 X102.2026 Y99.2636 Z2.1800 E0.02143 F600
G1 X102.3000 Y99.1309 Z1.9800 E0.02326 F600
G1 X102.4697 Y99.0336 Z1.8336 E0.02194 F600
G1 X102.6832 Y99.0048 Z1.7800 E0.01993 F600
G1 X102.8924 Y99.0558 Z1.8336 E0.01993 F600
G1 X103.0511 Y99.1703 Z1.9800 E0.02194 F600
G1 X103.1340 Y99.3124 Z2.1800 E0.02326 F600
G1 X103.1442 Y99.4421 Z2.3800 E0.02143 F600
G1 X103.1048 Y99.5274 Z2.5264 E0.01562 F600
G1 X103.0467 Y99.5502 Z2.5800 E0.00739 F600
G1 X103.0007 Y99.5081 Z2.5264 E0.00739 F600
G1 X102.9944 Y99.4144 Z2.3800 E0.01562 F600
G1 X103.0504 Y99.2969 Z2.1800 E0.02143 F600
G1 X103.1788 Y99.1940 Z1.9800 E0.02326 F600
G1 X103.3679 Y99.1439 Z1.8336 E0.02194 F600
G1 X103.5816 Y99.1713 Z1.7800 E0.01993 F600
G1 X103.7705 Y99.2747 Z1.8336 E0.01993 F600
G1 X103.8941 Y99.4264 Z1.9800 E0.02194 F600
G1 X103.9374 Y99.5852 Z2.1800 E0.02326 F600
G1 X103.9137 Y99.7131 Z2.3800 E0.02143 F600
G1 X103.8535 Y99.7852 Z2.5264 E0.01562 F600
G1 X103.7915 Y99.7922 Z2.5800 E0.00739 F600
G1 X103.7580 Y99.7396 Z2.5264 E0.00739 F600
G1 X103.7762 Y99.6475 Z2.3800 E0.01562 F600
G1 X103.8606 Y99.5485 Z2.1800 E0.02143 F600
G1 X104.0113 Y99.4823 Z1.9800 E0.02326 F600
G1 X104.2070 Y99.4829 Z1.8336 E0.02194 F600
G1 X104.4062 Y99.5647 Z1.7800 E0.01993 F600
G1 X104.5620 Y99.7134 Z1.8336 E0.01993 F600
G1 X104.6421 Y99.8919 Z1.9800 E0.02194 F600
G1 X104.6429 Y100.0565 Z2.1800 E0.02326 F600
G1 X104.5869 Y100.1739 Z2.3800 E0.02143 F600
G1 X104.5101 Y100.2280 Z2.5264 E0.01562 F600
G1 X104.4483 Y100.2188 Z2.5800 E0.00739 F600
G1 X104.4295 Y100.1593 Z2.5264 E0.00739 F600
G1 X104.4710 Y100.0750 Z2.3800 E0.01562 F600
G1 X104.5782 Y100.0013 Z2.1800 E0.02143 F600
G1 X104.7409 Y99.9763 Z1.9800 E0.02326 F600
G1 X104.9297 Y100.0275 Z1.8336 E0.02194 F600
G1 X105.1010 Y100.1580 Z1.7800 E0.01993 F600
G1 X105.2129 Y100.3420 Z1.8336 E0.01993 F600
G1 X105.2441 Y100.5352 Z1.9800 E0.02194 F600
G1 X105.2023 Y100.6944 Z2.1800 E0.02326 F600
G1 X105.1178 Y100.7933 Z2.3800 E0.02143 F600
G1 X105.0296 Y100.8257 Z2.5264 E0.01562 F600
G1 X104.9724 Y100.8008 Z2.5800 E0.00739 F600
G1 X104.9696 Y100.7384 Z2.5264 E0.00739 F600
G1 X105.0315 Y100.6677 Z2.3800 E0.01562 F600
G1 X105.1541 Y100.6243 Z2.1800 E0.02143 F600
G1 X105.3177 Y100.6423 Z1.9800 E0.02326 F600
G1 X105.4868 Y100.7406 Z1.8336 E0.02194 F600
G1 X105.6185 Y100.9110 Z1.7800 E0.01993 F600
G1 X105.6790 Y101.1177 Z1.8336 E0.01993 F600
G1 X105.6591 Y101.3124 Z1.9800 E0.02194 F600
G1 X105.5775 Y101.4553 Z2.1800 E0.02326 F600
G1 X105.4703 Y101.5290 Z2.3800 E0.02143 F600
G1 X105.3767 Y101.5375 Z2.5264 E0.01562 F600
G1 X105.3279 Y101.4986 Z2.5800 E0.00739 F600
G1 X105.3414 Y101.4376 Z2.5264 E0.00739 F600
G1 X105.4194 Y101.3853 Z2.3800 E0.01562 F600
G1 X105.5491 Y101.3751 Z2.1800 E0.02143 F600
G1 X105.7025 Y101.4348 Z1.9800 E0.02326 F600
G1 X105.8404 Y101.5736 Z1.8336 E0.02194 F600
G1 X105.9235 Y101.7723 Z1.7800 E0.01993 F600
G1 X105.9284 Y101.9876 Z1.8336 E0.01993 F600
G1 X105.8589 Y102.1705 Z1.9800 E0.02194 F600
G1 X105.7430 Y102.2874 Z2.1800 E0.02326 F600
G1 X105.6204 Y102.3308 Z2.3800 E0.02143 F600
G1 X105.5278 Y102.3148 Z2.5264 E0.01562 F600
G1 X105.4908 Y102.2646 Z2.5800 E0.00739 F600
G1 X105.5195 Y102.2093 Z2.5264 E0.00739 F600
G1 X105.6085 Y102.1789 Z2.3800 E0.01562 F600
G1 X105.7364 Y102.2026 Z2.1800 E0.02143 F600
G1 X105.8691 Y102.3000 Z1.9800 E0.02326 F600
G1 X105.9664 Y102.4697 Z1.8336 E0.02194 F600
G1 X105.9952 Y102.6832 Z1.7800 E0.01993 F600
G1 X105.9442 Y102.8924 Z1.8336 E0.01993 F600
G1 X105.8297 Y103.0511 Z1.9800 E0.02194 F600
G1 X105.6876 Y103.1340 Z2.1800 E0.02326 F600
G1 X105.5579 Y103.1442 Z2.3800 E0.02143 F600
G1 X105.4726 Y103.1048 Z2.5264 E0.01562 F600
G1 X105.4498 Y103.0467 Z2.5800 E0.00739 F600
G1 X105.4919 Y103.0007 Z2.5264 E0.00739 F600
G1 X105.5856 Y102.9944 Z2.3800 E0.01562 F600
G1 X105.7031 Y103.0504 Z2.1800 E0.02143 F600
G1 X105.8060 Y103.1788 Z1.9800 E0.02326 F600
G1 X105.8561 Y103.3679 Z1.8336 E0.02194 F600
G1 X105.8287 Y103.5816 Z1.7800 E0.01993 F600
G1 X105.7253 Y103.7705 Z1.8336 E0.01993 F600
G1 X105.5736 Y103.8941 Z1.9800 E0.02194 F600
G1 X105.4148 Y103.9374 Z2.1800 E0.02326 F600
G1 X105.2869 Y103.9137 Z2.3800 E0.02143 F600
G1 X105.2148 Y103.8535 Z2.5264 E0.01562 F600
G1 X105.2078 Y103.7915 Z2.5800 E0.00739 F600
G1 X105.2604 Y103.7580 Z2.5264 E0.00739 F600
G1 X105.3525 Y103.7762 Z2.3800 E0.01562 F600
G1 X105.4515 Y103.8606 Z2.1800 E0.02143 F600
G1 X105.5177 Y104.0113 Z1.9800 E0.02326 F600
G1 X105.5171 Y104.2070 Z1.8336 E0.02194 F600
G1 X105.4353 Y104.4062 Z1.7800 E0.01993 F600
G1 X105.2866 Y104.5620 Z1.8336 E0.01993 F600
G1 X105.1081 Y104.6421 Z1.9800 E0.02194 F600
G1 X104.9435 Y104.6429 Z2.1800 E0.02326 F600
G1 X104.8261 Y104.5869 Z2.3800 E0.02143 F600
G1 X104.7720 Y104.5101 Z2.5264 E0.01562 F600
G1 X104.7812 Y104.4483 Z2.5800 E0.00739 F600
G1 X104.8407 Y104.4295 Z2.5264 E0.00739 F600
G1 X104.9250 Y104.4710 Z2.3800 E0.01562 F600
G1 X104.9987 Y104.5782 Z2.1800 E0.02143 F600
G1 X105.0237 Y104.7409 Z1.9800 E0.02326 F600
G1 X104.9725 Y104.9297 Z1.8336 E0.02194 F600
G1 X104.8420 Y105.1010 Z1.7800 E0.01993 F600
G1 X104.6580 Y105.2129 Z1.8336 E0.01993 F600
G1 X104.4648 Y105.2441 Z1.9800 E0.02194 F600
G1 X104.3056 Y105.2023 Z2.1800 E0.02326 F600
G1 X104.2067 Y105.1178 Z2.3800 E0.02143 F600
G1 X104.1743 Y105.0296 Z2.5264 E0.01562 F600
G1 X104.1992 Y104.9724 Z2.5800 E0.00739 F600
G1 X104.2616 Y104.9696 Z2.5264 E0.00739 F600
G1 X104.3323 Y105.0315 Z2.3800 E0.01562 F600
G1 X104.3757 Y105.1541 Z2.1800 E0.02143 F600
G1 X104.3577 Y105.3177 Z1.9800 E0.02326 F600
G1 X104.2594 Y105.4868 Z1.8336 E0.02194 F600
G1 X104.0890 Y105.6185 Z1.7800 E0.01993 F600
G1 X103.8823 Y105.6790 Z1.8336 E0.01993 F600
G1 X103.6876 Y105.6591 Z1.9800 E0.02194 F600
G1 X103.5447 Y105.5775 Z2.1800 E0.02326 F600
G1 X103.4710 Y105.4703 Z2.3800 E0.02143 F600
G1 X103.4625 Y105.3767 Z2.5264 E0.01562 F600
G1 X103.5014 Y105.3279 Z2.5800 E0.00739 F600
G1 X103.5624 Y105.3414 Z2.5264 E0.00739 F600
G1 X103.6147 Y105.4194 Z2.3800 E0.01562 F600
G1 X103.6249 Y105.5491 Z2.1800 E0.02143 F600
G1 X103.5652 Y105.7025 Z1.9800 E0.02326 F600
G1 X103.4264 Y105.8404 Z1.8336 E0.02194 F600
G1 X103.2277 Y105.9235 Z1.7800 E0.01993 F600
G1 X103.0124 Y105.9284 Z1.8336 E0.01993 F600
G1 X102.8295 Y105.8589 Z1.9800 E0.02194 F600
G1 X102.7126 Y105.7430 Z2.1800 E0.02326 F600
G1 X102.6692 Y105.6204 Z2.3800 E0.02143 F600
G1 X102.6852 Y105.5278 Z2.5264 E0.01562 F600
G1 X102.7354 Y105.4908 Z2.5800 E0.00739 F600
G1 X102.7907 Y105.5195 Z2.5264 E0.00739 F600
G1 X102.8211 Y105.6085 Z2.3800 E0.01562 F600
G1 X102.7974 Y105.7364 Z2.1800 E0.02143 F600
G1 X102.7000 Y105.8691 Z1.9800 E0.02326 F600
G1 X102.5303 Y105.9664 Z1.8336 E0.02194 F600
G1 X102.3168 Y105.9952 Z1.7800 E0.01993 F600
G1 X102.1076 Y105.9442 Z1.8336 E0.01993 F600
G1 X101.9489 Y105.8297 Z1.9800 E0.02194 F600
G1 X101.8660 Y105.6876 Z2.1800 E0.02326 F600
G1 X101.8558 Y105.5579 Z2.3800 E0.02143 F600
G1 X101.8952 Y105.4726 Z2.5264 E0.01562 F600
G1 X101.9533 Y105.4498 Z2.5800 E0.00739 F600
G1 X101.9993 Y105.4919 Z2.5264 E0.00739 F600
G1 X102.0056 Y105.5856 Z2.3800 E0.01562 F600
G1 X101.9496 Y105.7031 Z2.1800 E0.02143 F600
G1 X101.8212 Y105.8060 Z1.9800 E0.02326 F600
G1 X101.6321 Y105.8561 Z1.8336 E0.02194 F600
G1 X101.4184 Y105.8287 Z1.7800 E0.01993 F600
G1 X101.2295 Y105.7253 Z1.8336 E0.01993 F600
G1 X101.1059 Y105.5736 Z1.9800 E0.02194 F600
G1 X101.0626 Y105.4148 Z2.1800 E0.02326 F600
G1 X101.0863 Y105.2869 Z2.3800 E0.02143 F600
G1 X101.1465 Y105.2148 Z2.5264 E0.01562 F600
G1 X101.2085 Y105.2078 Z2.5800 E0.00739 F600
G1 X101.2420 Y105.2604 Z2.5264 E0.00739 F600
G1 X101.2238 Y105.3525 Z2.3800 E0.01562 F600
G1 X101.1394 Y105.4515 Z2.1800 E0.02143 F600
G1 X100.9887 Y105.5177 Z1.9800 E0.02326 F600
G1 X100.7930 Y105.5171 Z1.8336 E0.02194 F600
G1 X100.5938 Y105.4353 Z1.7800 E0.01993 F600
G1 X100.4380 Y105.2866 Z1.8336 E0.01993 F600
G1 X100.3579 Y105.1081 Z1.9800 E0.02194 F600
G1 X100.3571 Y104.9435 Z2.1800 E0.02326 F600
G1 X100.4131 Y104.8261 Z2.3800 E0.02143 F600
G1 X100.4899 Y104.7720 Z2.5264 E0.01562 F600
G1 X100.5517 Y104.7812 Z2.5800 E0.00739 F600
G1 X100.5705 Y104.8407 Z2.5264 E0.00739 F600
G1 X100.5290 Y104.9250 Z2.3800 E0.01562 F600
G1 X100.4218 Y104.9987 Z2.1800 E0.02143 F600
G1 X100.2591 Y105.0237 Z1.9800 E0.02326 F600
G1 X100.0703 Y104.9725 Z1.8336 E0.02194 F600
G1 X99.8990 Y104.8420 Z1.7800 E0.01993 F600
G1 X99.7871 Y104.6580 Z1.8336 E0.01993 F600
G1 X99.7559 Y104.4648 Z1.9800 E0.02194 F600
G1 X99.7977 Y104.3056 Z2.1800 E0.02326 F600
G1 X99.8822 Y104.2067 Z2.3800 E0.02143 F600
G1 X99.9704 Y104.1743 Z2.5264 E0.01562 F600
G1 X100.0276 Y104.1992 Z2.5800 E0.00739 F600
G1 X100.0304 Y104.2616 Z2.5264 E0.00739 F600
G1 X99.9685 Y104.3323 Z2.3800 E0.01562 F600
G1 X99.8459 Y104.3757 Z2.1800 E0.02143 F600
G1 X99.6823 Y104.3577 Z1.9800 E0.02326 F600
G1 X99.5132 Y104.2594 Z1.8336 E0.02194 F600
G1 X99.3815 Y104.0890 Z1.7800 E0.01993 F600
G1 X99.3210 Y103.8823 Z1.8336 E0.01993 F600
G1 X99.3409 Y103.6876 Z1.9800 E0.02194 F600
G1 X99.4225 Y103.5447 Z2.1800 E0.02326 F600
G1 X99.5297 Y103.4710 Z2.3800 E0.02143 F600
G1 X99.6233 Y103.4625 Z2.5264 E0.01562 F600
G1 X99.6721 Y103.5014 Z2.5800 E0.00739 F600
G1 X99.6586 Y103.5624 Z2.5264 E0.00739 F600
G1 X99.5806 Y103.6147 Z2.3800 E0.01562 F600
G1 X99.4509 Y103.6249 Z2.1800 E0.02143 F600
G1 X99.2975 Y103.5652 Z1.9800 E0.02326 F600
G1 X99.1596 Y103.4264 Z1.8336 E0.02194 F600
G1 X99.0765 Y103.2277 Z1.7800 E0.01993 F600
G1 X99.0716 Y103.0124 Z1.8336 E0.01993 F600
G1 X99.1411 Y102.8295 Z1.9800 E0.02194 F600
G1 X99.2570 Y102.7126 Z2.1800 E0.02326 F600
G1 X99.3796 Y102.6692 Z2.3800 E0.02143 F600
G1 X99.4722 Y102.6852 Z2.5264 E0.01562 F600
G1 X99.5092 Y102.7354 Z2.5800 E0.00739 F600
G1 X99.4805 Y102.7907 Z2.5264 E0.00739 F600
G1 X99.3915 Y102.8211 Z2.3800 E0.01562 F600
G1 X99.2636 Y102.7974 Z2.1800 E0.02143 F600
G1 X99.1309 Y102.7000 Z1.9800 E0.02326 F600
G1 X99.0336 Y102.5303 Z1.8336 E0.02194 F600
G1 X99.0048 Y102.3168 Z1.7800 E0.01993 F600
G1 X99.0558 Y102.1076 Z1.8336 E0.01993 F600
G1 X99.1703 Y101.9489 Z1.9800 E0.02194 F600
G1 X99.3124 Y101.8660 Z2.1800 E0.02326 F600
G1 X99.4421 Y101.8558 Z2.3800 E0.02143 F600
G1 X99.5274 Y101.8952 Z2.5264 E0.01562 F600
G1 X99.5502 Y101.9533 Z2.5800 E0.00739 F600
G1 X99.5081 Y101.9993 Z2.5264 E0.00739 F600
G1 X99.4144 Y102.0056 Z2.3800 E0.01562 F600
G1 X99.2969 Y101.9496 Z2.1800 E0.02143 F600
G1 X99.1940 Y101.8212 Z1.9800 E0.02326 F600
G1 X99.1439 Y101.6321 Z1.8336 E0.02194 F600
G1 X99.1713 Y101.4184 Z1.7800 E0.01993 F600
G1 X99.2747 Y101.2295 Z1.8336 E0.01993 F600
G1 X99.4264 Y101.1059 Z1.9800 E0.02194 F600
G1 X99.5852 Y101.0626 Z2.1800 E0.02326 F600
G1 X99.7131 Y101.0863 Z2.3800 E0.02143 F600
G1 X99.7852 Y101.1465 Z2.5264 E0.01562 F600
G1 X99.7922 Y101.2085 Z2.5800 E0.00739 F600
G1 X99.7396 Y101.2420 Z2.5264 E0.00739 F600
G1 X99.6475 Y101.2238 Z2.3800 E0.01562 F600
G1 X99.5485 Y101.1394 Z2.1800 E0.02143 F600
G1 X99.4823 Y100.9887 Z1.9800 E0.02326 F600
G1 X99.4829 Y100.7930 Z1.8336 E0.02194 F600
G1 X99.5647 Y100.5938 Z1.7800 E0.01993 F600
G1 X99.7134 Y100.4380 Z1.8336 E0.01993 F600
G1 X99.8919 Y100.3579 Z1.9800 E0.02194 F600
G1 X100.0565 Y100.3571 Z2.1800 E0.02326 F600
G1 X100.1739 Y100.4131 Z2.3800 E0.02143 F600
G1 X100.2280 Y100.4899 Z2.5264 E0.01562 F600
G1 X100.2188 Y100.5517 Z2.5800 E0.00739 F600
G1 X100.1593 Y100.5705 Z2.5264 E0.00739 F600
G1 X100.0750 Y100.5290 Z2.3800 E0.01562 F600
G1 X100.0013 Y100.4218 Z2.1800 E0.02143 F600
G1 X99.9763 Y100.2591 Z1.9800 E0.02326 F600
G1 X100.0275 Y100.0703 Z1.8336 E0.02194 F600
G1 X100.1580 Y99.8990 Z1.7800 E0.01993 F600
G1 X100.3420 Y99.7871 Z1.8336 E0.01993 F600
G1 X100.5352 Y99.7559 Z1.9800 E0.02194 F600
G1 X100.6944 Y99.7977 Z2.1800 E0.02326 F600
G1 X100.7933 Y99.8822 Z2.3800 E0.02143 F600
G1 X100.8257 Y99.9704 Z2.5264 E0.01562 F600
G1 X100.8008 Y100.0276 Z2.5800 E0.00739 F600
; row 4/38
G1 X100.4312 Y100.2814 Z3.0264 E0.05682 F600
G1 X100.3530 Y100.2293 Z2.8800 E0.01562 F600
G1 X100.2939 Y100.1135 Z2.6800 E0.02143 F600
G1 X100.2904 Y99.9489 Z2.4800 E0.02326 F600
G1 X100.3658 Y99.7684 Z2.3336 E0.02194 F600
G1 X100.5176 Y99.6156 Z2.2800 E0.01993 F600
G1 X100.7146 Y99.5286 Z2.3336 E0.01993 F600
G1 X100.9102 Y99.5229 Z2.4800 E0.02194 F600
G1 X101.0626 Y99.5852 Z2.6800 E0.02326 F600
G1 X101.1496 Y99.6818 Z2.8800 E0.02143 F600
G1 X101.1702 Y99.7735 Z3.0264 E0.01562 F600
G1 X101.1380 Y99.8270 Z3.0800 E0.00739 F600
G1 X101.0759 Y99.8216 Z3.0264 E0.00739 F600
G1 X101.0138 Y99.7510 Z2.8800 E0.01562 F600
G1 X100.9868 Y99.6238 Z2.6800 E0.02143 F600
G1 X101.0259 Y99.4639 Z2.4800 E0.02326 F600
G1 X101.1455 Y99.3091 Z2.3336 E0.02194 F600
G1 X101.3317 Y99.2008 Z2.2800 E0.01993 F600
G1 X101.5445 Y99.1678 Z2.3336 E0.01993 F600
G1 X101.7349 Y99.2129 Z2.4800 E0.02194 F600
G1 X101.8660 Y99.3124 Z2.6800 E0.02326 F600
G1 X101.9250 Y99.4284 Z2.8800 E0.02143 F600
G1 X101.9212 Y99.5222 Z3.0264 E0.01562 F600
G1 X101.8763 Y99.5656 Z3.0800 E0.00739 F600
G1 X101.8176 Y99.5443 Z3.0264 E0.00739 F600
G1 X101.7759 Y99.4600 Z2.8800 E0.01562 F600
G1 X101.7827 Y99.3301 Z2.6800 E0.02143 F600
G1 X101.8620 Y99.1859 Z2.4800 E0.02326 F600
G1 X102.0176 Y99.0672 Z2.3336 E0.02194 F600
G1 X102.2254 Y99.0108 Z2.2800 E0.01993 F600
G1 X102.4395 Y99.0340 Z2.3336 E0.01993 F600
G1 X102.6117 Y99.1268 Z2.4800 E0.02194 F600
G1 X102.7126 Y99.2570 Z2.6800 E0.02326 F600
G1 X102.7396 Y99.3842 Z2.8800 E0.02143 F600
G1 X102.7116 Y99.4739 Z3.0264 E0.01562 F600
G1 X102.6570 Y99.5041 Z3.0800 E0.00739 F600
G1 X102.6059 Y99.4684 Z3.0264 E0.00739 F600
G1 X102.5874 Y99.3762 Z2.8800 E0.01562 F600
G1 X102.6276 Y99.2525 Z2.6800 E0.02143 F600
G1 X102.7415 Y99.1336 Z2.4800 E0.02326 F600
G1 X102.9225 Y99.0593 Z2.3336 E0.02194 F600
G1 X103.1378 Y99.0586 Z2.2800 E0.01993 F600
G1 X103.3386 Y99.1365 Z2.3336 E0.01993 F600
G1 X103.4810 Y99.2707 Z2.4800 E0.02194 F600
G1 X103.5447 Y99.4225 Z2.6800 E0.02326 F600
G1 X103.5379 Y99.5524 Z2.8800 E0.02143 F600
G1 X103.4876 Y99.6318 Z3.0264 E0.01562 F600
G1 X103.4271 Y99.6468 Z3.0800 E0.00739 F600
G1 X103.3869 Y99.5991 Z3.0264 E0.00739 F600
G1 X103.3929 Y99.5053 Z2.8800 E0.01562 F600
G1 X103.4638 Y99.3962 Z2.6800 E0.02143 F600
G1 X103.6045 Y99.3109 Z2.4800 E0.02326 F600
G1 X103.7986 Y99.2859 Z2.3336 E0.02194 F600
G1 X104.0068 Y99.3410 Z2.2800 E0.01993 F600
G1 X104.1806 Y99.4681 Z2.3336 E0.01993 F600
G1 X104.2833 Y99.6346 Z2.4800 E0.02194 F600
G1 X104.3056 Y99.7977 Z2.6800 E0.02326 F600
G1 X104.2654 Y99.9214 Z2.8800 E0.02143 F600
G1 X104.1963 Y99.9851 Z3.0264 E0.01562 F600
G1 X104.1339 Y99.9840 Z3.0800 E0.00739 F600
G1 X104.1075 Y99.9275 Z3.0264 E0.00739 F600
G1 X104.1376 Y99.8384 Z2.8800 E0.01562 F600
G1 X104.2342 Y99.7514 Z2.6800 E0.02143 F600
G1 X104.3923 Y99.7054 Z2.4800 E0.02326 F600
G1 X104.5862 Y99.7315 Z2.3336 E0.02194 F600
G1 X104.7731 Y99.8386 Z2.2800 E0.01993 F600
G1 X104.9080 Y100.0064 Z2.3336 E0.01993 F600
G1 X104.9642 Y100.1938 Z2.4800 E0.02194 F600
G1 X104.9435 Y100.3571 Z2.6800 E0.02326 F600
G1 X104.8726 Y100.4662 Z2.8800 E0.02143 F600
G1 X104.7894 Y100.5098 Z3.0264 E0.01562 F600
G1 X104.7294 Y100.4926 Z3.0800 E0.00739 F600
G1 X104.7186 Y100.4312 Z3.0264 E0.00739 F600
G1 X104.7707 Y100.3530 Z2.8800 E0.01562 F600
G1 X104.8865 Y100.2939 Z2.6800 E0.02143 F600
G1 X105.0511 Y100.2904 Z2.4800 E0.02326 F600
G1 X105.2316 Y100.3658 Z2.3336 E0.02194 F600
G1 X105.3844 Y100.5176 Z2.2800 E0.01993 F600
G1 X105.4714 Y100.7146 Z2.3336 E0.01993 F600
G1 X105.4771 Y100.9102 Z2.4800 E0.02194 F600
G1 X105.4148 Y101.0626 Z2.6800 E0.02326 F600
G1 X105.3182 Y101.1496 Z2.8800 E0.02143 F600
G1 X105.2265 Y101.1702 Z3.0264 E0.01562 F600
G1 X105.1730 Y101.1380 Z3.0800 E0.00739 F600
G1 X105.1784 Y101.0759 Z3.0264 E0.00739 F600
G1 X105.2490 Y101.0138 Z2.8800 E0.01562 F600
G1 X105.3762 Y100.9868 Z2.6800 E0.02143 F600
G1 X105.5361 Y101.0259 Z2.4800 E0.02326 F600
G1 X105.6909 Y101.1455 Z2.3336 E0.02194 F600
G1 X105.7992 Y101.3317 Z2.2800 E0.01993 F600
G1 X105.8322 Y101.5445 Z2.3336 E0.01993 F600
G1 X105.7871 Y101.7349 Z2.4800 E0.02194 F600
G1 X105.6876 Y101.8660 Z2.6800 E0.02326 F600
G1 X105.5716 Y101.9250 Z2.8800 E0.02143 F600
G1 X105.4778 Y101.9212 Z3.0264 E0.01562 F600
G1 X105.4344 Y101.8763 Z3.0800 E0.00739 F600
G1 X105.4557 Y101.8176 Z3.0264 E0.00739 F600
G1 X105.5400 Y101.7759 Z2.8800 E0.01562 F600
G1 X105.6699 Y101.7827 Z2.6800 E0.02143 F600
G1 X105.8141 Y101.8620 Z2.4800 E0.02326 F600
G1 X105.9328 Y102.0176 Z2.3336 E0.02194 F600
G1 X105.9892 Y102.2254 Z2.2800 E0.01993 F600
G1 X105.9660 Y102.4395 Z2.3336 E0.01993 F600
G1 X105.8732 Y102.6117 Z2.4800 E0.02194 F600
G1 X105.7430 Y102.7126 Z2.6800 E0.02326 F600
G1 X105.6158 Y102.7396 Z2.8800 E0.02143 F600
G1 X105.5261 Y102.7116 Z3.0264 E0.01562 F600
G1 X105.4959 Y102.6570 Z3.0800 E0.00739 F600
G1 X105.5316 Y102.6059 Z3.0264 E0.00739 F600
G1 X105.6238 Y102.5874 Z2.8800 E0.01562 F600
G1 X105.7475 Y102.6276 Z2.6800 E0.02143 F600
G1 X105.8664 Y102.7415 Z2.4800 E0.02326 F600
G1 X105.9407 Y102.9225 Z2.3336 E0.02194 F600
G1 X105.9414 Y103.1378 Z2.2800 E0.01993 F600
G1 X105.8635 Y103.3386 Z2.3336 E0.01993 F600
G1 X105.7293 Y103.4810 Z2.4800 E0.02194 F600
G1 X105.5775 Y103.5447 Z2.6800 E0.02326 F600
G1 X105.4476 Y103.5379 Z2.8800 E0.02143 F600
G1 X105.3682 Y103.4876 Z3.0264 E0.01562 F600
G1 X105.3532 Y103.4271 Z3.0800 E0.00739 F600
G1 X105.4009 Y103.3869 Z3.0264 E0.00739 F600
G1 X105.4947 Y103.3929 Z2.8800 E0.01562 F600
G1 X105.6038 Y103.4638 Z2.6800 E0.02143 F600
G1 X105.6891 Y103.6045 Z2.4800 E0.02326 F600
G1 X105.7141 Y103.7986 Z2.3336 E0.02194 F600
G1 X105.6590 Y104.0068 Z2.2800 E0.01993 F600
G1 X105.5319 Y104.1806 Z2.3336 E0.01993 F600
G1 X105.3654 Y104.2833 Z2.4800 E0.02194 F600
G1 X105.2023 Y104.3056 Z2.6800 E0.02326 F600
G1 X105.0786 Y104.2654 Z2.8800 E0.02143 F600
G1 X105.0149 Y104.1963 Z3.0264 E0.01562 F600
G1 X105.0160 Y104.1339 Z3.0800 E0.00739 F600
G1 X105.0725 Y104.1075 Z3.0264 E0.00739 F600
G1 X105.1616 Y104.1376 Z2.8800 E0.01562 F600
G1 X105.2486 Y104.2342 Z2.6800 E0.02143 F600
G1 X105.2946 Y104.3923 Z2.4800 E0.02326 F600
G1 X105.2685 Y104.5862 Z2.3336 E0.02194 F600
G1 X105.1614 Y104.7731 Z2.2800 E0.01993 F600
G1 X104.9936 Y104.9080 Z2.3336 E0.01993 F600
G1 X104.8062 Y104.9642 Z2.4800 E0.02194 F600
G1 X104.6429 Y104.9435 Z2.6800 E0.02326 F600
G1 X104.5338 Y104.8726 Z2.8800 E0.02143 F600
G1 X104.4902 Y104.7894 Z3.0264 E0.01562 F600
G1 X104.5074 Y104.7294 Z3.0800 E0.00739 F600
G1 X104.5688 Y104.7186 Z3.0264 E0.00739 F600
G1 X104.6470 Y104.7707 Z2.8800 E0.01562 F600
G1 X104.7061 Y104.8865 Z2.6800 E0.02143 F600
G1 X104.7096 Y105.0511 Z2.4800 E0.02326 F600
G1 X104.6342 Y105.2316 Z2.3336 E0.02194 F600
G1 X104.4824 Y105.3844 Z2.2800 E0.01993 F600
G1 X104.2854 Y105.4714 Z2.3336 E0.01993 F600
G1 X104.0898 Y105.4771 Z2.4800 E0.02194 F600
G1 X103.9374 Y105.4148 Z2.6800 E0.02326 F600
G1 X103.8504 Y105.3182 Z2.8800 E0.02143 F600
G1 X103.8298 Y105.2265 Z3.0264 E0.01562 F600
G1 X103.8620 Y105.1730 Z3.0800 E0.00739 F600
G1 X103.9241 Y105.1784 Z3.0264 E0.00739 F600
G1 X103.9862 Y105.2490 Z2.8800 E0.01562 F600
G1 X104.0132 Y105.3762 Z2.6800 E0.02143 F600
G1 X103.9741 Y105.5361 Z2.4800 E0.02326 F600
G1 X103.8545 Y105.6909 Z2.3336 E0.02194 F600
G1 X103.6683 Y105.7992 Z2.2800 E0.01993 F600
G1 X103.4555 Y105.8322 Z2.3336 E0.01993 F600
G1 X103.2651 Y105.7871 Z2.4800 E0.02194 F600
G1 X103.1340 Y105.6876 Z2.6800 E0.02326 F600
G1 X103.0750 Y105.5716 Z2.8800 E0.02143 F600
G1 X103.0788 Y105.4778 Z3.0264 E0.01562 F600
G1 X103.1237 Y105.4344 Z3.0800 E0.00739 F600
G1 X103.1824 Y105.4557 Z3.0264 E0.00739 F600
G1 X103.2241 Y105.5400 Z2.8800 E0.01562 F600
G1 X103.2173 Y105.6699 Z2.6800 E0.02143 F600
G1 X103.1380 Y105.8141 Z2.4800 E0.02326 F600
G1 X102.9824 Y105.9328 Z2.3336 E0.02194 F600
G1 X102.7746 Y105.9892 Z2.2800 E0.01993 F600
G1 X102.5605 Y105.9660 Z2.3336 E0.01993 F600
G1 X102.3883 Y105.8732 Z2.4800 E0.02194 F600
G1 X102.2874 Y105.7430 Z2.6800 E0.02326 F600
G1 X102.2604 Y105.6158 Z2.8800 E0.02143 F600
G1 X102.2884 Y105.5261 Z3.0264 E0.01562 F600
G1 X102.3430 Y105.4959 Z3.0800 E0.00739 F600
G1 X102.3941 Y105.5316 Z3.0264 E0.00739 F600
G1 X102.4126 Y105.6238 Z2.8800 E0.01562 F600
G1 X102.3724 Y105.7475 Z2.6800 E0.02143 F600
G1 X102.2585 Y105.8664 Z2.4800 E0.02326 F600
G1 X102.0775 Y105.9407 Z2.3336 E0.02194 F600
G1 X101.8622 Y105.9414 Z2.2800 E0.01993 F600
G1 X101.6614 Y105.8635 Z2.3336 E0.01993 F600
G1 X101.5190 Y105.7293 Z2.4800 E0.02194 F600
G1 X101.4553 Y105.5775 Z2.6800 E0.02326 F600
G1 X101.4621 Y105.4476 Z2.8800 E0.02143 F600
G1 X101.5124 Y105.3682 Z3.0264 E0.01562 F600
G1 X101.5729 Y105.3532 Z3.0800 E0.00739 F600
G1 X101.6131 Y105.4009 Z3.0264 E0.00739 F600
G1 X101.6071 Y105.4947 Z2.8800 E0.01562 F600
G1 X101.5362 Y105.6038 Z2.6800 E0.02143 F600
G1 X101.3955 Y105.6891 Z2.4800 E0.02326 F600
G1 X101.2014 Y105.7141 Z2.3336 E0.02194 F600
G1 X100.9932 Y105.6590 Z2.2800 E0.01993 F600
G1 X100.8194 Y105.5319 Z2.3336 E0.01993 F600
G1 X100.7167 Y105.3654 Z2.4800 E0.02194 F600
G1 X100.6944 Y105.2023 Z2.6800 E0.02326 F600
G1 X100.7346 Y105.0786 Z2.8800 E0.02143 F600
G1 X100.8037 Y105.0149 Z3.0264 E0.01562 F600
G1 X100.8661 Y105.0160 Z3.0800 E0.00739 F600
G1 X100.8925 Y105.0725 Z3.0264 E0.00739 F600
G1 X100.8624 Y105.1616 Z2.8800 E0.01562 F600
G1 X100.7658 Y105.2486 Z2.6800 E0.02143 F600
G1 X100.6077 Y105.2946 Z2.4800 E0.02326 F600
G1 X100.4138 Y105.2685 Z2.3336 E0.02194 F600
G1 X100.2269 Y105.1614 Z2.2800 E0.01993 F600
G1 X100.0920 Y104.9936 Z2.3336 E0.01993 F600
G1 X100.0358 Y104.8062 Z2.4800 E0.02194 F600
G1 X100.0565 Y104.6429 Z2.6800 E0.02326 F600
G1 X100.1274 Y104.5338 Z2.8800 E0.02143 F600
G1 X100.2106 Y104.4902 Z3.0264 E0.01562 F600
G1 X100.2706 Y104.5074 Z3.0800 E0.00739 F600
G1 X100.2814 Y104.5688 Z3.0264 E0.00739 F600
G1 X100.2293 Y104.6470 Z2.8800 E0.01562 F600
G1 X100.1135 Y104.7061 Z2.6800 E0.02143 F600
G1 X99.9489 Y104.7096 Z2.4800 E0.02326 F600
G1 X99.7684 Y104.6342 Z2.3336 E0.02194 F600
G1 X99.6156 Y104.4824 Z2.2800 E0.01993 F600
G1 X99.5286 Y104.2854 Z2.3336 E0.01993 F600
G1 X99.5229 Y104.0898 Z2.4800 E0.02194 F600
G1 X99.5852 Y103.9374 Z2.6800 E0.02326 F600
G1 X99.6818 Y103.8504 Z2.8800 E0.02143 F600
G1 X99.7735 Y103.8298 Z3.0264 E0.01562 F600
G1 X99.8270 Y103.8620 Z3.0800 E0.00739 F600
G1 X99.8216 Y103.9241 Z3.0264 E0.00739 F600
G1 X99.7510 Y103.9862 Z2.8800 E0.01562 F600
G1 X99.6238 Y104.0132 Z2.6800 E0.02143 F600
G1 X99.4639 Y103.9741 Z2.4800 E0.02326 F600
G1 X99.3091 Y103.8545 Z2.3336 E0.02194 F600
G1 X99.2008 Y103.6683 Z2.2800 E0.01993 F600
G1 X99.1678 Y103.4555 Z2.3336 E0.01993 F600
G1 X99.2129 Y103.2651 Z2.4800 E0.02194 F600
G1 X99.3124 Y103.1340 Z2.6800 E0.02326 F600
G1 X99.4284 Y103.0750 Z2.8800 E0.02143 F600
G1 X99.5222 Y103.0788 Z3.0264 E0.01562 F600
G1 X99.5656 Y103.1237 Z3.0800 E0.00739 F600
G1 X99.5443 Y103.1824 Z3.0264 E0.00739 F600
G1 X99.4600 Y103.2241 Z2.8800 E0.01562 F600
G1 X99.3301 Y103.2173 Z2.6800 E0.02143 F600
G1 X99.1859 Y103.1380 Z2.4800 E0.02326 F600
G1 X99.0672 Y102.9824 Z2.3336 E0.02194 F600
G1 X99.0108 Y102.7746 Z2.2800 E0.01993 F600
G1 X99.0340 Y102.5605 Z2.3336 E0.01993 F600
G1 X99.1268 Y102.3883 Z2.4800 E0.02194 F600
G1 X99.2570 Y102.2874 Z2.6800 E0.02326 F600
G1 X99.3842 Y102.2604 Z2.8800 E0.02143 F600
G1 X99.4739 Y102.2884 Z3.0264 E0.01562 F600
G1 X99.5041 Y102.3430 Z3.0800 E0.00739 F600
G1 X99.4684 Y102.3941 Z3.0264 E0.00739 F600
G1 X99.3762 Y102.4126 Z2.8800 E0.01562 F600
G1 X99.2525 Y102.3724 Z2.6800 E0.02143 F600
G1 X99.1336 Y102.2585 Z2.4800 E0.02326 F600
G1 X99.0593 Y102.0775 Z2.3336 E0.02194 F600
G1 X99.0586 Y101.8622 Z2.2800 E0.01993 F600
G1 X99.1365 Y101.6614 Z2.3336 E0.01993 F600
G1 X99.2707 Y101.5190 Z2.4800 E0.02194 F600
G1 X99.4225 Y101.4553 Z2.6800 E0.02326 F600
G1 X99.5524 Y101.4621 Z2.8800 E0.02143 F600
G1 X99.6318 Y101.5124 Z3.0264 E0.01562 F600
G1 X99.6468 Y101.5729 Z3.0800 E0.00739 F600
G1 X99.5991 Y101.6131 Z3.0264 E0.00739 F600
G1 X99.5053 Y101.6071 Z2.8800 E0.01562 F600
G1 X99.3962 Y101.5362 Z2.6800 E0.02143 F600
G1 X99.3109 Y101.3955 Z2.4800 E0.02326 F600
G1 X99.2859 Y101.2014 Z2.3336 E0.02194 F600
G1 X99.3410 Y100.9932 Z2.2800 E0.01993 F600
G1 X99.4681 Y100.8194 Z2.3336 E0.01993 F600
G1 X99.6346 Y100.7167 Z2.4800 E0.02194 F600
G1 X99.7977 Y100.6944 Z2.6800 E0.02326 F600
G1 X99.9214 Y100.7346 Z2.8800 E0.02143 F600
G1 X99.9851 Y100.8037 Z3.0264 E0.01562 F600
G1 X99.9840 Y100.8661 Z3.0800 E0.00739 F600
G1 X99.9275 Y100.8925 Z3.0264 E0.00739 F600
G1 X99.8384 Y100.8624 Z2.8800 E0.01562 F600
G1 X99.7514 Y100.7658 Z2.6800 E0.02143 F600
G1 X99.7054 Y100.6077 Z2.4800 E0.02326 F600
G1 X99.7315 Y100.4138 Z2.3336 E0.02194 F600
G1 X99.8386 Y100.2269 Z2.2800 E0.01993 F600
G1 X100.0064 Y100.0920 Z2.3336 E0.01993 F600
G1 X100.1938 Y100.0358 Z2.4800 E0.02194 F600
G1 X100.3571 Y100.0565 Z2.6800 E0.02326 F600
G1 X100.4662 Y100.1274 Z2.8800 E0.02143 F600
G1 X100.5098 Y100.2106 Z3.0264 E0.01562 F600
G1 X100.4926 Y100.2706 Z3.0800 E0.00739 F600
; row 5/38
G1 X100.7384 Y100.0304 Z3.5264 E0.05059 F600
G1 X100.6677 Y99.9685 Z3.3800 E0.01562 F600
G1 X100.6243 Y99.8459 Z3.1800 E0.02143 F600
G1 X100.6423 Y99.6823 Z2.9800 E0.02326 F600
G1 X100.7406 Y99.5132 Z2.8336 E0.02194 F600
G1 X100.9110 Y99.3815 Z2.7800 E0.01993 F600
G1 X101.1177 Y99.3210 Z2.8336 E0.01993 F600
G1 X101.3124 Y99.3409 Z2.9800 E0.02194 F600
G1 X101.4553 Y99.4225 Z3.1800 E0.02326 F600
G1 X101.5290 Y99.5297 Z3.3800 E0.02143 F600
G1 X101.5375 Y99.6233 Z3.5264 E0.01562 F600
G1 X101.4986 Y99.6721 Z3.5800 E0.00739 F600
G1 X101.4376 Y99.6586 Z3.5264 E0.00739 F600
G1 X101.3853 Y99.5806 Z3.3800 E0.01562 F600
G1 X101.3751 Y99.4509 Z3.1800 E0.02143 F600
G1 X101.4348 Y99.2975 Z2.9800 E0.02326 F600
G1 X101.5736 Y99.1596 Z2.8336 E0.02194 F600
G1 X101.7723 Y99.0765 Z2.7800 E0.01993 F600
G1 X101.9876 Y99.0716 Z2.8336 E0.01993 F600
G1 X102.1705 Y99.1411 Z2.9800 E0.02194 F600
G1 X102.2874 Y99.2570 Z3.1800 E0.02326 F600
G1 X102.3308 Y99.3796 Z3.3800 E0.02143 F600
G1 X102.3148 Y99.4722 Z3.5264 E0.01562 F600
G1 X102.2646 Y99.5092 Z3.5800 E0.00739 F600
G1 X102.2093 Y99.4805 Z3.5264 E0.00739 F600
G1 X102.1789 Y99.3915 Z3.3800 E0.01562 F600
G1 X102.2026 Y99.2636 Z3.1800 E0.02143 F600
G1 X102.3000 Y99.1309 Z2.9800 E0.02326 F600
G1 X102.4697 Y99.0336 Z2.8336 E0.02194 F600
G1 X102.6832 Y99.0048 Z2.7800 E0.01993 F600
G1 X102.8924 Y99.0558 Z2.8336 E0.01993 F600
G1 X103.0511 Y99.1703 Z2.9800 E0.02194 F600
G1 X103.1340 Y99.3124 Z3.1800 E0.02326 F600
G1 X103.1442 Y99.4421 Z3.3800 E0.02143 F600
G1 X103.1048 Y99.5274 Z3.5264 E0.01562 F600
G1 X103.0467 Y99.5502 Z3.5800 E0.00739 F600
G1 X103.0007 Y99.5081 Z3.5264 E0.00739 F600
G1 X102.9944 Y99.4144 Z3.3800 E0.01562 F600
G1 X103.0504 Y99.2969 Z3.1800 E0.02143 F600
G1 X103.1788 Y99.1940 Z2.9800 E0.02326 F600
G1 X103.3679 Y99.1439 Z2.8336 E0.02194 F600
G1 X103.5816 Y99.1713 Z2.7800 E0.01993 F600
G1 X103.7705 Y99.2747 Z2.8336 E0.01993 F600
G1 X103.8941 Y99.4264 Z2.9800 E0.02194 F600
G1 X103.9374 Y99.5852 Z3.1800 E0.02326 F600
G1 X103.9137 Y99.7131 Z3.3800 E0.02143 F600
G1 X103.8535 Y99.7852 Z3.5264 E0.01562 F600
G1 X103.7915 Y99.7922 Z3.5800 E0.00739 F600
G1 X103.7580 Y99.7396 Z3.5264 E0.00739 F600
G1 X103.7762 Y99.6475 Z3.3800 E0.01562 F600
G1 X103.8606 Y99.5485 Z3.1800 E0.02143 F600
G1 X104.0113 Y99.4823 Z2.9800 E0.02326 F600
G1 X104.2070 Y99.4829 Z2.8336 E0.02194 F600
G1 X104.4062 Y99.5647 Z2.7800 E0.01993 F600
G1 X104.5620 Y99.7134 Z2.8336 E0.01993 F600
G1 X104.6421 Y99.8919 Z2.9800 E0.02194 F600
G1 X104.6429 Y100.0565 Z3.1800 E0.02326 F600
G1 X104.5869 Y100.1739 Z3.3800 E0.02143 F600
G1 X104.5101 Y100.2280 Z3.5264 E0.01562 F600
G1 X104.4483 Y100.2188 Z3.5800 E0.00739 F600
G1 X104.4295 Y100.1593 Z3.5264 E0.00739 F600
G1 X104.4710 Y100.0750 Z3.3800 E0.01562 F600
G1 X104.5782 Y100.0013 Z3.1800 E0.02143 F600
G1 X104.7409 Y99.9763 Z2.9800 E0.02326 F600
G1 X104.9297 Y100.0275 Z2.8336 E0.02194 F600
G1 X105.1010 Y100.1580 Z2.7800 E0.01993 F600
G1 X105.2129 Y100.3420 Z2.8336 E0.01993 F600
G1 X105.2441 Y100.5352 Z2.9800 E0.02194 F600
G1 X105.2023 Y100.6944 Z3.1800 E0.02326 F600
G1 X105.1178 Y100.7933 Z3.3800 E0.02143 F600
G1 X105.0296 Y100.8257 Z3.5264 E0.01562 F600
G1 X104.9724 Y100.8008 Z3.5800 E0.00739 F600
G1 X104.9696 Y100.7384 Z3.5264 E0.00739 F600
G1 X105.0315 Y100.6677 Z3.3800 E0.01562 F600
G1 X105.1541 Y100.6243 Z3.1800 E0.02143 F600
G1 X105.3177 Y100.6423 Z2.9800 E0.02326 F600
G1 X105.4868 Y100.7406 Z2.8336 E0.02194 F600
G1 X105.6185 Y100.9110 Z2.7800 E0.01993 F600
G1 X105.6790 Y101.1177 Z2.8336 E0.01993 F600
G1 X105.6591 Y101.3124 Z2.9800 E0.02194 F600
G1 X105.5775 Y101.4553 Z3.1800 E0.02326 F600
G1 X105.4703 Y101.5290 Z3.3800 E0.02143 F600
G1 X105.3767 Y101.5375 Z3.5264 E0.01562 F600
G1 X105.3279 Y101.4986 Z3.5800 E0.00739 F600
G1 X105.3414 Y101.4376 Z3.5264 E0.00739 F600
G1 X105.4194 Y101.3853 Z3.3800 E0.01562 F600
G1 X105.5491 Y101.3751 Z3.1800 E0.02143 F600
G1 X105.7025 Y101.4348 Z2.9800 E0.02326 F600
G1 X105.8404 Y101.5736 Z2.8336 E0.02194 F600
G1 X105.9235 Y101.7723 Z2.7800 E0.01993 F600
G1 X105.9284 Y101.9876 Z2.8336 E0.01993 F600
G1 X105.8589 Y102.1705 Z2.9800 E0.02194 F600
G1 X105.7430 Y102.2874 Z3.1800 E0.02326 F600
G1 X105.6204 Y102.3308 Z3.3800 E0.02143 F600
G1 X105.5278 Y102.3148 Z3.5264 E0.01562 F600
G1 X105.4908 Y102.2646 Z3.5800 E0.00739 F600
G1 X105.5195 Y102.2093 Z3.5264 E0.00739 F600
G1 X105.6085 Y102.1789 Z3.3800 E0.01562 F600
G1 X105.7364 Y102.2026 Z3.1800 E0.02143 F600
G1 X105.8691 Y102.3000 Z2.9800 E0.02326 F600
G1 X105.9664 Y102.4697 Z2.8336 E0.02194 F600
G1 X105.9952 Y102.6832 Z2.7800 E0.01993 F600
G1 X105.9442 Y102.8924 Z2.8336 E0.01993 F600
G1 X105.8297 Y103.0511 Z2.9800 E0.02194 F600
G1 X105.6876 Y103.1340 Z3.1800 E0.02326 F600
G1 X105.5579 Y103.1442 Z3.3800 E0.02143 F600
G1 X105.4726 Y103.1048 Z3.5264 E0.01562 F600
G1 X105.4498 Y103.0467 Z3.5800 E0.00739 F600
G1 X105.4919 Y103.0007 Z3.5264 E0.00739 F600
G1 X105.5856 Y102.9944 Z3.3800 E0.01562 F600
G1 X105.7031 Y103.0504 Z3.1800 E0.02143 F600
G1 X105.8060 Y103.1788 Z2.9800 E0.02326 F600
G1 X105.8561 Y103.3679 Z2.8336 E0.02194 F600
G1 X105.8287 Y103.5816 Z2.7800 E0.01993 F600
G1 X105.7253 Y103.7705 Z2.8336 E0.01993 F600
G1 X105.5736 Y103.8941 Z2.9800 E0.02194 F600
G1 X105.4148 Y103.9374 Z3.1800 E0.02326 F600
G1 X105.2869 Y103.9137 Z3.3800 E0.02143 F600
G1 X105.2148 Y103.8535 Z3.5264 E0.01562 F600
G1 X105.2078 Y103.7915 Z3.5800 E0.00739 F600
G1 X105.2604 Y103.7580 Z3.5264 E0.00739 F600
G1 X105.3525 Y103.7762 Z3.3800 E0.01562 F600
G1 X105.4515 Y103.8606 Z3.1800 E0.02143 F600
G1 X105.5177 Y104.0113 Z2.9800 E0.02326 F600
G1 X105.5171 Y104.2070 Z2.8336 E0.02194 F600
G1 X105.4353 Y104.4062 Z2.7800 E0.01993 F600
G1 X105.2866 Y104.5620 Z2.8336 E0.01993 F600
G1 X105.1081 Y104.6421 Z2.9800 E0.02194 F600
G1 X104.9435 Y104.6429 Z3.1800 E0.02326 F600
G1 X104.8261 Y104.5869 Z3.3800 E0.02143 F600
G1 X104.7720 Y104.5101 Z3.5264 E0.01562 F600
G1 X104.7812 Y104.4483 Z3.5800 E0.00739 F600
G1 X104.8407 Y104.4295 Z3.5264 E0.00739 F600
G1 X104.9250 Y104.4710 Z3.3800 E0.01562 F600
G1 X104.9987 Y104.5782 Z3.1800 E0.02143 F600
G1 X105.0237 Y104.7409 Z2.9800 E0.02326 F600
G1 X104.9725 Y104.9297 Z2.8336 E0.02194 F600
G1 X104.8420 Y105.1010 Z2.7800 E0.01993 F600
G1 X104.6580 Y105.2129 Z2.8336 E0.01993 F600
G1 X104.4648 Y105.2441 Z2.9800 E0.02194 F600
G1 X104.3056 Y105.2023 Z3.1800 E0.02326 F600
G1 X104.2067 Y105.1178 Z3.3800 E0.02143 F600
G1 X104.1743 Y105.0296 Z3.5264 E0.01562 F600
G1 X104.1992 Y104.9724 Z3.5800 E0.00739 F600
G1 X104.2616 Y104.9696 Z3.5264 E0.00739 F600
G1 X104.3323 Y105.0315 Z3.3800 E0.01562 F600
G1 X104.3757 Y105.1541 Z3.1800 E0.02143 F600
G1 X104.3577 Y105.3177 Z2.9800 E0.02326 F600
G1 X104.2594 Y105.4868 Z2.8336 E0.02194 F600
G1 X104.0890 Y105.6185 Z2.7800 E0.01993 F600
G1 X103.8823 Y105.6790 Z2.8336 E0.01993 F600
G1 X103.6876 Y105.6591 Z2.9800 E0.02194 F600
G1 X103.5447 Y105.5775 Z3.1800 E0.02326 F600
G1 X103.4710 Y105.4703 Z3.3800 E0.02143 F600
G1 X103.4625 Y105.3767 Z3.5264 E0.01562 F600
G1 X103.5014 Y105.3279 Z3.5800 E0.00739 F600
G1 X103.5624 Y105.3414 Z3.5264 E0.00739 F600
G1 X103.6147 Y105.4194 Z3.3800 E0.01562 F600
G1 X103.6249 Y105.5491 Z3.1800 E0.02143 F600
G1 X103.5652 Y105.7025 Z2.9800 E0.02326 F600
G1 X103.4264 Y105.8404 Z2.8336 E0.02194 F600
G1 X103.2277 Y105.9235 Z2.7800 E0.01993 F600
G1 X103.0124 Y105.9284 Z2.8336 E0.01993 F600
G1 X102.8295 Y105.8589 Z2.9800 E0.02194 F600
G1 X102.7126 Y105.7430 Z3.1800 E0.02326 F600
G1 X102.6692 Y105.6204 Z3.3800 E0.02143 F600
G1 X102.6852 Y105.5278 Z3.5264 E0.01562 F600
G1 X102.7354 Y105.4908 Z3.5800 E0.00739 F600
G1 X102.7907 Y105.5195 Z3.5264 E0.00739 F600
G1 X102.8211 Y105.6085 Z3.3800 E0.01562 F600
G1 X102.7974 Y105.7364 Z3.1800 E0.02143 F600
G1 X102.7000 Y105.8691 Z2.9800 E0.02326 F600
G1 X102.5303 Y105.9664 Z2.8336 E0.02194 F600
G1 X102.3168 Y105.9952 Z2.7800 E0.01993 F600
G1 X102.1076 Y105.9442 Z2.8336 E0.01993 F600
G1 X101.9489 Y105.8297 Z2.9800 E0.02194 F600
G1 X101.8660 Y105.6876 Z3.1800 E0.02326 F600
G1 X101.8558 Y105.5579 Z3.3800 E0.02143 F600
G1 X101.8952 Y105.4726 Z3.5264 E0.01562 F600
G1 X101.9533 Y105.4498 Z3.5800 E0.00739 F600
G1 X101.9993 Y105.4919 Z3.5264 E0.00739 F600
G1 X102.0056 Y105.5856 Z3.3800 E0.01562 F600
G1 X101.9496 Y105.7031 Z3.1800 E0.02143 F600
G1 X101.8212 Y105.8060 Z2.9800 E0.02326 F600
G1 X101.6321 Y105.8561 Z2.8336 E0.02194 F600
G1 X101.4184 Y105.8287 Z2.7800 E0.01993 F600
G1 X101.2295 Y105.7253 Z2.8336 E0.01993 F600
G1 X101.1059 Y105.5736 Z2.9800 E0.02194 F600
G1 X101.0626 Y105.4148 Z3.1800 E0.02326 F600
G1 X101.0863 Y105.2869 Z3.3800 E0.02143 F600
G1 X101.1465 Y105.2148 Z3.5264 E0.01562 F600
G1 X101.2085 Y105.2078 Z3.5800 E0.00739 F600
G1 X101.2420 Y105.2604 Z3.5264 E0.00739 F600
G1 X101.2238 Y105.3525 Z3.3800 E0.01562 F600
G1 X101.1394 Y105.4515 Z3.1800 E0.02143 F600
G1 X100.9887 Y105.5177 Z2.9800 E0.02326 F600
G1 X100.7930 Y105.5171 Z2.8336 E0.02194 F600
G1 X100.5938 Y105.4353 Z2.7800 E0.01993 F600
G1 X100.4380 Y105.2866 Z2.8336 E0.01993 F600
G1 X100.3579 Y105.1081 Z2.9800 E0.02194 F600
G1 X100.3571 Y104.9435 Z3.1800 E0.02326 F600
G1 X100.4131 Y104.8261 Z3.3800 E0.02143 F600
G1 X100.4899 Y104.7720 Z3.5264 E0.01562 F600
G1 X100.5517 Y104.7812 Z3.5800 E0.00739 F600
G1 X100.5705 Y104.8407 Z3.5264 E0.00739 F600
G1 X100.5290 Y104.9250 Z3.3800 E0.01562 F600
G1 X100.4218 Y104.9987 Z3.1800 E0.02143 F600
G1 X100.2591 Y105.0237 Z2.9800 E0.02326 F600
G1 X100.0703 Y104.9725 Z2.8336 E0.02194 F600
G1 X99.8990 Y104.8420 Z2.7800 E0.01993 F600
G1 X99.7871 Y104.6580 Z2.8336 E0.01993 F600
G1 X99.7559 Y104.4648 Z2.9800 E0.02194 F600
G1 X99.7977 Y104.3056 Z3.1800 E0.02326 F600
G1 X99.8822 Y104.2067 Z3.3800 E0.02143 F600
G1 X99.9704 Y104.1743 Z3.5264 E0.01562 F600
G1 X100.0276 Y104.1992 Z3.5800 E0.00739 F600
G1 X100.0304 Y104.2616 Z3.5264 E0.00739 F600
G1 X99.9685 Y104.3323 Z3.3800 E0.01562 F600
G1 X99.8459 Y104.3757 Z3.1800 E0.02143 F600
G1 X99.6823 Y104.3577 Z2.9800 E0.02326 F600
G1 X99.5132 Y104.2594 Z2.8336 E0.02194 F600
G1 X99.3815 Y104.0890 Z2.7800 E0.01993 F600
G1 X99.3210 Y103.8823 Z2.8336 E0.01993 F600
G1 X99.3409 Y103.6876 Z2.9800 E0.02194 F600
G1 X99.4225 Y103.5447 Z3.1800 E0.02326 F600
G1 X99.5297 Y103.4710 Z3.3800 E0.02143 F600
G1 X99.6233 Y103.4625 Z3.5264 E0.01562 F600
G1 X99.6721 Y103.5014 Z3.5800 E0.00739 F600
G1 X99.6586 Y103.5624 Z3.5264 E0.00739 F600
G1 X99.5806 Y103.6147 Z3.3800 E0.01562 F600
G1 X99.4509 Y103.6249 Z3.1800 E0.02143 F600
G1 X99.2975 Y103.5652 Z2.9800 E0.02326 F600
G1 X99.1596 Y103.4264 Z2.8336 E0.02194 F600
G1 X99.0765 Y103.2277 Z2.7800 E0.01993 F600
G1 X99.0716 Y103.0124 Z2.8336 E0.01993 F600
G1 X99.1411 Y102.8295 Z2.9800 E0.02194 F600
G1 X99.2570 Y102.7126 Z3.1800 E0.02326 F600
G1 X99.3796 Y102.6692 Z3.3800 E0.02143 F600
G1 X99.4722 Y102.6852 Z3.5264 E0.01562 F600
G1 X99.5092 Y102.7354 Z3.5800 E0.00739 F600
G1 X99.4805 Y102.7907 Z3.5264 E0.00739 F600
G1 X99.3915 Y102.8211 Z3.3800 E0.01562 F600
G1 X99.2636 Y102.7974 Z3.1800 E0.02143 F600
G1 X99.1309 Y102.7000 Z2.9800 E0.02326 F600
G1 X99.0336 Y102.5303 Z2.8336 E0.02194 F600
G1 X99.0048 Y102.3168 Z2.7800 E0.01993 F600
G1 X99.0558 Y102.1076 Z2.8336 E0.01993 F600
G1 X99.1703 Y101.9489 Z2.9800 E0.02194 F600
G1 X99.3124 Y101.8660 Z3.1800 E0.02326 F600
G1 X99.4421 Y101.8558 Z3.3800 E0.02143 F600
G1 X99.5274 Y101.8952 Z3.5264 E0.01562 F600
G1 X99.5502 Y101.9533 Z3.5800 E0.00739 F600
G1 X99.5081 Y101.9993 Z3.5264 E0.00739 F600
G1 X99.4144 Y102.0056 Z3.3800 E0.01562 F600
G1 X99.2969 Y101.9496 Z3.1800 E0.02143 F600
G1 X99.1940 Y101.8212 Z2.9800 E0.02326 F600
G1 X99.1439 Y101.6321 Z2.8336 E0.02194 F600
G1 X99.1713 Y101.4184 Z2.7800 E0.01993 F600
G1 X99.2747 Y101.2295 Z2.8336 E0.01993 F600
G1 X99.4264 Y101.1059 Z2.9800 E0.02194 F600
G1 X99.5852 Y101.0626 Z3.1800 E0.02326 F600
G1 X99.7131 Y101.0863 Z3.3800 E0.02143 F600
G1 X99.7852 Y101.1465 Z3.5264 E0.01562 F600
G1 X99.7922 Y101.2085 Z3.5800 E0.00739 F600
G1 X99.7396 Y101.2420 Z3.5264 E0.00739 F600
G1 X99.6475 Y101.2238 Z3.3800 E0.01562 F600
G1 X99.5485 Y101.1394 Z3.1800 E0.02143 F600
G1 X99.4823 Y100.9887 Z2.9800 E0.02326 F600
G1 X99.4829 Y100.7930 Z2.8336 E0.02194 F600
G1 X99.5647 Y100.5938 Z2.7800 E0.01993 F600
G1 X99.7134 Y100.4380 Z2.8336 E0.01993 F600
G1 X99.8919 Y100.3579 Z2.9800 E0.02194 F600
G1 X100.0565 Y100.3571 Z3.1800 E0.02326 F600
G1 X100.1739 Y100.4131 Z3.3800 E0.02143 F600
G1 X100.2280 Y100.4899 Z3.5264 E0.01562 F600
G1 X100.2188 Y100.5517 Z3.5800 E0.00739 F600
G1 X100.1593 Y100.5705 Z3.5264 E0.00739 F600
G1 X100.0750 Y100.5290 Z3.3800 E0.01562 F600
G1 X100.0013 Y100.4218 Z3.1800 E0.02143 F600
G1 X99.9763 Y100.2591 Z2.9800 E0.02326 F600
G1 X100.0275 Y100.0703 Z2.8336 E0.02194 F600
G1 X100.1580 Y99.8990 Z2.7800 E0.01993 F600
G1 X100.3420 Y99.7871 Z2.8336 E0.01993 F600
G1 X100.5352 Y99.7559 Z2.9800 E0.02194 F600
G1 X100.6944 Y99.7977 Z3.1800 E0.02326 F600
G1 X100.7933 Y99.8822 Z3.3800 E0.02143 F600
G1 X100.8257 Y99.9704 Z3.5264 E0.01562 F600
G1 X100.8008 Y100.0276 Z3.5800 E0.00739 F600
; row 6/38
G1 X100.4312 Y100.2814 Z4.0264 E0.05682 F600
G1 X100.3530 Y100.2293 Z3.8800 E0.01562 F600
G1 X100.2939 Y100.1135 Z3.6800 E0.02143 F600
G1 X100.2904 Y99.9489 Z3.4800 E0.02326 F600
G1 X100.3658 Y99.7684 Z3.3336 E0.02194 F600
G1 X100.5176 Y99.6156 Z3.2800 E0.01993 F600
G1 X100.7146 Y99.5286 Z3.3336 E0.01993 F600
G1 X100.9102 Y99.5229 Z3.4800 E0.02194 F600
G1 X101.0626 Y99.5852 Z3.6800 E0.02326 F600
G1 X101.1496 Y99.6818 Z3.8800 E0.02143 F600
G1 X101.1702 Y99.7735 Z4.0264 E0.01562 F600
G1 X101.1380 Y99.8270 Z4.0800 E0.00739 F600
G1 X101.0759 Y99.8216 Z4.0264 E0.00739 F600
G1 X101.0138 Y99.7510 Z3.8800 E0.01562 F600
G1 X100.9868 Y99.6238 Z3.6800 E0.02143 F600
G1 X101.0259 Y99.4639 Z3.4800 E0.02326 F600
G1 X101.1455 Y99.3091 Z3.3336 E0.02194 F600
G1 X101.3317 Y99.2008 Z3.2800 E0.01993 F600
G1 X101.5445 Y99.1678 Z3.3336 E0.01993 F600
G1 X101.7349 Y99.2129 Z3.4800 E0.02194 F600
G1 X101.8660 Y99.3124 Z3.6800 E0.02326 F600
G1 X101.9250 Y99.4284 Z3.8800 E0.02143 F600
G1 X101.9212 Y99.5222 Z4.0264 E0.01562 F600
G1 X101.8763 Y99.5656 Z4.0800 E0.00739 F600
G1 X101.8176 Y99.5443 Z4.0264 E0.00739 F600
G1 X101.7759 Y99.4600 Z3.8800 E0.01562 F600
G1 X101.7827 Y99.3301 Z3.6800 E0.02143 F600
G1 X101.8620 Y99.1859 Z3.4800 E0.02326 F600
G1 X102.0176 Y99.0672 Z3.3336 E0.02194 F600
G1 X102.2254 Y99.0108 Z3.2800 E0.01993 F600
G1 X102.4395 Y99.0340 Z3.3336 E0.01993 F600
G1 X102.6117 Y99.1268 Z3.4800 E0.02194 F600
G1 X102.7126 Y99.2570 Z3.6800 E0.02326 F600
G1 X102.7396 Y99.3842 Z3.8800 E0.02143 F600
G1 X102.7116 Y99.4739 Z4.0264 E0.01562 F600
G1 X102.6570 Y99.5041 Z4.0800 E0.00739 F600
G1 X102.6059 Y99.4684 Z4.0264 E0.00739 F600
G1 X102.5874 Y99.3762 Z3.8800 E0.01562 F600
G1 X102.6276 Y99.2525 Z3.6800 E0.02143 F600
G1 X102.7415 Y99.1336 Z3.4800 E0.02326 F600
G1 X102.9225 Y99.0593 Z3.3336 E0.02194 F600
G1 X103.1378 Y99.0586 Z3.2800 E0.01993 F600
G1 X103.3386 Y99.1365 Z3.3336 E0.01993 F600
G1 X103.4810 Y99.2707 Z3.4800 E0.02194 F600
G1 X103.5447 Y99.4225 Z3.6800 E0.02326 F600
G1 X103.5379 Y99.5524 Z3.8800 E0.02143 F600
G1 X103.4876 Y99.6318 Z4.0264 E0.01562 F600
G1 X103.4271 Y99.6468 Z4.0800 E0.00739 F600
G1 X103.3869 Y99.5991 Z4.0264 E0.00739 F600
G1 X103.3929 Y99.5053 Z3.8800 E0.01562 F600
G1 X103.4638 Y99.3962 Z3.6800 E0.02143 F600
G1 X103.6045 Y99.3109 Z3.4800 E0.02326 F600
G1 X103.7986 Y99.2859 Z3.3336 E0.02194 F600
G1 X104.0068 Y99.3410 Z3.2800 E0.01993 F600
G1 X104.1806 Y99.4681 Z3.3336 E0.01993 F600
G1 X104.2833 Y99.6346 Z3.4800 E0.02194 F600
G1 X104.3056 Y99.7977 Z3.6800 E0.02326 F600
G1 X104.2654 Y99.9214 Z3.8800 E0.02143 F600
G1 X104.1963 Y99.9851 Z4.0264 E0.01562 F600
G1 X104.1339 Y99.9840 Z4.0800 E0.00739 F600
G1 X104.1075 Y99.9275 Z4.0264 E0.00739 F600
G1 X104.1376 Y99.8384 Z3.8800 E0.01562 F600
G1 X104.2342 Y99.7514 Z3.6800 E0.02143 F600
G1 X104.3923 Y99.7054 Z3.4800 E0.02326 F600
G1 X104.5862 Y99.7315 Z3.3336 E0.02194 F600
G1 X104.7731 Y99.8386 Z3.2800 E0.01993 F600
G1 X104.9080 Y100.0064 Z3.3336 E0.01993 F600
G1 X104.9642 Y100.1938 Z3.4800 E0.02194 F600
G1 X104.9435 Y100.3571 Z3.6800 E0.02326 F600
G1 X104.8726 Y100.4662 Z3.8800 E0.02143 F600
G1 X104.7894 Y100.5098 Z4.0264 E0.01562 F600
G1 X104.7294 Y100.4926 Z4.0800 E0.00739 F600
G1 X104.7186 Y100.4312 Z4.0264 E0.00739 F600
G1 X104.7707 Y100.3530 Z3.8800 E0.01562 F600
G1 X104.8865 Y100.2939 Z3.6800 E0.02143 F600
G1 X105.0511 Y100.2904 Z3.4800 E0.02326 F600
G1 X105.2316 Y100.3658 Z3.3336 E0.02194 F600
G1 X105.3844 Y100.5176 Z3.2800 E0.01993 F600
G1 X105.4714 Y100.7146 Z3.3336 E0.01993 F600
G1 X105.4771 Y100.9102 Z3.4800 E0.02194 F600
G1 X105.4148 Y101.0626 Z3.6800 E0.02326 F600
G1 X105.3182 Y101.1496 Z3.8800 E0.02143 F600
G1 X105.2265 Y101.1702 Z4.0264 E0.01562 F600
G1 X105.1730 Y101.1380 Z4.0800 E0.00739 F600
G1 X105.1784 Y101.0759 Z4.0264 E0.00739 F600
G1 X105.2490 Y101.0138 Z3.8800 E0.01562 F600
G1 X105.3762 Y100.9868 Z3.6800 E0.02143 F600
G1 X105.5361 Y101.0259 Z3.4800 E0.02326 F600
G1 X105.6909 Y101.1455 Z3.3336 E0.02194 F600
G1 X105.7992 Y101.3317 Z3.2800 E0.01993 F600
G1 X105.8322 Y101.5445 Z3.3336 E0.01993 F600
G1 X105.7871 Y101.7349 Z3.4800 E0.02194 F600
G1 X105.6876 Y101.8660 Z3.6800 E0.02326 F600
G1 X105.5716 Y101.9250 Z3.8800 E0.02143 F600
G1 X105.4778 Y101.9212 Z4.0264 E0.01562 F600
G1 X105.4344 Y101.8763 Z4.0800 E0.00739 F600
G1 X105.4557 Y101.8176 Z4.0264 E0.00739 F600
G1 X105.5400 Y101.7759 Z3.8800 E0.01562 F600
G1 X105.6699 Y101.7827 Z3.6800 E0.02143 F600
G1 X105.8141 Y101.8620 Z3.4800 E0.02326 F600
G1 X105.9328 Y102.0176 Z3.3336 E0.02194 F600
G1 X105.9892 Y102.2254 Z3.2800 E0.01993 F600
G1 X105.9660 Y102.4395 Z3.3336 E0.01993 F600
G1 X105.8732 Y102.6117 Z3.4800 E0.02194 F600
G1 X105.7430 Y102.7126 Z3.6800 E0.02326 F600
G1 X105.6158 Y102.7396 Z3.8800 E0.02143 F600
G1 X105.5261 Y102.7116 Z4.0264 E0.01562 F600
G1 X105.4959 Y102.6570 Z4.0800 E0.00739 F600
G1 X105.5316 Y102.6059 Z4.0264 E0.00739 F600
G1 X105.6238 Y102.5874 Z3.8800 E0.01562 F600
G1 X105.7475 Y102.6276 Z3.6800 E0.02143 F600
G1 X105.8664 Y102.7415 Z3.4800 E0.02326 F600
G1 X105.9407 Y102.9225 Z3.3336 E0.02194 F600
G1 X105.9414 Y103.1378 Z3.2800 E0.01993 F600
G1 X105.8635 Y103.3386 Z3.3336 E0.01993 F600
G1 X105.7293 Y103.4810 Z3.4800 E0.02194 F600
G1 X105.5775 Y103.5447 Z3.6800 E0.02326 F600
G1 X105.4476 Y103.5379 Z3.8800 E0.02143 F600
G1 X105.3682 Y103.4876 Z4.0264 E0.01562 F600
G1 X105.3532 Y103.4271 Z4.0800 E0.00739 F600
G1 X105.4009 Y103.3869 Z4.0264 E0.00739 F600
G1 X105.4947 Y103.3929 Z3.8800 E0.01562 F600
G1 X105.6038 Y103.4638 Z3.6800 E0.02143 F600
G1 X105.6891 Y103.6045 Z3.4800 E0.02326 F600
G1 X105.7141 Y103.7986 Z3.3336 E0.02194 F600
G1 X105.6590 Y104.0068 Z3.2800 E0.01993 F600
G1 X105.5319 Y104.1806 Z3.3336 E0.01993 F600
G1 X105.3654 Y104.2833 Z3.4800 E0.02194 F600
G1 X105.2023 Y104.3056 Z3.6800 E0.02326 F600
G1 X105.0786 Y104.2654 Z3.8800 E0.02143 F600
G1 X105.0149 Y104.1963 Z4.0264 E0.01562 F600
G1 X105.0160 Y104.1339 Z4.0800 E0.00739 F600
G1 X105.0725 Y104.1075 Z4.0264 E0.00739 F600
G1 X105.1616 Y104.1376 Z3.8800 E0.01562 F600
G1 X105.2486 Y104.2342 Z3.6800 E0.02143 F600
G1 X105.2946 Y104.3923 Z3.4800 E0.02326 F600
G1 X105.2685 Y104.5862 Z3.3336 E0.02194 F600
G1 X105.1614 Y104.7731 Z3.2800 E0.01993 F600
G1 X104.9936 Y104.9080 Z3.3336 E0.01993 F600
G1 X104.8062 Y104.9642 Z3.4800 E0.02194 F600
G1 X104.6429 Y104.9435 Z3.6800 E0.02326 F600
G1 X104.5338 Y104.8726 Z3.8800 E0.02143 F600
G1 X104.4902 Y104.7894 Z4.0264 E0.01562 F600
G1 X104.5074 Y104.7294 Z4.0800 E0.00739 F600
G1 X104.5688 Y104.7186 Z4.0264 E0.00739 F600
G1 X104.6470 Y104.7707 Z3.8800 E0.01562 F600
G1 X104.7061 Y104.8865 Z3.6800 E0.02143 F600
G1 X104.7096 Y105.0511 Z3.4800 E0.02326 F600
G1 X104.6342 Y105.2316 Z3.3336 E0.02194 F600
G1 X104.4824 Y105.3844 Z3.2800 E0.01993 F600
G1 X104.2854 Y105.4714 Z3.3336 E0.01993 F600
G1 X104.0898 Y105.4771 Z3.4800 E0.02194 F600
G1 X103.9374 Y105.4148 Z3.6800 E0.02326 F600
G1 X103.8504 Y105.3182 Z3.8800 E0.02143 F600
G1 X103.8298 Y105.2265 Z4.0264 E0.01562 F600
G1 X103.8620 Y105.1730 Z4.0800 E0.00739 F600
G1 X103.9241 Y105.1784 Z4.0264 E0.00739 F600
G1 X103.9862 Y105.2490 Z3.8800 E0.01562 F600
G1 X104.0132 Y105.3762 Z3.6800 E0.02143 F600
G1 X103.9741 Y105.5361 Z3.4800 E0.02326 F600
G1 X103.8545 Y105.6909 Z3.3336 E0.02194 F600
G1 X103.6683 Y105.7992 Z3.2800 E0.01993 F600
G1 X103.4555 Y105.8322 Z3.3336 E0.01993 F600
G1 X103.2651 Y105.7871 Z3.4800 E0.02194 F600
G1 X103.1340 Y105.6876 Z3.6800 E0.02326 F600
G1 X103.0750 Y105.5716 Z3.8800 E0.02143 F600
G1 X103.0788 Y105.4778 Z4.0264 E0.01562 F600
G1 X103.1237 Y105.4344 Z4.0800 E0.00739 F600
G1 X103.1824 Y105.4557 Z4.0264 E0.00739 F600
G1 X103.2241 Y105.5400 Z3.8800 E0.01562 F600
G1 X103.2173 Y105.6699 Z3.6800 E0.02143 F600
G1 X103.1380 Y105.8141 Z3.4800 E0.02326 F600
G1 X102.9824 Y105.9328 Z3.3336 E0.02194 F600
G1 X102.7746 Y105.9892 Z3.2800 E0.01993 F600
G1 X102.5605 Y105.9660 Z3.3336 E0.01993 F600
G1 X102.3883 Y105.8732 Z3.4800 E0.02194 F600
G1 X102.2874 Y105.7430 Z3.6800 E0.02326 F600
G1 X102.2604 Y105.6158 Z3.8800 E0.02143 F600
G1 X102.2884 Y105.5261 Z4.0264 E0.01562 F600
G1 X102.3430 Y105.4959 Z4.0800 E0.00739 F600
G1 X102.3941 Y105.5316 Z4.0264 E0.00739 F600
G1 X102.4126 Y105.6238 Z3.8800 E0.01562 F600
G1 X102.3724 Y105.7475 Z3.6800 E0.02143 F600
G1 X102.2585 Y105.8664 Z3.4800 E0.02326 F600
G1 X102.0775 Y105.9407 Z3.3336 E0.02194 F600
G1 X101.8622 Y105.9414 Z3.2800 E0.01993 F600
G1 X101.6614 Y105.8635 Z3.3336 E0.01993 F600
G1 X101.5190 Y105.7293 Z3.4800 E0.02194 F600
G1 X101.4553 Y105.5775 Z3.6800 E0.02326 F600
G1 X101.4621 Y105.4476 Z3.8800 E0.02143 F600
G1 X101.5124 Y105.3682 Z4.0264 E0.01562 F600
G1 X101.5729 Y105.3532 Z4.0800 E0.00739 F600
G1 X101.6131 Y105.4009 Z4.0264 E0.00739 F600
G1 X101.6071 Y105.4947 Z3.8800 E0.01562 F600
G1 X101.5362 Y105.6038 Z3.6800 E0.02143 F600
G1 X101.3955 Y105.6891 Z3.4800 E0.02326 F600
G1 X101.2014 Y105.7141 Z3.3336 E0.02194 F600
G1 X100.9932 Y105.6590 Z3.2800 E0.01993 F600
G1 X100.8194 Y105.5319 Z3.3336 E0.01993 F600
G1 X100.7167 Y105.3654 Z3.4800 E0.02194 F600
G1 X100.6944 Y105.2023 Z3.6800 E0.02326 F600
G1 X100.7346 Y105.0786 Z3.8800 E0.02143 F600
G1 X100.8037 Y105.0149 Z4.0264 E0.01562 F600
G1 X100.8661 Y105.0160 Z4.0800 E0.00739 F600
G1 X100.8925 Y105.0725 Z4.0264 E0.00739 F600
G1 X100.8624 Y105.1616 Z3.8800 E0.01562 F600
G1 X100.7658 Y105.2486 Z3.6800 E0.02143 F600
G1 X100.6077 Y105.2946 Z3.4800 E0.02326 F600
G1 X100.4138 Y105.2685 Z3.3336 E0.02194 F600
G1 X100.2269 Y105.1614 Z3.2800 E0.01993 F600
G1 X100.0920 Y104.9936 Z3.3336 E0.01993 F600
G1 X100.0358 Y104.8062 Z3.4800 E0.02194 F600
G1 X100.0565 Y104.6429 Z3.6800 E0.02326 F600
G1 X100.1274 Y104.5338 Z3.8800 E0.02143 F600
G1 X100.2106 Y104.4902 Z4.0264 E0.01562 F600
G1 X100.2706 Y104.5074 Z4.0800 E0.00739 F600
G1 X100.2814 Y104.5688 Z4.0264 E0.00739 F600
G1 X100.2293 Y104.6470 Z3.8800 E0.01562 F600
G1 X100.1135 Y104.7061 Z3.6800 E0.02143 F600
G1 X99.9489 Y104.7096 Z3.4800 E0.02326 F600
G1 X99.7684 Y104.6342 Z3.3336 E0.02194 F600
G1 X99.6156 Y104.4824 Z3.2800 E0.01993 F600
G1 X99.5286 Y104.2854 Z3.3336 E0.01993 F600
G1 X99.5229 Y104.0898 Z3.4800 E0.02194 F600
G1 X99.5852 Y103.9374 Z3.6800 E0.02326 F600
G1 X99.6818 Y103.8504 Z3.8800 E0.02143 F600
G1 X99.7735 Y103.8298 Z4.0264 E0.01562 F600
G1 X99.8270 Y103.8620 Z4.0800 E0.00739 F600
G1 X99.8216 Y103.9241 Z4.0264 E0.00739 F600
G1 X99.7510 Y103.9862 Z3.8800 E0.01562 F600
G1 X99.6238 Y104.0132 Z3.6800 E0.02143 F600
G1 X99.4639 Y103.9741 Z3.4800 E0.02326 F600
G1 X99.3091 Y103.8545 Z3.3336 E0.02194 F600
G1 X99.2008 Y103.6683 Z3.2800 E0.01993 F600
G1 X99.1678 Y103.4555 Z3.3336 E0.01993 F600
G1 X99.2129 Y103.2651 Z3.4800 E0.02194 F600
G1 X99.3124 Y103.1340 Z3.6800 E0.02326 F600
G1 X99.4284 Y103.0750 Z3.8800 E0.02143 F600
G1 X99.5222 Y103.0788 Z4.0264 E0.01562 F600
G1 X99.5656 Y103.1237 Z4.0800 E0.00739 F600
G1 X99.5443 Y103.1824 Z4.0264 E0.00739 F600
G1 X99.4600 Y103.2241 Z3.8800 E0.01562 F600
G1 X99.3301 Y103.2173 Z3.6800 E0.02143 F600
G1 X99.1859 Y103.1380 Z3.4800 E0.02326 F600
G1 X99.0672 Y102.9824 Z3.3336 E0.02194 F600
G1 X99.0108 Y102.7746 Z3.2800 E0.01993 F600
G1 X99.0340 Y102.5605 Z3.3336 E0.01993 F600
G1 X99.1268 Y102.3883 Z3.4800 E0.02194 F600
G1 X99.2570 Y102.2874 Z3.6800 E0.02326 F600
G1 X99.3842 Y102.2604 Z3.8800 E0.02143 F600
G1 X99.4739 Y102.2884 Z4.0264 E0.01562 F600
G1 X99.5041 Y102.3430 Z4.0800 E0.00739 F600
G1 X99.4684 Y102.3941 Z4.0264 E0.00739 F600
G1 X99.3762 Y102.4126 Z3.8800 E0.01562 F600
G1 X99.2525 Y102.3724 Z3.6800 E0.02143 F600
G1 X99.1336 Y102.2585 Z3.4800 E0.02326 F600
G1 X99.0593 Y102.0775 Z3.3336 E0.02194 F600
G1 X99.0586 Y101.8622 Z3.2800 E0.01993 F600
G1 X99.1365 Y101.6614 Z3.3336 E0.01993 F600
G1 X99.2707 Y101.5190 Z3.4800 E0.02194 F600
G1 X99.4225 Y101.4553 Z3.6800 E0.02326 F600
G1 X99.5524 Y101.4621 Z3.8800 E0.02143 F600
G1 X99.6318 Y101.5124 Z4.0264 E0.01562 F600
G1 X99.6468 Y101.5729 Z4.0800 E0.00739 F600
G1 X99.5991 Y101.6131 Z4.0264 E0.00739 F600
G1 X99.5053 Y101.6071 Z3.8800 E0.01562 F600
G1 X99.3962 Y101.5362 Z3.6800 E0.02143 F600
G1 X99.3109 Y101.3955 Z3.4800 E0.02326 F600
G1 X99.2859 Y101.2014 Z3.3336 E0.02194 F600
G1 X99.3410 Y100.9932 Z3.2800 E0.01993 F600
G1 X99.4681 Y100.8194 Z3.3336 E0.01993 F600
G1 X99.6346 Y100.7167 Z3.4800 E0.02194 F600
G1 X99.7977 Y100.6944 Z3.6800 E0.02326 F600
G1 X99.9214 Y100.7346 Z3.8800 E0.02143 F600
G1 X99.9851 Y100.8037 Z4.0264 E0.01562 F600
G1 X99.9840 Y100.8661 Z4.0800 E0.00739 F600
G1 X99.9275 Y100.8925 Z4.0264 E0.00739 F600
G1 X99.8384 Y100.8624 Z3.8800 E0.01562 F600
G1 X99.7514 Y100.7658 Z3.6800 E0.02143 F600
G1 X99.7054 Y100.6077 Z3.4800 E0.02326 F600
G1 X99.7315 Y100.4138 Z3.3336 E0.02194 F600
G1 X99.8386 Y100.2269 Z3.2800 E0.01993 F600
G1 X100.0064 Y100.0920 Z3.3336 E0.01993 F600
G1 X100.1938 Y100.0358 Z3.4800 E0.02194 F600
G1 X100.3571 Y100.0565 Z3.6800 E0.02326 F600
G1 X100.4662 Y100.1274 Z3.8800 E0.02143 F600
G1 X100.5098 Y100.2106 Z4.0264 E0.01562 F600
G1 X100.4926 Y100.2706 Z4.0800 E0.00739 F600
; row 7/38
G1 X100.7384 Y100.0304 Z4.5264 E0.05059 F600
G1 X100.6677 Y99.9685 Z4.3800 E0.01562 F600
G1 X100.6243 Y99.8459 Z4.1800 E0.02143 F600
G1 X100.6423 Y99.6823 Z3.9800 E0.02326 F600
G1 X100.7406 Y99.5132 Z3.8336 E0.02194 F600
G1 X100.9110 Y99.3815 Z3.7800 E0.01993 F600
G1 X101.1177 Y99.3210 Z3.8336 E0.01993 F600
G1 X101.3124 Y99.3409 Z3.9800 E0.02194 F600
G1 X101.4553 Y99.4225 Z4.1800 E0.02326 F600
G1 X101.5290 Y99.5297 Z4.3800 E0.02143 F600
G1 X101.5375 Y99.6233 Z4.5264 E0.01562 F600
G1 X101.4986 Y99.6721 Z4.5800 E0.00739 F600
G1 X101.4376 Y99.6586 Z4.5264 E0.00739 F600
G1 X101.3853 Y99.5806 Z4.3800 E0.01562 F600
G1 X101.3751 Y99.4509 Z4.1800 E0.02143 F600
G1 X101.4348 Y99.2975 Z3.9800 E0.02326 F600
G1 X101.5736 Y99.1596 Z3.8336 E0.02194 F600
G1 X101.7723 Y99.0765 Z3.7800 E0.01993 F600
G1 X101.9876 Y99.0716 Z3.8336 E0.01993 F600
G1 X102.1705 Y99.1411 Z3.9800 E0.02194 F600
G1 X102.2874 Y99.2570 Z4.1800 E0.02326 F600
G1 X102.3308 Y99.3796 Z4.3800 E0.02143 F600
G1 X102.3148 Y99.4722 Z4.5264 E0.01562 F600
G1 X102.2646 Y99.5092 Z4.5800 E0.00739 F600
G1 X102.2093 Y99.4805 Z4.5264 E0.00739 F600
G1 X102.1789 Y99.3915 Z4.3800 E0.01562 F600
G1 X102.2026 Y99.2636 Z4.1800 E0.02143 F600
G1 X102.3000 Y99.1309 Z3.9800 E0.02326 F600
G1 X102.4697 Y99.0336 Z3.8336 E0.02194 F600
G1 X102.6832 Y99.0048 Z3.7800 E0.01993 F600
G1 X102.8924 Y99.0558 Z3.8336 E0.01993 F600
G1 X103.0511 Y99.1703 Z3.9800 E0.02194 F600
G1 X103.1340 Y99.3124 Z4.1800 E0.02326 F600
G1 X103.1442 Y99.4421 Z4.3800 E0.02143 F600
G1 X103.1048 Y99.5274 Z4.5264 E0.01562 F600
G1 X103.0467 Y99.5502 Z4.5800 E0.00739 F600
G1 X103.0007 Y99.5081 Z4.5264 E0.00739 F600
G1 X102.9944 Y99.4144 Z4.3800 E0.01562 F600
G1 X103.0504 Y99.2969 Z4.1800 E0.02143 F600
G1 X103.1788 Y99.1940 Z3.9800 E0.02326 F600
G1 X103.3679 Y99.1439 Z3.8336 E0.02194 F600
G1 X103.5816 Y99.1713 Z3.7800 E0.01993 F600
G1 X103.7705 Y99.2747 Z3.8336 E0.01993 F600
G1 X103.8941 Y99.4264 Z3.9800 E0.02194 F600
G1 X103.9374 Y99.5852 Z4.1800 E0.02326 F600
G1 X103.9137 Y99.7131 Z4.3800 E0.02143 F600
G1 X103.8535 Y99.7852 Z4.5264 E0.01562 F600
G1 X103.7915 Y99.7922 Z4.5800 E0.00739 F600
G1 X103.7580 Y99.7396 Z4.5264 E0.00739 F600
G1 X103.7762 Y99.6475 Z4.3800 E0.01562 F600
G1 X103.8606 Y99.5485 Z4.1800 E0.02143 F600
G1 X104.0113 Y99.4823 Z3.9800 E0.02326 F600
G1 X104.2070 Y99.4829 Z3.8336 E0.02194 F600
G1 X104.4062 Y99.5647 Z3.7800 E0.01993 F600
G1 X104.5620 Y99.7134 Z3.8336 E0.01993 F600
G1 X104.6421 Y99.8919 Z3.9800 E0.02194 F600
G1 X104.6429 Y100.0565 Z4.1800 E0.02326 F600
G1 X104.5869 Y100.1739 Z4.3800 E0.02143 F600
G1 X104.5101 Y100.2280 Z4.5264 E0.01562 F600
G1 X104.4483 Y100.2188 Z4.5800 E0.00739 F600
G1 X104.4295 Y100.1593 Z4.5264 E0.00739 F600
G1 X104.4710 Y100.0750 Z4.3800 E0.01562 F600
G1 X104.5782 Y100.0013 Z4.1800 E0.02143 F600
G1 X104.7409 Y99.9763 Z3.9800 E0.02326 F600
G1 X104.9297 Y100.0275 Z3.8336 E0.02194 F600
G1 X105.1010 Y100.1580 Z3.7800 E0.01993 F600
G1 X105.2129 Y100.3420 Z3.8336 E0.01993 F600
G1 X105.2441 Y100.5352 Z3.9800 E0.02194 F600
G1 X105.2023 Y100.6944 Z4.1800 E0.02326 F600
G1 X105.1178 Y100.7933 Z4.3800 E0.02143 F600
G1 X105.0296 Y100.8257 Z4.5264 E0.01562 F600
G1 X104.9724 Y100.8008 Z4.5800 E0.00739 F600
G1 X104.9696 Y100.7384 Z4.5264 E0.00739 F600
G1 X105.0315 Y100.6677 Z4.3800 E0.01562 F600
G1 X105.1541 Y100.6243 Z4.1800 E0.02143 F600
G1 X105.3177 Y100.6423 Z3.9800 E0.02326 F600
G1 X105.4868 Y100.7406 Z3.8336 E0.02194 F600
G1 X105.6185 Y100.9110 Z3.7800 E0.01993 F600
G1 X105.6790 Y101.1177 Z3.8336 E0.01993 F600
G1 X105.6591 Y101.3124 Z3.9800 E0.02194 F600
G1 X105.5775 Y101.4553 Z4.1800 E0.02326 F600
G1 X105.4703 Y101.5290 Z4.3800 E0.02143 F600
G1 X105.3767 Y101.5375 Z4.5264 E0.01562 F600
G1 X105.3279 Y101.4986 Z4.5800 E0.00739 F600
G1 X105.3414 Y101.4376 Z4.5264 E0.00739 F600
G1 X105.4194 Y101.3853 Z4.3800 E0.01562 F600
G1 X105.5491 Y101.3751 Z4.1800 E0.02143 F600
G1 X105.7025 Y101.4348 Z3.9800 E0.02326 F600
G1 X105.8404 Y101.5736 Z3.8336 E0.02194 F600
G1 X105.9235 Y101.7723 Z3.7800 E0.01993 F600
G1 X105.9284 Y101.9876 Z3.8336 E0.01993 F600
G1 X105.8589 Y102.1705 Z3.9800 E0.02194 F600
G1 X105.7430 Y102.2874 Z4.1800 E0.02326 F600
G1 X105.6204 Y102.3308 Z4.3800 E0.02143 F600
G1 X105.5278 Y102.3148 Z4.5264 E0.01562 F600
G1 X105.4908 Y102.2646 Z4.5800 E0.00739 F600
G1 X105.5195 Y102.2093 Z4.5264 E0.00739 F600
G1 X105.6085 Y102.1789 Z4.3800 E0.01562 F600
G1 X105.7364 Y102.2026 Z4.1800 E0.02143 F600
G1 X105.8691 Y102.3000 Z3.9800 E0.02326 F600
G1 X105.9664 Y102.4697 Z3.8336 E0.02194 F600
G1 X105.9952 Y102.6832 Z3.7800 E0.01993 F600
G1 X105.9442 Y102.8924 Z3.8336 E0.01993 F600
G1 X105.8297 Y103.0511 Z3.9800 E0.02194 F600
G1 X105.6876 Y103.1340 Z4.1800 E0.02326 F600
G1 X105.5579 Y103.1442 Z4.3800 E0.02143 F600
G1 X105.4726 Y103.1048 Z4.5264 E0.01562 F600
G1 X105.4498 Y103.0467 Z4.5800 E0.00739 F600
G1 X105.4919 Y103.0007 Z4.5264 E0.00739 F600
G1 X105.5856 Y102.9944 Z4.3800 E0.01562 F600
G1 X105.7031 Y103.0504 Z4.1800 E0.02143 F600
G1 X105.8060 Y103.1788 Z3.9800 E0.02326 F600
G1 X105.8561 Y103.3679 Z3.8336 E0.02194 F600
G1 X105.8287 Y103.5816 Z3.7800 E0.01993 F600
G1 X105.7253 Y103.7705 Z3.8336 E0.01993 F600
G1 X105.5736 Y103.8941 Z3.9800 E0.02194 F600
G1 X105.4148 Y103.9374 Z4.1800 E0.02326 F600
G1 X105.2869 Y103.9137 Z4.3800 E0.02143 F600
G1 X105.2148 Y103.8535 Z4.5264 E0.01562 F600
G1 X105.2078 Y103.7915 Z4.5800 E0.00739 F600
G1 X105.2604 Y103.7580 Z4.5264 E0.00739 F600
G1 X105.3525 Y103.7762 Z4.3800 E0.01562 F600
G1 X105.4515 Y103.8606 Z4.1800 E0.02143 F600
G1 X105.5177 Y104.0113 Z3.9800 E0.02326 F600
G1 X105.5171 Y104.2070 Z3.8336 E0.02194 F600
G1 X105.4353 Y104.4062 Z3.7800 E0.01993 F600
G1 X105.2866 Y104.5620 Z3.8336 E0.01993 F600
G1 X105.1081 Y104.6421 Z3.9800 E0.02194 F600
G1 X104.9435 Y104.6429 Z4.1800 E0.02326 F600
G1 X104.8261 Y104.5869 Z4.3800 E0.02143 F600
G1 X104.7720 Y104.5101 Z4.5264 E0.01562 F600
G1 X104.7812 Y104.4483 Z4.5800 E0.00739 F600
G1 X104.8407 Y104.4295 Z4.5264 E0.00739 F600
G1 X104.9250 Y104.4710 Z4.3800 E0.01562 F600
G1 X104.9987 Y104.5782 Z4.1800 E0.02143 F600
G1 X105.0237 Y104.7409 Z3.9800 E0.02326 F600
G1 X104.9725 Y104.9297 Z3.8336 E0.02194 F600
G1 X104.8420 Y105.1010 Z3.7800 E0.01993 F600
G1 X104.6580 Y105.2129 Z3.8336 E0.01993 F600
G1 X104.4648 Y105.2441 Z3.9800 E0.02194 F600
G1 X104.3056 Y105.2023 Z4.1800 E0.02326 F600
G1 X104.2067 Y105.1178 Z4.3800 E0.02143 F600
G1 X104.1743 Y105.0296 Z4.5264 E0.01562 F600
G1 X104.1992 Y104.9724 Z4.5800 E0.00739 F600
G1 X104.2616 Y104.9696 Z4.5264 E0.00739 F600
G1 X104.3323 Y105.0315 Z4.3800 E0.01562 F600
G1 X104.3757 Y105.1541 Z4.1800 E0.02143 F600
G1 X104.3577 Y105.3177 Z3.9800 E0.02326 F600
G1 X104.2594 Y105.4868 Z3.8336 E0.02194 F600
G1 X104.0890 Y105.6185 Z3.7800 E0.01993 F600
G1 X103.8823 Y105.6790 Z3.8336 E0.01993 F600
G1 X103.6876 Y105.6591 Z3.9800 E0.02194 F600
G1 X103.5447 Y105.5775 Z4.1800 E0.02326 F600
G1 X103.4710 Y105.4703 Z4.3800 E0.02143 F600
G1 X103.4625 Y105.3767 Z4.5264 E0.01562 F600
G1 X103.5014 Y105.3279 Z4.5800 E0.00739 F600
G1 X103.5624 Y105.3414 Z4.5264 E0.00739 F600
G1 X103.6147 Y105.4194 Z4.3800 E0.01562 F600
G1 X103.6249 Y105.5491 Z4.1800 E0.02143 F600
G1 X103.5652 Y105.7025 Z3.9800 E0.02326 F600
G1 X103.4264 Y105.8404 Z3.8336 E0.02194 F600
G1 X103.2277 Y105.9235 Z3.7800 E0.01993 F600
G1 X103.0124 Y105.9284 Z3.8336 E0.01993 F600
G1 X102.8295 Y105.8589 Z3.9800 E0.02194 F600
G1 X102.7126 Y105.7430 Z4.1800 E0.02326 F600
G1 X102.6692 Y105.6204 Z4.3800 E0.02143 F600
G1 X102.6852 Y105.5278 Z4.5264 E0.01562 F600
G1 X102.7354 Y105.4908 Z4.5800 E0.00739 F600
G1 X102.7907 Y105.5195 Z4.5264 E0.00739 F600
G1 X102.8211 Y105.6085 Z4.3800 E0.01562 F600
G1 X102.7974 Y105.7364 Z4.1800 E0.02143 F600
G1 X102.7000 Y105.8691 Z3.9800 E0.02326 F600
G1 X102.5303 Y105.9664 Z3.8336 E0.02194 F600
G1 X102.3168 Y105.9952 Z3.7800 E0.01993 F600
G1 X102.1076 Y105.9442 Z3.8336 E0.01993 F600
G1 X101.9489 Y105.8297 Z3.9800 E0.02194 F600
G1 X101.8660 Y105.6876 Z4.1800 E0.02326 F600
G1 X101.8558 Y105.5579 Z4.3800 E0.02143 F600
G1 X101.8952 Y105.4726 Z4.5264 E0.01562 F600
G1 X101.9533 Y105.4498 Z4.5800 E0.00739 F600
G1 X101.9993 Y105.4919 Z4.5264 E0.00739 F600
G1 X102.0056 Y105.5856 Z4.3800 E0.01562 F600
G1 X101.9496 Y105.7031 Z4.1800 E0.02143 F600
G1 X101.8212 Y105.8060 Z3.9800 E0.02326 F600
G1 X101.6321 Y105.8561 Z3.8336 E0.02194 F600
G1 X101.4184 Y105.8287 Z3.7800 E0.01993 F600
G1 X101.2295 Y105.7253 Z3.8336 E0.01993 F600
G1 X101.1059 Y105.5736 Z3.9800 E0.02194 F600
G1 X101.0626 Y105.4148 Z4.1800 E0.02326 F600
G1 X101.0863 Y105.2869 Z4.3800 E0.02143 F600
G1 X101.1465 Y105.2148 Z4.5264 E0.01562 F600
G1 X101.2085 Y105.2078 Z4.5800 E0.00739 F600
G1 X101.2420 Y105.2604 Z4.5264 E0.00739 F600
G1 X101.2238 Y105.3525 Z4.3800 E0.01562 F600
G1 X101.1394 Y105.4515 Z4.1800 E0.02143 F600
G1 X100.9887 Y105.5177 Z3.9800 E0.02326 F600
G1 X100.7930 Y105.5171 Z3.8336 E0.02194 F600
G1 X100.5938 Y105.4353 Z3.7800 E0.01993 F600
G1 X100.4380 Y105.2866 Z3.8336 E0.01993 F600
G1 X100.3579 Y105.1081 Z3.9800 E0.02194 F600
G1 X100.3571 Y104.9435 Z4.1800 E0.02326 F600
G1 X100.4131 Y104.8261 Z4.3800 E0.02143 F600
G1 X100.4899 Y104.7720 Z4.5264 E0.01562 F600
G1 X100.5517 Y104.7812 Z4.5800 E0.00739 F600
G1 X100.5705 Y104.8407 Z4.5264 E0.00739 F600
G1 X100.5290 Y104.9250 Z4.3800 E0.01562 F600
G1 X100.4218 Y104.9987 Z4.1800 E0.02143 F600
G1 X100.2591 Y105.0237 Z3.9800 E0.02326 F600
G1 X100.0703 Y104.9725 Z3.8336 E0.02194 F600
G1 X99.8990 Y104.8420 Z3.7800 E0.01993 F600
G1 X99.7871 Y104.6580 Z3.8336 E0.01993 F600
G1 X99.7559 Y104.4648 Z3.9800 E0.02194 F600
G1 X99.7977 Y104.3056 Z4.1800 E0.02326 F600
G1 X99.8822 Y104.2067 Z4.3800 E0.02143 F600
G1 X99.9704 Y104.1743 Z4.5264 E0.01562 F600
G1 X100.0276 Y104.1992 Z4.5800 E0.00739 F600
G1 X100.0304 Y104.2616 Z4.5264 E0.00739 F600
G1 X99.9685 Y104.3323 Z4.3800 E0.01562 F600
G1 X99.8459 Y104.3757 Z4.1800 E0.02143 F600
G1 X99.6823 Y104.3577 Z3.9800 E0.02326 F600
G1 X99.5132 Y104.2594 Z3.8336 E0.02194 F600
G1 X99.3815 Y104.0890 Z3.7800 E0.01993 F600
G1 X99.3210 Y103.8823 Z3.8336 E0.01993 F600
G1 X99.3409 Y103.6876 Z3.9800 E0.02194 F600
G1 X99.4225 Y103.5447 Z4.1800 E0.02326 F600
G1 X99.5297 Y103.4710 Z4.3800 E0.02143 F600
G1 X99.6233 Y103.4625 Z4.5264 E0.01562 F600
G1 X99.6721 Y103.5014 Z4.5800 E0.00739 F600
G1 X99.6586 Y103.5624 Z4.5264 E0.00739 F600
G1 X99.5806 Y103.6147 Z4.3800 E0.01562 F600
G1 X99.4509 Y103.6249 Z4.1800 E0.02143 F600
G1 X99.2975 Y103.5652 Z3.9800 E0.02326 F600
G1 X99.1596 Y103.4264 Z3.8336 E0.02194 F600
G1 X99.0765 Y103.2277 Z3.7800 E0.01993 F600
G1 X99.0716 Y103.0124 Z3.8336 E0.01993 F600
G1 X99.1411 Y102.8295 Z3.9800 E0.02194 F600
G1 X99.2570 Y102.7126 Z4.1800 E0.02326 F600
G1 X99.3796 Y102.6692 Z4.3800 E0.02143 F600
G1 X99.4722 Y102.6852 Z4.5264 E0.01562 F600
G1 X99.5092 Y102.7354 Z4.5800 E0.00739 F600
G1 X99.4805 Y102.7907 Z4.5264 E0.00739 F600
G1 X99.3915 Y102.8211 Z4.3800 E0.01562 F600
G1 X99.2636 Y102.7974 Z4.1800 E0.02143 F600
G1 X99.1309 Y102.7000 Z3.9800 E0.02326 F600
G1 X99.0336 Y102.5303 Z3.8336 E0.02194 F600
G1 X99.0048 Y102.3168 Z3.7800 E0.01993 F600
G1 X99.0558 Y102.1076 Z3.8336 E0.01993 F600
G1 X99.1703 Y101.9489 Z3.9800 E0.02194 F600
G1 X99.3124 Y101.8660 Z4.1800 E0.02326 F600
G1 X99.4421 Y101.8558 Z4.3800 E0.02143 F600
G1 X99.5274 Y101.8952 Z4.5264 E0.01562 F600
G1 X99.5502 Y101.9533 Z4.5800 E0.00739 F600
G1 X99.5081 Y101.9993 Z4.5264 E0.00739 F600
G1 X99.4144 Y102.0056 Z4.3800 E0.01562 F600
G1 X99.2969 Y101.9496 Z4.1800 E0.02143 F600
G1 X99.1940 Y101.8212 Z3.9800 E0.02326 F600
G1 X99.1439 Y101.6321 Z3.8336 E0.02194 F600
G1 X99.1713 Y101.4184 Z3.7800 E0.01993 F600
G1 X99.2747 Y101.2295 Z3.8336 E0.01993 F600
G1 X99.4264 Y101.1059 Z3.9800 E0.02194 F600
G1 X99.5852 Y101.0626 Z4.1800 E0.02326 F600
G1 X99.7131 Y101.0863 Z4.3800 E0.02143 F600
G1 X99.7852 Y101.1465 Z4.5264 E0.01562 F600
G1 X99.7922 Y101.2085 Z4.5800 E0.00739 F600
G1 X99.7396 Y101.2420 Z4.5264 E0.00739 F600
G1 X99.6475 Y101.2238 Z4.3800 E0.01562 F600
G1 X99.5485 Y101.1394 Z4.1800 E0.02143 F600
G1 X99.4823 Y100.9887 Z3.9800 E0.02326 F600
G1 X99.4829 Y100.7930 Z3.8336 E0.02194 F600
G1 X99.5647 Y100.5938 Z3.7800 E0.01993 F600
G1 X99.7134 Y100.4380 Z3.8336 E0.01993 F600
G1 X99.8919 Y100.3579 Z3.9800 E0.02194 F600
G1 X100.0565 Y100.3571 Z4.1800 E0.02326 F600
G1 X100.1739 Y100.4131 Z4.3800 E0.02143 F600
G1 X100.2280 Y100.4899 Z4.5264 E0.01562 F600
G1 X100.2188 Y100.5517 Z4.5800 E0.00739 F600
G1 X100.1593 Y100.5705 Z4.5264 E0.00739 F600
G1 X100.0750 Y100.5290 Z4.3800 E0.01562 F600
G1 X100.0013 Y100.4218 Z4.1800 E0.02143 F600
G1 X99.9763 Y100.2591 Z3.9800 E0.02326 F600
G1 X100.0275 Y100.0703 Z3.8336 E0.02194 F600
G1 X100.1580 Y99.8990 Z3.7800 E0.01993 F600
G1 X100.3420 Y99.7871 Z3.8336 E0.01993 F600
G1 X100.5352 Y99.7559 Z3.9800 E0.02194 F600
G1 X100.6944 Y99.7977 Z4.1800 E0.02326 F600
G1 X100.7933 Y99.8822 Z4.3800 E0.02143 F600
G1 X100.8257 Y99.9704 Z4.5264 E0.01562 F600
G1 X100.8008 Y100.0276 Z4.5800 E0.00739 F600
; row 8/38
G1 X100.4312 Y100.2814 Z5.0264 E0.05682 F600
G1 X100.3530 Y100.2293 Z4.8800 E0.01562 F600
G1 X100.2939 Y100.1135 Z4.6800 E0.02143 F600
G1 X100.2904 Y99.9489 Z4.4800 E0.02326 F600
G1 X100.3658 Y99.7684 Z4.3336 E0.02194 F600
G1 X100.5176 Y99.6156 Z4.2800 E0.01993 F600
G1 X100.7146 Y99.5286 Z4.3336 E0.01993 F600
G1 X100.9102 Y99.5229 Z4.4800 E0.02194 F600
G1 X101.0626 Y99.5852 Z4.6800 E0.02326 F600
G1 X101.1496 Y99.6818 Z4.8800 E0.02143 F600
G1 X101.1702 Y99.7735 Z5.0264 E0.01562 F600
G1 X101.1380 Y99.8270 Z5.0800 E0.00739 F600
G1 X101.0759 Y99.8216 Z5.0264 E0.00739 F600
G1 X101.0138 Y99.7510 Z4.8800 E0.01562 F600
G1 X100.9868 Y99.6238 Z4.6800 E0.02143 F600
G1 X101.0259 Y99.4639 Z4.4800 E0.02326 F600
G1 X101.1455 Y99.3091 Z4.3336 E0.02194 F600
G1 X101.3317 Y99.2008 Z4.2800 E0.01993 F600
G1 X101.5445 Y99.1678 Z4.3336 E0.01993 F600
G1 X101.7349 Y99.2129 Z4.4800 E0.02194 F600
G1 X101.8660 Y99.3124 Z4.6800 E0.02326 F600
G1 X101.9250 Y99.4284 Z4.8800 E0.02143 F600
G1 X101.9212 Y99.5222 Z5.0264 E0.01562 F600
G1 X101.8763 Y99.5656 Z5.0800 E0.00739 F600
G1 X101.8176 Y99.5443 Z5.0264 E0.00739 F600
G1 X101.7759 Y99.4600 Z4.8800 E0.01562 F600
G1 X101.7827 Y99.3301 Z4.6800 E0.02143 F600
G1 X101.8620 Y99.1859 Z4.4800 E0.02326 F600
G1 X102.0176 Y99.0672 Z4.3336 E0.02194 F600
G1 X102.2254 Y99.0108 Z4.2800 E0.01993 F600
G1 X102.4395 Y99.0340 Z4.3336 E0.01993 F600
G1 X102.6117 Y99.1268 Z4.4800 E0.02194 F600
G1 X102.7126 Y99.2570 Z4.6800 E0.02326 F600
G1 X102.7396 Y99.3842 Z4.8800 E0.02143 F600
G1 X102.7116 Y99.4739 Z5.0264 E0.01562 F600
G1 X102.6570 Y99.5041 Z5.0800 E0.00739 F600
G1 X102.6059 Y99.4684 Z5.0264 E0.00739 F600
G1 X102.5874 Y99.3762 Z4.8800 E0.01562 F600
G1 X102.6276 Y99.2525 Z4.6800 E0.02143 F600
G1 X102.7415 Y99.1336 Z4.4800 E0.02326 F600
G1 X102.9225 Y99.0593 Z4.3336 E0.02194 F600
G1 X103.1378 Y99.0586 Z4.2800 E0.01993 F600
G1 X103.3386 Y99.1365 Z4.3336 E0.01993 F600
G1 X103.4810 Y99.2707 Z4.4800 E0.02194 F600
G1 X103.5447 Y99.4225 Z4.6800 E0.02326 F600
G1 X103.5379 Y99.5524 Z4.8800 E0.02143 F600
G1 X103.4876 Y99.6318 Z5.0264 E0.01562 F600
G1 X103.4271 Y99.6468 Z5.0800 E0.00739 F600
G1 X103.3869 Y99.5991 Z5.0264 E0.00739 F600
G1 X103.3929 Y99.5053 Z4.8800 E0.01562 F600
G1 X103.4638 Y99.3962 Z4.6800 E0.02143 F600
G1 X103.6045 Y99.3109 Z4.4800 E0.02326 F600
G1 X103.7986 Y99.2859 Z4.3336 E0.02194 F600
G1 X104.0068 Y99.3410 Z4.2800 E0.01993 F600
G1 X104.1806 Y99.4681 Z4.3336 E0.01993 F600
G1 X104.2833 Y99.6346 Z4.4800 E0.02194 F600
G1 X104.3056 Y99.7977 Z4.6800 E0.02326 F600
G1 X104.2654 Y99.9214 Z4.8800 E0.02143 F600
G1 X104.1963 Y99.9851 Z5.0264 E0.01562 F600
G1 X104.1339 Y99.9840 Z5.0800 E0.00739 F600
G1 X104.1075 Y99.9275 Z5.0264 E0.00739 F600
G1 X104.1376 Y99.8384 Z4.8800 E0.01562 F600
G1 X104.2342 Y99.7514 Z4.6800 E0.02143 F600
G1 X104.3923 Y99.7054 Z4.4800 E0.02326 F600
G1 X104.5862 Y99.7315 Z4.3336 E0.02194 F600
G1 X104.7731 Y99.8386 Z4.2800 E0.01993 F600
G1 X104.9080 Y100.0064 Z4.3336 E0.01993 F600
G1 X104.9642 Y100.1938 Z4.4800 E0.02194 F600
G1 X104.9435 Y100.3571 Z4.6800 E0.02326 F600
G1 X104.8726 Y100.4662 Z4.8800 E0.02143 F600
G1 X104.7894 Y100.5098 Z5.0264 E0.01562 F600
G1 X104.7294 Y100.4926 Z5.0800 E0.00739 F600
G1 X104.7186 Y100.4312 Z5.0264 E0.00739 F600
G1 X104.7707 Y100.3530 Z4.8800 E0.01562 F600
G1 X104.8865 Y100.2939 Z4.6800 E0.02143 F600
G1 X105.0511 Y100.2904 Z4.4800 E0.02326 F600
G1 X105.2316 Y100.3658 Z4.3336 E0.02194 F600
G1 X105.3844 Y100.5176 Z4.2800 E0.01993 F600
G1 X105.4714 Y100.7146 Z4.3336 E0.01993 F600
G1 X105.4771 Y100.9102 Z4.4800 E0.02194 F600
G1 X105.4148 Y101.0626 Z4.6800 E0.02326 F600
G1 X105.3182 Y101.1496 Z4.8800 E0.02143 F600
G1 X105.2265 Y101.1702 Z5.0264 E0.01562 F600
G1 X105.1730 Y101.1380 Z5.0800 E0.00739 F600
G1 X105.1784 Y101.0759 Z5.0264 E0.00739 F600
G1 X105.2490 Y101.0138 Z4.8800 E0.01562 F600
G1 X105.3762 Y100.9868 Z4.6800 E0.02143 F600
G1 X105.5361 Y101.0259 Z4.4800 E0.02326 F600
G1 X105.6909 Y101.1455 Z4.3336 E0.02194 F600
G1 X105.7992 Y101.3317 Z4.2800 E0.01993 F600
G1 X105.8322 Y101.5445 Z4.3336 E0.01993 F600
G1 X105.7871 Y101.7349 Z4.4800 E0.02194 F600
G1 X105.6876 Y101.8660 Z4.6800 E0.02326 F600
G1 X105.5716 Y101.9250 Z4.8800 E0.02143 F600
G1 X105.4778 Y101.9212 Z5.0264 E0.01562 F600
G1 X105.4344 Y101.8763 Z5.0800 E0.00739 F600
G1 X105.4557 Y101.8176 Z5.0264 E0.00739 F600
G1 X105.5400 Y101.7759 Z4.8800 E0.01562 F600
G1 X105.6699 Y101.7827 Z4.6800 E0.02143 F600
G1 X105.8141 Y101.8620 Z4.4800 E0.02326 F600
G1 X105.9328 Y102.0176 Z4.3336 E0.02194 F600
G1 X105.9892 Y102.2254 Z4.2800 E0.01993 F600
G1 X105.9660 Y102.4395 Z4.3336 E0.01993 F600
G1 X105.8732 Y102.6117 Z4.4800 E0.02194 F600
G1 X105.7430 Y102.7126 Z4.6800 E0.02326 F600
G1 X105.6158 Y102.7396 Z4.8800 E0.02143 F600
G1 X105.5261 Y102.7116 Z5.0264 E0.01562 F600
G1 X105.4959 Y102.6570 Z5.0800 E0.00739 F600
G1 X105.5316 Y102.6059 Z5.0264 E0.00739 F600
G1 X105.6238 Y102.5874 Z4.8800 E0.01562 F600
G1 X105.7475 Y102.6276 Z4.6800 E0.02143 F600
G1 X105.8664 Y102.7415 Z4.4800 E0.02326 F600
G1 X105.9407 Y102.9225 Z4.3336 E0.02194 F600
G1 X105.9414 Y103.1378 Z4.2800 E0.01993 F600
G1 X105.8635 Y103.3386 Z4.3336 E0.01993 F600
G1 X105.7293 Y103.4810 Z4.4800 E0.02194 F600
G1 X105.5775 Y103.5447 Z4.6800 E0.02326 F600
G1 X105.4476 Y103.5379 Z4.8800 E0.02143 F600
G1 X105.3682 Y103.4876 Z5.0264 E0.01562 F600
G1 X105.3532 Y103.4271 Z5.0800 E0.00739 F600
G1 X105.4009 Y103.3869 Z5.0264 E0.00739 F600
G1 X105.4947 Y103.3929 Z4.8800 E0.01562 F600
G1 X105.6038 Y103.4638 Z4.6800 E0.02143 F600
G1 X105.6891 Y103.6045 Z4.4800 E0.02326 F600
G1 X105.7141 Y103.7986 Z4.3336 E0.02194 F600
G1 X105.6590 Y104.0068 Z4.2800 E0.01993 F600
G1 X105.5319 Y104.1806 Z4.3336 E0.01993 F600
G1 X105.3654 Y104.2833 Z4.4800 E0.02194 F600
G1 X105.2023 Y104.3056 Z4.6800 E0.02326 F600
G1 X105.0786 Y104.2654 Z4.8800 E0.02143 F600
G1 X105.0149 Y104.1963 Z5.0264 E0.01562 F600
G1 X105.0160 Y104.1339 Z5.0800 E0.00739 F600
G1 X105.0725 Y104.1075 Z5.0264 E0.00739 F600
G1 X105.1616 Y104.1376 Z4.8800 E0.01562 F600
G1 X105.2486 Y104.2342 Z4.6800 E0.02143 F600
G1 X105.2946 Y104.3923 Z4.4800 E0.02326 F600
G1 X105.2685 Y104.5862 Z4.3336 E0.02194 F600
G1 X105.1614 Y104.7731 Z4.2800 E0.01993 F600
G1 X104.9936 Y104.9080 Z4.3336 E0.01993 F600
G1 X104.8062 Y104.9642 Z4.4800 E0.02194 F600
G1 X104.6429 Y104.9435 Z4.6800 E0.02326 F600
G1 X104.5338 Y104.8726 Z4.8800 E0.02143 F600
G1 X104.4902 Y104.7894 Z5.0264 E0.01562 F600
G1 X104.5074 Y104.7294 Z5.0800 E0.00739 F600
G1 X104.5688 Y104.7186 Z5.0264 E0.00739 F600
G1 X104.6470 Y104.7707 Z4.8800 E0.01562 F600
G1 X104.7061 Y104.8865 Z4.6800 E0.02143 F600
G1 X104.7096 Y105.0511 Z4.4800 E0.02326 F600
G1 X104.6342 Y105.2316 Z4.3336 E0.02194 F600
G1 X104.4824 Y105.3844 Z4.2800 E0.01993 F600
G1 X104.2854 Y105.4714 Z4.3336 E0.01993 F600
G1 X104.0898 Y105.4771 Z4.4800 E0.02194 F600
G1 X103.9374 Y105.4148 Z4.6800 E0.02326 F600
G1 X103.8504 Y105.3182 Z4.8800 E0.02143 F600
G1 X103.8298 Y105.2265 Z5.0264 E0.01562 F600
G1 X103.8620 Y105.1730 Z5.0800 E0.00739 F600
G1 X103.9241 Y105.1784 Z5.0264 E0.00739 F600
G1 X103.9862 Y105.2490 Z4.8800 E0.01562 F600
G1 X104.0132 Y105.3762 Z4.6800 E0.02143 F600
G1 X103.9741 Y105.5361 Z4.4800 E0.02326 F600
G1 X103.8545 Y105.6909 Z4.3336 E0.02194 F600
G1 X103.6683 Y105.7992 Z4.2800 E0.01993 F600
G1 X103.4555 Y105.8322 Z4.3336 E0.01993 F600
G1 X103.2651 Y105.7871 Z4.4800 E0.02194 F600
G1 X103.1340 Y105.6876 Z4.6800 E0.02326 F600
G1 X103.0750 Y105.5716 Z4.8800 E0.02143 F600
G1 X103.0788 Y105.4778 Z5.0264 E0.01562 F600
G1 X103.1237 Y105.4344 Z5.0800 E0.00739 F600
G1 X103.1824 Y105.4557 Z5.0264 E0.00739 F600
G1 X103.2241 Y105.5400 Z4.8800 E0.01562 F600
G1 X103.2173 Y105.6699 Z4.6800 E0.02143 F600
G1 X103.1380 Y105.8141 Z4.4800 E0.02326 F600
G1 X102.9824 Y105.9328 Z4.3336 E0.02194 F600
G1 X102.7746 Y105.9892 Z4.2800 E0.01993 F600
G1 X102.5605 Y105.9660 Z4.3336 E0.01993 F600
G1 X102.3883 Y105.8732 Z4.4800 E0.02194 F600
G1 X102.2874 Y105.7430 Z4.6800 E0.02326 F600
G1 X102.2604 Y105.6158 Z4.8800 E0.02143 F600
G1 X102.2884 Y105.5261 Z5.0264 E0.01562 F600
G1 X102.3430 Y105.4959 Z5.0800 E0.00739 F600
G1 X102.3941 Y105.5316 Z5.0264 E0.00739 F600
G1 X102.4126 Y105.6238 Z4.8800 E0.01562 F600
G1 X102.3724 Y105.7475 Z4.6800 E0.02143 F600
G1 X102.2585 Y105.8664 Z4.4800 E0.02326 F600
G1 X102.0775 Y105.9407 Z4.3336 E0.02194 F600
G1 X101.8622 Y105.9414 Z4.2800 E0.01993 F600
G1 X101.6614 Y105.8635 Z4.3336 E0.01993 F600
G1 X101.5190 Y105.7293 Z4.4800 E0.02194 F600
G1 X101.4553 Y105.5775 Z4.6800 E0.02326 F600
G1 X101.4621 Y105.4476 Z4.8800 E0.02143 F600
G1 X101.5124 Y105.3682 Z5.0264 E0.01562 F600
G1 X101.5729 Y105.3532 Z5.0800 E0.00739 F600
G1 X101.6131 Y105.4009 Z5.0264 E0.00739 F600
G1 X101.6071 Y105.4947 Z4.8800 E0.01562 F600
G1 X101.5362 Y105.6038 Z4.6800 E0.02143 F600
G1 X101.3955 Y105.6891 Z4.4800 E0.02326 F600
G1 X101.2014 Y105.7141 Z4.3336 E0.02194 F600
G1 X100.9932 Y105.6590 Z4.2800 E0.01993 F600
G1 X100.8194 Y105.5319 Z4.3336 E0.01993 F600
G1 X100.7167 Y105.3654 Z4.4800 E0.02194 F600
G1 X100.6944 Y105.2023 Z4.6800 E0.02326 F600
G1 X100.7346 Y105.0786 Z4.8800 E0.02143 F600
G1 X100.8037 Y105.0149 Z5.0264 E0.01562 F600
G1 X100.8661 Y105.0160 Z5.0800 E0.00739 F600
G1 X100.8925 Y105.0725 Z5.0264 E0.00739 F600
G1 X100.8624 Y105.1616 Z4.8800 E0.01562 F600
G1 X100.7658 Y105.2486 Z4.6800 E0.02143 F600
G1 X100.6077 Y105.2946 Z4.4800 E0.02326 F600
G1 X100.4138 Y105.2685 Z4.3336 E0.02194 F600
G1 X100.2269 Y105.1614 Z4.2800 E0.01993 F600
G1 X100.0920 Y104.9936 Z4.3336 E0.01993 F600
G1 X100.0358 Y104.8062 Z4.4800 E0.02194 F600
G1 X100.0565 Y104.6429 Z4.6800 E0.02326 F600
G1 X100.1274 Y104.5338 Z4.8800 E0.02143 F600
G1 X100.2106 Y104.4902 Z5.0264 E0.01562 F600
G1 X100.2706 Y104.5074 Z5.0800 E0.00739 F600
G1 X100.2814 Y104.5688 Z5.0264 E0.00739 F600
G1 X100.2293 Y104.6470 Z4.8800 E0.01562 F600
G1 X100.1135 Y104.7061 Z4.6800 E0.02143 F600
G1 X99.9489 Y104.7096 Z4.4800 E0.02326 F600
G1 X99.7684 Y104.6342 Z4.3336 E0.02194 F600
G1 X99.6156 Y104.4824 Z4.2800 E0.01993 F600
G1 X99.5286 Y104.2854 Z4.3336 E0.01993 F600
G1 X99.5229 Y104.0898 Z4.4800 E0.02194 F600
G1 X99.5852 Y103.9374 Z4.6800 E0.02326 F600
G1 X99.6818 Y103.8504 Z4.8800 E0.02143 F600
G1 X99.7735 Y103.8298 Z5.0264 E0.01562 F600
G1 X99.8270 Y103.8620 Z5.0800 E0.00739 F600
G1 X99.8216 Y103.9241 Z5.0264 E0.00739 F600
G1 X99.7510 Y103.9862 Z4.8800 E0.01562 F600
G1 X99.6238 Y104.0132 Z4.6800 E0.02143 F600
G1 X99.4639 Y103.9741 Z4.4800 E0.02326 F600
G1 X99.3091 Y103.8545 Z4.3336 E0.02194 F600
G1 X99.2008 Y103.6683 Z4.2800 E0.01993 F600
G1 X99.1678 Y103.4555 Z4.3336 E0.01993 F600
G1 X99.2129 Y103.2651 Z4.4800 E0.02194 F600
G1 X99.3124 Y103.1340 Z4.6800 E0.02326 F600
G1 X99.4284 Y103.0750 Z4.8800 E0.02143 F600
G1 X99.5222 Y103.0788 Z5.0264 E0.01562 F600
G1 X99.5656 Y103.1237 Z5.0800 E0.00739 F600
G1 X99.5443 Y103.1824 Z5.0264 E0.00739 F600
G1 X99.4600 Y103.2241 Z4.8800 E0.01562 F600
G1 X99.3301 Y103.2173 Z4.6800 E0.02143 F600
G1 X99.1859 Y103.1380 Z4.4800 E0.02326 F600
G1 X99.0672 Y102.9824 Z4.3336 E0.02194 F600
G1 X99.0108 Y102.7746 Z4.2800 E0.01993 F600
G1 X99.0340 Y102.5605 Z4.3336 E0.01993 F600
G1 X99.1268 Y102.3883 Z4.4800 E0.02194 F600
G1 X99.2570 Y102.2874 Z4.6800 E0.02326 F600
G1 X99.3842 Y102.2604 Z4.8800 E0.02143 F600
G1 X99.4739 Y102.2884 Z5.0264 E0.01562 F600
G1 X99.5041 Y102.3430 Z5.0800 E0.00739 F600
G1 X99.4684 Y102.3941 Z5.0264 E0.00739 F600
G1 X99.3762 Y102.4126 Z4.8800 E0.01562 F600
G1 X99.2525 Y102.3724 Z4.6800 E0.02143 F600
G1 X99.1336 Y102.2585 Z4.4800 E0.02326 F600
G1 X99.0593 Y102.0775 Z4.3336 E0.02194 F600
G1 X99.0586 Y101.8622 Z4.2800 E0.01993 F600
G1 X99.1365 Y101.6614 Z4.3336 E0.01993 F600
G1 X99.2707 Y101.5190 Z4.4800 E0.02194 F600
G1 X99.4225 Y101.4553 Z4.6800 E0.02326 F600
G1 X99.5524 Y101.4621 Z4.8800 E0.02143 F600
G1 X99.6318 Y101.5124 Z5.0264 E0.01562 F600
G1 X99.6468 Y101.5729 Z5.0800 E0.00739 F600
G1 X99.5991 Y101.6131 Z5.0264 E0.00739 F600
G1 X99.5053 Y101.6071 Z4.8800 E0.01562 F600
G1 X99.3962 Y101.5362 Z4.6800 E0.02143 F600
G1 X99.3109 Y101.3955 Z4.4800 E0.02326 F600
G1 X99.2859 Y101.2014 Z4.3336 E0.02194 F600
G1 X99.3410 Y100.9932 Z4.2800 E0.01993 F600
G1 X99.4681 Y100.8194 Z4.3336 E0.01993 F600
G1 X99.6346 Y100.7167 Z4.4800 E0.02194 F600
G1 X99.7977 Y100.6944 Z4.6800 E0.02326 F600
G1 X99.9214 Y100.7346 Z4.8800 E0.02143 F600
G1 X99.9851 Y100.8037 Z5.0264 E0.01562 F600
G1 X99.9840 Y100.8661 Z5.0800 E0.00739 F600
G1 X99.9275 Y100.8925 Z5.0264 E0.00739 F600
G1 X99.8384 Y100.8624 Z4.8800 E0.01562 F600
G1 X99.7514 Y100.7658 Z4.6800 E0.02143 F600
G1 X99.7054 Y100.6077 Z4.4800 E0.02326 F600
G1 X99.7315 Y100.4138 Z4.3336 E0.02194 F600
G1 X99.8386 Y100.2269 Z4.2800 E0.01993 F600
G1 X100.0064 Y100.0920 Z4.3336 E0.01993 F600
G1 X100.1938 Y100.0358 Z4.4800 E0.02194 F600
G1 X100.3571 Y100.0565 Z4.6800 E0.02326 F600
G1 X100.4662 Y100.1274 Z4.8800 E0.02143 F600
G1 X100.5098 Y100.2106 Z5.0264 E0.01562 F600
G1 X100.4926 Y100.2706 Z5.0800 E0.00739 F600
; row 9/38
G1 X100.7384 Y100.0304 Z5.5264 E0.05059 F600
G1 X100.6677 Y99.9685 Z5.3800 E0.01562 F600
G1 X100.6243 Y99.8459 Z5.1800 E0.02143 F600
G1 X100.6423 Y99.6823 Z4.9800 E0.02326 F600
G1 X100.7406 Y99.5132 Z4.8336 E0.02194 F600
G1 X100.9110 Y99.3815 Z4.7800 E0.01993 F600
G1 X101.1177 Y99.3210 Z4.8336 E0.01993 F600
G1 X101.3124 Y99.3409 Z4.9800 E0.02194 F600
G1 X101.4553 Y99.4225 Z5.1800 E0.02326 F600
G1 X101.5290 Y99.5297 Z5.3800 E0.02143 F600
G1 X101.5375 Y99.6233 Z5.5264 E0.01562 F600
G1 X101.4986 Y99.6721 Z5.5800 E0.00739 F600
G1 X101.4376 Y99.6586 Z5.5264 E0.00739 F600
G1 X101.3853 Y99.5806 Z5.3800 E0.01562 F600
G1 X101.3751 Y99.4509 Z5.1800 E0.02143 F600
G1 X101.4348 Y99.2975 Z4.9800 E0.02326 F600
G1 X101.5736 Y99.1596 Z4.8336 E0.02194 F600
G1 X101.7723 Y99.0765 Z4.7800 E0.01993 F600
G1 X101.9876 Y99.0716 Z4.8336 E0.01993 F600
G1 X102.1705 Y99.1411 Z4.9800 E0.02194 F600
G1 X102.2874 Y99.2570 Z5.1800 E0.02326 F600
G1 X102.3308 Y99.3796 Z5.3800 E0.02143 F600
G1 X102.3148 Y99.4722 Z5.5264 E0.01562 F600
G1 X102.2646 Y99.5092 Z5.5800 E0.00739 F600
G1 X102.2093 Y99.4805 Z5.5264 E0.00739 F600
G1 X102.1789 Y99.3915 Z5.3800 E0.01562 F600
G1 X102.2026 Y99.2636 Z5.1800 E0.02143 F600
G1 X102.3000 Y99.1309 Z4.9800 E0.02326 F600
G1 X102.4697 Y99.0336 Z4.8336 E0.02194 F600
G1 X102.6832 Y99.0048 Z4.7800 E0.01993 F600
G1 X102.8924 Y99.0558 Z4.8336 E0.01993 F600
G1 X103.0511 Y99.1703 Z4.9800 E0.02194 F600
G1 X103.1340 Y99.3124 Z5.1800 E0.02326 F600
G1 X103.1442 Y99.4421 Z5.3800 E0.02143 F600
G1 X103.1048 Y99.5274 Z5.5264 E0.01562 F600
G1 X103.0467 Y99.5502 Z5.5800 E0.00739 F600
G1 X103.0007 Y99.5081 Z5.5264 E0.00739 F600
G1 X102.9944 Y99.4144 Z5.3800 E0.01562 F600
G1 X103.0504 Y99.2969 Z5.1800 E0.02143 F600
G1 X103.1788 Y99.1940 Z4.9800 E0.02326 F600
G1 X103.3679 Y99.1439 Z4.8336 E0.02194 F600
G1 X103.5816 Y99.1713 Z4.7800 E0.01993 F600
G1 X103.7705 Y99.2747 Z4.8336 E0.01993 F600
G1 X103.8941 Y99.4264 Z4.9800 E0.02194 F600
G1 X103.9374 Y99.5852 Z5.1800 E0.02326 F600
G1 X103.9137 Y99.7131 Z5.3800 E0.02143 F600
G1 X103.8535 Y99.7852 Z5.5264 E0.01562 F600
G1 X103.7915 Y99.7922 Z5.5800 E0.00739 F600
G1 X103.7580 Y99.7396 Z5.5264 E0.00739 F600
G1 X103.7762 Y99.6475 Z5.3800 E0.01562 F600
G1 X103.8606 Y99.5485 Z5.1800 E0.02143 F600
G1 X104.0113 Y99.4823 Z4.9800 E0.02326 F600
G1 X104.2070 Y99.4829 Z4.8336 E0.02194 F600
G1 X104.4062 Y99.5647 Z4.7800 E0.01993 F600
G1 X104.5620 Y99.7134 Z4.8336 E0.01993 F600
G1 X104.6421 Y99.8919 Z4.9800 E0.02194 F600
G1 X104.6429 Y100.0565 Z5.1800 E0.02326 F600
G1 X104.5869 Y100.1739 Z5.3800 E0.02143 F600
G1 X104.5101 Y100.2280 Z5.5264 E0.01562 F600
G1 X104.4483 Y100.2188 Z5.5800 E0.00739 F600
G1 X104.4295 Y100.1593 Z5.5264 E0.00739 F600
G1 X104.4710 Y100.0750 Z5.3800 E0.01562 F600
G1 X104.5782 Y100.0013 Z5.1800 E0.02143 F600
G1 X104.7409 Y99.9763 Z4.9800 E0.02326 F600
G1 X104.9297 Y100.0275 Z4.8336 E0.02194 F600
G1 X105.1010 Y100.1580 Z4.7800 E0.01993 F600
G1 X105.2129 Y100.3420 Z4.8336 E0.01993 F600
G1 X105.2441 Y100.5352 Z4.9800 E0.02194 F600
G1 X105.2023 Y100.6944 Z5.1800 E0.02326 F600
G1 X105.1178 Y100.7933 Z5.3800 E0.02143 F600
G1 X105.0296 Y100.8257 Z5.5264 E0.01562 F600
G1 X104.9724 Y100.8008 Z5.5800 E0.00739 F600
G1 X104.9696 Y100.7384 Z5.5264 E0.00739 F600
G1 X105.0315 Y100.6677 Z5.3800 E0.01562 F600
G1 X105.1541 Y100.6243 Z5.1800 E0.02143 F600
G1 X105.3177 Y100.6423 Z4.9800 E0.02326 F600
G1 X105.4868 Y100.7406 Z4.8336 E0.02194 F600
G1 X105.6185 Y100.9110 Z4.7800 E0.01993 F600
G1 X105.6790 Y101.1177 Z4.8336 E0.01993 F600
G1 X105.6591 Y101.3124 Z4.9800 E0.02194 F600
G1 X105.5775 Y101.4553 Z5.1800 E0.02326 F600
G1 X105.4703 Y101.5290 Z5.3800 E0.02143 F600
G1 X105.3767 Y101.5375 Z5.5264 E0.01562 F600
G1 X105.3279 Y101.4986 Z5.5800 E0.00739 F600
G1 X105.3414 Y101.4376 Z5.5264 E0.00739 F600
G1 X105.4194 Y101.3853 Z5.3800 E0.01562 F600
G1 X105.5491 Y101.3751 Z5.1800 E0.02143 F600
G1 X105.7025 Y101.4348 Z4.9800 E0.02326 F600
G1 X105.8404 Y101.5736 Z4.8336 E0.02194 F600
G1 X105.9235 Y101.7723 Z4.7800 E0.01993 F600
G1 X105.9284 Y101.9876 Z4.8336 E0.01993 F600
G1 X105.8589 Y102.1705 Z4.9800 E0.02194 F600
G1 X105.7430 Y102.2874 Z5.1800 E0.02326 F600
G1 X105.6204 Y102.3308 Z5.3800 E0.02143 F600
G1 X105.5278 Y102.3148 Z5.5264 E0.01562 F600
G1 X105.4908 Y102.2646 Z5.5800 E0.00739 F600
G1 X105.5195 Y102.2093 Z5.5264 E0.00739 F600
G1 X105.6085 Y102.1789 Z5.3800 E0.01562 F600
G1 X105.7364 Y102.2026 Z5.1800 E0.02143 F600
G1 X105.8691 Y102.3000 Z4.9800 E0.02326 F600
G1 X105.9664 Y102.4697 Z4.8336 E0.02194 F600
G1 X105.9952 Y102.6832 Z4.7800 E0.01993 F600
G1 X105.9442 Y102.8924 Z4.8336 E0.01993 F600
G1 X105.8297 Y103.0511 Z4.9800 E0.02194 F600
G1 X105.6876 Y103.1340 Z5.1800 E0.02326 F600
G1 X105.5579 Y103.1442 Z5.3800 E0.02143 F600
G1 X105.4726 Y103.1048 Z5.5264 E0.01562 F600
G1 X105.4498 Y103.0467 Z5.5800 E0.00739 F600
G1 X105.4919 Y103.0007 Z5.5264 E0.00739 F600
G1 X105.5856 Y102.9944 Z5.3800 E0.01562 F600
G1 X105.7031 Y103.0504 Z5.1800 E0.02143 F600
G1 X105.8060 Y103.1788 Z4.9800 E0.02326 F600
G1 X105.8561 Y103.3679 Z4.8336 E0.02194 F600
G1 X105.8287 Y103.5816 Z4.7800 E0.01993 F600
G1 X105.7253 Y103.7705 Z4.8336 E0.01993 F600
G1 X105.5736 Y103.8941 Z4.9800 E0.02194 F600
G1 X105.4148 Y103.9374 Z5.1800 E0.02326 F600
G1 X105.2869 Y103.9137 Z5.3800 E0.02143 F600
G1 X105.2148 Y103.8535 Z5.5264 E0.01562 F600
G1 X105.2078 Y103.7915 Z5.5800 E0.00739 F600
G1 X105.2604 Y103.7580 Z5.5264 E0.00739 F600
G1 X105.3525 Y103.7762 Z5.3800 E0.01562 F600
G1 X105.4515 Y103.8606 Z5.1800 E0.02143 F600
G1 X105.5177 Y104.0113 Z4.9800 E0.02326 F600
G1 X105.5171 Y104.2070 Z4.8336 E0.02194 F600
G1 X105.4353 Y104.4062 Z4.7800 E0.01993 F600
G1 X105.2866 Y104.5620 Z4.8336 E0.01993 F600
G1 X105.1081 Y104.6421 Z4.9800 E0.02194 F600
G1 X104.9435 Y104.6429 Z5.1800 E0.02326 F600
G1 X104.8261 Y104.5869 Z5.3800 E0.02143 F600
G1 X104.7720 Y104.5101 Z5.5264 E0.01562 F600
G1 X104.7812 Y104.4483 Z5.5800 E0.00739 F600
G1 X104.8407 Y104.4295 Z5.5264 E0.00739 F600
G1 X104.9250 Y104.4710 Z5.3800 E0.01562 F600
G1 X104.9987 Y104.5782 Z5.1800 E0.02143 F600
G1 X105.0237 Y104.7409 Z4.9800 E0.02326 F600
G1 X104.9725 Y104.9297 Z4.8336 E0.02194 F600
G1 X104.8420 Y105.1010 Z4.7800 E0.01993 F600
G1 X104.6580 Y105.2129 Z4.8336 E0.01993 F600
G1 X104.4648 Y105.2441 Z4.9800 E0.02194 F600
G1 X104.3056 Y105.2023 Z5.1800 E0.02326 F600
G1 X104.2067 Y105.1178 Z5.3800 E0.02143 F600
G1 X104.1743 Y105.0296 Z5.5264 E0.01562 F600
G1 X104.1992 Y104.9724 Z5.5800 E0.00739 F600
G1 X104.2616 Y104.9696 Z5.5264 E0.00739 F600
G1 X104.3323 Y105.0315 Z5.3800 E0.01562 F600
G1 X104.3757 Y105.1541 Z5.1800 E0.02143 F600
G1 X104.3577 Y105.3177 Z4.9800 E0.02326 F600
G1 X104.2594 Y105.4868 Z4.8336 E0.02194 F600
G1 X104.0890 Y105.6185 Z4.7800 E0.01993 F600
G1 X103.8823 Y105.6790 Z4.8336 E0.01993 F600
G1 X103.6876 Y105.6591 Z4.9800 E0.02194 F600
G1 X103.5447 Y105.5775 Z5.1800 E0.02326 F600
G1 X103.4710 Y105.4703 Z5.3800 E0.02143 F600
G1 X103.4625 Y105.3767 Z5.5264 E0.01562 F600
G1 X103.5014 Y105.3279 Z5.5800 E0.00739 F600
G1 X103.5624 Y105.3414 Z5.5264 E0.00739 F600
G1 X103.6147 Y105.4194 Z5.3800 E0.01562 F600
G1 X103.6249 Y105.5491 Z5.1800 E0.02143 F600
G1 X103.5652 Y105.7025 Z4.9800 E0.02326 F600
G1 X103.4264 Y105.8404 Z4.8336 E0.02194 F600
G1 X103.2277 Y105.9235 Z4.7800 E0.01993 F600
G1 X103.0124 Y105.9284 Z4.8336 E0.01993 F600
G1 X102.8295 Y105.8589 Z4.9800 E0.02194 F600
G1 X102.7126 Y105.7430 Z5.1800 E0.02326 F600
G1 X102.6692 Y105.6204 Z5.3800 E0.02143 F600
G1 X102.6852 Y105.5278 Z5.5264 E0.01562 F600
G1 X102.7354 Y105.4908 Z5.5800 E0.00739 F600
G1 X102.7907 Y105.5195 Z5.5264 E0.00739 F600
G1 X102.8211 Y105.6085 Z5.3800 E0.01562 F600
G1 X102.7974 Y105.7364 Z5.1800 E0.02143 F600
G1 X102.7000 Y105.8691 Z4.9800 E0.02326 F600
G1 X102.5303 Y105.9664 Z4.8336 E0.02194 F600
G1 X102.3168 Y105.9952 Z4.7800 E0.01993 F600
G1 X102.1076 Y105.9442 Z4.8336 E0.01993 F600
G1 X101.9489 Y105.8297 Z4.9800 E0.02194 F600
G1 X101.8660 Y105.6876 Z5.1800 E0.02326 F600
G1 X101.8558 Y105.5579 Z5.3800 E0.02143 F600
G1 X101.8952 Y105.4726 Z5.5264 E0.01562 F600
G1 X101.9533 Y105.4498 Z5.5800 E0.00739 F600
G1 X101.9993 Y105.4919 Z5.5264 E0.00739 F600
G1 X102.0056 Y105.5856 Z5.3800 E0.01562 F600
G1 X101.9496 Y105.7031 Z5.1800 E0.02143 F600
G1 X101.8212 Y105.8060 Z4.9800 E0.02326 F600
G1 X101.6321 Y105.8561 Z4.8336 E0.02194 F600
G1 X101.4184 Y105.8287 Z4.7800 E0.01993 F600
G1 X101.2295 Y105.7253 Z4.8336 E0.01993 F600
G1 X101.1059 Y105.5736 Z4.9800 E0.02194 F600
G1 X101.0626 Y105.4148 Z5.1800 E0.02326 F600
G1 X101.0863 Y105.2869 Z5.3800 E0.02143 F600
G1 X101.1465 Y105.2148 Z5.5264 E0.01562 F600
G1 X101.2085 Y105.2078 Z5.5800 E0.00739 F600
G1 X101.2420 Y105.2604 Z5.5264 E0.00739 F600
G1 X101.2238 Y105.3525 Z5.3800 E0.01562 F600
G1 X101.1394 Y105.4515 Z5.1800 E0.02143 F600
G1 X100.9887 Y105.5177 Z4.9800 E0.02326 F600
G1 X100.7930 Y105.5171 Z4.8336 E0.02194 F600
G1 X100.5938 Y105.4353 Z4.7800 E0.01993 F600
G1 X100.4380 Y105.2866 Z4.8336 E0.01993 F600
G1 X100.3579 Y105.1081 Z4.9800 E0.02194 F600
G1 X100.3571 Y104.9435 Z5.1800 E0.02326 F600
G1 X100.4131 Y104.8261 Z5.3800 E0.02143 F600
G1 X100.4899 Y104.7720 Z5.5264 E0.01562 F600
G1 X100.5517 Y104.7812 Z5.5800 E0.00739 F600
G1 X100.5705 Y104.8407 Z5.5264 E0.00739 F600
G1 X100.5290 Y104.9250 Z5.3800 E0.01562 F600
G1 X100.4218 Y104.9987 Z5.1800 E0.02143 F600
G1 X100.2591 Y105.0237 Z4.9800 E0.02326 F600
G1 X100.0703 Y104.9725 Z4.8336 E0.02194 F600
G1 X99.8990 Y104.8420 Z4.7800 E0.01993 F600
G1 X99.7871 Y104.6580 Z4.8336 E0.01993 F600
G1 X99.7559 Y104.4648 Z4.9800 E0.02194 F600
G1 X99.7977 Y104.3056 Z5.1800 E0.02326 F600
G1 X99.8822 Y104.2067 Z5.3800 E0.02143 F600
G1 X99.9704 Y104.1743 Z5.5264 E0.01562 F600
G1 X100.0276 Y104.1992 Z5.5800 E0.00739 F600
G1 X100.0304 Y104.2616 Z5.5264 E0.00739 F600
G1 X99.9685 Y104.3323 Z5.3800 E0.01562 F600
G1 X99.8459 Y104.3757 Z5.1800 E0.02143 F600
G1 X99.6823 Y104.3577 Z4.9800 E0.02326 F600
G1 X99.5132 Y104.2594 Z4.8336 E0.02194 F600
G1 X99.3815 Y104.0890 Z4.7800 E0.01993 F600
G1 X99.3210 Y103.8823 Z4.8336 E0.01993 F600
G1 X99.3409 Y103.6876 Z4.9800 E0.02194 F600
G1 X99.4225 Y103.5447 Z5.1800 E0.02326 F600
G1 X99.5297 Y103.4710 Z5.3800 E0.02143 F600
G1 X99.6233 Y103.4625 Z5.5264 E0.01562 F600
G1 X99.6721 Y103.5014 Z5.5800 E0.00739 F600
G1 X99.6586 Y103.5624 Z5.5264 E0.00739 F600
G1 X99.5806 Y103.6147 Z5.3800 E0.01562 F600
G1 X99.4509 Y103.6249 Z5.1800 E0.02143 F600
G1 X99.2975 Y103.5652 Z4.9800 E0.02326 F600
G1 X99.1596 Y103.4264 Z4.8336 E0.02194 F600
G1 X99.0765 Y103.2277 Z4.7800 E0.01993 F600
G1 X99.0716 Y103.0124 Z4.8336 E0.01993 F600
G1 X99.1411 Y102.8295 Z4.9800 E0.02194 F600
G1 X99.2570 Y102.7126 Z5.1800 E0.02326 F600
G1 X99.3796 Y102.6692 Z5.3800 E0.02143 F600
G1 X99.4722 Y102.6852 Z5.5264 E0.01562 F600
G1 X99.5092 Y102.7354 Z5.5800 E0.00739 F600
G1 X99.4805 Y102.7907 Z5.5264 E0.00739 F600
G1 X99.3915 Y102.8211 Z5.3800 E0.01562 F600
G1 X99.2636 Y102.7974 Z5.1800 E0.02143 F600
G1 X99.1309 Y102.7000 Z4.9800 E0.02326 F600
G1 X99.0336 Y102.5303 Z4.8336 E0.02194 F600
G1 X99.0048 Y102.3168 Z4.7800 E0.01993 F600
G1 X99.0558 Y102.1076 Z4.8336 E0.01993 F600
G1 X99.1703 Y101.9489 Z4.9800 E0.02194 F600
G1 X99.3124 Y101.8660 Z5.1800 E0.02326 F600
G1 X99.4421 Y101.8558 Z5.3800 E0.02143 F600
G1 X99.5274 Y101.8952 Z5.5264 E0.01562 F600
G1 X99.5502 Y101.9533 Z5.5800 E0.00739 F600
G1 X99.5081 Y101.9993 Z5.5264 E0.00739 F600
G1 X99.4144 Y102.0056 Z5.3800 E0.01562 F600
G1 X99.2969 Y101.9496 Z5.1800 E0.02143 F600
G1 X99.1940 Y101.8212 Z4.9800 E0.02326 F600
G1 X99.1439 Y101.6321 Z4.8336 E0.02194 F600
G1 X99.1713 Y101.4184 Z4.7800 E0.01993 F600
G1 X99.2747 Y101.2295 Z4.8336 E0.01993 F600
G1 X99.4264 Y101.1059 Z4.9800 E0.02194 F600
G1 X99.5852 Y101.0626 Z5.1800 E0.02326 F600
G1 X99.7131 Y101.0863 Z5.3800 E0.02143 F600
G1 X99.7852 Y101.1465 Z5.5264 E0.01562 F600
G1 X99.7922 Y101.2085 Z5.5800 E0.00739 F600
G1 X99.7396 Y101.2420 Z5.5264 E0.00739 F600
G1 X99.6475 Y101.2238 Z5.3800 E0.01562 F600
G1 X99.5485 Y101.1394 Z5.1800 E0.02143 F600
G1 X99.4823 Y100.9887 Z4.9800 E0.02326 F600
G1 X99.4829 Y100.7930 Z4.8336 E0.02194 F600
G1 X99.5647 Y100.5938 Z4.7800 E0.01993 F600
G1 X99.7134 Y100.4380 Z4.8336 E0.01993 F600
G1 X99.8919 Y100.3579 Z4.9800 E0.02194 F600
G1 X100.0565 Y100.3571 Z5.1800 E0.02326 F600
G1 X100.1739 Y100.4131 Z5.3800 E0.02143 F600
G1 X100.2280 Y100.4899 Z5.5264 E0.01562 F600
G1 X100.2188 Y100.5517 Z5.5800 E0.00739 F600
G1 X100.1593 Y100.5705 Z5.5264 E0.00739 F600
G1 X100.0750 Y100.5290 Z5.3800 E0.01562 F600
G1 X100.0013 Y100.4218 Z5.1800 E0.02143 F600
G1 X99.9763 Y100.2591 Z4.9800 E0.02326 F600
G1 X100.0275 Y100.0703 Z4.8336 E0.02194 F600
G1 X100.1580 Y99.8990 Z4.7800 E0.01993 F600
G1 X100.3420 Y99.7871 Z4.8336 E0.01993 F600
G1 X100.5352 Y99.7559 Z4.9800 E0.02194 F600
G1 X100.6944 Y99.7977 Z5.1800 E0.02326 F600
G1 X100.7933 Y99.8822 Z5.3800 E0.02143 F600
G1 X100.8257 Y99.9704 Z5.5264 E0.01562 F600
G1 X100.8008 Y100.0276 Z5.5800 E0.00739 F600
; row 10/38
G1 X100.4312 Y100.2814 Z6.0264 E0.05682 F600
G1 X100.3530 Y100.2293 Z5.8800 E0.01562 F600
G1 X100.2939 Y100.1135 Z5.6800 E0.02143 F600
G1 X100.2904 Y99.9489 Z5.4800 E0.02326 F600
G1 X100.3658 Y99.7684 Z5.3336 E0.02194 F600
G1 X100.5176 Y99.6156 Z5.2800 E0.01993 F600
G1 X100.7146 Y99.5286 Z5.3336 E0.01993 F600
G1 X100.9102 Y99.5229 Z5.4800 E0.02194 F600
G1 X101.0626 Y99.5852 Z5.6800 E0.02326 F600
G1 X101.1496 Y99.6818 Z5.8800 E0.02143 F600
G1 X101.1702 Y99.7735 Z6.0264 E0.01562 F600
G1 X101.1380 Y99.8270 Z6.0800 E0.00739 F600
G1 X101.0759 Y99.8216 Z6.0264 E0.00739 F600
G1 X101.0138 Y99.7510 Z5.8800 E0.01562 F600
G1 X100.9868 Y99.6238 Z5.6800 E0.02143 F600
G1 X101.0259 Y99.4639 Z5.4800 E0.02326 F600
G1 X101.1455 Y99.3091 Z5.3336 E0.02194 F600
G1 X101.3317 Y99.2008 Z5.2800 E0.01993 F600
G1 X101.5445 Y99.1678 Z5.3336 E0.01993 F600
G1 X101.7349 Y99.2129 Z5.4800 E0.02194 F600
G1 X101.8660 Y99.3124 Z5.6800 E0.02326 F600
G1 X101.9250 Y99.4284 Z5.8800 E0.02143 F600
G1 X101.9212 Y99.5222 Z6.0264 E0.01562 F600
G1 X101.8763 Y99.5656 Z6.0800 E0.00739 F600
G1 X101.8176 Y99.5443 Z6.0264 E0.00739 F600
G1 X101.7759 Y99.4600 Z5.8800 E0.01562 F600
G1 X101.7827 Y99.3301 Z5.6800 E0.02143 F600
G1 X101.8620 Y99.1859 Z5.4800 E0.02326 F600
G1 X102.0176 Y99.0672 Z5.3336 E0.02194 F600
G1 X102.2254 Y99.0108 Z5.2800 E0.01993 F600
G1 X102.4395 Y99.0340 Z5.3336 E0.01993 F600
G1 X102.6117 Y99.1268 Z5.4800 E0.02194 F600
G1 X102.7126 Y99.2570 Z5.6800 E0.02326 F600
G1 X102.7396 Y99.3842 Z5.8800 E0.02143 F600
G1 X102.7116 Y99.4739 Z6.0264 E0.01562 F600
G1 X102.6570 Y99.5041 Z6.0800 E0.00739 F600
G1 X102.6059 Y99.4684 Z6.0264 E0.00739 F600
G1 X102.5874 Y99.3762 Z5.8800 E0.01562 F600
G1 X102.6276 Y99.2525 Z5.6800 E0.02143 F600
G1 X102.7415 Y99.1336 Z5.4800 E0.02326 F600
G1 X102.9225 Y99.0593 Z5.3336 E0.02194 F600
G1 X103.1378 Y99.0586 Z5.2800 E0.01993 F600
G1 X103.3386 Y99.1365 Z5.3336 E0.01993 F600
G1 X103.4810 Y99.2707 Z5.4800 E0.02194 F600
G1 X103.5447 Y99.4225 Z5.6800 E0.02326 F600
G1 X103.5379 Y99.5524 Z5.8800 E0.02143 F600
G1 X103.4876 Y99.6318 Z6.0264 E0.01562 F600
G1 X103.4271 Y99.6468 Z6.0800 E0.00739 F600
G1 X103.3869 Y99.5991 Z6.0264 E0.00739 F600
G1 X103.3929 Y99.5053 Z5.8800 E0.01562 F600
G1 X103.4638 Y99.3962 Z5.6800 E0.02143 F600
G1 X103.6045 Y99.3109 Z5.4800 E0.02326 F600
G1 X103.7986 Y99.2859 Z5.3336 E0.02194 F600
G1 X104.0068 Y99.3410 Z5.2800 E0.01993 F600
G1 X104.1806 Y99.4681 Z5.3336 E0.01993 F600
G1 X104.2833 Y99.6346 Z5.4800 E0.02194 F600
G1 X104.3056 Y99.7977 Z5.6800 E0.02326 F600
G1 X104.2654 Y99.9214 Z5.8800 E0.02143 F600
G1 X104.1963 Y99.9851 Z6.0264 E0.01562 F600
G1 X104.1339 Y99.9840 Z6.0800 E0.00739 F600
G1 X104.1075 Y99.9275 Z6.0264 E0.00739 F600
G1 X104.1376 Y99.8384 Z5.8800 E0.01562 F600
G1 X104.2342 Y99.7514 Z5.6800 E0.02143 F600
G1 X104.3923 Y99.7054 Z5.4800 E0.02326 F600
G1 X104.5862 Y99.7315 Z5.3336 E0.02194 F600
G1 X104.7731 Y99.8386 Z5.2800 E0.01993 F600
G1 X104.9080 Y100.0064 Z5.3336 E0.01993 F600
G1 X104.9642 Y100.1938 Z5.4800 E0.02194 F600
G1 X104.9435 Y100.3571 Z5.6800 E0.02326 F600
G1 X104.8726 Y100.4662 Z5.8800 E0.02143 F600
G1 X104.7894 Y100.5098 Z6.0264 E0.01562 F600
G1 X104.7294 Y100.4926 Z6.0800 E0.00739 F600
G1 X104.7186 Y100.4312 Z6.0264 E0.00739 F600
G1 X104.7707 Y100.3530 Z5.8800 E0.01562 F600
G1 X104.8865 Y100.2939 Z5.6800 E0.02143 F600
G1 X105.0511 Y100.2904 Z5.4800 E0.02326 F600
G1 X105.2316 Y100.3658 Z5.3336 E0.02194 F600
G1 X105.3844 Y100.5176 Z5.2800 E0.01993 F600
G1 X105.4714 Y100.7146 Z5.3336 E0.01993 F600
G1 X105.4771 Y100.9102 Z5.4800 E0.02194 F600
G1 X105.4148 Y101.0626 Z5.6800 E0.02326 F600
G1 X105.3182 Y101.1496 Z5.8800 E0.02143 F600
G1 X105.2265 Y101.1702 Z6.0264 E0.01562 F600
G1 X105.1730 Y101.1380 Z6.0800 E0.00739 F600
G1 X105.1784 Y101.0759 Z6.0264 E0.00739 F600
G1 X105.2490 Y101.0138 Z5.8800 E0.01562 F600
G1 X105.3762 Y100.9868 Z5.6800 E0.02143 F600
G1 X105.5361 Y101.0259 Z5.4800 E0.02326 F600
G1 X105.6909 Y101.1455 Z5.3336 E0.02194 F600
G1 X105.7992 Y101.3317 Z5.2800 E0.01993 F600
G1 X105.8322 Y101.5445 Z5.3336 E0.01993 F600
G1 X105.7871 Y101.7349 Z5.4800 E0.02194 F600
G1 X105.6876 Y101.8660 Z5.6800 E0.02326 F600
G1 X105.5716 Y101.9250 Z5.8800 E0.02143 F600
G1 X105.4778 Y101.9212 Z6.0264 E0.01562 F600
G1 X105.4344 Y101.8763 Z6.0800 E0.00739 F600
G1 X105.4557 Y101.8176 Z6.0264 E0.00739 F600
G1 X105.5400 Y101.7759 Z5.8800 E0.01562 F600
G1 X105.6699 Y101.7827 Z5.6800 E0.02143 F600
G1 X105.8141 Y101.8620 Z5.4800 E0.02326 F600
G1 X105.9328 Y102.0176 Z5.3336 E0.02194 F600
G1 X105.9892 Y102.2254 Z5.2800 E0.01993 F600
G1 X105.9660 Y102.4395 Z5.3336 E0.01993 F600
G1 X105.8732 Y102.6117 Z5.4800 E0.02194 F600
G1 X105.7430 Y102.7126 Z5.6800 E0.02326 F600
G1 X105.6158 Y102.7396 Z5.8800 E0.02143 F600
G1 X105.5261 Y102.7116 Z6.0264 E0.01562 F600
G1 X105.4959 Y102.6570 Z6.0800 E0.00739 F600
G1 X105.5316 Y102.6059 Z6.0264 E0.00739 F600
G1 X105.6238 Y102.5874 Z5.8800 E0.01562 F600
G1 X105.7475 Y102.6276 Z5.6800 E0.02143 F600
G1 X105.8664 Y102.7415 Z5.4800 E0.02326 F600
G1 X105.9407 Y102.9225 Z5.3336 E0.02194 F600
G1 X105.9414 Y103.1378 Z5.2800 E0.01993 F600
G1 X105.8635 Y103.3386 Z5.3336 E0.01993 F600
G1 X105.7293 Y103.4810 Z5.4800 E0.02194 F600
G1 X105.5775 Y103.5447 Z5.6800 E0.02326 F600
G1 X105.4476 Y103.5379 Z5.8800 E0.02143 F600
G1 X105.3682 Y103.4876 Z6.0264 E0.01562 F600
G1 X105.3532 Y103.4271 Z6.0800 E0.00739 F600
G1 X105.4009 Y103.3869 Z6.0264 E0.00739 F600
G1 X105.4947 Y103.3929 Z5.8800 E0.01562 F600
G1 X105.6038 Y103.4638 Z5.6800 E0.02143 F600
G1 X105.6891 Y103.6045 Z5.4800 E0.02326 F600
G1 X105.7141 Y103.7986 Z5.3336 E0.02194 F600
G1 X105.6590 Y104.0068 Z5.2800 E0.01993 F600
G1 X105.5319 Y104.1806 Z5.3336 E0.01993 F600
G1 X105.3654 Y104.2833 Z5.4800 E0.02194 F600
G1 X105.2023 Y104.3056 Z5.6800 E0.02326 F600
G1 X105.0786 Y104.2654 Z5.8800 E0.02143 F600
G1 X105.0149 Y104.1963 Z6.0264 E0.01562 F600
G1 X105.0160 Y104.1339 Z6.0800 E0.00739 F600
G1 X105.0725 Y104.1075 Z6.0264 E0.00739 F600
G1 X105.1616 Y104.1376 Z5.8800 E0.01562 F600
G1 X105.2486 Y104.2342 Z5.6800 E0.02143 F600
G1 X105.2946 Y104.3923 Z5.4800 E0.02326 F600
G1 X105.2685 Y104.5862 Z5.3336 E0.02194 F600
G1 X105.1614 Y104.7731 Z5.2800 E0.01993 F600
G1 X104.9936 Y104.9080 Z5.3336 E0.01993 F600
G1 X104.8062 Y104.9642 Z5.4800 E0.02194 F600
G1 X104.6429 Y104.9435 Z5.6800 E0.02326 F600
G1 X104.5338 Y104.8726 Z5.8800 E0.02143 F600
G1 X104.4902 Y104.7894 Z6.0264 E0.01562 F600
G1 X104.5074 Y104.7294 Z6.0800 E0.00739 F600
G1 X104.5688 Y104.7186 Z6.0264 E0.00739 F600
G1 X104.6470 Y104.7707 Z5.8800 E0.01562 F600
G1 X104.7061 Y104.8865 Z5.6800 E0.02143 F600
G1 X104.7096 Y105.0511 Z5.4800 E0.02326 F600
G1 X104.6342 Y105.2316 Z5.3336 E0.02194 F600
G1 X104.4824 Y105.3844 Z5.2800 E0.01993 F600
G1 X104.2854 Y105.4714 Z5.3336 E0.01993 F600
G1 X104.0898 Y105.4771 Z5.4800 E0.02194 F600
G1 X103.9374 Y105.4148 Z5.6800 E0.02326 F600
G1 X103.8504 Y105.3182 Z5.8800 E0.02143 F600
G1 X103.8298 Y105.2265 Z6.0264 E0.01562 F600
G1 X103.8620 Y105.1730 Z6.0800 E0.00739 F600
G1 X103.9241 Y105.1784 Z6.0264 E0.00739 F600
G1 X103.9862 Y105.2490 Z5.8800 E0.01562 F600
G1 X104.0132 Y105.3762 Z5.6800 E0.02143 F600
G1 X103.9741 Y105.5361 Z5.4800 E0.02326 F600
G1 X103.8545 Y105.6909 Z5.3336 E0.02194 F600
G1 X103.6683 Y105.7992 Z5.2800 E0.01993 F600
G1 X103.4555 Y105.8322 Z5.3336 E0.01993 F600
G1 X103.2651 Y105.7871 Z5.4800 E0.02194 F600
G1 X103.1340 Y105.6876 Z5.6800 E0.02326 F600
G1 X103.0750 Y105.5716 Z5.8800 E0.02143 F600
G1 X103.0788 Y105.4778 Z6.0264 E0.01562 F600
G1 X103.1237 Y105.4344 Z6.0800 E0.00739 F600
G1 X103.1824 Y105.4557 Z6.0264 E0.00739 F600
G1 X103.2241 Y105.5400 Z5.8800 E0.01562 F600
G1 X103.2173 Y105.6699 Z5.6800 E0.02143 F600
G1 X103.1380 Y105.8141 Z5.4800 E0.02326 F600
G1 X102.9824 Y105.9328 Z5.3336 E0.02194 F600
G1 X102.7746 Y105.9892 Z5.2800 E0.01993 F600
G1 X102.5605 Y105.9660 Z5.3336 E0.01993 F600
G1 X102.3883 Y105.8732 Z5.4800 E0.02194 F600
G1 X102.2874 Y105.7430 Z5.6800 E0.02326 F600
G1 X102.2604 Y105.6158 Z5.8800 E0.02143 F600
G1 X102.2884 Y105.5261 Z6.0264 E0.01562 F600
G1 X102.3430 Y105.4959 Z6.0800 E0.00739 F600
G1 X102.3941 Y105.5316 Z6.0264 E0.00739 F600
G1 X102.4126 Y105.6238 Z5.8800 E0.01562 F600
G1 X102.3724 Y105.7475 Z5.6800 E0.02143 F600
G1 X102.2585 Y105.8664 Z5.4800 E0.02326 F600
G1 X102.0775 Y105.9407 Z5.3336 E0.02194 F600
G1 X101.8622 Y105.9414 Z5.2800 E0.01993 F600
G1 X101.6614 Y105.8635 Z5.3336 E0.01993 F600
G1 X101.5190 Y105.7293 Z5.4800 E0.02194 F600
G1 X101.4553 Y105.5775 Z5.6800 E0.02326 F600
G1 X101.4621 Y105.4476 Z5.8800 E0.02143 F600
G1 X101.5124 Y105.3682 Z6.0264 E0.01562 F600
G1 X101.5729 Y105.3532 Z6.0800 E0.00739 F600
G1 X101.6131 Y105.4009 Z6.0264 E0.00739 F600
G1 X101.6071 Y105.4947 Z5.8800 E0.01562 F600
G1 X101.5362 Y105.6038 Z5.6800 E0.02143 F600
G1 X101.3955 Y105.6891 Z5.4800 E0.02326 F600
G1 X101.2014 Y105.7141 Z5.3336 E0.02194 F600
G1 X100.9932 Y105.6590 Z5.2800 E0.01993 F600
G1 X100.8194 Y105.5319 Z5.3336 E0.01993 F600
G1 X100.7167 Y105.3654 Z5.4800 E0.02194 F600
G1 X100.6944 Y105.2023 Z5.6800 E0.02326 F600
G1 X100.7346 Y105.0786 Z5.8800 E0.02143 F600
G1 X100.8037 Y105.0149 Z6.0264 E0.01562 F600
G1 X100.8661 Y105.0160 Z6.0800 E0.00739 F600
G1 X100.8925 Y105.0725 Z6.0264 E0.00739 F600
G1 X100.8624 Y105.1616 Z5.8800 E0.01562 F600
G1 X100.7658 Y105.2486 Z5.6800 E0.02143 F600
G1 X100.6077 Y105.2946 Z5.4800 E0.02326 F600
G1 X100.4138 Y105.2685 Z5.3336 E0.02194 F600
G1 X100.2269 Y105.1614 Z5.2800 E0.01993 F600
G1 X100.0920 Y104.9936 Z5.3336 E0.01993 F600
G1 X100.0358 Y104.8062 Z5.4800 E0.02194 F600
G1 X100.0565 Y104.6429 Z5.6800 E0.02326 F600
G1 X100.1274 Y104.5338 Z5.8800 E0.02143 F600
G1 X100.2106 Y104.4902 Z6.0264 E0.01562 F600
G1 X100.2706 Y104.5074 Z6.0800 E0.00739 F600
G1 X100.2814 Y104.5688 Z6.0264 E0.00739 F600
G1 X100.2293 Y104.6470 Z5.8800 E0.01562 F600
G1 X100.1135 Y104.7061 Z5.6800 E0.02143 F600
G1 X99.9489 Y104.7096 Z5.4800 E0.02326 F600
G1 X99.7684 Y104.6342 Z5.3336 E0.02194 F600
G1 X99.6156 Y104.4824 Z5.2800 E0.01993 F600
G1 X99.5286 Y104.2854 Z5.3336 E0.01993 F600
G1 X99.5229 Y104.0898 Z5.4800 E0.02194 F600
G1 X99.5852 Y103.9374 Z5.6800 E0.02326 F600
G1 X99.6818 Y103.8504 Z5.8800 E0.02143 F600
G1 X99.7735 Y103.8298 Z6.0264 E0.01562 F600
G1 X99.8270 Y103.8620 Z6.0800 E0.00739 F600
G1 X99.8216 Y103.9241 Z6.0264 E0.00739 F600
G1 X99.7510 Y103.9862 Z5.8800 E0.01562 F600
G1 X99.6238 Y104.0132 Z5.6800 E0.02143 F600
G1 X99.4639 Y103.9741 Z5.4800 E0.02326 F600
G1 X99.3091 Y103.8545 Z5.3336 E0.02194 F600
G1 X99.2008 Y103.6683 Z5.2800 E0.01993 F600
G1 X99.1678 Y103.4555 Z5.3336 E0.01993 F600
G1 X99.2129 Y103.2651 Z5.4800 E0.02194 F600
G1 X99.3124 Y103.1340 Z5.6800 E0.02326 F600
G1 X99.4284 Y103.0750 Z5.8800 E0.02143 F600
G1 X99.5222 Y103.0788 Z6.0264 E0.01562 F600
G1 X99.5656 Y103.1237 Z6.0800 E0.00739 F600
G1 X99.5443 Y103.1824 Z6.0264 E0.00739 F600
G1 X99.4600 Y103.2241 Z5.8800 E0.01562 F600
G1 X99.3301 Y103.2173 Z5.6800 E0.02143 F600
G1 X99.1859 Y103.1380 Z5.4800 E0.02326 F600
G1 X99.0672 Y102.9824 Z5.3336 E0.02194 F600
G1 X99.0108 Y102.7746 Z5.2800 E0.01993 F600
G1 X99.0340 Y102.5605 Z5.3336 E0.01993 F600
G1 X99.1268 Y102.3883 Z5.4800 E0.02194 F600
G1 X99.2570 Y102.2874 Z5.6800 E0.02326 F600
G1 X99.3842 Y102.2604 Z5.8800 E0.02143 F600
G1 X99.4739 Y102.2884 Z6.0264 E0.01562 F600
G1 X99.5041 Y102.3430 Z6.0800 E0.00739 F600
G1 X99.4684 Y102.3941 Z6.0264 E0.00739 F600
G1 X99.3762 Y102.4126 Z5.8800 E0.01562 F600
G1 X99.2525 Y102.3724 Z5.6800 E0.02143 F600
G1 X99.1336 Y102.2585 Z5.4800 E0.02326 F600
G1 X99.0593 Y102.0775 Z5.3336 E0.02194 F600
G1 X99.0586 Y101.8622 Z5.2800 E0.01993 F600
G1 X99.1365 Y101.6614 Z5.3336 E0.01993 F600
G1 X99.2707 Y101.5190 Z5.4800 E0.02194 F600
G1 X99.4225 Y101.4553 Z5.6800 E0.02326 F600
G1 X99.5524 Y101.4621 Z5.8800 E0.02143 F600
G1 X99.6318 Y101.5124 Z6.0264 E0.01562 F600
G1 X99.6468 Y101.5729 Z6.0800 E0.00739 F600
G1 X99.5991 Y101.6131 Z6.0264 E0.00739 F600
G1 X99.5053 Y101.6071 Z5.8800 E0.01562 F600
G1 X99.3962 Y101.5362 Z5.6800 E0.02143 F600
G1 X99.3109 Y101.3955 Z5.4800 E0.02326 F600
G1 X99.2859 Y101.2014 Z5.3336 E0.02194 F600
G1 X99.3410 Y100.9932 Z5.2800 E0.01993 F600
G1 X99.4681 Y100.8194 Z5.3336 E0.01993 F600
G1 X99.6346 Y100.7167 Z5.4800 E0.02194 F600
G1 X99.7977 Y100.6944 Z5.6800 E0.02326 F600
G1 X99.9214 Y100.7346 Z5.8800 E0.02143 F600
G1 X99.9851 Y100.8037 Z6.0264 E0.01562 F600
G1 X99.9840 Y100.8661 Z6.0800 E0.00739 F600
G1 X99.9275 Y100.8925 Z6.0264 E0.00739 F600
G1 X99.8384 Y100.8624 Z5.8800 E0.01562 F600
G1 X99.7514 Y100.7658 Z5.6800 E0.02143 F600
G1 X99.7054 Y100.6077 Z5.4800 E0.02326 F600
G1 X99.7315 Y100.4138 Z5.3336 E0.02194 F600
G1 X99.8386 Y100.2269 Z5.2800 E0.01993 F600
G1 X100.0064 Y100.0920 Z5.3336 E0.01993 F600
G1 X100.1938 Y100.0358 Z5.4800 E0.02194 F600
G1 X100.3571 Y100.0565 Z5.6800 E0.02326 F600
G1 X100.4662 Y100.1274 Z5.8800 E0.02143 F600
G1 X100.5098 Y100.2106 Z6.0264 E0.01562 F600
G1 X100.4926 Y100.2706 Z6.0800 E0.00739 F600
; row 11/38
G1 X100.7384 Y100.0304 Z6.5264 E0.05059 F600
G1 X100.6677 Y99.9685 Z6.3800 E0.01562 F600
G1 X100.6243 Y99.8459 Z6.1800 E0.02143 F600
G1 X100.6423 Y99.6823 Z5.9800 E0.02326 F600
G1 X100.7406 Y99.5132 Z5.8336 E0.02194 F600
G1 X100.9110 Y99.3815 Z5.7800 E0.01993 F600
G1 X101.1177 Y99.3210 Z5.8336 E0.01993 F600
G1 X101.3124 Y99.3409 Z5.9800 E0.02194 F600
G1 X101.4553 Y99.4225 Z6.1800 E0.02326 F600
G1 X101.5290 Y99.5297 Z6.3800 E0.02143 F600
G1 X101.5375 Y99.6233 Z6.5264 E0.01562 F600
G1 X101.4986 Y99.6721 Z6.5800 E0.00739 F600
G1 X101.4376 Y99.6586 Z6.5264 E0.00739 F600
G1 X101.3853 Y99.5806 Z6.3800 E0.01562 F600
G1 X101.3751 Y99.4509 Z6.1800 E0.02143 F600
G1 X101.4348 Y99.2975 Z5.9800 E0.02326 F600
G1 X101.5736 Y99.1596 Z5.8336 E0.02194 F600
G1 X101.7723 Y99.0765 Z5.7800 E0.01993 F600
G1 X101.9876 Y99.0716 Z5.8336 E0.01993 F600
G1 X102.1705 Y99.1411 Z5.9800 E0.02194 F600
G1 X102.2874 Y99.2570 Z6.1800 E0.02326 F600
G1 X102.3308 Y99.3796 Z6.3800 E0.02143 F600
G1 X102.3148 Y99.4722 Z6.5264 E0.01562 F600
G1 X102.2646 Y99.5092 Z6.5800 E0.00739 F600
G1 X102.2093 Y99.4805 Z6.5264 E0.00739 F600
G1 X102.1789 Y99.3915 Z6.3800 E0.01562 F600
G1 X102.2026 Y99.2636 Z6.1800 E0.02143 F600
G1 X102.3000 Y99.1309 Z5.9800 E0.02326 F600
G1 X102.4697 Y99.0336 Z5.8336 E0.02194 F600
G1 X102.6832 Y99.0048 Z5.7800 E0.01993 F600
G1 X102.8924 Y99.0558 Z5.8336 E0.01993 F600
G1 X103.0511 Y99.1703 Z5.9800 E0.02194 F600
G1 X103.1340 Y99.3124 Z6.1800 E0.02326 F600
G1 X103.1442 Y99.4421 Z6.3800 E0.02143 F600
G1 X103.1048 Y99.5274 Z6.5264 E0.01562 F600
G1 X103.0467 Y99.5502 Z6.5800 E0.00739 F600
G1 X103.0007 Y99.5081 Z6.5264 E0.00739 F600
G1 X102.9944 Y99.4144 Z6.3800 E0.01562 F600
G1 X103.0504 Y99.2969 Z6.1800 E0.02143 F600
G1 X103.1788 Y99.1940 Z5.9800 E0.02326 F600
G1 X103.3679 Y99.1439 Z5.8336 E0.02194 F600
G1 X103.5816 Y99.1713 Z5.7800 E0.01993 F600
G1 X103.7705 Y99.2747 Z5.8336 E0.01993 F600
G1 X103.8941 Y99.4264 Z5.9800 E0.02194 F600
G1 X103.9374 Y99.5852 Z6.1800 E0.02326 F600
G1 X103.9137 Y99.7131 Z6.3800 E0.02143 F600
G1 X103.8535 Y99.7852 Z6.5264 E0.01562 F600
G1 X103.7915 Y99.7922 Z6.5800 E0.00739 F600
G1 X103.7580 Y99.7396 Z6.5264 E0.00739 F600
G1 X103.7762 Y99.6475 Z6.3800 E0.01562 F600
G1 X103.8606 Y99.5485 Z6.1800 E0.02143 F600
G1 X104.0113 Y99.4823 Z5.9800 E0.02326 F600
G1 X104.2070 Y99.4829 Z5.8336 E0.02194 F600
G1 X104.4062 Y99.5647 Z5.7800 E0.01993 F600
G1 X104.5620 Y99.7134 Z5.8336 E0.01993 F600
G1 X104.6421 Y99.8919 Z5.9800 E0.02194 F600
G1 X104.6429 Y100.0565 Z6.1800 E0.02326 F600
G1 X104.5869 Y100.1739 Z6.3800 E0.02143 F600
G1 X104.5101 Y100.2280 Z6.5264 E0.01562 F600
G1 X104.4483 Y100.2188 Z6.5800 E0.00739 F600
G1 X104.4295 Y100.1593 Z6.5264 E0.00739 F600
G1 X104.4710 Y100.0750 Z6.3800 E0.01562 F600
G1 X104.5782 Y100.0013 Z6.1800 E0.02143 F600
G1 X104.7409 Y99.9763 Z5.9800 E0.02326 F600
G1 X104.9297 Y100.0275 Z5.8336 E0.02194 F600
G1 X105.1010 Y100.1580 Z5.7800 E0.01993 F600
G1 X105.2129 Y100.3420 Z5.8336 E0.01993 F600
G1 X105.2441 Y100.5352 Z5.9800 E0.02194 F600
G1 X105.2023 Y100.6944 Z6.1800 E0.02326 F600
G1 X105.1178 Y100.7933 Z6.3800 E0.02143 F600
G1 X105.0296 Y100.8257 Z6.5264 E0.01562 F600
G1 X104.9724 Y100.8008 Z6.5800 E0.00739 F600
G1 X104.9696 Y100.7384 Z6.5264 E0.00739 F600
G1 X105.0315 Y100.6677 Z6.3800 E0.01562 F600
G1 X105.1541 Y100.6243 Z6.1800 E0.02143 F600
G1 X105.3177 Y100.6423 Z5.9800 E0.02326 F600
G1 X105.4868 Y100.7406 Z5.8336 E0.02194 F600
G1 X105.6185 Y100.9110 Z5.7800 E0.01993 F600
G1 X105.6790 Y101.1177 Z5.8336 E0.01993 F600
G1 X105.6591 Y101.3124 Z5.9800 E0.02194 F600
G1 X105.5775 Y101.4553 Z6.1800 E0.02326 F600
G1 X105.4703 Y101.5290 Z6.3800 E0.02143 F600
G1 X105.3767 Y101.5375 Z6.5264 E0.01562 F600
G1 X105.3279 Y101.4986 Z6.5800 E0.00739 F600
G1 X105.3414 Y101.4376 Z6.5264 E0.00739 F600
G1 X105.4194 Y101.3853 Z6.3800 E0.01562 F600
G1 X105.5491 Y101.3751 Z6.1800 E0.02143 F600
G1 X105.7025 Y101.4348 Z5.9800 E0.02326 F600
G1 X105.8404 Y101.5736 Z5.8336 E0.02194 F600
G1 X105.9235 Y101.7723 Z5.7800 E0.01993 F600
G1 X105.9284 Y101.9876 Z5.8336 E0.01993 F600
G1 X105.8589 Y102.1705 Z5.9800 E0.02194 F600
G1 X105.7430 Y102.2874 Z6.1800 E0.02326 F600
G1 X105.6204 Y102.3308 Z6.3800 E0.02143 F600
G1 X105.5278 Y102.3148 Z6.5264 E0.01562 F600
G1 X105.4908 Y102.2646 Z6.5800 E0.00739 F600
G1 X105.5195 Y102.2093 Z6.5264 E0.00739 F600
G1 X105.6085 Y102.1789 Z6.3800 E0.01562 F600
G1 X105.7364 Y102.2026 Z6.1800 E0.02143 F600
G1 X105.8691 Y102.3000 Z5.9800 E0.02326 F600
G1 X105.9664 Y102.4697 Z5.8336 E0.02194 F600
G1 X105.9952 Y102.6832 Z5.7800 E0.01993 F600
G1 X105.9442 Y102.8924 Z5.8336 E0.01993 F600
G1 X105.8297 Y103.0511 Z5.9800 E0.02194 F600
G1 X105.6876 Y103.1340 Z6.1800 E0.02326 F600
G1 X105.5579 Y103.1442 Z6.3800 E0.02143 F600
G1 X105.4726 Y103.1048 Z6.5264 E0.01562 F600
G1 X105.4498 Y103.0467 Z6.5800 E0.00739 F600
G1 X105.4919 Y103.0007 Z6.5264 E0.00739 F600
G1 X105.5856 Y102.9944 Z6.3800 E0.01562 F600
G1 X105.7031 Y103.0504 Z6.1800 E0.02143 F600
G1 X105.8060 Y103.1788 Z5.9800 E0.02326 F600
G1 X105.8561 Y103.3679 Z5.8336 E0.02194 F600
G1 X105.8287 Y103.5816 Z5.7800 E0.01993 F600
G1 X105.7253 Y103.7705 Z5.8336 E0.01993 F600
G1 X105.5736 Y103.8941 Z5.9800 E0.02194 F600
G1 X105.4148 Y103.9374 Z6.1800 E0.02326 F600
G1 X105.2869 Y103.9137 Z6.3800 E0.02143 F600
G1 X105.2148 Y103.8535 Z6.5264 E0.01562 F600
G1 X105.2078 Y103.7915 Z6.5800 E0.00739 F600
G1 X105.2604 Y103.7580 Z6.5264 E0.00739 F600
G1 X105.3525 Y103.7762 Z6.3800 E0.01562 F600
G1 X105.4515 Y103.8606 Z6.1800 E0.02143 F600
G1 X105.5177 Y104.0113 Z5.9800 E0.02326 F600
G1 X105.5171 Y104.2070 Z5.8336 E0.02194 F600
G1 X105.4353 Y104.4062 Z5.7800 E0.01993 F600
G1 X105.2866 Y104.5620 Z5.8336 E0.01993 F600
G1 X105.1081 Y104.6421 Z5.9800 E0.02194 F600
G1 X104.9435 Y104.6429 Z6.1800 E0.02326 F600
G1 X104.8261 Y104.5869 Z6.3800 E0.02143 F600
G1 X104.7720 Y104.5101 Z6.5264 E0.01562 F600
G1 X104.7812 Y104.4483 Z6.5800 E0.00739 F600
G1 X104.8407 Y104.4295 Z6.5264 E0.00739 F600
G1 X104.9250 Y104.4710 Z6.3800 E0.01562 F600
G1 X104.9987 Y104.5782 Z6.1800 E0.02143 F600
G1 X105.0237 Y104.7409 Z5.9800 E0.02326 F600
G1 X104.9725 Y104.9297 Z5.8336 E0.02194 F600
G1 X104.8420 Y105.1010 Z5.7800 E0.01993 F600
G1 X104.6580 Y105.2129 Z5.8336 E0.01993 F600
G1 X104.4648 Y105.2441 Z5.9800 E0.02194 F600
G1 X104.3056 Y105.2023 Z6.1800 E0.02326 F600
G1 X104.2067 Y105.1178 Z6.3800 E0.02143 F600
G1 X104.1743 Y105.0296 Z6.5264 E0.01562 F600
G1 X104.1992 Y104.9724 Z6.5800 E0.00739 F600
G1 X104.2616 Y104.9696 Z6.5264 E0.00739 F600
G1 X104.3323 Y105.0315 Z6.3800 E0.01562 F600
G1 X104.3757 Y105.1541 Z6.1800 E0.02143 F600
G1 X104.3577 Y105.3177 Z5.9800 E0.02326 F600
G1 X104.2594 Y105.4868 Z5.8336 E0.02194 F600
G1 X104.0890 Y105.6185 Z5.7800 E0.01993 F600
G1 X103.8823 Y105.6790 Z5.8336 E0.01993 F600
G1 X103.6876 Y105.6591 Z5.9800 E0.02194 F600
G1 X103.5447 Y105.5775 Z6.1800 E0.02326 F600
G1 X103.4710 Y105.4703 Z6.3800 E0.02143 F600
G1 X103.4625 Y105.3767 Z6.5264 E0.01562 F600
G1 X103.5014 Y105.3279 Z6.5800 E0.00739 F600
G1 X103.5624 Y105.3414 Z6.5264 E0.00739 F600
G1 X103.6147 Y105.4194 Z6.3800 E0.01562 F600
G1 X103.6249 Y105.5491 Z6.1800 E0.02143 F600
G1 X103.5652 Y105.7025 Z5.9800 E0.02326 F600
G1 X103.4264 Y105.8404 Z5.8336 E0.02194 F600
G1 X103.2277 Y105.9235 Z5.7800 E0.01993 F600
G1 X103.0124 Y105.9284 Z5.8336 E0.01993 F600
G1 X102.8295 Y105.8589 Z5.9800 E0.02194 F600
G1 X102.7126 Y105.7430 Z6.1800 E0.02326 F600
G1 X102.6692 Y105.6204 Z6.3800 E0.02143 F600
G1 X102.6852 Y105.5278 Z6.5264 E0.01562 F600
G1 X102.7354 Y105.4908 Z6.5800 E0.00739 F600
G1 X102.7907 Y105.5195 Z6.5264 E0.00739 F600
G1 X102.8211 Y105.6085 Z6.3800 E0.01562 F600
G1 X102.7974 Y105.7364 Z6.1800 E0.02143 F600
G1 X102.7000 Y105.8691 Z5.9800 E0.02326 F600
G1 X102.5303 Y105.9664 Z5.8336 E0.02194 F600
G1 X102.3168 Y105.9952 Z5.7800 E0.01993 F600
G1 X102.1076 Y105.9442 Z5.8336 E0.01993 F600
G1 X101.9489 Y105.8297 Z5.9800 E0.02194 F600
G1 X101.8660 Y105.6876 Z6.1800 E0.02326 F600
G1 X101.8558 Y105.5579 Z6.3800 E0.02143 F600
G1 X101.8952 Y105.4726 Z6.5264 E0.01562 F600
G1 X101.9533 Y105.4498 Z6.5800 E0.00739 F600
G1 X101.9993 Y105.4919 Z6.5264 E0.00739 F600
G1 X102.0056 Y105.5856 Z6.3800 E0.01562 F600
G1 X101.9496 Y105.7031 Z6.1800 E0.02143 F600
G1 X101.8212 Y105.8060 Z5.9800 E0.02326 F600
G1 X101.6321 Y105.8561 Z5.8336 E0.02194 F600
G1 X101.4184 Y105.8287 Z5.7800 E0.01993 F600
G1 X101.2295 Y105.7253 Z5.8336 E0.01993 F600
G1 X101.1059 Y105.5736 Z5.9800 E0.02194 F600
G1 X101.0626 Y105.4148 Z6.1800 E0.02326 F600
G1 X101.0863 Y105.2869 Z6.3800 E0.02143 F600
G1 X101.1465 Y105.2148 Z6.5264 E0.01562 F600
G1 X101.2085 Y105.2078 Z6.5800 E0.00739 F600
G1 X101.2420 Y105.2604 Z6.5264 E0.00739 F600
G1 X101.2238 Y105.3525 Z6.3800 E0.01562 F600
G1 X101.1394 Y105.4515 Z6.1800 E0.02143 F600
G1 X100.9887 Y105.5177 Z5.9800 E0.02326 F600
G1 X100.7930 Y105.5171 Z5.8336 E0.02194 F600
G1 X100.5938 Y105.4353 Z5.7800 E0.01993 F600
G1 X100.4380 Y105.2866 Z5.8336 E0.01993 F600
G1 X100.3579 Y105.1081 Z5.9800 E0.02194 F600
G1 X100.3571 Y104.9435 Z6.1800 E0.02326 F600
G1 X100.4131 Y104.8261 Z6.3800 E0.02143 F600
G1 X100.4899 Y104.7720 Z6.5264 E0.01562 F600
G1 X100.5517 Y104.7812 Z6.5800 E0.00739 F600
G1 X100.5705 Y104.8407 Z6.5264 E0.00739 F600
G1 X100.5290 Y104.9250 Z6.3800 E0.01562 F600
G1 X100.4218 Y104.9987 Z6.1800 E0.02143 F600
G1 X100.2591 Y105.0237 Z5.9800 E0.02326 F600
G1 X100.0703 Y104.9725 Z5.8336 E0.02194 F600
G1 X99.8990 Y104.8420 Z5.7800 E0.01993 F600
G1 X99.7871 Y104.6580 Z5.8336 E0.01993 F600
G1 X99.7559 Y104.4648 Z5.9800 E0.02194 F600
G1 X99.7977 Y104.3056 Z6.1800 E0.02326 F600
G1 X99.8822 Y104.2067 Z6.3800 E0.02143 F600
G1 X99.9704 Y104.1743 Z6.5264 E0.01562 F600
G1 X100.0276 Y104.1992 Z6.5800 E0.00739 F600
G1 X100.0304 Y104.2616 Z6.5264 E0.00739 F600
G1 X99.9685 Y104.3323 Z6.3800 E0.01562 F600
G1 X99.8459 Y104.3757 Z6.1800 E0.02143 F600
G1 X99.6823 Y104.3577 Z5.9800 E0.02326 F600
G1 X99.5132 Y104.2594 Z5.8336 E0.02194 F600
G1 X99.3815 Y104.0890 Z5.7800 E0.01993 F600
G1 X99.3210 Y103.8823 Z5.8336 E0.01993 F600
G1 X99.3409 Y103.6876 Z5.9800 E0.02194 F600
G1 X99.4225 Y103.5447 Z6.1800 E0.02326 F600
G1 X99.5297 Y103.4710 Z6.3800 E0.02143 F600
G1 X99.6233 Y103.4625 Z6.5264 E0.01562 F600
G1 X99.6721 Y103.5014 Z6.5800 E0.00739 F600
G1 X99.6586 Y103.5624 Z6.5264 E0.00739 F600
G1 X99.5806 Y103.6147 Z6.3800 E0.01562 F600
G1 X99.4509 Y103.6249 Z6.1800 E0.02143 F600
G1 X99.2975 Y103.5652 Z5.9800 E0.02326 F600
G1 X99.1596 Y103.4264 Z5.8336 E0.02194 F600
G1 X99.0765 Y103.2277 Z5.7800 E0.01993 F600
G1 X99.0716 Y103.0124 Z5.8336 E0.01993 F600
G1 X99.1411 Y102.8295 Z5.9800 E0.02194 F600
G1 X99.2570 Y102.7126 Z6.1800 E0.02326 F600
G1 X99.3796 Y102.6692 Z6.3800 E0.02143 F600
G1 X99.4722 Y102.6852 Z6.5264 E0.01562 F600
G1 X99.5092 Y102.7354 Z6.5800 E0.00739 F600
G1 X99.4805 Y102.7907 Z6.5264 E0.00739 F600
G1 X99.3915 Y102.8211 Z6.3800 E0.01562 F600
G1 X99.2636 Y102.7974 Z6.1800 E0.02143 F600
G1 X99.1309 Y102.7000 Z5.9800 E0.02326 F600
G1 X99.0336 Y102.5303 Z5.8336 E0.02194 F600
G1 X99.0048 Y102.3168 Z5.7800 E0.01993 F600
G1 X99.0558 Y102.1076 Z5.8336 E0.01993 F600
G1 X99.1703 Y101.9489 Z5.9800 E0.02194 F600
G1 X99.3124 Y101.8660 Z6.1800 E0.02326 F600
G1 X99.4421 Y101.8558 Z6.3800 E0.02143 F600
G1 X99.5274 Y101.8952 Z6.5264 E0.01562 F600
G1 X99.5502 Y101.9533 Z6.5800 E0.00739 F600
G1 X99.5081 Y101.9993 Z6.5264 E0.00739 F600
G1 X99.4144 Y102.0056 Z6.3800 E0.01562 F600
G1 X99.2969 Y101.9496 Z6.1800 E0.02143 F600
G1 X99.1940 Y101.8212 Z5.9800 E0.02326 F600
G1 X99.1439 Y101.6321 Z5.8336 E0.02194 F600
G1 X99.1713 Y101.4184 Z5.7800 E0.01993 F600
G1 X99.2747 Y101.2295 Z5.8336 E0.01993 F600
G1 X99.4264 Y101.1059 Z5.9800 E0.02194 F600
G1 X99.5852 Y101.0626 Z6.1800 E0.02326 F600
G1 X99.7131 Y101.0863 Z6.3800 E0.02143 F600
G1 X99.7852 Y101.1465 Z6.5264 E0.01562 F600
G1 X99.7922 Y101.2085 Z6.5800 E0.00739 F600
G1 X99.7396 Y101.2420 Z6.5264 E0.00739 F600
G1 X99.6475 Y101.2238 Z6.3800 E0.01562 F600
G1 X99.5485 Y101.1394 Z6.1800 E0.02143 F600
G1 X99.4823 Y100.9887 Z5.9800 E0.02326 F600
G1 X99.4829 Y100.7930 Z5.8336 E0.02194 F600
G1 X99.5647 Y100.5938 Z5.7800 E0.01993 F600
G1 X99.7134 Y100.4380 Z5.8336 E0.01993 F600
G1 X99.8919 Y100.3579 Z5.9800 E0.02194 F600
G1 X100.0565 Y100.3571 Z6.1800 E0.02326 F600
G1 X100.1739 Y100.4131 Z6.3800 E0.02143 F600
G1 X100.2280 Y100.4899 Z6.5264 E0.01562 F600
G1 X100.2188 Y100.5517 Z6.5800 E0.00739 F600
G1 X100.1593 Y100.5705 Z6.5264 E0.00739 F600
G1 X100.0750 Y100.5290 Z6.3800 E0.01562 F600
G1 X100.0013 Y100.4218 Z6.1800 E0.02143 F600
G1 X99.9763 Y100.2591 Z5.9800 E0.02326 F600
G1 X100.0275 Y100.0703 Z5.8336 E0.02194 F600
G1 X100.1580 Y99.8990 Z5.7800 E0.01993 F600
G1 X100.3420 Y99.7871 Z5.8336 E0.01993 F600
G1 X100.5352 Y99.7559 Z5.9800 E0.02194 F600
G1 X100.6944 Y99.7977 Z6.1800 E0.02326 F600
G1 X100.7933 Y99.8822 Z6.3800 E0.02143 F600
G1 X100.8257 Y99.9704 Z6.5264 E0.01562 F600
G1 X100.8008 Y100.0276 Z6.5800 E0.00739 F600
; row 12/38
G1 X100.4312 Y100.2814 Z7.0264 E0.05682 F600
G1 X100.3530 Y100.2293 Z6.8800 E0.01562 F600
G1 X100.2939 Y100.1135 Z6.6800 E0.02143 F600
G1 X100.2904 Y99.9489 Z6.4800 E0.02326 F600
G1 X100.3658 Y99.7684 Z6.3336 E0.02194 F600
G1 X100.5176 Y99.6156 Z6.2800 E0.01993 F600
G1 X100.7146 Y99.5286 Z6.3336 E0.01993 F600
G1 X100.9102 Y99.5229 Z6.4800 E0.02194 F600
G1 X101.0626 Y99.5852 Z6.6800 E0.02326 F600
G1 X101.1496 Y99.6818 Z6.8800 E0.02143 F600
G1 X101.1702 Y99.7735 Z7.0264 E0.01562 F600
G1 X101.1380 Y99.8270 Z7.0800 E0.00739 F600
G1 X101.0759 Y99.8216 Z7.0264 E0.00739 F600
G1 X101.0138 Y99.7510 Z6.8800 E0.01562 F600
G1 X100.9868 Y99.6238 Z6.6800 E0.02143 F600
G1 X101.0259 Y99.4639 Z6.4800 E0.02326 F600
G1 X101.1455 Y99.3091 Z6.3336 E0.02194 F600
G1 X101.3317 Y99.2008 Z6.2800 E0.01993 F600
G1 X101.5445 Y99.1678 Z6.3336 E0.01993 F600
G1 X101.7349 Y99.2129 Z6.4800 E0.02194 F600
G1 X101.8660 Y99.3124 Z6.6800 E0.02326 F600
G1 X101.9250 Y99.4284 Z6.8800 E0.02143 F600
G1 X101.9212 Y99.5222 Z7.0264 E0.01562 F600
G1 X101.8763 Y99.5656 Z7.0800 E0.00739 F600
G1 X101.8176 Y99.5443 Z7.0264 E0.00739 F600
G1 X101.7759 Y99.4600 Z6.8800 E0.01562 F600
G1 X101.7827 Y99.3301 Z6.6800 E0.02143 F600
G1 X101.8620 Y99.1859 Z6.4800 E0.02326 F600
G1 X102.0176 Y99.0672 Z6.3336 E0.02194 F600
G1 X102.2254 Y99.0108 Z6.2800 E0.01993 F600
G1 X102.4395 Y99.0340 Z6.3336 E0.01993 F600
G1 X102.6117 Y99.1268 Z6.4800 E0.02194 F600
G1 X102.7126 Y99.2570 Z6.6800 E0.02326 F600
G1 X102.7396 Y99.3842 Z6.8800 E0.02143 F600
G1 X102.7116 Y99.4739 Z7.0264 E0.01562 F600
G1 X102.6570 Y99.5041 Z7.0800 E0.00739 F600
G1 X102.6059 Y99.4684 Z7.0264 E0.00739 F600
G1 X102.5874 Y99.3762 Z6.8800 E0.01562 F600
G1 X102.6276 Y99.2525 Z6.6800 E0.02143 F600
G1 X102.7415 Y99.1336 Z6.4800 E0.02326 F600
G1 X102.9225 Y99.0593 Z6.3336 E0.02194 F600
G1 X103.1378 Y99.0586 Z6.2800 E0.01993 F600
G1 X103.3386 Y99.1365 Z6.3336 E0.01993 F600
G1 X103.4810 Y99.2707 Z6.4800 E0.02194 F600
G1 X103.5447 Y99.4225 Z6.6800 E0.02326 F600
G1 X103.5379 Y99.5524 Z6.8800 E0.02143 F600
G1 X103.4876 Y99.6318 Z7.0264 E0.01562 F600
G1 X103.4271 Y99.6468 Z7.0800 E0.00739 F600
G1 X103.3869 Y99.5991 Z7.0264 E0.00739 F600
G1 X103.3929 Y99.5053 Z6.8800 E0.01562 F600
G1 X103.4638 Y99.3962 Z6.6800 E0.02143 F600
G1 X103.6045 Y99.3109 Z6.4800 E0.02326 F600
G1 X103.7986 Y99.2859 Z6.3336 E0.02194 F600
G1 X104.0068 Y99.3410 Z6.2800 E0.01993 F600
G1 X104.1806 Y99.4681 Z6.3336 E0.01993 F600
G1 X104.2833 Y99.6346 Z6.4800 E0.02194 F600
G1 X104.3056 Y99.7977 Z6.6800 E0.02326 F600
G1 X104.2654 Y99.9214 Z6.8800 E0.02143 F600
G1 X104.1963 Y99.9851 Z7.0264 E0.01562 F600
G1 X104.1339 Y99.9840 Z7.0800 E0.00739 F600
G1 X104.1075 Y99.9275 Z7.0264 E0.00739 F600
G1 X104.1376 Y99.8384 Z6.8800 E0.01562 F600
G1 X104.2342 Y99.7514 Z6.6800 E0.02143 F600
G1 X104.3923 Y99.7054 Z6.4800 E0.02326 F600
G1 X104.5862 Y99.7315 Z6.3336 E0.02194 F600
G1 X104.7731 Y99.8386 Z6.2800 E0.01993 F600
G1 X104.9080 Y100.0064 Z6.3336 E0.01993 F600
G1 X104.9642 Y100.1938 Z6.4800 E0.02194 F600
G1 X104.9435 Y100.3571 Z6.6800 E0.02326 F600
G1 X104.8726 Y100.4662 Z6.8800 E0.02143 F600
G1 X104.7894 Y100.5098 Z7.0264 E0.01562 F600
G1 X104.7294 Y100.4926 Z7.0800 E0.00739 F600
G1 X104.7186 Y100.4312 Z7.0264 E0.00739 F600
G1 X104.7707 Y100.3530 Z6.8800 E0.01562 F600
G1 X104.8865 Y100.2939 Z6.6800 E0.02143 F600
G1 X105.0511 Y100.2904 Z6.4800 E0.02326 F600
G1 X105.2316 Y100.3658 Z6.3336 E0.02194 F600
G1 X105.3844 Y100.5176 Z6.2800 E0.01993 F600
G1 X105.4714 Y100.7146 Z6.3336 E0.01993 F600
G1 X105.4771 Y100.9102 Z6.4800 E0.02194 F600
G1 X105.4148 Y101.0626 Z6.6800 E0.02326 F600
G1 X105.3182 Y101.1496 Z6.8800 E0.02143 F600
G1 X105.2265 Y101.1702 Z7.0264 E0.01562 F600
G1 X105.1730 Y101.1380 Z7.0800 E0.00739 F600
G1 X105.1784 Y101.0759 Z7.0264 E0.00739 F600
G1 X105.2490 Y101.0138 Z6.8800 E0.01562 F600
G1 X105.3762 Y100.9868 Z6.6800 E0.02143 F600
G1 X105.5361 Y101.0259 Z6.4800 E0.02326 F600
G1 X105.6909 Y101.1455 Z6.3336 E0.02194 F600
G1 X105.7992 Y101.3317 Z6.2800 E0.01993 F600
G1 X105.8322 Y101.5445 Z6.3336 E0.01993 F600
G1 X105.7871 Y101.7349 Z6.4800 E0.02194 F600
G1 X105.6876 Y101.8660 Z6.6800 E0.02326 F600
G1 X105.5716 Y101.9250 Z6.8800 E0.02143 F600
G1 X105.4778 Y101.9212 Z7.0264 E0.01562 F600
G1 X105.4344 Y101.8763 Z7.0800 E0.00739 F600
G1 X105.4557 Y101.8176 Z7.0264 E0.00739 F600
G1 X105.5400 Y101.7759 Z6.8800 E0.01562 F600
G1 X105.6699 Y101.7827 Z6.6800 E0.02143 F600
G1 X105.8141 Y101.8620 Z6.4800 E0.02326 F600
G1 X105.9328 Y102.0176 Z6.3336 E0.02194 F600
G1 X105.9892 Y102.2254 Z6.2800 E0.01993 F600
G1 X105.9660 Y102.4395 Z6.3336 E0.01993 F600
G1 X105.8732 Y102.6117 Z6.4800 E0.02194 F600
G1 X105.7430 Y102.7126 Z6.6800 E0.02326 F600
G1 X105.6158 Y102.7396 Z6.8800 E0.02143 F600
G1 X105.5261 Y102.7116 Z7.0264 E0.01562 F600
G1 X105.4959 Y102.6570 Z7.0800 E0.00739 F600
G1 X105.5316 Y102.6059 Z7.0264 E0.00739 F600
G1 X105.6238 Y102.5874 Z6.8800 E0.01562 F600
G1 X105.7475 Y102.6276 Z6.6800 E0.02143 F600
G1 X105.8664 Y102.7415 Z6.4800 E0.02326 F600
G1 X105.9407 Y102.9225 Z6.3336 E0.02194 F600
G1 X105.9414 Y103.1378 Z6.2800 E0.01993 F600
G1 X105.8635 Y103.3386 Z6.3336 E0.01993 F600
G1 X105.7293 Y103.4810 Z6.4800 E0.02194 F600
G1 X105.5775 Y103.5447 Z6.6800 E0.02326 F600
G1 X105.4476 Y103.5379 Z6.8800 E0.02143 F600
G1 X105.3682 Y103.4876 Z7.0264 E0.01562 F600
G1 X105.3532 Y103.4271 Z7.0800 E0.00739 F600
G1 X105.4009 Y103.3869 Z7.0264 E0.00739 F600
G1 X105.4947 Y103.3929 Z6.8800 E0.01562 F600
G1 X105.6038 Y103.4638 Z6.6800 E0.02143 F600
G1 X105.6891 Y103.6045 Z6.4800 E0.02326 F600
G1 X105.7141 Y103.7986 Z6.3336 E0.02194 F600
G1 X105.6590 Y104.0068 Z6.2800 E0.01993 F600
G1 X105.5319 Y104.1806 Z6.3336 E0.01993 F600
G1 X105.3654 Y104.2833 Z6.4800 E0.02194 F600
G1 X105.2023 Y104.3056 Z6.6800 E0.02326 F600
G1 X105.0786 Y104.2654 Z6.8800 E0.02143 F600
G1 X105.0149 Y104.1963 Z7.0264 E0.01562 F600
G1 X105.0160 Y104.1339 Z7.0800 E0.00739 F600
G1 X105.0725 Y104.1075 Z7.0264 E0.00739 F600
G1 X105.1616 Y104.1376 Z6.8800 E0.01562 F600
G1 X105.2486 Y104.2342 Z6.6800 E0.02143 F600
G1 X105.2946 Y104.3923 Z6.4800 E0.02326 F600
G1 X105.2685 Y104.5862 Z6.3336 E0.02194 F600
G1 X105.1614 Y104.7731 Z6.2800 E0.01993 F600
G1 X104.9936 Y104.9080 Z6.3336 E0.01993 F600
G1 X104.8062 Y104.9642 Z6.4800 E0.02194 F600
G1 X104.6429 Y104.9435 Z6.6800 E0.02326 F600
G1 X104.5338 Y104.8726 Z6.8800 E0.02143 F600
G1 X104.4902 Y104.7894 Z7.0264 E0.01562 F600
G1 X104.5074 Y104.7294 Z7.0800 E0.00739 F600
G1 X104.5688 Y104.7186 Z7.0264 E0.00739 F600
G1 X104.6470 Y104.7707 Z6.8800 E0.01562 F600
G1 X104.7061 Y104.8865 Z6.6800 E0.02143 F600
G1 X104.7096 Y105.0511 Z6.4800 E0.02326 F600
G1 X104.6342 Y105.2316 Z6.3336 E0.02194 F600
G1 X104.4824 Y105.3844 Z6.2800 E0.01993 F600
G1 X104.2854 Y105.4714 Z6.3336 E0.01993 F600
G1 X104.0898 Y105.4771 Z6.4800 E0.02194 F600
G1 X103.9374 Y105.4148 Z6.6800 E0.02326 F600
G1 X103.8504 Y105.3182 Z6.8800 E0.02143 F600
G1 X103.8298 Y105.2265 Z7.0264 E0.01562 F600
G1 X103.8620 Y105.1730 Z7.0800 E0.00739 F600
G1 X103.9241 Y105.1784 Z7.0264 E0.00739 F600
G1 X103.9862 Y105.2490 Z6.8800 E0.01562 F600
G1 X104.0132 Y105.3762 Z6.6800 E0.02143 F600
G1 X103.9741 Y105.5361 Z6.4800 E0.02326 F600
G1 X103.8545 Y105.6909 Z6.3336 E0.02194 F600
G1 X103.6683 Y105.7992 Z6.2800 E0.01993 F600
G1 X103.4555 Y105.8322 Z6.3336 E0.01993 F600
G1 X103.2651 Y105.7871 Z6.4800 E0.02194 F600
G1 X103.1340 Y105.6876 Z6.6800 E0.02326 F600
G1 X103.0750 Y105.5716 Z6.8800 E0.02143 F600
G1 X103.0788 Y105.4778 Z7.0264 E0.01562 F600
G1 X103.1237 Y105.4344 Z7.0800 E0.00739 F600
G1 X103.1824 Y105.4557 Z7.0264 E0.00739 F600
G1 X103.2241 Y105.5400 Z6.8800 E0.01562 F600
G1 X103.2173 Y105.6699 Z6.6800 E0.02143 F600
G1 X103.1380 Y105.8141 Z6.4800 E0.02326 F600
G1 X102.9824 Y105.9328 Z6.3336 E0.02194 F600
G1 X102.7746 Y105.9892 Z6.2800 E0.01993 F600
G1 X102.5605 Y105.9660 Z6.3336 E0.01993 F600
G1 X102.3883 Y105.8732 Z6.4800 E0.02194 F600
G1 X102.2874 Y105.7430 Z6.6800 E0.02326 F600
G1 X102.2604 Y105.6158 Z6.8800 E0.02143 F600
G1 X102.2884 Y105.5261 Z7.0264 E0.01562 F600
G1 X102.3430 Y105.4959 Z7.0800 E0.00739 F600
G1 X102.3941 Y105.5316 Z7.0264 E0.00739 F600
G1 X102.4126 Y105.6238 Z6.8800 E0.01562 F600
G1 X102.3724 Y105.7475 Z6.6800 E0.02143 F600
G1 X102.2585 Y105.8664 Z6.4800 E0.02326 F600
G1 X102.0775 Y105.9407 Z6.3336 E0.02194 F600
G1 X101.8622 Y105.9414 Z6.2800 E0.01993 F600
G1 X101.6614 Y105.8635 Z6.3336 E0.01993 F600
G1 X101.5190 Y105.7293 Z6.4800 E0.02194 F600
G1 X101.4553 Y105.5775 Z6.6800 E0.02326 F600
G1 X101.4621 Y105.4476 Z6.8800 E0.02143 F600
G1 X101.5124 Y105.3682 Z7.0264 E0.01562 F600
G1 X101.5729 Y105.3532 Z7.0800 E0.00739 F600
G1 X101.6131 Y105.4009 Z7.0264 E0.00739 F600
G1 X101.6071 Y105.4947 Z6.8800 E0.01562 F600
G1 X101.5362 Y105.6038 Z6.6800 E0.02143 F600
G1 X101.3955 Y105.6891 Z6.4800 E0.02326 F600
G1 X101.2014 Y105.7141 Z6.3336 E0.02194 F600
G1 X100.9932 Y105.6590 Z6.2800 E0.01993 F600
G1 X100.8194 Y105.5319 Z6.3336 E0.01993 F600
G1 X100.7167 Y105.3654 Z6.4800 E0.02194 F600
G1 X100.6944 Y105.2023 Z6.6800 E0.02326 F600
G1 X100.7346 Y105.0786 Z6.8800 E0.02143 F600
G1 X100.8037 Y105.0149 Z7.0264 E0.01562 F600
G1 X100.8661 Y105.0160 Z7.0800 E0.00739 F600
G1 X100.8925 Y105.0725 Z7.0264 E0.00739 F600
G1 X100.8624 Y105.1616 Z6.8800 E0.01562 F600
G1 X100.7658 Y105.2486 Z6.6800 E0.02143 F600
G1 X100.6077 Y105.2946 Z6.4800 E0.02326 F600
G1 X100.4138 Y105.2685 Z6.3336 E0.02194 F600
G1 X100.2269 Y105.1614 Z6.2800 E0.01993 F600
G1 X100.0920 Y104.9936 Z6.3336 E0.01993 F600
G1 X100.0358 Y104.8062 Z6.4800 E0.02194 F600
G1 X100.0565 Y104.6429 Z6.6800 E0.02326 F600
G1 X100.1274 Y104.5338 Z6.8800 E0.02143 F600
G1 X100.2106 Y104.4902 Z7.0264 E0.01562 F600
G1 X100.2706 Y104.5074 Z7.0800 E0.00739 F600
G1 X100.2814 Y104.5688 Z7.0264 E0.00739 F600
G1 X100.2293 Y104.6470 Z6.8800 E0.01562 F600
G1 X100.1135 Y104.7061 Z6.6800 E0.02143 F600
G1 X99.9489 Y104.7096 Z6.4800 E0.02326 F600
G1 X99.7684 Y104.6342 Z6.3336 E0.02194 F600
G1 X99.6156 Y104.4824 Z6.2800 E0.01993 F600
G1 X99.5286 Y104.2854 Z6.3336 E0.01993 F600
G1 X99.5229 Y104.0898 Z6.4800 E0.02194 F600
G1 X99.5852 Y103.9374 Z6.6800 E0.02326 F600
G1 X99.6818 Y103.8504 Z6.8800 E0.02143 F600
G1 X99.7735 Y103.8298 Z7.0264 E0.01562 F600
G1 X99.8270 Y103.8620 Z7.0800 E0.00739 F600
G1 X99.8216 Y103.9241 Z7.0264 E0.00739 F600
G1 X99.7510 Y103.9862 Z6.8800 E0.01562 F600
G1 X99.6238 Y104.0132 Z6.6800 E0.02143 F600
G1 X99.4639 Y103.9741 Z6.4800 E0.02326 F600
G1 X99.3091 Y103.8545 Z6.3336 E0.02194 F600
G1 X99.2008 Y103.6683 Z6.2800 E0.01993 F600
G1 X99.1678 Y103.4555 Z6.3336 E0.01993 F600
G1 X99.2129 Y103.2651 Z6.4800 E0.02194 F600
G1 X99.3124 Y103.1340 Z6.6800 E0.02326 F600
G1 X99.4284 Y103.0750 Z6.8800 E0.02143 F600
G1 X99.5222 Y103.0788 Z7.0264 E0.01562 F600
G1 X99.5656 Y103.1237 Z7.0800 E0.00739 F600
G1 X99.5443 Y103.1824 Z7.0264 E0.00739 F600
G1 X99.4600 Y103.2241 Z6.8800 E0.01562 F600
G1 X99.3301 Y103.2173 Z6.6800 E0.02143 F600
G1 X99.1859 Y103.1380 Z6.4800 E0.02326 F600
G1 X99.0672 Y102.9824 Z6.3336 E0.02194 F600
G1 X99.0108 Y102.7746 Z6.2800 E0.01993 F600
G1 X99.0340 Y102.5605 Z6.3336 E0.01993 F600
G1 X99.1268 Y102.3883 Z6.4800 E0.02194 F600
G1 X99.2570 Y102.2874 Z6.6800 E0.02326 F600
G1 X99.3842 Y102.2604 Z6.8800 E0.02143 F600
G1 X99.4739 Y102.2884 Z7.0264 E0.01562 F600
G1 X99.5041 Y102.3430 Z7.0800 E0.00739 F600
G1 X99.4684 Y102.3941 Z7.0264 E0.00739 F600
G1 X99.3762 Y102.4126 Z6.8800 E0.01562 F600
G1 X99.2525 Y102.3724 Z6.6800 E0.02143 F600
G1 X99.1336 Y102.2585 Z6.4800 E0.02326 F600
G1 X99.0593 Y102.0775 Z6.3336 E0.02194 F600
G1 X99.0586 Y101.8622 Z6.2800 E0.01993 F600
G1 X99.1365 Y101.6614 Z6.3336 E0.01993 F600
G1 X99.2707 Y101.5190 Z6.4800 E0.02194 F600
G1 X99.4225 Y101.4553 Z6.6800 E0.02326 F600
G1 X99.5524 Y101.4621 Z6.8800 E0.02143 F600
G1 X99.6318 Y101.5124 Z7.0264 E0.01562 F600
G1 X99.6468 Y101.5729 Z7.0800 E0.00739 F600
G1 X99.5991 Y101.6131 Z7.0264 E0.00739 F600
G1 X99.5053 Y101.6071 Z6.8800 E0.01562 F600
G1 X99.3962 Y101.5362 Z6.6800 E0.02143 F600
G1 X99.3109 Y101.3955 Z6.4800 E0.02326 F600
G1 X99.2859 Y101.2014 Z6.3336 E0.02194 F600
G1 X99.3410 Y100.9932 Z6.2800 E0.01993 F600
G1 X99.4681 Y100.8194 Z6.3336 E0.01993 F600
G1 X99.6346 Y100.7167 Z6.4800 E0.02194 F600
G1 X99.7977 Y100.6944 Z6.6800 E0.02326 F600
G1 X99.9214 Y100.7346 Z6.8800 E0.02143 F600
G1 X99.9851 Y100.8037 Z7.0264 E0.01562 F600
G1 X99.9840 Y100.8661 Z7.0800 E0.00739 F600
G1 X99.9275 Y100.8925 Z7.0264 E0.00739 F600
G1 X99.8384 Y100.8624 Z6.8800 E0.01562 F600
G1 X99.7514 Y100.7658 Z6.6800 E0.02143 F600
G1 X99.7054 Y100.6077 Z6.4800 E0.02326 F600
G1 X99.7315 Y100.4138 Z6.3336 E0.02194 F600
G1 X99.8386 Y100.2269 Z6.2800 E0.01993 F600
G1 X100.0064 Y100.0920 Z6.3336 E0.01993 F600
G1 X100.1938 Y100.0358 Z6.4800 E0.02194 F600
G1 X100.3571 Y100.0565 Z6.6800 E0.02326 F600
G1 X100.4662 Y100.1274 Z6.8800 E0.02143 F600
G1 X100.5098 Y100.2106 Z7.0264 E0.01562 F600
G1 X100.4926 Y100.2706 Z7.0800 E0.00739 F600
; row 13/38
G1 X100.7384 Y100.0304 Z7.5264 E0.05059 F600
G1 X100.6677 Y99.9685 Z7.3800 E0.01562 F600
G1 X100.6243 Y99.8459 Z7.1800 E0.02143 F600
G1 X100.6423 Y99.6823 Z6.9800 E0.02326 F600
G1 X100.7406 Y99.5132 Z6.8336 E0.02194 F600
G1 X100.9110 Y99.3815 Z6.7800 E0.01993 F600
G1 X101.1177 Y99.3210 Z6.8336 E0.01993 F600
G1 X101.3124 Y99.3409 Z6.9800 E0.02194 F600
G1 X101.4553 Y99.4225 Z7.1800 E0.02326 F600
G1 X101.5290 Y99.5297 Z7.3800 E0.02143 F600
G1 X101.5375 Y99.6233 Z7.5264 E0.01562 F600
G1 X101.4986 Y99.6721 Z7.5800 E0.00739 F600
G1 X101.4376 Y99.6586 Z7.5264 E0.00739 F600
G1 X101.3853 Y99.5806 Z7.3800 E0.01562 F600
G1 X101.3751 Y99.4509 Z7.1800 E0.02143 F600
G1 X101.4348 Y99.2975 Z6.9800 E0.02326 F600
G1 X101.5736 Y99.1596 Z6.8336 E0.02194 F600
G1 X101.7723 Y99.0765 Z6.7800 E0.01993 F600
G1 X101.9876 Y99.0716 Z6.8336 E0.01993 F600
G1 X102.1705 Y99.1411 Z6.9800 E0.02194 F600
G1 X102.2874 Y99.2570 Z7.1800 E0.02326 F600
G1 X102.3308 Y99.3796 Z7.3800 E0.02143 F600
G1 X102.3148 Y99.4722 Z7.5264 E0.01562 F600
G1 X102.2646 Y99.5092 Z7.5800 E0.00739 F600
G1 X102.2093 Y99.4805 Z7.5264 E0.00739 F600
G1 X102.1789 Y99.3915 Z7.3800 E0.01562 F600
G1 X102.2026 Y99.2636 Z7.1800 E0.02143 F600
G1 X102.3000 Y99.1309 Z6.9800 E0.02326 F600
G1 X102.4697 Y99.0336 Z6.8336 E0.02194 F600
G1 X102.6832 Y99.0048 Z6.7800 E0.01993 F600
G1 X102.8924 Y99.0558 Z6.8336 E0.01993 F600
G1 X103.0511 Y99.1703 Z6.9800 E0.02194 F600
G1 X103.1340 Y99.3124 Z7.1800 E0.02326 F600
G1 X103.1442 Y99.4421 Z7.3800 E0.02143 F600
G1 X103.1048 Y99.5274 Z7.5264 E0.01562 F600
G1 X103.0467 Y99.5502 Z7.5800 E0.00739 F600
G1 X103.0007 Y99.5081 Z7.5264 E0.00739 F600
G1 X102.9944 Y99.4144 Z7.3800 E0.01562 F600
G1 X103.0504 Y99.2969 Z7.1800 E0.02143 F600
G1 X103.1788 Y99.1940 Z6.9800 E0.02326 F600
G1 X103.3679 Y99.1439 Z6.8336 E0.02194 F600
G1 X103.5816 Y99.1713 Z6.7800 E0.01993 F600
G1 X103.7705 Y99.2747 Z6.8336 E0.01993 F600
G1 X103.8941 Y99.4264 Z6.9800 E0.02194 F600
G1 X103.9374 Y99.5852 Z7.1800 E0.02326 F600
G1 X103.9137 Y99.7131 Z7.3800 E0.02143 F600
G1 X103.8535 Y99.7852 Z7.5264 E0.01562 F600
G1 X103.7915 Y99.7922 Z7.5800 E0.00739 F600
G1 X103.7580 Y99.7396 Z7.5264 E0.00739 F600
G1 X103.7762 Y99.6475 Z7.3800 E0.01562 F600
G1 X103.8606 Y99.5485 Z7.1800 E0.02143 F600
G1 X104.0113 Y99.4823 Z6.9800 E0.02326 F600
G1 X104.2070 Y99.4829 Z6.8336 E0.02194 F600
G1 X104.4062 Y99.5647 Z6.7800 E0.01993 F600
G1 X104.5620 Y99.7134 Z6.8336 E0.01993 F600
G1 X104.6421 Y99.8919 Z6.9800 E0.02194 F600
G1 X104.6429 Y100.0565 Z7.1800 E0.02326 F600
G1 X104.5869 Y100.1739 Z7.3800 E0.02143 F600
G1 X104.5101 Y100.2280 Z7.5264 E0.01562 F600
G1 X104.4483 Y100.2188 Z7.5800 E0.00739 F600
G1 X104.4295 Y100.1593 Z7.5264 E0.00739 F600
G1 X104.4710 Y100.0750 Z7.3800 E0.01562 F600
G1 X104.5782 Y100.0013 Z7.1800 E0.02143 F600
G1 X104.7409 Y99.9763 Z6.9800 E0.02326 F600
G1 X104.9297 Y100.0275 Z6.8336 E0.02194 F600
G1 X105.1010 Y100.1580 Z6.7800 E0.01993 F600
G1 X105.2129 Y100.3420 Z6.8336 E0.01993 F600
G1 X105.2441 Y100.5352 Z6.9800 E0.02194 F600
G1 X105.2023 Y100.6944 Z7.1800 E0.02326 F600
G1 X105.1178 Y100.7933 Z7.3800 E0.02143 F600
G1 X105.0296 Y100.8257 Z7.5264 E0.01562 F600
G1 X104.9724 Y100.8008 Z7.5800 E0.00739 F600
G1 X104.9696 Y100.7384 Z7.5264 E0.00739 F600
G1 X105.0315 Y100.6677 Z7.3800 E0.01562 F600
G1 X105.1541 Y100.6243 Z7.1800 E0.02143 F600
G1 X105.3177 Y100.6423 Z6.9800 E0.02326 F600
G1 X105.4868 Y100.7406 Z6.8336 E0.02194 F600
G1 X105.6185 Y100.9110 Z6.7800 E0.01993 F600
G1 X105.6790 Y101.1177 Z6.8336 E0.01993 F600
G1 X105.6591 Y101.3124 Z6.9800 E0.02194 F600
G1 X105.5775 Y101.4553 Z7.1800 E0.02326 F600
G1 X105.4703 Y101.5290 Z7.3800 E0.02143 F600
G1 X105.3767 Y101.5375 Z7.5264 E0.01562 F600
G1 X105.3279 Y101.4986 Z7.5800 E0.00739 F600
G1 X105.3414 Y101.4376 Z7.5264 E0.00739 F600
G1 X105.4194 Y101.3853 Z7.3800 E0.01562 F600
G1 X105.5491 Y101.3751 Z7.1800 E0.02143 F600
G1 X105.7025 Y101.4348 Z6.9800 E0.02326 F600
G1 X105.8404 Y101.5736 Z6.8336 E0.02194 F600
G1 X105.9235 Y101.7723 Z6.7800 E0.01993 F600
G1 X105.9284 Y101.9876 Z6.8336 E0.01993 F600
G1 X105.8589 Y102.1705 Z6.9800 E0.02194 F600
G1 X105.7430 Y102.2874 Z7.1800 E0.02326 F600
G1 X105.6204 Y102.3308 Z7.3800 E0.02143 F600
G1 X105.5278 Y102.3148 Z7.5264 E0.01562 F600
G1 X105.4908 Y102.2646 Z7.5800 E0.00739 F600
G1 X105.5195 Y102.2093 Z7.5264 E0.00739 F600
G1 X105.6085 Y102.1789 Z7.3800 E0.01562 F600
G1 X105.7364 Y102.2026 Z7.1800 E0.02143 F600
G1 X105.8691 Y102.3000 Z6.9800 E0.02326 F600
G1 X105.9664 Y102.4697 Z6.8336 E0.02194 F600
G1 X105.9952 Y102.6832 Z6.7800 E0.01993 F600
G1 X105.9442 Y102.8924 Z6.8336 E0.01993 F600
G1 X105.8297 Y103.0511 Z6.9800 E0.02194 F600
G1 X105.6876 Y103.1340 Z7.1800 E0.02326 F600
G1 X105.5579 Y103.1442 Z7.3800 E0.02143 F600
G1 X105.4726 Y103.1048 Z7.5264 E0.01562 F600
G1 X105.4498 Y103.0467 Z7.5800 E0.00739 F600
G1 X105.4919 Y103.0007 Z7.5264 E0.00739 F600
G1 X105.5856 Y102.9944 Z7.3800 E0.01562 F600
G1 X105.7031 Y103.0504 Z7.1800 E0.02143 F600
G1 X105.8060 Y103.1788 Z6.9800 E0.02326 F600
G1 X105.8561 Y103.3679 Z6.8336 E0.02194 F600
G1 X105.8287 Y103.5816 Z6.7800 E0.01993 F600
G1 X105.7253 Y103.7705 Z6.8336 E0.01993 F600
G1 X105.5736 Y103.8941 Z6.9800 E0.02194 F600
G1 X105.4148 Y103.9374 Z7.1800 E0.02326 F600
G1 X105.2869 Y103.9137 Z7.3800 E0.02143 F600
G1 X105.2148 Y103.8535 Z7.5264 E0.01562 F600
G1 X105.2078 Y103.7915 Z7.5800 E0.00739 F600
G1 X105.2604 Y103.7580 Z7.5264 E0.00739 F600
G1 X105.3525 Y103.7762 Z7.3800 E0.01562 F600
G1 X105.4515 Y103.8606 Z7.1800 E0.02143 F600
G1 X105.5177 Y104.0113 Z6.9800 E0.02326 F600
G1 X105.5171 Y104.2070 Z6.8336 E0.02194 F600
G1 X105.4353 Y104.4062 Z6.7800 E0.01993 F600
G1 X105.2866 Y104.5620 Z6.8336 E0.01993 F600
G1 X105.1081 Y104.6421 Z6.9800 E0.02194 F600
G1 X104.9435 Y104.6429 Z7.1800 E0.02326 F600
G1 X104.8261 Y104.5869 Z7.3800 E0.02143 F600
G1 X104.7720 Y104.5101 Z7.5264 E0.01562 F600
G1 X104.7812 Y104.4483 Z7.5800 E0.00739 F600
G1 X104.8407 Y104.4295 Z7.5264 E0.00739 F600
G1 X104.9250 Y104.4710 Z7.3800 E0.01562 F600
G1 X104.9987 Y104.5782 Z7.1800 E0.02143 F600
G1 X105.0237 Y104.7409 Z6.9800 E0.02326 F600
G1 X104.9725 Y104.9297 Z6.8336 E0.02194 F600
G1 X104.8420 Y105.1010 Z6.7800 E0.01993 F600
G1 X104.6580 Y105.2129 Z6.8336 E0.01993 F600
G1 X104.4648 Y105.2441 Z6.9800 E0.02194 F600
G1 X104.3056 Y105.2023 Z7.1800 E0.02326 F600
G1 X104.2067 Y105.1178 Z7.3800 E0.02143 F600
G1 X104.1743 Y105.0296 Z7.5264 E0.01562 F600
G1 X104.1992 Y104.9724 Z7.5800 E0.00739 F600
G1 X104.2616 Y104.9696 Z7.5264 E0.00739 F600
G1 X104.3323 Y105.0315 Z7.3800 E0.01562 F600
G1 X104.3757 Y105.1541 Z7.1800 E0.02143 F600
G1 X104.3577 Y105.3177 Z6.9800 E0.02326 F600
G1 X104.2594 Y105.4868 Z6.8336 E0.02194 F600
G1 X104.0890 Y105.6185 Z6.7800 E0.01993 F600
G1 X103.8823 Y105.6790 Z6.8336 E0.01993 F600
G1 X103.6876 Y105.6591 Z6.9800 E0.02194 F600
G1 X103.5447 Y105.5775 Z7.1800 E0.02326 F600
G1 X103.4710 Y105.4703 Z7.3800 E0.02143 F600
G1 X103.4625 Y105.3767 Z7.5264 E0.01562 F600
G1 X103.5014 Y105.3279 Z7.5800 E0.00739 F600
G1 X103.5624 Y105.3414 Z7.5264 E0.00739 F600
G1 X103.6147 Y105.4194 Z7.3800 E0.01562 F600
G1 X103.6249 Y105.5491 Z7.1800 E0.02143 F600
G1 X103.5652 Y105.7025 Z6.9800 E0.02326 F600
G1 X103.4264 Y105.8404 Z6.8336 E0.02194 F600
G1 X103.2277 Y105.9235 Z6.7800 E0.01993 F600
G1 X103.0124 Y105.9284 Z6.8336 E0.01993 F600
G1 X102.8295 Y105.8589 Z6.9800 E0.02194 F600
G1 X102.7126 Y105.7430 Z7.1800 E0.02326 F600
G1 X102.6692 Y105.6204 Z7.3800 E0.02143 F600
G1 X102.6852 Y105.5278 Z7.5264 E0.01562 F600
G1 X102.7354 Y105.4908 Z7.5800 E0.00739 F600
G1 X102.7907 Y105.5195 Z7.5264 E0.00739 F600
G1 X102.8211 Y105.6085 Z7.3800 E0.01562 F600
G1 X102.7974 Y105.7364 Z7.1800 E0.02143 F600
G1 X102.7000 Y105.8691 Z6.9800 E0.02326 F600
G1 X102.5303 Y105.9664 Z6.8336 E0.02194 F600
G1 X102.3168 Y105.9952 Z6.7800 E0.01993 F600
G1 X102.1076 Y105.9442 Z6.8336 E0.01993 F600
G1 X101.9489 Y105.8297 Z6.9800 E0.02194 F600
G1 X101.8660 Y105.6876 Z7.1800 E0.02326 F600
G1 X101.8558 Y105.5579 Z7.3800 E0.02143 F600
G1 X101.8952 Y105.4726 Z7.5264 E0.01562 F600
G1 X101.9533 Y105.4498 Z7.5800 E0.00739 F600
G1 X101.9993 Y105.4919 Z7.5264 E0.00739 F600
G1 X102.0056 Y105.5856 Z7.3800 E0.01562 F600
G1 X101.9496 Y105.7031 Z7.1800 E0.02143 F600
G1 X101.8212 Y105.8060 Z6.9800 E0.02326 F600
G1 X101.6321 Y105.8561 Z6.8336 E0.02194 F600
G1 X101.4184 Y105.8287 Z6.7800 E0.01993 F600
G1 X101.2295 Y105.7253 Z6.8336 E0.01993 F600
G1 X101.1059 Y105.5736 Z6.9800 E0.02194 F600
G1 X101.0626 Y105.4148 Z7.1800 E0.02326 F600
G1 X101.0863 Y105.2869 Z7.3800 E0.02143 F600
G1 X101.1465 Y105.2148 Z7.5264 E0.01562 F600
G1 X101.2085 Y105.2078 Z7.5800 E0.00739 F600
G1 X101.2420 Y105.2604 Z7.5264 E0.00739 F600
G1 X101.2238 Y105.3525 Z7.3800 E0.01562 F600
G1 X101.1394 Y105.4515 Z7.1800 E0.02143 F600
G1 X100.9887 Y105.5177 Z6.9800 E0.02326 F600
G1 X100.7930 Y105.5171 Z6.8336 E0.02194 F600
G1 X100.5938 Y105.4353 Z6.7800 E0.01993 F600
G1 X100.4380 Y105.2866 Z6.8336 E0.01993 F600
G1 X100.3579 Y105.1081 Z6.9800 E0.02194 F600
G1 X100.3571 Y104.9435 Z7.1800 E0.02326 F600
G1 X100.4131 Y104.8261 Z7.3800 E0.02143 F600
G1 X100.4899 Y104.7720 Z7.5264 E0.01562 F600
G1 X100.5517 Y104.7812 Z7.5800 E0.00739 F600
G1 X100.5705 Y104.8407 Z7.5264 E0.00739 F600
G1 X100.5290 Y104.9250 Z7.3800 E0.01562 F600
G1 X100.4218 Y104.9987 Z7.1800 E0.02143 F600
G1 X100.2591 Y105.0237 Z6.9800 E0.02326 F600
G1 X100.0703 Y104.9725 Z6.8336 E0.02194 F600
G1 X99.8990 Y104.8420 Z6.7800 E0.01993 F600
G1 X99.7871 Y104.6580 Z6.8336 E0.01993 F600
G1 X99.7559 Y104.4648 Z6.9800 E0.02194 F600
G1 X99.7977 Y104.3056 Z7.1800 E0.02326 F600
G1 X99.8822 Y104.2067 Z7.3800 E0.02143 F600
G1 X99.9704 Y104.1743 Z7.5264 E0.01562 F600
G1 X100.0276 Y104.1992 Z7.5800 E0.00739 F600
G1 X100.0304 Y104.2616 Z7.5264 E0.00739 F600
G1 X99.9685 Y104.3323 Z7.3800 E0.01562 F600
G1 X99.8459 Y104.3757 Z7.1800 E0.02143 F600
G1 X99.6823 Y104.3577 Z6.9800 E0.02326 F600
G1 X99.5132 Y104.2594 Z6.8336 E0.02194 F600
G1 X99.3815 Y104.0890 Z6.7800 E0.01993 F600
G1 X99.3210 Y103.8823 Z6.8336 E0.01993 F600
G1 X99.3409 Y103.6876 Z6.9800 E0.02194 F600
G1 X99.4225 Y103.5447 Z7.1800 E0.02326 F600
G1 X99.5297 Y103.4710 Z7.3800 E0.02143 F600
G1 X99.6233 Y103.4625 Z7.5264 E0.01562 F600
G1 X99.6721 Y103.5014 Z7.5800 E0.00739 F600
G1 X99.6586 Y103.5624 Z7.5264 E0.00739 F600
G1 X99.5806 Y103.6147 Z7.3800 E0.01562 F600
G1 X99.4509 Y103.6249 Z7.1800 E0.02143 F600
G1 X99.2975 Y103.5652 Z6.9800 E0.02326 F600
G1 X99.1596 Y103.4264 Z6.8336 E0.02194 F600
G1 X99.0765 Y103.2277 Z6.7800 E0.01993 F600
G1 X99.0716 Y103.0124 Z6.8336 E0.01993 F600
G1 X99.1411 Y102.8295 Z6.9800 E0.02194 F600
G1 X99.2570 Y102.7126 Z7.1800 E0.02326 F600
G1 X99.3796 Y102.6692 Z7.3800 E0.02143 F600
G1 X99.4722 Y102.6852 Z7.5264 E0.01562 F600
G1 X99.5092 Y102.7354 Z7.5800 E0.00739 F600
G1 X99.4805 Y102.7907 Z7.5264 E0.00739 F600
G1 X99.3915 Y102.8211 Z7.3800 E0.01562 F600
G1 X99.2636 Y102.7974 Z7.1800 E0.02143 F600
G1 X99.1309 Y102.7000 Z6.9800 E0.02326 F600
G1 X99.0336 Y102.5303 Z6.8336 E0.02194 F600
G1 X99.0048 Y102.3168 Z6.7800 E0.01993 F600
G1 X99.0558 Y102.1076 Z6.8336 E0.01993 F600
G1 X99.1703 Y101.9489 Z6.9800 E0.02194 F600
G1 X99.3124 Y101.8660 Z7.1800 E0.02326 F600
G1 X99.4421 Y101.8558 Z7.3800 E0.02143 F600
G1 X99.5274 Y101.8952 Z7.5264 E0.01562 F600
G1 X99.5502 Y101.9533 Z7.5800 E0.00739 F600
G1 X99.5081 Y101.9993 Z7.5264 E0.00739 F600
G1 X99.4144 Y102.0056 Z7.3800 E0.01562 F600
G1 X99.2969 Y101.9496 Z7.1800 E0.02143 F600
G1 X99.1940 Y101.8212 Z6.9800 E0.02326 F600
G1 X99.1439 Y101.6321 Z6.8336 E0.02194 F600
G1 X99.1713 Y101.4184 Z6.7800 E0.01993 F600
G1 X99.2747 Y101.2295 Z6.8336 E0.01993 F600
G1 X99.4264 Y101.1059 Z6.9800 E0.02194 F600
G1 X99.5852 Y101.0626 Z7.1800 E0.02326 F600
G1 X99.7131 Y101.0863 Z7.3800 E0.02143 F600
G1 X99.7852 Y101.1465 Z7.5264 E0.01562 F600
G1 X99.7922 Y101.2085 Z7.5800 E0.00739 F600
G1 X99.7396 Y101.2420 Z7.5264 E0.00739 F600
G1 X99.6475 Y101.2238 Z7.3800 E0.01562 F600
G1 X99.5485 Y101.1394 Z7.1800 E0.02143 F600
G1 X99.4823 Y100.9887 Z6.9800 E0.02326 F600
G1 X99.4829 Y100.7930 Z6.8336 E0.02194 F600
G1 X99.5647 Y100.5938 Z6.7800 E0.01993 F600
G1 X99.7134 Y100.4380 Z6.8336 E0.01993 F600
G1 X99.8919 Y100.3579 Z6.9800 E0.02194 F600
G1 X100.0565 Y100.3571 Z7.1800 E0.02326 F600
G1 X100.1739 Y100.4131 Z7.3800 E0.02143 F600
G1 X100.2280 Y100.4899 Z7.5264 E0.01562 F600
G1 X100.2188 Y100.5517 Z7.5800 E0.00739 F600
G1 X100.1593 Y100.5705 Z7.5264 E0.00739 F600
G1 X100.0750 Y100.5290 Z7.3800 E0.01562 F600
G1 X100.0013 Y100.4218 Z7.1800 E0.02143 F600
G1 X99.9763 Y100.2591 Z6.9800 E0.02326 F600
G1 X100.0275 Y100.0703 Z6.8336 E0.02194 F600
G1 X100.1580 Y99.8990 Z6.7800 E0.01993 F600
G1 X100.3420 Y99.7871 Z6.8336 E0.01993 F600
G1 X100.5352 Y99.7559 Z6.9800 E0.02194 F600
G1 X100.6944 Y99.7977 Z7.1800 E0.02326 F600
G1 X100.7933 Y99.8822 Z7.3800 E0.02143 F600
G1 X100.8257 Y99.9704 Z7.5264 E0.01562 F600
G1 X100.8008 Y100.0276 Z7.5800 E0.00739 F600
; row 14/38
G1 X100.4312 Y100.2814 Z8.0264 E0.05682 F600
G1 X100.3530 Y100.2293 Z7.8800 E0.01562 F600
G1 X100.2939 Y100.1135 Z7.6800 E0.02143 F600
G1 X100.2904 Y99.9489 Z7.4800 E0.02326 F600
G1 X100.3658 Y99.7684 Z7.3336 E0.02194 F600
G1 X100.5176 Y99.6156 Z7.2800 E0.01993 F600
G1 X100.7146 Y99.5286 Z7.3336 E0.01993 F600
G1 X100.9102 Y99.5229 Z7.4800 E0.02194 F600
G1 X101.0626 Y99.5852 Z7.6800 E0.02326 F600
G1 X101.1496 Y99.6818 Z7.8800 E0.02143 F600
G1 X101.1702 Y99.7735 Z8.0264 E0.01562 F600
G1 X101.1380 Y99.8270 Z8.0800 E0.00739 F600
G1 X101.0759 Y99.8216 Z8.0264 E0.00739 F600
G1 X101.0138 Y99.7510 Z7.8800 E0.01562 F600
G1 X100.9868 Y99.6238 Z7.6800 E0.02143 F600
G1 X101.0259 Y99.4639 Z7.4800 E0.02326 F600
G1 X101.1455 Y99.3091 Z7.3336 E0.02194 F600
G1 X101.3317 Y99.2008 Z7.2800 E0.01993 F600
G1 X101.5445 Y99.1678 Z7.3336 E0.01993 F600
G1 X101.7349 Y99.2129 Z7.4800 E0.02194 F600
G1 X101.8660 Y99.3124 Z7.6800 E0.02326 F600
G1 X101.9250 Y99.4284 Z7.8800 E0.02143 F600
G1 X101.9212 Y99.5222 Z8.0264 E0.01562 F600
G1 X101.8763 Y99.5656 Z8.0800 E0.00739 F600
G1 X101.8176 Y99.5443 Z8.0264 E0.00739 F600
G1 X101.7759 Y99.4600 Z7.8800 E0.01562 F600
G1 X101.7827 Y99.3301 Z7.6800 E0.02143 F600
G1 X101.8620 Y99.1859 Z7.4800 E0.02326 F600
G1 X102.0176 Y99.0672 Z7.3336 E0.02194 F600
G1 X102.2254 Y99.0108 Z7.2800 E0.01993 F600
G1 X102.4395 Y99.0340 Z7.3336 E0.01993 F600
G1 X102.6117 Y99.1268 Z7.4800 E0.02194 F600
G1 X102.7126 Y99.2570 Z7.6800 E0.02326 F600
G1 X102.7396 Y99.3842 Z7.8800 E0.02143 F600
G1 X102.7116 Y99.4739 Z8.0264 E0.01562 F600
G1 X102.6570 Y99.5041 Z8.0800 E0.00739 F600
G1 X102.6059 Y99.4684 Z8.0264 E0.00739 F600
G1 X102.5874 Y99.3762 Z7.8800 E0.01562 F600
G1 X102.6276 Y99.2525 Z7.6800 E0.02143 F600
G1 X102.7415 Y99.1336 Z7.4800 E0.02326 F600
G1 X102.9225 Y99.0593 Z7.3336 E0.02194 F600
G1 X103.1378 Y99.0586 Z7.2800 E0.01993 F600
G1 X103.3386 Y99.1365 Z7.3336 E0.01993 F600
G1 X103.4810 Y99.2707 Z7.4800 E0.02194 F600
G1 X103.5447 Y99.4225 Z7.6800 E0.02326 F600
G1 X103.5379 Y99.5524 Z7.8800 E0.02143 F600
G1 X103.4876 Y99.6318 Z8.0264 E0.01562 F600
G1 X103.4271 Y99.6468 Z8.0800 E0.00739 F600
G1 X103.3869 Y99.5991 Z8.0264 E0.00739 F600
G1 X103.3929 Y99.5053 Z7.8800 E0.01562 F600
G1 X103.4638 Y99.3962 Z7.6800 E0.02143 F600
G1 X103.6045 Y99.3109 Z7.4800 E0.02326 F600
G1 X103.7986 Y99.2859 Z7.3336 E0.02194 F600
G1 X104.0068 Y99.3410 Z7.2800 E0.01993 F600
G1 X104.1806 Y99.4681 Z7.3336 E0.01993 F600
G1 X104.2833 Y99.6346 Z7.4800 E0.02194 F600
G1 X104.3056 Y99.7977 Z7.6800 E0.02326 F600
G1 X104.2654 Y99.9214 Z7.8800 E0.02143 F600
G1 X104.1963 Y99.9851 Z8.0264 E0.01562 F600
G1 X104.1339 Y99.9840 Z8.0800 E0.00739 F600
G1 X104.1075 Y99.9275 Z8.0264 E0.00739 F600
G1 X104.1376 Y99.8384 Z7.8800 E0.01562 F600
G1 X104.2342 Y99.7514 Z7.6800 E0.02143 F600
G1 X104.3923 Y99.7054 Z7.4800 E0.02326 F600
G1 X104.5862 Y99.7315 Z7.3336 E0.02194 F600
G1 X104.7731 Y99.8386 Z7.2800 E0.01993 F600
G1 X104.9080 Y100.0064 Z7.3336 E0.01993 F600
G1 X104.9642 Y100.1938 Z7.4800 E0.02194 F600
G1 X104.9435 Y100.3571 Z7.6800 E0.02326 F600
G1 X104.8726 Y100.4662 Z7.8800 E0.02143 F600
G1 X104.7894 Y100.5098 Z8.0264 E0.01562 F600
G1 X104.7294 Y100.4926 Z8.0800 E0.00739 F600
G1 X104.7186 Y100.4312 Z8.0264 E0.00739 F600
G1 X104.7707 Y100.3530 Z7.8800 E0.01562 F600
G1 X104.8865 Y100.2939 Z7.6800 E0.02143 F600
G1 X105.0511 Y100.2904 Z7.4800 E0.02326 F600
G1 X105.2316 Y100.3658 Z7.3336 E0.02194 F600
G1 X105.3844 Y100.5176 Z7.2800 E0.01993 F600
G1 X105.4714 Y100.7146 Z7.3336 E0.01993 F600
G1 X105.4771 Y100.9102 Z7.4800 E0.02194 F600
G1 X105.4148 Y101.0626 Z7.6800 E0.02326 F600
G1 X105.3182 Y101.1496 Z7.8800 E0.02143 F600
G1 X105.2265 Y101.1702 Z8.0264 E0.01562 F600
G1 X105.1730 Y101.1380 Z8.0800 E0.00739 F600
G1 X105.1784 Y101.0759 Z8.0264 E0.00739 F600
G1 X105.2490 Y101.0138 Z7.8800 E0.01562 F600
G1 X105.3762 Y100.9868 Z7.6800 E0.02143 F600
G1 X105.5361 Y101.0259 Z7.4800 E0.02326 F600
G1 X105.6909 Y101.1455 Z7.3336 E0.02194 F600
G1 X105.7992 Y101.3317 Z7.2800 E0.01993 F600
G1 X105.8322 Y101.5445 Z7.3336 E0.01993 F600
G1 X105.7871 Y101.7349 Z7.4800 E0.02194 F600
G1 X105.6876 Y101.8660 Z7.6800 E0.02326 F600
G1 X105.5716 Y101.9250 Z7.8800 E0.02143 F600
G1 X105.4778 Y101.9212 Z8.0264 E0.01562 F600
G1 X105.4344 Y101.8763 Z8.0800 E0.00739 F600
G1 X105.4557 Y101.8176 Z8.0264 E0.00739 F600
G1 X105.5400 Y101.7759 Z7.8800 E0.01562 F600
G1 X105.6699 Y101.7827 Z7.6800 E0.02143 F600
G1 X105.8141 Y101.8620 Z7.4800 E0.02326 F600
G1 X105.9328 Y102.0176 Z7.3336 E0.02194 F600
G1 X105.9892 Y102.2254 Z7.2800 E0.01993 F600
G1 X105.9660 Y102.4395 Z7.3336 E0.01993 F600
G1 X105.8732 Y102.6117 Z7.4800 E0.02194 F600
G1 X105.7430 Y102.7126 Z7.6800 E0.02326 F600
G1 X105.6158 Y102.7396 Z7.8800 E0.02143 F600
G1 X105.5261 Y102.7116 Z8.0264 E0.01562 F600
G1 X105.4959 Y102.6570 Z8.0800 E0.00739 F600
G1 X105.5316 Y102.6059 Z8.0264 E0.00739 F600
G1 X105.6238 Y102.5874 Z7.8800 E0.01562 F600
G1 X105.7475 Y102.6276 Z7.6800 E0.02143 F600
G1 X105.8664 Y102.7415 Z7.4800 E0.02326 F600
G1 X105.9407 Y102.9225 Z7.3336 E0.02194 F600
G1 X105.9414 Y103.1378 Z7.2800 E0.01993 F600
G1 X105.8635 Y103.3386 Z7.3336 E0.01993 F600
G1 X105.7293 Y103.4810 Z7.4800 E0.02194 F600
G1 X105.5775 Y103.5447 Z7.6800 E0.02326 F600
G1 X105.4476 Y103.5379 Z7.8800 E0.02143 F600
G1 X105.3682 Y103.4876 Z8.0264 E0.01562 F600
G1 X105.3532 Y103.4271 Z8.0800 E0.00739 F600
G1 X105.4009 Y103.3869 Z8.0264 E0.00739 F600
G1 X105.4947 Y103.3929 Z7.8800 E0.01562 F600
G1 X105.6038 Y103.4638 Z7.6800 E0.02143 F600
G1 X105.6891 Y103.6045 Z7.4800 E0.02326 F600
G1 X105.7141 Y103.7986 Z7.3336 E0.02194 F600
G1 X105.6590 Y104.0068 Z7.2800 E0.01993 F600
G1 X105.5319 Y104.1806 Z7.3336 E0.01993 F600
G1 X105.3654 Y104.2833 Z7.4800 E0.02194 F600
G1 X105.2023 Y104.3056 Z7.6800 E0.02326 F600
G1 X105.0786 Y104.2654 Z7.8800 E0.02143 F600
G1 X105.0149 Y104.1963 Z8.0264 E0.01562 F600
G1 X105.0160 Y104.1339 Z8.0800 E0.00739 F600
G1 X105.0725 Y104.1075 Z8.0264 E0.00739 F600
G1 X105.1616 Y104.1376 Z7.8800 E0.01562 F600
G1 X105.2486 Y104.2342 Z7.6800 E0.02143 F600
G1 X105.2946 Y104.3923 Z7.4800 E0.02326 F600
G1 X105.2685 Y104.5862 Z7.3336 E0.02194 F600
G1 X105.1614 Y104.7731 Z7.2800 E0.01993 F600
G1 X104.9936 Y104.9080 Z7.3336 E0.01993 F600
G1 X104.8062 Y104.9642 Z7.4800 E0.02194 F600
G1 X104.6429 Y104.9435 Z7.6800 E0.02326 F600
G1 X104.5338 Y104.8726 Z7.8800 E0.02143 F600
G1 X104.4902 Y104.7894 Z8.0264 E0.01562 F600
G1 X104.5074 Y104.7294 Z8.0800 E0.00739 F600
G1 X104.5688 Y104.7186 Z8.0264 E0.00739 F600
G1 X104.6470 Y104.7707 Z7.8800 E0.01562 F600
G1 X104.7061 Y104.8865 Z7.6800 E0.02143 F600
G1 X104.7096 Y105.0511 Z7.4800 E0.02326 F600
G1 X104.6342 Y105.2316 Z7.3336 E0.02194 F600
G1 X104.4824 Y105.3844 Z7.2800 E0.01993 F600
G1 X104.2854 Y105.4714 Z7.3336 E0.01993 F600
G1 X104.0898 Y105.4771 Z7.4800 E0.02194 F600
G1 X103.9374 Y105.4148 Z7.6800 E0.02326 F600
G1 X103.8504 Y105.3182 Z7.8800 E0.02143 F600
G1 X103.8298 Y105.2265 Z8.0264 E0.01562 F600
G1 X103.8620 Y105.1730 Z8.0800 E0.00739 F600
G1 X103.9241 Y105.1784 Z8.0264 E0.00739 F600
G1 X103.9862 Y105.2490 Z7.8800 E0.01562 F600
G1 X104.0132 Y105.3762 Z7.6800 E0.02143 F600
G1 X103.9741 Y105.5361 Z7.4800 E0.02326 F600
G1 X103.8545 Y105.6909 Z7.3336 E0.02194 F600
G1 X103.6683 Y105.7992 Z7.2800 E0.01993 F600
G1 X103.4555 Y105.8322 Z7.3336 E0.01993 F600
G1 X103.2651 Y105.7871 Z7.4800 E0.02194 F600
G1 X103.1340 Y105.6876 Z7.6800 E0.02326 F600
G1 X103.0750 Y105.5716 Z7.8800 E0.02143 F600
G1 X103.0788 Y105.4778 Z8.0264 E0.01562 F600
G1 X103.1237 Y105.4344 Z8.0800 E0.00739 F600
G1 X103.1824 Y105.4557 Z8.0264 E0.00739 F600
G1 X103.2241 Y105.5400 Z7.8800 E0.01562 F600
G1 X103.2173 Y105.6699 Z7.6800 E0.02143 F600
G1 X103.1380 Y105.8141 Z7.4800 E0.02326 F600
G1 X102.9824 Y105.9328 Z7.3336 E0.02194 F600
G1 X102.7746 Y105.9892 Z7.2800 E0.01993 F600
G1 X102.5605 Y105.9660 Z7.3336 E0.01993 F600
G1 X102.3883 Y105.8732 Z7.4800 E0.02194 F600
G1 X102.2874 Y105.7430 Z7.6800 E0.02326 F600
G1 X102.2604 Y105.6158 Z7.8800 E0.02143 F600
G1 X102.2884 Y105.5261 Z8.0264 E0.01562 F600
G1 X102.3430 Y105.4959 Z8.0800 E0.00739 F600
G1 X102.3941 Y105.5316 Z8.0264 E0.00739 F600
G1 X102.4126 Y105.6238 Z7.8800 E0.01562 F600
G1 X102.3724 Y105.7475 Z7.6800 E0.02143 F600
G1 X102.2585 Y105.8664 Z7.4800 E0.02326 F600
G1 X102.0775 Y105.9407 Z7.3336 E0.02194 F600
G1 X101.8622 Y105.9414 Z7.2800 E0.01993 F600
G1 X101.6614 Y105.8635 Z7.3336 E0.01993 F600
G1 X101.5190 Y105.7293 Z7.4800 E0.02194 F600
G1 X101.4553 Y105.5775 Z7.6800 E0.02326 F600
G1 X101.4621 Y105.4476 Z7.8800 E0.02143 F600
G1 X101.5124 Y105.3682 Z8.0264 E0.01562 F600
G1 X101.5729 Y105.3532 Z8.0800 E0.00739 F600
G1 X101.6131 Y105.4009 Z8.0264 E0.00739 F600
G1 X101.6071 Y105.4947 Z7.8800 E0.01562 F600
G1 X101.5362 Y105.6038 Z7.6800 E0.02143 F600
G1 X101.3955 Y105.6891 Z7.4800 E0.02326 F600
G1 X101.2014 Y105.7141 Z7.3336 E0.02194 F600
G1 X100.9932 Y105.6590 Z7.2800 E0.01993 F600
G1 X100.8194 Y105.5319 Z7.3336 E0.01993 F600
G1 X100.7167 Y105.3654 Z7.4800 E0.02194 F600
G1 X100.6944 Y105.2023 Z7.6800 E0.02326 F600
G1 X100.7346 Y105.0786 Z7.8800 E0.02143 F600
G1 X100.8037 Y105.0149 Z8.0264 E0.01562 F600
G1 X100.8661 Y105.0160 Z8.0800 E0.00739 F600
G1 X100.8925 Y105.0725 Z8.0264 E0.00739 F600
G1 X100.8624 Y105.1616 Z7.8800 E0.01562 F600
G1 X100.7658 Y105.2486 Z7.6800 E0.02143 F600
G1 X100.6077 Y105.2946 Z7.4800 E0.02326 F600
G1 X100.4138 Y105.2685 Z7.3336 E0.02194 F600
G1 X100.2269 Y105.1614 Z7.2800 E0.01993 F600
G1 X100.0920 Y104.9936 Z7.3336 E0.01993 F600
G1 X100.0358 Y104.8062 Z7.4800 E0.02194 F600
G1 X100.0565 Y104.6429 Z7.6800 E0.02326 F600
G1 X100.1274 Y104.5338 Z7.8800 E0.02143 F600
G1 X100.2106 Y104.4902 Z8.0264 E0.01562 F600
G1 X100.2706 Y104.5074 Z8.0800 E0.00739 F600
G1 X100.2814 Y104.5688 Z8.0264 E0.00739 F600
G1 X100.2293 Y104.6470 Z7.8800 E0.01562 F600
G1 X100.1135 Y104.7061 Z7.6800 E0.02143 F600
G1 X99.9489 Y104.7096 Z7.4800 E0.02326 F600
G1 X99.7684 Y104.6342 Z7.3336 E0.02194 F600
G1 X99.6156 Y104.4824 Z7.2800 E0.01993 F600
G1 X99.5286 Y104.2854 Z7.3336 E0.01993 F600
G1 X99.5229 Y104.0898 Z7.4800 E0.02194 F600
G1 X99.5852 Y103.9374 Z7.6800 E0.02326 F600
G1 X99.6818 Y103.8504 Z7.8800 E0.02143 F600
G1 X99.7735 Y103.8298 Z8.0264 E0.01562 F600
G1 X99.8270 Y103.8620 Z8.0800 E0.00739 F600
G1 X99.8216 Y103.9241 Z8.0264 E0.00739 F600
G1 X99.7510 Y103.9862 Z7.8800 E0.01562 F600
G1 X99.6238 Y104.0132 Z7.6800 E0.02143 F600
G1 X99.4639 Y103.9741 Z7.4800 E0.02326 F600
G1 X99.3091 Y103.8545 Z7.3336 E0.02194 F600
G1 X99.2008 Y103.6683 Z7.2800 E0.01993 F600
G1 X99.1678 Y103.4555 Z7.3336 E0.01993 F600
G1 X99.2129 Y103.2651 Z7.4800 E0.02194 F600
G1 X99.3124 Y103.1340 Z7.6800 E0.02326 F600
G1 X99.4284 Y103.0750 Z7.8800 E0.02143 F600
G1 X99.5222 Y103.0788 Z8.0264 E0.01562 F600
G1 X99.5656 Y103.1237 Z8.0800 E0.00739 F600
G1 X99.5443 Y103.1824 Z8.0264 E0.00739 F600
G1 X99.4600 Y103.2241 Z7.8800 E0.01562 F600
G1 X99.3301 Y103.2173 Z7.6800 E0.02143 F600
G1 X99.1859 Y103.1380 Z7.4800 E0.02326 F600
G1 X99.0672 Y102.9824 Z7.3336 E0.02194 F600
G1 X99.0108 Y102.7746 Z7.2800 E0.01993 F600
G1 X99.0340 Y102.5605 Z7.3336 E0.01993 F600
G1 X99.1268 Y102.3883 Z7.4800 E0.02194 F600
G1 X99.2570 Y102.2874 Z7.6800 E0.02326 F600
G1 X99.3842 Y102.2604 Z7.8800 E0.02143 F600
G1 X99.4739 Y102.2884 Z8.0264 E0.01562 F600
G1 X99.5041 Y102.3430 Z8.0800 E0.00739 F600
G1 X99.4684 Y102.3941 Z8.0264 E0.00739 F600
G1 X99.3762 Y102.4126 Z7.8800 E0.01562 F600
G1 X99.2525 Y102.3724 Z7.6800 E0.02143 F600
G1 X99.1336 Y102.2585 Z7.4800 E0.02326 F600
G1 X99.0593 Y102.0775 Z7.3336 E0.02194 F600
G1 X99.0586 Y101.8622 Z7.2800 E0.01993 F600
G1 X99.1365 Y101.6614 Z7.3336 E0.01993 F600
G1 X99.2707 Y101.5190 Z7.4800 E0.02194 F600
G1 X99.4225 Y101.4553 Z7.6800 E0.02326 F600
G1 X99.5524 Y101.4621 Z7.8800 E0.02143 F600
G1 X99.6318 Y101.5124 Z8.0264 E0.01562 F600
G1 X99.6468 Y101.5729 Z8.0800 E0.00739 F600
G1 X99.5991 Y101.6131 Z8.0264 E0.00739 F600
G1 X99.5053 Y101.6071 Z7.8800 E0.01562 F600
G1 X99.3962 Y101.5362 Z7.6800 E0.02143 F600
G1 X99.3109 Y101.3955 Z7.4800 E0.02326 F600
G1 X99.2859 Y101.2014 Z7.3336 E0.02194 F600
G1 X99.3410 Y100.9932 Z7.2800 E0.01993 F600
G1 X99.4681 Y100.8194 Z7.3336 E0.01993 F600
G1 X99.6346 Y100.7167 Z7.4800 E0.02194 F600
G1 X99.7977 Y100.6944 Z7.6800 E0.02326 F600
G1 X99.9214 Y100.7346 Z7.8800 E0.02143 F600
G1 X99.9851 Y100.8037 Z8.0264 E0.01562 F600
G1 X99.9840 Y100.8661 Z8.0800 E0.00739 F600
G1 X99.9275 Y100.8925 Z8.0264 E0.00739 F600
G1 X99.8384 Y100.8624 Z7.8800 E0.01562 F600
G1 X99.7514 Y100.7658 Z7.6800 E0.02143 F600
G1 X99.7054 Y100.6077 Z7.4800 E0.02326 F600
G1 X99.7315 Y100.4138 Z7.3336 E0.02194 F600
G1 X99.8386 Y100.2269 Z7.2800 E0.01993 F600
G1 X100.0064 Y100.0920 Z7.3336 E0.01993 F600
G1 X100.1938 Y100.0358 Z7.4800 E0.02194 F600
G1 X100.3571 Y100.0565 Z7.6800 E0.02326 F600
G1 X100.4662 Y100.1274 Z7.8800 E0.02143 F600
G1 X100.5098 Y100.2106 Z8.0264 E0.01562 F600
G1 X100.4926 Y100.2706 Z8.0800 E0.00739 F600
; row 15/38
G1 X100.7384 Y100.0304 Z8.5264 E0.05059 F600
G1 X100.6677 Y99.9685 Z8.3800 E0.01562 F600
G1 X100.6243 Y99.8459 Z8.1800 E0.02143 F600
G1 X100.6423 Y99.6823 Z7.9800 E0.02326 F600
G1 X100.7406 Y99.5132 Z7.8336 E0.02194 F600
G1 X100.9110 Y99.3815 Z7.7800 E0.01993 F600
G1 X101.1177 Y99.3210 Z7.8336 E0.01993 F600
G1 X101.3124 Y99.3409 Z7.9800 E0.02194 F600
G1 X101.4553 Y99.4225 Z8.1800 E0.02326 F600
G1 X101.5290 Y99.5297 Z8.3800 E0.02143 F600
G1 X101.5375 Y99.6233 Z8.5264 E0.01562 F600
G1 X101.4986 Y99.6721 Z8.5800 E0.00739 F600
G1 X101.4376 Y99.6586 Z8.5264 E0.00739 F600
G1 X101.3853 Y99.5806 Z8.3800 E0.01562 F600
G1 X101.3751 Y99.4509 Z8.1800 E0.02143 F600
G1 X101.4348 Y99.2975 Z7.9800 E0.02326 F600
G1 X101.5736 Y99.1596 Z7.8336 E0.02194 F600
G1 X101.7723 Y99.0765 Z7.7800 E0.01993 F600
G1 X101.9876 Y99.0716 Z7.8336 E0.01993 F600
G1 X102.1705 Y99.1411 Z7.9800 E0.02194 F600
G1 X102.2874 Y99.2570 Z8.1800 E0.02326 F600
G1 X102.3308 Y99.3796 Z8.3800 E0.02143 F600
G1 X102.3148 Y99.4722 Z8.5264 E0.01562 F600
G1 X102.2646 Y99.5092 Z8.5800 E0.00739 F600
G1 X102.2093 Y99.4805 Z8.5264 E0.00739 F600
G1 X102.1789 Y99.3915 Z8.3800 E0.01562 F600
G1 X102.2026 Y99.2636 Z8.1800 E0.02143 F600
G1 X102.3000 Y99.1309 Z7.9800 E0.02326 F600
G1 X102.4697 Y99.0336 Z7.8336 E0.02194 F600
G1 X102.6832 Y99.0048 Z7.7800 E0.01993 F600
G1 X102.8924 Y99.0558 Z7.8336 E0.01993 F600
G1 X103.0511 Y99.1703 Z7.9800 E0.02194 F600
G1 X103.1340 Y99.3124 Z8.1800 E0.02326 F600
G1 X103.1442 Y99.4421 Z8.3800 E0.02143 F600
G1 X103.1048 Y99.5274 Z8.5264 E0.01562 F600
G1 X103.0467 Y99.5502 Z8.5800 E0.00739 F600
G1 X103.0007 Y99.5081 Z8.5264 E0.00739 F600
G1 X102.9944 Y99.4144 Z8.3800 E0.01562 F600
G1 X103.0504 Y99.2969 Z8.1800 E0.02143 F600
G1 X103.1788 Y99.1940 Z7.9800 E0.02326 F600
G1 X103.3679 Y99.1439 Z7.8336 E0.02194 F600
G1 X103.5816 Y99.1713 Z7.7800 E0.01993 F600
G1 X103.7705 Y99.2747 Z7.8336 E0.01993 F600
G1 X103.8941 Y99.4264 Z7.9800 E0.02194 F600
G1 X103.9374 Y99.5852 Z8.1800 E0.02326 F600
G1 X103.9137 Y99.7131 Z8.3800 E0.02143 F600
G1 X103.8535 Y99.7852 Z8.5264 E0.01562 F600
G1 X103.7915 Y99.7922 Z8.5800 E0.00739 F600
G1 X103.7580 Y99.7396 Z8.5264 E0.00739 F600
G1 X103.7762 Y99.6475 Z8.3800 E0.01562 F600
G1 X103.8606 Y99.5485 Z8.1800 E0.02143 F600
G1 X104.0113 Y99.4823 Z7.9800 E0.02326 F600
G1 X104.2070 Y99.4829 Z7.8336 E0.02194 F600
G1 X104.4062 Y99.5647 Z7.7800 E0.01993 F600
G1 X104.5620 Y99.7134 Z7.8336 E0.01993 F600
G1 X104.6421 Y99.8919 Z7.9800 E0.02194 F600
G1 X104.6429 Y100.0565 Z8.1800 E0.02326 F600
G1 X104.5869 Y100.1739 Z8.3800 E0.02143 F600
G1 X104.5101 Y100.2280 Z8.5264 E0.01562 F600
G1 X104.4483 Y100.2188 Z8.5800 E0.00739 F600
G1 X104.4295 Y100.1593 Z8.5264 E0.00739 F600
G1 X104.4710 Y100.0750 Z8.3800 E0.01562 F600
G1 X104.5782 Y100.0013 Z8.1800 E0.02143 F600
G1 X104.7409 Y99.9763 Z7.9800 E0.02326 F600
G1 X104.9297 Y100.0275 Z7.8336 E0.02194 F600
G1 X105.1010 Y100.1580 Z7.7800 E0.01993 F600
G1 X105.2129 Y100.3420 Z7.8336 E0.01993 F600
G1 X105.2441 Y100.5352 Z7.9800 E0.02194 F600
G1 X105.2023 Y100.6944 Z8.1800 E0.02326 F600
G1 X105.1178 Y100.7933 Z8.3800 E0.02143 F600
G1 X105.0296 Y100.8257 Z8.5264 E0.01562 F600
G1 X104.9724 Y100.8008 Z8.5800 E0.00739 F600
G1 X104.9696 Y100.7384 Z8.5264 E0.00739 F600
G1 X105.0315 Y100.6677 Z8.3800 E0.01562 F600
G1 X105.1541 Y100.6243 Z8.1800 E0.02143 F600
G1 X105.3177 Y100.6423 Z7.9800 E0.02326 F600
G1 X105.4868 Y100.7406 Z7.8336 E0.02194 F600
G1 X105.6185 Y100.9110 Z7.7800 E0.01993 F600
G1 X105.6790 Y101.1177 Z7.8336 E0.01993 F600
G1 X105.6591 Y101.3124 Z7.9800 E0.02194 F600
G1 X105.5775 Y101.4553 Z8.1800 E0.02326 F600
G1 X105.4703 Y101.5290 Z8.3800 E0.02143 F600
G1 X105.3767 Y101.5375 Z8.5264 E0.01562 F600
G1 X105.3279 Y101.4986 Z8.5800 E0.00739 F600
G1 X105.3414 Y101.4376 Z8.5264 E0.00739 F600
G1 X105.4194 Y101.3853 Z8.3800 E0.01562 F600
G1 X105.5491 Y101.3751 Z8.1800 E0.02143 F600
G1 X105.7025 Y101.4348 Z7.9800 E0.02326 F600
G1 X105.8404 Y101.5736 Z7.8336 E0.02194 F600
G1 X105.9235 Y101.7723 Z7.7800 E0.01993 F600
G1 X105.9284 Y101.9876 Z7.8336 E0.01993 F600
G1 X105.8589 Y102.1705 Z7.9800 E0.02194 F600
G1 X105.7430 Y102.2874 Z8.1800 E0.02326 F600
G1 X105.6204 Y102.3308 Z8.3800 E0.02143 F600
G1 X105.5278 Y102.3148 Z8.5264 E0.01562 F600
G1 X105.4908 Y102.2646 Z8.5800 E0.00739 F600
G1 X105.5195 Y102.2093 Z8.5264 E0.00739 F600
G1 X105.6085 Y102.1789 Z8.3800 E0.01562 F600
G1 X105.7364 Y102.2026 Z8.1800 E0.02143 F600
G1 X105.8691 Y102.3000 Z7.9800 E0.02326 F600
G1 X105.9664 Y102.4697 Z7.8336 E0.02194 F600
G1 X105.9952 Y102.6832 Z7.7800 E0.01993 F600
G1 X105.9442 Y102.8924 Z7.8336 E0.01993 F600
G1 X105.8297 Y103.0511 Z7.9800 E0.02194 F600
G1 X105.6876 Y103.1340 Z8.1800 E0.02326 F600
G1 X105.5579 Y103.1442 Z8.3800 E0.02143 F600
G1 X105.4726 Y103.1048 Z8.5264 E0.01562 F600
G1 X105.4498 Y103.0467 Z8.5800 E0.00739 F600
G1 X105.4919 Y103.0007 Z8.5264 E0.00739 F600
G1 X105.5856 Y102.9944 Z8.3800 E0.01562 F600
G1 X105.7031 Y103.0504 Z8.1800 E0.02143 F600
G1 X105.8060 Y103.1788 Z7.9800 E0.02326 F600
G1 X105.8561 Y103.3679 Z7.8336 E0.02194 F600
G1 X105.8287 Y103.5816 Z7.7800 E0.01993 F600
G1 X105.7253 Y103.7705 Z7.8336 E0.01993 F600
G1 X105.5736 Y103.8941 Z7.9800 E0.02194 F600
G1 X105.4148 Y103.9374 Z8.1800 E0.02326 F600
G1 X105.2869 Y103.9137 Z8.3800 E0.02143 F600
G1 X105.2148 Y103.8535 Z8.5264 E0.01562 F600
G1 X105.2078 Y103.7915 Z8.5800 E0.00739 F600
G1 X105.2604 Y103.7580 Z8.5264 E0.00739 F600
G1 X105.3525 Y103.7762 Z8.3800 E0.01562 F600
G1 X105.4515 Y103.8606 Z8.1800 E0.02143 F600
G1 X105.5177 Y104.0113 Z7.9800 E0.02326 F600
G1 X105.5171 Y104.2070 Z7.8336 E0.02194 F600
G1 X105.4353 Y104.4062 Z7.7800 E0.01993 F600
G1 X105.2866 Y104.5620 Z7.8336 E0.01993 F600
G1 X105.1081 Y104.6421 Z7.9800 E0.02194 F600
G1 X104.9435 Y104.6429 Z8.1800 E0.02326 F600
G1 X104.8261 Y104.5869 Z8.3800 E0.02143 F600
G1 X104.7720 Y104.5101 Z8.5264 E0.01562 F600
G1 X104.7812 Y104.4483 Z8.5800 E0.00739 F600
G1 X104.8407 Y104.4295 Z8.5264 E0.00739 F600
G1 X104.9250 Y104.4710 Z8.3800 E0.01562 F600
G1 X104.9987 Y104.5782 Z8.1800 E0.02143 F600
G1 X105.0237 Y104.7409 Z7.9800 E0.02326 F600
G1 X104.9725 Y104.9297 Z7.8336 E0.02194 F600
G1 X104.8420 Y105.1010 Z7.7800 E0.01993 F600
G1 X104.6580 Y105.2129 Z7.8336 E0.01993 F600
G1 X104.4648 Y105.2441 Z7.9800 E0.02194 F600
G1 X104.3056 Y105.2023 Z8.1800 E0.02326 F600
G1 X104.2067 Y105.1178 Z8.3800 E0.02143 F600
G1 X104.1743 Y105.0296 Z8.5264 E0.01562 F600
G1 X104.1992 Y104.9724 Z8.5800 E0.00739 F600
G1 X104.2616 Y104.9696 Z8.5264 E0.00739 F600
G1 X104.3323 Y105.0315 Z8.3800 E0.01562 F600
G1 X104.3757 Y105.1541 Z8.1800 E0.02143 F600
G1 X104.3577 Y105.3177 Z7.9800 E0.02326 F600
G1 X104.2594 Y105.4868 Z7.8336 E0.02194 F600
G1 X104.0890 Y105.6185 Z7.7800 E0.01993 F600
G1 X103.8823 Y105.6790 Z7.8336 E0.01993 F600
G1 X103.6876 Y105.6591 Z7.9800 E0.02194 F600
G1 X103.5447 Y105.5775 Z8.1800 E0.02326 F600
G1 X103.4710 Y105.4703 Z8.3800 E0.02143 F600
G1 X103.4625 Y105.3767 Z8.5264 E0.01562 F600
G1 X103.5014 Y105.3279 Z8.5800 E0.00739 F600
G1 X103.5624 Y105.3414 Z8.5264 E0.00739 F600
G1 X103.6147 Y105.4194 Z8.3800 E0.01562 F600
G1 X103.6249 Y105.5491 Z8.1800 E0.02143 F600
G1 X103.5652 Y105.7025 Z7.9800 E0.02326 F600
G1 X103.4264 Y105.8404 Z7.8336 E0.02194 F600
G1 X103.2277 Y105.9235 Z7.7800 E0.01993 F600
G1 X103.0124 Y105.9284 Z7.8336 E0.01993 F600
G1 X102.8295 Y105.8589 Z7.9800 E0.02194 F600
G1 X102.7126 Y105.7430 Z8.1800 E0.02326 F600
G1 X102.6692 Y105.6204 Z8.3800 E0.02143 F600
G1 X102.6852 Y105.5278 Z8.5264 E0.01562 F600
G1 X102.7354 Y105.4908 Z8.5800 E0.00739 F600
G1 X102.7907 Y105.5195 Z8.5264 E0.00739 F600
G1 X102.8211 Y105.6085 Z8.3800 E0.01562 F600
G1 X102.7974 Y105.7364 Z8.1800 E0.02143 F600
G1 X102.7000 Y105.8691 Z7.9800 E0.02326 F600
G1 X102.5303 Y105.9664 Z7.8336 E0.02194 F600
G1 X102.3168 Y105.9952 Z7.7800 E0.01993 F600
G1 X102.1076 Y105.9442 Z7.8336 E0.01993 F600
G1 X101.9489 Y105.8297 Z7.9800 E0.02194 F600
G1 X101.8660 Y105.6876 Z8.1800 E0.02326 F600
G1 X101.8558 Y105.5579 Z8.3800 E0.02143 F600
G1 X101.8952 Y105.4726 Z8.5264 E0.01562 F600
G1 X101.9533 Y105.4498 Z8.5800 E0.00739 F600
G1 X101.9993 Y105.4919 Z8.5264 E0.00739 F600
G1 X102.0056 Y105.5856 Z8.3800 E0.01562 F600
G1 X101.9496 Y105.7031 Z8.1800 E0.02143 F600
G1 X101.8212 Y105.8060 Z7.9800 E0.02326 F600
G1 X101.6321 Y105.8561 Z7.8336 E0.02194 F600
G1 X101.4184 Y105.8287 Z7.7800 E0.01993 F600
G1 X101.2295 Y105.7253 Z7.8336 E0.01993 F600
G1 X101.1059 Y105.5736 Z7.9800 E0.02194 F600
G1 X101.0626 Y105.4148 Z8.1800 E0.02326 F600
G1 X101.0863 Y105.2869 Z8.3800 E0.02143 F600
G1 X101.1465 Y105.2148 Z8.5264 E0.01562 F600
G1 X101.2085 Y105.2078 Z8.5800 E0.00739 F600
G1 X101.2420 Y105.2604 Z8.5264 E0.00739 F600
G1 X101.2238 Y105.3525 Z8.3800 E0.01562 F600
G1 X101.1394 Y105.4515 Z8.1800 E0.02143 F600
G1 X100.9887 Y105.5177 Z7.9800 E0.02326 F600
G1 X100.7930 Y105.5171 Z7.8336 E0.02194 F600
G1 X100.5938 Y105.4353 Z7.7800 E0.01993 F600
G1 X100.4380 Y105.2866 Z7.8336 E0.01993 F600
G1 X100.3579 Y105.1081 Z7.9800 E0.02194 F600
G1 X100.3571 Y104.9435 Z8.1800 E0.02326 F600
G1 X100.4131 Y104.8261 Z8.3800 E0.02143 F600
G1 X100.4899 Y104.7720 Z8.5264 E0.01562 F600
G1 X100.5517 Y104.7812 Z8.5800 E0.00739 F600
G1 X100.5705 Y104.8407 Z8.5264 E0.00739 F600
G1 X100.5290 Y104.9250 Z8.3800 E0.01562 F600
G1 X100.4218 Y104.9987 Z8.1800 E0.02143 F600
G1 X100.2591 Y105.0237 Z7.9800 E0.02326 F600
G1 X100.0703 Y104.9725 Z7.8336 E0.02194 F600
G1 X99.8990 Y104.8420 Z7.7800 E0.01993 F600
G1 X99.7871 Y104.6580 Z7.8336 E0.01993 F600
G1 X99.7559 Y104.4648 Z7.9800 E0.02194 F600
G1 X99.7977 Y104.3056 Z8.1800 E0.02326 F600
G1 X99.8822 Y104.2067 Z8.3800 E0.02143 F600
G1 X99.9704 Y104.1743 Z8.5264 E0.01562 F600
G1 X100.0276 Y104.1992 Z8.5800 E0.00739 F600
G1 X100.0304 Y104.2616 Z8.5264 E0.00739 F600
G1 X99.9685 Y104.3323 Z8.3800 E0.01562 F600
G1 X99.8459 Y104.3757 Z8.1800 E0.02143 F600
G1 X99.6823 Y104.3577 Z7.9800 E0.02326 F600
G1 X99.5132 Y104.2594 Z7.8336 E0.02194 F600
G1 X99.3815 Y104.0890 Z7.7800 E0.01993 F600
G1 X99.3210 Y103.8823 Z7.8336 E0.01993 F600
G1 X99.3409 Y103.6876 Z7.9800 E0.02194 F600
G1 X99.4225 Y103.5447 Z8.1800 E0.02326 F600
G1 X99.5297 Y103.4710 Z8.3800 E0.02143 F600
G1 X99.6233 Y103.4625 Z8.5264 E0.01562 F600
G1 X99.6721 Y103.5014 Z8.5800 E0.00739 F600
G1 X99.6586 Y103.5624 Z8.5264 E0.00739 F600
G1 X99.5806 Y103.6147 Z8.3800 E0.01562 F600
G1 X99.4509 Y103.6249 Z8.1800 E0.02143 F600
G1 X99.2975 Y103.5652 Z7.9800 E0.02326 F600
G1 X99.1596 Y103.4264 Z7.8336 E0.02194 F600
G1 X99.0765 Y103.2277 Z7.7800 E0.01993 F600
G1 X99.0716 Y103.0124 Z7.8336 E0.01993 F600
G1 X99.1411 Y102.8295 Z7.9800 E0.02194 F600
G1 X99.2570 Y102.7126 Z8.1800 E0.02326 F600
G1 X99.3796 Y102.6692 Z8.3800 E0.02143 F600
G1 X99.4722 Y102.6852 Z8.5264 E0.01562 F600
G1 X99.5092 Y102.7354 Z8.5800 E0.00739 F600
G1 X99.4805 Y102.7907 Z8.5264 E0.00739 F600
G1 X99.3915 Y102.8211 Z8.3800 E0.01562 F600
G1 X99.2636 Y102.7974 Z8.1800 E0.02143 F600
G1 X99.1309 Y102.7000 Z7.9800 E0.02326 F600
G1 X99.0336 Y102.5303 Z7.8336 E0.02194 F600
G1 X99.0048 Y102.3168 Z7.7800 E0.01993 F600
G1 X99.0558 Y102.1076 Z7.8336 E0.01993 F600
G1 X99.1703 Y101.9489 Z7.9800 E0.02194 F600
G1 X99.3124 Y101.8660 Z8.1800 E0.02326 F600
G1 X99.4421 Y101.8558 Z8.3800 E0.02143 F600
G1 X99.5274 Y101.8952 Z8.5264 E0.01562 F600
G1 X99.5502 Y101.9533 Z8.5800 E0.00739 F600
G1 X99.5081 Y101.9993 Z8.5264 E0.00739 F600
G1 X99.4144 Y102.0056 Z8.3800 E0.01562 F600
G1 X99.2969 Y101.9496 Z8.1800 E0.02143 F600
G1 X99.1940 Y101.8212 Z7.9800 E0.02326 F600
G1 X99.1439 Y101.6321 Z7.8336 E0.02194 F600
G1 X99.1713 Y101.4184 Z7.7800 E0.01993 F600
G1 X99.2747 Y101.2295 Z7.8336 E0.01993 F600
G1 X99.4264 Y101.1059 Z7.9800 E0.02194 F600
G1 X99.5852 Y101.0626 Z8.1800 E0.02326 F600
G1 X99.7131 Y101.0863 Z8.3800 E0.02143 F600
G1 X99.7852 Y101.1465 Z8.5264 E0.01562 F600
G1 X99.7922 Y101.2085 Z8.5800 E0.00739 F600
G1 X99.7396 Y101.2420 Z8.5264 E0.00739 F600
G1 X99.6475 Y101.2238 Z8.3800 E0.01562 F600
G1 X99.5485 Y101.1394 Z8.1800 E0.02143 F600
G1 X99.4823 Y100.9887 Z7.9800 E0.02326 F600
G1 X99.4829 Y100.7930 Z7.8336 E0.02194 F600
G1 X99.5647 Y100.5938 Z7.7800 E0.01993 F600
G1 X99.7134 Y100.4380 Z7.8336 E0.01993 F600
G1 X99.8919 Y100.3579 Z7.9800 E0.02194 F600
G1 X100.0565 Y100.3571 Z8.1800 E0.02326 F600
G1 X100.1739 Y100.4131 Z8.3800 E0.02143 F600
G1 X100.2280 Y100.4899 Z8.5264 E0.01562 F600
G1 X100.2188 Y100.5517 Z8.5800 E0.00739 F600
G1 X100.1593 Y100.5705 Z8.5264 E0.00739 F600
G1 X100.0750 Y100.5290 Z8.3800 E0.01562 F600
G1 X100.0013 Y100.4218 Z8.1800 E0.02143 F600
G1 X99.9763 Y100.2591 Z7.9800 E0.02326 F600
G1 X100.0275 Y100.0703 Z7.8336 E0.02194 F600
G1 X100.1580 Y99.8990 Z7.7800 E0.01993 F600
G1 X100.3420 Y99.7871 Z7.8336 E0.01993 F600
G1 X100.5352 Y99.7559 Z7.9800 E0.02194 F600
G1 X100.6944 Y99.7977 Z8.1800 E0.02326 F600
G1 X100.7933 Y99.8822 Z8.3800 E0.02143 F600
G1 X100.8257 Y99.9704 Z8.5264 E0.01562 F600
G1 X100.8008 Y100.0276 Z8.5800 E0.00739 F600
; row 16/38
G1 X100.4312 Y100.2814 Z9.0264 E0.05682 F600
G1 X100.3530 Y100.2293 Z8.8800 E0.01562 F600
G1 X100.2939 Y100.1135 Z8.6800 E0.02143 F600
G1 X100.2904 Y99.9489 Z8.4800 E0.02326 F600
G1 X100.3658 Y99.7684 Z8.3336 E0.02194 F600
G1 X100.5176 Y99.6156 Z8.2800 E0.01993 F600
G1 X100.7146 Y99.5286 Z8.3336 E0.01993 F600
G1 X100.9102 Y99.5229 Z8.4800 E0.02194 F600
G1 X101.0626 Y99.5852 Z8.6800 E0.02326 F600
G1 X101.1496 Y99.6818 Z8.8800 E0.02143 F600
G1 X101.1702 Y99.7735 Z9.0264 E0.01562 F600
G1 X101.1380 Y99.8270 Z9.0800 E0.00739 F600
G1 X101.0759 Y99.8216 Z9.0264 E0.00739 F600
G1 X101.0138 Y99.7510 Z8.8800 E0.01562 F600
G1 X100.9868 Y99.6238 Z8.6800 E0.02143 F600
G1 X101.0259 Y99.4639 Z8.4800 E0.02326 F600
G1 X101.1455 Y99.3091 Z8.3336 E0.02194 F600
G1 X101.3317 Y99.2008 Z8.2800 E0.01993 F600
G1 X101.5445 Y99.1678 Z8.3336 E0.01993 F600
G1 X101.7349 Y99.2129 Z8.4800 E0.02194 F600
G1 X101.8660 Y99.3124 Z8.6800 E0.02326 F600
G1 X101.9250 Y99.4284 Z8.8800 E0.02143 F600
G1 X101.9212 Y99.5222 Z9.0264 E0.01562 F600
G1 X101.8763 Y99.5656 Z9.0800 E0.00739 F600
G1 X101.8176 Y99.5443 Z9.0264 E0.00739 F600
G1 X101.7759 Y99.4600 Z8.8800 E0.01562 F600
G1 X101.7827 Y99.3301 Z8.6800 E0.02143 F600
G1 X101.8620 Y99.1859 Z8.4800 E0.02326 F600
G1 X102.0176 Y99.0672 Z8.3336 E0.02194 F600
G1 X102.2254 Y99.0108 Z8.2800 E0.01993 F600
G1 X102.4395 Y99.0340 Z8.3336 E0.01993 F600
G1 X102.6117 Y99.1268 Z8.4800 E0.02194 F600
G1 X102.7126 Y99.2570 Z8.6800 E0.02326 F600
G1 X102.7396 Y99.3842 Z8.8800 E0.02143 F600
G1 X102.7116 Y99.4739 Z9.0264 E0.01562 F600
G1 X102.6570 Y99.5041 Z9.0800 E0.00739 F600
G1 X102.6059 Y99.4684 Z9.0264 E0.00739 F600
G1 X102.5874 Y99.3762 Z8.8800 E0.01562 F600
G1 X102.6276 Y99.2525 Z8.6800 E0.02143 F600
G1 X102.7415 Y99.1336 Z8.4800 E0.02326 F600
G1 X102.9225 Y99.0593 Z8.3336 E0.02194 F600
G1 X103.1378 Y99.0586 Z8.2800 E0.01993 F600
G1 X103.3386 Y99.1365 Z8.3336 E0.01993 F600
G1 X103.4810 Y99.2707 Z8.4800 E0.02194 F600
G1 X103.5447 Y99.4225 Z8.6800 E0.02326 F600
G1 X103.5379 Y99.5524 Z8.8800 E0.02143 F600
G1 X103.4876 Y99.6318 Z9.0264 E0.01562 F600
G1 X103.4271 Y99.6468 Z9.0800 E0.00739 F600
G1 X103.3869 Y99.5991 Z9.0264 E0.00739 F600
G1 X103.3929 Y99.5053 Z8.8800 E0.01562 F600
G1 X103.4638 Y99.3962 Z8.6800 E0.02143 F600
G1 X103.6045 Y99.3109 Z8.4800 E0.02326 F600
G1 X103.7986 Y99.2859 Z8.3336 E0.02194 F600
G1 X104.0068 Y99.3410 Z8.2800 E0.01993 F600
G1 X104.1806 Y99.4681 Z8.3336 E0.01993 F600
G1 X104.2833 Y99.6346 Z8.4800 E0.02194 F600
G1 X104.3056 Y99.7977 Z8.6800 E0.02326 F600
G1 X104.2654 Y99.9214 Z8.8800 E0.02143 F600
G1 X104.1963 Y99.9851 Z9.0264 E0.01562 F600
G1 X104.1339 Y99.9840 Z9.0800 E0.00739 F600
G1 X104.1075 Y99.9275 Z9.0264 E0.00739 F600
G1 X104.1376 Y99.8384 Z8.8800 E0.01562 F600
G1 X104.2342 Y99.7514 Z8.6800 E0.02143 F600
G1 X104.3923 Y99.7054 Z8.4800 E0.02326 F600
G1 X104.5862 Y99.7315 Z8.3336 E0.02194 F600
G1 X104.7731 Y99.8386 Z8.2800 E0.01993 F600
G1 X104.9080 Y100.0064 Z8.3336 E0.01993 F600
G1 X104.9642 Y100.1938 Z8.4800 E0.02194 F600
G1 X104.9435 Y100.3571 Z8.6800 E0.02326 F600
G1 X104.8726 Y100.4662 Z8.8800 E0.02143 F600
G1 X104.7894 Y100.5098 Z9.0264 E0.01562 F600
G1 X104.7294 Y100.4926 Z9.0800 E0.00739 F600
G1 X104.7186 Y100.4312 Z9.0264 E0.00739 F600
G1 X104.7707 Y100.3530 Z8.8800 E0.01562 F600
G1 X104.8865 Y100.2939 Z8.6800 E0.02143 F600
G1 X105.0511 Y100.2904 Z8.4800 E0.02326 F600
G1 X105.2316 Y100.3658 Z8.3336 E0.02194 F600
G1 X105.3844 Y100.5176 Z8.2800 E0.01993 F600
G1 X105.4714 Y100.7146 Z8.3336 E0.01993 F600
G1 X105.4771 Y100.9102 Z8.4800 E0.02194 F600
G1 X105.4148 Y101.0626 Z8.6800 E0.02326 F600
G1 X105.3182 Y101.1496 Z8.8800 E0.02143 F600
G1 X105.2265 Y101.1702 Z9.0264 E0.01562 F600
G1 X105.1730 Y101.1380 Z9.0800 E0.00739 F600
G1 X105.1784 Y101.0759 Z9.0264 E0.00739 F600
G1 X105.2490 Y101.0138 Z8.8800 E0.01562 F600
G1 X105.3762 Y100.9868 Z8.6800 E0.02143 F600
G1 X105.5361 Y101.0259 Z8.4800 E0.02326 F600
G1 X105.6909 Y101.1455 Z8.3336 E0.02194 F600
G1 X105.7992 Y101.3317 Z8.2800 E0.01993 F600
G1 X105.8322 Y101.5445 Z8.3336 E0.01993 F600
G1 X105.7871 Y101.7349 Z8.4800 E0.02194 F600
G1 X105.6876 Y101.8660 Z8.6800 E0.02326 F600
G1 X105.5716 Y101.9250 Z8.8800 E0.02143 F600
G1 X105.4778 Y101.9212 Z9.0264 E0.01562 F600
G1 X105.4344 Y101.8763 Z9.0800 E0.00739 F600
G1 X105.4557 Y101.8176 Z9.0264 E0.00739 F600
G1 X105.5400 Y101.7759 Z8.8800 E0.01562 F600
G1 X105.6699 Y101.7827 Z8.6800 E0.02143 F600
G1 X105.8141 Y101.8620 Z8.4800 E0.02326 F600
G1 X105.9328 Y102.0176 Z8.3336 E0.02194 F600
G1 X105.9892 Y102.2254 Z8.2800 E0.01993 F600
G1 X105.9660 Y102.4395 Z8.3336 E0.01993 F600
G1 X105.8732 Y102.6117 Z8.4800 E0.02194 F600
G1 X105.7430 Y102.7126 Z8.6800 E0.02326 F600
G1 X105.6158 Y102.7396 Z8.8800 E0.02143 F600
G1 X105.5261 Y102.7116 Z9.0264 E0.01562 F600
G1 X105.4959 Y102.6570 Z9.0800 E0.00739 F600
G1 X105.5316 Y102.6059 Z9.0264 E0.00739 F600
G1 X105.6238 Y102.5874 Z8.8800 E0.01562 F600
G1 X105.7475 Y102.6276 Z8.6800 E0.02143 F600
G1 X105.8664 Y102.7415 Z8.4800 E0.02326 F600
G1 X105.9407 Y102.9225 Z8.3336 E0.02194 F600
G1 X105.9414 Y103.1378 Z8.2800 E0.01993 F600
G1 X105.8635 Y103.3386 Z8.3336 E0.01993 F600
G1 X105.7293 Y103.4810 Z8.4800 E0.02194 F600
G1 X105.5775 Y103.5447 Z8.6800 E0.02326 F600
G1 X105.4476 Y103.5379 Z8.8800 E0.02143 F600
G1 X105.3682 Y103.4876 Z9.0264 E0.01562 F600
G1 X105.3532 Y103.4271 Z9.0800 E0.00739 F600
G1 X105.4009 Y103.3869 Z9.0264 E0.00739 F600
G1 X105.4947 Y103.3929 Z8.8800 E0.01562 F600
G1 X105.6038 Y103.4638 Z8.6800 E0.02143 F600
G1 X105.6891 Y103.6045 Z8.4800 E0.02326 F600
G1 X105.7141 Y103.7986 Z8.3336 E0.02194 F600
G1 X105.6590 Y104.0068 Z8.2800 E0.01993 F600
G1 X105.5319 Y104.1806 Z8.3336 E0.01993 F600
G1 X105.3654 Y104.2833 Z8.4800 E0.02194 F600
G1 X105.2023 Y104.3056 Z8.6800 E0.02326 F600
G1 X105.0786 Y104.2654 Z8.8800 E0.02143 F600
G1 X105.0149 Y104.1963 Z9.0264 E0.01562 F600
G1 X105.0160 Y104.1339 Z9.0800 E0.00739 F600
G1 X105.0725 Y104.1075 Z9.0264 E0.00739 F600
G1 X105.1616 Y104.1376 Z8.8800 E0.01562 F600
G1 X105.2486 Y104.2342 Z8.6800 E0.02143 F600
G1 X105.2946 Y104.3923 Z8.4800 E0.02326 F600
G1 X105.2685 Y104.5862 Z8.3336 E0.02194 F600
G1 X105.1614 Y104.7731 Z8.2800 E0.01993 F600
G1 X104.9936 Y104.9080 Z8.3336 E0.01993 F600
G1 X104.8062 Y104.9642 Z8.4800 E0.02194 F600
G1 X104.6429 Y104.9435 Z8.6800 E0.02326 F600
G1 X104.5338 Y104.8726 Z8.8800 E0.02143 F600
G1 X104.4902 Y104.7894 Z9.0264 E0.01562 F600
G1 X104.5074 Y104.7294 Z9.0800 E0.00739 F600
G1 X104.5688 Y104.7186 Z9.0264 E0.00739 F600
G1 X104.6470 Y104.7707 Z8.8800 E0.01562 F600
G1 X104.7061 Y104.8865 Z8.6800 E0.02143 F600
G1 X104.7096 Y105.0511 Z8.4800 E0.02326 F600
G1 X104.6342 Y105.2316 Z8.3336 E0.02194 F600
G1 X104.4824 Y105.3844 Z8.2800 E0.01993 F600
G1 X104.2854 Y105.4714 Z8.3336 E0.01993 F600
G1 X104.0898 Y105.4771 Z8.4800 E0.02194 F600
G1 X103.9374 Y105.4148 Z8.6800 E0.02326 F600
G1 X103.8504 Y105.3182 Z8.8800 E0.02143 F600
G1 X103.8298 Y105.2265 Z9.0264 E0.01562 F600
G1 X103.8620 Y105.1730 Z9.0800 E0.00739 F600
G1 X103.9241 Y105.1784 Z9.0264 E0.00739 F600
G1 X103.9862 Y105.2490 Z8.8800 E0.01562 F600
G1 X104.0132 Y105.3762 Z8.6800 E0.02143 F600
G1 X103.9741 Y105.5361 Z8.4800 E0.02326 F600
G1 X103.8545 Y105.6909 Z8.3336 E0.02194 F600
G1 X103.6683 Y105.7992 Z8.2800 E0.01993 F600
G1 X103.4555 Y105.8322 Z8.3336 E0.01993 F600
G1 X103.2651 Y105.7871 Z8.4800 E0.02194 F600
G1 X103.1340 Y105.6876 Z8.6800 E0.02326 F600
G1 X103.0750 Y105.5716 Z8.8800 E0.02143 F600
G1 X103.0788 Y105.4778 Z9.0264 E0.01562 F600
G1 X103.1237 Y105.4344 Z9.0800 E0.00739 F600
G1 X103.1824 Y105.4557 Z9.0264 E0.00739 F600
G1 X103.2241 Y105.5400 Z8.8800 E0.01562 F600
G1 X103.2173 Y105.6699 Z8.6800 E0.02143 F600
G1 X103.1380 Y105.8141 Z8.4800 E0.02326 F600
G1 X102.9824 Y105.9328 Z8.3336 E0.02194 F600
G1 X102.7746 Y105.9892 Z8.2800 E0.01993 F600
G1 X102.5605 Y105.9660 Z8.3336 E0.01993 F600
G1 X102.3883 Y105.8732 Z8.4800 E0.02194 F600
G1 X102.2874 Y105.7430 Z8.6800 E0.02326 F600
G1 X102.2604 Y105.6158 Z8.8800 E0.02143 F600
G1 X102.2884 Y105.5261 Z9.0264 E0.01562 F600
G1 X102.3430 Y105.4959 Z9.0800 E0.00739 F600
G1 X102.3941 Y105.5316 Z9.0264 E0.00739 F600
G1 X102.4126 Y105.6238 Z8.8800 E0.01562 F600
G1 X102.3724 Y105.7475 Z8.6800 E0.02143 F600
G1 X102.2585 Y105.8664 Z8.4800 E0.02326 F600
G1 X102.0775 Y105.9407 Z8.3336 E0.02194 F600
G1 X101.8622 Y105.9414 Z8.2800 E0.01993 F600
G1 X101.6614 Y105.8635 Z8.3336 E0.01993 F600
G1 X101.5190 Y105.7293 Z8.4800 E0.02194 F600
G1 X101.4553 Y105.5775 Z8.6800 E0.02326 F600
G1 X101.4621 Y105.4476 Z8.8800 E0.02143 F600
G1 X101.5124 Y105.3682 Z9.0264 E0.01562 F600
G1 X101.5729 Y105.3532 Z9.0800 E0.00739 F600
G1 X101.6131 Y105.4009 Z9.0264 E0.00739 F600
G1 X101.6071 Y105.4947 Z8.8800 E0.01562 F600
G1 X101.5362 Y105.6038 Z8.6800 E0.02143 F600
G1 X101.3955 Y105.6891 Z8.4800 E0.02326 F600
G1 X101.2014 Y105.7141 Z8.3336 E0.02194 F600
G1 X100.9932 Y105.6590 Z8.2800 E0.01993 F600
G1 X100.8194 Y105.5319 Z8.3336 E0.01993 F600
G1 X100.7167 Y105.3654 Z8.4800 E0.02194 F600
G1 X100.6944 Y105.2023 Z8.6800 E0.02326 F600
G1 X100.7346 Y105.0786 Z8.8800 E0.02143 F600
G1 X100.8037 Y105.0149 Z9.0264 E0.01562 F600
G1 X100.8661 Y105.0160 Z9.0800 E0.00739 F600
G1 X100.8925 Y105.0725 Z9.0264 E0.00739 F600
G1 X100.8624 Y105.1616 Z8.8800 E0.01562 F600
G1 X100.7658 Y105.2486 Z8.6800 E0.02143 F600
G1 X100.6077 Y105.2946 Z8.4800 E0.02326 F600
G1 X100.4138 Y105.2685 Z8.3336 E0.02194 F600
G1 X100.2269 Y105.1614 Z8.2800 E0.01993 F600
G1 X100.0920 Y104.9936 Z8.3336 E0.01993 F600
G1 X100.0358 Y104.8062 Z8.4800 E0.02194 F600
G1 X100.0565 Y104.6429 Z8.6800 E0.02326 F600
G1 X100.1274 Y104.5338 Z8.8800 E0.02143 F600
G1 X100.2106 Y104.4902 Z9.0264 E0.01562 F600
G1 X100.2706 Y104.5074 Z9.0800 E0.00739 F600
G1 X100.2814 Y104.5688 Z9.0264 E0.00739 F600
G1 X100.2293 Y104.6470 Z8.8800 E0.01562 F600
G1 X100.1135 Y104.7061 Z8.6800 E0.02143 F600
G1 X99.9489 Y104.7096 Z8.4800 E0.02326 F600
G1 X99.7684 Y104.6342 Z8.3336 E0.02194 F600
G1 X99.6156 Y104.4824 Z8.2800 E0.01993 F600
G1 X99.5286 Y104.2854 Z8.3336 E0.01993 F600
G1 X99.5229 Y104.0898 Z8.4800 E0.02194 F600
G1 X99.5852 Y103.9374 Z8.6800 E0.02326 F600
G1 X99.6818 Y103.8504 Z8.8800 E0.02143 F600
G1 X99.7735 Y103.8298 Z9.0264 E0.01562 F600
G1 X99.8270 Y103.8620 Z9.0800 E0.00739 F600
G1 X99.8216 Y103.9241 Z9.0264 E0.00739 F600
G1 X99.7510 Y103.9862 Z8.8800 E0.01562 F600
G1 X99.6238 Y104.0132 Z8.6800 E0.02143 F600
G1 X99.4639 Y103.9741 Z8.4800 E0.02326 F600
G1 X99.3091 Y103.8545 Z8.3336 E0.02194 F600
G1 X99.2008 Y103.6683 Z8.2800 E0.01993 F600
G1 X99.1678 Y103.4555 Z8.3336 E0.01993 F600
G1 X99.2129 Y103.2651 Z8.4800 E0.02194 F600
G1 X99.3124 Y103.1340 Z8.6800 E0.02326 F600
G1 X99.4284 Y103.0750 Z8.8800 E0.02143 F600
G1 X99.5222 Y103.0788 Z9.0264 E0.01562 F600
G1 X99.5656 Y103.1237 Z9.0800 E0.00739 F600
G1 X99.5443 Y103.1824 Z9.0264 E0.00739 F600
G1 X99.4600 Y103.2241 Z8.8800 E0.01562 F600
G1 X99.3301 Y103.2173 Z8.6800 E0.02143 F600
G1 X99.1859 Y103.1380 Z8.4800 E0.02326 F600
G1 X99.0672 Y102.9824 Z8.3336 E0.02194 F600
G1 X99.0108 Y102.7746 Z8.2800 E0.01993 F600
G1 X99.0340 Y102.5605 Z8.3336 E0.01993 F600
G1 X99.1268 Y102.3883 Z8.4800 E0.02194 F600
G1 X99.2570 Y102.2874 Z8.6800 E0.02326 F600
G1 X99.3842 Y102.2604 Z8.8800 E0.02143 F600
G1 X99.4739 Y102.2884 Z9.0264 E0.01562 F600
G1 X99.5041 Y102.3430 Z9.0800 E0.00739 F600
G1 X99.4684 Y102.3941 Z9.0264 E0.00739 F600
G1 X99.3762 Y102.4126 Z8.8800 E0.01562 F600
G1 X99.2525 Y102.3724 Z8.6800 E0.02143 F600
G1 X99.1336 Y102.2585 Z8.4800 E0.02326 F600
G1 X99.0593 Y102.0775 Z8.3336 E0.02194 F600
G1 X99.0586 Y101.8622 Z8.2800 E0.01993 F600
G1 X99.1365 Y101.6614 Z8.3336 E0.01993 F600
G1 X99.2707 Y101.5190 Z8.4800 E0.02194 F600
G1 X99.4225 Y101.4553 Z8.6800 E0.02326 F600
G1 X99.5524 Y101.4621 Z8.8800 E0.02143 F600
G1 X99.6318 Y101.5124 Z9.0264 E0.01562 F600
G1 X99.6468 Y101.5729 Z9.0800 E0.00739 F600
G1 X99.5991 Y101.6131 Z9.0264 E0.00739 F600
G1 X99.5053 Y101.6071 Z8.8800 E0.01562 F600
G1 X99.3962 Y101.5362 Z8.6800 E0.02143 F600
G1 X99.3109 Y101.3955 Z8.4800 E0.02326 F600
G1 X99.2859 Y101.2014 Z8.3336 E0.02194 F600
G1 X99.3410 Y100.9932 Z8.2800 E0.01993 F600
G1 X99.4681 Y100.8194 Z8.3336 E0.01993 F600
G1 X99.6346 Y100.7167 Z8.4800 E0.02194 F600
G1 X99.7977 Y100.6944 Z8.6800 E0.02326 F600
G1 X99.9214 Y100.7346 Z8.8800 E0.02143 F600
G1 X99.9851 Y100.8037 Z9.0264 E0.01562 F600
G1 X99.9840 Y100.8661 Z9.0800 E0.00739 F600
G1 X99.9275 Y100.8925 Z9.0264 E0.00739 F600
G1 X99.8384 Y100.8624 Z8.8800 E0.01562 F600
G1 X99.7514 Y100.7658 Z8.6800 E0.02143 F600
G1 X99.7054 Y100.6077 Z8.4800 E0.02326 F600
G1 X99.7315 Y100.4138 Z8.3336 E0.02194 F600
G1 X99.8386 Y100.2269 Z8.2800 E0.01993 F600
G1 X100.0064 Y100.0920 Z8.3336 E0.01993 F600
G1 X100.1938 Y100.0358 Z8.4800 E0.02194 F600
G1 X100.3571 Y100.0565 Z8.6800 E0.02326 F600
G1 X100.4662 Y100.1274 Z8.8800 E0.02143 F600
G1 X100.5098 Y100.2106 Z9.0264 E0.01562 F600
G1 X100.4926 Y100.2706 Z9.0800 E0.00739 F600
; row 17/38
G1 X100.7384 Y100.0304 Z9.5264 E0.05059 F600
G1 X100.6677 Y99.9685 Z9.3800 E0.01562 F600
G1 X100.6243 Y99.8459 Z9.1800 E0.02143 F600
G1 X100.6423 Y99.6823 Z8.9800 E0.02326 F600
G1 X100.7406 Y99.5132 Z8.8336 E0.02194 F600
G1 X100.9110 Y99.3815 Z8.7800 E0.01993 F600
G1 X101.1177 Y99.3210 Z8.8336 E0.01993 F600
G1 X101.3124 Y99.3409 Z8.9800 E0.02194 F600
G1 X101.4553 Y99.4225 Z9.1800 E0.02326 F600
G1 X101.5290 Y99.5297 Z9.3800 E0.02143 F600
G1 X101.5375 Y99.6233 Z9.5264 E0.01562 F600
G1 X101.4986 Y99.6721 Z9.5800 E0.00739 F600
G1 X101.4376 Y99.6586 Z9.5264 E0.00739 F600
G1 X101.3853 Y99.5806 Z9.3800 E0.01562 F600
G1 X101.3751 Y99.4509 Z9.1800 E0.02143 F600
G1 X101.4348 Y99.2975 Z8.9800 E0.02326 F600
G1 X101.5736 Y99.1596 Z8.8336 E0.02194 F600
G1 X101.7723 Y99.0765 Z8.7800 E0.01993 F600
G1 X101.9876 Y99.0716 Z8.8336 E0.01993 F600
G1 X102.1705 Y99.1411 Z8.9800 E0.02194 F600
G1 X102.2874 Y99.2570 Z9.1800 E0.02326 F600
G1 X102.3308 Y99.3796 Z9.3800 E0.02143 F600
G1 X102.3148 Y99.4722 Z9.5264 E0.01562 F600
G1 X102.2646 Y99.5092 Z9.5800 E0.00739 F600
G1 X102.2093 Y99.4805 Z9.5264 E0.00739 F600
G1 X102.1789 Y99.3915 Z9.3800 E0.01562 F600
G1 X102.2026 Y99.2636 Z9.1800 E0.02143 F600
G1 X102.3000 Y99.1309 Z8.9800 E0.02326 F600
G1 X102.4697 Y99.0336 Z8.8336 E0.02194 F600
G1 X102.6832 Y99.0048 Z8.7800 E0.01993 F600
G1 X102.8924 Y99.0558 Z8.8336 E0.01993 F600
G1 X103.0511 Y99.1703 Z8.9800 E0.02194 F600
G1 X103.1340 Y99.3124 Z9.1800 E0.02326 F600
G1 X103.1442 Y99.4421 Z9.3800 E0.02143 F600
G1 X103.1048 Y99.5274 Z9.5264 E0.01562 F600
G1 X103.0467 Y99.5502 Z9.5800 E0.00739 F600
G1 X103.0007 Y99.5081 Z9.5264 E0.00739 F600
G1 X102.9944 Y99.4144 Z9.3800 E0.01562 F600
G1 X103.0504 Y99.2969 Z9.1800 E0.02143 F600
G1 X103.1788 Y99.1940 Z8.9800 E0.02326 F600
G1 X103.3679 Y99.1439 Z8.8336 E0.02194 F600
G1 X103.5816 Y99.1713 Z8.7800 E0.01993 F600
G1 X103.7705 Y99.2747 Z8.8336 E0.01993 F600
G1 X103.8941 Y99.4264 Z8.9800 E0.02194 F600
G1 X103.9374 Y99.5852 Z9.1800 E0.02326 F600
G1 X103.9137 Y99.7131 Z9.3800 E0.02143 F600
G1 X103.8535 Y99.7852 Z9.5264 E0.01562 F600
G1 X103.7915 Y99.7922 Z9.5800 E0.00739 F600
G1 X103.7580 Y99.7396 Z9.5264 E0.00739 F600
G1 X103.7762 Y99.6475 Z9.3800 E0.01562 F600
G1 X103.8606 Y99.5485 Z9.1800 E0.02143 F600
G1 X104.0113 Y99.4823 Z8.9800 E0.02326 F600
G1 X104.2070 Y99.4829 Z8.8336 E0.02194 F600
G1 X104.4062 Y99.5647 Z8.7800 E0.01993 F600
G1 X104.5620 Y99.7134 Z8.8336 E0.01993 F600
G1 X104.6421 Y99.8919 Z8.9800 E0.02194 F600
G1 X104.6429 Y100.0565 Z9.1800 E0.02326 F600
G1 X104.5869 Y100.1739 Z9.3800 E0.02143 F600
G1 X104.5101 Y100.2280 Z9.5264 E0.01562 F600
G1 X104.4483 Y100.2188 Z9.5800 E0.00739 F600
G1 X104.4295 Y100.1593 Z9.5264 E0.00739 F600
G1 X104.4710 Y100.0750 Z9.3800 E0.01562 F600
G1 X104.5782 Y100.0013 Z9.1800 E0.02143 F600
G1 X104.7409 Y99.9763 Z8.9800 E0.02326 F600
G1 X104.9297 Y100.0275 Z8.8336 E0.02194 F600
G1 X105.1010 Y100.1580 Z8.7800 E0.01993 F600
G1 X105.2129 Y100.3420 Z8.8336 E0.01993 F600
G1 X105.2441 Y100.5352 Z8.9800 E0.02194 F600
G1 X105.2023 Y100.6944 Z9.1800 E0.02326 F600
G1 X105.1178 Y100.7933 Z9.3800 E0.02143 F600
G1 X105.0296 Y100.8257 Z9.5264 E0.01562 F600
G1 X104.9724 Y100.8008 Z9.5800 E0.00739 F600
G1 X104.9696 Y100.7384 Z9.5264 E0.00739 F600
G1 X105.0315 Y100.6677 Z9.3800 E0.01562 F600
G1 X105.1541 Y100.6243 Z9.1800 E0.02143 F600
G1 X105.3177 Y100.6423 Z8.9800 E0.02326 F600
G1 X105.4868 Y100.7406 Z8.8336 E0.02194 F600
G1 X105.6185 Y100.9110 Z8.7800 E0.01993 F600
G1 X105.6790 Y101.1177 Z8.8336 E0.01993 F600
G1 X105.6591 Y101.3124 Z8.9800 E0.02194 F600
G1 X105.5775 Y101.4553 Z9.1800 E0.02326 F600
G1 X105.4703 Y101.5290 Z9.3800 E0.02143 F600
G1 X105.3767 Y101.5375 Z9.5264 E0.01562 F600
G1 X105.3279 Y101.4986 Z9.5800 E0.00739 F600
G1 X105.3414 Y101.4376 Z9.5264 E0.00739 F600
G1 X105.4194 Y101.3853 Z9.3800 E0.01562 F600
G1 X105.5491 Y101.3751 Z9.1800 E0.02143 F600
G1 X105.7025 Y101.4348 Z8.9800 E0.02326 F600
G1 X105.8404 Y101.5736 Z8.8336 E0.02194 F600
G1 X105.9235 Y101.7723 Z8.7800 E0.01993 F600
G1 X105.9284 Y101.9876 Z8.8336 E0.01993 F600
G1 X105.8589 Y102.1705 Z8.9800 E0.02194 F600
G1 X105.7430 Y102.2874 Z9.1800 E0.02326 F600
G1 X105.6204 Y102.3308 Z9.3800 E0.02143 F600
G1 X105.5278 Y102.3148 Z9.5264 E0.01562 F600
G1 X105.4908 Y102.2646 Z9.5800 E0.00739 F600
G1 X105.5195 Y102.2093 Z9.5264 E0.00739 F600
G1 X105.6085 Y102.1789 Z9.3800 E0.01562 F600
G1 X105.7364 Y102.2026 Z9.1800 E0.02143 F600
G1 X105.8691 Y102.3000 Z8.9800 E0.02326 F600
G1 X105.9664 Y102.4697 Z8.8336 E0.02194 F600
G1 X105.9952 Y102.6832 Z8.7800 E0.01993 F600
G1 X105.9442 Y102.8924 Z8.8336 E0.01993 F600
G1 X105.8297 Y103.0511 Z8.9800 E0.02194 F600
G1 X105.6876 Y103.1340 Z9.1800 E0.02326 F600
G1 X105.5579 Y103.1442 Z9.3800 E0.02143 F600
G1 X105.4726 Y103.1048 Z9.5264 E0.01562 F600
G1 X105.4498 Y103.0467 Z9.5800 E0.00739 F600
G1 X105.4919 Y103.0007 Z9.5264 E0.00739 F600
G1 X105.5856 Y102.9944 Z9.3800 E0.01562 F600
G1 X105.7031 Y103.0504 Z9.1800 E0.02143 F600
G1 X105.8060 Y103.1788 Z8.9800 E0.02326 F600
G1 X105.8561 Y103.3679 Z8.8336 E0.02194 F600
G1 X105.8287 Y103.5816 Z8.7800 E0.01993 F600
G1 X105.7253 Y103.7705 Z8.8336 E0.01993 F600
G1 X105.5736 Y103.8941 Z8.9800 E0.02194 F600
G1 X105.4148 Y103.9374 Z9.1800 E0.02326 F600
G1 X105.2869 Y103.9137 Z9.3800 E0.02143 F600
G1 X105.2148 Y103.8535 Z9.5264 E0.01562 F600
G1 X105.2078 Y103.7915 Z9.5800 E0.00739 F600
G1 X105.2604 Y103.7580 Z9.5264 E0.00739 F600
G1 X105.3525 Y103.7762 Z9.3800 E0.01562 F600
G1 X105.4515 Y103.8606 Z9.1800 E0.02143 F600
G1 X105.5177 Y104.0113 Z8.9800 E0.02326 F600
G1 X105.5171 Y104.2070 Z8.8336 E0.02194 F600
G1 X105.4353 Y104.4062 Z8.7800 E0.01993 F600
G1 X105.2866 Y104.5620 Z8.8336 E0.01993 F600
G1 X105.1081 Y104.6421 Z8.9800 E0.02194 F600
G1 X104.9435 Y104.6429 Z9.1800 E0.02326 F600
G1 X104.8261 Y104.5869 Z9.3800 E0.02143 F600
G1 X104.7720 Y104.5101 Z9.5264 E0.01562 F600
G1 X104.7812 Y104.4483 Z9.5800 E0.00739 F600
G1 X104.8407 Y104.4295 Z9.5264 E0.00739 F600
G1 X104.9250 Y104.4710 Z9.3800 E0.01562 F600
G1 X104.9987 Y104.5782 Z9.1800 E0.02143 F600
G1 X105.0237 Y104.7409 Z8.9800 E0.02326 F600
G1 X104.9725 Y104.9297 Z8.8336 E0.02194 F600
G1 X104.8420 Y105.1010 Z8.7800 E0.01993 F600
G1 X104.6580 Y105.2129 Z8.8336 E0.01993 F600
G1 X104.4648 Y105.2441 Z8.9800 E0.02194 F600
G1 X104.3056 Y105.2023 Z9.1800 E0.02326 F600
G1 X104.2067 Y105.1178 Z9.3800 E0.02143 F600
G1 X104.1743 Y105.0296 Z9.5264 E0.01562 F600
G1 X104.1992 Y104.9724 Z9.5800 E0.00739 F600
G1 X104.2616 Y104.9696 Z9.5264 E0.00739 F600
G1 X104.3323 Y105.0315 Z9.3800 E0.01562 F600
G1 X104.3757 Y105.1541 Z9.1800 E0.02143 F600
G1 X104.3577 Y105.3177 Z8.9800 E0.02326 F600
G1 X104.2594 Y105.4868 Z8.8336 E0.02194 F600
G1 X104.0890 Y105.6185 Z8.7800 E0.01993 F600
G1 X103.8823 Y105.6790 Z8.8336 E0.01993 F600
G1 X103.6876 Y105.6591 Z8.9800 E0.02194 F600
G1 X103.5447 Y105.5775 Z9.1800 E0.02326 F600
G1 X103.4710 Y105.4703 Z9.3800 E0.02143 F600
G1 X103.4625 Y105.3767 Z9.5264 E0.01562 F600
G1 X103.5014 Y105.3279 Z9.5800 E0.00739 F600
G1 X103.5624 Y105.3414 Z9.5264 E0.00739 F600
G1 X103.6147 Y105.4194 Z9.3800 E0.01562 F600
G1 X103.6249 Y105.5491 Z9.1800 E0.02143 F600
G1 X103.5652 Y105.7025 Z8.9800 E0.02326 F600
G1 X103.4264 Y105.8404 Z8.8336 E0.02194 F600
G1 X103.2277 Y105.9235 Z8.7800 E0.01993 F600
G1 X103.0124 Y105.9284 Z8.8336 E0.01993 F600
G1 X102.8295 Y105.8589 Z8.9800 E0.02194 F600
G1 X102.7126 Y105.7430 Z9.1800 E0.02326 F600
G1 X102.6692 Y105.6204 Z9.3800 E0.02143 F600
G1 X102.6852 Y105.5278 Z9.5264 E0.01562 F600
G1 X102.7354 Y105.4908 Z9.5800 E0.00739 F600
G1 X102.7907 Y105.5195 Z9.5264 E0.00739 F600
G1 X102.8211 Y105.6085 Z9.3800 E0.01562 F600
G1 X102.7974 Y105.7364 Z9.1800 E0.02143 F600
G1 X102.7000 Y105.8691 Z8.9800 E0.02326 F600
G1 X102.5303 Y105.9664 Z8.8336 E0.02194 F600
G1 X102.3168 Y105.9952 Z8.7800 E0.01993 F600
G1 X102.1076 Y105.9442 Z8.8336 E0.01993 F600
G1 X101.9489 Y105.8297 Z8.9800 E0.02194 F600
G1 X101.8660 Y105.6876 Z9.1800 E0.02326 F600
G1 X101.8558 Y105.5579 Z9.3800 E0.02143 F600
G1 X101.8952 Y105.4726 Z9.5264 E0.01562 F600
G1 X101.9533 Y105.4498 Z9.5800 E0.00739 F600
G1 X101.9993 Y105.4919 Z9.5264 E0.00739 F600
G1 X102.0056 Y105.5856 Z9.3800 E0.01562 F600
G1 X101.9496 Y105.7031 Z9.1800 E0.02143 F600
G1 X101.8212 Y105.8060 Z8.9800 E0.02326 F600
G1 X101.6321 Y105.8561 Z8.8336 E0.02194 F600
G1 X101.4184 Y105.8287 Z8.7800 E0.01993 F600
G1 X101.2295 Y105.7253 Z8.8336 E0.01993 F600
G1 X101.1059 Y105.5736 Z8.9800 E0.02194 F600
G1 X101.0626 Y105.4148 Z9.1800 E0.02326 F600
G1 X101.0863 Y105.2869 Z9.3800 E0.02143 F600
G1 X101.1465 Y105.2148 Z9.5264 E0.01562 F600
G1 X101.2085 Y105.2078 Z9.5800 E0.00739 F600
G1 X101.2420 Y105.2604 Z9.5264 E0.00739 F600
G1 X101.2238 Y105.3525 Z9.3800 E0.01562 F600
G1 X101.1394 Y105.4515 Z9.1800 E0.02143 F600
G1 X100.9887 Y105.5177 Z8.9800 E0.02326 F600
G1 X100.7930 Y105.5171 Z8.8336 E0.02194 F600
G1 X100.5938 Y105.4353 Z8.7800 E0.01993 F600
G1 X100.4380 Y105.2866 Z8.8336 E0.01993 F600
G1 X100.3579 Y105.1081 Z8.9800 E0.02194 F600
G1 X100.3571 Y104.9435 Z9.1800 E0.02326 F600
G1 X100.4131 Y104.8261 Z9.3800 E0.02143 F600
G1 X100.4899 Y104.7720 Z9.5264 E0.01562 F600
G1 X100.5517 Y104.7812 Z9.5800 E0.00739 F600
G1 X100.5705 Y104.8407 Z9.5264 E0.00739 F600
G1 X100.5290 Y104.9250 Z9.3800 E0.01562 F600
G1 X100.4218 Y104.9987 Z9.1800 E0.02143 F600
G1 X100.2591 Y105.0237 Z8.9800 E0.02326 F600
G1 X100.0703 Y104.9725 Z8.8336 E0.02194 F600
G1 X99.8990 Y104.8420 Z8.7800 E0.01993 F600
G1 X99.7871 Y104.6580 Z8.8336 E0.01993 F600
G1 X99.7559 Y104.4648 Z8.9800 E0.02194 F600
G1 X99.7977 Y104.3056 Z9.1800 E0.02326 F600
G1 X99.8822 Y104.2067 Z9.3800 E0.02143 F600
G1 X99.9704 Y104.1743 Z9.5264 E0.01562 F600
G1 X100.0276 Y104.1992 Z9.5800 E0.00739 F600
G1 X100.0304 Y104.2616 Z9.5264 E0.00739 F600
G1 X99.9685 Y104.3323 Z9.3800 E0.01562 F600
G1 X99.8459 Y104.3757 Z9.1800 E0.02143 F600
G1 X99.6823 Y104.3577 Z8.9800 E0.02326 F600
G1 X99.5132 Y104.2594 Z8.8336 E0.02194 F600
G1 X99.3815 Y104.0890 Z8.7800 E0.01993 F600
G1 X99.3210 Y103.8823 Z8.8336 E0.01993 F600
G1 X99.3409 Y103.6876 Z8.9800 E0.02194 F600
G1 X99.4225 Y103.5447 Z9.1800 E0.02326 F600
G1 X99.5297 Y103.4710 Z9.3800 E0.02143 F600
G1 X99.6233 Y103.4625 Z9.5264 E0.01562 F600
G1 X99.6721 Y103.5014 Z9.5800 E0.00739 F600
G1 X99.6586 Y103.5624 Z9.5264 E0.00739 F600
G1 X99.5806 Y103.6147 Z9.3800 E0.01562 F600
G1 X99.4509 Y103.6249 Z9.1800 E0.02143 F600
G1 X99.2975 Y103.5652 Z8.9800 E0.02326 F600
G1 X99.1596 Y103.4264 Z8.8336 E0.02194 F600
G1 X99.0765 Y103.2277 Z8.7800 E0.01993 F600
G1 X99.0716 Y103.0124 Z8.8336 E0.01993 F600
G1 X99.1411 Y102.8295 Z8.9800 E0.02194 F600
G1 X99.2570 Y102.7126 Z9.1800 E0.02326 F600
G1 X99.3796 Y102.6692 Z9.3800 E0.02143 F600
G1 X99.4722 Y102.6852 Z9.5264 E0.01562 F600
G1 X99.5092 Y102.7354 Z9.5800 E0.00739 F600
G1 X99.4805 Y102.7907 Z9.5264 E0.00739 F600
G1 X99.3915 Y102.8211 Z9.3800 E0.01562 F600
G1 X99.2636 Y102.7974 Z9.1800 E0.02143 F600
G1 X99.1309 Y102.7000 Z8.9800 E0.02326 F600
G1 X99.0336 Y102.5303 Z8.8336 E0.02194 F600
G1 X99.0048 Y102.3168 Z8.7800 E0.01993 F600
G1 X99.0558 Y102.1076 Z8.8336 E0.01993 F600
G1 X99.1703 Y101.9489 Z8.9800 E0.02194 F600
G1 X99.3124 Y101.8660 Z9.1800 E0.02326 F600
G1 X99.4421 Y101.8558 Z9.3800 E0.02143 F600
G1 X99.5274 Y101.8952 Z9.5264 E0.01562 F600
G1 X99.5502 Y101.9533 Z9.5800 E0.00739 F600
G1 X99.5081 Y101.9993 Z9.5264 E0.00739 F600
G1 X99.4144 Y102.0056 Z9.3800 E0.01562 F600
G1 X99.2969 Y101.9496 Z9.1800 E0.02143 F600
G1 X99.1940 Y101.8212 Z8.9800 E0.02326 F600
G1 X99.1439 Y101.6321 Z8.8336 E0.02194 F600
G1 X99.1713 Y101.4184 Z8.7800 E0.01993 F600
G1 X99.2747 Y101.2295 Z8.8336 E0.01993 F600
G1 X99.4264 Y101.1059 Z8.9800 E0.02194 F600
G1 X99.5852 Y101.0626 Z9.1800 E0.02326 F600
G1 X99.7131 Y101.0863 Z9.3800 E0.02143 F600
G1 X99.7852 Y101.1465 Z9.5264 E0.01562 F600
G1 X99.7922 Y101.2085 Z9.5800 E0.00739 F600
G1 X99.7396 Y101.2420 Z9.5264 E0.00739 F600
G1 X99.6475 Y101.2238 Z9.3800 E0.01562 F600
G1 X99.5485 Y101.1394 Z9.1800 E0.02143 F600
G1 X99.4823 Y100.9887 Z8.9800 E0.02326 F600
G1 X99.4829 Y100.7930 Z8.8336 E0.02194 F600
G1 X99.5647 Y100.5938 Z8.7800 E0.01993 F600
G1 X99.7134 Y100.4380 Z8.8336 E0.01993 F600
G1 X99.8919 Y100.3579 Z8.9800 E0.02194 F600
G1 X100.0565 Y100.3571 Z9.1800 E0.02326 F600
G1 X100.1739 Y100.4131 Z9.3800 E0.02143 F600
G1 X100.2280 Y100.4899 Z9.5264 E0.01562 F600
G1 X100.2188 Y100.5517 Z9.5800 E0.00739 F600
G1 X100.1593 Y100.5705 Z9.5264 E0.00739 F600
G1 X100.0750 Y100.5290 Z9.3800 E0.01562 F600
G1 X100.0013 Y100.4218 Z9.1800 E0.02143 F600
G1 X99.9763 Y100.2591 Z8.9800 E0.02326 F600
G1 X100.0275 Y100.0703 Z8.8336 E0.02194 F600
G1 X100.1580 Y99.8990 Z8.7800 E0.01993 F600
G1 X100.3420 Y99.7871 Z8.8336 E0.01993 F600
G1 X100.5352 Y99.7559 Z8.9800 E0.02194 F600
G1 X100.6944 Y99.7977 Z9.1800 E0.02326 F600
G1 X100.7933 Y99.8822 Z9.3800 E0.02143 F600
G1 X100.8257 Y99.9704 Z9.5264 E0.01562 F600
G1 X100.8008 Y100.0276 Z9.5800 E0.00739 F600
; row 18/38
G1 X100.4312 Y100.2814 Z10.0264 E0.05682 F600
G1 X100.3530 Y100.2293 Z9.8800 E0.01562 F600
G1 X100.2939 Y100.1135 Z9.6800 E0.02143 F600
G1 X100.2904 Y99.9489 Z9.4800 E0.02326 F600
G1 X100.3658 Y99.7684 Z9.3336 E0.02194 F600
G1 X100.5176 Y99.6156 Z9.2800 E0.01993 F600
G1 X100.7146 Y99.5286 Z9.3336 E0.01993 F600
G1 X100.9102 Y99.5229 Z9.4800 E0.02194 F600
G1 X101.0626 Y99.5852 Z9.6800 E0.02326 F600
G1 X101.1496 Y99.6818 Z9.8800 E0.02143 F600
G1 X101.1702 Y99.7735 Z10.0264 E0.01562 F600
G1 X101.1380 Y99.8270 Z10.0800 E0.00739 F600
G1 X101.0759 Y99.8216 Z10.0264 E0.00739 F600
G1 X101.0138 Y99.7510 Z9.8800 E0.01562 F600
G1 X100.9868 Y99.6238 Z9.6800 E0.02143 F600
G1 X101.0259 Y99.4639 Z9.4800 E0.02326 F600
G1 X101.1455 Y99.3091 Z9.3336 E0.02194 F600
G1 X101.3317 Y99.2008 Z9.2800 E0.01993 F600
G1 X101.5445 Y99.1678 Z9.3336 E0.01993 F600
G1 X101.7349 Y99.2129 Z9.4800 E0.02194 F600
G1 X101.8660 Y99.3124 Z9.6800 E0.02326 F600
G1 X101.9250 Y99.4284 Z9.8800 E0.02143 F600
G1 X101.9212 Y99.5222 Z10.0264 E0.01562 F600
G1 X101.8763 Y99.5656 Z10.0800 E0.00739 F600
G1 X101.8176 Y99.5443 Z10.0264 E0.00739 F600
G1 X101.7759 Y99.4600 Z9.8800 E0.01562 F600
G1 X101.7827 Y99.3301 Z9.6800 E0.02143 F600
G1 X101.8620 Y99.1859 Z9.4800 E0.02326 F600
G1 X102.0176 Y99.0672 Z9.3336 E0.02194 F600
G1 X102.2254 Y99.0108 Z9.2800 E0.01993 F600
G1 X102.4395 Y99.0340 Z9.3336 E0.01993 F600
G1 X102.6117 Y99.1268 Z9.4800 E0.02194 F600
G1 X102.7126 Y99.2570 Z9.6800 E0.02326 F600
G1 X102.7396 Y99.3842 Z9.8800 E0.02143 F600
G1 X102.7116 Y99.4739 Z10.0264 E0.01562 F600
G1 X102.6570 Y99.5041 Z10.0800 E0.00739 F600
G1 X102.6059 Y99.4684 Z10.0264 E0.00739 F600
G1 X102.5874 Y99.3762 Z9.8800 E0.01562 F600
G1 X102.6276 Y99.2525 Z9.6800 E0.02143 F600
G1 X102.7415 Y99.1336 Z9.4800 E0.02326 F600
G1 X102.9225 Y99.0593 Z9.3336 E0.02194 F600
G1 X103.1378 Y99.0586 Z9.2800 E0.01993 F600
G1 X103.3386 Y99.1365 Z9.3336 E0.01993 F600
G1 X103.4810 Y99.2707 Z9.4800 E0.02194 F600
G1 X103.5447 Y99.4225 Z9.6800 E0.02326 F600
G1 X103.5379 Y99.5524 Z9.8800 E0.02143 F600
G1 X103.4876 Y99.6318 Z10.0264 E0.01562 F600
G1 X103.4271 Y99.6468 Z10.0800 E0.00739 F600
G1 X103.3869 Y99.5991 Z10.0264 E0.00739 F600
G1 X103.3929 Y99.5053 Z9.8800 E0.01562 F600
G1 X103.4638 Y99.3962 Z9.6800 E0.02143 F600
G1 X103.6045 Y99.3109 Z9.4800 E0.02326 F600
G1 X103.7986 Y99.2859 Z9.3336 E0.02194 F600
G1 X104.0068 Y99.3410 Z9.2800 E0.01993 F600
G1 X104.1806 Y99.4681 Z9.3336 E0.01993 F600
G1 X104.2833 Y99.6346 Z9.4800 E0.02194 F600
G1 X104.3056 Y99.7977 Z9.6800 E0.02326 F600
G1 X104.2654 Y99.9214 Z9.8800 E0.02143 F600
G1 X104.1963 Y99.9851 Z10.0264 E0.01562 F600
G1 X104.1339 Y99.9840 Z10.0800 E0.00739 F600
G1 X104.1075 Y99.9275 Z10.0264 E0.00739 F600
G1 X104.1376 Y99.8384 Z9.8800 E0.01562 F600
G1 X104.2342 Y99.7514 Z9.6800 E0.02143 F600
G1 X104.3923 Y99.7054 Z9.4800 E0.02326 F600
G1 X104.5862 Y99.7315 Z9.3336 E0.02194 F600
G1 X104.7731 Y99.8386 Z9.2800 E0.01993 F600
G1 X104.9080 Y100.0064 Z9.3336 E0.01993 F600
G1 X104.9642 Y100.1938 Z9.4800 E0.02194 F600
G1 X104.9435 Y100.3571 Z9.6800 E0.02326 F600
G1 X104.8726 Y100.4662 Z9.8800 E0.02143 F600
G1 X104.7894 Y100.5098 Z10.0264 E0.01562 F600
G1 X104.7294 Y100.4926 Z10.0800 E0.00739 F600
G1 X104.7186 Y100.4312 Z10.0264 E0.00739 F600
G1 X104.7707 Y100.3530 Z9.8800 E0.01562 F600
G1 X104.8865 Y100.2939 Z9.6800 E0.02143 F600
G1 X105.0511 Y100.2904 Z9.4800 E0.02326 F600
G1 X105.2316 Y100.3658 Z9.3336 E0.02194 F600
G1 X105.3844 Y100.5176 Z9.2800 E0.01993 F600
G1 X105.4714 Y100.7146 Z9.3336 E0.01993 F600
G1 X105.4771 Y100.9102 Z9.4800 E0.02194 F600
G1 X105.4148 Y101.0626 Z9.6800 E0.02326 F600
G1 X105.3182 Y101.1496 Z9.8800 E0.02143 F600
G1 X105.2265 Y101.1702 Z10.0264 E0.01562 F600
G1 X105.1730 Y101.1380 Z10.0800 E0.00739 F600
G1 X105.1784 Y101.0759 Z10.0264 E0.00739 F600
G1 X105.2490 Y101.0138 Z9.8800 E0.01562 F600
G1 X105.3762 Y100.9868 Z9.6800 E0.02143 F600
G1 X105.5361 Y101.0259 Z9.4800 E0.02326 F600
G1 X105.6909 Y101.1455 Z9.3336 E0.02194 F600
G1 X105.7992 Y101.3317 Z9.2800 E0.01993 F600
G1 X105.8322 Y101.5445 Z9.3336 E0.01993 F600
G1 X105.7871 Y101.7349 Z9.4800 E0.02194 F600
G1 X105.6876 Y101.8660 Z9.6800 E0.02326 F600
G1 X105.5716 Y101.9250 Z9.8800 E0.02143 F600
G1 X105.4778 Y101.9212 Z10.0264 E0.01562 F600
G1 X105.4344 Y101.8763 Z10.0800 E0.00739 F600
G1 X105.4557 Y101.8176 Z10.0264 E0.00739 F600
G1 X105.5400 Y101.7759 Z9.8800 E0.01562 F600
G1 X105.6699 Y101.7827 Z9.6800 E0.02143 F600
G1 X105.8141 Y101.8620 Z9.4800 E0.02326 F600
G1 X105.9328 Y102.0176 Z9.3336 E0.02194 F600
G1 X105.9892 Y102.2254 Z9.2800 E0.01993 F600
G1 X105.9660 Y102.4395 Z9.3336 E0.01993 F600
G1 X105.8732 Y102.6117 Z9.4800 E0.02194 F600
G1 X105.7430 Y102.7126 Z9.6800 E0.02326 F600
G1 X105.6158 Y102.7396 Z9.8800 E0.02143 F600
G1 X105.5261 Y102.7116 Z10.0264 E0.01562 F600
G1 X105.4959 Y102.6570 Z10.0800 E0.00739 F600
G1 X105.5316 Y102.6059 Z10.0264 E0.00739 F600
G1 X105.6238 Y102.5874 Z9.8800 E0.01562 F600
G1 X105.7475 Y102.6276 Z9.6800 E0.02143 F600
G1 X105.8664 Y102.7415 Z9.4800 E0.02326 F600
G1 X105.9407 Y102.9225 Z9.3336 E0.02194 F600
G1 X105.9414 Y103.1378 Z9.2800 E0.01993 F600
G1 X105.8635 Y103.3386 Z9.3336 E0.01993 F600
G1 X105.7293 Y103.4810 Z9.4800 E0.02194 F600
G1 X105.5775 Y103.5447 Z9.6800 E0.02326 F600
G1 X105.4476 Y103.5379 Z9.8800 E0.02143 F600
G1 X105.3682 Y103.4876 Z10.0264 E0.01562 F600
G1 X105.3532 Y103.4271 Z10.0800 E0.00739 F600
G1 X105.4009 Y103.3869 Z10.0264 E0.00739 F600
G1 X105.4947 Y103.3929 Z9.8800 E0.01562 F600
G1 X105.6038 Y103.4638 Z9.6800 E0.02143 F600
G1 X105.6891 Y103.6045 Z9.4800 E0.02326 F600
G1 X105.7141 Y103.7986 Z9.3336 E0.02194 F600
G1 X105.6590 Y104.0068 Z9.2800 E0.01993 F600
G1 X105.5319 Y104.1806 Z9.3336 E0.01993 F600
G1 X105.3654 Y104.2833 Z9.4800 E0.02194 F600
G1 X105.2023 Y104.3056 Z9.6800 E0.02326 F600
G1 X105.0786 Y104.2654 Z9.8800 E0.02143 F600
G1 X105.0149 Y104.1963 Z10.0264 E0.01562 F600
G1 X105.0160 Y104.1339 Z10.0800 E0.00739 F600
G1 X105.0725 Y104.1075 Z10.0264 E0.00739 F600
G1 X105.1616 Y104.1376 Z9.8800 E0.01562 F600
G1 X105.2486 Y104.2342 Z9.6800 E0.02143 F600
G1 X105.2946 Y104.3923 Z9.4800 E0.02326 F600
G1 X105.2685 Y104.5862 Z9.3336 E0.02194 F600
G1 X105.1614 Y104.7731 Z9.2800 E0.01993 F600
G1 X104.9936 Y104.9080 Z9.3336 E0.01993 F600
G1 X104.8062 Y104.9642 Z9.4800 E0.02194 F600
G1 X104.6429 Y104.9435 Z9.6800 E0.02326 F600
G1 X104.5338 Y104.8726 Z9.8800 E0.02143 F600
G1 X104.4902 Y104.7894 Z10.0264 E0.01562 F600
G1 X104.5074 Y104.7294 Z10.0800 E0.00739 F600
G1 X104.5688 Y104.7186 Z10.0264 E0.00739 F600
G1 X104.6470 Y104.7707 Z9.8800 E0.01562 F600
G1 X104.7061 Y104.8865 Z9.6800 E0.02143 F600
G1 X104.7096 Y105.0511 Z9.4800 E0.02326 F600
G1 X104.6342 Y105.2316 Z9.3336 E0.02194 F600
G1 X104.4824 Y105.3844 Z9.2800 E0.01993 F600
G1 X104.2854 Y105.4714 Z9.3336 E0.01993 F600
G1 X104.0898 Y105.4771 Z9.4800 E0.02194 F600
G1 X103.9374 Y105.4148 Z9.6800 E0.02326 F600
G1 X103.8504 Y105.3182 Z9.8800 E0.02143 F600
G1 X103.8298 Y105.2265 Z10.0264 E0.01562 F600
G1 X103.8620 Y105.1730 Z10.0800 E0.00739 F600
G1 X103.9241 Y105.1784 Z10.0264 E0.00739 F600
G1 X103.9862 Y105.2490 Z9.8800 E0.01562 F600
G1 X104.0132 Y105.3762 Z9.6800 E0.02143 F600
G1 X103.9741 Y105.5361 Z9.4800 E0.02326 F600
G1 X103.8545 Y105.6909 Z9.3336 E0.02194 F600
G1 X103.6683 Y105.7992 Z9.2800 E0.01993 F600
G1 X103.4555 Y105.8322 Z9.3336 E0.01993 F600
G1 X103.2651 Y105.7871 Z9.4800 E0.02194 F600
G1 X103.1340 Y105.6876 Z9.6800 E0.02326 F600
G1 X103.0750 Y105.5716 Z9.8800 E0.02143 F600
G1 X103.0788 Y105.4778 Z10.0264 E0.01562 F600
G1 X103.1237 Y105.4344 Z10.0800 E0.00739 F600
G1 X103.1824 Y105.4557 Z10.0264 E0.00739 F600
G1 X103.2241 Y105.5400 Z9.8800 E0.01562 F600
G1 X103.2173 Y105.6699 Z9.6800 E0.02143 F600
G1 X103.1380 Y105.8141 Z9.4800 E0.02326 F600
G1 X102.9824 Y105.9328 Z9.3336 E0.02194 F600
G1 X102.7746 Y105.9892 Z9.2800 E0.01993 F600
G1 X102.5605 Y105.9660 Z9.3336 E0.01993 F600
G1 X102.3883 Y105.8732 Z9.4800 E0.02194 F600
G1 X102.2874 Y105.7430 Z9.6800 E0.02326 F600
G1 X102.2604 Y105.6158 Z9.8800 E0.02143 F600
G1 X102.2884 Y105.5261 Z10.0264 E0.01562 F600
G1 X102.3430 Y105.4959 Z10.0800 E0.00739 F600
G1 X102.3941 Y105.5316 Z10.0264 E0.00739 F600
G1 X102.4126 Y105.6238 Z9.8800 E0.01562 F600
G1 X102.3724 Y105.7475 Z9.6800 E0.02143 F600
G1 X102.2585 Y105.8664 Z9.4800 E0.02326 F600
G1 X102.0775 Y105.9407 Z9.3336 E0.02194 F600
G1 X101.8622 Y105.9414 Z9.2800 E0.01993 F600
G1 X101.6614 Y105.8635 Z9.3336 E0.01993 F600
G1 X101.5190 Y105.7293 Z9.4800 E0.02194 F600
G1 X101.4553 Y105.5775 Z9.6800 E0.02326 F600
G1 X101.4621 Y105.4476 Z9.8800 E0.02143 F600
G1 X101.5124 Y105.3682 Z10.0264 E0.01562 F600
G1 X101.5729 Y105.3532 Z10.0800 E0.00739 F600
G1 X101.6131 Y105.4009 Z10.0264 E0.00739 F600
G1 X101.6071 Y105.4947 Z9.8800 E0.01562 F600
G1 X101.5362 Y105.6038 Z9.6800 E0.02143 F600
G1 X101.3955 Y105.6891 Z9.4800 E0.02326 F600
G1 X101.2014 Y105.7141 Z9.3336 E0.02194 F600
G1 X100.9932 Y105.6590 Z9.2800 E0.01993 F600
G1 X100.8194 Y105.5319 Z9.3336 E0.01993 F600
G1 X100.7167 Y105.3654 Z9.4800 E0.02194 F600
G1 X100.6944 Y105.2023 Z9.6800 E0.02326 F600
G1 X100.7346 Y105.0786 Z9.8800 E0.02143 F600
G1 X100.8037 Y105.0149 Z10.0264 E0.01562 F600
G1 X100.8661 Y105.0160 Z10.0800 E0.00739 F600
G1 X100.8925 Y105.0725 Z10.0264 E0.00739 F600
G1 X100.8624 Y105.1616 Z9.8800 E0.01562 F600
G1 X100.7658 Y105.2486 Z9.6800 E0.02143 F600
G1 X100.6077 Y105.2946 Z9.4800 E0.02326 F600
G1 X100.4138 Y105.2685 Z9.3336 E0.02194 F600
G1 X100.2269 Y105.1614 Z9.2800 E0.01993 F600
G1 X100.0920 Y104.9936 Z9.3336 E0.01993 F600
G1 X100.0358 Y104.8062 Z9.4800 E0.02194 F600
G1 X100.0565 Y104.6429 Z9.6800 E0.02326 F600
G1 X100.1274 Y104.5338 Z9.8800 E0.02143 F600
G1 X100.2106 Y104.4902 Z10.0264 E0.01562 F600
G1 X100.2706 Y104.5074 Z10.0800 E0.00739 F600
G1 X100.2814 Y104.5688 Z10.0264 E0.00739 F600
G1 X100.2293 Y104.6470 Z9.8800 E0.01562 F600
G1 X100.1135 Y104.7061 Z9.6800 E0.02143 F600
G1 X99.9489 Y104.7096 Z9.4800 E0.02326 F600
G1 X99.7684 Y104.6342 Z9.3336 E0.02194 F600
G1 X99.6156 Y104.4824 Z9.2800 E0.01993 F600
G1 X99.5286 Y104.2854 Z9.3336 E0.01993 F600
G1 X99.5229 Y104.0898 Z9.4800 E0.02194 F600
G1 X99.5852 Y103.9374 Z9.6800 E0.02326 F600
G1 X99.6818 Y103.8504 Z9.8800 E0.02143 F600
G1 X99.7735 Y103.8298 Z10.0264 E0.01562 F600
G1 X99.8270 Y103.8620 Z10.0800 E0.00739 F600
G1 X99.8216 Y103.9241 Z10.0264 E0.00739 F600
G1 X99.7510 Y103.9862 Z9.8800 E0.01562 F600
G1 X99.6238 Y104.0132 Z9.6800 E0.02143 F600
G1 X99.4639 Y103.9741 Z9.4800 E0.02326 F600
G1 X99.3091 Y103.8545 Z9.3336 E0.02194 F600
G1 X99.2008 Y103.6683 Z9.2800 E0.01993 F600
G1 X99.1678 Y103.4555 Z9.3336 E0.01993 F600
G1 X99.2129 Y103.2651 Z9.4800 E0.02194 F600
G1 X99.3124 Y103.1340 Z9.6800 E0.02326 F600
G1 X99.4284 Y103.0750 Z9.8800 E0.02143 F600
G1 X99.5222 Y103.0788 Z10.0264 E0.01562 F600
G1 X99.5656 Y103.1237 Z10.0800 E0.00739 F600
G1 X99.5443 Y103.1824 Z10.0264 E0.00739 F600
G1 X99.4600 Y103.2241 Z9.8800 E0.01562 F600
G1 X99.3301 Y103.2173 Z9.6800 E0.02143 F600
G1 X99.1859 Y103.1380 Z9.4800 E0.02326 F600
G1 X99.0672 Y102.9824 Z9.3336 E0.02194 F600
G1 X99.0108 Y102.7746 Z9.2800 E0.01993 F600
G1 X99.0340 Y102.5605 Z9.3336 E0.01993 F600
G1 X99.1268 Y102.3883 Z9.4800 E0.02194 F600
G1 X99.2570 Y102.2874 Z9.6800 E0.02326 F600
G1 X99.3842 Y102.2604 Z9.8800 E0.02143 F600
G1 X99.4739 Y102.2884 Z10.0264 E0.01562 F600
G1 X99.5041 Y102.3430 Z10.0800 E0.00739 F600
G1 X99.4684 Y102.3941 Z10.0264 E0.00739 F600
G1 X99.3762 Y102.4126 Z9.8800 E0.01562 F600
G1 X99.2525 Y102.3724 Z9.6800 E0.02143 F600
G1 X99.1336 Y102.2585 Z9.4800 E0.02326 F600
G1 X99.0593 Y102.0775 Z9.3336 E0.02194 F600
G1 X99.0586 Y101.8622 Z9.2800 E0.01993 F600
G1 X99.1365 Y101.6614 Z9.3336 E0.01993 F600
G1 X99.2707 Y101.5190 Z9.4800 E0.02194 F600
G1 X99.4225 Y101.4553 Z9.6800 E0.02326 F600
G1 X99.5524 Y101.4621 Z9.8800 E0.02143 F600
G1 X99.6318 Y101.5124 Z10.0264 E0.01562 F600
G1 X99.6468 Y101.5729 Z10.0800 E0.00739 F600
G1 X99.5991 Y101.6131 Z10.0264 E0.00739 F600
G1 X99.5053 Y101.6071 Z9.8800 E0.01562 F600
G1 X99.3962 Y101.5362 Z9.6800 E0.02143 F600
G1 X99.3109 Y101.3955 Z9.4800 E0.02326 F600
G1 X99.2859 Y101.2014 Z9.3336 E0.02194 F600
G1 X99.3410 Y100.9932 Z9.2800 E0.01993 F600
G1 X99.4681 Y100.8194 Z9.3336 E0.01993 F600
G1 X99.6346 Y100.7167 Z9.4800 E0.02194 F600
G1 X99.7977 Y100.6944 Z9.6800 E0.02326 F600
G1 X99.9214 Y100.7346 Z9.8800 E0.02143 F600
G1 X99.9851 Y100.8037 Z10.0264 E0.01562 F600
G1 X99.9840 Y100.8661 Z10.0800 E0.00739 F600
G1 X99.9275 Y100.8925 Z10.0264 E0.00739 F600
G1 X99.8384 Y100.8624 Z9.8800 E0.01562 F600
G1 X99.7514 Y100.7658 Z9.6800 E0.02143 F600
G1 X99.7054 Y100.6077 Z9.4800 E0.02326 F600
G1 X99.7315 Y100.4138 Z9.3336 E0.02194 F600
G1 X99.8386 Y100.2269 Z9.2800 E0.01993 F600
G1 X100.0064 Y100.0920 Z9.3336 E0.01993 F600
G1 X100.1938 Y100.0358 Z9.4800 E0.02194 F600
G1 X100.3571 Y100.0565 Z9.6800 E0.02326 F600
G1 X100.4662 Y100.1274 Z9.8800 E0.02143 F600
G1 X100.5098 Y100.2106 Z10.0264 E0.01562 F600
G1 X100.4926 Y100.2706 Z10.0800 E0.00739 F600
; row 19/38
G1 X100.7384 Y100.0304 Z10.5264 E0.05059 F600
G1 X100.6677 Y99.9685 Z10.3800 E0.01562 F600
G1 X100.6243 Y99.8459 Z10.1800 E0.02143 F600
G1 X100.6423 Y99.6823 Z9.9800 E0.02326 F600
G1 X100.7406 Y99.5132 Z9.8336 E0.02194 F600
G1 X100.9110 Y99.3815 Z9.7800 E0.01993 F600
G1 X101.1177 Y99.3210 Z9.8336 E0.01993 F600
G1 X101.3124 Y99.3409 Z9.9800 E0.02194 F600
G1 X101.4553 Y99.4225 Z10.1800 E0.02326 F600
G1 X101.5290 Y99.5297 Z10.3800 E0.02143 F600
G1 X101.5375 Y99.6233 Z10.5264 E0.01562 F600
G1 X101.4986 Y99.6721 Z10.5800 E0.00739 F600
G1 X101.4376 Y99.6586 Z10.5264 E0.00739 F600
G1 X101.3853 Y99.5806 Z10.3800 E0.01562 F600
G1 X101.3751 Y99.4509 Z10.1800 E0.02143 F600
G1 X101.4348 Y99.2975 Z9.9800 E0.02326 F600
G1 X101.5736 Y99.1596 Z9.8336 E0.02194 F600
G1 X101.7723 Y99.0765 Z9.7800 E0.01993 F600
G1 X101.9876 Y99.0716 Z9.8336 E0.01993 F600
G1 X102.1705 Y99.1411 Z9.9800 E0.02194 F600
G1 X102.2874 Y99.2570 Z10.1800 E0.02326 F600
G1 X102.3308 Y99.3796 Z10.3800 E0.02143 F600
G1 X102.3148 Y99.4722 Z10.5264 E0.01562 F600
G1 X102.2646 Y99.5092 Z10.5800 E0.00739 F600
G1 X102.2093 Y99.4805 Z10.5264 E0.00739 F600
G1 X102.1789 Y99.3915 Z10.3800 E0.01562 F600
G1 X102.2026 Y99.2636 Z10.1800 E0.02143 F600
G1 X102.3000 Y99.1309 Z9.9800 E0.02326 F600
G1 X102.4697 Y99.0336 Z9.8336 E0.02194 F600
G1 X102.6832 Y99.0048 Z9.7800 E0.01993 F600
G1 X102.8924 Y99.0558 Z9.8336 E0.01993 F600
G1 X103.0511 Y99.1703 Z9.9800 E0.02194 F600
G1 X103.1340 Y99.3124 Z10.1800 E0.02326 F600
G1 X103.1442 Y99.4421 Z10.3800 E0.02143 F600
G1 X103.1048 Y99.5274 Z10.5264 E0.01562 F600
G1 X103.0467 Y99.5502 Z10.5800 E0.00739 F600
G1 X103.0007 Y99.5081 Z10.5264 E0.00739 F600
G1 X102.9944 Y99.4144 Z10.3800 E0.01562 F600
G1 X103.0504 Y99.2969 Z10.1800 E0.02143 F600
G1 X103.1788 Y99.1940 Z9.9800 E0.02326 F600
G1 X103.3679 Y99.1439 Z9.8336 E0.02194 F600
G1 X103.5816 Y99.1713 Z9.7800 E0.01993 F600
G1 X103.7705 Y99.2747 Z9.8336 E0.01993 F600
G1 X103.8941 Y99.4264 Z9.9800 E0.02194 F600
G1 X103.9374 Y99.5852 Z10.1800 E0.02326 F600
G1 X103.9137 Y99.7131 Z10.3800 E0.02143 F600
G1 X103.8535 Y99.7852 Z10.5264 E0.01562 F600
G1 X103.7915 Y99.7922 Z10.5800 E0.00739 F600
G1 X103.7580 Y99.7396 Z10.5264 E0.00739 F600
G1 X103.7762 Y99.6475 Z10.3800 E0.01562 F600
G1 X103.8606 Y99.5485 Z10.1800 E0.02143 F600
G1 X104.0113 Y99.4823 Z9.9800 E0.02326 F600
G1 X104.2070 Y99.4829 Z9.8336 E0.02194 F600
G1 X104.4062 Y99.5647 Z9.7800 E0.01993 F600
G1 X104.5620 Y99.7134 Z9.8336 E0.01993 F600
G1 X104.6421 Y99.8919 Z9.9800 E0.02194 F600
G1 X104.6429 Y100.0565 Z10.1800 E0.02326 F600
G1 X104.5869 Y100.1739 Z10.3800 E0.02143 F600
G1 X104.5101 Y100.2280 Z10.5264 E0.01562 F600
G1 X104.4483 Y100.2188 Z10.5800 E0.00739 F600
G1 X104.4295 Y100.1593 Z10.5264 E0.00739 F600
G1 X104.4710 Y100.0750 Z10.3800 E0.01562 F600
G1 X104.5782 Y100.0013 Z10.1800 E0.02143 F600
G1 X104.7409 Y99.9763 Z9.9800 E0.02326 F600
G1 X104.9297 Y100.0275 Z9.8336 E0.02194 F600
G1 X105.1010 Y100.1580 Z9.7800 E0.01993 F600
G1 X105.2129 Y100.3420 Z9.8336 E0.01993 F600
G1 X105.2441 Y100.5352 Z9.9800 E0.02194 F600
G1 X105.2023 Y100.6944 Z10.1800 E0.02326 F600
G1 X105.1178 Y100.7933 Z10.3800 E0.02143 F600
G1 X105.0296 Y100.8257 Z10.5264 E0.01562 F600
G1 X104.9724 Y100.8008 Z10.5800 E0.00739 F600
G1 X104.9696 Y100.7384 Z10.5264 E0.00739 F600
G1 X105.0315 Y100.6677 Z10.3800 E0.01562 F600
G1 X105.1541 Y100.6243 Z10.1800 E0.02143 F600
G1 X105.3177 Y100.6423 Z9.9800 E0.02326 F600
G1 X105.4868 Y100.7406 Z9.8336 E0.02194 F600
G1 X105.6185 Y100.9110 Z9.7800 E0.01993 F600
G1 X105.6790 Y101.1177 Z9.8336 E0.01993 F600
G1 X105.6591 Y101.3124 Z9.9800 E0.02194 F600
G1 X105.5775 Y101.4553 Z10.1800 E0.02326 F600
G1 X105.4703 Y101.5290 Z10.3800 E0.02143 F600
G1 X105.3767 Y101.5375 Z10.5264 E0.01562 F600
G1 X105.3279 Y101.4986 Z10.5800 E0.00739 F600
G1 X105.3414 Y101.4376 Z10.5264 E0.00739 F600
G1 X105.4194 Y101.3853 Z10.3800 E0.01562 F600
G1 X105.5491 Y101.3751 Z10.1800 E0.02143 F600
G1 X105.7025 Y101.4348 Z9.9800 E0.02326 F600
G1 X105.8404 Y101.5736 Z9.8336 E0.02194 F600
G1 X105.9235 Y101.7723 Z9.7800 E0.01993 F600
G1 X105.9284 Y101.9876 Z9.8336 E0.01993 F600
G1 X105.8589 Y102.1705 Z9.9800 E0.02194 F600
G1 X105.7430 Y102.2874 Z10.1800 E0.02326 F600
G1 X105.6204 Y102.3308 Z10.3800 E0.02143 F600
G1 X105.5278 Y102.3148 Z10.5264 E0.01562 F600
G1 X105.4908 Y102.2646 Z10.5800 E0.00739 F600
G1 X105.5195 Y102.2093 Z10.5264 E0.00739 F600
G1 X105.6085 Y102.1789 Z10.3800 E0.01562 F600
G1 X105.7364 Y102.2026 Z10.1800 E0.02143 F600
G1 X105.8691 Y102.3000 Z9.9800 E0.02326 F600
G1 X105.9664 Y102.4697 Z9.8336 E0.02194 F600
G1 X105.9952 Y102.6832 Z9.7800 E0.01993 F600
G1 X105.9442 Y102.8924 Z9.8336 E0.01993 F600
G1 X105.8297 Y103.0511 Z9.9800 E0.02194 F600
G1 X105.6876 Y103.1340 Z10.1800 E0.02326 F600
G1 X105.5579 Y103.1442 Z10.3800 E0.02143 F600
G1 X105.4726 Y103.1048 Z10.5264 E0.01562 F600
G1 X105.4498 Y103.0467 Z10.5800 E0.00739 F600
G1 X105.4919 Y103.0007 Z10.5264 E0.00739 F600
G1 X105.5856 Y102.9944 Z10.3800 E0.01562 F600
G1 X105.7031 Y103.0504 Z10.1800 E0.02143 F600
G1 X105.8060 Y103.1788 Z9.9800 E0.02326 F600
G1 X105.8561 Y103.3679 Z9.8336 E0.02194 F600
G1 X105.8287 Y103.5816 Z9.7800 E0.01993 F600
G1 X105.7253 Y103.7705 Z9.8336 E0.01993 F600
G1 X105.5736 Y103.8941 Z9.9800 E0.02194 F600
G1 X105.4148 Y103.9374 Z10.1800 E0.02326 F600
G1 X105.2869 Y103.9137 Z10.3800 E0.02143 F600
G1 X105.2148 Y103.8535 Z10.5264 E0.01562 F600
G1 X105.2078 Y103.7915 Z10.5800 E0.00739 F600
G1 X105.2604 Y103.7580 Z10.5264 E0.00739 F600
G1 X105.3525 Y103.7762 Z10.3800 E0.01562 F600
G1 X105.4515 Y103.8606 Z10.1800 E0.02143 F600
G1 X105.5177 Y104.0113 Z9.9800 E0.02326 F600
G1 X105.5171 Y104.2070 Z9.8336 E0.02194 F600
G1 X105.4353 Y104.4062 Z9.7800 E0.01993 F600
G1 X105.2866 Y104.5620 Z9.8336 E0.01993 F600
G1 X105.1081 Y104.6421 Z9.9800 E0.02194 F600
G1 X104.9435 Y104.6429 Z10.1800 E0.02326 F600
G1 X104.8261 Y104.5869 Z10.3800 E0.02143 F600
G1 X104.7720 Y104.5101 Z10.5264 E0.01562 F600
G1 X104.7812 Y104.4483 Z10.5800 E0.00739 F600
G1 X104.8407 Y104.4295 Z10.5264 E0.00739 F600
G1 X104.9250 Y104.4710 Z10.3800 E0.01562 F600
G1 X104.9987 Y104.5782 Z10.1800 E0.02143 F600
G1 X105.0237 Y104.7409 Z9.9800 E0.02326 F600
G1 X104.9725 Y104.9297 Z9.8336 E0.02194 F600
G1 X104.8420 Y105.1010 Z9.7800 E0.01993 F600
G1 X104.6580 Y105.2129 Z9.8336 E0.01993 F600
G1 X104.4648 Y105.2441 Z9.9800 E0.02194 F600
G1 X104.3056 Y105.2023 Z10.1800 E0.02326 F600
G1 X104.2067 Y105.1178 Z10.3800 E0.02143 F600
G1 X104.1743 Y105.0296 Z10.5264 E0.01562 F600
G1 X104.1992 Y104.9724 Z10.5800 E0.00739 F600
G1 X104.2616 Y104.9696 Z10.5264 E0.00739 F600
G1 X104.3323 Y105.0315 Z10.3800 E0.01562 F600
G1 X104.3757 Y105.1541 Z10.1800 E0.02143 F600
G1 X104.3577 Y105.3177 Z9.9800 E0.02326 F600
G1 X104.2594 Y105.4868 Z9.8336 E0.02194 F600
G1 X104.0890 Y105.6185 Z9.7800 E0.01993 F600
G1 X103.8823 Y105.6790 Z9.8336 E0.01993 F600
G1 X103.6876 Y105.6591 Z9.9800 E0.02194 F600
G1 X103.5447 Y105.5775 Z10.1800 E0.02326 F600
G1 X103.4710 Y105.4703 Z10.3800 E0.02143 F600
G1 X103.4625 Y105.3767 Z10.5264 E0.01562 F600
G1 X103.5014 Y105.3279 Z10.5800 E0.00739 F600
G1 X103.5624 Y105.3414 Z10.5264 E0.00739 F600
G1 X103.6147 Y105.4194 Z10.3800 E0.01562 F600
G1 X103.6249 Y105.5491 Z10.1800 E0.02143 F600
G1 X103.5652 Y105.7025 Z9.9800 E0.02326 F600
G1 X103.4264 Y105.8404 Z9.8336 E0.02194 F600
G1 X103.2277 Y105.9235 Z9.7800 E0.01993 F600
G1 X103.0124 Y105.9284 Z9.8336 E0.01993 F600
G1 X102.8295 Y105.8589 Z9.9800 E0.02194 F600
G1 X102.7126 Y105.7430 Z10.1800 E0.02326 F600
G1 X102.6692 Y105.6204 Z10.3800 E0.02143 F600
G1 X102.6852 Y105.5278 Z10.5264 E0.01562 F600
G1 X102.7354 Y105.4908 Z10.5800 E0.00739 F600
G1 X102.7907 Y105.5195 Z10.5264 E0.00739 F600
G1 X102.8211 Y105.6085 Z10.3800 E0.01562 F600
G1 X102.7974 Y105.7364 Z10.1800 E0.02143 F600
G1 X102.7000 Y105.8691 Z9.9800 E0.02326 F600
G1 X102.5303 Y105.9664 Z9.8336 E0.02194 F600
G1 X102.3168 Y105.9952 Z9.7800 E0.01993 F600
G1 X102.1076 Y105.9442 Z9.8336 E0.01993 F600
G1 X101.9489 Y105.8297 Z9.9800 E0.02194 F600
G1 X101.8660 Y105.6876 Z10.1800 E0.02326 F600
G1 X101.8558 Y105.5579 Z10.3800 E0.02143 F600
G1 X101.8952 Y105.4726 Z10.5264 E0.01562 F600
G1 X101.9533 Y105.4498 Z10.5800 E0.00739 F600
G1 X101.9993 Y105.4919 Z10.5264 E0.00739 F600
G1 X102.0056 Y105.5856 Z10.3800 E0.01562 F600
G1 X101.9496 Y105.7031 Z10.1800 E0.02143 F600
G1 X101.8212 Y105.8060 Z9.9800 E0.02326 F600
G1 X101.6321 Y105.8561 Z9.8336 E0.02194 F600
G1 X101.4184 Y105.8287 Z9.7800 E0.01993 F600
G1 X101.2295 Y105.7253 Z9.8336 E0.01993 F600
G1 X101.1059 Y105.5736 Z9.9800 E0.02194 F600
G1 X101.0626 Y105.4148 Z10.1800 E0.02326 F600
G1 X101.0863 Y105.2869 Z10.3800 E0.02143 F600
G1 X101.1465 Y105.2148 Z10.5264 E0.01562 F600
G1 X101.2085 Y105.2078 Z10.5800 E0.00739 F600
G1 X101.2420 Y105.2604 Z10.5264 E0.00739 F600
G1 X101.2238 Y105.3525 Z10.3800 E0.01562 F600
G1 X101.1394 Y105.4515 Z10.1800 E0.02143 F600
G1 X100.9887 Y105.5177 Z9.9800 E0.02326 F600
G1 X100.7930 Y105.5171 Z9.8336 E0.02194 F600
G1 X100.5938 Y105.4353 Z9.7800 E0.01993 F600
G1 X100.4380 Y105.2866 Z9.8336 E0.01993 F600
G1 X100.3579 Y105.1081 Z9.9800 E0.02194 F600
G1 X100.3571 Y104.9435 Z10.1800 E0.02326 F600
G1 X100.4131 Y104.8261 Z10.3800 E0.02143 F600
G1 X100.4899 Y104.7720 Z10.5264 E0.01562 F600
G1 X100.5517 Y104.7812 Z10.5800 E0.00739 F600
G1 X100.5705 Y104.8407 Z10.5264 E0.00739 F600
G1 X100.5290 Y104.9250 Z10.3800 E0.01562 F600
G1 X100.4218 Y104.9987 Z10.1800 E0.02143 F600
G1 X100.2591 Y105.0237 Z9.9800 E0.02326 F600
G1 X100.0703 Y104.9725 Z9.8336 E0.02194 F600
G1 X99.8990 Y104.8420 Z9.7800 E0.01993 F600
G1 X99.7871 Y104.6580 Z9.8336 E0.01993 F600
G1 X99.7559 Y104.4648 Z9.9800 E0.02194 F600
G1 X99.7977 Y104.3056 Z10.1800 E0.02326 F600
G1 X99.8822 Y104.2067 Z10.3800 E0.02143 F600
G1 X99.9704 Y104.1743 Z10.5264 E0.01562 F600
G1 X100.0276 Y104.1992 Z10.5800 E0.00739 F600
G1 X100.0304 Y104.2616 Z10.5264 E0.00739 F600
G1 X99.9685 Y104.3323 Z10.3800 E0.01562 F600
G1 X99.8459 Y104.3757 Z10.1800 E0.02143 F600
G1 X99.6823 Y104.3577 Z9.9800 E0.02326 F600
G1 X99.5132 Y104.2594 Z9.8336 E0.02194 F600
G1 X99.3815 Y104.0890 Z9.7800 E0.01993 F600
G1 X99.3210 Y103.8823 Z9.8336 E0.01993 F600
G1 X99.3409 Y103.6876 Z9.9800 E0.02194 F600
G1 X99.4225 Y103.5447 Z10.1800 E0.02326 F600
G1 X99.5297 Y103.4710 Z10.3800 E0.02143 F600
G1 X99.6233 Y103.4625 Z10.5264 E0.01562 F600
G1 X99.6721 Y103.5014 Z10.5800 E0.00739 F600
G1 X99.6586 Y103.5624 Z10.5264 E0.00739 F600
G1 X99.5806 Y103.6147 Z10.3800 E0.01562 F600
G1 X99.4509 Y103.6249 Z10.1800 E0.02143 F600
G1 X99.2975 Y103.5652 Z9.9800 E0.02326 F600
G1 X99.1596 Y103.4264 Z9.8336 E0.02194 F600
G1 X99.0765 Y103.2277 Z9.7800 E0.01993 F600
G1 X99.0716 Y103.0124 Z9.8336 E0.01993 F600
G1 X99.1411 Y102.8295 Z9.9800 E0.02194 F600
G1 X99.2570 Y102.7126 Z10.1800 E0.02326 F600
G1 X99.3796 Y102.6692 Z10.3800 E0.02143 F600
G1 X99.4722 Y102.6852 Z10.5264 E0.01562 F600
G1 X99.5092 Y102.7354 Z10.5800 E0.00739 F600
G1 X99.4805 Y102.7907 Z10.5264 E0.00739 F600
G1 X99.3915 Y102.8211 Z10.3800 E0.01562 F600
G1 X99.2636 Y102.7974 Z10.1800 E0.02143 F600
G1 X99.1309 Y102.7000 Z9.9800 E0.02326 F600
G1 X99.0336 Y102.5303 Z9.8336 E0.02194 F600
G1 X99.0048 Y102.3168 Z9.7800 E0.01993 F600
G1 X99.0558 Y102.1076 Z9.8336 E0.01993 F600
G1 X99.1703 Y101.9489 Z9.9800 E0.02194 F600
G1 X99.3124 Y101.8660 Z10.1800 E0.02326 F600
G1 X99.4421 Y101.8558 Z10.3800 E0.02143 F600
G1 X99.5274 Y101.8952 Z10.5264 E0.01562 F600
G1 X99.5502 Y101.9533 Z10.5800 E0.00739 F600
G1 X99.5081 Y101.9993 Z10.5264 E0.00739 F600
G1 X99.4144 Y102.0056 Z10.3800 E0.01562 F600
G1 X99.2969 Y101.9496 Z10.1800 E0.02143 F600
G1 X99.1940 Y101.8212 Z9.9800 E0.02326 F600
G1 X99.1439 Y101.6321 Z9.8336 E0.02194 F600
G1 X99.1713 Y101.4184 Z9.7800 E0.01993 F600
G1 X99.2747 Y101.2295 Z9.8336 E0.01993 F600
G1 X99.4264 Y101.1059 Z9.9800 E0.02194 F600
G1 X99.5852 Y101.0626 Z10.1800 E0.02326 F600
G1 X99.7131 Y101.0863 Z10.3800 E0.02143 F600
G1 X99.7852 Y101.1465 Z10.5264 E0.01562 F600
G1 X99.7922 Y101.2085 Z10.5800 E0.00739 F600
G1 X99.7396 Y101.2420 Z10.5264 E0.00739 F600
G1 X99.6475 Y101.2238 Z10.3800 E0.01562 F600
G1 X99.5485 Y101.1394 Z10.1800 E0.02143 F600
G1 X99.4823 Y100.9887 Z9.9800 E0.02326 F600
G1 X99.4829 Y100.7930 Z9.8336 E0.02194 F600
G1 X99.5647 Y100.5938 Z9.7800 E0.01993 F600
G1 X99.7134 Y100.4380 Z9.8336 E0.01993 F600
G1 X99.8919 Y100.3579 Z9.9800 E0.02194 F600
G1 X100.0565 Y100.3571 Z10.1800 E0.02326 F600
G1 X100.1739 Y100.4131 Z10.3800 E0.02143 F600
G1 X100.2280 Y100.4899 Z10.5264 E0.01562 F600
G1 X100.2188 Y100.5517 Z10.5800 E0.00739 F600
G1 X100.1593 Y100.5705 Z10.5264 E0.00739 F600
G1 X100.0750 Y100.5290 Z10.3800 E0.01562 F600
G1 X100.0013 Y100.4218 Z10.1800 E0.02143 F600
G1 X99.9763 Y100.2591 Z9.9800 E0.02326 F600
G1 X100.0275 Y100.0703 Z9.8336 E0.02194 F600
G1 X100.1580 Y99.8990 Z9.7800 E0.01993 F600
G1 X100.3420 Y99.7871 Z9.8336 E0.01993 F600
G1 X100.5352 Y99.7559 Z9.9800 E0.02194 F600
G1 X100.6944 Y99.7977 Z10.1800 E0.02326 F600
G1 X100.7933 Y99.8822 Z10.3800 E0.02143 F600
G1 X100.8257 Y99.9704 Z10.5264 E0.01562 F600
G1 X100.8008 Y100.0276 Z10.5800 E0.00739 F600
; row 20/38
G1 X100.4312 Y100.2814 Z11.0264 E0.05682 F600
G1 X100.3530 Y100.2293 Z10.8800 E0.01562 F600
G1 X100.2939 Y100.1135 Z10.6800 E0.02143 F600
G1 X100.2904 Y99.9489 Z10.4800 E0.02326 F600
G1 X100.3658 Y99.7684 Z10.3336 E0.02194 F600
G1 X100.5176 Y99.6156 Z10.2800 E0.01993 F600
G1 X100.7146 Y99.5286 Z10.3336 E0.01993 F600
G1 X100.9102 Y99.5229 Z10.4800 E0.02194 F600
G1 X101.0626 Y99.5852 Z10.6800 E0.02326 F600
G1 X101.1496 Y99.6818 Z10.8800 E0.02143 F600
G1 X101.1702 Y99.7735 Z11.0264 E0.01562 F600
G1 X101.1380 Y99.8270 Z11.0800 E0.00739 F600
G1 X101.0759 Y99.8216 Z11.0264 E0.00739 F600
G1 X101.0138 Y99.7510 Z10.8800 E0.01562 F600
G1 X100.9868 Y99.6238 Z10.6800 E0.02143 F600
G1 X101.0259 Y99.4639 Z10.4800 E0.02326 F600
G1 X101.1455 Y99.3091 Z10.3336 E0.02194 F600
G1 X101.3317 Y99.2008 Z10.2800 E0.01993 F600
G1 X101.5445 Y99.1678 Z10.3336 E0.01993 F600
G1 X101.7349 Y99.2129 Z10.4800 E0.02194 F600
G1 X101.8660 Y99.3124 Z10.6800 E0.02326 F600
G1 X101.9250 Y99.4284 Z10.8800 E0.02143 F600
G1 X101.9212 Y99.5222 Z11.0264 E0.01562 F600
G1 X101.8763 Y99.5656 Z11.0800 E0.00739 F600
G1 X101.8176 Y99.5443 Z11.0264 E0.00739 F600
G1 X101.7759 Y99.4600 Z10.8800 E0.01562 F600
G1 X101.7827 Y99.3301 Z10.6800 E0.02143 F600
G1 X101.8620 Y99.1859 Z10.4800 E0.02326 F600
G1 X102.0176 Y99.0672 Z10.3336 E0.02194 F600
G1 X102.2254 Y99.0108 Z10.2800 E0.01993 F600
G1 X102.4395 Y99.0340 Z10.3336 E0.01993 F600
G1 X102.6117 Y99.1268 Z10.4800 E0.02194 F600
G1 X102.7126 Y99.2570 Z10.6800 E0.02326 F600
G1 X102.7396 Y99.3842 Z10.8800 E0.02143 F600
G1 X102.7116 Y99.4739 Z11.0264 E0.01562 F600
G1 X102.6570 Y99.5041 Z11.0800 E0.00739 F600
G1 X102.6059 Y99.4684 Z11.0264 E0.00739 F600
G1 X102.5874 Y99.3762 Z10.8800 E0.01562 F600
G1 X102.6276 Y99.2525 Z10.6800 E0.02143 F600
G1 X102.7415 Y99.1336 Z10.4800 E0.02326 F600
G1 X102.9225 Y99.0593 Z10.3336 E0.02194 F600
G1 X103.1378 Y99.0586 Z10.2800 E0.01993 F600
G1 X103.3386 Y99.1365 Z10.3336 E0.01993 F600
G1 X103.4810 Y99.2707 Z10.4800 E0.02194 F600
G1 X103.5447 Y99.4225 Z10.6800 E0.02326 F600
G1 X103.5379 Y99.5524 Z10.8800 E0.02143 F600
G1 X103.4876 Y99.6318 Z11.0264 E0.01562 F600
G1 X103.4271 Y99.6468 Z11.0800 E0.00739 F600
G1 X103.3869 Y99.5991 Z11.0264 E0.00739 F600
G1 X103.3929 Y99.5053 Z10.8800 E0.01562 F600
G1 X103.4638 Y99.3962 Z10.6800 E0.02143 F600
G1 X103.6045 Y99.3109 Z10.4800 E0.02326 F600
G1 X103.7986 Y99.2859 Z10.3336 E0.02194 F600
G1 X104.0068 Y99.3410 Z10.2800 E0.01993 F600
G1 X104.1806 Y99.4681 Z10.3336 E0.01993 F600
G1 X104.2833 Y99.6346 Z10.4800 E0.02194 F600
G1 X104.3056 Y99.7977 Z10.6800 E0.02326 F600
G1 X104.2654 Y99.9214 Z10.8800 E0.02143 F600
G1 X104.1963 Y99.9851 Z11.0264 E0.01562 F600
G1 X104.1339 Y99.9840 Z11.0800 E0.00739 F600
G1 X104.1075 Y99.9275 Z11.0264 E0.00739 F600
G1 X104.1376 Y99.8384 Z10.8800 E0.01562 F600
G1 X104.2342 Y99.7514 Z10.6800 E0.02143 F600
G1 X104.3923 Y99.7054 Z10.4800 E0.02326 F600
G1 X104.5862 Y99.7315 Z10.3336 E0.02194 F600
G1 X104.7731 Y99.8386 Z10.2800 E0.01993 F600
G1 X104.9080 Y100.0064 Z10.3336 E0.01993 F600
G1 X104.9642 Y100.1938 Z10.4800 E0.02194 F600
G1 X104.9435 Y100.3571 Z10.6800 E0.02326 F600
G1 X104.8726 Y100.4662 Z10.8800 E0.02143 F600
G1 X104.7894 Y100.5098 Z11.0264 E0.01562 F600
G1 X104.7294 Y100.4926 Z11.0800 E0.00739 F600
G1 X104.7186 Y100.4312 Z11.0264 E0.00739 F600
G1 X104.7707 Y100.3530 Z10.8800 E0.01562 F600
G1 X104.8865 Y100.2939 Z10.6800 E0.02143 F600
G1 X105.0511 Y100.2904 Z10.4800 E0.02326 F600
G1 X105.2316 Y100.3658 Z10.3336 E0.02194 F600
G1 X105.3844 Y100.5176 Z10.2800 E0.01993 F600
G1 X105.4714 Y100.7146 Z10.3336 E0.01993 F600
G1 X105.4771 Y100.9102 Z10.4800 E0.02194 F600
G1 X105.4148 Y101.0626 Z10.6800 E0.02326 F600
G1 X105.3182 Y101.1496 Z10.8800 E0.02143 F600
G1 X105.2265 Y101.1702 Z11.0264 E0.01562 F600
G1 X105.1730 Y101.1380 Z11.0800 E0.00739 F600
G1 X105.1784 Y101.0759 Z11.0264 E0.00739 F600
G1 X105.2490 Y101.0138 Z10.8800 E0.01562 F600
G1 X105.3762 Y100.9868 Z10.6800 E0.02143 F600
G1 X105.5361 Y101.0259 Z10.4800 E0.02326 F600
G1 X105.6909 Y101.1455 Z10.3336 E0.02194 F600
G1 X105.7992 Y101.3317 Z10.2800 E0.01993 F600
G1 X105.8322 Y101.5445 Z10.3336 E0.01993 F600
G1 X105.7871 Y101.7349 Z10.4800 E0.02194 F600
G1 X105.6876 Y101.8660 Z10.6800 E0.02326 F600
G1 X105.5716 Y101.9250 Z10.8800 E0.02143 F600
G1 X105.4778 Y101.9212 Z11.0264 E0.01562 F600
G1 X105.4344 Y101.8763 Z11.0800 E0.00739 F600
G1 X105.4557 Y101.8176 Z11.0264 E0.00739 F600
G1 X105.5400 Y101.7759 Z10.8800 E0.01562 F600
G1 X105.6699 Y101.7827 Z10.6800 E0.02143 F600
G1 X105.8141 Y101.8620 Z10.4800 E0.02326 F600
G1 X105.9328 Y102.0176 Z10.3336 E0.02194 F600
G1 X105.9892 Y102.2254 Z10.2800 E0.01993 F600
G1 X105.9660 Y102.4395 Z10.3336 E0.01993 F600
G1 X105.8732 Y102.6117 Z10.4800 E0.02194 F600
G1 X105.7430 Y102.7126 Z10.6800 E0.02326 F600
G1 X105.6158 Y102.7396 Z10.8800 E0.02143 F600
G1 X105.5261 Y102.7116 Z11.0264 E0.01562 F600
G1 X105.4959 Y102.6570 Z11.0800 E0.00739 F600
G1 X105.5316 Y102.6059 Z11.0264 E0.00739 F600
G1 X105.6238 Y102.5874 Z10.8800 E0.01562 F600
G1 X105.7475 Y102.6276 Z10.6800 E0.02143 F600
G1 X105.8664 Y102.7415 Z10.4800 E0.02326 F600
G1 X105.9407 Y102.9225 Z10.3336 E0.02194 F600
G1 X105.9414 Y103.1378 Z10.2800 E0.01993 F600
G1 X105.8635 Y103.3386 Z10.3336 E0.01993 F600
G1 X105.7293 Y103.4810 Z10.4800 E0.02194 F600
G1 X105.5775 Y103.5447 Z10.6800 E0.02326 F600
G1 X105.4476 Y103.5379 Z10.8800 E0.02143 F600
G1 X105.3682 Y103.4876 Z11.0264 E0.01562 F600
G1 X105.3532 Y103.4271 Z11.0800 E0.00739 F600
G1 X105.4009 Y103.3869 Z11.0264 E0.00739 F600
G1 X105.4947 Y103.3929 Z10.8800 E0.01562 F600
G1 X105.6038 Y103.4638 Z10.6800 E0.02143 F600
G1 X105.6891 Y103.6045 Z10.4800 E0.02326 F600
G1 X105.7141 Y103.7986 Z10.3336 E0.02194 F600
G1 X105.6590 Y104.0068 Z10.2800 E0.01993 F600
G1 X105.5319 Y104.1806 Z10.3336 E0.01993 F600
G1 X105.3654 Y104.2833 Z10.4800 E0.02194 F600
G1 X105.2023 Y104.3056 Z10.6800 E0.02326 F600
G1 X105.0786 Y104.2654 Z10.8800 E0.02143 F600
G1 X105.0149 Y104.1963 Z11.0264 E0.01562 F600
G1 X105.0160 Y104.1339 Z11.0800 E0.00739 F600
G1 X105.0725 Y104.1075 Z11.0264 E0.00739 F600
G1 X105.1616 Y104.1376 Z10.8800 E0.01562 F600
G1 X105.2486 Y104.2342 Z10.6800 E0.02143 F600
G1 X105.2946 Y104.3923 Z10.4800 E0.02326 F600
G1 X105.2685 Y104.5862 Z10.3336 E0.02194 F600
G1 X105.1614 Y104.7731 Z10.2800 E0.01993 F600
G1 X104.9936 Y104.9080 Z10.3336 E0.01993 F600
G1 X104.8062 Y104.9642 Z10.4800 E0.02194 F600
G1 X104.6429 Y104.9435 Z10.6800 E0.02326 F600
G1 X104.5338 Y104.8726 Z10.8800 E0.02143 F600
G1 X104.4902 Y104.7894 Z11.0264 E0.01562 F600
G1 X104.5074 Y104.7294 Z11.0800 E0.00739 F600
G1 X104.5688 Y104.7186 Z11.0264 E0.00739 F600
G1 X104.6470 Y104.7707 Z10.8800 E0.01562 F600
G1 X104.7061 Y104.8865 Z10.6800 E0.02143 F600
G1 X104.7096 Y105.0511 Z10.4800 E0.02326 F600
G1 X104.6342 Y105.2316 Z10.3336 E0.02194 F600
G1 X104.4824 Y105.3844 Z10.2800 E0.01993 F600
G1 X104.2854 Y105.4714 Z10.3336 E0.01993 F600
G1 X104.0898 Y105.4771 Z10.4800 E0.02194 F600
G1 X103.9374 Y105.4148 Z10.6800 E0.02326 F600
G1 X103.8504 Y105.3182 Z10.8800 E0.02143 F600
G1 X103.8298 Y105.2265 Z11.0264 E0.01562 F600
G1 X103.8620 Y105.1730 Z11.0800 E0.00739 F600
G1 X103.9241 Y105.1784 Z11.0264 E0.00739 F600
G1 X103.9862 Y105.2490 Z10.8800 E0.01562 F600
G1 X104.0132 Y105.3762 Z10.6800 E0.02143 F600
G1 X103.9741 Y105.5361 Z10.4800 E0.02326 F600
G1 X103.8545 Y105.6909 Z10.3336 E0.02194 F600
G1 X103.6683 Y105.7992 Z10.2800 E0.01993 F600
G1 X103.4555 Y105.8322 Z10.3336 E0.01993 F600
G1 X103.2651 Y105.7871 Z10.4800 E0.02194 F600
G1 X103.1340 Y105.6876 Z10.6800 E0.02326 F600
G1 X103.0750 Y105.5716 Z10.8800 E0.02143 F600
G1 X103.0788 Y105.4778 Z11.0264 E0.01562 F600
G1 X103.1237 Y105.4344 Z11.0800 E0.00739 F600
G1 X103.1824 Y105.4557 Z11.0264 E0.00739 F600
G1 X103.2241 Y105.5400 Z10.8800 E0.01562 F600
G1 X103.2173 Y105.6699 Z10.6800 E0.02143 F600
G1 X103.1380 Y105.8141 Z10.4800 E0.02326 F600
G1 X102.9824 Y105.9328 Z10.3336 E0.02194 F600
G1 X102.7746 Y105.9892 Z10.2800 E0.01993 F600
G1 X102.5605 Y105.9660 Z10.3336 E0.01993 F600
G1 X102.3883 Y105.8732 Z10.4800 E0.02194 F600
G1 X102.2874 Y105.7430 Z10.6800 E0.02326 F600
G1 X102.2604 Y105.6158 Z10.8800 E0.02143 F600
G1 X102.2884 Y105.5261 Z11.0264 E0.01562 F600
G1 X102.3430 Y105.4959 Z11.0800 E0.00739 F600
G1 X102.3941 Y105.5316 Z11.0264 E0.00739 F600
G1 X102.4126 Y105.6238 Z10.8800 E0.01562 F600
G1 X102.3724 Y105.7475 Z10.6800 E0.02143 F600
G1 X102.2585 Y105.8664 Z10.4800 E0.02326 F600
G1 X102.0775 Y105.9407 Z10.3336 E0.02194 F600
G1 X101.8622 Y105.9414 Z10.2800 E0.01993 F600
G1 X101.6614 Y105.8635 Z10.3336 E0.01993 F600
G1 X101.5190 Y105.7293 Z10.4800 E0.02194 F600
G1 X101.4553 Y105.5775 Z10.6800 E0.02326 F600
G1 X101.4621 Y105.4476 Z10.8800 E0.02143 F600
G1 X101.5124 Y105.3682 Z11.0264 E0.01562 F600
G1 X101.5729 Y105.3532 Z11.0800 E0.00739 F600
G1 X101.6131 Y105.4009 Z11.0264 E0.00739 F600
G1 X101.6071 Y105.4947 Z10.8800 E0.01562 F600
G1 X101.5362 Y105.6038 Z10.6800 E0.02143 F600
G1 X101.3955 Y105.6891 Z10.4800 E0.02326 F600
G1 X101.2014 Y105.7141 Z10.3336 E0.02194 F600
G1 X100.9932 Y105.6590 Z10.2800 E0.01993 F600
G1 X100.8194 Y105.5319 Z10.3336 E0.01993 F600
G1 X100.7167 Y105.3654 Z10.4800 E0.02194 F600
G1 X100.6944 Y105.2023 Z10.6800 E0.02326 F600
G1 X100.7346 Y105.0786 Z10.8800 E0.02143 F600
G1 X100.8037 Y105.0149 Z11.0264 E0.01562 F600
G1 X100.8661 Y105.0160 Z11.0800 E0.00739 F600
G1 X100.8925 Y105.0725 Z11.0264 E0.00739 F600
G1 X100.8624 Y105.1616 Z10.8800 E0.01562 F600
G1 X100.7658 Y105.2486 Z10.6800 E0.02143 F600
G1 X100.6077 Y105.2946 Z10.4800 E0.02326 F600
G1 X100.4138 Y105.2685 Z10.3336 E0.02194 F600
G1 X100.2269 Y105.1614 Z10.2800 E0.01993 F600
G1 X100.0920 Y104.9936 Z10.3336 E0.01993 F600
G1 X100.0358 Y104.8062 Z10.4800 E0.02194 F600
G1 X100.0565 Y104.6429 Z10.6800 E0.02326 F600
G1 X100.1274 Y104.5338 Z10.8800 E0.02143 F600
G1 X100.2106 Y104.4902 Z11.0264 E0.01562 F600
G1 X100.2706 Y104.5074 Z11.0800 E0.00739 F600
G1 X100.2814 Y104.5688 Z11.0264 E0.00739 F600
G1 X100.2293 Y104.6470 Z10.8800 E0.01562 F600
G1 X100.1135 Y104.7061 Z10.6800 E0.02143 F600
G1 X99.9489 Y104.7096 Z10.4800 E0.02326 F600
G1 X99.7684 Y104.6342 Z10.3336 E0.02194 F600
G1 X99.6156 Y104.4824 Z10.2800 E0.01993 F600
G1 X99.5286 Y104.2854 Z10.3336 E0.01993 F600
G1 X99.5229 Y104.0898 Z10.4800 E0.02194 F600
G1 X99.5852 Y103.9374 Z10.6800 E0.02326 F600
G1 X99.6818 Y103.8504 Z10.8800 E0.02143 F600
G1 X99.7735 Y103.8298 Z11.0264 E0.01562 F600
G1 X99.8270 Y103.8620 Z11.0800 E0.00739 F600
G1 X99.8216 Y103.9241 Z11.0264 E0.00739 F600
G1 X99.7510 Y103.9862 Z10.8800 E0.01562 F600
G1 X99.6238 Y104.0132 Z10.6800 E0.02143 F600
G1 X99.4639 Y103.9741 Z10.4800 E0.02326 F600
G1 X99.3091 Y103.8545 Z10.3336 E0.02194 F600
G1 X99.2008 Y103.6683 Z10.2800 E0.01993 F600
G1 X99.1678 Y103.4555 Z10.3336 E0.01993 F600
G1 X99.2129 Y103.2651 Z10.4800 E0.02194 F600
G1 X99.3124 Y103.1340 Z10.6800 E0.02326 F600
G1 X99.4284 Y103.0750 Z10.8800 E0.02143 F600
G1 X99.5222 Y103.0788 Z11.0264 E0.01562 F600
G1 X99.5656 Y103.1237 Z11.0800 E0.00739 F600
G1 X99.5443 Y103.1824 Z11.0264 E0.00739 F600
G1 X99.4600 Y103.2241 Z10.8800 E0.01562 F600
G1 X99.3301 Y103.2173 Z10.6800 E0.02143 F600
G1 X99.1859 Y103.1380 Z10.4800 E0.02326 F600
G1 X99.0672 Y102.9824 Z10.3336 E0.02194 F600
G1 X99.0108 Y102.7746 Z10.2800 E0.01993 F600
G1 X99.0340 Y102.5605 Z10.3336 E0.01993 F600
G1 X99.1268 Y102.3883 Z10.4800 E0.02194 F600
G1 X99.2570 Y102.2874 Z10.6800 E0.02326 F600
G1 X99.3842 Y102.2604 Z10.8800 E0.02143 F600
G1 X99.4739 Y102.2884 Z11.0264 E0.01562 F600
G1 X99.5041 Y102.3430 Z11.0800 E0.00739 F600
G1 X99.4684 Y102.3941 Z11.0264 E0.00739 F600
G1 X99.3762 Y102.4126 Z10.8800 E0.01562 F600
G1 X99.2525 Y102.3724 Z10.6800 E0.02143 F600
G1 X99.1336 Y102.2585 Z10.4800 E0.02326 F600
G1 X99.0593 Y102.0775 Z10.3336 E0.02194 F600
G1 X99.0586 Y101.8622 Z10.2800 E0.01993 F600
G1 X99.1365 Y101.6614 Z10.3336 E0.01993 F600
G1 X99.2707 Y101.5190 Z10.4800 E0.02194 F600
G1 X99.4225 Y101.4553 Z10.6800 E0.02326 F600
G1 X99.5524 Y101.4621 Z10.8800 E0.02143 F600
G1 X99.6318 Y101.5124 Z11.0264 E0.01562 F600
G1 X99.6468 Y101.5729 Z11.0800 E0.00739 F600
G1 X99.5991 Y101.6131 Z11.0264 E0.00739 F600
G1 X99.5053 Y101.6071 Z10.8800 E0.01562 F600
G1 X99.3962 Y101.5362 Z10.6800 E0.02143 F600
G1 X99.3109 Y101.3955 Z10.4800 E0.02326 F600
G1 X99.2859 Y101.2014 Z10.3336 E0.02194 F600
G1 X99.3410 Y100.9932 Z10.2800 E0.01993 F600
G1 X99.4681 Y100.8194 Z10.3336 E0.01993 F600
G1 X99.6346 Y100.7167 Z10.4800 E0.02194 F600
G1 X99.7977 Y100.6944 Z10.6800 E0.02326 F600
G1 X99.9214 Y100.7346 Z10.8800 E0.02143 F600
G1 X99.9851 Y100.8037 Z11.0264 E0.01562 F600
G1 X99.9840 Y100.8661 Z11.0800 E0.00739 F600
G1 X99.9275 Y100.8925 Z11.0264 E0.00739 F600
G1 X99.8384 Y100.8624 Z10.8800 E0.01562 F600
G1 X99.7514 Y100.7658 Z10.6800 E0.02143 F600
G1 X99.7054 Y100.6077 Z10.4800 E0.02326 F600
G1 X99.7315 Y100.4138 Z10.3336 E0.02194 F600
G1 X99.8386 Y100.2269 Z10.2800 E0.01993 F600
G1 X100.0064 Y100.0920 Z10.3336 E0.01993 F600
G1 X100.1938 Y100.0358 Z10.4800 E0.02194 F600
G1 X100.3571 Y100.0565 Z10.6800 E0.02326 F600
G1 X100.4662 Y100.1274 Z10.8800 E0.02143 F600
G1 X100.5098 Y100.2106 Z11.0264 E0.01562 F600
G1 X100.4926 Y100.2706 Z11.0800 E0.00739 F600
; row 21/38
G1 X100.7384 Y100.0304 Z11.5264 E0.05059 F600
G1 X100.6677 Y99.9685 Z11.3800 E0.01562 F600
G1 X100.6243 Y99.8459 Z11.1800 E0.02143 F600
G1 X100.6423 Y99.6823 Z10.9800 E0.02326 F600
G1 X100.7406 Y99.5132 Z10.8336 E0.02194 F600
G1 X100.9110 Y99.3815 Z10.7800 E0.01993 F600
G1 X101.1177 Y99.3210 Z10.8336 E0.01993 F600
G1 X101.3124 Y99.3409 Z10.9800 E0.02194 F600
G1 X101.4553 Y99.4225 Z11.1800 E0.02326 F600
G1 X101.5290 Y99.5297 Z11.3800 E0.02143 F600
G1 X101.5375 Y99.6233 Z11.5264 E0.01562 F600
G1 X101.4986 Y99.6721 Z11.5800 E0.00739 F600
G1 X101.4376 Y99.6586 Z11.5264 E0.00739 F600
G1 X101.3853 Y99.5806 Z11.3800 E0.01562 F600
G1 X101.3751 Y99.4509 Z11.1800 E0.02143 F600
G1 X101.4348 Y99.2975 Z10.9800 E0.02326 F600
G1 X101.5736 Y99.1596 Z10.8336 E0.02194 F600
G1 X101.7723 Y99.0765 Z10.7800 E0.01993 F600
G1 X101.9876 Y99.0716 Z10.8336 E0.01993 F600
G1 X102.1705 Y99.1411 Z10.9800 E0.02194 F600
G1 X102.2874 Y99.2570 Z11.1800 E0.02326 F600
G1 X102.3308 Y99.3796 Z11.3800 E0.02143 F600
G1 X102.3148 Y99.4722 Z11.5264 E0.01562 F600
G1 X102.2646 Y99.5092 Z11.5800 E0.00739 F600
G1 X102.2093 Y99.4805 Z11.5264 E0.00739 F600
G1 X102.1789 Y99.3915 Z11.3800 E0.01562 F600
G1 X102.2026 Y99.2636 Z11.1800 E0.02143 F600
G1 X102.3000 Y99.1309 Z10.9800 E0.02326 F600
G1 X102.4697 Y99.0336 Z10.8336 E0.02194 F600
G1 X102.6832 Y99.0048 Z10.7800 E0.01993 F600
G1 X102.8924 Y99.0558 Z10.8336 E0.01993 F600
G1 X103.0511 Y99.1703 Z10.9800 E0.02194 F600
G1 X103.1340 Y99.3124 Z11.1800 E0.02326 F600
G1 X103.1442 Y99.4421 Z11.3800 E0.02143 F600
G1 X103.1048 Y99.5274 Z11.5264 E0.01562 F600
G1 X103.0467 Y99.5502 Z11.5800 E0.00739 F600
G1 X103.0007 Y99.5081 Z11.5264 E0.00739 F600
G1 X102.9944 Y99.4144 Z11.3800 E0.01562 F600
G1 X103.0504 Y99.2969 Z11.1800 E0.02143 F600
G1 X103.1788 Y99.1940 Z10.9800 E0.02326 F600
G1 X103.3679 Y99.1439 Z10.8336 E0.02194 F600
G1 X103.5816 Y99.1713 Z10.7800 E0.01993 F600
G1 X103.7705 Y99.2747 Z10.8336 E0.01993 F600
G1 X103.8941 Y99.4264 Z10.9800 E0.02194 F600
G1 X103.9374 Y99.5852 Z11.1800 E0.02326 F600
G1 X103.9137 Y99.7131 Z11.3800 E0.02143 F600
G1 X103.8535 Y99.7852 Z11.5264 E0.01562 F600
G1 X103.7915 Y99.7922 Z11.5800 E0.00739 F600
G1 X103.7580 Y99.7396 Z11.5264 E0.00739 F600
G1 X103.7762 Y99.6475 Z11.3800 E0.01562 F600
G1 X103.8606 Y99.5485 Z11.1800 E0.02143 F600
G1 X104.0113 Y99.4823 Z10.9800 E0.02326 F600
G1 X104.2070 Y99.4829 Z10.8336 E0.02194 F600
G1 X104.4062 Y99.5647 Z10.7800 E0.01993 F600
G1 X104.5620 Y99.7134 Z10.8336 E0.01993 F600
G1 X104.6421 Y99.8919 Z10.9800 E0.02194 F600
G1 X104.6429 Y100.0565 Z11.1800 E0.02326 F600
G1 X104.5869 Y100.1739 Z11.3800 E0.02143 F600
G1 X104.5101 Y100.2280 Z11.5264 E0.01562 F600
G1 X104.4483 Y100.2188 Z11.5800 E0.00739 F600
G1 X104.4295 Y100.1593 Z11.5264 E0.00739 F600
G1 X104.4710 Y100.0750 Z11.3800 E0.01562 F600
G1 X104.5782 Y100.0013 Z11.1800 E0.02143 F600
G1 X104.7409 Y99.9763 Z10.9800 E0.02326 F600
G1 X104.9297 Y100.0275 Z10.8336 E0.02194 F600
G1 X105.1010 Y100.1580 Z10.7800 E0.01993 F600
G1 X105.2129 Y100.3420 Z10.8336 E0.01993 F600
G1 X105.2441 Y100.5352 Z10.9800 E0.02194 F600
G1 X105.2023 Y100.6944 Z11.1800 E0.02326 F600
G1 X105.1178 Y100.7933 Z11.3800 E0.02143 F600
G1 X105.0296 Y100.8257 Z11.5264 E0.01562 F600
G1 X104.9724 Y100.8008 Z11.5800 E0.00739 F600
G1 X104.9696 Y100.7384 Z11.5264 E0.00739 F600
G1 X105.0315 Y100.6677 Z11.3800 E0.01562 F600
G1 X105.1541 Y100.6243 Z11.1800 E0.02143 F600
G1 X105.3177 Y100.6423 Z10.9800 E0.02326 F600
G1 X105.4868 Y100.7406 Z10.8336 E0.02194 F600
G1 X105.6185 Y100.9110 Z10.7800 E0.01993 F600
G1 X105.6790 Y101.1177 Z10.8336 E0.01993 F600
G1 X105.6591 Y101.3124 Z10.9800 E0.02194 F600
G1 X105.5775 Y101.4553 Z11.1800 E0.02326 F600
G1 X105.4703 Y101.5290 Z11.3800 E0.02143 F600
G1 X105.3767 Y101.5375 Z11.5264 E0.01562 F600
G1 X105.3279 Y101.4986 Z11.5800 E0.00739 F600
G1 X105.3414 Y101.4376 Z11.5264 E0.00739 F600
G1 X105.4194 Y101.3853 Z11.3800 E0.01562 F600
G1 X105.5491 Y101.3751 Z11.1800 E0.02143 F600
G1 X105.7025 Y101.4348 Z10.9800 E0.02326 F600
G1 X105.8404 Y101.5736 Z10.8336 E0.02194 F600
G1 X105.9235 Y101.7723 Z10.7800 E0.01993 F600
G1 X105.9284 Y101.9876 Z10.8336 E0.01993 F600
G1 X105.8589 Y102.1705 Z10.9800 E0.02194 F600
G1 X105.7430 Y102.2874 Z11.1800 E0.02326 F600
G1 X105.6204 Y102.3308 Z11.3800 E0.02143 F600
G1 X105.5278 Y102.3148 Z11.5264 E0.01562 F600
G1 X105.4908 Y102.2646 Z11.5800 E0.00739 F600
G1 X105.5195 Y102.2093 Z11.5264 E0.00739 F600
G1 X105.6085 Y102.1789 Z11.3800 E0.01562 F600
G1 X105.7364 Y102.2026 Z11.1800 E0.02143 F600
G1 X105.8691 Y102.3000 Z10.9800 E0.02326 F600
G1 X105.9664 Y102.4697 Z10.8336 E0.02194 F600
G1 X105.9952 Y102.6832 Z10.7800 E0.01993 F600
G1 X105.9442 Y102.8924 Z10.8336 E0.01993 F600
G1 X105.8297 Y103.0511 Z10.9800 E0.02194 F600
G1 X105.6876 Y103.1340 Z11.1800 E0.02326 F600
G1 X105.5579 Y103.1442 Z11.3800 E0.02143 F600
G1 X105.4726 Y103.1048 Z11.5264 E0.01562 F600
G1 X105.4498 Y103.0467 Z11.5800 E0.00739 F600
G1 X105.4919 Y103.0007 Z11.5264 E0.00739 F600
G1 X105.5856 Y102.9944 Z11.3800 E0.01562 F600
G1 X105.7031 Y103.0504 Z11.1800 E0.02143 F600
G1 X105.8060 Y103.1788 Z10.9800 E0.02326 F600
G1 X105.8561 Y103.3679 Z10.8336 E0.02194 F600
G1 X105.8287 Y103.5816 Z10.7800 E0.01993 F600
G1 X105.7253 Y103.7705 Z10.8336 E0.01993 F600
G1 X105.5736 Y103.8941 Z10.9800 E0.02194 F600
G1 X105.4148 Y103.9374 Z11.1800 E0.02326 F600
G1 X105.2869 Y103.9137 Z11.3800 E0.02143 F600
G1 X105.2148 Y103.8535 Z11.5264 E0.01562 F600
G1 X105.2078 Y103.7915 Z11.5800 E0.00739 F600
G1 X105.2604 Y103.7580 Z11.5264 E0.00739 F600
G1 X105.3525 Y103.7762 Z11.3800 E0.01562 F600
G1 X105.4515 Y103.8606 Z11.1800 E0.02143 F600
G1 X105.5177 Y104.0113 Z10.9800 E0.02326 F600
G1 X105.5171 Y104.2070 Z10.8336 E0.02194 F600
G1 X105.4353 Y104.4062 Z10.7800 E0.01993 F600
G1 X105.2866 Y104.5620 Z10.8336 E0.01993 F600
G1 X105.1081 Y104.6421 Z10.9800 E0.02194 F600
G1 X104.9435 Y104.6429 Z11.1800 E0.02326 F600
G1 X104.8261 Y104.5869 Z11.3800 E0.02143 F600
G1 X104.7720 Y104.5101 Z11.5264 E0.01562 F600
G1 X104.7812 Y104.4483 Z11.5800 E0.00739 F600
G1 X104.8407 Y104.4295 Z11.5264 E0.00739 F600
G1 X104.9250 Y104.4710 Z11.3800 E0.01562 F600
G1 X104.9987 Y104.5782 Z11.1800 E0.02143 F600
G1 X105.0237 Y104.7409 Z10.9800 E0.02326 F600
G1 X104.9725 Y104.9297 Z10.8336 E0.02194 F600
G1 X104.8420 Y105.1010 Z10.7800 E0.01993 F600
G1 X104.6580 Y105.2129 Z10.8336 E0.01993 F600
G1 X104.4648 Y105.2441 Z10.9800 E0.02194 F600
G1 X104.3056 Y105.2023 Z11.1800 E0.02326 F600
G1 X104.2067 Y105.1178 Z11.3800 E0.02143 F600
G1 X104.1743 Y105.0296 Z11.5264 E0.01562 F600
G1 X104.1992 Y104.9724 Z11.5800 E0.00739 F600
G1 X104.2616 Y104.9696 Z11.5264 E0.00739 F600
G1 X104.3323 Y105.0315 Z11.3800 E0.01562 F600
G1 X104.3757 Y105.1541 Z11.1800 E0.02143 F600
G1 X104.3577 Y105.3177 Z10.9800 E0.02326 F600
G1 X104.2594 Y105.4868 Z10.8336 E0.02194 F600
G1 X104.0890 Y105.6185 Z10.7800 E0.01993 F600
G1 X103.8823 Y105.6790 Z10.8336 E0.01993 F600
G1 X103.6876 Y105.6591 Z10.9800 E0.02194 F600
G1 X103.5447 Y105.5775 Z11.1800 E0.02326 F600
G1 X103.4710 Y105.4703 Z11.3800 E0.02143 F600
G1 X103.4625 Y105.3767 Z11.5264 E0.01562 F600
G1 X103.5014 Y105.3279 Z11.5800 E0.00739 F600
G1 X103.5624 Y105.3414 Z11.5264 E0.00739 F600
G1 X103.6147 Y105.4194 Z11.3800 E0.01562 F600
G1 X103.6249 Y105.5491 Z11.1800 E0.02143 F600
G1 X103.5652 Y105.7025 Z10.9800 E0.02326 F600
G1 X103.4264 Y105.8404 Z10.8336 E0.02194 F600
G1 X103.2277 Y105.9235 Z10.7800 E0.01993 F600
G1 X103.0124 Y105.9284 Z10.8336 E0.01993 F600
G1 X102.8295 Y105.8589 Z10.9800 E0.02194 F600
G1 X102.7126 Y105.7430 Z11.1800 E0.02326 F600
G1 X102.6692 Y105.6204 Z11.3800 E0.02143 F600
G1 X102.6852 Y105.5278 Z11.5264 E0.01562 F600
G1 X102.7354 Y105.4908 Z11.5800 E0.00739 F600
G1 X102.7907 Y105.5195 Z11.5264 E0.00739 F600
G1 X102.8211 Y105.6085 Z11.3800 E0.01562 F600
G1 X102.7974 Y105.7364 Z11.1800 E0.02143 F600
G1 X102.7000 Y105.8691 Z10.9800 E0.02326 F600
G1 X102.5303 Y105.9664 Z10.8336 E0.02194 F600
G1 X102.3168 Y105.9952 Z10.7800 E0.01993 F600
G1 X102.1076 Y105.9442 Z10.8336 E0.01993 F600
G1 X101.9489 Y105.8297 Z10.9800 E0.02194 F600
G1 X101.8660 Y105.6876 Z11.1800 E0.02326 F600
G1 X101.8558 Y105.5579 Z11.3800 E0.02143 F600
G1 X101.8952 Y105.4726 Z11.5264 E0.01562 F600
G1 X101.9533 Y105.4498 Z11.5800 E0.00739 F600
G1 X101.9993 Y105.4919 Z11.5264 E0.00739 F600
G1 X102.0056 Y105.5856 Z11.3800 E0.01562 F600
G1 X101.9496 Y105.7031 Z11.1800 E0.02143 F600
G1 X101.8212 Y105.8060 Z10.9800 E0.02326 F600
G1 X101.6321 Y105.8561 Z10.8336 E0.02194 F600
G1 X101.4184 Y105.8287 Z10.7800 E0.01993 F600
G1 X101.2295 Y105.7253 Z10.8336 E0.01993 F600
G1 X101.1059 Y105.5736 Z10.9800 E0.02194 F600
G1 X101.0626 Y105.4148 Z11.1800 E0.02326 F600
G1 X101.0863 Y105.2869 Z11.3800 E0.02143 F600
G1 X101.1465 Y105.2148 Z11.5264 E0.01562 F600
G1 X101.2085 Y105.2078 Z11.5800 E0.00739 F600
G1 X101.2420 Y105.2604 Z11.5264 E0.00739 F600
G1 X101.2238 Y105.3525 Z11.3800 E0.01562 F600
G1 X101.1394 Y105.4515 Z11.1800 E0.02143 F600
G1 X100.9887 Y105.5177 Z10.9800 E0.02326 F600
G1 X100.7930 Y105.5171 Z10.8336 E0.02194 F600
G1 X100.5938 Y105.4353 Z10.7800 E0.01993 F600
G1 X100.4380 Y105.2866 Z10.8336 E0.01993 F600
G1 X100.3579 Y105.1081 Z10.9800 E0.02194 F600
G1 X100.3571 Y104.9435 Z11.1800 E0.02326 F600
G1 X100.4131 Y104.8261 Z11.3800 E0.02143 F600
G1 X100.4899 Y104.7720 Z11.5264 E0.01562 F600
G1 X100.5517 Y104.7812 Z11.5800 E0.00739 F600
G1 X100.5705 Y104.8407 Z11.5264 E0.00739 F600
G1 X100.5290 Y104.9250 Z11.3800 E0.01562 F600
G1 X100.4218 Y104.9987 Z11.1800 E0.02143 F600
G1 X100.2591 Y105.0237 Z10.9800 E0.02326 F600
G1 X100.0703 Y104.9725 Z10.8336 E0.02194 F600
G1 X99.8990 Y104.8420 Z10.7800 E0.01993 F600
G1 X99.7871 Y104.6580 Z10.8336 E0.01993 F600
G1 X99.7559 Y104.4648 Z10.9800 E0.02194 F600
G1 X99.7977 Y104.3056 Z11.1800 E0.02326 F600
G1 X99.8822 Y104.2067 Z11.3800 E0.02143 F600
G1 X99.9704 Y104.1743 Z11.5264 E0.01562 F600
G1 X100.0276 Y104.1992 Z11.5800 E0.00739 F600
G1 X100.0304 Y104.2616 Z11.5264 E0.00739 F600
G1 X99.9685 Y104.3323 Z11.3800 E0.01562 F600
G1 X99.8459 Y104.3757 Z11.1800 E0.02143 F600
G1 X99.6823 Y104.3577 Z10.9800 E0.02326 F600
G1 X99.5132 Y104.2594 Z10.8336 E0.02194 F600
G1 X99.3815 Y104.0890 Z10.7800 E0.01993 F600
G1 X99.3210 Y103.8823 Z10.8336 E0.01993 F600
G1 X99.3409 Y103.6876 Z10.9800 E0.02194 F600
G1 X99.4225 Y103.5447 Z11.1800 E0.02326 F600
G1 X99.5297 Y103.4710 Z11.3800 E0.02143 F600
G1 X99.6233 Y103.4625 Z11.5264 E0.01562 F600
G1 X99.6721 Y103.5014 Z11.5800 E0.00739 F600
G1 X99.6586 Y103.5624 Z11.5264 E0.00739 F600
G1 X99.5806 Y103.6147 Z11.3800 E0.01562 F600
G1 X99.4509 Y103.6249 Z11.1800 E0.02143 F600
G1 X99.2975 Y103.5652 Z10.9800 E0.02326 F600
G1 X99.1596 Y103.4264 Z10.8336 E0.02194 F600
G1 X99.0765 Y103.2277 Z10.7800 E0.01993 F600
G1 X99.0716 Y103.0124 Z10.8336 E0.01993 F600
G1 X99.1411 Y102.8295 Z10.9800 E0.02194 F600
G1 X99.2570 Y102.7126 Z11.1800 E0.02326 F600
G1 X99.3796 Y102.6692 Z11.3800 E0.02143 F600
G1 X99.4722 Y102.6852 Z11.5264 E0.01562 F600
G1 X99.5092 Y102.7354 Z11.5800 E0.00739 F600
G1 X99.4805 Y102.7907 Z11.5264 E0.00739 F600
G1 X99.3915 Y102.8211 Z11.3800 E0.01562 F600
G1 X99.2636 Y102.7974 Z11.1800 E0.02143 F600
G1 X99.1309 Y102.7000 Z10.9800 E0.02326 F600
G1 X99.0336 Y102.5303 Z10.8336 E0.02194 F600
G1 X99.0048 Y102.3168 Z10.7800 E0.01993 F600
G1 X99.0558 Y102.1076 Z10.8336 E0.01993 F600
G1 X99.1703 Y101.9489 Z10.9800 E0.02194 F600
G1 X99.3124 Y101.8660 Z11.1800 E0.02326 F600
G1 X99.4421 Y101.8558 Z11.3800 E0.02143 F600
G1 X99.5274 Y101.8952 Z11.5264 E0.01562 F600
G1 X99.5502 Y101.9533 Z11.5800 E0.00739 F600
G1 X99.5081 Y101.9993 Z11.5264 E0.00739 F600
G1 X99.4144 Y102.0056 Z11.3800 E0.01562 F600
G1 X99.2969 Y101.9496 Z11.1800 E0.02143 F600
G1 X99.1940 Y101.8212 Z10.9800 E0.02326 F600
G1 X99.1439 Y101.6321 Z10.8336 E0.02194 F600
G1 X99.1713 Y101.4184 Z10.7800 E0.01993 F600
G1 X99.2747 Y101.2295 Z10.8336 E0.01993 F600
G1 X99.4264 Y101.1059 Z10.9800 E0.02194 F600
G1 X99.5852 Y101.0626 Z11.1800 E0.02326 F600
G1 X99.7131 Y101.0863 Z11.3800 E0.02143 F600
G1 X99.7852 Y101.1465 Z11.5264 E0.01562 F600
G1 X99.7922 Y101.2085 Z11.5800 E0.00739 F600
G1 X99.7396 Y101.2420 Z11.5264 E0.00739 F600
G1 X99.6475 Y101.2238 Z11.3800 E0.01562 F600
G1 X99.5485 Y101.1394 Z11.1800 E0.02143 F600
G1 X99.4823 Y100.9887 Z10.9800 E0.02326 F600
G1 X99.4829 Y100.7930 Z10.8336 E0.02194 F600
G1 X99.5647 Y100.5938 Z10.7800 E0.01993 F600
G1 X99.7134 Y100.4380 Z10.8336 E0.01993 F600
G1 X99.8919 Y100.3579 Z10.9800 E0.02194 F600
G1 X100.0565 Y100.3571 Z11.1800 E0.02326 F600
G1 X100.1739 Y100.4131 Z11.3800 E0.02143 F600
G1 X100.2280 Y100.4899 Z11.5264 E0.01562 F600
G1 X100.2188 Y100.5517 Z11.5800 E0.00739 F600
G1 X100.1593 Y100.5705 Z11.5264 E0.00739 F600
G1 X100.0750 Y100.5290 Z11.3800 E0.01562 F600
G1 X100.0013 Y100.4218 Z11.1800 E0.02143 F600
G1 X99.9763 Y100.2591 Z10.9800 E0.02326 F600
G1 X100.0275 Y100.0703 Z10.8336 E0.02194 F600
G1 X100.1580 Y99.8990 Z10.7800 E0.01993 F600
G1 X100.3420 Y99.7871 Z10.8336 E0.01993 F600
G1 X100.5352 Y99.7559 Z10.9800 E0.02194 F600
G1 X100.6944 Y99.7977 Z11.1800 E0.02326 F600
G1 X100.7933 Y99.8822 Z11.3800 E0.02143 F600
G1 X100.8257 Y99.9704 Z11.5264 E0.01562 F600
G1 X100.8008 Y100.0276 Z11.5800 E0.00739 F600
; row 22/38
G1 X100.4312 Y100.2814 Z12.0264 E0.05682 F600
G1 X100.3530 Y100.2293 Z11.8800 E0.01562 F600
G1 X100.2939 Y100.1135 Z11.6800 E0.02143 F600
G1 X100.2904 Y99.9489 Z11.4800 E0.02326 F600
G1 X100.3658 Y99.7684 Z11.3336 E0.02194 F600
G1 X100.5176 Y99.6156 Z11.2800 E0.01993 F600
G1 X100.7146 Y99.5286 Z11.3336 E0.01993 F600
G1 X100.9102 Y99.5229 Z11.4800 E0.02194 F600
G1 X101.0626 Y99.5852 Z11.6800 E0.02326 F600
G1 X101.1496 Y99.6818 Z11.8800 E0.02143 F600
G1 X101.1702 Y99.7735 Z12.0264 E0.01562 F600
G1 X101.1380 Y99.8270 Z12.0800 E0.00739 F600
G1 X101.0759 Y99.8216 Z12.0264 E0.00739 F600
G1 X101.0138 Y99.7510 Z11.8800 E0.01562 F600
G1 X100.9868 Y99.6238 Z11.6800 E0.02143 F600
G1 X101.0259 Y99.4639 Z11.4800 E0.02326 F600
G1 X101.1455 Y99.3091 Z11.3336 E0.02194 F600
G1 X101.3317 Y99.2008 Z11.2800 E0.01993 F600
G1 X101.5445 Y99.1678 Z11.3336 E0.01993 F600
G1 X101.7349 Y99.2129 Z11.4800 E0.02194 F600
G1 X101.8660 Y99.3124 Z11.6800 E0.02326 F600
G1 X101.9250 Y99.4284 Z11.8800 E0.02143 F600
G1 X101.9212 Y99.5222 Z12.0264 E0.01562 F600
G1 X101.8763 Y99.5656 Z12.0800 E0.00739 F600
G1 X101.8176 Y99.5443 Z12.0264 E0.00739 F600
G1 X101.7759 Y99.4600 Z11.8800 E0.01562 F600
G1 X101.7827 Y99.3301 Z11.6800 E0.02143 F600
G1 X101.8620 Y99.1859 Z11.4800 E0.02326 F600
G1 X102.0176 Y99.0672 Z11.3336 E0.02194 F600
G1 X102.2254 Y99.0108 Z11.2800 E0.01993 F600
G1 X102.4395 Y99.0340 Z11.3336 E0.01993 F600
G1 X102.6117 Y99.1268 Z11.4800 E0.02194 F600
G1 X102.7126 Y99.2570 Z11.6800 E0.02326 F600
G1 X102.7396 Y99.3842 Z11.8800 E0.02143 F600
G1 X102.7116 Y99.4739 Z12.0264 E0.01562 F600
G1 X102.6570 Y99.5041 Z12.0800 E0.00739 F600
G1 X102.6059 Y99.4684 Z12.0264 E0.00739 F600
G1 X102.5874 Y99.3762 Z11.8800 E0.01562 F600
G1 X102.6276 Y99.2525 Z11.6800 E0.02143 F600
G1 X102.7415 Y99.1336 Z11.4800 E0.02326 F600
G1 X102.9225 Y99.0593 Z11.3336 E0.02194 F600
G1 X103.1378 Y99.0586 Z11.2800 E0.01993 F600
G1 X103.3386 Y99.1365 Z11.3336 E0.01993 F600
G1 X103.4810 Y99.2707 Z11.4800 E0.02194 F600
G1 X103.5447 Y99.4225 Z11.6800 E0.02326 F600
G1 X103.5379 Y99.5524 Z11.8800 E0.02143 F600
G1 X103.4876 Y99.6318 Z12.0264 E0.01562 F600
G1 X103.4271 Y99.6468 Z12.0800 E0.00739 F600
G1 X103.3869 Y99.5991 Z12.0264 E0.00739 F600
G1 X103.3929 Y99.5053 Z11.8800 E0.01562 F600
G1 X103.4638 Y99.3962 Z11.6800 E0.02143 F600
G1 X103.6045 Y99.3109 Z11.4800 E0.02326 F600
G1 X103.7986 Y99.2859 Z11.3336 E0.02194 F600
G1 X104.0068 Y99.3410 Z11.2800 E0.01993 F600
G1 X104.1806 Y99.4681 Z11.3336 E0.01993 F600
G1 X104.2833 Y99.6346 Z11.4800 E0.02194 F600
G1 X104.3056 Y99.7977 Z11.6800 E0.02326 F600
G1 X104.2654 Y99.9214 Z11.8800 E0.02143 F600
G1 X104.1963 Y99.9851 Z12.0264 E0.01562 F600
G1 X104.1339 Y99.9840 Z12.0800 E0.00739 F600
G1 X104.1075 Y99.9275 Z12.0264 E0.00739 F600
G1 X104.1376 Y99.8384 Z11.8800 E0.01562 F600
G1 X104.2342 Y99.7514 Z11.6800 E0.02143 F600
G1 X104.3923 Y99.7054 Z11.4800 E0.02326 F600
G1 X104.5862 Y99.7315 Z11.3336 E0.02194 F600
G1 X104.7731 Y99.8386 Z11.2800 E0.01993 F600
G1 X104.9080 Y100.0064 Z11.3336 E0.01993 F600
G1 X104.9642 Y100.1938 Z11.4800 E0.02194 F600
G1 X104.9435 Y100.3571 Z11.6800 E0.02326 F600
G1 X104.8726 Y100.4662 Z11.8800 E0.02143 F600
G1 X104.7894 Y100.5098 Z12.0264 E0.01562 F600
G1 X104.7294 Y100.4926 Z12.0800 E0.00739 F600
G1 X104.7186 Y100.4312 Z12.0264 E0.00739 F600
G1 X104.7707 Y100.3530 Z11.8800 E0.01562 F600
G1 X104.8865 Y100.2939 Z11.6800 E0.02143 F600
G1 X105.0511 Y100.2904 Z11.4800 E0.02326 F600
G1 X105.2316 Y100.3658 Z11.3336 E0.02194 F600
G1 X105.3844 Y100.5176 Z11.2800 E0.01993 F600
G1 X105.4714 Y100.7146 Z11.3336 E0.01993 F600
G1 X105.4771 Y100.9102 Z11.4800 E0.02194 F600
G1 X105.4148 Y101.0626 Z11.6800 E0.02326 F600
G1 X105.3182 Y101.1496 Z11.8800 E0.02143 F600
G1 X105.2265 Y101.1702 Z12.0264 E0.01562 F600
G1 X105.1730 Y101.1380 Z12.0800 E0.00739 F600
G1 X105.1784 Y101.0759 Z12.0264 E0.00739 F600
G1 X105.2490 Y101.0138 Z11.8800 E0.01562 F600
G1 X105.3762 Y100.9868 Z11.6800 E0.02143 F600
G1 X105.5361 Y101.0259 Z11.4800 E0.02326 F600
G1 X105.6909 Y101.1455 Z11.3336 E0.02194 F600
G1 X105.7992 Y101.3317 Z11.2800 E0.01993 F600
G1 X105.8322 Y101.5445 Z11.3336 E0.01993 F600
G1 X105.7871 Y101.7349 Z11.4800 E0.02194 F600
G1 X105.6876 Y101.8660 Z11.6800 E0.02326 F600
G1 X105.5716 Y101.9250 Z11.8800 E0.02143 F600
G1 X105.4778 Y101.9212 Z12.0264 E0.01562 F600
G1 X105.4344 Y101.8763 Z12.0800 E0.00739 F600
G1 X105.4557 Y101.8176 Z12.0264 E0.00739 F600
G1 X105.5400 Y101.7759 Z11.8800 E0.01562 F600
G1 X105.6699 Y101.7827 Z11.6800 E0.02143 F600
G1 X105.8141 Y101.8620 Z11.4800 E0.02326 F600
G1 X105.9328 Y102.0176 Z11.3336 E0.02194 F600
G1 X105.9892 Y102.2254 Z11.2800 E0.01993 F600
G1 X105.9660 Y102.4395 Z11.3336 E0.01993 F600
G1 X105.8732 Y102.6117 Z11.4800 E0.02194 F600
G1 X105.7430 Y102.7126 Z11.6800 E0.02326 F600
G1 X105.6158 Y102.7396 Z11.8800 E0.02143 F600
G1 X105.5261 Y102.7116 Z12.0264 E0.01562 F600
G1 X105.4959 Y102.6570 Z12.0800 E0.00739 F600
G1 X105.5316 Y102.6059 Z12.0264 E0.00739 F600
G1 X105.6238 Y102.5874 Z11.8800 E0.01562 F600
G1 X105.7475 Y102.6276 Z11.6800 E0.02143 F600
G1 X105.8664 Y102.7415 Z11.4800 E0.02326 F600
G1 X105.9407 Y102.9225 Z11.3336 E0.02194 F600
G1 X105.9414 Y103.1378 Z11.2800 E0.01993 F600
G1 X105.8635 Y103.3386 Z11.3336 E0.01993 F600
G1 X105.7293 Y103.4810 Z11.4800 E0.02194 F600
G1 X105.5775 Y103.5447 Z11.6800 E0.02326 F600
G1 X105.4476 Y103.5379 Z11.8800 E0.02143 F600
G1 X105.3682 Y103.4876 Z12.0264 E0.01562 F600
G1 X105.3532 Y103.4271 Z12.0800 E0.00739 F600
G1 X105.4009 Y103.3869 Z12.0264 E0.00739 F600
G1 X105.4947 Y103.3929 Z11.8800 E0.01562 F600
G1 X105.6038 Y103.4638 Z11.6800 E0.02143 F600
G1 X105.6891 Y103.6045 Z11.4800 E0.02326 F600
G1 X105.7141 Y103.7986 Z11.3336 E0.02194 F600
G1 X105.6590 Y104.0068 Z11.2800 E0.01993 F600
G1 X105.5319 Y104.1806 Z11.3336 E0.01993 F600
G1 X105.3654 Y104.2833 Z11.4800 E0.02194 F600
G1 X105.2023 Y104.3056 Z11.6800 E0.02326 F600
G1 X105.0786 Y104.2654 Z11.8800 E0.02143 F600
G1 X105.0149 Y104.1963 Z12.0264 E0.01562 F600
G1 X105.0160 Y104.1339 Z12.0800 E0.00739 F600
G1 X105.0725 Y104.1075 Z12.0264 E0.00739 F600
G1 X105.1616 Y104.1376 Z11.8800 E0.01562 F600
G1 X105.2486 Y104.2342 Z11.6800 E0.02143 F600
G1 X105.2946 Y104.3923 Z11.4800 E0.02326 F600
G1 X105.2685 Y104.5862 Z11.3336 E0.02194 F600
G1 X105.1614 Y104.7731 Z11.2800 E0.01993 F600
G1 X104.9936 Y104.9080 Z11.3336 E0.01993 F600
G1 X104.8062 Y104.9642 Z11.4800 E0.02194 F600
G1 X104.6429 Y104.9435 Z11.6800 E0.02326 F600
G1 X104.5338 Y104.8726 Z11.8800 E0.02143 F600
G1 X104.4902 Y104.7894 Z12.0264 E0.01562 F600
G1 X104.5074 Y104.7294 Z12.0800 E0.00739 F600
G1 X104.5688 Y104.7186 Z12.0264 E0.00739 F600
G1 X104.6470 Y104.7707 Z11.8800 E0.01562 F600
G1 X104.7061 Y104.8865 Z11.6800 E0.02143 F600
G1 X104.7096 Y105.0511 Z11.4800 E0.02326 F600
G1 X104.6342 Y105.2316 Z11.3336 E0.02194 F600
G1 X104.4824 Y105.3844 Z11.2800 E0.01993 F600
G1 X104.2854 Y105.4714 Z11.3336 E0.01993 F600
G1 X104.0898 Y105.4771 Z11.4800 E0.02194 F600
G1 X103.9374 Y105.4148 Z11.6800 E0.02326 F600
G1 X103.8504 Y105.3182 Z11.8800 E0.02143 F600
G1 X103.8298 Y105.2265 Z12.0264 E0.01562 F600
G1 X103.8620 Y105.1730 Z12.0800 E0.00739 F600
G1 X103.9241 Y105.1784 Z12.0264 E0.00739 F600
G1 X103.9862 Y105.2490 Z11.8800 E0.01562 F600
G1 X104.0132 Y105.3762 Z11.6800 E0.02143 F600
G1 X103.9741 Y105.5361 Z11.4800 E0.02326 F600
G1 X103.8545 Y105.6909 Z11.3336 E0.02194 F600
G1 X103.6683 Y105.7992 Z11.2800 E0.01993 F600
G1 X103.4555 Y105.8322 Z11.3336 E0.01993 F600
G1 X103.2651 Y105.7871 Z11.4800 E0.02194 F600
G1 X103.1340 Y105.6876 Z11.6800 E0.02326 F600
G1 X103.0750 Y105.5716 Z11.8800 E0.02143 F600
G1 X103.0788 Y105.4778 Z12.0264 E0.01562 F600
G1 X103.1237 Y105.4344 Z12.0800 E0.00739 F600
G1 X103.1824 Y105.4557 Z12.0264 E0.00739 F600
G1 X103.2241 Y105.5400 Z11.8800 E0.01562 F600
G1 X103.2173 Y105.6699 Z11.6800 E0.02143 F600
G1 X103.1380 Y105.8141 Z11.4800 E0.02326 F600
G1 X102.9824 Y105.9328 Z11.3336 E0.02194 F600
G1 X102.7746 Y105.9892 Z11.2800 E0.01993 F600
G1 X102.5605 Y105.9660 Z11.3336 E0.01993 F600
G1 X102.3883 Y105.8732 Z11.4800 E0.02194 F600
G1 X102.2874 Y105.7430 Z11.6800 E0.02326 F600
G1 X102.2604 Y105.6158 Z11.8800 E0.02143 F600
G1 X102.2884 Y105.5261 Z12.0264 E0.01562 F600
G1 X102.3430 Y105.4959 Z12.0800 E0.00739 F600
G1 X102.3941 Y105.5316 Z12.0264 E0.00739 F600
G1 X102.4126 Y105.6238 Z11.8800 E0.01562 F600
G1 X102.3724 Y105.7475 Z11.6800 E0.02143 F600
G1 X102.2585 Y105.8664 Z11.4800 E0.02326 F600
G1 X102.0775 Y105.9407 Z11.3336 E0.02194 F600
G1 X101.8622 Y105.9414 Z11.2800 E0.01993 F600
G1 X101.6614 Y105.8635 Z11.3336 E0.01993 F600
G1 X101.5190 Y105.7293 Z11.4800 E0.02194 F600
G1 X101.4553 Y105.5775 Z11.6800 E0.02326 F600
G1 X101.4621 Y105.4476 Z11.8800 E0.02143 F600
G1 X101.5124 Y105.3682 Z12.0264 E0.01562 F600
G1 X101.5729 Y105.3532 Z12.0800 E0.00739 F600
G1 X101.6131 Y105.4009 Z12.0264 E0.00739 F600
G1 X101.6071 Y105.4947 Z11.8800 E0.01562 F600
G1 X101.5362 Y105.6038 Z11.6800 E0.02143 F600
G1 X101.3955 Y105.6891 Z11.4800 E0.02326 F600
G1 X101.2014 Y105.7141 Z11.3336 E0.02194 F600
G1 X100.9932 Y105.6590 Z11.2800 E0.01993 F600
G1 X100.8194 Y105.5319 Z11.3336 E0.01993 F600
G1 X100.7167 Y105.3654 Z11.4800 E0.02194 F600
G1 X100.6944 Y105.2023 Z11.6800 E0.02326 F600
G1 X100.7346 Y105.0786 Z11.8800 E0.02143 F600
G1 X100.8037 Y105.0149 Z12.0264 E0.01562 F600
G1 X100.8661 Y105.0160 Z12.0800 E0.00739 F600
G1 X100.8925 Y105.0725 Z12.0264 E0.00739 F600
G1 X100.8624 Y105.1616 Z11.8800 E0.01562 F600
G1 X100.7658 Y105.2486 Z11.6800 E0.02143 F600
G1 X100.6077 Y105.2946 Z11.4800 E0.02326 F600
G1 X100.4138 Y105.2685 Z11.3336 E0.02194 F600
G1 X100.2269 Y105.1614 Z11.2800 E0.01993 F600
G1 X100.0920 Y104.9936 Z11.3336 E0.01993 F600
G1 X100.0358 Y104.8062 Z11.4800 E0.02194 F600
G1 X100.0565 Y104.6429 Z11.6800 E0.02326 F600
G1 X100.1274 Y104.5338 Z11.8800 E0.02143 F600
G1 X100.2106 Y104.4902 Z12.0264 E0.01562 F600
G1 X100.2706 Y104.5074 Z12.0800 E0.00739 F600
G1 X100.2814 Y104.5688 Z12.0264 E0.00739 F600
G1 X100.2293 Y104.6470 Z11.8800 E0.01562 F600
G1 X100.1135 Y104.7061 Z11.6800 E0.02143 F600
G1 X99.9489 Y104.7096 Z11.4800 E0.02326 F600
G1 X99.7684 Y104.6342 Z11.3336 E0.02194 F600
G1 X99.6156 Y104.4824 Z11.2800 E0.01993 F600
G1 X99.5286 Y104.2854 Z11.3336 E0.01993 F600
G1 X99.5229 Y104.0898 Z11.4800 E0.02194 F600
G1 X99.5852 Y103.9374 Z11.6800 E0.02326 F600
G1 X99.6818 Y103.8504 Z11.8800 E0.02143 F600
G1 X99.7735 Y103.8298 Z12.0264 E0.01562 F600
G1 X99.8270 Y103.8620 Z12.0800 E0.00739 F600
G1 X99.8216 Y103.9241 Z12.0264 E0.00739 F600
G1 X99.7510 Y103.9862 Z11.8800 E0.01562 F600
G1 X99.6238 Y104.0132 Z11.6800 E0.02143 F600
G1 X99.4639 Y103.9741 Z11.4800 E0.02326 F600
G1 X99.3091 Y103.8545 Z11.3336 E0.02194 F600
G1 X99.2008 Y103.6683 Z11.2800 E0.01993 F600
G1 X99.1678 Y103.4555 Z11.3336 E0.01993 F600
G1 X99.2129 Y103.2651 Z11.4800 E0.02194 F600
G1 X99.3124 Y103.1340 Z11.6800 E0.02326 F600
G1 X99.4284 Y103.0750 Z11.8800 E0.02143 F600
G1 X99.5222 Y103.0788 Z12.0264 E0.01562 F600
G1 X99.5656 Y103.1237 Z12.0800 E0.00739 F600
G1 X99.5443 Y103.1824 Z12.0264 E0.00739 F600
G1 X99.4600 Y103.2241 Z11.8800 E0.01562 F600
G1 X99.3301 Y103.2173 Z11.6800 E0.02143 F600
G1 X99.1859 Y103.1380 Z11.4800 E0.02326 F600
G1 X99.0672 Y102.9824 Z11.3336 E0.02194 F600
G1 X99.0108 Y102.7746 Z11.2800 E0.01993 F600
G1 X99.0340 Y102.5605 Z11.3336 E0.01993 F600
G1 X99.1268 Y102.3883 Z11.4800 E0.02194 F600
G1 X99.2570 Y102.2874 Z11.6800 E0.02326 F600
G1 X99.3842 Y102.2604 Z11.8800 E0.02143 F600
G1 X99.4739 Y102.2884 Z12.0264 E0.01562 F600
G1 X99.5041 Y102.3430 Z12.0800 E0.00739 F600
G1 X99.4684 Y102.3941 Z12.0264 E0.00739 F600
G1 X99.3762 Y102.4126 Z11.8800 E0.01562 F600
G1 X99.2525 Y102.3724 Z11.6800 E0.02143 F600
G1 X99.1336 Y102.2585 Z11.4800 E0.02326 F600
G1 X99.0593 Y102.0775 Z11.3336 E0.02194 F600
G1 X99.0586 Y101.8622 Z11.2800 E0.01993 F600
G1 X99.1365 Y101.6614 Z11.3336 E0.01993 F600
G1 X99.2707 Y101.5190 Z11.4800 E0.02194 F600
G1 X99.4225 Y101.4553 Z11.6800 E0.02326 F600
G1 X99.5524 Y101.4621 Z11.8800 E0.02143 F600
G1 X99.6318 Y101.5124 Z12.0264 E0.01562 F600
G1 X99.6468 Y101.5729 Z12.0800 E0.00739 F600
G1 X99.5991 Y101.6131 Z12.0264 E0.00739 F600
G1 X99.5053 Y101.6071 Z11.8800 E0.01562 F600
G1 X99.3962 Y101.5362 Z11.6800 E0.02143 F600
G1 X99.3109 Y101.3955 Z11.4800 E0.02326 F600
G1 X99.2859 Y101.2014 Z11.3336 E0.02194 F600
G1 X99.3410 Y100.9932 Z11.2800 E0.01993 F600
G1 X99.4681 Y100.8194 Z11.3336 E0.01993 F600
G1 X99.6346 Y100.7167 Z11.4800 E0.02194 F600
G1 X99.7977 Y100.6944 Z11.6800 E0.02326 F600
G1 X99.9214 Y100.7346 Z11.8800 E0.02143 F600
G1 X99.9851 Y100.8037 Z12.0264 E0.01562 F600
G1 X99.9840 Y100.8661 Z12.0800 E0.00739 F600
G1 X99.9275 Y100.8925 Z12.0264 E0.00739 F600
G1 X99.8384 Y100.8624 Z11.8800 E0.01562 F600
G1 X99.7514 Y100.7658 Z11.6800 E0.02143 F600
G1 X99.7054 Y100.6077 Z11.4800 E0.02326 F600
G1 X99.7315 Y100.4138 Z11.3336 E0.02194 F600
G1 X99.8386 Y100.2269 Z11.2800 E0.01993 F600
G1 X100.0064 Y100.0920 Z11.3336 E0.01993 F600
G1 X100.1938 Y100.0358 Z11.4800 E0.02194 F600
G1 X100.3571 Y100.0565 Z11.6800 E0.02326 F600
G1 X100.4662 Y100.1274 Z11.8800 E0.02143 F600
G1 X100.5098 Y100.2106 Z12.0264 E0.01562 F600
G1 X100.4926 Y100.2706 Z12.0800 E0.00739 F600
; row 23/38
G1 X100.7384 Y100.0304 Z12.5264 E0.05059 F600
G1 X100.6677 Y99.9685 Z12.3800 E0.01562 F600
G1 X100.6243 Y99.8459 Z12.1800 E0.02143 F600
G1 X100.6423 Y99.6823 Z11.9800 E0.02326 F600
G1 X100.7406 Y99.5132 Z11.8336 E0.02194 F600
G1 X100.9110 Y99.3815 Z11.7800 E0.01993 F600
G1 X101.1177 Y99.3210 Z11.8336 E0.01993 F600
G1 X101.3124 Y99.3409 Z11.9800 E0.02194 F600
G1 X101.4553 Y99.4225 Z12.1800 E0.02326 F600
G1 X101.5290 Y99.5297 Z12.3800 E0.02143 F600
G1 X101.5375 Y99.6233 Z12.5264 E0.01562 F600
G1 X101.4986 Y99.6721 Z12.5800 E0.00739 F600
G1 X101.4376 Y99.6586 Z12.5264 E0.00739 F600
G1 X101.3853 Y99.5806 Z12.3800 E0.01562 F600
G1 X101.3751 Y99.4509 Z12.1800 E0.02143 F600
G1 X101.4348 Y99.2975 Z11.9800 E0.02326 F600
G1 X101.5736 Y99.1596 Z11.8336 E0.02194 F600
G1 X101.7723 Y99.0765 Z11.7800 E0.01993 F600
G1 X101.9876 Y99.0716 Z11.8336 E0.01993 F600
G1 X102.1705 Y99.1411 Z11.9800 E0.02194 F600
G1 X102.2874 Y99.2570 Z12.1800 E0.02326 F600
G1 X102.3308 Y99.3796 Z12.3800 E0.02143 F600
G1 X102.3148 Y99.4722 Z12.5264 E0.01562 F600
G1 X102.2646 Y99.5092 Z12.5800 E0.00739 F600
G1 X102.2093 Y99.4805 Z12.5264 E0.00739 F600
G1 X102.1789 Y99.3915 Z12.3800 E0.01562 F600
G1 X102.2026 Y99.2636 Z12.1800 E0.02143 F600
G1 X102.3000 Y99.1309 Z11.9800 E0.02326 F600
G1 X102.4697 Y99.0336 Z11.8336 E0.02194 F600
G1 X102.6832 Y99.0048 Z11.7800 E0.01993 F600
G1 X102.8924 Y99.0558 Z11.8336 E0.01993 F600
G1 X103.0511 Y99.1703 Z11.9800 E0.02194 F600
G1 X103.1340 Y99.3124 Z12.1800 E0.02326 F600
G1 X103.1442 Y99.4421 Z12.3800 E0.02143 F600
G1 X103.1048 Y99.5274 Z12.5264 E0.01562 F600
G1 X103.0467 Y99.5502 Z12.5800 E0.00739 F600
G1 X103.0007 Y99.5081 Z12.5264 E0.00739 F600
G1 X102.9944 Y99.4144 Z12.3800 E0.01562 F600
G1 X103.0504 Y99.2969 Z12.1800 E0.02143 F600
G1 X103.1788 Y99.1940 Z11.9800 E0.02326 F600
G1 X103.3679 Y99.1439 Z11.8336 E0.02194 F600
G1 X103.5816 Y99.1713 Z11.7800 E0.01993 F600
G1 X103.7705 Y99.2747 Z11.8336 E0.01993 F600
G1 X103.8941 Y99.4264 Z11.9800 E0.02194 F600
G1 X103.9374 Y99.5852 Z12.1800 E0.02326 F600
G1 X103.9137 Y99.7131 Z12.3800 E0.02143 F600
G1 X103.8535 Y99.7852 Z12.5264 E0.01562 F600
G1 X103.7915 Y99.7922 Z12.5800 E0.00739 F600
G1 X103.7580 Y99.7396 Z12.5264 E0.00739 F600
G1 X103.7762 Y99.6475 Z12.3800 E0.01562 F600
G1 X103.8606 Y99.5485 Z12.1800 E0.02143 F600
G1 X104.0113 Y99.4823 Z11.9800 E0.02326 F600
G1 X104.2070 Y99.4829 Z11.8336 E0.02194 F600
G1 X104.4062 Y99.5647 Z11.7800 E0.01993 F600
G1 X104.5620 Y99.7134 Z11.8336 E0.01993 F600
G1 X104.6421 Y99.8919 Z11.9800 E0.02194 F600
G1 X104.6429 Y100.0565 Z12.1800 E0.02326 F600
G1 X104.5869 Y100.1739 Z12.3800 E0.02143 F600
G1 X104.5101 Y100.2280 Z12.5264 E0.01562 F600
G1 X104.4483 Y100.2188 Z12.5800 E0.00739 F600
G1 X104.4295 Y100.1593 Z12.5264 E0.00739 F600
G1 X104.4710 Y100.0750 Z12.3800 E0.01562 F600
G1 X104.5782 Y100.0013 Z12.1800 E0.02143 F600
G1 X104.7409 Y99.9763 Z11.9800 E0.02326 F600
G1 X104.9297 Y100.0275 Z11.8336 E0.02194 F600
G1 X105.1010 Y100.1580 Z11.7800 E0.01993 F600
G1 X105.2129 Y100.3420 Z11.8336 E0.01993 F600
G1 X105.2441 Y100.5352 Z11.9800 E0.02194 F600
G1 X105.2023 Y100.6944 Z12.1800 E0.02326 F600
G1 X105.1178 Y100.7933 Z12.3800 E0.02143 F600
G1 X105.0296 Y100.8257 Z12.5264 E0.01562 F600
G1 X104.9724 Y100.8008 Z12.5800 E0.00739 F600
G1 X104.9696 Y100.7384 Z12.5264 E0.00739 F600
G1 X105.0315 Y100.6677 Z12.3800 E0.01562 F600
G1 X105.1541 Y100.6243 Z12.1800 E0.02143 F600
G1 X105.3177 Y100.6423 Z11.9800 E0.02326 F600
G1 X105.4868 Y100.7406 Z11.8336 E0.02194 F600
G1 X105.6185 Y100.9110 Z11.7800 E0.01993 F600
G1 X105.6790 Y101.1177 Z11.8336 E0.01993 F600
G1 X105.6591 Y101.3124 Z11.9800 E0.02194 F600
G1 X105.5775 Y101.4553 Z12.1800 E0.02326 F600
G1 X105.4703 Y101.5290 Z12.3800 E0.02143 F600
G1 X105.3767 Y101.5375 Z12.5264 E0.01562 F600
G1 X105.3279 Y101.4986 Z12.5800 E0.00739 F600
G1 X105.3414 Y101.4376 Z12.5264 E0.00739 F600
G1 X105.4194 Y101.3853 Z12.3800 E0.01562 F600
G1 X105.5491 Y101.3751 Z12.1800 E0.02143 F600
G1 X105.7025 Y101.4348 Z11.9800 E0.02326 F600
G1 X105.8404 Y101.5736 Z11.8336 E0.02194 F600
G1 X105.9235 Y101.7723 Z11.7800 E0.01993 F600
G1 X105.9284 Y101.9876 Z11.8336 E0.01993 F600
G1 X105.8589 Y102.1705 Z11.9800 E0.02194 F600
G1 X105.7430 Y102.2874 Z12.1800 E0.02326 F600
G1 X105.6204 Y102.3308 Z12.3800 E0.02143 F600
G1 X105.5278 Y102.3148 Z12.5264 E0.01562 F600
G1 X105.4908 Y102.2646 Z12.5800 E0.00739 F600
G1 X105.5195 Y102.2093 Z12.5264 E0.00739 F600
G1 X105.6085 Y102.1789 Z12.3800 E0.01562 F600
G1 X105.7364 Y102.2026 Z12.1800 E0.02143 F600
G1 X105.8691 Y102.3000 Z11.9800 E0.02326 F600
G1 X105.9664 Y102.4697 Z11.8336 E0.02194 F600
G1 X105.9952 Y102.6832 Z11.7800 E0.01993 F600
G1 X105.9442 Y102.8924 Z11.8336 E0.01993 F600
G1 X105.8297 Y103.0511 Z11.9800 E0.02194 F600
G1 X105.6876 Y103.1340 Z12.1800 E0.02326 F600
G1 X105.5579 Y103.1442 Z12.3800 E0.02143 F600
G1 X105.4726 Y103.1048 Z12.5264 E0.01562 F600
G1 X105.4498 Y103.0467 Z12.5800 E0.00739 F600
G1 X105.4919 Y103.0007 Z12.5264 E0.00739 F600
G1 X105.5856 Y102.9944 Z12.3800 E0.01562 F600
G1 X105.7031 Y103.0504 Z12.1800 E0.02143 F600
G1 X105.8060 Y103.1788 Z11.9800 E0.02326 F600
G1 X105.8561 Y103.3679 Z11.8336 E0.02194 F600
G1 X105.8287 Y103.5816 Z11.7800 E0.01993 F600
G1 X105.7253 Y103.7705 Z11.8336 E0.01993 F600
G1 X105.5736 Y103.8941 Z11.9800 E0.02194 F600
G1 X105.4148 Y103.9374 Z12.1800 E0.02326 F600
G1 X105.2869 Y103.9137 Z12.3800 E0.02143 F600
G1 X105.2148 Y103.8535 Z12.5264 E0.01562 F600
G1 X105.2078 Y103.7915 Z12.5800 E0.00739 F600
G1 X105.2604 Y103.7580 Z12.5264 E0.00739 F600
G1 X105.3525 Y103.7762 Z12.3800 E0.01562 F600
G1 X105.4515 Y103.8606 Z12.1800 E0.02143 F600
G1 X105.5177 Y104.0113 Z11.9800 E0.02326 F600
G1 X105.5171 Y104.2070 Z11.8336 E0.02194 F600
G1 X105.4353 Y104.4062 Z11.7800 E0.01993 F600
G1 X105.2866 Y104.5620 Z11.8336 E0.01993 F600
G1 X105.1081 Y104.6421 Z11.9800 E0.02194 F600
G1 X104.9435 Y104.6429 Z12.1800 E0.02326 F600
G1 X104.8261 Y104.5869 Z12.3800 E0.02143 F600
G1 X104.7720 Y104.5101 Z12.5264 E0.01562 F600
G1 X104.7812 Y104.4483 Z12.5800 E0.00739 F600
G1 X104.8407 Y104.4295 Z12.5264 E0.00739 F600
G1 X104.9250 Y104.4710 Z12.3800 E0.01562 F600
G1 X104.9987 Y104.5782 Z12.1800 E0.02143 F600
G1 X105.0237 Y104.7409 Z11.9800 E0.02326 F600
G1 X104.9725 Y104.9297 Z11.8336 E0.02194 F600
G1 X104.8420 Y105.1010 Z11.7800 E0.01993 F600
G1 X104.6580 Y105.2129 Z11.8336 E0.01993 F600
G1 X104.4648 Y105.2441 Z11.9800 E0.02194 F600
G1 X104.3056 Y105.2023 Z12.1800 E0.02326 F600
G1 X104.2067 Y105.1178 Z12.3800 E0.02143 F600
G1 X104.1743 Y105.0296 Z12.5264 E0.01562 F600
G1 X104.1992 Y104.9724 Z12.5800 E0.00739 F600
G1 X104.2616 Y104.9696 Z12.5264 E0.00739 F600
G1 X104.3323 Y105.0315 Z12.3800 E0.01562 F600
G1 X104.3757 Y105.1541 Z12.1800 E0.02143 F600
G1 X104.3577 Y105.3177 Z11.9800 E0.02326 F600
G1 X104.2594 Y105.4868 Z11.8336 E0.02194 F600
G1 X104.0890 Y105.6185 Z11.7800 E0.01993 F600
G1 X103.8823 Y105.6790 Z11.8336 E0.01993 F600
G1 X103.6876 Y105.6591 Z11.9800 E0.02194 F600
G1 X103.5447 Y105.5775 Z12.1800 E0.02326 F600
G1 X103.4710 Y105.4703 Z12.3800 E0.02143 F600
G1 X103.4625 Y105.3767 Z12.5264 E0.01562 F600
G1 X103.5014 Y105.3279 Z12.5800 E0.00739 F600
G1 X103.5624 Y105.3414 Z12.5264 E0.00739 F600
G1 X103.6147 Y105.4194 Z12.3800 E0.01562 F600
G1 X103.6249 Y105.5491 Z12.1800 E0.02143 F600
G1 X103.5652 Y105.7025 Z11.9800 E0.02326 F600
G1 X103.4264 Y105.8404 Z11.8336 E0.02194 F600
G1 X103.2277 Y105.9235 Z11.7800 E0.01993 F600
G1 X103.0124 Y105.9284 Z11.8336 E0.01993 F600
G1 X102.8295 Y105.8589 Z11.9800 E0.02194 F600
G1 X102.7126 Y105.7430 Z12.1800 E0.02326 F600
G1 X102.6692 Y105.6204 Z12.3800 E0.02143 F600
G1 X102.6852 Y105.5278 Z12.5264 E0.01562 F600
G1 X102.7354 Y105.4908 Z12.5800 E0.00739 F600
G1 X102.7907 Y105.5195 Z12.5264 E0.00739 F600
G1 X102.8211 Y105.6085 Z12.3800 E0.01562 F600
G1 X102.7974 Y105.7364 Z12.1800 E0.02143 F600
G1 X102.7000 Y105.8691 Z11.9800 E0.02326 F600
G1 X102.5303 Y105.9664 Z11.8336 E0.02194 F600
G1 X102.3168 Y105.9952 Z11.7800 E0.01993 F600
G1 X102.1076 Y105.9442 Z11.8336 E0.01993 F600
G1 X101.9489 Y105.8297 Z11.9800 E0.02194 F600
G1 X101.8660 Y105.6876 Z12.1800 E0.02326 F600
G1 X101.8558 Y105.5579 Z12.3800 E0.02143 F600
G1 X101.8952 Y105.4726 Z12.5264 E0.01562 F600
G1 X101.9533 Y105.4498 Z12.5800 E0.00739 F600
G1 X101.9993 Y105.4919 Z12.5264 E0.00739 F600
G1 X102.0056 Y105.5856 Z12.3800 E0.01562 F600
G1 X101.9496 Y105.7031 Z12.1800 E0.02143 F600
G1 X101.8212 Y105.8060 Z11.9800 E0.02326 F600
G1 X101.6321 Y105.8561 Z11.8336 E0.02194 F600
G1 X101.4184 Y105.8287 Z11.7800 E0.01993 F600
G1 X101.2295 Y105.7253 Z11.8336 E0.01993 F600
G1 X101.1059 Y105.5736 Z11.9800 E0.02194 F600
G1 X101.0626 Y105.4148 Z12.1800 E0.02326 F600
G1 X101.0863 Y105.2869 Z12.3800 E0.02143 F600
G1 X101.1465 Y105.2148 Z12.5264 E0.01562 F600
G1 X101.2085 Y105.2078 Z12.5800 E0.00739 F600
G1 X101.2420 Y105.2604 Z12.5264 E0.00739 F600
G1 X101.2238 Y105.3525 Z12.3800 E0.01562 F600
G1 X101.1394 Y105.4515 Z12.1800 E0.02143 F600
G1 X100.9887 Y105.5177 Z11.9800 E0.02326 F600
G1 X100.7930 Y105.5171 Z11.8336 E0.02194 F600
G1 X100.5938 Y105.4353 Z11.7800 E0.01993 F600
G1 X100.4380 Y105.2866 Z11.8336 E0.01993 F600
G1 X100.3579 Y105.1081 Z11.9800 E0.02194 F600
G1 X100.3571 Y104.9435 Z12.1800 E0.02326 F600
G1 X100.4131 Y104.8261 Z12.3800 E0.02143 F600
G1 X100.4899 Y104.7720 Z12.5264 E0.01562 F600
G1 X100.5517 Y104.7812 Z12.5800 E0.00739 F600
G1 X100.5705 Y104.8407 Z12.5264 E0.00739 F600
G1 X100.5290 Y104.9250 Z12.3800 E0.01562 F600
G1 X100.4218 Y104.9987 Z12.1800 E0.02143 F600
G1 X100.2591 Y105.0237 Z11.9800 E0.02326 F600
G1 X100.0703 Y104.9725 Z11.8336 E0.02194 F600
G1 X99.8990 Y104.8420 Z11.7800 E0.01993 F600
G1 X99.7871 Y104.6580 Z11.8336 E0.01993 F600
G1 X99.7559 Y104.4648 Z11.9800 E0.02194 F600
G1 X99.7977 Y104.3056 Z12.1800 E0.02326 F600
G1 X99.8822 Y104.2067 Z12.3800 E0.02143 F600
G1 X99.9704 Y104.1743 Z12.5264 E0.01562 F600
G1 X100.0276 Y104.1992 Z12.5800 E0.00739 F600
G1 X100.0304 Y104.2616 Z12.5264 E0.00739 F600
G1 X99.9685 Y104.3323 Z12.3800 E0.01562 F600
G1 X99.8459 Y104.3757 Z12.1800 E0.02143 F600
G1 X99.6823 Y104.3577 Z11.9800 E0.02326 F600
G1 X99.5132 Y104.2594 Z11.8336 E0.02194 F600
G1 X99.3815 Y104.0890 Z11.7800 E0.01993 F600
G1 X99.3210 Y103.8823 Z11.8336 E0.01993 F600
G1 X99.3409 Y103.6876 Z11.9800 E0.02194 F600
G1 X99.4225 Y103.5447 Z12.1800 E0.02326 F600
G1 X99.5297 Y103.4710 Z12.3800 E0.02143 F600
G1 X99.6233 Y103.4625 Z12.5264 E0.01562 F600
G1 X99.6721 Y103.5014 Z12.5800 E0.00739 F600
G1 X99.6586 Y103.5624 Z12.5264 E0.00739 F600
G1 X99.5806 Y103.6147 Z12.3800 E0.01562 F600
G1 X99.4509 Y103.6249 Z12.1800 E0.02143 F600
G1 X99.2975 Y103.5652 Z11.9800 E0.02326 F600
G1 X99.1596 Y103.4264 Z11.8336 E0.02194 F600
G1 X99.0765 Y103.2277 Z11.7800 E0.01993 F600
G1 X99.0716 Y103.0124 Z11.8336 E0.01993 F600
G1 X99.1411 Y102.8295 Z11.9800 E0.02194 F600
G1 X99.2570 Y102.7126 Z12.1800 E0.02326 F600
G1 X99.3796 Y102.6692 Z12.3800 E0.02143 F600
G1 X99.4722 Y102.6852 Z12.5264 E0.01562 F600
G1 X99.5092 Y102.7354 Z12.5800 E0.00739 F600
G1 X99.4805 Y102.7907 Z12.5264 E0.00739 F600
G1 X99.3915 Y102.8211 Z12.3800 E0.01562 F600
G1 X99.2636 Y102.7974 Z12.1800 E0.02143 F600
G1 X99.1309 Y102.7000 Z11.9800 E0.02326 F600
G1 X99.0336 Y102.5303 Z11.8336 E0.02194 F600
G1 X99.0048 Y102.3168 Z11.7800 E0.01993 F600
G1 X99.0558 Y102.1076 Z11.8336 E0.01993 F600
G1 X99.1703 Y101.9489 Z11.9800 E0.02194 F600
G1 X99.3124 Y101.8660 Z12.1800 E0.02326 F600
G1 X99.4421 Y101.8558 Z12.3800 E0.02143 F600
G1 X99.5274 Y101.8952 Z12.5264 E0.01562 F600
G1 X99.5502 Y101.9533 Z12.5800 E0.00739 F600
G1 X99.5081 Y101.9993 Z12.5264 E0.00739 F600
G1 X99.4144 Y102.0056 Z12.3800 E0.01562 F600
G1 X99.2969 Y101.9496 Z12.1800 E0.02143 F600
G1 X99.1940 Y101.8212 Z11.9800 E0.02326 F600
G1 X99.1439 Y101.6321 Z11.8336 E0.02194 F600
G1 X99.1713 Y101.4184 Z11.7800 E0.01993 F600
G1 X99.2747 Y101.2295 Z11.8336 E0.01993 F600
G1 X99.4264 Y101.1059 Z11.9800 E0.02194 F600
G1 X99.5852 Y101.0626 Z12.1800 E0.02326 F600
G1 X99.7131 Y101.0863 Z12.3800 E0.02143 F600
G1 X99.7852 Y101.1465 Z12.5264 E0.01562 F600
G1 X99.7922 Y101.2085 Z12.5800 E0.00739 F600
G1 X99.7396 Y101.2420 Z12.5264 E0.00739 F600
G1 X99.6475 Y101.2238 Z12.3800 E0.01562 F600
G1 X99.5485 Y101.1394 Z12.1800 E0.02143 F600
G1 X99.4823 Y100.9887 Z11.9800 E0.02326 F600
G1 X99.4829 Y100.7930 Z11.8336 E0.02194 F600
G1 X99.5647 Y100.5938 Z11.7800 E0.01993 F600
G1 X99.7134 Y100.4380 Z11.8336 E0.01993 F600
G1 X99.8919 Y100.3579 Z11.9800 E0.02194 F600
G1 X100.0565 Y100.3571 Z12.1800 E0.02326 F600
G1 X100.1739 Y100.4131 Z12.3800 E0.02143 F600
G1 X100.2280 Y100.4899 Z12.5264 E0.01562 F600
G1 X100.2188 Y100.5517 Z12.5800 E0.00739 F600
G1 X100.1593 Y100.5705 Z12.5264 E0.00739 F600
G1 X100.0750 Y100.5290 Z12.3800 E0.01562 F600
G1 X100.0013 Y100.4218 Z12.1800 E0.02143 F600
G1 X99.9763 Y100.2591 Z11.9800 E0.02326 F600
G1 X100.0275 Y100.0703 Z11.8336 E0.02194 F600
G1 X100.1580 Y99.8990 Z11.7800 E0.01993 F600
G1 X100.3420 Y99.7871 Z11.8336 E0.01993 F600
G1 X100.5352 Y99.7559 Z11.9800 E0.02194 F600
G1 X100.6944 Y99.7977 Z12.1800 E0.02326 F600
G1 X100.7933 Y99.8822 Z12.3800 E0.02143 F600
G1 X100.8257 Y99.9704 Z12.5264 E0.01562 F600
G1 X100.8008 Y100.0276 Z12.5800 E0.00739 F600
; row 24/38
G1 X100.4312 Y100.2814 Z13.0264 E0.05682 F600
G1 X100.3530 Y100.2293 Z12.8800 E0.01562 F600
G1 X100.2939 Y100.1135 Z12.6800 E0.02143 F600
G1 X100.2904 Y99.9489 Z12.4800 E0.02326 F600
G1 X100.3658 Y99.7684 Z12.3336 E0.02194 F600
G1 X100.5176 Y99.6156 Z12.2800 E0.01993 F600
G1 X100.7146 Y99.5286 Z12.3336 E0.01993 F600
G1 X100.9102 Y99.5229 Z12.4800 E0.02194 F600
G1 X101.0626 Y99.5852 Z12.6800 E0.02326 F600
G1 X101.1496 Y99.6818 Z12.8800 E0.02143 F600
G1 X101.1702 Y99.7735 Z13.0264 E0.01562 F600
G1 X101.1380 Y99.8270 Z13.0800 E0.00739 F600
G1 X101.0759 Y99.8216 Z13.0264 E0.00739 F600
G1 X101.0138 Y99.7510 Z12.8800 E0.01562 F600
G1 X100.9868 Y99.6238 Z12.6800 E0.02143 F600
G1 X101.0259 Y99.4639 Z12.4800 E0.02326 F600
G1 X101.1455 Y99.3091 Z12.3336 E0.02194 F600
G1 X101.3317 Y99.2008 Z12.2800 E0.01993 F600
G1 X101.5445 Y99.1678 Z12.3336 E0.01993 F600
G1 X101.7349 Y99.2129 Z12.4800 E0.02194 F600
G1 X101.8660 Y99.3124 Z12.6800 E0.02326 F600
G1 X101.9250 Y99.4284 Z12.8800 E0.02143 F600
G1 X101.9212 Y99.5222 Z13.0264 E0.01562 F600
G1 X101.8763 Y99.5656 Z13.0800 E0.00739 F600
G1 X101.8176 Y99.5443 Z13.0264 E0.00739 F600
G1 X101.7759 Y99.4600 Z12.8800 E0.01562 F600
G1 X101.7827 Y99.3301 Z12.6800 E0.02143 F600
G1 X101.8620 Y99.1859 Z12.4800 E0.02326 F600
G1 X102.0176 Y99.0672 Z12.3336 E0.02194 F600
G1 X102.2254 Y99.0108 Z12.2800 E0.01993 F600
G1 X102.4395 Y99.0340 Z12.3336 E0.01993 F600
G1 X102.6117 Y99.1268 Z12.4800 E0.02194 F600
G1 X102.7126 Y99.2570 Z12.6800 E0.02326 F600
G1 X102.7396 Y99.3842 Z12.8800 E0.02143 F600
G1 X102.7116 Y99.4739 Z13.0264 E0.01562 F600
G1 X102.6570 Y99.5041 Z13.0800 E0.00739 F600
G1 X102.6059 Y99.4684 Z13.0264 E0.00739 F600
G1 X102.5874 Y99.3762 Z12.8800 E0.01562 F600
G1 X102.6276 Y99.2525 Z12.6800 E0.02143 F600
G1 X102.7415 Y99.1336 Z12.4800 E0.02326 F600
G1 X102.9225 Y99.0593 Z12.3336 E0.02194 F600
G1 X103.1378 Y99.0586 Z12.2800 E0.01993 F600
G1 X103.3386 Y99.1365 Z12.3336 E0.01993 F600
G1 X103.4810 Y99.2707 Z12.4800 E0.02194 F600
G1 X103.5447 Y99.4225 Z12.6800 E0.02326 F600
G1 X103.5379 Y99.5524 Z12.8800 E0.02143 F600
G1 X103.4876 Y99.6318 Z13.0264 E0.01562 F600
G1 X103.4271 Y99.6468 Z13.0800 E0.00739 F600
G1 X103.3869 Y99.5991 Z13.0264 E0.00739 F600
G1 X103.3929 Y99.5053 Z12.8800 E0.01562 F600
G1 X103.4638 Y99.3962 Z12.6800 E0.02143 F600
G1 X103.6045 Y99.3109 Z12.4800 E0.02326 F600
G1 X103.7986 Y99.2859 Z12.3336 E0.02194 F600
G1 X104.0068 Y99.3410 Z12.2800 E0.01993 F600
G1 X104.1806 Y99.4681 Z12.3336 E0.01993 F600
G1 X104.2833 Y99.6346 Z12.4800 E0.02194 F600
G1 X104.3056 Y99.7977 Z12.6800 E0.02326 F600
G1 X104.2654 Y99.9214 Z12.8800 E0.02143 F600
G1 X104.1963 Y99.9851 Z13.0264 E0.01562 F600
G1 X104.1339 Y99.9840 Z13.0800 E0.00739 F600
G1 X104.1075 Y99.9275 Z13.0264 E0.00739 F600
G1 X104.1376 Y99.8384 Z12.8800 E0.01562 F600
G1 X104.2342 Y99.7514 Z12.6800 E0.02143 F600
G1 X104.3923 Y99.7054 Z12.4800 E0.02326 F600
G1 X104.5862 Y99.7315 Z12.3336 E0.02194 F600
G1 X104.7731 Y99.8386 Z12.2800 E0.01993 F600
G1 X104.9080 Y100.0064 Z12.3336 E0.01993 F600
G1 X104.9642 Y100.1938 Z12.4800 E0.02194 F600
G1 X104.9435 Y100.3571 Z12.6800 E0.02326 F600
G1 X104.8726 Y100.4662 Z12.8800 E0.02143 F600
G1 X104.7894 Y100.5098 Z13.0264 E0.01562 F600
G1 X104.7294 Y100.4926 Z13.0800 E0.00739 F600
G1 X104.7186 Y100.4312 Z13.0264 E0.00739 F600
G1 X104.7707 Y100.3530 Z12.8800 E0.01562 F600
G1 X104.8865 Y100.2939 Z12.6800 E0.02143 F600
G1 X105.0511 Y100.2904 Z12.4800 E0.02326 F600
G1 X105.2316 Y100.3658 Z12.3336 E0.02194 F600
G1 X105.3844 Y100.5176 Z12.2800 E0.01993 F600
G1 X105.4714 Y100.7146 Z12.3336 E0.01993 F600
G1 X105.4771 Y100.9102 Z12.4800 E0.02194 F600
G1 X105.4148 Y101.0626 Z12.6800 E0.02326 F600
G1 X105.3182 Y101.1496 Z12.8800 E0.02143 F600
G1 X105.2265 Y101.1702 Z13.0264 E0.01562 F600
G1 X105.1730 Y101.1380 Z13.0800 E0.00739 F600
G1 X105.1784 Y101.0759 Z13.0264 E0.00739 F600
G1 X105.2490 Y101.0138 Z12.8800 E0.01562 F600
G1 X105.3762 Y100.9868 Z12.6800 E0.02143 F600
G1 X105.5361 Y101.0259 Z12.4800 E0.02326 F600
G1 X105.6909 Y101.1455 Z12.3336 E0.02194 F600
G1 X105.7992 Y101.3317 Z12.2800 E0.01993 F600
G1 X105.8322 Y101.5445 Z12.3336 E0.01993 F600
G1 X105.7871 Y101.7349 Z12.4800 E0.02194 F600
G1 X105.6876 Y101.8660 Z12.6800 E0.02326 F600
G1 X105.5716 Y101.9250 Z12.8800 E0.02143 F600
G1 X105.4778 Y101.9212 Z13.0264 E0.01562 F600
G1 X105.4344 Y101.8763 Z13.0800 E0.00739 F600
G1 X105.4557 Y101.8176 Z13.0264 E0.00739 F600
G1 X105.5400 Y101.7759 Z12.8800 E0.01562 F600
G1 X105.6699 Y101.7827 Z12.6800 E0.02143 F600
G1 X105.8141 Y101.8620 Z12.4800 E0.02326 F600
G1 X105.9328 Y102.0176 Z12.3336 E0.02194 F600
G1 X105.9892 Y102.2254 Z12.2800 E0.01993 F600
G1 X105.9660 Y102.4395 Z12.3336 E0.01993 F600
G1 X105.8732 Y102.6117 Z12.4800 E0.02194 F600
G1 X105.7430 Y102.7126 Z12.6800 E0.02326 F600
G1 X105.6158 Y102.7396 Z12.8800 E0.02143 F600
G1 X105.5261 Y102.7116 Z13.0264 E0.01562 F600
G1 X105.4959 Y102.6570 Z13.0800 E0.00739 F600
G1 X105.5316 Y102.6059 Z13.0264 E0.00739 F600
G1 X105.6238 Y102.5874 Z12.8800 E0.01562 F600
G1 X105.7475 Y102.6276 Z12.6800 E0.02143 F600
G1 X105.8664 Y102.7415 Z12.4800 E0.02326 F600
G1 X105.9407 Y102.9225 Z12.3336 E0.02194 F600
G1 X105.9414 Y103.1378 Z12.2800 E0.01993 F600
G1 X105.8635 Y103.3386 Z12.3336 E0.01993 F600
G1 X105.7293 Y103.4810 Z12.4800 E0.02194 F600
G1 X105.5775 Y103.5447 Z12.6800 E0.02326 F600
G1 X105.4476 Y103.5379 Z12.8800 E0.02143 F600
G1 X105.3682 Y103.4876 Z13.0264 E0.01562 F600
G1 X105.3532 Y103.4271 Z13.0800 E0.00739 F600
G1 X105.4009 Y103.3869 Z13.0264 E0.00739 F600
G1 X105.4947 Y103.3929 Z12.8800 E0.01562 F600
G1 X105.6038 Y103.4638 Z12.6800 E0.02143 F600
G1 X105.6891 Y103.6045 Z12.4800 E0.02326 F600
G1 X105.7141 Y103.7986 Z12.3336 E0.02194 F600
G1 X105.6590 Y104.0068 Z12.2800 E0.01993 F600
G1 X105.5319 Y104.1806 Z12.3336 E0.01993 F600
G1 X105.3654 Y104.2833 Z12.4800 E0.02194 F600
G1 X105.2023 Y104.3056 Z12.6800 E0.02326 F600
G1 X105.0786 Y104.2654 Z12.8800 E0.02143 F600
G1 X105.0149 Y104.1963 Z13.0264 E0.01562 F600
G1 X105.0160 Y104.1339 Z13.0800 E0.00739 F600
G1 X105.0725 Y104.1075 Z13.0264 E0.00739 F600
G1 X105.1616 Y104.1376 Z12.8800 E0.01562 F600
G1 X105.2486 Y104.2342 Z12.6800 E0.02143 F600
G1 X105.2946 Y104.3923 Z12.4800 E0.02326 F600
G1 X105.2685 Y104.5862 Z12.3336 E0.02194 F600
G1 X105.1614 Y104.7731 Z12.2800 E0.01993 F600
G1 X104.9936 Y104.9080 Z12.3336 E0.01993 F600
G1 X104.8062 Y104.9642 Z12.4800 E0.02194 F600
G1 X104.6429 Y104.9435 Z12.6800 E0.02326 F600
G1 X104.5338 Y104.8726 Z12.8800 E0.02143 F600
G1 X104.4902 Y104.7894 Z13.0264 E0.01562 F600
G1 X104.5074 Y104.7294 Z13.0800 E0.00739 F600
G1 X104.5688 Y104.7186 Z13.0264 E0.00739 F600
G1 X104.6470 Y104.7707 Z12.8800 E0.01562 F600
G1 X104.7061 Y104.8865 Z12.6800 E0.02143 F600
G1 X104.7096 Y105.0511 Z12.4800 E0.02326 F600
G1 X104.6342 Y105.2316 Z12.3336 E0.02194 F600
G1 X104.4824 Y105.3844 Z12.2800 E0.01993 F600
G1 X104.2854 Y105.4714 Z12.3336 E0.01993 F600
G1 X104.0898 Y105.4771 Z12.4800 E0.02194 F600
G1 X103.9374 Y105.4148 Z12.6800 E0.02326 F600
G1 X103.8504 Y105.3182 Z12.8800 E0.02143 F600
G1 X103.8298 Y105.2265 Z13.0264 E0.01562 F600
G1 X103.8620 Y105.1730 Z13.0800 E0.00739 F600
G1 X103.9241 Y105.1784 Z13.0264 E0.00739 F600
G1 X103.9862 Y105.2490 Z12.8800 E0.01562 F600
G1 X104.0132 Y105.3762 Z12.6800 E0.02143 F600
G1 X103.9741 Y105.5361 Z12.4800 E0.02326 F600
G1 X103.8545 Y105.6909 Z12.3336 E0.02194 F600
G1 X103.6683 Y105.7992 Z12.2800 E0.01993 F600
G1 X103.4555 Y105.8322 Z12.3336 E0.01993 F600
G1 X103.2651 Y105.7871 Z12.4800 E0.02194 F600
G1 X103.1340 Y105.6876 Z12.6800 E0.02326 F600
G1 X103.0750 Y105.5716 Z12.8800 E0.02143 F600
G1 X103.0788 Y105.4778 Z13.0264 E0.01562 F600
G1 X103.1237 Y105.4344 Z13.0800 E0.00739 F600
G1 X103.1824 Y105.4557 Z13.0264 E0.00739 F600
G1 X103.2241 Y105.5400 Z12.8800 E0.01562 F600
G1 X103.2173 Y105.6699 Z12.6800 E0.02143 F600
G1 X103.1380 Y105.8141 Z12.4800 E0.02326 F600
G1 X102.9824 Y105.9328 Z12.3336 E0.02194 F600
G1 X102.7746 Y105.9892 Z12.2800 E0.01993 F600
G1 X102.5605 Y105.9660 Z12.3336 E0.01993 F600
G1 X102.3883 Y105.8732 Z12.4800 E0.02194 F600
G1 X102.2874 Y105.7430 Z12.6800 E0.02326 F600
G1 X102.2604 Y105.6158 Z12.8800 E0.02143 F600
G1 X102.2884 Y105.5261 Z13.0264 E0.01562 F600
G1 X102.3430 Y105.4959 Z13.0800 E0.00739 F600
G1 X102.3941 Y105.5316 Z13.0264 E0.00739 F600
G1 X102.4126 Y105.6238 Z12.8800 E0.01562 F600
G1 X102.3724 Y105.7475 Z12.6800 E0.02143 F600
G1 X102.2585 Y105.8664 Z12.4800 E0.02326 F600
G1 X102.0775 Y105.9407 Z12.3336 E0.02194 F600
G1 X101.8622 Y105.9414 Z12.2800 E0.01993 F600
G1 X101.6614 Y105.8635 Z12.3336 E0.01993 F600
G1 X101.5190 Y105.7293 Z12.4800 E0.02194 F600
G1 X101.4553 Y105.5775 Z12.6800 E0.02326 F600
G1 X101.4621 Y105.4476 Z12.8800 E0.02143 F600
G1 X101.5124 Y105.3682 Z13.0264 E0.01562 F600
G1 X101.5729 Y105.3532 Z13.0800 E0.00739 F600
G1 X101.6131 Y105.4009 Z13.0264 E0.00739 F600
G1 X101.6071 Y105.4947 Z12.8800 E0.01562 F600
G1 X101.5362 Y105.6038 Z12.6800 E0.02143 F600
G1 X101.3955 Y105.6891 Z12.4800 E0.02326 F600
G1 X101.2014 Y105.7141 Z12.3336 E0.02194 F600
G1 X100.9932 Y105.6590 Z12.2800 E0.01993 F600
G1 X100.8194 Y105.5319 Z12.3336 E0.01993 F600
G1 X100.7167 Y105.3654 Z12.4800 E0.02194 F600
G1 X100.6944 Y105.2023 Z12.6800 E0.02326 F600
G1 X100.7346 Y105.0786 Z12.8800 E0.02143 F600
G1 X100.8037 Y105.0149 Z13.0264 E0.01562 F600
G1 X100.8661 Y105.0160 Z13.0800 E0.00739 F600
G1 X100.8925 Y105.0725 Z13.0264 E0.00739 F600
G1 X100.8624 Y105.1616 Z12.8800 E0.01562 F600
G1 X100.7658 Y105.2486 Z12.6800 E0.02143 F600
G1 X100.6077 Y105.2946 Z12.4800 E0.02326 F600
G1 X100.4138 Y105.2685 Z12.3336 E0.02194 F600
G1 X100.2269 Y105.1614 Z12.2800 E0.01993 F600
G1 X100.0920 Y104.9936 Z12.3336 E0.01993 F600
G1 X100.0358 Y104.8062 Z12.4800 E0.02194 F600
G1 X100.0565 Y104.6429 Z12.6800 E0.02326 F600
G1 X100.1274 Y104.5338 Z12.8800 E0.02143 F600
G1 X100.2106 Y104.4902 Z13.0264 E0.01562 F600
G1 X100.2706 Y104.5074 Z13.0800 E0.00739 F600
G1 X100.2814 Y104.5688 Z13.0264 E0.00739 F600
G1 X100.2293 Y104.6470 Z12.8800 E0.01562 F600
G1 X100.1135 Y104.7061 Z12.6800 E0.02143 F600
G1 X99.9489 Y104.7096 Z12.4800 E0.02326 F600
G1 X99.7684 Y104.6342 Z12.3336 E0.02194 F600
G1 X99.6156 Y104.4824 Z12.2800 E0.01993 F600
G1 X99.5286 Y104.2854 Z12.3336 E0.01993 F600
G1 X99.5229 Y104.0898 Z12.4800 E0.02194 F600
G1 X99.5852 Y103.9374 Z12.6800 E0.02326 F600
G1 X99.6818 Y103.8504 Z12.8800 E0.02143 F600
G1 X99.7735 Y103.8298 Z13.0264 E0.01562 F600
G1 X99.8270 Y103.8620 Z13.0800 E0.00739 F600
G1 X99.8216 Y103.9241 Z13.0264 E0.00739 F600
G1 X99.7510 Y103.9862 Z12.8800 E0.01562 F600
G1 X99.6238 Y104.0132 Z12.6800 E0.02143 F600
G1 X99.4639 Y103.9741 Z12.4800 E0.02326 F600
G1 X99.3091 Y103.8545 Z12.3336 E0.02194 F600
G1 X99.2008 Y103.6683 Z12.2800 E0.01993 F600
G1 X99.1678 Y103.4555 Z12.3336 E0.01993 F600
G1 X99.2129 Y103.2651 Z12.4800 E0.02194 F600
G1 X99.3124 Y103.1340 Z12.6800 E0.02326 F600
G1 X99.4284 Y103.0750 Z12.8800 E0.02143 F600
G1 X99.5222 Y103.0788 Z13.0264 E0.01562 F600
G1 X99.5656 Y103.1237 Z13.0800 E0.00739 F600
G1 X99.5443 Y103.1824 Z13.0264 E0.00739 F600
G1 X99.4600 Y103.2241 Z12.8800 E0.01562 F600
G1 X99.3301 Y103.2173 Z12.6800 E0.02143 F600
G1 X99.1859 Y103.1380 Z12.4800 E0.02326 F600
G1 X99.0672 Y102.9824 Z12.3336 E0.02194 F600
G1 X99.0108 Y102.7746 Z12.2800 E0.01993 F600
G1 X99.0340 Y102.5605 Z12.3336 E0.01993 F600
G1 X99.1268 Y102.3883 Z12.4800 E0.02194 F600
G1 X99.2570 Y102.2874 Z12.6800 E0.02326 F600
G1 X99.3842 Y102.2604 Z12.8800 E0.02143 F600
G1 X99.4739 Y102.2884 Z13.0264 E0.01562 F600
G1 X99.5041 Y102.3430 Z13.0800 E0.00739 F600
G1 X99.4684 Y102.3941 Z13.0264 E0.00739 F600
G1 X99.3762 Y102.4126 Z12.8800 E0.01562 F600
G1 X99.2525 Y102.3724 Z12.6800 E0.02143 F600
G1 X99.1336 Y102.2585 Z12.4800 E0.02326 F600
G1 X99.0593 Y102.0775 Z12.3336 E0.02194 F600
G1 X99.0586 Y101.8622 Z12.2800 E0.01993 F600
G1 X99.1365 Y101.6614 Z12.3336 E0.01993 F600
G1 X99.2707 Y101.5190 Z12.4800 E0.02194 F600
G1 X99.4225 Y101.4553 Z12.6800 E0.02326 F600
G1 X99.5524 Y101.4621 Z12.8800 E0.02143 F600
G1 X99.6318 Y101.5124 Z13.0264 E0.01562 F600
G1 X99.6468 Y101.5729 Z13.0800 E0.00739 F600
G1 X99.5991 Y101.6131 Z13.0264 E0.00739 F600
G1 X99.5053 Y101.6071 Z12.8800 E0.01562 F600
G1 X99.3962 Y101.5362 Z12.6800 E0.02143 F600
G1 X99.3109 Y101.3955 Z12.4800 E0.02326 F600
G1 X99.2859 Y101.2014 Z12.3336 E0.02194 F600
G1 X99.3410 Y100.9932 Z12.2800 E0.01993 F600
G1 X99.4681 Y100.8194 Z12.3336 E0.01993 F600
G1 X99.6346 Y100.7167 Z12.4800 E0.02194 F600
G1 X99.7977 Y100.6944 Z12.6800 E0.02326 F600
G1 X99.9214 Y100.7346 Z12.8800 E0.02143 F600
G1 X99.9851 Y100.8037 Z13.0264 E0.01562 F600
G1 X99.9840 Y100.8661 Z13.0800 E0.00739 F600
G1 X99.9275 Y100.8925 Z13.0264 E0.00739 F600
G1 X99.8384 Y100.8624 Z12.8800 E0.01562 F600
G1 X99.7514 Y100.7658 Z12.6800 E0.02143 F600
G1 X99.7054 Y100.6077 Z12.4800 E0.02326 F600
G1 X99.7315 Y100.4138 Z12.3336 E0.02194 F600
G1 X99.8386 Y100.2269 Z12.2800 E0.01993 F600
G1 X100.0064 Y100.0920 Z12.3336 E0.01993 F600
G1 X100.1938 Y100.0358 Z12.4800 E0.02194 F600
G1 X100.3571 Y100.0565 Z12.6800 E0.02326 F600
G1 X100.4662 Y100.1274 Z12.8800 E0.02143 F600
G1 X100.5098 Y100.2106 Z13.0264 E0.01562 F600
G1 X100.4926 Y100.2706 Z13.0800 E0.00739 F600
; row 25/38
G1 X100.7384 Y100.0304 Z13.5264 E0.05059 F600
G1 X100.6677 Y99.9685 Z13.3800 E0.01562 F600
G1 X100.6243 Y99.8459 Z13.1800 E0.02143 F600
G1 X100.6423 Y99.6823 Z12.9800 E0.02326 F600
G1 X100.7406 Y99.5132 Z12.8336 E0.02194 F600
G1 X100.9110 Y99.3815 Z12.7800 E0.01993 F600
G1 X101.1177 Y99.3210 Z12.8336 E0.01993 F600
G1 X101.3124 Y99.3409 Z12.9800 E0.02194 F600
G1 X101.4553 Y99.4225 Z13.1800 E0.02326 F600
G1 X101.5290 Y99.5297 Z13.3800 E0.02143 F600
G1 X101.5375 Y99.6233 Z13.5264 E0.01562 F600
G1 X101.4986 Y99.6721 Z13.5800 E0.00739 F600
G1 X101.4376 Y99.6586 Z13.5264 E0.00739 F600
G1 X101.3853 Y99.5806 Z13.3800 E0.01562 F600
G1 X101.3751 Y99.4509 Z13.1800 E0.02143 F600
G1 X101.4348 Y99.2975 Z12.9800 E0.02326 F600
G1 X101.5736 Y99.1596 Z12.8336 E0.02194 F600
G1 X101.7723 Y99.0765 Z12.7800 E0.01993 F600
G1 X101.9876 Y99.0716 Z12.8336 E0.01993 F600
G1 X102.1705 Y99.1411 Z12.9800 E0.02194 F600
G1 X102.2874 Y99.2570 Z13.1800 E0.02326 F600
G1 X102.3308 Y99.3796 Z13.3800 E0.02143 F600
G1 X102.3148 Y99.4722 Z13.5264 E0.01562 F600
G1 X102.2646 Y99.5092 Z13.5800 E0.00739 F600
G1 X102.2093 Y99.4805 Z13.5264 E0.00739 F600
G1 X102.1789 Y99.3915 Z13.3800 E0.01562 F600
G1 X102.2026 Y99.2636 Z13.1800 E0.02143 F600
G1 X102.3000 Y99.1309 Z12.9800 E0.02326 F600
G1 X102.4697 Y99.0336 Z12.8336 E0.02194 F600
G1 X102.6832 Y99.0048 Z12.7800 E0.01993 F600
G1 X102.8924 Y99.0558 Z12.8336 E0.01993 F600
G1 X103.0511 Y99.1703 Z12.9800 E0.02194 F600
G1 X103.1340 Y99.3124 Z13.1800 E0.02326 F600
G1 X103.1442 Y99.4421 Z13.3800 E0.02143 F600
G1 X103.1048 Y99.5274 Z13.5264 E0.01562 F600
G1 X103.0467 Y99.5502 Z13.5800 E0.00739 F600
G1 X103.0007 Y99.5081 Z13.5264 E0.00739 F600
G1 X102.9944 Y99.4144 Z13.3800 E0.01562 F600
G1 X103.0504 Y99.2969 Z13.1800 E0.02143 F600
G1 X103.1788 Y99.1940 Z12.9800 E0.02326 F600
G1 X103.3679 Y99.1439 Z12.8336 E0.02194 F600
G1 X103.5816 Y99.1713 Z12.7800 E0.01993 F600
G1 X103.7705 Y99.2747 Z12.8336 E0.01993 F600
G1 X103.8941 Y99.4264 Z12.9800 E0.02194 F600
G1 X103.9374 Y99.5852 Z13.1800 E0.02326 F600
G1 X103.9137 Y99.7131 Z13.3800 E0.02143 F600
G1 X103.8535 Y99.7852 Z13.5264 E0.01562 F600
G1 X103.7915 Y99.7922 Z13.5800 E0.00739 F600
G1 X103.7580 Y99.7396 Z13.5264 E0.00739 F600
G1 X103.7762 Y99.6475 Z13.3800 E0.01562 F600
G1 X103.8606 Y99.5485 Z13.1800 E0.02143 F600
G1 X104.0113 Y99.4823 Z12.9800 E0.02326 F600
G1 X104.2070 Y99.4829 Z12.8336 E0.02194 F600
G1 X104.4062 Y99.5647 Z12.7800 E0.01993 F600
G1 X104.5620 Y99.7134 Z12.8336 E0.01993 F600
G1 X104.6421 Y99.8919 Z12.9800 E0.02194 F600
G1 X104.6429 Y100.0565 Z13.1800 E0.02326 F600
G1 X104.5869 Y100.1739 Z13.3800 E0.02143 F600
G1 X104.5101 Y100.2280 Z13.5264 E0.01562 F600
G1 X104.4483 Y100.2188 Z13.5800 E0.00739 F600
G1 X104.4295 Y100.1593 Z13.5264 E0.00739 F600
G1 X104.4710 Y100.0750 Z13.3800 E0.01562 F600
G1 X104.5782 Y100.0013 Z13.1800 E0.02143 F600
G1 X104.7409 Y99.9763 Z12.9800 E0.02326 F600
G1 X104.9297 Y100.0275 Z12.8336 E0.02194 F600
G1 X105.1010 Y100.1580 Z12.7800 E0.01993 F600
G1 X105.2129 Y100.3420 Z12.8336 E0.01993 F600
G1 X105.2441 Y100.5352 Z12.9800 E0.02194 F600
G1 X105.2023 Y100.6944 Z13.1800 E0.02326 F600
G1 X105.1178 Y100.7933 Z13.3800 E0.02143 F600
G1 X105.0296 Y100.8257 Z13.5264 E0.01562 F600
G1 X104.9724 Y100.8008 Z13.5800 E0.00739 F600
G1 X104.9696 Y100.7384 Z13.5264 E0.00739 F600
G1 X105.0315 Y100.6677 Z13.3800 E0.01562 F600
G1 X105.1541 Y100.6243 Z13.1800 E0.02143 F600
G1 X105.3177 Y100.6423 Z12.9800 E0.02326 F600
G1 X105.4868 Y100.7406 Z12.8336 E0.02194 F600
G1 X105.6185 Y100.9110 Z12.7800 E0.01993 F600
G1 X105.6790 Y101.1177 Z12.8336 E0.01993 F600
G1 X105.6591 Y101.3124 Z12.9800 E0.02194 F600
G1 X105.5775 Y101.4553 Z13.1800 E0.02326 F600
G1 X105.4703 Y101.5290 Z13.3800 E0.02143 F600
G1 X105.3767 Y101.5375 Z13.5264 E0.01562 F600
G1 X105.3279 Y101.4986 Z13.5800 E0.00739 F600
G1 X105.3414 Y101.4376 Z13.5264 E0.00739 F600
G1 X105.4194 Y101.3853 Z13.3800 E0.01562 F600
G1 X105.5491 Y101.3751 Z13.1800 E0.02143 F600
G1 X105.7025 Y101.4348 Z12.9800 E0.02326 F600
G1 X105.8404 Y101.5736 Z12.8336 E0.02194 F600
G1 X105.9235 Y101.7723 Z12.7800 E0.01993 F600
G1 X105.9284 Y101.9876 Z12.8336 E0.01993 F600
G1 X105.8589 Y102.1705 Z12.9800 E0.02194 F600
G1 X105.7430 Y102.2874 Z13.1800 E0.02326 F600
G1 X105.6204 Y102.3308 Z13.3800 E0.02143 F600
G1 X105.5278 Y102.3148 Z13.5264 E0.01562 F600
G1 X105.4908 Y102.2646 Z13.5800 E0.00739 F600
G1 X105.5195 Y102.2093 Z13.5264 E0.00739 F600
G1 X105.6085 Y102.1789 Z13.3800 E0.01562 F600
G1 X105.7364 Y102.2026 Z13.1800 E0.02143 F600
G1 X105.8691 Y102.3000 Z12.9800 E0.02326 F600
G1 X105.9664 Y102.4697 Z12.8336 E0.02194 F600
G1 X105.9952 Y102.6832 Z12.7800 E0.01993 F600
G1 X105.9442 Y102.8924 Z12.8336 E0.01993 F600
G1 X105.8297 Y103.0511 Z12.9800 E0.02194 F600
G1 X105.6876 Y103.1340 Z13.1800 E0.02326 F600
G1 X105.5579 Y103.1442 Z13.3800 E0.02143 F600
G1 X105.4726 Y103.1048 Z13.5264 E0.01562 F600
G1 X105.4498 Y103.0467 Z13.5800 E0.00739 F600
G1 X105.4919 Y103.0007 Z13.5264 E0.00739 F600
G1 X105.5856 Y102.9944 Z13.3800 E0.01562 F600
G1 X105.7031 Y103.0504 Z13.1800 E0.02143 F600
G1 X105.8060 Y103.1788 Z12.9800 E0.02326 F600
G1 X105.8561 Y103.3679 Z12.8336 E0.02194 F600
G1 X105.8287 Y103.5816 Z12.7800 E0.01993 F600
G1 X105.7253 Y103.7705 Z12.8336 E0.01993 F600
G1 X105.5736 Y103.8941 Z12.9800 E0.02194 F600
G1 X105.4148 Y103.9374 Z13.1800 E0.02326 F600
G1 X105.2869 Y103.9137 Z13.3800 E0.02143 F600
G1 X105.2148 Y103.8535 Z13.5264 E0.01562 F600
G1 X105.2078 Y103.7915 Z13.5800 E0.00739 F600
G1 X105.2604 Y103.7580 Z13.5264 E0.00739 F600
G1 X105.3525 Y103.7762 Z13.3800 E0.01562 F600
G1 X105.4515 Y103.8606 Z13.1800 E0.02143 F600
G1 X105.5177 Y104.0113 Z12.9800 E0.02326 F600
G1 X105.5171 Y104.2070 Z12.8336 E0.02194 F600
G1 X105.4353 Y104.4062 Z12.7800 E0.01993 F600
G1 X105.2866 Y104.5620 Z12.8336 E0.01993 F600
G1 X105.1081 Y104.6421 Z12.9800 E0.02194 F600
G1 X104.9435 Y104.6429 Z13.1800 E0.02326 F600
G1 X104.8261 Y104.5869 Z13.3800 E0.02143 F600
G1 X104.7720 Y104.5101 Z13.5264 E0.01562 F600
G1 X104.7812 Y104.4483 Z13.5800 E0.00739 F600
G1 X104.8407 Y104.4295 Z13.5264 E0.00739 F600
G1 X104.9250 Y104.4710 Z13.3800 E0.01562 F600
G1 X104.9987 Y104.5782 Z13.1800 E0.02143 F600
G1 X105.0237 Y104.7409 Z12.9800 E0.02326 F600
G1 X104.9725 Y104.9297 Z12.8336 E0.02194 F600
G1 X104.8420 Y105.1010 Z12.7800 E0.01993 F600
G1 X104.6580 Y105.2129 Z12.8336 E0.01993 F600
G1 X104.4648 Y105.2441 Z12.9800 E0.02194 F600
G1 X104.3056 Y105.2023 Z13.1800 E0.02326 F600
G1 X104.2067 Y105.1178 Z13.3800 E0.02143 F600
G1 X104.1743 Y105.0296 Z13.5264 E0.01562 F600
G1 X104.1992 Y104.9724 Z13.5800 E0.00739 F600
G1 X104.2616 Y104.9696 Z13.5264 E0.00739 F600
G1 X104.3323 Y105.0315 Z13.3800 E0.01562 F600
G1 X104.3757 Y105.1541 Z13.1800 E0.02143 F600
G1 X104.3577 Y105.3177 Z12.9800 E0.02326 F600
G1 X104.2594 Y105.4868 Z12.8336 E0.02194 F600
G1 X104.0890 Y105.6185 Z12.7800 E0.01993 F600
G1 X103.8823 Y105.6790 Z12.8336 E0.01993 F600
G1 X103.6876 Y105.6591 Z12.9800 E0.02194 F600
G1 X103.5447 Y105.5775 Z13.1800 E0.02326 F600
G1 X103.4710 Y105.4703 Z13.3800 E0.02143 F600
G1 X103.4625 Y105.3767 Z13.5264 E0.01562 F600
G1 X103.5014 Y105.3279 Z13.5800 E0.00739 F600
G1 X103.5624 Y105.3414 Z13.5264 E0.00739 F600
G1 X103.6147 Y105.4194 Z13.3800 E0.01562 F600
G1 X103.6249 Y105.5491 Z13.1800 E0.02143 F600
G1 X103.5652 Y105.7025 Z12.9800 E0.02326 F600
G1 X103.4264 Y105.8404 Z12.8336 E0.02194 F600
G1 X103.2277 Y105.9235 Z12.7800 E0.01993 F600
G1 X103.0124 Y105.9284 Z12.8336 E0.01993 F600
G1 X102.8295 Y105.8589 Z12.9800 E0.02194 F600
G1 X102.7126 Y105.7430 Z13.1800 E0.02326 F600
G1 X102.6692 Y105.6204 Z13.3800 E0.02143 F600
G1 X102.6852 Y105.5278 Z13.5264 E0.01562 F600
G1 X102.7354 Y105.4908 Z13.5800 E0.00739 F600
G1 X102.7907 Y105.5195 Z13.5264 E0.00739 F600
G1 X102.8211 Y105.6085 Z13.3800 E0.01562 F600
G1 X102.7974 Y105.7364 Z13.1800 E0.02143 F600
G1 X102.7000 Y105.8691 Z12.9800 E0.02326 F600
G1 X102.5303 Y105.9664 Z12.8336 E0.02194 F600
G1 X102.3168 Y105.9952 Z12.7800 E0.01993 F600
G1 X102.1076 Y105.9442 Z12.8336 E0.01993 F600
G1 X101.9489 Y105.8297 Z12.9800 E0.02194 F600
G1 X101.8660 Y105.6876 Z13.1800 E0.02326 F600
G1 X101.8558 Y105.5579 Z13.3800 E0.02143 F600
G1 X101.8952 Y105.4726 Z13.5264 E0.01562 F600
G1 X101.9533 Y105.4498 Z13.5800 E0.00739 F600
G1 X101.9993 Y105.4919 Z13.5264 E0.00739 F600
G1 X102.0056 Y105.5856 Z13.3800 E0.01562 F600
G1 X101.9496 Y105.7031 Z13.1800 E0.02143 F600
G1 X101.8212 Y105.8060 Z12.9800 E0.02326 F600
G1 X101.6321 Y105.8561 Z12.8336 E0.02194 F600
G1 X101.4184 Y105.8287 Z12.7800 E0.01993 F600
G1 X101.2295 Y105.7253 Z12.8336 E0.01993 F600
G1 X101.1059 Y105.5736 Z12.9800 E0.02194 F600
G1 X101.0626 Y105.4148 Z13.1800 E0.02326 F600
G1 X101.0863 Y105.2869 Z13.3800 E0.02143 F600
G1 X101.1465 Y105.2148 Z13.5264 E0.01562 F600
G1 X101.2085 Y105.2078 Z13.5800 E0.00739 F600
G1 X101.2420 Y105.2604 Z13.5264 E0.00739 F600
G1 X101.2238 Y105.3525 Z13.3800 E0.01562 F600
G1 X101.1394 Y105.4515 Z13.1800 E0.02143 F600
G1 X100.9887 Y105.5177 Z12.9800 E0.02326 F600
G1 X100.7930 Y105.5171 Z12.8336 E0.02194 F600
G1 X100.5938 Y105.4353 Z12.7800 E0.01993 F600
G1 X100.4380 Y105.2866 Z12.8336 E0.01993 F600
G1 X100.3579 Y105.1081 Z12.9800 E0.02194 F600
G1 X100.3571 Y104.9435 Z13.1800 E0.02326 F600
G1 X100.4131 Y104.8261 Z13.3800 E0.02143 F600
G1 X100.4899 Y104.7720 Z13.5264 E0.01562 F600
G1 X100.5517 Y104.7812 Z13.5800 E0.00739 F600
G1 X100.5705 Y104.8407 Z13.5264 E0.00739 F600
G1 X100.5290 Y104.9250 Z13.3800 E0.01562 F600
G1 X100.4218 Y104.9987 Z13.1800 E0.02143 F600
G1 X100.2591 Y105.0237 Z12.9800 E0.02326 F600
G1 X100.0703 Y104.9725 Z12.8336 E0.02194 F600
G1 X99.8990 Y104.8420 Z12.7800 E0.01993 F600
G1 X99.7871 Y104.6580 Z12.8336 E0.01993 F600
G1 X99.7559 Y104.4648 Z12.9800 E0.02194 F600
G1 X99.7977 Y104.3056 Z13.1800 E0.02326 F600
G1 X99.8822 Y104.2067 Z13.3800 E0.02143 F600
G1 X99.9704 Y104.1743 Z13.5264 E0.01562 F600
G1 X100.0276 Y104.1992 Z13.5800 E0.00739 F600
G1 X100.0304 Y104.2616 Z13.5264 E0.00739 F600
G1 X99.9685 Y104.3323 Z13.3800 E0.01562 F600
G1 X99.8459 Y104.3757 Z13.1800 E0.02143 F600
G1 X99.6823 Y104.3577 Z12.9800 E0.02326 F600
G1 X99.5132 Y104.2594 Z12.8336 E0.02194 F600
G1 X99.3815 Y104.0890 Z12.7800 E0.01993 F600
G1 X99.3210 Y103.8823 Z12.8336 E0.01993 F600
G1 X99.3409 Y103.6876 Z12.9800 E0.02194 F600
G1 X99.4225 Y103.5447 Z13.1800 E0.02326 F600
G1 X99.5297 Y103.4710 Z13.3800 E0.02143 F600
G1 X99.6233 Y103.4625 Z13.5264 E0.01562 F600
G1 X99.6721 Y103.5014 Z13.5800 E0.00739 F600
G1 X99.6586 Y103.5624 Z13.5264 E0.00739 F600
G1 X99.5806 Y103.6147 Z13.3800 E0.01562 F600
G1 X99.4509 Y103.6249 Z13.1800 E0.02143 F600
G1 X99.2975 Y103.5652 Z12.9800 E0.02326 F600
G1 X99.1596 Y103.4264 Z12.8336 E0.02194 F600
G1 X99.0765 Y103.2277 Z12.7800 E0.01993 F600
G1 X99.0716 Y103.0124 Z12.8336 E0.01993 F600
G1 X99.1411 Y102.8295 Z12.9800 E0.02194 F600
G1 X99.2570 Y102.7126 Z13.1800 E0.02326 F600
G1 X99.3796 Y102.6692 Z13.3800 E0.02143 F600
G1 X99.4722 Y102.6852 Z13.5264 E0.01562 F600
G1 X99.5092 Y102.7354 Z13.5800 E0.00739 F600
G1 X99.4805 Y102.7907 Z13.5264 E0.00739 F600
G1 X99.3915 Y102.8211 Z13.3800 E0.01562 F600
G1 X99.2636 Y102.7974 Z13.1800 E0.02143 F600
G1 X99.1309 Y102.7000 Z12.9800 E0.02326 F600
G1 X99.0336 Y102.5303 Z12.8336 E0.02194 F600
G1 X99.0048 Y102.3168 Z12.7800 E0.01993 F600
G1 X99.0558 Y102.1076 Z12.8336 E0.01993 F600
G1 X99.1703 Y101.9489 Z12.9800 E0.02194 F600
G1 X99.3124 Y101.8660 Z13.1800 E0.02326 F600
G1 X99.4421 Y101.8558 Z13.3800 E0.02143 F600
G1 X99.5274 Y101.8952 Z13.5264 E0.01562 F600
G1 X99.5502 Y101.9533 Z13.5800 E0.00739 F600
G1 X99.5081 Y101.9993 Z13.5264 E0.00739 F600
G1 X99.4144 Y102.0056 Z13.3800 E0.01562 F600
G1 X99.2969 Y101.9496 Z13.1800 E0.02143 F600
G1 X99.1940 Y101.8212 Z12.9800 E0.02326 F600
G1 X99.1439 Y101.6321 Z12.8336 E0.02194 F600
G1 X99.1713 Y101.4184 Z12.7800 E0.01993 F600
G1 X99.2747 Y101.2295 Z12.8336 E0.01993 F600
G1 X99.4264 Y101.1059 Z12.9800 E0.02194 F600
G1 X99.5852 Y101.0626 Z13.1800 E0.02326 F600
G1 X99.7131 Y101.0863 Z13.3800 E0.02143 F600
G1 X99.7852 Y101.1465 Z13.5264 E0.01562 F600
G1 X99.7922 Y101.2085 Z13.5800 E0.00739 F600
G1 X99.7396 Y101.2420 Z13.5264 E0.00739 F600
G1 X99.6475 Y101.2238 Z13.3800 E0.01562 F600
G1 X99.5485 Y101.1394 Z13.1800 E0.02143 F600
G1 X99.4823 Y100.9887 Z12.9800 E0.02326 F600
G1 X99.4829 Y100.7930 Z12.8336 E0.02194 F600
G1 X99.5647 Y100.5938 Z12.7800 E0.01993 F600
G1 X99.7134 Y100.4380 Z12.8336 E0.01993 F600
G1 X99.8919 Y100.3579 Z12.9800 E0.02194 F600
G1 X100.0565 Y100.3571 Z13.1800 E0.02326 F600
G1 X100.1739 Y100.4131 Z13.3800 E0.02143 F600
G1 X100.2280 Y100.4899 Z13.5264 E0.01562 F600
G1 X100.2188 Y100.5517 Z13.5800 E0.00739 F600
G1 X100.1593 Y100.5705 Z13.5264 E0.00739 F600
G1 X100.0750 Y100.5290 Z13.3800 E0.01562 F600
G1 X100.0013 Y100.4218 Z13.1800 E0.02143 F600
G1 X99.9763 Y100.2591 Z12.9800 E0.02326 F600
G1 X100.0275 Y100.0703 Z12.8336 E0.02194 F600
G1 X100.1580 Y99.8990 Z12.7800 E0.01993 F600
G1 X100.3420 Y99.7871 Z12.8336 E0.01993 F600
G1 X100.5352 Y99.7559 Z12.9800 E0.02194 F600
G1 X100.6944 Y99.7977 Z13.1800 E0.02326 F600
G1 X100.7933 Y99.8822 Z13.3800 E0.02143 F600
G1 X100.8257 Y99.9704 Z13.5264 E0.01562 F600
G1 X100.8008 Y100.0276 Z13.5800 E0.00739 F600
; row 26/38
G1 X100.4312 Y100.2814 Z14.0264 E0.05682 F600
G1 X100.3530 Y100.2293 Z13.8800 E0.01562 F600
G1 X100.2939 Y100.1135 Z13.6800 E0.02143 F600
G1 X100.2904 Y99.9489 Z13.4800 E0.02326 F600
G1 X100.3658 Y99.7684 Z13.3336 E0.02194 F600
G1 X100.5176 Y99.6156 Z13.2800 E0.01993 F600
G1 X100.7146 Y99.5286 Z13.3336 E0.01993 F600
G1 X100.9102 Y99.5229 Z13.4800 E0.02194 F600
G1 X101.0626 Y99.5852 Z13.6800 E0.02326 F600
G1 X101.1496 Y99.6818 Z13.8800 E0.02143 F600
G1 X101.1702 Y99.7735 Z14.0264 E0.01562 F600
G1 X101.1380 Y99.8270 Z14.0800 E0.00739 F600
G1 X101.0759 Y99.8216 Z14.0264 E0.00739 F600
G1 X101.0138 Y99.7510 Z13.8800 E0.01562 F600
G1 X100.9868 Y99.6238 Z13.6800 E0.02143 F600
G1 X101.0259 Y99.4639 Z13.4800 E0.02326 F600
G1 X101.1455 Y99.3091 Z13.3336 E0.02194 F600
G1 X101.3317 Y99.2008 Z13.2800 E0.01993 F600
G1 X101.5445 Y99.1678 Z13.3336 E0.01993 F600
G1 X101.7349 Y99.2129 Z13.4800 E0.02194 F600
G1 X101.8660 Y99.3124 Z13.6800 E0.02326 F600
G1 X101.9250 Y99.4284 Z13.8800 E0.02143 F600
G1 X101.9212 Y99.5222 Z14.0264 E0.01562 F600
G1 X101.8763 Y99.5656 Z14.0800 E0.00739 F600
G1 X101.8176 Y99.5443 Z14.0264 E0.00739 F600
G1 X101.7759 Y99.4600 Z13.8800 E0.01562 F600
G1 X101.7827 Y99.3301 Z13.6800 E0.02143 F600
G1 X101.8620 Y99.1859 Z13.4800 E0.02326 F600
G1 X102.0176 Y99.0672 Z13.3336 E0.02194 F600
G1 X102.2254 Y99.0108 Z13.2800 E0.01993 F600
G1 X102.4395 Y99.0340 Z13.3336 E0.01993 F600
G1 X102.6117 Y99.1268 Z13.4800 E0.02194 F600
G1 X102.7126 Y99.2570 Z13.6800 E0.02326 F600
G1 X102.7396 Y99.3842 Z13.8800 E0.02143 F600
G1 X102.7116 Y99.4739 Z14.0264 E0.01562 F600
G1 X102.6570 Y99.5041 Z14.0800 E0.00739 F600
G1 X102.6059 Y99.4684 Z14.0264 E0.00739 F600
G1 X102.5874 Y99.3762 Z13.8800 E0.01562 F600
G1 X102.6276 Y99.2525 Z13.6800 E0.02143 F600
G1 X102.7415 Y99.1336 Z13.4800 E0.02326 F600
G1 X102.9225 Y99.0593 Z13.3336 E0.02194 F600
G1 X103.1378 Y99.0586 Z13.2800 E0.01993 F600
G1 X103.3386 Y99.1365 Z13.3336 E0.01993 F600
G1 X103.4810 Y99.2707 Z13.4800 E0.02194 F600
G1 X103.5447 Y99.4225 Z13.6800 E0.02326 F600
G1 X103.5379 Y99.5524 Z13.8800 E0.02143 F600
G1 X103.4876 Y99.6318 Z14.0264 E0.01562 F600
G1 X103.4271 Y99.6468 Z14.0800 E0.00739 F600
G1 X103.3869 Y99.5991 Z14.0264 E0.00739 F600
G1 X103.3929 Y99.5053 Z13.8800 E0.01562 F600
G1 X103.4638 Y99.3962 Z13.6800 E0.02143 F600
G1 X103.6045 Y99.3109 Z13.4800 E0.02326 F600
G1 X103.7986 Y99.2859 Z13.3336 E0.02194 F600
G1 X104.0068 Y99.3410 Z13.2800 E0.01993 F600
G1 X104.1806 Y99.4681 Z13.3336 E0.01993 F600
G1 X104.2833 Y99.6346 Z13.4800 E0.02194 F600
G1 X104.3056 Y99.7977 Z13.6800 E0.02326 F600
G1 X104.2654 Y99.9214 Z13.8800 E0.02143 F600
G1 X104.1963 Y99.9851 Z14.0264 E0.01562 F600
G1 X104.1339 Y99.9840 Z14.0800 E0.00739 F600
G1 X104.1075 Y99.9275 Z14.0264 E0.00739 F600
G1 X104.1376 Y99.8384 Z13.8800 E0.01562 F600
G1 X104.2342 Y99.7514 Z13.6800 E0.02143 F600
G1 X104.3923 Y99.7054 Z13.4800 E0.02326 F600
G1 X104.5862 Y99.7315 Z13.3336 E0.02194 F600
G1 X104.7731 Y99.8386 Z13.2800 E0.01993 F600
G1 X104.9080 Y100.0064 Z13.3336 E0.01993 F600
G1 X104.9642 Y100.1938 Z13.4800 E0.02194 F600
G1 X104.9435 Y100.3571 Z13.6800 E0.02326 F600
G1 X104.8726 Y100.4662 Z13.8800 E0.02143 F600
G1 X104.7894 Y100.5098 Z14.0264 E0.01562 F600
G1 X104.7294 Y100.4926 Z14.0800 E0.00739 F600
G1 X104.7186 Y100.4312 Z14.0264 E0.00739 F600
G1 X104.7707 Y100.3530 Z13.8800 E0.01562 F600
G1 X104.8865 Y100.2939 Z13.6800 E0.02143 F600
G1 X105.0511 Y100.2904 Z13.4800 E0.02326 F600
G1 X105.2316 Y100.3658 Z13.3336 E0.02194 F600
G1 X105.3844 Y100.5176 Z13.2800 E0.01993 F600
G1 X105.4714 Y100.7146 Z13.3336 E0.01993 F600
G1 X105.4771 Y100.9102 Z13.4800 E0.02194 F600
G1 X105.4148 Y101.0626 Z13.6800 E0.02326 F600
G1 X105.3182 Y101.1496 Z13.8800 E0.02143 F600
G1 X105.2265 Y101.1702 Z14.0264 E0.01562 F600
G1 X105.1730 Y101.1380 Z14.0800 E0.00739 F600
G1 X105.1784 Y101.0759 Z14.0264 E0.00739 F600
G1 X105.2490 Y101.0138 Z13.8800 E0.01562 F600
G1 X105.3762 Y100.9868 Z13.6800 E0.02143 F600
G1 X105.5361 Y101.0259 Z13.4800 E0.02326 F600
G1 X105.6909 Y101.1455 Z13.3336 E0.02194 F600
G1 X105.7992 Y101.3317 Z13.2800 E0.01993 F600
G1 X105.8322 Y101.5445 Z13.3336 E0.01993 F600
G1 X105.7871 Y101.7349 Z13.4800 E0.02194 F600
G1 X105.6876 Y101.8660 Z13.6800 E0.02326 F600
G1 X105.5716 Y101.9250 Z13.8800 E0.02143 F600
G1 X105.4778 Y101.9212 Z14.0264 E0.01562 F600
G1 X105.4344 Y101.8763 Z14.0800 E0.00739 F600
G1 X105.4557 Y101.8176 Z14.0264 E0.00739 F600
G1 X105.5400 Y101.7759 Z13.8800 E0.01562 F600
G1 X105.6699 Y101.7827 Z13.6800 E0.02143 F600
G1 X105.8141 Y101.8620 Z13.4800 E0.02326 F600
G1 X105.9328 Y102.0176 Z13.3336 E0.02194 F600
G1 X105.9892 Y102.2254 Z13.2800 E0.01993 F600
G1 X105.9660 Y102.4395 Z13.3336 E0.01993 F600
G1 X105.8732 Y102.6117 Z13.4800 E0.02194 F600
G1 X105.7430 Y102.7126 Z13.6800 E0.02326 F600
G1 X105.6158 Y102.7396 Z13.8800 E0.02143 F600
G1 X105.5261 Y102.7116 Z14.0264 E0.01562 F600
G1 X105.4959 Y102.6570 Z14.0800 E0.00739 F600
G1 X105.5316 Y102.6059 Z14.0264 E0.00739 F600
G1 X105.6238 Y102.5874 Z13.8800 E0.01562 F600
G1 X105.7475 Y102.6276 Z13.6800 E0.02143 F600
G1 X105.8664 Y102.7415 Z13.4800 E0.02326 F600
G1 X105.9407 Y102.9225 Z13.3336 E0.02194 F600
G1 X105.9414 Y103.1378 Z13.2800 E0.01993 F600
G1 X105.8635 Y103.3386 Z13.3336 E0.01993 F600
G1 X105.7293 Y103.4810 Z13.4800 E0.02194 F600
G1 X105.5775 Y103.5447 Z13.6800 E0.02326 F600
G1 X105.4476 Y103.5379 Z13.8800 E0.02143 F600
G1 X105.3682 Y103.4876 Z14.0264 E0.01562 F600
G1 X105.3532 Y103.4271 Z14.0800 E0.00739 F600
G1 X105.4009 Y103.3869 Z14.0264 E0.00739 F600
G1 X105.4947 Y103.3929 Z13.8800 E0.01562 F600
G1 X105.6038 Y103.4638 Z13.6800 E0.02143 F600
G1 X105.6891 Y103.6045 Z13.4800 E0.02326 F600
G1 X105.7141 Y103.7986 Z13.3336 E0.02194 F600
G1 X105.6590 Y104.0068 Z13.2800 E0.01993 F600
G1 X105.5319 Y104.1806 Z13.3336 E0.01993 F600
G1 X105.3654 Y104.2833 Z13.4800 E0.02194 F600
G1 X105.2023 Y104.3056 Z13.6800 E0.02326 F600
G1 X105.0786 Y104.2654 Z13.8800 E0.02143 F600
G1 X105.0149 Y104.1963 Z14.0264 E0.01562 F600
G1 X105.0160 Y104.1339 Z14.0800 E0.00739 F600
G1 X105.0725 Y104.1075 Z14.0264 E0.00739 F600
G1 X105.1616 Y104.1376 Z13.8800 E0.01562 F600
G1 X105.2486 Y104.2342 Z13.6800 E0.02143 F600
G1 X105.2946 Y104.3923 Z13.4800 E0.02326 F600
G1 X105.2685 Y104.5862 Z13.3336 E0.02194 F600
G1 X105.1614 Y104.7731 Z13.2800 E0.01993 F600
G1 X104.9936 Y104.9080 Z13.3336 E0.01993 F600
G1 X104.8062 Y104.9642 Z13.4800 E0.02194 F600
G1 X104.6429 Y104.9435 Z13.6800 E0.02326 F600
G1 X104.5338 Y104.8726 Z13.8800 E0.02143 F600
G1 X104.4902 Y104.7894 Z14.0264 E0.01562 F600
G1 X104.5074 Y104.7294 Z14.0800 E0.00739 F600
G1 X104.5688 Y104.7186 Z14.0264 E0.00739 F600
G1 X104.6470 Y104.7707 Z13.8800 E0.01562 F600
G1 X104.7061 Y104.8865 Z13.6800 E0.02143 F600
G1 X104.7096 Y105.0511 Z13.4800 E0.02326 F600
G1 X104.6342 Y105.2316 Z13.3336 E0.02194 F600
G1 X104.4824 Y105.3844 Z13.2800 E0.01993 F600
G1 X104.2854 Y105.4714 Z13.3336 E0.01993 F600
G1 X104.0898 Y105.4771 Z13.4800 E0.02194 F600
G1 X103.9374 Y105.4148 Z13.6800 E0.02326 F600
G1 X103.8504 Y105.3182 Z13.8800 E0.02143 F600
G1 X103.8298 Y105.2265 Z14.0264 E0.01562 F600
G1 X103.8620 Y105.1730 Z14.0800 E0.00739 F600
G1 X103.9241 Y105.1784 Z14.0264 E0.00739 F600
G1 X103.9862 Y105.2490 Z13.8800 E0.01562 F600
G1 X104.0132 Y105.3762 Z13.6800 E0.02143 F600
G1 X103.9741 Y105.5361 Z13.4800 E0.02326 F600
G1 X103.8545 Y105.6909 Z13.3336 E0.02194 F600
G1 X103.6683 Y105.7992 Z13.2800 E0.01993 F600
G1 X103.4555 Y105.8322 Z13.3336 E0.01993 F600
G1 X103.2651 Y105.7871 Z13.4800 E0.02194 F600
G1 X103.1340 Y105.6876 Z13.6800 E0.02326 F600
G1 X103.0750 Y105.5716 Z13.8800 E0.02143 F600
G1 X103.0788 Y105.4778 Z14.0264 E0.01562 F600
G1 X103.1237 Y105.4344 Z14.0800 E0.00739 F600
G1 X103.1824 Y105.4557 Z14.0264 E0.00739 F600
G1 X103.2241 Y105.5400 Z13.8800 E0.01562 F600
G1 X103.2173 Y105.6699 Z13.6800 E0.02143 F600
G1 X103.1380 Y105.8141 Z13.4800 E0.02326 F600
G1 X102.9824 Y105.9328 Z13.3336 E0.02194 F600
G1 X102.7746 Y105.9892 Z13.2800 E0.01993 F600
G1 X102.5605 Y105.9660 Z13.3336 E0.01993 F600
G1 X102.3883 Y105.8732 Z13.4800 E0.02194 F600
G1 X102.2874 Y105.7430 Z13.6800 E0.02326 F600
G1 X102.2604 Y105.6158 Z13.8800 E0.02143 F600
G1 X102.2884 Y105.5261 Z14.0264 E0.01562 F600
G1 X102.3430 Y105.4959 Z14.0800 E0.00739 F600
G1 X102.3941 Y105.5316 Z14.0264 E0.00739 F600
G1 X102.4126 Y105.6238 Z13.8800 E0.01562 F600
G1 X102.3724 Y105.7475 Z13.6800 E0.02143 F600
G1 X102.2585 Y105.8664 Z13.4800 E0.02326 F600
G1 X102.0775 Y105.9407 Z13.3336 E0.02194 F600
G1 X101.8622 Y105.9414 Z13.2800 E0.01993 F600
G1 X101.6614 Y105.8635 Z13.3336 E0.01993 F600
G1 X101.5190 Y105.7293 Z13.4800 E0.02194 F600
G1 X101.4553 Y105.5775 Z13.6800 E0.02326 F600
G1 X101.4621 Y105.4476 Z13.8800 E0.02143 F600
G1 X101.5124 Y105.3682 Z14.0264 E0.01562 F600
G1 X101.5729 Y105.3532 Z14.0800 E0.00739 F600
G1 X101.6131 Y105.4009 Z14.0264 E0.00739 F600
G1 X101.6071 Y105.4947 Z13.8800 E0.01562 F600
G1 X101.5362 Y105.6038 Z13.6800 E0.02143 F600
G1 X101.3955 Y105.6891 Z13.4800 E0.02326 F600
G1 X101.2014 Y105.7141 Z13.3336 E0.02194 F600
G1 X100.9932 Y105.6590 Z13.2800 E0.01993 F600
G1 X100.8194 Y105.5319 Z13.3336 E0.01993 F600
G1 X100.7167 Y105.3654 Z13.4800 E0.02194 F600
G1 X100.6944 Y105.2023 Z13.6800 E0.02326 F600
G1 X100.7346 Y105.0786 Z13.8800 E0.02143 F600
G1 X100.8037 Y105.0149 Z14.0264 E0.01562 F600
G1 X100.8661 Y105.0160 Z14.0800 E0.00739 F600
G1 X100.8925 Y105.0725 Z14.0264 E0.00739 F600
G1 X100.8624 Y105.1616 Z13.8800 E0.01562 F600
G1 X100.7658 Y105.2486 Z13.6800 E0.02143 F600
G1 X100.6077 Y105.2946 Z13.4800 E0.02326 F600
G1 X100.4138 Y105.2685 Z13.3336 E0.02194 F600
G1 X100.2269 Y105.1614 Z13.2800 E0.01993 F600
G1 X100.0920 Y104.9936 Z13.3336 E0.01993 F600
G1 X100.0358 Y104.8062 Z13.4800 E0.02194 F600
G1 X100.0565 Y104.6429 Z13.6800 E0.02326 F600
G1 X100.1274 Y104.5338 Z13.8800 E0.02143 F600
G1 X100.2106 Y104.4902 Z14.0264 E0.01562 F600
G1 X100.2706 Y104.5074 Z14.0800 E0.00739 F600
G1 X100.2814 Y104.5688 Z14.0264 E0.00739 F600
G1 X100.2293 Y104.6470 Z13.8800 E0.01562 F600
G1 X100.1135 Y104.7061 Z13.6800 E0.02143 F600
G1 X99.9489 Y104.7096 Z13.4800 E0.02326 F600
G1 X99.7684 Y104.6342 Z13.3336 E0.02194 F600
G1 X99.6156 Y104.4824 Z13.2800 E0.01993 F600
G1 X99.5286 Y104.2854 Z13.3336 E0.01993 F600
G1 X99.5229 Y104.0898 Z13.4800 E0.02194 F600
G1 X99.5852 Y103.9374 Z13.6800 E0.02326 F600
G1 X99.6818 Y103.8504 Z13.8800 E0.02143 F600
G1 X99.7735 Y103.8298 Z14.0264 E0.01562 F600
G1 X99.8270 Y103.8620 Z14.0800 E0.00739 F600
G1 X99.8216 Y103.9241 Z14.0264 E0.00739 F600
G1 X99.7510 Y103.9862 Z13.8800 E0.01562 F600
G1 X99.6238 Y104.0132 Z13.6800 E0.02143 F600
G1 X99.4639 Y103.9741 Z13.4800 E0.02326 F600
G1 X99.3091 Y103.8545 Z13.3336 E0.02194 F600
G1 X99.2008 Y103.6683 Z13.2800 E0.01993 F600
G1 X99.1678 Y103.4555 Z13.3336 E0.01993 F600
G1 X99.2129 Y103.2651 Z13.4800 E0.02194 F600
G1 X99.3124 Y103.1340 Z13.6800 E0.02326 F600
G1 X99.4284 Y103.0750 Z13.8800 E0.02143 F600
G1 X99.5222 Y103.0788 Z14.0264 E0.01562 F600
G1 X99.5656 Y103.1237 Z14.0800 E0.00739 F600
G1 X99.5443 Y103.1824 Z14.0264 E0.00739 F600
G1 X99.4600 Y103.2241 Z13.8800 E0.01562 F600
G1 X99.3301 Y103.2173 Z13.6800 E0.02143 F600
G1 X99.1859 Y103.1380 Z13.4800 E0.02326 F600
G1 X99.0672 Y102.9824 Z13.3336 E0.02194 F600
G1 X99.0108 Y102.7746 Z13.2800 E0.01993 F600
G1 X99.0340 Y102.5605 Z13.3336 E0.01993 F600
G1 X99.1268 Y102.3883 Z13.4800 E0.02194 F600
G1 X99.2570 Y102.2874 Z13.6800 E0.02326 F600
G1 X99.3842 Y102.2604 Z13.8800 E0.02143 F600
G1 X99.4739 Y102.2884 Z14.0264 E0.01562 F600
G1 X99.5041 Y102.3430 Z14.0800 E0.00739 F600
G1 X99.4684 Y102.3941 Z14.0264 E0.00739 F600
G1 X99.3762 Y102.4126 Z13.8800 E0.01562 F600
G1 X99.2525 Y102.3724 Z13.6800 E0.02143 F600
G1 X99.1336 Y102.2585 Z13.4800 E0.02326 F600
G1 X99.0593 Y102.0775 Z13.3336 E0.02194 F600
G1 X99.0586 Y101.8622 Z13.2800 E0.01993 F600
G1 X99.1365 Y101.6614 Z13.3336 E0.01993 F600
G1 X99.2707 Y101.5190 Z13.4800 E0.02194 F600
G1 X99.4225 Y101.4553 Z13.6800 E0.02326 F600
G1 X99.5524 Y101.4621 Z13.8800 E0.02143 F600
G1 X99.6318 Y101.5124 Z14.0264 E0.01562 F600
G1 X99.6468 Y101.5729 Z14.0800 E0.00739 F600
G1 X99.5991 Y101.6131 Z14.0264 E0.00739 F600
G1 X99.5053 Y101.6071 Z13.8800 E0.01562 F600
G1 X99.3962 Y101.5362 Z13.6800 E0.02143 F600
G1 X99.3109 Y101.3955 Z13.4800 E0.02326 F600
G1 X99.2859 Y101.2014 Z13.3336 E0.02194 F600
G1 X99.3410 Y100.9932 Z13.2800 E0.01993 F600
G1 X99.4681 Y100.8194 Z13.3336 E0.01993 F600
G1 X99.6346 Y100.7167 Z13.4800 E0.02194 F600
G1 X99.7977 Y100.6944 Z13.6800 E0.02326 F600
G1 X99.9214 Y100.7346 Z13.8800 E0.02143 F600
G1 X99.9851 Y100.8037 Z14.0264 E0.01562 F600
G1 X99.9840 Y100.8661 Z14.0800 E0.00739 F600
G1 X99.9275 Y100.8925 Z14.0264 E0.00739 F600
G1 X99.8384 Y100.8624 Z13.8800 E0.01562 F600
G1 X99.7514 Y100.7658 Z13.6800 E0.02143 F600
G1 X99.7054 Y100.6077 Z13.4800 E0.02326 F600
G1 X99.7315 Y100.4138 Z13.3336 E0.02194 F600
G1 X99.8386 Y100.2269 Z13.2800 E0.01993 F600
G1 X100.0064 Y100.0920 Z13.3336 E0.01993 F600
G1 X100.1938 Y100.0358 Z13.4800 E0.02194 F600
G1 X100.3571 Y100.0565 Z13.6800 E0.02326 F600
G1 X100.4662 Y100.1274 Z13.8800 E0.02143 F600
G1 X100.5098 Y100.2106 Z14.0264 E0.01562 F600
G1 X100.4926 Y100.2706 Z14.0800 E0.00739 F600
; row 27/38
G1 X100.7384 Y100.0304 Z14.5264 E0.05059 F600
G1 X100.6677 Y99.9685 Z14.3800 E0.01562 F600
G1 X100.6243 Y99.8459 Z14.1800 E0.02143 F600
G1 X100.6423 Y99.6823 Z13.9800 E0.02326 F600
G1 X100.7406 Y99.5132 Z13.8336 E0.02194 F600
G1 X100.9110 Y99.3815 Z13.7800 E0.01993 F600
G1 X101.1177 Y99.3210 Z13.8336 E0.01993 F600
G1 X101.3124 Y99.3409 Z13.9800 E0.02194 F600
G1 X101.4553 Y99.4225 Z14.1800 E0.02326 F600
G1 X101.5290 Y99.5297 Z14.3800 E0.02143 F600
G1 X101.5375 Y99.6233 Z14.5264 E0.01562 F600
G1 X101.4986 Y99.6721 Z14.5800 E0.00739 F600
G1 X101.4376 Y99.6586 Z14.5264 E0.00739 F600
G1 X101.3853 Y99.5806 Z14.3800 E0.01562 F600
G1 X101.3751 Y99.4509 Z14.1800 E0.02143 F600
G1 X101.4348 Y99.2975 Z13.9800 E0.02326 F600
G1 X101.5736 Y99.1596 Z13.8336 E0.02194 F600
G1 X101.7723 Y99.0765 Z13.7800 E0.01993 F600
G1 X101.9876 Y99.0716 Z13.8336 E0.01993 F600
G1 X102.1705 Y99.1411 Z13.9800 E0.02194 F600
G1 X102.2874 Y99.2570 Z14.1800 E0.02326 F600
G1 X102.3308 Y99.3796 Z14.3800 E0.02143 F600
G1 X102.3148 Y99.4722 Z14.5264 E0.01562 F600
G1 X102.2646 Y99.5092 Z14.5800 E0.00739 F600
G1 X102.2093 Y99.4805 Z14.5264 E0.00739 F600
G1 X102.1789 Y99.3915 Z14.3800 E0.01562 F600
G1 X102.2026 Y99.2636 Z14.1800 E0.02143 F600
G1 X102.3000 Y99.1309 Z13.9800 E0.02326 F600
G1 X102.4697 Y99.0336 Z13.8336 E0.02194 F600
G1 X102.6832 Y99.0048 Z13.7800 E0.01993 F600
G1 X102.8924 Y99.0558 Z13.8336 E0.01993 F600
G1 X103.0511 Y99.1703 Z13.9800 E0.02194 F600
G1 X103.1340 Y99.3124 Z14.1800 E0.02326 F600
G1 X103.1442 Y99.4421 Z14.3800 E0.02143 F600
G1 X103.1048 Y99.5274 Z14.5264 E0.01562 F600
G1 X103.0467 Y99.5502 Z14.5800 E0.00739 F600
G1 X103.0007 Y99.5081 Z14.5264 E0.00739 F600
G1 X102.9944 Y99.4144 Z14.3800 E0.01562 F600
G1 X103.0504 Y99.2969 Z14.1800 E0.02143 F600
G1 X103.1788 Y99.1940 Z13.9800 E0.02326 F600
G1 X103.3679 Y99.1439 Z13.8336 E0.02194 F600
G1 X103.5816 Y99.1713 Z13.7800 E0.01993 F600
G1 X103.7705 Y99.2747 Z13.8336 E0.01993 F600
G1 X103.8941 Y99.4264 Z13.9800 E0.02194 F600
G1 X103.9374 Y99.5852 Z14.1800 E0.02326 F600
G1 X103.9137 Y99.7131 Z14.3800 E0.02143 F600
G1 X103.8535 Y99.7852 Z14.5264 E0.01562 F600
G1 X103.7915 Y99.7922 Z14.5800 E0.00739 F600
G1 X103.7580 Y99.7396 Z14.5264 E0.00739 F600
G1 X103.7762 Y99.6475 Z14.3800 E0.01562 F600
G1 X103.8606 Y99.5485 Z14.1800 E0.02143 F600
G1 X104.0113 Y99.4823 Z13.9800 E0.02326 F600
G1 X104.2070 Y99.4829 Z13.8336 E0.02194 F600
G1 X104.4062 Y99.5647 Z13.7800 E0.01993 F600
G1 X104.5620 Y99.7134 Z13.8336 E0.01993 F600
G1 X104.6421 Y99.8919 Z13.9800 E0.02194 F600
G1 X104.6429 Y100.0565 Z14.1800 E0.02326 F600
G1 X104.5869 Y100.1739 Z14.3800 E0.02143 F600
G1 X104.5101 Y100.2280 Z14.5264 E0.01562 F600
G1 X104.4483 Y100.2188 Z14.5800 E0.00739 F600
G1 X104.4295 Y100.1593 Z14.5264 E0.00739 F600
G1 X104.4710 Y100.0750 Z14.3800 E0.01562 F600
G1 X104.5782 Y100.0013 Z14.1800 E0.02143 F600
G1 X104.7409 Y99.9763 Z13.9800 E0.02326 F600
G1 X104.9297 Y100.0275 Z13.8336 E0.02194 F600
G1 X105.1010 Y100.1580 Z13.7800 E0.01993 F600
G1 X105.2129 Y100.3420 Z13.8336 E0.01993 F600
G1 X105.2441 Y100.5352 Z13.9800 E0.02194 F600
G1 X105.2023 Y100.6944 Z14.1800 E0.02326 F600
G1 X105.1178 Y100.7933 Z14.3800 E0.02143 F600
G1 X105.0296 Y100.8257 Z14.5264 E0.01562 F600
G1 X104.9724 Y100.8008 Z14.5800 E0.00739 F600
G1 X104.9696 Y100.7384 Z14.5264 E0.00739 F600
G1 X105.0315 Y100.6677 Z14.3800 E0.01562 F600
G1 X105.1541 Y100.6243 Z14.1800 E0.02143 F600
G1 X105.3177 Y100.6423 Z13.9800 E0.02326 F600
G1 X105.4868 Y100.7406 Z13.8336 E0.02194 F600
G1 X105.6185 Y100.9110 Z13.7800 E0.01993 F600
G1 X105.6790 Y101.1177 Z13.8336 E0.01993 F600
G1 X105.6591 Y101.3124 Z13.9800 E0.02194 F600
G1 X105.5775 Y101.4553 Z14.1800 E0.02326 F600
G1 X105.4703 Y101.5290 Z14.3800 E0.02143 F600
G1 X105.3767 Y101.5375 Z14.5264 E0.01562 F600
G1 X105.3279 Y101.4986 Z14.5800 E0.00739 F600
G1 X105.3414 Y101.4376 Z14.5264 E0.00739 F600
G1 X105.4194 Y101.3853 Z14.3800 E0.01562 F600
G1 X105.5491 Y101.3751 Z14.1800 E0.02143 F600
G1 X105.7025 Y101.4348 Z13.9800 E0.02326 F600
G1 X105.8404 Y101.5736 Z13.8336 E0.02194 F600
G1 X105.9235 Y101.7723 Z13.7800 E0.01993 F600
G1 X105.9284 Y101.9876 Z13.8336 E0.01993 F600
G1 X105.8589 Y102.1705 Z13.9800 E0.02194 F600
G1 X105.7430 Y102.2874 Z14.1800 E0.02326 F600
G1 X105.6204 Y102.3308 Z14.3800 E0.02143 F600
G1 X105.5278 Y102.3148 Z14.5264 E0.01562 F600
G1 X105.4908 Y102.2646 Z14.5800 E0.00739 F600
G1 X105.5195 Y102.2093 Z14.5264 E0.00739 F600
G1 X105.6085 Y102.1789 Z14.3800 E0.01562 F600
G1 X105.7364 Y102.2026 Z14.1800 E0.02143 F600
G1 X105.8691 Y102.3000 Z13.9800 E0.02326 F600
G1 X105.9664 Y102.4697 Z13.8336 E0.02194 F600
G1 X105.9952 Y102.6832 Z13.7800 E0.01993 F600
G1 X105.9442 Y102.8924 Z13.8336 E0.01993 F600
G1 X105.8297 Y103.0511 Z13.9800 E0.02194 F600
G1 X105.6876 Y103.1340 Z14.1800 E0.02326 F600
G1 X105.5579 Y103.1442 Z14.3800 E0.02143 F600
G1 X105.4726 Y103.1048 Z14.5264 E0.01562 F600
G1 X105.4498 Y103.0467 Z14.5800 E0.00739 F600
G1 X105.4919 Y103.0007 Z14.5264 E0.00739 F600
G1 X105.5856 Y102.9944 Z14.3800 E0.01562 F600
G1 X105.7031 Y103.0504 Z14.1800 E0.02143 F600
G1 X105.8060 Y103.1788 Z13.9800 E0.02326 F600
G1 X105.8561 Y103.3679 Z13.8336 E0.02194 F600
G1 X105.8287 Y103.5816 Z13.7800 E0.01993 F600
G1 X105.7253 Y103.7705 Z13.8336 E0.01993 F600
G1 X105.5736 Y103.8941 Z13.9800 E0.02194 F600
G1 X105.4148 Y103.9374 Z14.1800 E0.02326 F600
G1 X105.2869 Y103.9137 Z14.3800 E0.02143 F600
G1 X105.2148 Y103.8535 Z14.5264 E0.01562 F600
G1 X105.2078 Y103.7915 Z14.5800 E0.00739 F600
G1 X105.2604 Y103.7580 Z14.5264 E0.00739 F600
G1 X105.3525 Y103.7762 Z14.3800 E0.01562 F600
G1 X105.4515 Y103.8606 Z14.1800 E0.02143 F600
G1 X105.5177 Y104.0113 Z13.9800 E0.02326 F600
G1 X105.5171 Y104.2070 Z13.8336 E0.02194 F600
G1 X105.4353 Y104.4062 Z13.7800 E0.01993 F600
G1 X105.2866 Y104.5620 Z13.8336 E0.01993 F600
G1 X105.1081 Y104.6421 Z13.9800 E0.02194 F600
G1 X104.9435 Y104.6429 Z14.1800 E0.02326 F600
G1 X104.8261 Y104.5869 Z14.3800 E0.02143 F600
G1 X104.7720 Y104.5101 Z14.5264 E0.01562 F600
G1 X104.7812 Y104.4483 Z14.5800 E0.00739 F600
G1 X104.8407 Y104.4295 Z14.5264 E0.00739 F600
G1 X104.9250 Y104.4710 Z14.3800 E0.01562 F600
G1 X104.9987 Y104.5782 Z14.1800 E0.02143 F600
G1 X105.0237 Y104.7409 Z13.9800 E0.02326 F600
G1 X104.9725 Y104.9297 Z13.8336 E0.02194 F600
G1 X104.8420 Y105.1010 Z13.7800 E0.01993 F600
G1 X104.6580 Y105.2129 Z13.8336 E0.01993 F600
G1 X104.4648 Y105.2441 Z13.9800 E0.02194 F600
G1 X104.3056 Y105.2023 Z14.1800 E0.02326 F600
G1 X104.2067 Y105.1178 Z14.3800 E0.02143 F600
G1 X104.1743 Y105.0296 Z14.5264 E0.01562 F600
G1 X104.1992 Y104.9724 Z14.5800 E0.00739 F600
G1 X104.2616 Y104.9696 Z14.5264 E0.00739 F600
G1 X104.3323 Y105.0315 Z14.3800 E0.01562 F600
G1 X104.3757 Y105.1541 Z14.1800 E0.02143 F600
G1 X104.3577 Y105.3177 Z13.9800 E0.02326 F600
G1 X104.2594 Y105.4868 Z13.8336 E0.02194 F600
G1 X104.0890 Y105.6185 Z13.7800 E0.01993 F600
G1 X103.8823 Y105.6790 Z13.8336 E0.01993 F600
G1 X103.6876 Y105.6591 Z13.9800 E0.02194 F600
G1 X103.5447 Y105.5775 Z14.1800 E0.02326 F600
G1 X103.4710 Y105.4703 Z14.3800 E0.02143 F600
G1 X103.4625 Y105.3767 Z14.5264 E0.01562 F600
G1 X103.5014 Y105.3279 Z14.5800 E0.00739 F600
G1 X103.5624 Y105.3414 Z14.5264 E0.00739 F600
G1 X103.6147 Y105.4194 Z14.3800 E0.01562 F600
G1 X103.6249 Y105.5491 Z14.1800 E0.02143 F600
G1 X103.5652 Y105.7025 Z13.9800 E0.02326 F600
G1 X103.4264 Y105.8404 Z13.8336 E0.02194 F600
G1 X103.2277 Y105.9235 Z13.7800 E0.01993 F600
G1 X103.0124 Y105.9284 Z13.8336 E0.01993 F600
G1 X102.8295 Y105.8589 Z13.9800 E0.02194 F600
G1 X102.7126 Y105.7430 Z14.1800 E0.02326 F600
G1 X102.6692 Y105.6204 Z14.3800 E0.02143 F600
G1 X102.6852 Y105.5278 Z14.5264 E0.01562 F600
G1 X102.7354 Y105.4908 Z14.5800 E0.00739 F600
G1 X102.7907 Y105.5195 Z14.5264 E0.00739 F600
G1 X102.8211 Y105.6085 Z14.3800 E0.01562 F600
G1 X102.7974 Y105.7364 Z14.1800 E0.02143 F600
G1 X102.7000 Y105.8691 Z13.9800 E0.02326 F600
G1 X102.5303 Y105.9664 Z13.8336 E0.02194 F600
G1 X102.3168 Y105.9952 Z13.7800 E0.01993 F600
G1 X102.1076 Y105.9442 Z13.8336 E0.01993 F600
G1 X101.9489 Y105.8297 Z13.9800 E0.02194 F600
G1 X101.8660 Y105.6876 Z14.1800 E0.02326 F600
G1 X101.8558 Y105.5579 Z14.3800 E0.02143 F600
G1 X101.8952 Y105.4726 Z14.5264 E0.01562 F600
G1 X101.9533 Y105.4498 Z14.5800 E0.00739 F600
G1 X101.9993 Y105.4919 Z14.5264 E0.00739 F600
G1 X102.0056 Y105.5856 Z14.3800 E0.01562 F600
G1 X101.9496 Y105.7031 Z14.1800 E0.02143 F600
G1 X101.8212 Y105.8060 Z13.9800 E0.02326 F600
G1 X101.6321 Y105.8561 Z13.8336 E0.02194 F600
G1 X101.4184 Y105.8287 Z13.7800 E0.01993 F600
G1 X101.2295 Y105.7253 Z13.8336 E0.01993 F600
G1 X101.1059 Y105.5736 Z13.9800 E0.02194 F600
G1 X101.0626 Y105.4148 Z14.1800 E0.02326 F600
G1 X101.0863 Y105.2869 Z14.3800 E0.02143 F600
G1 X101.1465 Y105.2148 Z14.5264 E0.01562 F600
G1 X101.2085 Y105.2078 Z14.5800 E0.00739 F600
G1 X101.2420 Y105.2604 Z14.5264 E0.00739 F600
G1 X101.2238 Y105.3525 Z14.3800 E0.01562 F600
G1 X101.1394 Y105.4515 Z14.1800 E0.02143 F600
G1 X100.9887 Y105.5177 Z13.9800 E0.02326 F600
G1 X100.7930 Y105.5171 Z13.8336 E0.02194 F600
G1 X100.5938 Y105.4353 Z13.7800 E0.01993 F600
G1 X100.4380 Y105.2866 Z13.8336 E0.01993 F600
G1 X100.3579 Y105.1081 Z13.9800 E0.02194 F600
G1 X100.3571 Y104.9435 Z14.1800 E0.02326 F600
G1 X100.4131 Y104.8261 Z14.3800 E0.02143 F600
G1 X100.4899 Y104.7720 Z14.5264 E0.01562 F600
G1 X100.5517 Y104.7812 Z14.5800 E0.00739 F600
G1 X100.5705 Y104.8407 Z14.5264 E0.00739 F600
G1 X100.5290 Y104.9250 Z14.3800 E0.01562 F600
G1 X100.4218 Y104.9987 Z14.1800 E0.02143 F600
G1 X100.2591 Y105.0237 Z13.9800 E0.02326 F600
G1 X100.0703 Y104.9725 Z13.8336 E0.02194 F600
G1 X99.8990 Y104.8420 Z13.7800 E0.01993 F600
G1 X99.7871 Y104.6580 Z13.8336 E0.01993 F600
G1 X99.7559 Y104.4648 Z13.9800 E0.02194 F600
G1 X99.7977 Y104.3056 Z14.1800 E0.02326 F600
G1 X99.8822 Y104.2067 Z14.3800 E0.02143 F600
G1 X99.9704 Y104.1743 Z14.5264 E0.01562 F600
G1 X100.0276 Y104.1992 Z14.5800 E0.00739 F600
G1 X100.0304 Y104.2616 Z14.5264 E0.00739 F600
G1 X99.9685 Y104.3323 Z14.3800 E0.01562 F600
G1 X99.8459 Y104.3757 Z14.1800 E0.02143 F600
G1 X99.6823 Y104.3577 Z13.9800 E0.02326 F600
G1 X99.5132 Y104.2594 Z13.8336 E0.02194 F600
G1 X99.3815 Y104.0890 Z13.7800 E0.01993 F600
G1 X99.3210 Y103.8823 Z13.8336 E0.01993 F600
G1 X99.3409 Y103.6876 Z13.9800 E0.02194 F600
G1 X99.4225 Y103.5447 Z14.1800 E0.02326 F600
G1 X99.5297 Y103.4710 Z14.3800 E0.02143 F600
G1 X99.6233 Y103.4625 Z14.5264 E0.01562 F600
G1 X99.6721 Y103.5014 Z14.5800 E0.00739 F600
G1 X99.6586 Y103.5624 Z14.5264 E0.00739 F600
G1 X99.5806 Y103.6147 Z14.3800 E0.01562 F600
G1 X99.4509 Y103.6249 Z14.1800 E0.02143 F600
G1 X99.2975 Y103.5652 Z13.9800 E0.02326 F600
G1 X99.1596 Y103.4264 Z13.8336 E0.02194 F600
G1 X99.0765 Y103.2277 Z13.7800 E0.01993 F600
G1 X99.0716 Y103.0124 Z13.8336 E0.01993 F600
G1 X99.1411 Y102.8295 Z13.9800 E0.02194 F600
G1 X99.2570 Y102.7126 Z14.1800 E0.02326 F600
G1 X99.3796 Y102.6692 Z14.3800 E0.02143 F600
G1 X99.4722 Y102.6852 Z14.5264 E0.01562 F600
G1 X99.5092 Y102.7354 Z14.5800 E0.00739 F600
G1 X99.4805 Y102.7907 Z14.5264 E0.00739 F600
G1 X99.3915 Y102.8211 Z14.3800 E0.01562 F600
G1 X99.2636 Y102.7974 Z14.1800 E0.02143 F600
G1 X99.1309 Y102.7000 Z13.9800 E0.02326 F600
G1 X99.0336 Y102.5303 Z13.8336 E0.02194 F600
G1 X99.0048 Y102.3168 Z13.7800 E0.01993 F600
G1 X99.0558 Y102.1076 Z13.8336 E0.01993 F600
G1 X99.1703 Y101.9489 Z13.9800 E0.02194 F600
G1 X99.3124 Y101.8660 Z14.1800 E0.02326 F600
G1 X99.4421 Y101.8558 Z14.3800 E0.02143 F600
G1 X99.5274 Y101.8952 Z14.5264 E0.01562 F600
G1 X99.5502 Y101.9533 Z14.5800 E0.00739 F600
G1 X99.5081 Y101.9993 Z14.5264 E0.00739 F600
G1 X99.4144 Y102.0056 Z14.3800 E0.01562 F600
G1 X99.2969 Y101.9496 Z14.1800 E0.02143 F600
G1 X99.1940 Y101.8212 Z13.9800 E0.02326 F600
G1 X99.1439 Y101.6321 Z13.8336 E0.02194 F600
G1 X99.1713 Y101.4184 Z13.7800 E0.01993 F600
G1 X99.2747 Y101.2295 Z13.8336 E0.01993 F600
G1 X99.4264 Y101.1059 Z13.9800 E0.02194 F600
G1 X99.5852 Y101.0626 Z14.1800 E0.02326 F600
G1 X99.7131 Y101.0863 Z14.3800 E0.02143 F600
G1 X99.7852 Y101.1465 Z14.5264 E0.01562 F600
G1 X99.7922 Y101.2085 Z14.5800 E0.00739 F600
G1 X99.7396 Y101.2420 Z14.5264 E0.00739 F600
G1 X99.6475 Y101.2238 Z14.3800 E0.01562 F600
G1 X99.5485 Y101.1394 Z14.1800 E0.02143 F600
G1 X99.4823 Y100.9887 Z13.9800 E0.02326 F600
G1 X99.4829 Y100.7930 Z13.8336 E0.02194 F600
G1 X99.5647 Y100.5938 Z13.7800 E0.01993 F600
G1 X99.7134 Y100.4380 Z13.8336 E0.01993 F600
G1 X99.8919 Y100.3579 Z13.9800 E0.02194 F600
G1 X100.0565 Y100.3571 Z14.1800 E0.02326 F600
G1 X100.1739 Y100.4131 Z14.3800 E0.02143 F600
G1 X100.2280 Y100.4899 Z14.5264 E0.01562 F600
G1 X100.2188 Y100.5517 Z14.5800 E0.00739 F600
G1 X100.1593 Y100.5705 Z14.5264 E0.00739 F600
G1 X100.0750 Y100.5290 Z14.3800 E0.01562 F600
G1 X100.0013 Y100.4218 Z14.1800 E0.02143 F600
G1 X99.9763 Y100.2591 Z13.9800 E0.02326 F600
G1 X100.0275 Y100.0703 Z13.8336 E0.02194 F600
G1 X100.1580 Y99.8990 Z13.7800 E0.01993 F600
G1 X100.3420 Y99.7871 Z13.8336 E0.01993 F600
G1 X100.5352 Y99.7559 Z13.9800 E0.02194 F600
G1 X100.6944 Y99.7977 Z14.1800 E0.02326 F600
G1 X100.7933 Y99.8822 Z14.3800 E0.02143 F600
G1 X100.8257 Y99.9704 Z14.5264 E0.01562 F600
G1 X100.8008 Y100.0276 Z14.5800 E0.00739 F600
; row 28/38
G1 X100.4312 Y100.2814 Z15.0264 E0.05682 F600
G1 X100.3530 Y100.2293 Z14.8800 E0.01562 F600
G1 X100.2939 Y100.1135 Z14.6800 E0.02143 F600
G1 X100.2904 Y99.9489 Z14.4800 E0.02326 F600
G1 X100.3658 Y99.7684 Z14.3336 E0.02194 F600
G1 X100.5176 Y99.6156 Z14.2800 E0.01993 F600
G1 X100.7146 Y99.5286 Z14.3336 E0.01993 F600
G1 X100.9102 Y99.5229 Z14.4800 E0.02194 F600
G1 X101.0626 Y99.5852 Z14.6800 E0.02326 F600
G1 X101.1496 Y99.6818 Z14.8800 E0.02143 F600
G1 X101.1702 Y99.7735 Z15.0264 E0.01562 F600
G1 X101.1380 Y99.8270 Z15.0800 E0.00739 F600
G1 X101.0759 Y99.8216 Z15.0264 E0.00739 F600
G1 X101.0138 Y99.7510 Z14.8800 E0.01562 F600
G1 X100.9868 Y99.6238 Z14.6800 E0.02143 F600
G1 X101.0259 Y99.4639 Z14.4800 E0.02326 F600
G1 X101.1455 Y99.3091 Z14.3336 E0.02194 F600
G1 X101.3317 Y99.2008 Z14.2800 E0.01993 F600
G1 X101.5445 Y99.1678 Z14.3336 E0.01993 F600
G1 X101.7349 Y99.2129 Z14.4800 E0.02194 F600
G1 X101.8660 Y99.3124 Z14.6800 E0.02326 F600
G1 X101.9250 Y99.4284 Z14.8800 E0.02143 F600
G1 X101.9212 Y99.5222 Z15.0264 E0.01562 F600
G1 X101.8763 Y99.5656 Z15.0800 E0.00739 F600
G1 X101.8176 Y99.5443 Z15.0264 E0.00739 F600
G1 X101.7759 Y99.4600 Z14.8800 E0.01562 F600
G1 X101.7827 Y99.3301 Z14.6800 E0.02143 F600
G1 X101.8620 Y99.1859 Z14.4800 E0.02326 F600
G1 X102.0176 Y99.0672 Z14.3336 E0.02194 F600
G1 X102.2254 Y99.0108 Z14.2800 E0.01993 F600
G1 X102.4395 Y99.0340 Z14.3336 E0.01993 F600
G1 X102.6117 Y99.1268 Z14.4800 E0.02194 F600
G1 X102.7126 Y99.2570 Z14.6800 E0.02326 F600
G1 X102.7396 Y99.3842 Z14.8800 E0.02143 F600
G1 X102.7116 Y99.4739 Z15.0264 E0.01562 F600
G1 X102.6570 Y99.5041 Z15.0800 E0.00739 F600
G1 X102.6059 Y99.4684 Z15.0264 E0.00739 F600
G1 X102.5874 Y99.3762 Z14.8800 E0.01562 F600
G1 X102.6276 Y99.2525 Z14.6800 E0.02143 F600
G1 X102.7415 Y99.1336 Z14.4800 E0.02326 F600
G1 X102.9225 Y99.0593 Z14.3336 E0.02194 F600
G1 X103.1378 Y99.0586 Z14.2800 E0.01993 F600
G1 X103.3386 Y99.1365 Z14.3336 E0.01993 F600
G1 X103.4810 Y99.2707 Z14.4800 E0.02194 F600
G1 X103.5447 Y99.4225 Z14.6800 E0.02326 F600
G1 X103.5379 Y99.5524 Z14.8800 E0.02143 F600
G1 X103.4876 Y99.6318 Z15.0264 E0.01562 F600
G1 X103.4271 Y99.6468 Z15.0800 E0.00739 F600
G1 X103.3869 Y99.5991 Z15.0264 E0.00739 F600
G1 X103.3929 Y99.5053 Z14.8800 E0.01562 F600
G1 X103.4638 Y99.3962 Z14.6800 E0.02143 F600
G1 X103.6045 Y99.3109 Z14.4800 E0.02326 F600
G1 X103.7986 Y99.2859 Z14.3336 E0.02194 F600
G1 X104.0068 Y99.3410 Z14.2800 E0.01993 F600
G1 X104.1806 Y99.4681 Z14.3336 E0.01993 F600
G1 X104.2833 Y99.6346 Z14.4800 E0.02194 F600
G1 X104.3056 Y99.7977 Z14.6800 E0.02326 F600
G1 X104.2654 Y99.9214 Z14.8800 E0.02143 F600
G1 X104.1963 Y99.9851 Z15.0264 E0.01562 F600
G1 X104.1339 Y99.9840 Z15.0800 E0.00739 F600
G1 X104.1075 Y99.9275 Z15.0264 E0.00739 F600
G1 X104.1376 Y99.8384 Z14.8800 E0.01562 F600
G1 X104.2342 Y99.7514 Z14.6800 E0.02143 F600
G1 X104.3923 Y99.7054 Z14.4800 E0.02326 F600
G1 X104.5862 Y99.7315 Z14.3336 E0.02194 F600
G1 X104.7731 Y99.8386 Z14.2800 E0.01993 F600
G1 X104.9080 Y100.0064 Z14.3336 E0.01993 F600
G1 X104.9642 Y100.1938 Z14.4800 E0.02194 F600
G1 X104.9435 Y100.3571 Z14.6800 E0.02326 F600
G1 X104.8726 Y100.4662 Z14.8800 E0.02143 F600
G1 X104.7894 Y100.5098 Z15.0264 E0.01562 F600
G1 X104.7294 Y100.4926 Z15.0800 E0.00739 F600
G1 X104.7186 Y100.4312 Z15.0264 E0.00739 F600
G1 X104.7707 Y100.3530 Z14.8800 E0.01562 F600
G1 X104.8865 Y100.2939 Z14.6800 E0.02143 F600
G1 X105.0511 Y100.2904 Z14.4800 E0.02326 F600
G1 X105.2316 Y100.3658 Z14.3336 E0.02194 F600
G1 X105.3844 Y100.5176 Z14.2800 E0.01993 F600
G1 X105.4714 Y100.7146 Z14.3336 E0.01993 F600
G1 X105.4771 Y100.9102 Z14.4800 E0.02194 F600
G1 X105.4148 Y101.0626 Z14.6800 E0.02326 F600
G1 X105.3182 Y101.1496 Z14.8800 E0.02143 F600
G1 X105.2265 Y101.1702 Z15.0264 E0.01562 F600
G1 X105.1730 Y101.1380 Z15.0800 E0.00739 F600
G1 X105.1784 Y101.0759 Z15.0264 E0.00739 F600
G1 X105.2490 Y101.0138 Z14.8800 E0.01562 F600
G1 X105.3762 Y100.9868 Z14.6800 E0.02143 F600
G1 X105.5361 Y101.0259 Z14.4800 E0.02326 F600
G1 X105.6909 Y101.1455 Z14.3336 E0.02194 F600
G1 X105.7992 Y101.3317 Z14.2800 E0.01993 F600
G1 X105.8322 Y101.5445 Z14.3336 E0.01993 F600
G1 X105.7871 Y101.7349 Z14.4800 E0.02194 F600
G1 X105.6876 Y101.8660 Z14.6800 E0.02326 F600
G1 X105.5716 Y101.9250 Z14.8800 E0.02143 F600
G1 X105.4778 Y101.9212 Z15.0264 E0.01562 F600
G1 X105.4344 Y101.8763 Z15.0800 E0.00739 F600
G1 X105.4557 Y101.8176 Z15.0264 E0.00739 F600
G1 X105.5400 Y101.7759 Z14.8800 E0.01562 F600
G1 X105.6699 Y101.7827 Z14.6800 E0.02143 F600
G1 X105.8141 Y101.8620 Z14.4800 E0.02326 F600
G1 X105.9328 Y102.0176 Z14.3336 E0.02194 F600
G1 X105.9892 Y102.2254 Z14.2800 E0.01993 F600
G1 X105.9660 Y102.4395 Z14.3336 E0.01993 F600
G1 X105.8732 Y102.6117 Z14.4800 E0.02194 F600
G1 X105.7430 Y102.7126 Z14.6800 E0.02326 F600
G1 X105.6158 Y102.7396 Z14.8800 E0.02143 F600
G1 X105.5261 Y102.7116 Z15.0264 E0.01562 F600
G1 X105.4959 Y102.6570 Z15.0800 E0.00739 F600
G1 X105.5316 Y102.6059 Z15.0264 E0.00739 F600
G1 X105.6238 Y102.5874 Z14.8800 E0.01562 F600
G1 X105.7475 Y102.6276 Z14.6800 E0.02143 F600
G1 X105.8664 Y102.7415 Z14.4800 E0.02326 F600
G1 X105.9407 Y102.9225 Z14.3336 E0.02194 F600
G1 X105.9414 Y103.1378 Z14.2800 E0.01993 F600
G1 X105.8635 Y103.3386 Z14.3336 E0.01993 F600
G1 X105.7293 Y103.4810 Z14.4800 E0.02194 F600
G1 X105.5775 Y103.5447 Z14.6800 E0.02326 F600
G1 X105.4476 Y103.5379 Z14.8800 E0.02143 F600
G1 X105.3682 Y103.4876 Z15.0264 E0.01562 F600
G1 X105.3532 Y103.4271 Z15.0800 E0.00739 F600
G1 X105.4009 Y103.3869 Z15.0264 E0.00739 F600
G1 X105.4947 Y103.3929 Z14.8800 E0.01562 F600
G1 X105.6038 Y103.4638 Z14.6800 E0.02143 F600
G1 X105.6891 Y103.6045 Z14.4800 E0.02326 F600
G1 X105.7141 Y103.7986 Z14.3336 E0.02194 F600
G1 X105.6590 Y104.0068 Z14.2800 E0.01993 F600
G1 X105.5319 Y104.1806 Z14.3336 E0.01993 F600
G1 X105.3654 Y104.2833 Z14.4800 E0.02194 F600
G1 X105.2023 Y104.3056 Z14.6800 E0.02326 F600
G1 X105.0786 Y104.2654 Z14.8800 E0.02143 F600
G1 X105.0149 Y104.1963 Z15.0264 E0.01562 F600
G1 X105.0160 Y104.1339 Z15.0800 E0.00739 F600
G1 X105.0725 Y104.1075 Z15.0264 E0.00739 F600
G1 X105.1616 Y104.1376 Z14.8800 E0.01562 F600
G1 X105.2486 Y104.2342 Z14.6800 E0.02143 F600
G1 X105.2946 Y104.3923 Z14.4800 E0.02326 F600
G1 X105.2685 Y104.5862 Z14.3336 E0.02194 F600
G1 X105.1614 Y104.7731 Z14.2800 E0.01993 F600
G1 X104.9936 Y104.9080 Z14.3336 E0.01993 F600
G1 X104.8062 Y104.9642 Z14.4800 E0.02194 F600
G1 X104.6429 Y104.9435 Z14.6800 E0.02326 F600
G1 X104.5338 Y104.8726 Z14.8800 E0.02143 F600
G1 X104.4902 Y104.7894 Z15.0264 E0.01562 F600
G1 X104.5074 Y104.7294 Z15.0800 E0.00739 F600
G1 X104.5688 Y104.7186 Z15.0264 E0.00739 F600
G1 X104.6470 Y104.7707 Z14.8800 E0.01562 F600
G1 X104.7061 Y104.8865 Z14.6800 E0.02143 F600
G1 X104.7096 Y105.0511 Z14.4800 E0.02326 F600
G1 X104.6342 Y105.2316 Z14.3336 E0.02194 F600
G1 X104.4824 Y105.3844 Z14.2800 E0.01993 F600
G1 X104.2854 Y105.4714 Z14.3336 E0.01993 F600
G1 X104.0898 Y105.4771 Z14.4800 E0.02194 F600
G1 X103.9374 Y105.4148 Z14.6800 E0.02326 F600
G1 X103.8504 Y105.3182 Z14.8800 E0.02143 F600
G1 X103.8298 Y105.2265 Z15.0264 E0.01562 F600
G1 X103.8620 Y105.1730 Z15.0800 E0.00739 F600
G1 X103.9241 Y105.1784 Z15.0264 E0.00739 F600
G1 X103.9862 Y105.2490 Z14.8800 E0.01562 F600
G1 X104.0132 Y105.3762 Z14.6800 E0.02143 F600
G1 X103.9741 Y105.5361 Z14.4800 E0.02326 F600
G1 X103.8545 Y105.6909 Z14.3336 E0.02194 F600
G1 X103.6683 Y105.7992 Z14.2800 E0.01993 F600
G1 X103.4555 Y105.8322 Z14.3336 E0.01993 F600
G1 X103.2651 Y105.7871 Z14.4800 E0.02194 F600
G1 X103.1340 Y105.6876 Z14.6800 E0.02326 F600
G1 X103.0750 Y105.5716 Z14.8800 E0.02143 F600
G1 X103.0788 Y105.4778 Z15.0264 E0.01562 F600
G1 X103.1237 Y105.4344 Z15.0800 E0.00739 F600
G1 X103.1824 Y105.4557 Z15.0264 E0.00739 F600
G1 X103.2241 Y105.5400 Z14.8800 E0.01562 F600
G1 X103.2173 Y105.6699 Z14.6800 E0.02143 F600
G1 X103.1380 Y105.8141 Z14.4800 E0.02326 F600
G1 X102.9824 Y105.9328 Z14.3336 E0.02194 F600
G1 X102.7746 Y105.9892 Z14.2800 E0.01993 F600
G1 X102.5605 Y105.9660 Z14.3336 E0.01993 F600
G1 X102.3883 Y105.8732 Z14.4800 E0.02194 F600
G1 X102.2874 Y105.7430 Z14.6800 E0.02326 F600
G1 X102.2604 Y105.6158 Z14.8800 E0.02143 F600
G1 X102.2884 Y105.5261 Z15.0264 E0.01562 F600
G1 X102.3430 Y105.4959 Z15.0800 E0.00739 F600
G1 X102.3941 Y105.5316 Z15.0264 E0.00739 F600
G1 X102.4126 Y105.6238 Z14.8800 E0.01562 F600
G1 X102.3724 Y105.7475 Z14.6800 E0.02143 F600
G1 X102.2585 Y105.8664 Z14.4800 E0.02326 F600
G1 X102.0775 Y105.9407 Z14.3336 E0.02194 F600
G1 X101.8622 Y105.9414 Z14.2800 E0.01993 F600
G1 X101.6614 Y105.8635 Z14.3336 E0.01993 F600
G1 X101.5190 Y105.7293 Z14.4800 E0.02194 F600
G1 X101.4553 Y105.5775 Z14.6800 E0.02326 F600
G1 X101.4621 Y105.4476 Z14.8800 E0.02143 F600
G1 X101.5124 Y105.3682 Z15.0264 E0.01562 F600
G1 X101.5729 Y105.3532 Z15.0800 E0.00739 F600
G1 X101.6131 Y105.4009 Z15.0264 E0.00739 F600
G1 X101.6071 Y105.4947 Z14.8800 E0.01562 F600
G1 X101.5362 Y105.6038 Z14.6800 E0.02143 F600
G1 X101.3955 Y105.6891 Z14.4800 E0.02326 F600
G1 X101.2014 Y105.7141 Z14.3336 E0.02194 F600
G1 X100.9932 Y105.6590 Z14.2800 E0.01993 F600
G1 X100.8194 Y105.5319 Z14.3336 E0.01993 F600
G1 X100.7167 Y105.3654 Z14.4800 E0.02194 F600
G1 X100.6944 Y105.2023 Z14.6800 E0.02326 F600
G1 X100.7346 Y105.0786 Z14.8800 E0.02143 F600
G1 X100.8037 Y105.0149 Z15.0264 E0.01562 F600
G1 X100.8661 Y105.0160 Z15.0800 E0.00739 F600
G1 X100.8925 Y105.0725 Z15.0264 E0.00739 F600
G1 X100.8624 Y105.1616 Z14.8800 E0.01562 F600
G1 X100.7658 Y105.2486 Z14.6800 E0.02143 F600
G1 X100.6077 Y105.2946 Z14.4800 E0.02326 F600
G1 X100.4138 Y105.2685 Z14.3336 E0.02194 F600
G1 X100.2269 Y105.1614 Z14.2800 E0.01993 F600
G1 X100.0920 Y104.9936 Z14.3336 E0.01993 F600
G1 X100.0358 Y104.8062 Z14.4800 E0.02194 F600
G1 X100.0565 Y104.6429 Z14.6800 E0.02326 F600
G1 X100.1274 Y104.5338 Z14.8800 E0.02143 F600
G1 X100.2106 Y104.4902 Z15.0264 E0.01562 F600
G1 X100.2706 Y104.5074 Z15.0800 E0.00739 F600
G1 X100.2814 Y104.5688 Z15.0264 E0.00739 F600
G1 X100.2293 Y104.6470 Z14.8800 E0.01562 F600
G1 X100.1135 Y104.7061 Z14.6800 E0.02143 F600
G1 X99.9489 Y104.7096 Z14.4800 E0.02326 F600
G1 X99.7684 Y104.6342 Z14.3336 E0.02194 F600
G1 X99.6156 Y104.4824 Z14.2800 E0.01993 F600
G1 X99.5286 Y104.2854 Z14.3336 E0.01993 F600
G1 X99.5229 Y104.0898 Z14.4800 E0.02194 F600
G1 X99.5852 Y103.9374 Z14.6800 E0.02326 F600
G1 X99.6818 Y103.8504 Z14.8800 E0.02143 F600
G1 X99.7735 Y103.8298 Z15.0264 E0.01562 F600
G1 X99.8270 Y103.8620 Z15.0800 E0.00739 F600
G1 X99.8216 Y103.9241 Z15.0264 E0.00739 F600
G1 X99.7510 Y103.9862 Z14.8800 E0.01562 F600
G1 X99.6238 Y104.0132 Z14.6800 E0.02143 F600
G1 X99.4639 Y103.9741 Z14.4800 E0.02326 F600
G1 X99.3091 Y103.8545 Z14.3336 E0.02194 F600
G1 X99.2008 Y103.6683 Z14.2800 E0.01993 F600
G1 X99.1678 Y103.4555 Z14.3336 E0.01993 F600
G1 X99.2129 Y103.2651 Z14.4800 E0.02194 F600
G1 X99.3124 Y103.1340 Z14.6800 E0.02326 F600
G1 X99.4284 Y103.0750 Z14.8800 E0.02143 F600
G1 X99.5222 Y103.0788 Z15.0264 E0.01562 F600
G1 X99.5656 Y103.1237 Z15.0800 E0.00739 F600
G1 X99.5443 Y103.1824 Z15.0264 E0.00739 F600
G1 X99.4600 Y103.2241 Z14.8800 E0.01562 F600
G1 X99.3301 Y103.2173 Z14.6800 E0.02143 F600
G1 X99.1859 Y103.1380 Z14.4800 E0.02326 F600
G1 X99.0672 Y102.9824 Z14.3336 E0.02194 F600
G1 X99.0108 Y102.7746 Z14.2800 E0.01993 F600
G1 X99.0340 Y102.5605 Z14.3336 E0.01993 F600
G1 X99.1268 Y102.3883 Z14.4800 E0.02194 F600
G1 X99.2570 Y102.2874 Z14.6800 E0.02326 F600
G1 X99.3842 Y102.2604 Z14.8800 E0.02143 F600
G1 X99.4739 Y102.2884 Z15.0264 E0.01562 F600
G1 X99.5041 Y102.3430 Z15.0800 E0.00739 F600
G1 X99.4684 Y102.3941 Z15.0264 E0.00739 F600
G1 X99.3762 Y102.4126 Z14.8800 E0.01562 F600
G1 X99.2525 Y102.3724 Z14.6800 E0.02143 F600
G1 X99.1336 Y102.2585 Z14.4800 E0.02326 F600
G1 X99.0593 Y102.0775 Z14.3336 E0.02194 F600
G1 X99.0586 Y101.8622 Z14.2800 E0.01993 F600
G1 X99.1365 Y101.6614 Z14.3336 E0.01993 F600
G1 X99.2707 Y101.5190 Z14.4800 E0.02194 F600
G1 X99.4225 Y101.4553 Z14.6800 E0.02326 F600
G1 X99.5524 Y101.4621 Z14.8800 E0.02143 F600
G1 X99.6318 Y101.5124 Z15.0264 E0.01562 F600
G1 X99.6468 Y101.5729 Z15.0800 E0.00739 F600
G1 X99.5991 Y101.6131 Z15.0264 E0.00739 F600
G1 X99.5053 Y101.6071 Z14.8800 E0.01562 F600
G1 X99.3962 Y101.5362 Z14.6800 E0.02143 F600
G1 X99.3109 Y101.3955 Z14.4800 E0.02326 F600
G1 X99.2859 Y101.2014 Z14.3336 E0.02194 F600
G1 X99.3410 Y100.9932 Z14.2800 E0.01993 F600
G1 X99.4681 Y100.8194 Z14.3336 E0.01993 F600
G1 X99.6346 Y100.7167 Z14.4800 E0.02194 F600
G1 X99.7977 Y100.6944 Z14.6800 E0.02326 F600
G1 X99.9214 Y100.7346 Z14.8800 E0.02143 F600
G1 X99.9851 Y100.8037 Z15.0264 E0.01562 F600
G1 X99.9840 Y100.8661 Z15.0800 E0.00739 F600
G1 X99.9275 Y100.8925 Z15.0264 E0.00739 F600
G1 X99.8384 Y100.8624 Z14.8800 E0.01562 F600
G1 X99.7514 Y100.7658 Z14.6800 E0.02143 F600
G1 X99.7054 Y100.6077 Z14.4800 E0.02326 F600
G1 X99.7315 Y100.4138 Z14.3336 E0.02194 F600
G1 X99.8386 Y100.2269 Z14.2800 E0.01993 F600
G1 X100.0064 Y100.0920 Z14.3336 E0.01993 F600
G1 X100.1938 Y100.0358 Z14.4800 E0.02194 F600
G1 X100.3571 Y100.0565 Z14.6800 E0.02326 F600
G1 X100.4662 Y100.1274 Z14.8800 E0.02143 F600
G1 X100.5098 Y100.2106 Z15.0264 E0.01562 F600
G1 X100.4926 Y100.2706 Z15.0800 E0.00739 F600
; row 29/38
G1 X100.7384 Y100.0304 Z15.5264 E0.05059 F600
G1 X100.6677 Y99.9685 Z15.3800 E0.01562 F600
G1 X100.6243 Y99.8459 Z15.1800 E0.02143 F600
G1 X100.6423 Y99.6823 Z14.9800 E0.02326 F600
G1 X100.7406 Y99.5132 Z14.8336 E0.02194 F600
G1 X100.9110 Y99.3815 Z14.7800 E0.01993 F600
G1 X101.1177 Y99.3210 Z14.8336 E0.01993 F600
G1 X101.3124 Y99.3409 Z14.9800 E0.02194 F600
G1 X101.4553 Y99.4225 Z15.1800 E0.02326 F600
G1 X101.5290 Y99.5297 Z15.3800 E0.02143 F600
G1 X101.5375 Y99.6233 Z15.5264 E0.01562 F600
G1 X101.4986 Y99.6721 Z15.5800 E0.00739 F600
G1 X101.4376 Y99.6586 Z15.5264 E0.00739 F600
G1 X101.3853 Y99.5806 Z15.3800 E0.01562 F600
G1 X101.3751 Y99.4509 Z15.1800 E0.02143 F600
G1 X101.4348 Y99.2975 Z14.9800 E0.02326 F600
G1 X101.5736 Y99.1596 Z14.8336 E0.02194 F600
G1 X101.7723 Y99.0765 Z14.7800 E0.01993 F600
G1 X101.9876 Y99.0716 Z14.8336 E0.01993 F600
G1 X102.1705 Y99.1411 Z14.9800 E0.02194 F600
G1 X102.2874 Y99.2570 Z15.1800 E0.02326 F600
G1 X102.3308 Y99.3796 Z15.3800 E0.02143 F600
G1 X102.3148 Y99.4722 Z15.5264 E0.01562 F600
G1 X102.2646 Y99.5092 Z15.5800 E0.00739 F600
G1 X102.2093 Y99.4805 Z15.5264 E0.00739 F600
G1 X102.1789 Y99.3915 Z15.3800 E0.01562 F600
G1 X102.2026 Y99.2636 Z15.1800 E0.02143 F600
G1 X102.3000 Y99.1309 Z14.9800 E0.02326 F600
G1 X102.4697 Y99.0336 Z14.8336 E0.02194 F600
G1 X102.6832 Y99.0048 Z14.7800 E0.01993 F600
G1 X102.8924 Y99.0558 Z14.8336 E0.01993 F600
G1 X103.0511 Y99.1703 Z14.9800 E0.02194 F600
G1 X103.1340 Y99.3124 Z15.1800 E0.02326 F600
G1 X103.1442 Y99.4421 Z15.3800 E0.02143 F600
G1 X103.1048 Y99.5274 Z15.5264 E0.01562 F600
G1 X103.0467 Y99.5502 Z15.5800 E0.00739 F600
G1 X103.0007 Y99.5081 Z15.5264 E0.00739 F600
G1 X102.9944 Y99.4144 Z15.3800 E0.01562 F600
G1 X103.0504 Y99.2969 Z15.1800 E0.02143 F600
G1 X103.1788 Y99.1940 Z14.9800 E0.02326 F600
G1 X103.3679 Y99.1439 Z14.8336 E0.02194 F600
G1 X103.5816 Y99.1713 Z14.7800 E0.01993 F600
G1 X103.7705 Y99.2747 Z14.8336 E0.01993 F600
G1 X103.8941 Y99.4264 Z14.9800 E0.02194 F600
G1 X103.9374 Y99.5852 Z15.1800 E0.02326 F600
G1 X103.9137 Y99.7131 Z15.3800 E0.02143 F600
G1 X103.8535 Y99.7852 Z15.5264 E0.01562 F600
G1 X103.7915 Y99.7922 Z15.5800 E0.00739 F600
G1 X103.7580 Y99.7396 Z15.5264 E0.00739 F600
G1 X103.7762 Y99.6475 Z15.3800 E0.01562 F600
G1 X103.8606 Y99.5485 Z15.1800 E0.02143 F600
G1 X104.0113 Y99.4823 Z14.9800 E0.02326 F600
G1 X104.2070 Y99.4829 Z14.8336 E0.02194 F600
G1 X104.4062 Y99.5647 Z14.7800 E0.01993 F600
G1 X104.5620 Y99.7134 Z14.8336 E0.01993 F600
G1 X104.6421 Y99.8919 Z14.9800 E0.02194 F600
G1 X104.6429 Y100.0565 Z15.1800 E0.02326 F600
G1 X104.5869 Y100.1739 Z15.3800 E0.02143 F600
G1 X104.5101 Y100.2280 Z15.5264 E0.01562 F600
G1 X104.4483 Y100.2188 Z15.5800 E0.00739 F600
G1 X104.4295 Y100.1593 Z15.5264 E0.00739 F600
G1 X104.4710 Y100.0750 Z15.3800 E0.01562 F600
G1 X104.5782 Y100.0013 Z15.1800 E0.02143 F600
G1 X104.7409 Y99.9763 Z14.9800 E0.02326 F600
G1 X104.9297 Y100.0275 Z14.8336 E0.02194 F600
G1 X105.1010 Y100.1580 Z14.7800 E0.01993 F600
G1 X105.2129 Y100.3420 Z14.8336 E0.01993 F600
G1 X105.2441 Y100.5352 Z14.9800 E0.02194 F600
G1 X105.2023 Y100.6944 Z15.1800 E0.02326 F600
G1 X105.1178 Y100.7933 Z15.3800 E0.02143 F600
G1 X105.0296 Y100.8257 Z15.5264 E0.01562 F600
G1 X104.9724 Y100.8008 Z15.5800 E0.00739 F600
G1 X104.9696 Y100.7384 Z15.5264 E0.00739 F600
G1 X105.0315 Y100.6677 Z15.3800 E0.01562 F600
G1 X105.1541 Y100.6243 Z15.1800 E0.02143 F600
G1 X105.3177 Y100.6423 Z14.9800 E0.02326 F600
G1 X105.4868 Y100.7406 Z14.8336 E0.02194 F600
G1 X105.6185 Y100.9110 Z14.7800 E0.01993 F600
G1 X105.6790 Y101.1177 Z14.8336 E0.01993 F600
G1 X105.6591 Y101.3124 Z14.9800 E0.02194 F600
G1 X105.5775 Y101.4553 Z15.1800 E0.02326 F600
G1 X105.4703 Y101.5290 Z15.3800 E0.02143 F600
G1 X105.3767 Y101.5375 Z15.5264 E0.01562 F600
G1 X105.3279 Y101.4986 Z15.5800 E0.00739 F600
G1 X105.3414 Y101.4376 Z15.5264 E0.00739 F600
G1 X105.4194 Y101.3853 Z15.3800 E0.01562 F600
G1 X105.5491 Y101.3751 Z15.1800 E0.02143 F600
G1 X105.7025 Y101.4348 Z14.9800 E0.02326 F600
G1 X105.8404 Y101.5736 Z14.8336 E0.02194 F600
G1 X105.9235 Y101.7723 Z14.7800 E0.01993 F600
G1 X105.9284 Y101.9876 Z14.8336 E0.01993 F600
G1 X105.8589 Y102.1705 Z14.9800 E0.02194 F600
G1 X105.7430 Y102.2874 Z15.1800 E0.02326 F600
G1 X105.6204 Y102.3308 Z15.3800 E0.02143 F600
G1 X105.5278 Y102.3148 Z15.5264 E0.01562 F600
G1 X105.4908 Y102.2646 Z15.5800 E0.00739 F600
G1 X105.5195 Y102.2093 Z15.5264 E0.00739 F600
G1 X105.6085 Y102.1789 Z15.3800 E0.01562 F600
G1 X105.7364 Y102.2026 Z15.1800 E0.02143 F600
G1 X105.8691 Y102.3000 Z14.9800 E0.02326 F600
G1 X105.9664 Y102.4697 Z14.8336 E0.02194 F600
G1 X105.9952 Y102.6832 Z14.7800 E0.01993 F600
G1 X105.9442 Y102.8924 Z14.8336 E0.01993 F600
G1 X105.8297 Y103.0511 Z14.9800 E0.02194 F600
G1 X105.6876 Y103.1340 Z15.1800 E0.02326 F600
G1 X105.5579 Y103.1442 Z15.3800 E0.02143 F600
G1 X105.4726 Y103.1048 Z15.5264 E0.01562 F600
G1 X105.4498 Y103.0467 Z15.5800 E0.00739 F600
G1 X105.4919 Y103.0007 Z15.5264 E0.00739 F600
G1 X105.5856 Y102.9944 Z15.3800 E0.01562 F600
G1 X105.7031 Y103.0504 Z15.1800 E0.02143 F600
G1 X105.8060 Y103.1788 Z14.9800 E0.02326 F600
G1 X105.8561 Y103.3679 Z14.8336 E0.02194 F600
G1 X105.8287 Y103.5816 Z14.7800 E0.01993 F600
G1 X105.7253 Y103.7705 Z14.8336 E0.01993 F600
G1 X105.5736 Y103.8941 Z14.9800 E0.02194 F600
G1 X105.4148 Y103.9374 Z15.1800 E0.02326 F600
G1 X105.2869 Y103.9137 Z15.3800 E0.02143 F600
G1 X105.2148 Y103.8535 Z15.5264 E0.01562 F600
G1 X105.2078 Y103.7915 Z15.5800 E0.00739 F600
G1 X105.2604 Y103.7580 Z15.5264 E0.00739 F600
G1 X105.3525 Y103.7762 Z15.3800 E0.01562 F600
G1 X105.4515 Y103.8606 Z15.1800 E0.02143 F600
G1 X105.5177 Y104.0113 Z14.9800 E0.02326 F600
G1 X105.5171 Y104.2070 Z14.8336 E0.02194 F600
G1 X105.4353 Y104.4062 Z14.7800 E0.01993 F600
G1 X105.2866 Y104.5620 Z14.8336 E0.01993 F600
G1 X105.1081 Y104.6421 Z14.9800 E0.02194 F600
G1 X104.9435 Y104.6429 Z15.1800 E0.02326 F600
G1 X104.8261 Y104.5869 Z15.3800 E0.02143 F600
G1 X104.7720 Y104.5101 Z15.5264 E0.01562 F600
G1 X104.7812 Y104.4483 Z15.5800 E0.00739 F600
G1 X104.8407 Y104.4295 Z15.5264 E0.00739 F600
G1 X104.9250 Y104.4710 Z15.3800 E0.01562 F600
G1 X104.9987 Y104.5782 Z15.1800 E0.02143 F600
G1 X105.0237 Y104.7409 Z14.9800 E0.02326 F600
G1 X104.9725 Y104.9297 Z14.8336 E0.02194 F600
G1 X104.8420 Y105.1010 Z14.7800 E0.01993 F600
G1 X104.6580 Y105.2129 Z14.8336 E0.01993 F600
G1 X104.4648 Y105.2441 Z14.9800 E0.02194 F600
G1 X104.3056 Y105.2023 Z15.1800 E0.02326 F600
G1 X104.2067 Y105.1178 Z15.3800 E0.02143 F600
G1 X104.1743 Y105.0296 Z15.5264 E0.01562 F600
G1 X104.1992 Y104.9724 Z15.5800 E0.00739 F600
G1 X104.2616 Y104.9696 Z15.5264 E0.00739 F600
G1 X104.3323 Y105.0315 Z15.3800 E0.01562 F600
G1 X104.3757 Y105.1541 Z15.1800 E0.02143 F600
G1 X104.3577 Y105.3177 Z14.9800 E0.02326 F600
G1 X104.2594 Y105.4868 Z14.8336 E0.02194 F600
G1 X104.0890 Y105.6185 Z14.7800 E0.01993 F600
G1 X103.8823 Y105.6790 Z14.8336 E0.01993 F600
G1 X103.6876 Y105.6591 Z14.9800 E0.02194 F600
G1 X103.5447 Y105.5775 Z15.1800 E0.02326 F600
G1 X103.4710 Y105.4703 Z15.3800 E0.02143 F600
G1 X103.4625 Y105.3767 Z15.5264 E0.01562 F600
G1 X103.5014 Y105.3279 Z15.5800 E0.00739 F600
G1 X103.5624 Y105.3414 Z15.5264 E0.00739 F600
G1 X103.6147 Y105.4194 Z15.3800 E0.01562 F600
G1 X103.6249 Y105.5491 Z15.1800 E0.02143 F600
G1 X103.5652 Y105.7025 Z14.9800 E0.02326 F600
G1 X103.4264 Y105.8404 Z14.8336 E0.02194 F600
G1 X103.2277 Y105.9235 Z14.7800 E0.01993 F600
G1 X103.0124 Y105.9284 Z14.8336 E0.01993 F600
G1 X102.8295 Y105.8589 Z14.9800 E0.02194 F600
G1 X102.7126 Y105.7430 Z15.1800 E0.02326 F600
G1 X102.6692 Y105.6204 Z15.3800 E0.02143 F600
G1 X102.6852 Y105.5278 Z15.5264 E0.01562 F600
G1 X102.7354 Y105.4908 Z15.5800 E0.00739 F600
G1 X102.7907 Y105.5195 Z15.5264 E0.00739 F600
G1 X102.8211 Y105.6085 Z15.3800 E0.01562 F600
G1 X102.7974 Y105.7364 Z15.1800 E0.02143 F600
G1 X102.7000 Y105.8691 Z14.9800 E0.02326 F600
G1 X102.5303 Y105.9664 Z14.8336 E0.02194 F600
G1 X102.3168 Y105.9952 Z14.7800 E0.01993 F600
G1 X102.1076 Y105.9442 Z14.8336 E0.01993 F600
G1 X101.9489 Y105.8297 Z14.9800 E0.02194 F600
G1 X101.8660 Y105.6876 Z15.1800 E0.02326 F600
G1 X101.8558 Y105.5579 Z15.3800 E0.02143 F600
G1 X101.8952 Y105.4726 Z15.5264 E0.01562 F600
G1 X101.9533 Y105.4498 Z15.5800 E0.00739 F600
G1 X101.9993 Y105.4919 Z15.5264 E0.00739 F600
G1 X102.0056 Y105.5856 Z15.3800 E0.01562 F600
G1 X101.9496 Y105.7031 Z15.1800 E0.02143 F600
G1 X101.8212 Y105.8060 Z14.9800 E0.02326 F600
G1 X101.6321 Y105.8561 Z14.8336 E0.02194 F600
G1 X101.4184 Y105.8287 Z14.7800 E0.01993 F600
G1 X101.2295 Y105.7253 Z14.8336 E0.01993 F600
G1 X101.1059 Y105.5736 Z14.9800 E0.02194 F600
G1 X101.0626 Y105.4148 Z15.1800 E0.02326 F600
G1 X101.0863 Y105.2869 Z15.3800 E0.02143 F600
G1 X101.1465 Y105.2148 Z15.5264 E0.01562 F600
G1 X101.2085 Y105.2078 Z15.5800 E0.00739 F600
G1 X101.2420 Y105.2604 Z15.5264 E0.00739 F600
G1 X101.2238 Y105.3525 Z15.3800 E0.01562 F600
G1 X101.1394 Y105.4515 Z15.1800 E0.02143 F600
G1 X100.9887 Y105.5177 Z14.9800 E0.02326 F600
G1 X100.7930 Y105.5171 Z14.8336 E0.02194 F600
G1 X100.5938 Y105.4353 Z14.7800 E0.01993 F600
G1 X100.4380 Y105.2866 Z14.8336 E0.01993 F600
G1 X100.3579 Y105.1081 Z14.9800 E0.02194 F600
G1 X100.3571 Y104.9435 Z15.1800 E0.02326 F600
G1 X100.4131 Y104.8261 Z15.3800 E0.02143 F600
G1 X100.4899 Y104.7720 Z15.5264 E0.01562 F600
G1 X100.5517 Y104.7812 Z15.5800 E0.00739 F600
G1 X100.5705 Y104.8407 Z15.5264 E0.00739 F600
G1 X100.5290 Y104.9250 Z15.3800 E0.01562 F600
G1 X100.4218 Y104.9987 Z15.1800 E0.02143 F600
G1 X100.2591 Y105.0237 Z14.9800 E0.02326 F600
G1 X100.0703 Y104.9725 Z14.8336 E0.02194 F600
G1 X99.8990 Y104.8420 Z14.7800 E0.01993 F600
G1 X99.7871 Y104.6580 Z14.8336 E0.01993 F600
G1 X99.7559 Y104.4648 Z14.9800 E0.02194 F600
G1 X99.7977 Y104.3056 Z15.1800 E0.02326 F600
G1 X99.8822 Y104.2067 Z15.3800 E0.02143 F600
G1 X99.9704 Y104.1743 Z15.5264 E0.01562 F600
G1 X100.0276 Y104.1992 Z15.5800 E0.00739 F600
G1 X100.0304 Y104.2616 Z15.5264 E0.00739 F600
G1 X99.9685 Y104.3323 Z15.3800 E0.01562 F600
G1 X99.8459 Y104.3757 Z15.1800 E0.02143 F600
G1 X99.6823 Y104.3577 Z14.9800 E0.02326 F600
G1 X99.5132 Y104.2594 Z14.8336 E0.02194 F600
G1 X99.3815 Y104.0890 Z14.7800 E0.01993 F600
G1 X99.3210 Y103.8823 Z14.8336 E0.01993 F600
G1 X99.3409 Y103.6876 Z14.9800 E0.02194 F600
G1 X99.4225 Y103.5447 Z15.1800 E0.02326 F600
G1 X99.5297 Y103.4710 Z15.3800 E0.02143 F600
G1 X99.6233 Y103.4625 Z15.5264 E0.01562 F600
G1 X99.6721 Y103.5014 Z15.5800 E0.00739 F600
G1 X99.6586 Y103.5624 Z15.5264 E0.00739 F600
G1 X99.5806 Y103.6147 Z15.3800 E0.01562 F600
G1 X99.4509 Y103.6249 Z15.1800 E0.02143 F600
G1 X99.2975 Y103.5652 Z14.9800 E0.02326 F600
G1 X99.1596 Y103.4264 Z14.8336 E0.02194 F600
G1 X99.0765 Y103.2277 Z14.7800 E0.01993 F600
G1 X99.0716 Y103.0124 Z14.8336 E0.01993 F600
G1 X99.1411 Y102.8295 Z14.9800 E0.02194 F600
G1 X99.2570 Y102.7126 Z15.1800 E0.02326 F600
G1 X99.3796 Y102.6692 Z15.3800 E0.02143 F600
G1 X99.4722 Y102.6852 Z15.5264 E0.01562 F600
G1 X99.5092 Y102.7354 Z15.5800 E0.00739 F600
G1 X99.4805 Y102.7907 Z15.5264 E0.00739 F600
G1 X99.3915 Y102.8211 Z15.3800 E0.01562 F600
G1 X99.2636 Y102.7974 Z15.1800 E0.02143 F600
G1 X99.1309 Y102.7000 Z14.9800 E0.02326 F600
G1 X99.0336 Y102.5303 Z14.8336 E0.02194 F600
G1 X99.0048 Y102.3168 Z14.7800 E0.01993 F600
G1 X99.0558 Y102.1076 Z14.8336 E0.01993 F600
G1 X99.1703 Y101.9489 Z14.9800 E0.02194 F600
G1 X99.3124 Y101.8660 Z15.1800 E0.02326 F600
G1 X99.4421 Y101.8558 Z15.3800 E0.02143 F600
G1 X99.5274 Y101.8952 Z15.5264 E0.01562 F600
G1 X99.5502 Y101.9533 Z15.5800 E0.00739 F600
G1 X99.5081 Y101.9993 Z15.5264 E0.00739 F600
G1 X99.4144 Y102.0056 Z15.3800 E0.01562 F600
G1 X99.2969 Y101.9496 Z15.1800 E0.02143 F600
G1 X99.1940 Y101.8212 Z14.9800 E0.02326 F600
G1 X99.1439 Y101.6321 Z14.8336 E0.02194 F600
G1 X99.1713 Y101.4184 Z14.7800 E0.01993 F600
G1 X99.2747 Y101.2295 Z14.8336 E0.01993 F600
G1 X99.4264 Y101.1059 Z14.9800 E0.02194 F600
G1 X99.5852 Y101.0626 Z15.1800 E0.02326 F600
G1 X99.7131 Y101.0863 Z15.3800 E0.02143 F600
G1 X99.7852 Y101.1465 Z15.5264 E0.01562 F600
G1 X99.7922 Y101.2085 Z15.5800 E0.00739 F600
G1 X99.7396 Y101.2420 Z15.5264 E0.00739 F600
G1 X99.6475 Y101.2238 Z15.3800 E0.01562 F600
G1 X99.5485 Y101.1394 Z15.1800 E0.02143 F600
G1 X99.4823 Y100.9887 Z14.9800 E0.02326 F600
G1 X99.4829 Y100.7930 Z14.8336 E0.02194 F600
G1 X99.5647 Y100.5938 Z14.7800 E0.01993 F600
G1 X99.7134 Y100.4380 Z14.8336 E0.01993 F600
G1 X99.8919 Y100.3579 Z14.9800 E0.02194 F600
G1 X100.0565 Y100.3571 Z15.1800 E0.02326 F600
G1 X100.1739 Y100.4131 Z15.3800 E0.02143 F600
G1 X100.2280 Y100.4899 Z15.5264 E0.01562 F600
G1 X100.2188 Y100.5517 Z15.5800 E0.00739 F600
G1 X100.1593 Y100.5705 Z15.5264 E0.00739 F600
G1 X100.0750 Y100.5290 Z15.3800 E0.01562 F600
G1 X100.0013 Y100.4218 Z15.1800 E0.02143 F600
G1 X99.9763 Y100.2591 Z14.9800 E0.02326 F600
G1 X100.0275 Y100.0703 Z14.8336 E0.02194 F600
G1 X100.1580 Y99.8990 Z14.7800 E0.01993 F600
G1 X100.3420 Y99.7871 Z14.8336 E0.01993 F600
G1 X100.5352 Y99.7559 Z14.9800 E0.02194 F600
G1 X100.6944 Y99.7977 Z15.1800 E0.02326 F600
G1 X100.7933 Y99.8822 Z15.3800 E0.02143 F600
G1 X100.8257 Y99.9704 Z15.5264 E0.01562 F600
G1 X100.8008 Y100.0276 Z15.5800 E0.00739 F600
; row 30/38
G1 X100.4312 Y100.2814 Z16.0264 E0.05682 F600
G1 X100.3530 Y100.2293 Z15.8800 E0.01562 F600
G1 X100.2939 Y100.1135 Z15.6800 E0.02143 F600
G1 X100.2904 Y99.9489 Z15.4800 E0.02326 F600
G1 X100.3658 Y99.7684 Z15.3336 E0.02194 F600
G1 X100.5176 Y99.6156 Z15.2800 E0.01993 F600
G1 X100.7146 Y99.5286 Z15.3336 E0.01993 F600
G1 X100.9102 Y99.5229 Z15.4800 E0.02194 F600
G1 X101.0626 Y99.5852 Z15.6800 E0.02326 F600
G1 X101.1496 Y99.6818 Z15.8800 E0.02143 F600
G1 X101.1702 Y99.7735 Z16.0264 E0.01562 F600
G1 X101.1380 Y99.8270 Z16.0800 E0.00739 F600
G1 X101.0759 Y99.8216 Z16.0264 E0.00739 F600
G1 X101.0138 Y99.7510 Z15.8800 E0.01562 F600
G1 X100.9868 Y99.6238 Z15.6800 E0.02143 F600
G1 X101.0259 Y99.4639 Z15.4800 E0.02326 F600
G1 X101.1455 Y99.3091 Z15.3336 E0.02194 F600
G1 X101.3317 Y99.2008 Z15.2800 E0.01993 F600
G1 X101.5445 Y99.1678 Z15.3336 E0.01993 F600
G1 X101.7349 Y99.2129 Z15.4800 E0.02194 F600
G1 X101.8660 Y99.3124 Z15.6800 E0.02326 F600
G1 X101.9250 Y99.4284 Z15.8800 E0.02143 F600
G1 X101.9212 Y99.5222 Z16.0264 E0.01562 F600
G1 X101.8763 Y99.5656 Z16.0800 E0.00739 F600
G1 X101.8176 Y99.5443 Z16.0264 E0.00739 F600
G1 X101.7759 Y99.4600 Z15.8800 E0.01562 F600
G1 X101.7827 Y99.3301 Z15.6800 E0.02143 F600
G1 X101.8620 Y99.1859 Z15.4800 E0.02326 F600
G1 X102.0176 Y99.0672 Z15.3336 E0.02194 F600
G1 X102.2254 Y99.0108 Z15.2800 E0.01993 F600
G1 X102.4395 Y99.0340 Z15.3336 E0.01993 F600
G1 X102.6117 Y99.1268 Z15.4800 E0.02194 F600
G1 X102.7126 Y99.2570 Z15.6800 E0.02326 F600
G1 X102.7396 Y99.3842 Z15.8800 E0.02143 F600
G1 X102.7116 Y99.4739 Z16.0264 E0.01562 F600
G1 X102.6570 Y99.5041 Z16.0800 E0.00739 F600
G1 X102.6059 Y99.4684 Z16.0264 E0.00739 F600
G1 X102.5874 Y99.3762 Z15.8800 E0.01562 F600
G1 X102.6276 Y99.2525 Z15.6800 E0.02143 F600
G1 X102.7415 Y99.1336 Z15.4800 E0.02326 F600
G1 X102.9225 Y99.0593 Z15.3336 E0.02194 F600
G1 X103.1378 Y99.0586 Z15.2800 E0.01993 F600
G1 X103.3386 Y99.1365 Z15.3336 E0.01993 F600
G1 X103.4810 Y99.2707 Z15.4800 E0.02194 F600
G1 X103.5447 Y99.4225 Z15.6800 E0.02326 F600
G1 X103.5379 Y99.5524 Z15.8800 E0.02143 F600
G1 X103.4876 Y99.6318 Z16.0264 E0.01562 F600
G1 X103.4271 Y99.6468 Z16.0800 E0.00739 F600
G1 X103.3869 Y99.5991 Z16.0264 E0.00739 F600
G1 X103.3929 Y99.5053 Z15.8800 E0.01562 F600
G1 X103.4638 Y99.3962 Z15.6800 E0.02143 F600
G1 X103.6045 Y99.3109 Z15.4800 E0.02326 F600
G1 X103.7986 Y99.2859 Z15.3336 E0.02194 F600
G1 X104.0068 Y99.3410 Z15.2800 E0.01993 F600
G1 X104.1806 Y99.4681 Z15.3336 E0.01993 F600
G1 X104.2833 Y99.6346 Z15.4800 E0.02194 F600
G1 X104.3056 Y99.7977 Z15.6800 E0.02326 F600
G1 X104.2654 Y99.9214 Z15.8800 E0.02143 F600
G1 X104.1963 Y99.9851 Z16.0264 E0.01562 F600
G1 X104.1339 Y99.9840 Z16.0800 E0.00739 F600
G1 X104.1075 Y99.9275 Z16.0264 E0.00739 F600
G1 X104.1376 Y99.8384 Z15.8800 E0.01562 F600
G1 X104.2342 Y99.7514 Z15.6800 E0.02143 F600
G1 X104.3923 Y99.7054 Z15.4800 E0.02326 F600
G1 X104.5862 Y99.7315 Z15.3336 E0.02194 F600
G1 X104.7731 Y99.8386 Z15.2800 E0.01993 F600
G1 X104.9080 Y100.0064 Z15.3336 E0.01993 F600
G1 X104.9642 Y100.1938 Z15.4800 E0.02194 F600
G1 X104.9435 Y100.3571 Z15.6800 E0.02326 F600
G1 X104.8726 Y100.4662 Z15.8800 E0.02143 F600
G1 X104.7894 Y100.5098 Z16.0264 E0.01562 F600
G1 X104.7294 Y100.4926 Z16.0800 E0.00739 F600
G1 X104.7186 Y100.4312 Z16.0264 E0.00739 F600
G1 X104.7707 Y100.3530 Z15.8800 E0.01562 F600
G1 X104.8865 Y100.2939 Z15.6800 E0.02143 F600
G1 X105.0511 Y100.2904 Z15.4800 E0.02326 F600
G1 X105.2316 Y100.3658 Z15.3336 E0.02194 F600
G1 X105.3844 Y100.5176 Z15.2800 E0.01993 F600
G1 X105.4714 Y100.7146 Z15.3336 E0.01993 F600
G1 X105.4771 Y100.9102 Z15.4800 E0.02194 F600
G1 X105.4148 Y101.0626 Z15.6800 E0.02326 F600
G1 X105.3182 Y101.1496 Z15.8800 E0.02143 F600
G1 X105.2265 Y101.1702 Z16.0264 E0.01562 F600
G1 X105.1730 Y101.1380 Z16.0800 E0.00739 F600
G1 X105.1784 Y101.0759 Z16.0264 E0.00739 F600
G1 X105.2490 Y101.0138 Z15.8800 E0.01562 F600
G1 X105.3762 Y100.9868 Z15.6800 E0.02143 F600
G1 X105.5361 Y101.0259 Z15.4800 E0.02326 F600
G1 X105.6909 Y101.1455 Z15.3336 E0.02194 F600
G1 X105.7992 Y101.3317 Z15.2800 E0.01993 F600
G1 X105.8322 Y101.5445 Z15.3336 E0.01993 F600
G1 X105.7871 Y101.7349 Z15.4800 E0.02194 F600
G1 X105.6876 Y101.8660 Z15.6800 E0.02326 F600
G1 X105.5716 Y101.9250 Z15.8800 E0.02143 F600
G1 X105.4778 Y101.9212 Z16.0264 E0.01562 F600
G1 X105.4344 Y101.8763 Z16.0800 E0.00739 F600
G1 X105.4557 Y101.8176 Z16.0264 E0.00739 F600
G1 X105.5400 Y101.7759 Z15.8800 E0.01562 F600
G1 X105.6699 Y101.7827 Z15.6800 E0.02143 F600
G1 X105.8141 Y101.8620 Z15.4800 E0.02326 F600
G1 X105.9328 Y102.0176 Z15.3336 E0.02194 F600
G1 X105.9892 Y102.2254 Z15.2800 E0.01993 F600
G1 X105.9660 Y102.4395 Z15.3336 E0.01993 F600
G1 X105.8732 Y102.6117 Z15.4800 E0.02194 F600
G1 X105.7430 Y102.7126 Z15.6800 E0.02326 F600
G1 X105.6158 Y102.7396 Z15.8800 E0.02143 F600
G1 X105.5261 Y102.7116 Z16.0264 E0.01562 F600
G1 X105.4959 Y102.6570 Z16.0800 E0.00739 F600
G1 X105.5316 Y102.6059 Z16.0264 E0.00739 F600
G1 X105.6238 Y102.5874 Z15.8800 E0.01562 F600
G1 X105.7475 Y102.6276 Z15.6800 E0.02143 F600
G1 X105.8664 Y102.7415 Z15.4800 E0.02326 F600
G1 X105.9407 Y102.9225 Z15.3336 E0.02194 F600
G1 X105.9414 Y103.1378 Z15.2800 E0.01993 F600
G1 X105.8635 Y103.3386 Z15.3336 E0.01993 F600
G1 X105.7293 Y103.4810 Z15.4800 E0.02194 F600
G1 X105.5775 Y103.5447 Z15.6800 E0.02326 F600
G1 X105.4476 Y103.5379 Z15.8800 E0.02143 F600
G1 X105.3682 Y103.4876 Z16.0264 E0.01562 F600
G1 X105.3532 Y103.4271 Z16.0800 E0.00739 F600
G1 X105.4009 Y103.3869 Z16.0264 E0.00739 F600
G1 X105.4947 Y103.3929 Z15.8800 E0.01562 F600
G1 X105.6038 Y103.4638 Z15.6800 E0.02143 F600
G1 X105.6891 Y103.6045 Z15.4800 E0.02326 F600
G1 X105.7141 Y103.7986 Z15.3336 E0.02194 F600
G1 X105.6590 Y104.0068 Z15.2800 E0.01993 F600
G1 X105.5319 Y104.1806 Z15.3336 E0.01993 F600
G1 X105.3654 Y104.2833 Z15.4800 E0.02194 F600
G1 X105.2023 Y104.3056 Z15.6800 E0.02326 F600
G1 X105.0786 Y104.2654 Z15.8800 E0.02143 F600
G1 X105.0149 Y104.1963 Z16.0264 E0.01562 F600
G1 X105.0160 Y104.1339 Z16.0800 E0.00739 F600
G1 X105.0725 Y104.1075 Z16.0264 E0.00739 F600
G1 X105.1616 Y104.1376 Z15.8800 E0.01562 F600
G1 X105.2486 Y104.2342 Z15.6800 E0.02143 F600
G1 X105.2946 Y104.3923 Z15.4800 E0.02326 F600
G1 X105.2685 Y104.5862 Z15.3336 E0.02194 F600
G1 X105.1614 Y104.7731 Z15.2800 E0.01993 F600
G1 X104.9936 Y104.9080 Z15.3336 E0.01993 F600
G1 X104.8062 Y104.9642 Z15.4800 E0.02194 F600
G1 X104.6429 Y104.9435 Z15.6800 E0.02326 F600
G1 X104.5338 Y104.8726 Z15.8800 E0.02143 F600
G1 X104.4902 Y104.7894 Z16.0264 E0.01562 F600
G1 X104.5074 Y104.7294 Z16.0800 E0.00739 F600
G1 X104.5688 Y104.7186 Z16.0264 E0.00739 F600
G1 X104.6470 Y104.7707 Z15.8800 E0.01562 F600
G1 X104.7061 Y104.8865 Z15.6800 E0.02143 F600
G1 X104.7096 Y105.0511 Z15.4800 E0.02326 F600
G1 X104.6342 Y105.2316 Z15.3336 E0.02194 F600
G1 X104.4824 Y105.3844 Z15.2800 E0.01993 F600
G1 X104.2854 Y105.4714 Z15.3336 E0.01993 F600
G1 X104.0898 Y105.4771 Z15.4800 E0.02194 F600
G1 X103.9374 Y105.4148 Z15.6800 E0.02326 F600
G1 X103.8504 Y105.3182 Z15.8800 E0.02143 F600
G1 X103.8298 Y105.2265 Z16.0264 E0.01562 F600
G1 X103.8620 Y105.1730 Z16.0800 E0.00739 F600
G1 X103.9241 Y105.1784 Z16.0264 E0.00739 F600
G1 X103.9862 Y105.2490 Z15.8800 E0.01562 F600
G1 X104.0132 Y105.3762 Z15.6800 E0.02143 F600
G1 X103.9741 Y105.5361 Z15.4800 E0.02326 F600
G1 X103.8545 Y105.6909 Z15.3336 E0.02194 F600
G1 X103.6683 Y105.7992 Z15.2800 E0.01993 F600
G1 X103.4555 Y105.8322 Z15.3336 E0.01993 F600
G1 X103.2651 Y105.7871 Z15.4800 E0.02194 F600
G1 X103.1340 Y105.6876 Z15.6800 E0.02326 F600
G1 X103.0750 Y105.5716 Z15.8800 E0.02143 F600
G1 X103.0788 Y105.4778 Z16.0264 E0.01562 F600
G1 X103.1237 Y105.4344 Z16.0800 E0.00739 F600
G1 X103.1824 Y105.4557 Z16.0264 E0.00739 F600
G1 X103.2241 Y105.5400 Z15.8800 E0.01562 F600
G1 X103.2173 Y105.6699 Z15.6800 E0.02143 F600
G1 X103.1380 Y105.8141 Z15.4800 E0.02326 F600
G1 X102.9824 Y105.9328 Z15.3336 E0.02194 F600
G1 X102.7746 Y105.9892 Z15.2800 E0.01993 F600
G1 X102.5605 Y105.9660 Z15.3336 E0.01993 F600
G1 X102.3883 Y105.8732 Z15.4800 E0.02194 F600
G1 X102.2874 Y105.7430 Z15.6800 E0.02326 F600
G1 X102.2604 Y105.6158 Z15.8800 E0.02143 F600
G1 X102.2884 Y105.5261 Z16.0264 E0.01562 F600
G1 X102.3430 Y105.4959 Z16.0800 E0.00739 F600
G1 X102.3941 Y105.5316 Z16.0264 E0.00739 F600
G1 X102.4126 Y105.6238 Z15.8800 E0.01562 F600
G1 X102.3724 Y105.7475 Z15.6800 E0.02143 F600
G1 X102.2585 Y105.8664 Z15.4800 E0.02326 F600
G1 X102.0775 Y105.9407 Z15.3336 E0.02194 F600
G1 X101.8622 Y105.9414 Z15.2800 E0.01993 F600
G1 X101.6614 Y105.8635 Z15.3336 E0.01993 F600
G1 X101.5190 Y105.7293 Z15.4800 E0.02194 F600
G1 X101.4553 Y105.5775 Z15.6800 E0.02326 F600
G1 X101.4621 Y105.4476 Z15.8800 E0.02143 F600
G1 X101.5124 Y105.3682 Z16.0264 E0.01562 F600
G1 X101.5729 Y105.3532 Z16.0800 E0.00739 F600
G1 X101.6131 Y105.4009 Z16.0264 E0.00739 F600
G1 X101.6071 Y105.4947 Z15.8800 E0.01562 F600
G1 X101.5362 Y105.6038 Z15.6800 E0.02143 F600
G1 X101.3955 Y105.6891 Z15.4800 E0.02326 F600
G1 X101.2014 Y105.7141 Z15.3336 E0.02194 F600
G1 X100.9932 Y105.6590 Z15.2800 E0.01993 F600
G1 X100.8194 Y105.5319 Z15.3336 E0.01993 F600
G1 X100.7167 Y105.3654 Z15.4800 E0.02194 F600
G1 X100.6944 Y105.2023 Z15.6800 E0.02326 F600
G1 X100.7346 Y105.0786 Z15.8800 E0.02143 F600
G1 X100.8037 Y105.0149 Z16.0264 E0.01562 F600
G1 X100.8661 Y105.0160 Z16.0800 E0.00739 F600
G1 X100.8925 Y105.0725 Z16.0264 E0.00739 F600
G1 X100.8624 Y105.1616 Z15.8800 E0.01562 F600
G1 X100.7658 Y105.2486 Z15.6800 E0.02143 F600
G1 X100.6077 Y105.2946 Z15.4800 E0.02326 F600
G1 X100.4138 Y105.2685 Z15.3336 E0.02194 F600
G1 X100.2269 Y105.1614 Z15.2800 E0.01993 F600
G1 X100.0920 Y104.9936 Z15.3336 E0.01993 F600
G1 X100.0358 Y104.8062 Z15.4800 E0.02194 F600
G1 X100.0565 Y104.6429 Z15.6800 E0.02326 F600
G1 X100.1274 Y104.5338 Z15.8800 E0.02143 F600
G1 X100.2106 Y104.4902 Z16.0264 E0.01562 F600
G1 X100.2706 Y104.5074 Z16.0800 E0.00739 F600
G1 X100.2814 Y104.5688 Z16.0264 E0.00739 F600
G1 X100.2293 Y104.6470 Z15.8800 E0.01562 F600
G1 X100.1135 Y104.7061 Z15.6800 E0.02143 F600
G1 X99.9489 Y104.7096 Z15.4800 E0.02326 F600
G1 X99.7684 Y104.6342 Z15.3336 E0.02194 F600
G1 X99.6156 Y104.4824 Z15.2800 E0.01993 F600
G1 X99.5286 Y104.2854 Z15.3336 E0.01993 F600
G1 X99.5229 Y104.0898 Z15.4800 E0.02194 F600
G1 X99.5852 Y103.9374 Z15.6800 E0.02326 F600
G1 X99.6818 Y103.8504 Z15.8800 E0.02143 F600
G1 X99.7735 Y103.8298 Z16.0264 E0.01562 F600
G1 X99.8270 Y103.8620 Z16.0800 E0.00739 F600
G1 X99.8216 Y103.9241 Z16.0264 E0.00739 F600
G1 X99.7510 Y103.9862 Z15.8800 E0.01562 F600
G1 X99.6238 Y104.0132 Z15.6800 E0.02143 F600
G1 X99.4639 Y103.9741 Z15.4800 E0.02326 F600
G1 X99.3091 Y103.8545 Z15.3336 E0.02194 F600
G1 X99.2008 Y103.6683 Z15.2800 E0.01993 F600
G1 X99.1678 Y103.4555 Z15.3336 E0.01993 F600
G1 X99.2129 Y103.2651 Z15.4800 E0.02194 F600
G1 X99.3124 Y103.1340 Z15.6800 E0.02326 F600
G1 X99.4284 Y103.0750 Z15.8800 E0.02143 F600
G1 X99.5222 Y103.0788 Z16.0264 E0.01562 F600
G1 X99.5656 Y103.1237 Z16.0800 E0.00739 F600
G1 X99.5443 Y103.1824 Z16.0264 E0.00739 F600
G1 X99.4600 Y103.2241 Z15.8800 E0.01562 F600
G1 X99.3301 Y103.2173 Z15.6800 E0.02143 F600
G1 X99.1859 Y103.1380 Z15.4800 E0.02326 F600
G1 X99.0672 Y102.9824 Z15.3336 E0.02194 F600
G1 X99.0108 Y102.7746 Z15.2800 E0.01993 F600
G1 X99.0340 Y102.5605 Z15.3336 E0.01993 F600
G1 X99.1268 Y102.3883 Z15.4800 E0.02194 F600
G1 X99.2570 Y102.2874 Z15.6800 E0.02326 F600
G1 X99.3842 Y102.2604 Z15.8800 E0.02143 F600
G1 X99.4739 Y102.2884 Z16.0264 E0.01562 F600
G1 X99.5041 Y102.3430 Z16.0800 E0.00739 F600
G1 X99.4684 Y102.3941 Z16.0264 E0.00739 F600
G1 X99.3762 Y102.4126 Z15.8800 E0.01562 F600
G1 X99.2525 Y102.3724 Z15.6800 E0.02143 F600
G1 X99.1336 Y102.2585 Z15.4800 E0.02326 F600
G1 X99.0593 Y102.0775 Z15.3336 E0.02194 F600
G1 X99.0586 Y101.8622 Z15.2800 E0.01993 F600
G1 X99.1365 Y101.6614 Z15.3336 E0.01993 F600
G1 X99.2707 Y101.5190 Z15.4800 E0.02194 F600
G1 X99.4225 Y101.4553 Z15.6800 E0.02326 F600
G1 X99.5524 Y101.4621 Z15.8800 E0.02143 F600
G1 X99.6318 Y101.5124 Z16.0264 E0.01562 F600
G1 X99.6468 Y101.5729 Z16.0800 E0.00739 F600
G1 X99.5991 Y101.6131 Z16.0264 E0.00739 F600
G1 X99.5053 Y101.6071 Z15.8800 E0.01562 F600
G1 X99.3962 Y101.5362 Z15.6800 E0.02143 F600
G1 X99.3109 Y101.3955 Z15.4800 E0.02326 F600
G1 X99.2859 Y101.2014 Z15.3336 E0.02194 F600
G1 X99.3410 Y100.9932 Z15.2800 E0.01993 F600
G1 X99.4681 Y100.8194 Z15.3336 E0.01993 F600
G1 X99.6346 Y100.7167 Z15.4800 E0.02194 F600
G1 X99.7977 Y100.6944 Z15.6800 E0.02326 F600
G1 X99.9214 Y100.7346 Z15.8800 E0.02143 F600
G1 X99.9851 Y100.8037 Z16.0264 E0.01562 F600
G1 X99.9840 Y100.8661 Z16.0800 E0.00739 F600
G1 X99.9275 Y100.8925 Z16.0264 E0.00739 F600
G1 X99.8384 Y100.8624 Z15.8800 E0.01562 F600
G1 X99.7514 Y100.7658 Z15.6800 E0.02143 F600
G1 X99.7054 Y100.6077 Z15.4800 E0.02326 F600
G1 X99.7315 Y100.4138 Z15.3336 E0.02194 F600
G1 X99.8386 Y100.2269 Z15.2800 E0.01993 F600
G1 X100.0064 Y100.0920 Z15.3336 E0.01993 F600
G1 X100.1938 Y100.0358 Z15.4800 E0.02194 F600
G1 X100.3571 Y100.0565 Z15.6800 E0.02326 F600
G1 X100.4662 Y100.1274 Z15.8800 E0.02143 F600
G1 X100.5098 Y100.2106 Z16.0264 E0.01562 F600
G1 X100.4926 Y100.2706 Z16.0800 E0.00739 F600
; row 31/38
G1 X100.7384 Y100.0304 Z16.5264 E0.05059 F600
G1 X100.6677 Y99.9685 Z16.3800 E0.01562 F600
G1 X100.6243 Y99.8459 Z16.1800 E0.02143 F600
G1 X100.6423 Y99.6823 Z15.9800 E0.02326 F600
G1 X100.7406 Y99.5132 Z15.8336 E0.02194 F600
G1 X100.9110 Y99.3815 Z15.7800 E0.01993 F600
G1 X101.1177 Y99.3210 Z15.8336 E0.01993 F600
G1 X101.3124 Y99.3409 Z15.9800 E0.02194 F600
G1 X101.4553 Y99.4225 Z16.1800 E0.02326 F600
G1 X101.5290 Y99.5297 Z16.3800 E0.02143 F600
G1 X101.5375 Y99.6233 Z16.5264 E0.01562 F600
G1 X101.4986 Y99.6721 Z16.5800 E0.00739 F600
G1 X101.4376 Y99.6586 Z16.5264 E0.00739 F600
G1 X101.3853 Y99.5806 Z16.3800 E0.01562 F600
G1 X101.3751 Y99.4509 Z16.1800 E0.02143 F600
G1 X101.4348 Y99.2975 Z15.9800 E0.02326 F600
G1 X101.5736 Y99.1596 Z15.8336 E0.02194 F600
G1 X101.7723 Y99.0765 Z15.7800 E0.01993 F600
G1 X101.9876 Y99.0716 Z15.8336 E0.01993 F600
G1 X102.1705 Y99.1411 Z15.9800 E0.02194 F600
G1 X102.2874 Y99.2570 Z16.1800 E0.02326 F600
G1 X102.3308 Y99.3796 Z16.3800 E0.02143 F600
G1 X102.3148 Y99.4722 Z16.5264 E0.01562 F600
G1 X102.2646 Y99.5092 Z16.5800 E0.00739 F600
G1 X102.2093 Y99.4805 Z16.5264 E0.00739 F600
G1 X102.1789 Y99.3915 Z16.3800 E0.01562 F600
G1 X102.2026 Y99.2636 Z16.1800 E0.02143 F600
G1 X102.3000 Y99.1309 Z15.9800 E0.02326 F600
G1 X102.4697 Y99.0336 Z15.8336 E0.02194 F600
G1 X102.6832 Y99.0048 Z15.7800 E0.01993 F600
G1 X102.8924 Y99.0558 Z15.8336 E0.01993 F600
G1 X103.0511 Y99.1703 Z15.9800 E0.02194 F600
G1 X103.1340 Y99.3124 Z16.1800 E0.02326 F600
G1 X103.1442 Y99.4421 Z16.3800 E0.02143 F600
G1 X103.1048 Y99.5274 Z16.5264 E0.01562 F600
G1 X103.0467 Y99.5502 Z16.5800 E0.00739 F600
G1 X103.0007 Y99.5081 Z16.5264 E0.00739 F600
G1 X102.9944 Y99.4144 Z16.3800 E0.01562 F600
G1 X103.0504 Y99.2969 Z16.1800 E0.02143 F600
G1 X103.1788 Y99.1940 Z15.9800 E0.02326 F600
G1 X103.3679 Y99.1439 Z15.8336 E0.02194 F600
G1 X103.5816 Y99.1713 Z15.7800 E0.01993 F600
G1 X103.7705 Y99.2747 Z15.8336 E0.01993 F600
G1 X103.8941 Y99.4264 Z15.9800 E0.02194 F600
G1 X103.9374 Y99.5852 Z16.1800 E0.02326 F600
G1 X103.9137 Y99.7131 Z16.3800 E0.02143 F600
G1 X103.8535 Y99.7852 Z16.5264 E0.01562 F600
G1 X103.7915 Y99.7922 Z16.5800 E0.00739 F600
G1 X103.7580 Y99.7396 Z16.5264 E0.00739 F600
G1 X103.7762 Y99.6475 Z16.3800 E0.01562 F600
G1 X103.8606 Y99.5485 Z16.1800 E0.02143 F600
G1 X104.0113 Y99.4823 Z15.9800 E0.02326 F600
G1 X104.2070 Y99.4829 Z15.8336 E0.02194 F600
G1 X104.4062 Y99.5647 Z15.7800 E0.01993 F600
G1 X104.5620 Y99.7134 Z15.8336 E0.01993 F600
G1 X104.6421 Y99.8919 Z15.9800 E0.02194 F600
G1 X104.6429 Y100.0565 Z16.1800 E0.02326 F600
G1 X104.5869 Y100.1739 Z16.3800 E0.02143 F600
G1 X104.5101 Y100.2280 Z16.5264 E0.01562 F600
G1 X104.4483 Y100.2188 Z16.5800 E0.00739 F600
G1 X104.4295 Y100.1593 Z16.5264 E0.00739 F600
G1 X104.4710 Y100.0750 Z16.3800 E0.01562 F600
G1 X104.5782 Y100.0013 Z16.1800 E0.02143 F600
G1 X104.7409 Y99.9763 Z15.9800 E0.02326 F600
G1 X104.9297 Y100.0275 Z15.8336 E0.02194 F600
G1 X105.1010 Y100.1580 Z15.7800 E0.01993 F600
G1 X105.2129 Y100.3420 Z15.8336 E0.01993 F600
G1 X105.2441 Y100.5352 Z15.9800 E0.02194 F600
G1 X105.2023 Y100.6944 Z16.1800 E0.02326 F600
G1 X105.1178 Y100.7933 Z16.3800 E0.02143 F600
G1 X105.0296 Y100.8257 Z16.5264 E0.01562 F600
G1 X104.9724 Y100.8008 Z16.5800 E0.00739 F600
G1 X104.9696 Y100.7384 Z16.5264 E0.00739 F600
G1 X105.0315 Y100.6677 Z16.3800 E0.01562 F600
G1 X105.1541 Y100.6243 Z16.1800 E0.02143 F600
G1 X105.3177 Y100.6423 Z15.9800 E0.02326 F600
G1 X105.4868 Y100.7406 Z15.8336 E0.02194 F600
G1 X105.6185 Y100.9110 Z15.7800 E0.01993 F600
G1 X105.6790 Y101.1177 Z15.8336 E0.01993 F600
G1 X105.6591 Y101.3124 Z15.9800 E0.02194 F600
G1 X105.5775 Y101.4553 Z16.1800 E0.02326 F600
G1 X105.4703 Y101.5290 Z16.3800 E0.02143 F600
G1 X105.3767 Y101.5375 Z16.5264 E0.01562 F600
G1 X105.3279 Y101.4986 Z16.5800 E0.00739 F600
G1 X105.3414 Y101.4376 Z16.5264 E0.00739 F600
G1 X105.4194 Y101.3853 Z16.3800 E0.01562 F600
G1 X105.5491 Y101.3751 Z16.1800 E0.02143 F600
G1 X105.7025 Y101.4348 Z15.9800 E0.02326 F600
G1 X105.8404 Y101.5736 Z15.8336 E0.02194 F600
G1 X105.9235 Y101.7723 Z15.7800 E0.01993 F600
G1 X105.9284 Y101.9876 Z15.8336 E0.01993 F600
G1 X105.8589 Y102.1705 Z15.9800 E0.02194 F600
G1 X105.7430 Y102.2874 Z16.1800 E0.02326 F600
G1 X105.6204 Y102.3308 Z16.3800 E0.02143 F600
G1 X105.5278 Y102.3148 Z16.5264 E0.01562 F600
G1 X105.4908 Y102.2646 Z16.5800 E0.00739 F600
G1 X105.5195 Y102.2093 Z16.5264 E0.00739 F600
G1 X105.6085 Y102.1789 Z16.3800 E0.01562 F600
G1 X105.7364 Y102.2026 Z16.1800 E0.02143 F600
G1 X105.8691 Y102.3000 Z15.9800 E0.02326 F600
G1 X105.9664 Y102.4697 Z15.8336 E0.02194 F600
G1 X105.9952 Y102.6832 Z15.7800 E0.01993 F600
G1 X105.9442 Y102.8924 Z15.8336 E0.01993 F600
G1 X105.8297 Y103.0511 Z15.9800 E0.02194 F600
G1 X105.6876 Y103.1340 Z16.1800 E0.02326 F600
G1 X105.5579 Y103.1442 Z16.3800 E0.02143 F600
G1 X105.4726 Y103.1048 Z16.5264 E0.01562 F600
G1 X105.4498 Y103.0467 Z16.5800 E0.00739 F600
G1 X105.4919 Y103.0007 Z16.5264 E0.00739 F600
G1 X105.5856 Y102.9944 Z16.3800 E0.01562 F600
G1 X105.7031 Y103.0504 Z16.1800 E0.02143 F600
G1 X105.8060 Y103.1788 Z15.9800 E0.02326 F600
G1 X105.8561 Y103.3679 Z15.8336 E0.02194 F600
G1 X105.8287 Y103.5816 Z15.7800 E0.01993 F600
G1 X105.7253 Y103.7705 Z15.8336 E0.01993 F600
G1 X105.5736 Y103.8941 Z15.9800 E0.02194 F600
G1 X105.4148 Y103.9374 Z16.1800 E0.02326 F600
G1 X105.2869 Y103.9137 Z16.3800 E0.02143 F600
G1 X105.2148 Y103.8535 Z16.5264 E0.01562 F600
G1 X105.2078 Y103.7915 Z16.5800 E0.00739 F600
G1 X105.2604 Y103.7580 Z16.5264 E0.00739 F600
G1 X105.3525 Y103.7762 Z16.3800 E0.01562 F600
G1 X105.4515 Y103.8606 Z16.1800 E0.02143 F600
G1 X105.5177 Y104.0113 Z15.9800 E0.02326 F600
G1 X105.5171 Y104.2070 Z15.8336 E0.02194 F600
G1 X105.4353 Y104.4062 Z15.7800 E0.01993 F600
G1 X105.2866 Y104.5620 Z15.8336 E0.01993 F600
G1 X105.1081 Y104.6421 Z15.9800 E0.02194 F600
G1 X104.9435 Y104.6429 Z16.1800 E0.02326 F600
G1 X104.8261 Y104.5869 Z16.3800 E0.02143 F600
G1 X104.7720 Y104.5101 Z16.5264 E0.01562 F600
G1 X104.7812 Y104.4483 Z16.5800 E0.00739 F600
G1 X104.8407 Y104.4295 Z16.5264 E0.00739 F600
G1 X104.9250 Y104.4710 Z16.3800 E0.01562 F600
G1 X104.9987 Y104.5782 Z16.1800 E0.02143 F600
G1 X105.0237 Y104.7409 Z15.9800 E0.02326 F600
G1 X104.9725 Y104.9297 Z15.8336 E0.02194 F600
G1 X104.8420 Y105.1010 Z15.7800 E0.01993 F600
G1 X104.6580 Y105.2129 Z15.8336 E0.01993 F600
G1 X104.4648 Y105.2441 Z15.9800 E0.02194 F600
G1 X104.3056 Y105.2023 Z16.1800 E0.02326 F600
G1 X104.2067 Y105.1178 Z16.3800 E0.02143 F600
G1 X104.1743 Y105.0296 Z16.5264 E0.01562 F600
G1 X104.1992 Y104.9724 Z16.5800 E0.00739 F600
G1 X104.2616 Y104.9696 Z16.5264 E0.00739 F600
G1 X104.3323 Y105.0315 Z16.3800 E0.01562 F600
G1 X104.3757 Y105.1541 Z16.1800 E0.02143 F600
G1 X104.3577 Y105.3177 Z15.9800 E0.02326 F600
G1 X104.2594 Y105.4868 Z15.8336 E0.02194 F600
G1 X104.0890 Y105.6185 Z15.7800 E0.01993 F600
G1 X103.8823 Y105.6790 Z15.8336 E0.01993 F600
G1 X103.6876 Y105.6591 Z15.9800 E0.02194 F600
G1 X103.5447 Y105.5775 Z16.1800 E0.02326 F600
G1 X103.4710 Y105.4703 Z16.3800 E0.02143 F600
G1 X103.4625 Y105.3767 Z16.5264 E0.01562 F600
G1 X103.5014 Y105.3279 Z16.5800 E0.00739 F600
G1 X103.5624 Y105.3414 Z16.5264 E0.00739 F600
G1 X103.6147 Y105.4194 Z16.3800 E0.01562 F600
G1 X103.6249 Y105.5491 Z16.1800 E0.02143 F600
G1 X103.5652 Y105.7025 Z15.9800 E0.02326 F600
G1 X103.4264 Y105.8404 Z15.8336 E0.02194 F600
G1 X103.2277 Y105.9235 Z15.7800 E0.01993 F600
G1 X103.0124 Y105.9284 Z15.8336 E0.01993 F600
G1 X102.8295 Y105.8589 Z15.9800 E0.02194 F600
G1 X102.7126 Y105.7430 Z16.1800 E0.02326 F600
G1 X102.6692 Y105.6204 Z16.3800 E0.02143 F600
G1 X102.6852 Y105.5278 Z16.5264 E0.01562 F600
G1 X102.7354 Y105.4908 Z16.5800 E0.00739 F600
G1 X102.7907 Y105.5195 Z16.5264 E0.00739 F600
G1 X102.8211 Y105.6085 Z16.3800 E0.01562 F600
G1 X102.7974 Y105.7364 Z16.1800 E0.02143 F600
G1 X102.7000 Y105.8691 Z15.9800 E0.02326 F600
G1 X102.5303 Y105.9664 Z15.8336 E0.02194 F600
G1 X102.3168 Y105.9952 Z15.7800 E0.01993 F600
G1 X102.1076 Y105.9442 Z15.8336 E0.01993 F600
G1 X101.9489 Y105.8297 Z15.9800 E0.02194 F600
G1 X101.8660 Y105.6876 Z16.1800 E0.02326 F600
G1 X101.8558 Y105.5579 Z16.3800 E0.02143 F600
G1 X101.8952 Y105.4726 Z16.5264 E0.01562 F600
G1 X101.9533 Y105.4498 Z16.5800 E0.00739 F600
G1 X101.9993 Y105.4919 Z16.5264 E0.00739 F600
G1 X102.0056 Y105.5856 Z16.3800 E0.01562 F600
G1 X101.9496 Y105.7031 Z16.1800 E0.02143 F600
G1 X101.8212 Y105.8060 Z15.9800 E0.02326 F600
G1 X101.6321 Y105.8561 Z15.8336 E0.02194 F600
G1 X101.4184 Y105.8287 Z15.7800 E0.01993 F600
G1 X101.2295 Y105.7253 Z15.8336 E0.01993 F600
G1 X101.1059 Y105.5736 Z15.9800 E0.02194 F600
G1 X101.0626 Y105.4148 Z16.1800 E0.02326 F600
G1 X101.0863 Y105.2869 Z16.3800 E0.02143 F600
G1 X101.1465 Y105.2148 Z16.5264 E0.01562 F600
G1 X101.2085 Y105.2078 Z16.5800 E0.00739 F600
G1 X101.2420 Y105.2604 Z16.5264 E0.00739 F600
G1 X101.2238 Y105.3525 Z16.3800 E0.01562 F600
G1 X101.1394 Y105.4515 Z16.1800 E0.02143 F600
G1 X100.9887 Y105.5177 Z15.9800 E0.02326 F600
G1 X100.7930 Y105.5171 Z15.8336 E0.02194 F600
G1 X100.5938 Y105.4353 Z15.7800 E0.01993 F600
G1 X100.4380 Y105.2866 Z15.8336 E0.01993 F600
G1 X100.3579 Y105.1081 Z15.9800 E0.02194 F600
G1 X100.3571 Y104.9435 Z16.1800 E0.02326 F600
G1 X100.4131 Y104.8261 Z16.3800 E0.02143 F600
G1 X100.4899 Y104.7720 Z16.5264 E0.01562 F600
G1 X100.5517 Y104.7812 Z16.5800 E0.00739 F600
G1 X100.5705 Y104.8407 Z16.5264 E0.00739 F600
G1 X100.5290 Y104.9250 Z16.3800 E0.01562 F600
G1 X100.4218 Y104.9987 Z16.1800 E0.02143 F600
G1 X100.2591 Y105.0237 Z15.9800 E0.02326 F600
G1 X100.0703 Y104.9725 Z15.8336 E0.02194 F600
G1 X99.8990 Y104.8420 Z15.7800 E0.01993 F600
G1 X99.7871 Y104.6580 Z15.8336 E0.01993 F600
G1 X99.7559 Y104.4648 Z15.9800 E0.02194 F600
G1 X99.7977 Y104.3056 Z16.1800 E0.02326 F600
G1 X99.8822 Y104.2067 Z16.3800 E0.02143 F600
G1 X99.9704 Y104.1743 Z16.5264 E0.01562 F600
G1 X100.0276 Y104.1992 Z16.5800 E0.00739 F600
G1 X100.0304 Y104.2616 Z16.5264 E0.00739 F600
G1 X99.9685 Y104.3323 Z16.3800 E0.01562 F600
G1 X99.8459 Y104.3757 Z16.1800 E0.02143 F600
G1 X99.6823 Y104.3577 Z15.9800 E0.02326 F600
G1 X99.5132 Y104.2594 Z15.8336 E0.02194 F600
G1 X99.3815 Y104.0890 Z15.7800 E0.01993 F600
G1 X99.3210 Y103.8823 Z15.8336 E0.01993 F600
G1 X99.3409 Y103.6876 Z15.9800 E0.02194 F600
G1 X99.4225 Y103.5447 Z16.1800 E0.02326 F600
G1 X99.5297 Y103.4710 Z16.3800 E0.02143 F600
G1 X99.6233 Y103.4625 Z16.5264 E0.01562 F600
G1 X99.6721 Y103.5014 Z16.5800 E0.00739 F600
G1 X99.6586 Y103.5624 Z16.5264 E0.00739 F600
G1 X99.5806 Y103.6147 Z16.3800 E0.01562 F600
G1 X99.4509 Y103.6249 Z16.1800 E0.02143 F600
G1 X99.2975 Y103.5652 Z15.9800 E0.02326 F600
G1 X99.1596 Y103.4264 Z15.8336 E0.02194 F600
G1 X99.0765 Y103.2277 Z15.7800 E0.01993 F600
G1 X99.0716 Y103.0124 Z15.8336 E0.01993 F600
G1 X99.1411 Y102.8295 Z15.9800 E0.02194 F600
G1 X99.2570 Y102.7126 Z16.1800 E0.02326 F600
G1 X99.3796 Y102.6692 Z16.3800 E0.02143 F600
G1 X99.4722 Y102.6852 Z16.5264 E0.01562 F600
G1 X99.5092 Y102.7354 Z16.5800 E0.00739 F600
G1 X99.4805 Y102.7907 Z16.5264 E0.00739 F600
G1 X99.3915 Y102.8211 Z16.3800 E0.01562 F600
G1 X99.2636 Y102.7974 Z16.1800 E0.02143 F600
G1 X99.1309 Y102.7000 Z15.9800 E0.02326 F600
G1 X99.0336 Y102.5303 Z15.8336 E0.02194 F600
G1 X99.0048 Y102.3168 Z15.7800 E0.01993 F600
G1 X99.0558 Y102.1076 Z15.8336 E0.01993 F600
G1 X99.1703 Y101.9489 Z15.9800 E0.02194 F600
G1 X99.3124 Y101.8660 Z16.1800 E0.02326 F600
G1 X99.4421 Y101.8558 Z16.3800 E0.02143 F600
G1 X99.5274 Y101.8952 Z16.5264 E0.01562 F600
G1 X99.5502 Y101.9533 Z16.5800 E0.00739 F600
G1 X99.5081 Y101.9993 Z16.5264 E0.00739 F600
G1 X99.4144 Y102.0056 Z16.3800 E0.01562 F600
G1 X99.2969 Y101.9496 Z16.1800 E0.02143 F600
G1 X99.1940 Y101.8212 Z15.9800 E0.02326 F600
G1 X99.1439 Y101.6321 Z15.8336 E0.02194 F600
G1 X99.1713 Y101.4184 Z15.7800 E0.01993 F600
G1 X99.2747 Y101.2295 Z15.8336 E0.01993 F600
G1 X99.4264 Y101.1059 Z15.9800 E0.02194 F600
G1 X99.5852 Y101.0626 Z16.1800 E0.02326 F600
G1 X99.7131 Y101.0863 Z16.3800 E0.02143 F600
G1 X99.7852 Y101.1465 Z16.5264 E0.01562 F600
G1 X99.7922 Y101.2085 Z16.5800 E0.00739 F600
G1 X99.7396 Y101.2420 Z16.5264 E0.00739 F600
G1 X99.6475 Y101.2238 Z16.3800 E0.01562 F600
G1 X99.5485 Y101.1394 Z16.1800 E0.02143 F600
G1 X99.4823 Y100.9887 Z15.9800 E0.02326 F600
G1 X99.4829 Y100.7930 Z15.8336 E0.02194 F600
G1 X99.5647 Y100.5938 Z15.7800 E0.01993 F600
G1 X99.7134 Y100.4380 Z15.8336 E0.01993 F600
G1 X99.8919 Y100.3579 Z15.9800 E0.02194 F600
G1 X100.0565 Y100.3571 Z16.1800 E0.02326 F600
G1 X100.1739 Y100.4131 Z16.3800 E0.02143 F600
G1 X100.2280 Y100.4899 Z16.5264 E0.01562 F600
G1 X100.2188 Y100.5517 Z16.5800 E0.00739 F600
G1 X100.1593 Y100.5705 Z16.5264 E0.00739 F600
G1 X100.0750 Y100.5290 Z16.3800 E0.01562 F600
G1 X100.0013 Y100.4218 Z16.1800 E0.02143 F600
G1 X99.9763 Y100.2591 Z15.9800 E0.02326 F600
G1 X100.0275 Y100.0703 Z15.8336 E0.02194 F600
G1 X100.1580 Y99.8990 Z15.7800 E0.01993 F600
G1 X100.3420 Y99.7871 Z15.8336 E0.01993 F600
G1 X100.5352 Y99.7559 Z15.9800 E0.02194 F600
G1 X100.6944 Y99.7977 Z16.1800 E0.02326 F600
G1 X100.7933 Y99.8822 Z16.3800 E0.02143 F600
G1 X100.8257 Y99.9704 Z16.5264 E0.01562 F600
G1 X100.8008 Y100.0276 Z16.5800 E0.00739 F600
; row 32/38
G1 X100.4312 Y100.2814 Z17.0264 E0.05682 F600
G1 X100.3530 Y100.2293 Z16.8800 E0.01562 F600
G1 X100.2939 Y100.1135 Z16.6800 E0.02143 F600
G1 X100.2904 Y99.9489 Z16.4800 E0.02326 F600
G1 X100.3658 Y99.7684 Z16.3336 E0.02194 F600
G1 X100.5176 Y99.6156 Z16.2800 E0.01993 F600
G1 X100.7146 Y99.5286 Z16.3336 E0.01993 F600
G1 X100.9102 Y99.5229 Z16.4800 E0.02194 F600
G1 X101.0626 Y99.5852 Z16.6800 E0.02326 F600
G1 X101.1496 Y99.6818 Z16.8800 E0.02143 F600
G1 X101.1702 Y99.7735 Z17.0264 E0.01562 F600
G1 X101.1380 Y99.8270 Z17.0800 E0.00739 F600
G1 X101.0759 Y99.8216 Z17.0264 E0.00739 F600
G1 X101.0138 Y99.7510 Z16.8800 E0.01562 F600
G1 X100.9868 Y99.6238 Z16.6800 E0.02143 F600
G1 X101.0259 Y99.4639 Z16.4800 E0.02326 F600
G1 X101.1455 Y99.3091 Z16.3336 E0.02194 F600
G1 X101.3317 Y99.2008 Z16.2800 E0.01993 F600
G1 X101.5445 Y99.1678 Z16.3336 E0.01993 F600
G1 X101.7349 Y99.2129 Z16.4800 E0.02194 F600
G1 X101.8660 Y99.3124 Z16.6800 E0.02326 F600
G1 X101.9250 Y99.4284 Z16.8800 E0.02143 F600
G1 X101.9212 Y99.5222 Z17.0264 E0.01562 F600
G1 X101.8763 Y99.5656 Z17.0800 E0.00739 F600
G1 X101.8176 Y99.5443 Z17.0264 E0.00739 F600
G1 X101.7759 Y99.4600 Z16.8800 E0.01562 F600
G1 X101.7827 Y99.3301 Z16.6800 E0.02143 F600
G1 X101.8620 Y99.1859 Z16.4800 E0.02326 F600
G1 X102.0176 Y99.0672 Z16.3336 E0.02194 F600
G1 X102.2254 Y99.0108 Z16.2800 E0.01993 F600
G1 X102.4395 Y99.0340 Z16.3336 E0.01993 F600
G1 X102.6117 Y99.1268 Z16.4800 E0.02194 F600
G1 X102.7126 Y99.2570 Z16.6800 E0.02326 F600
G1 X102.7396 Y99.3842 Z16.8800 E0.02143 F600
G1 X102.7116 Y99.4739 Z17.0264 E0.01562 F600
G1 X102.6570 Y99.5041 Z17.0800 E0.00739 F600
G1 X102.6059 Y99.4684 Z17.0264 E0.00739 F600
G1 X102.5874 Y99.3762 Z16.8800 E0.01562 F600
G1 X102.6276 Y99.2525 Z16.6800 E0.02143 F600
G1 X102.7415 Y99.1336 Z16.4800 E0.02326 F600
G1 X102.9225 Y99.0593 Z16.3336 E0.02194 F600
G1 X103.1378 Y99.0586 Z16.2800 E0.01993 F600
G1 X103.3386 Y99.1365 Z16.3336 E0.01993 F600
G1 X103.4810 Y99.2707 Z16.4800 E0.02194 F600
G1 X103.5447 Y99.4225 Z16.6800 E0.02326 F600
G1 X103.5379 Y99.5524 Z16.8800 E0.02143 F600
G1 X103.4876 Y99.6318 Z17.0264 E0.01562 F600
G1 X103.4271 Y99.6468 Z17.0800 E0.00739 F600
G1 X103.3869 Y99.5991 Z17.0264 E0.00739 F600
G1 X103.3929 Y99.5053 Z16.8800 E0.01562 F600
G1 X103.4638 Y99.3962 Z16.6800 E0.02143 F600
G1 X103.6045 Y99.3109 Z16.4800 E0.02326 F600
G1 X103.7986 Y99.2859 Z16.3336 E0.02194 F600
G1 X104.0068 Y99.3410 Z16.2800 E0.01993 F600
G1 X104.1806 Y99.4681 Z16.3336 E0.01993 F600
G1 X104.2833 Y99.6346 Z16.4800 E0.02194 F600
G1 X104.3056 Y99.7977 Z16.6800 E0.02326 F600
G1 X104.2654 Y99.9214 Z16.8800 E0.02143 F600
G1 X104.1963 Y99.9851 Z17.0264 E0.01562 F600
G1 X104.1339 Y99.9840 Z17.0800 E0.00739 F600
G1 X104.1075 Y99.9275 Z17.0264 E0.00739 F600
G1 X104.1376 Y99.8384 Z16.8800 E0.01562 F600
G1 X104.2342 Y99.7514 Z16.6800 E0.02143 F600
G1 X104.3923 Y99.7054 Z16.4800 E0.02326 F600
G1 X104.5862 Y99.7315 Z16.3336 E0.02194 F600
G1 X104.7731 Y99.8386 Z16.2800 E0.01993 F600
G1 X104.9080 Y100.0064 Z16.3336 E0.01993 F600
G1 X104.9642 Y100.1938 Z16.4800 E0.02194 F600
G1 X104.9435 Y100.3571 Z16.6800 E0.02326 F600
G1 X104.8726 Y100.4662 Z16.8800 E0.02143 F600
G1 X104.7894 Y100.5098 Z17.0264 E0.01562 F600
G1 X104.7294 Y100.4926 Z17.0800 E0.00739 F600
G1 X104.7186 Y100.4312 Z17.0264 E0.00739 F600
G1 X104.7707 Y100.3530 Z16.8800 E0.01562 F600
G1 X104.8865 Y100.2939 Z16.6800 E0.02143 F600
G1 X105.0511 Y100.2904 Z16.4800 E0.02326 F600
G1 X105.2316 Y100.3658 Z16.3336 E0.02194 F600
G1 X105.3844 Y100.5176 Z16.2800 E0.01993 F600
G1 X105.4714 Y100.7146 Z16.3336 E0.01993 F600
G1 X105.4771 Y100.9102 Z16.4800 E0.02194 F600
G1 X105.4148 Y101.0626 Z16.6800 E0.02326 F600
G1 X105.3182 Y101.1496 Z16.8800 E0.02143 F600
G1 X105.2265 Y101.1702 Z17.0264 E0.01562 F600
G1 X105.1730 Y101.1380 Z17.0800 E0.00739 F600
G1 X105.1784 Y101.0759 Z17.0264 E0.00739 F600
G1 X105.2490 Y101.0138 Z16.8800 E0.01562 F600
G1 X105.3762 Y100.9868 Z16.6800 E0.02143 F600
G1 X105.5361 Y101.0259 Z16.4800 E0.02326 F600
G1 X105.6909 Y101.1455 Z16.3336 E0.02194 F600
G1 X105.7992 Y101.3317 Z16.2800 E0.01993 F600
G1 X105.8322 Y101.5445 Z16.3336 E0.01993 F600
G1 X105.7871 Y101.7349 Z16.4800 E0.02194 F600
G1 X105.6876 Y101.8660 Z16.6800 E0.02326 F600
G1 X105.5716 Y101.9250 Z16.8800 E0.02143 F600
G1 X105.4778 Y101.9212 Z17.0264 E0.01562 F600
G1 X105.4344 Y101.8763 Z17.0800 E0.00739 F600
G1 X105.4557 Y101.8176 Z17.0264 E0.00739 F600
G1 X105.5400 Y101.7759 Z16.8800 E0.01562 F600
G1 X105.6699 Y101.7827 Z16.6800 E0.02143 F600
G1 X105.8141 Y101.8620 Z16.4800 E0.02326 F600
G1 X105.9328 Y102.0176 Z16.3336 E0.02194 F600
G1 X105.9892 Y102.2254 Z16.2800 E0.01993 F600
G1 X105.9660 Y102.4395 Z16.3336 E0.01993 F600
G1 X105.8732 Y102.6117 Z16.4800 E0.02194 F600
G1 X105.7430 Y102.7126 Z16.6800 E0.02326 F600
G1 X105.6158 Y102.7396 Z16.8800 E0.02143 F600
G1 X105.5261 Y102.7116 Z17.0264 E0.01562 F600
G1 X105.4959 Y102.6570 Z17.0800 E0.00739 F600
G1 X105.5316 Y102.6059 Z17.0264 E0.00739 F600
G1 X105.6238 Y102.5874 Z16.8800 E0.01562 F600
G1 X105.7475 Y102.6276 Z16.6800 E0.02143 F600
G1 X105.8664 Y102.7415 Z16.4800 E0.02326 F600
G1 X105.9407 Y102.9225 Z16.3336 E0.02194 F600
G1 X105.9414 Y103.1378 Z16.2800 E0.01993 F600
G1 X105.8635 Y103.3386 Z16.3336 E0.01993 F600
G1 X105.7293 Y103.4810 Z16.4800 E0.02194 F600
G1 X105.5775 Y103.5447 Z16.6800 E0.02326 F600
G1 X105.4476 Y103.5379 Z16.8800 E0.02143 F600
G1 X105.3682 Y103.4876 Z17.0264 E0.01562 F600
G1 X105.3532 Y103.4271 Z17.0800 E0.00739 F600
G1 X105.4009 Y103.3869 Z17.0264 E0.00739 F600
G1 X105.4947 Y103.3929 Z16.8800 E0.01562 F600
G1 X105.6038 Y103.4638 Z16.6800 E0.02143 F600
G1 X105.6891 Y103.6045 Z16.4800 E0.02326 F600
G1 X105.7141 Y103.7986 Z16.3336 E0.02194 F600
G1 X105.6590 Y104.0068 Z16.2800 E0.01993 F600
G1 X105.5319 Y104.1806 Z16.3336 E0.01993 F600
G1 X105.3654 Y104.2833 Z16.4800 E0.02194 F600
G1 X105.2023 Y104.3056 Z16.6800 E0.02326 F600
G1 X105.0786 Y104.2654 Z16.8800 E0.02143 F600
G1 X105.0149 Y104.1963 Z17.0264 E0.01562 F600
G1 X105.0160 Y104.1339 Z17.0800 E0.00739 F600
G1 X105.0725 Y104.1075 Z17.0264 E0.00739 F600
G1 X105.1616 Y104.1376 Z16.8800 E0.01562 F600
G1 X105.2486 Y104.2342 Z16.6800 E0.02143 F600
G1 X105.2946 Y104.3923 Z16.4800 E0.02326 F600
G1 X105.2685 Y104.5862 Z16.3336 E0.02194 F600
G1 X105.1614 Y104.7731 Z16.2800 E0.01993 F600
G1 X104.9936 Y104.9080 Z16.3336 E0.01993 F600
G1 X104.8062 Y104.9642 Z16.4800 E0.02194 F600
G1 X104.6429 Y104.9435 Z16.6800 E0.02326 F600
G1 X104.5338 Y104.8726 Z16.8800 E0.02143 F600
G1 X104.4902 Y104.7894 Z17.0264 E0.01562 F600
G1 X104.5074 Y104.7294 Z17.0800 E0.00739 F600
G1 X104.5688 Y104.7186 Z17.0264 E0.00739 F600
G1 X104.6470 Y104.7707 Z16.8800 E0.01562 F600
G1 X104.7061 Y104.8865 Z16.6800 E0.02143 F600
G1 X104.7096 Y105.0511 Z16.4800 E0.02326 F600
G1 X104.6342 Y105.2316 Z16.3336 E0.02194 F600
G1 X104.4824 Y105.3844 Z16.2800 E0.01993 F600
G1 X104.2854 Y105.4714 Z16.3336 E0.01993 F600
G1 X104.0898 Y105.4771 Z16.4800 E0.02194 F600
G1 X103.9374 Y105.4148 Z16.6800 E0.02326 F600
G1 X103.8504 Y105.3182 Z16.8800 E0.02143 F600
G1 X103.8298 Y105.2265 Z17.0264 E0.01562 F600
G1 X103.8620 Y105.1730 Z17.0800 E0.00739 F600
G1 X103.9241 Y105.1784 Z17.0264 E0.00739 F600
G1 X103.9862 Y105.2490 Z16.8800 E0.01562 F600
G1 X104.0132 Y105.3762 Z16.6800 E0.02143 F600
G1 X103.9741 Y105.5361 Z16.4800 E0.02326 F600
G1 X103.8545 Y105.6909 Z16.3336 E0.02194 F600
G1 X103.6683 Y105.7992 Z16.2800 E0.01993 F600
G1 X103.4555 Y105.8322 Z16.3336 E0.01993 F600
G1 X103.2651 Y105.7871 Z16.4800 E0.02194 F600
G1 X103.1340 Y105.6876 Z16.6800 E0.02326 F600
G1 X103.0750 Y105.5716 Z16.8800 E0.02143 F600
G1 X103.0788 Y105.4778 Z17.0264 E0.01562 F600
G1 X103.1237 Y105.4344 Z17.0800 E0.00739 F600
G1 X103.1824 Y105.4557 Z17.0264 E0.00739 F600
G1 X103.2241 Y105.5400 Z16.8800 E0.01562 F600
G1 X103.2173 Y105.6699 Z16.6800 E0.02143 F600
G1 X103.1380 Y105.8141 Z16.4800 E0.02326 F600
G1 X102.9824 Y105.9328 Z16.3336 E0.02194 F600
G1 X102.7746 Y105.9892 Z16.2800 E0.01993 F600
G1 X102.5605 Y105.9660 Z16.3336 E0.01993 F600
G1 X102.3883 Y105.8732 Z16.4800 E0.02194 F600
G1 X102.2874 Y105.7430 Z16.6800 E0.02326 F600
G1 X102.2604 Y105.6158 Z16.8800 E0.02143 F600
G1 X102.2884 Y105.5261 Z17.0264 E0.01562 F600
G1 X102.3430 Y105.4959 Z17.0800 E0.00739 F600
G1 X102.3941 Y105.5316 Z17.0264 E0.00739 F600
G1 X102.4126 Y105.6238 Z16.8800 E0.01562 F600
G1 X102.3724 Y105.7475 Z16.6800 E0.02143 F600
G1 X102.2585 Y105.8664 Z16.4800 E0.02326 F600
G1 X102.0775 Y105.9407 Z16.3336 E0.02194 F600
G1 X101.8622 Y105.9414 Z16.2800 E0.01993 F600
G1 X101.6614 Y105.8635 Z16.3336 E0.01993 F600
G1 X101.5190 Y105.7293 Z16.4800 E0.02194 F600
G1 X101.4553 Y105.5775 Z16.6800 E0.02326 F600
G1 X101.4621 Y105.4476 Z16.8800 E0.02143 F600
G1 X101.5124 Y105.3682 Z17.0264 E0.01562 F600
G1 X101.5729 Y105.3532 Z17.0800 E0.00739 F600
G1 X101.6131 Y105.4009 Z17.0264 E0.00739 F600
G1 X101.6071 Y105.4947 Z16.8800 E0.01562 F600
G1 X101.5362 Y105.6038 Z16.6800 E0.02143 F600
G1 X101.3955 Y105.6891 Z16.4800 E0.02326 F600
G1 X101.2014 Y105.7141 Z16.3336 E0.02194 F600
G1 X100.9932 Y105.6590 Z16.2800 E0.01993 F600
G1 X100.8194 Y105.5319 Z16.3336 E0.01993 F600
G1 X100.7167 Y105.3654 Z16.4800 E0.02194 F600
G1 X100.6944 Y105.2023 Z16.6800 E0.02326 F600
G1 X100.7346 Y105.0786 Z16.8800 E0.02143 F600
G1 X100.8037 Y105.0149 Z17.0264 E0.01562 F600
G1 X100.8661 Y105.0160 Z17.0800 E0.00739 F600
G1 X100.8925 Y105.0725 Z17.0264 E0.00739 F600
G1 X100.8624 Y105.1616 Z16.8800 E0.01562 F600
G1 X100.7658 Y105.2486 Z16.6800 E0.02143 F600
G1 X100.6077 Y105.2946 Z16.4800 E0.02326 F600
G1 X100.4138 Y105.2685 Z16.3336 E0.02194 F600
G1 X100.2269 Y105.1614 Z16.2800 E0.01993 F600
G1 X100.0920 Y104.9936 Z16.3336 E0.01993 F600
G1 X100.0358 Y104.8062 Z16.4800 E0.02194 F600
G1 X100.0565 Y104.6429 Z16.6800 E0.02326 F600
G1 X100.1274 Y104.5338 Z16.8800 E0.02143 F600
G1 X100.2106 Y104.4902 Z17.0264 E0.01562 F600
G1 X100.2706 Y104.5074 Z17.0800 E0.00739 F600
G1 X100.2814 Y104.5688 Z17.0264 E0.00739 F600
G1 X100.2293 Y104.6470 Z16.8800 E0.01562 F600
G1 X100.1135 Y104.7061 Z16.6800 E0.02143 F600
G1 X99.9489 Y104.7096 Z16.4800 E0.02326 F600
G1 X99.7684 Y104.6342 Z16.3336 E0.02194 F600
G1 X99.6156 Y104.4824 Z16.2800 E0.01993 F600
G1 X99.5286 Y104.2854 Z16.3336 E0.01993 F600
G1 X99.5229 Y104.0898 Z16.4800 E0.02194 F600
G1 X99.5852 Y103.9374 Z16.6800 E0.02326 F600
G1 X99.6818 Y103.8504 Z16.8800 E0.02143 F600
G1 X99.7735 Y103.8298 Z17.0264 E0.01562 F600
G1 X99.8270 Y103.8620 Z17.0800 E0.00739 F600
G1 X99.8216 Y103.9241 Z17.0264 E0.00739 F600
G1 X99.7510 Y103.9862 Z16.8800 E0.01562 F600
G1 X99.6238 Y104.0132 Z16.6800 E0.02143 F600
G1 X99.4639 Y103.9741 Z16.4800 E0.02326 F600
G1 X99.3091 Y103.8545 Z16.3336 E0.02194 F600
G1 X99.2008 Y103.6683 Z16.2800 E0.01993 F600
G1 X99.1678 Y103.4555 Z16.3336 E0.01993 F600
G1 X99.2129 Y103.2651 Z16.4800 E0.02194 F600
G1 X99.3124 Y103.1340 Z16.6800 E0.02326 F600
G1 X99.4284 Y103.0750 Z16.8800 E0.02143 F600
G1 X99.5222 Y103.0788 Z17.0264 E0.01562 F600
G1 X99.5656 Y103.1237 Z17.0800 E0.00739 F600
G1 X99.5443 Y103.1824 Z17.0264 E0.00739 F600
G1 X99.4600 Y103.2241 Z16.8800 E0.01562 F600
G1 X99.3301 Y103.2173 Z16.6800 E0.02143 F600
G1 X99.1859 Y103.1380 Z16.4800 E0.02326 F600
G1 X99.0672 Y102.9824 Z16.3336 E0.02194 F600
G1 X99.0108 Y102.7746 Z16.2800 E0.01993 F600
G1 X99.0340 Y102.5605 Z16.3336 E0.01993 F600
G1 X99.1268 Y102.3883 Z16.4800 E0.02194 F600
G1 X99.2570 Y102.2874 Z16.6800 E0.02326 F600
G1 X99.3842 Y102.2604 Z16.8800 E0.02143 F600
G1 X99.4739 Y102.2884 Z17.0264 E0.01562 F600
G1 X99.5041 Y102.3430 Z17.0800 E0.00739 F600
G1 X99.4684 Y102.3941 Z17.0264 E0.00739 F600
G1 X99.3762 Y102.4126 Z16.8800 E0.01562 F600
G1 X99.2525 Y102.3724 Z16.6800 E0.02143 F600
G1 X99.1336 Y102.2585 Z16.4800 E0.02326 F600
G1 X99.0593 Y102.0775 Z16.3336 E0.02194 F600
G1 X99.0586 Y101.8622 Z16.2800 E0.01993 F600
G1 X99.1365 Y101.6614 Z16.3336 E0.01993 F600
G1 X99.2707 Y101.5190 Z16.4800 E0.02194 F600
G1 X99.4225 Y101.4553 Z16.6800 E0.02326 F600
G1 X99.5524 Y101.4621 Z16.8800 E0.02143 F600
G1 X99.6318 Y101.5124 Z17.0264 E0.01562 F600
G1 X99.6468 Y101.5729 Z17.0800 E0.00739 F600
G1 X99.5991 Y101.6131 Z17.0264 E0.00739 F600
G1 X99.5053 Y101.6071 Z16.8800 E0.01562 F600
G1 X99.3962 Y101.5362 Z16.6800 E0.02143 F600
G1 X99.3109 Y101.3955 Z16.4800 E0.02326 F600
G1 X99.2859 Y101.2014 Z16.3336 E0.02194 F600
G1 X99.3410 Y100.9932 Z16.2800 E0.01993 F600
G1 X99.4681 Y100.8194 Z16.3336 E0.01993 F600
G1 X99.6346 Y100.7167 Z16.4800 E0.02194 F600
G1 X99.7977 Y100.6944 Z16.6800 E0.02326 F600
G1 X99.9214 Y100.7346 Z16.8800 E0.02143 F600
G1 X99.9851 Y100.8037 Z17.0264 E0.01562 F600
G1 X99.9840 Y100.8661 Z17.0800 E0.00739 F600
G1 X99.9275 Y100.8925 Z17.0264 E0.00739 F600
G1 X99.8384 Y100.8624 Z16.8800 E0.01562 F600
G1 X99.7514 Y100.7658 Z16.6800 E0.02143 F600
G1 X99.7054 Y100.6077 Z16.4800 E0.02326 F600
G1 X99.7315 Y100.4138 Z16.3336 E0.02194 F600
G1 X99.8386 Y100.2269 Z16.2800 E0.01993 F600
G1 X100.0064 Y100.0920 Z16.3336 E0.01993 F600
G1 X100.1938 Y100.0358 Z16.4800 E0.02194 F600
G1 X100.3571 Y100.0565 Z16.6800 E0.02326 F600
G1 X100.4662 Y100.1274 Z16.8800 E0.02143 F600
G1 X100.5098 Y100.2106 Z17.0264 E0.01562 F600
G1 X100.4926 Y100.2706 Z17.0800 E0.00739 F600
; row 33/38
G1 X100.7384 Y100.0304 Z17.5264 E0.05059 F600
G1 X100.6677 Y99.9685 Z17.3800 E0.01562 F600
G1 X100.6243 Y99.8459 Z17.1800 E0.02143 F600
G1 X100.6423 Y99.6823 Z16.9800 E0.02326 F600
G1 X100.7406 Y99.5132 Z16.8336 E0.02194 F600
G1 X100.9110 Y99.3815 Z16.7800 E0.01993 F600
G1 X101.1177 Y99.3210 Z16.8336 E0.01993 F600
G1 X101.3124 Y99.3409 Z16.9800 E0.02194 F600
G1 X101.4553 Y99.4225 Z17.1800 E0.02326 F600
G1 X101.5290 Y99.5297 Z17.3800 E0.02143 F600
G1 X101.5375 Y99.6233 Z17.5264 E0.01562 F600
G1 X101.4986 Y99.6721 Z17.5800 E0.00739 F600
G1 X101.4376 Y99.6586 Z17.5264 E0.00739 F600
G1 X101.3853 Y99.5806 Z17.3800 E0.01562 F600
G1 X101.3751 Y99.4509 Z17.1800 E0.02143 F600
G1 X101.4348 Y99.2975 Z16.9800 E0.02326 F600
G1 X101.5736 Y99.1596 Z16.8336 E0.02194 F600
G1 X101.7723 Y99.0765 Z16.7800 E0.01993 F600
G1 X101.9876 Y99.0716 Z16.8336 E0.01993 F600
G1 X102.1705 Y99.1411 Z16.9800 E0.02194 F600
G1 X102.2874 Y99.2570 Z17.1800 E0.02326 F600
G1 X102.3308 Y99.3796 Z17.3800 E0.02143 F600
G1 X102.3148 Y99.4722 Z17.5264 E0.01562 F600
G1 X102.2646 Y99.5092 Z17.5800 E0.00739 F600
G1 X102.2093 Y99.4805 Z17.5264 E0.00739 F600
G1 X102.1789 Y99.3915 Z17.3800 E0.01562 F600
G1 X102.2026 Y99.2636 Z17.1800 E0.02143 F600
G1 X102.3000 Y99.1309 Z16.9800 E0.02326 F600
G1 X102.4697 Y99.0336 Z16.8336 E0.02194 F600
G1 X102.6832 Y99.0048 Z16.7800 E0.01993 F600
G1 X102.8924 Y99.0558 Z16.8336 E0.01993 F600
G1 X103.0511 Y99.1703 Z16.9800 E0.02194 F600
G1 X103.1340 Y99.3124 Z17.1800 E0.02326 F600
G1 X103.1442 Y99.4421 Z17.3800 E0.02143 F600
G1 X103.1048 Y99.5274 Z17.5264 E0.01562 F600
G1 X103.0467 Y99.5502 Z17.5800 E0.00739 F600
G1 X103.0007 Y99.5081 Z17.5264 E0.00739 F600
G1 X102.9944 Y99.4144 Z17.3800 E0.01562 F600
G1 X103.0504 Y99.2969 Z17.1800 E0.02143 F600
G1 X103.1788 Y99.1940 Z16.9800 E0.02326 F600
G1 X103.3679 Y99.1439 Z16.8336 E0.02194 F600
G1 X103.5816 Y99.1713 Z16.7800 E0.01993 F600
G1 X103.7705 Y99.2747 Z16.8336 E0.01993 F600
G1 X103.8941 Y99.4264 Z16.9800 E0.02194 F600
G1 X103.9374 Y99.5852 Z17.1800 E0.02326 F600
G1 X103.9137 Y99.7131 Z17.3800 E0.02143 F600
G1 X103.8535 Y99.7852 Z17.5264 E0.01562 F600
G1 X103.7915 Y99.7922 Z17.5800 E0.00739 F600
G1 X103.7580 Y99.7396 Z17.5264 E0.00739 F600
G1 X103.7762 Y99.6475 Z17.3800 E0.01562 F600
G1 X103.8606 Y99.5485 Z17.1800 E0.02143 F600
G1 X104.0113 Y99.4823 Z16.9800 E0.02326 F600
G1 X104.2070 Y99.4829 Z16.8336 E0.02194 F600
G1 X104.4062 Y99.5647 Z16.7800 E0.01993 F600
G1 X104.5620 Y99.7134 Z16.8336 E0.01993 F600
G1 X104.6421 Y99.8919 Z16.9800 E0.02194 F600
G1 X104.6429 Y100.0565 Z17.1800 E0.02326 F600
G1 X104.5869 Y100.1739 Z17.3800 E0.02143 F600
G1 X104.5101 Y100.2280 Z17.5264 E0.01562 F600
G1 X104.4483 Y100.2188 Z17.5800 E0.00739 F600
G1 X104.4295 Y100.1593 Z17.5264 E0.00739 F600
G1 X104.4710 Y100.0750 Z17.3800 E0.01562 F600
G1 X104.5782 Y100.0013 Z17.1800 E0.02143 F600
G1 X104.7409 Y99.9763 Z16.9800 E0.02326 F600
G1 X104.9297 Y100.0275 Z16.8336 E0.02194 F600
G1 X105.1010 Y100.1580 Z16.7800 E0.01993 F600
G1 X105.2129 Y100.3420 Z16.8336 E0.01993 F600
G1 X105.2441 Y100.5352 Z16.9800 E0.02194 F600
G1 X105.2023 Y100.6944 Z17.1800 E0.02326 F600
G1 X105.1178 Y100.7933 Z17.3800 E0.02143 F600
G1 X105.0296 Y100.8257 Z17.5264 E0.01562 F600
G1 X104.9724 Y100.8008 Z17.5800 E0.00739 F600
G1 X104.9696 Y100.7384 Z17.5264 E0.00739 F600
G1 X105.0315 Y100.6677 Z17.3800 E0.01562 F600
G1 X105.1541 Y100.6243 Z17.1800 E0.02143 F600
G1 X105.3177 Y100.6423 Z16.9800 E0.02326 F600
G1 X105.4868 Y100.7406 Z16.8336 E0.02194 F600
G1 X105.6185 Y100.9110 Z16.7800 E0.01993 F600
G1 X105.6790 Y101.1177 Z16.8336 E0.01993 F600
G1 X105.6591 Y101.3124 Z16.9800 E0.02194 F600
G1 X105.5775 Y101.4553 Z17.1800 E0.02326 F600
G1 X105.4703 Y101.5290 Z17.3800 E0.02143 F600
G1 X105.3767 Y101.5375 Z17.5264 E0.01562 F600
G1 X105.3279 Y101.4986 Z17.5800 E0.00739 F600
G1 X105.3414 Y101.4376 Z17.5264 E0.00739 F600
G1 X105.4194 Y101.3853 Z17.3800 E0.01562 F600
G1 X105.5491 Y101.3751 Z17.1800 E0.02143 F600
G1 X105.7025 Y101.4348 Z16.9800 E0.02326 F600
G1 X105.8404 Y101.5736 Z16.8336 E0.02194 F600
G1 X105.9235 Y101.7723 Z16.7800 E0.01993 F600
G1 X105.9284 Y101.9876 Z16.8336 E0.01993 F600
G1 X105.8589 Y102.1705 Z16.9800 E0.02194 F600
G1 X105.7430 Y102.2874 Z17.1800 E0.02326 F600
G1 X105.6204 Y102.3308 Z17.3800 E0.02143 F600
G1 X105.5278 Y102.3148 Z17.5264 E0.01562 F600
G1 X105.4908 Y102.2646 Z17.5800 E0.00739 F600
G1 X105.5195 Y102.2093 Z17.5264 E0.00739 F600
G1 X105.6085 Y102.1789 Z17.3800 E0.01562 F600
G1 X105.7364 Y102.2026 Z17.1800 E0.02143 F600
G1 X105.8691 Y102.3000 Z16.9800 E0.02326 F600
G1 X105.9664 Y102.4697 Z16.8336 E0.02194 F600
G1 X105.9952 Y102.6832 Z16.7800 E0.01993 F600
G1 X105.9442 Y102.8924 Z16.8336 E0.01993 F600
G1 X105.8297 Y103.0511 Z16.9800 E0.02194 F600
G1 X105.6876 Y103.1340 Z17.1800 E0.02326 F600
G1 X105.5579 Y103.1442 Z17.3800 E0.02143 F600
G1 X105.4726 Y103.1048 Z17.5264 E0.01562 F600
G1 X105.4498 Y103.0467 Z17.5800 E0.00739 F600
G1 X105.4919 Y103.0007 Z17.5264 E0.00739 F600
G1 X105.5856 Y102.9944 Z17.3800 E0.01562 F600
G1 X105.7031 Y103.0504 Z17.1800 E0.02143 F600
G1 X105.8060 Y103.1788 Z16.9800 E0.02326 F600
G1 X105.8561 Y103.3679 Z16.8336 E0.02194 F600
G1 X105.8287 Y103.5816 Z16.7800 E0.01993 F600
G1 X105.7253 Y103.7705 Z16.8336 E0.01993 F600
G1 X105.5736 Y103.8941 Z16.9800 E0.02194 F600
G1 X105.4148 Y103.9374 Z17.1800 E0.02326 F600
G1 X105.2869 Y103.9137 Z17.3800 E0.02143 F600
G1 X105.2148 Y103.8535 Z17.5264 E0.01562 F600
G1 X105.2078 Y103.7915 Z17.5800 E0.00739 F600
G1 X105.2604 Y103.7580 Z17.5264 E0.00739 F600
G1 X105.3525 Y103.7762 Z17.3800 E0.01562 F600
G1 X105.4515 Y103.8606 Z17.1800 E0.02143 F600
G1 X105.5177 Y104.0113 Z16.9800 E0.02326 F600
G1 X105.5171 Y104.2070 Z16.8336 E0.02194 F600
G1 X105.4353 Y104.4062 Z16.7800 E0.01993 F600
G1 X105.2866 Y104.5620 Z16.8336 E0.01993 F600
G1 X105.1081 Y104.6421 Z16.9800 E0.02194 F600
G1 X104.9435 Y104.6429 Z17.1800 E0.02326 F600
G1 X104.8261 Y104.5869 Z17.3800 E0.02143 F600
G1 X104.7720 Y104.5101 Z17.5264 E0.01562 F600
G1 X104.7812 Y104.4483 Z17.5800 E0.00739 F600
G1 X104.8407 Y104.4295 Z17.5264 E0.00739 F600
G1 X104.9250 Y104.4710 Z17.3800 E0.01562 F600
G1 X104.9987 Y104.5782 Z17.1800 E0.02143 F600
G1 X105.0237 Y104.7409 Z16.9800 E0.02326 F600
G1 X104.9725 Y104.9297 Z16.8336 E0.02194 F600
G1 X104.8420 Y105.1010 Z16.7800 E0.01993 F600
G1 X104.6580 Y105.2129 Z16.8336 E0.01993 F600
G1 X104.4648 Y105.2441 Z16.9800 E0.02194 F600
G1 X104.3056 Y105.2023 Z17.1800 E0.02326 F600
G1 X104.2067 Y105.1178 Z17.3800 E0.02143 F600
G1 X104.1743 Y105.0296 Z17.5264 E0.01562 F600
G1 X104.1992 Y104.9724 Z17.5800 E0.00739 F600
G1 X104.2616 Y104.9696 Z17.5264 E0.00739 F600
G1 X104.3323 Y105.0315 Z17.3800 E0.01562 F600
G1 X104.3757 Y105.1541 Z17.1800 E0.02143 F600
G1 X104.3577 Y105.3177 Z16.9800 E0.02326 F600
G1 X104.2594 Y105.4868 Z16.8336 E0.02194 F600
G1 X104.0890 Y105.6185 Z16.7800 E0.01993 F600
G1 X103.8823 Y105.6790 Z16.8336 E0.01993 F600
G1 X103.6876 Y105.6591 Z16.9800 E0.02194 F600
G1 X103.5447 Y105.5775 Z17.1800 E0.02326 F600
G1 X103.4710 Y105.4703 Z17.3800 E0.02143 F600
G1 X103.4625 Y105.3767 Z17.5264 E0.01562 F600
G1 X103.5014 Y105.3279 Z17.5800 E0.00739 F600
G1 X103.5624 Y105.3414 Z17.5264 E0.00739 F600
G1 X103.6147 Y105.4194 Z17.3800 E0.01562 F600
G1 X103.6249 Y105.5491 Z17.1800 E0.02143 F600
G1 X103.5652 Y105.7025 Z16.9800 E0.02326 F600
G1 X103.4264 Y105.8404 Z16.8336 E0.02194 F600
G1 X103.2277 Y105.9235 Z16.7800 E0.01993 F600
G1 X103.0124 Y105.9284 Z16.8336 E0.01993 F600
G1 X102.8295 Y105.8589 Z16.9800 E0.02194 F600
G1 X102.7126 Y105.7430 Z17.1800 E0.02326 F600
G1 X102.6692 Y105.6204 Z17.3800 E0.02143 F600
G1 X102.6852 Y105.5278 Z17.5264 E0.01562 F600
G1 X102.7354 Y105.4908 Z17.5800 E0.00739 F600
G1 X102.7907 Y105.5195 Z17.5264 E0.00739 F600
G1 X102.8211 Y105.6085 Z17.3800 E0.01562 F600
G1 X102.7974 Y105.7364 Z17.1800 E0.02143 F600
G1 X102.7000 Y105.8691 Z16.9800 E0.02326 F600
G1 X102.5303 Y105.9664 Z16.8336 E0.02194 F600
G1 X102.3168 Y105.9952 Z16.7800 E0.01993 F600
G1 X102.1076 Y105.9442 Z16.8336 E0.01993 F600
G1 X101.9489 Y105.8297 Z16.9800 E0.02194 F600
G1 X101.8660 Y105.6876 Z17.1800 E0.02326 F600
G1 X101.8558 Y105.5579 Z17.3800 E0.02143 F600
G1 X101.8952 Y105.4726 Z17.5264 E0.01562 F600
G1 X101.9533 Y105.4498 Z17.5800 E0.00739 F600
G1 X101.9993 Y105.4919 Z17.5264 E0.00739 F600
G1 X102.0056 Y105.5856 Z17.3800 E0.01562 F600
G1 X101.9496 Y105.7031 Z17.1800 E0.02143 F600
G1 X101.8212 Y105.8060 Z16.9800 E0.02326 F600
G1 X101.6321 Y105.8561 Z16.8336 E0.02194 F600
G1 X101.4184 Y105.8287 Z16.7800 E0.01993 F600
G1 X101.2295 Y105.7253 Z16.8336 E0.01993 F600
G1 X101.1059 Y105.5736 Z16.9800 E0.02194 F600
G1 X101.0626 Y105.4148 Z17.1800 E0.02326 F600
G1 X101.0863 Y105.2869 Z17.3800 E0.02143 F600
G1 X101.1465 Y105.2148 Z17.5264 E0.01562 F600
G1 X101.2085 Y105.2078 Z17.5800 E0.00739 F600
G1 X101.2420 Y105.2604 Z17.5264 E0.00739 F600
G1 X101.2238 Y105.3525 Z17.3800 E0.01562 F600
G1 X101.1394 Y105.4515 Z17.1800 E0.02143 F600
G1 X100.9887 Y105.5177 Z16.9800 E0.02326 F600
G1 X100.7930 Y105.5171 Z16.8336 E0.02194 F600
G1 X100.5938 Y105.4353 Z16.7800 E0.01993 F600
G1 X100.4380 Y105.2866 Z16.8336 E0.01993 F600
G1 X100.3579 Y105.1081 Z16.9800 E0.02194 F600
G1 X100.3571 Y104.9435 Z17.1800 E0.02326 F600
G1 X100.4131 Y104.8261 Z17.3800 E0.02143 F600
G1 X100.4899 Y104.7720 Z17.5264 E0.01562 F600
G1 X100.5517 Y104.7812 Z17.5800 E0.00739 F600
G1 X100.5705 Y104.8407 Z17.5264 E0.00739 F600
G1 X100.5290 Y104.9250 Z17.3800 E0.01562 F600
G1 X100.4218 Y104.9987 Z17.1800 E0.02143 F600
G1 X100.2591 Y105.0237 Z16.9800 E0.02326 F600
G1 X100.0703 Y104.9725 Z16.8336 E0.02194 F600
G1 X99.8990 Y104.8420 Z16.7800 E0.01993 F600
G1 X99.7871 Y104.6580 Z16.8336 E0.01993 F600
G1 X99.7559 Y104.4648 Z16.9800 E0.02194 F600
G1 X99.7977 Y104.3056 Z17.1800 E0.02326 F600
G1 X99.8822 Y104.2067 Z17.3800 E0.02143 F600
G1 X99.9704 Y104.1743 Z17.5264 E0.01562 F600
G1 X100.0276 Y104.1992 Z17.5800 E0.00739 F600
G1 X100.0304 Y104.2616 Z17.5264 E0.00739 F600
G1 X99.9685 Y104.3323 Z17.3800 E0.01562 F600
G1 X99.8459 Y104.3757 Z17.1800 E0.02143 F600
G1 X99.6823 Y104.3577 Z16.9800 E0.02326 F600
G1 X99.5132 Y104.2594 Z16.8336 E0.02194 F600
G1 X99.3815 Y104.0890 Z16.7800 E0.01993 F600
G1 X99.3210 Y103.8823 Z16.8336 E0.01993 F600
G1 X99.3409 Y103.6876 Z16.9800 E0.02194 F600
G1 X99.4225 Y103.5447 Z17.1800 E0.02326 F600
G1 X99.5297 Y103.4710 Z17.3800 E0.02143 F600
G1 X99.6233 Y103.4625 Z17.5264 E0.01562 F600
G1 X99.6721 Y103.5014 Z17.5800 E0.00739 F600
G1 X99.6586 Y103.5624 Z17.5264 E0.00739 F600
G1 X99.5806 Y103.6147 Z17.3800 E0.01562 F600
G1 X99.4509 Y103.6249 Z17.1800 E0.02143 F600
G1 X99.2975 Y103.5652 Z16.9800 E0.02326 F600
G1 X99.1596 Y103.4264 Z16.8336 E0.02194 F600
G1 X99.0765 Y103.2277 Z16.7800 E0.01993 F600
G1 X99.0716 Y103.0124 Z16.8336 E0.01993 F600
G1 X99.1411 Y102.8295 Z16.9800 E0.02194 F600
G1 X99.2570 Y102.7126 Z17.1800 E0.02326 F600
G1 X99.3796 Y102.6692 Z17.3800 E0.02143 F600
G1 X99.4722 Y102.6852 Z17.5264 E0.01562 F600
G1 X99.5092 Y102.7354 Z17.5800 E0.00739 F600
G1 X99.4805 Y102.7907 Z17.5264 E0.00739 F600
G1 X99.3915 Y102.8211 Z17.3800 E0.01562 F600
G1 X99.2636 Y102.7974 Z17.1800 E0.02143 F600
G1 X99.1309 Y102.7000 Z16.9800 E0.02326 F600
G1 X99.0336 Y102.5303 Z16.8336 E0.02194 F600
G1 X99.0048 Y102.3168 Z16.7800 E0.01993 F600
G1 X99.0558 Y102.1076 Z16.8336 E0.01993 F600
G1 X99.1703 Y101.9489 Z16.9800 E0.02194 F600
G1 X99.3124 Y101.8660 Z17.1800 E0.02326 F600
G1 X99.4421 Y101.8558 Z17.3800 E0.02143 F600
G1 X99.5274 Y101.8952 Z17.5264 E0.01562 F600
G1 X99.5502 Y101.9533 Z17.5800 E0.00739 F600
G1 X99.5081 Y101.9993 Z17.5264 E0.00739 F600
G1 X99.4144 Y102.0056 Z17.3800 E0.01562 F600
G1 X99.2969 Y101.9496 Z17.1800 E0.02143 F600
G1 X99.1940 Y101.8212 Z16.9800 E0.02326 F600
G1 X99.1439 Y101.6321 Z16.8336 E0.02194 F600
G1 X99.1713 Y101.4184 Z16.7800 E0.01993 F600
G1 X99.2747 Y101.2295 Z16.8336 E0.01993 F600
G1 X99.4264 Y101.1059 Z16.9800 E0.02194 F600
G1 X99.5852 Y101.0626 Z17.1800 E0.02326 F600
G1 X99.7131 Y101.0863 Z17.3800 E0.02143 F600
G1 X99.7852 Y101.1465 Z17.5264 E0.01562 F600
G1 X99.7922 Y101.2085 Z17.5800 E0.00739 F600
G1 X99.7396 Y101.2420 Z17.5264 E0.00739 F600
G1 X99.6475 Y101.2238 Z17.3800 E0.01562 F600
G1 X99.5485 Y101.1394 Z17.1800 E0.02143 F600
G1 X99.4823 Y100.9887 Z16.9800 E0.02326 F600
G1 X99.4829 Y100.7930 Z16.8336 E0.02194 F600
G1 X99.5647 Y100.5938 Z16.7800 E0.01993 F600
G1 X99.7134 Y100.4380 Z16.8336 E0.01993 F600
G1 X99.8919 Y100.3579 Z16.9800 E0.02194 F600
G1 X100.0565 Y100.3571 Z17.1800 E0.02326 F600
G1 X100.1739 Y100.4131 Z17.3800 E0.02143 F600
G1 X100.2280 Y100.4899 Z17.5264 E0.01562 F600
G1 X100.2188 Y100.5517 Z17.5800 E0.00739 F600
G1 X100.1593 Y100.5705 Z17.5264 E0.00739 F600
G1 X100.0750 Y100.5290 Z17.3800 E0.01562 F600
G1 X100.0013 Y100.4218 Z17.1800 E0.02143 F600
G1 X99.9763 Y100.2591 Z16.9800 E0.02326 F600
G1 X100.0275 Y100.0703 Z16.8336 E0.02194 F600
G1 X100.1580 Y99.8990 Z16.7800 E0.01993 F600
G1 X100.3420 Y99.7871 Z16.8336 E0.01993 F600
G1 X100.5352 Y99.7559 Z16.9800 E0.02194 F600
G1 X100.6944 Y99.7977 Z17.1800 E0.02326 F600
G1 X100.7933 Y99.8822 Z17.3800 E0.02143 F600
G1 X100.8257 Y99.9704 Z17.5264 E0.01562 F600
G1 X100.8008 Y100.0276 Z17.5800 E0.00739 F600
; row 34/38
G1 X100.4312 Y100.2814 Z18.0264 E0.05682 F600
G1 X100.3530 Y100.2293 Z17.8800 E0.01562 F600
G1 X100.2939 Y100.1135 Z17.6800 E0.02143 F600
G1 X100.2904 Y99.9489 Z17.4800 E0.02326 F600
G1 X100.3658 Y99.7684 Z17.3336 E0.02194 F600
G1 X100.5176 Y99.6156 Z17.2800 E0.01993 F600
G1 X100.7146 Y99.5286 Z17.3336 E0.01993 F600
G1 X100.9102 Y99.5229 Z17.4800 E0.02194 F600
G1 X101.0626 Y99.5852 Z17.6800 E0.02326 F600
G1 X101.1496 Y99.6818 Z17.8800 E0.02143 F600
G1 X101.1702 Y99.7735 Z18.0264 E0.01562 F600
G1 X101.1380 Y99.8270 Z18.0800 E0.00739 F600
G1 X101.0759 Y99.8216 Z18.0264 E0.00739 F600
G1 X101.0138 Y99.7510 Z17.8800 E0.01562 F600
G1 X100.9868 Y99.6238 Z17.6800 E0.02143 F600
G1 X101.0259 Y99.4639 Z17.4800 E0.02326 F600
G1 X101.1455 Y99.3091 Z17.3336 E0.02194 F600
G1 X101.3317 Y99.2008 Z17.2800 E0.01993 F600
G1 X101.5445 Y99.1678 Z17.3336 E0.01993 F600
G1 X101.7349 Y99.2129 Z17.4800 E0.02194 F600
G1 X101.8660 Y99.3124 Z17.6800 E0.02326 F600
G1 X101.9250 Y99.4284 Z17.8800 E0.02143 F600
G1 X101.9212 Y99.5222 Z18.0264 E0.01562 F600
G1 X101.8763 Y99.5656 Z18.0800 E0.00739 F600
G1 X101.8176 Y99.5443 Z18.0264 E0.00739 F600
G1 X101.7759 Y99.4600 Z17.8800 E0.01562 F600
G1 X101.7827 Y99.3301 Z17.6800 E0.02143 F600
G1 X101.8620 Y99.1859 Z17.4800 E0.02326 F600
G1 X102.0176 Y99.0672 Z17.3336 E0.02194 F600
G1 X102.2254 Y99.0108 Z17.2800 E0.01993 F600
G1 X102.4395 Y99.0340 Z17.3336 E0.01993 F600
G1 X102.6117 Y99.1268 Z17.4800 E0.02194 F600
G1 X102.7126 Y99.2570 Z17.6800 E0.02326 F600
G1 X102.7396 Y99.3842 Z17.8800 E0.02143 F600
G1 X102.7116 Y99.4739 Z18.0264 E0.01562 F600
G1 X102.6570 Y99.5041 Z18.0800 E0.00739 F600
G1 X102.6059 Y99.4684 Z18.0264 E0.00739 F600
G1 X102.5874 Y99.3762 Z17.8800 E0.01562 F600
G1 X102.6276 Y99.2525 Z17.6800 E0.02143 F600
G1 X102.7415 Y99.1336 Z17.4800 E0.02326 F600
G1 X102.9225 Y99.0593 Z17.3336 E0.02194 F600
G1 X103.1378 Y99.0586 Z17.2800 E0.01993 F600
G1 X103.3386 Y99.1365 Z17.3336 E0.01993 F600
G1 X103.4810 Y99.2707 Z17.4800 E0.02194 F600
G1 X103.5447 Y99.4225 Z17.6800 E0.02326 F600
G1 X103.5379 Y99.5524 Z17.8800 E0.02143 F600
G1 X103.4876 Y99.6318 Z18.0264 E0.01562 F600
G1 X103.4271 Y99.6468 Z18.0800 E0.00739 F600
G1 X103.3869 Y99.5991 Z18.0264 E0.00739 F600
G1 X103.3929 Y99.5053 Z17.8800 E0.01562 F600
G1 X103.4638 Y99.3962 Z17.6800 E0.02143 F600
G1 X103.6045 Y99.3109 Z17.4800 E0.02326 F600
G1 X103.7986 Y99.2859 Z17.3336 E0.02194 F600
G1 X104.0068 Y99.3410 Z17.2800 E0.01993 F600
G1 X104.1806 Y99.4681 Z17.3336 E0.01993 F600
G1 X104.2833 Y99.6346 Z17.4800 E0.02194 F600
G1 X104.3056 Y99.7977 Z17.6800 E0.02326 F600
G1 X104.2654 Y99.9214 Z17.8800 E0.02143 F600
G1 X104.1963 Y99.9851 Z18.0264 E0.01562 F600
G1 X104.1339 Y99.9840 Z18.0800 E0.00739 F600
G1 X104.1075 Y99.9275 Z18.0264 E0.00739 F600
G1 X104.1376 Y99.8384 Z17.8800 E0.01562 F600
G1 X104.2342 Y99.7514 Z17.6800 E0.02143 F600
G1 X104.3923 Y99.7054 Z17.4800 E0.02326 F600
G1 X104.5862 Y99.7315 Z17.3336 E0.02194 F600
G1 X104.7731 Y99.8386 Z17.2800 E0.01993 F600
G1 X104.9080 Y100.0064 Z17.3336 E0.01993 F600
G1 X104.9642 Y100.1938 Z17.4800 E0.02194 F600
G1 X104.9435 Y100.3571 Z17.6800 E0.02326 F600
G1 X104.8726 Y100.4662 Z17.8800 E0.02143 F600
G1 X104.7894 Y100.5098 Z18.0264 E0.01562 F600
G1 X104.7294 Y100.4926 Z18.0800 E0.00739 F600
G1 X104.7186 Y100.4312 Z18.0264 E0.00739 F600
G1 X104.7707 Y100.3530 Z17.8800 E0.01562 F600
G1 X104.8865 Y100.2939 Z17.6800 E0.02143 F600
G1 X105.0511 Y100.2904 Z17.4800 E0.02326 F600
G1 X105.2316 Y100.3658 Z17.3336 E0.02194 F600
G1 X105.3844 Y100.5176 Z17.2800 E0.01993 F600
G1 X105.4714 Y100.7146 Z17.3336 E0.01993 F600
G1 X105.4771 Y100.9102 Z17.4800 E0.02194 F600
G1 X105.4148 Y101.0626 Z17.6800 E0.02326 F600
G1 X105.3182 Y101.1496 Z17.8800 E0.02143 F600
G1 X105.2265 Y101.1702 Z18.0264 E0.01562 F600
G1 X105.1730 Y101.1380 Z18.0800 E0.00739 F600
G1 X105.1784 Y101.0759 Z18.0264 E0.00739 F600
G1 X105.2490 Y101.0138 Z17.8800 E0.01562 F600
G1 X105.3762 Y100.9868 Z17.6800 E0.02143 F600
G1 X105.5361 Y101.0259 Z17.4800 E0.02326 F600
G1 X105.6909 Y101.1455 Z17.3336 E0.02194 F600
G1 X105.7992 Y101.3317 Z17.2800 E0.01993 F600
G1 X105.8322 Y101.5445 Z17.3336 E0.01993 F600
G1 X105.7871 Y101.7349 Z17.4800 E0.02194 F600
G1 X105.6876 Y101.8660 Z17.6800 E0.02326 F600
G1 X105.5716 Y101.9250 Z17.8800 E0.02143 F600
G1 X105.4778 Y101.9212 Z18.0264 E0.01562 F600
G1 X105.4344 Y101.8763 Z18.0800 E0.00739 F600
G1 X105.4557 Y101.8176 Z18.0264 E0.00739 F600
G1 X105.5400 Y101.7759 Z17.8800 E0.01562 F600
G1 X105.6699 Y101.7827 Z17.6800 E0.02143 F600
G1 X105.8141 Y101.8620 Z17.4800 E0.02326 F600
G1 X105.9328 Y102.0176 Z17.3336 E0.02194 F600
G1 X105.9892 Y102.2254 Z17.2800 E0.01993 F600
G1 X105.9660 Y102.4395 Z17.3336 E0.01993 F600
G1 X105.8732 Y102.6117 Z17.4800 E0.02194 F600
G1 X105.7430 Y102.7126 Z17.6800 E0.02326 F600
G1 X105.6158 Y102.7396 Z17.8800 E0.02143 F600
G1 X105.5261 Y102.7116 Z18.0264 E0.01562 F600
G1 X105.4959 Y102.6570 Z18.0800 E0.00739 F600
G1 X105.5316 Y102.6059 Z18.0264 E0.00739 F600
G1 X105.6238 Y102.5874 Z17.8800 E0.01562 F600
G1 X105.7475 Y102.6276 Z17.6800 E0.02143 F600
G1 X105.8664 Y102.7415 Z17.4800 E0.02326 F600
G1 X105.9407 Y102.9225 Z17.3336 E0.02194 F600
G1 X105.9414 Y103.1378 Z17.2800 E0.01993 F600
G1 X105.8635 Y103.3386 Z17.3336 E0.01993 F600
G1 X105.7293 Y103.4810 Z17.4800 E0.02194 F600
G1 X105.5775 Y103.5447 Z17.6800 E0.02326 F600
G1 X105.4476 Y103.5379 Z17.8800 E0.02143 F600
G1 X105.3682 Y103.4876 Z18.0264 E0.01562 F600
G1 X105.3532 Y103.4271 Z18.0800 E0.00739 F600
G1 X105.4009 Y103.3869 Z18.0264 E0.00739 F600
G1 X105.4947 Y103.3929 Z17.8800 E0.01562 F600
G1 X105.6038 Y103.4638 Z17.6800 E0.02143 F600
G1 X105.6891 Y103.6045 Z17.4800 E0.02326 F600
G1 X105.7141 Y103.7986 Z17.3336 E0.02194 F600
G1 X105.6590 Y104.0068 Z17.2800 E0.01993 F600
G1 X105.5319 Y104.1806 Z17.3336 E0.01993 F600
G1 X105.3654 Y104.2833 Z17.4800 E0.02194 F600
G1 X105.2023 Y104.3056 Z17.6800 E0.02326 F600
G1 X105.0786 Y104.2654 Z17.8800 E0.02143 F600
G1 X105.0149 Y104.1963 Z18.0264 E0.01562 F600
G1 X105.0160 Y104.1339 Z18.0800 E0.00739 F600
G1 X105.0725 Y104.1075 Z18.0264 E0.00739 F600
G1 X105.1616 Y104.1376 Z17.8800 E0.01562 F600
G1 X105.2486 Y104.2342 Z17.6800 E0.02143 F600
G1 X105.2946 Y104.3923 Z17.4800 E0.02326 F600
G1 X105.2685 Y104.5862 Z17.3336 E0.02194 F600
G1 X105.1614 Y104.7731 Z17.2800 E0.01993 F600
G1 X104.9936 Y104.9080 Z17.3336 E0.01993 F600
G1 X104.8062 Y104.9642 Z17.4800 E0.02194 F600
G1 X104.6429 Y104.9435 Z17.6800 E0.02326 F600
G1 X104.5338 Y104.8726 Z17.8800 E0.02143 F600
G1 X104.4902 Y104.7894 Z18.0264 E0.01562 F600
G1 X104.5074 Y104.7294 Z18.0800 E0.00739 F600
G1 X104.5688 Y104.7186 Z18.0264 E0.00739 F600
G1 X104.6470 Y104.7707 Z17.8800 E0.01562 F600
G1 X104.7061 Y104.8865 Z17.6800 E0.02143 F600
G1 X104.7096 Y105.0511 Z17.4800 E0.02326 F600
G1 X104.6342 Y105.2316 Z17.3336 E0.02194 F600
G1 X104.4824 Y105.3844 Z17.2800 E0.01993 F600
G1 X104.2854 Y105.4714 Z17.3336 E0.01993 F600
G1 X104.0898 Y105.4771 Z17.4800 E0.02194 F600
G1 X103.9374 Y105.4148 Z17.6800 E0.02326 F600
G1 X103.8504 Y105.3182 Z17.8800 E0.02143 F600
G1 X103.8298 Y105.2265 Z18.0264 E0.01562 F600
G1 X103.8620 Y105.1730 Z18.0800 E0.00739 F600
G1 X103.9241 Y105.1784 Z18.0264 E0.00739 F600
G1 X103.9862 Y105.2490 Z17.8800 E0.01562 F600
G1 X104.0132 Y105.3762 Z17.6800 E0.02143 F600
G1 X103.9741 Y105.5361 Z17.4800 E0.02326 F600
G1 X103.8545 Y105.6909 Z17.3336 E0.02194 F600
G1 X103.6683 Y105.7992 Z17.2800 E0.01993 F600
G1 X103.4555 Y105.8322 Z17.3336 E0.01993 F600
G1 X103.2651 Y105.7871 Z17.4800 E0.02194 F600
G1 X103.1340 Y105.6876 Z17.6800 E0.02326 F600
G1 X103.0750 Y105.5716 Z17.8800 E0.02143 F600
G1 X103.0788 Y105.4778 Z18.0264 E0.01562 F600
G1 X103.1237 Y105.4344 Z18.0800 E0.00739 F600
G1 X103.1824 Y105.4557 Z18.0264 E0.00739 F600
G1 X103.2241 Y105.5400 Z17.8800 E0.01562 F600
G1 X103.2173 Y105.6699 Z17.6800 E0.02143 F600
G1 X103.1380 Y105.8141 Z17.4800 E0.02326 F600
G1 X102.9824 Y105.9328 Z17.3336 E0.02194 F600
G1 X102.7746 Y105.9892 Z17.2800 E0.01993 F600
G1 X102.5605 Y105.9660 Z17.3336 E0.01993 F600
G1 X102.3883 Y105.8732 Z17.4800 E0.02194 F600
G1 X102.2874 Y105.7430 Z17.6800 E0.02326 F600
G1 X102.2604 Y105.6158 Z17.8800 E0.02143 F600
G1 X102.2884 Y105.5261 Z18.0264 E0.01562 F600
G1 X102.3430 Y105.4959 Z18.0800 E0.00739 F600
G1 X102.3941 Y105.5316 Z18.0264 E0.00739 F600
G1 X102.4126 Y105.6238 Z17.8800 E0.01562 F600
G1 X102.3724 Y105.7475 Z17.6800 E0.02143 F600
G1 X102.2585 Y105.8664 Z17.4800 E0.02326 F600
G1 X102.0775 Y105.9407 Z17.3336 E0.02194 F600
G1 X101.8622 Y105.9414 Z17.2800 E0.01993 F600
G1 X101.6614 Y105.8635 Z17.3336 E0.01993 F600
G1 X101.5190 Y105.7293 Z17.4800 E0.02194 F600
G1 X101.4553 Y105.5775 Z17.6800 E0.02326 F600
G1 X101.4621 Y105.4476 Z17.8800 E0.02143 F600
G1 X101.5124 Y105.3682 Z18.0264 E0.01562 F600
G1 X101.5729 Y105.3532 Z18.0800 E0.00739 F600
G1 X101.6131 Y105.4009 Z18.0264 E0.00739 F600
G1 X101.6071 Y105.4947 Z17.8800 E0.01562 F600
G1 X101.5362 Y105.6038 Z17.6800 E0.02143 F600
G1 X101.3955 Y105.6891 Z17.4800 E0.02326 F600
G1 X101.2014 Y105.7141 Z17.3336 E0.02194 F600
G1 X100.9932 Y105.6590 Z17.2800 E0.01993 F600
G1 X100.8194 Y105.5319 Z17.3336 E0.01993 F600
G1 X100.7167 Y105.3654 Z17.4800 E0.02194 F600
G1 X100.6944 Y105.2023 Z17.6800 E0.02326 F600
G1 X100.7346 Y105.0786 Z17.8800 E0.02143 F600
G1 X100.8037 Y105.0149 Z18.0264 E0.01562 F600
G1 X100.8661 Y105.0160 Z18.0800 E0.00739 F600
G1 X100.8925 Y105.0725 Z18.0264 E0.00739 F600
G1 X100.8624 Y105.1616 Z17.8800 E0.01562 F600
G1 X100.7658 Y105.2486 Z17.6800 E0.02143 F600
G1 X100.6077 Y105.2946 Z17.4800 E0.02326 F600
G1 X100.4138 Y105.2685 Z17.3336 E0.02194 F600
G1 X100.2269 Y105.1614 Z17.2800 E0.01993 F600
G1 X100.0920 Y104.9936 Z17.3336 E0.01993 F600
G1 X100.0358 Y104.8062 Z17.4800 E0.02194 F600
G1 X100.0565 Y104.6429 Z17.6800 E0.02326 F600
G1 X100.1274 Y104.5338 Z17.8800 E0.02143 F600
G1 X100.2106 Y104.4902 Z18.0264 E0.01562 F600
G1 X100.2706 Y104.5074 Z18.0800 E0.00739 F600
G1 X100.2814 Y104.5688 Z18.0264 E0.00739 F600
G1 X100.2293 Y104.6470 Z17.8800 E0.01562 F600
G1 X100.1135 Y104.7061 Z17.6800 E0.02143 F600
G1 X99.9489 Y104.7096 Z17.4800 E0.02326 F600
G1 X99.7684 Y104.6342 Z17.3336 E0.02194 F600
G1 X99.6156 Y104.4824 Z17.2800 E0.01993 F600
G1 X99.5286 Y104.2854 Z17.3336 E0.01993 F600
G1 X99.5229 Y104.0898 Z17.4800 E0.02194 F600
G1 X99.5852 Y103.9374 Z17.6800 E0.02326 F600
G1 X99.6818 Y103.8504 Z17.8800 E0.02143 F600
G1 X99.7735 Y103.8298 Z18.0264 E0.01562 F600
G1 X99.8270 Y103.8620 Z18.0800 E0.00739 F600
G1 X99.8216 Y103.9241 Z18.0264 E0.00739 F600
G1 X99.7510 Y103.9862 Z17.8800 E0.01562 F600
G1 X99.6238 Y104.0132 Z17.6800 E0.02143 F600
G1 X99.4639 Y103.9741 Z17.4800 E0.02326 F600
G1 X99.3091 Y103.8545 Z17.3336 E0.02194 F600
G1 X99.2008 Y103.6683 Z17.2800 E0.01993 F600
G1 X99.1678 Y103.4555 Z17.3336 E0.01993 F600
G1 X99.2129 Y103.2651 Z17.4800 E0.02194 F600
G1 X99.3124 Y103.1340 Z17.6800 E0.02326 F600
G1 X99.4284 Y103.0750 Z17.8800 E0.02143 F600
G1 X99.5222 Y103.0788 Z18.0264 E0.01562 F600
G1 X99.5656 Y103.1237 Z18.0800 E0.00739 F600
G1 X99.5443 Y103.1824 Z18.0264 E0.00739 F600
G1 X99.4600 Y103.2241 Z17.8800 E0.01562 F600
G1 X99.3301 Y103.2173 Z17.6800 E0.02143 F600
G1 X99.1859 Y103.1380 Z17.4800 E0.02326 F600
G1 X99.0672 Y102.9824 Z17.3336 E0.02194 F600
G1 X99.0108 Y102.7746 Z17.2800 E0.01993 F600
G1 X99.0340 Y102.5605 Z17.3336 E0.01993 F600
G1 X99.1268 Y102.3883 Z17.4800 E0.02194 F600
G1 X99.2570 Y102.2874 Z17.6800 E0.02326 F600
G1 X99.3842 Y102.2604 Z17.8800 E0.02143 F600
G1 X99.4739 Y102.2884 Z18.0264 E0.01562 F600
G1 X99.5041 Y102.3430 Z18.0800 E0.00739 F600
G1 X99.4684 Y102.3941 Z18.0264 E0.00739 F600
G1 X99.3762 Y102.4126 Z17.8800 E0.01562 F600
G1 X99.2525 Y102.3724 Z17.6800 E0.02143 F600
G1 X99.1336 Y102.2585 Z17.4800 E0.02326 F600
G1 X99.0593 Y102.0775 Z17.3336 E0.02194 F600
G1 X99.0586 Y101.8622 Z17.2800 E0.01993 F600
G1 X99.1365 Y101.6614 Z17.3336 E0.01993 F600
G1 X99.2707 Y101.5190 Z17.4800 E0.02194 F600
G1 X99.4225 Y101.4553 Z17.6800 E0.02326 F600
G1 X99.5524 Y101.4621 Z17.8800 E0.02143 F600
G1 X99.6318 Y101.5124 Z18.0264 E0.01562 F600
G1 X99.6468 Y101.5729 Z18.0800 E0.00739 F600
G1 X99.5991 Y101.6131 Z18.0264 E0.00739 F600
G1 X99.5053 Y101.6071 Z17.8800 E0.01562 F600
G1 X99.3962 Y101.5362 Z17.6800 E0.02143 F600
G1 X99.3109 Y101.3955 Z17.4800 E0.02326 F600
G1 X99.2859 Y101.2014 Z17.3336 E0.02194 F600
G1 X99.3410 Y100.9932 Z17.2800 E0.01993 F600
G1 X99.4681 Y100.8194 Z17.3336 E0.01993 F600
G1 X99.6346 Y100.7167 Z17.4800 E0.02194 F600
G1 X99.7977 Y100.6944 Z17.6800 E0.02326 F600
G1 X99.9214 Y100.7346 Z17.8800 E0.02143 F600
G1 X99.9851 Y100.8037 Z18.0264 E0.01562 F600
G1 X99.9840 Y100.8661 Z18.0800 E0.00739 F600
G1 X99.9275 Y100.8925 Z18.0264 E0.00739 F600
G1 X99.8384 Y100.8624 Z17.8800 E0.01562 F600
G1 X99.7514 Y100.7658 Z17.6800 E0.02143 F600
G1 X99.7054 Y100.6077 Z17.4800 E0.02326 F600
G1 X99.7315 Y100.4138 Z17.3336 E0.02194 F600
G1 X99.8386 Y100.2269 Z17.2800 E0.01993 F600
G1 X100.0064 Y100.0920 Z17.3336 E0.01993 F600
G1 X100.1938 Y100.0358 Z17.4800 E0.02194 F600
G1 X100.3571 Y100.0565 Z17.6800 E0.02326 F600
G1 X100.4662 Y100.1274 Z17.8800 E0.02143 F600
G1 X100.5098 Y100.2106 Z18.0264 E0.01562 F600
G1 X100.4926 Y100.2706 Z18.0800 E0.00739 F600
; row 35/38
G1 X100.7384 Y100.0304 Z18.5264 E0.05059 F600
G1 X100.6677 Y99.9685 Z18.3800 E0.01562 F600
G1 X100.6243 Y99.8459 Z18.1800 E0.02143 F600
G1 X100.6423 Y99.6823 Z17.9800 E0.02326 F600
G1 X100.7406 Y99.5132 Z17.8336 E0.02194 F600
G1 X100.9110 Y99.3815 Z17.7800 E0.01993 F600
G1 X101.1177 Y99.3210 Z17.8336 E0.01993 F600
G1 X101.3124 Y99.3409 Z17.9800 E0.02194 F600
G1 X101.4553 Y99.4225 Z18.1800 E0.02326 F600
G1 X101.5290 Y99.5297 Z18.3800 E0.02143 F600
G1 X101.5375 Y99.6233 Z18.5264 E0.01562 F600
G1 X101.4986 Y99.6721 Z18.5800 E0.00739 F600
G1 X101.4376 Y99.6586 Z18.5264 E0.00739 F600
G1 X101.3853 Y99.5806 Z18.3800 E0.01562 F600
G1 X101.3751 Y99.4509 Z18.1800 E0.02143 F600
G1 X101.4348 Y99.2975 Z17.9800 E0.02326 F600
G1 X101.5736 Y99.1596 Z17.8336 E0.02194 F600
G1 X101.7723 Y99.0765 Z17.7800 E0.01993 F600
G1 X101.9876 Y99.0716 Z17.8336 E0.01993 F600
G1 X102.1705 Y99.1411 Z17.9800 E0.02194 F600
G1 X102.2874 Y99.2570 Z18.1800 E0.02326 F600
G1 X102.3308 Y99.3796 Z18.3800 E0.02143 F600
G1 X102.3148 Y99.4722 Z18.5264 E0.01562 F600
G1 X102.2646 Y99.5092 Z18.5800 E0.00739 F600
G1 X102.2093 Y99.4805 Z18.5264 E0.00739 F600
G1 X102.1789 Y99.3915 Z18.3800 E0.01562 F600
G1 X102.2026 Y99.2636 Z18.1800 E0.02143 F600
G1 X102.3000 Y99.1309 Z17.9800 E0.02326 F600
G1 X102.4697 Y99.0336 Z17.8336 E0.02194 F600
G1 X102.6832 Y99.0048 Z17.7800 E0.01993 F600
G1 X102.8924 Y99.0558 Z17.8336 E0.01993 F600
G1 X103.0511 Y99.1703 Z17.9800 E0.02194 F600
G1 X103.1340 Y99.3124 Z18.1800 E0.02326 F600
G1 X103.1442 Y99.4421 Z18.3800 E0.02143 F600
G1 X103.1048 Y99.5274 Z18.5264 E0.01562 F600
G1 X103.0467 Y99.5502 Z18.5800 E0.00739 F600
G1 X103.0007 Y99.5081 Z18.5264 E0.00739 F600
G1 X102.9944 Y99.4144 Z18.3800 E0.01562 F600
G1 X103.0504 Y99.2969 Z18.1800 E0.02143 F600
G1 X103.1788 Y99.1940 Z17.9800 E0.02326 F600
G1 X103.3679 Y99.1439 Z17.8336 E0.02194 F600
G1 X103.5816 Y99.1713 Z17.7800 E0.01993 F600
G1 X103.7705 Y99.2747 Z17.8336 E0.01993 F600
G1 X103.8941 Y99.4264 Z17.9800 E0.02194 F600
G1 X103.9374 Y99.5852 Z18.1800 E0.02326 F600
G1 X103.9137 Y99.7131 Z18.3800 E0.02143 F600
G1 X103.8535 Y99.7852 Z18.5264 E0.01562 F600
G1 X103.7915 Y99.7922 Z18.5800 E0.00739 F600
G1 X103.7580 Y99.7396 Z18.5264 E0.00739 F600
G1 X103.7762 Y99.6475 Z18.3800 E0.01562 F600
G1 X103.8606 Y99.5485 Z18.1800 E0.02143 F600
G1 X104.0113 Y99.4823 Z17.9800 E0.02326 F600
G1 X104.2070 Y99.4829 Z17.8336 E0.02194 F600
G1 X104.4062 Y99.5647 Z17.7800 E0.01993 F600
G1 X104.5620 Y99.7134 Z17.8336 E0.01993 F600
G1 X104.6421 Y99.8919 Z17.9800 E0.02194 F600
G1 X104.6429 Y100.0565 Z18.1800 E0.02326 F600
G1 X104.5869 Y100.1739 Z18.3800 E0.02143 F600
G1 X104.5101 Y100.2280 Z18.5264 E0.01562 F600
G1 X104.4483 Y100.2188 Z18.5800 E0.00739 F600
G1 X104.4295 Y100.1593 Z18.5264 E0.00739 F600
G1 X104.4710 Y100.0750 Z18.3800 E0.01562 F600
G1 X104.5782 Y100.0013 Z18.1800 E0.02143 F600
G1 X104.7409 Y99.9763 Z17.9800 E0.02326 F600
G1 X104.9297 Y100.0275 Z17.8336 E0.02194 F600
G1 X105.1010 Y100.1580 Z17.7800 E0.01993 F600
G1 X105.2129 Y100.3420 Z17.8336 E0.01993 F600
G1 X105.2441 Y100.5352 Z17.9800 E0.02194 F600
G1 X105.2023 Y100.6944 Z18.1800 E0.02326 F600
G1 X105.1178 Y100.7933 Z18.3800 E0.02143 F600
G1 X105.0296 Y100.8257 Z18.5264 E0.01562 F600
G1 X104.9724 Y100.8008 Z18.5800 E0.00739 F600
G1 X104.9696 Y100.7384 Z18.5264 E0.00739 F600
G1 X105.0315 Y100.6677 Z18.3800 E0.01562 F600
G1 X105.1541 Y100.6243 Z18.1800 E0.02143 F600
G1 X105.3177 Y100.6423 Z17.9800 E0.02326 F600
G1 X105.4868 Y100.7406 Z17.8336 E0.02194 F600
G1 X105.6185 Y100.9110 Z17.7800 E0.01993 F600
G1 X105.6790 Y101.1177 Z17.8336 E0.01993 F600
G1 X105.6591 Y101.3124 Z17.9800 E0.02194 F600
G1 X105.5775 Y101.4553 Z18.1800 E0.02326 F600
G1 X105.4703 Y101.5290 Z18.3800 E0.02143 F600
G1 X105.3767 Y101.5375 Z18.5264 E0.01562 F600
G1 X105.3279 Y101.4986 Z18.5800 E0.00739 F600
G1 X105.3414 Y101.4376 Z18.5264 E0.00739 F600
G1 X105.4194 Y101.3853 Z18.3800 E0.01562 F600
G1 X105.5491 Y101.3751 Z18.1800 E0.02143 F600
G1 X105.7025 Y101.4348 Z17.9800 E0.02326 F600
G1 X105.8404 Y101.5736 Z17.8336 E0.02194 F600
G1 X105.9235 Y101.7723 Z17.7800 E0.01993 F600
G1 X105.9284 Y101.9876 Z17.8336 E0.01993 F600
G1 X105.8589 Y102.1705 Z17.9800 E0.02194 F600
G1 X105.7430 Y102.2874 Z18.1800 E0.02326 F600
G1 X105.6204 Y102.3308 Z18.3800 E0.02143 F600
G1 X105.5278 Y102.3148 Z18.5264 E0.01562 F600
G1 X105.4908 Y102.2646 Z18.5800 E0.00739 F600
G1 X105.5195 Y102.2093 Z18.5264 E0.00739 F600
G1 X105.6085 Y102.1789 Z18.3800 E0.01562 F600
G1 X105.7364 Y102.2026 Z18.1800 E0.02143 F600
G1 X105.8691 Y102.3000 Z17.9800 E0.02326 F600
G1 X105.9664 Y102.4697 Z17.8336 E0.02194 F600
G1 X105.9952 Y102.6832 Z17.7800 E0.01993 F600
G1 X105.9442 Y102.8924 Z17.8336 E0.01993 F600
G1 X105.8297 Y103.0511 Z17.9800 E0.02194 F600
G1 X105.6876 Y103.1340 Z18.1800 E0.02326 F600
G1 X105.5579 Y103.1442 Z18.3800 E0.02143 F600
G1 X105.4726 Y103.1048 Z18.5264 E0.01562 F600
G1 X105.4498 Y103.0467 Z18.5800 E0.00739 F600
G1 X105.4919 Y103.0007 Z18.5264 E0.00739 F600
G1 X105.5856 Y102.9944 Z18.3800 E0.01562 F600
G1 X105.7031 Y103.0504 Z18.1800 E0.02143 F600
G1 X105.8060 Y103.1788 Z17.9800 E0.02326 F600
G1 X105.8561 Y103.3679 Z17.8336 E0.02194 F600
G1 X105.8287 Y103.5816 Z17.7800 E0.01993 F600
G1 X105.7253 Y103.7705 Z17.8336 E0.01993 F600
G1 X105.5736 Y103.8941 Z17.9800 E0.02194 F600
G1 X105.4148 Y103.9374 Z18.1800 E0.02326 F600
G1 X105.2869 Y103.9137 Z18.3800 E0.02143 F600
G1 X105.2148 Y103.8535 Z18.5264 E0.01562 F600
G1 X105.2078 Y103.7915 Z18.5800 E0.00739 F600
G1 X105.2604 Y103.7580 Z18.5264 E0.00739 F600
G1 X105.3525 Y103.7762 Z18.3800 E0.01562 F600
G1 X105.4515 Y103.8606 Z18.1800 E0.02143 F600
G1 X105.5177 Y104.0113 Z17.9800 E0.02326 F600
G1 X105.5171 Y104.2070 Z17.8336 E0.02194 F600
G1 X105.4353 Y104.4062 Z17.7800 E0.01993 F600
G1 X105.2866 Y104.5620 Z17.8336 E0.01993 F600
G1 X105.1081 Y104.6421 Z17.9800 E0.02194 F600
G1 X104.9435 Y104.6429 Z18.1800 E0.02326 F600
G1 X104.8261 Y104.5869 Z18.3800 E0.02143 F600
G1 X104.7720 Y104.5101 Z18.5264 E0.01562 F600
G1 X104.7812 Y104.4483 Z18.5800 E0.00739 F600
G1 X104.8407 Y104.4295 Z18.5264 E0.00739 F600
G1 X104.9250 Y104.4710 Z18.3800 E0.01562 F600
G1 X104.9987 Y104.5782 Z18.1800 E0.02143 F600
G1 X105.0237 Y104.7409 Z17.9800 E0.02326 F600
G1 X104.9725 Y104.9297 Z17.8336 E0.02194 F600
G1 X104.8420 Y105.1010 Z17.7800 E0.01993 F600
G1 X104.6580 Y105.2129 Z17.8336 E0.01993 F600
G1 X104.4648 Y105.2441 Z17.9800 E0.02194 F600
G1 X104.3056 Y105.2023 Z18.1800 E0.02326 F600
G1 X104.2067 Y105.1178 Z18.3800 E0.02143 F600
G1 X104.1743 Y105.0296 Z18.5264 E0.01562 F600
G1 X104.1992 Y104.9724 Z18.5800 E0.00739 F600
G1 X104.2616 Y104.9696 Z18.5264 E0.00739 F600
G1 X104.3323 Y105.0315 Z18.3800 E0.01562 F600
G1 X104.3757 Y105.1541 Z18.1800 E0.02143 F600
G1 X104.3577 Y105.3177 Z17.9800 E0.02326 F600
G1 X104.2594 Y105.4868 Z17.8336 E0.02194 F600
G1 X104.0890 Y105.6185 Z17.7800 E0.01993 F600
G1 X103.8823 Y105.6790 Z17.8336 E0.01993 F600
G1 X103.6876 Y105.6591 Z17.9800 E0.02194 F600
G1 X103.5447 Y105.5775 Z18.1800 E0.02326 F600
G1 X103.4710 Y105.4703 Z18.3800 E0.02143 F600
G1 X103.4625 Y105.3767 Z18.5264 E0.01562 F600
G1 X103.5014 Y105.3279 Z18.5800 E0.00739 F600
G1 X103.5624 Y105.3414 Z18.5264 E0.00739 F600
G1 X103.6147 Y105.4194 Z18.3800 E0.01562 F600
G1 X103.6249 Y105.5491 Z18.1800 E0.02143 F600
G1 X103.5652 Y105.7025 Z17.9800 E0.02326 F600
G1 X103.4264 Y105.8404 Z17.8336 E0.02194 F600
G1 X103.2277 Y105.9235 Z17.7800 E0.01993 F600
G1 X103.0124 Y105.9284 Z17.8336 E0.01993 F600
G1 X102.8295 Y105.8589 Z17.9800 E0.02194 F600
G1 X102.7126 Y105.7430 Z18.1800 E0.02326 F600
G1 X102.6692 Y105.6204 Z18.3800 E0.02143 F600
G1 X102.6852 Y105.5278 Z18.5264 E0.01562 F600
G1 X102.7354 Y105.4908 Z18.5800 E0.00739 F600
G1 X102.7907 Y105.5195 Z18.5264 E0.00739 F600
G1 X102.8211 Y105.6085 Z18.3800 E0.01562 F600
G1 X102.7974 Y105.7364 Z18.1800 E0.02143 F600
G1 X102.7000 Y105.8691 Z17.9800 E0.02326 F600
G1 X102.5303 Y105.9664 Z17.8336 E0.02194 F600
G1 X102.3168 Y105.9952 Z17.7800 E0.01993 F600
G1 X102.1076 Y105.9442 Z17.8336 E0.01993 F600
G1 X101.9489 Y105.8297 Z17.9800 E0.02194 F600
G1 X101.8660 Y105.6876 Z18.1800 E0.02326 F600
G1 X101.8558 Y105.5579 Z18.3800 E0.02143 F600
G1 X101.8952 Y105.4726 Z18.5264 E0.01562 F600
G1 X101.9533 Y105.4498 Z18.5800 E0.00739 F600
G1 X101.9993 Y105.4919 Z18.5264 E0.00739 F600
G1 X102.0056 Y105.5856 Z18.3800 E0.01562 F600
G1 X101.9496 Y105.7031 Z18.1800 E0.02143 F600
G1 X101.8212 Y105.8060 Z17.9800 E0.02326 F600
G1 X101.6321 Y105.8561 Z17.8336 E0.02194 F600
G1 X101.4184 Y105.8287 Z17.7800 E0.01993 F600
G1 X101.2295 Y105.7253 Z17.8336 E0.01993 F600
G1 X101.1059 Y105.5736 Z17.9800 E0.02194 F600
G1 X101.0626 Y105.4148 Z18.1800 E0.02326 F600
G1 X101.0863 Y105.2869 Z18.3800 E0.02143 F600
G1 X101.1465 Y105.2148 Z18.5264 E0.01562 F600
G1 X101.2085 Y105.2078 Z18.5800 E0.00739 F600
G1 X101.2420 Y105.2604 Z18.5264 E0.00739 F600
G1 X101.2238 Y105.3525 Z18.3800 E0.01562 F600
G1 X101.1394 Y105.4515 Z18.1800 E0.02143 F600
G1 X100.9887 Y105.5177 Z17.9800 E0.02326 F600
G1 X100.7930 Y105.5171 Z17.8336 E0.02194 F600
G1 X100.5938 Y105.4353 Z17.7800 E0.01993 F600
G1 X100.4380 Y105.2866 Z17.8336 E0.01993 F600
G1 X100.3579 Y105.1081 Z17.9800 E0.02194 F600
G1 X100.3571 Y104.9435 Z18.1800 E0.02326 F600
G1 X100.4131 Y104.8261 Z18.3800 E0.02143 F600
G1 X100.4899 Y104.7720 Z18.5264 E0.01562 F600
G1 X100.5517 Y104.7812 Z18.5800 E0.00739 F600
G1 X100.5705 Y104.8407 Z18.5264 E0.00739 F600
G1 X100.5290 Y104.9250 Z18.3800 E0.01562 F600
G1 X100.4218 Y104.9987 Z18.1800 E0.02143 F600
G1 X100.2591 Y105.0237 Z17.9800 E0.02326 F600
G1 X100.0703 Y104.9725 Z17.8336 E0.02194 F600
G1 X99.8990 Y104.8420 Z17.7800 E0.01993 F600
G1 X99.7871 Y104.6580 Z17.8336 E0.01993 F600
G1 X99.7559 Y104.4648 Z17.9800 E0.02194 F600
G1 X99.7977 Y104.3056 Z18.1800 E0.02326 F600
G1 X99.8822 Y104.2067 Z18.3800 E0.02143 F600
G1 X99.9704 Y104.1743 Z18.5264 E0.01562 F600
G1 X100.0276 Y104.1992 Z18.5800 E0.00739 F600
G1 X100.0304 Y104.2616 Z18.5264 E0.00739 F600
G1 X99.9685 Y104.3323 Z18.3800 E0.01562 F600
G1 X99.8459 Y104.3757 Z18.1800 E0.02143 F600
G1 X99.6823 Y104.3577 Z17.9800 E0.02326 F600
G1 X99.5132 Y104.2594 Z17.8336 E0.02194 F600
G1 X99.3815 Y104.0890 Z17.7800 E0.01993 F600
G1 X99.3210 Y103.8823 Z17.8336 E0.01993 F600
G1 X99.3409 Y103.6876 Z17.9800 E0.02194 F600
G1 X99.4225 Y103.5447 Z18.1800 E0.02326 F600
G1 X99.5297 Y103.4710 Z18.3800 E0.02143 F600
G1 X99.6233 Y103.4625 Z18.5264 E0.01562 F600
G1 X99.6721 Y103.5014 Z18.5800 E0.00739 F600
G1 X99.6586 Y103.5624 Z18.5264 E0.00739 F600
G1 X99.5806 Y103.6147 Z18.3800 E0.01562 F600
G1 X99.4509 Y103.6249 Z18.1800 E0.02143 F600
G1 X99.2975 Y103.5652 Z17.9800 E0.02326 F600
G1 X99.1596 Y103.4264 Z17.8336 E0.02194 F600
G1 X99.0765 Y103.2277 Z17.7800 E0.01993 F600
G1 X99.0716 Y103.0124 Z17.8336 E0.01993 F600
G1 X99.1411 Y102.8295 Z17.9800 E0.02194 F600
G1 X99.2570 Y102.7126 Z18.1800 E0.02326 F600
G1 X99.3796 Y102.6692 Z18.3800 E0.02143 F600
G1 X99.4722 Y102.6852 Z18.5264 E0.01562 F600
G1 X99.5092 Y102.7354 Z18.5800 E0.00739 F600
G1 X99.4805 Y102.7907 Z18.5264 E0.00739 F600
G1 X99.3915 Y102.8211 Z18.3800 E0.01562 F600
G1 X99.2636 Y102.7974 Z18.1800 E0.02143 F600
G1 X99.1309 Y102.7000 Z17.9800 E0.02326 F600
G1 X99.0336 Y102.5303 Z17.8336 E0.02194 F600
G1 X99.0048 Y102.3168 Z17.7800 E0.01993 F600
G1 X99.0558 Y102.1076 Z17.8336 E0.01993 F600
G1 X99.1703 Y101.9489 Z17.9800 E0.02194 F600
G1 X99.3124 Y101.8660 Z18.1800 E0.02326 F600
G1 X99.4421 Y101.8558 Z18.3800 E0.02143 F600
G1 X99.5274 Y101.8952 Z18.5264 E0.01562 F600
G1 X99.5502 Y101.9533 Z18.5800 E0.00739 F600
G1 X99.5081 Y101.9993 Z18.5264 E0.00739 F600
G1 X99.4144 Y102.0056 Z18.3800 E0.01562 F600
G1 X99.2969 Y101.9496 Z18.1800 E0.02143 F600
G1 X99.1940 Y101.8212 Z17.9800 E0.02326 F600
G1 X99.1439 Y101.6321 Z17.8336 E0.02194 F600
G1 X99.1713 Y101.4184 Z17.7800 E0.01993 F600
G1 X99.2747 Y101.2295 Z17.8336 E0.01993 F600
G1 X99.4264 Y101.1059 Z17.9800 E0.02194 F600
G1 X99.5852 Y101.0626 Z18.1800 E0.02326 F600
G1 X99.7131 Y101.0863 Z18.3800 E0.02143 F600
G1 X99.7852 Y101.1465 Z18.5264 E0.01562 F600
G1 X99.7922 Y101.2085 Z18.5800 E0.00739 F600
G1 X99.7396 Y101.2420 Z18.5264 E0.00739 F600
G1 X99.6475 Y101.2238 Z18.3800 E0.01562 F600
G1 X99.5485 Y101.1394 Z18.1800 E0.02143 F600
G1 X99.4823 Y100.9887 Z17.9800 E0.02326 F600
G1 X99.4829 Y100.7930 Z17.8336 E0.02194 F600
G1 X99.5647 Y100.5938 Z17.7800 E0.01993 F600
G1 X99.7134 Y100.4380 Z17.8336 E0.01993 F600
G1 X99.8919 Y100.3579 Z17.9800 E0.02194 F600
G1 X100.0565 Y100.3571 Z18.1800 E0.02326 F600
G1 X100.1739 Y100.4131 Z18.3800 E0.02143 F600
G1 X100.2280 Y100.4899 Z18.5264 E0.01562 F600
G1 X100.2188 Y100.5517 Z18.5800 E0.00739 F600
G1 X100.1593 Y100.5705 Z18.5264 E0.00739 F600
G1 X100.0750 Y100.5290 Z18.3800 E0.01562 F600
G1 X100.0013 Y100.4218 Z18.1800 E0.02143 F600
G1 X99.9763 Y100.2591 Z17.9800 E0.02326 F600
G1 X100.0275 Y100.0703 Z17.8336 E0.02194 F600
G1 X100.1580 Y99.8990 Z17.7800 E0.01993 F600
G1 X100.3420 Y99.7871 Z17.8336 E0.01993 F600
G1 X100.5352 Y99.7559 Z17.9800 E0.02194 F600
G1 X100.6944 Y99.7977 Z18.1800 E0.02326 F600
G1 X100.7933 Y99.8822 Z18.3800 E0.02143 F600
G1 X100.8257 Y99.9704 Z18.5264 E0.01562 F600
G1 X100.8008 Y100.0276 Z18.5800 E0.00739 F600
; row 36/38
G1 X100.4312 Y100.2814 Z19.0264 E0.05682 F600
G1 X100.3530 Y100.2293 Z18.8800 E0.01562 F600
G1 X100.2939 Y100.1135 Z18.6800 E0.02143 F600
G1 X100.2904 Y99.9489 Z18.4800 E0.02326 F600
G1 X100.3658 Y99.7684 Z18.3336 E0.02194 F600
G1 X100.5176 Y99.6156 Z18.2800 E0.01993 F600
G1 X100.7146 Y99.5286 Z18.3336 E0.01993 F600
G1 X100.9102 Y99.5229 Z18.4800 E0.02194 F600
G1 X101.0626 Y99.5852 Z18.6800 E0.02326 F600
G1 X101.1496 Y99.6818 Z18.8800 E0.02143 F600
G1 X101.1702 Y99.7735 Z19.0264 E0.01562 F600
G1 X101.1380 Y99.8270 Z19.0800 E0.00739 F600
G1 X101.0759 Y99.8216 Z19.0264 E0.00739 F600
G1 X101.0138 Y99.7510 Z18.8800 E0.01562 F600
G1 X100.9868 Y99.6238 Z18.6800 E0.02143 F600
G1 X101.0259 Y99.4639 Z18.4800 E0.02326 F600
G1 X101.1455 Y99.3091 Z18.3336 E0.02194 F600
G1 X101.3317 Y99.2008 Z18.2800 E0.01993 F600
G1 X101.5445 Y99.1678 Z18.3336 E0.01993 F600
G1 X101.7349 Y99.2129 Z18.4800 E0.02194 F600
G1 X101.8660 Y99.3124 Z18.6800 E0.02326 F600
G1 X101.9250 Y99.4284 Z18.8800 E0.02143 F600
G1 X101.9212 Y99.5222 Z19.0264 E0.01562 F600
G1 X101.8763 Y99.5656 Z19.0800 E0.00739 F600
G1 X101.8176 Y99.5443 Z19.0264 E0.00739 F600
G1 X101.7759 Y99.4600 Z18.8800 E0.01562 F600
G1 X101.7827 Y99.3301 Z18.6800 E0.02143 F600
G1 X101.8620 Y99.1859 Z18.4800 E0.02326 F600
G1 X102.0176 Y99.0672 Z18.3336 E0.02194 F600
G1 X102.2254 Y99.0108 Z18.2800 E0.01993 F600
G1 X102.4395 Y99.0340 Z18.3336 E0.01993 F600
G1 X102.6117 Y99.1268 Z18.4800 E0.02194 F600
G1 X102.7126 Y99.2570 Z18.6800 E0.02326 F600
G1 X102.7396 Y99.3842 Z18.8800 E0.02143 F600
G1 X102.7116 Y99.4739 Z19.0264 E0.01562 F600
G1 X102.6570 Y99.5041 Z19.0800 E0.00739 F600
G1 X102.6059 Y99.4684 Z19.0264 E0.00739 F600
G1 X102.5874 Y99.3762 Z18.8800 E0.01562 F600
G1 X102.6276 Y99.2525 Z18.6800 E0.02143 F600
G1 X102.7415 Y99.1336 Z18.4800 E0.02326 F600
G1 X102.9225 Y99.0593 Z18.3336 E0.02194 F600
G1 X103.1378 Y99.0586 Z18.2800 E0.01993 F600
G1 X103.3386 Y99.1365 Z18.3336 E0.01993 F600
G1 X103.4810 Y99.2707 Z18.4800 E0.02194 F600
G1 X103.5447 Y99.4225 Z18.6800 E0.02326 F600
G1 X103.5379 Y99.5524 Z18.8800 E0.02143 F600
G1 X103.4876 Y99.6318 Z19.0264 E0.01562 F600
G1 X103.4271 Y99.6468 Z19.0800 E0.00739 F600
G1 X103.3869 Y99.5991 Z19.0264 E0.00739 F600
G1 X103.3929 Y99.5053 Z18.8800 E0.01562 F600
G1 X103.4638 Y99.3962 Z18.6800 E0.02143 F600
G1 X103.6045 Y99.3109 Z18.4800 E0.02326 F600
G1 X103.7986 Y99.2859 Z18.3336 E0.02194 F600
G1 X104.0068 Y99.3410 Z18.2800 E0.01993 F600
G1 X104.1806 Y99.4681 Z18.3336 E0.01993 F600
G1 X104.2833 Y99.6346 Z18.4800 E0.02194 F600
G1 X104.3056 Y99.7977 Z18.6800 E0.02326 F600
G1 X104.2654 Y99.9214 Z18.8800 E0.02143 F600
G1 X104.1963 Y99.9851 Z19.0264 E0.01562 F600
G1 X104.1339 Y99.9840 Z19.0800 E0.00739 F600
G1 X104.1075 Y99.9275 Z19.0264 E0.00739 F600
G1 X104.1376 Y99.8384 Z18.8800 E0.01562 F600
G1 X104.2342 Y99.7514 Z18.6800 E0.02143 F600
G1 X104.3923 Y99.7054 Z18.4800 E0.02326 F600
G1 X104.5862 Y99.7315 Z18.3336 E0.02194 F600
G1 X104.7731 Y99.8386 Z18.2800 E0.01993 F600
G1 X104.9080 Y100.0064 Z18.3336 E0.01993 F600
G1 X104.9642 Y100.1938 Z18.4800 E0.02194 F600
G1 X104.9435 Y100.3571 Z18.6800 E0.02326 F600
G1 X104.8726 Y100.4662 Z18.8800 E0.02143 F600
G1 X104.7894 Y100.5098 Z19.0264 E0.01562 F600
G1 X104.7294 Y100.4926 Z19.0800 E0.00739 F600
G1 X104.7186 Y100.4312 Z19.0264 E0.00739 F600
G1 X104.7707 Y100.3530 Z18.8800 E0.01562 F600
G1 X104.8865 Y100.2939 Z18.6800 E0.02143 F600
G1 X105.0511 Y100.2904 Z18.4800 E0.02326 F600
G1 X105.2316 Y100.3658 Z18.3336 E0.02194 F600
G1 X105.3844 Y100.5176 Z18.2800 E0.01993 F600
G1 X105.4714 Y100.7146 Z18.3336 E0.01993 F600
G1 X105.4771 Y100.9102 Z18.4800 E0.02194 F600
G1 X105.4148 Y101.0626 Z18.6800 E0.02326 F600
G1 X105.3182 Y101.1496 Z18.8800 E0.02143 F600
G1 X105.2265 Y101.1702 Z19.0264 E0.01562 F600
G1 X105.1730 Y101.1380 Z19.0800 E0.00739 F600
G1 X105.1784 Y101.0759 Z19.0264 E0.00739 F600
G1 X105.2490 Y101.0138 Z18.8800 E0.01562 F600
G1 X105.3762 Y100.9868 Z18.6800 E0.02143 F600
G1 X105.5361 Y101.0259 Z18.4800 E0.02326 F600
G1 X105.6909 Y101.1455 Z18.3336 E0.02194 F600
G1 X105.7992 Y101.3317 Z18.2800 E0.01993 F600
G1 X105.8322 Y101.5445 Z18.3336 E0.01993 F600
G1 X105.7871 Y101.7349 Z18.4800 E0.02194 F600
G1 X105.6876 Y101.8660 Z18.6800 E0.02326 F600
G1 X105.5716 Y101.9250 Z18.8800 E0.02143 F600
G1 X105.4778 Y101.9212 Z19.0264 E0.01562 F600
G1 X105.4344 Y101.8763 Z19.0800 E0.00739 F600
G1 X105.4557 Y101.8176 Z19.0264 E0.00739 F600
G1 X105.5400 Y101.7759 Z18.8800 E0.01562 F600
G1 X105.6699 Y101.7827 Z18.6800 E0.02143 F600
G1 X105.8141 Y101.8620 Z18.4800 E0.02326 F600
G1 X105.9328 Y102.0176 Z18.3336 E0.02194 F600
G1 X105.9892 Y102.2254 Z18.2800 E0.01993 F600
G1 X105.9660 Y102.4395 Z18.3336 E0.01993 F600
G1 X105.8732 Y102.6117 Z18.4800 E0.02194 F600
G1 X105.7430 Y102.7126 Z18.6800 E0.02326 F600
G1 X105.6158 Y102.7396 Z18.8800 E0.02143 F600
G1 X105.5261 Y102.7116 Z19.0264 E0.01562 F600
G1 X105.4959 Y102.6570 Z19.0800 E0.00739 F600
G1 X105.5316 Y102.6059 Z19.0264 E0.00739 F600
G1 X105.6238 Y102.5874 Z18.8800 E0.01562 F600
G1 X105.7475 Y102.6276 Z18.6800 E0.02143 F600
G1 X105.8664 Y102.7415 Z18.4800 E0.02326 F600
G1 X105.9407 Y102.9225 Z18.3336 E0.02194 F600
G1 X105.9414 Y103.1378 Z18.2800 E0.01993 F600
G1 X105.8635 Y103.3386 Z18.3336 E0.01993 F600
G1 X105.7293 Y103.4810 Z18.4800 E0.02194 F600
G1 X105.5775 Y103.5447 Z18.6800 E0.02326 F600
G1 X105.4476 Y103.5379 Z18.8800 E0.02143 F600
G1 X105.3682 Y103.4876 Z19.0264 E0.01562 F600
G1 X105.3532 Y103.4271 Z19.0800 E0.00739 F600
G1 X105.4009 Y103.3869 Z19.0264 E0.00739 F600
G1 X105.4947 Y103.3929 Z18.8800 E0.01562 F600
G1 X105.6038 Y103.4638 Z18.6800 E0.02143 F600
G1 X105.6891 Y103.6045 Z18.4800 E0.02326 F600
G1 X105.7141 Y103.7986 Z18.3336 E0.02194 F600
G1 X105.6590 Y104.0068 Z18.2800 E0.01993 F600
G1 X105.5319 Y104.1806 Z18.3336 E0.01993 F600
G1 X105.3654 Y104.2833 Z18.4800 E0.02194 F600
G1 X105.2023 Y104.3056 Z18.6800 E0.02326 F600
G1 X105.0786 Y104.2654 Z18.8800 E0.02143 F600
G1 X105.0149 Y104.1963 Z19.0264 E0.01562 F600
G1 X105.0160 Y104.1339 Z19.0800 E0.00739 F600
G1 X105.0725 Y104.1075 Z19.0264 E0.00739 F600
G1 X105.1616 Y104.1376 Z18.8800 E0.01562 F600
G1 X105.2486 Y104.2342 Z18.6800 E0.02143 F600
G1 X105.2946 Y104.3923 Z18.4800 E0.02326 F600
G1 X105.2685 Y104.5862 Z18.3336 E0.02194 F600
G1 X105.1614 Y104.7731 Z18.2800 E0.01993 F600
G1 X104.9936 Y104.9080 Z18.3336 E0.01993 F600
G1 X104.8062 Y104.9642 Z18.4800 E0.02194 F600
G1 X104.6429 Y104.9435 Z18.6800 E0.02326 F600
G1 X104.5338 Y104.8726 Z18.8800 E0.02143 F600
G1 X104.4902 Y104.7894 Z19.0264 E0.01562 F600
G1 X104.5074 Y104.7294 Z19.0800 E0.00739 F600
G1 X104.5688 Y104.7186 Z19.0264 E0.00739 F600
G1 X104.6470 Y104.7707 Z18.8800 E0.01562 F600
G1 X104.7061 Y104.8865 Z18.6800 E0.02143 F600
G1 X104.7096 Y105.0511 Z18.4800 E0.02326 F600
G1 X104.6342 Y105.2316 Z18.3336 E0.02194 F600
G1 X104.4824 Y105.3844 Z18.2800 E0.01993 F600
G1 X104.2854 Y105.4714 Z18.3336 E0.01993 F600
G1 X104.0898 Y105.4771 Z18.4800 E0.02194 F600
G1 X103.9374 Y105.4148 Z18.6800 E0.02326 F600
G1 X103.8504 Y105.3182 Z18.8800 E0.02143 F600
G1 X103.8298 Y105.2265 Z19.0264 E0.01562 F600
G1 X103.8620 Y105.1730 Z19.0800 E0.00739 F600
G1 X103.9241 Y105.1784 Z19.0264 E0.00739 F600
G1 X103.9862 Y105.2490 Z18.8800 E0.01562 F600
G1 X104.0132 Y105.3762 Z18.6800 E0.02143 F600
G1 X103.9741 Y105.5361 Z18.4800 E0.02326 F600
G1 X103.8545 Y105.6909 Z18.3336 E0.02194 F600
G1 X103.6683 Y105.7992 Z18.2800 E0.01993 F600
G1 X103.4555 Y105.8322 Z18.3336 E0.01993 F600
G1 X103.2651 Y105.7871 Z18.4800 E0.02194 F600
G1 X103.1340 Y105.6876 Z18.6800 E0.02326 F600
G1 X103.0750 Y105.5716 Z18.8800 E0.02143 F600
G1 X103.0788 Y105.4778 Z19.0264 E0.01562 F600
G1 X103.1237 Y105.4344 Z19.0800 E0.00739 F600
G1 X103.1824 Y105.4557 Z19.0264 E0.00739 F600
G1 X103.2241 Y105.5400 Z18.8800 E0.01562 F600
G1 X103.2173 Y105.6699 Z18.6800 E0.02143 F600
G1 X103.1380 Y105.8141 Z18.4800 E0.02326 F600
G1 X102.9824 Y105.9328 Z18.3336 E0.02194 F600
G1 X102.7746 Y105.9892 Z18.2800 E0.01993 F600
G1 X102.5605 Y105.9660 Z18.3336 E0.01993 F600
G1 X102.3883 Y105.8732 Z18.4800 E0.02194 F600
G1 X102.2874 Y105.7430 Z18.6800 E0.02326 F600
G1 X102.2604 Y105.6158 Z18.8800 E0.02143 F600
G1 X102.2884 Y105.5261 Z19.0264 E0.01562 F600
G1 X102.3430 Y105.4959 Z19.0800 E0.00739 F600
G1 X102.3941 Y105.5316 Z19.0264 E0.00739 F600
G1 X102.4126 Y105.6238 Z18.8800 E0.01562 F600
G1 X102.3724 Y105.7475 Z18.6800 E0.02143 F600
G1 X102.2585 Y105.8664 Z18.4800 E0.02326 F600
G1 X102.0775 Y105.9407 Z18.3336 E0.02194 F600
G1 X101.8622 Y105.9414 Z18.2800 E0.01993 F600
G1 X101.6614 Y105.8635 Z18.3336 E0.01993 F600
G1 X101.5190 Y105.7293 Z18.4800 E0.02194 F600
G1 X101.4553 Y105.5775 Z18.6800 E0.02326 F600
G1 X101.4621 Y105.4476 Z18.8800 E0.02143 F600
G1 X101.5124 Y105.3682 Z19.0264 E0.01562 F600
G1 X101.5729 Y105.3532 Z19.0800 E0.00739 F600
G1 X101.6131 Y105.4009 Z19.0264 E0.00739 F600
G1 X101.6071 Y105.4947 Z18.8800 E0.01562 F600
G1 X101.5362 Y105.6038 Z18.6800 E0.02143 F600
G1 X101.3955 Y105.6891 Z18.4800 E0.02326 F600
G1 X101.2014 Y105.7141 Z18.3336 E0.02194 F600
G1 X100.9932 Y105.6590 Z18.2800 E0.01993 F600
G1 X100.8194 Y105.5319 Z18.3336 E0.01993 F600
G1 X100.7167 Y105.3654 Z18.4800 E0.02194 F600
G1 X100.6944 Y105.2023 Z18.6800 E0.02326 F600
G1 X100.7346 Y105.0786 Z18.8800 E0.02143 F600
G1 X100.8037 Y105.0149 Z19.0264 E0.01562 F600
G1 X100.8661 Y105.0160 Z19.0800 E0.00739 F600
G1 X100.8925 Y105.0725 Z19.0264 E0.00739 F600
G1 X100.8624 Y105.1616 Z18.8800 E0.01562 F600
G1 X100.7658 Y105.2486 Z18.6800 E0.02143 F600
G1 X100.6077 Y105.2946 Z18.4800 E0.02326 F600
G1 X100.4138 Y105.2685 Z18.3336 E0.02194 F600
G1 X100.2269 Y105.1614 Z18.2800 E0.01993 F600
G1 X100.0920 Y104.9936 Z18.3336 E0.01993 F600
G1 X100.0358 Y104.8062 Z18.4800 E0.02194 F600
G1 X100.0565 Y104.6429 Z18.6800 E0.02326 F600
G1 X100.1274 Y104.5338 Z18.8800 E0.02143 F600
G1 X100.2106 Y104.4902 Z19.0264 E0.01562 F600
G1 X100.2706 Y104.5074 Z19.0800 E0.00739 F600
G1 X100.2814 Y104.5688 Z19.0264 E0.00739 F600
G1 X100.2293 Y104.6470 Z18.8800 E0.01562 F600
G1 X100.1135 Y104.7061 Z18.6800 E0.02143 F600
G1 X99.9489 Y104.7096 Z18.4800 E0.02326 F600
G1 X99.7684 Y104.6342 Z18.3336 E0.02194 F600
G1 X99.6156 Y104.4824 Z18.2800 E0.01993 F600
G1 X99.5286 Y104.2854 Z18.3336 E0.01993 F600
G1 X99.5229 Y104.0898 Z18.4800 E0.02194 F600
G1 X99.5852 Y103.9374 Z18.6800 E0.02326 F600
G1 X99.6818 Y103.8504 Z18.8800 E0.02143 F600
G1 X99.7735 Y103.8298 Z19.0264 E0.01562 F600
G1 X99.8270 Y103.8620 Z19.0800 E0.00739 F600
G1 X99.8216 Y103.9241 Z19.0264 E0.00739 F600
G1 X99.7510 Y103.9862 Z18.8800 E0.01562 F600
G1 X99.6238 Y104.0132 Z18.6800 E0.02143 F600
G1 X99.4639 Y103.9741 Z18.4800 E0.02326 F600
G1 X99.3091 Y103.8545 Z18.3336 E0.02194 F600
G1 X99.2008 Y103.6683 Z18.2800 E0.01993 F600
G1 X99.1678 Y103.4555 Z18.3336 E0.01993 F600
G1 X99.2129 Y103.2651 Z18.4800 E0.02194 F600
G1 X99.3124 Y103.1340 Z18.6800 E0.02326 F600
G1 X99.4284 Y103.0750 Z18.8800 E0.02143 F600
G1 X99.5222 Y103.0788 Z19.0264 E0.01562 F600
G1 X99.5656 Y103.1237 Z19.0800 E0.00739 F600
G1 X99.5443 Y103.1824 Z19.0264 E0.00739 F600
G1 X99.4600 Y103.2241 Z18.8800 E0.01562 F600
G1 X99.3301 Y103.2173 Z18.6800 E0.02143 F600
G1 X99.1859 Y103.1380 Z18.4800 E0.02326 F600
G1 X99.0672 Y102.9824 Z18.3336 E0.02194 F600
G1 X99.0108 Y102.7746 Z18.2800 E0.01993 F600
G1 X99.0340 Y102.5605 Z18.3336 E0.01993 F600
G1 X99.1268 Y102.3883 Z18.4800 E0.02194 F600
G1 X99.2570 Y102.2874 Z18.6800 E0.02326 F600
G1 X99.3842 Y102.2604 Z18.8800 E0.02143 F600
G1 X99.4739 Y102.2884 Z19.0264 E0.01562 F600
G1 X99.5041 Y102.3430 Z19.0800 E0.00739 F600
G1 X99.4684 Y102.3941 Z19.0264 E0.00739 F600
G1 X99.3762 Y102.4126 Z18.8800 E0.01562 F600
G1 X99.2525 Y102.3724 Z18.6800 E0.02143 F600
G1 X99.1336 Y102.2585 Z18.4800 E0.02326 F600
G1 X99.0593 Y102.0775 Z18.3336 E0.02194 F600
G1 X99.0586 Y101.8622 Z18.2800 E0.01993 F600
G1 X99.1365 Y101.6614 Z18.3336 E0.01993 F600
G1 X99.2707 Y101.5190 Z18.4800 E0.02194 F600
G1 X99.4225 Y101.4553 Z18.6800 E0.02326 F600
G1 X99.5524 Y101.4621 Z18.8800 E0.02143 F600
G1 X99.6318 Y101.5124 Z19.0264 E0.01562 F600
G1 X99.6468 Y101.5729 Z19.0800 E0.00739 F600
G1 X99.5991 Y101.6131 Z19.0264 E0.00739 F600
G1 X99.5053 Y101.6071 Z18.8800 E0.01562 F600
G1 X99.3962 Y101.5362 Z18.6800 E0.02143 F600
G1 X99.3109 Y101.3955 Z18.4800 E0.02326 F600
G1 X99.2859 Y101.2014 Z18.3336 E0.02194 F600
G1 X99.3410 Y100.9932 Z18.2800 E0.01993 F600
G1 X99.4681 Y100.8194 Z18.3336 E0.01993 F600
G1 X99.6346 Y100.7167 Z18.4800 E0.02194 F600
G1 X99.7977 Y100.6944 Z18.6800 E0.02326 F600
G1 X99.9214 Y100.7346 Z18.8800 E0.02143 F600
G1 X99.9851 Y100.8037 Z19.0264 E0.01562 F600
G1 X99.9840 Y100.8661 Z19.0800 E0.00739 F600
G1 X99.9275 Y100.8925 Z19.0264 E0.00739 F600
G1 X99.8384 Y100.8624 Z18.8800 E0.01562 F600
G1 X99.7514 Y100.7658 Z18.6800 E0.02143 F600
G1 X99.7054 Y100.6077 Z18.4800 E0.02326 F600
G1 X99.7315 Y100.4138 Z18.3336 E0.02194 F600
G1 X99.8386 Y100.2269 Z18.2800 E0.01993 F600
G1 X100.0064 Y100.0920 Z18.3336 E0.01993 F600
G1 X100.1938 Y100.0358 Z18.4800 E0.02194 F600
G1 X100.3571 Y100.0565 Z18.6800 E0.02326 F600
G1 X100.4662 Y100.1274 Z18.8800 E0.02143 F600
G1 X100.5098 Y100.2106 Z19.0264 E0.01562 F600
G1 X100.4926 Y100.2706 Z19.0800 E0.00739 F600
; row 37/38
G1 X100.7384 Y100.0304 Z19.5264 E0.05059 F600
G1 X100.6677 Y99.9685 Z19.3800 E0.01562 F600
G1 X100.6243 Y99.8459 Z19.1800 E0.02143 F600
G1 X100.6423 Y99.6823 Z18.9800 E0.02326 F600
G1 X100.7406 Y99.5132 Z18.8336 E0.02194 F600
G1 X100.9110 Y99.3815 Z18.7800 E0.01993 F600
G1 X101.1177 Y99.3210 Z18.8336 E0.01993 F600
G1 X101.3124 Y99.3409 Z18.9800 E0.02194 F600
G1 X101.4553 Y99.4225 Z19.1800 E0.02326 F600
G1 X101.5290 Y99.5297 Z19.3800 E0.02143 F600
G1 X101.5375 Y99.6233 Z19.5264 E0.01562 F600
G1 X101.4986 Y99.6721 Z19.5800 E0.00739 F600
G1 X101.4376 Y99.6586 Z19.5264 E0.00739 F600
G1 X101.3853 Y99.5806 Z19.3800 E0.01562 F600
G1 X101.3751 Y99.4509 Z19.1800 E0.02143 F600
G1 X101.4348 Y99.2975 Z18.9800 E0.02326 F600
G1 X101.5736 Y99.1596 Z18.8336 E0.02194 F600
G1 X101.7723 Y99.0765 Z18.7800 E0.01993 F600
G1 X101.9876 Y99.0716 Z18.8336 E0.01993 F600
G1 X102.1705 Y99.1411 Z18.9800 E0.02194 F600
G1 X102.2874 Y99.2570 Z19.1800 E0.02326 F600
G1 X102.3308 Y99.3796 Z19.3800 E0.02143 F600
G1 X102.3148 Y99.4722 Z19.5264 E0.01562 F600
G1 X102.2646 Y99.5092 Z19.5800 E0.00739 F600
G1 X102.2093 Y99.4805 Z19.5264 E0.00739 F600
G1 X102.1789 Y99.3915 Z19.3800 E0.01562 F600
G1 X102.2026 Y99.2636 Z19.1800 E0.02143 F600
G1 X102.3000 Y99.1309 Z18.9800 E0.02326 F600
G1 X102.4697 Y99.0336 Z18.8336 E0.02194 F600
G1 X102.6832 Y99.0048 Z18.7800 E0.01993 F600
G1 X102.8924 Y99.0558 Z18.8336 E0.01993 F600
G1 X103.0511 Y99.1703 Z18.9800 E0.02194 F600
G1 X103.1340 Y99.3124 Z19.1800 E0.02326 F600
G1 X103.1442 Y99.4421 Z19.3800 E0.02143 F600
G1 X103.1048 Y99.5274 Z19.5264 E0.01562 F600
G1 X103.0467 Y99.5502 Z19.5800 E0.00739 F600
G1 X103.0007 Y99.5081 Z19.5264 E0.00739 F600
G1 X102.9944 Y99.4144 Z19.3800 E0.01562 F600
G1 X103.0504 Y99.2969 Z19.1800 E0.02143 F600
G1 X103.1788 Y99.1940 Z18.9800 E0.02326 F600
G1 X103.3679 Y99.1439 Z18.8336 E0.02194 F600
G1 X103.5816 Y99.1713 Z18.7800 E0.01993 F600
G1 X103.7705 Y99.2747 Z18.8336 E0.01993 F600
G1 X103.8941 Y99.4264 Z18.9800 E0.02194 F600
G1 X103.9374 Y99.5852 Z19.1800 E0.02326 F600
G1 X103.9137 Y99.7131 Z19.3800 E0.02143 F600
G1 X103.8535 Y99.7852 Z19.5264 E0.01562 F600
G1 X103.7915 Y99.7922 Z19.5800 E0.00739 F600
G1 X103.7580 Y99.7396 Z19.5264 E0.00739 F600
G1 X103.7762 Y99.6475 Z19.3800 E0.01562 F600
G1 X103.8606 Y99.5485 Z19.1800 E0.02143 F600
G1 X104.0113 Y99.4823 Z18.9800 E0.02326 F600
G1 X104.2070 Y99.4829 Z18.8336 E0.02194 F600
G1 X104.4062 Y99.5647 Z18.7800 E0.01993 F600
G1 X104.5620 Y99.7134 Z18.8336 E0.01993 F600
G1 X104.6421 Y99.8919 Z18.9800 E0.02194 F600
G1 X104.6429 Y100.0565 Z19.1800 E0.02326 F600
G1 X104.5869 Y100.1739 Z19.3800 E0.02143 F600
G1 X104.5101 Y100.2280 Z19.5264 E0.01562 F600
G1 X104.4483 Y100.2188 Z19.5800 E0.00739 F600
G1 X104.4295 Y100.1593 Z19.5264 E0.00739 F600
G1 X104.4710 Y100.0750 Z19.3800 E0.01562 F600
G1 X104.5782 Y100.0013 Z19.1800 E0.02143 F600
G1 X104.7409 Y99.9763 Z18.9800 E0.02326 F600
G1 X104.9297 Y100.0275 Z18.8336 E0.02194 F600
G1 X105.1010 Y100.1580 Z18.7800 E0.01993 F600
G1 X105.2129 Y100.3420 Z18.8336 E0.01993 F600
G1 X105.2441 Y100.5352 Z18.9800 E0.02194 F600
G1 X105.2023 Y100.6944 Z19.1800 E0.02326 F600
G1 X105.1178 Y100.7933 Z19.3800 E0.02143 F600
G1 X105.0296 Y100.8257 Z19.5264 E0.01562 F600
G1 X104.9724 Y100.8008 Z19.5800 E0.00739 F600
G1 X104.9696 Y100.7384 Z19.5264 E0.00739 F600
G1 X105.0315 Y100.6677 Z19.3800 E0.01562 F600
G1 X105.1541 Y100.6243 Z19.1800 E0.02143 F600
G1 X105.3177 Y100.6423 Z18.9800 E0.02326 F600
G1 X105.4868 Y100.7406 Z18.8336 E0.02194 F600
G1 X105.6185 Y100.9110 Z18.7800 E0.01993 F600
G1 X105.6790 Y101.1177 Z18.8336 E0.01993 F600
G1 X105.6591 Y101.3124 Z18.9800 E0.02194 F600
G1 X105.5775 Y101.4553 Z19.1800 E0.02326 F600
G1 X105.4703 Y101.5290 Z19.3800 E0.02143 F600
G1 X105.3767 Y101.5375 Z19.5264 E0.01562 F600
G1 X105.3279 Y101.4986 Z19.5800 E0.00739 F600
G1 X105.3414 Y101.4376 Z19.5264 E0.00739 F600
G1 X105.4194 Y101.3853 Z19.3800 E0.01562 F600
G1 X105.5491 Y101.3751 Z19.1800 E0.02143 F600
G1 X105.7025 Y101.4348 Z18.9800 E0.02326 F600
G1 X105.8404 Y101.5736 Z18.8336 E0.02194 F600
G1 X105.9235 Y101.7723 Z18.7800 E0.01993 F600
G1 X105.9284 Y101.9876 Z18.8336 E0.01993 F600
G1 X105.8589 Y102.1705 Z18.9800 E0.02194 F600
G1 X105.7430 Y102.2874 Z19.1800 E0.02326 F600
G1 X105.6204 Y102.3308 Z19.3800 E0.02143 F600
G1 X105.5278 Y102.3148 Z19.5264 E0.01562 F600
G1 X105.4908 Y102.2646 Z19.5800 E0.00739 F600
G1 X105.5195 Y102.2093 Z19.5264 E0.00739 F600
G1 X105.6085 Y102.1789 Z19.3800 E0.01562 F600
G1 X105.7364 Y102.2026 Z19.1800 E0.02143 F600
G1 X105.8691 Y102.3000 Z18.9800 E0.02326 F600
G1 X105.9664 Y102.4697 Z18.8336 E0.02194 F600
G1 X105.9952 Y102.6832 Z18.7800 E0.01993 F600
G1 X105.9442 Y102.8924 Z18.8336 E0.01993 F600
G1 X105.8297 Y103.0511 Z18.9800 E0.02194 F600
G1 X105.6876 Y103.1340 Z19.1800 E0.02326 F600
G1 X105.5579 Y103.1442 Z19.3800 E0.02143 F600
G1 X105.4726 Y103.1048 Z19.5264 E0.01562 F600
G1 X105.4498 Y103.0467 Z19.5800 E0.00739 F600
G1 X105.4919 Y103.0007 Z19.5264 E0.00739 F600
G1 X105.5856 Y102.9944 Z19.3800 E0.01562 F600
G1 X105.7031 Y103.0504 Z19.1800 E0.02143 F600
G1 X105.8060 Y103.1788 Z18.9800 E0.02326 F600
G1 X105.8561 Y103.3679 Z18.8336 E0.02194 F600
G1 X105.8287 Y103.5816 Z18.7800 E0.01993 F600
G1 X105.7253 Y103.7705 Z18.8336 E0.01993 F600
G1 X105.5736 Y103.8941 Z18.9800 E0.02194 F600
G1 X105.4148 Y103.9374 Z19.1800 E0.02326 F600
G1 X105.2869 Y103.9137 Z19.3800 E0.02143 F600
G1 X105.2148 Y103.8535 Z19.5264 E0.01562 F600
G1 X105.2078 Y103.7915 Z19.5800 E0.00739 F600
G1 X105.2604 Y103.7580 Z19.5264 E0.00739 F600
G1 X105.3525 Y103.7762 Z19.3800 E0.01562 F600
G1 X105.4515 Y103.8606 Z19.1800 E0.02143 F600
G1 X105.5177 Y104.0113 Z18.9800 E0.02326 F600
G1 X105.5171 Y104.2070 Z18.8336 E0.02194 F600
G1 X105.4353 Y104.4062 Z18.7800 E0.01993 F600
G1 X105.2866 Y104.5620 Z18.8336 E0.01993 F600
G1 X105.1081 Y104.6421 Z18.9800 E0.02194 F600
G1 X104.9435 Y104.6429 Z19.1800 E0.02326 F600
G1 X104.8261 Y104.5869 Z19.3800 E0.02143 F600
G1 X104.7720 Y104.5101 Z19.5264 E0.01562 F600
G1 X104.7812 Y104.4483 Z19.5800 E0.00739 F600
G1 X104.8407 Y104.4295 Z19.5264 E0.00739 F600
G1 X104.9250 Y104.4710 Z19.3800 E0.01562 F600
G1 X104.9987 Y104.5782 Z19.1800 E0.02143 F600
G1 X105.0237 Y104.7409 Z18.9800 E0.02326 F600
G1 X104.9725 Y104.9297 Z18.8336 E0.02194 F600
G1 X104.8420 Y105.1010 Z18.7800 E0.01993 F600
G1 X104.6580 Y105.2129 Z18.8336 E0.01993 F600
G1 X104.4648 Y105.2441 Z18.9800 E0.02194 F600
G1 X104.3056 Y105.2023 Z19.1800 E0.02326 F600
G1 X104.2067 Y105.1178 Z19.3800 E0.02143 F600
G1 X104.1743 Y105.0296 Z19.5264 E0.01562 F600
G1 X104.1992 Y104.9724 Z19.5800 E0.00739 F600
G1 X104.2616 Y104.9696 Z19.5264 E0.00739 F600
G1 X104.3323 Y105.0315 Z19.3800 E0.01562 F600
G1 X104.3757 Y105.1541 Z19.1800 E0.02143 F600
G1 X104.3577 Y105.3177 Z18.9800 E0.02326 F600
G1 X104.2594 Y105.4868 Z18.8336 E0.02194 F600
G1 X104.0890 Y105.6185 Z18.7800 E0.01993 F600
G1 X103.8823 Y105.6790 Z18.8336 E0.01993 F600
G1 X103.6876 Y105.6591 Z18.9800 E0.02194 F600
G1 X103.5447 Y105.5775 Z19.1800 E0.02326 F600
G1 X103.4710 Y105.4703 Z19.3800 E0.02143 F600
G1 X103.4625 Y105.3767 Z19.5264 E0.01562 F600
G1 X103.5014 Y105.3279 Z19.5800 E0.00739 F600
G1 X103.5624 Y105.3414 Z19.5264 E0.00739 F600
G1 X103.6147 Y105.4194 Z19.3800 E0.01562 F600
G1 X103.6249 Y105.5491 Z19.1800 E0.02143 F600
G1 X103.5652 Y105.7025 Z18.9800 E0.02326 F600
G1 X103.4264 Y105.8404 Z18.8336 E0.02194 F600
G1 X103.2277 Y105.9235 Z18.7800 E0.01993 F600
G1 X103.0124 Y105.9284 Z18.8336 E0.01993 F600
G1 X102.8295 Y105.8589 Z18.9800 E0.02194 F600
G1 X102.7126 Y105.7430 Z19.1800 E0.02326 F600
G1 X102.6692 Y105.6204 Z19.3800 E0.02143 F600
G1 X102.6852 Y105.5278 Z19.5264 E0.01562 F600
G1 X102.7354 Y105.4908 Z19.5800 E0.00739 F600
G1 X102.7907 Y105.5195 Z19.5264 E0.00739 F600
G1 X102.8211 Y105.6085 Z19.3800 E0.01562 F600
G1 X102.7974 Y105.7364 Z19.1800 E0.02143 F600
G1 X102.7000 Y105.8691 Z18.9800 E0.02326 F600
G1 X102.5303 Y105.9664 Z18.8336 E0.02194 F600
G1 X102.3168 Y105.9952 Z18.7800 E0.01993 F600
G1 X102.1076 Y105.9442 Z18.8336 E0.01993 F600
G1 X101.9489 Y105.8297 Z18.9800 E0.02194 F600
G1 X101.8660 Y105.6876 Z19.1800 E0.02326 F600
G1 X101.8558 Y105.5579 Z19.3800 E0.02143 F600
G1 X101.8952 Y105.4726 Z19.5264 E0.01562 F600
G1 X101.9533 Y105.4498 Z19.5800 E0.00739 F600
G1 X101.9993 Y105.4919 Z19.5264 E0.00739 F600
G1 X102.0056 Y105.5856 Z19.3800 E0.01562 F600
G1 X101.9496 Y105.7031 Z19.1800 E0.02143 F600
G1 X101.8212 Y105.8060 Z18.9800 E0.02326 F600
G1 X101.6321 Y105.8561 Z18.8336 E0.02194 F600
G1 X101.4184 Y105.8287 Z18.7800 E0.01993 F600
G1 X101.2295 Y105.7253 Z18.8336 E0.01993 F600
G1 X101.1059 Y105.5736 Z18.9800 E0.02194 F600
G1 X101.0626 Y105.4148 Z19.1800 E0.02326 F600
G1 X101.0863 Y105.2869 Z19.3800 E0.02143 F600
G1 X101.1465 Y105.2148 Z19.5264 E0.01562 F600
G1 X101.2085 Y105.2078 Z19.5800 E0.00739 F600
G1 X101.2420 Y105.2604 Z19.5264 E0.00739 F600
G1 X101.2238 Y105.3525 Z19.3800 E0.01562 F600
G1 X101.1394 Y105.4515 Z19.1800 E0.02143 F600
G1 X100.9887 Y105.5177 Z18.9800 E0.02326 F600
G1 X100.7930 Y105.5171 Z18.8336 E0.02194 F600
G1 X100.5938 Y105.4353 Z18.7800 E0.01993 F600
G1 X100.4380 Y105.2866 Z18.8336 E0.01993 F600
G1 X100.3579 Y105.1081 Z18.9800 E0.02194 F600
G1 X100.3571 Y104.9435 Z19.1800 E0.02326 F600
G1 X100.4131 Y104.8261 Z19.3800 E0.02143 F600
G1 X100.4899 Y104.7720 Z19.5264 E0.01562 F600
G1 X100.5517 Y104.7812 Z19.5800 E0.00739 F600
G1 X100.5705 Y104.8407 Z19.5264 E0.00739 F600
G1 X100.5290 Y104.9250 Z19.3800 E0.01562 F600
G1 X100.4218 Y104.9987 Z19.1800 E0.02143 F600
G1 X100.2591 Y105.0237 Z18.9800 E0.02326 F600
G1 X100.0703 Y104.9725 Z18.8336 E0.02194 F600
G1 X99.8990 Y104.8420 Z18.7800 E0.01993 F600
G1 X99.7871 Y104.6580 Z18.8336 E0.01993 F600
G1 X99.7559 Y104.4648 Z18.9800 E0.02194 F600
G1 X99.7977 Y104.3056 Z19.1800 E0.02326 F600
G1 X99.8822 Y104.2067 Z19.3800 E0.02143 F600
G1 X99.9704 Y104.1743 Z19.5264 E0.01562 F600
G1 X100.0276 Y104.1992 Z19.5800 E0.00739 F600
G1 X100.0304 Y104.2616 Z19.5264 E0.00739 F600
G1 X99.9685 Y104.3323 Z19.3800 E0.01562 F600
G1 X99.8459 Y104.3757 Z19.1800 E0.02143 F600
G1 X99.6823 Y104.3577 Z18.9800 E0.02326 F600
G1 X99.5132 Y104.2594 Z18.8336 E0.02194 F600
G1 X99.3815 Y104.0890 Z18.7800 E0.01993 F600
G1 X99.3210 Y103.8823 Z18.8336 E0.01993 F600
G1 X99.3409 Y103.6876 Z18.9800 E0.02194 F600
G1 X99.4225 Y103.5447 Z19.1800 E0.02326 F600
G1 X99.5297 Y103.4710 Z19.3800 E0.02143 F600
G1 X99.6233 Y103.4625 Z19.5264 E0.01562 F600
G1 X99.6721 Y103.5014 Z19.5800 E0.00739 F600
G1 X99.6586 Y103.5624 Z19.5264 E0.00739 F600
G1 X99.5806 Y103.6147 Z19.3800 E0.01562 F600
G1 X99.4509 Y103.6249 Z19.1800 E0.02143 F600
G1 X99.2975 Y103.5652 Z18.9800 E0.02326 F600
G1 X99.1596 Y103.4264 Z18.8336 E0.02194 F600
G1 X99.0765 Y103.2277 Z18.7800 E0.01993 F600
G1 X99.0716 Y103.0124 Z18.8336 E0.01993 F600
G1 X99.1411 Y102.8295 Z18.9800 E0.02194 F600
G1 X99.2570 Y102.7126 Z19.1800 E0.02326 F600
G1 X99.3796 Y102.6692 Z19.3800 E0.02143 F600
G1 X99.4722 Y102.6852 Z19.5264 E0.01562 F600
G1 X99.5092 Y102.7354 Z19.5800 E0.00739 F600
G1 X99.4805 Y102.7907 Z19.5264 E0.00739 F600
G1 X99.3915 Y102.8211 Z19.3800 E0.01562 F600
G1 X99.2636 Y102.7974 Z19.1800 E0.02143 F600
G1 X99.1309 Y102.7000 Z18.9800 E0.02326 F600
G1 X99.0336 Y102.5303 Z18.8336 E0.02194 F600
G1 X99.0048 Y102.3168 Z18.7800 E0.01993 F600
G1 X99.0558 Y102.1076 Z18.8336 E0.01993 F600
G1 X99.1703 Y101.9489 Z18.9800 E0.02194 F600
G1 X99.3124 Y101.8660 Z19.1800 E0.02326 F600
G1 X99.4421 Y101.8558 Z19.3800 E0.02143 F600
G1 X99.5274 Y101.8952 Z19.5264 E0.01562 F600
G1 X99.5502 Y101.9533 Z19.5800 E0.00739 F600
G1 X99.5081 Y101.9993 Z19.5264 E0.00739 F600
G1 X99.4144 Y102.0056 Z19.3800 E0.01562 F600
G1 X99.2969 Y101.9496 Z19.1800 E0.02143 F600
G1 X99.1940 Y101.8212 Z18.9800 E0.02326 F600
G1 X99.1439 Y101.6321 Z18.8336 E0.02194 F600
G1 X99.1713 Y101.4184 Z18.7800 E0.01993 F600
G1 X99.2747 Y101.2295 Z18.8336 E0.01993 F600
G1 X99.4264 Y101.1059 Z18.9800 E0.02194 F600
G1 X99.5852 Y101.0626 Z19.1800 E0.02326 F600
G1 X99.7131 Y101.0863 Z19.3800 E0.02143 F600
G1 X99.7852 Y101.1465 Z19.5264 E0.01562 F600
G1 X99.7922 Y101.2085 Z19.5800 E0.00739 F600
G1 X99.7396 Y101.2420 Z19.5264 E0.00739 F600
G1 X99.6475 Y101.2238 Z19.3800 E0.01562 F600
G1 X99.5485 Y101.1394 Z19.1800 E0.02143 F600
G1 X99.4823 Y100.9887 Z18.9800 E0.02326 F600
G1 X99.4829 Y100.7930 Z18.8336 E0.02194 F600
G1 X99.5647 Y100.5938 Z18.7800 E0.01993 F600
G1 X99.7134 Y100.4380 Z18.8336 E0.01993 F600
G1 X99.8919 Y100.3579 Z18.9800 E0.02194 F600
G1 X100.0565 Y100.3571 Z19.1800 E0.02326 F600
G1 X100.1739 Y100.4131 Z19.3800 E0.02143 F600
G1 X100.2280 Y100.4899 Z19.5264 E0.01562 F600
G1 X100.2188 Y100.5517 Z19.5800 E0.00739 F600
G1 X100.1593 Y100.5705 Z19.5264 E0.00739 F600
G1 X100.0750 Y100.5290 Z19.3800 E0.01562 F600
G1 X100.0013 Y100.4218 Z19.1800 E0.02143 F600
G1 X99.9763 Y100.2591 Z18.9800 E0.02326 F600
G1 X100.0275 Y100.0703 Z18.8336 E0.02194 F600
G1 X100.1580 Y99.8990 Z18.7800 E0.01993 F600
G1 X100.3420 Y99.7871 Z18.8336 E0.01993 F600
G1 X100.5352 Y99.7559 Z18.9800 E0.02194 F600
G1 X100.6944 Y99.7977 Z19.1800 E0.02326 F600
G1 X100.7933 Y99.8822 Z19.3800 E0.02143 F600
G1 X100.8257 Y99.9704 Z19.5264 E0.01562 F600
G1 X100.8008 Y100.0276 Z19.5800 E0.00739 F600
; row 38/38
; closing rim (2 turns)
G1 X100.7366 Y100.0729 Z19.9800 E0.03661 F600
G1 X101.0000 Y99.9019 Z19.9800 E0.02820 F600
G1 X101.2798 Y99.7594 Z19.9800 E0.02820 F600
G1 X101.5729 Y99.6468 Z19.9800 E0.02820 F600
G1 X101.8763 Y99.5656 Z19.9800 E0.02820 F600
G1 X102.1864 Y99.5164 Z19.9800 E0.02820 F600
G1 X102.5000 Y99.5000 Z19.9800 E0.02820 F600
G1 X102.8136 Y99.5164 Z19.9800 E0.02820 F600
G1 X103.1237 Y99.5656 Z19.9800 E0.02820 F600
G1 X103.4271 Y99.6468 Z19.9800 E0.02820 F600
G1 X103.7202 Y99.7594 Z19.9800 E0.02820 F600
G1 X104.0000 Y99.9019 Z19.9800 E0.02820 F600
G1 X104.2634 Y100.0729 Z19.9800 E0.02820 F600
G1 X104.5074 Y100.2706 Z19.9800 E0.02820 F600
G1 X104.7294 Y100.4926 Z19.9800 E0.02820 F600
G1 X104.9271 Y100.7366 Z19.9800 E0.02820 F600
G1 X105.0981 Y101.0000 Z19.9800 E0.02820 F600
G1 X105.2406 Y101.2798 Z19.9800 E0.02820 F600
G1 X105.3532 Y101.5729 Z19.9800 E0.02820 F600
G1 X105.4344 Y101.8763 Z19.9800 E0.02820 F600
G1 X105.4836 Y102.1864 Z19.9800 E0.02820 F600
G1 X105.5000 Y102.5000 Z19.9800 E0.02820 F600
G1 X105.4836 Y102.8136 Z19.9800 E0.02820 F600
G1 X105.4344 Y103.1237 Z19.9800 E0.02820 F600
G1 X105.3532 Y103.4271 Z19.9800 E0.02820 F600
G1 X105.2406 Y103.7202 Z19.9800 E0.02820 F600
G1 X105.0981 Y104.0000 Z19.9800 E0.02820 F600
G1 X104.9271 Y104.2634 Z19.9800 E0.02820 F600
G1 X104.7294 Y104.5074 Z19.9800 E0.02820 F600
G1 X104.5074 Y104.7294 Z19.9800 E0.02820 F600
G1 X104.2634 Y104.9271 Z19.9800 E0.02820 F600
G1 X104.0000 Y105.0981 Z19.9800 E0.02820 F600
G1 X103.7202 Y105.2406 Z19.9800 E0.02820 F600
G1 X103.4271 Y105.3532 Z19.9800 E0.02820 F600
G1 X103.1237 Y105.4344 Z19.9800 E0.02820 F600
G1 X102.8136 Y105.4836 Z19.9800 E0.02820 F600
G1 X102.5000 Y105.5000 Z19.9800 E0.02820 F600
G1 X102.1864 Y105.4836 Z19.9800 E0.02820 F600
G1 X101.8763 Y105.4344 Z19.9800 E0.02820 F600
G1 X101.5729 Y105.3532 Z19.9800 E0.02820 F600
G1 X101.2798 Y105.2406 Z19.9800 E0.02820 F600
G1 X101.0000 Y105.0981 Z19.9800 E0.02820 F600
G1 X100.7366 Y104.9271 Z19.9800 E0.02820 F600
G1 X100.4926 Y104.7294 Z19.9800 E0.02820 F600
G1 X100.2706 Y104.5074 Z19.9800 E0.02820 F600
G1 X100.0729 Y104.2634 Z19.9800 E0.02820 F600
G1 X99.9019 Y104.0000 Z19.9800 E0.02820 F600
G1 X99.7594 Y103.7202 Z19.9800 E0.02820 F600
G1 X99.6468 Y103.4271 Z19.9800 E0.02820 F600
G1 X99.5656 Y103.1237 Z19.9800 E0.02820 F600
G1 X99.5164 Y102.8136 Z19.9800 E0.02820 F600
G1 X99.5000 Y102.5000 Z19.9800 E0.02820 F600
G1 X99.5164 Y102.1864 Z19.9800 E0.02820 F600
G1 X99.5656 Y101.8763 Z19.9800 E0.02820 F600
G1 X99.6468 Y101.5729 Z19.9800 E0.02820 F600
G1 X99.7594 Y101.2798 Z19.9800 E0.02820 F600
G1 X99.9019 Y101.0000 Z19.9800 E0.02820 F600
G1 X100.0729 Y100.7366 Z19.9800 E0.02820 F600
G1 X100.2706 Y100.4926 Z19.9800 E0.02820 F600
G1 X100.4926 Y100.2706 Z19.9800 E0.02820 F600
G1 X100.7366 Y100.0729 Z20.3800 E0.04567 F600
G1 X101.0000 Y99.9019 Z20.3800 E0.02820 F600
G1 X101.2798 Y99.7594 Z20.3800 E0.02820 F600
G1 X101.5729 Y99.6468 Z20.3800 E0.02820 F600
G1 X101.8763 Y99.5656 Z20.3800 E0.02820 F600
G1 X102.1864 Y99.5164 Z20.3800 E0.02820 F600
G1 X102.5000 Y99.5000 Z20.3800 E0.02820 F600
G1 X102.8136 Y99.5164 Z20.3800 E0.02820 F600
G1 X103.1237 Y99.5656 Z20.3800 E0.02820 F600
G1 X103.4271 Y99.6468 Z20.3800 E0.02820 F600
G1 X103.7202 Y99.7594 Z20.3800 E0.02820 F600
G1 X104.0000 Y99.9019 Z20.3800 E0.02820 F600
G1 X104.2634 Y100.0729 Z20.3800 E0.02820 F600
G1 X104.5074 Y100.2706 Z20.3800 E0.02820 F600
G1 X104.7294 Y100.4926 Z20.3800 E0.02820 F600
G1 X104.9271 Y100.7366 Z20.3800 E0.02820 F600
G1 X105.0981 Y101.0000 Z20.3800 E0.02820 F600
G1 X105.2406 Y101.2798 Z20.3800 E0.02820 F600
G1 X105.3532 Y101.5729 Z20.3800 E0.02820 F600
G1 X105.4344 Y101.8763 Z20.3800 E0.02820 F600
G1 X105.4836 Y102.1864 Z20.3800 E0.02820 F600
G1 X105.5000 Y102.5000 Z20.3800 E0.02820 F600
G1 X105.4836 Y102.8136 Z20.3800 E0.02820 F600
G1 X105.4344 Y103.1237 Z20.3800 E0.02820 F600
G1 X105.3532 Y103.4271 Z20.3800 E0.02820 F600
G1 X105.2406 Y103.7202 Z20.3800 E0.02820 F600
G1 X105.0981 Y104.0000 Z20.3800 E0.02820 F600
G1 X104.9271 Y104.2634 Z20.3800 E0.02820 F600
G1 X104.7294 Y104.5074 Z20.3800 E0.02820 F600
G1 X104.5074 Y104.7294 Z20.3800 E0.02820 F600
G1 X104.2634 Y104.9271 Z20.3800 E0.02820 F600
G1 X104.0000 Y105.0981 Z20.3800 E0.02820 F600
G1 X103.7202 Y105.2406 Z20.3800 E0.02820 F600
G1 X103.4271 Y105.3532 Z20.3800 E0.02820 F600
G1 X103.1237 Y105.4344 Z20.3800 E0.02820 F600
G1 X102.8136 Y105.4836 Z20.3800 E0.02820 F600
G1 X102.5000 Y105.5000 Z20.3800 E0.02820 F600
G1 X102.1864 Y105.4836 Z20.3800 E0.02820 F600
G1 X101.8763 Y105.4344 Z20.3800 E0.02820 F600
G1 X101.5729 Y105.3532 Z20.3800 E0.02820 F600
G1 X101.2798 Y105.2406 Z20.3800 E0.02820 F600
G1 X101.0000 Y105.0981 Z20.3800 E0.02820 F600
G1 X100.7366 Y104.9271 Z20.3800 E0.02820 F600
G1 X100.4926 Y104.7294 Z20.3800 E0.02820 F600
G1 X100.2706 Y104.5074 Z20.3800 E0.02820 F600
G1 X100.0729 Y104.2634 Z20.3800 E0.02820 F600
G1 X99.9019 Y104.0000 Z20.3800 E0.02820 F600
G1 X99.7594 Y103.7202 Z20.3800 E0.02820 F600
G1 X99.6468 Y103.4271 Z20.3800 E0.02820 F600
G1 X99.5656 Y103.1237 Z20.3800 E0.02820 F600
G1 X99.5164 Y102.8136 Z20.3800 E0.02820 F600
G1 X99.5000 Y102.5000 Z20.3800 E0.02820 F600
G1 X99.5164 Y102.1864 Z20.3800 E0.02820 F600
G1 X99.5656 Y101.8763 Z20.3800 E0.02820 F600
G1 X99.6468 Y101.5729 Z20.3800 E0.02820 F600
G1 X99.7594 Y101.2798 Z20.3800 E0.02820 F600
G1 X99.9019 Y101.0000 Z20.3800 E0.02820 F600
G1 X100.0729 Y100.7366 Z20.3800 E0.02820 F600
G1 X100.2706 Y100.4926 Z20.3800 E0.02820 F600
G1 X100.4926 Y100.2706 Z20.3800 E0.02820 F600
G1 E-0.6000 F3600

PRINT_END
; total filament: 207.6 mm
