; Voron Trident continuous non-planar G-code
; nozzle=0.4 line_width=0.45 layer_height=0.3
; max_z_velocity=25.0 mm/s (feedrate clamped to honour this)

PRINT_START EXTRUDER=210 BED=60 MATERIAL=PLA
M83            ; relative extrusion
G92 E0
M107           ; fan off for first layer(s)

; move to solid base start
G1 Z5.2250 F1500  ; initial safe lift
G1 X129.5000 Y117.5000 Z5.2250 F12000  ; travel
G1 X129.5000 Y117.5000 Z0.2250 F1500  ; travel
G1 E0.6000 F2400
; solid base (2 layers) + brim (3 loops)
G1 X129.5000 Y117.5000 Z0.2250 E0.00000 F1200
G1 X129.4928 Y117.1860 Z0.2250 E0.01763 F1200
G1 X129.4773 Y116.8723 Z0.2250 E0.01763 F1200
G1 X129.4537 Y116.5592 Z0.2250 E0.01762 F1200
G1 X129.4218 Y116.2470 Z0.2250 E0.01762 F1200
G1 X129.3818 Y115.9357 Z0.2250 E0.01761 F1200
G1 X129.3337 Y115.6257 Z0.2250 E0.01761 F1200
G1 X129.2776 Y115.3172 Z0.2250 E0.01760 F1200
G1 X129.2133 Y115.0103 Z0.2250 E0.01760 F1200
G1 X129.1411 Y114.7052 Z0.2250 E0.01759 F1200
G1 X129.0609 Y114.4023 Z0.2250 E0.01759 F1200
G1 X128.9729 Y114.1016 Z0.2250 E0.01758 F1200
G1 X128.8770 Y113.8034 Z0.2250 E0.01758 F1200
G1 X128.7734 Y113.5079 Z0.2250 E0.01758 F1200
G1 X128.6621 Y113.2153 Z0.2250 E0.01757 F1200
G1 X128.5432 Y112.9257 Z0.2250 E0.01757 F1200
G1 X128.4169 Y112.6395 Z0.2250 E0.01756 F1200
G1 X128.2831 Y112.3567 Z0.2250 E0.01756 F1200
G1 X128.1420 Y112.0777 Z0.2250 E0.01755 F1200
G1 X127.9936 Y111.8024 Z0.2250 E0.01755 F1200
G1 X127.8382 Y111.5312 Z0.2250 E0.01754 F1200
G1 X127.6757 Y111.2643 Z0.2250 E0.01754 F1200
G1 X127.5064 Y111.0018 Z0.2250 E0.01753 F1200
G1 X127.3303 Y110.7438 Z0.2250 E0.01753 F1200
G1 X127.1475 Y110.4907 Z0.2250 E0.01753 F1200
G1 X126.9583 Y110.2424 Z0.2250 E0.01752 F1200
G1 X126.7626 Y109.9993 Z0.2250 E0.01752 F1200
G1 X126.5607 Y109.7614 Z0.2250 E0.01751 F1200
G1 X126.3527 Y109.5290 Z0.2250 E0.01751 F1200
G1 X126.1388 Y109.3021 Z0.2250 E0.01750 F1200
G1 X125.9190 Y109.0810 Z0.2250 E0.01750 F1200
G1 X125.6936 Y108.8658 Z0.2250 E0.01749 F1200
G1 X125.4627 Y108.6566 Z0.2250 E0.01749 F1200
G1 X125.2264 Y108.4535 Z0.2250 E0.01748 F1200
G1 X124.9850 Y108.2568 Z0.2250 E0.01748 F1200
G1 X124.7386 Y108.0665 Z0.2250 E0.01747 F1200
G1 X124.4873 Y107.8828 Z0.2250 E0.01747 F1200
G1 X124.2314 Y107.7058 Z0.2250 E0.01747 F1200
G1 X123.9710 Y107.5355 Z0.2250 E0.01746 F1200
G1 X123.7063 Y107.3722 Z0.2250 E0.01746 F1200
G1 X123.4375 Y107.2159 Z0.2250 E0.01745 F1200
G1 X123.1648 Y107.0668 Z0.2250 E0.01745 F1200
G1 X122.8883 Y106.9249 Z0.2250 E0.01744 F1200
G1 X122.6083 Y106.7903 Z0.2250 E0.01744 F1200
G1 X122.3249 Y106.6631 Z0.2250 E0.01743 F1200
G1 X122.0384 Y106.5434 Z0.2250 E0.01743 F1200
G1 X121.7489 Y106.4312 Z0.2250 E0.01742 F1200
G1 X121.4567 Y106.3268 Z0.2250 E0.01742 F1200
G1 X121.1619 Y106.2300 Z0.2250 E0.01741 F1200
G1 X120.8647 Y106.1410 Z0.2250 E0.01741 F1200
G1 X120.5654 Y106.0598 Z0.2250 E0.01741 F1200
G1 X120.2641 Y105.9865 Z0.2250 E0.01740 F1200
G1 X119.9612 Y105.9212 Z0.2250 E0.01740 F1200
G1 X119.6566 Y105.8638 Z0.2250 E0.01739 F1200
G1 X119.3508 Y105.8144 Z0.2250 E0.01739 F1200
G1 X119.0439 Y105.7731 Z0.2250 E0.01738 F1200
G1 X118.7360 Y105.7398 Z0.2250 E0.01738 F1200
G1 X118.4275 Y105.7146 Z0.2250 E0.01737 F1200
G1 X118.1185 Y105.6974 Z0.2250 E0.01737 F1200
G1 X117.8093 Y105.6884 Z0.2250 E0.01736 F1200
G1 X117.5000 Y105.6875 Z0.2250 E0.01736 F1200
G1 X117.1909 Y105.6947 Z0.2250 E0.01736 F1200
G1 X116.8821 Y105.7099 Z0.2250 E0.01735 F1200
G1 X116.5739 Y105.7333 Z0.2250 E0.01735 F1200
G1 X116.2666 Y105.7646 Z0.2250 E0.01734 F1200
G1 X115.9602 Y105.8040 Z0.2250 E0.01734 F1200
G1 X115.6551 Y105.8515 Z0.2250 E0.01733 F1200
G1 X115.3513 Y105.9068 Z0.2250 E0.01733 F1200
G1 X115.0492 Y105.9701 Z0.2250 E0.01732 F1200
G1 X114.7490 Y106.0412 Z0.2250 E0.01732 F1200
G1 X114.4508 Y106.1202 Z0.2250 E0.01731 F1200
G1 X114.1548 Y106.2069 Z0.2250 E0.01731 F1200
G1 X113.8613 Y106.3013 Z0.2250 E0.01730 F1200
G1 X113.5705 Y106.4033 Z0.2250 E0.01730 F1200
G1 X113.2825 Y106.5129 Z0.2250 E0.01730 F1200
G1 X112.9975 Y106.6300 Z0.2250 E0.01729 F1200
G1 X112.7158 Y106.7544 Z0.2250 E0.01729 F1200
G1 X112.4375 Y106.8862 Z0.2250 E0.01728 F1200
G1 X112.1628 Y107.0251 Z0.2250 E0.01728 F1200
G1 X111.8919 Y107.1712 Z0.2250 E0.01727 F1200
G1 X111.6250 Y107.3242 Z0.2250 E0.01727 F1200
G1 X111.3623 Y107.4841 Z0.2250 E0.01726 F1200
G1 X111.1039 Y107.6509 Z0.2250 E0.01726 F1200
G1 X110.8500 Y107.8242 Z0.2250 E0.01725 F1200
G1 X110.6009 Y108.0042 Z0.2250 E0.01725 F1200
G1 X110.3566 Y108.1905 Z0.2250 E0.01725 F1200
G1 X110.1173 Y108.3831 Z0.2250 E0.01724 F1200
G1 X109.8832 Y108.5819 Z0.2250 E0.01724 F1200
G1 X109.6544 Y108.7866 Z0.2250 E0.01723 F1200
G1 X109.4312 Y108.9973 Z0.2250 E0.01723 F1200
G1 X109.2136 Y109.2136 Z0.2250 E0.01722 F1200
G1 X109.0018 Y109.4355 Z0.2250 E0.01722 F1200
G1 X108.7959 Y109.6628 Z0.2250 E0.01721 F1200
G1 X108.5961 Y109.8954 Z0.2250 E0.01721 F1200
G1 X108.4025 Y110.1330 Z0.2250 E0.01720 F1200
G1 X108.2153 Y110.3756 Z0.2250 E0.01720 F1200
G1 X108.0345 Y110.6229 Z0.2250 E0.01719 F1200
G1 X107.8603 Y110.8748 Z0.2250 E0.01719 F1200
G1 X107.6928 Y111.1311 Z0.2250 E0.01719 F1200
G1 X107.5321 Y111.3917 Z0.2250 E0.01718 F1200
G1 X107.3783 Y111.6563 Z0.2250 E0.01718 F1200
G1 X107.2316 Y111.9247 Z0.2250 E0.01717 F1200
G1 X107.0919 Y112.1968 Z0.2250 E0.01717 F1200
G1 X106.9595 Y112.4724 Z0.2250 E0.01716 F1200
G1 X106.8344 Y112.7513 Z0.2250 E0.01716 F1200
G1 X106.7166 Y113.0334 Z0.2250 E0.01715 F1200
G1 X106.6063 Y113.3183 Z0.2250 E0.01715 F1200
G1 X106.5035 Y113.6059 Z0.2250 E0.01714 F1200
G1 X106.4083 Y113.8961 Z0.2250 E0.01714 F1200
G1 X106.3208 Y114.1886 Z0.2250 E0.01713 F1200
G1 X106.2409 Y114.4831 Z0.2250 E0.01713 F1200
G1 X106.1689 Y114.7796 Z0.2250 E0.01713 F1200
G1 X106.1046 Y115.0778 Z0.2250 E0.01712 F1200
G1 X106.0482 Y115.3775 Z0.2250 E0.01712 F1200
G1 X105.9996 Y115.6785 Z0.2250 E0.01711 F1200
G1 X105.9590 Y115.9806 Z0.2250 E0.01711 F1200
G1 X105.9263 Y116.2836 Z0.2250 E0.01710 F1200
G1 X105.9015 Y116.5872 Z0.2250 E0.01710 F1200
G1 X105.8847 Y116.8913 Z0.2250 E0.01709 F1200
G1 X105.8759 Y117.1956 Z0.2250 E0.01709 F1200
G1 X105.8750 Y117.5000 Z0.2250 E0.01708 F1200
G1 X105.8821 Y117.8042 Z0.2250 E0.01708 F1200
G1 X105.8972 Y118.1081 Z0.2250 E0.01708 F1200
G1 X105.9202 Y118.4114 Z0.2250 E0.01707 F1200
G1 X105.9511 Y118.7138 Z0.2250 E0.01707 F1200
G1 X105.9899 Y119.0153 Z0.2250 E0.01706 F1200
G1 X106.0366 Y119.3156 Z0.2250 E0.01706 F1200
G1 X106.0912 Y119.6145 Z0.2250 E0.01705 F1200
G1 X106.1535 Y119.9118 Z0.2250 E0.01705 F1200
G1 X106.2235 Y120.2072 Z0.2250 E0.01704 F1200
G1 X106.3013 Y120.5007 Z0.2250 E0.01704 F1200
G1 X106.3867 Y120.7919 Z0.2250 E0.01703 F1200
G1 X106.4796 Y121.0807 Z0.2250 E0.01703 F1200
G1 X106.5801 Y121.3669 Z0.2250 E0.01702 F1200
G1 X106.6880 Y121.6503 Z0.2250 E0.01702 F1200
G1 X106.8032 Y121.9308 Z0.2250 E0.01702 F1200
G1 X106.9257 Y122.2080 Z0.2250 E0.01701 F1200
G1 X107.0554 Y122.4818 Z0.2250 E0.01701 F1200
G1 X107.1922 Y122.7521 Z0.2250 E0.01700 F1200
G1 X107.3359 Y123.0186 Z0.2250 E0.01700 F1200
G1 X107.4866 Y123.2813 Z0.2250 E0.01699 F1200
G1 X107.6440 Y123.5398 Z0.2250 E0.01699 F1200
G1 X107.8081 Y123.7940 Z0.2250 E0.01698 F1200
G1 X107.9788 Y124.0438 Z0.2250 E0.01698 F1200
G1 X108.1559 Y124.2889 Z0.2250 E0.01697 F1200
G1 X108.3392 Y124.5293 Z0.2250 E0.01697 F1200
G1 X108.5288 Y124.7647 Z0.2250 E0.01696 F1200
G1 X108.7244 Y124.9950 Z0.2250 E0.01696 F1200
G1 X108.9260 Y125.2201 Z0.2250 E0.01696 F1200
G1 X109.1333 Y125.4397 Z0.2250 E0.01695 F1200
G1 X109.3462 Y125.6538 Z0.2250 E0.01695 F1200
G1 X109.5646 Y125.8622 Z0.2250 E0.01694 F1200
G1 X109.7883 Y126.0647 Z0.2250 E0.01694 F1200
G1 X110.0171 Y126.2613 Z0.2250 E0.01693 F1200
G1 X110.2510 Y126.4518 Z0.2250 E0.01693 F1200
G1 X110.4897 Y126.6360 Z0.2250 E0.01692 F1200
G1 X110.7331 Y126.8138 Z0.2250 E0.01692 F1200
G1 X110.9810 Y126.9852 Z0.2250 E0.01691 F1200
G1 X111.2332 Y127.1500 Z0.2250 E0.01691 F1200
G1 X111.4896 Y127.3080 Z0.2250 E0.01691 F1200
G1 X111.7500 Y127.4593 Z0.2250 E0.01690 F1200
G1 X112.0142 Y127.6037 Z0.2250 E0.01690 F1200
G1 X112.2819 Y127.7410 Z0.2250 E0.01689 F1200
G1 X112.5532 Y127.8713 Z0.2250 E0.01689 F1200
G1 X112.8276 Y127.9944 Z0.2250 E0.01688 F1200
G1 X113.1051 Y128.1102 Z0.2250 E0.01688 F1200
G1 X113.3855 Y128.2187 Z0.2250 E0.01687 F1200
G1 X113.6685 Y128.3198 Z0.2250 E0.01687 F1200
G1 X113.9540 Y128.4134 Z0.2250 E0.01686 F1200
G1 X114.2418 Y128.4995 Z0.2250 E0.01686 F1200
G1 X114.5317 Y128.5780 Z0.2250 E0.01685 F1200
G1 X114.8234 Y128.6488 Z0.2250 E0.01685 F1200
G1 X115.1168 Y128.7120 Z0.2250 E0.01685 F1200
G1 X115.4117 Y128.7675 Z0.2250 E0.01684 F1200
G1 X115.7078 Y128.8152 Z0.2250 E0.01684 F1200
G1 X116.0051 Y128.8551 Z0.2250 E0.01683 F1200
G1 X116.3031 Y128.8873 Z0.2250 E0.01683 F1200
G1 X116.6019 Y128.9116 Z0.2250 E0.01682 F1200
G1 X116.9011 Y128.9281 Z0.2250 E0.01682 F1200
G1 X117.2005 Y128.9367 Z0.2250 E0.01681 F1200
G1 X117.5000 Y128.9375 Z0.2250 E0.01681 F1200
G1 X117.7993 Y128.9305 Z0.2250 E0.01680 F1200
G1 X118.0983 Y128.9156 Z0.2250 E0.01680 F1200
G1 X118.3966 Y128.8929 Z0.2250 E0.01680 F1200
G1 X118.6942 Y128.8624 Z0.2250 E0.01679 F1200
G1 X118.9909 Y128.8242 Z0.2250 E0.01679 F1200
G1 X119.2863 Y128.7782 Z0.2250 E0.01678 F1200
G1 X119.5803 Y128.7245 Z0.2250 E0.01678 F1200
G1 X119.8728 Y128.6631 Z0.2250 E0.01677 F1200
G1 X120.1635 Y128.5941 Z0.2250 E0.01677 F1200
G1 X120.4522 Y128.5176 Z0.2250 E0.01676 F1200
G1 X120.7387 Y128.4335 Z0.2250 E0.01676 F1200
G1 X121.0228 Y128.3420 Z0.2250 E0.01675 F1200
G1 X121.3044 Y128.2432 Z0.2250 E0.01675 F1200
G1 X121.5832 Y128.1370 Z0.2250 E0.01674 F1200
G1 X121.8590 Y128.0236 Z0.2250 E0.01674 F1200
G1 X122.1317 Y127.9030 Z0.2250 E0.01674 F1200
G1 X122.4011 Y127.7754 Z0.2250 E0.01673 F1200
G1 X122.6670 Y127.6408 Z0.2250 E0.01673 F1200
G1 X122.9292 Y127.4993 Z0.2250 E0.01672 F1200
G1 X123.1875 Y127.3510 Z0.2250 E0.01672 F1200
G1 X123.4418 Y127.1961 Z0.2250 E0.01671 F1200
G1 X123.6919 Y127.0346 Z0.2250 E0.01671 F1200
G1 X123.9376 Y126.8667 Z0.2250 E0.01670 F1200
G1 X124.1787 Y126.6925 Z0.2250 E0.01670 F1200
G1 X124.4151 Y126.5120 Z0.2250 E0.01669 F1200
G1 X124.6467 Y126.3255 Z0.2250 E0.01669 F1200
G1 X124.8733 Y126.1330 Z0.2250 E0.01668 F1200
G1 X125.0946 Y125.9347 Z0.2250 E0.01668 F1200
G1 X125.3107 Y125.7307 Z0.2250 E0.01668 F1200
G1 X125.5212 Y125.5212 Z0.2250 E0.01667 F1200
G1 X125.7262 Y125.3064 Z0.2250 E0.01667 F1200
G1 X125.9254 Y125.0863 Z0.2250 E0.01666 F1200
G1 X126.1187 Y124.8611 Z0.2250 E0.01666 F1200
G1 X126.3060 Y124.6310 Z0.2250 E0.01665 F1200
G1 X126.4872 Y124.3961 Z0.2250 E0.01665 F1200
G1 X126.6621 Y124.1567 Z0.2250 E0.01664 F1200
G1 X126.8307 Y123.9128 Z0.2250 E0.01664 F1200
G1 X126.9927 Y123.6646 Z0.2250 E0.01663 F1200
G1 X127.1482 Y123.4124 Z0.2250 E0.01663 F1200
G1 X127.2969 Y123.1563 Z0.2250 E0.01663 F1200
G1 X127.4389 Y122.8964 Z0.2250 E0.01662 F1200
G1 X127.5739 Y122.6329 Z0.2250 E0.01662 F1200
G1 X127.7020 Y122.3661 Z0.2250 E0.01661 F1200
G1 X127.8231 Y122.0961 Z0.2250 E0.01661 F1200
G1 X127.9370 Y121.8231 Z0.2250 E0.01660 F1200
G1 X128.0436 Y121.5473 Z0.2250 E0.01660 F1200
G1 X128.1430 Y121.2689 Z0.2250 E0.01659 F1200
G1 X128.2351 Y120.9880 Z0.2250 E0.01659 F1200
G1 X128.3197 Y120.7049 Z0.2250 E0.01658 F1200
G1 X128.3969 Y120.4198 Z0.2250 E0.01658 F1200
G1 X128.4665 Y120.1328 Z0.2250 E0.01657 F1200
G1 X128.5286 Y119.8442 Z0.2250 E0.01657 F1200
G1 X128.5831 Y119.5541 Z0.2250 E0.01657 F1200
G1 X128.6300 Y119.2628 Z0.2250 E0.01656 F1200
G1 X128.6692 Y118.9705 Z0.2250 E0.01656 F1200
G1 X128.7008 Y118.6773 Z0.2250 E0.01655 F1200
G1 X128.7247 Y118.3834 Z0.2250 E0.01655 F1200
G1 X128.7408 Y118.0891 Z0.2250 E0.01654 F1200
G1 X128.7493 Y117.7946 Z0.2250 E0.01654 F1200
G1 X128.7500 Y117.5000 Z0.2250 E0.01653 F1200
G1 X128.7430 Y117.2056 Z0.2250 E0.01653 F1200
G1 X128.7283 Y116.9115 Z0.2250 E0.01652 F1200
G1 X128.7060 Y116.6181 Z0.2250 E0.01652 F1200
G1 X128.6759 Y116.3254 Z0.2250 E0.01652 F1200
G1 X128.6383 Y116.0336 Z0.2250 E0.01651 F1200
G1 X128.5930 Y115.7430 Z0.2250 E0.01651 F1200
G1 X128.5401 Y115.4538 Z0.2250 E0.01650 F1200
G1 X128.4797 Y115.1662 Z0.2250 E0.01650 F1200
G1 X128.4118 Y114.8803 Z0.2250 E0.01649 F1200
G1 X128.3365 Y114.5964 Z0.2250 E0.01649 F1200
G1 X128.2538 Y114.3146 Z0.2250 E0.01648 F1200
G1 X128.1637 Y114.0351 Z0.2250 E0.01648 F1200
G1 X128.0664 Y113.7582 Z0.2250 E0.01647 F1200
G1 X127.9619 Y113.4840 Z0.2250 E0.01647 F1200
G1 X127.8503 Y113.2127 Z0.2250 E0.01646 F1200
G1 X127.7317 Y112.9445 Z0.2250 E0.01646 F1200
G1 X127.6061 Y112.6796 Z0.2250 E0.01646 F1200
G1 X127.4737 Y112.4181 Z0.2250 E0.01645 F1200
G1 X127.3345 Y112.1603 Z0.2250 E0.01645 F1200
G1 X127.1887 Y111.9062 Z0.2250 E0.01644 F1200
G1 X127.0362 Y111.6562 Z0.2250 E0.01644 F1200
G1 X126.8774 Y111.4103 Z0.2250 E0.01643 F1200
G1 X126.7122 Y111.1686 Z0.2250 E0.01643 F1200
G1 X126.5408 Y110.9315 Z0.2250 E0.01642 F1200
G1 X126.3632 Y110.6990 Z0.2250 E0.01642 F1200
G1 X126.1797 Y110.4713 Z0.2250 E0.01641 F1200
G1 X125.9904 Y110.2485 Z0.2250 E0.01641 F1200
G1 X125.7954 Y110.0308 Z0.2250 E0.01640 F1200
G1 X125.5947 Y109.8184 Z0.2250 E0.01640 F1200
G1 X125.3887 Y109.6113 Z0.2250 E0.01640 F1200
G1 X125.1773 Y109.4098 Z0.2250 E0.01639 F1200
G1 X124.9608 Y109.2139 Z0.2250 E0.01639 F1200
G1 X124.7393 Y109.0238 Z0.2250 E0.01638 F1200
G1 X124.5130 Y108.8397 Z0.2250 E0.01638 F1200
G1 X124.2820 Y108.6615 Z0.2250 E0.01637 F1200
G1 X124.0465 Y108.4896 Z0.2250 E0.01637 F1200
G1 X123.8066 Y108.3239 Z0.2250 E0.01636 F1200
G1 X123.5625 Y108.1645 Z0.2250 E0.01636 F1200
G1 X123.3144 Y108.0117 Z0.2250 E0.01635 F1200
G1 X123.0625 Y107.8655 Z0.2250 E0.01635 F1200
G1 X122.8069 Y107.7259 Z0.2250 E0.01635 F1200
G1 X122.5478 Y107.5931 Z0.2250 E0.01634 F1200
G1 X122.2854 Y107.4672 Z0.2250 E0.01634 F1200
G1 X122.0199 Y107.3482 Z0.2250 E0.01633 F1200
G1 X121.7514 Y107.2363 Z0.2250 E0.01633 F1200
G1 X121.4801 Y107.1314 Z0.2250 E0.01632 F1200
G1 X121.2063 Y107.0337 Z0.2250 E0.01632 F1200
G1 X120.9301 Y106.9433 Z0.2250 E0.01631 F1200
G1 X120.6517 Y106.8601 Z0.2250 E0.01631 F1200
G1 X120.3713 Y106.7843 Z0.2250 E0.01630 F1200
G1 X120.0891 Y106.7158 Z0.2250 E0.01630 F1200
G1 X119.8052 Y106.6548 Z0.2250 E0.01629 F1200
G1 X119.5200 Y106.6012 Z0.2250 E0.01629 F1200
G1 X119.2335 Y106.5552 Z0.2250 E0.01629 F1200
G1 X118.9460 Y106.5166 Z0.2250 E0.01628 F1200
G1 X118.6577 Y106.4857 Z0.2250 E0.01628 F1200
G1 X118.3687 Y106.4623 Z0.2250 E0.01627 F1200
G1 X118.0793 Y106.4464 Z0.2250 E0.01627 F1200
G1 X117.7897 Y106.4382 Z0.2250 E0.01626 F1200
G1 X117.5000 Y106.4375 Z0.2250 E0.01626 F1200
G1 X117.2105 Y106.4444 Z0.2250 E0.01625 F1200
G1 X116.9214 Y106.4589 Z0.2250 E0.01625 F1200
G1 X116.6328 Y106.4809 Z0.2250 E0.01624 F1200
G1 X116.3450 Y106.5105 Z0.2250 E0.01624 F1200
G1 X116.0581 Y106.5476 Z0.2250 E0.01623 F1200
G1 X115.7724 Y106.5922 Z0.2250 E0.01623 F1200
G1 X115.4880 Y106.6443 Z0.2250 E0.01623 F1200
G1 X115.2052 Y106.7037 Z0.2250 E0.01622 F1200
G1 X114.9241 Y106.7705 Z0.2250 E0.01622 F1200
G1 X114.6449 Y106.8446 Z0.2250 E0.01621 F1200
G1 X114.3678 Y106.9260 Z0.2250 E0.01621 F1200
G1 X114.0931 Y107.0146 Z0.2250 E0.01620 F1200
G1 X113.8208 Y107.1103 Z0.2250 E0.01620 F1200
G1 X113.5512 Y107.2131 Z0.2250 E0.01619 F1200
G1 X113.2845 Y107.3229 Z0.2250 E0.01619 F1200
G1 X113.0208 Y107.4396 Z0.2250 E0.01618 F1200
G1 X112.7603 Y107.5631 Z0.2250 E0.01618 F1200
G1 X112.5033 Y107.6934 Z0.2250 E0.01618 F1200
G1 X112.2498 Y107.8303 Z0.2250 E0.01617 F1200
G1 X112.0000 Y107.9737 Z0.2250 E0.01617 F1200
G1 X111.7541 Y108.1236 Z0.2250 E0.01616 F1200
G1 X111.5124 Y108.2799 Z0.2250 E0.01616 F1200
G1 X111.2748 Y108.4423 Z0.2250 E0.01615 F1200
G1 X111.0417 Y108.6109 Z0.2250 E0.01615 F1200
G1 X110.8131 Y108.7855 Z0.2250 E0.01614 F1200
G1 X110.5893 Y108.9660 Z0.2250 E0.01614 F1200
G1 X110.3703 Y109.1522 Z0.2250 E0.01613 F1200
G1 X110.1563 Y109.3440 Z0.2250 E0.01613 F1200
G1 X109.9475 Y109.5413 Z0.2250 E0.01612 F1200
G1 X109.7439 Y109.7439 Z0.2250 E0.01612 F1200
G1 X109.5458 Y109.9518 Z0.2250 E0.01612 F1200
G1 X109.3533 Y110.1647 Z0.2250 E0.01611 F1200
G1 X109.1664 Y110.3825 Z0.2250 E0.01611 F1200
G1 X108.9854 Y110.6050 Z0.2250 E0.01610 F1200
G1 X108.8103 Y110.8322 Z0.2250 E0.01610 F1200
G1 X108.6413 Y111.0638 Z0.2250 E0.01609 F1200
G1 X108.4784 Y111.2996 Z0.2250 E0.01609 F1200
G1 X108.3218 Y111.5396 Z0.2250 E0.01608 F1200
G1 X108.1716 Y111.7835 Z0.2250 E0.01608 F1200
G1 X108.0278 Y112.0312 Z0.2250 E0.01607 F1200
G1 X107.8907 Y112.2826 Z0.2250 E0.01607 F1200
G1 X107.7602 Y112.5373 Z0.2250 E0.01607 F1200
G1 X107.6364 Y112.7953 Z0.2250 E0.01606 F1200
G1 X107.5195 Y113.0564 Z0.2250 E0.01606 F1200
G1 X107.4095 Y113.3204 Z0.2250 E0.01605 F1200
G1 X107.3065 Y113.5871 Z0.2250 E0.01605 F1200
G1 X107.2105 Y113.8563 Z0.2250 E0.01604 F1200
G1 X107.1216 Y114.1279 Z0.2250 E0.01604 F1200
G1 X107.0399 Y114.4016 Z0.2250 E0.01603 F1200
G1 X106.9654 Y114.6773 Z0.2250 E0.01603 F1200
G1 X106.8981 Y114.9547 Z0.2250 E0.01602 F1200
G1 X106.8382 Y115.2338 Z0.2250 E0.01602 F1200
G1 X106.7856 Y115.5142 Z0.2250 E0.01601 F1200
G1 X106.7404 Y115.7958 Z0.2250 E0.01601 F1200
G1 X106.7025 Y116.0785 Z0.2250 E0.01601 F1200
G1 X106.6721 Y116.3619 Z0.2250 E0.01600 F1200
G1 X106.6492 Y116.6460 Z0.2250 E0.01600 F1200
G1 X106.6337 Y116.9305 Z0.2250 E0.01599 F1200
G1 X106.6256 Y117.2152 Z0.2250 E0.01599 F1200
G1 X106.6250 Y117.5000 Z0.2250 E0.01598 F1200
G1 X106.6319 Y117.7846 Z0.2250 E0.01598 F1200
G1 X106.6461 Y118.0688 Z0.2250 E0.01597 F1200
G1 X106.6679 Y118.3525 Z0.2250 E0.01597 F1200
G1 X106.6970 Y118.6354 Z0.2250 E0.01596 F1200
G1 X106.7335 Y118.9174 Z0.2250 E0.01596 F1200
G1 X106.7774 Y119.1983 Z0.2250 E0.01595 F1200
G1 X106.8286 Y119.4778 Z0.2250 E0.01595 F1200
G1 X106.8871 Y119.7558 Z0.2250 E0.01595 F1200
G1 X106.9528 Y120.0322 Z0.2250 E0.01594 F1200
G1 X107.0257 Y120.3066 Z0.2250 E0.01594 F1200
G1 X107.1058 Y120.5789 Z0.2250 E0.01593 F1200
G1 X107.1929 Y120.8490 Z0.2250 E0.01593 F1200
G1 X107.2871 Y121.1166 Z0.2250 E0.01592 F1200
G1 X107.3882 Y121.3816 Z0.2250 E0.01592 F1200
G1 X107.4961 Y121.6437 Z0.2250 E0.01591 F1200
G1 X107.6109 Y121.9029 Z0.2250 E0.01591 F1200
G1 X107.7323 Y122.1589 Z0.2250 E0.01590 F1200
G1 X107.8604 Y122.4116 Z0.2250 E0.01590 F1200
G1 X107.9950 Y122.6608 Z0.2250 E0.01590 F1200
G1 X108.1361 Y122.9063 Z0.2250 E0.01589 F1200
G1 X108.2835 Y123.1479 Z0.2250 E0.01589 F1200
G1 X108.4371 Y123.3855 Z0.2250 E0.01588 F1200
G1 X108.5969 Y123.6190 Z0.2250 E0.01588 F1200
G1 X108.7626 Y123.8481 Z0.2250 E0.01587 F1200
G1 X108.9343 Y124.0727 Z0.2250 E0.01587 F1200
G1 X109.1117 Y124.2927 Z0.2250 E0.01586 F1200
G1 X109.2947 Y124.5080 Z0.2250 E0.01586 F1200
G1 X109.4833 Y124.7182 Z0.2250 E0.01585 F1200
G1 X109.6773 Y124.9235 Z0.2250 E0.01585 F1200
G1 X109.8765 Y125.1235 Z0.2250 E0.01584 F1200
G1 X110.0808 Y125.3182 Z0.2250 E0.01584 F1200
G1 X110.2901 Y125.5074 Z0.2250 E0.01584 F1200
G1 X110.5042 Y125.6910 Z0.2250 E0.01583 F1200
G1 X110.7230 Y125.8689 Z0.2250 E0.01583 F1200
G1 X110.9463 Y126.0409 Z0.2250 E0.01582 F1200
G1 X111.1740 Y126.2070 Z0.2250 E0.01582 F1200
G1 X111.4058 Y126.3671 Z0.2250 E0.01581 F1200
G1 X111.6417 Y126.5210 Z0.2250 E0.01581 F1200
G1 X111.8815 Y126.6685 Z0.2250 E0.01580 F1200
G1 X112.1250 Y126.8098 Z0.2250 E0.01580 F1200
G1 X112.3720 Y126.9445 Z0.2250 E0.01579 F1200
G1 X112.6224 Y127.0728 Z0.2250 E0.01579 F1200
G1 X112.8760 Y127.1943 Z0.2250 E0.01578 F1200
G1 X113.1327 Y127.3092 Z0.2250 E0.01578 F1200
G1 X113.3921 Y127.4173 Z0.2250 E0.01578 F1200
G1 X113.6543 Y127.5185 Z0.2250 E0.01577 F1200
G1 X113.9189 Y127.6128 Z0.2250 E0.01577 F1200
G1 X114.1858 Y127.7001 Z0.2250 E0.01576 F1200
G1 X114.4548 Y127.7803 Z0.2250 E0.01576 F1200
G1 X114.7258 Y127.8535 Z0.2250 E0.01575 F1200
G1 X114.9985 Y127.9196 Z0.2250 E0.01575 F1200
G1 X115.2727 Y127.9784 Z0.2250 E0.01574 F1200
G1 X115.5484 Y128.0300 Z0.2250 E0.01574 F1200
G1 X115.8252 Y128.0744 Z0.2250 E0.01573 F1200
G1 X116.1030 Y128.1116 Z0.2250 E0.01573 F1200
G1 X116.3815 Y128.1414 Z0.2250 E0.01573 F1200
G1 X116.6607 Y128.1639 Z0.2250 E0.01572 F1200
G1 X116.9403 Y128.1791 Z0.2250 E0.01572 F1200
G1 X117.2202 Y128.1870 Z0.2250 E0.01571 F1200
G1 X117.5000 Y128.1875 Z0.2250 E0.01571 F1200
G1 X117.7797 Y128.1807 Z0.2250 E0.01570 F1200
G1 X118.0590 Y128.1666 Z0.2250 E0.01570 F1200
G1 X118.3378 Y128.1452 Z0.2250 E0.01569 F1200
G1 X118.6158 Y128.1165 Z0.2250 E0.01569 F1200
G1 X118.8930 Y128.0806 Z0.2250 E0.01568 F1200
G1 X119.1690 Y128.0374 Z0.2250 E0.01568 F1200
G1 X119.4437 Y127.9870 Z0.2250 E0.01567 F1200
G1 X119.7169 Y127.9295 Z0.2250 E0.01567 F1200
G1 X119.9884 Y127.8649 Z0.2250 E0.01567 F1200
G1 X120.2580 Y127.7931 Z0.2250 E0.01566 F1200
G1 X120.5257 Y127.7144 Z0.2250 E0.01566 F1200
G1 X120.7910 Y127.6288 Z0.2250 E0.01565 F1200
G1 X121.0540 Y127.5362 Z0.2250 E0.01565 F1200
G1 X121.3144 Y127.4368 Z0.2250 E0.01564 F1200
G1 X121.5720 Y127.3307 Z0.2250 E0.01564 F1200
G1 X121.8267 Y127.2178 Z0.2250 E0.01563 F1200
G1 X122.0782 Y127.0984 Z0.2250 E0.01563 F1200
G1 X122.3265 Y126.9725 Z0.2250 E0.01562 F1200
G1 X122.5713 Y126.8402 Z0.2250 E0.01562 F1200
G1 X122.8125 Y126.7015 Z0.2250 E0.01562 F1200
G1 X123.0499 Y126.5566 Z0.2250 E0.01561 F1200
G1 X123.2834 Y126.4056 Z0.2250 E0.01561 F1200
G1 X123.5128 Y126.2486 Z0.2250 E0.01560 F1200
G1 X123.7379 Y126.0857 Z0.2250 E0.01560 F1200
G1 X123.9586 Y125.9170 Z0.2250 E0.01559 F1200
G1 X124.1747 Y125.7426 Z0.2250 E0.01559 F1200
G1 X124.3862 Y125.5627 Z0.2250 E0.01558 F1200
G1 X124.5928 Y125.3773 Z0.2250 E0.01558 F1200
G1 X124.7944 Y125.1867 Z0.2250 E0.01557 F1200
G1 X124.9909 Y124.9909 Z0.2250 E0.01557 F1200
G1 X125.1822 Y124.7901 Z0.2250 E0.01556 F1200
G1 X125.3680 Y124.5844 Z0.2250 E0.01556 F1200
G1 X125.5484 Y124.3740 Z0.2250 E0.01556 F1200
G1 X125.7232 Y124.1590 Z0.2250 E0.01555 F1200
G1 X125.8922 Y123.9396 Z0.2250 E0.01555 F1200
G1 X126.0554 Y123.7158 Z0.2250 E0.01554 F1200
G1 X126.2126 Y123.4880 Z0.2250 E0.01554 F1200
G1 X126.3637 Y123.2562 Z0.2250 E0.01553 F1200
G1 X126.5087 Y123.0205 Z0.2250 E0.01553 F1200
G1 X126.6474 Y122.7812 Z0.2250 E0.01552 F1200
G1 X126.7798 Y122.5385 Z0.2250 E0.01552 F1200
G1 X126.9057 Y122.2924 Z0.2250 E0.01551 F1200
G1 X127.0251 Y122.0432 Z0.2250 E0.01551 F1200
G1 X127.1379 Y121.7911 Z0.2250 E0.01550 F1200
G1 X127.2440 Y121.5361 Z0.2250 E0.01550 F1200
G1 X127.3434 Y121.2785 Z0.2250 E0.01550 F1200
G1 X127.4360 Y121.0185 Z0.2250 E0.01549 F1200
G1 X127.5218 Y120.7563 Z0.2250 E0.01549 F1200
G1 X127.6006 Y120.4919 Z0.2250 E0.01548 F1200
G1 X127.6724 Y120.2257 Z0.2250 E0.01548 F1200
G1 X127.7372 Y119.9577 Z0.2250 E0.01547 F1200
G1 X127.7950 Y119.6883 Z0.2250 E0.01547 F1200
G1 X127.8457 Y119.4175 Z0.2250 E0.01546 F1200
G1 X127.8892 Y119.1455 Z0.2250 E0.01546 F1200
G1 X127.9257 Y118.8726 Z0.2250 E0.01545 F1200
G1 X127.9549 Y118.5989 Z0.2250 E0.01545 F1200
G1 X127.9770 Y118.3246 Z0.2250 E0.01545 F1200
G1 X127.9919 Y118.0499 Z0.2250 E0.01544 F1200
G1 X127.9995 Y117.7749 Z0.2250 E0.01544 F1200
G1 X128.0000 Y117.5000 Z0.2250 E0.01543 F1200
G1 X127.9933 Y117.2252 Z0.2250 E0.01543 F1200
G1 X127.9794 Y116.9508 Z0.2250 E0.01542 F1200
G1 X127.9583 Y116.6769 Z0.2250 E0.01542 F1200
G1 X127.9300 Y116.4038 Z0.2250 E0.01541 F1200
G1 X127.8947 Y116.1315 Z0.2250 E0.01541 F1200
G1 X127.8522 Y115.8604 Z0.2250 E0.01540 F1200
G1 X127.8027 Y115.5905 Z0.2250 E0.01540 F1200
G1 X127.7461 Y115.3221 Z0.2250 E0.01539 F1200
G1 X127.6825 Y115.0554 Z0.2250 E0.01539 F1200
G1 X127.6120 Y114.7905 Z0.2250 E0.01539 F1200
G1 X127.5346 Y114.5276 Z0.2250 E0.01538 F1200
G1 X127.4504 Y114.2669 Z0.2250 E0.01538 F1200
G1 X127.3594 Y114.0086 Z0.2250 E0.01537 F1200
G1 X127.2618 Y113.7528 Z0.2250 E0.01537 F1200
G1 X127.1574 Y113.4998 Z0.2250 E0.01536 F1200
G1 X127.0466 Y113.2496 Z0.2250 E0.01536 F1200
G1 X126.9292 Y113.0025 Z0.2250 E0.01535 F1200
G1 X126.8054 Y112.7586 Z0.2250 E0.01535 F1200
G1 X126.6754 Y112.5182 Z0.2250 E0.01534 F1200
G1 X126.5391 Y112.2812 Z0.2250 E0.01534 F1200
G1 X126.3968 Y112.0481 Z0.2250 E0.01534 F1200
G1 X126.2484 Y111.8187 Z0.2250 E0.01533 F1200
G1 X126.0941 Y111.5934 Z0.2250 E0.01533 F1200
G1 X125.9340 Y111.3723 Z0.2250 E0.01532 F1200
G1 X125.7682 Y111.1556 Z0.2250 E0.01532 F1200
G1 X125.5969 Y110.9433 Z0.2250 E0.01531 F1200
G1 X125.4201 Y110.7356 Z0.2250 E0.01531 F1200
G1 X125.2380 Y110.5327 Z0.2250 E0.01530 F1200
G1 X125.0507 Y110.3347 Z0.2250 E0.01530 F1200
G1 X124.8583 Y110.1417 Z0.2250 E0.01529 F1200
G1 X124.6610 Y109.9538 Z0.2250 E0.01529 F1200
G1 X124.4590 Y109.7713 Z0.2250 E0.01528 F1200
G1 X124.2522 Y109.5942 Z0.2250 E0.01528 F1200
G1 X124.0410 Y109.4225 Z0.2250 E0.01528 F1200
G1 X123.8254 Y109.2566 Z0.2250 E0.01527 F1200
G1 X123.6056 Y109.0963 Z0.2250 E0.01527 F1200
G1 X123.3818 Y108.9420 Z0.2250 E0.01526 F1200
G1 X123.1540 Y108.7936 Z0.2250 E0.01526 F1200
G1 X122.9226 Y108.6512 Z0.2250 E0.01525 F1200
G1 X122.6875 Y108.5150 Z0.2250 E0.01525 F1200
G1 X122.4490 Y108.3850 Z0.2250 E0.01524 F1200
G1 X122.2073 Y108.2614 Z0.2250 E0.01524 F1200
G1 X121.9625 Y108.1441 Z0.2250 E0.01523 F1200
G1 X121.7148 Y108.0334 Z0.2250 E0.01523 F1200
G1 X121.4644 Y107.9292 Z0.2250 E0.01522 F1200
G1 X121.2113 Y107.8316 Z0.2250 E0.01522 F1200
G1 X120.9559 Y107.7407 Z0.2250 E0.01522 F1200
G1 X120.6983 Y107.6566 Z0.2250 E0.01521 F1200
G1 X120.4387 Y107.5792 Z0.2250 E0.01521 F1200
G1 X120.1772 Y107.5087 Z0.2250 E0.01520 F1200
G1 X119.9140 Y107.4451 Z0.2250 E0.01520 F1200
G1 X119.6493 Y107.3884 Z0.2250 E0.01519 F1200
G1 X119.3833 Y107.3387 Z0.2250 E0.01519 F1200
G1 X119.1162 Y107.2959 Z0.2250 E0.01518 F1200
G1 X118.8481 Y107.2602 Z0.2250 E0.01518 F1200
G1 X118.5793 Y107.2316 Z0.2250 E0.01517 F1200
G1 X118.3098 Y107.2099 Z0.2250 E0.01517 F1200
G1 X118.0400 Y107.1954 Z0.2250 E0.01517 F1200
G1 X117.7700 Y107.1879 Z0.2250 E0.01516 F1200
G1 X117.5000 Y107.1875 Z0.2250 E0.01516 F1200
G1 X117.2301 Y107.1942 Z0.2250 E0.01515 F1200
G1 X116.9606 Y107.2079 Z0.2250 E0.01515 F1200
G1 X116.6916 Y107.2286 Z0.2250 E0.01514 F1200
G1 X116.4234 Y107.2564 Z0.2250 E0.01514 F1200
G1 X116.1560 Y107.2912 Z0.2250 E0.01513 F1200
G1 X115.8897 Y107.3330 Z0.2250 E0.01513 F1200
G1 X115.6247 Y107.3817 Z0.2250 E0.01512 F1200
G1 X115.3611 Y107.4373 Z0.2250 E0.01512 F1200
G1 X115.0992 Y107.4998 Z0.2250 E0.01511 F1200
G1 X114.8390 Y107.5691 Z0.2250 E0.01511 F1200
G1 X114.5809 Y107.6451 Z0.2250 E0.01511 F1200
G1 X114.3249 Y107.7279 Z0.2250 E0.01510 F1200
G1 X114.0712 Y107.8173 Z0.2250 E0.01510 F1200
G1 X113.8200 Y107.9133 Z0.2250 E0.01509 F1200
G1 X113.5715 Y108.0158 Z0.2250 E0.01509 F1200
G1 X113.3259 Y108.1247 Z0.2250 E0.01508 F1200
G1 X113.0832 Y108.2400 Z0.2250 E0.01508 F1200
G1 X112.8438 Y108.3616 Z0.2250 E0.01507 F1200
G1 X112.6076 Y108.4894 Z0.2250 E0.01507 F1200
G1 X112.3750 Y108.6232 Z0.2250 E0.01506 F1200
G1 X112.1460 Y108.7631 Z0.2250 E0.01506 F1200
G1 X111.9209 Y108.9089 Z0.2250 E0.01505 F1200
G1 X111.6996 Y109.0604 Z0.2250 E0.01505 F1200
G1 X111.4825 Y109.2177 Z0.2250 E0.01505 F1200
G1 X111.2697 Y109.3805 Z0.2250 E0.01504 F1200
G1 X111.0613 Y109.5488 Z0.2250 E0.01504 F1200
G1 X110.8574 Y109.7225 Z0.2250 E0.01503 F1200
G1 X110.6581 Y109.9013 Z0.2250 E0.01503 F1200
G1 X110.4637 Y110.0853 Z0.2250 E0.01502 F1200
G1 X110.2743 Y110.2743 Z0.2250 E0.01502 F1200
G1 X110.0898 Y110.4680 Z0.2250 E0.01501 F1200
G1 X109.9106 Y110.6665 Z0.2250 E0.01501 F1200
G1 X109.7367 Y110.8695 Z0.2250 E0.01500 F1200
G1 X109.5683 Y111.0770 Z0.2250 E0.01500 F1200
G1 X109.4053 Y111.2887 Z0.2250 E0.01500 F1200
G1 X109.2480 Y111.5046 Z0.2250 E0.01499 F1200
G1 X109.0965 Y111.7244 Z0.2250 E0.01499 F1200
G1 X108.9508 Y111.9481 Z0.2250 E0.01498 F1200
G1 X108.8111 Y112.1754 Z0.2250 E0.01498 F1200
G1 X108.6774 Y112.4063 Z0.2250 E0.01497 F1200
G1 X108.5498 Y112.6404 Z0.2250 E0.01497 F1200
G1 X108.4284 Y112.8778 Z0.2250 E0.01496 F1200
G1 X108.3134 Y113.1182 Z0.2250 E0.01496 F1200
G1 X108.2047 Y113.3615 Z0.2250 E0.01495 F1200
G1 X108.1024 Y113.6074 Z0.2250 E0.01495 F1200
G1 X108.0067 Y113.8558 Z0.2250 E0.01494 F1200
G1 X107.9175 Y114.1066 Z0.2250 E0.01494 F1200
G1 X107.8349 Y114.3596 Z0.2250 E0.01494 F1200
G1 X107.7590 Y114.6146 Z0.2250 E0.01493 F1200
G1 X107.6898 Y114.8714 Z0.2250 E0.01493 F1200
G1 X107.6274 Y115.1298 Z0.2250 E0.01492 F1200
G1 X107.5718 Y115.3897 Z0.2250 E0.01492 F1200
G1 X107.5230 Y115.6509 Z0.2250 E0.01491 F1200
G1 X107.4811 Y115.9132 Z0.2250 E0.01491 F1200
G1 X107.4461 Y116.1764 Z0.2250 E0.01490 F1200
G1 X107.4180 Y116.4403 Z0.2250 E0.01490 F1200
G1 X107.3969 Y116.7049 Z0.2250 E0.01489 F1200
G1 X107.3826 Y116.9698 Z0.2250 E0.01489 F1200
G1 X107.3753 Y117.2349 Z0.2250 E0.01489 F1200
G1 X107.3750 Y117.5000 Z0.2250 E0.01488 F1200
G1 X107.3816 Y117.7650 Z0.2250 E0.01488 F1200
G1 X107.3951 Y118.0296 Z0.2250 E0.01487 F1200
G1 X107.4156 Y118.2937 Z0.2250 E0.01487 F1200
G1 X107.4429 Y118.5570 Z0.2250 E0.01486 F1200
G1 X107.4771 Y118.8195 Z0.2250 E0.01486 F1200
G1 X107.5182 Y119.0810 Z0.2250 E0.01485 F1200
G1 X107.5661 Y119.3411 Z0.2250 E0.01485 F1200
G1 X107.6207 Y119.5999 Z0.2250 E0.01484 F1200
G1 X107.6821 Y119.8571 Z0.2250 E0.01484 F1200
G1 X107.7502 Y120.1125 Z0.2250 E0.01483 F1200
G1 X107.8249 Y120.3659 Z0.2250 E0.01483 F1200
G1 X107.9062 Y120.6172 Z0.2250 E0.01483 F1200
G1 X107.9940 Y120.8662 Z0.2250 E0.01482 F1200
G1 X108.0883 Y121.1128 Z0.2250 E0.01482 F1200
G1 X108.1890 Y121.3567 Z0.2250 E0.01481 F1200
G1 X108.2960 Y121.5979 Z0.2250 E0.01481 F1200
G1 X108.4093 Y121.8361 Z0.2250 E0.01480 F1200
G1 X108.5287 Y122.0711 Z0.2250 E0.01480 F1200
G1 X108.6542 Y122.3029 Z0.2250 E0.01479 F1200
G1 X108.7856 Y122.5313 Z0.2250 E0.01479 F1200
G1 X108.9230 Y122.7560 Z0.2250 E0.01478 F1200
G1 X109.0661 Y122.9770 Z0.2250 E0.01478 F1200
G1 X109.2150 Y123.1942 Z0.2250 E0.01477 F1200
G1 X109.3694 Y123.4072 Z0.2250 E0.01477 F1200
G1 X109.5293 Y123.6161 Z0.2250 E0.01477 F1200
G1 X109.6945 Y123.8207 Z0.2250 E0.01476 F1200
G1 X109.8650 Y124.0209 Z0.2250 E0.01476 F1200
G1 X110.0407 Y124.2164 Z0.2250 E0.01475 F1200
G1 X110.2213 Y124.4072 Z0.2250 E0.01475 F1200
G1 X110.4068 Y124.5932 Z0.2250 E0.01474 F1200
G1 X110.5971 Y124.7741 Z0.2250 E0.01474 F1200
G1 X110.7920 Y124.9500 Z0.2250 E0.01473 F1200
G1 X110.9913 Y125.1207 Z0.2250 E0.01473 F1200
G1 X111.1950 Y125.2860 Z0.2250 E0.01472 F1200
G1 X111.4029 Y125.4459 Z0.2250 E0.01472 F1200
G1 X111.6148 Y125.6003 Z0.2250 E0.01472 F1200
G1 X111.8306 Y125.7490 Z0.2250 E0.01471 F1200
G1 X112.0502 Y125.8919 Z0.2250 E0.01471 F1200
G1 X112.2734 Y126.0291 Z0.2250 E0.01470 F1200
G1 X112.5000 Y126.1603 Z0.2250 E0.01470 F1200
G1 X112.7299 Y126.2854 Z0.2250 E0.01469 F1200
G1 X112.9629 Y126.4045 Z0.2250 E0.01469 F1200
G1 X113.1989 Y126.5174 Z0.2250 E0.01468 F1200
G1 X113.4377 Y126.6240 Z0.2250 E0.01468 F1200
G1 X113.6791 Y126.7244 Z0.2250 E0.01467 F1200
G1 X113.9230 Y126.8183 Z0.2250 E0.01467 F1200
G1 X114.1692 Y126.9058 Z0.2250 E0.01466 F1200
G1 X114.4176 Y126.9868 Z0.2250 E0.01466 F1200
G1 X114.6678 Y127.0612 Z0.2250 E0.01466 F1200
G1 X114.9199 Y127.1291 Z0.2250 E0.01465 F1200
G1 X115.1736 Y127.1903 Z0.2250 E0.01465 F1200
G1 X115.4287 Y127.2448 Z0.2250 E0.01464 F1200
G1 X115.6850 Y127.2926 Z0.2250 E0.01464 F1200
G1 X115.9425 Y127.3337 Z0.2250 E0.01463 F1200
G1 X116.2009 Y127.3680 Z0.2250 E0.01463 F1200
G1 X116.4599 Y127.3955 Z0.2250 E0.01462 F1200
G1 X116.7196 Y127.4162 Z0.2250 E0.01462 F1200
G1 X116.9796 Y127.4301 Z0.2250 E0.01461 F1200
G1 X117.2398 Y127.4372 Z0.2250 E0.01461 F1200
G1 X117.5000 Y127.4375 Z0.2250 E0.01460 F1200
G1 X117.7601 Y127.4310 Z0.2250 E0.01460 F1200
G1 X118.0198 Y127.4176 Z0.2250 E0.01460 F1200
G1 X118.2790 Y127.3975 Z0.2250 E0.01459 F1200
G1 X118.5374 Y127.3706 Z0.2250 E0.01459 F1200
G1 X118.7951 Y127.3370 Z0.2250 E0.01458 F1200
G1 X119.0516 Y127.2966 Z0.2250 E0.01458 F1200
G1 X119.3070 Y127.2496 Z0.2250 E0.01457 F1200
G1 X119.5609 Y127.1959 Z0.2250 E0.01457 F1200
G1 X119.8133 Y127.1356 Z0.2250 E0.01456 F1200
G1 X120.0639 Y127.0687 Z0.2250 E0.01456 F1200
G1 X120.3126 Y126.9953 Z0.2250 E0.01455 F1200
G1 X120.5593 Y126.9155 Z0.2250 E0.01455 F1200
G1 X120.8036 Y126.8292 Z0.2250 E0.01455 F1200
G1 X121.0456 Y126.7366 Z0.2250 E0.01454 F1200
G1 X121.2850 Y126.6377 Z0.2250 E0.01454 F1200
G1 X121.5216 Y126.5327 Z0.2250 E0.01453 F1200
G1 X121.7553 Y126.4215 Z0.2250 E0.01453 F1200
G1 X121.9860 Y126.3043 Z0.2250 E0.01452 F1200
G1 X122.2134 Y126.1811 Z0.2250 E0.01452 F1200
G1 X122.4375 Y126.0520 Z0.2250 E0.01451 F1200
G1 X122.6580 Y125.9172 Z0.2250 E0.01451 F1200
G1 X122.8749 Y125.7766 Z0.2250 E0.01450 F1200
G1 X123.0880 Y125.6305 Z0.2250 E0.01450 F1200
G1 X123.2970 Y125.4789 Z0.2250 E0.01449 F1200
G1 X123.5020 Y125.3220 Z0.2250 E0.01449 F1200
G1 X123.7027 Y125.1597 Z0.2250 E0.01449 F1200
G1 X123.8991 Y124.9924 Z0.2250 E0.01448 F1200
G1 X124.0909 Y124.8200 Z0.2250 E0.01448 F1200
G1 X124.2781 Y124.6427 Z0.2250 E0.01447 F1200
G1 X124.4606 Y124.4606 Z0.2250 E0.01447 F1200
G1 X124.6381 Y124.2738 Z0.2250 E0.01446 F1200
G1 X124.8107 Y124.0826 Z0.2250 E0.01446 F1200
G1 X124.9781 Y123.8869 Z0.2250 E0.01445 F1200
G1 X125.1403 Y123.6870 Z0.2250 E0.01445 F1200
G1 X125.2972 Y123.4830 Z0.2250 E0.01444 F1200
G1 X125.4486 Y123.2750 Z0.2250 E0.01444 F1200
G1 X125.5945 Y123.0632 Z0.2250 E0.01444 F1200
G1 X125.7347 Y122.8477 Z0.2250 E0.01443 F1200
G1 X125.8692 Y122.6286 Z0.2250 E0.01443 F1200
G1 X125.9979 Y122.4063 Z0.2250 E0.01442 F1200
G1 X126.1206 Y122.1806 Z0.2250 E0.01442 F1200
G1 X126.2374 Y121.9519 Z0.2250 E0.01441 F1200
G1 X126.3482 Y121.7204 Z0.2250 E0.01441 F1200
G1 X126.4527 Y121.4860 Z0.2250 E0.01440 F1200
G1 X126.5511 Y121.2491 Z0.2250 E0.01440 F1200
G1 X126.6433 Y121.0098 Z0.2250 E0.01439 F1200
G1 X126.7290 Y120.7682 Z0.2250 E0.01439 F1200
G1 X126.8085 Y120.5245 Z0.2250 E0.01438 F1200
G1 X126.8815 Y120.2789 Z0.2250 E0.01438 F1200
G1 X126.9480 Y120.0316 Z0.2250 E0.01438 F1200
G1 X127.0080 Y119.7827 Z0.2250 E0.01437 F1200
G1 X127.0614 Y119.5323 Z0.2250 E0.01437 F1200
G1 X127.1082 Y119.2808 Z0.2250 E0.01436 F1200
G1 X127.1485 Y119.0282 Z0.2250 E0.01436 F1200
G1 X127.1821 Y118.7747 Z0.2250 E0.01435 F1200
G1 X127.2090 Y118.5205 Z0.2250 E0.01435 F1200
G1 X127.2293 Y118.2657 Z0.2250 E0.01434 F1200
G1 X127.2429 Y118.0106 Z0.2250 E0.01434 F1200
G1 X127.2498 Y117.7553 Z0.2250 E0.01433 F1200
G1 X127.2500 Y117.5000 Z0.2250 E0.01433 F1200
G1 X127.2435 Y117.2449 Z0.2250 E0.01432 F1200
G1 X127.2304 Y116.9901 Z0.2250 E0.01432 F1200
G1 X127.2106 Y116.7358 Z0.2250 E0.01432 F1200
G1 X127.1842 Y116.4822 Z0.2250 E0.01431 F1200
G1 X127.1511 Y116.2294 Z0.2250 E0.01431 F1200
G1 X127.1114 Y115.9777 Z0.2250 E0.01430 F1200
G1 X127.0652 Y115.7272 Z0.2250 E0.01430 F1200
G1 X127.0125 Y115.4781 Z0.2250 E0.01429 F1200
G1 X126.9533 Y115.2305 Z0.2250 E0.01429 F1200
G1 X126.8876 Y114.9846 Z0.2250 E0.01428 F1200
G1 X126.8155 Y114.7406 Z0.2250 E0.01428 F1200
G1 X126.7371 Y114.4987 Z0.2250 E0.01427 F1200
G1 X126.6525 Y114.2589 Z0.2250 E0.01427 F1200
G1 X126.5616 Y114.0216 Z0.2250 E0.01427 F1200
G1 X126.4645 Y113.7868 Z0.2250 E0.01426 F1200
G1 X126.3614 Y113.5547 Z0.2250 E0.01426 F1200
G1 X126.2523 Y113.3254 Z0.2250 E0.01425 F1200
G1 X126.1372 Y113.0991 Z0.2250 E0.01425 F1200
G1 X126.0163 Y112.8760 Z0.2250 E0.01424 F1200
G1 X125.8896 Y112.6562 Z0.2250 E0.01424 F1200
G1 X125.7573 Y112.4399 Z0.2250 E0.01423 F1200
G1 X125.6194 Y112.2272 Z0.2250 E0.01423 F1200
G1 X125.4760 Y112.0182 Z0.2250 E0.01422 F1200
G1 X125.3272 Y111.8132 Z0.2250 E0.01422 F1200
G1 X125.1732 Y111.6121 Z0.2250 E0.01421 F1200
G1 X125.0140 Y111.4153 Z0.2250 E0.01421 F1200
G1 X124.8498 Y111.2227 Z0.2250 E0.01421 F1200
G1 X124.6806 Y111.0345 Z0.2250 E0.01420 F1200
G1 X124.5067 Y110.8509 Z0.2250 E0.01420 F1200
G1 X124.3280 Y110.6720 Z0.2250 E0.01419 F1200
G1 X124.1448 Y110.4979 Z0.2250 E0.01419 F1200
G1 X123.9571 Y110.3287 Z0.2250 E0.01418 F1200
G1 X123.7651 Y110.1645 Z0.2250 E0.01418 F1200
G1 X123.5690 Y110.0054 Z0.2250 E0.01417 F1200
G1 X123.3688 Y109.8516 Z0.2250 E0.01417 F1200
G1 X123.1648 Y109.7031 Z0.2250 E0.01416 F1200
G1 X122.9570 Y109.5601 Z0.2250 E0.01416 F1200
G1 X122.7456 Y109.4226 Z0.2250 E0.01416 F1200
G1 X122.5307 Y109.2907 Z0.2250 E0.01415 F1200
G1 X122.3125 Y109.1645 Z0.2250 E0.01415 F1200
G1 X122.0912 Y109.0441 Z0.2250 E0.01414 F1200
G1 X121.8668 Y108.9296 Z0.2250 E0.01414 F1200
G1 X121.6396 Y108.8211 Z0.2250 E0.01413 F1200
G1 X121.4098 Y108.7185 Z0.2250 E0.01413 F1200
G1 X121.1773 Y108.6221 Z0.2250 E0.01412 F1200
G1 X120.9426 Y108.5318 Z0.2250 E0.01412 F1200
G1 X120.7056 Y108.4477 Z0.2250 E0.01411 F1200
G1 X120.4666 Y108.3699 Z0.2250 E0.01411 F1200
G1 X120.2257 Y108.2983 Z0.2250 E0.01410 F1200
G1 X119.9830 Y108.2331 Z0.2250 E0.01410 F1200
G1 X119.7389 Y108.1744 Z0.2250 E0.01410 F1200
G1 X119.4934 Y108.1220 Z0.2250 E0.01409 F1200
G1 X119.2466 Y108.0761 Z0.2250 E0.01409 F1200
G1 X118.9988 Y108.0367 Z0.2250 E0.01408 F1200
G1 X118.7502 Y108.0038 Z0.2250 E0.01408 F1200
G1 X118.5009 Y107.9775 Z0.2250 E0.01407 F1200
G1 X118.2510 Y107.9576 Z0.2250 E0.01407 F1200
G1 X118.0008 Y107.9444 Z0.2250 E0.01406 F1200
G1 X117.7504 Y107.9377 Z0.2250 E0.01406 F1200
G1 X117.5000 Y107.9375 Z0.2250 E0.01405 F1200
G1 X117.2498 Y107.9439 Z0.2250 E0.01405 F1200
G1 X116.9999 Y107.9568 Z0.2250 E0.01404 F1200
G1 X116.7505 Y107.9763 Z0.2250 E0.01404 F1200
G1 X116.5018 Y108.0023 Z0.2250 E0.01404 F1200
G1 X116.2539 Y108.0348 Z0.2250 E0.01403 F1200
G1 X116.0070 Y108.0737 Z0.2250 E0.01403 F1200
G1 X115.7614 Y108.1191 Z0.2250 E0.01402 F1200
G1 X115.5170 Y108.1709 Z0.2250 E0.01402 F1200
G1 X115.2742 Y108.2291 Z0.2250 E0.01401 F1200
G1 X115.0331 Y108.2935 Z0.2250 E0.01401 F1200
G1 X114.7939 Y108.3642 Z0.2250 E0.01400 F1200
G1 X114.5566 Y108.4412 Z0.2250 E0.01400 F1200
G1 X114.3215 Y108.5243 Z0.2250 E0.01399 F1200
G1 X114.0888 Y108.6135 Z0.2250 E0.01399 F1200
G1 X113.8585 Y108.7087 Z0.2250 E0.01399 F1200
G1 X113.6309 Y108.8099 Z0.2250 E0.01398 F1200
G1 X113.4061 Y108.9170 Z0.2250 E0.01398 F1200
G1 X113.1843 Y109.0299 Z0.2250 E0.01397 F1200
G1 X112.9655 Y109.1485 Z0.2250 E0.01397 F1200
G1 X112.7500 Y109.2728 Z0.2250 E0.01396 F1200
G1 X112.5379 Y109.4026 Z0.2250 E0.01396 F1200
G1 X112.3293 Y109.5379 Z0.2250 E0.01395 F1200
G1 X112.1245 Y109.6785 Z0.2250 E0.01395 F1200
G1 X111.9234 Y109.8245 Z0.2250 E0.01394 F1200
G1 X111.7263 Y109.9755 Z0.2250 E0.01394 F1200
G1 X111.5333 Y110.1317 Z0.2250 E0.01393 F1200
G1 X111.3445 Y110.2928 Z0.2250 E0.01393 F1200
G1 X111.1600 Y110.4587 Z0.2250 E0.01393 F1200
G1 X110.9800 Y110.6293 Z0.2250 E0.01392 F1200
G1 X110.8046 Y110.8046 Z0.2250 E0.01392 F1200
G1 X110.6339 Y110.9843 Z0.2250 E0.01391 F1200
G1 X110.4680 Y111.1684 Z0.2250 E0.01391 F1200
G1 X110.3070 Y111.3566 Z0.2250 E0.01390 F1200
G1 X110.1511 Y111.5490 Z0.2250 E0.01390 F1200
G1 X110.0003 Y111.7453 Z0.2250 E0.01389 F1200
G1 X109.8548 Y111.9454 Z0.2250 E0.01389 F1200
G1 X109.7146 Y112.1492 Z0.2250 E0.01388 F1200
G1 X109.5798 Y112.3566 Z0.2250 E0.01388 F1200
G1 X109.4505 Y112.5673 Z0.2250 E0.01387 F1200
G1 X109.3269 Y112.7812 Z0.2250 E0.01387 F1200
G1 X109.2089 Y112.9983 Z0.2250 E0.01387 F1200
G1 X109.0967 Y113.2183 Z0.2250 E0.01386 F1200
G1 X108.9903 Y113.4411 Z0.2250 E0.01386 F1200
G1 X108.8898 Y113.6665 Z0.2250 E0.01385 F1200
G1 X108.7953 Y113.8944 Z0.2250 E0.01385 F1200
G1 X108.7068 Y114.1246 Z0.2250 E0.01384 F1200
G1 X108.6244 Y114.3570 Z0.2250 E0.01384 F1200
G1 X108.5482 Y114.5914 Z0.2250 E0.01383 F1200
G1 X108.4781 Y114.8276 Z0.2250 E0.01383 F1200
G1 X108.4143 Y115.0655 Z0.2250 E0.01382 F1200
G1 X108.3567 Y115.3049 Z0.2250 E0.01382 F1200
G1 X108.3054 Y115.5456 Z0.2250 E0.01382 F1200
G1 X108.2605 Y115.7876 Z0.2250 E0.01381 F1200
G1 X108.2219 Y116.0305 Z0.2250 E0.01381 F1200
G1 X108.1897 Y116.2743 Z0.2250 E0.01380 F1200
G1 X108.1639 Y116.5187 Z0.2250 E0.01380 F1200
G1 X108.1446 Y116.7637 Z0.2250 E0.01379 F1200
G1 X108.1316 Y117.0090 Z0.2250 E0.01379 F1200
G1 X108.1251 Y117.2545 Z0.2250 E0.01378 F1200
G1 X108.1250 Y117.5000 Z0.2250 E0.01378 F1200
G1 X108.1313 Y117.7453 Z0.2250 E0.01377 F1200
G1 X108.1441 Y117.9903 Z0.2250 E0.01377 F1200
G1 X108.1632 Y118.2348 Z0.2250 E0.01376 F1200
G1 X108.1888 Y118.4786 Z0.2250 E0.01376 F1200
G1 X108.2207 Y118.7216 Z0.2250 E0.01376 F1200
G1 X108.2589 Y118.9636 Z0.2250 E0.01375 F1200
G1 X108.3035 Y119.2045 Z0.2250 E0.01375 F1200
G1 X108.3543 Y119.4440 Z0.2250 E0.01374 F1200
G1 X108.4114 Y119.6820 Z0.2250 E0.01374 F1200
G1 X108.4746 Y119.9183 Z0.2250 E0.01373 F1200
G1 X108.5440 Y120.1529 Z0.2250 E0.01373 F1200
G1 X108.6195 Y120.3854 Z0.2250 E0.01372 F1200
G1 X108.7010 Y120.6159 Z0.2250 E0.01372 F1200
G1 X108.7885 Y120.8440 Z0.2250 E0.01371 F1200
G1 X108.8819 Y121.0697 Z0.2250 E0.01371 F1200
G1 X108.9812 Y121.2928 Z0.2250 E0.01371 F1200
G1 X109.0862 Y121.5132 Z0.2250 E0.01370 F1200
G1 X109.1969 Y121.7306 Z0.2250 E0.01370 F1200
G1 X109.3133 Y121.9450 Z0.2250 E0.01369 F1200
G1 X109.4351 Y122.1563 Z0.2250 E0.01369 F1200
G1 X109.5625 Y122.3641 Z0.2250 E0.01368 F1200
G1 X109.6951 Y122.5685 Z0.2250 E0.01368 F1200
G1 X109.8331 Y122.7693 Z0.2250 E0.01367 F1200
G1 X109.9761 Y122.9664 Z0.2250 E0.01367 F1200
G1 X110.1243 Y123.1596 Z0.2250 E0.01366 F1200
G1 X110.2774 Y123.3487 Z0.2250 E0.01366 F1200
G1 X110.4354 Y123.5338 Z0.2250 E0.01365 F1200
G1 X110.5980 Y123.7146 Z0.2250 E0.01365 F1200
G1 X110.7654 Y123.8909 Z0.2250 E0.01365 F1200
G1 X110.9372 Y124.0628 Z0.2250 E0.01364 F1200
G1 X111.1134 Y124.2301 Z0.2250 E0.01364 F1200
G1 X111.2938 Y124.3927 Z0.2250 E0.01363 F1200
G1 X111.4784 Y124.5504 Z0.2250 E0.01363 F1200
G1 X111.6670 Y124.7032 Z0.2250 E0.01362 F1200
G1 X111.8594 Y124.8509 Z0.2250 E0.01362 F1200
G1 X112.0556 Y124.9935 Z0.2250 E0.01361 F1200
G1 X112.2554 Y125.1309 Z0.2250 E0.01361 F1200
G1 X112.4587 Y125.2629 Z0.2250 E0.01360 F1200
G1 X112.6653 Y125.3896 Z0.2250 E0.01360 F1200
G1 X112.8750 Y125.5107 Z0.2250 E0.01359 F1200
G1 X113.0878 Y125.6263 Z0.2250 E0.01359 F1200
G1 X113.3034 Y125.7362 Z0.2250 E0.01359 F1200
G1 X113.5218 Y125.8405 Z0.2250 E0.01358 F1200
G1 X113.7428 Y125.9389 Z0.2250 E0.01358 F1200
G1 X113.9662 Y126.0315 Z0.2250 E0.01357 F1200
G1 X114.1918 Y126.1181 Z0.2250 E0.01357 F1200
G1 X114.4196 Y126.1988 Z0.2250 E0.01356 F1200
G1 X114.6493 Y126.2735 Z0.2250 E0.01356 F1200
G1 X114.8808 Y126.3421 Z0.2250 E0.01355 F1200
G1 X115.1140 Y126.4046 Z0.2250 E0.01355 F1200
G1 X115.3487 Y126.4610 Z0.2250 E0.01354 F1200
G1 X115.5846 Y126.5112 Z0.2250 E0.01354 F1200
G1 X115.8217 Y126.5552 Z0.2250 E0.01354 F1200
G1 X116.0598 Y126.5929 Z0.2250 E0.01353 F1200
G1 X116.2988 Y126.6244 Z0.2250 E0.01353 F1200
G1 X116.5383 Y126.6496 Z0.2250 E0.01352 F1200
G1 X116.7784 Y126.6685 Z0.2250 E0.01352 F1200
G1 X117.0188 Y126.6812 Z0.2250 E0.01351 F1200
G1 X117.2594 Y126.6875 Z0.2250 E0.01351 F1200
G1 X117.5000 Y126.6875 Z0.2250 E0.01350 F1200
G1 X117.7404 Y126.6812 Z0.2250 E0.01350 F1200
G1 X117.9805 Y126.6687 Z0.2250 E0.01349 F1200
G1 X118.2201 Y126.6498 Z0.2250 E0.01349 F1200
G1 X118.4590 Y126.6247 Z0.2250 E0.01348 F1200
G1 X118.6972 Y126.5934 Z0.2250 E0.01348 F1200
G1 X118.9343 Y126.5559 Z0.2250 E0.01348 F1200
G1 X119.1703 Y126.5121 Z0.2250 E0.01347 F1200
G1 X119.4050 Y126.4623 Z0.2250 E0.01347 F1200
G1 X119.6382 Y126.4063 Z0.2250 E0.01346 F1200
G1 X119.8698 Y126.3443 Z0.2250 E0.01346 F1200
G1 X120.0996 Y126.2762 Z0.2250 E0.01345 F1200
G1 X120.3275 Y126.2022 Z0.2250 E0.01345 F1200
G1 X120.5533 Y126.1222 Z0.2250 E0.01344 F1200
G1 X120.7768 Y126.0364 Z0.2250 E0.01344 F1200
G1 X120.9980 Y125.9448 Z0.2250 E0.01343 F1200
G1 X121.2166 Y125.8475 Z0.2250 E0.01343 F1200
G1 X121.4324 Y125.7446 Z0.2250 E0.01342 F1200
G1 X121.6455 Y125.6360 Z0.2250 E0.01342 F1200
G1 X121.8556 Y125.5220 Z0.2250 E0.01342 F1200
G1 X122.0625 Y125.4025 Z0.2250 E0.01341 F1200
G1 X122.2662 Y125.2777 Z0.2250 E0.01341 F1200
G1 X122.4664 Y125.1476 Z0.2250 E0.01340 F1200
G1 X122.6631 Y125.0124 Z0.2250 E0.01340 F1200
G1 X122.8562 Y124.8722 Z0.2250 E0.01339 F1200
G1 X123.0454 Y124.7270 Z0.2250 E0.01339 F1200
G1 X123.2307 Y124.5769 Z0.2250 E0.01338 F1200
G1 X123.4120 Y124.4221 Z0.2250 E0.01338 F1200
G1 X123.5891 Y124.2626 Z0.2250 E0.01337 F1200
G1 X123.7619 Y124.0986 Z0.2250 E0.01337 F1200
G1 X123.9303 Y123.9303 Z0.2250 E0.01337 F1200
G1 X124.0941 Y123.7576 Z0.2250 E0.01336 F1200
G1 X124.2533 Y123.5807 Z0.2250 E0.01336 F1200
G1 X124.4078 Y123.3998 Z0.2250 E0.01335 F1200
G1 X124.5575 Y123.2150 Z0.2250 E0.01335 F1200
G1 X124.7022 Y123.0264 Z0.2250 E0.01334 F1200
G1 X124.8418 Y122.8342 Z0.2250 E0.01334 F1200
G1 X124.9764 Y122.6384 Z0.2250 E0.01333 F1200
G1 X125.1057 Y122.4392 Z0.2250 E0.01333 F1200
G1 X125.2297 Y122.2368 Z0.2250 E0.01332 F1200
G1 X125.3484 Y122.0312 Z0.2250 E0.01332 F1200
G1 X125.4615 Y121.8228 Z0.2250 E0.01331 F1200
G1 X125.5692 Y121.6115 Z0.2250 E0.01331 F1200
G1 X125.6712 Y121.3975 Z0.2250 E0.01331 F1200
G1 X125.7676 Y121.1810 Z0.2250 E0.01330 F1200
G1 X125.8582 Y120.9621 Z0.2250 E0.01330 F1200
G1 X125.9431 Y120.7410 Z0.2250 E0.01329 F1200
G1 X126.0221 Y120.5178 Z0.2250 E0.01329 F1200
G1 X126.0952 Y120.2927 Z0.2250 E0.01328 F1200
G1 X126.1623 Y120.0659 Z0.2250 E0.01328 F1200
G1 X126.2235 Y119.8375 Z0.2250 E0.01327 F1200
G1 X126.2787 Y119.6076 Z0.2250 E0.01327 F1200
G1 X126.3278 Y119.3764 Z0.2250 E0.01326 F1200
G1 X126.3708 Y119.1441 Z0.2250 E0.01326 F1200
G1 X126.4077 Y118.9108 Z0.2250 E0.01326 F1200
G1 X126.4385 Y118.6768 Z0.2250 E0.01325 F1200
G1 X126.4631 Y118.4421 Z0.2250 E0.01325 F1200
G1 X126.4816 Y118.2069 Z0.2250 E0.01324 F1200
G1 X126.4939 Y117.9714 Z0.2250 E0.01324 F1200
G1 X126.5000 Y117.7357 Z0.2250 E0.01323 F1200
G1 X126.5000 Y117.5000 Z0.2250 E0.01323 F1200
G1 X126.4938 Y117.2645 Z0.2250 E0.01322 F1200
G1 X126.4814 Y117.0293 Z0.2250 E0.01322 F1200
G1 X126.4629 Y116.7946 Z0.2250 E0.01321 F1200
G1 X126.4383 Y116.5606 Z0.2250 E0.01321 F1200
G1 X126.4075 Y116.3273 Z0.2250 E0.01320 F1200
G1 X126.3707 Y116.0950 Z0.2250 E0.01320 F1200
G1 X126.3278 Y115.8639 Z0.2250 E0.01320 F1200
G1 X126.2789 Y115.6340 Z0.2250 E0.01319 F1200
G1 X126.2240 Y115.4056 Z0.2250 E0.01319 F1200
G1 X126.1631 Y115.1787 Z0.2250 E0.01318 F1200
G1 X126.0964 Y114.9536 Z0.2250 E0.01318 F1200
G1 X126.0238 Y114.7304 Z0.2250 E0.01317 F1200
G1 X125.9455 Y114.5093 Z0.2250 E0.01317 F1200
G1 X125.8614 Y114.2904 Z0.2250 E0.01316 F1200
G1 X125.7716 Y114.0738 Z0.2250 E0.01316 F1200
G1 X125.6762 Y113.8597 Z0.2250 E0.01315 F1200
G1 X125.5753 Y113.6483 Z0.2250 E0.01315 F1200
G1 X125.4689 Y113.4396 Z0.2250 E0.01314 F1200
G1 X125.3572 Y113.2339 Z0.2250 E0.01314 F1200
G1 X125.2401 Y113.0312 Z0.2250 E0.01314 F1200
G1 X125.1178 Y112.8318 Z0.2250 E0.01313 F1200
G1 X124.9904 Y112.6357 Z0.2250 E0.01313 F1200
G1 X124.8579 Y112.4431 Z0.2250 E0.01312 F1200
G1 X124.7205 Y112.2540 Z0.2250 E0.01312 F1200
G1 X124.5782 Y112.0687 Z0.2250 E0.01311 F1200
G1 X124.4312 Y111.8872 Z0.2250 E0.01311 F1200
G1 X124.2795 Y111.7098 Z0.2250 E0.01310 F1200
G1 X124.1233 Y111.5364 Z0.2250 E0.01310 F1200
G1 X123.9626 Y111.3672 Z0.2250 E0.01309 F1200
G1 X123.7977 Y111.2023 Z0.2250 E0.01309 F1200
G1 X123.6285 Y111.0419 Z0.2250 E0.01309 F1200
G1 X123.4553 Y110.8860 Z0.2250 E0.01308 F1200
G1 X123.2781 Y110.7348 Z0.2250 E0.01308 F1200
G1 X123.0970 Y110.5883 Z0.2250 E0.01307 F1200
G1 X122.9123 Y110.4466 Z0.2250 E0.01307 F1200
G1 X122.7239 Y110.3099 Z0.2250 E0.01306 F1200
G1 X122.5322 Y110.1782 Z0.2250 E0.01306 F1200
G1 X122.3371 Y110.0516 Z0.2250 E0.01305 F1200
G1 X122.1388 Y109.9302 Z0.2250 E0.01305 F1200
G1 X121.9375 Y109.8140 Z0.2250 E0.01304 F1200
G1 X121.7333 Y109.7032 Z0.2250 E0.01304 F1200
G1 X121.5263 Y109.5979 Z0.2250 E0.01303 F1200
G1 X121.3167 Y109.4980 Z0.2250 E0.01303 F1200
G1 X121.1047 Y109.4037 Z0.2250 E0.01303 F1200
G1 X120.8903 Y109.3150 Z0.2250 E0.01302 F1200
G1 X120.6738 Y109.2320 Z0.2250 E0.01302 F1200
G1 X120.4552 Y109.1547 Z0.2250 E0.01301 F1200
G1 X120.2348 Y109.0831 Z0.2250 E0.01301 F1200
G1 X120.0126 Y109.0174 Z0.2250 E0.01300 F1200
G1 X119.7889 Y108.9576 Z0.2250 E0.01300 F1200
G1 X119.5638 Y108.9036 Z0.2250 E0.01299 F1200
G1 X119.3374 Y108.8556 Z0.2250 E0.01299 F1200
G1 X119.1099 Y108.8136 Z0.2250 E0.01298 F1200
G1 X118.8815 Y108.7775 Z0.2250 E0.01298 F1200
G1 X118.6523 Y108.7474 Z0.2250 E0.01298 F1200
G1 X118.4225 Y108.7233 Z0.2250 E0.01297 F1200
G1 X118.1922 Y108.7053 Z0.2250 E0.01297 F1200
G1 X117.9615 Y108.6933 Z0.2250 E0.01296 F1200
G1 X117.7308 Y108.6874 Z0.2250 E0.01296 F1200
G1 X117.5000 Y108.6875 Z0.2250 E0.01295 F1200
G1 X117.2694 Y108.6936 Z0.2250 E0.01295 F1200
G1 X117.0391 Y108.7058 Z0.2250 E0.01294 F1200
G1 X116.8093 Y108.7240 Z0.2250 E0.01294 F1200
G1 X116.5801 Y108.7482 Z0.2250 E0.01293 F1200
G1 X116.3518 Y108.7784 Z0.2250 E0.01293 F1200
G1 X116.1244 Y108.8145 Z0.2250 E0.01292 F1200
G1 X115.8980 Y108.8566 Z0.2250 E0.01292 F1200
G1 X115.6730 Y108.9045 Z0.2250 E0.01292 F1200
G1 X115.4493 Y108.9583 Z0.2250 E0.01291 F1200
G1 X115.2272 Y109.0180 Z0.2250 E0.01291 F1200
G1 X115.0069 Y109.0834 Z0.2250 E0.01290 F1200
G1 X114.7884 Y109.1545 Z0.2250 E0.01290 F1200
G1 X114.5719 Y109.2313 Z0.2250 E0.01289 F1200
G1 X114.3576 Y109.3137 Z0.2250 E0.01289 F1200
G1 X114.1455 Y109.4016 Z0.2250 E0.01288 F1200
G1 X113.9360 Y109.4951 Z0.2250 E0.01288 F1200
G1 X113.7290 Y109.5939 Z0.2250 E0.01287 F1200
G1 X113.5247 Y109.6981 Z0.2250 E0.01287 F1200
G1 X113.3234 Y109.8076 Z0.2250 E0.01286 F1200
G1 X113.1250 Y109.9223 Z0.2250 E0.01286 F1200
G1 X112.9298 Y110.0421 Z0.2250 E0.01286 F1200
G1 X112.7378 Y110.1669 Z0.2250 E0.01285 F1200
G1 X112.5493 Y110.2966 Z0.2250 E0.01285 F1200
G1 X112.3642 Y110.4312 Z0.2250 E0.01284 F1200
G1 X112.1828 Y110.5706 Z0.2250 E0.01284 F1200
G1 X112.0052 Y110.7145 Z0.2250 E0.01283 F1200
G1 X111.8315 Y110.8631 Z0.2250 E0.01283 F1200
G1 X111.6618 Y111.0161 Z0.2250 E0.01282 F1200
G1 X111.4963 Y111.1734 Z0.2250 E0.01282 F1200
G1 X111.3349 Y111.3349 Z0.2250 E0.01281 F1200
G1 X111.1779 Y111.5006 Z0.2250 E0.01281 F1200
G1 X111.0254 Y111.6702 Z0.2250 E0.01281 F1200
G1 X110.8773 Y111.8437 Z0.2250 E0.01280 F1200
G1 X110.7340 Y112.0210 Z0.2250 E0.01280 F1200
G1 X110.5953 Y112.2019 Z0.2250 E0.01279 F1200
G1 X110.4616 Y112.3863 Z0.2250 E0.01279 F1200
G1 X110.3327 Y112.5740 Z0.2250 E0.01278 F1200
G1 X110.2088 Y112.7650 Z0.2250 E0.01278 F1200
G1 X110.0900 Y112.9592 Z0.2250 E0.01277 F1200
G1 X109.9764 Y113.1563 Z0.2250 E0.01277 F1200
G1 X109.8680 Y113.3562 Z0.2250 E0.01276 F1200
G1 X109.7649 Y113.5588 Z0.2250 E0.01276 F1200
G1 X109.6673 Y113.7640 Z0.2250 E0.01275 F1200
G1 X109.5750 Y113.9716 Z0.2250 E0.01275 F1200
G1 X109.4882 Y114.1814 Z0.2250 E0.01275 F1200
G1 X109.4070 Y114.3934 Z0.2250 E0.01274 F1200
G1 X109.3314 Y114.6074 Z0.2250 E0.01274 F1200
G1 X109.2615 Y114.8231 Z0.2250 E0.01273 F1200
G1 X109.1972 Y115.0406 Z0.2250 E0.01273 F1200
G1 X109.1387 Y115.2596 Z0.2250 E0.01272 F1200
G1 X109.0860 Y115.4800 Z0.2250 E0.01272 F1200
G1 X109.0390 Y115.7016 Z0.2250 E0.01271 F1200
G1 X108.9979 Y115.9242 Z0.2250 E0.01271 F1200
G1 X108.9627 Y116.1478 Z0.2250 E0.01270 F1200
G1 X108.9333 Y116.3722 Z0.2250 E0.01270 F1200
G1 X108.9098 Y116.5971 Z0.2250 E0.01269 F1200
G1 X108.8922 Y116.8226 Z0.2250 E0.01269 F1200
G1 X108.8806 Y117.0483 Z0.2250 E0.01269 F1200
G1 X108.8748 Y117.2741 Z0.2250 E0.01268 F1200
G1 X108.8750 Y117.5000 Z0.2250 E0.01268 F1200
G1 X108.8811 Y117.7257 Z0.2250 E0.01267 F1200
G1 X108.8931 Y117.9511 Z0.2250 E0.01267 F1200
G1 X108.9109 Y118.1760 Z0.2250 E0.01266 F1200
G1 X108.9347 Y118.4003 Z0.2250 E0.01266 F1200
G1 X108.9643 Y118.6237 Z0.2250 E0.01265 F1200
G1 X108.9997 Y118.8463 Z0.2250 E0.01265 F1200
G1 X109.0409 Y119.0678 Z0.2250 E0.01264 F1200
G1 X109.0879 Y119.2880 Z0.2250 E0.01264 F1200
G1 X109.1407 Y119.5069 Z0.2250 E0.01264 F1200
G1 X109.1991 Y119.7242 Z0.2250 E0.01263 F1200
G1 X109.2631 Y119.9399 Z0.2250 E0.01263 F1200
G1 X109.3328 Y120.1537 Z0.2250 E0.01262 F1200
G1 X109.4080 Y120.3655 Z0.2250 E0.01262 F1200
G1 X109.4887 Y120.5752 Z0.2250 E0.01261 F1200
G1 X109.5748 Y120.7827 Z0.2250 E0.01261 F1200
G1 X109.6663 Y120.9878 Z0.2250 E0.01260 F1200
G1 X109.7632 Y121.1903 Z0.2250 E0.01260 F1200
G1 X109.8652 Y121.3901 Z0.2250 E0.01259 F1200
G1 X109.9724 Y121.5872 Z0.2250 E0.01259 F1200
G1 X110.0847 Y121.7813 Z0.2250 E0.01258 F1200
G1 X110.2019 Y121.9723 Z0.2250 E0.01258 F1200
G1 X110.3241 Y122.1601 Z0.2250 E0.01258 F1200
G1 X110.4511 Y122.3445 Z0.2250 E0.01257 F1200
G1 X110.5829 Y122.5256 Z0.2250 E0.01257 F1200
G1 X110.7193 Y122.7030 Z0.2250 E0.01256 F1200
G1 X110.8603 Y122.8768 Z0.2250 E0.01256 F1200
G1 X111.0057 Y123.0467 Z0.2250 E0.01255 F1200
G1 X111.1554 Y123.2127 Z0.2250 E0.01255 F1200
G1 X111.3094 Y123.3747 Z0.2250 E0.01254 F1200
G1 X111.4675 Y123.5325 Z0.2250 E0.01254 F1200
G1 X111.6296 Y123.6861 Z0.2250 E0.01253 F1200
G1 X111.7957 Y123.8353 Z0.2250 E0.01253 F1200
G1 X111.9655 Y123.9801 Z0.2250 E0.01253 F1200
G1 X112.1390 Y124.1203 Z0.2250 E0.01252 F1200
G1 X112.3160 Y124.2559 Z0.2250 E0.01252 F1200
G1 X112.4965 Y124.3868 Z0.2250 E0.01251 F1200
G1 X112.6802 Y124.5128 Z0.2250 E0.01251 F1200
G1 X112.8672 Y124.6339 Z0.2250 E0.01250 F1200
G1 X113.0571 Y124.7501 Z0.2250 E0.01250 F1200
G1 X113.2500 Y124.8612 Z0.2250 E0.01249 F1200
G1 X113.4456 Y124.9672 Z0.2250 E0.01249 F1200
G1 X113.6439 Y125.0680 Z0.2250 E0.01248 F1200
G1 X113.8447 Y125.1635 Z0.2250 E0.01248 F1200
G1 X114.0478 Y125.2537 Z0.2250 E0.01247 F1200
G1 X114.2532 Y125.3385 Z0.2250 E0.01247 F1200
G1 X114.4606 Y125.4179 Z0.2250 E0.01247 F1200
G1 X114.6699 Y125.4918 Z0.2250 E0.01246 F1200
G1 X114.8811 Y125.5602 Z0.2250 E0.01246 F1200
G1 X115.0939 Y125.6230 Z0.2250 E0.01245 F1200
G1 X115.3081 Y125.6802 Z0.2250 E0.01245 F1200
G1 X115.5237 Y125.7317 Z0.2250 E0.01244 F1200
G1 X115.7405 Y125.7776 Z0.2250 E0.01244 F1200
G1 X115.9584 Y125.8177 Z0.2250 E0.01243 F1200
G1 X116.1772 Y125.8521 Z0.2250 E0.01243 F1200
G1 X116.3966 Y125.8808 Z0.2250 E0.01242 F1200
G1 X116.6167 Y125.9037 Z0.2250 E0.01242 F1200
G1 X116.8373 Y125.9208 Z0.2250 E0.01241 F1200
G1 X117.0581 Y125.9322 Z0.2250 E0.01241 F1200
G1 X117.2791 Y125.9377 Z0.2250 E0.01241 F1200
G1 X117.5000 Y125.9375 Z0.2250 E0.01240 F1200
G1 X117.7208 Y125.9315 Z0.2250 E0.01240 F1200
G1 X117.9413 Y125.9197 Z0.2250 E0.01239 F1200
G1 X118.1613 Y125.9021 Z0.2250 E0.01239 F1200
G1 X118.3807 Y125.8788 Z0.2250 E0.01238 F1200
G1 X118.5993 Y125.8498 Z0.2250 E0.01238 F1200
G1 X118.8170 Y125.8151 Z0.2250 E0.01237 F1200
G1 X119.0336 Y125.7747 Z0.2250 E0.01237 F1200
G1 X119.2491 Y125.7287 Z0.2250 E0.01236 F1200
G1 X119.4631 Y125.6770 Z0.2250 E0.01236 F1200
G1 X119.6757 Y125.6198 Z0.2250 E0.01236 F1200
G1 X119.8866 Y125.5571 Z0.2250 E0.01235 F1200
G1 X120.0957 Y125.4889 Z0.2250 E0.01235 F1200
G1 X120.3029 Y125.4152 Z0.2250 E0.01234 F1200
G1 X120.5081 Y125.3362 Z0.2250 E0.01234 F1200
G1 X120.7110 Y125.2519 Z0.2250 E0.01233 F1200
G1 X120.9115 Y125.1624 Z0.2250 E0.01233 F1200
G1 X121.1096 Y125.0676 Z0.2250 E0.01232 F1200
G1 X121.3050 Y124.9677 Z0.2250 E0.01232 F1200
G1 X121.4977 Y124.8628 Z0.2250 E0.01231 F1200
G1 X121.6875 Y124.7530 Z0.2250 E0.01231 F1200
G1 X121.8743 Y124.6382 Z0.2250 E0.01230 F1200
G1 X122.0579 Y124.5186 Z0.2250 E0.01230 F1200
G1 X122.2383 Y124.3943 Z0.2250 E0.01230 F1200
G1 X122.4154 Y124.2654 Z0.2250 E0.01229 F1200
G1 X122.5889 Y124.1319 Z0.2250 E0.01229 F1200
G1 X122.7588 Y123.9940 Z0.2250 E0.01228 F1200
G1 X122.9249 Y123.8518 Z0.2250 E0.01228 F1200
G1 X123.0872 Y123.7053 Z0.2250 E0.01227 F1200
G1 X123.2456 Y123.5546 Z0.2250 E0.01227 F1200
G1 X123.3999 Y123.3999 Z0.2250 E0.01226 F1200
G1 X123.5501 Y123.2413 Z0.2250 E0.01226 F1200
G1 X123.6960 Y123.0789 Z0.2250 E0.01225 F1200
G1 X123.8375 Y122.9127 Z0.2250 E0.01225 F1200
G1 X123.9746 Y122.7430 Z0.2250 E0.01225 F1200
G1 X124.1071 Y122.5698 Z0.2250 E0.01224 F1200
G1 X124.2351 Y122.3933 Z0.2250 E0.01224 F1200
G1 X124.3583 Y122.2136 Z0.2250 E0.01223 F1200
G1 X124.4767 Y122.0307 Z0.2250 E0.01223 F1200
G1 X124.5902 Y121.8449 Z0.2250 E0.01222 F1200
G1 X124.6988 Y121.6563 Z0.2250 E0.01222 F1200
G1 X124.8024 Y121.4649 Z0.2250 E0.01221 F1200
G1 X124.9009 Y121.2710 Z0.2250 E0.01221 F1200
G1 X124.9943 Y121.0746 Z0.2250 E0.01220 F1200
G1 X125.0824 Y120.8759 Z0.2250 E0.01220 F1200
G1 X125.1653 Y120.6751 Z0.2250 E0.01219 F1200
G1 X125.2429 Y120.4722 Z0.2250 E0.01219 F1200
G1 X125.3151 Y120.2675 Z0.2250 E0.01219 F1200
G1 X125.3819 Y120.0610 Z0.2250 E0.01218 F1200
G1 X125.4432 Y119.8529 Z0.2250 E0.01218 F1200
G1 X125.4991 Y119.6433 Z0.2250 E0.01217 F1200
G1 X125.5494 Y119.4325 Z0.2250 E0.01217 F1200
G1 X125.5942 Y119.2205 Z0.2250 E0.01216 F1200
G1 X125.6334 Y119.0074 Z0.2250 E0.01216 F1200
G1 X125.6669 Y118.7935 Z0.2250 E0.01215 F1200
G1 X125.6949 Y118.5789 Z0.2250 E0.01215 F1200
G1 X125.7172 Y118.3637 Z0.2250 E0.01214 F1200
G1 X125.7339 Y118.1480 Z0.2250 E0.01214 F1200
G1 X125.7449 Y117.9321 Z0.2250 E0.01213 F1200
G1 X125.7503 Y117.7160 Z0.2250 E0.01213 F1200
G1 X125.7500 Y117.5000 Z0.2250 E0.01213 F1200
G1 X125.7440 Y117.2841 Z0.2250 E0.01212 F1200
G1 X125.7325 Y117.0686 Z0.2250 E0.01212 F1200
G1 X125.7152 Y116.8534 Z0.2250 E0.01211 F1200
G1 X125.6924 Y116.6389 Z0.2250 E0.01211 F1200
G1 X125.6639 Y116.4252 Z0.2250 E0.01210 F1200
G1 X125.6299 Y116.2123 Z0.2250 E0.01210 F1200
G1 X125.5903 Y116.0005 Z0.2250 E0.01209 F1200
G1 X125.5453 Y115.7899 Z0.2250 E0.01209 F1200
G1 X125.4947 Y115.5806 Z0.2250 E0.01208 F1200
G1 X125.4387 Y115.3728 Z0.2250 E0.01208 F1200
G1 X125.3773 Y115.1666 Z0.2250 E0.01208 F1200
G1 X125.3106 Y114.9622 Z0.2250 E0.01207 F1200
G1 X125.2385 Y114.7597 Z0.2250 E0.01207 F1200
G1 X125.1612 Y114.5591 Z0.2250 E0.01206 F1200
G1 X125.0787 Y114.3608 Z0.2250 E0.01206 F1200
G1 X124.9911 Y114.1648 Z0.2250 E0.01205 F1200
G1 X124.8984 Y113.9712 Z0.2250 E0.01205 F1200
G1 X124.8007 Y113.7801 Z0.2250 E0.01204 F1200
G1 X124.6981 Y113.5918 Z0.2250 E0.01204 F1200
G1 X124.5906 Y113.4062 Z0.2250 E0.01203 F1200
G1 X124.4783 Y113.2237 Z0.2250 E0.01203 F1200
G1 X124.3614 Y113.0442 Z0.2250 E0.01202 F1200
G1 X124.2398 Y112.8679 Z0.2250 E0.01202 F1200
G1 X124.1137 Y112.6949 Z0.2250 E0.01202 F1200
G1 X123.9832 Y112.5253 Z0.2250 E0.01201 F1200
G1 X123.8483 Y112.3592 Z0.2250 E0.01201 F1200
G1 X123.7092 Y112.1969 Z0.2250 E0.01200 F1200
G1 X123.5659 Y112.0382 Z0.2250 E0.01200 F1200
G1 X123.4186 Y111.8835 Z0.2250 E0.01199 F1200
G1 X123.2673 Y111.7327 Z0.2250 E0.01199 F1200
G1 X123.1122 Y111.5859 Z0.2250 E0.01198 F1200
G1 X122.9534 Y111.4434 Z0.2250 E0.01198 F1200
G1 X122.7910 Y111.3051 Z0.2250 E0.01197 F1200
G1 X122.6250 Y111.1711 Z0.2250 E0.01197 F1200
G1 X122.4557 Y111.0416 Z0.2250 E0.01196 F1200
G1 X122.2831 Y110.9166 Z0.2250 E0.01196 F1200
G1 X122.1074 Y110.7962 Z0.2250 E0.01196 F1200
G1 X121.9286 Y110.6806 Z0.2250 E0.01195 F1200
G1 X121.7469 Y110.5696 Z0.2250 E0.01195 F1200
G1 X121.5625 Y110.4635 Z0.2250 E0.01194 F1200
G1 X121.3754 Y110.3624 Z0.2250 E0.01194 F1200
G1 X121.1858 Y110.2661 Z0.2250 E0.01193 F1200
G1 X120.9939 Y110.1750 Z0.2250 E0.01193 F1200
G1 X120.7997 Y110.0889 Z0.2250 E0.01192 F1200
G1 X120.6033 Y110.0079 Z0.2250 E0.01192 F1200
G1 X120.4050 Y109.9322 Z0.2250 E0.01191 F1200
G1 X120.2049 Y109.8617 Z0.2250 E0.01191 F1200
G1 X120.0030 Y109.7964 Z0.2250 E0.01191 F1200
G1 X119.7996 Y109.7366 Z0.2250 E0.01190 F1200
G1 X119.5948 Y109.6820 Z0.2250 E0.01190 F1200
G1 X119.3887 Y109.6329 Z0.2250 E0.01189 F1200
G1 X119.1815 Y109.5892 Z0.2250 E0.01189 F1200
G1 X118.9733 Y109.5510 Z0.2250 E0.01188 F1200
G1 X118.7642 Y109.5182 Z0.2250 E0.01188 F1200
G1 X118.5544 Y109.4910 Z0.2250 E0.01187 F1200
G1 X118.3441 Y109.4692 Z0.2250 E0.01187 F1200
G1 X118.1333 Y109.4530 Z0.2250 E0.01186 F1200
G1 X117.9223 Y109.4423 Z0.2250 E0.01186 F1200
G1 X117.7111 Y109.4371 Z0.2250 E0.01185 F1200
G1 X117.5000 Y109.4375 Z0.2250 E0.01185 F1200
G1 X117.2890 Y109.4434 Z0.2250 E0.01185 F1200
G1 X117.0784 Y109.4548 Z0.2250 E0.01184 F1200
G1 X116.8682 Y109.4717 Z0.2250 E0.01184 F1200
G1 X116.6585 Y109.4941 Z0.2250 E0.01183 F1200
G1 X116.4497 Y109.5220 Z0.2250 E0.01183 F1200
G1 X116.2417 Y109.5553 Z0.2250 E0.01182 F1200
G1 X116.0347 Y109.5940 Z0.2250 E0.01182 F1200
G1 X115.8289 Y109.6381 Z0.2250 E0.01181 F1200
G1 X115.6244 Y109.6876 Z0.2250 E0.01181 F1200
G1 X115.4214 Y109.7424 Z0.2250 E0.01180 F1200
G1 X115.2199 Y109.8025 Z0.2250 E0.01180 F1200
G1 X115.0201 Y109.8678 Z0.2250 E0.01180 F1200
G1 X114.8222 Y109.9382 Z0.2250 E0.01179 F1200
G1 X114.6263 Y110.0139 Z0.2250 E0.01179 F1200
G1 X114.4326 Y110.0945 Z0.2250 E0.01178 F1200
G1 X114.2410 Y110.1802 Z0.2250 E0.01178 F1200
G1 X114.0519 Y110.2709 Z0.2250 E0.01177 F1200
G1 X113.8652 Y110.3664 Z0.2250 E0.01177 F1200
G1 X113.6812 Y110.4667 Z0.2250 E0.01176 F1200
G1 X113.5000 Y110.5718 Z0.2250 E0.01176 F1200
G1 X113.3216 Y110.6815 Z0.2250 E0.01175 F1200
G1 X113.1463 Y110.7959 Z0.2250 E0.01175 F1200
G1 X112.9741 Y110.9147 Z0.2250 E0.01174 F1200
G1 X112.8051 Y111.0380 Z0.2250 E0.01174 F1200
G1 X112.6394 Y111.1656 Z0.2250 E0.01174 F1200
G1 X112.4772 Y111.2974 Z0.2250 E0.01173 F1200
G1 X112.3186 Y111.4334 Z0.2250 E0.01173 F1200
G1 X112.1637 Y111.5734 Z0.2250 E0.01172 F1200
G1 X112.0125 Y111.7174 Z0.2250 E0.01172 F1200
G1 X111.8652 Y111.8652 Z0.2250 E0.01171 F1200
G1 X111.7219 Y112.0168 Z0.2250 E0.01171 F1200
G1 X111.5827 Y112.1720 Z0.2250 E0.01170 F1200
G1 X111.4476 Y112.3308 Z0.2250 E0.01170 F1200
G1 X111.3168 Y112.4930 Z0.2250 E0.01169 F1200
G1 X111.1904 Y112.6584 Z0.2250 E0.01169 F1200
G1 X111.0683 Y112.8271 Z0.2250 E0.01168 F1200
G1 X110.9508 Y112.9988 Z0.2250 E0.01168 F1200
G1 X110.8378 Y113.1735 Z0.2250 E0.01168 F1200
G1 X110.7295 Y113.3510 Z0.2250 E0.01167 F1200
G1 X110.6259 Y113.5312 Z0.2250 E0.01167 F1200
G1 X110.5271 Y113.7140 Z0.2250 E0.01166 F1200
G1 X110.4332 Y113.8993 Z0.2250 E0.01166 F1200
G1 X110.3442 Y114.0869 Z0.2250 E0.01165 F1200
G1 X110.2602 Y114.2766 Z0.2250 E0.01165 F1200
G1 X110.1811 Y114.4684 Z0.2250 E0.01164 F1200
G1 X110.1072 Y114.6622 Z0.2250 E0.01164 F1200
G1 X110.0384 Y114.8577 Z0.2250 E0.01163 F1200
G1 X109.9748 Y115.0549 Z0.2250 E0.01163 F1200
G1 X109.9163 Y115.2536 Z0.2250 E0.01163 F1200
G1 X109.8631 Y115.4537 Z0.2250 E0.01162 F1200
G1 X109.8152 Y115.6551 Z0.2250 E0.01162 F1200
G1 X109.7726 Y115.8575 Z0.2250 E0.01161 F1200
G1 X109.7354 Y116.0609 Z0.2250 E0.01161 F1200
G1 X109.7034 Y116.2651 Z0.2250 E0.01160 F1200
G1 X109.6769 Y116.4701 Z0.2250 E0.01160 F1200
G1 X109.6557 Y116.6755 Z0.2250 E0.01159 F1200
G1 X109.6399 Y116.8814 Z0.2250 E0.01159 F1200
G1 X109.6296 Y117.0875 Z0.2250 E0.01158 F1200
G1 X109.6246 Y117.2938 Z0.2250 E0.01158 F1200
G1 X109.6250 Y117.5000 Z0.2250 E0.01157 F1200
G1 X109.6308 Y117.7061 Z0.2250 E0.01157 F1200
G1 X109.6420 Y117.9118 Z0.2250 E0.01157 F1200
G1 X109.6586 Y118.1171 Z0.2250 E0.01156 F1200
G1 X109.6806 Y118.3219 Z0.2250 E0.01156 F1200
G1 X109.7079 Y118.5259 Z0.2250 E0.01155 F1200
G1 X109.7405 Y118.7290 Z0.2250 E0.01155 F1200
G1 X109.7784 Y118.9311 Z0.2250 E0.01154 F1200
G1 X109.8215 Y119.1321 Z0.2250 E0.01154 F1200
G1 X109.8699 Y119.3318 Z0.2250 E0.01153 F1200
G1 X109.9235 Y119.5301 Z0.2250 E0.01153 F1200
G1 X109.9823 Y119.7269 Z0.2250 E0.01152 F1200
G1 X110.0461 Y119.9219 Z0.2250 E0.01152 F1200
G1 X110.1150 Y120.1152 Z0.2250 E0.01152 F1200
G1 X110.1889 Y120.3065 Z0.2250 E0.01151 F1200
G1 X110.2678 Y120.4957 Z0.2250 E0.01151 F1200
G1 X110.3515 Y120.6827 Z0.2250 E0.01150 F1200
G1 X110.4401 Y120.8674 Z0.2250 E0.01150 F1200
G1 X110.5334 Y121.0496 Z0.2250 E0.01149 F1200
G1 X110.6315 Y121.2293 Z0.2250 E0.01149 F1200
G1 X110.7342 Y121.4063 Z0.2250 E0.01148 F1200
G1 X110.8414 Y121.5804 Z0.2250 E0.01148 F1200
G1 X110.9531 Y121.7516 Z0.2250 E0.01147 F1200
G1 X111.0692 Y121.9197 Z0.2250 E0.01147 F1200
G1 X111.1897 Y122.0847 Z0.2250 E0.01146 F1200
G1 X111.3143 Y122.2464 Z0.2250 E0.01146 F1200
G1 X111.4431 Y122.4048 Z0.2250 E0.01146 F1200
G1 X111.5760 Y122.5596 Z0.2250 E0.01145 F1200
G1 X111.7128 Y122.7109 Z0.2250 E0.01145 F1200
G1 X111.8534 Y122.8584 Z0.2250 E0.01144 F1200
G1 X111.9978 Y123.0022 Z0.2250 E0.01144 F1200
G1 X112.1459 Y123.1421 Z0.2250 E0.01143 F1200
G1 X112.2975 Y123.2780 Z0.2250 E0.01143 F1200
G1 X112.4526 Y123.4098 Z0.2250 E0.01142 F1200
G1 X112.6110 Y123.5375 Z0.2250 E0.01142 F1200
G1 X112.7726 Y123.6609 Z0.2250 E0.01141 F1200
G1 X112.9373 Y123.7800 Z0.2250 E0.01141 F1200
G1 X113.1050 Y123.8947 Z0.2250 E0.01140 F1200
G1 X113.2756 Y124.0049 Z0.2250 E0.01140 F1200
G1 X113.4490 Y124.1106 Z0.2250 E0.01140 F1200
G1 X113.6250 Y124.2117 Z0.2250 E0.01139 F1200
G1 X113.8035 Y124.3081 Z0.2250 E0.01139 F1200
G1 X113.9844 Y124.3997 Z0.2250 E0.01138 F1200
G1 X114.1676 Y124.4866 Z0.2250 E0.01138 F1200
G1 X114.3529 Y124.5686 Z0.2250 E0.01137 F1200
G1 X114.5402 Y124.6456 Z0.2250 E0.01137 F1200
G1 X114.7294 Y124.7177 Z0.2250 E0.01136 F1200
G1 X114.9203 Y124.7849 Z0.2250 E0.01136 F1200
G1 X115.1128 Y124.8469 Z0.2250 E0.01135 F1200
G1 X115.3069 Y124.9039 Z0.2250 E0.01135 F1200
G1 X115.5022 Y124.9557 Z0.2250 E0.01135 F1200
G1 X115.6988 Y125.0024 Z0.2250 E0.01134 F1200
G1 X115.8965 Y125.0440 Z0.2250 E0.01134 F1200
G1 X116.0951 Y125.0803 Z0.2250 E0.01133 F1200
G1 X116.2945 Y125.1114 Z0.2250 E0.01133 F1200
G1 X116.4945 Y125.1372 Z0.2250 E0.01132 F1200
G1 X116.6951 Y125.1578 Z0.2250 E0.01132 F1200
G1 X116.8961 Y125.1731 Z0.2250 E0.01131 F1200
G1 X117.0973 Y125.1832 Z0.2250 E0.01131 F1200
G1 X117.2987 Y125.1880 Z0.2250 E0.01130 F1200
G1 X117.5000 Y125.1875 Z0.2250 E0.01130 F1200
G1 X117.7012 Y125.1817 Z0.2250 E0.01129 F1200
G1 X117.9020 Y125.1707 Z0.2250 E0.01129 F1200
G1 X118.1024 Y125.1545 Z0.2250 E0.01129 F1200
G1 X118.3023 Y125.1330 Z0.2250 E0.01128 F1200
G1 X118.5014 Y125.1062 Z0.2250 E0.01128 F1200
G1 X118.6997 Y125.0743 Z0.2250 E0.01127 F1200
G1 X118.8969 Y125.0373 Z0.2250 E0.01127 F1200
G1 X119.0931 Y124.9951 Z0.2250 E0.01126 F1200
G1 X119.2880 Y124.9477 Z0.2250 E0.01126 F1200
G1 X119.4816 Y124.8954 Z0.2250 E0.01125 F1200
G1 X119.6736 Y124.8380 Z0.2250 E0.01125 F1200
G1 X119.8640 Y124.7756 Z0.2250 E0.01124 F1200
G1 X120.0526 Y124.7083 Z0.2250 E0.01124 F1200
G1 X120.2393 Y124.6361 Z0.2250 E0.01123 F1200
G1 X120.4239 Y124.5590 Z0.2250 E0.01123 F1200
G1 X120.6065 Y124.4772 Z0.2250 E0.01123 F1200
G1 X120.7867 Y124.3907 Z0.2250 E0.01122 F1200
G1 X120.9645 Y124.2995 Z0.2250 E0.01122 F1200
G1 X121.1398 Y124.2037 Z0.2250 E0.01121 F1200
G1 X121.3125 Y124.1034 Z0.2250 E0.01121 F1200
G1 X121.4824 Y123.9987 Z0.2250 E0.01120 F1200
G1 X121.6495 Y123.8896 Z0.2250 E0.01120 F1200
G1 X121.8135 Y123.7762 Z0.2250 E0.01119 F1200
G1 X121.9745 Y123.6586 Z0.2250 E0.01119 F1200
G1 X122.1323 Y123.5369 Z0.2250 E0.01118 F1200
G1 X122.2868 Y123.4112 Z0.2250 E0.01118 F1200
G1 X122.4378 Y123.2815 Z0.2250 E0.01118 F1200
G1 X122.5854 Y123.1479 Z0.2250 E0.01117 F1200
G1 X122.7293 Y123.0106 Z0.2250 E0.01117 F1200
G1 X122.8696 Y122.8696 Z0.2250 E0.01116 F1200
G1 X123.0060 Y122.7250 Z0.2250 E0.01116 F1200
G1 X123.1386 Y122.5770 Z0.2250 E0.01115 F1200
G1 X123.2672 Y122.4257 Z0.2250 E0.01115 F1200
G1 X123.3917 Y122.2710 Z0.2250 E0.01114 F1200
G1 X123.5121 Y122.1133 Z0.2250 E0.01114 F1200
G1 X123.6283 Y121.9525 Z0.2250 E0.01113 F1200
G1 X123.7402 Y121.7888 Z0.2250 E0.01113 F1200
G1 X123.8477 Y121.6222 Z0.2250 E0.01112 F1200
G1 X123.9508 Y121.4530 Z0.2250 E0.01112 F1200
G1 X124.0493 Y121.2812 Z0.2250 E0.01112 F1200
G1 X124.1433 Y121.1070 Z0.2250 E0.01111 F1200
G1 X124.2327 Y120.9305 Z0.2250 E0.01111 F1200
G1 X124.3173 Y120.7517 Z0.2250 E0.01110 F1200
G1 X124.3973 Y120.5709 Z0.2250 E0.01110 F1200
G1 X124.4724 Y120.3881 Z0.2250 E0.01109 F1200
G1 X124.5427 Y120.2034 Z0.2250 E0.01109 F1200
G1 X124.6081 Y120.0171 Z0.2250 E0.01108 F1200
G1 X124.6686 Y119.8292 Z0.2250 E0.01108 F1200
G1 X124.7241 Y119.6399 Z0.2250 E0.01107 F1200
G1 X124.7746 Y119.4492 Z0.2250 E0.01107 F1200
G1 X124.8201 Y119.2574 Z0.2250 E0.01107 F1200
G1 X124.8606 Y119.0645 Z0.2250 E0.01106 F1200
G1 X124.8959 Y118.8708 Z0.2250 E0.01106 F1200
G1 X124.9262 Y118.6762 Z0.2250 E0.01105 F1200
G1 X124.9513 Y118.4810 Z0.2250 E0.01105 F1200
G1 X124.9713 Y118.2853 Z0.2250 E0.01104 F1200
G1 X124.9862 Y118.0892 Z0.2250 E0.01104 F1200
G1 X124.9960 Y117.8928 Z0.2250 E0.01103 F1200
G1 X125.0006 Y117.6964 Z0.2250 E0.01103 F1200
G1 X125.0000 Y117.5000 Z0.2250 E0.01102 F1200
G1 X124.9943 Y117.3038 Z0.2250 E0.01102 F1200
G1 X124.9835 Y117.1078 Z0.2250 E0.01101 F1200
G1 X124.9675 Y116.9123 Z0.2250 E0.01101 F1200
G1 X124.9465 Y116.7173 Z0.2250 E0.01101 F1200
G1 X124.9203 Y116.5231 Z0.2250 E0.01100 F1200
G1 X124.8891 Y116.3297 Z0.2250 E0.01100 F1200
G1 X124.8529 Y116.1372 Z0.2250 E0.01099 F1200
G1 X124.8117 Y115.9459 Z0.2250 E0.01099 F1200
G1 X124.7654 Y115.7557 Z0.2250 E0.01098 F1200
G1 X124.7143 Y115.5669 Z0.2250 E0.01098 F1200
G1 X124.6582 Y115.3796 Z0.2250 E0.01097 F1200
G1 X124.5973 Y115.1940 Z0.2250 E0.01097 F1200
G1 X124.5315 Y115.0100 Z0.2250 E0.01096 F1200
G1 X124.4610 Y114.8279 Z0.2250 E0.01096 F1200
G1 X124.3858 Y114.6478 Z0.2250 E0.01095 F1200
G1 X124.3059 Y114.4698 Z0.2250 E0.01095 F1200
G1 X124.2214 Y114.2940 Z0.2250 E0.01095 F1200
G1 X124.1324 Y114.1206 Z0.2250 E0.01094 F1200
G1 X124.0389 Y113.9496 Z0.2250 E0.01094 F1200
G1 X123.9411 Y113.7812 Z0.2250 E0.01093 F1200
G1 X123.8388 Y113.6155 Z0.2250 E0.01093 F1200
G1 X123.7324 Y113.4527 Z0.2250 E0.01092 F1200
G1 X123.6217 Y113.2927 Z0.2250 E0.01092 F1200
G1 X123.5070 Y113.1357 Z0.2250 E0.01091 F1200
G1 X123.3882 Y112.9818 Z0.2250 E0.01091 F1200
G1 X123.2655 Y112.8312 Z0.2250 E0.01090 F1200
G1 X123.1389 Y112.6839 Z0.2250 E0.01090 F1200
G1 X123.0086 Y112.5401 Z0.2250 E0.01090 F1200
G1 X122.8746 Y112.3997 Z0.2250 E0.01089 F1200
G1 X122.7370 Y112.2630 Z0.2250 E0.01089 F1200
G1 X122.5960 Y112.1300 Z0.2250 E0.01088 F1200
G1 X122.4516 Y112.0007 Z0.2250 E0.01088 F1200
G1 X122.3039 Y111.8754 Z0.2250 E0.01087 F1200
G1 X122.1530 Y111.7540 Z0.2250 E0.01087 F1200
G1 X121.9991 Y111.6366 Z0.2250 E0.01086 F1200
G1 X121.8423 Y111.5234 Z0.2250 E0.01086 F1200
G1 X121.6826 Y111.4143 Z0.2250 E0.01085 F1200
G1 X121.5201 Y111.3096 Z0.2250 E0.01085 F1200
G1 X121.3551 Y111.2091 Z0.2250 E0.01084 F1200
G1 X121.1875 Y111.1131 Z0.2250 E0.01084 F1200
G1 X121.0176 Y111.0215 Z0.2250 E0.01084 F1200
G1 X120.8453 Y110.9344 Z0.2250 E0.01083 F1200
G1 X120.6710 Y110.8519 Z0.2250 E0.01083 F1200
G1 X120.4946 Y110.7740 Z0.2250 E0.01082 F1200
G1 X120.3163 Y110.7008 Z0.2250 E0.01082 F1200
G1 X120.1362 Y110.6323 Z0.2250 E0.01081 F1200
G1 X119.9545 Y110.5686 Z0.2250 E0.01081 F1200
G1 X119.7713 Y110.5097 Z0.2250 E0.01080 F1200
G1 X119.5866 Y110.4557 Z0.2250 E0.01080 F1200
G1 X119.4007 Y110.4065 Z0.2250 E0.01079 F1200
G1 X119.2136 Y110.3622 Z0.2250 E0.01079 F1200
G1 X119.0256 Y110.3228 Z0.2250 E0.01079 F1200
G1 X118.8366 Y110.2884 Z0.2250 E0.01078 F1200
G1 X118.6469 Y110.2590 Z0.2250 E0.01078 F1200
G1 X118.4565 Y110.2346 Z0.2250 E0.01077 F1200
G1 X118.2657 Y110.2151 Z0.2250 E0.01077 F1200
G1 X118.0745 Y110.2007 Z0.2250 E0.01076 F1200
G1 X117.8830 Y110.1913 Z0.2250 E0.01076 F1200
G1 X117.6915 Y110.1869 Z0.2250 E0.01075 F1200
G1 X117.5000 Y110.1875 Z0.2250 E0.01075 F1200
G1 X117.3087 Y110.1931 Z0.2250 E0.01074 F1200
G1 X117.1176 Y110.2038 Z0.2250 E0.01074 F1200
G1 X116.9270 Y110.2194 Z0.2250 E0.01073 F1200
G1 X116.7369 Y110.2400 Z0.2250 E0.01073 F1200
G1 X116.5476 Y110.2656 Z0.2250 E0.01073 F1200
G1 X116.3590 Y110.2960 Z0.2250 E0.01072 F1200
G1 X116.1714 Y110.3315 Z0.2250 E0.01072 F1200
G1 X115.9848 Y110.3717 Z0.2250 E0.01071 F1200
G1 X115.7995 Y110.4169 Z0.2250 E0.01071 F1200
G1 X115.6155 Y110.4669 Z0.2250 E0.01070 F1200
G1 X115.4329 Y110.5216 Z0.2250 E0.01070 F1200
G1 X115.2519 Y110.5811 Z0.2250 E0.01069 F1200
G1 X115.0726 Y110.6452 Z0.2250 E0.01069 F1200
G1 X114.8951 Y110.7140 Z0.2250 E0.01068 F1200
G1 X114.7196 Y110.7874 Z0.2250 E0.01068 F1200
G1 X114.5461 Y110.8654 Z0.2250 E0.01067 F1200
G1 X114.3748 Y110.9478 Z0.2250 E0.01067 F1200
G1 X114.2057 Y111.0346 Z0.2250 E0.01067 F1200
G1 X114.0391 Y111.1258 Z0.2250 E0.01066 F1200
G1 X113.8750 Y111.2213 Z0.2250 E0.01066 F1200
G1 X113.7135 Y111.3210 Z0.2250 E0.01065 F1200
G1 X113.5548 Y111.4249 Z0.2250 E0.01065 F1200
G1 X113.3989 Y111.5328 Z0.2250 E0.01064 F1200
G1 X113.2459 Y111.6447 Z0.2250 E0.01064 F1200
G1 X113.0960 Y111.7606 Z0.2250 E0.01063 F1200
G1 X112.9492 Y111.8803 Z0.2250 E0.01063 F1200
G1 X112.8057 Y112.0037 Z0.2250 E0.01062 F1200
G1 X112.6655 Y112.1308 Z0.2250 E0.01062 F1200
G1 X112.5288 Y112.2614 Z0.2250 E0.01062 F1200
G1 X112.3956 Y112.3956 Z0.2250 E0.01061 F1200
G1 X112.2660 Y112.5331 Z0.2250 E0.01061 F1200
G1 X112.1401 Y112.6739 Z0.2250 E0.01060 F1200
G1 X112.0179 Y112.8179 Z0.2250 E0.01060 F1200
G1 X111.8997 Y112.9650 Z0.2250 E0.01059 F1200
G1 X111.7854 Y113.1150 Z0.2250 E0.01059 F1200
G1 X111.6751 Y113.2679 Z0.2250 E0.01058 F1200
G1 X111.5689 Y113.4236 Z0.2250 E0.01058 F1200
G1 X111.4668 Y113.5820 Z0.2250 E0.01057 F1200
G1 X111.3690 Y113.7429 Z0.2250 E0.01057 F1200
G1 X111.2754 Y113.9062 Z0.2250 E0.01056 F1200
G1 X111.1862 Y114.0719 Z0.2250 E0.01056 F1200
G1 X111.1015 Y114.2398 Z0.2250 E0.01056 F1200
G1 X111.0211 Y114.4097 Z0.2250 E0.01055 F1200
G1 X110.9453 Y114.5817 Z0.2250 E0.01055 F1200
G1 X110.8741 Y114.7554 Z0.2250 E0.01054 F1200
G1 X110.8074 Y114.9309 Z0.2250 E0.01054 F1200
G1 X110.7454 Y115.1081 Z0.2250 E0.01053 F1200
G1 X110.6881 Y115.2867 Z0.2250 E0.01053 F1200
G1 X110.6354 Y115.4666 Z0.2250 E0.01052 F1200
G1 X110.5876 Y115.6478 Z0.2250 E0.01052 F1200
G1 X110.5445 Y115.8301 Z0.2250 E0.01051 F1200
G1 X110.5062 Y116.0134 Z0.2250 E0.01051 F1200
G1 X110.4728 Y116.1976 Z0.2250 E0.01050 F1200
G1 X110.4442 Y116.3825 Z0.2250 E0.01050 F1200
G1 X110.4205 Y116.5680 Z0.2250 E0.01050 F1200
G1 X110.4016 Y116.7539 Z0.2250 E0.01049 F1200
G1 X110.3876 Y116.9402 Z0.2250 E0.01049 F1200
G1 X110.3785 Y117.1268 Z0.2250 E0.01048 F1200
G1 X110.3743 Y117.3134 Z0.2250 E0.01048 F1200
G1 X110.3750 Y117.5000 Z0.2250 E0.01047 F1200
G1 X110.3806 Y117.6864 Z0.2250 E0.01047 F1200
G1 X110.3910 Y117.8726 Z0.2250 E0.01046 F1200
G1 X110.4063 Y118.0583 Z0.2250 E0.01046 F1200
G1 X110.4265 Y118.2435 Z0.2250 E0.01045 F1200
G1 X110.4514 Y118.4280 Z0.2250 E0.01045 F1200
G1 X110.4812 Y118.6117 Z0.2250 E0.01045 F1200
G1 X110.5158 Y118.7944 Z0.2250 E0.01044 F1200
G1 X110.5552 Y118.9762 Z0.2250 E0.01044 F1200
G1 X110.5992 Y119.1567 Z0.2250 E0.01043 F1200
G1 X110.6480 Y119.3360 Z0.2250 E0.01043 F1200
G1 X110.7014 Y119.5138 Z0.2250 E0.01042 F1200
G1 X110.7594 Y119.6902 Z0.2250 E0.01042 F1200
G1 X110.8220 Y119.8648 Z0.2250 E0.01041 F1200
G1 X110.8891 Y120.0377 Z0.2250 E0.01041 F1200
G1 X110.9607 Y120.2087 Z0.2250 E0.01040 F1200
G1 X111.0367 Y120.3777 Z0.2250 E0.01040 F1200
G1 X111.1170 Y120.5445 Z0.2250 E0.01039 F1200
G1 X111.2017 Y120.7091 Z0.2250 E0.01039 F1200
G1 X111.2906 Y120.8714 Z0.2250 E0.01039 F1200
G1 X111.3837 Y121.0313 Z0.2250 E0.01038 F1200
G1 X111.4809 Y121.1885 Z0.2250 E0.01038 F1200
G1 X111.5821 Y121.3431 Z0.2250 E0.01037 F1200
G1 X111.6873 Y121.4949 Z0.2250 E0.01037 F1200
G1 X111.7964 Y121.6439 Z0.2250 E0.01036 F1200
G1 X111.9093 Y121.7899 Z0.2250 E0.01036 F1200
G1 X112.0260 Y121.9328 Z0.2250 E0.01035 F1200
G1 X112.1463 Y122.0725 Z0.2250 E0.01035 F1200
G1 X112.2701 Y122.2090 Z0.2250 E0.01034 F1200
G1 X112.3974 Y122.3421 Z0.2250 E0.01034 F1200
G1 X112.5282 Y122.4718 Z0.2250 E0.01034 F1200
G1 X112.6622 Y122.5980 Z0.2250 E0.01033 F1200
G1 X112.7994 Y122.7206 Z0.2250 E0.01033 F1200
G1 X112.9397 Y122.8395 Z0.2250 E0.01032 F1200
G1 X113.0830 Y122.9546 Z0.2250 E0.01032 F1200
G1 X113.2292 Y123.0659 Z0.2250 E0.01031 F1200
G1 X113.3782 Y123.1732 Z0.2250 E0.01031 F1200
G1 X113.5298 Y123.2766 Z0.2250 E0.01030 F1200
G1 X113.6841 Y123.3759 Z0.2250 E0.01030 F1200
G1 X113.8409 Y123.4711 Z0.2250 E0.01029 F1200
G1 X114.0000 Y123.5622 Z0.2250 E0.01029 F1200
G1 X114.1614 Y123.6490 Z0.2250 E0.01028 F1200
G1 X114.3249 Y123.7315 Z0.2250 E0.01028 F1200
G1 X114.4905 Y123.8096 Z0.2250 E0.01028 F1200
G1 X114.6579 Y123.8834 Z0.2250 E0.01027 F1200
G1 X114.8272 Y123.9527 Z0.2250 E0.01027 F1200
G1 X114.9981 Y124.0176 Z0.2250 E0.01026 F1200
G1 X115.1707 Y124.0779 Z0.2250 E0.01026 F1200
G1 X115.3446 Y124.1336 Z0.2250 E0.01025 F1200
G1 X115.5199 Y124.1848 Z0.2250 E0.01025 F1200
G1 X115.6964 Y124.2313 Z0.2250 E0.01024 F1200
G1 X115.8739 Y124.2732 Z0.2250 E0.01024 F1200
G1 X116.0524 Y124.3104 Z0.2250 E0.01023 F1200
G1 X116.2318 Y124.3428 Z0.2250 E0.01023 F1200
G1 X116.4118 Y124.3706 Z0.2250 E0.01022 F1200
G1 X116.5924 Y124.3936 Z0.2250 E0.01022 F1200
G1 X116.7735 Y124.4119 Z0.2250 E0.01022 F1200
G1 X116.9550 Y124.4255 Z0.2250 E0.01021 F1200
G1 X117.1366 Y124.4342 Z0.2250 E0.01021 F1200
G1 X117.3183 Y124.4382 Z0.2250 E0.01020 F1200
G1 X117.5000 Y124.4375 Z0.2250 E0.01020 F1200
G1 X117.6815 Y124.4320 Z0.2250 E0.01019 F1200
G1 X117.8628 Y124.4218 Z0.2250 E0.01019 F1200
G1 X118.0436 Y124.4068 Z0.2250 E0.01018 F1200
G1 X118.2239 Y124.3871 Z0.2250 E0.01018 F1200
G1 X118.4035 Y124.3627 Z0.2250 E0.01017 F1200
G1 X118.5823 Y124.3336 Z0.2250 E0.01017 F1200
G1 X118.7603 Y124.2998 Z0.2250 E0.01017 F1200
G1 X118.9372 Y124.2614 Z0.2250 E0.01016 F1200
G1 X119.1130 Y124.2185 Z0.2250 E0.01016 F1200
G1 X119.2875 Y124.1709 Z0.2250 E0.01015 F1200
G1 X119.4606 Y124.1189 Z0.2250 E0.01015 F1200
G1 X119.6322 Y124.0623 Z0.2250 E0.01014 F1200
G1 X119.8022 Y124.0013 Z0.2250 E0.01014 F1200
G1 X119.9705 Y123.9359 Z0.2250 E0.01013 F1200
G1 X120.1369 Y123.8661 Z0.2250 E0.01013 F1200
G1 X120.3014 Y123.7920 Z0.2250 E0.01012 F1200
G1 X120.4638 Y123.7137 Z0.2250 E0.01012 F1200
G1 X120.6240 Y123.6312 Z0.2250 E0.01011 F1200
G1 X120.7820 Y123.5446 Z0.2250 E0.01011 F1200
G1 X120.9375 Y123.4539 Z0.2250 E0.01011 F1200
G1 X121.0905 Y123.3592 Z0.2250 E0.01010 F1200
G1 X121.2410 Y123.2606 Z0.2250 E0.01010 F1200
G1 X121.3887 Y123.1581 Z0.2250 E0.01009 F1200
G1 X121.5337 Y123.0519 Z0.2250 E0.01009 F1200
G1 X121.6757 Y122.9419 Z0.2250 E0.01008 F1200
G1 X121.8148 Y122.8283 Z0.2250 E0.01008 F1200
G1 X121.9507 Y122.7112 Z0.2250 E0.01007 F1200
G1 X122.0835 Y122.5905 Z0.2250 E0.01007 F1200
G1 X122.2131 Y122.4665 Z0.2250 E0.01006 F1200
G1 X122.3393 Y122.3393 Z0.2250 E0.01006 F1200
G1 X122.4620 Y122.2088 Z0.2250 E0.01006 F1200
G1 X122.5813 Y122.0752 Z0.2250 E0.01005 F1200
G1 X122.6969 Y121.9386 Z0.2250 E0.01005 F1200
G1 X122.8089 Y121.7990 Z0.2250 E0.01004 F1200
G1 X122.9171 Y121.6567 Z0.2250 E0.01004 F1200
G1 X123.0215 Y121.5116 Z0.2250 E0.01003 F1200
G1 X123.1221 Y121.3640 Z0.2250 E0.01003 F1200
G1 X123.2187 Y121.2138 Z0.2250 E0.01002 F1200
G1 X123.3113 Y121.0612 Z0.2250 E0.01002 F1200
G1 X123.3998 Y120.9062 Z0.2250 E0.01001 F1200
G1 X123.4842 Y120.7492 Z0.2250 E0.01001 F1200
G1 X123.5644 Y120.5900 Z0.2250 E0.01000 F1200
G1 X123.6404 Y120.4288 Z0.2250 E0.01000 F1200
G1 X123.7121 Y120.2658 Z0.2250 E0.01000 F1200
G1 X123.7795 Y120.1011 Z0.2250 E0.00999 F1200
G1 X123.8425 Y119.9347 Z0.2250 E0.00999 F1200
G1 X123.9011 Y119.7668 Z0.2250 E0.00998 F1200
G1 X123.9553 Y119.5975 Z0.2250 E0.00998 F1200
G1 X124.0050 Y119.4269 Z0.2250 E0.00997 F1200
G1 X124.0502 Y119.2551 Z0.2250 E0.00997 F1200
G1 X124.0908 Y119.0823 Z0.2250 E0.00996 F1200
G1 X124.1269 Y118.9086 Z0.2250 E0.00996 F1200
G1 X124.1585 Y118.7341 Z0.2250 E0.00995 F1200
G1 X124.1854 Y118.5589 Z0.2250 E0.00995 F1200
G1 X124.2077 Y118.3831 Z0.2250 E0.00994 F1200
G1 X124.2255 Y118.2069 Z0.2250 E0.00994 F1200
G1 X124.2385 Y118.0303 Z0.2250 E0.00994 F1200
G1 X124.2470 Y117.8536 Z0.2250 E0.00993 F1200
G1 X124.2508 Y117.6768 Z0.2250 E0.00993 F1200
G1 X124.2500 Y117.5000 Z0.2250 E0.00992 F1200
G1 X124.2446 Y117.3234 Z0.2250 E0.00992 F1200
G1 X124.2345 Y117.1471 Z0.2250 E0.00991 F1200
G1 X124.2198 Y116.9711 Z0.2250 E0.00991 F1200
G1 X124.2006 Y116.7957 Z0.2250 E0.00990 F1200
G1 X124.1768 Y116.6210 Z0.2250 E0.00990 F1200
G1 X124.1484 Y116.4470 Z0.2250 E0.00989 F1200
G1 X124.1155 Y116.2739 Z0.2250 E0.00989 F1200
G1 X124.0780 Y116.1018 Z0.2250 E0.00989 F1200
G1 X124.0361 Y115.9308 Z0.2250 E0.00988 F1200
G1 X123.9898 Y115.7611 Z0.2250 E0.00988 F1200
G1 X123.9391 Y115.5927 Z0.2250 E0.00987 F1200
G1 X123.8840 Y115.4257 Z0.2250 E0.00987 F1200
G1 X123.8245 Y115.2604 Z0.2250 E0.00986 F1200
G1 X123.7608 Y115.0967 Z0.2250 E0.00986 F1200
G1 X123.6929 Y114.9348 Z0.2250 E0.00985 F1200
G1 X123.6208 Y114.7749 Z0.2250 E0.00985 F1200
G1 X123.5445 Y114.6169 Z0.2250 E0.00984 F1200
G1 X123.4642 Y114.4611 Z0.2250 E0.00984 F1200
G1 X123.3798 Y114.3075 Z0.2250 E0.00983 F1200
G1 X123.2915 Y114.1562 Z0.2250 E0.00983 F1200
G1 X123.1994 Y114.0074 Z0.2250 E0.00983 F1200
G1 X123.1034 Y113.8611 Z0.2250 E0.00982 F1200
G1 X123.0036 Y113.7175 Z0.2250 E0.00982 F1200
G1 X122.9002 Y113.5765 Z0.2250 E0.00981 F1200
G1 X122.7932 Y113.4384 Z0.2250 E0.00981 F1200
G1 X122.6826 Y113.3032 Z0.2250 E0.00980 F1200
G1 X122.5686 Y113.1710 Z0.2250 E0.00980 F1200
G1 X122.4512 Y113.0419 Z0.2250 E0.00979 F1200
G1 X122.3305 Y112.9160 Z0.2250 E0.00979 F1200
G1 X122.2067 Y112.7933 Z0.2250 E0.00978 F1200
G1 X122.0797 Y112.6740 Z0.2250 E0.00978 F1200
G1 X121.9497 Y112.5581 Z0.2250 E0.00978 F1200
G1 X121.8168 Y112.4457 Z0.2250 E0.00977 F1200
G1 X121.6810 Y112.3368 Z0.2250 E0.00977 F1200
G1 X121.5426 Y112.2316 Z0.2250 E0.00976 F1200
G1 X121.4014 Y112.1301 Z0.2250 E0.00976 F1200
G1 X121.2578 Y112.0324 Z0.2250 E0.00975 F1200
G1 X121.1116 Y111.9386 Z0.2250 E0.00975 F1200
G1 X120.9632 Y111.8486 Z0.2250 E0.00974 F1200
G1 X120.8125 Y111.7626 Z0.2250 E0.00974 F1200
G1 X120.6597 Y111.6806 Z0.2250 E0.00973 F1200
G1 X120.5048 Y111.6027 Z0.2250 E0.00973 F1200
G1 X120.3481 Y111.5288 Z0.2250 E0.00972 F1200
G1 X120.1895 Y111.4592 Z0.2250 E0.00972 F1200
G1 X120.0293 Y111.3937 Z0.2250 E0.00972 F1200
G1 X119.8675 Y111.3325 Z0.2250 E0.00971 F1200
G1 X119.7042 Y111.2756 Z0.2250 E0.00971 F1200
G1 X119.5395 Y111.2230 Z0.2250 E0.00970 F1200
G1 X119.3736 Y111.1748 Z0.2250 E0.00970 F1200
G1 X119.2066 Y111.1309 Z0.2250 E0.00969 F1200
G1 X119.0386 Y111.0915 Z0.2250 E0.00969 F1200
G1 X118.8696 Y111.0565 Z0.2250 E0.00968 F1200
G1 X118.6999 Y111.0259 Z0.2250 E0.00968 F1200
G1 X118.5295 Y110.9998 Z0.2250 E0.00967 F1200
G1 X118.3586 Y110.9782 Z0.2250 E0.00967 F1200
G1 X118.1873 Y110.9610 Z0.2250 E0.00966 F1200
G1 X118.0156 Y110.9484 Z0.2250 E0.00966 F1200
G1 X117.8438 Y110.9403 Z0.2250 E0.00966 F1200
G1 X117.6719 Y110.9366 Z0.2250 E0.00965 F1200
G1 X117.5000 Y110.9375 Z0.2250 E0.00965 F1200
G1 X117.3283 Y110.9429 Z0.2250 E0.00964 F1200
G1 X117.1569 Y110.9527 Z0.2250 E0.00964 F1200
G1 X116.9858 Y110.9671 Z0.2250 E0.00963 F1200
G1 X116.8153 Y110.9859 Z0.2250 E0.00963 F1200
G1 X116.6455 Y111.0091 Z0.2250 E0.00962 F1200
G1 X116.4763 Y111.0368 Z0.2250 E0.00962 F1200
G1 X116.3081 Y111.0689 Z0.2250 E0.00961 F1200
G1 X116.1408 Y111.1054 Z0.2250 E0.00961 F1200
G1 X115.9746 Y111.1462 Z0.2250 E0.00961 F1200
G1 X115.8096 Y111.1913 Z0.2250 E0.00960 F1200
G1 X115.6459 Y111.2407 Z0.2250 E0.00960 F1200
G1 X115.4837 Y111.2944 Z0.2250 E0.00959 F1200
G1 X115.3230 Y111.3522 Z0.2250 E0.00959 F1200
G1 X115.1639 Y111.4142 Z0.2250 E0.00958 F1200
G1 X115.0066 Y111.4803 Z0.2250 E0.00958 F1200
G1 X114.8511 Y111.5505 Z0.2250 E0.00957 F1200
G1 X114.6976 Y111.6247 Z0.2250 E0.00957 F1200
G1 X114.5462 Y111.7029 Z0.2250 E0.00956 F1200
G1 X114.3970 Y111.7849 Z0.2250 E0.00956 F1200
G1 X114.2500 Y111.8708 Z0.2250 E0.00955 F1200
G1 X114.1054 Y111.9605 Z0.2250 E0.00955 F1200
G1 X113.9633 Y112.0539 Z0.2250 E0.00955 F1200
G1 X113.8237 Y112.1509 Z0.2250 E0.00954 F1200
G1 X113.6867 Y112.2515 Z0.2250 E0.00954 F1200
G1 X113.5526 Y112.3556 Z0.2250 E0.00953 F1200
G1 X113.4212 Y112.4631 Z0.2250 E0.00953 F1200
G1 X113.2928 Y112.5740 Z0.2250 E0.00952 F1200
G1 X113.1674 Y112.6881 Z0.2250 E0.00952 F1200
G1 X113.0451 Y112.8055 Z0.2250 E0.00951 F1200
G1 X112.9259 Y112.9259 Z0.2250 E0.00951 F1200
G1 X112.8100 Y113.0494 Z0.2250 E0.00950 F1200
G1 X112.6974 Y113.1757 Z0.2250 E0.00950 F1200
G1 X112.5883 Y113.3050 Z0.2250 E0.00949 F1200
G1 X112.4826 Y113.4370 Z0.2250 E0.00949 F1200
G1 X112.3804 Y113.5716 Z0.2250 E0.00949 F1200
G1 X112.2818 Y113.7088 Z0.2250 E0.00948 F1200
G1 X112.1870 Y113.8484 Z0.2250 E0.00948 F1200
G1 X112.0958 Y113.9905 Z0.2250 E0.00947 F1200
G1 X112.0085 Y114.1348 Z0.2250 E0.00947 F1200
G1 X111.9250 Y114.2812 Z0.2250 E0.00946 F1200
G1 X111.8454 Y114.4298 Z0.2250 E0.00946 F1200
G1 X111.7697 Y114.5803 Z0.2250 E0.00945 F1200
G1 X111.6981 Y114.7326 Z0.2250 E0.00945 F1200
G1 X111.6305 Y114.8867 Z0.2250 E0.00944 F1200
G1 X111.5670 Y115.0425 Z0.2250 E0.00944 F1200
G1 X111.5076 Y115.1997 Z0.2250 E0.00944 F1200
G1 X111.4524 Y115.3584 Z0.2250 E0.00943 F1200
G1 X111.4014 Y115.5184 Z0.2250 E0.00943 F1200
G1 X111.3546 Y115.6796 Z0.2250 E0.00942 F1200
G1 X111.3120 Y115.8419 Z0.2250 E0.00942 F1200
G1 X111.2738 Y116.0052 Z0.2250 E0.00941 F1200
G1 X111.2399 Y116.1694 Z0.2250 E0.00941 F1200
G1 X111.2102 Y116.3343 Z0.2250 E0.00940 F1200
G1 X111.1850 Y116.4998 Z0.2250 E0.00940 F1200
G1 X111.1640 Y116.6659 Z0.2250 E0.00939 F1200
G1 X111.1475 Y116.8323 Z0.2250 E0.00939 F1200
G1 X111.1353 Y116.9991 Z0.2250 E0.00938 F1200
G1 X111.1275 Y117.1660 Z0.2250 E0.00938 F1200
G1 X111.1241 Y117.3330 Z0.2250 E0.00938 F1200
G1 X111.1250 Y117.5000 Z0.2250 E0.00937 F1200
G1 X111.1303 Y117.6668 Z0.2250 E0.00937 F1200
G1 X111.1400 Y117.8333 Z0.2250 E0.00936 F1200
G1 X111.1540 Y117.9994 Z0.2250 E0.00936 F1200
G1 X111.1724 Y118.1651 Z0.2250 E0.00935 F1200
G1 X111.1950 Y118.3301 Z0.2250 E0.00935 F1200
G1 X111.2220 Y118.4943 Z0.2250 E0.00934 F1200
G1 X111.2533 Y118.6578 Z0.2250 E0.00934 F1200
G1 X111.2888 Y118.8202 Z0.2250 E0.00933 F1200
G1 X111.3285 Y118.9816 Z0.2250 E0.00933 F1200
G1 X111.3724 Y119.1419 Z0.2250 E0.00933 F1200
G1 X111.4205 Y119.3008 Z0.2250 E0.00932 F1200
G1 X111.4727 Y119.4584 Z0.2250 E0.00932 F1200
G1 X111.5290 Y119.6145 Z0.2250 E0.00931 F1200
G1 X111.5893 Y119.7689 Z0.2250 E0.00931 F1200
G1 X111.6536 Y119.9217 Z0.2250 E0.00930 F1200
G1 X111.7218 Y120.0726 Z0.2250 E0.00930 F1200
G1 X111.7940 Y120.2216 Z0.2250 E0.00929 F1200
G1 X111.8700 Y120.3687 Z0.2250 E0.00929 F1200
G1 X111.9497 Y120.5136 Z0.2250 E0.00928 F1200
G1 X112.0332 Y120.6563 Z0.2250 E0.00928 F1200
G1 X112.1204 Y120.7966 Z0.2250 E0.00927 F1200
G1 X112.2111 Y120.9346 Z0.2250 E0.00927 F1200
G1 X112.3054 Y121.0701 Z0.2250 E0.00927 F1200
G1 X112.4032 Y121.2030 Z0.2250 E0.00926 F1200
G1 X112.5044 Y121.3333 Z0.2250 E0.00926 F1200
G1 X112.6088 Y121.4608 Z0.2250 E0.00925 F1200
G1 X112.7166 Y121.5854 Z0.2250 E0.00925 F1200
G1 X112.8275 Y121.7072 Z0.2250 E0.00924 F1200
G1 X112.9415 Y121.8259 Z0.2250 E0.00924 F1200
G1 X113.0585 Y121.9415 Z0.2250 E0.00923 F1200
G1 X113.1784 Y122.0540 Z0.2250 E0.00923 F1200
G1 X113.3012 Y122.1632 Z0.2250 E0.00922 F1200
G1 X113.4267 Y122.2692 Z0.2250 E0.00922 F1200
G1 X113.5549 Y122.3717 Z0.2250 E0.00921 F1200
G1 X113.6857 Y122.4709 Z0.2250 E0.00921 F1200
G1 X113.8190 Y122.5665 Z0.2250 E0.00921 F1200
G1 X113.9547 Y122.6585 Z0.2250 E0.00920 F1200
G1 X114.0926 Y122.7469 Z0.2250 E0.00920 F1200
G1 X114.2328 Y122.8317 Z0.2250 E0.00919 F1200
G1 X114.3750 Y122.9127 Z0.2250 E0.00919 F1200
G1 X114.5192 Y122.9899 Z0.2250 E0.00918 F1200
G1 X114.6654 Y123.0632 Z0.2250 E0.00918 F1200
G1 X114.8133 Y123.1327 Z0.2250 E0.00917 F1200
G1 X114.9630 Y123.1982 Z0.2250 E0.00917 F1200
G1 X115.1142 Y123.2598 Z0.2250 E0.00916 F1200
G1 X115.2669 Y123.3174 Z0.2250 E0.00916 F1200
G1 X115.4210 Y123.3709 Z0.2250 E0.00916 F1200
G1 X115.5764 Y123.4203 Z0.2250 E0.00915 F1200
G1 X115.7329 Y123.4657 Z0.2250 E0.00915 F1200
G1 X115.8905 Y123.5069 Z0.2250 E0.00914 F1200
G1 X116.0490 Y123.5439 Z0.2250 E0.00914 F1200
G1 X116.2083 Y123.5767 Z0.2250 E0.00913 F1200
G1 X116.3684 Y123.6054 Z0.2250 E0.00913 F1200
G1 X116.5291 Y123.6298 Z0.2250 E0.00912 F1200
G1 X116.6903 Y123.6501 Z0.2250 E0.00912 F1200
G1 X116.8519 Y123.6660 Z0.2250 E0.00911 F1200
G1 X117.0138 Y123.6778 Z0.2250 E0.00911 F1200
G1 X117.1758 Y123.6853 Z0.2250 E0.00910 F1200
G1 X117.3379 Y123.6885 Z0.2250 E0.00910 F1200
G1 X117.5000 Y123.6875 Z0.2250 E0.00910 F1200
G1 X117.6619 Y123.6823 Z0.2250 E0.00909 F1200
G1 X117.8235 Y123.6728 Z0.2250 E0.00909 F1200
G1 X117.9847 Y123.6591 Z0.2250 E0.00908 F1200
G1 X118.1455 Y123.6412 Z0.2250 E0.00908 F1200
G1 X118.3056 Y123.6191 Z0.2250 E0.00907 F1200
G1 X118.4650 Y123.5928 Z0.2250 E0.00907 F1200
G1 X118.6236 Y123.5624 Z0.2250 E0.00906 F1200
G1 X118.7813 Y123.5278 Z0.2250 E0.00906 F1200
G1 X118.9379 Y123.4892 Z0.2250 E0.00905 F1200
G1 X119.0934 Y123.4465 Z0.2250 E0.00905 F1200
G1 X119.2476 Y123.3997 Z0.2250 E0.00905 F1200
G1 X119.4005 Y123.3490 Z0.2250 E0.00904 F1200
G1 X119.5519 Y123.2943 Z0.2250 E0.00904 F1200
G1 X119.7017 Y123.2357 Z0.2250 E0.00903 F1200
G1 X119.8499 Y123.1732 Z0.2250 E0.00903 F1200
G1 X119.9963 Y123.1069 Z0.2250 E0.00902 F1200
G1 X120.1409 Y123.0368 Z0.2250 E0.00902 F1200
G1 X120.2835 Y122.9630 Z0.2250 E0.00901 F1200
G1 X120.4241 Y122.8855 Z0.2250 E0.00901 F1200
G1 X120.5625 Y122.8044 Z0.2250 E0.00900 F1200
G1 X120.6987 Y122.7198 Z0.2250 E0.00900 F1200
G1 X120.8325 Y122.6316 Z0.2250 E0.00899 F1200
G1 X120.9639 Y122.5400 Z0.2250 E0.00899 F1200
G1 X121.0928 Y122.4451 Z0.2250 E0.00899 F1200
G1 X121.2192 Y122.3469 Z0.2250 E0.00898 F1200
G1 X121.3428 Y122.2454 Z0.2250 E0.00898 F1200
G1 X121.4637 Y122.1409 Z0.2250 E0.00897 F1200
G1 X121.5817 Y122.0332 Z0.2250 E0.00897 F1200
G1 X121.6968 Y121.9225 Z0.2250 E0.00896 F1200
G1 X121.8089 Y121.8089 Z0.2250 E0.00896 F1200
G1 X121.9180 Y121.6925 Z0.2250 E0.00895 F1200
G1 X122.0239 Y121.5733 Z0.2250 E0.00895 F1200
G1 X122.1266 Y121.4515 Z0.2250 E0.00894 F1200
G1 X122.2260 Y121.3271 Z0.2250 E0.00894 F1200
G1 X122.3221 Y121.2001 Z0.2250 E0.00893 F1200
G1 X122.4148 Y121.0708 Z0.2250 E0.00893 F1200
G1 X122.5040 Y120.9391 Z0.2250 E0.00893 F1200
G1 X122.5897 Y120.8053 Z0.2250 E0.00892 F1200
G1 X122.6718 Y120.6693 Z0.2250 E0.00892 F1200
G1 X122.7503 Y120.5312 Z0.2250 E0.00891 F1200
G1 X122.8251 Y120.3913 Z0.2250 E0.00891 F1200
G1 X122.8962 Y120.2495 Z0.2250 E0.00890 F1200
G1 X122.9635 Y120.1059 Z0.2250 E0.00890 F1200
G1 X123.0270 Y119.9608 Z0.2250 E0.00889 F1200
G1 X123.0866 Y119.8140 Z0.2250 E0.00889 F1200
G1 X123.1423 Y119.6659 Z0.2250 E0.00888 F1200
G1 X123.1941 Y119.5164 Z0.2250 E0.00888 F1200
G1 X123.2420 Y119.3657 Z0.2250 E0.00888 F1200
G1 X123.2859 Y119.2139 Z0.2250 E0.00887 F1200
G1 X123.3257 Y119.0610 Z0.2250 E0.00887 F1200
G1 X123.3616 Y118.9072 Z0.2250 E0.00886 F1200
G1 X123.3933 Y118.7527 Z0.2250 E0.00886 F1200
G1 X123.4210 Y118.5974 Z0.2250 E0.00885 F1200
G1 X123.4446 Y118.4415 Z0.2250 E0.00885 F1200
G1 X123.4642 Y118.2852 Z0.2250 E0.00884 F1200
G1 X123.4796 Y118.1285 Z0.2250 E0.00884 F1200
G1 X123.4909 Y117.9715 Z0.2250 E0.00883 F1200
G1 X123.4980 Y117.8143 Z0.2250 E0.00883 F1200
G1 X123.5011 Y117.6571 Z0.2250 E0.00882 F1200
G1 X123.5000 Y117.5000 Z0.2250 E0.00882 F1200
G1 X123.4948 Y117.3430 Z0.2250 E0.00882 F1200
G1 X123.4855 Y117.1863 Z0.2250 E0.00881 F1200
G1 X123.4722 Y117.0300 Z0.2250 E0.00881 F1200
G1 X123.4547 Y116.8741 Z0.2250 E0.00880 F1200
G1 X123.4332 Y116.7189 Z0.2250 E0.00880 F1200
G1 X123.4076 Y116.5643 Z0.2250 E0.00879 F1200
G1 X123.3780 Y116.4106 Z0.2250 E0.00879 F1200
G1 X123.3444 Y116.2577 Z0.2250 E0.00878 F1200
G1 X123.3069 Y116.1059 Z0.2250 E0.00878 F1200
G1 X123.2654 Y115.9552 Z0.2250 E0.00877 F1200
G1 X123.2200 Y115.8057 Z0.2250 E0.00877 F1200
G1 X123.1707 Y115.6575 Z0.2250 E0.00877 F1200
G1 X123.1176 Y115.5107 Z0.2250 E0.00876 F1200
G1 X123.0606 Y115.3655 Z0.2250 E0.00876 F1200
G1 X123.0000 Y115.2218 Z0.2250 E0.00875 F1200
G1 X122.9356 Y115.0799 Z0.2250 E0.00875 F1200
G1 X122.8676 Y114.9398 Z0.2250 E0.00874 F1200
G1 X122.7959 Y114.8016 Z0.2250 E0.00874 F1200
G1 X122.7207 Y114.6654 Z0.2250 E0.00873 F1200
G1 X122.6420 Y114.5313 Z0.2250 E0.00873 F1200
G1 X122.5599 Y114.3993 Z0.2250 E0.00872 F1200
G1 X122.4744 Y114.2696 Z0.2250 E0.00872 F1200
G1 X122.3855 Y114.1423 Z0.2250 E0.00871 F1200
G1 X122.2934 Y114.0174 Z0.2250 E0.00871 F1200
G1 X122.1981 Y113.8950 Z0.2250 E0.00871 F1200
G1 X122.0997 Y113.7752 Z0.2250 E0.00870 F1200
G1 X121.9983 Y113.6581 Z0.2250 E0.00870 F1200
G1 X121.8938 Y113.5438 Z0.2250 E0.00869 F1200
G1 X121.7865 Y113.4323 Z0.2250 E0.00869 F1200
G1 X121.6763 Y113.3237 Z0.2250 E0.00868 F1200
G1 X121.5634 Y113.2180 Z0.2250 E0.00868 F1200
G1 X121.4479 Y113.1154 Z0.2250 E0.00867 F1200
G1 X121.3297 Y113.0160 Z0.2250 E0.00867 F1200
G1 X121.2091 Y112.9197 Z0.2250 E0.00866 F1200
G1 X121.0860 Y112.8267 Z0.2250 E0.00866 F1200
G1 X120.9606 Y112.7369 Z0.2250 E0.00865 F1200
G1 X120.8329 Y112.6505 Z0.2250 E0.00865 F1200
G1 X120.7032 Y112.5676 Z0.2250 E0.00865 F1200
G1 X120.5713 Y112.4881 Z0.2250 E0.00864 F1200
G1 X120.4375 Y112.4121 Z0.2250 E0.00864 F1200
G1 X120.3018 Y112.3397 Z0.2250 E0.00863 F1200
G1 X120.1644 Y112.2709 Z0.2250 E0.00863 F1200
G1 X120.0252 Y112.2058 Z0.2250 E0.00862 F1200
G1 X119.8845 Y112.1443 Z0.2250 E0.00862 F1200
G1 X119.7423 Y112.0866 Z0.2250 E0.00861 F1200
G1 X119.5987 Y112.0327 Z0.2250 E0.00861 F1200
G1 X119.4538 Y111.9826 Z0.2250 E0.00860 F1200
G1 X119.3077 Y111.9363 Z0.2250 E0.00860 F1200
G1 X119.1606 Y111.8939 Z0.2250 E0.00860 F1200
G1 X119.0125 Y111.8554 Z0.2250 E0.00859 F1200
G1 X118.8635 Y111.8208 Z0.2250 E0.00859 F1200
G1 X118.7137 Y111.7901 Z0.2250 E0.00858 F1200
G1 X118.5632 Y111.7633 Z0.2250 E0.00858 F1200
G1 X118.4122 Y111.7405 Z0.2250 E0.00857 F1200
G1 X118.2607 Y111.7217 Z0.2250 E0.00857 F1200
G1 X118.1089 Y111.7069 Z0.2250 E0.00856 F1200
G1 X117.9568 Y111.6961 Z0.2250 E0.00856 F1200
G1 X117.8045 Y111.6892 Z0.2250 E0.00855 F1200
G1 X117.6522 Y111.6864 Z0.2250 E0.00855 F1200
G1 X117.5000 Y111.6875 Z0.2250 E0.00854 F1200
G1 X117.3479 Y111.6926 Z0.2250 E0.00854 F1200
G1 X117.1961 Y111.7017 Z0.2250 E0.00854 F1200
G1 X117.0447 Y111.7148 Z0.2250 E0.00853 F1200
G1 X116.8937 Y111.7318 Z0.2250 E0.00853 F1200
G1 X116.7434 Y111.7527 Z0.2250 E0.00852 F1200
G1 X116.5937 Y111.7776 Z0.2250 E0.00852 F1200
G1 X116.4447 Y111.8063 Z0.2250 E0.00851 F1200
G1 X116.2967 Y111.8390 Z0.2250 E0.00851 F1200
G1 X116.1497 Y111.8754 Z0.2250 E0.00850 F1200
G1 X116.0037 Y111.9157 Z0.2250 E0.00850 F1200
G1 X115.8589 Y111.9598 Z0.2250 E0.00849 F1200
G1 X115.7154 Y112.0076 Z0.2250 E0.00849 F1200
G1 X115.5733 Y112.0592 Z0.2250 E0.00848 F1200
G1 X115.4327 Y112.1144 Z0.2250 E0.00848 F1200
G1 X115.2936 Y112.1733 Z0.2250 E0.00848 F1200
G1 X115.1562 Y112.2357 Z0.2250 E0.00847 F1200
G1 X115.0205 Y112.3017 Z0.2250 E0.00847 F1200
G1 X114.8867 Y112.3711 Z0.2250 E0.00846 F1200
G1 X114.7548 Y112.4441 Z0.2250 E0.00846 F1200
G1 X114.6250 Y112.5204 Z0.2250 E0.00845 F1200
G1 X114.4973 Y112.6000 Z0.2250 E0.00845 F1200
G1 X114.3717 Y112.6829 Z0.2250 E0.00844 F1200
G1 X114.2485 Y112.7690 Z0.2250 E0.00844 F1200
G1 X114.1276 Y112.8583 Z0.2250 E0.00843 F1200
G1 X114.0091 Y112.9506 Z0.2250 E0.00843 F1200
G1 X113.8932 Y113.0460 Z0.2250 E0.00843 F1200
G1 X113.7799 Y113.1443 Z0.2250 E0.00842 F1200
G1 X113.6692 Y113.2455 Z0.2250 E0.00842 F1200
G1 X113.5613 Y113.3495 Z0.2250 E0.00841 F1200
G1 X113.4562 Y113.4562 Z0.2250 E0.00841 F1200
G1 X113.3540 Y113.5656 Z0.2250 E0.00840 F1200
G1 X113.2548 Y113.6776 Z0.2250 E0.00840 F1200
G1 X113.1586 Y113.7921 Z0.2250 E0.00839 F1200
G1 X113.0654 Y113.9089 Z0.2250 E0.00839 F1200
G1 X112.9754 Y114.0282 Z0.2250 E0.00838 F1200
G1 X112.8886 Y114.1496 Z0.2250 E0.00838 F1200
G1 X112.8051 Y114.2733 Z0.2250 E0.00837 F1200
G1 X112.7248 Y114.3990 Z0.2250 E0.00837 F1200
G1 X112.6479 Y114.5267 Z0.2250 E0.00837 F1200
G1 X112.5745 Y114.6563 Z0.2250 E0.00836 F1200
G1 X112.5045 Y114.7877 Z0.2250 E0.00836 F1200
G1 X112.4380 Y114.9208 Z0.2250 E0.00835 F1200
G1 X112.3750 Y115.0555 Z0.2250 E0.00835 F1200
G1 X112.3156 Y115.1918 Z0.2250 E0.00834 F1200
G1 X112.2599 Y115.3295 Z0.2250 E0.00834 F1200
G1 X112.2078 Y115.4685 Z0.2250 E0.00833 F1200
G1 X112.1593 Y115.6088 Z0.2250 E0.00833 F1200
G1 X112.1146 Y115.7502 Z0.2250 E0.00832 F1200
G1 X112.0737 Y115.8927 Z0.2250 E0.00832 F1200
G1 X112.0365 Y116.0361 Z0.2250 E0.00832 F1200
G1 X112.0031 Y116.1803 Z0.2250 E0.00831 F1200
G1 X111.9735 Y116.3253 Z0.2250 E0.00831 F1200
G1 X111.9477 Y116.4709 Z0.2250 E0.00830 F1200
G1 X111.9257 Y116.6171 Z0.2250 E0.00830 F1200
G1 X111.9076 Y116.7638 Z0.2250 E0.00829 F1200
G1 X111.8934 Y116.9107 Z0.2250 E0.00829 F1200
G1 X111.8830 Y117.0579 Z0.2250 E0.00828 F1200
G1 X111.8765 Y117.2053 Z0.2250 E0.00828 F1200
G1 X111.8738 Y117.3527 Z0.2250 E0.00827 F1200
G1 X111.8750 Y117.5000 Z0.2250 E0.00827 F1200
G1 X111.8801 Y117.6472 Z0.2250 E0.00826 F1200
G1 X111.8890 Y117.7941 Z0.2250 E0.00826 F1200
G1 X111.9017 Y117.9406 Z0.2250 E0.00826 F1200
G1 X111.9182 Y118.0867 Z0.2250 E0.00825 F1200
G1 X111.9386 Y118.2322 Z0.2250 E0.00825 F1200
G1 X111.9628 Y118.3770 Z0.2250 E0.00824 F1200
G1 X111.9907 Y118.5211 Z0.2250 E0.00824 F1200
G1 X112.0224 Y118.6643 Z0.2250 E0.00823 F1200
G1 X112.0578 Y118.8066 Z0.2250 E0.00823 F1200
G1 X112.0969 Y118.9478 Z0.2250 E0.00822 F1200
G1 X112.1396 Y119.0878 Z0.2250 E0.00822 F1200
G1 X112.1860 Y119.2266 Z0.2250 E0.00821 F1200
G1 X112.2359 Y119.3641 Z0.2250 E0.00821 F1200
G1 X112.2895 Y119.5001 Z0.2250 E0.00820 F1200
G1 X112.3465 Y119.6347 Z0.2250 E0.00820 F1200
G1 X112.4070 Y119.7676 Z0.2250 E0.00820 F1200
G1 X112.4709 Y119.8988 Z0.2250 E0.00819 F1200
G1 X112.5382 Y120.0282 Z0.2250 E0.00819 F1200
G1 X112.6088 Y120.1557 Z0.2250 E0.00818 F1200
G1 X112.6827 Y120.2812 Z0.2250 E0.00818 F1200
G1 X112.7599 Y120.4048 Z0.2250 E0.00817 F1200
G1 X112.8401 Y120.5262 Z0.2250 E0.00817 F1200
G1 X112.9235 Y120.6453 Z0.2250 E0.00816 F1200
G1 X113.0100 Y120.7622 Z0.2250 E0.00816 F1200
G1 X113.0994 Y120.8767 Z0.2250 E0.00815 F1200
G1 X113.1917 Y120.9888 Z0.2250 E0.00815 F1200
G1 X113.2869 Y121.0983 Z0.2250 E0.00815 F1200
G1 X113.3848 Y121.2053 Z0.2250 E0.00814 F1200
G1 X113.4855 Y121.3096 Z0.2250 E0.00814 F1200
G1 X113.5888 Y121.4112 Z0.2250 E0.00813 F1200
G1 X113.6947 Y121.5100 Z0.2250 E0.00813 F1200
G1 X113.8031 Y121.6059 Z0.2250 E0.00812 F1200
G1 X113.9138 Y121.6989 Z0.2250 E0.00812 F1200
G1 X114.0269 Y121.7889 Z0.2250 E0.00811 F1200
G1 X114.1423 Y121.8758 Z0.2250 E0.00811 F1200
G1 X114.2598 Y121.9597 Z0.2250 E0.00810 F1200
G1 X114.3795 Y122.0404 Z0.2250 E0.00810 F1200
G1 X114.5011 Y122.1179 Z0.2250 E0.00809 F1200
G1 X114.6246 Y122.1922 Z0.2250 E0.00809 F1200
G1 X114.7500 Y122.2631 Z0.2250 E0.00809 F1200
G1 X114.8771 Y122.3307 Z0.2250 E0.00808 F1200
G1 X115.0059 Y122.3950 Z0.2250 E0.00808 F1200
G1 X115.1362 Y122.4558 Z0.2250 E0.00807 F1200
G1 X115.2680 Y122.5131 Z0.2250 E0.00807 F1200
G1 X115.4012 Y122.5669 Z0.2250 E0.00806 F1200
G1 X115.5357 Y122.6172 Z0.2250 E0.00806 F1200
G1 X115.6714 Y122.6639 Z0.2250 E0.00805 F1200
G1 X115.8081 Y122.7070 Z0.2250 E0.00805 F1200
G1 X115.9459 Y122.7465 Z0.2250 E0.00804 F1200
G1 X116.0846 Y122.7824 Z0.2250 E0.00804 F1200
G1 X116.2241 Y122.8146 Z0.2250 E0.00804 F1200
G1 X116.3643 Y122.8431 Z0.2250 E0.00803 F1200
G1 X116.5051 Y122.8680 Z0.2250 E0.00803 F1200
G1 X116.6465 Y122.8891 Z0.2250 E0.00802 F1200
G1 X116.7882 Y122.9065 Z0.2250 E0.00802 F1200
G1 X116.9303 Y122.9201 Z0.2250 E0.00801 F1200
G1 X117.0726 Y122.9301 Z0.2250 E0.00801 F1200
G1 X117.2151 Y122.9363 Z0.2250 E0.00800 F1200
G1 X117.3576 Y122.9388 Z0.2250 E0.00800 F1200
G1 X117.5000 Y122.9375 Z0.2250 E0.00799 F1200
G1 X117.6423 Y122.9325 Z0.2250 E0.00799 F1200
G1 X117.7842 Y122.9238 Z0.2250 E0.00798 F1200
G1 X117.9259 Y122.9114 Z0.2250 E0.00798 F1200
G1 X118.0671 Y122.8953 Z0.2250 E0.00798 F1200
G1 X118.2077 Y122.8755 Z0.2250 E0.00797 F1200
G1 X118.3477 Y122.8520 Z0.2250 E0.00797 F1200
G1 X118.4869 Y122.8249 Z0.2250 E0.00796 F1200
G1 X118.6253 Y122.7942 Z0.2250 E0.00796 F1200
G1 X118.7628 Y122.7599 Z0.2250 E0.00795 F1200
G1 X118.8992 Y122.7220 Z0.2250 E0.00795 F1200
G1 X119.0346 Y122.6806 Z0.2250 E0.00794 F1200
G1 X119.1687 Y122.6357 Z0.2250 E0.00794 F1200
G1 X119.3015 Y122.5873 Z0.2250 E0.00793 F1200
G1 X119.4329 Y122.5355 Z0.2250 E0.00793 F1200
G1 X119.5629 Y122.4803 Z0.2250 E0.00792 F1200
G1 X119.6913 Y122.4217 Z0.2250 E0.00792 F1200
G1 X119.8180 Y122.3599 Z0.2250 E0.00792 F1200
G1 X119.9430 Y122.2947 Z0.2250 E0.00791 F1200
G1 X120.0662 Y122.2264 Z0.2250 E0.00791 F1200
G1 X120.1875 Y122.1549 Z0.2250 E0.00790 F1200
G1 X120.3068 Y122.0803 Z0.2250 E0.00790 F1200
G1 X120.4240 Y122.0026 Z0.2250 E0.00789 F1200
G1 X120.5391 Y121.9220 Z0.2250 E0.00789 F1200
G1 X120.6520 Y121.8384 Z0.2250 E0.00788 F1200
G1 X120.7626 Y121.7519 Z0.2250 E0.00788 F1200
G1 X120.8708 Y121.6626 Z0.2250 E0.00787 F1200
G1 X120.9766 Y121.5705 Z0.2250 E0.00787 F1200
G1 X121.0798 Y121.4758 Z0.2250 E0.00787 F1200
G1 X121.1805 Y121.3785 Z0.2250 E0.00786 F1200
G1 X121.2786 Y121.2786 Z0.2250 E0.00786 F1200
G1 X121.3740 Y121.1762 Z0.2250 E0.00785 F1200
G1 X121.4665 Y121.0715 Z0.2250 E0.00785 F1200
G1 X121.5563 Y120.9644 Z0.2250 E0.00784 F1200
G1 X121.6432 Y120.8551 Z0.2250 E0.00784 F1200
G1 X121.7271 Y120.7436 Z0.2250 E0.00783 F1200
G1 X121.8080 Y120.6300 Z0.2250 E0.00783 F1200
G1 X121.8859 Y120.5143 Z0.2250 E0.00782 F1200
G1 X121.9607 Y120.3968 Z0.2250 E0.00782 F1200
G1 X122.0323 Y120.2774 Z0.2250 E0.00781 F1200
G1 X122.1008 Y120.1562 Z0.2250 E0.00781 F1200
G1 X122.1660 Y120.0334 Z0.2250 E0.00781 F1200
G1 X122.2279 Y119.9090 Z0.2250 E0.00780 F1200
G1 X122.2865 Y119.7831 Z0.2250 E0.00780 F1200
G1 X122.3418 Y119.6557 Z0.2250 E0.00779 F1200
G1 X122.3937 Y119.5270 Z0.2250 E0.00779 F1200
G1 X122.4421 Y119.3971 Z0.2250 E0.00778 F1200
G1 X122.4872 Y119.2660 Z0.2250 E0.00778 F1200
G1 X122.5287 Y119.1339 Z0.2250 E0.00777 F1200
G1 X122.5668 Y119.0008 Z0.2250 E0.00777 F1200
G1 X122.6013 Y118.8669 Z0.2250 E0.00776 F1200
G1 X122.6323 Y118.7322 Z0.2250 E0.00776 F1200
G1 X122.6597 Y118.5967 Z0.2250 E0.00776 F1200
G1 X122.6836 Y118.4607 Z0.2250 E0.00775 F1200
G1 X122.7039 Y118.3242 Z0.2250 E0.00775 F1200
G1 X122.7206 Y118.1873 Z0.2250 E0.00774 F1200
G1 X122.7337 Y118.0501 Z0.2250 E0.00774 F1200
G1 X122.7432 Y117.9126 Z0.2250 E0.00773 F1200
G1 X122.7490 Y117.7751 Z0.2250 E0.00773 F1200
G1 X122.7513 Y117.6375 Z0.2250 E0.00772 F1200
G1 X122.7500 Y117.5000 Z0.2250 E0.00772 F1200
G1 X122.7451 Y117.3627 Z0.2250 E0.00771 F1200
G1 X122.7366 Y117.2256 Z0.2250 E0.00771 F1200
G1 X122.7245 Y117.0888 Z0.2250 E0.00770 F1200
G1 X122.7088 Y116.9525 Z0.2250 E0.00770 F1200
G1 X122.6896 Y116.8168 Z0.2250 E0.00770 F1200
G1 X122.6668 Y116.6817 Z0.2250 E0.00769 F1200
G1 X122.6406 Y116.5472 Z0.2250 E0.00769 F1200
G1 X122.6108 Y116.4137 Z0.2250 E0.00768 F1200
G1 X122.5776 Y116.2810 Z0.2250 E0.00768 F1200
G1 X122.5409 Y116.1493 Z0.2250 E0.00767 F1200
G1 X122.5008 Y116.0187 Z0.2250 E0.00767 F1200
G1 X122.4574 Y115.8892 Z0.2250 E0.00766 F1200
G1 X122.4106 Y115.7611 Z0.2250 E0.00766 F1200
G1 X122.3605 Y115.6342 Z0.2250 E0.00765 F1200
G1 X122.3071 Y115.5089 Z0.2250 E0.00765 F1200
G1 X122.2504 Y115.3850 Z0.2250 E0.00764 F1200
G1 X122.1906 Y115.2627 Z0.2250 E0.00764 F1200
G1 X122.1277 Y115.1421 Z0.2250 E0.00764 F1200
G1 X122.0616 Y115.0232 Z0.2250 E0.00763 F1200
G1 X121.9925 Y114.9063 Z0.2250 E0.00763 F1200
G1 X121.9204 Y114.7912 Z0.2250 E0.00762 F1200
G1 X121.8454 Y114.6781 Z0.2250 E0.00762 F1200
G1 X121.7674 Y114.5671 Z0.2250 E0.00761 F1200
G1 X121.6867 Y114.4582 Z0.2250 E0.00761 F1200
G1 X121.6031 Y114.3516 Z0.2250 E0.00760 F1200
G1 X121.5169 Y114.2472 Z0.2250 E0.00760 F1200
G1 X121.4280 Y114.1452 Z0.2250 E0.00759 F1200
G1 X121.3365 Y114.0456 Z0.2250 E0.00759 F1200
G1 X121.2425 Y113.9485 Z0.2250 E0.00759 F1200
G1 X121.1460 Y113.8540 Z0.2250 E0.00758 F1200
G1 X121.0472 Y113.7621 Z0.2250 E0.00758 F1200
G1 X120.9460 Y113.6728 Z0.2250 E0.00757 F1200
G1 X120.8426 Y113.5863 Z0.2250 E0.00757 F1200
G1 X120.7371 Y113.5026 Z0.2250 E0.00756 F1200
G1 X120.6294 Y113.4217 Z0.2250 E0.00756 F1200
G1 X120.5197 Y113.3437 Z0.2250 E0.00755 F1200
G1 X120.4081 Y113.2686 Z0.2250 E0.00755 F1200
G1 X120.2947 Y113.1966 Z0.2250 E0.00754 F1200
G1 X120.1794 Y113.1276 Z0.2250 E0.00754 F1200
G1 X120.0625 Y113.0616 Z0.2250 E0.00753 F1200
G1 X119.9439 Y112.9988 Z0.2250 E0.00753 F1200
G1 X119.8239 Y112.9392 Z0.2250 E0.00753 F1200
G1 X119.7023 Y112.8827 Z0.2250 E0.00752 F1200
G1 X119.5794 Y112.8295 Z0.2250 E0.00752 F1200
G1 X119.4553 Y112.7796 Z0.2250 E0.00751 F1200
G1 X119.3299 Y112.7329 Z0.2250 E0.00751 F1200
G1 X119.2035 Y112.6896 Z0.2250 E0.00750 F1200
G1 X119.0760 Y112.6496 Z0.2250 E0.00750 F1200
G1 X118.9476 Y112.6130 Z0.2250 E0.00749 F1200
G1 X118.8184 Y112.5798 Z0.2250 E0.00749 F1200
G1 X118.6884 Y112.5500 Z0.2250 E0.00748 F1200
G1 X118.5578 Y112.5237 Z0.2250 E0.00748 F1200
G1 X118.4266 Y112.5008 Z0.2250 E0.00748 F1200
G1 X118.2949 Y112.4813 Z0.2250 E0.00747 F1200
G1 X118.1628 Y112.4653 Z0.2250 E0.00747 F1200
G1 X118.0305 Y112.4528 Z0.2250 E0.00746 F1200
G1 X117.8979 Y112.4438 Z0.2250 E0.00746 F1200
G1 X117.7653 Y112.4382 Z0.2250 E0.00745 F1200
G1 X117.6326 Y112.4361 Z0.2250 E0.00745 F1200
G1 X117.5000 Y112.4375 Z0.2250 E0.00744 F1200
G1 X117.3676 Y112.4424 Z0.2250 E0.00744 F1200
G1 X117.2354 Y112.4507 Z0.2250 E0.00743 F1200
G1 X117.1035 Y112.4625 Z0.2250 E0.00743 F1200
G1 X116.9721 Y112.4777 Z0.2250 E0.00742 F1200
G1 X116.8413 Y112.4963 Z0.2250 E0.00742 F1200
G1 X116.7110 Y112.5183 Z0.2250 E0.00742 F1200
G1 X116.5814 Y112.5438 Z0.2250 E0.00741 F1200
G1 X116.4526 Y112.5726 Z0.2250 E0.00741 F1200
G1 X116.3247 Y112.6047 Z0.2250 E0.00740 F1200
G1 X116.1978 Y112.6402 Z0.2250 E0.00740 F1200
G1 X116.0719 Y112.6789 Z0.2250 E0.00739 F1200
G1 X115.9472 Y112.7209 Z0.2250 E0.00739 F1200
G1 X115.8237 Y112.7662 Z0.2250 E0.00738 F1200
G1 X115.7014 Y112.8146 Z0.2250 E0.00738 F1200
G1 X115.5806 Y112.8662 Z0.2250 E0.00737 F1200
G1 X115.4612 Y112.9209 Z0.2250 E0.00737 F1200
G1 X115.3434 Y112.9786 Z0.2250 E0.00736 F1200
G1 X115.2272 Y113.0394 Z0.2250 E0.00736 F1200
G1 X115.1127 Y113.1032 Z0.2250 E0.00736 F1200
G1 X115.0000 Y113.1699 Z0.2250 E0.00735 F1200
G1 X114.8891 Y113.2395 Z0.2250 E0.00735 F1200
G1 X114.7802 Y113.3119 Z0.2250 E0.00734 F1200
G1 X114.6733 Y113.3871 Z0.2250 E0.00734 F1200
G1 X114.5684 Y113.4650 Z0.2250 E0.00733 F1200
G1 X114.4657 Y113.5456 Z0.2250 E0.00733 F1200
G1 X114.3652 Y113.6288 Z0.2250 E0.00732 F1200
G1 X114.2670 Y113.7146 Z0.2250 E0.00732 F1200
G1 X114.1711 Y113.8029 Z0.2250 E0.00731 F1200
G1 X114.0776 Y113.8935 Z0.2250 E0.00731 F1200
G1 X113.9866 Y113.9866 Z0.2250 E0.00731 F1200
G1 X113.8981 Y114.0819 Z0.2250 E0.00730 F1200
G1 X113.8121 Y114.1794 Z0.2250 E0.00730 F1200
G1 X113.7289 Y114.2791 Z0.2250 E0.00729 F1200
G1 X113.6483 Y114.3809 Z0.2250 E0.00729 F1200
G1 X113.5704 Y114.4847 Z0.2250 E0.00728 F1200
G1 X113.4954 Y114.5905 Z0.2250 E0.00728 F1200
G1 X113.4232 Y114.6981 Z0.2250 E0.00727 F1200
G1 X113.3538 Y114.8074 Z0.2250 E0.00727 F1200
G1 X113.2874 Y114.9185 Z0.2250 E0.00726 F1200
G1 X113.2240 Y115.0313 Z0.2250 E0.00726 F1200
G1 X113.1636 Y115.1455 Z0.2250 E0.00725 F1200
G1 X113.1062 Y115.2613 Z0.2250 E0.00725 F1200
G1 X113.0519 Y115.3784 Z0.2250 E0.00725 F1200
G1 X113.0008 Y115.4968 Z0.2250 E0.00724 F1200
G1 X112.9528 Y115.6165 Z0.2250 E0.00724 F1200
G1 X112.9080 Y115.7373 Z0.2250 E0.00723 F1200
G1 X112.8663 Y115.8591 Z0.2250 E0.00723 F1200
G1 X112.8279 Y115.9820 Z0.2250 E0.00722 F1200
G1 X112.7928 Y116.1057 Z0.2250 E0.00722 F1200
G1 X112.7609 Y116.2302 Z0.2250 E0.00721 F1200
G1 X112.7323 Y116.3554 Z0.2250 E0.00721 F1200
G1 X112.7071 Y116.4812 Z0.2250 E0.00720 F1200
G1 X112.6851 Y116.6076 Z0.2250 E0.00720 F1200
G1 X112.6665 Y116.7344 Z0.2250 E0.00720 F1200
G1 X112.6512 Y116.8616 Z0.2250 E0.00719 F1200
G1 X112.6393 Y116.9891 Z0.2250 E0.00719 F1200
G1 X112.6307 Y117.1168 Z0.2250 E0.00718 F1200
G1 X112.6254 Y117.2445 Z0.2250 E0.00718 F1200
G1 X112.6235 Y117.3723 Z0.2250 E0.00717 F1200
G1 X112.6250 Y117.5000 Z0.2250 E0.00717 F1200
G1 X112.6298 Y117.6275 Z0.2250 E0.00716 F1200
G1 X112.6379 Y117.7548 Z0.2250 E0.00716 F1200
G1 X112.6494 Y117.8818 Z0.2250 E0.00715 F1200
G1 X112.6641 Y118.0083 Z0.2250 E0.00715 F1200
G1 X112.6822 Y118.1343 Z0.2250 E0.00714 F1200
G1 X112.7035 Y118.2597 Z0.2250 E0.00714 F1200
G1 X112.7281 Y118.3844 Z0.2250 E0.00714 F1200
G1 X112.7560 Y118.5084 Z0.2250 E0.00713 F1200
G1 X112.7870 Y118.6315 Z0.2250 E0.00713 F1200
G1 X112.8213 Y118.7537 Z0.2250 E0.00712 F1200
G1 X112.8587 Y118.8748 Z0.2250 E0.00712 F1200
G1 X112.8993 Y118.9949 Z0.2250 E0.00711 F1200
G1 X112.9429 Y119.1137 Z0.2250 E0.00711 F1200
G1 X112.9896 Y119.2314 Z0.2250 E0.00710 F1200
G1 X113.0394 Y119.3476 Z0.2250 E0.00710 F1200
G1 X113.0921 Y119.4625 Z0.2250 E0.00709 F1200
G1 X113.1478 Y119.5759 Z0.2250 E0.00709 F1200
G1 X113.2065 Y119.6877 Z0.2250 E0.00708 F1200
G1 X113.2679 Y119.7978 Z0.2250 E0.00708 F1200
G1 X113.3323 Y119.9062 Z0.2250 E0.00708 F1200
G1 X113.3993 Y120.0129 Z0.2250 E0.00707 F1200
G1 X113.4691 Y120.1177 Z0.2250 E0.00707 F1200
G1 X113.5416 Y120.2205 Z0.2250 E0.00706 F1200
G1 X113.6167 Y120.3214 Z0.2250 E0.00706 F1200
G1 X113.6944 Y120.4202 Z0.2250 E0.00705 F1200
G1 X113.7746 Y120.5168 Z0.2250 E0.00705 F1200
G1 X113.8572 Y120.6113 Z0.2250 E0.00704 F1200
G1 X113.9422 Y120.7035 Z0.2250 E0.00704 F1200
G1 X114.0295 Y120.7933 Z0.2250 E0.00703 F1200
G1 X114.1191 Y120.8809 Z0.2250 E0.00703 F1200
G1 X114.2110 Y120.9659 Z0.2250 E0.00703 F1200
G1 X114.3049 Y121.0485 Z0.2250 E0.00702 F1200
G1 X114.4009 Y121.1286 Z0.2250 E0.00702 F1200
G1 X114.4989 Y121.2060 Z0.2250 E0.00701 F1200
G1 X114.5989 Y121.2808 Z0.2250 E0.00701 F1200
G1 X114.7007 Y121.3529 Z0.2250 E0.00700 F1200
G1 X114.8043 Y121.4223 Z0.2250 E0.00700 F1200
G1 X114.9096 Y121.4889 Z0.2250 E0.00699 F1200
G1 X115.0165 Y121.5527 Z0.2250 E0.00699 F1200
G1 X115.1250 Y121.6136 Z0.2250 E0.00698 F1200
G1 X115.2350 Y121.6716 Z0.2250 E0.00698 F1200
G1 X115.3464 Y121.7267 Z0.2250 E0.00697 F1200
G1 X115.4591 Y121.7788 Z0.2250 E0.00697 F1200
G1 X115.5731 Y121.8279 Z0.2250 E0.00697 F1200
G1 X115.6882 Y121.8740 Z0.2250 E0.00696 F1200
G1 X115.8045 Y121.9170 Z0.2250 E0.00696 F1200
G1 X115.9217 Y121.9569 Z0.2250 E0.00695 F1200
G1 X116.0399 Y121.9937 Z0.2250 E0.00695 F1200
G1 X116.1589 Y122.0274 Z0.2250 E0.00694 F1200
G1 X116.2787 Y122.0580 Z0.2250 E0.00694 F1200
G1 X116.3992 Y122.0853 Z0.2250 E0.00693 F1200
G1 X116.5202 Y122.1095 Z0.2250 E0.00693 F1200
G1 X116.6418 Y122.1305 Z0.2250 E0.00692 F1200
G1 X116.7638 Y122.1483 Z0.2250 E0.00692 F1200
G1 X116.8861 Y122.1629 Z0.2250 E0.00692 F1200
G1 X117.0087 Y122.1743 Z0.2250 E0.00691 F1200
G1 X117.1315 Y122.1824 Z0.2250 E0.00691 F1200
G1 X117.2543 Y122.1873 Z0.2250 E0.00690 F1200
G1 X117.3772 Y122.1890 Z0.2250 E0.00690 F1200
G1 X117.5000 Y122.1875 Z0.2250 E0.00689 F1200
G1 X117.6226 Y122.1828 Z0.2250 E0.00689 F1200
G1 X117.7450 Y122.1748 Z0.2250 E0.00688 F1200
G1 X117.8670 Y122.1637 Z0.2250 E0.00688 F1200
G1 X117.9887 Y122.1494 Z0.2250 E0.00687 F1200
G1 X118.1098 Y122.1319 Z0.2250 E0.00687 F1200
G1 X118.2304 Y122.1113 Z0.2250 E0.00686 F1200
G1 X118.3502 Y122.0875 Z0.2250 E0.00686 F1200
G1 X118.4694 Y122.0606 Z0.2250 E0.00686 F1200
G1 X118.5877 Y122.0306 Z0.2250 E0.00685 F1200
G1 X118.7051 Y121.9976 Z0.2250 E0.00685 F1200
G1 X118.8216 Y121.9615 Z0.2250 E0.00684 F1200
G1 X118.9369 Y121.9224 Z0.2250 E0.00684 F1200
G1 X119.0512 Y121.8803 Z0.2250 E0.00683 F1200
G1 X119.1642 Y121.8353 Z0.2250 E0.00683 F1200
G1 X119.2759 Y121.7874 Z0.2250 E0.00682 F1200
G1 X119.3862 Y121.7366 Z0.2250 E0.00682 F1200
G1 X119.4951 Y121.6829 Z0.2250 E0.00681 F1200
G1 X119.6025 Y121.6265 Z0.2250 E0.00681 F1200
G1 X119.7084 Y121.5673 Z0.2250 E0.00680 F1200
G1 X119.8125 Y121.5054 Z0.2250 E0.00680 F1200
G1 X119.9149 Y121.4408 Z0.2250 E0.00680 F1200
G1 X120.0156 Y121.3736 Z0.2250 E0.00679 F1200
G1 X120.1143 Y121.3039 Z0.2250 E0.00679 F1200
G1 X120.2112 Y121.2316 Z0.2250 E0.00678 F1200
G1 X120.3060 Y121.1569 Z0.2250 E0.00678 F1200
G1 X120.3988 Y121.0797 Z0.2250 E0.00677 F1200
G1 X120.4895 Y121.0002 Z0.2250 E0.00677 F1200
G1 X120.5780 Y120.9185 Z0.2250 E0.00676 F1200
G1 X120.6643 Y120.8345 Z0.2250 E0.00676 F1200
G1 X120.7483 Y120.7483 Z0.2250 E0.00675 F1200
G1 X120.8299 Y120.6600 Z0.2250 E0.00675 F1200
G1 X120.9092 Y120.5696 Z0.2250 E0.00675 F1200
G1 X120.9860 Y120.4773 Z0.2250 E0.00674 F1200
G1 X121.0603 Y120.3831 Z0.2250 E0.00674 F1200
G1 X121.1321 Y120.2870 Z0.2250 E0.00673 F1200
G1 X121.2013 Y120.1891 Z0.2250 E0.00673 F1200
G1 X121.2678 Y120.0895 Z0.2250 E0.00672 F1200
G1 X121.3317 Y119.9883 Z0.2250 E0.00672 F1200
G1 X121.3928 Y119.8855 Z0.2250 E0.00671 F1200
G1 X121.4512 Y119.7812 Z0.2250 E0.00671 F1200
G1 X121.5069 Y119.6755 Z0.2250 E0.00670 F1200
G1 X121.5596 Y119.5685 Z0.2250 E0.00670 F1200
G1 X121.6096 Y119.4602 Z0.2250 E0.00669 F1200
G1 X121.6566 Y119.3507 Z0.2250 E0.00669 F1200
G1 X121.7008 Y119.2400 Z0.2250 E0.00669 F1200
G1 X121.7420 Y119.1283 Z0.2250 E0.00668 F1200
G1 X121.7802 Y119.0157 Z0.2250 E0.00668 F1200
G1 X121.8154 Y118.9022 Z0.2250 E0.00667 F1200
G1 X121.8476 Y118.7878 Z0.2250 E0.00667 F1200
G1 X121.8769 Y118.6728 Z0.2250 E0.00666 F1200
G1 X121.9030 Y118.5571 Z0.2250 E0.00666 F1200
G1 X121.9261 Y118.4408 Z0.2250 E0.00665 F1200
G1 X121.9462 Y118.3240 Z0.2250 E0.00665 F1200
G1 X121.9631 Y118.2069 Z0.2250 E0.00664 F1200
G1 X121.9770 Y118.0894 Z0.2250 E0.00664 F1200
G1 X121.9878 Y117.9717 Z0.2250 E0.00664 F1200
G1 X121.9955 Y117.8538 Z0.2250 E0.00663 F1200
G1 X122.0001 Y117.7358 Z0.2250 E0.00663 F1200
G1 X122.0016 Y117.6179 Z0.2250 E0.00662 F1200
G1 X122.0000 Y117.5000 Z0.2250 E0.00662 F1200
G1 X121.9953 Y117.3823 Z0.2250 E0.00661 F1200
G1 X121.9876 Y117.2648 Z0.2250 E0.00661 F1200
G1 X121.9768 Y117.1477 Z0.2250 E0.00660 F1200
G1 X121.9629 Y117.0309 Z0.2250 E0.00660 F1200
G1 X121.9460 Y116.9147 Z0.2250 E0.00659 F1200
G1 X121.9261 Y116.7990 Z0.2250 E0.00659 F1200
G1 X121.9031 Y116.6839 Z0.2250 E0.00658 F1200
G1 X121.8772 Y116.5696 Z0.2250 E0.00658 F1200
G1 X121.8483 Y116.4561 Z0.2250 E0.00658 F1200
G1 X121.8165 Y116.3434 Z0.2250 E0.00657 F1200
G1 X121.7817 Y116.2317 Z0.2250 E0.00657 F1200
G1 X121.7441 Y116.1210 Z0.2250 E0.00656 F1200
G1 X121.7036 Y116.0114 Z0.2250 E0.00656 F1200
G1 X121.6603 Y115.9030 Z0.2250 E0.00655 F1200
G1 X121.6142 Y115.7959 Z0.2250 E0.00655 F1200
G1 X121.5653 Y115.6900 Z0.2250 E0.00654 F1200
G1 X121.5137 Y115.5856 Z0.2250 E0.00654 F1200
G1 X121.4594 Y115.4826 Z0.2250 E0.00653 F1200
G1 X121.4025 Y115.3811 Z0.2250 E0.00653 F1200
G1 X121.3430 Y115.2813 Z0.2250 E0.00652 F1200
G1 X121.2809 Y115.1830 Z0.2250 E0.00652 F1200
G1 X121.2164 Y115.0866 Z0.2250 E0.00652 F1200
G1 X121.1493 Y114.9919 Z0.2250 E0.00651 F1200
G1 X121.0799 Y114.8991 Z0.2250 E0.00651 F1200
G1 X121.0081 Y114.8081 Z0.2250 E0.00650 F1200
G1 X120.9340 Y114.7192 Z0.2250 E0.00650 F1200
G1 X120.8577 Y114.6323 Z0.2250 E0.00649 F1200
G1 X120.7791 Y114.5475 Z0.2250 E0.00649 F1200
G1 X120.6984 Y114.4648 Z0.2250 E0.00648 F1200
G1 X120.6157 Y114.3843 Z0.2250 E0.00648 F1200
G1 X120.5309 Y114.3061 Z0.2250 E0.00647 F1200
G1 X120.4442 Y114.2302 Z0.2250 E0.00647 F1200
G1 X120.3555 Y114.1566 Z0.2250 E0.00647 F1200
G1 X120.2651 Y114.0854 Z0.2250 E0.00646 F1200
G1 X120.1728 Y114.0167 Z0.2250 E0.00646 F1200
G1 X120.0789 Y113.9504 Z0.2250 E0.00645 F1200
G1 X119.9833 Y113.8867 Z0.2250 E0.00645 F1200
G1 X119.8862 Y113.8256 Z0.2250 E0.00644 F1200
G1 X119.7876 Y113.7670 Z0.2250 E0.00644 F1200
G1 X119.6875 Y113.7111 Z0.2250 E0.00643 F1200
G1 X119.5861 Y113.6579 Z0.2250 E0.00643 F1200
G1 X119.4834 Y113.6074 Z0.2250 E0.00642 F1200
G1 X119.3795 Y113.5597 Z0.2250 E0.00642 F1200
G1 X119.2744 Y113.5147 Z0.2250 E0.00641 F1200
G1 X119.1683 Y113.4725 Z0.2250 E0.00641 F1200
G1 X119.0611 Y113.4331 Z0.2250 E0.00641 F1200
G1 X118.9531 Y113.3966 Z0.2250 E0.00640 F1200
G1 X118.8442 Y113.3629 Z0.2250 E0.00640 F1200
G1 X118.7346 Y113.3321 Z0.2250 E0.00639 F1200
G1 X118.6242 Y113.3043 Z0.2250 E0.00639 F1200
G1 X118.5133 Y113.2793 Z0.2250 E0.00638 F1200
G1 X118.4018 Y113.2573 Z0.2250 E0.00638 F1200
G1 X118.2899 Y113.2382 Z0.2250 E0.00637 F1200
G1 X118.1776 Y113.2221 Z0.2250 E0.00637 F1200
G1 X118.0649 Y113.2089 Z0.2250 E0.00636 F1200
G1 X117.9521 Y113.1987 Z0.2250 E0.00636 F1200
G1 X117.8391 Y113.1914 Z0.2250 E0.00636 F1200
G1 X117.7260 Y113.1872 Z0.2250 E0.00635 F1200
G1 X117.6130 Y113.1859 Z0.2250 E0.00635 F1200
G1 X117.5000 Y113.1875 Z0.2250 E0.00634 F1200
G1 X117.3872 Y113.1921 Z0.2250 E0.00634 F1200
G1 X117.2746 Y113.1997 Z0.2250 E0.00633 F1200
G1 X117.1624 Y113.2101 Z0.2250 E0.00633 F1200
G1 X117.0505 Y113.2236 Z0.2250 E0.00632 F1200
G1 X116.9391 Y113.2399 Z0.2250 E0.00632 F1200
G1 X116.8283 Y113.2591 Z0.2250 E0.00631 F1200
G1 X116.7181 Y113.2812 Z0.2250 E0.00631 F1200
G1 X116.6086 Y113.3062 Z0.2250 E0.00630 F1200
G1 X116.4998 Y113.3340 Z0.2250 E0.00630 F1200
G1 X116.3919 Y113.3646 Z0.2250 E0.00630 F1200
G1 X116.2849 Y113.3980 Z0.2250 E0.00629 F1200
G1 X116.1790 Y113.4342 Z0.2250 E0.00629 F1200
G1 X116.0740 Y113.4732 Z0.2250 E0.00628 F1200
G1 X115.9702 Y113.5148 Z0.2250 E0.00628 F1200
G1 X115.8676 Y113.5591 Z0.2250 E0.00627 F1200
G1 X115.7663 Y113.6060 Z0.2250 E0.00627 F1200
G1 X115.6663 Y113.6556 Z0.2250 E0.00626 F1200
G1 X115.5677 Y113.7077 Z0.2250 E0.00626 F1200
G1 X115.4706 Y113.7623 Z0.2250 E0.00625 F1200
G1 X115.3750 Y113.8194 Z0.2250 E0.00625 F1200
G1 X115.2810 Y113.8789 Z0.2250 E0.00624 F1200
G1 X115.1887 Y113.9409 Z0.2250 E0.00624 F1200
G1 X115.0981 Y114.0052 Z0.2250 E0.00624 F1200
G1 X115.0093 Y114.0718 Z0.2250 E0.00623 F1200
G1 X114.9223 Y114.1406 Z0.2250 E0.00623 F1200
G1 X114.8372 Y114.2117 Z0.2250 E0.00622 F1200
G1 X114.7541 Y114.2849 Z0.2250 E0.00622 F1200
G1 X114.6729 Y114.3602 Z0.2250 E0.00621 F1200
G1 X114.5939 Y114.4376 Z0.2250 E0.00621 F1200
G1 X114.5169 Y114.5169 Z0.2250 E0.00620 F1200
G1 X114.4421 Y114.5982 Z0.2250 E0.00620 F1200
G1 X114.3695 Y114.6813 Z0.2250 E0.00619 F1200
G1 X114.2992 Y114.7662 Z0.2250 E0.00619 F1200
G1 X114.2311 Y114.8529 Z0.2250 E0.00619 F1200
G1 X114.1654 Y114.9413 Z0.2250 E0.00618 F1200
G1 X114.1021 Y115.0313 Z0.2250 E0.00618 F1200
G1 X114.0412 Y115.1229 Z0.2250 E0.00617 F1200
G1 X113.9828 Y115.2159 Z0.2250 E0.00617 F1200
G1 X113.9269 Y115.3104 Z0.2250 E0.00616 F1200
G1 X113.8735 Y115.4062 Z0.2250 E0.00616 F1200
G1 X113.8227 Y115.5034 Z0.2250 E0.00615 F1200
G1 X113.7745 Y115.6018 Z0.2250 E0.00615 F1200
G1 X113.7289 Y115.7013 Z0.2250 E0.00614 F1200
G1 X113.6859 Y115.8019 Z0.2250 E0.00614 F1200
G1 X113.6457 Y115.9035 Z0.2250 E0.00613 F1200
G1 X113.6081 Y116.0061 Z0.2250 E0.00613 F1200
G1 X113.5733 Y116.1095 Z0.2250 E0.00613 F1200
G1 X113.5412 Y116.2137 Z0.2250 E0.00612 F1200
G1 X113.5119 Y116.3187 Z0.2250 E0.00612 F1200
G1 X113.4854 Y116.4243 Z0.2250 E0.00611 F1200
G1 X113.4616 Y116.5305 Z0.2250 E0.00611 F1200
G1 X113.4407 Y116.6372 Z0.2250 E0.00610 F1200
G1 X113.4226 Y116.7443 Z0.2250 E0.00610 F1200
G1 X113.4073 Y116.8518 Z0.2250 E0.00609 F1200
G1 X113.3948 Y116.9595 Z0.2250 E0.00609 F1200
G1 X113.3852 Y117.0675 Z0.2250 E0.00608 F1200
G1 X113.3784 Y117.1756 Z0.2250 E0.00608 F1200
G1 X113.3744 Y117.2838 Z0.2250 E0.00608 F1200
G1 X113.3733 Y117.3919 Z0.2250 E0.00607 F1200
G1 X113.3750 Y117.5000 Z0.2250 E0.00607 F1200
G1 X113.3795 Y117.6079 Z0.2250 E0.00606 F1200
G1 X113.3869 Y117.7156 Z0.2250 E0.00606 F1200
G1 X113.3971 Y117.8229 Z0.2250 E0.00605 F1200
G1 X113.4100 Y117.9299 Z0.2250 E0.00605 F1200
G1 X113.4258 Y118.0364 Z0.2250 E0.00604 F1200
G1 X113.4443 Y118.1424 Z0.2250 E0.00604 F1200
G1 X113.4656 Y118.2477 Z0.2250 E0.00603 F1200
G1 X113.4896 Y118.3524 Z0.2250 E0.00603 F1200
G1 X113.5163 Y118.4564 Z0.2250 E0.00602 F1200
G1 X113.5457 Y118.5595 Z0.2250 E0.00602 F1200
G1 X113.5778 Y118.6618 Z0.2250 E0.00602 F1200
G1 X113.6126 Y118.7631 Z0.2250 E0.00601 F1200
G1 X113.6499 Y118.8634 Z0.2250 E0.00601 F1200
G1 X113.6898 Y118.9626 Z0.2250 E0.00600 F1200
G1 X113.7323 Y119.0606 Z0.2250 E0.00600 F1200
G1 X113.7773 Y119.1575 Z0.2250 E0.00599 F1200
G1 X113.8248 Y119.2530 Z0.2250 E0.00599 F1200
G1 X113.8747 Y119.3472 Z0.2250 E0.00598 F1200
G1 X113.9271 Y119.4399 Z0.2250 E0.00598 F1200
G1 X113.9818 Y119.5312 Z0.2250 E0.00597 F1200
G1 X114.0388 Y119.6210 Z0.2250 E0.00597 F1200
G1 X114.0981 Y119.7092 Z0.2250 E0.00596 F1200
G1 X114.1597 Y119.7957 Z0.2250 E0.00596 F1200
G1 X114.2235 Y119.8805 Z0.2250 E0.00596 F1200
G1 X114.2894 Y119.9636 Z0.2250 E0.00595 F1200
G1 X114.3574 Y120.0448 Z0.2250 E0.00595 F1200
G1 X114.4275 Y120.1242 Z0.2250 E0.00594 F1200
G1 X114.4996 Y120.2016 Z0.2250 E0.00594 F1200
G1 X114.5736 Y120.2771 Z0.2250 E0.00593 F1200
G1 X114.6495 Y120.3505 Z0.2250 E0.00593 F1200
G1 X114.7272 Y120.4219 Z0.2250 E0.00592 F1200
G1 X114.8067 Y120.4912 Z0.2250 E0.00592 F1200
G1 X114.8880 Y120.5583 Z0.2250 E0.00591 F1200
G1 X114.9709 Y120.6232 Z0.2250 E0.00591 F1200
G1 X115.0554 Y120.6858 Z0.2250 E0.00591 F1200
G1 X115.1415 Y120.7462 Z0.2250 E0.00590 F1200
G1 X115.2291 Y120.8042 Z0.2250 E0.00590 F1200
G1 X115.3180 Y120.8599 Z0.2250 E0.00589 F1200
G1 X115.4084 Y120.9132 Z0.2250 E0.00589 F1200
G1 X115.5000 Y120.9641 Z0.2250 E0.00588 F1200
G1 X115.5929 Y121.0125 Z0.2250 E0.00588 F1200
G1 X115.6869 Y121.0585 Z0.2250 E0.00587 F1200
G1 X115.7820 Y121.1019 Z0.2250 E0.00587 F1200
G1 X115.8781 Y121.1428 Z0.2250 E0.00586 F1200
G1 X115.9752 Y121.1811 Z0.2250 E0.00586 F1200
G1 X116.0732 Y121.2168 Z0.2250 E0.00585 F1200
G1 X116.1721 Y121.2499 Z0.2250 E0.00585 F1200
G1 X116.2717 Y121.2804 Z0.2250 E0.00585 F1200
G1 X116.3719 Y121.3083 Z0.2250 E0.00584 F1200
G1 X116.4728 Y121.3335 Z0.2250 E0.00584 F1200
G1 X116.5742 Y121.3561 Z0.2250 E0.00583 F1200
G1 X116.6761 Y121.3759 Z0.2250 E0.00583 F1200
G1 X116.7785 Y121.3931 Z0.2250 E0.00582 F1200
G1 X116.8811 Y121.4075 Z0.2250 E0.00582 F1200
G1 X116.9840 Y121.4193 Z0.2250 E0.00581 F1200
G1 X117.0871 Y121.4284 Z0.2250 E0.00581 F1200
G1 X117.1903 Y121.4347 Z0.2250 E0.00580 F1200
G1 X117.2936 Y121.4383 Z0.2250 E0.00580 F1200
G1 X117.3968 Y121.4393 Z0.2250 E0.00580 F1200
G1 X117.5000 Y121.4375 Z0.2250 E0.00579 F1200
G1 X117.6030 Y121.4330 Z0.2250 E0.00579 F1200
G1 X117.7057 Y121.4259 Z0.2250 E0.00578 F1200
G1 X117.8082 Y121.4160 Z0.2250 E0.00578 F1200
G1 X117.9103 Y121.4035 Z0.2250 E0.00577 F1200
G1 X118.0119 Y121.3883 Z0.2250 E0.00577 F1200
G1 X118.1130 Y121.3705 Z0.2250 E0.00576 F1200
G1 X118.2136 Y121.3501 Z0.2250 E0.00576 F1200
G1 X118.3135 Y121.3270 Z0.2250 E0.00575 F1200
G1 X118.4126 Y121.3014 Z0.2250 E0.00575 F1200
G1 X118.5110 Y121.2731 Z0.2250 E0.00574 F1200
G1 X118.6085 Y121.2424 Z0.2250 E0.00574 F1200
G1 X118.7052 Y121.2091 Z0.2250 E0.00574 F1200
G1 X118.8008 Y121.1734 Z0.2250 E0.00573 F1200
G1 X118.8954 Y121.1351 Z0.2250 E0.00573 F1200
G1 X118.9889 Y121.0945 Z0.2250 E0.00572 F1200
G1 X119.0812 Y121.0514 Z0.2250 E0.00572 F1200
G1 X119.1723 Y121.0060 Z0.2250 E0.00571 F1200
G1 X119.2621 Y120.9582 Z0.2250 E0.00571 F1200
G1 X119.3505 Y120.9082 Z0.2250 E0.00570 F1200
G1 X119.4375 Y120.8558 Z0.2250 E0.00570 F1200
G1 X119.5230 Y120.8013 Z0.2250 E0.00569 F1200
G1 X119.6071 Y120.7446 Z0.2250 E0.00569 F1200
G1 X119.6895 Y120.6858 Z0.2250 E0.00568 F1200
G1 X119.7703 Y120.6248 Z0.2250 E0.00568 F1200
G1 X119.8494 Y120.5618 Z0.2250 E0.00568 F1200
G1 X119.9268 Y120.4969 Z0.2250 E0.00567 F1200
G1 X120.0024 Y120.4299 Z0.2250 E0.00567 F1200
G1 X120.0762 Y120.3611 Z0.2250 E0.00566 F1200
G1 X120.1480 Y120.2904 Z0.2250 E0.00566 F1200
G1 X120.2179 Y120.2179 Z0.2250 E0.00565 F1200
G1 X120.2859 Y120.1437 Z0.2250 E0.00565 F1200
G1 X120.3518 Y120.0678 Z0.2250 E0.00564 F1200
G1 X120.4157 Y119.9902 Z0.2250 E0.00564 F1200
G1 X120.4774 Y119.9111 Z0.2250 E0.00563 F1200
G1 X120.5371 Y119.8304 Z0.2250 E0.00563 F1200
G1 X120.5945 Y119.7483 Z0.2250 E0.00563 F1200
G1 X120.6497 Y119.6647 Z0.2250 E0.00562 F1200
G1 X120.7027 Y119.5798 Z0.2250 E0.00562 F1200
G1 X120.7534 Y119.4937 Z0.2250 E0.00561 F1200
G1 X120.8017 Y119.4062 Z0.2250 E0.00561 F1200
G1 X120.8477 Y119.3177 Z0.2250 E0.00560 F1200
G1 X120.8914 Y119.2280 Z0.2250 E0.00560 F1200
G1 X120.9326 Y119.1373 Z0.2250 E0.00559 F1200
G1 X120.9715 Y119.0456 Z0.2250 E0.00559 F1200
G1 X121.0079 Y118.9530 Z0.2250 E0.00558 F1200
G1 X121.0418 Y118.8596 Z0.2250 E0.00558 F1200
G1 X121.0732 Y118.7653 Z0.2250 E0.00557 F1200
G1 X121.1021 Y118.6704 Z0.2250 E0.00557 F1200
G1 X121.1285 Y118.5748 Z0.2250 E0.00557 F1200
G1 X121.1524 Y118.4787 Z0.2250 E0.00556 F1200
G1 X121.1737 Y118.3820 Z0.2250 E0.00556 F1200
G1 X121.1925 Y118.2849 Z0.2250 E0.00555 F1200
G1 X121.2087 Y118.1874 Z0.2250 E0.00555 F1200
G1 X121.2224 Y118.0896 Z0.2250 E0.00554 F1200
G1 X121.2334 Y117.9915 Z0.2250 E0.00554 F1200
G1 X121.2419 Y117.8933 Z0.2250 E0.00553 F1200
G1 X121.2478 Y117.7950 Z0.2250 E0.00553 F1200
G1 X121.2511 Y117.6966 Z0.2250 E0.00552 F1200
G1 X121.2518 Y117.5982 Z0.2250 E0.00552 F1200
G1 X121.2500 Y117.5000 Z0.2250 E0.00552 F1200
G1 X121.2456 Y117.4019 Z0.2250 E0.00551 F1200
G1 X121.2386 Y117.3041 Z0.2250 E0.00551 F1200
G1 X121.2291 Y117.2065 Z0.2250 E0.00550 F1200
G1 X121.2170 Y117.1093 Z0.2250 E0.00550 F1200
G1 X121.2024 Y117.0126 Z0.2250 E0.00549 F1200
G1 X121.1853 Y116.9163 Z0.2250 E0.00549 F1200
G1 X121.1657 Y116.8206 Z0.2250 E0.00548 F1200
G1 X121.1436 Y116.7255 Z0.2250 E0.00548 F1200
G1 X121.1190 Y116.6311 Z0.2250 E0.00547 F1200
G1 X121.0920 Y116.5375 Z0.2250 E0.00547 F1200
G1 X121.0626 Y116.4447 Z0.2250 E0.00546 F1200
G1 X121.0308 Y116.3528 Z0.2250 E0.00546 F1200
G1 X120.9966 Y116.2618 Z0.2250 E0.00546 F1200
G1 X120.9601 Y116.1718 Z0.2250 E0.00545 F1200
G1 X120.9212 Y116.0829 Z0.2250 E0.00545 F1200
G1 X120.8801 Y115.9951 Z0.2250 E0.00544 F1200
G1 X120.8367 Y115.9085 Z0.2250 E0.00544 F1200
G1 X120.7912 Y115.8231 Z0.2250 E0.00543 F1200
G1 X120.7434 Y115.7390 Z0.2250 E0.00543 F1200
G1 X120.6935 Y115.6562 Z0.2250 E0.00542 F1200
G1 X120.6414 Y115.5749 Z0.2250 E0.00542 F1200
G1 X120.5874 Y115.4950 Z0.2250 E0.00541 F1200
G1 X120.5312 Y115.4167 Z0.2250 E0.00541 F1200
G1 X120.4731 Y115.3399 Z0.2250 E0.00540 F1200
G1 X120.4131 Y115.2647 Z0.2250 E0.00540 F1200
G1 X120.3512 Y115.1912 Z0.2250 E0.00540 F1200
G1 X120.2874 Y115.1194 Z0.2250 E0.00539 F1200
G1 X120.2218 Y115.0493 Z0.2250 E0.00539 F1200
G1 X120.1544 Y114.9811 Z0.2250 E0.00538 F1200
G1 X120.0854 Y114.9146 Z0.2250 E0.00538 F1200
G1 X120.0146 Y114.8501 Z0.2250 E0.00537 F1200
G1 X119.9423 Y114.7875 Z0.2250 E0.00537 F1200
G1 X119.8685 Y114.7269 Z0.2250 E0.00536 F1200
G1 X119.7931 Y114.6683 Z0.2250 E0.00536 F1200
G1 X119.7163 Y114.6117 Z0.2250 E0.00535 F1200
G1 X119.6381 Y114.5572 Z0.2250 E0.00535 F1200
G1 X119.5585 Y114.5048 Z0.2250 E0.00535 F1200
G1 X119.4777 Y114.4546 Z0.2250 E0.00534 F1200
G1 X119.3957 Y114.4065 Z0.2250 E0.00534 F1200
G1 X119.3125 Y114.3607 Z0.2250 E0.00533 F1200
G1 X119.2282 Y114.3170 Z0.2250 E0.00533 F1200
G1 X119.1429 Y114.2757 Z0.2250 E0.00532 F1200
G1 X119.0566 Y114.2366 Z0.2250 E0.00532 F1200
G1 X118.9693 Y114.1998 Z0.2250 E0.00531 F1200
G1 X118.8812 Y114.1654 Z0.2250 E0.00531 F1200
G1 X118.7924 Y114.1333 Z0.2250 E0.00530 F1200
G1 X118.7027 Y114.1035 Z0.2250 E0.00530 F1200
G1 X118.6125 Y114.0762 Z0.2250 E0.00529 F1200
G1 X118.5216 Y114.0512 Z0.2250 E0.00529 F1200
G1 X118.4301 Y114.0287 Z0.2250 E0.00529 F1200
G1 X118.3382 Y114.0086 Z0.2250 E0.00528 F1200
G1 X118.2459 Y113.9909 Z0.2250 E0.00528 F1200
G1 X118.1532 Y113.9756 Z0.2250 E0.00527 F1200
G1 X118.0602 Y113.9628 Z0.2250 E0.00527 F1200
G1 X117.9670 Y113.9525 Z0.2250 E0.00526 F1200
G1 X117.8737 Y113.9446 Z0.2250 E0.00526 F1200
G1 X117.7802 Y113.9391 Z0.2250 E0.00525 F1200
G1 X117.6868 Y113.9361 Z0.2250 E0.00525 F1200
G1 X117.5933 Y113.9356 Z0.2250 E0.00524 F1200
G1 X117.5000 Y113.9375 Z0.2250 E0.00524 F1200
G1 X117.4068 Y113.9418 Z0.2250 E0.00524 F1200
G1 X117.3139 Y113.9486 Z0.2250 E0.00523 F1200
G1 X117.2212 Y113.9578 Z0.2250 E0.00523 F1200
G1 X117.1289 Y113.9694 Z0.2250 E0.00522 F1200
G1 X117.0370 Y113.9835 Z0.2250 E0.00522 F1200
G1 X116.9456 Y113.9999 Z0.2250 E0.00521 F1200
G1 X116.8548 Y114.0187 Z0.2250 E0.00521 F1200
G1 X116.7645 Y114.0398 Z0.2250 E0.00520 F1200
G1 X116.6749 Y114.0633 Z0.2250 E0.00520 F1200
G1 X116.5860 Y114.0891 Z0.2250 E0.00519 F1200
G1 X116.4980 Y114.1172 Z0.2250 E0.00519 F1200
G1 X116.4107 Y114.1475 Z0.2250 E0.00518 F1200
G1 X116.3244 Y114.1801 Z0.2250 E0.00518 F1200
G1 X116.2390 Y114.2150 Z0.2250 E0.00518 F1200
G1 X116.1546 Y114.2520 Z0.2250 E0.00517 F1200
G1 X116.0713 Y114.2912 Z0.2250 E0.00517 F1200
G1 X115.9892 Y114.3325 Z0.2250 E0.00516 F1200
G1 X115.9082 Y114.3759 Z0.2250 E0.00516 F1200
G1 X115.8285 Y114.4214 Z0.2250 E0.00515 F1200
G1 X115.7500 Y114.4689 Z0.2250 E0.00515 F1200
G1 X115.6729 Y114.5184 Z0.2250 E0.00514 F1200
G1 X115.5972 Y114.5699 Z0.2250 E0.00514 F1200
G1 X115.5229 Y114.6233 Z0.2250 E0.00513 F1200
G1 X115.4501 Y114.6786 Z0.2250 E0.00513 F1200
G1 X115.3788 Y114.7357 Z0.2250 E0.00513 F1200
G1 X115.3092 Y114.7946 Z0.2250 E0.00512 F1200
G1 X115.2411 Y114.8552 Z0.2250 E0.00512 F1200
G1 X115.1748 Y114.9176 Z0.2250 E0.00511 F1200
G1 X115.1101 Y114.9816 Z0.2250 E0.00511 F1200
G1 X115.0472 Y115.0472 Z0.2250 E0.00510 F1200
G1 X114.9861 Y115.1144 Z0.2250 E0.00510 F1200
G1 X114.9269 Y115.1831 Z0.2250 E0.00509 F1200
G1 X114.8695 Y115.2533 Z0.2250 E0.00509 F1200
G1 X114.8140 Y115.3249 Z0.2250 E0.00508 F1200
G1 X114.7605 Y115.3979 Z0.2250 E0.00508 F1200
G1 X114.7089 Y115.4721 Z0.2250 E0.00507 F1200
G1 X114.6593 Y115.5477 Z0.2250 E0.00507 F1200
G1 X114.6118 Y115.6244 Z0.2250 E0.00507 F1200
G1 X114.5664 Y115.7023 Z0.2250 E0.00506 F1200
G1 X114.5230 Y115.7812 Z0.2250 E0.00506 F1200
G1 X114.4818 Y115.8613 Z0.2250 E0.00505 F1200
G1 X114.4427 Y115.9422 Z0.2250 E0.00505 F1200
G1 X114.4058 Y116.0242 Z0.2250 E0.00504 F1200
G1 X114.3711 Y116.1069 Z0.2250 E0.00504 F1200
G1 X114.3386 Y116.1905 Z0.2250 E0.00503 F1200
G1 X114.3083 Y116.2748 Z0.2250 E0.00503 F1200
G1 X114.2803 Y116.3598 Z0.2250 E0.00502 F1200
G1 X114.2545 Y116.4455 Z0.2250 E0.00502 F1200
G1 X114.2310 Y116.5317 Z0.2250 E0.00501 F1200
G1 X114.2098 Y116.6184 Z0.2250 E0.00501 F1200
G1 X114.1909 Y116.7056 Z0.2250 E0.00501 F1200
G1 X114.1743 Y116.7931 Z0.2250 E0.00500 F1200
G1 X114.1600 Y116.8810 Z0.2250 E0.00500 F1200
G1 X114.1480 Y116.9691 Z0.2250 E0.00499 F1200
G1 X114.1384 Y117.0574 Z0.2250 E0.00499 F1200
G1 X114.1311 Y117.1459 Z0.2250 E0.00498 F1200
G1 X114.1261 Y117.2345 Z0.2250 E0.00498 F1200
G1 X114.1234 Y117.3230 Z0.2250 E0.00497 F1200
G1 X114.1230 Y117.4116 Z0.2250 E0.00497 F1200
G1 X114.1250 Y117.5000 Z0.2250 E0.00496 F1200
G1 X114.1293 Y117.5883 Z0.2250 E0.00496 F1200
G1 X114.1359 Y117.6763 Z0.2250 E0.00496 F1200
G1 X114.1448 Y117.7641 Z0.2250 E0.00495 F1200
G1 X114.1559 Y117.8515 Z0.2250 E0.00495 F1200
G1 X114.1694 Y117.9385 Z0.2250 E0.00494 F1200
G1 X114.1851 Y118.0250 Z0.2250 E0.00494 F1200
G1 X114.2030 Y118.1111 Z0.2250 E0.00493 F1200
G1 X114.2232 Y118.1965 Z0.2250 E0.00493 F1200
G1 X114.2456 Y118.2813 Z0.2250 E0.00492 F1200
G1 X114.2702 Y118.3654 Z0.2250 E0.00492 F1200
G1 X114.2969 Y118.4488 Z0.2250 E0.00491 F1200
G1 X114.3258 Y118.5313 Z0.2250 E0.00491 F1200
G1 X114.3569 Y118.6130 Z0.2250 E0.00490 F1200
G1 X114.3900 Y118.6938 Z0.2250 E0.00490 F1200
G1 X114.4252 Y118.7736 Z0.2250 E0.00490 F1200
G1 X114.4625 Y118.8524 Z0.2250 E0.00489 F1200
G1 X114.5017 Y118.9301 Z0.2250 E0.00489 F1200
G1 X114.5430 Y119.0067 Z0.2250 E0.00488 F1200
G1 X114.5862 Y119.0821 Z0.2250 E0.00488 F1200
G1 X114.6313 Y119.1562 Z0.2250 E0.00487 F1200
G1 X114.6783 Y119.2291 Z0.2250 E0.00487 F1200
G1 X114.7271 Y119.3007 Z0.2250 E0.00486 F1200
G1 X114.7778 Y119.3709 Z0.2250 E0.00486 F1200
G1 X114.8302 Y119.4397 Z0.2250 E0.00485 F1200
G1 X114.8844 Y119.5070 Z0.2250 E0.00485 F1200
G1 X114.9403 Y119.5728 Z0.2250 E0.00485 F1200
G1 X114.9978 Y119.6371 Z0.2250 E0.00484 F1200
G1 X115.0569 Y119.6998 Z0.2250 E0.00484 F1200
G1 X115.1176 Y119.7608 Z0.2250 E0.00483 F1200
G1 X115.1798 Y119.8202 Z0.2250 E0.00483 F1200
G1 X115.2435 Y119.8779 Z0.2250 E0.00482 F1200
G1 X115.3086 Y119.9338 Z0.2250 E0.00482 F1200
G1 X115.3751 Y119.9880 Z0.2250 E0.00481 F1200
G1 X115.4429 Y120.0403 Z0.2250 E0.00481 F1200
G1 X115.5120 Y120.0908 Z0.2250 E0.00480 F1200
G1 X115.5824 Y120.1394 Z0.2250 E0.00480 F1200
G1 X115.6539 Y120.1861 Z0.2250 E0.00479 F1200
G1 X115.7265 Y120.2309 Z0.2250 E0.00479 F1200
G1 X115.8002 Y120.2737 Z0.2250 E0.00479 F1200
G1 X115.8750 Y120.3146 Z0.2250 E0.00478 F1200
G1 X115.9507 Y120.3534 Z0.2250 E0.00478 F1200
G1 X116.0274 Y120.3902 Z0.2250 E0.00477 F1200
G1 X116.1049 Y120.4249 Z0.2250 E0.00477 F1200
G1 X116.1832 Y120.4576 Z0.2250 E0.00476 F1200
G1 X116.2623 Y120.4882 Z0.2250 E0.00476 F1200
G1 X116.3420 Y120.5166 Z0.2250 E0.00475 F1200
G1 X116.4224 Y120.5430 Z0.2250 E0.00475 F1200
G1 X116.5034 Y120.5672 Z0.2250 E0.00474 F1200
G1 X116.5849 Y120.5892 Z0.2250 E0.00474 F1200
G1 X116.6669 Y120.6091 Z0.2250 E0.00474 F1200
G1 X116.7493 Y120.6268 Z0.2250 E0.00473 F1200
G1 X116.8321 Y120.6423 Z0.2250 E0.00473 F1200
G1 X116.9151 Y120.6556 Z0.2250 E0.00472 F1200
G1 X116.9984 Y120.6668 Z0.2250 E0.00472 F1200
G1 X117.0819 Y120.6757 Z0.2250 E0.00471 F1200
G1 X117.1655 Y120.6825 Z0.2250 E0.00471 F1200
G1 X117.2492 Y120.6870 Z0.2250 E0.00470 F1200
G1 X117.3329 Y120.6894 Z0.2250 E0.00470 F1200
G1 X117.4165 Y120.6895 Z0.2250 E0.00469 F1200
G1 X117.5000 Y120.6875 Z0.2250 E0.00469 F1200
G1 X117.5834 Y120.6833 Z0.2250 E0.00468 F1200
G1 X117.6665 Y120.6769 Z0.2250 E0.00468 F1200
G1 X117.7494 Y120.6683 Z0.2250 E0.00468 F1200
G1 X117.8319 Y120.6576 Z0.2250 E0.00467 F1200
G1 X117.9140 Y120.6447 Z0.2250 E0.00467 F1200
G1 X117.9957 Y120.6297 Z0.2250 E0.00466 F1200
G1 X118.0769 Y120.6126 Z0.2250 E0.00466 F1200
G1 X118.1575 Y120.5934 Z0.2250 E0.00465 F1200
G1 X118.2375 Y120.5721 Z0.2250 E0.00465 F1200
G1 X118.3169 Y120.5487 Z0.2250 E0.00464 F1200
G1 X118.3955 Y120.5233 Z0.2250 E0.00464 F1200
G1 X118.4734 Y120.4958 Z0.2250 E0.00463 F1200
G1 X118.5504 Y120.4664 Z0.2250 E0.00463 F1200
G1 X118.6266 Y120.4349 Z0.2250 E0.00462 F1200
G1 X118.7019 Y120.4016 Z0.2250 E0.00462 F1200
G1 X118.7761 Y120.3662 Z0.2250 E0.00462 F1200
G1 X118.8494 Y120.3290 Z0.2250 E0.00461 F1200
G1 X118.9216 Y120.2900 Z0.2250 E0.00461 F1200
G1 X118.9926 Y120.2490 Z0.2250 E0.00460 F1200
G1 X119.0625 Y120.2063 Z0.2250 E0.00460 F1200
G1 X119.1312 Y120.1618 Z0.2250 E0.00459 F1200
G1 X119.1986 Y120.1156 Z0.2250 E0.00459 F1200
G1 X119.2647 Y120.0677 Z0.2250 E0.00458 F1200
G1 X119.3295 Y120.0181 Z0.2250 E0.00458 F1200
G1 X119.3929 Y119.9668 Z0.2250 E0.00457 F1200
G1 X119.4548 Y119.9140 Z0.2250 E0.00457 F1200
G1 X119.5153 Y119.8596 Z0.2250 E0.00457 F1200
G1 X119.5743 Y119.8037 Z0.2250 E0.00456 F1200
G1 X119.6317 Y119.7464 Z0.2250 E0.00456 F1200
G1 X119.6876 Y119.6876 Z0.2250 E0.00455 F1200
G1 X119.7419 Y119.6274 Z0.2250 E0.00455 F1200
G1 X119.7945 Y119.5659 Z0.2250 E0.00454 F1200
G1 X119.8454 Y119.5031 Z0.2250 E0.00454 F1200
G1 X119.8946 Y119.4391 Z0.2250 E0.00453 F1200
G1 X119.9420 Y119.3738 Z0.2250 E0.00453 F1200
G1 X119.9877 Y119.3074 Z0.2250 E0.00452 F1200
G1 X120.0316 Y119.2399 Z0.2250 E0.00452 F1200
G1 X120.0737 Y119.1714 Z0.2250 E0.00451 F1200
G1 X120.1139 Y119.1018 Z0.2250 E0.00451 F1200
G1 X120.1522 Y119.0312 Z0.2250 E0.00451 F1200
G1 X120.1886 Y118.9598 Z0.2250 E0.00450 F1200
G1 X120.2231 Y118.8875 Z0.2250 E0.00450 F1200
G1 X120.2557 Y118.8144 Z0.2250 E0.00449 F1200
G1 X120.2863 Y118.7405 Z0.2250 E0.00449 F1200
G1 X120.3149 Y118.6660 Z0.2250 E0.00448 F1200
G1 X120.3416 Y118.5908 Z0.2250 E0.00448 F1200
G1 X120.3662 Y118.5150 Z0.2250 E0.00447 F1200
G1 X120.3888 Y118.4386 Z0.2250 E0.00447 F1200
G1 X120.4094 Y118.3618 Z0.2250 E0.00446 F1200
G1 X120.4280 Y118.2845 Z0.2250 E0.00446 F1200
G1 X120.4445 Y118.2069 Z0.2250 E0.00446 F1200
G1 X120.4589 Y118.1289 Z0.2250 E0.00445 F1200
G1 X120.4713 Y118.0507 Z0.2250 E0.00445 F1200
G1 X120.4816 Y117.9722 Z0.2250 E0.00444 F1200
G1 X120.4898 Y117.8936 Z0.2250 E0.00444 F1200
G1 X120.4960 Y117.8149 Z0.2250 E0.00443 F1200
G1 X120.5001 Y117.7361 Z0.2250 E0.00443 F1200
G1 X120.5021 Y117.6573 Z0.2250 E0.00442 F1200
G1 X120.5021 Y117.5786 Z0.2250 E0.00442 F1200
G1 X120.5000 Y117.5000 Z0.2250 E0.00441 F1200
G1 X120.4958 Y117.4216 Z0.2250 E0.00441 F1200
G1 X120.4896 Y117.3433 Z0.2250 E0.00440 F1200
G1 X120.4814 Y117.2654 Z0.2250 E0.00440 F1200
G1 X120.4711 Y117.1877 Z0.2250 E0.00440 F1200
G1 X120.4588 Y117.1105 Z0.2250 E0.00439 F1200
G1 X120.4445 Y117.0336 Z0.2250 E0.00439 F1200
G1 X120.4283 Y116.9573 Z0.2250 E0.00438 F1200
G1 X120.4100 Y116.8815 Z0.2250 E0.00438 F1200
G1 X120.3898 Y116.8062 Z0.2250 E0.00437 F1200
G1 X120.3676 Y116.7316 Z0.2250 E0.00437 F1200
G1 X120.3435 Y116.6577 Z0.2250 E0.00436 F1200
G1 X120.3175 Y116.5845 Z0.2250 E0.00436 F1200
G1 X120.2896 Y116.5121 Z0.2250 E0.00435 F1200
G1 X120.2599 Y116.4406 Z0.2250 E0.00435 F1200
G1 X120.2283 Y116.3699 Z0.2250 E0.00434 F1200
G1 X120.1950 Y116.3001 Z0.2250 E0.00434 F1200
G1 X120.1598 Y116.2313 Z0.2250 E0.00434 F1200
G1 X120.1229 Y116.1636 Z0.2250 E0.00433 F1200
G1 X120.0843 Y116.0969 Z0.2250 E0.00433 F1200
G1 X120.0439 Y116.0312 Z0.2250 E0.00432 F1200
G1 X120.0020 Y115.9668 Z0.2250 E0.00432 F1200
G1 X119.9584 Y115.9035 Z0.2250 E0.00431 F1200
G1 X119.9131 Y115.8415 Z0.2250 E0.00431 F1200
G1 X119.8664 Y115.7807 Z0.2250 E0.00430 F1200
G1 X119.8181 Y115.7213 Z0.2250 E0.00430 F1200
G1 X119.7683 Y115.6632 Z0.2250 E0.00429 F1200
G1 X119.7171 Y115.6065 Z0.2250 E0.00429 F1200
G1 X119.6644 Y115.5512 Z0.2250 E0.00429 F1200
G1 X119.6104 Y115.4973 Z0.2250 E0.00428 F1200
G1 X119.5550 Y115.4450 Z0.2250 E0.00428 F1200
G1 X119.4984 Y115.3941 Z0.2250 E0.00427 F1200
G1 X119.4405 Y115.3449 Z0.2250 E0.00427 F1200
G1 X119.3814 Y115.2972 Z0.2250 E0.00426 F1200
G1 X119.3211 Y115.2511 Z0.2250 E0.00426 F1200
G1 X119.2597 Y115.2067 Z0.2250 E0.00425 F1200
G1 X119.1972 Y115.1640 Z0.2250 E0.00425 F1200
G1 X119.1337 Y115.1229 Z0.2250 E0.00424 F1200
G1 X119.0692 Y115.0836 Z0.2250 E0.00424 F1200
G1 X119.0038 Y115.0460 Z0.2250 E0.00423 F1200
G1 X118.9375 Y115.0102 Z0.2250 E0.00423 F1200
G1 X118.8703 Y114.9761 Z0.2250 E0.00423 F1200
G1 X118.8024 Y114.9439 Z0.2250 E0.00422 F1200
G1 X118.7337 Y114.9135 Z0.2250 E0.00422 F1200
G1 X118.6643 Y114.8850 Z0.2250 E0.00421 F1200
G1 X118.5942 Y114.8583 Z0.2250 E0.00421 F1200
G1 X118.5236 Y114.8335 Z0.2250 E0.00420 F1200
G1 X118.4524 Y114.8105 Z0.2250 E0.00420 F1200
G1 X118.3807 Y114.7895 Z0.2250 E0.00419 F1200
G1 X118.3086 Y114.7704 Z0.2250 E0.00419 F1200
G1 X118.2360 Y114.7531 Z0.2250 E0.00418 F1200
G1 X118.1631 Y114.7379 Z0.2250 E0.00418 F1200
G1 X118.0899 Y114.7245 Z0.2250 E0.00418 F1200
G1 X118.0165 Y114.7131 Z0.2250 E0.00417 F1200
G1 X117.9429 Y114.7036 Z0.2250 E0.00417 F1200
G1 X117.8691 Y114.6961 Z0.2250 E0.00416 F1200
G1 X117.7953 Y114.6905 Z0.2250 E0.00416 F1200
G1 X117.7214 Y114.6868 Z0.2250 E0.00415 F1200
G1 X117.6475 Y114.6851 Z0.2250 E0.00415 F1200
G1 X117.5737 Y114.6853 Z0.2250 E0.00414 F1200
G1 X117.5000 Y114.6875 Z0.2250 E0.00414 F1200
G1 X117.4265 Y114.6916 Z0.2250 E0.00413 F1200
G1 X117.3531 Y114.6976 Z0.2250 E0.00413 F1200
G1 X117.2801 Y114.7055 Z0.2250 E0.00412 F1200
G1 X117.2073 Y114.7153 Z0.2250 E0.00412 F1200
G1 X117.1349 Y114.7271 Z0.2250 E0.00412 F1200
G1 X117.0630 Y114.7406 Z0.2250 E0.00411 F1200
G1 X116.9914 Y114.7561 Z0.2250 E0.00411 F1200
G1 X116.9204 Y114.7734 Z0.2250 E0.00410 F1200
G1 X116.8500 Y114.7926 Z0.2250 E0.00410 F1200
G1 X116.7802 Y114.8135 Z0.2250 E0.00409 F1200
G1 X116.7110 Y114.8363 Z0.2250 E0.00409 F1200
G1 X116.6425 Y114.8608 Z0.2250 E0.00408 F1200
G1 X116.5747 Y114.8871 Z0.2250 E0.00408 F1200
G1 X116.5078 Y114.9151 Z0.2250 E0.00407 F1200
G1 X116.4416 Y114.9449 Z0.2250 E0.00407 F1200
G1 X116.3764 Y114.9763 Z0.2250 E0.00407 F1200
G1 X116.3121 Y115.0094 Z0.2250 E0.00406 F1200
G1 X116.2487 Y115.0442 Z0.2250 E0.00406 F1200
G1 X116.1863 Y115.0805 Z0.2250 E0.00405 F1200
G1 X116.1250 Y115.1184 Z0.2250 E0.00405 F1200
G1 X116.0648 Y115.1579 Z0.2250 E0.00404 F1200
G1 X116.0056 Y115.1989 Z0.2250 E0.00404 F1200
G1 X115.9477 Y115.2414 Z0.2250 E0.00403 F1200
G1 X115.8909 Y115.2853 Z0.2250 E0.00403 F1200
G1 X115.8354 Y115.3307 Z0.2250 E0.00402 F1200
G1 X115.7812 Y115.3774 Z0.2250 E0.00402 F1200
G1 X115.7282 Y115.4255 Z0.2250 E0.00401 F1200
G1 X115.6766 Y115.4749 Z0.2250 E0.00401 F1200
G1 X115.6264 Y115.5256 Z0.2250 E0.00401 F1200
G1 X115.5776 Y115.5776 Z0.2250 E0.00400 F1200
G1 X115.5302 Y115.6307 Z0.2250 E0.00400 F1200
G1 X115.4842 Y115.6850 Z0.2250 E0.00399 F1200
G1 X115.4398 Y115.7404 Z0.2250 E0.00399 F1200
G1 X115.3968 Y115.7969 Z0.2250 E0.00398 F1200
G1 X115.3555 Y115.8544 Z0.2250 E0.00398 F1200
G1 X115.3157 Y115.9130 Z0.2250 E0.00397 F1200
G1 X115.2774 Y115.9725 Z0.2250 E0.00397 F1200
G1 X115.2408 Y116.0329 Z0.2250 E0.00396 F1200
G1 X115.2059 Y116.0942 Z0.2250 E0.00396 F1200
G1 X115.1726 Y116.1562 Z0.2250 E0.00396 F1200
G1 X115.1409 Y116.2191 Z0.2250 E0.00395 F1200
G1 X115.1110 Y116.2827 Z0.2250 E0.00395 F1200
G1 X115.0828 Y116.3470 Z0.2250 E0.00394 F1200
G1 X115.0563 Y116.4120 Z0.2250 E0.00394 F1200
G1 X115.0315 Y116.4775 Z0.2250 E0.00393 F1200
G1 X115.0085 Y116.5436 Z0.2250 E0.00393 F1200
G1 X114.9873 Y116.6102 Z0.2250 E0.00392 F1200
G1 X114.9678 Y116.6772 Z0.2250 E0.00392 F1200
G1 X114.9501 Y116.7447 Z0.2250 E0.00391 F1200
G1 X114.9343 Y116.8125 Z0.2250 E0.00391 F1200
G1 X114.9202 Y116.8806 Z0.2250 E0.00390 F1200
G1 X114.9079 Y116.9490 Z0.2250 E0.00390 F1200
G1 X114.8974 Y117.0176 Z0.2250 E0.00390 F1200
G1 X114.8888 Y117.0864 Z0.2250 E0.00389 F1200
G1 X114.8820 Y117.1553 Z0.2250 E0.00389 F1200
G1 X114.8769 Y117.2243 Z0.2250 E0.00388 F1200
G1 X114.8737 Y117.2933 Z0.2250 E0.00388 F1200
G1 X114.8724 Y117.3623 Z0.2250 E0.00387 F1200
G1 X114.8728 Y117.4312 Z0.2250 E0.00387 F1200
G1 X114.8750 Y117.5000 Z0.2250 E0.00386 F1200
G1 X114.8790 Y117.5686 Z0.2250 E0.00386 F1200
G1 X114.8848 Y117.6371 Z0.2250 E0.00385 F1200
G1 X114.8924 Y117.7052 Z0.2250 E0.00385 F1200
G1 X114.9018 Y117.7731 Z0.2250 E0.00384 F1200
G1 X114.9129 Y117.8406 Z0.2250 E0.00384 F1200
G1 X114.9258 Y117.9077 Z0.2250 E0.00384 F1200
G1 X114.9405 Y117.9744 Z0.2250 E0.00383 F1200
G1 X114.9568 Y118.0406 Z0.2250 E0.00383 F1200
G1 X114.9749 Y118.1062 Z0.2250 E0.00382 F1200
G1 X114.9946 Y118.1713 Z0.2250 E0.00382 F1200
G1 X115.0161 Y118.2358 Z0.2250 E0.00381 F1200
G1 X115.0391 Y118.2996 Z0.2250 E0.00381 F1200
G1 X115.0639 Y118.3627 Z0.2250 E0.00380 F1200
G1 X115.0902 Y118.4250 Z0.2250 E0.00380 F1200
G1 X115.1181 Y118.4866 Z0.2250 E0.00379 F1200
G1 X115.1476 Y118.5473 Z0.2250 E0.00379 F1200
G1 X115.1787 Y118.6072 Z0.2250 E0.00379 F1200
G1 X115.2112 Y118.6662 Z0.2250 E0.00378 F1200
G1 X115.2453 Y118.7242 Z0.2250 E0.00378 F1200
G1 X115.2808 Y118.7812 Z0.2250 E0.00377 F1200
G1 X115.3178 Y118.8373 Z0.2250 E0.00377 F1200
G1 X115.3561 Y118.8922 Z0.2250 E0.00376 F1200
G1 X115.3959 Y118.9461 Z0.2250 E0.00376 F1200
G1 X115.4370 Y118.9989 Z0.2250 E0.00375 F1200
G1 X115.4794 Y119.0504 Z0.2250 E0.00375 F1200
G1 X115.5231 Y119.1008 Z0.2250 E0.00374 F1200
G1 X115.5681 Y119.1500 Z0.2250 E0.00374 F1200
G1 X115.6143 Y119.1979 Z0.2250 E0.00373 F1200
G1 X115.6616 Y119.2445 Z0.2250 E0.00373 F1200
G1 X115.7101 Y119.2899 Z0.2250 E0.00373 F1200
G1 X115.7598 Y119.3338 Z0.2250 E0.00372 F1200
G1 X115.8104 Y119.3764 Z0.2250 E0.00372 F1200
G1 X115.8622 Y119.4176 Z0.2250 E0.00371 F1200
G1 X115.9149 Y119.4574 Z0.2250 E0.00371 F1200
G1 X115.9686 Y119.4958 Z0.2250 E0.00370 F1200
G1 X116.0232 Y119.5327 Z0.2250 E0.00370 F1200
G1 X116.0787 Y119.5680 Z0.2250 E0.00369 F1200
G1 X116.1350 Y119.6019 Z0.2250 E0.00369 F1200
G1 X116.1921 Y119.6343 Z0.2250 E0.00368 F1200
G1 X116.2500 Y119.6651 Z0.2250 E0.00368 F1200
G1 X116.3086 Y119.6943 Z0.2250 E0.00368 F1200
G1 X116.3679 Y119.7219 Z0.2250 E0.00367 F1200
G1 X116.4278 Y119.7480 Z0.2250 E0.00367 F1200
G1 X116.4882 Y119.7724 Z0.2250 E0.00366 F1200
G1 X116.5493 Y119.7953 Z0.2250 E0.00366 F1200
G1 X116.6108 Y119.8164 Z0.2250 E0.00365 F1200
G1 X116.6728 Y119.8360 Z0.2250 E0.00365 F1200
G1 X116.7352 Y119.8539 Z0.2250 E0.00364 F1200
G1 X116.7979 Y119.8701 Z0.2250 E0.00364 F1200
G1 X116.8610 Y119.8846 Z0.2250 E0.00363 F1200
G1 X116.9244 Y119.8975 Z0.2250 E0.00363 F1200
G1 X116.9880 Y119.9087 Z0.2250 E0.00362 F1200
G1 X117.0518 Y119.9182 Z0.2250 E0.00362 F1200
G1 X117.1158 Y119.9260 Z0.2250 E0.00362 F1200
G1 X117.1798 Y119.9321 Z0.2250 E0.00361 F1200
G1 X117.2439 Y119.9366 Z0.2250 E0.00361 F1200
G1 X117.3080 Y119.9393 Z0.2250 E0.00360 F1200
G1 X117.3721 Y119.9404 Z0.2250 E0.00360 F1200
G1 X117.4361 Y119.9398 Z0.2250 E0.00359 F1200
G1 X117.5000 Y119.9375 Z0.2250 E0.00359 F1200
G1 X117.5637 Y119.9335 Z0.2250 E0.00358 F1200
G1 X117.6272 Y119.9279 Z0.2250 E0.00358 F1200
G1 X117.6905 Y119.9206 Z0.2250 E0.00357 F1200
G1 X117.7535 Y119.9117 Z0.2250 E0.00357 F1200
G1 X117.8161 Y119.9012 Z0.2250 E0.00357 F1200
G1 X117.8784 Y119.8890 Z0.2250 E0.00356 F1200
G1 X117.9402 Y119.8752 Z0.2250 E0.00356 F1200
G1 X118.0016 Y119.8598 Z0.2250 E0.00355 F1200
G1 X118.0625 Y119.8428 Z0.2250 E0.00355 F1200
G1 X118.1228 Y119.8243 Z0.2250 E0.00354 F1200
G1 X118.1825 Y119.8042 Z0.2250 E0.00354 F1200
G1 X118.2416 Y119.7825 Z0.2250 E0.00353 F1200
G1 X118.3001 Y119.7594 Z0.2250 E0.00353 F1200
G1 X118.3578 Y119.7348 Z0.2250 E0.00352 F1200
G1 X118.4149 Y119.7086 Z0.2250 E0.00352 F1200
G1 X118.4711 Y119.6811 Z0.2250 E0.00351 F1200
G1 X118.5265 Y119.6521 Z0.2250 E0.00351 F1200
G1 X118.5811 Y119.6217 Z0.2250 E0.00351 F1200
G1 X118.6347 Y119.5899 Z0.2250 E0.00350 F1200
G1 X118.6875 Y119.5568 Z0.2250 E0.00350 F1200
G1 X118.7393 Y119.5224 Z0.2250 E0.00349 F1200
G1 X118.7901 Y119.4866 Z0.2250 E0.00349 F1200
G1 X118.8399 Y119.4496 Z0.2250 E0.00348 F1200
G1 X118.8886 Y119.4113 Z0.2250 E0.00348 F1200
G1 X118.9363 Y119.3718 Z0.2250 E0.00347 F1200
G1 X118.9828 Y119.3312 Z0.2250 E0.00347 F1200
G1 X119.0282 Y119.2893 Z0.2250 E0.00346 F1200
G1 X119.0725 Y119.2464 Z0.2250 E0.00346 F1200
G1 X119.1155 Y119.2024 Z0.2250 E0.00346 F1200
G1 X119.1573 Y119.1573 Z0.2250 E0.00345 F1200
G1 X119.1978 Y119.1112 Z0.2250 E0.00345 F1200
G1 X119.2371 Y119.0641 Z0.2250 E0.00344 F1200
G1 X119.2751 Y119.0161 Z0.2250 E0.00344 F1200
G1 X119.3117 Y118.9671 Z0.2250 E0.00343 F1200
G1 X119.3470 Y118.9173 Z0.2250 E0.00343 F1200
G1 X119.3810 Y118.8666 Z0.2250 E0.00342 F1200
G1 X119.4135 Y118.8151 Z0.2250 E0.00342 F1200
G1 X119.4447 Y118.7629 Z0.2250 E0.00341 F1200
G1 X119.4744 Y118.7099 Z0.2250 E0.00341 F1200
G1 X119.5027 Y118.6562 Z0.2250 E0.00340 F1200
G1 X119.5295 Y118.6019 Z0.2250 E0.00340 F1200
G1 X119.5549 Y118.5470 Z0.2250 E0.00340 F1200
G1 X119.5788 Y118.4915 Z0.2250 E0.00339 F1200
G1 X119.6012 Y118.4355 Z0.2250 E0.00339 F1200
G1 X119.6220 Y118.3790 Z0.2250 E0.00338 F1200
G1 X119.6414 Y118.3220 Z0.2250 E0.00338 F1200
G1 X119.6592 Y118.2646 Z0.2250 E0.00337 F1200
G1 X119.6755 Y118.2069 Z0.2250 E0.00337 F1200
G1 X119.6903 Y118.1488 Z0.2250 E0.00336 F1200
G1 X119.7035 Y118.0904 Z0.2250 E0.00336 F1200
G1 X119.7152 Y118.0318 Z0.2250 E0.00335 F1200
G1 X119.7253 Y117.9730 Z0.2250 E0.00335 F1200
G1 X119.7338 Y117.9140 Z0.2250 E0.00335 F1200
G1 X119.7408 Y117.8549 Z0.2250 E0.00334 F1200
G1 X119.7462 Y117.7957 Z0.2250 E0.00334 F1200
G1 X119.7501 Y117.7365 Z0.2250 E0.00333 F1200
G1 X119.7524 Y117.6773 Z0.2250 E0.00333 F1200
G1 X119.7532 Y117.6181 Z0.2250 E0.00332 F1200
G1 X119.7524 Y117.5590 Z0.2250 E0.00332 F1200
G1 X119.7500 Y117.5000 Z0.2250 E0.00331 F1200
G1 X119.7461 Y117.4412 Z0.2250 E0.00331 F1200
G1 X119.7407 Y117.3826 Z0.2250 E0.00330 F1200
G1 X119.7337 Y117.3242 Z0.2250 E0.00330 F1200
G1 X119.7252 Y117.2661 Z0.2250 E0.00329 F1200
G1 X119.7153 Y117.2084 Z0.2250 E0.00329 F1200
G1 X119.7038 Y117.1510 Z0.2250 E0.00329 F1200
G1 X119.6908 Y117.0940 Z0.2250 E0.00328 F1200
G1 X119.6764 Y117.0374 Z0.2250 E0.00328 F1200
G1 X119.6605 Y116.9813 Z0.2250 E0.00327 F1200
G1 X119.6431 Y116.9257 Z0.2250 E0.00327 F1200
G1 X119.6244 Y116.8707 Z0.2250 E0.00326 F1200
G1 X119.6042 Y116.8163 Z0.2250 E0.00326 F1200
G1 X119.5826 Y116.7625 Z0.2250 E0.00325 F1200
G1 X119.5597 Y116.7094 Z0.2250 E0.00325 F1200
G1 X119.5354 Y116.6569 Z0.2250 E0.00324 F1200
G1 X119.5098 Y116.6052 Z0.2250 E0.00324 F1200
G1 X119.4829 Y116.5542 Z0.2250 E0.00324 F1200
G1 X119.4546 Y116.5041 Z0.2250 E0.00323 F1200
G1 X119.4252 Y116.4547 Z0.2250 E0.00323 F1200
G1 X119.3944 Y116.4062 Z0.2250 E0.00322 F1200
G1 X119.3625 Y116.3587 Z0.2250 E0.00322 F1200
G1 X119.3294 Y116.3120 Z0.2250 E0.00321 F1200
G1 X119.2950 Y116.2663 Z0.2250 E0.00321 F1200
G1 X119.2596 Y116.2216 Z0.2250 E0.00320 F1200
G1 X119.2231 Y116.1778 Z0.2250 E0.00320 F1200
G1 X119.1854 Y116.1352 Z0.2250 E0.00319 F1200
G1 X119.1468 Y116.0935 Z0.2250 E0.00319 F1200
G1 X119.1071 Y116.0530 Z0.2250 E0.00318 F1200
G1 X119.0664 Y116.0136 Z0.2250 E0.00318 F1200
G1 X119.0247 Y115.9753 Z0.2250 E0.00318 F1200
G1 X118.9821 Y115.9382 Z0.2250 E0.00317 F1200
G1 X118.9386 Y115.9022 Z0.2250 E0.00317 F1200
G1 X118.8943 Y115.8675 Z0.2250 E0.00316 F1200
G1 X118.8491 Y115.8340 Z0.2250 E0.00316 F1200
G1 X118.8031 Y115.8017 Z0.2250 E0.00315 F1200
G1 X118.7564 Y115.7707 Z0.2250 E0.00315 F1200
G1 X118.7089 Y115.7410 Z0.2250 E0.00314 F1200
G1 X118.6608 Y115.7126 Z0.2250 E0.00314 F1200
G1 X118.6119 Y115.6855 Z0.2250 E0.00313 F1200
G1 X118.5625 Y115.6597 Z0.2250 E0.00313 F1200
G1 X118.5125 Y115.6353 Z0.2250 E0.00312 F1200
G1 X118.4619 Y115.6122 Z0.2250 E0.00312 F1200
G1 X118.4108 Y115.5905 Z0.2250 E0.00312 F1200
G1 X118.3592 Y115.5701 Z0.2250 E0.00311 F1200
G1 X118.3072 Y115.5512 Z0.2250 E0.00311 F1200
G1 X118.2548 Y115.5336 Z0.2250 E0.00310 F1200
G1 X118.2020 Y115.5175 Z0.2250 E0.00310 F1200
G1 X118.1489 Y115.5028 Z0.2250 E0.00309 F1200
G1 X118.0955 Y115.4895 Z0.2250 E0.00309 F1200
G1 X118.0419 Y115.4776 Z0.2250 E0.00308 F1200
G1 X117.9880 Y115.4671 Z0.2250 E0.00308 F1200
G1 X117.9340 Y115.4581 Z0.2250 E0.00307 F1200
G1 X117.8798 Y115.4505 Z0.2250 E0.00307 F1200
G1 X117.8256 Y115.4444 Z0.2250 E0.00307 F1200
G1 X117.7712 Y115.4397 Z0.2250 E0.00306 F1200
G1 X117.7169 Y115.4364 Z0.2250 E0.00306 F1200
G1 X117.6626 Y115.4345 Z0.2250 E0.00305 F1200
G1 X117.6083 Y115.4341 Z0.2250 E0.00305 F1200
G1 X117.5541 Y115.4351 Z0.2250 E0.00304 F1200
G1 X117.5000 Y115.4375 Z0.2250 E0.00304 F1200
G1 X117.4461 Y115.4413 Z0.2250 E0.00303 F1200
G1 X117.3924 Y115.4466 Z0.2250 E0.00303 F1200
G1 X117.3389 Y115.4532 Z0.2250 E0.00302 F1200
G1 X117.2857 Y115.4612 Z0.2250 E0.00302 F1200
G1 X117.2328 Y115.4706 Z0.2250 E0.00301 F1200
G1 X117.1803 Y115.4814 Z0.2250 E0.00301 F1200
G1 X117.1281 Y115.4935 Z0.2250 E0.00301 F1200
G1 X117.0764 Y115.5070 Z0.2250 E0.00300 F1200
G1 X117.0251 Y115.5218 Z0.2250 E0.00300 F1200
G1 X116.9743 Y115.5380 Z0.2250 E0.00299 F1200
G1 X116.9240 Y115.5554 Z0.2250 E0.00299 F1200
G1 X116.8742 Y115.5741 Z0.2250 E0.00298 F1200
G1 X116.8251 Y115.5941 Z0.2250 E0.00298 F1200
G1 X116.7765 Y115.6153 Z0.2250 E0.00297 F1200
G1 X116.7287 Y115.6378 Z0.2250 E0.00297 F1200
G1 X116.6814 Y115.6615 Z0.2250 E0.00296 F1200
G1 X116.6349 Y115.6864 Z0.2250 E0.00296 F1200
G1 X116.5892 Y115.7124 Z0.2250 E0.00296 F1200
G1 X116.5442 Y115.7396 Z0.2250 E0.00295 F1200
G1 X116.5000 Y115.7679 Z0.2250 E0.00295 F1200
G1 X116.4566 Y115.7974 Z0.2250 E0.00294 F1200
G1 X116.4141 Y115.8279 Z0.2250 E0.00294 F1200
G1 X116.3725 Y115.8595 Z0.2250 E0.00293 F1200
G1 X116.3318 Y115.8921 Z0.2250 E0.00293 F1200
G1 X116.2920 Y115.9257 Z0.2250 E0.00292 F1200
G1 X116.2532 Y115.9603 Z0.2250 E0.00292 F1200
G1 X116.2153 Y115.9958 Z0.2250 E0.00291 F1200
G1 X116.1785 Y116.0323 Z0.2250 E0.00291 F1200
G1 X116.1427 Y116.0697 Z0.2250 E0.00290 F1200
G1 X116.1079 Y116.1079 Z0.2250 E0.00290 F1200
G1 X116.0742 Y116.1470 Z0.2250 E0.00290 F1200
G1 X116.0416 Y116.1868 Z0.2250 E0.00289 F1200
G1 X116.0101 Y116.2275 Z0.2250 E0.00289 F1200
G1 X115.9797 Y116.2689 Z0.2250 E0.00288 F1200
G1 X115.9505 Y116.3110 Z0.2250 E0.00288 F1200
G1 X115.9224 Y116.3538 Z0.2250 E0.00287 F1200
G1 X115.8955 Y116.3973 Z0.2250 E0.00287 F1200
G1 X115.8698 Y116.4414 Z0.2250 E0.00286 F1200
G1 X115.8453 Y116.4860 Z0.2250 E0.00286 F1200
G1 X115.8221 Y116.5312 Z0.2250 E0.00285 F1200
G1 X115.8000 Y116.5770 Z0.2250 E0.00285 F1200
G1 X115.7792 Y116.6232 Z0.2250 E0.00285 F1200
G1 X115.7597 Y116.6699 Z0.2250 E0.00284 F1200
G1 X115.7414 Y116.7170 Z0.2250 E0.00284 F1200
G1 X115.7244 Y116.7645 Z0.2250 E0.00283 F1200
G1 X115.7087 Y116.8124 Z0.2250 E0.00283 F1200
G1 X115.6943 Y116.8606 Z0.2250 E0.00282 F1200
G1 X115.6811 Y116.9090 Z0.2250 E0.00282 F1200
G1 X115.6693 Y116.9577 Z0.2250 E0.00281 F1200
G1 X115.6587 Y117.0066 Z0.2250 E0.00281 F1200
G1 X115.6495 Y117.0557 Z0.2250 E0.00280 F1200
G1 X115.6415 Y117.1050 Z0.2250 E0.00280 F1200
G1 X115.6349 Y117.1543 Z0.2250 E0.00279 F1200
G1 X115.6296 Y117.2038 Z0.2250 E0.00279 F1200
G1 X115.6255 Y117.2532 Z0.2250 E0.00279 F1200
G1 X115.6228 Y117.3027 Z0.2250 E0.00278 F1200
G1 X115.6214 Y117.3522 Z0.2250 E0.00278 F1200
G1 X115.6213 Y117.4015 Z0.2250 E0.00277 F1200
G1 X115.6225 Y117.4508 Z0.2250 E0.00277 F1200
G1 X115.6250 Y117.5000 Z0.2250 E0.00276 F1200
G1 X115.6288 Y117.5490 Z0.2250 E0.00276 F1200
G1 X115.6338 Y117.5978 Z0.2250 E0.00275 F1200
G1 X115.6401 Y117.6464 Z0.2250 E0.00275 F1200
G1 X115.6477 Y117.6947 Z0.2250 E0.00274 F1200
G1 X115.6565 Y117.7427 Z0.2250 E0.00274 F1200
G1 X115.6666 Y117.7904 Z0.2250 E0.00274 F1200
G1 X115.6779 Y117.8377 Z0.2250 E0.00273 F1200
G1 X115.6904 Y117.8846 Z0.2250 E0.00273 F1200
G1 X115.7042 Y117.9311 Z0.2250 E0.00272 F1200
G1 X115.7191 Y117.9772 Z0.2250 E0.00272 F1200
G1 X115.7352 Y118.0228 Z0.2250 E0.00271 F1200
G1 X115.7524 Y118.0678 Z0.2250 E0.00271 F1200
G1 X115.7708 Y118.1123 Z0.2250 E0.00270 F1200
G1 X115.7904 Y118.1563 Z0.2250 E0.00270 F1200
G1 X115.8110 Y118.1996 Z0.2250 E0.00269 F1200
G1 X115.8328 Y118.2423 Z0.2250 E0.00269 F1200
G1 X115.8556 Y118.2843 Z0.2250 E0.00268 F1200
G1 X115.8795 Y118.3257 Z0.2250 E0.00268 F1200
G1 X115.9044 Y118.3663 Z0.2250 E0.00268 F1200
G1 X115.9303 Y118.4062 Z0.2250 E0.00267 F1200
G1 X115.9573 Y118.4454 Z0.2250 E0.00267 F1200
G1 X115.9852 Y118.4838 Z0.2250 E0.00266 F1200
G1 X116.0140 Y118.5213 Z0.2250 E0.00266 F1200
G1 X116.0438 Y118.5580 Z0.2250 E0.00265 F1200
G1 X116.0744 Y118.5939 Z0.2250 E0.00265 F1200
G1 X116.1060 Y118.6288 Z0.2250 E0.00264 F1200
G1 X116.1384 Y118.6629 Z0.2250 E0.00264 F1200
G1 X116.1716 Y118.6961 Z0.2250 E0.00263 F1200
G1 X116.2057 Y118.7283 Z0.2250 E0.00263 F1200
G1 X116.2405 Y118.7595 Z0.2250 E0.00263 F1200
G1 X116.2760 Y118.7898 Z0.2250 E0.00262 F1200
G1 X116.3123 Y118.8191 Z0.2250 E0.00262 F1200
G1 X116.3493 Y118.8473 Z0.2250 E0.00261 F1200
G1 X116.3869 Y118.8746 Z0.2250 E0.00261 F1200
G1 X116.4252 Y118.9008 Z0.2250 E0.00260 F1200
G1 X116.4640 Y118.9259 Z0.2250 E0.00260 F1200
G1 X116.5035 Y118.9499 Z0.2250 E0.00259 F1200
G1 X116.5435 Y118.9729 Z0.2250 E0.00259 F1200
G1 X116.5840 Y118.9948 Z0.2250 E0.00258 F1200
G1 X116.6250 Y119.0155 Z0.2250 E0.00258 F1200
G1 X116.6665 Y119.0352 Z0.2250 E0.00258 F1200
G1 X116.7084 Y119.0537 Z0.2250 E0.00257 F1200
G1 X116.7506 Y119.0711 Z0.2250 E0.00257 F1200
G1 X116.7933 Y119.0873 Z0.2250 E0.00256 F1200
G1 X116.8363 Y119.1024 Z0.2250 E0.00256 F1200
G1 X116.8796 Y119.1163 Z0.2250 E0.00255 F1200
G1 X116.9231 Y119.1290 Z0.2250 E0.00255 F1200
G1 X116.9669 Y119.1406 Z0.2250 E0.00254 F1200
G1 X117.0110 Y119.1510 Z0.2250 E0.00254 F1200
G1 X117.0552 Y119.1602 Z0.2250 E0.00253 F1200
G1 X117.0995 Y119.1682 Z0.2250 E0.00253 F1200
G1 X117.1440 Y119.1751 Z0.2250 E0.00252 F1200
G1 X117.1885 Y119.1808 Z0.2250 E0.00252 F1200
G1 X117.2331 Y119.1852 Z0.2250 E0.00252 F1200
G1 X117.2777 Y119.1886 Z0.2250 E0.00251 F1200
G1 X117.3223 Y119.1907 Z0.2250 E0.00251 F1200
G1 X117.3669 Y119.1916 Z0.2250 E0.00250 F1200
G1 X117.4114 Y119.1914 Z0.2250 E0.00250 F1200
G1 X117.4557 Y119.1900 Z0.2250 E0.00249 F1200
G1 X117.5000 Y119.1875 Z0.2250 E0.00249 F1200
G1 X117.5441 Y119.1838 Z0.2250 E0.00248 F1200
G1 X117.5880 Y119.1789 Z0.2250 E0.00248 F1200
G1 X117.6317 Y119.1730 Z0.2250 E0.00247 F1200
G1 X117.6751 Y119.1658 Z0.2250 E0.00247 F1200
G1 X117.7182 Y119.1576 Z0.2250 E0.00247 F1200
G1 X117.7611 Y119.1482 Z0.2250 E0.00246 F1200
G1 X117.8035 Y119.1377 Z0.2250 E0.00246 F1200
G1 X117.8457 Y119.1262 Z0.2250 E0.00245 F1200
G1 X117.8874 Y119.1135 Z0.2250 E0.00245 F1200
G1 X117.9287 Y119.0998 Z0.2250 E0.00244 F1200
G1 X117.9695 Y119.0850 Z0.2250 E0.00244 F1200
G1 X118.0099 Y119.0692 Z0.2250 E0.00243 F1200
G1 X118.0497 Y119.0524 Z0.2250 E0.00243 F1200
G1 X118.0891 Y119.0346 Z0.2250 E0.00242 F1200
G1 X118.1278 Y119.0157 Z0.2250 E0.00242 F1200
G1 X118.1660 Y118.9959 Z0.2250 E0.00241 F1200
G1 X118.2036 Y118.9752 Z0.2250 E0.00241 F1200
G1 X118.2406 Y118.9535 Z0.2250 E0.00241 F1200
G1 X118.2769 Y118.9308 Z0.2250 E0.00240 F1200
G1 X118.3125 Y118.9073 Z0.2250 E0.00240 F1200
G1 X118.3474 Y118.8829 Z0.2250 E0.00239 F1200
G1 X118.3816 Y118.8576 Z0.2250 E0.00239 F1200
G1 X118.4151 Y118.8315 Z0.2250 E0.00238 F1200
G1 X118.4478 Y118.8045 Z0.2250 E0.00238 F1200
G1 X118.4797 Y118.7768 Z0.2250 E0.00237 F1200
G1 X118.5108 Y118.7483 Z0.2250 E0.00237 F1200
G1 X118.5411 Y118.7190 Z0.2250 E0.00236 F1200
G1 X118.5706 Y118.6890 Z0.2250 E0.00236 F1200
G1 X118.5992 Y118.6583 Z0.2250 E0.00236 F1200
G1 X118.6270 Y118.6270 Z0.2250 E0.00235 F1200
G1 X118.6538 Y118.5949 Z0.2250 E0.00235 F1200
G1 X118.6797 Y118.5622 Z0.2250 E0.00234 F1200
G1 X118.7048 Y118.5290 Z0.2250 E0.00234 F1200
G1 X118.7289 Y118.4951 Z0.2250 E0.00233 F1200
G1 X118.7520 Y118.4607 Z0.2250 E0.00233 F1200
G1 X118.7742 Y118.4258 Z0.2250 E0.00232 F1200
G1 X118.7954 Y118.3903 Z0.2250 E0.00232 F1200
G1 X118.8157 Y118.3544 Z0.2250 E0.00231 F1200
G1 X118.8349 Y118.3180 Z0.2250 E0.00231 F1200
G1 X118.8532 Y118.2812 Z0.2250 E0.00230 F1200
G1 X118.8704 Y118.2441 Z0.2250 E0.00230 F1200
G1 X118.8866 Y118.2065 Z0.2250 E0.00230 F1200
G1 X118.9018 Y118.1686 Z0.2250 E0.00229 F1200
G1 X118.9160 Y118.1304 Z0.2250 E0.00229 F1200
G1 X118.9291 Y118.0920 Z0.2250 E0.00228 F1200
G1 X118.9412 Y118.0532 Z0.2250 E0.00228 F1200
G1 X118.9523 Y118.0143 Z0.2250 E0.00227 F1200
G1 X118.9622 Y117.9751 Z0.2250 E0.00227 F1200
G1 X118.9712 Y117.9358 Z0.2250 E0.00226 F1200
G1 X118.9791 Y117.8963 Z0.2250 E0.00226 F1200
G1 X118.9859 Y117.8567 Z0.2250 E0.00225 F1200
G1 X118.9917 Y117.8171 Z0.2250 E0.00225 F1200
G1 X118.9964 Y117.7773 Z0.2250 E0.00225 F1200
G1 X119.0001 Y117.7376 Z0.2250 E0.00224 F1200
G1 X119.0027 Y117.6978 Z0.2250 E0.00224 F1200
G1 X119.0042 Y117.6581 Z0.2250 E0.00223 F1200
G1 X119.0047 Y117.6184 Z0.2250 E0.00223 F1200
G1 X119.0042 Y117.5788 Z0.2250 E0.00222 F1200
G1 X119.0026 Y117.5393 Z0.2250 E0.00222 F1200
G1 X119.0000 Y117.5000 Z0.2250 E0.00221 F1200
G1 X118.9964 Y117.4608 Z0.2250 E0.00221 F1200
G1 X118.9917 Y117.4218 Z0.2250 E0.00220 F1200
G1 X118.9860 Y117.3830 Z0.2250 E0.00220 F1200
G1 X118.9794 Y117.3445 Z0.2250 E0.00219 F1200
G1 X118.9717 Y117.3063 Z0.2250 E0.00219 F1200
G1 X118.9630 Y117.2683 Z0.2250 E0.00219 F1200
G1 X118.9534 Y117.2306 Z0.2250 E0.00218 F1200
G1 X118.9428 Y117.1933 Z0.2250 E0.00218 F1200
G1 X118.9312 Y117.1564 Z0.2250 E0.00217 F1200
G1 X118.9187 Y117.1199 Z0.2250 E0.00217 F1200
G1 X118.9053 Y117.0837 Z0.2250 E0.00216 F1200
G1 X118.8909 Y117.0481 Z0.2250 E0.00216 F1200
G1 X118.8757 Y117.0129 Z0.2250 E0.00215 F1200
G1 X118.8595 Y116.9781 Z0.2250 E0.00215 F1200
G1 X118.8425 Y116.9439 Z0.2250 E0.00214 F1200
G1 X118.8246 Y116.9102 Z0.2250 E0.00214 F1200
G1 X118.8059 Y116.8771 Z0.2250 E0.00214 F1200
G1 X118.7864 Y116.8446 Z0.2250 E0.00213 F1200
G1 X118.7660 Y116.8126 Z0.2250 E0.00213 F1200
G1 X118.7449 Y116.7812 Z0.2250 E0.00212 F1200
G1 X118.7230 Y116.7505 Z0.2250 E0.00212 F1200
G1 X118.7003 Y116.7205 Z0.2250 E0.00211 F1200
G1 X118.6770 Y116.6911 Z0.2250 E0.00211 F1200
G1 X118.6528 Y116.6624 Z0.2250 E0.00210 F1200
G1 X118.6280 Y116.6344 Z0.2250 E0.00210 F1200
G1 X118.6026 Y116.6072 Z0.2250 E0.00209 F1200
G1 X118.5764 Y116.5806 Z0.2250 E0.00209 F1200
G1 X118.5497 Y116.5549 Z0.2250 E0.00209 F1200
G1 X118.5223 Y116.5299 Z0.2250 E0.00208 F1200
G1 X118.4944 Y116.5056 Z0.2250 E0.00208 F1200
G1 X118.4658 Y116.4822 Z0.2250 E0.00207 F1200
G1 X118.4368 Y116.4596 Z0.2250 E0.00207 F1200
G1 X118.4072 Y116.4378 Z0.2250 E0.00206 F1200
G1 X118.3771 Y116.4169 Z0.2250 E0.00206 F1200
G1 X118.3466 Y116.3967 Z0.2250 E0.00205 F1200
G1 X118.3156 Y116.3775 Z0.2250 E0.00205 F1200
G1 X118.2841 Y116.3591 Z0.2250 E0.00204 F1200
G1 X118.2523 Y116.3416 Z0.2250 E0.00204 F1200
G1 X118.2201 Y116.3250 Z0.2250 E0.00203 F1200
G1 X118.1875 Y116.3092 Z0.2250 E0.00203 F1200
G1 X118.1546 Y116.2944 Z0.2250 E0.00203 F1200
G1 X118.1214 Y116.2804 Z0.2250 E0.00202 F1200
G1 X118.0879 Y116.2674 Z0.2250 E0.00202 F1200
G1 X118.0542 Y116.2553 Z0.2250 E0.00201 F1200
G1 X118.0202 Y116.2441 Z0.2250 E0.00201 F1200
G1 X117.9860 Y116.2338 Z0.2250 E0.00200 F1200
G1 X117.9517 Y116.2245 Z0.2250 E0.00200 F1200
G1 X117.9172 Y116.2161 Z0.2250 E0.00199 F1200
G1 X117.8825 Y116.2086 Z0.2250 E0.00199 F1200
G1 X117.8478 Y116.2020 Z0.2250 E0.00198 F1200
G1 X117.8130 Y116.1964 Z0.2250 E0.00198 F1200
G1 X117.7781 Y116.1917 Z0.2250 E0.00198 F1200
G1 X117.7432 Y116.1880 Z0.2250 E0.00197 F1200
G1 X117.7083 Y116.1851 Z0.2250 E0.00197 F1200
G1 X117.6734 Y116.1832 Z0.2250 E0.00196 F1200
G1 X117.6385 Y116.1823 Z0.2250 E0.00196 F1200
G1 X117.6037 Y116.1822 Z0.2250 E0.00195 F1200
G1 X117.5690 Y116.1831 Z0.2250 E0.00195 F1200
G1 X117.5344 Y116.1848 Z0.2250 E0.00194 F1200
G1 X117.5000 Y116.1875 Z0.2250 E0.00194 F1200
G1 X117.4657 Y116.1911 Z0.2250 E0.00193 F1200
G1 X117.4316 Y116.1955 Z0.2250 E0.00193 F1200
G1 X117.3978 Y116.2009 Z0.2250 E0.00193 F1200
G1 X117.3641 Y116.2071 Z0.2250 E0.00192 F1200
G1 X117.3307 Y116.2142 Z0.2250 E0.00192 F1200
G1 X117.2976 Y116.2222 Z0.2250 E0.00191 F1200
G1 X117.2648 Y116.2310 Z0.2250 E0.00191 F1200
G1 X117.2323 Y116.2406 Z0.2250 E0.00190 F1200
G1 X117.2002 Y116.2511 Z0.2250 E0.00190 F1200
G1 X117.1684 Y116.2624 Z0.2250 E0.00189 F1200
G1 X117.1370 Y116.2745 Z0.2250 E0.00189 F1200
G1 X117.1060 Y116.2874 Z0.2250 E0.00188 F1200
G1 X117.0754 Y116.3011 Z0.2250 E0.00188 F1200
G1 X117.0453 Y116.3155 Z0.2250 E0.00187 F1200
G1 X117.0157 Y116.3307 Z0.2250 E0.00187 F1200
G1 X116.9865 Y116.3466 Z0.2250 E0.00187 F1200
G1 X116.9578 Y116.3633 Z0.2250 E0.00186 F1200
G1 X116.9297 Y116.3807 Z0.2250 E0.00186 F1200
G1 X116.9021 Y116.3987 Z0.2250 E0.00185 F1200
G1 X116.8750 Y116.4175 Z0.2250 E0.00185 F1200
G1 X116.8485 Y116.4369 Z0.2250 E0.00184 F1200
G1 X116.8226 Y116.4569 Z0.2250 E0.00184 F1200
G1 X116.7973 Y116.4776 Z0.2250 E0.00183 F1200
G1 X116.7726 Y116.4988 Z0.2250 E0.00183 F1200
G1 X116.7486 Y116.5207 Z0.2250 E0.00182 F1200
G1 X116.7251 Y116.5431 Z0.2250 E0.00182 F1200
G1 X116.7024 Y116.5661 Z0.2250 E0.00182 F1200
G1 X116.6803 Y116.5896 Z0.2250 E0.00181 F1200
G1 X116.6589 Y116.6137 Z0.2250 E0.00181 F1200
G1 X116.6382 Y116.6382 Z0.2250 E0.00180 F1200
G1 X116.6182 Y116.6632 Z0.2250 E0.00180 F1200
G1 X116.5989 Y116.6887 Z0.2250 E0.00179 F1200
G1 X116.5804 Y116.7146 Z0.2250 E0.00179 F1200
G1 X116.5626 Y116.7409 Z0.2250 E0.00178 F1200
G1 X116.5455 Y116.7676 Z0.2250 E0.00178 F1200
G1 X116.5292 Y116.7947 Z0.2250 E0.00177 F1200
G1 X116.5136 Y116.8221 Z0.2250 E0.00177 F1200
G1 X116.4988 Y116.8498 Z0.2250 E0.00177 F1200
G1 X116.4848 Y116.8779 Z0.2250 E0.00176 F1200
G1 X116.4716 Y116.9062 Z0.2250 E0.00176 F1200
G1 X116.4592 Y116.9349 Z0.2250 E0.00175 F1200
G1 X116.4475 Y116.9637 Z0.2250 E0.00175 F1200
G1 X116.4366 Y116.9928 Z0.2250 E0.00174 F1200
G1 X116.4266 Y117.0221 Z0.2250 E0.00174 F1200
G1 X116.4173 Y117.0515 Z0.2250 E0.00173 F1200
G1 X116.4089 Y117.0812 Z0.2250 E0.00173 F1200
G1 X116.4012 Y117.1109 Z0.2250 E0.00172 F1200
G1 X116.3944 Y117.1408 Z0.2250 E0.00172 F1200
G1 X116.3884 Y117.1707 Z0.2250 E0.00171 F1200
G1 X116.3831 Y117.2007 Z0.2250 E0.00171 F1200
G1 X116.3787 Y117.2308 Z0.2250 E0.00171 F1200
G1 X116.3751 Y117.2609 Z0.2250 E0.00170 F1200
G1 X116.3723 Y117.2910 Z0.2250 E0.00170 F1200
G1 X116.3703 Y117.3211 Z0.2250 E0.00169 F1200
G1 X116.3691 Y117.3511 Z0.2250 E0.00169 F1200
G1 X116.3687 Y117.3811 Z0.2250 E0.00168 F1200
G1 X116.3691 Y117.4110 Z0.2250 E0.00168 F1200
G1 X116.3703 Y117.4408 Z0.2250 E0.00167 F1200
G1 X116.3723 Y117.4705 Z0.2250 E0.00167 F1200
G1 X116.3750 Y117.5000 Z0.2250 E0.00166 F1200
G1 X116.3785 Y117.5294 Z0.2250 E0.00166 F1200
G1 X116.3828 Y117.5586 Z0.2250 E0.00166 F1200
G1 X116.3878 Y117.5875 Z0.2250 E0.00165 F1200
G1 X116.3936 Y117.6163 Z0.2250 E0.00165 F1200
G1 X116.4001 Y117.6448 Z0.2250 E0.00164 F1200
G1 X116.4074 Y117.6731 Z0.2250 E0.00164 F1200
G1 X116.4153 Y117.7010 Z0.2250 E0.00163 F1200
G1 X116.4240 Y117.7287 Z0.2250 E0.00163 F1200
G1 X116.4334 Y117.7561 Z0.2250 E0.00162 F1200
G1 X116.4435 Y117.7831 Z0.2250 E0.00162 F1200
G1 X116.4543 Y117.8098 Z0.2250 E0.00161 F1200
G1 X116.4657 Y117.8361 Z0.2250 E0.00161 F1200
G1 X116.4778 Y117.8620 Z0.2250 E0.00161 F1200
G1 X116.4906 Y117.8875 Z0.2250 E0.00160 F1200
G1 X116.5039 Y117.9126 Z0.2250 E0.00160 F1200
G1 X116.5179 Y117.9372 Z0.2250 E0.00159 F1200
G1 X116.5325 Y117.9615 Z0.2250 E0.00159 F1200
G1 X116.5477 Y117.9852 Z0.2250 E0.00158 F1200
G1 X116.5635 Y118.0085 Z0.2250 E0.00158 F1200
G1 X116.5798 Y118.0312 Z0.2250 E0.00157 F1200
G1 X116.5967 Y118.0535 Z0.2250 E0.00157 F1200
G1 X116.6142 Y118.0753 Z0.2250 E0.00156 F1200
G1 X116.6321 Y118.0965 Z0.2250 E0.00156 F1200
G1 X116.6505 Y118.1172 Z0.2250 E0.00156 F1200
G1 X116.6695 Y118.1373 Z0.2250 E0.00155 F1200
G1 X116.6889 Y118.1569 Z0.2250 E0.00155 F1200
G1 X116.7087 Y118.1758 Z0.2250 E0.00154 F1200
G1 X116.7290 Y118.1942 Z0.2250 E0.00154 F1200
G1 X116.7497 Y118.2120 Z0.2250 E0.00153 F1200
G1 X116.7708 Y118.2292 Z0.2250 E0.00153 F1200
G1 X116.7923 Y118.2458 Z0.2250 E0.00152 F1200
G1 X116.8141 Y118.2617 Z0.2250 E0.00152 F1200
G1 X116.8363 Y118.2770 Z0.2250 E0.00151 F1200
G1 X116.8589 Y118.2917 Z0.2250 E0.00151 F1200
G1 X116.8817 Y118.3057 Z0.2250 E0.00150 F1200
G1 X116.9049 Y118.3191 Z0.2250 E0.00150 F1200
G1 X116.9283 Y118.3319 Z0.2250 E0.00150 F1200
G1 X116.9520 Y118.3439 Z0.2250 E0.00149 F1200
G1 X116.9759 Y118.3553 Z0.2250 E0.00149 F1200
G1 X117.0000 Y118.3660 Z0.2250 E0.00148 F1200
G1 X117.0243 Y118.3761 Z0.2250 E0.00148 F1200
G1 X117.0488 Y118.3854 Z0.2250 E0.00147 F1200
G1 X117.0735 Y118.3941 Z0.2250 E0.00147 F1200
G1 X117.0983 Y118.4021 Z0.2250 E0.00146 F1200
G1 X117.1233 Y118.4094 Z0.2250 E0.00146 F1200
G1 X117.1484 Y118.4161 Z0.2250 E0.00145 F1200
G1 X117.1735 Y118.4220 Z0.2250 E0.00145 F1200
G1 X117.1987 Y118.4273 Z0.2250 E0.00145 F1200
G1 X117.2240 Y118.4319 Z0.2250 E0.00144 F1200
G1 X117.2493 Y118.4357 Z0.2250 E0.00144 F1200
G1 X117.2746 Y118.4389 Z0.2250 E0.00143 F1200
G1 X117.2999 Y118.4415 Z0.2250 E0.00143 F1200
G1 X117.3252 Y118.4433 Z0.2250 E0.00142 F1200
G1 X117.3504 Y118.4445 Z0.2250 E0.00142 F1200
G1 X117.3756 Y118.4450 Z0.2250 E0.00141 F1200
G1 X117.4007 Y118.4448 Z0.2250 E0.00141 F1200
G1 X117.4257 Y118.4440 Z0.2250 E0.00140 F1200
G1 X117.4506 Y118.4425 Z0.2250 E0.00140 F1200
G1 X117.4754 Y118.4403 Z0.2250 E0.00140 F1200
G1 X117.5000 Y118.4375 Z0.2250 E0.00139 F1200
G1 X117.5245 Y118.4341 Z0.2250 E0.00139 F1200
G1 X117.5487 Y118.4300 Z0.2250 E0.00138 F1200
G1 X117.5728 Y118.4253 Z0.2250 E0.00138 F1200
G1 X117.5967 Y118.4199 Z0.2250 E0.00137 F1200
G1 X117.6203 Y118.4140 Z0.2250 E0.00137 F1200
G1 X117.6437 Y118.4074 Z0.2250 E0.00136 F1200
G1 X117.6669 Y118.4003 Z0.2250 E0.00136 F1200
G1 X117.6897 Y118.3926 Z0.2250 E0.00135 F1200
G1 X117.7123 Y118.3842 Z0.2250 E0.00135 F1200
G1 X117.7346 Y118.3754 Z0.2250 E0.00135 F1200
G1 X117.7565 Y118.3659 Z0.2250 E0.00134 F1200
G1 X117.7781 Y118.3560 Z0.2250 E0.00134 F1200
G1 X117.7994 Y118.3454 Z0.2250 E0.00133 F1200
G1 X117.8203 Y118.3344 Z0.2250 E0.00133 F1200
G1 X117.8408 Y118.3228 Z0.2250 E0.00132 F1200
G1 X117.8610 Y118.3108 Z0.2250 E0.00132 F1200
G1 X117.8807 Y118.2982 Z0.2250 E0.00131 F1200
G1 X117.9001 Y118.2852 Z0.2250 E0.00131 F1200
G1 X117.9190 Y118.2717 Z0.2250 E0.00130 F1200
G1 X117.9375 Y118.2578 Z0.2250 E0.00130 F1200
G1 X117.9556 Y118.2434 Z0.2250 E0.00130 F1200
G1 X117.9732 Y118.2286 Z0.2250 E0.00129 F1200
G1 X117.9903 Y118.2134 Z0.2250 E0.00129 F1200
G1 X118.0070 Y118.1978 Z0.2250 E0.00128 F1200
G1 X118.0232 Y118.1818 Z0.2250 E0.00128 F1200
G1 X118.0389 Y118.1654 Z0.2250 E0.00127 F1200
G1 X118.0541 Y118.1487 Z0.2250 E0.00127 F1200
G1 X118.0688 Y118.1317 Z0.2250 E0.00126 F1200
G1 X118.0830 Y118.1143 Z0.2250 E0.00126 F1200
G1 X118.0966 Y118.0966 Z0.2250 E0.00125 F1200
G1 X118.1098 Y118.0786 Z0.2250 E0.00125 F1200
G1 X118.1224 Y118.0604 Z0.2250 E0.00125 F1200
G1 X118.1345 Y118.0419 Z0.2250 E0.00124 F1200
G1 X118.1460 Y118.0231 Z0.2250 E0.00124 F1200
G1 X118.1570 Y118.0041 Z0.2250 E0.00123 F1200
G1 X118.1674 Y117.9849 Z0.2250 E0.00123 F1200
G1 X118.1773 Y117.9655 Z0.2250 E0.00122 F1200
G1 X118.1867 Y117.9459 Z0.2250 E0.00122 F1200
G1 X118.1954 Y117.9262 Z0.2250 E0.00121 F1200
G1 X118.2036 Y117.9062 Z0.2250 E0.00121 F1200
G1 X118.2113 Y117.8862 Z0.2250 E0.00120 F1200
G1 X118.2184 Y117.8660 Z0.2250 E0.00120 F1200
G1 X118.2249 Y117.8458 Z0.2250 E0.00120 F1200
G1 X118.2308 Y117.8254 Z0.2250 E0.00119 F1200
G1 X118.2362 Y117.8050 Z0.2250 E0.00119 F1200
G1 X118.2410 Y117.7845 Z0.2250 E0.00118 F1200
G1 X118.2453 Y117.7639 Z0.2250 E0.00118 F1200
G1 X118.2490 Y117.7434 Z0.2250 E0.00117 F1200
G1 X118.2521 Y117.7228 Z0.2250 E0.00117 F1200
G1 X118.2546 Y117.7022 Z0.2250 E0.00116 F1200
G1 X118.2566 Y117.6816 Z0.2250 E0.00116 F1200
G1 X118.2581 Y117.6611 Z0.2250 E0.00115 F1200
G1 X118.2589 Y117.6407 Z0.2250 E0.00115 F1200
G1 X118.2593 Y117.6203 Z0.2250 E0.00115 F1200
G1 X118.2591 Y117.5999 Z0.2250 E0.00114 F1200
G1 X118.2583 Y117.5797 Z0.2250 E0.00114 F1200
G1 X118.2570 Y117.5596 Z0.2250 E0.00113 F1200
G1 X118.2552 Y117.5396 Z0.2250 E0.00113 F1200
G1 X118.2529 Y117.5197 Z0.2250 E0.00112 F1200
G1 X118.2500 Y117.5000 Z0.2250 E0.00112 F1200
G1 X118.2466 Y117.4804 Z0.2250 E0.00111 F1200
G1 X118.2427 Y117.4611 Z0.2250 E0.00111 F1200
G1 X118.2383 Y117.4419 Z0.2250 E0.00110 F1200
G1 X118.2335 Y117.4229 Z0.2250 E0.00110 F1200
G1 X118.2281 Y117.4041 Z0.2250 E0.00110 F1200
G1 X118.2222 Y117.3856 Z0.2250 E0.00109 F1200
G1 X118.2159 Y117.3673 Z0.2250 E0.00109 F1200
G1 X118.2092 Y117.3493 Z0.2250 E0.00108 F1200
G1 X118.2019 Y117.3315 Z0.2250 E0.00108 F1200
G1 X118.1943 Y117.3140 Z0.2250 E0.00107 F1200
G1 X118.1862 Y117.2968 Z0.2250 E0.00107 F1200
G1 X118.1776 Y117.2798 Z0.2250 E0.00106 F1200
G1 X118.1687 Y117.2632 Z0.2250 E0.00106 F1200
G1 X118.1593 Y117.2469 Z0.2250 E0.00105 F1200
G1 X118.1496 Y117.2309 Z0.2250 E0.00105 F1200
G1 X118.1395 Y117.2153 Z0.2250 E0.00105 F1200
G1 X118.1290 Y117.2000 Z0.2250 E0.00104 F1200
G1 X118.1181 Y117.1850 Z0.2250 E0.00104 F1200
G1 X118.1069 Y117.1705 Z0.2250 E0.00103 F1200
G1 X118.0954 Y117.1562 Z0.2250 E0.00103 F1200
G1 X118.0835 Y117.1424 Z0.2250 E0.00102 F1200
G1 X118.0713 Y117.1290 Z0.2250 E0.00102 F1200
G1 X118.0589 Y117.1159 Z0.2250 E0.00101 F1200
G1 X118.0461 Y117.1032 Z0.2250 E0.00101 F1200
G1 X118.0330 Y117.0910 Z0.2250 E0.00100 F1200
G1 X118.0197 Y117.0791 Z0.2250 E0.00100 F1200
G1 X118.0061 Y117.0677 Z0.2250 E0.00100 F1200
G1 X117.9923 Y117.0567 Z0.2250 E0.00099 F1200
G1 X117.9783 Y117.0461 Z0.2250 E0.00099 F1200
G1 X117.9640 Y117.0360 Z0.2250 E0.00098 F1200
G1 X117.9496 Y117.0262 Z0.2250 E0.00098 F1200
G1 X117.9349 Y117.0170 Z0.2250 E0.00097 F1200
G1 X117.9201 Y117.0081 Z0.2250 E0.00097 F1200
G1 X117.9051 Y116.9997 Z0.2250 E0.00096 F1200
G1 X117.8900 Y116.9918 Z0.2250 E0.00096 F1200
G1 X117.8747 Y116.9843 Z0.2250 E0.00096 F1200
G1 X117.8593 Y116.9772 Z0.2250 E0.00095 F1200
G1 X117.8438 Y116.9706 Z0.2250 E0.00095 F1200
G1 X117.8282 Y116.9644 Z0.2250 E0.00094 F1200
G1 X117.8125 Y116.9587 Z0.2250 E0.00094 F1200
G1 X117.7967 Y116.9535 Z0.2250 E0.00093 F1200
G1 X117.7809 Y116.9487 Z0.2250 E0.00093 F1200
G1 X117.7650 Y116.9443 Z0.2250 E0.00092 F1200
G1 X117.7491 Y116.9405 Z0.2250 E0.00092 F1200
G1 X117.7332 Y116.9370 Z0.2250 E0.00091 F1200
G1 X117.7173 Y116.9340 Z0.2250 E0.00091 F1200
G1 X117.7013 Y116.9315 Z0.2250 E0.00091 F1200
G1 X117.6854 Y116.9294 Z0.2250 E0.00090 F1200
G1 X117.6695 Y116.9277 Z0.2250 E0.00090 F1200
G1 X117.6537 Y116.9265 Z0.2250 E0.00089 F1200
G1 X117.6379 Y116.9257 Z0.2250 E0.00089 F1200
G1 X117.6221 Y116.9253 Z0.2250 E0.00088 F1200
G1 X117.6065 Y116.9254 Z0.2250 E0.00088 F1200
G1 X117.5909 Y116.9259 Z0.2250 E0.00087 F1200
G1 X117.5755 Y116.9268 Z0.2250 E0.00087 F1200
G1 X117.5601 Y116.9281 Z0.2250 E0.00087 F1200
G1 X117.5449 Y116.9299 Z0.2250 E0.00086 F1200
G1 X117.5298 Y116.9320 Z0.2250 E0.00086 F1200
G1 X117.5148 Y116.9346 Z0.2250 E0.00085 F1200
G1 X117.5000 Y116.9375 Z0.2250 E0.00085 F1200
G1 X117.4854 Y116.9408 Z0.2250 E0.00084 F1200
G1 X117.4709 Y116.9445 Z0.2250 E0.00084 F1200
G1 X117.4566 Y116.9486 Z0.2250 E0.00083 F1200
G1 X117.4425 Y116.9530 Z0.2250 E0.00083 F1200
G1 X117.4286 Y116.9578 Z0.2250 E0.00082 F1200
G1 X117.4149 Y116.9629 Z0.2250 E0.00082 F1200
G1 X117.4015 Y116.9684 Z0.2250 E0.00082 F1200
G1 X117.3882 Y116.9742 Z0.2250 E0.00081 F1200
G1 X117.3753 Y116.9804 Z0.2250 E0.00081 F1200
G1 X117.3625 Y116.9869 Z0.2250 E0.00080 F1200
G1 X117.3500 Y116.9936 Z0.2250 E0.00080 F1200
G1 X117.3378 Y117.0007 Z0.2250 E0.00079 F1200
G1 X117.3258 Y117.0081 Z0.2250 E0.00079 F1200
G1 X117.3141 Y117.0157 Z0.2250 E0.00078 F1200
G1 X117.3027 Y117.0236 Z0.2250 E0.00078 F1200
G1 X117.2915 Y117.0318 Z0.2250 E0.00078 F1200
G1 X117.2807 Y117.0402 Z0.2250 E0.00077 F1200
G1 X117.2702 Y117.0489 Z0.2250 E0.00077 F1200
G1 X117.2599 Y117.0578 Z0.2250 E0.00076 F1200
G1 X117.2500 Y117.0670 Z0.2250 E0.00076 F1200
G1 X117.2404 Y117.0763 Z0.2250 E0.00075 F1200
G1 X117.2311 Y117.0859 Z0.2250 E0.00075 F1200
G1 X117.2221 Y117.0957 Z0.2250 E0.00074 F1200
G1 X117.2135 Y117.1056 Z0.2250 E0.00074 F1200
G1 X117.2051 Y117.1157 Z0.2250 E0.00074 F1200
G1 X117.1971 Y117.1260 Z0.2250 E0.00073 F1200
G1 X117.1895 Y117.1364 Z0.2250 E0.00073 F1200
G1 X117.1822 Y117.1470 Z0.2250 E0.00072 F1200
G1 X117.1752 Y117.1577 Z0.2250 E0.00072 F1200
G1 X117.1685 Y117.1685 Z0.2250 E0.00071 F1200
G1 X117.1622 Y117.1795 Z0.2250 E0.00071 F1200
G1 X117.1563 Y117.1905 Z0.2250 E0.00070 F1200
G1 X117.1507 Y117.2017 Z0.2250 E0.00070 F1200
G1 X117.1454 Y117.2129 Z0.2250 E0.00070 F1200
G1 X117.1405 Y117.2242 Z0.2250 E0.00069 F1200
G1 X117.1359 Y117.2355 Z0.2250 E0.00069 F1200
G1 X117.1317 Y117.2469 Z0.2250 E0.00068 F1200
G1 X117.1278 Y117.2583 Z0.2250 E0.00068 F1200
G1 X117.1243 Y117.2698 Z0.2250 E0.00067 F1200
G1 X117.1211 Y117.2812 Z0.2250 E0.00067 F1200
G1 X117.1183 Y117.2927 Z0.2250 E0.00066 F1200
G1 X117.1158 Y117.3042 Z0.2250 E0.00066 F1200
G1 X117.1136 Y117.3157 Z0.2250 E0.00066 F1200
G1 X117.1117 Y117.3271 Z0.2250 E0.00065 F1200
G1 X117.1102 Y117.3386 Z0.2250 E0.00065 F1200
G1 X117.1091 Y117.3499 Z0.2250 E0.00064 F1200
G1 X117.1082 Y117.3613 Z0.2250 E0.00064 F1200
G1 X117.1077 Y117.3725 Z0.2250 E0.00063 F1200
G1 X117.1075 Y117.3837 Z0.2250 E0.00063 F1200
G1 X117.1076 Y117.3949 Z0.2250 E0.00062 F1200
G1 X117.1080 Y117.4059 Z0.2250 E0.00062 F1200
G1 X117.1087 Y117.4168 Z0.2250 E0.00062 F1200
G1 X117.1098 Y117.4277 Z0.2250 E0.00061 F1200
G1 X117.1111 Y117.4384 Z0.2250 E0.00061 F1200
G1 X117.1127 Y117.4490 Z0.2250 E0.00060 F1200
G1 X117.1146 Y117.4595 Z0.2250 E0.00060 F1200
G1 X117.1168 Y117.4698 Z0.2250 E0.00059 F1200
G1 X117.1193 Y117.4800 Z0.2250 E0.00059 F1200
G1 X117.1220 Y117.4901 Z0.2250 E0.00058 F1200
G1 X117.1250 Y117.5000 Z0.2250 E0.00058 F1200
G1 X117.1283 Y117.5097 Z0.2250 E0.00058 F1200
G1 X117.1318 Y117.5193 Z0.2250 E0.00057 F1200
G1 X117.1355 Y117.5287 Z0.2250 E0.00057 F1200
G1 X117.1395 Y117.5379 Z0.2250 E0.00056 F1200
G1 X117.1437 Y117.5469 Z0.2250 E0.00056 F1200
G1 X117.1481 Y117.5557 Z0.2250 E0.00055 F1200
G1 X117.1528 Y117.5644 Z0.2250 E0.00055 F1200
G1 X117.1576 Y117.5728 Z0.2250 E0.00055 F1200
G1 X117.1627 Y117.5810 Z0.2250 E0.00054 F1200
G1 X117.1680 Y117.5890 Z0.2250 E0.00054 F1200
G1 X117.1734 Y117.5967 Z0.2250 E0.00053 F1200
G1 X117.1790 Y117.6043 Z0.2250 E0.00053 F1200
G1 X117.1848 Y117.6116 Z0.2250 E0.00052 F1200
G1 X117.1908 Y117.6187 Z0.2250 E0.00052 F1200
G1 X117.1969 Y117.6256 Z0.2250 E0.00052 F1200
G1 X117.2031 Y117.6322 Z0.2250 E0.00051 F1200
G1 X117.2095 Y117.6386 Z0.2250 E0.00051 F1200
G1 X117.2160 Y117.6447 Z0.2250 E0.00050 F1200
G1 X117.2226 Y117.6506 Z0.2250 E0.00050 F1200
G1 X117.2294 Y117.6562 Z0.2250 E0.00049 F1200
G1 X117.2362 Y117.6616 Z0.2250 E0.00049 F1200
G1 X117.2432 Y117.6668 Z0.2250 E0.00049 F1200
G1 X117.2502 Y117.6717 Z0.2250 E0.00048 F1200
G1 X117.2573 Y117.6763 Z0.2250 E0.00048 F1200
G1 X117.2645 Y117.6807 Z0.2250 E0.00047 F1200
G1 X117.2717 Y117.6849 Z0.2250 E0.00047 F1200
G1 X117.2790 Y117.6887 Z0.2250 E0.00046 F1200
G1 X117.2863 Y117.6924 Z0.2250 E0.00046 F1200
G1 X117.2937 Y117.6958 Z0.2250 E0.00046 F1200
G1 X117.3011 Y117.6989 Z0.2250 E0.00045 F1200
G1 X117.3086 Y117.7017 Z0.2250 E0.00045 F1200
G1 X117.3160 Y117.7044 Z0.2250 E0.00044 F1200
G1 X117.3234 Y117.7067 Z0.2250 E0.00044 F1200
G1 X117.3309 Y117.7089 Z0.2250 E0.00043 F1200
G1 X117.3383 Y117.7107 Z0.2250 E0.00043 F1200
G1 X117.3457 Y117.7124 Z0.2250 E0.00043 F1200
G1 X117.3531 Y117.7138 Z0.2250 E0.00042 F1200
G1 X117.3604 Y117.7149 Z0.2250 E0.00042 F1200
G1 X117.3677 Y117.7158 Z0.2250 E0.00041 F1200
G1 X117.3750 Y117.7165 Z0.2250 E0.00041 F1200
G1 X117.3822 Y117.7170 Z0.2250 E0.00040 F1200
G1 X117.3893 Y117.7172 Z0.2250 E0.00040 F1200
G1 X117.3964 Y117.7172 Z0.2250 E0.00040 F1200
G1 X117.4034 Y117.7170 Z0.2250 E0.00039 F1200
G1 X117.4103 Y117.7165 Z0.2250 E0.00039 F1200
G1 X117.4171 Y117.7159 Z0.2250 E0.00038 F1200
G1 X117.4239 Y117.7150 Z0.2250 E0.00038 F1200
G1 X117.4305 Y117.7140 Z0.2250 E0.00038 F1200
G1 X117.4370 Y117.7127 Z0.2250 E0.00037 F1200
G1 X117.4434 Y117.7113 Z0.2250 E0.00037 F1200
G1 X117.4497 Y117.7097 Z0.2250 E0.00036 F1200
G1 X117.4558 Y117.7079 Z0.2250 E0.00036 F1200
G1 X117.4618 Y117.7059 Z0.2250 E0.00036 F1200
G1 X117.4677 Y117.7037 Z0.2250 E0.00035 F1200
G1 X117.4735 Y117.7014 Z0.2250 E0.00035 F1200
G1 X117.4791 Y117.6989 Z0.2250 E0.00034 F1200
G1 X117.4846 Y117.6963 Z0.2250 E0.00034 F1200
G1 X117.4899 Y117.6935 Z0.2250 E0.00034 F1200
G1 X117.4950 Y117.6906 Z0.2250 E0.00033 F1200
G1 X117.5000 Y117.6875 Z0.2250 E0.00033 F1200
G1 X117.5048 Y117.6843 Z0.2250 E0.00032 F1200
G1 X117.5095 Y117.6810 Z0.2250 E0.00032 F1200
G1 X117.5140 Y117.6776 Z0.2250 E0.00032 F1200
G1 X117.5183 Y117.6740 Z0.2250 E0.00031 F1200
G1 X117.5224 Y117.6704 Z0.2250 E0.00031 F1200
G1 X117.5264 Y117.6667 Z0.2250 E0.00031 F1200
G1 X117.5302 Y117.6629 Z0.2250 E0.00030 F1200
G1 X117.5338 Y117.6589 Z0.2250 E0.00030 F1200
G1 X117.5372 Y117.6550 Z0.2250 E0.00029 F1200
G1 X117.5404 Y117.6509 Z0.2250 E0.00029 F1200
G1 X117.5435 Y117.6468 Z0.2250 E0.00029 F1200
G1 X117.5464 Y117.6427 Z0.2250 E0.00028 F1200
G1 X117.5490 Y117.6385 Z0.2250 E0.00028 F1200
G1 X117.5515 Y117.6342 Z0.2250 E0.00028 F1200
G1 X117.5538 Y117.6299 Z0.2250 E0.00027 F1200
G1 X117.5559 Y117.6256 Z0.2250 E0.00027 F1200
G1 X117.5578 Y117.6213 Z0.2250 E0.00027 F1200
G1 X117.5596 Y117.6169 Z0.2250 E0.00026 F1200
G1 X117.5611 Y117.6126 Z0.2250 E0.00026 F1200
G1 X117.5625 Y117.6083 Z0.2250 E0.00026 F1200
G1 X117.5637 Y117.6039 Z0.2250 E0.00025 F1200
G1 X117.5647 Y117.5996 Z0.2250 E0.00025 F1200
G1 X117.5655 Y117.5953 Z0.2250 E0.00025 F1200
G1 X117.5661 Y117.5910 Z0.2250 E0.00024 F1200
G1 X117.5666 Y117.5868 Z0.2250 E0.00024 F1200
G1 X117.5669 Y117.5826 Z0.2250 E0.00024 F1200
G1 X117.5670 Y117.5784 Z0.2250 E0.00023 F1200
G1 X117.5669 Y117.5743 Z0.2250 E0.00023 F1200
G1 X117.5667 Y117.5703 Z0.2250 E0.00023 F1200
G1 X117.5663 Y117.5663 Z0.2250 E0.00022 F1200
G1 X117.5657 Y117.5624 Z0.2250 E0.00022 F1200
G1 X117.5650 Y117.5585 Z0.2250 E0.00022 F1200
G1 X117.5642 Y117.5548 Z0.2250 E0.00022 F1200
G1 X117.5631 Y117.5511 Z0.2250 E0.00021 F1200
G1 X117.5620 Y117.5476 Z0.2250 E0.00021 F1200
G1 X117.5607 Y117.5441 Z0.2250 E0.00021 F1200
G1 X117.5592 Y117.5407 Z0.2250 E0.00021 F1200
G1 X117.5577 Y117.5374 Z0.2250 E0.00020 F1200
G1 X117.5560 Y117.5343 Z0.2250 E0.00020 F1200
G1 X117.5541 Y117.5312 Z0.2250 E0.00020 F1200
G1 X117.5522 Y117.5283 Z0.2250 E0.00020 F1200
G1 X117.5501 Y117.5255 Z0.2250 E0.00019 F1200
G1 X117.5479 Y117.5229 Z0.2250 E0.00019 F1200
G1 X117.5457 Y117.5203 Z0.2250 E0.00019 F1200
G1 X117.5433 Y117.5179 Z0.2250 E0.00019 F1200
G1 X117.5408 Y117.5157 Z0.2250 E0.00019 F1200
G1 X117.5383 Y117.5136 Z0.2250 E0.00019 F1200
G1 X117.5357 Y117.5116 Z0.2250 E0.00018 F1200
G1 X117.5330 Y117.5098 Z0.2250 E0.00018 F1200
G1 X117.5302 Y117.5081 Z0.2250 E0.00018 F1200
G1 X117.5273 Y117.5066 Z0.2250 E0.00018 F1200
G1 X117.5245 Y117.5052 Z0.2250 E0.00018 F1200
G1 X117.5215 Y117.5040 Z0.2250 E0.00018 F1200
G1 X117.5185 Y117.5029 Z0.2250 E0.00018 F1200
G1 X117.5155 Y117.5020 Z0.2250 E0.00018 F1200
G1 X117.5124 Y117.5013 Z0.2250 E0.00018 F1200
G1 X117.5093 Y117.5007 Z0.2250 E0.00018 F1200
G1 X117.5062 Y117.5003 Z0.2250 E0.00018 F1200
G1 X117.5031 Y117.5001 Z0.2250 E0.00018 F1200
G1 X117.5000 Y117.5000 Z0.2250 E0.00018 F1200
G1 X117.5019 Y117.5000 Z0.2251 E0.00010 F2400
G1 X117.5037 Y117.5002 Z0.2251 E0.00010 F2400
G1 X117.5055 Y117.5004 Z0.2252 E0.00010 F2400
G1 X117.5074 Y117.5008 Z0.2252 E0.00010 F2400
G1 X117.5092 Y117.5012 Z0.2253 E0.00010 F2400
G1 X117.5110 Y117.5017 Z0.2253 E0.00011 F2400
G1 X117.5127 Y117.5024 Z0.2254 E0.00011 F2400
G1 X117.5145 Y117.5031 Z0.2254 E0.00011 F2400
G1 X117.5162 Y117.5039 Z0.2255 E0.00011 F2400
G1 X117.5179 Y117.5048 Z0.2256 E0.00011 F2400
G1 X117.5195 Y117.5058 Z0.2256 E0.00011 F2400
G1 X117.5211 Y117.5069 Z0.2257 E0.00011 F2400
G1 X117.5227 Y117.5080 Z0.2257 E0.00011 F2400
G1 X117.5242 Y117.5093 Z0.2258 E0.00011 F2400
G1 X117.5257 Y117.5106 Z0.2259 E0.00011 F2400
G1 X117.5271 Y117.5121 Z0.2259 E0.00011 F2400
G1 X117.5284 Y117.5136 Z0.2260 E0.00011 F2400
G1 X117.5297 Y117.5151 Z0.2260 E0.00011 F2400
G1 X117.5309 Y117.5168 Z0.2261 E0.00012 F2400
G1 X117.5321 Y117.5185 Z0.2262 E0.00012 F2400
G1 X117.5332 Y117.5203 Z0.2262 E0.00012 F2400
G1 X117.5342 Y117.5222 Z0.2263 E0.00012 F2400
G1 X117.5351 Y117.5241 Z0.2264 E0.00012 F2400
G1 X117.5360 Y117.5261 Z0.2264 E0.00012 F2400
G1 X117.5367 Y117.5282 Z0.2265 E0.00012 F2400
G1 X117.5374 Y117.5303 Z0.2265 E0.00013 F2400
G1 X117.5380 Y117.5325 Z0.2266 E0.00013 F2400
G1 X117.5385 Y117.5347 Z0.2267 E0.00013 F2400
G1 X117.5390 Y117.5370 Z0.2268 E0.00013 F2400
G1 X117.5393 Y117.5393 Z0.2268 E0.00013 F2400
G1 X117.5395 Y117.5416 Z0.2269 E0.00013 F2400
G1 X117.5397 Y117.5440 Z0.2270 E0.00013 F2400
G1 X117.5397 Y117.5465 Z0.2270 E0.00014 F2400
G1 X117.5396 Y117.5489 Z0.2271 E0.00014 F2400
G1 X117.5395 Y117.5514 Z0.2272 E0.00014 F2400
G1 X117.5392 Y117.5539 Z0.2273 E0.00014 F2400
G1 X117.5388 Y117.5565 Z0.2273 E0.00014 F2400
G1 X117.5383 Y117.5590 Z0.2274 E0.00015 F2400
G1 X117.5377 Y117.5616 Z0.2275 E0.00015 F2400
G1 X117.5370 Y117.5642 Z0.2276 E0.00015 F2400
G1 X117.5362 Y117.5667 Z0.2277 E0.00015 F2400
G1 X117.5353 Y117.5693 Z0.2277 E0.00015 F2400
G1 X117.5343 Y117.5719 Z0.2278 E0.00016 F2400
G1 X117.5331 Y117.5744 Z0.2279 E0.00016 F2400
G1 X117.5319 Y117.5770 Z0.2280 E0.00016 F2400
G1 X117.5305 Y117.5795 Z0.2281 E0.00016 F2400
G1 X117.5291 Y117.5820 Z0.2282 E0.00016 F2400
G1 X117.5275 Y117.5845 Z0.2283 E0.00017 F2400
G1 X117.5258 Y117.5870 Z0.2283 E0.00017 F2400
G1 X117.5240 Y117.5894 Z0.2284 E0.00017 F2400
G1 X117.5220 Y117.5918 Z0.2285 E0.00017 F2400
G1 X117.5200 Y117.5942 Z0.2286 E0.00017 F2400
G1 X117.5179 Y117.5965 Z0.2287 E0.00018 F2400
G1 X117.5156 Y117.5988 Z0.2288 E0.00018 F2400
G1 X117.5133 Y117.6010 Z0.2289 E0.00018 F2400
G1 X117.5108 Y117.6031 Z0.2290 E0.00018 F2400
G1 X117.5083 Y117.6052 Z0.2291 E0.00019 F2400
G1 X117.5056 Y117.6073 Z0.2292 E0.00019 F2400
G1 X117.5029 Y117.6092 Z0.2293 E0.00019 F2400
G1 X117.5000 Y117.6111 Z0.2294 E0.00019 F2400
G1 X117.4970 Y117.6129 Z0.2295 E0.00019 F2400
G1 X117.4940 Y117.6147 Z0.2296 E0.00020 F2400
G1 X117.4908 Y117.6163 Z0.2297 E0.00020 F2400
G1 X117.4876 Y117.6179 Z0.2298 E0.00020 F2400
G1 X117.4843 Y117.6193 Z0.2299 E0.00020 F2400
G1 X117.4809 Y117.6207 Z0.2301 E0.00021 F2400
G1 X117.4774 Y117.6220 Z0.2302 E0.00021 F2400
G1 X117.4738 Y117.6232 Z0.2303 E0.00021 F2400
G1 X117.4702 Y117.6242 Z0.2304 E0.00021 F2400
G1 X117.4664 Y117.6252 Z0.2305 E0.00022 F2400
G1 X117.4627 Y117.6261 Z0.2306 E0.00022 F2400
G1 X117.4588 Y117.6268 Z0.2307 E0.00022 F2400
G1 X117.4549 Y117.6274 Z0.2309 E0.00022 F2400
G1 X117.4509 Y117.6279 Z0.2310 E0.00023 F2400
G1 X117.4468 Y117.6283 Z0.2311 E0.00023 F2400
G1 X117.4428 Y117.6286 Z0.2312 E0.00023 F2400
G1 X117.4386 Y117.6287 Z0.2314 E0.00023 F2400
G1 X117.4344 Y117.6287 Z0.2315 E0.00024 F2400
G1 X117.4302 Y117.6286 Z0.2316 E0.00024 F2400
G1 X117.4259 Y117.6283 Z0.2317 E0.00024 F2400
G1 X117.4216 Y117.6279 Z0.2319 E0.00024 F2400
G1 X117.4173 Y117.6274 Z0.2320 E0.00025 F2400
G1 X117.4129 Y117.6267 Z0.2321 E0.00025 F2400
G1 X117.4086 Y117.6258 Z0.2323 E0.00025 F2400
G1 X117.4042 Y117.6249 Z0.2324 E0.00025 F2400
G1 X117.3998 Y117.6238 Z0.2325 E0.00025 F2400
G1 X117.3954 Y117.6225 Z0.2327 E0.00026 F2400
G1 X117.3910 Y117.6211 Z0.2328 E0.00026 F2400
G1 X117.3865 Y117.6196 Z0.2329 E0.00026 F2400
G1 X117.3821 Y117.6179 Z0.2331 E0.00026 F2400
G1 X117.3778 Y117.6160 Z0.2332 E0.00027 F2400
G1 X117.3734 Y117.6140 Z0.2334 E0.00027 F2400
G1 X117.3690 Y117.6118 Z0.2335 E0.00027 F2400
G1 X117.3647 Y117.6095 Z0.2337 E0.00027 F2400
G1 X117.3604 Y117.6071 Z0.2338 E0.00028 F2400
G1 X117.3562 Y117.6045 Z0.2340 E0.00028 F2400
G1 X117.3520 Y117.6017 Z0.2341 E0.00028 F2400
G1 X117.3478 Y117.5988 Z0.2343 E0.00029 F2400
G1 X117.3437 Y117.5958 Z0.2344 E0.00029 F2400
G1 X117.3396 Y117.5926 Z0.2346 E0.00029 F2400
G1 X117.3356 Y117.5892 Z0.2347 E0.00029 F2400
G1 X117.3317 Y117.5858 Z0.2349 E0.00030 F2400
G1 X117.3278 Y117.5821 Z0.2351 E0.00030 F2400
G1 X117.3241 Y117.5783 Z0.2352 E0.00030 F2400
G1 X117.3204 Y117.5744 Z0.2354 E0.00030 F2400
G1 X117.3167 Y117.5703 Z0.2355 E0.00031 F2400
G1 X117.3132 Y117.5661 Z0.2357 E0.00031 F2400
G1 X117.3098 Y117.5618 Z0.2359 E0.00031 F2400
G1 X117.3065 Y117.5573 Z0.2360 E0.00031 F2400
G1 X117.3032 Y117.5527 Z0.2362 E0.00032 F2400
G1 X117.3001 Y117.5480 Z0.2364 E0.00032 F2400
G1 X117.2971 Y117.5431 Z0.2365 E0.00032 F2400
G1 X117.2942 Y117.5381 Z0.2367 E0.00032 F2400
G1 X117.2915 Y117.5330 Z0.2369 E0.00033 F2400
G1 X117.2889 Y117.5278 Z0.2371 E0.00033 F2400
G1 X117.2864 Y117.5225 Z0.2372 E0.00033 F2400
G1 X117.2840 Y117.5170 Z0.2374 E0.00033 F2400
G1 X117.2818 Y117.5114 Z0.2376 E0.00034 F2400
G1 X117.2797 Y117.5058 Z0.2378 E0.00034 F2400
G1 X117.2778 Y117.5000 Z0.2380 E0.00034 F2400
G1 X117.2760 Y117.4941 Z0.2381 E0.00034 F2400
G1 X117.2744 Y117.4882 Z0.2383 E0.00035 F2400
G1 X117.2729 Y117.4821 Z0.2385 E0.00035 F2400
G1 X117.2716 Y117.4760 Z0.2387 E0.00035 F2400
G1 X117.2705 Y117.4698 Z0.2389 E0.00035 F2400
G1 X117.2695 Y117.4635 Z0.2391 E0.00036 F2400
G1 X117.2688 Y117.4571 Z0.2393 E0.00036 F2400
G1 X117.2681 Y117.4507 Z0.2395 E0.00036 F2400
G1 X117.2677 Y117.4442 Z0.2397 E0.00036 F2400
G1 X117.2675 Y117.4377 Z0.2399 E0.00037 F2400
G1 X117.2674 Y117.4311 Z0.2401 E0.00037 F2400
G1 X117.2675 Y117.4245 Z0.2403 E0.00037 F2400
G1 X117.2678 Y117.4178 Z0.2405 E0.00038 F2400
G1 X117.2683 Y117.4111 Z0.2407 E0.00038 F2400
G1 X117.2690 Y117.4043 Z0.2409 E0.00038 F2400
G1 X117.2699 Y117.3976 Z0.2411 E0.00038 F2400
G1 X117.2710 Y117.3908 Z0.2413 E0.00039 F2400
G1 X117.2723 Y117.3840 Z0.2415 E0.00039 F2400
G1 X117.2738 Y117.3772 Z0.2417 E0.00039 F2400
G1 X117.2755 Y117.3704 Z0.2419 E0.00039 F2400
G1 X117.2774 Y117.3636 Z0.2421 E0.00040 F2400
G1 X117.2795 Y117.3568 Z0.2423 E0.00040 F2400
G1 X117.2818 Y117.3500 Z0.2425 E0.00040 F2400
G1 X117.2843 Y117.3433 Z0.2428 E0.00040 F2400
G1 X117.2870 Y117.3365 Z0.2430 E0.00041 F2400
G1 X117.2899 Y117.3299 Z0.2432 E0.00041 F2400
G1 X117.2930 Y117.3232 Z0.2434 E0.00041 F2400
G1 X117.2963 Y117.3166 Z0.2436 E0.00041 F2400
G1 X117.2999 Y117.3101 Z0.2439 E0.00042 F2400
G1 X117.3036 Y117.3036 Z0.2441 E0.00042 F2400
G1 X117.3075 Y117.2972 Z0.2443 E0.00042 F2400
G1 X117.3117 Y117.2908 Z0.2445 E0.00043 F2400
G1 X117.3160 Y117.2846 Z0.2448 E0.00043 F2400
G1 X117.3205 Y117.2784 Z0.2450 E0.00043 F2400
G1 X117.3253 Y117.2723 Z0.2452 E0.00043 F2400
G1 X117.3302 Y117.2663 Z0.2455 E0.00044 F2400
G1 X117.3353 Y117.2604 Z0.2457 E0.00044 F2400
G1 X117.3406 Y117.2546 Z0.2459 E0.00044 F2400
G1 X117.3462 Y117.2489 Z0.2462 E0.00044 F2400
G1 X117.3519 Y117.2434 Z0.2464 E0.00045 F2400
G1 X117.3577 Y117.2380 Z0.2466 E0.00045 F2400
G1 X117.3638 Y117.2327 Z0.2469 E0.00045 F2400
G1 X117.3700 Y117.2276 Z0.2471 E0.00045 F2400
G1 X117.3765 Y117.2226 Z0.2474 E0.00046 F2400
G1 X117.3831 Y117.2177 Z0.2476 E0.00046 F2400
G1 X117.3898 Y117.2130 Z0.2479 E0.00046 F2400
G1 X117.3968 Y117.2085 Z0.2481 E0.00047 F2400
G1 X117.4039 Y117.2041 Z0.2484 E0.00047 F2400
G1 X117.4111 Y117.1999 Z0.2486 E0.00047 F2400
G1 X117.4185 Y117.1959 Z0.2489 E0.00047 F2400
G1 X117.4261 Y117.1921 Z0.2491 E0.00048 F2400
G1 X117.4338 Y117.1884 Z0.2494 E0.00048 F2400
G1 X117.4416 Y117.1850 Z0.2496 E0.00048 F2400
G1 X117.4496 Y117.1817 Z0.2499 E0.00048 F2400
G1 X117.4577 Y117.1787 Z0.2502 E0.00049 F2400
G1 X117.4659 Y117.1759 Z0.2504 E0.00049 F2400
G1 X117.4743 Y117.1732 Z0.2507 E0.00049 F2400
G1 X117.4827 Y117.1708 Z0.2509 E0.00049 F2400
G1 X117.4913 Y117.1686 Z0.2512 E0.00050 F2400
G1 X117.5000 Y117.1667 Z0.2515 E0.00050 F2400
G1 X117.5088 Y117.1649 Z0.2517 E0.00050 F2400
G1 X117.5176 Y117.1634 Z0.2520 E0.00050 F2400
G1 X117.5266 Y117.1622 Z0.2523 E0.00051 F2400
G1 X117.5356 Y117.1611 Z0.2526 E0.00051 F2400
G1 X117.5447 Y117.1603 Z0.2528 E0.00051 F2400
G1 X117.5539 Y117.1598 Z0.2531 E0.00052 F2400
G1 X117.5631 Y117.1595 Z0.2534 E0.00052 F2400
G1 X117.5724 Y117.1595 Z0.2537 E0.00052 F2400
G1 X117.5817 Y117.1597 Z0.2539 E0.00052 F2400
G1 X117.5911 Y117.1601 Z0.2542 E0.00053 F2400
G1 X117.6005 Y117.1609 Z0.2545 E0.00053 F2400
G1 X117.6099 Y117.1618 Z0.2548 E0.00053 F2400
G1 X117.6193 Y117.1631 Z0.2551 E0.00053 F2400
G1 X117.6287 Y117.1646 Z0.2554 E0.00054 F2400
G1 X117.6382 Y117.1664 Z0.2557 E0.00054 F2400
G1 X117.6476 Y117.1684 Z0.2559 E0.00054 F2400
G1 X117.6571 Y117.1707 Z0.2562 E0.00054 F2400
G1 X117.6665 Y117.1733 Z0.2565 E0.00055 F2400
G1 X117.6758 Y117.1761 Z0.2568 E0.00055 F2400
G1 X117.6852 Y117.1792 Z0.2571 E0.00055 F2400
G1 X117.6945 Y117.1826 Z0.2574 E0.00056 F2400
G1 X117.7037 Y117.1863 Z0.2577 E0.00056 F2400
G1 X117.7129 Y117.1902 Z0.2580 E0.00056 F2400
G1 X117.7221 Y117.1944 Z0.2583 E0.00056 F2400
G1 X117.7311 Y117.1988 Z0.2586 E0.00057 F2400
G1 X117.7401 Y117.2035 Z0.2589 E0.00057 F2400
G1 X117.7490 Y117.2085 Z0.2592 E0.00057 F2400
G1 X117.7577 Y117.2138 Z0.2595 E0.00057 F2400
G1 X117.7664 Y117.2193 Z0.2598 E0.00058 F2400
G1 X117.7750 Y117.2250 Z0.2601 E0.00058 F2400
G1 X117.7834 Y117.2310 Z0.2605 E0.00058 F2400
G1 X117.7918 Y117.2373 Z0.2608 E0.00059 F2400
G1 X117.7999 Y117.2438 Z0.2611 E0.00059 F2400
G1 X117.8080 Y117.2506 Z0.2614 E0.00059 F2400
G1 X117.8159 Y117.2576 Z0.2617 E0.00059 F2400
G1 X117.8236 Y117.2649 Z0.2620 E0.00060 F2400
G1 X117.8312 Y117.2724 Z0.2624 E0.00060 F2400
G1 X117.8386 Y117.2801 Z0.2627 E0.00060 F2400
G1 X117.8458 Y117.2881 Z0.2630 E0.00060 F2400
G1 X117.8528 Y117.2963 Z0.2633 E0.00061 F2400
G1 X117.8597 Y117.3047 Z0.2636 E0.00061 F2400
G1 X117.8663 Y117.3134 Z0.2640 E0.00061 F2400
G1 X117.8727 Y117.3222 Z0.2643 E0.00061 F2400
G1 X117.8790 Y117.3313 Z0.2646 E0.00062 F2400
G1 X117.8849 Y117.3405 Z0.2650 E0.00062 F2400
G1 X117.8907 Y117.3500 Z0.2653 E0.00062 F2400
G1 X117.8963 Y117.3597 Z0.2656 E0.00063 F2400
G1 X117.9016 Y117.3695 Z0.2660 E0.00063 F2400
G1 X117.9066 Y117.3796 Z0.2663 E0.00063 F2400
G1 X117.9114 Y117.3898 Z0.2666 E0.00063 F2400
G1 X117.9160 Y117.4001 Z0.2670 E0.00064 F2400
G1 X117.9202 Y117.4107 Z0.2673 E0.00064 F2400
G1 X117.9243 Y117.4214 Z0.2677 E0.00064 F2400
G1 X117.9280 Y117.4322 Z0.2680 E0.00064 F2400
G1 X117.9315 Y117.4432 Z0.2684 E0.00065 F2400
G1 X117.9346 Y117.4543 Z0.2687 E0.00065 F2400
G1 X117.9375 Y117.4656 Z0.2691 E0.00065 F2400
G1 X117.9401 Y117.4769 Z0.2694 E0.00065 F2400
G1 X117.9424 Y117.4884 Z0.2698 E0.00066 F2400
G1 X117.9444 Y117.5000 Z0.2701 E0.00066 F2400
G1 X117.9461 Y117.5117 Z0.2705 E0.00066 F2400
G1 X117.9475 Y117.5235 Z0.2708 E0.00067 F2400
G1 X117.9486 Y117.5353 Z0.2712 E0.00067 F2400
G1 X117.9494 Y117.5472 Z0.2715 E0.00067 F2400
G1 X117.9498 Y117.5592 Z0.2719 E0.00067 F2400
G1 X117.9499 Y117.5713 Z0.2723 E0.00068 F2400
G1 X117.9497 Y117.5834 Z0.2726 E0.00068 F2400
G1 X117.9492 Y117.5955 Z0.2730 E0.00068 F2400
G1 X117.9484 Y117.6076 Z0.2733 E0.00068 F2400
G1 X117.9472 Y117.6198 Z0.2737 E0.00069 F2400
G1 X117.9457 Y117.6320 Z0.2741 E0.00069 F2400
G1 X117.9438 Y117.6442 Z0.2745 E0.00069 F2400
G1 X117.9416 Y117.6564 Z0.2748 E0.00070 F2400
G1 X117.9391 Y117.6686 Z0.2752 E0.00070 F2400
G1 X117.9363 Y117.6807 Z0.2756 E0.00070 F2400
G1 X117.9331 Y117.6928 Z0.2759 E0.00070 F2400
G1 X117.9296 Y117.7049 Z0.2763 E0.00071 F2400
G1 X117.9257 Y117.7169 Z0.2767 E0.00071 F2400
G1 X117.9215 Y117.7289 Z0.2771 E0.00071 F2400
G1 X117.9170 Y117.7407 Z0.2775 E0.00071 F2400
G1 X117.9121 Y117.7525 Z0.2778 E0.00072 F2400
G1 X117.9069 Y117.7643 Z0.2782 E0.00072 F2400
G1 X117.9014 Y117.7759 Z0.2786 E0.00072 F2400
G1 X117.8955 Y117.7874 Z0.2790 E0.00072 F2400
G1 X117.8893 Y117.7987 Z0.2794 E0.00073 F2400
G1 X117.8828 Y117.8100 Z0.2798 E0.00073 F2400
G1 X117.8760 Y117.8211 Z0.2802 E0.00073 F2400
G1 X117.8688 Y117.8321 Z0.2806 E0.00074 F2400
G1 X117.8613 Y117.8429 Z0.2810 E0.00074 F2400
G1 X117.8536 Y117.8536 Z0.2814 E0.00074 F2400
G1 X117.8455 Y117.8640 Z0.2818 E0.00074 F2400
G1 X117.8370 Y117.8743 Z0.2822 E0.00075 F2400
G1 X117.8283 Y117.8844 Z0.2826 E0.00075 F2400
G1 X117.8193 Y117.8943 Z0.2830 E0.00075 F2400
G1 X117.8100 Y117.9040 Z0.2834 E0.00075 F2400
G1 X117.8004 Y117.9135 Z0.2838 E0.00076 F2400
G1 X117.7905 Y117.9227 Z0.2842 E0.00076 F2400
G1 X117.7804 Y117.9318 Z0.2846 E0.00076 F2400
G1 X117.7700 Y117.9405 Z0.2850 E0.00077 F2400
G1 X117.7593 Y117.9491 Z0.2854 E0.00077 F2400
G1 X117.7483 Y117.9573 Z0.2858 E0.00077 F2400
G1 X117.7371 Y117.9653 Z0.2862 E0.00077 F2400
G1 X117.7256 Y117.9730 Z0.2866 E0.00078 F2400
G1 X117.7139 Y117.9805 Z0.2870 E0.00078 F2400
G1 X117.7020 Y117.9876 Z0.2875 E0.00078 F2400
G1 X117.6898 Y117.9945 Z0.2879 E0.00078 F2400
G1 X117.6774 Y118.0010 Z0.2883 E0.00079 F2400
G1 X117.6648 Y118.0072 Z0.2887 E0.00079 F2400
G1 X117.6520 Y118.0131 Z0.2892 E0.00079 F2400
G1 X117.6390 Y118.0187 Z0.2896 E0.00079 F2400
G1 X117.6258 Y118.0240 Z0.2900 E0.00080 F2400
G1 X117.6124 Y118.0289 Z0.2904 E0.00080 F2400
G1 X117.5989 Y118.0335 Z0.2909 E0.00080 F2400
G1 X117.5852 Y118.0377 Z0.2913 E0.00081 F2400
G1 X117.5713 Y118.0416 Z0.2917 E0.00081 F2400
G1 X117.5573 Y118.0451 Z0.2922 E0.00081 F2400
G1 X117.5432 Y118.0483 Z0.2926 E0.00081 F2400
G1 X117.5289 Y118.0511 Z0.2930 E0.00082 F2400
G1 X117.5145 Y118.0535 Z0.2935 E0.00082 F2400
G1 X117.5000 Y118.0556 Z0.2939 E0.00082 F2400
G1 X117.4854 Y118.0572 Z0.2943 E0.00082 F2400
G1 X117.4707 Y118.0585 Z0.2948 E0.00083 F2400
G1 X117.4560 Y118.0594 Z0.2952 E0.00083 F2400
G1 X117.4412 Y118.0599 Z0.2957 E0.00083 F2400
G1 X117.4263 Y118.0600 Z0.2961 E0.00084 F2400
G1 X117.4114 Y118.0597 Z0.2966 E0.00084 F2400
G1 X117.3964 Y118.0590 Z0.2970 E0.00084 F2400
G1 X117.3814 Y118.0579 Z0.2975 E0.00084 F2400
G1 X117.3664 Y118.0564 Z0.2979 E0.00085 F2400
G1 X117.3514 Y118.0545 Z0.2984 E0.00085 F2400
G1 X117.3364 Y118.0522 Z0.2988 E0.00085 F2400
G1 X117.3215 Y118.0495 Z0.2993 E0.00085 F2400
G1 X117.3065 Y118.0464 Z0.2997 E0.00086 F2400
G1 X117.2916 Y118.0429 Z0.3002 E0.00086 F2400
G1 X117.2768 Y118.0389 Z0.3007 E0.00086 F2400
G1 X117.2620 Y118.0346 Z0.3011 E0.00087 F2400
G1 X117.2473 Y118.0299 Z0.3016 E0.00087 F2400
G1 X117.2327 Y118.0247 Z0.3021 E0.00087 F2400
G1 X117.2181 Y118.0192 Z0.3025 E0.00087 F2400
G1 X117.2037 Y118.0132 Z0.3030 E0.00088 F2400
G1 X117.1894 Y118.0068 Z0.3035 E0.00088 F2400
G1 X117.1752 Y118.0001 Z0.3039 E0.00088 F2400
G1 X117.1612 Y117.9929 Z0.3044 E0.00088 F2400
G1 X117.1473 Y117.9854 Z0.3049 E0.00089 F2400
G1 X117.1336 Y117.9775 Z0.3053 E0.00089 F2400
G1 X117.1201 Y117.9692 Z0.3058 E0.00089 F2400
G1 X117.1067 Y117.9605 Z0.3063 E0.00089 F2400
G1 X117.0936 Y117.9514 Z0.3068 E0.00090 F2400
G1 X117.0806 Y117.9419 Z0.3073 E0.00090 F2400
G1 X117.0679 Y117.9321 Z0.3077 E0.00090 F2400
G1 X117.0554 Y117.9219 Z0.3082 E0.00091 F2400
G1 X117.0431 Y117.9114 Z0.3087 E0.00091 F2400
G1 X117.0311 Y117.9005 Z0.3092 E0.00091 F2400
G1 X117.0193 Y117.8892 Z0.3097 E0.00091 F2400
G1 X117.0078 Y117.8777 Z0.3102 E0.00092 F2400
G1 X116.9966 Y117.8657 Z0.3107 E0.00092 F2400
G1 X116.9857 Y117.8535 Z0.3112 E0.00092 F2400
G1 X116.9751 Y117.8409 Z0.3117 E0.00092 F2400
G1 X116.9647 Y117.8280 Z0.3122 E0.00093 F2400
G1 X116.9547 Y117.8148 Z0.3127 E0.00093 F2400
G1 X116.9450 Y117.8013 Z0.3131 E0.00093 F2400
G1 X116.9357 Y117.7875 Z0.3136 E0.00094 F2400
G1 X116.9267 Y117.7735 Z0.3142 E0.00094 F2400
G1 X116.9180 Y117.7591 Z0.3147 E0.00094 F2400
G1 X116.9097 Y117.7445 Z0.3152 E0.00094 F2400
G1 X116.9018 Y117.7296 Z0.3157 E0.00095 F2400
G1 X116.8943 Y117.7145 Z0.3162 E0.00095 F2400
G1 X116.8871 Y117.6991 Z0.3167 E0.00095 F2400
G1 X116.8803 Y117.6836 Z0.3172 E0.00095 F2400
G1 X116.8739 Y117.6678 Z0.3177 E0.00096 F2400
G1 X116.8680 Y117.6517 Z0.3182 E0.00096 F2400
G1 X116.8624 Y117.6355 Z0.3187 E0.00096 F2400
G1 X116.8572 Y117.6191 Z0.3192 E0.00097 F2400
G1 X116.8525 Y117.6026 Z0.3198 E0.00097 F2400
G1 X116.8482 Y117.5858 Z0.3203 E0.00097 F2400
G1 X116.8444 Y117.5689 Z0.3208 E0.00097 F2400
G1 X116.8409 Y117.5519 Z0.3213 E0.00098 F2400
G1 X116.8379 Y117.5347 Z0.3218 E0.00098 F2400
G1 X116.8354 Y117.5174 Z0.3224 E0.00098 F2400
G1 X116.8333 Y117.5000 Z0.3229 E0.00098 F2400
G1 X116.8317 Y117.4825 Z0.3234 E0.00099 F2400
G1 X116.8305 Y117.4649 Z0.3239 E0.00099 F2400
G1 X116.8299 Y117.4473 Z0.3245 E0.00099 F2400
G1 X116.8296 Y117.4295 Z0.3250 E0.00099 F2400
G1 X116.8299 Y117.4118 Z0.3255 E0.00100 F2400
G1 X116.8306 Y117.3940 Z0.3261 E0.00100 F2400
G1 X116.8318 Y117.3761 Z0.3266 E0.00100 F2400
G1 X116.8334 Y117.3583 Z0.3272 E0.00101 F2400
G1 X116.8355 Y117.3405 Z0.3277 E0.00101 F2400
G1 X116.8382 Y117.3227 Z0.3282 E0.00101 F2400
G1 X116.8413 Y117.3049 Z0.3288 E0.00101 F2400
G1 X116.8448 Y117.2871 Z0.3293 E0.00102 F2400
G1 X116.8489 Y117.2694 Z0.3299 E0.00102 F2400
G1 X116.8534 Y117.2518 Z0.3304 E0.00102 F2400
G1 X116.8584 Y117.2342 Z0.3310 E0.00102 F2400
G1 X116.8639 Y117.2168 Z0.3315 E0.00103 F2400
G1 X116.8699 Y117.1994 Z0.3321 E0.00103 F2400
G1 X116.8763 Y117.1822 Z0.3326 E0.00103 F2400
G1 X116.8832 Y117.1651 Z0.3332 E0.00104 F2400
G1 X116.8906 Y117.1481 Z0.3337 E0.00104 F2400
G1 X116.8984 Y117.1313 Z0.3343 E0.00104 F2400
G1 X116.9067 Y117.1147 Z0.3348 E0.00104 F2400
G1 X116.9155 Y117.0983 Z0.3354 E0.00105 F2400
G1 X116.9247 Y117.0820 Z0.3359 E0.00105 F2400
G1 X116.9344 Y117.0660 Z0.3365 E0.00105 F2400
G1 X116.9445 Y117.0502 Z0.3371 E0.00105 F2400
G1 X116.9550 Y117.0346 Z0.3376 E0.00106 F2400
G1 X116.9660 Y117.0192 Z0.3382 E0.00106 F2400
G1 X116.9775 Y117.0041 Z0.3388 E0.00106 F2400
G1 X116.9893 Y116.9893 Z0.3393 E0.00107 F2400
G1 X117.0016 Y116.9748 Z0.3399 E0.00107 F2400
G1 X117.0143 Y116.9605 Z0.3405 E0.00107 F2400
G1 X117.0273 Y116.9466 Z0.3411 E0.00107 F2400
G1 X117.0408 Y116.9330 Z0.3416 E0.00108 F2400
G1 X117.0547 Y116.9197 Z0.3422 E0.00108 F2400
G1 X117.0690 Y116.9067 Z0.3428 E0.00108 F2400
G1 X117.0836 Y116.8941 Z0.3434 E0.00108 F2400
G1 X117.0986 Y116.8819 Z0.3439 E0.00109 F2400
G1 X117.1139 Y116.8700 Z0.3445 E0.00109 F2400
G1 X117.1296 Y116.8585 Z0.3451 E0.00109 F2400
G1 X117.1457 Y116.8474 Z0.3457 E0.00110 F2400
G1 X117.1620 Y116.8367 Z0.3463 E0.00110 F2400
G1 X117.1787 Y116.8264 Z0.3469 E0.00110 F2400
G1 X117.1957 Y116.8165 Z0.3475 E0.00110 F2400
G1 X117.2130 Y116.8071 Z0.3481 E0.00111 F2400
G1 X117.2306 Y116.7981 Z0.3486 E0.00111 F2400
G1 X117.2484 Y116.7895 Z0.3492 E0.00111 F2400
G1 X117.2665 Y116.7814 Z0.3498 E0.00111 F2400
G1 X117.2849 Y116.7738 Z0.3504 E0.00112 F2400
G1 X117.3035 Y116.7666 Z0.3510 E0.00112 F2400
G1 X117.3223 Y116.7599 Z0.3516 E0.00112 F2400
G1 X117.3414 Y116.7537 Z0.3522 E0.00113 F2400
G1 X117.3606 Y116.7480 Z0.3528 E0.00113 F2400
G1 X117.3801 Y116.7428 Z0.3534 E0.00113 F2400
G1 X117.3997 Y116.7381 Z0.3540 E0.00113 F2400
G1 X117.4195 Y116.7338 Z0.3546 E0.00114 F2400
G1 X117.4394 Y116.7302 Z0.3553 E0.00114 F2400
G1 X117.4595 Y116.7270 Z0.3559 E0.00114 F2400
G1 X117.4797 Y116.7243 Z0.3565 E0.00114 F2400
G1 X117.5000 Y116.7222 Z0.3571 E0.00115 F2400
G1 X117.5204 Y116.7206 Z0.3577 E0.00115 F2400
G1 X117.5409 Y116.7196 Z0.3583 E0.00115 F2400
G1 X117.5615 Y116.7191 Z0.3589 E0.00115 F2400
G1 X117.5821 Y116.7191 Z0.3596 E0.00116 F2400
G1 X117.6027 Y116.7197 Z0.3602 E0.00116 F2400
G1 X117.6234 Y116.7208 Z0.3608 E0.00116 F2400
G1 X117.6441 Y116.7225 Z0.3614 E0.00117 F2400
G1 X117.6648 Y116.7247 Z0.3620 E0.00117 F2400
G1 X117.6855 Y116.7275 Z0.3627 E0.00117 F2400
G1 X117.7061 Y116.7308 Z0.3633 E0.00117 F2400
G1 X117.7267 Y116.7347 Z0.3639 E0.00118 F2400
G1 X117.7472 Y116.7392 Z0.3646 E0.00118 F2400
G1 X117.7677 Y116.7441 Z0.3652 E0.00118 F2400
G1 X117.7880 Y116.7497 Z0.3658 E0.00118 F2400
G1 X117.8083 Y116.7558 Z0.3665 E0.00119 F2400
G1 X117.8284 Y116.7624 Z0.3671 E0.00119 F2400
G1 X117.8484 Y116.7696 Z0.3677 E0.00119 F2400
G1 X117.8682 Y116.7773 Z0.3684 E0.00120 F2400
G1 X117.8879 Y116.7856 Z0.3690 E0.00120 F2400
G1 X117.9074 Y116.7943 Z0.3696 E0.00120 F2400
G1 X117.9267 Y116.8037 Z0.3703 E0.00120 F2400
G1 X117.9458 Y116.8135 Z0.3709 E0.00121 F2400
G1 X117.9647 Y116.8239 Z0.3716 E0.00121 F2400
G1 X117.9833 Y116.8348 Z0.3722 E0.00121 F2400
G1 X118.0017 Y116.8462 Z0.3729 E0.00121 F2400
G1 X118.0198 Y116.8581 Z0.3735 E0.00122 F2400
G1 X118.0376 Y116.8706 Z0.3742 E0.00122 F2400
G1 X118.0551 Y116.8835 Z0.3748 E0.00122 F2400
G1 X118.0724 Y116.8969 Z0.3755 E0.00123 F2400
G1 X118.0893 Y116.9107 Z0.3761 E0.00123 F2400
G1 X118.1058 Y116.9251 Z0.3768 E0.00123 F2400
G1 X118.1220 Y116.9399 Z0.3775 E0.00123 F2400
G1 X118.1379 Y116.9552 Z0.3781 E0.00124 F2400
G1 X118.1534 Y116.9709 Z0.3788 E0.00124 F2400
G1 X118.1685 Y116.9871 Z0.3794 E0.00124 F2400
G1 X118.1832 Y117.0036 Z0.3801 E0.00124 F2400
G1 X118.1975 Y117.0207 Z0.3808 E0.00125 F2400
G1 X118.2113 Y117.0381 Z0.3814 E0.00125 F2400
G1 X118.2247 Y117.0559 Z0.3821 E0.00125 F2400
G1 X118.2377 Y117.0741 Z0.3828 E0.00126 F2400
G1 X118.2502 Y117.0926 Z0.3835 E0.00126 F2400
G1 X118.2623 Y117.1116 Z0.3841 E0.00126 F2400
G1 X118.2739 Y117.1309 Z0.3848 E0.00126 F2400
G1 X118.2850 Y117.1505 Z0.3855 E0.00127 F2400
G1 X118.2956 Y117.1705 Z0.3862 E0.00127 F2400
G1 X118.3056 Y117.1907 Z0.3868 E0.00127 F2400
G1 X118.3152 Y117.2113 Z0.3875 E0.00127 F2400
G1 X118.3242 Y117.2322 Z0.3882 E0.00128 F2400
G1 X118.3328 Y117.2533 Z0.3889 E0.00128 F2400
G1 X118.3407 Y117.2747 Z0.3896 E0.00128 F2400
G1 X118.3481 Y117.2964 Z0.3903 E0.00129 F2400
G1 X118.3550 Y117.3183 Z0.3909 E0.00129 F2400
G1 X118.3613 Y117.3404 Z0.3916 E0.00129 F2400
G1 X118.3670 Y117.3627 Z0.3923 E0.00129 F2400
G1 X118.3721 Y117.3852 Z0.3930 E0.00130 F2400
G1 X118.3767 Y117.4079 Z0.3937 E0.00130 F2400
G1 X118.3806 Y117.4307 Z0.3944 E0.00130 F2400
G1 X118.3840 Y117.4537 Z0.3951 E0.00130 F2400
G1 X118.3867 Y117.4768 Z0.3958 E0.00131 F2400
G1 X118.3889 Y117.5000 Z0.3965 E0.00131 F2400
G1 X118.3904 Y117.5233 Z0.3972 E0.00131 F2400
G1 X118.3914 Y117.5467 Z0.3979 E0.00131 F2400
G1 X118.3917 Y117.5702 Z0.3986 E0.00132 F2400
G1 X118.3914 Y117.5937 Z0.3993 E0.00132 F2400
G1 X118.3905 Y117.6172 Z0.4000 E0.00132 F2400
G1 X118.3889 Y117.6408 Z0.4007 E0.00133 F2400
G1 X118.3868 Y117.6643 Z0.4014 E0.00133 F2400
G1 X118.3840 Y117.6879 Z0.4021 E0.00133 F2400
G1 X118.3805 Y117.7114 Z0.4029 E0.00133 F2400
G1 X118.3765 Y117.7349 Z0.4036 E0.00134 F2400
G1 X118.3718 Y117.7582 Z0.4043 E0.00134 F2400
G1 X118.3665 Y117.7815 Z0.4050 E0.00134 F2400
G1 X118.3606 Y117.8048 Z0.4057 E0.00134 F2400
G1 X118.3541 Y117.8278 Z0.4064 E0.00135 F2400
G1 X118.3469 Y117.8508 Z0.4072 E0.00135 F2400
G1 X118.3391 Y117.8736 Z0.4079 E0.00135 F2400
G1 X118.3307 Y117.8962 Z0.4086 E0.00136 F2400
G1 X118.3217 Y117.9187 Z0.4093 E0.00136 F2400
G1 X118.3121 Y117.9409 Z0.4101 E0.00136 F2400
G1 X118.3019 Y117.9630 Z0.4108 E0.00136 F2400
G1 X118.2911 Y117.9848 Z0.4115 E0.00137 F2400
G1 X118.2797 Y118.0063 Z0.4123 E0.00137 F2400
G1 X118.2677 Y118.0276 Z0.4130 E0.00137 F2400
G1 X118.2551 Y118.0486 Z0.4137 E0.00137 F2400
G1 X118.2419 Y118.0693 Z0.4145 E0.00138 F2400
G1 X118.2282 Y118.0897 Z0.4152 E0.00138 F2400
G1 X118.2139 Y118.1098 Z0.4159 E0.00138 F2400
G1 X118.1991 Y118.1295 Z0.4167 E0.00139 F2400
G1 X118.1837 Y118.1488 Z0.4174 E0.00139 F2400
G1 X118.1678 Y118.1678 Z0.4182 E0.00139 F2400
G1 X118.1514 Y118.1864 Z0.4189 E0.00139 F2400
G1 X118.1344 Y118.2046 Z0.4197 E0.00140 F2400
G1 X118.1170 Y118.2224 Z0.4204 E0.00140 F2400
G1 X118.0990 Y118.2397 Z0.4211 E0.00140 F2400
G1 X118.0806 Y118.2566 Z0.4219 E0.00140 F2400
G1 X118.0617 Y118.2731 Z0.4226 E0.00141 F2400
G1 X118.0423 Y118.2890 Z0.4234 E0.00141 F2400
G1 X118.0225 Y118.3045 Z0.4242 E0.00141 F2400
G1 X118.0022 Y118.3195 Z0.4249 E0.00142 F2400
G1 X117.9815 Y118.3340 Z0.4257 E0.00142 F2400
G1 X117.9604 Y118.3479 Z0.4264 E0.00142 F2400
G1 X117.9389 Y118.3613 Z0.4272 E0.00142 F2400
G1 X117.9170 Y118.3742 Z0.4280 E0.00143 F2400
G1 X117.8947 Y118.3865 Z0.4287 E0.00143 F2400
G1 X117.8721 Y118.3982 Z0.4295 E0.00143 F2400
G1 X117.8491 Y118.4094 Z0.4302 E0.00143 F2400
G1 X117.8258 Y118.4199 Z0.4310 E0.00144 F2400
G1 X117.8021 Y118.4299 Z0.4318 E0.00144 F2400
G1 X117.7782 Y118.4393 Z0.4326 E0.00144 F2400
G1 X117.7540 Y118.4480 Z0.4333 E0.00145 F2400
G1 X117.7296 Y118.4562 Z0.4341 E0.00145 F2400
G1 X117.7048 Y118.4637 Z0.4349 E0.00145 F2400
G1 X117.6799 Y118.4705 Z0.4357 E0.00145 F2400
G1 X117.6547 Y118.4767 Z0.4364 E0.00146 F2400
G1 X117.6293 Y118.4823 Z0.4372 E0.00146 F2400
G1 X117.6038 Y118.4872 Z0.4380 E0.00146 F2400
G1 X117.5780 Y118.4914 Z0.4388 E0.00146 F2400
G1 X117.5521 Y118.4949 Z0.4396 E0.00147 F2400
G1 X117.5261 Y118.4978 Z0.4403 E0.00147 F2400
G1 X117.5000 Y118.5000 Z0.4411 E0.00147 F2400
G1 X117.4738 Y118.5015 Z0.4419 E0.00148 F2400
G1 X117.4475 Y118.5023 Z0.4427 E0.00148 F2400
G1 X117.4211 Y118.5025 Z0.4435 E0.00148 F2400
G1 X117.3947 Y118.5019 Z0.4443 E0.00148 F2400
G1 X117.3683 Y118.5006 Z0.4451 E0.00149 F2400
G1 X117.3418 Y118.4987 Z0.4459 E0.00149 F2400
G1 X117.3154 Y118.4960 Z0.4467 E0.00149 F2400
G1 X117.2890 Y118.4926 Z0.4475 E0.00149 F2400
G1 X117.2627 Y118.4886 Z0.4483 E0.00150 F2400
G1 X117.2364 Y118.4838 Z0.4491 E0.00150 F2400
G1 X117.2102 Y118.4784 Z0.4499 E0.00150 F2400
G1 X117.1841 Y118.4722 Z0.4507 E0.00150 F2400
G1 X117.1582 Y118.4653 Z0.4515 E0.00151 F2400
G1 X117.1323 Y118.4578 Z0.4523 E0.00151 F2400
G1 X117.1067 Y118.4495 Z0.4531 E0.00151 F2400
G1 X117.0812 Y118.4406 Z0.4539 E0.00152 F2400
G1 X117.0559 Y118.4310 Z0.4547 E0.00152 F2400
G1 X117.0309 Y118.4207 Z0.4555 E0.00152 F2400
G1 X117.0061 Y118.4097 Z0.4563 E0.00152 F2400
G1 X116.9815 Y118.3981 Z0.4572 E0.00153 F2400
G1 X116.9572 Y118.3858 Z0.4580 E0.00153 F2400
G1 X116.9332 Y118.3728 Z0.4588 E0.00153 F2400
G1 X116.9095 Y118.3592 Z0.4596 E0.00153 F2400
G1 X116.8861 Y118.3450 Z0.4604 E0.00154 F2400
G1 X116.8631 Y118.3301 Z0.4613 E0.00154 F2400
G1 X116.8404 Y118.3146 Z0.4621 E0.00154 F2400
G1 X116.8181 Y118.2984 Z0.4629 E0.00155 F2400
G1 X116.7962 Y118.2817 Z0.4637 E0.00155 F2400
G1 X116.7747 Y118.2643 Z0.4646 E0.00155 F2400
G1 X116.7536 Y118.2464 Z0.4654 E0.00155 F2400
G1 X116.7330 Y118.2279 Z0.4662 E0.00156 F2400
G1 X116.7128 Y118.2088 Z0.4671 E0.00156 F2400
G1 X116.6931 Y118.1891 Z0.4679 E0.00156 F2400
G1 X116.6739 Y118.1689 Z0.4687 E0.00156 F2400
G1 X116.6552 Y118.1482 Z0.4696 E0.00157 F2400
G1 X116.6370 Y118.1270 Z0.4704 E0.00157 F2400
G1 X116.6194 Y118.1052 Z0.4713 E0.00157 F2400
G1 X116.6023 Y118.0830 Z0.4721 E0.00158 F2400
G1 X116.5858 Y118.0602 Z0.4729 E0.00158 F2400
G1 X116.5698 Y118.0370 Z0.4738 E0.00158 F2400
G1 X116.5545 Y118.0134 Z0.4746 E0.00158 F2400
G1 X116.5397 Y117.9893 Z0.4755 E0.00159 F2400
G1 X116.5255 Y117.9648 Z0.4763 E0.00159 F2400
G1 X116.5120 Y117.9399 Z0.4772 E0.00159 F2400
G1 X116.4991 Y117.9146 Z0.4780 E0.00159 F2400
G1 X116.4869 Y117.8889 Z0.4789 E0.00160 F2400
G1 X116.4753 Y117.8629 Z0.4797 E0.00160 F2400
G1 X116.4644 Y117.8365 Z0.4806 E0.00160 F2400
G1 X116.4542 Y117.8098 Z0.4814 E0.00161 F2400
G1 X116.4446 Y117.7828 Z0.4823 E0.00161 F2400
G1 X116.4358 Y117.7555 Z0.4832 E0.00161 F2400
G1 X116.4277 Y117.7279 Z0.4840 E0.00161 F2400
G1 X116.4202 Y117.7001 Z0.4849 E0.00162 F2400
G1 X116.4135 Y117.6721 Z0.4858 E0.00162 F2400
G1 X116.4076 Y117.6438 Z0.4866 E0.00162 F2400
G1 X116.4023 Y117.6154 Z0.4875 E0.00162 F2400
G1 X116.3979 Y117.5867 Z0.4884 E0.00163 F2400
G1 X116.3941 Y117.5580 Z0.4892 E0.00163 F2400
G1 X116.3911 Y117.5290 Z0.4901 E0.00163 F2400
G1 X116.3889 Y117.5000 Z0.4910 E0.00164 F2400
G1 X116.3874 Y117.4709 Z0.4919 E0.00164 F2400
G1 X116.3867 Y117.4417 Z0.4927 E0.00164 F2400
G1 X116.3868 Y117.4124 Z0.4936 E0.00164 F2400
G1 X116.3876 Y117.3831 Z0.4945 E0.00165 F2400
G1 X116.3892 Y117.3538 Z0.4954 E0.00165 F2400
G1 X116.3916 Y117.3244 Z0.4963 E0.00165 F2400
G1 X116.3947 Y117.2952 Z0.4971 E0.00165 F2400
G1 X116.3987 Y117.2659 Z0.4980 E0.00166 F2400
G1 X116.4034 Y117.2367 Z0.4989 E0.00166 F2400
G1 X116.4089 Y117.2076 Z0.4998 E0.00166 F2400
G1 X116.4151 Y117.1786 Z0.5007 E0.00167 F2400
G1 X116.4221 Y117.1498 Z0.5016 E0.00167 F2400
G1 X116.4299 Y117.1211 Z0.5025 E0.00167 F2400
G1 X116.4385 Y117.0925 Z0.5034 E0.00167 F2400
G1 X116.4478 Y117.0642 Z0.5043 E0.00168 F2400
G1 X116.4579 Y117.0360 Z0.5052 E0.00168 F2400
G1 X116.4687 Y117.0081 Z0.5061 E0.00168 F2400
G1 X116.4803 Y116.9804 Z0.5070 E0.00168 F2400
G1 X116.4926 Y116.9530 Z0.5079 E0.00169 F2400
G1 X116.5057 Y116.9259 Z0.5088 E0.00169 F2400
G1 X116.5195 Y116.8991 Z0.5097 E0.00169 F2400
G1 X116.5340 Y116.8727 Z0.5106 E0.00170 F2400
G1 X116.5492 Y116.8465 Z0.5115 E0.00170 F2400
G1 X116.5651 Y116.8208 Z0.5124 E0.00170 F2400
G1 X116.5818 Y116.7954 Z0.5133 E0.00170 F2400
G1 X116.5991 Y116.7705 Z0.5142 E0.00171 F2400
G1 X116.6171 Y116.7459 Z0.5151 E0.00171 F2400
G1 X116.6358 Y116.7218 Z0.5160 E0.00171 F2400
G1 X116.6551 Y116.6982 Z0.5169 E0.00171 F2400
G1 X116.6750 Y116.6750 Z0.5179 E0.00172 F2400
G1 X116.6956 Y116.6524 Z0.5188 E0.00172 F2400
G1 X116.7169 Y116.6302 Z0.5197 E0.00172 F2400
G1 X116.7387 Y116.6086 Z0.5206 E0.00172 F2400
G1 X116.7611 Y116.5876 Z0.5215 E0.00173 F2400
G1 X116.7841 Y116.5671 Z0.5225 E0.00173 F2400
G1 X116.8077 Y116.5472 Z0.5234 E0.00173 F2400
G1 X116.8319 Y116.5278 Z0.5243 E0.00174 F2400
G1 X116.8565 Y116.5091 Z0.5250 E0.00174 F2400
G1 X116.8817 Y116.4910 Z0.5250 E0.00174 F2400
G1 X116.9074 Y116.4736 Z0.5250 E0.00174 F2400
G1 X116.9336 Y116.4568 Z0.5250 E0.00175 F2400
G1 X116.9603 Y116.4407 Z0.5250 E0.00175 F2400
G1 X116.9874 Y116.4253 Z0.5250 E0.00175 F2400
G1 X117.0149 Y116.4105 Z0.5250 E0.00175 F2400
G1 X117.0429 Y116.3965 Z0.5250 E0.00176 F2400
G1 X117.0713 Y116.3832 Z0.5250 E0.00176 F2400
G1 X117.1000 Y116.3706 Z0.5250 E0.00176 F2400
G1 X117.1292 Y116.3587 Z0.5250 E0.00176 F2400
G1 X117.1587 Y116.3476 Z0.5250 E0.00177 F2400
G1 X117.1885 Y116.3373 Z0.5250 E0.00177 F2400
G1 X117.2186 Y116.3278 Z0.5250 E0.00177 F2400
G1 X117.2490 Y116.3190 Z0.5250 E0.00178 F2400
G1 X117.2796 Y116.3110 Z0.5250 E0.00178 F2400
G1 X117.3105 Y116.3038 Z0.5250 E0.00178 F2400
G1 X117.3417 Y116.2974 Z0.5250 E0.00178 F2400
G1 X117.3730 Y116.2918 Z0.5250 E0.00179 F2400
G1 X117.4045 Y116.2871 Z0.5250 E0.00179 F2400
G1 X117.4362 Y116.2832 Z0.5250 E0.00179 F2400
G1 X117.4681 Y116.2800 Z0.5250 E0.00179 F2400
G1 X117.5000 Y116.2778 Z0.5250 E0.00180 F2400
G1 X117.5320 Y116.2763 Z0.5250 E0.00180 F2400
G1 X117.5642 Y116.2758 Z0.5250 E0.00180 F2400
G1 X117.5963 Y116.2760 Z0.5250 E0.00181 F2400
G1 X117.6285 Y116.2771 Z0.5250 E0.00181 F2400
G1 X117.6607 Y116.2791 Z0.5250 E0.00181 F2400
G1 X117.6929 Y116.2819 Z0.5250 E0.00181 F2400
G1 X117.7251 Y116.2855 Z0.5250 E0.00182 F2400
G1 X117.7572 Y116.2900 Z0.5250 E0.00182 F2400
G1 X117.7892 Y116.2953 Z0.5250 E0.00182 F2400
G1 X117.8211 Y116.3015 Z0.5250 E0.00182 F2400
G1 X117.8529 Y116.3086 Z0.5250 E0.00183 F2400
G1 X117.8846 Y116.3165 Z0.5250 E0.00183 F2400
G1 X117.9160 Y116.3252 Z0.5250 E0.00183 F2400
G1 X117.9473 Y116.3348 Z0.5250 E0.00184 F2400
G1 X117.9784 Y116.3452 Z0.5250 E0.00184 F2400
G1 X118.0092 Y116.3564 Z0.5250 E0.00184 F2400
G1 X118.0397 Y116.3684 Z0.5250 E0.00184 F2400
G1 X118.0700 Y116.3813 Z0.5250 E0.00185 F2400
G1 X118.1000 Y116.3950 Z0.5250 E0.00185 F2400
G1 X118.1296 Y116.4094 Z0.5250 E0.00185 F2400
G1 X118.1589 Y116.4247 Z0.5250 E0.00185 F2400
G1 X118.1879 Y116.4408 Z0.5250 E0.00186 F2400
G1 X118.2164 Y116.4576 Z0.5250 E0.00186 F2400
G1 X118.2445 Y116.4752 Z0.5250 E0.00186 F2400
G1 X118.2722 Y116.4936 Z0.5250 E0.00187 F2400
G1 X118.2995 Y116.5127 Z0.5250 E0.00187 F2400
G1 X118.3262 Y116.5326 Z0.5250 E0.00187 F2400
G1 X118.3525 Y116.5532 Z0.5250 E0.00187 F2400
G1 X118.3783 Y116.5745 Z0.5250 E0.00188 F2400
G1 X118.4035 Y116.5965 Z0.5250 E0.00188 F2400
G1 X118.4282 Y116.6192 Z0.5250 E0.00188 F2400
G1 X118.4523 Y116.6425 Z0.5250 E0.00188 F2400
G1 X118.4759 Y116.6665 Z0.5250 E0.00189 F2400
G1 X118.4988 Y116.6912 Z0.5250 E0.00189 F2400
G1 X118.5211 Y116.7165 Z0.5250 E0.00189 F2400
G1 X118.5427 Y116.7424 Z0.5250 E0.00190 F2400
G1 X118.5637 Y116.7689 Z0.5250 E0.00190 F2400
G1 X118.5841 Y116.7960 Z0.5250 E0.00190 F2400
G1 X118.6037 Y116.8237 Z0.5250 E0.00190 F2400
G1 X118.6226 Y116.8519 Z0.5250 E0.00191 F2400
G1 X118.6408 Y116.8806 Z0.5250 E0.00191 F2400
G1 X118.6583 Y116.9098 Z0.5250 E0.00191 F2400
G1 X118.6750 Y116.9395 Z0.5250 E0.00191 F2400
G1 X118.6910 Y116.9697 Z0.5250 E0.00192 F2400
G1 X118.7062 Y117.0004 Z0.5250 E0.00192 F2400
G1 X118.7206 Y117.0315 Z0.5250 E0.00192 F2400
G1 X118.7342 Y117.0630 Z0.5250 E0.00193 F2400
G1 X118.7469 Y117.0948 Z0.5250 E0.00193 F2400
G1 X118.7589 Y117.1271 Z0.5250 E0.00193 F2400
G1 X118.7700 Y117.1597 Z0.5250 E0.00193 F2400
G1 X118.7803 Y117.1926 Z0.5250 E0.00194 F2400
G1 X118.7897 Y117.2259 Z0.5250 E0.00194 F2400
G1 X118.7983 Y117.2594 Z0.5250 E0.00194 F2400
G1 X118.8059 Y117.2932 Z0.5250 E0.00194 F2400
G1 X118.8127 Y117.3272 Z0.5250 E0.00195 F2400
G1 X118.8187 Y117.3614 Z0.5250 E0.00195 F2400
G1 X118.8237 Y117.3958 Z0.5250 E0.00195 F2400
G1 X118.8278 Y117.4304 Z0.5250 E0.00196 F2400
G1 X118.8310 Y117.4651 Z0.5250 E0.00196 F2400
G1 X118.8333 Y117.5000 Z0.5250 E0.00196 F2400
G1 X118.8347 Y117.5350 Z0.5250 E0.00196 F2400
G1 X118.8352 Y117.5700 Z0.5250 E0.00197 F2400
G1 X118.8348 Y117.6050 Z0.5250 E0.00197 F2400
G1 X118.8334 Y117.6401 Z0.5250 E0.00197 F2400
G1 X118.8311 Y117.6752 Z0.5250 E0.00197 F2400
G1 X118.8279 Y117.7103 Z0.5250 E0.00198 F2400
G1 X118.8238 Y117.7453 Z0.5250 E0.00198 F2400
G1 X118.8187 Y117.7803 Z0.5250 E0.00198 F2400
G1 X118.8127 Y117.8152 Z0.5250 E0.00198 F2400
G1 X118.8058 Y117.8499 Z0.5250 E0.00199 F2400
G1 X118.7980 Y117.8845 Z0.5250 E0.00199 F2400
G1 X118.7892 Y117.9189 Z0.5250 E0.00199 F2400
G1 X118.7795 Y117.9531 Z0.5250 E0.00200 F2400
G1 X118.7690 Y117.9871 Z0.5250 E0.00200 F2400
G1 X118.7575 Y118.0209 Z0.5250 E0.00200 F2400
G1 X118.7451 Y118.0544 Z0.5250 E0.00200 F2400
G1 X118.7319 Y118.0876 Z0.5250 E0.00201 F2400
G1 X118.7177 Y118.1205 Z0.5250 E0.00201 F2400
G1 X118.7027 Y118.1530 Z0.5250 E0.00201 F2400
G1 X118.6868 Y118.1852 Z0.5250 E0.00201 F2400
G1 X118.6700 Y118.2170 Z0.5250 E0.00202 F2400
G1 X118.6524 Y118.2484 Z0.5250 E0.00202 F2400
G1 X118.6339 Y118.2793 Z0.5250 E0.00202 F2400
G1 X118.6146 Y118.3098 Z0.5250 E0.00203 F2400
G1 X118.5945 Y118.3399 Z0.5250 E0.00203 F2400
G1 X118.5736 Y118.3694 Z0.5250 E0.00203 F2400
G1 X118.5519 Y118.3984 Z0.5250 E0.00203 F2400
G1 X118.5294 Y118.4269 Z0.5250 E0.00204 F2400
G1 X118.5061 Y118.4548 Z0.5250 E0.00204 F2400
G1 X118.4821 Y118.4821 Z0.5250 E0.00204 F2400
G1 X118.4573 Y118.5088 Z0.5250 E0.00204 F2400
G1 X118.4318 Y118.5349 Z0.5250 E0.00205 F2400
G1 X118.4056 Y118.5603 Z0.5250 E0.00205 F2400
G1 X118.3787 Y118.5851 Z0.5250 E0.00205 F2400
G1 X118.3511 Y118.6092 Z0.5250 E0.00206 F2400
G1 X118.3229 Y118.6326 Z0.5250 E0.00206 F2400
G1 X118.2940 Y118.6553 Z0.5250 E0.00206 F2400
G1 X118.2645 Y118.6772 Z0.5250 E0.00206 F2400
G1 X118.2344 Y118.6984 Z0.5250 E0.00207 F2400
G1 X118.2037 Y118.7189 Z0.5250 E0.00207 F2400
G1 X118.1724 Y118.7385 Z0.5250 E0.00207 F2400
G1 X118.1406 Y118.7573 Z0.5250 E0.00207 F2400
G1 X118.1083 Y118.7753 Z0.5250 E0.00208 F2400
G1 X118.0755 Y118.7925 Z0.5250 E0.00208 F2400
G1 X118.0421 Y118.8088 Z0.5250 E0.00208 F2400
G1 X118.0084 Y118.8243 Z0.5250 E0.00209 F2400
G1 X117.9741 Y118.8389 Z0.5250 E0.00209 F2400
G1 X117.9395 Y118.8526 Z0.5250 E0.00209 F2400
G1 X117.9045 Y118.8654 Z0.5250 E0.00209 F2400
G1 X117.8691 Y118.8773 Z0.5250 E0.00210 F2400
G1 X117.8333 Y118.8883 Z0.5250 E0.00210 F2400
G1 X117.7972 Y118.8984 Z0.5250 E0.00210 F2400
G1 X117.7609 Y118.9075 Z0.5250 E0.00210 F2400
G1 X117.7242 Y118.9157 Z0.5250 E0.00211 F2400
G1 X117.6873 Y118.9229 Z0.5250 E0.00211 F2400
G1 X117.6502 Y118.9292 Z0.5250 E0.00211 F2400
G1 X117.6129 Y118.9345 Z0.5250 E0.00212 F2400
G1 X117.5754 Y118.9388 Z0.5250 E0.00212 F2400
G1 X117.5378 Y118.9421 Z0.5250 E0.00212 F2400
G1 X117.5000 Y118.9444 Z0.5250 E0.00212 F2400
G1 X117.4621 Y118.9458 Z0.5250 E0.00213 F2400
G1 X117.4242 Y118.9462 Z0.5250 E0.00213 F2400
G1 X117.3862 Y118.9455 Z0.5250 E0.00213 F2400
G1 X117.3482 Y118.9439 Z0.5250 E0.00213 F2400
G1 X117.3103 Y118.9413 Z0.5250 E0.00214 F2400
G1 X117.2723 Y118.9376 Z0.5250 E0.00214 F2400
G1 X117.2344 Y118.9330 Z0.5250 E0.00214 F2400
G1 X117.1966 Y118.9274 Z0.5250 E0.00215 F2400
G1 X117.1589 Y118.9207 Z0.5250 E0.00215 F2400
G1 X117.1214 Y118.9131 Z0.5250 E0.00215 F2400
G1 X117.0840 Y118.9045 Z0.5250 E0.00215 F2400
G1 X117.0468 Y118.8949 Z0.5250 E0.00216 F2400
G1 X117.0098 Y118.8843 Z0.5250 E0.00216 F2400
G1 X116.9731 Y118.8727 Z0.5250 E0.00216 F2400
G1 X116.9366 Y118.8602 Z0.5250 E0.00216 F2400
G1 X116.9004 Y118.8466 Z0.5250 E0.00217 F2400
G1 X116.8646 Y118.8321 Z0.5250 E0.00217 F2400
G1 X116.8291 Y118.8167 Z0.5250 E0.00217 F2400
G1 X116.7940 Y118.8003 Z0.5250 E0.00218 F2400
G1 X116.7593 Y118.7830 Z0.5250 E0.00218 F2400
G1 X116.7250 Y118.7647 Z0.5250 E0.00218 F2400
G1 X116.6911 Y118.7456 Z0.5250 E0.00218 F2400
G1 X116.6577 Y118.7255 Z0.5250 E0.00219 F2400
G1 X116.6249 Y118.7045 Z0.5250 E0.00219 F2400
G1 X116.5925 Y118.6827 Z0.5250 E0.00219 F2400
G1 X116.5607 Y118.6600 Z0.5250 E0.00219 F2400
G1 X116.5294 Y118.6364 Z0.5250 E0.00220 F2400
G1 X116.4988 Y118.6120 Z0.5250 E0.00220 F2400
G1 X116.4687 Y118.5867 Z0.5250 E0.00220 F2400
G1 X116.4393 Y118.5607 Z0.5250 E0.00221 F2400
G1 X116.4106 Y118.5338 Z0.5250 E0.00221 F2400
G1 X116.3825 Y118.5062 Z0.5250 E0.00221 F2400
G1 X116.3552 Y118.4778 Z0.5250 E0.00221 F2400
G1 X116.3285 Y118.4486 Z0.5250 E0.00222 F2400
G1 X116.3026 Y118.4188 Z0.5250 E0.00222 F2400
G1 X116.2775 Y118.3882 Z0.5250 E0.00222 F2400
G1 X116.2531 Y118.3570 Z0.5250 E0.00222 F2400
G1 X116.2296 Y118.3250 Z0.5250 E0.00223 F2400
G1 X116.2068 Y118.2925 Z0.5250 E0.00223 F2400
G1 X116.1849 Y118.2593 Z0.5250 E0.00223 F2400
G1 X116.1639 Y118.2255 Z0.5250 E0.00224 F2400
G1 X116.1437 Y118.1911 Z0.5250 E0.00224 F2400
G1 X116.1244 Y118.1561 Z0.5250 E0.00224 F2400
G1 X116.1060 Y118.1206 Z0.5250 E0.00224 F2400
G1 X116.0885 Y118.0847 Z0.5250 E0.00225 F2400
G1 X116.0720 Y118.0482 Z0.5250 E0.00225 F2400
G1 X116.0564 Y118.0112 Z0.5250 E0.00225 F2400
G1 X116.0417 Y117.9738 Z0.5250 E0.00225 F2400
G1 X116.0280 Y117.9360 Z0.5250 E0.00226 F2400
G1 X116.0153 Y117.8978 Z0.5250 E0.00226 F2400
G1 X116.0036 Y117.8592 Z0.5250 E0.00226 F2400
G1 X115.9929 Y117.8203 Z0.5250 E0.00226 F2400
G1 X115.9832 Y117.7811 Z0.5250 E0.00227 F2400
G1 X115.9746 Y117.7416 Z0.5250 E0.00227 F2400
G1 X115.9669 Y117.7018 Z0.5250 E0.00227 F2400
G1 X115.9603 Y117.6618 Z0.5250 E0.00228 F2400
G1 X115.9548 Y117.6216 Z0.5250 E0.00228 F2400
G1 X115.9503 Y117.5812 Z0.5250 E0.00228 F2400
G1 X115.9468 Y117.5407 Z0.5250 E0.00228 F2400
G1 X115.9444 Y117.5000 Z0.5250 E0.00229 F2400
G1 X115.9431 Y117.4592 Z0.5250 E0.00229 F2400
G1 X115.9429 Y117.4184 Z0.5250 E0.00229 F2400
G1 X115.9437 Y117.3775 Z0.5250 E0.00229 F2400
G1 X115.9456 Y117.3366 Z0.5250 E0.00230 F2400
G1 X115.9486 Y117.2958 Z0.5250 E0.00230 F2400
G1 X115.9526 Y117.2549 Z0.5250 E0.00230 F2400
G1 X115.9577 Y117.2142 Z0.5250 E0.00231 F2400
G1 X115.9639 Y117.1735 Z0.5250 E0.00231 F2400
G1 X115.9712 Y117.1330 Z0.5250 E0.00231 F2400
G1 X115.9796 Y117.0926 Z0.5250 E0.00231 F2400
G1 X115.9890 Y117.0524 Z0.5250 E0.00232 F2400
G1 X115.9994 Y117.0124 Z0.5250 E0.00232 F2400
G1 X116.0110 Y116.9727 Z0.5250 E0.00232 F2400
G1 X116.0236 Y116.9332 Z0.5250 E0.00232 F2400
G1 X116.0372 Y116.8941 Z0.5250 E0.00233 F2400
G1 X116.0519 Y116.8552 Z0.5250 E0.00233 F2400
G1 X116.0676 Y116.8168 Z0.5250 E0.00233 F2400
G1 X116.0843 Y116.7787 Z0.5250 E0.00234 F2400
G1 X116.1020 Y116.7410 Z0.5250 E0.00234 F2400
G1 X116.1208 Y116.7037 Z0.5250 E0.00234 F2400
G1 X116.1405 Y116.6669 Z0.5250 E0.00234 F2400
G1 X116.1612 Y116.6306 Z0.5250 E0.00235 F2400
G1 X116.1829 Y116.5948 Z0.5250 E0.00235 F2400
G1 X116.2056 Y116.5595 Z0.5250 E0.00235 F2400
G1 X116.2292 Y116.5249 Z0.5250 E0.00235 F2400
G1 X116.2537 Y116.4908 Z0.5250 E0.00236 F2400
G1 X116.2791 Y116.4573 Z0.5250 E0.00236 F2400
G1 X116.3055 Y116.4244 Z0.5250 E0.00236 F2400
G1 X116.3327 Y116.3923 Z0.5250 E0.00237 F2400
G1 X116.3608 Y116.3608 Z0.5250 E0.00237 F2400
G1 X116.3897 Y116.3300 Z0.5250 E0.00237 F2400
G1 X116.4195 Y116.3000 Z0.5250 E0.00237 F2400
G1 X116.4501 Y116.2707 Z0.5250 E0.00238 F2400
G1 X116.4814 Y116.2422 Z0.5250 E0.00238 F2400
G1 X116.5136 Y116.2145 Z0.5250 E0.00238 F2400
G1 X116.5465 Y116.1876 Z0.5250 E0.00238 F2400
G1 X116.5801 Y116.1616 Z0.5250 E0.00239 F2400
G1 X116.6145 Y116.1364 Z0.5250 E0.00239 F2400
G1 X116.6495 Y116.1121 Z0.5250 E0.00239 F2400
G1 X116.6852 Y116.0887 Z0.5250 E0.00240 F2400
G1 X116.7215 Y116.0662 Z0.5250 E0.00240 F2400
G1 X116.7585 Y116.0447 Z0.5250 E0.00240 F2400
G1 X116.7960 Y116.0241 Z0.5250 E0.00240 F2400
G1 X116.8342 Y116.0045 Z0.5250 E0.00241 F2400
G1 X116.8728 Y115.9859 Z0.5250 E0.00241 F2400
G1 X116.9120 Y115.9682 Z0.5250 E0.00241 F2400
G1 X116.9517 Y115.9516 Z0.5250 E0.00241 F2400
G1 X116.9918 Y115.9360 Z0.5250 E0.00242 F2400
G1 X117.0324 Y115.9215 Z0.5250 E0.00242 F2400
G1 X117.0734 Y115.9080 Z0.5250 E0.00242 F2400
G1 X117.1148 Y115.8956 Z0.5250 E0.00243 F2400
G1 X117.1566 Y115.8842 Z0.5250 E0.00243 F2400
G1 X117.1986 Y115.8740 Z0.5250 E0.00243 F2400
G1 X117.2410 Y115.8648 Z0.5250 E0.00243 F2400
G1 X117.2837 Y115.8568 Z0.5250 E0.00244 F2400
G1 X117.3266 Y115.8498 Z0.5250 E0.00244 F2400
G1 X117.3697 Y115.8440 Z0.5250 E0.00244 F2400
G1 X117.4130 Y115.8393 Z0.5250 E0.00244 F2400
G1 X117.4564 Y115.8358 Z0.5250 E0.00245 F2400
G1 X117.5000 Y115.8333 Z0.5250 E0.00245 F2400
G1 X117.5437 Y115.8321 Z0.5250 E0.00245 F2400
G1 X117.5874 Y115.8319 Z0.5250 E0.00246 F2400
G1 X117.6312 Y115.8329 Z0.5250 E0.00246 F2400
G1 X117.6750 Y115.8351 Z0.5250 E0.00246 F2400
G1 X117.7188 Y115.8384 Z0.5250 E0.00246 F2400
G1 X117.7625 Y115.8429 Z0.5250 E0.00247 F2400
G1 X117.8061 Y115.8485 Z0.5250 E0.00247 F2400
G1 X117.8496 Y115.8553 Z0.5250 E0.00247 F2400
G1 X117.8930 Y115.8632 Z0.5250 E0.00247 F2400
G1 X117.9362 Y115.8722 Z0.5250 E0.00248 F2400
G1 X117.9791 Y115.8824 Z0.5250 E0.00248 F2400
G1 X118.0219 Y115.8938 Z0.5250 E0.00248 F2400
G1 X118.0644 Y115.9062 Z0.5250 E0.00249 F2400
G1 X118.1066 Y115.9198 Z0.5250 E0.00249 F2400
G1 X118.1484 Y115.9345 Z0.5250 E0.00249 F2400
G1 X118.1899 Y115.9504 Z0.5250 E0.00249 F2400
G1 X118.2311 Y115.9673 Z0.5250 E0.00250 F2400
G1 X118.2718 Y115.9853 Z0.5250 E0.00250 F2400
G1 X118.3121 Y116.0044 Z0.5250 E0.00250 F2400
G1 X118.3519 Y116.0245 Z0.5250 E0.00250 F2400
G1 X118.3912 Y116.0458 Z0.5250 E0.00251 F2400
G1 X118.4299 Y116.0680 Z0.5250 E0.00251 F2400
G1 X118.4681 Y116.0914 Z0.5250 E0.00251 F2400
G1 X118.5058 Y116.1157 Z0.5250 E0.00252 F2400
G1 X118.5428 Y116.1410 Z0.5250 E0.00252 F2400
G1 X118.5792 Y116.1673 Z0.5250 E0.00252 F2400
G1 X118.6149 Y116.1946 Z0.5250 E0.00252 F2400
G1 X118.6499 Y116.2229 Z0.5250 E0.00253 F2400
G1 X118.6842 Y116.2521 Z0.5250 E0.00253 F2400
G1 X118.7178 Y116.2822 Z0.5250 E0.00253 F2400
G1 X118.7506 Y116.3132 Z0.5250 E0.00253 F2400
G1 X118.7826 Y116.3451 Z0.5250 E0.00254 F2400
G1 X118.8138 Y116.3779 Z0.5250 E0.00254 F2400
G1 X118.8442 Y116.4115 Z0.5250 E0.00254 F2400
G1 X118.8737 Y116.4459 Z0.5250 E0.00254 F2400
G1 X118.9023 Y116.4812 Z0.5250 E0.00255 F2400
G1 X118.9300 Y116.5172 Z0.5250 E0.00255 F2400
G1 X118.9568 Y116.5539 Z0.5250 E0.00255 F2400
G1 X118.9826 Y116.5914 Z0.5250 E0.00256 F2400
G1 X119.0075 Y116.6296 Z0.5250 E0.00256 F2400
G1 X119.0314 Y116.6685 Z0.5250 E0.00256 F2400
G1 X119.0543 Y116.7080 Z0.5250 E0.00256 F2400
G1 X119.0762 Y116.7482 Z0.5250 E0.00257 F2400
G1 X119.0970 Y116.7890 Z0.5250 E0.00257 F2400
G1 X119.1168 Y116.8303 Z0.5250 E0.00257 F2400
G1 X119.1355 Y116.8722 Z0.5250 E0.00257 F2400
G1 X119.1531 Y116.9146 Z0.5250 E0.00258 F2400
G1 X119.1696 Y116.9575 Z0.5250 E0.00258 F2400
G1 X119.1850 Y117.0009 Z0.5250 E0.00258 F2400
G1 X119.1993 Y117.0447 Z0.5250 E0.00259 F2400
G1 X119.2125 Y117.0889 Z0.5250 E0.00259 F2400
G1 X119.2244 Y117.1335 Z0.5250 E0.00259 F2400
G1 X119.2353 Y117.1784 Z0.5250 E0.00259 F2400
G1 X119.2449 Y117.2236 Z0.5250 E0.00260 F2400
G1 X119.2534 Y117.2692 Z0.5250 E0.00260 F2400
G1 X119.2607 Y117.3149 Z0.5250 E0.00260 F2400
G1 X119.2668 Y117.3610 Z0.5250 E0.00260 F2400
G1 X119.2716 Y117.4072 Z0.5250 E0.00261 F2400
G1 X119.2753 Y117.4535 Z0.5250 E0.00261 F2400
G1 X119.2778 Y117.5000 Z0.5250 E0.00261 F2400
G1 X119.2790 Y117.5466 Z0.5250 E0.00262 F2400
G1 X119.2790 Y117.5932 Z0.5250 E0.00262 F2400
G1 X119.2778 Y117.6399 Z0.5250 E0.00262 F2400
G1 X119.2754 Y117.6866 Z0.5250 E0.00262 F2400
G1 X119.2717 Y117.7333 Z0.5250 E0.00263 F2400
G1 X119.2669 Y117.7798 Z0.5250 E0.00263 F2400
G1 X119.2608 Y117.8263 Z0.5250 E0.00263 F2400
G1 X119.2534 Y117.8727 Z0.5250 E0.00263 F2400
G1 X119.2449 Y117.9189 Z0.5250 E0.00264 F2400
G1 X119.2351 Y117.9649 Z0.5250 E0.00264 F2400
G1 X119.2241 Y118.0107 Z0.5250 E0.00264 F2400
G1 X119.2119 Y118.0562 Z0.5250 E0.00265 F2400
G1 X119.1985 Y118.1015 Z0.5250 E0.00265 F2400
G1 X119.1839 Y118.1464 Z0.5250 E0.00265 F2400
G1 X119.1681 Y118.1910 Z0.5250 E0.00265 F2400
G1 X119.1511 Y118.2351 Z0.5250 E0.00266 F2400
G1 X119.1330 Y118.2789 Z0.5250 E0.00266 F2400
G1 X119.1137 Y118.3222 Z0.5250 E0.00266 F2400
G1 X119.0933 Y118.3651 Z0.5250 E0.00266 F2400
G1 X119.0717 Y118.4074 Z0.5250 E0.00267 F2400
G1 X119.0490 Y118.4492 Z0.5250 E0.00267 F2400
G1 X119.0251 Y118.4904 Z0.5250 E0.00267 F2400
G1 X119.0002 Y118.5311 Z0.5250 E0.00268 F2400
G1 X118.9742 Y118.5711 Z0.5250 E0.00268 F2400
G1 X118.9471 Y118.6104 Z0.5250 E0.00268 F2400
G1 X118.9190 Y118.6491 Z0.5250 E0.00268 F2400
G1 X118.8899 Y118.6870 Z0.5250 E0.00269 F2400
G1 X118.8597 Y118.7243 Z0.5250 E0.00269 F2400
G1 X118.8285 Y118.7607 Z0.5250 E0.00269 F2400
G1 X118.7964 Y118.7964 Z0.5250 E0.00269 F2400
G1 X118.7633 Y118.8312 Z0.5250 E0.00270 F2400
G1 X118.7292 Y118.8652 Z0.5250 E0.00270 F2400
G1 X118.6943 Y118.8983 Z0.5250 E0.00270 F2400
G1 X118.6584 Y118.9305 Z0.5250 E0.00271 F2400
G1 X118.6217 Y118.9618 Z0.5250 E0.00271 F2400
G1 X118.5841 Y118.9922 Z0.5250 E0.00271 F2400
G1 X118.5458 Y119.0216 Z0.5250 E0.00271 F2400
G1 X118.5066 Y119.0500 Z0.5250 E0.00272 F2400
G1 X118.4666 Y119.0774 Z0.5250 E0.00272 F2400
G1 X118.4259 Y119.1038 Z0.5250 E0.00272 F2400
G1 X118.3845 Y119.1291 Z0.5250 E0.00272 F2400
G1 X118.3424 Y119.1533 Z0.5250 E0.00273 F2400
G1 X118.2996 Y119.1765 Z0.5250 E0.00273 F2400
G1 X118.2562 Y119.1985 Z0.5250 E0.00273 F2400
G1 X118.2122 Y119.2194 Z0.5250 E0.00274 F2400
G1 X118.1676 Y119.2392 Z0.5250 E0.00274 F2400
G1 X118.1225 Y119.2579 Z0.5250 E0.00274 F2400
G1 X118.0768 Y119.2753 Z0.5250 E0.00274 F2400
G1 X118.0307 Y119.2916 Z0.5250 E0.00275 F2400
G1 X117.9841 Y119.3066 Z0.5250 E0.00275 F2400
G1 X117.9371 Y119.3205 Z0.5250 E0.00275 F2400
G1 X117.8896 Y119.3331 Z0.5250 E0.00275 F2400
G1 X117.8419 Y119.3445 Z0.5250 E0.00276 F2400
G1 X117.7937 Y119.3547 Z0.5250 E0.00276 F2400
G1 X117.7453 Y119.3635 Z0.5250 E0.00276 F2400
G1 X117.6967 Y119.3712 Z0.5250 E0.00277 F2400
G1 X117.6478 Y119.3775 Z0.5250 E0.00277 F2400
G1 X117.5987 Y119.3826 Z0.5250 E0.00277 F2400
G1 X117.5494 Y119.3864 Z0.5250 E0.00277 F2400
G1 X117.5000 Y119.3889 Z0.5250 E0.00278 F2400
G1 X117.4505 Y119.3901 Z0.5250 E0.00278 F2400
G1 X117.4009 Y119.3900 Z0.5250 E0.00278 F2400
G1 X117.3514 Y119.3886 Z0.5250 E0.00278 F2400
G1 X117.3018 Y119.3859 Z0.5250 E0.00279 F2400
G1 X117.2522 Y119.3819 Z0.5250 E0.00279 F2400
G1 X117.2028 Y119.3766 Z0.5250 E0.00279 F2400
G1 X117.1534 Y119.3700 Z0.5250 E0.00280 F2400
G1 X117.1042 Y119.3621 Z0.5250 E0.00280 F2400
G1 X117.0552 Y119.3529 Z0.5250 E0.00280 F2400
G1 X117.0063 Y119.3424 Z0.5250 E0.00280 F2400
G1 X116.9577 Y119.3306 Z0.5250 E0.00281 F2400
G1 X116.9094 Y119.3176 Z0.5250 E0.00281 F2400
G1 X116.8614 Y119.3032 Z0.5250 E0.00281 F2400
G1 X116.8138 Y119.2876 Z0.5250 E0.00281 F2400
G1 X116.7665 Y119.2708 Z0.5250 E0.00282 F2400
G1 X116.7197 Y119.2527 Z0.5250 E0.00282 F2400
G1 X116.6733 Y119.2333 Z0.5250 E0.00282 F2400
G1 X116.6273 Y119.2127 Z0.5250 E0.00282 F2400
G1 X116.5819 Y119.1909 Z0.5250 E0.00283 F2400
G1 X116.5370 Y119.1679 Z0.5250 E0.00283 F2400
G1 X116.4927 Y119.1437 Z0.5250 E0.00283 F2400
G1 X116.4490 Y119.1183 Z0.5250 E0.00284 F2400
G1 X116.4060 Y119.0918 Z0.5250 E0.00284 F2400
G1 X116.3636 Y119.0641 Z0.5250 E0.00284 F2400
G1 X116.3219 Y119.0353 Z0.5250 E0.00284 F2400
G1 X116.2810 Y119.0054 Z0.5250 E0.00285 F2400
G1 X116.2408 Y118.9743 Z0.5250 E0.00285 F2400
G1 X116.2014 Y118.9423 Z0.5250 E0.00285 F2400
G1 X116.1628 Y118.9091 Z0.5250 E0.00285 F2400
G1 X116.1251 Y118.8749 Z0.5250 E0.00286 F2400
G1 X116.0882 Y118.8397 Z0.5250 E0.00286 F2400
G1 X116.0522 Y118.8036 Z0.5250 E0.00286 F2400
G1 X116.0172 Y118.7664 Z0.5250 E0.00287 F2400
G1 X115.9831 Y118.7283 Z0.5250 E0.00287 F2400
G1 X115.9500 Y118.6893 Z0.5250 E0.00287 F2400
G1 X115.9179 Y118.6494 Z0.5250 E0.00287 F2400
G1 X115.8868 Y118.6087 Z0.5250 E0.00288 F2400
G1 X115.8568 Y118.5671 Z0.5250 E0.00288 F2400
G1 X115.8279 Y118.5247 Z0.5250 E0.00288 F2400
G1 X115.8000 Y118.4815 Z0.5250 E0.00288 F2400
G1 X115.7733 Y118.4375 Z0.5250 E0.00289 F2400
G1 X115.7477 Y118.3928 Z0.5250 E0.00289 F2400
G1 X115.7232 Y118.3475 Z0.5250 E0.00289 F2400
G1 X115.7000 Y118.3014 Z0.5250 E0.00290 F2400
G1 X115.6779 Y118.2547 Z0.5250 E0.00290 F2400
G1 X115.6570 Y118.2074 Z0.5250 E0.00290 F2400
G1 X115.6374 Y118.1596 Z0.5250 E0.00290 F2400
G1 X115.6190 Y118.1112 Z0.5250 E0.00291 F2400
G1 X115.6019 Y118.0622 Z0.5250 E0.00291 F2400
G1 X115.5860 Y118.0128 Z0.5250 E0.00291 F2400
G1 X115.5715 Y117.9630 Z0.5250 E0.00291 F2400
G1 X115.5582 Y117.9127 Z0.5250 E0.00292 F2400
G1 X115.5462 Y117.8621 Z0.5250 E0.00292 F2400
G1 X115.5356 Y117.8111 Z0.5250 E0.00292 F2400
G1 X115.5263 Y117.7598 Z0.5250 E0.00293 F2400
G1 X115.5183 Y117.7083 Z0.5250 E0.00293 F2400
G1 X115.5117 Y117.6565 Z0.5250 E0.00293 F2400
G1 X115.5064 Y117.6045 Z0.5250 E0.00293 F2400
G1 X115.5025 Y117.5523 Z0.5250 E0.00294 F2400
G1 X115.5000 Y117.5000 Z0.5250 E0.00294 F2400
G1 X115.4988 Y117.4476 Z0.5250 E0.00294 F2400
G1 X115.4990 Y117.3951 Z0.5250 E0.00294 F2400
G1 X115.5006 Y117.3426 Z0.5250 E0.00295 F2400
G1 X115.5036 Y117.2902 Z0.5250 E0.00295 F2400
G1 X115.5079 Y117.2377 Z0.5250 E0.00295 F2400
G1 X115.5136 Y117.1854 Z0.5250 E0.00296 F2400
G1 X115.5207 Y117.1332 Z0.5250 E0.00296 F2400
G1 X115.5292 Y117.0811 Z0.5250 E0.00296 F2400
G1 X115.5391 Y117.0292 Z0.5250 E0.00296 F2400
G1 X115.5503 Y116.9776 Z0.5250 E0.00297 F2400
G1 X115.5628 Y116.9262 Z0.5250 E0.00297 F2400
G1 X115.5768 Y116.8751 Z0.5250 E0.00297 F2400
G1 X115.5920 Y116.8244 Z0.5250 E0.00297 F2400
G1 X115.6086 Y116.7740 Z0.5250 E0.00298 F2400
G1 X115.6266 Y116.7240 Z0.5250 E0.00298 F2400
G1 X115.6458 Y116.6745 Z0.5250 E0.00298 F2400
G1 X115.6664 Y116.6254 Z0.5250 E0.00299 F2400
G1 X115.6883 Y116.5769 Z0.5250 E0.00299 F2400
G1 X115.7114 Y116.5289 Z0.5250 E0.00299 F2400
G1 X115.7359 Y116.4815 Z0.5250 E0.00299 F2400
G1 X115.7616 Y116.4347 Z0.5250 E0.00300 F2400
G1 X115.7885 Y116.3885 Z0.5250 E0.00300 F2400
G1 X115.8166 Y116.3431 Z0.5250 E0.00300 F2400
G1 X115.8460 Y116.2983 Z0.5250 E0.00300 F2400
G1 X115.8766 Y116.2543 Z0.5250 E0.00301 F2400
G1 X115.9083 Y116.2111 Z0.5250 E0.00301 F2400
G1 X115.9412 Y116.1686 Z0.5250 E0.00301 F2400
G1 X115.9752 Y116.1270 Z0.5250 E0.00302 F2400
G1 X116.0103 Y116.0863 Z0.5250 E0.00302 F2400
G1 X116.0465 Y116.0465 Z0.5250 E0.00302 F2400
G1 X116.0838 Y116.0076 Z0.5250 E0.00302 F2400
G1 X116.1221 Y115.9697 Z0.5250 E0.00303 F2400
G1 X116.1614 Y115.9327 Z0.5250 E0.00303 F2400
G1 X116.2017 Y115.8968 Z0.5250 E0.00303 F2400
G1 X116.2430 Y115.8619 Z0.5250 E0.00303 F2400
G1 X116.2852 Y115.8280 Z0.5250 E0.00304 F2400
G1 X116.3284 Y115.7953 Z0.5250 E0.00304 F2400
G1 X116.3724 Y115.7636 Z0.5250 E0.00304 F2400
G1 X116.4173 Y115.7331 Z0.5250 E0.00305 F2400
G1 X116.4630 Y115.7038 Z0.5250 E0.00305 F2400
G1 X116.5095 Y115.6756 Z0.5250 E0.00305 F2400
G1 X116.5567 Y115.6487 Z0.5250 E0.00305 F2400
G1 X116.6047 Y115.6230 Z0.5250 E0.00306 F2400
G1 X116.6534 Y115.5985 Z0.5250 E0.00306 F2400
G1 X116.7027 Y115.5753 Z0.5250 E0.00306 F2400
G1 X116.7527 Y115.5533 Z0.5250 E0.00306 F2400
G1 X116.8033 Y115.5327 Z0.5250 E0.00307 F2400
G1 X116.8545 Y115.5133 Z0.5250 E0.00307 F2400
G1 X116.9062 Y115.4954 Z0.5250 E0.00307 F2400
G1 X116.9584 Y115.4787 Z0.5250 E0.00308 F2400
G1 X117.0111 Y115.4634 Z0.5250 E0.00308 F2400
G1 X117.0642 Y115.4495 Z0.5250 E0.00308 F2400
G1 X117.1176 Y115.4370 Z0.5250 E0.00308 F2400
G1 X117.1715 Y115.4259 Z0.5250 E0.00309 F2400
G1 X117.2257 Y115.4161 Z0.5250 E0.00309 F2400
G1 X117.2801 Y115.4078 Z0.5250 E0.00309 F2400
G1 X117.3348 Y115.4009 Z0.5250 E0.00309 F2400
G1 X117.3897 Y115.3955 Z0.5250 E0.00310 F2400
G1 X117.4448 Y115.3915 Z0.5250 E0.00310 F2400
G1 X117.5000 Y115.3889 Z0.5250 E0.00310 F2400
G1 X117.5553 Y115.3878 Z0.5250 E0.00311 F2400
G1 X117.6107 Y115.3881 Z0.5250 E0.00311 F2400
G1 X117.6661 Y115.3899 Z0.5250 E0.00311 F2400
G1 X117.7214 Y115.3931 Z0.5250 E0.00311 F2400
G1 X117.7768 Y115.3978 Z0.5250 E0.00312 F2400
G1 X117.8320 Y115.4039 Z0.5250 E0.00312 F2400
G1 X117.8871 Y115.4115 Z0.5250 E0.00312 F2400
G1 X117.9420 Y115.4205 Z0.5250 E0.00312 F2400
G1 X117.9967 Y115.4310 Z0.5250 E0.00313 F2400
G1 X118.0512 Y115.4429 Z0.5250 E0.00313 F2400
G1 X118.1054 Y115.4563 Z0.5250 E0.00313 F2400
G1 X118.1592 Y115.4711 Z0.5250 E0.00313 F2400
G1 X118.2127 Y115.4873 Z0.5250 E0.00314 F2400
G1 X118.2658 Y115.5049 Z0.5250 E0.00314 F2400
G1 X118.3185 Y115.5239 Z0.5250 E0.00314 F2400
G1 X118.3707 Y115.5443 Z0.5250 E0.00315 F2400
G1 X118.4224 Y115.5661 Z0.5250 E0.00315 F2400
G1 X118.4736 Y115.5893 Z0.5250 E0.00315 F2400
G1 X118.5241 Y115.6138 Z0.5250 E0.00315 F2400
G1 X118.5741 Y115.6396 Z0.5250 E0.00316 F2400
G1 X118.6234 Y115.6668 Z0.5250 E0.00316 F2400
G1 X118.6720 Y115.6953 Z0.5250 E0.00316 F2400
G1 X118.7199 Y115.7251 Z0.5250 E0.00316 F2400
G1 X118.7670 Y115.7561 Z0.5250 E0.00317 F2400
G1 X118.8133 Y115.7884 Z0.5250 E0.00317 F2400
G1 X118.8589 Y115.8219 Z0.5250 E0.00317 F2400
G1 X118.9035 Y115.8567 Z0.5250 E0.00318 F2400
G1 X118.9473 Y115.8926 Z0.5250 E0.00318 F2400
G1 X118.9902 Y115.9297 Z0.5250 E0.00318 F2400
G1 X119.0321 Y115.9679 Z0.5250 E0.00318 F2400
G1 X119.0730 Y116.0073 Z0.5250 E0.00319 F2400
G1 X119.1129 Y116.0477 Z0.5250 E0.00319 F2400
G1 X119.1518 Y116.0893 Z0.5250 E0.00319 F2400
G1 X119.1896 Y116.1318 Z0.5250 E0.00319 F2400
G1 X119.2263 Y116.1754 Z0.5250 E0.00320 F2400
G1 X119.2619 Y116.2199 Z0.5250 E0.00320 F2400
G1 X119.2963 Y116.2654 Z0.5250 E0.00320 F2400
G1 X119.3295 Y116.3119 Z0.5250 E0.00321 F2400
G1 X119.3616 Y116.3592 Z0.5250 E0.00321 F2400
G1 X119.3924 Y116.4074 Z0.5250 E0.00321 F2400
G1 X119.4220 Y116.4564 Z0.5250 E0.00321 F2400
G1 X119.4503 Y116.5063 Z0.5250 E0.00322 F2400
G1 X119.4773 Y116.5569 Z0.5250 E0.00322 F2400
G1 X119.5030 Y116.6082 Z0.5250 E0.00322 F2400
G1 X119.5274 Y116.6602 Z0.5250 E0.00322 F2400
G1 X119.5504 Y116.7129 Z0.5250 E0.00323 F2400
G1 X119.5721 Y116.7662 Z0.5250 E0.00323 F2400
G1 X119.5923 Y116.8202 Z0.5250 E0.00323 F2400
G1 X119.6112 Y116.8746 Z0.5250 E0.00324 F2400
G1 X119.6286 Y116.9296 Z0.5250 E0.00324 F2400
G1 X119.6446 Y116.9851 Z0.5250 E0.00324 F2400
G1 X119.6592 Y117.0411 Z0.5250 E0.00324 F2400
G1 X119.6723 Y117.0974 Z0.5250 E0.00325 F2400
G1 X119.6839 Y117.1541 Z0.5250 E0.00325 F2400
G1 X119.6940 Y117.2112 Z0.5250 E0.00325 F2400
G1 X119.7027 Y117.2685 Z0.5250 E0.00325 F2400
G1 X119.7098 Y117.3261 Z0.5250 E0.00326 F2400
G1 X119.7155 Y117.3839 Z0.5250 E0.00326 F2400
G1 X119.7196 Y117.4419 Z0.5250 E0.00326 F2400
G1 X119.7222 Y117.5000 Z0.5250 E0.00327 F2400
G1 X119.7233 Y117.5582 Z0.5250 E0.00327 F2400
G1 X119.7229 Y117.6165 Z0.5250 E0.00327 F2400
G1 X119.7209 Y117.6748 Z0.5250 E0.00327 F2400
G1 X119.7174 Y117.7331 Z0.5250 E0.00328 F2400
G1 X119.7124 Y117.7913 Z0.5250 E0.00328 F2400
G1 X119.7058 Y117.8494 Z0.5250 E0.00328 F2400
G1 X119.6978 Y117.9073 Z0.5250 E0.00328 F2400
G1 X119.6882 Y117.9651 Z0.5250 E0.00329 F2400
G1 X119.6770 Y118.0227 Z0.5250 E0.00329 F2400
G1 X119.6644 Y118.0799 Z0.5250 E0.00329 F2400
G1 X119.6502 Y118.1369 Z0.5250 E0.00330 F2400
G1 X119.6346 Y118.1936 Z0.5250 E0.00330 F2400
G1 X119.6175 Y118.2498 Z0.5250 E0.00330 F2400
G1 X119.5988 Y118.3057 Z0.5250 E0.00330 F2400
G1 X119.5787 Y118.3610 Z0.5250 E0.00331 F2400
G1 X119.5572 Y118.4159 Z0.5250 E0.00331 F2400
G1 X119.5342 Y118.4702 Z0.5250 E0.00331 F2400
G1 X119.5097 Y118.5240 Z0.5250 E0.00331 F2400
G1 X119.4838 Y118.5771 Z0.5250 E0.00332 F2400
G1 X119.4566 Y118.6296 Z0.5250 E0.00332 F2400
G1 X119.4279 Y118.6814 Z0.5250 E0.00332 F2400
G1 X119.3979 Y118.7325 Z0.5250 E0.00333 F2400
G1 X119.3665 Y118.7828 Z0.5250 E0.00333 F2400
G1 X119.3338 Y118.8323 Z0.5250 E0.00333 F2400
G1 X119.2997 Y118.8810 Z0.5250 E0.00333 F2400
G1 X119.2644 Y118.9288 Z0.5250 E0.00334 F2400
G1 X119.2278 Y118.9757 Z0.5250 E0.00334 F2400
G1 X119.1900 Y119.0217 Z0.5250 E0.00334 F2400
G1 X119.1509 Y119.0666 Z0.5250 E0.00334 F2400
G1 X119.1106 Y119.1106 Z0.5250 E0.00335 F2400
G1 X119.0692 Y119.1536 Z0.5250 E0.00335 F2400
G1 X119.0266 Y119.1955 Z0.5250 E0.00335 F2400
G1 X118.9829 Y119.2363 Z0.5250 E0.00336 F2400
G1 X118.9381 Y119.2759 Z0.5250 E0.00336 F2400
G1 X118.8923 Y119.3144 Z0.5250 E0.00336 F2400
G1 X118.8454 Y119.3518 Z0.5250 E0.00336 F2400
G1 X118.7975 Y119.3879 Z0.5250 E0.00337 F2400
G1 X118.7486 Y119.4227 Z0.5250 E0.00337 F2400
G1 X118.6988 Y119.4563 Z0.5250 E0.00337 F2400
G1 X118.6481 Y119.4887 Z0.5250 E0.00337 F2400
G1 X118.5966 Y119.5197 Z0.5250 E0.00338 F2400
G1 X118.5442 Y119.5493 Z0.5250 E0.00338 F2400
G1 X118.4910 Y119.5776 Z0.5250 E0.00338 F2400
G1 X118.4370 Y119.6045 Z0.5250 E0.00339 F2400
G1 X118.3823 Y119.6301 Z0.5250 E0.00339 F2400
G1 X118.3269 Y119.6542 Z0.5250 E0.00339 F2400
G1 X118.2708 Y119.6768 Z0.5250 E0.00339 F2400
G1 X118.2142 Y119.6980 Z0.5250 E0.00340 F2400
G1 X118.1569 Y119.7177 Z0.5250 E0.00340 F2400
G1 X118.0991 Y119.7359 Z0.5250 E0.00340 F2400
G1 X118.0408 Y119.7527 Z0.5250 E0.00340 F2400
G1 X117.9820 Y119.7679 Z0.5250 E0.00341 F2400
G1 X117.9229 Y119.7815 Z0.5250 E0.00341 F2400
G1 X117.8633 Y119.7936 Z0.5250 E0.00341 F2400
G1 X117.8034 Y119.8042 Z0.5250 E0.00342 F2400
G1 X117.7431 Y119.8132 Z0.5250 E0.00342 F2400
G1 X117.6826 Y119.8206 Z0.5250 E0.00342 F2400
G1 X117.6219 Y119.8264 Z0.5250 E0.00342 F2400
G1 X117.5610 Y119.8307 Z0.5250 E0.00343 F2400
G1 X117.5000 Y119.8333 Z0.5250 E0.00343 F2400
G1 X117.4389 Y119.8344 Z0.5250 E0.00343 F2400
G1 X117.3777 Y119.8338 Z0.5250 E0.00343 F2400
G1 X117.3165 Y119.8317 Z0.5250 E0.00344 F2400
G1 X117.2553 Y119.8279 Z0.5250 E0.00344 F2400
G1 X117.1942 Y119.8226 Z0.5250 E0.00344 F2400
G1 X117.1332 Y119.8156 Z0.5250 E0.00345 F2400
G1 X117.0724 Y119.8070 Z0.5250 E0.00345 F2400
G1 X117.0118 Y119.7968 Z0.5250 E0.00345 F2400
G1 X116.9514 Y119.7851 Z0.5250 E0.00345 F2400
G1 X116.8913 Y119.7717 Z0.5250 E0.00346 F2400
G1 X116.8315 Y119.7568 Z0.5250 E0.00346 F2400
G1 X116.7721 Y119.7403 Z0.5250 E0.00346 F2400
G1 X116.7131 Y119.7222 Z0.5250 E0.00346 F2400
G1 X116.6545 Y119.7026 Z0.5250 E0.00347 F2400
G1 X116.5964 Y119.6814 Z0.5250 E0.00347 F2400
G1 X116.5389 Y119.6587 Z0.5250 E0.00347 F2400
G1 X116.4819 Y119.6344 Z0.5250 E0.00347 F2400
G1 X116.4256 Y119.6087 Z0.5250 E0.00348 F2400
G1 X116.3698 Y119.5815 Z0.5250 E0.00348 F2400
G1 X116.3148 Y119.5528 Z0.5250 E0.00348 F2400
G1 X116.2605 Y119.5227 Z0.5250 E0.00349 F2400
G1 X116.2070 Y119.4911 Z0.5250 E0.00349 F2400
G1 X116.1543 Y119.4581 Z0.5250 E0.00349 F2400
G1 X116.1024 Y119.4237 Z0.5250 E0.00349 F2400
G1 X116.0514 Y119.3879 Z0.5250 E0.00350 F2400
G1 X116.0013 Y119.3508 Z0.5250 E0.00350 F2400
G1 X115.9521 Y119.3123 Z0.5250 E0.00350 F2400
G1 X115.9040 Y119.2725 Z0.5250 E0.00350 F2400
G1 X115.8569 Y119.2315 Z0.5250 E0.00351 F2400
G1 X115.8108 Y119.1892 Z0.5250 E0.00351 F2400
G1 X115.7658 Y119.1457 Z0.5250 E0.00351 F2400
G1 X115.7220 Y119.1010 Z0.5250 E0.00352 F2400
G1 X115.6793 Y119.0551 Z0.5250 E0.00352 F2400
G1 X115.6377 Y119.0080 Z0.5250 E0.00352 F2400
G1 X115.5974 Y118.9599 Z0.5250 E0.00352 F2400
G1 X115.5584 Y118.9107 Z0.5250 E0.00353 F2400
G1 X115.5206 Y118.8604 Z0.5250 E0.00353 F2400
G1 X115.4841 Y118.8092 Z0.5250 E0.00353 F2400
G1 X115.4489 Y118.7569 Z0.5250 E0.00353 F2400
G1 X115.4151 Y118.7037 Z0.5250 E0.00354 F2400
G1 X115.3827 Y118.6496 Z0.5250 E0.00354 F2400
G1 X115.3517 Y118.5946 Z0.5250 E0.00354 F2400
G1 X115.3221 Y118.5388 Z0.5250 E0.00355 F2400
G1 X115.2940 Y118.4822 Z0.5250 E0.00355 F2400
G1 X115.2673 Y118.4248 Z0.5250 E0.00355 F2400
G1 X115.2421 Y118.3667 Z0.5250 E0.00355 F2400
G1 X115.2185 Y118.3079 Z0.5250 E0.00356 F2400
G1 X115.1963 Y118.2485 Z0.5250 E0.00356 F2400
G1 X115.1757 Y118.1885 Z0.5250 E0.00356 F2400
G1 X115.1567 Y118.1279 Z0.5250 E0.00356 F2400
G1 X115.1393 Y118.0668 Z0.5250 E0.00357 F2400
G1 X115.1235 Y118.0051 Z0.5250 E0.00357 F2400
G1 X115.1092 Y117.9431 Z0.5250 E0.00357 F2400
G1 X115.0966 Y117.8807 Z0.5250 E0.00358 F2400
G1 X115.0856 Y117.8179 Z0.5250 E0.00358 F2400
G1 X115.0763 Y117.7547 Z0.5250 E0.00358 F2400
G1 X115.0686 Y117.6914 Z0.5250 E0.00358 F2400
G1 X115.0626 Y117.6277 Z0.5250 E0.00359 F2400
G1 X115.0582 Y117.5639 Z0.5250 E0.00359 F2400
G1 X115.0556 Y117.5000 Z0.5250 E0.00359 F2400
G1 X115.0545 Y117.4360 Z0.5250 E0.00359 F2400
G1 X115.0552 Y117.3719 Z0.5250 E0.00360 F2400
G1 X115.0576 Y117.3078 Z0.5250 E0.00360 F2400
G1 X115.0616 Y117.2437 Z0.5250 E0.00360 F2400
G1 X115.0673 Y117.1797 Z0.5250 E0.00361 F2400
G1 X115.0747 Y117.1159 Z0.5250 E0.00361 F2400
G1 X115.0837 Y117.0522 Z0.5250 E0.00361 F2400
G1 X115.0945 Y116.9887 Z0.5250 E0.00361 F2400
G1 X115.1069 Y116.9255 Z0.5250 E0.00362 F2400
G1 X115.1210 Y116.8625 Z0.5250 E0.00362 F2400
G1 X115.1367 Y116.8000 Z0.5250 E0.00362 F2400
G1 X115.1541 Y116.7378 Z0.5250 E0.00362 F2400
G1 X115.1731 Y116.6760 Z0.5250 E0.00363 F2400
G1 X115.1937 Y116.6147 Z0.5250 E0.00363 F2400
G1 X115.2160 Y116.5539 Z0.5250 E0.00363 F2400
G1 X115.2398 Y116.4937 Z0.5250 E0.00364 F2400
G1 X115.2653 Y116.4341 Z0.5250 E0.00364 F2400
G1 X115.2923 Y116.3751 Z0.5250 E0.00364 F2400
G1 X115.3209 Y116.3168 Z0.5250 E0.00364 F2400
G1 X115.3510 Y116.2593 Z0.5250 E0.00365 F2400
G1 X115.3826 Y116.2025 Z0.5250 E0.00365 F2400
G1 X115.4157 Y116.1465 Z0.5250 E0.00365 F2400
G1 X115.4504 Y116.0913 Z0.5250 E0.00365 F2400
G1 X115.4864 Y116.0371 Z0.5250 E0.00366 F2400
G1 X115.5240 Y115.9837 Z0.5250 E0.00366 F2400
G1 X115.5629 Y115.9314 Z0.5250 E0.00366 F2400
G1 X115.6032 Y115.8800 Z0.5250 E0.00367 F2400
G1 X115.6449 Y115.8297 Z0.5250 E0.00367 F2400
G1 X115.6879 Y115.7804 Z0.5250 E0.00367 F2400
G1 X115.7322 Y115.7322 Z0.5250 E0.00367 F2400
G1 X115.7778 Y115.6852 Z0.5250 E0.00368 F2400
G1 X115.8247 Y115.6394 Z0.5250 E0.00368 F2400
G1 X115.8728 Y115.5948 Z0.5250 E0.00368 F2400
G1 X115.9220 Y115.5514 Z0.5250 E0.00368 F2400
G1 X115.9725 Y115.5093 Z0.5250 E0.00369 F2400
G1 X116.0240 Y115.4685 Z0.5250 E0.00369 F2400
G1 X116.0766 Y115.4290 Z0.5250 E0.00369 F2400
G1 X116.1303 Y115.3909 Z0.5250 E0.00370 F2400
G1 X116.1850 Y115.3542 Z0.5250 E0.00370 F2400
G1 X116.2407 Y115.3189 Z0.5250 E0.00370 F2400
G1 X116.2974 Y115.2851 Z0.5250 E0.00370 F2400
G1 X116.3549 Y115.2527 Z0.5250 E0.00371 F2400
G1 X116.4134 Y115.2218 Z0.5250 E0.00371 F2400
G1 X116.4726 Y115.1925 Z0.5250 E0.00371 F2400
G1 X116.5327 Y115.1646 Z0.5250 E0.00371 F2400
G1 X116.5935 Y115.1384 Z0.5250 E0.00372 F2400
G1 X116.6550 Y115.1137 Z0.5250 E0.00372 F2400
G1 X116.7172 Y115.0907 Z0.5250 E0.00372 F2400
G1 X116.7800 Y115.0692 Z0.5250 E0.00373 F2400
G1 X116.8434 Y115.0494 Z0.5250 E0.00373 F2400
G1 X116.9073 Y115.0313 Z0.5250 E0.00373 F2400
G1 X116.9718 Y115.0148 Z0.5250 E0.00373 F2400
G1 X117.0366 Y115.0000 Z0.5250 E0.00374 F2400
G1 X117.1020 Y114.9869 Z0.5250 E0.00374 F2400
G1 X117.1676 Y114.9755 Z0.5250 E0.00374 F2400
G1 X117.2336 Y114.9658 Z0.5250 E0.00374 F2400
G1 X117.2999 Y114.9579 Z0.5250 E0.00375 F2400
G1 X117.3664 Y114.9516 Z0.5250 E0.00375 F2400
G1 X117.4332 Y114.9472 Z0.5250 E0.00375 F2400
G1 X117.5000 Y114.9444 Z0.5250 E0.00376 F2400
G1 X117.5669 Y114.9435 Z0.5250 E0.00376 F2400
G1 X117.6339 Y114.9442 Z0.5250 E0.00376 F2400
G1 X117.7009 Y114.9468 Z0.5250 E0.00376 F2400
G1 X117.7679 Y114.9511 Z0.5250 E0.00377 F2400
G1 X117.8348 Y114.9571 Z0.5250 E0.00377 F2400
G1 X117.9015 Y114.9649 Z0.5250 E0.00377 F2400
G1 X117.9681 Y114.9745 Z0.5250 E0.00377 F2400
G1 X118.0344 Y114.9858 Z0.5250 E0.00378 F2400
G1 X118.1005 Y114.9988 Z0.5250 E0.00378 F2400
G1 X118.1662 Y115.0136 Z0.5250 E0.00378 F2400
G1 X118.2316 Y115.0302 Z0.5250 E0.00378 F2400
G1 X118.2966 Y115.0484 Z0.5250 E0.00379 F2400
G1 X118.3611 Y115.0683 Z0.5250 E0.00379 F2400
G1 X118.4251 Y115.0900 Z0.5250 E0.00379 F2400
G1 X118.4886 Y115.1133 Z0.5250 E0.00380 F2400
G1 X118.5515 Y115.1383 Z0.5250 E0.00380 F2400
G1 X118.6137 Y115.1650 Z0.5250 E0.00380 F2400
G1 X118.6753 Y115.1933 Z0.5250 E0.00380 F2400
G1 X118.7362 Y115.2232 Z0.5250 E0.00381 F2400
G1 X118.7963 Y115.2547 Z0.5250 E0.00381 F2400
G1 X118.8556 Y115.2879 Z0.5250 E0.00381 F2400
G1 X118.9140 Y115.3226 Z0.5250 E0.00381 F2400
G1 X118.9716 Y115.3588 Z0.5250 E0.00382 F2400
G1 X119.0282 Y115.3966 Z0.5250 E0.00382 F2400
G1 X119.0839 Y115.4358 Z0.5250 E0.00382 F2400
G1 X119.1386 Y115.4765 Z0.5250 E0.00383 F2400
G1 X119.1922 Y115.5187 Z0.5250 E0.00383 F2400
G1 X119.2447 Y115.5623 Z0.5250 E0.00383 F2400
G1 X119.2961 Y115.6073 Z0.5250 E0.00383 F2400
G1 X119.3463 Y115.6537 Z0.5250 E0.00384 F2400
G1 X119.3954 Y115.7014 Z0.5250 E0.00384 F2400
G1 X119.4432 Y115.7503 Z0.5250 E0.00384 F2400
G1 X119.4897 Y115.8006 Z0.5250 E0.00384 F2400
G1 X119.5350 Y115.8521 Z0.5250 E0.00385 F2400
G1 X119.5789 Y115.9048 Z0.5250 E0.00385 F2400
G1 X119.6214 Y115.9587 Z0.5250 E0.00385 F2400
G1 X119.6626 Y116.0137 Z0.5250 E0.00386 F2400
G1 X119.7023 Y116.0698 Z0.5250 E0.00386 F2400
G1 X119.7405 Y116.1270 Z0.5250 E0.00386 F2400
G1 X119.7773 Y116.1852 Z0.5250 E0.00386 F2400
G1 X119.8126 Y116.2444 Z0.5250 E0.00387 F2400
G1 X119.8463 Y116.3045 Z0.5250 E0.00387 F2400
G1 X119.8785 Y116.3655 Z0.5250 E0.00387 F2400
G1 X119.9091 Y116.4274 Z0.5250 E0.00387 F2400
G1 X119.9380 Y116.4901 Z0.5250 E0.00388 F2400
G1 X119.9653 Y116.5536 Z0.5250 E0.00388 F2400
G1 X119.9910 Y116.6179 Z0.5250 E0.00388 F2400
G1 X120.0150 Y116.6828 Z0.5250 E0.00389 F2400
G1 X120.0373 Y116.7484 Z0.5250 E0.00389 F2400
G1 X120.0579 Y116.8146 Z0.5250 E0.00389 F2400
G1 X120.0768 Y116.8814 Z0.5250 E0.00389 F2400
G1 X120.0939 Y116.9486 Z0.5250 E0.00390 F2400
G1 X120.1093 Y117.0164 Z0.5250 E0.00390 F2400
G1 X120.1229 Y117.0846 Z0.5250 E0.00390 F2400
G1 X120.1347 Y117.1531 Z0.5250 E0.00390 F2400
G1 X120.1447 Y117.2220 Z0.5250 E0.00391 F2400
G1 X120.1529 Y117.2912 Z0.5250 E0.00391 F2400
G1 X120.1593 Y117.3606 Z0.5250 E0.00391 F2400
G1 X120.1639 Y117.4302 Z0.5250 E0.00392 F2400
G1 X120.1667 Y117.5000 Z0.5250 E0.00392 F2400
G1 X120.1676 Y117.5699 Z0.5250 E0.00392 F2400
G1 X120.1667 Y117.6398 Z0.5250 E0.00392 F2400
G1 X120.1640 Y117.7097 Z0.5250 E0.00393 F2400
G1 X120.1594 Y117.7795 Z0.5250 E0.00393 F2400
G1 X120.1530 Y117.8493 Z0.5250 E0.00393 F2400
G1 X120.1448 Y117.9189 Z0.5250 E0.00393 F2400
G1 X120.1348 Y117.9883 Z0.5250 E0.00394 F2400
G1 X120.1229 Y118.0575 Z0.5250 E0.00394 F2400
G1 X120.1092 Y118.1264 Z0.5250 E0.00394 F2400
G1 X120.0937 Y118.1950 Z0.5250 E0.00395 F2400
G1 X120.0764 Y118.2632 Z0.5250 E0.00395 F2400
G1 X120.0573 Y118.3309 Z0.5250 E0.00395 F2400
G1 X120.0364 Y118.3982 Z0.5250 E0.00395 F2400
G1 X120.0138 Y118.4649 Z0.5250 E0.00396 F2400
G1 X119.9893 Y118.5311 Z0.5250 E0.00396 F2400
G1 X119.9632 Y118.5967 Z0.5250 E0.00396 F2400
G1 X119.9353 Y118.6616 Z0.5250 E0.00396 F2400
G1 X119.9057 Y118.7258 Z0.5250 E0.00397 F2400
G1 X119.8744 Y118.7892 Z0.5250 E0.00397 F2400
G1 X119.8415 Y118.8519 Z0.5250 E0.00397 F2400
G1 X119.8069 Y118.9136 Z0.5250 E0.00398 F2400
G1 X119.7706 Y118.9746 Z0.5250 E0.00398 F2400
G1 X119.7328 Y119.0345 Z0.5250 E0.00398 F2400
G1 X119.6933 Y119.0936 Z0.5250 E0.00398 F2400
G1 X119.6523 Y119.1515 Z0.5250 E0.00399 F2400
G1 X119.6098 Y119.2085 Z0.5250 E0.00399 F2400
G1 X119.5658 Y119.2643 Z0.5250 E0.00399 F2400
G1 X119.5203 Y119.3190 Z0.5250 E0.00399 F2400
G1 X119.4733 Y119.3726 Z0.5250 E0.00400 F2400
G1 X119.4249 Y119.4249 Z0.5250 E0.00400 F2400
G1 X119.3751 Y119.4760 Z0.5250 E0.00400 F2400
G1 X119.3240 Y119.5258 Z0.5250 E0.00401 F2400
G1 X119.2715 Y119.5742 Z0.5250 E0.00401 F2400
G1 X119.2178 Y119.6213 Z0.5250 E0.00401 F2400
G1 X119.1628 Y119.6670 Z0.5250 E0.00401 F2400
G1 X119.1066 Y119.7113 Z0.5250 E0.00402 F2400
G1 X119.0492 Y119.7541 Z0.5250 E0.00402 F2400
G1 X118.9907 Y119.7955 Z0.5250 E0.00402 F2400
G1 X118.9311 Y119.8353 Z0.5250 E0.00402 F2400
G1 X118.8704 Y119.8736 Z0.5250 E0.00403 F2400
G1 X118.8087 Y119.9102 Z0.5250 E0.00403 F2400
G1 X118.7460 Y119.9453 Z0.5250 E0.00403 F2400
G1 X118.6823 Y119.9788 Z0.5250 E0.00404 F2400
G1 X118.6178 Y120.0106 Z0.5250 E0.00404 F2400
G1 X118.5524 Y120.0407 Z0.5250 E0.00404 F2400
G1 X118.4862 Y120.0691 Z0.5250 E0.00404 F2400
G1 X118.4192 Y120.0958 Z0.5250 E0.00405 F2400
G1 X118.3515 Y120.1207 Z0.5250 E0.00405 F2400
G1 X118.2831 Y120.1439 Z0.5250 E0.00405 F2400
G1 X118.2141 Y120.1652 Z0.5250 E0.00405 F2400
G1 X118.1446 Y120.1848 Z0.5250 E0.00406 F2400
G1 X118.0745 Y120.2026 Z0.5250 E0.00406 F2400
G1 X118.0038 Y120.2185 Z0.5250 E0.00406 F2400
G1 X117.9328 Y120.2326 Z0.5250 E0.00407 F2400
G1 X117.8614 Y120.2448 Z0.5250 E0.00407 F2400
G1 X117.7896 Y120.2552 Z0.5250 E0.00407 F2400
G1 X117.7175 Y120.2637 Z0.5250 E0.00407 F2400
G1 X117.6452 Y120.2703 Z0.5250 E0.00408 F2400
G1 X117.5727 Y120.2750 Z0.5250 E0.00408 F2400
G1 X117.5000 Y120.2778 Z0.5250 E0.00408 F2400
G1 X117.4272 Y120.2787 Z0.5250 E0.00408 F2400
G1 X117.3544 Y120.2777 Z0.5250 E0.00409 F2400
G1 X117.2816 Y120.2748 Z0.5250 E0.00409 F2400
G1 X117.2089 Y120.2699 Z0.5250 E0.00409 F2400
G1 X117.1362 Y120.2632 Z0.5250 E0.00410 F2400
G1 X117.0637 Y120.2546 Z0.5250 E0.00410 F2400
G1 X116.9914 Y120.2440 Z0.5250 E0.00410 F2400
G1 X116.9194 Y120.2316 Z0.5250 E0.00410 F2400
G1 X116.8476 Y120.2172 Z0.5250 E0.00411 F2400
G1 X116.7763 Y120.2010 Z0.5250 E0.00411 F2400
G1 X116.7053 Y120.1829 Z0.5250 E0.00411 F2400
G1 X116.6348 Y120.1630 Z0.5250 E0.00411 F2400
G1 X116.5647 Y120.1411 Z0.5250 E0.00412 F2400
G1 X116.4952 Y120.1175 Z0.5250 E0.00412 F2400
G1 X116.4264 Y120.0920 Z0.5250 E0.00412 F2400
G1 X116.3581 Y120.0647 Z0.5250 E0.00413 F2400
G1 X116.2906 Y120.0356 Z0.5250 E0.00413 F2400
G1 X116.2238 Y120.0047 Z0.5250 E0.00413 F2400
G1 X116.1578 Y119.9721 Z0.5250 E0.00413 F2400
G1 X116.0926 Y119.9377 Z0.5250 E0.00414 F2400
G1 X116.0283 Y119.9016 Z0.5250 E0.00414 F2400
G1 X115.9649 Y119.8638 Z0.5250 E0.00414 F2400
G1 X115.9025 Y119.8243 Z0.5250 E0.00414 F2400
G1 X115.8411 Y119.7832 Z0.5250 E0.00415 F2400
G1 X115.7808 Y119.7405 Z0.5250 E0.00415 F2400
G1 X115.7216 Y119.6962 Z0.5250 E0.00415 F2400
G1 X115.6635 Y119.6503 Z0.5250 E0.00415 F2400
G1 X115.6066 Y119.6028 Z0.5250 E0.00416 F2400
G1 X115.5509 Y119.5539 Z0.5250 E0.00416 F2400
G1 X115.4965 Y119.5035 Z0.5250 E0.00416 F2400
G1 X115.4434 Y119.4516 Z0.5250 E0.00417 F2400
G1 X115.3917 Y119.3983 Z0.5250 E0.00417 F2400
G1 X115.3413 Y119.3437 Z0.5250 E0.00417 F2400
G1 X115.2923 Y119.2877 Z0.5250 E0.00417 F2400
G1 X115.2448 Y119.2305 Z0.5250 E0.00418 F2400
G1 X115.1988 Y119.1719 Z0.5250 E0.00418 F2400
G1 X115.1543 Y119.1122 Z0.5250 E0.00418 F2400
G1 X115.1113 Y119.0512 Z0.5250 E0.00418 F2400
G1 X115.0700 Y118.9891 Z0.5250 E0.00419 F2400
G1 X115.0302 Y118.9259 Z0.5250 E0.00419 F2400
G1 X114.9921 Y118.8617 Z0.5250 E0.00419 F2400
G1 X114.9557 Y118.7964 Z0.5250 E0.00420 F2400
G1 X114.9209 Y118.7301 Z0.5250 E0.00420 F2400
G1 X114.8879 Y118.6630 Z0.5250 E0.00420 F2400
G1 X114.8567 Y118.5949 Z0.5250 E0.00420 F2400
G1 X114.8272 Y118.5260 Z0.5250 E0.00421 F2400
G1 X114.7995 Y118.4563 Z0.5250 E0.00421 F2400
G1 X114.7736 Y118.3858 Z0.5250 E0.00421 F2400
G1 X114.7496 Y118.3147 Z0.5250 E0.00421 F2400
G1 X114.7274 Y118.2429 Z0.5250 E0.00422 F2400
G1 X114.7071 Y118.1705 Z0.5250 E0.00422 F2400
G1 X114.6887 Y118.0976 Z0.5250 E0.00422 F2400
G1 X114.6722 Y118.0241 Z0.5250 E0.00423 F2400
G1 X114.6577 Y117.9502 Z0.5250 E0.00423 F2400
G1 X114.6450 Y117.8759 Z0.5250 E0.00423 F2400
G1 X114.6343 Y117.8012 Z0.5250 E0.00423 F2400
G1 X114.6256 Y117.7262 Z0.5250 E0.00424 F2400
G1 X114.6188 Y117.6510 Z0.5250 E0.00424 F2400
G1 X114.6140 Y117.5756 Z0.5250 E0.00424 F2400
G1 X114.6111 Y117.5000 Z0.5250 E0.00424 F2400
G1 X114.6102 Y117.4243 Z0.5250 E0.00425 F2400
G1 X114.6114 Y117.3486 Z0.5250 E0.00425 F2400
G1 X114.6145 Y117.2729 Z0.5250 E0.00425 F2400
G1 X114.6196 Y117.1973 Z0.5250 E0.00426 F2400
G1 X114.6266 Y117.1217 Z0.5250 E0.00426 F2400
G1 X114.6357 Y117.0463 Z0.5250 E0.00426 F2400
G1 X114.6467 Y116.9712 Z0.5250 E0.00426 F2400
G1 X114.6597 Y116.8963 Z0.5250 E0.00427 F2400
G1 X114.6747 Y116.8217 Z0.5250 E0.00427 F2400
G1 X114.6917 Y116.7475 Z0.5250 E0.00427 F2400
G1 X114.7105 Y116.6737 Z0.5250 E0.00427 F2400
G1 X114.7314 Y116.6004 Z0.5250 E0.00428 F2400
G1 X114.7541 Y116.5276 Z0.5250 E0.00428 F2400
G1 X114.7788 Y116.4554 Z0.5250 E0.00428 F2400
G1 X114.8054 Y116.3838 Z0.5250 E0.00429 F2400
G1 X114.8338 Y116.3129 Z0.5250 E0.00429 F2400
G1 X114.8641 Y116.2427 Z0.5250 E0.00429 F2400
G1 X114.8963 Y116.1733 Z0.5250 E0.00429 F2400
G1 X114.9303 Y116.1048 Z0.5250 E0.00430 F2400
G1 X114.9661 Y116.0370 Z0.5250 E0.00430 F2400
G1 X115.0037 Y115.9702 Z0.5250 E0.00430 F2400
G1 X115.0430 Y115.9044 Z0.5250 E0.00430 F2400
G1 X115.0841 Y115.8396 Z0.5250 E0.00431 F2400
G1 X115.1269 Y115.7758 Z0.5250 E0.00431 F2400
G1 X115.1714 Y115.7132 Z0.5250 E0.00431 F2400
G1 X115.2175 Y115.6517 Z0.5250 E0.00432 F2400
G1 X115.2653 Y115.5913 Z0.5250 E0.00432 F2400
G1 X115.3146 Y115.5323 Z0.5250 E0.00432 F2400
G1 X115.3655 Y115.4745 Z0.5250 E0.00432 F2400
G1 X115.4180 Y115.4180 Z0.5250 E0.00433 F2400
G1 X115.4719 Y115.3628 Z0.5250 E0.00433 F2400
G1 X115.5273 Y115.3091 Z0.5250 E0.00433 F2400
G1 X115.5841 Y115.2568 Z0.5250 E0.00433 F2400
G1 X115.6423 Y115.2060 Z0.5250 E0.00434 F2400
G1 X115.7019 Y115.1567 Z0.5250 E0.00434 F2400
G1 X115.7628 Y115.1089 Z0.5250 E0.00434 F2400
G1 X115.8249 Y115.0627 Z0.5250 E0.00435 F2400
G1 X115.8883 Y115.0182 Z0.5250 E0.00435 F2400
G1 X115.9528 Y114.9752 Z0.5250 E0.00435 F2400
G1 X116.0185 Y114.9340 Z0.5250 E0.00435 F2400
G1 X116.0853 Y114.8945 Z0.5250 E0.00436 F2400
G1 X116.1532 Y114.8567 Z0.5250 E0.00436 F2400
G1 X116.2220 Y114.8207 Z0.5250 E0.00436 F2400
G1 X116.2918 Y114.7864 Z0.5250 E0.00436 F2400
G1 X116.3626 Y114.7540 Z0.5250 E0.00437 F2400
G1 X116.4342 Y114.7235 Z0.5250 E0.00437 F2400
G1 X116.5066 Y114.6948 Z0.5250 E0.00437 F2400
G1 X116.5798 Y114.6680 Z0.5250 E0.00438 F2400
G1 X116.6537 Y114.6431 Z0.5250 E0.00438 F2400
G1 X116.7283 Y114.6201 Z0.5250 E0.00438 F2400
G1 X116.8036 Y114.5991 Z0.5250 E0.00438 F2400
G1 X116.8793 Y114.5800 Z0.5250 E0.00439 F2400
G1 X116.9557 Y114.5630 Z0.5250 E0.00439 F2400
G1 X117.0324 Y114.5479 Z0.5250 E0.00439 F2400
G1 X117.1096 Y114.5348 Z0.5250 E0.00439 F2400
G1 X117.1872 Y114.5238 Z0.5250 E0.00440 F2400
G1 X117.2651 Y114.5148 Z0.5250 E0.00440 F2400
G1 X117.3432 Y114.5078 Z0.5250 E0.00440 F2400
G1 X117.4215 Y114.5029 Z0.5250 E0.00441 F2400
G1 X117.5000 Y114.5000 Z0.5250 E0.00441 F2400
G1 X117.5786 Y114.4992 Z0.5250 E0.00441 F2400
G1 X117.6572 Y114.5004 Z0.5250 E0.00441 F2400
G1 X117.7358 Y114.5037 Z0.5250 E0.00442 F2400
G1 X117.8144 Y114.5091 Z0.5250 E0.00442 F2400
G1 X117.8928 Y114.5165 Z0.5250 E0.00442 F2400
G1 X117.9710 Y114.5260 Z0.5250 E0.00442 F2400
G1 X118.0491 Y114.5375 Z0.5250 E0.00443 F2400
G1 X118.1268 Y114.5511 Z0.5250 E0.00443 F2400
G1 X118.2042 Y114.5667 Z0.5250 E0.00443 F2400
G1 X118.2813 Y114.5843 Z0.5250 E0.00444 F2400
G1 X118.3578 Y114.6040 Z0.5250 E0.00444 F2400
G1 X118.4339 Y114.6257 Z0.5250 E0.00444 F2400
G1 X118.5095 Y114.6494 Z0.5250 E0.00444 F2400
G1 X118.5844 Y114.6751 Z0.5250 E0.00445 F2400
G1 X118.6587 Y114.7027 Z0.5250 E0.00445 F2400
G1 X118.7323 Y114.7323 Z0.5250 E0.00445 F2400
G1 X118.8051 Y114.7638 Z0.5250 E0.00445 F2400
G1 X118.8771 Y114.7973 Z0.5250 E0.00446 F2400
G1 X118.9483 Y114.8326 Z0.5250 E0.00446 F2400
G1 X119.0185 Y114.8698 Z0.5250 E0.00446 F2400
G1 X119.0878 Y114.9089 Z0.5250 E0.00447 F2400
G1 X119.1561 Y114.9498 Z0.5250 E0.00447 F2400
G1 X119.2233 Y114.9925 Z0.5250 E0.00447 F2400
G1 X119.2895 Y115.0370 Z0.5250 E0.00447 F2400
G1 X119.3545 Y115.0832 Z0.5250 E0.00448 F2400
G1 X119.4183 Y115.1311 Z0.5250 E0.00448 F2400
G1 X119.4808 Y115.1808 Z0.5250 E0.00448 F2400
G1 X119.5421 Y115.2320 Z0.5250 E0.00448 F2400
G1 X119.6020 Y115.2849 Z0.5250 E0.00449 F2400
G1 X119.6606 Y115.3394 Z0.5250 E0.00449 F2400
G1 X119.7178 Y115.3954 Z0.5250 E0.00449 F2400
G1 X119.7735 Y115.4530 Z0.5250 E0.00449 F2400
G1 X119.8277 Y115.5120 Z0.5250 E0.00450 F2400
G1 X119.8804 Y115.5724 Z0.5250 E0.00450 F2400
G1 X119.9315 Y115.6343 Z0.5250 E0.00450 F2400
G1 X119.9810 Y115.6975 Z0.5250 E0.00451 F2400
G1 X120.0288 Y115.7620 Z0.5250 E0.00451 F2400
G1 X120.0750 Y115.8278 Z0.5250 E0.00451 F2400
G1 X120.1195 Y115.8948 Z0.5250 E0.00451 F2400
G1 X120.1622 Y115.9630 Z0.5250 E0.00452 F2400
G1 X120.2032 Y116.0323 Z0.5250 E0.00452 F2400
G1 X120.2423 Y116.1027 Z0.5250 E0.00452 F2400
G1 X120.2796 Y116.1742 Z0.5250 E0.00452 F2400
G1 X120.3151 Y116.2466 Z0.5250 E0.00453 F2400
G1 X120.3486 Y116.3201 Z0.5250 E0.00453 F2400
G1 X120.3803 Y116.3944 Z0.5250 E0.00453 F2400
G1 X120.4100 Y116.4695 Z0.5250 E0.00454 F2400
G1 X120.4377 Y116.5455 Z0.5250 E0.00454 F2400
G1 X120.4635 Y116.6222 Z0.5250 E0.00454 F2400
G1 X120.4872 Y116.6996 Z0.5250 E0.00454 F2400
G1 X120.5089 Y116.7776 Z0.5250 E0.00455 F2400
G1 X120.5286 Y116.8562 Z0.5250 E0.00455 F2400
G1 X120.5463 Y116.9354 Z0.5250 E0.00455 F2400
G1 X120.5618 Y117.0151 Z0.5250 E0.00455 F2400
G1 X120.5753 Y117.0951 Z0.5250 E0.00456 F2400
G1 X120.5867 Y117.1756 Z0.5250 E0.00456 F2400
G1 X120.5960 Y117.2563 Z0.5250 E0.00456 F2400
G1 X120.6031 Y117.3374 Z0.5250 E0.00457 F2400
G1 X120.6082 Y117.4186 Z0.5250 E0.00457 F2400
G1 X120.6111 Y117.5000 Z0.5250 E0.00457 F2400
G1 X120.6119 Y117.5815 Z0.5250 E0.00457 F2400
G1 X120.6105 Y117.6630 Z0.5250 E0.00458 F2400
G1 X120.6071 Y117.7445 Z0.5250 E0.00458 F2400
G1 X120.6014 Y117.8260 Z0.5250 E0.00458 F2400
G1 X120.5937 Y117.9073 Z0.5250 E0.00458 F2400
G1 X120.5838 Y117.9884 Z0.5250 E0.00459 F2400
G1 X120.5718 Y118.0693 Z0.5250 E0.00459 F2400
G1 X120.5576 Y118.1499 Z0.5250 E0.00459 F2400
G1 X120.5414 Y118.2302 Z0.5250 E0.00460 F2400
G1 X120.5230 Y118.3100 Z0.5250 E0.00460 F2400
G1 X120.5025 Y118.3894 Z0.5250 E0.00460 F2400
G1 X120.4800 Y118.4683 Z0.5250 E0.00460 F2400
G1 X120.4554 Y118.5465 Z0.5250 E0.00461 F2400
G1 X120.4287 Y118.6242 Z0.5250 E0.00461 F2400
G1 X120.4000 Y118.7012 Z0.5250 E0.00461 F2400
G1 X120.3692 Y118.7775 Z0.5250 E0.00461 F2400
G1 X120.3365 Y118.8529 Z0.5250 E0.00462 F2400
G1 X120.3017 Y118.9275 Z0.5250 E0.00462 F2400
G1 X120.2650 Y119.0013 Z0.5250 E0.00462 F2400
G1 X120.2264 Y119.0741 Z0.5250 E0.00463 F2400
G1 X120.1858 Y119.1459 Z0.5250 E0.00463 F2400
G1 X120.1434 Y119.2166 Z0.5250 E0.00463 F2400
G1 X120.0990 Y119.2863 Z0.5250 E0.00463 F2400
G1 X120.0529 Y119.3548 Z0.5250 E0.00464 F2400
G1 X120.0049 Y119.4221 Z0.5250 E0.00464 F2400
G1 X119.9552 Y119.4882 Z0.5250 E0.00464 F2400
G1 X119.9037 Y119.5530 Z0.5250 E0.00464 F2400
G1 X119.8505 Y119.6164 Z0.5250 E0.00465 F2400
G1 X119.7957 Y119.6785 Z0.5250 E0.00465 F2400
G1 X119.7392 Y119.7392 Z0.5250 E0.00465 F2400
G1 X119.6811 Y119.7984 Z0.5250 E0.00466 F2400
G1 X119.6214 Y119.8560 Z0.5250 E0.00466 F2400
G1 X119.5602 Y119.9122 Z0.5250 E0.00466 F2400
G1 X119.4975 Y119.9667 Z0.5250 E0.00466 F2400
G1 X119.4334 Y120.0196 Z0.5250 E0.00467 F2400
G1 X119.3679 Y120.0709 Z0.5250 E0.00467 F2400
G1 X119.3010 Y120.1204 Z0.5250 E0.00467 F2400
G1 X119.2328 Y120.1682 Z0.5250 E0.00467 F2400
G1 X119.1633 Y120.2142 Z0.5250 E0.00468 F2400
G1 X119.0926 Y120.2585 Z0.5250 E0.00468 F2400
G1 X119.0207 Y120.3008 Z0.5250 E0.00468 F2400
G1 X118.9477 Y120.3413 Z0.5250 E0.00469 F2400
G1 X118.8736 Y120.3799 Z0.5250 E0.00469 F2400
G1 X118.7985 Y120.4166 Z0.5250 E0.00469 F2400
G1 X118.7225 Y120.4513 Z0.5250 E0.00469 F2400
G1 X118.6455 Y120.4840 Z0.5250 E0.00470 F2400
G1 X118.5676 Y120.5147 Z0.5250 E0.00470 F2400
G1 X118.4889 Y120.5434 Z0.5250 E0.00470 F2400
G1 X118.4094 Y120.5700 Z0.5250 E0.00470 F2400
G1 X118.3292 Y120.5945 Z0.5250 E0.00471 F2400
G1 X118.2483 Y120.6170 Z0.5250 E0.00471 F2400
G1 X118.1669 Y120.6373 Z0.5250 E0.00471 F2400
G1 X118.0848 Y120.6555 Z0.5250 E0.00472 F2400
G1 X118.0023 Y120.6716 Z0.5250 E0.00472 F2400
G1 X117.9194 Y120.6855 Z0.5250 E0.00472 F2400
G1 X117.8360 Y120.6972 Z0.5250 E0.00472 F2400
G1 X117.7524 Y120.7068 Z0.5250 E0.00473 F2400
G1 X117.6684 Y120.7141 Z0.5250 E0.00473 F2400
G1 X117.5843 Y120.7193 Z0.5250 E0.00473 F2400
G1 X117.5000 Y120.7222 Z0.5250 E0.00473 F2400
G1 X117.4156 Y120.7230 Z0.5250 E0.00474 F2400
G1 X117.3312 Y120.7215 Z0.5250 E0.00474 F2400
G1 X117.2468 Y120.7178 Z0.5250 E0.00474 F2400
G1 X117.1624 Y120.7119 Z0.5250 E0.00475 F2400
G1 X117.0782 Y120.7038 Z0.5250 E0.00475 F2400
G1 X116.9942 Y120.6935 Z0.5250 E0.00475 F2400
G1 X116.9104 Y120.6810 Z0.5250 E0.00475 F2400
G1 X116.8270 Y120.6663 Z0.5250 E0.00476 F2400
G1 X116.7439 Y120.6494 Z0.5250 E0.00476 F2400
G1 X116.6612 Y120.6303 Z0.5250 E0.00476 F2400
G1 X116.5791 Y120.6091 Z0.5250 E0.00476 F2400
G1 X116.4974 Y120.5857 Z0.5250 E0.00477 F2400
G1 X116.4164 Y120.5601 Z0.5250 E0.00477 F2400
G1 X116.3360 Y120.5324 Z0.5250 E0.00477 F2400
G1 X116.2563 Y120.5026 Z0.5250 E0.00478 F2400
G1 X116.1774 Y120.4707 Z0.5250 E0.00478 F2400
G1 X116.0992 Y120.4367 Z0.5250 E0.00478 F2400
G1 X116.0220 Y120.4007 Z0.5250 E0.00478 F2400
G1 X115.9457 Y120.3627 Z0.5250 E0.00479 F2400
G1 X115.8704 Y120.3226 Z0.5250 E0.00479 F2400
G1 X115.7961 Y120.2806 Z0.5250 E0.00479 F2400
G1 X115.7229 Y120.2366 Z0.5250 E0.00479 F2400
G1 X115.6508 Y120.1906 Z0.5250 E0.00480 F2400
G1 X115.5799 Y120.1428 Z0.5250 E0.00480 F2400
G1 X115.5103 Y120.0931 Z0.5250 E0.00480 F2400
G1 X115.4419 Y120.0416 Z0.5250 E0.00481 F2400
G1 X115.3749 Y119.9882 Z0.5250 E0.00481 F2400
G1 X115.3092 Y119.9331 Z0.5250 E0.00481 F2400
G1 X115.2450 Y119.8763 Z0.5250 E0.00481 F2400
G1 X115.1823 Y119.8177 Z0.5250 E0.00482 F2400
G1 X115.1210 Y119.7575 Z0.5250 E0.00482 F2400
G1 X115.0614 Y119.6957 Z0.5250 E0.00482 F2400
G1 X115.0033 Y119.6324 Z0.5250 E0.00482 F2400
G1 X114.9469 Y119.5674 Z0.5250 E0.00483 F2400
G1 X114.8922 Y119.5010 Z0.5250 E0.00483 F2400
G1 X114.8392 Y119.4332 Z0.5250 E0.00483 F2400
G1 X114.7880 Y119.3639 Z0.5250 E0.00483 F2400
G1 X114.7386 Y119.2933 Z0.5250 E0.00484 F2400
G1 X114.6910 Y119.2213 Z0.5250 E0.00484 F2400
G1 X114.6453 Y119.1481 Z0.5250 E0.00484 F2400
G1 X114.6015 Y119.0737 Z0.5250 E0.00485 F2400
G1 X114.5597 Y118.9982 Z0.5250 E0.00485 F2400
G1 X114.5198 Y118.9215 Z0.5250 E0.00485 F2400
G1 X114.4819 Y118.8437 Z0.5250 E0.00485 F2400
G1 X114.4461 Y118.7650 Z0.5250 E0.00486 F2400
G1 X114.4123 Y118.6853 Z0.5250 E0.00486 F2400
G1 X114.3806 Y118.6047 Z0.5250 E0.00486 F2400
G1 X114.3509 Y118.5232 Z0.5250 E0.00486 F2400
G1 X114.3235 Y118.4409 Z0.5250 E0.00487 F2400
G1 X114.2981 Y118.3579 Z0.5250 E0.00487 F2400
G1 X114.2750 Y118.2743 Z0.5250 E0.00487 F2400
G1 X114.2540 Y118.1900 Z0.5250 E0.00488 F2400
G1 X114.2352 Y118.1051 Z0.5250 E0.00488 F2400
G1 X114.2187 Y118.0197 Z0.5250 E0.00488 F2400
G1 X114.2044 Y117.9339 Z0.5250 E0.00488 F2400
G1 X114.1923 Y117.8477 Z0.5250 E0.00489 F2400
G1 X114.1825 Y117.7611 Z0.5250 E0.00489 F2400
G1 X114.1749 Y117.6743 Z0.5250 E0.00489 F2400
G1 X114.1697 Y117.5872 Z0.5250 E0.00489 F2400
G1 X114.1667 Y117.5000 Z0.5250 E0.00490 F2400
G1 X114.1660 Y117.4127 Z0.5250 E0.00490 F2400
G1 X114.1675 Y117.3254 Z0.5250 E0.00490 F2400
G1 X114.1714 Y117.2380 Z0.5250 E0.00491 F2400
G1 X114.1776 Y117.1508 Z0.5250 E0.00491 F2400
G1 X114.1860 Y117.0637 Z0.5250 E0.00491 F2400
G1 X114.1967 Y116.9768 Z0.5250 E0.00491 F2400
G1 X114.2097 Y116.8902 Z0.5250 E0.00492 F2400
G1 X114.2250 Y116.8039 Z0.5250 E0.00492 F2400
G1 X114.2426 Y116.7180 Z0.5250 E0.00492 F2400
G1 X114.2624 Y116.6325 Z0.5250 E0.00492 F2400
G1 X114.2844 Y116.5475 Z0.5250 E0.00493 F2400
G1 X114.3087 Y116.4631 Z0.5250 E0.00493 F2400
G1 X114.3352 Y116.3793 Z0.5250 E0.00493 F2400
G1 X114.3639 Y116.2961 Z0.5250 E0.00494 F2400
G1 X114.3947 Y116.2138 Z0.5250 E0.00494 F2400
G1 X114.4278 Y116.1322 Z0.5250 E0.00494 F2400
G1 X114.4630 Y116.0514 Z0.5250 E0.00494 F2400
G1 X114.5003 Y115.9716 Z0.5250 E0.00495 F2400
G1 X114.5397 Y115.8927 Z0.5250 E0.00495 F2400
G1 X114.5812 Y115.8148 Z0.5250 E0.00495 F2400
G1 X114.6247 Y115.7380 Z0.5250 E0.00495 F2400
G1 X114.6703 Y115.6623 Z0.5250 E0.00496 F2400
G1 X114.7178 Y115.5879 Z0.5250 E0.00496 F2400
G1 X114.7673 Y115.5146 Z0.5250 E0.00496 F2400
G1 X114.8188 Y115.4426 Z0.5250 E0.00497 F2400
G1 X114.8721 Y115.3720 Z0.5250 E0.00497 F2400
G1 X114.9273 Y115.3027 Z0.5250 E0.00497 F2400
G1 X114.9843 Y115.2349 Z0.5250 E0.00497 F2400
G1 X115.0431 Y115.1685 Z0.5250 E0.00498 F2400
G1 X115.1037 Y115.1037 Z0.5250 E0.00498 F2400
G1 X115.1660 Y115.0404 Z0.5250 E0.00498 F2400
G1 X115.2299 Y114.9788 Z0.5250 E0.00498 F2400
G1 X115.2955 Y114.9188 Z0.5250 E0.00499 F2400
G1 X115.3626 Y114.8606 Z0.5250 E0.00499 F2400
G1 X115.4313 Y114.8041 Z0.5250 E0.00499 F2400
G1 X115.5015 Y114.7493 Z0.5250 E0.00500 F2400
G1 X115.5732 Y114.6964 Z0.5250 E0.00500 F2400
G1 X115.6462 Y114.6454 Z0.5250 E0.00500 F2400
G1 X115.7206 Y114.5963 Z0.5250 E0.00500 F2400
G1 X115.7963 Y114.5491 Z0.5250 E0.00501 F2400
G1 X115.8732 Y114.5039 Z0.5250 E0.00501 F2400
G1 X115.9514 Y114.4607 Z0.5250 E0.00501 F2400
G1 X116.0307 Y114.4195 Z0.5250 E0.00501 F2400
G1 X116.1111 Y114.3804 Z0.5250 E0.00502 F2400
G1 X116.1925 Y114.3434 Z0.5250 E0.00502 F2400
G1 X116.2749 Y114.3085 Z0.5250 E0.00502 F2400
G1 X116.3583 Y114.2758 Z0.5250 E0.00503 F2400
G1 X116.4425 Y114.2453 Z0.5250 E0.00503 F2400
G1 X116.5275 Y114.2169 Z0.5250 E0.00503 F2400
G1 X116.6133 Y114.1908 Z0.5250 E0.00503 F2400
G1 X116.6998 Y114.1669 Z0.5250 E0.00504 F2400
G1 X116.7869 Y114.1453 Z0.5250 E0.00504 F2400
G1 X116.8747 Y114.1260 Z0.5250 E0.00504 F2400
G1 X116.9629 Y114.1089 Z0.5250 E0.00504 F2400
G1 X117.0516 Y114.0942 Z0.5250 E0.00505 F2400
G1 X117.1407 Y114.0818 Z0.5250 E0.00505 F2400
G1 X117.2302 Y114.0717 Z0.5250 E0.00505 F2400
G1 X117.3199 Y114.0640 Z0.5250 E0.00506 F2400
G1 X117.4099 Y114.0586 Z0.5250 E0.00506 F2400
G1 X117.5000 Y114.0556 Z0.5250 E0.00506 F2400
G1 X117.5902 Y114.0549 Z0.5250 E0.00506 F2400
G1 X117.6805 Y114.0566 Z0.5250 E0.00507 F2400
G1 X117.7707 Y114.0606 Z0.5250 E0.00507 F2400
G1 X117.8608 Y114.0671 Z0.5250 E0.00507 F2400
G1 X117.9508 Y114.0758 Z0.5250 E0.00507 F2400
G1 X118.0406 Y114.0870 Z0.5250 E0.00508 F2400
G1 X118.1301 Y114.1005 Z0.5250 E0.00508 F2400
G1 X118.2192 Y114.1163 Z0.5250 E0.00508 F2400
G1 X118.3080 Y114.1345 Z0.5250 E0.00509 F2400
G1 X118.3963 Y114.1550 Z0.5250 E0.00509 F2400
G1 X118.4841 Y114.1779 Z0.5250 E0.00509 F2400
G1 X118.5713 Y114.2030 Z0.5250 E0.00509 F2400
G1 X118.6578 Y114.2304 Z0.5250 E0.00510 F2400
G1 X118.7437 Y114.2601 Z0.5250 E0.00510 F2400
G1 X118.8288 Y114.2921 Z0.5250 E0.00510 F2400
G1 X118.9130 Y114.3263 Z0.5250 E0.00510 F2400
G1 X118.9964 Y114.3627 Z0.5250 E0.00511 F2400
G1 X119.0789 Y114.4013 Z0.5250 E0.00511 F2400
G1 X119.1603 Y114.4420 Z0.5250 E0.00511 F2400
G1 X119.2407 Y114.4849 Z0.5250 E0.00512 F2400
G1 X119.3200 Y114.5300 Z0.5250 E0.00512 F2400
G1 X119.3982 Y114.5771 Z0.5250 E0.00512 F2400
G1 X119.4751 Y114.6262 Z0.5250 E0.00512 F2400
G1 X119.5507 Y114.6774 Z0.5250 E0.00513 F2400
G1 X119.6250 Y114.7306 Z0.5250 E0.00513 F2400
G1 X119.6980 Y114.7857 Z0.5250 E0.00513 F2400
G1 X119.7695 Y114.8428 Z0.5250 E0.00513 F2400
G1 X119.8395 Y114.9017 Z0.5250 E0.00514 F2400
G1 X119.9080 Y114.9625 Z0.5250 E0.00514 F2400
G1 X119.9749 Y115.0251 Z0.5250 E0.00514 F2400
G1 X120.0402 Y115.0895 Z0.5250 E0.00515 F2400
G1 X120.1038 Y115.1556 Z0.5250 E0.00515 F2400
G1 X120.1656 Y115.2233 Z0.5250 E0.00515 F2400
G1 X120.2258 Y115.2927 Z0.5250 E0.00515 F2400
G1 X120.2841 Y115.3637 Z0.5250 E0.00516 F2400
G1 X120.3405 Y115.4362 Z0.5250 E0.00516 F2400
G1 X120.3951 Y115.5102 Z0.5250 E0.00516 F2400
G1 X120.4478 Y115.5857 Z0.5250 E0.00516 F2400
G1 X120.4985 Y115.6625 Z0.5250 E0.00517 F2400
G1 X120.5471 Y115.7407 Z0.5250 E0.00517 F2400
G1 X120.5938 Y115.8202 Z0.5250 E0.00517 F2400
G1 X120.6383 Y115.9009 Z0.5250 E0.00518 F2400
G1 X120.6808 Y115.9828 Z0.5250 E0.00518 F2400
G1 X120.7211 Y116.0659 Z0.5250 E0.00518 F2400
G1 X120.7592 Y116.1500 Z0.5250 E0.00518 F2400
G1 X120.7952 Y116.2351 Z0.5250 E0.00519 F2400
G1 X120.8289 Y116.3212 Z0.5250 E0.00519 F2400
G1 X120.8604 Y116.4081 Z0.5250 E0.00519 F2400
G1 X120.8896 Y116.4960 Z0.5250 E0.00519 F2400
G1 X120.9165 Y116.5845 Z0.5250 E0.00520 F2400
G1 X120.9411 Y116.6739 Z0.5250 E0.00520 F2400
G1 X120.9634 Y116.7638 Z0.5250 E0.00520 F2400
G1 X120.9833 Y116.8544 Z0.5250 E0.00520 F2400
G1 X121.0008 Y116.9455 Z0.5250 E0.00521 F2400
G1 X121.0160 Y117.0371 Z0.5250 E0.00521 F2400
G1 X121.0287 Y117.1291 Z0.5250 E0.00521 F2400
G1 X121.0391 Y117.2215 Z0.5250 E0.00522 F2400
G1 X121.0470 Y117.3141 Z0.5250 E0.00522 F2400
G1 X121.0525 Y117.4070 Z0.5250 E0.00522 F2400
G1 X121.0556 Y117.5000 Z0.5250 E0.00522 F2400
G1 X121.0562 Y117.5931 Z0.5250 E0.00523 F2400
G1 X121.0544 Y117.6863 Z0.5250 E0.00523 F2400
G1 X121.0501 Y117.7794 Z0.5250 E0.00523 F2400
G1 X121.0434 Y117.8724 Z0.5250 E0.00523 F2400
G1 X121.0343 Y117.9653 Z0.5250 E0.00524 F2400
G1 X121.0228 Y118.0579 Z0.5250 E0.00524 F2400
G1 X121.0088 Y118.1503 Z0.5250 E0.00524 F2400
G1 X120.9923 Y118.2423 Z0.5250 E0.00525 F2400
G1 X120.9735 Y118.3339 Z0.5250 E0.00525 F2400
G1 X120.9523 Y118.4250 Z0.5250 E0.00525 F2400
G1 X120.9287 Y118.5156 Z0.5250 E0.00525 F2400
G1 X120.9027 Y118.6056 Z0.5250 E0.00526 F2400
G1 X120.8743 Y118.6949 Z0.5250 E0.00526 F2400
G1 X120.8436 Y118.7835 Z0.5250 E0.00526 F2400
G1 X120.8106 Y118.8713 Z0.5250 E0.00526 F2400
G1 X120.7752 Y118.9582 Z0.5250 E0.00527 F2400
G1 X120.7376 Y119.0443 Z0.5250 E0.00527 F2400
G1 X120.6977 Y119.1293 Z0.5250 E0.00527 F2400
G1 X120.6556 Y119.2134 Z0.5250 E0.00528 F2400
G1 X120.6113 Y119.2963 Z0.5250 E0.00528 F2400
G1 X120.5648 Y119.3781 Z0.5250 E0.00528 F2400
G1 X120.5161 Y119.4587 Z0.5250 E0.00528 F2400
G1 X120.4653 Y119.5380 Z0.5250 E0.00529 F2400
G1 X120.4125 Y119.6160 Z0.5250 E0.00529 F2400
G1 X120.3575 Y119.6927 Z0.5250 E0.00529 F2400
G1 X120.3006 Y119.7679 Z0.5250 E0.00529 F2400
G1 X120.2417 Y119.8416 Z0.5250 E0.00530 F2400
G1 X120.1808 Y119.9138 Z0.5250 E0.00530 F2400
G1 X120.1181 Y119.9845 Z0.5250 E0.00530 F2400
G1 X120.0534 Y120.0534 Z0.5250 E0.00531 F2400
G1 X119.9870 Y120.1208 Z0.5250 E0.00531 F2400
G1 X119.9188 Y120.1863 Z0.5250 E0.00531 F2400
G1 X119.8488 Y120.2501 Z0.5250 E0.00531 F2400
G1 X119.7772 Y120.3121 Z0.5250 E0.00532 F2400
G1 X119.7039 Y120.3722 Z0.5250 E0.00532 F2400
G1 X119.6291 Y120.4304 Z0.5250 E0.00532 F2400
G1 X119.5527 Y120.4867 Z0.5250 E0.00532 F2400
G1 X119.4748 Y120.5410 Z0.5250 E0.00533 F2400
G1 X119.3955 Y120.5932 Z0.5250 E0.00533 F2400
G1 X119.3148 Y120.6434 Z0.5250 E0.00533 F2400
G1 X119.2328 Y120.6914 Z0.5250 E0.00534 F2400
G1 X119.1495 Y120.7373 Z0.5250 E0.00534 F2400
G1 X119.0650 Y120.7811 Z0.5250 E0.00534 F2400
G1 X118.9793 Y120.8226 Z0.5250 E0.00534 F2400
G1 X118.8925 Y120.8619 Z0.5250 E0.00535 F2400
G1 X118.8047 Y120.8989 Z0.5250 E0.00535 F2400
G1 X118.7159 Y120.9337 Z0.5250 E0.00535 F2400
G1 X118.6262 Y120.9661 Z0.5250 E0.00535 F2400
G1 X118.5356 Y120.9961 Z0.5250 E0.00536 F2400
G1 X118.4442 Y121.0238 Z0.5250 E0.00536 F2400
G1 X118.3521 Y121.0492 Z0.5250 E0.00536 F2400
G1 X118.2593 Y121.0721 Z0.5250 E0.00537 F2400
G1 X118.1658 Y121.0925 Z0.5250 E0.00537 F2400
G1 X118.0719 Y121.1105 Z0.5250 E0.00537 F2400
G1 X117.9774 Y121.1261 Z0.5250 E0.00537 F2400
G1 X117.8825 Y121.1392 Z0.5250 E0.00538 F2400
G1 X117.7872 Y121.1498 Z0.5250 E0.00538 F2400
G1 X117.6917 Y121.1579 Z0.5250 E0.00538 F2400
G1 X117.5959 Y121.1636 Z0.5250 E0.00538 F2400
G1 X117.5000 Y121.1667 Z0.5250 E0.00539 F2400
G1 X117.4040 Y121.1673 Z0.5250 E0.00539 F2400
G1 X117.3079 Y121.1653 Z0.5250 E0.00539 F2400
G1 X117.2119 Y121.1609 Z0.5250 E0.00540 F2400
G1 X117.1160 Y121.1539 Z0.5250 E0.00540 F2400
G1 X117.0202 Y121.1445 Z0.5250 E0.00540 F2400
G1 X116.9247 Y121.1325 Z0.5250 E0.00540 F2400
G1 X116.8294 Y121.1180 Z0.5250 E0.00541 F2400
G1 X116.7346 Y121.1010 Z0.5250 E0.00541 F2400
G1 X116.6401 Y121.0816 Z0.5250 E0.00541 F2400
G1 X116.5462 Y121.0596 Z0.5250 E0.00541 F2400
G1 X116.4528 Y121.0352 Z0.5250 E0.00542 F2400
G1 X116.3601 Y121.0083 Z0.5250 E0.00542 F2400
G1 X116.2680 Y120.9790 Z0.5250 E0.00542 F2400
G1 X116.1767 Y120.9473 Z0.5250 E0.00543 F2400
G1 X116.0862 Y120.9132 Z0.5250 E0.00543 F2400
G1 X115.9966 Y120.8767 Z0.5250 E0.00543 F2400
G1 X115.9079 Y120.8379 Z0.5250 E0.00543 F2400
G1 X115.8202 Y120.7967 Z0.5250 E0.00544 F2400
G1 X115.7336 Y120.7533 Z0.5250 E0.00544 F2400
G1 X115.6481 Y120.7075 Z0.5250 E0.00544 F2400
G1 X115.5639 Y120.6595 Z0.5250 E0.00544 F2400
G1 X115.4808 Y120.6093 Z0.5250 E0.00545 F2400
G1 X115.3991 Y120.5569 Z0.5250 E0.00545 F2400
G1 X115.3187 Y120.5024 Z0.5250 E0.00545 F2400
G1 X115.2397 Y120.4457 Z0.5250 E0.00546 F2400
G1 X115.1622 Y120.3870 Z0.5250 E0.00546 F2400
G1 X115.0862 Y120.3262 Z0.5250 E0.00546 F2400
G1 X115.0118 Y120.2634 Z0.5250 E0.00546 F2400
G1 X114.9391 Y120.1987 Z0.5250 E0.00547 F2400
G1 X114.8680 Y120.1320 Z0.5250 E0.00547 F2400
G1 X114.7987 Y120.0635 Z0.5250 E0.00547 F2400
G1 X114.7311 Y119.9931 Z0.5250 E0.00547 F2400
G1 X114.6654 Y119.9210 Z0.5250 E0.00548 F2400
G1 X114.6015 Y119.8471 Z0.5250 E0.00548 F2400
G1 X114.5396 Y119.7716 Z0.5250 E0.00548 F2400
G1 X114.4797 Y119.6944 Z0.5250 E0.00549 F2400
G1 X114.4217 Y119.6156 Z0.5250 E0.00549 F2400
G1 X114.3659 Y119.5353 Z0.5250 E0.00549 F2400
G1 X114.3121 Y119.4536 Z0.5250 E0.00549 F2400
G1 X114.2604 Y119.3704 Z0.5250 E0.00550 F2400
G1 X114.2109 Y119.2858 Z0.5250 E0.00550 F2400
G1 X114.1637 Y119.1999 Z0.5250 E0.00550 F2400
G1 X114.1186 Y119.1128 Z0.5250 E0.00550 F2400
G1 X114.0759 Y119.0245 Z0.5250 E0.00551 F2400
G1 X114.0355 Y118.9351 Z0.5250 E0.00551 F2400
G1 X113.9973 Y118.8445 Z0.5250 E0.00551 F2400
G1 X113.9616 Y118.7530 Z0.5250 E0.00552 F2400
G1 X113.9283 Y118.6605 Z0.5250 E0.00552 F2400
G1 X113.8973 Y118.5672 Z0.5250 E0.00552 F2400
G1 X113.8688 Y118.4730 Z0.5250 E0.00552 F2400
G1 X113.8428 Y118.3780 Z0.5250 E0.00553 F2400
G1 X113.8193 Y118.2824 Z0.5250 E0.00553 F2400
G1 X113.7982 Y118.1861 Z0.5250 E0.00553 F2400
G1 X113.7797 Y118.0892 Z0.5250 E0.00553 F2400
G1 X113.7637 Y117.9919 Z0.5250 E0.00554 F2400
G1 X113.7503 Y117.8941 Z0.5250 E0.00554 F2400
G1 X113.7394 Y117.7960 Z0.5250 E0.00554 F2400
G1 X113.7311 Y117.6975 Z0.5250 E0.00555 F2400
G1 X113.7254 Y117.5988 Z0.5250 E0.00555 F2400
G1 X113.7222 Y117.5000 Z0.5250 E0.00555 F2400
G1 X113.7217 Y117.4011 Z0.5250 E0.00555 F2400
G1 X113.7237 Y117.3021 Z0.5250 E0.00556 F2400
G1 X113.7283 Y117.2032 Z0.5250 E0.00556 F2400
G1 X113.7356 Y117.1043 Z0.5250 E0.00556 F2400
G1 X113.7454 Y117.0057 Z0.5250 E0.00556 F2400
G1 X113.7578 Y116.9073 Z0.5250 E0.00557 F2400
G1 X113.7727 Y116.8092 Z0.5250 E0.00557 F2400
G1 X113.7903 Y116.7115 Z0.5250 E0.00557 F2400
G1 X113.8104 Y116.6142 Z0.5250 E0.00557 F2400
G1 X113.8331 Y116.5174 Z0.5250 E0.00558 F2400
G1 X113.8583 Y116.4213 Z0.5250 E0.00558 F2400
G1 X113.8860 Y116.3257 Z0.5250 E0.00558 F2400
G1 X113.9162 Y116.2309 Z0.5250 E0.00559 F2400
G1 X113.9489 Y116.1369 Z0.5250 E0.00559 F2400
G1 X113.9841 Y116.0437 Z0.5250 E0.00559 F2400
G1 X114.0218 Y115.9514 Z0.5250 E0.00559 F2400
G1 X114.0618 Y115.8601 Z0.5250 E0.00560 F2400
G1 X114.1043 Y115.7698 Z0.5250 E0.00560 F2400
G1 X114.1491 Y115.6806 Z0.5250 E0.00560 F2400
G1 X114.1963 Y115.5926 Z0.5250 E0.00560 F2400
G1 X114.2458 Y115.5058 Z0.5250 E0.00561 F2400
G1 X114.2975 Y115.4203 Z0.5250 E0.00561 F2400
G1 X114.3515 Y115.3361 Z0.5250 E0.00561 F2400
G1 X114.4078 Y115.2534 Z0.5250 E0.00562 F2400
G1 X114.4662 Y115.1721 Z0.5250 E0.00562 F2400
G1 X114.5267 Y115.0923 Z0.5250 E0.00562 F2400
G1 X114.5893 Y115.0141 Z0.5250 E0.00562 F2400
G1 X114.6540 Y114.9375 Z0.5250 E0.00563 F2400
G1 X114.7207 Y114.8626 Z0.5250 E0.00563 F2400
G1 X114.7894 Y114.7894 Z0.5250 E0.00563 F2400
G1 X114.8600 Y114.7181 Z0.5250 E0.00563 F2400
G1 X114.9325 Y114.6485 Z0.5250 E0.00564 F2400
G1 X115.0068 Y114.5809 Z0.5250 E0.00564 F2400
G1 X115.0829 Y114.5152 Z0.5250 E0.00564 F2400
G1 X115.1608 Y114.4515 Z0.5250 E0.00565 F2400
G1 X115.2403 Y114.3898 Z0.5250 E0.00565 F2400
G1 X115.3214 Y114.3302 Z0.5250 E0.00565 F2400
G1 X115.4041 Y114.2727 Z0.5250 E0.00565 F2400
G1 X115.4884 Y114.2173 Z0.5250 E0.00566 F2400
G1 X115.5741 Y114.1642 Z0.5250 E0.00566 F2400
G1 X115.6612 Y114.1133 Z0.5250 E0.00566 F2400
G1 X115.7496 Y114.0647 Z0.5250 E0.00566 F2400
G1 X115.8393 Y114.0184 Z0.5250 E0.00567 F2400
G1 X115.9303 Y113.9744 Z0.5250 E0.00567 F2400
G1 X116.0224 Y113.9328 Z0.5250 E0.00567 F2400
G1 X116.1156 Y113.8936 Z0.5250 E0.00568 F2400
G1 X116.2099 Y113.8569 Z0.5250 E0.00568 F2400
G1 X116.3051 Y113.8226 Z0.5250 E0.00568 F2400
G1 X116.4013 Y113.7908 Z0.5250 E0.00568 F2400
G1 X116.4983 Y113.7615 Z0.5250 E0.00569 F2400
G1 X116.5960 Y113.7348 Z0.5250 E0.00569 F2400
G1 X116.6945 Y113.7106 Z0.5250 E0.00569 F2400
G1 X116.7937 Y113.6890 Z0.5250 E0.00569 F2400
G1 X116.8934 Y113.6700 Z0.5250 E0.00570 F2400
G1 X116.9936 Y113.6536 Z0.5250 E0.00570 F2400
G1 X117.0943 Y113.6398 Z0.5250 E0.00570 F2400
G1 X117.1953 Y113.6286 Z0.5250 E0.00571 F2400
G1 X117.2967 Y113.6201 Z0.5250 E0.00571 F2400
G1 X117.3982 Y113.6143 Z0.5250 E0.00571 F2400
G1 X117.5000 Y113.6111 Z0.5250 E0.00571 F2400
G1 X117.6018 Y113.6106 Z0.5250 E0.00572 F2400
G1 X117.7037 Y113.6127 Z0.5250 E0.00572 F2400
G1 X117.8056 Y113.6176 Z0.5250 E0.00572 F2400
G1 X117.9073 Y113.6250 Z0.5250 E0.00572 F2400
G1 X118.0088 Y113.6352 Z0.5250 E0.00573 F2400
G1 X118.1101 Y113.6480 Z0.5250 E0.00573 F2400
G1 X118.2111 Y113.6635 Z0.5250 E0.00573 F2400
G1 X118.3116 Y113.6816 Z0.5250 E0.00574 F2400
G1 X118.4117 Y113.7024 Z0.5250 E0.00574 F2400
G1 X118.5113 Y113.7257 Z0.5250 E0.00574 F2400
G1 X118.6103 Y113.7517 Z0.5250 E0.00574 F2400
G1 X118.7086 Y113.7803 Z0.5250 E0.00575 F2400
G1 X118.8062 Y113.8115 Z0.5250 E0.00575 F2400
G1 X118.9029 Y113.8452 Z0.5250 E0.00575 F2400
G1 X118.9988 Y113.8815 Z0.5250 E0.00575 F2400
G1 X119.0938 Y113.9203 Z0.5250 E0.00576 F2400
G1 X119.1878 Y113.9615 Z0.5250 E0.00576 F2400
G1 X119.2807 Y114.0053 Z0.5250 E0.00576 F2400
G1 X119.3724 Y114.0515 Z0.5250 E0.00577 F2400
G1 X119.4630 Y114.1000 Z0.5250 E0.00577 F2400
G1 X119.5523 Y114.1510 Z0.5250 E0.00577 F2400
G1 X119.6402 Y114.2043 Z0.5250 E0.00577 F2400
G1 X119.7268 Y114.2600 Z0.5250 E0.00578 F2400
G1 X119.8120 Y114.3179 Z0.5250 E0.00578 F2400
G1 X119.8956 Y114.3780 Z0.5250 E0.00578 F2400
G1 X119.9777 Y114.4403 Z0.5250 E0.00578 F2400
G1 X120.0581 Y114.5048 Z0.5250 E0.00579 F2400
G1 X120.1369 Y114.5715 Z0.5250 E0.00579 F2400
G1 X120.2139 Y114.6401 Z0.5250 E0.00579 F2400
G1 X120.2891 Y114.7109 Z0.5250 E0.00580 F2400
G1 X120.3625 Y114.7835 Z0.5250 E0.00580 F2400
G1 X120.4340 Y114.8582 Z0.5250 E0.00580 F2400
G1 X120.5036 Y114.9347 Z0.5250 E0.00580 F2400
G1 X120.5712 Y115.0130 Z0.5250 E0.00581 F2400
G1 X120.6367 Y115.0931 Z0.5250 E0.00581 F2400
G1 X120.7001 Y115.1750 Z0.5250 E0.00581 F2400
G1 X120.7614 Y115.2585 Z0.5250 E0.00581 F2400
G1 X120.8205 Y115.3436 Z0.5250 E0.00582 F2400
G1 X120.8774 Y115.4303 Z0.5250 E0.00582 F2400
G1 X120.9320 Y115.5185 Z0.5250 E0.00582 F2400
G1 X120.9843 Y115.6082 Z0.5250 E0.00583 F2400
G1 X121.0343 Y115.6992 Z0.5250 E0.00583 F2400
G1 X121.0819 Y115.7915 Z0.5250 E0.00583 F2400
G1 X121.1271 Y115.8851 Z0.5250 E0.00583 F2400
G1 X121.1699 Y115.9799 Z0.5250 E0.00584 F2400
G1 X121.2101 Y116.0758 Z0.5250 E0.00584 F2400
G1 X121.2479 Y116.1728 Z0.5250 E0.00584 F2400
G1 X121.2831 Y116.2708 Z0.5250 E0.00584 F2400
G1 X121.3157 Y116.3697 Z0.5250 E0.00585 F2400
G1 X121.3458 Y116.4695 Z0.5250 E0.00585 F2400
G1 X121.3733 Y116.5701 Z0.5250 E0.00585 F2400
G1 X121.3981 Y116.6714 Z0.5250 E0.00586 F2400
G1 X121.4203 Y116.7734 Z0.5250 E0.00586 F2400
G1 X121.4398 Y116.8760 Z0.5250 E0.00586 F2400
G1 X121.4566 Y116.9791 Z0.5250 E0.00586 F2400
G1 X121.4707 Y117.0827 Z0.5250 E0.00587 F2400
G1 X121.4821 Y117.1866 Z0.5250 E0.00587 F2400
G1 X121.4908 Y117.2909 Z0.5250 E0.00587 F2400
G1 X121.4968 Y117.3953 Z0.5250 E0.00587 F2400
G1 X121.5000 Y117.5000 Z0.5250 E0.00588 F2400
G1 X121.5005 Y117.6048 Z0.5250 E0.00588 F2400
G1 X121.4982 Y117.7095 Z0.5250 E0.00588 F2400
G1 X121.4932 Y117.8143 Z0.5250 E0.00589 F2400
G1 X121.4855 Y117.9189 Z0.5250 E0.00589 F2400
G1 X121.4750 Y118.0233 Z0.5250 E0.00589 F2400
G1 X121.4617 Y118.1275 Z0.5250 E0.00589 F2400
G1 X121.4458 Y118.2313 Z0.5250 E0.00590 F2400
G1 X121.4271 Y118.3347 Z0.5250 E0.00590 F2400
G1 X121.4057 Y118.4377 Z0.5250 E0.00590 F2400
G1 X121.3816 Y118.5401 Z0.5250 E0.00590 F2400
G1 X121.3548 Y118.6418 Z0.5250 E0.00591 F2400
G1 X121.3254 Y118.7429 Z0.5250 E0.00591 F2400
G1 X121.2933 Y118.8433 Z0.5250 E0.00591 F2400
G1 X121.2585 Y118.9428 Z0.5250 E0.00592 F2400
G1 X121.2212 Y119.0414 Z0.5250 E0.00592 F2400
G1 X121.1812 Y119.1390 Z0.5250 E0.00592 F2400
G1 X121.1388 Y119.2356 Z0.5250 E0.00592 F2400
G1 X121.0937 Y119.3311 Z0.5250 E0.00593 F2400
G1 X121.0462 Y119.4254 Z0.5250 E0.00593 F2400
G1 X120.9962 Y119.5185 Z0.5250 E0.00593 F2400
G1 X120.9437 Y119.6103 Z0.5250 E0.00593 F2400
G1 X120.8889 Y119.7007 Z0.5250 E0.00594 F2400
G1 X120.8316 Y119.7897 Z0.5250 E0.00594 F2400
G1 X120.7720 Y119.8773 Z0.5250 E0.00594 F2400
G1 X120.7101 Y119.9632 Z0.5250 E0.00594 F2400
G1 X120.6460 Y120.0476 Z0.5250 E0.00595 F2400
G1 X120.5796 Y120.1303 Z0.5250 E0.00595 F2400
G1 X120.5111 Y120.2112 Z0.5250 E0.00595 F2400
G1 X120.4405 Y120.2904 Z0.5250 E0.00596 F2400
G1 X120.3677 Y120.3677 Z0.5250 E0.00596 F2400
G1 X120.2929 Y120.4431 Z0.5250 E0.00596 F2400
G1 X120.2162 Y120.5166 Z0.5250 E0.00596 F2400
G1 X120.1375 Y120.5881 Z0.5250 E0.00597 F2400
G1 X120.0569 Y120.6575 Z0.5250 E0.00597 F2400
G1 X119.9745 Y120.7248 Z0.5250 E0.00597 F2400
G1 X119.8903 Y120.7900 Z0.5250 E0.00597 F2400
G1 X119.8044 Y120.8530 Z0.5250 E0.00598 F2400
G1 X119.7169 Y120.9137 Z0.5250 E0.00598 F2400
G1 X119.6277 Y120.9721 Z0.5250 E0.00598 F2400
G1 X119.5370 Y121.0283 Z0.5250 E0.00599 F2400
G1 X119.4449 Y121.0820 Z0.5250 E0.00599 F2400
G1 X119.3513 Y121.1333 Z0.5250 E0.00599 F2400
G1 X119.2563 Y121.1822 Z0.5250 E0.00599 F2400
G1 X119.1601 Y121.2286 Z0.5250 E0.00600 F2400
G1 X119.0626 Y121.2725 Z0.5250 E0.00600 F2400
G1 X118.9640 Y121.3138 Z0.5250 E0.00600 F2400
G1 X118.8643 Y121.3526 Z0.5250 E0.00600 F2400
G1 X118.7635 Y121.3888 Z0.5250 E0.00601 F2400
G1 X118.6618 Y121.4223 Z0.5250 E0.00601 F2400
G1 X118.5592 Y121.4531 Z0.5250 E0.00601 F2400
G1 X118.4558 Y121.4813 Z0.5250 E0.00602 F2400
G1 X118.3517 Y121.5068 Z0.5250 E0.00602 F2400
G1 X118.2468 Y121.5295 Z0.5250 E0.00602 F2400
G1 X118.1414 Y121.5495 Z0.5250 E0.00602 F2400
G1 X118.0354 Y121.5668 Z0.5250 E0.00603 F2400
G1 X117.9290 Y121.5812 Z0.5250 E0.00603 F2400
G1 X117.8221 Y121.5929 Z0.5250 E0.00603 F2400
G1 X117.7150 Y121.6018 Z0.5250 E0.00603 F2400
G1 X117.6076 Y121.6079 Z0.5250 E0.00604 F2400
G1 X117.5000 Y121.6111 Z0.5250 E0.00604 F2400
G1 X117.3923 Y121.6116 Z0.5250 E0.00604 F2400
G1 X117.2846 Y121.6092 Z0.5250 E0.00605 F2400
G1 X117.1770 Y121.6040 Z0.5250 E0.00605 F2400
G1 X117.0695 Y121.5960 Z0.5250 E0.00605 F2400
G1 X116.9622 Y121.5851 Z0.5250 E0.00605 F2400
G1 X116.8551 Y121.5715 Z0.5250 E0.00606 F2400
G1 X116.7484 Y121.5550 Z0.5250 E0.00606 F2400
G1 X116.6422 Y121.5358 Z0.5250 E0.00606 F2400
G1 X116.5364 Y121.5137 Z0.5250 E0.00606 F2400
G1 X116.4312 Y121.4889 Z0.5250 E0.00607 F2400
G1 X116.3266 Y121.4613 Z0.5250 E0.00607 F2400
G1 X116.2227 Y121.4310 Z0.5250 E0.00607 F2400
G1 X116.1196 Y121.3980 Z0.5250 E0.00608 F2400
G1 X116.0174 Y121.3623 Z0.5250 E0.00608 F2400
G1 X115.9161 Y121.3238 Z0.5250 E0.00608 F2400
G1 X115.8158 Y121.2828 Z0.5250 E0.00608 F2400
G1 X115.7166 Y121.2390 Z0.5250 E0.00609 F2400
G1 X115.6185 Y121.1927 Z0.5250 E0.00609 F2400
G1 X115.5216 Y121.1438 Z0.5250 E0.00609 F2400
G1 X115.4259 Y121.0924 Z0.5250 E0.00609 F2400
G1 X115.3316 Y121.0385 Z0.5250 E0.00610 F2400
G1 X115.2387 Y120.9820 Z0.5250 E0.00610 F2400
G1 X115.1473 Y120.9232 Z0.5250 E0.00610 F2400
G1 X115.0574 Y120.8619 Z0.5250 E0.00611 F2400
G1 X114.9691 Y120.7983 Z0.5250 E0.00611 F2400
G1 X114.8825 Y120.7324 Z0.5250 E0.00611 F2400
G1 X114.7976 Y120.6641 Z0.5250 E0.00611 F2400
G1 X114.7144 Y120.5937 Z0.5250 E0.00612 F2400
G1 X114.6331 Y120.5210 Z0.5250 E0.00612 F2400
G1 X114.5537 Y120.4463 Z0.5250 E0.00612 F2400
G1 X114.4763 Y120.3694 Z0.5250 E0.00612 F2400
G1 X114.4008 Y120.2905 Z0.5250 E0.00613 F2400
G1 X114.3274 Y120.2096 Z0.5250 E0.00613 F2400
G1 X114.2561 Y120.1268 Z0.5250 E0.00613 F2400
G1 X114.1870 Y120.0421 Z0.5250 E0.00614 F2400
G1 X114.1201 Y119.9556 Z0.5250 E0.00614 F2400
G1 X114.0555 Y119.8674 Z0.5250 E0.00614 F2400
G1 X113.9931 Y119.7774 Z0.5250 E0.00614 F2400
G1 X113.9331 Y119.6858 Z0.5250 E0.00615 F2400
G1 X113.8755 Y119.5926 Z0.5250 E0.00615 F2400
G1 X113.8204 Y119.4979 Z0.5250 E0.00615 F2400
G1 X113.7677 Y119.4017 Z0.5250 E0.00615 F2400
G1 X113.7175 Y119.3042 Z0.5250 E0.00616 F2400
G1 X113.6699 Y119.2053 Z0.5250 E0.00616 F2400
G1 X113.6248 Y119.1051 Z0.5250 E0.00616 F2400
G1 X113.5824 Y119.0038 Z0.5250 E0.00617 F2400
G1 X113.5427 Y118.9014 Z0.5250 E0.00617 F2400
G1 X113.5056 Y118.7979 Z0.5250 E0.00617 F2400
G1 X113.4712 Y118.6934 Z0.5250 E0.00617 F2400
G1 X113.4395 Y118.5880 Z0.5250 E0.00618 F2400
G1 X113.4106 Y118.4818 Z0.5250 E0.00618 F2400
G1 X113.3845 Y118.3748 Z0.5250 E0.00618 F2400
G1 X113.3612 Y118.2671 Z0.5250 E0.00618 F2400
G1 X113.3407 Y118.1588 Z0.5250 E0.00619 F2400
G1 X113.3231 Y118.0499 Z0.5250 E0.00619 F2400
G1 X113.3083 Y117.9406 Z0.5250 E0.00619 F2400
G1 X113.2963 Y117.8308 Z0.5250 E0.00620 F2400
G1 X113.2873 Y117.7208 Z0.5250 E0.00620 F2400
G1 X113.2811 Y117.6105 Z0.5250 E0.00620 F2400
G1 X113.2778 Y117.5000 Z0.5250 E0.00620 F2400
G1 X113.2774 Y117.3894 Z0.5250 E0.00621 F2400
G1 X113.2799 Y117.2788 Z0.5250 E0.00621 F2400
G1 X113.2853 Y117.1683 Z0.5250 E0.00621 F2400
G1 X113.2935 Y117.0579 Z0.5250 E0.00621 F2400
G1 X113.3047 Y116.9477 Z0.5250 E0.00622 F2400
G1 X113.3188 Y116.8378 Z0.5250 E0.00622 F2400
G1 X113.3357 Y116.7282 Z0.5250 E0.00622 F2400
G1 X113.3556 Y116.6191 Z0.5250 E0.00623 F2400
G1 X113.3782 Y116.5105 Z0.5250 E0.00623 F2400
G1 X113.4038 Y116.4024 Z0.5250 E0.00623 F2400
G1 X113.4321 Y116.2950 Z0.5250 E0.00623 F2400
G1 X113.4633 Y116.1884 Z0.5250 E0.00624 F2400
G1 X113.4973 Y116.0826 Z0.5250 E0.00624 F2400
G1 X113.5340 Y115.9776 Z0.5250 E0.00624 F2400
G1 X113.5735 Y115.8736 Z0.5250 E0.00624 F2400
G1 X113.6157 Y115.7706 Z0.5250 E0.00625 F2400
G1 X113.6607 Y115.6687 Z0.5250 E0.00625 F2400
G1 X113.7083 Y115.5680 Z0.5250 E0.00625 F2400
G1 X113.7585 Y115.4685 Z0.5250 E0.00626 F2400
G1 X113.8114 Y115.3704 Z0.5250 E0.00626 F2400
G1 X113.8668 Y115.2736 Z0.5250 E0.00626 F2400
G1 X113.9248 Y115.1782 Z0.5250 E0.00626 F2400
G1 X113.9853 Y115.0844 Z0.5250 E0.00627 F2400
G1 X114.0482 Y114.9921 Z0.5250 E0.00627 F2400
G1 X114.1136 Y114.9015 Z0.5250 E0.00627 F2400
G1 X114.1813 Y114.8126 Z0.5250 E0.00627 F2400
G1 X114.2514 Y114.7254 Z0.5250 E0.00628 F2400
G1 X114.3237 Y114.6401 Z0.5250 E0.00628 F2400
G1 X114.3984 Y114.5566 Z0.5250 E0.00628 F2400
G1 X114.4752 Y114.4752 Z0.5250 E0.00629 F2400
G1 X114.5541 Y114.3957 Z0.5250 E0.00629 F2400
G1 X114.6351 Y114.3182 Z0.5250 E0.00629 F2400
G1 X114.7182 Y114.2429 Z0.5250 E0.00629 F2400
G1 X114.8032 Y114.1698 Z0.5250 E0.00630 F2400
G1 X114.8902 Y114.0989 Z0.5250 E0.00630 F2400
G1 X114.9791 Y114.0302 Z0.5250 E0.00630 F2400
G1 X115.0697 Y113.9639 Z0.5250 E0.00630 F2400
G1 X115.1621 Y113.8999 Z0.5250 E0.00631 F2400
G1 X115.2562 Y113.8384 Z0.5250 E0.00631 F2400
G1 X115.3519 Y113.7793 Z0.5250 E0.00631 F2400
G1 X115.4491 Y113.7227 Z0.5250 E0.00631 F2400
G1 X115.5478 Y113.6687 Z0.5250 E0.00632 F2400
G1 X115.6480 Y113.6172 Z0.5250 E0.00632 F2400
G1 X115.7495 Y113.5684 Z0.5250 E0.00632 F2400
G1 X115.8523 Y113.5222 Z0.5250 E0.00633 F2400
G1 X115.9564 Y113.4787 Z0.5250 E0.00633 F2400
G1 X116.0615 Y113.4379 Z0.5250 E0.00633 F2400
G1 X116.1678 Y113.3999 Z0.5250 E0.00633 F2400
G1 X116.2751 Y113.3646 Z0.5250 E0.00634 F2400
G1 X116.3832 Y113.3322 Z0.5250 E0.00634 F2400
G1 X116.4923 Y113.3026 Z0.5250 E0.00634 F2400
G1 X116.6021 Y113.2759 Z0.5250 E0.00634 F2400
G1 X116.7127 Y113.2520 Z0.5250 E0.00635 F2400
G1 X116.8239 Y113.2310 Z0.5250 E0.00635 F2400
G1 X116.9356 Y113.2129 Z0.5250 E0.00635 F2400
G1 X117.0478 Y113.1978 Z0.5250 E0.00636 F2400
G1 X117.1604 Y113.1856 Z0.5250 E0.00636 F2400
G1 X117.2734 Y113.1763 Z0.5250 E0.00636 F2400
G1 X117.3866 Y113.1700 Z0.5250 E0.00636 F2400
G1 X117.5000 Y113.1667 Z0.5250 E0.00637 F2400
G1 X117.6135 Y113.1663 Z0.5250 E0.00637 F2400
G1 X117.7270 Y113.1689 Z0.5250 E0.00637 F2400
G1 X117.8404 Y113.1745 Z0.5250 E0.00637 F2400
G1 X117.9537 Y113.1830 Z0.5250 E0.00638 F2400
G1 X118.0668 Y113.1946 Z0.5250 E0.00638 F2400
G1 X118.1796 Y113.2090 Z0.5250 E0.00638 F2400
G1 X118.2920 Y113.2265 Z0.5250 E0.00639 F2400
G1 X118.4040 Y113.2469 Z0.5250 E0.00639 F2400
G1 X118.5155 Y113.2702 Z0.5250 E0.00639 F2400
G1 X118.6263 Y113.2964 Z0.5250 E0.00639 F2400
G1 X118.7365 Y113.3256 Z0.5250 E0.00640 F2400
G1 X118.8459 Y113.3576 Z0.5250 E0.00640 F2400
G1 X118.9545 Y113.3925 Z0.5250 E0.00640 F2400
G1 X119.0622 Y113.4303 Z0.5250 E0.00640 F2400
G1 X119.1689 Y113.4709 Z0.5250 E0.00641 F2400
G1 X119.2746 Y113.5142 Z0.5250 E0.00641 F2400
G1 X119.3791 Y113.5604 Z0.5250 E0.00641 F2400
G1 X119.4824 Y113.6093 Z0.5250 E0.00642 F2400
G1 X119.5845 Y113.6609 Z0.5250 E0.00642 F2400
G1 X119.6852 Y113.7151 Z0.5250 E0.00642 F2400
G1 X119.7845 Y113.7721 Z0.5250 E0.00642 F2400
G1 X119.8823 Y113.8316 Z0.5250 E0.00643 F2400
G1 X119.9786 Y113.8937 Z0.5250 E0.00643 F2400
G1 X120.0732 Y113.9583 Z0.5250 E0.00643 F2400
G1 X120.1661 Y114.0254 Z0.5250 E0.00643 F2400
G1 X120.2574 Y114.0949 Z0.5250 E0.00644 F2400
G1 X120.3467 Y114.1669 Z0.5250 E0.00644 F2400
G1 X120.4343 Y114.2412 Z0.5250 E0.00644 F2400
G1 X120.5198 Y114.3178 Z0.5250 E0.00645 F2400
G1 X120.6034 Y114.3966 Z0.5250 E0.00645 F2400
G1 X120.6849 Y114.4776 Z0.5250 E0.00645 F2400
G1 X120.7643 Y114.5608 Z0.5250 E0.00645 F2400
G1 X120.8416 Y114.6460 Z0.5250 E0.00646 F2400
G1 X120.9166 Y114.7333 Z0.5250 E0.00646 F2400
G1 X120.9893 Y114.8226 Z0.5250 E0.00646 F2400
G1 X121.0597 Y114.9137 Z0.5250 E0.00646 F2400
G1 X121.1277 Y115.0068 Z0.5250 E0.00647 F2400
G1 X121.1933 Y115.1016 Z0.5250 E0.00647 F2400
G1 X121.2564 Y115.1981 Z0.5250 E0.00647 F2400
G1 X121.3169 Y115.2963 Z0.5250 E0.00648 F2400
G1 X121.3749 Y115.3961 Z0.5250 E0.00648 F2400
G1 X121.4303 Y115.4974 Z0.5250 E0.00648 F2400
G1 X121.4831 Y115.6002 Z0.5250 E0.00648 F2400
G1 X121.5331 Y115.7043 Z0.5250 E0.00649 F2400
G1 X121.5805 Y115.8098 Z0.5250 E0.00649 F2400
G1 X121.6250 Y115.9165 Z0.5250 E0.00649 F2400
G1 X121.6668 Y116.0245 Z0.5250 E0.00649 F2400
G1 X121.7058 Y116.1335 Z0.5250 E0.00650 F2400
G1 X121.7419 Y116.2435 Z0.5250 E0.00650 F2400
G1 X121.7751 Y116.3545 Z0.5250 E0.00650 F2400
G1 X121.8054 Y116.4664 Z0.5250 E0.00651 F2400
G1 X121.8328 Y116.5790 Z0.5250 E0.00651 F2400
G1 X121.8573 Y116.6924 Z0.5250 E0.00651 F2400
G1 X121.8788 Y116.8065 Z0.5250 E0.00651 F2400
G1 X121.8972 Y116.9211 Z0.5250 E0.00652 F2400
G1 X121.9127 Y117.0362 Z0.5250 E0.00652 F2400
G1 X121.9252 Y117.1517 Z0.5250 E0.00652 F2400
G1 X121.9347 Y117.2676 Z0.5250 E0.00652 F2400
G1 X121.9411 Y117.3837 Z0.5250 E0.00653 F2400
G1 X121.9444 Y117.5000 Z0.5250 E0.00653 F2400
G1 X121.9448 Y117.6164 Z0.5250 E0.00653 F2400
G1 X121.9421 Y117.7328 Z0.5250 E0.00654 F2400
G1 X121.9363 Y117.8491 Z0.5250 E0.00654 F2400
G1 X121.9275 Y117.9653 Z0.5250 E0.00654 F2400
G1 X121.9156 Y118.0813 Z0.5250 E0.00654 F2400
G1 X121.9007 Y118.1970 Z0.5250 E0.00655 F2400
G1 X121.8828 Y118.3123 Z0.5250 E0.00655 F2400
G1 X121.8618 Y118.4271 Z0.5250 E0.00655 F2400
G1 X121.8379 Y118.5414 Z0.5250 E0.00655 F2400
G1 X121.8109 Y118.6551 Z0.5250 E0.00656 F2400
G1 X121.7810 Y118.7681 Z0.5250 E0.00656 F2400
G1 X121.7481 Y118.8803 Z0.5250 E0.00656 F2400
G1 X121.7122 Y118.9916 Z0.5250 E0.00657 F2400
G1 X121.6735 Y119.1020 Z0.5250 E0.00657 F2400
G1 X121.6318 Y119.2114 Z0.5250 E0.00657 F2400
G1 X121.5873 Y119.3198 Z0.5250 E0.00657 F2400
G1 X121.5399 Y119.4269 Z0.5250 E0.00658 F2400
G1 X121.4897 Y119.5329 Z0.5250 E0.00658 F2400
G1 X121.4368 Y119.6375 Z0.5250 E0.00658 F2400
G1 X121.3811 Y119.7407 Z0.5250 E0.00658 F2400
G1 X121.3227 Y119.8425 Z0.5250 E0.00659 F2400
G1 X121.2616 Y119.9428 Z0.5250 E0.00659 F2400
G1 X121.1979 Y120.0415 Z0.5250 E0.00659 F2400
G1 X121.1316 Y120.1385 Z0.5250 E0.00660 F2400
G1 X121.0627 Y120.2338 Z0.5250 E0.00660 F2400
G1 X120.9914 Y120.3273 Z0.5250 E0.00660 F2400
G1 X120.9176 Y120.4189 Z0.5250 E0.00660 F2400
G1 X120.8414 Y120.5086 Z0.5250 E0.00661 F2400
G1 X120.7628 Y120.5963 Z0.5250 E0.00661 F2400
G1 X120.6820 Y120.6820 Z0.5250 E0.00661 F2400
G1 X120.5989 Y120.7655 Z0.5250 E0.00661 F2400
G1 X120.5136 Y120.8469 Z0.5250 E0.00662 F2400
G1 X120.4261 Y120.9261 Z0.5250 E0.00662 F2400
G1 X120.3366 Y121.0029 Z0.5250 E0.00662 F2400
G1 X120.2451 Y121.0774 Z0.5250 E0.00663 F2400
G1 X120.1516 Y121.1496 Z0.5250 E0.00663 F2400
G1 X120.0562 Y121.2193 Z0.5250 E0.00663 F2400
G1 X119.9589 Y121.2864 Z0.5250 E0.00663 F2400
G1 X119.8600 Y121.3511 Z0.5250 E0.00664 F2400
G1 X119.7593 Y121.4132 Z0.5250 E0.00664 F2400
G1 X119.6569 Y121.4726 Z0.5250 E0.00664 F2400
G1 X119.5530 Y121.5293 Z0.5250 E0.00664 F2400
G1 X119.4477 Y121.5834 Z0.5250 E0.00665 F2400
G1 X119.3409 Y121.6346 Z0.5250 E0.00665 F2400
G1 X119.2327 Y121.6831 Z0.5250 E0.00665 F2400
G1 X119.1233 Y121.7288 Z0.5250 E0.00666 F2400
G1 X119.0126 Y121.7716 Z0.5250 E0.00666 F2400
G1 X118.9009 Y121.8115 Z0.5250 E0.00666 F2400
G1 X118.7881 Y121.8484 Z0.5250 E0.00666 F2400
G1 X118.6743 Y121.8824 Z0.5250 E0.00667 F2400
G1 X118.5596 Y121.9135 Z0.5250 E0.00667 F2400
G1 X118.4441 Y121.9415 Z0.5250 E0.00667 F2400
G1 X118.3278 Y121.9665 Z0.5250 E0.00667 F2400
G1 X118.2109 Y121.9885 Z0.5250 E0.00668 F2400
G1 X118.0934 Y122.0074 Z0.5250 E0.00668 F2400
G1 X117.9754 Y122.0232 Z0.5250 E0.00668 F2400
G1 X117.8570 Y122.0360 Z0.5250 E0.00668 F2400
G1 X117.7382 Y122.0456 Z0.5250 E0.00669 F2400
G1 X117.6192 Y122.0521 Z0.5250 E0.00669 F2400
G1 X117.5000 Y122.0556 Z0.5250 E0.00669 F2400
G1 X117.3807 Y122.0558 Z0.5250 E0.00670 F2400
G1 X117.2614 Y122.0530 Z0.5250 E0.00670 F2400
G1 X117.1421 Y122.0471 Z0.5250 E0.00670 F2400
G1 X117.0230 Y122.0380 Z0.5250 E0.00670 F2400
G1 X116.9042 Y122.0258 Z0.5250 E0.00671 F2400
G1 X116.7856 Y122.0104 Z0.5250 E0.00671 F2400
G1 X116.6675 Y121.9920 Z0.5250 E0.00671 F2400
G1 X116.5498 Y121.9705 Z0.5250 E0.00671 F2400
G1 X116.4326 Y121.9459 Z0.5250 E0.00672 F2400
G1 X116.3161 Y121.9182 Z0.5250 E0.00672 F2400
G1 X116.2004 Y121.8875 Z0.5250 E0.00672 F2400
G1 X116.0854 Y121.8537 Z0.5250 E0.00673 F2400
G1 X115.9713 Y121.8169 Z0.5250 E0.00673 F2400
G1 X115.8581 Y121.7772 Z0.5250 E0.00673 F2400
G1 X115.7460 Y121.7344 Z0.5250 E0.00673 F2400
G1 X115.6350 Y121.6888 Z0.5250 E0.00674 F2400
G1 X115.5252 Y121.6402 Z0.5250 E0.00674 F2400
G1 X115.4167 Y121.5887 Z0.5250 E0.00674 F2400
G1 X115.3095 Y121.5344 Z0.5250 E0.00674 F2400
G1 X115.2037 Y121.4773 Z0.5250 E0.00675 F2400
G1 X115.0994 Y121.4174 Z0.5250 E0.00675 F2400
G1 X114.9967 Y121.3548 Z0.5250 E0.00675 F2400
G1 X114.8956 Y121.2895 Z0.5250 E0.00676 F2400
G1 X114.7962 Y121.2215 Z0.5250 E0.00676 F2400
G1 X114.6986 Y121.1509 Z0.5250 E0.00676 F2400
G1 X114.6028 Y121.0777 Z0.5250 E0.00676 F2400
G1 X114.5089 Y121.0021 Z0.5250 E0.00677 F2400
G1 X114.4170 Y120.9240 Z0.5250 E0.00677 F2400
G1 X114.3272 Y120.8434 Z0.5250 E0.00677 F2400
G1 X114.2395 Y120.7605 Z0.5250 E0.00677 F2400
G1 X114.1539 Y120.6754 Z0.5250 E0.00678 F2400
G1 X114.0705 Y120.5879 Z0.5250 E0.00678 F2400
G1 X113.9895 Y120.4983 Z0.5250 E0.00678 F2400
G1 X113.9107 Y120.4065 Z0.5250 E0.00679 F2400
G1 X113.8344 Y120.3127 Z0.5250 E0.00679 F2400
G1 X113.7605 Y120.2169 Z0.5250 E0.00679 F2400
G1 X113.6892 Y120.1191 Z0.5250 E0.00679 F2400
G1 X113.6204 Y120.0195 Z0.5250 E0.00680 F2400
G1 X113.5542 Y119.9180 Z0.5250 E0.00680 F2400
G1 X113.4906 Y119.8148 Z0.5250 E0.00680 F2400
G1 X113.4298 Y119.7100 Z0.5250 E0.00680 F2400
G1 X113.3717 Y119.6035 Z0.5250 E0.00681 F2400
G1 X113.3164 Y119.4955 Z0.5250 E0.00681 F2400
G1 X113.2639 Y119.3861 Z0.5250 E0.00681 F2400
G1 X113.2142 Y119.2752 Z0.5250 E0.00682 F2400
G1 X113.1675 Y119.1631 Z0.5250 E0.00682 F2400
G1 X113.1237 Y119.0497 Z0.5250 E0.00682 F2400
G1 X113.0829 Y118.9352 Z0.5250 E0.00682 F2400
G1 X113.0450 Y118.8196 Z0.5250 E0.00683 F2400
G1 X113.0102 Y118.7030 Z0.5250 E0.00683 F2400
G1 X112.9785 Y118.5855 Z0.5250 E0.00683 F2400
G1 X112.9498 Y118.4672 Z0.5250 E0.00683 F2400
G1 X112.9242 Y118.3481 Z0.5250 E0.00684 F2400
G1 X112.9018 Y118.2283 Z0.5250 E0.00684 F2400
G1 X112.8824 Y118.1079 Z0.5250 E0.00684 F2400
G1 X112.8663 Y117.9870 Z0.5250 E0.00685 F2400
G1 X112.8533 Y117.8657 Z0.5250 E0.00685 F2400
G1 X112.8434 Y117.7440 Z0.5250 E0.00685 F2400
G1 X112.8368 Y117.6221 Z0.5250 E0.00685 F2400
G1 X112.8333 Y117.5000 Z0.5250 E0.00686 F2400
G1 X112.8331 Y117.3778 Z0.5250 E0.00686 F2400
G1 X112.8360 Y117.2556 Z0.5250 E0.00686 F2400
G1 X112.8422 Y117.1334 Z0.5250 E0.00686 F2400
G1 X112.8515 Y117.0114 Z0.5250 E0.00687 F2400
G1 X112.8641 Y116.8897 Z0.5250 E0.00687 F2400
G1 X112.8798 Y116.7682 Z0.5250 E0.00687 F2400
G1 X112.8987 Y116.6472 Z0.5250 E0.00688 F2400
G1 X112.9208 Y116.5267 Z0.5250 E0.00688 F2400
G1 X112.9461 Y116.4067 Z0.5250 E0.00688 F2400
G1 X112.9745 Y116.2874 Z0.5250 E0.00688 F2400
G1 X113.0060 Y116.1688 Z0.5250 E0.00689 F2400
G1 X113.0406 Y116.0511 Z0.5250 E0.00689 F2400
G1 X113.0783 Y115.9342 Z0.5250 E0.00689 F2400
G1 X113.1191 Y115.8183 Z0.5250 E0.00689 F2400
G1 X113.1629 Y115.7035 Z0.5250 E0.00690 F2400
G1 X113.2097 Y115.5898 Z0.5250 E0.00690 F2400
G1 X113.2595 Y115.4774 Z0.5250 E0.00690 F2400
G1 X113.3123 Y115.3662 Z0.5250 E0.00691 F2400
G1 X113.3679 Y115.2565 Z0.5250 E0.00691 F2400
G1 X113.4265 Y115.1481 Z0.5250 E0.00691 F2400
G1 X113.4879 Y115.0414 Z0.5250 E0.00691 F2400
G1 X113.5520 Y114.9362 Z0.5250 E0.00692 F2400
G1 X113.6190 Y114.8326 Z0.5250 E0.00692 F2400
G1 X113.6886 Y114.7309 Z0.5250 E0.00692 F2400
G1 X113.7610 Y114.6309 Z0.5250 E0.00692 F2400
G1 X113.8359 Y114.5329 Z0.5250 E0.00693 F2400
G1 X113.9134 Y114.4368 Z0.5250 E0.00693 F2400
G1 X113.9935 Y114.3427 Z0.5250 E0.00693 F2400
G1 X114.0760 Y114.2507 Z0.5250 E0.00694 F2400
G1 X114.1609 Y114.1609 Z0.5250 E0.00694 F2400
G1 X114.2482 Y114.0733 Z0.5250 E0.00694 F2400
G1 X114.3377 Y113.9880 Z0.5250 E0.00694 F2400
G1 X114.4296 Y113.9050 Z0.5250 E0.00695 F2400
G1 X114.5235 Y113.8244 Z0.5250 E0.00695 F2400
G1 X114.6197 Y113.7463 Z0.5250 E0.00695 F2400
G1 X114.7178 Y113.6707 Z0.5250 E0.00695 F2400
G1 X114.8180 Y113.5976 Z0.5250 E0.00696 F2400
G1 X114.9200 Y113.5272 Z0.5250 E0.00696 F2400
G1 X115.0239 Y113.4594 Z0.5250 E0.00696 F2400
G1 X115.1296 Y113.3944 Z0.5250 E0.00697 F2400
G1 X115.2370 Y113.3321 Z0.5250 E0.00697 F2400
G1 X115.3461 Y113.2727 Z0.5250 E0.00697 F2400
G1 X115.4567 Y113.2161 Z0.5250 E0.00697 F2400
G1 X115.5688 Y113.1624 Z0.5250 E0.00698 F2400
G1 X115.6823 Y113.1116 Z0.5250 E0.00698 F2400
G1 X115.7971 Y113.0638 Z0.5250 E0.00698 F2400
G1 X115.9132 Y113.0190 Z0.5250 E0.00698 F2400
G1 X116.0305 Y112.9772 Z0.5250 E0.00699 F2400
G1 X116.1488 Y112.9385 Z0.5250 E0.00699 F2400
G1 X116.2682 Y112.9029 Z0.5250 E0.00699 F2400
G1 X116.3885 Y112.8704 Z0.5250 E0.00700 F2400
G1 X116.5097 Y112.8411 Z0.5250 E0.00700 F2400
G1 X116.6317 Y112.8150 Z0.5250 E0.00700 F2400
G1 X116.7543 Y112.7920 Z0.5250 E0.00700 F2400
G1 X116.8776 Y112.7723 Z0.5250 E0.00701 F2400
G1 X117.0014 Y112.7558 Z0.5250 E0.00701 F2400
G1 X117.1256 Y112.7425 Z0.5250 E0.00701 F2400
G1 X117.2501 Y112.7325 Z0.5250 E0.00701 F2400
G1 X117.3750 Y112.7257 Z0.5250 E0.00702 F2400
G1 X117.5000 Y112.7222 Z0.5250 E0.00702 F2400
G1 X117.6251 Y112.7220 Z0.5250 E0.00702 F2400
G1 X117.7502 Y112.7251 Z0.5250 E0.00703 F2400
G1 X117.8753 Y112.7314 Z0.5250 E0.00703 F2400
G1 X118.0002 Y112.7410 Z0.5250 E0.00703 F2400
G1 X118.1248 Y112.7539 Z0.5250 E0.00703 F2400
G1 X118.2491 Y112.7701 Z0.5250 E0.00704 F2400
G1 X118.3730 Y112.7895 Z0.5250 E0.00704 F2400
G1 X118.4964 Y112.8121 Z0.5250 E0.00704 F2400
G1 X118.6192 Y112.8380 Z0.5250 E0.00704 F2400
G1 X118.7414 Y112.8671 Z0.5250 E0.00705 F2400
G1 X118.8627 Y112.8994 Z0.5250 E0.00705 F2400
G1 X118.9833 Y112.9349 Z0.5250 E0.00705 F2400
G1 X119.1029 Y112.9736 Z0.5250 E0.00705 F2400
G1 X119.2215 Y113.0154 Z0.5250 E0.00706 F2400
G1 X119.3390 Y113.0602 Z0.5250 E0.00706 F2400
G1 X119.4553 Y113.1082 Z0.5250 E0.00706 F2400
G1 X119.5704 Y113.1592 Z0.5250 E0.00707 F2400
G1 X119.6842 Y113.2133 Z0.5250 E0.00707 F2400
G1 X119.7965 Y113.2703 Z0.5250 E0.00707 F2400
G1 X119.9074 Y113.3302 Z0.5250 E0.00707 F2400
G1 X120.0167 Y113.3931 Z0.5250 E0.00708 F2400
G1 X120.1244 Y113.4589 Z0.5250 E0.00708 F2400
G1 X120.2303 Y113.5274 Z0.5250 E0.00708 F2400
G1 X120.3344 Y113.5987 Z0.5250 E0.00708 F2400
G1 X120.4367 Y113.6728 Z0.5250 E0.00709 F2400
G1 X120.5371 Y113.7496 Z0.5250 E0.00709 F2400
G1 X120.6354 Y113.8289 Z0.5250 E0.00709 F2400
G1 X120.7317 Y113.9109 Z0.5250 E0.00710 F2400
G1 X120.8258 Y113.9954 Z0.5250 E0.00710 F2400
G1 X120.9177 Y114.0823 Z0.5250 E0.00710 F2400
G1 X121.0073 Y114.1717 Z0.5250 E0.00710 F2400
G1 X121.0946 Y114.2634 Z0.5250 E0.00711 F2400
G1 X121.1795 Y114.3574 Z0.5250 E0.00711 F2400
G1 X121.2620 Y114.4536 Z0.5250 E0.00711 F2400
G1 X121.3419 Y114.5520 Z0.5250 E0.00711 F2400
G1 X121.4192 Y114.6525 Z0.5250 E0.00712 F2400
G1 X121.4940 Y114.7550 Z0.5250 E0.00712 F2400
G1 X121.5660 Y114.8595 Z0.5250 E0.00712 F2400
G1 X121.6353 Y114.9659 Z0.5250 E0.00713 F2400
G1 X121.7018 Y115.0741 Z0.5250 E0.00713 F2400
G1 X121.7655 Y115.1840 Z0.5250 E0.00713 F2400
G1 X121.8263 Y115.2956 Z0.5250 E0.00713 F2400
G1 X121.8842 Y115.4088 Z0.5250 E0.00714 F2400
G1 X121.9392 Y115.5236 Z0.5250 E0.00714 F2400
G1 X121.9911 Y115.6397 Z0.5250 E0.00714 F2400
G1 X122.0400 Y115.7573 Z0.5250 E0.00714 F2400
G1 X122.0858 Y115.8761 Z0.5250 E0.00715 F2400
G1 X122.1285 Y115.9961 Z0.5250 E0.00715 F2400
G1 X122.1680 Y116.1173 Z0.5250 E0.00715 F2400
G1 X122.2044 Y116.2395 Z0.5250 E0.00716 F2400
G1 X122.2376 Y116.3626 Z0.5250 E0.00716 F2400
G1 X122.2676 Y116.4866 Z0.5250 E0.00716 F2400
G1 X122.2943 Y116.6114 Z0.5250 E0.00716 F2400
G1 X122.3177 Y116.7369 Z0.5250 E0.00717 F2400
G1 X122.3379 Y116.8631 Z0.5250 E0.00717 F2400
G1 X122.3547 Y116.9897 Z0.5250 E0.00717 F2400
G1 X122.3683 Y117.1169 Z0.5250 E0.00717 F2400
G1 X122.3785 Y117.2443 Z0.5250 E0.00718 F2400
G1 X122.3854 Y117.3721 Z0.5250 E0.00718 F2400
G1 X122.3889 Y117.5000 Z0.5250 E0.00718 F2400
G1 X122.3891 Y117.6280 Z0.5250 E0.00719 F2400
G1 X122.3859 Y117.7561 Z0.5250 E0.00719 F2400
G1 X122.3794 Y117.8840 Z0.5250 E0.00719 F2400
G1 X122.3695 Y118.0118 Z0.5250 E0.00719 F2400
G1 X122.3562 Y118.1393 Z0.5250 E0.00720 F2400
G1 X122.3397 Y118.2665 Z0.5250 E0.00720 F2400
G1 X122.3198 Y118.3933 Z0.5250 E0.00720 F2400
G1 X122.2965 Y118.5195 Z0.5250 E0.00720 F2400
G1 X122.2700 Y118.6452 Z0.5250 E0.00721 F2400
G1 X122.2402 Y118.7701 Z0.5250 E0.00721 F2400
G1 X122.2071 Y118.8943 Z0.5250 E0.00721 F2400
G1 X122.1707 Y119.0176 Z0.5250 E0.00722 F2400
G1 X122.1312 Y119.1400 Z0.5250 E0.00722 F2400
G1 X122.0884 Y119.2613 Z0.5250 E0.00722 F2400
G1 X122.0424 Y119.3815 Z0.5250 E0.00722 F2400
G1 X121.9933 Y119.5005 Z0.5250 E0.00723 F2400
G1 X121.9411 Y119.6183 Z0.5250 E0.00723 F2400
G1 X121.8857 Y119.7346 Z0.5250 E0.00723 F2400
G1 X121.8274 Y119.8496 Z0.5250 E0.00723 F2400
G1 X121.7660 Y119.9630 Z0.5250 E0.00724 F2400
G1 X121.7016 Y120.0748 Z0.5250 E0.00724 F2400
G1 X121.6343 Y120.1849 Z0.5250 E0.00724 F2400
G1 X121.5642 Y120.2932 Z0.5250 E0.00725 F2400
G1 X121.4912 Y120.3997 Z0.5250 E0.00725 F2400
G1 X121.4153 Y120.5044 Z0.5250 E0.00725 F2400
G1 X121.3368 Y120.6070 Z0.5250 E0.00725 F2400
G1 X121.2556 Y120.7076 Z0.5250 E0.00726 F2400
G1 X121.1717 Y120.8060 Z0.5250 E0.00726 F2400
G1 X121.0852 Y120.9023 Z0.5250 E0.00726 F2400
G1 X120.9963 Y120.9963 Z0.5250 E0.00726 F2400
G1 X120.9048 Y121.0879 Z0.5250 E0.00727 F2400
G1 X120.8110 Y121.1772 Z0.5250 E0.00727 F2400
G1 X120.7148 Y121.2640 Z0.5250 E0.00727 F2400
G1 X120.6163 Y121.3483 Z0.5250 E0.00728 F2400
G1 X120.5156 Y121.4300 Z0.5250 E0.00728 F2400
G1 X120.4128 Y121.5091 Z0.5250 E0.00728 F2400
G1 X120.3079 Y121.5855 Z0.5250 E0.00728 F2400
G1 X120.2010 Y121.6592 Z0.5250 E0.00729 F2400
G1 X120.0922 Y121.7300 Z0.5250 E0.00729 F2400
G1 X119.9815 Y121.7981 Z0.5250 E0.00729 F2400
G1 X119.8690 Y121.8632 Z0.5250 E0.00729 F2400
G1 X119.7548 Y121.9253 Z0.5250 E0.00730 F2400
G1 X119.6390 Y121.9845 Z0.5250 E0.00730 F2400
G1 X119.5216 Y122.0407 Z0.5250 E0.00730 F2400
G1 X119.4028 Y122.0937 Z0.5250 E0.00731 F2400
G1 X119.2825 Y122.1437 Z0.5250 E0.00731 F2400
G1 X119.1610 Y122.1905 Z0.5250 E0.00731 F2400
G1 X119.0382 Y122.2341 Z0.5250 E0.00731 F2400
G1 X118.9143 Y122.2746 Z0.5250 E0.00732 F2400
G1 X118.7893 Y122.3117 Z0.5250 E0.00732 F2400
G1 X118.6633 Y122.3456 Z0.5250 E0.00732 F2400
G1 X118.5365 Y122.3762 Z0.5250 E0.00732 F2400
G1 X118.4088 Y122.4035 Z0.5250 E0.00733 F2400
G1 X118.2804 Y122.4275 Z0.5250 E0.00733 F2400
G1 X118.1514 Y122.4480 Z0.5250 E0.00733 F2400
G1 X118.0219 Y122.4652 Z0.5250 E0.00734 F2400
G1 X117.8919 Y122.4790 Z0.5250 E0.00734 F2400
G1 X117.7615 Y122.4894 Z0.5250 E0.00734 F2400
G1 X117.6308 Y122.4964 Z0.5250 E0.00734 F2400
G1 X117.5000 Y122.5000 Z0.5250 E0.00735 F2400
G1 X117.3691 Y122.5001 Z0.5250 E0.00735 F2400
G1 X117.2381 Y122.4968 Z0.5250 E0.00735 F2400
G1 X117.1073 Y122.4901 Z0.5250 E0.00735 F2400
G1 X116.9766 Y122.4800 Z0.5250 E0.00736 F2400
G1 X116.8462 Y122.4664 Z0.5250 E0.00736 F2400
G1 X116.7161 Y122.4494 Z0.5250 E0.00736 F2400
G1 X116.5865 Y122.4290 Z0.5250 E0.00737 F2400
G1 X116.4574 Y122.4052 Z0.5250 E0.00737 F2400
G1 X116.3289 Y122.3781 Z0.5250 E0.00737 F2400
G1 X116.2011 Y122.3475 Z0.5250 E0.00737 F2400
G1 X116.0741 Y122.3136 Z0.5250 E0.00738 F2400
G1 X115.9480 Y122.2764 Z0.5250 E0.00738 F2400
G1 X115.8229 Y122.2359 Z0.5250 E0.00738 F2400
G1 X115.6989 Y122.1921 Z0.5250 E0.00738 F2400
G1 X115.5760 Y122.1451 Z0.5250 E0.00739 F2400
G1 X115.4543 Y122.0948 Z0.5250 E0.00739 F2400
G1 X115.3339 Y122.0413 Z0.5250 E0.00739 F2400
G1 X115.2149 Y121.9847 Z0.5250 E0.00740 F2400
G1 X115.0974 Y121.9250 Z0.5250 E0.00740 F2400
G1 X114.9815 Y121.8622 Z0.5250 E0.00740 F2400
G1 X114.8672 Y121.7964 Z0.5250 E0.00740 F2400
G1 X114.7546 Y121.7275 Z0.5250 E0.00741 F2400
G1 X114.6438 Y121.6557 Z0.5250 E0.00741 F2400
G1 X114.5349 Y121.5810 Z0.5250 E0.00741 F2400
G1 X114.4280 Y121.5035 Z0.5250 E0.00741 F2400
G1 X114.3231 Y121.4231 Z0.5250 E0.00742 F2400
G1 X114.2203 Y121.3401 Z0.5250 E0.00742 F2400
G1 X114.1197 Y121.2543 Z0.5250 E0.00742 F2400
G1 X114.0213 Y121.1658 Z0.5250 E0.00743 F2400
G1 X113.9252 Y121.0748 Z0.5250 E0.00743 F2400
G1 X113.8315 Y120.9813 Z0.5250 E0.00743 F2400
G1 X113.7402 Y120.8853 Z0.5250 E0.00743 F2400
G1 X113.6515 Y120.7869 Z0.5250 E0.00744 F2400
G1 X113.5653 Y120.6862 Z0.5250 E0.00744 F2400
G1 X113.4818 Y120.5833 Z0.5250 E0.00744 F2400
G1 X113.4010 Y120.4781 Z0.5250 E0.00744 F2400
G1 X113.3229 Y120.3708 Z0.5250 E0.00745 F2400
G1 X113.2476 Y120.2615 Z0.5250 E0.00745 F2400
G1 X113.1752 Y120.1502 Z0.5250 E0.00745 F2400
G1 X113.1057 Y120.0370 Z0.5250 E0.00745 F2400
G1 X113.0392 Y119.9220 Z0.5250 E0.00746 F2400
G1 X112.9757 Y119.8053 Z0.5250 E0.00746 F2400
G1 X112.9152 Y119.6868 Z0.5250 E0.00746 F2400
G1 X112.8578 Y119.5668 Z0.5250 E0.00747 F2400
G1 X112.8036 Y119.4453 Z0.5250 E0.00747 F2400
G1 X112.7526 Y119.3224 Z0.5250 E0.00747 F2400
G1 X112.7047 Y119.1981 Z0.5250 E0.00747 F2400
G1 X112.6602 Y119.0726 Z0.5250 E0.00748 F2400
G1 X112.6189 Y118.9458 Z0.5250 E0.00748 F2400
G1 X112.5809 Y118.8181 Z0.5250 E0.00748 F2400
G1 X112.5463 Y118.6893 Z0.5250 E0.00748 F2400
G1 X112.5151 Y118.5596 Z0.5250 E0.00749 F2400
G1 X112.4872 Y118.4291 Z0.5250 E0.00749 F2400
G1 X112.4628 Y118.2978 Z0.5250 E0.00749 F2400
G1 X112.4418 Y118.1659 Z0.5250 E0.00750 F2400
G1 X112.4243 Y118.0335 Z0.5250 E0.00750 F2400
G1 X112.4102 Y117.9006 Z0.5250 E0.00750 F2400
G1 X112.3996 Y117.7673 Z0.5250 E0.00750 F2400
G1 X112.3925 Y117.6337 Z0.5250 E0.00751 F2400
G1 X112.3889 Y117.5000 Z0.5250 E0.00751 F2400
G1 X112.3888 Y117.3662 Z0.5250 E0.00751 F2400
G1 X112.3922 Y117.2323 Z0.5250 E0.00751 F2400
G1 X112.3991 Y117.0986 Z0.5250 E0.00752 F2400
G1 X112.4095 Y116.9650 Z0.5250 E0.00752 F2400
G1 X112.4234 Y116.8317 Z0.5250 E0.00752 F2400
G1 X112.4408 Y116.6987 Z0.5250 E0.00753 F2400
G1 X112.4617 Y116.5662 Z0.5250 E0.00753 F2400
G1 X112.4861 Y116.4343 Z0.5250 E0.00753 F2400
G1 X112.5139 Y116.3029 Z0.5250 E0.00753 F2400
G1 X112.5452 Y116.1724 Z0.5250 E0.00754 F2400
G1 X112.5798 Y116.0426 Z0.5250 E0.00754 F2400
G1 X112.6179 Y115.9137 Z0.5250 E0.00754 F2400
G1 X112.6594 Y115.7858 Z0.5250 E0.00754 F2400
G1 X112.7042 Y115.6591 Z0.5250 E0.00755 F2400
G1 X112.7523 Y115.5334 Z0.5250 E0.00755 F2400
G1 X112.8037 Y115.4091 Z0.5250 E0.00755 F2400
G1 X112.8584 Y115.2861 Z0.5250 E0.00756 F2400
G1 X112.9163 Y115.1645 Z0.5250 E0.00756 F2400
G1 X112.9773 Y115.0444 Z0.5250 E0.00756 F2400
G1 X113.0416 Y114.9259 Z0.5250 E0.00756 F2400
G1 X113.1089 Y114.8091 Z0.5250 E0.00757 F2400
G1 X113.1793 Y114.6941 Z0.5250 E0.00757 F2400
G1 X113.2527 Y114.5809 Z0.5250 E0.00757 F2400
G1 X113.3291 Y114.4696 Z0.5250 E0.00757 F2400
G1 X113.4084 Y114.3604 Z0.5250 E0.00758 F2400
G1 X113.4905 Y114.2532 Z0.5250 E0.00758 F2400
G1 X113.5755 Y114.1481 Z0.5250 E0.00758 F2400
G1 X113.6632 Y114.0453 Z0.5250 E0.00759 F2400
G1 X113.7536 Y113.9448 Z0.5250 E0.00759 F2400
G1 X113.8466 Y113.8466 Z0.5250 E0.00759 F2400
G1 X113.9422 Y113.7509 Z0.5250 E0.00759 F2400
G1 X114.0403 Y113.6577 Z0.5250 E0.00760 F2400
G1 X114.1409 Y113.5670 Z0.5250 E0.00760 F2400
G1 X114.2438 Y113.4790 Z0.5250 E0.00760 F2400
G1 X114.3491 Y113.3937 Z0.5250 E0.00760 F2400
G1 X114.4566 Y113.3111 Z0.5250 E0.00761 F2400
G1 X114.5662 Y113.2313 Z0.5250 E0.00761 F2400
G1 X114.6780 Y113.1544 Z0.5250 E0.00761 F2400
G1 X114.7917 Y113.0805 Z0.5250 E0.00762 F2400
G1 X114.9074 Y113.0095 Z0.5250 E0.00762 F2400
G1 X115.0250 Y112.9415 Z0.5250 E0.00762 F2400
G1 X115.1443 Y112.8767 Z0.5250 E0.00762 F2400
G1 X115.2653 Y112.8149 Z0.5250 E0.00763 F2400
G1 X115.3880 Y112.7563 Z0.5250 E0.00763 F2400
G1 X115.5122 Y112.7010 Z0.5250 E0.00763 F2400
G1 X115.6378 Y112.6488 Z0.5250 E0.00763 F2400
G1 X115.7648 Y112.6000 Z0.5250 E0.00764 F2400
G1 X115.8931 Y112.5545 Z0.5250 E0.00764 F2400
G1 X116.0226 Y112.5124 Z0.5250 E0.00764 F2400
G1 X116.1532 Y112.4736 Z0.5250 E0.00765 F2400
G1 X116.2848 Y112.4383 Z0.5250 E0.00765 F2400
G1 X116.4173 Y112.4064 Z0.5250 E0.00765 F2400
G1 X116.5507 Y112.3780 Z0.5250 E0.00765 F2400
G1 X116.6848 Y112.3530 Z0.5250 E0.00766 F2400
G1 X116.8196 Y112.3316 Z0.5250 E0.00766 F2400
G1 X116.9549 Y112.3138 Z0.5250 E0.00766 F2400
G1 X117.0907 Y112.2994 Z0.5250 E0.00766 F2400
G1 X117.2269 Y112.2886 Z0.5250 E0.00767 F2400
G1 X117.3633 Y112.2814 Z0.5250 E0.00767 F2400
G1 X117.5000 Y112.2778 Z0.5250 E0.00767 F2400
G1 X117.6368 Y112.2777 Z0.5250 E0.00768 F2400
G1 X117.7735 Y112.2812 Z0.5250 E0.00768 F2400
G1 X117.9102 Y112.2883 Z0.5250 E0.00768 F2400
G1 X118.0466 Y112.2990 Z0.5250 E0.00768 F2400
G1 X118.1828 Y112.3133 Z0.5250 E0.00769 F2400
G1 X118.3187 Y112.3311 Z0.5250 E0.00769 F2400
G1 X118.4540 Y112.3525 Z0.5250 E0.00769 F2400
G1 X118.5888 Y112.3774 Z0.5250 E0.00769 F2400
G1 X118.7230 Y112.4059 Z0.5250 E0.00770 F2400
G1 X118.8564 Y112.4378 Z0.5250 E0.00770 F2400
G1 X118.9890 Y112.4733 Z0.5250 E0.00770 F2400
G1 X119.1206 Y112.5122 Z0.5250 E0.00771 F2400
G1 X119.2512 Y112.5546 Z0.5250 E0.00771 F2400
G1 X119.3808 Y112.6004 Z0.5250 E0.00771 F2400
G1 X119.5091 Y112.6496 Z0.5250 E0.00771 F2400
G1 X119.6361 Y112.7022 Z0.5250 E0.00772 F2400
G1 X119.7618 Y112.7581 Z0.5250 E0.00772 F2400
G1 X119.8860 Y112.8173 Z0.5250 E0.00772 F2400
G1 X120.0086 Y112.8797 Z0.5250 E0.00772 F2400
G1 X120.1296 Y112.9453 Z0.5250 E0.00773 F2400
G1 X120.2489 Y113.0142 Z0.5250 E0.00773 F2400
G1 X120.3664 Y113.0861 Z0.5250 E0.00773 F2400
G1 X120.4820 Y113.1611 Z0.5250 E0.00774 F2400
G1 X120.5957 Y113.2392 Z0.5250 E0.00774 F2400
G1 X120.7073 Y113.3202 Z0.5250 E0.00774 F2400
G1 X120.8168 Y113.4042 Z0.5250 E0.00774 F2400
G1 X120.9240 Y113.4910 Z0.5250 E0.00775 F2400
G1 X121.0290 Y113.5806 Z0.5250 E0.00775 F2400
G1 X121.1317 Y113.6730 Z0.5250 E0.00775 F2400
G1 X121.2320 Y113.7680 Z0.5250 E0.00775 F2400
G1 X121.3297 Y113.8657 Z0.5250 E0.00776 F2400
G1 X121.4249 Y113.9660 Z0.5250 E0.00776 F2400
G1 X121.5175 Y114.0687 Z0.5250 E0.00776 F2400
G1 X121.6074 Y114.1739 Z0.5250 E0.00777 F2400
G1 X121.6945 Y114.2815 Z0.5250 E0.00777 F2400
G1 X121.7788 Y114.3913 Z0.5250 E0.00777 F2400
G1 X121.8602 Y114.5033 Z0.5250 E0.00777 F2400
G1 X121.9387 Y114.6174 Z0.5250 E0.00778 F2400
G1 X122.0143 Y114.7337 Z0.5250 E0.00778 F2400
G1 X122.0867 Y114.8519 Z0.5250 E0.00778 F2400
G1 X122.1561 Y114.9719 Z0.5250 E0.00778 F2400
G1 X122.2223 Y115.0939 Z0.5250 E0.00779 F2400
G1 X122.2854 Y115.2175 Z0.5250 E0.00779 F2400
G1 X122.3452 Y115.3428 Z0.5250 E0.00779 F2400
G1 X122.4017 Y115.4697 Z0.5250 E0.00780 F2400
G1 X122.4549 Y115.5980 Z0.5250 E0.00780 F2400
G1 X122.5047 Y115.7277 Z0.5250 E0.00780 F2400
G1 X122.5512 Y115.8588 Z0.5250 E0.00780 F2400
G1 X122.5942 Y115.9910 Z0.5250 E0.00781 F2400
G1 X122.6337 Y116.1244 Z0.5250 E0.00781 F2400
G1 X122.6698 Y116.2588 Z0.5250 E0.00781 F2400
G1 X122.7023 Y116.3942 Z0.5250 E0.00781 F2400
G1 X122.7313 Y116.5304 Z0.5250 E0.00782 F2400
G1 X122.7567 Y116.6674 Z0.5250 E0.00782 F2400
G1 X122.7785 Y116.8051 Z0.5250 E0.00782 F2400
G1 X122.7967 Y116.9433 Z0.5250 E0.00782 F2400
G1 X122.8114 Y117.0820 Z0.5250 E0.00783 F2400
G1 X122.8223 Y117.2211 Z0.5250 E0.00783 F2400
G1 X122.8297 Y117.3604 Z0.5250 E0.00783 F2400
G1 X122.8333 Y117.5000 Z0.5250 E0.00784 F2400
G1 X122.8334 Y117.6397 Z0.5250 E0.00784 F2400
G1 X122.8297 Y117.7793 Z0.5250 E0.00784 F2400
G1 X122.8224 Y117.9189 Z0.5250 E0.00784 F2400
G1 X122.8115 Y118.0583 Z0.5250 E0.00785 F2400
G1 X122.7969 Y118.1973 Z0.5250 E0.00785 F2400
G1 X122.7786 Y118.3361 Z0.5250 E0.00785 F2400
G1 X122.7568 Y118.4743 Z0.5250 E0.00785 F2400
G1 X122.7313 Y118.6119 Z0.5250 E0.00786 F2400
G1 X122.7022 Y118.7489 Z0.5250 E0.00786 F2400
G1 X122.6695 Y118.8852 Z0.5250 E0.00786 F2400
G1 X122.6332 Y119.0205 Z0.5250 E0.00787 F2400
G1 X122.5934 Y119.1550 Z0.5250 E0.00787 F2400
G1 X122.5501 Y119.2883 Z0.5250 E0.00787 F2400
G1 X122.5033 Y119.4206 Z0.5250 E0.00787 F2400
G1 X122.4530 Y119.5516 Z0.5250 E0.00788 F2400
G1 X122.3993 Y119.6813 Z0.5250 E0.00788 F2400
G1 X122.3422 Y119.8096 Z0.5250 E0.00788 F2400
G1 X122.2817 Y119.9364 Z0.5250 E0.00788 F2400
G1 X122.2179 Y120.0616 Z0.5250 E0.00789 F2400
G1 X122.1509 Y120.1852 Z0.5250 E0.00789 F2400
G1 X122.0806 Y120.3070 Z0.5250 E0.00789 F2400
G1 X122.0071 Y120.4269 Z0.5250 E0.00790 F2400
G1 X121.9304 Y120.5450 Z0.5250 E0.00790 F2400
G1 X121.8507 Y120.6610 Z0.5250 E0.00790 F2400
G1 X121.7679 Y120.7749 Z0.5250 E0.00790 F2400
G1 X121.6822 Y120.8867 Z0.5250 E0.00791 F2400
G1 X121.5935 Y120.9962 Z0.5250 E0.00791 F2400
G1 X121.5020 Y121.1034 Z0.5250 E0.00791 F2400
G1 X121.4076 Y121.2082 Z0.5250 E0.00791 F2400
G1 X121.3105 Y121.3105 Z0.5250 E0.00792 F2400
G1 X121.2107 Y121.4103 Z0.5250 E0.00792 F2400
G1 X121.1083 Y121.5075 Z0.5250 E0.00792 F2400
G1 X121.0034 Y121.6020 Z0.5250 E0.00793 F2400
G1 X120.8960 Y121.6937 Z0.5250 E0.00793 F2400
G1 X120.7862 Y121.7826 Z0.5250 E0.00793 F2400
G1 X120.6740 Y121.8687 Z0.5250 E0.00793 F2400
G1 X120.5596 Y121.9518 Z0.5250 E0.00794 F2400
G1 X120.4431 Y122.0319 Z0.5250 E0.00794 F2400
G1 X120.3244 Y122.1090 Z0.5250 E0.00794 F2400
G1 X120.2037 Y122.1830 Z0.5250 E0.00794 F2400
G1 X120.0811 Y122.2537 Z0.5250 E0.00795 F2400
G1 X119.9566 Y122.3213 Z0.5250 E0.00795 F2400
G1 X119.8303 Y122.3857 Z0.5250 E0.00795 F2400
G1 X119.7024 Y122.4467 Z0.5250 E0.00796 F2400
G1 X119.5729 Y122.5043 Z0.5250 E0.00796 F2400
G1 X119.4418 Y122.5586 Z0.5250 E0.00796 F2400
G1 X119.3094 Y122.6095 Z0.5250 E0.00796 F2400
G1 X119.1756 Y122.6568 Z0.5250 E0.00797 F2400
G1 X119.0405 Y122.7007 Z0.5250 E0.00797 F2400
G1 X118.9043 Y122.7410 Z0.5250 E0.00797 F2400
G1 X118.7671 Y122.7778 Z0.5250 E0.00797 F2400
G1 X118.6289 Y122.8110 Z0.5250 E0.00798 F2400
G1 X118.4898 Y122.8405 Z0.5250 E0.00798 F2400
G1 X118.3500 Y122.8664 Z0.5250 E0.00798 F2400
G1 X118.2094 Y122.8887 Z0.5250 E0.00799 F2400
G1 X118.0683 Y122.9073 Z0.5250 E0.00799 F2400
G1 X117.9267 Y122.9221 Z0.5250 E0.00799 F2400
G1 X117.7847 Y122.9333 Z0.5250 E0.00799 F2400
G1 X117.6425 Y122.9407 Z0.5250 E0.00800 F2400
G1 X117.5000 Y122.9444 Z0.5250 E0.00800 F2400
G1 X117.3574 Y122.9444 Z0.5250 E0.00800 F2400
G1 X117.2149 Y122.9407 Z0.5250 E0.00800 F2400
G1 X117.0724 Y122.9332 Z0.5250 E0.00801 F2400
G1 X116.9301 Y122.9220 Z0.5250 E0.00801 F2400
G1 X116.7881 Y122.9070 Z0.5250 E0.00801 F2400
G1 X116.6466 Y122.8884 Z0.5250 E0.00802 F2400
G1 X116.5055 Y122.8660 Z0.5250 E0.00802 F2400
G1 X116.3650 Y122.8400 Z0.5250 E0.00802 F2400
G1 X116.2251 Y122.8102 Z0.5250 E0.00802 F2400
G1 X116.0861 Y122.7768 Z0.5250 E0.00803 F2400
G1 X115.9479 Y122.7398 Z0.5250 E0.00803 F2400
G1 X115.8107 Y122.6991 Z0.5250 E0.00803 F2400
G1 X115.6746 Y122.6549 Z0.5250 E0.00803 F2400
G1 X115.5396 Y122.6070 Z0.5250 E0.00804 F2400
G1 X115.4059 Y122.5557 Z0.5250 E0.00804 F2400
G1 X115.2735 Y122.5008 Z0.5250 E0.00804 F2400
G1 X115.1426 Y122.4425 Z0.5250 E0.00805 F2400
G1 X115.0131 Y122.3807 Z0.5250 E0.00805 F2400
G1 X114.8853 Y122.3156 Z0.5250 E0.00805 F2400
G1 X114.7593 Y122.2471 Z0.5250 E0.00805 F2400
G1 X114.6350 Y122.1753 Z0.5250 E0.00806 F2400
G1 X114.5126 Y122.1003 Z0.5250 E0.00806 F2400
G1 X114.3921 Y122.0220 Z0.5250 E0.00806 F2400
G1 X114.2737 Y121.9406 Z0.5250 E0.00806 F2400
G1 X114.1574 Y121.8561 Z0.5250 E0.00807 F2400
G1 X114.0434 Y121.7685 Z0.5250 E0.00807 F2400
G1 X113.9316 Y121.6780 Z0.5250 E0.00807 F2400
G1 X113.8223 Y121.5845 Z0.5250 E0.00808 F2400
G1 X113.7153 Y121.4882 Z0.5250 E0.00808 F2400
G1 X113.6109 Y121.3891 Z0.5250 E0.00808 F2400
G1 X113.5091 Y121.2872 Z0.5250 E0.00808 F2400
G1 X113.4100 Y121.1827 Z0.5250 E0.00809 F2400
G1 X113.3135 Y121.0756 Z0.5250 E0.00809 F2400
G1 X113.2199 Y120.9659 Z0.5250 E0.00809 F2400
G1 X113.1292 Y120.8538 Z0.5250 E0.00809 F2400
G1 X113.0414 Y120.7393 Z0.5250 E0.00810 F2400
G1 X112.9566 Y120.6226 Z0.5250 E0.00810 F2400
G1 X112.8749 Y120.5036 Z0.5250 E0.00810 F2400
G1 X112.7963 Y120.3825 Z0.5250 E0.00811 F2400
G1 X112.7208 Y120.2593 Z0.5250 E0.00811 F2400
G1 X112.6486 Y120.1341 Z0.5250 E0.00811 F2400
G1 X112.5797 Y120.0070 Z0.5250 E0.00811 F2400
G1 X112.5141 Y119.8782 Z0.5250 E0.00812 F2400
G1 X112.4518 Y119.7476 Z0.5250 E0.00812 F2400
G1 X112.3930 Y119.6154 Z0.5250 E0.00812 F2400
G1 X112.3376 Y119.4816 Z0.5250 E0.00812 F2400
G1 X112.2858 Y119.3464 Z0.5250 E0.00813 F2400
G1 X112.2375 Y119.2099 Z0.5250 E0.00813 F2400
G1 X112.1928 Y119.0721 Z0.5250 E0.00813 F2400
G1 X112.1516 Y118.9331 Z0.5250 E0.00814 F2400
G1 X112.1142 Y118.7930 Z0.5250 E0.00814 F2400
G1 X112.0803 Y118.6520 Z0.5250 E0.00814 F2400
G1 X112.0502 Y118.5101 Z0.5250 E0.00814 F2400
G1 X112.0238 Y118.3673 Z0.5250 E0.00815 F2400
G1 X112.0012 Y118.2239 Z0.5250 E0.00815 F2400
G1 X111.9822 Y118.0799 Z0.5250 E0.00815 F2400
G1 X111.9671 Y117.9354 Z0.5250 E0.00815 F2400
G1 X111.9558 Y117.7906 Z0.5250 E0.00816 F2400
G1 X111.9482 Y117.6454 Z0.5250 E0.00816 F2400
G1 X111.9444 Y117.5000 Z0.5250 E0.00816 F2400
G1 X111.9445 Y117.3545 Z0.5250 E0.00817 F2400
G1 X111.9484 Y117.2091 Z0.5250 E0.00817 F2400
G1 X111.9560 Y117.0637 Z0.5250 E0.00817 F2400
G1 X111.9675 Y116.9185 Z0.5250 E0.00817 F2400
G1 X111.9828 Y116.7736 Z0.5250 E0.00818 F2400
G1 X112.0019 Y116.6292 Z0.5250 E0.00818 F2400
G1 X112.0247 Y116.4852 Z0.5250 E0.00818 F2400
G1 X112.0514 Y116.3419 Z0.5250 E0.00818 F2400
G1 X112.0817 Y116.1992 Z0.5250 E0.00819 F2400
G1 X112.1159 Y116.0573 Z0.5250 E0.00819 F2400
G1 X112.1537 Y115.9164 Z0.5250 E0.00819 F2400
G1 X112.1952 Y115.7764 Z0.5250 E0.00819 F2400
G1 X112.2404 Y115.6375 Z0.5250 E0.00820 F2400
G1 X112.2892 Y115.4998 Z0.5250 E0.00820 F2400
G1 X112.3417 Y115.3634 Z0.5250 E0.00820 F2400
G1 X112.3977 Y115.2283 Z0.5250 E0.00821 F2400
G1 X112.4572 Y115.0947 Z0.5250 E0.00821 F2400
G1 X112.5203 Y114.9627 Z0.5250 E0.00821 F2400
G1 X112.5868 Y114.8323 Z0.5250 E0.00821 F2400
G1 X112.6567 Y114.7037 Z0.5250 E0.00822 F2400
G1 X112.7300 Y114.5769 Z0.5250 E0.00822 F2400
G1 X112.8066 Y114.4520 Z0.5250 E0.00822 F2400
G1 X112.8864 Y114.3292 Z0.5250 E0.00822 F2400
G1 X112.9695 Y114.2084 Z0.5250 E0.00823 F2400
G1 X113.0558 Y114.0898 Z0.5250 E0.00823 F2400
G1 X113.1451 Y113.9735 Z0.5250 E0.00823 F2400
G1 X113.2375 Y113.8595 Z0.5250 E0.00824 F2400
G1 X113.3329 Y113.7479 Z0.5250 E0.00824 F2400
G1 X113.4312 Y113.6388 Z0.5250 E0.00824 F2400
G1 X113.5323 Y113.5323 Z0.5250 E0.00824 F2400
G1 X113.6363 Y113.4285 Z0.5250 E0.00825 F2400
G1 X113.7430 Y113.3274 Z0.5250 E0.00825 F2400
G1 X113.8523 Y113.2291 Z0.5250 E0.00825 F2400
G1 X113.9642 Y113.1336 Z0.5250 E0.00825 F2400
G1 X114.0785 Y113.0411 Z0.5250 E0.00826 F2400
G1 X114.1953 Y112.9515 Z0.5250 E0.00826 F2400
G1 X114.3145 Y112.8651 Z0.5250 E0.00826 F2400
G1 X114.4359 Y112.7817 Z0.5250 E0.00827 F2400
G1 X114.5595 Y112.7015 Z0.5250 E0.00827 F2400
G1 X114.6852 Y112.6246 Z0.5250 E0.00827 F2400
G1 X114.8129 Y112.5510 Z0.5250 E0.00827 F2400
G1 X114.9425 Y112.4807 Z0.5250 E0.00828 F2400
G1 X115.0740 Y112.4138 Z0.5250 E0.00828 F2400
G1 X115.2072 Y112.3503 Z0.5250 E0.00828 F2400
G1 X115.3421 Y112.2903 Z0.5250 E0.00828 F2400
G1 X115.4785 Y112.2339 Z0.5250 E0.00829 F2400
G1 X115.6165 Y112.1811 Z0.5250 E0.00829 F2400
G1 X115.7558 Y112.1318 Z0.5250 E0.00829 F2400
G1 X115.8964 Y112.0862 Z0.5250 E0.00830 F2400
G1 X116.0382 Y112.0443 Z0.5250 E0.00830 F2400
G1 X116.1810 Y112.0061 Z0.5250 E0.00830 F2400
G1 X116.3249 Y111.9717 Z0.5250 E0.00830 F2400
G1 X116.4697 Y111.9410 Z0.5250 E0.00831 F2400
G1 X116.6153 Y111.9141 Z0.5250 E0.00831 F2400
G1 X116.7616 Y111.8910 Z0.5250 E0.00831 F2400
G1 X116.9084 Y111.8717 Z0.5250 E0.00831 F2400
G1 X117.0558 Y111.8563 Z0.5250 E0.00832 F2400
G1 X117.2036 Y111.8448 Z0.5250 E0.00832 F2400
G1 X117.3517 Y111.8371 Z0.5250 E0.00832 F2400
G1 X117.5000 Y111.8333 Z0.5250 E0.00833 F2400
G1 X117.6484 Y111.8334 Z0.5250 E0.00833 F2400
G1 X117.7968 Y111.8374 Z0.5250 E0.00833 F2400
G1 X117.9450 Y111.8453 Z0.5250 E0.00833 F2400
G1 X118.0931 Y111.8570 Z0.5250 E0.00834 F2400
G1 X118.2409 Y111.8726 Z0.5250 E0.00834 F2400
G1 X118.3882 Y111.8921 Z0.5250 E0.00834 F2400
G1 X118.5350 Y111.9155 Z0.5250 E0.00834 F2400
G1 X118.6812 Y111.9427 Z0.5250 E0.00835 F2400
G1 X118.8267 Y111.9737 Z0.5250 E0.00835 F2400
G1 X118.9714 Y112.0085 Z0.5250 E0.00835 F2400
G1 X119.1152 Y112.0472 Z0.5250 E0.00836 F2400
G1 X119.2580 Y112.0895 Z0.5250 E0.00836 F2400
G1 X119.3996 Y112.1357 Z0.5250 E0.00836 F2400
G1 X119.5400 Y112.1855 Z0.5250 E0.00836 F2400
G1 X119.6792 Y112.2390 Z0.5250 E0.00837 F2400
G1 X119.8169 Y112.2962 Z0.5250 E0.00837 F2400
G1 X119.9531 Y112.3569 Z0.5250 E0.00837 F2400
G1 X120.0877 Y112.4213 Z0.5250 E0.00837 F2400
G1 X120.2207 Y112.4891 Z0.5250 E0.00838 F2400
G1 X120.3519 Y112.5604 Z0.5250 E0.00838 F2400
G1 X120.4811 Y112.6352 Z0.5250 E0.00838 F2400
G1 X120.6085 Y112.7134 Z0.5250 E0.00839 F2400
G1 X120.7338 Y112.7948 Z0.5250 E0.00839 F2400
G1 X120.8569 Y112.8796 Z0.5250 E0.00839 F2400
G1 X120.9778 Y112.9676 Z0.5250 E0.00839 F2400
G1 X121.0964 Y113.0588 Z0.5250 E0.00840 F2400
G1 X121.2127 Y113.1530 Z0.5250 E0.00840 F2400
G1 X121.3264 Y113.2503 Z0.5250 E0.00840 F2400
G1 X121.4376 Y113.3506 Z0.5250 E0.00840 F2400
G1 X121.5462 Y113.4538 Z0.5250 E0.00841 F2400
G1 X121.6521 Y113.5598 Z0.5250 E0.00841 F2400
G1 X121.7552 Y113.6686 Z0.5250 E0.00841 F2400
G1 X121.8554 Y113.7801 Z0.5250 E0.00842 F2400
G1 X121.9528 Y113.8942 Z0.5250 E0.00842 F2400
G1 X122.0471 Y114.0109 Z0.5250 E0.00842 F2400
G1 X122.1384 Y114.1300 Z0.5250 E0.00842 F2400
G1 X122.2265 Y114.2516 Z0.5250 E0.00843 F2400
G1 X122.3115 Y114.3754 Z0.5250 E0.00843 F2400
G1 X122.3932 Y114.5014 Z0.5250 E0.00843 F2400
G1 X122.4716 Y114.6296 Z0.5250 E0.00843 F2400
G1 X122.5467 Y114.7599 Z0.5250 E0.00844 F2400
G1 X122.6183 Y114.8921 Z0.5250 E0.00844 F2400
G1 X122.6865 Y115.0262 Z0.5250 E0.00844 F2400
G1 X122.7512 Y115.1620 Z0.5250 E0.00845 F2400
G1 X122.8123 Y115.2996 Z0.5250 E0.00845 F2400
G1 X122.8698 Y115.4387 Z0.5250 E0.00845 F2400
G1 X122.9237 Y115.5794 Z0.5250 E0.00845 F2400
G1 X122.9739 Y115.7214 Z0.5250 E0.00846 F2400
G1 X123.0203 Y115.8648 Z0.5250 E0.00846 F2400
G1 X123.0630 Y116.0094 Z0.5250 E0.00846 F2400
G1 X123.1019 Y116.1551 Z0.5250 E0.00846 F2400
G1 X123.1370 Y116.3018 Z0.5250 E0.00847 F2400
G1 X123.1683 Y116.4494 Z0.5250 E0.00847 F2400
G1 X123.1957 Y116.5979 Z0.5250 E0.00847 F2400
G1 X123.2192 Y116.7471 Z0.5250 E0.00848 F2400
G1 X123.2388 Y116.8968 Z0.5250 E0.00848 F2400
G1 X123.2544 Y117.0471 Z0.5250 E0.00848 F2400
G1 X123.2662 Y117.1978 Z0.5250 E0.00848 F2400
G1 X123.2739 Y117.3488 Z0.5250 E0.00849 F2400
G1 X123.2778 Y117.5000 Z0.5250 E0.00849 F2400
G1 X123.2776 Y117.6513 Z0.5250 E0.00849 F2400
G1 X123.2736 Y117.8026 Z0.5250 E0.00849 F2400
G1 X123.2655 Y117.9538 Z0.5250 E0.00850 F2400
G1 X123.2535 Y118.1047 Z0.5250 E0.00850 F2400
G1 X123.2375 Y118.2554 Z0.5250 E0.00850 F2400
G1 X123.2176 Y118.4056 Z0.5250 E0.00851 F2400
G1 X123.1938 Y118.5553 Z0.5250 E0.00851 F2400
G1 X123.1660 Y118.7043 Z0.5250 E0.00851 F2400
G1 X123.1343 Y118.8527 Z0.5250 E0.00851 F2400
G1 X123.0988 Y119.0002 Z0.5250 E0.00852 F2400
G1 X123.0594 Y119.1468 Z0.5250 E0.00852 F2400
G1 X123.0161 Y119.2923 Z0.5250 E0.00852 F2400
G1 X122.9691 Y119.4367 Z0.5250 E0.00852 F2400
G1 X122.9182 Y119.5799 Z0.5250 E0.00853 F2400
G1 X122.8636 Y119.7217 Z0.5250 E0.00853 F2400
G1 X122.8053 Y119.8621 Z0.5250 E0.00853 F2400
G1 X122.7434 Y120.0010 Z0.5250 E0.00854 F2400
G1 X122.6777 Y120.1382 Z0.5250 E0.00854 F2400
G1 X122.6085 Y120.2737 Z0.5250 E0.00854 F2400
G1 X122.5358 Y120.4074 Z0.5250 E0.00854 F2400
G1 X122.4595 Y120.5392 Z0.5250 E0.00855 F2400
G1 X122.3798 Y120.6690 Z0.5250 E0.00855 F2400
G1 X122.2967 Y120.7967 Z0.5250 E0.00855 F2400
G1 X122.2103 Y120.9222 Z0.5250 E0.00855 F2400
G1 X122.1205 Y121.0455 Z0.5250 E0.00856 F2400
G1 X122.0276 Y121.1664 Z0.5250 E0.00856 F2400
G1 X121.9315 Y121.2848 Z0.5250 E0.00856 F2400
G1 X121.8323 Y121.4008 Z0.5250 E0.00857 F2400
G1 X121.7300 Y121.5141 Z0.5250 E0.00857 F2400
G1 X121.6248 Y121.6248 Z0.5250 E0.00857 F2400
G1 X121.5167 Y121.7327 Z0.5250 E0.00857 F2400
G1 X121.4057 Y121.8378 Z0.5250 E0.00858 F2400
G1 X121.2921 Y121.9399 Z0.5250 E0.00858 F2400
G1 X121.1757 Y122.0391 Z0.5250 E0.00858 F2400
G1 X121.0567 Y122.1352 Z0.5250 E0.00858 F2400
G1 X120.9353 Y122.2283 Z0.5250 E0.00859 F2400
G1 X120.8114 Y122.3181 Z0.5250 E0.00859 F2400
G1 X120.6851 Y122.4047 Z0.5250 E0.00859 F2400
G1 X120.5566 Y122.4879 Z0.5250 E0.00859 F2400
G1 X120.4259 Y122.5679 Z0.5250 E0.00860 F2400
G1 X120.2931 Y122.6443 Z0.5250 E0.00860 F2400
G1 X120.1584 Y122.7173 Z0.5250 E0.00860 F2400
G1 X120.0217 Y122.7868 Z0.5250 E0.00861 F2400
G1 X119.8832 Y122.8527 Z0.5250 E0.00861 F2400
G1 X119.7430 Y122.9150 Z0.5250 E0.00861 F2400
G1 X119.6011 Y122.9735 Z0.5250 E0.00861 F2400
G1 X119.4577 Y123.0284 Z0.5250 E0.00862 F2400
G1 X119.3129 Y123.0795 Z0.5250 E0.00862 F2400
G1 X119.1667 Y123.1269 Z0.5250 E0.00862 F2400
G1 X119.0194 Y123.1703 Z0.5250 E0.00862 F2400
G1 X118.8708 Y123.2100 Z0.5250 E0.00863 F2400
G1 X118.7213 Y123.2457 Z0.5250 E0.00863 F2400
G1 X118.5708 Y123.2775 Z0.5250 E0.00863 F2400
G1 X118.4195 Y123.3054 Z0.5250 E0.00864 F2400
G1 X118.2674 Y123.3293 Z0.5250 E0.00864 F2400
G1 X118.1148 Y123.3493 Z0.5250 E0.00864 F2400
G1 X117.9616 Y123.3652 Z0.5250 E0.00864 F2400
G1 X117.8080 Y123.3771 Z0.5250 E0.00865 F2400
G1 X117.6541 Y123.3850 Z0.5250 E0.00865 F2400
G1 X117.5000 Y123.3889 Z0.5250 E0.00865 F2400
G1 X117.3458 Y123.3887 Z0.5250 E0.00865 F2400
G1 X117.1916 Y123.3845 Z0.5250 E0.00866 F2400
G1 X117.0375 Y123.3763 Z0.5250 E0.00866 F2400
G1 X116.8837 Y123.3640 Z0.5250 E0.00866 F2400
G1 X116.7301 Y123.3477 Z0.5250 E0.00867 F2400
G1 X116.5770 Y123.3274 Z0.5250 E0.00867 F2400
G1 X116.4245 Y123.3030 Z0.5250 E0.00867 F2400
G1 X116.2726 Y123.2747 Z0.5250 E0.00867 F2400
G1 X116.1214 Y123.2424 Z0.5250 E0.00868 F2400
G1 X115.9711 Y123.2061 Z0.5250 E0.00868 F2400
G1 X115.8217 Y123.1659 Z0.5250 E0.00868 F2400
G1 X115.6734 Y123.1218 Z0.5250 E0.00868 F2400
G1 X115.5262 Y123.0738 Z0.5250 E0.00869 F2400
G1 X115.3803 Y123.0220 Z0.5250 E0.00869 F2400
G1 X115.2358 Y122.9663 Z0.5250 E0.00869 F2400
G1 X115.0927 Y122.9068 Z0.5250 E0.00870 F2400
G1 X114.9512 Y122.8436 Z0.5250 E0.00870 F2400
G1 X114.8114 Y122.7767 Z0.5250 E0.00870 F2400
G1 X114.6733 Y122.7062 Z0.5250 E0.00870 F2400
G1 X114.5370 Y122.6320 Z0.5250 E0.00871 F2400
G1 X114.4027 Y122.5543 Z0.5250 E0.00871 F2400
G1 X114.2705 Y122.4730 Z0.5250 E0.00871 F2400
G1 X114.1404 Y122.3883 Z0.5250 E0.00871 F2400
G1 X114.0125 Y122.3002 Z0.5250 E0.00872 F2400
G1 X113.8869 Y122.2087 Z0.5250 E0.00872 F2400
G1 X113.7637 Y122.1139 Z0.5250 E0.00872 F2400
G1 X113.6430 Y122.0160 Z0.5250 E0.00873 F2400
G1 X113.5249 Y121.9148 Z0.5250 E0.00873 F2400
G1 X113.4094 Y121.8106 Z0.5250 E0.00873 F2400
G1 X113.2966 Y121.7034 Z0.5250 E0.00873 F2400
G1 X113.1867 Y121.5932 Z0.5250 E0.00874 F2400
G1 X113.0797 Y121.4801 Z0.5250 E0.00874 F2400
G1 X112.9756 Y121.3642 Z0.5250 E0.00874 F2400
G1 X112.8745 Y121.2456 Z0.5250 E0.00874 F2400
G1 X112.7766 Y121.1244 Z0.5250 E0.00875 F2400
G1 X112.6819 Y121.0006 Z0.5250 E0.00875 F2400
G1 X112.5903 Y120.8743 Z0.5250 E0.00875 F2400
G1 X112.5021 Y120.7456 Z0.5250 E0.00876 F2400
G1 X112.4173 Y120.6147 Z0.5250 E0.00876 F2400
G1 X112.3359 Y120.4815 Z0.5250 E0.00876 F2400
G1 X112.2580 Y120.3462 Z0.5250 E0.00876 F2400
G1 X112.1837 Y120.2088 Z0.5250 E0.00877 F2400
G1 X112.1129 Y120.0695 Z0.5250 E0.00877 F2400
G1 X112.0458 Y119.9284 Z0.5250 E0.00877 F2400
G1 X111.9824 Y119.7855 Z0.5250 E0.00877 F2400
G1 X111.9227 Y119.6409 Z0.5250 E0.00878 F2400
G1 X111.8668 Y119.4948 Z0.5250 E0.00878 F2400
G1 X111.8148 Y119.3472 Z0.5250 E0.00878 F2400
G1 X111.7666 Y119.1983 Z0.5250 E0.00879 F2400
G1 X111.7223 Y119.0481 Z0.5250 E0.00879 F2400
G1 X111.6820 Y118.8968 Z0.5250 E0.00879 F2400
G1 X111.6456 Y118.7444 Z0.5250 E0.00879 F2400
G1 X111.6132 Y118.5911 Z0.5250 E0.00880 F2400
G1 X111.5848 Y118.4369 Z0.5250 E0.00880 F2400
G1 X111.5605 Y118.2819 Z0.5250 E0.00880 F2400
G1 X111.5402 Y118.1264 Z0.5250 E0.00880 F2400
G1 X111.5240 Y117.9703 Z0.5250 E0.00881 F2400
G1 X111.5119 Y117.8138 Z0.5250 E0.00881 F2400
G1 X111.5039 Y117.6570 Z0.5250 E0.00881 F2400
G1 X111.5000 Y117.5000 Z0.5250 E0.00882 F2400
G1 X111.5002 Y117.3429 Z0.5250 E0.00882 F2400
G1 X111.5045 Y117.1858 Z0.5250 E0.00882 F2400
G1 X111.5130 Y117.0288 Z0.5250 E0.00882 F2400
G1 X111.5255 Y116.8721 Z0.5250 E0.00883 F2400
G1 X111.5422 Y116.7156 Z0.5250 E0.00883 F2400
G1 X111.5629 Y116.5597 Z0.5250 E0.00883 F2400
G1 X111.5877 Y116.4042 Z0.5250 E0.00883 F2400
G1 X111.6166 Y116.2494 Z0.5250 E0.00884 F2400
G1 X111.6496 Y116.0954 Z0.5250 E0.00884 F2400
G1 X111.6866 Y115.9423 Z0.5250 E0.00884 F2400
G1 X111.7276 Y115.7901 Z0.5250 E0.00885 F2400
G1 X111.7725 Y115.6390 Z0.5250 E0.00885 F2400
G1 X111.8215 Y115.4891 Z0.5250 E0.00885 F2400
G1 X111.8743 Y115.3405 Z0.5250 E0.00885 F2400
G1 X111.9311 Y115.1933 Z0.5250 E0.00886 F2400
G1 X111.9917 Y115.0475 Z0.5250 E0.00886 F2400
G1 X112.0561 Y114.9034 Z0.5250 E0.00886 F2400
G1 X112.1243 Y114.7609 Z0.5250 E0.00886 F2400
G1 X112.1962 Y114.6203 Z0.5250 E0.00887 F2400
G1 X112.2718 Y114.4815 Z0.5250 E0.00887 F2400
G1 X112.3510 Y114.3447 Z0.5250 E0.00887 F2400
G1 X112.4338 Y114.2100 Z0.5250 E0.00888 F2400
G1 X112.5201 Y114.0774 Z0.5250 E0.00888 F2400
G1 X112.6099 Y113.9472 Z0.5250 E0.00888 F2400
G1 X112.7032 Y113.8192 Z0.5250 E0.00888 F2400
G1 X112.7997 Y113.6938 Z0.5250 E0.00889 F2400
G1 X112.8995 Y113.5708 Z0.5250 E0.00889 F2400
G1 X113.0026 Y113.4505 Z0.5250 E0.00889 F2400
G1 X113.1088 Y113.3329 Z0.5250 E0.00889 F2400
G1 X113.2181 Y113.2181 Z0.5250 E0.00890 F2400
G1 X113.3304 Y113.1061 Z0.5250 E0.00890 F2400
G1 X113.4456 Y112.9971 Z0.5250 E0.00890 F2400
G1 X113.5636 Y112.8911 Z0.5250 E0.00891 F2400
G1 X113.6845 Y112.7882 Z0.5250 E0.00891 F2400
G1 X113.8080 Y112.6885 Z0.5250 E0.00891 F2400
G1 X113.9341 Y112.5920 Z0.5250 E0.00891 F2400
G1 X114.0628 Y112.4988 Z0.5250 E0.00892 F2400
G1 X114.1938 Y112.4090 Z0.5250 E0.00892 F2400
G1 X114.3273 Y112.3226 Z0.5250 E0.00892 F2400
G1 X114.4630 Y112.2397 Z0.5250 E0.00892 F2400
G1 X114.6008 Y112.1604 Z0.5250 E0.00893 F2400
G1 X114.7407 Y112.0847 Z0.5250 E0.00893 F2400
G1 X114.8827 Y112.0126 Z0.5250 E0.00893 F2400
G1 X115.0264 Y111.9443 Z0.5250 E0.00894 F2400
G1 X115.1720 Y111.8797 Z0.5250 E0.00894 F2400
G1 X115.3193 Y111.8190 Z0.5250 E0.00894 F2400
G1 X115.4681 Y111.7621 Z0.5250 E0.00894 F2400
G1 X115.6184 Y111.7091 Z0.5250 E0.00895 F2400
G1 X115.7701 Y111.6601 Z0.5250 E0.00895 F2400
G1 X115.9231 Y111.6150 Z0.5250 E0.00895 F2400
G1 X116.0773 Y111.5739 Z0.5250 E0.00895 F2400
G1 X116.2325 Y111.5369 Z0.5250 E0.00896 F2400
G1 X116.3887 Y111.5040 Z0.5250 E0.00896 F2400
G1 X116.5457 Y111.4751 Z0.5250 E0.00896 F2400
G1 X116.7035 Y111.4504 Z0.5250 E0.00896 F2400
G1 X116.8620 Y111.4297 Z0.5250 E0.00897 F2400
G1 X117.0210 Y111.4133 Z0.5250 E0.00897 F2400
G1 X117.1804 Y111.4010 Z0.5250 E0.00897 F2400
G1 X117.3401 Y111.3928 Z0.5250 E0.00898 F2400
G1 X117.5000 Y111.3889 Z0.5250 E0.00898 F2400
G1 X117.6600 Y111.3891 Z0.5250 E0.00898 F2400
G1 X117.8200 Y111.3936 Z0.5250 E0.00898 F2400
G1 X117.9799 Y111.4022 Z0.5250 E0.00899 F2400
G1 X118.1396 Y111.4150 Z0.5250 E0.00899 F2400
G1 X118.2989 Y111.4320 Z0.5250 E0.00899 F2400
G1 X118.4577 Y111.4532 Z0.5250 E0.00899 F2400
G1 X118.6160 Y111.4785 Z0.5250 E0.00900 F2400
G1 X118.7737 Y111.5079 Z0.5250 E0.00900 F2400
G1 X118.9305 Y111.5415 Z0.5250 E0.00900 F2400
G1 X119.0865 Y111.5792 Z0.5250 E0.00901 F2400
G1 X119.2414 Y111.6210 Z0.5250 E0.00901 F2400
G1 X119.3953 Y111.6669 Z0.5250 E0.00901 F2400
G1 X119.5480 Y111.7167 Z0.5250 E0.00901 F2400
G1 X119.6993 Y111.7706 Z0.5250 E0.00902 F2400
G1 X119.8493 Y111.8284 Z0.5250 E0.00902 F2400
G1 X119.9977 Y111.8902 Z0.5250 E0.00902 F2400
G1 X120.1445 Y111.9558 Z0.5250 E0.00902 F2400
G1 X120.2895 Y112.0253 Z0.5250 E0.00903 F2400
G1 X120.4328 Y112.0985 Z0.5250 E0.00903 F2400
G1 X120.5741 Y112.1755 Z0.5250 E0.00903 F2400
G1 X120.7134 Y112.2563 Z0.5250 E0.00904 F2400
G1 X120.8505 Y112.3406 Z0.5250 E0.00904 F2400
G1 X120.9855 Y112.4286 Z0.5250 E0.00904 F2400
G1 X121.1181 Y112.5201 Z0.5250 E0.00904 F2400
G1 X121.2484 Y112.6150 Z0.5250 E0.00905 F2400
G1 X121.3761 Y112.7134 Z0.5250 E0.00905 F2400
G1 X121.5013 Y112.8151 Z0.5250 E0.00905 F2400
G1 X121.6238 Y112.9200 Z0.5250 E0.00905 F2400
G1 X121.7436 Y113.0282 Z0.5250 E0.00906 F2400
G1 X121.8605 Y113.1395 Z0.5250 E0.00906 F2400
G1 X121.9745 Y113.2539 Z0.5250 E0.00906 F2400
G1 X122.0855 Y113.3712 Z0.5250 E0.00907 F2400
G1 X122.1934 Y113.4915 Z0.5250 E0.00907 F2400
G1 X122.2982 Y113.6145 Z0.5250 E0.00907 F2400
G1 X122.3997 Y113.7403 Z0.5250 E0.00907 F2400
G1 X122.4979 Y113.8688 Z0.5250 E0.00908 F2400
G1 X122.5928 Y113.9998 Z0.5250 E0.00908 F2400
G1 X122.6842 Y114.1333 Z0.5250 E0.00908 F2400
G1 X122.7722 Y114.2692 Z0.5250 E0.00908 F2400
G1 X122.8565 Y114.4074 Z0.5250 E0.00909 F2400
G1 X122.9373 Y114.5478 Z0.5250 E0.00909 F2400
G1 X123.0143 Y114.6903 Z0.5250 E0.00909 F2400
G1 X123.0877 Y114.8348 Z0.5250 E0.00910 F2400
G1 X123.1572 Y114.9812 Z0.5250 E0.00910 F2400
G1 X123.2229 Y115.1295 Z0.5250 E0.00910 F2400
G1 X123.2847 Y115.2794 Z0.5250 E0.00910 F2400
G1 X123.3426 Y115.4310 Z0.5250 E0.00911 F2400
G1 X123.3966 Y115.5841 Z0.5250 E0.00911 F2400
G1 X123.4465 Y115.7386 Z0.5250 E0.00911 F2400
G1 X123.4923 Y115.8944 Z0.5250 E0.00911 F2400
G1 X123.5341 Y116.0513 Z0.5250 E0.00912 F2400
G1 X123.5718 Y116.2094 Z0.5250 E0.00912 F2400
G1 X123.6053 Y116.3685 Z0.5250 E0.00912 F2400
G1 X123.6346 Y116.5284 Z0.5250 E0.00913 F2400
G1 X123.6598 Y116.6890 Z0.5250 E0.00913 F2400
G1 X123.6808 Y116.8504 Z0.5250 E0.00913 F2400
G1 X123.6975 Y117.0122 Z0.5250 E0.00913 F2400
G1 X123.7100 Y117.1745 Z0.5250 E0.00914 F2400
G1 X123.7182 Y117.3372 Z0.5250 E0.00914 F2400
G1 X123.7222 Y117.5000 Z0.5250 E0.00914 F2400
G1 X123.7219 Y117.6629 Z0.5250 E0.00914 F2400
G1 X123.7174 Y117.8258 Z0.5250 E0.00915 F2400
G1 X123.7086 Y117.9886 Z0.5250 E0.00915 F2400
G1 X123.6955 Y118.1512 Z0.5250 E0.00915 F2400
G1 X123.6782 Y118.3134 Z0.5250 E0.00916 F2400
G1 X123.6566 Y118.4751 Z0.5250 E0.00916 F2400
G1 X123.6308 Y118.6363 Z0.5250 E0.00916 F2400
G1 X123.6007 Y118.7968 Z0.5250 E0.00916 F2400
G1 X123.5665 Y118.9564 Z0.5250 E0.00917 F2400
G1 X123.5281 Y119.1152 Z0.5250 E0.00917 F2400
G1 X123.4855 Y119.2730 Z0.5250 E0.00917 F2400
G1 X123.4388 Y119.4296 Z0.5250 E0.00917 F2400
G1 X123.3880 Y119.5851 Z0.5250 E0.00918 F2400
G1 X123.3331 Y119.7391 Z0.5250 E0.00918 F2400
G1 X123.2742 Y119.8918 Z0.5250 E0.00918 F2400
G1 X123.2114 Y120.0429 Z0.5250 E0.00919 F2400
G1 X123.1445 Y120.1923 Z0.5250 E0.00919 F2400
G1 X123.0737 Y120.3400 Z0.5250 E0.00919 F2400
G1 X122.9991 Y120.4858 Z0.5250 E0.00919 F2400
G1 X122.9207 Y120.6296 Z0.5250 E0.00920 F2400
G1 X122.8385 Y120.7714 Z0.5250 E0.00920 F2400
G1 X122.7526 Y120.9111 Z0.5250 E0.00920 F2400
G1 X122.6630 Y121.0484 Z0.5250 E0.00920 F2400
G1 X122.5698 Y121.1835 Z0.5250 E0.00921 F2400
G1 X122.4732 Y121.3160 Z0.5250 E0.00921 F2400
G1 X122.3730 Y121.4461 Z0.5250 E0.00921 F2400
G1 X122.2694 Y121.5735 Z0.5250 E0.00922 F2400
G1 X122.1625 Y121.6982 Z0.5250 E0.00922 F2400
G1 X122.0524 Y121.8201 Z0.5250 E0.00922 F2400
G1 X121.9391 Y121.9391 Z0.5250 E0.00922 F2400
G1 X121.8226 Y122.0551 Z0.5250 E0.00923 F2400
G1 X121.7031 Y122.1681 Z0.5250 E0.00923 F2400
G1 X121.5807 Y122.2779 Z0.5250 E0.00923 F2400
G1 X121.4554 Y122.3845 Z0.5250 E0.00923 F2400
G1 X121.3273 Y122.4878 Z0.5250 E0.00924 F2400
G1 X121.1965 Y122.5878 Z0.5250 E0.00924 F2400
G1 X121.0631 Y122.6844 Z0.5250 E0.00924 F2400
G1 X120.9272 Y122.7774 Z0.5250 E0.00925 F2400
G1 X120.7888 Y122.8669 Z0.5250 E0.00925 F2400
G1 X120.6481 Y122.9528 Z0.5250 E0.00925 F2400
G1 X120.5052 Y123.0349 Z0.5250 E0.00925 F2400
G1 X120.3601 Y123.1133 Z0.5250 E0.00926 F2400
G1 X120.2130 Y123.1880 Z0.5250 E0.00926 F2400
G1 X120.0639 Y123.2587 Z0.5250 E0.00926 F2400
G1 X119.9130 Y123.3256 Z0.5250 E0.00926 F2400
G1 X119.7604 Y123.3885 Z0.5250 E0.00927 F2400
G1 X119.6061 Y123.4474 Z0.5250 E0.00927 F2400
G1 X119.4502 Y123.5022 Z0.5250 E0.00927 F2400
G1 X119.2930 Y123.5530 Z0.5250 E0.00928 F2400
G1 X119.1344 Y123.5996 Z0.5250 E0.00928 F2400
G1 X118.9746 Y123.6421 Z0.5250 E0.00928 F2400
G1 X118.8137 Y123.6804 Z0.5250 E0.00928 F2400
G1 X118.6518 Y123.7145 Z0.5250 E0.00929 F2400
G1 X118.4890 Y123.7444 Z0.5250 E0.00929 F2400
G1 X118.3255 Y123.7700 Z0.5250 E0.00929 F2400
G1 X118.1612 Y123.7913 Z0.5250 E0.00929 F2400
G1 X117.9965 Y123.8083 Z0.5250 E0.00930 F2400
G1 X117.8313 Y123.8210 Z0.5250 E0.00930 F2400
G1 X117.6657 Y123.8293 Z0.5250 E0.00930 F2400
G1 X117.5000 Y123.8333 Z0.5250 E0.00931 F2400
G1 X117.3342 Y123.8330 Z0.5250 E0.00931 F2400
G1 X117.1683 Y123.8284 Z0.5250 E0.00931 F2400
G1 X117.0027 Y123.8193 Z0.5250 E0.00931 F2400
G1 X116.8372 Y123.8060 Z0.5250 E0.00932 F2400
G1 X116.6721 Y123.7883 Z0.5250 E0.00932 F2400
G1 X116.5075 Y123.7663 Z0.5250 E0.00932 F2400
G1 X116.3435 Y123.7400 Z0.5250 E0.00932 F2400
G1 X116.1801 Y123.7094 Z0.5250 E0.00933 F2400
G1 X116.0176 Y123.6745 Z0.5250 E0.00933 F2400
G1 X115.8560 Y123.6354 Z0.5250 E0.00933 F2400
G1 X115.6955 Y123.5921 Z0.5250 E0.00934 F2400
G1 X115.5360 Y123.5445 Z0.5250 E0.00934 F2400
G1 X115.3779 Y123.4928 Z0.5250 E0.00934 F2400
G1 X115.2210 Y123.4369 Z0.5250 E0.00934 F2400
G1 X115.0657 Y123.3769 Z0.5250 E0.00935 F2400
G1 X114.9119 Y123.3129 Z0.5250 E0.00935 F2400
G1 X114.7599 Y123.2448 Z0.5250 E0.00935 F2400
G1 X114.6096 Y123.1727 Z0.5250 E0.00935 F2400
G1 X114.4612 Y123.0968 Z0.5250 E0.00936 F2400
G1 X114.3148 Y123.0169 Z0.5250 E0.00936 F2400
G1 X114.1705 Y122.9332 Z0.5250 E0.00936 F2400
G1 X114.0284 Y122.8457 Z0.5250 E0.00936 F2400
G1 X113.8886 Y122.7546 Z0.5250 E0.00937 F2400
G1 X113.7512 Y122.6597 Z0.5250 E0.00937 F2400
G1 X113.6163 Y122.5613 Z0.5250 E0.00937 F2400
G1 X113.4840 Y122.4593 Z0.5250 E0.00938 F2400
G1 X113.3544 Y122.3539 Z0.5250 E0.00938 F2400
G1 X113.2275 Y122.2451 Z0.5250 E0.00938 F2400
G1 X113.1035 Y122.1330 Z0.5250 E0.00938 F2400
G1 X112.9824 Y122.0176 Z0.5250 E0.00939 F2400
G1 X112.8643 Y121.8991 Z0.5250 E0.00939 F2400
G1 X112.7494 Y121.7775 Z0.5250 E0.00939 F2400
G1 X112.6376 Y121.6529 Z0.5250 E0.00939 F2400
G1 X112.5291 Y121.5253 Z0.5250 E0.00940 F2400
G1 X112.4240 Y121.3949 Z0.5250 E0.00940 F2400
G1 X112.3223 Y121.2618 Z0.5250 E0.00940 F2400
G1 X112.2241 Y121.1260 Z0.5250 E0.00941 F2400
G1 X112.1294 Y120.9877 Z0.5250 E0.00941 F2400
G1 X112.0384 Y120.8469 Z0.5250 E0.00941 F2400
G1 X111.9510 Y120.7037 Z0.5250 E0.00941 F2400
G1 X111.8674 Y120.5582 Z0.5250 E0.00942 F2400
G1 X111.7877 Y120.4106 Z0.5250 E0.00942 F2400
G1 X111.7118 Y120.2609 Z0.5250 E0.00942 F2400
G1 X111.6398 Y120.1091 Z0.5250 E0.00942 F2400
G1 X111.5718 Y119.9556 Z0.5250 E0.00943 F2400
G1 X111.5078 Y119.8002 Z0.5250 E0.00943 F2400
G1 X111.4479 Y119.6432 Z0.5250 E0.00943 F2400
G1 X111.3921 Y119.4846 Z0.5250 E0.00944 F2400
G1 X111.3405 Y119.3245 Z0.5250 E0.00944 F2400
G1 X111.2930 Y119.1632 Z0.5250 E0.00944 F2400
G1 X111.2498 Y119.0005 Z0.5250 E0.00944 F2400
G1 X111.2109 Y118.8368 Z0.5250 E0.00945 F2400
G1 X111.1762 Y118.6720 Z0.5250 E0.00945 F2400
G1 X111.1459 Y118.5064 Z0.5250 E0.00945 F2400
G1 X111.1199 Y118.3400 Z0.5250 E0.00945 F2400
G1 X111.0982 Y118.1729 Z0.5250 E0.00946 F2400
G1 X111.0810 Y118.0052 Z0.5250 E0.00946 F2400
G1 X111.0681 Y117.8371 Z0.5250 E0.00946 F2400
G1 X111.0596 Y117.6686 Z0.5250 E0.00947 F2400
G1 X111.0556 Y117.5000 Z0.5250 E0.00947 F2400
G1 X111.0559 Y117.3313 Z0.5250 E0.00947 F2400
G1 X111.0607 Y117.1625 Z0.5250 E0.00947 F2400
G1 X111.0699 Y116.9939 Z0.5250 E0.00948 F2400
G1 X111.0835 Y116.8256 Z0.5250 E0.00948 F2400
G1 X111.1015 Y116.6576 Z0.5250 E0.00948 F2400
G1 X111.1239 Y116.4901 Z0.5250 E0.00948 F2400
G1 X111.1507 Y116.3232 Z0.5250 E0.00949 F2400
G1 X111.1819 Y116.1570 Z0.5250 E0.00949 F2400
G1 X111.2174 Y115.9917 Z0.5250 E0.00949 F2400
G1 X111.2573 Y115.8273 Z0.5250 E0.00950 F2400
G1 X111.3014 Y115.6639 Z0.5250 E0.00950 F2400
G1 X111.3498 Y115.5017 Z0.5250 E0.00950 F2400
G1 X111.4025 Y115.3408 Z0.5250 E0.00950 F2400
G1 X111.4594 Y115.1812 Z0.5250 E0.00951 F2400
G1 X111.5204 Y115.0232 Z0.5250 E0.00951 F2400
G1 X111.5856 Y114.8668 Z0.5250 E0.00951 F2400
G1 X111.6549 Y114.7120 Z0.5250 E0.00951 F2400
G1 X111.7283 Y114.5592 Z0.5250 E0.00952 F2400
G1 X111.8056 Y114.4082 Z0.5250 E0.00952 F2400
G1 X111.8869 Y114.2593 Z0.5250 E0.00952 F2400
G1 X111.9720 Y114.1125 Z0.5250 E0.00953 F2400
G1 X112.0611 Y113.9679 Z0.5250 E0.00953 F2400
G1 X112.1539 Y113.8257 Z0.5250 E0.00953 F2400
G1 X112.2504 Y113.6859 Z0.5250 E0.00953 F2400
G1 X112.3505 Y113.5487 Z0.5250 E0.00954 F2400
G1 X112.4543 Y113.4141 Z0.5250 E0.00954 F2400
G1 X112.5616 Y113.2822 Z0.5250 E0.00954 F2400
G1 X112.6723 Y113.1531 Z0.5250 E0.00954 F2400
G1 X112.7864 Y113.0270 Z0.5250 E0.00955 F2400
G1 X112.9038 Y112.9038 Z0.5250 E0.00955 F2400
G1 X113.0244 Y112.7837 Z0.5250 E0.00955 F2400
G1 X113.1482 Y112.6668 Z0.5250 E0.00956 F2400
G1 X113.2750 Y112.5531 Z0.5250 E0.00956 F2400
G1 X113.4048 Y112.4428 Z0.5250 E0.00956 F2400
G1 X113.5374 Y112.3359 Z0.5250 E0.00956 F2400
G1 X113.6729 Y112.2324 Z0.5250 E0.00957 F2400
G1 X113.8110 Y112.1325 Z0.5250 E0.00957 F2400
G1 X113.9518 Y112.0362 Z0.5250 E0.00957 F2400
G1 X114.0951 Y111.9436 Z0.5250 E0.00957 F2400
G1 X114.2407 Y111.8548 Z0.5250 E0.00958 F2400
G1 X114.3887 Y111.7698 Z0.5250 E0.00958 F2400
G1 X114.5390 Y111.6887 Z0.5250 E0.00958 F2400
G1 X114.6913 Y111.6115 Z0.5250 E0.00959 F2400
G1 X114.8457 Y111.5383 Z0.5250 E0.00959 F2400
G1 X115.0019 Y111.4691 Z0.5250 E0.00959 F2400
G1 X115.1600 Y111.4041 Z0.5250 E0.00959 F2400
G1 X115.3197 Y111.3432 Z0.5250 E0.00960 F2400
G1 X115.4811 Y111.2864 Z0.5250 E0.00960 F2400
G1 X115.6439 Y111.2339 Z0.5250 E0.00960 F2400
G1 X115.8081 Y111.1857 Z0.5250 E0.00960 F2400
G1 X115.9735 Y111.1418 Z0.5250 E0.00961 F2400
G1 X116.1401 Y111.1022 Z0.5250 E0.00961 F2400
G1 X116.3077 Y111.0670 Z0.5250 E0.00961 F2400
G1 X116.4762 Y111.0361 Z0.5250 E0.00962 F2400
G1 X116.6455 Y111.0097 Z0.5250 E0.00962 F2400
G1 X116.8155 Y110.9877 Z0.5250 E0.00962 F2400
G1 X116.9861 Y110.9702 Z0.5250 E0.00962 F2400
G1 X117.1571 Y110.9571 Z0.5250 E0.00963 F2400
G1 X117.3284 Y110.9485 Z0.5250 E0.00963 F2400
G1 X117.5000 Y110.9444 Z0.5250 E0.00963 F2400
G1 X117.6717 Y110.9448 Z0.5250 E0.00963 F2400
G1 X117.8433 Y110.9497 Z0.5250 E0.00964 F2400
G1 X118.0148 Y110.9591 Z0.5250 E0.00964 F2400
G1 X118.1860 Y110.9730 Z0.5250 E0.00964 F2400
G1 X118.3569 Y110.9913 Z0.5250 E0.00965 F2400
G1 X118.5273 Y111.0142 Z0.5250 E0.00965 F2400
G1 X118.6970 Y111.0415 Z0.5250 E0.00965 F2400
G1 X118.8661 Y111.0732 Z0.5250 E0.00965 F2400
G1 X119.0343 Y111.1094 Z0.5250 E0.00966 F2400
G1 X119.2015 Y111.1499 Z0.5250 E0.00966 F2400
G1 X119.3677 Y111.1949 Z0.5250 E0.00966 F2400
G1 X119.5326 Y111.2442 Z0.5250 E0.00966 F2400
G1 X119.6963 Y111.2978 Z0.5250 E0.00967 F2400
G1 X119.8586 Y111.3557 Z0.5250 E0.00967 F2400
G1 X120.0193 Y111.4178 Z0.5250 E0.00967 F2400
G1 X120.1784 Y111.4841 Z0.5250 E0.00968 F2400
G1 X120.3358 Y111.5546 Z0.5250 E0.00968 F2400
G1 X120.4913 Y111.6293 Z0.5250 E0.00968 F2400
G1 X120.6448 Y111.7079 Z0.5250 E0.00968 F2400
G1 X120.7963 Y111.7906 Z0.5250 E0.00969 F2400
G1 X120.9456 Y111.8773 Z0.5250 E0.00969 F2400
G1 X121.0926 Y111.9679 Z0.5250 E0.00969 F2400
G1 X121.2372 Y112.0623 Z0.5250 E0.00969 F2400
G1 X121.3794 Y112.1605 Z0.5250 E0.00970 F2400
G1 X121.5190 Y112.2624 Z0.5250 E0.00970 F2400
G1 X121.6558 Y112.3680 Z0.5250 E0.00970 F2400
G1 X121.7900 Y112.4771 Z0.5250 E0.00971 F2400
G1 X121.9212 Y112.5897 Z0.5250 E0.00971 F2400
G1 X122.0495 Y112.7058 Z0.5250 E0.00971 F2400
G1 X122.1748 Y112.8252 Z0.5250 E0.00971 F2400
G1 X122.2969 Y112.9479 Z0.5250 E0.00972 F2400
G1 X122.4158 Y113.0738 Z0.5250 E0.00972 F2400
G1 X122.5314 Y113.2028 Z0.5250 E0.00972 F2400
G1 X122.6436 Y113.3348 Z0.5250 E0.00972 F2400
G1 X122.7523 Y113.4698 Z0.5250 E0.00973 F2400
G1 X122.8575 Y113.6076 Z0.5250 E0.00973 F2400
G1 X122.9591 Y113.7481 Z0.5250 E0.00973 F2400
G1 X123.0570 Y113.8913 Z0.5250 E0.00973 F2400
G1 X123.1511 Y114.0370 Z0.5250 E0.00974 F2400
G1 X123.2414 Y114.1852 Z0.5250 E0.00974 F2400
G1 X123.3279 Y114.3357 Z0.5250 E0.00974 F2400
G1 X123.4103 Y114.4885 Z0.5250 E0.00975 F2400
G1 X123.4888 Y114.6435 Z0.5250 E0.00975 F2400
G1 X123.5632 Y114.8005 Z0.5250 E0.00975 F2400
G1 X123.6335 Y114.9594 Z0.5250 E0.00975 F2400
G1 X123.6997 Y115.1202 Z0.5250 E0.00976 F2400
G1 X123.7616 Y115.2827 Z0.5250 E0.00976 F2400
G1 X123.8192 Y115.4468 Z0.5250 E0.00976 F2400
G1 X123.8726 Y115.6123 Z0.5250 E0.00976 F2400
G1 X123.9216 Y115.7793 Z0.5250 E0.00977 F2400
G1 X123.9663 Y115.9476 Z0.5250 E0.00977 F2400
G1 X124.0065 Y116.1170 Z0.5250 E0.00977 F2400
G1 X124.0423 Y116.2875 Z0.5250 E0.00978 F2400
G1 X124.0736 Y116.4588 Z0.5250 E0.00978 F2400
G1 X124.1005 Y116.6310 Z0.5250 E0.00978 F2400
G1 X124.1228 Y116.8039 Z0.5250 E0.00978 F2400
G1 X124.1406 Y116.9774 Z0.5250 E0.00979 F2400
G1 X124.1538 Y117.1513 Z0.5250 E0.00979 F2400
G1 X124.1625 Y117.3255 Z0.5250 E0.00979 F2400
G1 X124.1667 Y117.5000 Z0.5250 E0.00979 F2400
G1 X124.1662 Y117.6746 Z0.5250 E0.00980 F2400
G1 X124.1612 Y117.8491 Z0.5250 E0.00980 F2400
G1 X124.1517 Y118.0235 Z0.5250 E0.00980 F2400
G1 X124.1375 Y118.1976 Z0.5250 E0.00981 F2400
G1 X124.1188 Y118.3714 Z0.5250 E0.00981 F2400
G1 X124.0956 Y118.5446 Z0.5250 E0.00981 F2400
G1 X124.0678 Y118.7173 Z0.5250 E0.00981 F2400
G1 X124.0355 Y118.8892 Z0.5250 E0.00982 F2400
G1 X123.9987 Y119.0602 Z0.5250 E0.00982 F2400
G1 X123.9574 Y119.2303 Z0.5250 E0.00982 F2400
G1 X123.9117 Y119.3992 Z0.5250 E0.00982 F2400
G1 X123.8615 Y119.5670 Z0.5250 E0.00983 F2400
G1 X123.8070 Y119.7334 Z0.5250 E0.00983 F2400
G1 X123.7481 Y119.8984 Z0.5250 E0.00983 F2400
G1 X123.6849 Y120.0619 Z0.5250 E0.00984 F2400
G1 X123.6174 Y120.2236 Z0.5250 E0.00984 F2400
G1 X123.5456 Y120.3836 Z0.5250 E0.00984 F2400
G1 X123.4697 Y120.5417 Z0.5250 E0.00984 F2400
G1 X123.3897 Y120.6978 Z0.5250 E0.00985 F2400
G1 X123.3056 Y120.8519 Z0.5250 E0.00985 F2400
G1 X123.2174 Y121.0036 Z0.5250 E0.00985 F2400
G1 X123.1253 Y121.1531 Z0.5250 E0.00985 F2400
G1 X123.0293 Y121.3002 Z0.5250 E0.00986 F2400
G1 X122.9294 Y121.4447 Z0.5250 E0.00986 F2400
G1 X122.8258 Y121.5866 Z0.5250 E0.00986 F2400
G1 X122.7184 Y121.7258 Z0.5250 E0.00987 F2400
G1 X122.6074 Y121.8621 Z0.5250 E0.00987 F2400
G1 X122.4928 Y121.9956 Z0.5250 E0.00987 F2400
G1 X122.3748 Y122.1260 Z0.5250 E0.00987 F2400
G1 X122.2533 Y122.2533 Z0.5250 E0.00988 F2400
G1 X122.1285 Y122.3775 Z0.5250 E0.00988 F2400
G1 X122.0005 Y122.4983 Z0.5250 E0.00988 F2400
G1 X121.8693 Y122.6158 Z0.5250 E0.00988 F2400
G1 X121.7351 Y122.7299 Z0.5250 E0.00989 F2400
G1 X121.5979 Y122.8404 Z0.5250 E0.00989 F2400
G1 X121.4578 Y122.9474 Z0.5250 E0.00989 F2400
G1 X121.3149 Y123.0506 Z0.5250 E0.00990 F2400
G1 X121.1693 Y123.1502 Z0.5250 E0.00990 F2400
G1 X121.0211 Y123.2458 Z0.5250 E0.00990 F2400
G1 X120.8704 Y123.3377 Z0.5250 E0.00990 F2400
G1 X120.7173 Y123.4255 Z0.5250 E0.00991 F2400
G1 X120.5619 Y123.5093 Z0.5250 E0.00991 F2400
G1 X120.4044 Y123.5891 Z0.5250 E0.00991 F2400
G1 X120.2447 Y123.6647 Z0.5250 E0.00991 F2400
G1 X120.0831 Y123.7362 Z0.5250 E0.00992 F2400
G1 X119.9196 Y123.8034 Z0.5250 E0.00992 F2400
G1 X119.7544 Y123.8663 Z0.5250 E0.00992 F2400
G1 X119.5876 Y123.9249 Z0.5250 E0.00993 F2400
G1 X119.4192 Y123.9791 Z0.5250 E0.00993 F2400
G1 X119.2494 Y124.0289 Z0.5250 E0.00993 F2400
G1 X119.0784 Y124.0743 Z0.5250 E0.00993 F2400
G1 X118.9061 Y124.1152 Z0.5250 E0.00994 F2400
G1 X118.7328 Y124.1515 Z0.5250 E0.00994 F2400
G1 X118.5585 Y124.1834 Z0.5250 E0.00994 F2400
G1 X118.3835 Y124.2106 Z0.5250 E0.00994 F2400
G1 X118.2077 Y124.2333 Z0.5250 E0.00995 F2400
G1 X118.0313 Y124.2513 Z0.5250 E0.00995 F2400
G1 X117.8545 Y124.2648 Z0.5250 E0.00995 F2400
G1 X117.6774 Y124.2736 Z0.5250 E0.00996 F2400
G1 X117.5000 Y124.2778 Z0.5250 E0.00996 F2400
G1 X117.3225 Y124.2773 Z0.5250 E0.00996 F2400
G1 X117.1451 Y124.2722 Z0.5250 E0.00996 F2400
G1 X116.9678 Y124.2624 Z0.5250 E0.00997 F2400
G1 X116.7908 Y124.2480 Z0.5250 E0.00997 F2400
G1 X116.6141 Y124.2290 Z0.5250 E0.00997 F2400
G1 X116.4380 Y124.2053 Z0.5250 E0.00997 F2400
G1 X116.2625 Y124.1770 Z0.5250 E0.00998 F2400
G1 X116.0877 Y124.1442 Z0.5250 E0.00998 F2400
G1 X115.9139 Y124.1067 Z0.5250 E0.00998 F2400
G1 X115.7410 Y124.0647 Z0.5250 E0.00999 F2400
G1 X115.5692 Y124.0182 Z0.5250 E0.00999 F2400
G1 X115.3987 Y123.9672 Z0.5250 E0.00999 F2400
G1 X115.2295 Y123.9117 Z0.5250 E0.00999 F2400
G1 X115.0618 Y123.8518 Z0.5250 E0.01000 F2400
G1 X114.8956 Y123.7875 Z0.5250 E0.01000 F2400
G1 X114.7312 Y123.7189 Z0.5250 E0.01000 F2400
G1 X114.5685 Y123.6459 Z0.5250 E0.01000 F2400
G1 X114.4078 Y123.5687 Z0.5250 E0.01001 F2400
G1 X114.2491 Y123.4873 Z0.5250 E0.01001 F2400
G1 X114.0926 Y123.4018 Z0.5250 E0.01001 F2400
G1 X113.9383 Y123.3122 Z0.5250 E0.01002 F2400
G1 X113.7864 Y123.2185 Z0.5250 E0.01002 F2400
G1 X113.6369 Y123.1208 Z0.5250 E0.01002 F2400
G1 X113.4900 Y123.0193 Z0.5250 E0.01002 F2400
G1 X113.3458 Y122.9139 Z0.5250 E0.01003 F2400
G1 X113.2043 Y122.8047 Z0.5250 E0.01003 F2400
G1 X113.0657 Y122.6919 Z0.5250 E0.01003 F2400
G1 X112.9301 Y122.5754 Z0.5250 E0.01003 F2400
G1 X112.7975 Y122.4554 Z0.5250 E0.01004 F2400
G1 X112.6681 Y122.3319 Z0.5250 E0.01004 F2400
G1 X112.5419 Y122.2050 Z0.5250 E0.01004 F2400
G1 X112.4191 Y122.0749 Z0.5250 E0.01005 F2400
G1 X112.2997 Y121.9415 Z0.5250 E0.01005 F2400
G1 X112.1837 Y121.8050 Z0.5250 E0.01005 F2400
G1 X112.0714 Y121.6655 Z0.5250 E0.01005 F2400
G1 X111.9627 Y121.5231 Z0.5250 E0.01006 F2400
G1 X111.8578 Y121.3778 Z0.5250 E0.01006 F2400
G1 X111.7567 Y121.2298 Z0.5250 E0.01006 F2400
G1 X111.6594 Y121.0791 Z0.5250 E0.01006 F2400
G1 X111.5661 Y120.9259 Z0.5250 E0.01007 F2400
G1 X111.4768 Y120.7703 Z0.5250 E0.01007 F2400
G1 X111.3917 Y120.6124 Z0.5250 E0.01007 F2400
G1 X111.3106 Y120.4522 Z0.5250 E0.01008 F2400
G1 X111.2338 Y120.2899 Z0.5250 E0.01008 F2400
G1 X111.1612 Y120.1256 Z0.5250 E0.01008 F2400
G1 X111.0929 Y119.9595 Z0.5250 E0.01008 F2400
G1 X111.0289 Y119.7915 Z0.5250 E0.01009 F2400
G1 X110.9694 Y119.6219 Z0.5250 E0.01009 F2400
G1 X110.9143 Y119.4508 Z0.5250 E0.01009 F2400
G1 X110.8637 Y119.2782 Z0.5250 E0.01009 F2400
G1 X110.8177 Y119.1043 Z0.5250 E0.01010 F2400
G1 X110.7761 Y118.9292 Z0.5250 E0.01010 F2400
G1 X110.7392 Y118.7530 Z0.5250 E0.01010 F2400
G1 X110.7069 Y118.5759 Z0.5250 E0.01011 F2400
G1 X110.6792 Y118.3980 Z0.5250 E0.01011 F2400
G1 X110.6562 Y118.2193 Z0.5250 E0.01011 F2400
G1 X110.6379 Y118.0401 Z0.5250 E0.01011 F2400
G1 X110.6243 Y117.8603 Z0.5250 E0.01012 F2400
G1 X110.6153 Y117.6803 Z0.5250 E0.01012 F2400
G1 X110.6111 Y117.5000 Z0.5250 E0.01012 F2400
G1 X110.6116 Y117.3196 Z0.5250 E0.01012 F2400
G1 X110.6169 Y117.1393 Z0.5250 E0.01013 F2400
G1 X110.6268 Y116.9591 Z0.5250 E0.01013 F2400
G1 X110.6415 Y116.7791 Z0.5250 E0.01013 F2400
G1 X110.6609 Y116.5996 Z0.5250 E0.01013 F2400
G1 X110.6850 Y116.4206 Z0.5250 E0.01014 F2400
G1 X110.7137 Y116.2422 Z0.5250 E0.01014 F2400
G1 X110.7472 Y116.0646 Z0.5250 E0.01014 F2400
G1 X110.7852 Y115.8879 Z0.5250 E0.01015 F2400
G1 X110.8280 Y115.7122 Z0.5250 E0.01015 F2400
G1 X110.8753 Y115.5377 Z0.5250 E0.01015 F2400
G1 X110.9271 Y115.3643 Z0.5250 E0.01015 F2400
G1 X110.9836 Y115.1924 Z0.5250 E0.01016 F2400
G1 X111.0445 Y115.0220 Z0.5250 E0.01016 F2400
G1 X111.1098 Y114.8531 Z0.5250 E0.01016 F2400
G1 X111.1796 Y114.6860 Z0.5250 E0.01016 F2400
G1 X111.2538 Y114.5207 Z0.5250 E0.01017 F2400
G1 X111.3323 Y114.3574 Z0.5250 E0.01017 F2400
G1 X111.4150 Y114.1961 Z0.5250 E0.01017 F2400
G1 X111.5020 Y114.0370 Z0.5250 E0.01018 F2400
G1 X111.5931 Y113.8802 Z0.5250 E0.01018 F2400
G1 X111.6883 Y113.7259 Z0.5250 E0.01018 F2400
G1 X111.7876 Y113.5740 Z0.5250 E0.01018 F2400
G1 X111.8908 Y113.4247 Z0.5250 E0.01019 F2400
G1 X111.9979 Y113.2781 Z0.5250 E0.01019 F2400
G1 X112.1089 Y113.1344 Z0.5250 E0.01019 F2400
G1 X112.2236 Y112.9936 Z0.5250 E0.01019 F2400
G1 X112.3420 Y112.8557 Z0.5250 E0.01020 F2400
G1 X112.4640 Y112.7210 Z0.5250 E0.01020 F2400
G1 X112.5895 Y112.5895 Z0.5250 E0.01020 F2400
G1 X112.7185 Y112.4613 Z0.5250 E0.01021 F2400
G1 X112.8508 Y112.3365 Z0.5250 E0.01021 F2400
G1 X112.9863 Y112.2152 Z0.5250 E0.01021 F2400
G1 X113.1251 Y112.0974 Z0.5250 E0.01021 F2400
G1 X113.2669 Y111.9833 Z0.5250 E0.01022 F2400
G1 X113.4116 Y111.8728 Z0.5250 E0.01022 F2400
G1 X113.5593 Y111.7662 Z0.5250 E0.01022 F2400
G1 X113.7097 Y111.6635 Z0.5250 E0.01022 F2400
G1 X113.8628 Y111.5647 Z0.5250 E0.01023 F2400
G1 X114.0185 Y111.4699 Z0.5250 E0.01023 F2400
G1 X114.1767 Y111.3792 Z0.5250 E0.01023 F2400
G1 X114.3372 Y111.2927 Z0.5250 E0.01024 F2400
G1 X114.5000 Y111.2103 Z0.5250 E0.01024 F2400
G1 X114.6649 Y111.1322 Z0.5250 E0.01024 F2400
G1 X114.8318 Y111.0585 Z0.5250 E0.01024 F2400
G1 X115.0007 Y110.9891 Z0.5250 E0.01025 F2400
G1 X115.1714 Y110.9242 Z0.5250 E0.01025 F2400
G1 X115.3437 Y110.8637 Z0.5250 E0.01025 F2400
G1 X115.5177 Y110.8078 Z0.5250 E0.01025 F2400
G1 X115.6931 Y110.7564 Z0.5250 E0.01026 F2400
G1 X115.8698 Y110.7096 Z0.5250 E0.01026 F2400
G1 X116.0477 Y110.6675 Z0.5250 E0.01026 F2400
G1 X116.2267 Y110.6300 Z0.5250 E0.01027 F2400
G1 X116.4067 Y110.5972 Z0.5250 E0.01027 F2400
G1 X116.5875 Y110.5691 Z0.5250 E0.01027 F2400
G1 X116.7691 Y110.5457 Z0.5250 E0.01027 F2400
G1 X116.9512 Y110.5271 Z0.5250 E0.01028 F2400
G1 X117.1338 Y110.5133 Z0.5250 E0.01028 F2400
G1 X117.3168 Y110.5042 Z0.5250 E0.01028 F2400
G1 X117.5000 Y110.5000 Z0.5250 E0.01028 F2400
G1 X117.6833 Y110.5005 Z0.5250 E0.01029 F2400
G1 X117.8665 Y110.5059 Z0.5250 E0.01029 F2400
G1 X118.0496 Y110.5160 Z0.5250 E0.01029 F2400
G1 X118.2325 Y110.5310 Z0.5250 E0.01030 F2400
G1 X118.4149 Y110.5507 Z0.5250 E0.01030 F2400
G1 X118.5968 Y110.5752 Z0.5250 E0.01030 F2400
G1 X118.7780 Y110.6045 Z0.5250 E0.01030 F2400
G1 X118.9585 Y110.6385 Z0.5250 E0.01031 F2400
G1 X119.1380 Y110.6772 Z0.5250 E0.01031 F2400
G1 X119.3165 Y110.7206 Z0.5250 E0.01031 F2400
G1 X119.4939 Y110.7687 Z0.5250 E0.01031 F2400
G1 X119.6700 Y110.8215 Z0.5250 E0.01032 F2400
G1 X119.8447 Y110.8788 Z0.5250 E0.01032 F2400
G1 X120.0179 Y110.9407 Z0.5250 E0.01032 F2400
G1 X120.1894 Y111.0072 Z0.5250 E0.01033 F2400
G1 X120.3592 Y111.0781 Z0.5250 E0.01033 F2400
G1 X120.5271 Y111.1535 Z0.5250 E0.01033 F2400
G1 X120.6931 Y111.2333 Z0.5250 E0.01033 F2400
G1 X120.8569 Y111.3174 Z0.5250 E0.01034 F2400
G1 X121.0185 Y111.4057 Z0.5250 E0.01034 F2400
G1 X121.1778 Y111.4984 Z0.5250 E0.01034 F2400
G1 X121.3347 Y111.5951 Z0.5250 E0.01034 F2400
G1 X121.4890 Y111.6960 Z0.5250 E0.01035 F2400
G1 X121.6406 Y111.8009 Z0.5250 E0.01035 F2400
G1 X121.7895 Y111.9098 Z0.5250 E0.01035 F2400
G1 X121.9355 Y112.0226 Z0.5250 E0.01036 F2400
G1 X122.0786 Y112.1391 Z0.5250 E0.01036 F2400
G1 X122.2186 Y112.2595 Z0.5250 E0.01036 F2400
G1 X122.3554 Y112.3834 Z0.5250 E0.01036 F2400
G1 X122.4890 Y112.5110 Z0.5250 E0.01037 F2400
G1 X122.6193 Y112.6420 Z0.5250 E0.01037 F2400
G1 X122.7461 Y112.7764 Z0.5250 E0.01037 F2400
G1 X122.8693 Y112.9142 Z0.5250 E0.01037 F2400
G1 X122.9890 Y113.0551 Z0.5250 E0.01038 F2400
G1 X123.1049 Y113.1992 Z0.5250 E0.01038 F2400
G1 X123.2171 Y113.3463 Z0.5250 E0.01038 F2400
G1 X123.3254 Y113.4963 Z0.5250 E0.01039 F2400
G1 X123.4297 Y113.6492 Z0.5250 E0.01039 F2400
G1 X123.5301 Y113.8048 Z0.5250 E0.01039 F2400
G1 X123.6263 Y113.9630 Z0.5250 E0.01039 F2400
G1 X123.7184 Y114.1237 Z0.5250 E0.01040 F2400
G1 X123.8063 Y114.2868 Z0.5250 E0.01040 F2400
G1 X123.8900 Y114.4521 Z0.5250 E0.01040 F2400
G1 X123.9693 Y114.6197 Z0.5250 E0.01040 F2400
G1 X124.0441 Y114.7893 Z0.5250 E0.01041 F2400
G1 X124.1146 Y114.9609 Z0.5250 E0.01041 F2400
G1 X124.1805 Y115.1343 Z0.5250 E0.01041 F2400
G1 X124.2419 Y115.3094 Z0.5250 E0.01042 F2400
G1 X124.2987 Y115.4861 Z0.5250 E0.01042 F2400
G1 X124.3509 Y115.6643 Z0.5250 E0.01042 F2400
G1 X124.3984 Y115.8438 Z0.5250 E0.01042 F2400
G1 X124.4412 Y116.0246 Z0.5250 E0.01043 F2400
G1 X124.4793 Y116.2065 Z0.5250 E0.01043 F2400
G1 X124.5126 Y116.3893 Z0.5250 E0.01043 F2400
G1 X124.5411 Y116.5730 Z0.5250 E0.01043 F2400
G1 X124.5648 Y116.7575 Z0.5250 E0.01044 F2400
G1 X124.5837 Y116.9425 Z0.5250 E0.01044 F2400
G1 X124.5977 Y117.1280 Z0.5250 E0.01044 F2400
G1 X124.6068 Y117.3139 Z0.5250 E0.01045 F2400
G1 X124.6111 Y117.5000 Z0.5250 E0.01045 F2400
G1 X124.6105 Y117.6862 Z0.5250 E0.01045 F2400
G1 X124.6051 Y117.8724 Z0.5250 E0.01045 F2400
G1 X124.5947 Y118.0584 Z0.5250 E0.01046 F2400
G1 X124.5795 Y118.2441 Z0.5250 E0.01046 F2400
G1 X124.5595 Y118.4294 Z0.5250 E0.01046 F2400
G1 X124.5345 Y118.6142 Z0.5250 E0.01046 F2400
G1 X124.5048 Y118.7983 Z0.5250 E0.01047 F2400
G1 X124.4702 Y118.9816 Z0.5250 E0.01047 F2400
G1 X124.4308 Y119.1639 Z0.5250 E0.01047 F2400
G1 X124.3867 Y119.3453 Z0.5250 E0.01048 F2400
G1 X124.3378 Y119.5255 Z0.5250 E0.01048 F2400
G1 X124.2842 Y119.7043 Z0.5250 E0.01048 F2400
G1 X124.2259 Y119.8818 Z0.5250 E0.01048 F2400
G1 X124.1630 Y120.0577 Z0.5250 E0.01049 F2400
G1 X124.0955 Y120.2319 Z0.5250 E0.01049 F2400
G1 X124.0234 Y120.4044 Z0.5250 E0.01049 F2400
G1 X123.9468 Y120.5750 Z0.5250 E0.01049 F2400
G1 X123.8657 Y120.7435 Z0.5250 E0.01050 F2400
G1 X123.7803 Y120.9099 Z0.5250 E0.01050 F2400
G1 X123.6905 Y121.0741 Z0.5250 E0.01050 F2400
G1 X123.5964 Y121.2359 Z0.5250 E0.01050 F2400
G1 X123.4980 Y121.3952 Z0.5250 E0.01051 F2400
G1 X123.3956 Y121.5519 Z0.5250 E0.01051 F2400
G1 X123.2890 Y121.7059 Z0.5250 E0.01051 F2400
G1 X123.1784 Y121.8572 Z0.5250 E0.01052 F2400
G1 X123.0638 Y122.0055 Z0.5250 E0.01052 F2400
G1 X122.9454 Y122.1508 Z0.5250 E0.01052 F2400
G1 X122.8231 Y122.2930 Z0.5250 E0.01052 F2400
G1 X122.6972 Y122.4319 Z0.5250 E0.01053 F2400
G1 X122.5676 Y122.5676 Z0.5250 E0.01053 F2400
G1 X122.4345 Y122.6999 Z0.5250 E0.01053 F2400
G1 X122.2979 Y122.8286 Z0.5250 E0.01053 F2400
G1 X122.1580 Y122.9538 Z0.5250 E0.01054 F2400
G1 X122.0148 Y123.0753 Z0.5250 E0.01054 F2400
G1 X121.8684 Y123.1930 Z0.5250 E0.01054 F2400
G1 X121.7190 Y123.3069 Z0.5250 E0.01055 F2400
G1 X121.5666 Y123.4169 Z0.5250 E0.01055 F2400
G1 X121.4113 Y123.5229 Z0.5250 E0.01055 F2400
G1 X121.2533 Y123.6248 Z0.5250 E0.01055 F2400
G1 X121.0926 Y123.7226 Z0.5250 E0.01056 F2400
G1 X120.9294 Y123.8161 Z0.5250 E0.01056 F2400
G1 X120.7637 Y123.9053 Z0.5250 E0.01056 F2400
G1 X120.5957 Y123.9903 Z0.5250 E0.01056 F2400
G1 X120.4255 Y124.0708 Z0.5250 E0.01057 F2400
G1 X120.2532 Y124.1468 Z0.5250 E0.01057 F2400
G1 X120.0789 Y124.2183 Z0.5250 E0.01057 F2400
G1 X119.9028 Y124.2853 Z0.5250 E0.01058 F2400
G1 X119.7249 Y124.3476 Z0.5250 E0.01058 F2400
G1 X119.5454 Y124.4053 Z0.5250 E0.01058 F2400
G1 X119.3645 Y124.4582 Z0.5250 E0.01058 F2400
G1 X119.1821 Y124.5065 Z0.5250 E0.01059 F2400
G1 X118.9985 Y124.5499 Z0.5250 E0.01059 F2400
G1 X118.8138 Y124.5885 Z0.5250 E0.01059 F2400
G1 X118.6281 Y124.6223 Z0.5250 E0.01059 F2400
G1 X118.4415 Y124.6513 Z0.5250 E0.01060 F2400
G1 X118.2542 Y124.6753 Z0.5250 E0.01060 F2400
G1 X118.0662 Y124.6944 Z0.5250 E0.01060 F2400
G1 X117.8778 Y124.7086 Z0.5250 E0.01061 F2400
G1 X117.6890 Y124.7179 Z0.5250 E0.01061 F2400
G1 X117.5000 Y124.7222 Z0.5250 E0.01061 F2400
G1 X117.3109 Y124.7216 Z0.5250 E0.01061 F2400
G1 X117.1218 Y124.7160 Z0.5250 E0.01062 F2400
G1 X116.9329 Y124.7055 Z0.5250 E0.01062 F2400
G1 X116.7443 Y124.6900 Z0.5250 E0.01062 F2400
G1 X116.5561 Y124.6696 Z0.5250 E0.01062 F2400
G1 X116.3685 Y124.6443 Z0.5250 E0.01063 F2400
G1 X116.1815 Y124.6140 Z0.5250 E0.01063 F2400
G1 X115.9953 Y124.5789 Z0.5250 E0.01063 F2400
G1 X115.8101 Y124.5389 Z0.5250 E0.01064 F2400
G1 X115.6260 Y124.4940 Z0.5250 E0.01064 F2400
G1 X115.4430 Y124.4443 Z0.5250 E0.01064 F2400
G1 X115.2613 Y124.3899 Z0.5250 E0.01064 F2400
G1 X115.0811 Y124.3307 Z0.5250 E0.01065 F2400
G1 X114.9025 Y124.2667 Z0.5250 E0.01065 F2400
G1 X114.7255 Y124.1981 Z0.5250 E0.01065 F2400
G1 X114.5504 Y124.1249 Z0.5250 E0.01065 F2400
G1 X114.3772 Y124.0471 Z0.5250 E0.01066 F2400
G1 X114.2060 Y123.9647 Z0.5250 E0.01066 F2400
G1 X114.0371 Y123.8779 Z0.5250 E0.01066 F2400
G1 X113.8704 Y123.7867 Z0.5250 E0.01067 F2400
G1 X113.7061 Y123.6911 Z0.5250 E0.01067 F2400
G1 X113.5443 Y123.5912 Z0.5250 E0.01067 F2400
G1 X113.3852 Y123.4871 Z0.5250 E0.01067 F2400
G1 X113.2288 Y123.3789 Z0.5250 E0.01068 F2400
G1 X113.0752 Y123.2665 Z0.5250 E0.01068 F2400
G1 X112.9246 Y123.1501 Z0.5250 E0.01068 F2400
G1 X112.7771 Y123.0298 Z0.5250 E0.01068 F2400
G1 X112.6327 Y122.9057 Z0.5250 E0.01069 F2400
G1 X112.4916 Y122.7778 Z0.5250 E0.01069 F2400
G1 X112.3538 Y122.6462 Z0.5250 E0.01069 F2400
G1 X112.2195 Y122.5110 Z0.5250 E0.01070 F2400
G1 X112.0888 Y122.3723 Z0.5250 E0.01070 F2400
G1 X111.9617 Y122.2301 Z0.5250 E0.01070 F2400
G1 X111.8383 Y122.0847 Z0.5250 E0.01070 F2400
G1 X111.7188 Y121.9361 Z0.5250 E0.01071 F2400
G1 X111.6032 Y121.7843 Z0.5250 E0.01071 F2400
G1 X111.4915 Y121.6295 Z0.5250 E0.01071 F2400
G1 X111.3839 Y121.4718 Z0.5250 E0.01071 F2400
G1 X111.2805 Y121.3113 Z0.5250 E0.01072 F2400
G1 X111.1812 Y121.1481 Z0.5250 E0.01072 F2400
G1 X111.0863 Y120.9824 Z0.5250 E0.01072 F2400
G1 X110.9957 Y120.8141 Z0.5250 E0.01073 F2400
G1 X110.9095 Y120.6435 Z0.5250 E0.01073 F2400
G1 X110.8277 Y120.4707 Z0.5250 E0.01073 F2400
G1 X110.7505 Y120.2957 Z0.5250 E0.01073 F2400
G1 X110.6779 Y120.1187 Z0.5250 E0.01074 F2400
G1 X110.6100 Y119.9399 Z0.5250 E0.01074 F2400
G1 X110.5467 Y119.7593 Z0.5250 E0.01074 F2400
G1 X110.4882 Y119.5770 Z0.5250 E0.01074 F2400
G1 X110.4344 Y119.3932 Z0.5250 E0.01075 F2400
G1 X110.3855 Y119.2080 Z0.5250 E0.01075 F2400
G1 X110.3414 Y119.0216 Z0.5250 E0.01075 F2400
G1 X110.3022 Y118.8340 Z0.5250 E0.01076 F2400
G1 X110.2679 Y118.6454 Z0.5250 E0.01076 F2400
G1 X110.2386 Y118.4560 Z0.5250 E0.01076 F2400
G1 X110.2142 Y118.2658 Z0.5250 E0.01076 F2400
G1 X110.1948 Y118.0749 Z0.5250 E0.01077 F2400
G1 X110.1804 Y117.8836 Z0.5250 E0.01077 F2400
G1 X110.1710 Y117.6919 Z0.5250 E0.01077 F2400
G1 X110.1667 Y117.5000 Z0.5250 E0.01077 F2400
G1 X110.1673 Y117.3080 Z0.5250 E0.01078 F2400
G1 X110.1730 Y117.1160 Z0.5250 E0.01078 F2400
G1 X110.1837 Y116.9242 Z0.5250 E0.01078 F2400
G1 X110.1995 Y116.7327 Z0.5250 E0.01079 F2400
G1 X110.2202 Y116.5416 Z0.5250 E0.01079 F2400
G1 X110.2460 Y116.3511 Z0.5250 E0.01079 F2400
G1 X110.2767 Y116.1612 Z0.5250 E0.01079 F2400
G1 X110.3124 Y115.9722 Z0.5250 E0.01080 F2400
G1 X110.3531 Y115.7842 Z0.5250 E0.01080 F2400
G1 X110.3987 Y115.5972 Z0.5250 E0.01080 F2400
G1 X110.4491 Y115.4114 Z0.5250 E0.01080 F2400
G1 X110.5045 Y115.2270 Z0.5250 E0.01081 F2400
G1 X110.5646 Y115.0440 Z0.5250 E0.01081 F2400
G1 X110.6295 Y114.8627 Z0.5250 E0.01081 F2400
G1 X110.6992 Y114.6830 Z0.5250 E0.01082 F2400
G1 X110.7736 Y114.5052 Z0.5250 E0.01082 F2400
G1 X110.8526 Y114.3294 Z0.5250 E0.01082 F2400
G1 X110.9363 Y114.1556 Z0.5250 E0.01082 F2400
G1 X111.0244 Y113.9840 Z0.5250 E0.01083 F2400
G1 X111.1171 Y113.8148 Z0.5250 E0.01083 F2400
G1 X111.2141 Y113.6480 Z0.5250 E0.01083 F2400
G1 X111.3156 Y113.4838 Z0.5250 E0.01083 F2400
G1 X111.4213 Y113.3222 Z0.5250 E0.01084 F2400
G1 X111.5313 Y113.1635 Z0.5250 E0.01084 F2400
G1 X111.6453 Y113.0076 Z0.5250 E0.01084 F2400
G1 X111.7635 Y112.8547 Z0.5250 E0.01085 F2400
G1 X111.8857 Y112.7049 Z0.5250 E0.01085 F2400
G1 X112.0117 Y112.5583 Z0.5250 E0.01085 F2400
G1 X112.1416 Y112.4151 Z0.5250 E0.01085 F2400
G1 X112.2753 Y112.2753 Z0.5250 E0.01086 F2400
G1 X112.4125 Y112.1389 Z0.5250 E0.01086 F2400
G1 X112.5534 Y112.0062 Z0.5250 E0.01086 F2400
G1 X112.6977 Y111.8772 Z0.5250 E0.01086 F2400
G1 X112.8454 Y111.7520 Z0.5250 E0.01087 F2400
G1 X112.9963 Y111.6307 Z0.5250 E0.01087 F2400
G1 X113.1504 Y111.5133 Z0.5250 E0.01087 F2400
G1 X113.3075 Y111.3999 Z0.5250 E0.01088 F2400
G1 X113.4677 Y111.2907 Z0.5250 E0.01088 F2400
G1 X113.6306 Y111.1857 Z0.5250 E0.01088 F2400
G1 X113.7963 Y111.0850 Z0.5250 E0.01088 F2400
G1 X113.9646 Y110.9886 Z0.5250 E0.01089 F2400
G1 X114.1354 Y110.8967 Z0.5250 E0.01089 F2400
G1 X114.3086 Y110.8092 Z0.5250 E0.01089 F2400
G1 X114.4841 Y110.7262 Z0.5250 E0.01089 F2400
G1 X114.6618 Y110.6479 Z0.5250 E0.01090 F2400
G1 X114.8414 Y110.5742 Z0.5250 E0.01090 F2400
G1 X115.0230 Y110.5053 Z0.5250 E0.01090 F2400
G1 X115.2064 Y110.4410 Z0.5250 E0.01090 F2400
G1 X115.3914 Y110.3817 Z0.5250 E0.01091 F2400
G1 X115.5780 Y110.3271 Z0.5250 E0.01091 F2400
G1 X115.7660 Y110.2775 Z0.5250 E0.01091 F2400
G1 X115.9553 Y110.2327 Z0.5250 E0.01092 F2400
G1 X116.1457 Y110.1930 Z0.5250 E0.01092 F2400
G1 X116.3372 Y110.1582 Z0.5250 E0.01092 F2400
G1 X116.5295 Y110.1284 Z0.5250 E0.01092 F2400
G1 X116.7226 Y110.1037 Z0.5250 E0.01093 F2400
G1 X116.9164 Y110.0840 Z0.5250 E0.01093 F2400
G1 X117.1106 Y110.0695 Z0.5250 E0.01093 F2400
G1 X117.3052 Y110.0600 Z0.5250 E0.01093 F2400
G1 X117.5000 Y110.0556 Z0.5250 E0.01094 F2400
G1 X117.6949 Y110.0563 Z0.5250 E0.01094 F2400
G1 X117.8898 Y110.0621 Z0.5250 E0.01094 F2400
G1 X118.0845 Y110.0730 Z0.5250 E0.01095 F2400
G1 X118.2789 Y110.0890 Z0.5250 E0.01095 F2400
G1 X118.4729 Y110.1101 Z0.5250 E0.01095 F2400
G1 X118.6663 Y110.1362 Z0.5250 E0.01095 F2400
G1 X118.8590 Y110.1675 Z0.5250 E0.01096 F2400
G1 X119.0509 Y110.2037 Z0.5250 E0.01096 F2400
G1 X119.2418 Y110.2450 Z0.5250 E0.01096 F2400
G1 X119.4316 Y110.2913 Z0.5250 E0.01096 F2400
G1 X119.6201 Y110.3426 Z0.5250 E0.01097 F2400
G1 X119.8073 Y110.3988 Z0.5250 E0.01097 F2400
G1 X119.9930 Y110.4599 Z0.5250 E0.01097 F2400
G1 X120.1771 Y110.5258 Z0.5250 E0.01098 F2400
G1 X120.3595 Y110.5966 Z0.5250 E0.01098 F2400
G1 X120.5400 Y110.6721 Z0.5250 E0.01098 F2400
G1 X120.7185 Y110.7523 Z0.5250 E0.01098 F2400
G1 X120.8948 Y110.8373 Z0.5250 E0.01099 F2400
G1 X121.0690 Y110.9268 Z0.5250 E0.01099 F2400
G1 X121.2407 Y111.0208 Z0.5250 E0.01099 F2400
G1 X121.4100 Y111.1194 Z0.5250 E0.01099 F2400
G1 X121.5767 Y111.2224 Z0.5250 E0.01100 F2400
G1 X121.7407 Y111.3297 Z0.5250 E0.01100 F2400
G1 X121.9019 Y111.4414 Z0.5250 E0.01100 F2400
G1 X122.0601 Y111.5572 Z0.5250 E0.01101 F2400
G1 X122.2152 Y111.6772 Z0.5250 E0.01101 F2400
G1 X122.3673 Y111.8012 Z0.5250 E0.01101 F2400
G1 X122.5160 Y111.9292 Z0.5250 E0.01101 F2400
G1 X122.6614 Y112.0610 Z0.5250 E0.01102 F2400
G1 X122.8033 Y112.1967 Z0.5250 E0.01102 F2400
G1 X122.9417 Y112.3361 Z0.5250 E0.01102 F2400
G1 X123.0763 Y112.4790 Z0.5250 E0.01102 F2400
G1 X123.2073 Y112.6255 Z0.5250 E0.01103 F2400
G1 X123.3344 Y112.7754 Z0.5250 E0.01103 F2400
G1 X123.4575 Y112.9287 Z0.5250 E0.01103 F2400
G1 X123.5766 Y113.0851 Z0.5250 E0.01104 F2400
G1 X123.6916 Y113.2446 Z0.5250 E0.01104 F2400
G1 X123.8025 Y113.4071 Z0.5250 E0.01104 F2400
G1 X123.9090 Y113.5726 Z0.5250 E0.01104 F2400
G1 X124.0112 Y113.7407 Z0.5250 E0.01105 F2400
G1 X124.1090 Y113.9116 Z0.5250 E0.01105 F2400
G1 X124.2023 Y114.0850 Z0.5250 E0.01105 F2400
G1 X124.2911 Y114.2608 Z0.5250 E0.01105 F2400
G1 X124.3753 Y114.4389 Z0.5250 E0.01106 F2400
G1 X124.4548 Y114.6192 Z0.5250 E0.01106 F2400
G1 X124.5295 Y114.8016 Z0.5250 E0.01106 F2400
G1 X124.5995 Y114.9859 Z0.5250 E0.01107 F2400
G1 X124.6646 Y115.1721 Z0.5250 E0.01107 F2400
G1 X124.7249 Y115.3599 Z0.5250 E0.01107 F2400
G1 X124.7802 Y115.5493 Z0.5250 E0.01107 F2400
G1 X124.8306 Y115.7401 Z0.5250 E0.01108 F2400
G1 X124.8760 Y115.9322 Z0.5250 E0.01108 F2400
G1 X124.9163 Y116.1255 Z0.5250 E0.01108 F2400
G1 X124.9516 Y116.3198 Z0.5250 E0.01108 F2400
G1 X124.9817 Y116.5150 Z0.5250 E0.01109 F2400
G1 X125.0068 Y116.7110 Z0.5250 E0.01109 F2400
G1 X125.0267 Y116.9076 Z0.5250 E0.01109 F2400
G1 X125.0415 Y117.1048 Z0.5250 E0.01110 F2400
G1 X125.0511 Y117.3023 Z0.5250 E0.01110 F2400
G1 X125.0556 Y117.5000 Z0.5250 E0.01110 F2400
G1 X125.0548 Y117.6978 Z0.5250 E0.01110 F2400
G1 X125.0489 Y117.8956 Z0.5250 E0.01111 F2400
G1 X125.0378 Y118.0932 Z0.5250 E0.01111 F2400
G1 X125.0215 Y118.2905 Z0.5250 E0.01111 F2400
G1 X125.0001 Y118.4874 Z0.5250 E0.01111 F2400
G1 X124.9735 Y118.6837 Z0.5250 E0.01112 F2400
G1 X124.9418 Y118.8793 Z0.5250 E0.01112 F2400
G1 X124.9049 Y119.0740 Z0.5250 E0.01112 F2400
G1 X124.8630 Y119.2677 Z0.5250 E0.01113 F2400
G1 X124.8160 Y119.4603 Z0.5250 E0.01113 F2400
G1 X124.7639 Y119.6517 Z0.5250 E0.01113 F2400
G1 X124.7069 Y119.8417 Z0.5250 E0.01113 F2400
G1 X124.6449 Y120.0301 Z0.5250 E0.01114 F2400
G1 X124.5779 Y120.2170 Z0.5250 E0.01114 F2400
G1 X124.5061 Y120.4020 Z0.5250 E0.01114 F2400
G1 X124.4294 Y120.5852 Z0.5250 E0.01114 F2400
G1 X124.3479 Y120.7663 Z0.5250 E0.01115 F2400
G1 X124.2617 Y120.9453 Z0.5250 E0.01115 F2400
G1 X124.1709 Y121.1220 Z0.5250 E0.01115 F2400
G1 X124.0754 Y121.2963 Z0.5250 E0.01116 F2400
G1 X123.9753 Y121.4681 Z0.5250 E0.01116 F2400
G1 X123.8708 Y121.6372 Z0.5250 E0.01116 F2400
G1 X123.7618 Y121.8036 Z0.5250 E0.01116 F2400
G1 X123.6485 Y121.9672 Z0.5250 E0.01117 F2400
G1 X123.5310 Y122.1277 Z0.5250 E0.01117 F2400
G1 X123.4092 Y122.2852 Z0.5250 E0.01117 F2400
G1 X123.2833 Y122.4394 Z0.5250 E0.01117 F2400
G1 X123.1534 Y122.5903 Z0.5250 E0.01118 F2400
G1 X123.0196 Y122.7379 Z0.5250 E0.01118 F2400
G1 X122.8819 Y122.8819 Z0.5250 E0.01118 F2400
G1 X122.7404 Y123.0222 Z0.5250 E0.01119 F2400
G1 X122.5953 Y123.1589 Z0.5250 E0.01119 F2400
G1 X122.4466 Y123.2918 Z0.5250 E0.01119 F2400
G1 X122.2945 Y123.4207 Z0.5250 E0.01119 F2400
G1 X122.1390 Y123.5456 Z0.5250 E0.01120 F2400
G1 X121.9802 Y123.6665 Z0.5250 E0.01120 F2400
G1 X121.8183 Y123.7832 Z0.5250 E0.01120 F2400
G1 X121.6534 Y123.8956 Z0.5250 E0.01120 F2400
G1 X121.4855 Y124.0037 Z0.5250 E0.01121 F2400
G1 X121.3148 Y124.1075 Z0.5250 E0.01121 F2400
G1 X121.1414 Y124.2067 Z0.5250 E0.01121 F2400
G1 X120.9655 Y124.3013 Z0.5250 E0.01122 F2400
G1 X120.7870 Y124.3914 Z0.5250 E0.01122 F2400
G1 X120.6063 Y124.4768 Z0.5250 E0.01122 F2400
G1 X120.4233 Y124.5574 Z0.5250 E0.01122 F2400
G1 X120.2382 Y124.6332 Z0.5250 E0.01123 F2400
G1 X120.0511 Y124.7042 Z0.5250 E0.01123 F2400
G1 X119.8623 Y124.7703 Z0.5250 E0.01123 F2400
G1 X119.6717 Y124.8314 Z0.5250 E0.01123 F2400
G1 X119.4795 Y124.8875 Z0.5250 E0.01124 F2400
G1 X119.2859 Y124.9386 Z0.5250 E0.01124 F2400
G1 X119.0909 Y124.9846 Z0.5250 E0.01124 F2400
G1 X118.8948 Y125.0255 Z0.5250 E0.01125 F2400
G1 X118.6976 Y125.0613 Z0.5250 E0.01125 F2400
G1 X118.4995 Y125.0919 Z0.5250 E0.01125 F2400
G1 X118.3006 Y125.1173 Z0.5250 E0.01125 F2400
G1 X118.1011 Y125.1375 Z0.5250 E0.01126 F2400
G1 X117.9010 Y125.1525 Z0.5250 E0.01126 F2400
G1 X117.7006 Y125.1622 Z0.5250 E0.01126 F2400
G1 X117.5000 Y125.1667 Z0.5250 E0.01126 F2400
G1 X117.2993 Y125.1659 Z0.5250 E0.01127 F2400
G1 X117.0986 Y125.1599 Z0.5250 E0.01127 F2400
G1 X116.8980 Y125.1486 Z0.5250 E0.01127 F2400
G1 X116.6978 Y125.1320 Z0.5250 E0.01127 F2400
G1 X116.4981 Y125.1103 Z0.5250 E0.01128 F2400
G1 X116.2989 Y125.0833 Z0.5250 E0.01128 F2400
G1 X116.1005 Y125.0510 Z0.5250 E0.01128 F2400
G1 X115.9029 Y125.0136 Z0.5250 E0.01129 F2400
G1 X115.7064 Y124.9710 Z0.5250 E0.01129 F2400
G1 X115.5109 Y124.9233 Z0.5250 E0.01129 F2400
G1 X115.3168 Y124.8705 Z0.5250 E0.01129 F2400
G1 X115.1240 Y124.8126 Z0.5250 E0.01130 F2400
G1 X114.9328 Y124.7496 Z0.5250 E0.01130 F2400
G1 X114.7432 Y124.6817 Z0.5250 E0.01130 F2400
G1 X114.5555 Y124.6087 Z0.5250 E0.01130 F2400
G1 X114.3696 Y124.5309 Z0.5250 E0.01131 F2400
G1 X114.1859 Y124.4482 Z0.5250 E0.01131 F2400
G1 X114.0043 Y124.3608 Z0.5250 E0.01131 F2400
G1 X113.8250 Y124.2685 Z0.5250 E0.01132 F2400
G1 X113.6481 Y124.1716 Z0.5250 E0.01132 F2400
G1 X113.4739 Y124.0701 Z0.5250 E0.01132 F2400
G1 X113.3022 Y123.9640 Z0.5250 E0.01132 F2400
G1 X113.1334 Y123.8534 Z0.5250 E0.01133 F2400
G1 X112.9675 Y123.7384 Z0.5250 E0.01133 F2400
G1 X112.8046 Y123.6191 Z0.5250 E0.01133 F2400
G1 X112.6449 Y123.4955 Z0.5250 E0.01133 F2400
G1 X112.4884 Y123.3678 Z0.5250 E0.01134 F2400
G1 X112.3353 Y123.2360 Z0.5250 E0.01134 F2400
G1 X112.1856 Y123.1002 Z0.5250 E0.01134 F2400
G1 X112.0396 Y122.9604 Z0.5250 E0.01135 F2400
G1 X111.8972 Y122.8169 Z0.5250 E0.01135 F2400
G1 X111.7585 Y122.6697 Z0.5250 E0.01135 F2400
G1 X111.6238 Y122.5188 Z0.5250 E0.01135 F2400
G1 X111.4929 Y122.3644 Z0.5250 E0.01136 F2400
G1 X111.3662 Y122.2066 Z0.5250 E0.01136 F2400
G1 X111.2436 Y122.0455 Z0.5250 E0.01136 F2400
G1 X111.1252 Y121.8813 Z0.5250 E0.01136 F2400
G1 X111.0112 Y121.7139 Z0.5250 E0.01137 F2400
G1 X110.9015 Y121.5436 Z0.5250 E0.01137 F2400
G1 X110.7963 Y121.3704 Z0.5250 E0.01137 F2400
G1 X110.6957 Y121.1944 Z0.5250 E0.01138 F2400
G1 X110.5996 Y121.0159 Z0.5250 E0.01138 F2400
G1 X110.5083 Y120.8349 Z0.5250 E0.01138 F2400
G1 X110.4217 Y120.6515 Z0.5250 E0.01138 F2400
G1 X110.3399 Y120.4658 Z0.5250 E0.01139 F2400
G1 X110.2630 Y120.2780 Z0.5250 E0.01139 F2400
G1 X110.1910 Y120.0882 Z0.5250 E0.01139 F2400
G1 X110.1240 Y119.8966 Z0.5250 E0.01139 F2400
G1 X110.0620 Y119.7032 Z0.5250 E0.01140 F2400
G1 X110.0051 Y119.5082 Z0.5250 E0.01140 F2400
G1 X109.9533 Y119.3118 Z0.5250 E0.01140 F2400
G1 X109.9067 Y119.1140 Z0.5250 E0.01141 F2400
G1 X109.8652 Y118.9150 Z0.5250 E0.01141 F2400
G1 X109.8290 Y118.7150 Z0.5250 E0.01141 F2400
G1 X109.7979 Y118.5140 Z0.5250 E0.01141 F2400
G1 X109.7722 Y118.3122 Z0.5250 E0.01142 F2400
G1 X109.7517 Y118.1098 Z0.5250 E0.01142 F2400
G1 X109.7366 Y117.9069 Z0.5250 E0.01142 F2400
G1 X109.7267 Y117.7036 Z0.5250 E0.01142 F2400
G1 X109.7222 Y117.5000 Z0.5250 E0.01143 F2400
G1 X109.7230 Y117.2964 Z0.5250 E0.01143 F2400
G1 X109.7292 Y117.0927 Z0.5250 E0.01143 F2400
G1 X109.7407 Y116.8893 Z0.5250 E0.01144 F2400
G1 X109.7575 Y116.6862 Z0.5250 E0.01144 F2400
G1 X109.7796 Y116.4836 Z0.5250 E0.01144 F2400
G1 X109.8070 Y116.2815 Z0.5250 E0.01144 F2400
G1 X109.8397 Y116.0803 Z0.5250 E0.01145 F2400
G1 X109.8777 Y115.8798 Z0.5250 E0.01145 F2400
G1 X109.9209 Y115.6804 Z0.5250 E0.01145 F2400
G1 X109.9694 Y115.4822 Z0.5250 E0.01145 F2400
G1 X110.0230 Y115.2852 Z0.5250 E0.01146 F2400
G1 X110.0818 Y115.0897 Z0.5250 E0.01146 F2400
G1 X110.1457 Y114.8957 Z0.5250 E0.01146 F2400
G1 X110.2146 Y114.7034 Z0.5250 E0.01147 F2400
G1 X110.2886 Y114.5129 Z0.5250 E0.01147 F2400
G1 X110.3676 Y114.3244 Z0.5250 E0.01147 F2400
G1 X110.4515 Y114.1380 Z0.5250 E0.01147 F2400
G1 X110.5402 Y113.9538 Z0.5250 E0.01148 F2400
G1 X110.6338 Y113.7720 Z0.5250 E0.01148 F2400
G1 X110.7322 Y113.5926 Z0.5250 E0.01148 F2400
G1 X110.8352 Y113.4158 Z0.5250 E0.01148 F2400
G1 X110.9428 Y113.2417 Z0.5250 E0.01149 F2400
G1 X111.0550 Y113.0705 Z0.5250 E0.01149 F2400
G1 X111.1717 Y112.9022 Z0.5250 E0.01149 F2400
G1 X111.2927 Y112.7370 Z0.5250 E0.01150 F2400
G1 X111.4181 Y112.5750 Z0.5250 E0.01150 F2400
G1 X111.5477 Y112.4163 Z0.5250 E0.01150 F2400
G1 X111.6815 Y112.2610 Z0.5250 E0.01150 F2400
G1 X111.8192 Y112.1092 Z0.5250 E0.01151 F2400
G1 X111.9610 Y111.9610 Z0.5250 E0.01151 F2400
G1 X112.1066 Y111.8166 Z0.5250 E0.01151 F2400
G1 X112.2560 Y111.6759 Z0.5250 E0.01151 F2400
G1 X112.4090 Y111.5393 Z0.5250 E0.01152 F2400
G1 X112.5657 Y111.4066 Z0.5250 E0.01152 F2400
G1 X112.7257 Y111.2781 Z0.5250 E0.01152 F2400
G1 X112.8892 Y111.1537 Z0.5250 E0.01153 F2400
G1 X113.0558 Y111.0337 Z0.5250 E0.01153 F2400
G1 X113.2256 Y110.9180 Z0.5250 E0.01153 F2400
G1 X113.3984 Y110.8068 Z0.5250 E0.01153 F2400
G1 X113.5741 Y110.7001 Z0.5250 E0.01154 F2400
G1 X113.7525 Y110.5980 Z0.5250 E0.01154 F2400
G1 X113.9337 Y110.5006 Z0.5250 E0.01154 F2400
G1 X114.1173 Y110.4080 Z0.5250 E0.01154 F2400
G1 X114.3034 Y110.3202 Z0.5250 E0.01155 F2400
G1 X114.4917 Y110.2373 Z0.5250 E0.01155 F2400
G1 X114.6822 Y110.1593 Z0.5250 E0.01155 F2400
G1 X114.8747 Y110.0863 Z0.5250 E0.01156 F2400
G1 X115.0691 Y110.0184 Z0.5250 E0.01156 F2400
G1 X115.2652 Y109.9555 Z0.5250 E0.01156 F2400
G1 X115.4630 Y109.8978 Z0.5250 E0.01156 F2400
G1 X115.6623 Y109.8453 Z0.5250 E0.01157 F2400
G1 X115.8629 Y109.7980 Z0.5250 E0.01157 F2400
G1 X116.0647 Y109.7560 Z0.5250 E0.01157 F2400
G1 X116.2676 Y109.7192 Z0.5250 E0.01157 F2400
G1 X116.4715 Y109.6878 Z0.5250 E0.01158 F2400
G1 X116.6762 Y109.6617 Z0.5250 E0.01158 F2400
G1 X116.8815 Y109.6410 Z0.5250 E0.01158 F2400
G1 X117.0873 Y109.6256 Z0.5250 E0.01159 F2400
G1 X117.2935 Y109.6157 Z0.5250 E0.01159 F2400
G1 X117.5000 Y109.6111 Z0.5250 E0.01159 F2400
G1 X117.7066 Y109.6120 Z0.5250 E0.01159 F2400
G1 X117.9131 Y109.6182 Z0.5250 E0.01160 F2400
G1 X118.1194 Y109.6299 Z0.5250 E0.01160 F2400
G1 X118.3254 Y109.6470 Z0.5250 E0.01160 F2400
G1 X118.5309 Y109.6694 Z0.5250 E0.01160 F2400
G1 X118.7358 Y109.6973 Z0.5250 E0.01161 F2400
G1 X118.9400 Y109.7305 Z0.5250 E0.01161 F2400
G1 X119.1433 Y109.7690 Z0.5250 E0.01161 F2400
G1 X119.3455 Y109.8129 Z0.5250 E0.01162 F2400
G1 X119.5466 Y109.8620 Z0.5250 E0.01162 F2400
G1 X119.7464 Y109.9164 Z0.5250 E0.01162 F2400
G1 X119.9447 Y109.9761 Z0.5250 E0.01162 F2400
G1 X120.1414 Y110.0409 Z0.5250 E0.01163 F2400
G1 X120.3364 Y110.1109 Z0.5250 E0.01163 F2400
G1 X120.5296 Y110.1860 Z0.5250 E0.01163 F2400
G1 X120.7208 Y110.2661 Z0.5250 E0.01163 F2400
G1 X120.9098 Y110.3512 Z0.5250 E0.01164 F2400
G1 X121.0966 Y110.4412 Z0.5250 E0.01164 F2400
G1 X121.2810 Y110.5362 Z0.5250 E0.01164 F2400
G1 X121.4630 Y110.6359 Z0.5250 E0.01165 F2400
G1 X121.6423 Y110.7405 Z0.5250 E0.01165 F2400
G1 X121.8188 Y110.8497 Z0.5250 E0.01165 F2400
G1 X121.9924 Y110.9635 Z0.5250 E0.01165 F2400
G1 X122.1631 Y111.0818 Z0.5250 E0.01166 F2400
G1 X122.3306 Y111.2046 Z0.5250 E0.01166 F2400
G1 X122.4949 Y111.3318 Z0.5250 E0.01166 F2400
G1 X122.6559 Y111.4632 Z0.5250 E0.01166 F2400
G1 X122.8134 Y111.5989 Z0.5250 E0.01167 F2400
G1 X122.9673 Y111.7386 Z0.5250 E0.01167 F2400
G1 X123.1176 Y111.8824 Z0.5250 E0.01167 F2400
G1 X123.2640 Y112.0301 Z0.5250 E0.01167 F2400
G1 X123.4066 Y112.1817 Z0.5250 E0.01168 F2400
G1 X123.5452 Y112.3369 Z0.5250 E0.01168 F2400
G1 X123.6797 Y112.4957 Z0.5250 E0.01168 F2400
G1 X123.8101 Y112.6581 Z0.5250 E0.01169 F2400
G1 X123.9362 Y112.8238 Z0.5250 E0.01169 F2400
G1 X124.0579 Y112.9929 Z0.5250 E0.01169 F2400
G1 X124.1752 Y113.1651 Z0.5250 E0.01169 F2400
G1 X124.2880 Y113.3403 Z0.5250 E0.01170 F2400
G1 X124.3961 Y113.5185 Z0.5250 E0.01170 F2400
G1 X124.4996 Y113.6995 Z0.5250 E0.01170 F2400
G1 X124.5984 Y113.8832 Z0.5250 E0.01170 F2400
G1 X124.6923 Y114.0695 Z0.5250 E0.01171 F2400
G1 X124.7813 Y114.2582 Z0.5250 E0.01171 F2400
G1 X124.8654 Y114.4492 Z0.5250 E0.01171 F2400
G1 X124.9444 Y114.6423 Z0.5250 E0.01172 F2400
G1 X125.0184 Y114.8376 Z0.5250 E0.01172 F2400
G1 X125.0873 Y115.0347 Z0.5250 E0.01172 F2400
G1 X125.1510 Y115.2337 Z0.5250 E0.01172 F2400
G1 X125.2095 Y115.4342 Z0.5250 E0.01173 F2400
G1 X125.2628 Y115.6363 Z0.5250 E0.01173 F2400
G1 X125.3107 Y115.8398 Z0.5250 E0.01173 F2400
G1 X125.3533 Y116.0445 Z0.5250 E0.01173 F2400
G1 X125.3905 Y116.2503 Z0.5250 E0.01174 F2400
G1 X125.4224 Y116.4570 Z0.5250 E0.01174 F2400
G1 X125.4488 Y116.6645 Z0.5250 E0.01174 F2400
G1 X125.4698 Y116.8728 Z0.5250 E0.01175 F2400
G1 X125.4853 Y117.0815 Z0.5250 E0.01175 F2400
G1 X125.4954 Y117.2906 Z0.5250 E0.01175 F2400
G1 X125.5000 Y117.5000 Z0.5250 E0.01175 F2400
G1 X125.4991 Y117.7095 Z0.5250 E0.01176 F2400
G1 X125.4927 Y117.9189 Z0.5250 E0.01176 F2400
G1 X125.4809 Y118.1281 Z0.5250 E0.01176 F2400
G1 X125.4635 Y118.3370 Z0.5250 E0.01176 F2400
G1 X125.4407 Y118.5454 Z0.5250 E0.01177 F2400
G1 X125.4125 Y118.7532 Z0.5250 E0.01177 F2400
G1 X125.3788 Y118.9602 Z0.5250 E0.01177 F2400
G1 X125.3397 Y119.1664 Z0.5250 E0.01178 F2400
G1 X125.2952 Y119.3715 Z0.5250 E0.01178 F2400
G1 X125.2453 Y119.5753 Z0.5250 E0.01178 F2400
G1 X125.1901 Y119.7779 Z0.5250 E0.01178 F2400
G1 X125.1296 Y119.9790 Z0.5250 E0.01179 F2400
G1 X125.0638 Y120.1785 Z0.5250 E0.01179 F2400
G1 X124.9928 Y120.3762 Z0.5250 E0.01179 F2400
G1 X124.9167 Y120.5721 Z0.5250 E0.01179 F2400
G1 X124.8354 Y120.7659 Z0.5250 E0.01180 F2400
G1 X124.7491 Y120.9576 Z0.5250 E0.01180 F2400
G1 X124.6578 Y121.1471 Z0.5250 E0.01180 F2400
G1 X124.5615 Y121.3341 Z0.5250 E0.01181 F2400
G1 X124.4603 Y121.5185 Z0.5250 E0.01181 F2400
G1 X124.3543 Y121.7003 Z0.5250 E0.01181 F2400
G1 X124.2435 Y121.8793 Z0.5250 E0.01181 F2400
G1 X124.1281 Y122.0554 Z0.5250 E0.01182 F2400
G1 X124.0081 Y122.2284 Z0.5250 E0.01182 F2400
G1 X123.8836 Y122.3983 Z0.5250 E0.01182 F2400
G1 X123.7546 Y122.5649 Z0.5250 E0.01182 F2400
G1 X123.6213 Y122.7281 Z0.5250 E0.01183 F2400
G1 X123.4837 Y122.8877 Z0.5250 E0.01183 F2400
G1 X123.3420 Y123.0438 Z0.5250 E0.01183 F2400
G1 X123.1961 Y123.1961 Z0.5250 E0.01184 F2400
G1 X123.0464 Y123.3446 Z0.5250 E0.01184 F2400
G1 X122.8927 Y123.4892 Z0.5250 E0.01184 F2400
G1 X122.7353 Y123.6297 Z0.5250 E0.01184 F2400
G1 X122.5742 Y123.7661 Z0.5250 E0.01185 F2400
G1 X122.4095 Y123.8982 Z0.5250 E0.01185 F2400
G1 X122.2415 Y124.0261 Z0.5250 E0.01185 F2400
G1 X122.0701 Y124.1495 Z0.5250 E0.01185 F2400
G1 X121.8954 Y124.2684 Z0.5250 E0.01186 F2400
G1 X121.7177 Y124.3827 Z0.5250 E0.01186 F2400
G1 X121.5370 Y124.4924 Z0.5250 E0.01186 F2400
G1 X121.3535 Y124.5973 Z0.5250 E0.01187 F2400
G1 X121.1672 Y124.6974 Z0.5250 E0.01187 F2400
G1 X120.9784 Y124.7926 Z0.5250 E0.01187 F2400
G1 X120.7870 Y124.8828 Z0.5250 E0.01187 F2400
G1 X120.5934 Y124.9680 Z0.5250 E0.01188 F2400
G1 X120.3975 Y125.0482 Z0.5250 E0.01188 F2400
G1 X120.1995 Y125.1232 Z0.5250 E0.01188 F2400
G1 X119.9996 Y125.1930 Z0.5250 E0.01188 F2400
G1 X119.7979 Y125.2576 Z0.5250 E0.01189 F2400
G1 X119.5945 Y125.3168 Z0.5250 E0.01189 F2400
G1 X119.3896 Y125.3708 Z0.5250 E0.01189 F2400
G1 X119.1833 Y125.4194 Z0.5250 E0.01190 F2400
G1 X118.9758 Y125.4625 Z0.5250 E0.01190 F2400
G1 X118.7671 Y125.5003 Z0.5250 E0.01190 F2400
G1 X118.5575 Y125.5325 Z0.5250 E0.01190 F2400
G1 X118.3471 Y125.5593 Z0.5250 E0.01191 F2400
G1 X118.1360 Y125.5806 Z0.5250 E0.01191 F2400
G1 X117.9243 Y125.5963 Z0.5250 E0.01191 F2400
G1 X117.7123 Y125.6065 Z0.5250 E0.01191 F2400
G1 X117.5000 Y125.6111 Z0.5250 E0.01192 F2400
G1 X117.2876 Y125.6102 Z0.5250 E0.01192 F2400
G1 X117.0753 Y125.6037 Z0.5250 E0.01192 F2400
G1 X116.8632 Y125.5916 Z0.5250 E0.01193 F2400
G1 X116.6514 Y125.5740 Z0.5250 E0.01193 F2400
G1 X116.4401 Y125.5509 Z0.5250 E0.01193 F2400
G1 X116.2294 Y125.5222 Z0.5250 E0.01193 F2400
G1 X116.0195 Y125.4880 Z0.5250 E0.01194 F2400
G1 X115.8105 Y125.4484 Z0.5250 E0.01194 F2400
G1 X115.6026 Y125.4032 Z0.5250 E0.01194 F2400
G1 X115.3959 Y125.3526 Z0.5250 E0.01194 F2400
G1 X115.1905 Y125.2966 Z0.5250 E0.01195 F2400
G1 X114.9867 Y125.2353 Z0.5250 E0.01195 F2400
G1 X114.7844 Y125.1686 Z0.5250 E0.01195 F2400
G1 X114.5839 Y125.0966 Z0.5250 E0.01196 F2400
G1 X114.3854 Y125.0194 Z0.5250 E0.01196 F2400
G1 X114.1889 Y124.9369 Z0.5250 E0.01196 F2400
G1 X113.9945 Y124.8494 Z0.5250 E0.01196 F2400
G1 X113.8025 Y124.7568 Z0.5250 E0.01197 F2400
G1 X113.6129 Y124.6591 Z0.5250 E0.01197 F2400
G1 X113.4259 Y124.5565 Z0.5250 E0.01197 F2400
G1 X113.2416 Y124.4490 Z0.5250 E0.01197 F2400
G1 X113.0602 Y124.3367 Z0.5250 E0.01198 F2400
G1 X112.8817 Y124.2197 Z0.5250 E0.01198 F2400
G1 X112.7063 Y124.0980 Z0.5250 E0.01198 F2400
G1 X112.5341 Y123.9717 Z0.5250 E0.01199 F2400
G1 X112.3652 Y123.8409 Z0.5250 E0.01199 F2400
G1 X112.1998 Y123.7058 Z0.5250 E0.01199 F2400
G1 X112.0379 Y123.5663 Z0.5250 E0.01199 F2400
G1 X111.8797 Y123.4225 Z0.5250 E0.01200 F2400
G1 X111.7253 Y123.2747 Z0.5250 E0.01200 F2400
G1 X111.5748 Y123.1228 Z0.5250 E0.01200 F2400
G1 X111.4282 Y122.9670 Z0.5250 E0.01200 F2400
G1 X111.2858 Y122.8074 Z0.5250 E0.01201 F2400
G1 X111.1476 Y122.6441 Z0.5250 E0.01201 F2400
G1 X111.0136 Y122.4772 Z0.5250 E0.01201 F2400
G1 X110.8840 Y122.3068 Z0.5250 E0.01202 F2400
G1 X110.7590 Y122.1330 Z0.5250 E0.01202 F2400
G1 X110.6384 Y121.9560 Z0.5250 E0.01202 F2400
G1 X110.5226 Y121.7758 Z0.5250 E0.01202 F2400
G1 X110.4114 Y121.5926 Z0.5250 E0.01203 F2400
G1 X110.3051 Y121.4065 Z0.5250 E0.01203 F2400
G1 X110.2036 Y121.2177 Z0.5250 E0.01203 F2400
G1 X110.1072 Y121.0262 Z0.5250 E0.01203 F2400
G1 X110.0157 Y120.8322 Z0.5250 E0.01204 F2400
G1 X109.9293 Y120.6359 Z0.5250 E0.01204 F2400
G1 X109.8481 Y120.4373 Z0.5250 E0.01204 F2400
G1 X109.7721 Y120.2366 Z0.5250 E0.01205 F2400
G1 X109.7013 Y120.0339 Z0.5250 E0.01205 F2400
G1 X109.6359 Y119.8295 Z0.5250 E0.01205 F2400
G1 X109.5758 Y119.6233 Z0.5250 E0.01205 F2400
G1 X109.5212 Y119.4155 Z0.5250 E0.01206 F2400
G1 X109.4719 Y119.2064 Z0.5250 E0.01206 F2400
G1 X109.4282 Y118.9960 Z0.5250 E0.01206 F2400
G1 X109.3900 Y118.7845 Z0.5250 E0.01206 F2400
G1 X109.3573 Y118.5720 Z0.5250 E0.01207 F2400
G1 X109.3302 Y118.3587 Z0.5250 E0.01207 F2400
G1 X109.3087 Y118.1447 Z0.5250 E0.01207 F2400
G1 X109.2927 Y117.9301 Z0.5250 E0.01207 F2400
G1 X109.2824 Y117.7152 Z0.5250 E0.01208 F2400
G1 X109.2778 Y117.5000 Z0.5250 E0.01208 F2400
G1 X109.2787 Y117.2847 Z0.5250 E0.01208 F2400
G1 X109.2853 Y117.0695 Z0.5250 E0.01209 F2400
G1 X109.2976 Y116.8545 Z0.5250 E0.01209 F2400
G1 X109.3155 Y116.6398 Z0.5250 E0.01209 F2400
G1 X109.3389 Y116.4256 Z0.5250 E0.01209 F2400
G1 X109.3680 Y116.2120 Z0.5250 E0.01210 F2400
G1 X109.4027 Y115.9993 Z0.5250 E0.01210 F2400
G1 X109.4430 Y115.7874 Z0.5250 E0.01210 F2400
G1 X109.4888 Y115.5767 Z0.5250 E0.01210 F2400
G1 X109.5401 Y115.3671 Z0.5250 E0.01211 F2400
G1 X109.5968 Y115.1590 Z0.5250 E0.01211 F2400
G1 X109.6591 Y114.9523 Z0.5250 E0.01211 F2400
G1 X109.7267 Y114.7473 Z0.5250 E0.01212 F2400
G1 X109.7997 Y114.5441 Z0.5250 E0.01212 F2400
G1 X109.8780 Y114.3429 Z0.5250 E0.01212 F2400
G1 X109.9616 Y114.1437 Z0.5250 E0.01212 F2400
G1 X110.0503 Y113.9467 Z0.5250 E0.01213 F2400
G1 X110.1442 Y113.7521 Z0.5250 E0.01213 F2400
G1 X110.2432 Y113.5599 Z0.5250 E0.01213 F2400
G1 X110.3473 Y113.3704 Z0.5250 E0.01213 F2400
G1 X110.4562 Y113.1836 Z0.5250 E0.01214 F2400
G1 X110.5701 Y112.9997 Z0.5250 E0.01214 F2400
G1 X110.6887 Y112.8188 Z0.5250 E0.01214 F2400
G1 X110.8121 Y112.6410 Z0.5250 E0.01215 F2400
G1 X110.9401 Y112.4664 Z0.5250 E0.01215 F2400
G1 X111.0727 Y112.2953 Z0.5250 E0.01215 F2400
G1 X111.2098 Y112.1276 Z0.5250 E0.01215 F2400
G1 X111.3512 Y111.9636 Z0.5250 E0.01216 F2400
G1 X111.4969 Y111.8032 Z0.5250 E0.01216 F2400
G1 X111.6467 Y111.6467 Z0.5250 E0.01216 F2400
G1 X111.8007 Y111.4942 Z0.5250 E0.01216 F2400
G1 X111.9586 Y111.3457 Z0.5250 E0.01217 F2400
G1 X112.1204 Y111.2013 Z0.5250 E0.01217 F2400
G1 X112.2860 Y111.0612 Z0.5250 E0.01217 F2400
G1 X112.4552 Y110.9255 Z0.5250 E0.01218 F2400
G1 X112.6279 Y110.7941 Z0.5250 E0.01218 F2400
G1 X112.8041 Y110.6674 Z0.5250 E0.01218 F2400
G1 X112.9835 Y110.5452 Z0.5250 E0.01218 F2400
G1 X113.1662 Y110.4278 Z0.5250 E0.01219 F2400
G1 X113.3519 Y110.3152 Z0.5250 E0.01219 F2400
G1 X113.5405 Y110.2074 Z0.5250 E0.01219 F2400
G1 X113.7319 Y110.1046 Z0.5250 E0.01219 F2400
G1 X113.9260 Y110.0069 Z0.5250 E0.01220 F2400
G1 X114.1226 Y109.9142 Z0.5250 E0.01220 F2400
G1 X114.3216 Y109.8267 Z0.5250 E0.01220 F2400
G1 X114.5229 Y109.7444 Z0.5250 E0.01221 F2400
G1 X114.7263 Y109.6673 Z0.5250 E0.01221 F2400
G1 X114.9317 Y109.5957 Z0.5250 E0.01221 F2400
G1 X115.1390 Y109.5294 Z0.5250 E0.01221 F2400
G1 X115.3480 Y109.4685 Z0.5250 E0.01222 F2400
G1 X115.5585 Y109.4131 Z0.5250 E0.01222 F2400
G1 X115.7705 Y109.3633 Z0.5250 E0.01222 F2400
G1 X115.9837 Y109.3190 Z0.5250 E0.01222 F2400
G1 X116.1981 Y109.2802 Z0.5250 E0.01223 F2400
G1 X116.4135 Y109.2471 Z0.5250 E0.01223 F2400
G1 X116.6297 Y109.2197 Z0.5250 E0.01223 F2400
G1 X116.8466 Y109.1979 Z0.5250 E0.01224 F2400
G1 X117.0641 Y109.1818 Z0.5250 E0.01224 F2400
G1 X117.2819 Y109.1714 Z0.5250 E0.01224 F2400
G1 X117.5000 Y109.1667 Z0.5250 E0.01224 F2400
G1 X117.7182 Y109.1677 Z0.5250 E0.01225 F2400
G1 X117.9363 Y109.1744 Z0.5250 E0.01225 F2400
G1 X118.1543 Y109.1868 Z0.5250 E0.01225 F2400
G1 X118.3718 Y109.2050 Z0.5250 E0.01225 F2400
G1 X118.5889 Y109.2288 Z0.5250 E0.01226 F2400
G1 X118.8054 Y109.2583 Z0.5250 E0.01226 F2400
G1 X119.0210 Y109.2935 Z0.5250 E0.01226 F2400
G1 X119.2357 Y109.3343 Z0.5250 E0.01227 F2400
G1 X119.4493 Y109.3807 Z0.5250 E0.01227 F2400
G1 X119.6616 Y109.4327 Z0.5250 E0.01227 F2400
G1 X119.8726 Y109.4903 Z0.5250 E0.01227 F2400
G1 X120.0820 Y109.5534 Z0.5250 E0.01228 F2400
G1 X120.2898 Y109.6220 Z0.5250 E0.01228 F2400
G1 X120.4957 Y109.6960 Z0.5250 E0.01228 F2400
G1 X120.6997 Y109.7753 Z0.5250 E0.01228 F2400
G1 X120.9015 Y109.8601 Z0.5250 E0.01229 F2400
G1 X121.1011 Y109.9500 Z0.5250 E0.01229 F2400
G1 X121.2984 Y110.0452 Z0.5250 E0.01229 F2400
G1 X121.4931 Y110.1456 Z0.5250 E0.01230 F2400
G1 X121.6852 Y110.2510 Z0.5250 E0.01230 F2400
G1 X121.8745 Y110.3615 Z0.5250 E0.01230 F2400
G1 X122.0608 Y110.4769 Z0.5250 E0.01230 F2400
G1 X122.2442 Y110.5972 Z0.5250 E0.01231 F2400
G1 X122.4243 Y110.7222 Z0.5250 E0.01231 F2400
G1 X122.6012 Y110.8520 Z0.5250 E0.01231 F2400
G1 X122.7746 Y110.9864 Z0.5250 E0.01231 F2400
G1 X122.9445 Y111.1253 Z0.5250 E0.01232 F2400
G1 X123.1108 Y111.2686 Z0.5250 E0.01232 F2400
G1 X123.2733 Y111.4163 Z0.5250 E0.01232 F2400
G1 X123.4318 Y111.5682 Z0.5250 E0.01233 F2400
G1 X123.5864 Y111.7242 Z0.5250 E0.01233 F2400
G1 X123.7369 Y111.8843 Z0.5250 E0.01233 F2400
G1 X123.8832 Y112.0482 Z0.5250 E0.01233 F2400
G1 X124.0251 Y112.2160 Z0.5250 E0.01234 F2400
G1 X124.1627 Y112.3875 Z0.5250 E0.01234 F2400
G1 X124.2957 Y112.5626 Z0.5250 E0.01234 F2400
G1 X124.4242 Y112.7411 Z0.5250 E0.01234 F2400
G1 X124.5479 Y112.9230 Z0.5250 E0.01235 F2400
G1 X124.6669 Y113.1081 Z0.5250 E0.01235 F2400
G1 X124.7810 Y113.2963 Z0.5250 E0.01235 F2400
G1 X124.8902 Y113.4874 Z0.5250 E0.01236 F2400
G1 X124.9944 Y113.6814 Z0.5250 E0.01236 F2400
G1 X125.0934 Y113.8781 Z0.5250 E0.01236 F2400
G1 X125.1873 Y114.0774 Z0.5250 E0.01236 F2400
G1 X125.2760 Y114.2791 Z0.5250 E0.01237 F2400
G1 X125.3594 Y114.4831 Z0.5250 E0.01237 F2400
G1 X125.4374 Y114.6892 Z0.5250 E0.01237 F2400
G1 X125.5100 Y114.8974 Z0.5250 E0.01237 F2400
G1 X125.5772 Y115.1074 Z0.5250 E0.01238 F2400
G1 X125.6388 Y115.3192 Z0.5250 E0.01238 F2400
G1 X125.6949 Y115.5326 Z0.5250 E0.01238 F2400
G1 X125.7454 Y115.7474 Z0.5250 E0.01239 F2400
G1 X125.7903 Y115.9635 Z0.5250 E0.01239 F2400
G1 X125.8295 Y116.1807 Z0.5250 E0.01239 F2400
G1 X125.8630 Y116.3990 Z0.5250 E0.01239 F2400
G1 X125.8908 Y116.6181 Z0.5250 E0.01240 F2400
G1 X125.9129 Y116.8379 Z0.5250 E0.01240 F2400
G1 X125.9292 Y117.0582 Z0.5250 E0.01240 F2400
G1 X125.9397 Y117.2790 Z0.5250 E0.01240 F2400
G1 X125.9444 Y117.5000 Z0.5250 E0.01241 F2400
G1 X125.9434 Y117.7211 Z0.5250 E0.01241 F2400
G1 X125.9366 Y117.9421 Z0.5250 E0.01241 F2400
G1 X125.9240 Y118.1630 Z0.5250 E0.01242 F2400
G1 X125.9056 Y118.3835 Z0.5250 E0.01242 F2400
G1 X125.8814 Y118.6034 Z0.5250 E0.01242 F2400
G1 X125.8515 Y118.8227 Z0.5250 E0.01242 F2400
G1 X125.8158 Y119.0412 Z0.5250 E0.01243 F2400
G1 X125.7744 Y119.2588 Z0.5250 E0.01243 F2400
G1 X125.7273 Y119.4752 Z0.5250 E0.01243 F2400
G1 X125.6746 Y119.6904 Z0.5250 E0.01243 F2400
G1 X125.6162 Y119.9041 Z0.5250 E0.01244 F2400
G1 X125.5523 Y120.1163 Z0.5250 E0.01244 F2400
G1 X125.4828 Y120.3268 Z0.5250 E0.01244 F2400
G1 X125.4078 Y120.5355 Z0.5250 E0.01244 F2400
G1 X125.3273 Y120.7422 Z0.5250 E0.01245 F2400
G1 X125.2415 Y120.9467 Z0.5250 E0.01245 F2400
G1 X125.1502 Y121.1490 Z0.5250 E0.01245 F2400
G1 X125.0538 Y121.3488 Z0.5250 E0.01246 F2400
G1 X124.9520 Y121.5461 Z0.5250 E0.01246 F2400
G1 X124.8452 Y121.7407 Z0.5250 E0.01246 F2400
G1 X124.7332 Y121.9325 Z0.5250 E0.01246 F2400
G1 X124.6163 Y122.1214 Z0.5250 E0.01247 F2400
G1 X124.4944 Y122.3071 Z0.5250 E0.01247 F2400
G1 X124.3677 Y122.4896 Z0.5250 E0.01247 F2400
G1 X124.2362 Y122.6688 Z0.5250 E0.01247 F2400
G1 X124.1000 Y122.8446 Z0.5250 E0.01248 F2400
G1 X123.9592 Y123.0167 Z0.5250 E0.01248 F2400
G1 X123.8140 Y123.1851 Z0.5250 E0.01248 F2400
G1 X123.6643 Y123.3497 Z0.5250 E0.01249 F2400
G1 X123.5104 Y123.5104 Z0.5250 E0.01249 F2400
G1 X123.3523 Y123.6670 Z0.5250 E0.01249 F2400
G1 X123.1901 Y123.8195 Z0.5250 E0.01249 F2400
G1 X123.0239 Y123.9677 Z0.5250 E0.01250 F2400
G1 X122.8539 Y124.1115 Z0.5250 E0.01250 F2400
G1 X122.6801 Y124.2508 Z0.5250 E0.01250 F2400
G1 X122.5027 Y124.3856 Z0.5250 E0.01250 F2400
G1 X122.3218 Y124.5158 Z0.5250 E0.01251 F2400
G1 X122.1375 Y124.6411 Z0.5250 E0.01251 F2400
G1 X121.9499 Y124.7617 Z0.5250 E0.01251 F2400
G1 X121.7593 Y124.8773 Z0.5250 E0.01252 F2400
G1 X121.5656 Y124.9878 Z0.5250 E0.01252 F2400
G1 X121.3690 Y125.0934 Z0.5250 E0.01252 F2400
G1 X121.1697 Y125.1937 Z0.5250 E0.01252 F2400
G1 X120.9678 Y125.2888 Z0.5250 E0.01253 F2400
G1 X120.7634 Y125.3786 Z0.5250 E0.01253 F2400
G1 X120.5567 Y125.4631 Z0.5250 E0.01253 F2400
G1 X120.3479 Y125.5421 Z0.5250 E0.01253 F2400
G1 X120.1369 Y125.6157 Z0.5250 E0.01254 F2400
G1 X119.9241 Y125.6837 Z0.5250 E0.01254 F2400
G1 X119.7095 Y125.7461 Z0.5250 E0.01254 F2400
G1 X119.4934 Y125.8030 Z0.5250 E0.01255 F2400
G1 X119.2757 Y125.8541 Z0.5250 E0.01255 F2400
G1 X119.0568 Y125.8995 Z0.5250 E0.01255 F2400
G1 X118.8366 Y125.9392 Z0.5250 E0.01255 F2400
G1 X118.6155 Y125.9732 Z0.5250 E0.01256 F2400
G1 X118.3935 Y126.0013 Z0.5250 E0.01256 F2400
G1 X118.1708 Y126.0236 Z0.5250 E0.01256 F2400
G1 X117.9476 Y126.0401 Z0.5250 E0.01256 F2400
G1 X117.7239 Y126.0508 Z0.5250 E0.01257 F2400
G1 X117.5000 Y126.0556 Z0.5250 E0.01257 F2400
G1 X117.2760 Y126.0545 Z0.5250 E0.01257 F2400
G1 X117.0520 Y126.0475 Z0.5250 E0.01258 F2400
G1 X116.8283 Y126.0347 Z0.5250 E0.01258 F2400
G1 X116.6049 Y126.0161 Z0.5250 E0.01258 F2400
G1 X116.3821 Y125.9915 Z0.5250 E0.01258 F2400
G1 X116.1599 Y125.9612 Z0.5250 E0.01259 F2400
G1 X115.9385 Y125.9250 Z0.5250 E0.01259 F2400
G1 X115.7181 Y125.8831 Z0.5250 E0.01259 F2400
G1 X115.4989 Y125.8354 Z0.5250 E0.01259 F2400
G1 X115.2809 Y125.7819 Z0.5250 E0.01260 F2400
G1 X115.0643 Y125.7228 Z0.5250 E0.01260 F2400
G1 X114.8493 Y125.6580 Z0.5250 E0.01260 F2400
G1 X114.6361 Y125.5875 Z0.5250 E0.01261 F2400
G1 X114.4247 Y125.5115 Z0.5250 E0.01261 F2400
G1 X114.2153 Y125.4300 Z0.5250 E0.01261 F2400
G1 X114.0081 Y125.3430 Z0.5250 E0.01261 F2400
G1 X113.8032 Y125.2505 Z0.5250 E0.01262 F2400
G1 X113.6007 Y125.1528 Z0.5250 E0.01262 F2400
G1 X113.4009 Y125.0497 Z0.5250 E0.01262 F2400
G1 X113.2037 Y124.9414 Z0.5250 E0.01262 F2400
G1 X113.0094 Y124.8280 Z0.5250 E0.01263 F2400
G1 X112.8181 Y124.7095 Z0.5250 E0.01263 F2400
G1 X112.6300 Y124.5860 Z0.5250 E0.01263 F2400
G1 X112.4450 Y124.4575 Z0.5250 E0.01264 F2400
G1 X112.2635 Y124.3243 Z0.5250 E0.01264 F2400
G1 X112.0855 Y124.1863 Z0.5250 E0.01264 F2400
G1 X111.9111 Y124.0437 Z0.5250 E0.01264 F2400
G1 X111.7405 Y123.8966 Z0.5250 E0.01265 F2400
G1 X111.5738 Y123.7449 Z0.5250 E0.01265 F2400
G1 X111.4110 Y123.5890 Z0.5250 E0.01265 F2400
G1 X111.2524 Y123.4288 Z0.5250 E0.01265 F2400
G1 X111.0979 Y123.2644 Z0.5250 E0.01266 F2400
G1 X110.9478 Y123.0961 Z0.5250 E0.01266 F2400
G1 X110.8022 Y122.9238 Z0.5250 E0.01266 F2400
G1 X110.6610 Y122.7477 Z0.5250 E0.01267 F2400
G1 X110.5245 Y122.5680 Z0.5250 E0.01267 F2400
G1 X110.3927 Y122.3847 Z0.5250 E0.01267 F2400
G1 X110.2657 Y122.1980 Z0.5250 E0.01267 F2400
G1 X110.1436 Y122.0080 Z0.5250 E0.01268 F2400
G1 X110.0265 Y121.8148 Z0.5250 E0.01268 F2400
G1 X109.9145 Y121.6186 Z0.5250 E0.01268 F2400
G1 X109.8076 Y121.4195 Z0.5250 E0.01268 F2400
G1 X109.7060 Y121.2175 Z0.5250 E0.01269 F2400
G1 X109.6097 Y121.0130 Z0.5250 E0.01269 F2400
G1 X109.5187 Y120.8060 Z0.5250 E0.01269 F2400
G1 X109.4332 Y120.5966 Z0.5250 E0.01270 F2400
G1 X109.3531 Y120.3850 Z0.5250 E0.01270 F2400
G1 X109.2786 Y120.1713 Z0.5250 E0.01270 F2400
G1 X109.2098 Y119.9557 Z0.5250 E0.01270 F2400
G1 X109.1465 Y119.7383 Z0.5250 E0.01271 F2400
G1 X109.0890 Y119.5193 Z0.5250 E0.01271 F2400
G1 X109.0372 Y119.2988 Z0.5250 E0.01271 F2400
G1 X108.9912 Y119.0770 Z0.5250 E0.01271 F2400
G1 X108.9510 Y118.8540 Z0.5250 E0.01272 F2400
G1 X108.9167 Y118.6300 Z0.5250 E0.01272 F2400
G1 X108.8882 Y118.4051 Z0.5250 E0.01272 F2400
G1 X108.8656 Y118.1795 Z0.5250 E0.01273 F2400
G1 X108.8489 Y117.9534 Z0.5250 E0.01273 F2400
G1 X108.8382 Y117.7268 Z0.5250 E0.01273 F2400
G1 X108.8333 Y117.5000 Z0.5250 E0.01273 F2400
G1 X108.8345 Y117.2731 Z0.5250 E0.01274 F2400
G1 X108.8415 Y117.0462 Z0.5250 E0.01274 F2400
G1 X108.8545 Y116.8196 Z0.5250 E0.01274 F2400
G1 X108.8734 Y116.5933 Z0.5250 E0.01274 F2400
G1 X108.8983 Y116.3676 Z0.5250 E0.01275 F2400
G1 X108.9291 Y116.1425 Z0.5250 E0.01275 F2400
G1 X108.9657 Y115.9183 Z0.5250 E0.01275 F2400
G1 X109.0082 Y115.6950 Z0.5250 E0.01276 F2400
G1 X109.0566 Y115.4729 Z0.5250 E0.01276 F2400
G1 X109.1108 Y115.2521 Z0.5250 E0.01276 F2400
G1 X109.1707 Y115.0327 Z0.5250 E0.01276 F2400
G1 X109.2364 Y114.8150 Z0.5250 E0.01277 F2400
G1 X109.3077 Y114.5990 Z0.5250 E0.01277 F2400
G1 X109.3848 Y114.3849 Z0.5250 E0.01277 F2400
G1 X109.4674 Y114.1728 Z0.5250 E0.01277 F2400
G1 X109.5555 Y113.9629 Z0.5250 E0.01278 F2400
G1 X109.6492 Y113.7554 Z0.5250 E0.01278 F2400
G1 X109.7482 Y113.5503 Z0.5250 E0.01278 F2400
G1 X109.8527 Y113.3478 Z0.5250 E0.01279 F2400
G1 X109.9624 Y113.1481 Z0.5250 E0.01279 F2400
G1 X110.0773 Y112.9514 Z0.5250 E0.01279 F2400
G1 X110.1974 Y112.7576 Z0.5250 E0.01279 F2400
G1 X110.3225 Y112.5670 Z0.5250 E0.01280 F2400
G1 X110.4526 Y112.3797 Z0.5250 E0.01280 F2400
G1 X110.5875 Y112.1959 Z0.5250 E0.01280 F2400
G1 X110.7273 Y112.0156 Z0.5250 E0.01280 F2400
G1 X110.8718 Y111.8390 Z0.5250 E0.01281 F2400
G1 X111.0209 Y111.6662 Z0.5250 E0.01281 F2400
G1 X111.1745 Y111.4973 Z0.5250 E0.01281 F2400
G1 X111.3325 Y111.3325 Z0.5250 E0.01282 F2400
G1 X111.4947 Y111.1718 Z0.5250 E0.01282 F2400
G1 X111.6612 Y111.0154 Z0.5250 E0.01282 F2400
G1 X111.8318 Y110.8633 Z0.5250 E0.01282 F2400
G1 X112.0063 Y110.7158 Z0.5250 E0.01283 F2400
G1 X112.1846 Y110.5729 Z0.5250 E0.01283 F2400
G1 X112.3667 Y110.4346 Z0.5250 E0.01283 F2400
G1 X112.5523 Y110.3011 Z0.5250 E0.01283 F2400
G1 X112.7415 Y110.1725 Z0.5250 E0.01284 F2400
G1 X112.9339 Y110.0489 Z0.5250 E0.01284 F2400
G1 X113.1296 Y109.9303 Z0.5250 E0.01284 F2400
G1 X113.3284 Y109.8169 Z0.5250 E0.01284 F2400
G1 X113.5301 Y109.7086 Z0.5250 E0.01285 F2400
G1 X113.7346 Y109.6057 Z0.5250 E0.01285 F2400
G1 X113.9418 Y109.5082 Z0.5250 E0.01285 F2400
G1 X114.1515 Y109.4161 Z0.5250 E0.01286 F2400
G1 X114.3636 Y109.3294 Z0.5250 E0.01286 F2400
G1 X114.5780 Y109.2484 Z0.5250 E0.01286 F2400
G1 X114.7944 Y109.1730 Z0.5250 E0.01286 F2400
G1 X115.0128 Y109.1032 Z0.5250 E0.01287 F2400
G1 X115.2329 Y109.0392 Z0.5250 E0.01287 F2400
G1 X115.4548 Y108.9810 Z0.5250 E0.01287 F2400
G1 X115.6781 Y108.9285 Z0.5250 E0.01287 F2400
G1 X115.9027 Y108.8820 Z0.5250 E0.01288 F2400
G1 X116.1286 Y108.8413 Z0.5250 E0.01288 F2400
G1 X116.3555 Y108.8065 Z0.5250 E0.01288 F2400
G1 X116.5832 Y108.7777 Z0.5250 E0.01289 F2400
G1 X116.8117 Y108.7548 Z0.5250 E0.01289 F2400
G1 X117.0408 Y108.7380 Z0.5250 E0.01289 F2400
G1 X117.2703 Y108.7271 Z0.5250 E0.01289 F2400
G1 X117.5000 Y108.7222 Z0.5250 E0.01290 F2400
G1 X117.7298 Y108.7234 Z0.5250 E0.01290 F2400
G1 X117.9596 Y108.7306 Z0.5250 E0.01290 F2400
G1 X118.1891 Y108.7437 Z0.5250 E0.01290 F2400
G1 X118.4183 Y108.7629 Z0.5250 E0.01291 F2400
G1 X118.6469 Y108.7881 Z0.5250 E0.01291 F2400
G1 X118.8749 Y108.8193 Z0.5250 E0.01291 F2400
G1 X119.1020 Y108.8565 Z0.5250 E0.01292 F2400
G1 X119.3281 Y108.8995 Z0.5250 E0.01292 F2400
G1 X119.5530 Y108.9485 Z0.5250 E0.01292 F2400
G1 X119.7766 Y109.0034 Z0.5250 E0.01292 F2400
G1 X119.9988 Y109.0642 Z0.5250 E0.01293 F2400
G1 X120.2193 Y109.1307 Z0.5250 E0.01293 F2400
G1 X120.4381 Y109.2030 Z0.5250 E0.01293 F2400
G1 X120.6550 Y109.2810 Z0.5250 E0.01293 F2400
G1 X120.8697 Y109.3647 Z0.5250 E0.01294 F2400
G1 X121.0823 Y109.4540 Z0.5250 E0.01294 F2400
G1 X121.2925 Y109.5489 Z0.5250 E0.01294 F2400
G1 X121.5002 Y109.6492 Z0.5250 E0.01295 F2400
G1 X121.7052 Y109.7550 Z0.5250 E0.01295 F2400
G1 X121.9074 Y109.8661 Z0.5250 E0.01295 F2400
G1 X122.1067 Y109.9826 Z0.5250 E0.01295 F2400
G1 X122.3029 Y110.1042 Z0.5250 E0.01296 F2400
G1 X122.4959 Y110.2309 Z0.5250 E0.01296 F2400
G1 X122.6856 Y110.3627 Z0.5250 E0.01296 F2400
G1 X122.8718 Y110.4994 Z0.5250 E0.01296 F2400
G1 X123.0543 Y110.6410 Z0.5250 E0.01297 F2400
G1 X123.2332 Y110.7873 Z0.5250 E0.01297 F2400
G1 X123.4082 Y110.9383 Z0.5250 E0.01297 F2400
G1 X123.5792 Y111.0939 Z0.5250 E0.01298 F2400
G1 X123.7461 Y111.2539 Z0.5250 E0.01298 F2400
G1 X123.9088 Y111.4183 Z0.5250 E0.01298 F2400
G1 X124.0672 Y111.5869 Z0.5250 E0.01298 F2400
G1 X124.2211 Y111.7596 Z0.5250 E0.01299 F2400
G1 X124.3705 Y111.9363 Z0.5250 E0.01299 F2400
G1 X124.5153 Y112.1170 Z0.5250 E0.01299 F2400
G1 X124.6553 Y112.3014 Z0.5250 E0.01299 F2400
G1 X124.7905 Y112.4894 Z0.5250 E0.01300 F2400
G1 X124.9207 Y112.6810 Z0.5250 E0.01300 F2400
G1 X125.0459 Y112.8759 Z0.5250 E0.01300 F2400
G1 X125.1659 Y113.0741 Z0.5250 E0.01301 F2400
G1 X125.2808 Y113.2754 Z0.5250 E0.01301 F2400
G1 X125.3904 Y113.4797 Z0.5250 E0.01301 F2400
G1 X125.4946 Y113.6868 Z0.5250 E0.01301 F2400
G1 X125.5933 Y113.8966 Z0.5250 E0.01302 F2400
G1 X125.6866 Y114.1090 Z0.5250 E0.01302 F2400
G1 X125.7743 Y114.3238 Z0.5250 E0.01302 F2400
G1 X125.8563 Y114.5409 Z0.5250 E0.01302 F2400
G1 X125.9327 Y114.7600 Z0.5250 E0.01303 F2400
G1 X126.0033 Y114.9812 Z0.5250 E0.01303 F2400
G1 X126.0681 Y115.2042 Z0.5250 E0.01303 F2400
G1 X126.1271 Y115.4288 Z0.5250 E0.01304 F2400
G1 X126.1802 Y115.6550 Z0.5250 E0.01304 F2400
G1 X126.2273 Y115.8825 Z0.5250 E0.01304 F2400
G1 X126.2685 Y116.1112 Z0.5250 E0.01304 F2400
G1 X126.3037 Y116.3410 Z0.5250 E0.01305 F2400
G1 X126.3328 Y116.5716 Z0.5250 E0.01305 F2400
G1 X126.3559 Y116.8030 Z0.5250 E0.01305 F2400
G1 X126.3730 Y117.0350 Z0.5250 E0.01305 F2400
G1 X126.3840 Y117.2674 Z0.5250 E0.01306 F2400
G1 X126.3889 Y117.5000 Z0.5250 E0.01306 F2400
G1 X126.3877 Y117.7327 Z0.5250 E0.01306 F2400
G1 X126.3804 Y117.9654 Z0.5250 E0.01307 F2400
G1 X126.3670 Y118.1979 Z0.5250 E0.01307 F2400
G1 X126.3476 Y118.4299 Z0.5250 E0.01307 F2400
G1 X126.3220 Y118.6614 Z0.5250 E0.01307 F2400
G1 X126.2904 Y118.8923 Z0.5250 E0.01308 F2400
G1 X126.2528 Y119.1222 Z0.5250 E0.01308 F2400
G1 X126.2091 Y119.3512 Z0.5250 E0.01308 F2400
G1 X126.1595 Y119.5790 Z0.5250 E0.01308 F2400
G1 X126.1039 Y119.8054 Z0.5250 E0.01309 F2400
G1 X126.0424 Y120.0304 Z0.5250 E0.01309 F2400
G1 X125.9750 Y120.2537 Z0.5250 E0.01309 F2400
G1 X125.9017 Y120.4752 Z0.5250 E0.01310 F2400
G1 X125.8227 Y120.6948 Z0.5250 E0.01310 F2400
G1 X125.7379 Y120.9123 Z0.5250 E0.01310 F2400
G1 X125.6475 Y121.1275 Z0.5250 E0.01310 F2400
G1 X125.5514 Y121.3403 Z0.5250 E0.01311 F2400
G1 X125.4498 Y121.5506 Z0.5250 E0.01311 F2400
G1 X125.3426 Y121.7582 Z0.5250 E0.01311 F2400
G1 X125.2301 Y121.9630 Z0.5250 E0.01311 F2400
G1 X125.1122 Y122.1648 Z0.5250 E0.01312 F2400
G1 X124.9890 Y122.3634 Z0.5250 E0.01312 F2400
G1 X124.8607 Y122.5588 Z0.5250 E0.01312 F2400
G1 X124.7272 Y122.7509 Z0.5250 E0.01313 F2400
G1 X124.5888 Y122.9394 Z0.5250 E0.01313 F2400
G1 X124.4454 Y123.1243 Z0.5250 E0.01313 F2400
G1 X124.2972 Y123.3053 Z0.5250 E0.01313 F2400
G1 X124.1443 Y123.4825 Z0.5250 E0.01314 F2400
G1 X123.9867 Y123.6557 Z0.5250 E0.01314 F2400
G1 X123.8247 Y123.8247 Z0.5250 E0.01314 F2400
G1 X123.6582 Y123.9894 Z0.5250 E0.01314 F2400
G1 X123.4875 Y124.1498 Z0.5250 E0.01315 F2400
G1 X123.3126 Y124.3056 Z0.5250 E0.01315 F2400
G1 X123.1336 Y124.4569 Z0.5250 E0.01315 F2400
G1 X122.9507 Y124.6035 Z0.5250 E0.01316 F2400
G1 X122.7639 Y124.7452 Z0.5250 E0.01316 F2400
G1 X122.5735 Y124.8820 Z0.5250 E0.01316 F2400
G1 X122.3796 Y125.0139 Z0.5250 E0.01316 F2400
G1 X122.1822 Y125.1406 Z0.5250 E0.01317 F2400
G1 X121.9815 Y125.2622 Z0.5250 E0.01317 F2400
G1 X121.7776 Y125.3784 Z0.5250 E0.01317 F2400
G1 X121.5708 Y125.4894 Z0.5250 E0.01317 F2400
G1 X121.3610 Y125.5949 Z0.5250 E0.01318 F2400
G1 X121.1486 Y125.6948 Z0.5250 E0.01318 F2400
G1 X120.9335 Y125.7893 Z0.5250 E0.01318 F2400
G1 X120.7160 Y125.8780 Z0.5250 E0.01319 F2400
G1 X120.4962 Y125.9611 Z0.5250 E0.01319 F2400
G1 X120.2743 Y126.0384 Z0.5250 E0.01319 F2400
G1 X120.0504 Y126.1098 Z0.5250 E0.01319 F2400
G1 X119.8246 Y126.1754 Z0.5250 E0.01320 F2400
G1 X119.5971 Y126.2351 Z0.5250 E0.01320 F2400
G1 X119.3681 Y126.2888 Z0.5250 E0.01320 F2400
G1 X119.1378 Y126.3365 Z0.5250 E0.01320 F2400
G1 X118.9062 Y126.3782 Z0.5250 E0.01321 F2400
G1 X118.6735 Y126.4138 Z0.5250 E0.01321 F2400
G1 X118.4400 Y126.4433 Z0.5250 E0.01321 F2400
G1 X118.2057 Y126.4667 Z0.5250 E0.01321 F2400
G1 X117.9708 Y126.4840 Z0.5250 E0.01322 F2400
G1 X117.7355 Y126.4951 Z0.5250 E0.01322 F2400
G1 X117.5000 Y126.5000 Z0.5250 E0.01322 F2400
G1 X117.2644 Y126.4988 Z0.5250 E0.01323 F2400
G1 X117.0288 Y126.4914 Z0.5250 E0.01323 F2400
G1 X116.7934 Y126.4778 Z0.5250 E0.01323 F2400
G1 X116.5585 Y126.4581 Z0.5250 E0.01323 F2400
G1 X116.3241 Y126.4322 Z0.5250 E0.01324 F2400
G1 X116.0904 Y126.4002 Z0.5250 E0.01324 F2400
G1 X115.8575 Y126.3620 Z0.5250 E0.01324 F2400
G1 X115.6257 Y126.3178 Z0.5250 E0.01324 F2400
G1 X115.3951 Y126.2675 Z0.5250 E0.01325 F2400
G1 X115.1658 Y126.2112 Z0.5250 E0.01325 F2400
G1 X114.9381 Y126.1489 Z0.5250 E0.01325 F2400
G1 X114.7120 Y126.0806 Z0.5250 E0.01326 F2400
G1 X114.4877 Y126.0065 Z0.5250 E0.01326 F2400
G1 X114.2654 Y125.9264 Z0.5250 E0.01326 F2400
G1 X114.0452 Y125.8406 Z0.5250 E0.01326 F2400
G1 X113.8273 Y125.7490 Z0.5250 E0.01327 F2400
G1 X113.6118 Y125.6517 Z0.5250 E0.01327 F2400
G1 X113.3990 Y125.5488 Z0.5250 E0.01327 F2400
G1 X113.1888 Y125.4403 Z0.5250 E0.01327 F2400
G1 X112.9815 Y125.3263 Z0.5250 E0.01328 F2400
G1 X112.7772 Y125.2069 Z0.5250 E0.01328 F2400
G1 X112.5761 Y125.0822 Z0.5250 E0.01328 F2400
G1 X112.3782 Y124.9522 Z0.5250 E0.01329 F2400
G1 X112.1838 Y124.8171 Z0.5250 E0.01329 F2400
G1 X111.9930 Y124.6769 Z0.5250 E0.01329 F2400
G1 X111.8058 Y124.5317 Z0.5250 E0.01329 F2400
G1 X111.6225 Y124.3817 Z0.5250 E0.01330 F2400
G1 X111.4431 Y124.2268 Z0.5250 E0.01330 F2400
G1 X111.2678 Y124.0673 Z0.5250 E0.01330 F2400
G1 X111.0968 Y123.9032 Z0.5250 E0.01330 F2400
G1 X110.9300 Y123.7347 Z0.5250 E0.01331 F2400
G1 X110.7677 Y123.5618 Z0.5250 E0.01331 F2400
G1 X110.6099 Y123.3847 Z0.5250 E0.01331 F2400
G1 X110.4568 Y123.2035 Z0.5250 E0.01332 F2400
G1 X110.3084 Y123.0183 Z0.5250 E0.01332 F2400
G1 X110.1649 Y122.8293 Z0.5250 E0.01332 F2400
G1 X110.0264 Y122.6365 Z0.5250 E0.01332 F2400
G1 X109.8929 Y122.4401 Z0.5250 E0.01333 F2400
G1 X109.7647 Y122.2402 Z0.5250 E0.01333 F2400
G1 X109.6416 Y122.0370 Z0.5250 E0.01333 F2400
G1 X109.5239 Y121.8307 Z0.5250 E0.01333 F2400
G1 X109.4116 Y121.6212 Z0.5250 E0.01334 F2400
G1 X109.3049 Y121.4089 Z0.5250 E0.01334 F2400
G1 X109.2037 Y121.1938 Z0.5250 E0.01334 F2400
G1 X109.1081 Y120.9760 Z0.5250 E0.01335 F2400
G1 X109.0182 Y120.7558 Z0.5250 E0.01335 F2400
G1 X108.9342 Y120.5333 Z0.5250 E0.01335 F2400
G1 X108.8560 Y120.3086 Z0.5250 E0.01335 F2400
G1 X108.7836 Y120.0819 Z0.5250 E0.01336 F2400
G1 X108.7172 Y119.8533 Z0.5250 E0.01336 F2400
G1 X108.6568 Y119.6231 Z0.5250 E0.01336 F2400
G1 X108.6025 Y119.3912 Z0.5250 E0.01336 F2400
G1 X108.5542 Y119.1580 Z0.5250 E0.01337 F2400
G1 X108.5120 Y118.9236 Z0.5250 E0.01337 F2400
G1 X108.4760 Y118.6880 Z0.5250 E0.01337 F2400
G1 X108.4462 Y118.4516 Z0.5250 E0.01338 F2400
G1 X108.4225 Y118.2144 Z0.5250 E0.01338 F2400
G1 X108.4051 Y117.9766 Z0.5250 E0.01338 F2400
G1 X108.3939 Y117.7385 Z0.5250 E0.01338 F2400
G1 X108.3889 Y117.5000 Z0.5250 E0.01339 F2400
G1 X108.3902 Y117.2615 Z0.5250 E0.01339 F2400
G1 X108.3977 Y117.0230 Z0.5250 E0.01339 F2400
G1 X108.4114 Y116.7847 Z0.5250 E0.01339 F2400
G1 X108.4314 Y116.5469 Z0.5250 E0.01340 F2400
G1 X108.4577 Y116.3096 Z0.5250 E0.01340 F2400
G1 X108.4901 Y116.0730 Z0.5250 E0.01340 F2400
G1 X108.5287 Y115.8373 Z0.5250 E0.01341 F2400
G1 X108.5735 Y115.6026 Z0.5250 E0.01341 F2400
G1 X108.6244 Y115.3692 Z0.5250 E0.01341 F2400
G1 X108.6815 Y115.1371 Z0.5250 E0.01341 F2400
G1 X108.7446 Y114.9065 Z0.5250 E0.01342 F2400
G1 X108.8137 Y114.6776 Z0.5250 E0.01342 F2400
G1 X108.8888 Y114.4506 Z0.5250 E0.01342 F2400
G1 X108.9698 Y114.2256 Z0.5250 E0.01342 F2400
G1 X109.0568 Y114.0027 Z0.5250 E0.01343 F2400
G1 X109.1495 Y113.7821 Z0.5250 E0.01343 F2400
G1 X109.2480 Y113.5640 Z0.5250 E0.01343 F2400
G1 X109.3522 Y113.3485 Z0.5250 E0.01344 F2400
G1 X109.4621 Y113.1358 Z0.5250 E0.01344 F2400
G1 X109.5775 Y112.9259 Z0.5250 E0.01344 F2400
G1 X109.6983 Y112.7191 Z0.5250 E0.01344 F2400
G1 X109.8246 Y112.5155 Z0.5250 E0.01345 F2400
G1 X109.9562 Y112.3153 Z0.5250 E0.01345 F2400
G1 X110.0930 Y112.1185 Z0.5250 E0.01345 F2400
G1 X110.2349 Y111.9253 Z0.5250 E0.01345 F2400
G1 X110.3819 Y111.7359 Z0.5250 E0.01346 F2400
G1 X110.5338 Y111.5503 Z0.5250 E0.01346 F2400
G1 X110.6906 Y111.3688 Z0.5250 E0.01346 F2400
G1 X110.8521 Y111.1914 Z0.5250 E0.01347 F2400
G1 X111.0182 Y111.0182 Z0.5250 E0.01347 F2400
G1 X111.1888 Y110.8494 Z0.5250 E0.01347 F2400
G1 X111.3638 Y110.6851 Z0.5250 E0.01347 F2400
G1 X111.5431 Y110.5254 Z0.5250 E0.01348 F2400
G1 X111.7266 Y110.3704 Z0.5250 E0.01348 F2400
G1 X111.9141 Y110.2202 Z0.5250 E0.01348 F2400
G1 X112.1054 Y110.0750 Z0.5250 E0.01348 F2400
G1 X112.3006 Y109.9348 Z0.5250 E0.01349 F2400
G1 X112.4994 Y109.7998 Z0.5250 E0.01349 F2400
G1 X112.7017 Y109.6699 Z0.5250 E0.01349 F2400
G1 X112.9074 Y109.5454 Z0.5250 E0.01350 F2400
G1 X113.1163 Y109.4263 Z0.5250 E0.01350 F2400
G1 X113.3283 Y109.3126 Z0.5250 E0.01350 F2400
G1 X113.5433 Y109.2046 Z0.5250 E0.01350 F2400
G1 X113.7610 Y109.1021 Z0.5250 E0.01351 F2400
G1 X113.9814 Y109.0054 Z0.5250 E0.01351 F2400
G1 X114.2043 Y108.9145 Z0.5250 E0.01351 F2400
G1 X114.4296 Y108.8294 Z0.5250 E0.01351 F2400
G1 X114.6570 Y108.7503 Z0.5250 E0.01352 F2400
G1 X114.8865 Y108.6771 Z0.5250 E0.01352 F2400
G1 X115.1179 Y108.6099 Z0.5250 E0.01352 F2400
G1 X115.3510 Y108.5488 Z0.5250 E0.01353 F2400
G1 X115.5857 Y108.4938 Z0.5250 E0.01353 F2400
G1 X115.8217 Y108.4450 Z0.5250 E0.01353 F2400
G1 X116.0591 Y108.4023 Z0.5250 E0.01353 F2400
G1 X116.2975 Y108.3659 Z0.5250 E0.01354 F2400
G1 X116.5368 Y108.3357 Z0.5250 E0.01354 F2400
G1 X116.7769 Y108.3117 Z0.5250 E0.01354 F2400
G1 X117.0175 Y108.2941 Z0.5250 E0.01354 F2400
G1 X117.2586 Y108.2828 Z0.5250 E0.01355 F2400
G1 X117.5000 Y108.2778 Z0.5250 E0.01355 F2400
G1 X117.7415 Y108.2791 Z0.5250 E0.01355 F2400
G1 X117.9828 Y108.2867 Z0.5250 E0.01356 F2400
G1 X118.2240 Y108.3007 Z0.5250 E0.01356 F2400
G1 X118.4648 Y108.3209 Z0.5250 E0.01356 F2400
G1 X118.7050 Y108.3475 Z0.5250 E0.01356 F2400
G1 X118.9444 Y108.3803 Z0.5250 E0.01357 F2400
G1 X119.1830 Y108.4195 Z0.5250 E0.01357 F2400
G1 X119.4205 Y108.4648 Z0.5250 E0.01357 F2400
G1 X119.6568 Y108.5164 Z0.5250 E0.01357 F2400
G1 X119.8917 Y108.5741 Z0.5250 E0.01358 F2400
G1 X120.1250 Y108.6380 Z0.5250 E0.01358 F2400
G1 X120.3567 Y108.7080 Z0.5250 E0.01358 F2400
G1 X120.5865 Y108.7841 Z0.5250 E0.01359 F2400
G1 X120.8142 Y108.8661 Z0.5250 E0.01359 F2400
G1 X121.0398 Y108.9541 Z0.5250 E0.01359 F2400
G1 X121.2631 Y109.0480 Z0.5250 E0.01359 F2400
G1 X121.4838 Y109.1477 Z0.5250 E0.01360 F2400
G1 X121.7019 Y109.2532 Z0.5250 E0.01360 F2400
G1 X121.9173 Y109.3644 Z0.5250 E0.01360 F2400
G1 X122.1296 Y109.4812 Z0.5250 E0.01360 F2400
G1 X122.3389 Y109.6036 Z0.5250 E0.01361 F2400
G1 X122.5450 Y109.7314 Z0.5250 E0.01361 F2400
G1 X122.7476 Y109.8646 Z0.5250 E0.01361 F2400
G1 X122.9468 Y110.0031 Z0.5250 E0.01361 F2400
G1 X123.1423 Y110.1468 Z0.5250 E0.01362 F2400
G1 X123.3340 Y110.2956 Z0.5250 E0.01362 F2400
G1 X123.5218 Y110.4493 Z0.5250 E0.01362 F2400
G1 X123.7056 Y110.6080 Z0.5250 E0.01363 F2400
G1 X123.8851 Y110.7715 Z0.5250 E0.01363 F2400
G1 X124.0604 Y110.9396 Z0.5250 E0.01363 F2400
G1 X124.2312 Y111.1123 Z0.5250 E0.01363 F2400
G1 X124.3975 Y111.2895 Z0.5250 E0.01364 F2400
G1 X124.5591 Y111.4710 Z0.5250 E0.01364 F2400
G1 X124.7159 Y111.6566 Z0.5250 E0.01364 F2400
G1 X124.8679 Y111.8464 Z0.5250 E0.01364 F2400
G1 X125.0149 Y112.0401 Z0.5250 E0.01365 F2400
G1 X125.1567 Y112.2377 Z0.5250 E0.01365 F2400
G1 X125.2934 Y112.4389 Z0.5250 E0.01365 F2400
G1 X125.4248 Y112.6437 Z0.5250 E0.01366 F2400
G1 X125.5508 Y112.8519 Z0.5250 E0.01366 F2400
G1 X125.6714 Y113.0633 Z0.5250 E0.01366 F2400
G1 X125.7864 Y113.2779 Z0.5250 E0.01366 F2400
G1 X125.8957 Y113.4954 Z0.5250 E0.01367 F2400
G1 X125.9994 Y113.7158 Z0.5250 E0.01367 F2400
G1 X126.0972 Y113.9389 Z0.5250 E0.01367 F2400
G1 X126.1892 Y114.1645 Z0.5250 E0.01367 F2400
G1 X126.2753 Y114.3925 Z0.5250 E0.01368 F2400
G1 X126.3554 Y114.6227 Z0.5250 E0.01368 F2400
G1 X126.4295 Y114.8550 Z0.5250 E0.01368 F2400
G1 X126.4974 Y115.0891 Z0.5250 E0.01369 F2400
G1 X126.5592 Y115.3251 Z0.5250 E0.01369 F2400
G1 X126.6149 Y115.5626 Z0.5250 E0.01369 F2400
G1 X126.6643 Y115.8015 Z0.5250 E0.01369 F2400
G1 X126.7075 Y116.0417 Z0.5250 E0.01370 F2400
G1 X126.7443 Y116.2830 Z0.5250 E0.01370 F2400
G1 X126.7748 Y116.5252 Z0.5250 E0.01370 F2400
G1 X126.7990 Y116.7682 Z0.5250 E0.01370 F2400
G1 X126.8168 Y117.0117 Z0.5250 E0.01371 F2400
G1 X126.8283 Y117.2557 Z0.5250 E0.01371 F2400
G1 X126.8333 Y117.5000 Z0.5250 E0.01371 F2400
G1 X126.8320 Y117.7444 Z0.5250 E0.01372 F2400
G1 X126.8242 Y117.9887 Z0.5250 E0.01372 F2400
G1 X126.8101 Y118.2327 Z0.5250 E0.01372 F2400
G1 X126.7896 Y118.4764 Z0.5250 E0.01372 F2400
G1 X126.7627 Y118.7195 Z0.5250 E0.01373 F2400
G1 X126.7294 Y118.9618 Z0.5250 E0.01373 F2400
G1 X126.6898 Y119.2032 Z0.5250 E0.01373 F2400
G1 X126.6439 Y119.4436 Z0.5250 E0.01373 F2400
G1 X126.5917 Y119.6827 Z0.5250 E0.01374 F2400
G1 X126.5332 Y119.9204 Z0.5250 E0.01374 F2400
G1 X126.4685 Y120.1566 Z0.5250 E0.01374 F2400
G1 X126.3977 Y120.3910 Z0.5250 E0.01375 F2400
G1 X126.3207 Y120.6236 Z0.5250 E0.01375 F2400
G1 X126.2376 Y120.8541 Z0.5250 E0.01375 F2400
G1 X126.1485 Y121.0823 Z0.5250 E0.01375 F2400
G1 X126.0535 Y121.3083 Z0.5250 E0.01376 F2400
G1 X125.9525 Y121.5317 Z0.5250 E0.01376 F2400
G1 X125.8458 Y121.7524 Z0.5250 E0.01376 F2400
G1 X125.7332 Y121.9703 Z0.5250 E0.01376 F2400
G1 X125.6150 Y122.1852 Z0.5250 E0.01377 F2400
G1 X125.4911 Y122.3970 Z0.5250 E0.01377 F2400
G1 X125.3618 Y122.6055 Z0.5250 E0.01377 F2400
G1 X125.2269 Y122.8106 Z0.5250 E0.01378 F2400
G1 X125.0868 Y123.0121 Z0.5250 E0.01378 F2400
G1 X124.9414 Y123.2100 Z0.5250 E0.01378 F2400
G1 X124.7908 Y123.4040 Z0.5250 E0.01378 F2400
G1 X124.6351 Y123.5940 Z0.5250 E0.01379 F2400
G1 X124.4746 Y123.7799 Z0.5250 E0.01379 F2400
G1 X124.3091 Y123.9616 Z0.5250 E0.01379 F2400
G1 X124.1389 Y124.1389 Z0.5250 E0.01379 F2400
G1 X123.9642 Y124.3118 Z0.5250 E0.01380 F2400
G1 X123.7849 Y124.4801 Z0.5250 E0.01380 F2400
G1 X123.6012 Y124.6436 Z0.5250 E0.01380 F2400
G1 X123.4133 Y124.8023 Z0.5250 E0.01381 F2400
G1 X123.2212 Y124.9561 Z0.5250 E0.01381 F2400
G1 X123.0252 Y125.1048 Z0.5250 E0.01381 F2400
G1 X122.8253 Y125.2483 Z0.5250 E0.01381 F2400
G1 X122.6216 Y125.3866 Z0.5250 E0.01382 F2400
G1 X122.4144 Y125.5196 Z0.5250 E0.01382 F2400
G1 X122.2037 Y125.6471 Z0.5250 E0.01382 F2400
G1 X121.9897 Y125.7690 Z0.5250 E0.01382 F2400
G1 X121.7726 Y125.8854 Z0.5250 E0.01383 F2400
G1 X121.5524 Y125.9960 Z0.5250 E0.01383 F2400
G1 X121.3294 Y126.1009 Z0.5250 E0.01383 F2400
G1 X121.1036 Y126.1999 Z0.5250 E0.01384 F2400
G1 X120.8753 Y126.2929 Z0.5250 E0.01384 F2400
G1 X120.6446 Y126.3800 Z0.5250 E0.01384 F2400
G1 X120.4116 Y126.4611 Z0.5250 E0.01384 F2400
G1 X120.1766 Y126.5360 Z0.5250 E0.01385 F2400
G1 X119.9396 Y126.6047 Z0.5250 E0.01385 F2400
G1 X119.7009 Y126.6673 Z0.5250 E0.01385 F2400
G1 X119.4605 Y126.7236 Z0.5250 E0.01385 F2400
G1 X119.2188 Y126.7736 Z0.5250 E0.01386 F2400
G1 X118.9757 Y126.8172 Z0.5250 E0.01386 F2400
G1 X118.7315 Y126.8545 Z0.5250 E0.01386 F2400
G1 X118.4864 Y126.8853 Z0.5250 E0.01387 F2400
G1 X118.2406 Y126.9098 Z0.5250 E0.01387 F2400
G1 X117.9941 Y126.9278 Z0.5250 E0.01387 F2400
G1 X117.7472 Y126.9394 Z0.5250 E0.01387 F2400
G1 X117.5000 Y126.9444 Z0.5250 E0.01388 F2400
G1 X117.2527 Y126.9431 Z0.5250 E0.01388 F2400
G1 X117.0055 Y126.9352 Z0.5250 E0.01388 F2400
G1 X116.7586 Y126.9209 Z0.5250 E0.01388 F2400
G1 X116.5120 Y126.9001 Z0.5250 E0.01389 F2400
G1 X116.2660 Y126.8728 Z0.5250 E0.01389 F2400
G1 X116.0208 Y126.8391 Z0.5250 E0.01389 F2400
G1 X115.7765 Y126.7990 Z0.5250 E0.01390 F2400
G1 X115.5333 Y126.7526 Z0.5250 E0.01390 F2400
G1 X115.2913 Y126.6997 Z0.5250 E0.01390 F2400
G1 X115.0508 Y126.6405 Z0.5250 E0.01390 F2400
G1 X114.8118 Y126.5751 Z0.5250 E0.01391 F2400
G1 X114.5746 Y126.5033 Z0.5250 E0.01391 F2400
G1 X114.3393 Y126.4254 Z0.5250 E0.01391 F2400
G1 X114.1061 Y126.3414 Z0.5250 E0.01391 F2400
G1 X113.8751 Y126.2512 Z0.5250 E0.01392 F2400
G1 X113.6465 Y126.1550 Z0.5250 E0.01392 F2400
G1 X113.4205 Y126.0528 Z0.5250 E0.01392 F2400
G1 X113.1972 Y125.9448 Z0.5250 E0.01393 F2400
G1 X112.9767 Y125.8309 Z0.5250 E0.01393 F2400
G1 X112.7593 Y125.7112 Z0.5250 E0.01393 F2400
G1 X112.5450 Y125.5859 Z0.5250 E0.01393 F2400
G1 X112.3340 Y125.4549 Z0.5250 E0.01394 F2400
G1 X112.1265 Y125.3185 Z0.5250 E0.01394 F2400
G1 X111.9226 Y125.1767 Z0.5250 E0.01394 F2400
G1 X111.7224 Y125.0295 Z0.5250 E0.01394 F2400
G1 X111.5261 Y124.8771 Z0.5250 E0.01395 F2400
G1 X111.3339 Y124.7196 Z0.5250 E0.01395 F2400
G1 X111.1457 Y124.5571 Z0.5250 E0.01395 F2400
G1 X110.9619 Y124.3897 Z0.5250 E0.01396 F2400
G1 X110.7825 Y124.2175 Z0.5250 E0.01396 F2400
G1 X110.6076 Y124.0406 Z0.5250 E0.01396 F2400
G1 X110.4374 Y123.8592 Z0.5250 E0.01396 F2400
G1 X110.2719 Y123.6734 Z0.5250 E0.01397 F2400
G1 X110.1114 Y123.4832 Z0.5250 E0.01397 F2400
G1 X109.9558 Y123.2889 Z0.5250 E0.01397 F2400
G1 X109.8053 Y123.0905 Z0.5250 E0.01397 F2400
G1 X109.6601 Y122.8882 Z0.5250 E0.01398 F2400
G1 X109.5202 Y122.6821 Z0.5250 E0.01398 F2400
G1 X109.3857 Y122.4724 Z0.5250 E0.01398 F2400
G1 X109.2567 Y122.2593 Z0.5250 E0.01399 F2400
G1 X109.1333 Y122.0427 Z0.5250 E0.01399 F2400
G1 X109.0156 Y121.8230 Z0.5250 E0.01399 F2400
G1 X108.9037 Y121.6002 Z0.5250 E0.01399 F2400
G1 X108.7976 Y121.3745 Z0.5250 E0.01400 F2400
G1 X108.6975 Y121.1461 Z0.5250 E0.01400 F2400
G1 X108.6033 Y120.9151 Z0.5250 E0.01400 F2400
G1 X108.5152 Y120.6817 Z0.5250 E0.01400 F2400
G1 X108.4333 Y120.4460 Z0.5250 E0.01401 F2400
G1 X108.3575 Y120.2081 Z0.5250 E0.01401 F2400
G1 X108.2879 Y119.9684 Z0.5250 E0.01401 F2400
G1 X108.2247 Y119.7268 Z0.5250 E0.01401 F2400
G1 X108.1677 Y119.4836 Z0.5250 E0.01402 F2400
G1 X108.1172 Y119.2390 Z0.5250 E0.01402 F2400
G1 X108.0731 Y118.9931 Z0.5250 E0.01402 F2400
G1 X108.0354 Y118.7460 Z0.5250 E0.01403 F2400
G1 X108.0042 Y118.4981 Z0.5250 E0.01403 F2400
G1 X107.9794 Y118.2493 Z0.5250 E0.01403 F2400
G1 X107.9612 Y117.9999 Z0.5250 E0.01403 F2400
G1 X107.9496 Y117.7501 Z0.5250 E0.01404 F2400
G1 X107.9444 Y117.5000 Z0.5250 E0.01404 F2400
G1 X107.9459 Y117.2498 Z0.5250 E0.01404 F2400
G1 X107.9538 Y116.9997 Z0.5250 E0.01404 F2400
G1 X107.9684 Y116.7498 Z0.5250 E0.01405 F2400
G1 X107.9894 Y116.5004 Z0.5250 E0.01405 F2400
G1 X108.0170 Y116.2515 Z0.5250 E0.01405 F2400
G1 X108.0511 Y116.0034 Z0.5250 E0.01406 F2400
G1 X108.0917 Y115.7563 Z0.5250 E0.01406 F2400
G1 X108.1388 Y115.5102 Z0.5250 E0.01406 F2400
G1 X108.1923 Y115.2654 Z0.5250 E0.01406 F2400
G1 X108.2522 Y115.0220 Z0.5250 E0.01407 F2400
G1 X108.3184 Y114.7803 Z0.5250 E0.01407 F2400
G1 X108.3910 Y114.5403 Z0.5250 E0.01407 F2400
G1 X108.4698 Y114.3023 Z0.5250 E0.01407 F2400
G1 X108.5549 Y114.0663 Z0.5250 E0.01408 F2400
G1 X108.6462 Y113.8326 Z0.5250 E0.01408 F2400
G1 X108.7435 Y113.6014 Z0.5250 E0.01408 F2400
G1 X108.8469 Y113.3727 Z0.5250 E0.01409 F2400
G1 X108.9562 Y113.1467 Z0.5250 E0.01409 F2400
G1 X109.0715 Y112.9237 Z0.5250 E0.01409 F2400
G1 X109.1926 Y112.7037 Z0.5250 E0.01409 F2400
G1 X109.3194 Y112.4869 Z0.5250 E0.01410 F2400
G1 X109.4519 Y112.2735 Z0.5250 E0.01410 F2400
G1 X109.5899 Y112.0635 Z0.5250 E0.01410 F2400
G1 X109.7334 Y111.8573 Z0.5250 E0.01410 F2400
G1 X109.8823 Y111.6548 Z0.5250 E0.01411 F2400
G1 X110.0365 Y111.4562 Z0.5250 E0.01411 F2400
G1 X110.1959 Y111.2617 Z0.5250 E0.01411 F2400
G1 X110.3603 Y111.0714 Z0.5250 E0.01412 F2400
G1 X110.5297 Y110.8854 Z0.5250 E0.01412 F2400
G1 X110.7039 Y110.7039 Z0.5250 E0.01412 F2400
G1 X110.8829 Y110.5270 Z0.5250 E0.01412 F2400
G1 X111.0664 Y110.3548 Z0.5250 E0.01413 F2400
G1 X111.2545 Y110.1874 Z0.5250 E0.01413 F2400
G1 X111.4469 Y110.0250 Z0.5250 E0.01413 F2400
G1 X111.6435 Y109.8676 Z0.5250 E0.01413 F2400
G1 X111.8442 Y109.7155 Z0.5250 E0.01414 F2400
G1 X112.0489 Y109.5685 Z0.5250 E0.01414 F2400
G1 X112.2573 Y109.4270 Z0.5250 E0.01414 F2400
G1 X112.4695 Y109.2910 Z0.5250 E0.01415 F2400
G1 X112.6852 Y109.1605 Z0.5250 E0.01415 F2400
G1 X112.9043 Y109.0357 Z0.5250 E0.01415 F2400
G1 X113.1266 Y108.9166 Z0.5250 E0.01415 F2400
G1 X113.3519 Y108.8034 Z0.5250 E0.01416 F2400
G1 X113.5803 Y108.6961 Z0.5250 E0.01416 F2400
G1 X113.8114 Y108.5948 Z0.5250 E0.01416 F2400
G1 X114.0451 Y108.4996 Z0.5250 E0.01416 F2400
G1 X114.2812 Y108.4105 Z0.5250 E0.01417 F2400
G1 X114.5197 Y108.3276 Z0.5250 E0.01417 F2400
G1 X114.7603 Y108.2509 Z0.5250 E0.01417 F2400
G1 X115.0029 Y108.1806 Z0.5250 E0.01418 F2400
G1 X115.2473 Y108.1166 Z0.5250 E0.01418 F2400
G1 X115.4933 Y108.0591 Z0.5250 E0.01418 F2400
G1 X115.7408 Y108.0079 Z0.5250 E0.01418 F2400
G1 X115.9895 Y107.9633 Z0.5250 E0.01419 F2400
G1 X116.2395 Y107.9252 Z0.5250 E0.01419 F2400
G1 X116.4903 Y107.8937 Z0.5250 E0.01419 F2400
G1 X116.7420 Y107.8687 Z0.5250 E0.01419 F2400
G1 X116.9943 Y107.8503 Z0.5250 E0.01420 F2400
G1 X117.2470 Y107.8385 Z0.5250 E0.01420 F2400
G1 X117.5000 Y107.8333 Z0.5250 E0.01420 F2400
G1 X117.7531 Y107.8348 Z0.5250 E0.01421 F2400
G1 X118.0061 Y107.8429 Z0.5250 E0.01421 F2400
G1 X118.2589 Y107.8576 Z0.5250 E0.01421 F2400
G1 X118.5112 Y107.8789 Z0.5250 E0.01421 F2400
G1 X118.7630 Y107.9069 Z0.5250 E0.01422 F2400
G1 X119.0139 Y107.9414 Z0.5250 E0.01422 F2400
G1 X119.2640 Y107.9825 Z0.5250 E0.01422 F2400
G1 X119.5129 Y108.0301 Z0.5250 E0.01422 F2400
G1 X119.7605 Y108.0842 Z0.5250 E0.01423 F2400
G1 X120.0067 Y108.1448 Z0.5250 E0.01423 F2400
G1 X120.2513 Y108.2119 Z0.5250 E0.01423 F2400
G1 X120.4940 Y108.2853 Z0.5250 E0.01424 F2400
G1 X120.7348 Y108.3651 Z0.5250 E0.01424 F2400
G1 X120.9735 Y108.4512 Z0.5250 E0.01424 F2400
G1 X121.2099 Y108.5435 Z0.5250 E0.01424 F2400
G1 X121.4438 Y108.6420 Z0.5250 E0.01425 F2400
G1 X121.6752 Y108.7466 Z0.5250 E0.01425 F2400
G1 X121.9037 Y108.8572 Z0.5250 E0.01425 F2400
G1 X122.1293 Y108.9738 Z0.5250 E0.01425 F2400
G1 X122.3519 Y109.0963 Z0.5250 E0.01426 F2400
G1 X122.5711 Y109.2247 Z0.5250 E0.01426 F2400
G1 X122.7870 Y109.3587 Z0.5250 E0.01426 F2400
G1 X122.9994 Y109.4983 Z0.5250 E0.01427 F2400
G1 X123.2080 Y109.6435 Z0.5250 E0.01427 F2400
G1 X123.4129 Y109.7942 Z0.5250 E0.01427 F2400
G1 X123.6137 Y109.9502 Z0.5250 E0.01427 F2400
G1 X123.8105 Y110.1114 Z0.5250 E0.01428 F2400
G1 X124.0030 Y110.2777 Z0.5250 E0.01428 F2400
G1 X124.1911 Y110.4491 Z0.5250 E0.01428 F2400
G1 X124.3746 Y110.6254 Z0.5250 E0.01428 F2400
G1 X124.5536 Y110.8064 Z0.5250 E0.01429 F2400
G1 X124.7278 Y110.9921 Z0.5250 E0.01429 F2400
G1 X124.8971 Y111.1823 Z0.5250 E0.01429 F2400
G1 X125.0613 Y111.3769 Z0.5250 E0.01430 F2400
G1 X125.2205 Y111.5758 Z0.5250 E0.01430 F2400
G1 X125.3744 Y111.7789 Z0.5250 E0.01430 F2400
G1 X125.5230 Y111.9859 Z0.5250 E0.01430 F2400
G1 X125.6662 Y112.1968 Z0.5250 E0.01431 F2400
G1 X125.8038 Y112.4114 Z0.5250 E0.01431 F2400
G1 X125.9357 Y112.6296 Z0.5250 E0.01431 F2400
G1 X126.0620 Y112.8512 Z0.5250 E0.01431 F2400
G1 X126.1824 Y113.0761 Z0.5250 E0.01432 F2400
G1 X126.2969 Y113.3041 Z0.5250 E0.01432 F2400
G1 X126.4054 Y113.5351 Z0.5250 E0.01432 F2400
G1 X126.5078 Y113.7688 Z0.5250 E0.01433 F2400
G1 X126.6041 Y114.0052 Z0.5250 E0.01433 F2400
G1 X126.6942 Y114.2441 Z0.5250 E0.01433 F2400
G1 X126.7781 Y114.4854 Z0.5250 E0.01433 F2400
G1 X126.8556 Y114.7287 Z0.5250 E0.01434 F2400
G1 X126.9267 Y114.9741 Z0.5250 E0.01434 F2400
G1 X126.9914 Y115.2213 Z0.5250 E0.01434 F2400
G1 X127.0496 Y115.4702 Z0.5250 E0.01434 F2400
G1 X127.1013 Y115.7205 Z0.5250 E0.01435 F2400
G1 X127.1464 Y115.9722 Z0.5250 E0.01435 F2400
G1 X127.1849 Y116.2250 Z0.5250 E0.01435 F2400
G1 X127.2168 Y116.4787 Z0.5250 E0.01436 F2400
G1 X127.2421 Y116.7333 Z0.5250 E0.01436 F2400
G1 X127.2607 Y116.9885 Z0.5250 E0.01436 F2400
G1 X127.2726 Y117.2441 Z0.5250 E0.01436 F2400
G1 X127.2778 Y117.5000 Z0.5250 E0.01437 F2400
G1 X127.2763 Y117.7560 Z0.5250 E0.01437 F2400
G1 X127.2681 Y118.0119 Z0.5250 E0.01437 F2400
G1 X127.2532 Y118.2676 Z0.5250 E0.01437 F2400
G1 X127.2316 Y118.5228 Z0.5250 E0.01438 F2400
G1 X127.2033 Y118.7775 Z0.5250 E0.01438 F2400
G1 X127.1684 Y119.0313 Z0.5250 E0.01438 F2400
G1 X127.1268 Y119.2842 Z0.5250 E0.01438 F2400
G1 X127.0786 Y119.5360 Z0.5250 E0.01439 F2400
G1 X127.0238 Y119.7865 Z0.5250 E0.01439 F2400
G1 X126.9625 Y120.0355 Z0.5250 E0.01439 F2400
G1 X126.8947 Y120.2828 Z0.5250 E0.01440 F2400
G1 X126.8204 Y120.5284 Z0.5250 E0.01440 F2400
G1 X126.7396 Y120.7719 Z0.5250 E0.01440 F2400
G1 X126.6525 Y121.0133 Z0.5250 E0.01440 F2400
G1 X126.5592 Y121.2524 Z0.5250 E0.01441 F2400
G1 X126.4595 Y121.4890 Z0.5250 E0.01441 F2400
G1 X126.3537 Y121.7230 Z0.5250 E0.01441 F2400
G1 X126.2418 Y121.9542 Z0.5250 E0.01441 F2400
G1 X126.1238 Y122.1823 Z0.5250 E0.01442 F2400
G1 X125.9999 Y122.4074 Z0.5250 E0.01442 F2400
G1 X125.8701 Y122.6292 Z0.5250 E0.01442 F2400
G1 X125.7345 Y122.8475 Z0.5250 E0.01443 F2400
G1 X125.5932 Y123.0623 Z0.5250 E0.01443 F2400
G1 X125.4463 Y123.2734 Z0.5250 E0.01443 F2400
G1 X125.2940 Y123.4805 Z0.5250 E0.01443 F2400
G1 X125.1362 Y123.6837 Z0.5250 E0.01444 F2400
G1 X124.9731 Y123.8826 Z0.5250 E0.01444 F2400
G1 X124.8048 Y124.0773 Z0.5250 E0.01444 F2400
G1 X124.6315 Y124.2675 Z0.5250 E0.01444 F2400
G1 X124.4532 Y124.4532 Z0.5250 E0.01445 F2400
G1 X124.2701 Y124.6342 Z0.5250 E0.01445 F2400
G1 X124.0823 Y124.8103 Z0.5250 E0.01445 F2400
G1 X123.8898 Y124.9815 Z0.5250 E0.01446 F2400
G1 X123.6930 Y125.1477 Z0.5250 E0.01446 F2400
G1 X123.4918 Y125.3087 Z0.5250 E0.01446 F2400
G1 X123.2864 Y125.4643 Z0.5250 E0.01446 F2400
G1 X123.0770 Y125.6146 Z0.5250 E0.01447 F2400
G1 X122.8637 Y125.7594 Z0.5250 E0.01447 F2400
G1 X122.6466 Y125.8985 Z0.5250 E0.01447 F2400
G1 X122.4259 Y126.0320 Z0.5250 E0.01447 F2400
G1 X122.2018 Y126.1596 Z0.5250 E0.01448 F2400
G1 X121.9743 Y126.2814 Z0.5250 E0.01448 F2400
G1 X121.7437 Y126.3972 Z0.5250 E0.01448 F2400
G1 X121.5101 Y126.5069 Z0.5250 E0.01449 F2400
G1 X121.2737 Y126.6105 Z0.5250 E0.01449 F2400
G1 X121.0346 Y126.7079 Z0.5250 E0.01449 F2400
G1 X120.7929 Y126.7990 Z0.5250 E0.01449 F2400
G1 X120.5490 Y126.8838 Z0.5250 E0.01450 F2400
G1 X120.3028 Y126.9621 Z0.5250 E0.01450 F2400
G1 X120.0546 Y127.0340 Z0.5250 E0.01450 F2400
G1 X119.8046 Y127.0995 Z0.5250 E0.01450 F2400
G1 X119.5529 Y127.1583 Z0.5250 E0.01451 F2400
G1 X119.2997 Y127.2106 Z0.5250 E0.01451 F2400
G1 X119.0452 Y127.2562 Z0.5250 E0.01451 F2400
G1 X118.7896 Y127.2951 Z0.5250 E0.01452 F2400
G1 X118.5329 Y127.3273 Z0.5250 E0.01452 F2400
G1 X118.2754 Y127.3529 Z0.5250 E0.01452 F2400
G1 X118.0174 Y127.3716 Z0.5250 E0.01452 F2400
G1 X117.7588 Y127.3836 Z0.5250 E0.01453 F2400
G1 X117.5000 Y127.3889 Z0.5250 E0.01453 F2400
G1 X117.2411 Y127.3874 Z0.5250 E0.01453 F2400
G1 X116.9823 Y127.3790 Z0.5250 E0.01453 F2400
G1 X116.7237 Y127.3639 Z0.5250 E0.01454 F2400
G1 X116.4656 Y127.3421 Z0.5250 E0.01454 F2400
G1 X116.2080 Y127.3135 Z0.5250 E0.01454 F2400
G1 X115.9513 Y127.2781 Z0.5250 E0.01455 F2400
G1 X115.6955 Y127.2360 Z0.5250 E0.01455 F2400
G1 X115.4409 Y127.1873 Z0.5250 E0.01455 F2400
G1 X115.1876 Y127.1319 Z0.5250 E0.01455 F2400
G1 X114.9358 Y127.0698 Z0.5250 E0.01456 F2400
G1 X114.6856 Y127.0012 Z0.5250 E0.01456 F2400
G1 X114.4373 Y126.9260 Z0.5250 E0.01456 F2400
G1 X114.1910 Y126.8444 Z0.5250 E0.01456 F2400
G1 X113.9468 Y126.7563 Z0.5250 E0.01457 F2400
G1 X113.7051 Y126.6618 Z0.5250 E0.01457 F2400
G1 X113.4658 Y126.5610 Z0.5250 E0.01457 F2400
G1 X113.2292 Y126.4540 Z0.5250 E0.01458 F2400
G1 X112.9954 Y126.3408 Z0.5250 E0.01458 F2400
G1 X112.7646 Y126.2214 Z0.5250 E0.01458 F2400
G1 X112.5370 Y126.0961 Z0.5250 E0.01458 F2400
G1 X112.3128 Y125.9648 Z0.5250 E0.01459 F2400
G1 X112.0919 Y125.8277 Z0.5250 E0.01459 F2400
G1 X111.8747 Y125.6848 Z0.5250 E0.01459 F2400
G1 X111.6613 Y125.5362 Z0.5250 E0.01459 F2400
G1 X111.4518 Y125.3821 Z0.5250 E0.01460 F2400
G1 X111.2464 Y125.2225 Z0.5250 E0.01460 F2400
G1 X111.0452 Y125.0576 Z0.5250 E0.01460 F2400
G1 X110.8483 Y124.8874 Z0.5250 E0.01461 F2400
G1 X110.6560 Y124.7121 Z0.5250 E0.01461 F2400
G1 X110.4682 Y124.5318 Z0.5250 E0.01461 F2400
G1 X110.2852 Y124.3466 Z0.5250 E0.01461 F2400
G1 X110.1071 Y124.1566 Z0.5250 E0.01462 F2400
G1 X109.9340 Y123.9620 Z0.5250 E0.01462 F2400
G1 X109.7660 Y123.7629 Z0.5250 E0.01462 F2400
G1 X109.6032 Y123.5594 Z0.5250 E0.01462 F2400
G1 X109.4458 Y123.3517 Z0.5250 E0.01463 F2400
G1 X109.2938 Y123.1399 Z0.5250 E0.01463 F2400
G1 X109.1475 Y122.9242 Z0.5250 E0.01463 F2400
G1 X109.0068 Y122.7047 Z0.5250 E0.01464 F2400
G1 X108.8718 Y122.4815 Z0.5250 E0.01464 F2400
G1 X108.7428 Y122.2548 Z0.5250 E0.01464 F2400
G1 X108.6196 Y122.0248 Z0.5250 E0.01464 F2400
G1 X108.5026 Y121.7916 Z0.5250 E0.01465 F2400
G1 X108.3916 Y121.5553 Z0.5250 E0.01465 F2400
G1 X108.2869 Y121.3162 Z0.5250 E0.01465 F2400
G1 X108.1884 Y121.0744 Z0.5250 E0.01465 F2400
G1 X108.0963 Y120.8300 Z0.5250 E0.01466 F2400
G1 X108.0106 Y120.5833 Z0.5250 E0.01466 F2400
G1 X107.9313 Y120.3344 Z0.5250 E0.01466 F2400
G1 X107.8586 Y120.0834 Z0.5250 E0.01467 F2400
G1 X107.7925 Y119.8306 Z0.5250 E0.01467 F2400
G1 X107.7330 Y119.5760 Z0.5250 E0.01467 F2400
G1 X107.6802 Y119.3200 Z0.5250 E0.01467 F2400
G1 X107.6341 Y119.0626 Z0.5250 E0.01468 F2400
G1 X107.5947 Y118.8041 Z0.5250 E0.01468 F2400
G1 X107.5621 Y118.5445 Z0.5250 E0.01468 F2400
G1 X107.5364 Y118.2842 Z0.5250 E0.01468 F2400
G1 X107.5174 Y118.0232 Z0.5250 E0.01469 F2400
G1 X107.5053 Y117.7617 Z0.5250 E0.01469 F2400
G1 X107.5000 Y117.5000 Z0.5250 E0.01469 F2400
G1 X107.5016 Y117.2382 Z0.5250 E0.01470 F2400
G1 X107.5100 Y116.9764 Z0.5250 E0.01470 F2400
G1 X107.5253 Y116.7150 Z0.5250 E0.01470 F2400
G1 X107.5474 Y116.4539 Z0.5250 E0.01470 F2400
G1 X107.5764 Y116.1935 Z0.5250 E0.01471 F2400
G1 X107.6121 Y115.9339 Z0.5250 E0.01471 F2400
G1 X107.6547 Y115.6753 Z0.5250 E0.01471 F2400
G1 X107.7040 Y115.4178 Z0.5250 E0.01471 F2400
G1 X107.7601 Y115.1617 Z0.5250 E0.01472 F2400
G1 X107.8229 Y114.9070 Z0.5250 E0.01472 F2400
G1 X107.8923 Y114.6541 Z0.5250 E0.01472 F2400
G1 X107.9683 Y114.4030 Z0.5250 E0.01473 F2400
G1 X108.0509 Y114.1539 Z0.5250 E0.01473 F2400
G1 X108.1400 Y113.9070 Z0.5250 E0.01473 F2400
G1 X108.2355 Y113.6625 Z0.5250 E0.01473 F2400
G1 X108.3375 Y113.4206 Z0.5250 E0.01474 F2400
G1 X108.4457 Y113.1813 Z0.5250 E0.01474 F2400
G1 X108.5602 Y112.9450 Z0.5250 E0.01474 F2400
G1 X108.6809 Y112.7116 Z0.5250 E0.01474 F2400
G1 X108.8077 Y112.4815 Z0.5250 E0.01475 F2400
G1 X108.9404 Y112.2547 Z0.5250 E0.01475 F2400
G1 X109.0791 Y112.0314 Z0.5250 E0.01475 F2400
G1 X109.2236 Y111.8118 Z0.5250 E0.01476 F2400
G1 X109.3739 Y111.5960 Z0.5250 E0.01476 F2400
G1 X109.5297 Y111.3842 Z0.5250 E0.01476 F2400
G1 X109.6911 Y111.1765 Z0.5250 E0.01476 F2400
G1 X109.8579 Y110.9730 Z0.5250 E0.01477 F2400
G1 X110.0300 Y110.7740 Z0.5250 E0.01477 F2400
G1 X110.2073 Y110.5795 Z0.5250 E0.01477 F2400
G1 X110.3896 Y110.3896 Z0.5250 E0.01477 F2400
G1 X110.5769 Y110.2046 Z0.5250 E0.01478 F2400
G1 X110.7690 Y110.0245 Z0.5250 E0.01478 F2400
G1 X110.9658 Y109.8495 Z0.5250 E0.01478 F2400
G1 X111.1672 Y109.6796 Z0.5250 E0.01478 F2400
G1 X111.3729 Y109.5150 Z0.5250 E0.01479 F2400
G1 X111.5830 Y109.3559 Z0.5250 E0.01479 F2400
G1 X111.7971 Y109.2023 Z0.5250 E0.01479 F2400
G1 X112.0153 Y109.0543 Z0.5250 E0.01480 F2400
G1 X112.2373 Y108.9120 Z0.5250 E0.01480 F2400
G1 X112.4630 Y108.7756 Z0.5250 E0.01480 F2400
G1 X112.6922 Y108.6451 Z0.5250 E0.01480 F2400
G1 X112.9248 Y108.5206 Z0.5250 E0.01481 F2400
G1 X113.1606 Y108.4023 Z0.5250 E0.01481 F2400
G1 X113.3995 Y108.2901 Z0.5250 E0.01481 F2400
G1 X113.6413 Y108.1842 Z0.5250 E0.01481 F2400
G1 X113.8858 Y108.0847 Z0.5250 E0.01482 F2400
G1 X114.1329 Y107.9915 Z0.5250 E0.01482 F2400
G1 X114.3824 Y107.9049 Z0.5250 E0.01482 F2400
G1 X114.6341 Y107.8248 Z0.5250 E0.01483 F2400
G1 X114.8878 Y107.7513 Z0.5250 E0.01483 F2400
G1 X115.1435 Y107.6845 Z0.5250 E0.01483 F2400
G1 X115.4009 Y107.6243 Z0.5250 E0.01483 F2400
G1 X115.6598 Y107.5709 Z0.5250 E0.01484 F2400
G1 X115.9200 Y107.5243 Z0.5250 E0.01484 F2400
G1 X116.1814 Y107.4846 Z0.5250 E0.01484 F2400
G1 X116.4439 Y107.4516 Z0.5250 E0.01484 F2400
G1 X116.7071 Y107.4256 Z0.5250 E0.01485 F2400
G1 X116.9710 Y107.4064 Z0.5250 E0.01485 F2400
G1 X117.2354 Y107.3942 Z0.5250 E0.01485 F2400
G1 X117.5000 Y107.3889 Z0.5250 E0.01486 F2400
G1 X117.7647 Y107.3905 Z0.5250 E0.01486 F2400
G1 X118.0294 Y107.3990 Z0.5250 E0.01486 F2400
G1 X118.2937 Y107.4145 Z0.5250 E0.01486 F2400
G1 X118.5577 Y107.4369 Z0.5250 E0.01487 F2400
G1 X118.8210 Y107.4662 Z0.5250 E0.01487 F2400
G1 X119.0835 Y107.5024 Z0.5250 E0.01487 F2400
G1 X119.3450 Y107.5455 Z0.5250 E0.01487 F2400
G1 X119.6053 Y107.5953 Z0.5250 E0.01488 F2400
G1 X119.8643 Y107.6521 Z0.5250 E0.01488 F2400
G1 X120.1217 Y107.7155 Z0.5250 E0.01488 F2400
G1 X120.3775 Y107.7857 Z0.5250 E0.01489 F2400
G1 X120.6314 Y107.8626 Z0.5250 E0.01489 F2400
G1 X120.8832 Y107.9462 Z0.5250 E0.01489 F2400
G1 X121.1328 Y108.0363 Z0.5250 E0.01489 F2400
G1 X121.3800 Y108.1329 Z0.5250 E0.01490 F2400
G1 X121.6246 Y108.2360 Z0.5250 E0.01490 F2400
G1 X121.8665 Y108.3454 Z0.5250 E0.01490 F2400
G1 X122.1055 Y108.4612 Z0.5250 E0.01490 F2400
G1 X122.3414 Y108.5833 Z0.5250 E0.01491 F2400
G1 X122.5741 Y108.7114 Z0.5250 E0.01491 F2400
G1 X122.8034 Y108.8457 Z0.5250 E0.01491 F2400
G1 X123.0291 Y108.9859 Z0.5250 E0.01492 F2400
G1 X123.2511 Y109.1321 Z0.5250 E0.01492 F2400
G1 X123.4693 Y109.2840 Z0.5250 E0.01492 F2400
G1 X123.6834 Y109.4416 Z0.5250 E0.01492 F2400
G1 X123.8934 Y109.6048 Z0.5250 E0.01493 F2400
G1 X124.0991 Y109.7734 Z0.5250 E0.01493 F2400
G1 X124.3003 Y109.9474 Z0.5250 E0.01493 F2400
G1 X124.4970 Y110.1267 Z0.5250 E0.01493 F2400
G1 X124.6889 Y110.3111 Z0.5250 E0.01494 F2400
G1 X124.8760 Y110.5005 Z0.5250 E0.01494 F2400
G1 X125.0581 Y110.6947 Z0.5250 E0.01494 F2400
G1 X125.2350 Y110.8937 Z0.5250 E0.01495 F2400
G1 X125.4067 Y111.0972 Z0.5250 E0.01495 F2400
G1 X125.5731 Y111.3053 Z0.5250 E0.01495 F2400
G1 X125.7340 Y111.5177 Z0.5250 E0.01495 F2400
G1 X125.8893 Y111.7342 Z0.5250 E0.01496 F2400
G1 X126.0389 Y111.9548 Z0.5250 E0.01496 F2400
G1 X126.1827 Y112.1792 Z0.5250 E0.01496 F2400
G1 X126.3206 Y112.4074 Z0.5250 E0.01496 F2400
G1 X126.4525 Y112.6392 Z0.5250 E0.01497 F2400
G1 X126.5784 Y112.8743 Z0.5250 E0.01497 F2400
G1 X126.6980 Y113.1128 Z0.5250 E0.01497 F2400
G1 X126.8114 Y113.3543 Z0.5250 E0.01498 F2400
G1 X126.9184 Y113.5988 Z0.5250 E0.01498 F2400
G1 X127.0191 Y113.8460 Z0.5250 E0.01498 F2400
G1 X127.1132 Y114.0958 Z0.5250 E0.01498 F2400
G1 X127.2008 Y114.3480 Z0.5250 E0.01499 F2400
G1 X127.2817 Y114.6025 Z0.5250 E0.01499 F2400
G1 X127.3560 Y114.8591 Z0.5250 E0.01499 F2400
G1 X127.4236 Y115.1176 Z0.5250 E0.01499 F2400
G1 X127.4844 Y115.3778 Z0.5250 E0.01500 F2400
G1 X127.5383 Y115.6395 Z0.5250 E0.01500 F2400
G1 X127.5854 Y115.9026 Z0.5250 E0.01500 F2400
G1 X127.6256 Y116.1669 Z0.5250 E0.01501 F2400
G1 X127.6589 Y116.4323 Z0.5250 E0.01501 F2400
G1 X127.6852 Y116.6984 Z0.5250 E0.01501 F2400
G1 X127.7045 Y116.9652 Z0.5250 E0.01501 F2400
G1 X127.7169 Y117.2325 Z0.5250 E0.01502 F2400
G1 X127.7222 Y117.5000 Z0.5250 E0.01502 F2400
G1 X127.7206 Y117.7676 Z0.5250 E0.01502 F2400
G1 X127.7119 Y118.0352 Z0.5250 E0.01502 F2400
G1 X127.6962 Y118.3025 Z0.5250 E0.01503 F2400
G1 X127.6736 Y118.5693 Z0.5250 E0.01503 F2400
G1 X127.6439 Y118.8355 Z0.5250 E0.01503 F2400
G1 X127.6073 Y119.1008 Z0.5250 E0.01504 F2400
G1 X127.5638 Y119.3652 Z0.5250 E0.01504 F2400
G1 X127.5133 Y119.6284 Z0.5250 E0.01504 F2400
G1 X127.4560 Y119.8902 Z0.5250 E0.01504 F2400
G1 X127.3918 Y120.1505 Z0.5250 E0.01505 F2400
G1 X127.3208 Y120.4091 Z0.5250 E0.01505 F2400
G1 X127.2430 Y120.6657 Z0.5250 E0.01505 F2400
G1 X127.1586 Y120.9203 Z0.5250 E0.01505 F2400
G1 X127.0675 Y121.1726 Z0.5250 E0.01506 F2400
G1 X126.9698 Y121.4225 Z0.5250 E0.01506 F2400
G1 X126.8655 Y121.6698 Z0.5250 E0.01506 F2400
G1 X126.7548 Y121.9143 Z0.5250 E0.01507 F2400
G1 X126.6378 Y122.1559 Z0.5250 E0.01507 F2400
G1 X126.5144 Y122.3944 Z0.5250 E0.01507 F2400
G1 X126.3848 Y122.6296 Z0.5250 E0.01507 F2400
G1 X126.2490 Y122.8614 Z0.5250 E0.01508 F2400
G1 X126.1072 Y123.0896 Z0.5250 E0.01508 F2400
G1 X125.9595 Y123.3141 Z0.5250 E0.01508 F2400
G1 X125.8059 Y123.5346 Z0.5250 E0.01508 F2400
G1 X125.6466 Y123.7511 Z0.5250 E0.01509 F2400
G1 X125.4816 Y123.9634 Z0.5250 E0.01509 F2400
G1 X125.3111 Y124.1713 Z0.5250 E0.01509 F2400
G1 X125.1351 Y124.3747 Z0.5250 E0.01510 F2400
G1 X124.9539 Y124.5735 Z0.5250 E0.01510 F2400
G1 X124.7675 Y124.7675 Z0.5250 E0.01510 F2400
G1 X124.5760 Y124.9566 Z0.5250 E0.01510 F2400
G1 X124.3797 Y125.1406 Z0.5250 E0.01511 F2400
G1 X124.1785 Y125.3195 Z0.5250 E0.01511 F2400
G1 X123.9727 Y125.4931 Z0.5250 E0.01511 F2400
G1 X123.7624 Y125.6613 Z0.5250 E0.01511 F2400
G1 X123.5477 Y125.8239 Z0.5250 E0.01512 F2400
G1 X123.3287 Y125.9809 Z0.5250 E0.01512 F2400
G1 X123.1057 Y126.1321 Z0.5250 E0.01512 F2400
G1 X122.8788 Y126.2775 Z0.5250 E0.01513 F2400
G1 X122.6481 Y126.4169 Z0.5250 E0.01513 F2400
G1 X122.4139 Y126.5502 Z0.5250 E0.01513 F2400
G1 X122.1761 Y126.6774 Z0.5250 E0.01513 F2400
G1 X121.9351 Y126.7983 Z0.5250 E0.01514 F2400
G1 X121.6909 Y126.9129 Z0.5250 E0.01514 F2400
G1 X121.4438 Y127.0211 Z0.5250 E0.01514 F2400
G1 X121.1938 Y127.1228 Z0.5250 E0.01514 F2400
G1 X120.9413 Y127.2179 Z0.5250 E0.01515 F2400
G1 X120.6863 Y127.3064 Z0.5250 E0.01515 F2400
G1 X120.4290 Y127.3883 Z0.5250 E0.01515 F2400
G1 X120.1697 Y127.4633 Z0.5250 E0.01516 F2400
G1 X119.9084 Y127.5316 Z0.5250 E0.01516 F2400
G1 X119.6453 Y127.5930 Z0.5250 E0.01516 F2400
G1 X119.3807 Y127.6476 Z0.5250 E0.01516 F2400
G1 X119.1148 Y127.6951 Z0.5250 E0.01517 F2400
G1 X118.8476 Y127.7358 Z0.5250 E0.01517 F2400
G1 X118.5794 Y127.7694 Z0.5250 E0.01517 F2400
G1 X118.3103 Y127.7959 Z0.5250 E0.01517 F2400
G1 X118.0406 Y127.8155 Z0.5250 E0.01518 F2400
G1 X117.7704 Y127.8279 Z0.5250 E0.01518 F2400
G1 X117.5000 Y127.8333 Z0.5250 E0.01518 F2400
G1 X117.2295 Y127.8316 Z0.5250 E0.01518 F2400
G1 X116.9590 Y127.8229 Z0.5250 E0.01519 F2400
G1 X116.6888 Y127.8070 Z0.5250 E0.01519 F2400
G1 X116.4191 Y127.7841 Z0.5250 E0.01519 F2400
G1 X116.1500 Y127.7541 Z0.5250 E0.01520 F2400
G1 X115.8818 Y127.7171 Z0.5250 E0.01520 F2400
G1 X115.6145 Y127.6730 Z0.5250 E0.01520 F2400
G1 X115.3485 Y127.6220 Z0.5250 E0.01520 F2400
G1 X115.0838 Y127.5640 Z0.5250 E0.01521 F2400
G1 X114.8207 Y127.4991 Z0.5250 E0.01521 F2400
G1 X114.5594 Y127.4273 Z0.5250 E0.01521 F2400
G1 X114.3000 Y127.3487 Z0.5250 E0.01521 F2400
G1 X114.0426 Y127.2633 Z0.5250 E0.01522 F2400
G1 X113.7876 Y127.1712 Z0.5250 E0.01522 F2400
G1 X113.5350 Y127.0724 Z0.5250 E0.01522 F2400
G1 X113.2850 Y126.9670 Z0.5250 E0.01523 F2400
G1 X113.0378 Y126.8551 Z0.5250 E0.01523 F2400
G1 X112.7936 Y126.7368 Z0.5250 E0.01523 F2400
G1 X112.5526 Y126.6120 Z0.5250 E0.01523 F2400
G1 X112.3148 Y126.4810 Z0.5250 E0.01524 F2400
G1 X112.0805 Y126.3438 Z0.5250 E0.01524 F2400
G1 X111.8499 Y126.2004 Z0.5250 E0.01524 F2400
G1 X111.6230 Y126.0511 Z0.5250 E0.01524 F2400
G1 X111.4001 Y125.8958 Z0.5250 E0.01525 F2400
G1 X111.1813 Y125.7347 Z0.5250 E0.01525 F2400
G1 X110.9667 Y125.5679 Z0.5250 E0.01525 F2400
G1 X110.7566 Y125.3955 Z0.5250 E0.01526 F2400
G1 X110.5510 Y125.2177 Z0.5250 E0.01526 F2400
G1 X110.3500 Y125.0345 Z0.5250 E0.01526 F2400
G1 X110.1539 Y124.8461 Z0.5250 E0.01526 F2400
G1 X109.9628 Y124.6525 Z0.5250 E0.01527 F2400
G1 X109.7768 Y124.4540 Z0.5250 E0.01527 F2400
G1 X109.5960 Y124.2507 Z0.5250 E0.01527 F2400
G1 X109.4206 Y124.0426 Z0.5250 E0.01527 F2400
G1 X109.2506 Y123.8300 Z0.5250 E0.01528 F2400
G1 X109.0862 Y123.6130 Z0.5250 E0.01528 F2400
G1 X108.9276 Y123.3917 Z0.5250 E0.01528 F2400
G1 X108.7747 Y123.1663 Z0.5250 E0.01529 F2400
G1 X108.6278 Y122.9369 Z0.5250 E0.01529 F2400
G1 X108.4869 Y122.7037 Z0.5250 E0.01529 F2400
G1 X108.3522 Y122.4669 Z0.5250 E0.01529 F2400
G1 X108.2236 Y122.2265 Z0.5250 E0.01530 F2400
G1 X108.1014 Y121.9829 Z0.5250 E0.01530 F2400
G1 X107.9856 Y121.7361 Z0.5250 E0.01530 F2400
G1 X107.8763 Y121.4863 Z0.5250 E0.01530 F2400
G1 X107.7735 Y121.2337 Z0.5250 E0.01531 F2400
G1 X107.6773 Y120.9784 Z0.5250 E0.01531 F2400
G1 X107.5879 Y120.7206 Z0.5250 E0.01531 F2400
G1 X107.5052 Y120.4606 Z0.5250 E0.01532 F2400
G1 X107.4293 Y120.1984 Z0.5250 E0.01532 F2400
G1 X107.3603 Y119.9343 Z0.5250 E0.01532 F2400
G1 X107.2983 Y119.6684 Z0.5250 E0.01532 F2400
G1 X107.2432 Y119.4010 Z0.5250 E0.01533 F2400
G1 X107.1951 Y119.1321 Z0.5250 E0.01533 F2400
G1 X107.1541 Y118.8621 Z0.5250 E0.01533 F2400
G1 X107.1201 Y118.5910 Z0.5250 E0.01533 F2400
G1 X107.0933 Y118.3190 Z0.5250 E0.01534 F2400
G1 X107.0736 Y118.0464 Z0.5250 E0.01534 F2400
G1 X107.0610 Y117.7734 Z0.5250 E0.01534 F2400
G1 X107.0556 Y117.5000 Z0.5250 E0.01535 F2400
G1 X107.0573 Y117.2265 Z0.5250 E0.01535 F2400
G1 X107.0662 Y116.9532 Z0.5250 E0.01535 F2400
G1 X107.0822 Y116.6801 Z0.5250 E0.01535 F2400
G1 X107.1054 Y116.4075 Z0.5250 E0.01536 F2400
G1 X107.1357 Y116.1355 Z0.5250 E0.01536 F2400
G1 X107.1732 Y115.8644 Z0.5250 E0.01536 F2400
G1 X107.2177 Y115.5943 Z0.5250 E0.01536 F2400
G1 X107.2693 Y115.3254 Z0.5250 E0.01537 F2400
G1 X107.3279 Y115.0579 Z0.5250 E0.01537 F2400
G1 X107.3936 Y114.7920 Z0.5250 E0.01537 F2400
G1 X107.4661 Y114.5278 Z0.5250 E0.01538 F2400
G1 X107.5456 Y114.2656 Z0.5250 E0.01538 F2400
G1 X107.6319 Y114.0055 Z0.5250 E0.01538 F2400
G1 X107.7251 Y113.7478 Z0.5250 E0.01538 F2400
G1 X107.8249 Y113.4925 Z0.5250 E0.01539 F2400
G1 X107.9315 Y113.2398 Z0.5250 E0.01539 F2400
G1 X108.0446 Y112.9900 Z0.5250 E0.01539 F2400
G1 X108.1642 Y112.7432 Z0.5250 E0.01539 F2400
G1 X108.2903 Y112.4996 Z0.5250 E0.01540 F2400
G1 X108.4228 Y112.2593 Z0.5250 E0.01540 F2400
G1 X108.5615 Y112.0225 Z0.5250 E0.01540 F2400
G1 X108.7064 Y111.7894 Z0.5250 E0.01541 F2400
G1 X108.8574 Y111.5601 Z0.5250 E0.01541 F2400
G1 X109.0143 Y111.3348 Z0.5250 E0.01541 F2400
G1 X109.1771 Y111.1136 Z0.5250 E0.01541 F2400
G1 X109.3457 Y110.8968 Z0.5250 E0.01542 F2400
G1 X109.5200 Y110.6844 Z0.5250 E0.01542 F2400
G1 X109.6997 Y110.4766 Z0.5250 E0.01542 F2400
G1 X109.8849 Y110.2736 Z0.5250 E0.01542 F2400
G1 X110.0754 Y110.0754 Z0.5250 E0.01543 F2400
G1 X110.2710 Y109.8822 Z0.5250 E0.01543 F2400
G1 X110.4717 Y109.6942 Z0.5250 E0.01543 F2400
G1 X110.6772 Y109.5115 Z0.5250 E0.01544 F2400
G1 X110.8875 Y109.3342 Z0.5250 E0.01544 F2400
G1 X111.1024 Y109.1624 Z0.5250 E0.01544 F2400
G1 X111.3217 Y108.9963 Z0.5250 E0.01544 F2400
G1 X111.5454 Y108.8360 Z0.5250 E0.01545 F2400
G1 X111.7732 Y108.6815 Z0.5250 E0.01545 F2400
G1 X112.0051 Y108.5331 Z0.5250 E0.01545 F2400
G1 X112.2407 Y108.3907 Z0.5250 E0.01545 F2400
G1 X112.4801 Y108.2545 Z0.5250 E0.01546 F2400
G1 X112.7230 Y108.1246 Z0.5250 E0.01546 F2400
G1 X112.9693 Y108.0011 Z0.5250 E0.01546 F2400
G1 X113.2187 Y107.8841 Z0.5250 E0.01547 F2400
G1 X113.4712 Y107.7736 Z0.5250 E0.01547 F2400
G1 X113.7265 Y107.6697 Z0.5250 E0.01547 F2400
G1 X113.9845 Y107.5726 Z0.5250 E0.01547 F2400
G1 X114.2450 Y107.4822 Z0.5250 E0.01548 F2400
G1 X114.5078 Y107.3987 Z0.5250 E0.01548 F2400
G1 X114.7728 Y107.3220 Z0.5250 E0.01548 F2400
G1 X115.0397 Y107.2523 Z0.5250 E0.01548 F2400
G1 X115.3085 Y107.1896 Z0.5250 E0.01549 F2400
G1 X115.5788 Y107.1339 Z0.5250 E0.01549 F2400
G1 X115.8505 Y107.0854 Z0.5250 E0.01549 F2400
G1 X116.1234 Y107.0439 Z0.5250 E0.01550 F2400
G1 X116.3974 Y107.0096 Z0.5250 E0.01550 F2400
G1 X116.6723 Y106.9825 Z0.5250 E0.01550 F2400
G1 X116.9478 Y106.9626 Z0.5250 E0.01550 F2400
G1 X117.2237 Y106.9499 Z0.5250 E0.01551 F2400
G1 X117.5000 Y106.9444 Z0.5250 E0.01551 F2400
G1 X117.7764 Y106.9462 Z0.5250 E0.01551 F2400
G1 X118.0526 Y106.9552 Z0.5250 E0.01551 F2400
G1 X118.3286 Y106.9714 Z0.5250 E0.01552 F2400
G1 X118.6041 Y106.9949 Z0.5250 E0.01552 F2400
G1 X118.8790 Y107.0256 Z0.5250 E0.01552 F2400
G1 X119.1530 Y107.0634 Z0.5250 E0.01553 F2400
G1 X119.4260 Y107.1085 Z0.5250 E0.01553 F2400
G1 X119.6977 Y107.1606 Z0.5250 E0.01553 F2400
G1 X119.9680 Y107.2199 Z0.5250 E0.01553 F2400
G1 X120.2368 Y107.2862 Z0.5250 E0.01554 F2400
G1 X120.5037 Y107.3596 Z0.5250 E0.01554 F2400
G1 X120.7687 Y107.4399 Z0.5250 E0.01554 F2400
G1 X121.0316 Y107.5272 Z0.5250 E0.01554 F2400
G1 X121.2921 Y107.6213 Z0.5250 E0.01555 F2400
G1 X121.5501 Y107.7223 Z0.5250 E0.01555 F2400
G1 X121.8054 Y107.8300 Z0.5250 E0.01555 F2400
G1 X122.0578 Y107.9443 Z0.5250 E0.01556 F2400
G1 X122.3073 Y108.0652 Z0.5250 E0.01556 F2400
G1 X122.5535 Y108.1927 Z0.5250 E0.01556 F2400
G1 X122.7963 Y108.3265 Z0.5250 E0.01556 F2400
G1 X123.0356 Y108.4668 Z0.5250 E0.01557 F2400
G1 X123.2712 Y108.6132 Z0.5250 E0.01557 F2400
G1 X123.5029 Y108.7658 Z0.5250 E0.01557 F2400
G1 X123.7305 Y108.9244 Z0.5250 E0.01557 F2400
G1 X123.9540 Y109.0890 Z0.5250 E0.01558 F2400
G1 X124.1731 Y109.2594 Z0.5250 E0.01558 F2400
G1 X124.3878 Y109.4355 Z0.5250 E0.01558 F2400
G1 X124.5977 Y109.6172 Z0.5250 E0.01558 F2400
G1 X124.8029 Y109.8043 Z0.5250 E0.01559 F2400
G1 X125.0032 Y109.9968 Z0.5250 E0.01559 F2400
G1 X125.1984 Y110.1945 Z0.5250 E0.01559 F2400
G1 X125.3883 Y110.3973 Z0.5250 E0.01560 F2400
G1 X125.5730 Y110.6050 Z0.5250 E0.01560 F2400
G1 X125.7521 Y110.8175 Z0.5250 E0.01560 F2400
G1 X125.9257 Y111.0347 Z0.5250 E0.01560 F2400
G1 X126.0936 Y111.2564 Z0.5250 E0.01561 F2400
G1 X126.2556 Y111.4825 Z0.5250 E0.01561 F2400
G1 X126.4117 Y111.7127 Z0.5250 E0.01561 F2400
G1 X126.5617 Y111.9470 Z0.5250 E0.01561 F2400
G1 X126.7055 Y112.1852 Z0.5250 E0.01562 F2400
G1 X126.8431 Y112.4271 Z0.5250 E0.01562 F2400
G1 X126.9744 Y112.6726 Z0.5250 E0.01562 F2400
G1 X127.0992 Y112.9214 Z0.5250 E0.01563 F2400
G1 X127.2174 Y113.1735 Z0.5250 E0.01563 F2400
G1 X127.3291 Y113.4287 Z0.5250 E0.01563 F2400
G1 X127.4340 Y113.6867 Z0.5250 E0.01563 F2400
G1 X127.5321 Y113.9474 Z0.5250 E0.01564 F2400
G1 X127.6235 Y114.2107 Z0.5250 E0.01564 F2400
G1 X127.7079 Y114.4763 Z0.5250 E0.01564 F2400
G1 X127.7853 Y114.7441 Z0.5250 E0.01564 F2400
G1 X127.8557 Y115.0138 Z0.5250 E0.01565 F2400
G1 X127.9191 Y115.2854 Z0.5250 E0.01565 F2400
G1 X127.9753 Y115.5585 Z0.5250 E0.01565 F2400
G1 X128.0244 Y115.8331 Z0.5250 E0.01566 F2400
G1 X128.0662 Y116.1089 Z0.5250 E0.01566 F2400
G1 X128.1009 Y116.3858 Z0.5250 E0.01566 F2400
G1 X128.1282 Y116.6635 Z0.5250 E0.01566 F2400
G1 X128.1483 Y116.9419 Z0.5250 E0.01567 F2400
G1 X128.1612 Y117.2208 Z0.5250 E0.01567 F2400
G1 X128.1667 Y117.5000 Z0.5250 E0.01567 F2400
G1 X128.1649 Y117.7793 Z0.5250 E0.01567 F2400
G1 X128.1557 Y118.0584 Z0.5250 E0.01568 F2400
G1 X128.1393 Y118.3373 Z0.5250 E0.01568 F2400
G1 X128.1156 Y118.6157 Z0.5250 E0.01568 F2400
G1 X128.0846 Y118.8935 Z0.5250 E0.01569 F2400
G1 X128.0463 Y119.1704 Z0.5250 E0.01569 F2400
G1 X128.0008 Y119.4462 Z0.5250 E0.01569 F2400
G1 X127.9481 Y119.7208 Z0.5250 E0.01569 F2400
G1 X127.8882 Y119.9940 Z0.5250 E0.01570 F2400
G1 X127.8211 Y120.2655 Z0.5250 E0.01570 F2400
G1 X127.7469 Y120.5353 Z0.5250 E0.01570 F2400
G1 X127.6657 Y120.8030 Z0.5250 E0.01570 F2400
G1 X127.5775 Y121.0686 Z0.5250 E0.01571 F2400
G1 X127.4824 Y121.3319 Z0.5250 E0.01571 F2400
G1 X127.3804 Y121.5926 Z0.5250 E0.01571 F2400
G1 X127.2716 Y121.8506 Z0.5250 E0.01572 F2400
G1 X127.1560 Y122.1057 Z0.5250 E0.01572 F2400
G1 X127.0338 Y122.3577 Z0.5250 E0.01572 F2400
G1 X126.9050 Y122.6065 Z0.5250 E0.01572 F2400
G1 X126.7697 Y122.8519 Z0.5250 E0.01573 F2400
G1 X126.6280 Y123.0936 Z0.5250 E0.01573 F2400
G1 X126.4800 Y123.3317 Z0.5250 E0.01573 F2400
G1 X126.3258 Y123.5658 Z0.5250 E0.01573 F2400
G1 X126.1655 Y123.7958 Z0.5250 E0.01574 F2400
G1 X125.9992 Y124.0216 Z0.5250 E0.01574 F2400
G1 X125.8270 Y124.2431 Z0.5250 E0.01574 F2400
G1 X125.6490 Y124.4599 Z0.5250 E0.01575 F2400
G1 X125.4654 Y124.6721 Z0.5250 E0.01575 F2400
G1 X125.2763 Y124.8794 Z0.5250 E0.01575 F2400
G1 X125.0818 Y125.0818 Z0.5250 E0.01575 F2400
G1 X124.8820 Y125.2790 Z0.5250 E0.01576 F2400
G1 X124.6770 Y125.4709 Z0.5250 E0.01576 F2400
G1 X124.4671 Y125.6575 Z0.5250 E0.01576 F2400
G1 X124.2524 Y125.8385 Z0.5250 E0.01576 F2400
G1 X124.0329 Y126.0139 Z0.5250 E0.01577 F2400
G1 X123.8089 Y126.1834 Z0.5250 E0.01577 F2400
G1 X123.5805 Y126.3471 Z0.5250 E0.01577 F2400
G1 X123.3478 Y126.5048 Z0.5250 E0.01578 F2400
G1 X123.1111 Y126.6564 Z0.5250 E0.01578 F2400
G1 X122.8704 Y126.8018 Z0.5250 E0.01578 F2400
G1 X122.6259 Y126.9408 Z0.5250 E0.01578 F2400
G1 X122.3779 Y127.0734 Z0.5250 E0.01579 F2400
G1 X122.1264 Y127.1994 Z0.5250 E0.01579 F2400
G1 X121.8717 Y127.3189 Z0.5250 E0.01579 F2400
G1 X121.6138 Y127.4317 Z0.5250 E0.01579 F2400
G1 X121.3531 Y127.5377 Z0.5250 E0.01580 F2400
G1 X121.0897 Y127.6369 Z0.5250 E0.01580 F2400
G1 X120.8236 Y127.7291 Z0.5250 E0.01580 F2400
G1 X120.5553 Y127.8144 Z0.5250 E0.01581 F2400
G1 X120.2847 Y127.8926 Z0.5250 E0.01581 F2400
G1 X120.0121 Y127.9638 Z0.5250 E0.01581 F2400
G1 X119.7377 Y128.0278 Z0.5250 E0.01581 F2400
G1 X119.4617 Y128.0846 Z0.5250 E0.01582 F2400
G1 X119.1843 Y128.1341 Z0.5250 E0.01582 F2400
G1 X118.9056 Y128.1764 Z0.5250 E0.01582 F2400
G1 X118.6258 Y128.2114 Z0.5250 E0.01582 F2400
G1 X118.3452 Y128.2390 Z0.5250 E0.01583 F2400
G1 X118.0639 Y128.2593 Z0.5250 E0.01583 F2400
G1 X117.7821 Y128.2722 Z0.5250 E0.01583 F2400
G1 X117.5000 Y128.2778 Z0.5250 E0.01584 F2400
G1 X117.2178 Y128.2759 Z0.5250 E0.01584 F2400
G1 X116.9357 Y128.2667 Z0.5250 E0.01584 F2400
G1 X116.6539 Y128.2501 Z0.5250 E0.01584 F2400
G1 X116.3726 Y128.2261 Z0.5250 E0.01585 F2400
G1 X116.0920 Y128.1948 Z0.5250 E0.01585 F2400
G1 X115.8122 Y128.1561 Z0.5250 E0.01585 F2400
G1 X115.5335 Y128.1100 Z0.5250 E0.01585 F2400
G1 X115.2561 Y128.0567 Z0.5250 E0.01586 F2400
G1 X114.9801 Y127.9962 Z0.5250 E0.01586 F2400
G1 X114.7057 Y127.9284 Z0.5250 E0.01586 F2400
G1 X114.4332 Y127.8535 Z0.5250 E0.01587 F2400
G1 X114.1626 Y127.7714 Z0.5250 E0.01587 F2400
G1 X113.8943 Y127.6823 Z0.5250 E0.01587 F2400
G1 X113.6283 Y127.5861 Z0.5250 E0.01587 F2400
G1 X113.3649 Y127.4830 Z0.5250 E0.01588 F2400
G1 X113.1042 Y127.3731 Z0.5250 E0.01588 F2400
G1 X112.8465 Y127.2563 Z0.5250 E0.01588 F2400
G1 X112.5919 Y127.1328 Z0.5250 E0.01588 F2400
G1 X112.3405 Y127.0026 Z0.5250 E0.01589 F2400
G1 X112.0926 Y126.8659 Z0.5250 E0.01589 F2400
G1 X111.8483 Y126.7227 Z0.5250 E0.01589 F2400
G1 X111.6078 Y126.5732 Z0.5250 E0.01590 F2400
G1 X111.3713 Y126.4174 Z0.5250 E0.01590 F2400
G1 X111.1389 Y126.2554 Z0.5250 E0.01590 F2400
G1 X110.9107 Y126.0873 Z0.5250 E0.01590 F2400
G1 X110.6870 Y125.9133 Z0.5250 E0.01591 F2400
G1 X110.4679 Y125.7335 Z0.5250 E0.01591 F2400
G1 X110.2536 Y125.5480 Z0.5250 E0.01591 F2400
G1 X110.0441 Y125.3569 Z0.5250 E0.01591 F2400
G1 X109.8397 Y125.1603 Z0.5250 E0.01592 F2400
G1 X109.6404 Y124.9584 Z0.5250 E0.01592 F2400
G1 X109.4465 Y124.7514 Z0.5250 E0.01592 F2400
G1 X109.2580 Y124.5393 Z0.5250 E0.01593 F2400
G1 X109.0752 Y124.3223 Z0.5250 E0.01593 F2400
G1 X108.8980 Y124.1006 Z0.5250 E0.01593 F2400
G1 X108.7267 Y123.8742 Z0.5250 E0.01593 F2400
G1 X108.5613 Y123.6434 Z0.5250 E0.01594 F2400
G1 X108.4020 Y123.4083 Z0.5250 E0.01594 F2400
G1 X108.2489 Y123.1691 Z0.5250 E0.01594 F2400
G1 X108.1020 Y122.9259 Z0.5250 E0.01594 F2400
G1 X107.9616 Y122.6789 Z0.5250 E0.01595 F2400
G1 X107.8276 Y122.4283 Z0.5250 E0.01595 F2400
G1 X107.7003 Y122.1742 Z0.5250 E0.01595 F2400
G1 X107.5796 Y121.9169 Z0.5250 E0.01595 F2400
G1 X107.4656 Y121.6564 Z0.5250 E0.01596 F2400
G1 X107.3586 Y121.3929 Z0.5250 E0.01596 F2400
G1 X107.2584 Y121.1267 Z0.5250 E0.01596 F2400
G1 X107.1652 Y120.8580 Z0.5250 E0.01597 F2400
G1 X107.0790 Y120.5868 Z0.5250 E0.01597 F2400
G1 X107.0000 Y120.3135 Z0.5250 E0.01597 F2400
G1 X106.9282 Y120.0381 Z0.5250 E0.01597 F2400
G1 X106.8636 Y119.7608 Z0.5250 E0.01598 F2400
G1 X106.8062 Y119.4820 Z0.5250 E0.01598 F2400
G1 X106.7561 Y119.2017 Z0.5250 E0.01598 F2400
G1 X106.7134 Y118.9201 Z0.5250 E0.01598 F2400
G1 X106.6781 Y118.6374 Z0.5250 E0.01599 F2400
G1 X106.6502 Y118.3539 Z0.5250 E0.01599 F2400
G1 X106.6297 Y118.0697 Z0.5250 E0.01599 F2400
G1 X106.6167 Y117.7850 Z0.5250 E0.01600 F2400
G1 X106.6111 Y117.5000 Z0.5250 E0.01600 F2400
G1 X106.6130 Y117.2149 Z0.5250 E0.01600 F2400
G1 X106.6223 Y116.9299 Z0.5250 E0.01600 F2400
G1 X106.6391 Y116.6452 Z0.5250 E0.01601 F2400
G1 X106.6634 Y116.3610 Z0.5250 E0.01601 F2400
G1 X106.6951 Y116.0775 Z0.5250 E0.01601 F2400
G1 X106.7342 Y115.7949 Z0.5250 E0.01601 F2400
G1 X106.7807 Y115.5133 Z0.5250 E0.01602 F2400
G1 X106.8346 Y115.2330 Z0.5250 E0.01602 F2400
G1 X106.8958 Y114.9541 Z0.5250 E0.01602 F2400
G1 X106.9643 Y114.6770 Z0.5250 E0.01603 F2400
G1 X107.0400 Y114.4016 Z0.5250 E0.01603 F2400
G1 X107.1229 Y114.1283 Z0.5250 E0.01603 F2400
G1 X107.2130 Y113.8572 Z0.5250 E0.01603 F2400
G1 X107.3101 Y113.5885 Z0.5250 E0.01604 F2400
G1 X107.4143 Y113.3224 Z0.5250 E0.01604 F2400
G1 X107.5254 Y113.0590 Z0.5250 E0.01604 F2400
G1 X107.6434 Y112.7987 Z0.5250 E0.01604 F2400
G1 X107.7682 Y112.5414 Z0.5250 E0.01605 F2400
G1 X107.8997 Y112.2875 Z0.5250 E0.01605 F2400
G1 X108.0379 Y112.0370 Z0.5250 E0.01605 F2400
G1 X108.1825 Y111.7903 Z0.5250 E0.01606 F2400
G1 X108.3336 Y111.5473 Z0.5250 E0.01606 F2400
G1 X108.4911 Y111.3083 Z0.5250 E0.01606 F2400
G1 X108.6547 Y111.0735 Z0.5250 E0.01606 F2400
G1 X108.8245 Y110.8431 Z0.5250 E0.01607 F2400
G1 X109.0003 Y110.6171 Z0.5250 E0.01607 F2400
G1 X109.1820 Y110.3958 Z0.5250 E0.01607 F2400
G1 X109.3694 Y110.1792 Z0.5250 E0.01607 F2400
G1 X109.5625 Y109.9676 Z0.5250 E0.01608 F2400
G1 X109.7611 Y109.7611 Z0.5250 E0.01608 F2400
G1 X109.9651 Y109.5598 Z0.5250 E0.01608 F2400
G1 X110.1743 Y109.3639 Z0.5250 E0.01609 F2400
G1 X110.3885 Y109.1736 Z0.5250 E0.01609 F2400
G1 X110.6078 Y108.9888 Z0.5250 E0.01609 F2400
G1 X110.8318 Y108.8098 Z0.5250 E0.01609 F2400
G1 X111.0605 Y108.6368 Z0.5250 E0.01610 F2400
G1 X111.2937 Y108.4697 Z0.5250 E0.01610 F2400
G1 X111.5312 Y108.3088 Z0.5250 E0.01610 F2400
G1 X111.7728 Y108.1541 Z0.5250 E0.01610 F2400
G1 X112.0185 Y108.0058 Z0.5250 E0.01611 F2400
G1 X112.2680 Y107.8639 Z0.5250 E0.01611 F2400
G1 X112.5212 Y107.7286 Z0.5250 E0.01611 F2400
G1 X112.7779 Y107.6000 Z0.5250 E0.01612 F2400
G1 X113.0379 Y107.4781 Z0.5250 E0.01612 F2400
G1 X113.3011 Y107.3630 Z0.5250 E0.01612 F2400
G1 X113.5672 Y107.2548 Z0.5250 E0.01612 F2400
G1 X113.8362 Y107.1536 Z0.5250 E0.01613 F2400
G1 X114.1077 Y107.0595 Z0.5250 E0.01613 F2400
G1 X114.3816 Y106.9725 Z0.5250 E0.01613 F2400
G1 X114.6578 Y106.8927 Z0.5250 E0.01613 F2400
G1 X114.9360 Y106.8201 Z0.5250 E0.01614 F2400
G1 X115.2161 Y106.7549 Z0.5250 E0.01614 F2400
G1 X115.4978 Y106.6969 Z0.5250 E0.01614 F2400
G1 X115.7810 Y106.6464 Z0.5250 E0.01615 F2400
G1 X116.0654 Y106.6033 Z0.5250 E0.01615 F2400
G1 X116.3510 Y106.5676 Z0.5250 E0.01615 F2400
G1 X116.6374 Y106.5394 Z0.5250 E0.01615 F2400
G1 X116.9245 Y106.5188 Z0.5250 E0.01616 F2400
G1 X117.2121 Y106.5056 Z0.5250 E0.01616 F2400
G1 X117.5000 Y106.5000 Z0.5250 E0.01616 F2400
G1 X117.7880 Y106.5019 Z0.5250 E0.01616 F2400
G1 X118.0759 Y106.5114 Z0.5250 E0.01617 F2400
G1 X118.3635 Y106.5284 Z0.5250 E0.01617 F2400
G1 X118.6506 Y106.5529 Z0.5250 E0.01617 F2400
G1 X118.9370 Y106.5849 Z0.5250 E0.01618 F2400
G1 X119.2225 Y106.6245 Z0.5250 E0.01618 F2400
G1 X119.5070 Y106.6715 Z0.5250 E0.01618 F2400
G1 X119.7901 Y106.7259 Z0.5250 E0.01618 F2400
G1 X120.0718 Y106.7877 Z0.5250 E0.01619 F2400
G1 X120.3518 Y106.8569 Z0.5250 E0.01619 F2400
G1 X120.6300 Y106.9335 Z0.5250 E0.01619 F2400
G1 X120.9061 Y107.0172 Z0.5250 E0.01619 F2400
G1 X121.1799 Y107.1083 Z0.5250 E0.01620 F2400
G1 X121.4513 Y107.2064 Z0.5250 E0.01620 F2400
G1 X121.7201 Y107.3117 Z0.5250 E0.01620 F2400
G1 X121.9862 Y107.4239 Z0.5250 E0.01621 F2400
G1 X122.2492 Y107.5431 Z0.5250 E0.01621 F2400
G1 X122.5090 Y107.6692 Z0.5250 E0.01621 F2400
G1 X122.7655 Y107.8021 Z0.5250 E0.01621 F2400
G1 X123.0185 Y107.9416 Z0.5250 E0.01622 F2400
G1 X123.2678 Y108.0878 Z0.5250 E0.01622 F2400
G1 X123.5132 Y108.2405 Z0.5250 E0.01622 F2400
G1 X123.7546 Y108.3995 Z0.5250 E0.01622 F2400
G1 X123.9918 Y108.5649 Z0.5250 E0.01623 F2400
G1 X124.2246 Y108.7364 Z0.5250 E0.01623 F2400
G1 X124.4528 Y108.9140 Z0.5250 E0.01623 F2400
G1 X124.6764 Y109.0975 Z0.5250 E0.01624 F2400
G1 X124.8951 Y109.2869 Z0.5250 E0.01624 F2400
G1 X125.1089 Y109.4819 Z0.5250 E0.01624 F2400
G1 X125.3175 Y109.6825 Z0.5250 E0.01624 F2400
G1 X125.5208 Y109.8886 Z0.5250 E0.01625 F2400
G1 X125.7186 Y110.0999 Z0.5250 E0.01625 F2400
G1 X125.9109 Y110.3164 Z0.5250 E0.01625 F2400
G1 X126.0975 Y110.5379 Z0.5250 E0.01625 F2400
G1 X126.2783 Y110.7642 Z0.5250 E0.01626 F2400
G1 X126.4531 Y110.9952 Z0.5250 E0.01626 F2400
G1 X126.6219 Y111.2307 Z0.5250 E0.01626 F2400
G1 X126.7844 Y111.4706 Z0.5250 E0.01627 F2400
G1 X126.9406 Y111.7148 Z0.5250 E0.01627 F2400
G1 X127.0904 Y111.9630 Z0.5250 E0.01627 F2400
G1 X127.2337 Y112.2150 Z0.5250 E0.01627 F2400
G1 X127.3704 Y112.4708 Z0.5250 E0.01628 F2400
G1 X127.5003 Y112.7301 Z0.5250 E0.01628 F2400
G1 X127.6234 Y112.9928 Z0.5250 E0.01628 F2400
G1 X127.7397 Y113.2586 Z0.5250 E0.01628 F2400
G1 X127.8489 Y113.5274 Z0.5250 E0.01629 F2400
G1 X127.9511 Y113.7991 Z0.5250 E0.01629 F2400
G1 X128.0462 Y114.0733 Z0.5250 E0.01629 F2400
G1 X128.1340 Y114.3501 Z0.5250 E0.01630 F2400
G1 X128.2146 Y114.6290 Z0.5250 E0.01630 F2400
G1 X128.2879 Y114.9101 Z0.5250 E0.01630 F2400
G1 X128.3538 Y115.1930 Z0.5250 E0.01630 F2400
G1 X128.4123 Y115.4775 Z0.5250 E0.01631 F2400
G1 X128.4633 Y115.7636 Z0.5250 E0.01631 F2400
G1 X128.5069 Y116.0509 Z0.5250 E0.01631 F2400
G1 X128.5429 Y116.3393 Z0.5250 E0.01631 F2400
G1 X128.5713 Y116.6287 Z0.5250 E0.01632 F2400
G1 X128.5922 Y116.9187 Z0.5250 E0.01632 F2400
G1 X128.6055 Y117.2092 Z0.5250 E0.01632 F2400
G1 X128.6111 Y117.5000 Z0.5250 E0.01633 F2400
G1 X128.6092 Y117.7909 Z0.5250 E0.01633 F2400
G1 X128.5996 Y118.0817 Z0.5250 E0.01633 F2400
G1 X128.5824 Y118.3722 Z0.5250 E0.01633 F2400
G1 X128.5576 Y118.6622 Z0.5250 E0.01634 F2400
G1 X128.5252 Y118.9515 Z0.5250 E0.01634 F2400
G1 X128.4853 Y119.2399 Z0.5250 E0.01634 F2400
G1 X128.4378 Y119.5272 Z0.5250 E0.01634 F2400
G1 X128.3828 Y119.8132 Z0.5250 E0.01635 F2400
G1 X128.3203 Y120.0977 Z0.5250 E0.01635 F2400
G1 X128.2504 Y120.3806 Z0.5250 E0.01635 F2400
G1 X128.1731 Y120.6615 Z0.5250 E0.01635 F2400
G1 X128.0884 Y120.9404 Z0.5250 E0.01636 F2400
G1 X127.9965 Y121.2170 Z0.5250 E0.01636 F2400
G1 X127.8973 Y121.4912 Z0.5250 E0.01636 F2400
G1 X127.7910 Y121.7627 Z0.5250 E0.01637 F2400
G1 X127.6776 Y122.0313 Z0.5250 E0.01637 F2400
G1 X127.5571 Y122.2970 Z0.5250 E0.01637 F2400
G1 X127.4298 Y122.5595 Z0.5250 E0.01637 F2400
G1 X127.2956 Y122.8186 Z0.5250 E0.01638 F2400
G1 X127.1546 Y123.0741 Z0.5250 E0.01638 F2400
G1 X127.0069 Y123.3259 Z0.5250 E0.01638 F2400
G1 X126.8527 Y123.5737 Z0.5250 E0.01638 F2400
G1 X126.6921 Y123.8175 Z0.5250 E0.01639 F2400
G1 X126.5250 Y124.0571 Z0.5250 E0.01639 F2400
G1 X126.3518 Y124.2922 Z0.5250 E0.01639 F2400
G1 X126.1724 Y124.5227 Z0.5250 E0.01640 F2400
G1 X125.9870 Y124.7486 Z0.5250 E0.01640 F2400
G1 X125.7957 Y124.9695 Z0.5250 E0.01640 F2400
G1 X125.5987 Y125.1854 Z0.5250 E0.01640 F2400
G1 X125.3960 Y125.3960 Z0.5250 E0.01641 F2400
G1 X125.1879 Y125.6014 Z0.5250 E0.01641 F2400
G1 X124.9744 Y125.8012 Z0.5250 E0.01641 F2400
G1 X124.7558 Y125.9954 Z0.5250 E0.01641 F2400
G1 X124.5321 Y126.1839 Z0.5250 E0.01642 F2400
G1 X124.3035 Y126.3665 Z0.5250 E0.01642 F2400
G1 X124.0701 Y126.5430 Z0.5250 E0.01642 F2400
G1 X123.8322 Y126.7134 Z0.5250 E0.01643 F2400
G1 X123.5899 Y126.8776 Z0.5250 E0.01643 F2400
G1 X123.3433 Y127.0354 Z0.5250 E0.01643 F2400
G1 X123.0926 Y127.1867 Z0.5250 E0.01643 F2400
G1 X122.8380 Y127.3314 Z0.5250 E0.01644 F2400
G1 X122.5796 Y127.4694 Z0.5250 E0.01644 F2400
G1 X122.3177 Y127.6006 Z0.5250 E0.01644 F2400
G1 X122.0524 Y127.7249 Z0.5250 E0.01644 F2400
G1 X121.7839 Y127.8423 Z0.5250 E0.01645 F2400
G1 X121.5124 Y127.9526 Z0.5250 E0.01645 F2400
G1 X121.2380 Y128.0558 Z0.5250 E0.01645 F2400
G1 X120.9610 Y128.1518 Z0.5250 E0.01646 F2400
G1 X120.6815 Y128.2406 Z0.5250 E0.01646 F2400
G1 X120.3997 Y128.3219 Z0.5250 E0.01646 F2400
G1 X120.1159 Y128.3959 Z0.5250 E0.01646 F2400
G1 X119.8302 Y128.4625 Z0.5250 E0.01647 F2400
G1 X119.5427 Y128.5216 Z0.5250 E0.01647 F2400
G1 X119.2538 Y128.5731 Z0.5250 E0.01647 F2400
G1 X118.9636 Y128.6170 Z0.5250 E0.01647 F2400
G1 X118.6723 Y128.6534 Z0.5250 E0.01648 F2400
G1 X118.3800 Y128.6821 Z0.5250 E0.01648 F2400
G1 X118.0871 Y128.7031 Z0.5250 E0.01648 F2400
G1 X117.7937 Y128.7165 Z0.5250 E0.01649 F2400
G1 X117.5000 Y128.7222 Z0.5250 E0.01649 F2400
G1 X117.2062 Y128.7202 Z0.5250 E0.01649 F2400
G1 X116.9125 Y128.7105 Z0.5250 E0.01649 F2400
G1 X116.6191 Y128.6932 Z0.5250 E0.01650 F2400
G1 X116.3262 Y128.6681 Z0.5250 E0.01650 F2400
G1 X116.0340 Y128.6354 Z0.5250 E0.01650 F2400
G1 X115.7427 Y128.5950 Z0.5250 E0.01650 F2400
G1 X115.4526 Y128.5471 Z0.5250 E0.01651 F2400
G1 X115.1637 Y128.4915 Z0.5250 E0.01651 F2400
G1 X114.8763 Y128.4284 Z0.5250 E0.01651 F2400
G1 X114.5907 Y128.3577 Z0.5250 E0.01652 F2400
G1 X114.3069 Y128.2796 Z0.5250 E0.01652 F2400
G1 X114.0253 Y128.1941 Z0.5250 E0.01652 F2400
G1 X113.7459 Y128.1012 Z0.5250 E0.01652 F2400
G1 X113.4690 Y128.0011 Z0.5250 E0.01653 F2400
G1 X113.1948 Y127.8936 Z0.5250 E0.01653 F2400
G1 X112.9235 Y127.7791 Z0.5250 E0.01653 F2400
G1 X112.6552 Y127.6574 Z0.5250 E0.01653 F2400
G1 X112.3901 Y127.5288 Z0.5250 E0.01654 F2400
G1 X112.1284 Y127.3932 Z0.5250 E0.01654 F2400
G1 X111.8704 Y127.2508 Z0.5250 E0.01654 F2400
G1 X111.6161 Y127.1017 Z0.5250 E0.01655 F2400
G1 X111.3658 Y126.9459 Z0.5250 E0.01655 F2400
G1 X111.1195 Y126.7836 Z0.5250 E0.01655 F2400
G1 X110.8776 Y126.6149 Z0.5250 E0.01655 F2400
G1 X110.6402 Y126.4399 Z0.5250 E0.01656 F2400
G1 X110.4073 Y126.2587 Z0.5250 E0.01656 F2400
G1 X110.1793 Y126.0715 Z0.5250 E0.01656 F2400
G1 X109.9562 Y125.8783 Z0.5250 E0.01656 F2400
G1 X109.7382 Y125.6793 Z0.5250 E0.01657 F2400
G1 X109.5254 Y125.4746 Z0.5250 E0.01657 F2400
G1 X109.3180 Y125.2644 Z0.5250 E0.01657 F2400
G1 X109.1162 Y125.0488 Z0.5250 E0.01658 F2400
G1 X108.9201 Y124.8279 Z0.5250 E0.01658 F2400
G1 X108.7298 Y124.6020 Z0.5250 E0.01658 F2400
G1 X108.5454 Y124.3711 Z0.5250 E0.01658 F2400
G1 X108.3671 Y124.1354 Z0.5250 E0.01659 F2400
G1 X108.1950 Y123.8951 Z0.5250 E0.01659 F2400
G1 X108.0292 Y123.6504 Z0.5250 E0.01659 F2400
G1 X107.8699 Y123.4013 Z0.5250 E0.01659 F2400
G1 X107.7171 Y123.1481 Z0.5250 E0.01660 F2400
G1 X107.5710 Y122.8910 Z0.5250 E0.01660 F2400
G1 X107.4316 Y122.6301 Z0.5250 E0.01660 F2400
G1 X107.2991 Y122.3656 Z0.5250 E0.01661 F2400
G1 X107.1736 Y122.0976 Z0.5250 E0.01661 F2400
G1 X107.0550 Y121.8264 Z0.5250 E0.01661 F2400
G1 X106.9436 Y121.5522 Z0.5250 E0.01661 F2400
G1 X106.8394 Y121.2751 Z0.5250 E0.01662 F2400
G1 X106.7425 Y120.9953 Z0.5250 E0.01662 F2400
G1 X106.6529 Y120.7131 Z0.5250 E0.01662 F2400
G1 X106.5707 Y120.4285 Z0.5250 E0.01662 F2400
G1 X106.4960 Y120.1418 Z0.5250 E0.01663 F2400
G1 X106.4288 Y119.8533 Z0.5250 E0.01663 F2400
G1 X106.3692 Y119.5630 Z0.5250 E0.01663 F2400
G1 X106.3172 Y119.2712 Z0.5250 E0.01664 F2400
G1 X106.2728 Y118.9781 Z0.5250 E0.01664 F2400
G1 X106.2361 Y118.6839 Z0.5250 E0.01664 F2400
G1 X106.2071 Y118.3888 Z0.5250 E0.01664 F2400
G1 X106.1859 Y118.0929 Z0.5250 E0.01665 F2400
G1 X106.1724 Y117.7966 Z0.5250 E0.01665 F2400
G1 X106.1667 Y117.5000 Z0.5250 E0.01665 F2400
G1 X106.1687 Y117.2033 Z0.5250 E0.01665 F2400
G1 X106.1785 Y116.9067 Z0.5250 E0.01666 F2400
G1 X106.1961 Y116.6104 Z0.5250 E0.01666 F2400
G1 X106.2214 Y116.3146 Z0.5250 E0.01666 F2400
G1 X106.2544 Y116.0195 Z0.5250 E0.01667 F2400
G1 X106.2952 Y115.7253 Z0.5250 E0.01667 F2400
G1 X106.3437 Y115.4323 Z0.5250 E0.01667 F2400
G1 X106.3998 Y115.1406 Z0.5250 E0.01667 F2400
G1 X106.4636 Y114.8504 Z0.5250 E0.01668 F2400
G1 X106.5350 Y114.5619 Z0.5250 E0.01668 F2400
G1 X106.6138 Y114.2754 Z0.5250 E0.01668 F2400
G1 X106.7002 Y113.9909 Z0.5250 E0.01668 F2400
G1 X106.7940 Y113.7088 Z0.5250 E0.01669 F2400
G1 X106.8952 Y113.4292 Z0.5250 E0.01669 F2400
G1 X107.0037 Y113.1523 Z0.5250 E0.01669 F2400
G1 X107.1194 Y112.8783 Z0.5250 E0.01670 F2400
G1 X107.2423 Y112.6073 Z0.5250 E0.01670 F2400
G1 X107.3722 Y112.3396 Z0.5250 E0.01670 F2400
G1 X107.5092 Y112.0754 Z0.5250 E0.01670 F2400
G1 X107.6530 Y111.8148 Z0.5250 E0.01671 F2400
G1 X107.8036 Y111.5580 Z0.5250 E0.01671 F2400
G1 X107.9609 Y111.3052 Z0.5250 E0.01671 F2400
G1 X108.1248 Y111.0566 Z0.5250 E0.01671 F2400
G1 X108.2952 Y110.8123 Z0.5250 E0.01672 F2400
G1 X108.4719 Y110.5725 Z0.5250 E0.01672 F2400
G1 X108.6549 Y110.3374 Z0.5250 E0.01672 F2400
G1 X108.8440 Y110.1071 Z0.5250 E0.01673 F2400
G1 X109.0392 Y109.8818 Z0.5250 E0.01673 F2400
G1 X109.2401 Y109.6617 Z0.5250 E0.01673 F2400
G1 X109.4468 Y109.4468 Z0.5250 E0.01673 F2400
G1 X109.6591 Y109.2374 Z0.5250 E0.01674 F2400
G1 X109.8769 Y109.0337 Z0.5250 E0.01674 F2400
G1 X110.0999 Y108.8356 Z0.5250 E0.01674 F2400
G1 X110.3281 Y108.6434 Z0.5250 E0.01674 F2400
G1 X110.5612 Y108.4572 Z0.5250 E0.01675 F2400
G1 X110.7992 Y108.2772 Z0.5250 E0.01675 F2400
G1 X111.0419 Y108.1034 Z0.5250 E0.01675 F2400
G1 X111.2891 Y107.9360 Z0.5250 E0.01675 F2400
G1 X111.5406 Y107.7752 Z0.5250 E0.01676 F2400
G1 X111.7963 Y107.6209 Z0.5250 E0.01676 F2400
G1 X112.0560 Y107.4733 Z0.5250 E0.01676 F2400
G1 X112.3195 Y107.3326 Z0.5250 E0.01677 F2400
G1 X112.5866 Y107.1988 Z0.5250 E0.01677 F2400
G1 X112.8572 Y107.0720 Z0.5250 E0.01677 F2400
G1 X113.1310 Y106.9524 Z0.5250 E0.01677 F2400
G1 X113.4080 Y106.8399 Z0.5250 E0.01678 F2400
G1 X113.6878 Y106.7347 Z0.5250 E0.01678 F2400
G1 X113.9703 Y106.6368 Z0.5250 E0.01678 F2400
G1 X114.2554 Y106.5464 Z0.5250 E0.01678 F2400
G1 X114.5428 Y106.4634 Z0.5250 E0.01679 F2400
G1 X114.8322 Y106.3880 Z0.5250 E0.01679 F2400
G1 X115.1236 Y106.3201 Z0.5250 E0.01679 F2400
G1 X115.4168 Y106.2599 Z0.5250 E0.01680 F2400
G1 X115.7114 Y106.2074 Z0.5250 E0.01680 F2400
G1 X116.0074 Y106.1626 Z0.5250 E0.01680 F2400
G1 X116.3045 Y106.1256 Z0.5250 E0.01680 F2400
G1 X116.6025 Y106.0964 Z0.5250 E0.01681 F2400
G1 X116.9012 Y106.0749 Z0.5250 E0.01681 F2400
G1 X117.2005 Y106.0613 Z0.5250 E0.01681 F2400
G1 X117.5000 Y106.0556 Z0.5250 E0.01681 F2400
G1 X117.7996 Y106.0576 Z0.5250 E0.01682 F2400
G1 X118.0991 Y106.0675 Z0.5250 E0.01682 F2400
G1 X118.3984 Y106.0853 Z0.5250 E0.01682 F2400
G1 X118.6970 Y106.1109 Z0.5250 E0.01683 F2400
G1 X118.9950 Y106.1443 Z0.5250 E0.01683 F2400
G1 X119.2920 Y106.1855 Z0.5250 E0.01683 F2400
G1 X119.5879 Y106.2344 Z0.5250 E0.01683 F2400
G1 X119.8825 Y106.2912 Z0.5250 E0.01684 F2400
G1 X120.1755 Y106.3556 Z0.5250 E0.01684 F2400
G1 X120.4668 Y106.4276 Z0.5250 E0.01684 F2400
G1 X120.7562 Y106.5073 Z0.5250 E0.01684 F2400
G1 X121.0434 Y106.5946 Z0.5250 E0.01685 F2400
G1 X121.3283 Y106.6893 Z0.5250 E0.01685 F2400
G1 X121.6106 Y106.7915 Z0.5250 E0.01685 F2400
G1 X121.8902 Y106.9010 Z0.5250 E0.01686 F2400
G1 X122.1669 Y107.0179 Z0.5250 E0.01686 F2400
G1 X122.4405 Y107.1420 Z0.5250 E0.01686 F2400
G1 X122.7108 Y107.2732 Z0.5250 E0.01686 F2400
G1 X122.9776 Y107.4115 Z0.5250 E0.01687 F2400
G1 X123.2407 Y107.5567 Z0.5250 E0.01687 F2400
G1 X123.5000 Y107.7088 Z0.5250 E0.01687 F2400
G1 X123.7553 Y107.8677 Z0.5250 E0.01687 F2400
G1 X124.0063 Y108.0332 Z0.5250 E0.01688 F2400
G1 X124.2530 Y108.2053 Z0.5250 E0.01688 F2400
G1 X124.4951 Y108.3838 Z0.5250 E0.01688 F2400
G1 X124.7325 Y108.5686 Z0.5250 E0.01689 F2400
G1 X124.9650 Y108.7596 Z0.5250 E0.01689 F2400
G1 X125.1925 Y108.9566 Z0.5250 E0.01689 F2400
G1 X125.4148 Y109.1595 Z0.5250 E0.01689 F2400
G1 X125.6317 Y109.3683 Z0.5250 E0.01690 F2400
G1 X125.8431 Y109.5826 Z0.5250 E0.01690 F2400
G1 X126.0489 Y109.8025 Z0.5250 E0.01690 F2400
G1 X126.2489 Y110.0277 Z0.5250 E0.01690 F2400
G1 X126.4429 Y110.2582 Z0.5250 E0.01691 F2400
G1 X126.6309 Y110.4936 Z0.5250 E0.01691 F2400
G1 X126.8127 Y110.7339 Z0.5250 E0.01691 F2400
G1 X126.9881 Y110.9790 Z0.5250 E0.01692 F2400
G1 X127.1571 Y111.2286 Z0.5250 E0.01692 F2400
G1 X127.3196 Y111.4826 Z0.5250 E0.01692 F2400
G1 X127.4753 Y111.7407 Z0.5250 E0.01692 F2400
G1 X127.6243 Y112.0030 Z0.5250 E0.01693 F2400
G1 X127.7664 Y112.2690 Z0.5250 E0.01693 F2400
G1 X127.9015 Y112.5388 Z0.5250 E0.01693 F2400
G1 X128.0295 Y112.8120 Z0.5250 E0.01693 F2400
G1 X128.1503 Y113.0885 Z0.5250 E0.01694 F2400
G1 X128.2638 Y113.3682 Z0.5250 E0.01694 F2400
G1 X128.3701 Y113.6507 Z0.5250 E0.01694 F2400
G1 X128.4689 Y113.9360 Z0.5250 E0.01695 F2400
G1 X128.5602 Y114.2238 Z0.5250 E0.01695 F2400
G1 X128.6439 Y114.5140 Z0.5250 E0.01695 F2400
G1 X128.7201 Y114.8063 Z0.5250 E0.01695 F2400
G1 X128.7885 Y115.1005 Z0.5250 E0.01696 F2400
G1 X128.8493 Y115.3965 Z0.5250 E0.01696 F2400
G1 X128.9023 Y115.6941 Z0.5250 E0.01696 F2400
G1 X128.9475 Y115.9929 Z0.5250 E0.01696 F2400
G1 X128.9849 Y116.2929 Z0.5250 E0.01697 F2400
G1 X129.0144 Y116.5938 Z0.5250 E0.01697 F2400
G1 X129.0360 Y116.8954 Z0.5250 E0.01697 F2400
G1 X129.0497 Y117.1976 Z0.5250 E0.01698 F2400
G1 X129.0556 Y117.5000 Z0.5250 E0.01698 F2400
G1 X129.0534 Y117.8025 Z0.5250 E0.01698 F2400
G1 X129.0434 Y118.1050 Z0.5250 E0.01698 F2400
G1 X129.0255 Y118.4071 Z0.5250 E0.01699 F2400
G1 X128.9996 Y118.7087 Z0.5250 E0.01699 F2400
G1 X128.9659 Y119.0095 Z0.5250 E0.01699 F2400
G1 X128.9243 Y119.3094 Z0.5250 E0.01699 F2400
G1 X128.8748 Y119.6082 Z0.5250 E0.01700 F2400
G1 X128.8175 Y119.9056 Z0.5250 E0.01700 F2400
G1 X128.7525 Y120.2015 Z0.5250 E0.01700 F2400
G1 X128.6797 Y120.4956 Z0.5250 E0.01701 F2400
G1 X128.5992 Y120.7877 Z0.5250 E0.01701 F2400
G1 X128.5111 Y121.0777 Z0.5250 E0.01701 F2400
G1 X128.4154 Y121.3654 Z0.5250 E0.01701 F2400
G1 X128.3122 Y121.6504 Z0.5250 E0.01702 F2400
G1 X128.2016 Y121.9327 Z0.5250 E0.01702 F2400
G1 X128.0836 Y122.2121 Z0.5250 E0.01702 F2400
G1 X127.9583 Y122.4883 Z0.5250 E0.01702 F2400
G1 X127.8258 Y122.7612 Z0.5250 E0.01703 F2400
G1 X127.6861 Y123.0306 Z0.5250 E0.01703 F2400
G1 X127.5395 Y123.2963 Z0.5250 E0.01703 F2400
G1 X127.3859 Y123.5581 Z0.5250 E0.01704 F2400
G1 X127.2255 Y123.8158 Z0.5250 E0.01704 F2400
G1 X127.0583 Y124.0693 Z0.5250 E0.01704 F2400
G1 X126.8846 Y124.3183 Z0.5250 E0.01704 F2400
G1 X126.7044 Y124.5628 Z0.5250 E0.01705 F2400
G1 X126.5178 Y124.8024 Z0.5250 E0.01705 F2400
G1 X126.3249 Y125.0372 Z0.5250 E0.01705 F2400
G1 X126.1260 Y125.2669 Z0.5250 E0.01705 F2400
G1 X125.9211 Y125.4913 Z0.5250 E0.01706 F2400
G1 X125.7103 Y125.7103 Z0.5250 E0.01706 F2400
G1 X125.4938 Y125.9237 Z0.5250 E0.01706 F2400
G1 X125.2718 Y126.1315 Z0.5250 E0.01707 F2400
G1 X125.0444 Y126.3334 Z0.5250 E0.01707 F2400
G1 X124.8118 Y126.5293 Z0.5250 E0.01707 F2400
G1 X124.5740 Y126.7191 Z0.5250 E0.01707 F2400
G1 X124.3314 Y126.9026 Z0.5250 E0.01708 F2400
G1 X124.0839 Y127.0797 Z0.5250 E0.01708 F2400
G1 X123.8319 Y127.2503 Z0.5250 E0.01708 F2400
G1 X123.5755 Y127.4143 Z0.5250 E0.01708 F2400
G1 X123.3148 Y127.5716 Z0.5250 E0.01709 F2400
G1 X123.0501 Y127.7219 Z0.5250 E0.01709 F2400
G1 X122.7814 Y127.8654 Z0.5250 E0.01709 F2400
G1 X122.5091 Y128.0017 Z0.5250 E0.01710 F2400
G1 X122.2332 Y128.1310 Z0.5250 E0.01710 F2400
G1 X121.9540 Y128.2529 Z0.5250 E0.01710 F2400
G1 X121.6717 Y128.3676 Z0.5250 E0.01710 F2400
G1 X121.3864 Y128.4748 Z0.5250 E0.01711 F2400
G1 X121.0983 Y128.5745 Z0.5250 E0.01711 F2400
G1 X120.8077 Y128.6667 Z0.5250 E0.01711 F2400
G1 X120.5148 Y128.7512 Z0.5250 E0.01711 F2400
G1 X120.2196 Y128.8281 Z0.5250 E0.01712 F2400
G1 X119.9226 Y128.8972 Z0.5250 E0.01712 F2400
G1 X119.6237 Y128.9586 Z0.5250 E0.01712 F2400
G1 X119.3233 Y129.0121 Z0.5250 E0.01712 F2400
G1 X119.0216 Y129.0577 Z0.5250 E0.01713 F2400
G1 X118.7187 Y129.0954 Z0.5250 E0.01713 F2400
G1 X118.4149 Y129.1252 Z0.5250 E0.01713 F2400
G1 X118.1104 Y129.1470 Z0.5250 E0.01714 F2400
G1 X117.8053 Y129.1608 Z0.5250 E0.01714 F2400
G1 X117.5000 Y129.1667 Z0.5250 E0.01714 F2400
G1 X117.1946 Y129.1645 Z0.5250 E0.01714 F2400
G1 X116.8892 Y129.1544 Z0.5250 E0.01715 F2400
G1 X116.5842 Y129.1362 Z0.5250 E0.01715 F2400
G1 X116.2797 Y129.1101 Z0.5250 E0.01715 F2400
G1 X115.9760 Y129.0760 Z0.5250 E0.01715 F2400
G1 X115.6732 Y129.0340 Z0.5250 E0.01716 F2400
G1 X115.3716 Y128.9841 Z0.5250 E0.01716 F2400
G1 X115.0713 Y128.9262 Z0.5250 E0.01716 F2400
G1 X114.7726 Y128.8605 Z0.5250 E0.01717 F2400
G1 X114.4757 Y128.7870 Z0.5250 E0.01717 F2400
G1 X114.1807 Y128.7058 Z0.5250 E0.01717 F2400
G1 X113.8879 Y128.6168 Z0.5250 E0.01717 F2400
G1 X113.5976 Y128.5202 Z0.5250 E0.01718 F2400
G1 X113.3097 Y128.4160 Z0.5250 E0.01718 F2400
G1 X113.0247 Y128.3043 Z0.5250 E0.01718 F2400
G1 X112.7427 Y128.1851 Z0.5250 E0.01718 F2400
G1 X112.4638 Y128.0586 Z0.5250 E0.01719 F2400
G1 X112.1883 Y127.9248 Z0.5250 E0.01719 F2400
G1 X111.9164 Y127.7838 Z0.5250 E0.01719 F2400
G1 X111.6481 Y127.6357 Z0.5250 E0.01720 F2400
G1 X111.3839 Y127.4806 Z0.5250 E0.01720 F2400
G1 X111.1237 Y127.3187 Z0.5250 E0.01720 F2400
G1 X110.8678 Y127.1499 Z0.5250 E0.01720 F2400
G1 X110.6164 Y126.9745 Z0.5250 E0.01721 F2400
G1 X110.3696 Y126.7925 Z0.5250 E0.01721 F2400
G1 X110.1276 Y126.6041 Z0.5250 E0.01721 F2400
G1 X109.8906 Y126.4094 Z0.5250 E0.01721 F2400
G1 X109.6588 Y126.2086 Z0.5250 E0.01722 F2400
G1 X109.4322 Y126.0017 Z0.5250 E0.01722 F2400
G1 X109.2111 Y125.7889 Z0.5250 E0.01722 F2400
G1 X108.9957 Y125.5703 Z0.5250 E0.01723 F2400
G1 X108.7859 Y125.3462 Z0.5250 E0.01723 F2400
G1 X108.5821 Y125.1166 Z0.5250 E0.01723 F2400
G1 X108.3844 Y124.8817 Z0.5250 E0.01723 F2400
G1 X108.1928 Y124.6417 Z0.5250 E0.01724 F2400
G1 X108.0075 Y124.3967 Z0.5250 E0.01724 F2400
G1 X107.8287 Y124.1469 Z0.5250 E0.01724 F2400
G1 X107.6565 Y123.8924 Z0.5250 E0.01724 F2400
G1 X107.4910 Y123.6336 Z0.5250 E0.01725 F2400
G1 X107.3322 Y123.3704 Z0.5250 E0.01725 F2400
G1 X107.1804 Y123.1031 Z0.5250 E0.01725 F2400
G1 X107.0356 Y122.8319 Z0.5250 E0.01726 F2400
G1 X106.8980 Y122.5569 Z0.5250 E0.01726 F2400
G1 X106.7675 Y122.2784 Z0.5250 E0.01726 F2400
G1 X106.6444 Y121.9965 Z0.5250 E0.01726 F2400
G1 X106.5287 Y121.7115 Z0.5250 E0.01727 F2400
G1 X106.4205 Y121.4235 Z0.5250 E0.01727 F2400
G1 X106.3198 Y121.1327 Z0.5250 E0.01727 F2400
G1 X106.2268 Y120.8393 Z0.5250 E0.01727 F2400
G1 X106.1414 Y120.5435 Z0.5250 E0.01728 F2400
G1 X106.0638 Y120.2456 Z0.5250 E0.01728 F2400
G1 X105.9941 Y119.9457 Z0.5250 E0.01728 F2400
G1 X105.9322 Y119.6440 Z0.5250 E0.01729 F2400
G1 X105.8782 Y119.3407 Z0.5250 E0.01729 F2400
G1 X105.8322 Y119.0361 Z0.5250 E0.01729 F2400
G1 X105.7941 Y118.7303 Z0.5250 E0.01729 F2400
G1 X105.7641 Y118.4236 Z0.5250 E0.01730 F2400
G1 X105.7421 Y118.1162 Z0.5250 E0.01730 F2400
G1 X105.7281 Y117.8083 Z0.5250 E0.01730 F2400
G1 X105.7222 Y117.5000 Z0.5250 E0.01730 F2400
G1 X105.7244 Y117.1916 Z0.5250 E0.01731 F2400
G1 X105.7347 Y116.8834 Z0.5250 E0.01731 F2400
G1 X105.7530 Y116.5755 Z0.5250 E0.01731 F2400
G1 X105.7794 Y116.2681 Z0.5250 E0.01732 F2400
G1 X105.8138 Y115.9615 Z0.5250 E0.01732 F2400
G1 X105.8563 Y115.6558 Z0.5250 E0.01732 F2400
G1 X105.9067 Y115.3513 Z0.5250 E0.01732 F2400
G1 X105.9651 Y115.0482 Z0.5250 E0.01733 F2400
G1 X106.0314 Y114.7466 Z0.5250 E0.01733 F2400
G1 X106.1057 Y114.4469 Z0.5250 E0.01733 F2400
G1 X106.1877 Y114.1491 Z0.5250 E0.01733 F2400
G1 X106.2775 Y113.8536 Z0.5250 E0.01734 F2400
G1 X106.3751 Y113.5605 Z0.5250 E0.01734 F2400
G1 X106.4803 Y113.2699 Z0.5250 E0.01734 F2400
G1 X106.5931 Y112.9822 Z0.5250 E0.01735 F2400
G1 X106.7134 Y112.6975 Z0.5250 E0.01735 F2400
G1 X106.8411 Y112.4160 Z0.5250 E0.01735 F2400
G1 X106.9762 Y112.1379 Z0.5250 E0.01735 F2400
G1 X107.1186 Y111.8633 Z0.5250 E0.01736 F2400
G1 X107.2681 Y111.5926 Z0.5250 E0.01736 F2400
G1 X107.4246 Y111.3258 Z0.5250 E0.01736 F2400
G1 X107.5882 Y111.0632 Z0.5250 E0.01736 F2400
G1 X107.7585 Y110.8049 Z0.5250 E0.01737 F2400
G1 X107.9356 Y110.5511 Z0.5250 E0.01737 F2400
G1 X108.1193 Y110.3020 Z0.5250 E0.01737 F2400
G1 X108.3095 Y110.0577 Z0.5250 E0.01738 F2400
G1 X108.5061 Y109.8185 Z0.5250 E0.01738 F2400
G1 X108.7089 Y109.5844 Z0.5250 E0.01738 F2400
G1 X108.9177 Y109.3557 Z0.5250 E0.01738 F2400
G1 X109.1326 Y109.1326 Z0.5250 E0.01739 F2400
G1 X109.3532 Y108.9151 Z0.5250 E0.01739 F2400
G1 X109.5795 Y108.7034 Z0.5250 E0.01739 F2400
G1 X109.8113 Y108.4976 Z0.5250 E0.01739 F2400
G1 X110.0484 Y108.2980 Z0.5250 E0.01740 F2400
G1 X110.2907 Y108.1046 Z0.5250 E0.01740 F2400
G1 X110.5380 Y107.9176 Z0.5250 E0.01740 F2400
G1 X110.7902 Y107.7372 Z0.5250 E0.01741 F2400
G1 X111.0470 Y107.5633 Z0.5250 E0.01741 F2400
G1 X111.3084 Y107.3962 Z0.5250 E0.01741 F2400
G1 X111.5741 Y107.2360 Z0.5250 E0.01741 F2400
G1 X111.8439 Y107.0828 Z0.5250 E0.01742 F2400
G1 X112.1177 Y106.9366 Z0.5250 E0.01742 F2400
G1 X112.3953 Y106.7977 Z0.5250 E0.01742 F2400
G1 X112.6764 Y106.6660 Z0.5250 E0.01742 F2400
G1 X112.9609 Y106.5418 Z0.5250 E0.01743 F2400
G1 X113.2487 Y106.4250 Z0.5250 E0.01743 F2400
G1 X113.5394 Y106.3157 Z0.5250 E0.01743 F2400
G1 X113.8330 Y106.2141 Z0.5250 E0.01744 F2400
G1 X114.1292 Y106.1202 Z0.5250 E0.01744 F2400
G1 X114.4277 Y106.0341 Z0.5250 E0.01744 F2400
G1 X114.7285 Y105.9558 Z0.5250 E0.01744 F2400
G1 X115.0312 Y105.8854 Z0.5250 E0.01745 F2400
G1 X115.3358 Y105.8229 Z0.5250 E0.01745 F2400
G1 X115.6419 Y105.7685 Z0.5250 E0.01745 F2400
G1 X115.9494 Y105.7220 Z0.5250 E0.01745 F2400
G1 X116.2580 Y105.6836 Z0.5250 E0.01746 F2400
G1 X116.5676 Y105.6533 Z0.5250 E0.01746 F2400
G1 X116.8780 Y105.6311 Z0.5250 E0.01746 F2400
G1 X117.1888 Y105.6170 Z0.5250 E0.01747 F2400
G1 X117.5000 Y105.6111 Z0.5250 E0.01747 F2400
G1 X117.8113 Y105.6133 Z0.5250 E0.01747 F2400
G1 X118.1224 Y105.6237 Z0.5250 E0.01747 F2400
G1 X118.4332 Y105.6422 Z0.5250 E0.01748 F2400
G1 X118.7435 Y105.6689 Z0.5250 E0.01748 F2400
G1 X119.0530 Y105.7036 Z0.5250 E0.01748 F2400
G1 X119.3616 Y105.7465 Z0.5250 E0.01748 F2400
G1 X119.6689 Y105.7974 Z0.5250 E0.01749 F2400
G1 X119.9749 Y105.8564 Z0.5250 E0.01749 F2400
G1 X120.2793 Y105.9234 Z0.5250 E0.01749 F2400
G1 X120.5819 Y105.9983 Z0.5250 E0.01750 F2400
G1 X120.8824 Y106.0812 Z0.5250 E0.01750 F2400
G1 X121.1807 Y106.1719 Z0.5250 E0.01750 F2400
G1 X121.4766 Y106.2703 Z0.5250 E0.01750 F2400
G1 X121.7699 Y106.3766 Z0.5250 E0.01751 F2400
G1 X122.0603 Y106.4904 Z0.5250 E0.01751 F2400
G1 X122.3477 Y106.6119 Z0.5250 E0.01751 F2400
G1 X122.6319 Y106.7408 Z0.5250 E0.01751 F2400
G1 X122.9126 Y106.8772 Z0.5250 E0.01752 F2400
G1 X123.1897 Y107.0209 Z0.5250 E0.01752 F2400
G1 X123.4630 Y107.1718 Z0.5250 E0.01752 F2400
G1 X123.7322 Y107.3299 Z0.5250 E0.01752 F2400
G1 X123.9973 Y107.4950 Z0.5250 E0.01753 F2400
G1 X124.2581 Y107.6670 Z0.5250 E0.01753 F2400
G1 X124.5142 Y107.8457 Z0.5250 E0.01753 F2400
G1 X124.7657 Y108.0312 Z0.5250 E0.01754 F2400
G1 X125.0122 Y108.2232 Z0.5250 E0.01754 F2400
G1 X125.2537 Y108.4216 Z0.5250 E0.01754 F2400
G1 X125.4899 Y108.6263 Z0.5250 E0.01754 F2400
G1 X125.7207 Y108.8371 Z0.5250 E0.01755 F2400
G1 X125.9460 Y109.0540 Z0.5250 E0.01755 F2400
G1 X126.1655 Y109.2767 Z0.5250 E0.01755 F2400
G1 X126.3792 Y109.5051 Z0.5250 E0.01755 F2400
G1 X126.5869 Y109.7391 Z0.5250 E0.01756 F2400
G1 X126.7883 Y109.9785 Z0.5250 E0.01756 F2400
G1 X126.9835 Y110.2230 Z0.5250 E0.01756 F2400
G1 X127.1722 Y110.4727 Z0.5250 E0.01757 F2400
G1 X127.3544 Y110.7272 Z0.5250 E0.01757 F2400
G1 X127.5299 Y110.9865 Z0.5250 E0.01757 F2400
G1 X127.6985 Y111.2503 Z0.5250 E0.01757 F2400
G1 X127.8602 Y111.5185 Z0.5250 E0.01758 F2400
G1 X128.0149 Y111.7909 Z0.5250 E0.01758 F2400
G1 X128.1624 Y112.0672 Z0.5250 E0.01758 F2400
G1 X128.3026 Y112.3474 Z0.5250 E0.01758 F2400
G1 X128.4355 Y112.6312 Z0.5250 E0.01759 F2400
G1 X128.5609 Y112.9184 Z0.5250 E0.01759 F2400
G1 X128.6788 Y113.2089 Z0.5250 E0.01759 F2400
G1 X128.7890 Y113.5024 Z0.5250 E0.01760 F2400
G1 X128.8915 Y113.7987 Z0.5250 E0.01760 F2400
G1 X128.9863 Y114.0976 Z0.5250 E0.01760 F2400
G1 X129.0732 Y114.3990 Z0.5250 E0.01760 F2400
G1 X129.1522 Y114.7025 Z0.5250 E0.01761 F2400
G1 X129.2233 Y115.0081 Z0.5250 E0.01761 F2400
G1 X129.2863 Y115.3155 Z0.5250 E0.01761 F2400
G1 X129.3413 Y115.6245 Z0.5250 E0.01761 F2400
G1 X129.3882 Y115.9349 Z0.5250 E0.01762 F2400
G1 X129.4269 Y116.2464 Z0.5250 E0.01762 F2400
G1 X129.4575 Y116.5589 Z0.5250 E0.01762 F2400
G1 X129.4799 Y116.8722 Z0.5250 E0.01763 F2400
G1 X129.4940 Y117.1859 Z0.5250 E0.01763 F2400
G1 X129.5000 Y117.5000 Z0.5250 E0.01763 F2400
G1 X130.2500 Y117.5000 Z0.5025 E0.04211 F1200
G1 X130.2477 Y117.8338 Z0.4925 E0.01874 F1200
G1 X130.2367 Y118.1675 Z0.4825 E0.01875 F1200
G1 X130.2169 Y118.5008 Z0.4725 E0.01875 F1200
G1 X130.1884 Y118.8336 Z0.4624 E0.01875 F1200
G1 X130.1512 Y119.1656 Z0.4524 E0.01876 F1200
G1 X130.1054 Y119.4965 Z0.4424 E0.01876 F1200
G1 X130.0508 Y119.8262 Z0.4324 E0.01876 F1200
G1 X129.9877 Y120.1543 Z0.4223 E0.01877 F1200
G1 X129.9159 Y120.4808 Z0.4123 E0.01877 F1200
G1 X129.8357 Y120.8053 Z0.4023 E0.01877 F1200
G1 X129.7469 Y121.1277 Z0.3922 E0.01878 F1200
G1 X129.6497 Y121.4477 Z0.3822 E0.01878 F1200
G1 X129.5442 Y121.7651 Z0.3722 E0.01878 F1200
G1 X129.4304 Y122.0796 Z0.3621 E0.01878 F1200
G1 X129.3083 Y122.3912 Z0.3521 E0.01879 F1200
G1 X129.1782 Y122.6995 Z0.3421 E0.01879 F1200
G1 X129.0399 Y123.0043 Z0.3320 E0.01879 F1200
G1 X128.8937 Y123.3054 Z0.3220 E0.01880 F1200
G1 X128.7397 Y123.6027 Z0.3119 E0.01880 F1200
G1 X128.5779 Y123.8958 Z0.3019 E0.01880 F1200
G1 X128.4085 Y124.1847 Z0.2919 E0.01881 F1200
G1 X128.2315 Y124.4691 Z0.2818 E0.01881 F1200
G1 X128.0471 Y124.7488 Z0.2718 E0.01881 F1200
G1 X127.8554 Y125.0237 Z0.2617 E0.01881 F1200
G1 X127.6566 Y125.2934 Z0.2516 E0.01882 F1200
G1 X127.4507 Y125.5579 Z0.2416 E0.01882 F1200
G1 X127.2379 Y125.8170 Z0.2315 E0.01882 F1200
G1 X127.0184 Y126.0704 Z0.2250 E0.01882 F1200
G1 X126.7923 Y126.3181 Z0.2250 E0.01882 F1200
G1 X126.5598 Y126.5598 Z0.2250 E0.01882 F1200
G1 X126.3210 Y126.7954 Z0.2250 E0.01883 F1200
G1 X126.0760 Y127.0246 Z0.2250 E0.01883 F1200
G1 X125.8251 Y127.2475 Z0.2250 E0.01883 F1200
G1 X125.5684 Y127.4637 Z0.2250 E0.01884 F1200
G1 X125.3061 Y127.6731 Z0.2250 E0.01884 F1200
G1 X125.0383 Y127.8756 Z0.2250 E0.01884 F1200
G1 X124.7653 Y128.0711 Z0.2250 E0.01885 F1200
G1 X124.4873 Y128.2594 Z0.2250 E0.01885 F1200
G1 X124.2043 Y128.4404 Z0.2250 E0.01885 F1200
G1 X123.9167 Y128.6140 Z0.2250 E0.01886 F1200
G1 X123.6245 Y128.7800 Z0.2250 E0.01886 F1200
G1 X123.3281 Y128.9383 Z0.2250 E0.01886 F1200
G1 X123.0276 Y129.0888 Z0.2250 E0.01886 F1200
G1 X122.7232 Y129.2314 Z0.2250 E0.01887 F1200
G1 X122.4151 Y129.3661 Z0.2250 E0.01887 F1200
G1 X122.1035 Y129.4926 Z0.2250 E0.01887 F1200
G1 X121.7887 Y129.6110 Z0.2250 E0.01888 F1200
G1 X121.4709 Y129.7211 Z0.2250 E0.01888 F1200
G1 X121.1502 Y129.8228 Z0.2250 E0.01888 F1200
G1 X120.8269 Y129.9162 Z0.2250 E0.01889 F1200
G1 X120.5012 Y130.0010 Z0.2250 E0.01889 F1200
G1 X120.1734 Y130.0773 Z0.2250 E0.01889 F1200
G1 X119.8436 Y130.1451 Z0.2250 E0.01890 F1200
G1 X119.5121 Y130.2041 Z0.2250 E0.01890 F1200
G1 X119.1792 Y130.2545 Z0.2250 E0.01890 F1200
G1 X118.8449 Y130.2962 Z0.2250 E0.01890 F1200
G1 X118.5097 Y130.3291 Z0.2250 E0.01891 F1200
G1 X118.1736 Y130.3532 Z0.2250 E0.01891 F1200
G1 X117.8370 Y130.3685 Z0.2250 E0.01891 F1200
G1 X117.5000 Y130.3750 Z0.2250 E0.01892 F1200
G1 X117.1629 Y130.3727 Z0.2250 E0.01892 F1200
G1 X116.8260 Y130.3615 Z0.2250 E0.01892 F1200
G1 X116.4893 Y130.3415 Z0.2250 E0.01893 F1200
G1 X116.1533 Y130.3128 Z0.2250 E0.01893 F1200
G1 X115.8181 Y130.2752 Z0.2250 E0.01893 F1200
G1 X115.4840 Y130.2288 Z0.2250 E0.01894 F1200
G1 X115.1511 Y130.1737 Z0.2250 E0.01894 F1200
G1 X114.8197 Y130.1100 Z0.2250 E0.01894 F1200
G1 X114.4900 Y130.0375 Z0.2250 E0.01894 F1200
G1 X114.1623 Y129.9564 Z0.2250 E0.01895 F1200
G1 X113.8368 Y129.8668 Z0.2250 E0.01895 F1200
G1 X113.5137 Y129.7686 Z0.2250 E0.01895 F1200
G1 X113.1932 Y129.6620 Z0.2250 E0.01896 F1200
G1 X112.8756 Y129.5471 Z0.2250 E0.01896 F1200
G1 X112.5610 Y129.4238 Z0.2250 E0.01896 F1200
G1 X112.2497 Y129.2923 Z0.2250 E0.01897 F1200
G1 X111.9419 Y129.1528 Z0.2250 E0.01897 F1200
G1 X111.6378 Y129.0051 Z0.2250 E0.01897 F1200
G1 X111.3377 Y128.8496 Z0.2250 E0.01897 F1200
G1 X111.0417 Y128.6862 Z0.2250 E0.01898 F1200
G1 X110.7500 Y128.5150 Z0.2250 E0.01898 F1200
G1 X110.4628 Y128.3363 Z0.2250 E0.01898 F1200
G1 X110.1804 Y128.1501 Z0.2250 E0.01899 F1200
G1 X109.9029 Y127.9565 Z0.2250 E0.01899 F1200
G1 X109.6305 Y127.7557 Z0.2250 E0.01899 F1200
G1 X109.3634 Y127.5478 Z0.2250 E0.01900 F1200
G1 X109.1018 Y127.3330 Z0.2250 E0.01900 F1200
G1 X108.8459 Y127.1113 Z0.2250 E0.01900 F1200
G1 X108.5958 Y126.8830 Z0.2250 E0.01901 F1200
G1 X108.3518 Y126.6482 Z0.2250 E0.01901 F1200
G1 X108.1140 Y126.4070 Z0.2250 E0.01901 F1200
G1 X107.8825 Y126.1597 Z0.2250 E0.01901 F1200
G1 X107.6575 Y125.9063 Z0.2250 E0.01902 F1200
G1 X107.4392 Y125.6471 Z0.2250 E0.01902 F1200
G1 X107.2277 Y125.3822 Z0.2250 E0.01902 F1200
G1 X107.0232 Y125.1118 Z0.2250 E0.01903 F1200
G1 X106.8258 Y124.8361 Z0.2250 E0.01903 F1200
G1 X106.6357 Y124.5553 Z0.2250 E0.01903 F1200
G1 X106.4530 Y124.2696 Z0.2250 E0.01904 F1200
G1 X106.2778 Y123.9792 Z0.2250 E0.01904 F1200
G1 X106.1102 Y123.6842 Z0.2250 E0.01904 F1200
G1 X105.9503 Y123.3849 Z0.2250 E0.01905 F1200
G1 X105.7984 Y123.0814 Z0.2250 E0.01905 F1200
G1 X105.6544 Y122.7740 Z0.2250 E0.01905 F1200
G1 X105.5184 Y122.4629 Z0.2250 E0.01905 F1200
G1 X105.3907 Y122.1483 Z0.2250 E0.01906 F1200
G1 X105.2712 Y121.8304 Z0.2250 E0.01906 F1200
G1 X105.1600 Y121.5095 Z0.2250 E0.01906 F1200
G1 X105.0573 Y121.1857 Z0.2250 E0.01907 F1200
G1 X104.9631 Y120.8593 Z0.2250 E0.01907 F1200
G1 X104.8774 Y120.5304 Z0.2250 E0.01907 F1200
G1 X104.8004 Y120.1994 Z0.2250 E0.01908 F1200
G1 X104.7320 Y119.8664 Z0.2250 E0.01908 F1200
G1 X104.6724 Y119.5317 Z0.2250 E0.01908 F1200
G1 X104.6215 Y119.1955 Z0.2250 E0.01909 F1200
G1 X104.5795 Y118.8580 Z0.2250 E0.01909 F1200
G1 X104.5463 Y118.5195 Z0.2250 E0.01909 F1200
G1 X104.5220 Y118.1801 Z0.2250 E0.01909 F1200
G1 X104.5065 Y117.8402 Z0.2250 E0.01910 F1200
G1 X104.5000 Y117.5000 Z0.2250 E0.01910 F1200
G1 X104.5024 Y117.1596 Z0.2250 E0.01910 F1200
G1 X104.5137 Y116.8194 Z0.2250 E0.01911 F1200
G1 X104.5338 Y116.4795 Z0.2250 E0.01911 F1200
G1 X104.5629 Y116.1403 Z0.2250 E0.01911 F1200
G1 X104.6009 Y115.8018 Z0.2250 E0.01912 F1200
G1 X104.6477 Y115.4644 Z0.2250 E0.01912 F1200
G1 X104.7033 Y115.1283 Z0.2250 E0.01912 F1200
G1 X104.7678 Y114.7937 Z0.2250 E0.01912 F1200
G1 X104.8410 Y114.4608 Z0.2250 E0.01913 F1200
G1 X104.9228 Y114.1300 Z0.2250 E0.01913 F1200
G1 X105.0134 Y113.8013 Z0.2250 E0.01913 F1200
G1 X105.1125 Y113.4751 Z0.2250 E0.01914 F1200
G1 X105.2201 Y113.1515 Z0.2250 E0.01914 F1200
G1 X105.3362 Y112.8308 Z0.2250 E0.01914 F1200
G1 X105.4607 Y112.5132 Z0.2250 E0.01915 F1200
G1 X105.5935 Y112.1989 Z0.2250 E0.01915 F1200
G1 X105.7344 Y111.8881 Z0.2250 E0.01915 F1200
G1 X105.8835 Y111.5811 Z0.2250 E0.01916 F1200
G1 X106.0406 Y111.2780 Z0.2250 E0.01916 F1200
G1 X106.2056 Y110.9792 Z0.2250 E0.01916 F1200
G1 X106.3784 Y110.6847 Z0.2250 E0.01916 F1200
G1 X106.5588 Y110.3947 Z0.2250 E0.01917 F1200
G1 X106.7469 Y110.1096 Z0.2250 E0.01917 F1200
G1 X106.9423 Y109.8294 Z0.2250 E0.01917 F1200
G1 X107.1451 Y109.5544 Z0.2250 E0.01918 F1200
G1 X107.3550 Y109.2847 Z0.2250 E0.01918 F1200
G1 X107.5719 Y109.0206 Z0.2250 E0.01918 F1200
G1 X107.7958 Y108.7623 Z0.2250 E0.01919 F1200
G1 X108.0263 Y108.5098 Z0.2250 E0.01919 F1200
G1 X108.2634 Y108.2634 Z0.2250 E0.01919 F1200
G1 X108.5069 Y108.0233 Z0.2250 E0.01920 F1200
G1 X108.7567 Y107.7896 Z0.2250 E0.01920 F1200
G1 X109.0125 Y107.5624 Z0.2250 E0.01920 F1200
G1 X109.2743 Y107.3421 Z0.2250 E0.01920 F1200
G1 X109.5417 Y107.1286 Z0.2250 E0.01921 F1200
G1 X109.8147 Y106.9221 Z0.2250 E0.01921 F1200
G1 X110.0931 Y106.7228 Z0.2250 E0.01921 F1200
G1 X110.3766 Y106.5309 Z0.2250 E0.01922 F1200
G1 X110.6651 Y106.3464 Z0.2250 E0.01922 F1200
G1 X110.9583 Y106.1695 Z0.2250 E0.01922 F1200
G1 X111.2562 Y106.0003 Z0.2250 E0.01923 F1200
G1 X111.5584 Y105.8390 Z0.2250 E0.01923 F1200
G1 X111.8648 Y105.6855 Z0.2250 E0.01923 F1200
G1 X112.1751 Y105.5402 Z0.2250 E0.01924 F1200
G1 X112.4892 Y105.4030 Z0.2250 E0.01924 F1200
G1 X112.8069 Y105.2740 Z0.2250 E0.01924 F1200
G1 X113.1278 Y105.1534 Z0.2250 E0.01924 F1200
G1 X113.4519 Y105.0412 Z0.2250 E0.01925 F1200
G1 X113.7788 Y104.9375 Z0.2250 E0.01925 F1200
G1 X114.1084 Y104.8423 Z0.2250 E0.01925 F1200
G1 X114.4404 Y104.7559 Z0.2250 E0.01926 F1200
G1 X114.7746 Y104.6781 Z0.2250 E0.01926 F1200
G1 X115.1108 Y104.6091 Z0.2250 E0.01926 F1200
G1 X115.4488 Y104.5489 Z0.2250 E0.01927 F1200
G1 X115.7882 Y104.4976 Z0.2250 E0.01927 F1200
G1 X116.1289 Y104.4552 Z0.2250 E0.01927 F1200
G1 X116.4707 Y104.4217 Z0.2250 E0.01927 F1200
G1 X116.8133 Y104.3971 Z0.2250 E0.01928 F1200
G1 X117.1565 Y104.3816 Z0.2250 E0.01928 F1200
G1 X117.5000 Y104.3750 Z0.2250 E0.01928 F1200
G1 X117.8436 Y104.3774 Z0.2250 E0.01929 F1200
G1 X118.1871 Y104.3888 Z0.2250 E0.01929 F1200
G1 X118.5303 Y104.4092 Z0.2250 E0.01929 F1200
G1 X118.8728 Y104.4386 Z0.2250 E0.01930 F1200
G1 X119.2145 Y104.4770 Z0.2250 E0.01930 F1200
G1 X119.5552 Y104.5242 Z0.2250 E0.01930 F1200
G1 X119.8945 Y104.5804 Z0.2250 E0.01931 F1200
G1 X120.2323 Y104.6455 Z0.2250 E0.01931 F1200
G1 X120.5683 Y104.7194 Z0.2250 E0.01931 F1200
G1 X120.9024 Y104.8021 Z0.2250 E0.01931 F1200
G1 X121.2342 Y104.8935 Z0.2250 E0.01932 F1200
G1 X121.5636 Y104.9936 Z0.2250 E0.01932 F1200
G1 X121.8903 Y105.1023 Z0.2250 E0.01932 F1200
G1 X122.2140 Y105.2195 Z0.2250 E0.01933 F1200
G1 X122.5347 Y105.3452 Z0.2250 E0.01933 F1200
G1 X122.8520 Y105.4793 Z0.2250 E0.01933 F1200
G1 X123.1657 Y105.6216 Z0.2250 E0.01934 F1200
G1 X123.4756 Y105.7721 Z0.2250 E0.01934 F1200
G1 X123.7816 Y105.9307 Z0.2250 E0.01934 F1200
G1 X124.0833 Y106.0973 Z0.2250 E0.01935 F1200
G1 X124.3807 Y106.2718 Z0.2250 E0.01935 F1200
G1 X124.6733 Y106.4540 Z0.2250 E0.01935 F1200
G1 X124.9612 Y106.6439 Z0.2250 E0.01935 F1200
G1 X125.2441 Y106.8412 Z0.2250 E0.01936 F1200
G1 X125.5217 Y107.0459 Z0.2250 E0.01936 F1200
G1 X125.7939 Y107.2579 Z0.2250 E0.01936 F1200
G1 X126.0605 Y107.4769 Z0.2250 E0.01937 F1200
G1 X126.3214 Y107.7029 Z0.2250 E0.01937 F1200
G1 X126.5762 Y107.9356 Z0.2250 E0.01937 F1200
G1 X126.8250 Y108.1750 Z0.2250 E0.01938 F1200
G1 X127.0674 Y108.4209 Z0.2250 E0.01938 F1200
G1 X127.3033 Y108.6731 Z0.2250 E0.01938 F1200
G1 X127.5326 Y108.9313 Z0.2250 E0.01939 F1200
G1 X127.7551 Y109.1956 Z0.2250 E0.01939 F1200
G1 X127.9706 Y109.4656 Z0.2250 E0.01939 F1200
G1 X128.1790 Y109.7412 Z0.2250 E0.01939 F1200
G1 X128.3802 Y110.0223 Z0.2250 E0.01940 F1200
G1 X128.5739 Y110.3085 Z0.2250 E0.01940 F1200
G1 X128.7602 Y110.5998 Z0.2250 E0.01940 F1200
G1 X128.9388 Y110.8958 Z0.2250 E0.01941 F1200
G1 X129.1095 Y111.1965 Z0.2250 E0.01941 F1200
G1 X129.2724 Y111.5017 Z0.2250 E0.01941 F1200
G1 X129.4273 Y111.8110 Z0.2250 E0.01942 F1200
G1 X129.5740 Y112.1243 Z0.2250 E0.01942 F1200
G1 X129.7125 Y112.4414 Z0.2250 E0.01942 F1200
G1 X129.8427 Y112.7621 Z0.2250 E0.01942 F1200
G1 X129.9645 Y113.0861 Z0.2250 E0.01943 F1200
G1 X130.0777 Y113.4133 Z0.2250 E0.01943 F1200
G1 X130.1824 Y113.7433 Z0.2250 E0.01943 F1200
G1 X130.2784 Y114.0760 Z0.2250 E0.01944 F1200
G1 X130.3657 Y114.4112 Z0.2250 E0.01944 F1200
G1 X130.4442 Y114.7486 Z0.2250 E0.01944 F1200
G1 X130.5138 Y115.0880 Z0.2250 E0.01945 F1200
G1 X130.5745 Y115.4292 Z0.2250 E0.01945 F1200
G1 X130.6263 Y115.7719 Z0.2250 E0.01945 F1200
G1 X130.6691 Y116.1159 Z0.2250 E0.01946 F1200
G1 X130.7029 Y116.4609 Z0.2250 E0.01946 F1200
G1 X130.7277 Y116.8068 Z0.2250 E0.01946 F1200
G1 X130.7434 Y117.1532 Z0.2250 E0.01946 F1200
G1 X130.7500 Y117.5000 Z0.2250 E0.01947 F1200
G1 X130.7475 Y117.8469 Z0.2250 E0.01947 F1200
G1 X130.7360 Y118.1937 Z0.2250 E0.01947 F1200
G1 X130.7154 Y118.5401 Z0.2250 E0.01948 F1200
G1 X130.6857 Y118.8859 Z0.2250 E0.01948 F1200
G1 X130.6470 Y119.2308 Z0.2250 E0.01948 F1200
G1 X130.5992 Y119.5747 Z0.2250 E0.01949 F1200
G1 X130.5425 Y119.9173 Z0.2250 E0.01949 F1200
G1 X130.4768 Y120.2583 Z0.2250 E0.01949 F1200
G1 X130.4021 Y120.5975 Z0.2250 E0.01950 F1200
G1 X130.3186 Y120.9347 Z0.2250 E0.01950 F1200
G1 X130.2263 Y121.2697 Z0.2250 E0.01950 F1200
G1 X130.1253 Y121.6022 Z0.2250 E0.01950 F1200
G1 X130.0155 Y121.9320 Z0.2250 E0.01951 F1200
G1 X129.8972 Y122.2588 Z0.2250 E0.01951 F1200
G1 X129.7703 Y122.5825 Z0.2250 E0.01951 F1200
G1 X129.6349 Y122.9028 Z0.2250 E0.01952 F1200
G1 X129.4912 Y123.2195 Z0.2250 E0.01952 F1200
G1 X129.3392 Y123.5324 Z0.2250 E0.01952 F1200
G1 X129.1791 Y123.8412 Z0.2250 E0.01953 F1200
G1 X129.0109 Y124.1458 Z0.2250 E0.01953 F1200
G1 X128.8348 Y124.4460 Z0.2250 E0.01953 F1200
G1 X128.6508 Y124.7414 Z0.2250 E0.01953 F1200
G1 X128.4592 Y125.0320 Z0.2250 E0.01954 F1200
G1 X128.2599 Y125.3175 Z0.2250 E0.01954 F1200
G1 X128.0533 Y125.5978 Z0.2250 E0.01954 F1200
G1 X127.8393 Y125.8726 Z0.2250 E0.01955 F1200
G1 X127.6182 Y126.1417 Z0.2250 E0.01955 F1200
G1 X127.3900 Y126.4050 Z0.2250 E0.01955 F1200
G1 X127.1550 Y126.6623 Z0.2250 E0.01956 F1200
G1 X126.9134 Y126.9134 Z0.2250 E0.01956 F1200
G1 X126.6652 Y127.1581 Z0.2250 E0.01956 F1200
G1 X126.4106 Y127.3962 Z0.2250 E0.01957 F1200
G1 X126.1498 Y127.6277 Z0.2250 E0.01957 F1200
G1 X125.8831 Y127.8522 Z0.2250 E0.01957 F1200
G1 X125.6105 Y128.0698 Z0.2250 E0.01957 F1200
G1 X125.3322 Y128.2802 Z0.2250 E0.01958 F1200
G1 X125.0485 Y128.4832 Z0.2250 E0.01958 F1200
G1 X124.7596 Y128.6788 Z0.2250 E0.01958 F1200
G1 X124.4656 Y128.8668 Z0.2250 E0.01959 F1200
G1 X124.1667 Y129.0470 Z0.2250 E0.01959 F1200
G1 X123.8631 Y129.2194 Z0.2250 E0.01959 F1200
G1 X123.5551 Y129.3838 Z0.2250 E0.01960 F1200
G1 X123.2428 Y129.5401 Z0.2250 E0.01960 F1200
G1 X122.9265 Y129.6882 Z0.2250 E0.01960 F1200
G1 X122.6064 Y129.8280 Z0.2250 E0.01961 F1200
G1 X122.2827 Y129.9594 Z0.2250 E0.01961 F1200
G1 X121.9556 Y130.0823 Z0.2250 E0.01961 F1200
G1 X121.6254 Y130.1966 Z0.2250 E0.01961 F1200
G1 X121.2922 Y130.3022 Z0.2250 E0.01962 F1200
G1 X120.9563 Y130.3991 Z0.2250 E0.01962 F1200
G1 X120.6180 Y130.4872 Z0.2250 E0.01962 F1200
G1 X120.2774 Y130.5664 Z0.2250 E0.01963 F1200
G1 X119.9347 Y130.6367 Z0.2250 E0.01963 F1200
G1 X119.5904 Y130.6980 Z0.2250 E0.01963 F1200
G1 X119.2444 Y130.7502 Z0.2250 E0.01964 F1200
G1 X118.8972 Y130.7934 Z0.2250 E0.01964 F1200
G1 X118.5489 Y130.8275 Z0.2250 E0.01964 F1200
G1 X118.1998 Y130.8525 Z0.2250 E0.01965 F1200
G1 X117.8501 Y130.8683 Z0.2250 E0.01965 F1200
G1 X117.5000 Y130.8750 Z0.2250 E0.01965 F1200
G1 X117.1498 Y130.8725 Z0.2250 E0.01965 F1200
G1 X116.7998 Y130.8608 Z0.2250 E0.01966 F1200
G1 X116.4501 Y130.8400 Z0.2250 E0.01966 F1200
G1 X116.1011 Y130.8100 Z0.2250 E0.01966 F1200
G1 X115.7529 Y130.7709 Z0.2250 E0.01967 F1200
G1 X115.4057 Y130.7227 Z0.2250 E0.01967 F1200
G1 X115.0599 Y130.6654 Z0.2250 E0.01967 F1200
G1 X114.7157 Y130.5990 Z0.2250 E0.01968 F1200
G1 X114.3733 Y130.5237 Z0.2250 E0.01968 F1200
G1 X114.0329 Y130.4394 Z0.2250 E0.01968 F1200
G1 X113.6948 Y130.3462 Z0.2250 E0.01968 F1200
G1 X113.3592 Y130.2442 Z0.2250 E0.01969 F1200
G1 X113.0263 Y130.1334 Z0.2250 E0.01969 F1200
G1 X112.6964 Y130.0139 Z0.2250 E0.01969 F1200
G1 X112.3697 Y129.8858 Z0.2250 E0.01970 F1200
G1 X112.0463 Y129.7491 Z0.2250 E0.01970 F1200
G1 X111.7267 Y129.6040 Z0.2250 E0.01970 F1200
G1 X111.4109 Y129.4506 Z0.2250 E0.01971 F1200
G1 X111.0991 Y129.2890 Z0.2250 E0.01971 F1200
G1 X110.7917 Y129.1192 Z0.2250 E0.01971 F1200
G1 X110.4887 Y128.9414 Z0.2250 E0.01972 F1200
G1 X110.1905 Y128.7557 Z0.2250 E0.01972 F1200
G1 X109.8972 Y128.5622 Z0.2250 E0.01972 F1200
G1 X109.6090 Y128.3611 Z0.2250 E0.01972 F1200
G1 X109.3261 Y128.1524 Z0.2250 E0.01973 F1200
G1 X109.0488 Y127.9364 Z0.2250 E0.01973 F1200
G1 X108.7771 Y127.7132 Z0.2250 E0.01973 F1200
G1 X108.5113 Y127.4829 Z0.2250 E0.01974 F1200
G1 X108.2517 Y127.2457 Z0.2250 E0.01974 F1200
G1 X107.9983 Y127.0017 Z0.2250 E0.01974 F1200
G1 X107.7513 Y126.7512 Z0.2250 E0.01975 F1200
G1 X107.5109 Y126.4942 Z0.2250 E0.01975 F1200
G1 X107.2773 Y126.2310 Z0.2250 E0.01975 F1200
G1 X107.0506 Y125.9617 Z0.2250 E0.01976 F1200
G1 X106.8311 Y125.6866 Z0.2250 E0.01976 F1200
G1 X106.6187 Y125.4057 Z0.2250 E0.01976 F1200
G1 X106.4138 Y125.1193 Z0.2250 E0.01976 F1200
G1 X106.2164 Y124.8277 Z0.2250 E0.01977 F1200
G1 X106.0267 Y124.5309 Z0.2250 E0.01977 F1200
G1 X105.8447 Y124.2292 Z0.2250 E0.01977 F1200
G1 X105.6708 Y123.9228 Z0.2250 E0.01978 F1200
G1 X105.5048 Y123.6118 Z0.2250 E0.01978 F1200
G1 X105.3471 Y123.2967 Z0.2250 E0.01978 F1200
G1 X105.1976 Y122.9774 Z0.2250 E0.01979 F1200
G1 X105.0565 Y122.6543 Z0.2250 E0.01979 F1200
G1 X104.9239 Y122.3275 Z0.2250 E0.01979 F1200
G1 X104.7999 Y121.9974 Z0.2250 E0.01980 F1200
G1 X104.6845 Y121.6640 Z0.2250 E0.01980 F1200
G1 X104.5779 Y121.3277 Z0.2250 E0.01980 F1200
G1 X104.4801 Y120.9887 Z0.2250 E0.01980 F1200
G1 X104.3912 Y120.6471 Z0.2250 E0.01981 F1200
G1 X104.3113 Y120.3033 Z0.2250 E0.01981 F1200
G1 X104.2404 Y119.9575 Z0.2250 E0.01981 F1200
G1 X104.1786 Y119.6099 Z0.2250 E0.01982 F1200
G1 X104.1258 Y119.2607 Z0.2250 E0.01982 F1200
G1 X104.0822 Y118.9103 Z0.2250 E0.01982 F1200
G1 X104.0478 Y118.5587 Z0.2250 E0.01983 F1200
G1 X104.0227 Y118.2063 Z0.2250 E0.01983 F1200
G1 X104.0067 Y117.8533 Z0.2250 E0.01983 F1200
G1 X104.0000 Y117.5000 Z0.2250 E0.01983 F1200
G1 X104.0025 Y117.1466 Z0.2250 E0.01984 F1200
G1 X104.0143 Y116.7932 Z0.2250 E0.01984 F1200
G1 X104.0354 Y116.4403 Z0.2250 E0.01984 F1200
G1 X104.0657 Y116.0880 Z0.2250 E0.01985 F1200
G1 X104.1052 Y115.7365 Z0.2250 E0.01985 F1200
G1 X104.1539 Y115.3862 Z0.2250 E0.01985 F1200
G1 X104.2117 Y115.0372 Z0.2250 E0.01986 F1200
G1 X104.2787 Y114.6897 Z0.2250 E0.01986 F1200
G1 X104.3548 Y114.3441 Z0.2250 E0.01986 F1200
G1 X104.4399 Y114.0006 Z0.2250 E0.01987 F1200
G1 X104.5340 Y113.6593 Z0.2250 E0.01987 F1200
G1 X104.6370 Y113.3205 Z0.2250 E0.01987 F1200
G1 X104.7488 Y112.9846 Z0.2250 E0.01987 F1200
G1 X104.8694 Y112.6516 Z0.2250 E0.01988 F1200
G1 X104.9988 Y112.3218 Z0.2250 E0.01988 F1200
G1 X105.1367 Y111.9955 Z0.2250 E0.01988 F1200
G1 X105.2831 Y111.6729 Z0.2250 E0.01989 F1200
G1 X105.4380 Y111.3541 Z0.2250 E0.01989 F1200
G1 X105.6012 Y111.0395 Z0.2250 E0.01989 F1200
G1 X105.7726 Y110.7292 Z0.2250 E0.01990 F1200
G1 X105.9521 Y110.4234 Z0.2250 E0.01990 F1200
G1 X106.1395 Y110.1224 Z0.2250 E0.01990 F1200
G1 X106.3348 Y109.8264 Z0.2250 E0.01991 F1200
G1 X106.5378 Y109.5355 Z0.2250 E0.01991 F1200
G1 X106.7484 Y109.2500 Z0.2250 E0.01991 F1200
G1 X106.9664 Y108.9701 Z0.2250 E0.01991 F1200
G1 X107.1917 Y108.6959 Z0.2250 E0.01992 F1200
G1 X107.4242 Y108.4277 Z0.2250 E0.01992 F1200
G1 X107.6636 Y108.1656 Z0.2250 E0.01992 F1200
G1 X107.9099 Y107.9099 Z0.2250 E0.01993 F1200
G1 X108.1628 Y107.6606 Z0.2250 E0.01993 F1200
G1 X108.4221 Y107.4180 Z0.2250 E0.01993 F1200
G1 X108.6878 Y107.1822 Z0.2250 E0.01994 F1200
G1 X108.9596 Y106.9535 Z0.2250 E0.01994 F1200
G1 X109.2373 Y106.7319 Z0.2250 E0.01994 F1200
G1 X109.5208 Y106.5176 Z0.2250 E0.01995 F1200
G1 X109.8099 Y106.3108 Z0.2250 E0.01995 F1200
G1 X110.1043 Y106.1116 Z0.2250 E0.01995 F1200
G1 X110.4038 Y105.9201 Z0.2250 E0.01995 F1200
G1 X110.7083 Y105.7365 Z0.2250 E0.01996 F1200
G1 X111.0176 Y105.5609 Z0.2250 E0.01996 F1200
G1 X111.3314 Y105.3934 Z0.2250 E0.01996 F1200
G1 X111.6495 Y105.2342 Z0.2250 E0.01997 F1200
G1 X111.9718 Y105.0834 Z0.2250 E0.01997 F1200
G1 X112.2979 Y104.9410 Z0.2250 E0.01997 F1200
G1 X112.6277 Y104.8072 Z0.2250 E0.01998 F1200
G1 X112.9609 Y104.6820 Z0.2250 E0.01998 F1200
G1 X113.2974 Y104.5656 Z0.2250 E0.01998 F1200
G1 X113.6368 Y104.4581 Z0.2250 E0.01998 F1200
G1 X113.9790 Y104.3594 Z0.2250 E0.01999 F1200
G1 X114.3237 Y104.2697 Z0.2250 E0.01999 F1200
G1 X114.6707 Y104.1890 Z0.2250 E0.01999 F1200
G1 X115.0197 Y104.1175 Z0.2250 E0.02000 F1200
G1 X115.3705 Y104.0551 Z0.2250 E0.02000 F1200
G1 X115.7229 Y104.0019 Z0.2250 E0.02000 F1200
G1 X116.0767 Y103.9579 Z0.2250 E0.02001 F1200
G1 X116.4315 Y103.9232 Z0.2250 E0.02001 F1200
G1 X116.7871 Y103.8978 Z0.2250 E0.02001 F1200
G1 X117.1434 Y103.8818 Z0.2250 E0.02002 F1200
G1 X117.5000 Y103.8750 Z0.2250 E0.02002 F1200
G1 X117.8567 Y103.8776 Z0.2250 E0.02002 F1200
G1 X118.2133 Y103.8895 Z0.2250 E0.02002 F1200
G1 X118.5695 Y103.9108 Z0.2250 E0.02003 F1200
G1 X118.9251 Y103.9414 Z0.2250 E0.02003 F1200
G1 X119.2798 Y103.9812 Z0.2250 E0.02003 F1200
G1 X119.6334 Y104.0304 Z0.2250 E0.02004 F1200
G1 X119.9856 Y104.0888 Z0.2250 E0.02004 F1200
G1 X120.3363 Y104.1564 Z0.2250 E0.02004 F1200
G1 X120.6851 Y104.2332 Z0.2250 E0.02005 F1200
G1 X121.0318 Y104.3191 Z0.2250 E0.02005 F1200
G1 X121.3762 Y104.4141 Z0.2250 E0.02005 F1200
G1 X121.7181 Y104.5181 Z0.2250 E0.02006 F1200
G1 X122.0572 Y104.6310 Z0.2250 E0.02006 F1200
G1 X122.3932 Y104.7527 Z0.2250 E0.02006 F1200
G1 X122.7260 Y104.8833 Z0.2250 E0.02006 F1200
G1 X123.0553 Y105.0225 Z0.2250 E0.02007 F1200
G1 X123.3810 Y105.1703 Z0.2250 E0.02007 F1200
G1 X123.7026 Y105.3266 Z0.2250 E0.02007 F1200
G1 X124.0202 Y105.4913 Z0.2250 E0.02008 F1200
G1 X124.3333 Y105.6643 Z0.2250 E0.02008 F1200
G1 X124.6419 Y105.8455 Z0.2250 E0.02008 F1200
G1 X124.9457 Y106.0347 Z0.2250 E0.02009 F1200
G1 X125.2444 Y106.2318 Z0.2250 E0.02009 F1200
G1 X125.5380 Y106.4367 Z0.2250 E0.02009 F1200
G1 X125.8261 Y106.6492 Z0.2250 E0.02010 F1200
G1 X126.1086 Y106.8693 Z0.2250 E0.02010 F1200
G1 X126.3853 Y107.0967 Z0.2250 E0.02010 F1200
G1 X126.6559 Y107.3313 Z0.2250 E0.02010 F1200
G1 X126.9204 Y107.5729 Z0.2250 E0.02011 F1200
G1 X127.1785 Y107.8215 Z0.2250 E0.02011 F1200
G1 X127.4301 Y108.0767 Z0.2250 E0.02011 F1200
G1 X127.6749 Y108.3385 Z0.2250 E0.02012 F1200
G1 X127.9128 Y108.6066 Z0.2250 E0.02012 F1200
G1 X128.1437 Y108.8809 Z0.2250 E0.02012 F1200
G1 X128.3673 Y109.1612 Z0.2250 E0.02013 F1200
G1 X128.5835 Y109.4473 Z0.2250 E0.02013 F1200
G1 X128.7922 Y109.7391 Z0.2250 E0.02013 F1200
G1 X128.9933 Y110.0362 Z0.2250 E0.02013 F1200
G1 X129.1865 Y110.3385 Z0.2250 E0.02014 F1200
G1 X129.3718 Y110.6458 Z0.2250 E0.02014 F1200
G1 X129.5489 Y110.9580 Z0.2250 E0.02014 F1200
G1 X129.7179 Y111.2747 Z0.2250 E0.02015 F1200
G1 X129.8786 Y111.5957 Z0.2250 E0.02015 F1200
G1 X130.0308 Y111.9209 Z0.2250 E0.02015 F1200
G1 X130.1745 Y112.2501 Z0.2250 E0.02016 F1200
G1 X130.3095 Y112.5829 Z0.2250 E0.02016 F1200
G1 X130.4358 Y112.9192 Z0.2250 E0.02016 F1200
G1 X130.5533 Y113.2587 Z0.2250 E0.02017 F1200
G1 X130.6618 Y113.6013 Z0.2250 E0.02017 F1200
G1 X130.7614 Y113.9466 Z0.2250 E0.02017 F1200
G1 X130.8519 Y114.2945 Z0.2250 E0.02017 F1200
G1 X130.9332 Y114.6447 Z0.2250 E0.02018 F1200
G1 X131.0054 Y114.9969 Z0.2250 E0.02018 F1200
G1 X131.0684 Y115.3510 Z0.2250 E0.02018 F1200
G1 X131.1220 Y115.7066 Z0.2250 E0.02019 F1200
G1 X131.1664 Y116.0636 Z0.2250 E0.02019 F1200
G1 X131.2014 Y116.4217 Z0.2250 E0.02019 F1200
G1 X131.2270 Y116.7806 Z0.2250 E0.02020 F1200
G1 X131.2432 Y117.1401 Z0.2250 E0.02020 F1200
G1 X131.2500 Y117.5000 Z0.2250 E0.02020 F1200
G1 X131.2474 Y117.8600 Z0.2250 E0.02021 F1200
G1 X131.2353 Y118.2198 Z0.2250 E0.02021 F1200
G1 X131.2138 Y118.5793 Z0.2250 E0.02021 F1200
G1 X131.1830 Y118.9381 Z0.2250 E0.02021 F1200
G1 X131.1427 Y119.2961 Z0.2250 E0.02022 F1200
G1 X131.0931 Y119.6529 Z0.2250 E0.02022 F1200
G1 X131.0341 Y120.0084 Z0.2250 E0.02022 F1200
G1 X130.9658 Y120.3623 Z0.2250 E0.02023 F1200
G1 X130.8883 Y120.7143 Z0.2250 E0.02023 F1200
G1 X130.8016 Y121.0642 Z0.2250 E0.02023 F1200
G1 X130.7057 Y121.4117 Z0.2250 E0.02024 F1200
G1 X130.6008 Y121.7567 Z0.2250 E0.02024 F1200
G1 X130.4869 Y122.0989 Z0.2250 E0.02024 F1200
G1 X130.3640 Y122.4380 Z0.2250 E0.02025 F1200
G1 X130.2322 Y122.7739 Z0.2250 E0.02025 F1200
G1 X130.0917 Y123.1062 Z0.2250 E0.02025 F1200
G1 X129.9425 Y123.4348 Z0.2250 E0.02025 F1200
G1 X129.7848 Y123.7594 Z0.2250 E0.02026 F1200
G1 X129.6185 Y124.0798 Z0.2250 E0.02026 F1200
G1 X129.4439 Y124.3958 Z0.2250 E0.02026 F1200
G1 X129.2611 Y124.7072 Z0.2250 E0.02027 F1200
G1 X129.0702 Y125.0137 Z0.2250 E0.02027 F1200
G1 X128.8712 Y125.3152 Z0.2250 E0.02027 F1200
G1 X128.6644 Y125.6114 Z0.2250 E0.02028 F1200
G1 X128.4499 Y125.9022 Z0.2250 E0.02028 F1200
G1 X128.2279 Y126.1872 Z0.2250 E0.02028 F1200
G1 X127.9984 Y126.4664 Z0.2250 E0.02028 F1200
G1 X127.7616 Y126.7396 Z0.2250 E0.02029 F1200
G1 X127.5177 Y127.0065 Z0.2250 E0.02029 F1200
G1 X127.2669 Y127.2669 Z0.2250 E0.02029 F1200
G1 X127.0093 Y127.5207 Z0.2250 E0.02030 F1200
G1 X126.7452 Y127.7678 Z0.2250 E0.02030 F1200
G1 X126.4746 Y128.0079 Z0.2250 E0.02030 F1200
G1 X126.1977 Y128.2408 Z0.2250 E0.02031 F1200
G1 X125.9149 Y128.4665 Z0.2250 E0.02031 F1200
G1 X125.6261 Y128.6847 Z0.2250 E0.02031 F1200
G1 X125.3317 Y128.8953 Z0.2250 E0.02032 F1200
G1 X125.0319 Y129.0981 Z0.2250 E0.02032 F1200
G1 X124.7268 Y129.2931 Z0.2250 E0.02032 F1200
G1 X124.4167 Y129.4800 Z0.2250 E0.02032 F1200
G1 X124.1017 Y129.6588 Z0.2250 E0.02033 F1200
G1 X123.7821 Y129.8293 Z0.2250 E0.02033 F1200
G1 X123.4581 Y129.9914 Z0.2250 E0.02033 F1200
G1 X123.1299 Y130.1450 Z0.2250 E0.02034 F1200
G1 X122.7978 Y130.2900 Z0.2250 E0.02034 F1200
G1 X122.4619 Y130.4262 Z0.2250 E0.02034 F1200
G1 X122.1225 Y130.5536 Z0.2250 E0.02035 F1200
G1 X121.7799 Y130.6721 Z0.2250 E0.02035 F1200
G1 X121.4342 Y130.7817 Z0.2250 E0.02035 F1200
G1 X121.0857 Y130.8821 Z0.2250 E0.02036 F1200
G1 X120.7347 Y130.9734 Z0.2250 E0.02036 F1200
G1 X120.3813 Y131.0555 Z0.2250 E0.02036 F1200
G1 X120.0259 Y131.1283 Z0.2250 E0.02036 F1200
G1 X119.6686 Y131.1918 Z0.2250 E0.02037 F1200
G1 X119.3097 Y131.2460 Z0.2250 E0.02037 F1200
G1 X118.9495 Y131.2907 Z0.2250 E0.02037 F1200
G1 X118.5881 Y131.3260 Z0.2250 E0.02038 F1200
G1 X118.2259 Y131.3518 Z0.2250 E0.02038 F1200
G1 X117.8632 Y131.3682 Z0.2250 E0.02038 F1200
G1 X117.5000 Y131.3750 Z0.2250 E0.02039 F1200
G1 X117.1367 Y131.3723 Z0.2250 E0.02039 F1200
G1 X116.7736 Y131.3601 Z0.2250 E0.02039 F1200
G1 X116.4109 Y131.3385 Z0.2250 E0.02040 F1200
G1 X116.0488 Y131.3073 Z0.2250 E0.02040 F1200
G1 X115.6876 Y131.2666 Z0.2250 E0.02040 F1200
G1 X115.3275 Y131.2165 Z0.2250 E0.02040 F1200
G1 X114.9688 Y131.1570 Z0.2250 E0.02041 F1200
G1 X114.6118 Y131.0881 Z0.2250 E0.02041 F1200
G1 X114.2566 Y131.0099 Z0.2250 E0.02041 F1200
G1 X113.9035 Y130.9223 Z0.2250 E0.02042 F1200
G1 X113.5528 Y130.8256 Z0.2250 E0.02042 F1200
G1 X113.2047 Y130.7197 Z0.2250 E0.02042 F1200
G1 X112.8594 Y130.6047 Z0.2250 E0.02043 F1200
G1 X112.5172 Y130.4807 Z0.2250 E0.02043 F1200
G1 X112.1783 Y130.3477 Z0.2250 E0.02043 F1200
G1 X111.8430 Y130.2059 Z0.2250 E0.02043 F1200
G1 X111.5114 Y130.0553 Z0.2250 E0.02044 F1200
G1 X111.1839 Y129.8961 Z0.2250 E0.02044 F1200
G1 X110.8605 Y129.7284 Z0.2250 E0.02044 F1200
G1 X110.5417 Y129.5522 Z0.2250 E0.02045 F1200
G1 X110.2275 Y129.3677 Z0.2250 E0.02045 F1200
G1 X109.9182 Y129.1750 Z0.2250 E0.02045 F1200
G1 X109.6140 Y128.9742 Z0.2250 E0.02046 F1200
G1 X109.3151 Y128.7656 Z0.2250 E0.02046 F1200
G1 X109.0217 Y128.5491 Z0.2250 E0.02046 F1200
G1 X108.7341 Y128.3250 Z0.2250 E0.02047 F1200
G1 X108.4524 Y128.0934 Z0.2250 E0.02047 F1200
G1 X108.1768 Y127.8545 Z0.2250 E0.02047 F1200
G1 X107.9075 Y127.6084 Z0.2250 E0.02047 F1200
G1 X107.6447 Y127.3553 Z0.2250 E0.02048 F1200
G1 X107.3886 Y127.0954 Z0.2250 E0.02048 F1200
G1 X107.1393 Y126.8288 Z0.2250 E0.02048 F1200
G1 X106.8971 Y126.5557 Z0.2250 E0.02049 F1200
G1 X106.6621 Y126.2764 Z0.2250 E0.02049 F1200
G1 X106.4344 Y125.9910 Z0.2250 E0.02049 F1200
G1 X106.2142 Y125.6996 Z0.2250 E0.02050 F1200
G1 X106.0017 Y125.4025 Z0.2250 E0.02050 F1200
G1 X105.7971 Y125.1000 Z0.2250 E0.02050 F1200
G1 X105.6003 Y124.7921 Z0.2250 E0.02051 F1200
G1 X105.4117 Y124.4792 Z0.2250 E0.02051 F1200
G1 X105.2313 Y124.1613 Z0.2250 E0.02051 F1200
G1 X105.0593 Y123.8388 Z0.2250 E0.02051 F1200
G1 X104.8958 Y123.5119 Z0.2250 E0.02052 F1200
G1 X104.7408 Y123.1808 Z0.2250 E0.02052 F1200
G1 X104.5946 Y122.8456 Z0.2250 E0.02052 F1200
G1 X104.4571 Y122.5067 Z0.2250 E0.02053 F1200
G1 X104.3285 Y122.1643 Z0.2250 E0.02053 F1200
G1 X104.2090 Y121.8185 Z0.2250 E0.02053 F1200
G1 X104.0985 Y121.4697 Z0.2250 E0.02054 F1200
G1 X103.9972 Y121.1181 Z0.2250 E0.02054 F1200
G1 X103.9051 Y120.7639 Z0.2250 E0.02054 F1200
G1 X103.8222 Y120.4073 Z0.2250 E0.02055 F1200
G1 X103.7488 Y120.0486 Z0.2250 E0.02055 F1200
G1 X103.6847 Y119.6881 Z0.2250 E0.02055 F1200
G1 X103.6301 Y119.3260 Z0.2250 E0.02055 F1200
G1 X103.5850 Y118.9625 Z0.2250 E0.02056 F1200
G1 X103.5494 Y118.5979 Z0.2250 E0.02056 F1200
G1 X103.5233 Y118.2325 Z0.2250 E0.02056 F1200
G1 X103.5069 Y117.8664 Z0.2250 E0.02057 F1200
G1 X103.5000 Y117.5000 Z0.2250 E0.02057 F1200
G1 X103.5027 Y117.1335 Z0.2250 E0.02057 F1200
G1 X103.5150 Y116.7671 Z0.2250 E0.02058 F1200
G1 X103.5369 Y116.4011 Z0.2250 E0.02058 F1200
G1 X103.5684 Y116.0357 Z0.2250 E0.02058 F1200
G1 X103.6094 Y115.6713 Z0.2250 E0.02058 F1200
G1 X103.6600 Y115.3080 Z0.2250 E0.02059 F1200
G1 X103.7201 Y114.9460 Z0.2250 E0.02059 F1200
G1 X103.7896 Y114.5858 Z0.2250 E0.02059 F1200
G1 X103.8686 Y114.2274 Z0.2250 E0.02060 F1200
G1 X103.9569 Y113.8711 Z0.2250 E0.02060 F1200
G1 X104.0546 Y113.5173 Z0.2250 E0.02060 F1200
G1 X104.1614 Y113.1660 Z0.2250 E0.02061 F1200
G1 X104.2775 Y112.8177 Z0.2250 E0.02061 F1200
G1 X104.4026 Y112.4724 Z0.2250 E0.02061 F1200
G1 X104.5368 Y112.1305 Z0.2250 E0.02062 F1200
G1 X104.6799 Y111.7921 Z0.2250 E0.02062 F1200
G1 X104.8318 Y111.4576 Z0.2250 E0.02062 F1200
G1 X104.9925 Y111.1271 Z0.2250 E0.02062 F1200
G1 X105.1618 Y110.8009 Z0.2250 E0.02063 F1200
G1 X105.3396 Y110.4792 Z0.2250 E0.02063 F1200
G1 X105.5257 Y110.1622 Z0.2250 E0.02063 F1200
G1 X105.7202 Y109.8501 Z0.2250 E0.02064 F1200
G1 X105.9227 Y109.5432 Z0.2250 E0.02064 F1200
G1 X106.1333 Y109.2416 Z0.2250 E0.02064 F1200
G1 X106.3517 Y108.9456 Z0.2250 E0.02065 F1200
G1 X106.5779 Y108.6554 Z0.2250 E0.02065 F1200
G1 X106.8115 Y108.3712 Z0.2250 E0.02065 F1200
G1 X107.0526 Y108.0931 Z0.2250 E0.02066 F1200
G1 X107.3009 Y107.8214 Z0.2250 E0.02066 F1200
G1 X107.5563 Y107.5563 Z0.2250 E0.02066 F1200
G1 X107.8186 Y107.2979 Z0.2250 E0.02066 F1200
G1 X108.0876 Y107.0464 Z0.2250 E0.02067 F1200
G1 X108.3631 Y106.8020 Z0.2250 E0.02067 F1200
G1 X108.6449 Y106.5649 Z0.2250 E0.02067 F1200
G1 X108.9330 Y106.3352 Z0.2250 E0.02068 F1200
G1 X109.2269 Y106.1131 Z0.2250 E0.02068 F1200
G1 X109.5267 Y105.8987 Z0.2250 E0.02068 F1200
G1 X109.8319 Y105.6922 Z0.2250 E0.02069 F1200
G1 X110.1426 Y105.4938 Z0.2250 E0.02069 F1200
G1 X110.4583 Y105.3035 Z0.2250 E0.02069 F1200
G1 X110.7790 Y105.1215 Z0.2250 E0.02070 F1200
G1 X111.1044 Y104.9479 Z0.2250 E0.02070 F1200
G1 X111.4343 Y104.7829 Z0.2250 E0.02070 F1200
G1 X111.7684 Y104.6266 Z0.2250 E0.02070 F1200
G1 X112.1066 Y104.4791 Z0.2250 E0.02071 F1200
G1 X112.4485 Y104.3404 Z0.2250 E0.02071 F1200
G1 X112.7940 Y104.2107 Z0.2250 E0.02071 F1200
G1 X113.1429 Y104.0901 Z0.2250 E0.02072 F1200
G1 X113.4948 Y103.9786 Z0.2250 E0.02072 F1200
G1 X113.8496 Y103.8764 Z0.2250 E0.02072 F1200
G1 X114.2070 Y103.7835 Z0.2250 E0.02073 F1200
G1 X114.5667 Y103.7000 Z0.2250 E0.02073 F1200
G1 X114.9286 Y103.6259 Z0.2250 E0.02073 F1200
G1 X115.2923 Y103.5612 Z0.2250 E0.02073 F1200
G1 X115.6577 Y103.5062 Z0.2250 E0.02074 F1200
G1 X116.0244 Y103.4607 Z0.2250 E0.02074 F1200
G1 X116.3923 Y103.4248 Z0.2250 E0.02074 F1200
G1 X116.7610 Y103.3985 Z0.2250 E0.02075 F1200
G1 X117.1303 Y103.3819 Z0.2250 E0.02075 F1200
G1 X117.5000 Y103.3750 Z0.2250 E0.02075 F1200
G1 X117.8698 Y103.3778 Z0.2250 E0.02076 F1200
G1 X118.2395 Y103.3902 Z0.2250 E0.02076 F1200
G1 X118.6087 Y103.4123 Z0.2250 E0.02076 F1200
G1 X118.9773 Y103.4441 Z0.2250 E0.02077 F1200
G1 X119.3450 Y103.4855 Z0.2250 E0.02077 F1200
G1 X119.7116 Y103.5366 Z0.2250 E0.02077 F1200
G1 X120.0767 Y103.5972 Z0.2250 E0.02077 F1200
G1 X120.4402 Y103.6674 Z0.2250 E0.02078 F1200
G1 X120.8018 Y103.7470 Z0.2250 E0.02078 F1200
G1 X121.1612 Y103.8362 Z0.2250 E0.02078 F1200
G1 X121.5182 Y103.9347 Z0.2250 E0.02079 F1200
G1 X121.8726 Y104.0426 Z0.2250 E0.02079 F1200
G1 X122.2241 Y104.1597 Z0.2250 E0.02079 F1200
G1 X122.5724 Y104.2859 Z0.2250 E0.02080 F1200
G1 X122.9174 Y104.4213 Z0.2250 E0.02080 F1200
G1 X123.2587 Y104.5657 Z0.2250 E0.02080 F1200
G1 X123.5962 Y104.7190 Z0.2250 E0.02081 F1200
G1 X123.9296 Y104.8811 Z0.2250 E0.02081 F1200
G1 X124.2588 Y105.0519 Z0.2250 E0.02081 F1200
G1 X124.5833 Y105.2313 Z0.2250 E0.02081 F1200
G1 X124.9032 Y105.4192 Z0.2250 E0.02082 F1200
G1 X125.2180 Y105.6153 Z0.2250 E0.02082 F1200
G1 X125.5276 Y105.8197 Z0.2250 E0.02082 F1200
G1 X125.8319 Y106.0322 Z0.2250 E0.02083 F1200
G1 X126.1305 Y106.2526 Z0.2250 E0.02083 F1200
G1 X126.4232 Y106.4807 Z0.2250 E0.02083 F1200
G1 X126.7100 Y106.7165 Z0.2250 E0.02084 F1200
G1 X126.9905 Y106.9597 Z0.2250 E0.02084 F1200
G1 X127.2646 Y107.2103 Z0.2250 E0.02084 F1200
G1 X127.5321 Y107.4679 Z0.2250 E0.02085 F1200
G1 X127.7928 Y107.7325 Z0.2250 E0.02085 F1200
G1 X128.0465 Y108.0039 Z0.2250 E0.02085 F1200
G1 X128.2930 Y108.2819 Z0.2250 E0.02085 F1200
G1 X128.5322 Y108.5663 Z0.2250 E0.02086 F1200
G1 X128.7640 Y108.8569 Z0.2250 E0.02086 F1200
G1 X128.9880 Y109.1534 Z0.2250 E0.02086 F1200
G1 X129.2043 Y109.4559 Z0.2250 E0.02087 F1200
G1 X129.4126 Y109.7639 Z0.2250 E0.02087 F1200
G1 X129.6128 Y110.0773 Z0.2250 E0.02087 F1200
G1 X129.8048 Y110.3958 Z0.2250 E0.02088 F1200
G1 X129.9884 Y110.7194 Z0.2250 E0.02088 F1200
G1 X130.1634 Y111.0477 Z0.2250 E0.02088 F1200
G1 X130.3299 Y111.3805 Z0.2250 E0.02088 F1200
G1 X130.4876 Y111.7176 Z0.2250 E0.02089 F1200
G1 X130.6364 Y112.0587 Z0.2250 E0.02089 F1200
G1 X130.7763 Y112.4037 Z0.2250 E0.02089 F1200
G1 X130.9071 Y112.7523 Z0.2250 E0.02090 F1200
G1 X131.0288 Y113.1042 Z0.2250 E0.02090 F1200
G1 X131.1412 Y113.4593 Z0.2250 E0.02090 F1200
G1 X131.2443 Y113.8172 Z0.2250 E0.02091 F1200
G1 X131.3380 Y114.1778 Z0.2250 E0.02091 F1200
G1 X131.4223 Y114.5407 Z0.2250 E0.02091 F1200
G1 X131.4970 Y114.9058 Z0.2250 E0.02092 F1200
G1 X131.5622 Y115.2728 Z0.2250 E0.02092 F1200
G1 X131.6178 Y115.6414 Z0.2250 E0.02092 F1200
G1 X131.6636 Y116.0113 Z0.2250 E0.02092 F1200
G1 X131.6998 Y116.3824 Z0.2250 E0.02093 F1200
G1 X131.7263 Y116.7544 Z0.2250 E0.02093 F1200
G1 X131.7430 Y117.1270 Z0.2250 E0.02093 F1200
G1 X131.7500 Y117.5000 Z0.2250 E0.02094 F1200
M106 S255  ; fan 100%
; move to surface spiral start (centre)
G1 E-0.6000 F3600
G1 X131.7500 Y117.5000 Z9.8250 F1500  ; travel
G1 X117.5000 Y117.5000 Z9.8250 F12000  ; travel
G1 X117.5000 Y117.5000 Z4.8250 F1500  ; travel
G1 E0.6000 F2400
G1 X117.5000 Y117.5000 Z4.8250 E0.00000 F1200
G1 X117.2669 Y117.3976 Z4.8241 E0.01429 F1200
G1 X117.6477 Y117.1639 Z4.8231 E0.02508 F1200
G1 X117.9442 Y117.4700 Z4.8222 E0.02392 F1200
G1 X117.8434 Y117.8764 Z4.8214 E0.02350 F1200
G1 X117.4743 Y118.0652 Z4.8206 E0.02327 F1200
G1 X117.0787 Y117.9500 Z4.8197 E0.02312 F1200
G1 X116.8466 Y117.6118 Z4.8189 E0.02302 F1200
G1 X116.8594 Y117.2031 Z4.8181 E0.02295 F1200
G1 X117.0969 Y116.8715 Z4.8172 E0.02289 F1200
G1 X117.4729 Y116.7154 Z4.8164 E0.02285 F1200
G1 X117.8757 Y116.7694 Z4.8156 E0.02281 F1200
G1 X118.2025 Y117.0102 Z4.8148 E0.02278 F1200
G1 X118.3809 Y117.3742 Z4.8140 E0.02276 F1200
G1 X118.3787 Y117.7792 Z4.8132 E0.02273 F1200
G1 X118.2029 Y118.1437 Z4.8124 E0.02271 F1200
G1 X117.8915 Y118.4018 Z4.8116 E0.02270 F1200
G1 X117.5028 Y118.5123 Z4.8107 E0.02268 F1200
G1 X117.1021 Y118.4615 Z4.8099 E0.02267 F1200
G1 X116.7513 Y118.2618 Z4.8091 E0.02266 F1200
G1 X116.5000 Y117.9460 Z4.8083 E0.02265 F1200
G1 X116.3805 Y117.5608 Z4.8075 E0.02264 F1200
G1 X116.4054 Y117.1583 Z4.8067 E0.02263 F1200
G1 X116.5683 Y116.7896 Z4.8059 E0.02262 F1200
G1 X116.8465 Y116.4982 Z4.8051 E0.02262 F1200
G1 X117.2057 Y116.3160 Z4.8043 E0.02261 F1200
G1 X117.6047 Y116.2609 Z4.8035 E0.02260 F1200
G1 X118.0001 Y116.3364 Z4.8027 E0.02260 F1200
G1 X118.3518 Y116.5323 Z4.8018 E0.02259 F1200
G1 X118.6256 Y116.8271 Z4.8010 E0.02259 F1200
G1 X118.7970 Y117.1912 Z4.8002 E0.02258 F1200
G1 X118.8518 Y117.5897 Z4.7994 E0.02258 F1200
G1 X118.7870 Y117.9866 Z4.7986 E0.02257 F1200
G1 X118.6100 Y118.3478 Z4.7978 E0.02257 F1200
G1 X118.3374 Y118.6433 Z4.7970 E0.02257 F1200
G1 X117.9928 Y118.8503 Z4.7962 E0.02256 F1200
G1 X117.6043 Y118.9536 Z4.7954 E0.02256 F1200
G1 X117.2025 Y118.9468 Z4.7946 E0.02256 F1200
G1 X116.8175 Y118.8317 Z4.7938 E0.02255 F1200
G1 X116.4770 Y118.6182 Z4.7930 E0.02255 F1200
G1 X116.2048 Y118.3228 Z4.7922 E0.02255 F1200
G1 X116.0187 Y117.9668 Z4.7914 E0.02255 F1200
G1 X115.9302 Y117.5750 Z4.7905 E0.02254 F1200
G1 X115.9441 Y117.1736 Z4.7897 E0.02254 F1200
G1 X116.0582 Y116.7885 Z4.7889 E0.02254 F1200
G1 X116.2642 Y116.4438 Z4.7881 E0.02254 F1200
G1 X116.5485 Y116.1602 Z4.7873 E0.02254 F1200
G1 X116.8931 Y115.9542 Z4.7865 E0.02253 F1200
G1 X117.2770 Y115.8369 Z4.7857 E0.02253 F1200
G1 X117.6778 Y115.8143 Z4.7849 E0.02253 F1200
G1 X118.0727 Y115.8867 Z4.7841 E0.02253 F1200
G1 X118.4397 Y116.0491 Z4.7833 E0.02253 F1200
G1 X118.7594 Y116.2918 Z4.7825 E0.02253 F1200
G1 X119.0151 Y116.6011 Z4.7817 E0.02253 F1200
G1 X119.1940 Y116.9603 Z4.7809 E0.02252 F1200
G1 X119.2878 Y117.3505 Z4.7800 E0.02252 F1200
G1 X119.2924 Y117.7518 Z4.7792 E0.02252 F1200
G1 X119.2084 Y118.1441 Z4.7784 E0.02252 F1200
G1 X119.0407 Y118.5086 Z4.7776 E0.02252 F1200
G1 X118.7980 Y118.8281 Z4.7768 E0.02252 F1200
G1 X118.4924 Y119.0879 Z4.7760 E0.02252 F1200
G1 X118.1384 Y119.2766 Z4.7752 E0.02252 F1200
G1 X117.7525 Y119.3861 Z4.7744 E0.02251 F1200
G1 X117.3522 Y119.4123 Z4.7736 E0.02251 F1200
G1 X116.9553 Y119.3546 Z4.7728 E0.02251 F1200
G1 X116.5788 Y119.2162 Z4.7720 E0.02251 F1200
G1 X116.2388 Y119.0035 Z4.7711 E0.02251 F1200
G1 X115.9491 Y118.7262 Z4.7703 E0.02251 F1200
G1 X115.7214 Y118.3961 Z4.7695 E0.02251 F1200
G1 X115.5645 Y118.0270 Z4.7687 E0.02251 F1200
G1 X115.4842 Y117.6341 Z4.7679 E0.02251 F1200
G1 X115.4832 Y117.2331 Z4.7671 E0.02251 F1200
G1 X115.5608 Y116.8397 Z4.7663 E0.02251 F1200
G1 X115.7137 Y116.4690 Z4.7655 E0.02251 F1200
G1 X115.9354 Y116.1349 Z4.7647 E0.02250 F1200
G1 X116.2172 Y115.8498 Z4.7639 E0.02250 F1200
G1 X116.5483 Y115.6237 Z4.7630 E0.02250 F1200
G1 X116.9163 Y115.4645 Z4.7622 E0.02250 F1200
G1 X117.3077 Y115.3777 Z4.7614 E0.02250 F1200
G1 X117.7084 Y115.3657 Z4.7606 E0.02250 F1200
G1 X118.1043 Y115.4285 Z4.7598 E0.02250 F1200
G1 X118.4818 Y115.5636 Z4.7590 E0.02250 F1200
G1 X118.8279 Y115.7657 Z4.7582 E0.02250 F1200
G1 X119.1313 Y116.0278 Z4.7574 E0.02250 F1200
G1 X119.3820 Y116.3405 Z4.7566 E0.02250 F1200
G1 X119.5720 Y116.6935 Z4.7557 E0.02250 F1200
G1 X119.6955 Y117.0748 Z4.7549 E0.02250 F1200
G1 X119.7489 Y117.4720 Z4.7541 E0.02250 F1200
G1 X119.7310 Y117.8724 Z4.7533 E0.02250 F1200
G1 X119.6426 Y118.2634 Z4.7525 E0.02250 F1200
G1 X119.4869 Y118.6327 Z4.7517 E0.02249 F1200
G1 X119.2692 Y118.9691 Z4.7509 E0.02249 F1200
G1 X118.9963 Y119.2626 Z4.7501 E0.02249 F1200
G1 X118.6768 Y119.5046 Z4.7492 E0.02249 F1200
G1 X118.3205 Y119.6880 Z4.7484 E0.02249 F1200
G1 X117.9381 Y119.8079 Z4.7476 E0.02249 F1200
G1 X117.5409 Y119.8609 Z4.7468 E0.02249 F1200
G1 X117.1404 Y119.8460 Z4.7460 E0.02249 F1200
G1 X116.7482 Y119.7639 Z4.7452 E0.02249 F1200
G1 X116.3753 Y119.6173 Z4.7444 E0.02249 F1200
G1 X116.0320 Y119.4106 Z4.7435 E0.02249 F1200
G1 X115.7277 Y119.1498 Z4.7427 E0.02249 F1200
G1 X115.4707 Y118.8424 Z4.7419 E0.02249 F1200
G1 X115.2676 Y118.4970 Z4.7411 E0.02249 F1200
G1 X115.1237 Y118.1231 Z4.7403 E0.02249 F1200
G1 X115.0425 Y117.7307 Z4.7395 E0.02249 F1200
G1 X115.0259 Y117.3304 Z4.7387 E0.02249 F1200
G1 X115.0740 Y116.9326 Z4.7378 E0.02249 F1200
G1 X115.1853 Y116.5477 Z4.7370 E0.02249 F1200
G1 X115.3566 Y116.1855 Z4.7362 E0.02249 F1200
G1 X115.5832 Y115.8551 Z4.7354 E0.02249 F1200
G1 X115.8593 Y115.5648 Z4.7346 E0.02249 F1200
G1 X116.1776 Y115.3215 Z4.7338 E0.02249 F1200
G1 X116.5301 Y115.1312 Z4.7329 E0.02249 F1200
G1 X116.9080 Y114.9982 Z4.7321 E0.02249 F1200
G1 X117.3020 Y114.9256 Z4.7313 E0.02249 F1200
G1 X117.7025 Y114.9148 Z4.7305 E0.02248 F1200
G1 X118.0998 Y114.9659 Z4.7297 E0.02248 F1200
G1 X118.4846 Y115.0773 Z4.7289 E0.02248 F1200
G1 X118.8479 Y115.2462 Z4.7280 E0.02248 F1200
G1 X119.1812 Y115.4684 Z4.7272 E0.02248 F1200
G1 X119.4770 Y115.7385 Z4.7264 E0.02248 F1200
G1 X119.7286 Y116.0502 Z4.7256 E0.02248 F1200
G1 X119.9306 Y116.3962 Z4.7248 E0.02248 F1200
G1 X120.0784 Y116.7684 Z4.7240 E0.02248 F1200
G1 X120.1691 Y117.1586 Z4.7231 E0.02248 F1200
G1 X120.2009 Y117.5579 Z4.7223 E0.02248 F1200
G1 X120.1733 Y117.9575 Z4.7215 E0.02248 F1200
G1 X120.0871 Y118.3487 Z4.7207 E0.02248 F1200
G1 X119.9444 Y118.7229 Z4.7199 E0.02248 F1200
G1 X119.7485 Y119.0723 Z4.7190 E0.02248 F1200
G1 X119.5038 Y119.3895 Z4.7182 E0.02248 F1200
G1 X119.2157 Y119.6677 Z4.7174 E0.02248 F1200
G1 X118.8904 Y119.9014 Z4.7166 E0.02248 F1200
G1 X118.5349 Y120.0858 Z4.7158 E0.02248 F1200
G1 X118.1566 Y120.2173 Z4.7149 E0.02248 F1200
G1 X117.7633 Y120.2934 Z4.7141 E0.02248 F1200
G1 X117.3633 Y120.3127 Z4.7133 E0.02248 F1200
G1 X116.9645 Y120.2750 Z4.7125 E0.02248 F1200
G1 X116.5751 Y120.1813 Z4.7117 E0.02248 F1200
G1 X116.2028 Y120.0336 Z4.7108 E0.02248 F1200
G1 X115.8550 Y119.8352 Z4.7100 E0.02248 F1200
G1 X115.5383 Y119.5900 Z4.7092 E0.02248 F1200
G1 X115.2588 Y119.3031 Z4.7084 E0.02248 F1200
G1 X115.0220 Y118.9802 Z4.7076 E0.02248 F1200
G1 X114.8321 Y118.6275 Z4.7067 E0.02248 F1200
G1 X114.6927 Y118.2521 Z4.7059 E0.02248 F1200
G1 X114.6063 Y117.8610 Z4.7051 E0.02248 F1200
G1 X114.5743 Y117.4619 Z4.7043 E0.02248 F1200
G1 X114.5971 Y117.0620 Z4.7035 E0.02248 F1200
G1 X114.6742 Y116.6690 Z4.7026 E0.02248 F1200
G1 X114.8038 Y116.2901 Z4.7018 E0.02248 F1200
G1 X114.9835 Y115.9322 Z4.7010 E0.02248 F1200
G1 X115.2098 Y115.6018 Z4.7002 E0.02248 F1200
G1 X115.4784 Y115.3048 Z4.6993 E0.02248 F1200
G1 X115.7844 Y115.0465 Z4.6985 E0.02248 F1200
G1 X116.1222 Y114.8313 Z4.6977 E0.02248 F1200
G1 X116.4855 Y114.6630 Z4.6969 E0.02248 F1200
G1 X116.8680 Y114.5444 Z4.6960 E0.02248 F1200
G1 X117.2628 Y114.4774 Z4.6952 E0.02248 F1200
G1 X117.6630 Y114.4630 Z4.6944 E0.02248 F1200
G1 X118.0616 Y114.5014 Z4.6936 E0.02248 F1200
G1 X118.4517 Y114.5916 Z4.6928 E0.02248 F1200
G1 X118.8267 Y114.7320 Z4.6919 E0.02248 F1200
G1 X119.1803 Y114.9201 Z4.6911 E0.02247 F1200
G1 X119.5064 Y115.1524 Z4.6903 E0.02247 F1200
G1 X119.7997 Y115.4250 Z4.6895 E0.02247 F1200
G1 X120.0554 Y115.7332 Z4.6886 E0.02247 F1200
G1 X120.2693 Y116.0717 Z4.6878 E0.02247 F1200
G1 X120.4380 Y116.4349 Z4.6870 E0.02247 F1200
G1 X120.5588 Y116.8166 Z4.6862 E0.02247 F1200
G1 X120.6301 Y117.2106 Z4.6853 E0.02247 F1200
G1 X120.6506 Y117.6105 Z4.6845 E0.02247 F1200
G1 X120.6202 Y118.0098 Z4.6837 E0.02247 F1200
G1 X120.5397 Y118.4020 Z4.6828 E0.02247 F1200
G1 X120.4103 Y118.7809 Z4.6820 E0.02247 F1200
G1 X120.2343 Y119.1406 Z4.6812 E0.02247 F1200
G1 X120.0146 Y119.4753 Z4.6804 E0.02247 F1200
G1 X119.7548 Y119.7800 Z4.6795 E0.02247 F1200
G1 X119.4591 Y120.0499 Z4.6787 E0.02247 F1200
G1 X119.1321 Y120.2810 Z4.6779 E0.02247 F1200
G1 X118.7789 Y120.4697 Z4.6771 E0.02247 F1200
G1 X118.4052 Y120.6133 Z4.6762 E0.02247 F1200
G1 X118.0166 Y120.7098 Z4.6754 E0.02247 F1200
G1 X117.6191 Y120.7577 Z4.6746 E0.02247 F1200
G1 X117.2187 Y120.7565 Z4.6737 E0.02247 F1200
G1 X116.8215 Y120.7064 Z4.6729 E0.02247 F1200
G1 X116.4333 Y120.6082 Z4.6721 E0.02247 F1200
G1 X116.0600 Y120.4636 Z4.6713 E0.02247 F1200
G1 X115.7070 Y120.2747 Z4.6704 E0.02247 F1200
G1 X115.3794 Y120.0444 Z4.6696 E0.02247 F1200
G1 X115.0820 Y119.7764 Z4.6688 E0.02247 F1200
G1 X114.8191 Y119.4745 Z4.6679 E0.02247 F1200
G1 X114.5943 Y119.1432 Z4.6671 E0.02247 F1200
G1 X114.4108 Y118.7873 Z4.6663 E0.02247 F1200
G1 X114.2711 Y118.4121 Z4.6655 E0.02247 F1200
G1 X114.1771 Y118.0230 Z4.6646 E0.02247 F1200
G1 X114.1300 Y117.6254 Z4.6638 E0.02247 F1200
G1 X114.1304 Y117.2250 Z4.6630 E0.02247 F1200
G1 X114.1781 Y116.8275 Z4.6621 E0.02247 F1200
G1 X114.2723 Y116.4384 Z4.6613 E0.02247 F1200
G1 X114.4117 Y116.0631 Z4.6605 E0.02247 F1200
G1 X114.5942 Y115.7067 Z4.6596 E0.02247 F1200
G1 X114.8171 Y115.3742 Z4.6588 E0.02247 F1200
G1 X115.0774 Y115.0700 Z4.6580 E0.02247 F1200
G1 X115.3713 Y114.7981 Z4.6572 E0.02247 F1200
G1 X115.6948 Y114.5623 Z4.6563 E0.02247 F1200
G1 X116.0434 Y114.3656 Z4.6555 E0.02247 F1200
G1 X116.4125 Y114.2105 Z4.6547 E0.02247 F1200
G1 X116.7970 Y114.0990 Z4.6538 E0.02247 F1200
G1 X117.1918 Y114.0325 Z4.6530 E0.02247 F1200
G1 X117.5916 Y114.0118 Z4.6522 E0.02247 F1200
G1 X117.9911 Y114.0371 Z4.6513 E0.02247 F1200
G1 X118.3852 Y114.1078 Z4.6505 E0.02247 F1200
G1 X118.7686 Y114.2230 Z4.6497 E0.02247 F1200
G1 X119.1364 Y114.3811 Z4.6488 E0.02247 F1200
G1 X119.4838 Y114.5799 Z4.6480 E0.02247 F1200
G1 X119.8066 Y114.8168 Z4.6472 E0.02247 F1200
G1 X120.1005 Y115.0886 Z4.6463 E0.02247 F1200
G1 X120.3619 Y115.3918 Z4.6455 E0.02247 F1200
G1 X120.5875 Y115.7225 Z4.6447 E0.02247 F1200
G1 X120.7746 Y116.0764 Z4.6438 E0.02247 F1200
G1 X120.9209 Y116.4490 Z4.6430 E0.02247 F1200
G1 X121.0246 Y116.8357 Z4.6422 E0.02247 F1200
G1 X121.0846 Y117.2315 Z4.6413 E0.02247 F1200
G1 X121.1002 Y117.6315 Z4.6405 E0.02247 F1200
G1 X121.0713 Y118.0308 Z4.6396 E0.02247 F1200
G1 X120.9984 Y118.4244 Z4.6388 E0.02247 F1200
G1 X120.8825 Y118.8075 Z4.6380 E0.02247 F1200
G1 X120.7250 Y119.1756 Z4.6371 E0.02247 F1200
G1 X120.5280 Y119.5240 Z4.6363 E0.02247 F1200
G1 X120.2939 Y119.8488 Z4.6355 E0.02247 F1200
G1 X120.0257 Y120.1459 Z4.6346 E0.02247 F1200
G1 X119.7266 Y120.4120 Z4.6338 E0.02247 F1200
G1 X119.4003 Y120.6439 Z4.6330 E0.02247 F1200
G1 X119.0507 Y120.8388 Z4.6321 E0.02247 F1200
G1 X118.6820 Y120.9947 Z4.6313 E0.02247 F1200
G1 X118.2985 Y121.1096 Z4.6304 E0.02247 F1200
G1 X117.9049 Y121.1825 Z4.6296 E0.02247 F1200
G1 X117.5057 Y121.2124 Z4.6288 E0.02247 F1200
G1 X117.1057 Y121.1991 Z4.6279 E0.02247 F1200
G1 X116.7093 Y121.1430 Z4.6271 E0.02247 F1200
G1 X116.3213 Y121.0447 Z4.6263 E0.02247 F1200
G1 X115.9460 Y120.9054 Z4.6254 E0.02247 F1200
G1 X115.5878 Y120.7268 Z4.6246 E0.02247 F1200
G1 X115.2506 Y120.5110 Z4.6237 E0.02247 F1200
G1 X114.9383 Y120.2606 Z4.6229 E0.02247 F1200
G1 X114.6543 Y119.9785 Z4.6221 E0.02247 F1200
G1 X114.4019 Y119.6679 Z4.6212 E0.02247 F1200
G1 X114.1837 Y119.3323 Z4.6204 E0.02247 F1200
G1 X114.0021 Y118.9756 Z4.6195 E0.02247 F1200
G1 X113.8591 Y118.6017 Z4.6187 E0.02247 F1200
G1 X113.7562 Y118.2149 Z4.6179 E0.02247 F1200
G1 X113.6944 Y117.8194 Z4.6170 E0.02247 F1200
G1 X113.6743 Y117.4196 Z4.6162 E0.02247 F1200
G1 X113.6962 Y117.0199 Z4.6153 E0.02247 F1200
G1 X113.7596 Y116.6247 Z4.6145 E0.02247 F1200
G1 X113.8638 Y116.2382 Z4.6137 E0.02247 F1200
G1 X114.0075 Y115.8647 Z4.6128 E0.02247 F1200
G1 X114.1893 Y115.5080 Z4.6120 E0.02247 F1200
G1 X114.4069 Y115.1721 Z4.6111 E0.02247 F1200
G1 X114.6581 Y114.8604 Z4.6103 E0.02247 F1200
G1 X114.9401 Y114.5763 Z4.6095 E0.02247 F1200
G1 X115.2498 Y114.3228 Z4.6086 E0.02247 F1200
G1 X115.5839 Y114.1023 Z4.6078 E0.02247 F1200
G1 X115.9388 Y113.9173 Z4.6069 E0.02247 F1200
G1 X116.3108 Y113.7696 Z4.6061 E0.02247 F1200
G1 X116.6960 Y113.6606 Z4.6052 E0.02247 F1200
G1 X117.0902 Y113.5914 Z4.6044 E0.02247 F1200
G1 X117.4894 Y113.5627 Z4.6036 E0.02247 F1200
G1 X117.8895 Y113.5747 Z4.6027 E0.02247 F1200
G1 X118.2863 Y113.6272 Z4.6019 E0.02247 F1200
G1 X118.6758 Y113.7195 Z4.6010 E0.02247 F1200
G1 X119.0539 Y113.8507 Z4.6002 E0.02247 F1200
G1 X119.4169 Y114.0194 Z4.5993 E0.02247 F1200
G1 X119.7611 Y114.2237 Z4.5985 E0.02247 F1200
G1 X120.0830 Y114.4616 Z4.5977 E0.02247 F1200
G1 X120.3795 Y114.7305 Z4.5968 E0.02247 F1200
G1 X120.6475 Y115.0278 Z4.5960 E0.02247 F1200
G1 X120.8845 Y115.3503 Z4.5951 E0.02246 F1200
G1 X121.0882 Y115.6949 Z4.5943 E0.02246 F1200
G1 X121.2565 Y116.0580 Z4.5934 E0.02246 F1200
G1 X121.3879 Y116.4361 Z4.5926 E0.02246 F1200
G1 X121.4812 Y116.8253 Z4.5917 E0.02246 F1200
G1 X121.5355 Y117.2219 Z4.5909 E0.02246 F1200
G1 X121.5503 Y117.6218 Z4.5900 E0.02246 F1200
G1 X121.5256 Y118.0213 Z4.5892 E0.02246 F1200
G1 X121.4617 Y118.4164 Z4.5884 E0.02246 F1200
G1 X121.3592 Y118.8033 Z4.5875 E0.02246 F1200
G1 X121.2192 Y119.1783 Z4.5867 E0.02246 F1200
G1 X121.0432 Y119.5378 Z4.5858 E0.02246 F1200
G1 X120.8328 Y119.8783 Z4.5850 E0.02246 F1200
G1 X120.5902 Y120.1966 Z4.5841 E0.02246 F1200
G1 X120.3178 Y120.4898 Z4.5833 E0.02246 F1200
G1 X120.0181 Y120.7551 Z4.5824 E0.02246 F1200
G1 X119.6940 Y120.9900 Z4.5816 E0.02246 F1200
G1 X119.3487 Y121.1923 Z4.5807 E0.02246 F1200
G1 X118.9854 Y121.3603 Z4.5799 E0.02246 F1200
G1 X118.6076 Y121.4923 Z4.5790 E0.02246 F1200
G1 X118.2187 Y121.5873 Z4.5782 E0.02246 F1200
G1 X117.8226 Y121.6444 Z4.5773 E0.02246 F1200
G1 X117.4228 Y121.6631 Z4.5765 E0.02246 F1200
G1 X117.0231 Y121.6433 Z4.5756 E0.02246 F1200
G1 X116.6270 Y121.5854 Z4.5748 E0.02246 F1200
G1 X116.2384 Y121.4897 Z4.5739 E0.02246 F1200
G1 X115.8607 Y121.3574 Z4.5731 E0.02246 F1200
G1 X115.4973 Y121.1896 Z4.5722 E0.02246 F1200
G1 X115.1516 Y120.9880 Z4.5714 E0.02246 F1200
G1 X114.8265 Y120.7545 Z4.5705 E0.02246 F1200
G1 X114.5252 Y120.4911 Z4.5697 E0.02246 F1200
G1 X114.2501 Y120.2004 Z4.5688 E0.02246 F1200
G1 X114.0038 Y119.8849 Z4.5680 E0.02246 F1200
G1 X113.7884 Y119.5476 Z4.5671 E0.02246 F1200
G1 X113.6058 Y119.1914 Z4.5663 E0.02246 F1200
G1 X113.4576 Y118.8197 Z4.5654 E0.02246 F1200
G1 X113.3449 Y118.4356 Z4.5646 E0.02246 F1200
G1 X113.2688 Y118.0427 Z4.5637 E0.02246 F1200
G1 X113.2299 Y117.6444 Z4.5629 E0.02246 F1200
G1 X113.2284 Y117.2442 Z4.5620 E0.02246 F1200
G1 X113.2643 Y116.8456 Z4.5612 E0.02246 F1200
G1 X113.3372 Y116.4520 Z4.5603 E0.02246 F1200
G1 X113.4465 Y116.0670 Z4.5595 E0.02246 F1200
G1 X113.5911 Y115.6938 Z4.5586 E0.02246 F1200
G1 X113.7698 Y115.3357 Z4.5578 E0.02246 F1200
G1 X113.9808 Y114.9957 Z4.5569 E0.02246 F1200
G1 X114.2225 Y114.6766 Z4.5560 E0.02246 F1200
G1 X114.4926 Y114.3813 Z4.5552 E0.02246 F1200
G1 X114.7888 Y114.1121 Z4.5543 E0.02246 F1200
G1 X115.1085 Y113.8714 Z4.5535 E0.02246 F1200
G1 X115.4490 Y113.6612 Z4.5526 E0.02246 F1200
G1 X115.8074 Y113.4831 Z4.5518 E0.02246 F1200
G1 X116.1807 Y113.3386 Z4.5509 E0.02246 F1200
G1 X116.5656 Y113.2289 Z4.5501 E0.02246 F1200
G1 X116.9589 Y113.1549 Z4.5492 E0.02246 F1200
G1 X117.3573 Y113.1172 Z4.5484 E0.02246 F1200
G1 X117.7575 Y113.1159 Z4.5475 E0.02246 F1200
G1 X118.1562 Y113.1510 Z4.5466 E0.02246 F1200
G1 X118.5500 Y113.2222 Z4.5458 E0.02246 F1200
G1 X118.9357 Y113.3289 Z4.5449 E0.02246 F1200
G1 X119.3102 Y113.4702 Z4.5441 E0.02246 F1200
G1 X119.6703 Y113.6447 Z4.5432 E0.02246 F1200
G1 X120.0132 Y113.8511 Z4.5424 E0.02246 F1200
G1 X120.3361 Y114.0875 Z4.5415 E0.02246 F1200
G1 X120.6364 Y114.3521 Z4.5406 E0.02246 F1200
G1 X120.9116 Y114.6427 Z4.5398 E0.02246 F1200
G1 X121.1596 Y114.9568 Z4.5389 E0.02246 F1200
G1 X121.3784 Y115.2919 Z4.5381 E0.02246 F1200
G1 X121.5663 Y115.6452 Z4.5372 E0.02246 F1200
G1 X121.7219 Y116.0140 Z4.5364 E0.02246 F1200
G1 X121.8438 Y116.3951 Z4.5355 E0.02246 F1200
G1 X121.9313 Y116.7856 Z4.5346 E0.02246 F1200
G1 X121.9837 Y117.1824 Z4.5338 E0.02246 F1200
G1 X122.0006 Y117.5823 Z4.5329 E0.02246 F1200
G1 X121.9818 Y117.9820 Z4.5321 E0.02246 F1200
G1 X121.9277 Y118.3785 Z4.5312 E0.02246 F1200
G1 X121.8387 Y118.7687 Z4.5303 E0.02246 F1200
G1 X121.7155 Y119.1495 Z4.5295 E0.02246 F1200
G1 X121.5591 Y119.5179 Z4.5286 E0.02246 F1200
G1 X121.3709 Y119.8710 Z4.5278 E0.02246 F1200
G1 X121.1523 Y120.2063 Z4.5269 E0.02246 F1200
G1 X120.9050 Y120.5209 Z4.5260 E0.02246 F1200
G1 X120.6311 Y120.8127 Z4.5252 E0.02246 F1200
G1 X120.3326 Y121.0793 Z4.5243 E0.02246 F1200
G1 X120.0120 Y121.3187 Z4.5235 E0.02246 F1200
G1 X119.6716 Y121.5292 Z4.5226 E0.02246 F1200
G1 X119.3141 Y121.7091 Z4.5217 E0.02246 F1200
G1 X118.9423 Y121.8571 Z4.5209 E0.02246 F1200
G1 X118.5590 Y121.9722 Z4.5200 E0.02246 F1200
G1 X118.1671 Y122.0535 Z4.5192 E0.02246 F1200
G1 X117.7697 Y122.1004 Z4.5183 E0.02246 F1200
G1 X117.3697 Y122.1127 Z4.5174 E0.02246 F1200
G1 X116.9701 Y122.0903 Z4.5166 E0.02246 F1200
G1 X116.5740 Y122.0333 Z4.5157 E0.02246 F1200
G1 X116.1843 Y121.9424 Z4.5148 E0.02246 F1200
G1 X115.8039 Y121.8181 Z4.5140 E0.02246 F1200
G1 X115.4356 Y121.6616 Z4.5131 E0.02246 F1200
G1 X115.0821 Y121.4739 Z4.5122 E0.02246 F1200
G1 X114.7461 Y121.2565 Z4.5114 E0.02246 F1200
G1 X114.4300 Y121.0111 Z4.5105 E0.02246 F1200
G1 X114.1361 Y120.7395 Z4.5097 E0.02246 F1200
G1 X113.8666 Y120.4437 Z4.5088 E0.02246 F1200
G1 X113.6233 Y120.1260 Z4.5079 E0.02246 F1200
G1 X113.4080 Y119.7886 Z4.5071 E0.02246 F1200
G1 X113.2223 Y119.4341 Z4.5062 E0.02246 F1200
G1 X113.0675 Y119.0651 Z4.5053 E0.02246 F1200
G1 X112.9446 Y118.6842 Z4.5045 E0.02246 F1200
G1 X112.8545 Y118.2943 Z4.5036 E0.02246 F1200
G1 X112.7979 Y117.8982 Z4.5027 E0.02246 F1200
G1 X112.7750 Y117.4986 Z4.5019 E0.02246 F1200
G1 X112.7860 Y117.0986 Z4.5010 E0.02246 F1200
G1 X112.8307 Y116.7009 Z4.5001 E0.02246 F1200
G1 X112.9089 Y116.3085 Z4.4993 E0.02246 F1200
G1 X113.0199 Y115.9240 Z4.4984 E0.02246 F1200
G1 X113.1629 Y115.5502 Z4.4975 E0.02246 F1200
G1 X113.3367 Y115.1898 Z4.4967 E0.02246 F1200
G1 X113.5403 Y114.8452 Z4.4958 E0.02246 F1200
G1 X113.7720 Y114.5190 Z4.4949 E0.02246 F1200
G1 X114.0303 Y114.2133 Z4.4941 E0.02246 F1200
G1 X114.3132 Y113.9302 Z4.4932 E0.02246 F1200
G1 X114.6187 Y113.6718 Z4.4923 E0.02246 F1200
G1 X114.9448 Y113.4398 Z4.4915 E0.02246 F1200
G1 X115.2891 Y113.2358 Z4.4906 E0.02246 F1200
G1 X115.6491 Y113.0612 Z4.4897 E0.02246 F1200
G1 X116.0225 Y112.9171 Z4.4889 E0.02246 F1200
G1 X116.4065 Y112.8045 Z4.4880 E0.02246 F1200
G1 X116.7985 Y112.7242 Z4.4871 E0.02246 F1200
G1 X117.1959 Y112.6766 Z4.4862 E0.02246 F1200
G1 X117.5958 Y112.6620 Z4.4854 E0.02246 F1200
G1 X117.9955 Y112.6806 Z4.4845 E0.02246 F1200
G1 X118.3924 Y112.7320 Z4.4836 E0.02246 F1200
G1 X118.7836 Y112.8160 Z4.4828 E0.02246 F1200
G1 X119.1666 Y112.9320 Z4.4819 E0.02246 F1200
G1 X119.5388 Y113.0790 Z4.4810 E0.02246 F1200
G1 X119.8977 Y113.2561 Z4.4801 E0.02246 F1200
G1 X120.2408 Y113.4621 Z4.4793 E0.02246 F1200
G1 X120.5658 Y113.6955 Z4.4784 E0.02246 F1200
G1 X120.8707 Y113.9547 Z4.4775 E0.02246 F1200
G1 X121.1534 Y114.2379 Z4.4767 E0.02246 F1200
G1 X121.4120 Y114.5433 Z4.4758 E0.02246 F1200
G1 X121.6448 Y114.8688 Z4.4749 E0.02246 F1200
G1 X121.8504 Y115.2121 Z4.4740 E0.02246 F1200
G1 X122.0273 Y115.5710 Z4.4732 E0.02246 F1200
G1 X122.1745 Y115.9431 Z4.4723 E0.02246 F1200
G1 X122.2910 Y116.3260 Z4.4714 E0.02246 F1200
G1 X122.3761 Y116.7170 Z4.4705 E0.02246 F1200
G1 X122.4293 Y117.1136 Z4.4697 E0.02246 F1200
G1 X122.4502 Y117.5132 Z4.4688 E0.02246 F1200
G1 X122.4387 Y117.9132 Z4.4679 E0.02246 F1200
G1 X122.3950 Y118.3110 Z4.4671 E0.02246 F1200
G1 X122.3194 Y118.7040 Z4.4662 E0.02246 F1200
G1 X122.2124 Y119.0896 Z4.4653 E0.02246 F1200
G1 X122.0748 Y119.4653 Z4.4644 E0.02246 F1200
G1 X121.9074 Y119.8288 Z4.4636 E0.02246 F1200
G1 X121.7114 Y120.1777 Z4.4627 E0.02246 F1200
G1 X121.4881 Y120.5097 Z4.4618 E0.02246 F1200
G1 X121.2389 Y120.8228 Z4.4609 E0.02246 F1200
G1 X120.9655 Y121.1150 Z4.4601 E0.02246 F1200
G1 X120.6696 Y121.3844 Z4.4592 E0.02246 F1200
G1 X120.3532 Y121.6294 Z4.4583 E0.02246 F1200
G1 X120.0182 Y121.8484 Z4.4574 E0.02246 F1200
G1 X119.6669 Y122.0400 Z4.4565 E0.02246 F1200
G1 X119.3015 Y122.2031 Z4.4557 E0.02246 F1200
G1 X118.9243 Y122.3366 Z4.4548 E0.02246 F1200
G1 X118.5377 Y122.4399 Z4.4539 E0.02246 F1200
G1 X118.1441 Y122.5121 Z4.4530 E0.02246 F1200
G1 X117.7460 Y122.5530 Z4.4522 E0.02246 F1200
G1 X117.3460 Y122.5623 Z4.4513 E0.02246 F1200
G1 X116.9465 Y122.5400 Z4.4504 E0.02246 F1200
G1 X116.5499 Y122.4863 Z4.4495 E0.02246 F1200
G1 X116.1589 Y122.4015 Z4.4486 E0.02246 F1200
G1 X115.7757 Y122.2861 Z4.4478 E0.02246 F1200
G1 X115.4028 Y122.1410 Z4.4469 E0.02246 F1200
G1 X115.0424 Y121.9671 Z4.4460 E0.02246 F1200
G1 X114.6967 Y121.7654 Z4.4451 E0.02246 F1200
G1 X114.3680 Y121.5373 Z4.4442 E0.02246 F1200
G1 X114.0581 Y121.2842 Z4.4434 E0.02246 F1200
G1 X113.7689 Y121.0076 Z4.4425 E0.02246 F1200
G1 X113.5022 Y120.7092 Z4.4416 E0.02246 F1200
G1 X113.2596 Y120.3910 Z4.4407 E0.02246 F1200
G1 X113.0425 Y120.0549 Z4.4398 E0.02246 F1200
G1 X112.8523 Y119.7028 Z4.4390 E0.02246 F1200
G1 X112.6900 Y119.3371 Z4.4381 E0.02246 F1200
G1 X112.5566 Y118.9598 Z4.4372 E0.02246 F1200
G1 X112.4529 Y118.5733 Z4.4363 E0.02246 F1200
G1 X112.3794 Y118.1800 Z4.4354 E0.02246 F1200
G1 X112.3366 Y117.7821 Z4.4346 E0.02246 F1200
G1 X112.3247 Y117.3821 Z4.4337 E0.02246 F1200
G1 X112.3437 Y116.9824 Z4.4328 E0.02246 F1200
G1 X112.3936 Y116.5854 Z4.4319 E0.02246 F1200
G1 X112.4738 Y116.1934 Z4.4310 E0.02246 F1200
G1 X112.5841 Y115.8087 Z4.4301 E0.02246 F1200
G1 X112.7236 Y115.4337 Z4.4293 E0.02246 F1200
G1 X112.8915 Y115.0704 Z4.4284 E0.02246 F1200
G1 X113.0867 Y114.7212 Z4.4275 E0.02246 F1200
G1 X113.3082 Y114.3879 Z4.4266 E0.02246 F1200
G1 X113.5546 Y114.0726 Z4.4257 E0.02246 F1200
G1 X113.8244 Y113.7770 Z4.4248 E0.02246 F1200
G1 X114.1159 Y113.5030 Z4.4239 E0.02246 F1200
G1 X114.4276 Y113.2520 Z4.4231 E0.02246 F1200
G1 X114.7574 Y113.0255 Z4.4222 E0.02246 F1200
G1 X115.1036 Y112.8248 Z4.4213 E0.02246 F1200
G1 X115.4641 Y112.6510 Z4.4204 E0.02246 F1200
G1 X115.8367 Y112.5052 Z4.4195 E0.02246 F1200
G1 X116.2193 Y112.3881 Z4.4186 E0.02246 F1200
G1 X116.6097 Y112.3003 Z4.4177 E0.02246 F1200
G1 X117.0057 Y112.2424 Z4.4169 E0.02246 F1200
G1 X117.4048 Y112.2146 Z4.4160 E0.02246 F1200
G1 X117.8050 Y112.2172 Z4.4151 E0.02246 F1200
G1 X118.2038 Y112.2499 Z4.4142 E0.02246 F1200
G1 X118.5990 Y112.3127 Z4.4133 E0.02246 F1200
G1 X118.9883 Y112.4051 Z4.4124 E0.02246 F1200
G1 X119.3696 Y112.5265 Z4.4115 E0.02246 F1200
G1 X119.7406 Y112.6763 Z4.4107 E0.02246 F1200
G1 X120.0993 Y112.8536 Z4.4098 E0.02246 F1200
G1 X120.4437 Y113.0574 Z4.4089 E0.02246 F1200
G1 X120.7719 Y113.2864 Z4.4080 E0.02246 F1200
G1 X121.0819 Y113.5393 Z4.4071 E0.02246 F1200
G1 X121.3722 Y113.8148 Z4.4062 E0.02246 F1200
G1 X121.6410 Y114.1112 Z4.4053 E0.02246 F1200
G1 X121.8869 Y114.4268 Z4.4044 E0.02246 F1200
G1 X122.1086 Y114.7600 Z4.4035 E0.02246 F1200
G1 X122.3048 Y115.1087 Z4.4026 E0.02246 F1200
G1 X122.4744 Y115.4711 Z4.4018 E0.02246 F1200
G1 X122.6166 Y115.8451 Z4.4009 E0.02246 F1200
G1 X122.7306 Y116.2287 Z4.4000 E0.02246 F1200
G1 X122.8158 Y116.6196 Z4.3991 E0.02246 F1200
G1 X122.8718 Y117.0158 Z4.3982 E0.02246 F1200
G1 X122.8982 Y117.4151 Z4.3973 E0.02246 F1200
G1 X122.8950 Y117.8152 Z4.3964 E0.02246 F1200
G1 X122.8621 Y118.2140 Z4.3955 E0.02246 F1200
G1 X122.7999 Y118.6093 Z4.3946 E0.02246 F1200
G1 X122.7087 Y118.9989 Z4.3937 E0.02246 F1200
G1 X122.5889 Y119.3807 Z4.3928 E0.02246 F1200
G1 X122.4414 Y119.7526 Z4.3920 E0.02246 F1200
G1 X122.2668 Y120.1127 Z4.3911 E0.02246 F1200
G1 X122.0663 Y120.4590 Z4.3902 E0.02246 F1200
G1 X121.8408 Y120.7895 Z4.3893 E0.02246 F1200
G1 X121.5917 Y121.1026 Z4.3884 E0.02246 F1200
G1 X121.3203 Y121.3967 Z4.3875 E0.02246 F1200
G1 X121.0280 Y121.6700 Z4.3866 E0.02246 F1200
G1 X120.7166 Y121.9212 Z4.3857 E0.02246 F1200
G1 X120.3876 Y122.1489 Z4.3848 E0.02246 F1200
G1 X120.0428 Y122.3520 Z4.3839 E0.02246 F1200
G1 X119.6841 Y122.5294 Z4.3830 E0.02246 F1200
G1 X119.3135 Y122.6801 Z4.3821 E0.02246 F1200
G1 X118.9328 Y122.8035 Z4.3812 E0.02246 F1200
G1 X118.5442 Y122.8988 Z4.3803 E0.02246 F1200
G1 X118.1497 Y122.9655 Z4.3794 E0.02246 F1200
G1 X117.7513 Y123.0035 Z4.3785 E0.02246 F1200
G1 X117.3513 Y123.0124 Z4.3776 E0.02246 F1200
G1 X116.9517 Y122.9923 Z4.3767 E0.02246 F1200
G1 X116.5546 Y122.9433 Z4.3758 E0.02246 F1200
G1 X116.1620 Y122.8657 Z4.3749 E0.02246 F1200
G1 X115.7761 Y122.7599 Z4.3740 E0.02246 F1200
G1 X115.3989 Y122.6265 Z4.3732 E0.02246 F1200
G1 X115.0323 Y122.4662 Z4.3723 E0.02246 F1200
G1 X114.6782 Y122.2799 Z4.3714 E0.02246 F1200
G1 X114.3384 Y122.0686 Z4.3705 E0.02246 F1200
G1 X114.0147 Y121.8333 Z4.3696 E0.02246 F1200
G1 X113.7088 Y121.5754 Z4.3687 E0.02246 F1200
G1 X113.4222 Y121.2962 Z4.3678 E0.02246 F1200
G1 X113.1564 Y120.9971 Z4.3669 E0.02246 F1200
G1 X112.9127 Y120.6797 Z4.3660 E0.02246 F1200
G1 X112.6924 Y120.3457 Z4.3651 E0.02246 F1200
G1 X112.4965 Y119.9968 Z4.3642 E0.02246 F1200
G1 X112.3261 Y119.6348 Z4.3633 E0.02246 F1200
G1 X112.1820 Y119.2615 Z4.3624 E0.02246 F1200
G1 X112.0650 Y118.8789 Z4.3615 E0.02246 F1200
G1 X111.9755 Y118.4889 Z4.3606 E0.02246 F1200
G1 X111.9140 Y118.0935 Z4.3597 E0.02246 F1200
G1 X111.8809 Y117.6947 Z4.3588 E0.02246 F1200
G1 X111.8761 Y117.2946 Z4.3579 E0.02246 F1200
G1 X111.8999 Y116.8952 Z4.3570 E0.02246 F1200
G1 X111.9519 Y116.4985 Z4.3561 E0.02246 F1200
G1 X112.0319 Y116.1064 Z4.3552 E0.02246 F1200
G1 X112.1395 Y115.7210 Z4.3543 E0.02246 F1200
G1 X112.2742 Y115.3442 Z4.3534 E0.02246 F1200
G1 X112.4351 Y114.9779 Z4.3524 E0.02246 F1200
G1 X112.6216 Y114.6239 Z4.3515 E0.02246 F1200
G1 X112.8325 Y114.2839 Z4.3506 E0.02246 F1200
G1 X113.0670 Y113.9596 Z4.3497 E0.02246 F1200
G1 X113.3237 Y113.6527 Z4.3488 E0.02246 F1200
G1 X113.6014 Y113.3646 Z4.3479 E0.02246 F1200
G1 X113.8986 Y113.0968 Z4.3470 E0.02246 F1200
G1 X114.2140 Y112.8505 Z4.3461 E0.02246 F1200
G1 X114.5459 Y112.6270 Z4.3452 E0.02246 F1200
G1 X114.8926 Y112.4274 Z4.3443 E0.02246 F1200
G1 X115.2525 Y112.2525 Z4.3434 E0.02246 F1200
G1 X115.6238 Y112.1033 Z4.3425 E0.02246 F1200
G1 X116.0046 Y111.9804 Z4.3416 E0.02246 F1200
G1 X116.3930 Y111.8845 Z4.3407 E0.02246 F1200
G1 X116.7873 Y111.8159 Z4.3398 E0.02246 F1200
G1 X117.1853 Y111.7751 Z4.3389 E0.02246 F1200
G1 X117.5852 Y111.7621 Z4.3380 E0.02246 F1200
G1 X117.9850 Y111.7770 Z4.3371 E0.02246 F1200
G1 X118.3829 Y111.8197 Z4.3362 E0.02246 F1200
G1 X118.7768 Y111.8899 Z4.3353 E0.02246 F1200
G1 X119.1649 Y111.9874 Z4.3343 E0.02246 F1200
G1 X119.5452 Y112.1116 Z4.3334 E0.02246 F1200
G1 X119.9160 Y112.2619 Z4.3325 E0.02246 F1200
G1 X120.2756 Y112.4375 Z4.3316 E0.02246 F1200
G1 X120.6220 Y112.6376 Z4.3307 E0.02246 F1200
G1 X120.9539 Y112.8613 Z4.3298 E0.02246 F1200
G1 X121.2694 Y113.1073 Z4.3289 E0.02246 F1200
G1 X121.5672 Y113.3745 Z4.3280 E0.02246 F1200
G1 X121.8458 Y113.6617 Z4.3271 E0.02246 F1200
G1 X122.1040 Y113.9674 Z4.3262 E0.02246 F1200
G1 X122.3405 Y114.2901 Z4.3253 E0.02246 F1200
G1 X122.5542 Y114.6284 Z4.3244 E0.02246 F1200
G1 X122.7441 Y114.9806 Z4.3234 E0.02246 F1200
G1 X122.9094 Y115.3450 Z4.3225 E0.02246 F1200
G1 X123.0492 Y115.7198 Z4.3216 E0.02246 F1200
G1 X123.1630 Y116.1034 Z4.3207 E0.02246 F1200
G1 X123.2502 Y116.4939 Z4.3198 E0.02246 F1200
G1 X123.3105 Y116.8895 Z4.3189 E0.02246 F1200
G1 X123.3436 Y117.2882 Z4.3180 E0.02246 F1200
G1 X123.3493 Y117.6883 Z4.3171 E0.02246 F1200
G1 X123.3276 Y118.0879 Z4.3162 E0.02246 F1200
G1 X123.2787 Y118.4850 Z4.3152 E0.02246 F1200
G1 X123.2029 Y118.8778 Z4.3143 E0.02246 F1200
G1 X123.1004 Y119.2646 Z4.3134 E0.02246 F1200
G1 X122.9719 Y119.6435 Z4.3125 E0.02246 F1200
G1 X122.8178 Y120.0128 Z4.3116 E0.02246 F1200
G1 X122.6390 Y120.3707 Z4.3107 E0.02246 F1200
G1 X122.4363 Y120.7157 Z4.3098 E0.02246 F1200
G1 X122.2107 Y121.0461 Z4.3088 E0.02246 F1200
G1 X121.9631 Y121.3605 Z4.3079 E0.02246 F1200
G1 X121.6948 Y121.6573 Z4.3070 E0.02246 F1200
G1 X121.4071 Y121.9353 Z4.3061 E0.02246 F1200
G1 X121.1012 Y122.1932 Z4.3052 E0.02246 F1200
G1 X120.7785 Y122.4298 Z4.3043 E0.02246 F1200
G1 X120.4406 Y122.6441 Z4.3034 E0.02246 F1200
G1 X120.0890 Y122.8351 Z4.3024 E0.02246 F1200
G1 X119.7253 Y123.0020 Z4.3015 E0.02246 F1200
G1 X119.3513 Y123.1439 Z4.3006 E0.02246 F1200
G1 X118.9685 Y123.2604 Z4.2997 E0.02246 F1200
G1 X118.5787 Y123.3508 Z4.2988 E0.02246 F1200
G1 X118.1838 Y123.4149 Z4.2979 E0.02246 F1200
G1 X117.7854 Y123.4522 Z4.2969 E0.02246 F1200
G1 X117.3854 Y123.4628 Z4.2960 E0.02246 F1200
G1 X116.9856 Y123.4465 Z4.2951 E0.02246 F1200
G1 X116.5878 Y123.4034 Z4.2942 E0.02246 F1200
G1 X116.1938 Y123.3338 Z4.2933 E0.02246 F1200
G1 X115.8053 Y123.2380 Z4.2924 E0.02246 F1200
G1 X115.4241 Y123.1165 Z4.2914 E0.02246 F1200
G1 X115.0519 Y122.9698 Z4.2905 E0.02246 F1200
G1 X114.6903 Y122.7985 Z4.2896 E0.02246 F1200
G1 X114.3409 Y122.6036 Z4.2887 E0.02246 F1200
G1 X114.0053 Y122.3857 Z4.2878 E0.02246 F1200
G1 X113.6849 Y122.1461 Z4.2868 E0.02246 F1200
G1 X113.3812 Y121.8856 Z4.2859 E0.02246 F1200
G1 X113.0954 Y121.6055 Z4.2850 E0.02246 F1200
G1 X112.8289 Y121.3071 Z4.2841 E0.02246 F1200
G1 X112.5828 Y120.9916 Z4.2832 E0.02246 F1200
G1 X112.3581 Y120.6605 Z4.2822 E0.02246 F1200
G1 X112.1559 Y120.3153 Z4.2813 E0.02246 F1200
G1 X111.9770 Y119.9574 Z4.2804 E0.02246 F1200
G1 X111.8222 Y119.5885 Z4.2795 E0.02246 F1200
G1 X111.6920 Y119.2101 Z4.2786 E0.02246 F1200
G1 X111.5872 Y118.8240 Z4.2776 E0.02246 F1200
G1 X111.5081 Y118.4318 Z4.2767 E0.02246 F1200
G1 X111.4550 Y118.0352 Z4.2758 E0.02246 F1200
G1 X111.4281 Y117.6360 Z4.2749 E0.02246 F1200
G1 X111.4276 Y117.2359 Z4.2739 E0.02246 F1200
G1 X111.4535 Y116.8366 Z4.2730 E0.02246 F1200
G1 X111.5055 Y116.4399 Z4.2721 E0.02246 F1200
G1 X111.5835 Y116.0474 Z4.2712 E0.02246 F1200
G1 X111.6870 Y115.6610 Z4.2702 E0.02246 F1200
G1 X111.8157 Y115.2821 Z4.2693 E0.02246 F1200
G1 X111.9690 Y114.9125 Z4.2684 E0.02246 F1200
G1 X112.1461 Y114.5537 Z4.2675 E0.02246 F1200
G1 X112.3463 Y114.2073 Z4.2665 E0.02246 F1200
G1 X112.5688 Y113.8748 Z4.2656 E0.02246 F1200
G1 X112.8125 Y113.5574 Z4.2647 E0.02246 F1200
G1 X113.0764 Y113.2567 Z4.2638 E0.02246 F1200
G1 X113.3593 Y112.9738 Z4.2628 E0.02246 F1200
G1 X113.6601 Y112.7100 Z4.2619 E0.02246 F1200
G1 X113.9775 Y112.4663 Z4.2610 E0.02246 F1200
G1 X114.3100 Y112.2438 Z4.2601 E0.02246 F1200
G1 X114.6563 Y112.0434 Z4.2591 E0.02246 F1200
G1 X115.0149 Y111.8660 Z4.2582 E0.02246 F1200
G1 X115.3843 Y111.7122 Z4.2573 E0.02246 F1200
G1 X115.7629 Y111.5827 Z4.2564 E0.02246 F1200
G1 X116.1490 Y111.4780 Z4.2554 E0.02246 F1200
G1 X116.5412 Y111.3985 Z4.2545 E0.02246 F1200
G1 X116.9376 Y111.3447 Z4.2536 E0.02246 F1200
G1 X117.3368 Y111.3165 Z4.2526 E0.02246 F1200
G1 X117.7369 Y111.3143 Z4.2517 E0.02246 F1200
G1 X118.1363 Y111.3379 Z4.2508 E0.02246 F1200
G1 X118.5333 Y111.3872 Z4.2498 E0.02246 F1200
G1 X118.9264 Y111.4621 Z4.2489 E0.02246 F1200
G1 X119.3138 Y111.5621 Z4.2480 E0.02246 F1200
G1 X119.6939 Y111.6869 Z4.2471 E0.02246 F1200
G1 X120.0653 Y111.8359 Z4.2461 E0.02246 F1200
G1 X120.4262 Y112.0084 Z4.2452 E0.02246 F1200
G1 X120.7754 Y112.2038 Z4.2443 E0.02246 F1200
G1 X121.1113 Y112.4212 Z4.2433 E0.02246 F1200
G1 X121.4325 Y112.6598 Z4.2424 E0.02246 F1200
G1 X121.7378 Y112.9184 Z4.2415 E0.02246 F1200
G1 X122.0258 Y113.1961 Z4.2405 E0.02246 F1200
G1 X122.2955 Y113.4916 Z4.2396 E0.02246 F1200
G1 X122.5458 Y113.8038 Z4.2387 E0.02246 F1200
G1 X122.7755 Y114.1314 Z4.2377 E0.02246 F1200
G1 X122.9839 Y114.4729 Z4.2368 E0.02246 F1200
G1 X123.1700 Y114.8271 Z4.2359 E0.02246 F1200
G1 X123.3332 Y115.1924 Z4.2349 E0.02246 F1200
G1 X123.4727 Y115.5674 Z4.2340 E0.02246 F1200
G1 X123.5881 Y115.9505 Z4.2331 E0.02246 F1200
G1 X123.6788 Y116.3402 Z4.2321 E0.02246 F1200
G1 X123.7446 Y116.7349 Z4.2312 E0.02246 F1200
G1 X123.7851 Y117.1329 Z4.2303 E0.02246 F1200
G1 X123.8003 Y117.5327 Z4.2293 E0.02246 F1200
G1 X123.7901 Y117.9327 Z4.2284 E0.02246 F1200
G1 X123.7545 Y118.3312 Z4.2275 E0.02246 F1200
G1 X123.6937 Y118.7267 Z4.2265 E0.02246 F1200
G1 X123.6080 Y119.1175 Z4.2256 E0.02246 F1200
G1 X123.4977 Y119.5021 Z4.2247 E0.02246 F1200
G1 X123.3634 Y119.8790 Z4.2237 E0.02246 F1200
G1 X123.2054 Y120.2466 Z4.2228 E0.02246 F1200
G1 X123.0246 Y120.6035 Z4.2218 E0.02246 F1200
G1 X122.8216 Y120.9483 Z4.2209 E0.02246 F1200
G1 X122.5973 Y121.2796 Z4.2200 E0.02246 F1200
G1 X122.3525 Y121.5961 Z4.2190 E0.02246 F1200
G1 X122.0883 Y121.8965 Z4.2181 E0.02246 F1200
G1 X121.8057 Y122.1798 Z4.2172 E0.02246 F1200
G1 X121.5059 Y122.4447 Z4.2162 E0.02246 F1200
G1 X121.1900 Y122.6902 Z4.2153 E0.02246 F1200
G1 X120.8593 Y122.9154 Z4.2143 E0.02246 F1200
G1 X120.5151 Y123.1194 Z4.2134 E0.02246 F1200
G1 X120.1588 Y123.3015 Z4.2125 E0.02246 F1200
G1 X119.7918 Y123.4608 Z4.2115 E0.02246 F1200
G1 X119.4156 Y123.5969 Z4.2106 E0.02246 F1200
G1 X119.0315 Y123.7091 Z4.2096 E0.02246 F1200
G1 X118.6412 Y123.7971 Z4.2087 E0.02246 F1200
G1 X118.2462 Y123.8605 Z4.2078 E0.02246 F1200
G1 X117.8480 Y123.8992 Z4.2068 E0.02246 F1200
G1 X117.4481 Y123.9129 Z4.2059 E0.02246 F1200
G1 X117.0482 Y123.9016 Z4.2049 E0.02246 F1200
G1 X116.6497 Y123.8655 Z4.2040 E0.02246 F1200
G1 X116.2543 Y123.8046 Z4.2030 E0.02246 F1200
G1 X115.8634 Y123.7192 Z4.2021 E0.02246 F1200
G1 X115.4786 Y123.6097 Z4.2012 E0.02246 F1200
G1 X115.1013 Y123.4764 Z4.2002 E0.02246 F1200
G1 X114.7330 Y123.3200 Z4.1993 E0.02246 F1200
G1 X114.3752 Y123.1411 Z4.1983 E0.02246 F1200
G1 X114.0291 Y122.9403 Z4.1974 E0.02246 F1200
G1 X113.6962 Y122.7184 Z4.1964 E0.02246 F1200
G1 X113.3776 Y122.4763 Z4.1955 E0.02246 F1200
G1 X113.0746 Y122.2150 Z4.1945 E0.02246 F1200
G1 X112.7884 Y121.9355 Z4.1936 E0.02246 F1200
G1 X112.5200 Y121.6388 Z4.1927 E0.02246 F1200
G1 X112.2704 Y121.3261 Z4.1917 E0.02246 F1200
G1 X112.0406 Y120.9985 Z4.1908 E0.02246 F1200
G1 X111.8315 Y120.6575 Z4.1898 E0.02246 F1200
G1 X111.6437 Y120.3041 Z4.1889 E0.02246 F1200
G1 X111.4781 Y119.9399 Z4.1879 E0.02246 F1200
G1 X111.3352 Y119.5662 Z4.1870 E0.02246 F1200
G1 X111.2156 Y119.1844 Z4.1860 E0.02246 F1200
G1 X111.1196 Y118.7960 Z4.1851 E0.02246 F1200
G1 X111.0478 Y118.4024 Z4.1841 E0.02246 F1200
G1 X111.0002 Y118.0052 Z4.1832 E0.02246 F1200
G1 X110.9770 Y117.6057 Z4.1822 E0.02246 F1200
G1 X110.9784 Y117.2056 Z4.1813 E0.02246 F1200
G1 X111.0043 Y116.8064 Z4.1803 E0.02246 F1200
G1 X111.0546 Y116.4095 Z4.1794 E0.02246 F1200
G1 X111.1291 Y116.0164 Z4.1784 E0.02246 F1200
G1 X111.2275 Y115.6286 Z4.1775 E0.02246 F1200
G1 X111.3493 Y115.2475 Z4.1765 E0.02246 F1200
G1 X111.4943 Y114.8746 Z4.1756 E0.02246 F1200
G1 X111.6617 Y114.5112 Z4.1746 E0.02246 F1200
G1 X111.8509 Y114.1587 Z4.1737 E0.02246 F1200
G1 X112.0613 Y113.8184 Z4.1727 E0.02246 F1200
G1 X112.2921 Y113.4915 Z4.1718 E0.02246 F1200
G1 X112.5422 Y113.1793 Z4.1708 E0.02246 F1200
G1 X112.8109 Y112.8828 Z4.1699 E0.02246 F1200
G1 X113.0972 Y112.6033 Z4.1689 E0.02246 F1200
G1 X113.3998 Y112.3416 Z4.1680 E0.02246 F1200
G1 X113.7178 Y112.0988 Z4.1670 E0.02246 F1200
G1 X114.0500 Y111.8758 Z4.1661 E0.02246 F1200
G1 X114.3950 Y111.6732 Z4.1651 E0.02246 F1200
G1 X114.7517 Y111.4920 Z4.1642 E0.02246 F1200
G1 X115.1187 Y111.3326 Z4.1632 E0.02246 F1200
G1 X115.4947 Y111.1958 Z4.1623 E0.02246 F1200
G1 X115.8782 Y111.0820 Z4.1613 E0.02246 F1200
G1 X116.2680 Y110.9915 Z4.1604 E0.02246 F1200
G1 X116.6624 Y110.9247 Z4.1594 E0.02246 F1200
G1 X117.0602 Y110.8818 Z4.1584 E0.02246 F1200
G1 X117.4599 Y110.8631 Z4.1575 E0.02246 F1200
G1 X117.8599 Y110.8684 Z4.1565 E0.02246 F1200
G1 X118.2590 Y110.8978 Z4.1556 E0.02246 F1200
G1 X118.6555 Y110.9511 Z4.1546 E0.02246 F1200
G1 X119.0481 Y111.0283 Z4.1537 E0.02246 F1200
G1 X119.4353 Y111.1288 Z4.1527 E0.02246 F1200
G1 X119.8158 Y111.2525 Z4.1518 E0.02246 F1200
G1 X120.1882 Y111.3987 Z4.1508 E0.02246 F1200
G1 X120.5512 Y111.5671 Z4.1498 E0.02246 F1200
G1 X120.9034 Y111.7569 Z4.1489 E0.02246 F1200
G1 X121.2436 Y111.9674 Z4.1479 E0.02246 F1200
G1 X121.5706 Y112.1980 Z4.1470 E0.02246 F1200
G1 X121.8832 Y112.4477 Z4.1460 E0.02246 F1200
G1 X122.1803 Y112.7156 Z4.1450 E0.02246 F1200
G1 X122.4609 Y113.0008 Z4.1441 E0.02246 F1200
G1 X122.7239 Y113.3023 Z4.1431 E0.02246 F1200
G1 X122.9685 Y113.6189 Z4.1422 E0.02246 F1200
G1 X123.1938 Y113.9495 Z4.1412 E0.02246 F1200
G1 X123.3990 Y114.2930 Z4.1402 E0.02246 F1200
G1 X123.5833 Y114.6481 Z4.1393 E0.02246 F1200
G1 X123.7462 Y115.0136 Z4.1383 E0.02246 F1200
G1 X123.8870 Y115.3880 Z4.1374 E0.02246 F1200
G1 X124.0053 Y115.7702 Z4.1364 E0.02246 F1200
G1 X124.1008 Y116.1588 Z4.1354 E0.02246 F1200
G1 X124.1729 Y116.5523 Z4.1345 E0.02246 F1200
G1 X124.2216 Y116.9494 Z4.1335 E0.02246 F1200
G1 X124.2467 Y117.3487 Z4.1326 E0.02246 F1200
G1 X124.2481 Y117.7488 Z4.1316 E0.02246 F1200
G1 X124.2257 Y118.1483 Z4.1306 E0.02246 F1200
G1 X124.1798 Y118.5457 Z4.1297 E0.02246 F1200
G1 X124.1104 Y118.9397 Z4.1287 E0.02246 F1200
G1 X124.0178 Y119.3290 Z4.1277 E0.02246 F1200
G1 X123.9025 Y119.7121 Z4.1268 E0.02246 F1200
G1 X123.7647 Y120.0877 Z4.1258 E0.02246 F1200
G1 X123.6049 Y120.4545 Z4.1248 E0.02246 F1200
G1 X123.4239 Y120.8113 Z4.1239 E0.02246 F1200
G1 X123.2221 Y121.1568 Z4.1229 E0.02246 F1200
G1 X123.0003 Y121.4897 Z4.1219 E0.02246 F1200
G1 X122.7593 Y121.8091 Z4.1210 E0.02246 F1200
G1 X122.4999 Y122.1137 Z4.1200 E0.02246 F1200
G1 X122.2231 Y122.4026 Z4.1190 E0.02246 F1200
G1 X121.9298 Y122.6747 Z4.1181 E0.02246 F1200
G1 X121.6210 Y122.9291 Z4.1171 E0.02246 F1200
G1 X121.2978 Y123.1649 Z4.1161 E0.02246 F1200
G1 X120.9614 Y123.3814 Z4.1152 E0.02246 F1200
G1 X120.6128 Y123.5778 Z4.1142 E0.02246 F1200
G1 X120.2533 Y123.7535 Z4.1132 E0.02246 F1200
G1 X119.8842 Y123.9078 Z4.1123 E0.02246 F1200
G1 X119.5067 Y124.0403 Z4.1113 E0.02246 F1200
G1 X119.1221 Y124.1504 Z4.1103 E0.02246 F1200
G1 X118.7317 Y124.2379 Z4.1094 E0.02246 F1200
G1 X118.3368 Y124.3025 Z4.1084 E0.02246 F1200
G1 X117.9389 Y124.3439 Z4.1074 E0.02246 F1200
G1 X117.5392 Y124.3620 Z4.1065 E0.02246 F1200
G1 X117.1391 Y124.3568 Z4.1055 E0.02246 F1200
G1 X116.7401 Y124.3283 Z4.1045 E0.02246 F1200
G1 X116.3433 Y124.2766 Z4.1035 E0.02246 F1200
G1 X115.9503 Y124.2019 Z4.1026 E0.02246 F1200
G1 X115.5622 Y124.1045 Z4.1016 E0.02246 F1200
G1 X115.1805 Y123.9848 Z4.1006 E0.02246 F1200
G1 X114.8064 Y123.8430 Z4.0997 E0.02246 F1200
G1 X114.4411 Y123.6798 Z4.0987 E0.02246 F1200
G1 X114.0859 Y123.4957 Z4.0977 E0.02246 F1200
G1 X113.7420 Y123.2912 Z4.0967 E0.02246 F1200
G1 X113.4105 Y123.0673 Z4.0958 E0.02246 F1200
G1 X113.0925 Y122.8244 Z4.0948 E0.02246 F1200
G1 X112.7891 Y122.5636 Z4.0938 E0.02246 F1200
G1 X112.5013 Y122.2857 Z4.0928 E0.02246 F1200
G1 X112.2300 Y121.9917 Z4.0919 E0.02246 F1200
G1 X111.9762 Y121.6824 Z4.0909 E0.02246 F1200
G1 X111.7406 Y121.3590 Z4.0899 E0.02246 F1200
G1 X111.5241 Y121.0226 Z4.0889 E0.02246 F1200
G1 X111.3273 Y120.6742 Z4.0880 E0.02246 F1200
G1 X111.1510 Y120.3151 Z4.0870 E0.02246 F1200
G1 X110.9956 Y119.9464 Z4.0860 E0.02246 F1200
G1 X110.8617 Y119.5694 Z4.0850 E0.02246 F1200
G1 X110.7497 Y119.1853 Z4.0841 E0.02246 F1200
G1 X110.6600 Y118.7954 Z4.0831 E0.02246 F1200
G1 X110.5928 Y118.4010 Z4.0821 E0.02246 F1200
G1 X110.5484 Y118.0034 Z4.0811 E0.02246 F1200
G1 X110.5268 Y117.6039 Z4.0802 E0.02246 F1200
G1 X110.5282 Y117.2038 Z4.0792 E0.02246 F1200
G1 X110.5526 Y116.8045 Z4.0782 E0.02246 F1200
G1 X110.5998 Y116.4072 Z4.0772 E0.02246 F1200
G1 X110.6696 Y116.0132 Z4.0762 E0.02246 F1200
G1 X110.7618 Y115.6239 Z4.0753 E0.02246 F1200
G1 X110.8762 Y115.2406 Z4.0743 E0.02246 F1200
G1 X111.0123 Y114.8643 Z4.0733 E0.02246 F1200
G1 X111.1697 Y114.4965 Z4.0723 E0.02246 F1200
G1 X111.3478 Y114.1382 Z4.0713 E0.02246 F1200
G1 X111.5460 Y113.7907 Z4.0704 E0.02246 F1200
G1 X111.7637 Y113.4551 Z4.0694 E0.02246 F1200
G1 X112.0002 Y113.1324 Z4.0684 E0.02246 F1200
G1 X112.2547 Y112.8237 Z4.0674 E0.02246 F1200
G1 X112.5264 Y112.5300 Z4.0664 E0.02246 F1200
G1 X112.8143 Y112.2522 Z4.0654 E0.02246 F1200
G1 X113.1176 Y111.9912 Z4.0645 E0.02246 F1200
G1 X113.4351 Y111.7479 Z4.0635 E0.02246 F1200
G1 X113.7660 Y111.5230 Z4.0625 E0.02246 F1200
G1 X114.1092 Y111.3172 Z4.0615 E0.02246 F1200
G1 X114.4634 Y111.1312 Z4.0605 E0.02246 F1200
G1 X114.8276 Y110.9657 Z4.0595 E0.02246 F1200
G1 X115.2006 Y110.8210 Z4.0586 E0.02246 F1200
G1 X115.5812 Y110.6976 Z4.0576 E0.02246 F1200
G1 X115.9682 Y110.5960 Z4.0566 E0.02246 F1200
G1 X116.3603 Y110.5165 Z4.0556 E0.02246 F1200
G1 X116.7562 Y110.4592 Z4.0546 E0.02246 F1200
G1 X117.1548 Y110.4244 Z4.0536 E0.02246 F1200
G1 X117.5547 Y110.4122 Z4.0526 E0.02246 F1200
G1 X117.9546 Y110.4225 Z4.0517 E0.02246 F1200
G1 X118.3534 Y110.4554 Z4.0507 E0.02246 F1200
G1 X118.7496 Y110.5107 Z4.0497 E0.02246 F1200
G1 X119.1421 Y110.5882 Z4.0487 E0.02246 F1200
G1 X119.5296 Y110.6877 Z4.0477 E0.02246 F1200
G1 X119.9109 Y110.8088 Z4.0467 E0.02246 F1200
G1 X120.2848 Y110.9512 Z4.0457 E0.02246 F1200
G1 X120.6501 Y111.1144 Z4.0447 E0.02246 F1200
G1 X121.0056 Y111.2978 Z4.0438 E0.02246 F1200
G1 X121.3503 Y111.5009 Z4.0428 E0.02246 F1200
G1 X121.6831 Y111.7231 Z4.0418 E0.02246 F1200
G1 X122.0028 Y111.9635 Z4.0408 E0.02246 F1200
G1 X122.3086 Y112.2215 Z4.0398 E0.02246 F1200
G1 X122.5995 Y112.4962 Z4.0388 E0.02246 F1200
G1 X122.8745 Y112.7868 Z4.0378 E0.02246 F1200
G1 X123.1329 Y113.0922 Z4.0368 E0.02246 F1200
G1 X123.3737 Y113.4117 Z4.0358 E0.02246 F1200
G1 X123.5963 Y113.7441 Z4.0348 E0.02246 F1200
G1 X123.8001 Y114.0884 Z4.0339 E0.02246 F1200
G1 X123.9842 Y114.4436 Z4.0329 E0.02246 F1200
G1 X124.1483 Y114.8085 Z4.0319 E0.02246 F1200
G1 X124.2918 Y115.1820 Z4.0309 E0.02246 F1200
G1 X124.4142 Y115.5629 Z4.0299 E0.02246 F1200
G1 X124.5152 Y115.9500 Z4.0289 E0.02246 F1200
G1 X124.5945 Y116.3421 Z4.0279 E0.02246 F1200
G1 X124.6519 Y116.7381 Z4.0269 E0.02246 F1200
G1 X124.6872 Y117.1366 Z4.0259 E0.02246 F1200
G1 X124.7003 Y117.5364 Z4.0249 E0.02246 F1200
G1 X124.6911 Y117.9364 Z4.0239 E0.02246 F1200
G1 X124.6598 Y118.3353 Z4.0229 E0.02246 F1200
G1 X124.6063 Y118.7318 Z4.0219 E0.02246 F1200
G1 X124.5310 Y119.1247 Z4.0209 E0.02246 F1200
G1 X124.4340 Y119.5128 Z4.0199 E0.02246 F1200
G1 X124.3156 Y119.8950 Z4.0189 E0.02246 F1200
G1 X124.1763 Y120.2700 Z4.0179 E0.02246 F1200
G1 X124.0165 Y120.6368 Z4.0169 E0.02246 F1200
G1 X123.8366 Y120.9941 Z4.0159 E0.02246 F1200
G1 X123.6372 Y121.3410 Z4.0149 E0.02246 F1200
G1 X123.4190 Y121.6763 Z4.0139 E0.02246 F1200
G1 X123.1825 Y121.9991 Z4.0129 E0.02246 F1200
G1 X122.9287 Y122.3083 Z4.0119 E0.02246 F1200
G1 X122.6582 Y122.6030 Z4.0109 E0.02246 F1200
G1 X122.3718 Y122.8824 Z4.0099 E0.02246 F1200
G1 X122.0705 Y123.1456 Z4.0089 E0.02246 F1200
G1 X121.7551 Y123.3918 Z4.0079 E0.02246 F1200
G1 X121.4267 Y123.6203 Z4.0069 E0.02246 F1200
G1 X121.0862 Y123.8303 Z4.0059 E0.02245 F1200
G1 X120.7347 Y124.0214 Z4.0049 E0.02245 F1200
G1 X120.3732 Y124.1928 Z4.0039 E0.02245 F1200
G1 X120.0028 Y124.3441 Z4.0029 E0.02245 F1200
G1 X119.6247 Y124.4749 Z4.0019 E0.02245 F1200
G1 X119.2400 Y124.5847 Z4.0009 E0.02245 F1200
G1 X118.8499 Y124.6733 Z3.9999 E0.02245 F1200
G1 X118.4554 Y124.7403 Z3.9989 E0.02245 F1200
G1 X118.0580 Y124.7857 Z3.9979 E0.02245 F1200
G1 X117.6586 Y124.8092 Z3.9969 E0.02245 F1200
G1 X117.2585 Y124.8109 Z3.9959 E0.02245 F1200
G1 X116.8589 Y124.7907 Z3.9949 E0.02245 F1200
G1 X116.4611 Y124.7486 Z3.9939 E0.02245 F1200
G1 X116.0661 Y124.6849 Z3.9929 E0.02245 F1200
G1 X115.6752 Y124.5998 Z3.9919 E0.02245 F1200
G1 X115.2895 Y124.4934 Z3.9909 E0.02245 F1200
G1 X114.9102 Y124.3662 Z3.9899 E0.02245 F1200
G1 X114.5384 Y124.2184 Z3.9889 E0.02245 F1200
G1 X114.1752 Y124.0507 Z3.9879 E0.02245 F1200
G1 X113.8217 Y123.8634 Z3.9869 E0.02245 F1200
G1 X113.4788 Y123.6572 Z3.9859 E0.02245 F1200
G1 X113.1477 Y123.4326 Z3.9849 E0.02245 F1200
G1 X112.8293 Y123.1903 Z3.9839 E0.02245 F1200
G1 X112.5246 Y122.9312 Z3.9828 E0.02245 F1200
G1 X112.2343 Y122.6558 Z3.9818 E0.02245 F1200
G1 X111.9595 Y122.3651 Z3.9808 E0.02245 F1200
G1 X111.7008 Y122.0599 Z3.9798 E0.02245 F1200
G1 X111.4590 Y121.7412 Z3.9788 E0.02245 F1200
G1 X111.2348 Y121.4098 Z3.9778 E0.02245 F1200
G1 X111.0290 Y121.0668 Z3.9768 E0.02245 F1200
G1 X110.8419 Y120.7131 Z3.9758 E0.02245 F1200
G1 X110.6744 Y120.3498 Z3.9748 E0.02245 F1200
G1 X110.5266 Y119.9780 Z3.9738 E0.02245 F1200
G1 X110.3992 Y119.5987 Z3.9727 E0.02245 F1200
G1 X110.2925 Y119.2132 Z3.9717 E0.02245 F1200
G1 X110.2068 Y118.8224 Z3.9707 E0.02245 F1200
G1 X110.1422 Y118.4276 Z3.9697 E0.02245 F1200
G1 X110.0991 Y118.0298 Z3.9687 E0.02245 F1200
G1 X110.0774 Y117.6303 Z3.9677 E0.02245 F1200
G1 X110.0773 Y117.2302 Z3.9667 E0.02245 F1200
G1 X110.0987 Y116.8307 Z3.9657 E0.02245 F1200
G1 X110.1416 Y116.4330 Z3.9646 E0.02245 F1200
G1 X110.2059 Y116.0381 Z3.9636 E0.02245 F1200
G1 X110.2913 Y115.6472 Z3.9626 E0.02245 F1200
G1 X110.3975 Y115.2615 Z3.9616 E0.02245 F1200
G1 X110.5243 Y114.8821 Z3.9606 E0.02245 F1200
G1 X110.6714 Y114.5100 Z3.9596 E0.02245 F1200
G1 X110.8381 Y114.1463 Z3.9586 E0.02245 F1200
G1 X111.0241 Y113.7922 Z3.9575 E0.02245 F1200
G1 X111.2289 Y113.4484 Z3.9565 E0.02245 F1200
G1 X111.4517 Y113.1162 Z3.9555 E0.02245 F1200
G1 X111.6920 Y112.7963 Z3.9545 E0.02245 F1200
G1 X111.9491 Y112.4898 Z3.9535 E0.02245 F1200
G1 X112.2223 Y112.1975 Z3.9524 E0.02245 F1200
G1 X112.5106 Y111.9201 Z3.9514 E0.02245 F1200
G1 X112.8134 Y111.6586 Z3.9504 E0.02245 F1200
G1 X113.1297 Y111.4136 Z3.9494 E0.02245 F1200
G1 X113.4586 Y111.1859 Z3.9484 E0.02245 F1200
G1 X113.7992 Y110.9760 Z3.9474 E0.02245 F1200
G1 X114.1505 Y110.7846 Z3.9463 E0.02245 F1200
G1 X114.5115 Y110.6122 Z3.9453 E0.02245 F1200
G1 X114.8812 Y110.4593 Z3.9443 E0.02245 F1200
G1 X115.2585 Y110.3262 Z3.9433 E0.02245 F1200
G1 X115.6424 Y110.2134 Z3.9423 E0.02245 F1200
G1 X116.0317 Y110.1212 Z3.9412 E0.02245 F1200
G1 X116.4253 Y110.0499 Z3.9402 E0.02245 F1200
G1 X116.8222 Y109.9995 Z3.9392 E0.02245 F1200
G1 X117.2212 Y109.9703 Z3.9382 E0.02245 F1200
G1 X117.6212 Y109.9623 Z3.9371 E0.02245 F1200
G1 X118.0211 Y109.9756 Z3.9361 E0.02245 F1200
G1 X118.4197 Y110.0100 Z3.9351 E0.02245 F1200
G1 X118.8159 Y110.0655 Z3.9341 E0.02245 F1200
G1 X119.2086 Y110.1419 Z3.9330 E0.02245 F1200
G1 X119.5967 Y110.2390 Z3.9320 E0.02245 F1200
G1 X119.9791 Y110.3565 Z3.9310 E0.02245 F1200
G1 X120.3548 Y110.4941 Z3.9300 E0.02245 F1200
G1 X120.7227 Y110.6513 Z3.9289 E0.02245 F1200
G1 X121.0817 Y110.8278 Z3.9279 E0.02245 F1200
G1 X121.4309 Y111.0230 Z3.9269 E0.02245 F1200
G1 X121.7694 Y111.2363 Z3.9259 E0.02245 F1200
G1 X122.0961 Y111.4672 Z3.9248 E0.02245 F1200
G1 X122.4102 Y111.7150 Z3.9238 E0.02245 F1200
G1 X122.7108 Y111.9790 Z3.9228 E0.02245 F1200
G1 X122.9970 Y112.2585 Z3.9218 E0.02245 F1200
G1 X123.2682 Y112.5527 Z3.9207 E0.02245 F1200
G1 X123.5235 Y112.8607 Z3.9197 E0.02245 F1200
G1 X123.7622 Y113.1817 Z3.9187 E0.02245 F1200
G1 X123.9837 Y113.5149 Z3.9176 E0.02245 F1200
G1 X124.1874 Y113.8592 Z3.9166 E0.02245 F1200
G1 X124.3728 Y114.2137 Z3.9156 E0.02245 F1200
G1 X124.5393 Y114.5775 Z3.9146 E0.02245 F1200
G1 X124.6864 Y114.9496 Z3.9135 E0.02245 F1200
G1 X124.8139 Y115.3288 Z3.9125 E0.02245 F1200
G1 X124.9212 Y115.7142 Z3.9115 E0.02245 F1200
G1 X125.0083 Y116.1047 Z3.9104 E0.02245 F1200
G1 X125.0748 Y116.4992 Z3.9094 E0.02245 F1200
G1 X125.1205 Y116.8966 Z3.9084 E0.02245 F1200
G1 X125.1454 Y117.2959 Z3.9073 E0.02245 F1200
G1 X125.1493 Y117.6960 Z3.9063 E0.02245 F1200
G1 X125.1324 Y118.0957 Z3.9053 E0.02245 F1200
G1 X125.0946 Y118.4939 Z3.9042 E0.02245 F1200
G1 X125.0360 Y118.8897 Z3.9032 E0.02245 F1200
G1 X124.9569 Y119.2819 Z3.9022 E0.02245 F1200
G1 X124.8574 Y119.6694 Z3.9011 E0.02245 F1200
G1 X124.7378 Y120.0512 Z3.9001 E0.02245 F1200
G1 X124.5985 Y120.4262 Z3.8991 E0.02245 F1200
G1 X124.4399 Y120.7935 Z3.8980 E0.02245 F1200
G1 X124.2623 Y121.1520 Z3.8970 E0.02245 F1200
G1 X124.0664 Y121.5008 Z3.8959 E0.02245 F1200
G1 X123.8525 Y121.8389 Z3.8949 E0.02245 F1200
G1 X123.6214 Y122.1655 Z3.8939 E0.02245 F1200
G1 X123.3736 Y122.4796 Z3.8928 E0.02245 F1200
G1 X123.1099 Y122.7804 Z3.8918 E0.02245 F1200
G1 X122.8308 Y123.0671 Z3.8908 E0.02245 F1200
G1 X122.5373 Y123.3389 Z3.8897 E0.02245 F1200
G1 X122.2301 Y123.5952 Z3.8887 E0.02245 F1200
G1 X121.9100 Y123.8351 Z3.8876 E0.02245 F1200
G1 X121.5779 Y124.0582 Z3.8866 E0.02245 F1200
G1 X121.2347 Y124.2638 Z3.8856 E0.02245 F1200
G1 X120.8813 Y124.4513 Z3.8845 E0.02245 F1200
G1 X120.5187 Y124.6203 Z3.8835 E0.02245 F1200
G1 X120.1478 Y124.7703 Z3.8824 E0.02245 F1200
G1 X119.7697 Y124.9010 Z3.8814 E0.02245 F1200
G1 X119.3853 Y125.0119 Z3.8804 E0.02245 F1200
G1 X118.9957 Y125.1029 Z3.8793 E0.02245 F1200
G1 X118.6019 Y125.1736 Z3.8783 E0.02245 F1200
G1 X118.2050 Y125.2239 Z3.8772 E0.02245 F1200
G1 X117.8061 Y125.2536 Z3.8762 E0.02245 F1200
G1 X117.4061 Y125.2628 Z3.8751 E0.02245 F1200
G1 X117.0062 Y125.2513 Z3.8741 E0.02245 F1200
G1 X116.6074 Y125.2193 Z3.8731 E0.02245 F1200
G1 X116.2108 Y125.1668 Z3.8720 E0.02245 F1200
G1 X115.8174 Y125.0939 Z3.8710 E0.02245 F1200
G1 X115.4283 Y125.0010 Z3.8699 E0.02245 F1200
G1 X115.0445 Y124.8881 Z3.8689 E0.02245 F1200
G1 X114.6670 Y124.7557 Z3.8678 E0.02245 F1200
G1 X114.2968 Y124.6041 Z3.8668 E0.02245 F1200
G1 X113.9348 Y124.4336 Z3.8657 E0.02245 F1200
G1 X113.5821 Y124.2448 Z3.8647 E0.02245 F1200
G1 X113.2395 Y124.0382 Z3.8636 E0.02245 F1200
G1 X112.9080 Y123.8143 Z3.8626 E0.02245 F1200
G1 X112.5883 Y123.5737 Z3.8615 E0.02245 F1200
G1 X112.2814 Y123.3171 Z3.8605 E0.02245 F1200
G1 X111.9880 Y123.0451 Z3.8594 E0.02245 F1200
G1 X111.7090 Y122.7584 Z3.8584 E0.02245 F1200
G1 X111.4449 Y122.4579 Z3.8573 E0.02245 F1200
G1 X111.1966 Y122.1442 Z3.8563 E0.02245 F1200
G1 X110.9646 Y121.8183 Z3.8552 E0.02245 F1200
G1 X110.7496 Y121.4809 Z3.8542 E0.02245 F1200
G1 X110.5520 Y121.1330 Z3.8531 E0.02245 F1200
G1 X110.3725 Y120.7755 Z3.8521 E0.02245 F1200
G1 X110.2114 Y120.4093 Z3.8510 E0.02245 F1200
G1 X110.0692 Y120.0354 Z3.8500 E0.02245 F1200
G1 X109.9462 Y119.6547 Z3.8489 E0.02245 F1200
G1 X109.8428 Y119.2682 Z3.8479 E0.02245 F1200
G1 X109.7591 Y118.8770 Z3.8468 E0.02245 F1200
G1 X109.6955 Y118.4820 Z3.8458 E0.02245 F1200
G1 X109.6520 Y118.0843 Z3.8447 E0.02245 F1200
G1 X109.6289 Y117.6849 Z3.8437 E0.02245 F1200
G1 X109.6260 Y117.2849 Z3.8426 E0.02245 F1200
G1 X109.6434 Y116.8852 Z3.8416 E0.02245 F1200
G1 X109.6811 Y116.4869 Z3.8405 E0.02245 F1200
G1 X109.7390 Y116.0910 Z3.8394 E0.02245 F1200
G1 X109.8169 Y115.6986 Z3.8384 E0.02245 F1200
G1 X109.9145 Y115.3106 Z3.8373 E0.02245 F1200
G1 X110.0317 Y114.9281 Z3.8363 E0.02245 F1200
G1 X110.1681 Y114.5520 Z3.8352 E0.02245 F1200
G1 X110.3233 Y114.1833 Z3.8342 E0.02245 F1200
G1 X110.4970 Y113.8229 Z3.8331 E0.02245 F1200
G1 X110.6888 Y113.4718 Z3.8320 E0.02245 F1200
G1 X110.8980 Y113.1308 Z3.8310 E0.02245 F1200
G1 X111.1241 Y112.8008 Z3.8299 E0.02245 F1200
G1 X111.3667 Y112.4826 Z3.8289 E0.02245 F1200
G1 X111.6250 Y112.1771 Z3.8278 E0.02245 F1200
G1 X111.8984 Y111.8850 Z3.8267 E0.02245 F1200
G1 X112.1861 Y111.6071 Z3.8257 E0.02245 F1200
G1 X112.4875 Y111.3440 Z3.8246 E0.02245 F1200
G1 X112.8018 Y111.0965 Z3.8236 E0.02245 F1200
G1 X113.1282 Y110.8651 Z3.8225 E0.02245 F1200
G1 X113.4657 Y110.6504 Z3.8214 E0.02245 F1200
G1 X113.8137 Y110.4529 Z3.8204 E0.02245 F1200
G1 X114.1711 Y110.2733 Z3.8193 E0.02245 F1200
G1 X114.5371 Y110.1118 Z3.8182 E0.02245 F1200
G1 X114.9108 Y109.9689 Z3.8172 E0.02245 F1200
G1 X115.2912 Y109.8449 Z3.8161 E0.02245 F1200
G1 X115.6773 Y109.7402 Z3.8150 E0.02245 F1200
G1 X116.0682 Y109.6550 Z3.8140 E0.02245 F1200
G1 X116.4629 Y109.5895 Z3.8129 E0.02245 F1200
G1 X116.8603 Y109.5439 Z3.8119 E0.02245 F1200
G1 X117.2596 Y109.5183 Z3.8108 E0.02245 F1200
G1 X117.6596 Y109.5127 Z3.8097 E0.02245 F1200
G1 X118.0594 Y109.5271 Z3.8087 E0.02245 F1200
G1 X118.4580 Y109.5615 Z3.8076 E0.02245 F1200
G1 X118.8543 Y109.6158 Z3.8065 E0.02245 F1200
G1 X119.2475 Y109.6898 Z3.8055 E0.02245 F1200
G1 X119.6365 Y109.7835 Z3.8044 E0.02245 F1200
G1 X120.0202 Y109.8964 Z3.8033 E0.02245 F1200
G1 X120.3979 Y110.0283 Z3.8022 E0.02245 F1200
G1 X120.7686 Y110.1789 Z3.8012 E0.02245 F1200
G1 X121.1312 Y110.3479 Z3.8001 E0.02245 F1200
G1 X121.4850 Y110.5347 Z3.7990 E0.02245 F1200
G1 X121.8290 Y110.7389 Z3.7980 E0.02245 F1200
G1 X122.1624 Y110.9599 Z3.7969 E0.02245 F1200
G1 X122.4844 Y111.1973 Z3.7958 E0.02245 F1200
G1 X122.7942 Y111.4505 Z3.7947 E0.02245 F1200
G1 X123.0910 Y111.7187 Z3.7937 E0.02245 F1200
G1 X123.3741 Y112.0014 Z3.7926 E0.02245 F1200
G1 X123.6428 Y112.2978 Z3.7915 E0.02245 F1200
G1 X123.8965 Y112.6072 Z3.7905 E0.02245 F1200
G1 X124.1344 Y112.9288 Z3.7894 E0.02245 F1200
G1 X124.3561 Y113.2618 Z3.7883 E0.02245 F1200
G1 X124.5611 Y113.6054 Z3.7872 E0.02245 F1200
G1 X124.7487 Y113.9587 Z3.7862 E0.02245 F1200
G1 X124.9185 Y114.3209 Z3.7851 E0.02245 F1200
G1 X125.0702 Y114.6911 Z3.7840 E0.02245 F1200
G1 X125.2034 Y115.0684 Z3.7829 E0.02245 F1200
G1 X125.3178 Y115.4517 Z3.7819 E0.02245 F1200
G1 X125.4130 Y115.8403 Z3.7808 E0.02245 F1200
G1 X125.4889 Y116.2331 Z3.7797 E0.02245 F1200
G1 X125.5453 Y116.6292 Z3.7786 E0.02245 F1200
G1 X125.5820 Y117.0275 Z3.7775 E0.02245 F1200
G1 X125.5990 Y117.4272 Z3.7765 E0.02245 F1200
G1 X125.5963 Y117.8273 Z3.7754 E0.02245 F1200
G1 X125.5738 Y118.2267 Z3.7743 E0.02245 F1200
G1 X125.5316 Y118.6246 Z3.7732 E0.02245 F1200
G1 X125.4699 Y119.0198 Z3.7721 E0.02245 F1200
G1 X125.3887 Y119.4116 Z3.7711 E0.02245 F1200
G1 X125.2884 Y119.7988 Z3.7700 E0.02245 F1200
G1 X125.1691 Y120.1807 Z3.7689 E0.02245 F1200
G1 X125.0311 Y120.5562 Z3.7678 E0.02245 F1200
G1 X124.8748 Y120.9245 Z3.7667 E0.02245 F1200
G1 X124.7006 Y121.2847 Z3.7657 E0.02245 F1200
G1 X124.5089 Y121.6358 Z3.7646 E0.02245 F1200
G1 X124.3002 Y121.9771 Z3.7635 E0.02245 F1200
G1 X124.0750 Y122.3077 Z3.7624 E0.02245 F1200
G1 X123.8338 Y122.6269 Z3.7613 E0.02245 F1200
G1 X123.5772 Y122.9339 Z3.7602 E0.02245 F1200
G1 X123.3059 Y123.2278 Z3.7592 E0.02245 F1200
G1 X123.0205 Y123.5082 Z3.7581 E0.02245 F1200
G1 X122.7217 Y123.7742 Z3.7570 E0.02245 F1200
G1 X122.4102 Y124.0252 Z3.7559 E0.02245 F1200
G1 X122.0868 Y124.2607 Z3.7548 E0.02245 F1200
G1 X121.7522 Y124.4801 Z3.7537 E0.02245 F1200
G1 X121.4073 Y124.6828 Z3.7526 E0.02245 F1200
G1 X121.0529 Y124.8685 Z3.7516 E0.02245 F1200
G1 X120.6899 Y125.0365 Z3.7505 E0.02245 F1200
G1 X120.3191 Y125.1867 Z3.7494 E0.02245 F1200
G1 X119.9414 Y125.3185 Z3.7483 E0.02245 F1200
G1 X119.5577 Y125.4318 Z3.7472 E0.02245 F1200
G1 X119.1689 Y125.5261 Z3.7461 E0.02245 F1200
G1 X118.7760 Y125.6014 Z3.7450 E0.02245 F1200
G1 X118.3799 Y125.6575 Z3.7439 E0.02245 F1200
G1 X117.9815 Y125.6942 Z3.7428 E0.02245 F1200
G1 X117.5818 Y125.7114 Z3.7417 E0.02245 F1200
G1 X117.1817 Y125.7091 Z3.7407 E0.02245 F1200
G1 X116.7823 Y125.6874 Z3.7396 E0.02245 F1200
G1 X116.3843 Y125.6462 Z3.7385 E0.02245 F1200
G1 X115.9889 Y125.5857 Z3.7374 E0.02245 F1200
G1 X115.5968 Y125.5061 Z3.7363 E0.02245 F1200
G1 X115.2091 Y125.4075 Z3.7352 E0.02245 F1200
G1 X114.8266 Y125.2902 Z3.7341 E0.02245 F1200
G1 X114.4503 Y125.1545 Z3.7330 E0.02245 F1200
G1 X114.0810 Y125.0006 Z3.7319 E0.02245 F1200
G1 X113.7196 Y124.8291 Z3.7308 E0.02245 F1200
G1 X113.3669 Y124.6401 Z3.7297 E0.02245 F1200
G1 X113.0239 Y124.4344 Z3.7286 E0.02245 F1200
G1 X112.6912 Y124.2122 Z3.7275 E0.02245 F1200
G1 X112.3696 Y123.9742 Z3.7264 E0.02245 F1200
G1 X112.0600 Y123.7209 Z3.7253 E0.02245 F1200
G1 X111.7629 Y123.4529 Z3.7242 E0.02245 F1200
G1 X111.4792 Y123.1708 Z3.7231 E0.02245 F1200
G1 X111.2095 Y122.8754 Z3.7220 E0.02245 F1200
G1 X110.9544 Y122.5672 Z3.7209 E0.02245 F1200
G1 X110.7144 Y122.2471 Z3.7198 E0.02245 F1200
G1 X110.4902 Y121.9158 Z3.7187 E0.02245 F1200
G1 X110.2822 Y121.5740 Z3.7176 E0.02245 F1200
G1 X110.0910 Y121.2226 Z3.7165 E0.02245 F1200
G1 X109.9169 Y120.8624 Z3.7154 E0.02245 F1200
G1 X109.7605 Y120.4942 Z3.7143 E0.02245 F1200
G1 X109.6219 Y120.1189 Z3.7132 E0.02245 F1200
G1 X109.5016 Y119.7374 Z3.7121 E0.02245 F1200
G1 X109.3998 Y119.3505 Z3.7110 E0.02245 F1200
G1 X109.3167 Y118.9592 Z3.7099 E0.02245 F1200
G1 X109.2526 Y118.5643 Z3.7088 E0.02245 F1200
G1 X109.2075 Y118.1668 Z3.7077 E0.02245 F1200
G1 X109.1816 Y117.7676 Z3.7066 E0.02245 F1200
G1 X109.1749 Y117.3676 Z3.7055 E0.02245 F1200
G1 X109.1874 Y116.9677 Z3.7044 E0.02245 F1200
G1 X109.2192 Y116.5689 Z3.7033 E0.02245 F1200
G1 X109.2700 Y116.1721 Z3.7022 E0.02245 F1200
G1 X109.3398 Y115.7782 Z3.7011 E0.02245 F1200
G1 X109.4284 Y115.3880 Z3.7000 E0.02245 F1200
G1 X109.5356 Y115.0026 Z3.6989 E0.02245 F1200
G1 X109.6612 Y114.6228 Z3.6978 E0.02245 F1200
G1 X109.8048 Y114.2494 Z3.6966 E0.02245 F1200
G1 X109.9661 Y113.8833 Z3.6955 E0.02245 F1200
G1 X110.1448 Y113.5253 Z3.6944 E0.02245 F1200
G1 X110.3403 Y113.1763 Z3.6933 E0.02245 F1200
G1 X110.5524 Y112.8371 Z3.6922 E0.02245 F1200
G1 X110.7804 Y112.5084 Z3.6911 E0.02245 F1200
G1 X111.0238 Y112.1909 Z3.6900 E0.02245 F1200
G1 X111.2822 Y111.8855 Z3.6889 E0.02245 F1200
G1 X111.5548 Y111.5927 Z3.6878 E0.02245 F1200
G1 X111.8411 Y111.3133 Z3.6866 E0.02245 F1200
G1 X112.1404 Y111.0478 Z3.6855 E0.02245 F1200
G1 X112.4520 Y110.7969 Z3.6844 E0.02245 F1200
G1 X112.7752 Y110.5612 Z3.6833 E0.02245 F1200
G1 X113.1093 Y110.3411 Z3.6822 E0.02245 F1200
G1 X113.4535 Y110.1372 Z3.6811 E0.02245 F1200
G1 X113.8070 Y109.9499 Z3.6800 E0.02245 F1200
G1 X114.1690 Y109.7796 Z3.6788 E0.02245 F1200
G1 X114.5387 Y109.6267 Z3.6777 E0.02245 F1200
G1 X114.9153 Y109.4916 Z3.6766 E0.02245 F1200
G1 X115.2978 Y109.3746 Z3.6755 E0.02245 F1200
G1 X115.6855 Y109.2758 Z3.6744 E0.02245 F1200
G1 X116.0774 Y109.1956 Z3.6733 E0.02245 F1200
G1 X116.4727 Y109.1341 Z3.6721 E0.02245 F1200
G1 X116.8705 Y109.0914 Z3.6710 E0.02245 F1200
G1 X117.2699 Y109.0676 Z3.6699 E0.02245 F1200
G1 X117.6699 Y109.0628 Z3.6688 E0.02245 F1200
G1 X118.0697 Y109.0769 Z3.6677 E0.02245 F1200
G1 X118.4684 Y109.1100 Z3.6665 E0.02245 F1200
G1 X118.8651 Y109.1619 Z3.6654 E0.02245 F1200
G1 X119.2588 Y109.2325 Z3.6643 E0.02245 F1200
G1 X119.6488 Y109.3217 Z3.6632 E0.02245 F1200
G1 X120.0342 Y109.4292 Z3.6621 E0.02245 F1200
G1 X120.4140 Y109.5548 Z3.6609 E0.02245 F1200
G1 X120.7874 Y109.6983 Z3.6598 E0.02245 F1200
G1 X121.1537 Y109.8592 Z3.6587 E0.02245 F1200
G1 X121.5120 Y110.0372 Z3.6576 E0.02245 F1200
G1 X121.8614 Y110.2320 Z3.6564 E0.02245 F1200
G1 X122.2013 Y110.4430 Z3.6553 E0.02245 F1200
G1 X122.5308 Y110.6698 Z3.6542 E0.02245 F1200
G1 X122.8493 Y110.9119 Z3.6531 E0.02245 F1200
G1 X123.1560 Y111.1688 Z3.6519 E0.02245 F1200
G1 X123.4503 Y111.4398 Z3.6508 E0.02245 F1200
G1 X123.7315 Y111.7243 Z3.6497 E0.02245 F1200
G1 X123.9990 Y112.0218 Z3.6486 E0.02245 F1200
G1 X124.2522 Y112.3316 Z3.6474 E0.02245 F1200
G1 X124.4905 Y112.6529 Z3.6463 E0.02245 F1200
G1 X124.7135 Y112.9850 Z3.6452 E0.02245 F1200
G1 X124.9206 Y113.3273 Z3.6441 E0.02245 F1200
G1 X125.1114 Y113.6789 Z3.6429 E0.02245 F1200
G1 X125.2855 Y114.0391 Z3.6418 E0.02245 F1200
G1 X125.4424 Y114.4071 Z3.6407 E0.02245 F1200
G1 X125.5820 Y114.7821 Z3.6395 E0.02245 F1200
G1 X125.7038 Y115.1631 Z3.6384 E0.02245 F1200
G1 X125.8076 Y115.5495 Z3.6373 E0.02245 F1200
G1 X125.8931 Y115.9403 Z3.6361 E0.02245 F1200
G1 X125.9603 Y116.3346 Z3.6350 E0.02245 F1200
G1 X126.0089 Y116.7317 Z3.6339 E0.02245 F1200
G1 X126.0389 Y117.1307 Z3.6327 E0.02245 F1200
G1 X126.0502 Y117.5306 Z3.6316 E0.02245 F1200
G1 X126.0428 Y117.9306 Z3.6305 E0.02245 F1200
G1 X126.0166 Y118.3298 Z3.6293 E0.02245 F1200
G1 X125.9719 Y118.7273 Z3.6282 E0.02245 F1200
G1 X125.9086 Y119.1223 Z3.6271 E0.02245 F1200
G1 X125.8269 Y119.5139 Z3.6259 E0.02245 F1200
G1 X125.7270 Y119.9013 Z3.6248 E0.02245 F1200
G1 X125.6092 Y120.2836 Z3.6236 E0.02245 F1200
G1 X125.4737 Y120.6600 Z3.6225 E0.02245 F1200
G1 X125.3207 Y121.0297 Z3.6214 E0.02245 F1200
G1 X125.1507 Y121.3918 Z3.6202 E0.02245 F1200
G1 X124.9640 Y121.7457 Z3.6191 E0.02245 F1200
G1 X124.7610 Y122.0904 Z3.6180 E0.02245 F1200
G1 X124.5422 Y122.4253 Z3.6168 E0.02245 F1200
G1 X124.3081 Y122.7497 Z3.6157 E0.02245 F1200
G1 X124.0591 Y123.0628 Z3.6145 E0.02245 F1200
G1 X123.7958 Y123.3640 Z3.6134 E0.02245 F1200
G1 X123.5188 Y123.6527 Z3.6123 E0.02245 F1200
G1 X123.2287 Y123.9281 Z3.6111 E0.02245 F1200
G1 X122.9261 Y124.1898 Z3.6100 E0.02245 F1200
G1 X122.6117 Y124.4371 Z3.6088 E0.02245 F1200
G1 X122.2861 Y124.6696 Z3.6077 E0.02245 F1200
G1 X121.9501 Y124.8868 Z3.6065 E0.02245 F1200
G1 X121.6044 Y125.0881 Z3.6054 E0.02245 F1200
G1 X121.2497 Y125.2732 Z3.6042 E0.02245 F1200
G1 X120.8868 Y125.4416 Z3.6031 E0.02245 F1200
G1 X120.5166 Y125.5930 Z3.6020 E0.02245 F1200
G1 X120.1397 Y125.7272 Z3.6008 E0.02245 F1200
G1 X119.7570 Y125.8437 Z3.5997 E0.02245 F1200
G1 X119.3693 Y125.9424 Z3.5985 E0.02245 F1200
G1 X118.9774 Y126.0231 Z3.5974 E0.02245 F1200
G1 X118.5823 Y126.0856 Z3.5962 E0.02245 F1200
G1 X118.1847 Y126.1297 Z3.5951 E0.02245 F1200
G1 X117.7855 Y126.1554 Z3.5939 E0.02245 F1200
G1 X117.3855 Y126.1627 Z3.5928 E0.02245 F1200
G1 X116.9856 Y126.1515 Z3.5916 E0.02245 F1200
G1 X116.5866 Y126.1218 Z3.5905 E0.02245 F1200
G1 X116.1895 Y126.0738 Z3.5893 E0.02245 F1200
G1 X115.7949 Y126.0075 Z3.5882 E0.02245 F1200
G1 X115.4039 Y125.9231 Z3.5870 E0.02245 F1200
G1 X115.0171 Y125.8207 Z3.5859 E0.02245 F1200
G1 X114.6355 Y125.7007 Z3.5847 E0.02245 F1200
G1 X114.2598 Y125.5632 Z3.5835 E0.02245 F1200
G1 X113.8909 Y125.4086 Z3.5824 E0.02245 F1200
G1 X113.5294 Y125.2371 Z3.5812 E0.02245 F1200
G1 X113.1762 Y125.0492 Z3.5801 E0.02245 F1200
G1 X112.8321 Y124.8453 Z3.5789 E0.02245 F1200
G1 X112.4976 Y124.6258 Z3.5778 E0.02245 F1200
G1 X112.1736 Y124.3911 Z3.5766 E0.02245 F1200
G1 X111.8607 Y124.1418 Z3.5755 E0.02245 F1200
G1 X111.5596 Y123.8784 Z3.5743 E0.02245 F1200
G1 X111.2709 Y123.6015 Z3.5731 E0.02245 F1200
G1 X110.9952 Y123.3116 Z3.5720 E0.02245 F1200
G1 X110.7331 Y123.0094 Z3.5708 E0.02245 F1200
G1 X110.4851 Y122.6955 Z3.5697 E0.02245 F1200
G1 X110.2518 Y122.3705 Z3.5685 E0.02245 F1200
G1 X110.0336 Y122.0352 Z3.5673 E0.02245 F1200
G1 X109.8309 Y121.6903 Z3.5662 E0.02245 F1200
G1 X109.6443 Y121.3364 Z3.5650 E0.02245 F1200
G1 X109.4740 Y120.9744 Z3.5639 E0.02245 F1200
G1 X109.3205 Y120.6050 Z3.5627 E0.02245 F1200
G1 X109.1840 Y120.2289 Z3.5615 E0.02245 F1200
G1 X109.0649 Y119.8470 Z3.5604 E0.02245 F1200
G1 X108.9633 Y119.4601 Z3.5592 E0.02245 F1200
G1 X108.8795 Y119.0689 Z3.5580 E0.02245 F1200
G1 X108.8136 Y118.6743 Z3.5569 E0.02245 F1200
G1 X108.7659 Y118.2771 Z3.5557 E0.02245 F1200
G1 X108.7362 Y117.8782 Z3.5545 E0.02245 F1200
G1 X108.7248 Y117.4783 Z3.5534 E0.02245 F1200
G1 X108.7317 Y117.0783 Z3.5522 E0.02245 F1200
G1 X108.7568 Y116.6790 Z3.5510 E0.02245 F1200
G1 X108.8000 Y116.2813 Z3.5499 E0.02245 F1200
G1 X108.8613 Y115.8860 Z3.5487 E0.02245 F1200
G1 X108.9405 Y115.4938 Z3.5475 E0.02245 F1200
G1 X109.0374 Y115.1057 Z3.5464 E0.02245 F1200
G1 X109.1520 Y114.7224 Z3.5452 E0.02245 F1200
G1 X109.2838 Y114.3447 Z3.5440 E0.02245 F1200
G1 X109.4326 Y113.9734 Z3.5429 E0.02245 F1200
G1 X109.5982 Y113.6092 Z3.5417 E0.02245 F1200
G1 X109.7801 Y113.2529 Z3.5405 E0.02245 F1200
G1 X109.9781 Y112.9052 Z3.5393 E0.02245 F1200
G1 X110.1916 Y112.5669 Z3.5382 E0.02245 F1200
G1 X110.4202 Y112.2386 Z3.5370 E0.02245 F1200
G1 X110.6634 Y111.9210 Z3.5358 E0.02245 F1200
G1 X110.9209 Y111.6148 Z3.5346 E0.02245 F1200
G1 X111.1919 Y111.3206 Z3.5335 E0.02245 F1200
G1 X111.4760 Y111.0389 Z3.5323 E0.02245 F1200
G1 X111.7725 Y110.7703 Z3.5311 E0.02245 F1200
G1 X112.0809 Y110.5155 Z3.5299 E0.02245 F1200
G1 X112.4005 Y110.2749 Z3.5288 E0.02245 F1200
G1 X112.7306 Y110.0490 Z3.5276 E0.02245 F1200
G1 X113.0707 Y109.8382 Z3.5264 E0.02245 F1200
G1 X113.4199 Y109.6430 Z3.5252 E0.02245 F1200
G1 X113.7776 Y109.4638 Z3.5240 E0.02245 F1200
G1 X114.1430 Y109.3010 Z3.5229 E0.02245 F1200
G1 X114.5153 Y109.1548 Z3.5217 E0.02245 F1200
G1 X114.8939 Y109.0255 Z3.5205 E0.02245 F1200
G1 X115.2780 Y108.9135 Z3.5193 E0.02245 F1200
G1 X115.6667 Y108.8189 Z3.5181 E0.02245 F1200
G1 X116.0593 Y108.7419 Z3.5170 E0.02245 F1200
G1 X116.4549 Y108.6827 Z3.5158 E0.02245 F1200
G1 X116.8528 Y108.6413 Z3.5146 E0.02245 F1200
G1 X117.2522 Y108.6180 Z3.5134 E0.02245 F1200
G1 X117.6522 Y108.6126 Z3.5122 E0.02245 F1200
G1 X118.0520 Y108.6252 Z3.5110 E0.02245 F1200
G1 X118.4509 Y108.6558 Z3.5099 E0.02245 F1200
G1 X118.8480 Y108.7043 Z3.5087 E0.02245 F1200
G1 X119.2425 Y108.7706 Z3.5075 E0.02245 F1200
G1 X119.6337 Y108.8546 Z3.5063 E0.02245 F1200
G1 X120.0207 Y108.9560 Z3.5051 E0.02245 F1200
G1 X120.4027 Y109.0747 Z3.5039 E0.02245 F1200
G1 X120.7790 Y109.2105 Z3.5027 E0.02245 F1200
G1 X121.1489 Y109.3630 Z3.5015 E0.02245 F1200
G1 X121.5115 Y109.5319 Z3.5004 E0.02245 F1200
G1 X121.8662 Y109.7169 Z3.4992 E0.02245 F1200
G1 X122.2122 Y109.9177 Z3.4980 E0.02245 F1200
G1 X122.5489 Y110.1337 Z3.4968 E0.02245 F1200
G1 X122.8756 Y110.3646 Z3.4956 E0.02245 F1200
G1 X123.1917 Y110.6099 Z3.4944 E0.02245 F1200
G1 X123.4964 Y110.8690 Z3.4932 E0.02245 F1200
G1 X123.7892 Y111.1416 Z3.4920 E0.02245 F1200
G1 X124.0696 Y111.4270 Z3.4908 E0.02245 F1200
G1 X124.3369 Y111.7246 Z3.4896 E0.02245 F1200
G1 X124.5907 Y112.0339 Z3.4884 E0.02245 F1200
G1 X124.8303 Y112.3542 Z3.4872 E0.02245 F1200
G1 X125.0555 Y112.6849 Z3.4860 E0.02245 F1200
G1 X125.2656 Y113.0253 Z3.4848 E0.02245 F1200
G1 X125.4604 Y113.3748 Z3.4836 E0.02245 F1200
G1 X125.6393 Y113.7325 Z3.4824 E0.02245 F1200
G1 X125.8021 Y114.0980 Z3.4812 E0.02245 F1200
G1 X125.9485 Y114.4703 Z3.4800 E0.02245 F1200
G1 X126.0782 Y114.8487 Z3.4788 E0.02245 F1200
G1 X126.1908 Y115.2326 Z3.4776 E0.02245 F1200
G1 X126.2863 Y115.6211 Z3.4764 E0.02245 F1200
G1 X126.3643 Y116.0135 Z3.4752 E0.02245 F1200
G1 X126.4248 Y116.4089 Z3.4740 E0.02245 F1200
G1 X126.4677 Y116.8066 Z3.4728 E0.02245 F1200
G1 X126.4929 Y117.2059 Z3.4716 E0.02245 F1200
G1 X126.5002 Y117.6059 Z3.4704 E0.02245 F1200
G1 X126.4898 Y118.0058 Z3.4692 E0.02245 F1200
G1 X126.4616 Y118.4049 Z3.4680 E0.02245 F1200
G1 X126.4158 Y118.8023 Z3.4668 E0.02245 F1200
G1 X126.3523 Y119.1973 Z3.4656 E0.02245 F1200
G1 X126.2714 Y119.5890 Z3.4644 E0.02245 F1200
G1 X126.1732 Y119.9768 Z3.4632 E0.02245 F1200
G1 X126.0579 Y120.3599 Z3.4620 E0.02245 F1200
G1 X125.9257 Y120.7375 Z3.4608 E0.02245 F1200
G1 X125.7769 Y121.1089 Z3.4596 E0.02245 F1200
G1 X125.6118 Y121.4732 Z3.4584 E0.02245 F1200
G1 X125.4308 Y121.8300 Z3.4572 E0.02245 F1200
G1 X125.2341 Y122.1783 Z3.4560 E0.02245 F1200
G1 X125.0222 Y122.5177 Z3.4547 E0.02245 F1200
G1 X124.7955 Y122.8473 Z3.4535 E0.02245 F1200
G1 X124.5544 Y123.1666 Z3.4523 E0.02245 F1200
G1 X124.2995 Y123.4749 Z3.4511 E0.02245 F1200
G1 X124.0312 Y123.7716 Z3.4499 E0.02245 F1200
G1 X123.7500 Y124.0562 Z3.4487 E0.02245 F1200
G1 X123.4566 Y124.3281 Z3.4475 E0.02245 F1200
G1 X123.1514 Y124.5868 Z3.4463 E0.02245 F1200
G1 X122.8352 Y124.8318 Z3.4450 E0.02245 F1200
G1 X122.5084 Y125.0625 Z3.4438 E0.02245 F1200
G1 X122.1718 Y125.2787 Z3.4426 E0.02245 F1200
G1 X121.8259 Y125.4798 Z3.4414 E0.02245 F1200
G1 X121.4716 Y125.6654 Z3.4402 E0.02245 F1200
G1 X121.1094 Y125.8353 Z3.4390 E0.02245 F1200
G1 X120.7401 Y125.9891 Z3.4377 E0.02245 F1200
G1 X120.3643 Y126.1264 Z3.4365 E0.02245 F1200
G1 X119.9829 Y126.2471 Z3.4353 E0.02245 F1200
G1 X119.5966 Y126.3509 Z3.4341 E0.02245 F1200
G1 X119.2060 Y126.4376 Z3.4329 E0.02245 F1200
G1 X118.8121 Y126.5071 Z3.4316 E0.02245 F1200
G1 X118.4154 Y126.5592 Z3.4304 E0.02245 F1200
G1 X118.0169 Y126.5938 Z3.4292 E0.02245 F1200
G1 X117.6172 Y126.6108 Z3.4280 E0.02245 F1200
G1 X117.2171 Y126.6103 Z3.4267 E0.02245 F1200
G1 X116.8175 Y126.5923 Z3.4255 E0.02245 F1200
G1 X116.4190 Y126.5567 Z3.4243 E0.02245 F1200
G1 X116.0225 Y126.5037 Z3.4231 E0.02245 F1200
G1 X115.6287 Y126.4334 Z3.4218 E0.02245 F1200
G1 X115.2383 Y126.3459 Z3.4206 E0.02245 F1200
G1 X114.8522 Y126.2413 Z3.4194 E0.02245 F1200
G1 X114.4710 Y126.1200 Z3.4182 E0.02245 F1200
G1 X114.0955 Y125.9821 Z3.4169 E0.02245 F1200
G1 X113.7263 Y125.8279 Z3.4157 E0.02245 F1200
G1 X113.3643 Y125.6576 Z3.4145 E0.02245 F1200
G1 X113.0101 Y125.4718 Z3.4133 E0.02245 F1200
G1 X112.6643 Y125.2706 Z3.4120 E0.02245 F1200
G1 X112.3276 Y125.0545 Z3.4108 E0.02245 F1200
G1 X112.0007 Y124.8238 Z3.4096 E0.02245 F1200
G1 X111.6842 Y124.5792 Z3.4083 E0.02245 F1200
G1 X111.3787 Y124.3209 Z3.4071 E0.02245 F1200
G1 X111.0847 Y124.0496 Z3.4059 E0.02245 F1200
G1 X110.8029 Y123.7657 Z3.4046 E0.02245 F1200
G1 X110.5337 Y123.4697 Z3.4034 E0.02245 F1200
G1 X110.2777 Y123.1624 Z3.4022 E0.02245 F1200
G1 X110.0353 Y122.8441 Z3.4009 E0.02245 F1200
G1 X109.8070 Y122.5156 Z3.3997 E0.02245 F1200
G1 X109.5932 Y122.1775 Z3.3984 E0.02245 F1200
G1 X109.3943 Y121.8303 Z3.3972 E0.02245 F1200
G1 X109.2108 Y121.4749 Z3.3960 E0.02245 F1200
G1 X109.0429 Y121.1118 Z3.3947 E0.02245 F1200
G1 X108.8909 Y120.7417 Z3.3935 E0.02245 F1200
G1 X108.7552 Y120.3654 Z3.3923 E0.02245 F1200
G1 X108.6359 Y119.9835 Z3.3910 E0.02245 F1200
G1 X108.5334 Y119.5969 Z3.3898 E0.02245 F1200
G1 X108.4477 Y119.2061 Z3.3885 E0.02245 F1200
G1 X108.3791 Y118.8120 Z3.3873 E0.02245 F1200
G1 X108.3277 Y118.4152 Z3.3860 E0.02245 F1200
G1 X108.2935 Y118.0167 Z3.3848 E0.02245 F1200
G1 X108.2766 Y117.6170 Z3.3836 E0.02245 F1200
G1 X108.2771 Y117.2169 Z3.3823 E0.02245 F1200
G1 X108.2950 Y116.8173 Z3.3811 E0.02245 F1200
G1 X108.3301 Y116.4188 Z3.3798 E0.02245 F1200
G1 X108.3825 Y116.0222 Z3.3786 E0.02245 F1200
G1 X108.4520 Y115.6282 Z3.3773 E0.02245 F1200
G1 X108.5385 Y115.2376 Z3.3761 E0.02245 F1200
G1 X108.6418 Y114.8511 Z3.3748 E0.02245 F1200
G1 X108.7617 Y114.4695 Z3.3736 E0.02245 F1200
G1 X108.8980 Y114.0934 Z3.3723 E0.02245 F1200
G1 X109.0504 Y113.7235 Z3.3711 E0.02245 F1200
G1 X109.2187 Y113.3606 Z3.3698 E0.02245 F1200
G1 X109.4025 Y113.0053 Z3.3686 E0.02245 F1200
G1 X109.6015 Y112.6582 Z3.3673 E0.02245 F1200
G1 X109.8153 Y112.3201 Z3.3661 E0.02245 F1200
G1 X110.0435 Y111.9915 Z3.3648 E0.02245 F1200
G1 X110.2856 Y111.6730 Z3.3636 E0.02245 F1200
G1 X110.5413 Y111.3653 Z3.3623 E0.02245 F1200
G1 X110.8099 Y111.0689 Z3.3611 E0.02245 F1200
G1 X111.0912 Y110.7844 Z3.3598 E0.02245 F1200
G1 X111.3844 Y110.5122 Z3.3586 E0.02245 F1200
G1 X111.6890 Y110.2530 Z3.3573 E0.02245 F1200
G1 X112.0045 Y110.0070 Z3.3560 E0.02245 F1200
G1 X112.3304 Y109.7749 Z3.3548 E0.02245 F1200
G1 X112.6659 Y109.5571 Z3.3535 E0.02245 F1200
G1 X113.0104 Y109.3538 Z3.3523 E0.02245 F1200
G1 X113.3634 Y109.1656 Z3.3510 E0.02245 F1200
G1 X113.7242 Y108.9927 Z3.3497 E0.02245 F1200
G1 X114.0921 Y108.8355 Z3.3485 E0.02245 F1200
G1 X114.4663 Y108.6942 Z3.3472 E0.02245 F1200
G1 X114.8463 Y108.5691 Z3.3460 E0.02245 F1200
G1 X115.2313 Y108.4605 Z3.3447 E0.02245 F1200
G1 X115.6206 Y108.3684 Z3.3434 E0.02245 F1200
G1 X116.0136 Y108.2932 Z3.3422 E0.02245 F1200
G1 X116.4093 Y108.2349 Z3.3409 E0.02245 F1200
G1 X116.8072 Y108.1936 Z3.3396 E0.02245 F1200
G1 X117.2066 Y108.1694 Z3.3384 E0.02245 F1200
G1 X117.6065 Y108.1623 Z3.3371 E0.02245 F1200
G1 X118.0065 Y108.1724 Z3.3358 E0.02245 F1200
G1 X118.4056 Y108.1995 Z3.3346 E0.02245 F1200
G1 X118.8032 Y108.2438 Z3.3333 E0.02245 F1200
G1 X119.1985 Y108.3050 Z3.3320 E0.02245 F1200
G1 X119.5909 Y108.3830 Z3.3308 E0.02245 F1200
G1 X119.9795 Y108.4778 Z3.3295 E0.02245 F1200
G1 X120.3638 Y108.5891 Z3.3282 E0.02245 F1200
G1 X120.7429 Y108.7167 Z3.3269 E0.02245 F1200
G1 X121.1163 Y108.8604 Z3.3257 E0.02245 F1200
G1 X121.4831 Y109.0199 Z3.3244 E0.02245 F1200
G1 X121.8429 Y109.1949 Z3.3231 E0.02245 F1200
G1 X122.1948 Y109.3852 Z3.3218 E0.02245 F1200
G1 X122.5383 Y109.5902 Z3.3206 E0.02245 F1200
G1 X122.8727 Y109.8097 Z3.3193 E0.02245 F1200
G1 X123.1975 Y110.0433 Z3.3180 E0.02245 F1200
G1 X123.5120 Y110.2905 Z3.3167 E0.02245 F1200
G1 X123.8157 Y110.5509 Z3.3155 E0.02245 F1200
G1 X124.1081 Y110.8240 Z3.3142 E0.02245 F1200
G1 X124.3885 Y111.1093 Z3.3129 E0.02245 F1200
G1 X124.6566 Y111.4062 Z3.3116 E0.02245 F1200
G1 X124.9117 Y111.7143 Z3.3103 E0.02245 F1200
G1 X125.1536 Y112.0330 Z3.3091 E0.02245 F1200
G1 X125.3816 Y112.3617 Z3.3078 E0.02245 F1200
G1 X125.5955 Y112.6998 Z3.3065 E0.02245 F1200
G1 X125.7948 Y113.0466 Z3.3052 E0.02245 F1200
G1 X125.9792 Y113.4016 Z3.3039 E0.02245 F1200
G1 X126.1484 Y113.7641 Z3.3026 E0.02245 F1200
G1 X126.3020 Y114.1335 Z3.3014 E0.02245 F1200
G1 X126.4398 Y114.5091 Z3.3001 E0.02245 F1200
G1 X126.5616 Y114.8902 Z3.2988 E0.02245 F1200
G1 X126.6670 Y115.2760 Z3.2975 E0.02245 F1200
G1 X126.7561 Y115.6661 Z3.2962 E0.02245 F1200
G1 X126.8285 Y116.0595 Z3.2949 E0.02245 F1200
G1 X126.8841 Y116.4557 Z3.2936 E0.02245 F1200
G1 X126.9230 Y116.8538 Z3.2923 E0.02245 F1200
G1 X126.9449 Y117.2533 Z3.2911 E0.02245 F1200
G1 X126.9499 Y117.6533 Z3.2898 E0.02245 F1200
G1 X126.9380 Y118.0531 Z3.2885 E0.02245 F1200
G1 X126.9092 Y118.4521 Z3.2872 E0.02245 F1200
G1 X126.8635 Y118.8496 Z3.2859 E0.02245 F1200
G1 X126.8011 Y119.2447 Z3.2846 E0.02245 F1200
G1 X126.7220 Y119.6369 Z3.2833 E0.02245 F1200
G1 X126.6264 Y120.0253 Z3.2820 E0.02245 F1200
G1 X126.5145 Y120.4094 Z3.2807 E0.02245 F1200
G1 X126.3865 Y120.7884 Z3.2794 E0.02245 F1200
G1 X126.2426 Y121.1617 Z3.2781 E0.02245 F1200
G1 X126.0830 Y121.5285 Z3.2768 E0.02245 F1200
G1 X125.9082 Y121.8883 Z3.2755 E0.02245 F1200
G1 X125.7183 Y122.2405 Z3.2742 E0.02245 F1200
G1 X125.5137 Y122.5842 Z3.2729 E0.02245 F1200
G1 X125.2949 Y122.9191 Z3.2716 E0.02245 F1200
G1 X125.0621 Y123.2445 Z3.2703 E0.02245 F1200
G1 X124.8158 Y123.5597 Z3.2690 E0.02245 F1200
G1 X124.5565 Y123.8643 Z3.2677 E0.02245 F1200
G1 X124.2846 Y124.1577 Z3.2664 E0.02245 F1200
G1 X124.0005 Y124.4395 Z3.2651 E0.02245 F1200
G1 X123.7049 Y124.7090 Z3.2638 E0.02245 F1200
G1 X123.3982 Y124.9658 Z3.2625 E0.02245 F1200
G1 X123.0810 Y125.2096 Z3.2612 E0.02245 F1200
G1 X122.7538 Y125.4398 Z3.2599 E0.02245 F1200
G1 X122.4173 Y125.6560 Z3.2586 E0.02245 F1200
G1 X122.0719 Y125.8579 Z3.2573 E0.02245 F1200
G1 X121.7184 Y126.0452 Z3.2559 E0.02245 F1200
G1 X121.3573 Y126.2174 Z3.2546 E0.02245 F1200
G1 X120.9893 Y126.3743 Z3.2533 E0.02245 F1200
G1 X120.6151 Y126.5157 Z3.2520 E0.02245 F1200
G1 X120.2353 Y126.6412 Z3.2507 E0.02245 F1200
G1 X119.8505 Y126.7507 Z3.2494 E0.02245 F1200
G1 X119.4615 Y126.8440 Z3.2481 E0.02245 F1200
G1 X119.0689 Y126.9209 Z3.2468 E0.02245 F1200
G1 X118.6734 Y126.9813 Z3.2454 E0.02245 F1200
G1 X118.2758 Y127.0251 Z3.2441 E0.02245 F1200
G1 X117.8767 Y127.0523 Z3.2428 E0.02245 F1200
G1 X117.4768 Y127.0626 Z3.2415 E0.02245 F1200
G1 X117.0768 Y127.0563 Z3.2402 E0.02245 F1200
G1 X116.6774 Y127.0332 Z3.2389 E0.02245 F1200
G1 X116.2793 Y126.9935 Z3.2375 E0.02245 F1200
G1 X115.8833 Y126.9372 Z3.2362 E0.02245 F1200
G1 X115.4899 Y126.8643 Z3.2349 E0.02245 F1200
G1 X115.0999 Y126.7751 Z3.2336 E0.02245 F1200
G1 X114.7140 Y126.6697 Z3.2323 E0.02245 F1200
G1 X114.3329 Y126.5483 Z3.2309 E0.02245 F1200
G1 X113.9571 Y126.4111 Z3.2296 E0.02245 F1200
G1 X113.5873 Y126.2584 Z3.2283 E0.02245 F1200
G1 X113.2243 Y126.0903 Z3.2270 E0.02245 F1200
G1 X112.8686 Y125.9073 Z3.2256 E0.02245 F1200
G1 X112.5208 Y125.7096 Z3.2243 E0.02245 F1200
G1 X112.1816 Y125.4976 Z3.2230 E0.02245 F1200
G1 X111.8514 Y125.2716 Z3.2217 E0.02245 F1200
G1 X111.5310 Y125.0321 Z3.2203 E0.02245 F1200
G1 X111.2208 Y124.7795 Z3.2190 E0.02245 F1200
G1 X110.9214 Y124.5142 Z3.2177 E0.02245 F1200
G1 X110.6333 Y124.2366 Z3.2163 E0.02245 F1200
G1 X110.3570 Y123.9474 Z3.2150 E0.02245 F1200
G1 X110.0929 Y123.6468 Z3.2137 E0.02245 F1200
G1 X109.8416 Y123.3356 Z3.2123 E0.02245 F1200
G1 X109.6034 Y123.0142 Z3.2110 E0.02245 F1200
G1 X109.3788 Y122.6832 Z3.2097 E0.02245 F1200
G1 X109.1681 Y122.3431 Z3.2083 E0.02245 F1200
G1 X108.9716 Y121.9946 Z3.2070 E0.02245 F1200
G1 X108.7899 Y121.6383 Z3.2057 E0.02245 F1200
G1 X108.6230 Y121.2747 Z3.2043 E0.02245 F1200
G1 X108.4714 Y120.9045 Z3.2030 E0.02245 F1200
G1 X108.3352 Y120.5283 Z3.2016 E0.02245 F1200
G1 X108.2148 Y120.1469 Z3.2003 E0.02245 F1200
G1 X108.1102 Y119.7607 Z3.1990 E0.02245 F1200
G1 X108.0218 Y119.3706 Z3.1976 E0.02245 F1200
G1 X107.9495 Y118.9771 Z3.1963 E0.02245 F1200
G1 X107.8937 Y118.5810 Z3.1949 E0.02245 F1200
G1 X107.8542 Y118.1829 Z3.1936 E0.02245 F1200
G1 X107.8313 Y117.7835 Z3.1923 E0.02245 F1200
G1 X107.8248 Y117.3835 Z3.1909 E0.02245 F1200
G1 X107.8350 Y116.9836 Z3.1896 E0.02245 F1200
G1 X107.8616 Y116.5844 Z3.1882 E0.02245 F1200
G1 X107.9047 Y116.1867 Z3.1869 E0.02245 F1200
G1 X107.9642 Y115.7911 Z3.1855 E0.02245 F1200
G1 X108.0400 Y115.3983 Z3.1842 E0.02245 F1200
G1 X108.1319 Y115.0090 Z3.1828 E0.02245 F1200
G1 X108.2398 Y114.6238 Z3.1815 E0.02245 F1200
G1 X108.3635 Y114.2433 Z3.1801 E0.02245 F1200
G1 X108.5028 Y113.8683 Z3.1788 E0.02245 F1200
G1 X108.6575 Y113.4994 Z3.1774 E0.02245 F1200
G1 X108.8272 Y113.1371 Z3.1761 E0.02245 F1200
G1 X109.0117 Y112.7822 Z3.1747 E0.02245 F1200
G1 X109.2106 Y112.4351 Z3.1734 E0.02245 F1200
G1 X109.4237 Y112.0965 Z3.1720 E0.02245 F1200
G1 X109.6505 Y111.7670 Z3.1706 E0.02245 F1200
G1 X109.8907 Y111.4471 Z3.1693 E0.02245 F1200
G1 X110.1439 Y111.1373 Z3.1679 E0.02245 F1200
G1 X110.4095 Y110.8382 Z3.1666 E0.02245 F1200
G1 X110.6873 Y110.5503 Z3.1652 E0.02245 F1200
G1 X110.9766 Y110.2741 Z3.1638 E0.02245 F1200
G1 X111.2771 Y110.0100 Z3.1625 E0.02245 F1200
G1 X111.5881 Y109.7584 Z3.1611 E0.02245 F1200
G1 X111.9092 Y109.5198 Z3.1598 E0.02245 F1200
G1 X112.2399 Y109.2946 Z3.1584 E0.02245 F1200
G1 X112.5795 Y109.0832 Z3.1570 E0.02245 F1200
G1 X112.9274 Y108.8858 Z3.1557 E0.02245 F1200
G1 X113.2832 Y108.7029 Z3.1543 E0.02245 F1200
G1 X113.6462 Y108.5348 Z3.1529 E0.02245 F1200
G1 X114.0158 Y108.3816 Z3.1516 E0.02245 F1200
G1 X114.3913 Y108.2438 Z3.1502 E0.02245 F1200
G1 X114.7722 Y108.1214 Z3.1488 E0.02245 F1200
G1 X115.1578 Y108.0148 Z3.1474 E0.02245 F1200
G1 X115.5474 Y107.9240 Z3.1461 E0.02245 F1200
G1 X115.9403 Y107.8492 Z3.1447 E0.02245 F1200
G1 X116.3361 Y107.7906 Z3.1433 E0.02245 F1200
G1 X116.7339 Y107.7482 Z3.1420 E0.02245 F1200
G1 X117.1331 Y107.7221 Z3.1406 E0.02245 F1200
G1 X117.5330 Y107.7123 Z3.1392 E0.02245 F1200
G1 X117.9330 Y107.7189 Z3.1378 E0.02245 F1200
G1 X118.3323 Y107.7418 Z3.1365 E0.02245 F1200
G1 X118.7305 Y107.7811 Z3.1351 E0.02245 F1200
G1 X119.1266 Y107.8365 Z3.1337 E0.02245 F1200
G1 X119.5202 Y107.9081 Z3.1323 E0.02245 F1200
G1 X119.9106 Y107.9956 Z3.1309 E0.02245 F1200
G1 X120.2970 Y108.0991 Z3.1296 E0.02245 F1200
G1 X120.6789 Y108.2181 Z3.1282 E0.02245 F1200
G1 X121.0557 Y108.3527 Z3.1268 E0.02245 F1200
G1 X121.4266 Y108.5025 Z3.1254 E0.02245 F1200
G1 X121.7911 Y108.6673 Z3.1240 E0.02245 F1200
G1 X122.1486 Y108.8468 Z3.1226 E0.02245 F1200
G1 X122.4985 Y109.0407 Z3.1213 E0.02245 F1200
G1 X122.8403 Y109.2487 Z3.1199 E0.02245 F1200
G1 X123.1732 Y109.4704 Z3.1185 E0.02245 F1200
G1 X123.4969 Y109.7055 Z3.1171 E0.02245 F1200
G1 X123.8108 Y109.9536 Z3.1157 E0.02245 F1200
G1 X124.1143 Y110.2142 Z3.1143 E0.02245 F1200
G1 X124.4069 Y110.4869 Z3.1129 E0.02245 F1200
G1 X124.6883 Y110.7713 Z3.1115 E0.02245 F1200
G1 X124.9578 Y111.0669 Z3.1101 E0.02245 F1200
G1 X125.2151 Y111.3732 Z3.1087 E0.02245 F1200
G1 X125.4598 Y111.6897 Z3.1074 E0.02245 F1200
G1 X125.6914 Y112.0159 Z3.1060 E0.02245 F1200
G1 X125.9096 Y112.3512 Z3.1046 E0.02245 F1200
G1 X126.1141 Y112.6950 Z3.1032 E0.02245 F1200
G1 X126.3044 Y113.0469 Z3.1018 E0.02245 F1200
G1 X126.4803 Y113.4062 Z3.1004 E0.02245 F1200
G1 X126.6415 Y113.7723 Z3.0990 E0.02245 F1200
G1 X126.7877 Y114.1447 Z3.0976 E0.02245 F1200
G1 X126.9187 Y114.5227 Z3.0962 E0.02245 F1200
G1 X127.0343 Y114.9056 Z3.0948 E0.02245 F1200
G1 X127.1343 Y115.2930 Z3.0934 E0.02245 F1200
G1 X127.2186 Y115.6841 Z3.0920 E0.02245 F1200
G1 X127.2869 Y116.0782 Z3.0906 E0.02245 F1200
G1 X127.3393 Y116.4748 Z3.0891 E0.02245 F1200
G1 X127.3756 Y116.8732 Z3.0877 E0.02245 F1200
G1 X127.3957 Y117.2727 Z3.0863 E0.02245 F1200
G1 X127.3997 Y117.6728 Z3.0849 E0.02245 F1200
G1 X127.3876 Y118.0726 Z3.0835 E0.02245 F1200
G1 X127.3593 Y118.4717 Z3.0821 E0.02245 F1200
G1 X127.3149 Y118.8692 Z3.0807 E0.02245 F1200
G1 X127.2545 Y119.2647 Z3.0793 E0.02245 F1200
G1 X127.1782 Y119.6574 Z3.0779 E0.02245 F1200
G1 X127.0861 Y120.0467 Z3.0765 E0.02245 F1200
G1 X126.9784 Y120.4319 Z3.0750 E0.02245 F1200
G1 X126.8552 Y120.8126 Z3.0736 E0.02245 F1200
G1 X126.7168 Y121.1879 Z3.0722 E0.02245 F1200
G1 X126.5634 Y121.5574 Z3.0708 E0.02245 F1200
G1 X126.3953 Y121.9203 Z3.0694 E0.02245 F1200
G1 X126.2126 Y122.2763 Z3.0680 E0.02245 F1200
G1 X126.0158 Y122.6245 Z3.0665 E0.02245 F1200
G1 X125.8051 Y122.9646 Z3.0651 E0.02245 F1200
G1 X125.5809 Y123.2959 Z3.0637 E0.02245 F1200
G1 X125.3436 Y123.6180 Z3.0623 E0.02245 F1200
G1 X125.0935 Y123.9302 Z3.0608 E0.02245 F1200
G1 X124.8311 Y124.2321 Z3.0594 E0.02245 F1200
G1 X124.5567 Y124.5233 Z3.0580 E0.02245 F1200
G1 X124.2709 Y124.8031 Z3.0566 E0.02245 F1200
G1 X123.9741 Y125.0713 Z3.0551 E0.02245 F1200
G1 X123.6667 Y125.3274 Z3.0537 E0.02245 F1200
G1 X123.3493 Y125.5708 Z3.0523 E0.02245 F1200
G1 X123.0224 Y125.8014 Z3.0509 E0.02245 F1200
G1 X122.6865 Y126.0187 Z3.0494 E0.02245 F1200
G1 X122.3421 Y126.2223 Z3.0480 E0.02245 F1200
G1 X121.9899 Y126.4119 Z3.0466 E0.02245 F1200
G1 X121.6304 Y126.5873 Z3.0451 E0.02245 F1200
G1 X121.2641 Y126.7482 Z3.0437 E0.02245 F1200
G1 X120.8916 Y126.8942 Z3.0423 E0.02245 F1200
G1 X120.5136 Y127.0252 Z3.0408 E0.02245 F1200
G1 X120.1307 Y127.1409 Z3.0394 E0.02245 F1200
G1 X119.7435 Y127.2413 Z3.0379 E0.02245 F1200
G1 X119.3525 Y127.3261 Z3.0365 E0.02245 F1200
G1 X118.9585 Y127.3951 Z3.0351 E0.02245 F1200
G1 X118.5620 Y127.4484 Z3.0336 E0.02245 F1200
G1 X118.1637 Y127.4857 Z3.0322 E0.02245 F1200
G1 X117.7642 Y127.5071 Z3.0307 E0.02245 F1200
G1 X117.3642 Y127.5126 Z3.0293 E0.02245 F1200
G1 X116.9643 Y127.5020 Z3.0279 E0.02245 F1200
G1 X116.5652 Y127.4755 Z3.0264 E0.02245 F1200
G1 X116.1674 Y127.4331 Z3.0250 E0.02245 F1200
G1 X115.7716 Y127.3748 Z3.0235 E0.02245 F1200
G1 X115.3785 Y127.3008 Z3.0221 E0.02245 F1200
G1 X114.9886 Y127.2111 Z3.0206 E0.02245 F1200
G1 X114.6026 Y127.1060 Z3.0192 E0.02245 F1200
G1 X114.2211 Y126.9856 Z3.0177 E0.02245 F1200
G1 X113.8447 Y126.8501 Z3.0163 E0.02245 F1200
G1 X113.4741 Y126.6997 Z3.0148 E0.02245 F1200
G1 X113.1096 Y126.5346 Z3.0134 E0.02245 F1200
G1 X112.7521 Y126.3552 Z3.0119 E0.02245 F1200
G1 X112.4020 Y126.1617 Z3.0104 E0.02245 F1200
G1 X112.0599 Y125.9544 Z3.0090 E0.02245 F1200
G1 X111.7262 Y125.7336 Z3.0075 E0.02245 F1200
G1 X111.4017 Y125.4998 Z3.0061 E0.02245 F1200
G1 X111.0866 Y125.2532 Z3.0046 E0.02245 F1200
G1 X110.7817 Y124.9943 Z3.0031 E0.02245 F1200
G1 X110.4872 Y124.7235 Z3.0017 E0.02245 F1200
G1 X110.2038 Y124.4412 Z3.0002 E0.02245 F1200
G1 X109.9318 Y124.1479 Z2.9988 E0.02245 F1200
G1 X109.6716 Y123.8440 Z2.9973 E0.02245 F1200
G1 X109.4237 Y123.5300 Z2.9958 E0.02245 F1200
G1 X109.1885 Y123.2065 Z2.9944 E0.02245 F1200
G1 X108.9663 Y122.8738 Z2.9929 E0.02245 F1200
G1 X108.7574 Y122.5326 Z2.9914 E0.02245 F1200
G1 X108.5623 Y122.1834 Z2.9900 E0.02245 F1200
G1 X108.3811 Y121.8267 Z2.9885 E0.02245 F1200
G1 X108.2143 Y121.4632 Z2.9870 E0.02245 F1200
G1 X108.0619 Y121.0933 Z2.9855 E0.02245 F1200
G1 X107.9244 Y120.7176 Z2.9841 E0.02245 F1200
G1 X107.8018 Y120.3368 Z2.9826 E0.02245 F1200
G1 X107.6943 Y119.9515 Z2.9811 E0.02245 F1200
G1 X107.6023 Y119.5622 Z2.9796 E0.02245 F1200
G1 X107.5256 Y119.1695 Z2.9782 E0.02245 F1200
G1 X107.4646 Y118.7742 Z2.9767 E0.02245 F1200
G1 X107.4193 Y118.3767 Z2.9752 E0.02245 F1200
G1 X107.3897 Y117.9778 Z2.9737 E0.02245 F1200
G1 X107.3759 Y117.5780 Z2.9722 E0.02245 F1200
G1 X107.3778 Y117.1779 Z2.9708 E0.02245 F1200
G1 X107.3956 Y116.7783 Z2.9693 E0.02245 F1200
G1 X107.4292 Y116.3797 Z2.9678 E0.02245 F1200
G1 X107.4785 Y115.9827 Z2.9663 E0.02245 F1200
G1 X107.5433 Y115.5879 Z2.9648 E0.02245 F1200
G1 X107.6238 Y115.1961 Z2.9633 E0.02245 F1200
G1 X107.7196 Y114.8077 Z2.9618 E0.02245 F1200
G1 X107.8306 Y114.4233 Z2.9603 E0.02245 F1200
G1 X107.9567 Y114.0437 Z2.9588 E0.02245 F1200
G1 X108.0977 Y113.6693 Z2.9574 E0.02245 F1200
G1 X108.2533 Y113.3008 Z2.9559 E0.02245 F1200
G1 X108.4233 Y112.9387 Z2.9544 E0.02245 F1200
G1 X108.6074 Y112.5835 Z2.9529 E0.02245 F1200
G1 X108.8054 Y112.2359 Z2.9514 E0.02245 F1200
G1 X109.0169 Y111.8963 Z2.9499 E0.02245 F1200
G1 X109.2416 Y111.5654 Z2.9484 E0.02245 F1200
G1 X109.4791 Y111.2435 Z2.9469 E0.02245 F1200
G1 X109.7291 Y110.9312 Z2.9454 E0.02245 F1200
G1 X109.9912 Y110.6290 Z2.9439 E0.02245 F1200
G1 X110.2650 Y110.3373 Z2.9424 E0.02245 F1200
G1 X110.5500 Y110.0565 Z2.9409 E0.02245 F1200
G1 X110.8458 Y109.7872 Z2.9394 E0.02245 F1200
G1 X111.1520 Y109.5298 Z2.9379 E0.02245 F1200
G1 X111.4680 Y109.2845 Z2.9364 E0.02245 F1200
G1 X111.7934 Y109.0518 Z2.9348 E0.02245 F1200
G1 X112.1277 Y108.8321 Z2.9333 E0.02245 F1200
G1 X112.4703 Y108.6256 Z2.9318 E0.02245 F1200
G1 X112.8208 Y108.4328 Z2.9303 E0.02245 F1200
G1 X113.1786 Y108.2538 Z2.9288 E0.02245 F1200
G1 X113.5431 Y108.0890 Z2.9273 E0.02245 F1200
G1 X113.9138 Y107.9386 Z2.9258 E0.02245 F1200
G1 X114.2901 Y107.8028 Z2.9243 E0.02245 F1200
G1 X114.6714 Y107.6819 Z2.9227 E0.02245 F1200
G1 X115.0572 Y107.5760 Z2.9212 E0.02245 F1200
G1 X115.4468 Y107.4853 Z2.9197 E0.02245 F1200
G1 X115.8397 Y107.4099 Z2.9182 E0.02245 F1200
G1 X116.2352 Y107.3499 Z2.9167 E0.02245 F1200
G1 X116.6328 Y107.3054 Z2.9151 E0.02245 F1200
G1 X117.0317 Y107.2765 Z2.9136 E0.02245 F1200
G1 X117.4316 Y107.2632 Z2.9121 E0.02245 F1200
G1 X117.8316 Y107.2656 Z2.9106 E0.02245 F1200
G1 X118.2312 Y107.2835 Z2.9090 E0.02245 F1200
G1 X118.6299 Y107.3171 Z2.9075 E0.02245 F1200
G1 X119.0269 Y107.3662 Z2.9060 E0.02245 F1200
G1 X119.4217 Y107.4307 Z2.9044 E0.02245 F1200
G1 X119.8136 Y107.5106 Z2.9029 E0.02245 F1200
G1 X120.2022 Y107.6058 Z2.9014 E0.02245 F1200
G1 X120.5868 Y107.7160 Z2.8998 E0.02245 F1200
G1 X120.9667 Y107.8411 Z2.8983 E0.02245 F1200
G1 X121.3415 Y107.9810 Z2.8968 E0.02245 F1200
G1 X121.7106 Y108.1353 Z2.8952 E0.02245 F1200
G1 X122.0734 Y108.3039 Z2.8937 E0.02245 F1200
G1 X122.4293 Y108.4865 Z2.8922 E0.02245 F1200
G1 X122.7779 Y108.6828 Z2.8906 E0.02245 F1200
G1 X123.1185 Y108.8925 Z2.8891 E0.02245 F1200
G1 X123.4507 Y109.1154 Z2.8875 E0.02245 F1200
G1 X123.7741 Y109.3510 Z2.8860 E0.02245 F1200
G1 X124.0880 Y109.5989 Z2.8844 E0.02245 F1200
G1 X124.3920 Y109.8589 Z2.8829 E0.02245 F1200
G1 X124.6857 Y110.1306 Z2.8814 E0.02245 F1200
G1 X124.9686 Y110.4134 Z2.8798 E0.02245 F1200
G1 X125.2403 Y110.7070 Z2.8783 E0.02245 F1200
G1 X125.5004 Y111.0109 Z2.8767 E0.02245 F1200
G1 X125.7485 Y111.3247 Z2.8752 E0.02245 F1200
G1 X125.9842 Y111.6479 Z2.8736 E0.02245 F1200
G1 X126.2073 Y111.9800 Z2.8720 E0.02245 F1200
G1 X126.4172 Y112.3205 Z2.8705 E0.02245 F1200
G1 X126.6138 Y112.6689 Z2.8689 E0.02245 F1200
G1 X126.7968 Y113.0247 Z2.8674 E0.02245 F1200
G1 X126.9658 Y113.3873 Z2.8658 E0.02245 F1200
G1 X127.1206 Y113.7561 Z2.8643 E0.02245 F1200
G1 X127.2611 Y114.1307 Z2.8627 E0.02245 F1200
G1 X127.3869 Y114.5104 Z2.8611 E0.02245 F1200
G1 X127.4979 Y114.8948 Z2.8596 E0.02245 F1200
G1 X127.5939 Y115.2831 Z2.8580 E0.02245 F1200
G1 X127.6749 Y115.6749 Z2.8564 E0.02245 F1200
G1 X127.7406 Y116.0695 Z2.8549 E0.02245 F1200
G1 X127.7910 Y116.4663 Z2.8533 E0.02245 F1200
G1 X127.8261 Y116.8648 Z2.8517 E0.02245 F1200
G1 X127.8457 Y117.2644 Z2.8502 E0.02245 F1200
G1 X127.8498 Y117.6644 Z2.8486 E0.02245 F1200
G1 X127.8385 Y118.0643 Z2.8470 E0.02245 F1200
G1 X127.8118 Y118.4634 Z2.8454 E0.02245 F1200
G1 X127.7696 Y118.8612 Z2.8439 E0.02245 F1200
G1 X127.7121 Y119.2571 Z2.8423 E0.02245 F1200
G1 X127.6394 Y119.6505 Z2.8407 E0.02245 F1200
G1 X127.5516 Y120.0408 Z2.8391 E0.02245 F1200
G1 X127.4488 Y120.4274 Z2.8375 E0.02245 F1200
G1 X127.3311 Y120.8097 Z2.8360 E0.02245 F1200
G1 X127.1988 Y121.1872 Z2.8344 E0.02245 F1200
G1 X127.0520 Y121.5594 Z2.8328 E0.02245 F1200
G1 X126.8910 Y121.9256 Z2.8312 E0.02245 F1200
G1 X126.7160 Y122.2853 Z2.8296 E0.02245 F1200
G1 X126.5273 Y122.6380 Z2.8280 E0.02245 F1200
G1 X126.3251 Y122.9832 Z2.8264 E0.02245 F1200
G1 X126.1098 Y123.3204 Z2.8248 E0.02245 F1200
G1 X125.8817 Y123.6490 Z2.8233 E0.02245 F1200
G1 X125.6411 Y123.9686 Z2.8217 E0.02245 F1200
G1 X125.3884 Y124.2787 Z2.8201 E0.02245 F1200
G1 X125.1239 Y124.5789 Z2.8185 E0.02245 F1200
G1 X124.8481 Y124.8686 Z2.8169 E0.02245 F1200
G1 X124.5614 Y125.1476 Z2.8153 E0.02245 F1200
G1 X124.2642 Y125.4153 Z2.8137 E0.02245 F1200
G1 X123.9569 Y125.6715 Z2.8121 E0.02245 F1200
G1 X123.6400 Y125.9156 Z2.8105 E0.02245 F1200
G1 X123.3139 Y126.1474 Z2.8089 E0.02245 F1200
G1 X122.9792 Y126.3665 Z2.8073 E0.02245 F1200
G1 X122.6364 Y126.5725 Z2.8056 E0.02245 F1200
G1 X122.2858 Y126.7653 Z2.8040 E0.02245 F1200
G1 X121.9282 Y126.9445 Z2.8024 E0.02245 F1200
G1 X121.5639 Y127.1099 Z2.8008 E0.02245 F1200
G1 X121.1936 Y127.2611 Z2.7992 E0.02245 F1200
G1 X120.8177 Y127.3981 Z2.7976 E0.02245 F1200
G1 X120.4369 Y127.5206 Z2.7960 E0.02245 F1200
G1 X120.0516 Y127.6284 Z2.7944 E0.02245 F1200
G1 X119.6625 Y127.7213 Z2.7927 E0.02245 F1200
G1 X119.2702 Y127.7993 Z2.7911 E0.02245 F1200
G1 X118.8751 Y127.8622 Z2.7895 E0.02245 F1200
G1 X118.4779 Y127.9100 Z2.7879 E0.02245 F1200
G1 X118.0792 Y127.9425 Z2.7863 E0.02245 F1200
G1 X117.6796 Y127.9597 Z2.7846 E0.02245 F1200
G1 X117.2795 Y127.9617 Z2.7830 E0.02245 F1200
G1 X116.8797 Y127.9484 Z2.7814 E0.02245 F1200
G1 X116.4807 Y127.9197 Z2.7798 E0.02245 F1200
G1 X116.0831 Y127.8759 Z2.7781 E0.02245 F1200
G1 X115.6874 Y127.8169 Z2.7765 E0.02245 F1200
G1 X115.2943 Y127.7429 Z2.7749 E0.02245 F1200
G1 X114.9043 Y127.6539 Z2.7732 E0.02245 F1200
G1 X114.5179 Y127.5501 Z2.7716 E0.02245 F1200
G1 X114.1359 Y127.4316 Z2.7700 E0.02245 F1200
G1 X113.7586 Y127.2986 Z2.7683 E0.02245 F1200
G1 X113.3866 Y127.1514 Z2.7667 E0.02245 F1200
G1 X113.0206 Y126.9900 Z2.7651 E0.02245 F1200
G1 X112.6609 Y126.8148 Z2.7634 E0.02245 F1200
G1 X112.3082 Y126.6261 Z2.7618 E0.02245 F1200
G1 X111.9629 Y126.4241 Z2.7601 E0.02245 F1200
G1 X111.6256 Y126.2090 Z2.7585 E0.02245 F1200
G1 X111.2967 Y125.9813 Z2.7568 E0.02245 F1200
G1 X110.9768 Y125.7412 Z2.7552 E0.02245 F1200
G1 X110.6662 Y125.4891 Z2.7535 E0.02245 F1200
G1 X110.3654 Y125.2254 Z2.7519 E0.02245 F1200
G1 X110.0748 Y124.9504 Z2.7502 E0.02245 F1200
G1 X109.7949 Y124.6646 Z2.7486 E0.02245 F1200
G1 X109.5261 Y124.3683 Z2.7469 E0.02245 F1200
G1 X109.2688 Y124.0620 Z2.7453 E0.02245 F1200
G1 X109.0232 Y123.7462 Z2.7436 E0.02245 F1200
G1 X108.7899 Y123.4213 Z2.7419 E0.02245 F1200
G1 X108.5690 Y123.0877 Z2.7403 E0.02245 F1200
G1 X108.3610 Y122.7461 Z2.7386 E0.02245 F1200
G1 X108.1661 Y122.3967 Z2.7370 E0.02245 F1200
G1 X107.9846 Y122.0402 Z2.7353 E0.02245 F1200
G1 X107.8167 Y121.6771 Z2.7336 E0.02245 F1200
G1 X107.6627 Y121.3079 Z2.7319 E0.02245 F1200
G1 X107.5229 Y120.9331 Z2.7303 E0.02245 F1200
G1 X107.3973 Y120.5533 Z2.7286 E0.02245 F1200
G1 X107.2863 Y120.1690 Z2.7269 E0.02245 F1200
G1 X107.1898 Y119.7807 Z2.7253 E0.02245 F1200
G1 X107.1082 Y119.3891 Z2.7236 E0.02245 F1200
G1 X107.0414 Y118.9947 Z2.7219 E0.02245 F1200
G1 X106.9897 Y118.5980 Z2.7202 E0.02245 F1200
G1 X106.9529 Y118.1997 Z2.7185 E0.02245 F1200
G1 X106.9313 Y117.8002 Z2.7169 E0.02245 F1200
G1 X106.9248 Y117.4002 Z2.7152 E0.02245 F1200
G1 X106.9334 Y117.0003 Z2.7135 E0.02245 F1200
G1 X106.9572 Y116.6010 Z2.7118 E0.02245 F1200
G1 X106.9960 Y116.2028 Z2.7101 E0.02245 F1200
G1 X107.0498 Y115.8064 Z2.7084 E0.02245 F1200
G1 X107.1186 Y115.4123 Z2.7067 E0.02245 F1200
G1 X107.2022 Y115.0211 Z2.7050 E0.02245 F1200
G1 X107.3006 Y114.6334 Z2.7034 E0.02245 F1200
G1 X107.4135 Y114.2496 Z2.7017 E0.02245 F1200
G1 X107.5408 Y113.8703 Z2.7000 E0.02245 F1200
G1 X107.6823 Y113.4962 Z2.6983 E0.02245 F1200
G1 X107.8378 Y113.1276 Z2.6966 E0.02245 F1200
G1 X108.0072 Y112.7652 Z2.6949 E0.02245 F1200
G1 X108.1900 Y112.4094 Z2.6932 E0.02245 F1200
G1 X108.3862 Y112.0608 Z2.6915 E0.02245 F1200
G1 X108.5953 Y111.7197 Z2.6897 E0.02245 F1200
G1 X108.8172 Y111.3869 Z2.6880 E0.02245 F1200
G1 X109.0514 Y111.0626 Z2.6863 E0.02245 F1200
G1 X109.2977 Y110.7473 Z2.6846 E0.02245 F1200
G1 X109.5557 Y110.4416 Z2.6829 E0.02245 F1200
G1 X109.8250 Y110.1458 Z2.6812 E0.02245 F1200
G1 X110.1052 Y109.8603 Z2.6795 E0.02245 F1200
G1 X110.3960 Y109.5856 Z2.6778 E0.02245 F1200
G1 X110.6969 Y109.3220 Z2.6760 E0.02245 F1200
G1 X111.0075 Y109.0699 Z2.6743 E0.02245 F1200
G1 X111.3273 Y108.8296 Z2.6726 E0.02245 F1200
G1 X111.6560 Y108.6016 Z2.6709 E0.02245 F1200
G1 X111.9930 Y108.3860 Z2.6691 E0.02245 F1200
G1 X112.3378 Y108.1833 Z2.6674 E0.02245 F1200
G1 X112.6901 Y107.9936 Z2.6657 E0.02245 F1200
G1 X113.0492 Y107.8173 Z2.6640 E0.02245 F1200
G1 X113.4146 Y107.6546 Z2.6622 E0.02245 F1200
G1 X113.7859 Y107.5058 Z2.6605 E0.02245 F1200
G1 X114.1626 Y107.3710 Z2.6588 E0.02245 F1200
G1 X114.5440 Y107.2504 Z2.6570 E0.02245 F1200
G1 X114.9297 Y107.1441 Z2.6553 E0.02245 F1200
G1 X115.3191 Y107.0524 Z2.6535 E0.02245 F1200
G1 X115.7116 Y106.9754 Z2.6518 E0.02245 F1200
G1 X116.1068 Y106.9132 Z2.6501 E0.02245 F1200
G1 X116.5040 Y106.8657 Z2.6483 E0.02245 F1200
G1 X116.9027 Y106.8332 Z2.6466 E0.02245 F1200
G1 X117.3023 Y106.8157 Z2.6448 E0.02245 F1200
G1 X117.7024 Y106.8131 Z2.6431 E0.02245 F1200
G1 X118.1022 Y106.8254 Z2.6413 E0.02245 F1200
G1 X118.5013 Y106.8528 Z2.6396 E0.02245 F1200
G1 X118.8991 Y106.8950 Z2.6378 E0.02245 F1200
G1 X119.2951 Y106.9521 Z2.6361 E0.02245 F1200
G1 X119.6886 Y107.0239 Z2.6343 E0.02245 F1200
G1 X120.0792 Y107.1104 Z2.6325 E0.02245 F1200
G1 X120.4662 Y107.2115 Z2.6308 E0.02245 F1200
G1 X120.8493 Y107.3269 Z2.6290 E0.02245 F1200
G1 X121.2277 Y107.4565 Z2.6272 E0.02245 F1200
G1 X121.6010 Y107.6002 Z2.6255 E0.02245 F1200
G1 X121.9688 Y107.7577 Z2.6237 E0.02245 F1200
G1 X122.3303 Y107.9288 Z2.6219 E0.02245 F1200
G1 X122.6853 Y108.1133 Z2.6202 E0.02245 F1200
G1 X123.0331 Y108.3110 Z2.6184 E0.02245 F1200
G1 X123.3733 Y108.5214 Z2.6166 E0.02245 F1200
G1 X123.7054 Y108.7444 Z2.6148 E0.02245 F1200
G1 X124.0290 Y108.9796 Z2.6131 E0.02245 F1200
G1 X124.3436 Y109.2267 Z2.6113 E0.02245 F1200
G1 X124.6488 Y109.4853 Z2.6095 E0.02245 F1200
G1 X124.9441 Y109.7552 Z2.6077 E0.02245 F1200
G1 X125.2292 Y110.0358 Z2.6059 E0.02245 F1200
G1 X125.5036 Y110.3269 Z2.6041 E0.02245 F1200
G1 X125.7671 Y110.6279 Z2.6023 E0.02245 F1200
G1 X126.0191 Y110.9386 Z2.6005 E0.02245 F1200
G1 X126.2594 Y111.2584 Z2.5988 E0.02245 F1200
G1 X126.4876 Y111.5869 Z2.5970 E0.02245 F1200
G1 X126.7035 Y111.9237 Z2.5952 E0.02245 F1200
G1 X126.9067 Y112.2683 Z2.5934 E0.02245 F1200
G1 X127.0969 Y112.6202 Z2.5916 E0.02245 F1200
G1 X127.2740 Y112.9789 Z2.5898 E0.02245 F1200
G1 X127.4376 Y113.3440 Z2.5880 E0.02245 F1200
G1 X127.5875 Y113.7149 Z2.5861 E0.02245 F1200
G1 X127.7236 Y114.0911 Z2.5843 E0.02245 F1200
G1 X127.8456 Y114.4720 Z2.5825 E0.02245 F1200
G1 X127.9534 Y114.8573 Z2.5807 E0.02245 F1200
G1 X128.0468 Y115.2462 Z2.5789 E0.02245 F1200
G1 X128.1257 Y115.6384 Z2.5771 E0.02245 F1200
G1 X128.1901 Y116.0332 Z2.5753 E0.02245 F1200
G1 X128.2397 Y116.4302 Z2.5734 E0.02245 F1200
G1 X128.2747 Y116.8287 Z2.5716 E0.02245 F1200
G1 X128.2948 Y117.2282 Z2.5698 E0.02245 F1200
G1 X128.3001 Y117.6282 Z2.5680 E0.02245 F1200
G1 X128.2906 Y118.0281 Z2.5661 E0.02245 F1200
G1 X128.2663 Y118.4274 Z2.5643 E0.02245 F1200
G1 X128.2272 Y118.8256 Z2.5625 E0.02245 F1200
G1 X128.1734 Y119.2220 Z2.5607 E0.02245 F1200
G1 X128.1050 Y119.6161 Z2.5588 E0.02245 F1200
G1 X128.0221 Y120.0075 Z2.5570 E0.02245 F1200
G1 X127.9248 Y120.3955 Z2.5551 E0.02245 F1200
G1 X127.8131 Y120.7796 Z2.5533 E0.02245 F1200
G1 X127.6874 Y121.1594 Z2.5515 E0.02245 F1200
G1 X127.5477 Y121.5342 Z2.5496 E0.02245 F1200
G1 X127.3943 Y121.9037 Z2.5478 E0.02245 F1200
G1 X127.2273 Y122.2672 Z2.5459 E0.02245 F1200
G1 X127.0470 Y122.6243 Z2.5441 E0.02245 F1200
G1 X126.8536 Y122.9745 Z2.5422 E0.02245 F1200
G1 X126.6475 Y123.3173 Z2.5404 E0.02245 F1200
G1 X126.4289 Y123.6523 Z2.5385 E0.02245 F1200
G1 X126.1980 Y123.9790 Z2.5366 E0.02245 F1200
G1 X125.9552 Y124.2970 Z2.5348 E0.02245 F1200
G1 X125.7009 Y124.6058 Z2.5329 E0.02245 F1200
G1 X125.4354 Y124.9050 Z2.5311 E0.02245 F1200
G1 X125.1591 Y125.1942 Z2.5292 E0.02245 F1200
G1 X124.8722 Y125.4730 Z2.5273 E0.02245 F1200
G1 X124.5753 Y125.7411 Z2.5254 E0.02245 F1200
G1 X124.2687 Y125.9981 Z2.5236 E0.02245 F1200
G1 X123.9529 Y126.2436 Z2.5217 E0.02245 F1200
G1 X123.6282 Y126.4774 Z2.5198 E0.02245 F1200
G1 X123.2952 Y126.6990 Z2.5179 E0.02245 F1200
G1 X122.9542 Y126.9082 Z2.5161 E0.02245 F1200
G1 X122.6058 Y127.1047 Z2.5142 E0.02245 F1200
G1 X122.2504 Y127.2883 Z2.5123 E0.02245 F1200
G1 X121.8885 Y127.4587 Z2.5104 E0.02245 F1200
G1 X121.5205 Y127.6157 Z2.5085 E0.02245 F1200
G1 X121.1471 Y127.7591 Z2.5066 E0.02245 F1200
G1 X120.7686 Y127.8886 Z2.5047 E0.02245 F1200
G1 X120.3856 Y128.0042 Z2.5028 E0.02245 F1200
G1 X119.9986 Y128.1056 Z2.5009 E0.02245 F1200
G1 X119.6082 Y128.1927 Z2.4990 E0.02245 F1200
G1 X119.2148 Y128.2655 Z2.4971 E0.02245 F1200
G1 X118.8191 Y128.3237 Z2.4952 E0.02245 F1200
G1 X118.4214 Y128.3674 Z2.4933 E0.02245 F1200
G1 X118.0225 Y128.3966 Z2.4914 E0.02245 F1200
G1 X117.6227 Y128.4110 Z2.4895 E0.02245 F1200
G1 X117.2227 Y128.4108 Z2.4876 E0.02245 F1200
G1 X116.8229 Y128.3959 Z2.4857 E0.02245 F1200
G1 X116.4240 Y128.3664 Z2.4837 E0.02245 F1200
G1 X116.0264 Y128.3223 Z2.4818 E0.02245 F1200
G1 X115.6306 Y128.2637 Z2.4799 E0.02245 F1200
G1 X115.2373 Y128.1906 Z2.4780 E0.02245 F1200
G1 X114.8470 Y128.1032 Z2.4761 E0.02245 F1200
G1 X114.4601 Y128.0015 Z2.4741 E0.02245 F1200
G1 X114.0771 Y127.8858 Z2.4722 E0.02245 F1200
G1 X113.6987 Y127.7561 Z2.4703 E0.02245 F1200
G1 X113.3253 Y127.6127 Z2.4683 E0.02245 F1200
G1 X112.9573 Y127.4557 Z2.4664 E0.02245 F1200
G1 X112.5954 Y127.2854 Z2.4644 E0.02245 F1200
G1 X112.2399 Y127.1020 Z2.4625 E0.02245 F1200
G1 X111.8913 Y126.9057 Z2.4606 E0.02245 F1200
G1 X111.5501 Y126.6968 Z2.4586 E0.02245 F1200
G1 X111.2168 Y126.4756 Z2.4567 E0.02245 F1200
G1 X110.8918 Y126.2423 Z2.4547 E0.02245 F1200
G1 X110.5756 Y125.9974 Z2.4528 E0.02245 F1200
G1 X110.2684 Y125.7411 Z2.4508 E0.02245 F1200
G1 X109.9709 Y125.4737 Z2.4488 E0.02245 F1200
G1 X109.6832 Y125.1957 Z2.4469 E0.02245 F1200
G1 X109.4059 Y124.9074 Z2.4449 E0.02245 F1200
G1 X109.1393 Y124.6091 Z2.4429 E0.02245 F1200
G1 X108.8838 Y124.3014 Z2.4410 E0.02245 F1200
G1 X108.6396 Y123.9845 Z2.4390 E0.02245 F1200
G1 X108.4072 Y123.6589 Z2.4370 E0.02245 F1200
G1 X108.1867 Y123.3251 Z2.4351 E0.02245 F1200
G1 X107.9785 Y122.9835 Z2.4331 E0.02245 F1200
G1 X107.7830 Y122.6345 Z2.4311 E0.02245 F1200
G1 X107.6002 Y122.2787 Z2.4291 E0.02245 F1200
G1 X107.4305 Y121.9164 Z2.4271 E0.02245 F1200
G1 X107.2742 Y121.5482 Z2.4251 E0.02245 F1200
G1 X107.1313 Y121.1746 Z2.4231 E0.02245 F1200
G1 X107.0020 Y120.7960 Z2.4212 E0.02245 F1200
G1 X106.8867 Y120.4130 Z2.4192 E0.02245 F1200
G1 X106.7853 Y120.0260 Z2.4172 E0.02245 F1200
G1 X106.6981 Y119.6356 Z2.4152 E0.02245 F1200
G1 X106.6251 Y119.2423 Z2.4132 E0.02245 F1200
G1 X106.5664 Y118.8466 Z2.4111 E0.02245 F1200
G1 X106.5221 Y118.4490 Z2.4091 E0.02245 F1200
G1 X106.4923 Y118.0501 Z2.4071 E0.02245 F1200
G1 X106.4770 Y117.6503 Z2.4051 E0.02245 F1200
G1 X106.4762 Y117.2503 Z2.4031 E0.02245 F1200
G1 X106.4899 Y116.8505 Z2.4011 E0.02245 F1200
G1 X106.5181 Y116.4514 Z2.3991 E0.02245 F1200
G1 X106.5608 Y116.0537 Z2.3970 E0.02245 F1200
G1 X106.6178 Y115.6577 Z2.3950 E0.02245 F1200
G1 X106.6892 Y115.2641 Z2.3930 E0.02245 F1200
G1 X106.7748 Y114.8734 Z2.3909 E0.02245 F1200
G1 X106.8744 Y114.4859 Z2.3889 E0.02245 F1200
G1 X106.9881 Y114.1024 Z2.3869 E0.02245 F1200
G1 X107.1155 Y113.7232 Z2.3848 E0.02245 F1200
G1 X107.2566 Y113.3489 Z2.3828 E0.02245 F1200
G1 X107.4111 Y112.9799 Z2.3808 E0.02245 F1200
G1 X107.5789 Y112.6167 Z2.3787 E0.02245 F1200
G1 X107.7597 Y112.2599 Z2.3767 E0.02245 F1200
G1 X107.9533 Y111.9098 Z2.3746 E0.02245 F1200
G1 X108.1595 Y111.5670 Z2.3725 E0.02245 F1200
G1 X108.3779 Y111.2318 Z2.3705 E0.02245 F1200
G1 X108.6082 Y110.9048 Z2.3684 E0.02245 F1200
G1 X108.8502 Y110.5863 Z2.3664 E0.02245 F1200
G1 X109.1036 Y110.2767 Z2.3643 E0.02245 F1200
G1 X109.3680 Y109.9765 Z2.3622 E0.02245 F1200
G1 X109.6430 Y109.6860 Z2.3602 E0.02245 F1200
G1 X109.9284 Y109.4057 Z2.3581 E0.02245 F1200
G1 X110.2237 Y109.1358 Z2.3560 E0.02245 F1200
G1 X110.5285 Y108.8768 Z2.3539 E0.02245 F1200
G1 X110.8425 Y108.6289 Z2.3518 E0.02245 F1200
G1 X111.1652 Y108.3925 Z2.3497 E0.02245 F1200
G1 X111.4962 Y108.1679 Z2.3477 E0.02245 F1200
G1 X111.8351 Y107.9554 Z2.3456 E0.02245 F1200
G1 X112.1815 Y107.7552 Z2.3435 E0.02245 F1200
G1 X112.5348 Y107.5676 Z2.3414 E0.02245 F1200
G1 X112.8947 Y107.3929 Z2.3393 E0.02245 F1200
G1 X113.2606 Y107.2312 Z2.3372 E0.02245 F1200
G1 X113.6321 Y107.0829 Z2.3351 E0.02245 F1200
G1 X114.0087 Y106.9480 Z2.3330 E0.02245 F1200
G1 X114.3899 Y106.8267 Z2.3308 E0.02245 F1200
G1 X114.7752 Y106.7192 Z2.3287 E0.02245 F1200
G1 X115.1642 Y106.6257 Z2.3266 E0.02245 F1200
G1 X115.5562 Y106.5462 Z2.3245 E0.02245 F1200
G1 X115.9509 Y106.4809 Z2.3224 E0.02245 F1200
G1 X116.3477 Y106.4297 Z2.3202 E0.02245 F1200
G1 X116.7460 Y106.3929 Z2.3181 E0.02245 F1200
G1 X117.1454 Y106.3704 Z2.3160 E0.02245 F1200
G1 X117.5453 Y106.3623 Z2.3138 E0.02245 F1200
G1 X117.9453 Y106.3685 Z2.3117 E0.02245 F1200
G1 X118.3448 Y106.3891 Z2.3095 E0.02245 F1200
G1 X118.7433 Y106.4241 Z2.3074 E0.02245 F1200
G1 X119.1403 Y106.4733 Z2.3053 E0.02245 F1200
G1 X119.5353 Y106.5367 Z2.3031 E0.02245 F1200
G1 X119.9278 Y106.6142 Z2.3009 E0.02245 F1200
G1 X120.3172 Y106.7058 Z2.2988 E0.02245 F1200
G1 X120.7030 Y106.8113 Z2.2966 E0.02245 F1200
G1 X121.0849 Y106.9305 Z2.2945 E0.02245 F1200
G1 X121.4622 Y107.0633 Z2.2923 E0.02245 F1200
G1 X121.8346 Y107.2096 Z2.2901 E0.02245 F1200
G1 X122.2014 Y107.3691 Z2.2879 E0.02245 F1200
G1 X122.5623 Y107.5417 Z2.2858 E0.02245 F1200
G1 X122.9168 Y107.7270 Z2.2836 E0.02245 F1200
G1 X123.2644 Y107.9250 Z2.2814 E0.02245 F1200
G1 X123.6048 Y108.1352 Z2.2792 E0.02245 F1200
G1 X123.9373 Y108.3575 Z2.2770 E0.02245 F1200
G1 X124.2618 Y108.5916 Z2.2748 E0.02245 F1200
G1 X124.5776 Y108.8371 Z2.2726 E0.02245 F1200
G1 X124.8845 Y109.0937 Z2.2704 E0.02245 F1200
G1 X125.1820 Y109.3611 Z2.2682 E0.02245 F1200
G1 X125.4697 Y109.6390 Z2.2660 E0.02245 F1200
G1 X125.7473 Y109.9270 Z2.2638 E0.02245 F1200
G1 X126.0145 Y110.2248 Z2.2616 E0.02245 F1200
G1 X126.2709 Y110.5319 Z2.2594 E0.02245 F1200
G1 X126.5161 Y110.8479 Z2.2572 E0.02245 F1200
G1 X126.7499 Y111.1725 Z2.2549 E0.02245 F1200
G1 X126.9720 Y111.5053 Z2.2527 E0.02245 F1200
G1 X127.1820 Y111.8457 Z2.2505 E0.02245 F1200
G1 X127.3798 Y112.1934 Z2.2482 E0.02245 F1200
G1 X127.5650 Y112.5480 Z2.2460 E0.02245 F1200
G1 X127.7375 Y112.9089 Z2.2438 E0.02245 F1200
G1 X127.8970 Y113.2758 Z2.2415 E0.02245 F1200
G1 X128.0433 Y113.6481 Z2.2393 E0.02245 F1200
G1 X128.1763 Y114.0254 Z2.2370 E0.02245 F1200
G1 X128.2957 Y114.4072 Z2.2348 E0.02245 F1200
G1 X128.4015 Y114.7930 Z2.2325 E0.02245 F1200
G1 X128.4935 Y115.1823 Z2.2302 E0.02245 F1200
G1 X128.5715 Y115.5746 Z2.2280 E0.02245 F1200
G1 X128.6355 Y115.9695 Z2.2257 E0.02245 F1200
G1 X128.6855 Y116.3664 Z2.2234 E0.02245 F1200
G1 X128.7213 Y116.7648 Z2.2211 E0.02245 F1200
G1 X128.7429 Y117.1643 Z2.2189 E0.02245 F1200
G1 X128.7502 Y117.5643 Z2.2166 E0.02245 F1200
G1 X128.7434 Y117.9642 Z2.2143 E0.02245 F1200
G1 X128.7223 Y118.3637 Z2.2120 E0.02245 F1200
G1 X128.6871 Y118.7622 Z2.2097 E0.02245 F1200
G1 X128.6377 Y119.1592 Z2.2074 E0.02245 F1200
G1 X128.5742 Y119.5541 Z2.2051 E0.02245 F1200
G1 X128.4968 Y119.9466 Z2.2028 E0.02245 F1200
G1 X128.4055 Y120.3361 Z2.2005 E0.02245 F1200
G1 X128.3004 Y120.7220 Z2.1982 E0.02245 F1200
G1 X128.1817 Y121.1041 Z2.1958 E0.02245 F1200
G1 X128.0495 Y121.4816 Z2.1935 E0.02245 F1200
G1 X127.9040 Y121.8542 Z2.1912 E0.02245 F1200
G1 X127.7453 Y122.2215 Z2.1888 E0.02245 F1200
G1 X127.5738 Y122.5829 Z2.1865 E0.02245 F1200
G1 X127.3895 Y122.9379 Z2.1842 E0.02245 F1200
G1 X127.1928 Y123.2862 Z2.1818 E0.02245 F1200
G1 X126.9839 Y123.6274 Z2.1795 E0.02245 F1200
G1 X126.7630 Y123.9609 Z2.1771 E0.02245 F1200
G1 X126.5304 Y124.2864 Z2.1748 E0.02245 F1200
G1 X126.2865 Y124.6034 Z2.1724 E0.02245 F1200
G1 X126.0314 Y124.9116 Z2.1700 E0.02245 F1200
G1 X125.7657 Y125.2106 Z2.1677 E0.02245 F1200
G1 X125.4895 Y125.5000 Z2.1653 E0.02245 F1200
G1 X125.2033 Y125.7795 Z2.1629 E0.02245 F1200
G1 X124.9073 Y126.0486 Z2.1605 E0.02245 F1200
G1 X124.6020 Y126.3071 Z2.1582 E0.02245 F1200
G1 X124.2878 Y126.5547 Z2.1558 E0.02245 F1200
G1 X123.9650 Y126.7910 Z2.1534 E0.02245 F1200
G1 X123.6341 Y127.0157 Z2.1510 E0.02245 F1200
G1 X123.2954 Y127.2286 Z2.1486 E0.02245 F1200
G1 X122.9495 Y127.4295 Z2.1462 E0.02245 F1200
G1 X122.5966 Y127.6179 Z2.1438 E0.02245 F1200
G1 X122.2373 Y127.7938 Z2.1413 E0.02245 F1200
G1 X121.8721 Y127.9569 Z2.1389 E0.02245 F1200
G1 X121.5013 Y128.1071 Z2.1365 E0.02245 F1200
G1 X121.1254 Y128.2440 Z2.1341 E0.02245 F1200
G1 X120.7449 Y128.3676 Z2.1316 E0.02245 F1200
G1 X120.3604 Y128.4777 Z2.1292 E0.02245 F1200
G1 X119.9721 Y128.5742 Z2.1267 E0.02245 F1200
G1 X119.5808 Y128.6569 Z2.1243 E0.02245 F1200
G1 X119.1867 Y128.7258 Z2.1218 E0.02245 F1200
G1 X118.7905 Y128.7808 Z2.1194 E0.02245 F1200
G1 X118.3925 Y128.8217 Z2.1169 E0.02245 F1200
G1 X117.9934 Y128.8487 Z2.1145 E0.02245 F1200
G1 X117.5936 Y128.8615 Z2.1120 E0.02245 F1200
G1 X117.1936 Y128.8603 Z2.1095 E0.02245 F1200
G1 X116.7938 Y128.8450 Z2.1070 E0.02245 F1200
G1 X116.3949 Y128.8156 Z2.1045 E0.02245 F1200
G1 X115.9972 Y128.7723 Z2.1021 E0.02245 F1200
G1 X115.6013 Y128.7149 Z2.0996 E0.02245 F1200
G1 X115.2077 Y128.6437 Z2.0971 E0.02245 F1200
G1 X114.8168 Y128.5587 Z2.0946 E0.02245 F1200
G1 X114.4291 Y128.4600 Z2.0920 E0.02245 F1200
G1 X114.0451 Y128.3477 Z2.0895 E0.02245 F1200
G1 X113.6654 Y128.2220 Z2.0870 E0.02245 F1200
G1 X113.2902 Y128.0831 Z2.0845 E0.02245 F1200
G1 X112.9202 Y127.9310 Z2.0820 E0.02245 F1200
G1 X112.5558 Y127.7661 Z2.0794 E0.02245 F1200
G1 X112.1974 Y127.5885 Z2.0769 E0.02245 F1200
G1 X111.8454 Y127.3984 Z2.0743 E0.02245 F1200
G1 X111.5003 Y127.1960 Z2.0718 E0.02245 F1200
G1 X111.1625 Y126.9817 Z2.0692 E0.02245 F1200
G1 X110.8324 Y126.7557 Z2.0667 E0.02245 F1200
G1 X110.5105 Y126.5182 Z2.0641 E0.02245 F1200
G1 X110.1971 Y126.2696 Z2.0615 E0.02245 F1200
G1 X109.8926 Y126.0102 Z2.0589 E0.02245 F1200
G1 X109.5974 Y125.7403 Z2.0564 E0.02245 F1200
G1 X109.3118 Y125.4602 Z2.0538 E0.02245 F1200
G1 X109.0362 Y125.1702 Z2.0512 E0.02245 F1200
G1 X108.7709 Y124.8708 Z2.0486 E0.02245 F1200
G1 X108.5163 Y124.5623 Z2.0460 E0.02245 F1200
G1 X108.2726 Y124.2450 Z2.0434 E0.02245 F1200
G1 X108.0402 Y123.9194 Z2.0408 E0.02245 F1200
G1 X107.8193 Y123.5859 Z2.0381 E0.02245 F1200
G1 X107.6102 Y123.2449 Z2.0355 E0.02245 F1200
G1 X107.4132 Y122.8968 Z2.0329 E0.02245 F1200
G1 X107.2284 Y122.5419 Z2.0302 E0.02245 F1200
G1 X107.0562 Y122.1809 Z2.0276 E0.02245 F1200
G1 X106.8967 Y121.8140 Z2.0249 E0.02245 F1200
G1 X106.7501 Y121.4418 Z2.0223 E0.02245 F1200
G1 X106.6166 Y121.0647 Z2.0196 E0.02245 F1200
G1 X106.4963 Y120.6832 Z2.0170 E0.02245 F1200
G1 X106.3895 Y120.2977 Z2.0143 E0.02245 F1200
G1 X106.2962 Y119.9087 Z2.0116 E0.02245 F1200
G1 X106.2165 Y119.5167 Z2.0089 E0.02245 F1200
G1 X106.1505 Y119.1221 Z2.0062 E0.02245 F1200
G1 X106.0983 Y118.7255 Z2.0035 E0.02245 F1200
G1 X106.0600 Y118.3273 Z2.0008 E0.02245 F1200
G1 X106.0357 Y117.9280 Z1.9981 E0.02245 F1200
G1 X106.0252 Y117.5281 Z1.9954 E0.02245 F1200
G1 X106.0287 Y117.1281 Z1.9927 E0.02245 F1200
G1 X106.0461 Y116.7285 Z1.9899 E0.02245 F1200
G1 X106.0775 Y116.3297 Z1.9872 E0.02245 F1200
G1 X106.1227 Y115.9322 Z1.9845 E0.02245 F1200
G1 X106.1817 Y115.5366 Z1.9817 E0.02245 F1200
G1 X106.2545 Y115.1432 Z1.9790 E0.02245 F1200
G1 X106.3409 Y114.7526 Z1.9762 E0.02245 F1200
G1 X106.4409 Y114.3653 Z1.9734 E0.02245 F1200
G1 X106.5543 Y113.9817 Z1.9707 E0.02245 F1200
G1 X106.6810 Y113.6022 Z1.9679 E0.02245 F1200
G1 X106.8207 Y113.2274 Z1.9651 E0.02245 F1200
G1 X106.9735 Y112.8577 Z1.9623 E0.02245 F1200
G1 X107.1390 Y112.4935 Z1.9595 E0.02245 F1200
G1 X107.3170 Y112.1352 Z1.9567 E0.02245 F1200
G1 X107.5074 Y111.7834 Z1.9539 E0.02245 F1200
G1 X107.7099 Y111.4384 Z1.9510 E0.02245 F1200
G1 X107.9243 Y111.1007 Z1.9482 E0.02245 F1200
G1 X108.1502 Y110.7706 Z1.9454 E0.02245 F1200
G1 X108.3875 Y110.4485 Z1.9425 E0.02245 F1200
G1 X108.6358 Y110.1349 Z1.9397 E0.02245 F1200
G1 X108.8949 Y109.8301 Z1.9368 E0.02245 F1200
G1 X109.1644 Y109.5345 Z1.9339 E0.02245 F1200
G1 X109.4440 Y109.2483 Z1.9311 E0.02245 F1200
G1 X109.7333 Y108.9721 Z1.9282 E0.02245 F1200
G1 X110.0320 Y108.7060 Z1.9253 E0.02245 F1200
G1 X110.3398 Y108.4505 Z1.9224 E0.02245 F1200
G1 X110.6563 Y108.2058 Z1.9195 E0.02245 F1200
G1 X110.9810 Y107.9722 Z1.9166 E0.02245 F1200
G1 X111.3136 Y107.7500 Z1.9137 E0.02245 F1200
G1 X111.6538 Y107.5395 Z1.9107 E0.02245 F1200
G1 X112.0010 Y107.3408 Z1.9078 E0.02245 F1200
G1 X112.3549 Y107.1543 Z1.9049 E0.02245 F1200
G1 X112.7150 Y106.9802 Z1.9019 E0.02245 F1200
G1 X113.0810 Y106.8186 Z1.8989 E0.02245 F1200
G1 X113.4523 Y106.6698 Z1.8960 E0.02245 F1200
G1 X113.8286 Y106.5339 Z1.8930 E0.02245 F1200
G1 X114.2093 Y106.4111 Z1.8900 E0.02245 F1200
G1 X114.5940 Y106.3016 Z1.8870 E0.02245 F1200
G1 X114.9823 Y106.2054 Z1.8840 E0.02245 F1200
G1 X115.3737 Y106.1227 Z1.8810 E0.02245 F1200
G1 X115.7677 Y106.0536 Z1.8780 E0.02245 F1200
G1 X116.1639 Y105.9981 Z1.8750 E0.02245 F1200
G1 X116.5617 Y105.9564 Z1.8719 E0.02245 F1200
G1 X116.9608 Y105.9284 Z1.8689 E0.02245 F1200
G1 X117.3606 Y105.9142 Z1.8658 E0.02245 F1200
G1 X117.7606 Y105.9138 Z1.8628 E0.02245 F1200
G1 X118.1604 Y105.9272 Z1.8597 E0.02245 F1200
G1 X118.5595 Y105.9545 Z1.8566 E0.02245 F1200
G1 X118.9574 Y105.9954 Z1.8535 E0.02245 F1200
G1 X119.3537 Y106.0501 Z1.8504 E0.02245 F1200
G1 X119.7479 Y106.1184 Z1.8473 E0.02245 F1200
G1 X120.1394 Y106.2002 Z1.8442 E0.02245 F1200
G1 X120.5279 Y106.2955 Z1.8411 E0.02245 F1200
G1 X120.9129 Y106.4042 Z1.8379 E0.02245 F1200
G1 X121.2940 Y106.5260 Z1.8348 E0.02245 F1200
G1 X121.6706 Y106.6609 Z1.8316 E0.02245 F1200
G1 X122.0423 Y106.8086 Z1.8284 E0.02245 F1200
G1 X122.4087 Y106.9691 Z1.8253 E0.02245 F1200
G1 X122.7694 Y107.1421 Z1.8221 E0.02245 F1200
G1 X123.1239 Y107.3274 Z1.8189 E0.02245 F1200
G1 X123.4719 Y107.5248 Z1.8157 E0.02245 F1200
G1 X123.8128 Y107.7341 Z1.8125 E0.02245 F1200
G1 X124.1463 Y107.9550 Z1.8092 E0.02245 F1200
G1 X124.4721 Y108.1872 Z1.8060 E0.02245 F1200
G1 X124.7896 Y108.4304 Z1.8027 E0.02245 F1200
G1 X125.0987 Y108.6845 Z1.7995 E0.02245 F1200
G1 X125.3988 Y108.9490 Z1.7962 E0.02245 F1200
G1 X125.6896 Y109.2236 Z1.7929 E0.02245 F1200
G1 X125.9708 Y109.5081 Z1.7896 E0.02245 F1200
G1 X126.2421 Y109.8021 Z1.7863 E0.02245 F1200
G1 X126.5032 Y110.1052 Z1.7830 E0.02245 F1200
G1 X126.7536 Y110.4171 Z1.7797 E0.02245 F1200
G1 X126.9933 Y110.7374 Z1.7763 E0.02245 F1200
G1 X127.2218 Y111.0658 Z1.7730 E0.02245 F1200
G1 X127.4389 Y111.4018 Z1.7696 E0.02245 F1200
G1 X127.6443 Y111.7450 Z1.7662 E0.02245 F1200
G1 X127.8378 Y112.0951 Z1.7629 E0.02245 F1200
G1 X128.0193 Y112.4516 Z1.7595 E0.02245 F1200
G1 X128.1884 Y112.8142 Z1.7560 E0.02245 F1200
G1 X128.3450 Y113.1823 Z1.7526 E0.02245 F1200
G1 X128.4888 Y113.5555 Z1.7492 E0.02245 F1200
G1 X128.6198 Y113.9335 Z1.7457 E0.02245 F1200
G1 X128.7378 Y114.3158 Z1.7423 E0.02245 F1200
G1 X128.8426 Y114.7018 Z1.7388 E0.02245 F1200
G1 X128.9342 Y115.0912 Z1.7353 E0.02245 F1200
G1 X129.0123 Y115.4835 Z1.7318 E0.02245 F1200
G1 X129.0770 Y115.8783 Z1.7283 E0.02245 F1200
G1 X129.1281 Y116.2751 Z1.7247 E0.02245 F1200
G1 X129.1657 Y116.6733 Z1.7212 E0.02245 F1200
G1 X129.1896 Y117.0726 Z1.7176 E0.02245 F1200
G1 X129.1998 Y117.4725 Z1.7141 E0.02245 F1200
G1 X129.1963 Y117.8726 Z1.7105 E0.02245 F1200
G1 X129.1792 Y118.2722 Z1.7069 E0.02245 F1200
G1 X129.1485 Y118.6711 Z1.7033 E0.02245 F1200
G1 X129.1041 Y119.0686 Z1.6996 E0.02245 F1200
G1 X129.0461 Y119.4644 Z1.6960 E0.02245 F1200
G1 X128.9747 Y119.8580 Z1.6923 E0.02245 F1200
G1 X128.8899 Y120.2490 Z1.6886 E0.02245 F1200
G1 X128.7918 Y120.6368 Z1.6849 E0.02245 F1200
G1 X128.6805 Y121.0210 Z1.6812 E0.02245 F1200
G1 X128.5562 Y121.4012 Z1.6775 E0.02245 F1200
G1 X128.4190 Y121.7770 Z1.6738 E0.02245 F1200
G1 X128.2690 Y122.1478 Z1.6700 E0.02245 F1200
G1 X128.1065 Y122.5134 Z1.6662 E0.02245 F1200
G1 X127.9316 Y122.8731 Z1.6624 E0.02245 F1200
G1 X127.7445 Y123.2267 Z1.6586 E0.02245 F1200
G1 X127.5455 Y123.5738 Z1.6548 E0.02245 F1200
G1 X127.3348 Y123.9138 Z1.6510 E0.02245 F1200
G1 X127.1126 Y124.2465 Z1.6471 E0.02245 F1200
G1 X126.8793 Y124.5714 Z1.6432 E0.02245 F1200
G1 X126.6350 Y124.8881 Z1.6393 E0.02245 F1200
G1 X126.3800 Y125.1964 Z1.6354 E0.02245 F1200
G1 X126.1147 Y125.4958 Z1.6315 E0.02245 F1200
G1 X125.8394 Y125.7860 Z1.6275 E0.02245 F1200
G1 X125.5544 Y126.0667 Z1.6235 E0.02245 F1200
G1 X125.2600 Y126.3375 Z1.6195 E0.02245 F1200
G1 X124.9565 Y126.5982 Z1.6155 E0.02245 F1200
G1 X124.6444 Y126.8483 Z1.6115 E0.02245 F1200
G1 X124.3239 Y127.0878 Z1.6074 E0.02245 F1200
G1 X123.9955 Y127.3162 Z1.6033 E0.02245 F1200
G1 X123.6595 Y127.5332 Z1.5992 E0.02245 F1200
G1 X123.3163 Y127.7388 Z1.5951 E0.02245 F1200
G1 X122.9663 Y127.9326 Z1.5910 E0.02245 F1200
G1 X122.6100 Y128.1144 Z1.5868 E0.02245 F1200
G1 X122.2477 Y128.2840 Z1.5826 E0.02245 F1200
G1 X121.8798 Y128.4411 Z1.5784 E0.02245 F1200
G1 X121.5069 Y128.5858 Z1.5742 E0.02245 F1200
G1 X121.1292 Y128.7176 Z1.5699 E0.02245 F1200
G1 X120.7473 Y128.8366 Z1.5656 E0.02245 F1200
G1 X120.3615 Y128.9426 Z1.5613 E0.02245 F1200
G1 X119.9724 Y129.0354 Z1.5570 E0.02245 F1200
G1 X119.5804 Y129.1150 Z1.5526 E0.02245 F1200
G1 X119.1859 Y129.1812 Z1.5482 E0.02245 F1200
G1 X118.7893 Y129.2340 Z1.5438 E0.02245 F1200
G1 X118.3913 Y129.2734 Z1.5393 E0.02245 F1200
G1 X117.9921 Y129.2993 Z1.5349 E0.02245 F1200
G1 X117.5922 Y129.3116 Z1.5304 E0.02245 F1200
G1 X117.1922 Y129.3104 Z1.5259 E0.02245 F1200
G1 X116.7924 Y129.2956 Z1.5213 E0.02245 F1200
G1 X116.3934 Y129.2673 Z1.5167 E0.02245 F1200
G1 X115.9956 Y129.2255 Z1.5121 E0.02245 F1200
G1 X115.5994 Y129.1703 Z1.5074 E0.02245 F1200
G1 X115.2053 Y129.1017 Z1.5028 E0.02245 F1200
G1 X114.8137 Y129.0198 Z1.4980 E0.02245 F1200
G1 X114.4251 Y128.9248 Z1.4933 E0.02245 F1200
G1 X114.0400 Y128.8166 Z1.4885 E0.02245 F1200
G1 X113.6587 Y128.6955 Z1.4837 E0.02245 F1200
G1 X113.2818 Y128.5616 Z1.4789 E0.02245 F1200
G1 X112.9096 Y128.4150 Z1.4740 E0.02245 F1200
G1 X112.5426 Y128.2560 Z1.4690 E0.02245 F1200
G1 X112.1811 Y128.0846 Z1.4641 E0.02245 F1200
G1 X111.8256 Y127.9011 Z1.4591 E0.02245 F1200
G1 X111.4765 Y127.7057 Z1.4540 E0.02245 F1200
G1 X111.1343 Y127.4987 Z1.4490 E0.02245 F1200
G1 X110.7992 Y127.2802 Z1.4438 E0.02245 F1200
G1 X110.4716 Y127.0505 Z1.4387 E0.02245 F1200
G1 X110.1520 Y126.8100 Z1.4335 E0.02245 F1200
G1 X109.8407 Y126.5587 Z1.4282 E0.02245 F1200
G1 X109.5381 Y126.2972 Z1.4229 E0.02245 F1200
G1 X109.2444 Y126.0255 Z1.4176 E0.02245 F1200
G1 X108.9600 Y125.7442 Z1.4122 E0.02245 F1200
G1 X108.6853 Y125.4534 Z1.4067 E0.02245 F1200
G1 X108.4206 Y125.1535 Z1.4012 E0.02245 F1200
G1 X108.1661 Y124.8449 Z1.3957 E0.02245 F1200
G1 X107.9221 Y124.5278 Z1.3901 E0.02245 F1200
G1 X107.6890 Y124.2028 Z1.3844 E0.02245 F1200
G1 X107.4669 Y123.8701 Z1.3787 E0.02245 F1200
G1 X107.2561 Y123.5301 Z1.3729 E0.02245 F1200
G1 X107.0569 Y123.1831 Z1.3671 E0.02245 F1200
G1 X106.8695 Y122.8297 Z1.3611 E0.02245 F1200
G1 X106.6941 Y122.4702 Z1.3552 E0.02245 F1200
G1 X106.5309 Y122.1050 Z1.3491 E0.02245 F1200
G1 X106.3800 Y121.7345 Z1.3430 E0.02245 F1200
G1 X106.2417 Y121.3592 Z1.3368 E0.02245 F1200
G1 X106.1161 Y120.9794 Z1.3306 E0.02245 F1200
G1 X106.0033 Y120.5956 Z1.3243 E0.02246 F1200
G1 X105.9035 Y120.2082 Z1.3178 E0.02246 F1200
G1 X105.8167 Y119.8177 Z1.3113 E0.02246 F1200
G1 X105.7431 Y119.4245 Z1.3047 E0.02246 F1200
G1 X105.6827 Y119.0290 Z1.2981 E0.02246 F1200
G1 X105.6357 Y118.6318 Z1.2913 E0.02246 F1200
G1 X105.6020 Y118.2332 Z1.2844 E0.02246 F1200
G1 X105.5817 Y117.8337 Z1.2774 E0.02246 F1200
G1 X105.5748 Y117.4337 Z1.2703 E0.02246 F1200
G1 X105.5813 Y117.0337 Z1.2631 E0.02246 F1200
G1 X105.6013 Y116.6342 Z1.2558 E0.02246 F1200
G1 X105.6346 Y116.2356 Z1.2483 E0.02246 F1200
G1 X105.6812 Y115.8383 Z1.2408 E0.02246 F1200
G1 X105.7412 Y115.4428 Z1.2330 E0.02246 F1200
G1 X105.8144 Y115.0495 Z1.2251 E0.02246 F1200
G1 X105.9007 Y114.6589 Z1.2171 E0.02246 F1200
G1 X106.0000 Y114.2714 Z1.2089 E0.02246 F1200
G1 X106.1123 Y113.8874 Z1.2005 E0.02246 F1200
G1 X106.2373 Y113.5074 Z1.1919 E0.02246 F1200
G1 X106.3750 Y113.1319 Z1.1832 E0.02246 F1200
G1 X106.5252 Y112.7611 Z1.1742 E0.02246 F1200
G1 X106.6877 Y112.3956 Z1.1649 E0.02246 F1200
G1 X106.8624 Y112.0357 Z1.1554 E0.02246 F1200
G1 X107.0490 Y111.6818 Z1.1457 E0.02246 F1200
G1 X107.2473 Y111.3344 Z1.1356 E0.02246 F1200
G1 X107.4571 Y110.9938 Z1.1251 E0.02246 F1200
G1 X107.6782 Y110.6605 Z1.1143 E0.02246 F1200
G1 X107.9103 Y110.3347 Z1.1031 E0.02246 F1200
G1 X108.1532 Y110.0168 Z1.0914 E0.02246 F1200
G1 X108.4065 Y109.7072 Z1.0792 E0.02246 F1200
G1 X108.6701 Y109.4063 Z1.0663 E0.02246 F1200
G1 X108.9435 Y109.1143 Z1.0528 E0.02247 F1200
G1 X109.2266 Y108.8316 Z1.0383 E0.02247 F1200
G1 X109.5189 Y108.5585 Z1.0229 E0.02247 F1200
G1 X109.8202 Y108.2954 Z1.0061 E0.02247 F1200
G1 X110.1301 Y108.0424 Z0.9875 E0.02248 F1200
G1 X110.4482 Y107.7999 Z0.9666 E0.02248 F1200
G1 X110.7743 Y107.5682 Z0.9420 E0.02249 F1200
G1 X111.1079 Y107.3474 Z0.9105 E0.02252 F1200
G1 X111.4487 Y107.1379 Z0.8558 E0.02266 F1200
G1 X111.7962 Y106.9399 Z0.8250 E0.02252 F1200
G1 X111.7962 Y106.9399 Z1.1250 E0.01684 F1500
G1 X111.4487 Y107.1379 Z1.1558 E0.02252 F2400
G1 X111.1079 Y107.3474 Z1.2105 E0.02266 F2400
G1 X110.7743 Y107.5682 Z1.2420 E0.02252 F2400
G1 X110.4482 Y107.7999 Z1.2666 E0.02249 F2400
G1 X110.1301 Y108.0424 Z1.2875 E0.02248 F2400
G1 X109.8202 Y108.2954 Z1.3061 E0.02248 F2400
G1 X109.5189 Y108.5585 Z1.3229 E0.02247 F2400
G1 X109.2266 Y108.8316 Z1.3383 E0.02247 F2400
G1 X108.9435 Y109.1143 Z1.3528 E0.02247 F2400
G1 X108.6701 Y109.4063 Z1.3663 E0.02247 F2400
G1 X108.4065 Y109.7072 Z1.3792 E0.02246 F2400
G1 X108.1532 Y110.0168 Z1.3914 E0.02246 F2400
G1 X107.9103 Y110.3347 Z1.4031 E0.02246 F2400
G1 X107.6782 Y110.6605 Z1.4143 E0.02246 F2400
G1 X107.4571 Y110.9938 Z1.4251 E0.02246 F2400
G1 X107.2473 Y111.3344 Z1.4356 E0.02246 F2400
G1 X107.0490 Y111.6818 Z1.4457 E0.02246 F2400
G1 X106.8624 Y112.0357 Z1.4554 E0.02246 F2400
G1 X106.6877 Y112.3956 Z1.4649 E0.02246 F2400
G1 X106.5252 Y112.7611 Z1.4742 E0.02246 F2400
G1 X106.3750 Y113.1319 Z1.4832 E0.02246 F2400
G1 X106.2373 Y113.5074 Z1.4919 E0.02246 F2400
G1 X106.1123 Y113.8874 Z1.5005 E0.02246 F2400
G1 X106.0000 Y114.2714 Z1.5089 E0.02246 F2400
G1 X105.9007 Y114.6589 Z1.5171 E0.02246 F2400
G1 X105.8144 Y115.0495 Z1.5251 E0.02246 F2400
G1 X105.7412 Y115.4428 Z1.5330 E0.02246 F2400
G1 X105.6812 Y115.8383 Z1.5408 E0.02246 F2400
G1 X105.6346 Y116.2356 Z1.5483 E0.02246 F2400
G1 X105.6013 Y116.6342 Z1.5558 E0.02246 F2400
G1 X105.5813 Y117.0337 Z1.5631 E0.02246 F2400
G1 X105.5748 Y117.4337 Z1.5703 E0.02246 F2400
G1 X105.5817 Y117.8337 Z1.5774 E0.02246 F2400
G1 X105.6020 Y118.2332 Z1.5844 E0.02246 F2400
G1 X105.6357 Y118.6318 Z1.5913 E0.02246 F2400
G1 X105.6827 Y119.0290 Z1.5981 E0.02246 F2400
G1 X105.7431 Y119.4245 Z1.6047 E0.02246 F2400
G1 X105.8167 Y119.8177 Z1.6113 E0.02246 F2400
G1 X105.9035 Y120.2082 Z1.6178 E0.02246 F2400
G1 X106.0033 Y120.5956 Z1.6243 E0.02246 F2400
G1 X106.1161 Y120.9794 Z1.6306 E0.02246 F2400
G1 X106.2417 Y121.3592 Z1.6368 E0.02245 F2400
G1 X106.3800 Y121.7345 Z1.6430 E0.02245 F2400
G1 X106.5309 Y122.1050 Z1.6491 E0.02245 F2400
G1 X106.6941 Y122.4702 Z1.6552 E0.02245 F2400
G1 X106.8695 Y122.8297 Z1.6611 E0.02245 F2400
G1 X107.0569 Y123.1831 Z1.6671 E0.02245 F2400
G1 X107.2561 Y123.5301 Z1.6729 E0.02245 F2400
G1 X107.4669 Y123.8701 Z1.6787 E0.02245 F2400
G1 X107.6890 Y124.2028 Z1.6844 E0.02245 F2400
G1 X107.9221 Y124.5278 Z1.6901 E0.02245 F2400
G1 X108.1661 Y124.8449 Z1.6957 E0.02245 F2400
G1 X108.4206 Y125.1535 Z1.7012 E0.02245 F2400
G1 X108.6853 Y125.4534 Z1.7067 E0.02245 F2400
G1 X108.9600 Y125.7442 Z1.7122 E0.02245 F2400
G1 X109.2444 Y126.0255 Z1.7176 E0.02245 F2400
G1 X109.5381 Y126.2972 Z1.7229 E0.02245 F2400
G1 X109.8407 Y126.5587 Z1.7282 E0.02245 F2400
G1 X110.1520 Y126.8100 Z1.7335 E0.02245 F2400
G1 X110.4716 Y127.0505 Z1.7387 E0.02245 F2400
G1 X110.7992 Y127.2802 Z1.7438 E0.02245 F2400
G1 X111.1343 Y127.4987 Z1.7490 E0.02245 F2400
G1 X111.4765 Y127.7057 Z1.7540 E0.02245 F2400
G1 X111.8256 Y127.9011 Z1.7591 E0.02245 F2400
G1 X112.1811 Y128.0846 Z1.7641 E0.02245 F2400
G1 X112.5426 Y128.2560 Z1.7690 E0.02245 F2400
G1 X112.9096 Y128.4150 Z1.7740 E0.02245 F2400
G1 X113.2818 Y128.5616 Z1.7789 E0.02245 F2400
G1 X113.6587 Y128.6955 Z1.7837 E0.02245 F2400
G1 X114.0400 Y128.8166 Z1.7885 E0.02245 F2400
G1 X114.4251 Y128.9248 Z1.7933 E0.02245 F2400
G1 X114.8137 Y129.0198 Z1.7980 E0.02245 F2400
G1 X115.2053 Y129.1017 Z1.8028 E0.02245 F2400
G1 X115.5994 Y129.1703 Z1.8074 E0.02245 F2400
G1 X115.9956 Y129.2255 Z1.8121 E0.02245 F2400
G1 X116.3934 Y129.2673 Z1.8167 E0.02245 F2400
G1 X116.7924 Y129.2956 Z1.8213 E0.02245 F2400
G1 X117.1922 Y129.3104 Z1.8259 E0.02245 F2400
G1 X117.5922 Y129.3116 Z1.8304 E0.02245 F2400
G1 X117.9921 Y129.2993 Z1.8349 E0.02245 F2400
G1 X118.3913 Y129.2734 Z1.8393 E0.02245 F2400
G1 X118.7893 Y129.2340 Z1.8438 E0.02245 F2400
G1 X119.1859 Y129.1812 Z1.8482 E0.02245 F2400
G1 X119.5804 Y129.1150 Z1.8526 E0.02245 F2400
G1 X119.9724 Y129.0354 Z1.8570 E0.02245 F2400
G1 X120.3615 Y128.9426 Z1.8613 E0.02245 F2400
G1 X120.7473 Y128.8366 Z1.8656 E0.02245 F2400
G1 X121.1292 Y128.7176 Z1.8699 E0.02245 F2400
G1 X121.5069 Y128.5858 Z1.8742 E0.02245 F2400
G1 X121.8798 Y128.4411 Z1.8784 E0.02245 F2400
G1 X122.2477 Y128.2840 Z1.8826 E0.02245 F2400
G1 X122.6100 Y128.1144 Z1.8868 E0.02245 F2400
G1 X122.9663 Y127.9326 Z1.8910 E0.02245 F2400
G1 X123.3163 Y127.7388 Z1.8951 E0.02245 F2400
G1 X123.6595 Y127.5332 Z1.8992 E0.02245 F2400
G1 X123.9955 Y127.3162 Z1.9033 E0.02245 F2400
G1 X124.3239 Y127.0878 Z1.9074 E0.02245 F2400
G1 X124.6444 Y126.8483 Z1.9115 E0.02245 F2400
G1 X124.9565 Y126.5982 Z1.9155 E0.02245 F2400
G1 X125.2600 Y126.3375 Z1.9195 E0.02245 F2400
G1 X125.5544 Y126.0667 Z1.9235 E0.02245 F2400
G1 X125.8394 Y125.7860 Z1.9275 E0.02245 F2400
G1 X126.1147 Y125.4958 Z1.9315 E0.02245 F2400
G1 X126.3800 Y125.1964 Z1.9354 E0.02245 F2400
G1 X126.6350 Y124.8881 Z1.9393 E0.02245 F2400
G1 X126.8793 Y124.5714 Z1.9432 E0.02245 F2400
G1 X127.1126 Y124.2465 Z1.9471 E0.02245 F2400
G1 X127.3348 Y123.9138 Z1.9510 E0.02245 F2400
G1 X127.5455 Y123.5738 Z1.9548 E0.02245 F2400
G1 X127.7445 Y123.2267 Z1.9586 E0.02245 F2400
G1 X127.9316 Y122.8731 Z1.9624 E0.02245 F2400
G1 X128.1065 Y122.5134 Z1.9662 E0.02245 F2400
G1 X128.2690 Y122.1478 Z1.9700 E0.02245 F2400
G1 X128.4190 Y121.7770 Z1.9738 E0.02245 F2400
G1 X128.5562 Y121.4012 Z1.9775 E0.02245 F2400
G1 X128.6805 Y121.0210 Z1.9812 E0.02245 F2400
G1 X128.7918 Y120.6368 Z1.9849 E0.02245 F2400
G1 X128.8899 Y120.2490 Z1.9886 E0.02245 F2400
G1 X128.9747 Y119.8580 Z1.9923 E0.02245 F2400
G1 X129.0461 Y119.4644 Z1.9960 E0.02245 F2400
G1 X129.1041 Y119.0686 Z1.9996 E0.02245 F2400
G1 X129.1485 Y118.6711 Z2.0033 E0.02245 F2400
G1 X129.1792 Y118.2722 Z2.0069 E0.02245 F2400
G1 X129.1963 Y117.8726 Z2.0105 E0.02245 F2400
G1 X129.1998 Y117.4725 Z2.0141 E0.02245 F2400
G1 X129.1896 Y117.0726 Z2.0176 E0.02245 F2400
G1 X129.1657 Y116.6733 Z2.0212 E0.02245 F2400
G1 X129.1281 Y116.2751 Z2.0247 E0.02245 F2400
G1 X129.0770 Y115.8783 Z2.0283 E0.02245 F2400
G1 X129.0123 Y115.4835 Z2.0318 E0.02245 F2400
G1 X128.9342 Y115.0912 Z2.0353 E0.02245 F2400
G1 X128.8426 Y114.7018 Z2.0388 E0.02245 F2400
G1 X128.7378 Y114.3158 Z2.0423 E0.02245 F2400
G1 X128.6198 Y113.9335 Z2.0457 E0.02245 F2400
G1 X128.4888 Y113.5555 Z2.0492 E0.02245 F2400
G1 X128.3450 Y113.1823 Z2.0526 E0.02245 F2400
G1 X128.1884 Y112.8142 Z2.0560 E0.02245 F2400
G1 X128.0193 Y112.4516 Z2.0595 E0.02245 F2400
G1 X127.8378 Y112.0951 Z2.0629 E0.02245 F2400
G1 X127.6443 Y111.7450 Z2.0662 E0.02245 F2400
G1 X127.4389 Y111.4018 Z2.0696 E0.02245 F2400
G1 X127.2218 Y111.0658 Z2.0730 E0.02245 F2400
G1 X126.9933 Y110.7374 Z2.0763 E0.02245 F2400
G1 X126.7536 Y110.4171 Z2.0797 E0.02245 F2400
G1 X126.5032 Y110.1052 Z2.0830 E0.02245 F2400
G1 X126.2421 Y109.8021 Z2.0863 E0.02245 F2400
G1 X125.9708 Y109.5081 Z2.0896 E0.02245 F2400
G1 X125.6896 Y109.2236 Z2.0929 E0.02245 F2400
G1 X125.3988 Y108.9490 Z2.0962 E0.02245 F2400
G1 X125.0987 Y108.6845 Z2.0995 E0.02245 F2400
G1 X124.7896 Y108.4304 Z2.1027 E0.02245 F2400
G1 X124.4721 Y108.1872 Z2.1060 E0.02245 F2400
G1 X124.1463 Y107.9550 Z2.1092 E0.02245 F2400
G1 X123.8128 Y107.7341 Z2.1125 E0.02245 F2400
G1 X123.4719 Y107.5248 Z2.1157 E0.02245 F2400
G1 X123.1239 Y107.3274 Z2.1189 E0.02245 F2400
G1 X122.7694 Y107.1421 Z2.1221 E0.02245 F2400
G1 X122.4087 Y106.9691 Z2.1253 E0.02245 F2400
G1 X122.0423 Y106.8086 Z2.1284 E0.02245 F2400
G1 X121.6706 Y106.6609 Z2.1316 E0.02245 F2400
G1 X121.2940 Y106.5260 Z2.1348 E0.02245 F2400
G1 X120.9129 Y106.4042 Z2.1379 E0.02245 F2400
G1 X120.5279 Y106.2955 Z2.1411 E0.02245 F2400
G1 X120.1394 Y106.2002 Z2.1442 E0.02245 F2400
G1 X119.7479 Y106.1184 Z2.1473 E0.02245 F2400
G1 X119.3537 Y106.0501 Z2.1504 E0.02245 F2400
G1 X118.9574 Y105.9954 Z2.1535 E0.02245 F2400
G1 X118.5595 Y105.9545 Z2.1566 E0.02245 F2400
G1 X118.1604 Y105.9272 Z2.1597 E0.02245 F2400
G1 X117.7606 Y105.9138 Z2.1628 E0.02245 F2400
G1 X117.3606 Y105.9142 Z2.1658 E0.02245 F2400
G1 X116.9608 Y105.9284 Z2.1689 E0.02245 F2400
G1 X116.5617 Y105.9564 Z2.1719 E0.02245 F2400
G1 X116.1639 Y105.9981 Z2.1750 E0.02245 F2400
G1 X115.7677 Y106.0536 Z2.1780 E0.02245 F2400
G1 X115.3737 Y106.1227 Z2.1810 E0.02245 F2400
G1 X114.9823 Y106.2054 Z2.1840 E0.02245 F2400
G1 X114.5940 Y106.3016 Z2.1870 E0.02245 F2400
G1 X114.2093 Y106.4111 Z2.1900 E0.02245 F2400
G1 X113.8286 Y106.5339 Z2.1930 E0.02245 F2400
G1 X113.4523 Y106.6698 Z2.1960 E0.02245 F2400
G1 X113.0810 Y106.8186 Z2.1989 E0.02245 F2400
G1 X112.7150 Y106.9802 Z2.2019 E0.02245 F2400
G1 X112.3549 Y107.1543 Z2.2049 E0.02245 F2400
G1 X112.0010 Y107.3408 Z2.2078 E0.02245 F2400
G1 X111.6538 Y107.5395 Z2.2107 E0.02245 F2400
G1 X111.3136 Y107.7500 Z2.2137 E0.02245 F2400
G1 X110.9810 Y107.9722 Z2.2166 E0.02245 F2400
G1 X110.6563 Y108.2058 Z2.2195 E0.02245 F2400
G1 X110.3398 Y108.4505 Z2.2224 E0.02245 F2400
G1 X110.0320 Y108.7060 Z2.2253 E0.02245 F2400
G1 X109.7333 Y108.9721 Z2.2282 E0.02245 F2400
G1 X109.4440 Y109.2483 Z2.2311 E0.02245 F2400
G1 X109.1644 Y109.5345 Z2.2339 E0.02245 F2400
G1 X108.8949 Y109.8301 Z2.2368 E0.02245 F2400
G1 X108.6358 Y110.1349 Z2.2397 E0.02245 F2400
G1 X108.3875 Y110.4485 Z2.2425 E0.02245 F2400
G1 X108.1502 Y110.7706 Z2.2454 E0.02245 F2400
G1 X107.9243 Y111.1007 Z2.2482 E0.02245 F2400
G1 X107.7099 Y111.4384 Z2.2510 E0.02245 F2400
G1 X107.5074 Y111.7834 Z2.2539 E0.02245 F2400
G1 X107.3170 Y112.1352 Z2.2567 E0.02245 F2400
G1 X107.1390 Y112.4935 Z2.2595 E0.02245 F2400
G1 X106.9735 Y112.8577 Z2.2623 E0.02245 F2400
G1 X106.8207 Y113.2274 Z2.2651 E0.02245 F2400
G1 X106.6810 Y113.6022 Z2.2679 E0.02245 F2400
G1 X106.5543 Y113.9817 Z2.2707 E0.02245 F2400
G1 X106.4409 Y114.3653 Z2.2734 E0.02245 F2400
G1 X106.3409 Y114.7526 Z2.2762 E0.02245 F2400
G1 X106.2545 Y115.1432 Z2.2790 E0.02245 F2400
G1 X106.1817 Y115.5366 Z2.2817 E0.02245 F2400
G1 X106.1227 Y115.9322 Z2.2845 E0.02245 F2400
G1 X106.0775 Y116.3297 Z2.2872 E0.02245 F2400
G1 X106.0461 Y116.7285 Z2.2899 E0.02245 F2400
G1 X106.0287 Y117.1281 Z2.2927 E0.02245 F2400
G1 X106.0252 Y117.5281 Z2.2954 E0.02245 F2400
G1 X106.0357 Y117.9280 Z2.2981 E0.02245 F2400
G1 X106.0600 Y118.3273 Z2.3008 E0.02245 F2400
G1 X106.0983 Y118.7255 Z2.3035 E0.02245 F2400
G1 X106.1505 Y119.1221 Z2.3062 E0.02245 F2400
G1 X106.2165 Y119.5167 Z2.3089 E0.02245 F2400
G1 X106.2962 Y119.9087 Z2.3116 E0.02245 F2400
G1 X106.3895 Y120.2977 Z2.3143 E0.02245 F2400
G1 X106.4963 Y120.6832 Z2.3170 E0.02245 F2400
G1 X106.6166 Y121.0647 Z2.3196 E0.02245 F2400
G1 X106.7501 Y121.4418 Z2.3223 E0.02245 F2400
G1 X106.8967 Y121.8140 Z2.3249 E0.02245 F2400
G1 X107.0562 Y122.1809 Z2.3276 E0.02245 F2400
G1 X107.2284 Y122.5419 Z2.3302 E0.02245 F2400
G1 X107.4132 Y122.8968 Z2.3329 E0.02245 F2400
G1 X107.6102 Y123.2449 Z2.3355 E0.02245 F2400
G1 X107.8193 Y123.5859 Z2.3381 E0.02245 F2400
G1 X108.0402 Y123.9194 Z2.3408 E0.02245 F2400
G1 X108.2726 Y124.2450 Z2.3434 E0.02245 F2400
G1 X108.5163 Y124.5623 Z2.3460 E0.02245 F2400
G1 X108.7709 Y124.8708 Z2.3486 E0.02245 F2400
G1 X109.0362 Y125.1702 Z2.3512 E0.02245 F2400
G1 X109.3118 Y125.4602 Z2.3538 E0.02245 F2400
G1 X109.5974 Y125.7403 Z2.3564 E0.02245 F2400
G1 X109.8926 Y126.0102 Z2.3589 E0.02245 F2400
G1 X110.1971 Y126.2696 Z2.3615 E0.02245 F2400
G1 X110.5105 Y126.5182 Z2.3641 E0.02245 F2400
G1 X110.8324 Y126.7557 Z2.3667 E0.02245 F2400
G1 X111.1625 Y126.9817 Z2.3692 E0.02245 F2400
G1 X111.5003 Y127.1960 Z2.3718 E0.02245 F2400
G1 X111.8454 Y127.3984 Z2.3743 E0.02245 F2400
G1 X112.1974 Y127.5885 Z2.3769 E0.02245 F2400
G1 X112.5558 Y127.7661 Z2.3794 E0.02245 F2400
G1 X112.9202 Y127.9310 Z2.3820 E0.02245 F2400
G1 X113.2902 Y128.0831 Z2.3845 E0.02245 F2400
G1 X113.6654 Y128.2220 Z2.3870 E0.02245 F2400
G1 X114.0451 Y128.3477 Z2.3895 E0.02245 F2400
G1 X114.4291 Y128.4600 Z2.3920 E0.02245 F2400
G1 X114.8168 Y128.5587 Z2.3946 E0.02245 F2400
G1 X115.2077 Y128.6437 Z2.3971 E0.02245 F2400
G1 X115.6013 Y128.7149 Z2.3996 E0.02245 F2400
G1 X115.9972 Y128.7723 Z2.4021 E0.02245 F2400
G1 X116.3949 Y128.8156 Z2.4045 E0.02245 F2400
G1 X116.7938 Y128.8450 Z2.4070 E0.02245 F2400
G1 X117.1936 Y128.8603 Z2.4095 E0.02245 F2400
G1 X117.5936 Y128.8615 Z2.4120 E0.02245 F2400
G1 X117.9934 Y128.8487 Z2.4145 E0.02245 F2400
G1 X118.3925 Y128.8217 Z2.4169 E0.02245 F2400
G1 X118.7905 Y128.7808 Z2.4194 E0.02245 F2400
G1 X119.1867 Y128.7258 Z2.4218 E0.02245 F2400
G1 X119.5808 Y128.6569 Z2.4243 E0.02245 F2400
G1 X119.9721 Y128.5742 Z2.4267 E0.02245 F2400
G1 X120.3604 Y128.4777 Z2.4292 E0.02245 F2400
G1 X120.7449 Y128.3676 Z2.4316 E0.02245 F2400
G1 X121.1254 Y128.2440 Z2.4341 E0.02245 F2400
G1 X121.5013 Y128.1071 Z2.4365 E0.02245 F2400
G1 X121.8721 Y127.9569 Z2.4389 E0.02245 F2400
G1 X122.2373 Y127.7938 Z2.4413 E0.02245 F2400
G1 X122.5966 Y127.6179 Z2.4438 E0.02245 F2400
G1 X122.9495 Y127.4295 Z2.4462 E0.02245 F2400
G1 X123.2954 Y127.2286 Z2.4486 E0.02245 F2400
G1 X123.6341 Y127.0157 Z2.4510 E0.02245 F2400
G1 X123.9650 Y126.7910 Z2.4534 E0.02245 F2400
G1 X124.2878 Y126.5547 Z2.4558 E0.02245 F2400
G1 X124.6020 Y126.3071 Z2.4582 E0.02245 F2400
G1 X124.9073 Y126.0486 Z2.4605 E0.02245 F2400
G1 X125.2033 Y125.7795 Z2.4629 E0.02245 F2400
G1 X125.4895 Y125.5000 Z2.4653 E0.02245 F2400
G1 X125.7657 Y125.2106 Z2.4677 E0.02245 F2400
G1 X126.0314 Y124.9116 Z2.4700 E0.02245 F2400
G1 X126.2865 Y124.6034 Z2.4724 E0.02245 F2400
G1 X126.5304 Y124.2864 Z2.4748 E0.02245 F2400
G1 X126.7630 Y123.9609 Z2.4771 E0.02245 F2400
G1 X126.9839 Y123.6274 Z2.4795 E0.02245 F2400
G1 X127.1928 Y123.2862 Z2.4818 E0.02245 F2400
G1 X127.3895 Y122.9379 Z2.4842 E0.02245 F2400
G1 X127.5738 Y122.5829 Z2.4865 E0.02245 F2400
G1 X127.7453 Y122.2215 Z2.4888 E0.02245 F2400
G1 X127.9040 Y121.8542 Z2.4912 E0.02245 F2400
G1 X128.0495 Y121.4816 Z2.4935 E0.02245 F2400
G1 X128.1817 Y121.1041 Z2.4958 E0.02245 F2400
G1 X128.3004 Y120.7220 Z2.4982 E0.02245 F2400
G1 X128.4055 Y120.3361 Z2.5005 E0.02245 F2400
G1 X128.4968 Y119.9466 Z2.5028 E0.02245 F2400
G1 X128.5742 Y119.5541 Z2.5051 E0.02245 F2400
G1 X128.6377 Y119.1592 Z2.5074 E0.02245 F2400
G1 X128.6871 Y118.7622 Z2.5097 E0.02245 F2400
G1 X128.7223 Y118.3637 Z2.5120 E0.02245 F2400
G1 X128.7434 Y117.9642 Z2.5143 E0.02245 F2400
G1 X128.7502 Y117.5643 Z2.5166 E0.02245 F2400
G1 X128.7429 Y117.1643 Z2.5189 E0.02245 F2400
G1 X128.7213 Y116.7648 Z2.5211 E0.02245 F2400
G1 X128.6855 Y116.3664 Z2.5234 E0.02245 F2400
G1 X128.6355 Y115.9695 Z2.5257 E0.02245 F2400
G1 X128.5715 Y115.5746 Z2.5280 E0.02245 F2400
G1 X128.4935 Y115.1823 Z2.5302 E0.02245 F2400
G1 X128.4015 Y114.7930 Z2.5325 E0.02245 F2400
G1 X128.2957 Y114.4072 Z2.5348 E0.02245 F2400
G1 X128.1763 Y114.0254 Z2.5370 E0.02245 F2400
G1 X128.0433 Y113.6481 Z2.5393 E0.02245 F2400
G1 X127.8970 Y113.2758 Z2.5415 E0.02245 F2400
G1 X127.7375 Y112.9089 Z2.5438 E0.02245 F2400
G1 X127.5650 Y112.5480 Z2.5460 E0.02245 F2400
G1 X127.3798 Y112.1934 Z2.5482 E0.02245 F2400
G1 X127.1820 Y111.8457 Z2.5505 E0.02245 F2400
G1 X126.9720 Y111.5053 Z2.5527 E0.02245 F2400
G1 X126.7499 Y111.1725 Z2.5549 E0.02245 F2400
G1 X126.5161 Y110.8479 Z2.5572 E0.02245 F2400
G1 X126.2709 Y110.5319 Z2.5594 E0.02245 F2400
G1 X126.0145 Y110.2248 Z2.5616 E0.02245 F2400
G1 X125.7473 Y109.9270 Z2.5638 E0.02245 F2400
G1 X125.4697 Y109.6390 Z2.5660 E0.02245 F2400
G1 X125.1820 Y109.3611 Z2.5682 E0.02245 F2400
G1 X124.8845 Y109.0937 Z2.5704 E0.02245 F2400
G1 X124.5776 Y108.8371 Z2.5726 E0.02245 F2400
G1 X124.2618 Y108.5916 Z2.5748 E0.02245 F2400
G1 X123.9373 Y108.3575 Z2.5770 E0.02245 F2400
G1 X123.6048 Y108.1352 Z2.5792 E0.02245 F2400
G1 X123.2644 Y107.9250 Z2.5814 E0.02245 F2400
G1 X122.9168 Y107.7270 Z2.5836 E0.02245 F2400
G1 X122.5623 Y107.5417 Z2.5858 E0.02245 F2400
G1 X122.2014 Y107.3691 Z2.5879 E0.02245 F2400
G1 X121.8346 Y107.2096 Z2.5901 E0.02245 F2400
G1 X121.4622 Y107.0633 Z2.5923 E0.02245 F2400
G1 X121.0849 Y106.9305 Z2.5945 E0.02245 F2400
G1 X120.7030 Y106.8113 Z2.5966 E0.02245 F2400
G1 X120.3172 Y106.7058 Z2.5988 E0.02245 F2400
G1 X119.9278 Y106.6142 Z2.6009 E0.02245 F2400
G1 X119.5353 Y106.5367 Z2.6031 E0.02245 F2400
G1 X119.1403 Y106.4733 Z2.6053 E0.02245 F2400
G1 X118.7433 Y106.4241 Z2.6074 E0.02245 F2400
G1 X118.3448 Y106.3891 Z2.6095 E0.02245 F2400
G1 X117.9453 Y106.3685 Z2.6117 E0.02245 F2400
G1 X117.5453 Y106.3623 Z2.6138 E0.02245 F2400
G1 X117.1454 Y106.3704 Z2.6160 E0.02245 F2400
G1 X116.7460 Y106.3929 Z2.6181 E0.02245 F2400
G1 X116.3477 Y106.4297 Z2.6202 E0.02245 F2400
G1 X115.9509 Y106.4809 Z2.6224 E0.02245 F2400
G1 X115.5562 Y106.5462 Z2.6245 E0.02245 F2400
G1 X115.1642 Y106.6257 Z2.6266 E0.02245 F2400
G1 X114.7752 Y106.7192 Z2.6287 E0.02245 F2400
G1 X114.3899 Y106.8267 Z2.6308 E0.02245 F2400
G1 X114.0087 Y106.9480 Z2.6330 E0.02245 F2400
G1 X113.6321 Y107.0829 Z2.6351 E0.02245 F2400
G1 X113.2606 Y107.2312 Z2.6372 E0.02245 F2400
G1 X112.8947 Y107.3929 Z2.6393 E0.02245 F2400
G1 X112.5348 Y107.5676 Z2.6414 E0.02245 F2400
G1 X112.1815 Y107.7552 Z2.6435 E0.02245 F2400
G1 X111.8351 Y107.9554 Z2.6456 E0.02245 F2400
G1 X111.4962 Y108.1679 Z2.6477 E0.02245 F2400
G1 X111.1652 Y108.3925 Z2.6497 E0.02245 F2400
G1 X110.8425 Y108.6289 Z2.6518 E0.02245 F2400
G1 X110.5285 Y108.8768 Z2.6539 E0.02245 F2400
G1 X110.2237 Y109.1358 Z2.6560 E0.02245 F2400
G1 X109.9284 Y109.4057 Z2.6581 E0.02245 F2400
G1 X109.6430 Y109.6860 Z2.6602 E0.02245 F2400
G1 X109.3680 Y109.9765 Z2.6622 E0.02245 F2400
G1 X109.1036 Y110.2767 Z2.6643 E0.02245 F2400
G1 X108.8502 Y110.5863 Z2.6664 E0.02245 F2400
G1 X108.6082 Y110.9048 Z2.6684 E0.02245 F2400
G1 X108.3779 Y111.2318 Z2.6705 E0.02245 F2400
G1 X108.1595 Y111.5670 Z2.6725 E0.02245 F2400
G1 X107.9533 Y111.9098 Z2.6746 E0.02245 F2400
G1 X107.7597 Y112.2599 Z2.6767 E0.02245 F2400
G1 X107.5789 Y112.6167 Z2.6787 E0.02245 F2400
G1 X107.4111 Y112.9799 Z2.6808 E0.02245 F2400
G1 X107.2566 Y113.3489 Z2.6828 E0.02245 F2400
G1 X107.1155 Y113.7232 Z2.6848 E0.02245 F2400
G1 X106.9881 Y114.1024 Z2.6869 E0.02245 F2400
G1 X106.8744 Y114.4859 Z2.6889 E0.02245 F2400
G1 X106.7748 Y114.8734 Z2.6909 E0.02245 F2400
G1 X106.6892 Y115.2641 Z2.6930 E0.02245 F2400
G1 X106.6178 Y115.6577 Z2.6950 E0.02245 F2400
G1 X106.5608 Y116.0537 Z2.6970 E0.02245 F2400
G1 X106.5181 Y116.4514 Z2.6991 E0.02245 F2400
G1 X106.4899 Y116.8505 Z2.7011 E0.02245 F2400
G1 X106.4762 Y117.2503 Z2.7031 E0.02245 F2400
G1 X106.4770 Y117.6503 Z2.7051 E0.02245 F2400
G1 X106.4923 Y118.0501 Z2.7071 E0.02245 F2400
G1 X106.5221 Y118.4490 Z2.7091 E0.02245 F2400
G1 X106.5664 Y118.8466 Z2.7111 E0.02245 F2400
G1 X106.6251 Y119.2423 Z2.7132 E0.02245 F2400
G1 X106.6981 Y119.6356 Z2.7152 E0.02245 F2400
G1 X106.7853 Y120.0260 Z2.7172 E0.02245 F2400
G1 X106.8867 Y120.4130 Z2.7192 E0.02245 F2400
G1 X107.0020 Y120.7960 Z2.7212 E0.02245 F2400
G1 X107.1313 Y121.1746 Z2.7231 E0.02245 F2400
G1 X107.2742 Y121.5482 Z2.7251 E0.02245 F2400
G1 X107.4305 Y121.9164 Z2.7271 E0.02245 F2400
G1 X107.6002 Y122.2787 Z2.7291 E0.02245 F2400
G1 X107.7830 Y122.6345 Z2.7311 E0.02245 F2400
G1 X107.9785 Y122.9835 Z2.7331 E0.02245 F2400
G1 X108.1867 Y123.3251 Z2.7351 E0.02245 F2400
G1 X108.4072 Y123.6589 Z2.7370 E0.02245 F2400
G1 X108.6396 Y123.9845 Z2.7390 E0.02245 F2400
G1 X108.8838 Y124.3014 Z2.7410 E0.02245 F2400
G1 X109.1393 Y124.6091 Z2.7429 E0.02245 F2400
G1 X109.4059 Y124.9074 Z2.7449 E0.02245 F2400
G1 X109.6832 Y125.1957 Z2.7469 E0.02245 F2400
G1 X109.9709 Y125.4737 Z2.7488 E0.02245 F2400
G1 X110.2684 Y125.7411 Z2.7508 E0.02245 F2400
G1 X110.5756 Y125.9974 Z2.7528 E0.02245 F2400
G1 X110.8918 Y126.2423 Z2.7547 E0.02245 F2400
G1 X111.2168 Y126.4756 Z2.7567 E0.02245 F2400
G1 X111.5501 Y126.6968 Z2.7586 E0.02245 F2400
G1 X111.8913 Y126.9057 Z2.7606 E0.02245 F2400
G1 X112.2399 Y127.1020 Z2.7625 E0.02245 F2400
G1 X112.5954 Y127.2854 Z2.7644 E0.02245 F2400
G1 X112.9573 Y127.4557 Z2.7664 E0.02245 F2400
G1 X113.3253 Y127.6127 Z2.7683 E0.02245 F2400
G1 X113.6987 Y127.7561 Z2.7703 E0.02245 F2400
G1 X114.0771 Y127.8858 Z2.7722 E0.02245 F2400
G1 X114.4601 Y128.0015 Z2.7741 E0.02245 F2400
G1 X114.8470 Y128.1032 Z2.7761 E0.02245 F2400
G1 X115.2373 Y128.1906 Z2.7780 E0.02245 F2400
G1 X115.6306 Y128.2637 Z2.7799 E0.02245 F2400
G1 X116.0264 Y128.3223 Z2.7818 E0.02245 F2400
G1 X116.4240 Y128.3664 Z2.7837 E0.02245 F2400
G1 X116.8229 Y128.3959 Z2.7857 E0.02245 F2400
G1 X117.2227 Y128.4108 Z2.7876 E0.02245 F2400
G1 X117.6227 Y128.4110 Z2.7895 E0.02245 F2400
G1 X118.0225 Y128.3966 Z2.7914 E0.02245 F2400
G1 X118.4214 Y128.3674 Z2.7933 E0.02245 F2400
G1 X118.8191 Y128.3237 Z2.7952 E0.02245 F2400
G1 X119.2148 Y128.2655 Z2.7971 E0.02245 F2400
G1 X119.6082 Y128.1927 Z2.7990 E0.02245 F2400
G1 X119.9986 Y128.1056 Z2.8009 E0.02245 F2400
G1 X120.3856 Y128.0042 Z2.8028 E0.02245 F2400
G1 X120.7686 Y127.8886 Z2.8047 E0.02245 F2400
G1 X121.1471 Y127.7591 Z2.8066 E0.02245 F2400
G1 X121.5205 Y127.6157 Z2.8085 E0.02245 F2400
G1 X121.8885 Y127.4587 Z2.8104 E0.02245 F2400
G1 X122.2504 Y127.2883 Z2.8123 E0.02245 F2400
G1 X122.6058 Y127.1047 Z2.8142 E0.02245 F2400
G1 X122.9542 Y126.9082 Z2.8161 E0.02245 F2400
G1 X123.2952 Y126.6990 Z2.8179 E0.02245 F2400
G1 X123.6282 Y126.4774 Z2.8198 E0.02245 F2400
G1 X123.9529 Y126.2436 Z2.8217 E0.02245 F2400
G1 X124.2687 Y125.9981 Z2.8236 E0.02245 F2400
G1 X124.5753 Y125.7411 Z2.8254 E0.02245 F2400
G1 X124.8722 Y125.4730 Z2.8273 E0.02245 F2400
G1 X125.1591 Y125.1942 Z2.8292 E0.02245 F2400
G1 X125.4354 Y124.9050 Z2.8311 E0.02245 F2400
G1 X125.7009 Y124.6058 Z2.8329 E0.02245 F2400
G1 X125.9552 Y124.2970 Z2.8348 E0.02245 F2400
G1 X126.1980 Y123.9790 Z2.8366 E0.02245 F2400
G1 X126.4289 Y123.6523 Z2.8385 E0.02245 F2400
G1 X126.6475 Y123.3173 Z2.8404 E0.02245 F2400
G1 X126.8536 Y122.9745 Z2.8422 E0.02245 F2400
G1 X127.0470 Y122.6243 Z2.8441 E0.02245 F2400
G1 X127.2273 Y122.2672 Z2.8459 E0.02245 F2400
G1 X127.3943 Y121.9037 Z2.8478 E0.02245 F2400
G1 X127.5477 Y121.5342 Z2.8496 E0.02245 F2400
G1 X127.6874 Y121.1594 Z2.8515 E0.02245 F2400
G1 X127.8131 Y120.7796 Z2.8533 E0.02245 F2400
G1 X127.9248 Y120.3955 Z2.8551 E0.02245 F2400
G1 X128.0221 Y120.0075 Z2.8570 E0.02245 F2400
G1 X128.1050 Y119.6161 Z2.8588 E0.02245 F2400
G1 X128.1734 Y119.2220 Z2.8607 E0.02245 F2400
G1 X128.2272 Y118.8256 Z2.8625 E0.02245 F2400
G1 X128.2663 Y118.4274 Z2.8643 E0.02245 F2400
G1 X128.2906 Y118.0281 Z2.8661 E0.02245 F2400
G1 X128.3001 Y117.6282 Z2.8680 E0.02245 F2400
G1 X128.2948 Y117.2282 Z2.8698 E0.02245 F2400
G1 X128.2747 Y116.8287 Z2.8716 E0.02245 F2400
G1 X128.2397 Y116.4302 Z2.8734 E0.02245 F2400
G1 X128.1901 Y116.0332 Z2.8753 E0.02245 F2400
G1 X128.1257 Y115.6384 Z2.8771 E0.02245 F2400
G1 X128.0468 Y115.2462 Z2.8789 E0.02245 F2400
G1 X127.9534 Y114.8573 Z2.8807 E0.02245 F2400
G1 X127.8456 Y114.4720 Z2.8825 E0.02245 F2400
G1 X127.7236 Y114.0911 Z2.8843 E0.02245 F2400
G1 X127.5875 Y113.7149 Z2.8861 E0.02245 F2400
G1 X127.4376 Y113.3440 Z2.8880 E0.02245 F2400
G1 X127.2740 Y112.9789 Z2.8898 E0.02245 F2400
G1 X127.0969 Y112.6202 Z2.8916 E0.02245 F2400
G1 X126.9067 Y112.2683 Z2.8934 E0.02245 F2400
G1 X126.7035 Y111.9237 Z2.8952 E0.02245 F2400
G1 X126.4876 Y111.5869 Z2.8970 E0.02245 F2400
G1 X126.2594 Y111.2584 Z2.8988 E0.02245 F2400
G1 X126.0191 Y110.9386 Z2.9005 E0.02245 F2400
G1 X125.7671 Y110.6279 Z2.9023 E0.02245 F2400
G1 X125.5036 Y110.3269 Z2.9041 E0.02245 F2400
G1 X125.2292 Y110.0358 Z2.9059 E0.02245 F2400
G1 X124.9441 Y109.7552 Z2.9077 E0.02245 F2400
G1 X124.6488 Y109.4853 Z2.9095 E0.02245 F2400
G1 X124.3436 Y109.2267 Z2.9113 E0.02245 F2400
G1 X124.0290 Y108.9796 Z2.9131 E0.02245 F2400
G1 X123.7054 Y108.7444 Z2.9148 E0.02245 F2400
G1 X123.3733 Y108.5214 Z2.9166 E0.02245 F2400
G1 X123.0331 Y108.3110 Z2.9184 E0.02245 F2400
G1 X122.6853 Y108.1133 Z2.9202 E0.02245 F2400
G1 X122.3303 Y107.9288 Z2.9219 E0.02245 F2400
G1 X121.9688 Y107.7577 Z2.9237 E0.02245 F2400
G1 X121.6010 Y107.6002 Z2.9255 E0.02245 F2400
G1 X121.2277 Y107.4565 Z2.9272 E0.02245 F2400
G1 X120.8493 Y107.3269 Z2.9290 E0.02245 F2400
G1 X120.4662 Y107.2115 Z2.9308 E0.02245 F2400
G1 X120.0792 Y107.1104 Z2.9325 E0.02245 F2400
G1 X119.6886 Y107.0239 Z2.9343 E0.02245 F2400
G1 X119.2951 Y106.9521 Z2.9361 E0.02245 F2400
G1 X118.8991 Y106.8950 Z2.9378 E0.02245 F2400
G1 X118.5013 Y106.8528 Z2.9396 E0.02245 F2400
G1 X118.1022 Y106.8254 Z2.9413 E0.02245 F2400
G1 X117.7024 Y106.8131 Z2.9431 E0.02245 F2400
G1 X117.3023 Y106.8157 Z2.9448 E0.02245 F2400
G1 X116.9027 Y106.8332 Z2.9466 E0.02245 F2400
G1 X116.5040 Y106.8657 Z2.9483 E0.02245 F2400
G1 X116.1068 Y106.9132 Z2.9501 E0.02245 F2400
G1 X115.7116 Y106.9754 Z2.9518 E0.02245 F2400
G1 X115.3191 Y107.0524 Z2.9535 E0.02245 F2400
G1 X114.9297 Y107.1441 Z2.9553 E0.02245 F2400
G1 X114.5440 Y107.2504 Z2.9570 E0.02245 F2400
G1 X114.1626 Y107.3710 Z2.9588 E0.02245 F2400
G1 X113.7859 Y107.5058 Z2.9605 E0.02245 F2400
G1 X113.4146 Y107.6546 Z2.9622 E0.02245 F2400
G1 X113.0492 Y107.8173 Z2.9640 E0.02245 F2400
G1 X112.6901 Y107.9936 Z2.9657 E0.02245 F2400
G1 X112.3378 Y108.1833 Z2.9674 E0.02245 F2400
G1 X111.9930 Y108.3860 Z2.9691 E0.02245 F2400
G1 X111.6560 Y108.6016 Z2.9709 E0.02245 F2400
G1 X111.3273 Y108.8296 Z2.9726 E0.02245 F2400
G1 X111.0075 Y109.0699 Z2.9743 E0.02245 F2400
G1 X110.6969 Y109.3220 Z2.9760 E0.02245 F2400
G1 X110.3960 Y109.5856 Z2.9778 E0.02245 F2400
G1 X110.1052 Y109.8603 Z2.9795 E0.02245 F2400
G1 X109.8250 Y110.1458 Z2.9812 E0.02245 F2400
G1 X109.5557 Y110.4416 Z2.9829 E0.02245 F2400
G1 X109.2977 Y110.7473 Z2.9846 E0.02245 F2400
G1 X109.0514 Y111.0626 Z2.9863 E0.02245 F2400
G1 X108.8172 Y111.3869 Z2.9880 E0.02245 F2400
G1 X108.5953 Y111.7197 Z2.9897 E0.02245 F2400
G1 X108.3862 Y112.0608 Z2.9915 E0.02245 F2400
G1 X108.1900 Y112.4094 Z2.9932 E0.02245 F2400
G1 X108.0072 Y112.7652 Z2.9949 E0.02245 F2400
G1 X107.8378 Y113.1276 Z2.9966 E0.02245 F2400
G1 X107.6823 Y113.4962 Z2.9983 E0.02245 F2400
G1 X107.5408 Y113.8703 Z3.0000 E0.02245 F2400
G1 X107.4135 Y114.2496 Z3.0017 E0.02245 F2400
G1 X107.3006 Y114.6334 Z3.0034 E0.02245 F2400
G1 X107.2022 Y115.0211 Z3.0050 E0.02245 F2400
G1 X107.1186 Y115.4123 Z3.0067 E0.02245 F2400
G1 X107.0498 Y115.8064 Z3.0084 E0.02245 F2400
G1 X106.9960 Y116.2028 Z3.0101 E0.02245 F2400
G1 X106.9572 Y116.6010 Z3.0118 E0.02245 F2400
G1 X106.9334 Y117.0003 Z3.0135 E0.02245 F2400
G1 X106.9248 Y117.4002 Z3.0152 E0.02245 F2400
G1 X106.9313 Y117.8002 Z3.0169 E0.02245 F2400
G1 X106.9529 Y118.1997 Z3.0185 E0.02245 F2400
G1 X106.9897 Y118.5980 Z3.0202 E0.02245 F2400
G1 X107.0414 Y118.9947 Z3.0219 E0.02245 F2400
G1 X107.1082 Y119.3891 Z3.0236 E0.02245 F2400
G1 X107.1898 Y119.7807 Z3.0253 E0.02245 F2400
G1 X107.2863 Y120.1690 Z3.0269 E0.02245 F2400
G1 X107.3973 Y120.5533 Z3.0286 E0.02245 F2400
G1 X107.5229 Y120.9331 Z3.0303 E0.02245 F2400
G1 X107.6627 Y121.3079 Z3.0319 E0.02245 F2400
G1 X107.8167 Y121.6771 Z3.0336 E0.02245 F2400
G1 X107.9846 Y122.0402 Z3.0353 E0.02245 F2400
G1 X108.1661 Y122.3967 Z3.0370 E0.02245 F2400
G1 X108.3610 Y122.7461 Z3.0386 E0.02245 F2400
G1 X108.5690 Y123.0877 Z3.0403 E0.02245 F2400
G1 X108.7899 Y123.4213 Z3.0419 E0.02245 F2400
G1 X109.0232 Y123.7462 Z3.0436 E0.02245 F2400
G1 X109.2688 Y124.0620 Z3.0453 E0.02245 F2400
G1 X109.5261 Y124.3683 Z3.0469 E0.02245 F2400
G1 X109.7949 Y124.6646 Z3.0486 E0.02245 F2400
G1 X110.0748 Y124.9504 Z3.0502 E0.02245 F2400
G1 X110.3654 Y125.2254 Z3.0519 E0.02245 F2400
G1 X110.6662 Y125.4891 Z3.0535 E0.02245 F2400
G1 X110.9768 Y125.7412 Z3.0552 E0.02245 F2400
G1 X111.2967 Y125.9813 Z3.0568 E0.02245 F2400
G1 X111.6256 Y126.2090 Z3.0585 E0.02245 F2400
G1 X111.9629 Y126.4241 Z3.0601 E0.02245 F2400
G1 X112.3082 Y126.6261 Z3.0618 E0.02245 F2400
G1 X112.6609 Y126.8148 Z3.0634 E0.02245 F2400
G1 X113.0206 Y126.9900 Z3.0651 E0.02245 F2400
G1 X113.3866 Y127.1514 Z3.0667 E0.02245 F2400
G1 X113.7586 Y127.2986 Z3.0683 E0.02245 F2400
G1 X114.1359 Y127.4316 Z3.0700 E0.02245 F2400
G1 X114.5179 Y127.5501 Z3.0716 E0.02245 F2400
G1 X114.9043 Y127.6539 Z3.0732 E0.02245 F2400
G1 X115.2943 Y127.7429 Z3.0749 E0.02245 F2400
G1 X115.6874 Y127.8169 Z3.0765 E0.02245 F2400
G1 X116.0831 Y127.8759 Z3.0781 E0.02245 F2400
G1 X116.4807 Y127.9197 Z3.0798 E0.02245 F2400
G1 X116.8797 Y127.9484 Z3.0814 E0.02245 F2400
G1 X117.2795 Y127.9617 Z3.0830 E0.02245 F2400
G1 X117.6796 Y127.9597 Z3.0846 E0.02245 F2400
G1 X118.0792 Y127.9425 Z3.0863 E0.02245 F2400
G1 X118.4779 Y127.9100 Z3.0879 E0.02245 F2400
G1 X118.8751 Y127.8622 Z3.0895 E0.02245 F2400
G1 X119.2702 Y127.7993 Z3.0911 E0.02245 F2400
G1 X119.6625 Y127.7213 Z3.0927 E0.02245 F2400
G1 X120.0516 Y127.6284 Z3.0944 E0.02245 F2400
G1 X120.4369 Y127.5206 Z3.0960 E0.02245 F2400
G1 X120.8177 Y127.3981 Z3.0976 E0.02245 F2400
G1 X121.1936 Y127.2611 Z3.0992 E0.02245 F2400
G1 X121.5639 Y127.1099 Z3.1008 E0.02245 F2400
G1 X121.9282 Y126.9445 Z3.1024 E0.02245 F2400
G1 X122.2858 Y126.7653 Z3.1040 E0.02245 F2400
G1 X122.6364 Y126.5725 Z3.1056 E0.02245 F2400
G1 X122.9792 Y126.3665 Z3.1073 E0.02245 F2400
G1 X123.3139 Y126.1474 Z3.1089 E0.02245 F2400
G1 X123.6400 Y125.9156 Z3.1105 E0.02245 F2400
G1 X123.9569 Y125.6715 Z3.1121 E0.02245 F2400
G1 X124.2642 Y125.4153 Z3.1137 E0.02245 F2400
G1 X124.5614 Y125.1476 Z3.1153 E0.02245 F2400
G1 X124.8481 Y124.8686 Z3.1169 E0.02245 F2400
G1 X125.1239 Y124.5789 Z3.1185 E0.02245 F2400
G1 X125.3884 Y124.2787 Z3.1201 E0.02245 F2400
G1 X125.6411 Y123.9686 Z3.1217 E0.02245 F2400
G1 X125.8817 Y123.6490 Z3.1233 E0.02245 F2400
G1 X126.1098 Y123.3204 Z3.1248 E0.02245 F2400
G1 X126.3251 Y122.9832 Z3.1264 E0.02245 F2400
G1 X126.5273 Y122.6380 Z3.1280 E0.02245 F2400
G1 X126.7160 Y122.2853 Z3.1296 E0.02245 F2400
G1 X126.8910 Y121.9256 Z3.1312 E0.02245 F2400
G1 X127.0520 Y121.5594 Z3.1328 E0.02245 F2400
G1 X127.1988 Y121.1872 Z3.1344 E0.02245 F2400
G1 X127.3311 Y120.8097 Z3.1360 E0.02245 F2400
G1 X127.4488 Y120.4274 Z3.1375 E0.02245 F2400
G1 X127.5516 Y120.0408 Z3.1391 E0.02245 F2400
G1 X127.6394 Y119.6505 Z3.1407 E0.02245 F2400
G1 X127.7121 Y119.2571 Z3.1423 E0.02245 F2400
G1 X127.7696 Y118.8612 Z3.1439 E0.02245 F2400
G1 X127.8118 Y118.4634 Z3.1454 E0.02245 F2400
G1 X127.8385 Y118.0643 Z3.1470 E0.02245 F2400
G1 X127.8498 Y117.6644 Z3.1486 E0.02245 F2400
G1 X127.8457 Y117.2644 Z3.1502 E0.02245 F2400
G1 X127.8261 Y116.8648 Z3.1517 E0.02245 F2400
G1 X127.7910 Y116.4663 Z3.1533 E0.02245 F2400
G1 X127.7406 Y116.0695 Z3.1549 E0.02245 F2400
G1 X127.6749 Y115.6749 Z3.1564 E0.02245 F2400
G1 X127.5939 Y115.2831 Z3.1580 E0.02245 F2400
G1 X127.4979 Y114.8948 Z3.1596 E0.02245 F2400
G1 X127.3869 Y114.5104 Z3.1611 E0.02245 F2400
G1 X127.2611 Y114.1307 Z3.1627 E0.02245 F2400
G1 X127.1206 Y113.7561 Z3.1643 E0.02245 F2400
G1 X126.9658 Y113.3873 Z3.1658 E0.02245 F2400
G1 X126.7968 Y113.0247 Z3.1674 E0.02245 F2400
G1 X126.6138 Y112.6689 Z3.1689 E0.02245 F2400
G1 X126.4172 Y112.3205 Z3.1705 E0.02245 F2400
G1 X126.2073 Y111.9800 Z3.1720 E0.02245 F2400
G1 X125.9842 Y111.6479 Z3.1736 E0.02245 F2400
G1 X125.7485 Y111.3247 Z3.1752 E0.02245 F2400
G1 X125.5004 Y111.0109 Z3.1767 E0.02245 F2400
G1 X125.2403 Y110.7070 Z3.1783 E0.02245 F2400
G1 X124.9686 Y110.4134 Z3.1798 E0.02245 F2400
G1 X124.6857 Y110.1306 Z3.1814 E0.02245 F2400
G1 X124.3920 Y109.8589 Z3.1829 E0.02245 F2400
G1 X124.0880 Y109.5989 Z3.1844 E0.02245 F2400
G1 X123.7741 Y109.3510 Z3.1860 E0.02245 F2400
G1 X123.4507 Y109.1154 Z3.1875 E0.02245 F2400
G1 X123.1185 Y108.8925 Z3.1891 E0.02245 F2400
G1 X122.7779 Y108.6828 Z3.1906 E0.02245 F2400
G1 X122.4293 Y108.4865 Z3.1922 E0.02245 F2400
G1 X122.0734 Y108.3039 Z3.1937 E0.02245 F2400
G1 X121.7106 Y108.1353 Z3.1952 E0.02245 F2400
G1 X121.3415 Y107.9810 Z3.1968 E0.02245 F2400
G1 X120.9667 Y107.8411 Z3.1983 E0.02245 F2400
G1 X120.5868 Y107.7160 Z3.1998 E0.02245 F2400
G1 X120.2022 Y107.6058 Z3.2014 E0.02245 F2400
G1 X119.8136 Y107.5106 Z3.2029 E0.02245 F2400
G1 X119.4217 Y107.4307 Z3.2044 E0.02245 F2400
G1 X119.0269 Y107.3662 Z3.2060 E0.02245 F2400
G1 X118.6299 Y107.3171 Z3.2075 E0.02245 F2400
G1 X118.2312 Y107.2835 Z3.2090 E0.02245 F2400
G1 X117.8316 Y107.2656 Z3.2106 E0.02245 F2400
G1 X117.4316 Y107.2632 Z3.2121 E0.02245 F2400
G1 X117.0317 Y107.2765 Z3.2136 E0.02245 F2400
G1 X116.6328 Y107.3054 Z3.2151 E0.02245 F2400
G1 X116.2352 Y107.3499 Z3.2167 E0.02245 F2400
G1 X115.8397 Y107.4099 Z3.2182 E0.02245 F2400
G1 X115.4468 Y107.4853 Z3.2197 E0.02245 F2400
G1 X115.0572 Y107.5760 Z3.2212 E0.02245 F2400
G1 X114.6714 Y107.6819 Z3.2227 E0.02245 F2400
G1 X114.2901 Y107.8028 Z3.2243 E0.02245 F2400
G1 X113.9138 Y107.9386 Z3.2258 E0.02245 F2400
G1 X113.5431 Y108.0890 Z3.2273 E0.02245 F2400
G1 X113.1786 Y108.2538 Z3.2288 E0.02245 F2400
G1 X112.8208 Y108.4328 Z3.2303 E0.02245 F2400
G1 X112.4703 Y108.6256 Z3.2318 E0.02245 F2400
G1 X112.1277 Y108.8321 Z3.2333 E0.02245 F2400
G1 X111.7934 Y109.0518 Z3.2348 E0.02245 F2400
G1 X111.4680 Y109.2845 Z3.2364 E0.02245 F2400
G1 X111.1520 Y109.5298 Z3.2379 E0.02245 F2400
G1 X110.8458 Y109.7872 Z3.2394 E0.02245 F2400
G1 X110.5500 Y110.0565 Z3.2409 E0.02245 F2400
G1 X110.2650 Y110.3373 Z3.2424 E0.02245 F2400
G1 X109.9912 Y110.6290 Z3.2439 E0.02245 F2400
G1 X109.7291 Y110.9312 Z3.2454 E0.02245 F2400
G1 X109.4791 Y111.2435 Z3.2469 E0.02245 F2400
G1 X109.2416 Y111.5654 Z3.2484 E0.02245 F2400
G1 X109.0169 Y111.8963 Z3.2499 E0.02245 F2400
G1 X108.8054 Y112.2359 Z3.2514 E0.02245 F2400
G1 X108.6074 Y112.5835 Z3.2529 E0.02245 F2400
G1 X108.4233 Y112.9387 Z3.2544 E0.02245 F2400
G1 X108.2533 Y113.3008 Z3.2559 E0.02245 F2400
G1 X108.0977 Y113.6693 Z3.2574 E0.02245 F2400
G1 X107.9567 Y114.0437 Z3.2588 E0.02245 F2400
G1 X107.8306 Y114.4233 Z3.2603 E0.02245 F2400
G1 X107.7196 Y114.8077 Z3.2618 E0.02245 F2400
G1 X107.6238 Y115.1961 Z3.2633 E0.02245 F2400
G1 X107.5433 Y115.5879 Z3.2648 E0.02245 F2400
G1 X107.4785 Y115.9827 Z3.2663 E0.02245 F2400
G1 X107.4292 Y116.3797 Z3.2678 E0.02245 F2400
G1 X107.3956 Y116.7783 Z3.2693 E0.02245 F2400
G1 X107.3778 Y117.1779 Z3.2708 E0.02245 F2400
G1 X107.3759 Y117.5780 Z3.2722 E0.02245 F2400
G1 X107.3897 Y117.9778 Z3.2737 E0.02245 F2400
G1 X107.4193 Y118.3767 Z3.2752 E0.02245 F2400
G1 X107.4646 Y118.7742 Z3.2767 E0.02245 F2400
G1 X107.5256 Y119.1695 Z3.2782 E0.02245 F2400
G1 X107.6023 Y119.5622 Z3.2796 E0.02245 F2400
G1 X107.6943 Y119.9515 Z3.2811 E0.02245 F2400
G1 X107.8018 Y120.3368 Z3.2826 E0.02245 F2400
G1 X107.9244 Y120.7176 Z3.2841 E0.02245 F2400
G1 X108.0619 Y121.0933 Z3.2855 E0.02245 F2400
G1 X108.2143 Y121.4632 Z3.2870 E0.02245 F2400
G1 X108.3811 Y121.8267 Z3.2885 E0.02245 F2400
G1 X108.5623 Y122.1834 Z3.2900 E0.02245 F2400
G1 X108.7574 Y122.5326 Z3.2914 E0.02245 F2400
G1 X108.9663 Y122.8738 Z3.2929 E0.02245 F2400
G1 X109.1885 Y123.2065 Z3.2944 E0.02245 F2400
G1 X109.4237 Y123.5300 Z3.2958 E0.02245 F2400
G1 X109.6716 Y123.8440 Z3.2973 E0.02245 F2400
G1 X109.9318 Y124.1479 Z3.2988 E0.02245 F2400
G1 X110.2038 Y124.4412 Z3.3002 E0.02245 F2400
G1 X110.4872 Y124.7235 Z3.3017 E0.02245 F2400
G1 X110.7817 Y124.9943 Z3.3031 E0.02245 F2400
G1 X111.0866 Y125.2532 Z3.3046 E0.02245 F2400
G1 X111.4017 Y125.4998 Z3.3061 E0.02245 F2400
G1 X111.7262 Y125.7336 Z3.3075 E0.02245 F2400
G1 X112.0599 Y125.9544 Z3.3090 E0.02245 F2400
G1 X112.4020 Y126.1617 Z3.3104 E0.02245 F2400
G1 X112.7521 Y126.3552 Z3.3119 E0.02245 F2400
G1 X113.1096 Y126.5346 Z3.3134 E0.02245 F2400
G1 X113.4741 Y126.6997 Z3.3148 E0.02245 F2400
G1 X113.8447 Y126.8501 Z3.3163 E0.02245 F2400
G1 X114.2211 Y126.9856 Z3.3177 E0.02245 F2400
G1 X114.6026 Y127.1060 Z3.3192 E0.02245 F2400
G1 X114.9886 Y127.2111 Z3.3206 E0.02245 F2400
G1 X115.3785 Y127.3008 Z3.3221 E0.02245 F2400
G1 X115.7716 Y127.3748 Z3.3235 E0.02245 F2400
G1 X116.1674 Y127.4331 Z3.3250 E0.02245 F2400
G1 X116.5652 Y127.4755 Z3.3264 E0.02245 F2400
G1 X116.9643 Y127.5020 Z3.3279 E0.02245 F2400
G1 X117.3642 Y127.5126 Z3.3293 E0.02245 F2400
G1 X117.7642 Y127.5071 Z3.3307 E0.02245 F2400
G1 X118.1637 Y127.4857 Z3.3322 E0.02245 F2400
G1 X118.5620 Y127.4484 Z3.3336 E0.02245 F2400
G1 X118.9585 Y127.3951 Z3.3351 E0.02245 F2400
G1 X119.3525 Y127.3261 Z3.3365 E0.02245 F2400
G1 X119.7435 Y127.2413 Z3.3379 E0.02245 F2400
G1 X120.1307 Y127.1409 Z3.3394 E0.02245 F2400
G1 X120.5136 Y127.0252 Z3.3408 E0.02245 F2400
G1 X120.8916 Y126.8942 Z3.3423 E0.02245 F2400
G1 X121.2641 Y126.7482 Z3.3437 E0.02245 F2400
G1 X121.6304 Y126.5873 Z3.3451 E0.02245 F2400
G1 X121.9899 Y126.4119 Z3.3466 E0.02245 F2400
G1 X122.3421 Y126.2223 Z3.3480 E0.02245 F2400
G1 X122.6865 Y126.0187 Z3.3494 E0.02245 F2400
G1 X123.0224 Y125.8014 Z3.3509 E0.02245 F2400
G1 X123.3493 Y125.5708 Z3.3523 E0.02245 F2400
G1 X123.6667 Y125.3274 Z3.3537 E0.02245 F2400
G1 X123.9741 Y125.0713 Z3.3551 E0.02245 F2400
G1 X124.2709 Y124.8031 Z3.3566 E0.02245 F2400
G1 X124.5567 Y124.5233 Z3.3580 E0.02245 F2400
G1 X124.8311 Y124.2321 Z3.3594 E0.02245 F2400
G1 X125.0935 Y123.9302 Z3.3608 E0.02245 F2400
G1 X125.3436 Y123.6180 Z3.3623 E0.02245 F2400
G1 X125.5809 Y123.2959 Z3.3637 E0.02245 F2400
G1 X125.8051 Y122.9646 Z3.3651 E0.02245 F2400
G1 X126.0158 Y122.6245 Z3.3665 E0.02245 F2400
G1 X126.2126 Y122.2763 Z3.3680 E0.02245 F2400
G1 X126.3953 Y121.9203 Z3.3694 E0.02245 F2400
G1 X126.5634 Y121.5574 Z3.3708 E0.02245 F2400
G1 X126.7168 Y121.1879 Z3.3722 E0.02245 F2400
G1 X126.8552 Y120.8126 Z3.3736 E0.02245 F2400
G1 X126.9784 Y120.4319 Z3.3750 E0.02245 F2400
G1 X127.0861 Y120.0467 Z3.3765 E0.02245 F2400
G1 X127.1782 Y119.6574 Z3.3779 E0.02245 F2400
G1 X127.2545 Y119.2647 Z3.3793 E0.02245 F2400
G1 X127.3149 Y118.8692 Z3.3807 E0.02245 F2400
G1 X127.3593 Y118.4717 Z3.3821 E0.02245 F2400
G1 X127.3876 Y118.0726 Z3.3835 E0.02245 F2400
G1 X127.3997 Y117.6728 Z3.3849 E0.02245 F2400
G1 X127.3957 Y117.2727 Z3.3863 E0.02245 F2400
G1 X127.3756 Y116.8732 Z3.3877 E0.02245 F2400
G1 X127.3393 Y116.4748 Z3.3891 E0.02245 F2400
G1 X127.2869 Y116.0782 Z3.3906 E0.02245 F2400
G1 X127.2186 Y115.6841 Z3.3920 E0.02245 F2400
G1 X127.1343 Y115.2930 Z3.3934 E0.02245 F2400
G1 X127.0343 Y114.9056 Z3.3948 E0.02245 F2400
G1 X126.9187 Y114.5227 Z3.3962 E0.02245 F2400
G1 X126.7877 Y114.1447 Z3.3976 E0.02245 F2400
G1 X126.6415 Y113.7723 Z3.3990 E0.02245 F2400
G1 X126.4803 Y113.4062 Z3.4004 E0.02245 F2400
G1 X126.3044 Y113.0469 Z3.4018 E0.02245 F2400
G1 X126.1141 Y112.6950 Z3.4032 E0.02245 F2400
G1 X125.9096 Y112.3512 Z3.4046 E0.02245 F2400
G1 X125.6914 Y112.0159 Z3.4060 E0.02245 F2400
G1 X125.4598 Y111.6897 Z3.4074 E0.02245 F2400
G1 X125.2151 Y111.3732 Z3.4087 E0.02245 F2400
G1 X124.9578 Y111.0669 Z3.4101 E0.02245 F2400
G1 X124.6883 Y110.7713 Z3.4115 E0.02245 F2400
G1 X124.4069 Y110.4869 Z3.4129 E0.02245 F2400
G1 X124.1143 Y110.2142 Z3.4143 E0.02245 F2400
G1 X123.8108 Y109.9536 Z3.4157 E0.02245 F2400
G1 X123.4969 Y109.7055 Z3.4171 E0.02245 F2400
G1 X123.1732 Y109.4704 Z3.4185 E0.02245 F2400
G1 X122.8403 Y109.2487 Z3.4199 E0.02245 F2400
G1 X122.4985 Y109.0407 Z3.4213 E0.02245 F2400
G1 X122.1486 Y108.8468 Z3.4226 E0.02245 F2400
G1 X121.7911 Y108.6673 Z3.4240 E0.02245 F2400
G1 X121.4266 Y108.5025 Z3.4254 E0.02245 F2400
G1 X121.0557 Y108.3527 Z3.4268 E0.02245 F2400
G1 X120.6789 Y108.2181 Z3.4282 E0.02245 F2400
G1 X120.2970 Y108.0991 Z3.4296 E0.02245 F2400
G1 X119.9106 Y107.9956 Z3.4309 E0.02245 F2400
G1 X119.5202 Y107.9081 Z3.4323 E0.02245 F2400
G1 X119.1266 Y107.8365 Z3.4337 E0.02245 F2400
G1 X118.7305 Y107.7811 Z3.4351 E0.02245 F2400
G1 X118.3323 Y107.7418 Z3.4365 E0.02245 F2400
G1 X117.9330 Y107.7189 Z3.4378 E0.02245 F2400
G1 X117.5330 Y107.7123 Z3.4392 E0.02245 F2400
G1 X117.1331 Y107.7221 Z3.4406 E0.02245 F2400
G1 X116.7339 Y107.7482 Z3.4420 E0.02245 F2400
G1 X116.3361 Y107.7906 Z3.4433 E0.02245 F2400
G1 X115.9403 Y107.8492 Z3.4447 E0.02245 F2400
G1 X115.5474 Y107.9240 Z3.4461 E0.02245 F2400
G1 X115.1578 Y108.0148 Z3.4474 E0.02245 F2400
G1 X114.7722 Y108.1214 Z3.4488 E0.02245 F2400
G1 X114.3913 Y108.2438 Z3.4502 E0.02245 F2400
G1 X114.0158 Y108.3816 Z3.4516 E0.02245 F2400
G1 X113.6462 Y108.5348 Z3.4529 E0.02245 F2400
G1 X113.2832 Y108.7029 Z3.4543 E0.02245 F2400
G1 X112.9274 Y108.8858 Z3.4557 E0.02245 F2400
G1 X112.5795 Y109.0832 Z3.4570 E0.02245 F2400
G1 X112.2399 Y109.2946 Z3.4584 E0.02245 F2400
G1 X111.9092 Y109.5198 Z3.4598 E0.02245 F2400
G1 X111.5881 Y109.7584 Z3.4611 E0.02245 F2400
G1 X111.2771 Y110.0100 Z3.4625 E0.02245 F2400
G1 X110.9766 Y110.2741 Z3.4638 E0.02245 F2400
G1 X110.6873 Y110.5503 Z3.4652 E0.02245 F2400
G1 X110.4095 Y110.8382 Z3.4666 E0.02245 F2400
G1 X110.1439 Y111.1373 Z3.4679 E0.02245 F2400
G1 X109.8907 Y111.4471 Z3.4693 E0.02245 F2400
G1 X109.6505 Y111.7670 Z3.4706 E0.02245 F2400
G1 X109.4237 Y112.0965 Z3.4720 E0.02245 F2400
G1 X109.2106 Y112.4351 Z3.4734 E0.02245 F2400
G1 X109.0117 Y112.7822 Z3.4747 E0.02245 F2400
G1 X108.8272 Y113.1371 Z3.4761 E0.02245 F2400
G1 X108.6575 Y113.4994 Z3.4774 E0.02245 F2400
G1 X108.5028 Y113.8683 Z3.4788 E0.02245 F2400
G1 X108.3635 Y114.2433 Z3.4801 E0.02245 F2400
G1 X108.2398 Y114.6238 Z3.4815 E0.02245 F2400
G1 X108.1319 Y115.0090 Z3.4828 E0.02245 F2400
G1 X108.0400 Y115.3983 Z3.4842 E0.02245 F2400
G1 X107.9642 Y115.7911 Z3.4855 E0.02245 F2400
G1 X107.9047 Y116.1867 Z3.4869 E0.02245 F2400
G1 X107.8616 Y116.5844 Z3.4882 E0.02245 F2400
G1 X107.8350 Y116.9836 Z3.4896 E0.02245 F2400
G1 X107.8248 Y117.3835 Z3.4909 E0.02245 F2400
G1 X107.8313 Y117.7835 Z3.4923 E0.02245 F2400
G1 X107.8542 Y118.1829 Z3.4936 E0.02245 F2400
G1 X107.8937 Y118.5810 Z3.4949 E0.02245 F2400
G1 X107.9495 Y118.9771 Z3.4963 E0.02245 F2400
G1 X108.0218 Y119.3706 Z3.4976 E0.02245 F2400
G1 X108.1102 Y119.7607 Z3.4990 E0.02245 F2400
G1 X108.2148 Y120.1469 Z3.5003 E0.02245 F2400
G1 X108.3352 Y120.5283 Z3.5016 E0.02245 F2400
G1 X108.4714 Y120.9045 Z3.5030 E0.02245 F2400
G1 X108.6230 Y121.2747 Z3.5043 E0.02245 F2400
G1 X108.7899 Y121.6383 Z3.5057 E0.02245 F2400
G1 X108.9716 Y121.9946 Z3.5070 E0.02245 F2400
G1 X109.1681 Y122.3431 Z3.5083 E0.02245 F2400
G1 X109.3788 Y122.6832 Z3.5097 E0.02245 F2400
G1 X109.6034 Y123.0142 Z3.5110 E0.02245 F2400
G1 X109.8416 Y123.3356 Z3.5123 E0.02245 F2400
G1 X110.0929 Y123.6468 Z3.5137 E0.02245 F2400
G1 X110.3570 Y123.9474 Z3.5150 E0.02245 F2400
G1 X110.6333 Y124.2366 Z3.5163 E0.02245 F2400
G1 X110.9214 Y124.5142 Z3.5177 E0.02245 F2400
G1 X111.2208 Y124.7795 Z3.5190 E0.02245 F2400
G1 X111.5310 Y125.0321 Z3.5203 E0.02245 F2400
G1 X111.8514 Y125.2716 Z3.5217 E0.02245 F2400
G1 X112.1816 Y125.4976 Z3.5230 E0.02245 F2400
G1 X112.5208 Y125.7096 Z3.5243 E0.02245 F2400
G1 X112.8686 Y125.9073 Z3.5256 E0.02245 F2400
G1 X113.2243 Y126.0903 Z3.5270 E0.02245 F2400
G1 X113.5873 Y126.2584 Z3.5283 E0.02245 F2400
G1 X113.9571 Y126.4111 Z3.5296 E0.02245 F2400
G1 X114.3329 Y126.5483 Z3.5309 E0.02245 F2400
G1 X114.7140 Y126.6697 Z3.5323 E0.02245 F2400
G1 X115.0999 Y126.7751 Z3.5336 E0.02245 F2400
G1 X115.4899 Y126.8643 Z3.5349 E0.02245 F2400
G1 X115.8833 Y126.9372 Z3.5362 E0.02245 F2400
G1 X116.2793 Y126.9935 Z3.5375 E0.02245 F2400
G1 X116.6774 Y127.0332 Z3.5389 E0.02245 F2400
G1 X117.0768 Y127.0563 Z3.5402 E0.02245 F2400
G1 X117.4768 Y127.0626 Z3.5415 E0.02245 F2400
G1 X117.8767 Y127.0523 Z3.5428 E0.02245 F2400
G1 X118.2758 Y127.0251 Z3.5441 E0.02245 F2400
G1 X118.6734 Y126.9813 Z3.5454 E0.02245 F2400
G1 X119.0689 Y126.9209 Z3.5468 E0.02245 F2400
G1 X119.4615 Y126.8440 Z3.5481 E0.02245 F2400
G1 X119.8505 Y126.7507 Z3.5494 E0.02245 F2400
G1 X120.2353 Y126.6412 Z3.5507 E0.02245 F2400
G1 X120.6151 Y126.5157 Z3.5520 E0.02245 F2400
G1 X120.9893 Y126.3743 Z3.5533 E0.02245 F2400
G1 X121.3573 Y126.2174 Z3.5546 E0.02245 F2400
G1 X121.7184 Y126.0452 Z3.5559 E0.02245 F2400
G1 X122.0719 Y125.8579 Z3.5573 E0.02245 F2400
G1 X122.4173 Y125.6560 Z3.5586 E0.02245 F2400
G1 X122.7538 Y125.4398 Z3.5599 E0.02245 F2400
G1 X123.0810 Y125.2096 Z3.5612 E0.02245 F2400
G1 X123.3982 Y124.9658 Z3.5625 E0.02245 F2400
G1 X123.7049 Y124.7090 Z3.5638 E0.02245 F2400
G1 X124.0005 Y124.4395 Z3.5651 E0.02245 F2400
G1 X124.2846 Y124.1577 Z3.5664 E0.02245 F2400
G1 X124.5565 Y123.8643 Z3.5677 E0.02245 F2400
G1 X124.8158 Y123.5597 Z3.5690 E0.02245 F2400
G1 X125.0621 Y123.2445 Z3.5703 E0.02245 F2400
G1 X125.2949 Y122.9191 Z3.5716 E0.02245 F2400
G1 X125.5137 Y122.5842 Z3.5729 E0.02245 F2400
G1 X125.7183 Y122.2405 Z3.5742 E0.02245 F2400
G1 X125.9082 Y121.8883 Z3.5755 E0.02245 F2400
G1 X126.0830 Y121.5285 Z3.5768 E0.02245 F2400
G1 X126.2426 Y121.1617 Z3.5781 E0.02245 F2400
G1 X126.3865 Y120.7884 Z3.5794 E0.02245 F2400
G1 X126.5145 Y120.4094 Z3.5807 E0.02245 F2400
G1 X126.6264 Y120.0253 Z3.5820 E0.02245 F2400
G1 X126.7220 Y119.6369 Z3.5833 E0.02245 F2400
G1 X126.8011 Y119.2447 Z3.5846 E0.02245 F2400
G1 X126.8635 Y118.8496 Z3.5859 E0.02245 F2400
G1 X126.9092 Y118.4521 Z3.5872 E0.02245 F2400
G1 X126.9380 Y118.0531 Z3.5885 E0.02245 F2400
G1 X126.9499 Y117.6533 Z3.5898 E0.02245 F2400
G1 X126.9449 Y117.2533 Z3.5911 E0.02245 F2400
G1 X126.9230 Y116.8538 Z3.5923 E0.02245 F2400
G1 X126.8841 Y116.4557 Z3.5936 E0.02245 F2400
G1 X126.8285 Y116.0595 Z3.5949 E0.02245 F2400
G1 X126.7561 Y115.6661 Z3.5962 E0.02245 F2400
G1 X126.6670 Y115.2760 Z3.5975 E0.02245 F2400
G1 X126.5616 Y114.8902 Z3.5988 E0.02245 F2400
G1 X126.4398 Y114.5091 Z3.6001 E0.02245 F2400
G1 X126.3020 Y114.1335 Z3.6014 E0.02245 F2400
G1 X126.1484 Y113.7641 Z3.6026 E0.02245 F2400
G1 X125.9792 Y113.4016 Z3.6039 E0.02245 F2400
G1 X125.7948 Y113.0466 Z3.6052 E0.02245 F2400
G1 X125.5955 Y112.6998 Z3.6065 E0.02245 F2400
G1 X125.3816 Y112.3617 Z3.6078 E0.02245 F2400
G1 X125.1536 Y112.0330 Z3.6091 E0.02245 F2400
G1 X124.9117 Y111.7143 Z3.6103 E0.02245 F2400
G1 X124.6566 Y111.4062 Z3.6116 E0.02245 F2400
G1 X124.3885 Y111.1093 Z3.6129 E0.02245 F2400
G1 X124.1081 Y110.8240 Z3.6142 E0.02245 F2400
G1 X123.8157 Y110.5509 Z3.6155 E0.02245 F2400
G1 X123.5120 Y110.2905 Z3.6167 E0.02245 F2400
G1 X123.1975 Y110.0433 Z3.6180 E0.02245 F2400
G1 X122.8727 Y109.8097 Z3.6193 E0.02245 F2400
G1 X122.5383 Y109.5902 Z3.6206 E0.02245 F2400
G1 X122.1948 Y109.3852 Z3.6218 E0.02245 F2400
G1 X121.8429 Y109.1949 Z3.6231 E0.02245 F2400
G1 X121.4831 Y109.0199 Z3.6244 E0.02245 F2400
G1 X121.1163 Y108.8604 Z3.6257 E0.02245 F2400
G1 X120.7429 Y108.7167 Z3.6269 E0.02245 F2400
G1 X120.3638 Y108.5891 Z3.6282 E0.02245 F2400
G1 X119.9795 Y108.4778 Z3.6295 E0.02245 F2400
G1 X119.5909 Y108.3830 Z3.6308 E0.02245 F2400
G1 X119.1985 Y108.3050 Z3.6320 E0.02245 F2400
G1 X118.8032 Y108.2438 Z3.6333 E0.02245 F2400
G1 X118.4056 Y108.1995 Z3.6346 E0.02245 F2400
G1 X118.0065 Y108.1724 Z3.6358 E0.02245 F2400
G1 X117.6065 Y108.1623 Z3.6371 E0.02245 F2400
G1 X117.2066 Y108.1694 Z3.6384 E0.02245 F2400
G1 X116.8072 Y108.1936 Z3.6396 E0.02245 F2400
G1 X116.4093 Y108.2349 Z3.6409 E0.02245 F2400
G1 X116.0136 Y108.2932 Z3.6422 E0.02245 F2400
G1 X115.6206 Y108.3684 Z3.6434 E0.02245 F2400
G1 X115.2313 Y108.4605 Z3.6447 E0.02245 F2400
G1 X114.8463 Y108.5691 Z3.6460 E0.02245 F2400
G1 X114.4663 Y108.6942 Z3.6472 E0.02245 F2400
G1 X114.0921 Y108.8355 Z3.6485 E0.02245 F2400
G1 X113.7242 Y108.9927 Z3.6497 E0.02245 F2400
G1 X113.3634 Y109.1656 Z3.6510 E0.02245 F2400
G1 X113.0104 Y109.3538 Z3.6523 E0.02245 F2400
G1 X112.6659 Y109.5571 Z3.6535 E0.02245 F2400
G1 X112.3304 Y109.7749 Z3.6548 E0.02245 F2400
G1 X112.0045 Y110.0070 Z3.6560 E0.02245 F2400
G1 X111.6890 Y110.2530 Z3.6573 E0.02245 F2400
G1 X111.3844 Y110.5122 Z3.6586 E0.02245 F2400
G1 X111.0912 Y110.7844 Z3.6598 E0.02245 F2400
G1 X110.8099 Y111.0689 Z3.6611 E0.02245 F2400
G1 X110.5413 Y111.3653 Z3.6623 E0.02245 F2400
G1 X110.2856 Y111.6730 Z3.6636 E0.02245 F2400
G1 X110.0435 Y111.9915 Z3.6648 E0.02245 F2400
G1 X109.8153 Y112.3201 Z3.6661 E0.02245 F2400
G1 X109.6015 Y112.6582 Z3.6673 E0.02245 F2400
G1 X109.4025 Y113.0053 Z3.6686 E0.02245 F2400
G1 X109.2187 Y113.3606 Z3.6698 E0.02245 F2400
G1 X109.0504 Y113.7235 Z3.6711 E0.02245 F2400
G1 X108.8980 Y114.0934 Z3.6723 E0.02245 F2400
G1 X108.7617 Y114.4695 Z3.6736 E0.02245 F2400
G1 X108.6418 Y114.8511 Z3.6748 E0.02245 F2400
G1 X108.5385 Y115.2376 Z3.6761 E0.02245 F2400
G1 X108.4520 Y115.6282 Z3.6773 E0.02245 F2400
G1 X108.3825 Y116.0222 Z3.6786 E0.02245 F2400
G1 X108.3301 Y116.4188 Z3.6798 E0.02245 F2400
G1 X108.2950 Y116.8173 Z3.6811 E0.02245 F2400
G1 X108.2771 Y117.2169 Z3.6823 E0.02245 F2400
G1 X108.2766 Y117.6170 Z3.6836 E0.02245 F2400
G1 X108.2935 Y118.0167 Z3.6848 E0.02245 F2400
G1 X108.3277 Y118.4152 Z3.6860 E0.02245 F2400
G1 X108.3791 Y118.8120 Z3.6873 E0.02245 F2400
G1 X108.4477 Y119.2061 Z3.6885 E0.02245 F2400
G1 X108.5334 Y119.5969 Z3.6898 E0.02245 F2400
G1 X108.6359 Y119.9835 Z3.6910 E0.02245 F2400
G1 X108.7552 Y120.3654 Z3.6923 E0.02245 F2400
G1 X108.8909 Y120.7417 Z3.6935 E0.02245 F2400
G1 X109.0429 Y121.1118 Z3.6947 E0.02245 F2400
G1 X109.2108 Y121.4749 Z3.6960 E0.02245 F2400
G1 X109.3943 Y121.8303 Z3.6972 E0.02245 F2400
G1 X109.5932 Y122.1775 Z3.6984 E0.02245 F2400
G1 X109.8070 Y122.5156 Z3.6997 E0.02245 F2400
G1 X110.0353 Y122.8441 Z3.7009 E0.02245 F2400
G1 X110.2777 Y123.1624 Z3.7022 E0.02245 F2400
G1 X110.5337 Y123.4697 Z3.7034 E0.02245 F2400
G1 X110.8029 Y123.7657 Z3.7046 E0.02245 F2400
G1 X111.0847 Y124.0496 Z3.7059 E0.02245 F2400
G1 X111.3787 Y124.3209 Z3.7071 E0.02245 F2400
G1 X111.6842 Y124.5792 Z3.7083 E0.02245 F2400
G1 X112.0007 Y124.8238 Z3.7096 E0.02245 F2400
G1 X112.3276 Y125.0545 Z3.7108 E0.02245 F2400
G1 X112.6643 Y125.2706 Z3.7120 E0.02245 F2400
G1 X113.0101 Y125.4718 Z3.7133 E0.02245 F2400
G1 X113.3643 Y125.6576 Z3.7145 E0.02245 F2400
G1 X113.7263 Y125.8279 Z3.7157 E0.02245 F2400
G1 X114.0955 Y125.9821 Z3.7169 E0.02245 F2400
G1 X114.4710 Y126.1200 Z3.7182 E0.02245 F2400
G1 X114.8522 Y126.2413 Z3.7194 E0.02245 F2400
G1 X115.2383 Y126.3459 Z3.7206 E0.02245 F2400
G1 X115.6287 Y126.4334 Z3.7218 E0.02245 F2400
G1 X116.0225 Y126.5037 Z3.7231 E0.02245 F2400
G1 X116.4190 Y126.5567 Z3.7243 E0.02245 F2400
G1 X116.8175 Y126.5923 Z3.7255 E0.02245 F2400
G1 X117.2171 Y126.6103 Z3.7267 E0.02245 F2400
G1 X117.6172 Y126.6108 Z3.7280 E0.02245 F2400
G1 X118.0169 Y126.5938 Z3.7292 E0.02245 F2400
G1 X118.4154 Y126.5592 Z3.7304 E0.02245 F2400
G1 X118.8121 Y126.5071 Z3.7316 E0.02245 F2400
G1 X119.2060 Y126.4376 Z3.7329 E0.02245 F2400
G1 X119.5966 Y126.3509 Z3.7341 E0.02245 F2400
G1 X119.9829 Y126.2471 Z3.7353 E0.02245 F2400
G1 X120.3643 Y126.1264 Z3.7365 E0.02245 F2400
G1 X120.7401 Y125.9891 Z3.7377 E0.02245 F2400
G1 X121.1094 Y125.8353 Z3.7390 E0.02245 F2400
G1 X121.4716 Y125.6654 Z3.7402 E0.02245 F2400
G1 X121.8259 Y125.4798 Z3.7414 E0.02245 F2400
G1 X122.1718 Y125.2787 Z3.7426 E0.02245 F2400
G1 X122.5084 Y125.0625 Z3.7438 E0.02245 F2400
G1 X122.8352 Y124.8318 Z3.7450 E0.02245 F2400
G1 X123.1514 Y124.5868 Z3.7463 E0.02245 F2400
G1 X123.4566 Y124.3281 Z3.7475 E0.02245 F2400
G1 X123.7500 Y124.0562 Z3.7487 E0.02245 F2400
G1 X124.0312 Y123.7716 Z3.7499 E0.02245 F2400
G1 X124.2995 Y123.4749 Z3.7511 E0.02245 F2400
G1 X124.5544 Y123.1666 Z3.7523 E0.02245 F2400
G1 X124.7955 Y122.8473 Z3.7535 E0.02245 F2400
G1 X125.0222 Y122.5177 Z3.7547 E0.02245 F2400
G1 X125.2341 Y122.1783 Z3.7560 E0.02245 F2400
G1 X125.4308 Y121.8300 Z3.7572 E0.02245 F2400
G1 X125.6118 Y121.4732 Z3.7584 E0.02245 F2400
G1 X125.7769 Y121.1089 Z3.7596 E0.02245 F2400
G1 X125.9257 Y120.7375 Z3.7608 E0.02245 F2400
G1 X126.0579 Y120.3599 Z3.7620 E0.02245 F2400
G1 X126.1732 Y119.9768 Z3.7632 E0.02245 F2400
G1 X126.2714 Y119.5890 Z3.7644 E0.02245 F2400
G1 X126.3523 Y119.1973 Z3.7656 E0.02245 F2400
G1 X126.4158 Y118.8023 Z3.7668 E0.02245 F2400
G1 X126.4616 Y118.4049 Z3.7680 E0.02245 F2400
G1 X126.4898 Y118.0058 Z3.7692 E0.02245 F2400
G1 X126.5002 Y117.6059 Z3.7704 E0.02245 F2400
G1 X126.4929 Y117.2059 Z3.7716 E0.02245 F2400
G1 X126.4677 Y116.8066 Z3.7728 E0.02245 F2400
G1 X126.4248 Y116.4089 Z3.7740 E0.02245 F2400
G1 X126.3643 Y116.0135 Z3.7752 E0.02245 F2400
G1 X126.2863 Y115.6211 Z3.7764 E0.02245 F2400
G1 X126.1908 Y115.2326 Z3.7776 E0.02245 F2400
G1 X126.0782 Y114.8487 Z3.7788 E0.02245 F2400
G1 X125.9485 Y114.4703 Z3.7800 E0.02245 F2400
G1 X125.8021 Y114.0980 Z3.7812 E0.02245 F2400
G1 X125.6393 Y113.7325 Z3.7824 E0.02245 F2400
G1 X125.4604 Y113.3748 Z3.7836 E0.02245 F2400
G1 X125.2656 Y113.0253 Z3.7848 E0.02245 F2400
G1 X125.0555 Y112.6849 Z3.7860 E0.02245 F2400
G1 X124.8303 Y112.3542 Z3.7872 E0.02245 F2400
G1 X124.5907 Y112.0339 Z3.7884 E0.02245 F2400
G1 X124.3369 Y111.7246 Z3.7896 E0.02245 F2400
G1 X124.0696 Y111.4270 Z3.7908 E0.02245 F2400
G1 X123.7892 Y111.1416 Z3.7920 E0.02245 F2400
G1 X123.4964 Y110.8690 Z3.7932 E0.02245 F2400
G1 X123.1917 Y110.6099 Z3.7944 E0.02245 F2400
G1 X122.8756 Y110.3646 Z3.7956 E0.02245 F2400
G1 X122.5489 Y110.1337 Z3.7968 E0.02245 F2400
G1 X122.2122 Y109.9177 Z3.7980 E0.02245 F2400
G1 X121.8662 Y109.7169 Z3.7992 E0.02245 F2400
G1 X121.5115 Y109.5319 Z3.8004 E0.02245 F2400
G1 X121.1489 Y109.3630 Z3.8015 E0.02245 F2400
G1 X120.7790 Y109.2105 Z3.8027 E0.02245 F2400
G1 X120.4027 Y109.0747 Z3.8039 E0.02245 F2400
G1 X120.0207 Y108.9560 Z3.8051 E0.02245 F2400
G1 X119.6337 Y108.8546 Z3.8063 E0.02245 F2400
G1 X119.2425 Y108.7706 Z3.8075 E0.02245 F2400
G1 X118.8480 Y108.7043 Z3.8087 E0.02245 F2400
G1 X118.4509 Y108.6558 Z3.8099 E0.02245 F2400
G1 X118.0520 Y108.6252 Z3.8110 E0.02245 F2400
G1 X117.6522 Y108.6126 Z3.8122 E0.02245 F2400
G1 X117.2522 Y108.6180 Z3.8134 E0.02245 F2400
G1 X116.8528 Y108.6413 Z3.8146 E0.02245 F2400
G1 X116.4549 Y108.6827 Z3.8158 E0.02245 F2400
G1 X116.0593 Y108.7419 Z3.8170 E0.02245 F2400
G1 X115.6667 Y108.8189 Z3.8181 E0.02245 F2400
G1 X115.2780 Y108.9135 Z3.8193 E0.02245 F2400
G1 X114.8939 Y109.0255 Z3.8205 E0.02245 F2400
G1 X114.5153 Y109.1548 Z3.8217 E0.02245 F2400
G1 X114.1430 Y109.3010 Z3.8229 E0.02245 F2400
G1 X113.7776 Y109.4638 Z3.8240 E0.02245 F2400
G1 X113.4199 Y109.6430 Z3.8252 E0.02245 F2400
G1 X113.0707 Y109.8382 Z3.8264 E0.02245 F2400
G1 X112.7306 Y110.0490 Z3.8276 E0.02245 F2400
G1 X112.4005 Y110.2749 Z3.8288 E0.02245 F2400
G1 X112.0809 Y110.5155 Z3.8299 E0.02245 F2400
G1 X111.7725 Y110.7703 Z3.8311 E0.02245 F2400
G1 X111.4760 Y111.0389 Z3.8323 E0.02245 F2400
G1 X111.1919 Y111.3206 Z3.8335 E0.02245 F2400
G1 X110.9209 Y111.6148 Z3.8346 E0.02245 F2400
G1 X110.6634 Y111.9210 Z3.8358 E0.02245 F2400
G1 X110.4202 Y112.2386 Z3.8370 E0.02245 F2400
G1 X110.1916 Y112.5669 Z3.8382 E0.02245 F2400
G1 X109.9781 Y112.9052 Z3.8393 E0.02245 F2400
G1 X109.7801 Y113.2529 Z3.8405 E0.02245 F2400
G1 X109.5982 Y113.6092 Z3.8417 E0.02245 F2400
G1 X109.4326 Y113.9734 Z3.8429 E0.02245 F2400
G1 X109.2838 Y114.3447 Z3.8440 E0.02245 F2400
G1 X109.1520 Y114.7224 Z3.8452 E0.02245 F2400
G1 X109.0374 Y115.1057 Z3.8464 E0.02245 F2400
G1 X108.9405 Y115.4938 Z3.8475 E0.02245 F2400
G1 X108.8613 Y115.8860 Z3.8487 E0.02245 F2400
G1 X108.8000 Y116.2813 Z3.8499 E0.02245 F2400
G1 X108.7568 Y116.6790 Z3.8510 E0.02245 F2400
G1 X108.7317 Y117.0783 Z3.8522 E0.02245 F2400
G1 X108.7248 Y117.4783 Z3.8534 E0.02245 F2400
G1 X108.7362 Y117.8782 Z3.8545 E0.02245 F2400
G1 X108.7659 Y118.2771 Z3.8557 E0.02245 F2400
G1 X108.8136 Y118.6743 Z3.8569 E0.02245 F2400
G1 X108.8795 Y119.0689 Z3.8580 E0.02245 F2400
G1 X108.9633 Y119.4601 Z3.8592 E0.02245 F2400
G1 X109.0649 Y119.8470 Z3.8604 E0.02245 F2400
G1 X109.1840 Y120.2289 Z3.8615 E0.02245 F2400
G1 X109.3205 Y120.6050 Z3.8627 E0.02245 F2400
G1 X109.4740 Y120.9744 Z3.8639 E0.02245 F2400
G1 X109.6443 Y121.3364 Z3.8650 E0.02245 F2400
G1 X109.8309 Y121.6903 Z3.8662 E0.02245 F2400
G1 X110.0336 Y122.0352 Z3.8673 E0.02245 F2400
G1 X110.2518 Y122.3705 Z3.8685 E0.02245 F2400
G1 X110.4851 Y122.6955 Z3.8697 E0.02245 F2400
G1 X110.7331 Y123.0094 Z3.8708 E0.02245 F2400
G1 X110.9952 Y123.3116 Z3.8720 E0.02245 F2400
G1 X111.2709 Y123.6015 Z3.8731 E0.02245 F2400
G1 X111.5596 Y123.8784 Z3.8743 E0.02245 F2400
G1 X111.8607 Y124.1418 Z3.8755 E0.02245 F2400
G1 X112.1736 Y124.3911 Z3.8766 E0.02245 F2400
G1 X112.4976 Y124.6258 Z3.8778 E0.02245 F2400
G1 X112.8321 Y124.8453 Z3.8789 E0.02245 F2400
G1 X113.1762 Y125.0492 Z3.8801 E0.02245 F2400
G1 X113.5294 Y125.2371 Z3.8812 E0.02245 F2400
G1 X113.8909 Y125.4086 Z3.8824 E0.02245 F2400
G1 X114.2598 Y125.5632 Z3.8835 E0.02245 F2400
G1 X114.6355 Y125.7007 Z3.8847 E0.02245 F2400
G1 X115.0171 Y125.8207 Z3.8859 E0.02245 F2400
G1 X115.4039 Y125.9231 Z3.8870 E0.02245 F2400
G1 X115.7949 Y126.0075 Z3.8882 E0.02245 F2400
G1 X116.1895 Y126.0738 Z3.8893 E0.02245 F2400
G1 X116.5866 Y126.1218 Z3.8905 E0.02245 F2400
G1 X116.9856 Y126.1515 Z3.8916 E0.02245 F2400
G1 X117.3855 Y126.1627 Z3.8928 E0.02245 F2400
G1 X117.7855 Y126.1554 Z3.8939 E0.02245 F2400
G1 X118.1847 Y126.1297 Z3.8951 E0.02245 F2400
G1 X118.5823 Y126.0856 Z3.8962 E0.02245 F2400
G1 X118.9774 Y126.0231 Z3.8974 E0.02245 F2400
G1 X119.3693 Y125.9424 Z3.8985 E0.02245 F2400
G1 X119.7570 Y125.8437 Z3.8997 E0.02245 F2400
G1 X120.1397 Y125.7272 Z3.9008 E0.02245 F2400
G1 X120.5166 Y125.5930 Z3.9020 E0.02245 F2400
G1 X120.8868 Y125.4416 Z3.9031 E0.02245 F2400
G1 X121.2497 Y125.2732 Z3.9042 E0.02245 F2400
G1 X121.6044 Y125.0881 Z3.9054 E0.02245 F2400
G1 X121.9501 Y124.8868 Z3.9065 E0.02245 F2400
G1 X122.2861 Y124.6696 Z3.9077 E0.02245 F2400
G1 X122.6117 Y124.4371 Z3.9088 E0.02245 F2400
G1 X122.9261 Y124.1898 Z3.9100 E0.02245 F2400
G1 X123.2287 Y123.9281 Z3.9111 E0.02245 F2400
G1 X123.5188 Y123.6527 Z3.9123 E0.02245 F2400
G1 X123.7958 Y123.3640 Z3.9134 E0.02245 F2400
G1 X124.0591 Y123.0628 Z3.9145 E0.02245 F2400
G1 X124.3081 Y122.7497 Z3.9157 E0.02245 F2400
G1 X124.5422 Y122.4253 Z3.9168 E0.02245 F2400
G1 X124.7610 Y122.0904 Z3.9180 E0.02245 F2400
G1 X124.9640 Y121.7457 Z3.9191 E0.02245 F2400
G1 X125.1507 Y121.3918 Z3.9202 E0.02245 F2400
G1 X125.3207 Y121.0297 Z3.9214 E0.02245 F2400
G1 X125.4737 Y120.6600 Z3.9225 E0.02245 F2400
G1 X125.6092 Y120.2836 Z3.9236 E0.02245 F2400
G1 X125.7270 Y119.9013 Z3.9248 E0.02245 F2400
G1 X125.8269 Y119.5139 Z3.9259 E0.02245 F2400
G1 X125.9086 Y119.1223 Z3.9271 E0.02245 F2400
G1 X125.9719 Y118.7273 Z3.9282 E0.02245 F2400
G1 X126.0166 Y118.3298 Z3.9293 E0.02245 F2400
G1 X126.0428 Y117.9306 Z3.9305 E0.02245 F2400
G1 X126.0502 Y117.5306 Z3.9316 E0.02245 F2400
G1 X126.0389 Y117.1307 Z3.9327 E0.02245 F2400
G1 X126.0089 Y116.7317 Z3.9339 E0.02245 F2400
G1 X125.9603 Y116.3346 Z3.9350 E0.02245 F2400
G1 X125.8931 Y115.9403 Z3.9361 E0.02245 F2400
G1 X125.8076 Y115.5495 Z3.9373 E0.02245 F2400
G1 X125.7038 Y115.1631 Z3.9384 E0.02245 F2400
G1 X125.5820 Y114.7821 Z3.9395 E0.02245 F2400
G1 X125.4424 Y114.4071 Z3.9407 E0.02245 F2400
G1 X125.2855 Y114.0391 Z3.9418 E0.02245 F2400
G1 X125.1114 Y113.6789 Z3.9429 E0.02245 F2400
G1 X124.9206 Y113.3273 Z3.9441 E0.02245 F2400
G1 X124.7135 Y112.9850 Z3.9452 E0.02245 F2400
G1 X124.4905 Y112.6529 Z3.9463 E0.02245 F2400
G1 X124.2522 Y112.3316 Z3.9474 E0.02245 F2400
G1 X123.9990 Y112.0218 Z3.9486 E0.02245 F2400
G1 X123.7315 Y111.7243 Z3.9497 E0.02245 F2400
G1 X123.4503 Y111.4398 Z3.9508 E0.02245 F2400
G1 X123.1560 Y111.1688 Z3.9519 E0.02245 F2400
G1 X122.8493 Y110.9119 Z3.9531 E0.02245 F2400
G1 X122.5308 Y110.6698 Z3.9542 E0.02245 F2400
G1 X122.2013 Y110.4430 Z3.9553 E0.02245 F2400
G1 X121.8614 Y110.2320 Z3.9564 E0.02245 F2400
G1 X121.5120 Y110.0372 Z3.9576 E0.02245 F2400
G1 X121.1537 Y109.8592 Z3.9587 E0.02245 F2400
G1 X120.7874 Y109.6983 Z3.9598 E0.02245 F2400
G1 X120.4140 Y109.5548 Z3.9609 E0.02245 F2400
G1 X120.0342 Y109.4292 Z3.9621 E0.02245 F2400
G1 X119.6488 Y109.3217 Z3.9632 E0.02245 F2400
G1 X119.2588 Y109.2325 Z3.9643 E0.02245 F2400
G1 X118.8651 Y109.1619 Z3.9654 E0.02245 F2400
G1 X118.4684 Y109.1100 Z3.9665 E0.02245 F2400
G1 X118.0697 Y109.0769 Z3.9677 E0.02245 F2400
G1 X117.6699 Y109.0628 Z3.9688 E0.02245 F2400
G1 X117.2699 Y109.0676 Z3.9699 E0.02245 F2400
G1 X116.8705 Y109.0914 Z3.9710 E0.02245 F2400
G1 X116.4727 Y109.1341 Z3.9721 E0.02245 F2400
G1 X116.0774 Y109.1956 Z3.9733 E0.02245 F2400
G1 X115.6855 Y109.2758 Z3.9744 E0.02245 F2400
G1 X115.2978 Y109.3746 Z3.9755 E0.02245 F2400
G1 X114.9153 Y109.4916 Z3.9766 E0.02245 F2400
G1 X114.5387 Y109.6267 Z3.9777 E0.02245 F2400
G1 X114.1690 Y109.7796 Z3.9788 E0.02245 F2400
G1 X113.8070 Y109.9499 Z3.9800 E0.02245 F2400
G1 X113.4535 Y110.1372 Z3.9811 E0.02245 F2400
G1 X113.1093 Y110.3411 Z3.9822 E0.02245 F2400
G1 X112.7752 Y110.5612 Z3.9833 E0.02245 F2400
G1 X112.4520 Y110.7969 Z3.9844 E0.02245 F2400
G1 X112.1404 Y111.0478 Z3.9855 E0.02245 F2400
G1 X111.8411 Y111.3133 Z3.9866 E0.02245 F2400
G1 X111.5548 Y111.5927 Z3.9878 E0.02245 F2400
G1 X111.2822 Y111.8855 Z3.9889 E0.02245 F2400
G1 X111.0238 Y112.1909 Z3.9900 E0.02245 F2400
G1 X110.7804 Y112.5084 Z3.9911 E0.02245 F2400
G1 X110.5524 Y112.8371 Z3.9922 E0.02245 F2400
G1 X110.3403 Y113.1763 Z3.9933 E0.02245 F2400
G1 X110.1448 Y113.5253 Z3.9944 E0.02245 F2400
G1 X109.9661 Y113.8833 Z3.9955 E0.02245 F2400
G1 X109.8048 Y114.2494 Z3.9966 E0.02245 F2400
G1 X109.6612 Y114.6228 Z3.9978 E0.02245 F2400
G1 X109.5356 Y115.0026 Z3.9989 E0.02245 F2400
G1 X109.4284 Y115.3880 Z4.0000 E0.02245 F2400
G1 X109.3398 Y115.7782 Z4.0011 E0.02245 F2400
G1 X109.2700 Y116.1721 Z4.0022 E0.02245 F2400
G1 X109.2192 Y116.5689 Z4.0033 E0.02245 F2400
G1 X109.1874 Y116.9677 Z4.0044 E0.02245 F2400
G1 X109.1749 Y117.3676 Z4.0055 E0.02245 F2400
G1 X109.1816 Y117.7676 Z4.0066 E0.02245 F2400
G1 X109.2075 Y118.1668 Z4.0077 E0.02245 F2400
G1 X109.2526 Y118.5643 Z4.0088 E0.02245 F2400
G1 X109.3167 Y118.9592 Z4.0099 E0.02245 F2400
G1 X109.3998 Y119.3505 Z4.0110 E0.02245 F2400
G1 X109.5016 Y119.7374 Z4.0121 E0.02245 F2400
G1 X109.6219 Y120.1189 Z4.0132 E0.02245 F2400
G1 X109.7605 Y120.4942 Z4.0143 E0.02245 F2400
G1 X109.9169 Y120.8624 Z4.0154 E0.02245 F2400
G1 X110.0910 Y121.2226 Z4.0165 E0.02245 F2400
G1 X110.2822 Y121.5740 Z4.0176 E0.02245 F2400
G1 X110.4902 Y121.9158 Z4.0187 E0.02245 F2400
G1 X110.7144 Y122.2471 Z4.0198 E0.02245 F2400
G1 X110.9544 Y122.5672 Z4.0209 E0.02245 F2400
G1 X111.2095 Y122.8754 Z4.0220 E0.02245 F2400
G1 X111.4792 Y123.1708 Z4.0231 E0.02245 F2400
G1 X111.7629 Y123.4529 Z4.0242 E0.02245 F2400
G1 X112.0600 Y123.7209 Z4.0253 E0.02245 F2400
G1 X112.3696 Y123.9742 Z4.0264 E0.02245 F2400
G1 X112.6912 Y124.2122 Z4.0275 E0.02245 F2400
G1 X113.0239 Y124.4344 Z4.0286 E0.02245 F2400
G1 X113.3669 Y124.6401 Z4.0297 E0.02245 F2400
G1 X113.7196 Y124.8291 Z4.0308 E0.02245 F2400
G1 X114.0810 Y125.0006 Z4.0319 E0.02245 F2400
G1 X114.4503 Y125.1545 Z4.0330 E0.02245 F2400
G1 X114.8266 Y125.2902 Z4.0341 E0.02245 F2400
G1 X115.2091 Y125.4075 Z4.0352 E0.02245 F2400
G1 X115.5968 Y125.5061 Z4.0363 E0.02245 F2400
G1 X115.9889 Y125.5857 Z4.0374 E0.02245 F2400
G1 X116.3843 Y125.6462 Z4.0385 E0.02245 F2400
G1 X116.7823 Y125.6874 Z4.0396 E0.02245 F2400
G1 X117.1817 Y125.7091 Z4.0407 E0.02245 F2400
G1 X117.5818 Y125.7114 Z4.0417 E0.02245 F2400
G1 X117.9815 Y125.6942 Z4.0428 E0.02245 F2400
G1 X118.3799 Y125.6575 Z4.0439 E0.02245 F2400
G1 X118.7760 Y125.6014 Z4.0450 E0.02245 F2400
G1 X119.1689 Y125.5261 Z4.0461 E0.02245 F2400
G1 X119.5577 Y125.4318 Z4.0472 E0.02245 F2400
G1 X119.9414 Y125.3185 Z4.0483 E0.02245 F2400
G1 X120.3191 Y125.1867 Z4.0494 E0.02245 F2400
G1 X120.6899 Y125.0365 Z4.0505 E0.02245 F2400
G1 X121.0529 Y124.8685 Z4.0516 E0.02245 F2400
G1 X121.4073 Y124.6828 Z4.0526 E0.02245 F2400
G1 X121.7522 Y124.4801 Z4.0537 E0.02245 F2400
G1 X122.0868 Y124.2607 Z4.0548 E0.02245 F2400
G1 X122.4102 Y124.0252 Z4.0559 E0.02245 F2400
G1 X122.7217 Y123.7742 Z4.0570 E0.02245 F2400
G1 X123.0205 Y123.5082 Z4.0581 E0.02245 F2400
G1 X123.3059 Y123.2278 Z4.0592 E0.02245 F2400
G1 X123.5772 Y122.9339 Z4.0602 E0.02245 F2400
G1 X123.8338 Y122.6269 Z4.0613 E0.02245 F2400
G1 X124.0750 Y122.3077 Z4.0624 E0.02245 F2400
G1 X124.3002 Y121.9771 Z4.0635 E0.02245 F2400
G1 X124.5089 Y121.6358 Z4.0646 E0.02245 F2400
G1 X124.7006 Y121.2847 Z4.0657 E0.02245 F2400
G1 X124.8748 Y120.9245 Z4.0667 E0.02245 F2400
G1 X125.0311 Y120.5562 Z4.0678 E0.02245 F2400
G1 X125.1691 Y120.1807 Z4.0689 E0.02245 F2400
G1 X125.2884 Y119.7988 Z4.0700 E0.02245 F2400
G1 X125.3887 Y119.4116 Z4.0711 E0.02245 F2400
G1 X125.4699 Y119.0198 Z4.0721 E0.02245 F2400
G1 X125.5316 Y118.6246 Z4.0732 E0.02245 F2400
G1 X125.5738 Y118.2267 Z4.0743 E0.02245 F2400
G1 X125.5963 Y117.8273 Z4.0754 E0.02245 F2400
G1 X125.5990 Y117.4272 Z4.0765 E0.02245 F2400
G1 X125.5820 Y117.0275 Z4.0775 E0.02245 F2400
G1 X125.5453 Y116.6292 Z4.0786 E0.02245 F2400
G1 X125.4889 Y116.2331 Z4.0797 E0.02245 F2400
G1 X125.4130 Y115.8403 Z4.0808 E0.02245 F2400
G1 X125.3178 Y115.4517 Z4.0819 E0.02245 F2400
G1 X125.2034 Y115.0684 Z4.0829 E0.02245 F2400
G1 X125.0702 Y114.6911 Z4.0840 E0.02245 F2400
G1 X124.9185 Y114.3209 Z4.0851 E0.02245 F2400
G1 X124.7487 Y113.9587 Z4.0862 E0.02245 F2400
G1 X124.5611 Y113.6054 Z4.0872 E0.02245 F2400
G1 X124.3561 Y113.2618 Z4.0883 E0.02245 F2400
G1 X124.1344 Y112.9288 Z4.0894 E0.02245 F2400
G1 X123.8965 Y112.6072 Z4.0905 E0.02245 F2400
G1 X123.6428 Y112.2978 Z4.0915 E0.02245 F2400
G1 X123.3741 Y112.0014 Z4.0926 E0.02245 F2400
G1 X123.0910 Y111.7187 Z4.0937 E0.02245 F2400
G1 X122.7942 Y111.4505 Z4.0947 E0.02245 F2400
G1 X122.4844 Y111.1973 Z4.0958 E0.02245 F2400
G1 X122.1624 Y110.9599 Z4.0969 E0.02245 F2400
G1 X121.8290 Y110.7389 Z4.0980 E0.02245 F2400
G1 X121.4850 Y110.5347 Z4.0990 E0.02245 F2400
G1 X121.1312 Y110.3479 Z4.1001 E0.02245 F2400
G1 X120.7686 Y110.1789 Z4.1012 E0.02245 F2400
G1 X120.3979 Y110.0283 Z4.1022 E0.02245 F2400
G1 X120.0202 Y109.8964 Z4.1033 E0.02245 F2400
G1 X119.6365 Y109.7835 Z4.1044 E0.02245 F2400
G1 X119.2475 Y109.6898 Z4.1055 E0.02245 F2400
G1 X118.8543 Y109.6158 Z4.1065 E0.02245 F2400
G1 X118.4580 Y109.5615 Z4.1076 E0.02245 F2400
G1 X118.0594 Y109.5271 Z4.1087 E0.02245 F2400
G1 X117.6596 Y109.5127 Z4.1097 E0.02245 F2400
G1 X117.2596 Y109.5183 Z4.1108 E0.02245 F2400
G1 X116.8603 Y109.5439 Z4.1119 E0.02245 F2400
G1 X116.4629 Y109.5895 Z4.1129 E0.02245 F2400
G1 X116.0682 Y109.6550 Z4.1140 E0.02245 F2400
G1 X115.6773 Y109.7402 Z4.1150 E0.02245 F2400
G1 X115.2912 Y109.8449 Z4.1161 E0.02245 F2400
G1 X114.9108 Y109.9689 Z4.1172 E0.02245 F2400
G1 X114.5371 Y110.1118 Z4.1182 E0.02245 F2400
G1 X114.1711 Y110.2733 Z4.1193 E0.02245 F2400
G1 X113.8137 Y110.4529 Z4.1204 E0.02245 F2400
G1 X113.4657 Y110.6504 Z4.1214 E0.02245 F2400
G1 X113.1282 Y110.8651 Z4.1225 E0.02245 F2400
G1 X112.8018 Y111.0965 Z4.1236 E0.02245 F2400
G1 X112.4875 Y111.3440 Z4.1246 E0.02245 F2400
G1 X112.1861 Y111.6071 Z4.1257 E0.02245 F2400
G1 X111.8984 Y111.8850 Z4.1267 E0.02245 F2400
G1 X111.6250 Y112.1771 Z4.1278 E0.02245 F2400
G1 X111.3667 Y112.4826 Z4.1289 E0.02245 F2400
G1 X111.1241 Y112.8008 Z4.1299 E0.02245 F2400
G1 X110.8980 Y113.1308 Z4.1310 E0.02245 F2400
G1 X110.6888 Y113.4718 Z4.1320 E0.02245 F2400
G1 X110.4970 Y113.8229 Z4.1331 E0.02245 F2400
G1 X110.3233 Y114.1833 Z4.1342 E0.02245 F2400
G1 X110.1681 Y114.5520 Z4.1352 E0.02245 F2400
G1 X110.0317 Y114.9281 Z4.1363 E0.02245 F2400
G1 X109.9145 Y115.3106 Z4.1373 E0.02245 F2400
G1 X109.8169 Y115.6986 Z4.1384 E0.02245 F2400
G1 X109.7390 Y116.0910 Z4.1394 E0.02245 F2400
G1 X109.6811 Y116.4869 Z4.1405 E0.02245 F2400
G1 X109.6434 Y116.8852 Z4.1416 E0.02245 F2400
G1 X109.6260 Y117.2849 Z4.1426 E0.02245 F2400
G1 X109.6289 Y117.6849 Z4.1437 E0.02245 F2400
G1 X109.6520 Y118.0843 Z4.1447 E0.02245 F2400
G1 X109.6955 Y118.4820 Z4.1458 E0.02245 F2400
G1 X109.7591 Y118.8770 Z4.1468 E0.02245 F2400
G1 X109.8428 Y119.2682 Z4.1479 E0.02245 F2400
G1 X109.9462 Y119.6547 Z4.1489 E0.02245 F2400
G1 X110.0692 Y120.0354 Z4.1500 E0.02245 F2400
G1 X110.2114 Y120.4093 Z4.1510 E0.02245 F2400
G1 X110.3725 Y120.7755 Z4.1521 E0.02245 F2400
G1 X110.5520 Y121.1330 Z4.1531 E0.02245 F2400
G1 X110.7496 Y121.4809 Z4.1542 E0.02245 F2400
G1 X110.9646 Y121.8183 Z4.1552 E0.02245 F2400
G1 X111.1966 Y122.1442 Z4.1563 E0.02245 F2400
G1 X111.4449 Y122.4579 Z4.1573 E0.02245 F2400
G1 X111.7090 Y122.7584 Z4.1584 E0.02245 F2400
G1 X111.9880 Y123.0451 Z4.1594 E0.02245 F2400
G1 X112.2814 Y123.3171 Z4.1605 E0.02245 F2400
G1 X112.5883 Y123.5737 Z4.1615 E0.02245 F2400
G1 X112.9080 Y123.8143 Z4.1626 E0.02245 F2400
G1 X113.2395 Y124.0382 Z4.1636 E0.02245 F2400
G1 X113.5821 Y124.2448 Z4.1647 E0.02245 F2400
G1 X113.9348 Y124.4336 Z4.1657 E0.02245 F2400
G1 X114.2968 Y124.6041 Z4.1668 E0.02245 F2400
G1 X114.6670 Y124.7557 Z4.1678 E0.02245 F2400
G1 X115.0445 Y124.8881 Z4.1689 E0.02245 F2400
G1 X115.4283 Y125.0010 Z4.1699 E0.02245 F2400
G1 X115.8174 Y125.0939 Z4.1710 E0.02245 F2400
G1 X116.2108 Y125.1668 Z4.1720 E0.02245 F2400
G1 X116.6074 Y125.2193 Z4.1731 E0.02245 F2400
G1 X117.0062 Y125.2513 Z4.1741 E0.02245 F2400
G1 X117.4061 Y125.2628 Z4.1751 E0.02245 F2400
G1 X117.8061 Y125.2536 Z4.1762 E0.02245 F2400
G1 X118.2050 Y125.2239 Z4.1772 E0.02245 F2400
G1 X118.6019 Y125.1736 Z4.1783 E0.02245 F2400
G1 X118.9957 Y125.1029 Z4.1793 E0.02245 F2400
G1 X119.3853 Y125.0119 Z4.1804 E0.02245 F2400
G1 X119.7697 Y124.9010 Z4.1814 E0.02245 F2400
G1 X120.1478 Y124.7703 Z4.1824 E0.02245 F2400
G1 X120.5187 Y124.6203 Z4.1835 E0.02245 F2400
G1 X120.8813 Y124.4513 Z4.1845 E0.02245 F2400
G1 X121.2347 Y124.2638 Z4.1856 E0.02245 F2400
G1 X121.5779 Y124.0582 Z4.1866 E0.02245 F2400
G1 X121.9100 Y123.8351 Z4.1876 E0.02245 F2400
G1 X122.2301 Y123.5952 Z4.1887 E0.02245 F2400
G1 X122.5373 Y123.3389 Z4.1897 E0.02245 F2400
G1 X122.8308 Y123.0671 Z4.1908 E0.02245 F2400
G1 X123.1099 Y122.7804 Z4.1918 E0.02245 F2400
G1 X123.3736 Y122.4796 Z4.1928 E0.02245 F2400
G1 X123.6214 Y122.1655 Z4.1939 E0.02245 F2400
G1 X123.8525 Y121.8389 Z4.1949 E0.02245 F2400
G1 X124.0664 Y121.5008 Z4.1959 E0.02245 F2400
G1 X124.2623 Y121.1520 Z4.1970 E0.02245 F2400
G1 X124.4399 Y120.7935 Z4.1980 E0.02245 F2400
G1 X124.5985 Y120.4262 Z4.1991 E0.02245 F2400
G1 X124.7378 Y120.0512 Z4.2001 E0.02245 F2400
G1 X124.8574 Y119.6694 Z4.2011 E0.02245 F2400
G1 X124.9569 Y119.2819 Z4.2022 E0.02245 F2400
G1 X125.0360 Y118.8897 Z4.2032 E0.02245 F2400
G1 X125.0946 Y118.4939 Z4.2042 E0.02245 F2400
G1 X125.1324 Y118.0957 Z4.2053 E0.02245 F2400
G1 X125.1493 Y117.6960 Z4.2063 E0.02245 F2400
G1 X125.1454 Y117.2959 Z4.2073 E0.02245 F2400
G1 X125.1205 Y116.8966 Z4.2084 E0.02245 F2400
G1 X125.0748 Y116.4992 Z4.2094 E0.02245 F2400
G1 X125.0083 Y116.1047 Z4.2104 E0.02245 F2400
G1 X124.9212 Y115.7142 Z4.2115 E0.02245 F2400
G1 X124.8139 Y115.3288 Z4.2125 E0.02245 F2400
G1 X124.6864 Y114.9496 Z4.2135 E0.02245 F2400
G1 X124.5393 Y114.5775 Z4.2146 E0.02245 F2400
G1 X124.3728 Y114.2137 Z4.2156 E0.02245 F2400
G1 X124.1874 Y113.8592 Z4.2166 E0.02245 F2400
G1 X123.9837 Y113.5149 Z4.2176 E0.02245 F2400
G1 X123.7622 Y113.1817 Z4.2187 E0.02245 F2400
G1 X123.5235 Y112.8607 Z4.2197 E0.02245 F2400
G1 X123.2682 Y112.5527 Z4.2207 E0.02245 F2400
G1 X122.9970 Y112.2585 Z4.2218 E0.02245 F2400
G1 X122.7108 Y111.9790 Z4.2228 E0.02245 F2400
G1 X122.4102 Y111.7150 Z4.2238 E0.02245 F2400
G1 X122.0961 Y111.4672 Z4.2248 E0.02245 F2400
G1 X121.7694 Y111.2363 Z4.2259 E0.02245 F2400
G1 X121.4309 Y111.0230 Z4.2269 E0.02245 F2400
G1 X121.0817 Y110.8278 Z4.2279 E0.02245 F2400
G1 X120.7227 Y110.6513 Z4.2289 E0.02245 F2400
G1 X120.3548 Y110.4941 Z4.2300 E0.02245 F2400
G1 X119.9791 Y110.3565 Z4.2310 E0.02245 F2400
G1 X119.5967 Y110.2390 Z4.2320 E0.02245 F2400
G1 X119.2086 Y110.1419 Z4.2330 E0.02245 F2400
G1 X118.8159 Y110.0655 Z4.2341 E0.02245 F2400
G1 X118.4197 Y110.0100 Z4.2351 E0.02245 F2400
G1 X118.0211 Y109.9756 Z4.2361 E0.02245 F2400
G1 X117.6212 Y109.9623 Z4.2371 E0.02245 F2400
G1 X117.2212 Y109.9703 Z4.2382 E0.02245 F2400
G1 X116.8222 Y109.9995 Z4.2392 E0.02245 F2400
G1 X116.4253 Y110.0499 Z4.2402 E0.02245 F2400
G1 X116.0317 Y110.1212 Z4.2412 E0.02245 F2400
G1 X115.6424 Y110.2134 Z4.2423 E0.02245 F2400
G1 X115.2585 Y110.3262 Z4.2433 E0.02245 F2400
G1 X114.8812 Y110.4593 Z4.2443 E0.02245 F2400
G1 X114.5115 Y110.6122 Z4.2453 E0.02245 F2400
G1 X114.1505 Y110.7846 Z4.2463 E0.02245 F2400
G1 X113.7992 Y110.9760 Z4.2474 E0.02245 F2400
G1 X113.4586 Y111.1859 Z4.2484 E0.02245 F2400
G1 X113.1297 Y111.4136 Z4.2494 E0.02245 F2400
G1 X112.8134 Y111.6586 Z4.2504 E0.02245 F2400
G1 X112.5106 Y111.9201 Z4.2514 E0.02245 F2400
G1 X112.2223 Y112.1975 Z4.2524 E0.02245 F2400
G1 X111.9491 Y112.4898 Z4.2535 E0.02245 F2400
G1 X111.6920 Y112.7963 Z4.2545 E0.02245 F2400
G1 X111.4517 Y113.1162 Z4.2555 E0.02245 F2400
G1 X111.2289 Y113.4484 Z4.2565 E0.02245 F2400
G1 X111.0241 Y113.7922 Z4.2575 E0.02245 F2400
G1 X110.8381 Y114.1463 Z4.2586 E0.02245 F2400
G1 X110.6714 Y114.5100 Z4.2596 E0.02245 F2400
G1 X110.5243 Y114.8821 Z4.2606 E0.02245 F2400
G1 X110.3975 Y115.2615 Z4.2616 E0.02245 F2400
G1 X110.2913 Y115.6472 Z4.2626 E0.02245 F2400
G1 X110.2059 Y116.0381 Z4.2636 E0.02245 F2400
G1 X110.1416 Y116.4330 Z4.2646 E0.02245 F2400
G1 X110.0987 Y116.8307 Z4.2657 E0.02245 F2400
G1 X110.0773 Y117.2302 Z4.2667 E0.02245 F2400
G1 X110.0774 Y117.6303 Z4.2677 E0.02245 F2400
G1 X110.0991 Y118.0298 Z4.2687 E0.02245 F2400
G1 X110.1422 Y118.4276 Z4.2697 E0.02245 F2400
G1 X110.2068 Y118.8224 Z4.2707 E0.02245 F2400
G1 X110.2925 Y119.2132 Z4.2717 E0.02245 F2400
G1 X110.3992 Y119.5987 Z4.2727 E0.02245 F2400
G1 X110.5266 Y119.9780 Z4.2738 E0.02245 F2400
G1 X110.6744 Y120.3498 Z4.2748 E0.02245 F2400
G1 X110.8419 Y120.7131 Z4.2758 E0.02245 F2400
G1 X111.0290 Y121.0668 Z4.2768 E0.02245 F2400
G1 X111.2348 Y121.4098 Z4.2778 E0.02245 F2400
G1 X111.4590 Y121.7412 Z4.2788 E0.02245 F2400
G1 X111.7008 Y122.0599 Z4.2798 E0.02245 F2400
G1 X111.9595 Y122.3651 Z4.2808 E0.02245 F2400
G1 X112.2343 Y122.6558 Z4.2818 E0.02245 F2400
G1 X112.5246 Y122.9312 Z4.2828 E0.02245 F2400
G1 X112.8293 Y123.1903 Z4.2839 E0.02245 F2400
G1 X113.1477 Y123.4326 Z4.2849 E0.02245 F2400
G1 X113.4788 Y123.6572 Z4.2859 E0.02245 F2400
G1 X113.8217 Y123.8634 Z4.2869 E0.02245 F2400
G1 X114.1752 Y124.0507 Z4.2879 E0.02245 F2400
G1 X114.5384 Y124.2184 Z4.2889 E0.02245 F2400
G1 X114.9102 Y124.3662 Z4.2899 E0.02245 F2400
G1 X115.2895 Y124.4934 Z4.2909 E0.02245 F2400
G1 X115.6752 Y124.5998 Z4.2919 E0.02245 F2400
G1 X116.0661 Y124.6849 Z4.2929 E0.02245 F2400
G1 X116.4611 Y124.7486 Z4.2939 E0.02245 F2400
G1 X116.8589 Y124.7907 Z4.2949 E0.02245 F2400
G1 X117.2585 Y124.8109 Z4.2959 E0.02245 F2400
G1 X117.6586 Y124.8092 Z4.2969 E0.02245 F2400
G1 X118.0580 Y124.7857 Z4.2979 E0.02245 F2400
G1 X118.4554 Y124.7403 Z4.2989 E0.02245 F2400
G1 X118.8499 Y124.6733 Z4.2999 E0.02245 F2400
G1 X119.2400 Y124.5847 Z4.3009 E0.02245 F2400
G1 X119.6247 Y124.4749 Z4.3019 E0.02245 F2400
G1 X120.0028 Y124.3441 Z4.3029 E0.02245 F2400
G1 X120.3732 Y124.1928 Z4.3039 E0.02245 F2400
G1 X120.7347 Y124.0214 Z4.3049 E0.02245 F2400
G1 X121.0862 Y123.8303 Z4.3059 E0.02245 F2400
G1 X121.4267 Y123.6203 Z4.3069 E0.02245 F2400
G1 X121.7551 Y123.3918 Z4.3079 E0.02246 F2400
G1 X122.0705 Y123.1456 Z4.3089 E0.02246 F2400
G1 X122.3718 Y122.8824 Z4.3099 E0.02246 F2400
G1 X122.6582 Y122.6030 Z4.3109 E0.02246 F2400
G1 X122.9287 Y122.3083 Z4.3119 E0.02246 F2400
G1 X123.1825 Y121.9991 Z4.3129 E0.02246 F2400
G1 X123.4190 Y121.6763 Z4.3139 E0.02246 F2400
G1 X123.6372 Y121.3410 Z4.3149 E0.02246 F2400
G1 X123.8366 Y120.9941 Z4.3159 E0.02246 F2400
G1 X124.0165 Y120.6368 Z4.3169 E0.02246 F2400
G1 X124.1763 Y120.2700 Z4.3179 E0.02246 F2400
G1 X124.3156 Y119.8950 Z4.3189 E0.02246 F2400
G1 X124.4340 Y119.5128 Z4.3199 E0.02246 F2400
G1 X124.5310 Y119.1247 Z4.3209 E0.02246 F2400
G1 X124.6063 Y118.7318 Z4.3219 E0.02246 F2400
G1 X124.6598 Y118.3353 Z4.3229 E0.02246 F2400
G1 X124.6911 Y117.9364 Z4.3239 E0.02246 F2400
G1 X124.7003 Y117.5364 Z4.3249 E0.02246 F2400
G1 X124.6872 Y117.1366 Z4.3259 E0.02246 F2400
G1 X124.6519 Y116.7381 Z4.3269 E0.02246 F2400
G1 X124.5945 Y116.3421 Z4.3279 E0.02246 F2400
G1 X124.5152 Y115.9500 Z4.3289 E0.02246 F2400
G1 X124.4142 Y115.5629 Z4.3299 E0.02246 F2400
G1 X124.2918 Y115.1820 Z4.3309 E0.02246 F2400
G1 X124.1483 Y114.8085 Z4.3319 E0.02246 F2400
G1 X123.9842 Y114.4436 Z4.3329 E0.02246 F2400
G1 X123.8001 Y114.0884 Z4.3339 E0.02246 F2400
G1 X123.5963 Y113.7441 Z4.3348 E0.02246 F2400
G1 X123.3737 Y113.4117 Z4.3358 E0.02246 F2400
G1 X123.1329 Y113.0922 Z4.3368 E0.02246 F2400
G1 X122.8745 Y112.7868 Z4.3378 E0.02246 F2400
G1 X122.5995 Y112.4962 Z4.3388 E0.02246 F2400
G1 X122.3086 Y112.2215 Z4.3398 E0.02246 F2400
G1 X122.0028 Y111.9635 Z4.3408 E0.02246 F2400
G1 X121.6831 Y111.7231 Z4.3418 E0.02246 F2400
G1 X121.3503 Y111.5009 Z4.3428 E0.02246 F2400
G1 X121.0056 Y111.2978 Z4.3438 E0.02246 F2400
G1 X120.6501 Y111.1144 Z4.3447 E0.02246 F2400
G1 X120.2848 Y110.9512 Z4.3457 E0.02246 F2400
G1 X119.9109 Y110.8088 Z4.3467 E0.02246 F2400
G1 X119.5296 Y110.6877 Z4.3477 E0.02246 F2400
G1 X119.1421 Y110.5882 Z4.3487 E0.02246 F2400
G1 X118.7496 Y110.5107 Z4.3497 E0.02246 F2400
G1 X118.3534 Y110.4554 Z4.3507 E0.02246 F2400
G1 X117.9546 Y110.4225 Z4.3517 E0.02246 F2400
G1 X117.5547 Y110.4122 Z4.3526 E0.02246 F2400
G1 X117.1548 Y110.4244 Z4.3536 E0.02246 F2400
G1 X116.7562 Y110.4592 Z4.3546 E0.02246 F2400
G1 X116.3603 Y110.5165 Z4.3556 E0.02246 F2400
G1 X115.9682 Y110.5960 Z4.3566 E0.02246 F2400
G1 X115.5812 Y110.6976 Z4.3576 E0.02246 F2400
G1 X115.2006 Y110.8210 Z4.3586 E0.02246 F2400
G1 X114.8276 Y110.9657 Z4.3595 E0.02246 F2400
G1 X114.4634 Y111.1312 Z4.3605 E0.02246 F2400
G1 X114.1092 Y111.3172 Z4.3615 E0.02246 F2400
G1 X113.7660 Y111.5230 Z4.3625 E0.02246 F2400
G1 X113.4351 Y111.7479 Z4.3635 E0.02246 F2400
G1 X113.1176 Y111.9912 Z4.3645 E0.02246 F2400
G1 X112.8143 Y112.2522 Z4.3654 E0.02246 F2400
G1 X112.5264 Y112.5300 Z4.3664 E0.02246 F2400
G1 X112.2547 Y112.8237 Z4.3674 E0.02246 F2400
G1 X112.0002 Y113.1324 Z4.3684 E0.02246 F2400
G1 X111.7637 Y113.4551 Z4.3694 E0.02246 F2400
G1 X111.5460 Y113.7907 Z4.3704 E0.02246 F2400
G1 X111.3478 Y114.1382 Z4.3713 E0.02246 F2400
G1 X111.1697 Y114.4965 Z4.3723 E0.02246 F2400
G1 X111.0123 Y114.8643 Z4.3733 E0.02246 F2400
G1 X110.8762 Y115.2406 Z4.3743 E0.02246 F2400
G1 X110.7618 Y115.6239 Z4.3753 E0.02246 F2400
G1 X110.6696 Y116.0132 Z4.3762 E0.02246 F2400
G1 X110.5998 Y116.4072 Z4.3772 E0.02246 F2400
G1 X110.5526 Y116.8045 Z4.3782 E0.02246 F2400
G1 X110.5282 Y117.2038 Z4.3792 E0.02246 F2400
G1 X110.5268 Y117.6039 Z4.3802 E0.02246 F2400
G1 X110.5484 Y118.0034 Z4.3811 E0.02246 F2400
G1 X110.5928 Y118.4010 Z4.3821 E0.02246 F2400
G1 X110.6600 Y118.7954 Z4.3831 E0.02246 F2400
G1 X110.7497 Y119.1853 Z4.3841 E0.02246 F2400
G1 X110.8617 Y119.5694 Z4.3850 E0.02246 F2400
G1 X110.9956 Y119.9464 Z4.3860 E0.02246 F2400
G1 X111.1510 Y120.3151 Z4.3870 E0.02246 F2400
G1 X111.3273 Y120.6742 Z4.3880 E0.02246 F2400
G1 X111.5241 Y121.0226 Z4.3889 E0.02246 F2400
G1 X111.7406 Y121.3590 Z4.3899 E0.02246 F2400
G1 X111.9762 Y121.6824 Z4.3909 E0.02246 F2400
G1 X112.2300 Y121.9917 Z4.3919 E0.02246 F2400
G1 X112.5013 Y122.2857 Z4.3928 E0.02246 F2400
G1 X112.7891 Y122.5636 Z4.3938 E0.02246 F2400
G1 X113.0925 Y122.8244 Z4.3948 E0.02246 F2400
G1 X113.4105 Y123.0673 Z4.3958 E0.02246 F2400
G1 X113.7420 Y123.2912 Z4.3967 E0.02246 F2400
G1 X114.0859 Y123.4957 Z4.3977 E0.02246 F2400
G1 X114.4411 Y123.6798 Z4.3987 E0.02246 F2400
G1 X114.8064 Y123.8430 Z4.3997 E0.02246 F2400
G1 X115.1805 Y123.9848 Z4.4006 E0.02246 F2400
G1 X115.5622 Y124.1045 Z4.4016 E0.02246 F2400
G1 X115.9503 Y124.2019 Z4.4026 E0.02246 F2400
G1 X116.3433 Y124.2766 Z4.4035 E0.02246 F2400
G1 X116.7401 Y124.3283 Z4.4045 E0.02246 F2400
G1 X117.1391 Y124.3568 Z4.4055 E0.02246 F2400
G1 X117.5392 Y124.3620 Z4.4065 E0.02246 F2400
G1 X117.9389 Y124.3439 Z4.4074 E0.02246 F2400
G1 X118.3368 Y124.3025 Z4.4084 E0.02246 F2400
G1 X118.7317 Y124.2379 Z4.4094 E0.02246 F2400
G1 X119.1221 Y124.1504 Z4.4103 E0.02246 F2400
G1 X119.5067 Y124.0403 Z4.4113 E0.02246 F2400
G1 X119.8842 Y123.9078 Z4.4123 E0.02246 F2400
G1 X120.2533 Y123.7535 Z4.4132 E0.02246 F2400
G1 X120.6128 Y123.5778 Z4.4142 E0.02246 F2400
G1 X120.9614 Y123.3814 Z4.4152 E0.02246 F2400
G1 X121.2978 Y123.1649 Z4.4161 E0.02246 F2400
G1 X121.6210 Y122.9291 Z4.4171 E0.02246 F2400
G1 X121.9298 Y122.6747 Z4.4181 E0.02246 F2400
G1 X122.2231 Y122.4026 Z4.4190 E0.02246 F2400
G1 X122.4999 Y122.1137 Z4.4200 E0.02246 F2400
G1 X122.7593 Y121.8091 Z4.4210 E0.02246 F2400
G1 X123.0003 Y121.4897 Z4.4219 E0.02246 F2400
G1 X123.2221 Y121.1568 Z4.4229 E0.02246 F2400
G1 X123.4239 Y120.8113 Z4.4239 E0.02246 F2400
G1 X123.6049 Y120.4545 Z4.4248 E0.02246 F2400
G1 X123.7647 Y120.0877 Z4.4258 E0.02246 F2400
G1 X123.9025 Y119.7121 Z4.4268 E0.02246 F2400
G1 X124.0178 Y119.3290 Z4.4277 E0.02246 F2400
G1 X124.1104 Y118.9397 Z4.4287 E0.02246 F2400
G1 X124.1798 Y118.5457 Z4.4297 E0.02246 F2400
G1 X124.2257 Y118.1483 Z4.4306 E0.02246 F2400
G1 X124.2481 Y117.7488 Z4.4316 E0.02246 F2400
G1 X124.2467 Y117.3487 Z4.4326 E0.02246 F2400
G1 X124.2216 Y116.9494 Z4.4335 E0.02246 F2400
G1 X124.1729 Y116.5523 Z4.4345 E0.02246 F2400
G1 X124.1008 Y116.1588 Z4.4354 E0.02246 F2400
G1 X124.0053 Y115.7702 Z4.4364 E0.02246 F2400
G1 X123.8870 Y115.3880 Z4.4374 E0.02246 F2400
G1 X123.7462 Y115.0136 Z4.4383 E0.02246 F2400
G1 X123.5833 Y114.6481 Z4.4393 E0.02246 F2400
G1 X123.3990 Y114.2930 Z4.4402 E0.02246 F2400
G1 X123.1938 Y113.9495 Z4.4412 E0.02246 F2400
G1 X122.9685 Y113.6189 Z4.4422 E0.02246 F2400
G1 X122.7239 Y113.3023 Z4.4431 E0.02246 F2400
G1 X122.4609 Y113.0008 Z4.4441 E0.02246 F2400
G1 X122.1803 Y112.7156 Z4.4450 E0.02246 F2400
G1 X121.8832 Y112.4477 Z4.4460 E0.02246 F2400
G1 X121.5706 Y112.1980 Z4.4470 E0.02246 F2400
G1 X121.2436 Y111.9674 Z4.4479 E0.02246 F2400
G1 X120.9034 Y111.7569 Z4.4489 E0.02246 F2400
G1 X120.5512 Y111.5671 Z4.4498 E0.02246 F2400
G1 X120.1882 Y111.3987 Z4.4508 E0.02246 F2400
G1 X119.8158 Y111.2525 Z4.4518 E0.02246 F2400
G1 X119.4353 Y111.1288 Z4.4527 E0.02246 F2400
G1 X119.0481 Y111.0283 Z4.4537 E0.02246 F2400
G1 X118.6555 Y110.9511 Z4.4546 E0.02246 F2400
G1 X118.2590 Y110.8978 Z4.4556 E0.02246 F2400
G1 X117.8599 Y110.8684 Z4.4565 E0.02246 F2400
G1 X117.4599 Y110.8631 Z4.4575 E0.02246 F2400
G1 X117.0602 Y110.8818 Z4.4584 E0.02246 F2400
G1 X116.6624 Y110.9247 Z4.4594 E0.02246 F2400
G1 X116.2680 Y110.9915 Z4.4604 E0.02246 F2400
G1 X115.8782 Y111.0820 Z4.4613 E0.02246 F2400
G1 X115.4947 Y111.1958 Z4.4623 E0.02246 F2400
G1 X115.1187 Y111.3326 Z4.4632 E0.02246 F2400
G1 X114.7517 Y111.4920 Z4.4642 E0.02246 F2400
G1 X114.3950 Y111.6732 Z4.4651 E0.02246 F2400
G1 X114.0500 Y111.8758 Z4.4661 E0.02246 F2400
G1 X113.7178 Y112.0988 Z4.4670 E0.02246 F2400
G1 X113.3998 Y112.3416 Z4.4680 E0.02246 F2400
G1 X113.0972 Y112.6033 Z4.4689 E0.02246 F2400
G1 X112.8109 Y112.8828 Z4.4699 E0.02246 F2400
G1 X112.5422 Y113.1793 Z4.4708 E0.02246 F2400
G1 X112.2921 Y113.4915 Z4.4718 E0.02246 F2400
G1 X112.0613 Y113.8184 Z4.4727 E0.02246 F2400
G1 X111.8509 Y114.1587 Z4.4737 E0.02246 F2400
G1 X111.6617 Y114.5112 Z4.4746 E0.02246 F2400
G1 X111.4943 Y114.8746 Z4.4756 E0.02246 F2400
G1 X111.3493 Y115.2475 Z4.4765 E0.02246 F2400
G1 X111.2275 Y115.6286 Z4.4775 E0.02246 F2400
G1 X111.1291 Y116.0164 Z4.4784 E0.02246 F2400
G1 X111.0546 Y116.4095 Z4.4794 E0.02246 F2400
G1 X111.0043 Y116.8064 Z4.4803 E0.02246 F2400
G1 X110.9784 Y117.2056 Z4.4813 E0.02246 F2400
G1 X110.9770 Y117.6057 Z4.4822 E0.02246 F2400
G1 X111.0002 Y118.0052 Z4.4832 E0.02246 F2400
G1 X111.0478 Y118.4024 Z4.4841 E0.02246 F2400
G1 X111.1196 Y118.7960 Z4.4851 E0.02246 F2400
G1 X111.2156 Y119.1844 Z4.4860 E0.02246 F2400
G1 X111.3352 Y119.5662 Z4.4870 E0.02246 F2400
G1 X111.4781 Y119.9399 Z4.4879 E0.02246 F2400
G1 X111.6437 Y120.3041 Z4.4889 E0.02246 F2400
G1 X111.8315 Y120.6575 Z4.4898 E0.02246 F2400
G1 X112.0406 Y120.9985 Z4.4908 E0.02246 F2400
G1 X112.2704 Y121.3261 Z4.4917 E0.02246 F2400
G1 X112.5200 Y121.6388 Z4.4927 E0.02246 F2400
G1 X112.7884 Y121.9355 Z4.4936 E0.02246 F2400
G1 X113.0746 Y122.2150 Z4.4945 E0.02246 F2400
G1 X113.3776 Y122.4763 Z4.4955 E0.02246 F2400
G1 X113.6962 Y122.7184 Z4.4964 E0.02246 F2400
G1 X114.0291 Y122.9403 Z4.4974 E0.02246 F2400
G1 X114.3752 Y123.1411 Z4.4983 E0.02246 F2400
G1 X114.7330 Y123.3200 Z4.4993 E0.02246 F2400
G1 X115.1013 Y123.4764 Z4.5002 E0.02246 F2400
G1 X115.4786 Y123.6097 Z4.5012 E0.02246 F2400
G1 X115.8634 Y123.7192 Z4.5021 E0.02246 F2400
G1 X116.2543 Y123.8046 Z4.5030 E0.02246 F2400
G1 X116.6497 Y123.8655 Z4.5040 E0.02246 F2400
G1 X117.0482 Y123.9016 Z4.5049 E0.02246 F2400
G1 X117.4481 Y123.9129 Z4.5059 E0.02246 F2400
G1 X117.8480 Y123.8992 Z4.5068 E0.02246 F2400
G1 X118.2462 Y123.8605 Z4.5078 E0.02246 F2400
G1 X118.6412 Y123.7971 Z4.5087 E0.02246 F2400
G1 X119.0315 Y123.7091 Z4.5096 E0.02246 F2400
G1 X119.4156 Y123.5969 Z4.5106 E0.02246 F2400
G1 X119.7918 Y123.4608 Z4.5115 E0.02246 F2400
G1 X120.1588 Y123.3015 Z4.5125 E0.02246 F2400
G1 X120.5151 Y123.1194 Z4.5134 E0.02246 F2400
G1 X120.8593 Y122.9154 Z4.5143 E0.02246 F2400
G1 X121.1900 Y122.6902 Z4.5153 E0.02246 F2400
G1 X121.5059 Y122.4447 Z4.5162 E0.02246 F2400
G1 X121.8057 Y122.1798 Z4.5172 E0.02246 F2400
G1 X122.0883 Y121.8965 Z4.5181 E0.02246 F2400
G1 X122.3525 Y121.5961 Z4.5190 E0.02246 F2400
G1 X122.5973 Y121.2796 Z4.5200 E0.02246 F2400
G1 X122.8216 Y120.9483 Z4.5209 E0.02246 F2400
G1 X123.0246 Y120.6035 Z4.5218 E0.02246 F2400
G1 X123.2054 Y120.2466 Z4.5228 E0.02246 F2400
G1 X123.3634 Y119.8790 Z4.5237 E0.02246 F2400
G1 X123.4977 Y119.5021 Z4.5247 E0.02246 F2400
G1 X123.6080 Y119.1175 Z4.5256 E0.02246 F2400
G1 X123.6937 Y118.7267 Z4.5265 E0.02246 F2400
G1 X123.7545 Y118.3312 Z4.5275 E0.02246 F2400
G1 X123.7901 Y117.9327 Z4.5284 E0.02246 F2400
G1 X123.8003 Y117.5327 Z4.5293 E0.02246 F2400
G1 X123.7851 Y117.1329 Z4.5303 E0.02246 F2400
G1 X123.7446 Y116.7349 Z4.5312 E0.02246 F2400
G1 X123.6788 Y116.3402 Z4.5321 E0.02246 F2400
G1 X123.5881 Y115.9505 Z4.5331 E0.02246 F2400
G1 X123.4727 Y115.5674 Z4.5340 E0.02246 F2400
G1 X123.3332 Y115.1924 Z4.5349 E0.02246 F2400
G1 X123.1700 Y114.8271 Z4.5359 E0.02246 F2400
G1 X122.9839 Y114.4729 Z4.5368 E0.02246 F2400
G1 X122.7755 Y114.1314 Z4.5377 E0.02246 F2400
G1 X122.5458 Y113.8038 Z4.5387 E0.02246 F2400
G1 X122.2955 Y113.4916 Z4.5396 E0.02246 F2400
G1 X122.0258 Y113.1961 Z4.5405 E0.02246 F2400
G1 X121.7378 Y112.9184 Z4.5415 E0.02246 F2400
G1 X121.4325 Y112.6598 Z4.5424 E0.02246 F2400
G1 X121.1113 Y112.4212 Z4.5433 E0.02246 F2400
G1 X120.7754 Y112.2038 Z4.5443 E0.02246 F2400
G1 X120.4262 Y112.0084 Z4.5452 E0.02246 F2400
G1 X120.0653 Y111.8359 Z4.5461 E0.02246 F2400
G1 X119.6939 Y111.6869 Z4.5471 E0.02246 F2400
G1 X119.3138 Y111.5621 Z4.5480 E0.02246 F2400
G1 X118.9264 Y111.4621 Z4.5489 E0.02246 F2400
G1 X118.5333 Y111.3872 Z4.5498 E0.02246 F2400
G1 X118.1363 Y111.3379 Z4.5508 E0.02246 F2400
G1 X117.7369 Y111.3143 Z4.5517 E0.02246 F2400
G1 X117.3368 Y111.3165 Z4.5526 E0.02246 F2400
G1 X116.9376 Y111.3447 Z4.5536 E0.02246 F2400
G1 X116.5412 Y111.3985 Z4.5545 E0.02246 F2400
G1 X116.1490 Y111.4780 Z4.5554 E0.02246 F2400
G1 X115.7629 Y111.5827 Z4.5564 E0.02246 F2400
G1 X115.3843 Y111.7122 Z4.5573 E0.02246 F2400
G1 X115.0149 Y111.8660 Z4.5582 E0.02246 F2400
G1 X114.6563 Y112.0434 Z4.5591 E0.02246 F2400
G1 X114.3100 Y112.2438 Z4.5601 E0.02246 F2400
G1 X113.9775 Y112.4663 Z4.5610 E0.02246 F2400
G1 X113.6601 Y112.7100 Z4.5619 E0.02246 F2400
G1 X113.3593 Y112.9738 Z4.5628 E0.02246 F2400
G1 X113.0764 Y113.2567 Z4.5638 E0.02246 F2400
G1 X112.8125 Y113.5574 Z4.5647 E0.02246 F2400
G1 X112.5688 Y113.8748 Z4.5656 E0.02246 F2400
G1 X112.3463 Y114.2073 Z4.5665 E0.02246 F2400
G1 X112.1461 Y114.5537 Z4.5675 E0.02246 F2400
G1 X111.9690 Y114.9125 Z4.5684 E0.02246 F2400
G1 X111.8157 Y115.2821 Z4.5693 E0.02246 F2400
G1 X111.6870 Y115.6610 Z4.5702 E0.02246 F2400
G1 X111.5835 Y116.0474 Z4.5712 E0.02246 F2400
G1 X111.5055 Y116.4399 Z4.5721 E0.02246 F2400
G1 X111.4535 Y116.8366 Z4.5730 E0.02246 F2400
G1 X111.4276 Y117.2359 Z4.5739 E0.02246 F2400
G1 X111.4281 Y117.6360 Z4.5749 E0.02246 F2400
G1 X111.4550 Y118.0352 Z4.5758 E0.02246 F2400
G1 X111.5081 Y118.4318 Z4.5767 E0.02246 F2400
G1 X111.5872 Y118.8240 Z4.5776 E0.02246 F2400
G1 X111.6920 Y119.2101 Z4.5786 E0.02246 F2400
G1 X111.8222 Y119.5885 Z4.5795 E0.02246 F2400
G1 X111.9770 Y119.9574 Z4.5804 E0.02246 F2400
G1 X112.1559 Y120.3153 Z4.5813 E0.02246 F2400
G1 X112.3581 Y120.6605 Z4.5822 E0.02246 F2400
G1 X112.5828 Y120.9916 Z4.5832 E0.02246 F2400
G1 X112.8289 Y121.3071 Z4.5841 E0.02246 F2400
G1 X113.0954 Y121.6055 Z4.5850 E0.02246 F2400
G1 X113.3812 Y121.8856 Z4.5859 E0.02246 F2400
G1 X113.6849 Y122.1461 Z4.5868 E0.02246 F2400
G1 X114.0053 Y122.3857 Z4.5878 E0.02246 F2400
G1 X114.3409 Y122.6036 Z4.5887 E0.02246 F2400
G1 X114.6903 Y122.7985 Z4.5896 E0.02246 F2400
G1 X115.0519 Y122.9698 Z4.5905 E0.02246 F2400
G1 X115.4241 Y123.1165 Z4.5914 E0.02246 F2400
G1 X115.8053 Y123.2380 Z4.5924 E0.02246 F2400
G1 X116.1938 Y123.3338 Z4.5933 E0.02246 F2400
G1 X116.5878 Y123.4034 Z4.5942 E0.02246 F2400
G1 X116.9856 Y123.4465 Z4.5951 E0.02246 F2400
G1 X117.3854 Y123.4628 Z4.5960 E0.02246 F2400
G1 X117.7854 Y123.4522 Z4.5969 E0.02246 F2400
G1 X118.1838 Y123.4149 Z4.5979 E0.02246 F2400
G1 X118.5787 Y123.3508 Z4.5988 E0.02246 F2400
G1 X118.9685 Y123.2604 Z4.5997 E0.02246 F2400
G1 X119.3513 Y123.1439 Z4.6006 E0.02246 F2400
G1 X119.7253 Y123.0020 Z4.6015 E0.02246 F2400
G1 X120.0890 Y122.8351 Z4.6024 E0.02246 F2400
G1 X120.4406 Y122.6441 Z4.6034 E0.02246 F2400
G1 X120.7785 Y122.4298 Z4.6043 E0.02246 F2400
G1 X121.1012 Y122.1932 Z4.6052 E0.02246 F2400
G1 X121.4071 Y121.9353 Z4.6061 E0.02246 F2400
G1 X121.6948 Y121.6573 Z4.6070 E0.02246 F2400
G1 X121.9631 Y121.3605 Z4.6079 E0.02246 F2400
G1 X122.2107 Y121.0461 Z4.6088 E0.02246 F2400
G1 X122.4363 Y120.7157 Z4.6098 E0.02246 F2400
G1 X122.6390 Y120.3707 Z4.6107 E0.02246 F2400
G1 X122.8178 Y120.0128 Z4.6116 E0.02246 F2400
G1 X122.9719 Y119.6435 Z4.6125 E0.02246 F2400
G1 X123.1004 Y119.2646 Z4.6134 E0.02246 F2400
G1 X123.2029 Y118.8778 Z4.6143 E0.02246 F2400
G1 X123.2787 Y118.4850 Z4.6152 E0.02246 F2400
G1 X123.3276 Y118.0879 Z4.6162 E0.02246 F2400
G1 X123.3493 Y117.6883 Z4.6171 E0.02246 F2400
G1 X123.3436 Y117.2882 Z4.6180 E0.02246 F2400
G1 X123.3105 Y116.8895 Z4.6189 E0.02246 F2400
G1 X123.2502 Y116.4939 Z4.6198 E0.02246 F2400
G1 X123.1630 Y116.1034 Z4.6207 E0.02246 F2400
G1 X123.0492 Y115.7198 Z4.6216 E0.02246 F2400
G1 X122.9094 Y115.3450 Z4.6225 E0.02246 F2400
G1 X122.7441 Y114.9806 Z4.6234 E0.02246 F2400
G1 X122.5542 Y114.6284 Z4.6244 E0.02246 F2400
G1 X122.3405 Y114.2901 Z4.6253 E0.02246 F2400
G1 X122.1040 Y113.9674 Z4.6262 E0.02246 F2400
G1 X121.8458 Y113.6617 Z4.6271 E0.02246 F2400
G1 X121.5672 Y113.3745 Z4.6280 E0.02246 F2400
G1 X121.2694 Y113.1073 Z4.6289 E0.02246 F2400
G1 X120.9539 Y112.8613 Z4.6298 E0.02246 F2400
G1 X120.6220 Y112.6376 Z4.6307 E0.02246 F2400
G1 X120.2756 Y112.4375 Z4.6316 E0.02246 F2400
G1 X119.9160 Y112.2619 Z4.6325 E0.02246 F2400
G1 X119.5452 Y112.1116 Z4.6334 E0.02246 F2400
G1 X119.1649 Y111.9874 Z4.6343 E0.02246 F2400
G1 X118.7768 Y111.8899 Z4.6353 E0.02246 F2400
G1 X118.3829 Y111.8197 Z4.6362 E0.02246 F2400
G1 X117.9850 Y111.7770 Z4.6371 E0.02246 F2400
G1 X117.5852 Y111.7621 Z4.6380 E0.02246 F2400
G1 X117.1853 Y111.7751 Z4.6389 E0.02246 F2400
G1 X116.7873 Y111.8159 Z4.6398 E0.02246 F2400
G1 X116.3930 Y111.8845 Z4.6407 E0.02246 F2400
G1 X116.0046 Y111.9804 Z4.6416 E0.02246 F2400
G1 X115.6238 Y112.1033 Z4.6425 E0.02246 F2400
G1 X115.2525 Y112.2525 Z4.6434 E0.02246 F2400
G1 X114.8926 Y112.4274 Z4.6443 E0.02246 F2400
G1 X114.5459 Y112.6270 Z4.6452 E0.02246 F2400
G1 X114.2140 Y112.8505 Z4.6461 E0.02246 F2400
G1 X113.8986 Y113.0968 Z4.6470 E0.02246 F2400
G1 X113.6014 Y113.3646 Z4.6479 E0.02246 F2400
G1 X113.3237 Y113.6527 Z4.6488 E0.02246 F2400
G1 X113.0670 Y113.9596 Z4.6497 E0.02246 F2400
G1 X112.8325 Y114.2839 Z4.6506 E0.02246 F2400
G1 X112.6216 Y114.6239 Z4.6515 E0.02246 F2400
G1 X112.4351 Y114.9779 Z4.6524 E0.02246 F2400
G1 X112.2742 Y115.3442 Z4.6534 E0.02246 F2400
G1 X112.1395 Y115.7210 Z4.6543 E0.02246 F2400
G1 X112.0319 Y116.1064 Z4.6552 E0.02246 F2400
G1 X111.9519 Y116.4985 Z4.6561 E0.02246 F2400
G1 X111.8999 Y116.8952 Z4.6570 E0.02246 F2400
G1 X111.8761 Y117.2946 Z4.6579 E0.02246 F2400
G1 X111.8809 Y117.6947 Z4.6588 E0.02246 F2400
G1 X111.9140 Y118.0935 Z4.6597 E0.02246 F2400
G1 X111.9755 Y118.4889 Z4.6606 E0.02246 F2400
G1 X112.0650 Y118.8789 Z4.6615 E0.02246 F2400
G1 X112.1820 Y119.2615 Z4.6624 E0.02246 F2400
G1 X112.3261 Y119.6348 Z4.6633 E0.02246 F2400
G1 X112.4965 Y119.9968 Z4.6642 E0.02246 F2400
G1 X112.6924 Y120.3457 Z4.6651 E0.02246 F2400
G1 X112.9127 Y120.6797 Z4.6660 E0.02246 F2400
G1 X113.1564 Y120.9971 Z4.6669 E0.02246 F2400
G1 X113.4222 Y121.2962 Z4.6678 E0.02246 F2400
G1 X113.7088 Y121.5754 Z4.6687 E0.02246 F2400
G1 X114.0147 Y121.8333 Z4.6696 E0.02246 F2400
G1 X114.3384 Y122.0686 Z4.6705 E0.02246 F2400
G1 X114.6782 Y122.2799 Z4.6714 E0.02246 F2400
G1 X115.0323 Y122.4662 Z4.6723 E0.02246 F2400
G1 X115.3989 Y122.6265 Z4.6732 E0.02246 F2400
G1 X115.7761 Y122.7599 Z4.6740 E0.02246 F2400
G1 X116.1620 Y122.8657 Z4.6749 E0.02246 F2400
G1 X116.5546 Y122.9433 Z4.6758 E0.02246 F2400
G1 X116.9517 Y122.9923 Z4.6767 E0.02246 F2400
G1 X117.3513 Y123.0124 Z4.6776 E0.02246 F2400
G1 X117.7513 Y123.0035 Z4.6785 E0.02246 F2400
G1 X118.1497 Y122.9655 Z4.6794 E0.02246 F2400
G1 X118.5442 Y122.8988 Z4.6803 E0.02246 F2400
G1 X118.9328 Y122.8035 Z4.6812 E0.02246 F2400
G1 X119.3135 Y122.6801 Z4.6821 E0.02246 F2400
G1 X119.6841 Y122.5294 Z4.6830 E0.02246 F2400
G1 X120.0428 Y122.3520 Z4.6839 E0.02246 F2400
G1 X120.3876 Y122.1489 Z4.6848 E0.02246 F2400
G1 X120.7166 Y121.9212 Z4.6857 E0.02246 F2400
G1 X121.0280 Y121.6700 Z4.6866 E0.02246 F2400
G1 X121.3203 Y121.3967 Z4.6875 E0.02246 F2400
G1 X121.5917 Y121.1026 Z4.6884 E0.02246 F2400
G1 X121.8408 Y120.7895 Z4.6893 E0.02246 F2400
G1 X122.0663 Y120.4590 Z4.6902 E0.02246 F2400
G1 X122.2668 Y120.1127 Z4.6911 E0.02246 F2400
G1 X122.4414 Y119.7526 Z4.6920 E0.02246 F2400
G1 X122.5889 Y119.3807 Z4.6928 E0.02246 F2400
G1 X122.7087 Y118.9989 Z4.6937 E0.02246 F2400
G1 X122.7999 Y118.6093 Z4.6946 E0.02246 F2400
G1 X122.8621 Y118.2140 Z4.6955 E0.02246 F2400
G1 X122.8950 Y117.8152 Z4.6964 E0.02246 F2400
G1 X122.8982 Y117.4151 Z4.6973 E0.02246 F2400
G1 X122.8718 Y117.0158 Z4.6982 E0.02246 F2400
G1 X122.8158 Y116.6196 Z4.6991 E0.02246 F2400
G1 X122.7306 Y116.2287 Z4.7000 E0.02246 F2400
G1 X122.6166 Y115.8451 Z4.7009 E0.02246 F2400
G1 X122.4744 Y115.4711 Z4.7018 E0.02246 F2400
G1 X122.3048 Y115.1087 Z4.7026 E0.02246 F2400
G1 X122.1086 Y114.7600 Z4.7035 E0.02246 F2400
G1 X121.8869 Y114.4268 Z4.7044 E0.02246 F2400
G1 X121.6410 Y114.1112 Z4.7053 E0.02246 F2400
G1 X121.3722 Y113.8148 Z4.7062 E0.02246 F2400
G1 X121.0819 Y113.5393 Z4.7071 E0.02246 F2400
G1 X120.7719 Y113.2864 Z4.7080 E0.02246 F2400
G1 X120.4437 Y113.0574 Z4.7089 E0.02246 F2400
G1 X120.0993 Y112.8536 Z4.7098 E0.02246 F2400
G1 X119.7406 Y112.6763 Z4.7107 E0.02246 F2400
G1 X119.3696 Y112.5265 Z4.7115 E0.02246 F2400
G1 X118.9883 Y112.4051 Z4.7124 E0.02246 F2400
G1 X118.5990 Y112.3127 Z4.7133 E0.02246 F2400
G1 X118.2038 Y112.2499 Z4.7142 E0.02246 F2400
G1 X117.8050 Y112.2172 Z4.7151 E0.02246 F2400
G1 X117.4048 Y112.2146 Z4.7160 E0.02246 F2400
G1 X117.0057 Y112.2424 Z4.7169 E0.02246 F2400
G1 X116.6097 Y112.3003 Z4.7177 E0.02246 F2400
G1 X116.2193 Y112.3881 Z4.7186 E0.02246 F2400
G1 X115.8367 Y112.5052 Z4.7195 E0.02246 F2400
G1 X115.4641 Y112.6510 Z4.7204 E0.02246 F2400
G1 X115.1036 Y112.8248 Z4.7213 E0.02246 F2400
G1 X114.7574 Y113.0255 Z4.7222 E0.02246 F2400
G1 X114.4276 Y113.2520 Z4.7231 E0.02246 F2400
G1 X114.1159 Y113.5030 Z4.7239 E0.02246 F2400
G1 X113.8244 Y113.7770 Z4.7248 E0.02246 F2400
G1 X113.5546 Y114.0726 Z4.7257 E0.02246 F2400
G1 X113.3082 Y114.3879 Z4.7266 E0.02246 F2400
G1 X113.0867 Y114.7212 Z4.7275 E0.02246 F2400
G1 X112.8915 Y115.0704 Z4.7284 E0.02246 F2400
G1 X112.7236 Y115.4337 Z4.7293 E0.02246 F2400
G1 X112.5841 Y115.8087 Z4.7301 E0.02246 F2400
G1 X112.4738 Y116.1934 Z4.7310 E0.02246 F2400
G1 X112.3936 Y116.5854 Z4.7319 E0.02246 F2400
G1 X112.3437 Y116.9824 Z4.7328 E0.02246 F2400
G1 X112.3247 Y117.3821 Z4.7337 E0.02246 F2400
G1 X112.3366 Y117.7821 Z4.7346 E0.02246 F2400
G1 X112.3794 Y118.1800 Z4.7354 E0.02246 F2400
G1 X112.4529 Y118.5733 Z4.7363 E0.02246 F2400
G1 X112.5566 Y118.9598 Z4.7372 E0.02246 F2400
G1 X112.6900 Y119.3371 Z4.7381 E0.02246 F2400
G1 X112.8523 Y119.7028 Z4.7390 E0.02246 F2400
G1 X113.0425 Y120.0549 Z4.7398 E0.02246 F2400
G1 X113.2596 Y120.3910 Z4.7407 E0.02246 F2400
G1 X113.5022 Y120.7092 Z4.7416 E0.02246 F2400
G1 X113.7689 Y121.0076 Z4.7425 E0.02246 F2400
G1 X114.0581 Y121.2842 Z4.7434 E0.02246 F2400
G1 X114.3680 Y121.5373 Z4.7442 E0.02246 F2400
G1 X114.6967 Y121.7654 Z4.7451 E0.02246 F2400
G1 X115.0424 Y121.9671 Z4.7460 E0.02246 F2400
G1 X115.4028 Y122.1410 Z4.7469 E0.02246 F2400
G1 X115.7757 Y122.2861 Z4.7478 E0.02246 F2400
G1 X116.1589 Y122.4015 Z4.7486 E0.02246 F2400
G1 X116.5499 Y122.4863 Z4.7495 E0.02246 F2400
G1 X116.9465 Y122.5400 Z4.7504 E0.02246 F2400
G1 X117.3460 Y122.5623 Z4.7513 E0.02246 F2400
G1 X117.7460 Y122.5530 Z4.7522 E0.02246 F2400
G1 X118.1441 Y122.5121 Z4.7530 E0.02246 F2400
G1 X118.5377 Y122.4399 Z4.7539 E0.02246 F2400
G1 X118.9243 Y122.3366 Z4.7548 E0.02246 F2400
G1 X119.3015 Y122.2031 Z4.7557 E0.02246 F2400
G1 X119.6669 Y122.0400 Z4.7565 E0.02246 F2400
G1 X120.0182 Y121.8484 Z4.7574 E0.02246 F2400
G1 X120.3532 Y121.6294 Z4.7583 E0.02246 F2400
G1 X120.6696 Y121.3844 Z4.7592 E0.02246 F2400
G1 X120.9655 Y121.1150 Z4.7601 E0.02246 F2400
G1 X121.2389 Y120.8228 Z4.7609 E0.02246 F2400
G1 X121.4881 Y120.5097 Z4.7618 E0.02246 F2400
G1 X121.7114 Y120.1777 Z4.7627 E0.02246 F2400
G1 X121.9074 Y119.8288 Z4.7636 E0.02246 F2400
G1 X122.0748 Y119.4653 Z4.7644 E0.02246 F2400
G1 X122.2124 Y119.0896 Z4.7653 E0.02246 F2400
G1 X122.3194 Y118.7040 Z4.7662 E0.02246 F2400
G1 X122.3950 Y118.3110 Z4.7671 E0.02246 F2400
G1 X122.4387 Y117.9132 Z4.7679 E0.02246 F2400
G1 X122.4502 Y117.5132 Z4.7688 E0.02246 F2400
G1 X122.4293 Y117.1136 Z4.7697 E0.02246 F2400
G1 X122.3761 Y116.7170 Z4.7705 E0.02246 F2400
G1 X122.2910 Y116.3260 Z4.7714 E0.02246 F2400
G1 X122.1745 Y115.9431 Z4.7723 E0.02246 F2400
G1 X122.0273 Y115.5710 Z4.7732 E0.02246 F2400
G1 X121.8504 Y115.2121 Z4.7740 E0.02246 F2400
G1 X121.6448 Y114.8688 Z4.7749 E0.02246 F2400
G1 X121.4120 Y114.5433 Z4.7758 E0.02246 F2400
G1 X121.1534 Y114.2379 Z4.7767 E0.02246 F2400
G1 X120.8707 Y113.9547 Z4.7775 E0.02246 F2400
G1 X120.5658 Y113.6955 Z4.7784 E0.02246 F2400
G1 X120.2408 Y113.4621 Z4.7793 E0.02246 F2400
G1 X119.8977 Y113.2561 Z4.7801 E0.02246 F2400
G1 X119.5388 Y113.0790 Z4.7810 E0.02246 F2400
G1 X119.1666 Y112.9320 Z4.7819 E0.02246 F2400
G1 X118.7836 Y112.8160 Z4.7828 E0.02246 F2400
G1 X118.3924 Y112.7320 Z4.7836 E0.02246 F2400
G1 X117.9955 Y112.6806 Z4.7845 E0.02246 F2400
G1 X117.5958 Y112.6620 Z4.7854 E0.02246 F2400
G1 X117.1959 Y112.6766 Z4.7862 E0.02246 F2400
G1 X116.7985 Y112.7242 Z4.7871 E0.02246 F2400
G1 X116.4065 Y112.8045 Z4.7880 E0.02246 F2400
G1 X116.0225 Y112.9171 Z4.7889 E0.02246 F2400
G1 X115.6491 Y113.0612 Z4.7897 E0.02246 F2400
G1 X115.2891 Y113.2358 Z4.7906 E0.02246 F2400
G1 X114.9448 Y113.4398 Z4.7915 E0.02246 F2400
G1 X114.6187 Y113.6718 Z4.7923 E0.02246 F2400
G1 X114.3132 Y113.9302 Z4.7932 E0.02246 F2400
G1 X114.0303 Y114.2133 Z4.7941 E0.02246 F2400
G1 X113.7720 Y114.5190 Z4.7949 E0.02246 F2400
G1 X113.5403 Y114.8452 Z4.7958 E0.02246 F2400
G1 X113.3367 Y115.1898 Z4.7967 E0.02246 F2400
G1 X113.1629 Y115.5502 Z4.7975 E0.02246 F2400
G1 X113.0199 Y115.9240 Z4.7984 E0.02246 F2400
G1 X112.9089 Y116.3085 Z4.7993 E0.02246 F2400
G1 X112.8307 Y116.7009 Z4.8001 E0.02246 F2400
G1 X112.7860 Y117.0986 Z4.8010 E0.02246 F2400
G1 X112.7750 Y117.4986 Z4.8019 E0.02246 F2400
G1 X112.7979 Y117.8982 Z4.8027 E0.02246 F2400
G1 X112.8545 Y118.2943 Z4.8036 E0.02246 F2400
G1 X112.9446 Y118.6842 Z4.8045 E0.02246 F2400
G1 X113.0675 Y119.0651 Z4.8053 E0.02246 F2400
G1 X113.2223 Y119.4341 Z4.8062 E0.02246 F2400
G1 X113.4080 Y119.7886 Z4.8071 E0.02246 F2400
G1 X113.6233 Y120.1260 Z4.8079 E0.02246 F2400
G1 X113.8666 Y120.4437 Z4.8088 E0.02246 F2400
G1 X114.1361 Y120.7395 Z4.8097 E0.02246 F2400
G1 X114.4300 Y121.0111 Z4.8105 E0.02246 F2400
G1 X114.7461 Y121.2565 Z4.8114 E0.02246 F2400
G1 X115.0821 Y121.4739 Z4.8122 E0.02246 F2400
G1 X115.4356 Y121.6616 Z4.8131 E0.02246 F2400
G1 X115.8039 Y121.8181 Z4.8140 E0.02246 F2400
G1 X116.1843 Y121.9424 Z4.8148 E0.02246 F2400
G1 X116.5740 Y122.0333 Z4.8157 E0.02246 F2400
G1 X116.9701 Y122.0903 Z4.8166 E0.02246 F2400
G1 X117.3697 Y122.1127 Z4.8174 E0.02246 F2400
G1 X117.7697 Y122.1004 Z4.8183 E0.02246 F2400
G1 X118.1671 Y122.0535 Z4.8192 E0.02246 F2400
G1 X118.5590 Y121.9722 Z4.8200 E0.02246 F2400
G1 X118.9423 Y121.8571 Z4.8209 E0.02246 F2400
G1 X119.3141 Y121.7091 Z4.8217 E0.02246 F2400
G1 X119.6716 Y121.5292 Z4.8226 E0.02246 F2400
G1 X120.0120 Y121.3187 Z4.8235 E0.02246 F2400
G1 X120.3326 Y121.0793 Z4.8243 E0.02246 F2400
G1 X120.6311 Y120.8127 Z4.8252 E0.02246 F2400
G1 X120.9050 Y120.5209 Z4.8260 E0.02246 F2400
G1 X121.1523 Y120.2063 Z4.8269 E0.02246 F2400
G1 X121.3709 Y119.8710 Z4.8278 E0.02246 F2400
G1 X121.5591 Y119.5179 Z4.8286 E0.02246 F2400
G1 X121.7155 Y119.1495 Z4.8295 E0.02246 F2400
G1 X121.8387 Y118.7687 Z4.8303 E0.02246 F2400
G1 X121.9277 Y118.3785 Z4.8312 E0.02246 F2400
G1 X121.9818 Y117.9820 Z4.8321 E0.02246 F2400
G1 X122.0006 Y117.5823 Z4.8329 E0.02246 F2400
G1 X121.9837 Y117.1824 Z4.8338 E0.02246 F2400
G1 X121.9313 Y116.7856 Z4.8346 E0.02246 F2400
G1 X121.8438 Y116.3951 Z4.8355 E0.02246 F2400
G1 X121.7219 Y116.0140 Z4.8364 E0.02246 F2400
G1 X121.5663 Y115.6452 Z4.8372 E0.02246 F2400
G1 X121.3784 Y115.2919 Z4.8381 E0.02246 F2400
G1 X121.1596 Y114.9568 Z4.8389 E0.02246 F2400
G1 X120.9116 Y114.6427 Z4.8398 E0.02246 F2400
G1 X120.6364 Y114.3521 Z4.8406 E0.02246 F2400
G1 X120.3361 Y114.0875 Z4.8415 E0.02246 F2400
G1 X120.0132 Y113.8511 Z4.8424 E0.02246 F2400
G1 X119.6703 Y113.6447 Z4.8432 E0.02246 F2400
G1 X119.3102 Y113.4702 Z4.8441 E0.02246 F2400
G1 X118.9357 Y113.3289 Z4.8449 E0.02246 F2400
G1 X118.5500 Y113.2222 Z4.8458 E0.02246 F2400
G1 X118.1562 Y113.1510 Z4.8466 E0.02246 F2400
G1 X117.7575 Y113.1159 Z4.8475 E0.02246 F2400
G1 X117.3573 Y113.1172 Z4.8484 E0.02246 F2400
G1 X116.9589 Y113.1549 Z4.8492 E0.02246 F2400
G1 X116.5656 Y113.2289 Z4.8501 E0.02246 F2400
G1 X116.1807 Y113.3386 Z4.8509 E0.02246 F2400
G1 X115.8074 Y113.4831 Z4.8518 E0.02246 F2400
G1 X115.4490 Y113.6612 Z4.8526 E0.02246 F2400
G1 X115.1085 Y113.8714 Z4.8535 E0.02246 F2400
G1 X114.7888 Y114.1121 Z4.8543 E0.02246 F2400
G1 X114.4926 Y114.3813 Z4.8552 E0.02246 F2400
G1 X114.2225 Y114.6766 Z4.8560 E0.02246 F2400
G1 X113.9808 Y114.9957 Z4.8569 E0.02246 F2400
G1 X113.7698 Y115.3357 Z4.8578 E0.02246 F2400
G1 X113.5911 Y115.6938 Z4.8586 E0.02246 F2400
G1 X113.4465 Y116.0670 Z4.8595 E0.02246 F2400
G1 X113.3372 Y116.4520 Z4.8603 E0.02246 F2400
G1 X113.2643 Y116.8456 Z4.8612 E0.02246 F2400
G1 X113.2284 Y117.2442 Z4.8620 E0.02246 F2400
G1 X113.2299 Y117.6444 Z4.8629 E0.02246 F2400
G1 X113.2688 Y118.0427 Z4.8637 E0.02246 F2400
G1 X113.3449 Y118.4356 Z4.8646 E0.02246 F2400
G1 X113.4576 Y118.8197 Z4.8654 E0.02246 F2400
G1 X113.6058 Y119.1914 Z4.8663 E0.02246 F2400
G1 X113.7884 Y119.5476 Z4.8671 E0.02246 F2400
G1 X114.0038 Y119.8849 Z4.8680 E0.02246 F2400
G1 X114.2501 Y120.2004 Z4.8688 E0.02246 F2400
G1 X114.5252 Y120.4911 Z4.8697 E0.02246 F2400
G1 X114.8265 Y120.7545 Z4.8705 E0.02246 F2400
G1 X115.1516 Y120.9880 Z4.8714 E0.02246 F2400
G1 X115.4973 Y121.1896 Z4.8722 E0.02246 F2400
G1 X115.8607 Y121.3574 Z4.8731 E0.02246 F2400
G1 X116.2384 Y121.4897 Z4.8739 E0.02246 F2400
G1 X116.6270 Y121.5854 Z4.8748 E0.02246 F2400
G1 X117.0231 Y121.6433 Z4.8756 E0.02246 F2400
G1 X117.4228 Y121.6631 Z4.8765 E0.02246 F2400
G1 X117.8226 Y121.6444 Z4.8773 E0.02246 F2400
G1 X118.2187 Y121.5873 Z4.8782 E0.02246 F2400
G1 X118.6076 Y121.4923 Z4.8790 E0.02246 F2400
G1 X118.9854 Y121.3603 Z4.8799 E0.02246 F2400
G1 X119.3487 Y121.1923 Z4.8807 E0.02246 F2400
G1 X119.6940 Y120.9900 Z4.8816 E0.02246 F2400
G1 X120.0181 Y120.7551 Z4.8824 E0.02246 F2400
G1 X120.3178 Y120.4898 Z4.8833 E0.02246 F2400
G1 X120.5902 Y120.1966 Z4.8841 E0.02246 F2400
G1 X120.8328 Y119.8783 Z4.8850 E0.02246 F2400
G1 X121.0432 Y119.5378 Z4.8858 E0.02246 F2400
G1 X121.2192 Y119.1783 Z4.8867 E0.02246 F2400
G1 X121.3592 Y118.8033 Z4.8875 E0.02246 F2400
G1 X121.4617 Y118.4164 Z4.8884 E0.02246 F2400
G1 X121.5256 Y118.0213 Z4.8892 E0.02246 F2400
G1 X121.5503 Y117.6218 Z4.8900 E0.02246 F2400
G1 X121.5355 Y117.2219 Z4.8909 E0.02246 F2400
G1 X121.4812 Y116.8253 Z4.8917 E0.02246 F2400
G1 X121.3879 Y116.4361 Z4.8926 E0.02246 F2400
G1 X121.2565 Y116.0580 Z4.8934 E0.02246 F2400
G1 X121.0882 Y115.6949 Z4.8943 E0.02246 F2400
G1 X120.8845 Y115.3503 Z4.8951 E0.02246 F2400
G1 X120.6475 Y115.0278 Z4.8960 E0.02246 F2400
G1 X120.3795 Y114.7305 Z4.8968 E0.02247 F2400
G1 X120.0830 Y114.4616 Z4.8977 E0.02247 F2400
G1 X119.7611 Y114.2237 Z4.8985 E0.02247 F2400
G1 X119.4169 Y114.0194 Z4.8993 E0.02247 F2400
G1 X119.0539 Y113.8507 Z4.9002 E0.02247 F2400
G1 X118.6758 Y113.7195 Z4.9010 E0.02247 F2400
G1 X118.2863 Y113.6272 Z4.9019 E0.02247 F2400
G1 X117.8895 Y113.5747 Z4.9027 E0.02247 F2400
G1 X117.4894 Y113.5627 Z4.9036 E0.02247 F2400
G1 X117.0902 Y113.5914 Z4.9044 E0.02247 F2400
G1 X116.6960 Y113.6606 Z4.9052 E0.02247 F2400
G1 X116.3108 Y113.7696 Z4.9061 E0.02247 F2400
G1 X115.9388 Y113.9173 Z4.9069 E0.02247 F2400
G1 X115.5839 Y114.1023 Z4.9078 E0.02247 F2400
G1 X115.2498 Y114.3228 Z4.9086 E0.02247 F2400
G1 X114.9401 Y114.5763 Z4.9095 E0.02247 F2400
G1 X114.6581 Y114.8604 Z4.9103 E0.02247 F2400
G1 X114.4069 Y115.1721 Z4.9111 E0.02247 F2400
G1 X114.1893 Y115.5080 Z4.9120 E0.02247 F2400
G1 X114.0075 Y115.8647 Z4.9128 E0.02247 F2400
G1 X113.8638 Y116.2382 Z4.9137 E0.02247 F2400
G1 X113.7596 Y116.6247 Z4.9145 E0.02247 F2400
G1 X113.6962 Y117.0199 Z4.9153 E0.02247 F2400
G1 X113.6743 Y117.4196 Z4.9162 E0.02247 F2400
G1 X113.6944 Y117.8194 Z4.9170 E0.02247 F2400
G1 X113.7562 Y118.2149 Z4.9179 E0.02247 F2400
G1 X113.8591 Y118.6017 Z4.9187 E0.02247 F2400
G1 X114.0021 Y118.9756 Z4.9195 E0.02247 F2400
G1 X114.1837 Y119.3323 Z4.9204 E0.02247 F2400
G1 X114.4019 Y119.6679 Z4.9212 E0.02247 F2400
G1 X114.6543 Y119.9785 Z4.9221 E0.02247 F2400
G1 X114.9383 Y120.2606 Z4.9229 E0.02247 F2400
G1 X115.2506 Y120.5110 Z4.9237 E0.02247 F2400
G1 X115.5878 Y120.7268 Z4.9246 E0.02247 F2400
G1 X115.9460 Y120.9054 Z4.9254 E0.02247 F2400
G1 X116.3213 Y121.0447 Z4.9263 E0.02247 F2400
G1 X116.7093 Y121.1430 Z4.9271 E0.02247 F2400
G1 X117.1057 Y121.1991 Z4.9279 E0.02247 F2400
G1 X117.5057 Y121.2124 Z4.9288 E0.02247 F2400
G1 X117.9049 Y121.1825 Z4.9296 E0.02247 F2400
G1 X118.2985 Y121.1096 Z4.9304 E0.02247 F2400
G1 X118.6820 Y120.9947 Z4.9313 E0.02247 F2400
G1 X119.0507 Y120.8388 Z4.9321 E0.02247 F2400
G1 X119.4003 Y120.6439 Z4.9330 E0.02247 F2400
G1 X119.7266 Y120.4120 Z4.9338 E0.02247 F2400
G1 X120.0257 Y120.1459 Z4.9346 E0.02247 F2400
G1 X120.2939 Y119.8488 Z4.9355 E0.02247 F2400
G1 X120.5280 Y119.5240 Z4.9363 E0.02247 F2400
G1 X120.7250 Y119.1756 Z4.9371 E0.02247 F2400
G1 X120.8825 Y118.8075 Z4.9380 E0.02247 F2400
G1 X120.9984 Y118.4244 Z4.9388 E0.02247 F2400
G1 X121.0713 Y118.0308 Z4.9396 E0.02247 F2400
G1 X121.1002 Y117.6315 Z4.9405 E0.02247 F2400
G1 X121.0846 Y117.2315 Z4.9413 E0.02247 F2400
G1 X121.0246 Y116.8357 Z4.9422 E0.02247 F2400
G1 X120.9209 Y116.4490 Z4.9430 E0.02247 F2400
G1 X120.7746 Y116.0764 Z4.9438 E0.02247 F2400
G1 X120.5875 Y115.7225 Z4.9447 E0.02247 F2400
G1 X120.3619 Y115.3918 Z4.9455 E0.02247 F2400
G1 X120.1005 Y115.0886 Z4.9463 E0.02247 F2400
G1 X119.8066 Y114.8168 Z4.9472 E0.02247 F2400
G1 X119.4838 Y114.5799 Z4.9480 E0.02247 F2400
G1 X119.1364 Y114.3811 Z4.9488 E0.02247 F2400
G1 X118.7686 Y114.2230 Z4.9497 E0.02247 F2400
G1 X118.3852 Y114.1078 Z4.9505 E0.02247 F2400
G1 X117.9911 Y114.0371 Z4.9513 E0.02247 F2400
G1 X117.5916 Y114.0118 Z4.9522 E0.02247 F2400
G1 X117.1918 Y114.0325 Z4.9530 E0.02247 F2400
G1 X116.7970 Y114.0990 Z4.9538 E0.02247 F2400
G1 X116.4125 Y114.2105 Z4.9547 E0.02247 F2400
G1 X116.0434 Y114.3656 Z4.9555 E0.02247 F2400
G1 X115.6948 Y114.5623 Z4.9563 E0.02247 F2400
G1 X115.3713 Y114.7981 Z4.9572 E0.02247 F2400
G1 X115.0774 Y115.0700 Z4.9580 E0.02247 F2400
G1 X114.8171 Y115.3742 Z4.9588 E0.02247 F2400
G1 X114.5942 Y115.7067 Z4.9596 E0.02247 F2400
G1 X114.4117 Y116.0631 Z4.9605 E0.02247 F2400
G1 X114.2723 Y116.4384 Z4.9613 E0.02247 F2400
G1 X114.1781 Y116.8275 Z4.9621 E0.02247 F2400
G1 X114.1304 Y117.2250 Z4.9630 E0.02247 F2400
G1 X114.1300 Y117.6254 Z4.9638 E0.02247 F2400
G1 X114.1771 Y118.0230 Z4.9646 E0.02247 F2400
G1 X114.2711 Y118.4121 Z4.9655 E0.02247 F2400
G1 X114.4108 Y118.7873 Z4.9663 E0.02247 F2400
G1 X114.5943 Y119.1432 Z4.9671 E0.02247 F2400
G1 X114.8191 Y119.4745 Z4.9679 E0.02247 F2400
G1 X115.0820 Y119.7764 Z4.9688 E0.02247 F2400
G1 X115.3794 Y120.0444 Z4.9696 E0.02247 F2400
G1 X115.7070 Y120.2747 Z4.9704 E0.02247 F2400
G1 X116.0600 Y120.4636 Z4.9713 E0.02247 F2400
G1 X116.4333 Y120.6082 Z4.9721 E0.02247 F2400
G1 X116.8215 Y120.7064 Z4.9729 E0.02247 F2400
G1 X117.2187 Y120.7565 Z4.9737 E0.02247 F2400
G1 X117.6191 Y120.7577 Z4.9746 E0.02247 F2400
G1 X118.0166 Y120.7098 Z4.9754 E0.02247 F2400
G1 X118.4052 Y120.6133 Z4.9762 E0.02247 F2400
G1 X118.7789 Y120.4697 Z4.9771 E0.02247 F2400
G1 X119.1321 Y120.2810 Z4.9779 E0.02247 F2400
G1 X119.4591 Y120.0499 Z4.9787 E0.02247 F2400
G1 X119.7548 Y119.7800 Z4.9795 E0.02247 F2400
G1 X120.0146 Y119.4753 Z4.9804 E0.02247 F2400
G1 X120.2343 Y119.1406 Z4.9812 E0.02247 F2400
G1 X120.4103 Y118.7809 Z4.9820 E0.02247 F2400
G1 X120.5397 Y118.4020 Z4.9828 E0.02247 F2400
G1 X120.6202 Y118.0098 Z4.9837 E0.02247 F2400
G1 X120.6506 Y117.6105 Z4.9845 E0.02247 F2400
G1 X120.6301 Y117.2106 Z4.9853 E0.02247 F2400
G1 X120.5588 Y116.8166 Z4.9862 E0.02247 F2400
G1 X120.4380 Y116.4349 Z4.9870 E0.02247 F2400
G1 X120.2693 Y116.0717 Z4.9878 E0.02247 F2400
G1 X120.0554 Y115.7332 Z4.9886 E0.02247 F2400
G1 X119.7997 Y115.4250 Z4.9895 E0.02247 F2400
G1 X119.5064 Y115.1524 Z4.9903 E0.02247 F2400
G1 X119.1803 Y114.9201 Z4.9911 E0.02247 F2400
G1 X118.8267 Y114.7320 Z4.9919 E0.02247 F2400
G1 X118.4517 Y114.5916 Z4.9928 E0.02248 F2400
G1 X118.0616 Y114.5014 Z4.9936 E0.02248 F2400
G1 X117.6630 Y114.4630 Z4.9944 E0.02248 F2400
G1 X117.2628 Y114.4774 Z4.9952 E0.02248 F2400
G1 X116.8680 Y114.5444 Z4.9960 E0.02248 F2400
G1 X116.4855 Y114.6630 Z4.9969 E0.02248 F2400
G1 X116.1222 Y114.8313 Z4.9977 E0.02248 F2400
G1 X115.7844 Y115.0465 Z4.9985 E0.02248 F2400
G1 X115.4784 Y115.3048 Z4.9993 E0.02248 F2400
G1 X115.2098 Y115.6018 Z5.0002 E0.02248 F2400
G1 X114.9835 Y115.9322 Z5.0010 E0.02248 F2400
G1 X114.8038 Y116.2901 Z5.0018 E0.02248 F2400
G1 X114.6742 Y116.6690 Z5.0026 E0.02248 F2400
G1 X114.5971 Y117.0620 Z5.0035 E0.02248 F2400
G1 X114.5743 Y117.4619 Z5.0043 E0.02248 F2400
G1 X114.6063 Y117.8610 Z5.0051 E0.02248 F2400
G1 X114.6927 Y118.2521 Z5.0059 E0.02248 F2400
G1 X114.8321 Y118.6275 Z5.0067 E0.02248 F2400
G1 X115.0220 Y118.9802 Z5.0076 E0.02248 F2400
G1 X115.2588 Y119.3031 Z5.0084 E0.02248 F2400
G1 X115.5383 Y119.5900 Z5.0092 E0.02248 F2400
G1 X115.8550 Y119.8352 Z5.0100 E0.02248 F2400
G1 X116.2028 Y120.0336 Z5.0108 E0.02248 F2400
G1 X116.5751 Y120.1813 Z5.0117 E0.02248 F2400
G1 X116.9645 Y120.2750 Z5.0125 E0.02248 F2400
G1 X117.3633 Y120.3127 Z5.0133 E0.02248 F2400
G1 X117.7633 Y120.2934 Z5.0141 E0.02248 F2400
G1 X118.1566 Y120.2173 Z5.0149 E0.02248 F2400
G1 X118.5349 Y120.0858 Z5.0158 E0.02248 F2400
G1 X118.8904 Y119.9014 Z5.0166 E0.02248 F2400
G1 X119.2157 Y119.6677 Z5.0174 E0.02248 F2400
G1 X119.5038 Y119.3895 Z5.0182 E0.02248 F2400
G1 X119.7485 Y119.0723 Z5.0190 E0.02248 F2400
G1 X119.9444 Y118.7229 Z5.0199 E0.02248 F2400
G1 X120.0871 Y118.3487 Z5.0207 E0.02248 F2400
G1 X120.1733 Y117.9575 Z5.0215 E0.02248 F2400
G1 X120.2009 Y117.5579 Z5.0223 E0.02248 F2400
G1 X120.1691 Y117.1586 Z5.0231 E0.02248 F2400
G1 X120.0784 Y116.7684 Z5.0240 E0.02248 F2400
G1 X119.9306 Y116.3962 Z5.0248 E0.02248 F2400
G1 X119.7286 Y116.0502 Z5.0256 E0.02248 F2400
G1 X119.4770 Y115.7385 Z5.0264 E0.02248 F2400
G1 X119.1812 Y115.4684 Z5.0272 E0.02248 F2400
G1 X118.8479 Y115.2462 Z5.0280 E0.02248 F2400
G1 X118.4846 Y115.0773 Z5.0289 E0.02248 F2400
G1 X118.0998 Y114.9659 Z5.0297 E0.02248 F2400
G1 X117.7025 Y114.9148 Z5.0305 E0.02248 F2400
G1 X117.3020 Y114.9256 Z5.0313 E0.02248 F2400
G1 X116.9080 Y114.9982 Z5.0321 E0.02249 F2400
G1 X116.5301 Y115.1312 Z5.0329 E0.02249 F2400
G1 X116.1776 Y115.3215 Z5.0338 E0.02249 F2400
G1 X115.8593 Y115.5648 Z5.0346 E0.02249 F2400
G1 X115.5832 Y115.8551 Z5.0354 E0.02249 F2400
G1 X115.3566 Y116.1855 Z5.0362 E0.02249 F2400
G1 X115.1853 Y116.5477 Z5.0370 E0.02249 F2400
G1 X115.0740 Y116.9326 Z5.0378 E0.02249 F2400
G1 X115.0259 Y117.3304 Z5.0387 E0.02249 F2400
G1 X115.0425 Y117.7307 Z5.0395 E0.02249 F2400
G1 X115.1237 Y118.1231 Z5.0403 E0.02249 F2400
G1 X115.2676 Y118.4970 Z5.0411 E0.02249 F2400
G1 X115.4707 Y118.8424 Z5.0419 E0.02249 F2400
G1 X115.7277 Y119.1498 Z5.0427 E0.02249 F2400
G1 X116.0320 Y119.4106 Z5.0435 E0.02249 F2400
G1 X116.3753 Y119.6173 Z5.0444 E0.02249 F2400
G1 X116.7482 Y119.7639 Z5.0452 E0.02249 F2400
G1 X117.1404 Y119.8460 Z5.0460 E0.02249 F2400
G1 X117.5409 Y119.8609 Z5.0468 E0.02249 F2400
G1 X117.9381 Y119.8079 Z5.0476 E0.02249 F2400
G1 X118.3205 Y119.6880 Z5.0484 E0.02249 F2400
G1 X118.6768 Y119.5046 Z5.0492 E0.02249 F2400
G1 X118.9963 Y119.2626 Z5.0501 E0.02249 F2400
G1 X119.2692 Y118.9691 Z5.0509 E0.02249 F2400
G1 X119.4869 Y118.6327 Z5.0517 E0.02249 F2400
G1 X119.6426 Y118.2634 Z5.0525 E0.02249 F2400
G1 X119.7310 Y117.8724 Z5.0533 E0.02250 F2400
G1 X119.7489 Y117.4720 Z5.0541 E0.02250 F2400
G1 X119.6955 Y117.0748 Z5.0549 E0.02250 F2400
G1 X119.5720 Y116.6935 Z5.0557 E0.02250 F2400
G1 X119.3820 Y116.3405 Z5.0566 E0.02250 F2400
G1 X119.1313 Y116.0278 Z5.0574 E0.02250 F2400
G1 X118.8279 Y115.7657 Z5.0582 E0.02250 F2400
G1 X118.4818 Y115.5636 Z5.0590 E0.02250 F2400
G1 X118.1043 Y115.4285 Z5.0598 E0.02250 F2400
G1 X117.7084 Y115.3657 Z5.0606 E0.02250 F2400
G1 X117.3077 Y115.3777 Z5.0614 E0.02250 F2400
G1 X116.9163 Y115.4645 Z5.0622 E0.02250 F2400
G1 X116.5483 Y115.6237 Z5.0630 E0.02250 F2400
G1 X116.2172 Y115.8498 Z5.0639 E0.02250 F2400
G1 X115.9354 Y116.1349 Z5.0647 E0.02250 F2400
G1 X115.7137 Y116.4690 Z5.0655 E0.02250 F2400
G1 X115.5608 Y116.8397 Z5.0663 E0.02251 F2400
G1 X115.4832 Y117.2331 Z5.0671 E0.02251 F2400
G1 X115.4842 Y117.6341 Z5.0679 E0.02251 F2400
G1 X115.5645 Y118.0270 Z5.0687 E0.02251 F2400
G1 X115.7214 Y118.3961 Z5.0695 E0.02251 F2400
G1 X115.9491 Y118.7262 Z5.0703 E0.02251 F2400
G1 X116.2388 Y119.0035 Z5.0711 E0.02251 F2400
G1 X116.5788 Y119.2162 Z5.0720 E0.02251 F2400
G1 X116.9553 Y119.3546 Z5.0728 E0.02251 F2400
G1 X117.3522 Y119.4123 Z5.0736 E0.02251 F2400
G1 X117.7525 Y119.3861 Z5.0744 E0.02251 F2400
G1 X118.1384 Y119.2766 Z5.0752 E0.02251 F2400
G1 X118.4924 Y119.0879 Z5.0760 E0.02252 F2400
G1 X118.7980 Y118.8281 Z5.0768 E0.02252 F2400
G1 X119.0407 Y118.5086 Z5.0776 E0.02252 F2400
G1 X119.2084 Y118.1441 Z5.0784 E0.02252 F2400
G1 X119.2924 Y117.7518 Z5.0792 E0.02252 F2400
G1 X119.2878 Y117.3505 Z5.0800 E0.02252 F2400
G1 X119.1940 Y116.9603 Z5.0809 E0.02252 F2400
G1 X119.0151 Y116.6011 Z5.0817 E0.02252 F2400
G1 X118.7594 Y116.2918 Z5.0825 E0.02253 F2400
G1 X118.4397 Y116.0491 Z5.0833 E0.02253 F2400
G1 X118.0727 Y115.8867 Z5.0841 E0.02253 F2400
G1 X117.6778 Y115.8143 Z5.0849 E0.02253 F2400
G1 X117.2770 Y115.8369 Z5.0857 E0.02253 F2400
G1 X116.8931 Y115.9542 Z5.0865 E0.02253 F2400
G1 X116.5485 Y116.1602 Z5.0873 E0.02253 F2400
G1 X116.2642 Y116.4438 Z5.0881 E0.02254 F2400
G1 X116.0582 Y116.7885 Z5.0889 E0.02254 F2400
G1 X115.9441 Y117.1736 Z5.0897 E0.02254 F2400
G1 X115.9302 Y117.5750 Z5.0905 E0.02254 F2400
G1 X116.0187 Y117.9668 Z5.0914 E0.02254 F2400
G1 X116.2048 Y118.3228 Z5.0922 E0.02255 F2400
G1 X116.4770 Y118.6182 Z5.0930 E0.02255 F2400
G1 X116.8175 Y118.8317 Z5.0938 E0.02255 F2400
G1 X117.2025 Y118.9468 Z5.0946 E0.02255 F2400
G1 X117.6043 Y118.9536 Z5.0954 E0.02256 F2400
G1 X117.9928 Y118.8503 Z5.0962 E0.02256 F2400
G1 X118.3374 Y118.6433 Z5.0970 E0.02256 F2400
G1 X118.6100 Y118.3478 Z5.0978 E0.02257 F2400
G1 X118.7870 Y117.9866 Z5.0986 E0.02257 F2400
G1 X118.8518 Y117.5897 Z5.0994 E0.02257 F2400
G1 X118.7970 Y117.1912 Z5.1002 E0.02258 F2400
G1 X118.6256 Y116.8271 Z5.1010 E0.02258 F2400
G1 X118.3518 Y116.5323 Z5.1018 E0.02259 F2400
G1 X118.0001 Y116.3364 Z5.1027 E0.02259 F2400
G1 X117.6047 Y116.2609 Z5.1035 E0.02260 F2400
G1 X117.2057 Y116.3160 Z5.1043 E0.02260 F2400
G1 X116.8465 Y116.4982 Z5.1051 E0.02261 F2400
G1 X116.5683 Y116.7896 Z5.1059 E0.02262 F2400
G1 X116.4054 Y117.1583 Z5.1067 E0.02262 F2400
G1 X116.3805 Y117.5608 Z5.1075 E0.02263 F2400
G1 X116.5000 Y117.9460 Z5.1083 E0.02264 F2400
G1 X116.7513 Y118.2618 Z5.1091 E0.02265 F2400
G1 X117.1021 Y118.4615 Z5.1099 E0.02266 F2400
G1 X117.5028 Y118.5123 Z5.1107 E0.02267 F2400
G1 X117.8915 Y118.4018 Z5.1116 E0.02268 F2400
G1 X118.2029 Y118.1437 Z5.1124 E0.02270 F2400
G1 X118.3787 Y117.7792 Z5.1132 E0.02271 F2400
G1 X118.3809 Y117.3742 Z5.1140 E0.02273 F2400
G1 X118.2025 Y117.0102 Z5.1148 E0.02276 F2400
G1 X117.8757 Y116.7694 Z5.1156 E0.02278 F2400
G1 X117.4729 Y116.7154 Z5.1164 E0.02281 F2400
G1 X117.0969 Y116.8715 Z5.1172 E0.02285 F2400
G1 X116.8594 Y117.2031 Z5.1181 E0.02289 F2400
G1 X116.8466 Y117.6118 Z5.1189 E0.02295 F2400
G1 X117.0787 Y117.9500 Z5.1197 E0.02302 F2400
G1 X117.4743 Y118.0652 Z5.1206 E0.02312 F2400
G1 X117.8434 Y117.8764 Z5.1214 E0.02327 F2400
G1 X117.9442 Y117.4700 Z5.1222 E0.02350 F2400
G1 X117.6477 Y117.1639 Z5.1231 E0.02392 F2400
G1 X117.2669 Y117.3976 Z5.1241 E0.02508 F2400
G1 X117.5000 Y117.5000 Z5.1250 E0.01429 F2400
G1 E-0.6000 F3600

PRINT_END
; total filament: 218.2 mm
