; Trident continuous non-planar G-code
; nozzle=0.4 line_width=1.2 layer_height=0.5
; max_z_velocity=25.0 mm/s (feedrate clamped to honour this)

PRINT_START EXTRUDER=250 BED=80 MATERIAL=PETG
M83            ; relative extrusion
G92 E0
M107           ; fan off for first layer(s)
SET_PRESSURE_ADVANCE ADVANCE=0.0325

; move to spiral start
G1 Z5.5000 F1500  ; initial safe lift
G1 X151.5000 Y117.5000 Z5.5000 F12000  ; travel
G1 X151.5000 Y117.5000 Z0.5000 F1500  ; travel
G1 E0.2000 F2400
G1 X151.5000 Y117.5000 Z0.5000 E0.00000 F1080
G1 X151.4883 Y118.3900 Z0.5021 E0.21093 F1080
G1 X151.4534 Y119.2794 Z0.5043 E0.21093 F1080
G1 X151.3952 Y120.1676 Z0.5066 E0.21093 F1080
G1 X151.3137 Y121.0540 Z0.5090 E0.21093 F1080
G1 X151.2091 Y121.9379 Z0.5114 E0.21093 F1080
G1 X151.0814 Y122.8188 Z0.5138 E0.21093 F1080
G1 X150.9307 Y123.6960 Z0.5163 E0.21093 F1080
G1 X150.7570 Y124.5690 Z0.5188 E0.21093 F1080
G1 X150.5606 Y125.4371 Z0.5212 E0.21093 F1080
G1 X150.3415 Y126.2998 Z0.5236 E0.21093 F1080
G1 X150.0999 Y127.1565 Z0.5259 E0.21093 F1080
G1 X149.8359 Y128.0066 Z0.5282 E0.21093 F1080
G1 X149.5498 Y128.8494 Z0.5303 E0.21093 F1080
G1 X149.2417 Y129.6845 Z0.5323 E0.21093 F1080
G1 X148.9119 Y130.5112 Z0.5342 E0.21093 F1080
G1 X148.5605 Y131.3290 Z0.5359 E0.21093 F1080
G1 X148.1879 Y132.1374 Z0.5376 E0.21093 F1080
G1 X147.7942 Y132.9357 Z0.5390 E0.21093 F1080
G1 X147.3798 Y133.7234 Z0.5404 E0.21093 F1080
G1 X146.9449 Y134.5000 Z0.5417 E0.21093 F1080
G1 X146.4898 Y135.2650 Z0.5428 E0.21093 F1080
G1 X146.0148 Y136.0177 Z0.5439 E0.21093 F1080
G1 X145.5203 Y136.7578 Z0.5450 E0.21093 F1080
G1 X145.0066 Y137.4847 Z0.5461 E0.21093 F1080
G1 X144.4740 Y138.1979 Z0.5472 E0.21093 F1080
G1 X143.9230 Y138.8969 Z0.5483 E0.21093 F1080
G1 X143.3538 Y139.5812 Z0.5496 E0.21093 F1080
G1 X142.7669 Y140.2504 Z0.5509 E0.21093 F1080
G1 X142.1627 Y140.9041 Z0.5525 E0.21093 F1080
G1 X141.5416 Y141.5416 Z0.5542 E0.21093 F1080
G1 X140.9041 Y142.1627 Z0.5561 E0.21093 F1080
G1 X140.2504 Y142.7669 Z0.5582 E0.21093 F1080
G1 X139.5812 Y143.3538 Z0.5606 E0.21093 F1080
G1 X138.8969 Y143.9230 Z0.5632 E0.21093 F1080
G1 X138.1979 Y144.4740 Z0.5660 E0.21093 F1080
G1 X137.4847 Y145.0066 Z0.5691 E0.21093 F1080
G1 X136.7578 Y145.5203 Z0.5724 E0.21093 F1080
G1 X136.0177 Y146.0148 Z0.5759 E0.21093 F1080
G1 X135.2650 Y146.4898 Z0.5796 E0.21093 F1080
G1 X134.5000 Y146.9449 Z0.5833 E0.21093 F1080
G1 X133.7234 Y147.3798 Z0.5872 E0.21093 F1080
G1 X132.9357 Y147.7942 Z0.5911 E0.21093 F1080
G1 X132.1374 Y148.1879 Z0.5950 E0.21093 F1080
G1 X131.3290 Y148.5605 Z0.5989 E0.21093 F1080
G1 X130.5112 Y148.9119 Z0.6026 E0.21093 F1080
G1 X129.6845 Y149.2417 Z0.6062 E0.21093 F1080
G1 X128.8494 Y149.5498 Z0.6095 E0.21093 F1080
G1 X128.0066 Y149.8359 Z0.6127 E0.21093 F1080
G1 X127.1565 Y150.0999 Z0.6155 E0.21093 F1080
G1 X126.2998 Y150.3415 Z0.6181 E0.21093 F1080
G1 X125.4371 Y150.5606 Z0.6202 E0.21093 F1080
G1 X124.5690 Y150.7570 Z0.6221 E0.21093 F1080
G1 X123.6960 Y150.9307 Z0.6235 E0.21093 F1080
G1 X122.8188 Y151.0814 Z0.6246 E0.21093 F1080
G1 X121.9379 Y151.2091 Z0.6254 E0.21093 F1080
G1 X121.0540 Y151.3137 Z0.6258 E0.21093 F1080
G1 X120.1676 Y151.3952 Z0.6259 E0.21093 F1080
G1 X119.2794 Y151.4534 Z0.6258 E0.21093 F1080
G1 X118.3900 Y151.4883 Z0.6255 E0.21093 F1080
G1 X117.5000 Y151.5000 Z0.6250 E0.21093 F1080
G1 X116.6100 Y151.4883 Z0.6244 E0.21093 F1080
G1 X115.7206 Y151.4534 Z0.6238 E0.21093 F1080
G1 X114.8324 Y151.3952 Z0.6233 E0.21093 F1080
G1 X113.9460 Y151.3137 Z0.6229 E0.21093 F1080
G1 X113.0621 Y151.2091 Z0.6226 E0.21093 F1080
G1 X112.1812 Y151.0814 Z0.6227 E0.21093 F1080
G1 X111.3040 Y150.9307 Z0.6230 E0.21093 F1080
G1 X110.4310 Y150.7570 Z0.6237 E0.21093 F1080
G1 X109.5629 Y150.5606 Z0.6248 E0.21093 F1080
G1 X108.7002 Y150.3415 Z0.6264 E0.21093 F1080
G1 X107.8435 Y150.0999 Z0.6284 E0.21093 F1080
G1 X106.9934 Y149.8359 Z0.6310 E0.21093 F1080
G1 X106.1506 Y149.5498 Z0.6340 E0.21093 F1080
G1 X105.3155 Y149.2417 Z0.6375 E0.21093 F1080
G1 X104.4888 Y148.9119 Z0.6415 E0.21093 F1080
G1 X103.6710 Y148.5605 Z0.6459 E0.21094 F1080
G1 X102.8626 Y148.1879 Z0.6507 E0.21094 F1080
G1 X102.0643 Y147.7942 Z0.6558 E0.21094 F1080
G1 X101.2766 Y147.3798 Z0.6612 E0.21094 F1080
G1 X100.5000 Y146.9449 Z0.6667 E0.21094 F1080
G1 X99.7350 Y146.4898 Z0.6723 E0.21094 F1080
G1 X98.9823 Y146.0148 Z0.6779 E0.21094 F1080
G1 X98.2422 Y145.5203 Z0.6834 E0.21094 F1080
G1 X97.5153 Y145.0066 Z0.6887 E0.21094 F1080
G1 X96.8021 Y144.4740 Z0.6938 E0.21094 F1080
G1 X96.1031 Y143.9230 Z0.6985 E0.21094 F1080
G1 X95.4188 Y143.3538 Z0.7028 E0.21094 F1080
G1 X94.7496 Y142.7669 Z0.7066 E0.21093 F1080
G1 X94.0959 Y142.1627 Z0.7098 E0.21093 F1080
G1 X93.4584 Y141.5416 Z0.7125 E0.21093 F1080
G1 X92.8373 Y140.9041 Z0.7145 E0.21093 F1080
G1 X92.2331 Y140.2504 Z0.7160 E0.21093 F1080
G1 X91.6462 Y139.5812 Z0.7168 E0.21093 F1080
G1 X91.0770 Y138.8969 Z0.7170 E0.21093 F1080
G1 X90.5260 Y138.1979 Z0.7166 E0.21093 F1080
G1 X89.9934 Y137.4847 Z0.7157 E0.21093 F1080
G1 X89.4797 Y136.7578 Z0.7143 E0.21093 F1080
G1 X88.9852 Y136.0177 Z0.7126 E0.21093 F1080
G1 X88.5102 Y135.2650 Z0.7106 E0.21093 F1080
G1 X88.0551 Y134.5000 Z0.7083 E0.21093 F1080
G1 X87.6202 Y133.7234 Z0.7060 E0.21093 F1080
G1 X87.2058 Y132.9357 Z0.7037 E0.21093 F1080
G1 X86.8121 Y132.1374 Z0.7016 E0.21093 F1080
G1 X86.4395 Y131.3290 Z0.6997 E0.21093 F1080
G1 X86.0881 Y130.5112 Z0.6981 E0.21093 F1080
G1 X85.7583 Y129.6845 Z0.6970 E0.21093 F1080
G1 X85.4502 Y128.8494 Z0.6964 E0.21093 F1080
G1 X85.1641 Y128.0066 Z0.6965 E0.21093 F1080
G1 X84.9001 Y127.1565 Z0.6972 E0.21093 F1080
G1 X84.6585 Y126.2998 Z0.6986 E0.21093 F1080
G1 X84.4394 Y125.4371 Z0.7008 E0.21093 F1080
G1 X84.2430 Y124.5690 Z0.7037 E0.21093 F1080
G1 X84.0693 Y123.6960 Z0.7074 E0.21093 F1080
G1 X83.9186 Y122.8188 Z0.7119 E0.21094 F1080
G1 X83.7909 Y121.9379 Z0.7170 E0.21094 F1080
G1 X83.6863 Y121.0540 Z0.7227 E0.21094 F1080
G1 X83.6048 Y120.1676 Z0.7290 E0.21094 F1080
G1 X83.5466 Y119.2794 Z0.7357 E0.21094 F1080
G1 X83.5117 Y118.3900 Z0.7427 E0.21094 F1080
G1 X83.5000 Y117.5000 Z0.7500 E0.21094 F1080
G1 X83.5117 Y116.6100 Z0.7573 E0.21094 F1080
G1 X83.5466 Y115.7206 Z0.7646 E0.21094 F1080
G1 X83.6048 Y114.8324 Z0.7718 E0.21094 F1080
G1 X83.6863 Y113.9460 Z0.7786 E0.21094 F1080
G1 X83.7909 Y113.0621 Z0.7850 E0.21094 F1080
G1 X83.9186 Y112.1812 Z0.7908 E0.21094 F1080
G1 X84.0693 Y111.3040 Z0.7960 E0.21094 F1080
G1 X84.2430 Y110.4310 Z0.8005 E0.21094 F1080
G1 X84.4394 Y109.5629 Z0.8041 E0.21093 F1080
G1 X84.6585 Y108.7002 Z0.8069 E0.21093 F1080
G1 X84.9001 Y107.8435 Z0.8089 E0.21093 F1080
G1 X85.1641 Y106.9934 Z0.8099 E0.21093 F1080
G1 X85.4502 Y106.1506 Z0.8100 E0.21093 F1080
G1 X85.7583 Y105.3155 Z0.8093 E0.21093 F1080
G1 X86.0881 Y104.4888 Z0.8078 E0.21093 F1080
G1 X86.4395 Y103.6710 Z0.8055 E0.21093 F1080
G1 X86.8121 Y102.8626 Z0.8027 E0.21093 F1080
G1 X87.2058 Y102.0643 Z0.7993 E0.21093 F1080
G1 X87.6202 Y101.2766 Z0.7956 E0.21093 F1080
G1 X88.0551 Y100.5000 Z0.7917 E0.21093 F1080
G1 X88.5102 Y99.7350 Z0.7876 E0.21093 F1080
G1 X88.9852 Y98.9823 Z0.7836 E0.21093 F1080
G1 X89.4797 Y98.2422 Z0.7799 E0.21093 F1080
G1 X89.9934 Y97.5153 Z0.7765 E0.21093 F1080
G1 X90.5260 Y96.8021 Z0.7736 E0.21093 F1080
G1 X91.0770 Y96.1031 Z0.7714 E0.21093 F1080
G1 X91.6462 Y95.4188 Z0.7699 E0.21093 F1080
G1 X92.2331 Y94.7496 Z0.7692 E0.21093 F1080
G1 X92.8373 Y94.0959 Z0.7695 E0.21093 F1080
G1 X93.4584 Y93.4584 Z0.7708 E0.21093 F1080
G1 X94.0959 Y92.8373 Z0.7732 E0.21093 F1080
G1 X94.7496 Y92.2331 Z0.7765 E0.21093 F1080
G1 X95.4188 Y91.6462 Z0.7809 E0.21094 F1080
G1 X96.1031 Y91.0770 Z0.7862 E0.21094 F1080
G1 X96.8021 Y90.5260 Z0.7925 E0.21094 F1080
G1 X97.5153 Y89.9934 Z0.7995 E0.21094 F1080
G1 X98.2422 Y89.4797 Z0.8073 E0.21094 F1080
G1 X98.9823 Y88.9852 Z0.8156 E0.21094 F1080
G1 X99.7350 Y88.5102 Z0.8243 E0.21094 F1080
G1 X100.5000 Y88.0551 Z0.8333 E0.21094 F1080
G1 X101.2766 Y87.6202 Z0.8424 E0.21094 F1080
G1 X102.0643 Y87.2058 Z0.8514 E0.21094 F1080
G1 X102.8626 Y86.8121 Z0.8601 E0.21094 F1080
G1 X103.6710 Y86.4395 Z0.8684 E0.21094 F1080
G1 X104.4888 Y86.0881 Z0.8762 E0.21094 F1080
G1 X105.3155 Y85.7583 Z0.8831 E0.21094 F1080
G1 X106.1506 Y85.4502 Z0.8892 E0.21094 F1080
G1 X106.9934 Y85.1641 Z0.8944 E0.21094 F1080
G1 X107.8435 Y84.9001 Z0.8984 E0.21093 F1080
G1 X108.7002 Y84.6585 Z0.9014 E0.21093 F1080
G1 X109.5629 Y84.4394 Z0.9032 E0.21093 F1080
G1 X110.4310 Y84.2430 Z0.9038 E0.21093 F1080
G1 X111.3040 Y84.0693 Z0.9032 E0.21093 F1080
G1 X112.1812 Y83.9186 Z0.9016 E0.21093 F1080
G1 X113.0621 Y83.7909 Z0.8990 E0.21093 F1080
G1 X113.9460 Y83.6863 Z0.8954 E0.21093 F1080
G1 X114.8324 Y83.6048 Z0.8911 E0.21094 F1080
G1 X115.7206 Y83.5466 Z0.8861 E0.21094 F1080
G1 X116.6100 Y83.5117 Z0.8807 E0.21094 F1080
G1 X117.5000 Y83.5000 Z0.8750 E0.21094 F1080
G1 X118.3900 Y83.5117 Z0.8692 E0.21094 F1080
G1 X119.2794 Y83.5466 Z0.8635 E0.21094 F1080
G1 X120.1676 Y83.6048 Z0.8582 E0.21094 F1080
G1 X121.0540 Y83.6863 Z0.8533 E0.21094 F1080
G1 X121.9379 Y83.7909 Z0.8491 E0.21094 F1080
G1 X122.8188 Y83.9186 Z0.8457 E0.21093 F1080
G1 X123.6960 Y84.0693 Z0.8433 E0.21093 F1080
G1 X124.5690 Y84.2430 Z0.8420 E0.21093 F1080
G1 X125.4371 Y84.4394 Z0.8419 E0.21093 F1080
G1 X126.2998 Y84.6585 Z0.8431 E0.21093 F1080
G1 X127.1565 Y84.9001 Z0.8455 E0.21093 F1080
G1 X128.0066 Y85.1641 Z0.8493 E0.21093 F1080
G1 X128.8494 Y85.4502 Z0.8543 E0.21094 F1080
G1 X129.6845 Y85.7583 Z0.8606 E0.21094 F1080
G1 X130.5112 Y86.0881 Z0.8679 E0.21094 F1080
G1 X131.3290 Y86.4395 Z0.8763 E0.21094 F1080
G1 X132.1374 Y86.8121 Z0.8856 E0.21094 F1080
G1 X132.9357 Y87.2058 Z0.8955 E0.21095 F1080
G1 X133.7234 Y87.6202 Z0.9059 E0.21095 F1080
G1 X134.5000 Y88.0551 Z0.9167 E0.21095 F1080
G1 X135.2650 Y88.5102 Z0.9275 E0.21095 F1080
G1 X136.0177 Y88.9852 Z0.9382 E0.21095 F1080
G1 X136.7578 Y89.4797 Z0.9485 E0.21095 F1080
G1 X137.4847 Y89.9934 Z0.9583 E0.21095 F1080
G1 X138.1979 Y90.5260 Z0.9673 E0.21094 F1080
G1 X138.8969 Y91.0770 Z0.9755 E0.21094 F1080
G1 X139.5812 Y91.6462 Z0.9825 E0.21094 F1080
G1 X140.2504 Y92.2331 Z0.9883 E0.21094 F1080
G1 X140.9041 Y92.8373 Z0.9928 E0.21094 F1080
G1 X141.5416 Y93.4584 Z0.9958 E0.21093 F1080
G1 X142.1627 Y94.0959 Z0.9975 E0.21093 F1080
G1 X142.7669 Y94.7496 Z0.9977 E0.21093 F1080
G1 X143.3538 Y95.4188 Z0.9965 E0.21093 F1080
G1 X143.9230 Y96.1031 Z0.9939 E0.21093 F1080
G1 X144.4740 Y96.8021 Z0.9901 E0.21093 F1080
G1 X145.0066 Y97.5153 Z0.9853 E0.21094 F1080
G1 X145.5203 Y98.2422 Z0.9794 E0.21094 F1080
G1 X146.0148 Y98.9823 Z0.9729 E0.21094 F1080
G1 X146.4898 Y99.7350 Z0.9658 E0.21094 F1080
G1 X146.9449 Y100.5000 Z0.9583 E0.21094 F1080
G1 X147.3798 Y101.2766 Z0.9508 E0.21094 F1080
G1 X147.7942 Y102.0643 Z0.9434 E0.21094 F1080
G1 X148.1879 Y102.8626 Z0.9365 E0.21094 F1080
G1 X148.5605 Y103.6710 Z0.9301 E0.21094 F1080
G1 X148.9119 Y104.4888 Z0.9246 E0.21094 F1080
G1 X149.2417 Y105.3155 Z0.9200 E0.21094 F1080
G1 X149.5498 Y106.1506 Z0.9167 E0.21093 F1080
G1 X149.8359 Y106.9934 Z0.9148 E0.21093 F1080
G1 X150.0999 Y107.8435 Z0.9143 E0.21093 F1080
G1 X150.3415 Y108.7002 Z0.9153 E0.21093 F1080
G1 X150.5606 Y109.5629 Z0.9179 E0.21093 F1080
G1 X150.7570 Y110.4310 Z0.9220 E0.21094 F1080
G1 X150.9307 Y111.3040 Z0.9277 E0.21094 F1080
G1 X151.0814 Y112.1812 Z0.9349 E0.21094 F1080
G1 X151.2091 Y113.0621 Z0.9434 E0.21094 F1080
G1 X151.3137 Y113.9460 Z0.9531 E0.21095 F1080
G1 X151.3952 Y114.8324 Z0.9639 E0.21095 F1080
G1 X151.4534 Y115.7206 Z0.9754 E0.21095 F1080
G1 X151.4883 Y116.6100 Z0.9875 E0.21095 F1080
M106 S204  ; fan 80%
G1 X151.5000 Y117.5000 Z1.0000 E0.21095 F1080
G1 X151.4883 Y118.3900 Z1.0126 E0.21535 F1665
G1 X151.4534 Y119.2794 Z1.0249 E0.21964 F1633
G1 X151.3952 Y120.1676 Z1.0369 E0.22372 F1603
G1 X151.3137 Y121.0540 Z1.0482 E0.22748 F1576
G1 X151.2091 Y121.9379 Z1.0585 E0.23084 F1554
G1 X151.0814 Y122.8188 Z1.0678 E0.23370 F1534
G1 X150.9307 Y123.6960 Z1.0757 E0.23600 F1519
G1 X150.7570 Y124.5690 Z1.0822 E0.23769 F1509
G1 X150.5606 Y125.4371 Z1.0871 E0.23871 F1502
G1 X150.3415 Y126.2998 Z1.0903 E0.23906 F1500
G1 X150.0999 Y127.1565 Z1.0918 E0.23871 F1502
G1 X149.8359 Y128.0066 Z1.0916 E0.23768 F1509
G1 X149.5498 Y128.8494 Z1.0897 E0.23599 F1519
G1 X149.2417 Y129.6845 Z1.0862 E0.23369 F1534
G1 X148.9119 Y130.5112 Z1.0813 E0.23082 F1554
G1 X148.5605 Y131.3290 Z1.0751 E0.22747 F1576
G1 X148.1879 Y132.1374 Z1.0678 E0.22371 F1603
G1 X147.7942 Y132.9357 Z1.0596 E0.21963 F1633
G1 X147.3798 Y133.7234 Z1.0508 E0.21534 F1665
G1 X146.9449 Y134.5000 Z1.0417 E0.21094 F1700
G1 X146.4898 Y135.2650 Z1.0324 E0.20654 F1736
G1 X146.0148 Y136.0177 Z1.0233 E0.20225 F1773
G1 X145.5203 Y136.7578 Z1.0148 E0.19817 F1810
G1 X145.0066 Y137.4847 Z1.0069 E0.19441 F1845
G1 X144.4740 Y138.1979 Z1.0000 E0.19105 F1877
G1 X143.9230 Y138.8969 Z0.9944 E0.18818 F1906
G1 X143.3538 Y139.5812 Z0.9902 E0.18588 F1929
G1 X142.7669 Y140.2504 Z0.9875 E0.18419 F1947
G1 X142.1627 Y140.9041 Z0.9866 E0.18315 F1958
G1 X141.5416 Y141.5416 Z0.9875 E0.18281 F1962
G1 X140.9041 Y142.1627 Z0.9902 E0.18316 F1958
G1 X140.2504 Y142.7669 Z0.9948 E0.18419 F1947
G1 X139.5812 Y143.3538 Z1.0012 E0.18588 F1929
G1 X138.8969 Y143.9230 Z1.0093 E0.18819 F1906
G1 X138.1979 Y144.4740 Z1.0189 E0.19106 F1877
G1 X137.4847 Y145.0066 Z1.0299 E0.19442 F1845
G1 X136.7578 Y145.5203 Z1.0422 E0.19818 F1810
G1 X136.0177 Y146.0148 Z1.0553 E0.20226 F1773
G1 X135.2650 Y146.4898 Z1.0691 E0.20656 F1736
G1 X134.5000 Y146.9449 Z1.0833 E0.21096 F1700
G1 X133.7234 Y147.3798 Z1.0976 E0.21536 F1665
G1 X132.9357 Y147.7942 Z1.1117 E0.21965 F1633
G1 X132.1374 Y148.1879 Z1.1253 E0.22373 F1603
G1 X131.3290 Y148.5605 Z1.1380 E0.22749 F1576
G1 X130.5112 Y148.9119 Z1.1497 E0.23084 F1554
G1 X129.6845 Y149.2417 Z1.1601 E0.23370 F1534
G1 X128.8494 Y149.5498 Z1.1689 E0.23600 F1519
G1 X128.0066 Y149.8359 Z1.1761 E0.23769 F1509
G1 X127.1565 Y150.0999 Z1.1814 E0.23872 F1502
G1 X126.2998 Y150.3415 Z1.1847 E0.23906 F1500
G1 X125.4371 Y150.5606 Z1.1861 E0.23871 F1502
G1 X124.5690 Y150.7570 Z1.1855 E0.23768 F1509
G1 X123.6960 Y150.9307 Z1.1829 E0.23599 F1519
G1 X122.8188 Y151.0814 Z1.1786 E0.23369 F1534
G1 X121.9379 Y151.2091 Z1.1725 E0.23083 F1554
G1 X121.0540 Y151.3137 Z1.1650 E0.22747 F1576
G1 X120.1676 Y151.3952 Z1.1562 E0.22371 F1603
G1 X119.2794 Y151.4534 Z1.1464 E0.21964 F1633
G1 X118.3900 Y151.4883 Z1.1359 E0.21535 F1665
G1 X117.5000 Y151.5000 Z1.1250 E0.21095 F1700
G1 X116.6100 Y151.4883 Z1.1140 E0.20655 F1736
G1 X115.7206 Y151.4534 Z1.1032 E0.20226 F1773
G1 X114.8324 Y151.3952 Z1.0930 E0.19818 F1810
G1 X113.9460 Y151.3137 Z1.0837 E0.19441 F1845
G1 X113.0621 Y151.2091 Z1.0755 E0.19105 F1877
G1 X112.1812 Y151.0814 Z1.0687 E0.18819 F1906
G1 X111.3040 Y150.9307 Z1.0636 E0.18588 F1929
G1 X110.4310 Y150.7570 Z1.0603 E0.18419 F1947
G1 X109.5629 Y150.5606 Z1.0590 E0.18315 F1958
G1 X108.7002 Y150.3415 Z1.0597 E0.18281 F1962
G1 X107.8435 Y150.0999 Z1.0626 E0.18316 F1958
G1 X106.9934 Y149.8359 Z1.0676 E0.18419 F1947
G1 X106.1506 Y149.5498 Z1.0746 E0.18588 F1929
G1 X105.3155 Y149.2417 Z1.0836 E0.18819 F1906
G1 X104.4888 Y148.9119 Z1.0944 E0.19106 F1877
G1 X103.6710 Y148.5605 Z1.1067 E0.19442 F1845
G1 X102.8626 Y148.1879 Z1.1204 E0.19819 F1810
G1 X102.0643 Y147.7942 Z1.1352 E0.20227 F1773
G1 X101.2766 Y147.3798 Z1.1507 E0.20656 F1736
G1 X100.5000 Y146.9449 Z1.1667 E0.21097 F1700
G1 X99.7350 Y146.4898 Z1.1827 E0.21537 F1665
G1 X98.9823 Y146.0148 Z1.1985 E0.21966 F1633
G1 X98.2422 Y145.5203 Z1.2136 E0.22373 F1603
G1 X97.5153 Y145.0066 Z1.2279 E0.22749 F1576
G1 X96.8021 Y144.4740 Z1.2409 E0.23084 F1554
G1 X96.1031 Y143.9230 Z1.2524 E0.23371 F1534
G1 X95.4188 Y143.3538 Z1.2622 E0.23601 F1519
G1 X94.7496 Y142.7669 Z1.2700 E0.23769 F1509
G1 X94.0959 Y142.1627 Z1.2757 E0.23872 F1502
G1 X93.4584 Y141.5416 Z1.2792 E0.23906 F1500
G1 X92.8373 Y140.9041 Z1.2804 E0.23871 F1502
G1 X92.2331 Y140.2504 Z1.2794 E0.23768 F1509
G1 X91.6462 Y139.5812 Z1.2762 E0.23599 F1519
G1 X91.0770 Y138.8969 Z1.2709 E0.23369 F1534
G1 X90.5260 Y138.1979 Z1.2637 E0.23083 F1554
G1 X89.9934 Y137.4847 Z1.2549 E0.22748 F1576
G1 X89.4797 Y136.7578 Z1.2446 E0.22372 F1603
G1 X88.9852 Y136.0177 Z1.2332 E0.21964 F1633
G1 X88.5102 Y135.2650 Z1.2210 E0.21535 F1665
G1 X88.0551 Y134.5000 Z1.2083 E0.21095 F1700
G1 X87.6202 Y133.7234 Z1.1956 E0.20655 F1736
G1 X87.2058 Y132.9357 Z1.1831 E0.20226 F1773
G1 X86.8121 Y132.1374 Z1.1713 E0.19818 F1810
G1 X86.4395 Y131.3290 Z1.1605 E0.19442 F1845
G1 X86.0881 Y130.5112 Z1.1510 E0.19106 F1877
G1 X85.7583 Y129.6845 Z1.1431 E0.18819 F1906
G1 X85.4502 Y128.8494 Z1.1370 E0.18588 F1929
G1 X85.1641 Y128.0066 Z1.1331 E0.18419 F1947
G1 X84.9001 Y127.1565 Z1.1313 E0.18315 F1958
G1 X84.6585 Y126.2998 Z1.1319 E0.18281 F1962
G1 X84.4394 Y125.4371 Z1.1350 E0.18316 F1958
G1 X84.2430 Y124.5690 Z1.1403 E0.18419 F1947
G1 X84.0693 Y123.6960 Z1.1480 E0.18588 F1929
G1 X83.9186 Y122.8188 Z1.1579 E0.18819 F1906
G1 X83.7909 Y121.9379 Z1.1699 E0.19106 F1877
G1 X83.6863 Y121.0540 Z1.1835 E0.19442 F1845
G1 X83.6048 Y120.1676 Z1.1987 E0.19819 F1810
G1 X83.5466 Y119.2794 Z1.2151 E0.20228 F1773
G1 X83.5117 Y118.3900 Z1.2323 E0.20657 F1736
G1 X83.5000 Y117.5000 Z1.2500 E0.21097 F1700
G1 X83.5117 Y116.6100 Z1.2678 E0.21538 F1665
G1 X83.5466 Y115.7206 Z1.2852 E0.21967 F1633
G1 X83.6048 Y114.8324 Z1.3020 E0.22374 F1603
G1 X83.6863 Y113.9460 Z1.3178 E0.22750 F1576
G1 X83.7909 Y113.0621 Z1.3321 E0.23085 F1554
G1 X83.9186 Y112.1812 Z1.3448 E0.23371 F1534
G1 X84.0693 Y111.3040 Z1.3554 E0.23601 F1519
G1 X84.2430 Y110.4310 Z1.3639 E0.23769 F1509
G1 X84.4394 Y109.5629 Z1.3700 E0.23872 F1502
G1 X84.6585 Y108.7002 Z1.3736 E0.23906 F1500
G1 X84.9001 Y107.8435 Z1.3747 E0.23871 F1502
G1 X85.1641 Y106.9934 Z1.3733 E0.23768 F1509
G1 X85.4502 Y106.1506 Z1.3694 E0.23599 F1519
G1 X85.7583 Y105.3155 Z1.3632 E0.23369 F1534
G1 X86.0881 Y104.4888 Z1.3549 E0.23083 F1554
G1 X86.4395 Y103.6710 Z1.3447 E0.22748 F1576
G1 X86.8121 Y102.8626 Z1.3330 E0.22372 F1603
G1 X87.2058 Y102.0643 Z1.3199 E0.21965 F1633
G1 X87.6202 Y101.2766 Z1.3061 E0.21536 F1665
G1 X88.0551 Y100.5000 Z1.2917 E0.21096 F1700
G1 X88.5102 Y99.7350 Z1.2772 E0.20656 F1736
G1 X88.9852 Y98.9823 Z1.2630 E0.20227 F1773
G1 X89.4797 Y98.2422 Z1.2496 E0.19819 F1810
G1 X89.9934 Y97.5153 Z1.2373 E0.19442 F1845
G1 X90.5260 Y96.8021 Z1.2265 E0.19106 F1877
G1 X91.0770 Y96.1031 Z1.2174 E0.18819 F1906
G1 X91.6462 Y95.4188 Z1.2105 E0.18588 F1929
G1 X92.2331 Y94.7496 Z1.2058 E0.18419 F1947
G1 X92.8373 Y94.0959 Z1.2037 E0.18316 F1958
G1 X93.4584 Y93.4584 Z1.2042 E0.18281 F1962
G1 X94.0959 Y92.8373 Z1.2073 E0.18316 F1958
G1 X94.7496 Y92.2331 Z1.2131 E0.18419 F1947
G1 X95.4188 Y91.6462 Z1.2215 E0.18588 F1929
G1 X96.1031 Y91.0770 Z1.2323 E0.18819 F1906
G1 X96.8021 Y90.5260 Z1.2453 E0.19107 F1877
G1 X97.5153 Y89.9934 Z1.2603 E0.19443 F1845
G1 X98.2422 Y89.4797 Z1.2770 E0.19820 F1810
G1 X98.9823 Y88.9852 Z1.2950 E0.20228 F1773
G1 X99.7350 Y88.5102 Z1.3139 E0.20658 F1736
G1 X100.5000 Y88.0551 Z1.3333 E0.21098 F1700
G1 X101.2766 Y87.6202 Z1.3528 E0.21538 F1665
G1 X102.0643 Y87.2058 Z1.3720 E0.21967 F1633
G1 X102.8626 Y86.8121 Z1.3904 E0.22375 F1603
G1 X103.6710 Y86.4395 Z1.4076 E0.22751 F1576
G1 X104.4888 Y86.0881 Z1.4233 E0.23086 F1554
G1 X105.3155 Y85.7583 Z1.4371 E0.23371 F1534
G1 X106.1506 Y85.4502 Z1.4486 E0.23601 F1519
G1 X106.9934 Y85.1641 Z1.4578 E0.23769 F1509
G1 X107.8435 Y84.9001 Z1.4643 E0.23872 F1502
G1 X108.7002 Y84.6585 Z1.4681 E0.23906 F1500
G1 X109.5629 Y84.4394 Z1.4690 E0.23871 F1502
G1 X110.4310 Y84.2430 Z1.4672 E0.23768 F1509
G1 X111.3040 Y84.0693 Z1.4626 E0.23599 F1519
G1 X112.1812 Y83.9186 Z1.4555 E0.23369 F1534
G1 X113.0621 Y83.7909 Z1.4461 E0.23083 F1554
G1 X113.9460 Y83.6863 Z1.4346 E0.22748 F1576
G1 X114.8324 Y83.6048 Z1.4213 E0.22373 F1603
G1 X115.7206 Y83.5466 Z1.4067 E0.21965 F1633
G1 X116.6100 Y83.5117 Z1.3911 E0.21537 F1665
G1 X117.5000 Y83.5000 Z1.3750 E0.21097 F1700
G1 X118.3900 Y83.5117 Z1.3588 E0.20657 F1736
G1 X119.2794 Y83.5466 Z1.3429 E0.20227 F1773
G1 X120.1676 Y83.6048 Z1.3279 E0.19819 F1810
G1 X121.0540 Y83.6863 Z1.3141 E0.19443 F1845
G1 X121.9379 Y83.7909 Z1.3019 E0.19106 F1877
G1 X122.8188 Y83.9186 Z1.2918 E0.18819 F1906
G1 X123.6960 Y84.0693 Z1.2839 E0.18588 F1929
G1 X124.5690 Y84.2430 Z1.2786 E0.18419 F1947
G1 X125.4371 Y84.4394 Z1.2761 E0.18316 F1958
G1 X126.2998 Y84.6585 Z1.2764 E0.18281 F1962
G1 X127.1565 Y84.9001 Z1.2797 E0.18316 F1958
G1 X128.0066 Y85.1641 Z1.2859 E0.18419 F1947
G1 X128.8494 Y85.4502 Z1.2949 E0.18588 F1929
G1 X129.6845 Y85.7583 Z1.3066 E0.18820 F1906
G1 X130.5112 Y86.0881 Z1.3208 E0.19107 F1877
G1 X131.3290 Y86.4395 Z1.3371 E0.19443 F1845
G1 X132.1374 Y86.8121 Z1.3553 E0.19821 F1810
G1 X132.9357 Y87.2058 Z1.3749 E0.20229 F1773
G1 X133.7234 Y87.6202 Z1.3955 E0.20659 F1736
G1 X134.5000 Y88.0551 Z1.4167 E0.21099 F1700
G1 X135.2650 Y88.5102 Z1.4379 E0.21539 F1665
G1 X136.0177 Y88.9852 Z1.4588 E0.21968 F1633
G1 X136.7578 Y89.4797 Z1.4788 E0.22376 F1603
G1 X137.4847 Y89.9934 Z1.4975 E0.22751 F1576
G1 X138.1979 Y90.5260 Z1.5145 E0.23086 F1554
G1 X138.8969 Y91.0770 Z1.5294 E0.23372 F1534
G1 X139.5812 Y91.6462 Z1.5419 E0.23601 F1519
G1 X140.2504 Y92.2331 Z1.5517 E0.23770 F1509
G1 X140.9041 Y92.8373 Z1.5586 E0.23872 F1502
G1 X141.5416 Y93.4584 Z1.5625 E0.23906 F1500
G1 X142.1627 Y94.0959 Z1.5633 E0.23871 F1502
G1 X142.7669 Y94.7496 Z1.5611 E0.23768 F1509
G1 X143.3538 Y95.4188 Z1.5559 E0.23600 F1519
G1 X143.9230 Y96.1031 Z1.5479 E0.23370 F1534
G1 X144.4740 Y96.8021 Z1.5373 E0.23084 F1554
G1 X145.0066 Y97.5153 Z1.5245 E0.22749 F1576
G1 X145.5203 Y98.2422 Z1.5097 E0.22373 F1603
G1 X146.0148 Y98.9823 Z1.4935 E0.21966 F1633
G1 X146.4898 Y99.7350 Z1.4762 E0.21537 F1665
G1 X146.9449 Y100.5000 Z1.4583 E0.21098 F1700
G1 X147.3798 Y101.2766 Z1.4404 E0.20658 F1736
G1 X147.7942 Y102.0643 Z1.4228 E0.20228 F1773
G1 X148.1879 Y102.8626 Z1.4062 E0.19820 F1810
G1 X148.5605 Y103.6710 Z1.3909 E0.19443 F1845
G1 X148.9119 Y104.4888 Z1.3774 E0.19107 F1877
G1 X149.2417 Y105.3155 Z1.3661 E0.18819 F1906
G1 X149.5498 Y106.1506 Z1.3573 E0.18588 F1929
G1 X149.8359 Y106.9934 Z1.3514 E0.18419 F1947
G1 X150.0999 Y107.8435 Z1.3484 E0.18316 F1958
G1 X150.3415 Y108.7002 Z1.3486 E0.18281 F1962
G1 X150.5606 Y109.5629 Z1.3520 E0.18316 F1958
G1 X150.7570 Y110.4310 Z1.3586 E0.18419 F1947
G1 X150.9307 Y111.3040 Z1.3683 E0.18588 F1929
G1 X151.0814 Y112.1812 Z1.3810 E0.18820 F1906
G1 X151.2091 Y113.0621 Z1.3963 E0.19107 F1877
G1 X151.3137 Y113.9460 Z1.4139 E0.19444 F1845
G1 X151.3952 Y114.8324 Z1.4336 E0.19821 F1810
G1 X151.4534 Y115.7206 Z1.4548 E0.20230 F1773
G1 X151.4883 Y116.6100 Z1.4771 E0.20660 F1736
G1 X151.5000 Y117.5000 Z1.5000 E0.21100 F1700
G1 X151.4883 Y118.3900 Z1.5230 E0.21540 F1665
G1 X151.4534 Y119.2794 Z1.5455 E0.21969 F1633
G1 X151.3952 Y120.1676 Z1.5672 E0.22377 F1603
G1 X151.3137 Y121.0540 Z1.5874 E0.22752 F1576
G1 X151.2091 Y121.9379 Z1.6057 E0.23087 F1554
G1 X151.0814 Y122.8188 Z1.6217 E0.23372 F1534
G1 X150.9307 Y123.6960 Z1.6351 E0.23602 F1519
G1 X150.7570 Y124.5690 Z1.6456 E0.23770 F1509
G1 X150.5606 Y125.4371 Z1.6529 E0.23872 F1502
G1 X150.3415 Y126.2998 Z1.6569 E0.23906 F1500
G1 X150.0999 Y127.1565 Z1.6576 E0.23871 F1502
G1 X149.8359 Y128.0066 Z1.6550 E0.23768 F1509
G1 X149.5498 Y128.8494 Z1.6491 E0.23600 F1519
G1 X149.2417 Y129.6845 Z1.6402 E0.23370 F1534
G1 X148.9119 Y130.5112 Z1.6285 E0.23084 F1554
G1 X148.5605 Y131.3290 Z1.6143 E0.22749 F1576
G1 X148.1879 Y132.1374 Z1.5981 E0.22374 F1603
G1 X147.7942 Y132.9357 Z1.5802 E0.21967 F1633
G1 X147.3798 Y133.7234 Z1.5613 E0.21538 F1665
G1 X146.9449 Y134.5000 Z1.5417 E0.21098 F1700
G1 X146.4898 Y135.2650 Z1.5220 E0.20658 F1736
G1 X146.0148 Y136.0177 Z1.5027 E0.20229 F1773
G1 X145.5203 Y136.7578 Z1.4845 E0.19821 F1810
G1 X145.0066 Y137.4847 Z1.4677 E0.19444 F1845
G1 X144.4740 Y138.1979 Z1.4529 E0.19107 F1877
G1 X143.9230 Y138.8969 Z1.4405 E0.18820 F1906
G1 X143.3538 Y139.5812 Z1.4308 E0.18588 F1929
G1 X142.7669 Y140.2504 Z1.4241 E0.18419 F1947
G1 X142.1627 Y140.9041 Z1.4208 E0.18316 F1958
G1 X141.5416 Y141.5416 Z1.4208 E0.18281 F1962
G1 X140.9041 Y142.1627 Z1.4244 E0.18316 F1958
G1 X140.2504 Y142.7669 Z1.4314 E0.18419 F1947
G1 X139.5812 Y143.3538 Z1.4418 E0.18589 F1929
G1 X138.8969 Y143.9230 Z1.4553 E0.18820 F1906
G1 X138.1979 Y144.4740 Z1.4718 E0.19108 F1877
G1 X137.4847 Y145.0066 Z1.4908 E0.19445 F1845
G1 X136.7578 Y145.5203 Z1.5119 E0.19822 F1810
G1 X136.0177 Y146.0148 Z1.5347 E0.20231 F1773
G1 X135.2650 Y146.4898 Z1.5587 E0.20661 F1736
G1 X134.5000 Y146.9449 Z1.5833 E0.21101 F1700
G1 X133.7234 Y147.3798 Z1.6081 E0.21542 F1665
G1 X132.9357 Y147.7942 Z1.6323 E0.21971 F1633
G1 X132.1374 Y148.1879 Z1.6555 E0.22378 F1603
G1 X131.3290 Y148.5605 Z1.6772 E0.22753 F1576
G1 X130.5112 Y148.9119 Z1.6969 E0.23088 F1554
G1 X129.6845 Y149.2417 Z1.7140 E0.23373 F1534
G1 X128.8494 Y149.5498 Z1.7284 E0.23602 F1519
G1 X128.0066 Y149.8359 Z1.7395 E0.23770 F1509
G1 X127.1565 Y150.0999 Z1.7472 E0.23872 F1502
G1 X126.2998 Y150.3415 Z1.7514 E0.23906 F1500
G1 X125.4371 Y150.5606 Z1.7519 E0.23871 F1502
G1 X124.5690 Y150.7570 Z1.7489 E0.23768 F1509
G1 X123.6960 Y150.9307 Z1.7423 E0.23600 F1519
G1 X122.8188 Y151.0814 Z1.7325 E0.23370 F1534
G1 X121.9379 Y151.2091 Z1.7197 E0.23084 F1554
G1 X121.0540 Y151.3137 Z1.7042 E0.22750 F1576
G1 X120.1676 Y151.3952 Z1.6865 E0.22375 F1603
G1 X119.2794 Y151.4534 Z1.6670 E0.21968 F1633
G1 X118.3900 Y151.4883 Z1.6463 E0.21539 F1665
G1 X117.5000 Y151.5000 Z1.6250 E0.21099 F1700
G1 X116.6100 Y151.4883 Z1.6036 E0.20659 F1736
G1 X115.7206 Y151.4534 Z1.5826 E0.20230 F1773
G1 X114.8324 Y151.3952 Z1.5628 E0.19821 F1810
G1 X113.9460 Y151.3137 Z1.5445 E0.19444 F1845
G1 X113.0621 Y151.2091 Z1.5284 E0.19108 F1877
G1 X112.1812 Y151.0814 Z1.5148 E0.18820 F1906
G1 X111.3040 Y150.9307 Z1.5042 E0.18589 F1929
G1 X110.4310 Y150.7570 Z1.4969 E0.18419 F1947
G1 X109.5629 Y150.5606 Z1.4931 E0.18316 F1958
G1 X108.7002 Y150.3415 Z1.4931 E0.18281 F1962
G1 X107.8435 Y150.0999 Z1.4967 E0.18316 F1958
G1 X106.9934 Y149.8359 Z1.5042 E0.18419 F1947
G1 X106.1506 Y149.5498 Z1.5152 E0.18589 F1929
G1 X105.3155 Y149.2417 Z1.5297 E0.18820 F1906
G1 X104.4888 Y148.9119 Z1.5472 E0.19108 F1877
G1 X103.6710 Y148.5605 Z1.5676 E0.19445 F1845
G1 X102.8626 Y148.1879 Z1.5902 E0.19823 F1810
G1 X102.0643 Y147.7942 Z1.6146 E0.20232 F1773
G1 X101.2766 Y147.3798 Z1.6403 E0.20662 F1736
G1 X100.5000 Y146.9449 Z1.6667 E0.21103 F1700
G1 X99.7350 Y146.4898 Z1.6931 E0.21543 F1665
G1 X98.9823 Y146.0148 Z1.7191 E0.21972 F1633
G1 X98.2422 Y145.5203 Z1.7439 E0.22379 F1603
G1 X97.5153 Y145.0066 Z1.7671 E0.22754 F1576
G1 X96.8021 Y144.4740 Z1.7881 E0.23088 F1554
G1 X96.1031 Y143.9230 Z1.8064 E0.23374 F1534
G1 X95.4188 Y143.3538 Z1.8216 E0.23603 F1519
G1 X94.7496 Y142.7669 Z1.8334 E0.23770 F1509
G1 X94.0959 Y142.1627 Z1.8415 E0.23872 F1502
G1 X93.4584 Y141.5416 Z1.8458 E0.23906 F1500
G1 X92.8373 Y140.9041 Z1.8462 E0.23871 F1502
G1 X92.2331 Y140.2504 Z1.8428 E0.23768 F1509
G1 X91.6462 Y139.5812 Z1.8356 E0.23600 F1519
G1 X91.0770 Y138.8969 Z1.8248 E0.23370 F1534
G1 X90.5260 Y138.1979 Z1.8109 E0.23085 F1554
G1 X89.9934 Y137.4847 Z1.7940 E0.22750 F1576
G1 X89.4797 Y136.7578 Z1.7748 E0.22375 F1603
G1 X88.9852 Y136.0177 Z1.7538 E0.21969 F1633
G1 X88.5102 Y135.2650 Z1.7314 E0.21540 F1665
G1 X88.0551 Y134.5000 Z1.7083 E0.21100 F1700
G1 X87.6202 Y133.7234 Z1.6852 E0.20660 F1736
G1 X87.2058 Y132.9357 Z1.6625 E0.20231 F1773
G1 X86.8121 Y132.1374 Z1.6411 E0.19822 F1810
G1 X86.4395 Y131.3290 Z1.6213 E0.19445 F1845
G1 X86.0881 Y130.5112 Z1.6038 E0.19108 F1877
G1 X85.7583 Y129.6845 Z1.5891 E0.18821 F1906
G1 X85.4502 Y128.8494 Z1.5776 E0.18589 F1929
G1 X85.1641 Y128.0066 Z1.5697 E0.18419 F1947
G1 X84.9001 Y127.1565 Z1.5655 E0.18316 F1958
G1 X84.6585 Y126.2998 Z1.5653 E0.18281 F1962
G1 X84.4394 Y125.4371 Z1.5691 E0.18316 F1958
G1 X84.2430 Y124.5690 Z1.5769 E0.18419 F1947
G1 X84.0693 Y123.6960 Z1.5886 E0.18589 F1929
G1 X83.9186 Y122.8188 Z1.6040 E0.18821 F1906
G1 X83.7909 Y121.9379 Z1.6227 E0.19109 F1877
G1 X83.6863 Y121.0540 Z1.6444 E0.19446 F1845
G1 X83.6048 Y120.1676 Z1.6685 E0.19824 F1810
G1 X83.5466 Y119.2794 Z1.6945 E0.20233 F1773
G1 X83.5117 Y118.3900 Z1.7219 E0.20663 F1736
G1 X83.5000 Y117.5000 Z1.7500 E0.21104 F1700
G1 X83.5117 Y116.6100 Z1.7782 E0.21544 F1665
G1 X83.5466 Y115.7206 Z1.8058 E0.21973 F1633
G1 X83.6048 Y114.8324 Z1.8323 E0.22380 F1603
G1 X83.6863 Y113.9460 Z1.8570 E0.22755 F1576
G1 X83.7909 Y113.0621 Z1.8792 E0.23089 F1554
G1 X83.9186 Y112.1812 Z1.8987 E0.23374 F1534
G1 X84.0693 Y111.3040 Z1.9148 E0.23603 F1519
G1 X84.2430 Y110.4310 Z1.9273 E0.23770 F1509
G1 X84.4394 Y109.5629 Z1.9358 E0.23872 F1502
G1 X84.6585 Y108.7002 Z1.9403 E0.23906 F1500
G1 X84.9001 Y107.8435 Z1.9405 E0.23871 F1502
G1 X85.1641 Y106.9934 Z1.9367 E0.23768 F1509
G1 X85.4502 Y106.1506 Z1.9288 E0.23600 F1519
G1 X85.7583 Y105.3155 Z1.9171 E0.23371 F1534
G1 X86.0881 Y104.4888 Z1.9020 E0.23085 F1554
G1 X86.4395 Y103.6710 Z1.8839 E0.22751 F1576
G1 X86.8121 Y102.8626 Z1.8632 E0.22376 F1603
G1 X87.2058 Y102.0643 Z1.8405 E0.21969 F1633
G1 X87.6202 Y101.2766 Z1.8165 E0.21541 F1665
G1 X88.0551 Y100.5000 Z1.7917 E0.21101 F1700
G1 X88.5102 Y99.7350 Z1.7668 E0.20661 F1736
G1 X88.9852 Y98.9823 Z1.7424 E0.20232 F1773
G1 X89.4797 Y98.2422 Z1.7194 E0.19823 F1810
G1 X89.9934 Y97.5153 Z1.6981 E0.19446 F1845
G1 X90.5260 Y96.8021 Z1.6793 E0.19109 F1877
G1 X91.0770 Y96.1031 Z1.6635 E0.18821 F1906
G1 X91.6462 Y95.4188 Z1.6511 E0.18589 F1929
G1 X92.2331 Y94.7496 Z1.6424 E0.18419 F1947
G1 X92.8373 Y94.0959 Z1.6378 E0.18316 F1958
G1 X93.4584 Y93.4584 Z1.6375 E0.18281 F1962
G1 X94.0959 Y92.8373 Z1.6415 E0.18316 F1958
G1 X94.7496 Y92.2331 Z1.6497 E0.18419 F1947
G1 X95.4188 Y91.6462 Z1.6621 E0.18589 F1929
G1 X96.1031 Y91.0770 Z1.6784 E0.18821 F1906
G1 X96.8021 Y90.5260 Z1.6982 E0.19109 F1877
G1 X97.5153 Y89.9934 Z1.7212 E0.19447 F1845
G1 X98.2422 Y89.4797 Z1.7468 E0.19825 F1810
G1 X98.9823 Y88.9852 Z1.7744 E0.20234 F1773
G1 X99.7350 Y88.5102 Z1.8035 E0.20664 F1736
G1 X100.5000 Y88.0551 Z1.8333 E0.21105 F1700
G1 X101.2766 Y87.6202 Z1.8633 E0.21545 F1665
G1 X102.0643 Y87.2058 Z1.8926 E0.21974 F1633
G1 X102.8626 Y86.8121 Z1.9207 E0.22381 F1603
G1 X103.6710 Y86.4395 Z1.9468 E0.22756 F1576
G1 X104.4888 Y86.0881 Z1.9704 E0.23090 F1554
G1 X105.3155 Y85.7583 Z1.9910 E0.23375 F1534
G1 X106.1506 Y85.4502 Z2.0081 E0.23604 F1519
G1 X106.9934 Y85.1641 Z2.0212 E0.23771 F1509
G1 X107.8435 Y84.9001 Z2.0301 E0.23872 F1502
G1 X108.7002 Y84.6585 Z2.0347 E0.23906 F1500
G1 X109.5629 Y84.4394 Z2.0349 E0.23871 F1502
G1 X110.4310 Y84.2430 Z2.0306 E0.23768 F1509
G1 X111.3040 Y84.0693 Z2.0220 E0.23600 F1519
G1 X112.1812 Y83.9186 Z2.0095 E0.23371 F1534
G1 X113.0621 Y83.7909 Z1.9932 E0.23086 F1554
G1 X113.9460 Y83.6863 Z1.9738 E0.22752 F1576
G1 X114.8324 Y83.6048 Z1.9516 E0.22377 F1603
G1 X115.7206 Y83.5466 Z1.9273 E0.21971 F1633
G1 X116.6100 Y83.5117 Z1.9016 E0.21542 F1665
G1 X117.5000 Y83.5000 Z1.8750 E0.21103 F1700
G1 X118.3900 Y83.5117 Z1.8484 E0.20663 F1736
G1 X119.2794 Y83.5466 Z1.8223 E0.20233 F1773
G1 X120.1676 Y83.6048 Z1.7976 E0.19824 F1810
G1 X121.0540 Y83.6863 Z1.7749 E0.19446 F1845
G1 X121.9379 Y83.7909 Z1.7548 E0.19109 F1877
G1 X122.8188 Y83.9186 Z1.7378 E0.18821 F1906
G1 X123.6960 Y84.0693 Z1.7245 E0.18589 F1929
G1 X124.5690 Y84.2430 Z1.7152 E0.18419 F1947
G1 X125.4371 Y84.4394 Z1.7102 E0.18316 F1958
G1 X126.2998 Y84.6585 Z1.7097 E0.18281 F1962
G1 X127.1565 Y84.9001 Z1.7138 E0.18316 F1958
G1 X128.0066 Y85.1641 Z1.7225 E0.18419 F1947
G1 X128.8494 Y85.4502 Z1.7355 E0.18589 F1929
G1 X129.6845 Y85.7583 Z1.7527 E0.18821 F1906
G1 X130.5112 Y86.0881 Z1.7737 E0.19110 F1877
G1 X131.3290 Y86.4395 Z1.7980 E0.19447 F1845
G1 X132.1374 Y86.8121 Z1.8250 E0.19826 F1810
G1 X132.9357 Y87.2058 Z1.8543 E0.20235 F1773
G1 X133.7234 Y87.6202 Z1.8851 E0.20666 F1736
G1 X134.5000 Y88.0551 Z1.9167 E0.21107 F1700
G1 X135.2650 Y88.5102 Z1.9483 E0.21547 F1665
G1 X136.0177 Y88.9852 Z1.9794 E0.21976 F1633
G1 X136.7578 Y89.4797 Z2.0090 E0.22383 F1603
G1 X137.4847 Y89.9934 Z2.0367 E0.22757 F1576
G1 X138.1979 Y90.5260 Z2.0616 E0.23091 F1554
G1 X138.8969 Y91.0770 Z2.0833 E0.23376 F1534
G1 X139.5812 Y91.6462 Z2.1013 E0.23604 F1519
G1 X140.2504 Y92.2331 Z2.1151 E0.23771 F1509
G1 X140.9041 Y92.8373 Z2.1244 E0.23872 F1502
G1 X141.5416 Y93.4584 Z2.1292 E0.23906 F1500
G1 X142.1627 Y94.0959 Z2.1292 E0.23871 F1502
G1 X142.7669 Y94.7496 Z2.1245 E0.23768 F1509
G1 X143.3538 Y95.4188 Z2.1153 E0.23600 F1519
G1 X143.9230 Y96.1031 Z2.1018 E0.23371 F1534
G1 X144.4740 Y96.8021 Z2.0844 E0.23086 F1554
G1 X145.0066 Y97.5153 Z2.0636 E0.22753 F1576
G1 X145.5203 Y98.2422 Z2.0400 E0.22378 F1603
G1 X146.0148 Y98.9823 Z2.0141 E0.21972 F1633
G1 X146.4898 Y99.7350 Z1.9866 E0.21543 F1665
G1 X146.9449 Y100.5000 Z1.9583 E0.21104 F1700
G1 X147.3798 Y101.2766 Z1.9300 E0.20664 F1736
G1 X147.7942 Y102.0643 Z1.9022 E0.20234 F1773
G1 X148.1879 Y102.8626 Z1.8759 E0.19825 F1810
G1 X148.5605 Y103.6710 Z1.8517 E0.19447 F1845
G1 X148.9119 Y104.4888 Z1.8303 E0.19110 F1877
G1 X149.2417 Y105.3155 Z1.8122 E0.18822 F1906
G1 X149.5498 Y106.1506 Z1.7979 E0.18590 F1929
G1 X149.8359 Y106.9934 Z1.7880 E0.18420 F1947
G1 X150.0999 Y107.8435 Z1.7826 E0.18316 F1958
G1 X150.3415 Y108.7002 Z1.7819 E0.18281 F1962
G1 X150.5606 Y109.5629 Z1.7862 E0.18316 F1958
G1 X150.7570 Y110.4310 Z1.7952 E0.18419 F1947
G1 X150.9307 Y111.3040 Z1.8089 E0.18590 F1929
G1 X151.0814 Y112.1812 Z1.8270 E0.18822 F1906
G1 X151.2091 Y113.0621 Z1.8491 E0.19110 F1877
G1 X151.3137 Y113.9460 Z1.8748 E0.19448 F1845
G1 X151.3952 Y114.8324 Z1.9033 E0.19827 F1810
G1 X151.4534 Y115.7206 Z1.9342 E0.20236 F1773
G1 X151.4883 Y116.6100 Z1.9667 E0.20667 F1736
G1 X151.5000 Y117.5000 Z2.0000 E0.21108 F1700
G1 X151.4883 Y118.3900 Z2.0334 E0.21548 F1665
G1 X151.4534 Y119.2794 Z2.0661 E0.21977 F1633
G1 X151.3952 Y120.1676 Z2.0974 E0.22384 F1603
G1 X151.3137 Y121.0540 Z2.1265 E0.22759 F1576
G1 X151.2091 Y121.9379 Z2.1528 E0.23092 F1554
G1 X151.0814 Y122.8188 Z2.1757 E0.23376 F1534
G1 X150.9307 Y123.6960 Z2.1945 E0.23604 F1519
G1 X150.7570 Y124.5690 Z2.2090 E0.23771 F1509
G1 X150.5606 Y125.4371 Z2.2188 E0.23873 F1502
G1 X150.3415 Y126.2998 Z2.2236 E0.23906 F1500
G1 X150.0999 Y127.1565 Z2.2235 E0.23871 F1502
G1 X149.8359 Y128.0066 Z2.2184 E0.23768 F1509
G1 X149.5498 Y128.8494 Z2.2085 E0.23601 F1519
G1 X149.2417 Y129.6845 Z2.1941 E0.23372 F1534
G1 X148.9119 Y130.5112 Z2.1756 E0.23087 F1554
G1 X148.5605 Y131.3290 Z2.1535 E0.22753 F1576
G1 X148.1879 Y132.1374 Z2.1284 E0.22379 F1603
G1 X147.7942 Y132.9357 Z2.1008 E0.21973 F1633
G1 X147.3798 Y133.7234 Z2.0717 E0.21545 F1665
G1 X146.9449 Y134.5000 Z2.0417 E0.21105 F1700
G1 X146.4898 Y135.2650 Z2.0116 E0.20665 F1736
G1 X146.0148 Y136.0177 Z1.9821 E0.20235 F1773
G1 X145.5203 Y136.7578 Z1.9542 E0.19826 F1810
G1 X145.0066 Y137.4847 Z1.9285 E0.19448 F1845
G1 X144.4740 Y138.1979 Z1.9058 E0.19111 F1877
G1 X143.9230 Y138.8969 Z1.8865 E0.18822 F1906
G1 X143.3538 Y139.5812 Z1.8714 E0.18590 F1929
G1 X142.7669 Y140.2504 Z1.8607 E0.18420 F1947
G1 X142.1627 Y140.9041 Z1.8549 E0.18316 F1958
G1 X141.5416 Y141.5416 Z1.8542 E0.18281 F1962
G1 X140.9041 Y142.1627 Z1.8585 E0.18316 F1958
G1 X140.2504 Y142.7669 Z1.8680 E0.18420 F1947
G1 X139.5812 Y143.3538 Z1.8824 E0.18590 F1929
G1 X138.8969 Y143.9230 Z1.9014 E0.18822 F1906
G1 X138.1979 Y144.4740 Z1.9246 E0.19111 F1877
G1 X137.4847 Y145.0066 Z1.9516 E0.19449 F1845
G1 X136.7578 Y145.5203 Z1.9816 E0.19828 F1810
G1 X136.0177 Y146.0148 Z2.0141 E0.20238 F1773
G1 X135.2650 Y146.4898 Z2.0483 E0.20669 F1736
G1 X134.5000 Y146.9449 Z2.0833 E0.21110 F1700
G1 X133.7234 Y147.3798 Z2.1185 E0.21550 F1665
G1 X132.9357 Y147.7942 Z2.1529 E0.21979 F1633
G1 X132.1374 Y148.1879 Z2.1858 E0.22385 F1603
G1 X131.3290 Y148.5605 Z2.2164 E0.22760 F1576
G1 X130.5112 Y148.9119 Z2.2440 E0.23093 F1554
G1 X129.6845 Y149.2417 Z2.2680 E0.23377 F1534
G1 X128.8494 Y149.5498 Z2.2878 E0.23605 F1519
G1 X128.0066 Y149.8359 Z2.3029 E0.23772 F1509
G1 X127.1565 Y150.0999 Z2.3131 E0.23873 F1502
G1 X126.2998 Y150.3415 Z2.3181 E0.23906 F1500
G1 X125.4371 Y150.5606 Z2.3178 E0.23871 F1502
G1 X124.5690 Y150.7570 Z2.3123 E0.23769 F1509
G1 X123.6960 Y150.9307 Z2.3017 E0.23601 F1519
G1 X122.8188 Y151.0814 Z2.2864 E0.23372 F1534
G1 X121.9379 Y151.2091 Z2.2668 E0.23088 F1554
G1 X121.0540 Y151.3137 Z2.2434 E0.22754 F1576
G1 X120.1676 Y151.3952 Z2.2167 E0.22380 F1603
G1 X119.2794 Y151.4534 Z2.1876 E0.21974 F1633
G1 X118.3900 Y151.4883 Z2.1568 E0.21546 F1665
G1 X117.5000 Y151.5000 Z2.1250 E0.21107 F1700
G1 X116.6100 Y151.4883 Z2.0931 E0.20667 F1736
G1 X115.7206 Y151.4534 Z2.0620 E0.20237 F1773
G1 X114.8324 Y151.3952 Z2.0325 E0.19827 F1810
G1 X113.9460 Y151.3137 Z2.0053 E0.19449 F1845
G1 X113.0621 Y151.2091 Z1.9812 E0.19112 F1877
G1 X112.1812 Y151.0814 Z1.9609 E0.18823 F1906
G1 X111.3040 Y150.9307 Z1.9448 E0.18590 F1929
G1 X110.4310 Y150.7570 Z1.9335 E0.18420 F1947
G1 X109.5629 Y150.5606 Z1.9273 E0.18316 F1958
G1 X108.7002 Y150.3415 Z1.9264 E0.18281 F1962
G1 X107.8435 Y150.0999 Z1.9309 E0.18316 F1958
G1 X106.9934 Y149.8359 Z1.9408 E0.18420 F1947
G1 X106.1506 Y149.5498 Z1.9558 E0.18590 F1929
G1 X105.3155 Y149.2417 Z1.9757 E0.18823 F1906
G1 X104.4888 Y148.9119 Z2.0001 E0.19112 F1877
G1 X103.6710 Y148.5605 Z2.0284 E0.19450 F1845
G1 X102.8626 Y148.1879 Z2.0599 E0.19829 F1810
G1 X102.0643 Y147.7942 Z2.0940 E0.20239 F1773
G1 X101.2766 Y147.3798 Z2.1299 E0.20670 F1736
G1 X100.5000 Y146.9449 Z2.1667 E0.21111 F1700
G1 X99.7350 Y146.4898 Z2.2036 E0.21552 F1665
G1 X98.9823 Y146.0148 Z2.2397 E0.21980 F1633
G1 X98.2422 Y145.5203 Z2.2742 E0.22387 F1603
G1 X97.5153 Y145.0066 Z2.3063 E0.22761 F1576
G1 X96.8021 Y144.4740 Z2.3352 E0.23094 F1554
G1 X96.1031 Y143.9230 Z2.3603 E0.23378 F1534
G1 X95.4188 Y143.3538 Z2.3810 E0.23606 F1519
G1 X94.7496 Y142.7669 Z2.3968 E0.23772 F1509
G1 X94.0959 Y142.1627 Z2.4074 E0.23873 F1502
G1 X93.4584 Y141.5416 Z2.4125 E0.23906 F1500
G1 X92.8373 Y140.9041 Z2.4121 E0.23871 F1502
G1 X92.2331 Y140.2504 Z2.4062 E0.23769 F1509
G1 X91.6462 Y139.5812 Z2.3950 E0.23601 F1519
G1 X91.0770 Y138.8969 Z2.3788 E0.23372 F1534
G1 X90.5260 Y138.1979 Z2.3580 E0.23088 F1554
G1 X89.9934 Y137.4847 Z2.3332 E0.22755 F1576
G1 X89.4797 Y136.7578 Z2.3051 E0.22381 F1603
G1 X88.9852 Y136.0177 Z2.2744 E0.21975 F1633
G1 X88.5102 Y135.2650 Z2.2418 E0.21548 F1665
G1 X88.0551 Y134.5000 Z2.2083 E0.21108 F1700
G1 X87.6202 Y133.7234 Z2.1747 E0.20668 F1736
G1 X87.2058 Y132.9357 Z2.1419 E0.20238 F1773
G1 X86.8121 Y132.1374 Z2.1108 E0.19829 F1810
G1 X86.4395 Y131.3290 Z2.0821 E0.19450 F1845
G1 X86.0881 Y130.5112 Z2.0567 E0.19112 F1877
G1 X85.7583 Y129.6845 Z2.0352 E0.18823 F1906
G1 X85.4502 Y128.8494 Z2.0182 E0.18591 F1929
G1 X85.1641 Y128.0066 Z2.0063 E0.18420 F1947
G1 X84.9001 Y127.1565 Z1.9996 E0.18316 F1958
G1 X84.6585 Y126.2998 Z1.9986 E0.18281 F1962
G1 X84.4394 Y125.4371 Z2.0033 E0.18316 F1958
G1 X84.2430 Y124.5690 Z2.0135 E0.18420 F1947
G1 X84.0693 Y123.6960 Z2.0292 E0.18590 F1929
G1 X83.9186 Y122.8188 Z2.0501 E0.18823 F1906
G1 X83.7909 Y121.9379 Z2.0756 E0.19112 F1877
G1 X83.6863 Y121.0540 Z2.1052 E0.19451 F1845
G1 X83.6048 Y120.1676 Z2.1382 E0.19830 F1810
G1 X83.5466 Y119.2794 Z2.1739 E0.20240 F1773
G1 X83.5117 Y118.3900 Z2.2115 E0.20672 F1736
G1 X83.5000 Y117.5000 Z2.2500 E0.21113 F1700
G1 X83.5117 Y116.6100 Z2.2886 E0.21554 F1665
G1 X83.5466 Y115.7206 Z2.3264 E0.21982 F1633
G1 X83.6048 Y114.8324 Z2.3626 E0.22389 F1603
G1 X83.6863 Y113.9460 Z2.3961 E0.22763 F1576
G1 X83.7909 Y113.0621 Z2.4264 E0.23095 F1554
G1 X83.9186 Y112.1812 Z2.4526 E0.23379 F1534
G1 X84.0693 Y111.3040 Z2.4742 E0.23606 F1519
G1 X84.2430 Y110.4310 Z2.4907 E0.23772 F1509
G1 X84.4394 Y109.5629 Z2.5017 E0.23873 F1502
G1 X84.6585 Y108.7002 Z2.5069 E0.23906 F1500
G1 X84.9001 Y107.8435 Z2.5064 E0.23871 F1502
G1 X85.1641 Y106.9934 Z2.5001 E0.23769 F1509
G1 X85.4502 Y106.1506 Z2.4882 E0.23601 F1519
G1 X85.7583 Y105.3155 Z2.4711 E0.23373 F1534
G1 X86.0881 Y104.4888 Z2.4492 E0.23089 F1554
G1 X86.4395 Y103.6710 Z2.4231 E0.22756 F1576
G1 X86.8121 Y102.8626 Z2.3935 E0.22382 F1603
G1 X87.2058 Y102.0643 Z2.3611 E0.21977 F1633
G1 X87.6202 Y101.2766 Z2.3269 E0.21549 F1665
G1 X88.0551 Y100.5000 Z2.2917 E0.21110 F1700
G1 X88.5102 Y99.7350 Z2.2563 E0.20670 F1736
G1 X88.9852 Y98.9823 Z2.2218 E0.20239 F1773
G1 X89.4797 Y98.2422 Z2.1891 E0.19830 F1810
G1 X89.9934 Y97.5153 Z2.1589 E0.19451 F1845
G1 X90.5260 Y96.8021 Z2.1322 E0.19113 F1877
G1 X91.0770 Y96.1031 Z2.1096 E0.18824 F1906
G1 X91.6462 Y95.4188 Z2.0917 E0.18591 F1929
G1 X92.2331 Y94.7496 Z2.0790 E0.18420 F1947
G1 X92.8373 Y94.0959 Z2.0720 E0.18316 F1958
G1 X93.4584 Y93.4584 Z2.0708 E0.18281 F1962
G1 X94.0959 Y92.8373 Z2.0756 E0.18316 F1958
G1 X94.7496 Y92.2331 Z2.0863 E0.18420 F1947
G1 X95.4188 Y91.6462 Z2.1027 E0.18591 F1929
G1 X96.1031 Y91.0770 Z2.1244 E0.18824 F1906
G1 X96.8021 Y90.5260 Z2.1511 E0.19113 F1877
G1 X97.5153 Y89.9934 Z2.1820 E0.19452 F1845
G1 X98.2422 Y89.4797 Z2.2165 E0.19831 F1810
G1 X98.9823 Y88.9852 Z2.2538 E0.20242 F1773
G1 X99.7350 Y88.5102 Z2.2931 E0.20673 F1736
G1 X100.5000 Y88.0551 Z2.3333 E0.21115 F1700
G1 X101.2766 Y87.6202 Z2.3737 E0.21555 F1665
G1 X102.0643 Y87.2058 Z2.4132 E0.21984 F1633
G1 X102.8626 Y86.8121 Z2.4509 E0.22390 F1603
G1 X103.6710 Y86.4395 Z2.4860 E0.22764 F1576
G1 X104.4888 Y86.0881 Z2.5176 E0.23096 F1554
G1 X105.3155 Y85.7583 Z2.5449 E0.23380 F1534
G1 X106.1506 Y85.4502 Z2.5675 E0.23607 F1519
G1 X106.9934 Y85.1641 Z2.5846 E0.23772 F1509
G1 X107.8435 Y84.9001 Z2.5960 E0.23873 F1502
G1 X108.7002 Y84.6585 Z2.6014 E0.23906 F1500
G1 X109.5629 Y84.4394 Z2.6007 E0.23871 F1502
G1 X110.4310 Y84.2430 Z2.5940 E0.23769 F1509
G1 X111.3040 Y84.0693 Z2.5814 E0.23602 F1519
G1 X112.1812 Y83.9186 Z2.5634 E0.23373 F1534
G1 X113.0621 Y83.7909 Z2.5404 E0.23090 F1554
G1 X113.9460 Y83.6863 Z2.5130 E0.22757 F1576
G1 X114.8324 Y83.6048 Z2.4819 E0.22384 F1603
G1 X115.7206 Y83.5466 Z2.4479 E0.21978 F1633
G1 X116.6100 Y83.5117 Z2.4120 E0.21551 F1665
G1 X117.5000 Y83.5000 Z2.3750 E0.21111 F1700
G1 X118.3900 Y83.5117 Z2.3379 E0.20671 F1736
G1 X119.2794 Y83.5466 Z2.3017 E0.20241 F1773
G1 X120.1676 Y83.6048 Z2.2674 E0.19831 F1810
G1 X121.0540 Y83.6863 Z2.2357 E0.19452 F1845
G1 X121.9379 Y83.7909 Z2.2077 E0.19114 F1877
G1 X122.8188 Y83.9186 Z2.1839 E0.18825 F1906
G1 X123.6960 Y84.0693 Z2.1651 E0.18592 F1929
G1 X124.5690 Y84.2430 Z2.1518 E0.18421 F1947
G1 X125.4371 Y84.4394 Z2.1444 E0.18316 F1958
G1 X126.2998 Y84.6585 Z2.1431 E0.18281 F1962
G1 X127.1565 Y84.9001 Z2.1480 E0.18316 F1958
G1 X128.0066 Y85.1641 Z2.1591 E0.18420 F1947
G1 X128.8494 Y85.4502 Z2.1761 E0.18591 F1929
G1 X129.6845 Y85.7583 Z2.1988 E0.18824 F1906
G1 X130.5112 Y86.0881 Z2.2265 E0.19114 F1877
G1 X131.3290 Y86.4395 Z2.2588 E0.19453 F1845
G1 X132.1374 Y86.8121 Z2.2948 E0.19833 F1810
G1 X132.9357 Y87.2058 Z2.3337 E0.20244 F1773
G1 X133.7234 Y87.6202 Z2.3746 E0.20675 F1736
G1 X134.5000 Y88.0551 Z2.4167 E0.21117 F1700
G1 X135.2650 Y88.5102 Z2.4588 E0.21557 F1665
G1 X136.0177 Y88.9852 Z2.5000 E0.21986 F1633
G1 X136.7578 Y89.4797 Z2.5393 E0.22392 F1603
G1 X137.4847 Y89.9934 Z2.5759 E0.22766 F1576
G1 X138.1979 Y90.5260 Z2.6088 E0.23098 F1554
G1 X138.8969 Y91.0770 Z2.6373 E0.23381 F1534
G1 X139.5812 Y91.6462 Z2.6607 E0.23607 F1519
G1 X140.2504 Y92.2331 Z2.6785 E0.23773 F1509
G1 X140.9041 Y92.8373 Z2.6903 E0.23873 F1502
G1 X141.5416 Y93.4584 Z2.6958 E0.23906 F1500
G1 X142.1627 Y94.0959 Z2.6950 E0.23871 F1502
G1 X142.7669 Y94.7496 Z2.6879 E0.23769 F1509
G1 X143.3538 Y95.4188 Z2.6747 E0.23602 F1519
G1 X143.9230 Y96.1031 Z2.6557 E0.23374 F1534
G1 X144.4740 Y96.8021 Z2.6316 E0.23090 F1554
G1 X145.0066 Y97.5153 Z2.6028 E0.22758 F1576
G1 X145.5203 Y98.2422 Z2.5702 E0.22385 F1603
G1 X146.0148 Y98.9823 Z2.5347 E0.21980 F1633
G1 X146.4898 Y99.7350 Z2.4971 E0.21552 F1665
G1 X146.9449 Y100.5000 Z2.4583 E0.21113 F1700
G1 X147.3798 Y101.2766 Z2.4195 E0.20673 F1736
G1 X147.7942 Y102.0643 Z2.3816 E0.20242 F1773
G1 X148.1879 Y102.8626 Z2.3457 E0.19833 F1810
G1 X148.5605 Y103.6710 Z2.3125 E0.19454 F1845
G1 X148.9119 Y104.4888 Z2.2831 E0.19115 F1877
G1 X149.2417 Y105.3155 Z2.2582 E0.18825 F1906
G1 X149.5498 Y106.1506 Z2.2385 E0.18592 F1929
G1 X149.8359 Y106.9934 Z2.2246 E0.18421 F1947
G1 X150.0999 Y107.8435 Z2.2167 E0.18316 F1958
G1 X150.3415 Y108.7002 Z2.2153 E0.18281 F1962
G1 X150.5606 Y109.5629 Z2.2203 E0.18316 F1958
G1 X150.7570 Y110.4310 Z2.2318 E0.18420 F1947
G1 X150.9307 Y111.3040 Z2.2495 E0.18591 F1929
G1 X151.0814 Y112.1812 Z2.2731 E0.18825 F1906
G1 X151.2091 Y113.0621 Z2.3020 E0.19115 F1877
G1 X151.3137 Y113.9460 Z2.3356 E0.19454 F1845
G1 X151.3952 Y114.8324 Z2.3731 E0.19834 F1810
G1 X151.4534 Y115.7206 Z2.4136 E0.20245 F1773
G1 X151.4883 Y116.6100 Z2.4562 E0.20677 F1736
G1 X151.5000 Y117.5000 Z2.5000 E0.21119 F1700
G1 X151.4883 Y118.3900 Z2.5438 E0.21559 F1665
G1 X151.4534 Y119.2794 Z2.5867 E0.21988 F1633
G1 X151.3952 Y120.1676 Z2.6277 E0.22394 F1603
G1 X151.3137 Y121.0540 Z2.6657 E0.22767 F1576
G1 X151.2091 Y121.9379 Z2.7000 E0.23099 F1554
G1 X151.0814 Y122.8188 Z2.7296 E0.23382 F1534
G1 X150.9307 Y123.6960 Z2.7539 E0.23608 F1519
G1 X150.7570 Y124.5690 Z2.7724 E0.23773 F1509
G1 X150.5606 Y125.4371 Z2.7846 E0.23873 F1502
G1 X150.3415 Y126.2998 Z2.7903 E0.23906 F1500
G1 X150.0999 Y127.1565 Z2.7893 E0.23871 F1502
G1 X149.8359 Y128.0066 Z2.7818 E0.23769 F1509
G1 X149.5498 Y128.8494 Z2.7679 E0.23602 F1519
G1 X149.2417 Y129.6845 Z2.7481 E0.23374 F1534
G1 X148.9119 Y130.5112 Z2.7228 E0.23091 F1554
G1 X148.5605 Y131.3290 Z2.6927 E0.22759 F1576
G1 X148.1879 Y132.1374 Z2.6586 E0.22386 F1603
G1 X147.7942 Y132.9357 Z2.6214 E0.21982 F1633
G1 X147.3798 Y133.7234 Z2.5821 E0.21554 F1665
G1 X146.9449 Y134.5000 Z2.5417 E0.21115 F1700
G1 X146.4898 Y135.2650 Z2.5011 E0.20675 F1736
G1 X146.0148 Y136.0177 Z2.4615 E0.20244 F1773
G1 X145.5203 Y136.7578 Z2.4240 E0.19834 F1810
G1 X145.0066 Y137.4847 Z2.3893 E0.19455 F1845
G1 X144.4740 Y138.1979 Z2.3586 E0.19116 F1877
G1 X143.9230 Y138.8969 Z2.3326 E0.18826 F1906
G1 X143.3538 Y139.5812 Z2.3120 E0.18592 F1929
G1 X142.7669 Y140.2504 Z2.2973 E0.18421 F1947
G1 X142.1627 Y140.9041 Z2.2891 E0.18316 F1958
G1 X141.5416 Y141.5416 Z2.2875 E0.18281 F1962
G1 X140.9041 Y142.1627 Z2.2927 E0.18316 F1958
G1 X140.2504 Y142.7669 Z2.3046 E0.18420 F1947
G1 X139.5812 Y143.3538 Z2.3230 E0.18591 F1929
G1 X138.8969 Y143.9230 Z2.3475 E0.18825 F1906
G1 X138.1979 Y144.4740 Z2.3775 E0.19115 F1877
G1 X137.4847 Y145.0066 Z2.4124 E0.19455 F1845
G1 X136.7578 Y145.5203 Z2.4514 E0.19835 F1810
G1 X136.0177 Y146.0148 Z2.4935 E0.20247 F1773
G1 X135.2650 Y146.4898 Z2.5378 E0.20679 F1736
G1 X134.5000 Y146.9449 Z2.5833 E0.21121 F1700
G1 X133.7234 Y147.3798 Z2.6289 E0.21561 F1665
G1 X132.9357 Y147.7942 Z2.6735 E0.21990 F1633
G1 X132.1374 Y148.1879 Z2.7161 E0.22396 F1603
G1 X131.3290 Y148.5605 Z2.7556 E0.22769 F1576
G1 X130.5112 Y148.9119 Z2.7912 E0.23100 F1554
G1 X129.6845 Y149.2417 Z2.8219 E0.23383 F1534
G1 X128.8494 Y149.5498 Z2.8472 E0.23609 F1519
G1 X128.0066 Y149.8359 Z2.8663 E0.23774 F1509
G1 X127.1565 Y150.0999 Z2.8789 E0.23873 F1502
G1 X126.2998 Y150.3415 Z2.8847 E0.23906 F1500
G1 X125.4371 Y150.5606 Z2.8836 E0.23871 F1502
G1 X124.5690 Y150.7570 Z2.8757 E0.23769 F1509
G1 X123.6960 Y150.9307 Z2.8611 E0.23602 F1519
G1 X122.8188 Y151.0814 Z2.8404 E0.23375 F1534
G1 X121.9379 Y151.2091 Z2.8139 E0.23092 F1554
G1 X121.0540 Y151.3137 Z2.7826 E0.22761 F1576
G1 X120.1676 Y151.3952 Z2.7470 E0.22388 F1603
G1 X119.2794 Y151.4534 Z2.7082 E0.21983 F1633
G1 X118.3900 Y151.4883 Z2.6672 E0.21556 F1665
G1 X117.5000 Y151.5000 Z2.6250 E0.21117 F1700
G1 X116.6100 Y151.4883 Z2.5827 E0.20677 F1736
G1 X115.7206 Y151.4534 Z2.5414 E0.20246 F1773
G1 X114.8324 Y151.3952 Z2.5022 E0.19836 F1810
G1 X113.9460 Y151.3137 Z2.4661 E0.19456 F1845
G1 X113.0621 Y151.2091 Z2.4341 E0.19117 F1877
G1 X112.1812 Y151.0814 Z2.4069 E0.18827 F1906
G1 X111.3040 Y150.9307 Z2.3854 E0.18593 F1929
G1 X110.4310 Y150.7570 Z2.3701 E0.18421 F1947
G1 X109.5629 Y150.5606 Z2.3614 E0.18316 F1958
G1 X108.7002 Y150.3415 Z2.3597 E0.18281 F1962
G1 X107.8435 Y150.0999 Z2.3651 E0.18316 F1958
G1 X106.9934 Y149.8359 Z2.3774 E0.18420 F1947
G1 X106.1506 Y149.5498 Z2.3964 E0.18592 F1929
G1 X105.3155 Y149.2417 Z2.4218 E0.18826 F1906
G1 X104.4888 Y148.9119 Z2.4530 E0.19116 F1877
G1 X103.6710 Y148.5605 Z2.4892 E0.19456 F1845
G1 X102.8626 Y148.1879 Z2.5296 E0.19837 F1810
G1 X102.0643 Y147.7942 Z2.5734 E0.20249 F1773
G1 X101.2766 Y147.3798 Z2.6194 E0.20681 F1736
G1 X100.5000 Y146.9449 Z2.6667 E0.21123 F1700
G1 X99.7350 Y146.4898 Z2.7140 E0.21564 F1665
G1 X98.9823 Y146.0148 Z2.7603 E0.21992 F1633
G1 X98.2422 Y145.5203 Z2.8044 E0.22398 F1603
G1 X97.5153 Y145.0066 Z2.8455 E0.22771 F1576
G1 X96.8021 Y144.4740 Z2.8823 E0.23102 F1554
G1 X96.1031 Y143.9230 Z2.9142 E0.23384 F1534
G1 X95.4188 Y143.3538 Z2.9404 E0.23609 F1519
G1 X94.7496 Y142.7669 Z2.9602 E0.23774 F1509
G1 X94.0959 Y142.1627 Z2.9732 E0.23874 F1502
G1 X93.4584 Y141.5416 Z2.9792 E0.23906 F1500
G1 X92.8373 Y140.9041 Z2.9779 E0.23871 F1502
G1 X92.2331 Y140.2504 Z2.9696 E0.23769 F1509
G1 X91.6462 Y139.5812 Z2.9544 E0.23603 F1519
G1 X91.0770 Y138.8969 Z2.9327 E0.23376 F1534
G1 X90.5260 Y138.1979 Z2.9051 E0.23093 F1554
G1 X89.9934 Y137.4847 Z2.8724 E0.22762 F1576
G1 X89.4797 Y136.7578 Z2.8354 E0.22389 F1603
G1 X88.9852 Y136.0177 Z2.7950 E0.21985 F1633
G1 X88.5102 Y135.2650 Z2.7523 E0.21558 F1665
G1 X88.0551 Y134.5000 Z2.7083 E0.21119 F1700
G1 X87.6202 Y133.7234 Z2.6643 E0.20679 F1736
G1 X87.2058 Y132.9357 Z2.6213 E0.20248 F1773
G1 X86.8121 Y132.1374 Z2.5805 E0.19837 F1810
G1 X86.4395 Y131.3290 Z2.5429 E0.19457 F1845
G1 X86.0881 Y130.5112 Z2.5096 E0.19118 F1877
G1 X85.7583 Y129.6845 Z2.4813 E0.18827 F1906
G1 X85.4502 Y128.8494 Z2.4588 E0.18593 F1929
G1 X85.1641 Y128.0066 Z2.4429 E0.18421 F1947
G1 X84.9001 Y127.1565 Z2.4338 E0.18316 F1958
G1 X84.6585 Y126.2998 Z2.4319 E0.18281 F1962
G1 X84.4394 Y125.4371 Z2.4374 E0.18316 F1958
G1 X84.2430 Y124.5690 Z2.4501 E0.18420 F1947
G1 X84.0693 Y123.6960 Z2.4698 E0.18592 F1929
G1 X83.9186 Y122.8188 Z2.4961 E0.18826 F1906
G1 X83.7909 Y121.9379 Z2.5284 E0.19117 F1877
G1 X83.6863 Y121.0540 Z2.5660 E0.19457 F1845
G1 X83.6048 Y120.1676 Z2.6079 E0.19838 F1810
G1 X83.5466 Y119.2794 Z2.6533 E0.20250 F1773
G1 X83.5117 Y118.3900 Z2.7010 E0.20683 F1736
G1 X83.5000 Y117.5000 Z2.7500 E0.21125 F1700
G1 X83.5117 Y116.6100 Z2.7991 E0.21566 F1665
G1 X83.5466 Y115.7206 Z2.8470 E0.21994 F1633
G1 X83.6048 Y114.8324 Z2.8928 E0.22400 F1603
G1 X83.6863 Y113.9460 Z2.9353 E0.22772 F1576
G1 X83.7909 Y113.0621 Z2.9735 E0.23103 F1554
G1 X83.9186 Y112.1812 Z3.0066 E0.23385 F1534
G1 X84.0693 Y111.3040 Z3.0336 E0.23610 F1519
G1 X84.2430 Y110.4310 Z3.0541 E0.23774 F1509
G1 X84.4394 Y109.5629 Z3.0675 E0.23874 F1502
G1 X84.6585 Y108.7002 Z3.0736 E0.23906 F1500
G1 X84.9001 Y107.8435 Z3.0722 E0.23871 F1502
G1 X85.1641 Y106.9934 Z3.0635 E0.23769 F1509
G1 X85.4502 Y106.1506 Z3.0476 E0.23603 F1519
G1 X85.7583 Y105.3155 Z3.0250 E0.23376 F1534
G1 X86.0881 Y104.4888 Z2.9963 E0.23094 F1554
G1 X86.4395 Y103.6710 Z2.9623 E0.22763 F1576
G1 X86.8121 Y102.8626 Z2.9238 E0.22391 F1603
G1 X87.2058 Y102.0643 Z2.8818 E0.21987 F1633
G1 X87.6202 Y101.2766 Z2.8373 E0.21560 F1665
G1 X88.0551 Y100.5000 Z2.7917 E0.21121 F1700
G1 X88.5102 Y99.7350 Z2.7459 E0.20681 F1736
G1 X88.9852 Y98.9823 Z2.7012 E0.20250 F1773
G1 X89.4797 Y98.2422 Z2.6588 E0.19839 F1810
G1 X89.9934 Y97.5153 Z2.6197 E0.19459 F1845
G1 X90.5260 Y96.8021 Z2.5850 E0.19119 F1877
G1 X91.0770 Y96.1031 Z2.5556 E0.18828 F1906
G1 X91.6462 Y95.4188 Z2.5323 E0.18594 F1929
G1 X92.2331 Y94.7496 Z2.5156 E0.18422 F1947
G1 X92.8373 Y94.0959 Z2.5062 E0.18316 F1958
G1 X93.4584 Y93.4584 Z2.5042 E0.18281 F1962
G1 X94.0959 Y92.8373 Z2.5098 E0.18316 F1958
G1 X94.7496 Y92.2331 Z2.5229 E0.18420 F1947
G1 X95.4188 Y91.6462 Z2.5433 E0.18592 F1929
G1 X96.1031 Y91.0770 Z2.5705 E0.18827 F1906
G1 X96.8021 Y90.5260 Z2.6039 E0.19118 F1877
G1 X97.5153 Y89.9934 Z2.6428 E0.19459 F1845
G1 X98.2422 Y89.4797 Z2.6862 E0.19840 F1810
G1 X98.9823 Y88.9852 Z2.7332 E0.20252 F1773
G1 X99.7350 Y88.5102 Z2.7826 E0.20685 F1736
G1 X100.5000 Y88.0551 Z2.8333 E0.21127 F1700
G1 X101.2766 Y87.6202 Z2.8841 E0.21568 F1665
G1 X102.0643 Y87.2058 Z2.9338 E0.21997 F1633
G1 X102.8626 Y86.8121 Z2.9812 E0.22402 F1603
G1 X103.6710 Y86.4395 Z3.0252 E0.22774 F1576
G1 X104.4888 Y86.0881 Z3.0647 E0.23105 F1554
G1 X105.3155 Y85.7583 Z3.0989 E0.23386 F1534
G1 X106.1506 Y85.4502 Z3.1269 E0.23611 F1519
G1 X106.9934 Y85.1641 Z3.1480 E0.23775 F1509
G1 X107.8435 Y84.9001 Z3.1618 E0.23874 F1502
G1 X108.7002 Y84.6585 Z3.1681 E0.23906 F1500
G1 X109.5629 Y84.4394 Z3.1665 E0.23871 F1502
G1 X110.4310 Y84.2430 Z3.1574 E0.23769 F1509
G1 X111.3040 Y84.0693 Z3.1408 E0.23603 F1519
G1 X112.1812 Y83.9186 Z3.1173 E0.23377 F1534
G1 X113.0621 Y83.7909 Z3.0875 E0.23095 F1554
G1 X113.9460 Y83.6863 Z3.0521 E0.22764 F1576
G1 X114.8324 Y83.6048 Z3.0121 E0.22393 F1603
G1 X115.7206 Y83.5466 Z2.9685 E0.21989 F1633
G1 X116.6100 Y83.5117 Z2.9224 E0.21562 F1665
G1 X117.5000 Y83.5000 Z2.8750 E0.21123 F1700
G1 X118.3900 Y83.5117 Z2.8275 E0.20683 F1736
G1 X119.2794 Y83.5466 Z2.7811 E0.20252 F1773
G1 X120.1676 Y83.6048 Z2.7371 E0.19841 F1810
G1 X121.0540 Y83.6863 Z2.6965 E0.19460 F1845
G1 X121.9379 Y83.7909 Z2.6605 E0.19120 F1877
G1 X122.8188 Y83.9186 Z2.6300 E0.18829 F1906
G1 X123.6960 Y84.0693 Z2.6057 E0.18594 F1929
G1 X124.5690 Y84.2430 Z2.5884 E0.18422 F1947
G1 X125.4371 Y84.4394 Z2.5785 E0.18317 F1958
G1 X126.2998 Y84.6585 Z2.5764 E0.18281 F1962
G1 X127.1565 Y84.9001 Z2.5821 E0.18316 F1958
G1 X128.0066 Y85.1641 Z2.5957 E0.18421 F1947
G1 X128.8494 Y85.4502 Z2.6167 E0.18593 F1929
G1 X129.6845 Y85.7583 Z2.6448 E0.18827 F1906
G1 X130.5112 Y86.0881 Z2.6794 E0.19119 F1877
G1 X131.3290 Y86.4395 Z2.7196 E0.19460 F1845
G1 X132.1374 Y86.8121 Z2.7645 E0.19842 F1810
G1 X132.9357 Y87.2058 Z2.8131 E0.20254 F1773
G1 X133.7234 Y87.6202 Z2.8642 E0.20687 F1736
G1 X134.5000 Y88.0551 Z2.9167 E0.21130 F1700
G1 X135.2650 Y88.5102 Z2.9692 E0.21571 F1665
G1 X136.0177 Y88.9852 Z3.0206 E0.21999 F1633
G1 X136.7578 Y89.4797 Z3.0696 E0.22404 F1603
G1 X137.4847 Y89.9934 Z3.1151 E0.22776 F1576
G1 X138.1979 Y90.5260 Z3.1559 E0.23106 F1554
G1 X138.8969 Y91.0770 Z3.1912 E0.23387 F1534
G1 X139.5812 Y91.6462 Z3.2201 E0.23612 F1519
G1 X140.2504 Y92.2331 Z3.2419 E0.23775 F1509
G1 X140.9041 Y92.8373 Z3.2561 E0.23874 F1502
G1 X141.5416 Y93.4584 Z3.2625 E0.23906 F1500
G1 X142.1627 Y94.0959 Z3.2609 E0.23871 F1502
G1 X142.7669 Y94.7496 Z3.2513 E0.23769 F1509
G1 X143.3538 Y95.4188 Z3.2341 E0.23604 F1519
G1 X143.9230 Y96.1031 Z3.2097 E0.23377 F1534
G1 X144.4740 Y96.8021 Z3.1787 E0.23096 F1554
G1 X145.0066 Y97.5153 Z3.1420 E0.22766 F1576
G1 X145.5203 Y98.2422 Z3.1005 E0.22394 F1603
G1 X146.0148 Y98.9823 Z3.0553 E0.21991 F1633
G1 X146.4898 Y99.7350 Z3.0075 E0.21564 F1665
G1 X146.9449 Y100.5000 Z2.9583 E0.21125 F1700
G1 X147.3798 Y101.2766 Z2.9091 E0.20685 F1736
G1 X147.7942 Y102.0643 Z2.8610 E0.20254 F1773
G1 X148.1879 Y102.8626 Z2.8154 E0.19842 F1810
G1 X148.5605 Y103.6710 Z2.7734 E0.19462 F1845
G1 X148.9119 Y104.4888 Z2.7360 E0.19121 F1877
G1 X149.2417 Y105.3155 Z2.7043 E0.18830 F1906
G1 X149.5498 Y106.1506 Z2.6791 E0.18595 F1929
G1 X149.8359 Y106.9934 Z2.6612 E0.18422 F1947
G1 X150.0999 Y107.8435 Z2.6509 E0.18317 F1958
G1 X150.3415 Y108.7002 Z2.6486 E0.18281 F1962
G1 X150.5606 Y109.5629 Z2.6545 E0.18316 F1958
G1 X150.7570 Y110.4310 Z2.6684 E0.18421 F1947
G1 X150.9307 Y111.3040 Z2.6901 E0.18593 F1929
G1 X151.0814 Y112.1812 Z2.7192 E0.18828 F1906
G1 X151.2091 Y113.0621 Z2.7549 E0.19120 F1877
G1 X151.3137 Y113.9460 Z2.7964 E0.19461 F1845
G1 X151.3952 Y114.8324 Z2.8428 E0.19843 F1810
G1 X151.4534 Y115.7206 Z2.8930 E0.20256 F1773
G1 X151.4883 Y116.6100 Z2.9458 E0.20690 F1736
G1 X151.5000 Y117.5000 Z3.0000 E0.21132 F1700
G1 X151.4883 Y118.3900 Z3.0543 E0.21573 F1665
G1 X151.4534 Y119.2794 Z3.1073 E0.22001 F1633
G1 X151.3952 Y120.1676 Z3.1580 E0.22406 F1603
G1 X151.3137 Y121.0540 Z3.2049 E0.22778 F1576
G1 X151.2091 Y121.9379 Z3.2471 E0.23108 F1554
G1 X151.0814 Y122.8188 Z3.2835 E0.23388 F1534
G1 X150.9307 Y123.6960 Z3.3133 E0.23612 F1519
G1 X150.7570 Y124.5690 Z3.3358 E0.23776 F1509
G1 X150.5606 Y125.4371 Z3.3504 E0.23874 F1502
G1 X150.3415 Y126.2998 Z3.3569 E0.23906 F1500
G1 X150.0999 Y127.1565 Z3.3552 E0.23871 F1502
G1 X149.8359 Y128.0066 Z3.3452 E0.23770 F1509
G1 X149.5498 Y128.8494 Z3.3273 E0.23604 F1519
G1 X149.2417 Y129.6845 Z3.3020 E0.23378 F1534
G1 X148.9119 Y130.5112 Z3.2699 E0.23097 F1554
G1 X148.5605 Y131.3290 Z3.2319 E0.22767 F1576
G1 X148.1879 Y132.1374 Z3.1889 E0.22396 F1603
G1 X147.7942 Y132.9357 Z3.1421 E0.21993 F1633
G1 X147.3798 Y133.7234 Z3.0926 E0.21567 F1665
G1 X146.9449 Y134.5000 Z3.0417 E0.21128 F1700
G1 X146.4898 Y135.2650 Z2.9907 E0.20687 F1736
G1 X146.0148 Y136.0177 Z2.9409 E0.20256 F1773
G1 X145.5203 Y136.7578 Z2.8937 E0.19844 F1810
G1 X145.0066 Y137.4847 Z2.8502 E0.19463 F1845
G1 X144.4740 Y138.1979 Z2.8115 E0.19123 F1877
G1 X143.9230 Y138.8969 Z2.7787 E0.18831 F1906
G1 X143.3538 Y139.5812 Z2.7526 E0.18595 F1929
G1 X142.7669 Y140.2504 Z2.7339 E0.18423 F1947
G1 X142.1627 Y140.9041 Z2.7232 E0.18317 F1958
G1 X141.5416 Y141.5416 Z2.7208 E0.18281 F1962
G1 X140.9041 Y142.1627 Z2.7268 E0.18316 F1958
G1 X140.2504 Y142.7669 Z2.7412 E0.18421 F1947
G1 X139.5812 Y143.3538 Z2.7636 E0.18593 F1929
G1 X138.8969 Y143.9230 Z2.7935 E0.18829 F1906
G1 X138.1979 Y144.4740 Z2.8303 E0.19121 F1877
G1 X137.4847 Y145.0066 Z2.8732 E0.19463 F1845
G1 X136.7578 Y145.5203 Z2.9211 E0.19845 F1810
G1 X136.0177 Y146.0148 Z2.9729 E0.20258 F1773
G1 X135.2650 Y146.4898 Z3.0274 E0.20692 F1736
G1 X134.5000 Y146.9449 Z3.0833 E0.21135 F1700
G1 X133.7234 Y147.3798 Z3.1393 E0.21576 F1665
G1 X132.9357 Y147.7942 Z3.1941 E0.22004 F1633
G1 X132.1374 Y148.1879 Z3.2463 E0.22409 F1603
G1 X131.3290 Y148.5605 Z3.2948 E0.22780 F1576
G1 X130.5112 Y148.9119 Z3.3383 E0.23110 F1554
G1 X129.6845 Y149.2417 Z3.3758 E0.23389 F1534
G1 X128.8494 Y149.5498 Z3.4066 E0.23613 F1519
G1 X128.0066 Y149.8359 Z3.4297 E0.23776 F1509
G1 X127.1565 Y150.0999 Z3.4448 E0.23875 F1502
G1 X126.2998 Y150.3415 Z3.4514 E0.23906 F1500
G1 X125.4371 Y150.5606 Z3.4495 E0.23871 F1502
G1 X124.5690 Y150.7570 Z3.4391 E0.23770 F1509
G1 X123.6960 Y150.9307 Z3.4205 E0.23604 F1519
G1 X122.8188 Y151.0814 Z3.3943 E0.23379 F1534
G1 X121.9379 Y151.2091 Z3.3611 E0.23098 F1554
G1 X121.0540 Y151.3137 Z3.3217 E0.22769 F1576
G1 X120.1676 Y151.3952 Z3.2773 E0.22398 F1603
G1 X119.2794 Y151.4534 Z3.2288 E0.21995 F1633
G1 X118.3900 Y151.4883 Z3.1776 E0.21569 F1665
G1 X117.5000 Y151.5000 Z3.1250 E0.21130 F1700
G1 X116.6100 Y151.4883 Z3.0723 E0.20689 F1736
G1 X115.7206 Y151.4534 Z3.0208 E0.20258 F1773
G1 X114.8324 Y151.3952 Z2.9720 E0.19846 F1810
G1 X113.9460 Y151.3137 Z2.9270 E0.19465 F1845
G1 X113.0621 Y151.2091 Z2.8869 E0.19124 F1877
G1 X112.1812 Y151.0814 Z2.8530 E0.18832 F1906
G1 X111.3040 Y150.9307 Z2.8260 E0.18596 F1929
G1 X110.4310 Y150.7570 Z2.8067 E0.18423 F1947
G1 X109.5629 Y150.5606 Z2.7956 E0.18317 F1958
G1 X108.7002 Y150.3415 Z2.7931 E0.18281 F1962
G1 X107.8435 Y150.0999 Z2.7992 E0.18316 F1958
G1 X106.9934 Y149.8359 Z2.8140 E0.18421 F1947
G1 X106.1506 Y149.5498 Z2.8370 E0.18594 F1929
G1 X105.3155 Y149.2417 Z2.8679 E0.18829 F1906
G1 X104.4888 Y148.9119 Z2.9058 E0.19122 F1877
G1 X103.6710 Y148.5605 Z2.9500 E0.19464 F1845
G1 X102.8626 Y148.1879 Z2.9994 E0.19847 F1810
G1 X102.0643 Y147.7942 Z3.0528 E0.20261 F1773
G1 X101.2766 Y147.3798 Z3.1090 E0.20694 F1736
G1 X100.5000 Y146.9449 Z3.1667 E0.21137 F1700
G1 X99.7350 Y146.4898 Z3.2244 E0.21579 F1665
G1 X98.9823 Y146.0148 Z3.2809 E0.22007 F1633
G1 X98.2422 Y145.5203 Z3.3347 E0.22411 F1603
G1 X97.5153 Y145.0066 Z3.3846 E0.22782 F1576
G1 X96.8021 Y144.4740 Z3.4295 E0.23111 F1554
G1 X96.1031 Y143.9230 Z3.4682 E0.23391 F1534
G1 X95.4188 Y143.3538 Z3.4998 E0.23614 F1519
G1 X94.7496 Y142.7669 Z3.5236 E0.23777 F1509
G1 X94.0959 Y142.1627 Z3.5391 E0.23875 F1502
G1 X93.4584 Y141.5416 Z3.5458 E0.23906 F1500
G1 X92.8373 Y140.9041 Z3.5438 E0.23871 F1502
G1 X92.2331 Y140.2504 Z3.5330 E0.23770 F1509
G1 X91.6462 Y139.5812 Z3.5138 E0.23605 F1519
G1 X91.0770 Y138.8969 Z3.4866 E0.23379 F1534
G1 X90.5260 Y138.1979 Z3.4523 E0.23099 F1554
G1 X89.9934 Y137.4847 Z3.4116 E0.22770 F1576
G1 X89.4797 Y136.7578 Z3.3656 E0.22400 F1603
G1 X88.9852 Y136.0177 Z3.3156 E0.21997 F1633
G1 X88.5102 Y135.2650 Z3.2627 E0.21571 F1665
G1 X88.0551 Y134.5000 Z3.2083 E0.21133 F1700
G1 X87.6202 Y133.7234 Z3.1539 E0.20692 F1736
G1 X87.2058 Y132.9357 Z3.1007 E0.20260 F1773
G1 X86.8121 Y132.1374 Z3.0503 E0.19848 F1810
G1 X86.4395 Y131.3290 Z3.0038 E0.19467 F1845
G1 X86.0881 Y130.5112 Z2.9624 E0.19125 F1877
G1 X85.7583 Y129.6845 Z2.9273 E0.18833 F1906
G1 X85.4502 Y128.8494 Z2.8994 E0.18597 F1929
G1 X85.1641 Y128.0066 Z2.8794 E0.18423 F1947
G1 X84.9001 Y127.1565 Z2.8679 E0.18317 F1958
G1 X84.6585 Y126.2998 Z2.8653 E0.18281 F1962
G1 X84.4394 Y125.4371 Z2.8716 E0.18316 F1958
G1 X84.2430 Y124.5690 Z2.8867 E0.18421 F1947
G1 X84.0693 Y123.6960 Z2.9104 E0.18594 F1929
G1 X83.9186 Y122.8188 Z2.9422 E0.18830 F1906
G1 X83.7909 Y121.9379 Z2.9813 E0.19123 F1877
G1 X83.6863 Y121.0540 Z3.0268 E0.19466 F1845
G1 X83.6048 Y120.1676 Z3.0777 E0.19849 F1810
G1 X83.5466 Y119.2794 Z3.1327 E0.20263 F1773
G1 X83.5117 Y118.3900 Z3.1906 E0.20697 F1736
G1 X83.5000 Y117.5000 Z3.2500 E0.21140 F1700
G1 X83.5117 Y116.6100 Z3.3095 E0.21581 F1665
G1 X83.5466 Y115.7206 Z3.3676 E0.22009 F1633
G1 X83.6048 Y114.8324 Z3.4231 E0.22413 F1603
G1 X83.6863 Y113.9460 Z3.4745 E0.22784 F1576
G1 X83.7909 Y113.0621 Z3.5207 E0.23113 F1554
G1 X83.9186 Y112.1812 Z3.5605 E0.23392 F1534
G1 X84.0693 Y111.3040 Z3.5930 E0.23615 F1519
G1 X84.2430 Y110.4310 Z3.6175 E0.23777 F1509
G1 X84.4394 Y109.5629 Z3.6334 E0.23875 F1502
G1 X84.6585 Y108.7002 Z3.6403 E0.23906 F1500
G1 X84.9001 Y107.8435 Z3.6381 E0.23871 F1502
G1 X85.1641 Y106.9934 Z3.6269 E0.23770 F1509
G1 X85.4502 Y106.1506 Z3.6070 E0.23605 F1519
G1 X85.7583 Y105.3155 Z3.5790 E0.23380 F1534
G1 X86.0881 Y104.4888 Z3.5435 E0.23100 F1554
G1 X86.4395 Y103.6710 Z3.5015 E0.22772 F1576
G1 X86.8121 Y102.8626 Z3.4540 E0.22402 F1603
G1 X87.2058 Y102.0643 Z3.4024 E0.21999 F1633
G1 X87.6202 Y101.2766 Z3.3478 E0.21574 F1665
G1 X88.0551 Y100.5000 Z3.2917 E0.21135 F1700
G1 X88.5102 Y99.7350 Z3.2355 E0.20694 F1736
G1 X88.9852 Y98.9823 Z3.1806 E0.20263 F1773
G1 X89.4797 Y98.2422 Z3.1286 E0.19850 F1810
G1 X89.9934 Y97.5153 Z3.0806 E0.19468 F1845
G1 X90.5260 Y96.8021 Z3.0379 E0.19127 F1877
G1 X91.0770 Y96.1031 Z3.0017 E0.18834 F1906
G1 X91.6462 Y95.4188 Z2.9729 E0.18597 F1929
G1 X92.2331 Y94.7496 Z2.9522 E0.18423 F1947
G1 X92.8373 Y94.0959 Z2.9403 E0.18317 F1958
G1 X93.4584 Y93.4584 Z2.9375 E0.18281 F1962
G1 X94.0959 Y92.8373 Z2.9439 E0.18316 F1958
G1 X94.7496 Y92.2331 Z2.9595 E0.18421 F1947
G1 X95.4188 Y91.6462 Z2.9839 E0.18594 F1929
G1 X96.1031 Y91.0770 Z3.0166 E0.18831 F1906
G1 X96.8021 Y90.5260 Z3.0568 E0.19124 F1877
G1 X97.5153 Y89.9934 Z3.1036 E0.19467 F1845
G1 X98.2422 Y89.4797 Z3.1560 E0.19851 F1810
G1 X98.9823 Y88.9852 Z3.2126 E0.20265 F1773
G1 X99.7350 Y88.5102 Z3.2722 E0.20700 F1736
G1 X100.5000 Y88.0551 Z3.3333 E0.21143 F1700
G1 X101.2766 Y87.6202 Z3.3946 E0.21584 F1665
G1 X102.0643 Y87.2058 Z3.4544 E0.22012 F1633
G1 X102.8626 Y86.8121 Z3.5115 E0.22416 F1603
G1 X103.6710 Y86.4395 Z3.5644 E0.22787 F1576
G1 X104.4888 Y86.0881 Z3.6119 E0.23115 F1554
G1 X105.3155 Y85.7583 Z3.6528 E0.23393 F1534
G1 X106.1506 Y85.4502 Z3.6863 E0.23616 F1519
G1 X106.9934 Y85.1641 Z3.7114 E0.23778 F1509
G1 X107.8435 Y84.9001 Z3.7277 E0.23875 F1502
G1 X108.7002 Y84.6585 Z3.7347 E0.23906 F1500
G1 X109.5629 Y84.4394 Z3.7324 E0.23871 F1502
G1 X110.4310 Y84.2430 Z3.7208 E0.23770 F1509
G1 X111.3040 Y84.0693 Z3.7002 E0.23605 F1519
G1 X112.1812 Y83.9186 Z3.6713 E0.23381 F1534
G1 X113.0621 Y83.7909 Z3.6347 E0.23101 F1554
G1 X113.9460 Y83.6863 Z3.5913 E0.22773 F1576
G1 X114.8324 Y83.6048 Z3.5424 E0.22404 F1603
G1 X115.7206 Y83.5466 Z3.4891 E0.22002 F1633
G1 X116.6100 Y83.5117 Z3.4328 E0.21576 F1665
G1 X117.5000 Y83.5000 Z3.3750 E0.21138 F1700
G1 X118.3900 Y83.5117 Z3.3171 E0.20697 F1736
G1 X119.2794 Y83.5466 Z3.2605 E0.20265 F1773
G1 X120.1676 Y83.6048 Z3.2068 E0.19852 F1810
G1 X121.0540 Y83.6863 Z3.1574 E0.19470 F1845
G1 X121.9379 Y83.7909 Z3.1134 E0.19128 F1877
G1 X122.8188 Y83.9186 Z3.0760 E0.18835 F1906
G1 X123.6960 Y84.0693 Z3.0463 E0.18598 F1929
G1 X124.5690 Y84.2430 Z3.0250 E0.18424 F1947
G1 X125.4371 Y84.4394 Z3.0127 E0.18317 F1958
G1 X126.2998 Y84.6585 Z3.0097 E0.18281 F1962
G1 X127.1565 Y84.9001 Z3.0163 E0.18316 F1958
G1 X128.0066 Y85.1641 Z3.0323 E0.18421 F1947
G1 X128.8494 Y85.4502 Z3.0573 E0.18595 F1929
G1 X129.6845 Y85.7583 Z3.0909 E0.18831 F1906
G1 X130.5112 Y86.0881 Z3.1322 E0.19125 F1877
G1 X131.3290 Y86.4395 Z3.1804 E0.19469 F1845
G1 X132.1374 Y86.8121 Z3.2342 E0.19853 F1810
G1 X132.9357 Y87.2058 Z3.2925 E0.20267 F1773
G1 X133.7234 Y87.6202 Z3.3538 E0.20702 F1736
G1 X134.5000 Y88.0551 Z3.4167 E0.21146 F1700
G1 X135.2650 Y88.5102 Z3.4796 E0.21587 F1665
G1 X136.0177 Y88.9852 Z3.5412 E0.22015 F1633
G1 X136.7578 Y89.4797 Z3.5998 E0.22419 F1603
G1 X137.4847 Y89.9934 Z3.6542 E0.22789 F1576
G1 X138.1979 Y90.5260 Z3.7031 E0.23117 F1554
G1 X138.8969 Y91.0770 Z3.7451 E0.23395 F1534
G1 X139.5812 Y91.6462 Z3.7795 E0.23617 F1519
G1 X140.2504 Y92.2331 Z3.8053 E0.23778 F1509
G1 X140.9041 Y92.8373 Z3.8220 E0.23875 F1502
G1 X141.5416 Y93.4584 Z3.8292 E0.23906 F1500
G1 X142.1627 Y94.0959 Z3.8267 E0.23871 F1502
G1 X142.7669 Y94.7496 Z3.8147 E0.23770 F1509
G1 X143.3538 Y95.4188 Z3.7935 E0.23606 F1519
G1 X143.9230 Y96.1031 Z3.7636 E0.23382 F1534
G1 X144.4740 Y96.8021 Z3.7258 E0.23103 F1554
G1 X145.0066 Y97.5153 Z3.6812 E0.22775 F1576
G1 X145.5203 Y98.2422 Z3.6308 E0.22406 F1603
G1 X146.0148 Y98.9823 Z3.5759 E0.22004 F1633
G1 X146.4898 Y99.7350 Z3.5179 E0.21579 F1665
G1 X146.9449 Y100.5000 Z3.4583 E0.21140 F1700
G1 X147.3798 Y101.2766 Z3.3987 E0.20700 F1736
G1 X147.7942 Y102.0643 Z3.3404 E0.20267 F1773
G1 X148.1879 Y102.8626 Z3.2851 E0.19855 F1810
G1 X148.5605 Y103.6710 Z3.2342 E0.19472 F1845
G1 X148.9119 Y104.4888 Z3.1889 E0.19129 F1877
G1 X149.2417 Y105.3155 Z3.1504 E0.18836 F1906
G1 X149.5498 Y106.1506 Z3.1197 E0.18598 F1929
G1 X149.8359 Y106.9934 Z3.0977 E0.18424 F1947
G1 X150.0999 Y107.8435 Z3.0850 E0.18317 F1958
G1 X150.3415 Y108.7002 Z3.0819 E0.18281 F1962
G1 X150.5606 Y109.5629 Z3.0886 E0.18316 F1958
G1 X150.7570 Y110.4310 Z3.1050 E0.18422 F1947
G1 X150.9307 Y111.3040 Z3.1307 E0.18595 F1929
G1 X151.0814 Y112.1812 Z3.1652 E0.18832 F1906
G1 X151.2091 Y113.0621 Z3.2077 E0.19126 F1877
G1 X151.3137 Y113.9460 Z3.2572 E0.19470 F1845
G1 X151.3952 Y114.8324 Z3.3125 E0.19855 F1810
G1 X151.4534 Y115.7206 Z3.3724 E0.20270 F1773
G1 X151.4883 Y116.6100 Z3.4354 E0.20705 F1736
G1 X151.5000 Y117.5000 Z3.5000 E0.21149 F1700
G1 X151.4883 Y118.3900 Z3.5647 E0.21590 F1665
G1 X151.4534 Y119.2794 Z3.6279 E0.22018 F1633
G1 X151.3952 Y120.1676 Z3.6882 E0.22421 F1603
G1 X151.3137 Y121.0540 Z3.7441 E0.22791 F1576
G1 X151.2091 Y121.9379 Z3.7942 E0.23119 F1554
G1 X151.0814 Y122.8188 Z3.8375 E0.23396 F1534
G1 X150.9307 Y123.6960 Z3.8727 E0.23618 F1519
G1 X150.7570 Y124.5690 Z3.8992 E0.23779 F1509
G1 X150.5606 Y125.4371 Z3.9163 E0.23875 F1502
G1 X150.3415 Y126.2998 Z3.9236 E0.23907 F1500
G1 X150.0999 Y127.1565 Z3.9210 E0.23871 F1502
G1 X149.8359 Y128.0066 Z3.9086 E0.23770 F1509
G1 X149.5498 Y128.8494 Z3.8867 E0.23606 F1519
G1 X149.2417 Y129.6845 Z3.8559 E0.23383 F1534
G1 X148.9119 Y130.5112 Z3.8170 E0.23104 F1554
G1 X148.5605 Y131.3290 Z3.7711 E0.22777 F1576
G1 X148.1879 Y132.1374 Z3.7192 E0.22408 F1603
G1 X147.7942 Y132.9357 Z3.6627 E0.22007 F1633
G1 X147.3798 Y133.7234 Z3.6030 E0.21582 F1665
G1 X146.9449 Y134.5000 Z3.5417 E0.21143 F1700
G1 X146.4898 Y135.2650 Z3.4803 E0.20702 F1736
G1 X146.0148 Y136.0177 Z3.4203 E0.20270 F1773
G1 X145.5203 Y136.7578 Z3.3634 E0.19857 F1810
G1 X145.0066 Y137.4847 Z3.3110 E0.19474 F1845
G1 X144.4740 Y138.1979 Z3.2643 E0.19131 F1877
G1 X143.9230 Y138.8969 Z3.2247 E0.18837 F1906
G1 X143.3538 Y139.5812 Z3.1932 E0.18599 F1929
G1 X142.7669 Y140.2504 Z3.1705 E0.18424 F1947
G1 X142.1627 Y140.9041 Z3.1574 E0.18317 F1958
G1 X141.5416 Y141.5416 Z3.1542 E0.18281 F1962
G1 X140.9041 Y142.1627 Z3.1610 E0.18316 F1958
G1 X140.2504 Y142.7669 Z3.1778 E0.18422 F1947
G1 X139.5812 Y143.3538 Z3.2042 E0.18596 F1929
G1 X138.8969 Y143.9230 Z3.2396 E0.18833 F1906
G1 X138.1979 Y144.4740 Z3.2832 E0.19128 F1877
G1 X137.4847 Y145.0066 Z3.3340 E0.19472 F1845
G1 X136.7578 Y145.5203 Z3.3908 E0.19857 F1810
G1 X136.0177 Y146.0148 Z3.4523 E0.20272 F1773
G1 X135.2650 Y146.4898 Z3.5170 E0.20708 F1736
G1 X134.5000 Y146.9449 Z3.5833 E0.21152 F1700
G1 X133.7234 Y147.3798 Z3.6498 E0.21593 F1665
G1 X132.9357 Y147.7942 Z3.7147 E0.22021 F1633
G1 X132.1374 Y148.1879 Z3.7766 E0.22424 F1603
G1 X131.3290 Y148.5605 Z3.8340 E0.22794 F1576
G1 X130.5112 Y148.9119 Z3.8854 E0.23121 F1554
G1 X129.6845 Y149.2417 Z3.9298 E0.23398 F1534
G1 X128.8494 Y149.5498 Z3.9660 E0.23619 F1519
G1 X128.0066 Y149.8359 Z3.9931 E0.23779 F1509
G1 X127.1565 Y150.0999 Z4.0106 E0.23876 F1502
G1 X126.2998 Y150.3415 Z4.0181 E0.23907 F1500
G1 X125.4371 Y150.5606 Z4.0153 E0.23871 F1502
G1 X124.5690 Y150.7570 Z4.0025 E0.23771 F1509
G1 X123.6960 Y150.9307 Z3.9799 E0.23607 F1519
G1 X122.8188 Y151.0814 Z3.9482 E0.23383 F1534
G1 X121.9379 Y151.2091 Z3.9082 E0.23105 F1554
G1 X121.0540 Y151.3137 Z3.8609 E0.22778 F1576
G1 X120.1676 Y151.3952 Z3.8075 E0.22410 F1603
G1 X119.2794 Y151.4534 Z3.7494 E0.22009 F1633
G1 X118.3900 Y151.4883 Z3.6881 E0.21584 F1665
G1 X117.5000 Y151.5000 Z3.6250 E0.21146 F1700
G1 X116.6100 Y151.4883 Z3.5619 E0.20705 F1736
G1 X115.7206 Y151.4534 Z3.5002 E0.20273 F1773
G1 X114.8324 Y151.3952 Z3.4417 E0.19859 F1810
G1 X113.9460 Y151.3137 Z3.3878 E0.19476 F1845
G1 X113.0621 Y151.2091 Z3.3398 E0.19132 F1877
G1 X112.1812 Y151.0814 Z3.2991 E0.18838 F1906
G1 X111.3040 Y150.9307 Z3.2666 E0.18600 F1929
G1 X110.4310 Y150.7570 Z3.2433 E0.18425 F1947
G1 X109.5629 Y150.5606 Z3.2297 E0.18318 F1958
G1 X108.7002 Y150.3415 Z3.2264 E0.18281 F1962
G1 X107.8435 Y150.0999 Z3.2334 E0.18316 F1958
G1 X106.9934 Y149.8359 Z3.2506 E0.18422 F1947
G1 X106.1506 Y149.5498 Z3.2776 E0.18596 F1929
G1 X105.3155 Y149.2417 Z3.3139 E0.18834 F1906
G1 X104.4888 Y148.9119 Z3.3587 E0.19129 F1877
G1 X103.6710 Y148.5605 Z3.4108 E0.19473 F1845
G1 X102.8626 Y148.1879 Z3.4691 E0.19859 F1810
G1 X102.0643 Y147.7942 Z3.5322 E0.20275 F1773
G1 X101.2766 Y147.3798 Z3.5986 E0.20711 F1736
G1 X100.5000 Y146.9449 Z3.6667 E0.21155 F1700
G1 X99.7350 Y146.4898 Z3.7348 E0.21596 F1665
G1 X98.9823 Y146.0148 Z3.8015 E0.22024 F1633
G1 X98.2422 Y145.5203 Z3.8650 E0.22427 F1603
G1 X97.5153 Y145.0066 Z3.9238 E0.22796 F1576
G1 X96.8021 Y144.4740 Z3.9766 E0.23123 F1554
G1 X96.1031 Y143.9230 Z4.0221 E0.23399 F1534
G1 X95.4188 Y143.3538 Z4.0592 E0.23620 F1519
G1 X94.7496 Y142.7669 Z4.0870 E0.23780 F1509
G1 X94.0959 Y142.1627 Z4.1049 E0.23876 F1502
G1 X93.4584 Y141.5416 Z4.1125 E0.23907 F1500
G1 X92.8373 Y140.9041 Z4.1096 E0.23871 F1502
G1 X92.2331 Y140.2504 Z4.0964 E0.23771 F1509
G1 X91.6462 Y139.5812 Z4.0732 E0.23607 F1519
G1 X91.0770 Y138.8969 Z4.0406 E0.23384 F1534
G1 X90.5260 Y138.1979 Z3.9994 E0.23107 F1554
G1 X89.9934 Y137.4847 Z3.9508 E0.22780 F1576
G1 X89.4797 Y136.7578 Z3.8959 E0.22413 F1603
G1 X88.9852 Y136.0177 Z3.8362 E0.22012 F1633
G1 X88.5102 Y135.2650 Z3.7731 E0.21587 F1665
G1 X88.0551 Y134.5000 Z3.7083 E0.21149 F1700
G1 X87.6202 Y133.7234 Z3.6435 E0.20708 F1736
G1 X87.2058 Y132.9357 Z3.5801 E0.20275 F1773
G1 X86.8121 Y132.1374 Z3.5200 E0.19862 F1810
G1 X86.4395 Y131.3290 Z3.4646 E0.19478 F1845
G1 X86.0881 Y130.5112 Z3.4153 E0.19134 F1877
G1 X85.7583 Y129.6845 Z3.3734 E0.18839 F1906
G1 X85.4502 Y128.8494 Z3.3400 E0.18600 F1929
G1 X85.1641 Y128.0066 Z3.3160 E0.18425 F1947
G1 X84.9001 Y127.1565 Z3.3021 E0.18318 F1958
G1 X84.6585 Y126.2998 Z3.2986 E0.18281 F1962
G1 X84.4394 Y125.4371 Z3.3057 E0.18316 F1958
G1 X84.2430 Y124.5690 Z3.3233 E0.18422 F1947
G1 X84.0693 Y123.6960 Z3.3510 E0.18596 F1929
G1 X83.9186 Y122.8188 Z3.3883 E0.18834 F1906
G1 X83.7909 Y121.9379 Z3.4342 E0.19130 F1877
G1 X83.6863 Y121.0540 Z3.4876 E0.19475 F1845
G1 X83.6048 Y120.1676 Z3.5474 E0.19861 F1810
G1 X83.5466 Y119.2794 Z3.6121 E0.20278 F1773
G1 X83.5117 Y118.3900 Z3.6802 E0.20714 F1736
G1 X83.5000 Y117.5000 Z3.7500 E0.21158 F1700
G1 X83.5117 Y116.6100 Z3.8199 E0.21600 F1665
G1 X83.5466 Y115.7206 Z3.8882 E0.22027 F1633
G1 X83.6048 Y114.8324 Z3.9534 E0.22430 F1603
G1 X83.6863 Y113.9460 Z4.0137 E0.22799 F1576
G1 X83.7909 Y113.0621 Z4.0678 E0.23125 F1554
G1 X83.9186 Y112.1812 Z4.1144 E0.23401 F1534
G1 X84.0693 Y111.3040 Z4.1524 E0.23621 F1519
G1 X84.2430 Y110.4310 Z4.1809 E0.23780 F1509
G1 X84.4394 Y109.5629 Z4.1992 E0.23876 F1502
G1 X84.6585 Y108.7002 Z4.2069 E0.23907 F1500
G1 X84.9001 Y107.8435 Z4.2039 E0.23871 F1502
G1 X85.1641 Y106.9934 Z4.1903 E0.23771 F1509
G1 X85.4502 Y106.1506 Z4.1664 E0.23608 F1519
G1 X85.7583 Y105.3155 Z4.1329 E0.23385 F1534
G1 X86.0881 Y104.4888 Z4.0906 E0.23108 F1554
G1 X86.4395 Y103.6710 Z4.0407 E0.22782 F1576
G1 X86.8121 Y102.8626 Z3.9843 E0.22415 F1603
G1 X87.2058 Y102.0643 Z3.9230 E0.22014 F1633
G1 X87.6202 Y101.2766 Z3.8582 E0.21590 F1665
G1 X88.0551 Y100.5000 Z3.7917 E0.21152 F1700
G1 X88.5102 Y99.7350 Z3.7250 E0.20711 F1736
G1 X88.9852 Y98.9823 Z3.6600 E0.20278 F1773
G1 X89.4797 Y98.2422 Z3.5983 E0.19864 F1810
G1 X89.9934 Y97.5153 Z3.5414 E0.19480 F1845
G1 X90.5260 Y96.8021 Z3.4908 E0.19135 F1877
G1 X91.0770 Y96.1031 Z3.4477 E0.18840 F1906
G1 X91.6462 Y95.4188 Z3.4135 E0.18601 F1929
G1 X92.2331 Y94.7496 Z3.3888 E0.18426 F1947
G1 X92.8373 Y94.0959 Z3.3745 E0.18318 F1958
G1 X93.4584 Y93.4584 Z3.3708 E0.18281 F1962
G1 X94.0959 Y92.8373 Z3.3781 E0.18316 F1958
G1 X94.7496 Y92.2331 Z3.3961 E0.18422 F1947
G1 X95.4188 Y91.6462 Z3.4245 E0.18597 F1929
G1 X96.1031 Y91.0770 Z3.4626 E0.18835 F1906
G1 X96.8021 Y90.5260 Z3.5096 E0.19131 F1877
G1 X97.5153 Y89.9934 Z3.5644 E0.19477 F1845
G1 X98.2422 Y89.4797 Z3.6257 E0.19863 F1810
G1 X98.9823 Y88.9852 Z3.6920 E0.20280 F1773
G1 X99.7350 Y88.5102 Z3.7618 E0.20717 F1736
G1 X100.5000 Y88.0551 Z3.8333 E0.21161 F1700
G1 X101.2766 Y87.6202 Z3.9050 E0.21603 F1665
G1 X102.0643 Y87.2058 Z3.9750 E0.22030 F1633
G1 X102.8626 Y86.8121 Z4.0417 E0.22433 F1603
G1 X103.6710 Y86.4395 Z4.1036 E0.22801 F1576
G1 X104.4888 Y86.0881 Z4.1590 E0.23127 F1554
G1 X105.3155 Y85.7583 Z4.2067 E0.23402 F1534
G1 X106.1506 Y85.4502 Z4.2457 E0.23622 F1519
G1 X106.9934 Y85.1641 Z4.2748 E0.23781 F1509
G1 X107.8435 Y84.9001 Z4.2935 E0.23876 F1502
G1 X108.7002 Y84.6585 Z4.3014 E0.23907 F1500
G1 X109.5629 Y84.4394 Z4.2982 E0.23871 F1502
G1 X110.4310 Y84.2430 Z4.2842 E0.23771 F1509
G1 X111.3040 Y84.0693 Z4.2596 E0.23608 F1519
G1 X112.1812 Y83.9186 Z4.2252 E0.23386 F1534
G1 X113.0621 Y83.7909 Z4.1818 E0.23109 F1554
G1 X113.9460 Y83.6863 Z4.1305 E0.22784 F1576
G1 X114.8324 Y83.6048 Z4.0727 E0.22417 F1603
G1 X115.7206 Y83.5466 Z4.0097 E0.22017 F1633
G1 X116.6100 Y83.5117 Z3.9433 E0.21593 F1665
G1 X117.5000 Y83.5000 Z3.8750 E0.21155 F1700
G1 X118.3900 Y83.5117 Z3.8066 E0.20714 F1736
G1 X119.2794 Y83.5466 Z3.7399 E0.20281 F1773
G1 X120.1676 Y83.6048 Z3.6766 E0.19867 F1810
G1 X121.0540 Y83.6863 Z3.6182 E0.19482 F1845
G1 X121.9379 Y83.7909 Z3.5662 E0.19137 F1877
G1 X122.8188 Y83.9186 Z3.5221 E0.18841 F1906
G1 X123.6960 Y84.0693 Z3.4869 E0.18602 F1929
G1 X124.5690 Y84.2430 Z3.4616 E0.18426 F1947
G1 X125.4371 Y84.4394 Z3.4468 E0.18318 F1958
G1 X126.2998 Y84.6585 Z3.4431 E0.18281 F1962
G1 X127.1565 Y84.9001 Z3.4504 E0.18316 F1958
G1 X128.0066 Y85.1641 Z3.4689 E0.18422 F1947
G1 X128.8494 Y85.4502 Z3.4979 E0.18597 F1929
G1 X129.6845 Y85.7583 Z3.5370 E0.18836 F1906
G1 X130.5112 Y86.0881 Z3.5851 E0.19133 F1877
G1 X131.3290 Y86.4395 Z3.6412 E0.19479 F1845
G1 X132.1374 Y86.8121 Z3.7040 E0.19866 F1810
G1 X132.9357 Y87.2058 Z3.7719 E0.20283 F1773
G1 X133.7234 Y87.6202 Z3.8434 E0.20720 F1736
G1 X134.5000 Y88.0551 Z3.9167 E0.21165 F1700
G1 X135.2650 Y88.5102 Z3.9901 E0.21606 F1665
G1 X136.0177 Y88.9852 Z4.0618 E0.22034 F1633
G1 X136.7578 Y89.4797 Z4.1301 E0.22436 F1603
G1 X137.4847 Y89.9934 Z4.1934 E0.22804 F1576
G1 X138.1979 Y90.5260 Z4.2502 E0.23129 F1554
G1 X138.8969 Y91.0770 Z4.2991 E0.23404 F1534
G1 X139.5812 Y91.6462 Z4.3389 E0.23623 F1519
G1 X140.2504 Y92.2331 Z4.3687 E0.23781 F1509
G1 X140.9041 Y92.8373 Z4.3878 E0.23877 F1502
G1 X141.5416 Y93.4584 Z4.3958 E0.23907 F1500
G1 X142.1627 Y94.0959 Z4.3925 E0.23871 F1502
G1 X142.7669 Y94.7496 Z4.3781 E0.23771 F1509
G1 X143.3538 Y95.4188 Z4.3529 E0.23609 F1519
G1 X143.9230 Y96.1031 Z4.3175 E0.23387 F1534
G1 X144.4740 Y96.8021 Z4.2730 E0.23111 F1554
G1 X145.0066 Y97.5153 Z4.2204 E0.22786 F1576
G1 X145.5203 Y98.2422 Z4.1610 E0.22420 F1603
G1 X146.0148 Y98.9823 Z4.0965 E0.22020 F1633
G1 X146.4898 Y99.7350 Z4.0283 E0.21596 F1665
G1 X146.9449 Y100.5000 Z3.9583 E0.21158 F1700
G1 X147.3798 Y101.2766 Z3.8882 E0.20717 F1736
G1 X147.7942 Y102.0643 Z3.8198 E0.20284 F1773
G1 X148.1879 Y102.8626 Z3.7549 E0.19869 F1810
G1 X148.5605 Y103.6710 Z3.6950 E0.19484 F1845
G1 X148.9119 Y104.4888 Z3.6417 E0.19139 F1877
G1 X149.2417 Y105.3155 Z3.5964 E0.18842 F1906
G1 X149.5498 Y106.1506 Z3.5603 E0.18603 F1929
G1 X149.8359 Y106.9934 Z3.5343 E0.18426 F1947
G1 X150.0999 Y107.8435 Z3.5192 E0.18318 F1958
G1 X150.3415 Y108.7002 Z3.5153 E0.18281 F1962
G1 X150.5606 Y109.5629 Z3.5228 E0.18316 F1958
G1 X150.7570 Y110.4310 Z3.5416 E0.18423 F1947
G1 X150.9307 Y111.3040 Z3.5713 E0.18598 F1929
G1 X151.0814 Y112.1812 Z3.6113 E0.18837 F1906
G1 X151.2091 Y113.0621 Z3.6606 E0.19134 F1877
G1 X151.3137 Y113.9460 Z3.7180 E0.19481 F1845
G1 X151.3952 Y114.8324 Z3.7823 E0.19868 F1810
G1 X151.4534 Y115.7206 Z3.8518 E0.20286 F1773
G1 X151.4883 Y116.6100 Z3.9250 E0.20723 F1736
G1 X151.5000 Y117.5000 Z4.0000 E0.21168 F1700
G1 X151.4883 Y118.3900 Z4.0751 E0.21610 F1665
G1 X151.4534 Y119.2794 Z4.1485 E0.22037 F1633
G1 X151.3952 Y120.1676 Z4.2185 E0.22439 F1603
G1 X151.3137 Y121.0540 Z4.2833 E0.22807 F1576
G1 X151.2091 Y121.9379 Z4.3414 E0.23131 F1554
G1 X151.0814 Y122.8188 Z4.3914 E0.23405 F1534
G1 X150.9307 Y123.6960 Z4.4321 E0.23624 F1519
G1 X150.7570 Y124.5690 Z4.4626 E0.23782 F1509
G1 X150.5606 Y125.4371 Z4.4821 E0.23877 F1502
G1 X150.3415 Y126.2998 Z4.4903 E0.23907 F1500
G1 X150.0999 Y127.1565 Z4.4869 E0.23871 F1502
G1 X149.8359 Y128.0066 Z4.4720 E0.23771 F1509
G1 X149.5498 Y128.8494 Z4.4461 E0.23609 F1519
G1 X149.2417 Y129.6845 Z4.4099 E0.23388 F1534
G1 X148.9119 Y130.5112 Z4.3642 E0.23112 F1554
G1 X148.5605 Y131.3290 Z4.3102 E0.22788 F1576
G1 X148.1879 Y132.1374 Z4.2494 E0.22422 F1603
G1 X147.7942 Y132.9357 Z4.1833 E0.22023 F1633
G1 X147.3798 Y133.7234 Z4.1134 E0.21599 F1665
G1 X146.9449 Y134.5000 Z4.0417 E0.21162 F1700
G1 X146.4898 Y135.2650 Z3.9698 E0.20720 F1736
G1 X146.0148 Y136.0177 Z3.8997 E0.20287 F1773
G1 X145.5203 Y136.7578 Z3.8332 E0.19872 F1810
G1 X145.0066 Y137.4847 Z3.7718 E0.19486 F1845
G1 X144.4740 Y138.1979 Z3.7172 E0.19140 F1877
G1 X143.9230 Y138.8969 Z3.6708 E0.18844 F1906
G1 X143.3538 Y139.5812 Z3.6338 E0.18603 F1929
G1 X142.7669 Y140.2504 Z3.6071 E0.18427 F1947
G1 X142.1627 Y140.9041 Z3.5915 E0.18318 F1958
G1 X141.5416 Y141.5416 Z3.5875 E0.18281 F1962
G1 X140.9041 Y142.1627 Z3.5952 E0.18316 F1958
G1 X140.2504 Y142.7669 Z3.6144 E0.18423 F1947
G1 X139.5812 Y143.3538 Z3.6448 E0.18598 F1929
G1 X138.8969 Y143.9230 Z3.6857 E0.18838 F1906
G1 X138.1979 Y144.4740 Z3.7361 E0.19135 F1877
G1 X137.4847 Y145.0066 Z3.7948 E0.19482 F1845
G1 X136.7578 Y145.5203 Z3.8606 E0.19870 F1810
G1 X136.0177 Y146.0148 Z3.9317 E0.20289 F1773
G1 X135.2650 Y146.4898 Z4.0066 E0.20726 F1736
G1 X134.5000 Y146.9449 Z4.0833 E0.21172 F1700
G1 X133.7234 Y147.3798 Z4.1602 E0.21613 F1665
G1 X132.9357 Y147.7942 Z4.2353 E0.22040 F1633
G1 X132.1374 Y148.1879 Z4.3069 E0.22442 F1603
G1 X131.3290 Y148.5605 Z4.3732 E0.22809 F1576
G1 X130.5112 Y148.9119 Z4.4326 E0.23133 F1554
G1 X129.6845 Y149.2417 Z4.4837 E0.23407 F1534
G1 X128.8494 Y149.5498 Z4.5254 E0.23625 F1519
G1 X128.0066 Y149.8359 Z4.5565 E0.23783 F1509
G1 X127.1565 Y150.0999 Z4.5764 E0.23877 F1502
G1 X126.2998 Y150.3415 Z4.5847 E0.23907 F1500
G1 X125.4371 Y150.5606 Z4.5812 E0.23871 F1502
G1 X124.5690 Y150.7570 Z4.5659 E0.23772 F1509
G1 X123.6960 Y150.9307 Z4.5393 E0.23610 F1519
G1 X122.8188 Y151.0814 Z4.5022 E0.23389 F1534
G1 X121.9379 Y151.2091 Z4.4554 E0.23114 F1554
G1 X121.0540 Y151.3137 Z4.4001 E0.22790 F1576
G1 X120.1676 Y151.3952 Z4.3378 E0.22425 F1603
G1 X119.2794 Y151.4534 Z4.2700 E0.22026 F1633
G1 X118.3900 Y151.4883 Z4.1985 E0.21603 F1665
G1 X117.5000 Y151.5000 Z4.1250 E0.21165 F1700
G1 X116.6100 Y151.4883 Z4.0514 E0.20724 F1736
G1 X115.7206 Y151.4534 Z3.9796 E0.20290 F1773
G1 X114.8324 Y151.3952 Z3.9114 E0.19875 F1810
G1 X113.9460 Y151.3137 Z3.8486 E0.19489 F1845
G1 X113.0621 Y151.2091 Z3.7927 E0.19142 F1877
G1 X112.1812 Y151.0814 Z3.7451 E0.18845 F1906
G1 X111.3040 Y150.9307 Z3.7072 E0.18604 F1929
G1 X110.4310 Y150.7570 Z3.6799 E0.18427 F1947
G1 X109.5629 Y150.5606 Z3.6639 E0.18318 F1958
G1 X108.7002 Y150.3415 Z3.6597 E0.18281 F1962
G1 X107.8435 Y150.0999 Z3.6675 E0.18316 F1958
G1 X106.9934 Y149.8359 Z3.6872 E0.18423 F1947
G1 X106.1506 Y149.5498 Z3.7182 E0.18599 F1929
G1 X105.3155 Y149.2417 Z3.7600 E0.18839 F1906
G1 X104.4888 Y148.9119 Z3.8115 E0.19137 F1877
G1 X103.6710 Y148.5605 Z3.8716 E0.19484 F1845
G1 X102.8626 Y148.1879 Z3.9388 E0.19873 F1810
G1 X102.0643 Y147.7942 Z4.0116 E0.20292 F1773
G1 X101.2766 Y147.3798 Z4.0881 E0.20730 F1736
G1 X100.5000 Y146.9449 Z4.1667 E0.21175 F1700
G1 X99.7350 Y146.4898 Z4.2453 E0.21617 F1665
G1 X98.9823 Y146.0148 Z4.3221 E0.22044 F1633
G1 X98.2422 Y145.5203 Z4.3952 E0.22446 F1603
G1 X97.5153 Y145.0066 Z4.4630 E0.22812 F1576
G1 X96.8021 Y144.4740 Z4.5238 E0.23136 F1554
G1 X96.1031 Y143.9230 Z4.5760 E0.23409 F1534
G1 X95.4188 Y143.3538 Z4.6186 E0.23626 F1519
G1 X94.7496 Y142.7669 Z4.6504 E0.23783 F1509
G1 X94.0959 Y142.1627 Z4.6708 E0.23877 F1502
G1 X93.4584 Y141.5416 Z4.6792 E0.23907 F1500
G1 X92.8373 Y140.9041 Z4.6755 E0.23871 F1502
G1 X92.2331 Y140.2504 Z4.6598 E0.23772 F1509
G1 X91.6462 Y139.5812 Z4.6326 E0.23610 F1519
G1 X91.0770 Y138.8969 Z4.5945 E0.23390 F1534
G1 X90.5260 Y138.1979 Z4.5466 E0.23115 F1554
G1 X89.9934 Y137.4847 Z4.4900 E0.22792 F1576
G1 X89.4797 Y136.7578 Z4.4262 E0.22427 F1603
G1 X88.9852 Y136.0177 Z4.3568 E0.22029 F1633
G1 X88.5102 Y135.2650 Z4.2836 E0.21606 F1665
G1 X88.0551 Y134.5000 Z4.2083 E0.21168 F1700
G1 X87.6202 Y133.7234 Z4.1330 E0.20727 F1736
G1 X87.2058 Y132.9357 Z4.0595 E0.20293 F1773
G1 X86.8121 Y132.1374 Z3.9897 E0.19877 F1810
G1 X86.4395 Y131.3290 Z3.9254 E0.19491 F1845
G1 X86.0881 Y130.5112 Z3.8681 E0.19144 F1877
G1 X85.7583 Y129.6845 Z3.8195 E0.18846 F1906
G1 X85.4502 Y128.8494 Z3.7806 E0.18605 F1929
G1 X85.1641 Y128.0066 Z3.7526 E0.18428 F1947
G1 X84.9001 Y127.1565 Z3.7363 E0.18319 F1958
G1 X84.6585 Y126.2998 Z3.7319 E0.18281 F1962
G1 X84.4394 Y125.4371 Z3.7399 E0.18316 F1958
G1 X84.2430 Y124.5690 Z3.7599 E0.18423 F1947
G1 X84.0693 Y123.6960 Z3.7916 E0.18599 F1929
G1 X83.9186 Y122.8188 Z3.8343 E0.18840 F1906
G1 X83.7909 Y121.9379 Z3.8870 E0.19138 F1877
G1 X83.6863 Y121.0540 Z3.9484 E0.19486 F1845
G1 X83.6048 Y120.1676 Z4.0171 E0.19875 F1810
G1 X83.5466 Y119.2794 Z4.0915 E0.20295 F1773
G1 X83.5117 Y118.3900 Z4.1697 E0.20733 F1736
G1 X83.5000 Y117.5000 Z4.2500 E0.21179 F1700
G1 X83.5117 Y116.6100 Z4.3303 E0.21621 F1665
G1 X83.5466 Y115.7206 Z4.4088 E0.22048 F1633
G1 X83.6048 Y114.8324 Z4.4836 E0.22449 F1603
G1 X83.6863 Y113.9460 Z4.5529 E0.22815 F1576
G1 X83.7909 Y113.0621 Z4.6150 E0.23138 F1554
G1 X83.9186 Y112.1812 Z4.6684 E0.23411 F1534
G1 X84.0693 Y111.3040 Z4.7118 E0.23627 F1519
G1 X84.2430 Y110.4310 Z4.7443 E0.23784 F1509
G1 X84.4394 Y109.5629 Z4.7651 E0.23878 F1502
G1 X84.6585 Y108.7002 Z4.7736 E0.23907 F1500
G1 X84.9001 Y107.8435 Z4.7698 E0.23871 F1502
G1 X85.1641 Y106.9934 Z4.7537 E0.23772 F1509
G1 X85.4502 Y106.1506 Z4.7258 E0.23611 F1519
G1 X85.7583 Y105.3155 Z4.6868 E0.23391 F1534
G1 X86.0881 Y104.4888 Z4.6377 E0.23117 F1554
G1 X86.4395 Y103.6710 Z4.5798 E0.22794 F1576
G1 X86.8121 Y102.8626 Z4.5146 E0.22430 F1603
G1 X87.2058 Y102.0643 Z4.4436 E0.22032 F1633
G1 X87.6202 Y101.2766 Z4.3686 E0.21609 F1665
G1 X88.0551 Y100.5000 Z4.2917 E0.21172 F1700
G1 X88.5102 Y99.7350 Z4.2146 E0.20731 F1736
G1 X88.9852 Y98.9823 Z4.1394 E0.20296 F1773
G1 X89.4797 Y98.2422 Z4.0680 E0.19880 F1810
G1 X89.9934 Y97.5153 Z4.0022 E0.19493 F1845
G1 X90.5260 Y96.8021 Z3.9436 E0.19146 F1877
G1 X91.0770 Y96.1031 Z3.8938 E0.18847 F1906
G1 X91.6462 Y95.4188 Z3.8541 E0.18606 F1929
G1 X92.2331 Y94.7496 Z3.8254 E0.18428 F1947
G1 X92.8373 Y94.0959 Z3.8086 E0.18319 F1958
G1 X93.4584 Y93.4584 Z3.8042 E0.18281 F1962
G1 X94.0959 Y92.8373 Z3.8122 E0.18316 F1958
G1 X94.7496 Y92.2331 Z3.8327 E0.18423 F1947
G1 X95.4188 Y91.6462 Z3.8651 E0.18600 F1929
G1 X96.1031 Y91.0770 Z3.9087 E0.18841 F1906
G1 X96.8021 Y90.5260 Z3.9625 E0.19139 F1877
G1 X97.5153 Y89.9934 Z4.0252 E0.19488 F1845
G1 X98.2422 Y89.4797 Z4.0954 E0.19878 F1810
G1 X98.9823 Y88.9852 Z4.1714 E0.20298 F1773
G1 X99.7350 Y88.5102 Z4.2513 E0.20736 F1736
G1 X100.5000 Y88.0551 Z4.3333 E0.21183 F1700
G1 X101.2766 Y87.6202 Z4.4154 E0.21625 F1665
G1 X102.0643 Y87.2058 Z4.4956 E0.22051 F1633
G1 X102.8626 Y86.8121 Z4.5720 E0.22452 F1603
G1 X103.6710 Y86.4395 Z4.6427 E0.22818 F1576
G1 X104.4888 Y86.0881 Z4.7061 E0.23140 F1554
G1 X105.3155 Y85.7583 Z4.7607 E0.23412 F1534
G1 X106.1506 Y85.4502 Z4.8051 E0.23628 F1519
G1 X106.9934 Y85.1641 Z4.8382 E0.23785 F1509
G1 X107.8435 Y84.9001 Z4.8594 E0.23878 F1502
G1 X108.7002 Y84.6585 Z4.8681 E0.23907 F1500
G1 X109.5629 Y84.4394 Z4.8641 E0.23871 F1502
G1 X110.4310 Y84.2430 Z4.8476 E0.23772 F1509
G1 X111.3040 Y84.0693 Z4.8190 E0.23611 F1519
G1 X112.1812 Y83.9186 Z4.7791 E0.23392 F1534
G1 X113.0621 Y83.7909 Z4.7289 E0.23119 F1554
G1 X113.9460 Y83.6863 Z4.6697 E0.22797 F1576
G1 X114.8324 Y83.6048 Z4.6029 E0.22433 F1603
G1 X115.7206 Y83.5466 Z4.5303 E0.22035 F1633
G1 X116.6100 Y83.5117 Z4.4537 E0.21613 F1665
G1 X117.5000 Y83.5000 Z4.3750 E0.21176 F1700
G1 X118.3900 Y83.5117 Z4.2962 E0.20734 F1736
G1 X119.2794 Y83.5466 Z4.2193 E0.20299 F1773
G1 X120.1676 Y83.6048 Z4.1463 E0.19883 F1810
G1 X121.0540 Y83.6863 Z4.0790 E0.19496 F1845
G1 X121.9379 Y83.7909 Z4.0191 E0.19148 F1877
G1 X122.8188 Y83.9186 Z3.9682 E0.18849 F1906
G1 X123.6960 Y84.0693 Z3.9275 E0.18607 F1929
G1 X124.5690 Y84.2430 Z3.8982 E0.18428 F1947
G1 X125.4371 Y84.4394 Z3.8810 E0.18319 F1958
G1 X126.2998 Y84.6585 Z3.8764 E0.18281 F1962
G1 X127.1565 Y84.9001 Z3.8846 E0.18316 F1958
G1 X128.0066 Y85.1641 Z3.9055 E0.18424 F1947
G1 X128.8494 Y85.4502 Z3.9385 E0.18600 F1929
G1 X129.6845 Y85.7583 Z3.9830 E0.18841 F1906
G1 X130.5112 Y86.0881 Z4.0380 E0.19141 F1877
G1 X131.3290 Y86.4395 Z4.1020 E0.19490 F1845
G1 X132.1374 Y86.8121 Z4.1737 E0.19881 F1810
G1 X132.9357 Y87.2058 Z4.2513 E0.20301 F1773
G1 X133.7234 Y87.6202 Z4.3329 E0.20740 F1736
G1 X134.5000 Y88.0551 Z4.4167 E0.21186 F1700
G1 X135.2650 Y88.5102 Z4.5005 E0.21629 F1665
G1 X136.0177 Y88.9852 Z4.5824 E0.22055 F1633
G1 X136.7578 Y89.4797 Z4.6604 E0.22456 F1603
G1 X137.4847 Y89.9934 Z4.7326 E0.22821 F1576
G1 X138.1979 Y90.5260 Z4.7973 E0.23143 F1554
G1 X138.8969 Y91.0770 Z4.8530 E0.23414 F1534
G1 X139.5812 Y91.6462 Z4.8983 E0.23630 F1519
G1 X140.2504 Y92.2331 Z4.9321 E0.23785 F1509
G1 X140.9041 Y92.8373 Z4.9537 E0.23878 F1502
G1 X141.5416 Y93.4584 Z4.9625 E0.23907 F1500
G1 X142.1627 Y94.0959 Z4.9584 E0.23871 F1502
G1 X142.7669 Y94.7496 Z4.9415 E0.23772 F1509
G1 X143.3538 Y95.4188 Z4.9123 E0.23612 F1519
G1 X143.9230 Y96.1031 Z4.8715 E0.23393 F1534
G1 X144.4740 Y96.8021 Z4.8201 E0.23120 F1554
G1 X145.0066 Y97.5153 Z4.7596 E0.22799 F1576
G1 X145.5203 Y98.2422 Z4.6913 E0.22436 F1603
G1 X146.0148 Y98.9823 Z4.6171 E0.22039 F1633
G1 X146.4898 Y99.7350 Z4.5388 E0.21616 F1665
G1 X146.9449 Y100.5000 Z4.4583 E0.21179 F1700
G1 X147.3798 Y101.2766 Z4.3778 E0.20738 F1736
G1 X147.7942 Y102.0643 Z4.2992 E0.20303 F1773
G1 X148.1879 Y102.8626 Z4.2246 E0.19886 F1810
G1 X148.5605 Y103.6710 Z4.1558 E0.19498 F1845
G1 X148.9119 Y104.4888 Z4.0946 E0.19150 F1877
G1 X149.2417 Y105.3155 Z4.0425 E0.18850 F1906
G1 X149.5498 Y106.1506 Z4.0009 E0.18608 F1929
G1 X149.8359 Y106.9934 Z3.9709 E0.18429 F1947
G1 X150.0999 Y107.8435 Z3.9533 E0.18319 F1958
G1 X150.3415 Y108.7002 Z3.9486 E0.18281 F1962
G1 X150.5606 Y109.5629 Z3.9570 E0.18316 F1958
G1 X150.7570 Y110.4310 Z3.9782 E0.18424 F1947
G1 X150.9307 Y111.3040 Z4.0119 E0.18601 F1929
G1 X151.0814 Y112.1812 Z4.0574 E0.18842 F1906
G1 X151.2091 Y113.0621 Z4.1134 E0.19142 F1877
G1 X151.3137 Y113.9460 Z4.1788 E0.19493 F1845
G1 X151.3952 Y114.8324 Z4.2520 E0.19883 F1810
G1 X151.4534 Y115.7206 Z4.3312 E0.20304 F1773
G1 X151.4883 Y116.6100 Z4.4145 E0.20744 F1736
G1 X151.5000 Y117.5000 Z4.5000 E0.21190 F1700
G1 X151.4883 Y118.3900 Z4.5856 E0.21632 F1665
G1 X151.4534 Y119.2794 Z4.6691 E0.22059 F1633
G1 X151.3952 Y120.1676 Z4.7488 E0.22459 F1603
G1 X151.3137 Y121.0540 Z4.8225 E0.22824 F1576
G1 X151.2091 Y121.9379 Z4.8885 E0.23145 F1554
G1 X151.0814 Y122.8188 Z4.9453 E0.23416 F1534
G1 X150.9307 Y123.6960 Z4.9915 E0.23631 F1519
G1 X150.7570 Y124.5690 Z5.0260 E0.23786 F1509
G1 X150.5606 Y125.4371 Z5.0480 E0.23878 F1502
G1 X150.3415 Y126.2998 Z5.0569 E0.23907 F1500
G1 X150.0999 Y127.1565 Z5.0527 E0.23871 F1502
G1 X149.8359 Y128.0066 Z5.0354 E0.23773 F1509
G1 X149.5498 Y128.8494 Z5.0055 E0.23612 F1519
G1 X149.2417 Y129.6845 Z4.9638 E0.23394 F1534
G1 X148.9119 Y130.5112 Z4.9113 E0.23122 F1554
G1 X148.5605 Y131.3290 Z4.8494 E0.22801 F1576
G1 X148.1879 Y132.1374 Z4.7797 E0.22439 F1603
G1 X147.7942 Y132.9357 Z4.7039 E0.22042 F1633
G1 X147.3798 Y133.7234 Z4.6238 E0.21620 F1665
G1 X146.9449 Y134.5000 Z4.5417 E0.21183 F1700
G1 X146.4898 Y135.2650 Z4.4594 E0.20741 F1736
G1 X146.0148 Y136.0177 Z4.3791 E0.20306 F1773
G1 X145.5203 Y136.7578 Z4.3029 E0.19889 F1810
G1 X145.0066 Y137.4847 Z4.2326 E0.19501 F1845
G1 X144.4740 Y138.1979 Z4.1700 E0.19152 F1877
G1 X143.9230 Y138.8969 Z4.1168 E0.18852 F1906
G1 X143.3538 Y139.5812 Z4.0744 E0.18609 F1929
G1 X142.7669 Y140.2504 Z4.0437 E0.18429 F1947
G1 X142.1627 Y140.9041 Z4.0257 E0.18319 F1958
G1 X141.5416 Y141.5416 Z4.0208 E0.18281 F1962
G1 X140.9041 Y142.1627 Z4.0293 E0.18316 F1958
G1 X140.2504 Y142.7669 Z4.0510 E0.18424 F1947
G1 X139.5812 Y143.3538 Z4.0854 E0.18601 F1929
G1 X138.8969 Y143.9230 Z4.1317 E0.18843 F1906
G1 X138.1979 Y144.4740 Z4.1889 E0.19144 F1877
G1 X137.4847 Y145.0066 Z4.2556 E0.19495 F1845
G1 X136.7578 Y145.5203 Z4.3303 E0.19886 F1810
G1 X136.0177 Y146.0148 Z4.4111 E0.20307 F1773
G1 X135.2650 Y146.4898 Z4.4961 E0.20747 F1736
G1 X134.5000 Y146.9449 Z4.5833 E0.21194 F1700
G1 X133.7234 Y147.3798 Z4.6706 E0.21637 F1665
G1 X132.9357 Y147.7942 Z4.7559 E0.22063 F1633
G1 X132.1374 Y148.1879 Z4.8371 E0.22463 F1603
G1 X131.3290 Y148.5605 Z4.9123 E0.22827 F1576
G1 X130.5112 Y148.9119 Z4.9797 E0.23148 F1554
G1 X129.6845 Y149.2417 Z5.0376 E0.23418 F1534
G1 X128.8494 Y149.5498 Z5.0848 E0.23632 F1519
G1 X128.0066 Y149.8359 Z5.1199 E0.23787 F1509
G1 X127.1565 Y150.0999 Z5.1423 E0.23879 F1502
G1 X126.2998 Y150.3415 Z5.1514 E0.23907 F1500
G1 X125.4371 Y150.5606 Z5.1470 E0.23871 F1502
G1 X124.5690 Y150.7570 Z5.1293 E0.23773 F1509
G1 X123.6960 Y150.9307 Z5.0987 E0.23613 F1519
G1 X122.8188 Y151.0814 Z5.0561 E0.23395 F1534
G1 X121.9379 Y151.2091 Z5.0025 E0.23124 F1554
G1 X121.0540 Y151.3137 Z4.9393 E0.22804 F1576
G1 X120.1676 Y151.3952 Z4.8681 E0.22442 F1603
G1 X119.2794 Y151.4534 Z4.7906 E0.22045 F1633
G1 X118.3900 Y151.4883 Z4.7089 E0.21624 F1665
G1 X117.5000 Y151.5000 Z4.6250 E0.21187 F1700
G1 X116.6100 Y151.4883 Z4.5410 E0.20745 F1736
G1 X115.7206 Y151.4534 Z4.4590 E0.20310 F1773
G1 X114.8324 Y151.3952 Z4.3812 E0.19892 F1810
G1 X113.9460 Y151.3137 Z4.3094 E0.19503 F1845
G1 X113.0621 Y151.2091 Z4.2455 E0.19154 F1877
G1 X112.1812 Y151.0814 Z4.1912 E0.18853 F1906
G1 X111.3040 Y150.9307 Z4.1478 E0.18609 F1929
G1 X110.4310 Y150.7570 Z4.1165 E0.18430 F1947
G1 X109.5629 Y150.5606 Z4.0981 E0.18319 F1958
G1 X108.7002 Y150.3415 Z4.0931 E0.18281 F1962
G1 X107.8435 Y150.0999 Z4.1017 E0.18316 F1958
G1 X106.9934 Y149.8359 Z4.1237 E0.18424 F1947
G1 X106.1506 Y149.5498 Z4.1588 E0.18602 F1929
G1 X105.3155 Y149.2417 Z4.2061 E0.18844 F1906
G1 X104.4888 Y148.9119 Z4.2644 E0.19146 F1877
G1 X103.6710 Y148.5605 Z4.3324 E0.19497 F1845
G1 X102.8626 Y148.1879 Z4.4086 E0.19889 F1810
G1 X102.0643 Y147.7942 Z4.4910 E0.20311 F1773
G1 X101.2766 Y147.3798 Z4.5777 E0.20751 F1736
G1 X100.5000 Y146.9449 Z4.6667 E0.21198 F1700
G1 X99.7350 Y146.4898 Z4.7557 E0.21641 F1665
G1 X98.9823 Y146.0148 Z4.8427 E0.22067 F1633
G1 X98.2422 Y145.5203 Z4.9255 E0.22467 F1603
G1 X97.5153 Y145.0066 Z5.0022 E0.22831 F1576
G1 X96.8021 Y144.4740 Z5.0709 E0.23151 F1554
G1 X96.1031 Y143.9230 Z5.1300 E0.23420 F1534
G1 X95.4188 Y143.3538 Z5.1780 E0.23633 F1519
G1 X94.7496 Y142.7669 Z5.2138 E0.23787 F1509
G1 X94.0959 Y142.1627 Z5.2366 E0.23879 F1502
G1 X93.4584 Y141.5416 Z5.2458 E0.23907 F1500
G1 X92.8373 Y140.9041 Z5.2413 E0.23871 F1502
G1 X92.2331 Y140.2504 Z5.2232 E0.23773 F1509
G1 X91.6462 Y139.5812 Z5.1920 E0.23614 F1519
G1 X91.0770 Y138.8969 Z5.1484 E0.23397 F1534
G1 X90.5260 Y138.1979 Z5.0937 E0.23126 F1554
G1 X89.9934 Y137.4847 Z5.0292 E0.22806 F1576
G1 X89.4797 Y136.7578 Z4.9564 E0.22445 F1603
G1 X88.9852 Y136.0177 Z4.8774 E0.22049 F1633
G1 X88.5102 Y135.2650 Z4.7940 E0.21628 F1665
G1 X88.0551 Y134.5000 Z4.7083 E0.21191 F1700
G1 X87.6202 Y133.7234 Z4.6226 E0.20749 F1736
G1 X87.2058 Y132.9357 Z4.5389 E0.20313 F1773
G1 X86.8121 Y132.1374 Z4.4595 E0.19895 F1810
G1 X86.4395 Y131.3290 Z4.3862 E0.19506 F1845
G1 X86.0881 Y130.5112 Z4.3210 E0.19156 F1877
G1 X85.7583 Y129.6845 Z4.2655 E0.18854 F1906
G1 X85.4502 Y128.8494 Z4.2212 E0.18610 F1929
G1 X85.1641 Y128.0066 Z4.1892 E0.18430 F1947
G1 X84.9001 Y127.1565 Z4.1704 E0.18320 F1958
G1 X84.6585 Y126.2998 Z4.1653 E0.18281 F1962
G1 X84.4394 Y125.4371 Z4.1740 E0.18316 F1958
G1 X84.2430 Y124.5690 Z4.1965 E0.18424 F1947
G1 X84.0693 Y123.6960 Z4.2322 E0.18602 F1929
G1 X83.9186 Y122.8188 Z4.2804 E0.18845 F1906
G1 X83.7909 Y121.9379 Z4.3399 E0.19147 F1877
G1 X83.6863 Y121.0540 Z4.4092 E0.19499 F1845
G1 X83.6048 Y120.1676 Z4.4869 E0.19892 F1810
G1 X83.5466 Y119.2794 Z4.5709 E0.20314 F1773
G1 X83.5117 Y118.3900 Z4.6593 E0.20755 F1736
G1 X83.5000 Y117.5000 Z4.7500 E0.21202 F1700
G1 X83.5117 Y116.6100 Z4.8408 E0.21645 F1665
G1 X83.5466 Y115.7206 Z4.9294 E0.22071 F1633
G1 X83.6048 Y114.8324 Z5.0139 E0.22471 F1603
G1 X83.6863 Y113.9460 Z5.0921 E0.22834 F1576
G1 X83.7909 Y113.0621 Z5.1621 E0.23153 F1554
G1 X83.9186 Y112.1812 Z5.2223 E0.23422 F1534
G1 X84.0693 Y111.3040 Z5.2712 E0.23635 F1519
G1 X84.2430 Y110.4310 Z5.3077 E0.23788 F1509
G1 X84.4394 Y109.5629 Z5.3309 E0.23879 F1502
G1 X84.6585 Y108.7002 Z5.3403 E0.23907 F1500
G1 X84.9001 Y107.8435 Z5.3356 E0.23871 F1502
G1 X85.1641 Y106.9934 Z5.3171 E0.23773 F1509
G1 X85.4502 Y106.1506 Z5.2852 E0.23614 F1519
G1 X85.7583 Y105.3155 Z5.2408 E0.23398 F1534
G1 X86.0881 Y104.4888 Z5.1849 E0.23127 F1554
G1 X86.4395 Y103.6710 Z5.1190 E0.22809 F1576
G1 X86.8121 Y102.8626 Z5.0448 E0.22448 F1603
G1 X87.2058 Y102.0643 Z4.9642 E0.22052 F1633
G1 X87.6202 Y101.2766 Z4.8791 E0.21631 F1665
G1 X88.0551 Y100.5000 Z4.7917 E0.21195 F1700
G1 X88.5102 Y99.7350 Z4.7042 E0.20753 F1736
G1 X88.9852 Y98.9823 Z4.6188 E0.20317 F1773
G1 X89.4797 Y98.2422 Z4.5378 E0.19899 F1810
G1 X89.9934 Y97.5153 Z4.4630 E0.19509 F1845
G1 X90.5260 Y96.8021 Z4.3965 E0.19158 F1877
G1 X91.0770 Y96.1031 Z4.3399 E0.18856 F1906
G1 X91.6462 Y95.4188 Z4.2947 E0.18611 F1929
G1 X92.2331 Y94.7496 Z4.2620 E0.18431 F1947
G1 X92.8373 Y94.0959 Z4.2428 E0.18320 F1958
G1 X93.4584 Y93.4584 Z4.2375 E0.18281 F1962
G1 X94.0959 Y92.8373 Z4.2464 E0.18316 F1958
G1 X94.7496 Y92.2331 Z4.2693 E0.18425 F1947
G1 X95.4188 Y91.6462 Z4.3057 E0.18603 F1929
G1 X96.1031 Y91.0770 Z4.3547 E0.18847 F1906
G1 X96.8021 Y90.5260 Z4.4153 E0.19149 F1877
G1 X97.5153 Y89.9934 Z4.4860 E0.19501 F1845
G1 X98.2422 Y89.4797 Z4.5652 E0.19895 F1810
G1 X98.9823 Y88.9852 Z4.6508 E0.20318 F1773
G1 X99.7350 Y88.5102 Z4.7409 E0.20759 F1736
G1 X100.5000 Y88.0551 Z4.8333 E0.21207 F1700
G1 X101.2766 Y87.6202 Z4.9258 E0.21649 F1665
G1 X102.0643 Y87.2058 Z5.0162 E0.22075 F1633
G1 X102.8626 Y86.8121 Z5.1023 E0.22474 F1603
G1 X103.6710 Y86.4395 Z5.1819 E0.22837 F1576
G1 X104.4888 Y86.0881 Z5.2533 E0.23156 F1554
G1 X105.3155 Y85.7583 Z5.3146 E0.23424 F1534
G1 X106.1506 Y85.4502 Z5.3645 E0.23636 F1519
G1 X106.9934 Y85.1641 Z5.4016 E0.23789 F1509
G1 X107.8435 Y84.9001 Z5.4252 E0.23879 F1502
G1 X108.7002 Y84.6585 Z5.4347 E0.23907 F1500
G1 X109.5629 Y84.4394 Z5.4299 E0.23871 F1502
G1 X110.4310 Y84.2430 Z5.4110 E0.23773 F1509
G1 X111.3040 Y84.0693 Z5.3784 E0.23615 F1519
G1 X112.1812 Y83.9186 Z5.3331 E0.23399 F1534
G1 X113.0621 Y83.7909 Z5.2761 E0.23129 F1554
G1 X113.9460 Y83.6863 Z5.2089 E0.22811 F1576
G1 X114.8324 Y83.6048 Z5.1332 E0.22451 F1603
G1 X115.7206 Y83.5466 Z5.0509 E0.22056 F1633
G1 X116.6100 Y83.5117 Z4.9641 E0.21635 F1665
G1 X117.5000 Y83.5000 Z4.8750 E0.21199 F1700
G1 X118.3900 Y83.5117 Z4.7858 E0.20757 F1736
G1 X119.2794 Y83.5466 Z4.6987 E0.20321 F1773
G1 X120.1676 Y83.6048 Z4.6160 E0.19902 F1810
G1 X121.0540 Y83.6863 Z4.5398 E0.19511 F1845
G1 X121.9379 Y83.7909 Z4.4720 E0.19160 F1877
G1 X122.8188 Y83.9186 Z4.4142 E0.18858 F1906
G1 X123.6960 Y84.0693 Z4.3681 E0.18612 F1929
G1 X124.5690 Y84.2430 Z4.3348 E0.18431 F1947
G1 X125.4371 Y84.4394 Z4.3151 E0.18320 F1958
G1 X126.2998 Y84.6585 Z4.3097 E0.18281 F1962
G1 X127.1565 Y84.9001 Z4.3187 E0.18316 F1958
G1 X128.0066 Y85.1641 Z4.3420 E0.18425 F1947
G1 X128.8494 Y85.4502 Z4.3791 E0.18603 F1929
G1 X129.6845 Y85.7583 Z4.4291 E0.18848 F1906
G1 X130.5112 Y86.0881 Z4.4908 E0.19150 F1877
G1 X131.3290 Y86.4395 Z4.5628 E0.19504 F1845
G1 X132.1374 Y86.8121 Z4.6434 E0.19898 F1810
G1 X132.9357 Y87.2058 Z4.7307 E0.20321 F1773
G1 X133.7234 Y87.6202 Z4.8225 E0.20763 F1736
G1 X134.5000 Y88.0551 Z4.9167 E0.21211 F1700
G1 X135.2650 Y88.5102 Z5.0109 E0.21654 F1665
G1 X136.0177 Y88.9852 Z5.1030 E0.22080 F1633
G1 X136.7578 Y89.4797 Z5.1906 E0.22478 F1603
G1 X137.4847 Y89.9934 Z5.2718 E0.22841 F1576
G1 X138.1979 Y90.5260 Z5.3445 E0.23159 F1554
G1 X138.8969 Y91.0770 Z5.4069 E0.23426 F1534
G1 X139.5812 Y91.6462 Z5.4577 E0.23638 F1519
G1 X140.2504 Y92.2331 Z5.4955 E0.23790 F1509
G1 X140.9041 Y92.8373 Z5.5195 E0.23880 F1502
G1 X141.5416 Y93.4584 Z5.5292 E0.23907 F1500
G1 X142.1627 Y94.0959 Z5.5242 E0.23871 F1502
G1 X142.7669 Y94.7496 Z5.5049 E0.23774 F1509
G1 X143.3538 Y95.4188 Z5.4717 E0.23616 F1519
G1 X143.9230 Y96.1031 Z5.4254 E0.23400 F1534
G1 X144.4740 Y96.8021 Z5.3673 E0.23131 F1554
G1 X145.0066 Y97.5153 Z5.2988 E0.22814 F1576
G1 X145.5203 Y98.2422 Z5.2216 E0.22454 F1603
G1 X146.0148 Y98.9823 Z5.1377 E0.22060 F1633
G1 X146.4898 Y99.7350 Z5.0492 E0.21639 F1665
G1 X146.9449 Y100.5000 Z4.9583 E0.21203 F1700
G1 X147.3798 Y101.2766 Z4.8674 E0.20761 F1736
G1 X147.7942 Y102.0643 Z4.7786 E0.20324 F1773
G1 X148.1879 Y102.8626 Z4.6943 E0.19905 F1810
G1 X148.5605 Y103.6710 Z4.6166 E0.19514 F1845
G1 X148.9119 Y104.4888 Z4.5474 E0.19162 F1877
G1 X149.2417 Y105.3155 Z4.4886 E0.18859 F1906
G1 X149.5498 Y106.1506 Z4.4415 E0.18613 F1929
G1 X149.8359 Y106.9934 Z4.4075 E0.18432 F1947
G1 X150.0999 Y107.8435 Z4.3875 E0.18320 F1958
G1 X150.3415 Y108.7002 Z4.3819 E0.18281 F1962
G1 X150.5606 Y109.5629 Z4.3911 E0.18316 F1958
G1 X150.7570 Y110.4310 Z4.4148 E0.18425 F1947
G1 X150.9307 Y111.3040 Z4.4525 E0.18604 F1929
G1 X151.0814 Y112.1812 Z4.5034 E0.18849 F1906
G1 X151.2091 Y113.0621 Z4.5663 E0.19152 F1877
G1 X151.3137 Y113.9460 Z4.6396 E0.19506 F1845
G1 X151.3952 Y114.8324 Z4.7217 E0.19901 F1810
G1 X151.4534 Y115.7206 Z4.8106 E0.20325 F1773
G1 X151.4883 Y116.6100 Z4.9041 E0.20767 F1736
G1 X151.5000 Y117.5000 Z5.0000 E0.21215 F1700
G1 X151.4883 Y118.3900 Z5.0960 E0.21658 F1665
G1 X151.4534 Y119.2794 Z5.1897 E0.22084 F1633
G1 X151.3952 Y120.1676 Z5.2790 E0.22482 F1603
G1 X151.3137 Y121.0540 Z5.3617 E0.22844 F1576
G1 X151.2091 Y121.9379 Z5.4357 E0.23162 F1554
G1 X151.0814 Y122.8188 Z5.4993 E0.23428 F1534
G1 X150.9307 Y123.6960 Z5.5509 E0.23639 F1519
G1 X150.7570 Y124.5690 Z5.5894 E0.23790 F1509
G1 X150.5606 Y125.4371 Z5.6138 E0.23880 F1502
G1 X150.3415 Y126.2998 Z5.6236 E0.23907 F1500
G1 X150.0999 Y127.1565 Z5.6185 E0.23871 F1502
G1 X149.8359 Y128.0066 Z5.5988 E0.23774 F1509
G1 X149.5498 Y128.8494 Z5.5649 E0.23616 F1519
G1 X149.2417 Y129.6845 Z5.5177 E0.23401 F1534
G1 X148.9119 Y130.5112 Z5.4585 E0.23133 F1554
G1 X148.5605 Y131.3290 Z5.3886 E0.22816 F1576
G1 X148.1879 Y132.1374 Z5.3100 E0.22457 F1603
G1 X147.7942 Y132.9357 Z5.2245 E0.22063 F1633
G1 X147.3798 Y133.7234 Z5.1343 E0.21643 F1665
G1 X146.9449 Y134.5000 Z5.0417 E0.21207 F1700
G1 X146.4898 Y135.2650 Z4.9490 E0.20765 F1736
G1 X146.0148 Y136.0177 Z4.8585 E0.20328 F1773
G1 X145.5203 Y136.7578 Z4.7726 E0.19909 F1810
G1 X145.0066 Y137.4847 Z4.6934 E0.19517 F1845
G1 X144.4740 Y138.1979 Z4.6229 E0.19164 F1877
G1 X143.9230 Y138.8969 Z4.5629 E0.18861 F1906
G1 X143.3538 Y139.5812 Z4.5150 E0.18614 F1929
G1 X142.7669 Y140.2504 Z4.4803 E0.18432 F1947
G1 X142.1627 Y140.9041 Z4.4598 E0.18320 F1958
G1 X141.5416 Y141.5416 Z4.4542 E0.18281 F1962
G1 X140.9041 Y142.1627 Z4.4635 E0.18316 F1958
G1 X140.2504 Y142.7669 Z4.4876 E0.18425 F1947
G1 X139.5812 Y143.3538 Z4.5260 E0.18605 F1929
G1 X138.8969 Y143.9230 Z4.5778 E0.18850 F1906
G1 X138.1979 Y144.4740 Z4.6418 E0.19154 F1877
G1 X137.4847 Y145.0066 Z4.7165 E0.19508 F1845
G1 X136.7578 Y145.5203 Z4.8000 E0.19904 F1810
G1 X136.0177 Y146.0148 Z4.8905 E0.20328 F1773
G1 X135.2650 Y146.4898 Z4.9857 E0.20771 F1736
G1 X134.5000 Y146.9449 Z5.0833 E0.21220 F1700
G1 X133.7234 Y147.3798 Z5.1811 E0.21663 F1665
G1 X132.9357 Y147.7942 Z5.2765 E0.22088 F1633
G1 X132.1374 Y148.1879 Z5.3674 E0.22486 F1603
G1 X131.3290 Y148.5605 Z5.4515 E0.22848 F1576
G1 X130.5112 Y148.9119 Z5.5269 E0.23164 F1554
G1 X129.6845 Y149.2417 Z5.5916 E0.23430 F1534
G1 X128.8494 Y149.5498 Z5.6442 E0.23640 F1519
G1 X128.0066 Y149.8359 Z5.6833 E0.23791 F1509
G1 X127.1565 Y150.0999 Z5.7081 E0.23880 F1502
G1 X126.2998 Y150.3415 Z5.7181 E0.23907 F1500
G1 X125.4371 Y150.5606 Z5.7129 E0.23871 F1502
G1 X124.5690 Y150.7570 Z5.6927 E0.23774 F1509
G1 X123.6960 Y150.9307 Z5.6581 E0.23617 F1519
G1 X122.8188 Y151.0814 Z5.6100 E0.23403 F1534
G1 X121.9379 Y151.2091 Z5.5497 E0.23135 F1554
G1 X121.0540 Y151.3137 Z5.4785 E0.22819 F1576
G1 X120.1676 Y151.3952 Z5.3983 E0.22461 F1603
G1 X119.2794 Y151.4534 Z5.3112 E0.22067 F1633
G1 X118.3900 Y151.4883 Z5.2193 E0.21648 F1665
G1 X117.5000 Y151.5000 Z5.1250 E0.21211 F1700
G1 X116.6100 Y151.4883 Z5.0306 E0.20769 F1736
G1 X115.7206 Y151.4534 Z4.9384 E0.20332 F1773
G1 X114.8324 Y151.3952 Z4.8509 E0.19912 F1810
G1 X113.9460 Y151.3137 Z4.7702 E0.19520 F1845
G1 X113.0621 Y151.2091 Z4.6984 E0.19167 F1877
G1 X112.1812 Y151.0814 Z4.6373 E0.18862 F1906
G1 X111.3040 Y150.9307 Z4.5884 E0.18615 F1929
G1 X110.4310 Y150.7570 Z4.5531 E0.18433 F1947
G1 X109.5629 Y150.5606 Z4.5322 E0.18320 F1958
G1 X108.7002 Y150.3415 Z4.5264 E0.18281 F1962
G1 X107.8435 Y150.0999 Z4.5358 E0.18316 F1958
G1 X106.9934 Y149.8359 Z4.5603 E0.18425 F1947
G1 X106.1506 Y149.5498 Z4.5994 E0.18605 F1929
G1 X105.3155 Y149.2417 Z4.6521 E0.18851 F1906
G1 X104.4888 Y148.9119 Z4.7173 E0.19156 F1877
G1 X103.6710 Y148.5605 Z4.7933 E0.19511 F1845
G1 X102.8626 Y148.1879 Z4.8783 E0.19907 F1810
G1 X102.0643 Y147.7942 Z4.9704 E0.20332 F1773
G1 X101.2766 Y147.3798 Z5.0673 E0.20775 F1736
G1 X100.5000 Y146.9449 Z5.1667 E0.21224 F1700
G1 X99.7350 Y146.4898 Z5.2661 E0.21667 F1665
G1 X98.9823 Y146.0148 Z5.3633 E0.22093 F1633
G1 X98.2422 Y145.5203 Z5.4558 E0.22491 F1603
G1 X97.5153 Y145.0066 Z5.5414 E0.22851 F1576
G1 X96.8021 Y144.4740 Z5.6180 E0.23167 F1554
G1 X96.1031 Y143.9230 Z5.6839 E0.23432 F1534
G1 X95.4188 Y143.3538 Z5.7374 E0.23642 F1519
G1 X94.7496 Y142.7669 Z5.7772 E0.23792 F1509
G1 X94.0959 Y142.1627 Z5.8024 E0.23881 F1502
G1 X93.4584 Y141.5416 Z5.8125 E0.23907 F1500
G1 X92.8373 Y140.9041 Z5.8072 E0.23872 F1502
G1 X92.2331 Y140.2504 Z5.7866 E0.23774 F1509
G1 X91.6462 Y139.5812 Z5.7514 E0.23618 F1519
G1 X91.0770 Y138.8969 Z5.7024 E0.23404 F1534
G1 X90.5260 Y138.1979 Z5.6408 E0.23137 F1554
G1 X89.9934 Y137.4847 Z5.5683 E0.22822 F1576
G1 X89.4797 Y136.7578 Z5.4867 E0.22464 F1603
G1 X88.9852 Y136.0177 Z5.3980 E0.22071 F1633
G1 X88.5102 Y135.2650 Z5.3044 E0.21652 F1665
G1 X88.0551 Y134.5000 Z5.2083 E0.21216 F1700
G1 X87.6202 Y133.7234 Z5.1122 E0.20774 F1736
G1 X87.2058 Y132.9357 Z5.0183 E0.20336 F1773
G1 X86.8121 Y132.1374 Z4.9292 E0.19916 F1810
G1 X86.4395 Y131.3290 Z4.8470 E0.19523 F1845
G1 X86.0881 Y130.5112 Z4.7739 E0.19169 F1877
G1 X85.7583 Y129.6845 Z4.7116 E0.18864 F1906
G1 X85.4502 Y128.8494 Z4.6618 E0.18616 F1929
G1 X85.1641 Y128.0066 Z4.6258 E0.18434 F1947
G1 X84.9001 Y127.1565 Z4.6046 E0.18321 F1958
G1 X84.6585 Y126.2998 Z4.5986 E0.18281 F1962
G1 X84.4394 Y125.4371 Z4.6082 E0.18317 F1958
G1 X84.2430 Y124.5690 Z4.6331 E0.18426 F1947
G1 X84.0693 Y123.6960 Z4.6728 E0.18606 F1929
G1 X83.9186 Y122.8188 Z4.7265 E0.18852 F1906
G1 X83.7909 Y121.9379 Z4.7927 E0.19157 F1877
G1 X83.6863 Y121.0540 Z4.8701 E0.19513 F1845
G1 X83.6048 Y120.1676 Z4.9566 E0.19910 F1810
G1 X83.5466 Y119.2794 Z5.0503 E0.20336 F1773
G1 X83.5117 Y118.3900 Z5.1489 E0.20780 F1736
G1 X83.5000 Y117.5000 Z5.2500 E0.21229 F1700
G1 X83.5117 Y116.6100 Z5.3512 E0.21672 F1665
G1 X83.5466 Y115.7206 Z5.4500 E0.22097 F1633
G1 X83.6048 Y114.8324 Z5.5442 E0.22495 F1603
G1 X83.6863 Y113.9460 Z5.6313 E0.22855 F1576
G1 X83.7909 Y113.0621 Z5.7092 E0.23170 F1554
G1 X83.9186 Y112.1812 Z5.7762 E0.23435 F1534
G1 X84.0693 Y111.3040 Z5.8306 E0.23643 F1519
G1 X84.2430 Y110.4310 Z5.8711 E0.23793 F1509
G1 X84.4394 Y109.5629 Z5.8968 E0.23881 F1502
G1 X84.6585 Y108.7002 Z5.9069 E0.23907 F1500
G1 X84.9001 Y107.8435 Z5.9015 E0.23872 F1502
G1 X85.1641 Y106.9934 Z5.8805 E0.23775 F1509
G1 X85.4502 Y106.1506 Z5.8446 E0.23618 F1519
G1 X85.7583 Y105.3155 Z5.7947 E0.23405 F1534
G1 X86.0881 Y104.4888 Z5.7320 E0.23139 F1554
G1 X86.4395 Y103.6710 Z5.6582 E0.22824 F1576
G1 X86.8121 Y102.8626 Z5.5751 E0.22467 F1603
G1 X87.2058 Y102.0643 Z5.4848 E0.22075 F1633
G1 X87.6202 Y101.2766 Z5.3895 E0.21656 F1665
G1 X88.0551 Y100.5000 Z5.2917 E0.21220 F1700
G1 X88.5102 Y99.7350 Z5.1938 E0.20778 F1736
G1 X88.9852 Y98.9823 Z5.0982 E0.20340 F1773
G1 X89.4797 Y98.2422 Z5.0075 E0.19919 F1810
G1 X89.9934 Y97.5153 Z4.9238 E0.19526 F1845
G1 X90.5260 Y96.8021 Z4.8493 E0.19171 F1877
G1 X91.0770 Y96.1031 Z4.7859 E0.18866 F1906
G1 X91.6462 Y95.4188 Z4.7353 E0.18617 F1929
G1 X92.2331 Y94.7496 Z4.6986 E0.18434 F1947
G1 X92.8373 Y94.0959 Z4.6769 E0.18321 F1958
G1 X93.4584 Y93.4584 Z4.6708 E0.18281 F1962
G1 X94.0959 Y92.8373 Z4.6805 E0.18317 F1958
G1 X94.7496 Y92.2331 Z4.7059 E0.18426 F1947
G1 X95.4188 Y91.6462 Z4.7463 E0.18607 F1929
G1 X96.1031 Y91.0770 Z4.8008 E0.18853 F1906
G1 X96.8021 Y90.5260 Z4.8682 E0.19159 F1877
G1 X97.5153 Y89.9934 Z4.9469 E0.19516 F1845
G1 X98.2422 Y89.4797 Z5.0349 E0.19913 F1810
G1 X98.9823 Y88.9852 Z5.1302 E0.20340 F1773
G1 X99.7350 Y88.5102 Z5.2305 E0.20784 F1736
G1 X100.5000 Y88.0551 Z5.3333 E0.21234 F1700
G1 X101.2766 Y87.6202 Z5.4363 E0.21677 F1665
G1 X102.0643 Y87.2058 Z5.5368 E0.22102 F1633
G1 X102.8626 Y86.8121 Z5.6325 E0.22499 F1603
G1 X103.6710 Y86.4395 Z5.7211 E0.22859 F1576
G1 X104.4888 Y86.0881 Z5.8004 E0.23173 F1554
G1 X105.3155 Y85.7583 Z5.8685 E0.23437 F1534
G1 X106.1506 Y85.4502 Z5.9239 E0.23645 F1519
G1 X106.9934 Y85.1641 Z5.9650 E0.23793 F1509
G1 X107.8435 Y84.9001 Z5.9911 E0.23881 F1502
G1 X108.7002 Y84.6585 Z6.0014 E0.23907 F1500
G1 X109.5629 Y84.4394 Z5.9958 E0.23872 F1502
G1 X110.4310 Y84.2430 Z5.9744 E0.23775 F1509
G1 X111.3040 Y84.0693 Z5.9378 E0.23619 F1519
G1 X112.1812 Y83.9186 Z5.8870 E0.23407 F1534
G1 X113.0621 Y83.7909 Z5.8232 E0.23141 F1554
G1 X113.9460 Y83.6863 Z5.7481 E0.22827 F1576
G1 X114.8324 Y83.6048 Z5.6635 E0.22471 F1603
G1 X115.7206 Y83.5466 Z5.5715 E0.22079 F1633
G1 X116.6100 Y83.5117 Z5.4746 E0.21661 F1665
G1 X117.5000 Y83.5000 Z5.3750 E0.21225 F1700
G1 X118.3900 Y83.5117 Z5.2754 E0.20782 F1736
G1 X119.2794 Y83.5466 Z5.1781 E0.20344 F1773
G1 X120.1676 Y83.6048 Z5.0858 E0.19923 F1810
G1 X121.0540 Y83.6863 Z5.0006 E0.19529 F1845
G1 X121.9379 Y83.7909 Z4.9248 E0.19174 F1877
G1 X122.8188 Y83.9186 Z4.8603 E0.18867 F1906
G1 X123.6960 Y84.0693 Z4.8087 E0.18619 F1929
G1 X124.5690 Y84.2430 Z4.7714 E0.18435 F1947
G1 X125.4371 Y84.4394 Z4.7493 E0.18321 F1958
G1 X126.2998 Y84.6585 Z4.7431 E0.18281 F1962
G1 X127.1565 Y84.9001 Z4.7529 E0.18317 F1958
G1 X128.0066 Y85.1641 Z4.7786 E0.18426 F1947
G1 X128.8494 Y85.4502 Z4.8197 E0.18607 F1929
G1 X129.6845 Y85.7583 Z4.8752 E0.18854 F1906
G1 X130.5112 Y86.0881 Z4.9437 E0.19161 F1877
G1 X131.3290 Y86.4395 Z5.0237 E0.19518 F1845
G1 X132.1374 Y86.8121 Z5.1132 E0.19916 F1810
G1 X132.9357 Y87.2058 Z5.2101 E0.20344 F1773
G1 X133.7234 Y87.6202 Z5.3121 E0.20788 F1736
G1 X134.5000 Y88.0551 Z5.4167 E0.21238 F1700
G1 X135.2650 Y88.5102 Z5.5213 E0.21682 F1665
G1 X136.0177 Y88.9852 Z5.6236 E0.22107 F1633
G1 X136.7578 Y89.4797 Z5.7209 E0.22503 F1603
G1 X137.4847 Y89.9934 Z5.8110 E0.22863 F1576
G1 X138.1979 Y90.5260 Z5.8916 E0.23176 F1554
G1 X138.8969 Y91.0770 Z5.9609 E0.23439 F1534
G1 X139.5812 Y91.6462 Z6.0171 E0.23646 F1519
G1 X140.2504 Y92.2331 Z6.0589 E0.23794 F1509
G1 X140.9041 Y92.8373 Z6.0854 E0.23882 F1502
G1 X141.5416 Y93.4584 Z6.0958 E0.23907 F1500
G1 X142.1627 Y94.0959 Z6.0901 E0.23872 F1502
G1 X142.7669 Y94.7496 Z6.0683 E0.23775 F1509
G1 X143.3538 Y95.4188 Z6.0311 E0.23620 F1519
G1 X143.9230 Y96.1031 Z5.9793 E0.23408 F1534
G1 X144.4740 Y96.8021 Z5.9144 E0.23143 F1554
G1 X145.0066 Y97.5153 Z5.8379 E0.22830 F1576
G1 X145.5203 Y98.2422 Z5.7518 E0.22474 F1603
G1 X146.0148 Y98.9823 Z5.6583 E0.22083 F1633
G1 X146.4898 Y99.7350 Z5.5596 E0.21665 F1665
G1 X146.9449 Y100.5000 Z5.4583 E0.21229 F1700
G1 X147.3798 Y101.2766 Z5.3570 E0.20787 F1736
G1 X147.7942 Y102.0643 Z5.2580 E0.20349 F1773
G1 X148.1879 Y102.8626 Z5.1641 E0.19927 F1810
G1 X148.5605 Y103.6710 Z5.0774 E0.19532 F1845
G1 X148.9119 Y104.4888 Z5.0003 E0.19176 F1877
G1 X149.2417 Y105.3155 Z4.9346 E0.18869 F1906
G1 X149.5498 Y106.1506 Z4.8821 E0.18620 F1929
G1 X149.8359 Y106.9934 Z4.8441 E0.18435 F1947
G1 X150.0999 Y107.8435 Z4.8216 E0.18321 F1958
G1 X150.3415 Y108.7002 Z4.8153 E0.18281 F1962
G1 X150.5606 Y109.5629 Z4.8253 E0.18317 F1958
G1 X150.7570 Y110.4310 Z4.8514 E0.18426 F1947
G1 X150.9307 Y111.3040 Z4.8931 E0.18608 F1929
G1 X151.0814 Y112.1812 Z4.9495 E0.18856 F1906
G1 X151.2091 Y113.0621 Z5.0192 E0.19163 F1877
G1 X151.3137 Y113.9460 Z5.1005 E0.19521 F1845
G1 X151.3952 Y114.8324 Z5.1915 E0.19920 F1810
G1 X151.4534 Y115.7206 Z5.2900 E0.20348 F1773
G1 X151.4883 Y116.6100 Z5.3937 E0.20793 F1736
G1 X151.5000 Y117.5000 Z5.5000 E0.21243 F1700
G1 X151.4883 Y118.3900 Z5.6064 E0.21687 F1665
G1 X151.4534 Y119.2794 Z5.7103 E0.22112 F1633
G1 X151.3952 Y120.1676 Z5.8093 E0.22508 F1603
G1 X151.3137 Y121.0540 Z5.9008 E0.22866 F1576
G1 X151.2091 Y121.9379 Z5.9828 E0.23180 F1554
G1 X151.0814 Y122.8188 Z6.0532 E0.23442 F1534
G1 X150.9307 Y123.6960 Z6.1103 E0.23648 F1519
G1 X150.7570 Y124.5690 Z6.1528 E0.23795 F1509
G1 X150.5606 Y125.4371 Z6.1797 E0.23882 F1502
G1 X150.3415 Y126.2998 Z6.1903 E0.23907 F1500
G1 X150.0999 Y127.1565 Z6.1844 E0.23872 F1502
G1 X149.8359 Y128.0066 Z6.1622 E0.23775 F1509
G1 X149.5498 Y128.8494 Z6.1243 E0.23621 F1519
G1 X149.2417 Y129.6845 Z6.0717 E0.23409 F1534
G1 X148.9119 Y130.5112 Z6.0056 E0.23145 F1554
G1 X148.5605 Y131.3290 Z5.9278 E0.22833 F1576
G1 X148.1879 Y132.1374 Z5.8402 E0.22478 F1603
G1 X147.7942 Y132.9357 Z5.7451 E0.22088 F1633
G1 X147.3798 Y133.7234 Z5.6447 E0.21670 F1665
G1 X146.9449 Y134.5000 Z5.5417 E0.21234 F1700
G1 X146.4898 Y135.2650 Z5.4385 E0.20791 F1736
G1 X146.0148 Y136.0177 Z5.3379 E0.20353 F1773
G1 X145.5203 Y136.7578 Z5.2424 E0.19930 F1810
G1 X145.0066 Y137.4847 Z5.1542 E0.19535 F1845
G1 X144.4740 Y138.1979 Z5.0758 E0.19179 F1877
G1 X143.9230 Y138.8969 Z5.0090 E0.18871 F1906
G1 X143.3538 Y139.5812 Z4.9556 E0.18621 F1929
G1 X142.7669 Y140.2504 Z4.9169 E0.18436 F1947
G1 X142.1627 Y140.9041 Z4.8940 E0.18322 F1958
G1 X141.5416 Y141.5416 Z4.8875 E0.18281 F1962
G1 X140.9041 Y142.1627 Z4.8976 E0.18317 F1958
G1 X140.2504 Y142.7669 Z4.9242 E0.18427 F1947
G1 X139.5812 Y143.3538 Z4.9666 E0.18608 F1929
G1 X138.8969 Y143.9230 Z5.0238 E0.18857 F1906
G1 X138.1979 Y144.4740 Z5.0946 E0.19165 F1877
G1 X137.4847 Y145.0066 Z5.1773 E0.19524 F1845
G1 X136.7578 Y145.5203 Z5.2698 E0.19923 F1810
G1 X136.0177 Y146.0148 Z5.3699 E0.20352 F1773
G1 X135.2650 Y146.4898 Z5.4753 E0.20798 F1736
G1 X134.5000 Y146.9449 Z5.5833 E0.21248 F1700
G1 X133.7234 Y147.3798 Z5.6915 E0.21692 F1665
G1 X132.9357 Y147.7942 Z5.7971 E0.22116 F1633
G1 X132.1374 Y148.1879 Z5.8977 E0.22512 F1603
G1 X131.3290 Y148.5605 Z5.9907 E0.22870 F1576
G1 X130.5112 Y148.9119 Z6.0740 E0.23183 F1554
G1 X129.6845 Y149.2417 Z6.1455 E0.23444 F1534
G1 X128.8494 Y149.5498 Z6.2036 E0.23649 F1519
G1 X128.0066 Y149.8359 Z6.2467 E0.23796 F1509
G1 X127.1565 Y150.0999 Z6.2740 E0.23882 F1502
G1 X126.2998 Y150.3415 Z6.2847 E0.23907 F1500
G1 X125.4371 Y150.5606 Z6.2787 E0.23872 F1502
G1 X124.5690 Y150.7570 Z6.2561 E0.23776 F1509
G1 X123.6960 Y150.9307 Z6.2175 E0.23621 F1519
G1 X122.8188 Y151.0814 Z6.1640 E0.23411 F1534
G1 X121.9379 Y151.2091 Z6.0968 E0.23148 F1554
G1 X121.0540 Y151.3137 Z6.0177 E0.22836 F1576
G1 X120.1676 Y151.3952 Z5.9286 E0.22482 F1603
G1 X119.2794 Y151.4534 Z5.8318 E0.22092 F1633
G1 X118.3900 Y151.4883 Z5.7298 E0.21674 F1665
G1 X117.5000 Y151.5000 Z5.6250 E0.21239 F1700
G1 X116.6100 Y151.4883 Z5.5201 E0.20796 F1736
G1 X115.7206 Y151.4534 Z5.4178 E0.20357 F1773
G1 X114.8324 Y151.3952 Z5.3206 E0.19934 F1810
G1 X113.9460 Y151.3137 Z5.2310 E0.19538 F1845
G1 X113.0621 Y151.2091 Z5.1512 E0.19181 F1877
G1 X112.1812 Y151.0814 Z5.0833 E0.18873 F1906
G1 X111.3040 Y150.9307 Z5.0290 E0.18622 F1929
G1 X110.4310 Y150.7570 Z4.9897 E0.18436 F1947
G1 X109.5629 Y150.5606 Z4.9664 E0.18322 F1958
G1 X108.7002 Y150.3415 Z4.9597 E0.18281 F1962
G1 X107.8435 Y150.0999 Z4.9700 E0.18317 F1958
G1 X106.9934 Y149.8359 Z4.9969 E0.18427 F1947
G1 X106.1506 Y149.5498 Z5.0400 E0.18609 F1929
G1 X105.3155 Y149.2417 Z5.0982 E0.18858 F1906
G1 X104.4888 Y148.9119 Z5.1701 E0.19167 F1877
G1 X103.6710 Y148.5605 Z5.2541 E0.19526 F1845
G1 X102.8626 Y148.1879 Z5.3480 E0.19927 F1810
G1 X102.0643 Y147.7942 Z5.4498 E0.20356 F1773
G1 X101.2766 Y147.3798 Z5.5569 E0.20802 F1736
G1 X100.5000 Y146.9449 Z5.6667 E0.21253 F1700
G1 X99.7350 Y146.4898 Z5.7766 E0.21697 F1665
G1 X98.9823 Y146.0148 Z5.8839 E0.22121 F1633
G1 X98.2422 Y145.5203 Z5.9860 E0.22517 F1603
G1 X97.5153 Y145.0066 Z6.0806 E0.22874 F1576
G1 X96.8021 Y144.4740 Z6.1652 E0.23186 F1554
G1 X96.1031 Y143.9230 Z6.2378 E0.23446 F1534
G1 X95.4188 Y143.3538 Z6.2968 E0.23651 F1519
G1 X94.7496 Y142.7669 Z6.3406 E0.23797 F1509
G1 X94.0959 Y142.1627 Z6.3683 E0.23883 F1502
G1 X93.4584 Y141.5416 Z6.3792 E0.23907 F1500
G1 X92.8373 Y140.9041 Z6.3730 E0.23872 F1502
G1 X92.2331 Y140.2504 Z6.3500 E0.23776 F1509
G1 X91.6462 Y139.5812 Z6.3108 E0.23622 F1519
G1 X91.0770 Y138.8969 Z6.2563 E0.23412 F1534
G1 X90.5260 Y138.1979 Z6.1880 E0.23150 F1554
G1 X89.9934 Y137.4847 Z6.1075 E0.22839 F1576
G1 X89.4797 Y136.7578 Z6.0170 E0.22486 F1603
G1 X88.9852 Y136.0177 Z5.9186 E0.22096 F1633
G1 X88.5102 Y135.2650 Z5.8148 E0.21679 F1665
G1 X88.0551 Y134.5000 Z5.7083 E0.21244 F1700
G1 X87.6202 Y133.7234 Z5.6017 E0.20801 F1736
G1 X87.2058 Y132.9357 Z5.4977 E0.20362 F1773
G1 X86.8121 Y132.1374 Z5.3989 E0.19938 F1810
G1 X86.4395 Y131.3290 Z5.3078 E0.19542 F1845
G1 X86.0881 Y130.5112 Z5.2267 E0.19184 F1877
G1 X85.7583 Y129.6845 Z5.1577 E0.18875 F1906
G1 X85.4502 Y128.8494 Z5.1024 E0.18623 F1929
G1 X85.1641 Y128.0066 Z5.0624 E0.18437 F1947
G1 X84.9001 Y127.1565 Z5.0387 E0.18322 F1958
G1 X84.6585 Y126.2998 Z5.0319 E0.18281 F1962
G1 X84.4394 Y125.4371 Z5.0423 E0.18317 F1958
G1 X84.2430 Y124.5690 Z5.0697 E0.18427 F1947
G1 X84.0693 Y123.6960 Z5.1134 E0.18610 F1929
G1 X83.9186 Y122.8188 Z5.1725 E0.18859 F1906
G1 X83.7909 Y121.9379 Z5.2456 E0.19169 F1877
G1 X83.6863 Y121.0540 Z5.3309 E0.19529 F1845
G1 X83.6048 Y120.1676 Z5.4263 E0.19930 F1810
G1 X83.5466 Y119.2794 Z5.5297 E0.20360 F1773
G1 X83.5117 Y118.3900 Z5.6385 E0.20807 F1736
G1 X83.5000 Y117.5000 Z5.7500 E0.21258 F1700
G1 X83.5117 Y116.6100 Z5.8616 E0.21702 F1665
G1 X83.5466 Y115.7206 Z5.9707 E0.22126 F1633
G1 X83.6048 Y114.8324 Z6.0744 E0.22522 F1603
G1 X83.6863 Y113.9460 Z6.1704 E0.22878 F1576
G1 X83.7909 Y113.0621 Z6.2564 E0.23189 F1554
G1 X83.9186 Y112.1812 Z6.3302 E0.23449 F1534
G1 X84.0693 Y111.3040 Z6.3900 E0.23652 F1519
G1 X84.2430 Y110.4310 Z6.4345 E0.23798 F1509
G1 X84.4394 Y109.5629 Z6.4626 E0.23883 F1502
G1 X84.6585 Y108.7002 Z6.4736 E0.23908 F1500
G1 X84.9001 Y107.8435 Z6.4673 E0.23872 F1502
G1 X85.1641 Y106.9934 Z6.4439 E0.23776 F1509
G1 X85.4502 Y106.1506 Z6.4040 E0.23623 F1519
G1 X85.7583 Y105.3155 Z6.3486 E0.23414 F1534
G1 X86.0881 Y104.4888 Z6.2792 E0.23152 F1554
G1 X86.4395 Y103.6710 Z6.1974 E0.22842 F1576
G1 X86.8121 Y102.8626 Z6.1054 E0.22489 F1603
G1 X87.2058 Y102.0643 Z6.0054 E0.22101 F1633
G1 X87.6202 Y101.2766 Z5.8999 E0.21684 F1665
G1 X88.0551 Y100.5000 Z5.7917 E0.21249 F1700
G1 X88.5102 Y99.7350 Z5.6833 E0.20806 F1736
G1 X88.9852 Y98.9823 Z5.5776 E0.20366 F1773
G1 X89.4797 Y98.2422 Z5.4772 E0.19942 F1810
G1 X89.9934 Y97.5153 Z5.3846 E0.19545 F1845
G1 X90.5260 Y96.8021 Z5.3022 E0.19186 F1877
G1 X91.0770 Y96.1031 Z5.2320 E0.18876 F1906
G1 X91.6462 Y95.4188 Z5.1759 E0.18624 F1929
G1 X92.2331 Y94.7496 Z5.1352 E0.18438 F1947
G1 X92.8373 Y94.0959 Z5.1111 E0.18322 F1958
G1 X93.4584 Y93.4584 Z5.1042 E0.18281 F1962
G1 X94.0959 Y92.8373 Z5.1147 E0.18317 F1958
G1 X94.7496 Y92.2331 Z5.1425 E0.18427 F1947
G1 X95.4188 Y91.6462 Z5.1869 E0.18610 F1929
G1 X96.1031 Y91.0770 Z5.2469 E0.18861 F1906
G1 X96.8021 Y90.5260 Z5.3211 E0.19171 F1877
G1 X97.5153 Y89.9934 Z5.4077 E0.19532 F1845
G1 X98.2422 Y89.4797 Z5.5046 E0.19934 F1810
G1 X98.9823 Y88.9852 Z5.6096 E0.20364 F1773
G1 X99.7350 Y88.5102 Z5.7201 E0.20812 F1736
G1 X100.5000 Y88.0551 Z5.8333 E0.21263 F1700
G1 X101.2766 Y87.6202 Z5.9467 E0.21707 F1665
G1 X102.0643 Y87.2058 Z6.0574 E0.22132 F1633
G1 X102.8626 Y86.8121 Z6.1628 E0.22526 F1603
G1 X103.6710 Y86.4395 Z6.2603 E0.22882 F1576
G1 X104.4888 Y86.0881 Z6.3476 E0.23193 F1554
G1 X105.3155 Y85.7583 Z6.4225 E0.23451 F1534
G1 X106.1506 Y85.4502 Z6.4833 E0.23654 F1519
G1 X106.9934 Y85.1641 Z6.5284 E0.23799 F1509
G1 X107.8435 Y84.9001 Z6.5569 E0.23883 F1502
G1 X108.7002 Y84.6585 Z6.5681 E0.23908 F1500
G1 X109.5629 Y84.4394 Z6.5616 E0.23872 F1502
G1 X110.4310 Y84.2430 Z6.5378 E0.23777 F1509
G1 X111.3040 Y84.0693 Z6.4972 E0.23624 F1519
G1 X112.1812 Y83.9186 Z6.4409 E0.23415 F1534
G1 X113.0621 Y83.7909 Z6.3704 E0.23154 F1554
G1 X113.9460 Y83.6863 Z6.2873 E0.22845 F1576
G1 X114.8324 Y83.6048 Z6.1937 E0.22493 F1603
G1 X115.7206 Y83.5466 Z6.0921 E0.22105 F1633
G1 X116.6100 Y83.5117 Z5.9850 E0.21689 F1665
G1 X117.5000 Y83.5000 Z5.8750 E0.21254 F1700
G1 X118.3900 Y83.5117 Z5.7649 E0.20811 F1736
G1 X119.2794 Y83.5466 Z5.6575 E0.20371 F1773
G1 X120.1676 Y83.6048 Z5.5555 E0.19946 F1810
G1 X121.0540 Y83.6863 Z5.4614 E0.19548 F1845
G1 X121.9379 Y83.7909 Z5.3777 E0.19189 F1877
G1 X122.8188 Y83.9186 Z5.3064 E0.18878 F1906
G1 X123.6960 Y84.0693 Z5.2493 E0.18626 F1929
G1 X124.5690 Y84.2430 Z5.2080 E0.18438 F1947
G1 X125.4371 Y84.4394 Z5.1834 E0.18322 F1958
G1 X126.2998 Y84.6585 Z5.1764 E0.18281 F1962
G1 X127.1565 Y84.9001 Z5.1871 E0.18317 F1958
G1 X128.0066 Y85.1641 Z5.2152 E0.18428 F1947
G1 X128.8494 Y85.4502 Z5.2603 E0.18611 F1929
G1 X129.6845 Y85.7583 Z5.3212 E0.18862 F1906
G1 X130.5112 Y86.0881 Z5.3965 E0.19173 F1877
G1 X131.3290 Y86.4395 Z5.4845 E0.19535 F1845
G1 X132.1374 Y86.8121 Z5.5829 E0.19937 F1810
G1 X132.9357 Y87.2058 Z5.6895 E0.20369 F1773
G1 X133.7234 Y87.6202 Z5.8016 E0.20817 F1736
G1 X134.5000 Y88.0551 Z5.9167 E0.21269 F1700
G1 X135.2650 Y88.5102 Z6.0318 E0.21713 F1665
G1 X136.0177 Y88.9852 Z6.1442 E0.22137 F1633
G1 X136.7578 Y89.4797 Z6.2512 E0.22531 F1603
G1 X137.4847 Y89.9934 Z6.3502 E0.22887 F1576
G1 X138.1979 Y90.5260 Z6.4388 E0.23196 F1554
G1 X138.8969 Y91.0770 Z6.5148 E0.23454 F1534
G1 X139.5812 Y91.6462 Z6.5765 E0.23656 F1519
G1 X140.2504 Y92.2331 Z6.6223 E0.23800 F1509
G1 X140.9041 Y92.8373 Z6.6512 E0.23884 F1502
G1 X141.5416 Y93.4584 Z6.6625 E0.23908 F1500
G1 X142.1627 Y94.0959 Z6.6559 E0.23872 F1502
G1 X142.7669 Y94.7496 Z6.6317 E0.23777 F1509
G1 X143.3538 Y95.4188 Z6.5905 E0.23624 F1519
G1 X143.9230 Y96.1031 Z6.5333 E0.23417 F1534
G1 X144.4740 Y96.8021 Z6.4616 E0.23157 F1554
G1 X145.0066 Y97.5153 Z6.3771 E0.22848 F1576
G1 X145.5203 Y98.2422 Z6.2821 E0.22497 F1603
G1 X146.0148 Y98.9823 Z6.1789 E0.22110 F1633
G1 X146.4898 Y99.7350 Z6.0701 E0.21694 F1665
G1 X146.9449 Y100.5000 Z5.9583 E0.21259 F1700
G1 X147.3798 Y101.2766 Z5.8465 E0.20816 F1736
G1 X147.7942 Y102.0643 Z5.7374 E0.20376 F1773
G1 X148.1879 Y102.8626 Z5.6338 E0.19950 F1810
G1 X148.5605 Y103.6710 Z5.5382 E0.19552 F1845
G1 X148.9119 Y104.4888 Z5.4532 E0.19192 F1877
G1 X149.2417 Y105.3155 Z5.3807 E0.18880 F1906
G1 X149.5498 Y106.1506 Z5.3227 E0.18627 F1929
G1 X149.8359 Y106.9934 Z5.2807 E0.18439 F1947
G1 X150.0999 Y107.8435 Z5.2558 E0.18323 F1958
G1 X150.3415 Y108.7002 Z5.2486 E0.18281 F1962
G1 X150.5606 Y109.5629 Z5.2594 E0.18317 F1958
G1 X150.7570 Y110.4310 Z5.2880 E0.18428 F1947
G1 X150.9307 Y111.3040 Z5.3337 E0.18612 F1929
G1 X151.0814 Y112.1812 Z5.3956 E0.18863 F1906
G1 X151.2091 Y113.0621 Z5.4720 E0.19175 F1877
G1 X151.3137 Y113.9460 Z5.5613 E0.19538 F1845
G1 X151.3952 Y114.8324 Z5.6612 E0.19941 F1810
G1 X151.4534 Y115.7206 Z5.7694 E0.20373 F1773
G1 X151.4883 Y116.6100 Z5.8832 E0.20822 F1736
G1 X151.5000 Y117.5000 Z6.0000 E0.21274 F1700
G1 X151.4883 Y118.3900 Z6.1168 E0.21718 F1665
G1 X151.4534 Y119.2794 Z6.2310 E0.22142 F1633
G1 X151.3952 Y120.1676 Z6.3396 E0.22536 F1603
G1 X151.3137 Y121.0540 Z6.4400 E0.22891 F1576
G1 X151.2091 Y121.9379 Z6.5299 E0.23199 F1554
G1 X151.0814 Y122.8188 Z6.6071 E0.23456 F1534
G1 X150.9307 Y123.6960 Z6.6697 E0.23657 F1519
G1 X150.7570 Y124.5690 Z6.7162 E0.23800 F1509
G1 X150.5606 Y125.4371 Z6.7455 E0.23884 F1502
G1 X150.3415 Y126.2998 Z6.7569 E0.23908 F1500
G1 X150.0999 Y127.1565 Z6.7502 E0.23872 F1502
G1 X149.8359 Y128.0066 Z6.7256 E0.23777 F1509
G1 X149.5498 Y128.8494 Z6.6837 E0.23625 F1519
G1 X149.2417 Y129.6845 Z6.6256 E0.23418 F1534
G1 X148.9119 Y130.5112 Z6.5527 E0.23159 F1554
G1 X148.5605 Y131.3290 Z6.4670 E0.22852 F1576
G1 X148.1879 Y132.1374 Z6.3705 E0.22501 F1603
G1 X147.7942 Y132.9357 Z6.2657 E0.22114 F1633
G1 X147.3798 Y133.7234 Z6.1551 E0.21699 F1665
G1 X146.9449 Y134.5000 Z6.0417 E0.21264 F1700
G1 X146.4898 Y135.2650 Z5.9281 E0.20821 F1736
G1 X146.0148 Y136.0177 Z5.8173 E0.20380 F1773
G1 X145.5203 Y136.7578 Z5.7121 E0.19954 F1810
G1 X145.0066 Y137.4847 Z5.6150 E0.19555 F1845
G1 X144.4740 Y138.1979 Z5.5286 E0.19194 F1877
G1 X143.9230 Y138.8969 Z5.4550 E0.18882 F1906
G1 X143.3538 Y139.5812 Z5.3962 E0.18628 F1929
G1 X142.7669 Y140.2504 Z5.3535 E0.18440 F1947
G1 X142.1627 Y140.9041 Z5.3282 E0.18323 F1958
G1 X141.5416 Y141.5416 Z5.3208 E0.18281 F1962
G1 X140.9041 Y142.1627 Z5.3318 E0.18317 F1958
G1 X140.2504 Y142.7669 Z5.3608 E0.18428 F1947
G1 X139.5812 Y143.3538 Z5.4072 E0.18613 F1929
G1 X138.8969 Y143.9230 Z5.4699 E0.18865 F1906
G1 X138.1979 Y144.4740 Z5.5475 E0.19177 F1877
G1 X137.4847 Y145.0066 Z5.6381 E0.19541 F1845
G1 X136.7578 Y145.5203 Z5.7395 E0.19945 F1810
G1 X136.0177 Y146.0148 Z5.8493 E0.20377 F1773
G1 X135.2650 Y146.4898 Z5.9648 E0.20827 F1736
G1 X134.5000 Y146.9449 Z6.0833 E0.21279 F1700
G1 X133.7234 Y147.3798 Z6.2019 E0.21723 F1665
G1 X132.9357 Y147.7942 Z6.3177 E0.22147 F1633
G1 X132.1374 Y148.1879 Z6.4279 E0.22541 F1603
G1 X131.3290 Y148.5605 Z6.5299 E0.22895 F1576
G1 X130.5112 Y148.9119 Z6.6211 E0.23203 F1554
G1 X129.6845 Y149.2417 Z6.6994 E0.23459 F1534
G1 X128.8494 Y149.5498 Z6.7630 E0.23659 F1519
G1 X128.0066 Y149.8359 Z6.8101 E0.23801 F1509
G1 X127.1565 Y150.0999 Z6.8398 E0.23884 F1502
G1 X126.2998 Y150.3415 Z6.8514 E0.23908 F1500
G1 X125.4371 Y150.5606 Z6.8445 E0.23872 F1502
G1 X124.5690 Y150.7570 Z6.8195 E0.23777 F1509
G1 X123.6960 Y150.9307 Z6.7769 E0.23626 F1519
G1 X122.8188 Y151.0814 Z6.7179 E0.23420 F1534
G1 X121.9379 Y151.2091 Z6.6439 E0.23162 F1554
G1 X121.0540 Y151.3137 Z6.5569 E0.22855 F1576
G1 X120.1676 Y151.3952 Z6.4589 E0.22505 F1603
G1 X119.2794 Y151.4534 Z6.3524 E0.22119 F1633
G1 X118.3900 Y151.4883 Z6.2402 E0.21704 F1665
G1 X117.5000 Y151.5000 Z6.1250 E0.21269 F1700
G1 X116.6100 Y151.4883 Z6.0097 E0.20826 F1736
G1 X115.7206 Y151.4534 Z5.8972 E0.20385 F1773
G1 X114.8324 Y151.3952 Z5.7904 E0.19959 F1810
G1 X113.9460 Y151.3137 Z5.6918 E0.19559 F1845
G1 X113.0621 Y151.2091 Z5.6041 E0.19197 F1877
G1 X112.1812 Y151.0814 Z5.5294 E0.18884 F1906
G1 X111.3040 Y150.9307 Z5.4696 E0.18629 F1929
G1 X110.4310 Y150.7570 Z5.4263 E0.18440 F1947
G1 X109.5629 Y150.5606 Z5.4005 E0.18323 F1958
G1 X108.7002 Y150.3415 Z5.3931 E0.18281 F1962
G1 X107.8435 Y150.0999 Z5.4041 E0.18317 F1958
G1 X106.9934 Y149.8359 Z5.4335 E0.18429 F1947
G1 X106.1506 Y149.5498 Z5.4806 E0.18613 F1929
G1 X105.3155 Y149.2417 Z5.5443 E0.18866 F1906
G1 X104.4888 Y148.9119 Z5.6230 E0.19179 F1877
G1 X103.6710 Y148.5605 Z5.7149 E0.19544 F1845
G1 X102.8626 Y148.1879 Z5.8178 E0.19948 F1810
G1 X102.0643 Y147.7942 Z5.9292 E0.20382 F1773
G1 X101.2766 Y147.3798 Z6.0464 E0.20832 F1736
G1 X100.5000 Y146.9449 Z6.1667 E0.21285 F1700
G1 X99.7350 Y146.4898 Z6.2870 E0.21729 F1665
G1 X98.9823 Y146.0148 Z6.4045 E0.22153 F1633
G1 X98.2422 Y145.5203 Z6.5163 E0.22546 F1603
G1 X97.5153 Y145.0066 Z6.6198 E0.22899 F1576
G1 X96.8021 Y144.4740 Z6.7123 E0.23206 F1554
G1 X96.1031 Y143.9230 Z6.7918 E0.23461 F1534
G1 X95.4188 Y143.3538 Z6.8562 E0.23661 F1519
G1 X94.7496 Y142.7669 Z6.9040 E0.23802 F1509
G1 X94.0959 Y142.1627 Z6.9341 E0.23885 F1502
G1 X93.4584 Y141.5416 Z6.9458 E0.23908 F1500
G1 X92.8373 Y140.9041 Z6.9389 E0.23872 F1502
G1 X92.2331 Y140.2504 Z6.9134 E0.23778 F1509
G1 X91.6462 Y139.5812 Z6.8702 E0.23627 F1519
G1 X91.0770 Y138.8969 Z6.8102 E0.23422 F1534
G1 X90.5260 Y138.1979 Z6.7351 E0.23164 F1554
G1 X89.9934 Y137.4847 Z6.6467 E0.22858 F1576
G1 X89.4797 Y136.7578 Z6.5472 E0.22509 F1603
G1 X88.9852 Y136.0177 Z6.4392 E0.22124 F1633
G1 X88.5102 Y135.2650 Z6.3253 E0.21709 F1665
G1 X88.0551 Y134.5000 Z6.2083 E0.21275 F1700
G1 X87.6202 Y133.7234 Z6.0913 E0.20831 F1736
G1 X87.2058 Y132.9357 Z5.9771 E0.20390 F1773
G1 X86.8121 Y132.1374 Z5.8687 E0.19963 F1810
G1 X86.4395 Y131.3290 Z5.7686 E0.19563 F1845
G1 X86.0881 Y130.5112 Z5.6796 E0.19200 F1877
G1 X85.7583 Y129.6845 Z5.6037 E0.18886 F1906
G1 X85.4502 Y128.8494 Z5.5430 E0.18631 F1929
G1 X85.1641 Y128.0066 Z5.4990 E0.18441 F1947
G1 X84.9001 Y127.1565 Z5.4729 E0.18323 F1958
G1 X84.6585 Y126.2998 Z5.4653 E0.18282 F1962
G1 X84.4394 Y125.4371 Z5.4765 E0.18317 F1958
G1 X84.2430 Y124.5690 Z5.5063 E0.18429 F1947
G1 X84.0693 Y123.6960 Z5.5540 E0.18614 F1929
G1 X83.9186 Y122.8188 Z5.6186 E0.18867 F1906
G1 X83.7909 Y121.9379 Z5.6985 E0.19181 F1877
G1 X83.6863 Y121.0540 Z5.7917 E0.19547 F1845
G1 X83.6048 Y120.1676 Z5.8961 E0.19952 F1810
G1 X83.5466 Y119.2794 Z6.0091 E0.20387 F1773
G1 X83.5117 Y118.3900 Z6.1280 E0.20837 F1736
G1 X83.5000 Y117.5000 Z6.2500 E0.21290 F1700
G1 X83.5117 Y116.6100 Z6.3721 E0.21735 F1665
G1 X83.5466 Y115.7206 Z6.4913 E0.22158 F1633
G1 X83.6048 Y114.8324 Z6.6047 E0.22551 F1603
G1 X83.6863 Y113.9460 Z6.7096 E0.22904 F1576
G1 X83.7909 Y113.0621 Z6.8035 E0.23210 F1554
G1 X83.9186 Y112.1812 Z6.8841 E0.23464 F1534
G1 X84.0693 Y111.3040 Z6.9494 E0.23663 F1519
G1 X84.2430 Y110.4310 Z6.9979 E0.23803 F1509
G1 X84.4394 Y109.5629 Z7.0284 E0.23885 F1502
G1 X84.6585 Y108.7002 Z7.0403 E0.23908 F1500
G1 X84.9001 Y107.8435 Z7.0332 E0.23872 F1502
G1 X85.1641 Y106.9934 Z7.0073 E0.23778 F1509
G1 X85.4502 Y106.1506 Z6.9634 E0.23628 F1519
G1 X85.7583 Y105.3155 Z6.9026 E0.23423 F1534
G1 X86.0881 Y104.4888 Z6.8263 E0.23167 F1554
G1 X86.4395 Y103.6710 Z6.7366 E0.22862 F1576
G1 X86.8121 Y102.8626 Z6.6356 E0.22514 F1603
G1 X87.2058 Y102.0643 Z6.5260 E0.22128 F1633
G1 X87.6202 Y101.2766 Z6.4103 E0.21714 F1665
G1 X88.0551 Y100.5000 Z6.2917 E0.21280 F1700
G1 X88.5102 Y99.7350 Z6.1729 E0.20836 F1736
G1 X88.9852 Y98.9823 Z6.0570 E0.20395 F1773
G1 X89.4797 Y98.2422 Z5.9470 E0.19967 F1810
G1 X89.9934 Y97.5153 Z5.8454 E0.19566 F1845
G1 X90.5260 Y96.8021 Z5.7551 E0.19203 F1877
G1 X91.0770 Y96.1031 Z5.6781 E0.18888 F1906
G1 X91.6462 Y95.4188 Z5.6165 E0.18632 F1929
G1 X92.2331 Y94.7496 Z5.5718 E0.18442 F1947
G1 X92.8373 Y94.0959 Z5.5452 E0.18324 F1958
G1 X93.4584 Y93.4584 Z5.5375 E0.18282 F1962
G1 X94.0959 Y92.8373 Z5.5489 E0.18317 F1958
G1 X94.7496 Y92.2331 Z5.5791 E0.18429 F1947
G1 X95.4188 Y91.6462 Z5.6275 E0.18615 F1929
G1 X96.1031 Y91.0770 Z5.6929 E0.18869 F1906
G1 X96.8021 Y90.5260 Z5.7739 E0.19183 F1877
G1 X97.5153 Y89.9934 Z5.8685 E0.19550 F1845
G1 X98.2422 Y89.4797 Z5.9744 E0.19956 F1810
G1 X98.9823 Y88.9852 Z6.0890 E0.20391 F1773
G1 X99.7350 Y88.5102 Z6.2096 E0.20842 F1736
G1 X100.5000 Y88.0551 Z6.3333 E0.21296 F1700
G1 X101.2766 Y87.6202 Z6.4571 E0.21741 F1665
G1 X102.0643 Y87.2058 Z6.5780 E0.22164 F1633
G1 X102.8626 Y86.8121 Z6.6931 E0.22556 F1603
G1 X103.6710 Y86.4395 Z6.7995 E0.22908 F1576
G1 X104.4888 Y86.0881 Z6.8947 E0.23214 F1554
G1 X105.3155 Y85.7583 Z6.9764 E0.23467 F1534
G1 X106.1506 Y85.4502 Z7.0427 E0.23664 F1519
G1 X106.9934 Y85.1641 Z7.0918 E0.23804 F1509
G1 X107.8435 Y84.9001 Z7.1228 E0.23885 F1502
G1 X108.7002 Y84.6585 Z7.1347 E0.23908 F1500
G1 X109.5629 Y84.4394 Z7.1275 E0.23872 F1502
G1 X110.4310 Y84.2430 Z7.1012 E0.23778 F1509
G1 X111.3040 Y84.0693 Z7.0566 E0.23629 F1519
G1 X112.1812 Y83.9186 Z6.9949 E0.23425 F1534
G1 X113.0621 Y83.7909 Z6.9175 E0.23169 F1554
G1 X113.9460 Y83.6863 Z6.8264 E0.22865 F1576
G1 X114.8324 Y83.6048 Z6.7240 E0.22518 F1603
G1 X115.7206 Y83.5466 Z6.6127 E0.22133 F1633
G1 X116.6100 Y83.5117 Z6.4954 E0.21719 F1665
G1 X117.5000 Y83.5000 Z6.3750 E0.21285 F1700
G1 X118.3900 Y83.5117 Z6.2545 E0.20842 F1736
G1 X119.2794 Y83.5466 Z6.1369 E0.20400 F1773
G1 X120.1676 Y83.6048 Z6.0252 E0.19972 F1810
G1 X121.0540 Y83.6863 Z5.9222 E0.19570 F1845
G1 X121.9379 Y83.7909 Z5.8305 E0.19206 F1877
G1 X122.8188 Y83.9186 Z5.7524 E0.18890 F1906
G1 X123.6960 Y84.0693 Z5.6899 E0.18633 F1929
G1 X124.5690 Y84.2430 Z5.6446 E0.18442 F1947
G1 X125.4371 Y84.4394 Z5.6176 E0.18324 F1958
G1 X126.2998 Y84.6585 Z5.6097 E0.18282 F1962
G1 X127.1565 Y84.9001 Z5.6212 E0.18317 F1958
G1 X128.0066 Y85.1641 Z5.6518 E0.18429 F1947
G1 X128.8494 Y85.4502 Z5.7009 E0.18616 F1929
G1 X129.6845 Y85.7583 Z5.7673 E0.18870 F1906
G1 X130.5112 Y86.0881 Z5.8494 E0.19186 F1877
G1 X131.3290 Y86.4395 Z5.9453 E0.19553 F1845
G1 X132.1374 Y86.8121 Z6.0526 E0.19960 F1810
G1 X132.9357 Y87.2058 Z6.1689 E0.20396 F1773
G1 X133.7234 Y87.6202 Z6.2912 E0.20847 F1736
G1 X134.5000 Y88.0551 Z6.4167 E0.21302 F1700
G1 X135.2650 Y88.5102 Z6.5422 E0.21746 F1665
G1 X136.0177 Y88.9852 Z6.6648 E0.22170 F1633
G1 X136.7578 Y89.4797 Z6.7814 E0.22561 F1603
G1 X137.4847 Y89.9934 Z6.8894 E0.22913 F1576
G1 X138.1979 Y90.5260 Z6.9859 E0.23217 F1554
G1 X138.8969 Y91.0770 Z7.0687 E0.23470 F1534
G1 X139.5812 Y91.6462 Z7.1359 E0.23666 F1519
G1 X140.2504 Y92.2331 Z7.1857 E0.23805 F1509
G1 X140.9041 Y92.8373 Z7.2171 E0.23886 F1502
G1 X141.5416 Y93.4584 Z7.2292 E0.23908 F1500
G1 X142.1627 Y94.0959 Z7.2218 E0.23872 F1502
G1 X142.7669 Y94.7496 Z7.1951 E0.23779 F1509
G1 X143.3538 Y95.4188 Z7.1499 E0.23630 F1519
G1 X143.9230 Y96.1031 Z7.0872 E0.23426 F1534
G1 X144.4740 Y96.8021 Z7.0087 E0.23172 F1554
G1 X145.0066 Y97.5153 Z6.9163 E0.22869 F1576
G1 X145.5203 Y98.2422 Z6.8124 E0.22522 F1603
G1 X146.0148 Y98.9823 Z6.6995 E0.22138 F1633
G1 X146.4898 Y99.7350 Z6.5805 E0.21725 F1665
G1 X146.9449 Y100.5000 Z6.4583 E0.21291 F1700
G1 X147.3798 Y101.2766 Z6.3361 E0.20847 F1736
G1 X147.7942 Y102.0643 Z6.2168 E0.20405 F1773
G1 X148.1879 Y102.8626 Z6.1035 E0.19976 F1810
G1 X148.5605 Y103.6710 Z5.9991 E0.19574 F1845
G1 X148.9119 Y104.4888 Z5.9060 E0.19209 F1877
G1 X149.2417 Y105.3155 Z5.8268 E0.18892 F1906
G1 X149.5498 Y106.1506 Z5.7633 E0.18635 F1929
G1 X149.8359 Y106.9934 Z5.7173 E0.18443 F1947
G1 X150.0999 Y107.8435 Z5.6900 E0.18324 F1958
G1 X150.3415 Y108.7002 Z5.6819 E0.18282 F1962
G1 X150.5606 Y109.5629 Z5.6936 E0.18317 F1958
G1 X150.7570 Y110.4310 Z5.7246 E0.18430 F1947
G1 X150.9307 Y111.3040 Z5.7743 E0.18616 F1929
G1 X151.0814 Y112.1812 Z5.8416 E0.18872 F1906
G1 X151.2091 Y113.0621 Z5.9249 E0.19188 F1877
G1 X151.3137 Y113.9460 Z6.0221 E0.19556 F1845
G1 X151.3952 Y114.8324 Z6.1309 E0.19964 F1810
G1 X151.4534 Y115.7206 Z6.2488 E0.20401 F1773
G1 X151.4883 Y116.6100 Z6.3728 E0.20853 F1736
G1 X151.5000 Y117.5000 Z6.5000 E0.21308 F1700
G1 X151.4883 Y118.3900 Z6.6272 E0.21750 F1665
G1 X151.4534 Y119.2794 Z6.7514 E0.22168 F1633
G1 X151.3952 Y120.1676 Z6.8694 E0.22550 F1604
G1 X151.3137 Y121.0540 Z6.9786 E0.22889 F1578
G1 X151.2091 Y121.9379 Z7.0761 E0.23178 F1556
G1 X151.0814 Y122.8188 Z7.1597 E0.23414 F1538
G1 X150.9307 Y123.6960 Z7.2274 E0.23594 F1524
G1 X150.7570 Y124.5690 Z7.2775 E0.23716 F1514
G1 X150.5606 Y125.4371 Z7.3089 E0.23782 F1509
G1 X150.3415 Y126.2998 Z7.3208 E0.23791 F1507
G1 X150.0999 Y127.1565 Z7.3131 E0.23745 F1510
G1 X149.8359 Y128.0066 Z7.2858 E0.23645 F1517
G1 X149.5498 Y128.8494 Z7.2399 E0.23495 F1528
G1 X149.2417 Y129.6845 Z7.1764 E0.23295 F1543
G1 X148.9119 Y130.5112 Z7.0969 E0.23049 F1562
G1 X148.5605 Y131.3290 Z7.0036 E0.22760 F1584
G1 X148.1879 Y132.1374 Z6.8986 E0.22434 F1609
G1 X147.7942 Y132.9357 Z6.7847 E0.22076 F1638
G1 X147.3798 Y133.7234 Z6.6647 E0.21693 F1668
G1 X146.9449 Y134.5000 Z6.5417 E0.21294 F1700
G1 X146.4898 Y135.2650 Z6.4186 E0.20889 F1733
G1 X146.0148 Y136.0177 Z6.2986 E0.20487 F1766
G1 X145.5203 Y136.7578 Z6.1847 E0.20101 F1798
G1 X145.0066 Y137.4847 Z6.0798 E0.19741 F1829
G1 X144.4740 Y138.1979 Z5.9864 E0.19418 F1857
G1 X143.9230 Y138.8969 Z5.9070 E0.19140 F1881
G1 X143.3538 Y139.5812 Z5.8434 E0.18917 F1900
G1 X142.7669 Y140.2504 Z5.7975 E0.18755 F1914
G1 X142.1627 Y140.9041 Z5.7703 E0.18660 F1923
G1 X141.5416 Y141.5416 Z5.7625 E0.18633 F1925
G1 X140.9041 Y142.1627 Z5.7744 E0.18676 F1920
G1 X140.2504 Y142.7669 Z5.8058 E0.18787 F1910
G1 X139.5812 Y143.3538 Z5.8559 E0.18962 F1894
G1 X138.8969 Y143.9230 Z5.9236 E0.19196 F1873
G1 X138.1979 Y144.4740 Z6.0072 E0.19480 F1849
G1 X137.4847 Y145.0066 Z6.1048 E0.19806 F1821
G1 X136.7578 Y145.5203 Z6.2139 E0.20163 F1792
G1 X136.0177 Y146.0148 Z6.3320 E0.20540 F1761
G1 X135.2650 Y146.4898 Z6.4561 E0.20925 F1730
G1 X134.5000 Y146.9449 Z6.5833 E0.21308 F1700
G1 X133.7234 Y147.3798 Z6.7106 E0.21676 F1671
G1 X132.9357 Y147.7942 Z6.8347 E0.22021 F1644
G1 X132.1374 Y148.1879 Z6.9528 E0.22335 F1620
G1 X131.3290 Y148.5605 Z7.0619 E0.22611 F1598
G1 X130.5112 Y148.9119 Z7.1594 E0.22845 F1579
G1 X129.6845 Y149.2417 Z7.2430 E0.23033 F1564
G1 X128.8494 Y149.5498 Z7.3107 E0.23175 F1552
G1 X128.0066 Y149.8359 Z7.3608 E0.23270 F1543
G1 X127.1565 Y150.0999 Z7.3922 E0.23318 F1539
G1 X126.2998 Y150.3415 Z7.4042 E0.23322 F1538
G1 X125.4371 Y150.5606 Z7.3964 E0.23282 F1540
G1 X124.5690 Y150.7570 Z7.3692 E0.23199 F1546
G1 X123.6960 Y150.9307 Z7.3232 E0.23076 F1556
G1 X122.8188 Y151.0814 Z7.2597 E0.22915 F1569
G1 X121.9379 Y151.2091 Z7.1803 E0.22716 F1585
G1 X121.0540 Y151.3137 Z7.0869 E0.22483 F1604
G1 X120.1676 Y151.3952 Z6.9819 E0.22220 F1625
G1 X119.2794 Y151.4534 Z6.8680 E0.21930 F1648
G1 X118.3900 Y151.4883 Z6.7481 E0.21619 F1674
G1 X117.5000 Y151.5000 Z6.6250 E0.21294 F1700
G1 X116.6100 Y151.4883 Z6.5019 E0.20963 F1727
G1 X115.7206 Y151.4534 Z6.3820 E0.20634 F1754
G1 X114.8324 Y151.3952 Z6.2681 E0.20316 F1779
G1 X113.9460 Y151.3137 Z6.1631 E0.20019 F1804
G1 X113.0621 Y151.2091 Z6.0697 E0.19751 F1825
G1 X112.1812 Y151.0814 Z5.9903 E0.19521 F1844
G1 X111.3040 Y150.9307 Z5.9268 E0.19336 F1859
G1 X110.4310 Y150.7570 Z5.8808 E0.19202 F1870
G1 X109.5629 Y150.5606 Z5.8536 E0.19123 F1876
G1 X108.7002 Y150.3415 Z5.8458 E0.19102 F1877
G1 X107.8435 Y150.0999 Z5.8578 E0.19139 F1874
G1 X106.9934 Y149.8359 Z5.8892 E0.19233 F1866
G1 X106.1506 Y149.5498 Z5.9393 E0.19380 F1853
G1 X105.3155 Y149.2417 Z6.0070 E0.19576 F1837
G1 X104.4888 Y148.9119 Z6.0906 E0.19813 F1818
G1 X103.6710 Y148.5605 Z6.1881 E0.20083 F1796
G1 X102.8626 Y148.1879 Z6.2972 E0.20378 F1773
G1 X102.0643 Y147.7942 Z6.4153 E0.20686 F1749
G1 X101.2766 Y147.3798 Z6.5394 E0.20999 F1724
G1 X100.5000 Y146.9449 Z6.6667 E0.21308 F1700
G1 X99.7350 Y146.4898 Z6.7939 E0.21602 F1677
G1 X98.9823 Y146.0148 Z6.9180 E0.21875 F1655
G1 X98.2422 Y145.5203 Z7.0361 E0.22121 F1635
G1 X97.5153 Y145.0066 Z7.1452 E0.22334 F1618
G1 X96.8021 Y144.4740 Z7.2428 E0.22512 F1602
G1 X96.1031 Y143.9230 Z7.3264 E0.22653 F1590
G1 X95.4188 Y143.3538 Z7.3941 E0.22756 F1580
G1 X94.7496 Y142.7669 Z7.4442 E0.22823 F1574
G1 X94.0959 Y142.1627 Z7.4756 E0.22855 F1570
G1 X93.4584 Y141.5416 Z7.4875 E0.22853 F1569
G1 X92.8373 Y140.9041 Z7.4797 E0.22819 F1572
G1 X92.2331 Y140.2504 Z7.4525 E0.22753 F1577
G1 X91.6462 Y139.5812 Z7.4066 E0.22658 F1585
G1 X91.0770 Y138.8969 Z7.3430 E0.22535 F1595
G1 X90.5260 Y138.1979 Z7.2636 E0.22383 F1608
G1 X89.9934 Y137.4847 Z7.1702 E0.22206 F1624
G1 X89.4797 Y136.7578 Z7.0653 E0.22005 F1641
G1 X88.9852 Y136.0177 Z6.9514 E0.21784 F1660
G1 X88.5102 Y135.2650 Z6.8314 E0.21545 F1679
G1 X88.0551 Y134.5000 Z6.7083 E0.21294 F1700
G1 X87.6202 Y133.7234 Z6.5853 E0.21037 F1721
G1 X87.2058 Y132.9357 Z6.4653 E0.20780 F1741
G1 X86.8121 Y132.1374 Z6.3514 E0.20530 F1761
G1 X86.4395 Y131.3290 Z6.2464 E0.20296 F1779
G1 X86.0881 Y130.5112 Z6.1531 E0.20084 F1795
G1 X85.7583 Y129.6845 Z6.0736 E0.19902 F1809
G1 X85.4502 Y128.8494 Z6.0101 E0.19755 F1820
G1 X85.1641 Y128.0066 Z5.9642 E0.19648 F1827
G1 X84.9001 Y127.1565 Z5.9369 E0.19586 F1832
G1 X84.6585 Y126.2998 Z5.9292 E0.19571 F1832
G1 X84.4394 Y125.4371 Z5.9411 E0.19602 F1829
G1 X84.2430 Y124.5690 Z5.9725 E0.19679 F1823
G1 X84.0693 Y123.6960 Z6.0226 E0.19799 F1814
G1 X83.9186 Y122.8188 Z6.0903 E0.19956 F1802
G1 X83.7909 Y121.9379 Z6.1739 E0.20146 F1788
G1 X83.6863 Y121.0540 Z6.2714 E0.20360 F1772
G1 X83.6048 Y120.1676 Z6.3806 E0.20592 F1754
G1 X83.5466 Y119.2794 Z6.4986 E0.20832 F1736
G1 X83.5117 Y118.3900 Z6.6228 E0.21074 F1718
G1 X83.5000 Y117.5000 Z6.7500 E0.21308 F1700
G1 X83.5117 Y116.6100 Z6.8772 E0.21528 F1683
G1 X83.5466 Y115.7206 Z7.0014 E0.21729 F1666
G1 X83.6048 Y114.8324 Z7.1194 E0.21906 F1651
G1 X83.6863 Y113.9460 Z7.2286 E0.22056 F1638
G1 X83.7909 Y113.0621 Z7.3261 E0.22178 F1627
G1 X83.9186 Y112.1812 Z7.4097 E0.22272 F1617
G1 X84.0693 Y111.3040 Z7.4774 E0.22337 F1610
G1 X84.2430 Y110.4310 Z7.5275 E0.22377 F1605
G1 X84.4394 Y109.5629 Z7.5589 E0.22392 F1602
G1 X84.6585 Y108.7002 Z7.5708 E0.22384 F1602
G1 X84.9001 Y107.8435 Z7.5631 E0.22356 F1604
G1 X85.1641 Y106.9934 Z7.5358 E0.22307 F1608
G1 X85.4502 Y106.1506 Z7.4899 E0.22240 F1614
G1 X85.7583 Y105.3155 Z7.4264 E0.22154 F1623
G1 X86.0881 Y104.4888 Z7.3469 E0.22051 F1633
G1 X86.4395 Y103.6710 Z7.2536 E0.21929 F1644
G1 X86.8121 Y102.8626 Z7.1486 E0.21791 F1657
G1 X87.2058 Y102.0643 Z7.0347 E0.21638 F1671
G1 X87.6202 Y101.2766 Z6.9147 E0.21471 F1685
G1 X88.0551 Y100.5000 Z6.7917 E0.21294 F1700
G1 X88.5102 Y99.7350 Z6.6686 E0.21111 F1715
G1 X88.9852 Y98.9823 Z6.5486 E0.20926 F1729
G1 X89.4797 Y98.2422 Z6.4347 E0.20745 F1743
G1 X89.9934 Y97.5153 Z6.3298 E0.20574 F1755
G1 X90.5260 Y96.8021 Z6.2364 E0.20418 F1766
G1 X91.0770 Y96.1031 Z6.1570 E0.20282 F1775
G1 X91.6462 Y95.4188 Z6.0934 E0.20173 F1782
G1 X92.2331 Y94.7496 Z6.0475 E0.20095 F1787
G1 X92.8373 Y94.0959 Z6.0203 E0.20049 F1789
G1 X93.4584 Y93.4584 Z6.0125 E0.20039 F1789
G1 X94.0959 Y92.8373 Z6.0244 E0.20065 F1787
G1 X94.7496 Y92.2331 Z6.0558 E0.20125 F1783
G1 X95.4188 Y91.6462 Z6.1059 E0.20217 F1777
G1 X96.1031 Y91.0770 Z6.1736 E0.20336 F1768
G1 X96.8021 Y90.5260 Z6.2572 E0.20479 F1759
G1 X97.5153 Y89.9934 Z6.3548 E0.20637 F1748
G1 X98.2422 Y89.4797 Z6.4639 E0.20806 F1736
G1 X98.9823 Y88.9852 Z6.5820 E0.20978 F1724
G1 X99.7350 Y88.5102 Z6.7061 E0.21148 F1712
G1 X100.5000 Y88.0551 Z6.8333 E0.21308 F1700
G1 X101.2766 Y87.6202 Z6.9606 E0.21454 F1688
G1 X102.0643 Y87.2058 Z7.0847 E0.21583 F1678
G1 X102.8626 Y86.8121 Z7.2028 E0.21691 F1668
G1 X103.6710 Y86.4395 Z7.3119 E0.21779 F1659
G1 X104.4888 Y86.0881 Z7.4094 E0.21845 F1651
G1 X105.3155 Y85.7583 Z7.4930 E0.21891 F1645
G1 X106.1506 Y85.4502 Z7.5607 E0.21919 F1641
G1 X106.9934 Y85.1641 Z7.6108 E0.21930 F1638
G1 X107.8435 Y84.9001 Z7.6422 E0.21929 F1636
G1 X108.7002 Y84.6585 Z7.6542 E0.21916 F1636
G1 X109.5629 Y84.4394 Z7.6464 E0.21893 F1638
G1 X110.4310 Y84.2430 Z7.6192 E0.21861 F1641
G1 X111.3040 Y84.0693 Z7.5732 E0.21822 F1645
G1 X112.1812 Y83.9186 Z7.5097 E0.21774 F1651
G1 X113.0621 Y83.7909 Z7.4303 E0.21718 F1658
G1 X113.9460 Y83.6863 Z7.3369 E0.21652 F1665
G1 X114.8324 Y83.6048 Z7.2319 E0.21577 F1673
G1 X115.7206 Y83.5466 Z7.1180 E0.21492 F1682
G1 X116.6100 Y83.5117 Z6.9981 E0.21397 F1691
G1 X117.5000 Y83.5000 Z6.8750 E0.21294 F1700
G1 X118.3900 Y83.5117 Z6.7519 E0.21185 F1709
G1 X119.2794 Y83.5466 Z6.6320 E0.21072 F1717
G1 X120.1676 Y83.6048 Z6.5181 E0.20960 F1725
G1 X121.0540 Y83.6863 Z6.4131 E0.20851 F1732
G1 X121.9379 Y83.7909 Z6.3197 E0.20751 F1738
G1 X122.8188 Y83.9186 Z6.2403 E0.20663 F1742
G1 X123.6960 Y84.0693 Z6.1768 E0.20592 F1746
G1 X124.5690 Y84.2430 Z6.1308 E0.20541 F1748
G1 X125.4371 Y84.4394 Z6.1036 E0.20513 F1749
G1 X126.2998 Y84.6585 Z6.0958 E0.20508 F1749
G1 X127.1565 Y84.9001 Z6.1078 E0.20528 F1747
G1 X128.0066 Y85.1641 Z6.1392 E0.20571 F1744
G1 X128.8494 Y85.4502 Z6.1893 E0.20635 F1740
G1 X129.6845 Y85.7583 Z6.2570 E0.20717 F1736
G1 X130.5112 Y86.0881 Z6.3406 E0.20812 F1731
G1 X131.3290 Y86.4395 Z6.4381 E0.20915 F1725
G1 X132.1374 Y86.8121 Z6.5472 E0.21021 F1719
G1 X132.9357 Y87.2058 Z6.6653 E0.21125 F1712
G1 X133.7234 Y87.6202 Z6.7894 E0.21222 F1706
G1 X134.5000 Y88.0551 Z6.9167 E0.21308 F1700
G1 X135.2650 Y88.5102 Z7.0439 E0.21380 F1694
G1 X136.0177 Y88.9852 Z7.1680 E0.21436 F1689
G1 X136.7578 Y89.4797 Z7.2861 E0.21477 F1684
G1 X137.4847 Y89.9934 Z7.3952 E0.21501 F1680
G1 X138.1979 Y90.5260 Z7.4928 E0.21511 F1677
G1 X138.8969 Y91.0770 Z7.5764 E0.21510 F1674
G1 X139.5812 Y91.6462 Z7.6441 E0.21500 F1673
G1 X140.2504 Y92.2331 Z7.6942 E0.21484 F1672
G1 X140.9041 Y92.8373 Z7.7256 E0.21465 F1672
G1 X141.5416 Y93.4584 Z7.7375 E0.21447 F1672
G1 X142.1627 Y94.0959 Z7.7297 E0.21430 F1673
G1 X142.7669 Y94.7496 Z7.7025 E0.21415 F1675
G1 X143.3538 Y95.4188 Z7.6566 E0.21404 F1678
G1 X143.9230 Y96.1031 Z7.5930 E0.21394 F1680
G1 X144.4740 Y96.8021 Z7.5136 E0.21385 F1683
G1 X145.0066 Y97.5153 Z7.4202 E0.21375 F1687
G1 X145.5203 Y98.2422 Z7.3153 E0.21363 F1690
G1 X146.0148 Y98.9823 Z7.2014 E0.21346 F1694
G1 X146.4898 Y99.7350 Z7.0814 E0.21323 F1697
G1 X146.9449 Y100.5000 Z6.9583 E0.21294 F1700
G1 X147.3798 Y101.2766 Z6.8353 E0.21259 F1703
G1 X147.7942 Y102.0643 Z6.7153 E0.21218 F1705
G1 X148.1879 Y102.8626 Z6.6014 E0.21174 F1707
G1 X148.5605 Y103.6710 Z6.4964 E0.21128 F1709
G1 X148.9119 Y104.4888 Z6.4031 E0.21084 F1710
G1 X149.2417 Y105.3155 Z6.3236 E0.21044 F1711
G1 X149.5498 Y106.1506 Z6.2601 E0.21011 F1711
G1 X149.8359 Y106.9934 Z6.2142 E0.20987 F1711
G1 X150.0999 Y107.8435 Z6.1869 E0.20976 F1710
G1 X150.3415 Y108.7002 Z6.1792 E0.20977 F1709
G1 X150.5606 Y109.5629 Z6.1911 E0.20991 F1708
G1 X150.7570 Y110.4310 Z6.2225 E0.21017 F1707
G1 X150.9307 Y111.3040 Z6.2726 E0.21053 F1706
G1 X151.0814 Y112.1812 Z6.3403 E0.21097 F1705
G1 X151.2091 Y113.0621 Z6.4239 E0.21145 F1703
G1 X151.3137 Y113.9460 Z6.5214 E0.21192 F1702
G1 X151.3952 Y114.8324 Z6.6306 E0.21235 F1701
G1 X151.4534 Y115.7206 Z6.7486 E0.21271 F1701
G1 X151.4883 Y116.6100 Z6.8728 E0.21296 F1700
G1 X151.5000 Y117.5000 Z7.0000 E0.21308 F1700
G1 X151.4883 Y118.3900 Z7.1272 E0.21308 F1700
G1 X151.4534 Y119.2794 Z7.2514 E0.21297 F1700
G1 X151.3952 Y120.1676 Z7.3694 E0.21278 F1700
G1 X151.3137 Y121.0540 Z7.4786 E0.21251 F1700
G1 X151.2091 Y121.9379 Z7.5761 E0.21220 F1700
G1 X151.0814 Y122.8188 Z7.6597 E0.21186 F1700
G1 X150.9307 Y123.6960 Z7.7274 E0.21154 F1700
G1 X150.7570 Y124.5690 Z7.7775 E0.21127 F1700
G1 X150.5606 Y125.4371 Z7.8089 E0.21106 F1700
G1 X150.3415 Y126.2998 Z7.8208 E0.21095 F1700
G1 X150.0999 Y127.1565 Z7.8131 E0.21094 F1700
G1 X149.8359 Y128.0066 Z7.7858 E0.21103 F1700
G1 X149.5498 Y128.8494 Z7.7399 E0.21121 F1700
G1 X149.2417 Y129.6845 Z7.6764 E0.21147 F1700
G1 X148.9119 Y130.5112 Z7.5969 E0.21177 F1700
G1 X148.5605 Y131.3290 Z7.5036 E0.21209 F1700
G1 X148.1879 Y132.1374 Z7.3986 E0.21239 F1700
G1 X147.7942 Y132.9357 Z7.2847 E0.21265 F1700
G1 X147.3798 Y133.7234 Z7.1647 E0.21284 F1700
G1 X146.9449 Y134.5000 Z7.0417 E0.21294 F1700
G1 X146.4898 Y135.2650 Z6.9186 E0.21294 F1700
G1 X146.0148 Y136.0177 Z6.7986 E0.21284 F1700
G1 X145.5203 Y136.7578 Z6.6847 E0.21265 F1700
G1 X145.0066 Y137.4847 Z6.5798 E0.21239 F1700
G1 X144.4740 Y138.1979 Z6.4864 E0.21209 F1700
G1 X143.9230 Y138.8969 Z6.4070 E0.21177 F1700
G1 X143.3538 Y139.5812 Z6.3434 E0.21147 F1700
G1 X142.7669 Y140.2504 Z6.2975 E0.21121 F1700
G1 X142.1627 Y140.9041 Z6.2703 E0.21103 F1700
G1 X141.5416 Y141.5416 Z6.2625 E0.21094 F1700
G1 X140.9041 Y142.1627 Z6.2744 E0.21095 F1700
G1 X140.2504 Y142.7669 Z6.3058 E0.21106 F1700
G1 X139.5812 Y143.3538 Z6.3559 E0.21127 F1700
G1 X138.8969 Y143.9230 Z6.4236 E0.21154 F1700
G1 X138.1979 Y144.4740 Z6.5072 E0.21186 F1700
G1 X137.4847 Y145.0066 Z6.6048 E0.21220 F1700
G1 X136.7578 Y145.5203 Z6.7139 E0.21251 F1700
G1 X136.0177 Y146.0148 Z6.8320 E0.21278 F1700
G1 X135.2650 Y146.4898 Z6.9561 E0.21297 F1700
G1 X134.5000 Y146.9449 Z7.0833 E0.21308 F1700
G1 X133.7234 Y147.3798 Z7.2106 E0.21308 F1700
G1 X132.9357 Y147.7942 Z7.3347 E0.21297 F1700
G1 X132.1374 Y148.1879 Z7.4528 E0.21278 F1700
G1 X131.3290 Y148.5605 Z7.5619 E0.21251 F1700
G1 X130.5112 Y148.9119 Z7.6594 E0.21220 F1700
G1 X129.6845 Y149.2417 Z7.7430 E0.21186 F1700
G1 X128.8494 Y149.5498 Z7.8107 E0.21154 F1700
G1 X128.0066 Y149.8359 Z7.8608 E0.21127 F1700
G1 X127.1565 Y150.0999 Z7.8922 E0.21106 F1700
G1 X126.2998 Y150.3415 Z7.9042 E0.21095 F1700
G1 X125.4371 Y150.5606 Z7.8964 E0.21094 F1700
G1 X124.5690 Y150.7570 Z7.8692 E0.21103 F1700
G1 X123.6960 Y150.9307 Z7.8232 E0.21121 F1700
G1 X122.8188 Y151.0814 Z7.7597 E0.21147 F1700
G1 X121.9379 Y151.2091 Z7.6803 E0.21177 F1700
G1 X121.0540 Y151.3137 Z7.5869 E0.21209 F1700
G1 X120.1676 Y151.3952 Z7.4819 E0.21239 F1700
G1 X119.2794 Y151.4534 Z7.3680 E0.21265 F1700
G1 X118.3900 Y151.4883 Z7.2481 E0.21284 F1700
G1 X117.5000 Y151.5000 Z7.1250 E0.21294 F1700
G1 X116.6100 Y151.4883 Z7.0019 E0.21294 F1700
G1 X115.7206 Y151.4534 Z6.8820 E0.21284 F1700
G1 X114.8324 Y151.3952 Z6.7681 E0.21265 F1700
G1 X113.9460 Y151.3137 Z6.6631 E0.21239 F1700
G1 X113.0621 Y151.2091 Z6.5697 E0.21209 F1700
G1 X112.1812 Y151.0814 Z6.4903 E0.21177 F1700
G1 X111.3040 Y150.9307 Z6.4268 E0.21147 F1700
G1 X110.4310 Y150.7570 Z6.3808 E0.21121 F1700
G1 X109.5629 Y150.5606 Z6.3536 E0.21103 F1700
G1 X108.7002 Y150.3415 Z6.3458 E0.21094 F1700
G1 X107.8435 Y150.0999 Z6.3578 E0.21095 F1700
G1 X106.9934 Y149.8359 Z6.3892 E0.21106 F1700
G1 X106.1506 Y149.5498 Z6.4393 E0.21127 F1700
G1 X105.3155 Y149.2417 Z6.5070 E0.21154 F1700
G1 X104.4888 Y148.9119 Z6.5906 E0.21186 F1700
G1 X103.6710 Y148.5605 Z6.6881 E0.21220 F1700
G1 X102.8626 Y148.1879 Z6.7972 E0.21251 F1700
G1 X102.0643 Y147.7942 Z6.9153 E0.21278 F1700
G1 X101.2766 Y147.3798 Z7.0394 E0.21297 F1700
G1 X100.5000 Y146.9449 Z7.1667 E0.21308 F1700
G1 X99.7350 Y146.4898 Z7.2939 E0.21308 F1700
G1 X98.9823 Y146.0148 Z7.4180 E0.21297 F1700
G1 X98.2422 Y145.5203 Z7.5361 E0.21278 F1700
G1 X97.5153 Y145.0066 Z7.6452 E0.21251 F1700
G1 X96.8021 Y144.4740 Z7.7428 E0.21220 F1700
G1 X96.1031 Y143.9230 Z7.8264 E0.21186 F1700
G1 X95.4188 Y143.3538 Z7.8941 E0.21154 F1700
G1 X94.7496 Y142.7669 Z7.9442 E0.21127 F1700
G1 X94.0959 Y142.1627 Z7.9756 E0.21106 F1700
G1 X93.4584 Y141.5416 Z7.9875 E0.21095 F1700
G1 X92.8373 Y140.9041 Z7.9797 E0.21094 F1700
G1 X92.2331 Y140.2504 Z7.9525 E0.21103 F1700
G1 X91.6462 Y139.5812 Z7.9066 E0.21121 F1700
G1 X91.0770 Y138.8969 Z7.8430 E0.21147 F1700
G1 X90.5260 Y138.1979 Z7.7636 E0.21177 F1700
G1 X89.9934 Y137.4847 Z7.6702 E0.21209 F1700
G1 X89.4797 Y136.7578 Z7.5653 E0.21239 F1700
G1 X88.9852 Y136.0177 Z7.4514 E0.21265 F1700
G1 X88.5102 Y135.2650 Z7.3314 E0.21284 F1700
G1 X88.0551 Y134.5000 Z7.2083 E0.21294 F1700
G1 X87.6202 Y133.7234 Z7.0853 E0.21294 F1700
G1 X87.2058 Y132.9357 Z6.9653 E0.21284 F1700
G1 X86.8121 Y132.1374 Z6.8514 E0.21265 F1700
G1 X86.4395 Y131.3290 Z6.7464 E0.21239 F1700
G1 X86.0881 Y130.5112 Z6.6531 E0.21209 F1700
G1 X85.7583 Y129.6845 Z6.5736 E0.21177 F1700
G1 X85.4502 Y128.8494 Z6.5101 E0.21147 F1700
G1 X85.1641 Y128.0066 Z6.4642 E0.21121 F1700
G1 X84.9001 Y127.1565 Z6.4369 E0.21103 F1700
G1 X84.6585 Y126.2998 Z6.4292 E0.21094 F1700
G1 X84.4394 Y125.4371 Z6.4411 E0.21095 F1700
G1 X84.2430 Y124.5690 Z6.4725 E0.21106 F1700
G1 X84.0693 Y123.6960 Z6.5226 E0.21127 F1700
G1 X83.9186 Y122.8188 Z6.5903 E0.21154 F1700
G1 X83.7909 Y121.9379 Z6.6739 E0.21186 F1700
G1 X83.6863 Y121.0540 Z6.7714 E0.21220 F1700
G1 X83.6048 Y120.1676 Z6.8806 E0.21251 F1700
G1 X83.5466 Y119.2794 Z6.9986 E0.21278 F1700
G1 X83.5117 Y118.3900 Z7.1228 E0.21297 F1700
G1 X83.5000 Y117.5000 Z7.2500 E0.21308 F1700
G1 X83.5117 Y116.6100 Z7.3772 E0.21308 F1700
G1 X83.5466 Y115.7206 Z7.5014 E0.21297 F1700
G1 X83.6048 Y114.8324 Z7.6194 E0.21278 F1700
G1 X83.6863 Y113.9460 Z7.7286 E0.21251 F1700
G1 X83.7909 Y113.0621 Z7.8261 E0.21220 F1700
G1 X83.9186 Y112.1812 Z7.9097 E0.21186 F1700
G1 X84.0693 Y111.3040 Z7.9774 E0.21154 F1700
G1 X84.2430 Y110.4310 Z8.0275 E0.21127 F1700
G1 X84.4394 Y109.5629 Z8.0589 E0.21106 F1700
G1 X84.6585 Y108.7002 Z8.0708 E0.21095 F1700
G1 X84.9001 Y107.8435 Z8.0631 E0.21094 F1700
G1 X85.1641 Y106.9934 Z8.0358 E0.21103 F1700
G1 X85.4502 Y106.1506 Z7.9899 E0.21121 F1700
G1 X85.7583 Y105.3155 Z7.9264 E0.21147 F1700
G1 X86.0881 Y104.4888 Z7.8469 E0.21177 F1700
G1 X86.4395 Y103.6710 Z7.7536 E0.21209 F1700
G1 X86.8121 Y102.8626 Z7.6486 E0.21239 F1700
G1 X87.2058 Y102.0643 Z7.5347 E0.21265 F1700
G1 X87.6202 Y101.2766 Z7.4147 E0.21284 F1700
G1 X88.0551 Y100.5000 Z7.2917 E0.21294 F1700
G1 X88.5102 Y99.7350 Z7.1686 E0.21294 F1700
G1 X88.9852 Y98.9823 Z7.0486 E0.21284 F1700
G1 X89.4797 Y98.2422 Z6.9347 E0.21265 F1700
G1 X89.9934 Y97.5153 Z6.8298 E0.21239 F1700
G1 X90.5260 Y96.8021 Z6.7364 E0.21209 F1700
G1 X91.0770 Y96.1031 Z6.6570 E0.21177 F1700
G1 X91.6462 Y95.4188 Z6.5934 E0.21147 F1700
G1 X92.2331 Y94.7496 Z6.5475 E0.21121 F1700
G1 X92.8373 Y94.0959 Z6.5203 E0.21103 F1700
G1 X93.4584 Y93.4584 Z6.5125 E0.21094 F1700
G1 X94.0959 Y92.8373 Z6.5244 E0.21095 F1700
G1 X94.7496 Y92.2331 Z6.5558 E0.21106 F1700
G1 X95.4188 Y91.6462 Z6.6059 E0.21127 F1700
G1 X96.1031 Y91.0770 Z6.6736 E0.21154 F1700
G1 X96.8021 Y90.5260 Z6.7572 E0.21186 F1700
G1 X97.5153 Y89.9934 Z6.8548 E0.21220 F1700
G1 X98.2422 Y89.4797 Z6.9639 E0.21251 F1700
G1 X98.9823 Y88.9852 Z7.0820 E0.21278 F1700
G1 X99.7350 Y88.5102 Z7.2061 E0.21297 F1700
G1 X100.5000 Y88.0551 Z7.3333 E0.21308 F1700
G1 X101.2766 Y87.6202 Z7.4606 E0.21308 F1700
G1 X102.0643 Y87.2058 Z7.5847 E0.21297 F1700
G1 X102.8626 Y86.8121 Z7.7028 E0.21278 F1700
G1 X103.6710 Y86.4395 Z7.8119 E0.21251 F1700
G1 X104.4888 Y86.0881 Z7.9094 E0.21220 F1700
G1 X105.3155 Y85.7583 Z7.9930 E0.21186 F1700
G1 X106.1506 Y85.4502 Z8.0607 E0.21154 F1700
G1 X106.9934 Y85.1641 Z8.1108 E0.21127 F1700
G1 X107.8435 Y84.9001 Z8.1422 E0.21106 F1700
G1 X108.7002 Y84.6585 Z8.1542 E0.21095 F1700
G1 X109.5629 Y84.4394 Z8.1464 E0.21094 F1700
G1 X110.4310 Y84.2430 Z8.1192 E0.21103 F1700
G1 X111.3040 Y84.0693 Z8.0732 E0.21121 F1700
G1 X112.1812 Y83.9186 Z8.0097 E0.21147 F1700
G1 X113.0621 Y83.7909 Z7.9303 E0.21177 F1700
G1 X113.9460 Y83.6863 Z7.8369 E0.21209 F1700
G1 X114.8324 Y83.6048 Z7.7319 E0.21239 F1700
G1 X115.7206 Y83.5466 Z7.6180 E0.21265 F1700
G1 X116.6100 Y83.5117 Z7.4981 E0.21284 F1700
G1 X117.5000 Y83.5000 Z7.3750 E0.21294 F1700
G1 X118.3900 Y83.5117 Z7.2519 E0.21294 F1700
G1 X119.2794 Y83.5466 Z7.1320 E0.21284 F1700
G1 X120.1676 Y83.6048 Z7.0181 E0.21265 F1700
G1 X121.0540 Y83.6863 Z6.9131 E0.21239 F1700
G1 X121.9379 Y83.7909 Z6.8197 E0.21209 F1700
G1 X122.8188 Y83.9186 Z6.7403 E0.21177 F1700
G1 X123.6960 Y84.0693 Z6.6768 E0.21147 F1700
G1 X124.5690 Y84.2430 Z6.6308 E0.21121 F1700
G1 X125.4371 Y84.4394 Z6.6036 E0.21103 F1700
G1 X126.2998 Y84.6585 Z6.5958 E0.21094 F1700
G1 X127.1565 Y84.9001 Z6.6078 E0.21095 F1700
G1 X128.0066 Y85.1641 Z6.6392 E0.21106 F1700
G1 X128.8494 Y85.4502 Z6.6893 E0.21127 F1700
G1 X129.6845 Y85.7583 Z6.7570 E0.21154 F1700
G1 X130.5112 Y86.0881 Z6.8406 E0.21186 F1700
G1 X131.3290 Y86.4395 Z6.9381 E0.21220 F1700
G1 X132.1374 Y86.8121 Z7.0472 E0.21251 F1700
G1 X132.9357 Y87.2058 Z7.1653 E0.21278 F1700
G1 X133.7234 Y87.6202 Z7.2894 E0.21297 F1700
G1 X134.5000 Y88.0551 Z7.4167 E0.21308 F1700
G1 X135.2650 Y88.5102 Z7.5439 E0.21308 F1700
G1 X136.0177 Y88.9852 Z7.6680 E0.21297 F1700
G1 X136.7578 Y89.4797 Z7.7861 E0.21278 F1700
G1 X137.4847 Y89.9934 Z7.8952 E0.21251 F1700
G1 X138.1979 Y90.5260 Z7.9928 E0.21220 F1700
G1 X138.8969 Y91.0770 Z8.0764 E0.21186 F1700
G1 X139.5812 Y91.6462 Z8.1441 E0.21154 F1700
G1 X140.2504 Y92.2331 Z8.1942 E0.21127 F1700
G1 X140.9041 Y92.8373 Z8.2256 E0.21106 F1700
G1 X141.5416 Y93.4584 Z8.2375 E0.21095 F1700
G1 X142.1627 Y94.0959 Z8.2297 E0.21094 F1700
G1 X142.7669 Y94.7496 Z8.2025 E0.21103 F1700
G1 X143.3538 Y95.4188 Z8.1566 E0.21121 F1700
G1 X143.9230 Y96.1031 Z8.0930 E0.21147 F1700
G1 X144.4740 Y96.8021 Z8.0136 E0.21177 F1700
G1 X145.0066 Y97.5153 Z7.9202 E0.21209 F1700
G1 X145.5203 Y98.2422 Z7.8153 E0.21239 F1700
G1 X146.0148 Y98.9823 Z7.7014 E0.21265 F1700
G1 X146.4898 Y99.7350 Z7.5814 E0.21284 F1700
G1 X146.9449 Y100.5000 Z7.4583 E0.21294 F1700
G1 X147.3798 Y101.2766 Z7.3353 E0.21294 F1700
G1 X147.7942 Y102.0643 Z7.2153 E0.21284 F1700
G1 X148.1879 Y102.8626 Z7.1014 E0.21265 F1700
G1 X148.5605 Y103.6710 Z6.9964 E0.21239 F1700
G1 X148.9119 Y104.4888 Z6.9031 E0.21209 F1700
G1 X149.2417 Y105.3155 Z6.8236 E0.21177 F1700
G1 X149.5498 Y106.1506 Z6.7601 E0.21147 F1700
G1 X149.8359 Y106.9934 Z6.7142 E0.21121 F1700
G1 X150.0999 Y107.8435 Z6.6869 E0.21103 F1700
G1 X150.3415 Y108.7002 Z6.6792 E0.21094 F1700
G1 X150.5606 Y109.5629 Z6.6911 E0.21095 F1700
G1 X150.7570 Y110.4310 Z6.7225 E0.21106 F1700
G1 X150.9307 Y111.3040 Z6.7726 E0.21127 F1700
G1 X151.0814 Y112.1812 Z6.8403 E0.21154 F1700
G1 X151.2091 Y113.0621 Z6.9239 E0.21186 F1700
G1 X151.3137 Y113.9460 Z7.0214 E0.21220 F1700
G1 X151.3952 Y114.8324 Z7.1306 E0.21251 F1700
G1 X151.4534 Y115.7206 Z7.2486 E0.21278 F1700
G1 X151.4883 Y116.6100 Z7.3728 E0.21297 F1700
G1 X151.5000 Y117.5000 Z7.5000 E0.21308 F1700
G1 X151.4883 Y118.3900 Z7.6272 E0.21308 F1700
G1 X151.4534 Y119.2794 Z7.7514 E0.21297 F1700
G1 X151.3952 Y120.1676 Z7.8694 E0.21278 F1700
G1 X151.3137 Y121.0540 Z7.9786 E0.21251 F1700
G1 X151.2091 Y121.9379 Z8.0761 E0.21220 F1700
G1 X151.0814 Y122.8188 Z8.1597 E0.21186 F1700
G1 X150.9307 Y123.6960 Z8.2274 E0.21154 F1700
G1 X150.7570 Y124.5690 Z8.2775 E0.21127 F1700
G1 X150.5606 Y125.4371 Z8.3089 E0.21106 F1700
G1 X150.3415 Y126.2998 Z8.3208 E0.21095 F1700
G1 X150.0999 Y127.1565 Z8.3131 E0.21094 F1700
G1 X149.8359 Y128.0066 Z8.2858 E0.21103 F1700
G1 X149.5498 Y128.8494 Z8.2399 E0.21121 F1700
G1 X149.2417 Y129.6845 Z8.1764 E0.21147 F1700
G1 X148.9119 Y130.5112 Z8.0969 E0.21177 F1700
G1 X148.5605 Y131.3290 Z8.0036 E0.21209 F1700
G1 X148.1879 Y132.1374 Z7.8986 E0.21239 F1700
G1 X147.7942 Y132.9357 Z7.7847 E0.21265 F1700
G1 X147.3798 Y133.7234 Z7.6647 E0.21284 F1700
G1 X146.9449 Y134.5000 Z7.5417 E0.21294 F1700
G1 X146.4898 Y135.2650 Z7.4186 E0.21294 F1700
G1 X146.0148 Y136.0177 Z7.2986 E0.21284 F1700
G1 X145.5203 Y136.7578 Z7.1847 E0.21265 F1700
G1 X145.0066 Y137.4847 Z7.0798 E0.21239 F1700
G1 X144.4740 Y138.1979 Z6.9864 E0.21209 F1700
G1 X143.9230 Y138.8969 Z6.9070 E0.21177 F1700
G1 X143.3538 Y139.5812 Z6.8434 E0.21147 F1700
G1 X142.7669 Y140.2504 Z6.7975 E0.21121 F1700
G1 X142.1627 Y140.9041 Z6.7703 E0.21103 F1700
G1 X141.5416 Y141.5416 Z6.7625 E0.21094 F1700
G1 X140.9041 Y142.1627 Z6.7744 E0.21095 F1700
G1 X140.2504 Y142.7669 Z6.8058 E0.21106 F1700
G1 X139.5812 Y143.3538 Z6.8559 E0.21127 F1700
G1 X138.8969 Y143.9230 Z6.9236 E0.21154 F1700
G1 X138.1979 Y144.4740 Z7.0072 E0.21186 F1700
G1 X137.4847 Y145.0066 Z7.1048 E0.21220 F1700
G1 X136.7578 Y145.5203 Z7.2139 E0.21251 F1700
G1 X136.0177 Y146.0148 Z7.3320 E0.21278 F1700
G1 X135.2650 Y146.4898 Z7.4561 E0.21297 F1700
G1 X134.5000 Y146.9449 Z7.5833 E0.21308 F1700
G1 X133.7234 Y147.3798 Z7.7106 E0.21308 F1700
G1 X132.9357 Y147.7942 Z7.8347 E0.21297 F1700
G1 X132.1374 Y148.1879 Z7.9528 E0.21278 F1700
G1 X131.3290 Y148.5605 Z8.0619 E0.21251 F1700
G1 X130.5112 Y148.9119 Z8.1594 E0.21220 F1700
G1 X129.6845 Y149.2417 Z8.2430 E0.21186 F1700
G1 X128.8494 Y149.5498 Z8.3107 E0.21154 F1700
G1 X128.0066 Y149.8359 Z8.3608 E0.21127 F1700
G1 X127.1565 Y150.0999 Z8.3922 E0.21106 F1700
G1 X126.2998 Y150.3415 Z8.4042 E0.21095 F1700
G1 X125.4371 Y150.5606 Z8.3964 E0.21094 F1700
G1 X124.5690 Y150.7570 Z8.3692 E0.21103 F1700
G1 X123.6960 Y150.9307 Z8.3232 E0.21121 F1700
G1 X122.8188 Y151.0814 Z8.2597 E0.21147 F1700
G1 X121.9379 Y151.2091 Z8.1803 E0.21177 F1700
G1 X121.0540 Y151.3137 Z8.0869 E0.21209 F1700
G1 X120.1676 Y151.3952 Z7.9819 E0.21239 F1700
G1 X119.2794 Y151.4534 Z7.8680 E0.21265 F1700
G1 X118.3900 Y151.4883 Z7.7481 E0.21284 F1700
G1 X117.5000 Y151.5000 Z7.6250 E0.21294 F1700
G1 X116.6100 Y151.4883 Z7.5019 E0.21294 F1700
G1 X115.7206 Y151.4534 Z7.3820 E0.21284 F1700
G1 X114.8324 Y151.3952 Z7.2681 E0.21265 F1700
G1 X113.9460 Y151.3137 Z7.1631 E0.21239 F1700
G1 X113.0621 Y151.2091 Z7.0697 E0.21209 F1700
G1 X112.1812 Y151.0814 Z6.9903 E0.21177 F1700
G1 X111.3040 Y150.9307 Z6.9268 E0.21147 F1700
G1 X110.4310 Y150.7570 Z6.8808 E0.21121 F1700
G1 X109.5629 Y150.5606 Z6.8536 E0.21103 F1700
G1 X108.7002 Y150.3415 Z6.8458 E0.21094 F1700
G1 X107.8435 Y150.0999 Z6.8578 E0.21095 F1700
G1 X106.9934 Y149.8359 Z6.8892 E0.21106 F1700
G1 X106.1506 Y149.5498 Z6.9393 E0.21127 F1700
G1 X105.3155 Y149.2417 Z7.0070 E0.21154 F1700
G1 X104.4888 Y148.9119 Z7.0906 E0.21186 F1700
G1 X103.6710 Y148.5605 Z7.1881 E0.21220 F1700
G1 X102.8626 Y148.1879 Z7.2972 E0.21251 F1700
G1 X102.0643 Y147.7942 Z7.4153 E0.21278 F1700
G1 X101.2766 Y147.3798 Z7.5394 E0.21297 F1700
G1 X100.5000 Y146.9449 Z7.6667 E0.21308 F1700
G1 X99.7350 Y146.4898 Z7.7939 E0.21308 F1700
G1 X98.9823 Y146.0148 Z7.9180 E0.21297 F1700
G1 X98.2422 Y145.5203 Z8.0361 E0.21278 F1700
G1 X97.5153 Y145.0066 Z8.1452 E0.21251 F1700
G1 X96.8021 Y144.4740 Z8.2428 E0.21220 F1700
G1 X96.1031 Y143.9230 Z8.3264 E0.21186 F1700
G1 X95.4188 Y143.3538 Z8.3941 E0.21154 F1700
G1 X94.7496 Y142.7669 Z8.4442 E0.21127 F1700
G1 X94.0959 Y142.1627 Z8.4756 E0.21106 F1700
G1 X93.4584 Y141.5416 Z8.4875 E0.21095 F1700
G1 X92.8373 Y140.9041 Z8.4797 E0.21094 F1700
G1 X92.2331 Y140.2504 Z8.4525 E0.21103 F1700
G1 X91.6462 Y139.5812 Z8.4066 E0.21121 F1700
G1 X91.0770 Y138.8969 Z8.3430 E0.21147 F1700
G1 X90.5260 Y138.1979 Z8.2636 E0.21177 F1700
G1 X89.9934 Y137.4847 Z8.1702 E0.21209 F1700
G1 X89.4797 Y136.7578 Z8.0653 E0.21239 F1700
G1 X88.9852 Y136.0177 Z7.9514 E0.21265 F1700
G1 X88.5102 Y135.2650 Z7.8314 E0.21284 F1700
G1 X88.0551 Y134.5000 Z7.7083 E0.21294 F1700
G1 X87.6202 Y133.7234 Z7.5853 E0.21294 F1700
G1 X87.2058 Y132.9357 Z7.4653 E0.21284 F1700
G1 X86.8121 Y132.1374 Z7.3514 E0.21265 F1700
G1 X86.4395 Y131.3290 Z7.2464 E0.21239 F1700
G1 X86.0881 Y130.5112 Z7.1531 E0.21209 F1700
G1 X85.7583 Y129.6845 Z7.0736 E0.21177 F1700
G1 X85.4502 Y128.8494 Z7.0101 E0.21147 F1700
G1 X85.1641 Y128.0066 Z6.9642 E0.21121 F1700
G1 X84.9001 Y127.1565 Z6.9369 E0.21103 F1700
G1 X84.6585 Y126.2998 Z6.9292 E0.21094 F1700
G1 X84.4394 Y125.4371 Z6.9411 E0.21095 F1700
G1 X84.2430 Y124.5690 Z6.9725 E0.21106 F1700
G1 X84.0693 Y123.6960 Z7.0226 E0.21127 F1700
G1 X83.9186 Y122.8188 Z7.0903 E0.21154 F1700
G1 X83.7909 Y121.9379 Z7.1739 E0.21186 F1700
G1 X83.6863 Y121.0540 Z7.2714 E0.21220 F1700
G1 X83.6048 Y120.1676 Z7.3806 E0.21251 F1700
G1 X83.5466 Y119.2794 Z7.4986 E0.21278 F1700
G1 X83.5117 Y118.3900 Z7.6228 E0.21297 F1700
G1 X83.5000 Y117.5000 Z7.7500 E0.21308 F1700
G1 X83.5117 Y116.6100 Z7.8772 E0.21308 F1700
G1 X83.5466 Y115.7206 Z8.0014 E0.21297 F1700
G1 X83.6048 Y114.8324 Z8.1194 E0.21278 F1700
G1 X83.6863 Y113.9460 Z8.2286 E0.21251 F1700
G1 X83.7909 Y113.0621 Z8.3261 E0.21220 F1700
G1 X83.9186 Y112.1812 Z8.4097 E0.21186 F1700
G1 X84.0693 Y111.3040 Z8.4774 E0.21154 F1700
G1 X84.2430 Y110.4310 Z8.5275 E0.21127 F1700
G1 X84.4394 Y109.5629 Z8.5589 E0.21106 F1700
G1 X84.6585 Y108.7002 Z8.5708 E0.21095 F1700
G1 X84.9001 Y107.8435 Z8.5631 E0.21094 F1700
G1 X85.1641 Y106.9934 Z8.5358 E0.21103 F1700
G1 X85.4502 Y106.1506 Z8.4899 E0.21121 F1700
G1 X85.7583 Y105.3155 Z8.4264 E0.21147 F1700
G1 X86.0881 Y104.4888 Z8.3469 E0.21177 F1700
G1 X86.4395 Y103.6710 Z8.2536 E0.21209 F1700
G1 X86.8121 Y102.8626 Z8.1486 E0.21239 F1700
G1 X87.2058 Y102.0643 Z8.0347 E0.21265 F1700
G1 X87.6202 Y101.2766 Z7.9147 E0.21284 F1700
G1 X88.0551 Y100.5000 Z7.7917 E0.21294 F1700
G1 X88.5102 Y99.7350 Z7.6686 E0.21294 F1700
G1 X88.9852 Y98.9823 Z7.5486 E0.21284 F1700
G1 X89.4797 Y98.2422 Z7.4347 E0.21265 F1700
G1 X89.9934 Y97.5153 Z7.3298 E0.21239 F1700
G1 X90.5260 Y96.8021 Z7.2364 E0.21209 F1700
G1 X91.0770 Y96.1031 Z7.1570 E0.21177 F1700
G1 X91.6462 Y95.4188 Z7.0934 E0.21147 F1700
G1 X92.2331 Y94.7496 Z7.0475 E0.21121 F1700
G1 X92.8373 Y94.0959 Z7.0203 E0.21103 F1700
G1 X93.4584 Y93.4584 Z7.0125 E0.21094 F1700
G1 X94.0959 Y92.8373 Z7.0244 E0.21095 F1700
G1 X94.7496 Y92.2331 Z7.0558 E0.21106 F1700
G1 X95.4188 Y91.6462 Z7.1059 E0.21127 F1700
G1 X96.1031 Y91.0770 Z7.1736 E0.21154 F1700
G1 X96.8021 Y90.5260 Z7.2572 E0.21186 F1700
G1 X97.5153 Y89.9934 Z7.3548 E0.21220 F1700
G1 X98.2422 Y89.4797 Z7.4639 E0.21251 F1700
G1 X98.9823 Y88.9852 Z7.5820 E0.21278 F1700
G1 X99.7350 Y88.5102 Z7.7061 E0.21297 F1700
G1 X100.5000 Y88.0551 Z7.8333 E0.21308 F1700
G1 X101.2766 Y87.6202 Z7.9606 E0.21308 F1700
G1 X102.0643 Y87.2058 Z8.0847 E0.21297 F1700
G1 X102.8626 Y86.8121 Z8.2028 E0.21278 F1700
G1 X103.6710 Y86.4395 Z8.3119 E0.21251 F1700
G1 X104.4888 Y86.0881 Z8.4094 E0.21220 F1700
G1 X105.3155 Y85.7583 Z8.4930 E0.21186 F1700
G1 X106.1506 Y85.4502 Z8.5607 E0.21154 F1700
G1 X106.9934 Y85.1641 Z8.6108 E0.21127 F1700
G1 X107.8435 Y84.9001 Z8.6422 E0.21106 F1700
G1 X108.7002 Y84.6585 Z8.6542 E0.21095 F1700
G1 X109.5629 Y84.4394 Z8.6464 E0.21094 F1700
G1 X110.4310 Y84.2430 Z8.6192 E0.21103 F1700
G1 X111.3040 Y84.0693 Z8.5732 E0.21121 F1700
G1 X112.1812 Y83.9186 Z8.5097 E0.21147 F1700
G1 X113.0621 Y83.7909 Z8.4303 E0.21177 F1700
G1 X113.9460 Y83.6863 Z8.3369 E0.21209 F1700
G1 X114.8324 Y83.6048 Z8.2319 E0.21239 F1700
G1 X115.7206 Y83.5466 Z8.1180 E0.21265 F1700
G1 X116.6100 Y83.5117 Z7.9981 E0.21284 F1700
G1 X117.5000 Y83.5000 Z7.8750 E0.21294 F1700
G1 X118.3900 Y83.5117 Z7.7519 E0.21294 F1700
G1 X119.2794 Y83.5466 Z7.6320 E0.21284 F1700
G1 X120.1676 Y83.6048 Z7.5181 E0.21265 F1700
G1 X121.0540 Y83.6863 Z7.4131 E0.21239 F1700
G1 X121.9379 Y83.7909 Z7.3197 E0.21209 F1700
G1 X122.8188 Y83.9186 Z7.2403 E0.21177 F1700
G1 X123.6960 Y84.0693 Z7.1768 E0.21147 F1700
G1 X124.5690 Y84.2430 Z7.1308 E0.21121 F1700
G1 X125.4371 Y84.4394 Z7.1036 E0.21103 F1700
G1 X126.2998 Y84.6585 Z7.0958 E0.21094 F1700
G1 X127.1565 Y84.9001 Z7.1078 E0.21095 F1700
G1 X128.0066 Y85.1641 Z7.1392 E0.21106 F1700
G1 X128.8494 Y85.4502 Z7.1893 E0.21127 F1700
G1 X129.6845 Y85.7583 Z7.2570 E0.21154 F1700
G1 X130.5112 Y86.0881 Z7.3406 E0.21186 F1700
G1 X131.3290 Y86.4395 Z7.4381 E0.21220 F1700
G1 X132.1374 Y86.8121 Z7.5472 E0.21251 F1700
G1 X132.9357 Y87.2058 Z7.6653 E0.21278 F1700
G1 X133.7234 Y87.6202 Z7.7894 E0.21297 F1700
G1 X134.5000 Y88.0551 Z7.9167 E0.21308 F1700
G1 X135.2650 Y88.5102 Z8.0439 E0.21308 F1700
G1 X136.0177 Y88.9852 Z8.1680 E0.21297 F1700
G1 X136.7578 Y89.4797 Z8.2861 E0.21278 F1700
G1 X137.4847 Y89.9934 Z8.3952 E0.21251 F1700
G1 X138.1979 Y90.5260 Z8.4928 E0.21220 F1700
G1 X138.8969 Y91.0770 Z8.5764 E0.21186 F1700
G1 X139.5812 Y91.6462 Z8.6441 E0.21154 F1700
G1 X140.2504 Y92.2331 Z8.6942 E0.21127 F1700
G1 X140.9041 Y92.8373 Z8.7256 E0.21106 F1700
G1 X141.5416 Y93.4584 Z8.7375 E0.21095 F1700
G1 X142.1627 Y94.0959 Z8.7297 E0.21094 F1700
G1 X142.7669 Y94.7496 Z8.7025 E0.21103 F1700
G1 X143.3538 Y95.4188 Z8.6566 E0.21121 F1700
G1 X143.9230 Y96.1031 Z8.5930 E0.21147 F1700
G1 X144.4740 Y96.8021 Z8.5136 E0.21177 F1700
G1 X145.0066 Y97.5153 Z8.4202 E0.21209 F1700
G1 X145.5203 Y98.2422 Z8.3153 E0.21239 F1700
G1 X146.0148 Y98.9823 Z8.2014 E0.21265 F1700
G1 X146.4898 Y99.7350 Z8.0814 E0.21284 F1700
G1 X146.9449 Y100.5000 Z7.9583 E0.21294 F1700
G1 X147.3798 Y101.2766 Z7.8353 E0.21294 F1700
G1 X147.7942 Y102.0643 Z7.7153 E0.21284 F1700
G1 X148.1879 Y102.8626 Z7.6014 E0.21265 F1700
G1 X148.5605 Y103.6710 Z7.4964 E0.21239 F1700
G1 X148.9119 Y104.4888 Z7.4031 E0.21209 F1700
G1 X149.2417 Y105.3155 Z7.3236 E0.21177 F1700
G1 X149.5498 Y106.1506 Z7.2601 E0.21147 F1700
G1 X149.8359 Y106.9934 Z7.2142 E0.21121 F1700
G1 X150.0999 Y107.8435 Z7.1869 E0.21103 F1700
G1 X150.3415 Y108.7002 Z7.1792 E0.21094 F1700
G1 X150.5606 Y109.5629 Z7.1911 E0.21095 F1700
G1 X150.7570 Y110.4310 Z7.2225 E0.21106 F1700
G1 X150.9307 Y111.3040 Z7.2726 E0.21127 F1700
G1 X151.0814 Y112.1812 Z7.3403 E0.21154 F1700
G1 X151.2091 Y113.0621 Z7.4239 E0.21186 F1700
G1 X151.3137 Y113.9460 Z7.5214 E0.21220 F1700
G1 X151.3952 Y114.8324 Z7.6306 E0.21251 F1700
G1 X151.4534 Y115.7206 Z7.7486 E0.21278 F1700
G1 X151.4883 Y116.6100 Z7.8728 E0.21297 F1700
G1 X151.5000 Y117.5000 Z8.0000 E0.21308 F1700
G1 X151.4883 Y118.3900 Z8.1272 E0.21308 F1700
G1 X151.4534 Y119.2794 Z8.2514 E0.21297 F1700
G1 X151.3952 Y120.1676 Z8.3694 E0.21278 F1700
G1 X151.3137 Y121.0540 Z8.4786 E0.21251 F1700
G1 X151.2091 Y121.9379 Z8.5761 E0.21220 F1700
G1 X151.0814 Y122.8188 Z8.6597 E0.21186 F1700
G1 X150.9307 Y123.6960 Z8.7274 E0.21154 F1700
G1 X150.7570 Y124.5690 Z8.7775 E0.21127 F1700
G1 X150.5606 Y125.4371 Z8.8089 E0.21106 F1700
G1 X150.3415 Y126.2998 Z8.8208 E0.21095 F1700
G1 X150.0999 Y127.1565 Z8.8131 E0.21094 F1700
G1 X149.8359 Y128.0066 Z8.7858 E0.21103 F1700
G1 X149.5498 Y128.8494 Z8.7399 E0.21121 F1700
G1 X149.2417 Y129.6845 Z8.6764 E0.21147 F1700
G1 X148.9119 Y130.5112 Z8.5969 E0.21177 F1700
G1 X148.5605 Y131.3290 Z8.5036 E0.21209 F1700
G1 X148.1879 Y132.1374 Z8.3986 E0.21239 F1700
G1 X147.7942 Y132.9357 Z8.2847 E0.21265 F1700
G1 X147.3798 Y133.7234 Z8.1647 E0.21284 F1700
G1 X146.9449 Y134.5000 Z8.0417 E0.21294 F1700
G1 X146.4898 Y135.2650 Z7.9186 E0.21294 F1700
G1 X146.0148 Y136.0177 Z7.7986 E0.21284 F1700
G1 X145.5203 Y136.7578 Z7.6847 E0.21265 F1700
G1 X145.0066 Y137.4847 Z7.5798 E0.21239 F1700
G1 X144.4740 Y138.1979 Z7.4864 E0.21209 F1700
G1 X143.9230 Y138.8969 Z7.4070 E0.21177 F1700
G1 X143.3538 Y139.5812 Z7.3434 E0.21147 F1700
G1 X142.7669 Y140.2504 Z7.2975 E0.21121 F1700
G1 X142.1627 Y140.9041 Z7.2703 E0.21103 F1700
G1 X141.5416 Y141.5416 Z7.2625 E0.21094 F1700
G1 X140.9041 Y142.1627 Z7.2744 E0.21095 F1700
G1 X140.2504 Y142.7669 Z7.3058 E0.21106 F1700
G1 X139.5812 Y143.3538 Z7.3559 E0.21127 F1700
G1 X138.8969 Y143.9230 Z7.4236 E0.21154 F1700
G1 X138.1979 Y144.4740 Z7.5072 E0.21186 F1700
G1 X137.4847 Y145.0066 Z7.6048 E0.21220 F1700
G1 X136.7578 Y145.5203 Z7.7139 E0.21251 F1700
G1 X136.0177 Y146.0148 Z7.8320 E0.21278 F1700
G1 X135.2650 Y146.4898 Z7.9561 E0.21297 F1700
G1 X134.5000 Y146.9449 Z8.0833 E0.21308 F1700
G1 X133.7234 Y147.3798 Z8.2106 E0.21308 F1700
G1 X132.9357 Y147.7942 Z8.3347 E0.21297 F1700
G1 X132.1374 Y148.1879 Z8.4528 E0.21278 F1700
G1 X131.3290 Y148.5605 Z8.5619 E0.21251 F1700
G1 X130.5112 Y148.9119 Z8.6594 E0.21220 F1700
G1 X129.6845 Y149.2417 Z8.7430 E0.21186 F1700
G1 X128.8494 Y149.5498 Z8.8107 E0.21154 F1700
G1 X128.0066 Y149.8359 Z8.8608 E0.21127 F1700
G1 X127.1565 Y150.0999 Z8.8922 E0.21106 F1700
G1 X126.2998 Y150.3415 Z8.9042 E0.21095 F1700
G1 X125.4371 Y150.5606 Z8.8964 E0.21094 F1700
G1 X124.5690 Y150.7570 Z8.8692 E0.21103 F1700
G1 X123.6960 Y150.9307 Z8.8232 E0.21121 F1700
G1 X122.8188 Y151.0814 Z8.7597 E0.21147 F1700
G1 X121.9379 Y151.2091 Z8.6803 E0.21177 F1700
G1 X121.0540 Y151.3137 Z8.5869 E0.21209 F1700
G1 X120.1676 Y151.3952 Z8.4819 E0.21239 F1700
G1 X119.2794 Y151.4534 Z8.3680 E0.21265 F1700
G1 X118.3900 Y151.4883 Z8.2481 E0.21284 F1700
G1 X117.5000 Y151.5000 Z8.1250 E0.21294 F1700
G1 X116.6100 Y151.4883 Z8.0019 E0.21294 F1700
G1 X115.7206 Y151.4534 Z7.8820 E0.21284 F1700
G1 X114.8324 Y151.3952 Z7.7681 E0.21265 F1700
G1 X113.9460 Y151.3137 Z7.6631 E0.21239 F1700
G1 X113.0621 Y151.2091 Z7.5697 E0.21209 F1700
G1 X112.1812 Y151.0814 Z7.4903 E0.21177 F1700
G1 X111.3040 Y150.9307 Z7.4268 E0.21147 F1700
G1 X110.4310 Y150.7570 Z7.3808 E0.21121 F1700
G1 X109.5629 Y150.5606 Z7.3536 E0.21103 F1700
G1 X108.7002 Y150.3415 Z7.3458 E0.21094 F1700
G1 X107.8435 Y150.0999 Z7.3578 E0.21095 F1700
G1 X106.9934 Y149.8359 Z7.3892 E0.21106 F1700
G1 X106.1506 Y149.5498 Z7.4393 E0.21127 F1700
G1 X105.3155 Y149.2417 Z7.5070 E0.21154 F1700
G1 X104.4888 Y148.9119 Z7.5906 E0.21186 F1700
G1 X103.6710 Y148.5605 Z7.6881 E0.21220 F1700
G1 X102.8626 Y148.1879 Z7.7972 E0.21251 F1700
G1 X102.0643 Y147.7942 Z7.9153 E0.21278 F1700
G1 X101.2766 Y147.3798 Z8.0394 E0.21297 F1700
G1 X100.5000 Y146.9449 Z8.1667 E0.21308 F1700
G1 X99.7350 Y146.4898 Z8.2939 E0.21308 F1700
G1 X98.9823 Y146.0148 Z8.4180 E0.21297 F1700
G1 X98.2422 Y145.5203 Z8.5361 E0.21278 F1700
G1 X97.5153 Y145.0066 Z8.6452 E0.21251 F1700
G1 X96.8021 Y144.4740 Z8.7428 E0.21220 F1700
G1 X96.1031 Y143.9230 Z8.8264 E0.21186 F1700
G1 X95.4188 Y143.3538 Z8.8941 E0.21154 F1700
G1 X94.7496 Y142.7669 Z8.9442 E0.21127 F1700
G1 X94.0959 Y142.1627 Z8.9756 E0.21106 F1700
G1 X93.4584 Y141.5416 Z8.9875 E0.21095 F1700
G1 X92.8373 Y140.9041 Z8.9797 E0.21094 F1700
G1 X92.2331 Y140.2504 Z8.9525 E0.21103 F1700
G1 X91.6462 Y139.5812 Z8.9066 E0.21121 F1700
G1 X91.0770 Y138.8969 Z8.8430 E0.21147 F1700
G1 X90.5260 Y138.1979 Z8.7636 E0.21177 F1700
G1 X89.9934 Y137.4847 Z8.6702 E0.21209 F1700
G1 X89.4797 Y136.7578 Z8.5653 E0.21239 F1700
G1 X88.9852 Y136.0177 Z8.4514 E0.21265 F1700
G1 X88.5102 Y135.2650 Z8.3314 E0.21284 F1700
G1 X88.0551 Y134.5000 Z8.2083 E0.21294 F1700
G1 X87.6202 Y133.7234 Z8.0853 E0.21294 F1700
G1 X87.2058 Y132.9357 Z7.9653 E0.21284 F1700
G1 X86.8121 Y132.1374 Z7.8514 E0.21265 F1700
G1 X86.4395 Y131.3290 Z7.7464 E0.21239 F1700
G1 X86.0881 Y130.5112 Z7.6531 E0.21209 F1700
G1 X85.7583 Y129.6845 Z7.5736 E0.21177 F1700
G1 X85.4502 Y128.8494 Z7.5101 E0.21147 F1700
G1 X85.1641 Y128.0066 Z7.4642 E0.21121 F1700
G1 X84.9001 Y127.1565 Z7.4369 E0.21103 F1700
G1 X84.6585 Y126.2998 Z7.4292 E0.21094 F1700
G1 X84.4394 Y125.4371 Z7.4411 E0.21095 F1700
G1 X84.2430 Y124.5690 Z7.4725 E0.21106 F1700
G1 X84.0693 Y123.6960 Z7.5226 E0.21127 F1700
G1 X83.9186 Y122.8188 Z7.5903 E0.21154 F1700
G1 X83.7909 Y121.9379 Z7.6739 E0.21186 F1700
G1 X83.6863 Y121.0540 Z7.7714 E0.21220 F1700
G1 X83.6048 Y120.1676 Z7.8806 E0.21251 F1700
G1 X83.5466 Y119.2794 Z7.9986 E0.21278 F1700
G1 X83.5117 Y118.3900 Z8.1228 E0.21297 F1700
G1 X83.5000 Y117.5000 Z8.2500 E0.21308 F1700
G1 X83.5117 Y116.6100 Z8.3772 E0.21308 F1700
G1 X83.5466 Y115.7206 Z8.5014 E0.21297 F1700
G1 X83.6048 Y114.8324 Z8.6194 E0.21278 F1700
G1 X83.6863 Y113.9460 Z8.7286 E0.21251 F1700
G1 X83.7909 Y113.0621 Z8.8261 E0.21220 F1700
G1 X83.9186 Y112.1812 Z8.9097 E0.21186 F1700
G1 X84.0693 Y111.3040 Z8.9774 E0.21154 F1700
G1 X84.2430 Y110.4310 Z9.0275 E0.21127 F1700
G1 X84.4394 Y109.5629 Z9.0589 E0.21106 F1700
G1 X84.6585 Y108.7002 Z9.0708 E0.21095 F1700
G1 X84.9001 Y107.8435 Z9.0631 E0.21094 F1700
G1 X85.1641 Y106.9934 Z9.0358 E0.21103 F1700
G1 X85.4502 Y106.1506 Z8.9899 E0.21121 F1700
G1 X85.7583 Y105.3155 Z8.9264 E0.21147 F1700
G1 X86.0881 Y104.4888 Z8.8469 E0.21177 F1700
G1 X86.4395 Y103.6710 Z8.7536 E0.21209 F1700
G1 X86.8121 Y102.8626 Z8.6486 E0.21239 F1700
G1 X87.2058 Y102.0643 Z8.5347 E0.21265 F1700
G1 X87.6202 Y101.2766 Z8.4147 E0.21284 F1700
G1 X88.0551 Y100.5000 Z8.2917 E0.21294 F1700
G1 X88.5102 Y99.7350 Z8.1686 E0.21294 F1700
G1 X88.9852 Y98.9823 Z8.0486 E0.21284 F1700
G1 X89.4797 Y98.2422 Z7.9347 E0.21265 F1700
G1 X89.9934 Y97.5153 Z7.8298 E0.21239 F1700
G1 X90.5260 Y96.8021 Z7.7364 E0.21209 F1700
G1 X91.0770 Y96.1031 Z7.6570 E0.21177 F1700
G1 X91.6462 Y95.4188 Z7.5934 E0.21147 F1700
G1 X92.2331 Y94.7496 Z7.5475 E0.21121 F1700
G1 X92.8373 Y94.0959 Z7.5203 E0.21103 F1700
G1 X93.4584 Y93.4584 Z7.5125 E0.21094 F1700
G1 X94.0959 Y92.8373 Z7.5244 E0.21095 F1700
G1 X94.7496 Y92.2331 Z7.5558 E0.21106 F1700
G1 X95.4188 Y91.6462 Z7.6059 E0.21127 F1700
G1 X96.1031 Y91.0770 Z7.6736 E0.21154 F1700
G1 X96.8021 Y90.5260 Z7.7572 E0.21186 F1700
G1 X97.5153 Y89.9934 Z7.8548 E0.21220 F1700
G1 X98.2422 Y89.4797 Z7.9639 E0.21251 F1700
G1 X98.9823 Y88.9852 Z8.0820 E0.21278 F1700
G1 X99.7350 Y88.5102 Z8.2061 E0.21297 F1700
G1 X100.5000 Y88.0551 Z8.3333 E0.21308 F1700
G1 X101.2766 Y87.6202 Z8.4606 E0.21308 F1700
G1 X102.0643 Y87.2058 Z8.5847 E0.21297 F1700
G1 X102.8626 Y86.8121 Z8.7028 E0.21278 F1700
G1 X103.6710 Y86.4395 Z8.8119 E0.21251 F1700
G1 X104.4888 Y86.0881 Z8.9094 E0.21220 F1700
G1 X105.3155 Y85.7583 Z8.9930 E0.21186 F1700
G1 X106.1506 Y85.4502 Z9.0607 E0.21154 F1700
G1 X106.9934 Y85.1641 Z9.1108 E0.21127 F1700
G1 X107.8435 Y84.9001 Z9.1422 E0.21106 F1700
G1 X108.7002 Y84.6585 Z9.1542 E0.21095 F1700
G1 X109.5629 Y84.4394 Z9.1464 E0.21094 F1700
G1 X110.4310 Y84.2430 Z9.1192 E0.21103 F1700
G1 X111.3040 Y84.0693 Z9.0732 E0.21121 F1700
G1 X112.1812 Y83.9186 Z9.0097 E0.21147 F1700
G1 X113.0621 Y83.7909 Z8.9303 E0.21177 F1700
G1 X113.9460 Y83.6863 Z8.8369 E0.21209 F1700
G1 X114.8324 Y83.6048 Z8.7319 E0.21239 F1700
G1 X115.7206 Y83.5466 Z8.6180 E0.21265 F1700
G1 X116.6100 Y83.5117 Z8.4981 E0.21284 F1700
G1 X117.5000 Y83.5000 Z8.3750 E0.21294 F1700
G1 X118.3900 Y83.5117 Z8.2519 E0.21294 F1700
G1 X119.2794 Y83.5466 Z8.1320 E0.21284 F1700
G1 X120.1676 Y83.6048 Z8.0181 E0.21265 F1700
G1 X121.0540 Y83.6863 Z7.9131 E0.21239 F1700
G1 X121.9379 Y83.7909 Z7.8197 E0.21209 F1700
G1 X122.8188 Y83.9186 Z7.7403 E0.21177 F1700
G1 X123.6960 Y84.0693 Z7.6768 E0.21147 F1700
G1 X124.5690 Y84.2430 Z7.6308 E0.21121 F1700
G1 X125.4371 Y84.4394 Z7.6036 E0.21103 F1700
G1 X126.2998 Y84.6585 Z7.5958 E0.21094 F1700
G1 X127.1565 Y84.9001 Z7.6078 E0.21095 F1700
G1 X128.0066 Y85.1641 Z7.6392 E0.21106 F1700
G1 X128.8494 Y85.4502 Z7.6893 E0.21127 F1700
G1 X129.6845 Y85.7583 Z7.7570 E0.21154 F1700
G1 X130.5112 Y86.0881 Z7.8406 E0.21186 F1700
G1 X131.3290 Y86.4395 Z7.9381 E0.21220 F1700
G1 X132.1374 Y86.8121 Z8.0472 E0.21251 F1700
G1 X132.9357 Y87.2058 Z8.1653 E0.21278 F1700
G1 X133.7234 Y87.6202 Z8.2894 E0.21297 F1700
G1 X134.5000 Y88.0551 Z8.4167 E0.21308 F1700
G1 X135.2650 Y88.5102 Z8.5439 E0.21308 F1700
G1 X136.0177 Y88.9852 Z8.6680 E0.21297 F1700
G1 X136.7578 Y89.4797 Z8.7861 E0.21278 F1700
G1 X137.4847 Y89.9934 Z8.8952 E0.21251 F1700
G1 X138.1979 Y90.5260 Z8.9928 E0.21220 F1700
G1 X138.8969 Y91.0770 Z9.0764 E0.21186 F1700
G1 X139.5812 Y91.6462 Z9.1441 E0.21154 F1700
G1 X140.2504 Y92.2331 Z9.1942 E0.21127 F1700
G1 X140.9041 Y92.8373 Z9.2256 E0.21106 F1700
G1 X141.5416 Y93.4584 Z9.2375 E0.21095 F1700
G1 X142.1627 Y94.0959 Z9.2297 E0.21094 F1700
G1 X142.7669 Y94.7496 Z9.2025 E0.21103 F1700
G1 X143.3538 Y95.4188 Z9.1566 E0.21121 F1700
G1 X143.9230 Y96.1031 Z9.0930 E0.21147 F1700
G1 X144.4740 Y96.8021 Z9.0136 E0.21177 F1700
G1 X145.0066 Y97.5153 Z8.9202 E0.21209 F1700
G1 X145.5203 Y98.2422 Z8.8153 E0.21239 F1700
G1 X146.0148 Y98.9823 Z8.7014 E0.21265 F1700
G1 X146.4898 Y99.7350 Z8.5814 E0.21284 F1700
G1 X146.9449 Y100.5000 Z8.4583 E0.21294 F1700
G1 X147.3798 Y101.2766 Z8.3353 E0.21294 F1700
G1 X147.7942 Y102.0643 Z8.2153 E0.21284 F1700
G1 X148.1879 Y102.8626 Z8.1014 E0.21265 F1700
G1 X148.5605 Y103.6710 Z7.9964 E0.21239 F1700
G1 X148.9119 Y104.4888 Z7.9031 E0.21209 F1700
G1 X149.2417 Y105.3155 Z7.8236 E0.21177 F1700
G1 X149.5498 Y106.1506 Z7.7601 E0.21147 F1700
G1 X149.8359 Y106.9934 Z7.7142 E0.21121 F1700
G1 X150.0999 Y107.8435 Z7.6869 E0.21103 F1700
G1 X150.3415 Y108.7002 Z7.6792 E0.21094 F1700
G1 X150.5606 Y109.5629 Z7.6911 E0.21095 F1700
G1 X150.7570 Y110.4310 Z7.7225 E0.21106 F1700
G1 X150.9307 Y111.3040 Z7.7726 E0.21127 F1700
G1 X151.0814 Y112.1812 Z7.8403 E0.21154 F1700
G1 X151.2091 Y113.0621 Z7.9239 E0.21186 F1700
G1 X151.3137 Y113.9460 Z8.0214 E0.21220 F1700
G1 X151.3952 Y114.8324 Z8.1306 E0.21251 F1700
G1 X151.4534 Y115.7206 Z8.2486 E0.21278 F1700
G1 X151.4883 Y116.6100 Z8.3728 E0.21297 F1700
G1 X151.5000 Y117.5000 Z8.5000 E0.21308 F1700
G1 X151.4883 Y118.3900 Z8.6272 E0.21308 F1700
G1 X151.4534 Y119.2794 Z8.7514 E0.21297 F1700
G1 X151.3952 Y120.1676 Z8.8694 E0.21278 F1700
G1 X151.3137 Y121.0540 Z8.9786 E0.21251 F1700
G1 X151.2091 Y121.9379 Z9.0761 E0.21220 F1700
G1 X151.0814 Y122.8188 Z9.1597 E0.21186 F1700
G1 X150.9307 Y123.6960 Z9.2274 E0.21154 F1700
G1 X150.7570 Y124.5690 Z9.2775 E0.21127 F1700
G1 X150.5606 Y125.4371 Z9.3089 E0.21106 F1700
G1 X150.3415 Y126.2998 Z9.3208 E0.21095 F1700
G1 X150.0999 Y127.1565 Z9.3131 E0.21094 F1700
G1 X149.8359 Y128.0066 Z9.2858 E0.21103 F1700
G1 X149.5498 Y128.8494 Z9.2399 E0.21121 F1700
G1 X149.2417 Y129.6845 Z9.1764 E0.21147 F1700
G1 X148.9119 Y130.5112 Z9.0969 E0.21177 F1700
G1 X148.5605 Y131.3290 Z9.0036 E0.21209 F1700
G1 X148.1879 Y132.1374 Z8.8986 E0.21239 F1700
G1 X147.7942 Y132.9357 Z8.7847 E0.21265 F1700
G1 X147.3798 Y133.7234 Z8.6647 E0.21284 F1700
G1 X146.9449 Y134.5000 Z8.5417 E0.21294 F1700
G1 X146.4898 Y135.2650 Z8.4186 E0.21294 F1700
G1 X146.0148 Y136.0177 Z8.2986 E0.21284 F1700
G1 X145.5203 Y136.7578 Z8.1847 E0.21265 F1700
G1 X145.0066 Y137.4847 Z8.0798 E0.21239 F1700
G1 X144.4740 Y138.1979 Z7.9864 E0.21209 F1700
G1 X143.9230 Y138.8969 Z7.9070 E0.21177 F1700
G1 X143.3538 Y139.5812 Z7.8434 E0.21147 F1700
G1 X142.7669 Y140.2504 Z7.7975 E0.21121 F1700
G1 X142.1627 Y140.9041 Z7.7703 E0.21103 F1700
G1 X141.5416 Y141.5416 Z7.7625 E0.21094 F1700
G1 X140.9041 Y142.1627 Z7.7744 E0.21095 F1700
G1 X140.2504 Y142.7669 Z7.8058 E0.21106 F1700
G1 X139.5812 Y143.3538 Z7.8559 E0.21127 F1700
G1 X138.8969 Y143.9230 Z7.9236 E0.21154 F1700
G1 X138.1979 Y144.4740 Z8.0072 E0.21186 F1700
G1 X137.4847 Y145.0066 Z8.1048 E0.21220 F1700
G1 X136.7578 Y145.5203 Z8.2139 E0.21251 F1700
G1 X136.0177 Y146.0148 Z8.3320 E0.21278 F1700
G1 X135.2650 Y146.4898 Z8.4561 E0.21297 F1700
G1 X134.5000 Y146.9449 Z8.5833 E0.21308 F1700
G1 X133.7234 Y147.3798 Z8.7106 E0.21308 F1700
G1 X132.9357 Y147.7942 Z8.8347 E0.21297 F1700
G1 X132.1374 Y148.1879 Z8.9528 E0.21278 F1700
G1 X131.3290 Y148.5605 Z9.0619 E0.21251 F1700
G1 X130.5112 Y148.9119 Z9.1594 E0.21220 F1700
G1 X129.6845 Y149.2417 Z9.2430 E0.21186 F1700
G1 X128.8494 Y149.5498 Z9.3107 E0.21154 F1700
G1 X128.0066 Y149.8359 Z9.3608 E0.21127 F1700
G1 X127.1565 Y150.0999 Z9.3922 E0.21106 F1700
G1 X126.2998 Y150.3415 Z9.4042 E0.21095 F1700
G1 X125.4371 Y150.5606 Z9.3964 E0.21094 F1700
G1 X124.5690 Y150.7570 Z9.3692 E0.21103 F1700
G1 X123.6960 Y150.9307 Z9.3232 E0.21121 F1700
G1 X122.8188 Y151.0814 Z9.2597 E0.21147 F1700
G1 X121.9379 Y151.2091 Z9.1803 E0.21177 F1700
G1 X121.0540 Y151.3137 Z9.0869 E0.21209 F1700
G1 X120.1676 Y151.3952 Z8.9819 E0.21239 F1700
G1 X119.2794 Y151.4534 Z8.8680 E0.21265 F1700
G1 X118.3900 Y151.4883 Z8.7481 E0.21284 F1700
G1 X117.5000 Y151.5000 Z8.6250 E0.21294 F1700
G1 X116.6100 Y151.4883 Z8.5019 E0.21294 F1700
G1 X115.7206 Y151.4534 Z8.3820 E0.21284 F1700
G1 X114.8324 Y151.3952 Z8.2681 E0.21265 F1700
G1 X113.9460 Y151.3137 Z8.1631 E0.21239 F1700
G1 X113.0621 Y151.2091 Z8.0697 E0.21209 F1700
G1 X112.1812 Y151.0814 Z7.9903 E0.21177 F1700
G1 X111.3040 Y150.9307 Z7.9268 E0.21147 F1700
G1 X110.4310 Y150.7570 Z7.8808 E0.21121 F1700
G1 X109.5629 Y150.5606 Z7.8536 E0.21103 F1700
G1 X108.7002 Y150.3415 Z7.8458 E0.21094 F1700
G1 X107.8435 Y150.0999 Z7.8578 E0.21095 F1700
G1 X106.9934 Y149.8359 Z7.8892 E0.21106 F1700
G1 X106.1506 Y149.5498 Z7.9393 E0.21127 F1700
G1 X105.3155 Y149.2417 Z8.0070 E0.21154 F1700
G1 X104.4888 Y148.9119 Z8.0906 E0.21186 F1700
G1 X103.6710 Y148.5605 Z8.1881 E0.21220 F1700
G1 X102.8626 Y148.1879 Z8.2972 E0.21251 F1700
G1 X102.0643 Y147.7942 Z8.4153 E0.21278 F1700
G1 X101.2766 Y147.3798 Z8.5394 E0.21297 F1700
G1 X100.5000 Y146.9449 Z8.6667 E0.21308 F1700
G1 X99.7350 Y146.4898 Z8.7939 E0.21308 F1700
G1 X98.9823 Y146.0148 Z8.9180 E0.21297 F1700
G1 X98.2422 Y145.5203 Z9.0361 E0.21278 F1700
G1 X97.5153 Y145.0066 Z9.1452 E0.21251 F1700
G1 X96.8021 Y144.4740 Z9.2428 E0.21220 F1700
G1 X96.1031 Y143.9230 Z9.3264 E0.21186 F1700
G1 X95.4188 Y143.3538 Z9.3941 E0.21154 F1700
G1 X94.7496 Y142.7669 Z9.4442 E0.21127 F1700
G1 X94.0959 Y142.1627 Z9.4756 E0.21106 F1700
G1 X93.4584 Y141.5416 Z9.4875 E0.21095 F1700
G1 X92.8373 Y140.9041 Z9.4797 E0.21094 F1700
G1 X92.2331 Y140.2504 Z9.4525 E0.21103 F1700
G1 X91.6462 Y139.5812 Z9.4066 E0.21121 F1700
G1 X91.0770 Y138.8969 Z9.3430 E0.21147 F1700
G1 X90.5260 Y138.1979 Z9.2636 E0.21177 F1700
G1 X89.9934 Y137.4847 Z9.1702 E0.21209 F1700
G1 X89.4797 Y136.7578 Z9.0653 E0.21239 F1700
G1 X88.9852 Y136.0177 Z8.9514 E0.21265 F1700
G1 X88.5102 Y135.2650 Z8.8314 E0.21284 F1700
G1 X88.0551 Y134.5000 Z8.7083 E0.21294 F1700
G1 X87.6202 Y133.7234 Z8.5853 E0.21294 F1700
G1 X87.2058 Y132.9357 Z8.4653 E0.21284 F1700
G1 X86.8121 Y132.1374 Z8.3514 E0.21265 F1700
G1 X86.4395 Y131.3290 Z8.2464 E0.21239 F1700
G1 X86.0881 Y130.5112 Z8.1531 E0.21209 F1700
G1 X85.7583 Y129.6845 Z8.0736 E0.21177 F1700
G1 X85.4502 Y128.8494 Z8.0101 E0.21147 F1700
G1 X85.1641 Y128.0066 Z7.9642 E0.21121 F1700
G1 X84.9001 Y127.1565 Z7.9369 E0.21103 F1700
G1 X84.6585 Y126.2998 Z7.9292 E0.21094 F1700
G1 X84.4394 Y125.4371 Z7.9411 E0.21095 F1700
G1 X84.2430 Y124.5690 Z7.9725 E0.21106 F1700
G1 X84.0693 Y123.6960 Z8.0226 E0.21127 F1700
G1 X83.9186 Y122.8188 Z8.0903 E0.21154 F1700
G1 X83.7909 Y121.9379 Z8.1739 E0.21186 F1700
G1 X83.6863 Y121.0540 Z8.2714 E0.21220 F1700
G1 X83.6048 Y120.1676 Z8.3806 E0.21251 F1700
G1 X83.5466 Y119.2794 Z8.4986 E0.21278 F1700
G1 X83.5117 Y118.3900 Z8.6228 E0.21297 F1700
G1 X83.5000 Y117.5000 Z8.7500 E0.21308 F1700
G1 X83.5117 Y116.6100 Z8.8772 E0.21308 F1700
G1 X83.5466 Y115.7206 Z9.0014 E0.21297 F1700
G1 X83.6048 Y114.8324 Z9.1194 E0.21278 F1700
G1 X83.6863 Y113.9460 Z9.2286 E0.21251 F1700
G1 X83.7909 Y113.0621 Z9.3261 E0.21220 F1700
G1 X83.9186 Y112.1812 Z9.4097 E0.21186 F1700
G1 X84.0693 Y111.3040 Z9.4774 E0.21154 F1700
G1 X84.2430 Y110.4310 Z9.5275 E0.21127 F1700
G1 X84.4394 Y109.5629 Z9.5589 E0.21106 F1700
G1 X84.6585 Y108.7002 Z9.5708 E0.21095 F1700
G1 X84.9001 Y107.8435 Z9.5631 E0.21094 F1700
G1 X85.1641 Y106.9934 Z9.5358 E0.21103 F1700
G1 X85.4502 Y106.1506 Z9.4899 E0.21121 F1700
G1 X85.7583 Y105.3155 Z9.4264 E0.21147 F1700
G1 X86.0881 Y104.4888 Z9.3469 E0.21177 F1700
G1 X86.4395 Y103.6710 Z9.2536 E0.21209 F1700
G1 X86.8121 Y102.8626 Z9.1486 E0.21239 F1700
G1 X87.2058 Y102.0643 Z9.0347 E0.21265 F1700
G1 X87.6202 Y101.2766 Z8.9147 E0.21284 F1700
G1 X88.0551 Y100.5000 Z8.7917 E0.21294 F1700
G1 X88.5102 Y99.7350 Z8.6686 E0.21294 F1700
G1 X88.9852 Y98.9823 Z8.5486 E0.21284 F1700
G1 X89.4797 Y98.2422 Z8.4347 E0.21265 F1700
G1 X89.9934 Y97.5153 Z8.3298 E0.21239 F1700
G1 X90.5260 Y96.8021 Z8.2364 E0.21209 F1700
G1 X91.0770 Y96.1031 Z8.1570 E0.21177 F1700
G1 X91.6462 Y95.4188 Z8.0934 E0.21147 F1700
G1 X92.2331 Y94.7496 Z8.0475 E0.21121 F1700
G1 X92.8373 Y94.0959 Z8.0203 E0.21103 F1700
G1 X93.4584 Y93.4584 Z8.0125 E0.21094 F1700
G1 X94.0959 Y92.8373 Z8.0244 E0.21095 F1700
G1 X94.7496 Y92.2331 Z8.0558 E0.21106 F1700
G1 X95.4188 Y91.6462 Z8.1059 E0.21127 F1700
G1 X96.1031 Y91.0770 Z8.1736 E0.21154 F1700
G1 X96.8021 Y90.5260 Z8.2572 E0.21186 F1700
G1 X97.5153 Y89.9934 Z8.3548 E0.21220 F1700
G1 X98.2422 Y89.4797 Z8.4639 E0.21251 F1700
G1 X98.9823 Y88.9852 Z8.5820 E0.21278 F1700
G1 X99.7350 Y88.5102 Z8.7061 E0.21297 F1700
G1 X100.5000 Y88.0551 Z8.8333 E0.21308 F1700
G1 X101.2766 Y87.6202 Z8.9606 E0.21308 F1700
G1 X102.0643 Y87.2058 Z9.0847 E0.21297 F1700
G1 X102.8626 Y86.8121 Z9.2028 E0.21278 F1700
G1 X103.6710 Y86.4395 Z9.3119 E0.21251 F1700
G1 X104.4888 Y86.0881 Z9.4094 E0.21220 F1700
G1 X105.3155 Y85.7583 Z9.4930 E0.21186 F1700
G1 X106.1506 Y85.4502 Z9.5607 E0.21154 F1700
G1 X106.9934 Y85.1641 Z9.6108 E0.21127 F1700
G1 X107.8435 Y84.9001 Z9.6422 E0.21106 F1700
G1 X108.7002 Y84.6585 Z9.6542 E0.21095 F1700
G1 X109.5629 Y84.4394 Z9.6464 E0.21094 F1700
G1 X110.4310 Y84.2430 Z9.6192 E0.21103 F1700
G1 X111.3040 Y84.0693 Z9.5732 E0.21121 F1700
G1 X112.1812 Y83.9186 Z9.5097 E0.21147 F1700
G1 X113.0621 Y83.7909 Z9.4303 E0.21177 F1700
G1 X113.9460 Y83.6863 Z9.3369 E0.21209 F1700
G1 X114.8324 Y83.6048 Z9.2319 E0.21239 F1700
G1 X115.7206 Y83.5466 Z9.1180 E0.21265 F1700
G1 X116.6100 Y83.5117 Z8.9981 E0.21284 F1700
G1 X117.5000 Y83.5000 Z8.8750 E0.21294 F1700
G1 X118.3900 Y83.5117 Z8.7519 E0.21294 F1700
G1 X119.2794 Y83.5466 Z8.6320 E0.21284 F1700
G1 X120.1676 Y83.6048 Z8.5181 E0.21265 F1700
G1 X121.0540 Y83.6863 Z8.4131 E0.21239 F1700
G1 X121.9379 Y83.7909 Z8.3197 E0.21209 F1700
G1 X122.8188 Y83.9186 Z8.2403 E0.21177 F1700
G1 X123.6960 Y84.0693 Z8.1768 E0.21147 F1700
G1 X124.5690 Y84.2430 Z8.1308 E0.21121 F1700
G1 X125.4371 Y84.4394 Z8.1036 E0.21103 F1700
G1 X126.2998 Y84.6585 Z8.0958 E0.21094 F1700
G1 X127.1565 Y84.9001 Z8.1078 E0.21095 F1700
G1 X128.0066 Y85.1641 Z8.1392 E0.21106 F1700
G1 X128.8494 Y85.4502 Z8.1893 E0.21127 F1700
G1 X129.6845 Y85.7583 Z8.2570 E0.21154 F1700
G1 X130.5112 Y86.0881 Z8.3406 E0.21186 F1700
G1 X131.3290 Y86.4395 Z8.4381 E0.21220 F1700
G1 X132.1374 Y86.8121 Z8.5472 E0.21251 F1700
G1 X132.9357 Y87.2058 Z8.6653 E0.21278 F1700
G1 X133.7234 Y87.6202 Z8.7894 E0.21297 F1700
G1 X134.5000 Y88.0551 Z8.9167 E0.21308 F1700
G1 X135.2650 Y88.5102 Z9.0439 E0.21308 F1700
G1 X136.0177 Y88.9852 Z9.1680 E0.21297 F1700
G1 X136.7578 Y89.4797 Z9.2861 E0.21278 F1700
G1 X137.4847 Y89.9934 Z9.3952 E0.21251 F1700
G1 X138.1979 Y90.5260 Z9.4928 E0.21220 F1700
G1 X138.8969 Y91.0770 Z9.5764 E0.21186 F1700
G1 X139.5812 Y91.6462 Z9.6441 E0.21154 F1700
G1 X140.2504 Y92.2331 Z9.6942 E0.21127 F1700
G1 X140.9041 Y92.8373 Z9.7256 E0.21106 F1700
G1 X141.5416 Y93.4584 Z9.7375 E0.21095 F1700
G1 X142.1627 Y94.0959 Z9.7297 E0.21094 F1700
G1 X142.7669 Y94.7496 Z9.7025 E0.21103 F1700
G1 X143.3538 Y95.4188 Z9.6566 E0.21121 F1700
G1 X143.9230 Y96.1031 Z9.5930 E0.21147 F1700
G1 X144.4740 Y96.8021 Z9.5136 E0.21177 F1700
G1 X145.0066 Y97.5153 Z9.4202 E0.21209 F1700
G1 X145.5203 Y98.2422 Z9.3153 E0.21239 F1700
G1 X146.0148 Y98.9823 Z9.2014 E0.21265 F1700
G1 X146.4898 Y99.7350 Z9.0814 E0.21284 F1700
G1 X146.9449 Y100.5000 Z8.9583 E0.21294 F1700
G1 X147.3798 Y101.2766 Z8.8353 E0.21294 F1700
G1 X147.7942 Y102.0643 Z8.7153 E0.21284 F1700
G1 X148.1879 Y102.8626 Z8.6014 E0.21265 F1700
G1 X148.5605 Y103.6710 Z8.4964 E0.21239 F1700
G1 X148.9119 Y104.4888 Z8.4031 E0.21209 F1700
G1 X149.2417 Y105.3155 Z8.3236 E0.21177 F1700
G1 X149.5498 Y106.1506 Z8.2601 E0.21147 F1700
G1 X149.8359 Y106.9934 Z8.2142 E0.21121 F1700
G1 X150.0999 Y107.8435 Z8.1869 E0.21103 F1700
G1 X150.3415 Y108.7002 Z8.1792 E0.21094 F1700
G1 X150.5606 Y109.5629 Z8.1911 E0.21095 F1700
G1 X150.7570 Y110.4310 Z8.2225 E0.21106 F1700
G1 X150.9307 Y111.3040 Z8.2726 E0.21127 F1700
G1 X151.0814 Y112.1812 Z8.3403 E0.21154 F1700
G1 X151.2091 Y113.0621 Z8.4239 E0.21186 F1700
G1 X151.3137 Y113.9460 Z8.5214 E0.21220 F1700
G1 X151.3952 Y114.8324 Z8.6306 E0.21251 F1700
G1 X151.4534 Y115.7206 Z8.7486 E0.21278 F1700
G1 X151.4883 Y116.6100 Z8.8728 E0.21297 F1700
G1 X151.5000 Y117.5000 Z9.0000 E0.21308 F1700
G1 X151.4883 Y118.3900 Z9.1272 E0.21308 F1700
G1 X151.4534 Y119.2794 Z9.2514 E0.21297 F1700
G1 X151.3952 Y120.1676 Z9.3694 E0.21278 F1700
G1 X151.3137 Y121.0540 Z9.4786 E0.21251 F1700
G1 X151.2091 Y121.9379 Z9.5761 E0.21220 F1700
G1 X151.0814 Y122.8188 Z9.6597 E0.21186 F1700
G1 X150.9307 Y123.6960 Z9.7274 E0.21154 F1700
G1 X150.7570 Y124.5690 Z9.7775 E0.21127 F1700
G1 X150.5606 Y125.4371 Z9.8089 E0.21106 F1700
G1 X150.3415 Y126.2998 Z9.8208 E0.21095 F1700
G1 X150.0999 Y127.1565 Z9.8131 E0.21094 F1700
G1 X149.8359 Y128.0066 Z9.7858 E0.21103 F1700
G1 X149.5498 Y128.8494 Z9.7399 E0.21121 F1700
G1 X149.2417 Y129.6845 Z9.6764 E0.21147 F1700
G1 X148.9119 Y130.5112 Z9.5969 E0.21177 F1700
G1 X148.5605 Y131.3290 Z9.5036 E0.21209 F1700
G1 X148.1879 Y132.1374 Z9.3986 E0.21239 F1700
G1 X147.7942 Y132.9357 Z9.2847 E0.21265 F1700
G1 X147.3798 Y133.7234 Z9.1647 E0.21284 F1700
G1 X146.9449 Y134.5000 Z9.0417 E0.21294 F1700
G1 X146.4898 Y135.2650 Z8.9186 E0.21294 F1700
G1 X146.0148 Y136.0177 Z8.7986 E0.21284 F1700
G1 X145.5203 Y136.7578 Z8.6847 E0.21265 F1700
G1 X145.0066 Y137.4847 Z8.5798 E0.21239 F1700
G1 X144.4740 Y138.1979 Z8.4864 E0.21209 F1700
G1 X143.9230 Y138.8969 Z8.4070 E0.21177 F1700
G1 X143.3538 Y139.5812 Z8.3434 E0.21147 F1700
G1 X142.7669 Y140.2504 Z8.2975 E0.21121 F1700
G1 X142.1627 Y140.9041 Z8.2703 E0.21103 F1700
G1 X141.5416 Y141.5416 Z8.2625 E0.21094 F1700
G1 X140.9041 Y142.1627 Z8.2744 E0.21095 F1700
G1 X140.2504 Y142.7669 Z8.3058 E0.21106 F1700
G1 X139.5812 Y143.3538 Z8.3559 E0.21127 F1700
G1 X138.8969 Y143.9230 Z8.4236 E0.21154 F1700
G1 X138.1979 Y144.4740 Z8.5072 E0.21186 F1700
G1 X137.4847 Y145.0066 Z8.6048 E0.21220 F1700
G1 X136.7578 Y145.5203 Z8.7139 E0.21251 F1700
G1 X136.0177 Y146.0148 Z8.8320 E0.21278 F1700
G1 X135.2650 Y146.4898 Z8.9561 E0.21297 F1700
G1 X134.5000 Y146.9449 Z9.0833 E0.21308 F1700
G1 X133.7234 Y147.3798 Z9.2106 E0.21308 F1700
G1 X132.9357 Y147.7942 Z9.3347 E0.21297 F1700
G1 X132.1374 Y148.1879 Z9.4528 E0.21278 F1700
G1 X131.3290 Y148.5605 Z9.5619 E0.21251 F1700
G1 X130.5112 Y148.9119 Z9.6594 E0.21220 F1700
G1 X129.6845 Y149.2417 Z9.7430 E0.21186 F1700
G1 X128.8494 Y149.5498 Z9.8107 E0.21154 F1700
G1 X128.0066 Y149.8359 Z9.8608 E0.21127 F1700
G1 X127.1565 Y150.0999 Z9.8922 E0.21106 F1700
G1 X126.2998 Y150.3415 Z9.9042 E0.21095 F1700
G1 X125.4371 Y150.5606 Z9.8964 E0.21094 F1700
G1 X124.5690 Y150.7570 Z9.8692 E0.21103 F1700
G1 X123.6960 Y150.9307 Z9.8232 E0.21121 F1700
G1 X122.8188 Y151.0814 Z9.7597 E0.21147 F1700
G1 X121.9379 Y151.2091 Z9.6803 E0.21177 F1700
G1 X121.0540 Y151.3137 Z9.5869 E0.21209 F1700
G1 X120.1676 Y151.3952 Z9.4819 E0.21239 F1700
G1 X119.2794 Y151.4534 Z9.3680 E0.21265 F1700
G1 X118.3900 Y151.4883 Z9.2481 E0.21284 F1700
G1 X117.5000 Y151.5000 Z9.1250 E0.21294 F1700
G1 X116.6100 Y151.4883 Z9.0019 E0.21294 F1700
G1 X115.7206 Y151.4534 Z8.8820 E0.21284 F1700
G1 X114.8324 Y151.3952 Z8.7681 E0.21265 F1700
G1 X113.9460 Y151.3137 Z8.6631 E0.21239 F1700
G1 X113.0621 Y151.2091 Z8.5697 E0.21209 F1700
G1 X112.1812 Y151.0814 Z8.4903 E0.21177 F1700
G1 X111.3040 Y150.9307 Z8.4268 E0.21147 F1700
G1 X110.4310 Y150.7570 Z8.3808 E0.21121 F1700
G1 X109.5629 Y150.5606 Z8.3536 E0.21103 F1700
G1 X108.7002 Y150.3415 Z8.3458 E0.21094 F1700
G1 X107.8435 Y150.0999 Z8.3578 E0.21095 F1700
G1 X106.9934 Y149.8359 Z8.3892 E0.21106 F1700
G1 X106.1506 Y149.5498 Z8.4393 E0.21127 F1700
G1 X105.3155 Y149.2417 Z8.5070 E0.21154 F1700
G1 X104.4888 Y148.9119 Z8.5906 E0.21186 F1700
G1 X103.6710 Y148.5605 Z8.6881 E0.21220 F1700
G1 X102.8626 Y148.1879 Z8.7972 E0.21251 F1700
G1 X102.0643 Y147.7942 Z8.9153 E0.21278 F1700
G1 X101.2766 Y147.3798 Z9.0394 E0.21297 F1700
G1 X100.5000 Y146.9449 Z9.1667 E0.21308 F1700
G1 X99.7350 Y146.4898 Z9.2939 E0.21308 F1700
G1 X98.9823 Y146.0148 Z9.4180 E0.21297 F1700
G1 X98.2422 Y145.5203 Z9.5361 E0.21278 F1700
G1 X97.5153 Y145.0066 Z9.6452 E0.21251 F1700
G1 X96.8021 Y144.4740 Z9.7428 E0.21220 F1700
G1 X96.1031 Y143.9230 Z9.8264 E0.21186 F1700
G1 X95.4188 Y143.3538 Z9.8941 E0.21154 F1700
G1 X94.7496 Y142.7669 Z9.9442 E0.21127 F1700
G1 X94.0959 Y142.1627 Z9.9756 E0.21106 F1700
G1 X93.4584 Y141.5416 Z9.9875 E0.21095 F1700
G1 X92.8373 Y140.9041 Z9.9797 E0.21094 F1700
G1 X92.2331 Y140.2504 Z9.9525 E0.21103 F1700
G1 X91.6462 Y139.5812 Z9.9066 E0.21121 F1700
G1 X91.0770 Y138.8969 Z9.8430 E0.21147 F1700
G1 X90.5260 Y138.1979 Z9.7636 E0.21177 F1700
G1 X89.9934 Y137.4847 Z9.6702 E0.21209 F1700
G1 X89.4797 Y136.7578 Z9.5653 E0.21239 F1700
G1 X88.9852 Y136.0177 Z9.4514 E0.21265 F1700
G1 X88.5102 Y135.2650 Z9.3314 E0.21284 F1700
G1 X88.0551 Y134.5000 Z9.2083 E0.21294 F1700
G1 X87.6202 Y133.7234 Z9.0853 E0.21294 F1700
G1 X87.2058 Y132.9357 Z8.9653 E0.21284 F1700
G1 X86.8121 Y132.1374 Z8.8514 E0.21265 F1700
G1 X86.4395 Y131.3290 Z8.7464 E0.21239 F1700
G1 X86.0881 Y130.5112 Z8.6531 E0.21209 F1700
G1 X85.7583 Y129.6845 Z8.5736 E0.21177 F1700
G1 X85.4502 Y128.8494 Z8.5101 E0.21147 F1700
G1 X85.1641 Y128.0066 Z8.4642 E0.21121 F1700
G1 X84.9001 Y127.1565 Z8.4369 E0.21103 F1700
G1 X84.6585 Y126.2998 Z8.4292 E0.21094 F1700
G1 X84.4394 Y125.4371 Z8.4411 E0.21095 F1700
G1 X84.2430 Y124.5690 Z8.4725 E0.21106 F1700
G1 X84.0693 Y123.6960 Z8.5226 E0.21127 F1700
G1 X83.9186 Y122.8188 Z8.5903 E0.21154 F1700
G1 X83.7909 Y121.9379 Z8.6739 E0.21186 F1700
G1 X83.6863 Y121.0540 Z8.7714 E0.21220 F1700
G1 X83.6048 Y120.1676 Z8.8806 E0.21251 F1700
G1 X83.5466 Y119.2794 Z8.9986 E0.21278 F1700
G1 X83.5117 Y118.3900 Z9.1228 E0.21297 F1700
G1 X83.5000 Y117.5000 Z9.2500 E0.21308 F1700
G1 X83.5117 Y116.6100 Z9.3772 E0.21308 F1700
G1 X83.5466 Y115.7206 Z9.5014 E0.21297 F1700
G1 X83.6048 Y114.8324 Z9.6194 E0.21278 F1700
G1 X83.6863 Y113.9460 Z9.7286 E0.21251 F1700
G1 X83.7909 Y113.0621 Z9.8261 E0.21220 F1700
G1 X83.9186 Y112.1812 Z9.9097 E0.21186 F1700
G1 X84.0693 Y111.3040 Z9.9774 E0.21154 F1700
G1 X84.2430 Y110.4310 Z10.0275 E0.21127 F1700
G1 X84.4394 Y109.5629 Z10.0589 E0.21106 F1700
G1 X84.6585 Y108.7002 Z10.0708 E0.21095 F1700
G1 X84.9001 Y107.8435 Z10.0631 E0.21094 F1700
G1 X85.1641 Y106.9934 Z10.0358 E0.21103 F1700
G1 X85.4502 Y106.1506 Z9.9899 E0.21121 F1700
G1 X85.7583 Y105.3155 Z9.9264 E0.21147 F1700
G1 X86.0881 Y104.4888 Z9.8469 E0.21177 F1700
G1 X86.4395 Y103.6710 Z9.7536 E0.21209 F1700
G1 X86.8121 Y102.8626 Z9.6486 E0.21239 F1700
G1 X87.2058 Y102.0643 Z9.5347 E0.21265 F1700
G1 X87.6202 Y101.2766 Z9.4147 E0.21284 F1700
G1 X88.0551 Y100.5000 Z9.2917 E0.21294 F1700
G1 X88.5102 Y99.7350 Z9.1686 E0.21294 F1700
G1 X88.9852 Y98.9823 Z9.0486 E0.21284 F1700
G1 X89.4797 Y98.2422 Z8.9347 E0.21265 F1700
G1 X89.9934 Y97.5153 Z8.8298 E0.21239 F1700
G1 X90.5260 Y96.8021 Z8.7364 E0.21209 F1700
G1 X91.0770 Y96.1031 Z8.6570 E0.21177 F1700
G1 X91.6462 Y95.4188 Z8.5934 E0.21147 F1700
G1 X92.2331 Y94.7496 Z8.5475 E0.21121 F1700
G1 X92.8373 Y94.0959 Z8.5203 E0.21103 F1700
G1 X93.4584 Y93.4584 Z8.5125 E0.21094 F1700
G1 X94.0959 Y92.8373 Z8.5244 E0.21095 F1700
G1 X94.7496 Y92.2331 Z8.5558 E0.21106 F1700
G1 X95.4188 Y91.6462 Z8.6059 E0.21127 F1700
G1 X96.1031 Y91.0770 Z8.6736 E0.21154 F1700
G1 X96.8021 Y90.5260 Z8.7572 E0.21186 F1700
G1 X97.5153 Y89.9934 Z8.8548 E0.21220 F1700
G1 X98.2422 Y89.4797 Z8.9639 E0.21251 F1700
G1 X98.9823 Y88.9852 Z9.0820 E0.21278 F1700
G1 X99.7350 Y88.5102 Z9.2061 E0.21297 F1700
G1 X100.5000 Y88.0551 Z9.3333 E0.21308 F1700
G1 X101.2766 Y87.6202 Z9.4606 E0.21308 F1700
G1 X102.0643 Y87.2058 Z9.5847 E0.21297 F1700
G1 X102.8626 Y86.8121 Z9.7028 E0.21278 F1700
G1 X103.6710 Y86.4395 Z9.8119 E0.21251 F1700
G1 X104.4888 Y86.0881 Z9.9094 E0.21220 F1700
G1 X105.3155 Y85.7583 Z9.9930 E0.21186 F1700
G1 X106.1506 Y85.4502 Z10.0607 E0.21154 F1700
G1 X106.9934 Y85.1641 Z10.1108 E0.21127 F1700
G1 X107.8435 Y84.9001 Z10.1422 E0.21106 F1700
G1 X108.7002 Y84.6585 Z10.1542 E0.21095 F1700
G1 X109.5629 Y84.4394 Z10.1464 E0.21094 F1700
G1 X110.4310 Y84.2430 Z10.1192 E0.21103 F1700
G1 X111.3040 Y84.0693 Z10.0732 E0.21121 F1700
G1 X112.1812 Y83.9186 Z10.0097 E0.21147 F1700
G1 X113.0621 Y83.7909 Z9.9303 E0.21177 F1700
G1 X113.9460 Y83.6863 Z9.8369 E0.21209 F1700
G1 X114.8324 Y83.6048 Z9.7319 E0.21239 F1700
G1 X115.7206 Y83.5466 Z9.6180 E0.21265 F1700
G1 X116.6100 Y83.5117 Z9.4981 E0.21284 F1700
G1 X117.5000 Y83.5000 Z9.3750 E0.21294 F1700
G1 X118.3900 Y83.5117 Z9.2519 E0.21294 F1700
G1 X119.2794 Y83.5466 Z9.1320 E0.21284 F1700
G1 X120.1676 Y83.6048 Z9.0181 E0.21265 F1700
G1 X121.0540 Y83.6863 Z8.9131 E0.21239 F1700
G1 X121.9379 Y83.7909 Z8.8197 E0.21209 F1700
G1 X122.8188 Y83.9186 Z8.7403 E0.21177 F1700
G1 X123.6960 Y84.0693 Z8.6768 E0.21147 F1700
G1 X124.5690 Y84.2430 Z8.6308 E0.21121 F1700
G1 X125.4371 Y84.4394 Z8.6036 E0.21103 F1700
G1 X126.2998 Y84.6585 Z8.5958 E0.21094 F1700
G1 X127.1565 Y84.9001 Z8.6078 E0.21095 F1700
G1 X128.0066 Y85.1641 Z8.6392 E0.21106 F1700
G1 X128.8494 Y85.4502 Z8.6893 E0.21127 F1700
G1 X129.6845 Y85.7583 Z8.7570 E0.21154 F1700
G1 X130.5112 Y86.0881 Z8.8406 E0.21186 F1700
G1 X131.3290 Y86.4395 Z8.9381 E0.21220 F1700
G1 X132.1374 Y86.8121 Z9.0472 E0.21251 F1700
G1 X132.9357 Y87.2058 Z9.1653 E0.21278 F1700
G1 X133.7234 Y87.6202 Z9.2894 E0.21297 F1700
G1 X134.5000 Y88.0551 Z9.4167 E0.21308 F1700
G1 X135.2650 Y88.5102 Z9.5439 E0.21308 F1700
G1 X136.0177 Y88.9852 Z9.6680 E0.21297 F1700
G1 X136.7578 Y89.4797 Z9.7861 E0.21278 F1700
G1 X137.4847 Y89.9934 Z9.8952 E0.21251 F1700
G1 X138.1979 Y90.5260 Z9.9928 E0.21220 F1700
G1 X138.8969 Y91.0770 Z10.0764 E0.21186 F1700
G1 X139.5812 Y91.6462 Z10.1441 E0.21154 F1700
G1 X140.2504 Y92.2331 Z10.1942 E0.21127 F1700
G1 X140.9041 Y92.8373 Z10.2256 E0.21106 F1700
G1 X141.5416 Y93.4584 Z10.2375 E0.21095 F1700
G1 X142.1627 Y94.0959 Z10.2297 E0.21094 F1700
G1 X142.7669 Y94.7496 Z10.2025 E0.21103 F1700
G1 X143.3538 Y95.4188 Z10.1566 E0.21121 F1700
G1 X143.9230 Y96.1031 Z10.0930 E0.21147 F1700
G1 X144.4740 Y96.8021 Z10.0136 E0.21177 F1700
G1 X145.0066 Y97.5153 Z9.9202 E0.21209 F1700
G1 X145.5203 Y98.2422 Z9.8153 E0.21239 F1700
G1 X146.0148 Y98.9823 Z9.7014 E0.21265 F1700
G1 X146.4898 Y99.7350 Z9.5814 E0.21284 F1700
G1 X146.9449 Y100.5000 Z9.4583 E0.21294 F1700
G1 X147.3798 Y101.2766 Z9.3353 E0.21294 F1700
G1 X147.7942 Y102.0643 Z9.2153 E0.21284 F1700
G1 X148.1879 Y102.8626 Z9.1014 E0.21265 F1700
G1 X148.5605 Y103.6710 Z8.9964 E0.21239 F1700
G1 X148.9119 Y104.4888 Z8.9031 E0.21209 F1700
G1 X149.2417 Y105.3155 Z8.8236 E0.21177 F1700
G1 X149.5498 Y106.1506 Z8.7601 E0.21147 F1700
G1 X149.8359 Y106.9934 Z8.7142 E0.21121 F1700
G1 X150.0999 Y107.8435 Z8.6869 E0.21103 F1700
G1 X150.3415 Y108.7002 Z8.6792 E0.21094 F1700
G1 X150.5606 Y109.5629 Z8.6911 E0.21095 F1700
G1 X150.7570 Y110.4310 Z8.7225 E0.21106 F1700
G1 X150.9307 Y111.3040 Z8.7726 E0.21127 F1700
G1 X151.0814 Y112.1812 Z8.8403 E0.21154 F1700
G1 X151.2091 Y113.0621 Z8.9239 E0.21186 F1700
G1 X151.3137 Y113.9460 Z9.0214 E0.21220 F1700
G1 X151.3952 Y114.8324 Z9.1306 E0.21251 F1700
G1 X151.4534 Y115.7206 Z9.2486 E0.21278 F1700
G1 X151.4883 Y116.6100 Z9.3728 E0.21297 F1700
G1 X151.5000 Y117.5000 Z9.5000 E0.21308 F1700
G1 X151.4883 Y118.3900 Z9.6272 E0.21308 F1700
G1 X151.4534 Y119.2794 Z9.7514 E0.21297 F1700
G1 X151.3952 Y120.1676 Z9.8694 E0.21278 F1700
G1 X151.3137 Y121.0540 Z9.9786 E0.21251 F1700
G1 X151.2091 Y121.9379 Z10.0761 E0.21220 F1700
G1 X151.0814 Y122.8188 Z10.1597 E0.21186 F1700
G1 X150.9307 Y123.6960 Z10.2274 E0.21154 F1700
G1 X150.7570 Y124.5690 Z10.2775 E0.21127 F1700
G1 X150.5606 Y125.4371 Z10.3089 E0.21106 F1700
G1 X150.3415 Y126.2998 Z10.3208 E0.21095 F1700
G1 X150.0999 Y127.1565 Z10.3131 E0.21094 F1700
G1 X149.8359 Y128.0066 Z10.2858 E0.21103 F1700
G1 X149.5498 Y128.8494 Z10.2399 E0.21121 F1700
G1 X149.2417 Y129.6845 Z10.1764 E0.21147 F1700
G1 X148.9119 Y130.5112 Z10.0969 E0.21177 F1700
G1 X148.5605 Y131.3290 Z10.0036 E0.21209 F1700
G1 X148.1879 Y132.1374 Z9.8986 E0.21239 F1700
G1 X147.7942 Y132.9357 Z9.7847 E0.21265 F1700
G1 X147.3798 Y133.7234 Z9.6647 E0.21284 F1700
G1 X146.9449 Y134.5000 Z9.5417 E0.21294 F1700
G1 X146.4898 Y135.2650 Z9.4186 E0.21294 F1700
G1 X146.0148 Y136.0177 Z9.2986 E0.21284 F1700
G1 X145.5203 Y136.7578 Z9.1847 E0.21265 F1700
G1 X145.0066 Y137.4847 Z9.0798 E0.21239 F1700
G1 X144.4740 Y138.1979 Z8.9864 E0.21209 F1700
G1 X143.9230 Y138.8969 Z8.9070 E0.21177 F1700
G1 X143.3538 Y139.5812 Z8.8434 E0.21147 F1700
G1 X142.7669 Y140.2504 Z8.7975 E0.21121 F1700
G1 X142.1627 Y140.9041 Z8.7703 E0.21103 F1700
G1 X141.5416 Y141.5416 Z8.7625 E0.21094 F1700
G1 X140.9041 Y142.1627 Z8.7744 E0.21095 F1700
G1 X140.2504 Y142.7669 Z8.8058 E0.21106 F1700
G1 X139.5812 Y143.3538 Z8.8559 E0.21127 F1700
G1 X138.8969 Y143.9230 Z8.9236 E0.21154 F1700
G1 X138.1979 Y144.4740 Z9.0072 E0.21186 F1700
G1 X137.4847 Y145.0066 Z9.1048 E0.21220 F1700
G1 X136.7578 Y145.5203 Z9.2139 E0.21251 F1700
G1 X136.0177 Y146.0148 Z9.3320 E0.21278 F1700
G1 X135.2650 Y146.4898 Z9.4561 E0.21297 F1700
G1 X134.5000 Y146.9449 Z9.5833 E0.21308 F1700
G1 X133.7234 Y147.3798 Z9.7106 E0.21308 F1700
G1 X132.9357 Y147.7942 Z9.8347 E0.21297 F1700
G1 X132.1374 Y148.1879 Z9.9528 E0.21278 F1700
G1 X131.3290 Y148.5605 Z10.0619 E0.21251 F1700
G1 X130.5112 Y148.9119 Z10.1594 E0.21220 F1700
G1 X129.6845 Y149.2417 Z10.2430 E0.21186 F1700
G1 X128.8494 Y149.5498 Z10.3107 E0.21154 F1700
G1 X128.0066 Y149.8359 Z10.3608 E0.21127 F1700
G1 X127.1565 Y150.0999 Z10.3922 E0.21106 F1700
G1 X126.2998 Y150.3415 Z10.4042 E0.21095 F1700
G1 X125.4371 Y150.5606 Z10.3964 E0.21094 F1700
G1 X124.5690 Y150.7570 Z10.3692 E0.21103 F1700
G1 X123.6960 Y150.9307 Z10.3232 E0.21121 F1700
G1 X122.8188 Y151.0814 Z10.2597 E0.21147 F1700
G1 X121.9379 Y151.2091 Z10.1803 E0.21177 F1700
G1 X121.0540 Y151.3137 Z10.0869 E0.21209 F1700
G1 X120.1676 Y151.3952 Z9.9819 E0.21239 F1700
G1 X119.2794 Y151.4534 Z9.8680 E0.21265 F1700
G1 X118.3900 Y151.4883 Z9.7481 E0.21284 F1700
G1 X117.5000 Y151.5000 Z9.6250 E0.21294 F1700
G1 X116.6100 Y151.4883 Z9.5019 E0.21294 F1700
G1 X115.7206 Y151.4534 Z9.3820 E0.21284 F1700
G1 X114.8324 Y151.3952 Z9.2681 E0.21265 F1700
G1 X113.9460 Y151.3137 Z9.1631 E0.21239 F1700
G1 X113.0621 Y151.2091 Z9.0697 E0.21209 F1700
G1 X112.1812 Y151.0814 Z8.9903 E0.21177 F1700
G1 X111.3040 Y150.9307 Z8.9268 E0.21147 F1700
G1 X110.4310 Y150.7570 Z8.8808 E0.21121 F1700
G1 X109.5629 Y150.5606 Z8.8536 E0.21103 F1700
G1 X108.7002 Y150.3415 Z8.8458 E0.21094 F1700
G1 X107.8435 Y150.0999 Z8.8578 E0.21095 F1700
G1 X106.9934 Y149.8359 Z8.8892 E0.21106 F1700
G1 X106.1506 Y149.5498 Z8.9393 E0.21127 F1700
G1 X105.3155 Y149.2417 Z9.0070 E0.21154 F1700
G1 X104.4888 Y148.9119 Z9.0906 E0.21186 F1700
G1 X103.6710 Y148.5605 Z9.1881 E0.21220 F1700
G1 X102.8626 Y148.1879 Z9.2972 E0.21251 F1700
G1 X102.0643 Y147.7942 Z9.4153 E0.21278 F1700
G1 X101.2766 Y147.3798 Z9.5394 E0.21297 F1700
G1 X100.5000 Y146.9449 Z9.6667 E0.21308 F1700
G1 X99.7350 Y146.4898 Z9.7939 E0.21308 F1700
G1 X98.9823 Y146.0148 Z9.9180 E0.21297 F1700
G1 X98.2422 Y145.5203 Z10.0361 E0.21278 F1700
G1 X97.5153 Y145.0066 Z10.1452 E0.21251 F1700
G1 X96.8021 Y144.4740 Z10.2428 E0.21220 F1700
G1 X96.1031 Y143.9230 Z10.3264 E0.21186 F1700
G1 X95.4188 Y143.3538 Z10.3941 E0.21154 F1700
G1 X94.7496 Y142.7669 Z10.4442 E0.21127 F1700
G1 X94.0959 Y142.1627 Z10.4756 E0.21106 F1700
G1 X93.4584 Y141.5416 Z10.4875 E0.21095 F1700
G1 X92.8373 Y140.9041 Z10.4797 E0.21094 F1700
G1 X92.2331 Y140.2504 Z10.4525 E0.21103 F1700
G1 X91.6462 Y139.5812 Z10.4066 E0.21121 F1700
G1 X91.0770 Y138.8969 Z10.3430 E0.21147 F1700
G1 X90.5260 Y138.1979 Z10.2636 E0.21177 F1700
G1 X89.9934 Y137.4847 Z10.1702 E0.21209 F1700
G1 X89.4797 Y136.7578 Z10.0653 E0.21239 F1700
G1 X88.9852 Y136.0177 Z9.9514 E0.21265 F1700
G1 X88.5102 Y135.2650 Z9.8314 E0.21284 F1700
G1 X88.0551 Y134.5000 Z9.7083 E0.21294 F1700
G1 X87.6202 Y133.7234 Z9.5853 E0.21294 F1700
G1 X87.2058 Y132.9357 Z9.4653 E0.21284 F1700
G1 X86.8121 Y132.1374 Z9.3514 E0.21265 F1700
G1 X86.4395 Y131.3290 Z9.2464 E0.21239 F1700
G1 X86.0881 Y130.5112 Z9.1531 E0.21209 F1700
G1 X85.7583 Y129.6845 Z9.0736 E0.21177 F1700
G1 X85.4502 Y128.8494 Z9.0101 E0.21147 F1700
G1 X85.1641 Y128.0066 Z8.9642 E0.21121 F1700
G1 X84.9001 Y127.1565 Z8.9369 E0.21103 F1700
G1 X84.6585 Y126.2998 Z8.9292 E0.21094 F1700
G1 X84.4394 Y125.4371 Z8.9411 E0.21095 F1700
G1 X84.2430 Y124.5690 Z8.9725 E0.21106 F1700
G1 X84.0693 Y123.6960 Z9.0226 E0.21127 F1700
G1 X83.9186 Y122.8188 Z9.0903 E0.21154 F1700
G1 X83.7909 Y121.9379 Z9.1739 E0.21186 F1700
G1 X83.6863 Y121.0540 Z9.2714 E0.21220 F1700
G1 X83.6048 Y120.1676 Z9.3806 E0.21251 F1700
G1 X83.5466 Y119.2794 Z9.4986 E0.21278 F1700
G1 X83.5117 Y118.3900 Z9.6228 E0.21297 F1700
G1 X83.5000 Y117.5000 Z9.7500 E0.21308 F1700
G1 X83.5117 Y116.6100 Z9.8772 E0.21308 F1700
G1 X83.5466 Y115.7206 Z10.0014 E0.21297 F1700
G1 X83.6048 Y114.8324 Z10.1194 E0.21278 F1700
G1 X83.6863 Y113.9460 Z10.2286 E0.21251 F1700
G1 X83.7909 Y113.0621 Z10.3261 E0.21220 F1700
G1 X83.9186 Y112.1812 Z10.4097 E0.21186 F1700
G1 X84.0693 Y111.3040 Z10.4774 E0.21154 F1700
G1 X84.2430 Y110.4310 Z10.5275 E0.21127 F1700
G1 X84.4394 Y109.5629 Z10.5589 E0.21106 F1700
G1 X84.6585 Y108.7002 Z10.5708 E0.21095 F1700
G1 X84.9001 Y107.8435 Z10.5631 E0.21094 F1700
G1 X85.1641 Y106.9934 Z10.5358 E0.21103 F1700
G1 X85.4502 Y106.1506 Z10.4899 E0.21121 F1700
G1 X85.7583 Y105.3155 Z10.4264 E0.21147 F1700
G1 X86.0881 Y104.4888 Z10.3469 E0.21177 F1700
G1 X86.4395 Y103.6710 Z10.2536 E0.21209 F1700
G1 X86.8121 Y102.8626 Z10.1486 E0.21239 F1700
G1 X87.2058 Y102.0643 Z10.0347 E0.21265 F1700
G1 X87.6202 Y101.2766 Z9.9147 E0.21284 F1700
G1 X88.0551 Y100.5000 Z9.7917 E0.21294 F1700
G1 X88.5102 Y99.7350 Z9.6686 E0.21294 F1700
G1 X88.9852 Y98.9823 Z9.5486 E0.21284 F1700
G1 X89.4797 Y98.2422 Z9.4347 E0.21265 F1700
G1 X89.9934 Y97.5153 Z9.3298 E0.21239 F1700
G1 X90.5260 Y96.8021 Z9.2364 E0.21209 F1700
G1 X91.0770 Y96.1031 Z9.1570 E0.21177 F1700
G1 X91.6462 Y95.4188 Z9.0934 E0.21147 F1700
G1 X92.2331 Y94.7496 Z9.0475 E0.21121 F1700
G1 X92.8373 Y94.0959 Z9.0203 E0.21103 F1700
G1 X93.4584 Y93.4584 Z9.0125 E0.21094 F1700
G1 X94.0959 Y92.8373 Z9.0244 E0.21095 F1700
G1 X94.7496 Y92.2331 Z9.0558 E0.21106 F1700
G1 X95.4188 Y91.6462 Z9.1059 E0.21127 F1700
G1 X96.1031 Y91.0770 Z9.1736 E0.21154 F1700
G1 X96.8021 Y90.5260 Z9.2572 E0.21186 F1700
G1 X97.5153 Y89.9934 Z9.3548 E0.21220 F1700
G1 X98.2422 Y89.4797 Z9.4639 E0.21251 F1700
G1 X98.9823 Y88.9852 Z9.5820 E0.21278 F1700
G1 X99.7350 Y88.5102 Z9.7061 E0.21297 F1700
G1 X100.5000 Y88.0551 Z9.8333 E0.21308 F1700
G1 X101.2766 Y87.6202 Z9.9606 E0.21308 F1700
G1 X102.0643 Y87.2058 Z10.0847 E0.21297 F1700
G1 X102.8626 Y86.8121 Z10.2028 E0.21278 F1700
G1 X103.6710 Y86.4395 Z10.3119 E0.21251 F1700
G1 X104.4888 Y86.0881 Z10.4094 E0.21220 F1700
G1 X105.3155 Y85.7583 Z10.4930 E0.21186 F1700
G1 X106.1506 Y85.4502 Z10.5607 E0.21154 F1700
G1 X106.9934 Y85.1641 Z10.6108 E0.21127 F1700
G1 X107.8435 Y84.9001 Z10.6422 E0.21106 F1700
G1 X108.7002 Y84.6585 Z10.6542 E0.21095 F1700
G1 X109.5629 Y84.4394 Z10.6464 E0.21094 F1700
G1 X110.4310 Y84.2430 Z10.6192 E0.21103 F1700
G1 X111.3040 Y84.0693 Z10.5732 E0.21121 F1700
G1 X112.1812 Y83.9186 Z10.5097 E0.21147 F1700
G1 X113.0621 Y83.7909 Z10.4303 E0.21177 F1700
G1 X113.9460 Y83.6863 Z10.3369 E0.21209 F1700
G1 X114.8324 Y83.6048 Z10.2319 E0.21239 F1700
G1 X115.7206 Y83.5466 Z10.1180 E0.21265 F1700
G1 X116.6100 Y83.5117 Z9.9981 E0.21284 F1700
G1 X117.5000 Y83.5000 Z9.8750 E0.21294 F1700
G1 X118.3900 Y83.5117 Z9.7519 E0.21294 F1700
G1 X119.2794 Y83.5466 Z9.6320 E0.21284 F1700
G1 X120.1676 Y83.6048 Z9.5181 E0.21265 F1700
G1 X121.0540 Y83.6863 Z9.4131 E0.21239 F1700
G1 X121.9379 Y83.7909 Z9.3197 E0.21209 F1700
G1 X122.8188 Y83.9186 Z9.2403 E0.21177 F1700
G1 X123.6960 Y84.0693 Z9.1768 E0.21147 F1700
G1 X124.5690 Y84.2430 Z9.1308 E0.21121 F1700
G1 X125.4371 Y84.4394 Z9.1036 E0.21103 F1700
G1 X126.2998 Y84.6585 Z9.0958 E0.21094 F1700
G1 X127.1565 Y84.9001 Z9.1078 E0.21095 F1700
G1 X128.0066 Y85.1641 Z9.1392 E0.21106 F1700
G1 X128.8494 Y85.4502 Z9.1893 E0.21127 F1700
G1 X129.6845 Y85.7583 Z9.2570 E0.21154 F1700
G1 X130.5112 Y86.0881 Z9.3406 E0.21186 F1700
G1 X131.3290 Y86.4395 Z9.4381 E0.21220 F1700
G1 X132.1374 Y86.8121 Z9.5472 E0.21251 F1700
G1 X132.9357 Y87.2058 Z9.6653 E0.21278 F1700
G1 X133.7234 Y87.6202 Z9.7894 E0.21297 F1700
G1 X134.5000 Y88.0551 Z9.9167 E0.21308 F1700
G1 X135.2650 Y88.5102 Z10.0439 E0.21308 F1700
G1 X136.0177 Y88.9852 Z10.1680 E0.21297 F1700
G1 X136.7578 Y89.4797 Z10.2861 E0.21278 F1700
G1 X137.4847 Y89.9934 Z10.3952 E0.21251 F1700
G1 X138.1979 Y90.5260 Z10.4928 E0.21220 F1700
G1 X138.8969 Y91.0770 Z10.5764 E0.21186 F1700
G1 X139.5812 Y91.6462 Z10.6441 E0.21154 F1700
G1 X140.2504 Y92.2331 Z10.6942 E0.21127 F1700
G1 X140.9041 Y92.8373 Z10.7256 E0.21106 F1700
G1 X141.5416 Y93.4584 Z10.7375 E0.21095 F1700
G1 X142.1627 Y94.0959 Z10.7297 E0.21094 F1700
G1 X142.7669 Y94.7496 Z10.7025 E0.21103 F1700
G1 X143.3538 Y95.4188 Z10.6566 E0.21121 F1700
G1 X143.9230 Y96.1031 Z10.5930 E0.21147 F1700
G1 X144.4740 Y96.8021 Z10.5136 E0.21177 F1700
G1 X145.0066 Y97.5153 Z10.4202 E0.21209 F1700
G1 X145.5203 Y98.2422 Z10.3153 E0.21239 F1700
G1 X146.0148 Y98.9823 Z10.2014 E0.21265 F1700
G1 X146.4898 Y99.7350 Z10.0814 E0.21284 F1700
G1 X146.9449 Y100.5000 Z9.9583 E0.21294 F1700
G1 X147.3798 Y101.2766 Z9.8353 E0.21294 F1700
G1 X147.7942 Y102.0643 Z9.7153 E0.21284 F1700
G1 X148.1879 Y102.8626 Z9.6014 E0.21265 F1700
G1 X148.5605 Y103.6710 Z9.4964 E0.21239 F1700
G1 X148.9119 Y104.4888 Z9.4031 E0.21209 F1700
G1 X149.2417 Y105.3155 Z9.3236 E0.21177 F1700
G1 X149.5498 Y106.1506 Z9.2601 E0.21147 F1700
G1 X149.8359 Y106.9934 Z9.2142 E0.21121 F1700
G1 X150.0999 Y107.8435 Z9.1869 E0.21103 F1700
G1 X150.3415 Y108.7002 Z9.1792 E0.21094 F1700
G1 X150.5606 Y109.5629 Z9.1911 E0.21095 F1700
G1 X150.7570 Y110.4310 Z9.2225 E0.21106 F1700
G1 X150.9307 Y111.3040 Z9.2726 E0.21127 F1700
G1 X151.0814 Y112.1812 Z9.3403 E0.21154 F1700
G1 X151.2091 Y113.0621 Z9.4239 E0.21186 F1700
G1 X151.3137 Y113.9460 Z9.5214 E0.21220 F1700
G1 X151.3952 Y114.8324 Z9.6306 E0.21251 F1700
G1 X151.4534 Y115.7206 Z9.7486 E0.21278 F1700
G1 X151.4883 Y116.6100 Z9.8728 E0.21297 F1700
G1 X151.5000 Y117.5000 Z10.0000 E0.21308 F1700
G1 X151.4883 Y118.3900 Z10.1272 E0.21308 F1700
G1 X151.4534 Y119.2794 Z10.2514 E0.21297 F1700
G1 X151.3952 Y120.1676 Z10.3694 E0.21278 F1700
G1 X151.3137 Y121.0540 Z10.4786 E0.21251 F1700
G1 X151.2091 Y121.9379 Z10.5761 E0.21220 F1700
G1 X151.0814 Y122.8188 Z10.6597 E0.21186 F1700
G1 X150.9307 Y123.6960 Z10.7274 E0.21154 F1700
G1 X150.7570 Y124.5690 Z10.7775 E0.21127 F1700
G1 X150.5606 Y125.4371 Z10.8089 E0.21106 F1700
G1 X150.3415 Y126.2998 Z10.8208 E0.21095 F1700
G1 X150.0999 Y127.1565 Z10.8131 E0.21094 F1700
G1 X149.8359 Y128.0066 Z10.7858 E0.21103 F1700
G1 X149.5498 Y128.8494 Z10.7399 E0.21121 F1700
G1 X149.2417 Y129.6845 Z10.6764 E0.21147 F1700
G1 X148.9119 Y130.5112 Z10.5969 E0.21177 F1700
G1 X148.5605 Y131.3290 Z10.5036 E0.21209 F1700
G1 X148.1879 Y132.1374 Z10.3986 E0.21239 F1700
G1 X147.7942 Y132.9357 Z10.2847 E0.21265 F1700
G1 X147.3798 Y133.7234 Z10.1647 E0.21284 F1700
G1 X146.9449 Y134.5000 Z10.0417 E0.21294 F1700
G1 X146.4898 Y135.2650 Z9.9186 E0.21294 F1700
G1 X146.0148 Y136.0177 Z9.7986 E0.21284 F1700
G1 X145.5203 Y136.7578 Z9.6847 E0.21265 F1700
G1 X145.0066 Y137.4847 Z9.5798 E0.21239 F1700
G1 X144.4740 Y138.1979 Z9.4864 E0.21209 F1700
G1 X143.9230 Y138.8969 Z9.4070 E0.21177 F1700
G1 X143.3538 Y139.5812 Z9.3434 E0.21147 F1700
G1 X142.7669 Y140.2504 Z9.2975 E0.21121 F1700
G1 X142.1627 Y140.9041 Z9.2703 E0.21103 F1700
G1 X141.5416 Y141.5416 Z9.2625 E0.21094 F1700
G1 X140.9041 Y142.1627 Z9.2744 E0.21095 F1700
G1 X140.2504 Y142.7669 Z9.3058 E0.21106 F1700
G1 X139.5812 Y143.3538 Z9.3559 E0.21127 F1700
G1 X138.8969 Y143.9230 Z9.4236 E0.21154 F1700
G1 X138.1979 Y144.4740 Z9.5072 E0.21186 F1700
G1 X137.4847 Y145.0066 Z9.6048 E0.21220 F1700
G1 X136.7578 Y145.5203 Z9.7139 E0.21251 F1700
G1 X136.0177 Y146.0148 Z9.8320 E0.21278 F1700
G1 X135.2650 Y146.4898 Z9.9561 E0.21297 F1700
G1 X134.5000 Y146.9449 Z10.0833 E0.21308 F1700
G1 X133.7234 Y147.3798 Z10.2106 E0.21308 F1700
G1 X132.9357 Y147.7942 Z10.3347 E0.21297 F1700
G1 X132.1374 Y148.1879 Z10.4528 E0.21278 F1700
G1 X131.3290 Y148.5605 Z10.5619 E0.21251 F1700
G1 X130.5112 Y148.9119 Z10.6594 E0.21220 F1700
G1 X129.6845 Y149.2417 Z10.7430 E0.21186 F1700
G1 X128.8494 Y149.5498 Z10.8107 E0.21154 F1700
G1 X128.0066 Y149.8359 Z10.8608 E0.21127 F1700
G1 X127.1565 Y150.0999 Z10.8922 E0.21106 F1700
G1 X126.2998 Y150.3415 Z10.9042 E0.21095 F1700
G1 X125.4371 Y150.5606 Z10.8964 E0.21094 F1700
G1 X124.5690 Y150.7570 Z10.8692 E0.21103 F1700
G1 X123.6960 Y150.9307 Z10.8232 E0.21121 F1700
G1 X122.8188 Y151.0814 Z10.7597 E0.21147 F1700
G1 X121.9379 Y151.2091 Z10.6803 E0.21177 F1700
G1 X121.0540 Y151.3137 Z10.5869 E0.21209 F1700
G1 X120.1676 Y151.3952 Z10.4819 E0.21239 F1700
G1 X119.2794 Y151.4534 Z10.3680 E0.21265 F1700
G1 X118.3900 Y151.4883 Z10.2481 E0.21284 F1700
G1 X117.5000 Y151.5000 Z10.1250 E0.21294 F1700
G1 X116.6100 Y151.4883 Z10.0019 E0.21294 F1700
G1 X115.7206 Y151.4534 Z9.8820 E0.21284 F1700
G1 X114.8324 Y151.3952 Z9.7681 E0.21265 F1700
G1 X113.9460 Y151.3137 Z9.6631 E0.21239 F1700
G1 X113.0621 Y151.2091 Z9.5697 E0.21209 F1700
G1 X112.1812 Y151.0814 Z9.4903 E0.21177 F1700
G1 X111.3040 Y150.9307 Z9.4268 E0.21147 F1700
G1 X110.4310 Y150.7570 Z9.3808 E0.21121 F1700
G1 X109.5629 Y150.5606 Z9.3536 E0.21103 F1700
G1 X108.7002 Y150.3415 Z9.3458 E0.21094 F1700
G1 X107.8435 Y150.0999 Z9.3578 E0.21095 F1700
G1 X106.9934 Y149.8359 Z9.3892 E0.21106 F1700
G1 X106.1506 Y149.5498 Z9.4393 E0.21127 F1700
G1 X105.3155 Y149.2417 Z9.5070 E0.21154 F1700
G1 X104.4888 Y148.9119 Z9.5906 E0.21186 F1700
G1 X103.6710 Y148.5605 Z9.6881 E0.21220 F1700
G1 X102.8626 Y148.1879 Z9.7972 E0.21251 F1700
G1 X102.0643 Y147.7942 Z9.9153 E0.21278 F1700
G1 X101.2766 Y147.3798 Z10.0394 E0.21297 F1700
G1 X100.5000 Y146.9449 Z10.1667 E0.21308 F1700
G1 X99.7350 Y146.4898 Z10.2939 E0.21308 F1700
G1 X98.9823 Y146.0148 Z10.4180 E0.21297 F1700
G1 X98.2422 Y145.5203 Z10.5361 E0.21278 F1700
G1 X97.5153 Y145.0066 Z10.6452 E0.21251 F1700
G1 X96.8021 Y144.4740 Z10.7428 E0.21220 F1700
G1 X96.1031 Y143.9230 Z10.8264 E0.21186 F1700
G1 X95.4188 Y143.3538 Z10.8941 E0.21154 F1700
G1 X94.7496 Y142.7669 Z10.9442 E0.21127 F1700
G1 X94.0959 Y142.1627 Z10.9756 E0.21106 F1700
G1 X93.4584 Y141.5416 Z10.9875 E0.21095 F1700
G1 X92.8373 Y140.9041 Z10.9797 E0.21094 F1700
G1 X92.2331 Y140.2504 Z10.9525 E0.21103 F1700
G1 X91.6462 Y139.5812 Z10.9066 E0.21121 F1700
G1 X91.0770 Y138.8969 Z10.8430 E0.21147 F1700
G1 X90.5260 Y138.1979 Z10.7636 E0.21177 F1700
G1 X89.9934 Y137.4847 Z10.6702 E0.21209 F1700
G1 X89.4797 Y136.7578 Z10.5653 E0.21239 F1700
G1 X88.9852 Y136.0177 Z10.4514 E0.21265 F1700
G1 X88.5102 Y135.2650 Z10.3314 E0.21284 F1700
G1 X88.0551 Y134.5000 Z10.2083 E0.21294 F1700
G1 X87.6202 Y133.7234 Z10.0853 E0.21294 F1700
G1 X87.2058 Y132.9357 Z9.9653 E0.21284 F1700
G1 X86.8121 Y132.1374 Z9.8514 E0.21265 F1700
G1 X86.4395 Y131.3290 Z9.7464 E0.21239 F1700
G1 X86.0881 Y130.5112 Z9.6531 E0.21209 F1700
G1 X85.7583 Y129.6845 Z9.5736 E0.21177 F1700
G1 X85.4502 Y128.8494 Z9.5101 E0.21147 F1700
G1 X85.1641 Y128.0066 Z9.4642 E0.21121 F1700
G1 X84.9001 Y127.1565 Z9.4369 E0.21103 F1700
G1 X84.6585 Y126.2998 Z9.4292 E0.21094 F1700
G1 X84.4394 Y125.4371 Z9.4411 E0.21095 F1700
G1 X84.2430 Y124.5690 Z9.4725 E0.21106 F1700
G1 X84.0693 Y123.6960 Z9.5226 E0.21127 F1700
G1 X83.9186 Y122.8188 Z9.5903 E0.21154 F1700
G1 X83.7909 Y121.9379 Z9.6739 E0.21186 F1700
G1 X83.6863 Y121.0540 Z9.7714 E0.21220 F1700
G1 X83.6048 Y120.1676 Z9.8806 E0.21251 F1700
G1 X83.5466 Y119.2794 Z9.9986 E0.21278 F1700
G1 X83.5117 Y118.3900 Z10.1228 E0.21297 F1700
G1 X83.5000 Y117.5000 Z10.2500 E0.21308 F1700
G1 X83.5117 Y116.6100 Z10.3772 E0.21308 F1700
G1 X83.5466 Y115.7206 Z10.5014 E0.21297 F1700
G1 X83.6048 Y114.8324 Z10.6194 E0.21278 F1700
G1 X83.6863 Y113.9460 Z10.7286 E0.21251 F1700
G1 X83.7909 Y113.0621 Z10.8261 E0.21220 F1700
G1 X83.9186 Y112.1812 Z10.9097 E0.21186 F1700
G1 X84.0693 Y111.3040 Z10.9774 E0.21154 F1700
G1 X84.2430 Y110.4310 Z11.0275 E0.21127 F1700
G1 X84.4394 Y109.5629 Z11.0589 E0.21106 F1700
G1 X84.6585 Y108.7002 Z11.0708 E0.21095 F1700
G1 X84.9001 Y107.8435 Z11.0631 E0.21094 F1700
G1 X85.1641 Y106.9934 Z11.0358 E0.21103 F1700
G1 X85.4502 Y106.1506 Z10.9899 E0.21121 F1700
G1 X85.7583 Y105.3155 Z10.9264 E0.21147 F1700
G1 X86.0881 Y104.4888 Z10.8469 E0.21177 F1700
G1 X86.4395 Y103.6710 Z10.7536 E0.21209 F1700
G1 X86.8121 Y102.8626 Z10.6486 E0.21239 F1700
G1 X87.2058 Y102.0643 Z10.5347 E0.21265 F1700
G1 X87.6202 Y101.2766 Z10.4147 E0.21284 F1700
G1 X88.0551 Y100.5000 Z10.2917 E0.21294 F1700
G1 X88.5102 Y99.7350 Z10.1686 E0.21294 F1700
G1 X88.9852 Y98.9823 Z10.0486 E0.21284 F1700
G1 X89.4797 Y98.2422 Z9.9347 E0.21265 F1700
G1 X89.9934 Y97.5153 Z9.8298 E0.21239 F1700
G1 X90.5260 Y96.8021 Z9.7364 E0.21209 F1700
G1 X91.0770 Y96.1031 Z9.6570 E0.21177 F1700
G1 X91.6462 Y95.4188 Z9.5934 E0.21147 F1700
G1 X92.2331 Y94.7496 Z9.5475 E0.21121 F1700
G1 X92.8373 Y94.0959 Z9.5203 E0.21103 F1700
G1 X93.4584 Y93.4584 Z9.5125 E0.21094 F1700
G1 X94.0959 Y92.8373 Z9.5244 E0.21095 F1700
G1 X94.7496 Y92.2331 Z9.5558 E0.21106 F1700
G1 X95.4188 Y91.6462 Z9.6059 E0.21127 F1700
G1 X96.1031 Y91.0770 Z9.6736 E0.21154 F1700
G1 X96.8021 Y90.5260 Z9.7572 E0.21186 F1700
G1 X97.5153 Y89.9934 Z9.8548 E0.21220 F1700
G1 X98.2422 Y89.4797 Z9.9639 E0.21251 F1700
G1 X98.9823 Y88.9852 Z10.0820 E0.21278 F1700
G1 X99.7350 Y88.5102 Z10.2061 E0.21297 F1700
G1 X100.5000 Y88.0551 Z10.3333 E0.21308 F1700
G1 X101.2766 Y87.6202 Z10.4606 E0.21308 F1700
G1 X102.0643 Y87.2058 Z10.5847 E0.21297 F1700
G1 X102.8626 Y86.8121 Z10.7028 E0.21278 F1700
G1 X103.6710 Y86.4395 Z10.8119 E0.21251 F1700
G1 X104.4888 Y86.0881 Z10.9094 E0.21220 F1700
G1 X105.3155 Y85.7583 Z10.9930 E0.21186 F1700
G1 X106.1506 Y85.4502 Z11.0607 E0.21154 F1700
G1 X106.9934 Y85.1641 Z11.1108 E0.21127 F1700
G1 X107.8435 Y84.9001 Z11.1422 E0.21106 F1700
G1 X108.7002 Y84.6585 Z11.1542 E0.21095 F1700
G1 X109.5629 Y84.4394 Z11.1464 E0.21094 F1700
G1 X110.4310 Y84.2430 Z11.1192 E0.21103 F1700
G1 X111.3040 Y84.0693 Z11.0732 E0.21121 F1700
G1 X112.1812 Y83.9186 Z11.0097 E0.21147 F1700
G1 X113.0621 Y83.7909 Z10.9303 E0.21177 F1700
G1 X113.9460 Y83.6863 Z10.8369 E0.21209 F1700
G1 X114.8324 Y83.6048 Z10.7319 E0.21239 F1700
G1 X115.7206 Y83.5466 Z10.6180 E0.21265 F1700
G1 X116.6100 Y83.5117 Z10.4981 E0.21284 F1700
G1 X117.5000 Y83.5000 Z10.3750 E0.21294 F1700
G1 X118.3900 Y83.5117 Z10.2519 E0.21294 F1700
G1 X119.2794 Y83.5466 Z10.1320 E0.21284 F1700
G1 X120.1676 Y83.6048 Z10.0181 E0.21265 F1700
G1 X121.0540 Y83.6863 Z9.9131 E0.21239 F1700
G1 X121.9379 Y83.7909 Z9.8197 E0.21209 F1700
G1 X122.8188 Y83.9186 Z9.7403 E0.21177 F1700
G1 X123.6960 Y84.0693 Z9.6768 E0.21147 F1700
G1 X124.5690 Y84.2430 Z9.6308 E0.21121 F1700
G1 X125.4371 Y84.4394 Z9.6036 E0.21103 F1700
G1 X126.2998 Y84.6585 Z9.5958 E0.21094 F1700
G1 X127.1565 Y84.9001 Z9.6078 E0.21095 F1700
G1 X128.0066 Y85.1641 Z9.6392 E0.21106 F1700
G1 X128.8494 Y85.4502 Z9.6893 E0.21127 F1700
G1 X129.6845 Y85.7583 Z9.7570 E0.21154 F1700
G1 X130.5112 Y86.0881 Z9.8406 E0.21186 F1700
G1 X131.3290 Y86.4395 Z9.9381 E0.21220 F1700
G1 X132.1374 Y86.8121 Z10.0472 E0.21251 F1700
G1 X132.9357 Y87.2058 Z10.1653 E0.21278 F1700
G1 X133.7234 Y87.6202 Z10.2894 E0.21297 F1700
G1 X134.5000 Y88.0551 Z10.4167 E0.21308 F1700
G1 X135.2650 Y88.5102 Z10.5439 E0.21308 F1700
G1 X136.0177 Y88.9852 Z10.6680 E0.21297 F1700
G1 X136.7578 Y89.4797 Z10.7861 E0.21278 F1700
G1 X137.4847 Y89.9934 Z10.8952 E0.21251 F1700
G1 X138.1979 Y90.5260 Z10.9928 E0.21220 F1700
G1 X138.8969 Y91.0770 Z11.0764 E0.21186 F1700
G1 X139.5812 Y91.6462 Z11.1441 E0.21154 F1700
G1 X140.2504 Y92.2331 Z11.1942 E0.21127 F1700
G1 X140.9041 Y92.8373 Z11.2256 E0.21106 F1700
G1 X141.5416 Y93.4584 Z11.2375 E0.21095 F1700
G1 X142.1627 Y94.0959 Z11.2297 E0.21094 F1700
G1 X142.7669 Y94.7496 Z11.2025 E0.21103 F1700
G1 X143.3538 Y95.4188 Z11.1566 E0.21121 F1700
G1 X143.9230 Y96.1031 Z11.0930 E0.21147 F1700
G1 X144.4740 Y96.8021 Z11.0136 E0.21177 F1700
G1 X145.0066 Y97.5153 Z10.9202 E0.21209 F1700
G1 X145.5203 Y98.2422 Z10.8153 E0.21239 F1700
G1 X146.0148 Y98.9823 Z10.7014 E0.21265 F1700
G1 X146.4898 Y99.7350 Z10.5814 E0.21284 F1700
G1 X146.9449 Y100.5000 Z10.4583 E0.21294 F1700
G1 X147.3798 Y101.2766 Z10.3353 E0.21294 F1700
G1 X147.7942 Y102.0643 Z10.2153 E0.21284 F1700
G1 X148.1879 Y102.8626 Z10.1014 E0.21265 F1700
G1 X148.5605 Y103.6710 Z9.9964 E0.21239 F1700
G1 X148.9119 Y104.4888 Z9.9031 E0.21209 F1700
G1 X149.2417 Y105.3155 Z9.8236 E0.21177 F1700
G1 X149.5498 Y106.1506 Z9.7601 E0.21147 F1700
G1 X149.8359 Y106.9934 Z9.7142 E0.21121 F1700
G1 X150.0999 Y107.8435 Z9.6869 E0.21103 F1700
G1 X150.3415 Y108.7002 Z9.6792 E0.21094 F1700
G1 X150.5606 Y109.5629 Z9.6911 E0.21095 F1700
G1 X150.7570 Y110.4310 Z9.7225 E0.21106 F1700
G1 X150.9307 Y111.3040 Z9.7726 E0.21127 F1700
G1 X151.0814 Y112.1812 Z9.8403 E0.21154 F1700
G1 X151.2091 Y113.0621 Z9.9239 E0.21186 F1700
G1 X151.3137 Y113.9460 Z10.0214 E0.21220 F1700
G1 X151.3952 Y114.8324 Z10.1306 E0.21251 F1700
G1 X151.4534 Y115.7206 Z10.2486 E0.21278 F1700
G1 X151.4883 Y116.6100 Z10.3728 E0.21297 F1700
G1 X151.5000 Y117.5000 Z10.5000 E0.21308 F1700
G1 X151.4883 Y118.3900 Z10.6272 E0.21308 F1700
G1 X151.4534 Y119.2794 Z10.7514 E0.21297 F1700
G1 X151.3952 Y120.1676 Z10.8694 E0.21278 F1700
G1 X151.3137 Y121.0540 Z10.9786 E0.21251 F1700
G1 X151.2091 Y121.9379 Z11.0761 E0.21220 F1700
G1 X151.0814 Y122.8188 Z11.1597 E0.21186 F1700
G1 X150.9307 Y123.6960 Z11.2274 E0.21154 F1700
G1 X150.7570 Y124.5690 Z11.2775 E0.21127 F1700
G1 X150.5606 Y125.4371 Z11.3089 E0.21106 F1700
G1 X150.3415 Y126.2998 Z11.3208 E0.21095 F1700
G1 X150.0999 Y127.1565 Z11.3131 E0.21094 F1700
G1 X149.8359 Y128.0066 Z11.2858 E0.21103 F1700
G1 X149.5498 Y128.8494 Z11.2399 E0.21121 F1700
G1 X149.2417 Y129.6845 Z11.1764 E0.21147 F1700
G1 X148.9119 Y130.5112 Z11.0969 E0.21177 F1700
G1 X148.5605 Y131.3290 Z11.0036 E0.21209 F1700
G1 X148.1879 Y132.1374 Z10.8986 E0.21239 F1700
G1 X147.7942 Y132.9357 Z10.7847 E0.21265 F1700
G1 X147.3798 Y133.7234 Z10.6647 E0.21284 F1700
G1 X146.9449 Y134.5000 Z10.5417 E0.21294 F1700
G1 X146.4898 Y135.2650 Z10.4186 E0.21294 F1700
G1 X146.0148 Y136.0177 Z10.2986 E0.21284 F1700
G1 X145.5203 Y136.7578 Z10.1847 E0.21265 F1700
G1 X145.0066 Y137.4847 Z10.0798 E0.21239 F1700
G1 X144.4740 Y138.1979 Z9.9864 E0.21209 F1700
G1 X143.9230 Y138.8969 Z9.9070 E0.21177 F1700
G1 X143.3538 Y139.5812 Z9.8434 E0.21147 F1700
G1 X142.7669 Y140.2504 Z9.7975 E0.21121 F1700
G1 X142.1627 Y140.9041 Z9.7703 E0.21103 F1700
G1 X141.5416 Y141.5416 Z9.7625 E0.21094 F1700
G1 X140.9041 Y142.1627 Z9.7744 E0.21095 F1700
G1 X140.2504 Y142.7669 Z9.8058 E0.21106 F1700
G1 X139.5812 Y143.3538 Z9.8559 E0.21127 F1700
G1 X138.8969 Y143.9230 Z9.9236 E0.21154 F1700
G1 X138.1979 Y144.4740 Z10.0072 E0.21186 F1700
G1 X137.4847 Y145.0066 Z10.1048 E0.21220 F1700
G1 X136.7578 Y145.5203 Z10.2139 E0.21251 F1700
G1 X136.0177 Y146.0148 Z10.3320 E0.21278 F1700
G1 X135.2650 Y146.4898 Z10.4561 E0.21297 F1700
G1 X134.5000 Y146.9449 Z10.5833 E0.21308 F1700
G1 X133.7234 Y147.3798 Z10.7106 E0.21308 F1700
G1 X132.9357 Y147.7942 Z10.8347 E0.21297 F1700
G1 X132.1374 Y148.1879 Z10.9528 E0.21278 F1700
G1 X131.3290 Y148.5605 Z11.0619 E0.21251 F1700
G1 X130.5112 Y148.9119 Z11.1594 E0.21220 F1700
G1 X129.6845 Y149.2417 Z11.2430 E0.21186 F1700
G1 X128.8494 Y149.5498 Z11.3107 E0.21154 F1700
G1 X128.0066 Y149.8359 Z11.3608 E0.21127 F1700
G1 X127.1565 Y150.0999 Z11.3922 E0.21106 F1700
G1 X126.2998 Y150.3415 Z11.4042 E0.21095 F1700
G1 X125.4371 Y150.5606 Z11.3964 E0.21094 F1700
G1 X124.5690 Y150.7570 Z11.3692 E0.21103 F1700
G1 X123.6960 Y150.9307 Z11.3232 E0.21121 F1700
G1 X122.8188 Y151.0814 Z11.2597 E0.21147 F1700
G1 X121.9379 Y151.2091 Z11.1803 E0.21177 F1700
G1 X121.0540 Y151.3137 Z11.0869 E0.21209 F1700
G1 X120.1676 Y151.3952 Z10.9819 E0.21239 F1700
G1 X119.2794 Y151.4534 Z10.8680 E0.21265 F1700
G1 X118.3900 Y151.4883 Z10.7481 E0.21284 F1700
G1 X117.5000 Y151.5000 Z10.6250 E0.21294 F1700
G1 X116.6100 Y151.4883 Z10.5019 E0.21294 F1700
G1 X115.7206 Y151.4534 Z10.3820 E0.21284 F1700
G1 X114.8324 Y151.3952 Z10.2681 E0.21265 F1700
G1 X113.9460 Y151.3137 Z10.1631 E0.21239 F1700
G1 X113.0621 Y151.2091 Z10.0697 E0.21209 F1700
G1 X112.1812 Y151.0814 Z9.9903 E0.21177 F1700
G1 X111.3040 Y150.9307 Z9.9268 E0.21147 F1700
G1 X110.4310 Y150.7570 Z9.8808 E0.21121 F1700
G1 X109.5629 Y150.5606 Z9.8536 E0.21103 F1700
G1 X108.7002 Y150.3415 Z9.8458 E0.21094 F1700
G1 X107.8435 Y150.0999 Z9.8578 E0.21095 F1700
G1 X106.9934 Y149.8359 Z9.8892 E0.21106 F1700
G1 X106.1506 Y149.5498 Z9.9393 E0.21127 F1700
G1 X105.3155 Y149.2417 Z10.0070 E0.21154 F1700
G1 X104.4888 Y148.9119 Z10.0906 E0.21186 F1700
G1 X103.6710 Y148.5605 Z10.1881 E0.21220 F1700
G1 X102.8626 Y148.1879 Z10.2972 E0.21251 F1700
G1 X102.0643 Y147.7942 Z10.4153 E0.21278 F1700
G1 X101.2766 Y147.3798 Z10.5394 E0.21297 F1700
G1 X100.5000 Y146.9449 Z10.6667 E0.21308 F1700
G1 X99.7350 Y146.4898 Z10.7939 E0.21308 F1700
G1 X98.9823 Y146.0148 Z10.9180 E0.21297 F1700
G1 X98.2422 Y145.5203 Z11.0361 E0.21278 F1700
G1 X97.5153 Y145.0066 Z11.1452 E0.21251 F1700
G1 X96.8021 Y144.4740 Z11.2428 E0.21220 F1700
G1 X96.1031 Y143.9230 Z11.3264 E0.21186 F1700
G1 X95.4188 Y143.3538 Z11.3941 E0.21154 F1700
G1 X94.7496 Y142.7669 Z11.4442 E0.21127 F1700
G1 X94.0959 Y142.1627 Z11.4756 E0.21106 F1700
G1 X93.4584 Y141.5416 Z11.4875 E0.21095 F1700
G1 X92.8373 Y140.9041 Z11.4797 E0.21094 F1700
G1 X92.2331 Y140.2504 Z11.4525 E0.21103 F1700
G1 X91.6462 Y139.5812 Z11.4066 E0.21121 F1700
G1 X91.0770 Y138.8969 Z11.3430 E0.21147 F1700
G1 X90.5260 Y138.1979 Z11.2636 E0.21177 F1700
G1 X89.9934 Y137.4847 Z11.1702 E0.21209 F1700
G1 X89.4797 Y136.7578 Z11.0653 E0.21239 F1700
G1 X88.9852 Y136.0177 Z10.9514 E0.21265 F1700
G1 X88.5102 Y135.2650 Z10.8314 E0.21284 F1700
G1 X88.0551 Y134.5000 Z10.7083 E0.21294 F1700
G1 X87.6202 Y133.7234 Z10.5853 E0.21294 F1700
G1 X87.2058 Y132.9357 Z10.4653 E0.21284 F1700
G1 X86.8121 Y132.1374 Z10.3514 E0.21265 F1700
G1 X86.4395 Y131.3290 Z10.2464 E0.21239 F1700
G1 X86.0881 Y130.5112 Z10.1531 E0.21209 F1700
G1 X85.7583 Y129.6845 Z10.0736 E0.21177 F1700
G1 X85.4502 Y128.8494 Z10.0101 E0.21147 F1700
G1 X85.1641 Y128.0066 Z9.9642 E0.21121 F1700
G1 X84.9001 Y127.1565 Z9.9369 E0.21103 F1700
G1 X84.6585 Y126.2998 Z9.9292 E0.21094 F1700
G1 X84.4394 Y125.4371 Z9.9411 E0.21095 F1700
G1 X84.2430 Y124.5690 Z9.9725 E0.21106 F1700
G1 X84.0693 Y123.6960 Z10.0226 E0.21127 F1700
G1 X83.9186 Y122.8188 Z10.0903 E0.21154 F1700
G1 X83.7909 Y121.9379 Z10.1739 E0.21186 F1700
G1 X83.6863 Y121.0540 Z10.2714 E0.21220 F1700
G1 X83.6048 Y120.1676 Z10.3806 E0.21251 F1700
G1 X83.5466 Y119.2794 Z10.4986 E0.21278 F1700
G1 X83.5117 Y118.3900 Z10.6228 E0.21297 F1700
G1 X83.5000 Y117.5000 Z10.7500 E0.21308 F1700
G1 X83.5117 Y116.6100 Z10.8772 E0.21308 F1700
G1 X83.5466 Y115.7206 Z11.0014 E0.21297 F1700
G1 X83.6048 Y114.8324 Z11.1194 E0.21278 F1700
G1 X83.6863 Y113.9460 Z11.2286 E0.21251 F1700
G1 X83.7909 Y113.0621 Z11.3261 E0.21220 F1700
G1 X83.9186 Y112.1812 Z11.4097 E0.21186 F1700
G1 X84.0693 Y111.3040 Z11.4774 E0.21154 F1700
G1 X84.2430 Y110.4310 Z11.5275 E0.21127 F1700
G1 X84.4394 Y109.5629 Z11.5589 E0.21106 F1700
G1 X84.6585 Y108.7002 Z11.5708 E0.21095 F1700
G1 X84.9001 Y107.8435 Z11.5631 E0.21094 F1700
G1 X85.1641 Y106.9934 Z11.5358 E0.21103 F1700
G1 X85.4502 Y106.1506 Z11.4899 E0.21121 F1700
G1 X85.7583 Y105.3155 Z11.4264 E0.21147 F1700
G1 X86.0881 Y104.4888 Z11.3469 E0.21177 F1700
G1 X86.4395 Y103.6710 Z11.2536 E0.21209 F1700
G1 X86.8121 Y102.8626 Z11.1486 E0.21239 F1700
G1 X87.2058 Y102.0643 Z11.0347 E0.21265 F1700
G1 X87.6202 Y101.2766 Z10.9147 E0.21284 F1700
G1 X88.0551 Y100.5000 Z10.7917 E0.21294 F1700
G1 X88.5102 Y99.7350 Z10.6686 E0.21294 F1700
G1 X88.9852 Y98.9823 Z10.5486 E0.21284 F1700
G1 X89.4797 Y98.2422 Z10.4347 E0.21265 F1700
G1 X89.9934 Y97.5153 Z10.3298 E0.21239 F1700
G1 X90.5260 Y96.8021 Z10.2364 E0.21209 F1700
G1 X91.0770 Y96.1031 Z10.1570 E0.21177 F1700
G1 X91.6462 Y95.4188 Z10.0934 E0.21147 F1700
G1 X92.2331 Y94.7496 Z10.0475 E0.21121 F1700
G1 X92.8373 Y94.0959 Z10.0203 E0.21103 F1700
G1 X93.4584 Y93.4584 Z10.0125 E0.21094 F1700
G1 X94.0959 Y92.8373 Z10.0244 E0.21095 F1700
G1 X94.7496 Y92.2331 Z10.0558 E0.21106 F1700
G1 X95.4188 Y91.6462 Z10.1059 E0.21127 F1700
G1 X96.1031 Y91.0770 Z10.1736 E0.21154 F1700
G1 X96.8021 Y90.5260 Z10.2572 E0.21186 F1700
G1 X97.5153 Y89.9934 Z10.3548 E0.21220 F1700
G1 X98.2422 Y89.4797 Z10.4639 E0.21251 F1700
G1 X98.9823 Y88.9852 Z10.5820 E0.21278 F1700
G1 X99.7350 Y88.5102 Z10.7061 E0.21297 F1700
G1 X100.5000 Y88.0551 Z10.8333 E0.21308 F1700
G1 X101.2766 Y87.6202 Z10.9606 E0.21308 F1700
G1 X102.0643 Y87.2058 Z11.0847 E0.21297 F1700
G1 X102.8626 Y86.8121 Z11.2028 E0.21278 F1700
G1 X103.6710 Y86.4395 Z11.3119 E0.21251 F1700
G1 X104.4888 Y86.0881 Z11.4094 E0.21220 F1700
G1 X105.3155 Y85.7583 Z11.4930 E0.21186 F1700
G1 X106.1506 Y85.4502 Z11.5607 E0.21154 F1700
G1 X106.9934 Y85.1641 Z11.6108 E0.21127 F1700
G1 X107.8435 Y84.9001 Z11.6422 E0.21106 F1700
G1 X108.7002 Y84.6585 Z11.6542 E0.21095 F1700
G1 X109.5629 Y84.4394 Z11.6464 E0.21094 F1700
G1 X110.4310 Y84.2430 Z11.6192 E0.21103 F1700
G1 X111.3040 Y84.0693 Z11.5732 E0.21121 F1700
G1 X112.1812 Y83.9186 Z11.5097 E0.21147 F1700
G1 X113.0621 Y83.7909 Z11.4303 E0.21177 F1700
G1 X113.9460 Y83.6863 Z11.3369 E0.21209 F1700
G1 X114.8324 Y83.6048 Z11.2319 E0.21239 F1700
G1 X115.7206 Y83.5466 Z11.1180 E0.21265 F1700
G1 X116.6100 Y83.5117 Z10.9981 E0.21284 F1700
G1 X117.5000 Y83.5000 Z10.8750 E0.21294 F1700
G1 X118.3900 Y83.5117 Z10.7519 E0.21294 F1700
G1 X119.2794 Y83.5466 Z10.6320 E0.21284 F1700
G1 X120.1676 Y83.6048 Z10.5181 E0.21265 F1700
G1 X121.0540 Y83.6863 Z10.4131 E0.21239 F1700
G1 X121.9379 Y83.7909 Z10.3197 E0.21209 F1700
G1 X122.8188 Y83.9186 Z10.2403 E0.21177 F1700
G1 X123.6960 Y84.0693 Z10.1768 E0.21147 F1700
G1 X124.5690 Y84.2430 Z10.1308 E0.21121 F1700
G1 X125.4371 Y84.4394 Z10.1036 E0.21103 F1700
G1 X126.2998 Y84.6585 Z10.0958 E0.21094 F1700
G1 X127.1565 Y84.9001 Z10.1078 E0.21095 F1700
G1 X128.0066 Y85.1641 Z10.1392 E0.21106 F1700
G1 X128.8494 Y85.4502 Z10.1893 E0.21127 F1700
G1 X129.6845 Y85.7583 Z10.2570 E0.21154 F1700
G1 X130.5112 Y86.0881 Z10.3406 E0.21186 F1700
G1 X131.3290 Y86.4395 Z10.4381 E0.21220 F1700
G1 X132.1374 Y86.8121 Z10.5472 E0.21251 F1700
G1 X132.9357 Y87.2058 Z10.6653 E0.21278 F1700
G1 X133.7234 Y87.6202 Z10.7894 E0.21297 F1700
G1 X134.5000 Y88.0551 Z10.9167 E0.21308 F1700
G1 X135.2650 Y88.5102 Z11.0439 E0.21308 F1700
G1 X136.0177 Y88.9852 Z11.1680 E0.21297 F1700
G1 X136.7578 Y89.4797 Z11.2861 E0.21278 F1700
G1 X137.4847 Y89.9934 Z11.3952 E0.21251 F1700
G1 X138.1979 Y90.5260 Z11.4928 E0.21220 F1700
G1 X138.8969 Y91.0770 Z11.5764 E0.21186 F1700
G1 X139.5812 Y91.6462 Z11.6441 E0.21154 F1700
G1 X140.2504 Y92.2331 Z11.6942 E0.21127 F1700
G1 X140.9041 Y92.8373 Z11.7256 E0.21106 F1700
G1 X141.5416 Y93.4584 Z11.7375 E0.21095 F1700
G1 X142.1627 Y94.0959 Z11.7297 E0.21094 F1700
G1 X142.7669 Y94.7496 Z11.7025 E0.21103 F1700
G1 X143.3538 Y95.4188 Z11.6566 E0.21121 F1700
G1 X143.9230 Y96.1031 Z11.5930 E0.21147 F1700
G1 X144.4740 Y96.8021 Z11.5136 E0.21177 F1700
G1 X145.0066 Y97.5153 Z11.4202 E0.21209 F1700
G1 X145.5203 Y98.2422 Z11.3153 E0.21239 F1700
G1 X146.0148 Y98.9823 Z11.2014 E0.21265 F1700
G1 X146.4898 Y99.7350 Z11.0814 E0.21284 F1700
G1 X146.9449 Y100.5000 Z10.9583 E0.21294 F1700
G1 X147.3798 Y101.2766 Z10.8353 E0.21294 F1700
G1 X147.7942 Y102.0643 Z10.7153 E0.21284 F1700
G1 X148.1879 Y102.8626 Z10.6014 E0.21265 F1700
G1 X148.5605 Y103.6710 Z10.4964 E0.21239 F1700
G1 X148.9119 Y104.4888 Z10.4031 E0.21209 F1700
G1 X149.2417 Y105.3155 Z10.3236 E0.21177 F1700
G1 X149.5498 Y106.1506 Z10.2601 E0.21147 F1700
G1 X149.8359 Y106.9934 Z10.2142 E0.21121 F1700
G1 X150.0999 Y107.8435 Z10.1869 E0.21103 F1700
G1 X150.3415 Y108.7002 Z10.1792 E0.21094 F1700
G1 X150.5606 Y109.5629 Z10.1911 E0.21095 F1700
G1 X150.7570 Y110.4310 Z10.2225 E0.21106 F1700
G1 X150.9307 Y111.3040 Z10.2726 E0.21127 F1700
G1 X151.0814 Y112.1812 Z10.3403 E0.21154 F1700
G1 X151.2091 Y113.0621 Z10.4239 E0.21186 F1700
G1 X151.3137 Y113.9460 Z10.5214 E0.21220 F1700
G1 X151.3952 Y114.8324 Z10.6306 E0.21251 F1700
G1 X151.4534 Y115.7206 Z10.7486 E0.21278 F1700
G1 X151.4883 Y116.6100 Z10.8728 E0.21297 F1700
G1 X151.5000 Y117.5000 Z11.0000 E0.21308 F1700
G1 X151.4883 Y118.3900 Z11.1272 E0.21308 F1700
G1 X151.4534 Y119.2794 Z11.2514 E0.21297 F1700
G1 X151.3952 Y120.1676 Z11.3694 E0.21278 F1700
G1 X151.3137 Y121.0540 Z11.4786 E0.21251 F1700
G1 X151.2091 Y121.9379 Z11.5761 E0.21220 F1700
G1 X151.0814 Y122.8188 Z11.6597 E0.21186 F1700
G1 X150.9307 Y123.6960 Z11.7274 E0.21154 F1700
G1 X150.7570 Y124.5690 Z11.7775 E0.21127 F1700
G1 X150.5606 Y125.4371 Z11.8089 E0.21106 F1700
G1 X150.3415 Y126.2998 Z11.8208 E0.21095 F1700
G1 X150.0999 Y127.1565 Z11.8131 E0.21094 F1700
G1 X149.8359 Y128.0066 Z11.7858 E0.21103 F1700
G1 X149.5498 Y128.8494 Z11.7399 E0.21121 F1700
G1 X149.2417 Y129.6845 Z11.6764 E0.21147 F1700
G1 X148.9119 Y130.5112 Z11.5969 E0.21177 F1700
G1 X148.5605 Y131.3290 Z11.5036 E0.21209 F1700
G1 X148.1879 Y132.1374 Z11.3986 E0.21239 F1700
G1 X147.7942 Y132.9357 Z11.2847 E0.21265 F1700
G1 X147.3798 Y133.7234 Z11.1647 E0.21284 F1700
G1 X146.9449 Y134.5000 Z11.0417 E0.21294 F1700
G1 X146.4898 Y135.2650 Z10.9186 E0.21294 F1700
G1 X146.0148 Y136.0177 Z10.7986 E0.21284 F1700
G1 X145.5203 Y136.7578 Z10.6847 E0.21265 F1700
G1 X145.0066 Y137.4847 Z10.5798 E0.21239 F1700
G1 X144.4740 Y138.1979 Z10.4864 E0.21209 F1700
G1 X143.9230 Y138.8969 Z10.4070 E0.21177 F1700
G1 X143.3538 Y139.5812 Z10.3434 E0.21147 F1700
G1 X142.7669 Y140.2504 Z10.2975 E0.21121 F1700
G1 X142.1627 Y140.9041 Z10.2703 E0.21103 F1700
G1 X141.5416 Y141.5416 Z10.2625 E0.21094 F1700
G1 X140.9041 Y142.1627 Z10.2744 E0.21095 F1700
G1 X140.2504 Y142.7669 Z10.3058 E0.21106 F1700
G1 X139.5812 Y143.3538 Z10.3559 E0.21127 F1700
G1 X138.8969 Y143.9230 Z10.4236 E0.21154 F1700
G1 X138.1979 Y144.4740 Z10.5072 E0.21186 F1700
G1 X137.4847 Y145.0066 Z10.6048 E0.21220 F1700
G1 X136.7578 Y145.5203 Z10.7139 E0.21251 F1700
G1 X136.0177 Y146.0148 Z10.8320 E0.21278 F1700
G1 X135.2650 Y146.4898 Z10.9561 E0.21297 F1700
G1 X134.5000 Y146.9449 Z11.0833 E0.21308 F1700
G1 X133.7234 Y147.3798 Z11.2106 E0.21308 F1700
G1 X132.9357 Y147.7942 Z11.3347 E0.21297 F1700
G1 X132.1374 Y148.1879 Z11.4528 E0.21278 F1700
G1 X131.3290 Y148.5605 Z11.5619 E0.21251 F1700
G1 X130.5112 Y148.9119 Z11.6594 E0.21220 F1700
G1 X129.6845 Y149.2417 Z11.7430 E0.21186 F1700
G1 X128.8494 Y149.5498 Z11.8107 E0.21154 F1700
G1 X128.0066 Y149.8359 Z11.8608 E0.21127 F1700
G1 X127.1565 Y150.0999 Z11.8922 E0.21106 F1700
G1 X126.2998 Y150.3415 Z11.9042 E0.21095 F1700
G1 X125.4371 Y150.5606 Z11.8964 E0.21094 F1700
G1 X124.5690 Y150.7570 Z11.8692 E0.21103 F1700
G1 X123.6960 Y150.9307 Z11.8232 E0.21121 F1700
G1 X122.8188 Y151.0814 Z11.7597 E0.21147 F1700
G1 X121.9379 Y151.2091 Z11.6803 E0.21177 F1700
G1 X121.0540 Y151.3137 Z11.5869 E0.21209 F1700
G1 X120.1676 Y151.3952 Z11.4819 E0.21239 F1700
G1 X119.2794 Y151.4534 Z11.3680 E0.21265 F1700
G1 X118.3900 Y151.4883 Z11.2481 E0.21284 F1700
G1 X117.5000 Y151.5000 Z11.1250 E0.21294 F1700
G1 X116.6100 Y151.4883 Z11.0019 E0.21294 F1700
G1 X115.7206 Y151.4534 Z10.8820 E0.21284 F1700
G1 X114.8324 Y151.3952 Z10.7681 E0.21265 F1700
G1 X113.9460 Y151.3137 Z10.6631 E0.21239 F1700
G1 X113.0621 Y151.2091 Z10.5697 E0.21209 F1700
G1 X112.1812 Y151.0814 Z10.4903 E0.21177 F1700
G1 X111.3040 Y150.9307 Z10.4268 E0.21147 F1700
G1 X110.4310 Y150.7570 Z10.3808 E0.21121 F1700
G1 X109.5629 Y150.5606 Z10.3536 E0.21103 F1700
G1 X108.7002 Y150.3415 Z10.3458 E0.21094 F1700
G1 X107.8435 Y150.0999 Z10.3578 E0.21095 F1700
G1 X106.9934 Y149.8359 Z10.3892 E0.21106 F1700
G1 X106.1506 Y149.5498 Z10.4393 E0.21127 F1700
G1 X105.3155 Y149.2417 Z10.5070 E0.21154 F1700
G1 X104.4888 Y148.9119 Z10.5906 E0.21186 F1700
G1 X103.6710 Y148.5605 Z10.6881 E0.21220 F1700
G1 X102.8626 Y148.1879 Z10.7972 E0.21251 F1700
G1 X102.0643 Y147.7942 Z10.9153 E0.21278 F1700
G1 X101.2766 Y147.3798 Z11.0394 E0.21297 F1700
G1 X100.5000 Y146.9449 Z11.1667 E0.21308 F1700
G1 X99.7350 Y146.4898 Z11.2939 E0.21308 F1700
G1 X98.9823 Y146.0148 Z11.4180 E0.21297 F1700
G1 X98.2422 Y145.5203 Z11.5361 E0.21278 F1700
G1 X97.5153 Y145.0066 Z11.6452 E0.21251 F1700
G1 X96.8021 Y144.4740 Z11.7428 E0.21220 F1700
G1 X96.1031 Y143.9230 Z11.8264 E0.21186 F1700
G1 X95.4188 Y143.3538 Z11.8941 E0.21154 F1700
G1 X94.7496 Y142.7669 Z11.9442 E0.21127 F1700
G1 X94.0959 Y142.1627 Z11.9756 E0.21106 F1700
G1 X93.4584 Y141.5416 Z11.9875 E0.21095 F1700
G1 X92.8373 Y140.9041 Z11.9797 E0.21094 F1700
G1 X92.2331 Y140.2504 Z11.9525 E0.21103 F1700
G1 X91.6462 Y139.5812 Z11.9066 E0.21121 F1700
G1 X91.0770 Y138.8969 Z11.8430 E0.21147 F1700
G1 X90.5260 Y138.1979 Z11.7636 E0.21177 F1700
G1 X89.9934 Y137.4847 Z11.6702 E0.21209 F1700
G1 X89.4797 Y136.7578 Z11.5653 E0.21239 F1700
G1 X88.9852 Y136.0177 Z11.4514 E0.21265 F1700
G1 X88.5102 Y135.2650 Z11.3314 E0.21284 F1700
G1 X88.0551 Y134.5000 Z11.2083 E0.21294 F1700
G1 X87.6202 Y133.7234 Z11.0853 E0.21294 F1700
G1 X87.2058 Y132.9357 Z10.9653 E0.21284 F1700
G1 X86.8121 Y132.1374 Z10.8514 E0.21265 F1700
G1 X86.4395 Y131.3290 Z10.7464 E0.21239 F1700
G1 X86.0881 Y130.5112 Z10.6531 E0.21209 F1700
G1 X85.7583 Y129.6845 Z10.5736 E0.21177 F1700
G1 X85.4502 Y128.8494 Z10.5101 E0.21147 F1700
G1 X85.1641 Y128.0066 Z10.4642 E0.21121 F1700
G1 X84.9001 Y127.1565 Z10.4369 E0.21103 F1700
G1 X84.6585 Y126.2998 Z10.4292 E0.21094 F1700
G1 X84.4394 Y125.4371 Z10.4411 E0.21095 F1700
G1 X84.2430 Y124.5690 Z10.4725 E0.21106 F1700
G1 X84.0693 Y123.6960 Z10.5226 E0.21127 F1700
G1 X83.9186 Y122.8188 Z10.5903 E0.21154 F1700
G1 X83.7909 Y121.9379 Z10.6739 E0.21186 F1700
G1 X83.6863 Y121.0540 Z10.7714 E0.21220 F1700
G1 X83.6048 Y120.1676 Z10.8806 E0.21251 F1700
G1 X83.5466 Y119.2794 Z10.9986 E0.21278 F1700
G1 X83.5117 Y118.3900 Z11.1228 E0.21297 F1700
G1 X83.5000 Y117.5000 Z11.2500 E0.21308 F1700
G1 X83.5117 Y116.6100 Z11.3772 E0.21308 F1700
G1 X83.5466 Y115.7206 Z11.5014 E0.21297 F1700
G1 X83.6048 Y114.8324 Z11.6194 E0.21278 F1700
G1 X83.6863 Y113.9460 Z11.7286 E0.21251 F1700
G1 X83.7909 Y113.0621 Z11.8261 E0.21220 F1700
G1 X83.9186 Y112.1812 Z11.9097 E0.21186 F1700
G1 X84.0693 Y111.3040 Z11.9774 E0.21154 F1700
G1 X84.2430 Y110.4310 Z12.0275 E0.21127 F1700
G1 X84.4394 Y109.5629 Z12.0589 E0.21106 F1700
G1 X84.6585 Y108.7002 Z12.0708 E0.21095 F1700
G1 X84.9001 Y107.8435 Z12.0631 E0.21094 F1700
G1 X85.1641 Y106.9934 Z12.0358 E0.21103 F1700
G1 X85.4502 Y106.1506 Z11.9899 E0.21121 F1700
G1 X85.7583 Y105.3155 Z11.9264 E0.21147 F1700
G1 X86.0881 Y104.4888 Z11.8469 E0.21177 F1700
G1 X86.4395 Y103.6710 Z11.7536 E0.21209 F1700
G1 X86.8121 Y102.8626 Z11.6486 E0.21239 F1700
G1 X87.2058 Y102.0643 Z11.5347 E0.21265 F1700
G1 X87.6202 Y101.2766 Z11.4147 E0.21284 F1700
G1 X88.0551 Y100.5000 Z11.2917 E0.21294 F1700
G1 X88.5102 Y99.7350 Z11.1686 E0.21294 F1700
G1 X88.9852 Y98.9823 Z11.0486 E0.21284 F1700
G1 X89.4797 Y98.2422 Z10.9347 E0.21265 F1700
G1 X89.9934 Y97.5153 Z10.8298 E0.21239 F1700
G1 X90.5260 Y96.8021 Z10.7364 E0.21209 F1700
G1 X91.0770 Y96.1031 Z10.6570 E0.21177 F1700
G1 X91.6462 Y95.4188 Z10.5934 E0.21147 F1700
G1 X92.2331 Y94.7496 Z10.5475 E0.21121 F1700
G1 X92.8373 Y94.0959 Z10.5203 E0.21103 F1700
G1 X93.4584 Y93.4584 Z10.5125 E0.21094 F1700
G1 X94.0959 Y92.8373 Z10.5244 E0.21095 F1700
G1 X94.7496 Y92.2331 Z10.5558 E0.21106 F1700
G1 X95.4188 Y91.6462 Z10.6059 E0.21127 F1700
G1 X96.1031 Y91.0770 Z10.6736 E0.21154 F1700
G1 X96.8021 Y90.5260 Z10.7572 E0.21186 F1700
G1 X97.5153 Y89.9934 Z10.8548 E0.21220 F1700
G1 X98.2422 Y89.4797 Z10.9639 E0.21251 F1700
G1 X98.9823 Y88.9852 Z11.0820 E0.21278 F1700
G1 X99.7350 Y88.5102 Z11.2061 E0.21297 F1700
G1 X100.5000 Y88.0551 Z11.3333 E0.21308 F1700
G1 X101.2766 Y87.6202 Z11.4606 E0.21308 F1700
G1 X102.0643 Y87.2058 Z11.5847 E0.21297 F1700
G1 X102.8626 Y86.8121 Z11.7028 E0.21278 F1700
G1 X103.6710 Y86.4395 Z11.8119 E0.21251 F1700
G1 X104.4888 Y86.0881 Z11.9094 E0.21220 F1700
G1 X105.3155 Y85.7583 Z11.9930 E0.21186 F1700
G1 X106.1506 Y85.4502 Z12.0607 E0.21154 F1700
G1 X106.9934 Y85.1641 Z12.1108 E0.21127 F1700
G1 X107.8435 Y84.9001 Z12.1422 E0.21106 F1700
G1 X108.7002 Y84.6585 Z12.1542 E0.21095 F1700
G1 X109.5629 Y84.4394 Z12.1464 E0.21094 F1700
G1 X110.4310 Y84.2430 Z12.1192 E0.21103 F1700
G1 X111.3040 Y84.0693 Z12.0732 E0.21121 F1700
G1 X112.1812 Y83.9186 Z12.0097 E0.21147 F1700
G1 X113.0621 Y83.7909 Z11.9303 E0.21177 F1700
G1 X113.9460 Y83.6863 Z11.8369 E0.21209 F1700
G1 X114.8324 Y83.6048 Z11.7319 E0.21239 F1700
G1 X115.7206 Y83.5466 Z11.6180 E0.21265 F1700
G1 X116.6100 Y83.5117 Z11.4981 E0.21284 F1700
G1 X117.5000 Y83.5000 Z11.3750 E0.21294 F1700
G1 X118.3900 Y83.5117 Z11.2519 E0.21294 F1700
G1 X119.2794 Y83.5466 Z11.1320 E0.21284 F1700
G1 X120.1676 Y83.6048 Z11.0181 E0.21265 F1700
G1 X121.0540 Y83.6863 Z10.9131 E0.21239 F1700
G1 X121.9379 Y83.7909 Z10.8197 E0.21209 F1700
G1 X122.8188 Y83.9186 Z10.7403 E0.21177 F1700
G1 X123.6960 Y84.0693 Z10.6768 E0.21147 F1700
G1 X124.5690 Y84.2430 Z10.6308 E0.21121 F1700
G1 X125.4371 Y84.4394 Z10.6036 E0.21103 F1700
G1 X126.2998 Y84.6585 Z10.5958 E0.21094 F1700
G1 X127.1565 Y84.9001 Z10.6078 E0.21095 F1700
G1 X128.0066 Y85.1641 Z10.6392 E0.21106 F1700
G1 X128.8494 Y85.4502 Z10.6893 E0.21127 F1700
G1 X129.6845 Y85.7583 Z10.7570 E0.21154 F1700
G1 X130.5112 Y86.0881 Z10.8406 E0.21186 F1700
G1 X131.3290 Y86.4395 Z10.9381 E0.21220 F1700
G1 X132.1374 Y86.8121 Z11.0472 E0.21251 F1700
G1 X132.9357 Y87.2058 Z11.1653 E0.21278 F1700
G1 X133.7234 Y87.6202 Z11.2894 E0.21297 F1700
G1 X134.5000 Y88.0551 Z11.4167 E0.21308 F1700
G1 X135.2650 Y88.5102 Z11.5439 E0.21308 F1700
G1 X136.0177 Y88.9852 Z11.6680 E0.21297 F1700
G1 X136.7578 Y89.4797 Z11.7861 E0.21278 F1700
G1 X137.4847 Y89.9934 Z11.8952 E0.21251 F1700
G1 X138.1979 Y90.5260 Z11.9928 E0.21220 F1700
G1 X138.8969 Y91.0770 Z12.0764 E0.21186 F1700
G1 X139.5812 Y91.6462 Z12.1441 E0.21154 F1700
G1 X140.2504 Y92.2331 Z12.1942 E0.21127 F1700
G1 X140.9041 Y92.8373 Z12.2256 E0.21106 F1700
G1 X141.5416 Y93.4584 Z12.2375 E0.21095 F1700
G1 X142.1627 Y94.0959 Z12.2297 E0.21094 F1700
G1 X142.7669 Y94.7496 Z12.2025 E0.21103 F1700
G1 X143.3538 Y95.4188 Z12.1566 E0.21121 F1700
G1 X143.9230 Y96.1031 Z12.0930 E0.21147 F1700
G1 X144.4740 Y96.8021 Z12.0136 E0.21177 F1700
G1 X145.0066 Y97.5153 Z11.9202 E0.21209 F1700
G1 X145.5203 Y98.2422 Z11.8153 E0.21239 F1700
G1 X146.0148 Y98.9823 Z11.7014 E0.21265 F1700
G1 X146.4898 Y99.7350 Z11.5814 E0.21284 F1700
G1 X146.9449 Y100.5000 Z11.4583 E0.21294 F1700
G1 X147.3798 Y101.2766 Z11.3353 E0.21294 F1700
G1 X147.7942 Y102.0643 Z11.2153 E0.21284 F1700
G1 X148.1879 Y102.8626 Z11.1014 E0.21265 F1700
G1 X148.5605 Y103.6710 Z10.9964 E0.21239 F1700
G1 X148.9119 Y104.4888 Z10.9031 E0.21209 F1700
G1 X149.2417 Y105.3155 Z10.8236 E0.21177 F1700
G1 X149.5498 Y106.1506 Z10.7601 E0.21147 F1700
G1 X149.8359 Y106.9934 Z10.7142 E0.21121 F1700
G1 X150.0999 Y107.8435 Z10.6869 E0.21103 F1700
G1 X150.3415 Y108.7002 Z10.6792 E0.21094 F1700
G1 X150.5606 Y109.5629 Z10.6911 E0.21095 F1700
G1 X150.7570 Y110.4310 Z10.7225 E0.21106 F1700
G1 X150.9307 Y111.3040 Z10.7726 E0.21127 F1700
G1 X151.0814 Y112.1812 Z10.8403 E0.21154 F1700
G1 X151.2091 Y113.0621 Z10.9239 E0.21186 F1700
G1 X151.3137 Y113.9460 Z11.0214 E0.21220 F1700
G1 X151.3952 Y114.8324 Z11.1306 E0.21251 F1700
G1 X151.4534 Y115.7206 Z11.2486 E0.21278 F1700
G1 X151.4883 Y116.6100 Z11.3728 E0.21297 F1700
G1 X151.5000 Y117.5000 Z11.5000 E0.21308 F1700
G1 X151.4883 Y118.3900 Z11.6272 E0.21308 F1700
G1 X151.4534 Y119.2794 Z11.7514 E0.21297 F1700
G1 X151.3952 Y120.1676 Z11.8694 E0.21278 F1700
G1 X151.3137 Y121.0540 Z11.9786 E0.21251 F1700
G1 X151.2091 Y121.9379 Z12.0761 E0.21220 F1700
G1 X151.0814 Y122.8188 Z12.1597 E0.21186 F1700
G1 X150.9307 Y123.6960 Z12.2274 E0.21154 F1700
G1 X150.7570 Y124.5690 Z12.2775 E0.21127 F1700
G1 X150.5606 Y125.4371 Z12.3089 E0.21106 F1700
G1 X150.3415 Y126.2998 Z12.3208 E0.21095 F1700
G1 X150.0999 Y127.1565 Z12.3131 E0.21094 F1700
G1 X149.8359 Y128.0066 Z12.2858 E0.21103 F1700
G1 X149.5498 Y128.8494 Z12.2399 E0.21121 F1700
G1 X149.2417 Y129.6845 Z12.1764 E0.21147 F1700
G1 X148.9119 Y130.5112 Z12.0969 E0.21177 F1700
G1 X148.5605 Y131.3290 Z12.0036 E0.21209 F1700
G1 X148.1879 Y132.1374 Z11.8986 E0.21239 F1700
G1 X147.7942 Y132.9357 Z11.7847 E0.21265 F1700
G1 X147.3798 Y133.7234 Z11.6647 E0.21284 F1700
G1 X146.9449 Y134.5000 Z11.5417 E0.21294 F1700
G1 X146.4898 Y135.2650 Z11.4186 E0.21294 F1700
G1 X146.0148 Y136.0177 Z11.2986 E0.21284 F1700
G1 X145.5203 Y136.7578 Z11.1847 E0.21265 F1700
G1 X145.0066 Y137.4847 Z11.0798 E0.21239 F1700
G1 X144.4740 Y138.1979 Z10.9864 E0.21209 F1700
G1 X143.9230 Y138.8969 Z10.9070 E0.21177 F1700
G1 X143.3538 Y139.5812 Z10.8434 E0.21147 F1700
G1 X142.7669 Y140.2504 Z10.7975 E0.21121 F1700
G1 X142.1627 Y140.9041 Z10.7703 E0.21103 F1700
G1 X141.5416 Y141.5416 Z10.7625 E0.21094 F1700
G1 X140.9041 Y142.1627 Z10.7744 E0.21095 F1700
G1 X140.2504 Y142.7669 Z10.8058 E0.21106 F1700
G1 X139.5812 Y143.3538 Z10.8559 E0.21127 F1700
G1 X138.8969 Y143.9230 Z10.9236 E0.21154 F1700
G1 X138.1979 Y144.4740 Z11.0072 E0.21186 F1700
G1 X137.4847 Y145.0066 Z11.1048 E0.21220 F1700
G1 X136.7578 Y145.5203 Z11.2139 E0.21251 F1700
G1 X136.0177 Y146.0148 Z11.3320 E0.21278 F1700
G1 X135.2650 Y146.4898 Z11.4561 E0.21297 F1700
G1 X134.5000 Y146.9449 Z11.5833 E0.21308 F1700
G1 X133.7234 Y147.3798 Z11.7106 E0.21308 F1700
G1 X132.9357 Y147.7942 Z11.8347 E0.21297 F1700
G1 X132.1374 Y148.1879 Z11.9528 E0.21278 F1700
G1 X131.3290 Y148.5605 Z12.0619 E0.21251 F1700
G1 X130.5112 Y148.9119 Z12.1594 E0.21220 F1700
G1 X129.6845 Y149.2417 Z12.2430 E0.21186 F1700
G1 X128.8494 Y149.5498 Z12.3107 E0.21154 F1700
G1 X128.0066 Y149.8359 Z12.3608 E0.21127 F1700
G1 X127.1565 Y150.0999 Z12.3922 E0.21106 F1700
G1 X126.2998 Y150.3415 Z12.4042 E0.21095 F1700
G1 X125.4371 Y150.5606 Z12.3964 E0.21094 F1700
G1 X124.5690 Y150.7570 Z12.3692 E0.21103 F1700
G1 X123.6960 Y150.9307 Z12.3232 E0.21121 F1700
G1 X122.8188 Y151.0814 Z12.2597 E0.21147 F1700
G1 X121.9379 Y151.2091 Z12.1803 E0.21177 F1700
G1 X121.0540 Y151.3137 Z12.0869 E0.21209 F1700
G1 X120.1676 Y151.3952 Z11.9819 E0.21239 F1700
G1 X119.2794 Y151.4534 Z11.8680 E0.21265 F1700
G1 X118.3900 Y151.4883 Z11.7481 E0.21284 F1700
G1 X117.5000 Y151.5000 Z11.6250 E0.21294 F1700
G1 X116.6100 Y151.4883 Z11.5019 E0.21294 F1700
G1 X115.7206 Y151.4534 Z11.3820 E0.21284 F1700
G1 X114.8324 Y151.3952 Z11.2681 E0.21265 F1700
G1 X113.9460 Y151.3137 Z11.1631 E0.21239 F1700
G1 X113.0621 Y151.2091 Z11.0697 E0.21209 F1700
G1 X112.1812 Y151.0814 Z10.9903 E0.21177 F1700
G1 X111.3040 Y150.9307 Z10.9268 E0.21147 F1700
G1 X110.4310 Y150.7570 Z10.8808 E0.21121 F1700
G1 X109.5629 Y150.5606 Z10.8536 E0.21103 F1700
G1 X108.7002 Y150.3415 Z10.8458 E0.21094 F1700
G1 X107.8435 Y150.0999 Z10.8578 E0.21095 F1700
G1 X106.9934 Y149.8359 Z10.8892 E0.21106 F1700
G1 X106.1506 Y149.5498 Z10.9393 E0.21127 F1700
G1 X105.3155 Y149.2417 Z11.0070 E0.21154 F1700
G1 X104.4888 Y148.9119 Z11.0906 E0.21186 F1700
G1 X103.6710 Y148.5605 Z11.1881 E0.21220 F1700
G1 X102.8626 Y148.1879 Z11.2972 E0.21251 F1700
G1 X102.0643 Y147.7942 Z11.4153 E0.21278 F1700
G1 X101.2766 Y147.3798 Z11.5394 E0.21297 F1700
G1 X100.5000 Y146.9449 Z11.6667 E0.21308 F1700
G1 X99.7350 Y146.4898 Z11.7939 E0.21308 F1700
G1 X98.9823 Y146.0148 Z11.9180 E0.21297 F1700
G1 X98.2422 Y145.5203 Z12.0361 E0.21278 F1700
G1 X97.5153 Y145.0066 Z12.1452 E0.21251 F1700
G1 X96.8021 Y144.4740 Z12.2428 E0.21220 F1700
G1 X96.1031 Y143.9230 Z12.3264 E0.21186 F1700
G1 X95.4188 Y143.3538 Z12.3941 E0.21154 F1700
G1 X94.7496 Y142.7669 Z12.4442 E0.21127 F1700
G1 X94.0959 Y142.1627 Z12.4756 E0.21106 F1700
G1 X93.4584 Y141.5416 Z12.4875 E0.21095 F1700
G1 X92.8373 Y140.9041 Z12.4797 E0.21094 F1700
G1 X92.2331 Y140.2504 Z12.4525 E0.21103 F1700
G1 X91.6462 Y139.5812 Z12.4066 E0.21121 F1700
G1 X91.0770 Y138.8969 Z12.3430 E0.21147 F1700
G1 X90.5260 Y138.1979 Z12.2636 E0.21177 F1700
G1 X89.9934 Y137.4847 Z12.1702 E0.21209 F1700
G1 X89.4797 Y136.7578 Z12.0653 E0.21239 F1700
G1 X88.9852 Y136.0177 Z11.9514 E0.21265 F1700
G1 X88.5102 Y135.2650 Z11.8314 E0.21284 F1700
G1 X88.0551 Y134.5000 Z11.7083 E0.21294 F1700
G1 X87.6202 Y133.7234 Z11.5853 E0.21294 F1700
G1 X87.2058 Y132.9357 Z11.4653 E0.21284 F1700
G1 X86.8121 Y132.1374 Z11.3514 E0.21265 F1700
G1 X86.4395 Y131.3290 Z11.2464 E0.21239 F1700
G1 X86.0881 Y130.5112 Z11.1531 E0.21209 F1700
G1 X85.7583 Y129.6845 Z11.0736 E0.21177 F1700
G1 X85.4502 Y128.8494 Z11.0101 E0.21147 F1700
G1 X85.1641 Y128.0066 Z10.9642 E0.21121 F1700
G1 X84.9001 Y127.1565 Z10.9369 E0.21103 F1700
G1 X84.6585 Y126.2998 Z10.9292 E0.21094 F1700
G1 X84.4394 Y125.4371 Z10.9411 E0.21095 F1700
G1 X84.2430 Y124.5690 Z10.9725 E0.21106 F1700
G1 X84.0693 Y123.6960 Z11.0226 E0.21127 F1700
G1 X83.9186 Y122.8188 Z11.0903 E0.21154 F1700
G1 X83.7909 Y121.9379 Z11.1739 E0.21186 F1700
G1 X83.6863 Y121.0540 Z11.2714 E0.21220 F1700
G1 X83.6048 Y120.1676 Z11.3806 E0.21251 F1700
G1 X83.5466 Y119.2794 Z11.4986 E0.21278 F1700
G1 X83.5117 Y118.3900 Z11.6228 E0.21297 F1700
G1 X83.5000 Y117.5000 Z11.7500 E0.21308 F1700
G1 X83.5117 Y116.6100 Z11.8772 E0.21308 F1700
G1 X83.5466 Y115.7206 Z12.0014 E0.21297 F1700
G1 X83.6048 Y114.8324 Z12.1194 E0.21278 F1700
G1 X83.6863 Y113.9460 Z12.2286 E0.21251 F1700
G1 X83.7909 Y113.0621 Z12.3261 E0.21220 F1700
G1 X83.9186 Y112.1812 Z12.4097 E0.21186 F1700
G1 X84.0693 Y111.3040 Z12.4774 E0.21154 F1700
G1 X84.2430 Y110.4310 Z12.5275 E0.21127 F1700
G1 X84.4394 Y109.5629 Z12.5589 E0.21106 F1700
G1 X84.6585 Y108.7002 Z12.5708 E0.21095 F1700
G1 X84.9001 Y107.8435 Z12.5631 E0.21094 F1700
G1 X85.1641 Y106.9934 Z12.5358 E0.21103 F1700
G1 X85.4502 Y106.1506 Z12.4899 E0.21121 F1700
G1 X85.7583 Y105.3155 Z12.4264 E0.21147 F1700
G1 X86.0881 Y104.4888 Z12.3469 E0.21177 F1700
G1 X86.4395 Y103.6710 Z12.2536 E0.21209 F1700
G1 X86.8121 Y102.8626 Z12.1486 E0.21239 F1700
G1 X87.2058 Y102.0643 Z12.0347 E0.21265 F1700
G1 X87.6202 Y101.2766 Z11.9147 E0.21284 F1700
G1 X88.0551 Y100.5000 Z11.7917 E0.21294 F1700
G1 X88.5102 Y99.7350 Z11.6686 E0.21294 F1700
G1 X88.9852 Y98.9823 Z11.5486 E0.21284 F1700
G1 X89.4797 Y98.2422 Z11.4347 E0.21265 F1700
G1 X89.9934 Y97.5153 Z11.3298 E0.21239 F1700
G1 X90.5260 Y96.8021 Z11.2364 E0.21209 F1700
G1 X91.0770 Y96.1031 Z11.1570 E0.21177 F1700
G1 X91.6462 Y95.4188 Z11.0934 E0.21147 F1700
G1 X92.2331 Y94.7496 Z11.0475 E0.21121 F1700
G1 X92.8373 Y94.0959 Z11.0203 E0.21103 F1700
G1 X93.4584 Y93.4584 Z11.0125 E0.21094 F1700
G1 X94.0959 Y92.8373 Z11.0244 E0.21095 F1700
G1 X94.7496 Y92.2331 Z11.0558 E0.21106 F1700
G1 X95.4188 Y91.6462 Z11.1059 E0.21127 F1700
G1 X96.1031 Y91.0770 Z11.1736 E0.21154 F1700
G1 X96.8021 Y90.5260 Z11.2572 E0.21186 F1700
G1 X97.5153 Y89.9934 Z11.3548 E0.21220 F1700
G1 X98.2422 Y89.4797 Z11.4639 E0.21251 F1700
G1 X98.9823 Y88.9852 Z11.5820 E0.21278 F1700
G1 X99.7350 Y88.5102 Z11.7061 E0.21297 F1700
G1 X100.5000 Y88.0551 Z11.8333 E0.21308 F1700
G1 X101.2766 Y87.6202 Z11.9606 E0.21308 F1700
G1 X102.0643 Y87.2058 Z12.0847 E0.21297 F1700
G1 X102.8626 Y86.8121 Z12.2028 E0.21278 F1700
G1 X103.6710 Y86.4395 Z12.3119 E0.21251 F1700
G1 X104.4888 Y86.0881 Z12.4094 E0.21220 F1700
G1 X105.3155 Y85.7583 Z12.4930 E0.21186 F1700
G1 X106.1506 Y85.4502 Z12.5607 E0.21154 F1700
G1 X106.9934 Y85.1641 Z12.6108 E0.21127 F1700
G1 X107.8435 Y84.9001 Z12.6422 E0.21106 F1700
G1 X108.7002 Y84.6585 Z12.6542 E0.21095 F1700
G1 X109.5629 Y84.4394 Z12.6464 E0.21094 F1700
G1 X110.4310 Y84.2430 Z12.6192 E0.21103 F1700
G1 X111.3040 Y84.0693 Z12.5732 E0.21121 F1700
G1 X112.1812 Y83.9186 Z12.5097 E0.21147 F1700
G1 X113.0621 Y83.7909 Z12.4303 E0.21177 F1700
G1 X113.9460 Y83.6863 Z12.3369 E0.21209 F1700
G1 X114.8324 Y83.6048 Z12.2319 E0.21239 F1700
G1 X115.7206 Y83.5466 Z12.1180 E0.21265 F1700
G1 X116.6100 Y83.5117 Z11.9981 E0.21284 F1700
G1 X117.5000 Y83.5000 Z11.8750 E0.21294 F1700
G1 X118.3900 Y83.5117 Z11.7519 E0.21294 F1700
G1 X119.2794 Y83.5466 Z11.6320 E0.21284 F1700
G1 X120.1676 Y83.6048 Z11.5181 E0.21265 F1700
G1 X121.0540 Y83.6863 Z11.4131 E0.21239 F1700
G1 X121.9379 Y83.7909 Z11.3197 E0.21209 F1700
G1 X122.8188 Y83.9186 Z11.2403 E0.21177 F1700
G1 X123.6960 Y84.0693 Z11.1768 E0.21147 F1700
G1 X124.5690 Y84.2430 Z11.1308 E0.21121 F1700
G1 X125.4371 Y84.4394 Z11.1036 E0.21103 F1700
G1 X126.2998 Y84.6585 Z11.0958 E0.21094 F1700
G1 X127.1565 Y84.9001 Z11.1078 E0.21095 F1700
G1 X128.0066 Y85.1641 Z11.1392 E0.21106 F1700
G1 X128.8494 Y85.4502 Z11.1893 E0.21127 F1700
G1 X129.6845 Y85.7583 Z11.2570 E0.21154 F1700
G1 X130.5112 Y86.0881 Z11.3406 E0.21186 F1700
G1 X131.3290 Y86.4395 Z11.4381 E0.21220 F1700
G1 X132.1374 Y86.8121 Z11.5472 E0.21251 F1700
G1 X132.9357 Y87.2058 Z11.6653 E0.21278 F1700
G1 X133.7234 Y87.6202 Z11.7894 E0.21297 F1700
G1 X134.5000 Y88.0551 Z11.9167 E0.21308 F1700
G1 X135.2650 Y88.5102 Z12.0439 E0.21308 F1700
G1 X136.0177 Y88.9852 Z12.1680 E0.21297 F1700
G1 X136.7578 Y89.4797 Z12.2861 E0.21278 F1700
G1 X137.4847 Y89.9934 Z12.3952 E0.21251 F1700
G1 X138.1979 Y90.5260 Z12.4928 E0.21220 F1700
G1 X138.8969 Y91.0770 Z12.5764 E0.21186 F1700
G1 X139.5812 Y91.6462 Z12.6441 E0.21154 F1700
G1 X140.2504 Y92.2331 Z12.6942 E0.21127 F1700
G1 X140.9041 Y92.8373 Z12.7256 E0.21106 F1700
G1 X141.5416 Y93.4584 Z12.7375 E0.21095 F1700
G1 X142.1627 Y94.0959 Z12.7297 E0.21094 F1700
G1 X142.7669 Y94.7496 Z12.7025 E0.21103 F1700
G1 X143.3538 Y95.4188 Z12.6566 E0.21121 F1700
G1 X143.9230 Y96.1031 Z12.5930 E0.21147 F1700
G1 X144.4740 Y96.8021 Z12.5136 E0.21177 F1700
G1 X145.0066 Y97.5153 Z12.4202 E0.21209 F1700
G1 X145.5203 Y98.2422 Z12.3153 E0.21239 F1700
G1 X146.0148 Y98.9823 Z12.2014 E0.21265 F1700
G1 X146.4898 Y99.7350 Z12.0814 E0.21284 F1700
G1 X146.9449 Y100.5000 Z11.9583 E0.21294 F1700
G1 X147.3798 Y101.2766 Z11.8353 E0.21294 F1700
G1 X147.7942 Y102.0643 Z11.7153 E0.21284 F1700
G1 X148.1879 Y102.8626 Z11.6014 E0.21265 F1700
G1 X148.5605 Y103.6710 Z11.4964 E0.21239 F1700
G1 X148.9119 Y104.4888 Z11.4031 E0.21209 F1700
G1 X149.2417 Y105.3155 Z11.3236 E0.21177 F1700
G1 X149.5498 Y106.1506 Z11.2601 E0.21147 F1700
G1 X149.8359 Y106.9934 Z11.2142 E0.21121 F1700
G1 X150.0999 Y107.8435 Z11.1869 E0.21103 F1700
G1 X150.3415 Y108.7002 Z11.1792 E0.21094 F1700
G1 X150.5606 Y109.5629 Z11.1911 E0.21095 F1700
G1 X150.7570 Y110.4310 Z11.2225 E0.21106 F1700
G1 X150.9307 Y111.3040 Z11.2726 E0.21127 F1700
G1 X151.0814 Y112.1812 Z11.3403 E0.21154 F1700
G1 X151.2091 Y113.0621 Z11.4239 E0.21186 F1700
G1 X151.3137 Y113.9460 Z11.5214 E0.21220 F1700
G1 X151.3952 Y114.8324 Z11.6306 E0.21251 F1700
G1 X151.4534 Y115.7206 Z11.7486 E0.21278 F1700
G1 X151.4883 Y116.6100 Z11.8728 E0.21297 F1700
G1 X151.5000 Y117.5000 Z12.0000 E0.21308 F1700
G1 X151.4883 Y118.3900 Z12.1272 E0.21308 F1700
G1 X151.4534 Y119.2794 Z12.2514 E0.21297 F1700
G1 X151.3952 Y120.1676 Z12.3694 E0.21278 F1700
G1 X151.3137 Y121.0540 Z12.4786 E0.21251 F1700
G1 X151.2091 Y121.9379 Z12.5761 E0.21220 F1700
G1 X151.0814 Y122.8188 Z12.6597 E0.21186 F1700
G1 X150.9307 Y123.6960 Z12.7274 E0.21154 F1700
G1 X150.7570 Y124.5690 Z12.7775 E0.21127 F1700
G1 X150.5606 Y125.4371 Z12.8089 E0.21106 F1700
G1 X150.3415 Y126.2998 Z12.8208 E0.21095 F1700
G1 X150.0999 Y127.1565 Z12.8131 E0.21094 F1700
G1 X149.8359 Y128.0066 Z12.7858 E0.21103 F1700
G1 X149.5498 Y128.8494 Z12.7399 E0.21121 F1700
G1 X149.2417 Y129.6845 Z12.6764 E0.21147 F1700
G1 X148.9119 Y130.5112 Z12.5969 E0.21177 F1700
G1 X148.5605 Y131.3290 Z12.5036 E0.21209 F1700
G1 X148.1879 Y132.1374 Z12.3986 E0.21239 F1700
G1 X147.7942 Y132.9357 Z12.2847 E0.21265 F1700
G1 X147.3798 Y133.7234 Z12.1647 E0.21284 F1700
G1 X146.9449 Y134.5000 Z12.0417 E0.21294 F1700
G1 X146.4898 Y135.2650 Z11.9186 E0.21294 F1700
G1 X146.0148 Y136.0177 Z11.7986 E0.21284 F1700
G1 X145.5203 Y136.7578 Z11.6847 E0.21265 F1700
G1 X145.0066 Y137.4847 Z11.5798 E0.21239 F1700
G1 X144.4740 Y138.1979 Z11.4864 E0.21209 F1700
G1 X143.9230 Y138.8969 Z11.4070 E0.21177 F1700
G1 X143.3538 Y139.5812 Z11.3434 E0.21147 F1700
G1 X142.7669 Y140.2504 Z11.2975 E0.21121 F1700
G1 X142.1627 Y140.9041 Z11.2703 E0.21103 F1700
G1 X141.5416 Y141.5416 Z11.2625 E0.21094 F1700
G1 X140.9041 Y142.1627 Z11.2744 E0.21095 F1700
G1 X140.2504 Y142.7669 Z11.3058 E0.21106 F1700
G1 X139.5812 Y143.3538 Z11.3559 E0.21127 F1700
G1 X138.8969 Y143.9230 Z11.4236 E0.21154 F1700
G1 X138.1979 Y144.4740 Z11.5072 E0.21186 F1700
G1 X137.4847 Y145.0066 Z11.6048 E0.21220 F1700
G1 X136.7578 Y145.5203 Z11.7139 E0.21251 F1700
G1 X136.0177 Y146.0148 Z11.8320 E0.21278 F1700
G1 X135.2650 Y146.4898 Z11.9561 E0.21297 F1700
G1 X134.5000 Y146.9449 Z12.0833 E0.21308 F1700
G1 X133.7234 Y147.3798 Z12.2106 E0.21308 F1700
G1 X132.9357 Y147.7942 Z12.3347 E0.21297 F1700
G1 X132.1374 Y148.1879 Z12.4528 E0.21278 F1700
G1 X131.3290 Y148.5605 Z12.5619 E0.21251 F1700
G1 X130.5112 Y148.9119 Z12.6594 E0.21220 F1700
G1 X129.6845 Y149.2417 Z12.7430 E0.21186 F1700
G1 X128.8494 Y149.5498 Z12.8107 E0.21154 F1700
G1 X128.0066 Y149.8359 Z12.8608 E0.21127 F1700
G1 X127.1565 Y150.0999 Z12.8922 E0.21106 F1700
G1 X126.2998 Y150.3415 Z12.9042 E0.21095 F1700
G1 X125.4371 Y150.5606 Z12.8964 E0.21094 F1700
G1 X124.5690 Y150.7570 Z12.8692 E0.21103 F1700
G1 X123.6960 Y150.9307 Z12.8232 E0.21121 F1700
G1 X122.8188 Y151.0814 Z12.7597 E0.21147 F1700
G1 X121.9379 Y151.2091 Z12.6803 E0.21177 F1700
G1 X121.0540 Y151.3137 Z12.5869 E0.21209 F1700
G1 X120.1676 Y151.3952 Z12.4819 E0.21239 F1700
G1 X119.2794 Y151.4534 Z12.3680 E0.21265 F1700
G1 X118.3900 Y151.4883 Z12.2481 E0.21284 F1700
G1 X117.5000 Y151.5000 Z12.1250 E0.21294 F1700
G1 X116.6100 Y151.4883 Z12.0019 E0.21294 F1700
G1 X115.7206 Y151.4534 Z11.8820 E0.21284 F1700
G1 X114.8324 Y151.3952 Z11.7681 E0.21265 F1700
G1 X113.9460 Y151.3137 Z11.6631 E0.21239 F1700
G1 X113.0621 Y151.2091 Z11.5697 E0.21209 F1700
G1 X112.1812 Y151.0814 Z11.4903 E0.21177 F1700
G1 X111.3040 Y150.9307 Z11.4268 E0.21147 F1700
G1 X110.4310 Y150.7570 Z11.3808 E0.21121 F1700
G1 X109.5629 Y150.5606 Z11.3536 E0.21103 F1700
G1 X108.7002 Y150.3415 Z11.3458 E0.21094 F1700
G1 X107.8435 Y150.0999 Z11.3578 E0.21095 F1700
G1 X106.9934 Y149.8359 Z11.3892 E0.21106 F1700
G1 X106.1506 Y149.5498 Z11.4393 E0.21127 F1700
G1 X105.3155 Y149.2417 Z11.5070 E0.21154 F1700
G1 X104.4888 Y148.9119 Z11.5906 E0.21186 F1700
G1 X103.6710 Y148.5605 Z11.6881 E0.21220 F1700
G1 X102.8626 Y148.1879 Z11.7972 E0.21251 F1700
G1 X102.0643 Y147.7942 Z11.9153 E0.21278 F1700
G1 X101.2766 Y147.3798 Z12.0394 E0.21297 F1700
G1 X100.5000 Y146.9449 Z12.1667 E0.21308 F1700
G1 X99.7350 Y146.4898 Z12.2939 E0.21308 F1700
G1 X98.9823 Y146.0148 Z12.4180 E0.21297 F1700
G1 X98.2422 Y145.5203 Z12.5361 E0.21278 F1700
G1 X97.5153 Y145.0066 Z12.6452 E0.21251 F1700
G1 X96.8021 Y144.4740 Z12.7428 E0.21220 F1700
G1 X96.1031 Y143.9230 Z12.8264 E0.21186 F1700
G1 X95.4188 Y143.3538 Z12.8941 E0.21154 F1700
G1 X94.7496 Y142.7669 Z12.9442 E0.21127 F1700
G1 X94.0959 Y142.1627 Z12.9756 E0.21106 F1700
G1 X93.4584 Y141.5416 Z12.9875 E0.21095 F1700
G1 X92.8373 Y140.9041 Z12.9797 E0.21094 F1700
G1 X92.2331 Y140.2504 Z12.9525 E0.21103 F1700
G1 X91.6462 Y139.5812 Z12.9066 E0.21121 F1700
G1 X91.0770 Y138.8969 Z12.8430 E0.21147 F1700
G1 X90.5260 Y138.1979 Z12.7636 E0.21177 F1700
G1 X89.9934 Y137.4847 Z12.6702 E0.21209 F1700
G1 X89.4797 Y136.7578 Z12.5653 E0.21239 F1700
G1 X88.9852 Y136.0177 Z12.4514 E0.21265 F1700
G1 X88.5102 Y135.2650 Z12.3314 E0.21284 F1700
G1 X88.0551 Y134.5000 Z12.2083 E0.21294 F1700
G1 X87.6202 Y133.7234 Z12.0853 E0.21294 F1700
G1 X87.2058 Y132.9357 Z11.9653 E0.21284 F1700
G1 X86.8121 Y132.1374 Z11.8514 E0.21265 F1700
G1 X86.4395 Y131.3290 Z11.7464 E0.21239 F1700
G1 X86.0881 Y130.5112 Z11.6531 E0.21209 F1700
G1 X85.7583 Y129.6845 Z11.5736 E0.21177 F1700
G1 X85.4502 Y128.8494 Z11.5101 E0.21147 F1700
G1 X85.1641 Y128.0066 Z11.4642 E0.21121 F1700
G1 X84.9001 Y127.1565 Z11.4369 E0.21103 F1700
G1 X84.6585 Y126.2998 Z11.4292 E0.21094 F1700
G1 X84.4394 Y125.4371 Z11.4411 E0.21095 F1700
G1 X84.2430 Y124.5690 Z11.4725 E0.21106 F1700
G1 X84.0693 Y123.6960 Z11.5226 E0.21127 F1700
G1 X83.9186 Y122.8188 Z11.5903 E0.21154 F1700
G1 X83.7909 Y121.9379 Z11.6739 E0.21186 F1700
G1 X83.6863 Y121.0540 Z11.7714 E0.21220 F1700
G1 X83.6048 Y120.1676 Z11.8806 E0.21251 F1700
G1 X83.5466 Y119.2794 Z11.9986 E0.21278 F1700
G1 X83.5117 Y118.3900 Z12.1228 E0.21297 F1700
G1 X83.5000 Y117.5000 Z12.2500 E0.21308 F1700
G1 X83.5117 Y116.6100 Z12.3772 E0.21308 F1700
G1 X83.5466 Y115.7206 Z12.5014 E0.21297 F1700
G1 X83.6048 Y114.8324 Z12.6194 E0.21278 F1700
G1 X83.6863 Y113.9460 Z12.7286 E0.21251 F1700
G1 X83.7909 Y113.0621 Z12.8261 E0.21220 F1700
G1 X83.9186 Y112.1812 Z12.9097 E0.21186 F1700
G1 X84.0693 Y111.3040 Z12.9774 E0.21154 F1700
G1 X84.2430 Y110.4310 Z13.0275 E0.21127 F1700
G1 X84.4394 Y109.5629 Z13.0589 E0.21106 F1700
G1 X84.6585 Y108.7002 Z13.0708 E0.21095 F1700
G1 X84.9001 Y107.8435 Z13.0631 E0.21094 F1700
G1 X85.1641 Y106.9934 Z13.0358 E0.21103 F1700
G1 X85.4502 Y106.1506 Z12.9899 E0.21121 F1700
G1 X85.7583 Y105.3155 Z12.9264 E0.21147 F1700
G1 X86.0881 Y104.4888 Z12.8469 E0.21177 F1700
G1 X86.4395 Y103.6710 Z12.7536 E0.21209 F1700
G1 X86.8121 Y102.8626 Z12.6486 E0.21239 F1700
G1 X87.2058 Y102.0643 Z12.5347 E0.21265 F1700
G1 X87.6202 Y101.2766 Z12.4147 E0.21284 F1700
G1 X88.0551 Y100.5000 Z12.2917 E0.21294 F1700
G1 X88.5102 Y99.7350 Z12.1686 E0.21294 F1700
G1 X88.9852 Y98.9823 Z12.0486 E0.21284 F1700
G1 X89.4797 Y98.2422 Z11.9347 E0.21265 F1700
G1 X89.9934 Y97.5153 Z11.8298 E0.21239 F1700
G1 X90.5260 Y96.8021 Z11.7364 E0.21209 F1700
G1 X91.0770 Y96.1031 Z11.6570 E0.21177 F1700
G1 X91.6462 Y95.4188 Z11.5934 E0.21147 F1700
G1 X92.2331 Y94.7496 Z11.5475 E0.21121 F1700
G1 X92.8373 Y94.0959 Z11.5203 E0.21103 F1700
G1 X93.4584 Y93.4584 Z11.5125 E0.21094 F1700
G1 X94.0959 Y92.8373 Z11.5244 E0.21095 F1700
G1 X94.7496 Y92.2331 Z11.5558 E0.21106 F1700
G1 X95.4188 Y91.6462 Z11.6059 E0.21127 F1700
G1 X96.1031 Y91.0770 Z11.6736 E0.21154 F1700
G1 X96.8021 Y90.5260 Z11.7572 E0.21186 F1700
G1 X97.5153 Y89.9934 Z11.8548 E0.21220 F1700
G1 X98.2422 Y89.4797 Z11.9639 E0.21251 F1700
G1 X98.9823 Y88.9852 Z12.0820 E0.21278 F1700
G1 X99.7350 Y88.5102 Z12.2061 E0.21297 F1700
G1 X100.5000 Y88.0551 Z12.3333 E0.21308 F1700
G1 X101.2766 Y87.6202 Z12.4606 E0.21308 F1700
G1 X102.0643 Y87.2058 Z12.5847 E0.21297 F1700
G1 X102.8626 Y86.8121 Z12.7028 E0.21278 F1700
G1 X103.6710 Y86.4395 Z12.8119 E0.21251 F1700
G1 X104.4888 Y86.0881 Z12.9094 E0.21220 F1700
G1 X105.3155 Y85.7583 Z12.9930 E0.21186 F1700
G1 X106.1506 Y85.4502 Z13.0607 E0.21154 F1700
G1 X106.9934 Y85.1641 Z13.1108 E0.21127 F1700
G1 X107.8435 Y84.9001 Z13.1422 E0.21106 F1700
G1 X108.7002 Y84.6585 Z13.1542 E0.21095 F1700
G1 X109.5629 Y84.4394 Z13.1464 E0.21094 F1700
G1 X110.4310 Y84.2430 Z13.1192 E0.21103 F1700
G1 X111.3040 Y84.0693 Z13.0732 E0.21121 F1700
G1 X112.1812 Y83.9186 Z13.0097 E0.21147 F1700
G1 X113.0621 Y83.7909 Z12.9303 E0.21177 F1700
G1 X113.9460 Y83.6863 Z12.8369 E0.21209 F1700
G1 X114.8324 Y83.6048 Z12.7319 E0.21239 F1700
G1 X115.7206 Y83.5466 Z12.6180 E0.21265 F1700
G1 X116.6100 Y83.5117 Z12.4981 E0.21284 F1700
G1 X117.5000 Y83.5000 Z12.3750 E0.21294 F1700
G1 X118.3900 Y83.5117 Z12.2519 E0.21294 F1700
G1 X119.2794 Y83.5466 Z12.1320 E0.21284 F1700
G1 X120.1676 Y83.6048 Z12.0181 E0.21265 F1700
G1 X121.0540 Y83.6863 Z11.9131 E0.21239 F1700
G1 X121.9379 Y83.7909 Z11.8197 E0.21209 F1700
G1 X122.8188 Y83.9186 Z11.7403 E0.21177 F1700
G1 X123.6960 Y84.0693 Z11.6768 E0.21147 F1700
G1 X124.5690 Y84.2430 Z11.6308 E0.21121 F1700
G1 X125.4371 Y84.4394 Z11.6036 E0.21103 F1700
G1 X126.2998 Y84.6585 Z11.5958 E0.21094 F1700
G1 X127.1565 Y84.9001 Z11.6078 E0.21095 F1700
G1 X128.0066 Y85.1641 Z11.6392 E0.21106 F1700
G1 X128.8494 Y85.4502 Z11.6893 E0.21127 F1700
G1 X129.6845 Y85.7583 Z11.7570 E0.21154 F1700
G1 X130.5112 Y86.0881 Z11.8406 E0.21186 F1700
G1 X131.3290 Y86.4395 Z11.9381 E0.21220 F1700
G1 X132.1374 Y86.8121 Z12.0472 E0.21251 F1700
G1 X132.9357 Y87.2058 Z12.1653 E0.21278 F1700
G1 X133.7234 Y87.6202 Z12.2894 E0.21297 F1700
G1 X134.5000 Y88.0551 Z12.4167 E0.21308 F1700
G1 X135.2650 Y88.5102 Z12.5439 E0.21308 F1700
G1 X136.0177 Y88.9852 Z12.6680 E0.21297 F1700
G1 X136.7578 Y89.4797 Z12.7861 E0.21278 F1700
G1 X137.4847 Y89.9934 Z12.8952 E0.21251 F1700
G1 X138.1979 Y90.5260 Z12.9928 E0.21220 F1700
G1 X138.8969 Y91.0770 Z13.0764 E0.21186 F1700
G1 X139.5812 Y91.6462 Z13.1441 E0.21154 F1700
G1 X140.2504 Y92.2331 Z13.1942 E0.21127 F1700
G1 X140.9041 Y92.8373 Z13.2256 E0.21106 F1700
G1 X141.5416 Y93.4584 Z13.2375 E0.21095 F1700
G1 X142.1627 Y94.0959 Z13.2297 E0.21094 F1700
G1 X142.7669 Y94.7496 Z13.2025 E0.21103 F1700
G1 X143.3538 Y95.4188 Z13.1566 E0.21121 F1700
G1 X143.9230 Y96.1031 Z13.0930 E0.21147 F1700
G1 X144.4740 Y96.8021 Z13.0136 E0.21177 F1700
G1 X145.0066 Y97.5153 Z12.9202 E0.21209 F1700
G1 X145.5203 Y98.2422 Z12.8153 E0.21239 F1700
G1 X146.0148 Y98.9823 Z12.7014 E0.21265 F1700
G1 X146.4898 Y99.7350 Z12.5814 E0.21284 F1700
G1 X146.9449 Y100.5000 Z12.4583 E0.21294 F1700
G1 X147.3798 Y101.2766 Z12.3353 E0.21294 F1700
G1 X147.7942 Y102.0643 Z12.2153 E0.21284 F1700
G1 X148.1879 Y102.8626 Z12.1014 E0.21265 F1700
G1 X148.5605 Y103.6710 Z11.9964 E0.21239 F1700
G1 X148.9119 Y104.4888 Z11.9031 E0.21209 F1700
G1 X149.2417 Y105.3155 Z11.8236 E0.21177 F1700
G1 X149.5498 Y106.1506 Z11.7601 E0.21147 F1700
G1 X149.8359 Y106.9934 Z11.7142 E0.21121 F1700
G1 X150.0999 Y107.8435 Z11.6869 E0.21103 F1700
G1 X150.3415 Y108.7002 Z11.6792 E0.21094 F1700
G1 X150.5606 Y109.5629 Z11.6911 E0.21095 F1700
G1 X150.7570 Y110.4310 Z11.7225 E0.21106 F1700
G1 X150.9307 Y111.3040 Z11.7726 E0.21127 F1700
G1 X151.0814 Y112.1812 Z11.8403 E0.21154 F1700
G1 X151.2091 Y113.0621 Z11.9239 E0.21186 F1700
G1 X151.3137 Y113.9460 Z12.0214 E0.21220 F1700
G1 X151.3952 Y114.8324 Z12.1306 E0.21251 F1700
G1 X151.4534 Y115.7206 Z12.2486 E0.21278 F1700
G1 X151.4883 Y116.6100 Z12.3728 E0.21297 F1700
G1 X151.5000 Y117.5000 Z12.5000 E0.21308 F1700
G1 X151.4883 Y118.3900 Z12.6272 E0.21308 F1700
G1 X151.4534 Y119.2794 Z12.7514 E0.21297 F1700
G1 X151.3952 Y120.1676 Z12.8694 E0.21278 F1700
G1 X151.3137 Y121.0540 Z12.9786 E0.21251 F1700
G1 X151.2091 Y121.9379 Z13.0761 E0.21220 F1700
G1 X151.0814 Y122.8188 Z13.1597 E0.21186 F1700
G1 X150.9307 Y123.6960 Z13.2274 E0.21154 F1700
G1 X150.7570 Y124.5690 Z13.2775 E0.21127 F1700
G1 X150.5606 Y125.4371 Z13.3089 E0.21106 F1700
G1 X150.3415 Y126.2998 Z13.3208 E0.21095 F1700
G1 X150.0999 Y127.1565 Z13.3131 E0.21094 F1700
G1 X149.8359 Y128.0066 Z13.2858 E0.21103 F1700
G1 X149.5498 Y128.8494 Z13.2399 E0.21121 F1700
G1 X149.2417 Y129.6845 Z13.1764 E0.21147 F1700
G1 X148.9119 Y130.5112 Z13.0969 E0.21177 F1700
G1 X148.5605 Y131.3290 Z13.0036 E0.21209 F1700
G1 X148.1879 Y132.1374 Z12.8986 E0.21239 F1700
G1 X147.7942 Y132.9357 Z12.7847 E0.21265 F1700
G1 X147.3798 Y133.7234 Z12.6647 E0.21284 F1700
G1 X146.9449 Y134.5000 Z12.5417 E0.21294 F1700
G1 X146.4898 Y135.2650 Z12.4186 E0.21294 F1700
G1 X146.0148 Y136.0177 Z12.2986 E0.21284 F1700
G1 X145.5203 Y136.7578 Z12.1847 E0.21265 F1700
G1 X145.0066 Y137.4847 Z12.0798 E0.21239 F1700
G1 X144.4740 Y138.1979 Z11.9864 E0.21209 F1700
G1 X143.9230 Y138.8969 Z11.9070 E0.21177 F1700
G1 X143.3538 Y139.5812 Z11.8434 E0.21147 F1700
G1 X142.7669 Y140.2504 Z11.7975 E0.21121 F1700
G1 X142.1627 Y140.9041 Z11.7703 E0.21103 F1700
G1 X141.5416 Y141.5416 Z11.7625 E0.21094 F1700
G1 X140.9041 Y142.1627 Z11.7744 E0.21095 F1700
G1 X140.2504 Y142.7669 Z11.8058 E0.21106 F1700
G1 X139.5812 Y143.3538 Z11.8559 E0.21127 F1700
G1 X138.8969 Y143.9230 Z11.9236 E0.21154 F1700
G1 X138.1979 Y144.4740 Z12.0072 E0.21186 F1700
G1 X137.4847 Y145.0066 Z12.1048 E0.21220 F1700
G1 X136.7578 Y145.5203 Z12.2139 E0.21251 F1700
G1 X136.0177 Y146.0148 Z12.3320 E0.21278 F1700
G1 X135.2650 Y146.4898 Z12.4561 E0.21297 F1700
G1 X134.5000 Y146.9449 Z12.5833 E0.21308 F1700
G1 X133.7234 Y147.3798 Z12.7106 E0.21308 F1700
G1 X132.9357 Y147.7942 Z12.8347 E0.21297 F1700
G1 X132.1374 Y148.1879 Z12.9528 E0.21278 F1700
G1 X131.3290 Y148.5605 Z13.0619 E0.21251 F1700
G1 X130.5112 Y148.9119 Z13.1594 E0.21220 F1700
G1 X129.6845 Y149.2417 Z13.2430 E0.21186 F1700
G1 X128.8494 Y149.5498 Z13.3107 E0.21154 F1700
G1 X128.0066 Y149.8359 Z13.3608 E0.21127 F1700
G1 X127.1565 Y150.0999 Z13.3922 E0.21106 F1700
G1 X126.2998 Y150.3415 Z13.4042 E0.21095 F1700
G1 X125.4371 Y150.5606 Z13.3964 E0.21094 F1700
G1 X124.5690 Y150.7570 Z13.3692 E0.21103 F1700
G1 X123.6960 Y150.9307 Z13.3232 E0.21121 F1700
G1 X122.8188 Y151.0814 Z13.2597 E0.21147 F1700
G1 X121.9379 Y151.2091 Z13.1803 E0.21177 F1700
G1 X121.0540 Y151.3137 Z13.0869 E0.21209 F1700
G1 X120.1676 Y151.3952 Z12.9819 E0.21239 F1700
G1 X119.2794 Y151.4534 Z12.8680 E0.21265 F1700
G1 X118.3900 Y151.4883 Z12.7481 E0.21284 F1700
G1 X117.5000 Y151.5000 Z12.6250 E0.21294 F1700
G1 X116.6100 Y151.4883 Z12.5019 E0.21294 F1700
G1 X115.7206 Y151.4534 Z12.3820 E0.21284 F1700
G1 X114.8324 Y151.3952 Z12.2681 E0.21265 F1700
G1 X113.9460 Y151.3137 Z12.1631 E0.21239 F1700
G1 X113.0621 Y151.2091 Z12.0697 E0.21209 F1700
G1 X112.1812 Y151.0814 Z11.9903 E0.21177 F1700
G1 X111.3040 Y150.9307 Z11.9268 E0.21147 F1700
G1 X110.4310 Y150.7570 Z11.8808 E0.21121 F1700
G1 X109.5629 Y150.5606 Z11.8536 E0.21103 F1700
G1 X108.7002 Y150.3415 Z11.8458 E0.21094 F1700
G1 X107.8435 Y150.0999 Z11.8578 E0.21095 F1700
G1 X106.9934 Y149.8359 Z11.8892 E0.21106 F1700
G1 X106.1506 Y149.5498 Z11.9393 E0.21127 F1700
G1 X105.3155 Y149.2417 Z12.0070 E0.21154 F1700
G1 X104.4888 Y148.9119 Z12.0906 E0.21186 F1700
G1 X103.6710 Y148.5605 Z12.1881 E0.21220 F1700
G1 X102.8626 Y148.1879 Z12.2972 E0.21251 F1700
G1 X102.0643 Y147.7942 Z12.4153 E0.21278 F1700
G1 X101.2766 Y147.3798 Z12.5394 E0.21297 F1700
G1 X100.5000 Y146.9449 Z12.6667 E0.21308 F1700
G1 X99.7350 Y146.4898 Z12.7939 E0.21308 F1700
G1 X98.9823 Y146.0148 Z12.9180 E0.21297 F1700
G1 X98.2422 Y145.5203 Z13.0361 E0.21278 F1700
G1 X97.5153 Y145.0066 Z13.1452 E0.21251 F1700
G1 X96.8021 Y144.4740 Z13.2428 E0.21220 F1700
G1 X96.1031 Y143.9230 Z13.3264 E0.21186 F1700
G1 X95.4188 Y143.3538 Z13.3941 E0.21154 F1700
G1 X94.7496 Y142.7669 Z13.4442 E0.21127 F1700
G1 X94.0959 Y142.1627 Z13.4756 E0.21106 F1700
G1 X93.4584 Y141.5416 Z13.4875 E0.21095 F1700
G1 X92.8373 Y140.9041 Z13.4797 E0.21094 F1700
G1 X92.2331 Y140.2504 Z13.4525 E0.21103 F1700
G1 X91.6462 Y139.5812 Z13.4066 E0.21121 F1700
G1 X91.0770 Y138.8969 Z13.3430 E0.21147 F1700
G1 X90.5260 Y138.1979 Z13.2636 E0.21177 F1700
G1 X89.9934 Y137.4847 Z13.1702 E0.21209 F1700
G1 X89.4797 Y136.7578 Z13.0653 E0.21239 F1700
G1 X88.9852 Y136.0177 Z12.9514 E0.21265 F1700
G1 X88.5102 Y135.2650 Z12.8314 E0.21284 F1700
G1 X88.0551 Y134.5000 Z12.7083 E0.21294 F1700
G1 X87.6202 Y133.7234 Z12.5853 E0.21294 F1700
G1 X87.2058 Y132.9357 Z12.4653 E0.21284 F1700
G1 X86.8121 Y132.1374 Z12.3514 E0.21265 F1700
G1 X86.4395 Y131.3290 Z12.2464 E0.21239 F1700
G1 X86.0881 Y130.5112 Z12.1531 E0.21209 F1700
G1 X85.7583 Y129.6845 Z12.0736 E0.21177 F1700
G1 X85.4502 Y128.8494 Z12.0101 E0.21147 F1700
G1 X85.1641 Y128.0066 Z11.9642 E0.21121 F1700
G1 X84.9001 Y127.1565 Z11.9369 E0.21103 F1700
G1 X84.6585 Y126.2998 Z11.9292 E0.21094 F1700
G1 X84.4394 Y125.4371 Z11.9411 E0.21095 F1700
G1 X84.2430 Y124.5690 Z11.9725 E0.21106 F1700
G1 X84.0693 Y123.6960 Z12.0226 E0.21127 F1700
G1 X83.9186 Y122.8188 Z12.0903 E0.21154 F1700
G1 X83.7909 Y121.9379 Z12.1739 E0.21186 F1700
G1 X83.6863 Y121.0540 Z12.2714 E0.21220 F1700
G1 X83.6048 Y120.1676 Z12.3806 E0.21251 F1700
G1 X83.5466 Y119.2794 Z12.4986 E0.21278 F1700
G1 X83.5117 Y118.3900 Z12.6228 E0.21297 F1700
G1 X83.5000 Y117.5000 Z12.7500 E0.21308 F1700
G1 X83.5117 Y116.6100 Z12.8772 E0.21308 F1700
G1 X83.5466 Y115.7206 Z13.0014 E0.21297 F1700
G1 X83.6048 Y114.8324 Z13.1194 E0.21278 F1700
G1 X83.6863 Y113.9460 Z13.2286 E0.21251 F1700
G1 X83.7909 Y113.0621 Z13.3261 E0.21220 F1700
G1 X83.9186 Y112.1812 Z13.4097 E0.21186 F1700
G1 X84.0693 Y111.3040 Z13.4774 E0.21154 F1700
G1 X84.2430 Y110.4310 Z13.5275 E0.21127 F1700
G1 X84.4394 Y109.5629 Z13.5589 E0.21106 F1700
G1 X84.6585 Y108.7002 Z13.5708 E0.21095 F1700
G1 X84.9001 Y107.8435 Z13.5631 E0.21094 F1700
G1 X85.1641 Y106.9934 Z13.5358 E0.21103 F1700
G1 X85.4502 Y106.1506 Z13.4899 E0.21121 F1700
G1 X85.7583 Y105.3155 Z13.4264 E0.21147 F1700
G1 X86.0881 Y104.4888 Z13.3469 E0.21177 F1700
G1 X86.4395 Y103.6710 Z13.2536 E0.21209 F1700
G1 X86.8121 Y102.8626 Z13.1486 E0.21239 F1700
G1 X87.2058 Y102.0643 Z13.0347 E0.21265 F1700
G1 X87.6202 Y101.2766 Z12.9147 E0.21284 F1700
G1 X88.0551 Y100.5000 Z12.7917 E0.21294 F1700
G1 X88.5102 Y99.7350 Z12.6686 E0.21294 F1700
G1 X88.9852 Y98.9823 Z12.5486 E0.21284 F1700
G1 X89.4797 Y98.2422 Z12.4347 E0.21265 F1700
G1 X89.9934 Y97.5153 Z12.3298 E0.21239 F1700
G1 X90.5260 Y96.8021 Z12.2364 E0.21209 F1700
G1 X91.0770 Y96.1031 Z12.1570 E0.21177 F1700
G1 X91.6462 Y95.4188 Z12.0934 E0.21147 F1700
G1 X92.2331 Y94.7496 Z12.0475 E0.21121 F1700
G1 X92.8373 Y94.0959 Z12.0203 E0.21103 F1700
G1 X93.4584 Y93.4584 Z12.0125 E0.21094 F1700
G1 X94.0959 Y92.8373 Z12.0244 E0.21095 F1700
G1 X94.7496 Y92.2331 Z12.0558 E0.21106 F1700
G1 X95.4188 Y91.6462 Z12.1059 E0.21127 F1700
G1 X96.1031 Y91.0770 Z12.1736 E0.21154 F1700
G1 X96.8021 Y90.5260 Z12.2572 E0.21186 F1700
G1 X97.5153 Y89.9934 Z12.3548 E0.21220 F1700
G1 X98.2422 Y89.4797 Z12.4639 E0.21251 F1700
G1 X98.9823 Y88.9852 Z12.5820 E0.21278 F1700
G1 X99.7350 Y88.5102 Z12.7061 E0.21297 F1700
G1 X100.5000 Y88.0551 Z12.8333 E0.21308 F1700
G1 X101.2766 Y87.6202 Z12.9606 E0.21308 F1700
G1 X102.0643 Y87.2058 Z13.0847 E0.21297 F1700
G1 X102.8626 Y86.8121 Z13.2028 E0.21278 F1700
G1 X103.6710 Y86.4395 Z13.3119 E0.21251 F1700
G1 X104.4888 Y86.0881 Z13.4094 E0.21220 F1700
G1 X105.3155 Y85.7583 Z13.4930 E0.21186 F1700
G1 X106.1506 Y85.4502 Z13.5607 E0.21154 F1700
G1 X106.9934 Y85.1641 Z13.6108 E0.21127 F1700
G1 X107.8435 Y84.9001 Z13.6422 E0.21106 F1700
G1 X108.7002 Y84.6585 Z13.6542 E0.21095 F1700
G1 X109.5629 Y84.4394 Z13.6464 E0.21094 F1700
G1 X110.4310 Y84.2430 Z13.6192 E0.21103 F1700
G1 X111.3040 Y84.0693 Z13.5732 E0.21121 F1700
G1 X112.1812 Y83.9186 Z13.5097 E0.21147 F1700
G1 X113.0621 Y83.7909 Z13.4303 E0.21177 F1700
G1 X113.9460 Y83.6863 Z13.3369 E0.21209 F1700
G1 X114.8324 Y83.6048 Z13.2319 E0.21239 F1700
G1 X115.7206 Y83.5466 Z13.1180 E0.21265 F1700
G1 X116.6100 Y83.5117 Z12.9981 E0.21284 F1700
G1 X117.5000 Y83.5000 Z12.8750 E0.21294 F1700
G1 X118.3900 Y83.5117 Z12.7519 E0.21294 F1700
G1 X119.2794 Y83.5466 Z12.6320 E0.21284 F1700
G1 X120.1676 Y83.6048 Z12.5181 E0.21265 F1700
G1 X121.0540 Y83.6863 Z12.4131 E0.21239 F1700
G1 X121.9379 Y83.7909 Z12.3197 E0.21209 F1700
G1 X122.8188 Y83.9186 Z12.2403 E0.21177 F1700
G1 X123.6960 Y84.0693 Z12.1768 E0.21147 F1700
G1 X124.5690 Y84.2430 Z12.1308 E0.21121 F1700
G1 X125.4371 Y84.4394 Z12.1036 E0.21103 F1700
G1 X126.2998 Y84.6585 Z12.0958 E0.21094 F1700
G1 X127.1565 Y84.9001 Z12.1078 E0.21095 F1700
G1 X128.0066 Y85.1641 Z12.1392 E0.21106 F1700
G1 X128.8494 Y85.4502 Z12.1893 E0.21127 F1700
G1 X129.6845 Y85.7583 Z12.2570 E0.21154 F1700
G1 X130.5112 Y86.0881 Z12.3406 E0.21186 F1700
G1 X131.3290 Y86.4395 Z12.4381 E0.21220 F1700
G1 X132.1374 Y86.8121 Z12.5472 E0.21251 F1700
G1 X132.9357 Y87.2058 Z12.6653 E0.21278 F1700
G1 X133.7234 Y87.6202 Z12.7894 E0.21297 F1700
G1 X134.5000 Y88.0551 Z12.9167 E0.21308 F1700
G1 X135.2650 Y88.5102 Z13.0439 E0.21308 F1700
G1 X136.0177 Y88.9852 Z13.1680 E0.21297 F1700
G1 X136.7578 Y89.4797 Z13.2861 E0.21278 F1700
G1 X137.4847 Y89.9934 Z13.3952 E0.21251 F1700
G1 X138.1979 Y90.5260 Z13.4928 E0.21220 F1700
G1 X138.8969 Y91.0770 Z13.5764 E0.21186 F1700
G1 X139.5812 Y91.6462 Z13.6441 E0.21154 F1700
G1 X140.2504 Y92.2331 Z13.6942 E0.21127 F1700
G1 X140.9041 Y92.8373 Z13.7256 E0.21106 F1700
G1 X141.5416 Y93.4584 Z13.7375 E0.21095 F1700
G1 X142.1627 Y94.0959 Z13.7297 E0.21094 F1700
G1 X142.7669 Y94.7496 Z13.7025 E0.21103 F1700
G1 X143.3538 Y95.4188 Z13.6566 E0.21121 F1700
G1 X143.9230 Y96.1031 Z13.5930 E0.21147 F1700
G1 X144.4740 Y96.8021 Z13.5136 E0.21177 F1700
G1 X145.0066 Y97.5153 Z13.4202 E0.21209 F1700
G1 X145.5203 Y98.2422 Z13.3153 E0.21239 F1700
G1 X146.0148 Y98.9823 Z13.2014 E0.21265 F1700
G1 X146.4898 Y99.7350 Z13.0814 E0.21284 F1700
G1 X146.9449 Y100.5000 Z12.9583 E0.21294 F1700
G1 X147.3798 Y101.2766 Z12.8353 E0.21294 F1700
G1 X147.7942 Y102.0643 Z12.7153 E0.21284 F1700
G1 X148.1879 Y102.8626 Z12.6014 E0.21265 F1700
G1 X148.5605 Y103.6710 Z12.4964 E0.21239 F1700
G1 X148.9119 Y104.4888 Z12.4031 E0.21209 F1700
G1 X149.2417 Y105.3155 Z12.3236 E0.21177 F1700
G1 X149.5498 Y106.1506 Z12.2601 E0.21147 F1700
G1 X149.8359 Y106.9934 Z12.2142 E0.21121 F1700
G1 X150.0999 Y107.8435 Z12.1869 E0.21103 F1700
G1 X150.3415 Y108.7002 Z12.1792 E0.21094 F1700
G1 X150.5606 Y109.5629 Z12.1911 E0.21095 F1700
G1 X150.7570 Y110.4310 Z12.2225 E0.21106 F1700
G1 X150.9307 Y111.3040 Z12.2726 E0.21127 F1700
G1 X151.0814 Y112.1812 Z12.3403 E0.21154 F1700
G1 X151.2091 Y113.0621 Z12.4239 E0.21186 F1700
G1 X151.3137 Y113.9460 Z12.5214 E0.21220 F1700
G1 X151.3952 Y114.8324 Z12.6306 E0.21251 F1700
G1 X151.4534 Y115.7206 Z12.7486 E0.21278 F1700
G1 X151.4883 Y116.6100 Z12.8728 E0.21297 F1700
G1 X151.5000 Y117.5000 Z13.0000 E0.21308 F1700
G1 X151.4883 Y118.3900 Z13.1272 E0.21308 F1700
G1 X151.4534 Y119.2794 Z13.2514 E0.21297 F1700
G1 X151.3952 Y120.1676 Z13.3694 E0.21278 F1700
G1 X151.3137 Y121.0540 Z13.4786 E0.21251 F1700
G1 X151.2091 Y121.9379 Z13.5761 E0.21220 F1700
G1 X151.0814 Y122.8188 Z13.6597 E0.21186 F1700
G1 X150.9307 Y123.6960 Z13.7274 E0.21154 F1700
G1 X150.7570 Y124.5690 Z13.7775 E0.21127 F1700
G1 X150.5606 Y125.4371 Z13.8089 E0.21106 F1700
G1 X150.3415 Y126.2998 Z13.8208 E0.21095 F1700
G1 X150.0999 Y127.1565 Z13.8131 E0.21094 F1700
G1 X149.8359 Y128.0066 Z13.7858 E0.21103 F1700
G1 X149.5498 Y128.8494 Z13.7399 E0.21121 F1700
G1 X149.2417 Y129.6845 Z13.6764 E0.21147 F1700
G1 X148.9119 Y130.5112 Z13.5969 E0.21177 F1700
G1 X148.5605 Y131.3290 Z13.5036 E0.21209 F1700
G1 X148.1879 Y132.1374 Z13.3986 E0.21239 F1700
G1 X147.7942 Y132.9357 Z13.2847 E0.21265 F1700
G1 X147.3798 Y133.7234 Z13.1647 E0.21284 F1700
G1 X146.9449 Y134.5000 Z13.0417 E0.21294 F1700
G1 X146.4898 Y135.2650 Z12.9186 E0.21294 F1700
G1 X146.0148 Y136.0177 Z12.7986 E0.21284 F1700
G1 X145.5203 Y136.7578 Z12.6847 E0.21265 F1700
G1 X145.0066 Y137.4847 Z12.5798 E0.21239 F1700
G1 X144.4740 Y138.1979 Z12.4864 E0.21209 F1700
G1 X143.9230 Y138.8969 Z12.4070 E0.21177 F1700
G1 X143.3538 Y139.5812 Z12.3434 E0.21147 F1700
G1 X142.7669 Y140.2504 Z12.2975 E0.21121 F1700
G1 X142.1627 Y140.9041 Z12.2703 E0.21103 F1700
G1 X141.5416 Y141.5416 Z12.2625 E0.21094 F1700
G1 X140.9041 Y142.1627 Z12.2744 E0.21095 F1700
G1 X140.2504 Y142.7669 Z12.3058 E0.21106 F1700
G1 X139.5812 Y143.3538 Z12.3559 E0.21127 F1700
G1 X138.8969 Y143.9230 Z12.4236 E0.21154 F1700
G1 X138.1979 Y144.4740 Z12.5072 E0.21186 F1700
G1 X137.4847 Y145.0066 Z12.6048 E0.21220 F1700
G1 X136.7578 Y145.5203 Z12.7139 E0.21251 F1700
G1 X136.0177 Y146.0148 Z12.8320 E0.21278 F1700
G1 X135.2650 Y146.4898 Z12.9561 E0.21297 F1700
G1 X134.5000 Y146.9449 Z13.0833 E0.21308 F1700
G1 X133.7234 Y147.3798 Z13.2106 E0.21308 F1700
G1 X132.9357 Y147.7942 Z13.3347 E0.21297 F1700
G1 X132.1374 Y148.1879 Z13.4528 E0.21278 F1700
G1 X131.3290 Y148.5605 Z13.5619 E0.21251 F1700
G1 X130.5112 Y148.9119 Z13.6594 E0.21220 F1700
G1 X129.6845 Y149.2417 Z13.7430 E0.21186 F1700
G1 X128.8494 Y149.5498 Z13.8107 E0.21154 F1700
G1 X128.0066 Y149.8359 Z13.8608 E0.21127 F1700
G1 X127.1565 Y150.0999 Z13.8922 E0.21106 F1700
G1 X126.2998 Y150.3415 Z13.9042 E0.21095 F1700
G1 X125.4371 Y150.5606 Z13.8964 E0.21094 F1700
G1 X124.5690 Y150.7570 Z13.8692 E0.21103 F1700
G1 X123.6960 Y150.9307 Z13.8232 E0.21121 F1700
G1 X122.8188 Y151.0814 Z13.7597 E0.21147 F1700
G1 X121.9379 Y151.2091 Z13.6803 E0.21177 F1700
G1 X121.0540 Y151.3137 Z13.5869 E0.21209 F1700
G1 X120.1676 Y151.3952 Z13.4819 E0.21239 F1700
G1 X119.2794 Y151.4534 Z13.3680 E0.21265 F1700
G1 X118.3900 Y151.4883 Z13.2481 E0.21284 F1700
G1 X117.5000 Y151.5000 Z13.1250 E0.21294 F1700
G1 X116.6100 Y151.4883 Z13.0019 E0.21294 F1700
G1 X115.7206 Y151.4534 Z12.8820 E0.21284 F1700
G1 X114.8324 Y151.3952 Z12.7681 E0.21265 F1700
G1 X113.9460 Y151.3137 Z12.6631 E0.21239 F1700
G1 X113.0621 Y151.2091 Z12.5697 E0.21209 F1700
G1 X112.1812 Y151.0814 Z12.4903 E0.21177 F1700
G1 X111.3040 Y150.9307 Z12.4268 E0.21147 F1700
G1 X110.4310 Y150.7570 Z12.3808 E0.21121 F1700
G1 X109.5629 Y150.5606 Z12.3536 E0.21103 F1700
G1 X108.7002 Y150.3415 Z12.3458 E0.21094 F1700
G1 X107.8435 Y150.0999 Z12.3578 E0.21095 F1700
G1 X106.9934 Y149.8359 Z12.3892 E0.21106 F1700
G1 X106.1506 Y149.5498 Z12.4393 E0.21127 F1700
G1 X105.3155 Y149.2417 Z12.5070 E0.21154 F1700
G1 X104.4888 Y148.9119 Z12.5906 E0.21186 F1700
G1 X103.6710 Y148.5605 Z12.6881 E0.21220 F1700
G1 X102.8626 Y148.1879 Z12.7972 E0.21251 F1700
G1 X102.0643 Y147.7942 Z12.9153 E0.21278 F1700
G1 X101.2766 Y147.3798 Z13.0394 E0.21297 F1700
G1 X100.5000 Y146.9449 Z13.1667 E0.21308 F1700
G1 X99.7350 Y146.4898 Z13.2939 E0.21308 F1700
G1 X98.9823 Y146.0148 Z13.4180 E0.21297 F1700
G1 X98.2422 Y145.5203 Z13.5361 E0.21278 F1700
G1 X97.5153 Y145.0066 Z13.6452 E0.21251 F1700
G1 X96.8021 Y144.4740 Z13.7428 E0.21220 F1700
G1 X96.1031 Y143.9230 Z13.8264 E0.21186 F1700
G1 X95.4188 Y143.3538 Z13.8941 E0.21154 F1700
G1 X94.7496 Y142.7669 Z13.9442 E0.21127 F1700
G1 X94.0959 Y142.1627 Z13.9756 E0.21106 F1700
G1 X93.4584 Y141.5416 Z13.9875 E0.21095 F1700
G1 X92.8373 Y140.9041 Z13.9797 E0.21094 F1700
G1 X92.2331 Y140.2504 Z13.9525 E0.21103 F1700
G1 X91.6462 Y139.5812 Z13.9066 E0.21121 F1700
G1 X91.0770 Y138.8969 Z13.8430 E0.21147 F1700
G1 X90.5260 Y138.1979 Z13.7636 E0.21177 F1700
G1 X89.9934 Y137.4847 Z13.6702 E0.21209 F1700
G1 X89.4797 Y136.7578 Z13.5653 E0.21239 F1700
G1 X88.9852 Y136.0177 Z13.4514 E0.21265 F1700
G1 X88.5102 Y135.2650 Z13.3314 E0.21284 F1700
G1 X88.0551 Y134.5000 Z13.2083 E0.21294 F1700
G1 X87.6202 Y133.7234 Z13.0853 E0.21294 F1700
G1 X87.2058 Y132.9357 Z12.9653 E0.21284 F1700
G1 X86.8121 Y132.1374 Z12.8514 E0.21265 F1700
G1 X86.4395 Y131.3290 Z12.7464 E0.21239 F1700
G1 X86.0881 Y130.5112 Z12.6531 E0.21209 F1700
G1 X85.7583 Y129.6845 Z12.5736 E0.21177 F1700
G1 X85.4502 Y128.8494 Z12.5101 E0.21147 F1700
G1 X85.1641 Y128.0066 Z12.4642 E0.21121 F1700
G1 X84.9001 Y127.1565 Z12.4369 E0.21103 F1700
G1 X84.6585 Y126.2998 Z12.4292 E0.21094 F1700
G1 X84.4394 Y125.4371 Z12.4411 E0.21095 F1700
G1 X84.2430 Y124.5690 Z12.4725 E0.21106 F1700
G1 X84.0693 Y123.6960 Z12.5226 E0.21127 F1700
G1 X83.9186 Y122.8188 Z12.5903 E0.21154 F1700
G1 X83.7909 Y121.9379 Z12.6739 E0.21186 F1700
G1 X83.6863 Y121.0540 Z12.7714 E0.21220 F1700
G1 X83.6048 Y120.1676 Z12.8806 E0.21251 F1700
G1 X83.5466 Y119.2794 Z12.9986 E0.21278 F1700
G1 X83.5117 Y118.3900 Z13.1228 E0.21297 F1700
G1 X83.5000 Y117.5000 Z13.2500 E0.21308 F1700
G1 X83.5117 Y116.6100 Z13.3772 E0.21308 F1700
G1 X83.5466 Y115.7206 Z13.5014 E0.21297 F1700
G1 X83.6048 Y114.8324 Z13.6194 E0.21278 F1700
G1 X83.6863 Y113.9460 Z13.7286 E0.21251 F1700
G1 X83.7909 Y113.0621 Z13.8261 E0.21220 F1700
G1 X83.9186 Y112.1812 Z13.9097 E0.21186 F1700
G1 X84.0693 Y111.3040 Z13.9774 E0.21154 F1700
G1 X84.2430 Y110.4310 Z14.0275 E0.21127 F1700
G1 X84.4394 Y109.5629 Z14.0589 E0.21106 F1700
G1 X84.6585 Y108.7002 Z14.0708 E0.21095 F1700
G1 X84.9001 Y107.8435 Z14.0631 E0.21094 F1700
G1 X85.1641 Y106.9934 Z14.0358 E0.21103 F1700
G1 X85.4502 Y106.1506 Z13.9899 E0.21121 F1700
G1 X85.7583 Y105.3155 Z13.9264 E0.21147 F1700
G1 X86.0881 Y104.4888 Z13.8469 E0.21177 F1700
G1 X86.4395 Y103.6710 Z13.7536 E0.21209 F1700
G1 X86.8121 Y102.8626 Z13.6486 E0.21239 F1700
G1 X87.2058 Y102.0643 Z13.5347 E0.21265 F1700
G1 X87.6202 Y101.2766 Z13.4147 E0.21284 F1700
G1 X88.0551 Y100.5000 Z13.2917 E0.21294 F1700
G1 X88.5102 Y99.7350 Z13.1686 E0.21294 F1700
G1 X88.9852 Y98.9823 Z13.0486 E0.21284 F1700
G1 X89.4797 Y98.2422 Z12.9347 E0.21265 F1700
G1 X89.9934 Y97.5153 Z12.8298 E0.21239 F1700
G1 X90.5260 Y96.8021 Z12.7364 E0.21209 F1700
G1 X91.0770 Y96.1031 Z12.6570 E0.21177 F1700
G1 X91.6462 Y95.4188 Z12.5934 E0.21147 F1700
G1 X92.2331 Y94.7496 Z12.5475 E0.21121 F1700
G1 X92.8373 Y94.0959 Z12.5203 E0.21103 F1700
G1 X93.4584 Y93.4584 Z12.5125 E0.21094 F1700
G1 X94.0959 Y92.8373 Z12.5244 E0.21095 F1700
G1 X94.7496 Y92.2331 Z12.5558 E0.21106 F1700
G1 X95.4188 Y91.6462 Z12.6059 E0.21127 F1700
G1 X96.1031 Y91.0770 Z12.6736 E0.21154 F1700
G1 X96.8021 Y90.5260 Z12.7572 E0.21186 F1700
G1 X97.5153 Y89.9934 Z12.8548 E0.21220 F1700
G1 X98.2422 Y89.4797 Z12.9639 E0.21251 F1700
G1 X98.9823 Y88.9852 Z13.0820 E0.21278 F1700
G1 X99.7350 Y88.5102 Z13.2061 E0.21297 F1700
G1 X100.5000 Y88.0551 Z13.3333 E0.21308 F1700
G1 X101.2766 Y87.6202 Z13.4606 E0.21308 F1700
G1 X102.0643 Y87.2058 Z13.5847 E0.21297 F1700
G1 X102.8626 Y86.8121 Z13.7028 E0.21278 F1700
G1 X103.6710 Y86.4395 Z13.8119 E0.21251 F1700
G1 X104.4888 Y86.0881 Z13.9094 E0.21220 F1700
G1 X105.3155 Y85.7583 Z13.9930 E0.21186 F1700
G1 X106.1506 Y85.4502 Z14.0607 E0.21154 F1700
G1 X106.9934 Y85.1641 Z14.1108 E0.21127 F1700
G1 X107.8435 Y84.9001 Z14.1422 E0.21106 F1700
G1 X108.7002 Y84.6585 Z14.1542 E0.21095 F1700
G1 X109.5629 Y84.4394 Z14.1464 E0.21094 F1700
G1 X110.4310 Y84.2430 Z14.1192 E0.21103 F1700
G1 X111.3040 Y84.0693 Z14.0732 E0.21121 F1700
G1 X112.1812 Y83.9186 Z14.0097 E0.21147 F1700
G1 X113.0621 Y83.7909 Z13.9303 E0.21177 F1700
G1 X113.9460 Y83.6863 Z13.8369 E0.21209 F1700
G1 X114.8324 Y83.6048 Z13.7319 E0.21239 F1700
G1 X115.7206 Y83.5466 Z13.6180 E0.21265 F1700
G1 X116.6100 Y83.5117 Z13.4981 E0.21284 F1700
G1 X117.5000 Y83.5000 Z13.3750 E0.21294 F1700
G1 X118.3900 Y83.5117 Z13.2519 E0.21294 F1700
G1 X119.2794 Y83.5466 Z13.1320 E0.21284 F1700
G1 X120.1676 Y83.6048 Z13.0181 E0.21265 F1700
G1 X121.0540 Y83.6863 Z12.9131 E0.21239 F1700
G1 X121.9379 Y83.7909 Z12.8197 E0.21209 F1700
G1 X122.8188 Y83.9186 Z12.7403 E0.21177 F1700
G1 X123.6960 Y84.0693 Z12.6768 E0.21147 F1700
G1 X124.5690 Y84.2430 Z12.6308 E0.21121 F1700
G1 X125.4371 Y84.4394 Z12.6036 E0.21103 F1700
G1 X126.2998 Y84.6585 Z12.5958 E0.21094 F1700
G1 X127.1565 Y84.9001 Z12.6078 E0.21095 F1700
G1 X128.0066 Y85.1641 Z12.6392 E0.21106 F1700
G1 X128.8494 Y85.4502 Z12.6893 E0.21127 F1700
G1 X129.6845 Y85.7583 Z12.7570 E0.21154 F1700
G1 X130.5112 Y86.0881 Z12.8406 E0.21186 F1700
G1 X131.3290 Y86.4395 Z12.9381 E0.21220 F1700
G1 X132.1374 Y86.8121 Z13.0472 E0.21251 F1700
G1 X132.9357 Y87.2058 Z13.1653 E0.21278 F1700
G1 X133.7234 Y87.6202 Z13.2894 E0.21297 F1700
G1 X134.5000 Y88.0551 Z13.4167 E0.21308 F1700
G1 X135.2650 Y88.5102 Z13.5439 E0.21308 F1700
G1 X136.0177 Y88.9852 Z13.6680 E0.21297 F1700
G1 X136.7578 Y89.4797 Z13.7861 E0.21278 F1700
G1 X137.4847 Y89.9934 Z13.8952 E0.21251 F1700
G1 X138.1979 Y90.5260 Z13.9928 E0.21220 F1700
G1 X138.8969 Y91.0770 Z14.0764 E0.21186 F1700
G1 X139.5812 Y91.6462 Z14.1441 E0.21154 F1700
G1 X140.2504 Y92.2331 Z14.1942 E0.21127 F1700
G1 X140.9041 Y92.8373 Z14.2256 E0.21106 F1700
G1 X141.5416 Y93.4584 Z14.2375 E0.21095 F1700
G1 X142.1627 Y94.0959 Z14.2297 E0.21094 F1700
G1 X142.7669 Y94.7496 Z14.2025 E0.21103 F1700
G1 X143.3538 Y95.4188 Z14.1566 E0.21121 F1700
G1 X143.9230 Y96.1031 Z14.0930 E0.21147 F1700
G1 X144.4740 Y96.8021 Z14.0136 E0.21177 F1700
G1 X145.0066 Y97.5153 Z13.9202 E0.21209 F1700
G1 X145.5203 Y98.2422 Z13.8153 E0.21239 F1700
G1 X146.0148 Y98.9823 Z13.7014 E0.21265 F1700
G1 X146.4898 Y99.7350 Z13.5814 E0.21284 F1700
G1 X146.9449 Y100.5000 Z13.4583 E0.21294 F1700
G1 X147.3798 Y101.2766 Z13.3353 E0.21294 F1700
G1 X147.7942 Y102.0643 Z13.2153 E0.21284 F1700
G1 X148.1879 Y102.8626 Z13.1014 E0.21265 F1700
G1 X148.5605 Y103.6710 Z12.9964 E0.21239 F1700
G1 X148.9119 Y104.4888 Z12.9031 E0.21209 F1700
G1 X149.2417 Y105.3155 Z12.8236 E0.21177 F1700
G1 X149.5498 Y106.1506 Z12.7601 E0.21147 F1700
G1 X149.8359 Y106.9934 Z12.7142 E0.21121 F1700
G1 X150.0999 Y107.8435 Z12.6869 E0.21103 F1700
G1 X150.3415 Y108.7002 Z12.6792 E0.21094 F1700
G1 X150.5606 Y109.5629 Z12.6911 E0.21095 F1700
G1 X150.7570 Y110.4310 Z12.7225 E0.21106 F1700
G1 X150.9307 Y111.3040 Z12.7726 E0.21127 F1700
G1 X151.0814 Y112.1812 Z12.8403 E0.21154 F1700
G1 X151.2091 Y113.0621 Z12.9239 E0.21186 F1700
G1 X151.3137 Y113.9460 Z13.0214 E0.21220 F1700
G1 X151.3952 Y114.8324 Z13.1306 E0.21251 F1700
G1 X151.4534 Y115.7206 Z13.2486 E0.21278 F1700
G1 X151.4883 Y116.6100 Z13.3728 E0.21297 F1700
G1 X151.5000 Y117.5000 Z13.5000 E0.21308 F1700
G1 X151.4883 Y118.3900 Z13.6272 E0.21308 F1700
G1 X151.4534 Y119.2794 Z13.7514 E0.21297 F1700
G1 X151.3952 Y120.1676 Z13.8694 E0.21278 F1700
G1 X151.3137 Y121.0540 Z13.9786 E0.21251 F1700
G1 X151.2091 Y121.9379 Z14.0761 E0.21220 F1700
G1 X151.0814 Y122.8188 Z14.1597 E0.21186 F1700
G1 X150.9307 Y123.6960 Z14.2274 E0.21154 F1700
G1 X150.7570 Y124.5690 Z14.2775 E0.21127 F1700
G1 X150.5606 Y125.4371 Z14.3089 E0.21106 F1700
G1 X150.3415 Y126.2998 Z14.3208 E0.21095 F1700
G1 X150.0999 Y127.1565 Z14.3131 E0.21094 F1700
G1 X149.8359 Y128.0066 Z14.2858 E0.21103 F1700
G1 X149.5498 Y128.8494 Z14.2399 E0.21121 F1700
G1 X149.2417 Y129.6845 Z14.1764 E0.21147 F1700
G1 X148.9119 Y130.5112 Z14.0969 E0.21177 F1700
G1 X148.5605 Y131.3290 Z14.0036 E0.21209 F1700
G1 X148.1879 Y132.1374 Z13.8986 E0.21239 F1700
G1 X147.7942 Y132.9357 Z13.7847 E0.21265 F1700
G1 X147.3798 Y133.7234 Z13.6647 E0.21284 F1700
G1 X146.9449 Y134.5000 Z13.5417 E0.21294 F1700
G1 X146.4898 Y135.2650 Z13.4186 E0.21294 F1700
G1 X146.0148 Y136.0177 Z13.2986 E0.21284 F1700
G1 X145.5203 Y136.7578 Z13.1847 E0.21265 F1700
G1 X145.0066 Y137.4847 Z13.0798 E0.21239 F1700
G1 X144.4740 Y138.1979 Z12.9864 E0.21209 F1700
G1 X143.9230 Y138.8969 Z12.9070 E0.21177 F1700
G1 X143.3538 Y139.5812 Z12.8434 E0.21147 F1700
G1 X142.7669 Y140.2504 Z12.7975 E0.21121 F1700
G1 X142.1627 Y140.9041 Z12.7703 E0.21103 F1700
G1 X141.5416 Y141.5416 Z12.7625 E0.21094 F1700
G1 X140.9041 Y142.1627 Z12.7744 E0.21095 F1700
G1 X140.2504 Y142.7669 Z12.8058 E0.21106 F1700
G1 X139.5812 Y143.3538 Z12.8559 E0.21127 F1700
G1 X138.8969 Y143.9230 Z12.9236 E0.21154 F1700
G1 X138.1979 Y144.4740 Z13.0072 E0.21186 F1700
G1 X137.4847 Y145.0066 Z13.1048 E0.21220 F1700
G1 X136.7578 Y145.5203 Z13.2139 E0.21251 F1700
G1 X136.0177 Y146.0148 Z13.3320 E0.21278 F1700
G1 X135.2650 Y146.4898 Z13.4561 E0.21297 F1700
G1 X134.5000 Y146.9449 Z13.5833 E0.21308 F1700
G1 X133.7234 Y147.3798 Z13.7106 E0.21308 F1700
G1 X132.9357 Y147.7942 Z13.8347 E0.21297 F1700
G1 X132.1374 Y148.1879 Z13.9528 E0.21278 F1700
G1 X131.3290 Y148.5605 Z14.0619 E0.21251 F1700
G1 X130.5112 Y148.9119 Z14.1594 E0.21220 F1700
G1 X129.6845 Y149.2417 Z14.2430 E0.21186 F1700
G1 X128.8494 Y149.5498 Z14.3107 E0.21154 F1700
G1 X128.0066 Y149.8359 Z14.3608 E0.21127 F1700
G1 X127.1565 Y150.0999 Z14.3922 E0.21106 F1700
G1 X126.2998 Y150.3415 Z14.4042 E0.21095 F1700
G1 X125.4371 Y150.5606 Z14.3964 E0.21094 F1700
G1 X124.5690 Y150.7570 Z14.3692 E0.21103 F1700
G1 X123.6960 Y150.9307 Z14.3232 E0.21121 F1700
G1 X122.8188 Y151.0814 Z14.2597 E0.21147 F1700
G1 X121.9379 Y151.2091 Z14.1803 E0.21177 F1700
G1 X121.0540 Y151.3137 Z14.0869 E0.21209 F1700
G1 X120.1676 Y151.3952 Z13.9819 E0.21239 F1700
G1 X119.2794 Y151.4534 Z13.8680 E0.21265 F1700
G1 X118.3900 Y151.4883 Z13.7481 E0.21284 F1700
G1 X117.5000 Y151.5000 Z13.6250 E0.21294 F1700
G1 X116.6100 Y151.4883 Z13.5019 E0.21294 F1700
G1 X115.7206 Y151.4534 Z13.3820 E0.21284 F1700
G1 X114.8324 Y151.3952 Z13.2681 E0.21265 F1700
G1 X113.9460 Y151.3137 Z13.1631 E0.21239 F1700
G1 X113.0621 Y151.2091 Z13.0697 E0.21209 F1700
G1 X112.1812 Y151.0814 Z12.9903 E0.21177 F1700
G1 X111.3040 Y150.9307 Z12.9268 E0.21147 F1700
G1 X110.4310 Y150.7570 Z12.8808 E0.21121 F1700
G1 X109.5629 Y150.5606 Z12.8536 E0.21103 F1700
G1 X108.7002 Y150.3415 Z12.8458 E0.21094 F1700
G1 X107.8435 Y150.0999 Z12.8578 E0.21095 F1700
G1 X106.9934 Y149.8359 Z12.8892 E0.21106 F1700
G1 X106.1506 Y149.5498 Z12.9393 E0.21127 F1700
G1 X105.3155 Y149.2417 Z13.0070 E0.21154 F1700
G1 X104.4888 Y148.9119 Z13.0906 E0.21186 F1700
G1 X103.6710 Y148.5605 Z13.1881 E0.21220 F1700
G1 X102.8626 Y148.1879 Z13.2972 E0.21251 F1700
G1 X102.0643 Y147.7942 Z13.4153 E0.21278 F1700
G1 X101.2766 Y147.3798 Z13.5394 E0.21297 F1700
G1 X100.5000 Y146.9449 Z13.6667 E0.21308 F1700
G1 X99.7350 Y146.4898 Z13.7939 E0.21308 F1700
G1 X98.9823 Y146.0148 Z13.9180 E0.21297 F1700
G1 X98.2422 Y145.5203 Z14.0361 E0.21278 F1700
G1 X97.5153 Y145.0066 Z14.1452 E0.21251 F1700
G1 X96.8021 Y144.4740 Z14.2428 E0.21220 F1700
G1 X96.1031 Y143.9230 Z14.3264 E0.21186 F1700
G1 X95.4188 Y143.3538 Z14.3941 E0.21154 F1700
G1 X94.7496 Y142.7669 Z14.4442 E0.21127 F1700
G1 X94.0959 Y142.1627 Z14.4756 E0.21106 F1700
G1 X93.4584 Y141.5416 Z14.4875 E0.21095 F1700
G1 X92.8373 Y140.9041 Z14.4797 E0.21094 F1700
G1 X92.2331 Y140.2504 Z14.4525 E0.21103 F1700
G1 X91.6462 Y139.5812 Z14.4066 E0.21121 F1700
G1 X91.0770 Y138.8969 Z14.3430 E0.21147 F1700
G1 X90.5260 Y138.1979 Z14.2636 E0.21177 F1700
G1 X89.9934 Y137.4847 Z14.1702 E0.21209 F1700
G1 X89.4797 Y136.7578 Z14.0653 E0.21239 F1700
G1 X88.9852 Y136.0177 Z13.9514 E0.21265 F1700
G1 X88.5102 Y135.2650 Z13.8314 E0.21284 F1700
G1 X88.0551 Y134.5000 Z13.7083 E0.21294 F1700
G1 X87.6202 Y133.7234 Z13.5853 E0.21294 F1700
G1 X87.2058 Y132.9357 Z13.4653 E0.21284 F1700
G1 X86.8121 Y132.1374 Z13.3514 E0.21265 F1700
G1 X86.4395 Y131.3290 Z13.2464 E0.21239 F1700
G1 X86.0881 Y130.5112 Z13.1531 E0.21209 F1700
G1 X85.7583 Y129.6845 Z13.0736 E0.21177 F1700
G1 X85.4502 Y128.8494 Z13.0101 E0.21147 F1700
G1 X85.1641 Y128.0066 Z12.9642 E0.21121 F1700
G1 X84.9001 Y127.1565 Z12.9369 E0.21103 F1700
G1 X84.6585 Y126.2998 Z12.9292 E0.21094 F1700
G1 X84.4394 Y125.4371 Z12.9411 E0.21095 F1700
G1 X84.2430 Y124.5690 Z12.9725 E0.21106 F1700
G1 X84.0693 Y123.6960 Z13.0226 E0.21127 F1700
G1 X83.9186 Y122.8188 Z13.0903 E0.21154 F1700
G1 X83.7909 Y121.9379 Z13.1739 E0.21186 F1700
G1 X83.6863 Y121.0540 Z13.2714 E0.21220 F1700
G1 X83.6048 Y120.1676 Z13.3806 E0.21251 F1700
G1 X83.5466 Y119.2794 Z13.4986 E0.21278 F1700
G1 X83.5117 Y118.3900 Z13.6228 E0.21297 F1700
G1 X83.5000 Y117.5000 Z13.7500 E0.21308 F1700
G1 X83.5117 Y116.6100 Z13.8772 E0.21308 F1700
G1 X83.5466 Y115.7206 Z14.0014 E0.21297 F1700
G1 X83.6048 Y114.8324 Z14.1194 E0.21278 F1700
G1 X83.6863 Y113.9460 Z14.2286 E0.21251 F1700
G1 X83.7909 Y113.0621 Z14.3261 E0.21220 F1700
G1 X83.9186 Y112.1812 Z14.4097 E0.21186 F1700
G1 X84.0693 Y111.3040 Z14.4774 E0.21154 F1700
G1 X84.2430 Y110.4310 Z14.5275 E0.21127 F1700
G1 X84.4394 Y109.5629 Z14.5589 E0.21106 F1700
G1 X84.6585 Y108.7002 Z14.5708 E0.21095 F1700
G1 X84.9001 Y107.8435 Z14.5631 E0.21094 F1700
G1 X85.1641 Y106.9934 Z14.5358 E0.21103 F1700
G1 X85.4502 Y106.1506 Z14.4899 E0.21121 F1700
G1 X85.7583 Y105.3155 Z14.4264 E0.21147 F1700
G1 X86.0881 Y104.4888 Z14.3469 E0.21177 F1700
G1 X86.4395 Y103.6710 Z14.2536 E0.21209 F1700
G1 X86.8121 Y102.8626 Z14.1486 E0.21239 F1700
G1 X87.2058 Y102.0643 Z14.0347 E0.21265 F1700
G1 X87.6202 Y101.2766 Z13.9147 E0.21284 F1700
G1 X88.0551 Y100.5000 Z13.7917 E0.21294 F1700
G1 X88.5102 Y99.7350 Z13.6686 E0.21294 F1700
G1 X88.9852 Y98.9823 Z13.5486 E0.21284 F1700
G1 X89.4797 Y98.2422 Z13.4347 E0.21265 F1700
G1 X89.9934 Y97.5153 Z13.3298 E0.21239 F1700
G1 X90.5260 Y96.8021 Z13.2364 E0.21209 F1700
G1 X91.0770 Y96.1031 Z13.1570 E0.21177 F1700
G1 X91.6462 Y95.4188 Z13.0934 E0.21147 F1700
G1 X92.2331 Y94.7496 Z13.0475 E0.21121 F1700
G1 X92.8373 Y94.0959 Z13.0203 E0.21103 F1700
G1 X93.4584 Y93.4584 Z13.0125 E0.21094 F1700
G1 X94.0959 Y92.8373 Z13.0244 E0.21095 F1700
G1 X94.7496 Y92.2331 Z13.0558 E0.21106 F1700
G1 X95.4188 Y91.6462 Z13.1059 E0.21127 F1700
G1 X96.1031 Y91.0770 Z13.1736 E0.21154 F1700
G1 X96.8021 Y90.5260 Z13.2572 E0.21186 F1700
G1 X97.5153 Y89.9934 Z13.3548 E0.21220 F1700
G1 X98.2422 Y89.4797 Z13.4639 E0.21251 F1700
G1 X98.9823 Y88.9852 Z13.5820 E0.21278 F1700
G1 X99.7350 Y88.5102 Z13.7061 E0.21297 F1700
G1 X100.5000 Y88.0551 Z13.8333 E0.21308 F1700
G1 X101.2766 Y87.6202 Z13.9606 E0.21308 F1700
G1 X102.0643 Y87.2058 Z14.0847 E0.21297 F1700
G1 X102.8626 Y86.8121 Z14.2028 E0.21278 F1700
G1 X103.6710 Y86.4395 Z14.3119 E0.21251 F1700
G1 X104.4888 Y86.0881 Z14.4094 E0.21220 F1700
G1 X105.3155 Y85.7583 Z14.4930 E0.21186 F1700
G1 X106.1506 Y85.4502 Z14.5607 E0.21154 F1700
G1 X106.9934 Y85.1641 Z14.6108 E0.21127 F1700
G1 X107.8435 Y84.9001 Z14.6422 E0.21106 F1700
G1 X108.7002 Y84.6585 Z14.6542 E0.21095 F1700
G1 X109.5629 Y84.4394 Z14.6464 E0.21094 F1700
G1 X110.4310 Y84.2430 Z14.6192 E0.21103 F1700
G1 X111.3040 Y84.0693 Z14.5732 E0.21121 F1700
G1 X112.1812 Y83.9186 Z14.5097 E0.21147 F1700
G1 X113.0621 Y83.7909 Z14.4303 E0.21177 F1700
G1 X113.9460 Y83.6863 Z14.3369 E0.21209 F1700
G1 X114.8324 Y83.6048 Z14.2319 E0.21239 F1700
G1 X115.7206 Y83.5466 Z14.1180 E0.21265 F1700
G1 X116.6100 Y83.5117 Z13.9981 E0.21284 F1700
G1 X117.5000 Y83.5000 Z13.8750 E0.21294 F1700
G1 X118.3900 Y83.5117 Z13.7519 E0.21294 F1700
G1 X119.2794 Y83.5466 Z13.6320 E0.21284 F1700
G1 X120.1676 Y83.6048 Z13.5181 E0.21265 F1700
G1 X121.0540 Y83.6863 Z13.4131 E0.21239 F1700
G1 X121.9379 Y83.7909 Z13.3197 E0.21209 F1700
G1 X122.8188 Y83.9186 Z13.2403 E0.21177 F1700
G1 X123.6960 Y84.0693 Z13.1768 E0.21147 F1700
G1 X124.5690 Y84.2430 Z13.1308 E0.21121 F1700
G1 X125.4371 Y84.4394 Z13.1036 E0.21103 F1700
G1 X126.2998 Y84.6585 Z13.0958 E0.21094 F1700
G1 X127.1565 Y84.9001 Z13.1078 E0.21095 F1700
G1 X128.0066 Y85.1641 Z13.1392 E0.21106 F1700
G1 X128.8494 Y85.4502 Z13.1893 E0.21127 F1700
G1 X129.6845 Y85.7583 Z13.2570 E0.21154 F1700
G1 X130.5112 Y86.0881 Z13.3406 E0.21186 F1700
G1 X131.3290 Y86.4395 Z13.4381 E0.21220 F1700
G1 X132.1374 Y86.8121 Z13.5472 E0.21251 F1700
G1 X132.9357 Y87.2058 Z13.6653 E0.21278 F1700
G1 X133.7234 Y87.6202 Z13.7894 E0.21297 F1700
G1 X134.5000 Y88.0551 Z13.9167 E0.21308 F1700
G1 X135.2650 Y88.5102 Z14.0439 E0.21308 F1700
G1 X136.0177 Y88.9852 Z14.1680 E0.21297 F1700
G1 X136.7578 Y89.4797 Z14.2861 E0.21278 F1700
G1 X137.4847 Y89.9934 Z14.3952 E0.21251 F1700
G1 X138.1979 Y90.5260 Z14.4928 E0.21220 F1700
G1 X138.8969 Y91.0770 Z14.5764 E0.21186 F1700
G1 X139.5812 Y91.6462 Z14.6441 E0.21154 F1700
G1 X140.2504 Y92.2331 Z14.6942 E0.21127 F1700
G1 X140.9041 Y92.8373 Z14.7256 E0.21106 F1700
G1 X141.5416 Y93.4584 Z14.7375 E0.21095 F1700
G1 X142.1627 Y94.0959 Z14.7297 E0.21094 F1700
G1 X142.7669 Y94.7496 Z14.7025 E0.21103 F1700
G1 X143.3538 Y95.4188 Z14.6566 E0.21121 F1700
G1 X143.9230 Y96.1031 Z14.5930 E0.21147 F1700
G1 X144.4740 Y96.8021 Z14.5136 E0.21177 F1700
G1 X145.0066 Y97.5153 Z14.4202 E0.21209 F1700
G1 X145.5203 Y98.2422 Z14.3153 E0.21239 F1700
G1 X146.0148 Y98.9823 Z14.2014 E0.21265 F1700
G1 X146.4898 Y99.7350 Z14.0814 E0.21284 F1700
G1 X146.9449 Y100.5000 Z13.9583 E0.21294 F1700
G1 X147.3798 Y101.2766 Z13.8353 E0.21294 F1700
G1 X147.7942 Y102.0643 Z13.7153 E0.21284 F1700
G1 X148.1879 Y102.8626 Z13.6014 E0.21265 F1700
G1 X148.5605 Y103.6710 Z13.4964 E0.21239 F1700
G1 X148.9119 Y104.4888 Z13.4031 E0.21209 F1700
G1 X149.2417 Y105.3155 Z13.3236 E0.21177 F1700
G1 X149.5498 Y106.1506 Z13.2601 E0.21147 F1700
G1 X149.8359 Y106.9934 Z13.2142 E0.21121 F1700
G1 X150.0999 Y107.8435 Z13.1869 E0.21103 F1700
G1 X150.3415 Y108.7002 Z13.1792 E0.21094 F1700
G1 X150.5606 Y109.5629 Z13.1911 E0.21095 F1700
G1 X150.7570 Y110.4310 Z13.2225 E0.21106 F1700
G1 X150.9307 Y111.3040 Z13.2726 E0.21127 F1700
G1 X151.0814 Y112.1812 Z13.3403 E0.21154 F1700
G1 X151.2091 Y113.0621 Z13.4239 E0.21186 F1700
G1 X151.3137 Y113.9460 Z13.5214 E0.21220 F1700
G1 X151.3952 Y114.8324 Z13.6306 E0.21251 F1700
G1 X151.4534 Y115.7206 Z13.7486 E0.21278 F1700
G1 X151.4883 Y116.6100 Z13.8728 E0.21297 F1700
G1 X151.5000 Y117.5000 Z14.0000 E0.21308 F1700
G1 X151.4883 Y118.3900 Z14.1272 E0.21308 F1700
G1 X151.4534 Y119.2794 Z14.2514 E0.21297 F1700
G1 X151.3952 Y120.1676 Z14.3694 E0.21278 F1700
G1 X151.3137 Y121.0540 Z14.4786 E0.21251 F1700
G1 X151.2091 Y121.9379 Z14.5761 E0.21220 F1700
G1 X151.0814 Y122.8188 Z14.6597 E0.21186 F1700
G1 X150.9307 Y123.6960 Z14.7274 E0.21154 F1700
G1 X150.7570 Y124.5690 Z14.7775 E0.21127 F1700
G1 X150.5606 Y125.4371 Z14.8089 E0.21106 F1700
G1 X150.3415 Y126.2998 Z14.8208 E0.21095 F1700
G1 X150.0999 Y127.1565 Z14.8131 E0.21094 F1700
G1 X149.8359 Y128.0066 Z14.7858 E0.21103 F1700
G1 X149.5498 Y128.8494 Z14.7399 E0.21121 F1700
G1 X149.2417 Y129.6845 Z14.6764 E0.21147 F1700
G1 X148.9119 Y130.5112 Z14.5969 E0.21177 F1700
G1 X148.5605 Y131.3290 Z14.5036 E0.21209 F1700
G1 X148.1879 Y132.1374 Z14.3986 E0.21239 F1700
G1 X147.7942 Y132.9357 Z14.2847 E0.21265 F1700
G1 X147.3798 Y133.7234 Z14.1647 E0.21284 F1700
G1 X146.9449 Y134.5000 Z14.0417 E0.21294 F1700
G1 X146.4898 Y135.2650 Z13.9186 E0.21294 F1700
G1 X146.0148 Y136.0177 Z13.7986 E0.21284 F1700
G1 X145.5203 Y136.7578 Z13.6847 E0.21265 F1700
G1 X145.0066 Y137.4847 Z13.5798 E0.21239 F1700
G1 X144.4740 Y138.1979 Z13.4864 E0.21209 F1700
G1 X143.9230 Y138.8969 Z13.4070 E0.21177 F1700
G1 X143.3538 Y139.5812 Z13.3434 E0.21147 F1700
G1 X142.7669 Y140.2504 Z13.2975 E0.21121 F1700
G1 X142.1627 Y140.9041 Z13.2703 E0.21103 F1700
G1 X141.5416 Y141.5416 Z13.2625 E0.21094 F1700
G1 X140.9041 Y142.1627 Z13.2744 E0.21095 F1700
G1 X140.2504 Y142.7669 Z13.3058 E0.21106 F1700
G1 X139.5812 Y143.3538 Z13.3559 E0.21127 F1700
G1 X138.8969 Y143.9230 Z13.4236 E0.21154 F1700
G1 X138.1979 Y144.4740 Z13.5072 E0.21186 F1700
G1 X137.4847 Y145.0066 Z13.6048 E0.21220 F1700
G1 X136.7578 Y145.5203 Z13.7139 E0.21251 F1700
G1 X136.0177 Y146.0148 Z13.8320 E0.21278 F1700
G1 X135.2650 Y146.4898 Z13.9561 E0.21297 F1700
G1 X134.5000 Y146.9449 Z14.0833 E0.21308 F1700
G1 X133.7234 Y147.3798 Z14.2106 E0.21308 F1700
G1 X132.9357 Y147.7942 Z14.3347 E0.21297 F1700
G1 X132.1374 Y148.1879 Z14.4528 E0.21278 F1700
G1 X131.3290 Y148.5605 Z14.5619 E0.21251 F1700
G1 X130.5112 Y148.9119 Z14.6594 E0.21220 F1700
G1 X129.6845 Y149.2417 Z14.7430 E0.21186 F1700
G1 X128.8494 Y149.5498 Z14.8107 E0.21154 F1700
G1 X128.0066 Y149.8359 Z14.8608 E0.21127 F1700
G1 X127.1565 Y150.0999 Z14.8922 E0.21106 F1700
G1 X126.2998 Y150.3415 Z14.9042 E0.21095 F1700
G1 X125.4371 Y150.5606 Z14.8964 E0.21094 F1700
G1 X124.5690 Y150.7570 Z14.8692 E0.21103 F1700
G1 X123.6960 Y150.9307 Z14.8232 E0.21121 F1700
G1 X122.8188 Y151.0814 Z14.7597 E0.21147 F1700
G1 X121.9379 Y151.2091 Z14.6803 E0.21177 F1700
G1 X121.0540 Y151.3137 Z14.5869 E0.21209 F1700
G1 X120.1676 Y151.3952 Z14.4819 E0.21239 F1700
G1 X119.2794 Y151.4534 Z14.3680 E0.21265 F1700
G1 X118.3900 Y151.4883 Z14.2481 E0.21284 F1700
G1 X117.5000 Y151.5000 Z14.1250 E0.21294 F1700
G1 X116.6100 Y151.4883 Z14.0019 E0.21294 F1700
G1 X115.7206 Y151.4534 Z13.8820 E0.21284 F1700
G1 X114.8324 Y151.3952 Z13.7681 E0.21265 F1700
G1 X113.9460 Y151.3137 Z13.6631 E0.21239 F1700
G1 X113.0621 Y151.2091 Z13.5697 E0.21209 F1700
G1 X112.1812 Y151.0814 Z13.4903 E0.21177 F1700
G1 X111.3040 Y150.9307 Z13.4268 E0.21147 F1700
G1 X110.4310 Y150.7570 Z13.3808 E0.21121 F1700
G1 X109.5629 Y150.5606 Z13.3536 E0.21103 F1700
G1 X108.7002 Y150.3415 Z13.3458 E0.21094 F1700
G1 X107.8435 Y150.0999 Z13.3578 E0.21095 F1700
G1 X106.9934 Y149.8359 Z13.3892 E0.21106 F1700
G1 X106.1506 Y149.5498 Z13.4393 E0.21127 F1700
G1 X105.3155 Y149.2417 Z13.5070 E0.21154 F1700
G1 X104.4888 Y148.9119 Z13.5906 E0.21186 F1700
G1 X103.6710 Y148.5605 Z13.6881 E0.21220 F1700
G1 X102.8626 Y148.1879 Z13.7972 E0.21251 F1700
G1 X102.0643 Y147.7942 Z13.9153 E0.21278 F1700
G1 X101.2766 Y147.3798 Z14.0394 E0.21297 F1700
G1 X100.5000 Y146.9449 Z14.1667 E0.21308 F1700
G1 X99.7350 Y146.4898 Z14.2939 E0.21308 F1700
G1 X98.9823 Y146.0148 Z14.4180 E0.21297 F1700
G1 X98.2422 Y145.5203 Z14.5361 E0.21278 F1700
G1 X97.5153 Y145.0066 Z14.6452 E0.21251 F1700
G1 X96.8021 Y144.4740 Z14.7428 E0.21220 F1700
G1 X96.1031 Y143.9230 Z14.8264 E0.21186 F1700
G1 X95.4188 Y143.3538 Z14.8941 E0.21154 F1700
G1 X94.7496 Y142.7669 Z14.9442 E0.21127 F1700
G1 X94.0959 Y142.1627 Z14.9756 E0.21106 F1700
G1 X93.4584 Y141.5416 Z14.9875 E0.21095 F1700
G1 X92.8373 Y140.9041 Z14.9797 E0.21094 F1700
G1 X92.2331 Y140.2504 Z14.9525 E0.21103 F1700
G1 X91.6462 Y139.5812 Z14.9066 E0.21121 F1700
G1 X91.0770 Y138.8969 Z14.8430 E0.21147 F1700
G1 X90.5260 Y138.1979 Z14.7636 E0.21177 F1700
G1 X89.9934 Y137.4847 Z14.6702 E0.21209 F1700
G1 X89.4797 Y136.7578 Z14.5653 E0.21239 F1700
G1 X88.9852 Y136.0177 Z14.4514 E0.21265 F1700
G1 X88.5102 Y135.2650 Z14.3314 E0.21284 F1700
G1 X88.0551 Y134.5000 Z14.2083 E0.21294 F1700
G1 X87.6202 Y133.7234 Z14.0853 E0.21294 F1700
G1 X87.2058 Y132.9357 Z13.9653 E0.21284 F1700
G1 X86.8121 Y132.1374 Z13.8514 E0.21265 F1700
G1 X86.4395 Y131.3290 Z13.7464 E0.21239 F1700
G1 X86.0881 Y130.5112 Z13.6531 E0.21209 F1700
G1 X85.7583 Y129.6845 Z13.5736 E0.21177 F1700
G1 X85.4502 Y128.8494 Z13.5101 E0.21147 F1700
G1 X85.1641 Y128.0066 Z13.4642 E0.21121 F1700
G1 X84.9001 Y127.1565 Z13.4369 E0.21103 F1700
G1 X84.6585 Y126.2998 Z13.4292 E0.21094 F1700
G1 X84.4394 Y125.4371 Z13.4411 E0.21095 F1700
G1 X84.2430 Y124.5690 Z13.4725 E0.21106 F1700
G1 X84.0693 Y123.6960 Z13.5226 E0.21127 F1700
G1 X83.9186 Y122.8188 Z13.5903 E0.21154 F1700
G1 X83.7909 Y121.9379 Z13.6739 E0.21186 F1700
G1 X83.6863 Y121.0540 Z13.7714 E0.21220 F1700
G1 X83.6048 Y120.1676 Z13.8806 E0.21251 F1700
G1 X83.5466 Y119.2794 Z13.9986 E0.21278 F1700
G1 X83.5117 Y118.3900 Z14.1228 E0.21297 F1700
G1 X83.5000 Y117.5000 Z14.2500 E0.21308 F1700
G1 X83.5117 Y116.6100 Z14.3772 E0.21308 F1700
G1 X83.5466 Y115.7206 Z14.5014 E0.21297 F1700
G1 X83.6048 Y114.8324 Z14.6194 E0.21278 F1700
G1 X83.6863 Y113.9460 Z14.7286 E0.21251 F1700
G1 X83.7909 Y113.0621 Z14.8261 E0.21220 F1700
G1 X83.9186 Y112.1812 Z14.9097 E0.21186 F1700
G1 X84.0693 Y111.3040 Z14.9774 E0.21154 F1700
G1 X84.2430 Y110.4310 Z15.0275 E0.21127 F1700
G1 X84.4394 Y109.5629 Z15.0589 E0.21106 F1700
G1 X84.6585 Y108.7002 Z15.0708 E0.21095 F1700
G1 X84.9001 Y107.8435 Z15.0631 E0.21094 F1700
G1 X85.1641 Y106.9934 Z15.0358 E0.21103 F1700
G1 X85.4502 Y106.1506 Z14.9899 E0.21121 F1700
G1 X85.7583 Y105.3155 Z14.9264 E0.21147 F1700
G1 X86.0881 Y104.4888 Z14.8469 E0.21177 F1700
G1 X86.4395 Y103.6710 Z14.7536 E0.21209 F1700
G1 X86.8121 Y102.8626 Z14.6486 E0.21239 F1700
G1 X87.2058 Y102.0643 Z14.5347 E0.21265 F1700
G1 X87.6202 Y101.2766 Z14.4147 E0.21284 F1700
G1 X88.0551 Y100.5000 Z14.2917 E0.21294 F1700
G1 X88.5102 Y99.7350 Z14.1686 E0.21294 F1700
G1 X88.9852 Y98.9823 Z14.0486 E0.21284 F1700
G1 X89.4797 Y98.2422 Z13.9347 E0.21265 F1700
G1 X89.9934 Y97.5153 Z13.8298 E0.21239 F1700
G1 X90.5260 Y96.8021 Z13.7364 E0.21209 F1700
G1 X91.0770 Y96.1031 Z13.6570 E0.21177 F1700
G1 X91.6462 Y95.4188 Z13.5934 E0.21147 F1700
G1 X92.2331 Y94.7496 Z13.5475 E0.21121 F1700
G1 X92.8373 Y94.0959 Z13.5203 E0.21103 F1700
G1 X93.4584 Y93.4584 Z13.5125 E0.21094 F1700
G1 X94.0959 Y92.8373 Z13.5244 E0.21095 F1700
G1 X94.7496 Y92.2331 Z13.5558 E0.21106 F1700
G1 X95.4188 Y91.6462 Z13.6059 E0.21127 F1700
G1 X96.1031 Y91.0770 Z13.6736 E0.21154 F1700
G1 X96.8021 Y90.5260 Z13.7572 E0.21186 F1700
G1 X97.5153 Y89.9934 Z13.8548 E0.21220 F1700
G1 X98.2422 Y89.4797 Z13.9639 E0.21251 F1700
G1 X98.9823 Y88.9852 Z14.0820 E0.21278 F1700
G1 X99.7350 Y88.5102 Z14.2061 E0.21297 F1700
G1 X100.5000 Y88.0551 Z14.3333 E0.21308 F1700
G1 X101.2766 Y87.6202 Z14.4606 E0.21308 F1700
G1 X102.0643 Y87.2058 Z14.5847 E0.21297 F1700
G1 X102.8626 Y86.8121 Z14.7028 E0.21278 F1700
G1 X103.6710 Y86.4395 Z14.8119 E0.21251 F1700
G1 X104.4888 Y86.0881 Z14.9094 E0.21220 F1700
G1 X105.3155 Y85.7583 Z14.9930 E0.21186 F1700
G1 X106.1506 Y85.4502 Z15.0607 E0.21154 F1700
G1 X106.9934 Y85.1641 Z15.1108 E0.21127 F1700
G1 X107.8435 Y84.9001 Z15.1422 E0.21106 F1700
G1 X108.7002 Y84.6585 Z15.1542 E0.21095 F1700
G1 X109.5629 Y84.4394 Z15.1464 E0.21094 F1700
G1 X110.4310 Y84.2430 Z15.1192 E0.21103 F1700
G1 X111.3040 Y84.0693 Z15.0732 E0.21121 F1700
G1 X112.1812 Y83.9186 Z15.0097 E0.21147 F1700
G1 X113.0621 Y83.7909 Z14.9303 E0.21177 F1700
G1 X113.9460 Y83.6863 Z14.8369 E0.21209 F1700
G1 X114.8324 Y83.6048 Z14.7319 E0.21239 F1700
G1 X115.7206 Y83.5466 Z14.6180 E0.21265 F1700
G1 X116.6100 Y83.5117 Z14.4981 E0.21284 F1700
G1 X117.5000 Y83.5000 Z14.3750 E0.21294 F1700
G1 X118.3900 Y83.5117 Z14.2519 E0.21294 F1700
G1 X119.2794 Y83.5466 Z14.1320 E0.21284 F1700
G1 X120.1676 Y83.6048 Z14.0181 E0.21265 F1700
G1 X121.0540 Y83.6863 Z13.9131 E0.21239 F1700
G1 X121.9379 Y83.7909 Z13.8197 E0.21209 F1700
G1 X122.8188 Y83.9186 Z13.7403 E0.21177 F1700
G1 X123.6960 Y84.0693 Z13.6768 E0.21147 F1700
G1 X124.5690 Y84.2430 Z13.6308 E0.21121 F1700
G1 X125.4371 Y84.4394 Z13.6036 E0.21103 F1700
G1 X126.2998 Y84.6585 Z13.5958 E0.21094 F1700
G1 X127.1565 Y84.9001 Z13.6078 E0.21095 F1700
G1 X128.0066 Y85.1641 Z13.6392 E0.21106 F1700
G1 X128.8494 Y85.4502 Z13.6893 E0.21127 F1700
G1 X129.6845 Y85.7583 Z13.7570 E0.21154 F1700
G1 X130.5112 Y86.0881 Z13.8406 E0.21186 F1700
G1 X131.3290 Y86.4395 Z13.9381 E0.21220 F1700
G1 X132.1374 Y86.8121 Z14.0472 E0.21251 F1700
G1 X132.9357 Y87.2058 Z14.1653 E0.21278 F1700
G1 X133.7234 Y87.6202 Z14.2894 E0.21297 F1700
G1 X134.5000 Y88.0551 Z14.4167 E0.21308 F1700
G1 X135.2650 Y88.5102 Z14.5439 E0.21308 F1700
G1 X136.0177 Y88.9852 Z14.6680 E0.21297 F1700
G1 X136.7578 Y89.4797 Z14.7861 E0.21278 F1700
G1 X137.4847 Y89.9934 Z14.8952 E0.21251 F1700
G1 X138.1979 Y90.5260 Z14.9928 E0.21220 F1700
G1 X138.8969 Y91.0770 Z15.0764 E0.21186 F1700
G1 X139.5812 Y91.6462 Z15.1441 E0.21154 F1700
G1 X140.2504 Y92.2331 Z15.1942 E0.21127 F1700
G1 X140.9041 Y92.8373 Z15.2256 E0.21106 F1700
G1 X141.5416 Y93.4584 Z15.2375 E0.21095 F1700
G1 X142.1627 Y94.0959 Z15.2297 E0.21094 F1700
G1 X142.7669 Y94.7496 Z15.2025 E0.21103 F1700
G1 X143.3538 Y95.4188 Z15.1566 E0.21121 F1700
G1 X143.9230 Y96.1031 Z15.0930 E0.21147 F1700
G1 X144.4740 Y96.8021 Z15.0136 E0.21177 F1700
G1 X145.0066 Y97.5153 Z14.9202 E0.21209 F1700
G1 X145.5203 Y98.2422 Z14.8153 E0.21239 F1700
G1 X146.0148 Y98.9823 Z14.7014 E0.21265 F1700
G1 X146.4898 Y99.7350 Z14.5814 E0.21284 F1700
G1 X146.9449 Y100.5000 Z14.4583 E0.21294 F1700
G1 X147.3798 Y101.2766 Z14.3353 E0.21294 F1700
G1 X147.7942 Y102.0643 Z14.2153 E0.21284 F1700
G1 X148.1879 Y102.8626 Z14.1014 E0.21265 F1700
G1 X148.5605 Y103.6710 Z13.9964 E0.21239 F1700
G1 X148.9119 Y104.4888 Z13.9031 E0.21209 F1700
G1 X149.2417 Y105.3155 Z13.8236 E0.21177 F1700
G1 X149.5498 Y106.1506 Z13.7601 E0.21147 F1700
G1 X149.8359 Y106.9934 Z13.7142 E0.21121 F1700
G1 X150.0999 Y107.8435 Z13.6869 E0.21103 F1700
G1 X150.3415 Y108.7002 Z13.6792 E0.21094 F1700
G1 X150.5606 Y109.5629 Z13.6911 E0.21095 F1700
G1 X150.7570 Y110.4310 Z13.7225 E0.21106 F1700
G1 X150.9307 Y111.3040 Z13.7726 E0.21127 F1700
G1 X151.0814 Y112.1812 Z13.8403 E0.21154 F1700
G1 X151.2091 Y113.0621 Z13.9239 E0.21186 F1700
G1 X151.3137 Y113.9460 Z14.0214 E0.21220 F1700
G1 X151.3952 Y114.8324 Z14.1306 E0.21251 F1700
G1 X151.4534 Y115.7206 Z14.2486 E0.21278 F1700
G1 X151.4883 Y116.6100 Z14.3728 E0.21297 F1700
G1 X151.5000 Y117.5000 Z14.5000 E0.21308 F1700
G1 X151.4883 Y118.3900 Z14.6272 E0.21308 F1700
G1 X151.4534 Y119.2794 Z14.7514 E0.21297 F1700
G1 X151.3952 Y120.1676 Z14.8694 E0.21278 F1700
G1 X151.3137 Y121.0540 Z14.9786 E0.21251 F1700
G1 X151.2091 Y121.9379 Z15.0761 E0.21220 F1700
G1 X151.0814 Y122.8188 Z15.1597 E0.21186 F1700
G1 X150.9307 Y123.6960 Z15.2274 E0.21154 F1700
G1 X150.7570 Y124.5690 Z15.2775 E0.21127 F1700
G1 X150.5606 Y125.4371 Z15.3089 E0.21106 F1700
G1 X150.3415 Y126.2998 Z15.3208 E0.21095 F1700
G1 X150.0999 Y127.1565 Z15.3131 E0.21094 F1700
G1 X149.8359 Y128.0066 Z15.2858 E0.21103 F1700
G1 X149.5498 Y128.8494 Z15.2399 E0.21121 F1700
G1 X149.2417 Y129.6845 Z15.1764 E0.21147 F1700
G1 X148.9119 Y130.5112 Z15.0969 E0.21177 F1700
G1 X148.5605 Y131.3290 Z15.0036 E0.21209 F1700
G1 X148.1879 Y132.1374 Z14.8986 E0.21239 F1700
G1 X147.7942 Y132.9357 Z14.7847 E0.21265 F1700
G1 X147.3798 Y133.7234 Z14.6647 E0.21284 F1700
G1 X146.9449 Y134.5000 Z14.5417 E0.21294 F1700
G1 X146.4898 Y135.2650 Z14.4186 E0.21294 F1700
G1 X146.0148 Y136.0177 Z14.2986 E0.21284 F1700
G1 X145.5203 Y136.7578 Z14.1847 E0.21265 F1700
G1 X145.0066 Y137.4847 Z14.0798 E0.21239 F1700
G1 X144.4740 Y138.1979 Z13.9864 E0.21209 F1700
G1 X143.9230 Y138.8969 Z13.9070 E0.21177 F1700
G1 X143.3538 Y139.5812 Z13.8434 E0.21147 F1700
G1 X142.7669 Y140.2504 Z13.7975 E0.21121 F1700
G1 X142.1627 Y140.9041 Z13.7703 E0.21103 F1700
G1 X141.5416 Y141.5416 Z13.7625 E0.21094 F1700
G1 X140.9041 Y142.1627 Z13.7744 E0.21095 F1700
G1 X140.2504 Y142.7669 Z13.8058 E0.21106 F1700
G1 X139.5812 Y143.3538 Z13.8559 E0.21127 F1700
G1 X138.8969 Y143.9230 Z13.9236 E0.21154 F1700
G1 X138.1979 Y144.4740 Z14.0072 E0.21186 F1700
G1 X137.4847 Y145.0066 Z14.1048 E0.21220 F1700
G1 X136.7578 Y145.5203 Z14.2139 E0.21251 F1700
G1 X136.0177 Y146.0148 Z14.3320 E0.21278 F1700
G1 X135.2650 Y146.4898 Z14.4561 E0.21297 F1700
G1 X134.5000 Y146.9449 Z14.5833 E0.21308 F1700
G1 X133.7234 Y147.3798 Z14.7106 E0.21308 F1700
G1 X132.9357 Y147.7942 Z14.8347 E0.21297 F1700
G1 X132.1374 Y148.1879 Z14.9528 E0.21278 F1700
G1 X131.3290 Y148.5605 Z15.0619 E0.21251 F1700
G1 X130.5112 Y148.9119 Z15.1594 E0.21220 F1700
G1 X129.6845 Y149.2417 Z15.2430 E0.21186 F1700
G1 X128.8494 Y149.5498 Z15.3107 E0.21154 F1700
G1 X128.0066 Y149.8359 Z15.3608 E0.21127 F1700
G1 X127.1565 Y150.0999 Z15.3922 E0.21106 F1700
G1 X126.2998 Y150.3415 Z15.4042 E0.21095 F1700
G1 X125.4371 Y150.5606 Z15.3964 E0.21094 F1700
G1 X124.5690 Y150.7570 Z15.3692 E0.21103 F1700
G1 X123.6960 Y150.9307 Z15.3232 E0.21121 F1700
G1 X122.8188 Y151.0814 Z15.2597 E0.21147 F1700
G1 X121.9379 Y151.2091 Z15.1803 E0.21177 F1700
G1 X121.0540 Y151.3137 Z15.0869 E0.21209 F1700
G1 X120.1676 Y151.3952 Z14.9819 E0.21239 F1700
G1 X119.2794 Y151.4534 Z14.8680 E0.21265 F1700
G1 X118.3900 Y151.4883 Z14.7481 E0.21284 F1700
G1 X117.5000 Y151.5000 Z14.6250 E0.21294 F1700
G1 X116.6100 Y151.4883 Z14.5019 E0.21294 F1700
G1 X115.7206 Y151.4534 Z14.3820 E0.21284 F1700
G1 X114.8324 Y151.3952 Z14.2681 E0.21265 F1700
G1 X113.9460 Y151.3137 Z14.1631 E0.21239 F1700
G1 X113.0621 Y151.2091 Z14.0697 E0.21209 F1700
G1 X112.1812 Y151.0814 Z13.9903 E0.21177 F1700
G1 X111.3040 Y150.9307 Z13.9268 E0.21147 F1700
G1 X110.4310 Y150.7570 Z13.8808 E0.21121 F1700
G1 X109.5629 Y150.5606 Z13.8536 E0.21103 F1700
G1 X108.7002 Y150.3415 Z13.8458 E0.21094 F1700
G1 X107.8435 Y150.0999 Z13.8578 E0.21095 F1700
G1 X106.9934 Y149.8359 Z13.8892 E0.21106 F1700
G1 X106.1506 Y149.5498 Z13.9393 E0.21127 F1700
G1 X105.3155 Y149.2417 Z14.0070 E0.21154 F1700
G1 X104.4888 Y148.9119 Z14.0906 E0.21186 F1700
G1 X103.6710 Y148.5605 Z14.1881 E0.21220 F1700
G1 X102.8626 Y148.1879 Z14.2972 E0.21251 F1700
G1 X102.0643 Y147.7942 Z14.4153 E0.21278 F1700
G1 X101.2766 Y147.3798 Z14.5394 E0.21297 F1700
G1 X100.5000 Y146.9449 Z14.6667 E0.21308 F1700
G1 X99.7350 Y146.4898 Z14.7939 E0.21308 F1700
G1 X98.9823 Y146.0148 Z14.9180 E0.21297 F1700
G1 X98.2422 Y145.5203 Z15.0361 E0.21278 F1700
G1 X97.5153 Y145.0066 Z15.1452 E0.21251 F1700
G1 X96.8021 Y144.4740 Z15.2428 E0.21220 F1700
G1 X96.1031 Y143.9230 Z15.3264 E0.21186 F1700
G1 X95.4188 Y143.3538 Z15.3941 E0.21154 F1700
G1 X94.7496 Y142.7669 Z15.4442 E0.21127 F1700
G1 X94.0959 Y142.1627 Z15.4756 E0.21106 F1700
G1 X93.4584 Y141.5416 Z15.4875 E0.21095 F1700
G1 X92.8373 Y140.9041 Z15.4797 E0.21094 F1700
G1 X92.2331 Y140.2504 Z15.4525 E0.21103 F1700
G1 X91.6462 Y139.5812 Z15.4066 E0.21121 F1700
G1 X91.0770 Y138.8969 Z15.3430 E0.21147 F1700
G1 X90.5260 Y138.1979 Z15.2636 E0.21177 F1700
G1 X89.9934 Y137.4847 Z15.1702 E0.21209 F1700
G1 X89.4797 Y136.7578 Z15.0653 E0.21239 F1700
G1 X88.9852 Y136.0177 Z14.9514 E0.21265 F1700
G1 X88.5102 Y135.2650 Z14.8314 E0.21284 F1700
G1 X88.0551 Y134.5000 Z14.7083 E0.21294 F1700
G1 X87.6202 Y133.7234 Z14.5853 E0.21294 F1700
G1 X87.2058 Y132.9357 Z14.4653 E0.21284 F1700
G1 X86.8121 Y132.1374 Z14.3514 E0.21265 F1700
G1 X86.4395 Y131.3290 Z14.2464 E0.21239 F1700
G1 X86.0881 Y130.5112 Z14.1531 E0.21209 F1700
G1 X85.7583 Y129.6845 Z14.0736 E0.21177 F1700
G1 X85.4502 Y128.8494 Z14.0101 E0.21147 F1700
G1 X85.1641 Y128.0066 Z13.9642 E0.21121 F1700
G1 X84.9001 Y127.1565 Z13.9369 E0.21103 F1700
G1 X84.6585 Y126.2998 Z13.9292 E0.21094 F1700
G1 X84.4394 Y125.4371 Z13.9411 E0.21095 F1700
G1 X84.2430 Y124.5690 Z13.9725 E0.21106 F1700
G1 X84.0693 Y123.6960 Z14.0226 E0.21127 F1700
G1 X83.9186 Y122.8188 Z14.0903 E0.21154 F1700
G1 X83.7909 Y121.9379 Z14.1739 E0.21186 F1700
G1 X83.6863 Y121.0540 Z14.2714 E0.21220 F1700
G1 X83.6048 Y120.1676 Z14.3806 E0.21251 F1700
G1 X83.5466 Y119.2794 Z14.4986 E0.21278 F1700
G1 X83.5117 Y118.3900 Z14.6228 E0.21297 F1700
G1 X83.5000 Y117.5000 Z14.7500 E0.21308 F1700
G1 X83.5117 Y116.6100 Z14.8772 E0.21308 F1700
G1 X83.5466 Y115.7206 Z15.0014 E0.21297 F1700
G1 X83.6048 Y114.8324 Z15.1194 E0.21278 F1700
G1 X83.6863 Y113.9460 Z15.2286 E0.21251 F1700
G1 X83.7909 Y113.0621 Z15.3261 E0.21220 F1700
G1 X83.9186 Y112.1812 Z15.4097 E0.21186 F1700
G1 X84.0693 Y111.3040 Z15.4774 E0.21154 F1700
G1 X84.2430 Y110.4310 Z15.5275 E0.21127 F1700
G1 X84.4394 Y109.5629 Z15.5589 E0.21106 F1700
G1 X84.6585 Y108.7002 Z15.5708 E0.21095 F1700
G1 X84.9001 Y107.8435 Z15.5631 E0.21094 F1700
G1 X85.1641 Y106.9934 Z15.5358 E0.21103 F1700
G1 X85.4502 Y106.1506 Z15.4899 E0.21121 F1700
G1 X85.7583 Y105.3155 Z15.4264 E0.21147 F1700
G1 X86.0881 Y104.4888 Z15.3469 E0.21177 F1700
G1 X86.4395 Y103.6710 Z15.2536 E0.21209 F1700
G1 X86.8121 Y102.8626 Z15.1486 E0.21239 F1700
G1 X87.2058 Y102.0643 Z15.0347 E0.21265 F1700
G1 X87.6202 Y101.2766 Z14.9147 E0.21284 F1700
G1 X88.0551 Y100.5000 Z14.7917 E0.21294 F1700
G1 X88.5102 Y99.7350 Z14.6686 E0.21294 F1700
G1 X88.9852 Y98.9823 Z14.5486 E0.21284 F1700
G1 X89.4797 Y98.2422 Z14.4347 E0.21265 F1700
G1 X89.9934 Y97.5153 Z14.3298 E0.21239 F1700
G1 X90.5260 Y96.8021 Z14.2364 E0.21209 F1700
G1 X91.0770 Y96.1031 Z14.1570 E0.21177 F1700
G1 X91.6462 Y95.4188 Z14.0934 E0.21147 F1700
G1 X92.2331 Y94.7496 Z14.0475 E0.21121 F1700
G1 X92.8373 Y94.0959 Z14.0203 E0.21103 F1700
G1 X93.4584 Y93.4584 Z14.0125 E0.21094 F1700
G1 X94.0959 Y92.8373 Z14.0244 E0.21095 F1700
G1 X94.7496 Y92.2331 Z14.0558 E0.21106 F1700
G1 X95.4188 Y91.6462 Z14.1059 E0.21127 F1700
G1 X96.1031 Y91.0770 Z14.1736 E0.21154 F1700
G1 X96.8021 Y90.5260 Z14.2572 E0.21186 F1700
G1 X97.5153 Y89.9934 Z14.3548 E0.21220 F1700
G1 X98.2422 Y89.4797 Z14.4639 E0.21251 F1700
G1 X98.9823 Y88.9852 Z14.5820 E0.21278 F1700
G1 X99.7350 Y88.5102 Z14.7061 E0.21297 F1700
G1 X100.5000 Y88.0551 Z14.8333 E0.21308 F1700
G1 X101.2766 Y87.6202 Z14.9606 E0.21308 F1700
G1 X102.0643 Y87.2058 Z15.0847 E0.21297 F1700
G1 X102.8626 Y86.8121 Z15.2028 E0.21278 F1700
G1 X103.6710 Y86.4395 Z15.3119 E0.21251 F1700
G1 X104.4888 Y86.0881 Z15.4094 E0.21220 F1700
G1 X105.3155 Y85.7583 Z15.4930 E0.21186 F1700
G1 X106.1506 Y85.4502 Z15.5607 E0.21154 F1700
G1 X106.9934 Y85.1641 Z15.6108 E0.21127 F1700
G1 X107.8435 Y84.9001 Z15.6422 E0.21106 F1700
G1 X108.7002 Y84.6585 Z15.6542 E0.21095 F1700
G1 X109.5629 Y84.4394 Z15.6464 E0.21094 F1700
G1 X110.4310 Y84.2430 Z15.6192 E0.21103 F1700
G1 X111.3040 Y84.0693 Z15.5732 E0.21121 F1700
G1 X112.1812 Y83.9186 Z15.5097 E0.21147 F1700
G1 X113.0621 Y83.7909 Z15.4303 E0.21177 F1700
G1 X113.9460 Y83.6863 Z15.3369 E0.21209 F1700
G1 X114.8324 Y83.6048 Z15.2319 E0.21239 F1700
G1 X115.7206 Y83.5466 Z15.1180 E0.21265 F1700
G1 X116.6100 Y83.5117 Z14.9981 E0.21284 F1700
G1 X117.5000 Y83.5000 Z14.8750 E0.21294 F1700
G1 X118.3900 Y83.5117 Z14.7519 E0.21294 F1700
G1 X119.2794 Y83.5466 Z14.6320 E0.21284 F1700
G1 X120.1676 Y83.6048 Z14.5181 E0.21265 F1700
G1 X121.0540 Y83.6863 Z14.4131 E0.21239 F1700
G1 X121.9379 Y83.7909 Z14.3197 E0.21209 F1700
G1 X122.8188 Y83.9186 Z14.2403 E0.21177 F1700
G1 X123.6960 Y84.0693 Z14.1768 E0.21147 F1700
G1 X124.5690 Y84.2430 Z14.1308 E0.21121 F1700
G1 X125.4371 Y84.4394 Z14.1036 E0.21103 F1700
G1 X126.2998 Y84.6585 Z14.0958 E0.21094 F1700
G1 X127.1565 Y84.9001 Z14.1078 E0.21095 F1700
G1 X128.0066 Y85.1641 Z14.1392 E0.21106 F1700
G1 X128.8494 Y85.4502 Z14.1893 E0.21127 F1700
G1 X129.6845 Y85.7583 Z14.2570 E0.21154 F1700
G1 X130.5112 Y86.0881 Z14.3406 E0.21186 F1700
G1 X131.3290 Y86.4395 Z14.4381 E0.21220 F1700
G1 X132.1374 Y86.8121 Z14.5472 E0.21251 F1700
G1 X132.9357 Y87.2058 Z14.6653 E0.21278 F1700
G1 X133.7234 Y87.6202 Z14.7894 E0.21297 F1700
G1 X134.5000 Y88.0551 Z14.9167 E0.21308 F1700
G1 X135.2650 Y88.5102 Z15.0439 E0.21308 F1700
G1 X136.0177 Y88.9852 Z15.1680 E0.21297 F1700
G1 X136.7578 Y89.4797 Z15.2861 E0.21278 F1700
G1 X137.4847 Y89.9934 Z15.3952 E0.21251 F1700
G1 X138.1979 Y90.5260 Z15.4928 E0.21220 F1700
G1 X138.8969 Y91.0770 Z15.5764 E0.21186 F1700
G1 X139.5812 Y91.6462 Z15.6441 E0.21154 F1700
G1 X140.2504 Y92.2331 Z15.6942 E0.21127 F1700
G1 X140.9041 Y92.8373 Z15.7256 E0.21106 F1700
G1 X141.5416 Y93.4584 Z15.7375 E0.21095 F1700
G1 X142.1627 Y94.0959 Z15.7297 E0.21094 F1700
G1 X142.7669 Y94.7496 Z15.7025 E0.21103 F1700
G1 X143.3538 Y95.4188 Z15.6566 E0.21121 F1700
G1 X143.9230 Y96.1031 Z15.5930 E0.21147 F1700
G1 X144.4740 Y96.8021 Z15.5136 E0.21177 F1700
G1 X145.0066 Y97.5153 Z15.4202 E0.21209 F1700
G1 X145.5203 Y98.2422 Z15.3153 E0.21239 F1700
G1 X146.0148 Y98.9823 Z15.2014 E0.21265 F1700
G1 X146.4898 Y99.7350 Z15.0814 E0.21284 F1700
G1 X146.9449 Y100.5000 Z14.9583 E0.21294 F1700
G1 X147.3798 Y101.2766 Z14.8353 E0.21294 F1700
G1 X147.7942 Y102.0643 Z14.7153 E0.21284 F1700
G1 X148.1879 Y102.8626 Z14.6014 E0.21265 F1700
G1 X148.5605 Y103.6710 Z14.4964 E0.21239 F1700
G1 X148.9119 Y104.4888 Z14.4031 E0.21209 F1700
G1 X149.2417 Y105.3155 Z14.3236 E0.21177 F1700
G1 X149.5498 Y106.1506 Z14.2601 E0.21147 F1700
G1 X149.8359 Y106.9934 Z14.2142 E0.21121 F1700
G1 X150.0999 Y107.8435 Z14.1869 E0.21103 F1700
G1 X150.3415 Y108.7002 Z14.1792 E0.21094 F1700
G1 X150.5606 Y109.5629 Z14.1911 E0.21095 F1700
G1 X150.7570 Y110.4310 Z14.2225 E0.21106 F1700
G1 X150.9307 Y111.3040 Z14.2726 E0.21127 F1700
G1 X151.0814 Y112.1812 Z14.3403 E0.21154 F1700
G1 X151.2091 Y113.0621 Z14.4239 E0.21186 F1700
G1 X151.3137 Y113.9460 Z14.5214 E0.21220 F1700
G1 X151.3952 Y114.8324 Z14.6306 E0.21251 F1700
G1 X151.4534 Y115.7206 Z14.7486 E0.21278 F1700
G1 X151.4883 Y116.6100 Z14.8728 E0.21297 F1700
G1 X151.5000 Y117.5000 Z15.0000 E0.21308 F1700
G1 X151.4883 Y118.3900 Z15.1272 E0.21308 F1700
G1 X151.4534 Y119.2794 Z15.2514 E0.21297 F1700
G1 X151.3952 Y120.1676 Z15.3694 E0.21278 F1700
G1 X151.3137 Y121.0540 Z15.4786 E0.21251 F1700
G1 X151.2091 Y121.9379 Z15.5761 E0.21220 F1700
G1 X151.0814 Y122.8188 Z15.6597 E0.21186 F1700
G1 X150.9307 Y123.6960 Z15.7274 E0.21154 F1700
G1 X150.7570 Y124.5690 Z15.7775 E0.21127 F1700
G1 X150.5606 Y125.4371 Z15.8089 E0.21106 F1700
G1 X150.3415 Y126.2998 Z15.8208 E0.21095 F1700
G1 X150.0999 Y127.1565 Z15.8131 E0.21094 F1700
G1 X149.8359 Y128.0066 Z15.7858 E0.21103 F1700
G1 X149.5498 Y128.8494 Z15.7399 E0.21121 F1700
G1 X149.2417 Y129.6845 Z15.6764 E0.21147 F1700
G1 X148.9119 Y130.5112 Z15.5969 E0.21177 F1700
G1 X148.5605 Y131.3290 Z15.5036 E0.21209 F1700
G1 X148.1879 Y132.1374 Z15.3986 E0.21239 F1700
G1 X147.7942 Y132.9357 Z15.2847 E0.21265 F1700
G1 X147.3798 Y133.7234 Z15.1647 E0.21284 F1700
G1 X146.9449 Y134.5000 Z15.0417 E0.21294 F1700
G1 X146.4898 Y135.2650 Z14.9186 E0.21294 F1700
G1 X146.0148 Y136.0177 Z14.7986 E0.21284 F1700
G1 X145.5203 Y136.7578 Z14.6847 E0.21265 F1700
G1 X145.0066 Y137.4847 Z14.5798 E0.21239 F1700
G1 X144.4740 Y138.1979 Z14.4864 E0.21209 F1700
G1 X143.9230 Y138.8969 Z14.4070 E0.21177 F1700
G1 X143.3538 Y139.5812 Z14.3434 E0.21147 F1700
G1 X142.7669 Y140.2504 Z14.2975 E0.21121 F1700
G1 X142.1627 Y140.9041 Z14.2703 E0.21103 F1700
G1 X141.5416 Y141.5416 Z14.2625 E0.21094 F1700
G1 X140.9041 Y142.1627 Z14.2744 E0.21095 F1700
G1 X140.2504 Y142.7669 Z14.3058 E0.21106 F1700
G1 X139.5812 Y143.3538 Z14.3559 E0.21127 F1700
G1 X138.8969 Y143.9230 Z14.4236 E0.21154 F1700
G1 X138.1979 Y144.4740 Z14.5072 E0.21186 F1700
G1 X137.4847 Y145.0066 Z14.6048 E0.21220 F1700
G1 X136.7578 Y145.5203 Z14.7139 E0.21251 F1700
G1 X136.0177 Y146.0148 Z14.8320 E0.21278 F1700
G1 X135.2650 Y146.4898 Z14.9561 E0.21297 F1700
G1 X134.5000 Y146.9449 Z15.0833 E0.21308 F1700
G1 X133.7234 Y147.3798 Z15.2106 E0.21308 F1700
G1 X132.9357 Y147.7942 Z15.3347 E0.21297 F1700
G1 X132.1374 Y148.1879 Z15.4528 E0.21278 F1700
G1 X131.3290 Y148.5605 Z15.5619 E0.21251 F1700
G1 X130.5112 Y148.9119 Z15.6594 E0.21220 F1700
G1 X129.6845 Y149.2417 Z15.7430 E0.21186 F1700
G1 X128.8494 Y149.5498 Z15.8107 E0.21154 F1700
G1 X128.0066 Y149.8359 Z15.8608 E0.21127 F1700
G1 X127.1565 Y150.0999 Z15.8922 E0.21106 F1700
G1 X126.2998 Y150.3415 Z15.9042 E0.21095 F1700
G1 X125.4371 Y150.5606 Z15.8964 E0.21094 F1700
G1 X124.5690 Y150.7570 Z15.8692 E0.21103 F1700
G1 X123.6960 Y150.9307 Z15.8232 E0.21121 F1700
G1 X122.8188 Y151.0814 Z15.7597 E0.21147 F1700
G1 X121.9379 Y151.2091 Z15.6803 E0.21177 F1700
G1 X121.0540 Y151.3137 Z15.5869 E0.21209 F1700
G1 X120.1676 Y151.3952 Z15.4819 E0.21239 F1700
G1 X119.2794 Y151.4534 Z15.3680 E0.21265 F1700
G1 X118.3900 Y151.4883 Z15.2481 E0.21284 F1700
G1 X117.5000 Y151.5000 Z15.1250 E0.21294 F1700
G1 X116.6100 Y151.4883 Z15.0019 E0.21294 F1700
G1 X115.7206 Y151.4534 Z14.8820 E0.21284 F1700
G1 X114.8324 Y151.3952 Z14.7681 E0.21265 F1700
G1 X113.9460 Y151.3137 Z14.6631 E0.21239 F1700
G1 X113.0621 Y151.2091 Z14.5697 E0.21209 F1700
G1 X112.1812 Y151.0814 Z14.4903 E0.21177 F1700
G1 X111.3040 Y150.9307 Z14.4268 E0.21147 F1700
G1 X110.4310 Y150.7570 Z14.3808 E0.21121 F1700
G1 X109.5629 Y150.5606 Z14.3536 E0.21103 F1700
G1 X108.7002 Y150.3415 Z14.3458 E0.21094 F1700
G1 X107.8435 Y150.0999 Z14.3578 E0.21095 F1700
G1 X106.9934 Y149.8359 Z14.3892 E0.21106 F1700
G1 X106.1506 Y149.5498 Z14.4393 E0.21127 F1700
G1 X105.3155 Y149.2417 Z14.5070 E0.21154 F1700
G1 X104.4888 Y148.9119 Z14.5906 E0.21186 F1700
G1 X103.6710 Y148.5605 Z14.6881 E0.21220 F1700
G1 X102.8626 Y148.1879 Z14.7972 E0.21251 F1700
G1 X102.0643 Y147.7942 Z14.9153 E0.21278 F1700
G1 X101.2766 Y147.3798 Z15.0394 E0.21297 F1700
G1 X100.5000 Y146.9449 Z15.1667 E0.21308 F1700
G1 X99.7350 Y146.4898 Z15.2939 E0.21308 F1700
G1 X98.9823 Y146.0148 Z15.4180 E0.21297 F1700
G1 X98.2422 Y145.5203 Z15.5361 E0.21278 F1700
G1 X97.5153 Y145.0066 Z15.6452 E0.21251 F1700
G1 X96.8021 Y144.4740 Z15.7428 E0.21220 F1700
G1 X96.1031 Y143.9230 Z15.8264 E0.21186 F1700
G1 X95.4188 Y143.3538 Z15.8941 E0.21154 F1700
G1 X94.7496 Y142.7669 Z15.9442 E0.21127 F1700
G1 X94.0959 Y142.1627 Z15.9756 E0.21106 F1700
G1 X93.4584 Y141.5416 Z15.9875 E0.21095 F1700
G1 X92.8373 Y140.9041 Z15.9797 E0.21094 F1700
G1 X92.2331 Y140.2504 Z15.9525 E0.21103 F1700
G1 X91.6462 Y139.5812 Z15.9066 E0.21121 F1700
G1 X91.0770 Y138.8969 Z15.8430 E0.21147 F1700
G1 X90.5260 Y138.1979 Z15.7636 E0.21177 F1700
G1 X89.9934 Y137.4847 Z15.6702 E0.21209 F1700
G1 X89.4797 Y136.7578 Z15.5653 E0.21239 F1700
G1 X88.9852 Y136.0177 Z15.4514 E0.21265 F1700
G1 X88.5102 Y135.2650 Z15.3314 E0.21284 F1700
G1 X88.0551 Y134.5000 Z15.2083 E0.21294 F1700
G1 X87.6202 Y133.7234 Z15.0853 E0.21294 F1700
G1 X87.2058 Y132.9357 Z14.9653 E0.21284 F1700
G1 X86.8121 Y132.1374 Z14.8514 E0.21265 F1700
G1 X86.4395 Y131.3290 Z14.7464 E0.21239 F1700
G1 X86.0881 Y130.5112 Z14.6531 E0.21209 F1700
G1 X85.7583 Y129.6845 Z14.5736 E0.21177 F1700
G1 X85.4502 Y128.8494 Z14.5101 E0.21147 F1700
G1 X85.1641 Y128.0066 Z14.4642 E0.21121 F1700
G1 X84.9001 Y127.1565 Z14.4369 E0.21103 F1700
G1 X84.6585 Y126.2998 Z14.4292 E0.21094 F1700
G1 X84.4394 Y125.4371 Z14.4411 E0.21095 F1700
G1 X84.2430 Y124.5690 Z14.4725 E0.21106 F1700
G1 X84.0693 Y123.6960 Z14.5226 E0.21127 F1700
G1 X83.9186 Y122.8188 Z14.5903 E0.21154 F1700
G1 X83.7909 Y121.9379 Z14.6739 E0.21186 F1700
G1 X83.6863 Y121.0540 Z14.7714 E0.21220 F1700
G1 X83.6048 Y120.1676 Z14.8806 E0.21251 F1700
G1 X83.5466 Y119.2794 Z14.9986 E0.21278 F1700
G1 X83.5117 Y118.3900 Z15.1228 E0.21297 F1700
G1 X83.5000 Y117.5000 Z15.2500 E0.21308 F1700
G1 X83.5117 Y116.6100 Z15.3772 E0.21308 F1700
G1 X83.5466 Y115.7206 Z15.5014 E0.21297 F1700
G1 X83.6048 Y114.8324 Z15.6194 E0.21278 F1700
G1 X83.6863 Y113.9460 Z15.7286 E0.21251 F1700
G1 X83.7909 Y113.0621 Z15.8261 E0.21220 F1700
G1 X83.9186 Y112.1812 Z15.9097 E0.21186 F1700
G1 X84.0693 Y111.3040 Z15.9774 E0.21154 F1700
G1 X84.2430 Y110.4310 Z16.0275 E0.21127 F1700
G1 X84.4394 Y109.5629 Z16.0589 E0.21106 F1700
G1 X84.6585 Y108.7002 Z16.0708 E0.21095 F1700
G1 X84.9001 Y107.8435 Z16.0631 E0.21094 F1700
G1 X85.1641 Y106.9934 Z16.0358 E0.21103 F1700
G1 X85.4502 Y106.1506 Z15.9899 E0.21121 F1700
G1 X85.7583 Y105.3155 Z15.9264 E0.21147 F1700
G1 X86.0881 Y104.4888 Z15.8469 E0.21177 F1700
G1 X86.4395 Y103.6710 Z15.7536 E0.21209 F1700
G1 X86.8121 Y102.8626 Z15.6486 E0.21239 F1700
G1 X87.2058 Y102.0643 Z15.5347 E0.21265 F1700
G1 X87.6202 Y101.2766 Z15.4147 E0.21284 F1700
G1 X88.0551 Y100.5000 Z15.2917 E0.21294 F1700
G1 X88.5102 Y99.7350 Z15.1686 E0.21294 F1700
G1 X88.9852 Y98.9823 Z15.0486 E0.21284 F1700
G1 X89.4797 Y98.2422 Z14.9347 E0.21265 F1700
G1 X89.9934 Y97.5153 Z14.8298 E0.21239 F1700
G1 X90.5260 Y96.8021 Z14.7364 E0.21209 F1700
G1 X91.0770 Y96.1031 Z14.6570 E0.21177 F1700
G1 X91.6462 Y95.4188 Z14.5934 E0.21147 F1700
G1 X92.2331 Y94.7496 Z14.5475 E0.21121 F1700
G1 X92.8373 Y94.0959 Z14.5203 E0.21103 F1700
G1 X93.4584 Y93.4584 Z14.5125 E0.21094 F1700
G1 X94.0959 Y92.8373 Z14.5244 E0.21095 F1700
G1 X94.7496 Y92.2331 Z14.5558 E0.21106 F1700
G1 X95.4188 Y91.6462 Z14.6059 E0.21127 F1700
G1 X96.1031 Y91.0770 Z14.6736 E0.21154 F1700
G1 X96.8021 Y90.5260 Z14.7572 E0.21186 F1700
G1 X97.5153 Y89.9934 Z14.8548 E0.21220 F1700
G1 X98.2422 Y89.4797 Z14.9639 E0.21251 F1700
G1 X98.9823 Y88.9852 Z15.0820 E0.21278 F1700
G1 X99.7350 Y88.5102 Z15.2061 E0.21297 F1700
G1 X100.5000 Y88.0551 Z15.3333 E0.21308 F1700
G1 X101.2766 Y87.6202 Z15.4606 E0.21308 F1700
G1 X102.0643 Y87.2058 Z15.5847 E0.21297 F1700
G1 X102.8626 Y86.8121 Z15.7028 E0.21278 F1700
G1 X103.6710 Y86.4395 Z15.8119 E0.21251 F1700
G1 X104.4888 Y86.0881 Z15.9094 E0.21220 F1700
G1 X105.3155 Y85.7583 Z15.9930 E0.21186 F1700
G1 X106.1506 Y85.4502 Z16.0607 E0.21154 F1700
G1 X106.9934 Y85.1641 Z16.1108 E0.21127 F1700
G1 X107.8435 Y84.9001 Z16.1422 E0.21106 F1700
G1 X108.7002 Y84.6585 Z16.1542 E0.21095 F1700
G1 X109.5629 Y84.4394 Z16.1464 E0.21094 F1700
G1 X110.4310 Y84.2430 Z16.1192 E0.21103 F1700
G1 X111.3040 Y84.0693 Z16.0732 E0.21121 F1700
G1 X112.1812 Y83.9186 Z16.0097 E0.21147 F1700
G1 X113.0621 Y83.7909 Z15.9303 E0.21177 F1700
G1 X113.9460 Y83.6863 Z15.8369 E0.21209 F1700
G1 X114.8324 Y83.6048 Z15.7319 E0.21239 F1700
G1 X115.7206 Y83.5466 Z15.6180 E0.21265 F1700
G1 X116.6100 Y83.5117 Z15.4981 E0.21284 F1700
G1 X117.5000 Y83.5000 Z15.3750 E0.21294 F1700
G1 X118.3900 Y83.5117 Z15.2519 E0.21294 F1700
G1 X119.2794 Y83.5466 Z15.1320 E0.21284 F1700
G1 X120.1676 Y83.6048 Z15.0181 E0.21265 F1700
G1 X121.0540 Y83.6863 Z14.9131 E0.21239 F1700
G1 X121.9379 Y83.7909 Z14.8197 E0.21209 F1700
G1 X122.8188 Y83.9186 Z14.7403 E0.21177 F1700
G1 X123.6960 Y84.0693 Z14.6768 E0.21147 F1700
G1 X124.5690 Y84.2430 Z14.6308 E0.21121 F1700
G1 X125.4371 Y84.4394 Z14.6036 E0.21103 F1700
G1 X126.2998 Y84.6585 Z14.5958 E0.21094 F1700
G1 X127.1565 Y84.9001 Z14.6078 E0.21095 F1700
G1 X128.0066 Y85.1641 Z14.6392 E0.21106 F1700
G1 X128.8494 Y85.4502 Z14.6893 E0.21127 F1700
G1 X129.6845 Y85.7583 Z14.7570 E0.21154 F1700
G1 X130.5112 Y86.0881 Z14.8406 E0.21186 F1700
G1 X131.3290 Y86.4395 Z14.9381 E0.21220 F1700
G1 X132.1374 Y86.8121 Z15.0472 E0.21251 F1700
G1 X132.9357 Y87.2058 Z15.1653 E0.21278 F1700
G1 X133.7234 Y87.6202 Z15.2894 E0.21297 F1700
G1 X134.5000 Y88.0551 Z15.4167 E0.21308 F1700
G1 X135.2650 Y88.5102 Z15.5439 E0.21308 F1700
G1 X136.0177 Y88.9852 Z15.6680 E0.21297 F1700
G1 X136.7578 Y89.4797 Z15.7861 E0.21278 F1700
G1 X137.4847 Y89.9934 Z15.8952 E0.21251 F1700
G1 X138.1979 Y90.5260 Z15.9928 E0.21220 F1700
G1 X138.8969 Y91.0770 Z16.0764 E0.21186 F1700
G1 X139.5812 Y91.6462 Z16.1441 E0.21154 F1700
G1 X140.2504 Y92.2331 Z16.1942 E0.21127 F1700
G1 X140.9041 Y92.8373 Z16.2256 E0.21106 F1700
G1 X141.5416 Y93.4584 Z16.2375 E0.21095 F1700
G1 X142.1627 Y94.0959 Z16.2297 E0.21094 F1700
G1 X142.7669 Y94.7496 Z16.2025 E0.21103 F1700
G1 X143.3538 Y95.4188 Z16.1566 E0.21121 F1700
G1 X143.9230 Y96.1031 Z16.0930 E0.21147 F1700
G1 X144.4740 Y96.8021 Z16.0136 E0.21177 F1700
G1 X145.0066 Y97.5153 Z15.9202 E0.21209 F1700
G1 X145.5203 Y98.2422 Z15.8153 E0.21239 F1700
G1 X146.0148 Y98.9823 Z15.7014 E0.21265 F1700
G1 X146.4898 Y99.7350 Z15.5814 E0.21284 F1700
G1 X146.9449 Y100.5000 Z15.4583 E0.21294 F1700
G1 X147.3798 Y101.2766 Z15.3353 E0.21294 F1700
G1 X147.7942 Y102.0643 Z15.2153 E0.21284 F1700
G1 X148.1879 Y102.8626 Z15.1014 E0.21265 F1700
G1 X148.5605 Y103.6710 Z14.9964 E0.21239 F1700
G1 X148.9119 Y104.4888 Z14.9031 E0.21209 F1700
G1 X149.2417 Y105.3155 Z14.8236 E0.21177 F1700
G1 X149.5498 Y106.1506 Z14.7601 E0.21147 F1700
G1 X149.8359 Y106.9934 Z14.7142 E0.21121 F1700
G1 X150.0999 Y107.8435 Z14.6869 E0.21103 F1700
G1 X150.3415 Y108.7002 Z14.6792 E0.21094 F1700
G1 X150.5606 Y109.5629 Z14.6911 E0.21095 F1700
G1 X150.7570 Y110.4310 Z14.7225 E0.21106 F1700
G1 X150.9307 Y111.3040 Z14.7726 E0.21127 F1700
G1 X151.0814 Y112.1812 Z14.8403 E0.21154 F1700
G1 X151.2091 Y113.0621 Z14.9239 E0.21186 F1700
G1 X151.3137 Y113.9460 Z15.0214 E0.21220 F1700
G1 X151.3952 Y114.8324 Z15.1306 E0.21251 F1700
G1 X151.4534 Y115.7206 Z15.2486 E0.21278 F1700
G1 X151.4883 Y116.6100 Z15.3728 E0.21297 F1700
G1 X151.5000 Y117.5000 Z15.5000 E0.21308 F1700
G1 X151.4883 Y118.3900 Z15.6272 E0.21308 F1700
G1 X151.4534 Y119.2794 Z15.7514 E0.21297 F1700
G1 X151.3952 Y120.1676 Z15.8694 E0.21278 F1700
G1 X151.3137 Y121.0540 Z15.9786 E0.21251 F1700
G1 X151.2091 Y121.9379 Z16.0761 E0.21220 F1700
G1 X151.0814 Y122.8188 Z16.1597 E0.21186 F1700
G1 X150.9307 Y123.6960 Z16.2274 E0.21154 F1700
G1 X150.7570 Y124.5690 Z16.2775 E0.21127 F1700
G1 X150.5606 Y125.4371 Z16.3089 E0.21106 F1700
G1 X150.3415 Y126.2998 Z16.3208 E0.21095 F1700
G1 X150.0999 Y127.1565 Z16.3131 E0.21094 F1700
G1 X149.8359 Y128.0066 Z16.2858 E0.21103 F1700
G1 X149.5498 Y128.8494 Z16.2399 E0.21121 F1700
G1 X149.2417 Y129.6845 Z16.1764 E0.21147 F1700
G1 X148.9119 Y130.5112 Z16.0969 E0.21177 F1700
G1 X148.5605 Y131.3290 Z16.0036 E0.21209 F1700
G1 X148.1879 Y132.1374 Z15.8986 E0.21239 F1700
G1 X147.7942 Y132.9357 Z15.7847 E0.21265 F1700
G1 X147.3798 Y133.7234 Z15.6647 E0.21284 F1700
G1 X146.9449 Y134.5000 Z15.5417 E0.21294 F1700
G1 X146.4898 Y135.2650 Z15.4186 E0.21294 F1700
G1 X146.0148 Y136.0177 Z15.2986 E0.21284 F1700
G1 X145.5203 Y136.7578 Z15.1847 E0.21265 F1700
G1 X145.0066 Y137.4847 Z15.0798 E0.21239 F1700
G1 X144.4740 Y138.1979 Z14.9864 E0.21209 F1700
G1 X143.9230 Y138.8969 Z14.9070 E0.21177 F1700
G1 X143.3538 Y139.5812 Z14.8434 E0.21147 F1700
G1 X142.7669 Y140.2504 Z14.7975 E0.21121 F1700
G1 X142.1627 Y140.9041 Z14.7703 E0.21103 F1700
G1 X141.5416 Y141.5416 Z14.7625 E0.21094 F1700
G1 X140.9041 Y142.1627 Z14.7744 E0.21095 F1700
G1 X140.2504 Y142.7669 Z14.8058 E0.21106 F1700
G1 X139.5812 Y143.3538 Z14.8559 E0.21127 F1700
G1 X138.8969 Y143.9230 Z14.9236 E0.21154 F1700
G1 X138.1979 Y144.4740 Z15.0072 E0.21186 F1700
G1 X137.4847 Y145.0066 Z15.1048 E0.21220 F1700
G1 X136.7578 Y145.5203 Z15.2139 E0.21251 F1700
G1 X136.0177 Y146.0148 Z15.3320 E0.21278 F1700
G1 X135.2650 Y146.4898 Z15.4561 E0.21297 F1700
G1 X134.5000 Y146.9449 Z15.5833 E0.21308 F1700
G1 X133.7234 Y147.3798 Z15.7106 E0.21308 F1700
G1 X132.9357 Y147.7942 Z15.8347 E0.21297 F1700
G1 X132.1374 Y148.1879 Z15.9528 E0.21278 F1700
G1 X131.3290 Y148.5605 Z16.0619 E0.21251 F1700
G1 X130.5112 Y148.9119 Z16.1594 E0.21220 F1700
G1 X129.6845 Y149.2417 Z16.2430 E0.21186 F1700
G1 X128.8494 Y149.5498 Z16.3107 E0.21154 F1700
G1 X128.0066 Y149.8359 Z16.3608 E0.21127 F1700
G1 X127.1565 Y150.0999 Z16.3922 E0.21106 F1700
G1 X126.2998 Y150.3415 Z16.4042 E0.21095 F1700
G1 X125.4371 Y150.5606 Z16.3964 E0.21094 F1700
G1 X124.5690 Y150.7570 Z16.3692 E0.21103 F1700
G1 X123.6960 Y150.9307 Z16.3232 E0.21121 F1700
G1 X122.8188 Y151.0814 Z16.2597 E0.21147 F1700
G1 X121.9379 Y151.2091 Z16.1803 E0.21177 F1700
G1 X121.0540 Y151.3137 Z16.0869 E0.21209 F1700
G1 X120.1676 Y151.3952 Z15.9819 E0.21239 F1700
G1 X119.2794 Y151.4534 Z15.8680 E0.21265 F1700
G1 X118.3900 Y151.4883 Z15.7481 E0.21284 F1700
G1 X117.5000 Y151.5000 Z15.6250 E0.21294 F1700
G1 X116.6100 Y151.4883 Z15.5019 E0.21294 F1700
G1 X115.7206 Y151.4534 Z15.3820 E0.21284 F1700
G1 X114.8324 Y151.3952 Z15.2681 E0.21265 F1700
G1 X113.9460 Y151.3137 Z15.1631 E0.21239 F1700
G1 X113.0621 Y151.2091 Z15.0697 E0.21209 F1700
G1 X112.1812 Y151.0814 Z14.9903 E0.21177 F1700
G1 X111.3040 Y150.9307 Z14.9268 E0.21147 F1700
G1 X110.4310 Y150.7570 Z14.8808 E0.21121 F1700
G1 X109.5629 Y150.5606 Z14.8536 E0.21103 F1700
G1 X108.7002 Y150.3415 Z14.8458 E0.21094 F1700
G1 X107.8435 Y150.0999 Z14.8578 E0.21095 F1700
G1 X106.9934 Y149.8359 Z14.8892 E0.21106 F1700
G1 X106.1506 Y149.5498 Z14.9393 E0.21127 F1700
G1 X105.3155 Y149.2417 Z15.0070 E0.21154 F1700
G1 X104.4888 Y148.9119 Z15.0906 E0.21186 F1700
G1 X103.6710 Y148.5605 Z15.1881 E0.21220 F1700
G1 X102.8626 Y148.1879 Z15.2972 E0.21251 F1700
G1 X102.0643 Y147.7942 Z15.4153 E0.21278 F1700
G1 X101.2766 Y147.3798 Z15.5394 E0.21297 F1700
G1 X100.5000 Y146.9449 Z15.6667 E0.21308 F1700
G1 X99.7350 Y146.4898 Z15.7939 E0.21308 F1700
G1 X98.9823 Y146.0148 Z15.9180 E0.21297 F1700
G1 X98.2422 Y145.5203 Z16.0361 E0.21278 F1700
G1 X97.5153 Y145.0066 Z16.1452 E0.21251 F1700
G1 X96.8021 Y144.4740 Z16.2428 E0.21220 F1700
G1 X96.1031 Y143.9230 Z16.3264 E0.21186 F1700
G1 X95.4188 Y143.3538 Z16.3941 E0.21154 F1700
G1 X94.7496 Y142.7669 Z16.4442 E0.21127 F1700
G1 X94.0959 Y142.1627 Z16.4756 E0.21106 F1700
G1 X93.4584 Y141.5416 Z16.4875 E0.21095 F1700
G1 X92.8373 Y140.9041 Z16.4797 E0.21094 F1700
G1 X92.2331 Y140.2504 Z16.4525 E0.21103 F1700
G1 X91.6462 Y139.5812 Z16.4066 E0.21121 F1700
G1 X91.0770 Y138.8969 Z16.3430 E0.21147 F1700
G1 X90.5260 Y138.1979 Z16.2636 E0.21177 F1700
G1 X89.9934 Y137.4847 Z16.1702 E0.21209 F1700
G1 X89.4797 Y136.7578 Z16.0653 E0.21239 F1700
G1 X88.9852 Y136.0177 Z15.9514 E0.21265 F1700
G1 X88.5102 Y135.2650 Z15.8314 E0.21284 F1700
G1 X88.0551 Y134.5000 Z15.7083 E0.21294 F1700
G1 X87.6202 Y133.7234 Z15.5853 E0.21294 F1700
G1 X87.2058 Y132.9357 Z15.4653 E0.21284 F1700
G1 X86.8121 Y132.1374 Z15.3514 E0.21265 F1700
G1 X86.4395 Y131.3290 Z15.2464 E0.21239 F1700
G1 X86.0881 Y130.5112 Z15.1531 E0.21209 F1700
G1 X85.7583 Y129.6845 Z15.0736 E0.21177 F1700
G1 X85.4502 Y128.8494 Z15.0101 E0.21147 F1700
G1 X85.1641 Y128.0066 Z14.9642 E0.21121 F1700
G1 X84.9001 Y127.1565 Z14.9369 E0.21103 F1700
G1 X84.6585 Y126.2998 Z14.9292 E0.21094 F1700
G1 X84.4394 Y125.4371 Z14.9411 E0.21095 F1700
G1 X84.2430 Y124.5690 Z14.9725 E0.21106 F1700
G1 X84.0693 Y123.6960 Z15.0226 E0.21127 F1700
G1 X83.9186 Y122.8188 Z15.0903 E0.21154 F1700
G1 X83.7909 Y121.9379 Z15.1739 E0.21186 F1700
G1 X83.6863 Y121.0540 Z15.2714 E0.21220 F1700
G1 X83.6048 Y120.1676 Z15.3806 E0.21251 F1700
G1 X83.5466 Y119.2794 Z15.4986 E0.21278 F1700
G1 X83.5117 Y118.3900 Z15.6228 E0.21297 F1700
G1 X83.5000 Y117.5000 Z15.7500 E0.21308 F1700
G1 X83.5117 Y116.6100 Z15.8772 E0.21308 F1700
G1 X83.5466 Y115.7206 Z16.0014 E0.21297 F1700
G1 X83.6048 Y114.8324 Z16.1194 E0.21278 F1700
G1 X83.6863 Y113.9460 Z16.2286 E0.21251 F1700
G1 X83.7909 Y113.0621 Z16.3261 E0.21220 F1700
G1 X83.9186 Y112.1812 Z16.4097 E0.21186 F1700
G1 X84.0693 Y111.3040 Z16.4774 E0.21154 F1700
G1 X84.2430 Y110.4310 Z16.5275 E0.21127 F1700
G1 X84.4394 Y109.5629 Z16.5589 E0.21106 F1700
G1 X84.6585 Y108.7002 Z16.5708 E0.21095 F1700
G1 X84.9001 Y107.8435 Z16.5631 E0.21094 F1700
G1 X85.1641 Y106.9934 Z16.5358 E0.21103 F1700
G1 X85.4502 Y106.1506 Z16.4899 E0.21121 F1700
G1 X85.7583 Y105.3155 Z16.4264 E0.21147 F1700
G1 X86.0881 Y104.4888 Z16.3469 E0.21177 F1700
G1 X86.4395 Y103.6710 Z16.2536 E0.21209 F1700
G1 X86.8121 Y102.8626 Z16.1486 E0.21239 F1700
G1 X87.2058 Y102.0643 Z16.0347 E0.21265 F1700
G1 X87.6202 Y101.2766 Z15.9147 E0.21284 F1700
G1 X88.0551 Y100.5000 Z15.7917 E0.21294 F1700
G1 X88.5102 Y99.7350 Z15.6686 E0.21294 F1700
G1 X88.9852 Y98.9823 Z15.5486 E0.21284 F1700
G1 X89.4797 Y98.2422 Z15.4347 E0.21265 F1700
G1 X89.9934 Y97.5153 Z15.3298 E0.21239 F1700
G1 X90.5260 Y96.8021 Z15.2364 E0.21209 F1700
G1 X91.0770 Y96.1031 Z15.1570 E0.21177 F1700
G1 X91.6462 Y95.4188 Z15.0934 E0.21147 F1700
G1 X92.2331 Y94.7496 Z15.0475 E0.21121 F1700
G1 X92.8373 Y94.0959 Z15.0203 E0.21103 F1700
G1 X93.4584 Y93.4584 Z15.0125 E0.21094 F1700
G1 X94.0959 Y92.8373 Z15.0244 E0.21095 F1700
G1 X94.7496 Y92.2331 Z15.0558 E0.21106 F1700
G1 X95.4188 Y91.6462 Z15.1059 E0.21127 F1700
G1 X96.1031 Y91.0770 Z15.1736 E0.21154 F1700
G1 X96.8021 Y90.5260 Z15.2572 E0.21186 F1700
G1 X97.5153 Y89.9934 Z15.3548 E0.21220 F1700
G1 X98.2422 Y89.4797 Z15.4639 E0.21251 F1700
G1 X98.9823 Y88.9852 Z15.5820 E0.21278 F1700
G1 X99.7350 Y88.5102 Z15.7061 E0.21297 F1700
G1 X100.5000 Y88.0551 Z15.8333 E0.21308 F1700
G1 X101.2766 Y87.6202 Z15.9606 E0.21308 F1700
G1 X102.0643 Y87.2058 Z16.0847 E0.21297 F1700
G1 X102.8626 Y86.8121 Z16.2028 E0.21278 F1700
G1 X103.6710 Y86.4395 Z16.3119 E0.21251 F1700
G1 X104.4888 Y86.0881 Z16.4094 E0.21220 F1700
G1 X105.3155 Y85.7583 Z16.4930 E0.21186 F1700
G1 X106.1506 Y85.4502 Z16.5607 E0.21154 F1700
G1 X106.9934 Y85.1641 Z16.6108 E0.21127 F1700
G1 X107.8435 Y84.9001 Z16.6422 E0.21106 F1700
G1 X108.7002 Y84.6585 Z16.6542 E0.21095 F1700
G1 X109.5629 Y84.4394 Z16.6464 E0.21094 F1700
G1 X110.4310 Y84.2430 Z16.6192 E0.21103 F1700
G1 X111.3040 Y84.0693 Z16.5732 E0.21121 F1700
G1 X112.1812 Y83.9186 Z16.5097 E0.21147 F1700
G1 X113.0621 Y83.7909 Z16.4303 E0.21177 F1700
G1 X113.9460 Y83.6863 Z16.3369 E0.21209 F1700
G1 X114.8324 Y83.6048 Z16.2319 E0.21239 F1700
G1 X115.7206 Y83.5466 Z16.1180 E0.21265 F1700
G1 X116.6100 Y83.5117 Z15.9981 E0.21284 F1700
G1 X117.5000 Y83.5000 Z15.8750 E0.21294 F1700
G1 X118.3900 Y83.5117 Z15.7519 E0.21294 F1700
G1 X119.2794 Y83.5466 Z15.6320 E0.21284 F1700
G1 X120.1676 Y83.6048 Z15.5181 E0.21265 F1700
G1 X121.0540 Y83.6863 Z15.4131 E0.21239 F1700
G1 X121.9379 Y83.7909 Z15.3197 E0.21209 F1700
G1 X122.8188 Y83.9186 Z15.2403 E0.21177 F1700
G1 X123.6960 Y84.0693 Z15.1768 E0.21147 F1700
G1 X124.5690 Y84.2430 Z15.1308 E0.21121 F1700
G1 X125.4371 Y84.4394 Z15.1036 E0.21103 F1700
G1 X126.2998 Y84.6585 Z15.0958 E0.21094 F1700
G1 X127.1565 Y84.9001 Z15.1078 E0.21095 F1700
G1 X128.0066 Y85.1641 Z15.1392 E0.21106 F1700
G1 X128.8494 Y85.4502 Z15.1893 E0.21127 F1700
G1 X129.6845 Y85.7583 Z15.2570 E0.21154 F1700
G1 X130.5112 Y86.0881 Z15.3406 E0.21186 F1700
G1 X131.3290 Y86.4395 Z15.4381 E0.21220 F1700
G1 X132.1374 Y86.8121 Z15.5472 E0.21251 F1700
G1 X132.9357 Y87.2058 Z15.6653 E0.21278 F1700
G1 X133.7234 Y87.6202 Z15.7894 E0.21297 F1700
G1 X134.5000 Y88.0551 Z15.9167 E0.21308 F1700
G1 X135.2650 Y88.5102 Z16.0439 E0.21308 F1700
G1 X136.0177 Y88.9852 Z16.1680 E0.21297 F1700
G1 X136.7578 Y89.4797 Z16.2861 E0.21278 F1700
G1 X137.4847 Y89.9934 Z16.3952 E0.21251 F1700
G1 X138.1979 Y90.5260 Z16.4928 E0.21220 F1700
G1 X138.8969 Y91.0770 Z16.5764 E0.21186 F1700
G1 X139.5812 Y91.6462 Z16.6441 E0.21154 F1700
G1 X140.2504 Y92.2331 Z16.6942 E0.21127 F1700
G1 X140.9041 Y92.8373 Z16.7256 E0.21106 F1700
G1 X141.5416 Y93.4584 Z16.7375 E0.21095 F1700
G1 X142.1627 Y94.0959 Z16.7297 E0.21094 F1700
G1 X142.7669 Y94.7496 Z16.7025 E0.21103 F1700
G1 X143.3538 Y95.4188 Z16.6566 E0.21121 F1700
G1 X143.9230 Y96.1031 Z16.5930 E0.21147 F1700
G1 X144.4740 Y96.8021 Z16.5136 E0.21177 F1700
G1 X145.0066 Y97.5153 Z16.4202 E0.21209 F1700
G1 X145.5203 Y98.2422 Z16.3153 E0.21239 F1700
G1 X146.0148 Y98.9823 Z16.2014 E0.21265 F1700
G1 X146.4898 Y99.7350 Z16.0814 E0.21284 F1700
G1 X146.9449 Y100.5000 Z15.9583 E0.21294 F1700
G1 X147.3798 Y101.2766 Z15.8353 E0.21294 F1700
G1 X147.7942 Y102.0643 Z15.7153 E0.21284 F1700
G1 X148.1879 Y102.8626 Z15.6014 E0.21265 F1700
G1 X148.5605 Y103.6710 Z15.4964 E0.21239 F1700
G1 X148.9119 Y104.4888 Z15.4031 E0.21209 F1700
G1 X149.2417 Y105.3155 Z15.3236 E0.21177 F1700
G1 X149.5498 Y106.1506 Z15.2601 E0.21147 F1700
G1 X149.8359 Y106.9934 Z15.2142 E0.21121 F1700
G1 X150.0999 Y107.8435 Z15.1869 E0.21103 F1700
G1 X150.3415 Y108.7002 Z15.1792 E0.21094 F1700
G1 X150.5606 Y109.5629 Z15.1911 E0.21095 F1700
G1 X150.7570 Y110.4310 Z15.2225 E0.21106 F1700
G1 X150.9307 Y111.3040 Z15.2726 E0.21127 F1700
G1 X151.0814 Y112.1812 Z15.3403 E0.21154 F1700
G1 X151.2091 Y113.0621 Z15.4239 E0.21186 F1700
G1 X151.3137 Y113.9460 Z15.5214 E0.21220 F1700
G1 X151.3952 Y114.8324 Z15.6306 E0.21251 F1700
G1 X151.4534 Y115.7206 Z15.7486 E0.21278 F1700
G1 X151.4883 Y116.6100 Z15.8728 E0.21297 F1700
G1 X151.5000 Y117.5000 Z16.0000 E0.21308 F1700
G1 X151.4883 Y118.3900 Z16.1272 E0.21308 F1700
G1 X151.4534 Y119.2794 Z16.2514 E0.21297 F1700
G1 X151.3952 Y120.1676 Z16.3694 E0.21278 F1700
G1 X151.3137 Y121.0540 Z16.4786 E0.21251 F1700
G1 X151.2091 Y121.9379 Z16.5761 E0.21220 F1700
G1 X151.0814 Y122.8188 Z16.6597 E0.21186 F1700
G1 X150.9307 Y123.6960 Z16.7274 E0.21154 F1700
G1 X150.7570 Y124.5690 Z16.7775 E0.21127 F1700
G1 X150.5606 Y125.4371 Z16.8089 E0.21106 F1700
G1 X150.3415 Y126.2998 Z16.8208 E0.21095 F1700
G1 X150.0999 Y127.1565 Z16.8131 E0.21094 F1700
G1 X149.8359 Y128.0066 Z16.7858 E0.21103 F1700
G1 X149.5498 Y128.8494 Z16.7399 E0.21121 F1700
G1 X149.2417 Y129.6845 Z16.6764 E0.21147 F1700
G1 X148.9119 Y130.5112 Z16.5969 E0.21177 F1700
G1 X148.5605 Y131.3290 Z16.5036 E0.21209 F1700
G1 X148.1879 Y132.1374 Z16.3986 E0.21239 F1700
G1 X147.7942 Y132.9357 Z16.2847 E0.21265 F1700
G1 X147.3798 Y133.7234 Z16.1647 E0.21284 F1700
G1 X146.9449 Y134.5000 Z16.0417 E0.21294 F1700
G1 X146.4898 Y135.2650 Z15.9186 E0.21294 F1700
G1 X146.0148 Y136.0177 Z15.7986 E0.21284 F1700
G1 X145.5203 Y136.7578 Z15.6847 E0.21265 F1700
G1 X145.0066 Y137.4847 Z15.5798 E0.21239 F1700
G1 X144.4740 Y138.1979 Z15.4864 E0.21209 F1700
G1 X143.9230 Y138.8969 Z15.4070 E0.21177 F1700
G1 X143.3538 Y139.5812 Z15.3434 E0.21147 F1700
G1 X142.7669 Y140.2504 Z15.2975 E0.21121 F1700
G1 X142.1627 Y140.9041 Z15.2703 E0.21103 F1700
G1 X141.5416 Y141.5416 Z15.2625 E0.21094 F1700
G1 X140.9041 Y142.1627 Z15.2744 E0.21095 F1700
G1 X140.2504 Y142.7669 Z15.3058 E0.21106 F1700
G1 X139.5812 Y143.3538 Z15.3559 E0.21127 F1700
G1 X138.8969 Y143.9230 Z15.4236 E0.21154 F1700
G1 X138.1979 Y144.4740 Z15.5072 E0.21186 F1700
G1 X137.4847 Y145.0066 Z15.6048 E0.21220 F1700
G1 X136.7578 Y145.5203 Z15.7139 E0.21251 F1700
G1 X136.0177 Y146.0148 Z15.8320 E0.21278 F1700
G1 X135.2650 Y146.4898 Z15.9561 E0.21297 F1700
G1 X134.5000 Y146.9449 Z16.0833 E0.21308 F1700
G1 X133.7234 Y147.3798 Z16.2106 E0.21308 F1700
G1 X132.9357 Y147.7942 Z16.3347 E0.21297 F1700
G1 X132.1374 Y148.1879 Z16.4528 E0.21278 F1700
G1 X131.3290 Y148.5605 Z16.5619 E0.21251 F1700
G1 X130.5112 Y148.9119 Z16.6594 E0.21220 F1700
G1 X129.6845 Y149.2417 Z16.7430 E0.21186 F1700
G1 X128.8494 Y149.5498 Z16.8107 E0.21154 F1700
G1 X128.0066 Y149.8359 Z16.8608 E0.21127 F1700
G1 X127.1565 Y150.0999 Z16.8922 E0.21106 F1700
G1 X126.2998 Y150.3415 Z16.9042 E0.21095 F1700
G1 X125.4371 Y150.5606 Z16.8964 E0.21094 F1700
G1 X124.5690 Y150.7570 Z16.8692 E0.21103 F1700
G1 X123.6960 Y150.9307 Z16.8232 E0.21121 F1700
G1 X122.8188 Y151.0814 Z16.7597 E0.21147 F1700
G1 X121.9379 Y151.2091 Z16.6803 E0.21177 F1700
G1 X121.0540 Y151.3137 Z16.5869 E0.21209 F1700
G1 X120.1676 Y151.3952 Z16.4819 E0.21239 F1700
G1 X119.2794 Y151.4534 Z16.3680 E0.21265 F1700
G1 X118.3900 Y151.4883 Z16.2481 E0.21284 F1700
G1 X117.5000 Y151.5000 Z16.1250 E0.21294 F1700
G1 X116.6100 Y151.4883 Z16.0019 E0.21294 F1700
G1 X115.7206 Y151.4534 Z15.8820 E0.21284 F1700
G1 X114.8324 Y151.3952 Z15.7681 E0.21265 F1700
G1 X113.9460 Y151.3137 Z15.6631 E0.21239 F1700
G1 X113.0621 Y151.2091 Z15.5697 E0.21209 F1700
G1 X112.1812 Y151.0814 Z15.4903 E0.21177 F1700
G1 X111.3040 Y150.9307 Z15.4268 E0.21147 F1700
G1 X110.4310 Y150.7570 Z15.3808 E0.21121 F1700
G1 X109.5629 Y150.5606 Z15.3536 E0.21103 F1700
G1 X108.7002 Y150.3415 Z15.3458 E0.21094 F1700
G1 X107.8435 Y150.0999 Z15.3578 E0.21095 F1700
G1 X106.9934 Y149.8359 Z15.3892 E0.21106 F1700
G1 X106.1506 Y149.5498 Z15.4393 E0.21127 F1700
G1 X105.3155 Y149.2417 Z15.5070 E0.21154 F1700
G1 X104.4888 Y148.9119 Z15.5906 E0.21186 F1700
G1 X103.6710 Y148.5605 Z15.6881 E0.21220 F1700
G1 X102.8626 Y148.1879 Z15.7972 E0.21251 F1700
G1 X102.0643 Y147.7942 Z15.9153 E0.21278 F1700
G1 X101.2766 Y147.3798 Z16.0394 E0.21297 F1700
G1 X100.5000 Y146.9449 Z16.1667 E0.21308 F1700
G1 X99.7350 Y146.4898 Z16.2939 E0.21308 F1700
G1 X98.9823 Y146.0148 Z16.4180 E0.21297 F1700
G1 X98.2422 Y145.5203 Z16.5361 E0.21278 F1700
G1 X97.5153 Y145.0066 Z16.6452 E0.21251 F1700
G1 X96.8021 Y144.4740 Z16.7428 E0.21220 F1700
G1 X96.1031 Y143.9230 Z16.8264 E0.21186 F1700
G1 X95.4188 Y143.3538 Z16.8941 E0.21154 F1700
G1 X94.7496 Y142.7669 Z16.9442 E0.21127 F1700
G1 X94.0959 Y142.1627 Z16.9756 E0.21106 F1700
G1 X93.4584 Y141.5416 Z16.9875 E0.21095 F1700
G1 X92.8373 Y140.9041 Z16.9797 E0.21094 F1700
G1 X92.2331 Y140.2504 Z16.9525 E0.21103 F1700
G1 X91.6462 Y139.5812 Z16.9066 E0.21121 F1700
G1 X91.0770 Y138.8969 Z16.8430 E0.21147 F1700
G1 X90.5260 Y138.1979 Z16.7636 E0.21177 F1700
G1 X89.9934 Y137.4847 Z16.6702 E0.21209 F1700
G1 X89.4797 Y136.7578 Z16.5653 E0.21239 F1700
G1 X88.9852 Y136.0177 Z16.4514 E0.21265 F1700
G1 X88.5102 Y135.2650 Z16.3314 E0.21284 F1700
G1 X88.0551 Y134.5000 Z16.2083 E0.21294 F1700
G1 X87.6202 Y133.7234 Z16.0853 E0.21294 F1700
G1 X87.2058 Y132.9357 Z15.9653 E0.21284 F1700
G1 X86.8121 Y132.1374 Z15.8514 E0.21265 F1700
G1 X86.4395 Y131.3290 Z15.7464 E0.21239 F1700
G1 X86.0881 Y130.5112 Z15.6531 E0.21209 F1700
G1 X85.7583 Y129.6845 Z15.5736 E0.21177 F1700
G1 X85.4502 Y128.8494 Z15.5101 E0.21147 F1700
G1 X85.1641 Y128.0066 Z15.4642 E0.21121 F1700
G1 X84.9001 Y127.1565 Z15.4369 E0.21103 F1700
G1 X84.6585 Y126.2998 Z15.4292 E0.21094 F1700
G1 X84.4394 Y125.4371 Z15.4411 E0.21095 F1700
G1 X84.2430 Y124.5690 Z15.4725 E0.21106 F1700
G1 X84.0693 Y123.6960 Z15.5226 E0.21127 F1700
G1 X83.9186 Y122.8188 Z15.5903 E0.21154 F1700
G1 X83.7909 Y121.9379 Z15.6739 E0.21186 F1700
G1 X83.6863 Y121.0540 Z15.7714 E0.21220 F1700
G1 X83.6048 Y120.1676 Z15.8806 E0.21251 F1700
G1 X83.5466 Y119.2794 Z15.9986 E0.21278 F1700
G1 X83.5117 Y118.3900 Z16.1228 E0.21297 F1700
G1 X83.5000 Y117.5000 Z16.2500 E0.21308 F1700
G1 X83.5117 Y116.6100 Z16.3772 E0.21308 F1700
G1 X83.5466 Y115.7206 Z16.5014 E0.21297 F1700
G1 X83.6048 Y114.8324 Z16.6194 E0.21278 F1700
G1 X83.6863 Y113.9460 Z16.7286 E0.21251 F1700
G1 X83.7909 Y113.0621 Z16.8261 E0.21220 F1700
G1 X83.9186 Y112.1812 Z16.9097 E0.21186 F1700
G1 X84.0693 Y111.3040 Z16.9774 E0.21154 F1700
G1 X84.2430 Y110.4310 Z17.0275 E0.21127 F1700
G1 X84.4394 Y109.5629 Z17.0589 E0.21106 F1700
G1 X84.6585 Y108.7002 Z17.0708 E0.21095 F1700
G1 X84.9001 Y107.8435 Z17.0631 E0.21094 F1700
G1 X85.1641 Y106.9934 Z17.0358 E0.21103 F1700
G1 X85.4502 Y106.1506 Z16.9899 E0.21121 F1700
G1 X85.7583 Y105.3155 Z16.9264 E0.21147 F1700
G1 X86.0881 Y104.4888 Z16.8469 E0.21177 F1700
G1 X86.4395 Y103.6710 Z16.7536 E0.21209 F1700
G1 X86.8121 Y102.8626 Z16.6486 E0.21239 F1700
G1 X87.2058 Y102.0643 Z16.5347 E0.21265 F1700
G1 X87.6202 Y101.2766 Z16.4147 E0.21284 F1700
G1 X88.0551 Y100.5000 Z16.2917 E0.21294 F1700
G1 X88.5102 Y99.7350 Z16.1686 E0.21294 F1700
G1 X88.9852 Y98.9823 Z16.0486 E0.21284 F1700
G1 X89.4797 Y98.2422 Z15.9347 E0.21265 F1700
G1 X89.9934 Y97.5153 Z15.8298 E0.21239 F1700
G1 X90.5260 Y96.8021 Z15.7364 E0.21209 F1700
G1 X91.0770 Y96.1031 Z15.6570 E0.21177 F1700
G1 X91.6462 Y95.4188 Z15.5934 E0.21147 F1700
G1 X92.2331 Y94.7496 Z15.5475 E0.21121 F1700
G1 X92.8373 Y94.0959 Z15.5203 E0.21103 F1700
G1 X93.4584 Y93.4584 Z15.5125 E0.21094 F1700
G1 X94.0959 Y92.8373 Z15.5244 E0.21095 F1700
G1 X94.7496 Y92.2331 Z15.5558 E0.21106 F1700
G1 X95.4188 Y91.6462 Z15.6059 E0.21127 F1700
G1 X96.1031 Y91.0770 Z15.6736 E0.21154 F1700
G1 X96.8021 Y90.5260 Z15.7572 E0.21186 F1700
G1 X97.5153 Y89.9934 Z15.8548 E0.21220 F1700
G1 X98.2422 Y89.4797 Z15.9639 E0.21251 F1700
G1 X98.9823 Y88.9852 Z16.0820 E0.21278 F1700
G1 X99.7350 Y88.5102 Z16.2061 E0.21297 F1700
G1 X100.5000 Y88.0551 Z16.3333 E0.21308 F1700
G1 X101.2766 Y87.6202 Z16.4606 E0.21308 F1700
G1 X102.0643 Y87.2058 Z16.5847 E0.21297 F1700
G1 X102.8626 Y86.8121 Z16.7028 E0.21278 F1700
G1 X103.6710 Y86.4395 Z16.8119 E0.21251 F1700
G1 X104.4888 Y86.0881 Z16.9094 E0.21220 F1700
G1 X105.3155 Y85.7583 Z16.9930 E0.21186 F1700
G1 X106.1506 Y85.4502 Z17.0607 E0.21154 F1700
G1 X106.9934 Y85.1641 Z17.1108 E0.21127 F1700
G1 X107.8435 Y84.9001 Z17.1422 E0.21106 F1700
G1 X108.7002 Y84.6585 Z17.1542 E0.21095 F1700
G1 X109.5629 Y84.4394 Z17.1464 E0.21094 F1700
G1 X110.4310 Y84.2430 Z17.1192 E0.21103 F1700
G1 X111.3040 Y84.0693 Z17.0732 E0.21121 F1700
G1 X112.1812 Y83.9186 Z17.0097 E0.21147 F1700
G1 X113.0621 Y83.7909 Z16.9303 E0.21177 F1700
G1 X113.9460 Y83.6863 Z16.8369 E0.21209 F1700
G1 X114.8324 Y83.6048 Z16.7319 E0.21239 F1700
G1 X115.7206 Y83.5466 Z16.6180 E0.21265 F1700
G1 X116.6100 Y83.5117 Z16.4981 E0.21284 F1700
G1 X117.5000 Y83.5000 Z16.3750 E0.21294 F1700
G1 X118.3900 Y83.5117 Z16.2519 E0.21294 F1700
G1 X119.2794 Y83.5466 Z16.1320 E0.21284 F1700
G1 X120.1676 Y83.6048 Z16.0181 E0.21265 F1700
G1 X121.0540 Y83.6863 Z15.9131 E0.21239 F1700
G1 X121.9379 Y83.7909 Z15.8197 E0.21209 F1700
G1 X122.8188 Y83.9186 Z15.7403 E0.21177 F1700
G1 X123.6960 Y84.0693 Z15.6768 E0.21147 F1700
G1 X124.5690 Y84.2430 Z15.6308 E0.21121 F1700
G1 X125.4371 Y84.4394 Z15.6036 E0.21103 F1700
G1 X126.2998 Y84.6585 Z15.5958 E0.21094 F1700
G1 X127.1565 Y84.9001 Z15.6078 E0.21095 F1700
G1 X128.0066 Y85.1641 Z15.6392 E0.21106 F1700
G1 X128.8494 Y85.4502 Z15.6893 E0.21127 F1700
G1 X129.6845 Y85.7583 Z15.7570 E0.21154 F1700
G1 X130.5112 Y86.0881 Z15.8406 E0.21186 F1700
G1 X131.3290 Y86.4395 Z15.9381 E0.21220 F1700
G1 X132.1374 Y86.8121 Z16.0472 E0.21251 F1700
G1 X132.9357 Y87.2058 Z16.1653 E0.21278 F1700
G1 X133.7234 Y87.6202 Z16.2894 E0.21297 F1700
G1 X134.5000 Y88.0551 Z16.4167 E0.21308 F1700
G1 X135.2650 Y88.5102 Z16.5439 E0.21308 F1700
G1 X136.0177 Y88.9852 Z16.6680 E0.21297 F1700
G1 X136.7578 Y89.4797 Z16.7861 E0.21278 F1700
G1 X137.4847 Y89.9934 Z16.8952 E0.21251 F1700
G1 X138.1979 Y90.5260 Z16.9928 E0.21220 F1700
G1 X138.8969 Y91.0770 Z17.0764 E0.21186 F1700
G1 X139.5812 Y91.6462 Z17.1441 E0.21154 F1700
G1 X140.2504 Y92.2331 Z17.1942 E0.21127 F1700
G1 X140.9041 Y92.8373 Z17.2256 E0.21106 F1700
G1 X141.5416 Y93.4584 Z17.2375 E0.21095 F1700
G1 X142.1627 Y94.0959 Z17.2297 E0.21094 F1700
G1 X142.7669 Y94.7496 Z17.2025 E0.21103 F1700
G1 X143.3538 Y95.4188 Z17.1566 E0.21121 F1700
G1 X143.9230 Y96.1031 Z17.0930 E0.21147 F1700
G1 X144.4740 Y96.8021 Z17.0136 E0.21177 F1700
G1 X145.0066 Y97.5153 Z16.9202 E0.21209 F1700
G1 X145.5203 Y98.2422 Z16.8153 E0.21239 F1700
G1 X146.0148 Y98.9823 Z16.7014 E0.21265 F1700
G1 X146.4898 Y99.7350 Z16.5814 E0.21284 F1700
G1 X146.9449 Y100.5000 Z16.4583 E0.21294 F1700
G1 X147.3798 Y101.2766 Z16.3353 E0.21294 F1700
G1 X147.7942 Y102.0643 Z16.2153 E0.21284 F1700
G1 X148.1879 Y102.8626 Z16.1014 E0.21265 F1700
G1 X148.5605 Y103.6710 Z15.9964 E0.21239 F1700
G1 X148.9119 Y104.4888 Z15.9031 E0.21209 F1700
G1 X149.2417 Y105.3155 Z15.8236 E0.21177 F1700
G1 X149.5498 Y106.1506 Z15.7601 E0.21147 F1700
G1 X149.8359 Y106.9934 Z15.7142 E0.21121 F1700
G1 X150.0999 Y107.8435 Z15.6869 E0.21103 F1700
G1 X150.3415 Y108.7002 Z15.6792 E0.21094 F1700
G1 X150.5606 Y109.5629 Z15.6911 E0.21095 F1700
G1 X150.7570 Y110.4310 Z15.7225 E0.21106 F1700
G1 X150.9307 Y111.3040 Z15.7726 E0.21127 F1700
G1 X151.0814 Y112.1812 Z15.8403 E0.21154 F1700
G1 X151.2091 Y113.0621 Z15.9239 E0.21186 F1700
G1 X151.3137 Y113.9460 Z16.0214 E0.21220 F1700
G1 X151.3952 Y114.8324 Z16.1306 E0.21251 F1700
G1 X151.4534 Y115.7206 Z16.2486 E0.21278 F1700
G1 X151.4883 Y116.6100 Z16.3728 E0.21297 F1700
G1 X151.5000 Y117.5000 Z16.5000 E0.21308 F1700
G1 X151.4883 Y118.3900 Z16.6272 E0.21308 F1700
G1 X151.4534 Y119.2794 Z16.7514 E0.21297 F1700
G1 X151.3952 Y120.1676 Z16.8694 E0.21278 F1700
G1 X151.3137 Y121.0540 Z16.9786 E0.21251 F1700
G1 X151.2091 Y121.9379 Z17.0761 E0.21220 F1700
G1 X151.0814 Y122.8188 Z17.1597 E0.21186 F1700
G1 X150.9307 Y123.6960 Z17.2274 E0.21154 F1700
G1 X150.7570 Y124.5690 Z17.2775 E0.21127 F1700
G1 X150.5606 Y125.4371 Z17.3089 E0.21106 F1700
G1 X150.3415 Y126.2998 Z17.3208 E0.21095 F1700
G1 X150.0999 Y127.1565 Z17.3131 E0.21094 F1700
G1 X149.8359 Y128.0066 Z17.2858 E0.21103 F1700
G1 X149.5498 Y128.8494 Z17.2399 E0.21121 F1700
G1 X149.2417 Y129.6845 Z17.1764 E0.21147 F1700
G1 X148.9119 Y130.5112 Z17.0969 E0.21177 F1700
G1 X148.5605 Y131.3290 Z17.0036 E0.21209 F1700
G1 X148.1879 Y132.1374 Z16.8986 E0.21239 F1700
G1 X147.7942 Y132.9357 Z16.7847 E0.21265 F1700
G1 X147.3798 Y133.7234 Z16.6647 E0.21284 F1700
G1 X146.9449 Y134.5000 Z16.5417 E0.21294 F1700
G1 X146.4898 Y135.2650 Z16.4186 E0.21294 F1700
G1 X146.0148 Y136.0177 Z16.2986 E0.21284 F1700
G1 X145.5203 Y136.7578 Z16.1847 E0.21265 F1700
G1 X145.0066 Y137.4847 Z16.0798 E0.21239 F1700
G1 X144.4740 Y138.1979 Z15.9864 E0.21209 F1700
G1 X143.9230 Y138.8969 Z15.9070 E0.21177 F1700
G1 X143.3538 Y139.5812 Z15.8434 E0.21147 F1700
G1 X142.7669 Y140.2504 Z15.7975 E0.21121 F1700
G1 X142.1627 Y140.9041 Z15.7703 E0.21103 F1700
G1 X141.5416 Y141.5416 Z15.7625 E0.21094 F1700
G1 X140.9041 Y142.1627 Z15.7744 E0.21095 F1700
G1 X140.2504 Y142.7669 Z15.8058 E0.21106 F1700
G1 X139.5812 Y143.3538 Z15.8559 E0.21127 F1700
G1 X138.8969 Y143.9230 Z15.9236 E0.21154 F1700
G1 X138.1979 Y144.4740 Z16.0072 E0.21186 F1700
G1 X137.4847 Y145.0066 Z16.1048 E0.21220 F1700
G1 X136.7578 Y145.5203 Z16.2139 E0.21251 F1700
G1 X136.0177 Y146.0148 Z16.3320 E0.21278 F1700
G1 X135.2650 Y146.4898 Z16.4561 E0.21297 F1700
G1 X134.5000 Y146.9449 Z16.5833 E0.21308 F1700
G1 X133.7234 Y147.3798 Z16.7106 E0.21308 F1700
G1 X132.9357 Y147.7942 Z16.8347 E0.21297 F1700
G1 X132.1374 Y148.1879 Z16.9528 E0.21278 F1700
G1 X131.3290 Y148.5605 Z17.0619 E0.21251 F1700
G1 X130.5112 Y148.9119 Z17.1594 E0.21220 F1700
G1 X129.6845 Y149.2417 Z17.2430 E0.21186 F1700
G1 X128.8494 Y149.5498 Z17.3107 E0.21154 F1700
G1 X128.0066 Y149.8359 Z17.3608 E0.21127 F1700
G1 X127.1565 Y150.0999 Z17.3922 E0.21106 F1700
G1 X126.2998 Y150.3415 Z17.4042 E0.21095 F1700
G1 X125.4371 Y150.5606 Z17.3964 E0.21094 F1700
G1 X124.5690 Y150.7570 Z17.3692 E0.21103 F1700
G1 X123.6960 Y150.9307 Z17.3232 E0.21121 F1700
G1 X122.8188 Y151.0814 Z17.2597 E0.21147 F1700
G1 X121.9379 Y151.2091 Z17.1803 E0.21177 F1700
G1 X121.0540 Y151.3137 Z17.0869 E0.21209 F1700
G1 X120.1676 Y151.3952 Z16.9819 E0.21239 F1700
G1 X119.2794 Y151.4534 Z16.8680 E0.21265 F1700
G1 X118.3900 Y151.4883 Z16.7481 E0.21284 F1700
G1 X117.5000 Y151.5000 Z16.6250 E0.21294 F1700
G1 X116.6100 Y151.4883 Z16.5019 E0.21294 F1700
G1 X115.7206 Y151.4534 Z16.3820 E0.21284 F1700
G1 X114.8324 Y151.3952 Z16.2681 E0.21265 F1700
G1 X113.9460 Y151.3137 Z16.1631 E0.21239 F1700
G1 X113.0621 Y151.2091 Z16.0697 E0.21209 F1700
G1 X112.1812 Y151.0814 Z15.9903 E0.21177 F1700
G1 X111.3040 Y150.9307 Z15.9268 E0.21147 F1700
G1 X110.4310 Y150.7570 Z15.8808 E0.21121 F1700
G1 X109.5629 Y150.5606 Z15.8536 E0.21103 F1700
G1 X108.7002 Y150.3415 Z15.8458 E0.21094 F1700
G1 X107.8435 Y150.0999 Z15.8578 E0.21095 F1700
G1 X106.9934 Y149.8359 Z15.8892 E0.21106 F1700
G1 X106.1506 Y149.5498 Z15.9393 E0.21127 F1700
G1 X105.3155 Y149.2417 Z16.0070 E0.21154 F1700
G1 X104.4888 Y148.9119 Z16.0906 E0.21186 F1700
G1 X103.6710 Y148.5605 Z16.1881 E0.21220 F1700
G1 X102.8626 Y148.1879 Z16.2972 E0.21251 F1700
G1 X102.0643 Y147.7942 Z16.4153 E0.21278 F1700
G1 X101.2766 Y147.3798 Z16.5394 E0.21297 F1700
G1 X100.5000 Y146.9449 Z16.6667 E0.21308 F1700
G1 X99.7350 Y146.4898 Z16.7939 E0.21308 F1700
G1 X98.9823 Y146.0148 Z16.9180 E0.21297 F1700
G1 X98.2422 Y145.5203 Z17.0361 E0.21278 F1700
G1 X97.5153 Y145.0066 Z17.1452 E0.21251 F1700
G1 X96.8021 Y144.4740 Z17.2428 E0.21220 F1700
G1 X96.1031 Y143.9230 Z17.3264 E0.21186 F1700
G1 X95.4188 Y143.3538 Z17.3941 E0.21154 F1700
G1 X94.7496 Y142.7669 Z17.4442 E0.21127 F1700
G1 X94.0959 Y142.1627 Z17.4756 E0.21106 F1700
G1 X93.4584 Y141.5416 Z17.4875 E0.21095 F1700
G1 X92.8373 Y140.9041 Z17.4797 E0.21094 F1700
G1 X92.2331 Y140.2504 Z17.4525 E0.21103 F1700
G1 X91.6462 Y139.5812 Z17.4066 E0.21121 F1700
G1 X91.0770 Y138.8969 Z17.3430 E0.21147 F1700
G1 X90.5260 Y138.1979 Z17.2636 E0.21177 F1700
G1 X89.9934 Y137.4847 Z17.1702 E0.21209 F1700
G1 X89.4797 Y136.7578 Z17.0653 E0.21239 F1700
G1 X88.9852 Y136.0177 Z16.9514 E0.21265 F1700
G1 X88.5102 Y135.2650 Z16.8314 E0.21284 F1700
G1 X88.0551 Y134.5000 Z16.7083 E0.21294 F1700
G1 X87.6202 Y133.7234 Z16.5853 E0.21294 F1700
G1 X87.2058 Y132.9357 Z16.4653 E0.21284 F1700
G1 X86.8121 Y132.1374 Z16.3514 E0.21265 F1700
G1 X86.4395 Y131.3290 Z16.2464 E0.21239 F1700
G1 X86.0881 Y130.5112 Z16.1531 E0.21209 F1700
G1 X85.7583 Y129.6845 Z16.0736 E0.21177 F1700
G1 X85.4502 Y128.8494 Z16.0101 E0.21147 F1700
G1 X85.1641 Y128.0066 Z15.9642 E0.21121 F1700
G1 X84.9001 Y127.1565 Z15.9369 E0.21103 F1700
G1 X84.6585 Y126.2998 Z15.9292 E0.21094 F1700
G1 X84.4394 Y125.4371 Z15.9411 E0.21095 F1700
G1 X84.2430 Y124.5690 Z15.9725 E0.21106 F1700
G1 X84.0693 Y123.6960 Z16.0226 E0.21127 F1700
G1 X83.9186 Y122.8188 Z16.0903 E0.21154 F1700
G1 X83.7909 Y121.9379 Z16.1739 E0.21186 F1700
G1 X83.6863 Y121.0540 Z16.2714 E0.21220 F1700
G1 X83.6048 Y120.1676 Z16.3806 E0.21251 F1700
G1 X83.5466 Y119.2794 Z16.4986 E0.21278 F1700
G1 X83.5117 Y118.3900 Z16.6228 E0.21297 F1700
G1 X83.5000 Y117.5000 Z16.7500 E0.21308 F1700
G1 X83.5117 Y116.6100 Z16.8772 E0.21308 F1700
G1 X83.5466 Y115.7206 Z17.0014 E0.21297 F1700
G1 X83.6048 Y114.8324 Z17.1194 E0.21278 F1700
G1 X83.6863 Y113.9460 Z17.2286 E0.21251 F1700
G1 X83.7909 Y113.0621 Z17.3261 E0.21220 F1700
G1 X83.9186 Y112.1812 Z17.4097 E0.21186 F1700
G1 X84.0693 Y111.3040 Z17.4774 E0.21154 F1700
G1 X84.2430 Y110.4310 Z17.5275 E0.21127 F1700
G1 X84.4394 Y109.5629 Z17.5589 E0.21106 F1700
G1 X84.6585 Y108.7002 Z17.5708 E0.21095 F1700
G1 X84.9001 Y107.8435 Z17.5631 E0.21094 F1700
G1 X85.1641 Y106.9934 Z17.5358 E0.21103 F1700
G1 X85.4502 Y106.1506 Z17.4899 E0.21121 F1700
G1 X85.7583 Y105.3155 Z17.4264 E0.21147 F1700
G1 X86.0881 Y104.4888 Z17.3469 E0.21177 F1700
G1 X86.4395 Y103.6710 Z17.2536 E0.21209 F1700
G1 X86.8121 Y102.8626 Z17.1486 E0.21239 F1700
G1 X87.2058 Y102.0643 Z17.0347 E0.21265 F1700
G1 X87.6202 Y101.2766 Z16.9147 E0.21284 F1700
G1 X88.0551 Y100.5000 Z16.7917 E0.21294 F1700
G1 X88.5102 Y99.7350 Z16.6686 E0.21294 F1700
G1 X88.9852 Y98.9823 Z16.5486 E0.21284 F1700
G1 X89.4797 Y98.2422 Z16.4347 E0.21265 F1700
G1 X89.9934 Y97.5153 Z16.3298 E0.21239 F1700
G1 X90.5260 Y96.8021 Z16.2364 E0.21209 F1700
G1 X91.0770 Y96.1031 Z16.1570 E0.21177 F1700
G1 X91.6462 Y95.4188 Z16.0934 E0.21147 F1700
G1 X92.2331 Y94.7496 Z16.0475 E0.21121 F1700
G1 X92.8373 Y94.0959 Z16.0203 E0.21103 F1700
G1 X93.4584 Y93.4584 Z16.0125 E0.21094 F1700
G1 X94.0959 Y92.8373 Z16.0244 E0.21095 F1700
G1 X94.7496 Y92.2331 Z16.0558 E0.21106 F1700
G1 X95.4188 Y91.6462 Z16.1059 E0.21127 F1700
G1 X96.1031 Y91.0770 Z16.1736 E0.21154 F1700
G1 X96.8021 Y90.5260 Z16.2572 E0.21186 F1700
G1 X97.5153 Y89.9934 Z16.3548 E0.21220 F1700
G1 X98.2422 Y89.4797 Z16.4639 E0.21251 F1700
G1 X98.9823 Y88.9852 Z16.5820 E0.21278 F1700
G1 X99.7350 Y88.5102 Z16.7061 E0.21297 F1700
G1 X100.5000 Y88.0551 Z16.8333 E0.21308 F1700
G1 X101.2766 Y87.6202 Z16.9606 E0.21308 F1700
G1 X102.0643 Y87.2058 Z17.0847 E0.21297 F1700
G1 X102.8626 Y86.8121 Z17.2028 E0.21278 F1700
G1 X103.6710 Y86.4395 Z17.3119 E0.21251 F1700
G1 X104.4888 Y86.0881 Z17.4094 E0.21220 F1700
G1 X105.3155 Y85.7583 Z17.4930 E0.21186 F1700
G1 X106.1506 Y85.4502 Z17.5607 E0.21154 F1700
G1 X106.9934 Y85.1641 Z17.6108 E0.21127 F1700
G1 X107.8435 Y84.9001 Z17.6422 E0.21106 F1700
G1 X108.7002 Y84.6585 Z17.6542 E0.21095 F1700
G1 X109.5629 Y84.4394 Z17.6464 E0.21094 F1700
G1 X110.4310 Y84.2430 Z17.6192 E0.21103 F1700
G1 X111.3040 Y84.0693 Z17.5732 E0.21121 F1700
G1 X112.1812 Y83.9186 Z17.5097 E0.21147 F1700
G1 X113.0621 Y83.7909 Z17.4303 E0.21177 F1700
G1 X113.9460 Y83.6863 Z17.3369 E0.21209 F1700
G1 X114.8324 Y83.6048 Z17.2319 E0.21239 F1700
G1 X115.7206 Y83.5466 Z17.1180 E0.21265 F1700
G1 X116.6100 Y83.5117 Z16.9981 E0.21284 F1700
G1 X117.5000 Y83.5000 Z16.8750 E0.21294 F1700
G1 X118.3900 Y83.5117 Z16.7519 E0.21294 F1700
G1 X119.2794 Y83.5466 Z16.6320 E0.21284 F1700
G1 X120.1676 Y83.6048 Z16.5181 E0.21265 F1700
G1 X121.0540 Y83.6863 Z16.4131 E0.21239 F1700
G1 X121.9379 Y83.7909 Z16.3197 E0.21209 F1700
G1 X122.8188 Y83.9186 Z16.2403 E0.21177 F1700
G1 X123.6960 Y84.0693 Z16.1768 E0.21147 F1700
G1 X124.5690 Y84.2430 Z16.1308 E0.21121 F1700
G1 X125.4371 Y84.4394 Z16.1036 E0.21103 F1700
G1 X126.2998 Y84.6585 Z16.0958 E0.21094 F1700
G1 X127.1565 Y84.9001 Z16.1078 E0.21095 F1700
G1 X128.0066 Y85.1641 Z16.1392 E0.21106 F1700
G1 X128.8494 Y85.4502 Z16.1893 E0.21127 F1700
G1 X129.6845 Y85.7583 Z16.2570 E0.21154 F1700
G1 X130.5112 Y86.0881 Z16.3406 E0.21186 F1700
G1 X131.3290 Y86.4395 Z16.4381 E0.21220 F1700
G1 X132.1374 Y86.8121 Z16.5472 E0.21251 F1700
G1 X132.9357 Y87.2058 Z16.6653 E0.21278 F1700
G1 X133.7234 Y87.6202 Z16.7894 E0.21297 F1700
G1 X134.5000 Y88.0551 Z16.9167 E0.21308 F1700
G1 X135.2650 Y88.5102 Z17.0439 E0.21308 F1700
G1 X136.0177 Y88.9852 Z17.1680 E0.21297 F1700
G1 X136.7578 Y89.4797 Z17.2861 E0.21278 F1700
G1 X137.4847 Y89.9934 Z17.3952 E0.21251 F1700
G1 X138.1979 Y90.5260 Z17.4928 E0.21220 F1700
G1 X138.8969 Y91.0770 Z17.5764 E0.21186 F1700
G1 X139.5812 Y91.6462 Z17.6441 E0.21154 F1700
G1 X140.2504 Y92.2331 Z17.6942 E0.21127 F1700
G1 X140.9041 Y92.8373 Z17.7256 E0.21106 F1700
G1 X141.5416 Y93.4584 Z17.7375 E0.21095 F1700
G1 X142.1627 Y94.0959 Z17.7297 E0.21094 F1700
G1 X142.7669 Y94.7496 Z17.7025 E0.21103 F1700
G1 X143.3538 Y95.4188 Z17.6566 E0.21121 F1700
G1 X143.9230 Y96.1031 Z17.5930 E0.21147 F1700
G1 X144.4740 Y96.8021 Z17.5136 E0.21177 F1700
G1 X145.0066 Y97.5153 Z17.4202 E0.21209 F1700
G1 X145.5203 Y98.2422 Z17.3153 E0.21239 F1700
G1 X146.0148 Y98.9823 Z17.2014 E0.21265 F1700
G1 X146.4898 Y99.7350 Z17.0814 E0.21284 F1700
G1 X146.9449 Y100.5000 Z16.9583 E0.21294 F1700
G1 X147.3798 Y101.2766 Z16.8353 E0.21294 F1700
G1 X147.7942 Y102.0643 Z16.7153 E0.21284 F1700
G1 X148.1879 Y102.8626 Z16.6014 E0.21265 F1700
G1 X148.5605 Y103.6710 Z16.4964 E0.21239 F1700
G1 X148.9119 Y104.4888 Z16.4031 E0.21209 F1700
G1 X149.2417 Y105.3155 Z16.3236 E0.21177 F1700
G1 X149.5498 Y106.1506 Z16.2601 E0.21147 F1700
G1 X149.8359 Y106.9934 Z16.2142 E0.21121 F1700
G1 X150.0999 Y107.8435 Z16.1869 E0.21103 F1700
G1 X150.3415 Y108.7002 Z16.1792 E0.21094 F1700
G1 X150.5606 Y109.5629 Z16.1911 E0.21095 F1700
G1 X150.7570 Y110.4310 Z16.2225 E0.21106 F1700
G1 X150.9307 Y111.3040 Z16.2726 E0.21127 F1700
G1 X151.0814 Y112.1812 Z16.3403 E0.21154 F1700
G1 X151.2091 Y113.0621 Z16.4239 E0.21186 F1700
G1 X151.3137 Y113.9460 Z16.5214 E0.21220 F1700
G1 X151.3952 Y114.8324 Z16.6306 E0.21251 F1700
G1 X151.4534 Y115.7206 Z16.7486 E0.21278 F1700
G1 X151.4883 Y116.6100 Z16.8728 E0.21297 F1700
G1 X151.5000 Y117.5000 Z17.0000 E0.21308 F1700
G1 X151.4883 Y118.3900 Z17.1272 E0.21308 F1700
G1 X151.4534 Y119.2794 Z17.2514 E0.21297 F1700
G1 X151.3952 Y120.1676 Z17.3694 E0.21278 F1700
G1 X151.3137 Y121.0540 Z17.4786 E0.21251 F1700
G1 X151.2091 Y121.9379 Z17.5761 E0.21220 F1700
G1 X151.0814 Y122.8188 Z17.6597 E0.21186 F1700
G1 X150.9307 Y123.6960 Z17.7274 E0.21154 F1700
G1 X150.7570 Y124.5690 Z17.7775 E0.21127 F1700
G1 X150.5606 Y125.4371 Z17.8089 E0.21106 F1700
G1 X150.3415 Y126.2998 Z17.8208 E0.21095 F1700
G1 X150.0999 Y127.1565 Z17.8131 E0.21094 F1700
G1 X149.8359 Y128.0066 Z17.7858 E0.21103 F1700
G1 X149.5498 Y128.8494 Z17.7399 E0.21121 F1700
G1 X149.2417 Y129.6845 Z17.6764 E0.21147 F1700
G1 X148.9119 Y130.5112 Z17.5969 E0.21177 F1700
G1 X148.5605 Y131.3290 Z17.5036 E0.21209 F1700
G1 X148.1879 Y132.1374 Z17.3986 E0.21239 F1700
G1 X147.7942 Y132.9357 Z17.2847 E0.21265 F1700
G1 X147.3798 Y133.7234 Z17.1647 E0.21284 F1700
G1 X146.9449 Y134.5000 Z17.0417 E0.21294 F1700
G1 X146.4898 Y135.2650 Z16.9186 E0.21294 F1700
G1 X146.0148 Y136.0177 Z16.7986 E0.21284 F1700
G1 X145.5203 Y136.7578 Z16.6847 E0.21265 F1700
G1 X145.0066 Y137.4847 Z16.5798 E0.21239 F1700
G1 X144.4740 Y138.1979 Z16.4864 E0.21209 F1700
G1 X143.9230 Y138.8969 Z16.4070 E0.21177 F1700
G1 X143.3538 Y139.5812 Z16.3434 E0.21147 F1700
G1 X142.7669 Y140.2504 Z16.2975 E0.21121 F1700
G1 X142.1627 Y140.9041 Z16.2703 E0.21103 F1700
G1 X141.5416 Y141.5416 Z16.2625 E0.21094 F1700
G1 X140.9041 Y142.1627 Z16.2744 E0.21095 F1700
G1 X140.2504 Y142.7669 Z16.3058 E0.21106 F1700
G1 X139.5812 Y143.3538 Z16.3559 E0.21127 F1700
G1 X138.8969 Y143.9230 Z16.4236 E0.21154 F1700
G1 X138.1979 Y144.4740 Z16.5072 E0.21186 F1700
G1 X137.4847 Y145.0066 Z16.6048 E0.21220 F1700
G1 X136.7578 Y145.5203 Z16.7139 E0.21251 F1700
G1 X136.0177 Y146.0148 Z16.8320 E0.21278 F1700
G1 X135.2650 Y146.4898 Z16.9561 E0.21297 F1700
G1 X134.5000 Y146.9449 Z17.0833 E0.21308 F1700
G1 X133.7234 Y147.3798 Z17.2106 E0.21308 F1700
G1 X132.9357 Y147.7942 Z17.3347 E0.21297 F1700
G1 X132.1374 Y148.1879 Z17.4528 E0.21278 F1700
G1 X131.3290 Y148.5605 Z17.5619 E0.21251 F1700
G1 X130.5112 Y148.9119 Z17.6594 E0.21220 F1700
G1 X129.6845 Y149.2417 Z17.7430 E0.21186 F1700
G1 X128.8494 Y149.5498 Z17.8107 E0.21154 F1700
G1 X128.0066 Y149.8359 Z17.8608 E0.21127 F1700
G1 X127.1565 Y150.0999 Z17.8922 E0.21106 F1700
G1 X126.2998 Y150.3415 Z17.9042 E0.21095 F1700
G1 X125.4371 Y150.5606 Z17.8964 E0.21094 F1700
G1 X124.5690 Y150.7570 Z17.8692 E0.21103 F1700
G1 X123.6960 Y150.9307 Z17.8232 E0.21121 F1700
G1 X122.8188 Y151.0814 Z17.7597 E0.21147 F1700
G1 X121.9379 Y151.2091 Z17.6803 E0.21177 F1700
G1 X121.0540 Y151.3137 Z17.5869 E0.21209 F1700
G1 X120.1676 Y151.3952 Z17.4819 E0.21239 F1700
G1 X119.2794 Y151.4534 Z17.3680 E0.21265 F1700
G1 X118.3900 Y151.4883 Z17.2481 E0.21284 F1700
G1 X117.5000 Y151.5000 Z17.1250 E0.21294 F1700
G1 X116.6100 Y151.4883 Z17.0019 E0.21294 F1700
G1 X115.7206 Y151.4534 Z16.8820 E0.21284 F1700
G1 X114.8324 Y151.3952 Z16.7681 E0.21265 F1700
G1 X113.9460 Y151.3137 Z16.6631 E0.21239 F1700
G1 X113.0621 Y151.2091 Z16.5697 E0.21209 F1700
G1 X112.1812 Y151.0814 Z16.4903 E0.21177 F1700
G1 X111.3040 Y150.9307 Z16.4268 E0.21147 F1700
G1 X110.4310 Y150.7570 Z16.3808 E0.21121 F1700
G1 X109.5629 Y150.5606 Z16.3536 E0.21103 F1700
G1 X108.7002 Y150.3415 Z16.3458 E0.21094 F1700
G1 X107.8435 Y150.0999 Z16.3578 E0.21095 F1700
G1 X106.9934 Y149.8359 Z16.3892 E0.21106 F1700
G1 X106.1506 Y149.5498 Z16.4393 E0.21127 F1700
G1 X105.3155 Y149.2417 Z16.5070 E0.21154 F1700
G1 X104.4888 Y148.9119 Z16.5906 E0.21186 F1700
G1 X103.6710 Y148.5605 Z16.6881 E0.21220 F1700
G1 X102.8626 Y148.1879 Z16.7972 E0.21251 F1700
G1 X102.0643 Y147.7942 Z16.9153 E0.21278 F1700
G1 X101.2766 Y147.3798 Z17.0394 E0.21297 F1700
G1 X100.5000 Y146.9449 Z17.1667 E0.21308 F1700
G1 X99.7350 Y146.4898 Z17.2939 E0.21308 F1700
G1 X98.9823 Y146.0148 Z17.4180 E0.21297 F1700
G1 X98.2422 Y145.5203 Z17.5361 E0.21278 F1700
G1 X97.5153 Y145.0066 Z17.6452 E0.21251 F1700
G1 X96.8021 Y144.4740 Z17.7428 E0.21220 F1700
G1 X96.1031 Y143.9230 Z17.8264 E0.21186 F1700
G1 X95.4188 Y143.3538 Z17.8941 E0.21154 F1700
G1 X94.7496 Y142.7669 Z17.9442 E0.21127 F1700
G1 X94.0959 Y142.1627 Z17.9756 E0.21106 F1700
G1 X93.4584 Y141.5416 Z17.9875 E0.21095 F1700
G1 X92.8373 Y140.9041 Z17.9797 E0.21094 F1700
G1 X92.2331 Y140.2504 Z17.9525 E0.21103 F1700
G1 X91.6462 Y139.5812 Z17.9066 E0.21121 F1700
G1 X91.0770 Y138.8969 Z17.8430 E0.21147 F1700
G1 X90.5260 Y138.1979 Z17.7636 E0.21177 F1700
G1 X89.9934 Y137.4847 Z17.6702 E0.21209 F1700
G1 X89.4797 Y136.7578 Z17.5653 E0.21239 F1700
G1 X88.9852 Y136.0177 Z17.4514 E0.21265 F1700
G1 X88.5102 Y135.2650 Z17.3314 E0.21284 F1700
G1 X88.0551 Y134.5000 Z17.2083 E0.21294 F1700
G1 X87.6202 Y133.7234 Z17.0853 E0.21294 F1700
G1 X87.2058 Y132.9357 Z16.9653 E0.21284 F1700
G1 X86.8121 Y132.1374 Z16.8514 E0.21265 F1700
G1 X86.4395 Y131.3290 Z16.7464 E0.21239 F1700
G1 X86.0881 Y130.5112 Z16.6531 E0.21209 F1700
G1 X85.7583 Y129.6845 Z16.5736 E0.21177 F1700
G1 X85.4502 Y128.8494 Z16.5101 E0.21147 F1700
G1 X85.1641 Y128.0066 Z16.4642 E0.21121 F1700
G1 X84.9001 Y127.1565 Z16.4369 E0.21103 F1700
G1 X84.6585 Y126.2998 Z16.4292 E0.21094 F1700
G1 X84.4394 Y125.4371 Z16.4411 E0.21095 F1700
G1 X84.2430 Y124.5690 Z16.4725 E0.21106 F1700
G1 X84.0693 Y123.6960 Z16.5226 E0.21127 F1700
G1 X83.9186 Y122.8188 Z16.5903 E0.21154 F1700
G1 X83.7909 Y121.9379 Z16.6739 E0.21186 F1700
G1 X83.6863 Y121.0540 Z16.7714 E0.21220 F1700
G1 X83.6048 Y120.1676 Z16.8806 E0.21251 F1700
G1 X83.5466 Y119.2794 Z16.9986 E0.21278 F1700
G1 X83.5117 Y118.3900 Z17.1228 E0.21297 F1700
G1 X83.5000 Y117.5000 Z17.2500 E0.21308 F1700
G1 X83.5117 Y116.6100 Z17.3772 E0.21308 F1700
G1 X83.5466 Y115.7206 Z17.5014 E0.21297 F1700
G1 X83.6048 Y114.8324 Z17.6194 E0.21278 F1700
G1 X83.6863 Y113.9460 Z17.7286 E0.21251 F1700
G1 X83.7909 Y113.0621 Z17.8261 E0.21220 F1700
G1 X83.9186 Y112.1812 Z17.9097 E0.21186 F1700
G1 X84.0693 Y111.3040 Z17.9774 E0.21154 F1700
G1 X84.2430 Y110.4310 Z18.0275 E0.21127 F1700
G1 X84.4394 Y109.5629 Z18.0589 E0.21106 F1700
G1 X84.6585 Y108.7002 Z18.0708 E0.21095 F1700
G1 X84.9001 Y107.8435 Z18.0631 E0.21094 F1700
G1 X85.1641 Y106.9934 Z18.0358 E0.21103 F1700
G1 X85.4502 Y106.1506 Z17.9899 E0.21121 F1700
G1 X85.7583 Y105.3155 Z17.9264 E0.21147 F1700
G1 X86.0881 Y104.4888 Z17.8469 E0.21177 F1700
G1 X86.4395 Y103.6710 Z17.7536 E0.21209 F1700
G1 X86.8121 Y102.8626 Z17.6486 E0.21239 F1700
G1 X87.2058 Y102.0643 Z17.5347 E0.21265 F1700
G1 X87.6202 Y101.2766 Z17.4147 E0.21284 F1700
G1 X88.0551 Y100.5000 Z17.2917 E0.21294 F1700
G1 X88.5102 Y99.7350 Z17.1686 E0.21294 F1700
G1 X88.9852 Y98.9823 Z17.0486 E0.21284 F1700
G1 X89.4797 Y98.2422 Z16.9347 E0.21265 F1700
G1 X89.9934 Y97.5153 Z16.8298 E0.21239 F1700
G1 X90.5260 Y96.8021 Z16.7364 E0.21209 F1700
G1 X91.0770 Y96.1031 Z16.6570 E0.21177 F1700
G1 X91.6462 Y95.4188 Z16.5934 E0.21147 F1700
G1 X92.2331 Y94.7496 Z16.5475 E0.21121 F1700
G1 X92.8373 Y94.0959 Z16.5203 E0.21103 F1700
G1 X93.4584 Y93.4584 Z16.5125 E0.21094 F1700
G1 X94.0959 Y92.8373 Z16.5244 E0.21095 F1700
G1 X94.7496 Y92.2331 Z16.5558 E0.21106 F1700
G1 X95.4188 Y91.6462 Z16.6059 E0.21127 F1700
G1 X96.1031 Y91.0770 Z16.6736 E0.21154 F1700
G1 X96.8021 Y90.5260 Z16.7572 E0.21186 F1700
G1 X97.5153 Y89.9934 Z16.8548 E0.21220 F1700
G1 X98.2422 Y89.4797 Z16.9639 E0.21251 F1700
G1 X98.9823 Y88.9852 Z17.0820 E0.21278 F1700
G1 X99.7350 Y88.5102 Z17.2061 E0.21297 F1700
G1 X100.5000 Y88.0551 Z17.3333 E0.21308 F1700
G1 X101.2766 Y87.6202 Z17.4606 E0.21308 F1700
G1 X102.0643 Y87.2058 Z17.5847 E0.21297 F1700
G1 X102.8626 Y86.8121 Z17.7028 E0.21278 F1700
G1 X103.6710 Y86.4395 Z17.8119 E0.21251 F1700
G1 X104.4888 Y86.0881 Z17.9094 E0.21220 F1700
G1 X105.3155 Y85.7583 Z17.9930 E0.21186 F1700
G1 X106.1506 Y85.4502 Z18.0607 E0.21154 F1700
G1 X106.9934 Y85.1641 Z18.1108 E0.21127 F1700
G1 X107.8435 Y84.9001 Z18.1422 E0.21106 F1700
G1 X108.7002 Y84.6585 Z18.1542 E0.21095 F1700
G1 X109.5629 Y84.4394 Z18.1464 E0.21094 F1700
G1 X110.4310 Y84.2430 Z18.1192 E0.21103 F1700
G1 X111.3040 Y84.0693 Z18.0732 E0.21121 F1700
G1 X112.1812 Y83.9186 Z18.0097 E0.21147 F1700
G1 X113.0621 Y83.7909 Z17.9303 E0.21177 F1700
G1 X113.9460 Y83.6863 Z17.8369 E0.21209 F1700
G1 X114.8324 Y83.6048 Z17.7319 E0.21239 F1700
G1 X115.7206 Y83.5466 Z17.6180 E0.21265 F1700
G1 X116.6100 Y83.5117 Z17.4981 E0.21284 F1700
G1 X117.5000 Y83.5000 Z17.3750 E0.21294 F1700
G1 X118.3900 Y83.5117 Z17.2519 E0.21294 F1700
G1 X119.2794 Y83.5466 Z17.1320 E0.21284 F1700
G1 X120.1676 Y83.6048 Z17.0181 E0.21265 F1700
G1 X121.0540 Y83.6863 Z16.9131 E0.21239 F1700
G1 X121.9379 Y83.7909 Z16.8197 E0.21209 F1700
G1 X122.8188 Y83.9186 Z16.7403 E0.21177 F1700
G1 X123.6960 Y84.0693 Z16.6768 E0.21147 F1700
G1 X124.5690 Y84.2430 Z16.6308 E0.21121 F1700
G1 X125.4371 Y84.4394 Z16.6036 E0.21103 F1700
G1 X126.2998 Y84.6585 Z16.5958 E0.21094 F1700
G1 X127.1565 Y84.9001 Z16.6078 E0.21095 F1700
G1 X128.0066 Y85.1641 Z16.6392 E0.21106 F1700
G1 X128.8494 Y85.4502 Z16.6893 E0.21127 F1700
G1 X129.6845 Y85.7583 Z16.7570 E0.21154 F1700
G1 X130.5112 Y86.0881 Z16.8406 E0.21186 F1700
G1 X131.3290 Y86.4395 Z16.9381 E0.21220 F1700
G1 X132.1374 Y86.8121 Z17.0472 E0.21251 F1700
G1 X132.9357 Y87.2058 Z17.1653 E0.21278 F1700
G1 X133.7234 Y87.6202 Z17.2894 E0.21297 F1700
G1 X134.5000 Y88.0551 Z17.4167 E0.21308 F1700
G1 X135.2650 Y88.5102 Z17.5439 E0.21308 F1700
G1 X136.0177 Y88.9852 Z17.6680 E0.21297 F1700
G1 X136.7578 Y89.4797 Z17.7861 E0.21278 F1700
G1 X137.4847 Y89.9934 Z17.8952 E0.21251 F1700
G1 X138.1979 Y90.5260 Z17.9928 E0.21220 F1700
G1 X138.8969 Y91.0770 Z18.0764 E0.21186 F1700
G1 X139.5812 Y91.6462 Z18.1441 E0.21154 F1700
G1 X140.2504 Y92.2331 Z18.1942 E0.21127 F1700
G1 X140.9041 Y92.8373 Z18.2256 E0.21106 F1700
G1 X141.5416 Y93.4584 Z18.2375 E0.21095 F1700
G1 X142.1627 Y94.0959 Z18.2297 E0.21094 F1700
G1 X142.7669 Y94.7496 Z18.2025 E0.21103 F1700
G1 X143.3538 Y95.4188 Z18.1566 E0.21121 F1700
G1 X143.9230 Y96.1031 Z18.0930 E0.21147 F1700
G1 X144.4740 Y96.8021 Z18.0136 E0.21177 F1700
G1 X145.0066 Y97.5153 Z17.9202 E0.21209 F1700
G1 X145.5203 Y98.2422 Z17.8153 E0.21239 F1700
G1 X146.0148 Y98.9823 Z17.7014 E0.21265 F1700
G1 X146.4898 Y99.7350 Z17.5814 E0.21284 F1700
G1 X146.9449 Y100.5000 Z17.4583 E0.21294 F1700
G1 X147.3798 Y101.2766 Z17.3353 E0.21294 F1700
G1 X147.7942 Y102.0643 Z17.2153 E0.21284 F1700
G1 X148.1879 Y102.8626 Z17.1014 E0.21265 F1700
G1 X148.5605 Y103.6710 Z16.9964 E0.21239 F1700
G1 X148.9119 Y104.4888 Z16.9031 E0.21209 F1700
G1 X149.2417 Y105.3155 Z16.8236 E0.21177 F1700
G1 X149.5498 Y106.1506 Z16.7601 E0.21147 F1700
G1 X149.8359 Y106.9934 Z16.7142 E0.21121 F1700
G1 X150.0999 Y107.8435 Z16.6869 E0.21103 F1700
G1 X150.3415 Y108.7002 Z16.6792 E0.21094 F1700
G1 X150.5606 Y109.5629 Z16.6911 E0.21095 F1700
G1 X150.7570 Y110.4310 Z16.7225 E0.21106 F1700
G1 X150.9307 Y111.3040 Z16.7726 E0.21127 F1700
G1 X151.0814 Y112.1812 Z16.8403 E0.21154 F1700
G1 X151.2091 Y113.0621 Z16.9239 E0.21186 F1700
G1 X151.3137 Y113.9460 Z17.0214 E0.21220 F1700
G1 X151.3952 Y114.8324 Z17.1306 E0.21251 F1700
G1 X151.4534 Y115.7206 Z17.2486 E0.21278 F1700
G1 X151.4883 Y116.6100 Z17.3728 E0.21297 F1700
G1 X151.5000 Y117.5000 Z17.5000 E0.21308 F1700
G1 X151.4883 Y118.3900 Z17.6272 E0.21308 F1700
G1 X151.4534 Y119.2794 Z17.7514 E0.21297 F1700
G1 X151.3952 Y120.1676 Z17.8694 E0.21278 F1700
G1 X151.3137 Y121.0540 Z17.9786 E0.21251 F1700
G1 X151.2091 Y121.9379 Z18.0761 E0.21220 F1700
G1 X151.0814 Y122.8188 Z18.1597 E0.21186 F1700
G1 X150.9307 Y123.6960 Z18.2274 E0.21154 F1700
G1 X150.7570 Y124.5690 Z18.2775 E0.21127 F1700
G1 X150.5606 Y125.4371 Z18.3089 E0.21106 F1700
G1 X150.3415 Y126.2998 Z18.3208 E0.21095 F1700
G1 X150.0999 Y127.1565 Z18.3131 E0.21094 F1700
G1 X149.8359 Y128.0066 Z18.2858 E0.21103 F1700
G1 X149.5498 Y128.8494 Z18.2399 E0.21121 F1700
G1 X149.2417 Y129.6845 Z18.1764 E0.21147 F1700
G1 X148.9119 Y130.5112 Z18.0969 E0.21177 F1700
G1 X148.5605 Y131.3290 Z18.0036 E0.21209 F1700
G1 X148.1879 Y132.1374 Z17.8986 E0.21239 F1700
G1 X147.7942 Y132.9357 Z17.7847 E0.21265 F1700
G1 X147.3798 Y133.7234 Z17.6647 E0.21284 F1700
G1 X146.9449 Y134.5000 Z17.5417 E0.21294 F1700
G1 X146.4898 Y135.2650 Z17.4186 E0.21294 F1700
G1 X146.0148 Y136.0177 Z17.2986 E0.21284 F1700
G1 X145.5203 Y136.7578 Z17.1847 E0.21265 F1700
G1 X145.0066 Y137.4847 Z17.0798 E0.21239 F1700
G1 X144.4740 Y138.1979 Z16.9864 E0.21209 F1700
G1 X143.9230 Y138.8969 Z16.9070 E0.21177 F1700
G1 X143.3538 Y139.5812 Z16.8434 E0.21147 F1700
G1 X142.7669 Y140.2504 Z16.7975 E0.21121 F1700
G1 X142.1627 Y140.9041 Z16.7703 E0.21103 F1700
G1 X141.5416 Y141.5416 Z16.7625 E0.21094 F1700
G1 X140.9041 Y142.1627 Z16.7744 E0.21095 F1700
G1 X140.2504 Y142.7669 Z16.8058 E0.21106 F1700
G1 X139.5812 Y143.3538 Z16.8559 E0.21127 F1700
G1 X138.8969 Y143.9230 Z16.9236 E0.21154 F1700
G1 X138.1979 Y144.4740 Z17.0072 E0.21186 F1700
G1 X137.4847 Y145.0066 Z17.1048 E0.21220 F1700
G1 X136.7578 Y145.5203 Z17.2139 E0.21251 F1700
G1 X136.0177 Y146.0148 Z17.3320 E0.21278 F1700
G1 X135.2650 Y146.4898 Z17.4561 E0.21297 F1700
G1 X134.5000 Y146.9449 Z17.5833 E0.21308 F1700
G1 X133.7234 Y147.3798 Z17.7106 E0.21308 F1700
G1 X132.9357 Y147.7942 Z17.8347 E0.21297 F1700
G1 X132.1374 Y148.1879 Z17.9528 E0.21278 F1700
G1 X131.3290 Y148.5605 Z18.0619 E0.21251 F1700
G1 X130.5112 Y148.9119 Z18.1594 E0.21220 F1700
G1 X129.6845 Y149.2417 Z18.2430 E0.21186 F1700
G1 X128.8494 Y149.5498 Z18.3107 E0.21154 F1700
G1 X128.0066 Y149.8359 Z18.3608 E0.21127 F1700
G1 X127.1565 Y150.0999 Z18.3922 E0.21106 F1700
G1 X126.2998 Y150.3415 Z18.4042 E0.21095 F1700
G1 X125.4371 Y150.5606 Z18.3964 E0.21094 F1700
G1 X124.5690 Y150.7570 Z18.3692 E0.21103 F1700
G1 X123.6960 Y150.9307 Z18.3232 E0.21121 F1700
G1 X122.8188 Y151.0814 Z18.2597 E0.21147 F1700
G1 X121.9379 Y151.2091 Z18.1803 E0.21177 F1700
G1 X121.0540 Y151.3137 Z18.0869 E0.21209 F1700
G1 X120.1676 Y151.3952 Z17.9819 E0.21239 F1700
G1 X119.2794 Y151.4534 Z17.8680 E0.21265 F1700
G1 X118.3900 Y151.4883 Z17.7481 E0.21284 F1700
G1 X117.5000 Y151.5000 Z17.6250 E0.21294 F1700
G1 X116.6100 Y151.4883 Z17.5019 E0.21294 F1700
G1 X115.7206 Y151.4534 Z17.3820 E0.21284 F1700
G1 X114.8324 Y151.3952 Z17.2681 E0.21265 F1700
G1 X113.9460 Y151.3137 Z17.1631 E0.21239 F1700
G1 X113.0621 Y151.2091 Z17.0697 E0.21209 F1700
G1 X112.1812 Y151.0814 Z16.9903 E0.21177 F1700
G1 X111.3040 Y150.9307 Z16.9268 E0.21147 F1700
G1 X110.4310 Y150.7570 Z16.8808 E0.21121 F1700
G1 X109.5629 Y150.5606 Z16.8536 E0.21103 F1700
G1 X108.7002 Y150.3415 Z16.8458 E0.21094 F1700
G1 X107.8435 Y150.0999 Z16.8578 E0.21095 F1700
G1 X106.9934 Y149.8359 Z16.8892 E0.21106 F1700
G1 X106.1506 Y149.5498 Z16.9393 E0.21127 F1700
G1 X105.3155 Y149.2417 Z17.0070 E0.21154 F1700
G1 X104.4888 Y148.9119 Z17.0906 E0.21186 F1700
G1 X103.6710 Y148.5605 Z17.1881 E0.21220 F1700
G1 X102.8626 Y148.1879 Z17.2972 E0.21251 F1700
G1 X102.0643 Y147.7942 Z17.4153 E0.21278 F1700
G1 X101.2766 Y147.3798 Z17.5394 E0.21297 F1700
G1 X100.5000 Y146.9449 Z17.6667 E0.21308 F1700
G1 X99.7350 Y146.4898 Z17.7939 E0.21308 F1700
G1 X98.9823 Y146.0148 Z17.9180 E0.21297 F1700
G1 X98.2422 Y145.5203 Z18.0361 E0.21278 F1700
G1 X97.5153 Y145.0066 Z18.1452 E0.21251 F1700
G1 X96.8021 Y144.4740 Z18.2428 E0.21220 F1700
G1 X96.1031 Y143.9230 Z18.3264 E0.21186 F1700
G1 X95.4188 Y143.3538 Z18.3941 E0.21154 F1700
G1 X94.7496 Y142.7669 Z18.4442 E0.21127 F1700
G1 X94.0959 Y142.1627 Z18.4756 E0.21106 F1700
G1 X93.4584 Y141.5416 Z18.4875 E0.21095 F1700
G1 X92.8373 Y140.9041 Z18.4797 E0.21094 F1700
G1 X92.2331 Y140.2504 Z18.4525 E0.21103 F1700
G1 X91.6462 Y139.5812 Z18.4066 E0.21121 F1700
G1 X91.0770 Y138.8969 Z18.3430 E0.21147 F1700
G1 X90.5260 Y138.1979 Z18.2636 E0.21177 F1700
G1 X89.9934 Y137.4847 Z18.1702 E0.21209 F1700
G1 X89.4797 Y136.7578 Z18.0653 E0.21239 F1700
G1 X88.9852 Y136.0177 Z17.9514 E0.21265 F1700
G1 X88.5102 Y135.2650 Z17.8314 E0.21284 F1700
G1 X88.0551 Y134.5000 Z17.7083 E0.21294 F1700
G1 X87.6202 Y133.7234 Z17.5853 E0.21294 F1700
G1 X87.2058 Y132.9357 Z17.4653 E0.21284 F1700
G1 X86.8121 Y132.1374 Z17.3514 E0.21265 F1700
G1 X86.4395 Y131.3290 Z17.2464 E0.21239 F1700
G1 X86.0881 Y130.5112 Z17.1531 E0.21209 F1700
G1 X85.7583 Y129.6845 Z17.0736 E0.21177 F1700
G1 X85.4502 Y128.8494 Z17.0101 E0.21147 F1700
G1 X85.1641 Y128.0066 Z16.9642 E0.21121 F1700
G1 X84.9001 Y127.1565 Z16.9369 E0.21103 F1700
G1 X84.6585 Y126.2998 Z16.9292 E0.21094 F1700
G1 X84.4394 Y125.4371 Z16.9411 E0.21095 F1700
G1 X84.2430 Y124.5690 Z16.9725 E0.21106 F1700
G1 X84.0693 Y123.6960 Z17.0226 E0.21127 F1700
G1 X83.9186 Y122.8188 Z17.0903 E0.21154 F1700
G1 X83.7909 Y121.9379 Z17.1739 E0.21186 F1700
G1 X83.6863 Y121.0540 Z17.2714 E0.21220 F1700
G1 X83.6048 Y120.1676 Z17.3806 E0.21251 F1700
G1 X83.5466 Y119.2794 Z17.4986 E0.21278 F1700
G1 X83.5117 Y118.3900 Z17.6228 E0.21297 F1700
G1 X83.5000 Y117.5000 Z17.7500 E0.21308 F1700
G1 X83.5117 Y116.6100 Z17.8772 E0.21308 F1700
G1 X83.5466 Y115.7206 Z18.0014 E0.21297 F1700
G1 X83.6048 Y114.8324 Z18.1194 E0.21278 F1700
G1 X83.6863 Y113.9460 Z18.2286 E0.21251 F1700
G1 X83.7909 Y113.0621 Z18.3261 E0.21220 F1700
G1 X83.9186 Y112.1812 Z18.4097 E0.21186 F1700
G1 X84.0693 Y111.3040 Z18.4774 E0.21154 F1700
G1 X84.2430 Y110.4310 Z18.5275 E0.21127 F1700
G1 X84.4394 Y109.5629 Z18.5589 E0.21106 F1700
G1 X84.6585 Y108.7002 Z18.5708 E0.21095 F1700
G1 X84.9001 Y107.8435 Z18.5631 E0.21094 F1700
G1 X85.1641 Y106.9934 Z18.5358 E0.21103 F1700
G1 X85.4502 Y106.1506 Z18.4899 E0.21121 F1700
G1 X85.7583 Y105.3155 Z18.4264 E0.21147 F1700
G1 X86.0881 Y104.4888 Z18.3469 E0.21177 F1700
G1 X86.4395 Y103.6710 Z18.2536 E0.21209 F1700
G1 X86.8121 Y102.8626 Z18.1486 E0.21239 F1700
G1 X87.2058 Y102.0643 Z18.0347 E0.21265 F1700
G1 X87.6202 Y101.2766 Z17.9147 E0.21284 F1700
G1 X88.0551 Y100.5000 Z17.7917 E0.21294 F1700
G1 X88.5102 Y99.7350 Z17.6686 E0.21294 F1700
G1 X88.9852 Y98.9823 Z17.5486 E0.21284 F1700
G1 X89.4797 Y98.2422 Z17.4347 E0.21265 F1700
G1 X89.9934 Y97.5153 Z17.3298 E0.21239 F1700
G1 X90.5260 Y96.8021 Z17.2364 E0.21209 F1700
G1 X91.0770 Y96.1031 Z17.1570 E0.21177 F1700
G1 X91.6462 Y95.4188 Z17.0934 E0.21147 F1700
G1 X92.2331 Y94.7496 Z17.0475 E0.21121 F1700
G1 X92.8373 Y94.0959 Z17.0203 E0.21103 F1700
G1 X93.4584 Y93.4584 Z17.0125 E0.21094 F1700
G1 X94.0959 Y92.8373 Z17.0244 E0.21095 F1700
G1 X94.7496 Y92.2331 Z17.0558 E0.21106 F1700
G1 X95.4188 Y91.6462 Z17.1059 E0.21127 F1700
G1 X96.1031 Y91.0770 Z17.1736 E0.21154 F1700
G1 X96.8021 Y90.5260 Z17.2572 E0.21186 F1700
G1 X97.5153 Y89.9934 Z17.3548 E0.21220 F1700
G1 X98.2422 Y89.4797 Z17.4639 E0.21251 F1700
G1 X98.9823 Y88.9852 Z17.5820 E0.21278 F1700
G1 X99.7350 Y88.5102 Z17.7061 E0.21297 F1700
G1 X100.5000 Y88.0551 Z17.8333 E0.21308 F1700
G1 X101.2766 Y87.6202 Z17.9606 E0.21308 F1700
G1 X102.0643 Y87.2058 Z18.0847 E0.21297 F1700
G1 X102.8626 Y86.8121 Z18.2028 E0.21278 F1700
G1 X103.6710 Y86.4395 Z18.3119 E0.21251 F1700
G1 X104.4888 Y86.0881 Z18.4094 E0.21220 F1700
G1 X105.3155 Y85.7583 Z18.4930 E0.21186 F1700
G1 X106.1506 Y85.4502 Z18.5607 E0.21154 F1700
G1 X106.9934 Y85.1641 Z18.6108 E0.21127 F1700
G1 X107.8435 Y84.9001 Z18.6422 E0.21106 F1700
G1 X108.7002 Y84.6585 Z18.6542 E0.21095 F1700
G1 X109.5629 Y84.4394 Z18.6464 E0.21094 F1700
G1 X110.4310 Y84.2430 Z18.6192 E0.21103 F1700
G1 X111.3040 Y84.0693 Z18.5732 E0.21121 F1700
G1 X112.1812 Y83.9186 Z18.5097 E0.21147 F1700
G1 X113.0621 Y83.7909 Z18.4303 E0.21177 F1700
G1 X113.9460 Y83.6863 Z18.3369 E0.21209 F1700
G1 X114.8324 Y83.6048 Z18.2319 E0.21239 F1700
G1 X115.7206 Y83.5466 Z18.1180 E0.21265 F1700
G1 X116.6100 Y83.5117 Z17.9981 E0.21284 F1700
G1 X117.5000 Y83.5000 Z17.8750 E0.21294 F1700
G1 X118.3900 Y83.5117 Z17.7519 E0.21294 F1700
G1 X119.2794 Y83.5466 Z17.6320 E0.21284 F1700
G1 X120.1676 Y83.6048 Z17.5181 E0.21265 F1700
G1 X121.0540 Y83.6863 Z17.4131 E0.21239 F1700
G1 X121.9379 Y83.7909 Z17.3197 E0.21209 F1700
G1 X122.8188 Y83.9186 Z17.2403 E0.21177 F1700
G1 X123.6960 Y84.0693 Z17.1768 E0.21147 F1700
G1 X124.5690 Y84.2430 Z17.1308 E0.21121 F1700
G1 X125.4371 Y84.4394 Z17.1036 E0.21103 F1700
G1 X126.2998 Y84.6585 Z17.0958 E0.21094 F1700
G1 X127.1565 Y84.9001 Z17.1078 E0.21095 F1700
G1 X128.0066 Y85.1641 Z17.1392 E0.21106 F1700
G1 X128.8494 Y85.4502 Z17.1893 E0.21127 F1700
G1 X129.6845 Y85.7583 Z17.2570 E0.21154 F1700
G1 X130.5112 Y86.0881 Z17.3406 E0.21186 F1700
G1 X131.3290 Y86.4395 Z17.4381 E0.21220 F1700
G1 X132.1374 Y86.8121 Z17.5472 E0.21251 F1700
G1 X132.9357 Y87.2058 Z17.6653 E0.21278 F1700
G1 X133.7234 Y87.6202 Z17.7894 E0.21297 F1700
G1 X134.5000 Y88.0551 Z17.9167 E0.21308 F1700
G1 X135.2650 Y88.5102 Z18.0439 E0.21308 F1700
G1 X136.0177 Y88.9852 Z18.1680 E0.21297 F1700
G1 X136.7578 Y89.4797 Z18.2861 E0.21278 F1700
G1 X137.4847 Y89.9934 Z18.3952 E0.21251 F1700
G1 X138.1979 Y90.5260 Z18.4928 E0.21220 F1700
G1 X138.8969 Y91.0770 Z18.5764 E0.21186 F1700
G1 X139.5812 Y91.6462 Z18.6441 E0.21154 F1700
G1 X140.2504 Y92.2331 Z18.6942 E0.21127 F1700
G1 X140.9041 Y92.8373 Z18.7256 E0.21106 F1700
G1 X141.5416 Y93.4584 Z18.7375 E0.21095 F1700
G1 X142.1627 Y94.0959 Z18.7297 E0.21094 F1700
G1 X142.7669 Y94.7496 Z18.7025 E0.21103 F1700
G1 X143.3538 Y95.4188 Z18.6566 E0.21121 F1700
G1 X143.9230 Y96.1031 Z18.5930 E0.21147 F1700
G1 X144.4740 Y96.8021 Z18.5136 E0.21177 F1700
G1 X145.0066 Y97.5153 Z18.4202 E0.21209 F1700
G1 X145.5203 Y98.2422 Z18.3153 E0.21239 F1700
G1 X146.0148 Y98.9823 Z18.2014 E0.21265 F1700
G1 X146.4898 Y99.7350 Z18.0814 E0.21284 F1700
G1 X146.9449 Y100.5000 Z17.9583 E0.21294 F1700
G1 X147.3798 Y101.2766 Z17.8353 E0.21294 F1700
G1 X147.7942 Y102.0643 Z17.7153 E0.21284 F1700
G1 X148.1879 Y102.8626 Z17.6014 E0.21265 F1700
G1 X148.5605 Y103.6710 Z17.4964 E0.21239 F1700
G1 X148.9119 Y104.4888 Z17.4031 E0.21209 F1700
G1 X149.2417 Y105.3155 Z17.3236 E0.21177 F1700
G1 X149.5498 Y106.1506 Z17.2601 E0.21147 F1700
G1 X149.8359 Y106.9934 Z17.2142 E0.21121 F1700
G1 X150.0999 Y107.8435 Z17.1869 E0.21103 F1700
G1 X150.3415 Y108.7002 Z17.1792 E0.21094 F1700
G1 X150.5606 Y109.5629 Z17.1911 E0.21095 F1700
G1 X150.7570 Y110.4310 Z17.2225 E0.21106 F1700
G1 X150.9307 Y111.3040 Z17.2726 E0.21127 F1700
G1 X151.0814 Y112.1812 Z17.3403 E0.21154 F1700
G1 X151.2091 Y113.0621 Z17.4239 E0.21186 F1700
G1 X151.3137 Y113.9460 Z17.5214 E0.21220 F1700
G1 X151.3952 Y114.8324 Z17.6306 E0.21251 F1700
G1 X151.4534 Y115.7206 Z17.7486 E0.21278 F1700
G1 X151.4883 Y116.6100 Z17.8728 E0.21297 F1700
G1 X151.5000 Y117.5000 Z18.0000 E0.21308 F1700
G1 X151.4883 Y118.3900 Z18.1272 E0.21308 F1700
G1 X151.4534 Y119.2794 Z18.2514 E0.21297 F1700
G1 X151.3952 Y120.1676 Z18.3694 E0.21278 F1700
G1 X151.3137 Y121.0540 Z18.4786 E0.21251 F1700
G1 X151.2091 Y121.9379 Z18.5761 E0.21220 F1700
G1 X151.0814 Y122.8188 Z18.6597 E0.21186 F1700
G1 X150.9307 Y123.6960 Z18.7274 E0.21154 F1700
G1 X150.7570 Y124.5690 Z18.7775 E0.21127 F1700
G1 X150.5606 Y125.4371 Z18.8089 E0.21106 F1700
G1 X150.3415 Y126.2998 Z18.8208 E0.21095 F1700
G1 X150.0999 Y127.1565 Z18.8131 E0.21094 F1700
G1 X149.8359 Y128.0066 Z18.7858 E0.21103 F1700
G1 X149.5498 Y128.8494 Z18.7399 E0.21121 F1700
G1 X149.2417 Y129.6845 Z18.6764 E0.21147 F1700
G1 X148.9119 Y130.5112 Z18.5969 E0.21177 F1700
G1 X148.5605 Y131.3290 Z18.5036 E0.21209 F1700
G1 X148.1879 Y132.1374 Z18.3986 E0.21239 F1700
G1 X147.7942 Y132.9357 Z18.2847 E0.21265 F1700
G1 X147.3798 Y133.7234 Z18.1647 E0.21284 F1700
G1 X146.9449 Y134.5000 Z18.0417 E0.21294 F1700
G1 X146.4898 Y135.2650 Z17.9186 E0.21294 F1700
G1 X146.0148 Y136.0177 Z17.7986 E0.21284 F1700
G1 X145.5203 Y136.7578 Z17.6847 E0.21265 F1700
G1 X145.0066 Y137.4847 Z17.5798 E0.21239 F1700
G1 X144.4740 Y138.1979 Z17.4864 E0.21209 F1700
G1 X143.9230 Y138.8969 Z17.4070 E0.21177 F1700
G1 X143.3538 Y139.5812 Z17.3434 E0.21147 F1700
G1 X142.7669 Y140.2504 Z17.2975 E0.21121 F1700
G1 X142.1627 Y140.9041 Z17.2703 E0.21103 F1700
G1 X141.5416 Y141.5416 Z17.2625 E0.21094 F1700
G1 X140.9041 Y142.1627 Z17.2744 E0.21095 F1700
G1 X140.2504 Y142.7669 Z17.3058 E0.21106 F1700
G1 X139.5812 Y143.3538 Z17.3559 E0.21127 F1700
G1 X138.8969 Y143.9230 Z17.4236 E0.21154 F1700
G1 X138.1979 Y144.4740 Z17.5072 E0.21186 F1700
G1 X137.4847 Y145.0066 Z17.6048 E0.21220 F1700
G1 X136.7578 Y145.5203 Z17.7139 E0.21251 F1700
G1 X136.0177 Y146.0148 Z17.8320 E0.21278 F1700
G1 X135.2650 Y146.4898 Z17.9561 E0.21297 F1700
G1 X134.5000 Y146.9449 Z18.0833 E0.21308 F1700
G1 X133.7234 Y147.3798 Z18.2106 E0.21308 F1700
G1 X132.9357 Y147.7942 Z18.3347 E0.21297 F1700
G1 X132.1374 Y148.1879 Z18.4528 E0.21278 F1700
G1 X131.3290 Y148.5605 Z18.5619 E0.21251 F1700
G1 X130.5112 Y148.9119 Z18.6594 E0.21220 F1700
G1 X129.6845 Y149.2417 Z18.7430 E0.21186 F1700
G1 X128.8494 Y149.5498 Z18.8107 E0.21154 F1700
G1 X128.0066 Y149.8359 Z18.8608 E0.21127 F1700
G1 X127.1565 Y150.0999 Z18.8922 E0.21106 F1700
G1 X126.2998 Y150.3415 Z18.9042 E0.21095 F1700
G1 X125.4371 Y150.5606 Z18.8964 E0.21094 F1700
G1 X124.5690 Y150.7570 Z18.8692 E0.21103 F1700
G1 X123.6960 Y150.9307 Z18.8232 E0.21121 F1700
G1 X122.8188 Y151.0814 Z18.7597 E0.21147 F1700
G1 X121.9379 Y151.2091 Z18.6803 E0.21177 F1700
G1 X121.0540 Y151.3137 Z18.5869 E0.21209 F1700
G1 X120.1676 Y151.3952 Z18.4819 E0.21239 F1700
G1 X119.2794 Y151.4534 Z18.3680 E0.21265 F1700
G1 X118.3900 Y151.4883 Z18.2481 E0.21284 F1700
G1 X117.5000 Y151.5000 Z18.1250 E0.21294 F1700
G1 X116.6100 Y151.4883 Z18.0019 E0.21294 F1700
G1 X115.7206 Y151.4534 Z17.8820 E0.21284 F1700
G1 X114.8324 Y151.3952 Z17.7681 E0.21265 F1700
G1 X113.9460 Y151.3137 Z17.6631 E0.21239 F1700
G1 X113.0621 Y151.2091 Z17.5697 E0.21209 F1700
G1 X112.1812 Y151.0814 Z17.4903 E0.21177 F1700
G1 X111.3040 Y150.9307 Z17.4268 E0.21147 F1700
G1 X110.4310 Y150.7570 Z17.3808 E0.21121 F1700
G1 X109.5629 Y150.5606 Z17.3536 E0.21103 F1700
G1 X108.7002 Y150.3415 Z17.3458 E0.21094 F1700
G1 X107.8435 Y150.0999 Z17.3578 E0.21095 F1700
G1 X106.9934 Y149.8359 Z17.3892 E0.21106 F1700
G1 X106.1506 Y149.5498 Z17.4393 E0.21127 F1700
G1 X105.3155 Y149.2417 Z17.5070 E0.21154 F1700
G1 X104.4888 Y148.9119 Z17.5906 E0.21186 F1700
G1 X103.6710 Y148.5605 Z17.6881 E0.21220 F1700
G1 X102.8626 Y148.1879 Z17.7972 E0.21251 F1700
G1 X102.0643 Y147.7942 Z17.9153 E0.21278 F1700
G1 X101.2766 Y147.3798 Z18.0394 E0.21297 F1700
G1 X100.5000 Y146.9449 Z18.1667 E0.21308 F1700
G1 X99.7350 Y146.4898 Z18.2939 E0.21308 F1700
G1 X98.9823 Y146.0148 Z18.4180 E0.21297 F1700
G1 X98.2422 Y145.5203 Z18.5361 E0.21278 F1700
G1 X97.5153 Y145.0066 Z18.6452 E0.21251 F1700
G1 X96.8021 Y144.4740 Z18.7428 E0.21220 F1700
G1 X96.1031 Y143.9230 Z18.8264 E0.21186 F1700
G1 X95.4188 Y143.3538 Z18.8941 E0.21154 F1700
G1 X94.7496 Y142.7669 Z18.9442 E0.21127 F1700
G1 X94.0959 Y142.1627 Z18.9756 E0.21106 F1700
G1 X93.4584 Y141.5416 Z18.9875 E0.21095 F1700
G1 X92.8373 Y140.9041 Z18.9797 E0.21094 F1700
G1 X92.2331 Y140.2504 Z18.9525 E0.21103 F1700
G1 X91.6462 Y139.5812 Z18.9066 E0.21121 F1700
G1 X91.0770 Y138.8969 Z18.8430 E0.21147 F1700
G1 X90.5260 Y138.1979 Z18.7636 E0.21177 F1700
G1 X89.9934 Y137.4847 Z18.6702 E0.21209 F1700
G1 X89.4797 Y136.7578 Z18.5653 E0.21239 F1700
G1 X88.9852 Y136.0177 Z18.4514 E0.21265 F1700
G1 X88.5102 Y135.2650 Z18.3314 E0.21284 F1700
G1 X88.0551 Y134.5000 Z18.2083 E0.21294 F1700
G1 X87.6202 Y133.7234 Z18.0853 E0.21294 F1700
G1 X87.2058 Y132.9357 Z17.9653 E0.21284 F1700
G1 X86.8121 Y132.1374 Z17.8514 E0.21265 F1700
G1 X86.4395 Y131.3290 Z17.7464 E0.21239 F1700
G1 X86.0881 Y130.5112 Z17.6531 E0.21209 F1700
G1 X85.7583 Y129.6845 Z17.5736 E0.21177 F1700
G1 X85.4502 Y128.8494 Z17.5101 E0.21147 F1700
G1 X85.1641 Y128.0066 Z17.4642 E0.21121 F1700
G1 X84.9001 Y127.1565 Z17.4369 E0.21103 F1700
G1 X84.6585 Y126.2998 Z17.4292 E0.21094 F1700
G1 X84.4394 Y125.4371 Z17.4411 E0.21095 F1700
G1 X84.2430 Y124.5690 Z17.4725 E0.21106 F1700
G1 X84.0693 Y123.6960 Z17.5226 E0.21127 F1700
G1 X83.9186 Y122.8188 Z17.5903 E0.21154 F1700
G1 X83.7909 Y121.9379 Z17.6739 E0.21186 F1700
G1 X83.6863 Y121.0540 Z17.7714 E0.21220 F1700
G1 X83.6048 Y120.1676 Z17.8806 E0.21251 F1700
G1 X83.5466 Y119.2794 Z17.9986 E0.21278 F1700
G1 X83.5117 Y118.3900 Z18.1228 E0.21297 F1700
G1 X83.5000 Y117.5000 Z18.2500 E0.21308 F1700
G1 X83.5117 Y116.6100 Z18.3772 E0.21308 F1700
G1 X83.5466 Y115.7206 Z18.5014 E0.21297 F1700
G1 X83.6048 Y114.8324 Z18.6194 E0.21278 F1700
G1 X83.6863 Y113.9460 Z18.7286 E0.21251 F1700
G1 X83.7909 Y113.0621 Z18.8261 E0.21220 F1700
G1 X83.9186 Y112.1812 Z18.9097 E0.21186 F1700
G1 X84.0693 Y111.3040 Z18.9774 E0.21154 F1700
G1 X84.2430 Y110.4310 Z19.0275 E0.21127 F1700
G1 X84.4394 Y109.5629 Z19.0589 E0.21106 F1700
G1 X84.6585 Y108.7002 Z19.0708 E0.21095 F1700
G1 X84.9001 Y107.8435 Z19.0631 E0.21094 F1700
G1 X85.1641 Y106.9934 Z19.0358 E0.21103 F1700
G1 X85.4502 Y106.1506 Z18.9899 E0.21121 F1700
G1 X85.7583 Y105.3155 Z18.9264 E0.21147 F1700
G1 X86.0881 Y104.4888 Z18.8469 E0.21177 F1700
G1 X86.4395 Y103.6710 Z18.7536 E0.21209 F1700
G1 X86.8121 Y102.8626 Z18.6486 E0.21239 F1700
G1 X87.2058 Y102.0643 Z18.5347 E0.21265 F1700
G1 X87.6202 Y101.2766 Z18.4147 E0.21284 F1700
G1 X88.0551 Y100.5000 Z18.2917 E0.21294 F1700
G1 X88.5102 Y99.7350 Z18.1686 E0.21294 F1700
G1 X88.9852 Y98.9823 Z18.0486 E0.21284 F1700
G1 X89.4797 Y98.2422 Z17.9347 E0.21265 F1700
G1 X89.9934 Y97.5153 Z17.8298 E0.21239 F1700
G1 X90.5260 Y96.8021 Z17.7364 E0.21209 F1700
G1 X91.0770 Y96.1031 Z17.6570 E0.21177 F1700
G1 X91.6462 Y95.4188 Z17.5934 E0.21147 F1700
G1 X92.2331 Y94.7496 Z17.5475 E0.21121 F1700
G1 X92.8373 Y94.0959 Z17.5203 E0.21103 F1700
G1 X93.4584 Y93.4584 Z17.5125 E0.21094 F1700
G1 X94.0959 Y92.8373 Z17.5244 E0.21095 F1700
G1 X94.7496 Y92.2331 Z17.5558 E0.21106 F1700
G1 X95.4188 Y91.6462 Z17.6059 E0.21127 F1700
G1 X96.1031 Y91.0770 Z17.6736 E0.21154 F1700
G1 X96.8021 Y90.5260 Z17.7572 E0.21186 F1700
G1 X97.5153 Y89.9934 Z17.8548 E0.21220 F1700
G1 X98.2422 Y89.4797 Z17.9639 E0.21251 F1700
G1 X98.9823 Y88.9852 Z18.0820 E0.21278 F1700
G1 X99.7350 Y88.5102 Z18.2061 E0.21297 F1700
G1 X100.5000 Y88.0551 Z18.3333 E0.21308 F1700
G1 X101.2766 Y87.6202 Z18.4606 E0.21308 F1700
G1 X102.0643 Y87.2058 Z18.5847 E0.21297 F1700
G1 X102.8626 Y86.8121 Z18.7028 E0.21278 F1700
G1 X103.6710 Y86.4395 Z18.8119 E0.21251 F1700
G1 X104.4888 Y86.0881 Z18.9094 E0.21220 F1700
G1 X105.3155 Y85.7583 Z18.9930 E0.21186 F1700
G1 X106.1506 Y85.4502 Z19.0607 E0.21154 F1700
G1 X106.9934 Y85.1641 Z19.1108 E0.21127 F1700
G1 X107.8435 Y84.9001 Z19.1422 E0.21106 F1700
G1 X108.7002 Y84.6585 Z19.1542 E0.21095 F1700
G1 X109.5629 Y84.4394 Z19.1464 E0.21094 F1700
G1 X110.4310 Y84.2430 Z19.1192 E0.21103 F1700
G1 X111.3040 Y84.0693 Z19.0732 E0.21121 F1700
G1 X112.1812 Y83.9186 Z19.0097 E0.21147 F1700
G1 X113.0621 Y83.7909 Z18.9303 E0.21177 F1700
G1 X113.9460 Y83.6863 Z18.8369 E0.21209 F1700
G1 X114.8324 Y83.6048 Z18.7319 E0.21239 F1700
G1 X115.7206 Y83.5466 Z18.6180 E0.21265 F1700
G1 X116.6100 Y83.5117 Z18.4981 E0.21284 F1700
G1 X117.5000 Y83.5000 Z18.3750 E0.21294 F1700
G1 X118.3900 Y83.5117 Z18.2519 E0.21294 F1700
G1 X119.2794 Y83.5466 Z18.1320 E0.21284 F1700
G1 X120.1676 Y83.6048 Z18.0181 E0.21265 F1700
G1 X121.0540 Y83.6863 Z17.9131 E0.21239 F1700
G1 X121.9379 Y83.7909 Z17.8197 E0.21209 F1700
G1 X122.8188 Y83.9186 Z17.7403 E0.21177 F1700
G1 X123.6960 Y84.0693 Z17.6768 E0.21147 F1700
G1 X124.5690 Y84.2430 Z17.6308 E0.21121 F1700
G1 X125.4371 Y84.4394 Z17.6036 E0.21103 F1700
G1 X126.2998 Y84.6585 Z17.5958 E0.21094 F1700
G1 X127.1565 Y84.9001 Z17.6078 E0.21095 F1700
G1 X128.0066 Y85.1641 Z17.6392 E0.21106 F1700
G1 X128.8494 Y85.4502 Z17.6893 E0.21127 F1700
G1 X129.6845 Y85.7583 Z17.7570 E0.21154 F1700
G1 X130.5112 Y86.0881 Z17.8406 E0.21186 F1700
G1 X131.3290 Y86.4395 Z17.9381 E0.21220 F1700
G1 X132.1374 Y86.8121 Z18.0472 E0.21251 F1700
G1 X132.9357 Y87.2058 Z18.1653 E0.21278 F1700
G1 X133.7234 Y87.6202 Z18.2894 E0.21297 F1700
G1 X134.5000 Y88.0551 Z18.4167 E0.21308 F1700
G1 X135.2650 Y88.5102 Z18.5439 E0.21308 F1700
G1 X136.0177 Y88.9852 Z18.6680 E0.21297 F1700
G1 X136.7578 Y89.4797 Z18.7861 E0.21278 F1700
G1 X137.4847 Y89.9934 Z18.8952 E0.21251 F1700
G1 X138.1979 Y90.5260 Z18.9928 E0.21220 F1700
G1 X138.8969 Y91.0770 Z19.0764 E0.21186 F1700
G1 X139.5812 Y91.6462 Z19.1441 E0.21154 F1700
G1 X140.2504 Y92.2331 Z19.1942 E0.21127 F1700
G1 X140.9041 Y92.8373 Z19.2256 E0.21106 F1700
G1 X141.5416 Y93.4584 Z19.2375 E0.21095 F1700
G1 X142.1627 Y94.0959 Z19.2297 E0.21094 F1700
G1 X142.7669 Y94.7496 Z19.2025 E0.21103 F1700
G1 X143.3538 Y95.4188 Z19.1566 E0.21121 F1700
G1 X143.9230 Y96.1031 Z19.0930 E0.21147 F1700
G1 X144.4740 Y96.8021 Z19.0136 E0.21177 F1700
G1 X145.0066 Y97.5153 Z18.9202 E0.21209 F1700
G1 X145.5203 Y98.2422 Z18.8153 E0.21239 F1700
G1 X146.0148 Y98.9823 Z18.7014 E0.21265 F1700
G1 X146.4898 Y99.7350 Z18.5814 E0.21284 F1700
G1 X146.9449 Y100.5000 Z18.4583 E0.21294 F1700
G1 X147.3798 Y101.2766 Z18.3353 E0.21294 F1700
G1 X147.7942 Y102.0643 Z18.2153 E0.21284 F1700
G1 X148.1879 Y102.8626 Z18.1014 E0.21265 F1700
G1 X148.5605 Y103.6710 Z17.9964 E0.21239 F1700
G1 X148.9119 Y104.4888 Z17.9031 E0.21209 F1700
G1 X149.2417 Y105.3155 Z17.8236 E0.21177 F1700
G1 X149.5498 Y106.1506 Z17.7601 E0.21147 F1700
G1 X149.8359 Y106.9934 Z17.7142 E0.21121 F1700
G1 X150.0999 Y107.8435 Z17.6869 E0.21103 F1700
G1 X150.3415 Y108.7002 Z17.6792 E0.21094 F1700
G1 X150.5606 Y109.5629 Z17.6911 E0.21095 F1700
G1 X150.7570 Y110.4310 Z17.7225 E0.21106 F1700
G1 X150.9307 Y111.3040 Z17.7726 E0.21127 F1700
G1 X151.0814 Y112.1812 Z17.8403 E0.21154 F1700
G1 X151.2091 Y113.0621 Z17.9239 E0.21186 F1700
G1 X151.3137 Y113.9460 Z18.0214 E0.21220 F1700
G1 X151.3952 Y114.8324 Z18.1306 E0.21251 F1700
G1 X151.4534 Y115.7206 Z18.2486 E0.21278 F1700
G1 X151.4883 Y116.6100 Z18.3728 E0.21297 F1700
G1 X151.5000 Y117.5000 Z18.5000 E0.21308 F1700
G1 X151.4883 Y118.3900 Z18.6272 E0.21308 F1700
G1 X151.4534 Y119.2794 Z18.7514 E0.21297 F1700
G1 X151.3952 Y120.1676 Z18.8694 E0.21278 F1700
G1 X151.3137 Y121.0540 Z18.9786 E0.21251 F1700
G1 X151.2091 Y121.9379 Z19.0761 E0.21220 F1700
G1 X151.0814 Y122.8188 Z19.1597 E0.21186 F1700
G1 X150.9307 Y123.6960 Z19.2274 E0.21154 F1700
G1 X150.7570 Y124.5690 Z19.2775 E0.21127 F1700
G1 X150.5606 Y125.4371 Z19.3089 E0.21106 F1700
G1 X150.3415 Y126.2998 Z19.3208 E0.21095 F1700
G1 X150.0999 Y127.1565 Z19.3131 E0.21094 F1700
G1 X149.8359 Y128.0066 Z19.2858 E0.21103 F1700
G1 X149.5498 Y128.8494 Z19.2399 E0.21121 F1700
G1 X149.2417 Y129.6845 Z19.1764 E0.21147 F1700
G1 X148.9119 Y130.5112 Z19.0969 E0.21177 F1700
G1 X148.5605 Y131.3290 Z19.0036 E0.21209 F1700
G1 X148.1879 Y132.1374 Z18.8986 E0.21239 F1700
G1 X147.7942 Y132.9357 Z18.7847 E0.21265 F1700
G1 X147.3798 Y133.7234 Z18.6647 E0.21284 F1700
G1 X146.9449 Y134.5000 Z18.5417 E0.21294 F1700
G1 X146.4898 Y135.2650 Z18.4186 E0.21294 F1700
G1 X146.0148 Y136.0177 Z18.2986 E0.21284 F1700
G1 X145.5203 Y136.7578 Z18.1847 E0.21265 F1700
G1 X145.0066 Y137.4847 Z18.0798 E0.21239 F1700
G1 X144.4740 Y138.1979 Z17.9864 E0.21209 F1700
G1 X143.9230 Y138.8969 Z17.9070 E0.21177 F1700
G1 X143.3538 Y139.5812 Z17.8434 E0.21147 F1700
G1 X142.7669 Y140.2504 Z17.7975 E0.21121 F1700
G1 X142.1627 Y140.9041 Z17.7703 E0.21103 F1700
G1 X141.5416 Y141.5416 Z17.7625 E0.21094 F1700
G1 X140.9041 Y142.1627 Z17.7744 E0.21095 F1700
G1 X140.2504 Y142.7669 Z17.8058 E0.21106 F1700
G1 X139.5812 Y143.3538 Z17.8559 E0.21127 F1700
G1 X138.8969 Y143.9230 Z17.9236 E0.21154 F1700
G1 X138.1979 Y144.4740 Z18.0072 E0.21186 F1700
G1 X137.4847 Y145.0066 Z18.1048 E0.21220 F1700
G1 X136.7578 Y145.5203 Z18.2139 E0.21251 F1700
G1 X136.0177 Y146.0148 Z18.3320 E0.21278 F1700
G1 X135.2650 Y146.4898 Z18.4561 E0.21297 F1700
G1 X134.5000 Y146.9449 Z18.5833 E0.21308 F1700
G1 X133.7234 Y147.3798 Z18.7106 E0.21308 F1700
G1 X132.9357 Y147.7942 Z18.8347 E0.21297 F1700
G1 X132.1374 Y148.1879 Z18.9528 E0.21278 F1700
G1 X131.3290 Y148.5605 Z19.0619 E0.21251 F1700
G1 X130.5112 Y148.9119 Z19.1594 E0.21220 F1700
G1 X129.6845 Y149.2417 Z19.2430 E0.21186 F1700
G1 X128.8494 Y149.5498 Z19.3107 E0.21154 F1700
G1 X128.0066 Y149.8359 Z19.3608 E0.21127 F1700
G1 X127.1565 Y150.0999 Z19.3922 E0.21106 F1700
G1 X126.2998 Y150.3415 Z19.4042 E0.21095 F1700
G1 X125.4371 Y150.5606 Z19.3964 E0.21094 F1700
G1 X124.5690 Y150.7570 Z19.3692 E0.21103 F1700
G1 X123.6960 Y150.9307 Z19.3232 E0.21121 F1700
G1 X122.8188 Y151.0814 Z19.2597 E0.21147 F1700
G1 X121.9379 Y151.2091 Z19.1803 E0.21177 F1700
G1 X121.0540 Y151.3137 Z19.0869 E0.21209 F1700
G1 X120.1676 Y151.3952 Z18.9819 E0.21239 F1700
G1 X119.2794 Y151.4534 Z18.8680 E0.21265 F1700
G1 X118.3900 Y151.4883 Z18.7481 E0.21284 F1700
G1 X117.5000 Y151.5000 Z18.6250 E0.21294 F1700
G1 X116.6100 Y151.4883 Z18.5019 E0.21294 F1700
G1 X115.7206 Y151.4534 Z18.3820 E0.21284 F1700
G1 X114.8324 Y151.3952 Z18.2681 E0.21265 F1700
G1 X113.9460 Y151.3137 Z18.1631 E0.21239 F1700
G1 X113.0621 Y151.2091 Z18.0697 E0.21209 F1700
G1 X112.1812 Y151.0814 Z17.9903 E0.21177 F1700
G1 X111.3040 Y150.9307 Z17.9268 E0.21147 F1700
G1 X110.4310 Y150.7570 Z17.8808 E0.21121 F1700
G1 X109.5629 Y150.5606 Z17.8536 E0.21103 F1700
G1 X108.7002 Y150.3415 Z17.8458 E0.21094 F1700
G1 X107.8435 Y150.0999 Z17.8578 E0.21095 F1700
G1 X106.9934 Y149.8359 Z17.8892 E0.21106 F1700
G1 X106.1506 Y149.5498 Z17.9393 E0.21127 F1700
G1 X105.3155 Y149.2417 Z18.0070 E0.21154 F1700
G1 X104.4888 Y148.9119 Z18.0906 E0.21186 F1700
G1 X103.6710 Y148.5605 Z18.1881 E0.21220 F1700
G1 X102.8626 Y148.1879 Z18.2972 E0.21251 F1700
G1 X102.0643 Y147.7942 Z18.4153 E0.21278 F1700
G1 X101.2766 Y147.3798 Z18.5394 E0.21297 F1700
G1 X100.5000 Y146.9449 Z18.6667 E0.21308 F1700
G1 X99.7350 Y146.4898 Z18.7939 E0.21308 F1700
G1 X98.9823 Y146.0148 Z18.9180 E0.21297 F1700
G1 X98.2422 Y145.5203 Z19.0361 E0.21278 F1700
G1 X97.5153 Y145.0066 Z19.1452 E0.21251 F1700
G1 X96.8021 Y144.4740 Z19.2428 E0.21220 F1700
G1 X96.1031 Y143.9230 Z19.3264 E0.21186 F1700
G1 X95.4188 Y143.3538 Z19.3941 E0.21154 F1700
G1 X94.7496 Y142.7669 Z19.4442 E0.21127 F1700
G1 X94.0959 Y142.1627 Z19.4756 E0.21106 F1700
G1 X93.4584 Y141.5416 Z19.4875 E0.21095 F1700
G1 X92.8373 Y140.9041 Z19.4797 E0.21094 F1700
G1 X92.2331 Y140.2504 Z19.4525 E0.21103 F1700
G1 X91.6462 Y139.5812 Z19.4066 E0.21121 F1700
G1 X91.0770 Y138.8969 Z19.3430 E0.21147 F1700
G1 X90.5260 Y138.1979 Z19.2636 E0.21177 F1700
G1 X89.9934 Y137.4847 Z19.1702 E0.21209 F1700
G1 X89.4797 Y136.7578 Z19.0653 E0.21239 F1700
G1 X88.9852 Y136.0177 Z18.9514 E0.21265 F1700
G1 X88.5102 Y135.2650 Z18.8314 E0.21284 F1700
G1 X88.0551 Y134.5000 Z18.7083 E0.21294 F1700
G1 X87.6202 Y133.7234 Z18.5853 E0.21294 F1700
G1 X87.2058 Y132.9357 Z18.4653 E0.21284 F1700
G1 X86.8121 Y132.1374 Z18.3514 E0.21265 F1700
G1 X86.4395 Y131.3290 Z18.2464 E0.21239 F1700
G1 X86.0881 Y130.5112 Z18.1531 E0.21209 F1700
G1 X85.7583 Y129.6845 Z18.0736 E0.21177 F1700
G1 X85.4502 Y128.8494 Z18.0101 E0.21147 F1700
G1 X85.1641 Y128.0066 Z17.9642 E0.21121 F1700
G1 X84.9001 Y127.1565 Z17.9369 E0.21103 F1700
G1 X84.6585 Y126.2998 Z17.9292 E0.21094 F1700
G1 X84.4394 Y125.4371 Z17.9411 E0.21095 F1700
G1 X84.2430 Y124.5690 Z17.9725 E0.21106 F1700
G1 X84.0693 Y123.6960 Z18.0226 E0.21127 F1700
G1 X83.9186 Y122.8188 Z18.0903 E0.21154 F1700
G1 X83.7909 Y121.9379 Z18.1739 E0.21186 F1700
G1 X83.6863 Y121.0540 Z18.2714 E0.21220 F1700
G1 X83.6048 Y120.1676 Z18.3806 E0.21251 F1700
G1 X83.5466 Y119.2794 Z18.4986 E0.21278 F1700
G1 X83.5117 Y118.3900 Z18.6228 E0.21297 F1700
G1 X83.5000 Y117.5000 Z18.7500 E0.21308 F1700
G1 X83.5117 Y116.6100 Z18.8772 E0.21308 F1700
G1 X83.5466 Y115.7206 Z19.0014 E0.21297 F1700
G1 X83.6048 Y114.8324 Z19.1194 E0.21278 F1700
G1 X83.6863 Y113.9460 Z19.2286 E0.21251 F1700
G1 X83.7909 Y113.0621 Z19.3261 E0.21220 F1700
G1 X83.9186 Y112.1812 Z19.4097 E0.21186 F1700
G1 X84.0693 Y111.3040 Z19.4774 E0.21154 F1700
G1 X84.2430 Y110.4310 Z19.5275 E0.21127 F1700
G1 X84.4394 Y109.5629 Z19.5589 E0.21106 F1700
G1 X84.6585 Y108.7002 Z19.5708 E0.21095 F1700
G1 X84.9001 Y107.8435 Z19.5631 E0.21094 F1700
G1 X85.1641 Y106.9934 Z19.5358 E0.21103 F1700
G1 X85.4502 Y106.1506 Z19.4899 E0.21121 F1700
G1 X85.7583 Y105.3155 Z19.4264 E0.21147 F1700
G1 X86.0881 Y104.4888 Z19.3469 E0.21177 F1700
G1 X86.4395 Y103.6710 Z19.2536 E0.21209 F1700
G1 X86.8121 Y102.8626 Z19.1486 E0.21239 F1700
G1 X87.2058 Y102.0643 Z19.0347 E0.21265 F1700
G1 X87.6202 Y101.2766 Z18.9147 E0.21284 F1700
G1 X88.0551 Y100.5000 Z18.7917 E0.21294 F1700
G1 X88.5102 Y99.7350 Z18.6686 E0.21294 F1700
G1 X88.9852 Y98.9823 Z18.5486 E0.21284 F1700
G1 X89.4797 Y98.2422 Z18.4347 E0.21265 F1700
G1 X89.9934 Y97.5153 Z18.3298 E0.21239 F1700
G1 X90.5260 Y96.8021 Z18.2364 E0.21209 F1700
G1 X91.0770 Y96.1031 Z18.1570 E0.21177 F1700
G1 X91.6462 Y95.4188 Z18.0934 E0.21147 F1700
G1 X92.2331 Y94.7496 Z18.0475 E0.21121 F1700
G1 X92.8373 Y94.0959 Z18.0203 E0.21103 F1700
G1 X93.4584 Y93.4584 Z18.0125 E0.21094 F1700
G1 X94.0959 Y92.8373 Z18.0244 E0.21095 F1700
G1 X94.7496 Y92.2331 Z18.0558 E0.21106 F1700
G1 X95.4188 Y91.6462 Z18.1059 E0.21127 F1700
G1 X96.1031 Y91.0770 Z18.1736 E0.21154 F1700
G1 X96.8021 Y90.5260 Z18.2572 E0.21186 F1700
G1 X97.5153 Y89.9934 Z18.3548 E0.21220 F1700
G1 X98.2422 Y89.4797 Z18.4639 E0.21251 F1700
G1 X98.9823 Y88.9852 Z18.5820 E0.21278 F1700
G1 X99.7350 Y88.5102 Z18.7061 E0.21297 F1700
G1 X100.5000 Y88.0551 Z18.8333 E0.21308 F1700
G1 X101.2766 Y87.6202 Z18.9606 E0.21308 F1700
G1 X102.0643 Y87.2058 Z19.0847 E0.21297 F1700
G1 X102.8626 Y86.8121 Z19.2028 E0.21278 F1700
G1 X103.6710 Y86.4395 Z19.3119 E0.21251 F1700
G1 X104.4888 Y86.0881 Z19.4094 E0.21220 F1700
G1 X105.3155 Y85.7583 Z19.4930 E0.21186 F1700
G1 X106.1506 Y85.4502 Z19.5607 E0.21154 F1700
G1 X106.9934 Y85.1641 Z19.6108 E0.21127 F1700
G1 X107.8435 Y84.9001 Z19.6422 E0.21106 F1700
G1 X108.7002 Y84.6585 Z19.6542 E0.21095 F1700
G1 X109.5629 Y84.4394 Z19.6464 E0.21094 F1700
G1 X110.4310 Y84.2430 Z19.6192 E0.21103 F1700
G1 X111.3040 Y84.0693 Z19.5732 E0.21121 F1700
G1 X112.1812 Y83.9186 Z19.5097 E0.21147 F1700
G1 X113.0621 Y83.7909 Z19.4303 E0.21177 F1700
G1 X113.9460 Y83.6863 Z19.3369 E0.21209 F1700
G1 X114.8324 Y83.6048 Z19.2319 E0.21239 F1700
G1 X115.7206 Y83.5466 Z19.1180 E0.21265 F1700
G1 X116.6100 Y83.5117 Z18.9981 E0.21284 F1700
G1 X117.5000 Y83.5000 Z18.8750 E0.21294 F1700
G1 X118.3900 Y83.5117 Z18.7519 E0.21294 F1700
G1 X119.2794 Y83.5466 Z18.6320 E0.21284 F1700
G1 X120.1676 Y83.6048 Z18.5181 E0.21265 F1700
G1 X121.0540 Y83.6863 Z18.4131 E0.21239 F1700
G1 X121.9379 Y83.7909 Z18.3197 E0.21209 F1700
G1 X122.8188 Y83.9186 Z18.2403 E0.21177 F1700
G1 X123.6960 Y84.0693 Z18.1768 E0.21147 F1700
G1 X124.5690 Y84.2430 Z18.1308 E0.21121 F1700
G1 X125.4371 Y84.4394 Z18.1036 E0.21103 F1700
G1 X126.2998 Y84.6585 Z18.0958 E0.21094 F1700
G1 X127.1565 Y84.9001 Z18.1078 E0.21095 F1700
G1 X128.0066 Y85.1641 Z18.1392 E0.21106 F1700
G1 X128.8494 Y85.4502 Z18.1893 E0.21127 F1700
G1 X129.6845 Y85.7583 Z18.2570 E0.21154 F1700
G1 X130.5112 Y86.0881 Z18.3406 E0.21186 F1700
G1 X131.3290 Y86.4395 Z18.4381 E0.21220 F1700
G1 X132.1374 Y86.8121 Z18.5472 E0.21251 F1700
G1 X132.9357 Y87.2058 Z18.6653 E0.21278 F1700
G1 X133.7234 Y87.6202 Z18.7894 E0.21297 F1700
G1 X134.5000 Y88.0551 Z18.9167 E0.21308 F1700
G1 X135.2650 Y88.5102 Z19.0439 E0.21308 F1700
G1 X136.0177 Y88.9852 Z19.1680 E0.21297 F1700
G1 X136.7578 Y89.4797 Z19.2861 E0.21278 F1700
G1 X137.4847 Y89.9934 Z19.3952 E0.21251 F1700
G1 X138.1979 Y90.5260 Z19.4928 E0.21220 F1700
G1 X138.8969 Y91.0770 Z19.5764 E0.21186 F1700
G1 X139.5812 Y91.6462 Z19.6441 E0.21154 F1700
G1 X140.2504 Y92.2331 Z19.6942 E0.21127 F1700
G1 X140.9041 Y92.8373 Z19.7256 E0.21106 F1700
G1 X141.5416 Y93.4584 Z19.7375 E0.21095 F1700
G1 X142.1627 Y94.0959 Z19.7297 E0.21094 F1700
G1 X142.7669 Y94.7496 Z19.7025 E0.21103 F1700
G1 X143.3538 Y95.4188 Z19.6566 E0.21121 F1700
G1 X143.9230 Y96.1031 Z19.5930 E0.21147 F1700
G1 X144.4740 Y96.8021 Z19.5136 E0.21177 F1700
G1 X145.0066 Y97.5153 Z19.4202 E0.21209 F1700
G1 X145.5203 Y98.2422 Z19.3153 E0.21239 F1700
G1 X146.0148 Y98.9823 Z19.2014 E0.21265 F1700
G1 X146.4898 Y99.7350 Z19.0814 E0.21284 F1700
G1 X146.9449 Y100.5000 Z18.9583 E0.21294 F1700
G1 X147.3798 Y101.2766 Z18.8353 E0.21294 F1700
G1 X147.7942 Y102.0643 Z18.7153 E0.21284 F1700
G1 X148.1879 Y102.8626 Z18.6014 E0.21265 F1700
G1 X148.5605 Y103.6710 Z18.4964 E0.21239 F1700
G1 X148.9119 Y104.4888 Z18.4031 E0.21209 F1700
G1 X149.2417 Y105.3155 Z18.3236 E0.21177 F1700
G1 X149.5498 Y106.1506 Z18.2601 E0.21147 F1700
G1 X149.8359 Y106.9934 Z18.2142 E0.21121 F1700
G1 X150.0999 Y107.8435 Z18.1869 E0.21103 F1700
G1 X150.3415 Y108.7002 Z18.1792 E0.21094 F1700
G1 X150.5606 Y109.5629 Z18.1911 E0.21095 F1700
G1 X150.7570 Y110.4310 Z18.2225 E0.21106 F1700
G1 X150.9307 Y111.3040 Z18.2726 E0.21127 F1700
G1 X151.0814 Y112.1812 Z18.3403 E0.21154 F1700
G1 X151.2091 Y113.0621 Z18.4239 E0.21186 F1700
G1 X151.3137 Y113.9460 Z18.5214 E0.21220 F1700
G1 X151.3952 Y114.8324 Z18.6306 E0.21251 F1700
G1 X151.4534 Y115.7206 Z18.7486 E0.21278 F1700
G1 X151.4883 Y116.6100 Z18.8728 E0.21297 F1700
G1 X151.5000 Y117.5000 Z19.0000 E0.21308 F1700
G1 X151.4883 Y118.3900 Z19.1272 E0.21308 F1700
G1 X151.4534 Y119.2794 Z19.2514 E0.21297 F1700
G1 X151.3952 Y120.1676 Z19.3694 E0.21278 F1700
G1 X151.3137 Y121.0540 Z19.4786 E0.21251 F1700
G1 X151.2091 Y121.9379 Z19.5761 E0.21220 F1700
G1 X151.0814 Y122.8188 Z19.6597 E0.21186 F1700
G1 X150.9307 Y123.6960 Z19.7274 E0.21154 F1700
G1 X150.7570 Y124.5690 Z19.7775 E0.21127 F1700
G1 X150.5606 Y125.4371 Z19.8089 E0.21106 F1700
G1 X150.3415 Y126.2998 Z19.8208 E0.21095 F1700
G1 X150.0999 Y127.1565 Z19.8131 E0.21094 F1700
G1 X149.8359 Y128.0066 Z19.7858 E0.21103 F1700
G1 X149.5498 Y128.8494 Z19.7399 E0.21121 F1700
G1 X149.2417 Y129.6845 Z19.6764 E0.21147 F1700
G1 X148.9119 Y130.5112 Z19.5969 E0.21177 F1700
G1 X148.5605 Y131.3290 Z19.5036 E0.21209 F1700
G1 X148.1879 Y132.1374 Z19.3986 E0.21239 F1700
G1 X147.7942 Y132.9357 Z19.2847 E0.21265 F1700
G1 X147.3798 Y133.7234 Z19.1647 E0.21284 F1700
G1 X146.9449 Y134.5000 Z19.0417 E0.21294 F1700
G1 X146.4898 Y135.2650 Z18.9186 E0.21294 F1700
G1 X146.0148 Y136.0177 Z18.7986 E0.21284 F1700
G1 X145.5203 Y136.7578 Z18.6847 E0.21265 F1700
G1 X145.0066 Y137.4847 Z18.5798 E0.21239 F1700
G1 X144.4740 Y138.1979 Z18.4864 E0.21209 F1700
G1 X143.9230 Y138.8969 Z18.4070 E0.21177 F1700
G1 X143.3538 Y139.5812 Z18.3434 E0.21147 F1700
G1 X142.7669 Y140.2504 Z18.2975 E0.21121 F1700
G1 X142.1627 Y140.9041 Z18.2703 E0.21103 F1700
G1 X141.5416 Y141.5416 Z18.2625 E0.21094 F1700
G1 X140.9041 Y142.1627 Z18.2744 E0.21095 F1700
G1 X140.2504 Y142.7669 Z18.3058 E0.21106 F1700
G1 X139.5812 Y143.3538 Z18.3559 E0.21127 F1700
G1 X138.8969 Y143.9230 Z18.4236 E0.21154 F1700
G1 X138.1979 Y144.4740 Z18.5072 E0.21186 F1700
G1 X137.4847 Y145.0066 Z18.6048 E0.21220 F1700
G1 X136.7578 Y145.5203 Z18.7139 E0.21251 F1700
G1 X136.0177 Y146.0148 Z18.8320 E0.21278 F1700
G1 X135.2650 Y146.4898 Z18.9561 E0.21297 F1700
G1 X134.5000 Y146.9449 Z19.0833 E0.21308 F1700
G1 X133.7234 Y147.3798 Z19.2106 E0.21308 F1700
G1 X132.9357 Y147.7942 Z19.3347 E0.21297 F1700
G1 X132.1374 Y148.1879 Z19.4528 E0.21278 F1700
G1 X131.3290 Y148.5605 Z19.5619 E0.21251 F1700
G1 X130.5112 Y148.9119 Z19.6594 E0.21220 F1700
G1 X129.6845 Y149.2417 Z19.7430 E0.21186 F1700
G1 X128.8494 Y149.5498 Z19.8107 E0.21154 F1700
G1 X128.0066 Y149.8359 Z19.8608 E0.21127 F1700
G1 X127.1565 Y150.0999 Z19.8922 E0.21106 F1700
G1 X126.2998 Y150.3415 Z19.9042 E0.21095 F1700
G1 X125.4371 Y150.5606 Z19.8964 E0.21094 F1700
G1 X124.5690 Y150.7570 Z19.8692 E0.21103 F1700
G1 X123.6960 Y150.9307 Z19.8232 E0.21121 F1700
G1 X122.8188 Y151.0814 Z19.7597 E0.21147 F1700
G1 X121.9379 Y151.2091 Z19.6803 E0.21177 F1700
G1 X121.0540 Y151.3137 Z19.5869 E0.21209 F1700
G1 X120.1676 Y151.3952 Z19.4819 E0.21239 F1700
G1 X119.2794 Y151.4534 Z19.3680 E0.21265 F1700
G1 X118.3900 Y151.4883 Z19.2481 E0.21284 F1700
G1 X117.5000 Y151.5000 Z19.1250 E0.21294 F1700
G1 X116.6100 Y151.4883 Z19.0019 E0.21294 F1700
G1 X115.7206 Y151.4534 Z18.8820 E0.21284 F1700
G1 X114.8324 Y151.3952 Z18.7681 E0.21265 F1700
G1 X113.9460 Y151.3137 Z18.6631 E0.21239 F1700
G1 X113.0621 Y151.2091 Z18.5697 E0.21209 F1700
G1 X112.1812 Y151.0814 Z18.4903 E0.21177 F1700
G1 X111.3040 Y150.9307 Z18.4268 E0.21147 F1700
G1 X110.4310 Y150.7570 Z18.3808 E0.21121 F1700
G1 X109.5629 Y150.5606 Z18.3536 E0.21103 F1700
G1 X108.7002 Y150.3415 Z18.3458 E0.21094 F1700
G1 X107.8435 Y150.0999 Z18.3578 E0.21095 F1700
G1 X106.9934 Y149.8359 Z18.3892 E0.21106 F1700
G1 X106.1506 Y149.5498 Z18.4393 E0.21127 F1700
G1 X105.3155 Y149.2417 Z18.5070 E0.21154 F1700
G1 X104.4888 Y148.9119 Z18.5906 E0.21186 F1700
G1 X103.6710 Y148.5605 Z18.6881 E0.21220 F1700
G1 X102.8626 Y148.1879 Z18.7972 E0.21251 F1700
G1 X102.0643 Y147.7942 Z18.9153 E0.21278 F1700
G1 X101.2766 Y147.3798 Z19.0394 E0.21297 F1700
G1 X100.5000 Y146.9449 Z19.1667 E0.21308 F1700
G1 X99.7350 Y146.4898 Z19.2939 E0.21308 F1700
G1 X98.9823 Y146.0148 Z19.4180 E0.21297 F1700
G1 X98.2422 Y145.5203 Z19.5361 E0.21278 F1700
G1 X97.5153 Y145.0066 Z19.6452 E0.21251 F1700
G1 X96.8021 Y144.4740 Z19.7428 E0.21220 F1700
G1 X96.1031 Y143.9230 Z19.8264 E0.21186 F1700
G1 X95.4188 Y143.3538 Z19.8941 E0.21154 F1700
G1 X94.7496 Y142.7669 Z19.9442 E0.21127 F1700
G1 X94.0959 Y142.1627 Z19.9756 E0.21106 F1700
G1 X93.4584 Y141.5416 Z19.9875 E0.21095 F1700
G1 X92.8373 Y140.9041 Z19.9797 E0.21094 F1700
G1 X92.2331 Y140.2504 Z19.9525 E0.21103 F1700
G1 X91.6462 Y139.5812 Z19.9066 E0.21121 F1700
G1 X91.0770 Y138.8969 Z19.8430 E0.21147 F1700
G1 X90.5260 Y138.1979 Z19.7636 E0.21177 F1700
G1 X89.9934 Y137.4847 Z19.6702 E0.21209 F1700
G1 X89.4797 Y136.7578 Z19.5653 E0.21239 F1700
G1 X88.9852 Y136.0177 Z19.4514 E0.21265 F1700
G1 X88.5102 Y135.2650 Z19.3314 E0.21284 F1700
G1 X88.0551 Y134.5000 Z19.2083 E0.21294 F1700
G1 X87.6202 Y133.7234 Z19.0853 E0.21294 F1700
G1 X87.2058 Y132.9357 Z18.9653 E0.21284 F1700
G1 X86.8121 Y132.1374 Z18.8514 E0.21265 F1700
G1 X86.4395 Y131.3290 Z18.7464 E0.21239 F1700
G1 X86.0881 Y130.5112 Z18.6531 E0.21209 F1700
G1 X85.7583 Y129.6845 Z18.5736 E0.21177 F1700
G1 X85.4502 Y128.8494 Z18.5101 E0.21147 F1700
G1 X85.1641 Y128.0066 Z18.4642 E0.21121 F1700
G1 X84.9001 Y127.1565 Z18.4369 E0.21103 F1700
G1 X84.6585 Y126.2998 Z18.4292 E0.21094 F1700
G1 X84.4394 Y125.4371 Z18.4411 E0.21095 F1700
G1 X84.2430 Y124.5690 Z18.4725 E0.21106 F1700
G1 X84.0693 Y123.6960 Z18.5226 E0.21127 F1700
G1 X83.9186 Y122.8188 Z18.5903 E0.21154 F1700
G1 X83.7909 Y121.9379 Z18.6739 E0.21186 F1700
G1 X83.6863 Y121.0540 Z18.7714 E0.21220 F1700
G1 X83.6048 Y120.1676 Z18.8806 E0.21251 F1700
G1 X83.5466 Y119.2794 Z18.9986 E0.21278 F1700
G1 X83.5117 Y118.3900 Z19.1228 E0.21297 F1700
G1 X83.5000 Y117.5000 Z19.2500 E0.21308 F1700
G1 X83.5117 Y116.6100 Z19.3772 E0.21308 F1700
G1 X83.5466 Y115.7206 Z19.5014 E0.21297 F1700
G1 X83.6048 Y114.8324 Z19.6194 E0.21278 F1700
G1 X83.6863 Y113.9460 Z19.7286 E0.21251 F1700
G1 X83.7909 Y113.0621 Z19.8261 E0.21220 F1700
G1 X83.9186 Y112.1812 Z19.9097 E0.21186 F1700
G1 X84.0693 Y111.3040 Z19.9774 E0.21154 F1700
G1 X84.2430 Y110.4310 Z20.0275 E0.21127 F1700
G1 X84.4394 Y109.5629 Z20.0589 E0.21106 F1700
G1 X84.6585 Y108.7002 Z20.0708 E0.21095 F1700
G1 X84.9001 Y107.8435 Z20.0631 E0.21094 F1700
G1 X85.1641 Y106.9934 Z20.0358 E0.21103 F1700
G1 X85.4502 Y106.1506 Z19.9899 E0.21121 F1700
G1 X85.7583 Y105.3155 Z19.9264 E0.21147 F1700
G1 X86.0881 Y104.4888 Z19.8469 E0.21177 F1700
G1 X86.4395 Y103.6710 Z19.7536 E0.21209 F1700
G1 X86.8121 Y102.8626 Z19.6486 E0.21239 F1700
G1 X87.2058 Y102.0643 Z19.5347 E0.21265 F1700
G1 X87.6202 Y101.2766 Z19.4147 E0.21284 F1700
G1 X88.0551 Y100.5000 Z19.2917 E0.21294 F1700
G1 X88.5102 Y99.7350 Z19.1686 E0.21294 F1700
G1 X88.9852 Y98.9823 Z19.0486 E0.21284 F1700
G1 X89.4797 Y98.2422 Z18.9347 E0.21265 F1700
G1 X89.9934 Y97.5153 Z18.8298 E0.21239 F1700
G1 X90.5260 Y96.8021 Z18.7364 E0.21209 F1700
G1 X91.0770 Y96.1031 Z18.6570 E0.21177 F1700
G1 X91.6462 Y95.4188 Z18.5934 E0.21147 F1700
G1 X92.2331 Y94.7496 Z18.5475 E0.21121 F1700
G1 X92.8373 Y94.0959 Z18.5203 E0.21103 F1700
G1 X93.4584 Y93.4584 Z18.5125 E0.21094 F1700
G1 X94.0959 Y92.8373 Z18.5244 E0.21095 F1700
G1 X94.7496 Y92.2331 Z18.5558 E0.21106 F1700
G1 X95.4188 Y91.6462 Z18.6059 E0.21127 F1700
G1 X96.1031 Y91.0770 Z18.6736 E0.21154 F1700
G1 X96.8021 Y90.5260 Z18.7572 E0.21186 F1700
G1 X97.5153 Y89.9934 Z18.8548 E0.21220 F1700
G1 X98.2422 Y89.4797 Z18.9639 E0.21251 F1700
G1 X98.9823 Y88.9852 Z19.0820 E0.21278 F1700
G1 X99.7350 Y88.5102 Z19.2061 E0.21297 F1700
G1 X100.5000 Y88.0551 Z19.3333 E0.21308 F1700
G1 X101.2766 Y87.6202 Z19.4606 E0.21308 F1700
G1 X102.0643 Y87.2058 Z19.5847 E0.21297 F1700
G1 X102.8626 Y86.8121 Z19.7028 E0.21278 F1700
G1 X103.6710 Y86.4395 Z19.8119 E0.21251 F1700
G1 X104.4888 Y86.0881 Z19.9094 E0.21220 F1700
G1 X105.3155 Y85.7583 Z19.9930 E0.21186 F1700
G1 X106.1506 Y85.4502 Z20.0607 E0.21154 F1700
G1 X106.9934 Y85.1641 Z20.1108 E0.21127 F1700
G1 X107.8435 Y84.9001 Z20.1422 E0.21106 F1700
G1 X108.7002 Y84.6585 Z20.1542 E0.21095 F1700
G1 X109.5629 Y84.4394 Z20.1464 E0.21094 F1700
G1 X110.4310 Y84.2430 Z20.1192 E0.21103 F1700
G1 X111.3040 Y84.0693 Z20.0732 E0.21121 F1700
G1 X112.1812 Y83.9186 Z20.0097 E0.21147 F1700
G1 X113.0621 Y83.7909 Z19.9303 E0.21177 F1700
G1 X113.9460 Y83.6863 Z19.8369 E0.21209 F1700
G1 X114.8324 Y83.6048 Z19.7319 E0.21239 F1700
G1 X115.7206 Y83.5466 Z19.6180 E0.21265 F1700
G1 X116.6100 Y83.5117 Z19.4981 E0.21284 F1700
G1 X117.5000 Y83.5000 Z19.3750 E0.21294 F1700
G1 X118.3900 Y83.5117 Z19.2519 E0.21294 F1700
G1 X119.2794 Y83.5466 Z19.1320 E0.21284 F1700
G1 X120.1676 Y83.6048 Z19.0181 E0.21265 F1700
G1 X121.0540 Y83.6863 Z18.9131 E0.21239 F1700
G1 X121.9379 Y83.7909 Z18.8197 E0.21209 F1700
G1 X122.8188 Y83.9186 Z18.7403 E0.21177 F1700
G1 X123.6960 Y84.0693 Z18.6768 E0.21147 F1700
G1 X124.5690 Y84.2430 Z18.6308 E0.21121 F1700
G1 X125.4371 Y84.4394 Z18.6036 E0.21103 F1700
G1 X126.2998 Y84.6585 Z18.5958 E0.21094 F1700
G1 X127.1565 Y84.9001 Z18.6078 E0.21095 F1700
G1 X128.0066 Y85.1641 Z18.6392 E0.21106 F1700
G1 X128.8494 Y85.4502 Z18.6893 E0.21127 F1700
G1 X129.6845 Y85.7583 Z18.7570 E0.21154 F1700
G1 X130.5112 Y86.0881 Z18.8406 E0.21186 F1700
G1 X131.3290 Y86.4395 Z18.9381 E0.21220 F1700
G1 X132.1374 Y86.8121 Z19.0472 E0.21251 F1700
G1 X132.9357 Y87.2058 Z19.1653 E0.21278 F1700
G1 X133.7234 Y87.6202 Z19.2894 E0.21297 F1700
G1 X134.5000 Y88.0551 Z19.4167 E0.21308 F1700
G1 X135.2650 Y88.5102 Z19.5439 E0.21308 F1700
G1 X136.0177 Y88.9852 Z19.6680 E0.21297 F1700
G1 X136.7578 Y89.4797 Z19.7861 E0.21278 F1700
G1 X137.4847 Y89.9934 Z19.8952 E0.21251 F1700
G1 X138.1979 Y90.5260 Z19.9928 E0.21220 F1700
G1 X138.8969 Y91.0770 Z20.0764 E0.21186 F1700
G1 X139.5812 Y91.6462 Z20.1441 E0.21154 F1700
G1 X140.2504 Y92.2331 Z20.1942 E0.21127 F1700
G1 X140.9041 Y92.8373 Z20.2256 E0.21106 F1700
G1 X141.5416 Y93.4584 Z20.2375 E0.21095 F1700
G1 X142.1627 Y94.0959 Z20.2297 E0.21094 F1700
G1 X142.7669 Y94.7496 Z20.2025 E0.21103 F1700
G1 X143.3538 Y95.4188 Z20.1566 E0.21121 F1700
G1 X143.9230 Y96.1031 Z20.0930 E0.21147 F1700
G1 X144.4740 Y96.8021 Z20.0136 E0.21177 F1700
G1 X145.0066 Y97.5153 Z19.9202 E0.21209 F1700
G1 X145.5203 Y98.2422 Z19.8153 E0.21239 F1700
G1 X146.0148 Y98.9823 Z19.7014 E0.21265 F1700
G1 X146.4898 Y99.7350 Z19.5814 E0.21284 F1700
G1 X146.9449 Y100.5000 Z19.4583 E0.21294 F1700
G1 X147.3798 Y101.2766 Z19.3353 E0.21294 F1700
G1 X147.7942 Y102.0643 Z19.2153 E0.21284 F1700
G1 X148.1879 Y102.8626 Z19.1014 E0.21265 F1700
G1 X148.5605 Y103.6710 Z18.9964 E0.21239 F1700
G1 X148.9119 Y104.4888 Z18.9031 E0.21209 F1700
G1 X149.2417 Y105.3155 Z18.8236 E0.21177 F1700
G1 X149.5498 Y106.1506 Z18.7601 E0.21147 F1700
G1 X149.8359 Y106.9934 Z18.7142 E0.21121 F1700
G1 X150.0999 Y107.8435 Z18.6869 E0.21103 F1700
G1 X150.3415 Y108.7002 Z18.6792 E0.21094 F1700
G1 X150.5606 Y109.5629 Z18.6911 E0.21095 F1700
G1 X150.7570 Y110.4310 Z18.7225 E0.21106 F1700
G1 X150.9307 Y111.3040 Z18.7726 E0.21127 F1700
G1 X151.0814 Y112.1812 Z18.8403 E0.21154 F1700
G1 X151.2091 Y113.0621 Z18.9239 E0.21186 F1700
G1 X151.3137 Y113.9460 Z19.0214 E0.21220 F1700
G1 X151.3952 Y114.8324 Z19.1306 E0.21251 F1700
G1 X151.4534 Y115.7206 Z19.2486 E0.21278 F1700
G1 X151.4883 Y116.6100 Z19.3728 E0.21297 F1700
G1 X151.5000 Y117.5000 Z19.5000 E0.21308 F1700
G1 X151.4883 Y118.3900 Z19.6272 E0.21308 F1700
G1 X151.4534 Y119.2794 Z19.7514 E0.21297 F1700
G1 X151.3952 Y120.1676 Z19.8694 E0.21278 F1700
G1 X151.3137 Y121.0540 Z19.9786 E0.21251 F1700
G1 X151.2091 Y121.9379 Z20.0761 E0.21220 F1700
G1 X151.0814 Y122.8188 Z20.1597 E0.21186 F1700
G1 X150.9307 Y123.6960 Z20.2274 E0.21154 F1700
G1 X150.7570 Y124.5690 Z20.2775 E0.21127 F1700
G1 X150.5606 Y125.4371 Z20.3089 E0.21106 F1700
G1 X150.3415 Y126.2998 Z20.3208 E0.21095 F1700
G1 X150.0999 Y127.1565 Z20.3131 E0.21094 F1700
G1 X149.8359 Y128.0066 Z20.2858 E0.21103 F1700
G1 X149.5498 Y128.8494 Z20.2399 E0.21121 F1700
G1 X149.2417 Y129.6845 Z20.1764 E0.21147 F1700
G1 X148.9119 Y130.5112 Z20.0969 E0.21177 F1700
G1 X148.5605 Y131.3290 Z20.0036 E0.21209 F1700
G1 X148.1879 Y132.1374 Z19.8986 E0.21239 F1700
G1 X147.7942 Y132.9357 Z19.7847 E0.21265 F1700
G1 X147.3798 Y133.7234 Z19.6647 E0.21284 F1700
G1 X146.9449 Y134.5000 Z19.5417 E0.21294 F1700
G1 X146.4898 Y135.2650 Z19.4186 E0.21294 F1700
G1 X146.0148 Y136.0177 Z19.2986 E0.21284 F1700
G1 X145.5203 Y136.7578 Z19.1847 E0.21265 F1700
G1 X145.0066 Y137.4847 Z19.0798 E0.21239 F1700
G1 X144.4740 Y138.1979 Z18.9864 E0.21209 F1700
G1 X143.9230 Y138.8969 Z18.9070 E0.21177 F1700
G1 X143.3538 Y139.5812 Z18.8434 E0.21147 F1700
G1 X142.7669 Y140.2504 Z18.7975 E0.21121 F1700
G1 X142.1627 Y140.9041 Z18.7703 E0.21103 F1700
G1 X141.5416 Y141.5416 Z18.7625 E0.21094 F1700
G1 X140.9041 Y142.1627 Z18.7744 E0.21095 F1700
G1 X140.2504 Y142.7669 Z18.8058 E0.21106 F1700
G1 X139.5812 Y143.3538 Z18.8559 E0.21127 F1700
G1 X138.8969 Y143.9230 Z18.9236 E0.21154 F1700
G1 X138.1979 Y144.4740 Z19.0072 E0.21186 F1700
G1 X137.4847 Y145.0066 Z19.1048 E0.21220 F1700
G1 X136.7578 Y145.5203 Z19.2139 E0.21251 F1700
G1 X136.0177 Y146.0148 Z19.3320 E0.21278 F1700
G1 X135.2650 Y146.4898 Z19.4561 E0.21297 F1700
G1 X134.5000 Y146.9449 Z19.5833 E0.21308 F1700
G1 X133.7234 Y147.3798 Z19.7106 E0.21308 F1700
G1 X132.9357 Y147.7942 Z19.8347 E0.21297 F1700
G1 X132.1374 Y148.1879 Z19.9528 E0.21278 F1700
G1 X131.3290 Y148.5605 Z20.0619 E0.21251 F1700
G1 X130.5112 Y148.9119 Z20.1594 E0.21220 F1700
G1 X129.6845 Y149.2417 Z20.2430 E0.21186 F1700
G1 X128.8494 Y149.5498 Z20.3107 E0.21154 F1700
G1 X128.0066 Y149.8359 Z20.3608 E0.21127 F1700
G1 X127.1565 Y150.0999 Z20.3922 E0.21106 F1700
G1 X126.2998 Y150.3415 Z20.4042 E0.21095 F1700
G1 X125.4371 Y150.5606 Z20.3964 E0.21094 F1700
G1 X124.5690 Y150.7570 Z20.3692 E0.21103 F1700
G1 X123.6960 Y150.9307 Z20.3232 E0.21121 F1700
G1 X122.8188 Y151.0814 Z20.2597 E0.21147 F1700
G1 X121.9379 Y151.2091 Z20.1803 E0.21177 F1700
G1 X121.0540 Y151.3137 Z20.0869 E0.21209 F1700
G1 X120.1676 Y151.3952 Z19.9819 E0.21239 F1700
G1 X119.2794 Y151.4534 Z19.8680 E0.21265 F1700
G1 X118.3900 Y151.4883 Z19.7481 E0.21284 F1700
G1 X117.5000 Y151.5000 Z19.6250 E0.21294 F1700
G1 X116.6100 Y151.4883 Z19.5019 E0.21294 F1700
G1 X115.7206 Y151.4534 Z19.3820 E0.21284 F1700
G1 X114.8324 Y151.3952 Z19.2681 E0.21265 F1700
G1 X113.9460 Y151.3137 Z19.1631 E0.21239 F1700
G1 X113.0621 Y151.2091 Z19.0697 E0.21209 F1700
G1 X112.1812 Y151.0814 Z18.9903 E0.21177 F1700
G1 X111.3040 Y150.9307 Z18.9268 E0.21147 F1700
G1 X110.4310 Y150.7570 Z18.8808 E0.21121 F1700
G1 X109.5629 Y150.5606 Z18.8536 E0.21103 F1700
G1 X108.7002 Y150.3415 Z18.8458 E0.21094 F1700
G1 X107.8435 Y150.0999 Z18.8578 E0.21095 F1700
G1 X106.9934 Y149.8359 Z18.8892 E0.21106 F1700
G1 X106.1506 Y149.5498 Z18.9393 E0.21127 F1700
G1 X105.3155 Y149.2417 Z19.0070 E0.21154 F1700
G1 X104.4888 Y148.9119 Z19.0906 E0.21186 F1700
G1 X103.6710 Y148.5605 Z19.1881 E0.21220 F1700
G1 X102.8626 Y148.1879 Z19.2972 E0.21251 F1700
G1 X102.0643 Y147.7942 Z19.4153 E0.21278 F1700
G1 X101.2766 Y147.3798 Z19.5394 E0.21297 F1700
G1 X100.5000 Y146.9449 Z19.6667 E0.21308 F1700
G1 X99.7350 Y146.4898 Z19.7939 E0.21308 F1700
G1 X98.9823 Y146.0148 Z19.9180 E0.21297 F1700
G1 X98.2422 Y145.5203 Z20.0361 E0.21278 F1700
G1 X97.5153 Y145.0066 Z20.1452 E0.21251 F1700
G1 X96.8021 Y144.4740 Z20.2428 E0.21220 F1700
G1 X96.1031 Y143.9230 Z20.3264 E0.21186 F1700
G1 X95.4188 Y143.3538 Z20.3941 E0.21154 F1700
G1 X94.7496 Y142.7669 Z20.4442 E0.21127 F1700
G1 X94.0959 Y142.1627 Z20.4756 E0.21106 F1700
G1 X93.4584 Y141.5416 Z20.4875 E0.21095 F1700
G1 X92.8373 Y140.9041 Z20.4797 E0.21094 F1700
G1 X92.2331 Y140.2504 Z20.4525 E0.21103 F1700
G1 X91.6462 Y139.5812 Z20.4066 E0.21121 F1700
G1 X91.0770 Y138.8969 Z20.3430 E0.21147 F1700
G1 X90.5260 Y138.1979 Z20.2636 E0.21177 F1700
G1 X89.9934 Y137.4847 Z20.1702 E0.21209 F1700
G1 X89.4797 Y136.7578 Z20.0653 E0.21239 F1700
G1 X88.9852 Y136.0177 Z19.9514 E0.21265 F1700
G1 X88.5102 Y135.2650 Z19.8314 E0.21284 F1700
G1 X88.0551 Y134.5000 Z19.7083 E0.21294 F1700
G1 X87.6202 Y133.7234 Z19.5853 E0.21294 F1700
G1 X87.2058 Y132.9357 Z19.4653 E0.21284 F1700
G1 X86.8121 Y132.1374 Z19.3514 E0.21265 F1700
G1 X86.4395 Y131.3290 Z19.2464 E0.21239 F1700
G1 X86.0881 Y130.5112 Z19.1531 E0.21209 F1700
G1 X85.7583 Y129.6845 Z19.0736 E0.21177 F1700
G1 X85.4502 Y128.8494 Z19.0101 E0.21147 F1700
G1 X85.1641 Y128.0066 Z18.9642 E0.21121 F1700
G1 X84.9001 Y127.1565 Z18.9369 E0.21103 F1700
G1 X84.6585 Y126.2998 Z18.9292 E0.21094 F1700
G1 X84.4394 Y125.4371 Z18.9411 E0.21095 F1700
G1 X84.2430 Y124.5690 Z18.9725 E0.21106 F1700
G1 X84.0693 Y123.6960 Z19.0226 E0.21127 F1700
G1 X83.9186 Y122.8188 Z19.0903 E0.21154 F1700
G1 X83.7909 Y121.9379 Z19.1739 E0.21186 F1700
G1 X83.6863 Y121.0540 Z19.2714 E0.21220 F1700
G1 X83.6048 Y120.1676 Z19.3806 E0.21251 F1700
G1 X83.5466 Y119.2794 Z19.4986 E0.21278 F1700
G1 X83.5117 Y118.3900 Z19.6228 E0.21297 F1700
G1 X83.5000 Y117.5000 Z19.7500 E0.21308 F1700
G1 X83.5117 Y116.6100 Z19.8772 E0.21308 F1700
G1 X83.5466 Y115.7206 Z20.0014 E0.21297 F1700
G1 X83.6048 Y114.8324 Z20.1194 E0.21278 F1700
G1 X83.6863 Y113.9460 Z20.2286 E0.21251 F1700
G1 X83.7909 Y113.0621 Z20.3261 E0.21220 F1700
G1 X83.9186 Y112.1812 Z20.4097 E0.21186 F1700
G1 X84.0693 Y111.3040 Z20.4774 E0.21154 F1700
G1 X84.2430 Y110.4310 Z20.5275 E0.21127 F1700
G1 X84.4394 Y109.5629 Z20.5589 E0.21106 F1700
G1 X84.6585 Y108.7002 Z20.5708 E0.21095 F1700
G1 X84.9001 Y107.8435 Z20.5631 E0.21094 F1700
G1 X85.1641 Y106.9934 Z20.5358 E0.21103 F1700
G1 X85.4502 Y106.1506 Z20.4899 E0.21121 F1700
G1 X85.7583 Y105.3155 Z20.4264 E0.21147 F1700
G1 X86.0881 Y104.4888 Z20.3469 E0.21177 F1700
G1 X86.4395 Y103.6710 Z20.2536 E0.21209 F1700
G1 X86.8121 Y102.8626 Z20.1486 E0.21239 F1700
G1 X87.2058 Y102.0643 Z20.0347 E0.21265 F1700
G1 X87.6202 Y101.2766 Z19.9147 E0.21284 F1700
G1 X88.0551 Y100.5000 Z19.7917 E0.21294 F1700
G1 X88.5102 Y99.7350 Z19.6686 E0.21294 F1700
G1 X88.9852 Y98.9823 Z19.5486 E0.21284 F1700
G1 X89.4797 Y98.2422 Z19.4347 E0.21265 F1700
G1 X89.9934 Y97.5153 Z19.3298 E0.21239 F1700
G1 X90.5260 Y96.8021 Z19.2364 E0.21209 F1700
G1 X91.0770 Y96.1031 Z19.1570 E0.21177 F1700
G1 X91.6462 Y95.4188 Z19.0934 E0.21147 F1700
G1 X92.2331 Y94.7496 Z19.0475 E0.21121 F1700
G1 X92.8373 Y94.0959 Z19.0203 E0.21103 F1700
G1 X93.4584 Y93.4584 Z19.0125 E0.21094 F1700
G1 X94.0959 Y92.8373 Z19.0244 E0.21095 F1700
G1 X94.7496 Y92.2331 Z19.0558 E0.21106 F1700
G1 X95.4188 Y91.6462 Z19.1059 E0.21127 F1700
G1 X96.1031 Y91.0770 Z19.1736 E0.21154 F1700
G1 X96.8021 Y90.5260 Z19.2572 E0.21186 F1700
G1 X97.5153 Y89.9934 Z19.3548 E0.21220 F1700
G1 X98.2422 Y89.4797 Z19.4639 E0.21251 F1700
G1 X98.9823 Y88.9852 Z19.5820 E0.21278 F1700
G1 X99.7350 Y88.5102 Z19.7061 E0.21297 F1700
G1 X100.5000 Y88.0551 Z19.8333 E0.21308 F1700
G1 X101.2766 Y87.6202 Z19.9606 E0.21308 F1700
G1 X102.0643 Y87.2058 Z20.0847 E0.21297 F1700
G1 X102.8626 Y86.8121 Z20.2028 E0.21278 F1700
G1 X103.6710 Y86.4395 Z20.3119 E0.21251 F1700
G1 X104.4888 Y86.0881 Z20.4094 E0.21220 F1700
G1 X105.3155 Y85.7583 Z20.4930 E0.21186 F1700
G1 X106.1506 Y85.4502 Z20.5607 E0.21154 F1700
G1 X106.9934 Y85.1641 Z20.6108 E0.21127 F1700
G1 X107.8435 Y84.9001 Z20.6422 E0.21106 F1700
G1 X108.7002 Y84.6585 Z20.6542 E0.21095 F1700
G1 X109.5629 Y84.4394 Z20.6464 E0.21094 F1700
G1 X110.4310 Y84.2430 Z20.6192 E0.21103 F1700
G1 X111.3040 Y84.0693 Z20.5732 E0.21121 F1700
G1 X112.1812 Y83.9186 Z20.5097 E0.21147 F1700
G1 X113.0621 Y83.7909 Z20.4303 E0.21177 F1700
G1 X113.9460 Y83.6863 Z20.3369 E0.21209 F1700
G1 X114.8324 Y83.6048 Z20.2319 E0.21239 F1700
G1 X115.7206 Y83.5466 Z20.1180 E0.21265 F1700
G1 X116.6100 Y83.5117 Z19.9981 E0.21284 F1700
G1 X117.5000 Y83.5000 Z19.8750 E0.21294 F1700
G1 X118.3900 Y83.5117 Z19.7519 E0.21294 F1700
G1 X119.2794 Y83.5466 Z19.6320 E0.21284 F1700
G1 X120.1676 Y83.6048 Z19.5181 E0.21265 F1700
G1 X121.0540 Y83.6863 Z19.4131 E0.21239 F1700
G1 X121.9379 Y83.7909 Z19.3197 E0.21209 F1700
G1 X122.8188 Y83.9186 Z19.2403 E0.21177 F1700
G1 X123.6960 Y84.0693 Z19.1768 E0.21147 F1700
G1 X124.5690 Y84.2430 Z19.1308 E0.21121 F1700
G1 X125.4371 Y84.4394 Z19.1036 E0.21103 F1700
G1 X126.2998 Y84.6585 Z19.0958 E0.21094 F1700
G1 X127.1565 Y84.9001 Z19.1078 E0.21095 F1700
G1 X128.0066 Y85.1641 Z19.1392 E0.21106 F1700
G1 X128.8494 Y85.4502 Z19.1893 E0.21127 F1700
G1 X129.6845 Y85.7583 Z19.2570 E0.21154 F1700
G1 X130.5112 Y86.0881 Z19.3406 E0.21186 F1700
G1 X131.3290 Y86.4395 Z19.4381 E0.21220 F1700
G1 X132.1374 Y86.8121 Z19.5472 E0.21251 F1700
G1 X132.9357 Y87.2058 Z19.6653 E0.21278 F1700
G1 X133.7234 Y87.6202 Z19.7894 E0.21297 F1700
G1 X134.5000 Y88.0551 Z19.9167 E0.21308 F1700
G1 X135.2650 Y88.5102 Z20.0439 E0.21308 F1700
G1 X136.0177 Y88.9852 Z20.1680 E0.21297 F1700
G1 X136.7578 Y89.4797 Z20.2861 E0.21278 F1700
G1 X137.4847 Y89.9934 Z20.3952 E0.21251 F1700
G1 X138.1979 Y90.5260 Z20.4928 E0.21220 F1700
G1 X138.8969 Y91.0770 Z20.5764 E0.21186 F1700
G1 X139.5812 Y91.6462 Z20.6441 E0.21154 F1700
G1 X140.2504 Y92.2331 Z20.6942 E0.21127 F1700
G1 X140.9041 Y92.8373 Z20.7256 E0.21106 F1700
G1 X141.5416 Y93.4584 Z20.7375 E0.21095 F1700
G1 X142.1627 Y94.0959 Z20.7297 E0.21094 F1700
G1 X142.7669 Y94.7496 Z20.7025 E0.21103 F1700
G1 X143.3538 Y95.4188 Z20.6566 E0.21121 F1700
G1 X143.9230 Y96.1031 Z20.5930 E0.21147 F1700
G1 X144.4740 Y96.8021 Z20.5136 E0.21177 F1700
G1 X145.0066 Y97.5153 Z20.4202 E0.21209 F1700
G1 X145.5203 Y98.2422 Z20.3153 E0.21239 F1700
G1 X146.0148 Y98.9823 Z20.2014 E0.21265 F1700
G1 X146.4898 Y99.7350 Z20.0814 E0.21284 F1700
G1 X146.9449 Y100.5000 Z19.9583 E0.21294 F1700
G1 X147.3798 Y101.2766 Z19.8353 E0.21294 F1700
G1 X147.7942 Y102.0643 Z19.7153 E0.21284 F1700
G1 X148.1879 Y102.8626 Z19.6014 E0.21265 F1700
G1 X148.5605 Y103.6710 Z19.4964 E0.21239 F1700
G1 X148.9119 Y104.4888 Z19.4031 E0.21209 F1700
G1 X149.2417 Y105.3155 Z19.3236 E0.21177 F1700
G1 X149.5498 Y106.1506 Z19.2601 E0.21147 F1700
G1 X149.8359 Y106.9934 Z19.2142 E0.21121 F1700
G1 X150.0999 Y107.8435 Z19.1869 E0.21103 F1700
G1 X150.3415 Y108.7002 Z19.1792 E0.21094 F1700
G1 X150.5606 Y109.5629 Z19.1911 E0.21095 F1700
G1 X150.7570 Y110.4310 Z19.2225 E0.21106 F1700
G1 X150.9307 Y111.3040 Z19.2726 E0.21127 F1700
G1 X151.0814 Y112.1812 Z19.3403 E0.21154 F1700
G1 X151.2091 Y113.0621 Z19.4239 E0.21186 F1700
G1 X151.3137 Y113.9460 Z19.5214 E0.21220 F1700
G1 X151.3952 Y114.8324 Z19.6306 E0.21251 F1700
G1 X151.4534 Y115.7206 Z19.7486 E0.21278 F1700
G1 X151.4883 Y116.6100 Z19.8728 E0.21297 F1700
G1 X151.5000 Y117.5000 Z20.0000 E0.21308 F1700
G1 X151.4883 Y118.3900 Z20.1272 E0.21308 F1700
G1 X151.4534 Y119.2794 Z20.2514 E0.21297 F1700
G1 X151.3952 Y120.1676 Z20.3694 E0.21278 F1700
G1 X151.3137 Y121.0540 Z20.4786 E0.21251 F1700
G1 X151.2091 Y121.9379 Z20.5761 E0.21220 F1700
G1 X151.0814 Y122.8188 Z20.6597 E0.21186 F1700
G1 X150.9307 Y123.6960 Z20.7274 E0.21154 F1700
G1 X150.7570 Y124.5690 Z20.7775 E0.21127 F1700
G1 X150.5606 Y125.4371 Z20.8089 E0.21106 F1700
G1 X150.3415 Y126.2998 Z20.8208 E0.21095 F1700
G1 X150.0999 Y127.1565 Z20.8131 E0.21094 F1700
G1 X149.8359 Y128.0066 Z20.7858 E0.21103 F1700
G1 X149.5498 Y128.8494 Z20.7399 E0.21121 F1700
G1 X149.2417 Y129.6845 Z20.6764 E0.21147 F1700
G1 X148.9119 Y130.5112 Z20.5969 E0.21177 F1700
G1 X148.5605 Y131.3290 Z20.5036 E0.21209 F1700
G1 X148.1879 Y132.1374 Z20.3986 E0.21239 F1700
G1 X147.7942 Y132.9357 Z20.2847 E0.21265 F1700
G1 X147.3798 Y133.7234 Z20.1647 E0.21284 F1700
G1 X146.9449 Y134.5000 Z20.0417 E0.21294 F1700
G1 X146.4898 Y135.2650 Z19.9186 E0.21294 F1700
G1 X146.0148 Y136.0177 Z19.7986 E0.21284 F1700
G1 X145.5203 Y136.7578 Z19.6847 E0.21265 F1700
G1 X145.0066 Y137.4847 Z19.5798 E0.21239 F1700
G1 X144.4740 Y138.1979 Z19.4864 E0.21209 F1700
G1 X143.9230 Y138.8969 Z19.4070 E0.21177 F1700
G1 X143.3538 Y139.5812 Z19.3434 E0.21147 F1700
G1 X142.7669 Y140.2504 Z19.2975 E0.21121 F1700
G1 X142.1627 Y140.9041 Z19.2703 E0.21103 F1700
G1 X141.5416 Y141.5416 Z19.2625 E0.21094 F1700
G1 X140.9041 Y142.1627 Z19.2744 E0.21095 F1700
G1 X140.2504 Y142.7669 Z19.3058 E0.21106 F1700
G1 X139.5812 Y143.3538 Z19.3559 E0.21127 F1700
G1 X138.8969 Y143.9230 Z19.4236 E0.21154 F1700
G1 X138.1979 Y144.4740 Z19.5072 E0.21186 F1700
G1 X137.4847 Y145.0066 Z19.6048 E0.21220 F1700
G1 X136.7578 Y145.5203 Z19.7139 E0.21251 F1700
G1 X136.0177 Y146.0148 Z19.8320 E0.21278 F1700
G1 X135.2650 Y146.4898 Z19.9561 E0.21297 F1700
G1 X134.5000 Y146.9449 Z20.0833 E0.21308 F1700
G1 X133.7234 Y147.3798 Z20.2106 E0.21308 F1700
G1 X132.9357 Y147.7942 Z20.3347 E0.21297 F1700
G1 X132.1374 Y148.1879 Z20.4528 E0.21278 F1700
G1 X131.3290 Y148.5605 Z20.5619 E0.21251 F1700
G1 X130.5112 Y148.9119 Z20.6594 E0.21220 F1700
G1 X129.6845 Y149.2417 Z20.7430 E0.21186 F1700
G1 X128.8494 Y149.5498 Z20.8107 E0.21154 F1700
G1 X128.0066 Y149.8359 Z20.8608 E0.21127 F1700
G1 X127.1565 Y150.0999 Z20.8922 E0.21106 F1700
G1 X126.2998 Y150.3415 Z20.9042 E0.21095 F1700
G1 X125.4371 Y150.5606 Z20.8964 E0.21094 F1700
G1 X124.5690 Y150.7570 Z20.8692 E0.21103 F1700
G1 X123.6960 Y150.9307 Z20.8232 E0.21121 F1700
G1 X122.8188 Y151.0814 Z20.7597 E0.21147 F1700
G1 X121.9379 Y151.2091 Z20.6803 E0.21177 F1700
G1 X121.0540 Y151.3137 Z20.5869 E0.21209 F1700
G1 X120.1676 Y151.3952 Z20.4819 E0.21239 F1700
G1 X119.2794 Y151.4534 Z20.3680 E0.21265 F1700
G1 X118.3900 Y151.4883 Z20.2481 E0.21284 F1700
G1 X117.5000 Y151.5000 Z20.1250 E0.21294 F1700
G1 X116.6100 Y151.4883 Z20.0019 E0.21294 F1700
G1 X115.7206 Y151.4534 Z19.8820 E0.21284 F1700
G1 X114.8324 Y151.3952 Z19.7681 E0.21265 F1700
G1 X113.9460 Y151.3137 Z19.6631 E0.21239 F1700
G1 X113.0621 Y151.2091 Z19.5697 E0.21209 F1700
G1 X112.1812 Y151.0814 Z19.4903 E0.21177 F1700
G1 X111.3040 Y150.9307 Z19.4268 E0.21147 F1700
G1 X110.4310 Y150.7570 Z19.3808 E0.21121 F1700
G1 X109.5629 Y150.5606 Z19.3536 E0.21103 F1700
G1 X108.7002 Y150.3415 Z19.3458 E0.21094 F1700
G1 X107.8435 Y150.0999 Z19.3578 E0.21095 F1700
G1 X106.9934 Y149.8359 Z19.3892 E0.21106 F1700
G1 X106.1506 Y149.5498 Z19.4393 E0.21127 F1700
G1 X105.3155 Y149.2417 Z19.5070 E0.21154 F1700
G1 X104.4888 Y148.9119 Z19.5906 E0.21186 F1700
G1 X103.6710 Y148.5605 Z19.6881 E0.21220 F1700
G1 X102.8626 Y148.1879 Z19.7972 E0.21251 F1700
G1 X102.0643 Y147.7942 Z19.9153 E0.21278 F1700
G1 X101.2766 Y147.3798 Z20.0394 E0.21297 F1700
G1 X100.5000 Y146.9449 Z20.1667 E0.21308 F1700
G1 X99.7350 Y146.4898 Z20.2939 E0.21308 F1700
G1 X98.9823 Y146.0148 Z20.4180 E0.21297 F1700
G1 X98.2422 Y145.5203 Z20.5361 E0.21278 F1700
G1 X97.5153 Y145.0066 Z20.6452 E0.21251 F1700
G1 X96.8021 Y144.4740 Z20.7428 E0.21220 F1700
G1 X96.1031 Y143.9230 Z20.8264 E0.21186 F1700
G1 X95.4188 Y143.3538 Z20.8941 E0.21154 F1700
G1 X94.7496 Y142.7669 Z20.9442 E0.21127 F1700
G1 X94.0959 Y142.1627 Z20.9756 E0.21106 F1700
G1 X93.4584 Y141.5416 Z20.9875 E0.21095 F1700
G1 X92.8373 Y140.9041 Z20.9797 E0.21094 F1700
G1 X92.2331 Y140.2504 Z20.9525 E0.21103 F1700
G1 X91.6462 Y139.5812 Z20.9066 E0.21121 F1700
G1 X91.0770 Y138.8969 Z20.8430 E0.21147 F1700
G1 X90.5260 Y138.1979 Z20.7636 E0.21177 F1700
G1 X89.9934 Y137.4847 Z20.6702 E0.21209 F1700
G1 X89.4797 Y136.7578 Z20.5653 E0.21239 F1700
G1 X88.9852 Y136.0177 Z20.4514 E0.21265 F1700
G1 X88.5102 Y135.2650 Z20.3314 E0.21284 F1700
G1 X88.0551 Y134.5000 Z20.2083 E0.21294 F1700
G1 X87.6202 Y133.7234 Z20.0853 E0.21294 F1700
G1 X87.2058 Y132.9357 Z19.9653 E0.21284 F1700
G1 X86.8121 Y132.1374 Z19.8514 E0.21265 F1700
G1 X86.4395 Y131.3290 Z19.7464 E0.21239 F1700
G1 X86.0881 Y130.5112 Z19.6531 E0.21209 F1700
G1 X85.7583 Y129.6845 Z19.5736 E0.21177 F1700
G1 X85.4502 Y128.8494 Z19.5101 E0.21147 F1700
G1 X85.1641 Y128.0066 Z19.4642 E0.21121 F1700
G1 X84.9001 Y127.1565 Z19.4369 E0.21103 F1700
G1 X84.6585 Y126.2998 Z19.4292 E0.21094 F1700
G1 X84.4394 Y125.4371 Z19.4411 E0.21095 F1700
G1 X84.2430 Y124.5690 Z19.4725 E0.21106 F1700
G1 X84.0693 Y123.6960 Z19.5226 E0.21127 F1700
G1 X83.9186 Y122.8188 Z19.5903 E0.21154 F1700
G1 X83.7909 Y121.9379 Z19.6739 E0.21186 F1700
G1 X83.6863 Y121.0540 Z19.7714 E0.21220 F1700
G1 X83.6048 Y120.1676 Z19.8806 E0.21251 F1700
G1 X83.5466 Y119.2794 Z19.9986 E0.21278 F1700
G1 X83.5117 Y118.3900 Z20.1228 E0.21297 F1700
G1 X83.5000 Y117.5000 Z20.2500 E0.21308 F1700
G1 X83.5117 Y116.6100 Z20.3772 E0.21308 F1700
G1 X83.5466 Y115.7206 Z20.5014 E0.21297 F1700
G1 X83.6048 Y114.8324 Z20.6194 E0.21278 F1700
G1 X83.6863 Y113.9460 Z20.7286 E0.21251 F1700
G1 X83.7909 Y113.0621 Z20.8261 E0.21220 F1700
G1 X83.9186 Y112.1812 Z20.9097 E0.21186 F1700
G1 X84.0693 Y111.3040 Z20.9774 E0.21154 F1700
G1 X84.2430 Y110.4310 Z21.0275 E0.21127 F1700
G1 X84.4394 Y109.5629 Z21.0589 E0.21106 F1700
G1 X84.6585 Y108.7002 Z21.0708 E0.21095 F1700
G1 X84.9001 Y107.8435 Z21.0631 E0.21094 F1700
G1 X85.1641 Y106.9934 Z21.0358 E0.21103 F1700
G1 X85.4502 Y106.1506 Z20.9899 E0.21121 F1700
G1 X85.7583 Y105.3155 Z20.9264 E0.21147 F1700
G1 X86.0881 Y104.4888 Z20.8469 E0.21177 F1700
G1 X86.4395 Y103.6710 Z20.7536 E0.21209 F1700
G1 X86.8121 Y102.8626 Z20.6486 E0.21239 F1700
G1 X87.2058 Y102.0643 Z20.5347 E0.21265 F1700
G1 X87.6202 Y101.2766 Z20.4147 E0.21284 F1700
G1 X88.0551 Y100.5000 Z20.2917 E0.21294 F1700
G1 X88.5102 Y99.7350 Z20.1686 E0.21294 F1700
G1 X88.9852 Y98.9823 Z20.0486 E0.21284 F1700
G1 X89.4797 Y98.2422 Z19.9347 E0.21265 F1700
G1 X89.9934 Y97.5153 Z19.8298 E0.21239 F1700
G1 X90.5260 Y96.8021 Z19.7364 E0.21209 F1700
G1 X91.0770 Y96.1031 Z19.6570 E0.21177 F1700
G1 X91.6462 Y95.4188 Z19.5934 E0.21147 F1700
G1 X92.2331 Y94.7496 Z19.5475 E0.21121 F1700
G1 X92.8373 Y94.0959 Z19.5203 E0.21103 F1700
G1 X93.4584 Y93.4584 Z19.5125 E0.21094 F1700
G1 X94.0959 Y92.8373 Z19.5244 E0.21095 F1700
G1 X94.7496 Y92.2331 Z19.5558 E0.21106 F1700
G1 X95.4188 Y91.6462 Z19.6059 E0.21127 F1700
G1 X96.1031 Y91.0770 Z19.6736 E0.21154 F1700
G1 X96.8021 Y90.5260 Z19.7572 E0.21186 F1700
G1 X97.5153 Y89.9934 Z19.8548 E0.21220 F1700
G1 X98.2422 Y89.4797 Z19.9639 E0.21251 F1700
G1 X98.9823 Y88.9852 Z20.0820 E0.21278 F1700
G1 X99.7350 Y88.5102 Z20.2061 E0.21297 F1700
G1 X100.5000 Y88.0551 Z20.3333 E0.21308 F1700
G1 X101.2766 Y87.6202 Z20.4606 E0.21308 F1700
G1 X102.0643 Y87.2058 Z20.5847 E0.21297 F1700
G1 X102.8626 Y86.8121 Z20.7028 E0.21278 F1700
G1 X103.6710 Y86.4395 Z20.8119 E0.21251 F1700
G1 X104.4888 Y86.0881 Z20.9094 E0.21220 F1700
G1 X105.3155 Y85.7583 Z20.9930 E0.21186 F1700
G1 X106.1506 Y85.4502 Z21.0607 E0.21154 F1700
G1 X106.9934 Y85.1641 Z21.1108 E0.21127 F1700
G1 X107.8435 Y84.9001 Z21.1422 E0.21106 F1700
G1 X108.7002 Y84.6585 Z21.1542 E0.21095 F1700
G1 X109.5629 Y84.4394 Z21.1464 E0.21094 F1700
G1 X110.4310 Y84.2430 Z21.1192 E0.21103 F1700
G1 X111.3040 Y84.0693 Z21.0732 E0.21121 F1700
G1 X112.1812 Y83.9186 Z21.0097 E0.21147 F1700
G1 X113.0621 Y83.7909 Z20.9303 E0.21177 F1700
G1 X113.9460 Y83.6863 Z20.8369 E0.21209 F1700
G1 X114.8324 Y83.6048 Z20.7319 E0.21239 F1700
G1 X115.7206 Y83.5466 Z20.6180 E0.21265 F1700
G1 X116.6100 Y83.5117 Z20.4981 E0.21284 F1700
G1 X117.5000 Y83.5000 Z20.3750 E0.21294 F1700
G1 X118.3900 Y83.5117 Z20.2519 E0.21294 F1700
G1 X119.2794 Y83.5466 Z20.1320 E0.21284 F1700
G1 X120.1676 Y83.6048 Z20.0181 E0.21265 F1700
G1 X121.0540 Y83.6863 Z19.9131 E0.21239 F1700
G1 X121.9379 Y83.7909 Z19.8197 E0.21209 F1700
G1 X122.8188 Y83.9186 Z19.7403 E0.21177 F1700
G1 X123.6960 Y84.0693 Z19.6768 E0.21147 F1700
G1 X124.5690 Y84.2430 Z19.6308 E0.21121 F1700
G1 X125.4371 Y84.4394 Z19.6036 E0.21103 F1700
G1 X126.2998 Y84.6585 Z19.5958 E0.21094 F1700
G1 X127.1565 Y84.9001 Z19.6078 E0.21095 F1700
G1 X128.0066 Y85.1641 Z19.6392 E0.21106 F1700
G1 X128.8494 Y85.4502 Z19.6893 E0.21127 F1700
G1 X129.6845 Y85.7583 Z19.7570 E0.21154 F1700
G1 X130.5112 Y86.0881 Z19.8406 E0.21186 F1700
G1 X131.3290 Y86.4395 Z19.9381 E0.21220 F1700
G1 X132.1374 Y86.8121 Z20.0472 E0.21251 F1700
G1 X132.9357 Y87.2058 Z20.1653 E0.21278 F1700
G1 X133.7234 Y87.6202 Z20.2894 E0.21297 F1700
G1 X134.5000 Y88.0551 Z20.4167 E0.21308 F1700
G1 X135.2650 Y88.5102 Z20.5439 E0.21308 F1700
G1 X136.0177 Y88.9852 Z20.6680 E0.21297 F1700
G1 X136.7578 Y89.4797 Z20.7861 E0.21278 F1700
G1 X137.4847 Y89.9934 Z20.8952 E0.21251 F1700
G1 X138.1979 Y90.5260 Z20.9928 E0.21220 F1700
G1 X138.8969 Y91.0770 Z21.0764 E0.21186 F1700
G1 X139.5812 Y91.6462 Z21.1441 E0.21154 F1700
G1 X140.2504 Y92.2331 Z21.1942 E0.21127 F1700
G1 X140.9041 Y92.8373 Z21.2256 E0.21106 F1700
G1 X141.5416 Y93.4584 Z21.2375 E0.21095 F1700
G1 X142.1627 Y94.0959 Z21.2297 E0.21094 F1700
G1 X142.7669 Y94.7496 Z21.2025 E0.21103 F1700
G1 X143.3538 Y95.4188 Z21.1566 E0.21121 F1700
G1 X143.9230 Y96.1031 Z21.0930 E0.21147 F1700
G1 X144.4740 Y96.8021 Z21.0136 E0.21177 F1700
G1 X145.0066 Y97.5153 Z20.9202 E0.21209 F1700
G1 X145.5203 Y98.2422 Z20.8153 E0.21239 F1700
G1 X146.0148 Y98.9823 Z20.7014 E0.21265 F1700
G1 X146.4898 Y99.7350 Z20.5814 E0.21284 F1700
G1 X146.9449 Y100.5000 Z20.4583 E0.21294 F1700
G1 X147.3798 Y101.2766 Z20.3353 E0.21294 F1700
G1 X147.7942 Y102.0643 Z20.2153 E0.21284 F1700
G1 X148.1879 Y102.8626 Z20.1014 E0.21265 F1700
G1 X148.5605 Y103.6710 Z19.9964 E0.21239 F1700
G1 X148.9119 Y104.4888 Z19.9031 E0.21209 F1700
G1 X149.2417 Y105.3155 Z19.8236 E0.21177 F1700
G1 X149.5498 Y106.1506 Z19.7601 E0.21147 F1700
G1 X149.8359 Y106.9934 Z19.7142 E0.21121 F1700
G1 X150.0999 Y107.8435 Z19.6869 E0.21103 F1700
G1 X150.3415 Y108.7002 Z19.6792 E0.21094 F1700
G1 X150.5606 Y109.5629 Z19.6911 E0.21095 F1700
G1 X150.7570 Y110.4310 Z19.7225 E0.21106 F1700
G1 X150.9307 Y111.3040 Z19.7726 E0.21127 F1700
G1 X151.0814 Y112.1812 Z19.8403 E0.21154 F1700
G1 X151.2091 Y113.0621 Z19.9239 E0.21186 F1700
G1 X151.3137 Y113.9460 Z20.0214 E0.21220 F1700
G1 X151.3952 Y114.8324 Z20.1306 E0.21251 F1700
G1 X151.4534 Y115.7206 Z20.2486 E0.21278 F1700
G1 X151.4883 Y116.6100 Z20.3728 E0.21297 F1700
G1 X151.5000 Y117.5000 Z20.5000 E0.21308 F1700
G1 X151.4883 Y118.3900 Z20.6272 E0.21308 F1700
G1 X151.4534 Y119.2794 Z20.7514 E0.21297 F1700
G1 X151.3952 Y120.1676 Z20.8694 E0.21278 F1700
G1 X151.3137 Y121.0540 Z20.9786 E0.21251 F1700
G1 X151.2091 Y121.9379 Z21.0761 E0.21220 F1700
G1 X151.0814 Y122.8188 Z21.1597 E0.21186 F1700
G1 X150.9307 Y123.6960 Z21.2274 E0.21154 F1700
G1 X150.7570 Y124.5690 Z21.2775 E0.21127 F1700
G1 X150.5606 Y125.4371 Z21.3089 E0.21106 F1700
G1 X150.3415 Y126.2998 Z21.3208 E0.21095 F1700
G1 X150.0999 Y127.1565 Z21.3131 E0.21094 F1700
G1 X149.8359 Y128.0066 Z21.2858 E0.21103 F1700
G1 X149.5498 Y128.8494 Z21.2399 E0.21121 F1700
G1 X149.2417 Y129.6845 Z21.1764 E0.21147 F1700
G1 X148.9119 Y130.5112 Z21.0969 E0.21177 F1700
G1 X148.5605 Y131.3290 Z21.0036 E0.21209 F1700
G1 X148.1879 Y132.1374 Z20.8986 E0.21239 F1700
G1 X147.7942 Y132.9357 Z20.7847 E0.21265 F1700
G1 X147.3798 Y133.7234 Z20.6647 E0.21284 F1700
G1 X146.9449 Y134.5000 Z20.5417 E0.21294 F1700
G1 X146.4898 Y135.2650 Z20.4186 E0.21294 F1700
G1 X146.0148 Y136.0177 Z20.2986 E0.21284 F1700
G1 X145.5203 Y136.7578 Z20.1847 E0.21265 F1700
G1 X145.0066 Y137.4847 Z20.0798 E0.21239 F1700
G1 X144.4740 Y138.1979 Z19.9864 E0.21209 F1700
G1 X143.9230 Y138.8969 Z19.9070 E0.21177 F1700
G1 X143.3538 Y139.5812 Z19.8434 E0.21147 F1700
G1 X142.7669 Y140.2504 Z19.7975 E0.21121 F1700
G1 X142.1627 Y140.9041 Z19.7703 E0.21103 F1700
G1 X141.5416 Y141.5416 Z19.7625 E0.21094 F1700
G1 X140.9041 Y142.1627 Z19.7744 E0.21095 F1700
G1 X140.2504 Y142.7669 Z19.8058 E0.21106 F1700
G1 X139.5812 Y143.3538 Z19.8559 E0.21127 F1700
G1 X138.8969 Y143.9230 Z19.9236 E0.21154 F1700
G1 X138.1979 Y144.4740 Z20.0072 E0.21186 F1700
G1 X137.4847 Y145.0066 Z20.1048 E0.21220 F1700
G1 X136.7578 Y145.5203 Z20.2139 E0.21251 F1700
G1 X136.0177 Y146.0148 Z20.3320 E0.21278 F1700
G1 X135.2650 Y146.4898 Z20.4561 E0.21297 F1700
G1 X134.5000 Y146.9449 Z20.5833 E0.21308 F1700
G1 X133.7234 Y147.3798 Z20.7106 E0.21308 F1700
G1 X132.9357 Y147.7942 Z20.8347 E0.21297 F1700
G1 X132.1374 Y148.1879 Z20.9528 E0.21278 F1700
G1 X131.3290 Y148.5605 Z21.0619 E0.21251 F1700
G1 X130.5112 Y148.9119 Z21.1594 E0.21220 F1700
G1 X129.6845 Y149.2417 Z21.2430 E0.21186 F1700
G1 X128.8494 Y149.5498 Z21.3107 E0.21154 F1700
G1 X128.0066 Y149.8359 Z21.3608 E0.21127 F1700
G1 X127.1565 Y150.0999 Z21.3922 E0.21106 F1700
G1 X126.2998 Y150.3415 Z21.4042 E0.21095 F1700
G1 X125.4371 Y150.5606 Z21.3964 E0.21094 F1700
G1 X124.5690 Y150.7570 Z21.3692 E0.21103 F1700
G1 X123.6960 Y150.9307 Z21.3232 E0.21121 F1700
G1 X122.8188 Y151.0814 Z21.2597 E0.21147 F1700
G1 X121.9379 Y151.2091 Z21.1803 E0.21177 F1700
G1 X121.0540 Y151.3137 Z21.0869 E0.21209 F1700
G1 X120.1676 Y151.3952 Z20.9819 E0.21239 F1700
G1 X119.2794 Y151.4534 Z20.8680 E0.21265 F1700
G1 X118.3900 Y151.4883 Z20.7481 E0.21284 F1700
G1 X117.5000 Y151.5000 Z20.6250 E0.21294 F1700
G1 X116.6100 Y151.4883 Z20.5019 E0.21294 F1700
G1 X115.7206 Y151.4534 Z20.3820 E0.21284 F1700
G1 X114.8324 Y151.3952 Z20.2681 E0.21265 F1700
G1 X113.9460 Y151.3137 Z20.1631 E0.21239 F1700
G1 X113.0621 Y151.2091 Z20.0697 E0.21209 F1700
G1 X112.1812 Y151.0814 Z19.9903 E0.21177 F1700
G1 X111.3040 Y150.9307 Z19.9268 E0.21147 F1700
G1 X110.4310 Y150.7570 Z19.8808 E0.21121 F1700
G1 X109.5629 Y150.5606 Z19.8536 E0.21103 F1700
G1 X108.7002 Y150.3415 Z19.8458 E0.21094 F1700
G1 X107.8435 Y150.0999 Z19.8578 E0.21095 F1700
G1 X106.9934 Y149.8359 Z19.8892 E0.21106 F1700
G1 X106.1506 Y149.5498 Z19.9393 E0.21127 F1700
G1 X105.3155 Y149.2417 Z20.0070 E0.21154 F1700
G1 X104.4888 Y148.9119 Z20.0906 E0.21186 F1700
G1 X103.6710 Y148.5605 Z20.1881 E0.21220 F1700
G1 X102.8626 Y148.1879 Z20.2972 E0.21251 F1700
G1 X102.0643 Y147.7942 Z20.4153 E0.21278 F1700
G1 X101.2766 Y147.3798 Z20.5394 E0.21297 F1700
G1 X100.5000 Y146.9449 Z20.6667 E0.21308 F1700
G1 X99.7350 Y146.4898 Z20.7939 E0.21308 F1700
G1 X98.9823 Y146.0148 Z20.9180 E0.21297 F1700
G1 X98.2422 Y145.5203 Z21.0361 E0.21278 F1700
G1 X97.5153 Y145.0066 Z21.1452 E0.21251 F1700
G1 X96.8021 Y144.4740 Z21.2428 E0.21220 F1700
G1 X96.1031 Y143.9230 Z21.3264 E0.21186 F1700
G1 X95.4188 Y143.3538 Z21.3941 E0.21154 F1700
G1 X94.7496 Y142.7669 Z21.4442 E0.21127 F1700
G1 X94.0959 Y142.1627 Z21.4756 E0.21106 F1700
G1 X93.4584 Y141.5416 Z21.4875 E0.21095 F1700
G1 X92.8373 Y140.9041 Z21.4797 E0.21094 F1700
G1 X92.2331 Y140.2504 Z21.4525 E0.21103 F1700
G1 X91.6462 Y139.5812 Z21.4066 E0.21121 F1700
G1 X91.0770 Y138.8969 Z21.3430 E0.21147 F1700
G1 X90.5260 Y138.1979 Z21.2636 E0.21177 F1700
G1 X89.9934 Y137.4847 Z21.1702 E0.21209 F1700
G1 X89.4797 Y136.7578 Z21.0653 E0.21239 F1700
G1 X88.9852 Y136.0177 Z20.9514 E0.21265 F1700
G1 X88.5102 Y135.2650 Z20.8314 E0.21284 F1700
G1 X88.0551 Y134.5000 Z20.7083 E0.21294 F1700
G1 X87.6202 Y133.7234 Z20.5853 E0.21294 F1700
G1 X87.2058 Y132.9357 Z20.4653 E0.21284 F1700
G1 X86.8121 Y132.1374 Z20.3514 E0.21265 F1700
G1 X86.4395 Y131.3290 Z20.2464 E0.21239 F1700
G1 X86.0881 Y130.5112 Z20.1531 E0.21209 F1700
G1 X85.7583 Y129.6845 Z20.0736 E0.21177 F1700
G1 X85.4502 Y128.8494 Z20.0101 E0.21147 F1700
G1 X85.1641 Y128.0066 Z19.9642 E0.21121 F1700
G1 X84.9001 Y127.1565 Z19.9369 E0.21103 F1700
G1 X84.6585 Y126.2998 Z19.9292 E0.21094 F1700
G1 X84.4394 Y125.4371 Z19.9411 E0.21095 F1700
G1 X84.2430 Y124.5690 Z19.9725 E0.21106 F1700
G1 X84.0693 Y123.6960 Z20.0226 E0.21127 F1700
G1 X83.9186 Y122.8188 Z20.0903 E0.21154 F1700
G1 X83.7909 Y121.9379 Z20.1739 E0.21186 F1700
G1 X83.6863 Y121.0540 Z20.2714 E0.21220 F1700
G1 X83.6048 Y120.1676 Z20.3806 E0.21251 F1700
G1 X83.5466 Y119.2794 Z20.4986 E0.21278 F1700
G1 X83.5117 Y118.3900 Z20.6228 E0.21297 F1700
G1 X83.5000 Y117.5000 Z20.7500 E0.21308 F1700
G1 X83.5117 Y116.6100 Z20.8772 E0.21308 F1700
G1 X83.5466 Y115.7206 Z21.0014 E0.21297 F1700
G1 X83.6048 Y114.8324 Z21.1194 E0.21278 F1700
G1 X83.6863 Y113.9460 Z21.2286 E0.21251 F1700
G1 X83.7909 Y113.0621 Z21.3261 E0.21220 F1700
G1 X83.9186 Y112.1812 Z21.4097 E0.21186 F1700
G1 X84.0693 Y111.3040 Z21.4774 E0.21154 F1700
G1 X84.2430 Y110.4310 Z21.5275 E0.21127 F1700
G1 X84.4394 Y109.5629 Z21.5589 E0.21106 F1700
G1 X84.6585 Y108.7002 Z21.5708 E0.21095 F1700
G1 X84.9001 Y107.8435 Z21.5631 E0.21094 F1700
G1 X85.1641 Y106.9934 Z21.5358 E0.21103 F1700
G1 X85.4502 Y106.1506 Z21.4899 E0.21121 F1700
G1 X85.7583 Y105.3155 Z21.4264 E0.21147 F1700
G1 X86.0881 Y104.4888 Z21.3469 E0.21177 F1700
G1 X86.4395 Y103.6710 Z21.2536 E0.21209 F1700
G1 X86.8121 Y102.8626 Z21.1486 E0.21239 F1700
G1 X87.2058 Y102.0643 Z21.0347 E0.21265 F1700
G1 X87.6202 Y101.2766 Z20.9147 E0.21284 F1700
G1 X88.0551 Y100.5000 Z20.7917 E0.21294 F1700
G1 X88.5102 Y99.7350 Z20.6686 E0.21294 F1700
G1 X88.9852 Y98.9823 Z20.5486 E0.21284 F1700
G1 X89.4797 Y98.2422 Z20.4347 E0.21265 F1700
G1 X89.9934 Y97.5153 Z20.3298 E0.21239 F1700
G1 X90.5260 Y96.8021 Z20.2364 E0.21209 F1700
G1 X91.0770 Y96.1031 Z20.1570 E0.21177 F1700
G1 X91.6462 Y95.4188 Z20.0934 E0.21147 F1700
G1 X92.2331 Y94.7496 Z20.0475 E0.21121 F1700
G1 X92.8373 Y94.0959 Z20.0203 E0.21103 F1700
G1 X93.4584 Y93.4584 Z20.0125 E0.21094 F1700
G1 X94.0959 Y92.8373 Z20.0244 E0.21095 F1700
G1 X94.7496 Y92.2331 Z20.0558 E0.21106 F1700
G1 X95.4188 Y91.6462 Z20.1059 E0.21127 F1700
G1 X96.1031 Y91.0770 Z20.1736 E0.21154 F1700
G1 X96.8021 Y90.5260 Z20.2572 E0.21186 F1700
G1 X97.5153 Y89.9934 Z20.3548 E0.21220 F1700
G1 X98.2422 Y89.4797 Z20.4639 E0.21251 F1700
G1 X98.9823 Y88.9852 Z20.5820 E0.21278 F1700
G1 X99.7350 Y88.5102 Z20.7061 E0.21297 F1700
G1 X100.5000 Y88.0551 Z20.8333 E0.21308 F1700
G1 X101.2766 Y87.6202 Z20.9606 E0.21308 F1700
G1 X102.0643 Y87.2058 Z21.0847 E0.21297 F1700
G1 X102.8626 Y86.8121 Z21.2028 E0.21278 F1700
G1 X103.6710 Y86.4395 Z21.3119 E0.21251 F1700
G1 X104.4888 Y86.0881 Z21.4094 E0.21220 F1700
G1 X105.3155 Y85.7583 Z21.4930 E0.21186 F1700
G1 X106.1506 Y85.4502 Z21.5607 E0.21154 F1700
G1 X106.9934 Y85.1641 Z21.6108 E0.21127 F1700
G1 X107.8435 Y84.9001 Z21.6422 E0.21106 F1700
G1 X108.7002 Y84.6585 Z21.6542 E0.21095 F1700
G1 X109.5629 Y84.4394 Z21.6464 E0.21094 F1700
G1 X110.4310 Y84.2430 Z21.6192 E0.21103 F1700
G1 X111.3040 Y84.0693 Z21.5732 E0.21121 F1700
G1 X112.1812 Y83.9186 Z21.5097 E0.21147 F1700
G1 X113.0621 Y83.7909 Z21.4303 E0.21177 F1700
G1 X113.9460 Y83.6863 Z21.3369 E0.21209 F1700
G1 X114.8324 Y83.6048 Z21.2319 E0.21239 F1700
G1 X115.7206 Y83.5466 Z21.1180 E0.21265 F1700
G1 X116.6100 Y83.5117 Z20.9981 E0.21284 F1700
G1 X117.5000 Y83.5000 Z20.8750 E0.21294 F1700
G1 X118.3900 Y83.5117 Z20.7519 E0.21294 F1700
G1 X119.2794 Y83.5466 Z20.6320 E0.21284 F1700
G1 X120.1676 Y83.6048 Z20.5181 E0.21265 F1700
G1 X121.0540 Y83.6863 Z20.4131 E0.21239 F1700
G1 X121.9379 Y83.7909 Z20.3197 E0.21209 F1700
G1 X122.8188 Y83.9186 Z20.2403 E0.21177 F1700
G1 X123.6960 Y84.0693 Z20.1768 E0.21147 F1700
G1 X124.5690 Y84.2430 Z20.1308 E0.21121 F1700
G1 X125.4371 Y84.4394 Z20.1036 E0.21103 F1700
G1 X126.2998 Y84.6585 Z20.0958 E0.21094 F1700
G1 X127.1565 Y84.9001 Z20.1078 E0.21095 F1700
G1 X128.0066 Y85.1641 Z20.1392 E0.21106 F1700
G1 X128.8494 Y85.4502 Z20.1893 E0.21127 F1700
G1 X129.6845 Y85.7583 Z20.2570 E0.21154 F1700
G1 X130.5112 Y86.0881 Z20.3406 E0.21186 F1700
G1 X131.3290 Y86.4395 Z20.4381 E0.21220 F1700
G1 X132.1374 Y86.8121 Z20.5472 E0.21251 F1700
G1 X132.9357 Y87.2058 Z20.6653 E0.21278 F1700
G1 X133.7234 Y87.6202 Z20.7894 E0.21297 F1700
G1 X134.5000 Y88.0551 Z20.9167 E0.21308 F1700
G1 X135.2650 Y88.5102 Z21.0439 E0.21308 F1700
G1 X136.0177 Y88.9852 Z21.1680 E0.21297 F1700
G1 X136.7578 Y89.4797 Z21.2861 E0.21278 F1700
G1 X137.4847 Y89.9934 Z21.3952 E0.21251 F1700
G1 X138.1979 Y90.5260 Z21.4928 E0.21220 F1700
G1 X138.8969 Y91.0770 Z21.5764 E0.21186 F1700
G1 X139.5812 Y91.6462 Z21.6441 E0.21154 F1700
G1 X140.2504 Y92.2331 Z21.6942 E0.21127 F1700
G1 X140.9041 Y92.8373 Z21.7256 E0.21106 F1700
G1 X141.5416 Y93.4584 Z21.7375 E0.21095 F1700
G1 X142.1627 Y94.0959 Z21.7297 E0.21094 F1700
G1 X142.7669 Y94.7496 Z21.7025 E0.21103 F1700
G1 X143.3538 Y95.4188 Z21.6566 E0.21121 F1700
G1 X143.9230 Y96.1031 Z21.5930 E0.21147 F1700
G1 X144.4740 Y96.8021 Z21.5136 E0.21177 F1700
G1 X145.0066 Y97.5153 Z21.4202 E0.21209 F1700
G1 X145.5203 Y98.2422 Z21.3153 E0.21239 F1700
G1 X146.0148 Y98.9823 Z21.2014 E0.21265 F1700
G1 X146.4898 Y99.7350 Z21.0814 E0.21284 F1700
G1 X146.9449 Y100.5000 Z20.9583 E0.21294 F1700
G1 X147.3798 Y101.2766 Z20.8353 E0.21294 F1700
G1 X147.7942 Y102.0643 Z20.7153 E0.21284 F1700
G1 X148.1879 Y102.8626 Z20.6014 E0.21265 F1700
G1 X148.5605 Y103.6710 Z20.4964 E0.21239 F1700
G1 X148.9119 Y104.4888 Z20.4031 E0.21209 F1700
G1 X149.2417 Y105.3155 Z20.3236 E0.21177 F1700
G1 X149.5498 Y106.1506 Z20.2601 E0.21147 F1700
G1 X149.8359 Y106.9934 Z20.2142 E0.21121 F1700
G1 X150.0999 Y107.8435 Z20.1869 E0.21103 F1700
G1 X150.3415 Y108.7002 Z20.1792 E0.21094 F1700
G1 X150.5606 Y109.5629 Z20.1911 E0.21095 F1700
G1 X150.7570 Y110.4310 Z20.2225 E0.21106 F1700
G1 X150.9307 Y111.3040 Z20.2726 E0.21127 F1700
G1 X151.0814 Y112.1812 Z20.3403 E0.21154 F1700
G1 X151.2091 Y113.0621 Z20.4239 E0.21186 F1700
G1 X151.3137 Y113.9460 Z20.5214 E0.21220 F1700
G1 X151.3952 Y114.8324 Z20.6306 E0.21251 F1700
G1 X151.4534 Y115.7206 Z20.7486 E0.21278 F1700
G1 X151.4883 Y116.6100 Z20.8728 E0.21297 F1700
G1 X151.5000 Y117.5000 Z21.0000 E0.21308 F1700
G1 X151.4883 Y118.3900 Z21.1272 E0.21308 F1700
G1 X151.4534 Y119.2794 Z21.2514 E0.21297 F1700
G1 X151.3952 Y120.1676 Z21.3694 E0.21278 F1700
G1 X151.3137 Y121.0540 Z21.4786 E0.21251 F1700
G1 X151.2091 Y121.9379 Z21.5761 E0.21220 F1700
G1 X151.0814 Y122.8188 Z21.6597 E0.21186 F1700
G1 X150.9307 Y123.6960 Z21.7274 E0.21154 F1700
G1 X150.7570 Y124.5690 Z21.7775 E0.21127 F1700
G1 X150.5606 Y125.4371 Z21.8089 E0.21106 F1700
G1 X150.3415 Y126.2998 Z21.8208 E0.21095 F1700
G1 X150.0999 Y127.1565 Z21.8131 E0.21094 F1700
G1 X149.8359 Y128.0066 Z21.7858 E0.21103 F1700
G1 X149.5498 Y128.8494 Z21.7399 E0.21121 F1700
G1 X149.2417 Y129.6845 Z21.6764 E0.21147 F1700
G1 X148.9119 Y130.5112 Z21.5969 E0.21177 F1700
G1 X148.5605 Y131.3290 Z21.5036 E0.21209 F1700
G1 X148.1879 Y132.1374 Z21.3986 E0.21239 F1700
G1 X147.7942 Y132.9357 Z21.2847 E0.21265 F1700
G1 X147.3798 Y133.7234 Z21.1647 E0.21284 F1700
G1 X146.9449 Y134.5000 Z21.0417 E0.21294 F1700
G1 X146.4898 Y135.2650 Z20.9186 E0.21294 F1700
G1 X146.0148 Y136.0177 Z20.7986 E0.21284 F1700
G1 X145.5203 Y136.7578 Z20.6847 E0.21265 F1700
G1 X145.0066 Y137.4847 Z20.5798 E0.21239 F1700
G1 X144.4740 Y138.1979 Z20.4864 E0.21209 F1700
G1 X143.9230 Y138.8969 Z20.4070 E0.21177 F1700
G1 X143.3538 Y139.5812 Z20.3434 E0.21147 F1700
G1 X142.7669 Y140.2504 Z20.2975 E0.21121 F1700
G1 X142.1627 Y140.9041 Z20.2703 E0.21103 F1700
G1 X141.5416 Y141.5416 Z20.2625 E0.21094 F1700
G1 X140.9041 Y142.1627 Z20.2744 E0.21095 F1700
G1 X140.2504 Y142.7669 Z20.3058 E0.21106 F1700
G1 X139.5812 Y143.3538 Z20.3559 E0.21127 F1700
G1 X138.8969 Y143.9230 Z20.4236 E0.21154 F1700
G1 X138.1979 Y144.4740 Z20.5072 E0.21186 F1700
G1 X137.4847 Y145.0066 Z20.6048 E0.21220 F1700
G1 X136.7578 Y145.5203 Z20.7139 E0.21251 F1700
G1 X136.0177 Y146.0148 Z20.8320 E0.21278 F1700
G1 X135.2650 Y146.4898 Z20.9561 E0.21297 F1700
G1 X134.5000 Y146.9449 Z21.0833 E0.21308 F1700
G1 X133.7234 Y147.3798 Z21.2106 E0.21308 F1700
G1 X132.9357 Y147.7942 Z21.3347 E0.21297 F1700
G1 X132.1374 Y148.1879 Z21.4528 E0.21278 F1700
G1 X131.3290 Y148.5605 Z21.5619 E0.21251 F1700
G1 X130.5112 Y148.9119 Z21.6594 E0.21220 F1700
G1 X129.6845 Y149.2417 Z21.7430 E0.21186 F1700
G1 X128.8494 Y149.5498 Z21.8107 E0.21154 F1700
G1 X128.0066 Y149.8359 Z21.8608 E0.21127 F1700
G1 X127.1565 Y150.0999 Z21.8922 E0.21106 F1700
G1 X126.2998 Y150.3415 Z21.9042 E0.21095 F1700
G1 X125.4371 Y150.5606 Z21.8964 E0.21094 F1700
G1 X124.5690 Y150.7570 Z21.8692 E0.21103 F1700
G1 X123.6960 Y150.9307 Z21.8232 E0.21121 F1700
G1 X122.8188 Y151.0814 Z21.7597 E0.21147 F1700
G1 X121.9379 Y151.2091 Z21.6803 E0.21177 F1700
G1 X121.0540 Y151.3137 Z21.5869 E0.21209 F1700
G1 X120.1676 Y151.3952 Z21.4819 E0.21239 F1700
G1 X119.2794 Y151.4534 Z21.3680 E0.21265 F1700
G1 X118.3900 Y151.4883 Z21.2481 E0.21284 F1700
G1 X117.5000 Y151.5000 Z21.1250 E0.21294 F1700
G1 X116.6100 Y151.4883 Z21.0019 E0.21294 F1700
G1 X115.7206 Y151.4534 Z20.8820 E0.21284 F1700
G1 X114.8324 Y151.3952 Z20.7681 E0.21265 F1700
G1 X113.9460 Y151.3137 Z20.6631 E0.21239 F1700
G1 X113.0621 Y151.2091 Z20.5697 E0.21209 F1700
G1 X112.1812 Y151.0814 Z20.4903 E0.21177 F1700
G1 X111.3040 Y150.9307 Z20.4268 E0.21147 F1700
G1 X110.4310 Y150.7570 Z20.3808 E0.21121 F1700
G1 X109.5629 Y150.5606 Z20.3536 E0.21103 F1700
G1 X108.7002 Y150.3415 Z20.3458 E0.21094 F1700
G1 X107.8435 Y150.0999 Z20.3578 E0.21095 F1700
G1 X106.9934 Y149.8359 Z20.3892 E0.21106 F1700
G1 X106.1506 Y149.5498 Z20.4393 E0.21127 F1700
G1 X105.3155 Y149.2417 Z20.5070 E0.21154 F1700
G1 X104.4888 Y148.9119 Z20.5906 E0.21186 F1700
G1 X103.6710 Y148.5605 Z20.6881 E0.21220 F1700
G1 X102.8626 Y148.1879 Z20.7972 E0.21251 F1700
G1 X102.0643 Y147.7942 Z20.9153 E0.21278 F1700
G1 X101.2766 Y147.3798 Z21.0394 E0.21297 F1700
G1 X100.5000 Y146.9449 Z21.1667 E0.21308 F1700
G1 X99.7350 Y146.4898 Z21.2939 E0.21308 F1700
G1 X98.9823 Y146.0148 Z21.4180 E0.21297 F1700
G1 X98.2422 Y145.5203 Z21.5361 E0.21278 F1700
G1 X97.5153 Y145.0066 Z21.6452 E0.21251 F1700
G1 X96.8021 Y144.4740 Z21.7428 E0.21220 F1700
G1 X96.1031 Y143.9230 Z21.8264 E0.21186 F1700
G1 X95.4188 Y143.3538 Z21.8941 E0.21154 F1700
G1 X94.7496 Y142.7669 Z21.9442 E0.21127 F1700
G1 X94.0959 Y142.1627 Z21.9756 E0.21106 F1700
G1 X93.4584 Y141.5416 Z21.9875 E0.21095 F1700
G1 X92.8373 Y140.9041 Z21.9797 E0.21094 F1700
G1 X92.2331 Y140.2504 Z21.9525 E0.21103 F1700
G1 X91.6462 Y139.5812 Z21.9066 E0.21121 F1700
G1 X91.0770 Y138.8969 Z21.8430 E0.21147 F1700
G1 X90.5260 Y138.1979 Z21.7636 E0.21177 F1700
G1 X89.9934 Y137.4847 Z21.6702 E0.21209 F1700
G1 X89.4797 Y136.7578 Z21.5653 E0.21239 F1700
G1 X88.9852 Y136.0177 Z21.4514 E0.21265 F1700
G1 X88.5102 Y135.2650 Z21.3314 E0.21284 F1700
G1 X88.0551 Y134.5000 Z21.2083 E0.21294 F1700
G1 X87.6202 Y133.7234 Z21.0853 E0.21294 F1700
G1 X87.2058 Y132.9357 Z20.9653 E0.21284 F1700
G1 X86.8121 Y132.1374 Z20.8514 E0.21265 F1700
G1 X86.4395 Y131.3290 Z20.7464 E0.21239 F1700
G1 X86.0881 Y130.5112 Z20.6531 E0.21209 F1700
G1 X85.7583 Y129.6845 Z20.5736 E0.21177 F1700
G1 X85.4502 Y128.8494 Z20.5101 E0.21147 F1700
G1 X85.1641 Y128.0066 Z20.4642 E0.21121 F1700
G1 X84.9001 Y127.1565 Z20.4369 E0.21103 F1700
G1 X84.6585 Y126.2998 Z20.4292 E0.21094 F1700
G1 X84.4394 Y125.4371 Z20.4411 E0.21095 F1700
G1 X84.2430 Y124.5690 Z20.4725 E0.21106 F1700
G1 X84.0693 Y123.6960 Z20.5226 E0.21127 F1700
G1 X83.9186 Y122.8188 Z20.5903 E0.21154 F1700
G1 X83.7909 Y121.9379 Z20.6739 E0.21186 F1700
G1 X83.6863 Y121.0540 Z20.7714 E0.21220 F1700
G1 X83.6048 Y120.1676 Z20.8806 E0.21251 F1700
G1 X83.5466 Y119.2794 Z20.9986 E0.21278 F1700
G1 X83.5117 Y118.3900 Z21.1228 E0.21297 F1700
G1 X83.5000 Y117.5000 Z21.2500 E0.21308 F1700
G1 X83.5117 Y116.6100 Z21.3772 E0.21308 F1700
G1 X83.5466 Y115.7206 Z21.5014 E0.21297 F1700
G1 X83.6048 Y114.8324 Z21.6194 E0.21278 F1700
G1 X83.6863 Y113.9460 Z21.7286 E0.21251 F1700
G1 X83.7909 Y113.0621 Z21.8261 E0.21220 F1700
G1 X83.9186 Y112.1812 Z21.9097 E0.21186 F1700
G1 X84.0693 Y111.3040 Z21.9774 E0.21154 F1700
G1 X84.2430 Y110.4310 Z22.0275 E0.21127 F1700
G1 X84.4394 Y109.5629 Z22.0589 E0.21106 F1700
G1 X84.6585 Y108.7002 Z22.0708 E0.21095 F1700
G1 X84.9001 Y107.8435 Z22.0631 E0.21094 F1700
G1 X85.1641 Y106.9934 Z22.0358 E0.21103 F1700
G1 X85.4502 Y106.1506 Z21.9899 E0.21121 F1700
G1 X85.7583 Y105.3155 Z21.9264 E0.21147 F1700
G1 X86.0881 Y104.4888 Z21.8469 E0.21177 F1700
G1 X86.4395 Y103.6710 Z21.7536 E0.21209 F1700
G1 X86.8121 Y102.8626 Z21.6486 E0.21239 F1700
G1 X87.2058 Y102.0643 Z21.5347 E0.21265 F1700
G1 X87.6202 Y101.2766 Z21.4147 E0.21284 F1700
G1 X88.0551 Y100.5000 Z21.2917 E0.21294 F1700
G1 X88.5102 Y99.7350 Z21.1686 E0.21294 F1700
G1 X88.9852 Y98.9823 Z21.0486 E0.21284 F1700
G1 X89.4797 Y98.2422 Z20.9347 E0.21265 F1700
G1 X89.9934 Y97.5153 Z20.8298 E0.21239 F1700
G1 X90.5260 Y96.8021 Z20.7364 E0.21209 F1700
G1 X91.0770 Y96.1031 Z20.6570 E0.21177 F1700
G1 X91.6462 Y95.4188 Z20.5934 E0.21147 F1700
G1 X92.2331 Y94.7496 Z20.5475 E0.21121 F1700
G1 X92.8373 Y94.0959 Z20.5203 E0.21103 F1700
G1 X93.4584 Y93.4584 Z20.5125 E0.21094 F1700
G1 X94.0959 Y92.8373 Z20.5244 E0.21095 F1700
G1 X94.7496 Y92.2331 Z20.5558 E0.21106 F1700
G1 X95.4188 Y91.6462 Z20.6059 E0.21127 F1700
G1 X96.1031 Y91.0770 Z20.6736 E0.21154 F1700
G1 X96.8021 Y90.5260 Z20.7572 E0.21186 F1700
G1 X97.5153 Y89.9934 Z20.8548 E0.21220 F1700
G1 X98.2422 Y89.4797 Z20.9639 E0.21251 F1700
G1 X98.9823 Y88.9852 Z21.0820 E0.21278 F1700
G1 X99.7350 Y88.5102 Z21.2061 E0.21297 F1700
G1 X100.5000 Y88.0551 Z21.3333 E0.21308 F1700
G1 X101.2766 Y87.6202 Z21.4606 E0.21308 F1700
G1 X102.0643 Y87.2058 Z21.5847 E0.21297 F1700
G1 X102.8626 Y86.8121 Z21.7028 E0.21278 F1700
G1 X103.6710 Y86.4395 Z21.8119 E0.21251 F1700
G1 X104.4888 Y86.0881 Z21.9094 E0.21220 F1700
G1 X105.3155 Y85.7583 Z21.9930 E0.21186 F1700
G1 X106.1506 Y85.4502 Z22.0607 E0.21154 F1700
G1 X106.9934 Y85.1641 Z22.1108 E0.21127 F1700
G1 X107.8435 Y84.9001 Z22.1422 E0.21106 F1700
G1 X108.7002 Y84.6585 Z22.1542 E0.21095 F1700
G1 X109.5629 Y84.4394 Z22.1464 E0.21094 F1700
G1 X110.4310 Y84.2430 Z22.1192 E0.21103 F1700
G1 X111.3040 Y84.0693 Z22.0732 E0.21121 F1700
G1 X112.1812 Y83.9186 Z22.0097 E0.21147 F1700
G1 X113.0621 Y83.7909 Z21.9303 E0.21177 F1700
G1 X113.9460 Y83.6863 Z21.8369 E0.21209 F1700
G1 X114.8324 Y83.6048 Z21.7319 E0.21239 F1700
G1 X115.7206 Y83.5466 Z21.6180 E0.21265 F1700
G1 X116.6100 Y83.5117 Z21.4981 E0.21284 F1700
G1 X117.5000 Y83.5000 Z21.3750 E0.21294 F1700
G1 X118.3900 Y83.5117 Z21.2519 E0.21294 F1700
G1 X119.2794 Y83.5466 Z21.1320 E0.21284 F1700
G1 X120.1676 Y83.6048 Z21.0181 E0.21265 F1700
G1 X121.0540 Y83.6863 Z20.9131 E0.21239 F1700
G1 X121.9379 Y83.7909 Z20.8197 E0.21209 F1700
G1 X122.8188 Y83.9186 Z20.7403 E0.21177 F1700
G1 X123.6960 Y84.0693 Z20.6768 E0.21147 F1700
G1 X124.5690 Y84.2430 Z20.6308 E0.21121 F1700
G1 X125.4371 Y84.4394 Z20.6036 E0.21103 F1700
G1 X126.2998 Y84.6585 Z20.5958 E0.21094 F1700
G1 X127.1565 Y84.9001 Z20.6078 E0.21095 F1700
G1 X128.0066 Y85.1641 Z20.6392 E0.21106 F1700
G1 X128.8494 Y85.4502 Z20.6893 E0.21127 F1700
G1 X129.6845 Y85.7583 Z20.7570 E0.21154 F1700
G1 X130.5112 Y86.0881 Z20.8406 E0.21186 F1700
G1 X131.3290 Y86.4395 Z20.9381 E0.21220 F1700
G1 X132.1374 Y86.8121 Z21.0472 E0.21251 F1700
G1 X132.9357 Y87.2058 Z21.1653 E0.21278 F1700
G1 X133.7234 Y87.6202 Z21.2894 E0.21297 F1700
G1 X134.5000 Y88.0551 Z21.4167 E0.21308 F1700
G1 X135.2650 Y88.5102 Z21.5439 E0.21308 F1700
G1 X136.0177 Y88.9852 Z21.6680 E0.21297 F1700
G1 X136.7578 Y89.4797 Z21.7861 E0.21278 F1700
G1 X137.4847 Y89.9934 Z21.8952 E0.21251 F1700
G1 X138.1979 Y90.5260 Z21.9928 E0.21220 F1700
G1 X138.8969 Y91.0770 Z22.0764 E0.21186 F1700
G1 X139.5812 Y91.6462 Z22.1441 E0.21154 F1700
G1 X140.2504 Y92.2331 Z22.1942 E0.21127 F1700
G1 X140.9041 Y92.8373 Z22.2256 E0.21106 F1700
G1 X141.5416 Y93.4584 Z22.2375 E0.21095 F1700
G1 X142.1627 Y94.0959 Z22.2297 E0.21094 F1700
G1 X142.7669 Y94.7496 Z22.2025 E0.21103 F1700
G1 X143.3538 Y95.4188 Z22.1566 E0.21121 F1700
G1 X143.9230 Y96.1031 Z22.0930 E0.21147 F1700
G1 X144.4740 Y96.8021 Z22.0136 E0.21177 F1700
G1 X145.0066 Y97.5153 Z21.9202 E0.21209 F1700
G1 X145.5203 Y98.2422 Z21.8153 E0.21239 F1700
G1 X146.0148 Y98.9823 Z21.7014 E0.21265 F1700
G1 X146.4898 Y99.7350 Z21.5814 E0.21284 F1700
G1 X146.9449 Y100.5000 Z21.4583 E0.21294 F1700
G1 X147.3798 Y101.2766 Z21.3353 E0.21294 F1700
G1 X147.7942 Y102.0643 Z21.2153 E0.21284 F1700
G1 X148.1879 Y102.8626 Z21.1014 E0.21265 F1700
G1 X148.5605 Y103.6710 Z20.9964 E0.21239 F1700
G1 X148.9119 Y104.4888 Z20.9031 E0.21209 F1700
G1 X149.2417 Y105.3155 Z20.8236 E0.21177 F1700
G1 X149.5498 Y106.1506 Z20.7601 E0.21147 F1700
G1 X149.8359 Y106.9934 Z20.7142 E0.21121 F1700
G1 X150.0999 Y107.8435 Z20.6869 E0.21103 F1700
G1 X150.3415 Y108.7002 Z20.6792 E0.21094 F1700
G1 X150.5606 Y109.5629 Z20.6911 E0.21095 F1700
G1 X150.7570 Y110.4310 Z20.7225 E0.21106 F1700
G1 X150.9307 Y111.3040 Z20.7726 E0.21127 F1700
G1 X151.0814 Y112.1812 Z20.8403 E0.21154 F1700
G1 X151.2091 Y113.0621 Z20.9239 E0.21186 F1700
G1 X151.3137 Y113.9460 Z21.0214 E0.21220 F1700
G1 X151.3952 Y114.8324 Z21.1306 E0.21251 F1700
G1 X151.4534 Y115.7206 Z21.2486 E0.21278 F1700
G1 X151.4883 Y116.6100 Z21.3728 E0.21297 F1700
G1 X151.5000 Y117.5000 Z21.5000 E0.21308 F1700
G1 X151.4883 Y118.3900 Z21.6272 E0.21308 F1700
G1 X151.4534 Y119.2794 Z21.7514 E0.21297 F1700
G1 X151.3952 Y120.1676 Z21.8694 E0.21278 F1700
G1 X151.3137 Y121.0540 Z21.9786 E0.21251 F1700
G1 X151.2091 Y121.9379 Z22.0761 E0.21220 F1700
G1 X151.0814 Y122.8188 Z22.1597 E0.21186 F1700
G1 X150.9307 Y123.6960 Z22.2274 E0.21154 F1700
G1 X150.7570 Y124.5690 Z22.2775 E0.21127 F1700
G1 X150.5606 Y125.4371 Z22.3089 E0.21106 F1700
G1 X150.3415 Y126.2998 Z22.3208 E0.21095 F1700
G1 X150.0999 Y127.1565 Z22.3131 E0.21094 F1700
G1 X149.8359 Y128.0066 Z22.2858 E0.21103 F1700
G1 X149.5498 Y128.8494 Z22.2399 E0.21121 F1700
G1 X149.2417 Y129.6845 Z22.1764 E0.21147 F1700
G1 X148.9119 Y130.5112 Z22.0969 E0.21177 F1700
G1 X148.5605 Y131.3290 Z22.0036 E0.21209 F1700
G1 X148.1879 Y132.1374 Z21.8986 E0.21239 F1700
G1 X147.7942 Y132.9357 Z21.7847 E0.21265 F1700
G1 X147.3798 Y133.7234 Z21.6647 E0.21284 F1700
G1 X146.9449 Y134.5000 Z21.5417 E0.21294 F1700
G1 X146.4898 Y135.2650 Z21.4186 E0.21294 F1700
G1 X146.0148 Y136.0177 Z21.2986 E0.21284 F1700
G1 X145.5203 Y136.7578 Z21.1847 E0.21265 F1700
G1 X145.0066 Y137.4847 Z21.0798 E0.21239 F1700
G1 X144.4740 Y138.1979 Z20.9864 E0.21209 F1700
G1 X143.9230 Y138.8969 Z20.9070 E0.21177 F1700
G1 X143.3538 Y139.5812 Z20.8434 E0.21147 F1700
G1 X142.7669 Y140.2504 Z20.7975 E0.21121 F1700
G1 X142.1627 Y140.9041 Z20.7703 E0.21103 F1700
G1 X141.5416 Y141.5416 Z20.7625 E0.21094 F1700
G1 X140.9041 Y142.1627 Z20.7744 E0.21095 F1700
G1 X140.2504 Y142.7669 Z20.8058 E0.21106 F1700
G1 X139.5812 Y143.3538 Z20.8559 E0.21127 F1700
G1 X138.8969 Y143.9230 Z20.9236 E0.21154 F1700
G1 X138.1979 Y144.4740 Z21.0072 E0.21186 F1700
G1 X137.4847 Y145.0066 Z21.1048 E0.21220 F1700
G1 X136.7578 Y145.5203 Z21.2139 E0.21251 F1700
G1 X136.0177 Y146.0148 Z21.3320 E0.21278 F1700
G1 X135.2650 Y146.4898 Z21.4561 E0.21297 F1700
G1 X134.5000 Y146.9449 Z21.5833 E0.21308 F1700
G1 X133.7234 Y147.3798 Z21.7106 E0.21308 F1700
G1 X132.9357 Y147.7942 Z21.8347 E0.21297 F1700
G1 X132.1374 Y148.1879 Z21.9528 E0.21278 F1700
G1 X131.3290 Y148.5605 Z22.0619 E0.21251 F1700
G1 X130.5112 Y148.9119 Z22.1594 E0.21220 F1700
G1 X129.6845 Y149.2417 Z22.2430 E0.21186 F1700
G1 X128.8494 Y149.5498 Z22.3107 E0.21154 F1700
G1 X128.0066 Y149.8359 Z22.3608 E0.21127 F1700
G1 X127.1565 Y150.0999 Z22.3922 E0.21106 F1700
G1 X126.2998 Y150.3415 Z22.4042 E0.21095 F1700
G1 X125.4371 Y150.5606 Z22.3964 E0.21094 F1700
G1 X124.5690 Y150.7570 Z22.3692 E0.21103 F1700
G1 X123.6960 Y150.9307 Z22.3232 E0.21121 F1700
G1 X122.8188 Y151.0814 Z22.2597 E0.21147 F1700
G1 X121.9379 Y151.2091 Z22.1803 E0.21177 F1700
G1 X121.0540 Y151.3137 Z22.0869 E0.21209 F1700
G1 X120.1676 Y151.3952 Z21.9819 E0.21239 F1700
G1 X119.2794 Y151.4534 Z21.8680 E0.21265 F1700
G1 X118.3900 Y151.4883 Z21.7481 E0.21284 F1700
G1 X117.5000 Y151.5000 Z21.6250 E0.21294 F1700
G1 X116.6100 Y151.4883 Z21.5019 E0.21294 F1700
G1 X115.7206 Y151.4534 Z21.3820 E0.21284 F1700
G1 X114.8324 Y151.3952 Z21.2681 E0.21265 F1700
G1 X113.9460 Y151.3137 Z21.1631 E0.21239 F1700
G1 X113.0621 Y151.2091 Z21.0697 E0.21209 F1700
G1 X112.1812 Y151.0814 Z20.9903 E0.21177 F1700
G1 X111.3040 Y150.9307 Z20.9268 E0.21147 F1700
G1 X110.4310 Y150.7570 Z20.8808 E0.21121 F1700
G1 X109.5629 Y150.5606 Z20.8536 E0.21103 F1700
G1 X108.7002 Y150.3415 Z20.8458 E0.21094 F1700
G1 X107.8435 Y150.0999 Z20.8578 E0.21095 F1700
G1 X106.9934 Y149.8359 Z20.8892 E0.21106 F1700
G1 X106.1506 Y149.5498 Z20.9393 E0.21127 F1700
G1 X105.3155 Y149.2417 Z21.0070 E0.21154 F1700
G1 X104.4888 Y148.9119 Z21.0906 E0.21186 F1700
G1 X103.6710 Y148.5605 Z21.1881 E0.21220 F1700
G1 X102.8626 Y148.1879 Z21.2972 E0.21251 F1700
G1 X102.0643 Y147.7942 Z21.4153 E0.21278 F1700
G1 X101.2766 Y147.3798 Z21.5394 E0.21297 F1700
G1 X100.5000 Y146.9449 Z21.6667 E0.21308 F1700
G1 X99.7350 Y146.4898 Z21.7939 E0.21308 F1700
G1 X98.9823 Y146.0148 Z21.9180 E0.21297 F1700
G1 X98.2422 Y145.5203 Z22.0361 E0.21278 F1700
G1 X97.5153 Y145.0066 Z22.1452 E0.21251 F1700
G1 X96.8021 Y144.4740 Z22.2428 E0.21220 F1700
G1 X96.1031 Y143.9230 Z22.3264 E0.21186 F1700
G1 X95.4188 Y143.3538 Z22.3941 E0.21154 F1700
G1 X94.7496 Y142.7669 Z22.4442 E0.21127 F1700
G1 X94.0959 Y142.1627 Z22.4756 E0.21106 F1700
G1 X93.4584 Y141.5416 Z22.4875 E0.21095 F1700
G1 X92.8373 Y140.9041 Z22.4797 E0.21094 F1700
G1 X92.2331 Y140.2504 Z22.4525 E0.21103 F1700
G1 X91.6462 Y139.5812 Z22.4066 E0.21121 F1700
G1 X91.0770 Y138.8969 Z22.3430 E0.21147 F1700
G1 X90.5260 Y138.1979 Z22.2636 E0.21177 F1700
G1 X89.9934 Y137.4847 Z22.1702 E0.21209 F1700
G1 X89.4797 Y136.7578 Z22.0653 E0.21239 F1700
G1 X88.9852 Y136.0177 Z21.9514 E0.21265 F1700
G1 X88.5102 Y135.2650 Z21.8314 E0.21284 F1700
G1 X88.0551 Y134.5000 Z21.7083 E0.21294 F1700
G1 X87.6202 Y133.7234 Z21.5853 E0.21294 F1700
G1 X87.2058 Y132.9357 Z21.4653 E0.21284 F1700
G1 X86.8121 Y132.1374 Z21.3514 E0.21265 F1700
G1 X86.4395 Y131.3290 Z21.2464 E0.21239 F1700
G1 X86.0881 Y130.5112 Z21.1531 E0.21209 F1700
G1 X85.7583 Y129.6845 Z21.0736 E0.21177 F1700
G1 X85.4502 Y128.8494 Z21.0101 E0.21147 F1700
G1 X85.1641 Y128.0066 Z20.9642 E0.21121 F1700
G1 X84.9001 Y127.1565 Z20.9369 E0.21103 F1700
G1 X84.6585 Y126.2998 Z20.9292 E0.21094 F1700
G1 X84.4394 Y125.4371 Z20.9411 E0.21095 F1700
G1 X84.2430 Y124.5690 Z20.9725 E0.21106 F1700
G1 X84.0693 Y123.6960 Z21.0226 E0.21127 F1700
G1 X83.9186 Y122.8188 Z21.0903 E0.21154 F1700
G1 X83.7909 Y121.9379 Z21.1739 E0.21186 F1700
G1 X83.6863 Y121.0540 Z21.2714 E0.21220 F1700
G1 X83.6048 Y120.1676 Z21.3806 E0.21251 F1700
G1 X83.5466 Y119.2794 Z21.4986 E0.21278 F1700
G1 X83.5117 Y118.3900 Z21.6228 E0.21297 F1700
G1 X83.5000 Y117.5000 Z21.7500 E0.21308 F1700
G1 X83.5117 Y116.6100 Z21.8772 E0.21308 F1700
G1 X83.5466 Y115.7206 Z22.0014 E0.21297 F1700
G1 X83.6048 Y114.8324 Z22.1194 E0.21278 F1700
G1 X83.6863 Y113.9460 Z22.2286 E0.21251 F1700
G1 X83.7909 Y113.0621 Z22.3261 E0.21220 F1700
G1 X83.9186 Y112.1812 Z22.4097 E0.21186 F1700
G1 X84.0693 Y111.3040 Z22.4774 E0.21154 F1700
G1 X84.2430 Y110.4310 Z22.5275 E0.21127 F1700
G1 X84.4394 Y109.5629 Z22.5589 E0.21106 F1700
G1 X84.6585 Y108.7002 Z22.5708 E0.21095 F1700
G1 X84.9001 Y107.8435 Z22.5631 E0.21094 F1700
G1 X85.1641 Y106.9934 Z22.5358 E0.21103 F1700
G1 X85.4502 Y106.1506 Z22.4899 E0.21121 F1700
G1 X85.7583 Y105.3155 Z22.4264 E0.21147 F1700
G1 X86.0881 Y104.4888 Z22.3469 E0.21177 F1700
G1 X86.4395 Y103.6710 Z22.2536 E0.21209 F1700
G1 X86.8121 Y102.8626 Z22.1486 E0.21239 F1700
G1 X87.2058 Y102.0643 Z22.0347 E0.21265 F1700
G1 X87.6202 Y101.2766 Z21.9147 E0.21284 F1700
G1 X88.0551 Y100.5000 Z21.7917 E0.21294 F1700
G1 X88.5102 Y99.7350 Z21.6686 E0.21294 F1700
G1 X88.9852 Y98.9823 Z21.5486 E0.21284 F1700
G1 X89.4797 Y98.2422 Z21.4347 E0.21265 F1700
G1 X89.9934 Y97.5153 Z21.3298 E0.21239 F1700
G1 X90.5260 Y96.8021 Z21.2364 E0.21209 F1700
G1 X91.0770 Y96.1031 Z21.1570 E0.21177 F1700
G1 X91.6462 Y95.4188 Z21.0934 E0.21147 F1700
G1 X92.2331 Y94.7496 Z21.0475 E0.21121 F1700
G1 X92.8373 Y94.0959 Z21.0203 E0.21103 F1700
G1 X93.4584 Y93.4584 Z21.0125 E0.21094 F1700
G1 X94.0959 Y92.8373 Z21.0244 E0.21095 F1700
G1 X94.7496 Y92.2331 Z21.0558 E0.21106 F1700
G1 X95.4188 Y91.6462 Z21.1059 E0.21127 F1700
G1 X96.1031 Y91.0770 Z21.1736 E0.21154 F1700
G1 X96.8021 Y90.5260 Z21.2572 E0.21186 F1700
G1 X97.5153 Y89.9934 Z21.3548 E0.21220 F1700
G1 X98.2422 Y89.4797 Z21.4639 E0.21251 F1700
G1 X98.9823 Y88.9852 Z21.5820 E0.21278 F1700
G1 X99.7350 Y88.5102 Z21.7061 E0.21297 F1700
G1 X100.5000 Y88.0551 Z21.8333 E0.21308 F1700
G1 X101.2766 Y87.6202 Z21.9606 E0.21308 F1700
G1 X102.0643 Y87.2058 Z22.0847 E0.21297 F1700
G1 X102.8626 Y86.8121 Z22.2028 E0.21278 F1700
G1 X103.6710 Y86.4395 Z22.3119 E0.21251 F1700
G1 X104.4888 Y86.0881 Z22.4094 E0.21220 F1700
G1 X105.3155 Y85.7583 Z22.4930 E0.21186 F1700
G1 X106.1506 Y85.4502 Z22.5607 E0.21154 F1700
G1 X106.9934 Y85.1641 Z22.6108 E0.21127 F1700
G1 X107.8435 Y84.9001 Z22.6422 E0.21106 F1700
G1 X108.7002 Y84.6585 Z22.6542 E0.21095 F1700
G1 X109.5629 Y84.4394 Z22.6464 E0.21094 F1700
G1 X110.4310 Y84.2430 Z22.6192 E0.21103 F1700
G1 X111.3040 Y84.0693 Z22.5732 E0.21121 F1700
G1 X112.1812 Y83.9186 Z22.5097 E0.21147 F1700
G1 X113.0621 Y83.7909 Z22.4303 E0.21177 F1700
G1 X113.9460 Y83.6863 Z22.3369 E0.21209 F1700
G1 X114.8324 Y83.6048 Z22.2319 E0.21239 F1700
G1 X115.7206 Y83.5466 Z22.1180 E0.21265 F1700
G1 X116.6100 Y83.5117 Z21.9981 E0.21284 F1700
G1 X117.5000 Y83.5000 Z21.8750 E0.21294 F1700
G1 X118.3900 Y83.5117 Z21.7519 E0.21294 F1700
G1 X119.2794 Y83.5466 Z21.6320 E0.21284 F1700
G1 X120.1676 Y83.6048 Z21.5181 E0.21265 F1700
G1 X121.0540 Y83.6863 Z21.4131 E0.21239 F1700
G1 X121.9379 Y83.7909 Z21.3197 E0.21209 F1700
G1 X122.8188 Y83.9186 Z21.2403 E0.21177 F1700
G1 X123.6960 Y84.0693 Z21.1768 E0.21147 F1700
G1 X124.5690 Y84.2430 Z21.1308 E0.21121 F1700
G1 X125.4371 Y84.4394 Z21.1036 E0.21103 F1700
G1 X126.2998 Y84.6585 Z21.0958 E0.21094 F1700
G1 X127.1565 Y84.9001 Z21.1078 E0.21095 F1700
G1 X128.0066 Y85.1641 Z21.1392 E0.21106 F1700
G1 X128.8494 Y85.4502 Z21.1893 E0.21127 F1700
G1 X129.6845 Y85.7583 Z21.2570 E0.21154 F1700
G1 X130.5112 Y86.0881 Z21.3406 E0.21186 F1700
G1 X131.3290 Y86.4395 Z21.4381 E0.21220 F1700
G1 X132.1374 Y86.8121 Z21.5472 E0.21251 F1700
G1 X132.9357 Y87.2058 Z21.6653 E0.21278 F1700
G1 X133.7234 Y87.6202 Z21.7894 E0.21297 F1700
G1 X134.5000 Y88.0551 Z21.9167 E0.21308 F1700
G1 X135.2650 Y88.5102 Z22.0439 E0.21308 F1700
G1 X136.0177 Y88.9852 Z22.1680 E0.21297 F1700
G1 X136.7578 Y89.4797 Z22.2861 E0.21278 F1700
G1 X137.4847 Y89.9934 Z22.3952 E0.21251 F1700
G1 X138.1979 Y90.5260 Z22.4928 E0.21220 F1700
G1 X138.8969 Y91.0770 Z22.5764 E0.21186 F1700
G1 X139.5812 Y91.6462 Z22.6441 E0.21154 F1700
G1 X140.2504 Y92.2331 Z22.6942 E0.21127 F1700
G1 X140.9041 Y92.8373 Z22.7256 E0.21106 F1700
G1 X141.5416 Y93.4584 Z22.7375 E0.21095 F1700
G1 X142.1627 Y94.0959 Z22.7297 E0.21094 F1700
G1 X142.7669 Y94.7496 Z22.7025 E0.21103 F1700
G1 X143.3538 Y95.4188 Z22.6566 E0.21121 F1700
G1 X143.9230 Y96.1031 Z22.5930 E0.21147 F1700
G1 X144.4740 Y96.8021 Z22.5136 E0.21177 F1700
G1 X145.0066 Y97.5153 Z22.4202 E0.21209 F1700
G1 X145.5203 Y98.2422 Z22.3153 E0.21239 F1700
G1 X146.0148 Y98.9823 Z22.2014 E0.21265 F1700
G1 X146.4898 Y99.7350 Z22.0814 E0.21284 F1700
G1 X146.9449 Y100.5000 Z21.9583 E0.21294 F1700
G1 X147.3798 Y101.2766 Z21.8353 E0.21294 F1700
G1 X147.7942 Y102.0643 Z21.7153 E0.21284 F1700
G1 X148.1879 Y102.8626 Z21.6014 E0.21265 F1700
G1 X148.5605 Y103.6710 Z21.4964 E0.21239 F1700
G1 X148.9119 Y104.4888 Z21.4031 E0.21209 F1700
G1 X149.2417 Y105.3155 Z21.3236 E0.21177 F1700
G1 X149.5498 Y106.1506 Z21.2601 E0.21147 F1700
G1 X149.8359 Y106.9934 Z21.2142 E0.21121 F1700
G1 X150.0999 Y107.8435 Z21.1869 E0.21103 F1700
G1 X150.3415 Y108.7002 Z21.1792 E0.21094 F1700
G1 X150.5606 Y109.5629 Z21.1911 E0.21095 F1700
G1 X150.7570 Y110.4310 Z21.2225 E0.21106 F1700
G1 X150.9307 Y111.3040 Z21.2726 E0.21127 F1700
G1 X151.0814 Y112.1812 Z21.3403 E0.21154 F1700
G1 X151.2091 Y113.0621 Z21.4239 E0.21186 F1700
G1 X151.3137 Y113.9460 Z21.5214 E0.21220 F1700
G1 X151.3952 Y114.8324 Z21.6306 E0.21251 F1700
G1 X151.4534 Y115.7206 Z21.7486 E0.21278 F1700
G1 X151.4883 Y116.6100 Z21.8728 E0.21297 F1700
G1 X151.5000 Y117.5000 Z22.0000 E0.21308 F1700
G1 X151.4883 Y118.3900 Z22.1272 E0.21308 F1700
G1 X151.4534 Y119.2794 Z22.2514 E0.21297 F1700
G1 X151.3952 Y120.1676 Z22.3694 E0.21278 F1700
G1 X151.3137 Y121.0540 Z22.4786 E0.21251 F1700
G1 X151.2091 Y121.9379 Z22.5761 E0.21220 F1700
G1 X151.0814 Y122.8188 Z22.6597 E0.21186 F1700
G1 X150.9307 Y123.6960 Z22.7274 E0.21154 F1700
G1 X150.7570 Y124.5690 Z22.7775 E0.21127 F1700
G1 X150.5606 Y125.4371 Z22.8089 E0.21106 F1700
G1 X150.3415 Y126.2998 Z22.8208 E0.21095 F1700
G1 X150.0999 Y127.1565 Z22.8131 E0.21094 F1700
G1 X149.8359 Y128.0066 Z22.7858 E0.21103 F1700
G1 X149.5498 Y128.8494 Z22.7399 E0.21121 F1700
G1 X149.2417 Y129.6845 Z22.6764 E0.21147 F1700
G1 X148.9119 Y130.5112 Z22.5969 E0.21177 F1700
G1 X148.5605 Y131.3290 Z22.5036 E0.21209 F1700
G1 X148.1879 Y132.1374 Z22.3986 E0.21239 F1700
G1 X147.7942 Y132.9357 Z22.2847 E0.21265 F1700
G1 X147.3798 Y133.7234 Z22.1647 E0.21284 F1700
G1 X146.9449 Y134.5000 Z22.0417 E0.21294 F1700
G1 X146.4898 Y135.2650 Z21.9186 E0.21294 F1700
G1 X146.0148 Y136.0177 Z21.7986 E0.21284 F1700
G1 X145.5203 Y136.7578 Z21.6847 E0.21265 F1700
G1 X145.0066 Y137.4847 Z21.5798 E0.21239 F1700
G1 X144.4740 Y138.1979 Z21.4864 E0.21209 F1700
G1 X143.9230 Y138.8969 Z21.4070 E0.21177 F1700
G1 X143.3538 Y139.5812 Z21.3434 E0.21147 F1700
G1 X142.7669 Y140.2504 Z21.2975 E0.21121 F1700
G1 X142.1627 Y140.9041 Z21.2703 E0.21103 F1700
G1 X141.5416 Y141.5416 Z21.2625 E0.21094 F1700
G1 X140.9041 Y142.1627 Z21.2744 E0.21095 F1700
G1 X140.2504 Y142.7669 Z21.3058 E0.21106 F1700
G1 X139.5812 Y143.3538 Z21.3559 E0.21127 F1700
G1 X138.8969 Y143.9230 Z21.4236 E0.21154 F1700
G1 X138.1979 Y144.4740 Z21.5072 E0.21186 F1700
G1 X137.4847 Y145.0066 Z21.6048 E0.21220 F1700
G1 X136.7578 Y145.5203 Z21.7139 E0.21251 F1700
G1 X136.0177 Y146.0148 Z21.8320 E0.21278 F1700
G1 X135.2650 Y146.4898 Z21.9561 E0.21297 F1700
G1 X134.5000 Y146.9449 Z22.0833 E0.21308 F1700
G1 X133.7234 Y147.3798 Z22.2106 E0.21308 F1700
G1 X132.9357 Y147.7942 Z22.3347 E0.21297 F1700
G1 X132.1374 Y148.1879 Z22.4528 E0.21278 F1700
G1 X131.3290 Y148.5605 Z22.5619 E0.21251 F1700
G1 X130.5112 Y148.9119 Z22.6594 E0.21220 F1700
G1 X129.6845 Y149.2417 Z22.7430 E0.21186 F1700
G1 X128.8494 Y149.5498 Z22.8107 E0.21154 F1700
G1 X128.0066 Y149.8359 Z22.8608 E0.21127 F1700
G1 X127.1565 Y150.0999 Z22.8922 E0.21106 F1700
G1 X126.2998 Y150.3415 Z22.9042 E0.21095 F1700
G1 X125.4371 Y150.5606 Z22.8964 E0.21094 F1700
G1 X124.5690 Y150.7570 Z22.8692 E0.21103 F1700
G1 X123.6960 Y150.9307 Z22.8232 E0.21121 F1700
G1 X122.8188 Y151.0814 Z22.7597 E0.21147 F1700
G1 X121.9379 Y151.2091 Z22.6803 E0.21177 F1700
G1 X121.0540 Y151.3137 Z22.5869 E0.21209 F1700
G1 X120.1676 Y151.3952 Z22.4819 E0.21239 F1700
G1 X119.2794 Y151.4534 Z22.3680 E0.21265 F1700
G1 X118.3900 Y151.4883 Z22.2481 E0.21284 F1700
G1 X117.5000 Y151.5000 Z22.1250 E0.21294 F1700
G1 X116.6100 Y151.4883 Z22.0019 E0.21294 F1700
G1 X115.7206 Y151.4534 Z21.8820 E0.21284 F1700
G1 X114.8324 Y151.3952 Z21.7681 E0.21265 F1700
G1 X113.9460 Y151.3137 Z21.6631 E0.21239 F1700
G1 X113.0621 Y151.2091 Z21.5697 E0.21209 F1700
G1 X112.1812 Y151.0814 Z21.4903 E0.21177 F1700
G1 X111.3040 Y150.9307 Z21.4268 E0.21147 F1700
G1 X110.4310 Y150.7570 Z21.3808 E0.21121 F1700
G1 X109.5629 Y150.5606 Z21.3536 E0.21103 F1700
G1 X108.7002 Y150.3415 Z21.3458 E0.21094 F1700
G1 X107.8435 Y150.0999 Z21.3578 E0.21095 F1700
G1 X106.9934 Y149.8359 Z21.3892 E0.21106 F1700
G1 X106.1506 Y149.5498 Z21.4393 E0.21127 F1700
G1 X105.3155 Y149.2417 Z21.5070 E0.21154 F1700
G1 X104.4888 Y148.9119 Z21.5906 E0.21186 F1700
G1 X103.6710 Y148.5605 Z21.6881 E0.21220 F1700
G1 X102.8626 Y148.1879 Z21.7972 E0.21251 F1700
G1 X102.0643 Y147.7942 Z21.9153 E0.21278 F1700
G1 X101.2766 Y147.3798 Z22.0394 E0.21297 F1700
G1 X100.5000 Y146.9449 Z22.1667 E0.21308 F1700
G1 X99.7350 Y146.4898 Z22.2939 E0.21308 F1700
G1 X98.9823 Y146.0148 Z22.4180 E0.21297 F1700
G1 X98.2422 Y145.5203 Z22.5361 E0.21278 F1700
G1 X97.5153 Y145.0066 Z22.6452 E0.21251 F1700
G1 X96.8021 Y144.4740 Z22.7428 E0.21220 F1700
G1 X96.1031 Y143.9230 Z22.8264 E0.21186 F1700
G1 X95.4188 Y143.3538 Z22.8941 E0.21154 F1700
G1 X94.7496 Y142.7669 Z22.9442 E0.21127 F1700
G1 X94.0959 Y142.1627 Z22.9756 E0.21106 F1700
G1 X93.4584 Y141.5416 Z22.9875 E0.21095 F1700
G1 X92.8373 Y140.9041 Z22.9797 E0.21094 F1700
G1 X92.2331 Y140.2504 Z22.9525 E0.21103 F1700
G1 X91.6462 Y139.5812 Z22.9066 E0.21121 F1700
G1 X91.0770 Y138.8969 Z22.8430 E0.21147 F1700
G1 X90.5260 Y138.1979 Z22.7636 E0.21177 F1700
G1 X89.9934 Y137.4847 Z22.6702 E0.21209 F1700
G1 X89.4797 Y136.7578 Z22.5653 E0.21239 F1700
G1 X88.9852 Y136.0177 Z22.4514 E0.21265 F1700
G1 X88.5102 Y135.2650 Z22.3314 E0.21284 F1700
G1 X88.0551 Y134.5000 Z22.2083 E0.21294 F1700
G1 X87.6202 Y133.7234 Z22.0853 E0.21294 F1700
G1 X87.2058 Y132.9357 Z21.9653 E0.21284 F1700
G1 X86.8121 Y132.1374 Z21.8514 E0.21265 F1700
G1 X86.4395 Y131.3290 Z21.7464 E0.21239 F1700
G1 X86.0881 Y130.5112 Z21.6531 E0.21209 F1700
G1 X85.7583 Y129.6845 Z21.5736 E0.21177 F1700
G1 X85.4502 Y128.8494 Z21.5101 E0.21147 F1700
G1 X85.1641 Y128.0066 Z21.4642 E0.21121 F1700
G1 X84.9001 Y127.1565 Z21.4369 E0.21103 F1700
G1 X84.6585 Y126.2998 Z21.4292 E0.21094 F1700
G1 X84.4394 Y125.4371 Z21.4411 E0.21095 F1700
G1 X84.2430 Y124.5690 Z21.4725 E0.21106 F1700
G1 X84.0693 Y123.6960 Z21.5226 E0.21127 F1700
G1 X83.9186 Y122.8188 Z21.5903 E0.21154 F1700
G1 X83.7909 Y121.9379 Z21.6739 E0.21186 F1700
G1 X83.6863 Y121.0540 Z21.7714 E0.21220 F1700
G1 X83.6048 Y120.1676 Z21.8806 E0.21251 F1700
G1 X83.5466 Y119.2794 Z21.9986 E0.21278 F1700
G1 X83.5117 Y118.3900 Z22.1228 E0.21297 F1700
G1 X83.5000 Y117.5000 Z22.2500 E0.21308 F1700
G1 X83.5117 Y116.6100 Z22.3772 E0.21308 F1700
G1 X83.5466 Y115.7206 Z22.5014 E0.21297 F1700
G1 X83.6048 Y114.8324 Z22.6194 E0.21278 F1700
G1 X83.6863 Y113.9460 Z22.7286 E0.21251 F1700
G1 X83.7909 Y113.0621 Z22.8261 E0.21220 F1700
G1 X83.9186 Y112.1812 Z22.9097 E0.21186 F1700
G1 X84.0693 Y111.3040 Z22.9774 E0.21154 F1700
G1 X84.2430 Y110.4310 Z23.0275 E0.21127 F1700
G1 X84.4394 Y109.5629 Z23.0589 E0.21106 F1700
G1 X84.6585 Y108.7002 Z23.0708 E0.21095 F1700
G1 X84.9001 Y107.8435 Z23.0631 E0.21094 F1700
G1 X85.1641 Y106.9934 Z23.0358 E0.21103 F1700
G1 X85.4502 Y106.1506 Z22.9899 E0.21121 F1700
G1 X85.7583 Y105.3155 Z22.9264 E0.21147 F1700
G1 X86.0881 Y104.4888 Z22.8469 E0.21177 F1700
G1 X86.4395 Y103.6710 Z22.7536 E0.21209 F1700
G1 X86.8121 Y102.8626 Z22.6486 E0.21239 F1700
G1 X87.2058 Y102.0643 Z22.5347 E0.21265 F1700
G1 X87.6202 Y101.2766 Z22.4147 E0.21284 F1700
G1 X88.0551 Y100.5000 Z22.2917 E0.21294 F1700
G1 X88.5102 Y99.7350 Z22.1686 E0.21294 F1700
G1 X88.9852 Y98.9823 Z22.0486 E0.21284 F1700
G1 X89.4797 Y98.2422 Z21.9347 E0.21265 F1700
G1 X89.9934 Y97.5153 Z21.8298 E0.21239 F1700
G1 X90.5260 Y96.8021 Z21.7364 E0.21209 F1700
G1 X91.0770 Y96.1031 Z21.6570 E0.21177 F1700
G1 X91.6462 Y95.4188 Z21.5934 E0.21147 F1700
G1 X92.2331 Y94.7496 Z21.5475 E0.21121 F1700
G1 X92.8373 Y94.0959 Z21.5203 E0.21103 F1700
G1 X93.4584 Y93.4584 Z21.5125 E0.21094 F1700
G1 X94.0959 Y92.8373 Z21.5244 E0.21095 F1700
G1 X94.7496 Y92.2331 Z21.5558 E0.21106 F1700
G1 X95.4188 Y91.6462 Z21.6059 E0.21127 F1700
G1 X96.1031 Y91.0770 Z21.6736 E0.21154 F1700
G1 X96.8021 Y90.5260 Z21.7572 E0.21186 F1700
G1 X97.5153 Y89.9934 Z21.8548 E0.21220 F1700
G1 X98.2422 Y89.4797 Z21.9639 E0.21251 F1700
G1 X98.9823 Y88.9852 Z22.0820 E0.21278 F1700
G1 X99.7350 Y88.5102 Z22.2061 E0.21297 F1700
G1 X100.5000 Y88.0551 Z22.3333 E0.21308 F1700
G1 X101.2766 Y87.6202 Z22.4606 E0.21308 F1700
G1 X102.0643 Y87.2058 Z22.5847 E0.21297 F1700
G1 X102.8626 Y86.8121 Z22.7028 E0.21278 F1700
G1 X103.6710 Y86.4395 Z22.8119 E0.21251 F1700
G1 X104.4888 Y86.0881 Z22.9094 E0.21220 F1700
G1 X105.3155 Y85.7583 Z22.9930 E0.21186 F1700
G1 X106.1506 Y85.4502 Z23.0607 E0.21154 F1700
G1 X106.9934 Y85.1641 Z23.1108 E0.21127 F1700
G1 X107.8435 Y84.9001 Z23.1422 E0.21106 F1700
G1 X108.7002 Y84.6585 Z23.1542 E0.21095 F1700
G1 X109.5629 Y84.4394 Z23.1464 E0.21094 F1700
G1 X110.4310 Y84.2430 Z23.1192 E0.21103 F1700
G1 X111.3040 Y84.0693 Z23.0732 E0.21121 F1700
G1 X112.1812 Y83.9186 Z23.0097 E0.21147 F1700
G1 X113.0621 Y83.7909 Z22.9303 E0.21177 F1700
G1 X113.9460 Y83.6863 Z22.8369 E0.21209 F1700
G1 X114.8324 Y83.6048 Z22.7319 E0.21239 F1700
G1 X115.7206 Y83.5466 Z22.6180 E0.21265 F1700
G1 X116.6100 Y83.5117 Z22.4981 E0.21284 F1700
G1 X117.5000 Y83.5000 Z22.3750 E0.21294 F1700
G1 X118.3900 Y83.5117 Z22.2519 E0.21294 F1700
G1 X119.2794 Y83.5466 Z22.1320 E0.21284 F1700
G1 X120.1676 Y83.6048 Z22.0181 E0.21265 F1700
G1 X121.0540 Y83.6863 Z21.9131 E0.21239 F1700
G1 X121.9379 Y83.7909 Z21.8197 E0.21209 F1700
G1 X122.8188 Y83.9186 Z21.7403 E0.21177 F1700
G1 X123.6960 Y84.0693 Z21.6768 E0.21147 F1700
G1 X124.5690 Y84.2430 Z21.6308 E0.21121 F1700
G1 X125.4371 Y84.4394 Z21.6036 E0.21103 F1700
G1 X126.2998 Y84.6585 Z21.5958 E0.21094 F1700
G1 X127.1565 Y84.9001 Z21.6078 E0.21095 F1700
G1 X128.0066 Y85.1641 Z21.6392 E0.21106 F1700
G1 X128.8494 Y85.4502 Z21.6893 E0.21127 F1700
G1 X129.6845 Y85.7583 Z21.7570 E0.21154 F1700
G1 X130.5112 Y86.0881 Z21.8406 E0.21186 F1700
G1 X131.3290 Y86.4395 Z21.9381 E0.21220 F1700
G1 X132.1374 Y86.8121 Z22.0472 E0.21251 F1700
G1 X132.9357 Y87.2058 Z22.1653 E0.21278 F1700
G1 X133.7234 Y87.6202 Z22.2894 E0.21297 F1700
G1 X134.5000 Y88.0551 Z22.4167 E0.21308 F1700
G1 X135.2650 Y88.5102 Z22.5439 E0.21308 F1700
G1 X136.0177 Y88.9852 Z22.6680 E0.21297 F1700
G1 X136.7578 Y89.4797 Z22.7861 E0.21278 F1700
G1 X137.4847 Y89.9934 Z22.8952 E0.21251 F1700
G1 X138.1979 Y90.5260 Z22.9928 E0.21220 F1700
G1 X138.8969 Y91.0770 Z23.0764 E0.21186 F1700
G1 X139.5812 Y91.6462 Z23.1441 E0.21154 F1700
G1 X140.2504 Y92.2331 Z23.1942 E0.21127 F1700
G1 X140.9041 Y92.8373 Z23.2256 E0.21106 F1700
G1 X141.5416 Y93.4584 Z23.2375 E0.21095 F1700
G1 X142.1627 Y94.0959 Z23.2297 E0.21094 F1700
G1 X142.7669 Y94.7496 Z23.2025 E0.21103 F1700
G1 X143.3538 Y95.4188 Z23.1566 E0.21121 F1700
G1 X143.9230 Y96.1031 Z23.0930 E0.21147 F1700
G1 X144.4740 Y96.8021 Z23.0136 E0.21177 F1700
G1 X145.0066 Y97.5153 Z22.9202 E0.21209 F1700
G1 X145.5203 Y98.2422 Z22.8153 E0.21239 F1700
G1 X146.0148 Y98.9823 Z22.7014 E0.21265 F1700
G1 X146.4898 Y99.7350 Z22.5814 E0.21284 F1700
G1 X146.9449 Y100.5000 Z22.4583 E0.21294 F1700
G1 X147.3798 Y101.2766 Z22.3353 E0.21294 F1700
G1 X147.7942 Y102.0643 Z22.2153 E0.21284 F1700
G1 X148.1879 Y102.8626 Z22.1014 E0.21265 F1700
G1 X148.5605 Y103.6710 Z21.9964 E0.21239 F1700
G1 X148.9119 Y104.4888 Z21.9031 E0.21209 F1700
G1 X149.2417 Y105.3155 Z21.8236 E0.21177 F1700
G1 X149.5498 Y106.1506 Z21.7601 E0.21147 F1700
G1 X149.8359 Y106.9934 Z21.7142 E0.21121 F1700
G1 X150.0999 Y107.8435 Z21.6869 E0.21103 F1700
G1 X150.3415 Y108.7002 Z21.6792 E0.21094 F1700
G1 X150.5606 Y109.5629 Z21.6911 E0.21095 F1700
G1 X150.7570 Y110.4310 Z21.7225 E0.21106 F1700
G1 X150.9307 Y111.3040 Z21.7726 E0.21127 F1700
G1 X151.0814 Y112.1812 Z21.8403 E0.21154 F1700
G1 X151.2091 Y113.0621 Z21.9239 E0.21186 F1700
G1 X151.3137 Y113.9460 Z22.0214 E0.21220 F1700
G1 X151.3952 Y114.8324 Z22.1306 E0.21251 F1700
G1 X151.4534 Y115.7206 Z22.2486 E0.21278 F1700
G1 X151.4883 Y116.6100 Z22.3728 E0.21297 F1700
G1 X151.5000 Y117.5000 Z22.5000 E0.21308 F1700
G1 X151.4883 Y118.3900 Z22.6272 E0.21308 F1700
G1 X151.4534 Y119.2794 Z22.7514 E0.21297 F1700
G1 X151.3952 Y120.1676 Z22.8694 E0.21278 F1700
G1 X151.3137 Y121.0540 Z22.9786 E0.21251 F1700
G1 X151.2091 Y121.9379 Z23.0761 E0.21220 F1700
G1 X151.0814 Y122.8188 Z23.1597 E0.21186 F1700
G1 X150.9307 Y123.6960 Z23.2274 E0.21154 F1700
G1 X150.7570 Y124.5690 Z23.2775 E0.21127 F1700
G1 X150.5606 Y125.4371 Z23.3089 E0.21106 F1700
G1 X150.3415 Y126.2998 Z23.3208 E0.21095 F1700
G1 X150.0999 Y127.1565 Z23.3131 E0.21094 F1700
G1 X149.8359 Y128.0066 Z23.2858 E0.21103 F1700
G1 X149.5498 Y128.8494 Z23.2399 E0.21121 F1700
G1 X149.2417 Y129.6845 Z23.1764 E0.21147 F1700
G1 X148.9119 Y130.5112 Z23.0969 E0.21177 F1700
G1 X148.5605 Y131.3290 Z23.0036 E0.21209 F1700
G1 X148.1879 Y132.1374 Z22.8986 E0.21239 F1700
G1 X147.7942 Y132.9357 Z22.7847 E0.21265 F1700
G1 X147.3798 Y133.7234 Z22.6647 E0.21284 F1700
G1 X146.9449 Y134.5000 Z22.5417 E0.21294 F1700
G1 X146.4898 Y135.2650 Z22.4186 E0.21294 F1700
G1 X146.0148 Y136.0177 Z22.2986 E0.21284 F1700
G1 X145.5203 Y136.7578 Z22.1847 E0.21265 F1700
G1 X145.0066 Y137.4847 Z22.0798 E0.21239 F1700
G1 X144.4740 Y138.1979 Z21.9864 E0.21209 F1700
G1 X143.9230 Y138.8969 Z21.9070 E0.21177 F1700
G1 X143.3538 Y139.5812 Z21.8434 E0.21147 F1700
G1 X142.7669 Y140.2504 Z21.7975 E0.21121 F1700
G1 X142.1627 Y140.9041 Z21.7703 E0.21103 F1700
G1 X141.5416 Y141.5416 Z21.7625 E0.21094 F1700
G1 X140.9041 Y142.1627 Z21.7744 E0.21095 F1700
G1 X140.2504 Y142.7669 Z21.8058 E0.21106 F1700
G1 X139.5812 Y143.3538 Z21.8559 E0.21127 F1700
G1 X138.8969 Y143.9230 Z21.9236 E0.21154 F1700
G1 X138.1979 Y144.4740 Z22.0072 E0.21186 F1700
G1 X137.4847 Y145.0066 Z22.1048 E0.21220 F1700
G1 X136.7578 Y145.5203 Z22.2139 E0.21251 F1700
G1 X136.0177 Y146.0148 Z22.3320 E0.21278 F1700
G1 X135.2650 Y146.4898 Z22.4561 E0.21297 F1700
G1 X134.5000 Y146.9449 Z22.5833 E0.21308 F1700
G1 X133.7234 Y147.3798 Z22.7106 E0.21308 F1700
G1 X132.9357 Y147.7942 Z22.8347 E0.21297 F1700
G1 X132.1374 Y148.1879 Z22.9528 E0.21278 F1700
G1 X131.3290 Y148.5605 Z23.0619 E0.21251 F1700
G1 X130.5112 Y148.9119 Z23.1594 E0.21220 F1700
G1 X129.6845 Y149.2417 Z23.2430 E0.21186 F1700
G1 X128.8494 Y149.5498 Z23.3107 E0.21154 F1700
G1 X128.0066 Y149.8359 Z23.3608 E0.21127 F1700
G1 X127.1565 Y150.0999 Z23.3922 E0.21106 F1700
G1 X126.2998 Y150.3415 Z23.4042 E0.21095 F1700
G1 X125.4371 Y150.5606 Z23.3964 E0.21094 F1700
G1 X124.5690 Y150.7570 Z23.3692 E0.21103 F1700
G1 X123.6960 Y150.9307 Z23.3232 E0.21121 F1700
G1 X122.8188 Y151.0814 Z23.2597 E0.21147 F1700
G1 X121.9379 Y151.2091 Z23.1803 E0.21177 F1700
G1 X121.0540 Y151.3137 Z23.0869 E0.21209 F1700
G1 X120.1676 Y151.3952 Z22.9819 E0.21239 F1700
G1 X119.2794 Y151.4534 Z22.8680 E0.21265 F1700
G1 X118.3900 Y151.4883 Z22.7481 E0.21284 F1700
G1 X117.5000 Y151.5000 Z22.6250 E0.21294 F1700
G1 X116.6100 Y151.4883 Z22.5019 E0.21294 F1700
G1 X115.7206 Y151.4534 Z22.3820 E0.21284 F1700
G1 X114.8324 Y151.3952 Z22.2681 E0.21265 F1700
G1 X113.9460 Y151.3137 Z22.1631 E0.21239 F1700
G1 X113.0621 Y151.2091 Z22.0697 E0.21209 F1700
G1 X112.1812 Y151.0814 Z21.9903 E0.21177 F1700
G1 X111.3040 Y150.9307 Z21.9268 E0.21147 F1700
G1 X110.4310 Y150.7570 Z21.8808 E0.21121 F1700
G1 X109.5629 Y150.5606 Z21.8536 E0.21103 F1700
G1 X108.7002 Y150.3415 Z21.8458 E0.21094 F1700
G1 X107.8435 Y150.0999 Z21.8578 E0.21095 F1700
G1 X106.9934 Y149.8359 Z21.8892 E0.21106 F1700
G1 X106.1506 Y149.5498 Z21.9393 E0.21127 F1700
G1 X105.3155 Y149.2417 Z22.0070 E0.21154 F1700
G1 X104.4888 Y148.9119 Z22.0906 E0.21186 F1700
G1 X103.6710 Y148.5605 Z22.1881 E0.21220 F1700
G1 X102.8626 Y148.1879 Z22.2972 E0.21251 F1700
G1 X102.0643 Y147.7942 Z22.4153 E0.21278 F1700
G1 X101.2766 Y147.3798 Z22.5394 E0.21297 F1700
G1 X100.5000 Y146.9449 Z22.6667 E0.21308 F1700
G1 X99.7350 Y146.4898 Z22.7939 E0.21308 F1700
G1 X98.9823 Y146.0148 Z22.9180 E0.21297 F1700
G1 X98.2422 Y145.5203 Z23.0361 E0.21278 F1700
G1 X97.5153 Y145.0066 Z23.1452 E0.21251 F1700
G1 X96.8021 Y144.4740 Z23.2428 E0.21220 F1700
G1 X96.1031 Y143.9230 Z23.3264 E0.21186 F1700
G1 X95.4188 Y143.3538 Z23.3941 E0.21154 F1700
G1 X94.7496 Y142.7669 Z23.4442 E0.21127 F1700
G1 X94.0959 Y142.1627 Z23.4756 E0.21106 F1700
G1 X93.4584 Y141.5416 Z23.4875 E0.21095 F1700
G1 X92.8373 Y140.9041 Z23.4797 E0.21094 F1700
G1 X92.2331 Y140.2504 Z23.4525 E0.21103 F1700
G1 X91.6462 Y139.5812 Z23.4066 E0.21121 F1700
G1 X91.0770 Y138.8969 Z23.3430 E0.21147 F1700
G1 X90.5260 Y138.1979 Z23.2636 E0.21177 F1700
G1 X89.9934 Y137.4847 Z23.1702 E0.21209 F1700
G1 X89.4797 Y136.7578 Z23.0653 E0.21239 F1700
G1 X88.9852 Y136.0177 Z22.9514 E0.21265 F1700
G1 X88.5102 Y135.2650 Z22.8314 E0.21284 F1700
G1 X88.0551 Y134.5000 Z22.7083 E0.21294 F1700
G1 X87.6202 Y133.7234 Z22.5853 E0.21294 F1700
G1 X87.2058 Y132.9357 Z22.4653 E0.21284 F1700
G1 X86.8121 Y132.1374 Z22.3514 E0.21265 F1700
G1 X86.4395 Y131.3290 Z22.2464 E0.21239 F1700
G1 X86.0881 Y130.5112 Z22.1531 E0.21209 F1700
G1 X85.7583 Y129.6845 Z22.0736 E0.21177 F1700
G1 X85.4502 Y128.8494 Z22.0101 E0.21147 F1700
G1 X85.1641 Y128.0066 Z21.9642 E0.21121 F1700
G1 X84.9001 Y127.1565 Z21.9369 E0.21103 F1700
G1 X84.6585 Y126.2998 Z21.9292 E0.21094 F1700
G1 X84.4394 Y125.4371 Z21.9411 E0.21095 F1700
G1 X84.2430 Y124.5690 Z21.9725 E0.21106 F1700
G1 X84.0693 Y123.6960 Z22.0226 E0.21127 F1700
G1 X83.9186 Y122.8188 Z22.0903 E0.21154 F1700
G1 X83.7909 Y121.9379 Z22.1739 E0.21186 F1700
G1 X83.6863 Y121.0540 Z22.2714 E0.21220 F1700
G1 X83.6048 Y120.1676 Z22.3806 E0.21251 F1700
G1 X83.5466 Y119.2794 Z22.4986 E0.21278 F1700
G1 X83.5117 Y118.3900 Z22.6228 E0.21297 F1700
G1 X83.5000 Y117.5000 Z22.7500 E0.21308 F1700
G1 X83.5117 Y116.6100 Z22.8772 E0.21308 F1700
G1 X83.5466 Y115.7206 Z23.0014 E0.21297 F1700
G1 X83.6048 Y114.8324 Z23.1194 E0.21278 F1700
G1 X83.6863 Y113.9460 Z23.2286 E0.21251 F1700
G1 X83.7909 Y113.0621 Z23.3261 E0.21220 F1700
G1 X83.9186 Y112.1812 Z23.4097 E0.21186 F1700
G1 X84.0693 Y111.3040 Z23.4774 E0.21154 F1700
G1 X84.2430 Y110.4310 Z23.5275 E0.21127 F1700
G1 X84.4394 Y109.5629 Z23.5589 E0.21106 F1700
G1 X84.6585 Y108.7002 Z23.5708 E0.21095 F1700
G1 X84.9001 Y107.8435 Z23.5631 E0.21094 F1700
G1 X85.1641 Y106.9934 Z23.5358 E0.21103 F1700
G1 X85.4502 Y106.1506 Z23.4899 E0.21121 F1700
G1 X85.7583 Y105.3155 Z23.4264 E0.21147 F1700
G1 X86.0881 Y104.4888 Z23.3469 E0.21177 F1700
G1 X86.4395 Y103.6710 Z23.2536 E0.21209 F1700
G1 X86.8121 Y102.8626 Z23.1486 E0.21239 F1700
G1 X87.2058 Y102.0643 Z23.0347 E0.21265 F1700
G1 X87.6202 Y101.2766 Z22.9147 E0.21284 F1700
G1 X88.0551 Y100.5000 Z22.7917 E0.21294 F1700
G1 X88.5102 Y99.7350 Z22.6686 E0.21294 F1700
G1 X88.9852 Y98.9823 Z22.5486 E0.21284 F1700
G1 X89.4797 Y98.2422 Z22.4347 E0.21265 F1700
G1 X89.9934 Y97.5153 Z22.3298 E0.21239 F1700
G1 X90.5260 Y96.8021 Z22.2364 E0.21209 F1700
G1 X91.0770 Y96.1031 Z22.1570 E0.21177 F1700
G1 X91.6462 Y95.4188 Z22.0934 E0.21147 F1700
G1 X92.2331 Y94.7496 Z22.0475 E0.21121 F1700
G1 X92.8373 Y94.0959 Z22.0203 E0.21103 F1700
G1 X93.4584 Y93.4584 Z22.0125 E0.21094 F1700
G1 X94.0959 Y92.8373 Z22.0244 E0.21095 F1700
G1 X94.7496 Y92.2331 Z22.0558 E0.21106 F1700
G1 X95.4188 Y91.6462 Z22.1059 E0.21127 F1700
G1 X96.1031 Y91.0770 Z22.1736 E0.21154 F1700
G1 X96.8021 Y90.5260 Z22.2572 E0.21186 F1700
G1 X97.5153 Y89.9934 Z22.3548 E0.21220 F1700
G1 X98.2422 Y89.4797 Z22.4639 E0.21251 F1700
G1 X98.9823 Y88.9852 Z22.5820 E0.21278 F1700
G1 X99.7350 Y88.5102 Z22.7061 E0.21297 F1700
G1 X100.5000 Y88.0551 Z22.8333 E0.21308 F1700
G1 X101.2766 Y87.6202 Z22.9606 E0.21308 F1700
G1 X102.0643 Y87.2058 Z23.0847 E0.21297 F1700
G1 X102.8626 Y86.8121 Z23.2028 E0.21278 F1700
G1 X103.6710 Y86.4395 Z23.3119 E0.21251 F1700
G1 X104.4888 Y86.0881 Z23.4094 E0.21220 F1700
G1 X105.3155 Y85.7583 Z23.4930 E0.21186 F1700
G1 X106.1506 Y85.4502 Z23.5607 E0.21154 F1700
G1 X106.9934 Y85.1641 Z23.6108 E0.21127 F1700
G1 X107.8435 Y84.9001 Z23.6422 E0.21106 F1700
G1 X108.7002 Y84.6585 Z23.6542 E0.21095 F1700
G1 X109.5629 Y84.4394 Z23.6464 E0.21094 F1700
G1 X110.4310 Y84.2430 Z23.6192 E0.21103 F1700
G1 X111.3040 Y84.0693 Z23.5732 E0.21121 F1700
G1 X112.1812 Y83.9186 Z23.5097 E0.21147 F1700
G1 X113.0621 Y83.7909 Z23.4303 E0.21177 F1700
G1 X113.9460 Y83.6863 Z23.3369 E0.21209 F1700
G1 X114.8324 Y83.6048 Z23.2319 E0.21239 F1700
G1 X115.7206 Y83.5466 Z23.1180 E0.21265 F1700
G1 X116.6100 Y83.5117 Z22.9981 E0.21284 F1700
G1 X117.5000 Y83.5000 Z22.8750 E0.21294 F1700
G1 X118.3900 Y83.5117 Z22.7519 E0.21294 F1700
G1 X119.2794 Y83.5466 Z22.6320 E0.21284 F1700
G1 X120.1676 Y83.6048 Z22.5181 E0.21265 F1700
G1 X121.0540 Y83.6863 Z22.4131 E0.21239 F1700
G1 X121.9379 Y83.7909 Z22.3197 E0.21209 F1700
G1 X122.8188 Y83.9186 Z22.2403 E0.21177 F1700
G1 X123.6960 Y84.0693 Z22.1768 E0.21147 F1700
G1 X124.5690 Y84.2430 Z22.1308 E0.21121 F1700
G1 X125.4371 Y84.4394 Z22.1036 E0.21103 F1700
G1 X126.2998 Y84.6585 Z22.0958 E0.21094 F1700
G1 X127.1565 Y84.9001 Z22.1078 E0.21095 F1700
G1 X128.0066 Y85.1641 Z22.1392 E0.21106 F1700
G1 X128.8494 Y85.4502 Z22.1893 E0.21127 F1700
G1 X129.6845 Y85.7583 Z22.2570 E0.21154 F1700
G1 X130.5112 Y86.0881 Z22.3406 E0.21186 F1700
G1 X131.3290 Y86.4395 Z22.4381 E0.21220 F1700
G1 X132.1374 Y86.8121 Z22.5472 E0.21251 F1700
G1 X132.9357 Y87.2058 Z22.6653 E0.21278 F1700
G1 X133.7234 Y87.6202 Z22.7894 E0.21297 F1700
G1 X134.5000 Y88.0551 Z22.9167 E0.21308 F1700
G1 X135.2650 Y88.5102 Z23.0439 E0.21308 F1700
G1 X136.0177 Y88.9852 Z23.1680 E0.21297 F1700
G1 X136.7578 Y89.4797 Z23.2861 E0.21278 F1700
G1 X137.4847 Y89.9934 Z23.3952 E0.21251 F1700
G1 X138.1979 Y90.5260 Z23.4928 E0.21220 F1700
G1 X138.8969 Y91.0770 Z23.5764 E0.21186 F1700
G1 X139.5812 Y91.6462 Z23.6441 E0.21154 F1700
G1 X140.2504 Y92.2331 Z23.6942 E0.21127 F1700
G1 X140.9041 Y92.8373 Z23.7256 E0.21106 F1700
G1 X141.5416 Y93.4584 Z23.7375 E0.21095 F1700
G1 X142.1627 Y94.0959 Z23.7297 E0.21094 F1700
G1 X142.7669 Y94.7496 Z23.7025 E0.21103 F1700
G1 X143.3538 Y95.4188 Z23.6566 E0.21121 F1700
G1 X143.9230 Y96.1031 Z23.5930 E0.21147 F1700
G1 X144.4740 Y96.8021 Z23.5136 E0.21177 F1700
G1 X145.0066 Y97.5153 Z23.4202 E0.21209 F1700
G1 X145.5203 Y98.2422 Z23.3153 E0.21239 F1700
G1 X146.0148 Y98.9823 Z23.2014 E0.21265 F1700
G1 X146.4898 Y99.7350 Z23.0814 E0.21284 F1700
G1 X146.9449 Y100.5000 Z22.9583 E0.21294 F1700
G1 X147.3798 Y101.2766 Z22.8353 E0.21294 F1700
G1 X147.7942 Y102.0643 Z22.7153 E0.21284 F1700
G1 X148.1879 Y102.8626 Z22.6014 E0.21265 F1700
G1 X148.5605 Y103.6710 Z22.4964 E0.21239 F1700
G1 X148.9119 Y104.4888 Z22.4031 E0.21209 F1700
G1 X149.2417 Y105.3155 Z22.3236 E0.21177 F1700
G1 X149.5498 Y106.1506 Z22.2601 E0.21147 F1700
G1 X149.8359 Y106.9934 Z22.2142 E0.21121 F1700
G1 X150.0999 Y107.8435 Z22.1869 E0.21103 F1700
G1 X150.3415 Y108.7002 Z22.1792 E0.21094 F1700
G1 X150.5606 Y109.5629 Z22.1911 E0.21095 F1700
G1 X150.7570 Y110.4310 Z22.2225 E0.21106 F1700
G1 X150.9307 Y111.3040 Z22.2726 E0.21127 F1700
G1 X151.0814 Y112.1812 Z22.3403 E0.21154 F1700
G1 X151.2091 Y113.0621 Z22.4239 E0.21186 F1700
G1 X151.3137 Y113.9460 Z22.5214 E0.21220 F1700
G1 X151.3952 Y114.8324 Z22.6306 E0.21251 F1700
G1 X151.4534 Y115.7206 Z22.7486 E0.21278 F1700
G1 X151.4883 Y116.6100 Z22.8728 E0.21297 F1700
G1 X151.5000 Y117.5000 Z23.0000 E0.21308 F1700
G1 X151.4883 Y118.3900 Z23.1272 E0.21308 F1700
G1 X151.4534 Y119.2794 Z23.2514 E0.21297 F1700
G1 X151.3952 Y120.1676 Z23.3694 E0.21278 F1700
G1 X151.3137 Y121.0540 Z23.4786 E0.21251 F1700
G1 X151.2091 Y121.9379 Z23.5761 E0.21220 F1700
G1 X151.0814 Y122.8188 Z23.6597 E0.21186 F1700
G1 X150.9307 Y123.6960 Z23.7274 E0.21154 F1700
G1 X150.7570 Y124.5690 Z23.7775 E0.21127 F1700
G1 X150.5606 Y125.4371 Z23.8089 E0.21106 F1700
G1 X150.3415 Y126.2998 Z23.8208 E0.21095 F1700
G1 X150.0999 Y127.1565 Z23.8131 E0.21094 F1700
G1 X149.8359 Y128.0066 Z23.7858 E0.21103 F1700
G1 X149.5498 Y128.8494 Z23.7399 E0.21121 F1700
G1 X149.2417 Y129.6845 Z23.6764 E0.21147 F1700
G1 X148.9119 Y130.5112 Z23.5969 E0.21177 F1700
G1 X148.5605 Y131.3290 Z23.5036 E0.21209 F1700
G1 X148.1879 Y132.1374 Z23.3986 E0.21239 F1700
G1 X147.7942 Y132.9357 Z23.2847 E0.21265 F1700
G1 X147.3798 Y133.7234 Z23.1647 E0.21284 F1700
G1 X146.9449 Y134.5000 Z23.0417 E0.21294 F1700
G1 X146.4898 Y135.2650 Z22.9186 E0.21294 F1700
G1 X146.0148 Y136.0177 Z22.7986 E0.21284 F1700
G1 X145.5203 Y136.7578 Z22.6847 E0.21265 F1700
G1 X145.0066 Y137.4847 Z22.5798 E0.21239 F1700
G1 X144.4740 Y138.1979 Z22.4864 E0.21209 F1700
G1 X143.9230 Y138.8969 Z22.4070 E0.21177 F1700
G1 X143.3538 Y139.5812 Z22.3434 E0.21147 F1700
G1 X142.7669 Y140.2504 Z22.2975 E0.21121 F1700
G1 X142.1627 Y140.9041 Z22.2703 E0.21103 F1700
G1 X141.5416 Y141.5416 Z22.2625 E0.21094 F1700
G1 X140.9041 Y142.1627 Z22.2744 E0.21095 F1700
G1 X140.2504 Y142.7669 Z22.3058 E0.21106 F1700
G1 X139.5812 Y143.3538 Z22.3559 E0.21127 F1700
G1 X138.8969 Y143.9230 Z22.4236 E0.21154 F1700
G1 X138.1979 Y144.4740 Z22.5072 E0.21186 F1700
G1 X137.4847 Y145.0066 Z22.6048 E0.21220 F1700
G1 X136.7578 Y145.5203 Z22.7139 E0.21251 F1700
G1 X136.0177 Y146.0148 Z22.8320 E0.21278 F1700
G1 X135.2650 Y146.4898 Z22.9561 E0.21297 F1700
G1 X134.5000 Y146.9449 Z23.0833 E0.21308 F1700
G1 X133.7234 Y147.3798 Z23.2106 E0.21308 F1700
G1 X132.9357 Y147.7942 Z23.3347 E0.21297 F1700
G1 X132.1374 Y148.1879 Z23.4528 E0.21278 F1700
G1 X131.3290 Y148.5605 Z23.5619 E0.21251 F1700
G1 X130.5112 Y148.9119 Z23.6594 E0.21220 F1700
G1 X129.6845 Y149.2417 Z23.7430 E0.21186 F1700
G1 X128.8494 Y149.5498 Z23.8107 E0.21154 F1700
G1 X128.0066 Y149.8359 Z23.8608 E0.21127 F1700
G1 X127.1565 Y150.0999 Z23.8922 E0.21106 F1700
G1 X126.2998 Y150.3415 Z23.9042 E0.21095 F1700
G1 X125.4371 Y150.5606 Z23.8964 E0.21094 F1700
G1 X124.5690 Y150.7570 Z23.8692 E0.21103 F1700
G1 X123.6960 Y150.9307 Z23.8232 E0.21121 F1700
G1 X122.8188 Y151.0814 Z23.7597 E0.21147 F1700
G1 X121.9379 Y151.2091 Z23.6803 E0.21177 F1700
G1 X121.0540 Y151.3137 Z23.5869 E0.21209 F1700
G1 X120.1676 Y151.3952 Z23.4819 E0.21239 F1700
G1 X119.2794 Y151.4534 Z23.3680 E0.21265 F1700
G1 X118.3900 Y151.4883 Z23.2481 E0.21284 F1700
G1 X117.5000 Y151.5000 Z23.1250 E0.21294 F1700
G1 X116.6100 Y151.4883 Z23.0019 E0.21294 F1700
G1 X115.7206 Y151.4534 Z22.8820 E0.21284 F1700
G1 X114.8324 Y151.3952 Z22.7681 E0.21265 F1700
G1 X113.9460 Y151.3137 Z22.6631 E0.21239 F1700
G1 X113.0621 Y151.2091 Z22.5697 E0.21209 F1700
G1 X112.1812 Y151.0814 Z22.4903 E0.21177 F1700
G1 X111.3040 Y150.9307 Z22.4268 E0.21147 F1700
G1 X110.4310 Y150.7570 Z22.3808 E0.21121 F1700
G1 X109.5629 Y150.5606 Z22.3536 E0.21103 F1700
G1 X108.7002 Y150.3415 Z22.3458 E0.21094 F1700
G1 X107.8435 Y150.0999 Z22.3578 E0.21095 F1700
G1 X106.9934 Y149.8359 Z22.3892 E0.21106 F1700
G1 X106.1506 Y149.5498 Z22.4393 E0.21127 F1700
G1 X105.3155 Y149.2417 Z22.5070 E0.21154 F1700
G1 X104.4888 Y148.9119 Z22.5906 E0.21186 F1700
G1 X103.6710 Y148.5605 Z22.6881 E0.21220 F1700
G1 X102.8626 Y148.1879 Z22.7972 E0.21251 F1700
G1 X102.0643 Y147.7942 Z22.9153 E0.21278 F1700
G1 X101.2766 Y147.3798 Z23.0394 E0.21297 F1700
G1 X100.5000 Y146.9449 Z23.1667 E0.21308 F1700
G1 X99.7350 Y146.4898 Z23.2939 E0.21308 F1700
G1 X98.9823 Y146.0148 Z23.4180 E0.21297 F1700
G1 X98.2422 Y145.5203 Z23.5361 E0.21278 F1700
G1 X97.5153 Y145.0066 Z23.6452 E0.21251 F1700
G1 X96.8021 Y144.4740 Z23.7428 E0.21220 F1700
G1 X96.1031 Y143.9230 Z23.8264 E0.21186 F1700
G1 X95.4188 Y143.3538 Z23.8941 E0.21154 F1700
G1 X94.7496 Y142.7669 Z23.9442 E0.21127 F1700
G1 X94.0959 Y142.1627 Z23.9756 E0.21106 F1700
G1 X93.4584 Y141.5416 Z23.9875 E0.21095 F1700
G1 X92.8373 Y140.9041 Z23.9797 E0.21094 F1700
G1 X92.2331 Y140.2504 Z23.9525 E0.21103 F1700
G1 X91.6462 Y139.5812 Z23.9066 E0.21121 F1700
G1 X91.0770 Y138.8969 Z23.8430 E0.21147 F1700
G1 X90.5260 Y138.1979 Z23.7636 E0.21177 F1700
G1 X89.9934 Y137.4847 Z23.6702 E0.21209 F1700
G1 X89.4797 Y136.7578 Z23.5653 E0.21239 F1700
G1 X88.9852 Y136.0177 Z23.4514 E0.21265 F1700
G1 X88.5102 Y135.2650 Z23.3314 E0.21284 F1700
G1 X88.0551 Y134.5000 Z23.2083 E0.21294 F1700
G1 X87.6202 Y133.7234 Z23.0853 E0.21294 F1700
G1 X87.2058 Y132.9357 Z22.9653 E0.21284 F1700
G1 X86.8121 Y132.1374 Z22.8514 E0.21265 F1700
G1 X86.4395 Y131.3290 Z22.7464 E0.21239 F1700
G1 X86.0881 Y130.5112 Z22.6531 E0.21209 F1700
G1 X85.7583 Y129.6845 Z22.5736 E0.21177 F1700
G1 X85.4502 Y128.8494 Z22.5101 E0.21147 F1700
G1 X85.1641 Y128.0066 Z22.4642 E0.21121 F1700
G1 X84.9001 Y127.1565 Z22.4369 E0.21103 F1700
G1 X84.6585 Y126.2998 Z22.4292 E0.21094 F1700
G1 X84.4394 Y125.4371 Z22.4411 E0.21095 F1700
G1 X84.2430 Y124.5690 Z22.4725 E0.21106 F1700
G1 X84.0693 Y123.6960 Z22.5226 E0.21127 F1700
G1 X83.9186 Y122.8188 Z22.5903 E0.21154 F1700
G1 X83.7909 Y121.9379 Z22.6739 E0.21186 F1700
G1 X83.6863 Y121.0540 Z22.7714 E0.21220 F1700
G1 X83.6048 Y120.1676 Z22.8806 E0.21251 F1700
G1 X83.5466 Y119.2794 Z22.9986 E0.21278 F1700
G1 X83.5117 Y118.3900 Z23.1228 E0.21297 F1700
G1 X83.5000 Y117.5000 Z23.2500 E0.21308 F1700
G1 X83.5117 Y116.6100 Z23.3772 E0.21308 F1700
G1 X83.5466 Y115.7206 Z23.5014 E0.21297 F1700
G1 X83.6048 Y114.8324 Z23.6194 E0.21278 F1700
G1 X83.6863 Y113.9460 Z23.7286 E0.21251 F1700
G1 X83.7909 Y113.0621 Z23.8261 E0.21220 F1700
G1 X83.9186 Y112.1812 Z23.9097 E0.21186 F1700
G1 X84.0693 Y111.3040 Z23.9774 E0.21154 F1700
G1 X84.2430 Y110.4310 Z24.0275 E0.21127 F1700
G1 X84.4394 Y109.5629 Z24.0589 E0.21106 F1700
G1 X84.6585 Y108.7002 Z24.0708 E0.21095 F1700
G1 X84.9001 Y107.8435 Z24.0631 E0.21094 F1700
G1 X85.1641 Y106.9934 Z24.0358 E0.21103 F1700
G1 X85.4502 Y106.1506 Z23.9899 E0.21121 F1700
G1 X85.7583 Y105.3155 Z23.9264 E0.21147 F1700
G1 X86.0881 Y104.4888 Z23.8469 E0.21177 F1700
G1 X86.4395 Y103.6710 Z23.7536 E0.21209 F1700
G1 X86.8121 Y102.8626 Z23.6486 E0.21239 F1700
G1 X87.2058 Y102.0643 Z23.5347 E0.21265 F1700
G1 X87.6202 Y101.2766 Z23.4147 E0.21284 F1700
G1 X88.0551 Y100.5000 Z23.2917 E0.21294 F1700
G1 X88.5102 Y99.7350 Z23.1686 E0.21294 F1700
G1 X88.9852 Y98.9823 Z23.0486 E0.21284 F1700
G1 X89.4797 Y98.2422 Z22.9347 E0.21265 F1700
G1 X89.9934 Y97.5153 Z22.8298 E0.21239 F1700
G1 X90.5260 Y96.8021 Z22.7364 E0.21209 F1700
G1 X91.0770 Y96.1031 Z22.6570 E0.21177 F1700
G1 X91.6462 Y95.4188 Z22.5934 E0.21147 F1700
G1 X92.2331 Y94.7496 Z22.5475 E0.21121 F1700
G1 X92.8373 Y94.0959 Z22.5203 E0.21103 F1700
G1 X93.4584 Y93.4584 Z22.5125 E0.21094 F1700
G1 X94.0959 Y92.8373 Z22.5244 E0.21095 F1700
G1 X94.7496 Y92.2331 Z22.5558 E0.21106 F1700
G1 X95.4188 Y91.6462 Z22.6059 E0.21127 F1700
G1 X96.1031 Y91.0770 Z22.6736 E0.21154 F1700
G1 X96.8021 Y90.5260 Z22.7572 E0.21186 F1700
G1 X97.5153 Y89.9934 Z22.8548 E0.21220 F1700
G1 X98.2422 Y89.4797 Z22.9639 E0.21251 F1700
G1 X98.9823 Y88.9852 Z23.0820 E0.21278 F1700
G1 X99.7350 Y88.5102 Z23.2061 E0.21297 F1700
G1 X100.5000 Y88.0551 Z23.3333 E0.21308 F1700
G1 X101.2766 Y87.6202 Z23.4606 E0.21308 F1700
G1 X102.0643 Y87.2058 Z23.5847 E0.21297 F1700
G1 X102.8626 Y86.8121 Z23.7028 E0.21278 F1700
G1 X103.6710 Y86.4395 Z23.8119 E0.21251 F1700
G1 X104.4888 Y86.0881 Z23.9094 E0.21220 F1700
G1 X105.3155 Y85.7583 Z23.9930 E0.21186 F1700
G1 X106.1506 Y85.4502 Z24.0607 E0.21154 F1700
G1 X106.9934 Y85.1641 Z24.1108 E0.21127 F1700
G1 X107.8435 Y84.9001 Z24.1422 E0.21106 F1700
G1 X108.7002 Y84.6585 Z24.1542 E0.21095 F1700
G1 X109.5629 Y84.4394 Z24.1464 E0.21094 F1700
G1 X110.4310 Y84.2430 Z24.1192 E0.21103 F1700
G1 X111.3040 Y84.0693 Z24.0732 E0.21121 F1700
G1 X112.1812 Y83.9186 Z24.0097 E0.21147 F1700
G1 X113.0621 Y83.7909 Z23.9303 E0.21177 F1700
G1 X113.9460 Y83.6863 Z23.8369 E0.21209 F1700
G1 X114.8324 Y83.6048 Z23.7319 E0.21239 F1700
G1 X115.7206 Y83.5466 Z23.6180 E0.21265 F1700
G1 X116.6100 Y83.5117 Z23.4981 E0.21284 F1700
G1 X117.5000 Y83.5000 Z23.3750 E0.21294 F1700
G1 X118.3900 Y83.5117 Z23.2519 E0.21294 F1700
G1 X119.2794 Y83.5466 Z23.1320 E0.21284 F1700
G1 X120.1676 Y83.6048 Z23.0181 E0.21265 F1700
G1 X121.0540 Y83.6863 Z22.9131 E0.21239 F1700
G1 X121.9379 Y83.7909 Z22.8197 E0.21209 F1700
G1 X122.8188 Y83.9186 Z22.7403 E0.21177 F1700
G1 X123.6960 Y84.0693 Z22.6768 E0.21147 F1700
G1 X124.5690 Y84.2430 Z22.6308 E0.21121 F1700
G1 X125.4371 Y84.4394 Z22.6036 E0.21103 F1700
G1 X126.2998 Y84.6585 Z22.5958 E0.21094 F1700
G1 X127.1565 Y84.9001 Z22.6078 E0.21095 F1700
G1 X128.0066 Y85.1641 Z22.6392 E0.21106 F1700
G1 X128.8494 Y85.4502 Z22.6893 E0.21127 F1700
G1 X129.6845 Y85.7583 Z22.7570 E0.21154 F1700
G1 X130.5112 Y86.0881 Z22.8406 E0.21186 F1700
G1 X131.3290 Y86.4395 Z22.9381 E0.21220 F1700
G1 X132.1374 Y86.8121 Z23.0472 E0.21251 F1700
G1 X132.9357 Y87.2058 Z23.1653 E0.21278 F1700
G1 X133.7234 Y87.6202 Z23.2894 E0.21297 F1700
G1 X134.5000 Y88.0551 Z23.4167 E0.21308 F1700
G1 X135.2650 Y88.5102 Z23.5439 E0.21308 F1700
G1 X136.0177 Y88.9852 Z23.6680 E0.21297 F1700
G1 X136.7578 Y89.4797 Z23.7861 E0.21278 F1700
G1 X137.4847 Y89.9934 Z23.8952 E0.21251 F1700
G1 X138.1979 Y90.5260 Z23.9928 E0.21220 F1700
G1 X138.8969 Y91.0770 Z24.0764 E0.21186 F1700
G1 X139.5812 Y91.6462 Z24.1441 E0.21154 F1700
G1 X140.2504 Y92.2331 Z24.1942 E0.21127 F1700
G1 X140.9041 Y92.8373 Z24.2256 E0.21106 F1700
G1 X141.5416 Y93.4584 Z24.2375 E0.21095 F1700
G1 X142.1627 Y94.0959 Z24.2297 E0.21094 F1700
G1 X142.7669 Y94.7496 Z24.2025 E0.21103 F1700
G1 X143.3538 Y95.4188 Z24.1566 E0.21121 F1700
G1 X143.9230 Y96.1031 Z24.0930 E0.21147 F1700
G1 X144.4740 Y96.8021 Z24.0136 E0.21177 F1700
G1 X145.0066 Y97.5153 Z23.9202 E0.21209 F1700
G1 X145.5203 Y98.2422 Z23.8153 E0.21239 F1700
G1 X146.0148 Y98.9823 Z23.7014 E0.21265 F1700
G1 X146.4898 Y99.7350 Z23.5814 E0.21284 F1700
G1 X146.9449 Y100.5000 Z23.4583 E0.21294 F1700
G1 X147.3798 Y101.2766 Z23.3353 E0.21294 F1700
G1 X147.7942 Y102.0643 Z23.2153 E0.21284 F1700
G1 X148.1879 Y102.8626 Z23.1014 E0.21265 F1700
G1 X148.5605 Y103.6710 Z22.9964 E0.21239 F1700
G1 X148.9119 Y104.4888 Z22.9031 E0.21209 F1700
G1 X149.2417 Y105.3155 Z22.8236 E0.21177 F1700
G1 X149.5498 Y106.1506 Z22.7601 E0.21147 F1700
G1 X149.8359 Y106.9934 Z22.7142 E0.21121 F1700
G1 X150.0999 Y107.8435 Z22.6869 E0.21103 F1700
G1 X150.3415 Y108.7002 Z22.6792 E0.21094 F1700
G1 X150.5606 Y109.5629 Z22.6911 E0.21095 F1700
G1 X150.7570 Y110.4310 Z22.7225 E0.21106 F1700
G1 X150.9307 Y111.3040 Z22.7726 E0.21127 F1700
G1 X151.0814 Y112.1812 Z22.8403 E0.21154 F1700
G1 X151.2091 Y113.0621 Z22.9239 E0.21186 F1700
G1 X151.3137 Y113.9460 Z23.0214 E0.21220 F1700
G1 X151.3952 Y114.8324 Z23.1306 E0.21251 F1700
G1 X151.4534 Y115.7206 Z23.2486 E0.21278 F1700
G1 X151.4883 Y116.6100 Z23.3728 E0.21297 F1700
G1 X151.5000 Y117.5000 Z23.5000 E0.21308 F1700
G1 X151.4883 Y118.3900 Z23.6272 E0.21308 F1700
G1 X151.4534 Y119.2794 Z23.7514 E0.21297 F1700
G1 X151.3952 Y120.1676 Z23.8694 E0.21278 F1700
G1 X151.3137 Y121.0540 Z23.9786 E0.21251 F1700
G1 X151.2091 Y121.9379 Z24.0761 E0.21220 F1700
G1 X151.0814 Y122.8188 Z24.1597 E0.21186 F1700
G1 X150.9307 Y123.6960 Z24.2274 E0.21154 F1700
G1 X150.7570 Y124.5690 Z24.2775 E0.21127 F1700
G1 X150.5606 Y125.4371 Z24.3089 E0.21106 F1700
G1 X150.3415 Y126.2998 Z24.3208 E0.21095 F1700
G1 X150.0999 Y127.1565 Z24.3131 E0.21094 F1700
G1 X149.8359 Y128.0066 Z24.2858 E0.21103 F1700
G1 X149.5498 Y128.8494 Z24.2399 E0.21121 F1700
G1 X149.2417 Y129.6845 Z24.1764 E0.21147 F1700
G1 X148.9119 Y130.5112 Z24.0969 E0.21177 F1700
G1 X148.5605 Y131.3290 Z24.0036 E0.21209 F1700
G1 X148.1879 Y132.1374 Z23.8986 E0.21239 F1700
G1 X147.7942 Y132.9357 Z23.7847 E0.21265 F1700
G1 X147.3798 Y133.7234 Z23.6647 E0.21284 F1700
G1 X146.9449 Y134.5000 Z23.5417 E0.21294 F1700
G1 X146.4898 Y135.2650 Z23.4186 E0.21294 F1700
G1 X146.0148 Y136.0177 Z23.2986 E0.21284 F1700
G1 X145.5203 Y136.7578 Z23.1847 E0.21265 F1700
G1 X145.0066 Y137.4847 Z23.0798 E0.21239 F1700
G1 X144.4740 Y138.1979 Z22.9864 E0.21209 F1700
G1 X143.9230 Y138.8969 Z22.9070 E0.21177 F1700
G1 X143.3538 Y139.5812 Z22.8434 E0.21147 F1700
G1 X142.7669 Y140.2504 Z22.7975 E0.21121 F1700
G1 X142.1627 Y140.9041 Z22.7703 E0.21103 F1700
G1 X141.5416 Y141.5416 Z22.7625 E0.21094 F1700
G1 X140.9041 Y142.1627 Z22.7744 E0.21095 F1700
G1 X140.2504 Y142.7669 Z22.8058 E0.21106 F1700
G1 X139.5812 Y143.3538 Z22.8559 E0.21127 F1700
G1 X138.8969 Y143.9230 Z22.9236 E0.21154 F1700
G1 X138.1979 Y144.4740 Z23.0072 E0.21186 F1700
G1 X137.4847 Y145.0066 Z23.1048 E0.21220 F1700
G1 X136.7578 Y145.5203 Z23.2139 E0.21251 F1700
G1 X136.0177 Y146.0148 Z23.3320 E0.21278 F1700
G1 X135.2650 Y146.4898 Z23.4561 E0.21297 F1700
G1 X134.5000 Y146.9449 Z23.5833 E0.21308 F1700
G1 X133.7234 Y147.3798 Z23.7106 E0.21308 F1700
G1 X132.9357 Y147.7942 Z23.8347 E0.21297 F1700
G1 X132.1374 Y148.1879 Z23.9528 E0.21278 F1700
G1 X131.3290 Y148.5605 Z24.0619 E0.21251 F1700
G1 X130.5112 Y148.9119 Z24.1594 E0.21220 F1700
G1 X129.6845 Y149.2417 Z24.2430 E0.21186 F1700
G1 X128.8494 Y149.5498 Z24.3107 E0.21154 F1700
G1 X128.0066 Y149.8359 Z24.3608 E0.21127 F1700
G1 X127.1565 Y150.0999 Z24.3922 E0.21106 F1700
G1 X126.2998 Y150.3415 Z24.4042 E0.21095 F1700
G1 X125.4371 Y150.5606 Z24.3964 E0.21094 F1700
G1 X124.5690 Y150.7570 Z24.3692 E0.21103 F1700
G1 X123.6960 Y150.9307 Z24.3232 E0.21121 F1700
G1 X122.8188 Y151.0814 Z24.2597 E0.21147 F1700
G1 X121.9379 Y151.2091 Z24.1803 E0.21177 F1700
G1 X121.0540 Y151.3137 Z24.0869 E0.21209 F1700
G1 X120.1676 Y151.3952 Z23.9819 E0.21239 F1700
G1 X119.2794 Y151.4534 Z23.8680 E0.21265 F1700
G1 X118.3900 Y151.4883 Z23.7481 E0.21284 F1700
G1 X117.5000 Y151.5000 Z23.6250 E0.21294 F1700
G1 X116.6100 Y151.4883 Z23.5019 E0.21294 F1700
G1 X115.7206 Y151.4534 Z23.3820 E0.21284 F1700
G1 X114.8324 Y151.3952 Z23.2681 E0.21265 F1700
G1 X113.9460 Y151.3137 Z23.1631 E0.21239 F1700
G1 X113.0621 Y151.2091 Z23.0697 E0.21209 F1700
G1 X112.1812 Y151.0814 Z22.9903 E0.21177 F1700
G1 X111.3040 Y150.9307 Z22.9268 E0.21147 F1700
G1 X110.4310 Y150.7570 Z22.8808 E0.21121 F1700
G1 X109.5629 Y150.5606 Z22.8536 E0.21103 F1700
G1 X108.7002 Y150.3415 Z22.8458 E0.21094 F1700
G1 X107.8435 Y150.0999 Z22.8578 E0.21095 F1700
G1 X106.9934 Y149.8359 Z22.8892 E0.21106 F1700
G1 X106.1506 Y149.5498 Z22.9393 E0.21127 F1700
G1 X105.3155 Y149.2417 Z23.0070 E0.21154 F1700
G1 X104.4888 Y148.9119 Z23.0906 E0.21186 F1700
G1 X103.6710 Y148.5605 Z23.1881 E0.21220 F1700
G1 X102.8626 Y148.1879 Z23.2972 E0.21251 F1700
G1 X102.0643 Y147.7942 Z23.4153 E0.21278 F1700
G1 X101.2766 Y147.3798 Z23.5394 E0.21297 F1700
G1 X100.5000 Y146.9449 Z23.6667 E0.21308 F1700
G1 X99.7350 Y146.4898 Z23.7939 E0.21308 F1700
G1 X98.9823 Y146.0148 Z23.9180 E0.21297 F1700
G1 X98.2422 Y145.5203 Z24.0361 E0.21278 F1700
G1 X97.5153 Y145.0066 Z24.1452 E0.21251 F1700
G1 X96.8021 Y144.4740 Z24.2428 E0.21220 F1700
G1 X96.1031 Y143.9230 Z24.3264 E0.21186 F1700
G1 X95.4188 Y143.3538 Z24.3941 E0.21154 F1700
G1 X94.7496 Y142.7669 Z24.4442 E0.21127 F1700
G1 X94.0959 Y142.1627 Z24.4756 E0.21106 F1700
G1 X93.4584 Y141.5416 Z24.4875 E0.21095 F1700
G1 X92.8373 Y140.9041 Z24.4797 E0.21094 F1700
G1 X92.2331 Y140.2504 Z24.4525 E0.21103 F1700
G1 X91.6462 Y139.5812 Z24.4066 E0.21121 F1700
G1 X91.0770 Y138.8969 Z24.3430 E0.21147 F1700
G1 X90.5260 Y138.1979 Z24.2636 E0.21177 F1700
G1 X89.9934 Y137.4847 Z24.1702 E0.21209 F1700
G1 X89.4797 Y136.7578 Z24.0653 E0.21239 F1700
G1 X88.9852 Y136.0177 Z23.9514 E0.21265 F1700
G1 X88.5102 Y135.2650 Z23.8314 E0.21284 F1700
G1 X88.0551 Y134.5000 Z23.7083 E0.21294 F1700
G1 X87.6202 Y133.7234 Z23.5853 E0.21294 F1700
G1 X87.2058 Y132.9357 Z23.4653 E0.21284 F1700
G1 X86.8121 Y132.1374 Z23.3514 E0.21265 F1700
G1 X86.4395 Y131.3290 Z23.2464 E0.21239 F1700
G1 X86.0881 Y130.5112 Z23.1531 E0.21209 F1700
G1 X85.7583 Y129.6845 Z23.0736 E0.21177 F1700
G1 X85.4502 Y128.8494 Z23.0101 E0.21147 F1700
G1 X85.1641 Y128.0066 Z22.9642 E0.21121 F1700
G1 X84.9001 Y127.1565 Z22.9369 E0.21103 F1700
G1 X84.6585 Y126.2998 Z22.9292 E0.21094 F1700
G1 X84.4394 Y125.4371 Z22.9411 E0.21095 F1700
G1 X84.2430 Y124.5690 Z22.9725 E0.21106 F1700
G1 X84.0693 Y123.6960 Z23.0226 E0.21127 F1700
G1 X83.9186 Y122.8188 Z23.0903 E0.21154 F1700
G1 X83.7909 Y121.9379 Z23.1739 E0.21186 F1700
G1 X83.6863 Y121.0540 Z23.2714 E0.21220 F1700
G1 X83.6048 Y120.1676 Z23.3806 E0.21251 F1700
G1 X83.5466 Y119.2794 Z23.4986 E0.21278 F1700
G1 X83.5117 Y118.3900 Z23.6228 E0.21297 F1700
G1 X83.5000 Y117.5000 Z23.7500 E0.21308 F1700
G1 X83.5117 Y116.6100 Z23.8772 E0.21308 F1700
G1 X83.5466 Y115.7206 Z24.0014 E0.21297 F1700
G1 X83.6048 Y114.8324 Z24.1194 E0.21278 F1700
G1 X83.6863 Y113.9460 Z24.2286 E0.21251 F1700
G1 X83.7909 Y113.0621 Z24.3261 E0.21220 F1700
G1 X83.9186 Y112.1812 Z24.4097 E0.21186 F1700
G1 X84.0693 Y111.3040 Z24.4774 E0.21154 F1700
G1 X84.2430 Y110.4310 Z24.5275 E0.21127 F1700
G1 X84.4394 Y109.5629 Z24.5589 E0.21106 F1700
G1 X84.6585 Y108.7002 Z24.5708 E0.21095 F1700
G1 X84.9001 Y107.8435 Z24.5631 E0.21094 F1700
G1 X85.1641 Y106.9934 Z24.5358 E0.21103 F1700
G1 X85.4502 Y106.1506 Z24.4899 E0.21121 F1700
G1 X85.7583 Y105.3155 Z24.4264 E0.21147 F1700
G1 X86.0881 Y104.4888 Z24.3469 E0.21177 F1700
G1 X86.4395 Y103.6710 Z24.2536 E0.21209 F1700
G1 X86.8121 Y102.8626 Z24.1486 E0.21239 F1700
G1 X87.2058 Y102.0643 Z24.0347 E0.21265 F1700
G1 X87.6202 Y101.2766 Z23.9147 E0.21284 F1700
G1 X88.0551 Y100.5000 Z23.7917 E0.21294 F1700
G1 X88.5102 Y99.7350 Z23.6686 E0.21294 F1700
G1 X88.9852 Y98.9823 Z23.5486 E0.21284 F1700
G1 X89.4797 Y98.2422 Z23.4347 E0.21265 F1700
G1 X89.9934 Y97.5153 Z23.3298 E0.21239 F1700
G1 X90.5260 Y96.8021 Z23.2364 E0.21209 F1700
G1 X91.0770 Y96.1031 Z23.1570 E0.21177 F1700
G1 X91.6462 Y95.4188 Z23.0934 E0.21147 F1700
G1 X92.2331 Y94.7496 Z23.0475 E0.21121 F1700
G1 X92.8373 Y94.0959 Z23.0203 E0.21103 F1700
G1 X93.4584 Y93.4584 Z23.0125 E0.21094 F1700
G1 X94.0959 Y92.8373 Z23.0244 E0.21095 F1700
G1 X94.7496 Y92.2331 Z23.0558 E0.21106 F1700
G1 X95.4188 Y91.6462 Z23.1059 E0.21127 F1700
G1 X96.1031 Y91.0770 Z23.1736 E0.21154 F1700
G1 X96.8021 Y90.5260 Z23.2572 E0.21186 F1700
G1 X97.5153 Y89.9934 Z23.3548 E0.21220 F1700
G1 X98.2422 Y89.4797 Z23.4639 E0.21251 F1700
G1 X98.9823 Y88.9852 Z23.5820 E0.21278 F1700
G1 X99.7350 Y88.5102 Z23.7061 E0.21297 F1700
G1 X100.5000 Y88.0551 Z23.8333 E0.21308 F1700
G1 X101.2766 Y87.6202 Z23.9606 E0.21308 F1700
G1 X102.0643 Y87.2058 Z24.0847 E0.21297 F1700
G1 X102.8626 Y86.8121 Z24.2028 E0.21278 F1700
G1 X103.6710 Y86.4395 Z24.3119 E0.21251 F1700
G1 X104.4888 Y86.0881 Z24.4094 E0.21220 F1700
G1 X105.3155 Y85.7583 Z24.4930 E0.21186 F1700
G1 X106.1506 Y85.4502 Z24.5607 E0.21154 F1700
G1 X106.9934 Y85.1641 Z24.6108 E0.21127 F1700
G1 X107.8435 Y84.9001 Z24.6422 E0.21106 F1700
G1 X108.7002 Y84.6585 Z24.6542 E0.21095 F1700
G1 X109.5629 Y84.4394 Z24.6464 E0.21094 F1700
G1 X110.4310 Y84.2430 Z24.6192 E0.21103 F1700
G1 X111.3040 Y84.0693 Z24.5732 E0.21121 F1700
G1 X112.1812 Y83.9186 Z24.5097 E0.21147 F1700
G1 X113.0621 Y83.7909 Z24.4303 E0.21177 F1700
G1 X113.9460 Y83.6863 Z24.3369 E0.21209 F1700
G1 X114.8324 Y83.6048 Z24.2319 E0.21239 F1700
G1 X115.7206 Y83.5466 Z24.1180 E0.21265 F1700
G1 X116.6100 Y83.5117 Z23.9981 E0.21284 F1700
G1 X117.5000 Y83.5000 Z23.8750 E0.21294 F1700
G1 X118.3900 Y83.5117 Z23.7519 E0.21294 F1700
G1 X119.2794 Y83.5466 Z23.6320 E0.21284 F1700
G1 X120.1676 Y83.6048 Z23.5181 E0.21265 F1700
G1 X121.0540 Y83.6863 Z23.4131 E0.21239 F1700
G1 X121.9379 Y83.7909 Z23.3197 E0.21209 F1700
G1 X122.8188 Y83.9186 Z23.2403 E0.21177 F1700
G1 X123.6960 Y84.0693 Z23.1768 E0.21147 F1700
G1 X124.5690 Y84.2430 Z23.1308 E0.21121 F1700
G1 X125.4371 Y84.4394 Z23.1036 E0.21103 F1700
G1 X126.2998 Y84.6585 Z23.0958 E0.21094 F1700
G1 X127.1565 Y84.9001 Z23.1078 E0.21095 F1700
G1 X128.0066 Y85.1641 Z23.1392 E0.21106 F1700
G1 X128.8494 Y85.4502 Z23.1893 E0.21127 F1700
G1 X129.6845 Y85.7583 Z23.2570 E0.21154 F1700
G1 X130.5112 Y86.0881 Z23.3406 E0.21186 F1700
G1 X131.3290 Y86.4395 Z23.4381 E0.21220 F1700
G1 X132.1374 Y86.8121 Z23.5472 E0.21251 F1700
G1 X132.9357 Y87.2058 Z23.6653 E0.21278 F1700
G1 X133.7234 Y87.6202 Z23.7894 E0.21297 F1700
G1 X134.5000 Y88.0551 Z23.9167 E0.21308 F1700
G1 X135.2650 Y88.5102 Z24.0439 E0.21308 F1700
G1 X136.0177 Y88.9852 Z24.1680 E0.21297 F1700
G1 X136.7578 Y89.4797 Z24.2861 E0.21278 F1700
G1 X137.4847 Y89.9934 Z24.3952 E0.21251 F1700
G1 X138.1979 Y90.5260 Z24.4928 E0.21220 F1700
G1 X138.8969 Y91.0770 Z24.5764 E0.21186 F1700
G1 X139.5812 Y91.6462 Z24.6441 E0.21154 F1700
G1 X140.2504 Y92.2331 Z24.6942 E0.21127 F1700
G1 X140.9041 Y92.8373 Z24.7256 E0.21106 F1700
G1 X141.5416 Y93.4584 Z24.7375 E0.21095 F1700
G1 X142.1627 Y94.0959 Z24.7297 E0.21094 F1700
G1 X142.7669 Y94.7496 Z24.7025 E0.21103 F1700
G1 X143.3538 Y95.4188 Z24.6566 E0.21121 F1700
G1 X143.9230 Y96.1031 Z24.5930 E0.21147 F1700
G1 X144.4740 Y96.8021 Z24.5136 E0.21177 F1700
G1 X145.0066 Y97.5153 Z24.4202 E0.21209 F1700
G1 X145.5203 Y98.2422 Z24.3153 E0.21239 F1700
G1 X146.0148 Y98.9823 Z24.2014 E0.21265 F1700
G1 X146.4898 Y99.7350 Z24.0814 E0.21284 F1700
G1 X146.9449 Y100.5000 Z23.9583 E0.21294 F1700
G1 X147.3798 Y101.2766 Z23.8353 E0.21294 F1700
G1 X147.7942 Y102.0643 Z23.7153 E0.21284 F1700
G1 X148.1879 Y102.8626 Z23.6014 E0.21265 F1700
G1 X148.5605 Y103.6710 Z23.4964 E0.21239 F1700
G1 X148.9119 Y104.4888 Z23.4031 E0.21209 F1700
G1 X149.2417 Y105.3155 Z23.3236 E0.21177 F1700
G1 X149.5498 Y106.1506 Z23.2601 E0.21147 F1700
G1 X149.8359 Y106.9934 Z23.2142 E0.21121 F1700
G1 X150.0999 Y107.8435 Z23.1869 E0.21103 F1700
G1 X150.3415 Y108.7002 Z23.1792 E0.21094 F1700
G1 X150.5606 Y109.5629 Z23.1911 E0.21095 F1700
G1 X150.7570 Y110.4310 Z23.2225 E0.21106 F1700
G1 X150.9307 Y111.3040 Z23.2726 E0.21127 F1700
G1 X151.0814 Y112.1812 Z23.3403 E0.21154 F1700
G1 X151.2091 Y113.0621 Z23.4239 E0.21186 F1700
G1 X151.3137 Y113.9460 Z23.5214 E0.21220 F1700
G1 X151.3952 Y114.8324 Z23.6306 E0.21251 F1700
G1 X151.4534 Y115.7206 Z23.7486 E0.21278 F1700
G1 X151.4883 Y116.6100 Z23.8728 E0.21297 F1700
G1 X151.5000 Y117.5000 Z24.0000 E0.21308 F1700
G1 X151.4883 Y118.3900 Z24.1272 E0.21308 F1700
G1 X151.4534 Y119.2794 Z24.2514 E0.21297 F1700
G1 X151.3952 Y120.1676 Z24.3694 E0.21278 F1700
G1 X151.3137 Y121.0540 Z24.4786 E0.21251 F1700
G1 X151.2091 Y121.9379 Z24.5761 E0.21220 F1700
G1 X151.0814 Y122.8188 Z24.6597 E0.21186 F1700
G1 X150.9307 Y123.6960 Z24.7274 E0.21154 F1700
G1 X150.7570 Y124.5690 Z24.7775 E0.21127 F1700
G1 X150.5606 Y125.4371 Z24.8089 E0.21106 F1700
G1 X150.3415 Y126.2998 Z24.8208 E0.21095 F1700
G1 X150.0999 Y127.1565 Z24.8131 E0.21094 F1700
G1 X149.8359 Y128.0066 Z24.7858 E0.21103 F1700
G1 X149.5498 Y128.8494 Z24.7399 E0.21121 F1700
G1 X149.2417 Y129.6845 Z24.6764 E0.21147 F1700
G1 X148.9119 Y130.5112 Z24.5969 E0.21177 F1700
G1 X148.5605 Y131.3290 Z24.5036 E0.21209 F1700
G1 X148.1879 Y132.1374 Z24.3986 E0.21239 F1700
G1 X147.7942 Y132.9357 Z24.2847 E0.21265 F1700
G1 X147.3798 Y133.7234 Z24.1647 E0.21284 F1700
G1 X146.9449 Y134.5000 Z24.0417 E0.21294 F1700
G1 X146.4898 Y135.2650 Z23.9186 E0.21294 F1700
G1 X146.0148 Y136.0177 Z23.7986 E0.21284 F1700
G1 X145.5203 Y136.7578 Z23.6847 E0.21265 F1700
G1 X145.0066 Y137.4847 Z23.5798 E0.21239 F1700
G1 X144.4740 Y138.1979 Z23.4864 E0.21209 F1700
G1 X143.9230 Y138.8969 Z23.4070 E0.21177 F1700
G1 X143.3538 Y139.5812 Z23.3434 E0.21147 F1700
G1 X142.7669 Y140.2504 Z23.2975 E0.21121 F1700
G1 X142.1627 Y140.9041 Z23.2703 E0.21103 F1700
G1 X141.5416 Y141.5416 Z23.2625 E0.21094 F1700
G1 X140.9041 Y142.1627 Z23.2744 E0.21095 F1700
G1 X140.2504 Y142.7669 Z23.3058 E0.21106 F1700
G1 X139.5812 Y143.3538 Z23.3559 E0.21127 F1700
G1 X138.8969 Y143.9230 Z23.4236 E0.21154 F1700
G1 X138.1979 Y144.4740 Z23.5072 E0.21186 F1700
G1 X137.4847 Y145.0066 Z23.6048 E0.21220 F1700
G1 X136.7578 Y145.5203 Z23.7139 E0.21251 F1700
G1 X136.0177 Y146.0148 Z23.8320 E0.21278 F1700
G1 X135.2650 Y146.4898 Z23.9561 E0.21297 F1700
G1 X134.5000 Y146.9449 Z24.0833 E0.21308 F1700
G1 X133.7234 Y147.3798 Z24.2106 E0.21308 F1700
G1 X132.9357 Y147.7942 Z24.3347 E0.21297 F1700
G1 X132.1374 Y148.1879 Z24.4528 E0.21278 F1700
G1 X131.3290 Y148.5605 Z24.5619 E0.21251 F1700
G1 X130.5112 Y148.9119 Z24.6594 E0.21220 F1700
G1 X129.6845 Y149.2417 Z24.7430 E0.21186 F1700
G1 X128.8494 Y149.5498 Z24.8107 E0.21154 F1700
G1 X128.0066 Y149.8359 Z24.8608 E0.21127 F1700
G1 X127.1565 Y150.0999 Z24.8922 E0.21106 F1700
G1 X126.2998 Y150.3415 Z24.9042 E0.21095 F1700
G1 X125.4371 Y150.5606 Z24.8964 E0.21094 F1700
G1 X124.5690 Y150.7570 Z24.8692 E0.21103 F1700
G1 X123.6960 Y150.9307 Z24.8232 E0.21121 F1700
G1 X122.8188 Y151.0814 Z24.7597 E0.21147 F1700
G1 X121.9379 Y151.2091 Z24.6803 E0.21177 F1700
G1 X121.0540 Y151.3137 Z24.5869 E0.21209 F1700
G1 X120.1676 Y151.3952 Z24.4819 E0.21239 F1700
G1 X119.2794 Y151.4534 Z24.3680 E0.21265 F1700
G1 X118.3900 Y151.4883 Z24.2481 E0.21284 F1700
G1 X117.5000 Y151.5000 Z24.1250 E0.21294 F1700
G1 X116.6100 Y151.4883 Z24.0019 E0.21294 F1700
G1 X115.7206 Y151.4534 Z23.8820 E0.21284 F1700
G1 X114.8324 Y151.3952 Z23.7681 E0.21265 F1700
G1 X113.9460 Y151.3137 Z23.6631 E0.21239 F1700
G1 X113.0621 Y151.2091 Z23.5697 E0.21209 F1700
G1 X112.1812 Y151.0814 Z23.4903 E0.21177 F1700
G1 X111.3040 Y150.9307 Z23.4268 E0.21147 F1700
G1 X110.4310 Y150.7570 Z23.3808 E0.21121 F1700
G1 X109.5629 Y150.5606 Z23.3536 E0.21103 F1700
G1 X108.7002 Y150.3415 Z23.3458 E0.21094 F1700
G1 X107.8435 Y150.0999 Z23.3578 E0.21095 F1700
G1 X106.9934 Y149.8359 Z23.3892 E0.21106 F1700
G1 X106.1506 Y149.5498 Z23.4393 E0.21127 F1700
G1 X105.3155 Y149.2417 Z23.5070 E0.21154 F1700
G1 X104.4888 Y148.9119 Z23.5906 E0.21186 F1700
G1 X103.6710 Y148.5605 Z23.6881 E0.21220 F1700
G1 X102.8626 Y148.1879 Z23.7972 E0.21251 F1700
G1 X102.0643 Y147.7942 Z23.9153 E0.21278 F1700
G1 X101.2766 Y147.3798 Z24.0394 E0.21297 F1700
G1 X100.5000 Y146.9449 Z24.1667 E0.21308 F1700
G1 X99.7350 Y146.4898 Z24.2939 E0.21308 F1700
G1 X98.9823 Y146.0148 Z24.4180 E0.21297 F1700
G1 X98.2422 Y145.5203 Z24.5361 E0.21278 F1700
G1 X97.5153 Y145.0066 Z24.6452 E0.21251 F1700
G1 X96.8021 Y144.4740 Z24.7428 E0.21220 F1700
G1 X96.1031 Y143.9230 Z24.8264 E0.21186 F1700
G1 X95.4188 Y143.3538 Z24.8941 E0.21154 F1700
G1 X94.7496 Y142.7669 Z24.9442 E0.21127 F1700
G1 X94.0959 Y142.1627 Z24.9756 E0.21106 F1700
G1 X93.4584 Y141.5416 Z24.9875 E0.21095 F1700
G1 X92.8373 Y140.9041 Z24.9797 E0.21094 F1700
G1 X92.2331 Y140.2504 Z24.9525 E0.21103 F1700
G1 X91.6462 Y139.5812 Z24.9066 E0.21121 F1700
G1 X91.0770 Y138.8969 Z24.8430 E0.21147 F1700
G1 X90.5260 Y138.1979 Z24.7636 E0.21177 F1700
G1 X89.9934 Y137.4847 Z24.6702 E0.21209 F1700
G1 X89.4797 Y136.7578 Z24.5653 E0.21239 F1700
G1 X88.9852 Y136.0177 Z24.4514 E0.21265 F1700
G1 X88.5102 Y135.2650 Z24.3314 E0.21284 F1700
G1 X88.0551 Y134.5000 Z24.2083 E0.21294 F1700
G1 X87.6202 Y133.7234 Z24.0853 E0.21294 F1700
G1 X87.2058 Y132.9357 Z23.9653 E0.21284 F1700
G1 X86.8121 Y132.1374 Z23.8514 E0.21265 F1700
G1 X86.4395 Y131.3290 Z23.7464 E0.21239 F1700
G1 X86.0881 Y130.5112 Z23.6531 E0.21209 F1700
G1 X85.7583 Y129.6845 Z23.5736 E0.21177 F1700
G1 X85.4502 Y128.8494 Z23.5101 E0.21147 F1700
G1 X85.1641 Y128.0066 Z23.4642 E0.21121 F1700
G1 X84.9001 Y127.1565 Z23.4369 E0.21103 F1700
G1 X84.6585 Y126.2998 Z23.4292 E0.21094 F1700
G1 X84.4394 Y125.4371 Z23.4411 E0.21095 F1700
G1 X84.2430 Y124.5690 Z23.4725 E0.21106 F1700
G1 X84.0693 Y123.6960 Z23.5226 E0.21127 F1700
G1 X83.9186 Y122.8188 Z23.5903 E0.21154 F1700
G1 X83.7909 Y121.9379 Z23.6739 E0.21186 F1700
G1 X83.6863 Y121.0540 Z23.7714 E0.21220 F1700
G1 X83.6048 Y120.1676 Z23.8806 E0.21251 F1700
G1 X83.5466 Y119.2794 Z23.9986 E0.21278 F1700
G1 X83.5117 Y118.3900 Z24.1228 E0.21297 F1700
G1 X83.5000 Y117.5000 Z24.2500 E0.21308 F1700
G1 X83.5117 Y116.6100 Z24.3772 E0.21308 F1700
G1 X83.5466 Y115.7206 Z24.5014 E0.21297 F1700
G1 X83.6048 Y114.8324 Z24.6194 E0.21278 F1700
G1 X83.6863 Y113.9460 Z24.7286 E0.21251 F1700
G1 X83.7909 Y113.0621 Z24.8261 E0.21220 F1700
G1 X83.9186 Y112.1812 Z24.9097 E0.21186 F1700
G1 X84.0693 Y111.3040 Z24.9774 E0.21154 F1700
G1 X84.2430 Y110.4310 Z25.0275 E0.21127 F1700
G1 X84.4394 Y109.5629 Z25.0589 E0.21106 F1700
G1 X84.6585 Y108.7002 Z25.0708 E0.21095 F1700
G1 X84.9001 Y107.8435 Z25.0631 E0.21094 F1700
G1 X85.1641 Y106.9934 Z25.0358 E0.21103 F1700
G1 X85.4502 Y106.1506 Z24.9899 E0.21121 F1700
G1 X85.7583 Y105.3155 Z24.9264 E0.21147 F1700
G1 X86.0881 Y104.4888 Z24.8469 E0.21177 F1700
G1 X86.4395 Y103.6710 Z24.7536 E0.21209 F1700
G1 X86.8121 Y102.8626 Z24.6486 E0.21239 F1700
G1 X87.2058 Y102.0643 Z24.5347 E0.21265 F1700
G1 X87.6202 Y101.2766 Z24.4147 E0.21284 F1700
G1 X88.0551 Y100.5000 Z24.2917 E0.21294 F1700
G1 X88.5102 Y99.7350 Z24.1686 E0.21294 F1700
G1 X88.9852 Y98.9823 Z24.0486 E0.21284 F1700
G1 X89.4797 Y98.2422 Z23.9347 E0.21265 F1700
G1 X89.9934 Y97.5153 Z23.8298 E0.21239 F1700
G1 X90.5260 Y96.8021 Z23.7364 E0.21209 F1700
G1 X91.0770 Y96.1031 Z23.6570 E0.21177 F1700
G1 X91.6462 Y95.4188 Z23.5934 E0.21147 F1700
G1 X92.2331 Y94.7496 Z23.5475 E0.21121 F1700
G1 X92.8373 Y94.0959 Z23.5203 E0.21103 F1700
G1 X93.4584 Y93.4584 Z23.5125 E0.21094 F1700
G1 X94.0959 Y92.8373 Z23.5244 E0.21095 F1700
G1 X94.7496 Y92.2331 Z23.5558 E0.21106 F1700
G1 X95.4188 Y91.6462 Z23.6059 E0.21127 F1700
G1 X96.1031 Y91.0770 Z23.6736 E0.21154 F1700
G1 X96.8021 Y90.5260 Z23.7572 E0.21186 F1700
G1 X97.5153 Y89.9934 Z23.8548 E0.21220 F1700
G1 X98.2422 Y89.4797 Z23.9639 E0.21251 F1700
G1 X98.9823 Y88.9852 Z24.0820 E0.21278 F1700
G1 X99.7350 Y88.5102 Z24.2061 E0.21297 F1700
G1 X100.5000 Y88.0551 Z24.3333 E0.21308 F1700
G1 X101.2766 Y87.6202 Z24.4606 E0.21308 F1700
G1 X102.0643 Y87.2058 Z24.5847 E0.21297 F1700
G1 X102.8626 Y86.8121 Z24.7028 E0.21278 F1700
G1 X103.6710 Y86.4395 Z24.8119 E0.21251 F1700
G1 X104.4888 Y86.0881 Z24.9094 E0.21220 F1700
G1 X105.3155 Y85.7583 Z24.9930 E0.21186 F1700
G1 X106.1506 Y85.4502 Z25.0607 E0.21154 F1700
G1 X106.9934 Y85.1641 Z25.1108 E0.21127 F1700
G1 X107.8435 Y84.9001 Z25.1422 E0.21106 F1700
G1 X108.7002 Y84.6585 Z25.1542 E0.21095 F1700
G1 X109.5629 Y84.4394 Z25.1464 E0.21094 F1700
G1 X110.4310 Y84.2430 Z25.1192 E0.21103 F1700
G1 X111.3040 Y84.0693 Z25.0732 E0.21121 F1700
G1 X112.1812 Y83.9186 Z25.0097 E0.21147 F1700
G1 X113.0621 Y83.7909 Z24.9303 E0.21177 F1700
G1 X113.9460 Y83.6863 Z24.8369 E0.21209 F1700
G1 X114.8324 Y83.6048 Z24.7319 E0.21239 F1700
G1 X115.7206 Y83.5466 Z24.6180 E0.21265 F1700
G1 X116.6100 Y83.5117 Z24.4981 E0.21284 F1700
G1 X117.5000 Y83.5000 Z24.3750 E0.21294 F1700
G1 X118.3900 Y83.5117 Z24.2519 E0.21294 F1700
G1 X119.2794 Y83.5466 Z24.1320 E0.21284 F1700
G1 X120.1676 Y83.6048 Z24.0181 E0.21265 F1700
G1 X121.0540 Y83.6863 Z23.9131 E0.21239 F1700
G1 X121.9379 Y83.7909 Z23.8197 E0.21209 F1700
G1 X122.8188 Y83.9186 Z23.7403 E0.21177 F1700
G1 X123.6960 Y84.0693 Z23.6768 E0.21147 F1700
G1 X124.5690 Y84.2430 Z23.6308 E0.21121 F1700
G1 X125.4371 Y84.4394 Z23.6036 E0.21103 F1700
G1 X126.2998 Y84.6585 Z23.5958 E0.21094 F1700
G1 X127.1565 Y84.9001 Z23.6078 E0.21095 F1700
G1 X128.0066 Y85.1641 Z23.6392 E0.21106 F1700
G1 X128.8494 Y85.4502 Z23.6893 E0.21127 F1700
G1 X129.6845 Y85.7583 Z23.7570 E0.21154 F1700
G1 X130.5112 Y86.0881 Z23.8406 E0.21186 F1700
G1 X131.3290 Y86.4395 Z23.9381 E0.21220 F1700
G1 X132.1374 Y86.8121 Z24.0472 E0.21251 F1700
G1 X132.9357 Y87.2058 Z24.1653 E0.21278 F1700
G1 X133.7234 Y87.6202 Z24.2894 E0.21297 F1700
G1 X134.5000 Y88.0551 Z24.4167 E0.21308 F1700
G1 X135.2650 Y88.5102 Z24.5439 E0.21308 F1700
G1 X136.0177 Y88.9852 Z24.6680 E0.21297 F1700
G1 X136.7578 Y89.4797 Z24.7861 E0.21278 F1700
G1 X137.4847 Y89.9934 Z24.8952 E0.21251 F1700
G1 X138.1979 Y90.5260 Z24.9928 E0.21220 F1700
G1 X138.8969 Y91.0770 Z25.0764 E0.21186 F1700
G1 X139.5812 Y91.6462 Z25.1441 E0.21154 F1700
G1 X140.2504 Y92.2331 Z25.1942 E0.21127 F1700
G1 X140.9041 Y92.8373 Z25.2256 E0.21106 F1700
G1 X141.5416 Y93.4584 Z25.2375 E0.21095 F1700
G1 X142.1627 Y94.0959 Z25.2297 E0.21094 F1700
G1 X142.7669 Y94.7496 Z25.2025 E0.21103 F1700
G1 X143.3538 Y95.4188 Z25.1566 E0.21121 F1700
G1 X143.9230 Y96.1031 Z25.0930 E0.21147 F1700
G1 X144.4740 Y96.8021 Z25.0136 E0.21177 F1700
G1 X145.0066 Y97.5153 Z24.9202 E0.21209 F1700
G1 X145.5203 Y98.2422 Z24.8153 E0.21239 F1700
G1 X146.0148 Y98.9823 Z24.7014 E0.21265 F1700
G1 X146.4898 Y99.7350 Z24.5814 E0.21284 F1700
G1 X146.9449 Y100.5000 Z24.4583 E0.21294 F1700
G1 X147.3798 Y101.2766 Z24.3353 E0.21294 F1700
G1 X147.7942 Y102.0643 Z24.2153 E0.21284 F1700
G1 X148.1879 Y102.8626 Z24.1014 E0.21265 F1700
G1 X148.5605 Y103.6710 Z23.9964 E0.21239 F1700
G1 X148.9119 Y104.4888 Z23.9031 E0.21209 F1700
G1 X149.2417 Y105.3155 Z23.8236 E0.21177 F1700
G1 X149.5498 Y106.1506 Z23.7601 E0.21147 F1700
G1 X149.8359 Y106.9934 Z23.7142 E0.21121 F1700
G1 X150.0999 Y107.8435 Z23.6869 E0.21103 F1700
G1 X150.3415 Y108.7002 Z23.6792 E0.21094 F1700
G1 X150.5606 Y109.5629 Z23.6911 E0.21095 F1700
G1 X150.7570 Y110.4310 Z23.7225 E0.21106 F1700
G1 X150.9307 Y111.3040 Z23.7726 E0.21127 F1700
G1 X151.0814 Y112.1812 Z23.8403 E0.21154 F1700
G1 X151.2091 Y113.0621 Z23.9239 E0.21186 F1700
G1 X151.3137 Y113.9460 Z24.0214 E0.21220 F1700
G1 X151.3952 Y114.8324 Z24.1306 E0.21251 F1700
G1 X151.4534 Y115.7206 Z24.2486 E0.21278 F1700
G1 X151.4883 Y116.6100 Z24.3728 E0.21297 F1700
G1 X151.5000 Y117.5000 Z24.5000 E0.21308 F1700
G1 X151.4883 Y118.3900 Z24.6272 E0.21308 F1700
G1 X151.4534 Y119.2794 Z24.7514 E0.21297 F1700
G1 X151.3952 Y120.1676 Z24.8694 E0.21278 F1700
G1 X151.3137 Y121.0540 Z24.9786 E0.21251 F1700
G1 X151.2091 Y121.9379 Z25.0761 E0.21220 F1700
G1 X151.0814 Y122.8188 Z25.1597 E0.21186 F1700
G1 X150.9307 Y123.6960 Z25.2274 E0.21154 F1700
G1 X150.7570 Y124.5690 Z25.2775 E0.21127 F1700
G1 X150.5606 Y125.4371 Z25.3089 E0.21106 F1700
G1 X150.3415 Y126.2998 Z25.3208 E0.21095 F1700
G1 X150.0999 Y127.1565 Z25.3131 E0.21094 F1700
G1 X149.8359 Y128.0066 Z25.2858 E0.21103 F1700
G1 X149.5498 Y128.8494 Z25.2399 E0.21121 F1700
G1 X149.2417 Y129.6845 Z25.1764 E0.21147 F1700
G1 X148.9119 Y130.5112 Z25.0969 E0.21177 F1700
G1 X148.5605 Y131.3290 Z25.0036 E0.21209 F1700
G1 X148.1879 Y132.1374 Z24.8986 E0.21239 F1700
G1 X147.7942 Y132.9357 Z24.7847 E0.21265 F1700
G1 X147.3798 Y133.7234 Z24.6647 E0.21284 F1700
G1 X146.9449 Y134.5000 Z24.5417 E0.21294 F1700
G1 X146.4898 Y135.2650 Z24.4186 E0.21294 F1700
G1 X146.0148 Y136.0177 Z24.2986 E0.21284 F1700
G1 X145.5203 Y136.7578 Z24.1847 E0.21265 F1700
G1 X145.0066 Y137.4847 Z24.0798 E0.21239 F1700
G1 X144.4740 Y138.1979 Z23.9864 E0.21209 F1700
G1 X143.9230 Y138.8969 Z23.9070 E0.21177 F1700
G1 X143.3538 Y139.5812 Z23.8434 E0.21147 F1700
G1 X142.7669 Y140.2504 Z23.7975 E0.21121 F1700
G1 X142.1627 Y140.9041 Z23.7703 E0.21103 F1700
G1 X141.5416 Y141.5416 Z23.7625 E0.21094 F1700
G1 X140.9041 Y142.1627 Z23.7744 E0.21095 F1700
G1 X140.2504 Y142.7669 Z23.8058 E0.21106 F1700
G1 X139.5812 Y143.3538 Z23.8559 E0.21127 F1700
G1 X138.8969 Y143.9230 Z23.9236 E0.21154 F1700
G1 X138.1979 Y144.4740 Z24.0072 E0.21186 F1700
G1 X137.4847 Y145.0066 Z24.1048 E0.21220 F1700
G1 X136.7578 Y145.5203 Z24.2139 E0.21251 F1700
G1 X136.0177 Y146.0148 Z24.3320 E0.21278 F1700
G1 X135.2650 Y146.4898 Z24.4561 E0.21297 F1700
G1 X134.5000 Y146.9449 Z24.5833 E0.21308 F1700
G1 X133.7234 Y147.3798 Z24.7106 E0.21308 F1700
G1 X132.9357 Y147.7942 Z24.8347 E0.21297 F1700
G1 X132.1374 Y148.1879 Z24.9528 E0.21278 F1700
G1 X131.3290 Y148.5605 Z25.0619 E0.21251 F1700
G1 X130.5112 Y148.9119 Z25.1594 E0.21220 F1700
G1 X129.6845 Y149.2417 Z25.2430 E0.21186 F1700
G1 X128.8494 Y149.5498 Z25.3107 E0.21154 F1700
G1 X128.0066 Y149.8359 Z25.3608 E0.21127 F1700
G1 X127.1565 Y150.0999 Z25.3922 E0.21106 F1700
G1 X126.2998 Y150.3415 Z25.4042 E0.21095 F1700
G1 X125.4371 Y150.5606 Z25.3964 E0.21094 F1700
G1 X124.5690 Y150.7570 Z25.3692 E0.21103 F1700
G1 X123.6960 Y150.9307 Z25.3232 E0.21121 F1700
G1 X122.8188 Y151.0814 Z25.2597 E0.21147 F1700
G1 X121.9379 Y151.2091 Z25.1803 E0.21177 F1700
G1 X121.0540 Y151.3137 Z25.0869 E0.21209 F1700
G1 X120.1676 Y151.3952 Z24.9819 E0.21239 F1700
G1 X119.2794 Y151.4534 Z24.8680 E0.21265 F1700
G1 X118.3900 Y151.4883 Z24.7481 E0.21284 F1700
G1 X117.5000 Y151.5000 Z24.6250 E0.21294 F1700
G1 X116.6100 Y151.4883 Z24.5019 E0.21294 F1700
G1 X115.7206 Y151.4534 Z24.3820 E0.21284 F1700
G1 X114.8324 Y151.3952 Z24.2681 E0.21265 F1700
G1 X113.9460 Y151.3137 Z24.1631 E0.21239 F1700
G1 X113.0621 Y151.2091 Z24.0697 E0.21209 F1700
G1 X112.1812 Y151.0814 Z23.9903 E0.21177 F1700
G1 X111.3040 Y150.9307 Z23.9268 E0.21147 F1700
G1 X110.4310 Y150.7570 Z23.8808 E0.21121 F1700
G1 X109.5629 Y150.5606 Z23.8536 E0.21103 F1700
G1 X108.7002 Y150.3415 Z23.8458 E0.21094 F1700
G1 X107.8435 Y150.0999 Z23.8578 E0.21095 F1700
G1 X106.9934 Y149.8359 Z23.8892 E0.21106 F1700
G1 X106.1506 Y149.5498 Z23.9393 E0.21127 F1700
G1 X105.3155 Y149.2417 Z24.0070 E0.21154 F1700
G1 X104.4888 Y148.9119 Z24.0906 E0.21186 F1700
G1 X103.6710 Y148.5605 Z24.1881 E0.21220 F1700
G1 X102.8626 Y148.1879 Z24.2972 E0.21251 F1700
G1 X102.0643 Y147.7942 Z24.4153 E0.21278 F1700
G1 X101.2766 Y147.3798 Z24.5394 E0.21297 F1700
G1 X100.5000 Y146.9449 Z24.6667 E0.21308 F1700
G1 X99.7350 Y146.4898 Z24.7939 E0.21308 F1700
G1 X98.9823 Y146.0148 Z24.9180 E0.21297 F1700
G1 X98.2422 Y145.5203 Z25.0361 E0.21278 F1700
G1 X97.5153 Y145.0066 Z25.1452 E0.21251 F1700
G1 X96.8021 Y144.4740 Z25.2428 E0.21220 F1700
G1 X96.1031 Y143.9230 Z25.3264 E0.21186 F1700
G1 X95.4188 Y143.3538 Z25.3941 E0.21154 F1700
G1 X94.7496 Y142.7669 Z25.4442 E0.21127 F1700
G1 X94.0959 Y142.1627 Z25.4756 E0.21106 F1700
G1 X93.4584 Y141.5416 Z25.4875 E0.21095 F1700
G1 X92.8373 Y140.9041 Z25.4797 E0.21094 F1700
G1 X92.2331 Y140.2504 Z25.4525 E0.21103 F1700
G1 X91.6462 Y139.5812 Z25.4066 E0.21121 F1700
G1 X91.0770 Y138.8969 Z25.3430 E0.21147 F1700
G1 X90.5260 Y138.1979 Z25.2636 E0.21177 F1700
G1 X89.9934 Y137.4847 Z25.1702 E0.21209 F1700
G1 X89.4797 Y136.7578 Z25.0653 E0.21239 F1700
G1 X88.9852 Y136.0177 Z24.9514 E0.21265 F1700
G1 X88.5102 Y135.2650 Z24.8314 E0.21284 F1700
G1 X88.0551 Y134.5000 Z24.7083 E0.21294 F1700
G1 X87.6202 Y133.7234 Z24.5853 E0.21294 F1700
G1 X87.2058 Y132.9357 Z24.4653 E0.21284 F1700
G1 X86.8121 Y132.1374 Z24.3514 E0.21265 F1700
G1 X86.4395 Y131.3290 Z24.2464 E0.21239 F1700
G1 X86.0881 Y130.5112 Z24.1531 E0.21209 F1700
G1 X85.7583 Y129.6845 Z24.0736 E0.21177 F1700
G1 X85.4502 Y128.8494 Z24.0101 E0.21147 F1700
G1 X85.1641 Y128.0066 Z23.9642 E0.21121 F1700
G1 X84.9001 Y127.1565 Z23.9369 E0.21103 F1700
G1 X84.6585 Y126.2998 Z23.9292 E0.21094 F1700
G1 X84.4394 Y125.4371 Z23.9411 E0.21095 F1700
G1 X84.2430 Y124.5690 Z23.9725 E0.21106 F1700
G1 X84.0693 Y123.6960 Z24.0226 E0.21127 F1700
G1 X83.9186 Y122.8188 Z24.0903 E0.21154 F1700
G1 X83.7909 Y121.9379 Z24.1739 E0.21186 F1700
G1 X83.6863 Y121.0540 Z24.2714 E0.21220 F1700
G1 X83.6048 Y120.1676 Z24.3806 E0.21251 F1700
G1 X83.5466 Y119.2794 Z24.4986 E0.21278 F1700
G1 X83.5117 Y118.3900 Z24.6228 E0.21297 F1700
G1 X83.5000 Y117.5000 Z24.7500 E0.21308 F1700
G1 X83.5117 Y116.6100 Z24.8772 E0.21308 F1700
G1 X83.5466 Y115.7206 Z25.0014 E0.21297 F1700
G1 X83.6048 Y114.8324 Z25.1194 E0.21278 F1700
G1 X83.6863 Y113.9460 Z25.2286 E0.21251 F1700
G1 X83.7909 Y113.0621 Z25.3261 E0.21220 F1700
G1 X83.9186 Y112.1812 Z25.4097 E0.21186 F1700
G1 X84.0693 Y111.3040 Z25.4774 E0.21154 F1700
G1 X84.2430 Y110.4310 Z25.5275 E0.21127 F1700
G1 X84.4394 Y109.5629 Z25.5589 E0.21106 F1700
G1 X84.6585 Y108.7002 Z25.5708 E0.21095 F1700
G1 X84.9001 Y107.8435 Z25.5631 E0.21094 F1700
G1 X85.1641 Y106.9934 Z25.5358 E0.21103 F1700
G1 X85.4502 Y106.1506 Z25.4899 E0.21121 F1700
G1 X85.7583 Y105.3155 Z25.4264 E0.21147 F1700
G1 X86.0881 Y104.4888 Z25.3469 E0.21177 F1700
G1 X86.4395 Y103.6710 Z25.2536 E0.21209 F1700
G1 X86.8121 Y102.8626 Z25.1486 E0.21239 F1700
G1 X87.2058 Y102.0643 Z25.0347 E0.21265 F1700
G1 X87.6202 Y101.2766 Z24.9147 E0.21284 F1700
G1 X88.0551 Y100.5000 Z24.7917 E0.21294 F1700
G1 X88.5102 Y99.7350 Z24.6686 E0.21294 F1700
G1 X88.9852 Y98.9823 Z24.5486 E0.21284 F1700
G1 X89.4797 Y98.2422 Z24.4347 E0.21265 F1700
G1 X89.9934 Y97.5153 Z24.3298 E0.21239 F1700
G1 X90.5260 Y96.8021 Z24.2364 E0.21209 F1700
G1 X91.0770 Y96.1031 Z24.1570 E0.21177 F1700
G1 X91.6462 Y95.4188 Z24.0934 E0.21147 F1700
G1 X92.2331 Y94.7496 Z24.0475 E0.21121 F1700
G1 X92.8373 Y94.0959 Z24.0203 E0.21103 F1700
G1 X93.4584 Y93.4584 Z24.0125 E0.21094 F1700
G1 X94.0959 Y92.8373 Z24.0244 E0.21095 F1700
G1 X94.7496 Y92.2331 Z24.0558 E0.21106 F1700
G1 X95.4188 Y91.6462 Z24.1059 E0.21127 F1700
G1 X96.1031 Y91.0770 Z24.1736 E0.21154 F1700
G1 X96.8021 Y90.5260 Z24.2572 E0.21186 F1700
G1 X97.5153 Y89.9934 Z24.3548 E0.21220 F1700
G1 X98.2422 Y89.4797 Z24.4639 E0.21251 F1700
G1 X98.9823 Y88.9852 Z24.5820 E0.21278 F1700
G1 X99.7350 Y88.5102 Z24.7061 E0.21297 F1700
G1 X100.5000 Y88.0551 Z24.8333 E0.21308 F1700
G1 X101.2766 Y87.6202 Z24.9606 E0.21308 F1700
G1 X102.0643 Y87.2058 Z25.0847 E0.21297 F1700
G1 X102.8626 Y86.8121 Z25.2028 E0.21278 F1700
G1 X103.6710 Y86.4395 Z25.3119 E0.21251 F1700
G1 X104.4888 Y86.0881 Z25.4094 E0.21220 F1700
G1 X105.3155 Y85.7583 Z25.4930 E0.21186 F1700
G1 X106.1506 Y85.4502 Z25.5607 E0.21154 F1700
G1 X106.9934 Y85.1641 Z25.6108 E0.21127 F1700
G1 X107.8435 Y84.9001 Z25.6422 E0.21106 F1700
G1 X108.7002 Y84.6585 Z25.6542 E0.21095 F1700
G1 X109.5629 Y84.4394 Z25.6464 E0.21094 F1700
G1 X110.4310 Y84.2430 Z25.6192 E0.21103 F1700
G1 X111.3040 Y84.0693 Z25.5732 E0.21121 F1700
G1 X112.1812 Y83.9186 Z25.5097 E0.21147 F1700
G1 X113.0621 Y83.7909 Z25.4303 E0.21177 F1700
G1 X113.9460 Y83.6863 Z25.3369 E0.21209 F1700
G1 X114.8324 Y83.6048 Z25.2319 E0.21239 F1700
G1 X115.7206 Y83.5466 Z25.1180 E0.21265 F1700
G1 X116.6100 Y83.5117 Z24.9981 E0.21284 F1700
G1 X117.5000 Y83.5000 Z24.8750 E0.21294 F1700
G1 X118.3900 Y83.5117 Z24.7519 E0.21294 F1700
G1 X119.2794 Y83.5466 Z24.6320 E0.21284 F1700
G1 X120.1676 Y83.6048 Z24.5181 E0.21265 F1700
G1 X121.0540 Y83.6863 Z24.4131 E0.21239 F1700
G1 X121.9379 Y83.7909 Z24.3197 E0.21209 F1700
G1 X122.8188 Y83.9186 Z24.2403 E0.21177 F1700
G1 X123.6960 Y84.0693 Z24.1768 E0.21147 F1700
G1 X124.5690 Y84.2430 Z24.1308 E0.21121 F1700
G1 X125.4371 Y84.4394 Z24.1036 E0.21103 F1700
G1 X126.2998 Y84.6585 Z24.0958 E0.21094 F1700
G1 X127.1565 Y84.9001 Z24.1078 E0.21095 F1700
G1 X128.0066 Y85.1641 Z24.1392 E0.21106 F1700
G1 X128.8494 Y85.4502 Z24.1893 E0.21127 F1700
G1 X129.6845 Y85.7583 Z24.2570 E0.21154 F1700
G1 X130.5112 Y86.0881 Z24.3406 E0.21186 F1700
G1 X131.3290 Y86.4395 Z24.4381 E0.21220 F1700
G1 X132.1374 Y86.8121 Z24.5472 E0.21251 F1700
G1 X132.9357 Y87.2058 Z24.6653 E0.21278 F1700
G1 X133.7234 Y87.6202 Z24.7894 E0.21297 F1700
G1 X134.5000 Y88.0551 Z24.9167 E0.21308 F1700
G1 X135.2650 Y88.5102 Z25.0439 E0.21308 F1700
G1 X136.0177 Y88.9852 Z25.1680 E0.21297 F1700
G1 X136.7578 Y89.4797 Z25.2861 E0.21278 F1700
G1 X137.4847 Y89.9934 Z25.3952 E0.21251 F1700
G1 X138.1979 Y90.5260 Z25.4928 E0.21220 F1700
G1 X138.8969 Y91.0770 Z25.5764 E0.21186 F1700
G1 X139.5812 Y91.6462 Z25.6441 E0.21154 F1700
G1 X140.2504 Y92.2331 Z25.6942 E0.21127 F1700
G1 X140.9041 Y92.8373 Z25.7256 E0.21106 F1700
G1 X141.5416 Y93.4584 Z25.7375 E0.21095 F1700
G1 X142.1627 Y94.0959 Z25.7297 E0.21094 F1700
G1 X142.7669 Y94.7496 Z25.7025 E0.21103 F1700
G1 X143.3538 Y95.4188 Z25.6566 E0.21121 F1700
G1 X143.9230 Y96.1031 Z25.5930 E0.21147 F1700
G1 X144.4740 Y96.8021 Z25.5136 E0.21177 F1700
G1 X145.0066 Y97.5153 Z25.4202 E0.21209 F1700
G1 X145.5203 Y98.2422 Z25.3153 E0.21239 F1700
G1 X146.0148 Y98.9823 Z25.2014 E0.21265 F1700
G1 X146.4898 Y99.7350 Z25.0814 E0.21284 F1700
G1 X146.9449 Y100.5000 Z24.9583 E0.21294 F1700
G1 X147.3798 Y101.2766 Z24.8353 E0.21294 F1700
G1 X147.7942 Y102.0643 Z24.7153 E0.21284 F1700
G1 X148.1879 Y102.8626 Z24.6014 E0.21265 F1700
G1 X148.5605 Y103.6710 Z24.4964 E0.21239 F1700
G1 X148.9119 Y104.4888 Z24.4031 E0.21209 F1700
G1 X149.2417 Y105.3155 Z24.3236 E0.21177 F1700
G1 X149.5498 Y106.1506 Z24.2601 E0.21147 F1700
G1 X149.8359 Y106.9934 Z24.2142 E0.21121 F1700
G1 X150.0999 Y107.8435 Z24.1869 E0.21103 F1700
G1 X150.3415 Y108.7002 Z24.1792 E0.21094 F1700
G1 X150.5606 Y109.5629 Z24.1911 E0.21095 F1700
G1 X150.7570 Y110.4310 Z24.2225 E0.21106 F1700
G1 X150.9307 Y111.3040 Z24.2726 E0.21127 F1700
G1 X151.0814 Y112.1812 Z24.3403 E0.21154 F1700
G1 X151.2091 Y113.0621 Z24.4239 E0.21186 F1700
G1 X151.3137 Y113.9460 Z24.5214 E0.21220 F1700
G1 X151.3952 Y114.8324 Z24.6306 E0.21251 F1700
G1 X151.4534 Y115.7206 Z24.7486 E0.21278 F1700
G1 X151.4883 Y116.6100 Z24.8728 E0.21297 F1700
G1 X151.5000 Y117.5000 Z25.0000 E0.21308 F1700
G1 X151.4883 Y118.3900 Z25.1272 E0.21308 F1700
G1 X151.4534 Y119.2794 Z25.2514 E0.21297 F1700
G1 X151.3952 Y120.1676 Z25.3694 E0.21278 F1700
G1 X151.3137 Y121.0540 Z25.4786 E0.21251 F1700
G1 X151.2091 Y121.9379 Z25.5761 E0.21220 F1700
G1 X151.0814 Y122.8188 Z25.6597 E0.21186 F1700
G1 X150.9307 Y123.6960 Z25.7274 E0.21154 F1700
G1 X150.7570 Y124.5690 Z25.7775 E0.21127 F1700
G1 X150.5606 Y125.4371 Z25.8089 E0.21106 F1700
G1 X150.3415 Y126.2998 Z25.8208 E0.21095 F1700
G1 X150.0999 Y127.1565 Z25.8131 E0.21094 F1700
G1 X149.8359 Y128.0066 Z25.7858 E0.21103 F1700
G1 X149.5498 Y128.8494 Z25.7399 E0.21121 F1700
G1 X149.2417 Y129.6845 Z25.6764 E0.21147 F1700
G1 X148.9119 Y130.5112 Z25.5969 E0.21177 F1700
G1 X148.5605 Y131.3290 Z25.5036 E0.21209 F1700
G1 X148.1879 Y132.1374 Z25.3986 E0.21239 F1700
G1 X147.7942 Y132.9357 Z25.2847 E0.21265 F1700
G1 X147.3798 Y133.7234 Z25.1647 E0.21284 F1700
G1 X146.9449 Y134.5000 Z25.0417 E0.21294 F1700
G1 X146.4898 Y135.2650 Z24.9186 E0.21294 F1700
G1 X146.0148 Y136.0177 Z24.7986 E0.21284 F1700
G1 X145.5203 Y136.7578 Z24.6847 E0.21265 F1700
G1 X145.0066 Y137.4847 Z24.5798 E0.21239 F1700
G1 X144.4740 Y138.1979 Z24.4864 E0.21209 F1700
G1 X143.9230 Y138.8969 Z24.4070 E0.21177 F1700
G1 X143.3538 Y139.5812 Z24.3434 E0.21147 F1700
G1 X142.7669 Y140.2504 Z24.2975 E0.21121 F1700
G1 X142.1627 Y140.9041 Z24.2703 E0.21103 F1700
G1 X141.5416 Y141.5416 Z24.2625 E0.21094 F1700
G1 X140.9041 Y142.1627 Z24.2744 E0.21095 F1700
G1 X140.2504 Y142.7669 Z24.3058 E0.21106 F1700
G1 X139.5812 Y143.3538 Z24.3559 E0.21127 F1700
G1 X138.8969 Y143.9230 Z24.4236 E0.21154 F1700
G1 X138.1979 Y144.4740 Z24.5072 E0.21186 F1700
G1 X137.4847 Y145.0066 Z24.6048 E0.21220 F1700
G1 X136.7578 Y145.5203 Z24.7139 E0.21251 F1700
G1 X136.0177 Y146.0148 Z24.8320 E0.21278 F1700
G1 X135.2650 Y146.4898 Z24.9561 E0.21297 F1700
G1 X134.5000 Y146.9449 Z25.0833 E0.21308 F1700
G1 X133.7234 Y147.3798 Z25.2106 E0.21308 F1700
G1 X132.9357 Y147.7942 Z25.3347 E0.21297 F1700
G1 X132.1374 Y148.1879 Z25.4528 E0.21278 F1700
G1 X131.3290 Y148.5605 Z25.5619 E0.21251 F1700
G1 X130.5112 Y148.9119 Z25.6594 E0.21220 F1700
G1 X129.6845 Y149.2417 Z25.7430 E0.21186 F1700
G1 X128.8494 Y149.5498 Z25.8107 E0.21154 F1700
G1 X128.0066 Y149.8359 Z25.8608 E0.21127 F1700
G1 X127.1565 Y150.0999 Z25.8922 E0.21106 F1700
G1 X126.2998 Y150.3415 Z25.9042 E0.21095 F1700
G1 X125.4371 Y150.5606 Z25.8964 E0.21094 F1700
G1 X124.5690 Y150.7570 Z25.8692 E0.21103 F1700
G1 X123.6960 Y150.9307 Z25.8232 E0.21121 F1700
G1 X122.8188 Y151.0814 Z25.7597 E0.21147 F1700
G1 X121.9379 Y151.2091 Z25.6803 E0.21177 F1700
G1 X121.0540 Y151.3137 Z25.5869 E0.21209 F1700
G1 X120.1676 Y151.3952 Z25.4819 E0.21239 F1700
G1 X119.2794 Y151.4534 Z25.3680 E0.21265 F1700
G1 X118.3900 Y151.4883 Z25.2481 E0.21284 F1700
G1 X117.5000 Y151.5000 Z25.1250 E0.21294 F1700
G1 X116.6100 Y151.4883 Z25.0019 E0.21294 F1700
G1 X115.7206 Y151.4534 Z24.8820 E0.21284 F1700
G1 X114.8324 Y151.3952 Z24.7681 E0.21265 F1700
G1 X113.9460 Y151.3137 Z24.6631 E0.21239 F1700
G1 X113.0621 Y151.2091 Z24.5697 E0.21209 F1700
G1 X112.1812 Y151.0814 Z24.4903 E0.21177 F1700
G1 X111.3040 Y150.9307 Z24.4268 E0.21147 F1700
G1 X110.4310 Y150.7570 Z24.3808 E0.21121 F1700
G1 X109.5629 Y150.5606 Z24.3536 E0.21103 F1700
G1 X108.7002 Y150.3415 Z24.3458 E0.21094 F1700
G1 X107.8435 Y150.0999 Z24.3578 E0.21095 F1700
G1 X106.9934 Y149.8359 Z24.3892 E0.21106 F1700
G1 X106.1506 Y149.5498 Z24.4393 E0.21127 F1700
G1 X105.3155 Y149.2417 Z24.5070 E0.21154 F1700
G1 X104.4888 Y148.9119 Z24.5906 E0.21186 F1700
G1 X103.6710 Y148.5605 Z24.6881 E0.21220 F1700
G1 X102.8626 Y148.1879 Z24.7972 E0.21251 F1700
G1 X102.0643 Y147.7942 Z24.9153 E0.21278 F1700
G1 X101.2766 Y147.3798 Z25.0394 E0.21297 F1700
G1 X100.5000 Y146.9449 Z25.1667 E0.21308 F1700
G1 X99.7350 Y146.4898 Z25.2939 E0.21308 F1700
G1 X98.9823 Y146.0148 Z25.4180 E0.21297 F1700
G1 X98.2422 Y145.5203 Z25.5361 E0.21278 F1700
G1 X97.5153 Y145.0066 Z25.6452 E0.21251 F1700
G1 X96.8021 Y144.4740 Z25.7428 E0.21220 F1700
G1 X96.1031 Y143.9230 Z25.8264 E0.21186 F1700
G1 X95.4188 Y143.3538 Z25.8941 E0.21154 F1700
G1 X94.7496 Y142.7669 Z25.9442 E0.21127 F1700
G1 X94.0959 Y142.1627 Z25.9756 E0.21106 F1700
G1 X93.4584 Y141.5416 Z25.9875 E0.21095 F1700
G1 X92.8373 Y140.9041 Z25.9797 E0.21094 F1700
G1 X92.2331 Y140.2504 Z25.9525 E0.21103 F1700
G1 X91.6462 Y139.5812 Z25.9066 E0.21121 F1700
G1 X91.0770 Y138.8969 Z25.8430 E0.21147 F1700
G1 X90.5260 Y138.1979 Z25.7636 E0.21177 F1700
G1 X89.9934 Y137.4847 Z25.6702 E0.21209 F1700
G1 X89.4797 Y136.7578 Z25.5653 E0.21239 F1700
G1 X88.9852 Y136.0177 Z25.4514 E0.21265 F1700
G1 X88.5102 Y135.2650 Z25.3314 E0.21284 F1700
G1 X88.0551 Y134.5000 Z25.2083 E0.21294 F1700
G1 X87.6202 Y133.7234 Z25.0853 E0.21294 F1700
G1 X87.2058 Y132.9357 Z24.9653 E0.21284 F1700
G1 X86.8121 Y132.1374 Z24.8514 E0.21265 F1700
G1 X86.4395 Y131.3290 Z24.7464 E0.21239 F1700
G1 X86.0881 Y130.5112 Z24.6531 E0.21209 F1700
G1 X85.7583 Y129.6845 Z24.5736 E0.21177 F1700
G1 X85.4502 Y128.8494 Z24.5101 E0.21147 F1700
G1 X85.1641 Y128.0066 Z24.4642 E0.21121 F1700
G1 X84.9001 Y127.1565 Z24.4369 E0.21103 F1700
G1 X84.6585 Y126.2998 Z24.4292 E0.21094 F1700
G1 X84.4394 Y125.4371 Z24.4411 E0.21095 F1700
G1 X84.2430 Y124.5690 Z24.4725 E0.21106 F1700
G1 X84.0693 Y123.6960 Z24.5226 E0.21127 F1700
G1 X83.9186 Y122.8188 Z24.5903 E0.21154 F1700
G1 X83.7909 Y121.9379 Z24.6739 E0.21186 F1700
G1 X83.6863 Y121.0540 Z24.7714 E0.21220 F1700
G1 X83.6048 Y120.1676 Z24.8806 E0.21251 F1700
G1 X83.5466 Y119.2794 Z24.9986 E0.21278 F1700
G1 X83.5117 Y118.3900 Z25.1228 E0.21297 F1700
G1 X83.5000 Y117.5000 Z25.2500 E0.21308 F1700
G1 X83.5117 Y116.6100 Z25.3772 E0.21308 F1700
G1 X83.5466 Y115.7206 Z25.5014 E0.21297 F1700
G1 X83.6048 Y114.8324 Z25.6194 E0.21278 F1700
G1 X83.6863 Y113.9460 Z25.7286 E0.21251 F1700
G1 X83.7909 Y113.0621 Z25.8261 E0.21220 F1700
G1 X83.9186 Y112.1812 Z25.9097 E0.21186 F1700
G1 X84.0693 Y111.3040 Z25.9774 E0.21154 F1700
G1 X84.2430 Y110.4310 Z26.0275 E0.21127 F1700
G1 X84.4394 Y109.5629 Z26.0589 E0.21106 F1700
G1 X84.6585 Y108.7002 Z26.0708 E0.21095 F1700
G1 X84.9001 Y107.8435 Z26.0631 E0.21094 F1700
G1 X85.1641 Y106.9934 Z26.0358 E0.21103 F1700
G1 X85.4502 Y106.1506 Z25.9899 E0.21121 F1700
G1 X85.7583 Y105.3155 Z25.9264 E0.21147 F1700
G1 X86.0881 Y104.4888 Z25.8469 E0.21177 F1700
G1 X86.4395 Y103.6710 Z25.7536 E0.21209 F1700
G1 X86.8121 Y102.8626 Z25.6486 E0.21239 F1700
G1 X87.2058 Y102.0643 Z25.5347 E0.21265 F1700
G1 X87.6202 Y101.2766 Z25.4147 E0.21284 F1700
G1 X88.0551 Y100.5000 Z25.2917 E0.21294 F1700
G1 X88.5102 Y99.7350 Z25.1686 E0.21294 F1700
G1 X88.9852 Y98.9823 Z25.0486 E0.21284 F1700
G1 X89.4797 Y98.2422 Z24.9347 E0.21265 F1700
G1 X89.9934 Y97.5153 Z24.8298 E0.21239 F1700
G1 X90.5260 Y96.8021 Z24.7364 E0.21209 F1700
G1 X91.0770 Y96.1031 Z24.6570 E0.21177 F1700
G1 X91.6462 Y95.4188 Z24.5934 E0.21147 F1700
G1 X92.2331 Y94.7496 Z24.5475 E0.21121 F1700
G1 X92.8373 Y94.0959 Z24.5203 E0.21103 F1700
G1 X93.4584 Y93.4584 Z24.5125 E0.21094 F1700
G1 X94.0959 Y92.8373 Z24.5244 E0.21095 F1700
G1 X94.7496 Y92.2331 Z24.5558 E0.21106 F1700
G1 X95.4188 Y91.6462 Z24.6059 E0.21127 F1700
G1 X96.1031 Y91.0770 Z24.6736 E0.21154 F1700
G1 X96.8021 Y90.5260 Z24.7572 E0.21186 F1700
G1 X97.5153 Y89.9934 Z24.8548 E0.21220 F1700
G1 X98.2422 Y89.4797 Z24.9639 E0.21251 F1700
G1 X98.9823 Y88.9852 Z25.0820 E0.21278 F1700
G1 X99.7350 Y88.5102 Z25.2061 E0.21297 F1700
G1 X100.5000 Y88.0551 Z25.3333 E0.21308 F1700
G1 X101.2766 Y87.6202 Z25.4606 E0.21308 F1700
G1 X102.0643 Y87.2058 Z25.5847 E0.21297 F1700
G1 X102.8626 Y86.8121 Z25.7028 E0.21278 F1700
G1 X103.6710 Y86.4395 Z25.8119 E0.21251 F1700
G1 X104.4888 Y86.0881 Z25.9094 E0.21220 F1700
G1 X105.3155 Y85.7583 Z25.9930 E0.21186 F1700
G1 X106.1506 Y85.4502 Z26.0607 E0.21154 F1700
G1 X106.9934 Y85.1641 Z26.1108 E0.21127 F1700
G1 X107.8435 Y84.9001 Z26.1422 E0.21106 F1700
G1 X108.7002 Y84.6585 Z26.1542 E0.21095 F1700
G1 X109.5629 Y84.4394 Z26.1464 E0.21094 F1700
G1 X110.4310 Y84.2430 Z26.1192 E0.21103 F1700
G1 X111.3040 Y84.0693 Z26.0732 E0.21121 F1700
G1 X112.1812 Y83.9186 Z26.0097 E0.21147 F1700
G1 X113.0621 Y83.7909 Z25.9303 E0.21177 F1700
G1 X113.9460 Y83.6863 Z25.8369 E0.21209 F1700
G1 X114.8324 Y83.6048 Z25.7319 E0.21239 F1700
G1 X115.7206 Y83.5466 Z25.6180 E0.21265 F1700
G1 X116.6100 Y83.5117 Z25.4981 E0.21284 F1700
G1 X117.5000 Y83.5000 Z25.3750 E0.21294 F1700
G1 X118.3900 Y83.5117 Z25.2519 E0.21294 F1700
G1 X119.2794 Y83.5466 Z25.1320 E0.21284 F1700
G1 X120.1676 Y83.6048 Z25.0181 E0.21265 F1700
G1 X121.0540 Y83.6863 Z24.9131 E0.21239 F1700
G1 X121.9379 Y83.7909 Z24.8197 E0.21209 F1700
G1 X122.8188 Y83.9186 Z24.7403 E0.21177 F1700
G1 X123.6960 Y84.0693 Z24.6768 E0.21147 F1700
G1 X124.5690 Y84.2430 Z24.6308 E0.21121 F1700
G1 X125.4371 Y84.4394 Z24.6036 E0.21103 F1700
G1 X126.2998 Y84.6585 Z24.5958 E0.21094 F1700
G1 X127.1565 Y84.9001 Z24.6078 E0.21095 F1700
G1 X128.0066 Y85.1641 Z24.6392 E0.21106 F1700
G1 X128.8494 Y85.4502 Z24.6893 E0.21127 F1700
G1 X129.6845 Y85.7583 Z24.7570 E0.21154 F1700
G1 X130.5112 Y86.0881 Z24.8406 E0.21186 F1700
G1 X131.3290 Y86.4395 Z24.9381 E0.21220 F1700
G1 X132.1374 Y86.8121 Z25.0472 E0.21251 F1700
G1 X132.9357 Y87.2058 Z25.1653 E0.21278 F1700
G1 X133.7234 Y87.6202 Z25.2894 E0.21297 F1700
G1 X134.5000 Y88.0551 Z25.4167 E0.21308 F1700
G1 X135.2650 Y88.5102 Z25.5439 E0.21308 F1700
G1 X136.0177 Y88.9852 Z25.6680 E0.21297 F1700
G1 X136.7578 Y89.4797 Z25.7861 E0.21278 F1700
G1 X137.4847 Y89.9934 Z25.8952 E0.21251 F1700
G1 X138.1979 Y90.5260 Z25.9928 E0.21220 F1700
G1 X138.8969 Y91.0770 Z26.0764 E0.21186 F1700
G1 X139.5812 Y91.6462 Z26.1441 E0.21154 F1700
G1 X140.2504 Y92.2331 Z26.1942 E0.21127 F1700
G1 X140.9041 Y92.8373 Z26.2256 E0.21106 F1700
G1 X141.5416 Y93.4584 Z26.2375 E0.21095 F1700
G1 X142.1627 Y94.0959 Z26.2297 E0.21094 F1700
G1 X142.7669 Y94.7496 Z26.2025 E0.21103 F1700
G1 X143.3538 Y95.4188 Z26.1566 E0.21121 F1700
G1 X143.9230 Y96.1031 Z26.0930 E0.21147 F1700
G1 X144.4740 Y96.8021 Z26.0136 E0.21177 F1700
G1 X145.0066 Y97.5153 Z25.9202 E0.21209 F1700
G1 X145.5203 Y98.2422 Z25.8153 E0.21239 F1700
G1 X146.0148 Y98.9823 Z25.7014 E0.21265 F1700
G1 X146.4898 Y99.7350 Z25.5814 E0.21284 F1700
G1 X146.9449 Y100.5000 Z25.4583 E0.21294 F1700
G1 X147.3798 Y101.2766 Z25.3353 E0.21294 F1700
G1 X147.7942 Y102.0643 Z25.2153 E0.21284 F1700
G1 X148.1879 Y102.8626 Z25.1014 E0.21265 F1700
G1 X148.5605 Y103.6710 Z24.9964 E0.21239 F1700
G1 X148.9119 Y104.4888 Z24.9031 E0.21209 F1700
G1 X149.2417 Y105.3155 Z24.8236 E0.21177 F1700
G1 X149.5498 Y106.1506 Z24.7601 E0.21147 F1700
G1 X149.8359 Y106.9934 Z24.7142 E0.21121 F1700
G1 X150.0999 Y107.8435 Z24.6869 E0.21103 F1700
G1 X150.3415 Y108.7002 Z24.6792 E0.21094 F1700
G1 X150.5606 Y109.5629 Z24.6911 E0.21095 F1700
G1 X150.7570 Y110.4310 Z24.7225 E0.21106 F1700
G1 X150.9307 Y111.3040 Z24.7726 E0.21127 F1700
G1 X151.0814 Y112.1812 Z24.8403 E0.21154 F1700
G1 X151.2091 Y113.0621 Z24.9239 E0.21186 F1700
G1 X151.3137 Y113.9460 Z25.0214 E0.21220 F1700
G1 X151.3952 Y114.8324 Z25.1306 E0.21251 F1700
G1 X151.4534 Y115.7206 Z25.2486 E0.21278 F1700
G1 X151.4883 Y116.6100 Z25.3728 E0.21297 F1700
G1 X151.5000 Y117.5000 Z25.5000 E0.21308 F1700
G1 X151.4883 Y118.3900 Z25.6272 E0.21308 F1700
G1 X151.4534 Y119.2794 Z25.7514 E0.21297 F1700
G1 X151.3952 Y120.1676 Z25.8694 E0.21278 F1700
G1 X151.3137 Y121.0540 Z25.9786 E0.21251 F1700
G1 X151.2091 Y121.9379 Z26.0761 E0.21220 F1700
G1 X151.0814 Y122.8188 Z26.1597 E0.21186 F1700
G1 X150.9307 Y123.6960 Z26.2274 E0.21154 F1700
G1 X150.7570 Y124.5690 Z26.2775 E0.21127 F1700
G1 X150.5606 Y125.4371 Z26.3089 E0.21106 F1700
G1 X150.3415 Y126.2998 Z26.3208 E0.21095 F1700
G1 X150.0999 Y127.1565 Z26.3131 E0.21094 F1700
G1 X149.8359 Y128.0066 Z26.2858 E0.21103 F1700
G1 X149.5498 Y128.8494 Z26.2399 E0.21121 F1700
G1 X149.2417 Y129.6845 Z26.1764 E0.21147 F1700
G1 X148.9119 Y130.5112 Z26.0969 E0.21177 F1700
G1 X148.5605 Y131.3290 Z26.0036 E0.21209 F1700
G1 X148.1879 Y132.1374 Z25.8986 E0.21239 F1700
G1 X147.7942 Y132.9357 Z25.7847 E0.21265 F1700
G1 X147.3798 Y133.7234 Z25.6647 E0.21284 F1700
G1 X146.9449 Y134.5000 Z25.5417 E0.21294 F1700
G1 X146.4898 Y135.2650 Z25.4186 E0.21294 F1700
G1 X146.0148 Y136.0177 Z25.2986 E0.21284 F1700
G1 X145.5203 Y136.7578 Z25.1847 E0.21265 F1700
G1 X145.0066 Y137.4847 Z25.0798 E0.21239 F1700
G1 X144.4740 Y138.1979 Z24.9864 E0.21209 F1700
G1 X143.9230 Y138.8969 Z24.9070 E0.21177 F1700
G1 X143.3538 Y139.5812 Z24.8434 E0.21147 F1700
G1 X142.7669 Y140.2504 Z24.7975 E0.21121 F1700
G1 X142.1627 Y140.9041 Z24.7703 E0.21103 F1700
G1 X141.5416 Y141.5416 Z24.7625 E0.21094 F1700
G1 X140.9041 Y142.1627 Z24.7744 E0.21095 F1700
G1 X140.2504 Y142.7669 Z24.8058 E0.21106 F1700
G1 X139.5812 Y143.3538 Z24.8559 E0.21127 F1700
G1 X138.8969 Y143.9230 Z24.9236 E0.21154 F1700
G1 X138.1979 Y144.4740 Z25.0072 E0.21186 F1700
G1 X137.4847 Y145.0066 Z25.1048 E0.21220 F1700
G1 X136.7578 Y145.5203 Z25.2139 E0.21251 F1700
G1 X136.0177 Y146.0148 Z25.3320 E0.21278 F1700
G1 X135.2650 Y146.4898 Z25.4561 E0.21297 F1700
G1 X134.5000 Y146.9449 Z25.5833 E0.21308 F1700
G1 X133.7234 Y147.3798 Z25.7106 E0.21308 F1700
G1 X132.9357 Y147.7942 Z25.8347 E0.21297 F1700
G1 X132.1374 Y148.1879 Z25.9528 E0.21278 F1700
G1 X131.3290 Y148.5605 Z26.0619 E0.21251 F1700
G1 X130.5112 Y148.9119 Z26.1594 E0.21220 F1700
G1 X129.6845 Y149.2417 Z26.2430 E0.21186 F1700
G1 X128.8494 Y149.5498 Z26.3107 E0.21154 F1700
G1 X128.0066 Y149.8359 Z26.3608 E0.21127 F1700
G1 X127.1565 Y150.0999 Z26.3922 E0.21106 F1700
G1 X126.2998 Y150.3415 Z26.4042 E0.21095 F1700
G1 X125.4371 Y150.5606 Z26.3964 E0.21094 F1700
G1 X124.5690 Y150.7570 Z26.3692 E0.21103 F1700
G1 X123.6960 Y150.9307 Z26.3232 E0.21121 F1700
G1 X122.8188 Y151.0814 Z26.2597 E0.21147 F1700
G1 X121.9379 Y151.2091 Z26.1803 E0.21177 F1700
G1 X121.0540 Y151.3137 Z26.0869 E0.21209 F1700
G1 X120.1676 Y151.3952 Z25.9819 E0.21239 F1700
G1 X119.2794 Y151.4534 Z25.8680 E0.21265 F1700
G1 X118.3900 Y151.4883 Z25.7481 E0.21284 F1700
G1 X117.5000 Y151.5000 Z25.6250 E0.21294 F1700
G1 X116.6100 Y151.4883 Z25.5019 E0.21294 F1700
G1 X115.7206 Y151.4534 Z25.3820 E0.21284 F1700
G1 X114.8324 Y151.3952 Z25.2681 E0.21265 F1700
G1 X113.9460 Y151.3137 Z25.1631 E0.21239 F1700
G1 X113.0621 Y151.2091 Z25.0697 E0.21209 F1700
G1 X112.1812 Y151.0814 Z24.9903 E0.21177 F1700
G1 X111.3040 Y150.9307 Z24.9268 E0.21147 F1700
G1 X110.4310 Y150.7570 Z24.8808 E0.21121 F1700
G1 X109.5629 Y150.5606 Z24.8536 E0.21103 F1700
G1 X108.7002 Y150.3415 Z24.8458 E0.21094 F1700
G1 X107.8435 Y150.0999 Z24.8578 E0.21095 F1700
G1 X106.9934 Y149.8359 Z24.8892 E0.21106 F1700
G1 X106.1506 Y149.5498 Z24.9393 E0.21127 F1700
G1 X105.3155 Y149.2417 Z25.0070 E0.21154 F1700
G1 X104.4888 Y148.9119 Z25.0906 E0.21186 F1700
G1 X103.6710 Y148.5605 Z25.1881 E0.21220 F1700
G1 X102.8626 Y148.1879 Z25.2972 E0.21251 F1700
G1 X102.0643 Y147.7942 Z25.4153 E0.21278 F1700
G1 X101.2766 Y147.3798 Z25.5394 E0.21297 F1700
G1 X100.5000 Y146.9449 Z25.6667 E0.21308 F1700
G1 X99.7350 Y146.4898 Z25.7939 E0.21308 F1700
G1 X98.9823 Y146.0148 Z25.9180 E0.21297 F1700
G1 X98.2422 Y145.5203 Z26.0361 E0.21278 F1700
G1 X97.5153 Y145.0066 Z26.1452 E0.21251 F1700
G1 X96.8021 Y144.4740 Z26.2428 E0.21220 F1700
G1 X96.1031 Y143.9230 Z26.3264 E0.21186 F1700
G1 X95.4188 Y143.3538 Z26.3941 E0.21154 F1700
G1 X94.7496 Y142.7669 Z26.4442 E0.21127 F1700
G1 X94.0959 Y142.1627 Z26.4756 E0.21106 F1700
G1 X93.4584 Y141.5416 Z26.4875 E0.21095 F1700
G1 X92.8373 Y140.9041 Z26.4797 E0.21094 F1700
G1 X92.2331 Y140.2504 Z26.4525 E0.21103 F1700
G1 X91.6462 Y139.5812 Z26.4066 E0.21121 F1700
G1 X91.0770 Y138.8969 Z26.3430 E0.21147 F1700
G1 X90.5260 Y138.1979 Z26.2636 E0.21177 F1700
G1 X89.9934 Y137.4847 Z26.1702 E0.21209 F1700
G1 X89.4797 Y136.7578 Z26.0653 E0.21239 F1700
G1 X88.9852 Y136.0177 Z25.9514 E0.21265 F1700
G1 X88.5102 Y135.2650 Z25.8314 E0.21284 F1700
G1 X88.0551 Y134.5000 Z25.7083 E0.21294 F1700
G1 X87.6202 Y133.7234 Z25.5853 E0.21294 F1700
G1 X87.2058 Y132.9357 Z25.4653 E0.21284 F1700
G1 X86.8121 Y132.1374 Z25.3514 E0.21265 F1700
G1 X86.4395 Y131.3290 Z25.2464 E0.21239 F1700
G1 X86.0881 Y130.5112 Z25.1531 E0.21209 F1700
G1 X85.7583 Y129.6845 Z25.0736 E0.21177 F1700
G1 X85.4502 Y128.8494 Z25.0101 E0.21147 F1700
G1 X85.1641 Y128.0066 Z24.9642 E0.21121 F1700
G1 X84.9001 Y127.1565 Z24.9369 E0.21103 F1700
G1 X84.6585 Y126.2998 Z24.9292 E0.21094 F1700
G1 X84.4394 Y125.4371 Z24.9411 E0.21095 F1700
G1 X84.2430 Y124.5690 Z24.9725 E0.21106 F1700
G1 X84.0693 Y123.6960 Z25.0226 E0.21127 F1700
G1 X83.9186 Y122.8188 Z25.0903 E0.21154 F1700
G1 X83.7909 Y121.9379 Z25.1739 E0.21186 F1700
G1 X83.6863 Y121.0540 Z25.2714 E0.21220 F1700
G1 X83.6048 Y120.1676 Z25.3806 E0.21251 F1700
G1 X83.5466 Y119.2794 Z25.4986 E0.21278 F1700
G1 X83.5117 Y118.3900 Z25.6228 E0.21297 F1700
G1 X83.5000 Y117.5000 Z25.7500 E0.21308 F1700
G1 X83.5117 Y116.6100 Z25.8772 E0.21308 F1700
G1 X83.5466 Y115.7206 Z26.0014 E0.21297 F1700
G1 X83.6048 Y114.8324 Z26.1194 E0.21278 F1700
G1 X83.6863 Y113.9460 Z26.2286 E0.21251 F1700
G1 X83.7909 Y113.0621 Z26.3261 E0.21220 F1700
G1 X83.9186 Y112.1812 Z26.4097 E0.21186 F1700
G1 X84.0693 Y111.3040 Z26.4774 E0.21154 F1700
G1 X84.2430 Y110.4310 Z26.5275 E0.21127 F1700
G1 X84.4394 Y109.5629 Z26.5589 E0.21106 F1700
G1 X84.6585 Y108.7002 Z26.5708 E0.21095 F1700
G1 X84.9001 Y107.8435 Z26.5631 E0.21094 F1700
G1 X85.1641 Y106.9934 Z26.5358 E0.21103 F1700
G1 X85.4502 Y106.1506 Z26.4899 E0.21121 F1700
G1 X85.7583 Y105.3155 Z26.4264 E0.21147 F1700
G1 X86.0881 Y104.4888 Z26.3469 E0.21177 F1700
G1 X86.4395 Y103.6710 Z26.2536 E0.21209 F1700
G1 X86.8121 Y102.8626 Z26.1486 E0.21239 F1700
G1 X87.2058 Y102.0643 Z26.0347 E0.21265 F1700
G1 X87.6202 Y101.2766 Z25.9147 E0.21284 F1700
G1 X88.0551 Y100.5000 Z25.7917 E0.21294 F1700
G1 X88.5102 Y99.7350 Z25.6686 E0.21294 F1700
G1 X88.9852 Y98.9823 Z25.5486 E0.21284 F1700
G1 X89.4797 Y98.2422 Z25.4347 E0.21265 F1700
G1 X89.9934 Y97.5153 Z25.3298 E0.21239 F1700
G1 X90.5260 Y96.8021 Z25.2364 E0.21209 F1700
G1 X91.0770 Y96.1031 Z25.1570 E0.21177 F1700
G1 X91.6462 Y95.4188 Z25.0934 E0.21147 F1700
G1 X92.2331 Y94.7496 Z25.0475 E0.21121 F1700
G1 X92.8373 Y94.0959 Z25.0203 E0.21103 F1700
G1 X93.4584 Y93.4584 Z25.0125 E0.21094 F1700
G1 X94.0959 Y92.8373 Z25.0244 E0.21095 F1700
G1 X94.7496 Y92.2331 Z25.0558 E0.21106 F1700
G1 X95.4188 Y91.6462 Z25.1059 E0.21127 F1700
G1 X96.1031 Y91.0770 Z25.1736 E0.21154 F1700
G1 X96.8021 Y90.5260 Z25.2572 E0.21186 F1700
G1 X97.5153 Y89.9934 Z25.3548 E0.21220 F1700
G1 X98.2422 Y89.4797 Z25.4639 E0.21251 F1700
G1 X98.9823 Y88.9852 Z25.5820 E0.21278 F1700
G1 X99.7350 Y88.5102 Z25.7061 E0.21297 F1700
G1 X100.5000 Y88.0551 Z25.8333 E0.21308 F1700
G1 X101.2766 Y87.6202 Z25.9606 E0.21308 F1700
G1 X102.0643 Y87.2058 Z26.0847 E0.21297 F1700
G1 X102.8626 Y86.8121 Z26.2028 E0.21278 F1700
G1 X103.6710 Y86.4395 Z26.3119 E0.21251 F1700
G1 X104.4888 Y86.0881 Z26.4094 E0.21220 F1700
G1 X105.3155 Y85.7583 Z26.4930 E0.21186 F1700
G1 X106.1506 Y85.4502 Z26.5607 E0.21154 F1700
G1 X106.9934 Y85.1641 Z26.6108 E0.21127 F1700
G1 X107.8435 Y84.9001 Z26.6422 E0.21106 F1700
G1 X108.7002 Y84.6585 Z26.6542 E0.21095 F1700
G1 X109.5629 Y84.4394 Z26.6464 E0.21094 F1700
G1 X110.4310 Y84.2430 Z26.6192 E0.21103 F1700
G1 X111.3040 Y84.0693 Z26.5732 E0.21121 F1700
G1 X112.1812 Y83.9186 Z26.5097 E0.21147 F1700
G1 X113.0621 Y83.7909 Z26.4303 E0.21177 F1700
G1 X113.9460 Y83.6863 Z26.3369 E0.21209 F1700
G1 X114.8324 Y83.6048 Z26.2319 E0.21239 F1700
G1 X115.7206 Y83.5466 Z26.1180 E0.21265 F1700
G1 X116.6100 Y83.5117 Z25.9981 E0.21284 F1700
G1 X117.5000 Y83.5000 Z25.8750 E0.21294 F1700
G1 X118.3900 Y83.5117 Z25.7519 E0.21294 F1700
G1 X119.2794 Y83.5466 Z25.6320 E0.21284 F1700
G1 X120.1676 Y83.6048 Z25.5181 E0.21265 F1700
G1 X121.0540 Y83.6863 Z25.4131 E0.21239 F1700
G1 X121.9379 Y83.7909 Z25.3197 E0.21209 F1700
G1 X122.8188 Y83.9186 Z25.2403 E0.21177 F1700
G1 X123.6960 Y84.0693 Z25.1768 E0.21147 F1700
G1 X124.5690 Y84.2430 Z25.1308 E0.21121 F1700
G1 X125.4371 Y84.4394 Z25.1036 E0.21103 F1700
G1 X126.2998 Y84.6585 Z25.0958 E0.21094 F1700
G1 X127.1565 Y84.9001 Z25.1078 E0.21095 F1700
G1 X128.0066 Y85.1641 Z25.1392 E0.21106 F1700
G1 X128.8494 Y85.4502 Z25.1893 E0.21127 F1700
G1 X129.6845 Y85.7583 Z25.2570 E0.21154 F1700
G1 X130.5112 Y86.0881 Z25.3406 E0.21186 F1700
G1 X131.3290 Y86.4395 Z25.4381 E0.21220 F1700
G1 X132.1374 Y86.8121 Z25.5472 E0.21251 F1700
G1 X132.9357 Y87.2058 Z25.6653 E0.21278 F1700
G1 X133.7234 Y87.6202 Z25.7894 E0.21297 F1700
G1 X134.5000 Y88.0551 Z25.9167 E0.21308 F1700
G1 X135.2650 Y88.5102 Z26.0439 E0.21308 F1700
G1 X136.0177 Y88.9852 Z26.1680 E0.21297 F1700
G1 X136.7578 Y89.4797 Z26.2861 E0.21278 F1700
G1 X137.4847 Y89.9934 Z26.3952 E0.21251 F1700
G1 X138.1979 Y90.5260 Z26.4928 E0.21220 F1700
G1 X138.8969 Y91.0770 Z26.5764 E0.21186 F1700
G1 X139.5812 Y91.6462 Z26.6441 E0.21154 F1700
G1 X140.2504 Y92.2331 Z26.6942 E0.21127 F1700
G1 X140.9041 Y92.8373 Z26.7256 E0.21106 F1700
G1 X141.5416 Y93.4584 Z26.7375 E0.21095 F1700
G1 X142.1627 Y94.0959 Z26.7297 E0.21094 F1700
G1 X142.7669 Y94.7496 Z26.7025 E0.21103 F1700
G1 X143.3538 Y95.4188 Z26.6566 E0.21121 F1700
G1 X143.9230 Y96.1031 Z26.5930 E0.21147 F1700
G1 X144.4740 Y96.8021 Z26.5136 E0.21177 F1700
G1 X145.0066 Y97.5153 Z26.4202 E0.21209 F1700
G1 X145.5203 Y98.2422 Z26.3153 E0.21239 F1700
G1 X146.0148 Y98.9823 Z26.2014 E0.21265 F1700
G1 X146.4898 Y99.7350 Z26.0814 E0.21284 F1700
G1 X146.9449 Y100.5000 Z25.9583 E0.21294 F1700
G1 X147.3798 Y101.2766 Z25.8353 E0.21294 F1700
G1 X147.7942 Y102.0643 Z25.7153 E0.21284 F1700
G1 X148.1879 Y102.8626 Z25.6014 E0.21265 F1700
G1 X148.5605 Y103.6710 Z25.4964 E0.21239 F1700
G1 X148.9119 Y104.4888 Z25.4031 E0.21209 F1700
G1 X149.2417 Y105.3155 Z25.3236 E0.21177 F1700
G1 X149.5498 Y106.1506 Z25.2601 E0.21147 F1700
G1 X149.8359 Y106.9934 Z25.2142 E0.21121 F1700
G1 X150.0999 Y107.8435 Z25.1869 E0.21103 F1700
G1 X150.3415 Y108.7002 Z25.1792 E0.21094 F1700
G1 X150.5606 Y109.5629 Z25.1911 E0.21095 F1700
G1 X150.7570 Y110.4310 Z25.2225 E0.21106 F1700
G1 X150.9307 Y111.3040 Z25.2726 E0.21127 F1700
G1 X151.0814 Y112.1812 Z25.3403 E0.21154 F1700
G1 X151.2091 Y113.0621 Z25.4239 E0.21186 F1700
G1 X151.3137 Y113.9460 Z25.5214 E0.21220 F1700
G1 X151.3952 Y114.8324 Z25.6306 E0.21251 F1700
G1 X151.4534 Y115.7206 Z25.7486 E0.21278 F1700
G1 X151.4883 Y116.6100 Z25.8728 E0.21297 F1700
G1 X151.5000 Y117.5000 Z26.0000 E0.21308 F1700
G1 X151.4883 Y118.3900 Z26.1272 E0.21308 F1700
G1 X151.4534 Y119.2794 Z26.2514 E0.21297 F1700
G1 X151.3952 Y120.1676 Z26.3694 E0.21278 F1700
G1 X151.3137 Y121.0540 Z26.4786 E0.21251 F1700
G1 X151.2091 Y121.9379 Z26.5761 E0.21220 F1700
G1 X151.0814 Y122.8188 Z26.6597 E0.21186 F1700
G1 X150.9307 Y123.6960 Z26.7274 E0.21154 F1700
G1 X150.7570 Y124.5690 Z26.7775 E0.21127 F1700
G1 X150.5606 Y125.4371 Z26.8089 E0.21106 F1700
G1 X150.3415 Y126.2998 Z26.8208 E0.21095 F1700
G1 X150.0999 Y127.1565 Z26.8131 E0.21094 F1700
G1 X149.8359 Y128.0066 Z26.7858 E0.21103 F1700
G1 X149.5498 Y128.8494 Z26.7399 E0.21121 F1700
G1 X149.2417 Y129.6845 Z26.6764 E0.21147 F1700
G1 X148.9119 Y130.5112 Z26.5969 E0.21177 F1700
G1 X148.5605 Y131.3290 Z26.5036 E0.21209 F1700
G1 X148.1879 Y132.1374 Z26.3986 E0.21239 F1700
G1 X147.7942 Y132.9357 Z26.2847 E0.21265 F1700
G1 X147.3798 Y133.7234 Z26.1647 E0.21284 F1700
G1 X146.9449 Y134.5000 Z26.0417 E0.21294 F1700
G1 X146.4898 Y135.2650 Z25.9186 E0.21294 F1700
G1 X146.0148 Y136.0177 Z25.7986 E0.21284 F1700
G1 X145.5203 Y136.7578 Z25.6847 E0.21265 F1700
G1 X145.0066 Y137.4847 Z25.5798 E0.21239 F1700
G1 X144.4740 Y138.1979 Z25.4864 E0.21209 F1700
G1 X143.9230 Y138.8969 Z25.4070 E0.21177 F1700
G1 X143.3538 Y139.5812 Z25.3434 E0.21147 F1700
G1 X142.7669 Y140.2504 Z25.2975 E0.21121 F1700
G1 X142.1627 Y140.9041 Z25.2703 E0.21103 F1700
G1 X141.5416 Y141.5416 Z25.2625 E0.21094 F1700
G1 X140.9041 Y142.1627 Z25.2744 E0.21095 F1700
G1 X140.2504 Y142.7669 Z25.3058 E0.21106 F1700
G1 X139.5812 Y143.3538 Z25.3559 E0.21127 F1700
G1 X138.8969 Y143.9230 Z25.4236 E0.21154 F1700
G1 X138.1979 Y144.4740 Z25.5072 E0.21186 F1700
G1 X137.4847 Y145.0066 Z25.6048 E0.21220 F1700
G1 X136.7578 Y145.5203 Z25.7139 E0.21251 F1700
G1 X136.0177 Y146.0148 Z25.8320 E0.21278 F1700
G1 X135.2650 Y146.4898 Z25.9561 E0.21297 F1700
G1 X134.5000 Y146.9449 Z26.0833 E0.21308 F1700
G1 X133.7234 Y147.3798 Z26.2106 E0.21308 F1700
G1 X132.9357 Y147.7942 Z26.3347 E0.21297 F1700
G1 X132.1374 Y148.1879 Z26.4528 E0.21278 F1700
G1 X131.3290 Y148.5605 Z26.5619 E0.21251 F1700
G1 X130.5112 Y148.9119 Z26.6594 E0.21220 F1700
G1 X129.6845 Y149.2417 Z26.7430 E0.21186 F1700
G1 X128.8494 Y149.5498 Z26.8107 E0.21154 F1700
G1 X128.0066 Y149.8359 Z26.8608 E0.21127 F1700
G1 X127.1565 Y150.0999 Z26.8922 E0.21106 F1700
G1 X126.2998 Y150.3415 Z26.9042 E0.21095 F1700
G1 X125.4371 Y150.5606 Z26.8964 E0.21094 F1700
G1 X124.5690 Y150.7570 Z26.8692 E0.21103 F1700
G1 X123.6960 Y150.9307 Z26.8232 E0.21121 F1700
G1 X122.8188 Y151.0814 Z26.7597 E0.21147 F1700
G1 X121.9379 Y151.2091 Z26.6803 E0.21177 F1700
G1 X121.0540 Y151.3137 Z26.5869 E0.21209 F1700
G1 X120.1676 Y151.3952 Z26.4819 E0.21239 F1700
G1 X119.2794 Y151.4534 Z26.3680 E0.21265 F1700
G1 X118.3900 Y151.4883 Z26.2481 E0.21284 F1700
G1 X117.5000 Y151.5000 Z26.1250 E0.21294 F1700
G1 X116.6100 Y151.4883 Z26.0019 E0.21294 F1700
G1 X115.7206 Y151.4534 Z25.8820 E0.21284 F1700
G1 X114.8324 Y151.3952 Z25.7681 E0.21265 F1700
G1 X113.9460 Y151.3137 Z25.6631 E0.21239 F1700
G1 X113.0621 Y151.2091 Z25.5697 E0.21209 F1700
G1 X112.1812 Y151.0814 Z25.4903 E0.21177 F1700
G1 X111.3040 Y150.9307 Z25.4268 E0.21147 F1700
G1 X110.4310 Y150.7570 Z25.3808 E0.21121 F1700
G1 X109.5629 Y150.5606 Z25.3536 E0.21103 F1700
G1 X108.7002 Y150.3415 Z25.3458 E0.21094 F1700
G1 X107.8435 Y150.0999 Z25.3578 E0.21095 F1700
G1 X106.9934 Y149.8359 Z25.3892 E0.21106 F1700
G1 X106.1506 Y149.5498 Z25.4393 E0.21127 F1700
G1 X105.3155 Y149.2417 Z25.5070 E0.21154 F1700
G1 X104.4888 Y148.9119 Z25.5906 E0.21186 F1700
G1 X103.6710 Y148.5605 Z25.6881 E0.21220 F1700
G1 X102.8626 Y148.1879 Z25.7972 E0.21251 F1700
G1 X102.0643 Y147.7942 Z25.9153 E0.21278 F1700
G1 X101.2766 Y147.3798 Z26.0394 E0.21297 F1700
G1 X100.5000 Y146.9449 Z26.1667 E0.21308 F1700
G1 X99.7350 Y146.4898 Z26.2939 E0.21308 F1700
G1 X98.9823 Y146.0148 Z26.4180 E0.21297 F1700
G1 X98.2422 Y145.5203 Z26.5361 E0.21278 F1700
G1 X97.5153 Y145.0066 Z26.6452 E0.21251 F1700
G1 X96.8021 Y144.4740 Z26.7428 E0.21220 F1700
G1 X96.1031 Y143.9230 Z26.8264 E0.21186 F1700
G1 X95.4188 Y143.3538 Z26.8941 E0.21154 F1700
G1 X94.7496 Y142.7669 Z26.9442 E0.21127 F1700
G1 X94.0959 Y142.1627 Z26.9756 E0.21106 F1700
G1 X93.4584 Y141.5416 Z26.9875 E0.21095 F1700
G1 X92.8373 Y140.9041 Z26.9797 E0.21094 F1700
G1 X92.2331 Y140.2504 Z26.9525 E0.21103 F1700
G1 X91.6462 Y139.5812 Z26.9066 E0.21121 F1700
G1 X91.0770 Y138.8969 Z26.8430 E0.21147 F1700
G1 X90.5260 Y138.1979 Z26.7636 E0.21177 F1700
G1 X89.9934 Y137.4847 Z26.6702 E0.21209 F1700
G1 X89.4797 Y136.7578 Z26.5653 E0.21239 F1700
G1 X88.9852 Y136.0177 Z26.4514 E0.21265 F1700
G1 X88.5102 Y135.2650 Z26.3314 E0.21284 F1700
G1 X88.0551 Y134.5000 Z26.2083 E0.21294 F1700
G1 X87.6202 Y133.7234 Z26.0853 E0.21294 F1700
G1 X87.2058 Y132.9357 Z25.9653 E0.21284 F1700
G1 X86.8121 Y132.1374 Z25.8514 E0.21265 F1700
G1 X86.4395 Y131.3290 Z25.7464 E0.21239 F1700
G1 X86.0881 Y130.5112 Z25.6531 E0.21209 F1700
G1 X85.7583 Y129.6845 Z25.5736 E0.21177 F1700
G1 X85.4502 Y128.8494 Z25.5101 E0.21147 F1700
G1 X85.1641 Y128.0066 Z25.4642 E0.21121 F1700
G1 X84.9001 Y127.1565 Z25.4369 E0.21103 F1700
G1 X84.6585 Y126.2998 Z25.4292 E0.21094 F1700
G1 X84.4394 Y125.4371 Z25.4411 E0.21095 F1700
G1 X84.2430 Y124.5690 Z25.4725 E0.21106 F1700
G1 X84.0693 Y123.6960 Z25.5226 E0.21127 F1700
G1 X83.9186 Y122.8188 Z25.5903 E0.21154 F1700
G1 X83.7909 Y121.9379 Z25.6739 E0.21186 F1700
G1 X83.6863 Y121.0540 Z25.7714 E0.21220 F1700
G1 X83.6048 Y120.1676 Z25.8806 E0.21251 F1700
G1 X83.5466 Y119.2794 Z25.9986 E0.21278 F1700
G1 X83.5117 Y118.3900 Z26.1228 E0.21297 F1700
G1 X83.5000 Y117.5000 Z26.2500 E0.21308 F1700
G1 X83.5117 Y116.6100 Z26.3772 E0.21308 F1700
G1 X83.5466 Y115.7206 Z26.5014 E0.21297 F1700
G1 X83.6048 Y114.8324 Z26.6194 E0.21278 F1700
G1 X83.6863 Y113.9460 Z26.7286 E0.21251 F1700
G1 X83.7909 Y113.0621 Z26.8261 E0.21220 F1700
G1 X83.9186 Y112.1812 Z26.9097 E0.21186 F1700
G1 X84.0693 Y111.3040 Z26.9774 E0.21154 F1700
G1 X84.2430 Y110.4310 Z27.0275 E0.21127 F1700
G1 X84.4394 Y109.5629 Z27.0589 E0.21106 F1700
G1 X84.6585 Y108.7002 Z27.0708 E0.21095 F1700
G1 X84.9001 Y107.8435 Z27.0631 E0.21094 F1700
G1 X85.1641 Y106.9934 Z27.0358 E0.21103 F1700
G1 X85.4502 Y106.1506 Z26.9899 E0.21121 F1700
G1 X85.7583 Y105.3155 Z26.9264 E0.21147 F1700
G1 X86.0881 Y104.4888 Z26.8469 E0.21177 F1700
G1 X86.4395 Y103.6710 Z26.7536 E0.21209 F1700
G1 X86.8121 Y102.8626 Z26.6486 E0.21239 F1700
G1 X87.2058 Y102.0643 Z26.5347 E0.21265 F1700
G1 X87.6202 Y101.2766 Z26.4147 E0.21284 F1700
G1 X88.0551 Y100.5000 Z26.2917 E0.21294 F1700
G1 X88.5102 Y99.7350 Z26.1686 E0.21294 F1700
G1 X88.9852 Y98.9823 Z26.0486 E0.21284 F1700
G1 X89.4797 Y98.2422 Z25.9347 E0.21265 F1700
G1 X89.9934 Y97.5153 Z25.8298 E0.21239 F1700
G1 X90.5260 Y96.8021 Z25.7364 E0.21209 F1700
G1 X91.0770 Y96.1031 Z25.6570 E0.21177 F1700
G1 X91.6462 Y95.4188 Z25.5934 E0.21147 F1700
G1 X92.2331 Y94.7496 Z25.5475 E0.21121 F1700
G1 X92.8373 Y94.0959 Z25.5203 E0.21103 F1700
G1 X93.4584 Y93.4584 Z25.5125 E0.21094 F1700
G1 X94.0959 Y92.8373 Z25.5244 E0.21095 F1700
G1 X94.7496 Y92.2331 Z25.5558 E0.21106 F1700
G1 X95.4188 Y91.6462 Z25.6059 E0.21127 F1700
G1 X96.1031 Y91.0770 Z25.6736 E0.21154 F1700
G1 X96.8021 Y90.5260 Z25.7572 E0.21186 F1700
G1 X97.5153 Y89.9934 Z25.8548 E0.21220 F1700
G1 X98.2422 Y89.4797 Z25.9639 E0.21251 F1700
G1 X98.9823 Y88.9852 Z26.0820 E0.21278 F1700
G1 X99.7350 Y88.5102 Z26.2061 E0.21297 F1700
G1 X100.5000 Y88.0551 Z26.3333 E0.21308 F1700
G1 X101.2766 Y87.6202 Z26.4606 E0.21308 F1700
G1 X102.0643 Y87.2058 Z26.5847 E0.21297 F1700
G1 X102.8626 Y86.8121 Z26.7028 E0.21278 F1700
G1 X103.6710 Y86.4395 Z26.8119 E0.21251 F1700
G1 X104.4888 Y86.0881 Z26.9094 E0.21220 F1700
G1 X105.3155 Y85.7583 Z26.9930 E0.21186 F1700
G1 X106.1506 Y85.4502 Z27.0607 E0.21154 F1700
G1 X106.9934 Y85.1641 Z27.1108 E0.21127 F1700
G1 X107.8435 Y84.9001 Z27.1422 E0.21106 F1700
G1 X108.7002 Y84.6585 Z27.1542 E0.21095 F1700
G1 X109.5629 Y84.4394 Z27.1464 E0.21094 F1700
G1 X110.4310 Y84.2430 Z27.1192 E0.21103 F1700
G1 X111.3040 Y84.0693 Z27.0732 E0.21121 F1700
G1 X112.1812 Y83.9186 Z27.0097 E0.21147 F1700
G1 X113.0621 Y83.7909 Z26.9303 E0.21177 F1700
G1 X113.9460 Y83.6863 Z26.8369 E0.21209 F1700
G1 X114.8324 Y83.6048 Z26.7319 E0.21239 F1700
G1 X115.7206 Y83.5466 Z26.6180 E0.21265 F1700
G1 X116.6100 Y83.5117 Z26.4981 E0.21284 F1700
G1 X117.5000 Y83.5000 Z26.3750 E0.21294 F1700
G1 X118.3900 Y83.5117 Z26.2519 E0.21294 F1700
G1 X119.2794 Y83.5466 Z26.1320 E0.21284 F1700
G1 X120.1676 Y83.6048 Z26.0181 E0.21265 F1700
G1 X121.0540 Y83.6863 Z25.9131 E0.21239 F1700
G1 X121.9379 Y83.7909 Z25.8197 E0.21209 F1700
G1 X122.8188 Y83.9186 Z25.7403 E0.21177 F1700
G1 X123.6960 Y84.0693 Z25.6768 E0.21147 F1700
G1 X124.5690 Y84.2430 Z25.6308 E0.21121 F1700
G1 X125.4371 Y84.4394 Z25.6036 E0.21103 F1700
G1 X126.2998 Y84.6585 Z25.5958 E0.21094 F1700
G1 X127.1565 Y84.9001 Z25.6078 E0.21095 F1700
G1 X128.0066 Y85.1641 Z25.6392 E0.21106 F1700
G1 X128.8494 Y85.4502 Z25.6893 E0.21127 F1700
G1 X129.6845 Y85.7583 Z25.7570 E0.21154 F1700
G1 X130.5112 Y86.0881 Z25.8406 E0.21186 F1700
G1 X131.3290 Y86.4395 Z25.9381 E0.21220 F1700
G1 X132.1374 Y86.8121 Z26.0472 E0.21251 F1700
G1 X132.9357 Y87.2058 Z26.1653 E0.21278 F1700
G1 X133.7234 Y87.6202 Z26.2894 E0.21297 F1700
G1 X134.5000 Y88.0551 Z26.4167 E0.21308 F1700
G1 X135.2650 Y88.5102 Z26.5439 E0.21308 F1700
G1 X136.0177 Y88.9852 Z26.6680 E0.21297 F1700
G1 X136.7578 Y89.4797 Z26.7861 E0.21278 F1700
G1 X137.4847 Y89.9934 Z26.8952 E0.21251 F1700
G1 X138.1979 Y90.5260 Z26.9928 E0.21220 F1700
G1 X138.8969 Y91.0770 Z27.0764 E0.21186 F1700
G1 X139.5812 Y91.6462 Z27.1441 E0.21154 F1700
G1 X140.2504 Y92.2331 Z27.1942 E0.21127 F1700
G1 X140.9041 Y92.8373 Z27.2256 E0.21106 F1700
G1 X141.5416 Y93.4584 Z27.2375 E0.21095 F1700
G1 X142.1627 Y94.0959 Z27.2297 E0.21094 F1700
G1 X142.7669 Y94.7496 Z27.2025 E0.21103 F1700
G1 X143.3538 Y95.4188 Z27.1566 E0.21121 F1700
G1 X143.9230 Y96.1031 Z27.0930 E0.21147 F1700
G1 X144.4740 Y96.8021 Z27.0136 E0.21177 F1700
G1 X145.0066 Y97.5153 Z26.9202 E0.21209 F1700
G1 X145.5203 Y98.2422 Z26.8153 E0.21239 F1700
G1 X146.0148 Y98.9823 Z26.7014 E0.21265 F1700
G1 X146.4898 Y99.7350 Z26.5814 E0.21284 F1700
G1 X146.9449 Y100.5000 Z26.4583 E0.21294 F1700
G1 X147.3798 Y101.2766 Z26.3353 E0.21294 F1700
G1 X147.7942 Y102.0643 Z26.2153 E0.21284 F1700
G1 X148.1879 Y102.8626 Z26.1014 E0.21265 F1700
G1 X148.5605 Y103.6710 Z25.9964 E0.21239 F1700
G1 X148.9119 Y104.4888 Z25.9031 E0.21209 F1700
G1 X149.2417 Y105.3155 Z25.8236 E0.21177 F1700
G1 X149.5498 Y106.1506 Z25.7601 E0.21147 F1700
G1 X149.8359 Y106.9934 Z25.7142 E0.21121 F1700
G1 X150.0999 Y107.8435 Z25.6869 E0.21103 F1700
G1 X150.3415 Y108.7002 Z25.6792 E0.21094 F1700
G1 X150.5606 Y109.5629 Z25.6911 E0.21095 F1700
G1 X150.7570 Y110.4310 Z25.7225 E0.21106 F1700
G1 X150.9307 Y111.3040 Z25.7726 E0.21127 F1700
G1 X151.0814 Y112.1812 Z25.8403 E0.21154 F1700
G1 X151.2091 Y113.0621 Z25.9239 E0.21186 F1700
G1 X151.3137 Y113.9460 Z26.0214 E0.21220 F1700
G1 X151.3952 Y114.8324 Z26.1306 E0.21251 F1700
G1 X151.4534 Y115.7206 Z26.2486 E0.21278 F1700
G1 X151.4883 Y116.6100 Z26.3728 E0.21297 F1700
G1 X151.5000 Y117.5000 Z26.5000 E0.21308 F1700
G1 X151.4883 Y118.3900 Z26.6272 E0.21308 F1700
G1 X151.4534 Y119.2794 Z26.7514 E0.21297 F1700
G1 X151.3952 Y120.1676 Z26.8694 E0.21278 F1700
G1 X151.3137 Y121.0540 Z26.9786 E0.21251 F1700
G1 X151.2091 Y121.9379 Z27.0761 E0.21220 F1700
G1 X151.0814 Y122.8188 Z27.1597 E0.21186 F1700
G1 X150.9307 Y123.6960 Z27.2274 E0.21154 F1700
G1 X150.7570 Y124.5690 Z27.2775 E0.21127 F1700
G1 X150.5606 Y125.4371 Z27.3089 E0.21106 F1700
G1 X150.3415 Y126.2998 Z27.3208 E0.21095 F1700
G1 X150.0999 Y127.1565 Z27.3131 E0.21094 F1700
G1 X149.8359 Y128.0066 Z27.2858 E0.21103 F1700
G1 X149.5498 Y128.8494 Z27.2399 E0.21121 F1700
G1 X149.2417 Y129.6845 Z27.1764 E0.21147 F1700
G1 X148.9119 Y130.5112 Z27.0969 E0.21177 F1700
G1 X148.5605 Y131.3290 Z27.0036 E0.21209 F1700
G1 X148.1879 Y132.1374 Z26.8986 E0.21239 F1700
G1 X147.7942 Y132.9357 Z26.7847 E0.21265 F1700
G1 X147.3798 Y133.7234 Z26.6647 E0.21284 F1700
G1 X146.9449 Y134.5000 Z26.5417 E0.21294 F1700
G1 X146.4898 Y135.2650 Z26.4186 E0.21294 F1700
G1 X146.0148 Y136.0177 Z26.2986 E0.21284 F1700
G1 X145.5203 Y136.7578 Z26.1847 E0.21265 F1700
G1 X145.0066 Y137.4847 Z26.0798 E0.21239 F1700
G1 X144.4740 Y138.1979 Z25.9864 E0.21209 F1700
G1 X143.9230 Y138.8969 Z25.9070 E0.21177 F1700
G1 X143.3538 Y139.5812 Z25.8434 E0.21147 F1700
G1 X142.7669 Y140.2504 Z25.7975 E0.21121 F1700
G1 X142.1627 Y140.9041 Z25.7703 E0.21103 F1700
G1 X141.5416 Y141.5416 Z25.7625 E0.21094 F1700
G1 X140.9041 Y142.1627 Z25.7744 E0.21095 F1700
G1 X140.2504 Y142.7669 Z25.8058 E0.21106 F1700
G1 X139.5812 Y143.3538 Z25.8559 E0.21127 F1700
G1 X138.8969 Y143.9230 Z25.9236 E0.21154 F1700
G1 X138.1979 Y144.4740 Z26.0072 E0.21186 F1700
G1 X137.4847 Y145.0066 Z26.1048 E0.21220 F1700
G1 X136.7578 Y145.5203 Z26.2139 E0.21251 F1700
G1 X136.0177 Y146.0148 Z26.3320 E0.21278 F1700
G1 X135.2650 Y146.4898 Z26.4561 E0.21297 F1700
G1 X134.5000 Y146.9449 Z26.5833 E0.21308 F1700
G1 X133.7234 Y147.3798 Z26.7106 E0.21308 F1700
G1 X132.9357 Y147.7942 Z26.8347 E0.21297 F1700
G1 X132.1374 Y148.1879 Z26.9528 E0.21278 F1700
G1 X131.3290 Y148.5605 Z27.0619 E0.21251 F1700
G1 X130.5112 Y148.9119 Z27.1594 E0.21220 F1700
G1 X129.6845 Y149.2417 Z27.2430 E0.21186 F1700
G1 X128.8494 Y149.5498 Z27.3107 E0.21154 F1700
G1 X128.0066 Y149.8359 Z27.3608 E0.21127 F1700
G1 X127.1565 Y150.0999 Z27.3922 E0.21106 F1700
G1 X126.2998 Y150.3415 Z27.4042 E0.21095 F1700
G1 X125.4371 Y150.5606 Z27.3964 E0.21094 F1700
G1 X124.5690 Y150.7570 Z27.3692 E0.21103 F1700
G1 X123.6960 Y150.9307 Z27.3232 E0.21121 F1700
G1 X122.8188 Y151.0814 Z27.2597 E0.21147 F1700
G1 X121.9379 Y151.2091 Z27.1803 E0.21177 F1700
G1 X121.0540 Y151.3137 Z27.0869 E0.21209 F1700
G1 X120.1676 Y151.3952 Z26.9819 E0.21239 F1700
G1 X119.2794 Y151.4534 Z26.8680 E0.21265 F1700
G1 X118.3900 Y151.4883 Z26.7481 E0.21284 F1700
G1 X117.5000 Y151.5000 Z26.6250 E0.21294 F1700
G1 X116.6100 Y151.4883 Z26.5019 E0.21294 F1700
G1 X115.7206 Y151.4534 Z26.3820 E0.21284 F1700
G1 X114.8324 Y151.3952 Z26.2681 E0.21265 F1700
G1 X113.9460 Y151.3137 Z26.1631 E0.21239 F1700
G1 X113.0621 Y151.2091 Z26.0697 E0.21209 F1700
G1 X112.1812 Y151.0814 Z25.9903 E0.21177 F1700
G1 X111.3040 Y150.9307 Z25.9268 E0.21147 F1700
G1 X110.4310 Y150.7570 Z25.8808 E0.21121 F1700
G1 X109.5629 Y150.5606 Z25.8536 E0.21103 F1700
G1 X108.7002 Y150.3415 Z25.8458 E0.21094 F1700
G1 X107.8435 Y150.0999 Z25.8578 E0.21095 F1700
G1 X106.9934 Y149.8359 Z25.8892 E0.21106 F1700
G1 X106.1506 Y149.5498 Z25.9393 E0.21127 F1700
G1 X105.3155 Y149.2417 Z26.0070 E0.21154 F1700
G1 X104.4888 Y148.9119 Z26.0906 E0.21186 F1700
G1 X103.6710 Y148.5605 Z26.1881 E0.21220 F1700
G1 X102.8626 Y148.1879 Z26.2972 E0.21251 F1700
G1 X102.0643 Y147.7942 Z26.4153 E0.21278 F1700
G1 X101.2766 Y147.3798 Z26.5394 E0.21297 F1700
G1 X100.5000 Y146.9449 Z26.6667 E0.21308 F1700
G1 X99.7350 Y146.4898 Z26.7939 E0.21308 F1700
G1 X98.9823 Y146.0148 Z26.9180 E0.21297 F1700
G1 X98.2422 Y145.5203 Z27.0361 E0.21278 F1700
G1 X97.5153 Y145.0066 Z27.1452 E0.21251 F1700
G1 X96.8021 Y144.4740 Z27.2428 E0.21220 F1700
G1 X96.1031 Y143.9230 Z27.3264 E0.21186 F1700
G1 X95.4188 Y143.3538 Z27.3941 E0.21154 F1700
G1 X94.7496 Y142.7669 Z27.4442 E0.21127 F1700
G1 X94.0959 Y142.1627 Z27.4756 E0.21106 F1700
G1 X93.4584 Y141.5416 Z27.4875 E0.21095 F1700
G1 X92.8373 Y140.9041 Z27.4797 E0.21094 F1700
G1 X92.2331 Y140.2504 Z27.4525 E0.21103 F1700
G1 X91.6462 Y139.5812 Z27.4066 E0.21121 F1700
G1 X91.0770 Y138.8969 Z27.3430 E0.21147 F1700
G1 X90.5260 Y138.1979 Z27.2636 E0.21177 F1700
G1 X89.9934 Y137.4847 Z27.1702 E0.21209 F1700
G1 X89.4797 Y136.7578 Z27.0653 E0.21239 F1700
G1 X88.9852 Y136.0177 Z26.9514 E0.21265 F1700
G1 X88.5102 Y135.2650 Z26.8314 E0.21284 F1700
G1 X88.0551 Y134.5000 Z26.7083 E0.21294 F1700
G1 X87.6202 Y133.7234 Z26.5853 E0.21294 F1700
G1 X87.2058 Y132.9357 Z26.4653 E0.21284 F1700
G1 X86.8121 Y132.1374 Z26.3514 E0.21265 F1700
G1 X86.4395 Y131.3290 Z26.2464 E0.21239 F1700
G1 X86.0881 Y130.5112 Z26.1531 E0.21209 F1700
G1 X85.7583 Y129.6845 Z26.0736 E0.21177 F1700
G1 X85.4502 Y128.8494 Z26.0101 E0.21147 F1700
G1 X85.1641 Y128.0066 Z25.9642 E0.21121 F1700
G1 X84.9001 Y127.1565 Z25.9369 E0.21103 F1700
G1 X84.6585 Y126.2998 Z25.9292 E0.21094 F1700
G1 X84.4394 Y125.4371 Z25.9411 E0.21095 F1700
G1 X84.2430 Y124.5690 Z25.9725 E0.21106 F1700
G1 X84.0693 Y123.6960 Z26.0226 E0.21127 F1700
G1 X83.9186 Y122.8188 Z26.0903 E0.21154 F1700
G1 X83.7909 Y121.9379 Z26.1739 E0.21186 F1700
G1 X83.6863 Y121.0540 Z26.2714 E0.21220 F1700
G1 X83.6048 Y120.1676 Z26.3806 E0.21251 F1700
G1 X83.5466 Y119.2794 Z26.4986 E0.21278 F1700
G1 X83.5117 Y118.3900 Z26.6228 E0.21297 F1700
G1 X83.5000 Y117.5000 Z26.7500 E0.21308 F1700
G1 X83.5117 Y116.6100 Z26.8772 E0.21308 F1700
G1 X83.5466 Y115.7206 Z27.0014 E0.21297 F1700
G1 X83.6048 Y114.8324 Z27.1194 E0.21278 F1700
G1 X83.6863 Y113.9460 Z27.2286 E0.21251 F1700
G1 X83.7909 Y113.0621 Z27.3261 E0.21220 F1700
G1 X83.9186 Y112.1812 Z27.4097 E0.21186 F1700
G1 X84.0693 Y111.3040 Z27.4774 E0.21154 F1700
G1 X84.2430 Y110.4310 Z27.5275 E0.21127 F1700
G1 X84.4394 Y109.5629 Z27.5589 E0.21106 F1700
G1 X84.6585 Y108.7002 Z27.5708 E0.21095 F1700
G1 X84.9001 Y107.8435 Z27.5631 E0.21094 F1700
G1 X85.1641 Y106.9934 Z27.5358 E0.21103 F1700
G1 X85.4502 Y106.1506 Z27.4899 E0.21121 F1700
G1 X85.7583 Y105.3155 Z27.4264 E0.21147 F1700
G1 X86.0881 Y104.4888 Z27.3469 E0.21177 F1700
G1 X86.4395 Y103.6710 Z27.2536 E0.21209 F1700
G1 X86.8121 Y102.8626 Z27.1486 E0.21239 F1700
G1 X87.2058 Y102.0643 Z27.0347 E0.21265 F1700
G1 X87.6202 Y101.2766 Z26.9147 E0.21284 F1700
G1 X88.0551 Y100.5000 Z26.7917 E0.21294 F1700
G1 X88.5102 Y99.7350 Z26.6686 E0.21294 F1700
G1 X88.9852 Y98.9823 Z26.5486 E0.21284 F1700
G1 X89.4797 Y98.2422 Z26.4347 E0.21265 F1700
G1 X89.9934 Y97.5153 Z26.3298 E0.21239 F1700
G1 X90.5260 Y96.8021 Z26.2364 E0.21209 F1700
G1 X91.0770 Y96.1031 Z26.1570 E0.21177 F1700
G1 X91.6462 Y95.4188 Z26.0934 E0.21147 F1700
G1 X92.2331 Y94.7496 Z26.0475 E0.21121 F1700
G1 X92.8373 Y94.0959 Z26.0203 E0.21103 F1700
G1 X93.4584 Y93.4584 Z26.0125 E0.21094 F1700
G1 X94.0959 Y92.8373 Z26.0244 E0.21095 F1700
G1 X94.7496 Y92.2331 Z26.0558 E0.21106 F1700
G1 X95.4188 Y91.6462 Z26.1059 E0.21127 F1700
G1 X96.1031 Y91.0770 Z26.1736 E0.21154 F1700
G1 X96.8021 Y90.5260 Z26.2572 E0.21186 F1700
G1 X97.5153 Y89.9934 Z26.3548 E0.21220 F1700
G1 X98.2422 Y89.4797 Z26.4639 E0.21251 F1700
G1 X98.9823 Y88.9852 Z26.5820 E0.21278 F1700
G1 X99.7350 Y88.5102 Z26.7061 E0.21297 F1700
G1 X100.5000 Y88.0551 Z26.8333 E0.21308 F1700
G1 X101.2766 Y87.6202 Z26.9606 E0.21308 F1700
G1 X102.0643 Y87.2058 Z27.0847 E0.21297 F1700
G1 X102.8626 Y86.8121 Z27.2028 E0.21278 F1700
G1 X103.6710 Y86.4395 Z27.3119 E0.21251 F1700
G1 X104.4888 Y86.0881 Z27.4094 E0.21220 F1700
G1 X105.3155 Y85.7583 Z27.4930 E0.21186 F1700
G1 X106.1506 Y85.4502 Z27.5607 E0.21154 F1700
G1 X106.9934 Y85.1641 Z27.6108 E0.21127 F1700
G1 X107.8435 Y84.9001 Z27.6422 E0.21106 F1700
G1 X108.7002 Y84.6585 Z27.6542 E0.21095 F1700
G1 X109.5629 Y84.4394 Z27.6464 E0.21094 F1700
G1 X110.4310 Y84.2430 Z27.6192 E0.21103 F1700
G1 X111.3040 Y84.0693 Z27.5732 E0.21121 F1700
G1 X112.1812 Y83.9186 Z27.5097 E0.21147 F1700
G1 X113.0621 Y83.7909 Z27.4303 E0.21177 F1700
G1 X113.9460 Y83.6863 Z27.3369 E0.21209 F1700
G1 X114.8324 Y83.6048 Z27.2319 E0.21239 F1700
G1 X115.7206 Y83.5466 Z27.1180 E0.21265 F1700
G1 X116.6100 Y83.5117 Z26.9981 E0.21284 F1700
G1 X117.5000 Y83.5000 Z26.8750 E0.21294 F1700
G1 X118.3900 Y83.5117 Z26.7519 E0.21294 F1700
G1 X119.2794 Y83.5466 Z26.6320 E0.21284 F1700
G1 X120.1676 Y83.6048 Z26.5181 E0.21265 F1700
G1 X121.0540 Y83.6863 Z26.4131 E0.21239 F1700
G1 X121.9379 Y83.7909 Z26.3197 E0.21209 F1700
G1 X122.8188 Y83.9186 Z26.2403 E0.21177 F1700
G1 X123.6960 Y84.0693 Z26.1768 E0.21147 F1700
G1 X124.5690 Y84.2430 Z26.1308 E0.21121 F1700
G1 X125.4371 Y84.4394 Z26.1036 E0.21103 F1700
G1 X126.2998 Y84.6585 Z26.0958 E0.21094 F1700
G1 X127.1565 Y84.9001 Z26.1078 E0.21095 F1700
G1 X128.0066 Y85.1641 Z26.1392 E0.21106 F1700
G1 X128.8494 Y85.4502 Z26.1893 E0.21127 F1700
G1 X129.6845 Y85.7583 Z26.2570 E0.21154 F1700
G1 X130.5112 Y86.0881 Z26.3406 E0.21186 F1700
G1 X131.3290 Y86.4395 Z26.4381 E0.21220 F1700
G1 X132.1374 Y86.8121 Z26.5472 E0.21251 F1700
G1 X132.9357 Y87.2058 Z26.6653 E0.21278 F1700
G1 X133.7234 Y87.6202 Z26.7894 E0.21297 F1700
G1 X134.5000 Y88.0551 Z26.9167 E0.21308 F1700
G1 X135.2650 Y88.5102 Z27.0439 E0.21308 F1700
G1 X136.0177 Y88.9852 Z27.1680 E0.21297 F1700
G1 X136.7578 Y89.4797 Z27.2861 E0.21278 F1700
G1 X137.4847 Y89.9934 Z27.3952 E0.21251 F1700
G1 X138.1979 Y90.5260 Z27.4928 E0.21220 F1700
G1 X138.8969 Y91.0770 Z27.5764 E0.21186 F1700
G1 X139.5812 Y91.6462 Z27.6441 E0.21154 F1700
G1 X140.2504 Y92.2331 Z27.6942 E0.21127 F1700
G1 X140.9041 Y92.8373 Z27.7256 E0.21106 F1700
G1 X141.5416 Y93.4584 Z27.7375 E0.21095 F1700
G1 X142.1627 Y94.0959 Z27.7297 E0.21094 F1700
G1 X142.7669 Y94.7496 Z27.7025 E0.21103 F1700
G1 X143.3538 Y95.4188 Z27.6566 E0.21121 F1700
G1 X143.9230 Y96.1031 Z27.5930 E0.21147 F1700
G1 X144.4740 Y96.8021 Z27.5136 E0.21177 F1700
G1 X145.0066 Y97.5153 Z27.4202 E0.21209 F1700
G1 X145.5203 Y98.2422 Z27.3153 E0.21239 F1700
G1 X146.0148 Y98.9823 Z27.2014 E0.21265 F1700
G1 X146.4898 Y99.7350 Z27.0814 E0.21284 F1700
G1 X146.9449 Y100.5000 Z26.9583 E0.21294 F1700
G1 X147.3798 Y101.2766 Z26.8353 E0.21294 F1700
G1 X147.7942 Y102.0643 Z26.7153 E0.21284 F1700
G1 X148.1879 Y102.8626 Z26.6014 E0.21265 F1700
G1 X148.5605 Y103.6710 Z26.4964 E0.21239 F1700
G1 X148.9119 Y104.4888 Z26.4031 E0.21209 F1700
G1 X149.2417 Y105.3155 Z26.3236 E0.21177 F1700
G1 X149.5498 Y106.1506 Z26.2601 E0.21147 F1700
G1 X149.8359 Y106.9934 Z26.2142 E0.21121 F1700
G1 X150.0999 Y107.8435 Z26.1869 E0.21103 F1700
G1 X150.3415 Y108.7002 Z26.1792 E0.21094 F1700
G1 X150.5606 Y109.5629 Z26.1911 E0.21095 F1700
G1 X150.7570 Y110.4310 Z26.2225 E0.21106 F1700
G1 X150.9307 Y111.3040 Z26.2726 E0.21127 F1700
G1 X151.0814 Y112.1812 Z26.3403 E0.21154 F1700
G1 X151.2091 Y113.0621 Z26.4239 E0.21186 F1700
G1 X151.3137 Y113.9460 Z26.5214 E0.21220 F1700
G1 X151.3952 Y114.8324 Z26.6306 E0.21251 F1700
G1 X151.4534 Y115.7206 Z26.7486 E0.21278 F1700
G1 X151.4883 Y116.6100 Z26.8728 E0.21297 F1700
G1 X151.5000 Y117.5000 Z27.0000 E0.21308 F1700
G1 X151.4883 Y118.3900 Z27.1272 E0.21308 F1700
G1 X151.4534 Y119.2794 Z27.2514 E0.21297 F1700
G1 X151.3952 Y120.1676 Z27.3694 E0.21278 F1700
G1 X151.3137 Y121.0540 Z27.4786 E0.21251 F1700
G1 X151.2091 Y121.9379 Z27.5761 E0.21220 F1700
G1 X151.0814 Y122.8188 Z27.6597 E0.21186 F1700
G1 X150.9307 Y123.6960 Z27.7274 E0.21154 F1700
G1 X150.7570 Y124.5690 Z27.7775 E0.21127 F1700
G1 X150.5606 Y125.4371 Z27.8089 E0.21106 F1700
G1 X150.3415 Y126.2998 Z27.8208 E0.21095 F1700
G1 X150.0999 Y127.1565 Z27.8131 E0.21094 F1700
G1 X149.8359 Y128.0066 Z27.7858 E0.21103 F1700
G1 X149.5498 Y128.8494 Z27.7399 E0.21121 F1700
G1 X149.2417 Y129.6845 Z27.6764 E0.21147 F1700
G1 X148.9119 Y130.5112 Z27.5969 E0.21177 F1700
G1 X148.5605 Y131.3290 Z27.5036 E0.21209 F1700
G1 X148.1879 Y132.1374 Z27.3986 E0.21239 F1700
G1 X147.7942 Y132.9357 Z27.2847 E0.21265 F1700
G1 X147.3798 Y133.7234 Z27.1647 E0.21284 F1700
G1 X146.9449 Y134.5000 Z27.0417 E0.21294 F1700
G1 X146.4898 Y135.2650 Z26.9186 E0.21294 F1700
G1 X146.0148 Y136.0177 Z26.7986 E0.21284 F1700
G1 X145.5203 Y136.7578 Z26.6847 E0.21265 F1700
G1 X145.0066 Y137.4847 Z26.5798 E0.21239 F1700
G1 X144.4740 Y138.1979 Z26.4864 E0.21209 F1700
G1 X143.9230 Y138.8969 Z26.4070 E0.21177 F1700
G1 X143.3538 Y139.5812 Z26.3434 E0.21147 F1700
G1 X142.7669 Y140.2504 Z26.2975 E0.21121 F1700
G1 X142.1627 Y140.9041 Z26.2703 E0.21103 F1700
G1 X141.5416 Y141.5416 Z26.2625 E0.21094 F1700
G1 X140.9041 Y142.1627 Z26.2744 E0.21095 F1700
G1 X140.2504 Y142.7669 Z26.3058 E0.21106 F1700
G1 X139.5812 Y143.3538 Z26.3559 E0.21127 F1700
G1 X138.8969 Y143.9230 Z26.4236 E0.21154 F1700
G1 X138.1979 Y144.4740 Z26.5072 E0.21186 F1700
G1 X137.4847 Y145.0066 Z26.6048 E0.21220 F1700
G1 X136.7578 Y145.5203 Z26.7139 E0.21251 F1700
G1 X136.0177 Y146.0148 Z26.8320 E0.21278 F1700
G1 X135.2650 Y146.4898 Z26.9561 E0.21297 F1700
G1 X134.5000 Y146.9449 Z27.0833 E0.21308 F1700
G1 X133.7234 Y147.3798 Z27.2106 E0.21308 F1700
G1 X132.9357 Y147.7942 Z27.3347 E0.21297 F1700
G1 X132.1374 Y148.1879 Z27.4528 E0.21278 F1700
G1 X131.3290 Y148.5605 Z27.5619 E0.21251 F1700
G1 X130.5112 Y148.9119 Z27.6594 E0.21220 F1700
G1 X129.6845 Y149.2417 Z27.7430 E0.21186 F1700
G1 X128.8494 Y149.5498 Z27.8107 E0.21154 F1700
G1 X128.0066 Y149.8359 Z27.8608 E0.21127 F1700
G1 X127.1565 Y150.0999 Z27.8922 E0.21106 F1700
G1 X126.2998 Y150.3415 Z27.9042 E0.21095 F1700
G1 X125.4371 Y150.5606 Z27.8964 E0.21094 F1700
G1 X124.5690 Y150.7570 Z27.8692 E0.21103 F1700
G1 X123.6960 Y150.9307 Z27.8232 E0.21121 F1700
G1 X122.8188 Y151.0814 Z27.7597 E0.21147 F1700
G1 X121.9379 Y151.2091 Z27.6803 E0.21177 F1700
G1 X121.0540 Y151.3137 Z27.5869 E0.21209 F1700
G1 X120.1676 Y151.3952 Z27.4819 E0.21239 F1700
G1 X119.2794 Y151.4534 Z27.3680 E0.21265 F1700
G1 X118.3900 Y151.4883 Z27.2481 E0.21284 F1700
G1 X117.5000 Y151.5000 Z27.1250 E0.21294 F1700
G1 X116.6100 Y151.4883 Z27.0019 E0.21294 F1700
G1 X115.7206 Y151.4534 Z26.8820 E0.21284 F1700
G1 X114.8324 Y151.3952 Z26.7681 E0.21265 F1700
G1 X113.9460 Y151.3137 Z26.6631 E0.21239 F1700
G1 X113.0621 Y151.2091 Z26.5697 E0.21209 F1700
G1 X112.1812 Y151.0814 Z26.4903 E0.21177 F1700
G1 X111.3040 Y150.9307 Z26.4268 E0.21147 F1700
G1 X110.4310 Y150.7570 Z26.3808 E0.21121 F1700
G1 X109.5629 Y150.5606 Z26.3536 E0.21103 F1700
G1 X108.7002 Y150.3415 Z26.3458 E0.21094 F1700
G1 X107.8435 Y150.0999 Z26.3578 E0.21095 F1700
G1 X106.9934 Y149.8359 Z26.3892 E0.21106 F1700
G1 X106.1506 Y149.5498 Z26.4393 E0.21127 F1700
G1 X105.3155 Y149.2417 Z26.5070 E0.21154 F1700
G1 X104.4888 Y148.9119 Z26.5906 E0.21186 F1700
G1 X103.6710 Y148.5605 Z26.6881 E0.21220 F1700
G1 X102.8626 Y148.1879 Z26.7972 E0.21251 F1700
G1 X102.0643 Y147.7942 Z26.9153 E0.21278 F1700
G1 X101.2766 Y147.3798 Z27.0394 E0.21297 F1700
G1 X100.5000 Y146.9449 Z27.1667 E0.21308 F1700
G1 X99.7350 Y146.4898 Z27.2939 E0.21308 F1700
G1 X98.9823 Y146.0148 Z27.4180 E0.21297 F1700
G1 X98.2422 Y145.5203 Z27.5361 E0.21278 F1700
G1 X97.5153 Y145.0066 Z27.6452 E0.21251 F1700
G1 X96.8021 Y144.4740 Z27.7428 E0.21220 F1700
G1 X96.1031 Y143.9230 Z27.8264 E0.21186 F1700
G1 X95.4188 Y143.3538 Z27.8941 E0.21154 F1700
G1 X94.7496 Y142.7669 Z27.9442 E0.21127 F1700
G1 X94.0959 Y142.1627 Z27.9756 E0.21106 F1700
G1 X93.4584 Y141.5416 Z27.9875 E0.21095 F1700
G1 X92.8373 Y140.9041 Z27.9797 E0.21094 F1700
G1 X92.2331 Y140.2504 Z27.9525 E0.21103 F1700
G1 X91.6462 Y139.5812 Z27.9066 E0.21121 F1700
G1 X91.0770 Y138.8969 Z27.8430 E0.21147 F1700
G1 X90.5260 Y138.1979 Z27.7636 E0.21177 F1700
G1 X89.9934 Y137.4847 Z27.6702 E0.21209 F1700
G1 X89.4797 Y136.7578 Z27.5653 E0.21239 F1700
G1 X88.9852 Y136.0177 Z27.4514 E0.21265 F1700
G1 X88.5102 Y135.2650 Z27.3314 E0.21284 F1700
G1 X88.0551 Y134.5000 Z27.2083 E0.21294 F1700
G1 X87.6202 Y133.7234 Z27.0853 E0.21294 F1700
G1 X87.2058 Y132.9357 Z26.9653 E0.21284 F1700
G1 X86.8121 Y132.1374 Z26.8514 E0.21265 F1700
G1 X86.4395 Y131.3290 Z26.7464 E0.21239 F1700
G1 X86.0881 Y130.5112 Z26.6531 E0.21209 F1700
G1 X85.7583 Y129.6845 Z26.5736 E0.21177 F1700
G1 X85.4502 Y128.8494 Z26.5101 E0.21147 F1700
G1 X85.1641 Y128.0066 Z26.4642 E0.21121 F1700
G1 X84.9001 Y127.1565 Z26.4369 E0.21103 F1700
G1 X84.6585 Y126.2998 Z26.4292 E0.21094 F1700
G1 X84.4394 Y125.4371 Z26.4411 E0.21095 F1700
G1 X84.2430 Y124.5690 Z26.4725 E0.21106 F1700
G1 X84.0693 Y123.6960 Z26.5226 E0.21127 F1700
G1 X83.9186 Y122.8188 Z26.5903 E0.21154 F1700
G1 X83.7909 Y121.9379 Z26.6739 E0.21186 F1700
G1 X83.6863 Y121.0540 Z26.7714 E0.21220 F1700
G1 X83.6048 Y120.1676 Z26.8806 E0.21251 F1700
G1 X83.5466 Y119.2794 Z26.9986 E0.21278 F1700
G1 X83.5117 Y118.3900 Z27.1228 E0.21297 F1700
G1 X83.5000 Y117.5000 Z27.2500 E0.21308 F1700
G1 X83.5117 Y116.6100 Z27.3772 E0.21308 F1700
G1 X83.5466 Y115.7206 Z27.5014 E0.21297 F1700
G1 X83.6048 Y114.8324 Z27.6194 E0.21278 F1700
G1 X83.6863 Y113.9460 Z27.7286 E0.21251 F1700
G1 X83.7909 Y113.0621 Z27.8261 E0.21220 F1700
G1 X83.9186 Y112.1812 Z27.9097 E0.21186 F1700
G1 X84.0693 Y111.3040 Z27.9774 E0.21154 F1700
G1 X84.2430 Y110.4310 Z28.0275 E0.21127 F1700
G1 X84.4394 Y109.5629 Z28.0589 E0.21106 F1700
G1 X84.6585 Y108.7002 Z28.0708 E0.21095 F1700
G1 X84.9001 Y107.8435 Z28.0631 E0.21094 F1700
G1 X85.1641 Y106.9934 Z28.0358 E0.21103 F1700
G1 X85.4502 Y106.1506 Z27.9899 E0.21121 F1700
G1 X85.7583 Y105.3155 Z27.9264 E0.21147 F1700
G1 X86.0881 Y104.4888 Z27.8469 E0.21177 F1700
G1 X86.4395 Y103.6710 Z27.7536 E0.21209 F1700
G1 X86.8121 Y102.8626 Z27.6486 E0.21239 F1700
G1 X87.2058 Y102.0643 Z27.5347 E0.21265 F1700
G1 X87.6202 Y101.2766 Z27.4147 E0.21284 F1700
G1 X88.0551 Y100.5000 Z27.2917 E0.21294 F1700
G1 X88.5102 Y99.7350 Z27.1686 E0.21294 F1700
G1 X88.9852 Y98.9823 Z27.0486 E0.21284 F1700
G1 X89.4797 Y98.2422 Z26.9347 E0.21265 F1700
G1 X89.9934 Y97.5153 Z26.8298 E0.21239 F1700
G1 X90.5260 Y96.8021 Z26.7364 E0.21209 F1700
G1 X91.0770 Y96.1031 Z26.6570 E0.21177 F1700
G1 X91.6462 Y95.4188 Z26.5934 E0.21147 F1700
G1 X92.2331 Y94.7496 Z26.5475 E0.21121 F1700
G1 X92.8373 Y94.0959 Z26.5203 E0.21103 F1700
G1 X93.4584 Y93.4584 Z26.5125 E0.21094 F1700
G1 X94.0959 Y92.8373 Z26.5244 E0.21095 F1700
G1 X94.7496 Y92.2331 Z26.5558 E0.21106 F1700
G1 X95.4188 Y91.6462 Z26.6059 E0.21127 F1700
G1 X96.1031 Y91.0770 Z26.6736 E0.21154 F1700
G1 X96.8021 Y90.5260 Z26.7572 E0.21186 F1700
G1 X97.5153 Y89.9934 Z26.8548 E0.21220 F1700
G1 X98.2422 Y89.4797 Z26.9639 E0.21251 F1700
G1 X98.9823 Y88.9852 Z27.0820 E0.21278 F1700
G1 X99.7350 Y88.5102 Z27.2061 E0.21297 F1700
G1 X100.5000 Y88.0551 Z27.3333 E0.21308 F1700
G1 X101.2766 Y87.6202 Z27.4606 E0.21308 F1700
G1 X102.0643 Y87.2058 Z27.5847 E0.21297 F1700
G1 X102.8626 Y86.8121 Z27.7028 E0.21278 F1700
G1 X103.6710 Y86.4395 Z27.8119 E0.21251 F1700
G1 X104.4888 Y86.0881 Z27.9094 E0.21220 F1700
G1 X105.3155 Y85.7583 Z27.9930 E0.21186 F1700
G1 X106.1506 Y85.4502 Z28.0607 E0.21154 F1700
G1 X106.9934 Y85.1641 Z28.1108 E0.21127 F1700
G1 X107.8435 Y84.9001 Z28.1422 E0.21106 F1700
G1 X108.7002 Y84.6585 Z28.1542 E0.21095 F1700
G1 X109.5629 Y84.4394 Z28.1464 E0.21094 F1700
G1 X110.4310 Y84.2430 Z28.1192 E0.21103 F1700
G1 X111.3040 Y84.0693 Z28.0732 E0.21121 F1700
G1 X112.1812 Y83.9186 Z28.0097 E0.21147 F1700
G1 X113.0621 Y83.7909 Z27.9303 E0.21177 F1700
G1 X113.9460 Y83.6863 Z27.8369 E0.21209 F1700
G1 X114.8324 Y83.6048 Z27.7319 E0.21239 F1700
G1 X115.7206 Y83.5466 Z27.6180 E0.21265 F1700
G1 X116.6100 Y83.5117 Z27.4981 E0.21284 F1700
G1 X117.5000 Y83.5000 Z27.3750 E0.21294 F1700
G1 X118.3900 Y83.5117 Z27.2519 E0.21294 F1700
G1 X119.2794 Y83.5466 Z27.1320 E0.21284 F1700
G1 X120.1676 Y83.6048 Z27.0181 E0.21265 F1700
G1 X121.0540 Y83.6863 Z26.9131 E0.21239 F1700
G1 X121.9379 Y83.7909 Z26.8197 E0.21209 F1700
G1 X122.8188 Y83.9186 Z26.7403 E0.21177 F1700
G1 X123.6960 Y84.0693 Z26.6768 E0.21147 F1700
G1 X124.5690 Y84.2430 Z26.6308 E0.21121 F1700
G1 X125.4371 Y84.4394 Z26.6036 E0.21103 F1700
G1 X126.2998 Y84.6585 Z26.5958 E0.21094 F1700
G1 X127.1565 Y84.9001 Z26.6078 E0.21095 F1700
G1 X128.0066 Y85.1641 Z26.6392 E0.21106 F1700
G1 X128.8494 Y85.4502 Z26.6893 E0.21127 F1700
G1 X129.6845 Y85.7583 Z26.7570 E0.21154 F1700
G1 X130.5112 Y86.0881 Z26.8406 E0.21186 F1700
G1 X131.3290 Y86.4395 Z26.9381 E0.21220 F1700
G1 X132.1374 Y86.8121 Z27.0472 E0.21251 F1700
G1 X132.9357 Y87.2058 Z27.1653 E0.21278 F1700
G1 X133.7234 Y87.6202 Z27.2894 E0.21297 F1700
G1 X134.5000 Y88.0551 Z27.4167 E0.21308 F1700
G1 X135.2650 Y88.5102 Z27.5439 E0.21308 F1700
G1 X136.0177 Y88.9852 Z27.6680 E0.21297 F1700
G1 X136.7578 Y89.4797 Z27.7861 E0.21278 F1700
G1 X137.4847 Y89.9934 Z27.8952 E0.21251 F1700
G1 X138.1979 Y90.5260 Z27.9928 E0.21220 F1700
G1 X138.8969 Y91.0770 Z28.0764 E0.21186 F1700
G1 X139.5812 Y91.6462 Z28.1441 E0.21154 F1700
G1 X140.2504 Y92.2331 Z28.1942 E0.21127 F1700
G1 X140.9041 Y92.8373 Z28.2256 E0.21106 F1700
G1 X141.5416 Y93.4584 Z28.2375 E0.21095 F1700
G1 X142.1627 Y94.0959 Z28.2297 E0.21094 F1700
G1 X142.7669 Y94.7496 Z28.2025 E0.21103 F1700
G1 X143.3538 Y95.4188 Z28.1566 E0.21121 F1700
G1 X143.9230 Y96.1031 Z28.0930 E0.21147 F1700
G1 X144.4740 Y96.8021 Z28.0136 E0.21177 F1700
G1 X145.0066 Y97.5153 Z27.9202 E0.21209 F1700
G1 X145.5203 Y98.2422 Z27.8153 E0.21239 F1700
G1 X146.0148 Y98.9823 Z27.7014 E0.21265 F1700
G1 X146.4898 Y99.7350 Z27.5814 E0.21284 F1700
G1 X146.9449 Y100.5000 Z27.4583 E0.21294 F1700
G1 X147.3798 Y101.2766 Z27.3353 E0.21294 F1700
G1 X147.7942 Y102.0643 Z27.2153 E0.21284 F1700
G1 X148.1879 Y102.8626 Z27.1014 E0.21265 F1700
G1 X148.5605 Y103.6710 Z26.9964 E0.21239 F1700
G1 X148.9119 Y104.4888 Z26.9031 E0.21209 F1700
G1 X149.2417 Y105.3155 Z26.8236 E0.21177 F1700
G1 X149.5498 Y106.1506 Z26.7601 E0.21147 F1700
G1 X149.8359 Y106.9934 Z26.7142 E0.21121 F1700
G1 X150.0999 Y107.8435 Z26.6869 E0.21103 F1700
G1 X150.3415 Y108.7002 Z26.6792 E0.21094 F1700
G1 X150.5606 Y109.5629 Z26.6911 E0.21095 F1700
G1 X150.7570 Y110.4310 Z26.7225 E0.21106 F1700
G1 X150.9307 Y111.3040 Z26.7726 E0.21127 F1700
G1 X151.0814 Y112.1812 Z26.8403 E0.21154 F1700
G1 X151.2091 Y113.0621 Z26.9239 E0.21186 F1700
G1 X151.3137 Y113.9460 Z27.0214 E0.21220 F1700
G1 X151.3952 Y114.8324 Z27.1306 E0.21251 F1700
G1 X151.4534 Y115.7206 Z27.2486 E0.21278 F1700
G1 X151.4883 Y116.6100 Z27.3728 E0.21297 F1700
G1 X151.5000 Y117.5000 Z27.5000 E0.21308 F1700
G1 X151.4883 Y118.3900 Z27.6272 E0.21308 F1700
G1 X151.4534 Y119.2794 Z27.7514 E0.21297 F1700
G1 X151.3952 Y120.1676 Z27.8694 E0.21278 F1700
G1 X151.3137 Y121.0540 Z27.9786 E0.21251 F1700
G1 X151.2091 Y121.9379 Z28.0761 E0.21220 F1700
G1 X151.0814 Y122.8188 Z28.1597 E0.21186 F1700
G1 X150.9307 Y123.6960 Z28.2274 E0.21154 F1700
G1 X150.7570 Y124.5690 Z28.2775 E0.21127 F1700
G1 X150.5606 Y125.4371 Z28.3089 E0.21106 F1700
G1 X150.3415 Y126.2998 Z28.3208 E0.21095 F1700
G1 X150.0999 Y127.1565 Z28.3131 E0.21094 F1700
G1 X149.8359 Y128.0066 Z28.2858 E0.21103 F1700
G1 X149.5498 Y128.8494 Z28.2399 E0.21121 F1700
G1 X149.2417 Y129.6845 Z28.1764 E0.21147 F1700
G1 X148.9119 Y130.5112 Z28.0969 E0.21177 F1700
G1 X148.5605 Y131.3290 Z28.0036 E0.21209 F1700
G1 X148.1879 Y132.1374 Z27.8986 E0.21239 F1700
G1 X147.7942 Y132.9357 Z27.7847 E0.21265 F1700
G1 X147.3798 Y133.7234 Z27.6647 E0.21284 F1700
G1 X146.9449 Y134.5000 Z27.5417 E0.21294 F1700
G1 X146.4898 Y135.2650 Z27.4186 E0.21294 F1700
G1 X146.0148 Y136.0177 Z27.2986 E0.21284 F1700
G1 X145.5203 Y136.7578 Z27.1847 E0.21265 F1700
G1 X145.0066 Y137.4847 Z27.0798 E0.21239 F1700
G1 X144.4740 Y138.1979 Z26.9864 E0.21209 F1700
G1 X143.9230 Y138.8969 Z26.9070 E0.21177 F1700
G1 X143.3538 Y139.5812 Z26.8434 E0.21147 F1700
G1 X142.7669 Y140.2504 Z26.7975 E0.21121 F1700
G1 X142.1627 Y140.9041 Z26.7703 E0.21103 F1700
G1 X141.5416 Y141.5416 Z26.7625 E0.21094 F1700
G1 X140.9041 Y142.1627 Z26.7744 E0.21095 F1700
G1 X140.2504 Y142.7669 Z26.8058 E0.21106 F1700
G1 X139.5812 Y143.3538 Z26.8559 E0.21127 F1700
G1 X138.8969 Y143.9230 Z26.9236 E0.21154 F1700
G1 X138.1979 Y144.4740 Z27.0072 E0.21186 F1700
G1 X137.4847 Y145.0066 Z27.1048 E0.21220 F1700
G1 X136.7578 Y145.5203 Z27.2139 E0.21251 F1700
G1 X136.0177 Y146.0148 Z27.3320 E0.21278 F1700
G1 X135.2650 Y146.4898 Z27.4561 E0.21297 F1700
G1 X134.5000 Y146.9449 Z27.5833 E0.21308 F1700
G1 X133.7234 Y147.3798 Z27.7106 E0.21308 F1700
G1 X132.9357 Y147.7942 Z27.8347 E0.21297 F1700
G1 X132.1374 Y148.1879 Z27.9528 E0.21278 F1700
G1 X131.3290 Y148.5605 Z28.0619 E0.21251 F1700
G1 X130.5112 Y148.9119 Z28.1594 E0.21220 F1700
G1 X129.6845 Y149.2417 Z28.2430 E0.21186 F1700
G1 X128.8494 Y149.5498 Z28.3107 E0.21154 F1700
G1 X128.0066 Y149.8359 Z28.3608 E0.21127 F1700
G1 X127.1565 Y150.0999 Z28.3922 E0.21106 F1700
G1 X126.2998 Y150.3415 Z28.4042 E0.21095 F1700
G1 X125.4371 Y150.5606 Z28.3964 E0.21094 F1700
G1 X124.5690 Y150.7570 Z28.3692 E0.21103 F1700
G1 X123.6960 Y150.9307 Z28.3232 E0.21121 F1700
G1 X122.8188 Y151.0814 Z28.2597 E0.21147 F1700
G1 X121.9379 Y151.2091 Z28.1803 E0.21177 F1700
G1 X121.0540 Y151.3137 Z28.0869 E0.21209 F1700
G1 X120.1676 Y151.3952 Z27.9819 E0.21239 F1700
G1 X119.2794 Y151.4534 Z27.8680 E0.21265 F1700
G1 X118.3900 Y151.4883 Z27.7481 E0.21284 F1700
G1 X117.5000 Y151.5000 Z27.6250 E0.21294 F1700
G1 X116.6100 Y151.4883 Z27.5019 E0.21294 F1700
G1 X115.7206 Y151.4534 Z27.3820 E0.21284 F1700
G1 X114.8324 Y151.3952 Z27.2681 E0.21265 F1700
G1 X113.9460 Y151.3137 Z27.1631 E0.21239 F1700
G1 X113.0621 Y151.2091 Z27.0697 E0.21209 F1700
G1 X112.1812 Y151.0814 Z26.9903 E0.21177 F1700
G1 X111.3040 Y150.9307 Z26.9268 E0.21147 F1700
G1 X110.4310 Y150.7570 Z26.8808 E0.21121 F1700
G1 X109.5629 Y150.5606 Z26.8536 E0.21103 F1700
G1 X108.7002 Y150.3415 Z26.8458 E0.21094 F1700
G1 X107.8435 Y150.0999 Z26.8578 E0.21095 F1700
G1 X106.9934 Y149.8359 Z26.8892 E0.21106 F1700
G1 X106.1506 Y149.5498 Z26.9393 E0.21127 F1700
G1 X105.3155 Y149.2417 Z27.0070 E0.21154 F1700
G1 X104.4888 Y148.9119 Z27.0906 E0.21186 F1700
G1 X103.6710 Y148.5605 Z27.1881 E0.21220 F1700
G1 X102.8626 Y148.1879 Z27.2972 E0.21251 F1700
G1 X102.0643 Y147.7942 Z27.4153 E0.21278 F1700
G1 X101.2766 Y147.3798 Z27.5394 E0.21297 F1700
G1 X100.5000 Y146.9449 Z27.6667 E0.21308 F1700
G1 X99.7350 Y146.4898 Z27.7939 E0.21308 F1700
G1 X98.9823 Y146.0148 Z27.9180 E0.21297 F1700
G1 X98.2422 Y145.5203 Z28.0361 E0.21278 F1700
G1 X97.5153 Y145.0066 Z28.1452 E0.21251 F1700
G1 X96.8021 Y144.4740 Z28.2428 E0.21220 F1700
G1 X96.1031 Y143.9230 Z28.3264 E0.21186 F1700
G1 X95.4188 Y143.3538 Z28.3941 E0.21154 F1700
G1 X94.7496 Y142.7669 Z28.4442 E0.21127 F1700
G1 X94.0959 Y142.1627 Z28.4756 E0.21106 F1700
G1 X93.4584 Y141.5416 Z28.4875 E0.21095 F1700
G1 X92.8373 Y140.9041 Z28.4797 E0.21094 F1700
G1 X92.2331 Y140.2504 Z28.4525 E0.21103 F1700
G1 X91.6462 Y139.5812 Z28.4066 E0.21121 F1700
G1 X91.0770 Y138.8969 Z28.3430 E0.21147 F1700
G1 X90.5260 Y138.1979 Z28.2636 E0.21177 F1700
G1 X89.9934 Y137.4847 Z28.1702 E0.21209 F1700
G1 X89.4797 Y136.7578 Z28.0653 E0.21239 F1700
G1 X88.9852 Y136.0177 Z27.9514 E0.21265 F1700
G1 X88.5102 Y135.2650 Z27.8314 E0.21284 F1700
G1 X88.0551 Y134.5000 Z27.7083 E0.21294 F1700
G1 X87.6202 Y133.7234 Z27.5853 E0.21294 F1700
G1 X87.2058 Y132.9357 Z27.4653 E0.21284 F1700
G1 X86.8121 Y132.1374 Z27.3514 E0.21265 F1700
G1 X86.4395 Y131.3290 Z27.2464 E0.21239 F1700
G1 X86.0881 Y130.5112 Z27.1531 E0.21209 F1700
G1 X85.7583 Y129.6845 Z27.0736 E0.21177 F1700
G1 X85.4502 Y128.8494 Z27.0101 E0.21147 F1700
G1 X85.1641 Y128.0066 Z26.9642 E0.21121 F1700
G1 X84.9001 Y127.1565 Z26.9369 E0.21103 F1700
G1 X84.6585 Y126.2998 Z26.9292 E0.21094 F1700
G1 X84.4394 Y125.4371 Z26.9411 E0.21095 F1700
G1 X84.2430 Y124.5690 Z26.9725 E0.21106 F1700
G1 X84.0693 Y123.6960 Z27.0226 E0.21127 F1700
G1 X83.9186 Y122.8188 Z27.0903 E0.21154 F1700
G1 X83.7909 Y121.9379 Z27.1739 E0.21186 F1700
G1 X83.6863 Y121.0540 Z27.2714 E0.21220 F1700
G1 X83.6048 Y120.1676 Z27.3806 E0.21251 F1700
G1 X83.5466 Y119.2794 Z27.4986 E0.21278 F1700
G1 X83.5117 Y118.3900 Z27.6228 E0.21297 F1700
G1 X83.5000 Y117.5000 Z27.7500 E0.21308 F1700
G1 X83.5117 Y116.6100 Z27.8772 E0.21308 F1700
G1 X83.5466 Y115.7206 Z28.0014 E0.21297 F1700
G1 X83.6048 Y114.8324 Z28.1194 E0.21278 F1700
G1 X83.6863 Y113.9460 Z28.2286 E0.21251 F1700
G1 X83.7909 Y113.0621 Z28.3261 E0.21220 F1700
G1 X83.9186 Y112.1812 Z28.4097 E0.21186 F1700
G1 X84.0693 Y111.3040 Z28.4774 E0.21154 F1700
G1 X84.2430 Y110.4310 Z28.5275 E0.21127 F1700
G1 X84.4394 Y109.5629 Z28.5589 E0.21106 F1700
G1 X84.6585 Y108.7002 Z28.5708 E0.21095 F1700
G1 X84.9001 Y107.8435 Z28.5631 E0.21094 F1700
G1 X85.1641 Y106.9934 Z28.5358 E0.21103 F1700
G1 X85.4502 Y106.1506 Z28.4899 E0.21121 F1700
G1 X85.7583 Y105.3155 Z28.4264 E0.21147 F1700
G1 X86.0881 Y104.4888 Z28.3469 E0.21177 F1700
G1 X86.4395 Y103.6710 Z28.2536 E0.21209 F1700
G1 X86.8121 Y102.8626 Z28.1486 E0.21239 F1700
G1 X87.2058 Y102.0643 Z28.0347 E0.21265 F1700
G1 X87.6202 Y101.2766 Z27.9147 E0.21284 F1700
G1 X88.0551 Y100.5000 Z27.7917 E0.21294 F1700
G1 X88.5102 Y99.7350 Z27.6686 E0.21294 F1700
G1 X88.9852 Y98.9823 Z27.5486 E0.21284 F1700
G1 X89.4797 Y98.2422 Z27.4347 E0.21265 F1700
G1 X89.9934 Y97.5153 Z27.3298 E0.21239 F1700
G1 X90.5260 Y96.8021 Z27.2364 E0.21209 F1700
G1 X91.0770 Y96.1031 Z27.1570 E0.21177 F1700
G1 X91.6462 Y95.4188 Z27.0934 E0.21147 F1700
G1 X92.2331 Y94.7496 Z27.0475 E0.21121 F1700
G1 X92.8373 Y94.0959 Z27.0203 E0.21103 F1700
G1 X93.4584 Y93.4584 Z27.0125 E0.21094 F1700
G1 X94.0959 Y92.8373 Z27.0244 E0.21095 F1700
G1 X94.7496 Y92.2331 Z27.0558 E0.21106 F1700
G1 X95.4188 Y91.6462 Z27.1059 E0.21127 F1700
G1 X96.1031 Y91.0770 Z27.1736 E0.21154 F1700
G1 X96.8021 Y90.5260 Z27.2572 E0.21186 F1700
G1 X97.5153 Y89.9934 Z27.3548 E0.21220 F1700
G1 X98.2422 Y89.4797 Z27.4639 E0.21251 F1700
G1 X98.9823 Y88.9852 Z27.5820 E0.21278 F1700
G1 X99.7350 Y88.5102 Z27.7061 E0.21297 F1700
G1 X100.5000 Y88.0551 Z27.8333 E0.21308 F1700
G1 X101.2766 Y87.6202 Z27.9606 E0.21308 F1700
G1 X102.0643 Y87.2058 Z28.0847 E0.21297 F1700
G1 X102.8626 Y86.8121 Z28.2028 E0.21278 F1700
G1 X103.6710 Y86.4395 Z28.3119 E0.21251 F1700
G1 X104.4888 Y86.0881 Z28.4094 E0.21220 F1700
G1 X105.3155 Y85.7583 Z28.4930 E0.21186 F1700
G1 X106.1506 Y85.4502 Z28.5607 E0.21154 F1700
G1 X106.9934 Y85.1641 Z28.6108 E0.21127 F1700
G1 X107.8435 Y84.9001 Z28.6422 E0.21106 F1700
G1 X108.7002 Y84.6585 Z28.6542 E0.21095 F1700
G1 X109.5629 Y84.4394 Z28.6464 E0.21094 F1700
G1 X110.4310 Y84.2430 Z28.6192 E0.21103 F1700
G1 X111.3040 Y84.0693 Z28.5732 E0.21121 F1700
G1 X112.1812 Y83.9186 Z28.5097 E0.21147 F1700
G1 X113.0621 Y83.7909 Z28.4303 E0.21177 F1700
G1 X113.9460 Y83.6863 Z28.3369 E0.21209 F1700
G1 X114.8324 Y83.6048 Z28.2319 E0.21239 F1700
G1 X115.7206 Y83.5466 Z28.1180 E0.21265 F1700
G1 X116.6100 Y83.5117 Z27.9981 E0.21284 F1700
G1 X117.5000 Y83.5000 Z27.8750 E0.21294 F1700
G1 X118.3900 Y83.5117 Z27.7519 E0.21294 F1700
G1 X119.2794 Y83.5466 Z27.6320 E0.21284 F1700
G1 X120.1676 Y83.6048 Z27.5181 E0.21265 F1700
G1 X121.0540 Y83.6863 Z27.4131 E0.21239 F1700
G1 X121.9379 Y83.7909 Z27.3197 E0.21209 F1700
G1 X122.8188 Y83.9186 Z27.2403 E0.21177 F1700
G1 X123.6960 Y84.0693 Z27.1768 E0.21147 F1700
G1 X124.5690 Y84.2430 Z27.1308 E0.21121 F1700
G1 X125.4371 Y84.4394 Z27.1036 E0.21103 F1700
G1 X126.2998 Y84.6585 Z27.0958 E0.21094 F1700
G1 X127.1565 Y84.9001 Z27.1078 E0.21095 F1700
G1 X128.0066 Y85.1641 Z27.1392 E0.21106 F1700
G1 X128.8494 Y85.4502 Z27.1893 E0.21127 F1700
G1 X129.6845 Y85.7583 Z27.2570 E0.21154 F1700
G1 X130.5112 Y86.0881 Z27.3406 E0.21186 F1700
G1 X131.3290 Y86.4395 Z27.4381 E0.21220 F1700
G1 X132.1374 Y86.8121 Z27.5472 E0.21251 F1700
G1 X132.9357 Y87.2058 Z27.6653 E0.21278 F1700
G1 X133.7234 Y87.6202 Z27.7894 E0.21297 F1700
G1 X134.5000 Y88.0551 Z27.9167 E0.21308 F1700
G1 X135.2650 Y88.5102 Z28.0439 E0.21308 F1700
G1 X136.0177 Y88.9852 Z28.1680 E0.21297 F1700
G1 X136.7578 Y89.4797 Z28.2861 E0.21278 F1700
G1 X137.4847 Y89.9934 Z28.3952 E0.21251 F1700
G1 X138.1979 Y90.5260 Z28.4928 E0.21220 F1700
G1 X138.8969 Y91.0770 Z28.5764 E0.21186 F1700
G1 X139.5812 Y91.6462 Z28.6441 E0.21154 F1700
G1 X140.2504 Y92.2331 Z28.6942 E0.21127 F1700
G1 X140.9041 Y92.8373 Z28.7256 E0.21106 F1700
G1 X141.5416 Y93.4584 Z28.7375 E0.21095 F1700
G1 X142.1627 Y94.0959 Z28.7297 E0.21094 F1700
G1 X142.7669 Y94.7496 Z28.7025 E0.21103 F1700
G1 X143.3538 Y95.4188 Z28.6566 E0.21121 F1700
G1 X143.9230 Y96.1031 Z28.5930 E0.21147 F1700
G1 X144.4740 Y96.8021 Z28.5136 E0.21177 F1700
G1 X145.0066 Y97.5153 Z28.4202 E0.21209 F1700
G1 X145.5203 Y98.2422 Z28.3153 E0.21239 F1700
G1 X146.0148 Y98.9823 Z28.2014 E0.21265 F1700
G1 X146.4898 Y99.7350 Z28.0814 E0.21284 F1700
G1 X146.9449 Y100.5000 Z27.9583 E0.21294 F1700
G1 X147.3798 Y101.2766 Z27.8353 E0.21294 F1700
G1 X147.7942 Y102.0643 Z27.7153 E0.21284 F1700
G1 X148.1879 Y102.8626 Z27.6014 E0.21265 F1700
G1 X148.5605 Y103.6710 Z27.4964 E0.21239 F1700
G1 X148.9119 Y104.4888 Z27.4031 E0.21209 F1700
G1 X149.2417 Y105.3155 Z27.3236 E0.21177 F1700
G1 X149.5498 Y106.1506 Z27.2601 E0.21147 F1700
G1 X149.8359 Y106.9934 Z27.2142 E0.21121 F1700
G1 X150.0999 Y107.8435 Z27.1869 E0.21103 F1700
G1 X150.3415 Y108.7002 Z27.1792 E0.21094 F1700
G1 X150.5606 Y109.5629 Z27.1911 E0.21095 F1700
G1 X150.7570 Y110.4310 Z27.2225 E0.21106 F1700
G1 X150.9307 Y111.3040 Z27.2726 E0.21127 F1700
G1 X151.0814 Y112.1812 Z27.3403 E0.21154 F1700
G1 X151.2091 Y113.0621 Z27.4239 E0.21186 F1700
G1 X151.3137 Y113.9460 Z27.5214 E0.21220 F1700
G1 X151.3952 Y114.8324 Z27.6306 E0.21251 F1700
G1 X151.4534 Y115.7206 Z27.7486 E0.21278 F1700
G1 X151.4883 Y116.6100 Z27.8728 E0.21297 F1700
G1 X151.5000 Y117.5000 Z28.0000 E0.21308 F1700
G1 X151.4883 Y118.3900 Z28.1272 E0.21308 F1700
G1 X151.4534 Y119.2794 Z28.2514 E0.21297 F1700
G1 X151.3952 Y120.1676 Z28.3694 E0.21278 F1700
G1 X151.3137 Y121.0540 Z28.4786 E0.21251 F1700
G1 X151.2091 Y121.9379 Z28.5761 E0.21220 F1700
G1 X151.0814 Y122.8188 Z28.6597 E0.21186 F1700
G1 X150.9307 Y123.6960 Z28.7274 E0.21154 F1700
G1 X150.7570 Y124.5690 Z28.7775 E0.21127 F1700
G1 X150.5606 Y125.4371 Z28.8089 E0.21106 F1700
G1 X150.3415 Y126.2998 Z28.8208 E0.21095 F1700
G1 X150.0999 Y127.1565 Z28.8131 E0.21094 F1700
G1 X149.8359 Y128.0066 Z28.7858 E0.21103 F1700
G1 X149.5498 Y128.8494 Z28.7399 E0.21121 F1700
G1 X149.2417 Y129.6845 Z28.6764 E0.21147 F1700
G1 X148.9119 Y130.5112 Z28.5969 E0.21177 F1700
G1 X148.5605 Y131.3290 Z28.5036 E0.21209 F1700
G1 X148.1879 Y132.1374 Z28.3986 E0.21239 F1700
G1 X147.7942 Y132.9357 Z28.2847 E0.21265 F1700
G1 X147.3798 Y133.7234 Z28.1647 E0.21284 F1700
G1 X146.9449 Y134.5000 Z28.0417 E0.21294 F1700
G1 X146.4898 Y135.2650 Z27.9186 E0.21294 F1700
G1 X146.0148 Y136.0177 Z27.7986 E0.21284 F1700
G1 X145.5203 Y136.7578 Z27.6847 E0.21265 F1700
G1 X145.0066 Y137.4847 Z27.5798 E0.21239 F1700
G1 X144.4740 Y138.1979 Z27.4864 E0.21209 F1700
G1 X143.9230 Y138.8969 Z27.4070 E0.21177 F1700
G1 X143.3538 Y139.5812 Z27.3434 E0.21147 F1700
G1 X142.7669 Y140.2504 Z27.2975 E0.21121 F1700
G1 X142.1627 Y140.9041 Z27.2703 E0.21103 F1700
G1 X141.5416 Y141.5416 Z27.2625 E0.21094 F1700
G1 X140.9041 Y142.1627 Z27.2744 E0.21095 F1700
G1 X140.2504 Y142.7669 Z27.3058 E0.21106 F1700
G1 X139.5812 Y143.3538 Z27.3559 E0.21127 F1700
G1 X138.8969 Y143.9230 Z27.4236 E0.21154 F1700
G1 X138.1979 Y144.4740 Z27.5072 E0.21186 F1700
G1 X137.4847 Y145.0066 Z27.6048 E0.21220 F1700
G1 X136.7578 Y145.5203 Z27.7139 E0.21251 F1700
G1 X136.0177 Y146.0148 Z27.8320 E0.21278 F1700
G1 X135.2650 Y146.4898 Z27.9561 E0.21297 F1700
G1 X134.5000 Y146.9449 Z28.0833 E0.21308 F1700
G1 X133.7234 Y147.3798 Z28.2106 E0.21308 F1700
G1 X132.9357 Y147.7942 Z28.3347 E0.21297 F1700
G1 X132.1374 Y148.1879 Z28.4528 E0.21278 F1700
G1 X131.3290 Y148.5605 Z28.5619 E0.21251 F1700
G1 X130.5112 Y148.9119 Z28.6594 E0.21220 F1700
G1 X129.6845 Y149.2417 Z28.7430 E0.21186 F1700
G1 X128.8494 Y149.5498 Z28.8107 E0.21154 F1700
G1 X128.0066 Y149.8359 Z28.8608 E0.21127 F1700
G1 X127.1565 Y150.0999 Z28.8922 E0.21106 F1700
G1 X126.2998 Y150.3415 Z28.9042 E0.21095 F1700
G1 X125.4371 Y150.5606 Z28.8964 E0.21094 F1700
G1 X124.5690 Y150.7570 Z28.8692 E0.21103 F1700
G1 X123.6960 Y150.9307 Z28.8232 E0.21121 F1700
G1 X122.8188 Y151.0814 Z28.7597 E0.21147 F1700
G1 X121.9379 Y151.2091 Z28.6803 E0.21177 F1700
G1 X121.0540 Y151.3137 Z28.5869 E0.21209 F1700
G1 X120.1676 Y151.3952 Z28.4819 E0.21239 F1700
G1 X119.2794 Y151.4534 Z28.3680 E0.21265 F1700
G1 X118.3900 Y151.4883 Z28.2481 E0.21284 F1700
G1 X117.5000 Y151.5000 Z28.1250 E0.21294 F1700
G1 X116.6100 Y151.4883 Z28.0019 E0.21294 F1700
G1 X115.7206 Y151.4534 Z27.8820 E0.21284 F1700
G1 X114.8324 Y151.3952 Z27.7681 E0.21265 F1700
G1 X113.9460 Y151.3137 Z27.6631 E0.21239 F1700
G1 X113.0621 Y151.2091 Z27.5697 E0.21209 F1700
G1 X112.1812 Y151.0814 Z27.4903 E0.21177 F1700
G1 X111.3040 Y150.9307 Z27.4268 E0.21147 F1700
G1 X110.4310 Y150.7570 Z27.3808 E0.21121 F1700
G1 X109.5629 Y150.5606 Z27.3536 E0.21103 F1700
G1 X108.7002 Y150.3415 Z27.3458 E0.21094 F1700
G1 X107.8435 Y150.0999 Z27.3578 E0.21095 F1700
G1 X106.9934 Y149.8359 Z27.3892 E0.21106 F1700
G1 X106.1506 Y149.5498 Z27.4393 E0.21127 F1700
G1 X105.3155 Y149.2417 Z27.5070 E0.21154 F1700
G1 X104.4888 Y148.9119 Z27.5906 E0.21186 F1700
G1 X103.6710 Y148.5605 Z27.6881 E0.21220 F1700
G1 X102.8626 Y148.1879 Z27.7972 E0.21251 F1700
G1 X102.0643 Y147.7942 Z27.9153 E0.21278 F1700
G1 X101.2766 Y147.3798 Z28.0394 E0.21297 F1700
G1 X100.5000 Y146.9449 Z28.1667 E0.21308 F1700
G1 X99.7350 Y146.4898 Z28.2939 E0.21308 F1700
G1 X98.9823 Y146.0148 Z28.4180 E0.21297 F1700
G1 X98.2422 Y145.5203 Z28.5361 E0.21278 F1700
G1 X97.5153 Y145.0066 Z28.6452 E0.21251 F1700
G1 X96.8021 Y144.4740 Z28.7428 E0.21220 F1700
G1 X96.1031 Y143.9230 Z28.8264 E0.21186 F1700
G1 X95.4188 Y143.3538 Z28.8941 E0.21154 F1700
G1 X94.7496 Y142.7669 Z28.9442 E0.21127 F1700
G1 X94.0959 Y142.1627 Z28.9756 E0.21106 F1700
G1 X93.4584 Y141.5416 Z28.9875 E0.21095 F1700
G1 X92.8373 Y140.9041 Z28.9797 E0.21094 F1700
G1 X92.2331 Y140.2504 Z28.9525 E0.21103 F1700
G1 X91.6462 Y139.5812 Z28.9066 E0.21121 F1700
G1 X91.0770 Y138.8969 Z28.8430 E0.21147 F1700
G1 X90.5260 Y138.1979 Z28.7636 E0.21177 F1700
G1 X89.9934 Y137.4847 Z28.6702 E0.21209 F1700
G1 X89.4797 Y136.7578 Z28.5653 E0.21239 F1700
G1 X88.9852 Y136.0177 Z28.4514 E0.21265 F1700
G1 X88.5102 Y135.2650 Z28.3314 E0.21284 F1700
G1 X88.0551 Y134.5000 Z28.2083 E0.21294 F1700
G1 X87.6202 Y133.7234 Z28.0853 E0.21294 F1700
G1 X87.2058 Y132.9357 Z27.9653 E0.21284 F1700
G1 X86.8121 Y132.1374 Z27.8514 E0.21265 F1700
G1 X86.4395 Y131.3290 Z27.7464 E0.21239 F1700
G1 X86.0881 Y130.5112 Z27.6531 E0.21209 F1700
G1 X85.7583 Y129.6845 Z27.5736 E0.21177 F1700
G1 X85.4502 Y128.8494 Z27.5101 E0.21147 F1700
G1 X85.1641 Y128.0066 Z27.4642 E0.21121 F1700
G1 X84.9001 Y127.1565 Z27.4369 E0.21103 F1700
G1 X84.6585 Y126.2998 Z27.4292 E0.21094 F1700
G1 X84.4394 Y125.4371 Z27.4411 E0.21095 F1700
G1 X84.2430 Y124.5690 Z27.4725 E0.21106 F1700
G1 X84.0693 Y123.6960 Z27.5226 E0.21127 F1700
G1 X83.9186 Y122.8188 Z27.5903 E0.21154 F1700
G1 X83.7909 Y121.9379 Z27.6739 E0.21186 F1700
G1 X83.6863 Y121.0540 Z27.7714 E0.21220 F1700
G1 X83.6048 Y120.1676 Z27.8806 E0.21251 F1700
G1 X83.5466 Y119.2794 Z27.9986 E0.21278 F1700
G1 X83.5117 Y118.3900 Z28.1228 E0.21297 F1700
G1 X83.5000 Y117.5000 Z28.2500 E0.21308 F1700
G1 X83.5117 Y116.6100 Z28.3772 E0.21308 F1700
G1 X83.5466 Y115.7206 Z28.5014 E0.21297 F1700
G1 X83.6048 Y114.8324 Z28.6194 E0.21278 F1700
G1 X83.6863 Y113.9460 Z28.7286 E0.21251 F1700
G1 X83.7909 Y113.0621 Z28.8261 E0.21220 F1700
G1 X83.9186 Y112.1812 Z28.9097 E0.21186 F1700
G1 X84.0693 Y111.3040 Z28.9774 E0.21154 F1700
G1 X84.2430 Y110.4310 Z29.0275 E0.21127 F1700
G1 X84.4394 Y109.5629 Z29.0589 E0.21106 F1700
G1 X84.6585 Y108.7002 Z29.0708 E0.21095 F1700
G1 X84.9001 Y107.8435 Z29.0631 E0.21094 F1700
G1 X85.1641 Y106.9934 Z29.0358 E0.21103 F1700
G1 X85.4502 Y106.1506 Z28.9899 E0.21121 F1700
G1 X85.7583 Y105.3155 Z28.9264 E0.21147 F1700
G1 X86.0881 Y104.4888 Z28.8469 E0.21177 F1700
G1 X86.4395 Y103.6710 Z28.7536 E0.21209 F1700
G1 X86.8121 Y102.8626 Z28.6486 E0.21239 F1700
G1 X87.2058 Y102.0643 Z28.5347 E0.21265 F1700
G1 X87.6202 Y101.2766 Z28.4147 E0.21284 F1700
G1 X88.0551 Y100.5000 Z28.2917 E0.21294 F1700
G1 X88.5102 Y99.7350 Z28.1686 E0.21294 F1700
G1 X88.9852 Y98.9823 Z28.0486 E0.21284 F1700
G1 X89.4797 Y98.2422 Z27.9347 E0.21265 F1700
G1 X89.9934 Y97.5153 Z27.8298 E0.21239 F1700
G1 X90.5260 Y96.8021 Z27.7364 E0.21209 F1700
G1 X91.0770 Y96.1031 Z27.6570 E0.21177 F1700
G1 X91.6462 Y95.4188 Z27.5934 E0.21147 F1700
G1 X92.2331 Y94.7496 Z27.5475 E0.21121 F1700
G1 X92.8373 Y94.0959 Z27.5203 E0.21103 F1700
G1 X93.4584 Y93.4584 Z27.5125 E0.21094 F1700
G1 X94.0959 Y92.8373 Z27.5244 E0.21095 F1700
G1 X94.7496 Y92.2331 Z27.5558 E0.21106 F1700
G1 X95.4188 Y91.6462 Z27.6059 E0.21127 F1700
G1 X96.1031 Y91.0770 Z27.6736 E0.21154 F1700
G1 X96.8021 Y90.5260 Z27.7572 E0.21186 F1700
G1 X97.5153 Y89.9934 Z27.8548 E0.21220 F1700
G1 X98.2422 Y89.4797 Z27.9639 E0.21251 F1700
G1 X98.9823 Y88.9852 Z28.0820 E0.21278 F1700
G1 X99.7350 Y88.5102 Z28.2061 E0.21297 F1700
G1 X100.5000 Y88.0551 Z28.3333 E0.21308 F1700
G1 X101.2766 Y87.6202 Z28.4606 E0.21308 F1700
G1 X102.0643 Y87.2058 Z28.5847 E0.21297 F1700
G1 X102.8626 Y86.8121 Z28.7028 E0.21278 F1700
G1 X103.6710 Y86.4395 Z28.8119 E0.21251 F1700
G1 X104.4888 Y86.0881 Z28.9094 E0.21220 F1700
G1 X105.3155 Y85.7583 Z28.9930 E0.21186 F1700
G1 X106.1506 Y85.4502 Z29.0607 E0.21154 F1700
G1 X106.9934 Y85.1641 Z29.1108 E0.21127 F1700
G1 X107.8435 Y84.9001 Z29.1422 E0.21106 F1700
G1 X108.7002 Y84.6585 Z29.1542 E0.21095 F1700
G1 X109.5629 Y84.4394 Z29.1464 E0.21094 F1700
G1 X110.4310 Y84.2430 Z29.1192 E0.21103 F1700
G1 X111.3040 Y84.0693 Z29.0732 E0.21121 F1700
G1 X112.1812 Y83.9186 Z29.0097 E0.21147 F1700
G1 X113.0621 Y83.7909 Z28.9303 E0.21177 F1700
G1 X113.9460 Y83.6863 Z28.8369 E0.21209 F1700
G1 X114.8324 Y83.6048 Z28.7319 E0.21239 F1700
G1 X115.7206 Y83.5466 Z28.6180 E0.21265 F1700
G1 X116.6100 Y83.5117 Z28.4981 E0.21284 F1700
G1 X117.5000 Y83.5000 Z28.3750 E0.21294 F1700
G1 X118.3900 Y83.5117 Z28.2519 E0.21294 F1700
G1 X119.2794 Y83.5466 Z28.1320 E0.21284 F1700
G1 X120.1676 Y83.6048 Z28.0181 E0.21265 F1700
G1 X121.0540 Y83.6863 Z27.9131 E0.21239 F1700
G1 X121.9379 Y83.7909 Z27.8197 E0.21209 F1700
G1 X122.8188 Y83.9186 Z27.7403 E0.21177 F1700
G1 X123.6960 Y84.0693 Z27.6768 E0.21147 F1700
G1 X124.5690 Y84.2430 Z27.6308 E0.21121 F1700
G1 X125.4371 Y84.4394 Z27.6036 E0.21103 F1700
G1 X126.2998 Y84.6585 Z27.5958 E0.21094 F1700
G1 X127.1565 Y84.9001 Z27.6078 E0.21095 F1700
G1 X128.0066 Y85.1641 Z27.6392 E0.21106 F1700
G1 X128.8494 Y85.4502 Z27.6893 E0.21127 F1700
G1 X129.6845 Y85.7583 Z27.7570 E0.21154 F1700
G1 X130.5112 Y86.0881 Z27.8406 E0.21186 F1700
G1 X131.3290 Y86.4395 Z27.9381 E0.21220 F1700
G1 X132.1374 Y86.8121 Z28.0472 E0.21251 F1700
G1 X132.9357 Y87.2058 Z28.1653 E0.21278 F1700
G1 X133.7234 Y87.6202 Z28.2894 E0.21297 F1700
G1 X134.5000 Y88.0551 Z28.4167 E0.21308 F1700
G1 X135.2650 Y88.5102 Z28.5439 E0.21308 F1700
G1 X136.0177 Y88.9852 Z28.6680 E0.21297 F1700
G1 X136.7578 Y89.4797 Z28.7861 E0.21278 F1700
G1 X137.4847 Y89.9934 Z28.8952 E0.21251 F1700
G1 X138.1979 Y90.5260 Z28.9928 E0.21220 F1700
G1 X138.8969 Y91.0770 Z29.0764 E0.21186 F1700
G1 X139.5812 Y91.6462 Z29.1441 E0.21154 F1700
G1 X140.2504 Y92.2331 Z29.1942 E0.21127 F1700
G1 X140.9041 Y92.8373 Z29.2256 E0.21106 F1700
G1 X141.5416 Y93.4584 Z29.2375 E0.21095 F1700
G1 X142.1627 Y94.0959 Z29.2297 E0.21094 F1700
G1 X142.7669 Y94.7496 Z29.2025 E0.21103 F1700
G1 X143.3538 Y95.4188 Z29.1566 E0.21121 F1700
G1 X143.9230 Y96.1031 Z29.0930 E0.21147 F1700
G1 X144.4740 Y96.8021 Z29.0136 E0.21177 F1700
G1 X145.0066 Y97.5153 Z28.9202 E0.21209 F1700
G1 X145.5203 Y98.2422 Z28.8153 E0.21239 F1700
G1 X146.0148 Y98.9823 Z28.7014 E0.21265 F1700
G1 X146.4898 Y99.7350 Z28.5814 E0.21284 F1700
G1 X146.9449 Y100.5000 Z28.4583 E0.21294 F1700
G1 X147.3798 Y101.2766 Z28.3353 E0.21294 F1700
G1 X147.7942 Y102.0643 Z28.2153 E0.21284 F1700
G1 X148.1879 Y102.8626 Z28.1014 E0.21265 F1700
G1 X148.5605 Y103.6710 Z27.9964 E0.21239 F1700
G1 X148.9119 Y104.4888 Z27.9031 E0.21209 F1700
G1 X149.2417 Y105.3155 Z27.8236 E0.21177 F1700
G1 X149.5498 Y106.1506 Z27.7601 E0.21147 F1700
G1 X149.8359 Y106.9934 Z27.7142 E0.21121 F1700
G1 X150.0999 Y107.8435 Z27.6869 E0.21103 F1700
G1 X150.3415 Y108.7002 Z27.6792 E0.21094 F1700
G1 X150.5606 Y109.5629 Z27.6911 E0.21095 F1700
G1 X150.7570 Y110.4310 Z27.7225 E0.21106 F1700
G1 X150.9307 Y111.3040 Z27.7726 E0.21127 F1700
G1 X151.0814 Y112.1812 Z27.8403 E0.21154 F1700
G1 X151.2091 Y113.0621 Z27.9239 E0.21186 F1700
G1 X151.3137 Y113.9460 Z28.0214 E0.21220 F1700
G1 X151.3952 Y114.8324 Z28.1306 E0.21251 F1700
G1 X151.4534 Y115.7206 Z28.2486 E0.21278 F1700
G1 X151.4883 Y116.6100 Z28.3728 E0.21297 F1700
G1 X151.5000 Y117.5000 Z28.5000 E0.21308 F1700
G1 X151.4883 Y118.3900 Z28.6272 E0.21308 F1700
G1 X151.4534 Y119.2794 Z28.7514 E0.21297 F1700
G1 X151.3952 Y120.1676 Z28.8694 E0.21278 F1700
G1 X151.3137 Y121.0540 Z28.9786 E0.21251 F1700
G1 X151.2091 Y121.9379 Z29.0761 E0.21220 F1700
G1 X151.0814 Y122.8188 Z29.1597 E0.21186 F1700
G1 X150.9307 Y123.6960 Z29.2274 E0.21154 F1700
G1 X150.7570 Y124.5690 Z29.2775 E0.21127 F1700
G1 X150.5606 Y125.4371 Z29.3089 E0.21106 F1700
G1 X150.3415 Y126.2998 Z29.3208 E0.21095 F1700
G1 X150.0999 Y127.1565 Z29.3131 E0.21094 F1700
G1 X149.8359 Y128.0066 Z29.2858 E0.21103 F1700
G1 X149.5498 Y128.8494 Z29.2399 E0.21121 F1700
G1 X149.2417 Y129.6845 Z29.1764 E0.21147 F1700
G1 X148.9119 Y130.5112 Z29.0969 E0.21177 F1700
G1 X148.5605 Y131.3290 Z29.0036 E0.21209 F1700
G1 X148.1879 Y132.1374 Z28.8986 E0.21239 F1700
G1 X147.7942 Y132.9357 Z28.7847 E0.21265 F1700
G1 X147.3798 Y133.7234 Z28.6647 E0.21284 F1700
G1 X146.9449 Y134.5000 Z28.5417 E0.21294 F1700
G1 X146.4898 Y135.2650 Z28.4186 E0.21294 F1700
G1 X146.0148 Y136.0177 Z28.2986 E0.21284 F1700
G1 X145.5203 Y136.7578 Z28.1847 E0.21265 F1700
G1 X145.0066 Y137.4847 Z28.0798 E0.21239 F1700
G1 X144.4740 Y138.1979 Z27.9864 E0.21209 F1700
G1 X143.9230 Y138.8969 Z27.9070 E0.21177 F1700
G1 X143.3538 Y139.5812 Z27.8434 E0.21147 F1700
G1 X142.7669 Y140.2504 Z27.7975 E0.21121 F1700
G1 X142.1627 Y140.9041 Z27.7703 E0.21103 F1700
G1 X141.5416 Y141.5416 Z27.7625 E0.21094 F1700
G1 X140.9041 Y142.1627 Z27.7744 E0.21095 F1700
G1 X140.2504 Y142.7669 Z27.8058 E0.21106 F1700
G1 X139.5812 Y143.3538 Z27.8559 E0.21127 F1700
G1 X138.8969 Y143.9230 Z27.9236 E0.21154 F1700
G1 X138.1979 Y144.4740 Z28.0072 E0.21186 F1700
G1 X137.4847 Y145.0066 Z28.1048 E0.21220 F1700
G1 X136.7578 Y145.5203 Z28.2139 E0.21251 F1700
G1 X136.0177 Y146.0148 Z28.3320 E0.21278 F1700
G1 X135.2650 Y146.4898 Z28.4561 E0.21297 F1700
G1 X134.5000 Y146.9449 Z28.5833 E0.21308 F1700
G1 X133.7234 Y147.3798 Z28.7106 E0.21308 F1700
G1 X132.9357 Y147.7942 Z28.8347 E0.21297 F1700
G1 X132.1374 Y148.1879 Z28.9528 E0.21278 F1700
G1 X131.3290 Y148.5605 Z29.0619 E0.21251 F1700
G1 X130.5112 Y148.9119 Z29.1594 E0.21220 F1700
G1 X129.6845 Y149.2417 Z29.2430 E0.21186 F1700
G1 X128.8494 Y149.5498 Z29.3107 E0.21154 F1700
G1 X128.0066 Y149.8359 Z29.3608 E0.21127 F1700
G1 X127.1565 Y150.0999 Z29.3922 E0.21106 F1700
G1 X126.2998 Y150.3415 Z29.4042 E0.21095 F1700
G1 X125.4371 Y150.5606 Z29.3964 E0.21094 F1700
G1 X124.5690 Y150.7570 Z29.3692 E0.21103 F1700
G1 X123.6960 Y150.9307 Z29.3232 E0.21121 F1700
G1 X122.8188 Y151.0814 Z29.2597 E0.21147 F1700
G1 X121.9379 Y151.2091 Z29.1803 E0.21177 F1700
G1 X121.0540 Y151.3137 Z29.0869 E0.21209 F1700
G1 X120.1676 Y151.3952 Z28.9819 E0.21239 F1700
G1 X119.2794 Y151.4534 Z28.8680 E0.21265 F1700
G1 X118.3900 Y151.4883 Z28.7481 E0.21284 F1700
G1 X117.5000 Y151.5000 Z28.6250 E0.21294 F1700
G1 X116.6100 Y151.4883 Z28.5019 E0.21294 F1700
G1 X115.7206 Y151.4534 Z28.3820 E0.21284 F1700
G1 X114.8324 Y151.3952 Z28.2681 E0.21265 F1700
G1 X113.9460 Y151.3137 Z28.1631 E0.21239 F1700
G1 X113.0621 Y151.2091 Z28.0697 E0.21209 F1700
G1 X112.1812 Y151.0814 Z27.9903 E0.21177 F1700
G1 X111.3040 Y150.9307 Z27.9268 E0.21147 F1700
G1 X110.4310 Y150.7570 Z27.8808 E0.21121 F1700
G1 X109.5629 Y150.5606 Z27.8536 E0.21103 F1700
G1 X108.7002 Y150.3415 Z27.8458 E0.21094 F1700
G1 X107.8435 Y150.0999 Z27.8578 E0.21095 F1700
G1 X106.9934 Y149.8359 Z27.8892 E0.21106 F1700
G1 X106.1506 Y149.5498 Z27.9393 E0.21127 F1700
G1 X105.3155 Y149.2417 Z28.0070 E0.21154 F1700
G1 X104.4888 Y148.9119 Z28.0906 E0.21186 F1700
G1 X103.6710 Y148.5605 Z28.1881 E0.21220 F1700
G1 X102.8626 Y148.1879 Z28.2972 E0.21251 F1700
G1 X102.0643 Y147.7942 Z28.4153 E0.21278 F1700
G1 X101.2766 Y147.3798 Z28.5394 E0.21297 F1700
G1 X100.5000 Y146.9449 Z28.6667 E0.21308 F1700
G1 X99.7350 Y146.4898 Z28.7939 E0.21308 F1700
G1 X98.9823 Y146.0148 Z28.9180 E0.21297 F1700
G1 X98.2422 Y145.5203 Z29.0361 E0.21278 F1700
G1 X97.5153 Y145.0066 Z29.1452 E0.21251 F1700
G1 X96.8021 Y144.4740 Z29.2428 E0.21220 F1700
G1 X96.1031 Y143.9230 Z29.3264 E0.21186 F1700
G1 X95.4188 Y143.3538 Z29.3941 E0.21154 F1700
G1 X94.7496 Y142.7669 Z29.4442 E0.21127 F1700
G1 X94.0959 Y142.1627 Z29.4756 E0.21106 F1700
G1 X93.4584 Y141.5416 Z29.4875 E0.21095 F1700
G1 X92.8373 Y140.9041 Z29.4797 E0.21094 F1700
G1 X92.2331 Y140.2504 Z29.4525 E0.21103 F1700
G1 X91.6462 Y139.5812 Z29.4066 E0.21121 F1700
G1 X91.0770 Y138.8969 Z29.3430 E0.21147 F1700
G1 X90.5260 Y138.1979 Z29.2636 E0.21177 F1700
G1 X89.9934 Y137.4847 Z29.1702 E0.21209 F1700
G1 X89.4797 Y136.7578 Z29.0653 E0.21239 F1700
G1 X88.9852 Y136.0177 Z28.9514 E0.21265 F1700
G1 X88.5102 Y135.2650 Z28.8314 E0.21284 F1700
G1 X88.0551 Y134.5000 Z28.7083 E0.21294 F1700
G1 X87.6202 Y133.7234 Z28.5853 E0.21294 F1700
G1 X87.2058 Y132.9357 Z28.4653 E0.21284 F1700
G1 X86.8121 Y132.1374 Z28.3514 E0.21265 F1700
G1 X86.4395 Y131.3290 Z28.2464 E0.21239 F1700
G1 X86.0881 Y130.5112 Z28.1531 E0.21209 F1700
G1 X85.7583 Y129.6845 Z28.0736 E0.21177 F1700
G1 X85.4502 Y128.8494 Z28.0101 E0.21147 F1700
G1 X85.1641 Y128.0066 Z27.9642 E0.21121 F1700
G1 X84.9001 Y127.1565 Z27.9369 E0.21103 F1700
G1 X84.6585 Y126.2998 Z27.9292 E0.21094 F1700
G1 X84.4394 Y125.4371 Z27.9411 E0.21095 F1700
G1 X84.2430 Y124.5690 Z27.9725 E0.21106 F1700
G1 X84.0693 Y123.6960 Z28.0226 E0.21127 F1700
G1 X83.9186 Y122.8188 Z28.0903 E0.21154 F1700
G1 X83.7909 Y121.9379 Z28.1739 E0.21186 F1700
G1 X83.6863 Y121.0540 Z28.2714 E0.21220 F1700
G1 X83.6048 Y120.1676 Z28.3806 E0.21251 F1700
G1 X83.5466 Y119.2794 Z28.4986 E0.21278 F1700
G1 X83.5117 Y118.3900 Z28.6228 E0.21297 F1700
G1 X83.5000 Y117.5000 Z28.7500 E0.21308 F1700
G1 X83.5117 Y116.6100 Z28.8772 E0.21308 F1700
G1 X83.5466 Y115.7206 Z29.0014 E0.21297 F1700
G1 X83.6048 Y114.8324 Z29.1194 E0.21278 F1700
G1 X83.6863 Y113.9460 Z29.2286 E0.21251 F1700
G1 X83.7909 Y113.0621 Z29.3261 E0.21220 F1700
G1 X83.9186 Y112.1812 Z29.4097 E0.21186 F1700
G1 X84.0693 Y111.3040 Z29.4774 E0.21154 F1700
G1 X84.2430 Y110.4310 Z29.5275 E0.21127 F1700
G1 X84.4394 Y109.5629 Z29.5589 E0.21106 F1700
G1 X84.6585 Y108.7002 Z29.5708 E0.21095 F1700
G1 X84.9001 Y107.8435 Z29.5631 E0.21094 F1700
G1 X85.1641 Y106.9934 Z29.5358 E0.21103 F1700
G1 X85.4502 Y106.1506 Z29.4899 E0.21121 F1700
G1 X85.7583 Y105.3155 Z29.4264 E0.21147 F1700
G1 X86.0881 Y104.4888 Z29.3469 E0.21177 F1700
G1 X86.4395 Y103.6710 Z29.2536 E0.21209 F1700
G1 X86.8121 Y102.8626 Z29.1486 E0.21239 F1700
G1 X87.2058 Y102.0643 Z29.0347 E0.21265 F1700
G1 X87.6202 Y101.2766 Z28.9147 E0.21284 F1700
G1 X88.0551 Y100.5000 Z28.7917 E0.21294 F1700
G1 X88.5102 Y99.7350 Z28.6686 E0.21294 F1700
G1 X88.9852 Y98.9823 Z28.5486 E0.21284 F1700
G1 X89.4797 Y98.2422 Z28.4347 E0.21265 F1700
G1 X89.9934 Y97.5153 Z28.3298 E0.21239 F1700
G1 X90.5260 Y96.8021 Z28.2364 E0.21209 F1700
G1 X91.0770 Y96.1031 Z28.1570 E0.21177 F1700
G1 X91.6462 Y95.4188 Z28.0934 E0.21147 F1700
G1 X92.2331 Y94.7496 Z28.0475 E0.21121 F1700
G1 X92.8373 Y94.0959 Z28.0203 E0.21103 F1700
G1 X93.4584 Y93.4584 Z28.0125 E0.21094 F1700
G1 X94.0959 Y92.8373 Z28.0244 E0.21095 F1700
G1 X94.7496 Y92.2331 Z28.0558 E0.21106 F1700
G1 X95.4188 Y91.6462 Z28.1059 E0.21127 F1700
G1 X96.1031 Y91.0770 Z28.1736 E0.21154 F1700
G1 X96.8021 Y90.5260 Z28.2572 E0.21186 F1700
G1 X97.5153 Y89.9934 Z28.3548 E0.21220 F1700
G1 X98.2422 Y89.4797 Z28.4639 E0.21251 F1700
G1 X98.9823 Y88.9852 Z28.5820 E0.21278 F1700
G1 X99.7350 Y88.5102 Z28.7061 E0.21297 F1700
G1 X100.5000 Y88.0551 Z28.8333 E0.21308 F1700
G1 X101.2766 Y87.6202 Z28.9606 E0.21308 F1700
G1 X102.0643 Y87.2058 Z29.0847 E0.21297 F1700
G1 X102.8626 Y86.8121 Z29.2028 E0.21278 F1700
G1 X103.6710 Y86.4395 Z29.3119 E0.21251 F1700
G1 X104.4888 Y86.0881 Z29.4094 E0.21220 F1700
G1 X105.3155 Y85.7583 Z29.4930 E0.21186 F1700
G1 X106.1506 Y85.4502 Z29.5607 E0.21154 F1700
G1 X106.9934 Y85.1641 Z29.6108 E0.21127 F1700
G1 X107.8435 Y84.9001 Z29.6422 E0.21106 F1700
G1 X108.7002 Y84.6585 Z29.6542 E0.21095 F1700
G1 X109.5629 Y84.4394 Z29.6464 E0.21094 F1700
G1 X110.4310 Y84.2430 Z29.6192 E0.21103 F1700
G1 X111.3040 Y84.0693 Z29.5732 E0.21121 F1700
G1 X112.1812 Y83.9186 Z29.5097 E0.21147 F1700
G1 X113.0621 Y83.7909 Z29.4303 E0.21177 F1700
G1 X113.9460 Y83.6863 Z29.3369 E0.21209 F1700
G1 X114.8324 Y83.6048 Z29.2319 E0.21239 F1700
G1 X115.7206 Y83.5466 Z29.1180 E0.21265 F1700
G1 X116.6100 Y83.5117 Z28.9981 E0.21284 F1700
G1 X117.5000 Y83.5000 Z28.8750 E0.21294 F1700
G1 X118.3900 Y83.5117 Z28.7519 E0.21294 F1700
G1 X119.2794 Y83.5466 Z28.6320 E0.21284 F1700
G1 X120.1676 Y83.6048 Z28.5181 E0.21265 F1700
G1 X121.0540 Y83.6863 Z28.4131 E0.21239 F1700
G1 X121.9379 Y83.7909 Z28.3197 E0.21209 F1700
G1 X122.8188 Y83.9186 Z28.2403 E0.21177 F1700
G1 X123.6960 Y84.0693 Z28.1768 E0.21147 F1700
G1 X124.5690 Y84.2430 Z28.1308 E0.21121 F1700
G1 X125.4371 Y84.4394 Z28.1036 E0.21103 F1700
G1 X126.2998 Y84.6585 Z28.0958 E0.21094 F1700
G1 X127.1565 Y84.9001 Z28.1078 E0.21095 F1700
G1 X128.0066 Y85.1641 Z28.1392 E0.21106 F1700
G1 X128.8494 Y85.4502 Z28.1893 E0.21127 F1700
G1 X129.6845 Y85.7583 Z28.2570 E0.21154 F1700
G1 X130.5112 Y86.0881 Z28.3406 E0.21186 F1700
G1 X131.3290 Y86.4395 Z28.4381 E0.21220 F1700
G1 X132.1374 Y86.8121 Z28.5472 E0.21251 F1700
G1 X132.9357 Y87.2058 Z28.6653 E0.21278 F1700
G1 X133.7234 Y87.6202 Z28.7894 E0.21297 F1700
G1 X134.5000 Y88.0551 Z28.9167 E0.21308 F1700
G1 X135.2650 Y88.5102 Z29.0439 E0.21308 F1700
G1 X136.0177 Y88.9852 Z29.1680 E0.21297 F1700
G1 X136.7578 Y89.4797 Z29.2861 E0.21278 F1700
G1 X137.4847 Y89.9934 Z29.3952 E0.21251 F1700
G1 X138.1979 Y90.5260 Z29.4928 E0.21220 F1700
G1 X138.8969 Y91.0770 Z29.5764 E0.21186 F1700
G1 X139.5812 Y91.6462 Z29.6441 E0.21154 F1700
G1 X140.2504 Y92.2331 Z29.6942 E0.21127 F1700
G1 X140.9041 Y92.8373 Z29.7256 E0.21106 F1700
G1 X141.5416 Y93.4584 Z29.7375 E0.21095 F1700
G1 X142.1627 Y94.0959 Z29.7297 E0.21094 F1700
G1 X142.7669 Y94.7496 Z29.7025 E0.21103 F1700
G1 X143.3538 Y95.4188 Z29.6566 E0.21121 F1700
G1 X143.9230 Y96.1031 Z29.5930 E0.21147 F1700
G1 X144.4740 Y96.8021 Z29.5136 E0.21177 F1700
G1 X145.0066 Y97.5153 Z29.4202 E0.21209 F1700
G1 X145.5203 Y98.2422 Z29.3153 E0.21239 F1700
G1 X146.0148 Y98.9823 Z29.2014 E0.21265 F1700
G1 X146.4898 Y99.7350 Z29.0814 E0.21284 F1700
G1 X146.9449 Y100.5000 Z28.9583 E0.21294 F1700
G1 X147.3798 Y101.2766 Z28.8353 E0.21294 F1700
G1 X147.7942 Y102.0643 Z28.7153 E0.21284 F1700
G1 X148.1879 Y102.8626 Z28.6014 E0.21265 F1700
G1 X148.5605 Y103.6710 Z28.4964 E0.21239 F1700
G1 X148.9119 Y104.4888 Z28.4031 E0.21209 F1700
G1 X149.2417 Y105.3155 Z28.3236 E0.21177 F1700
G1 X149.5498 Y106.1506 Z28.2601 E0.21147 F1700
G1 X149.8359 Y106.9934 Z28.2142 E0.21121 F1700
G1 X150.0999 Y107.8435 Z28.1869 E0.21103 F1700
G1 X150.3415 Y108.7002 Z28.1792 E0.21094 F1700
G1 X150.5606 Y109.5629 Z28.1911 E0.21095 F1700
G1 X150.7570 Y110.4310 Z28.2225 E0.21106 F1700
G1 X150.9307 Y111.3040 Z28.2726 E0.21127 F1700
G1 X151.0814 Y112.1812 Z28.3403 E0.21154 F1700
G1 X151.2091 Y113.0621 Z28.4239 E0.21186 F1700
G1 X151.3137 Y113.9460 Z28.5214 E0.21220 F1700
G1 X151.3952 Y114.8324 Z28.6306 E0.21251 F1700
G1 X151.4534 Y115.7206 Z28.7486 E0.21278 F1700
G1 X151.4883 Y116.6100 Z28.8728 E0.21297 F1700
G1 X151.5000 Y117.5000 Z29.0000 E0.21308 F1700
G1 X151.4883 Y118.3900 Z29.1272 E0.21308 F1700
G1 X151.4534 Y119.2794 Z29.2514 E0.21297 F1700
G1 X151.3952 Y120.1676 Z29.3694 E0.21278 F1700
G1 X151.3137 Y121.0540 Z29.4786 E0.21251 F1700
G1 X151.2091 Y121.9379 Z29.5761 E0.21220 F1700
G1 X151.0814 Y122.8188 Z29.6597 E0.21186 F1700
G1 X150.9307 Y123.6960 Z29.7274 E0.21154 F1700
G1 X150.7570 Y124.5690 Z29.7775 E0.21127 F1700
G1 X150.5606 Y125.4371 Z29.8089 E0.21106 F1700
G1 X150.3415 Y126.2998 Z29.8208 E0.21095 F1700
G1 X150.0999 Y127.1565 Z29.8131 E0.21094 F1700
G1 X149.8359 Y128.0066 Z29.7858 E0.21103 F1700
G1 X149.5498 Y128.8494 Z29.7399 E0.21121 F1700
G1 X149.2417 Y129.6845 Z29.6764 E0.21147 F1700
G1 X148.9119 Y130.5112 Z29.5969 E0.21177 F1700
G1 X148.5605 Y131.3290 Z29.5036 E0.21209 F1700
G1 X148.1879 Y132.1374 Z29.3986 E0.21239 F1700
G1 X147.7942 Y132.9357 Z29.2847 E0.21265 F1700
G1 X147.3798 Y133.7234 Z29.1647 E0.21284 F1700
G1 X146.9449 Y134.5000 Z29.0417 E0.21294 F1700
G1 X146.4898 Y135.2650 Z28.9186 E0.21294 F1700
G1 X146.0148 Y136.0177 Z28.7986 E0.21284 F1700
G1 X145.5203 Y136.7578 Z28.6847 E0.21265 F1700
G1 X145.0066 Y137.4847 Z28.5798 E0.21239 F1700
G1 X144.4740 Y138.1979 Z28.4864 E0.21209 F1700
G1 X143.9230 Y138.8969 Z28.4070 E0.21177 F1700
G1 X143.3538 Y139.5812 Z28.3434 E0.21147 F1700
G1 X142.7669 Y140.2504 Z28.2975 E0.21121 F1700
G1 X142.1627 Y140.9041 Z28.2703 E0.21103 F1700
G1 X141.5416 Y141.5416 Z28.2625 E0.21094 F1700
G1 X140.9041 Y142.1627 Z28.2744 E0.21095 F1700
G1 X140.2504 Y142.7669 Z28.3058 E0.21106 F1700
G1 X139.5812 Y143.3538 Z28.3559 E0.21127 F1700
G1 X138.8969 Y143.9230 Z28.4236 E0.21154 F1700
G1 X138.1979 Y144.4740 Z28.5072 E0.21186 F1700
G1 X137.4847 Y145.0066 Z28.6048 E0.21220 F1700
G1 X136.7578 Y145.5203 Z28.7139 E0.21251 F1700
G1 X136.0177 Y146.0148 Z28.8320 E0.21278 F1700
G1 X135.2650 Y146.4898 Z28.9561 E0.21297 F1700
G1 X134.5000 Y146.9449 Z29.0833 E0.21308 F1700
G1 X133.7234 Y147.3798 Z29.2106 E0.21308 F1700
G1 X132.9357 Y147.7942 Z29.3347 E0.21297 F1700
G1 X132.1374 Y148.1879 Z29.4528 E0.21278 F1700
G1 X131.3290 Y148.5605 Z29.5619 E0.21251 F1700
G1 X130.5112 Y148.9119 Z29.6594 E0.21220 F1700
G1 X129.6845 Y149.2417 Z29.7430 E0.21186 F1700
G1 X128.8494 Y149.5498 Z29.8107 E0.21154 F1700
G1 X128.0066 Y149.8359 Z29.8608 E0.21127 F1700
G1 X127.1565 Y150.0999 Z29.8922 E0.21106 F1700
G1 X126.2998 Y150.3415 Z29.9042 E0.21095 F1700
G1 X125.4371 Y150.5606 Z29.8964 E0.21094 F1700
G1 X124.5690 Y150.7570 Z29.8692 E0.21103 F1700
G1 X123.6960 Y150.9307 Z29.8232 E0.21121 F1700
G1 X122.8188 Y151.0814 Z29.7597 E0.21147 F1700
G1 X121.9379 Y151.2091 Z29.6803 E0.21177 F1700
G1 X121.0540 Y151.3137 Z29.5869 E0.21209 F1700
G1 X120.1676 Y151.3952 Z29.4819 E0.21239 F1700
G1 X119.2794 Y151.4534 Z29.3680 E0.21265 F1700
G1 X118.3900 Y151.4883 Z29.2481 E0.21284 F1700
G1 X117.5000 Y151.5000 Z29.1250 E0.21294 F1700
G1 X116.6100 Y151.4883 Z29.0019 E0.21294 F1700
G1 X115.7206 Y151.4534 Z28.8820 E0.21284 F1700
G1 X114.8324 Y151.3952 Z28.7681 E0.21265 F1700
G1 X113.9460 Y151.3137 Z28.6631 E0.21239 F1700
G1 X113.0621 Y151.2091 Z28.5697 E0.21209 F1700
G1 X112.1812 Y151.0814 Z28.4903 E0.21177 F1700
G1 X111.3040 Y150.9307 Z28.4268 E0.21147 F1700
G1 X110.4310 Y150.7570 Z28.3808 E0.21121 F1700
G1 X109.5629 Y150.5606 Z28.3536 E0.21103 F1700
G1 X108.7002 Y150.3415 Z28.3458 E0.21094 F1700
G1 X107.8435 Y150.0999 Z28.3578 E0.21095 F1700
G1 X106.9934 Y149.8359 Z28.3892 E0.21106 F1700
G1 X106.1506 Y149.5498 Z28.4393 E0.21127 F1700
G1 X105.3155 Y149.2417 Z28.5070 E0.21154 F1700
G1 X104.4888 Y148.9119 Z28.5906 E0.21186 F1700
G1 X103.6710 Y148.5605 Z28.6881 E0.21220 F1700
G1 X102.8626 Y148.1879 Z28.7972 E0.21251 F1700
G1 X102.0643 Y147.7942 Z28.9153 E0.21278 F1700
G1 X101.2766 Y147.3798 Z29.0394 E0.21297 F1700
G1 X100.5000 Y146.9449 Z29.1667 E0.21308 F1700
G1 X99.7350 Y146.4898 Z29.2939 E0.21308 F1700
G1 X98.9823 Y146.0148 Z29.4180 E0.21297 F1700
G1 X98.2422 Y145.5203 Z29.5361 E0.21278 F1700
G1 X97.5153 Y145.0066 Z29.6452 E0.21251 F1700
G1 X96.8021 Y144.4740 Z29.7428 E0.21220 F1700
G1 X96.1031 Y143.9230 Z29.8264 E0.21186 F1700
G1 X95.4188 Y143.3538 Z29.8941 E0.21154 F1700
G1 X94.7496 Y142.7669 Z29.9442 E0.21127 F1700
G1 X94.0959 Y142.1627 Z29.9756 E0.21106 F1700
G1 X93.4584 Y141.5416 Z29.9875 E0.21095 F1700
G1 X92.8373 Y140.9041 Z29.9797 E0.21094 F1700
G1 X92.2331 Y140.2504 Z29.9525 E0.21103 F1700
G1 X91.6462 Y139.5812 Z29.9066 E0.21121 F1700
G1 X91.0770 Y138.8969 Z29.8430 E0.21147 F1700
G1 X90.5260 Y138.1979 Z29.7636 E0.21177 F1700
G1 X89.9934 Y137.4847 Z29.6702 E0.21209 F1700
G1 X89.4797 Y136.7578 Z29.5653 E0.21239 F1700
G1 X88.9852 Y136.0177 Z29.4514 E0.21265 F1700
G1 X88.5102 Y135.2650 Z29.3314 E0.21284 F1700
G1 X88.0551 Y134.5000 Z29.2083 E0.21294 F1700
G1 X87.6202 Y133.7234 Z29.0853 E0.21294 F1700
G1 X87.2058 Y132.9357 Z28.9653 E0.21284 F1700
G1 X86.8121 Y132.1374 Z28.8514 E0.21265 F1700
G1 X86.4395 Y131.3290 Z28.7464 E0.21239 F1700
G1 X86.0881 Y130.5112 Z28.6531 E0.21209 F1700
G1 X85.7583 Y129.6845 Z28.5736 E0.21177 F1700
G1 X85.4502 Y128.8494 Z28.5101 E0.21147 F1700
G1 X85.1641 Y128.0066 Z28.4642 E0.21121 F1700
G1 X84.9001 Y127.1565 Z28.4369 E0.21103 F1700
G1 X84.6585 Y126.2998 Z28.4292 E0.21094 F1700
G1 X84.4394 Y125.4371 Z28.4411 E0.21095 F1700
G1 X84.2430 Y124.5690 Z28.4725 E0.21106 F1700
G1 X84.0693 Y123.6960 Z28.5226 E0.21127 F1700
G1 X83.9186 Y122.8188 Z28.5903 E0.21154 F1700
G1 X83.7909 Y121.9379 Z28.6739 E0.21186 F1700
G1 X83.6863 Y121.0540 Z28.7714 E0.21220 F1700
G1 X83.6048 Y120.1676 Z28.8806 E0.21251 F1700
G1 X83.5466 Y119.2794 Z28.9986 E0.21278 F1700
G1 X83.5117 Y118.3900 Z29.1228 E0.21297 F1700
G1 X83.5000 Y117.5000 Z29.2500 E0.21308 F1700
G1 X83.5117 Y116.6100 Z29.3772 E0.21308 F1700
G1 X83.5466 Y115.7206 Z29.5014 E0.21297 F1700
G1 X83.6048 Y114.8324 Z29.6194 E0.21278 F1700
G1 X83.6863 Y113.9460 Z29.7286 E0.21251 F1700
G1 X83.7909 Y113.0621 Z29.8261 E0.21220 F1700
G1 X83.9186 Y112.1812 Z29.9097 E0.21186 F1700
G1 X84.0693 Y111.3040 Z29.9774 E0.21154 F1700
G1 X84.2430 Y110.4310 Z30.0275 E0.21127 F1700
G1 X84.4394 Y109.5629 Z30.0589 E0.21106 F1700
G1 X84.6585 Y108.7002 Z30.0708 E0.21095 F1700
G1 X84.9001 Y107.8435 Z30.0631 E0.21094 F1700
G1 X85.1641 Y106.9934 Z30.0358 E0.21103 F1700
G1 X85.4502 Y106.1506 Z29.9899 E0.21121 F1700
G1 X85.7583 Y105.3155 Z29.9264 E0.21147 F1700
G1 X86.0881 Y104.4888 Z29.8469 E0.21177 F1700
G1 X86.4395 Y103.6710 Z29.7536 E0.21209 F1700
G1 X86.8121 Y102.8626 Z29.6486 E0.21239 F1700
G1 X87.2058 Y102.0643 Z29.5347 E0.21265 F1700
G1 X87.6202 Y101.2766 Z29.4147 E0.21284 F1700
G1 X88.0551 Y100.5000 Z29.2917 E0.21294 F1700
G1 X88.5102 Y99.7350 Z29.1686 E0.21294 F1700
G1 X88.9852 Y98.9823 Z29.0486 E0.21284 F1700
G1 X89.4797 Y98.2422 Z28.9347 E0.21265 F1700
G1 X89.9934 Y97.5153 Z28.8298 E0.21239 F1700
G1 X90.5260 Y96.8021 Z28.7364 E0.21209 F1700
G1 X91.0770 Y96.1031 Z28.6570 E0.21177 F1700
G1 X91.6462 Y95.4188 Z28.5934 E0.21147 F1700
G1 X92.2331 Y94.7496 Z28.5475 E0.21121 F1700
G1 X92.8373 Y94.0959 Z28.5203 E0.21103 F1700
G1 X93.4584 Y93.4584 Z28.5125 E0.21094 F1700
G1 X94.0959 Y92.8373 Z28.5244 E0.21095 F1700
G1 X94.7496 Y92.2331 Z28.5558 E0.21106 F1700
G1 X95.4188 Y91.6462 Z28.6059 E0.21127 F1700
G1 X96.1031 Y91.0770 Z28.6736 E0.21154 F1700
G1 X96.8021 Y90.5260 Z28.7572 E0.21186 F1700
G1 X97.5153 Y89.9934 Z28.8548 E0.21220 F1700
G1 X98.2422 Y89.4797 Z28.9639 E0.21251 F1700
G1 X98.9823 Y88.9852 Z29.0820 E0.21278 F1700
G1 X99.7350 Y88.5102 Z29.2061 E0.21297 F1700
G1 X100.5000 Y88.0551 Z29.3333 E0.21308 F1700
G1 X101.2766 Y87.6202 Z29.4606 E0.21308 F1700
G1 X102.0643 Y87.2058 Z29.5847 E0.21297 F1700
G1 X102.8626 Y86.8121 Z29.7028 E0.21278 F1700
G1 X103.6710 Y86.4395 Z29.8119 E0.21251 F1700
G1 X104.4888 Y86.0881 Z29.9094 E0.21220 F1700
G1 X105.3155 Y85.7583 Z29.9930 E0.21186 F1700
G1 X106.1506 Y85.4502 Z30.0607 E0.21154 F1700
G1 X106.9934 Y85.1641 Z30.1108 E0.21127 F1700
G1 X107.8435 Y84.9001 Z30.1422 E0.21106 F1700
G1 X108.7002 Y84.6585 Z30.1542 E0.21095 F1700
G1 X109.5629 Y84.4394 Z30.1464 E0.21094 F1700
G1 X110.4310 Y84.2430 Z30.1192 E0.21103 F1700
G1 X111.3040 Y84.0693 Z30.0732 E0.21121 F1700
G1 X112.1812 Y83.9186 Z30.0097 E0.21147 F1700
G1 X113.0621 Y83.7909 Z29.9303 E0.21177 F1700
G1 X113.9460 Y83.6863 Z29.8369 E0.21209 F1700
G1 X114.8324 Y83.6048 Z29.7319 E0.21239 F1700
G1 X115.7206 Y83.5466 Z29.6180 E0.21265 F1700
G1 X116.6100 Y83.5117 Z29.4981 E0.21284 F1700
G1 X117.5000 Y83.5000 Z29.3750 E0.21294 F1700
G1 X118.3900 Y83.5117 Z29.2519 E0.21294 F1700
G1 X119.2794 Y83.5466 Z29.1320 E0.21284 F1700
G1 X120.1676 Y83.6048 Z29.0181 E0.21265 F1700
G1 X121.0540 Y83.6863 Z28.9131 E0.21239 F1700
G1 X121.9379 Y83.7909 Z28.8197 E0.21209 F1700
G1 X122.8188 Y83.9186 Z28.7403 E0.21177 F1700
G1 X123.6960 Y84.0693 Z28.6768 E0.21147 F1700
G1 X124.5690 Y84.2430 Z28.6308 E0.21121 F1700
G1 X125.4371 Y84.4394 Z28.6036 E0.21103 F1700
G1 X126.2998 Y84.6585 Z28.5958 E0.21094 F1700
G1 X127.1565 Y84.9001 Z28.6078 E0.21095 F1700
G1 X128.0066 Y85.1641 Z28.6392 E0.21106 F1700
G1 X128.8494 Y85.4502 Z28.6893 E0.21127 F1700
G1 X129.6845 Y85.7583 Z28.7570 E0.21154 F1700
G1 X130.5112 Y86.0881 Z28.8406 E0.21186 F1700
G1 X131.3290 Y86.4395 Z28.9381 E0.21220 F1700
G1 X132.1374 Y86.8121 Z29.0472 E0.21251 F1700
G1 X132.9357 Y87.2058 Z29.1653 E0.21278 F1700
G1 X133.7234 Y87.6202 Z29.2894 E0.21297 F1700
G1 X134.5000 Y88.0551 Z29.4167 E0.21308 F1700
G1 X135.2650 Y88.5102 Z29.5439 E0.21308 F1700
G1 X136.0177 Y88.9852 Z29.6680 E0.21297 F1700
G1 X136.7578 Y89.4797 Z29.7861 E0.21278 F1700
G1 X137.4847 Y89.9934 Z29.8952 E0.21251 F1700
G1 X138.1979 Y90.5260 Z29.9928 E0.21220 F1700
G1 X138.8969 Y91.0770 Z30.0764 E0.21186 F1700
G1 X139.5812 Y91.6462 Z30.1441 E0.21154 F1700
G1 X140.2504 Y92.2331 Z30.1942 E0.21127 F1700
G1 X140.9041 Y92.8373 Z30.2256 E0.21106 F1700
G1 X141.5416 Y93.4584 Z30.2375 E0.21095 F1700
G1 X142.1627 Y94.0959 Z30.2297 E0.21094 F1700
G1 X142.7669 Y94.7496 Z30.2025 E0.21103 F1700
G1 X143.3538 Y95.4188 Z30.1566 E0.21121 F1700
G1 X143.9230 Y96.1031 Z30.0930 E0.21147 F1700
G1 X144.4740 Y96.8021 Z30.0136 E0.21177 F1700
G1 X145.0066 Y97.5153 Z29.9202 E0.21209 F1700
G1 X145.5203 Y98.2422 Z29.8153 E0.21239 F1700
G1 X146.0148 Y98.9823 Z29.7014 E0.21265 F1700
G1 X146.4898 Y99.7350 Z29.5814 E0.21284 F1700
G1 X146.9449 Y100.5000 Z29.4583 E0.21294 F1700
G1 X147.3798 Y101.2766 Z29.3353 E0.21294 F1700
G1 X147.7942 Y102.0643 Z29.2153 E0.21284 F1700
G1 X148.1879 Y102.8626 Z29.1014 E0.21265 F1700
G1 X148.5605 Y103.6710 Z28.9964 E0.21239 F1700
G1 X148.9119 Y104.4888 Z28.9031 E0.21209 F1700
G1 X149.2417 Y105.3155 Z28.8236 E0.21177 F1700
G1 X149.5498 Y106.1506 Z28.7601 E0.21147 F1700
G1 X149.8359 Y106.9934 Z28.7142 E0.21121 F1700
G1 X150.0999 Y107.8435 Z28.6869 E0.21103 F1700
G1 X150.3415 Y108.7002 Z28.6792 E0.21094 F1700
G1 X150.5606 Y109.5629 Z28.6911 E0.21095 F1700
G1 X150.7570 Y110.4310 Z28.7225 E0.21106 F1700
G1 X150.9307 Y111.3040 Z28.7726 E0.21127 F1700
G1 X151.0814 Y112.1812 Z28.8403 E0.21154 F1700
G1 X151.2091 Y113.0621 Z28.9239 E0.21186 F1700
G1 X151.3137 Y113.9460 Z29.0214 E0.21220 F1700
G1 X151.3952 Y114.8324 Z29.1306 E0.21251 F1700
G1 X151.4534 Y115.7206 Z29.2486 E0.21278 F1700
G1 X151.4883 Y116.6100 Z29.3728 E0.21297 F1700
G1 X151.5000 Y117.5000 Z29.5000 E0.21308 F1700
G1 X151.4883 Y118.3900 Z29.6272 E0.21308 F1700
G1 X151.4534 Y119.2794 Z29.7514 E0.21297 F1700
G1 X151.3952 Y120.1676 Z29.8694 E0.21278 F1700
G1 X151.3137 Y121.0540 Z29.9786 E0.21251 F1700
G1 X151.2091 Y121.9379 Z30.0761 E0.21220 F1700
G1 X151.0814 Y122.8188 Z30.1597 E0.21186 F1700
G1 X150.9307 Y123.6960 Z30.2274 E0.21154 F1700
G1 X150.7570 Y124.5690 Z30.2775 E0.21127 F1700
G1 X150.5606 Y125.4371 Z30.3089 E0.21106 F1700
G1 X150.3415 Y126.2998 Z30.3208 E0.21095 F1700
G1 X150.0999 Y127.1565 Z30.3131 E0.21094 F1700
G1 X149.8359 Y128.0066 Z30.2858 E0.21103 F1700
G1 X149.5498 Y128.8494 Z30.2399 E0.21121 F1700
G1 X149.2417 Y129.6845 Z30.1764 E0.21147 F1700
G1 X148.9119 Y130.5112 Z30.0969 E0.21177 F1700
G1 X148.5605 Y131.3290 Z30.0036 E0.21209 F1700
G1 X148.1879 Y132.1374 Z29.8986 E0.21239 F1700
G1 X147.7942 Y132.9357 Z29.7847 E0.21265 F1700
G1 X147.3798 Y133.7234 Z29.6647 E0.21284 F1700
G1 X146.9449 Y134.5000 Z29.5417 E0.21294 F1700
G1 X146.4898 Y135.2650 Z29.4186 E0.21294 F1700
G1 X146.0148 Y136.0177 Z29.2986 E0.21284 F1700
G1 X145.5203 Y136.7578 Z29.1847 E0.21265 F1700
G1 X145.0066 Y137.4847 Z29.0798 E0.21239 F1700
G1 X144.4740 Y138.1979 Z28.9864 E0.21209 F1700
G1 X143.9230 Y138.8969 Z28.9070 E0.21177 F1700
G1 X143.3538 Y139.5812 Z28.8434 E0.21147 F1700
G1 X142.7669 Y140.2504 Z28.7975 E0.21121 F1700
G1 X142.1627 Y140.9041 Z28.7703 E0.21103 F1700
G1 X141.5416 Y141.5416 Z28.7625 E0.21094 F1700
G1 X140.9041 Y142.1627 Z28.7744 E0.21095 F1700
G1 X140.2504 Y142.7669 Z28.8058 E0.21106 F1700
G1 X139.5812 Y143.3538 Z28.8559 E0.21127 F1700
G1 X138.8969 Y143.9230 Z28.9236 E0.21154 F1700
G1 X138.1979 Y144.4740 Z29.0072 E0.21186 F1700
G1 X137.4847 Y145.0066 Z29.1048 E0.21220 F1700
G1 X136.7578 Y145.5203 Z29.2139 E0.21251 F1700
G1 X136.0177 Y146.0148 Z29.3320 E0.21278 F1700
G1 X135.2650 Y146.4898 Z29.4561 E0.21297 F1700
G1 X134.5000 Y146.9449 Z29.5833 E0.21308 F1700
G1 X133.7234 Y147.3798 Z29.7106 E0.21308 F1700
G1 X132.9357 Y147.7942 Z29.8347 E0.21297 F1700
G1 X132.1374 Y148.1879 Z29.9528 E0.21278 F1700
G1 X131.3290 Y148.5605 Z30.0619 E0.21251 F1700
G1 X130.5112 Y148.9119 Z30.1594 E0.21220 F1700
G1 X129.6845 Y149.2417 Z30.2430 E0.21186 F1700
G1 X128.8494 Y149.5498 Z30.3107 E0.21154 F1700
G1 X128.0066 Y149.8359 Z30.3608 E0.21127 F1700
G1 X127.1565 Y150.0999 Z30.3922 E0.21106 F1700
G1 X126.2998 Y150.3415 Z30.4042 E0.21095 F1700
G1 X125.4371 Y150.5606 Z30.3964 E0.21094 F1700
G1 X124.5690 Y150.7570 Z30.3692 E0.21103 F1700
G1 X123.6960 Y150.9307 Z30.3232 E0.21121 F1700
G1 X122.8188 Y151.0814 Z30.2597 E0.21147 F1700
G1 X121.9379 Y151.2091 Z30.1803 E0.21177 F1700
G1 X121.0540 Y151.3137 Z30.0869 E0.21209 F1700
G1 X120.1676 Y151.3952 Z29.9819 E0.21239 F1700
G1 X119.2794 Y151.4534 Z29.8680 E0.21265 F1700
G1 X118.3900 Y151.4883 Z29.7481 E0.21284 F1700
G1 X117.5000 Y151.5000 Z29.6250 E0.21294 F1700
G1 X116.6100 Y151.4883 Z29.5019 E0.21294 F1700
G1 X115.7206 Y151.4534 Z29.3820 E0.21284 F1700
G1 X114.8324 Y151.3952 Z29.2681 E0.21265 F1700
G1 X113.9460 Y151.3137 Z29.1631 E0.21239 F1700
G1 X113.0621 Y151.2091 Z29.0697 E0.21209 F1700
G1 X112.1812 Y151.0814 Z28.9903 E0.21177 F1700
G1 X111.3040 Y150.9307 Z28.9268 E0.21147 F1700
G1 X110.4310 Y150.7570 Z28.8808 E0.21121 F1700
G1 X109.5629 Y150.5606 Z28.8536 E0.21103 F1700
G1 X108.7002 Y150.3415 Z28.8458 E0.21094 F1700
G1 X107.8435 Y150.0999 Z28.8578 E0.21095 F1700
G1 X106.9934 Y149.8359 Z28.8892 E0.21106 F1700
G1 X106.1506 Y149.5498 Z28.9393 E0.21127 F1700
G1 X105.3155 Y149.2417 Z29.0070 E0.21154 F1700
G1 X104.4888 Y148.9119 Z29.0906 E0.21186 F1700
G1 X103.6710 Y148.5605 Z29.1881 E0.21220 F1700
G1 X102.8626 Y148.1879 Z29.2972 E0.21251 F1700
G1 X102.0643 Y147.7942 Z29.4153 E0.21278 F1700
G1 X101.2766 Y147.3798 Z29.5394 E0.21297 F1700
G1 X100.5000 Y146.9449 Z29.6667 E0.21308 F1700
G1 X99.7350 Y146.4898 Z29.7939 E0.21308 F1700
G1 X98.9823 Y146.0148 Z29.9180 E0.21297 F1700
G1 X98.2422 Y145.5203 Z30.0361 E0.21278 F1700
G1 X97.5153 Y145.0066 Z30.1452 E0.21251 F1700
G1 X96.8021 Y144.4740 Z30.2428 E0.21220 F1700
G1 X96.1031 Y143.9230 Z30.3264 E0.21186 F1700
G1 X95.4188 Y143.3538 Z30.3941 E0.21154 F1700
G1 X94.7496 Y142.7669 Z30.4442 E0.21127 F1700
G1 X94.0959 Y142.1627 Z30.4756 E0.21106 F1700
G1 X93.4584 Y141.5416 Z30.4875 E0.21095 F1700
G1 X92.8373 Y140.9041 Z30.4797 E0.21094 F1700
G1 X92.2331 Y140.2504 Z30.4525 E0.21103 F1700
G1 X91.6462 Y139.5812 Z30.4066 E0.21121 F1700
G1 X91.0770 Y138.8969 Z30.3430 E0.21147 F1700
G1 X90.5260 Y138.1979 Z30.2636 E0.21177 F1700
G1 X89.9934 Y137.4847 Z30.1702 E0.21209 F1700
G1 X89.4797 Y136.7578 Z30.0653 E0.21239 F1700
G1 X88.9852 Y136.0177 Z29.9514 E0.21265 F1700
G1 X88.5102 Y135.2650 Z29.8314 E0.21284 F1700
G1 X88.0551 Y134.5000 Z29.7083 E0.21294 F1700
G1 X87.6202 Y133.7234 Z29.5853 E0.21294 F1700
G1 X87.2058 Y132.9357 Z29.4653 E0.21284 F1700
G1 X86.8121 Y132.1374 Z29.3514 E0.21265 F1700
G1 X86.4395 Y131.3290 Z29.2464 E0.21239 F1700
G1 X86.0881 Y130.5112 Z29.1531 E0.21209 F1700
G1 X85.7583 Y129.6845 Z29.0736 E0.21177 F1700
G1 X85.4502 Y128.8494 Z29.0101 E0.21147 F1700
G1 X85.1641 Y128.0066 Z28.9642 E0.21121 F1700
G1 X84.9001 Y127.1565 Z28.9369 E0.21103 F1700
G1 X84.6585 Y126.2998 Z28.9292 E0.21094 F1700
G1 X84.4394 Y125.4371 Z28.9411 E0.21095 F1700
G1 X84.2430 Y124.5690 Z28.9725 E0.21106 F1700
G1 X84.0693 Y123.6960 Z29.0226 E0.21127 F1700
G1 X83.9186 Y122.8188 Z29.0903 E0.21154 F1700
G1 X83.7909 Y121.9379 Z29.1739 E0.21186 F1700
G1 X83.6863 Y121.0540 Z29.2714 E0.21220 F1700
G1 X83.6048 Y120.1676 Z29.3806 E0.21251 F1700
G1 X83.5466 Y119.2794 Z29.4986 E0.21278 F1700
G1 X83.5117 Y118.3900 Z29.6228 E0.21297 F1700
G1 X83.5000 Y117.5000 Z29.7500 E0.21308 F1700
G1 X83.5117 Y116.6100 Z29.8772 E0.21308 F1700
G1 X83.5466 Y115.7206 Z30.0014 E0.21297 F1700
G1 X83.6048 Y114.8324 Z30.1194 E0.21278 F1700
G1 X83.6863 Y113.9460 Z30.2286 E0.21251 F1700
G1 X83.7909 Y113.0621 Z30.3261 E0.21220 F1700
G1 X83.9186 Y112.1812 Z30.4097 E0.21186 F1700
G1 X84.0693 Y111.3040 Z30.4774 E0.21154 F1700
G1 X84.2430 Y110.4310 Z30.5275 E0.21127 F1700
G1 X84.4394 Y109.5629 Z30.5589 E0.21106 F1700
G1 X84.6585 Y108.7002 Z30.5708 E0.21095 F1700
G1 X84.9001 Y107.8435 Z30.5631 E0.21094 F1700
G1 X85.1641 Y106.9934 Z30.5358 E0.21103 F1700
G1 X85.4502 Y106.1506 Z30.4899 E0.21121 F1700
G1 X85.7583 Y105.3155 Z30.4264 E0.21147 F1700
G1 X86.0881 Y104.4888 Z30.3469 E0.21177 F1700
G1 X86.4395 Y103.6710 Z30.2536 E0.21209 F1700
G1 X86.8121 Y102.8626 Z30.1486 E0.21239 F1700
G1 X87.2058 Y102.0643 Z30.0347 E0.21265 F1700
G1 X87.6202 Y101.2766 Z29.9147 E0.21284 F1700
G1 X88.0551 Y100.5000 Z29.7917 E0.21294 F1700
G1 X88.5102 Y99.7350 Z29.6686 E0.21294 F1700
G1 X88.9852 Y98.9823 Z29.5486 E0.21284 F1700
G1 X89.4797 Y98.2422 Z29.4347 E0.21265 F1700
G1 X89.9934 Y97.5153 Z29.3298 E0.21239 F1700
G1 X90.5260 Y96.8021 Z29.2364 E0.21209 F1700
G1 X91.0770 Y96.1031 Z29.1570 E0.21177 F1700
G1 X91.6462 Y95.4188 Z29.0934 E0.21147 F1700
G1 X92.2331 Y94.7496 Z29.0475 E0.21121 F1700
G1 X92.8373 Y94.0959 Z29.0203 E0.21103 F1700
G1 X93.4584 Y93.4584 Z29.0125 E0.21094 F1700
G1 X94.0959 Y92.8373 Z29.0244 E0.21095 F1700
G1 X94.7496 Y92.2331 Z29.0558 E0.21106 F1700
G1 X95.4188 Y91.6462 Z29.1059 E0.21127 F1700
G1 X96.1031 Y91.0770 Z29.1736 E0.21154 F1700
G1 X96.8021 Y90.5260 Z29.2572 E0.21186 F1700
G1 X97.5153 Y89.9934 Z29.3548 E0.21220 F1700
G1 X98.2422 Y89.4797 Z29.4639 E0.21251 F1700
G1 X98.9823 Y88.9852 Z29.5820 E0.21278 F1700
G1 X99.7350 Y88.5102 Z29.7061 E0.21297 F1700
G1 X100.5000 Y88.0551 Z29.8333 E0.21308 F1700
G1 X101.2766 Y87.6202 Z29.9606 E0.21308 F1700
G1 X102.0643 Y87.2058 Z30.0847 E0.21297 F1700
G1 X102.8626 Y86.8121 Z30.2028 E0.21278 F1700
G1 X103.6710 Y86.4395 Z30.3119 E0.21251 F1700
G1 X104.4888 Y86.0881 Z30.4094 E0.21220 F1700
G1 X105.3155 Y85.7583 Z30.4930 E0.21186 F1700
G1 X106.1506 Y85.4502 Z30.5607 E0.21154 F1700
G1 X106.9934 Y85.1641 Z30.6108 E0.21127 F1700
G1 X107.8435 Y84.9001 Z30.6422 E0.21106 F1700
G1 X108.7002 Y84.6585 Z30.6542 E0.21095 F1700
G1 X109.5629 Y84.4394 Z30.6464 E0.21094 F1700
G1 X110.4310 Y84.2430 Z30.6192 E0.21103 F1700
G1 X111.3040 Y84.0693 Z30.5732 E0.21121 F1700
G1 X112.1812 Y83.9186 Z30.5097 E0.21147 F1700
G1 X113.0621 Y83.7909 Z30.4303 E0.21177 F1700
G1 X113.9460 Y83.6863 Z30.3369 E0.21209 F1700
G1 X114.8324 Y83.6048 Z30.2319 E0.21239 F1700
G1 X115.7206 Y83.5466 Z30.1180 E0.21265 F1700
G1 X116.6100 Y83.5117 Z29.9981 E0.21284 F1700
G1 X117.5000 Y83.5000 Z29.8750 E0.21294 F1700
G1 X118.3900 Y83.5117 Z29.7519 E0.21294 F1700
G1 X119.2794 Y83.5466 Z29.6320 E0.21284 F1700
G1 X120.1676 Y83.6048 Z29.5181 E0.21265 F1700
G1 X121.0540 Y83.6863 Z29.4131 E0.21239 F1700
G1 X121.9379 Y83.7909 Z29.3197 E0.21209 F1700
G1 X122.8188 Y83.9186 Z29.2403 E0.21177 F1700
G1 X123.6960 Y84.0693 Z29.1768 E0.21147 F1700
G1 X124.5690 Y84.2430 Z29.1308 E0.21121 F1700
G1 X125.4371 Y84.4394 Z29.1036 E0.21103 F1700
G1 X126.2998 Y84.6585 Z29.0958 E0.21094 F1700
G1 X127.1565 Y84.9001 Z29.1078 E0.21095 F1700
G1 X128.0066 Y85.1641 Z29.1392 E0.21106 F1700
G1 X128.8494 Y85.4502 Z29.1893 E0.21127 F1700
G1 X129.6845 Y85.7583 Z29.2570 E0.21154 F1700
G1 X130.5112 Y86.0881 Z29.3406 E0.21186 F1700
G1 X131.3290 Y86.4395 Z29.4381 E0.21220 F1700
G1 X132.1374 Y86.8121 Z29.5472 E0.21251 F1700
G1 X132.9357 Y87.2058 Z29.6653 E0.21278 F1700
G1 X133.7234 Y87.6202 Z29.7894 E0.21297 F1700
G1 X134.5000 Y88.0551 Z29.9167 E0.21308 F1700
G1 X135.2650 Y88.5102 Z30.0439 E0.21308 F1700
G1 X136.0177 Y88.9852 Z30.1680 E0.21297 F1700
G1 X136.7578 Y89.4797 Z30.2861 E0.21278 F1700
G1 X137.4847 Y89.9934 Z30.3952 E0.21251 F1700
G1 X138.1979 Y90.5260 Z30.4928 E0.21220 F1700
G1 X138.8969 Y91.0770 Z30.5764 E0.21186 F1700
G1 X139.5812 Y91.6462 Z30.6441 E0.21154 F1700
G1 X140.2504 Y92.2331 Z30.6942 E0.21127 F1700
G1 X140.9041 Y92.8373 Z30.7256 E0.21106 F1700
G1 X141.5416 Y93.4584 Z30.7375 E0.21095 F1700
G1 X142.1627 Y94.0959 Z30.7297 E0.21094 F1700
G1 X142.7669 Y94.7496 Z30.7025 E0.21103 F1700
G1 X143.3538 Y95.4188 Z30.6566 E0.21121 F1700
G1 X143.9230 Y96.1031 Z30.5930 E0.21147 F1700
G1 X144.4740 Y96.8021 Z30.5136 E0.21177 F1700
G1 X145.0066 Y97.5153 Z30.4202 E0.21209 F1700
G1 X145.5203 Y98.2422 Z30.3153 E0.21239 F1700
G1 X146.0148 Y98.9823 Z30.2014 E0.21265 F1700
G1 X146.4898 Y99.7350 Z30.0814 E0.21284 F1700
G1 X146.9449 Y100.5000 Z29.9583 E0.21294 F1700
G1 X147.3798 Y101.2766 Z29.8353 E0.21294 F1700
G1 X147.7942 Y102.0643 Z29.7153 E0.21284 F1700
G1 X148.1879 Y102.8626 Z29.6014 E0.21265 F1700
G1 X148.5605 Y103.6710 Z29.4964 E0.21239 F1700
G1 X148.9119 Y104.4888 Z29.4031 E0.21209 F1700
G1 X149.2417 Y105.3155 Z29.3236 E0.21177 F1700
G1 X149.5498 Y106.1506 Z29.2601 E0.21147 F1700
G1 X149.8359 Y106.9934 Z29.2142 E0.21121 F1700
G1 X150.0999 Y107.8435 Z29.1869 E0.21103 F1700
G1 X150.3415 Y108.7002 Z29.1792 E0.21094 F1700
G1 X150.5606 Y109.5629 Z29.1911 E0.21095 F1700
G1 X150.7570 Y110.4310 Z29.2225 E0.21106 F1700
G1 X150.9307 Y111.3040 Z29.2726 E0.21127 F1700
G1 X151.0814 Y112.1812 Z29.3403 E0.21154 F1700
G1 X151.2091 Y113.0621 Z29.4239 E0.21186 F1700
G1 X151.3137 Y113.9460 Z29.5214 E0.21220 F1700
G1 X151.3952 Y114.8324 Z29.6306 E0.21251 F1700
G1 X151.4534 Y115.7206 Z29.7486 E0.21278 F1700
G1 X151.4883 Y116.6100 Z29.8728 E0.21297 F1700
G1 X151.5000 Y117.5000 Z30.0000 E0.21308 F1700
G1 X151.4883 Y118.3900 Z30.1272 E0.21308 F1700
G1 X151.4534 Y119.2794 Z30.2514 E0.21297 F1700
G1 X151.3952 Y120.1676 Z30.3694 E0.21278 F1700
G1 X151.3137 Y121.0540 Z30.4786 E0.21251 F1700
G1 X151.2091 Y121.9379 Z30.5761 E0.21220 F1700
G1 X151.0814 Y122.8188 Z30.6597 E0.21186 F1700
G1 X150.9307 Y123.6960 Z30.7274 E0.21154 F1700
G1 X150.7570 Y124.5690 Z30.7775 E0.21127 F1700
G1 X150.5606 Y125.4371 Z30.8089 E0.21106 F1700
G1 X150.3415 Y126.2998 Z30.8208 E0.21095 F1700
G1 X150.0999 Y127.1565 Z30.8131 E0.21094 F1700
G1 X149.8359 Y128.0066 Z30.7858 E0.21103 F1700
G1 X149.5498 Y128.8494 Z30.7399 E0.21121 F1700
G1 X149.2417 Y129.6845 Z30.6764 E0.21147 F1700
G1 X148.9119 Y130.5112 Z30.5969 E0.21177 F1700
G1 X148.5605 Y131.3290 Z30.5036 E0.21209 F1700
G1 X148.1879 Y132.1374 Z30.3986 E0.21239 F1700
G1 X147.7942 Y132.9357 Z30.2847 E0.21265 F1700
G1 X147.3798 Y133.7234 Z30.1647 E0.21284 F1700
G1 X146.9449 Y134.5000 Z30.0417 E0.21294 F1700
G1 X146.4898 Y135.2650 Z29.9186 E0.21294 F1700
G1 X146.0148 Y136.0177 Z29.7986 E0.21284 F1700
G1 X145.5203 Y136.7578 Z29.6847 E0.21265 F1700
G1 X145.0066 Y137.4847 Z29.5798 E0.21239 F1700
G1 X144.4740 Y138.1979 Z29.4864 E0.21209 F1700
G1 X143.9230 Y138.8969 Z29.4070 E0.21177 F1700
G1 X143.3538 Y139.5812 Z29.3434 E0.21147 F1700
G1 X142.7669 Y140.2504 Z29.2975 E0.21121 F1700
G1 X142.1627 Y140.9041 Z29.2703 E0.21103 F1700
G1 X141.5416 Y141.5416 Z29.2625 E0.21094 F1700
G1 X140.9041 Y142.1627 Z29.2744 E0.21095 F1700
G1 X140.2504 Y142.7669 Z29.3058 E0.21106 F1700
G1 X139.5812 Y143.3538 Z29.3559 E0.21127 F1700
G1 X138.8969 Y143.9230 Z29.4236 E0.21154 F1700
G1 X138.1979 Y144.4740 Z29.5072 E0.21186 F1700
G1 X137.4847 Y145.0066 Z29.6048 E0.21220 F1700
G1 X136.7578 Y145.5203 Z29.7139 E0.21251 F1700
G1 X136.0177 Y146.0148 Z29.8320 E0.21278 F1700
G1 X135.2650 Y146.4898 Z29.9561 E0.21297 F1700
G1 X134.5000 Y146.9449 Z30.0833 E0.21308 F1700
G1 X133.7234 Y147.3798 Z30.2106 E0.21308 F1700
G1 X132.9357 Y147.7942 Z30.3347 E0.21297 F1700
G1 X132.1374 Y148.1879 Z30.4528 E0.21278 F1700
G1 X131.3290 Y148.5605 Z30.5619 E0.21251 F1700
G1 X130.5112 Y148.9119 Z30.6594 E0.21220 F1700
G1 X129.6845 Y149.2417 Z30.7430 E0.21186 F1700
G1 X128.8494 Y149.5498 Z30.8107 E0.21154 F1700
G1 X128.0066 Y149.8359 Z30.8608 E0.21127 F1700
G1 X127.1565 Y150.0999 Z30.8922 E0.21106 F1700
G1 X126.2998 Y150.3415 Z30.9042 E0.21095 F1700
G1 X125.4371 Y150.5606 Z30.8964 E0.21094 F1700
G1 X124.5690 Y150.7570 Z30.8692 E0.21103 F1700
G1 X123.6960 Y150.9307 Z30.8232 E0.21121 F1700
G1 X122.8188 Y151.0814 Z30.7597 E0.21147 F1700
G1 X121.9379 Y151.2091 Z30.6803 E0.21177 F1700
G1 X121.0540 Y151.3137 Z30.5869 E0.21209 F1700
G1 X120.1676 Y151.3952 Z30.4819 E0.21239 F1700
G1 X119.2794 Y151.4534 Z30.3680 E0.21265 F1700
G1 X118.3900 Y151.4883 Z30.2481 E0.21284 F1700
G1 X117.5000 Y151.5000 Z30.1250 E0.21294 F1700
G1 X116.6100 Y151.4883 Z30.0019 E0.21294 F1700
G1 X115.7206 Y151.4534 Z29.8820 E0.21284 F1700
G1 X114.8324 Y151.3952 Z29.7681 E0.21265 F1700
G1 X113.9460 Y151.3137 Z29.6631 E0.21239 F1700
G1 X113.0621 Y151.2091 Z29.5697 E0.21209 F1700
G1 X112.1812 Y151.0814 Z29.4903 E0.21177 F1700
G1 X111.3040 Y150.9307 Z29.4268 E0.21147 F1700
G1 X110.4310 Y150.7570 Z29.3808 E0.21121 F1700
G1 X109.5629 Y150.5606 Z29.3536 E0.21103 F1700
G1 X108.7002 Y150.3415 Z29.3458 E0.21094 F1700
G1 X107.8435 Y150.0999 Z29.3578 E0.21095 F1700
G1 X106.9934 Y149.8359 Z29.3892 E0.21106 F1700
G1 X106.1506 Y149.5498 Z29.4393 E0.21127 F1700
G1 X105.3155 Y149.2417 Z29.5070 E0.21154 F1700
G1 X104.4888 Y148.9119 Z29.5906 E0.21186 F1700
G1 X103.6710 Y148.5605 Z29.6881 E0.21220 F1700
G1 X102.8626 Y148.1879 Z29.7972 E0.21251 F1700
G1 X102.0643 Y147.7942 Z29.9153 E0.21278 F1700
G1 X101.2766 Y147.3798 Z30.0394 E0.21297 F1700
G1 X100.5000 Y146.9449 Z30.1667 E0.21308 F1700
G1 X99.7350 Y146.4898 Z30.2939 E0.21308 F1700
G1 X98.9823 Y146.0148 Z30.4180 E0.21297 F1700
G1 X98.2422 Y145.5203 Z30.5361 E0.21278 F1700
G1 X97.5153 Y145.0066 Z30.6452 E0.21251 F1700
G1 X96.8021 Y144.4740 Z30.7428 E0.21220 F1700
G1 X96.1031 Y143.9230 Z30.8264 E0.21186 F1700
G1 X95.4188 Y143.3538 Z30.8941 E0.21154 F1700
G1 X94.7496 Y142.7669 Z30.9442 E0.21127 F1700
G1 X94.0959 Y142.1627 Z30.9756 E0.21106 F1700
G1 X93.4584 Y141.5416 Z30.9875 E0.21095 F1700
G1 X92.8373 Y140.9041 Z30.9797 E0.21094 F1700
G1 X92.2331 Y140.2504 Z30.9525 E0.21103 F1700
G1 X91.6462 Y139.5812 Z30.9066 E0.21121 F1700
G1 X91.0770 Y138.8969 Z30.8430 E0.21147 F1700
G1 X90.5260 Y138.1979 Z30.7636 E0.21177 F1700
G1 X89.9934 Y137.4847 Z30.6702 E0.21209 F1700
G1 X89.4797 Y136.7578 Z30.5653 E0.21239 F1700
G1 X88.9852 Y136.0177 Z30.4514 E0.21265 F1700
G1 X88.5102 Y135.2650 Z30.3314 E0.21284 F1700
G1 X88.0551 Y134.5000 Z30.2083 E0.21294 F1700
G1 X87.6202 Y133.7234 Z30.0853 E0.21294 F1700
G1 X87.2058 Y132.9357 Z29.9653 E0.21284 F1700
G1 X86.8121 Y132.1374 Z29.8514 E0.21265 F1700
G1 X86.4395 Y131.3290 Z29.7464 E0.21239 F1700
G1 X86.0881 Y130.5112 Z29.6531 E0.21209 F1700
G1 X85.7583 Y129.6845 Z29.5736 E0.21177 F1700
G1 X85.4502 Y128.8494 Z29.5101 E0.21147 F1700
G1 X85.1641 Y128.0066 Z29.4642 E0.21121 F1700
G1 X84.9001 Y127.1565 Z29.4369 E0.21103 F1700
G1 X84.6585 Y126.2998 Z29.4292 E0.21094 F1700
G1 X84.4394 Y125.4371 Z29.4411 E0.21095 F1700
G1 X84.2430 Y124.5690 Z29.4725 E0.21106 F1700
G1 X84.0693 Y123.6960 Z29.5226 E0.21127 F1700
G1 X83.9186 Y122.8188 Z29.5903 E0.21154 F1700
G1 X83.7909 Y121.9379 Z29.6739 E0.21186 F1700
G1 X83.6863 Y121.0540 Z29.7714 E0.21220 F1700
G1 X83.6048 Y120.1676 Z29.8806 E0.21251 F1700
G1 X83.5466 Y119.2794 Z29.9986 E0.21278 F1700
G1 X83.5117 Y118.3900 Z30.1228 E0.21297 F1700
G1 X83.5000 Y117.5000 Z30.2500 E0.21308 F1700
G1 X83.5117 Y116.6100 Z30.3772 E0.21308 F1700
G1 X83.5466 Y115.7206 Z30.5014 E0.21297 F1700
G1 X83.6048 Y114.8324 Z30.6194 E0.21278 F1700
G1 X83.6863 Y113.9460 Z30.7286 E0.21251 F1700
G1 X83.7909 Y113.0621 Z30.8261 E0.21220 F1700
G1 X83.9186 Y112.1812 Z30.9097 E0.21186 F1700
G1 X84.0693 Y111.3040 Z30.9774 E0.21154 F1700
G1 X84.2430 Y110.4310 Z31.0275 E0.21127 F1700
G1 X84.4394 Y109.5629 Z31.0589 E0.21106 F1700
G1 X84.6585 Y108.7002 Z31.0708 E0.21095 F1700
G1 X84.9001 Y107.8435 Z31.0631 E0.21094 F1700
G1 X85.1641 Y106.9934 Z31.0358 E0.21103 F1700
G1 X85.4502 Y106.1506 Z30.9899 E0.21121 F1700
G1 X85.7583 Y105.3155 Z30.9264 E0.21147 F1700
G1 X86.0881 Y104.4888 Z30.8469 E0.21177 F1700
G1 X86.4395 Y103.6710 Z30.7536 E0.21209 F1700
G1 X86.8121 Y102.8626 Z30.6486 E0.21239 F1700
G1 X87.2058 Y102.0643 Z30.5347 E0.21265 F1700
G1 X87.6202 Y101.2766 Z30.4147 E0.21284 F1700
G1 X88.0551 Y100.5000 Z30.2917 E0.21294 F1700
G1 X88.5102 Y99.7350 Z30.1686 E0.21294 F1700
G1 X88.9852 Y98.9823 Z30.0486 E0.21284 F1700
G1 X89.4797 Y98.2422 Z29.9347 E0.21265 F1700
G1 X89.9934 Y97.5153 Z29.8298 E0.21239 F1700
G1 X90.5260 Y96.8021 Z29.7364 E0.21209 F1700
G1 X91.0770 Y96.1031 Z29.6570 E0.21177 F1700
G1 X91.6462 Y95.4188 Z29.5934 E0.21147 F1700
G1 X92.2331 Y94.7496 Z29.5475 E0.21121 F1700
G1 X92.8373 Y94.0959 Z29.5203 E0.21103 F1700
G1 X93.4584 Y93.4584 Z29.5125 E0.21094 F1700
G1 X94.0959 Y92.8373 Z29.5244 E0.21095 F1700
G1 X94.7496 Y92.2331 Z29.5558 E0.21106 F1700
G1 X95.4188 Y91.6462 Z29.6059 E0.21127 F1700
G1 X96.1031 Y91.0770 Z29.6736 E0.21154 F1700
G1 X96.8021 Y90.5260 Z29.7572 E0.21186 F1700
G1 X97.5153 Y89.9934 Z29.8548 E0.21220 F1700
G1 X98.2422 Y89.4797 Z29.9639 E0.21251 F1700
G1 X98.9823 Y88.9852 Z30.0820 E0.21278 F1700
G1 X99.7350 Y88.5102 Z30.2061 E0.21297 F1700
G1 X100.5000 Y88.0551 Z30.3333 E0.21308 F1700
G1 X101.2766 Y87.6202 Z30.4606 E0.21308 F1700
G1 X102.0643 Y87.2058 Z30.5847 E0.21297 F1700
G1 X102.8626 Y86.8121 Z30.7028 E0.21278 F1700
G1 X103.6710 Y86.4395 Z30.8119 E0.21251 F1700
G1 X104.4888 Y86.0881 Z30.9094 E0.21220 F1700
G1 X105.3155 Y85.7583 Z30.9930 E0.21186 F1700
G1 X106.1506 Y85.4502 Z31.0607 E0.21154 F1700
G1 X106.9934 Y85.1641 Z31.1108 E0.21127 F1700
G1 X107.8435 Y84.9001 Z31.1422 E0.21106 F1700
G1 X108.7002 Y84.6585 Z31.1542 E0.21095 F1700
G1 X109.5629 Y84.4394 Z31.1464 E0.21094 F1700
G1 X110.4310 Y84.2430 Z31.1192 E0.21103 F1700
G1 X111.3040 Y84.0693 Z31.0732 E0.21121 F1700
G1 X112.1812 Y83.9186 Z31.0097 E0.21147 F1700
G1 X113.0621 Y83.7909 Z30.9303 E0.21177 F1700
G1 X113.9460 Y83.6863 Z30.8369 E0.21209 F1700
G1 X114.8324 Y83.6048 Z30.7319 E0.21239 F1700
G1 X115.7206 Y83.5466 Z30.6180 E0.21265 F1700
G1 X116.6100 Y83.5117 Z30.4981 E0.21284 F1700
G1 X117.5000 Y83.5000 Z30.3750 E0.21294 F1700
G1 X118.3900 Y83.5117 Z30.2519 E0.21294 F1700
G1 X119.2794 Y83.5466 Z30.1320 E0.21284 F1700
G1 X120.1676 Y83.6048 Z30.0181 E0.21265 F1700
G1 X121.0540 Y83.6863 Z29.9131 E0.21239 F1700
G1 X121.9379 Y83.7909 Z29.8197 E0.21209 F1700
G1 X122.8188 Y83.9186 Z29.7403 E0.21177 F1700
G1 X123.6960 Y84.0693 Z29.6768 E0.21147 F1700
G1 X124.5690 Y84.2430 Z29.6308 E0.21121 F1700
G1 X125.4371 Y84.4394 Z29.6036 E0.21103 F1700
G1 X126.2998 Y84.6585 Z29.5958 E0.21094 F1700
G1 X127.1565 Y84.9001 Z29.6078 E0.21095 F1700
G1 X128.0066 Y85.1641 Z29.6392 E0.21106 F1700
G1 X128.8494 Y85.4502 Z29.6893 E0.21127 F1700
G1 X129.6845 Y85.7583 Z29.7570 E0.21154 F1700
G1 X130.5112 Y86.0881 Z29.8406 E0.21186 F1700
G1 X131.3290 Y86.4395 Z29.9381 E0.21220 F1700
G1 X132.1374 Y86.8121 Z30.0472 E0.21251 F1700
G1 X132.9357 Y87.2058 Z30.1653 E0.21278 F1700
G1 X133.7234 Y87.6202 Z30.2894 E0.21297 F1700
G1 X134.5000 Y88.0551 Z30.4167 E0.21308 F1700
G1 X135.2650 Y88.5102 Z30.5439 E0.21308 F1700
G1 X136.0177 Y88.9852 Z30.6680 E0.21297 F1700
G1 X136.7578 Y89.4797 Z30.7861 E0.21278 F1700
G1 X137.4847 Y89.9934 Z30.8952 E0.21251 F1700
G1 X138.1979 Y90.5260 Z30.9928 E0.21220 F1700
G1 X138.8969 Y91.0770 Z31.0764 E0.21186 F1700
G1 X139.5812 Y91.6462 Z31.1441 E0.21154 F1700
G1 X140.2504 Y92.2331 Z31.1942 E0.21127 F1700
G1 X140.9041 Y92.8373 Z31.2256 E0.21106 F1700
G1 X141.5416 Y93.4584 Z31.2375 E0.21095 F1700
G1 X142.1627 Y94.0959 Z31.2297 E0.21094 F1700
G1 X142.7669 Y94.7496 Z31.2025 E0.21103 F1700
G1 X143.3538 Y95.4188 Z31.1566 E0.21121 F1700
G1 X143.9230 Y96.1031 Z31.0930 E0.21147 F1700
G1 X144.4740 Y96.8021 Z31.0136 E0.21177 F1700
G1 X145.0066 Y97.5153 Z30.9202 E0.21209 F1700
G1 X145.5203 Y98.2422 Z30.8153 E0.21239 F1700
G1 X146.0148 Y98.9823 Z30.7014 E0.21265 F1700
G1 X146.4898 Y99.7350 Z30.5814 E0.21284 F1700
G1 X146.9449 Y100.5000 Z30.4583 E0.21294 F1700
G1 X147.3798 Y101.2766 Z30.3353 E0.21294 F1700
G1 X147.7942 Y102.0643 Z30.2153 E0.21284 F1700
G1 X148.1879 Y102.8626 Z30.1014 E0.21265 F1700
G1 X148.5605 Y103.6710 Z29.9964 E0.21239 F1700
G1 X148.9119 Y104.4888 Z29.9031 E0.21209 F1700
G1 X149.2417 Y105.3155 Z29.8236 E0.21177 F1700
G1 X149.5498 Y106.1506 Z29.7601 E0.21147 F1700
G1 X149.8359 Y106.9934 Z29.7142 E0.21121 F1700
G1 X150.0999 Y107.8435 Z29.6869 E0.21103 F1700
G1 X150.3415 Y108.7002 Z29.6792 E0.21094 F1700
G1 X150.5606 Y109.5629 Z29.6911 E0.21095 F1700
G1 X150.7570 Y110.4310 Z29.7225 E0.21106 F1700
G1 X150.9307 Y111.3040 Z29.7726 E0.21127 F1700
G1 X151.0814 Y112.1812 Z29.8403 E0.21154 F1700
G1 X151.2091 Y113.0621 Z29.9239 E0.21186 F1700
G1 X151.3137 Y113.9460 Z30.0214 E0.21220 F1700
G1 X151.3952 Y114.8324 Z30.1306 E0.21251 F1700
G1 X151.4534 Y115.7206 Z30.2486 E0.21278 F1700
G1 X151.4883 Y116.6100 Z30.3728 E0.21297 F1700
G1 X151.5000 Y117.5000 Z30.5000 E0.21308 F1700
G1 X151.4883 Y118.3900 Z30.6272 E0.21308 F1700
G1 X151.4534 Y119.2794 Z30.7514 E0.21297 F1700
G1 X151.3952 Y120.1676 Z30.8694 E0.21278 F1700
G1 X151.3137 Y121.0540 Z30.9786 E0.21251 F1700
G1 X151.2091 Y121.9379 Z31.0761 E0.21220 F1700
G1 X151.0814 Y122.8188 Z31.1597 E0.21186 F1700
G1 X150.9307 Y123.6960 Z31.2274 E0.21154 F1700
G1 X150.7570 Y124.5690 Z31.2775 E0.21127 F1700
G1 X150.5606 Y125.4371 Z31.3089 E0.21106 F1700
G1 X150.3415 Y126.2998 Z31.3208 E0.21095 F1700
G1 X150.0999 Y127.1565 Z31.3131 E0.21094 F1700
G1 X149.8359 Y128.0066 Z31.2858 E0.21103 F1700
G1 X149.5498 Y128.8494 Z31.2399 E0.21121 F1700
G1 X149.2417 Y129.6845 Z31.1764 E0.21147 F1700
G1 X148.9119 Y130.5112 Z31.0969 E0.21177 F1700
G1 X148.5605 Y131.3290 Z31.0036 E0.21209 F1700
G1 X148.1879 Y132.1374 Z30.8986 E0.21239 F1700
G1 X147.7942 Y132.9357 Z30.7847 E0.21265 F1700
G1 X147.3798 Y133.7234 Z30.6647 E0.21284 F1700
G1 X146.9449 Y134.5000 Z30.5417 E0.21294 F1700
G1 X146.4898 Y135.2650 Z30.4186 E0.21294 F1700
G1 X146.0148 Y136.0177 Z30.2986 E0.21284 F1700
G1 X145.5203 Y136.7578 Z30.1847 E0.21265 F1700
G1 X145.0066 Y137.4847 Z30.0798 E0.21239 F1700
G1 X144.4740 Y138.1979 Z29.9864 E0.21209 F1700
G1 X143.9230 Y138.8969 Z29.9070 E0.21177 F1700
G1 X143.3538 Y139.5812 Z29.8434 E0.21147 F1700
G1 X142.7669 Y140.2504 Z29.7975 E0.21121 F1700
G1 X142.1627 Y140.9041 Z29.7703 E0.21103 F1700
G1 X141.5416 Y141.5416 Z29.7625 E0.21094 F1700
G1 X140.9041 Y142.1627 Z29.7744 E0.21095 F1700
G1 X140.2504 Y142.7669 Z29.8058 E0.21106 F1700
G1 X139.5812 Y143.3538 Z29.8559 E0.21127 F1700
G1 X138.8969 Y143.9230 Z29.9236 E0.21154 F1700
G1 X138.1979 Y144.4740 Z30.0072 E0.21186 F1700
G1 X137.4847 Y145.0066 Z30.1048 E0.21220 F1700
G1 X136.7578 Y145.5203 Z30.2139 E0.21251 F1700
G1 X136.0177 Y146.0148 Z30.3320 E0.21278 F1700
G1 X135.2650 Y146.4898 Z30.4561 E0.21297 F1700
G1 X134.5000 Y146.9449 Z30.5833 E0.21308 F1700
G1 X133.7234 Y147.3798 Z30.7106 E0.21308 F1700
G1 X132.9357 Y147.7942 Z30.8347 E0.21297 F1700
G1 X132.1374 Y148.1879 Z30.9528 E0.21278 F1700
G1 X131.3290 Y148.5605 Z31.0619 E0.21251 F1700
G1 X130.5112 Y148.9119 Z31.1594 E0.21220 F1700
G1 X129.6845 Y149.2417 Z31.2430 E0.21186 F1700
G1 X128.8494 Y149.5498 Z31.3107 E0.21154 F1700
G1 X128.0066 Y149.8359 Z31.3608 E0.21127 F1700
G1 X127.1565 Y150.0999 Z31.3922 E0.21106 F1700
G1 X126.2998 Y150.3415 Z31.4042 E0.21095 F1700
G1 X125.4371 Y150.5606 Z31.3964 E0.21094 F1700
G1 X124.5690 Y150.7570 Z31.3692 E0.21103 F1700
G1 X123.6960 Y150.9307 Z31.3232 E0.21121 F1700
G1 X122.8188 Y151.0814 Z31.2597 E0.21147 F1700
G1 X121.9379 Y151.2091 Z31.1803 E0.21177 F1700
G1 X121.0540 Y151.3137 Z31.0869 E0.21209 F1700
G1 X120.1676 Y151.3952 Z30.9819 E0.21239 F1700
G1 X119.2794 Y151.4534 Z30.8680 E0.21265 F1700
G1 X118.3900 Y151.4883 Z30.7481 E0.21284 F1700
G1 X117.5000 Y151.5000 Z30.6250 E0.21294 F1700
G1 X116.6100 Y151.4883 Z30.5019 E0.21294 F1700
G1 X115.7206 Y151.4534 Z30.3820 E0.21284 F1700
G1 X114.8324 Y151.3952 Z30.2681 E0.21265 F1700
G1 X113.9460 Y151.3137 Z30.1631 E0.21239 F1700
G1 X113.0621 Y151.2091 Z30.0697 E0.21209 F1700
G1 X112.1812 Y151.0814 Z29.9903 E0.21177 F1700
G1 X111.3040 Y150.9307 Z29.9268 E0.21147 F1700
G1 X110.4310 Y150.7570 Z29.8808 E0.21121 F1700
G1 X109.5629 Y150.5606 Z29.8536 E0.21103 F1700
G1 X108.7002 Y150.3415 Z29.8458 E0.21094 F1700
G1 X107.8435 Y150.0999 Z29.8578 E0.21095 F1700
G1 X106.9934 Y149.8359 Z29.8892 E0.21106 F1700
G1 X106.1506 Y149.5498 Z29.9393 E0.21127 F1700
G1 X105.3155 Y149.2417 Z30.0070 E0.21154 F1700
G1 X104.4888 Y148.9119 Z30.0906 E0.21186 F1700
G1 X103.6710 Y148.5605 Z30.1881 E0.21220 F1700
G1 X102.8626 Y148.1879 Z30.2972 E0.21251 F1700
G1 X102.0643 Y147.7942 Z30.4153 E0.21278 F1700
G1 X101.2766 Y147.3798 Z30.5394 E0.21297 F1700
G1 X100.5000 Y146.9449 Z30.6667 E0.21308 F1700
G1 X99.7350 Y146.4898 Z30.7939 E0.21308 F1700
G1 X98.9823 Y146.0148 Z30.9180 E0.21297 F1700
G1 X98.2422 Y145.5203 Z31.0361 E0.21278 F1700
G1 X97.5153 Y145.0066 Z31.1452 E0.21251 F1700
G1 X96.8021 Y144.4740 Z31.2428 E0.21220 F1700
G1 X96.1031 Y143.9230 Z31.3264 E0.21186 F1700
G1 X95.4188 Y143.3538 Z31.3941 E0.21154 F1700
G1 X94.7496 Y142.7669 Z31.4442 E0.21127 F1700
G1 X94.0959 Y142.1627 Z31.4756 E0.21106 F1700
G1 X93.4584 Y141.5416 Z31.4875 E0.21095 F1700
G1 X92.8373 Y140.9041 Z31.4797 E0.21094 F1700
G1 X92.2331 Y140.2504 Z31.4525 E0.21103 F1700
G1 X91.6462 Y139.5812 Z31.4066 E0.21121 F1700
G1 X91.0770 Y138.8969 Z31.3430 E0.21147 F1700
G1 X90.5260 Y138.1979 Z31.2636 E0.21177 F1700
G1 X89.9934 Y137.4847 Z31.1702 E0.21209 F1700
G1 X89.4797 Y136.7578 Z31.0653 E0.21239 F1700
G1 X88.9852 Y136.0177 Z30.9514 E0.21265 F1700
G1 X88.5102 Y135.2650 Z30.8314 E0.21284 F1700
G1 X88.0551 Y134.5000 Z30.7083 E0.21294 F1700
G1 X87.6202 Y133.7234 Z30.5853 E0.21294 F1700
G1 X87.2058 Y132.9357 Z30.4653 E0.21284 F1700
G1 X86.8121 Y132.1374 Z30.3514 E0.21265 F1700
G1 X86.4395 Y131.3290 Z30.2464 E0.21239 F1700
G1 X86.0881 Y130.5112 Z30.1531 E0.21209 F1700
G1 X85.7583 Y129.6845 Z30.0736 E0.21177 F1700
G1 X85.4502 Y128.8494 Z30.0101 E0.21147 F1700
G1 X85.1641 Y128.0066 Z29.9642 E0.21121 F1700
G1 X84.9001 Y127.1565 Z29.9369 E0.21103 F1700
G1 X84.6585 Y126.2998 Z29.9292 E0.21094 F1700
G1 X84.4394 Y125.4371 Z29.9411 E0.21095 F1700
G1 X84.2430 Y124.5690 Z29.9725 E0.21106 F1700
G1 X84.0693 Y123.6960 Z30.0226 E0.21127 F1700
G1 X83.9186 Y122.8188 Z30.0903 E0.21154 F1700
G1 X83.7909 Y121.9379 Z30.1739 E0.21186 F1700
G1 X83.6863 Y121.0540 Z30.2714 E0.21220 F1700
G1 X83.6048 Y120.1676 Z30.3806 E0.21251 F1700
G1 X83.5466 Y119.2794 Z30.4986 E0.21278 F1700
G1 X83.5117 Y118.3900 Z30.6228 E0.21297 F1700
G1 X83.5000 Y117.5000 Z30.7500 E0.21308 F1700
G1 X83.5117 Y116.6100 Z30.8772 E0.21308 F1700
G1 X83.5466 Y115.7206 Z31.0014 E0.21297 F1700
G1 X83.6048 Y114.8324 Z31.1194 E0.21278 F1700
G1 X83.6863 Y113.9460 Z31.2286 E0.21251 F1700
G1 X83.7909 Y113.0621 Z31.3261 E0.21220 F1700
G1 X83.9186 Y112.1812 Z31.4097 E0.21186 F1700
G1 X84.0693 Y111.3040 Z31.4774 E0.21154 F1700
G1 X84.2430 Y110.4310 Z31.5275 E0.21127 F1700
G1 X84.4394 Y109.5629 Z31.5589 E0.21106 F1700
G1 X84.6585 Y108.7002 Z31.5708 E0.21095 F1700
G1 X84.9001 Y107.8435 Z31.5631 E0.21094 F1700
G1 X85.1641 Y106.9934 Z31.5358 E0.21103 F1700
G1 X85.4502 Y106.1506 Z31.4899 E0.21121 F1700
G1 X85.7583 Y105.3155 Z31.4264 E0.21147 F1700
G1 X86.0881 Y104.4888 Z31.3469 E0.21177 F1700
G1 X86.4395 Y103.6710 Z31.2536 E0.21209 F1700
G1 X86.8121 Y102.8626 Z31.1486 E0.21239 F1700
G1 X87.2058 Y102.0643 Z31.0347 E0.21265 F1700
G1 X87.6202 Y101.2766 Z30.9147 E0.21284 F1700
G1 X88.0551 Y100.5000 Z30.7917 E0.21294 F1700
G1 X88.5102 Y99.7350 Z30.6686 E0.21294 F1700
G1 X88.9852 Y98.9823 Z30.5486 E0.21284 F1700
G1 X89.4797 Y98.2422 Z30.4347 E0.21265 F1700
G1 X89.9934 Y97.5153 Z30.3298 E0.21239 F1700
G1 X90.5260 Y96.8021 Z30.2364 E0.21209 F1700
G1 X91.0770 Y96.1031 Z30.1570 E0.21177 F1700
G1 X91.6462 Y95.4188 Z30.0934 E0.21147 F1700
G1 X92.2331 Y94.7496 Z30.0475 E0.21121 F1700
G1 X92.8373 Y94.0959 Z30.0203 E0.21103 F1700
G1 X93.4584 Y93.4584 Z30.0125 E0.21094 F1700
G1 X94.0959 Y92.8373 Z30.0244 E0.21095 F1700
G1 X94.7496 Y92.2331 Z30.0558 E0.21106 F1700
G1 X95.4188 Y91.6462 Z30.1059 E0.21127 F1700
G1 X96.1031 Y91.0770 Z30.1736 E0.21154 F1700
G1 X96.8021 Y90.5260 Z30.2572 E0.21186 F1700
G1 X97.5153 Y89.9934 Z30.3548 E0.21220 F1700
G1 X98.2422 Y89.4797 Z30.4639 E0.21251 F1700
G1 X98.9823 Y88.9852 Z30.5820 E0.21278 F1700
G1 X99.7350 Y88.5102 Z30.7061 E0.21297 F1700
G1 X100.5000 Y88.0551 Z30.8333 E0.21308 F1700
G1 X101.2766 Y87.6202 Z30.9606 E0.21308 F1700
G1 X102.0643 Y87.2058 Z31.0847 E0.21297 F1700
G1 X102.8626 Y86.8121 Z31.2028 E0.21278 F1700
G1 X103.6710 Y86.4395 Z31.3119 E0.21251 F1700
G1 X104.4888 Y86.0881 Z31.4094 E0.21220 F1700
G1 X105.3155 Y85.7583 Z31.4930 E0.21186 F1700
G1 X106.1506 Y85.4502 Z31.5607 E0.21154 F1700
G1 X106.9934 Y85.1641 Z31.6108 E0.21127 F1700
G1 X107.8435 Y84.9001 Z31.6422 E0.21106 F1700
G1 X108.7002 Y84.6585 Z31.6542 E0.21095 F1700
G1 X109.5629 Y84.4394 Z31.6464 E0.21094 F1700
G1 X110.4310 Y84.2430 Z31.6192 E0.21103 F1700
G1 X111.3040 Y84.0693 Z31.5732 E0.21121 F1700
G1 X112.1812 Y83.9186 Z31.5097 E0.21147 F1700
G1 X113.0621 Y83.7909 Z31.4303 E0.21177 F1700
G1 X113.9460 Y83.6863 Z31.3369 E0.21209 F1700
G1 X114.8324 Y83.6048 Z31.2319 E0.21239 F1700
G1 X115.7206 Y83.5466 Z31.1180 E0.21265 F1700
G1 X116.6100 Y83.5117 Z30.9981 E0.21284 F1700
G1 X117.5000 Y83.5000 Z30.8750 E0.21294 F1700
G1 X118.3900 Y83.5117 Z30.7519 E0.21294 F1700
G1 X119.2794 Y83.5466 Z30.6320 E0.21284 F1700
G1 X120.1676 Y83.6048 Z30.5181 E0.21265 F1700
G1 X121.0540 Y83.6863 Z30.4131 E0.21239 F1700
G1 X121.9379 Y83.7909 Z30.3197 E0.21209 F1700
G1 X122.8188 Y83.9186 Z30.2403 E0.21177 F1700
G1 X123.6960 Y84.0693 Z30.1768 E0.21147 F1700
G1 X124.5690 Y84.2430 Z30.1308 E0.21121 F1700
G1 X125.4371 Y84.4394 Z30.1036 E0.21103 F1700
G1 X126.2998 Y84.6585 Z30.0958 E0.21094 F1700
G1 X127.1565 Y84.9001 Z30.1078 E0.21095 F1700
G1 X128.0066 Y85.1641 Z30.1392 E0.21106 F1700
G1 X128.8494 Y85.4502 Z30.1893 E0.21127 F1700
G1 X129.6845 Y85.7583 Z30.2570 E0.21154 F1700
G1 X130.5112 Y86.0881 Z30.3406 E0.21186 F1700
G1 X131.3290 Y86.4395 Z30.4381 E0.21220 F1700
G1 X132.1374 Y86.8121 Z30.5472 E0.21251 F1700
G1 X132.9357 Y87.2058 Z30.6653 E0.21278 F1700
G1 X133.7234 Y87.6202 Z30.7894 E0.21297 F1700
G1 X134.5000 Y88.0551 Z30.9167 E0.21308 F1700
G1 X135.2650 Y88.5102 Z31.0439 E0.21308 F1700
G1 X136.0177 Y88.9852 Z31.1680 E0.21297 F1700
G1 X136.7578 Y89.4797 Z31.2861 E0.21278 F1700
G1 X137.4847 Y89.9934 Z31.3952 E0.21251 F1700
G1 X138.1979 Y90.5260 Z31.4928 E0.21220 F1700
G1 X138.8969 Y91.0770 Z31.5764 E0.21186 F1700
G1 X139.5812 Y91.6462 Z31.6441 E0.21154 F1700
G1 X140.2504 Y92.2331 Z31.6942 E0.21127 F1700
G1 X140.9041 Y92.8373 Z31.7256 E0.21106 F1700
G1 X141.5416 Y93.4584 Z31.7375 E0.21095 F1700
G1 X142.1627 Y94.0959 Z31.7297 E0.21094 F1700
G1 X142.7669 Y94.7496 Z31.7025 E0.21103 F1700
G1 X143.3538 Y95.4188 Z31.6566 E0.21121 F1700
G1 X143.9230 Y96.1031 Z31.5930 E0.21147 F1700
G1 X144.4740 Y96.8021 Z31.5136 E0.21177 F1700
G1 X145.0066 Y97.5153 Z31.4202 E0.21209 F1700
G1 X145.5203 Y98.2422 Z31.3153 E0.21239 F1700
G1 X146.0148 Y98.9823 Z31.2014 E0.21265 F1700
G1 X146.4898 Y99.7350 Z31.0814 E0.21284 F1700
G1 X146.9449 Y100.5000 Z30.9583 E0.21294 F1700
G1 X147.3798 Y101.2766 Z30.8353 E0.21294 F1700
G1 X147.7942 Y102.0643 Z30.7153 E0.21284 F1700
G1 X148.1879 Y102.8626 Z30.6014 E0.21265 F1700
G1 X148.5605 Y103.6710 Z30.4964 E0.21239 F1700
G1 X148.9119 Y104.4888 Z30.4031 E0.21209 F1700
G1 X149.2417 Y105.3155 Z30.3236 E0.21177 F1700
G1 X149.5498 Y106.1506 Z30.2601 E0.21147 F1700
G1 X149.8359 Y106.9934 Z30.2142 E0.21121 F1700
G1 X150.0999 Y107.8435 Z30.1869 E0.21103 F1700
G1 X150.3415 Y108.7002 Z30.1792 E0.21094 F1700
G1 X150.5606 Y109.5629 Z30.1911 E0.21095 F1700
G1 X150.7570 Y110.4310 Z30.2225 E0.21106 F1700
G1 X150.9307 Y111.3040 Z30.2726 E0.21127 F1700
G1 X151.0814 Y112.1812 Z30.3403 E0.21154 F1700
G1 X151.2091 Y113.0621 Z30.4239 E0.21186 F1700
G1 X151.3137 Y113.9460 Z30.5214 E0.21220 F1700
G1 X151.3952 Y114.8324 Z30.6306 E0.21251 F1700
G1 X151.4534 Y115.7206 Z30.7486 E0.21278 F1700
G1 X151.4883 Y116.6100 Z30.8728 E0.21297 F1700
G1 X151.5000 Y117.5000 Z31.0000 E0.21308 F1700
G1 X151.4883 Y118.3900 Z31.1272 E0.21308 F1700
G1 X151.4534 Y119.2794 Z31.2514 E0.21297 F1700
G1 X151.3952 Y120.1676 Z31.3694 E0.21278 F1700
G1 X151.3137 Y121.0540 Z31.4786 E0.21251 F1700
G1 X151.2091 Y121.9379 Z31.5761 E0.21220 F1700
G1 X151.0814 Y122.8188 Z31.6597 E0.21186 F1700
G1 X150.9307 Y123.6960 Z31.7274 E0.21154 F1700
G1 X150.7570 Y124.5690 Z31.7775 E0.21127 F1700
G1 X150.5606 Y125.4371 Z31.8089 E0.21106 F1700
G1 X150.3415 Y126.2998 Z31.8208 E0.21095 F1700
G1 X150.0999 Y127.1565 Z31.8131 E0.21094 F1700
G1 X149.8359 Y128.0066 Z31.7858 E0.21103 F1700
G1 X149.5498 Y128.8494 Z31.7399 E0.21121 F1700
G1 X149.2417 Y129.6845 Z31.6764 E0.21147 F1700
G1 X148.9119 Y130.5112 Z31.5969 E0.21177 F1700
G1 X148.5605 Y131.3290 Z31.5036 E0.21209 F1700
G1 X148.1879 Y132.1374 Z31.3986 E0.21239 F1700
G1 X147.7942 Y132.9357 Z31.2847 E0.21265 F1700
G1 X147.3798 Y133.7234 Z31.1647 E0.21284 F1700
G1 X146.9449 Y134.5000 Z31.0417 E0.21294 F1700
G1 X146.4898 Y135.2650 Z30.9186 E0.21294 F1700
G1 X146.0148 Y136.0177 Z30.7986 E0.21284 F1700
G1 X145.5203 Y136.7578 Z30.6847 E0.21265 F1700
G1 X145.0066 Y137.4847 Z30.5798 E0.21239 F1700
G1 X144.4740 Y138.1979 Z30.4864 E0.21209 F1700
G1 X143.9230 Y138.8969 Z30.4070 E0.21177 F1700
G1 X143.3538 Y139.5812 Z30.3434 E0.21147 F1700
G1 X142.7669 Y140.2504 Z30.2975 E0.21121 F1700
G1 X142.1627 Y140.9041 Z30.2703 E0.21103 F1700
G1 X141.5416 Y141.5416 Z30.2625 E0.21094 F1700
G1 X140.9041 Y142.1627 Z30.2744 E0.21095 F1700
G1 X140.2504 Y142.7669 Z30.3058 E0.21106 F1700
G1 X139.5812 Y143.3538 Z30.3559 E0.21127 F1700
G1 X138.8969 Y143.9230 Z30.4236 E0.21154 F1700
G1 X138.1979 Y144.4740 Z30.5072 E0.21186 F1700
G1 X137.4847 Y145.0066 Z30.6048 E0.21220 F1700
G1 X136.7578 Y145.5203 Z30.7139 E0.21251 F1700
G1 X136.0177 Y146.0148 Z30.8320 E0.21278 F1700
G1 X135.2650 Y146.4898 Z30.9561 E0.21297 F1700
G1 X134.5000 Y146.9449 Z31.0833 E0.21308 F1700
G1 X133.7234 Y147.3798 Z31.2106 E0.21308 F1700
G1 X132.9357 Y147.7942 Z31.3347 E0.21297 F1700
G1 X132.1374 Y148.1879 Z31.4528 E0.21278 F1700
G1 X131.3290 Y148.5605 Z31.5619 E0.21251 F1700
G1 X130.5112 Y148.9119 Z31.6594 E0.21220 F1700
G1 X129.6845 Y149.2417 Z31.7430 E0.21186 F1700
G1 X128.8494 Y149.5498 Z31.8107 E0.21154 F1700
G1 X128.0066 Y149.8359 Z31.8608 E0.21127 F1700
G1 X127.1565 Y150.0999 Z31.8922 E0.21106 F1700
G1 X126.2998 Y150.3415 Z31.9042 E0.21095 F1700
G1 X125.4371 Y150.5606 Z31.8964 E0.21094 F1700
G1 X124.5690 Y150.7570 Z31.8692 E0.21103 F1700
G1 X123.6960 Y150.9307 Z31.8232 E0.21121 F1700
G1 X122.8188 Y151.0814 Z31.7597 E0.21147 F1700
G1 X121.9379 Y151.2091 Z31.6803 E0.21177 F1700
G1 X121.0540 Y151.3137 Z31.5869 E0.21209 F1700
G1 X120.1676 Y151.3952 Z31.4819 E0.21239 F1700
G1 X119.2794 Y151.4534 Z31.3680 E0.21265 F1700
G1 X118.3900 Y151.4883 Z31.2481 E0.21284 F1700
G1 X117.5000 Y151.5000 Z31.1250 E0.21294 F1700
G1 X116.6100 Y151.4883 Z31.0019 E0.21294 F1700
G1 X115.7206 Y151.4534 Z30.8820 E0.21284 F1700
G1 X114.8324 Y151.3952 Z30.7681 E0.21265 F1700
G1 X113.9460 Y151.3137 Z30.6631 E0.21239 F1700
G1 X113.0621 Y151.2091 Z30.5697 E0.21209 F1700
G1 X112.1812 Y151.0814 Z30.4903 E0.21177 F1700
G1 X111.3040 Y150.9307 Z30.4268 E0.21147 F1700
G1 X110.4310 Y150.7570 Z30.3808 E0.21121 F1700
G1 X109.5629 Y150.5606 Z30.3536 E0.21103 F1700
G1 X108.7002 Y150.3415 Z30.3458 E0.21094 F1700
G1 X107.8435 Y150.0999 Z30.3578 E0.21095 F1700
G1 X106.9934 Y149.8359 Z30.3892 E0.21106 F1700
G1 X106.1506 Y149.5498 Z30.4393 E0.21127 F1700
G1 X105.3155 Y149.2417 Z30.5070 E0.21154 F1700
G1 X104.4888 Y148.9119 Z30.5906 E0.21186 F1700
G1 X103.6710 Y148.5605 Z30.6881 E0.21220 F1700
G1 X102.8626 Y148.1879 Z30.7972 E0.21251 F1700
G1 X102.0643 Y147.7942 Z30.9153 E0.21278 F1700
G1 X101.2766 Y147.3798 Z31.0394 E0.21297 F1700
G1 X100.5000 Y146.9449 Z31.1667 E0.21308 F1700
G1 X99.7350 Y146.4898 Z31.2939 E0.21308 F1700
G1 X98.9823 Y146.0148 Z31.4180 E0.21297 F1700
G1 X98.2422 Y145.5203 Z31.5361 E0.21278 F1700
G1 X97.5153 Y145.0066 Z31.6452 E0.21251 F1700
G1 X96.8021 Y144.4740 Z31.7428 E0.21220 F1700
G1 X96.1031 Y143.9230 Z31.8264 E0.21186 F1700
G1 X95.4188 Y143.3538 Z31.8941 E0.21154 F1700
G1 X94.7496 Y142.7669 Z31.9442 E0.21127 F1700
G1 X94.0959 Y142.1627 Z31.9756 E0.21106 F1700
G1 X93.4584 Y141.5416 Z31.9875 E0.21095 F1700
G1 X92.8373 Y140.9041 Z31.9797 E0.21094 F1700
G1 X92.2331 Y140.2504 Z31.9525 E0.21103 F1700
G1 X91.6462 Y139.5812 Z31.9066 E0.21121 F1700
G1 X91.0770 Y138.8969 Z31.8430 E0.21147 F1700
G1 X90.5260 Y138.1979 Z31.7636 E0.21177 F1700
G1 X89.9934 Y137.4847 Z31.6702 E0.21209 F1700
G1 X89.4797 Y136.7578 Z31.5653 E0.21239 F1700
G1 X88.9852 Y136.0177 Z31.4514 E0.21265 F1700
G1 X88.5102 Y135.2650 Z31.3314 E0.21284 F1700
G1 X88.0551 Y134.5000 Z31.2083 E0.21294 F1700
G1 X87.6202 Y133.7234 Z31.0853 E0.21294 F1700
G1 X87.2058 Y132.9357 Z30.9653 E0.21284 F1700
G1 X86.8121 Y132.1374 Z30.8514 E0.21265 F1700
G1 X86.4395 Y131.3290 Z30.7464 E0.21239 F1700
G1 X86.0881 Y130.5112 Z30.6531 E0.21209 F1700
G1 X85.7583 Y129.6845 Z30.5736 E0.21177 F1700
G1 X85.4502 Y128.8494 Z30.5101 E0.21147 F1700
G1 X85.1641 Y128.0066 Z30.4642 E0.21121 F1700
G1 X84.9001 Y127.1565 Z30.4369 E0.21103 F1700
G1 X84.6585 Y126.2998 Z30.4292 E0.21094 F1700
G1 X84.4394 Y125.4371 Z30.4411 E0.21095 F1700
G1 X84.2430 Y124.5690 Z30.4725 E0.21106 F1700
G1 X84.0693 Y123.6960 Z30.5226 E0.21127 F1700
G1 X83.9186 Y122.8188 Z30.5903 E0.21154 F1700
G1 X83.7909 Y121.9379 Z30.6739 E0.21186 F1700
G1 X83.6863 Y121.0540 Z30.7714 E0.21220 F1700
G1 X83.6048 Y120.1676 Z30.8806 E0.21251 F1700
G1 X83.5466 Y119.2794 Z30.9986 E0.21278 F1700
G1 X83.5117 Y118.3900 Z31.1228 E0.21297 F1700
G1 X83.5000 Y117.5000 Z31.2500 E0.21308 F1700
G1 X83.5117 Y116.6100 Z31.3772 E0.21308 F1700
G1 X83.5466 Y115.7206 Z31.5014 E0.21297 F1700
G1 X83.6048 Y114.8324 Z31.6194 E0.21278 F1700
G1 X83.6863 Y113.9460 Z31.7286 E0.21251 F1700
G1 X83.7909 Y113.0621 Z31.8261 E0.21220 F1700
G1 X83.9186 Y112.1812 Z31.9097 E0.21186 F1700
G1 X84.0693 Y111.3040 Z31.9774 E0.21154 F1700
G1 X84.2430 Y110.4310 Z32.0275 E0.21127 F1700
G1 X84.4394 Y109.5629 Z32.0589 E0.21106 F1700
G1 X84.6585 Y108.7002 Z32.0708 E0.21095 F1700
G1 X84.9001 Y107.8435 Z32.0631 E0.21094 F1700
G1 X85.1641 Y106.9934 Z32.0358 E0.21103 F1700
G1 X85.4502 Y106.1506 Z31.9899 E0.21121 F1700
G1 X85.7583 Y105.3155 Z31.9264 E0.21147 F1700
G1 X86.0881 Y104.4888 Z31.8469 E0.21177 F1700
G1 X86.4395 Y103.6710 Z31.7536 E0.21209 F1700
G1 X86.8121 Y102.8626 Z31.6486 E0.21239 F1700
G1 X87.2058 Y102.0643 Z31.5347 E0.21265 F1700
G1 X87.6202 Y101.2766 Z31.4147 E0.21284 F1700
G1 X88.0551 Y100.5000 Z31.2917 E0.21294 F1700
G1 X88.5102 Y99.7350 Z31.1686 E0.21294 F1700
G1 X88.9852 Y98.9823 Z31.0486 E0.21284 F1700
G1 X89.4797 Y98.2422 Z30.9347 E0.21265 F1700
G1 X89.9934 Y97.5153 Z30.8298 E0.21239 F1700
G1 X90.5260 Y96.8021 Z30.7364 E0.21209 F1700
G1 X91.0770 Y96.1031 Z30.6570 E0.21177 F1700
G1 X91.6462 Y95.4188 Z30.5934 E0.21147 F1700
G1 X92.2331 Y94.7496 Z30.5475 E0.21121 F1700
G1 X92.8373 Y94.0959 Z30.5203 E0.21103 F1700
G1 X93.4584 Y93.4584 Z30.5125 E0.21094 F1700
G1 X94.0959 Y92.8373 Z30.5244 E0.21095 F1700
G1 X94.7496 Y92.2331 Z30.5558 E0.21106 F1700
G1 X95.4188 Y91.6462 Z30.6059 E0.21127 F1700
G1 X96.1031 Y91.0770 Z30.6736 E0.21154 F1700
G1 X96.8021 Y90.5260 Z30.7572 E0.21186 F1700
G1 X97.5153 Y89.9934 Z30.8548 E0.21220 F1700
G1 X98.2422 Y89.4797 Z30.9639 E0.21251 F1700
G1 X98.9823 Y88.9852 Z31.0820 E0.21278 F1700
G1 X99.7350 Y88.5102 Z31.2061 E0.21297 F1700
G1 X100.5000 Y88.0551 Z31.3333 E0.21308 F1700
G1 X101.2766 Y87.6202 Z31.4606 E0.21308 F1700
G1 X102.0643 Y87.2058 Z31.5847 E0.21297 F1700
G1 X102.8626 Y86.8121 Z31.7028 E0.21278 F1700
G1 X103.6710 Y86.4395 Z31.8119 E0.21251 F1700
G1 X104.4888 Y86.0881 Z31.9094 E0.21220 F1700
G1 X105.3155 Y85.7583 Z31.9930 E0.21186 F1700
G1 X106.1506 Y85.4502 Z32.0607 E0.21154 F1700
G1 X106.9934 Y85.1641 Z32.1108 E0.21127 F1700
G1 X107.8435 Y84.9001 Z32.1422 E0.21106 F1700
G1 X108.7002 Y84.6585 Z32.1542 E0.21095 F1700
G1 X109.5629 Y84.4394 Z32.1464 E0.21094 F1700
G1 X110.4310 Y84.2430 Z32.1192 E0.21103 F1700
G1 X111.3040 Y84.0693 Z32.0732 E0.21121 F1700
G1 X112.1812 Y83.9186 Z32.0097 E0.21147 F1700
G1 X113.0621 Y83.7909 Z31.9303 E0.21177 F1700
G1 X113.9460 Y83.6863 Z31.8369 E0.21209 F1700
G1 X114.8324 Y83.6048 Z31.7319 E0.21239 F1700
G1 X115.7206 Y83.5466 Z31.6180 E0.21265 F1700
G1 X116.6100 Y83.5117 Z31.4981 E0.21284 F1700
G1 X117.5000 Y83.5000 Z31.3750 E0.21294 F1700
G1 X118.3900 Y83.5117 Z31.2519 E0.21294 F1700
G1 X119.2794 Y83.5466 Z31.1320 E0.21284 F1700
G1 X120.1676 Y83.6048 Z31.0181 E0.21265 F1700
G1 X121.0540 Y83.6863 Z30.9131 E0.21239 F1700
G1 X121.9379 Y83.7909 Z30.8197 E0.21209 F1700
G1 X122.8188 Y83.9186 Z30.7403 E0.21177 F1700
G1 X123.6960 Y84.0693 Z30.6768 E0.21147 F1700
G1 X124.5690 Y84.2430 Z30.6308 E0.21121 F1700
G1 X125.4371 Y84.4394 Z30.6036 E0.21103 F1700
G1 X126.2998 Y84.6585 Z30.5958 E0.21094 F1700
G1 X127.1565 Y84.9001 Z30.6078 E0.21095 F1700
G1 X128.0066 Y85.1641 Z30.6392 E0.21106 F1700
G1 X128.8494 Y85.4502 Z30.6893 E0.21127 F1700
G1 X129.6845 Y85.7583 Z30.7570 E0.21154 F1700
G1 X130.5112 Y86.0881 Z30.8406 E0.21186 F1700
G1 X131.3290 Y86.4395 Z30.9381 E0.21220 F1700
G1 X132.1374 Y86.8121 Z31.0472 E0.21251 F1700
G1 X132.9357 Y87.2058 Z31.1653 E0.21278 F1700
G1 X133.7234 Y87.6202 Z31.2894 E0.21297 F1700
G1 X134.5000 Y88.0551 Z31.4167 E0.21308 F1700
G1 X135.2650 Y88.5102 Z31.5439 E0.21308 F1700
G1 X136.0177 Y88.9852 Z31.6680 E0.21297 F1700
G1 X136.7578 Y89.4797 Z31.7861 E0.21278 F1700
G1 X137.4847 Y89.9934 Z31.8952 E0.21251 F1700
G1 X138.1979 Y90.5260 Z31.9928 E0.21220 F1700
G1 X138.8969 Y91.0770 Z32.0764 E0.21186 F1700
G1 X139.5812 Y91.6462 Z32.1441 E0.21154 F1700
G1 X140.2504 Y92.2331 Z32.1942 E0.21127 F1700
G1 X140.9041 Y92.8373 Z32.2256 E0.21106 F1700
G1 X141.5416 Y93.4584 Z32.2375 E0.21095 F1700
G1 X142.1627 Y94.0959 Z32.2297 E0.21094 F1700
G1 X142.7669 Y94.7496 Z32.2025 E0.21103 F1700
G1 X143.3538 Y95.4188 Z32.1566 E0.21121 F1700
G1 X143.9230 Y96.1031 Z32.0930 E0.21147 F1700
G1 X144.4740 Y96.8021 Z32.0136 E0.21177 F1700
G1 X145.0066 Y97.5153 Z31.9202 E0.21209 F1700
G1 X145.5203 Y98.2422 Z31.8153 E0.21239 F1700
G1 X146.0148 Y98.9823 Z31.7014 E0.21265 F1700
G1 X146.4898 Y99.7350 Z31.5814 E0.21284 F1700
G1 X146.9449 Y100.5000 Z31.4583 E0.21294 F1700
G1 X147.3798 Y101.2766 Z31.3353 E0.21294 F1700
G1 X147.7942 Y102.0643 Z31.2153 E0.21284 F1700
G1 X148.1879 Y102.8626 Z31.1014 E0.21265 F1700
G1 X148.5605 Y103.6710 Z30.9964 E0.21239 F1700
G1 X148.9119 Y104.4888 Z30.9031 E0.21209 F1700
G1 X149.2417 Y105.3155 Z30.8236 E0.21177 F1700
G1 X149.5498 Y106.1506 Z30.7601 E0.21147 F1700
G1 X149.8359 Y106.9934 Z30.7142 E0.21121 F1700
G1 X150.0999 Y107.8435 Z30.6869 E0.21103 F1700
G1 X150.3415 Y108.7002 Z30.6792 E0.21094 F1700
G1 X150.5606 Y109.5629 Z30.6911 E0.21095 F1700
G1 X150.7570 Y110.4310 Z30.7225 E0.21106 F1700
G1 X150.9307 Y111.3040 Z30.7726 E0.21127 F1700
G1 X151.0814 Y112.1812 Z30.8403 E0.21154 F1700
G1 X151.2091 Y113.0621 Z30.9239 E0.21186 F1700
G1 X151.3137 Y113.9460 Z31.0214 E0.21220 F1700
G1 X151.3952 Y114.8324 Z31.1306 E0.21251 F1700
G1 X151.4534 Y115.7206 Z31.2486 E0.21278 F1700
G1 X151.4883 Y116.6100 Z31.3728 E0.21297 F1700
G1 X151.5000 Y117.5000 Z31.5000 E0.21308 F1700
G1 X151.4883 Y118.3900 Z31.6272 E0.21308 F1700
G1 X151.4534 Y119.2794 Z31.7514 E0.21297 F1700
G1 X151.3952 Y120.1676 Z31.8694 E0.21278 F1700
G1 X151.3137 Y121.0540 Z31.9786 E0.21251 F1700
G1 X151.2091 Y121.9379 Z32.0761 E0.21220 F1700
G1 X151.0814 Y122.8188 Z32.1597 E0.21186 F1700
G1 X150.9307 Y123.6960 Z32.2274 E0.21154 F1700
G1 X150.7570 Y124.5690 Z32.2775 E0.21127 F1700
G1 X150.5606 Y125.4371 Z32.3089 E0.21106 F1700
G1 X150.3415 Y126.2998 Z32.3208 E0.21095 F1700
G1 X150.0999 Y127.1565 Z32.3131 E0.21094 F1700
G1 X149.8359 Y128.0066 Z32.2858 E0.21103 F1700
G1 X149.5498 Y128.8494 Z32.2399 E0.21121 F1700
G1 X149.2417 Y129.6845 Z32.1764 E0.21147 F1700
G1 X148.9119 Y130.5112 Z32.0969 E0.21177 F1700
G1 X148.5605 Y131.3290 Z32.0036 E0.21209 F1700
G1 X148.1879 Y132.1374 Z31.8986 E0.21239 F1700
G1 X147.7942 Y132.9357 Z31.7847 E0.21265 F1700
G1 X147.3798 Y133.7234 Z31.6647 E0.21284 F1700
G1 X146.9449 Y134.5000 Z31.5417 E0.21294 F1700
G1 X146.4898 Y135.2650 Z31.4186 E0.21294 F1700
G1 X146.0148 Y136.0177 Z31.2986 E0.21284 F1700
G1 X145.5203 Y136.7578 Z31.1847 E0.21265 F1700
G1 X145.0066 Y137.4847 Z31.0798 E0.21239 F1700
G1 X144.4740 Y138.1979 Z30.9864 E0.21209 F1700
G1 X143.9230 Y138.8969 Z30.9070 E0.21177 F1700
G1 X143.3538 Y139.5812 Z30.8434 E0.21147 F1700
G1 X142.7669 Y140.2504 Z30.7975 E0.21121 F1700
G1 X142.1627 Y140.9041 Z30.7703 E0.21103 F1700
G1 X141.5416 Y141.5416 Z30.7625 E0.21094 F1700
G1 X140.9041 Y142.1627 Z30.7744 E0.21095 F1700
G1 X140.2504 Y142.7669 Z30.8058 E0.21106 F1700
G1 X139.5812 Y143.3538 Z30.8559 E0.21127 F1700
G1 X138.8969 Y143.9230 Z30.9236 E0.21154 F1700
G1 X138.1979 Y144.4740 Z31.0072 E0.21186 F1700
G1 X137.4847 Y145.0066 Z31.1048 E0.21220 F1700
G1 X136.7578 Y145.5203 Z31.2139 E0.21251 F1700
G1 X136.0177 Y146.0148 Z31.3320 E0.21278 F1700
G1 X135.2650 Y146.4898 Z31.4561 E0.21297 F1700
G1 X134.5000 Y146.9449 Z31.5833 E0.21308 F1700
G1 X133.7234 Y147.3798 Z31.7106 E0.21308 F1700
G1 X132.9357 Y147.7942 Z31.8347 E0.21297 F1700
G1 X132.1374 Y148.1879 Z31.9528 E0.21278 F1700
G1 X131.3290 Y148.5605 Z32.0619 E0.21251 F1700
G1 X130.5112 Y148.9119 Z32.1594 E0.21220 F1700
G1 X129.6845 Y149.2417 Z32.2430 E0.21186 F1700
G1 X128.8494 Y149.5498 Z32.3107 E0.21154 F1700
G1 X128.0066 Y149.8359 Z32.3608 E0.21127 F1700
G1 X127.1565 Y150.0999 Z32.3922 E0.21106 F1700
G1 X126.2998 Y150.3415 Z32.4042 E0.21095 F1700
G1 X125.4371 Y150.5606 Z32.3964 E0.21094 F1700
G1 X124.5690 Y150.7570 Z32.3692 E0.21103 F1700
G1 X123.6960 Y150.9307 Z32.3232 E0.21121 F1700
G1 X122.8188 Y151.0814 Z32.2597 E0.21147 F1700
G1 X121.9379 Y151.2091 Z32.1803 E0.21177 F1700
G1 X121.0540 Y151.3137 Z32.0869 E0.21209 F1700
G1 X120.1676 Y151.3952 Z31.9819 E0.21239 F1700
G1 X119.2794 Y151.4534 Z31.8680 E0.21265 F1700
G1 X118.3900 Y151.4883 Z31.7481 E0.21284 F1700
G1 X117.5000 Y151.5000 Z31.6250 E0.21294 F1700
G1 X116.6100 Y151.4883 Z31.5019 E0.21294 F1700
G1 X115.7206 Y151.4534 Z31.3820 E0.21284 F1700
G1 X114.8324 Y151.3952 Z31.2681 E0.21265 F1700
G1 X113.9460 Y151.3137 Z31.1631 E0.21239 F1700
G1 X113.0621 Y151.2091 Z31.0697 E0.21209 F1700
G1 X112.1812 Y151.0814 Z30.9903 E0.21177 F1700
G1 X111.3040 Y150.9307 Z30.9268 E0.21147 F1700
G1 X110.4310 Y150.7570 Z30.8808 E0.21121 F1700
G1 X109.5629 Y150.5606 Z30.8536 E0.21103 F1700
G1 X108.7002 Y150.3415 Z30.8458 E0.21094 F1700
G1 X107.8435 Y150.0999 Z30.8578 E0.21095 F1700
G1 X106.9934 Y149.8359 Z30.8892 E0.21106 F1700
G1 X106.1506 Y149.5498 Z30.9393 E0.21127 F1700
G1 X105.3155 Y149.2417 Z31.0070 E0.21154 F1700
G1 X104.4888 Y148.9119 Z31.0906 E0.21186 F1700
G1 X103.6710 Y148.5605 Z31.1881 E0.21220 F1700
G1 X102.8626 Y148.1879 Z31.2972 E0.21251 F1700
G1 X102.0643 Y147.7942 Z31.4153 E0.21278 F1700
G1 X101.2766 Y147.3798 Z31.5394 E0.21297 F1700
G1 X100.5000 Y146.9449 Z31.6667 E0.21308 F1700
G1 X99.7350 Y146.4898 Z31.7939 E0.21308 F1700
G1 X98.9823 Y146.0148 Z31.9180 E0.21297 F1700
G1 X98.2422 Y145.5203 Z32.0361 E0.21278 F1700
G1 X97.5153 Y145.0066 Z32.1452 E0.21251 F1700
G1 X96.8021 Y144.4740 Z32.2428 E0.21220 F1700
G1 X96.1031 Y143.9230 Z32.3264 E0.21186 F1700
G1 X95.4188 Y143.3538 Z32.3941 E0.21154 F1700
G1 X94.7496 Y142.7669 Z32.4442 E0.21127 F1700
G1 X94.0959 Y142.1627 Z32.4756 E0.21106 F1700
G1 X93.4584 Y141.5416 Z32.4875 E0.21095 F1700
G1 X92.8373 Y140.9041 Z32.4797 E0.21094 F1700
G1 X92.2331 Y140.2504 Z32.4525 E0.21103 F1700
G1 X91.6462 Y139.5812 Z32.4066 E0.21121 F1700
G1 X91.0770 Y138.8969 Z32.3430 E0.21147 F1700
G1 X90.5260 Y138.1979 Z32.2636 E0.21177 F1700
G1 X89.9934 Y137.4847 Z32.1702 E0.21209 F1700
G1 X89.4797 Y136.7578 Z32.0653 E0.21239 F1700
G1 X88.9852 Y136.0177 Z31.9514 E0.21265 F1700
G1 X88.5102 Y135.2650 Z31.8314 E0.21284 F1700
G1 X88.0551 Y134.5000 Z31.7083 E0.21294 F1700
G1 X87.6202 Y133.7234 Z31.5853 E0.21294 F1700
G1 X87.2058 Y132.9357 Z31.4653 E0.21284 F1700
G1 X86.8121 Y132.1374 Z31.3514 E0.21265 F1700
G1 X86.4395 Y131.3290 Z31.2464 E0.21239 F1700
G1 X86.0881 Y130.5112 Z31.1531 E0.21209 F1700
G1 X85.7583 Y129.6845 Z31.0736 E0.21177 F1700
G1 X85.4502 Y128.8494 Z31.0101 E0.21147 F1700
G1 X85.1641 Y128.0066 Z30.9642 E0.21121 F1700
G1 X84.9001 Y127.1565 Z30.9369 E0.21103 F1700
G1 X84.6585 Y126.2998 Z30.9292 E0.21094 F1700
G1 X84.4394 Y125.4371 Z30.9411 E0.21095 F1700
G1 X84.2430 Y124.5690 Z30.9725 E0.21106 F1700
G1 X84.0693 Y123.6960 Z31.0226 E0.21127 F1700
G1 X83.9186 Y122.8188 Z31.0903 E0.21154 F1700
G1 X83.7909 Y121.9379 Z31.1739 E0.21186 F1700
G1 X83.6863 Y121.0540 Z31.2714 E0.21220 F1700
G1 X83.6048 Y120.1676 Z31.3806 E0.21251 F1700
G1 X83.5466 Y119.2794 Z31.4986 E0.21278 F1700
G1 X83.5117 Y118.3900 Z31.6228 E0.21297 F1700
G1 X83.5000 Y117.5000 Z31.7500 E0.21308 F1700
G1 X83.5117 Y116.6100 Z31.8772 E0.21308 F1700
G1 X83.5466 Y115.7206 Z32.0014 E0.21297 F1700
G1 X83.6048 Y114.8324 Z32.1194 E0.21278 F1700
G1 X83.6863 Y113.9460 Z32.2286 E0.21251 F1700
G1 X83.7909 Y113.0621 Z32.3261 E0.21220 F1700
G1 X83.9186 Y112.1812 Z32.4097 E0.21186 F1700
G1 X84.0693 Y111.3040 Z32.4774 E0.21154 F1700
G1 X84.2430 Y110.4310 Z32.5275 E0.21127 F1700
G1 X84.4394 Y109.5629 Z32.5589 E0.21106 F1700
G1 X84.6585 Y108.7002 Z32.5708 E0.21095 F1700
G1 X84.9001 Y107.8435 Z32.5631 E0.21094 F1700
G1 X85.1641 Y106.9934 Z32.5358 E0.21103 F1700
G1 X85.4502 Y106.1506 Z32.4899 E0.21121 F1700
G1 X85.7583 Y105.3155 Z32.4264 E0.21147 F1700
G1 X86.0881 Y104.4888 Z32.3469 E0.21177 F1700
G1 X86.4395 Y103.6710 Z32.2536 E0.21209 F1700
G1 X86.8121 Y102.8626 Z32.1486 E0.21239 F1700
G1 X87.2058 Y102.0643 Z32.0347 E0.21265 F1700
G1 X87.6202 Y101.2766 Z31.9147 E0.21284 F1700
G1 X88.0551 Y100.5000 Z31.7917 E0.21294 F1700
G1 X88.5102 Y99.7350 Z31.6686 E0.21294 F1700
G1 X88.9852 Y98.9823 Z31.5486 E0.21284 F1700
G1 X89.4797 Y98.2422 Z31.4347 E0.21265 F1700
G1 X89.9934 Y97.5153 Z31.3298 E0.21239 F1700
G1 X90.5260 Y96.8021 Z31.2364 E0.21209 F1700
G1 X91.0770 Y96.1031 Z31.1570 E0.21177 F1700
G1 X91.6462 Y95.4188 Z31.0934 E0.21147 F1700
G1 X92.2331 Y94.7496 Z31.0475 E0.21121 F1700
G1 X92.8373 Y94.0959 Z31.0203 E0.21103 F1700
G1 X93.4584 Y93.4584 Z31.0125 E0.21094 F1700
G1 X94.0959 Y92.8373 Z31.0244 E0.21095 F1700
G1 X94.7496 Y92.2331 Z31.0558 E0.21106 F1700
G1 X95.4188 Y91.6462 Z31.1059 E0.21127 F1700
G1 X96.1031 Y91.0770 Z31.1736 E0.21154 F1700
G1 X96.8021 Y90.5260 Z31.2572 E0.21186 F1700
G1 X97.5153 Y89.9934 Z31.3548 E0.21220 F1700
G1 X98.2422 Y89.4797 Z31.4639 E0.21251 F1700
G1 X98.9823 Y88.9852 Z31.5820 E0.21278 F1700
G1 X99.7350 Y88.5102 Z31.7061 E0.21297 F1700
G1 X100.5000 Y88.0551 Z31.8333 E0.21308 F1700
G1 X101.2766 Y87.6202 Z31.9606 E0.21308 F1700
G1 X102.0643 Y87.2058 Z32.0847 E0.21297 F1700
G1 X102.8626 Y86.8121 Z32.2028 E0.21278 F1700
G1 X103.6710 Y86.4395 Z32.3119 E0.21251 F1700
G1 X104.4888 Y86.0881 Z32.4094 E0.21220 F1700
G1 X105.3155 Y85.7583 Z32.4930 E0.21186 F1700
G1 X106.1506 Y85.4502 Z32.5607 E0.21154 F1700
G1 X106.9934 Y85.1641 Z32.6108 E0.21127 F1700
G1 X107.8435 Y84.9001 Z32.6422 E0.21106 F1700
G1 X108.7002 Y84.6585 Z32.6542 E0.21095 F1700
G1 X109.5629 Y84.4394 Z32.6464 E0.21094 F1700
G1 X110.4310 Y84.2430 Z32.6192 E0.21103 F1700
G1 X111.3040 Y84.0693 Z32.5732 E0.21121 F1700
G1 X112.1812 Y83.9186 Z32.5097 E0.21147 F1700
G1 X113.0621 Y83.7909 Z32.4303 E0.21177 F1700
G1 X113.9460 Y83.6863 Z32.3369 E0.21209 F1700
G1 X114.8324 Y83.6048 Z32.2319 E0.21239 F1700
G1 X115.7206 Y83.5466 Z32.1180 E0.21265 F1700
G1 X116.6100 Y83.5117 Z31.9981 E0.21284 F1700
G1 X117.5000 Y83.5000 Z31.8750 E0.21294 F1700
G1 X118.3900 Y83.5117 Z31.7519 E0.21294 F1700
G1 X119.2794 Y83.5466 Z31.6320 E0.21284 F1700
G1 X120.1676 Y83.6048 Z31.5181 E0.21265 F1700
G1 X121.0540 Y83.6863 Z31.4131 E0.21239 F1700
G1 X121.9379 Y83.7909 Z31.3197 E0.21209 F1700
G1 X122.8188 Y83.9186 Z31.2403 E0.21177 F1700
G1 X123.6960 Y84.0693 Z31.1768 E0.21147 F1700
G1 X124.5690 Y84.2430 Z31.1308 E0.21121 F1700
G1 X125.4371 Y84.4394 Z31.1036 E0.21103 F1700
G1 X126.2998 Y84.6585 Z31.0958 E0.21094 F1700
G1 X127.1565 Y84.9001 Z31.1078 E0.21095 F1700
G1 X128.0066 Y85.1641 Z31.1392 E0.21106 F1700
G1 X128.8494 Y85.4502 Z31.1893 E0.21127 F1700
G1 X129.6845 Y85.7583 Z31.2570 E0.21154 F1700
G1 X130.5112 Y86.0881 Z31.3406 E0.21186 F1700
G1 X131.3290 Y86.4395 Z31.4381 E0.21220 F1700
G1 X132.1374 Y86.8121 Z31.5472 E0.21251 F1700
G1 X132.9357 Y87.2058 Z31.6653 E0.21278 F1700
G1 X133.7234 Y87.6202 Z31.7894 E0.21297 F1700
G1 X134.5000 Y88.0551 Z31.9167 E0.21308 F1700
G1 X135.2650 Y88.5102 Z32.0439 E0.21308 F1700
G1 X136.0177 Y88.9852 Z32.1680 E0.21297 F1700
G1 X136.7578 Y89.4797 Z32.2861 E0.21278 F1700
G1 X137.4847 Y89.9934 Z32.3952 E0.21251 F1700
G1 X138.1979 Y90.5260 Z32.4928 E0.21220 F1700
G1 X138.8969 Y91.0770 Z32.5764 E0.21186 F1700
G1 X139.5812 Y91.6462 Z32.6441 E0.21154 F1700
G1 X140.2504 Y92.2331 Z32.6942 E0.21127 F1700
G1 X140.9041 Y92.8373 Z32.7256 E0.21106 F1700
G1 X141.5416 Y93.4584 Z32.7375 E0.21095 F1700
G1 X142.1627 Y94.0959 Z32.7297 E0.21094 F1700
G1 X142.7669 Y94.7496 Z32.7025 E0.21103 F1700
G1 X143.3538 Y95.4188 Z32.6566 E0.21121 F1700
G1 X143.9230 Y96.1031 Z32.5930 E0.21147 F1700
G1 X144.4740 Y96.8021 Z32.5136 E0.21177 F1700
G1 X145.0066 Y97.5153 Z32.4202 E0.21209 F1700
G1 X145.5203 Y98.2422 Z32.3153 E0.21239 F1700
G1 X146.0148 Y98.9823 Z32.2014 E0.21265 F1700
G1 X146.4898 Y99.7350 Z32.0814 E0.21284 F1700
G1 X146.9449 Y100.5000 Z31.9583 E0.21294 F1700
G1 X147.3798 Y101.2766 Z31.8353 E0.21294 F1700
G1 X147.7942 Y102.0643 Z31.7153 E0.21284 F1700
G1 X148.1879 Y102.8626 Z31.6014 E0.21265 F1700
G1 X148.5605 Y103.6710 Z31.4964 E0.21239 F1700
G1 X148.9119 Y104.4888 Z31.4031 E0.21209 F1700
G1 X149.2417 Y105.3155 Z31.3236 E0.21177 F1700
G1 X149.5498 Y106.1506 Z31.2601 E0.21147 F1700
G1 X149.8359 Y106.9934 Z31.2142 E0.21121 F1700
G1 X150.0999 Y107.8435 Z31.1869 E0.21103 F1700
G1 X150.3415 Y108.7002 Z31.1792 E0.21094 F1700
G1 X150.5606 Y109.5629 Z31.1911 E0.21095 F1700
G1 X150.7570 Y110.4310 Z31.2225 E0.21106 F1700
G1 X150.9307 Y111.3040 Z31.2726 E0.21127 F1700
G1 X151.0814 Y112.1812 Z31.3403 E0.21154 F1700
G1 X151.2091 Y113.0621 Z31.4239 E0.21186 F1700
G1 X151.3137 Y113.9460 Z31.5214 E0.21220 F1700
G1 X151.3952 Y114.8324 Z31.6306 E0.21251 F1700
G1 X151.4534 Y115.7206 Z31.7486 E0.21278 F1700
G1 X151.4883 Y116.6100 Z31.8728 E0.21297 F1700
G1 X151.5000 Y117.5000 Z32.0000 E0.21308 F1700
G1 X151.4883 Y118.3900 Z32.1272 E0.21308 F1700
G1 X151.4534 Y119.2794 Z32.2514 E0.21297 F1700
G1 X151.3952 Y120.1676 Z32.3694 E0.21278 F1700
G1 X151.3137 Y121.0540 Z32.4786 E0.21251 F1700
G1 X151.2091 Y121.9379 Z32.5761 E0.21220 F1700
G1 X151.0814 Y122.8188 Z32.6597 E0.21186 F1700
G1 X150.9307 Y123.6960 Z32.7274 E0.21154 F1700
G1 X150.7570 Y124.5690 Z32.7775 E0.21127 F1700
G1 X150.5606 Y125.4371 Z32.8089 E0.21106 F1700
G1 X150.3415 Y126.2998 Z32.8208 E0.21095 F1700
G1 X150.0999 Y127.1565 Z32.8131 E0.21094 F1700
G1 X149.8359 Y128.0066 Z32.7858 E0.21103 F1700
G1 X149.5498 Y128.8494 Z32.7399 E0.21121 F1700
G1 X149.2417 Y129.6845 Z32.6764 E0.21147 F1700
G1 X148.9119 Y130.5112 Z32.5969 E0.21177 F1700
G1 X148.5605 Y131.3290 Z32.5036 E0.21209 F1700
G1 X148.1879 Y132.1374 Z32.3986 E0.21239 F1700
G1 X147.7942 Y132.9357 Z32.2847 E0.21265 F1700
G1 X147.3798 Y133.7234 Z32.1647 E0.21284 F1700
G1 X146.9449 Y134.5000 Z32.0417 E0.21294 F1700
G1 X146.4898 Y135.2650 Z31.9186 E0.21294 F1700
G1 X146.0148 Y136.0177 Z31.7986 E0.21284 F1700
G1 X145.5203 Y136.7578 Z31.6847 E0.21265 F1700
G1 X145.0066 Y137.4847 Z31.5798 E0.21239 F1700
G1 X144.4740 Y138.1979 Z31.4864 E0.21209 F1700
G1 X143.9230 Y138.8969 Z31.4070 E0.21177 F1700
G1 X143.3538 Y139.5812 Z31.3434 E0.21147 F1700
G1 X142.7669 Y140.2504 Z31.2975 E0.21121 F1700
G1 X142.1627 Y140.9041 Z31.2703 E0.21103 F1700
G1 X141.5416 Y141.5416 Z31.2625 E0.21094 F1700
G1 X140.9041 Y142.1627 Z31.2744 E0.21095 F1700
G1 X140.2504 Y142.7669 Z31.3058 E0.21106 F1700
G1 X139.5812 Y143.3538 Z31.3559 E0.21127 F1700
G1 X138.8969 Y143.9230 Z31.4236 E0.21154 F1700
G1 X138.1979 Y144.4740 Z31.5072 E0.21186 F1700
G1 X137.4847 Y145.0066 Z31.6048 E0.21220 F1700
G1 X136.7578 Y145.5203 Z31.7139 E0.21251 F1700
G1 X136.0177 Y146.0148 Z31.8320 E0.21278 F1700
G1 X135.2650 Y146.4898 Z31.9561 E0.21297 F1700
G1 X134.5000 Y146.9449 Z32.0833 E0.21308 F1700
G1 X133.7234 Y147.3798 Z32.2106 E0.21308 F1700
G1 X132.9357 Y147.7942 Z32.3347 E0.21297 F1700
G1 X132.1374 Y148.1879 Z32.4528 E0.21278 F1700
G1 X131.3290 Y148.5605 Z32.5619 E0.21251 F1700
G1 X130.5112 Y148.9119 Z32.6594 E0.21220 F1700
G1 X129.6845 Y149.2417 Z32.7430 E0.21186 F1700
G1 X128.8494 Y149.5498 Z32.8107 E0.21154 F1700
G1 X128.0066 Y149.8359 Z32.8608 E0.21127 F1700
G1 X127.1565 Y150.0999 Z32.8922 E0.21106 F1700
G1 X126.2998 Y150.3415 Z32.9042 E0.21095 F1700
G1 X125.4371 Y150.5606 Z32.8964 E0.21094 F1700
G1 X124.5690 Y150.7570 Z32.8692 E0.21103 F1700
G1 X123.6960 Y150.9307 Z32.8232 E0.21121 F1700
G1 X122.8188 Y151.0814 Z32.7597 E0.21147 F1700
G1 X121.9379 Y151.2091 Z32.6803 E0.21177 F1700
G1 X121.0540 Y151.3137 Z32.5869 E0.21209 F1700
G1 X120.1676 Y151.3952 Z32.4819 E0.21239 F1700
G1 X119.2794 Y151.4534 Z32.3680 E0.21265 F1700
G1 X118.3900 Y151.4883 Z32.2481 E0.21284 F1700
G1 X117.5000 Y151.5000 Z32.1250 E0.21294 F1700
G1 X116.6100 Y151.4883 Z32.0019 E0.21294 F1700
G1 X115.7206 Y151.4534 Z31.8820 E0.21284 F1700
G1 X114.8324 Y151.3952 Z31.7681 E0.21265 F1700
G1 X113.9460 Y151.3137 Z31.6631 E0.21239 F1700
G1 X113.0621 Y151.2091 Z31.5697 E0.21209 F1700
G1 X112.1812 Y151.0814 Z31.4903 E0.21177 F1700
G1 X111.3040 Y150.9307 Z31.4268 E0.21147 F1700
G1 X110.4310 Y150.7570 Z31.3808 E0.21121 F1700
G1 X109.5629 Y150.5606 Z31.3536 E0.21103 F1700
G1 X108.7002 Y150.3415 Z31.3458 E0.21094 F1700
G1 X107.8435 Y150.0999 Z31.3578 E0.21095 F1700
G1 X106.9934 Y149.8359 Z31.3892 E0.21106 F1700
G1 X106.1506 Y149.5498 Z31.4393 E0.21127 F1700
G1 X105.3155 Y149.2417 Z31.5070 E0.21154 F1700
G1 X104.4888 Y148.9119 Z31.5906 E0.21186 F1700
G1 X103.6710 Y148.5605 Z31.6881 E0.21220 F1700
G1 X102.8626 Y148.1879 Z31.7972 E0.21251 F1700
G1 X102.0643 Y147.7942 Z31.9153 E0.21278 F1700
G1 X101.2766 Y147.3798 Z32.0394 E0.21297 F1700
G1 X100.5000 Y146.9449 Z32.1667 E0.21308 F1700
G1 X99.7350 Y146.4898 Z32.2939 E0.21308 F1700
G1 X98.9823 Y146.0148 Z32.4180 E0.21297 F1700
G1 X98.2422 Y145.5203 Z32.5361 E0.21278 F1700
G1 X97.5153 Y145.0066 Z32.6452 E0.21251 F1700
G1 X96.8021 Y144.4740 Z32.7428 E0.21220 F1700
G1 X96.1031 Y143.9230 Z32.8264 E0.21186 F1700
G1 X95.4188 Y143.3538 Z32.8941 E0.21154 F1700
G1 X94.7496 Y142.7669 Z32.9442 E0.21127 F1700
G1 X94.0959 Y142.1627 Z32.9756 E0.21106 F1700
G1 X93.4584 Y141.5416 Z32.9875 E0.21095 F1700
G1 X92.8373 Y140.9041 Z32.9797 E0.21094 F1700
G1 X92.2331 Y140.2504 Z32.9525 E0.21103 F1700
G1 X91.6462 Y139.5812 Z32.9066 E0.21121 F1700
G1 X91.0770 Y138.8969 Z32.8430 E0.21147 F1700
G1 X90.5260 Y138.1979 Z32.7636 E0.21177 F1700
G1 X89.9934 Y137.4847 Z32.6702 E0.21209 F1700
G1 X89.4797 Y136.7578 Z32.5653 E0.21239 F1700
G1 X88.9852 Y136.0177 Z32.4514 E0.21265 F1700
G1 X88.5102 Y135.2650 Z32.3314 E0.21284 F1700
G1 X88.0551 Y134.5000 Z32.2083 E0.21294 F1700
G1 X87.6202 Y133.7234 Z32.0853 E0.21294 F1700
G1 X87.2058 Y132.9357 Z31.9653 E0.21284 F1700
G1 X86.8121 Y132.1374 Z31.8514 E0.21265 F1700
G1 X86.4395 Y131.3290 Z31.7464 E0.21239 F1700
G1 X86.0881 Y130.5112 Z31.6531 E0.21209 F1700
G1 X85.7583 Y129.6845 Z31.5736 E0.21177 F1700
G1 X85.4502 Y128.8494 Z31.5101 E0.21147 F1700
G1 X85.1641 Y128.0066 Z31.4642 E0.21121 F1700
G1 X84.9001 Y127.1565 Z31.4369 E0.21103 F1700
G1 X84.6585 Y126.2998 Z31.4292 E0.21094 F1700
G1 X84.4394 Y125.4371 Z31.4411 E0.21095 F1700
G1 X84.2430 Y124.5690 Z31.4725 E0.21106 F1700
G1 X84.0693 Y123.6960 Z31.5226 E0.21127 F1700
G1 X83.9186 Y122.8188 Z31.5903 E0.21154 F1700
G1 X83.7909 Y121.9379 Z31.6739 E0.21186 F1700
G1 X83.6863 Y121.0540 Z31.7714 E0.21220 F1700
G1 X83.6048 Y120.1676 Z31.8806 E0.21251 F1700
G1 X83.5466 Y119.2794 Z31.9986 E0.21278 F1700
G1 X83.5117 Y118.3900 Z32.1228 E0.21297 F1700
G1 X83.5000 Y117.5000 Z32.2500 E0.21308 F1700
G1 X83.5117 Y116.6100 Z32.3772 E0.21308 F1700
G1 X83.5466 Y115.7206 Z32.5014 E0.21297 F1700
G1 X83.6048 Y114.8324 Z32.6194 E0.21278 F1700
G1 X83.6863 Y113.9460 Z32.7286 E0.21251 F1700
G1 X83.7909 Y113.0621 Z32.8261 E0.21220 F1700
G1 X83.9186 Y112.1812 Z32.9097 E0.21186 F1700
G1 X84.0693 Y111.3040 Z32.9774 E0.21154 F1700
G1 X84.2430 Y110.4310 Z33.0275 E0.21127 F1700
G1 X84.4394 Y109.5629 Z33.0589 E0.21106 F1700
G1 X84.6585 Y108.7002 Z33.0708 E0.21095 F1700
G1 X84.9001 Y107.8435 Z33.0631 E0.21094 F1700
G1 X85.1641 Y106.9934 Z33.0358 E0.21103 F1700
G1 X85.4502 Y106.1506 Z32.9899 E0.21121 F1700
G1 X85.7583 Y105.3155 Z32.9264 E0.21147 F1700
G1 X86.0881 Y104.4888 Z32.8469 E0.21177 F1700
G1 X86.4395 Y103.6710 Z32.7536 E0.21209 F1700
G1 X86.8121 Y102.8626 Z32.6486 E0.21239 F1700
G1 X87.2058 Y102.0643 Z32.5347 E0.21265 F1700
G1 X87.6202 Y101.2766 Z32.4147 E0.21284 F1700
G1 X88.0551 Y100.5000 Z32.2917 E0.21294 F1700
G1 X88.5102 Y99.7350 Z32.1686 E0.21294 F1700
G1 X88.9852 Y98.9823 Z32.0486 E0.21284 F1700
G1 X89.4797 Y98.2422 Z31.9347 E0.21265 F1700
G1 X89.9934 Y97.5153 Z31.8298 E0.21239 F1700
G1 X90.5260 Y96.8021 Z31.7364 E0.21209 F1700
G1 X91.0770 Y96.1031 Z31.6570 E0.21177 F1700
G1 X91.6462 Y95.4188 Z31.5934 E0.21147 F1700
G1 X92.2331 Y94.7496 Z31.5475 E0.21121 F1700
G1 X92.8373 Y94.0959 Z31.5203 E0.21103 F1700
G1 X93.4584 Y93.4584 Z31.5125 E0.21094 F1700
G1 X94.0959 Y92.8373 Z31.5244 E0.21095 F1700
G1 X94.7496 Y92.2331 Z31.5558 E0.21106 F1700
G1 X95.4188 Y91.6462 Z31.6059 E0.21127 F1700
G1 X96.1031 Y91.0770 Z31.6736 E0.21154 F1700
G1 X96.8021 Y90.5260 Z31.7572 E0.21186 F1700
G1 X97.5153 Y89.9934 Z31.8548 E0.21220 F1700
G1 X98.2422 Y89.4797 Z31.9639 E0.21251 F1700
G1 X98.9823 Y88.9852 Z32.0820 E0.21278 F1700
G1 X99.7350 Y88.5102 Z32.2061 E0.21297 F1700
G1 X100.5000 Y88.0551 Z32.3333 E0.21308 F1700
G1 X101.2766 Y87.6202 Z32.4606 E0.21308 F1700
G1 X102.0643 Y87.2058 Z32.5847 E0.21297 F1700
G1 X102.8626 Y86.8121 Z32.7028 E0.21278 F1700
G1 X103.6710 Y86.4395 Z32.8119 E0.21251 F1700
G1 X104.4888 Y86.0881 Z32.9094 E0.21220 F1700
G1 X105.3155 Y85.7583 Z32.9930 E0.21186 F1700
G1 X106.1506 Y85.4502 Z33.0607 E0.21154 F1700
G1 X106.9934 Y85.1641 Z33.1108 E0.21127 F1700
G1 X107.8435 Y84.9001 Z33.1422 E0.21106 F1700
G1 X108.7002 Y84.6585 Z33.1542 E0.21095 F1700
G1 X109.5629 Y84.4394 Z33.1464 E0.21094 F1700
G1 X110.4310 Y84.2430 Z33.1192 E0.21103 F1700
G1 X111.3040 Y84.0693 Z33.0732 E0.21121 F1700
G1 X112.1812 Y83.9186 Z33.0097 E0.21147 F1700
G1 X113.0621 Y83.7909 Z32.9303 E0.21177 F1700
G1 X113.9460 Y83.6863 Z32.8369 E0.21209 F1700
G1 X114.8324 Y83.6048 Z32.7319 E0.21239 F1700
G1 X115.7206 Y83.5466 Z32.6180 E0.21265 F1700
G1 X116.6100 Y83.5117 Z32.4981 E0.21284 F1700
G1 X117.5000 Y83.5000 Z32.3750 E0.21294 F1700
G1 X118.3900 Y83.5117 Z32.2519 E0.21294 F1700
G1 X119.2794 Y83.5466 Z32.1320 E0.21284 F1700
G1 X120.1676 Y83.6048 Z32.0181 E0.21265 F1700
G1 X121.0540 Y83.6863 Z31.9131 E0.21239 F1700
G1 X121.9379 Y83.7909 Z31.8197 E0.21209 F1700
G1 X122.8188 Y83.9186 Z31.7403 E0.21177 F1700
G1 X123.6960 Y84.0693 Z31.6768 E0.21147 F1700
G1 X124.5690 Y84.2430 Z31.6308 E0.21121 F1700
G1 X125.4371 Y84.4394 Z31.6036 E0.21103 F1700
G1 X126.2998 Y84.6585 Z31.5958 E0.21094 F1700
G1 X127.1565 Y84.9001 Z31.6078 E0.21095 F1700
G1 X128.0066 Y85.1641 Z31.6392 E0.21106 F1700
G1 X128.8494 Y85.4502 Z31.6893 E0.21127 F1700
G1 X129.6845 Y85.7583 Z31.7570 E0.21154 F1700
G1 X130.5112 Y86.0881 Z31.8406 E0.21186 F1700
G1 X131.3290 Y86.4395 Z31.9381 E0.21220 F1700
G1 X132.1374 Y86.8121 Z32.0472 E0.21251 F1700
G1 X132.9357 Y87.2058 Z32.1653 E0.21278 F1700
G1 X133.7234 Y87.6202 Z32.2894 E0.21297 F1700
G1 X134.5000 Y88.0551 Z32.4167 E0.21308 F1700
G1 X135.2650 Y88.5102 Z32.5439 E0.21308 F1700
G1 X136.0177 Y88.9852 Z32.6680 E0.21297 F1700
G1 X136.7578 Y89.4797 Z32.7861 E0.21278 F1700
G1 X137.4847 Y89.9934 Z32.8952 E0.21251 F1700
G1 X138.1979 Y90.5260 Z32.9928 E0.21220 F1700
G1 X138.8969 Y91.0770 Z33.0764 E0.21186 F1700
G1 X139.5812 Y91.6462 Z33.1441 E0.21154 F1700
G1 X140.2504 Y92.2331 Z33.1942 E0.21127 F1700
G1 X140.9041 Y92.8373 Z33.2256 E0.21106 F1700
G1 X141.5416 Y93.4584 Z33.2375 E0.21095 F1700
G1 X142.1627 Y94.0959 Z33.2297 E0.21094 F1700
G1 X142.7669 Y94.7496 Z33.2025 E0.21103 F1700
G1 X143.3538 Y95.4188 Z33.1566 E0.21121 F1700
G1 X143.9230 Y96.1031 Z33.0930 E0.21147 F1700
G1 X144.4740 Y96.8021 Z33.0136 E0.21177 F1700
G1 X145.0066 Y97.5153 Z32.9202 E0.21209 F1700
G1 X145.5203 Y98.2422 Z32.8153 E0.21239 F1700
G1 X146.0148 Y98.9823 Z32.7014 E0.21265 F1700
G1 X146.4898 Y99.7350 Z32.5814 E0.21284 F1700
G1 X146.9449 Y100.5000 Z32.4583 E0.21294 F1700
G1 X147.3798 Y101.2766 Z32.3353 E0.21294 F1700
G1 X147.7942 Y102.0643 Z32.2153 E0.21284 F1700
G1 X148.1879 Y102.8626 Z32.1014 E0.21265 F1700
G1 X148.5605 Y103.6710 Z31.9964 E0.21239 F1700
G1 X148.9119 Y104.4888 Z31.9031 E0.21209 F1700
G1 X149.2417 Y105.3155 Z31.8236 E0.21177 F1700
G1 X149.5498 Y106.1506 Z31.7601 E0.21147 F1700
G1 X149.8359 Y106.9934 Z31.7142 E0.21121 F1700
G1 X150.0999 Y107.8435 Z31.6869 E0.21103 F1700
G1 X150.3415 Y108.7002 Z31.6792 E0.21094 F1700
G1 X150.5606 Y109.5629 Z31.6911 E0.21095 F1700
G1 X150.7570 Y110.4310 Z31.7225 E0.21106 F1700
G1 X150.9307 Y111.3040 Z31.7726 E0.21127 F1700
G1 X151.0814 Y112.1812 Z31.8403 E0.21154 F1700
G1 X151.2091 Y113.0621 Z31.9239 E0.21186 F1700
G1 X151.3137 Y113.9460 Z32.0214 E0.21220 F1700
G1 X151.3952 Y114.8324 Z32.1306 E0.21251 F1700
G1 X151.4534 Y115.7206 Z32.2486 E0.21278 F1700
G1 X151.4883 Y116.6100 Z32.3728 E0.21297 F1700
G1 X151.5000 Y117.5000 Z32.5000 E0.21308 F1700
G1 X151.4883 Y118.3900 Z32.6272 E0.21308 F1700
G1 X151.4534 Y119.2794 Z32.7514 E0.21297 F1700
G1 X151.3952 Y120.1676 Z32.8694 E0.21278 F1700
G1 X151.3137 Y121.0540 Z32.9786 E0.21251 F1700
G1 X151.2091 Y121.9379 Z33.0761 E0.21220 F1700
G1 X151.0814 Y122.8188 Z33.1597 E0.21186 F1700
G1 X150.9307 Y123.6960 Z33.2274 E0.21154 F1700
G1 X150.7570 Y124.5690 Z33.2775 E0.21127 F1700
G1 X150.5606 Y125.4371 Z33.3089 E0.21106 F1700
G1 X150.3415 Y126.2998 Z33.3208 E0.21095 F1700
G1 X150.0999 Y127.1565 Z33.3131 E0.21094 F1700
G1 X149.8359 Y128.0066 Z33.2858 E0.21103 F1700
G1 X149.5498 Y128.8494 Z33.2399 E0.21121 F1700
G1 X149.2417 Y129.6845 Z33.1764 E0.21147 F1700
G1 X148.9119 Y130.5112 Z33.0969 E0.21177 F1700
G1 X148.5605 Y131.3290 Z33.0036 E0.21209 F1700
G1 X148.1879 Y132.1374 Z32.8986 E0.21239 F1700
G1 X147.7942 Y132.9357 Z32.7847 E0.21265 F1700
G1 X147.3798 Y133.7234 Z32.6647 E0.21284 F1700
G1 X146.9449 Y134.5000 Z32.5417 E0.21294 F1700
G1 X146.4898 Y135.2650 Z32.4186 E0.21294 F1700
G1 X146.0148 Y136.0177 Z32.2986 E0.21284 F1700
G1 X145.5203 Y136.7578 Z32.1847 E0.21265 F1700
G1 X145.0066 Y137.4847 Z32.0798 E0.21239 F1700
G1 X144.4740 Y138.1979 Z31.9864 E0.21209 F1700
G1 X143.9230 Y138.8969 Z31.9070 E0.21177 F1700
G1 X143.3538 Y139.5812 Z31.8434 E0.21147 F1700
G1 X142.7669 Y140.2504 Z31.7975 E0.21121 F1700
G1 X142.1627 Y140.9041 Z31.7703 E0.21103 F1700
G1 X141.5416 Y141.5416 Z31.7625 E0.21094 F1700
G1 X140.9041 Y142.1627 Z31.7744 E0.21095 F1700
G1 X140.2504 Y142.7669 Z31.8058 E0.21106 F1700
G1 X139.5812 Y143.3538 Z31.8559 E0.21127 F1700
G1 X138.8969 Y143.9230 Z31.9236 E0.21154 F1700
G1 X138.1979 Y144.4740 Z32.0072 E0.21186 F1700
G1 X137.4847 Y145.0066 Z32.1048 E0.21220 F1700
G1 X136.7578 Y145.5203 Z32.2139 E0.21251 F1700
G1 X136.0177 Y146.0148 Z32.3320 E0.21278 F1700
G1 X135.2650 Y146.4898 Z32.4561 E0.21297 F1700
G1 X134.5000 Y146.9449 Z32.5833 E0.21308 F1700
G1 X133.7234 Y147.3798 Z32.7106 E0.21308 F1700
G1 X132.9357 Y147.7942 Z32.8347 E0.21297 F1700
G1 X132.1374 Y148.1879 Z32.9528 E0.21278 F1700
G1 X131.3290 Y148.5605 Z33.0619 E0.21251 F1700
G1 X130.5112 Y148.9119 Z33.1594 E0.21220 F1700
G1 X129.6845 Y149.2417 Z33.2430 E0.21186 F1700
G1 X128.8494 Y149.5498 Z33.3107 E0.21154 F1700
G1 X128.0066 Y149.8359 Z33.3608 E0.21127 F1700
G1 X127.1565 Y150.0999 Z33.3922 E0.21106 F1700
G1 X126.2998 Y150.3415 Z33.4042 E0.21095 F1700
G1 X125.4371 Y150.5606 Z33.3964 E0.21094 F1700
G1 X124.5690 Y150.7570 Z33.3692 E0.21103 F1700
G1 X123.6960 Y150.9307 Z33.3232 E0.21121 F1700
G1 X122.8188 Y151.0814 Z33.2597 E0.21147 F1700
G1 X121.9379 Y151.2091 Z33.1803 E0.21177 F1700
G1 X121.0540 Y151.3137 Z33.0869 E0.21209 F1700
G1 X120.1676 Y151.3952 Z32.9819 E0.21239 F1700
G1 X119.2794 Y151.4534 Z32.8680 E0.21265 F1700
G1 X118.3900 Y151.4883 Z32.7481 E0.21284 F1700
G1 X117.5000 Y151.5000 Z32.6250 E0.21294 F1700
G1 X116.6100 Y151.4883 Z32.5019 E0.21294 F1700
G1 X115.7206 Y151.4534 Z32.3820 E0.21284 F1700
G1 X114.8324 Y151.3952 Z32.2681 E0.21265 F1700
G1 X113.9460 Y151.3137 Z32.1631 E0.21239 F1700
G1 X113.0621 Y151.2091 Z32.0697 E0.21209 F1700
G1 X112.1812 Y151.0814 Z31.9903 E0.21177 F1700
G1 X111.3040 Y150.9307 Z31.9268 E0.21147 F1700
G1 X110.4310 Y150.7570 Z31.8808 E0.21121 F1700
G1 X109.5629 Y150.5606 Z31.8536 E0.21103 F1700
G1 X108.7002 Y150.3415 Z31.8458 E0.21094 F1700
G1 X107.8435 Y150.0999 Z31.8578 E0.21095 F1700
G1 X106.9934 Y149.8359 Z31.8892 E0.21106 F1700
G1 X106.1506 Y149.5498 Z31.9393 E0.21127 F1700
G1 X105.3155 Y149.2417 Z32.0070 E0.21154 F1700
G1 X104.4888 Y148.9119 Z32.0906 E0.21186 F1700
G1 X103.6710 Y148.5605 Z32.1881 E0.21220 F1700
G1 X102.8626 Y148.1879 Z32.2972 E0.21251 F1700
G1 X102.0643 Y147.7942 Z32.4153 E0.21278 F1700
G1 X101.2766 Y147.3798 Z32.5394 E0.21297 F1700
G1 X100.5000 Y146.9449 Z32.6667 E0.21308 F1700
G1 X99.7350 Y146.4898 Z32.7939 E0.21308 F1700
G1 X98.9823 Y146.0148 Z32.9180 E0.21297 F1700
G1 X98.2422 Y145.5203 Z33.0361 E0.21278 F1700
G1 X97.5153 Y145.0066 Z33.1452 E0.21251 F1700
G1 X96.8021 Y144.4740 Z33.2428 E0.21220 F1700
G1 X96.1031 Y143.9230 Z33.3264 E0.21186 F1700
G1 X95.4188 Y143.3538 Z33.3941 E0.21154 F1700
G1 X94.7496 Y142.7669 Z33.4442 E0.21127 F1700
G1 X94.0959 Y142.1627 Z33.4756 E0.21106 F1700
G1 X93.4584 Y141.5416 Z33.4875 E0.21095 F1700
G1 X92.8373 Y140.9041 Z33.4797 E0.21094 F1700
G1 X92.2331 Y140.2504 Z33.4525 E0.21103 F1700
G1 X91.6462 Y139.5812 Z33.4066 E0.21121 F1700
G1 X91.0770 Y138.8969 Z33.3430 E0.21147 F1700
G1 X90.5260 Y138.1979 Z33.2636 E0.21177 F1700
G1 X89.9934 Y137.4847 Z33.1702 E0.21209 F1700
G1 X89.4797 Y136.7578 Z33.0653 E0.21239 F1700
G1 X88.9852 Y136.0177 Z32.9514 E0.21265 F1700
G1 X88.5102 Y135.2650 Z32.8314 E0.21284 F1700
G1 X88.0551 Y134.5000 Z32.7083 E0.21294 F1700
G1 X87.6202 Y133.7234 Z32.5853 E0.21294 F1700
G1 X87.2058 Y132.9357 Z32.4653 E0.21284 F1700
G1 X86.8121 Y132.1374 Z32.3514 E0.21265 F1700
G1 X86.4395 Y131.3290 Z32.2464 E0.21239 F1700
G1 X86.0881 Y130.5112 Z32.1531 E0.21209 F1700
G1 X85.7583 Y129.6845 Z32.0736 E0.21177 F1700
G1 X85.4502 Y128.8494 Z32.0101 E0.21147 F1700
G1 X85.1641 Y128.0066 Z31.9642 E0.21121 F1700
G1 X84.9001 Y127.1565 Z31.9369 E0.21103 F1700
G1 X84.6585 Y126.2998 Z31.9292 E0.21094 F1700
G1 X84.4394 Y125.4371 Z31.9411 E0.21095 F1700
G1 X84.2430 Y124.5690 Z31.9725 E0.21106 F1700
G1 X84.0693 Y123.6960 Z32.0226 E0.21127 F1700
G1 X83.9186 Y122.8188 Z32.0903 E0.21154 F1700
G1 X83.7909 Y121.9379 Z32.1739 E0.21186 F1700
G1 X83.6863 Y121.0540 Z32.2714 E0.21220 F1700
G1 X83.6048 Y120.1676 Z32.3806 E0.21251 F1700
G1 X83.5466 Y119.2794 Z32.4986 E0.21278 F1700
G1 X83.5117 Y118.3900 Z32.6228 E0.21297 F1700
G1 X83.5000 Y117.5000 Z32.7500 E0.21308 F1700
G1 X83.5117 Y116.6100 Z32.8772 E0.21308 F1700
G1 X83.5466 Y115.7206 Z33.0014 E0.21297 F1700
G1 X83.6048 Y114.8324 Z33.1194 E0.21278 F1700
G1 X83.6863 Y113.9460 Z33.2286 E0.21251 F1700
G1 X83.7909 Y113.0621 Z33.3261 E0.21220 F1700
G1 X83.9186 Y112.1812 Z33.4097 E0.21186 F1700
G1 X84.0693 Y111.3040 Z33.4774 E0.21154 F1700
G1 X84.2430 Y110.4310 Z33.5275 E0.21127 F1700
G1 X84.4394 Y109.5629 Z33.5589 E0.21106 F1700
G1 X84.6585 Y108.7002 Z33.5708 E0.21095 F1700
G1 X84.9001 Y107.8435 Z33.5631 E0.21094 F1700
G1 X85.1641 Y106.9934 Z33.5358 E0.21103 F1700
G1 X85.4502 Y106.1506 Z33.4899 E0.21121 F1700
G1 X85.7583 Y105.3155 Z33.4264 E0.21147 F1700
G1 X86.0881 Y104.4888 Z33.3469 E0.21177 F1700
G1 X86.4395 Y103.6710 Z33.2536 E0.21209 F1700
G1 X86.8121 Y102.8626 Z33.1486 E0.21239 F1700
G1 X87.2058 Y102.0643 Z33.0347 E0.21265 F1700
G1 X87.6202 Y101.2766 Z32.9147 E0.21284 F1700
G1 X88.0551 Y100.5000 Z32.7917 E0.21294 F1700
G1 X88.5102 Y99.7350 Z32.6686 E0.21294 F1700
G1 X88.9852 Y98.9823 Z32.5486 E0.21284 F1700
G1 X89.4797 Y98.2422 Z32.4347 E0.21265 F1700
G1 X89.9934 Y97.5153 Z32.3298 E0.21239 F1700
G1 X90.5260 Y96.8021 Z32.2364 E0.21209 F1700
G1 X91.0770 Y96.1031 Z32.1570 E0.21177 F1700
G1 X91.6462 Y95.4188 Z32.0934 E0.21147 F1700
G1 X92.2331 Y94.7496 Z32.0475 E0.21121 F1700
G1 X92.8373 Y94.0959 Z32.0203 E0.21103 F1700
G1 X93.4584 Y93.4584 Z32.0125 E0.21094 F1700
G1 X94.0959 Y92.8373 Z32.0244 E0.21095 F1700
G1 X94.7496 Y92.2331 Z32.0558 E0.21106 F1700
G1 X95.4188 Y91.6462 Z32.1059 E0.21127 F1700
G1 X96.1031 Y91.0770 Z32.1736 E0.21154 F1700
G1 X96.8021 Y90.5260 Z32.2572 E0.21186 F1700
G1 X97.5153 Y89.9934 Z32.3548 E0.21220 F1700
G1 X98.2422 Y89.4797 Z32.4639 E0.21251 F1700
G1 X98.9823 Y88.9852 Z32.5820 E0.21278 F1700
G1 X99.7350 Y88.5102 Z32.7061 E0.21297 F1700
G1 X100.5000 Y88.0551 Z32.8333 E0.21308 F1700
G1 X101.2766 Y87.6202 Z32.9606 E0.21308 F1700
G1 X102.0643 Y87.2058 Z33.0847 E0.21297 F1700
G1 X102.8626 Y86.8121 Z33.2028 E0.21278 F1700
G1 X103.6710 Y86.4395 Z33.3119 E0.21251 F1700
G1 X104.4888 Y86.0881 Z33.4094 E0.21220 F1700
G1 X105.3155 Y85.7583 Z33.4930 E0.21186 F1700
G1 X106.1506 Y85.4502 Z33.5607 E0.21154 F1700
G1 X106.9934 Y85.1641 Z33.6108 E0.21127 F1700
G1 X107.8435 Y84.9001 Z33.6422 E0.21106 F1700
G1 X108.7002 Y84.6585 Z33.6542 E0.21095 F1700
G1 X109.5629 Y84.4394 Z33.6464 E0.21094 F1700
G1 X110.4310 Y84.2430 Z33.6192 E0.21103 F1700
G1 X111.3040 Y84.0693 Z33.5732 E0.21121 F1700
G1 X112.1812 Y83.9186 Z33.5097 E0.21147 F1700
G1 X113.0621 Y83.7909 Z33.4303 E0.21177 F1700
G1 X113.9460 Y83.6863 Z33.3369 E0.21209 F1700
G1 X114.8324 Y83.6048 Z33.2319 E0.21239 F1700
G1 X115.7206 Y83.5466 Z33.1180 E0.21265 F1700
G1 X116.6100 Y83.5117 Z32.9981 E0.21284 F1700
G1 X117.5000 Y83.5000 Z32.8750 E0.21294 F1700
G1 X118.3900 Y83.5117 Z32.7519 E0.21294 F1700
G1 X119.2794 Y83.5466 Z32.6320 E0.21284 F1700
G1 X120.1676 Y83.6048 Z32.5181 E0.21265 F1700
G1 X121.0540 Y83.6863 Z32.4131 E0.21239 F1700
G1 X121.9379 Y83.7909 Z32.3197 E0.21209 F1700
G1 X122.8188 Y83.9186 Z32.2403 E0.21177 F1700
G1 X123.6960 Y84.0693 Z32.1768 E0.21147 F1700
G1 X124.5690 Y84.2430 Z32.1308 E0.21121 F1700
G1 X125.4371 Y84.4394 Z32.1036 E0.21103 F1700
G1 X126.2998 Y84.6585 Z32.0958 E0.21094 F1700
G1 X127.1565 Y84.9001 Z32.1078 E0.21095 F1700
G1 X128.0066 Y85.1641 Z32.1392 E0.21106 F1700
G1 X128.8494 Y85.4502 Z32.1893 E0.21127 F1700
G1 X129.6845 Y85.7583 Z32.2570 E0.21154 F1700
G1 X130.5112 Y86.0881 Z32.3406 E0.21186 F1700
G1 X131.3290 Y86.4395 Z32.4381 E0.21220 F1700
G1 X132.1374 Y86.8121 Z32.5472 E0.21251 F1700
G1 X132.9357 Y87.2058 Z32.6653 E0.21278 F1700
G1 X133.7234 Y87.6202 Z32.7894 E0.21297 F1700
G1 X134.5000 Y88.0551 Z32.9167 E0.21308 F1700
G1 X135.2650 Y88.5102 Z33.0439 E0.21308 F1700
G1 X136.0177 Y88.9852 Z33.1680 E0.21297 F1700
G1 X136.7578 Y89.4797 Z33.2861 E0.21278 F1700
G1 X137.4847 Y89.9934 Z33.3952 E0.21251 F1700
G1 X138.1979 Y90.5260 Z33.4928 E0.21220 F1700
G1 X138.8969 Y91.0770 Z33.5764 E0.21186 F1700
G1 X139.5812 Y91.6462 Z33.6441 E0.21154 F1700
G1 X140.2504 Y92.2331 Z33.6942 E0.21127 F1700
G1 X140.9041 Y92.8373 Z33.7256 E0.21106 F1700
G1 X141.5416 Y93.4584 Z33.7375 E0.21095 F1700
G1 X142.1627 Y94.0959 Z33.7297 E0.21094 F1700
G1 X142.7669 Y94.7496 Z33.7025 E0.21103 F1700
G1 X143.3538 Y95.4188 Z33.6566 E0.21121 F1700
G1 X143.9230 Y96.1031 Z33.5930 E0.21147 F1700
G1 X144.4740 Y96.8021 Z33.5136 E0.21177 F1700
G1 X145.0066 Y97.5153 Z33.4202 E0.21209 F1700
G1 X145.5203 Y98.2422 Z33.3153 E0.21239 F1700
G1 X146.0148 Y98.9823 Z33.2014 E0.21265 F1700
G1 X146.4898 Y99.7350 Z33.0814 E0.21284 F1700
G1 X146.9449 Y100.5000 Z32.9583 E0.21294 F1700
G1 X147.3798 Y101.2766 Z32.8353 E0.21294 F1700
G1 X147.7942 Y102.0643 Z32.7153 E0.21284 F1700
G1 X148.1879 Y102.8626 Z32.6014 E0.21265 F1700
G1 X148.5605 Y103.6710 Z32.4964 E0.21239 F1700
G1 X148.9119 Y104.4888 Z32.4031 E0.21209 F1700
G1 X149.2417 Y105.3155 Z32.3236 E0.21177 F1700
G1 X149.5498 Y106.1506 Z32.2601 E0.21147 F1700
G1 X149.8359 Y106.9934 Z32.2142 E0.21121 F1700
G1 X150.0999 Y107.8435 Z32.1869 E0.21103 F1700
G1 X150.3415 Y108.7002 Z32.1792 E0.21094 F1700
G1 X150.5606 Y109.5629 Z32.1911 E0.21095 F1700
G1 X150.7570 Y110.4310 Z32.2225 E0.21106 F1700
G1 X150.9307 Y111.3040 Z32.2726 E0.21127 F1700
G1 X151.0814 Y112.1812 Z32.3403 E0.21154 F1700
G1 X151.2091 Y113.0621 Z32.4239 E0.21186 F1700
G1 X151.3137 Y113.9460 Z32.5214 E0.21220 F1700
G1 X151.3952 Y114.8324 Z32.6306 E0.21251 F1700
G1 X151.4534 Y115.7206 Z32.7486 E0.21278 F1700
G1 X151.4883 Y116.6100 Z32.8728 E0.21297 F1700
G1 X151.5000 Y117.5000 Z33.0000 E0.21308 F1700
G1 X151.4883 Y118.3900 Z33.1272 E0.21308 F1700
G1 X151.4534 Y119.2794 Z33.2514 E0.21297 F1700
G1 X151.3952 Y120.1676 Z33.3694 E0.21278 F1700
G1 X151.3137 Y121.0540 Z33.4786 E0.21251 F1700
G1 X151.2091 Y121.9379 Z33.5761 E0.21220 F1700
G1 X151.0814 Y122.8188 Z33.6597 E0.21186 F1700
G1 X150.9307 Y123.6960 Z33.7274 E0.21154 F1700
G1 X150.7570 Y124.5690 Z33.7775 E0.21127 F1700
G1 X150.5606 Y125.4371 Z33.8089 E0.21106 F1700
G1 X150.3415 Y126.2998 Z33.8208 E0.21095 F1700
G1 X150.0999 Y127.1565 Z33.8131 E0.21094 F1700
G1 X149.8359 Y128.0066 Z33.7858 E0.21103 F1700
G1 X149.5498 Y128.8494 Z33.7399 E0.21121 F1700
G1 X149.2417 Y129.6845 Z33.6764 E0.21147 F1700
G1 X148.9119 Y130.5112 Z33.5969 E0.21177 F1700
G1 X148.5605 Y131.3290 Z33.5036 E0.21209 F1700
G1 X148.1879 Y132.1374 Z33.3986 E0.21239 F1700
G1 X147.7942 Y132.9357 Z33.2847 E0.21265 F1700
G1 X147.3798 Y133.7234 Z33.1647 E0.21284 F1700
G1 X146.9449 Y134.5000 Z33.0417 E0.21294 F1700
G1 X146.4898 Y135.2650 Z32.9186 E0.21294 F1700
G1 X146.0148 Y136.0177 Z32.7986 E0.21284 F1700
G1 X145.5203 Y136.7578 Z32.6847 E0.21265 F1700
G1 X145.0066 Y137.4847 Z32.5798 E0.21239 F1700
G1 X144.4740 Y138.1979 Z32.4864 E0.21209 F1700
G1 X143.9230 Y138.8969 Z32.4070 E0.21177 F1700
G1 X143.3538 Y139.5812 Z32.3434 E0.21147 F1700
G1 X142.7669 Y140.2504 Z32.2975 E0.21121 F1700
G1 X142.1627 Y140.9041 Z32.2703 E0.21103 F1700
G1 X141.5416 Y141.5416 Z32.2625 E0.21094 F1700
G1 X140.9041 Y142.1627 Z32.2744 E0.21095 F1700
G1 X140.2504 Y142.7669 Z32.3058 E0.21106 F1700
G1 X139.5812 Y143.3538 Z32.3559 E0.21127 F1700
G1 X138.8969 Y143.9230 Z32.4236 E0.21154 F1700
G1 X138.1979 Y144.4740 Z32.5072 E0.21186 F1700
G1 X137.4847 Y145.0066 Z32.6048 E0.21220 F1700
G1 X136.7578 Y145.5203 Z32.7139 E0.21251 F1700
G1 X136.0177 Y146.0148 Z32.8320 E0.21278 F1700
G1 X135.2650 Y146.4898 Z32.9561 E0.21297 F1700
G1 X134.5000 Y146.9449 Z33.0833 E0.21308 F1700
G1 X133.7234 Y147.3798 Z33.2106 E0.21308 F1700
G1 X132.9357 Y147.7942 Z33.3347 E0.21297 F1700
G1 X132.1374 Y148.1879 Z33.4528 E0.21278 F1700
G1 X131.3290 Y148.5605 Z33.5619 E0.21251 F1700
G1 X130.5112 Y148.9119 Z33.6594 E0.21220 F1700
G1 X129.6845 Y149.2417 Z33.7430 E0.21186 F1700
G1 X128.8494 Y149.5498 Z33.8107 E0.21154 F1700
G1 X128.0066 Y149.8359 Z33.8608 E0.21127 F1700
G1 X127.1565 Y150.0999 Z33.8922 E0.21106 F1700
G1 X126.2998 Y150.3415 Z33.9042 E0.21095 F1700
G1 X125.4371 Y150.5606 Z33.8964 E0.21094 F1700
G1 X124.5690 Y150.7570 Z33.8692 E0.21103 F1700
G1 X123.6960 Y150.9307 Z33.8232 E0.21121 F1700
G1 X122.8188 Y151.0814 Z33.7597 E0.21147 F1700
G1 X121.9379 Y151.2091 Z33.6803 E0.21177 F1700
G1 X121.0540 Y151.3137 Z33.5869 E0.21209 F1700
G1 X120.1676 Y151.3952 Z33.4819 E0.21239 F1700
G1 X119.2794 Y151.4534 Z33.3680 E0.21265 F1700
G1 X118.3900 Y151.4883 Z33.2481 E0.21284 F1700
G1 X117.5000 Y151.5000 Z33.1250 E0.21294 F1700
G1 X116.6100 Y151.4883 Z33.0019 E0.21294 F1700
G1 X115.7206 Y151.4534 Z32.8820 E0.21284 F1700
G1 X114.8324 Y151.3952 Z32.7681 E0.21265 F1700
G1 X113.9460 Y151.3137 Z32.6631 E0.21239 F1700
G1 X113.0621 Y151.2091 Z32.5697 E0.21209 F1700
G1 X112.1812 Y151.0814 Z32.4903 E0.21177 F1700
G1 X111.3040 Y150.9307 Z32.4268 E0.21147 F1700
G1 X110.4310 Y150.7570 Z32.3808 E0.21121 F1700
G1 X109.5629 Y150.5606 Z32.3536 E0.21103 F1700
G1 X108.7002 Y150.3415 Z32.3458 E0.21094 F1700
G1 X107.8435 Y150.0999 Z32.3578 E0.21095 F1700
G1 X106.9934 Y149.8359 Z32.3892 E0.21106 F1700
G1 X106.1506 Y149.5498 Z32.4393 E0.21127 F1700
G1 X105.3155 Y149.2417 Z32.5070 E0.21154 F1700
G1 X104.4888 Y148.9119 Z32.5906 E0.21186 F1700
G1 X103.6710 Y148.5605 Z32.6881 E0.21220 F1700
G1 X102.8626 Y148.1879 Z32.7972 E0.21251 F1700
G1 X102.0643 Y147.7942 Z32.9153 E0.21278 F1700
G1 X101.2766 Y147.3798 Z33.0394 E0.21297 F1700
G1 X100.5000 Y146.9449 Z33.1667 E0.21308 F1700
G1 X99.7350 Y146.4898 Z33.2939 E0.21308 F1700
G1 X98.9823 Y146.0148 Z33.4180 E0.21297 F1700
G1 X98.2422 Y145.5203 Z33.5361 E0.21278 F1700
G1 X97.5153 Y145.0066 Z33.6452 E0.21251 F1700
G1 X96.8021 Y144.4740 Z33.7428 E0.21220 F1700
G1 X96.1031 Y143.9230 Z33.8264 E0.21186 F1700
G1 X95.4188 Y143.3538 Z33.8941 E0.21154 F1700
G1 X94.7496 Y142.7669 Z33.9442 E0.21127 F1700
G1 X94.0959 Y142.1627 Z33.9756 E0.21106 F1700
G1 X93.4584 Y141.5416 Z33.9875 E0.21095 F1700
G1 X92.8373 Y140.9041 Z33.9797 E0.21094 F1700
G1 X92.2331 Y140.2504 Z33.9525 E0.21103 F1700
G1 X91.6462 Y139.5812 Z33.9066 E0.21121 F1700
G1 X91.0770 Y138.8969 Z33.8430 E0.21147 F1700
G1 X90.5260 Y138.1979 Z33.7636 E0.21177 F1700
G1 X89.9934 Y137.4847 Z33.6702 E0.21209 F1700
G1 X89.4797 Y136.7578 Z33.5653 E0.21239 F1700
G1 X88.9852 Y136.0177 Z33.4514 E0.21265 F1700
G1 X88.5102 Y135.2650 Z33.3314 E0.21284 F1700
G1 X88.0551 Y134.5000 Z33.2083 E0.21294 F1700
G1 X87.6202 Y133.7234 Z33.0853 E0.21294 F1700
G1 X87.2058 Y132.9357 Z32.9653 E0.21284 F1700
G1 X86.8121 Y132.1374 Z32.8514 E0.21265 F1700
G1 X86.4395 Y131.3290 Z32.7464 E0.21239 F1700
G1 X86.0881 Y130.5112 Z32.6531 E0.21209 F1700
G1 X85.7583 Y129.6845 Z32.5736 E0.21177 F1700
G1 X85.4502 Y128.8494 Z32.5101 E0.21147 F1700
G1 X85.1641 Y128.0066 Z32.4642 E0.21121 F1700
G1 X84.9001 Y127.1565 Z32.4369 E0.21103 F1700
G1 X84.6585 Y126.2998 Z32.4292 E0.21094 F1700
G1 X84.4394 Y125.4371 Z32.4411 E0.21095 F1700
G1 X84.2430 Y124.5690 Z32.4725 E0.21106 F1700
G1 X84.0693 Y123.6960 Z32.5226 E0.21127 F1700
G1 X83.9186 Y122.8188 Z32.5903 E0.21154 F1700
G1 X83.7909 Y121.9379 Z32.6739 E0.21186 F1700
G1 X83.6863 Y121.0540 Z32.7714 E0.21220 F1700
G1 X83.6048 Y120.1676 Z32.8806 E0.21251 F1700
G1 X83.5466 Y119.2794 Z32.9986 E0.21278 F1700
G1 X83.5117 Y118.3900 Z33.1228 E0.21297 F1700
G1 X83.5000 Y117.5000 Z33.2500 E0.21308 F1700
G1 X83.5117 Y116.6100 Z33.3772 E0.21308 F1700
G1 X83.5466 Y115.7206 Z33.5014 E0.21297 F1700
G1 X83.6048 Y114.8324 Z33.6194 E0.21278 F1700
G1 X83.6863 Y113.9460 Z33.7286 E0.21251 F1700
G1 X83.7909 Y113.0621 Z33.8261 E0.21220 F1700
G1 X83.9186 Y112.1812 Z33.9097 E0.21186 F1700
G1 X84.0693 Y111.3040 Z33.9774 E0.21154 F1700
G1 X84.2430 Y110.4310 Z34.0275 E0.21127 F1700
G1 X84.4394 Y109.5629 Z34.0589 E0.21106 F1700
G1 X84.6585 Y108.7002 Z34.0708 E0.21095 F1700
G1 X84.9001 Y107.8435 Z34.0631 E0.21094 F1700
G1 X85.1641 Y106.9934 Z34.0358 E0.21103 F1700
G1 X85.4502 Y106.1506 Z33.9899 E0.21121 F1700
G1 X85.7583 Y105.3155 Z33.9264 E0.21147 F1700
G1 X86.0881 Y104.4888 Z33.8469 E0.21177 F1700
G1 X86.4395 Y103.6710 Z33.7536 E0.21209 F1700
G1 X86.8121 Y102.8626 Z33.6486 E0.21239 F1700
G1 X87.2058 Y102.0643 Z33.5347 E0.21265 F1700
G1 X87.6202 Y101.2766 Z33.4147 E0.21284 F1700
G1 X88.0551 Y100.5000 Z33.2917 E0.21294 F1700
G1 X88.5102 Y99.7350 Z33.1686 E0.21294 F1700
G1 X88.9852 Y98.9823 Z33.0486 E0.21284 F1700
G1 X89.4797 Y98.2422 Z32.9347 E0.21265 F1700
G1 X89.9934 Y97.5153 Z32.8298 E0.21239 F1700
G1 X90.5260 Y96.8021 Z32.7364 E0.21209 F1700
G1 X91.0770 Y96.1031 Z32.6570 E0.21177 F1700
G1 X91.6462 Y95.4188 Z32.5934 E0.21147 F1700
G1 X92.2331 Y94.7496 Z32.5475 E0.21121 F1700
G1 X92.8373 Y94.0959 Z32.5203 E0.21103 F1700
G1 X93.4584 Y93.4584 Z32.5125 E0.21094 F1700
G1 X94.0959 Y92.8373 Z32.5244 E0.21095 F1700
G1 X94.7496 Y92.2331 Z32.5558 E0.21106 F1700
G1 X95.4188 Y91.6462 Z32.6059 E0.21127 F1700
G1 X96.1031 Y91.0770 Z32.6736 E0.21154 F1700
G1 X96.8021 Y90.5260 Z32.7572 E0.21186 F1700
G1 X97.5153 Y89.9934 Z32.8548 E0.21220 F1700
G1 X98.2422 Y89.4797 Z32.9639 E0.21251 F1700
G1 X98.9823 Y88.9852 Z33.0820 E0.21278 F1700
G1 X99.7350 Y88.5102 Z33.2061 E0.21297 F1700
G1 X100.5000 Y88.0551 Z33.3333 E0.21308 F1700
G1 X101.2766 Y87.6202 Z33.4606 E0.21308 F1700
G1 X102.0643 Y87.2058 Z33.5847 E0.21297 F1700
G1 X102.8626 Y86.8121 Z33.7028 E0.21278 F1700
G1 X103.6710 Y86.4395 Z33.8119 E0.21251 F1700
G1 X104.4888 Y86.0881 Z33.9094 E0.21220 F1700
G1 X105.3155 Y85.7583 Z33.9930 E0.21186 F1700
G1 X106.1506 Y85.4502 Z34.0607 E0.21154 F1700
G1 X106.9934 Y85.1641 Z34.1108 E0.21127 F1700
G1 X107.8435 Y84.9001 Z34.1422 E0.21106 F1700
G1 X108.7002 Y84.6585 Z34.1542 E0.21095 F1700
G1 X109.5629 Y84.4394 Z34.1464 E0.21094 F1700
G1 X110.4310 Y84.2430 Z34.1192 E0.21103 F1700
G1 X111.3040 Y84.0693 Z34.0732 E0.21121 F1700
G1 X112.1812 Y83.9186 Z34.0097 E0.21147 F1700
G1 X113.0621 Y83.7909 Z33.9303 E0.21177 F1700
G1 X113.9460 Y83.6863 Z33.8369 E0.21209 F1700
G1 X114.8324 Y83.6048 Z33.7319 E0.21239 F1700
G1 X115.7206 Y83.5466 Z33.6180 E0.21265 F1700
G1 X116.6100 Y83.5117 Z33.4981 E0.21284 F1700
G1 X117.5000 Y83.5000 Z33.3750 E0.21294 F1700
G1 X118.3900 Y83.5117 Z33.2519 E0.21294 F1700
G1 X119.2794 Y83.5466 Z33.1320 E0.21284 F1700
G1 X120.1676 Y83.6048 Z33.0181 E0.21265 F1700
G1 X121.0540 Y83.6863 Z32.9131 E0.21239 F1700
G1 X121.9379 Y83.7909 Z32.8197 E0.21209 F1700
G1 X122.8188 Y83.9186 Z32.7403 E0.21177 F1700
G1 X123.6960 Y84.0693 Z32.6768 E0.21147 F1700
G1 X124.5690 Y84.2430 Z32.6308 E0.21121 F1700
G1 X125.4371 Y84.4394 Z32.6036 E0.21103 F1700
G1 X126.2998 Y84.6585 Z32.5958 E0.21094 F1700
G1 X127.1565 Y84.9001 Z32.6078 E0.21095 F1700
G1 X128.0066 Y85.1641 Z32.6392 E0.21106 F1700
G1 X128.8494 Y85.4502 Z32.6893 E0.21127 F1700
G1 X129.6845 Y85.7583 Z32.7570 E0.21154 F1700
G1 X130.5112 Y86.0881 Z32.8406 E0.21186 F1700
G1 X131.3290 Y86.4395 Z32.9381 E0.21220 F1700
G1 X132.1374 Y86.8121 Z33.0472 E0.21251 F1700
G1 X132.9357 Y87.2058 Z33.1653 E0.21278 F1700
G1 X133.7234 Y87.6202 Z33.2894 E0.21297 F1700
G1 X134.5000 Y88.0551 Z33.4167 E0.21308 F1700
G1 X135.2650 Y88.5102 Z33.5439 E0.21308 F1700
G1 X136.0177 Y88.9852 Z33.6680 E0.21297 F1700
G1 X136.7578 Y89.4797 Z33.7861 E0.21278 F1700
G1 X137.4847 Y89.9934 Z33.8952 E0.21251 F1700
G1 X138.1979 Y90.5260 Z33.9928 E0.21220 F1700
G1 X138.8969 Y91.0770 Z34.0764 E0.21186 F1700
G1 X139.5812 Y91.6462 Z34.1441 E0.21154 F1700
G1 X140.2504 Y92.2331 Z34.1942 E0.21127 F1700
G1 X140.9041 Y92.8373 Z34.2256 E0.21106 F1700
G1 X141.5416 Y93.4584 Z34.2375 E0.21095 F1700
G1 X142.1627 Y94.0959 Z34.2297 E0.21094 F1700
G1 X142.7669 Y94.7496 Z34.2025 E0.21103 F1700
G1 X143.3538 Y95.4188 Z34.1566 E0.21121 F1700
G1 X143.9230 Y96.1031 Z34.0930 E0.21147 F1700
G1 X144.4740 Y96.8021 Z34.0136 E0.21177 F1700
G1 X145.0066 Y97.5153 Z33.9202 E0.21209 F1700
G1 X145.5203 Y98.2422 Z33.8153 E0.21239 F1700
G1 X146.0148 Y98.9823 Z33.7014 E0.21265 F1700
G1 X146.4898 Y99.7350 Z33.5814 E0.21284 F1700
G1 X146.9449 Y100.5000 Z33.4583 E0.21294 F1700
G1 X147.3798 Y101.2766 Z33.3353 E0.21294 F1700
G1 X147.7942 Y102.0643 Z33.2153 E0.21284 F1700
G1 X148.1879 Y102.8626 Z33.1014 E0.21265 F1700
G1 X148.5605 Y103.6710 Z32.9964 E0.21239 F1700
G1 X148.9119 Y104.4888 Z32.9031 E0.21209 F1700
G1 X149.2417 Y105.3155 Z32.8236 E0.21177 F1700
G1 X149.5498 Y106.1506 Z32.7601 E0.21147 F1700
G1 X149.8359 Y106.9934 Z32.7142 E0.21121 F1700
G1 X150.0999 Y107.8435 Z32.6869 E0.21103 F1700
G1 X150.3415 Y108.7002 Z32.6792 E0.21094 F1700
G1 X150.5606 Y109.5629 Z32.6911 E0.21095 F1700
G1 X150.7570 Y110.4310 Z32.7225 E0.21106 F1700
G1 X150.9307 Y111.3040 Z32.7726 E0.21127 F1700
G1 X151.0814 Y112.1812 Z32.8403 E0.21154 F1700
G1 X151.2091 Y113.0621 Z32.9239 E0.21186 F1700
G1 X151.3137 Y113.9460 Z33.0214 E0.21220 F1700
G1 X151.3952 Y114.8324 Z33.1306 E0.21251 F1700
G1 X151.4534 Y115.7206 Z33.2486 E0.21278 F1700
G1 X151.4883 Y116.6100 Z33.3728 E0.21297 F1700
G1 X151.5000 Y117.5000 Z33.5000 E0.21308 F1700
G1 X151.4883 Y118.3900 Z33.6272 E0.21308 F1700
G1 X151.4534 Y119.2794 Z33.7514 E0.21297 F1700
G1 X151.3952 Y120.1676 Z33.8694 E0.21278 F1700
G1 X151.3137 Y121.0540 Z33.9786 E0.21251 F1700
G1 X151.2091 Y121.9379 Z34.0761 E0.21220 F1700
G1 X151.0814 Y122.8188 Z34.1597 E0.21186 F1700
G1 X150.9307 Y123.6960 Z34.2274 E0.21154 F1700
G1 X150.7570 Y124.5690 Z34.2775 E0.21127 F1700
G1 X150.5606 Y125.4371 Z34.3089 E0.21106 F1700
G1 X150.3415 Y126.2998 Z34.3208 E0.21095 F1700
G1 X150.0999 Y127.1565 Z34.3131 E0.21094 F1700
G1 X149.8359 Y128.0066 Z34.2858 E0.21103 F1700
G1 X149.5498 Y128.8494 Z34.2399 E0.21121 F1700
G1 X149.2417 Y129.6845 Z34.1764 E0.21147 F1700
G1 X148.9119 Y130.5112 Z34.0969 E0.21177 F1700
G1 X148.5605 Y131.3290 Z34.0036 E0.21209 F1700
G1 X148.1879 Y132.1374 Z33.8986 E0.21239 F1700
G1 X147.7942 Y132.9357 Z33.7847 E0.21265 F1700
G1 X147.3798 Y133.7234 Z33.6647 E0.21284 F1700
G1 X146.9449 Y134.5000 Z33.5417 E0.21294 F1700
G1 X146.4898 Y135.2650 Z33.4186 E0.21294 F1700
G1 X146.0148 Y136.0177 Z33.2986 E0.21284 F1700
G1 X145.5203 Y136.7578 Z33.1847 E0.21265 F1700
G1 X145.0066 Y137.4847 Z33.0798 E0.21239 F1700
G1 X144.4740 Y138.1979 Z32.9864 E0.21209 F1700
G1 X143.9230 Y138.8969 Z32.9070 E0.21177 F1700
G1 X143.3538 Y139.5812 Z32.8434 E0.21147 F1700
G1 X142.7669 Y140.2504 Z32.7975 E0.21121 F1700
G1 X142.1627 Y140.9041 Z32.7703 E0.21103 F1700
G1 X141.5416 Y141.5416 Z32.7625 E0.21094 F1700
G1 X140.9041 Y142.1627 Z32.7744 E0.21095 F1700
G1 X140.2504 Y142.7669 Z32.8058 E0.21106 F1700
G1 X139.5812 Y143.3538 Z32.8559 E0.21127 F1700
G1 X138.8969 Y143.9230 Z32.9236 E0.21154 F1700
G1 X138.1979 Y144.4740 Z33.0072 E0.21186 F1700
G1 X137.4847 Y145.0066 Z33.1048 E0.21220 F1700
G1 X136.7578 Y145.5203 Z33.2139 E0.21251 F1700
G1 X136.0177 Y146.0148 Z33.3320 E0.21278 F1700
G1 X135.2650 Y146.4898 Z33.4561 E0.21297 F1700
G1 X134.5000 Y146.9449 Z33.5833 E0.21308 F1700
G1 X133.7234 Y147.3798 Z33.7106 E0.21308 F1700
G1 X132.9357 Y147.7942 Z33.8347 E0.21297 F1700
G1 X132.1374 Y148.1879 Z33.9528 E0.21278 F1700
G1 X131.3290 Y148.5605 Z34.0619 E0.21251 F1700
G1 X130.5112 Y148.9119 Z34.1594 E0.21220 F1700
G1 X129.6845 Y149.2417 Z34.2430 E0.21186 F1700
G1 X128.8494 Y149.5498 Z34.3107 E0.21154 F1700
G1 X128.0066 Y149.8359 Z34.3608 E0.21127 F1700
G1 X127.1565 Y150.0999 Z34.3922 E0.21106 F1700
G1 X126.2998 Y150.3415 Z34.4042 E0.21095 F1700
G1 X125.4371 Y150.5606 Z34.3964 E0.21094 F1700
G1 X124.5690 Y150.7570 Z34.3692 E0.21103 F1700
G1 X123.6960 Y150.9307 Z34.3232 E0.21121 F1700
G1 X122.8188 Y151.0814 Z34.2597 E0.21147 F1700
G1 X121.9379 Y151.2091 Z34.1803 E0.21177 F1700
G1 X121.0540 Y151.3137 Z34.0869 E0.21209 F1700
G1 X120.1676 Y151.3952 Z33.9819 E0.21239 F1700
G1 X119.2794 Y151.4534 Z33.8680 E0.21265 F1700
G1 X118.3900 Y151.4883 Z33.7481 E0.21284 F1700
G1 X117.5000 Y151.5000 Z33.6250 E0.21294 F1700
G1 X116.6100 Y151.4883 Z33.5019 E0.21294 F1700
G1 X115.7206 Y151.4534 Z33.3820 E0.21284 F1700
G1 X114.8324 Y151.3952 Z33.2681 E0.21265 F1700
G1 X113.9460 Y151.3137 Z33.1631 E0.21239 F1700
G1 X113.0621 Y151.2091 Z33.0697 E0.21209 F1700
G1 X112.1812 Y151.0814 Z32.9903 E0.21177 F1700
G1 X111.3040 Y150.9307 Z32.9268 E0.21147 F1700
G1 X110.4310 Y150.7570 Z32.8808 E0.21121 F1700
G1 X109.5629 Y150.5606 Z32.8536 E0.21103 F1700
G1 X108.7002 Y150.3415 Z32.8458 E0.21094 F1700
G1 X107.8435 Y150.0999 Z32.8578 E0.21095 F1700
G1 X106.9934 Y149.8359 Z32.8892 E0.21106 F1700
G1 X106.1506 Y149.5498 Z32.9393 E0.21127 F1700
G1 X105.3155 Y149.2417 Z33.0070 E0.21154 F1700
G1 X104.4888 Y148.9119 Z33.0906 E0.21186 F1700
G1 X103.6710 Y148.5605 Z33.1881 E0.21220 F1700
G1 X102.8626 Y148.1879 Z33.2972 E0.21251 F1700
G1 X102.0643 Y147.7942 Z33.4153 E0.21278 F1700
G1 X101.2766 Y147.3798 Z33.5394 E0.21297 F1700
G1 X100.5000 Y146.9449 Z33.6667 E0.21308 F1700
G1 X99.7350 Y146.4898 Z33.7939 E0.21308 F1700
G1 X98.9823 Y146.0148 Z33.9180 E0.21297 F1700
G1 X98.2422 Y145.5203 Z34.0361 E0.21278 F1700
G1 X97.5153 Y145.0066 Z34.1452 E0.21251 F1700
G1 X96.8021 Y144.4740 Z34.2428 E0.21220 F1700
G1 X96.1031 Y143.9230 Z34.3264 E0.21186 F1700
G1 X95.4188 Y143.3538 Z34.3941 E0.21154 F1700
G1 X94.7496 Y142.7669 Z34.4442 E0.21127 F1700
G1 X94.0959 Y142.1627 Z34.4756 E0.21106 F1700
G1 X93.4584 Y141.5416 Z34.4875 E0.21095 F1700
G1 X92.8373 Y140.9041 Z34.4797 E0.21094 F1700
G1 X92.2331 Y140.2504 Z34.4525 E0.21103 F1700
G1 X91.6462 Y139.5812 Z34.4066 E0.21121 F1700
G1 X91.0770 Y138.8969 Z34.3430 E0.21147 F1700
G1 X90.5260 Y138.1979 Z34.2636 E0.21177 F1700
G1 X89.9934 Y137.4847 Z34.1702 E0.21209 F1700
G1 X89.4797 Y136.7578 Z34.0653 E0.21239 F1700
G1 X88.9852 Y136.0177 Z33.9514 E0.21265 F1700
G1 X88.5102 Y135.2650 Z33.8314 E0.21284 F1700
G1 X88.0551 Y134.5000 Z33.7083 E0.21294 F1700
G1 X87.6202 Y133.7234 Z33.5853 E0.21294 F1700
G1 X87.2058 Y132.9357 Z33.4653 E0.21284 F1700
G1 X86.8121 Y132.1374 Z33.3514 E0.21265 F1700
G1 X86.4395 Y131.3290 Z33.2464 E0.21239 F1700
G1 X86.0881 Y130.5112 Z33.1531 E0.21209 F1700
G1 X85.7583 Y129.6845 Z33.0736 E0.21177 F1700
G1 X85.4502 Y128.8494 Z33.0101 E0.21147 F1700
G1 X85.1641 Y128.0066 Z32.9642 E0.21121 F1700
G1 X84.9001 Y127.1565 Z32.9369 E0.21103 F1700
G1 X84.6585 Y126.2998 Z32.9292 E0.21094 F1700
G1 X84.4394 Y125.4371 Z32.9411 E0.21095 F1700
G1 X84.2430 Y124.5690 Z32.9725 E0.21106 F1700
G1 X84.0693 Y123.6960 Z33.0226 E0.21127 F1700
G1 X83.9186 Y122.8188 Z33.0903 E0.21154 F1700
G1 X83.7909 Y121.9379 Z33.1739 E0.21186 F1700
G1 X83.6863 Y121.0540 Z33.2714 E0.21220 F1700
G1 X83.6048 Y120.1676 Z33.3806 E0.21251 F1700
G1 X83.5466 Y119.2794 Z33.4986 E0.21278 F1700
G1 X83.5117 Y118.3900 Z33.6228 E0.21297 F1700
G1 X83.5000 Y117.5000 Z33.7500 E0.21308 F1700
G1 X83.5117 Y116.6100 Z33.8772 E0.21308 F1700
G1 X83.5466 Y115.7206 Z34.0014 E0.21297 F1700
G1 X83.6048 Y114.8324 Z34.1194 E0.21278 F1700
G1 X83.6863 Y113.9460 Z34.2286 E0.21251 F1700
G1 X83.7909 Y113.0621 Z34.3261 E0.21220 F1700
G1 X83.9186 Y112.1812 Z34.4097 E0.21186 F1700
G1 X84.0693 Y111.3040 Z34.4774 E0.21154 F1700
G1 X84.2430 Y110.4310 Z34.5275 E0.21127 F1700
G1 X84.4394 Y109.5629 Z34.5589 E0.21106 F1700
G1 X84.6585 Y108.7002 Z34.5708 E0.21095 F1700
G1 X84.9001 Y107.8435 Z34.5631 E0.21094 F1700
G1 X85.1641 Y106.9934 Z34.5358 E0.21103 F1700
G1 X85.4502 Y106.1506 Z34.4899 E0.21121 F1700
G1 X85.7583 Y105.3155 Z34.4264 E0.21147 F1700
G1 X86.0881 Y104.4888 Z34.3469 E0.21177 F1700
G1 X86.4395 Y103.6710 Z34.2536 E0.21209 F1700
G1 X86.8121 Y102.8626 Z34.1486 E0.21239 F1700
G1 X87.2058 Y102.0643 Z34.0347 E0.21265 F1700
G1 X87.6202 Y101.2766 Z33.9147 E0.21284 F1700
G1 X88.0551 Y100.5000 Z33.7917 E0.21294 F1700
G1 X88.5102 Y99.7350 Z33.6686 E0.21294 F1700
G1 X88.9852 Y98.9823 Z33.5486 E0.21284 F1700
G1 X89.4797 Y98.2422 Z33.4347 E0.21265 F1700
G1 X89.9934 Y97.5153 Z33.3298 E0.21239 F1700
G1 X90.5260 Y96.8021 Z33.2364 E0.21209 F1700
G1 X91.0770 Y96.1031 Z33.1570 E0.21177 F1700
G1 X91.6462 Y95.4188 Z33.0934 E0.21147 F1700
G1 X92.2331 Y94.7496 Z33.0475 E0.21121 F1700
G1 X92.8373 Y94.0959 Z33.0203 E0.21103 F1700
G1 X93.4584 Y93.4584 Z33.0125 E0.21094 F1700
G1 X94.0959 Y92.8373 Z33.0244 E0.21095 F1700
G1 X94.7496 Y92.2331 Z33.0558 E0.21106 F1700
G1 X95.4188 Y91.6462 Z33.1059 E0.21127 F1700
G1 X96.1031 Y91.0770 Z33.1736 E0.21154 F1700
G1 X96.8021 Y90.5260 Z33.2572 E0.21186 F1700
G1 X97.5153 Y89.9934 Z33.3548 E0.21220 F1700
G1 X98.2422 Y89.4797 Z33.4639 E0.21251 F1700
G1 X98.9823 Y88.9852 Z33.5820 E0.21278 F1700
G1 X99.7350 Y88.5102 Z33.7061 E0.21297 F1700
G1 X100.5000 Y88.0551 Z33.8333 E0.21308 F1700
G1 X101.2766 Y87.6202 Z33.9606 E0.21308 F1700
G1 X102.0643 Y87.2058 Z34.0847 E0.21297 F1700
G1 X102.8626 Y86.8121 Z34.2028 E0.21278 F1700
G1 X103.6710 Y86.4395 Z34.3119 E0.21251 F1700
G1 X104.4888 Y86.0881 Z34.4094 E0.21220 F1700
G1 X105.3155 Y85.7583 Z34.4930 E0.21186 F1700
G1 X106.1506 Y85.4502 Z34.5607 E0.21154 F1700
G1 X106.9934 Y85.1641 Z34.6108 E0.21127 F1700
G1 X107.8435 Y84.9001 Z34.6422 E0.21106 F1700
G1 X108.7002 Y84.6585 Z34.6542 E0.21095 F1700
G1 X109.5629 Y84.4394 Z34.6464 E0.21094 F1700
G1 X110.4310 Y84.2430 Z34.6192 E0.21103 F1700
G1 X111.3040 Y84.0693 Z34.5732 E0.21121 F1700
G1 X112.1812 Y83.9186 Z34.5097 E0.21147 F1700
G1 X113.0621 Y83.7909 Z34.4303 E0.21177 F1700
G1 X113.9460 Y83.6863 Z34.3369 E0.21209 F1700
G1 X114.8324 Y83.6048 Z34.2319 E0.21239 F1700
G1 X115.7206 Y83.5466 Z34.1180 E0.21265 F1700
G1 X116.6100 Y83.5117 Z33.9981 E0.21284 F1700
G1 X117.5000 Y83.5000 Z33.8750 E0.21294 F1700
G1 X118.3900 Y83.5117 Z33.7519 E0.21294 F1700
G1 X119.2794 Y83.5466 Z33.6320 E0.21284 F1700
G1 X120.1676 Y83.6048 Z33.5181 E0.21265 F1700
G1 X121.0540 Y83.6863 Z33.4131 E0.21239 F1700
G1 X121.9379 Y83.7909 Z33.3197 E0.21209 F1700
G1 X122.8188 Y83.9186 Z33.2403 E0.21177 F1700
G1 X123.6960 Y84.0693 Z33.1768 E0.21147 F1700
G1 X124.5690 Y84.2430 Z33.1308 E0.21121 F1700
G1 X125.4371 Y84.4394 Z33.1036 E0.21103 F1700
G1 X126.2998 Y84.6585 Z33.0958 E0.21094 F1700
G1 X127.1565 Y84.9001 Z33.1078 E0.21095 F1700
G1 X128.0066 Y85.1641 Z33.1392 E0.21106 F1700
G1 X128.8494 Y85.4502 Z33.1893 E0.21127 F1700
G1 X129.6845 Y85.7583 Z33.2570 E0.21154 F1700
G1 X130.5112 Y86.0881 Z33.3406 E0.21186 F1700
G1 X131.3290 Y86.4395 Z33.4381 E0.21220 F1700
G1 X132.1374 Y86.8121 Z33.5472 E0.21251 F1700
G1 X132.9357 Y87.2058 Z33.6653 E0.21278 F1700
G1 X133.7234 Y87.6202 Z33.7894 E0.21297 F1700
G1 X134.5000 Y88.0551 Z33.9167 E0.21308 F1700
G1 X135.2650 Y88.5102 Z34.0439 E0.21308 F1700
G1 X136.0177 Y88.9852 Z34.1680 E0.21297 F1700
G1 X136.7578 Y89.4797 Z34.2861 E0.21278 F1700
G1 X137.4847 Y89.9934 Z34.3952 E0.21251 F1700
G1 X138.1979 Y90.5260 Z34.4928 E0.21220 F1700
G1 X138.8969 Y91.0770 Z34.5764 E0.21186 F1700
G1 X139.5812 Y91.6462 Z34.6441 E0.21154 F1700
G1 X140.2504 Y92.2331 Z34.6942 E0.21127 F1700
G1 X140.9041 Y92.8373 Z34.7256 E0.21106 F1700
G1 X141.5416 Y93.4584 Z34.7375 E0.21095 F1700
G1 X142.1627 Y94.0959 Z34.7297 E0.21094 F1700
G1 X142.7669 Y94.7496 Z34.7025 E0.21103 F1700
G1 X143.3538 Y95.4188 Z34.6566 E0.21121 F1700
G1 X143.9230 Y96.1031 Z34.5930 E0.21147 F1700
G1 X144.4740 Y96.8021 Z34.5136 E0.21177 F1700
G1 X145.0066 Y97.5153 Z34.4202 E0.21209 F1700
G1 X145.5203 Y98.2422 Z34.3153 E0.21239 F1700
G1 X146.0148 Y98.9823 Z34.2014 E0.21265 F1700
G1 X146.4898 Y99.7350 Z34.0814 E0.21284 F1700
G1 X146.9449 Y100.5000 Z33.9583 E0.21294 F1700
G1 X147.3798 Y101.2766 Z33.8353 E0.21294 F1700
G1 X147.7942 Y102.0643 Z33.7153 E0.21284 F1700
G1 X148.1879 Y102.8626 Z33.6014 E0.21265 F1700
G1 X148.5605 Y103.6710 Z33.4964 E0.21239 F1700
G1 X148.9119 Y104.4888 Z33.4031 E0.21209 F1700
G1 X149.2417 Y105.3155 Z33.3236 E0.21177 F1700
G1 X149.5498 Y106.1506 Z33.2601 E0.21147 F1700
G1 X149.8359 Y106.9934 Z33.2142 E0.21121 F1700
G1 X150.0999 Y107.8435 Z33.1869 E0.21103 F1700
G1 X150.3415 Y108.7002 Z33.1792 E0.21094 F1700
G1 X150.5606 Y109.5629 Z33.1911 E0.21095 F1700
G1 X150.7570 Y110.4310 Z33.2225 E0.21106 F1700
G1 X150.9307 Y111.3040 Z33.2726 E0.21127 F1700
G1 X151.0814 Y112.1812 Z33.3403 E0.21154 F1700
G1 X151.2091 Y113.0621 Z33.4239 E0.21186 F1700
G1 X151.3137 Y113.9460 Z33.5214 E0.21220 F1700
G1 X151.3952 Y114.8324 Z33.6306 E0.21251 F1700
G1 X151.4534 Y115.7206 Z33.7486 E0.21278 F1700
G1 X151.4883 Y116.6100 Z33.8728 E0.21297 F1700
G1 X151.5000 Y117.5000 Z34.0000 E0.21308 F1700
G1 X151.4883 Y118.3900 Z34.1272 E0.21308 F1700
G1 X151.4534 Y119.2794 Z34.2514 E0.21297 F1700
G1 X151.3952 Y120.1676 Z34.3694 E0.21278 F1700
G1 X151.3137 Y121.0540 Z34.4786 E0.21251 F1700
G1 X151.2091 Y121.9379 Z34.5761 E0.21220 F1700
G1 X151.0814 Y122.8188 Z34.6597 E0.21186 F1700
G1 X150.9307 Y123.6960 Z34.7274 E0.21154 F1700
G1 X150.7570 Y124.5690 Z34.7775 E0.21127 F1700
G1 X150.5606 Y125.4371 Z34.8089 E0.21106 F1700
G1 X150.3415 Y126.2998 Z34.8208 E0.21095 F1700
G1 X150.0999 Y127.1565 Z34.8131 E0.21094 F1700
G1 X149.8359 Y128.0066 Z34.7858 E0.21103 F1700
G1 X149.5498 Y128.8494 Z34.7399 E0.21121 F1700
G1 X149.2417 Y129.6845 Z34.6764 E0.21147 F1700
G1 X148.9119 Y130.5112 Z34.5969 E0.21177 F1700
G1 X148.5605 Y131.3290 Z34.5036 E0.21209 F1700
G1 X148.1879 Y132.1374 Z34.3986 E0.21239 F1700
G1 X147.7942 Y132.9357 Z34.2847 E0.21265 F1700
G1 X147.3798 Y133.7234 Z34.1647 E0.21284 F1700
G1 X146.9449 Y134.5000 Z34.0417 E0.21294 F1700
G1 X146.4898 Y135.2650 Z33.9186 E0.21294 F1700
G1 X146.0148 Y136.0177 Z33.7986 E0.21284 F1700
G1 X145.5203 Y136.7578 Z33.6847 E0.21265 F1700
G1 X145.0066 Y137.4847 Z33.5798 E0.21239 F1700
G1 X144.4740 Y138.1979 Z33.4864 E0.21209 F1700
G1 X143.9230 Y138.8969 Z33.4070 E0.21177 F1700
G1 X143.3538 Y139.5812 Z33.3434 E0.21147 F1700
G1 X142.7669 Y140.2504 Z33.2975 E0.21121 F1700
G1 X142.1627 Y140.9041 Z33.2703 E0.21103 F1700
G1 X141.5416 Y141.5416 Z33.2625 E0.21094 F1700
G1 X140.9041 Y142.1627 Z33.2744 E0.21095 F1700
G1 X140.2504 Y142.7669 Z33.3058 E0.21106 F1700
G1 X139.5812 Y143.3538 Z33.3559 E0.21127 F1700
G1 X138.8969 Y143.9230 Z33.4236 E0.21154 F1700
G1 X138.1979 Y144.4740 Z33.5072 E0.21186 F1700
G1 X137.4847 Y145.0066 Z33.6048 E0.21220 F1700
G1 X136.7578 Y145.5203 Z33.7139 E0.21251 F1700
G1 X136.0177 Y146.0148 Z33.8320 E0.21278 F1700
G1 X135.2650 Y146.4898 Z33.9561 E0.21297 F1700
G1 X134.5000 Y146.9449 Z34.0833 E0.21308 F1700
G1 X133.7234 Y147.3798 Z34.2106 E0.21308 F1700
G1 X132.9357 Y147.7942 Z34.3347 E0.21297 F1700
G1 X132.1374 Y148.1879 Z34.4528 E0.21278 F1700
G1 X131.3290 Y148.5605 Z34.5619 E0.21251 F1700
G1 X130.5112 Y148.9119 Z34.6594 E0.21220 F1700
G1 X129.6845 Y149.2417 Z34.7430 E0.21186 F1700
G1 X128.8494 Y149.5498 Z34.8107 E0.21154 F1700
G1 X128.0066 Y149.8359 Z34.8608 E0.21127 F1700
G1 X127.1565 Y150.0999 Z34.8922 E0.21106 F1700
G1 X126.2998 Y150.3415 Z34.9042 E0.21095 F1700
G1 X125.4371 Y150.5606 Z34.8964 E0.21094 F1700
G1 X124.5690 Y150.7570 Z34.8692 E0.21103 F1700
G1 X123.6960 Y150.9307 Z34.8232 E0.21121 F1700
G1 X122.8188 Y151.0814 Z34.7597 E0.21147 F1700
G1 X121.9379 Y151.2091 Z34.6803 E0.21177 F1700
G1 X121.0540 Y151.3137 Z34.5869 E0.21209 F1700
G1 X120.1676 Y151.3952 Z34.4819 E0.21239 F1700
G1 X119.2794 Y151.4534 Z34.3680 E0.21265 F1700
G1 X118.3900 Y151.4883 Z34.2481 E0.21284 F1700
G1 X117.5000 Y151.5000 Z34.1250 E0.21294 F1700
G1 X116.6100 Y151.4883 Z34.0019 E0.21294 F1700
G1 X115.7206 Y151.4534 Z33.8820 E0.21284 F1700
G1 X114.8324 Y151.3952 Z33.7681 E0.21265 F1700
G1 X113.9460 Y151.3137 Z33.6631 E0.21239 F1700
G1 X113.0621 Y151.2091 Z33.5697 E0.21209 F1700
G1 X112.1812 Y151.0814 Z33.4903 E0.21177 F1700
G1 X111.3040 Y150.9307 Z33.4268 E0.21147 F1700
G1 X110.4310 Y150.7570 Z33.3808 E0.21121 F1700
G1 X109.5629 Y150.5606 Z33.3536 E0.21103 F1700
G1 X108.7002 Y150.3415 Z33.3458 E0.21094 F1700
G1 X107.8435 Y150.0999 Z33.3578 E0.21095 F1700
G1 X106.9934 Y149.8359 Z33.3892 E0.21106 F1700
G1 X106.1506 Y149.5498 Z33.4393 E0.21127 F1700
G1 X105.3155 Y149.2417 Z33.5070 E0.21154 F1700
G1 X104.4888 Y148.9119 Z33.5906 E0.21186 F1700
G1 X103.6710 Y148.5605 Z33.6881 E0.21220 F1700
G1 X102.8626 Y148.1879 Z33.7972 E0.21251 F1700
G1 X102.0643 Y147.7942 Z33.9153 E0.21278 F1700
G1 X101.2766 Y147.3798 Z34.0394 E0.21297 F1700
G1 X100.5000 Y146.9449 Z34.1667 E0.21308 F1700
G1 X99.7350 Y146.4898 Z34.2939 E0.21308 F1700
G1 X98.9823 Y146.0148 Z34.4180 E0.21297 F1700
G1 X98.2422 Y145.5203 Z34.5361 E0.21278 F1700
G1 X97.5153 Y145.0066 Z34.6452 E0.21251 F1700
G1 X96.8021 Y144.4740 Z34.7428 E0.21220 F1700
G1 X96.1031 Y143.9230 Z34.8264 E0.21186 F1700
G1 X95.4188 Y143.3538 Z34.8941 E0.21154 F1700
G1 X94.7496 Y142.7669 Z34.9442 E0.21127 F1700
G1 X94.0959 Y142.1627 Z34.9756 E0.21106 F1700
G1 X93.4584 Y141.5416 Z34.9875 E0.21095 F1700
G1 X92.8373 Y140.9041 Z34.9797 E0.21094 F1700
G1 X92.2331 Y140.2504 Z34.9525 E0.21103 F1700
G1 X91.6462 Y139.5812 Z34.9066 E0.21121 F1700
G1 X91.0770 Y138.8969 Z34.8430 E0.21147 F1700
G1 X90.5260 Y138.1979 Z34.7636 E0.21177 F1700
G1 X89.9934 Y137.4847 Z34.6702 E0.21209 F1700
G1 X89.4797 Y136.7578 Z34.5653 E0.21239 F1700
G1 X88.9852 Y136.0177 Z34.4514 E0.21265 F1700
G1 X88.5102 Y135.2650 Z34.3314 E0.21284 F1700
G1 X88.0551 Y134.5000 Z34.2083 E0.21294 F1700
G1 X87.6202 Y133.7234 Z34.0853 E0.21294 F1700
G1 X87.2058 Y132.9357 Z33.9653 E0.21284 F1700
G1 X86.8121 Y132.1374 Z33.8514 E0.21265 F1700
G1 X86.4395 Y131.3290 Z33.7464 E0.21239 F1700
G1 X86.0881 Y130.5112 Z33.6531 E0.21209 F1700
G1 X85.7583 Y129.6845 Z33.5736 E0.21177 F1700
G1 X85.4502 Y128.8494 Z33.5101 E0.21147 F1700
G1 X85.1641 Y128.0066 Z33.4642 E0.21121 F1700
G1 X84.9001 Y127.1565 Z33.4369 E0.21103 F1700
G1 X84.6585 Y126.2998 Z33.4292 E0.21094 F1700
G1 X84.4394 Y125.4371 Z33.4411 E0.21095 F1700
G1 X84.2430 Y124.5690 Z33.4725 E0.21106 F1700
G1 X84.0693 Y123.6960 Z33.5226 E0.21127 F1700
G1 X83.9186 Y122.8188 Z33.5903 E0.21154 F1700
G1 X83.7909 Y121.9379 Z33.6739 E0.21186 F1700
G1 X83.6863 Y121.0540 Z33.7714 E0.21220 F1700
G1 X83.6048 Y120.1676 Z33.8806 E0.21251 F1700
G1 X83.5466 Y119.2794 Z33.9986 E0.21278 F1700
G1 X83.5117 Y118.3900 Z34.1228 E0.21297 F1700
G1 X83.5000 Y117.5000 Z34.2500 E0.21308 F1700
G1 X83.5117 Y116.6100 Z34.3772 E0.21308 F1700
G1 X83.5466 Y115.7206 Z34.5014 E0.21297 F1700
G1 X83.6048 Y114.8324 Z34.6194 E0.21278 F1700
G1 X83.6863 Y113.9460 Z34.7286 E0.21251 F1700
G1 X83.7909 Y113.0621 Z34.8261 E0.21220 F1700
G1 X83.9186 Y112.1812 Z34.9097 E0.21186 F1700
G1 X84.0693 Y111.3040 Z34.9774 E0.21154 F1700
G1 X84.2430 Y110.4310 Z35.0275 E0.21127 F1700
G1 X84.4394 Y109.5629 Z35.0589 E0.21106 F1700
G1 X84.6585 Y108.7002 Z35.0708 E0.21095 F1700
G1 X84.9001 Y107.8435 Z35.0631 E0.21094 F1700
G1 X85.1641 Y106.9934 Z35.0358 E0.21103 F1700
G1 X85.4502 Y106.1506 Z34.9899 E0.21121 F1700
G1 X85.7583 Y105.3155 Z34.9264 E0.21147 F1700
G1 X86.0881 Y104.4888 Z34.8469 E0.21177 F1700
G1 X86.4395 Y103.6710 Z34.7536 E0.21209 F1700
G1 X86.8121 Y102.8626 Z34.6486 E0.21239 F1700
G1 X87.2058 Y102.0643 Z34.5347 E0.21265 F1700
G1 X87.6202 Y101.2766 Z34.4147 E0.21284 F1700
G1 X88.0551 Y100.5000 Z34.2917 E0.21294 F1700
G1 X88.5102 Y99.7350 Z34.1686 E0.21294 F1700
G1 X88.9852 Y98.9823 Z34.0486 E0.21284 F1700
G1 X89.4797 Y98.2422 Z33.9347 E0.21265 F1700
G1 X89.9934 Y97.5153 Z33.8298 E0.21239 F1700
G1 X90.5260 Y96.8021 Z33.7364 E0.21209 F1700
G1 X91.0770 Y96.1031 Z33.6570 E0.21177 F1700
G1 X91.6462 Y95.4188 Z33.5934 E0.21147 F1700
G1 X92.2331 Y94.7496 Z33.5475 E0.21121 F1700
G1 X92.8373 Y94.0959 Z33.5203 E0.21103 F1700
G1 X93.4584 Y93.4584 Z33.5125 E0.21094 F1700
G1 X94.0959 Y92.8373 Z33.5244 E0.21095 F1700
G1 X94.7496 Y92.2331 Z33.5558 E0.21106 F1700
G1 X95.4188 Y91.6462 Z33.6059 E0.21127 F1700
G1 X96.1031 Y91.0770 Z33.6736 E0.21154 F1700
G1 X96.8021 Y90.5260 Z33.7572 E0.21186 F1700
G1 X97.5153 Y89.9934 Z33.8548 E0.21220 F1700
G1 X98.2422 Y89.4797 Z33.9639 E0.21251 F1700
G1 X98.9823 Y88.9852 Z34.0820 E0.21278 F1700
G1 X99.7350 Y88.5102 Z34.2061 E0.21297 F1700
G1 X100.5000 Y88.0551 Z34.3333 E0.21308 F1700
G1 X101.2766 Y87.6202 Z34.4606 E0.21308 F1700
G1 X102.0643 Y87.2058 Z34.5847 E0.21297 F1700
G1 X102.8626 Y86.8121 Z34.7028 E0.21278 F1700
G1 X103.6710 Y86.4395 Z34.8119 E0.21251 F1700
G1 X104.4888 Y86.0881 Z34.9094 E0.21220 F1700
G1 X105.3155 Y85.7583 Z34.9930 E0.21186 F1700
G1 X106.1506 Y85.4502 Z35.0607 E0.21154 F1700
G1 X106.9934 Y85.1641 Z35.1108 E0.21127 F1700
G1 X107.8435 Y84.9001 Z35.1422 E0.21106 F1700
G1 X108.7002 Y84.6585 Z35.1542 E0.21095 F1700
G1 X109.5629 Y84.4394 Z35.1464 E0.21094 F1700
G1 X110.4310 Y84.2430 Z35.1192 E0.21103 F1700
G1 X111.3040 Y84.0693 Z35.0732 E0.21121 F1700
G1 X112.1812 Y83.9186 Z35.0097 E0.21147 F1700
G1 X113.0621 Y83.7909 Z34.9303 E0.21177 F1700
G1 X113.9460 Y83.6863 Z34.8369 E0.21209 F1700
G1 X114.8324 Y83.6048 Z34.7319 E0.21239 F1700
G1 X115.7206 Y83.5466 Z34.6180 E0.21265 F1700
G1 X116.6100 Y83.5117 Z34.4981 E0.21284 F1700
G1 X117.5000 Y83.5000 Z34.3750 E0.21294 F1700
G1 X118.3900 Y83.5117 Z34.2519 E0.21294 F1700
G1 X119.2794 Y83.5466 Z34.1320 E0.21284 F1700
G1 X120.1676 Y83.6048 Z34.0181 E0.21265 F1700
G1 X121.0540 Y83.6863 Z33.9131 E0.21239 F1700
G1 X121.9379 Y83.7909 Z33.8197 E0.21209 F1700
G1 X122.8188 Y83.9186 Z33.7403 E0.21177 F1700
G1 X123.6960 Y84.0693 Z33.6768 E0.21147 F1700
G1 X124.5690 Y84.2430 Z33.6308 E0.21121 F1700
G1 X125.4371 Y84.4394 Z33.6036 E0.21103 F1700
G1 X126.2998 Y84.6585 Z33.5958 E0.21094 F1700
G1 X127.1565 Y84.9001 Z33.6078 E0.21095 F1700
G1 X128.0066 Y85.1641 Z33.6392 E0.21106 F1700
G1 X128.8494 Y85.4502 Z33.6893 E0.21127 F1700
G1 X129.6845 Y85.7583 Z33.7570 E0.21154 F1700
G1 X130.5112 Y86.0881 Z33.8406 E0.21186 F1700
G1 X131.3290 Y86.4395 Z33.9381 E0.21220 F1700
G1 X132.1374 Y86.8121 Z34.0472 E0.21251 F1700
G1 X132.9357 Y87.2058 Z34.1653 E0.21278 F1700
G1 X133.7234 Y87.6202 Z34.2894 E0.21297 F1700
G1 X134.5000 Y88.0551 Z34.4167 E0.21308 F1700
G1 X135.2650 Y88.5102 Z34.5439 E0.21308 F1700
G1 X136.0177 Y88.9852 Z34.6680 E0.21297 F1700
G1 X136.7578 Y89.4797 Z34.7861 E0.21278 F1700
G1 X137.4847 Y89.9934 Z34.8952 E0.21251 F1700
G1 X138.1979 Y90.5260 Z34.9928 E0.21220 F1700
G1 X138.8969 Y91.0770 Z35.0764 E0.21186 F1700
G1 X139.5812 Y91.6462 Z35.1441 E0.21154 F1700
G1 X140.2504 Y92.2331 Z35.1942 E0.21127 F1700
G1 X140.9041 Y92.8373 Z35.2256 E0.21106 F1700
G1 X141.5416 Y93.4584 Z35.2375 E0.21095 F1700
G1 X142.1627 Y94.0959 Z35.2297 E0.21094 F1700
G1 X142.7669 Y94.7496 Z35.2025 E0.21103 F1700
G1 X143.3538 Y95.4188 Z35.1566 E0.21121 F1700
G1 X143.9230 Y96.1031 Z35.0930 E0.21147 F1700
G1 X144.4740 Y96.8021 Z35.0136 E0.21177 F1700
G1 X145.0066 Y97.5153 Z34.9202 E0.21209 F1700
G1 X145.5203 Y98.2422 Z34.8153 E0.21239 F1700
G1 X146.0148 Y98.9823 Z34.7014 E0.21265 F1700
G1 X146.4898 Y99.7350 Z34.5814 E0.21284 F1700
G1 X146.9449 Y100.5000 Z34.4583 E0.21294 F1700
G1 X147.3798 Y101.2766 Z34.3353 E0.21294 F1700
G1 X147.7942 Y102.0643 Z34.2153 E0.21284 F1700
G1 X148.1879 Y102.8626 Z34.1014 E0.21265 F1700
G1 X148.5605 Y103.6710 Z33.9964 E0.21239 F1700
G1 X148.9119 Y104.4888 Z33.9031 E0.21209 F1700
G1 X149.2417 Y105.3155 Z33.8236 E0.21177 F1700
G1 X149.5498 Y106.1506 Z33.7601 E0.21147 F1700
G1 X149.8359 Y106.9934 Z33.7142 E0.21121 F1700
G1 X150.0999 Y107.8435 Z33.6869 E0.21103 F1700
G1 X150.3415 Y108.7002 Z33.6792 E0.21094 F1700
G1 X150.5606 Y109.5629 Z33.6911 E0.21095 F1700
G1 X150.7570 Y110.4310 Z33.7225 E0.21106 F1700
G1 X150.9307 Y111.3040 Z33.7726 E0.21127 F1700
G1 X151.0814 Y112.1812 Z33.8403 E0.21154 F1700
G1 X151.2091 Y113.0621 Z33.9239 E0.21186 F1700
G1 X151.3137 Y113.9460 Z34.0214 E0.21220 F1700
G1 X151.3952 Y114.8324 Z34.1306 E0.21251 F1700
G1 X151.4534 Y115.7206 Z34.2486 E0.21278 F1700
G1 X151.4883 Y116.6100 Z34.3728 E0.21297 F1700
G1 X151.5000 Y117.5000 Z34.5000 E0.21308 F1700
G1 X151.4883 Y118.3900 Z34.6272 E0.21308 F1700
G1 X151.4534 Y119.2794 Z34.7514 E0.21297 F1700
G1 X151.3952 Y120.1676 Z34.8694 E0.21278 F1700
G1 X151.3137 Y121.0540 Z34.9786 E0.21251 F1700
G1 X151.2091 Y121.9379 Z35.0761 E0.21220 F1700
G1 X151.0814 Y122.8188 Z35.1597 E0.21186 F1700
G1 X150.9307 Y123.6960 Z35.2274 E0.21154 F1700
G1 X150.7570 Y124.5690 Z35.2775 E0.21127 F1700
G1 X150.5606 Y125.4371 Z35.3089 E0.21106 F1700
G1 X150.3415 Y126.2998 Z35.3208 E0.21095 F1700
G1 X150.0999 Y127.1565 Z35.3131 E0.21094 F1700
G1 X149.8359 Y128.0066 Z35.2858 E0.21103 F1700
G1 X149.5498 Y128.8494 Z35.2399 E0.21121 F1700
G1 X149.2417 Y129.6845 Z35.1764 E0.21147 F1700
G1 X148.9119 Y130.5112 Z35.0969 E0.21177 F1700
G1 X148.5605 Y131.3290 Z35.0036 E0.21209 F1700
G1 X148.1879 Y132.1374 Z34.8986 E0.21239 F1700
G1 X147.7942 Y132.9357 Z34.7847 E0.21265 F1700
G1 X147.3798 Y133.7234 Z34.6647 E0.21284 F1700
G1 X146.9449 Y134.5000 Z34.5417 E0.21294 F1700
G1 X146.4898 Y135.2650 Z34.4186 E0.21294 F1700
G1 X146.0148 Y136.0177 Z34.2986 E0.21284 F1700
G1 X145.5203 Y136.7578 Z34.1847 E0.21265 F1700
G1 X145.0066 Y137.4847 Z34.0798 E0.21239 F1700
G1 X144.4740 Y138.1979 Z33.9864 E0.21209 F1700
G1 X143.9230 Y138.8969 Z33.9070 E0.21177 F1700
G1 X143.3538 Y139.5812 Z33.8434 E0.21147 F1700
G1 X142.7669 Y140.2504 Z33.7975 E0.21121 F1700
G1 X142.1627 Y140.9041 Z33.7703 E0.21103 F1700
G1 X141.5416 Y141.5416 Z33.7625 E0.21094 F1700
G1 X140.9041 Y142.1627 Z33.7744 E0.21095 F1700
G1 X140.2504 Y142.7669 Z33.8058 E0.21106 F1700
G1 X139.5812 Y143.3538 Z33.8559 E0.21127 F1700
G1 X138.8969 Y143.9230 Z33.9236 E0.21154 F1700
G1 X138.1979 Y144.4740 Z34.0072 E0.21186 F1700
G1 X137.4847 Y145.0066 Z34.1048 E0.21220 F1700
G1 X136.7578 Y145.5203 Z34.2139 E0.21251 F1700
G1 X136.0177 Y146.0148 Z34.3320 E0.21278 F1700
G1 X135.2650 Y146.4898 Z34.4561 E0.21297 F1700
G1 X134.5000 Y146.9449 Z34.5833 E0.21308 F1700
G1 X133.7234 Y147.3798 Z34.7106 E0.21308 F1700
G1 X132.9357 Y147.7942 Z34.8347 E0.21297 F1700
G1 X132.1374 Y148.1879 Z34.9528 E0.21278 F1700
G1 X131.3290 Y148.5605 Z35.0619 E0.21251 F1700
G1 X130.5112 Y148.9119 Z35.1594 E0.21220 F1700
G1 X129.6845 Y149.2417 Z35.2430 E0.21186 F1700
G1 X128.8494 Y149.5498 Z35.3107 E0.21154 F1700
G1 X128.0066 Y149.8359 Z35.3608 E0.21127 F1700
G1 X127.1565 Y150.0999 Z35.3922 E0.21106 F1700
G1 X126.2998 Y150.3415 Z35.4042 E0.21095 F1700
G1 X125.4371 Y150.5606 Z35.3964 E0.21094 F1700
G1 X124.5690 Y150.7570 Z35.3692 E0.21103 F1700
G1 X123.6960 Y150.9307 Z35.3232 E0.21121 F1700
G1 X122.8188 Y151.0814 Z35.2597 E0.21147 F1700
G1 X121.9379 Y151.2091 Z35.1803 E0.21177 F1700
G1 X121.0540 Y151.3137 Z35.0869 E0.21209 F1700
G1 X120.1676 Y151.3952 Z34.9819 E0.21239 F1700
G1 X119.2794 Y151.4534 Z34.8680 E0.21265 F1700
G1 X118.3900 Y151.4883 Z34.7481 E0.21284 F1700
G1 X117.5000 Y151.5000 Z34.6250 E0.21294 F1700
G1 X116.6100 Y151.4883 Z34.5019 E0.21294 F1700
G1 X115.7206 Y151.4534 Z34.3820 E0.21284 F1700
G1 X114.8324 Y151.3952 Z34.2681 E0.21265 F1700
G1 X113.9460 Y151.3137 Z34.1631 E0.21239 F1700
G1 X113.0621 Y151.2091 Z34.0697 E0.21209 F1700
G1 X112.1812 Y151.0814 Z33.9903 E0.21177 F1700
G1 X111.3040 Y150.9307 Z33.9268 E0.21147 F1700
G1 X110.4310 Y150.7570 Z33.8808 E0.21121 F1700
G1 X109.5629 Y150.5606 Z33.8536 E0.21103 F1700
G1 X108.7002 Y150.3415 Z33.8458 E0.21094 F1700
G1 X107.8435 Y150.0999 Z33.8578 E0.21095 F1700
G1 X106.9934 Y149.8359 Z33.8892 E0.21106 F1700
G1 X106.1506 Y149.5498 Z33.9393 E0.21127 F1700
G1 X105.3155 Y149.2417 Z34.0070 E0.21154 F1700
G1 X104.4888 Y148.9119 Z34.0906 E0.21186 F1700
G1 X103.6710 Y148.5605 Z34.1881 E0.21220 F1700
G1 X102.8626 Y148.1879 Z34.2972 E0.21251 F1700
G1 X102.0643 Y147.7942 Z34.4153 E0.21278 F1700
G1 X101.2766 Y147.3798 Z34.5394 E0.21297 F1700
G1 X100.5000 Y146.9449 Z34.6667 E0.21308 F1700
G1 X99.7350 Y146.4898 Z34.7939 E0.21308 F1700
G1 X98.9823 Y146.0148 Z34.9180 E0.21297 F1700
G1 X98.2422 Y145.5203 Z35.0361 E0.21278 F1700
G1 X97.5153 Y145.0066 Z35.1452 E0.21251 F1700
G1 X96.8021 Y144.4740 Z35.2428 E0.21220 F1700
G1 X96.1031 Y143.9230 Z35.3264 E0.21186 F1700
G1 X95.4188 Y143.3538 Z35.3941 E0.21154 F1700
G1 X94.7496 Y142.7669 Z35.4442 E0.21127 F1700
G1 X94.0959 Y142.1627 Z35.4756 E0.21106 F1700
G1 X93.4584 Y141.5416 Z35.4875 E0.21095 F1700
G1 X92.8373 Y140.9041 Z35.4797 E0.21094 F1700
G1 X92.2331 Y140.2504 Z35.4525 E0.21103 F1700
G1 X91.6462 Y139.5812 Z35.4066 E0.21121 F1700
G1 X91.0770 Y138.8969 Z35.3430 E0.21147 F1700
G1 X90.5260 Y138.1979 Z35.2636 E0.21177 F1700
G1 X89.9934 Y137.4847 Z35.1702 E0.21209 F1700
G1 X89.4797 Y136.7578 Z35.0653 E0.21239 F1700
G1 X88.9852 Y136.0177 Z34.9514 E0.21265 F1700
G1 X88.5102 Y135.2650 Z34.8314 E0.21284 F1700
G1 X88.0551 Y134.5000 Z34.7083 E0.21294 F1700
G1 X87.6202 Y133.7234 Z34.5853 E0.21294 F1700
G1 X87.2058 Y132.9357 Z34.4653 E0.21284 F1700
G1 X86.8121 Y132.1374 Z34.3514 E0.21265 F1700
G1 X86.4395 Y131.3290 Z34.2464 E0.21239 F1700
G1 X86.0881 Y130.5112 Z34.1531 E0.21209 F1700
G1 X85.7583 Y129.6845 Z34.0736 E0.21177 F1700
G1 X85.4502 Y128.8494 Z34.0101 E0.21147 F1700
G1 X85.1641 Y128.0066 Z33.9642 E0.21121 F1700
G1 X84.9001 Y127.1565 Z33.9369 E0.21103 F1700
G1 X84.6585 Y126.2998 Z33.9292 E0.21094 F1700
G1 X84.4394 Y125.4371 Z33.9411 E0.21095 F1700
G1 X84.2430 Y124.5690 Z33.9725 E0.21106 F1700
G1 X84.0693 Y123.6960 Z34.0226 E0.21127 F1700
G1 X83.9186 Y122.8188 Z34.0903 E0.21154 F1700
G1 X83.7909 Y121.9379 Z34.1739 E0.21186 F1700
G1 X83.6863 Y121.0540 Z34.2714 E0.21220 F1700
G1 X83.6048 Y120.1676 Z34.3806 E0.21251 F1700
G1 X83.5466 Y119.2794 Z34.4986 E0.21278 F1700
G1 X83.5117 Y118.3900 Z34.6228 E0.21297 F1700
G1 X83.5000 Y117.5000 Z34.7500 E0.21308 F1700
G1 X83.5117 Y116.6100 Z34.8772 E0.21308 F1700
G1 X83.5466 Y115.7206 Z35.0014 E0.21297 F1700
G1 X83.6048 Y114.8324 Z35.1194 E0.21278 F1700
G1 X83.6863 Y113.9460 Z35.2286 E0.21251 F1700
G1 X83.7909 Y113.0621 Z35.3261 E0.21220 F1700
G1 X83.9186 Y112.1812 Z35.4097 E0.21186 F1700
G1 X84.0693 Y111.3040 Z35.4774 E0.21154 F1700
G1 X84.2430 Y110.4310 Z35.5275 E0.21127 F1700
G1 X84.4394 Y109.5629 Z35.5589 E0.21106 F1700
G1 X84.6585 Y108.7002 Z35.5708 E0.21095 F1700
G1 X84.9001 Y107.8435 Z35.5631 E0.21094 F1700
G1 X85.1641 Y106.9934 Z35.5358 E0.21103 F1700
G1 X85.4502 Y106.1506 Z35.4899 E0.21121 F1700
G1 X85.7583 Y105.3155 Z35.4264 E0.21147 F1700
G1 X86.0881 Y104.4888 Z35.3469 E0.21177 F1700
G1 X86.4395 Y103.6710 Z35.2536 E0.21209 F1700
G1 X86.8121 Y102.8626 Z35.1486 E0.21239 F1700
G1 X87.2058 Y102.0643 Z35.0347 E0.21265 F1700
G1 X87.6202 Y101.2766 Z34.9147 E0.21284 F1700
G1 X88.0551 Y100.5000 Z34.7917 E0.21294 F1700
G1 X88.5102 Y99.7350 Z34.6686 E0.21294 F1700
G1 X88.9852 Y98.9823 Z34.5486 E0.21284 F1700
G1 X89.4797 Y98.2422 Z34.4347 E0.21265 F1700
G1 X89.9934 Y97.5153 Z34.3298 E0.21239 F1700
G1 X90.5260 Y96.8021 Z34.2364 E0.21209 F1700
G1 X91.0770 Y96.1031 Z34.1570 E0.21177 F1700
G1 X91.6462 Y95.4188 Z34.0934 E0.21147 F1700
G1 X92.2331 Y94.7496 Z34.0475 E0.21121 F1700
G1 X92.8373 Y94.0959 Z34.0203 E0.21103 F1700
G1 X93.4584 Y93.4584 Z34.0125 E0.21094 F1700
G1 X94.0959 Y92.8373 Z34.0244 E0.21095 F1700
G1 X94.7496 Y92.2331 Z34.0558 E0.21106 F1700
G1 X95.4188 Y91.6462 Z34.1059 E0.21127 F1700
G1 X96.1031 Y91.0770 Z34.1736 E0.21154 F1700
G1 X96.8021 Y90.5260 Z34.2572 E0.21186 F1700
G1 X97.5153 Y89.9934 Z34.3548 E0.21220 F1700
G1 X98.2422 Y89.4797 Z34.4639 E0.21251 F1700
G1 X98.9823 Y88.9852 Z34.5820 E0.21278 F1700
G1 X99.7350 Y88.5102 Z34.7061 E0.21297 F1700
G1 X100.5000 Y88.0551 Z34.8333 E0.21308 F1700
G1 X101.2766 Y87.6202 Z34.9606 E0.21308 F1700
G1 X102.0643 Y87.2058 Z35.0847 E0.21297 F1700
G1 X102.8626 Y86.8121 Z35.2028 E0.21278 F1700
G1 X103.6710 Y86.4395 Z35.3119 E0.21251 F1700
G1 X104.4888 Y86.0881 Z35.4094 E0.21220 F1700
G1 X105.3155 Y85.7583 Z35.4930 E0.21186 F1700
G1 X106.1506 Y85.4502 Z35.5607 E0.21154 F1700
G1 X106.9934 Y85.1641 Z35.6108 E0.21127 F1700
G1 X107.8435 Y84.9001 Z35.6422 E0.21106 F1700
G1 X108.7002 Y84.6585 Z35.6542 E0.21095 F1700
G1 X109.5629 Y84.4394 Z35.6464 E0.21094 F1700
G1 X110.4310 Y84.2430 Z35.6192 E0.21103 F1700
G1 X111.3040 Y84.0693 Z35.5732 E0.21121 F1700
G1 X112.1812 Y83.9186 Z35.5097 E0.21147 F1700
G1 X113.0621 Y83.7909 Z35.4303 E0.21177 F1700
G1 X113.9460 Y83.6863 Z35.3369 E0.21209 F1700
G1 X114.8324 Y83.6048 Z35.2319 E0.21239 F1700
G1 X115.7206 Y83.5466 Z35.1180 E0.21265 F1700
G1 X116.6100 Y83.5117 Z34.9981 E0.21284 F1700
G1 X117.5000 Y83.5000 Z34.8750 E0.21294 F1700
G1 X118.3900 Y83.5117 Z34.7519 E0.21294 F1700
G1 X119.2794 Y83.5466 Z34.6320 E0.21284 F1700
G1 X120.1676 Y83.6048 Z34.5181 E0.21265 F1700
G1 X121.0540 Y83.6863 Z34.4131 E0.21239 F1700
G1 X121.9379 Y83.7909 Z34.3197 E0.21209 F1700
G1 X122.8188 Y83.9186 Z34.2403 E0.21177 F1700
G1 X123.6960 Y84.0693 Z34.1768 E0.21147 F1700
G1 X124.5690 Y84.2430 Z34.1308 E0.21121 F1700
G1 X125.4371 Y84.4394 Z34.1036 E0.21103 F1700
G1 X126.2998 Y84.6585 Z34.0958 E0.21094 F1700
G1 X127.1565 Y84.9001 Z34.1078 E0.21095 F1700
G1 X128.0066 Y85.1641 Z34.1392 E0.21106 F1700
G1 X128.8494 Y85.4502 Z34.1893 E0.21127 F1700
G1 X129.6845 Y85.7583 Z34.2570 E0.21154 F1700
G1 X130.5112 Y86.0881 Z34.3406 E0.21186 F1700
G1 X131.3290 Y86.4395 Z34.4381 E0.21220 F1700
G1 X132.1374 Y86.8121 Z34.5472 E0.21251 F1700
G1 X132.9357 Y87.2058 Z34.6653 E0.21278 F1700
G1 X133.7234 Y87.6202 Z34.7894 E0.21297 F1700
G1 X134.5000 Y88.0551 Z34.9167 E0.21308 F1700
G1 X135.2650 Y88.5102 Z35.0439 E0.21308 F1700
G1 X136.0177 Y88.9852 Z35.1680 E0.21297 F1700
G1 X136.7578 Y89.4797 Z35.2861 E0.21278 F1700
G1 X137.4847 Y89.9934 Z35.3952 E0.21251 F1700
G1 X138.1979 Y90.5260 Z35.4928 E0.21220 F1700
G1 X138.8969 Y91.0770 Z35.5764 E0.21186 F1700
G1 X139.5812 Y91.6462 Z35.6441 E0.21154 F1700
G1 X140.2504 Y92.2331 Z35.6942 E0.21127 F1700
G1 X140.9041 Y92.8373 Z35.7256 E0.21106 F1700
G1 X141.5416 Y93.4584 Z35.7375 E0.21095 F1700
G1 X142.1627 Y94.0959 Z35.7297 E0.21094 F1700
G1 X142.7669 Y94.7496 Z35.7025 E0.21103 F1700
G1 X143.3538 Y95.4188 Z35.6566 E0.21121 F1700
G1 X143.9230 Y96.1031 Z35.5930 E0.21147 F1700
G1 X144.4740 Y96.8021 Z35.5136 E0.21177 F1700
G1 X145.0066 Y97.5153 Z35.4202 E0.21209 F1700
G1 X145.5203 Y98.2422 Z35.3153 E0.21239 F1700
G1 X146.0148 Y98.9823 Z35.2014 E0.21265 F1700
G1 X146.4898 Y99.7350 Z35.0814 E0.21284 F1700
G1 X146.9449 Y100.5000 Z34.9583 E0.21294 F1700
G1 X147.3798 Y101.2766 Z34.8353 E0.21294 F1700
G1 X147.7942 Y102.0643 Z34.7153 E0.21284 F1700
G1 X148.1879 Y102.8626 Z34.6014 E0.21265 F1700
G1 X148.5605 Y103.6710 Z34.4964 E0.21239 F1700
G1 X148.9119 Y104.4888 Z34.4031 E0.21209 F1700
G1 X149.2417 Y105.3155 Z34.3236 E0.21177 F1700
G1 X149.5498 Y106.1506 Z34.2601 E0.21147 F1700
G1 X149.8359 Y106.9934 Z34.2142 E0.21121 F1700
G1 X150.0999 Y107.8435 Z34.1869 E0.21103 F1700
G1 X150.3415 Y108.7002 Z34.1792 E0.21094 F1700
G1 X150.5606 Y109.5629 Z34.1911 E0.21095 F1700
G1 X150.7570 Y110.4310 Z34.2225 E0.21106 F1700
G1 X150.9307 Y111.3040 Z34.2726 E0.21127 F1700
G1 X151.0814 Y112.1812 Z34.3403 E0.21154 F1700
G1 X151.2091 Y113.0621 Z34.4239 E0.21186 F1700
G1 X151.3137 Y113.9460 Z34.5214 E0.21220 F1700
G1 X151.3952 Y114.8324 Z34.6306 E0.21251 F1700
G1 X151.4534 Y115.7206 Z34.7486 E0.21278 F1700
G1 X151.4883 Y116.6100 Z34.8728 E0.21297 F1700
G1 X151.5000 Y117.5000 Z35.0000 E0.21308 F1700
G1 X151.4883 Y118.3900 Z35.1272 E0.21308 F1700
G1 X151.4534 Y119.2794 Z35.2514 E0.21297 F1700
G1 X151.3952 Y120.1676 Z35.3694 E0.21278 F1700
G1 X151.3137 Y121.0540 Z35.4786 E0.21251 F1700
G1 X151.2091 Y121.9379 Z35.5761 E0.21220 F1700
G1 X151.0814 Y122.8188 Z35.6597 E0.21186 F1700
G1 X150.9307 Y123.6960 Z35.7274 E0.21154 F1700
G1 X150.7570 Y124.5690 Z35.7775 E0.21127 F1700
G1 X150.5606 Y125.4371 Z35.8089 E0.21106 F1700
G1 X150.3415 Y126.2998 Z35.8208 E0.21095 F1700
G1 X150.0999 Y127.1565 Z35.8131 E0.21094 F1700
G1 X149.8359 Y128.0066 Z35.7858 E0.21103 F1700
G1 X149.5498 Y128.8494 Z35.7399 E0.21121 F1700
G1 X149.2417 Y129.6845 Z35.6764 E0.21147 F1700
G1 X148.9119 Y130.5112 Z35.5969 E0.21177 F1700
G1 X148.5605 Y131.3290 Z35.5036 E0.21209 F1700
G1 X148.1879 Y132.1374 Z35.3986 E0.21239 F1700
G1 X147.7942 Y132.9357 Z35.2847 E0.21265 F1700
G1 X147.3798 Y133.7234 Z35.1647 E0.21284 F1700
G1 X146.9449 Y134.5000 Z35.0417 E0.21294 F1700
G1 X146.4898 Y135.2650 Z34.9186 E0.21294 F1700
G1 X146.0148 Y136.0177 Z34.7986 E0.21284 F1700
G1 X145.5203 Y136.7578 Z34.6847 E0.21265 F1700
G1 X145.0066 Y137.4847 Z34.5798 E0.21239 F1700
G1 X144.4740 Y138.1979 Z34.4864 E0.21209 F1700
G1 X143.9230 Y138.8969 Z34.4070 E0.21177 F1700
G1 X143.3538 Y139.5812 Z34.3434 E0.21147 F1700
G1 X142.7669 Y140.2504 Z34.2975 E0.21121 F1700
G1 X142.1627 Y140.9041 Z34.2703 E0.21103 F1700
G1 X141.5416 Y141.5416 Z34.2625 E0.21094 F1700
G1 X140.9041 Y142.1627 Z34.2744 E0.21095 F1700
G1 X140.2504 Y142.7669 Z34.3058 E0.21106 F1700
G1 X139.5812 Y143.3538 Z34.3559 E0.21127 F1700
G1 X138.8969 Y143.9230 Z34.4236 E0.21154 F1700
G1 X138.1979 Y144.4740 Z34.5072 E0.21186 F1700
G1 X137.4847 Y145.0066 Z34.6048 E0.21220 F1700
G1 X136.7578 Y145.5203 Z34.7139 E0.21251 F1700
G1 X136.0177 Y146.0148 Z34.8320 E0.21278 F1700
G1 X135.2650 Y146.4898 Z34.9561 E0.21297 F1700
G1 X134.5000 Y146.9449 Z35.0833 E0.21308 F1700
G1 X133.7234 Y147.3798 Z35.2106 E0.21308 F1700
G1 X132.9357 Y147.7942 Z35.3347 E0.21297 F1700
G1 X132.1374 Y148.1879 Z35.4528 E0.21278 F1700
G1 X131.3290 Y148.5605 Z35.5619 E0.21251 F1700
G1 X130.5112 Y148.9119 Z35.6594 E0.21220 F1700
G1 X129.6845 Y149.2417 Z35.7430 E0.21186 F1700
G1 X128.8494 Y149.5498 Z35.8107 E0.21154 F1700
G1 X128.0066 Y149.8359 Z35.8608 E0.21127 F1700
G1 X127.1565 Y150.0999 Z35.8922 E0.21106 F1700
G1 X126.2998 Y150.3415 Z35.9042 E0.21095 F1700
G1 X125.4371 Y150.5606 Z35.8964 E0.21094 F1700
G1 X124.5690 Y150.7570 Z35.8692 E0.21103 F1700
G1 X123.6960 Y150.9307 Z35.8232 E0.21121 F1700
G1 X122.8188 Y151.0814 Z35.7597 E0.21147 F1700
G1 X121.9379 Y151.2091 Z35.6803 E0.21177 F1700
G1 X121.0540 Y151.3137 Z35.5869 E0.21209 F1700
G1 X120.1676 Y151.3952 Z35.4819 E0.21239 F1700
G1 X119.2794 Y151.4534 Z35.3680 E0.21265 F1700
G1 X118.3900 Y151.4883 Z35.2481 E0.21284 F1700
G1 X117.5000 Y151.5000 Z35.1250 E0.21294 F1700
G1 X116.6100 Y151.4883 Z35.0019 E0.21294 F1700
G1 X115.7206 Y151.4534 Z34.8820 E0.21284 F1700
G1 X114.8324 Y151.3952 Z34.7681 E0.21265 F1700
G1 X113.9460 Y151.3137 Z34.6631 E0.21239 F1700
G1 X113.0621 Y151.2091 Z34.5697 E0.21209 F1700
G1 X112.1812 Y151.0814 Z34.4903 E0.21177 F1700
G1 X111.3040 Y150.9307 Z34.4268 E0.21147 F1700
G1 X110.4310 Y150.7570 Z34.3808 E0.21121 F1700
G1 X109.5629 Y150.5606 Z34.3536 E0.21103 F1700
G1 X108.7002 Y150.3415 Z34.3458 E0.21094 F1700
G1 X107.8435 Y150.0999 Z34.3578 E0.21095 F1700
G1 X106.9934 Y149.8359 Z34.3892 E0.21106 F1700
G1 X106.1506 Y149.5498 Z34.4393 E0.21127 F1700
G1 X105.3155 Y149.2417 Z34.5070 E0.21154 F1700
G1 X104.4888 Y148.9119 Z34.5906 E0.21186 F1700
G1 X103.6710 Y148.5605 Z34.6881 E0.21220 F1700
G1 X102.8626 Y148.1879 Z34.7972 E0.21251 F1700
G1 X102.0643 Y147.7942 Z34.9153 E0.21278 F1700
G1 X101.2766 Y147.3798 Z35.0394 E0.21297 F1700
G1 X100.5000 Y146.9449 Z35.1667 E0.21308 F1700
G1 X99.7350 Y146.4898 Z35.2939 E0.21308 F1700
G1 X98.9823 Y146.0148 Z35.4180 E0.21297 F1700
G1 X98.2422 Y145.5203 Z35.5361 E0.21278 F1700
G1 X97.5153 Y145.0066 Z35.6452 E0.21251 F1700
G1 X96.8021 Y144.4740 Z35.7428 E0.21220 F1700
G1 X96.1031 Y143.9230 Z35.8264 E0.21186 F1700
G1 X95.4188 Y143.3538 Z35.8941 E0.21154 F1700
G1 X94.7496 Y142.7669 Z35.9442 E0.21127 F1700
G1 X94.0959 Y142.1627 Z35.9756 E0.21106 F1700
G1 X93.4584 Y141.5416 Z35.9875 E0.21095 F1700
G1 X92.8373 Y140.9041 Z35.9797 E0.21094 F1700
G1 X92.2331 Y140.2504 Z35.9525 E0.21103 F1700
G1 X91.6462 Y139.5812 Z35.9066 E0.21121 F1700
G1 X91.0770 Y138.8969 Z35.8430 E0.21147 F1700
G1 X90.5260 Y138.1979 Z35.7636 E0.21177 F1700
G1 X89.9934 Y137.4847 Z35.6702 E0.21209 F1700
G1 X89.4797 Y136.7578 Z35.5653 E0.21239 F1700
G1 X88.9852 Y136.0177 Z35.4514 E0.21265 F1700
G1 X88.5102 Y135.2650 Z35.3314 E0.21284 F1700
G1 X88.0551 Y134.5000 Z35.2083 E0.21294 F1700
G1 X87.6202 Y133.7234 Z35.0853 E0.21294 F1700
G1 X87.2058 Y132.9357 Z34.9653 E0.21284 F1700
G1 X86.8121 Y132.1374 Z34.8514 E0.21265 F1700
G1 X86.4395 Y131.3290 Z34.7464 E0.21239 F1700
G1 X86.0881 Y130.5112 Z34.6531 E0.21209 F1700
G1 X85.7583 Y129.6845 Z34.5736 E0.21177 F1700
G1 X85.4502 Y128.8494 Z34.5101 E0.21147 F1700
G1 X85.1641 Y128.0066 Z34.4642 E0.21121 F1700
G1 X84.9001 Y127.1565 Z34.4369 E0.21103 F1700
G1 X84.6585 Y126.2998 Z34.4292 E0.21094 F1700
G1 X84.4394 Y125.4371 Z34.4411 E0.21095 F1700
G1 X84.2430 Y124.5690 Z34.4725 E0.21106 F1700
G1 X84.0693 Y123.6960 Z34.5226 E0.21127 F1700
G1 X83.9186 Y122.8188 Z34.5903 E0.21154 F1700
G1 X83.7909 Y121.9379 Z34.6739 E0.21186 F1700
G1 X83.6863 Y121.0540 Z34.7714 E0.21220 F1700
G1 X83.6048 Y120.1676 Z34.8806 E0.21251 F1700
G1 X83.5466 Y119.2794 Z34.9986 E0.21278 F1700
G1 X83.5117 Y118.3900 Z35.1228 E0.21297 F1700
G1 X83.5000 Y117.5000 Z35.2500 E0.21308 F1700
G1 X83.5117 Y116.6100 Z35.3772 E0.21308 F1700
G1 X83.5466 Y115.7206 Z35.5014 E0.21297 F1700
G1 X83.6048 Y114.8324 Z35.6194 E0.21278 F1700
G1 X83.6863 Y113.9460 Z35.7286 E0.21251 F1700
G1 X83.7909 Y113.0621 Z35.8261 E0.21220 F1700
G1 X83.9186 Y112.1812 Z35.9097 E0.21186 F1700
G1 X84.0693 Y111.3040 Z35.9774 E0.21154 F1700
G1 X84.2430 Y110.4310 Z36.0275 E0.21127 F1700
G1 X84.4394 Y109.5629 Z36.0589 E0.21106 F1700
G1 X84.6585 Y108.7002 Z36.0708 E0.21095 F1700
G1 X84.9001 Y107.8435 Z36.0631 E0.21094 F1700
G1 X85.1641 Y106.9934 Z36.0358 E0.21103 F1700
G1 X85.4502 Y106.1506 Z35.9899 E0.21121 F1700
G1 X85.7583 Y105.3155 Z35.9264 E0.21147 F1700
G1 X86.0881 Y104.4888 Z35.8469 E0.21177 F1700
G1 X86.4395 Y103.6710 Z35.7536 E0.21209 F1700
G1 X86.8121 Y102.8626 Z35.6486 E0.21239 F1700
G1 X87.2058 Y102.0643 Z35.5347 E0.21265 F1700
G1 X87.6202 Y101.2766 Z35.4147 E0.21284 F1700
G1 X88.0551 Y100.5000 Z35.2917 E0.21294 F1700
G1 X88.5102 Y99.7350 Z35.1686 E0.21294 F1700
G1 X88.9852 Y98.9823 Z35.0486 E0.21284 F1700
G1 X89.4797 Y98.2422 Z34.9347 E0.21265 F1700
G1 X89.9934 Y97.5153 Z34.8298 E0.21239 F1700
G1 X90.5260 Y96.8021 Z34.7364 E0.21209 F1700
G1 X91.0770 Y96.1031 Z34.6570 E0.21177 F1700
G1 X91.6462 Y95.4188 Z34.5934 E0.21147 F1700
G1 X92.2331 Y94.7496 Z34.5475 E0.21121 F1700
G1 X92.8373 Y94.0959 Z34.5203 E0.21103 F1700
G1 X93.4584 Y93.4584 Z34.5125 E0.21094 F1700
G1 X94.0959 Y92.8373 Z34.5244 E0.21095 F1700
G1 X94.7496 Y92.2331 Z34.5558 E0.21106 F1700
G1 X95.4188 Y91.6462 Z34.6059 E0.21127 F1700
G1 X96.1031 Y91.0770 Z34.6736 E0.21154 F1700
G1 X96.8021 Y90.5260 Z34.7572 E0.21186 F1700
G1 X97.5153 Y89.9934 Z34.8548 E0.21220 F1700
G1 X98.2422 Y89.4797 Z34.9639 E0.21251 F1700
G1 X98.9823 Y88.9852 Z35.0820 E0.21278 F1700
G1 X99.7350 Y88.5102 Z35.2061 E0.21297 F1700
G1 X100.5000 Y88.0551 Z35.3333 E0.21308 F1700
G1 X101.2766 Y87.6202 Z35.4606 E0.21308 F1700
G1 X102.0643 Y87.2058 Z35.5847 E0.21297 F1700
G1 X102.8626 Y86.8121 Z35.7028 E0.21278 F1700
G1 X103.6710 Y86.4395 Z35.8119 E0.21251 F1700
G1 X104.4888 Y86.0881 Z35.9094 E0.21220 F1700
G1 X105.3155 Y85.7583 Z35.9930 E0.21186 F1700
G1 X106.1506 Y85.4502 Z36.0607 E0.21154 F1700
G1 X106.9934 Y85.1641 Z36.1108 E0.21127 F1700
G1 X107.8435 Y84.9001 Z36.1422 E0.21106 F1700
G1 X108.7002 Y84.6585 Z36.1542 E0.21095 F1700
G1 X109.5629 Y84.4394 Z36.1464 E0.21094 F1700
G1 X110.4310 Y84.2430 Z36.1192 E0.21103 F1700
G1 X111.3040 Y84.0693 Z36.0732 E0.21121 F1700
G1 X112.1812 Y83.9186 Z36.0097 E0.21147 F1700
G1 X113.0621 Y83.7909 Z35.9303 E0.21177 F1700
G1 X113.9460 Y83.6863 Z35.8369 E0.21209 F1700
G1 X114.8324 Y83.6048 Z35.7319 E0.21239 F1700
G1 X115.7206 Y83.5466 Z35.6180 E0.21265 F1700
G1 X116.6100 Y83.5117 Z35.4981 E0.21284 F1700
G1 X117.5000 Y83.5000 Z35.3750 E0.21294 F1700
G1 X118.3900 Y83.5117 Z35.2519 E0.21294 F1700
G1 X119.2794 Y83.5466 Z35.1320 E0.21284 F1700
G1 X120.1676 Y83.6048 Z35.0181 E0.21265 F1700
G1 X121.0540 Y83.6863 Z34.9131 E0.21239 F1700
G1 X121.9379 Y83.7909 Z34.8197 E0.21209 F1700
G1 X122.8188 Y83.9186 Z34.7403 E0.21177 F1700
G1 X123.6960 Y84.0693 Z34.6768 E0.21147 F1700
G1 X124.5690 Y84.2430 Z34.6308 E0.21121 F1700
G1 X125.4371 Y84.4394 Z34.6036 E0.21103 F1700
G1 X126.2998 Y84.6585 Z34.5958 E0.21094 F1700
G1 X127.1565 Y84.9001 Z34.6078 E0.21095 F1700
G1 X128.0066 Y85.1641 Z34.6392 E0.21106 F1700
G1 X128.8494 Y85.4502 Z34.6893 E0.21127 F1700
G1 X129.6845 Y85.7583 Z34.7570 E0.21154 F1700
G1 X130.5112 Y86.0881 Z34.8406 E0.21186 F1700
G1 X131.3290 Y86.4395 Z34.9381 E0.21220 F1700
G1 X132.1374 Y86.8121 Z35.0472 E0.21251 F1700
G1 X132.9357 Y87.2058 Z35.1653 E0.21278 F1700
G1 X133.7234 Y87.6202 Z35.2894 E0.21297 F1700
G1 X134.5000 Y88.0551 Z35.4167 E0.21308 F1700
G1 X135.2650 Y88.5102 Z35.5439 E0.21308 F1700
G1 X136.0177 Y88.9852 Z35.6680 E0.21297 F1700
G1 X136.7578 Y89.4797 Z35.7861 E0.21278 F1700
G1 X137.4847 Y89.9934 Z35.8952 E0.21251 F1700
G1 X138.1979 Y90.5260 Z35.9928 E0.21220 F1700
G1 X138.8969 Y91.0770 Z36.0764 E0.21186 F1700
G1 X139.5812 Y91.6462 Z36.1441 E0.21154 F1700
G1 X140.2504 Y92.2331 Z36.1942 E0.21127 F1700
G1 X140.9041 Y92.8373 Z36.2256 E0.21106 F1700
G1 X141.5416 Y93.4584 Z36.2375 E0.21095 F1700
G1 X142.1627 Y94.0959 Z36.2297 E0.21094 F1700
G1 X142.7669 Y94.7496 Z36.2025 E0.21103 F1700
G1 X143.3538 Y95.4188 Z36.1566 E0.21121 F1700
G1 X143.9230 Y96.1031 Z36.0930 E0.21147 F1700
G1 X144.4740 Y96.8021 Z36.0136 E0.21177 F1700
G1 X145.0066 Y97.5153 Z35.9202 E0.21209 F1700
G1 X145.5203 Y98.2422 Z35.8153 E0.21239 F1700
G1 X146.0148 Y98.9823 Z35.7014 E0.21265 F1700
G1 X146.4898 Y99.7350 Z35.5814 E0.21284 F1700
G1 X146.9449 Y100.5000 Z35.4583 E0.21294 F1700
G1 X147.3798 Y101.2766 Z35.3353 E0.21294 F1700
G1 X147.7942 Y102.0643 Z35.2153 E0.21284 F1700
G1 X148.1879 Y102.8626 Z35.1014 E0.21265 F1700
G1 X148.5605 Y103.6710 Z34.9964 E0.21239 F1700
G1 X148.9119 Y104.4888 Z34.9031 E0.21209 F1700
G1 X149.2417 Y105.3155 Z34.8236 E0.21177 F1700
G1 X149.5498 Y106.1506 Z34.7601 E0.21147 F1700
G1 X149.8359 Y106.9934 Z34.7142 E0.21121 F1700
G1 X150.0999 Y107.8435 Z34.6869 E0.21103 F1700
G1 X150.3415 Y108.7002 Z34.6792 E0.21094 F1700
G1 X150.5606 Y109.5629 Z34.6911 E0.21095 F1700
G1 X150.7570 Y110.4310 Z34.7225 E0.21106 F1700
G1 X150.9307 Y111.3040 Z34.7726 E0.21127 F1700
G1 X151.0814 Y112.1812 Z34.8403 E0.21154 F1700
G1 X151.2091 Y113.0621 Z34.9239 E0.21186 F1700
G1 X151.3137 Y113.9460 Z35.0214 E0.21220 F1700
G1 X151.3952 Y114.8324 Z35.1306 E0.21251 F1700
G1 X151.4534 Y115.7206 Z35.2486 E0.21278 F1700
G1 X151.4883 Y116.6100 Z35.3728 E0.21297 F1700
G1 X151.5000 Y117.5000 Z35.5000 E0.21308 F1700
G1 X151.4883 Y118.3900 Z35.6272 E0.21308 F1700
G1 X151.4534 Y119.2794 Z35.7514 E0.21297 F1700
G1 X151.3952 Y120.1676 Z35.8694 E0.21278 F1700
G1 X151.3137 Y121.0540 Z35.9786 E0.21251 F1700
G1 X151.2091 Y121.9379 Z36.0761 E0.21220 F1700
G1 X151.0814 Y122.8188 Z36.1597 E0.21186 F1700
G1 X150.9307 Y123.6960 Z36.2274 E0.21154 F1700
G1 X150.7570 Y124.5690 Z36.2775 E0.21127 F1700
G1 X150.5606 Y125.4371 Z36.3089 E0.21106 F1700
G1 X150.3415 Y126.2998 Z36.3208 E0.21095 F1700
G1 X150.0999 Y127.1565 Z36.3131 E0.21094 F1700
G1 X149.8359 Y128.0066 Z36.2858 E0.21103 F1700
G1 X149.5498 Y128.8494 Z36.2399 E0.21121 F1700
G1 X149.2417 Y129.6845 Z36.1764 E0.21147 F1700
G1 X148.9119 Y130.5112 Z36.0969 E0.21177 F1700
G1 X148.5605 Y131.3290 Z36.0036 E0.21209 F1700
G1 X148.1879 Y132.1374 Z35.8986 E0.21239 F1700
G1 X147.7942 Y132.9357 Z35.7847 E0.21265 F1700
G1 X147.3798 Y133.7234 Z35.6647 E0.21284 F1700
G1 X146.9449 Y134.5000 Z35.5417 E0.21294 F1700
G1 X146.4898 Y135.2650 Z35.4186 E0.21294 F1700
G1 X146.0148 Y136.0177 Z35.2986 E0.21284 F1700
G1 X145.5203 Y136.7578 Z35.1847 E0.21265 F1700
G1 X145.0066 Y137.4847 Z35.0798 E0.21239 F1700
G1 X144.4740 Y138.1979 Z34.9864 E0.21209 F1700
G1 X143.9230 Y138.8969 Z34.9070 E0.21177 F1700
G1 X143.3538 Y139.5812 Z34.8434 E0.21147 F1700
G1 X142.7669 Y140.2504 Z34.7975 E0.21121 F1700
G1 X142.1627 Y140.9041 Z34.7703 E0.21103 F1700
G1 X141.5416 Y141.5416 Z34.7625 E0.21094 F1700
G1 X140.9041 Y142.1627 Z34.7744 E0.21095 F1700
G1 X140.2504 Y142.7669 Z34.8058 E0.21106 F1700
G1 X139.5812 Y143.3538 Z34.8559 E0.21127 F1700
G1 X138.8969 Y143.9230 Z34.9236 E0.21154 F1700
G1 X138.1979 Y144.4740 Z35.0072 E0.21186 F1700
G1 X137.4847 Y145.0066 Z35.1048 E0.21220 F1700
G1 X136.7578 Y145.5203 Z35.2139 E0.21251 F1700
G1 X136.0177 Y146.0148 Z35.3320 E0.21278 F1700
G1 X135.2650 Y146.4898 Z35.4561 E0.21297 F1700
G1 X134.5000 Y146.9449 Z35.5833 E0.21308 F1700
G1 X133.7234 Y147.3798 Z35.7106 E0.21308 F1700
G1 X132.9357 Y147.7942 Z35.8347 E0.21297 F1700
G1 X132.1374 Y148.1879 Z35.9528 E0.21278 F1700
G1 X131.3290 Y148.5605 Z36.0619 E0.21251 F1700
G1 X130.5112 Y148.9119 Z36.1594 E0.21220 F1700
G1 X129.6845 Y149.2417 Z36.2430 E0.21186 F1700
G1 X128.8494 Y149.5498 Z36.3107 E0.21154 F1700
G1 X128.0066 Y149.8359 Z36.3608 E0.21127 F1700
G1 X127.1565 Y150.0999 Z36.3922 E0.21106 F1700
G1 X126.2998 Y150.3415 Z36.4042 E0.21095 F1700
G1 X125.4371 Y150.5606 Z36.3964 E0.21094 F1700
G1 X124.5690 Y150.7570 Z36.3692 E0.21103 F1700
G1 X123.6960 Y150.9307 Z36.3232 E0.21121 F1700
G1 X122.8188 Y151.0814 Z36.2597 E0.21147 F1700
G1 X121.9379 Y151.2091 Z36.1803 E0.21177 F1700
G1 X121.0540 Y151.3137 Z36.0869 E0.21209 F1700
G1 X120.1676 Y151.3952 Z35.9819 E0.21239 F1700
G1 X119.2794 Y151.4534 Z35.8680 E0.21265 F1700
G1 X118.3900 Y151.4883 Z35.7481 E0.21284 F1700
G1 X117.5000 Y151.5000 Z35.6250 E0.21294 F1700
G1 X116.6100 Y151.4883 Z35.5019 E0.21294 F1700
G1 X115.7206 Y151.4534 Z35.3820 E0.21284 F1700
G1 X114.8324 Y151.3952 Z35.2681 E0.21265 F1700
G1 X113.9460 Y151.3137 Z35.1631 E0.21239 F1700
G1 X113.0621 Y151.2091 Z35.0697 E0.21209 F1700
G1 X112.1812 Y151.0814 Z34.9903 E0.21177 F1700
G1 X111.3040 Y150.9307 Z34.9268 E0.21147 F1700
G1 X110.4310 Y150.7570 Z34.8808 E0.21121 F1700
G1 X109.5629 Y150.5606 Z34.8536 E0.21103 F1700
G1 X108.7002 Y150.3415 Z34.8458 E0.21094 F1700
G1 X107.8435 Y150.0999 Z34.8578 E0.21095 F1700
G1 X106.9934 Y149.8359 Z34.8892 E0.21106 F1700
G1 X106.1506 Y149.5498 Z34.9393 E0.21127 F1700
G1 X105.3155 Y149.2417 Z35.0070 E0.21154 F1700
G1 X104.4888 Y148.9119 Z35.0906 E0.21186 F1700
G1 X103.6710 Y148.5605 Z35.1881 E0.21220 F1700
G1 X102.8626 Y148.1879 Z35.2972 E0.21251 F1700
G1 X102.0643 Y147.7942 Z35.4153 E0.21278 F1700
G1 X101.2766 Y147.3798 Z35.5394 E0.21297 F1700
G1 X100.5000 Y146.9449 Z35.6667 E0.21308 F1700
G1 X99.7350 Y146.4898 Z35.7939 E0.21308 F1700
G1 X98.9823 Y146.0148 Z35.9180 E0.21297 F1700
G1 X98.2422 Y145.5203 Z36.0361 E0.21278 F1700
G1 X97.5153 Y145.0066 Z36.1452 E0.21251 F1700
G1 X96.8021 Y144.4740 Z36.2428 E0.21220 F1700
G1 X96.1031 Y143.9230 Z36.3264 E0.21186 F1700
G1 X95.4188 Y143.3538 Z36.3941 E0.21154 F1700
G1 X94.7496 Y142.7669 Z36.4442 E0.21127 F1700
G1 X94.0959 Y142.1627 Z36.4756 E0.21106 F1700
G1 X93.4584 Y141.5416 Z36.4875 E0.21095 F1700
G1 X92.8373 Y140.9041 Z36.4797 E0.21094 F1700
G1 X92.2331 Y140.2504 Z36.4525 E0.21103 F1700
G1 X91.6462 Y139.5812 Z36.4066 E0.21121 F1700
G1 X91.0770 Y138.8969 Z36.3430 E0.21147 F1700
G1 X90.5260 Y138.1979 Z36.2636 E0.21177 F1700
G1 X89.9934 Y137.4847 Z36.1702 E0.21209 F1700
G1 X89.4797 Y136.7578 Z36.0653 E0.21239 F1700
G1 X88.9852 Y136.0177 Z35.9514 E0.21265 F1700
G1 X88.5102 Y135.2650 Z35.8314 E0.21284 F1700
G1 X88.0551 Y134.5000 Z35.7083 E0.21294 F1700
G1 X87.6202 Y133.7234 Z35.5853 E0.21294 F1700
G1 X87.2058 Y132.9357 Z35.4653 E0.21284 F1700
G1 X86.8121 Y132.1374 Z35.3514 E0.21265 F1700
G1 X86.4395 Y131.3290 Z35.2464 E0.21239 F1700
G1 X86.0881 Y130.5112 Z35.1531 E0.21209 F1700
G1 X85.7583 Y129.6845 Z35.0736 E0.21177 F1700
G1 X85.4502 Y128.8494 Z35.0101 E0.21147 F1700
G1 X85.1641 Y128.0066 Z34.9642 E0.21121 F1700
G1 X84.9001 Y127.1565 Z34.9369 E0.21103 F1700
G1 X84.6585 Y126.2998 Z34.9292 E0.21094 F1700
G1 X84.4394 Y125.4371 Z34.9411 E0.21095 F1700
G1 X84.2430 Y124.5690 Z34.9725 E0.21106 F1700
G1 X84.0693 Y123.6960 Z35.0226 E0.21127 F1700
G1 X83.9186 Y122.8188 Z35.0903 E0.21154 F1700
G1 X83.7909 Y121.9379 Z35.1739 E0.21186 F1700
G1 X83.6863 Y121.0540 Z35.2714 E0.21220 F1700
G1 X83.6048 Y120.1676 Z35.3806 E0.21251 F1700
G1 X83.5466 Y119.2794 Z35.4986 E0.21278 F1700
G1 X83.5117 Y118.3900 Z35.6228 E0.21297 F1700
G1 X83.5000 Y117.5000 Z35.7500 E0.21308 F1700
G1 X83.5117 Y116.6100 Z35.8772 E0.21308 F1700
G1 X83.5466 Y115.7206 Z36.0014 E0.21297 F1700
G1 X83.6048 Y114.8324 Z36.1194 E0.21278 F1700
G1 X83.6863 Y113.9460 Z36.2286 E0.21251 F1700
G1 X83.7909 Y113.0621 Z36.3261 E0.21220 F1700
G1 X83.9186 Y112.1812 Z36.4097 E0.21186 F1700
G1 X84.0693 Y111.3040 Z36.4774 E0.21154 F1700
G1 X84.2430 Y110.4310 Z36.5275 E0.21127 F1700
G1 X84.4394 Y109.5629 Z36.5589 E0.21106 F1700
G1 X84.6585 Y108.7002 Z36.5708 E0.21095 F1700
G1 X84.9001 Y107.8435 Z36.5631 E0.21094 F1700
G1 X85.1641 Y106.9934 Z36.5358 E0.21103 F1700
G1 X85.4502 Y106.1506 Z36.4899 E0.21121 F1700
G1 X85.7583 Y105.3155 Z36.4264 E0.21147 F1700
G1 X86.0881 Y104.4888 Z36.3469 E0.21177 F1700
G1 X86.4395 Y103.6710 Z36.2536 E0.21209 F1700
G1 X86.8121 Y102.8626 Z36.1486 E0.21239 F1700
G1 X87.2058 Y102.0643 Z36.0347 E0.21265 F1700
G1 X87.6202 Y101.2766 Z35.9147 E0.21284 F1700
G1 X88.0551 Y100.5000 Z35.7917 E0.21294 F1700
G1 X88.5102 Y99.7350 Z35.6686 E0.21294 F1700
G1 X88.9852 Y98.9823 Z35.5486 E0.21284 F1700
G1 X89.4797 Y98.2422 Z35.4347 E0.21265 F1700
G1 X89.9934 Y97.5153 Z35.3298 E0.21239 F1700
G1 X90.5260 Y96.8021 Z35.2364 E0.21209 F1700
G1 X91.0770 Y96.1031 Z35.1570 E0.21177 F1700
G1 X91.6462 Y95.4188 Z35.0934 E0.21147 F1700
G1 X92.2331 Y94.7496 Z35.0475 E0.21121 F1700
G1 X92.8373 Y94.0959 Z35.0203 E0.21103 F1700
G1 X93.4584 Y93.4584 Z35.0125 E0.21094 F1700
G1 X94.0959 Y92.8373 Z35.0244 E0.21095 F1700
G1 X94.7496 Y92.2331 Z35.0558 E0.21106 F1700
G1 X95.4188 Y91.6462 Z35.1059 E0.21127 F1700
G1 X96.1031 Y91.0770 Z35.1736 E0.21154 F1700
G1 X96.8021 Y90.5260 Z35.2572 E0.21186 F1700
G1 X97.5153 Y89.9934 Z35.3548 E0.21220 F1700
G1 X98.2422 Y89.4797 Z35.4639 E0.21251 F1700
G1 X98.9823 Y88.9852 Z35.5820 E0.21278 F1700
G1 X99.7350 Y88.5102 Z35.7061 E0.21297 F1700
G1 X100.5000 Y88.0551 Z35.8333 E0.21308 F1700
G1 X101.2766 Y87.6202 Z35.9606 E0.21308 F1700
G1 X102.0643 Y87.2058 Z36.0847 E0.21297 F1700
G1 X102.8626 Y86.8121 Z36.2028 E0.21278 F1700
G1 X103.6710 Y86.4395 Z36.3119 E0.21251 F1700
G1 X104.4888 Y86.0881 Z36.4094 E0.21220 F1700
G1 X105.3155 Y85.7583 Z36.4930 E0.21186 F1700
G1 X106.1506 Y85.4502 Z36.5607 E0.21154 F1700
G1 X106.9934 Y85.1641 Z36.6108 E0.21127 F1700
G1 X107.8435 Y84.9001 Z36.6422 E0.21106 F1700
G1 X108.7002 Y84.6585 Z36.6542 E0.21095 F1700
G1 X109.5629 Y84.4394 Z36.6464 E0.21094 F1700
G1 X110.4310 Y84.2430 Z36.6192 E0.21103 F1700
G1 X111.3040 Y84.0693 Z36.5732 E0.21121 F1700
G1 X112.1812 Y83.9186 Z36.5097 E0.21147 F1700
G1 X113.0621 Y83.7909 Z36.4303 E0.21177 F1700
G1 X113.9460 Y83.6863 Z36.3369 E0.21209 F1700
G1 X114.8324 Y83.6048 Z36.2319 E0.21239 F1700
G1 X115.7206 Y83.5466 Z36.1180 E0.21265 F1700
G1 X116.6100 Y83.5117 Z35.9981 E0.21284 F1700
G1 X117.5000 Y83.5000 Z35.8750 E0.21294 F1700
G1 X118.3900 Y83.5117 Z35.7519 E0.21294 F1700
G1 X119.2794 Y83.5466 Z35.6320 E0.21284 F1700
G1 X120.1676 Y83.6048 Z35.5181 E0.21265 F1700
G1 X121.0540 Y83.6863 Z35.4131 E0.21239 F1700
G1 X121.9379 Y83.7909 Z35.3197 E0.21209 F1700
G1 X122.8188 Y83.9186 Z35.2403 E0.21177 F1700
G1 X123.6960 Y84.0693 Z35.1768 E0.21147 F1700
G1 X124.5690 Y84.2430 Z35.1308 E0.21121 F1700
G1 X125.4371 Y84.4394 Z35.1036 E0.21103 F1700
G1 X126.2998 Y84.6585 Z35.0958 E0.21094 F1700
G1 X127.1565 Y84.9001 Z35.1078 E0.21095 F1700
G1 X128.0066 Y85.1641 Z35.1392 E0.21106 F1700
G1 X128.8494 Y85.4502 Z35.1893 E0.21127 F1700
G1 X129.6845 Y85.7583 Z35.2570 E0.21154 F1700
G1 X130.5112 Y86.0881 Z35.3406 E0.21186 F1700
G1 X131.3290 Y86.4395 Z35.4381 E0.21220 F1700
G1 X132.1374 Y86.8121 Z35.5472 E0.21251 F1700
G1 X132.9357 Y87.2058 Z35.6653 E0.21278 F1700
G1 X133.7234 Y87.6202 Z35.7894 E0.21297 F1700
G1 X134.5000 Y88.0551 Z35.9167 E0.21308 F1700
G1 X135.2650 Y88.5102 Z36.0439 E0.21308 F1700
G1 X136.0177 Y88.9852 Z36.1680 E0.21297 F1700
G1 X136.7578 Y89.4797 Z36.2861 E0.21278 F1700
G1 X137.4847 Y89.9934 Z36.3952 E0.21251 F1700
G1 X138.1979 Y90.5260 Z36.4928 E0.21220 F1700
G1 X138.8969 Y91.0770 Z36.5764 E0.21186 F1700
G1 X139.5812 Y91.6462 Z36.6441 E0.21154 F1700
G1 X140.2504 Y92.2331 Z36.6942 E0.21127 F1700
G1 X140.9041 Y92.8373 Z36.7256 E0.21106 F1700
G1 X141.5416 Y93.4584 Z36.7375 E0.21095 F1700
G1 X142.1627 Y94.0959 Z36.7297 E0.21094 F1700
G1 X142.7669 Y94.7496 Z36.7025 E0.21103 F1700
G1 X143.3538 Y95.4188 Z36.6566 E0.21121 F1700
G1 X143.9230 Y96.1031 Z36.5930 E0.21147 F1700
G1 X144.4740 Y96.8021 Z36.5136 E0.21177 F1700
G1 X145.0066 Y97.5153 Z36.4202 E0.21209 F1700
G1 X145.5203 Y98.2422 Z36.3153 E0.21239 F1700
G1 X146.0148 Y98.9823 Z36.2014 E0.21265 F1700
G1 X146.4898 Y99.7350 Z36.0814 E0.21284 F1700
G1 X146.9449 Y100.5000 Z35.9583 E0.21294 F1700
G1 X147.3798 Y101.2766 Z35.8353 E0.21294 F1700
G1 X147.7942 Y102.0643 Z35.7153 E0.21284 F1700
G1 X148.1879 Y102.8626 Z35.6014 E0.21265 F1700
G1 X148.5605 Y103.6710 Z35.4964 E0.21239 F1700
G1 X148.9119 Y104.4888 Z35.4031 E0.21209 F1700
G1 X149.2417 Y105.3155 Z35.3236 E0.21177 F1700
G1 X149.5498 Y106.1506 Z35.2601 E0.21147 F1700
G1 X149.8359 Y106.9934 Z35.2142 E0.21121 F1700
G1 X150.0999 Y107.8435 Z35.1869 E0.21103 F1700
G1 X150.3415 Y108.7002 Z35.1792 E0.21094 F1700
G1 X150.5606 Y109.5629 Z35.1911 E0.21095 F1700
G1 X150.7570 Y110.4310 Z35.2225 E0.21106 F1700
G1 X150.9307 Y111.3040 Z35.2726 E0.21127 F1700
G1 X151.0814 Y112.1812 Z35.3403 E0.21154 F1700
G1 X151.2091 Y113.0621 Z35.4239 E0.21186 F1700
G1 X151.3137 Y113.9460 Z35.5214 E0.21220 F1700
G1 X151.3952 Y114.8324 Z35.6306 E0.21251 F1700
G1 X151.4534 Y115.7206 Z35.7486 E0.21278 F1700
G1 X151.4883 Y116.6100 Z35.8728 E0.21297 F1700
G1 X151.5000 Y117.5000 Z36.0000 E0.21308 F1700
G1 X151.4883 Y118.3900 Z36.1272 E0.21308 F1700
G1 X151.4534 Y119.2794 Z36.2514 E0.21297 F1700
G1 X151.3952 Y120.1676 Z36.3694 E0.21278 F1700
G1 X151.3137 Y121.0540 Z36.4786 E0.21251 F1700
G1 X151.2091 Y121.9379 Z36.5761 E0.21220 F1700
G1 X151.0814 Y122.8188 Z36.6597 E0.21186 F1700
G1 X150.9307 Y123.6960 Z36.7274 E0.21154 F1700
G1 X150.7570 Y124.5690 Z36.7775 E0.21127 F1700
G1 X150.5606 Y125.4371 Z36.8089 E0.21106 F1700
G1 X150.3415 Y126.2998 Z36.8208 E0.21095 F1700
G1 X150.0999 Y127.1565 Z36.8131 E0.21094 F1700
G1 X149.8359 Y128.0066 Z36.7858 E0.21103 F1700
G1 X149.5498 Y128.8494 Z36.7399 E0.21121 F1700
G1 X149.2417 Y129.6845 Z36.6764 E0.21147 F1700
G1 X148.9119 Y130.5112 Z36.5969 E0.21177 F1700
G1 X148.5605 Y131.3290 Z36.5036 E0.21209 F1700
G1 X148.1879 Y132.1374 Z36.3986 E0.21239 F1700
G1 X147.7942 Y132.9357 Z36.2847 E0.21265 F1700
G1 X147.3798 Y133.7234 Z36.1647 E0.21284 F1700
G1 X146.9449 Y134.5000 Z36.0417 E0.21294 F1700
G1 X146.4898 Y135.2650 Z35.9186 E0.21294 F1700
G1 X146.0148 Y136.0177 Z35.7986 E0.21284 F1700
G1 X145.5203 Y136.7578 Z35.6847 E0.21265 F1700
G1 X145.0066 Y137.4847 Z35.5798 E0.21239 F1700
G1 X144.4740 Y138.1979 Z35.4864 E0.21209 F1700
G1 X143.9230 Y138.8969 Z35.4070 E0.21177 F1700
G1 X143.3538 Y139.5812 Z35.3434 E0.21147 F1700
G1 X142.7669 Y140.2504 Z35.2975 E0.21121 F1700
G1 X142.1627 Y140.9041 Z35.2703 E0.21103 F1700
G1 X141.5416 Y141.5416 Z35.2625 E0.21094 F1700
G1 X140.9041 Y142.1627 Z35.2744 E0.21095 F1700
G1 X140.2504 Y142.7669 Z35.3058 E0.21106 F1700
G1 X139.5812 Y143.3538 Z35.3559 E0.21127 F1700
G1 X138.8969 Y143.9230 Z35.4236 E0.21154 F1700
G1 X138.1979 Y144.4740 Z35.5072 E0.21186 F1700
G1 X137.4847 Y145.0066 Z35.6048 E0.21220 F1700
G1 X136.7578 Y145.5203 Z35.7139 E0.21251 F1700
G1 X136.0177 Y146.0148 Z35.8320 E0.21278 F1700
G1 X135.2650 Y146.4898 Z35.9561 E0.21297 F1700
G1 X134.5000 Y146.9449 Z36.0833 E0.21308 F1700
G1 X133.7234 Y147.3798 Z36.2106 E0.21308 F1700
G1 X132.9357 Y147.7942 Z36.3347 E0.21297 F1700
G1 X132.1374 Y148.1879 Z36.4528 E0.21278 F1700
G1 X131.3290 Y148.5605 Z36.5619 E0.21251 F1700
G1 X130.5112 Y148.9119 Z36.6594 E0.21220 F1700
G1 X129.6845 Y149.2417 Z36.7430 E0.21186 F1700
G1 X128.8494 Y149.5498 Z36.8107 E0.21154 F1700
G1 X128.0066 Y149.8359 Z36.8608 E0.21127 F1700
G1 X127.1565 Y150.0999 Z36.8922 E0.21106 F1700
G1 X126.2998 Y150.3415 Z36.9042 E0.21095 F1700
G1 X125.4371 Y150.5606 Z36.8964 E0.21094 F1700
G1 X124.5690 Y150.7570 Z36.8692 E0.21103 F1700
G1 X123.6960 Y150.9307 Z36.8232 E0.21121 F1700
G1 X122.8188 Y151.0814 Z36.7597 E0.21147 F1700
G1 X121.9379 Y151.2091 Z36.6803 E0.21177 F1700
G1 X121.0540 Y151.3137 Z36.5869 E0.21209 F1700
G1 X120.1676 Y151.3952 Z36.4819 E0.21239 F1700
G1 X119.2794 Y151.4534 Z36.3680 E0.21265 F1700
G1 X118.3900 Y151.4883 Z36.2481 E0.21284 F1700
G1 X117.5000 Y151.5000 Z36.1250 E0.21294 F1700
G1 X116.6100 Y151.4883 Z36.0019 E0.21294 F1700
G1 X115.7206 Y151.4534 Z35.8820 E0.21284 F1700
G1 X114.8324 Y151.3952 Z35.7681 E0.21265 F1700
G1 X113.9460 Y151.3137 Z35.6631 E0.21239 F1700
G1 X113.0621 Y151.2091 Z35.5697 E0.21209 F1700
G1 X112.1812 Y151.0814 Z35.4903 E0.21177 F1700
G1 X111.3040 Y150.9307 Z35.4268 E0.21147 F1700
G1 X110.4310 Y150.7570 Z35.3808 E0.21121 F1700
G1 X109.5629 Y150.5606 Z35.3536 E0.21103 F1700
G1 X108.7002 Y150.3415 Z35.3458 E0.21094 F1700
G1 X107.8435 Y150.0999 Z35.3578 E0.21095 F1700
G1 X106.9934 Y149.8359 Z35.3892 E0.21106 F1700
G1 X106.1506 Y149.5498 Z35.4393 E0.21127 F1700
G1 X105.3155 Y149.2417 Z35.5070 E0.21154 F1700
G1 X104.4888 Y148.9119 Z35.5906 E0.21186 F1700
G1 X103.6710 Y148.5605 Z35.6881 E0.21220 F1700
G1 X102.8626 Y148.1879 Z35.7972 E0.21251 F1700
G1 X102.0643 Y147.7942 Z35.9153 E0.21278 F1700
G1 X101.2766 Y147.3798 Z36.0394 E0.21297 F1700
G1 X100.5000 Y146.9449 Z36.1667 E0.21308 F1700
G1 X99.7350 Y146.4898 Z36.2939 E0.21308 F1700
G1 X98.9823 Y146.0148 Z36.4180 E0.21297 F1700
G1 X98.2422 Y145.5203 Z36.5361 E0.21278 F1700
G1 X97.5153 Y145.0066 Z36.6452 E0.21251 F1700
G1 X96.8021 Y144.4740 Z36.7428 E0.21220 F1700
G1 X96.1031 Y143.9230 Z36.8264 E0.21186 F1700
G1 X95.4188 Y143.3538 Z36.8941 E0.21154 F1700
G1 X94.7496 Y142.7669 Z36.9442 E0.21127 F1700
G1 X94.0959 Y142.1627 Z36.9756 E0.21106 F1700
G1 X93.4584 Y141.5416 Z36.9875 E0.21095 F1700
G1 X92.8373 Y140.9041 Z36.9797 E0.21094 F1700
G1 X92.2331 Y140.2504 Z36.9525 E0.21103 F1700
G1 X91.6462 Y139.5812 Z36.9066 E0.21121 F1700
G1 X91.0770 Y138.8969 Z36.8430 E0.21147 F1700
G1 X90.5260 Y138.1979 Z36.7636 E0.21177 F1700
G1 X89.9934 Y137.4847 Z36.6702 E0.21209 F1700
G1 X89.4797 Y136.7578 Z36.5653 E0.21239 F1700
G1 X88.9852 Y136.0177 Z36.4514 E0.21265 F1700
G1 X88.5102 Y135.2650 Z36.3314 E0.21284 F1700
G1 X88.0551 Y134.5000 Z36.2083 E0.21294 F1700
G1 X87.6202 Y133.7234 Z36.0853 E0.21294 F1700
G1 X87.2058 Y132.9357 Z35.9653 E0.21284 F1700
G1 X86.8121 Y132.1374 Z35.8514 E0.21265 F1700
G1 X86.4395 Y131.3290 Z35.7464 E0.21239 F1700
G1 X86.0881 Y130.5112 Z35.6531 E0.21209 F1700
G1 X85.7583 Y129.6845 Z35.5736 E0.21177 F1700
G1 X85.4502 Y128.8494 Z35.5101 E0.21147 F1700
G1 X85.1641 Y128.0066 Z35.4642 E0.21121 F1700
G1 X84.9001 Y127.1565 Z35.4369 E0.21103 F1700
G1 X84.6585 Y126.2998 Z35.4292 E0.21094 F1700
G1 X84.4394 Y125.4371 Z35.4411 E0.21095 F1700
G1 X84.2430 Y124.5690 Z35.4725 E0.21106 F1700
G1 X84.0693 Y123.6960 Z35.5226 E0.21127 F1700
G1 X83.9186 Y122.8188 Z35.5903 E0.21154 F1700
G1 X83.7909 Y121.9379 Z35.6739 E0.21186 F1700
G1 X83.6863 Y121.0540 Z35.7714 E0.21220 F1700
G1 X83.6048 Y120.1676 Z35.8806 E0.21251 F1700
G1 X83.5466 Y119.2794 Z35.9986 E0.21278 F1700
G1 X83.5117 Y118.3900 Z36.1228 E0.21297 F1700
G1 X83.5000 Y117.5000 Z36.2500 E0.21308 F1700
G1 X83.5117 Y116.6100 Z36.3772 E0.21308 F1700
G1 X83.5466 Y115.7206 Z36.5014 E0.21297 F1700
G1 X83.6048 Y114.8324 Z36.6194 E0.21278 F1700
G1 X83.6863 Y113.9460 Z36.7286 E0.21251 F1700
G1 X83.7909 Y113.0621 Z36.8261 E0.21220 F1700
G1 X83.9186 Y112.1812 Z36.9097 E0.21186 F1700
G1 X84.0693 Y111.3040 Z36.9774 E0.21154 F1700
G1 X84.2430 Y110.4310 Z37.0275 E0.21127 F1700
G1 X84.4394 Y109.5629 Z37.0589 E0.21106 F1700
G1 X84.6585 Y108.7002 Z37.0708 E0.21095 F1700
G1 X84.9001 Y107.8435 Z37.0631 E0.21094 F1700
G1 X85.1641 Y106.9934 Z37.0358 E0.21103 F1700
G1 X85.4502 Y106.1506 Z36.9899 E0.21121 F1700
G1 X85.7583 Y105.3155 Z36.9264 E0.21147 F1700
G1 X86.0881 Y104.4888 Z36.8469 E0.21177 F1700
G1 X86.4395 Y103.6710 Z36.7536 E0.21209 F1700
G1 X86.8121 Y102.8626 Z36.6486 E0.21239 F1700
G1 X87.2058 Y102.0643 Z36.5347 E0.21265 F1700
G1 X87.6202 Y101.2766 Z36.4147 E0.21284 F1700
G1 X88.0551 Y100.5000 Z36.2917 E0.21294 F1700
G1 X88.5102 Y99.7350 Z36.1686 E0.21294 F1700
G1 X88.9852 Y98.9823 Z36.0486 E0.21284 F1700
G1 X89.4797 Y98.2422 Z35.9347 E0.21265 F1700
G1 X89.9934 Y97.5153 Z35.8298 E0.21239 F1700
G1 X90.5260 Y96.8021 Z35.7364 E0.21209 F1700
G1 X91.0770 Y96.1031 Z35.6570 E0.21177 F1700
G1 X91.6462 Y95.4188 Z35.5934 E0.21147 F1700
G1 X92.2331 Y94.7496 Z35.5475 E0.21121 F1700
G1 X92.8373 Y94.0959 Z35.5203 E0.21103 F1700
G1 X93.4584 Y93.4584 Z35.5125 E0.21094 F1700
G1 X94.0959 Y92.8373 Z35.5244 E0.21095 F1700
G1 X94.7496 Y92.2331 Z35.5558 E0.21106 F1700
G1 X95.4188 Y91.6462 Z35.6059 E0.21127 F1700
G1 X96.1031 Y91.0770 Z35.6736 E0.21154 F1700
G1 X96.8021 Y90.5260 Z35.7572 E0.21186 F1700
G1 X97.5153 Y89.9934 Z35.8548 E0.21220 F1700
G1 X98.2422 Y89.4797 Z35.9639 E0.21251 F1700
G1 X98.9823 Y88.9852 Z36.0820 E0.21278 F1700
G1 X99.7350 Y88.5102 Z36.2061 E0.21297 F1700
G1 X100.5000 Y88.0551 Z36.3333 E0.21308 F1700
G1 X101.2766 Y87.6202 Z36.4606 E0.21308 F1700
G1 X102.0643 Y87.2058 Z36.5847 E0.21297 F1700
G1 X102.8626 Y86.8121 Z36.7028 E0.21278 F1700
G1 X103.6710 Y86.4395 Z36.8119 E0.21251 F1700
G1 X104.4888 Y86.0881 Z36.9094 E0.21220 F1700
G1 X105.3155 Y85.7583 Z36.9930 E0.21186 F1700
G1 X106.1506 Y85.4502 Z37.0607 E0.21154 F1700
G1 X106.9934 Y85.1641 Z37.1108 E0.21127 F1700
G1 X107.8435 Y84.9001 Z37.1422 E0.21106 F1700
G1 X108.7002 Y84.6585 Z37.1542 E0.21095 F1700
G1 X109.5629 Y84.4394 Z37.1464 E0.21094 F1700
G1 X110.4310 Y84.2430 Z37.1192 E0.21103 F1700
G1 X111.3040 Y84.0693 Z37.0732 E0.21121 F1700
G1 X112.1812 Y83.9186 Z37.0097 E0.21147 F1700
G1 X113.0621 Y83.7909 Z36.9303 E0.21177 F1700
G1 X113.9460 Y83.6863 Z36.8369 E0.21209 F1700
G1 X114.8324 Y83.6048 Z36.7319 E0.21239 F1700
G1 X115.7206 Y83.5466 Z36.6180 E0.21265 F1700
G1 X116.6100 Y83.5117 Z36.4981 E0.21284 F1700
G1 X117.5000 Y83.5000 Z36.3750 E0.21294 F1700
G1 X118.3900 Y83.5117 Z36.2519 E0.21294 F1700
G1 X119.2794 Y83.5466 Z36.1320 E0.21284 F1700
G1 X120.1676 Y83.6048 Z36.0181 E0.21265 F1700
G1 X121.0540 Y83.6863 Z35.9131 E0.21239 F1700
G1 X121.9379 Y83.7909 Z35.8197 E0.21209 F1700
G1 X122.8188 Y83.9186 Z35.7403 E0.21177 F1700
G1 X123.6960 Y84.0693 Z35.6768 E0.21147 F1700
G1 X124.5690 Y84.2430 Z35.6308 E0.21121 F1700
G1 X125.4371 Y84.4394 Z35.6036 E0.21103 F1700
G1 X126.2998 Y84.6585 Z35.5958 E0.21094 F1700
G1 X127.1565 Y84.9001 Z35.6078 E0.21095 F1700
G1 X128.0066 Y85.1641 Z35.6392 E0.21106 F1700
G1 X128.8494 Y85.4502 Z35.6893 E0.21127 F1700
G1 X129.6845 Y85.7583 Z35.7570 E0.21154 F1700
G1 X130.5112 Y86.0881 Z35.8406 E0.21186 F1700
G1 X131.3290 Y86.4395 Z35.9381 E0.21220 F1700
G1 X132.1374 Y86.8121 Z36.0472 E0.21251 F1700
G1 X132.9357 Y87.2058 Z36.1653 E0.21278 F1700
G1 X133.7234 Y87.6202 Z36.2894 E0.21297 F1700
G1 X134.5000 Y88.0551 Z36.4167 E0.21308 F1700
G1 X135.2650 Y88.5102 Z36.5439 E0.21308 F1700
G1 X136.0177 Y88.9852 Z36.6680 E0.21297 F1700
G1 X136.7578 Y89.4797 Z36.7861 E0.21278 F1700
G1 X137.4847 Y89.9934 Z36.8952 E0.21251 F1700
G1 X138.1979 Y90.5260 Z36.9928 E0.21220 F1700
G1 X138.8969 Y91.0770 Z37.0764 E0.21186 F1700
G1 X139.5812 Y91.6462 Z37.1441 E0.21154 F1700
G1 X140.2504 Y92.2331 Z37.1942 E0.21127 F1700
G1 X140.9041 Y92.8373 Z37.2256 E0.21106 F1700
G1 X141.5416 Y93.4584 Z37.2375 E0.21095 F1700
G1 X142.1627 Y94.0959 Z37.2297 E0.21094 F1700
G1 X142.7669 Y94.7496 Z37.2025 E0.21103 F1700
G1 X143.3538 Y95.4188 Z37.1566 E0.21121 F1700
G1 X143.9230 Y96.1031 Z37.0930 E0.21147 F1700
G1 X144.4740 Y96.8021 Z37.0136 E0.21177 F1700
G1 X145.0066 Y97.5153 Z36.9202 E0.21209 F1700
G1 X145.5203 Y98.2422 Z36.8153 E0.21239 F1700
G1 X146.0148 Y98.9823 Z36.7014 E0.21265 F1700
G1 X146.4898 Y99.7350 Z36.5814 E0.21284 F1700
G1 X146.9449 Y100.5000 Z36.4583 E0.21294 F1700
G1 X147.3798 Y101.2766 Z36.3353 E0.21294 F1700
G1 X147.7942 Y102.0643 Z36.2153 E0.21284 F1700
G1 X148.1879 Y102.8626 Z36.1014 E0.21265 F1700
G1 X148.5605 Y103.6710 Z35.9964 E0.21239 F1700
G1 X148.9119 Y104.4888 Z35.9031 E0.21209 F1700
G1 X149.2417 Y105.3155 Z35.8236 E0.21177 F1700
G1 X149.5498 Y106.1506 Z35.7601 E0.21147 F1700
G1 X149.8359 Y106.9934 Z35.7142 E0.21121 F1700
G1 X150.0999 Y107.8435 Z35.6869 E0.21103 F1700
G1 X150.3415 Y108.7002 Z35.6792 E0.21094 F1700
G1 X150.5606 Y109.5629 Z35.6911 E0.21095 F1700
G1 X150.7570 Y110.4310 Z35.7225 E0.21106 F1700
G1 X150.9307 Y111.3040 Z35.7726 E0.21127 F1700
G1 X151.0814 Y112.1812 Z35.8403 E0.21154 F1700
G1 X151.2091 Y113.0621 Z35.9239 E0.21186 F1700
G1 X151.3137 Y113.9460 Z36.0214 E0.21220 F1700
G1 X151.3952 Y114.8324 Z36.1306 E0.21251 F1700
G1 X151.4534 Y115.7206 Z36.2486 E0.21278 F1700
G1 X151.4883 Y116.6100 Z36.3728 E0.21297 F1700
G1 X151.5000 Y117.5000 Z36.5000 E0.21308 F1700
G1 X151.4883 Y118.3900 Z36.6272 E0.21308 F1700
G1 X151.4534 Y119.2794 Z36.7514 E0.21297 F1700
G1 X151.3952 Y120.1676 Z36.8694 E0.21278 F1700
G1 X151.3137 Y121.0540 Z36.9786 E0.21251 F1700
G1 X151.2091 Y121.9379 Z37.0761 E0.21220 F1700
G1 X151.0814 Y122.8188 Z37.1597 E0.21186 F1700
G1 X150.9307 Y123.6960 Z37.2274 E0.21154 F1700
G1 X150.7570 Y124.5690 Z37.2775 E0.21127 F1700
G1 X150.5606 Y125.4371 Z37.3089 E0.21106 F1700
G1 X150.3415 Y126.2998 Z37.3208 E0.21095 F1700
G1 X150.0999 Y127.1565 Z37.3131 E0.21094 F1700
G1 X149.8359 Y128.0066 Z37.2858 E0.21103 F1700
G1 X149.5498 Y128.8494 Z37.2399 E0.21121 F1700
G1 X149.2417 Y129.6845 Z37.1764 E0.21147 F1700
G1 X148.9119 Y130.5112 Z37.0969 E0.21177 F1700
G1 X148.5605 Y131.3290 Z37.0036 E0.21209 F1700
G1 X148.1879 Y132.1374 Z36.8986 E0.21239 F1700
G1 X147.7942 Y132.9357 Z36.7847 E0.21265 F1700
G1 X147.3798 Y133.7234 Z36.6647 E0.21284 F1700
G1 X146.9449 Y134.5000 Z36.5417 E0.21294 F1700
G1 X146.4898 Y135.2650 Z36.4186 E0.21294 F1700
G1 X146.0148 Y136.0177 Z36.2986 E0.21284 F1700
G1 X145.5203 Y136.7578 Z36.1847 E0.21265 F1700
G1 X145.0066 Y137.4847 Z36.0798 E0.21239 F1700
G1 X144.4740 Y138.1979 Z35.9864 E0.21209 F1700
G1 X143.9230 Y138.8969 Z35.9070 E0.21177 F1700
G1 X143.3538 Y139.5812 Z35.8434 E0.21147 F1700
G1 X142.7669 Y140.2504 Z35.7975 E0.21121 F1700
G1 X142.1627 Y140.9041 Z35.7703 E0.21103 F1700
G1 X141.5416 Y141.5416 Z35.7625 E0.21094 F1700
G1 X140.9041 Y142.1627 Z35.7744 E0.21095 F1700
G1 X140.2504 Y142.7669 Z35.8058 E0.21106 F1700
G1 X139.5812 Y143.3538 Z35.8559 E0.21127 F1700
G1 X138.8969 Y143.9230 Z35.9236 E0.21154 F1700
G1 X138.1979 Y144.4740 Z36.0072 E0.21186 F1700
G1 X137.4847 Y145.0066 Z36.1048 E0.21220 F1700
G1 X136.7578 Y145.5203 Z36.2139 E0.21251 F1700
G1 X136.0177 Y146.0148 Z36.3320 E0.21278 F1700
G1 X135.2650 Y146.4898 Z36.4561 E0.21297 F1700
G1 X134.5000 Y146.9449 Z36.5833 E0.21308 F1700
G1 X133.7234 Y147.3798 Z36.7106 E0.21308 F1700
G1 X132.9357 Y147.7942 Z36.8347 E0.21297 F1700
G1 X132.1374 Y148.1879 Z36.9528 E0.21278 F1700
G1 X131.3290 Y148.5605 Z37.0619 E0.21251 F1700
G1 X130.5112 Y148.9119 Z37.1594 E0.21220 F1700
G1 X129.6845 Y149.2417 Z37.2430 E0.21186 F1700
G1 X128.8494 Y149.5498 Z37.3107 E0.21154 F1700
G1 X128.0066 Y149.8359 Z37.3608 E0.21127 F1700
G1 X127.1565 Y150.0999 Z37.3922 E0.21106 F1700
G1 X126.2998 Y150.3415 Z37.4042 E0.21095 F1700
G1 X125.4371 Y150.5606 Z37.3964 E0.21094 F1700
G1 X124.5690 Y150.7570 Z37.3692 E0.21103 F1700
G1 X123.6960 Y150.9307 Z37.3232 E0.21121 F1700
G1 X122.8188 Y151.0814 Z37.2597 E0.21147 F1700
G1 X121.9379 Y151.2091 Z37.1803 E0.21177 F1700
G1 X121.0540 Y151.3137 Z37.0869 E0.21209 F1700
G1 X120.1676 Y151.3952 Z36.9819 E0.21239 F1700
G1 X119.2794 Y151.4534 Z36.8680 E0.21265 F1700
G1 X118.3900 Y151.4883 Z36.7481 E0.21284 F1700
G1 X117.5000 Y151.5000 Z36.6250 E0.21294 F1700
G1 X116.6100 Y151.4883 Z36.5019 E0.21294 F1700
G1 X115.7206 Y151.4534 Z36.3820 E0.21284 F1700
G1 X114.8324 Y151.3952 Z36.2681 E0.21265 F1700
G1 X113.9460 Y151.3137 Z36.1631 E0.21239 F1700
G1 X113.0621 Y151.2091 Z36.0697 E0.21209 F1700
G1 X112.1812 Y151.0814 Z35.9903 E0.21177 F1700
G1 X111.3040 Y150.9307 Z35.9268 E0.21147 F1700
G1 X110.4310 Y150.7570 Z35.8808 E0.21121 F1700
G1 X109.5629 Y150.5606 Z35.8536 E0.21103 F1700
G1 X108.7002 Y150.3415 Z35.8458 E0.21094 F1700
G1 X107.8435 Y150.0999 Z35.8578 E0.21095 F1700
G1 X106.9934 Y149.8359 Z35.8892 E0.21106 F1700
G1 X106.1506 Y149.5498 Z35.9393 E0.21127 F1700
G1 X105.3155 Y149.2417 Z36.0070 E0.21154 F1700
G1 X104.4888 Y148.9119 Z36.0906 E0.21186 F1700
G1 X103.6710 Y148.5605 Z36.1881 E0.21220 F1700
G1 X102.8626 Y148.1879 Z36.2972 E0.21251 F1700
G1 X102.0643 Y147.7942 Z36.4153 E0.21278 F1700
G1 X101.2766 Y147.3798 Z36.5394 E0.21297 F1700
G1 X100.5000 Y146.9449 Z36.6667 E0.21308 F1700
G1 X99.7350 Y146.4898 Z36.7939 E0.21308 F1700
G1 X98.9823 Y146.0148 Z36.9180 E0.21297 F1700
G1 X98.2422 Y145.5203 Z37.0361 E0.21278 F1700
G1 X97.5153 Y145.0066 Z37.1452 E0.21251 F1700
G1 X96.8021 Y144.4740 Z37.2428 E0.21220 F1700
G1 X96.1031 Y143.9230 Z37.3264 E0.21186 F1700
G1 X95.4188 Y143.3538 Z37.3941 E0.21154 F1700
G1 X94.7496 Y142.7669 Z37.4442 E0.21127 F1700
G1 X94.0959 Y142.1627 Z37.4756 E0.21106 F1700
G1 X93.4584 Y141.5416 Z37.4875 E0.21095 F1700
G1 X92.8373 Y140.9041 Z37.4797 E0.21094 F1700
G1 X92.2331 Y140.2504 Z37.4525 E0.21103 F1700
G1 X91.6462 Y139.5812 Z37.4066 E0.21121 F1700
G1 X91.0770 Y138.8969 Z37.3430 E0.21147 F1700
G1 X90.5260 Y138.1979 Z37.2636 E0.21177 F1700
G1 X89.9934 Y137.4847 Z37.1702 E0.21209 F1700
G1 X89.4797 Y136.7578 Z37.0653 E0.21239 F1700
G1 X88.9852 Y136.0177 Z36.9514 E0.21265 F1700
G1 X88.5102 Y135.2650 Z36.8314 E0.21284 F1700
G1 X88.0551 Y134.5000 Z36.7083 E0.21294 F1700
G1 X87.6202 Y133.7234 Z36.5853 E0.21294 F1700
G1 X87.2058 Y132.9357 Z36.4653 E0.21284 F1700
G1 X86.8121 Y132.1374 Z36.3514 E0.21265 F1700
G1 X86.4395 Y131.3290 Z36.2464 E0.21239 F1700
G1 X86.0881 Y130.5112 Z36.1531 E0.21209 F1700
G1 X85.7583 Y129.6845 Z36.0736 E0.21177 F1700
G1 X85.4502 Y128.8494 Z36.0101 E0.21147 F1700
G1 X85.1641 Y128.0066 Z35.9642 E0.21121 F1700
G1 X84.9001 Y127.1565 Z35.9369 E0.21103 F1700
G1 X84.6585 Y126.2998 Z35.9292 E0.21094 F1700
G1 X84.4394 Y125.4371 Z35.9411 E0.21095 F1700
G1 X84.2430 Y124.5690 Z35.9725 E0.21106 F1700
G1 X84.0693 Y123.6960 Z36.0226 E0.21127 F1700
G1 X83.9186 Y122.8188 Z36.0903 E0.21154 F1700
G1 X83.7909 Y121.9379 Z36.1739 E0.21186 F1700
G1 X83.6863 Y121.0540 Z36.2714 E0.21220 F1700
G1 X83.6048 Y120.1676 Z36.3806 E0.21251 F1700
G1 X83.5466 Y119.2794 Z36.4986 E0.21278 F1700
G1 X83.5117 Y118.3900 Z36.6228 E0.21297 F1700
G1 X83.5000 Y117.5000 Z36.7500 E0.21308 F1700
G1 X83.5117 Y116.6100 Z36.8772 E0.21308 F1700
G1 X83.5466 Y115.7206 Z37.0014 E0.21297 F1700
G1 X83.6048 Y114.8324 Z37.1194 E0.21278 F1700
G1 X83.6863 Y113.9460 Z37.2286 E0.21251 F1700
G1 X83.7909 Y113.0621 Z37.3261 E0.21220 F1700
G1 X83.9186 Y112.1812 Z37.4097 E0.21186 F1700
G1 X84.0693 Y111.3040 Z37.4774 E0.21154 F1700
G1 X84.2430 Y110.4310 Z37.5275 E0.21127 F1700
G1 X84.4394 Y109.5629 Z37.5589 E0.21106 F1700
G1 X84.6585 Y108.7002 Z37.5708 E0.21095 F1700
G1 X84.9001 Y107.8435 Z37.5631 E0.21094 F1700
G1 X85.1641 Y106.9934 Z37.5358 E0.21103 F1700
G1 X85.4502 Y106.1506 Z37.4899 E0.21121 F1700
G1 X85.7583 Y105.3155 Z37.4264 E0.21147 F1700
G1 X86.0881 Y104.4888 Z37.3469 E0.21177 F1700
G1 X86.4395 Y103.6710 Z37.2536 E0.21209 F1700
G1 X86.8121 Y102.8626 Z37.1486 E0.21239 F1700
G1 X87.2058 Y102.0643 Z37.0347 E0.21265 F1700
G1 X87.6202 Y101.2766 Z36.9147 E0.21284 F1700
G1 X88.0551 Y100.5000 Z36.7917 E0.21294 F1700
G1 X88.5102 Y99.7350 Z36.6686 E0.21294 F1700
G1 X88.9852 Y98.9823 Z36.5486 E0.21284 F1700
G1 X89.4797 Y98.2422 Z36.4347 E0.21265 F1700
G1 X89.9934 Y97.5153 Z36.3298 E0.21239 F1700
G1 X90.5260 Y96.8021 Z36.2364 E0.21209 F1700
G1 X91.0770 Y96.1031 Z36.1570 E0.21177 F1700
G1 X91.6462 Y95.4188 Z36.0934 E0.21147 F1700
G1 X92.2331 Y94.7496 Z36.0475 E0.21121 F1700
G1 X92.8373 Y94.0959 Z36.0203 E0.21103 F1700
G1 X93.4584 Y93.4584 Z36.0125 E0.21094 F1700
G1 X94.0959 Y92.8373 Z36.0244 E0.21095 F1700
G1 X94.7496 Y92.2331 Z36.0558 E0.21106 F1700
G1 X95.4188 Y91.6462 Z36.1059 E0.21127 F1700
G1 X96.1031 Y91.0770 Z36.1736 E0.21154 F1700
G1 X96.8021 Y90.5260 Z36.2572 E0.21186 F1700
G1 X97.5153 Y89.9934 Z36.3548 E0.21220 F1700
G1 X98.2422 Y89.4797 Z36.4639 E0.21251 F1700
G1 X98.9823 Y88.9852 Z36.5820 E0.21278 F1700
G1 X99.7350 Y88.5102 Z36.7061 E0.21297 F1700
G1 X100.5000 Y88.0551 Z36.8333 E0.21308 F1700
G1 X101.2766 Y87.6202 Z36.9606 E0.21308 F1700
G1 X102.0643 Y87.2058 Z37.0847 E0.21297 F1700
G1 X102.8626 Y86.8121 Z37.2028 E0.21278 F1700
G1 X103.6710 Y86.4395 Z37.3119 E0.21251 F1700
G1 X104.4888 Y86.0881 Z37.4094 E0.21220 F1700
G1 X105.3155 Y85.7583 Z37.4930 E0.21186 F1700
G1 X106.1506 Y85.4502 Z37.5607 E0.21154 F1700
G1 X106.9934 Y85.1641 Z37.6108 E0.21127 F1700
G1 X107.8435 Y84.9001 Z37.6422 E0.21106 F1700
G1 X108.7002 Y84.6585 Z37.6542 E0.21095 F1700
G1 X109.5629 Y84.4394 Z37.6464 E0.21094 F1700
G1 X110.4310 Y84.2430 Z37.6192 E0.21103 F1700
G1 X111.3040 Y84.0693 Z37.5732 E0.21121 F1700
G1 X112.1812 Y83.9186 Z37.5097 E0.21147 F1700
G1 X113.0621 Y83.7909 Z37.4303 E0.21177 F1700
G1 X113.9460 Y83.6863 Z37.3369 E0.21209 F1700
G1 X114.8324 Y83.6048 Z37.2319 E0.21239 F1700
G1 X115.7206 Y83.5466 Z37.1180 E0.21265 F1700
G1 X116.6100 Y83.5117 Z36.9981 E0.21284 F1700
G1 X117.5000 Y83.5000 Z36.8750 E0.21294 F1700
G1 X118.3900 Y83.5117 Z36.7519 E0.21294 F1700
G1 X119.2794 Y83.5466 Z36.6320 E0.21284 F1700
G1 X120.1676 Y83.6048 Z36.5181 E0.21265 F1700
G1 X121.0540 Y83.6863 Z36.4131 E0.21239 F1700
G1 X121.9379 Y83.7909 Z36.3197 E0.21209 F1700
G1 X122.8188 Y83.9186 Z36.2403 E0.21177 F1700
G1 X123.6960 Y84.0693 Z36.1768 E0.21147 F1700
G1 X124.5690 Y84.2430 Z36.1308 E0.21121 F1700
G1 X125.4371 Y84.4394 Z36.1036 E0.21103 F1700
G1 X126.2998 Y84.6585 Z36.0958 E0.21094 F1700
G1 X127.1565 Y84.9001 Z36.1078 E0.21095 F1700
G1 X128.0066 Y85.1641 Z36.1392 E0.21106 F1700
G1 X128.8494 Y85.4502 Z36.1893 E0.21127 F1700
G1 X129.6845 Y85.7583 Z36.2570 E0.21154 F1700
G1 X130.5112 Y86.0881 Z36.3406 E0.21186 F1700
G1 X131.3290 Y86.4395 Z36.4381 E0.21220 F1700
G1 X132.1374 Y86.8121 Z36.5472 E0.21251 F1700
G1 X132.9357 Y87.2058 Z36.6653 E0.21278 F1700
G1 X133.7234 Y87.6202 Z36.7894 E0.21297 F1700
G1 X134.5000 Y88.0551 Z36.9167 E0.21308 F1700
G1 X135.2650 Y88.5102 Z37.0439 E0.21308 F1700
G1 X136.0177 Y88.9852 Z37.1680 E0.21297 F1700
G1 X136.7578 Y89.4797 Z37.2861 E0.21278 F1700
G1 X137.4847 Y89.9934 Z37.3952 E0.21251 F1700
G1 X138.1979 Y90.5260 Z37.4928 E0.21220 F1700
G1 X138.8969 Y91.0770 Z37.5764 E0.21186 F1700
G1 X139.5812 Y91.6462 Z37.6441 E0.21154 F1700
G1 X140.2504 Y92.2331 Z37.6942 E0.21127 F1700
G1 X140.9041 Y92.8373 Z37.7256 E0.21106 F1700
G1 X141.5416 Y93.4584 Z37.7375 E0.21095 F1700
G1 X142.1627 Y94.0959 Z37.7297 E0.21094 F1700
G1 X142.7669 Y94.7496 Z37.7025 E0.21103 F1700
G1 X143.3538 Y95.4188 Z37.6566 E0.21121 F1700
G1 X143.9230 Y96.1031 Z37.5930 E0.21147 F1700
G1 X144.4740 Y96.8021 Z37.5136 E0.21177 F1700
G1 X145.0066 Y97.5153 Z37.4202 E0.21209 F1700
G1 X145.5203 Y98.2422 Z37.3153 E0.21239 F1700
G1 X146.0148 Y98.9823 Z37.2014 E0.21265 F1700
G1 X146.4898 Y99.7350 Z37.0814 E0.21284 F1700
G1 X146.9449 Y100.5000 Z36.9583 E0.21294 F1700
G1 X147.3798 Y101.2766 Z36.8353 E0.21294 F1700
G1 X147.7942 Y102.0643 Z36.7153 E0.21284 F1700
G1 X148.1879 Y102.8626 Z36.6014 E0.21265 F1700
G1 X148.5605 Y103.6710 Z36.4964 E0.21239 F1700
G1 X148.9119 Y104.4888 Z36.4031 E0.21209 F1700
G1 X149.2417 Y105.3155 Z36.3236 E0.21177 F1700
G1 X149.5498 Y106.1506 Z36.2601 E0.21147 F1700
G1 X149.8359 Y106.9934 Z36.2142 E0.21121 F1700
G1 X150.0999 Y107.8435 Z36.1869 E0.21103 F1700
G1 X150.3415 Y108.7002 Z36.1792 E0.21094 F1700
G1 X150.5606 Y109.5629 Z36.1911 E0.21095 F1700
G1 X150.7570 Y110.4310 Z36.2225 E0.21106 F1700
G1 X150.9307 Y111.3040 Z36.2726 E0.21127 F1700
G1 X151.0814 Y112.1812 Z36.3403 E0.21154 F1700
G1 X151.2091 Y113.0621 Z36.4239 E0.21186 F1700
G1 X151.3137 Y113.9460 Z36.5214 E0.21220 F1700
G1 X151.3952 Y114.8324 Z36.6306 E0.21251 F1700
G1 X151.4534 Y115.7206 Z36.7486 E0.21278 F1700
G1 X151.4883 Y116.6100 Z36.8728 E0.21297 F1700
G1 X151.5000 Y117.5000 Z37.0000 E0.21308 F1700
G1 X151.4883 Y118.3900 Z37.1272 E0.21308 F1700
G1 X151.4534 Y119.2794 Z37.2514 E0.21297 F1700
G1 X151.3952 Y120.1676 Z37.3694 E0.21278 F1700
G1 X151.3137 Y121.0540 Z37.4786 E0.21251 F1700
G1 X151.2091 Y121.9379 Z37.5761 E0.21220 F1700
G1 X151.0814 Y122.8188 Z37.6597 E0.21186 F1700
G1 X150.9307 Y123.6960 Z37.7274 E0.21154 F1700
G1 X150.7570 Y124.5690 Z37.7775 E0.21127 F1700
G1 X150.5606 Y125.4371 Z37.8089 E0.21106 F1700
G1 X150.3415 Y126.2998 Z37.8208 E0.21095 F1700
G1 X150.0999 Y127.1565 Z37.8131 E0.21094 F1700
G1 X149.8359 Y128.0066 Z37.7858 E0.21103 F1700
G1 X149.5498 Y128.8494 Z37.7399 E0.21121 F1700
G1 X149.2417 Y129.6845 Z37.6764 E0.21147 F1700
G1 X148.9119 Y130.5112 Z37.5969 E0.21177 F1700
G1 X148.5605 Y131.3290 Z37.5036 E0.21209 F1700
G1 X148.1879 Y132.1374 Z37.3986 E0.21239 F1700
G1 X147.7942 Y132.9357 Z37.2847 E0.21265 F1700
G1 X147.3798 Y133.7234 Z37.1647 E0.21284 F1700
G1 X146.9449 Y134.5000 Z37.0417 E0.21294 F1700
G1 X146.4898 Y135.2650 Z36.9186 E0.21294 F1700
G1 X146.0148 Y136.0177 Z36.7986 E0.21284 F1700
G1 X145.5203 Y136.7578 Z36.6847 E0.21265 F1700
G1 X145.0066 Y137.4847 Z36.5798 E0.21239 F1700
G1 X144.4740 Y138.1979 Z36.4864 E0.21209 F1700
G1 X143.9230 Y138.8969 Z36.4070 E0.21177 F1700
G1 X143.3538 Y139.5812 Z36.3434 E0.21147 F1700
G1 X142.7669 Y140.2504 Z36.2975 E0.21121 F1700
G1 X142.1627 Y140.9041 Z36.2703 E0.21103 F1700
G1 X141.5416 Y141.5416 Z36.2625 E0.21094 F1700
G1 X140.9041 Y142.1627 Z36.2744 E0.21095 F1700
G1 X140.2504 Y142.7669 Z36.3058 E0.21106 F1700
G1 X139.5812 Y143.3538 Z36.3559 E0.21127 F1700
G1 X138.8969 Y143.9230 Z36.4236 E0.21154 F1700
G1 X138.1979 Y144.4740 Z36.5072 E0.21186 F1700
G1 X137.4847 Y145.0066 Z36.6048 E0.21220 F1700
G1 X136.7578 Y145.5203 Z36.7139 E0.21251 F1700
G1 X136.0177 Y146.0148 Z36.8320 E0.21278 F1700
G1 X135.2650 Y146.4898 Z36.9561 E0.21297 F1700
G1 X134.5000 Y146.9449 Z37.0833 E0.21308 F1700
G1 X133.7234 Y147.3798 Z37.2106 E0.21308 F1700
G1 X132.9357 Y147.7942 Z37.3347 E0.21297 F1700
G1 X132.1374 Y148.1879 Z37.4528 E0.21278 F1700
G1 X131.3290 Y148.5605 Z37.5619 E0.21251 F1700
G1 X130.5112 Y148.9119 Z37.6594 E0.21220 F1700
G1 X129.6845 Y149.2417 Z37.7430 E0.21186 F1700
G1 X128.8494 Y149.5498 Z37.8107 E0.21154 F1700
G1 X128.0066 Y149.8359 Z37.8608 E0.21127 F1700
G1 X127.1565 Y150.0999 Z37.8922 E0.21106 F1700
G1 X126.2998 Y150.3415 Z37.9042 E0.21095 F1700
G1 X125.4371 Y150.5606 Z37.8964 E0.21094 F1700
G1 X124.5690 Y150.7570 Z37.8692 E0.21103 F1700
G1 X123.6960 Y150.9307 Z37.8232 E0.21121 F1700
G1 X122.8188 Y151.0814 Z37.7597 E0.21147 F1700
G1 X121.9379 Y151.2091 Z37.6803 E0.21177 F1700
G1 X121.0540 Y151.3137 Z37.5869 E0.21209 F1700
G1 X120.1676 Y151.3952 Z37.4819 E0.21239 F1700
G1 X119.2794 Y151.4534 Z37.3680 E0.21265 F1700
G1 X118.3900 Y151.4883 Z37.2481 E0.21284 F1700
G1 X117.5000 Y151.5000 Z37.1250 E0.21294 F1700
G1 X116.6100 Y151.4883 Z37.0019 E0.21294 F1700
G1 X115.7206 Y151.4534 Z36.8820 E0.21284 F1700
G1 X114.8324 Y151.3952 Z36.7681 E0.21265 F1700
G1 X113.9460 Y151.3137 Z36.6631 E0.21239 F1700
G1 X113.0621 Y151.2091 Z36.5697 E0.21209 F1700
G1 X112.1812 Y151.0814 Z36.4903 E0.21177 F1700
G1 X111.3040 Y150.9307 Z36.4268 E0.21147 F1700
G1 X110.4310 Y150.7570 Z36.3808 E0.21121 F1700
G1 X109.5629 Y150.5606 Z36.3536 E0.21103 F1700
G1 X108.7002 Y150.3415 Z36.3458 E0.21094 F1700
G1 X107.8435 Y150.0999 Z36.3578 E0.21095 F1700
G1 X106.9934 Y149.8359 Z36.3892 E0.21106 F1700
G1 X106.1506 Y149.5498 Z36.4393 E0.21127 F1700
G1 X105.3155 Y149.2417 Z36.5070 E0.21154 F1700
G1 X104.4888 Y148.9119 Z36.5906 E0.21186 F1700
G1 X103.6710 Y148.5605 Z36.6881 E0.21220 F1700
G1 X102.8626 Y148.1879 Z36.7972 E0.21251 F1700
G1 X102.0643 Y147.7942 Z36.9153 E0.21278 F1700
G1 X101.2766 Y147.3798 Z37.0394 E0.21297 F1700
G1 X100.5000 Y146.9449 Z37.1667 E0.21308 F1700
G1 X99.7350 Y146.4898 Z37.2939 E0.21308 F1700
G1 X98.9823 Y146.0148 Z37.4180 E0.21297 F1700
G1 X98.2422 Y145.5203 Z37.5361 E0.21278 F1700
G1 X97.5153 Y145.0066 Z37.6452 E0.21251 F1700
G1 X96.8021 Y144.4740 Z37.7428 E0.21220 F1700
G1 X96.1031 Y143.9230 Z37.8264 E0.21186 F1700
G1 X95.4188 Y143.3538 Z37.8941 E0.21154 F1700
G1 X94.7496 Y142.7669 Z37.9442 E0.21127 F1700
G1 X94.0959 Y142.1627 Z37.9756 E0.21106 F1700
G1 X93.4584 Y141.5416 Z37.9875 E0.21095 F1700
G1 X92.8373 Y140.9041 Z37.9797 E0.21094 F1700
G1 X92.2331 Y140.2504 Z37.9525 E0.21103 F1700
G1 X91.6462 Y139.5812 Z37.9066 E0.21121 F1700
G1 X91.0770 Y138.8969 Z37.8430 E0.21147 F1700
G1 X90.5260 Y138.1979 Z37.7636 E0.21177 F1700
G1 X89.9934 Y137.4847 Z37.6702 E0.21209 F1700
G1 X89.4797 Y136.7578 Z37.5653 E0.21239 F1700
G1 X88.9852 Y136.0177 Z37.4514 E0.21265 F1700
G1 X88.5102 Y135.2650 Z37.3314 E0.21284 F1700
G1 X88.0551 Y134.5000 Z37.2083 E0.21294 F1700
G1 X87.6202 Y133.7234 Z37.0853 E0.21294 F1700
G1 X87.2058 Y132.9357 Z36.9653 E0.21284 F1700
G1 X86.8121 Y132.1374 Z36.8514 E0.21265 F1700
G1 X86.4395 Y131.3290 Z36.7464 E0.21239 F1700
G1 X86.0881 Y130.5112 Z36.6531 E0.21209 F1700
G1 X85.7583 Y129.6845 Z36.5736 E0.21177 F1700
G1 X85.4502 Y128.8494 Z36.5101 E0.21147 F1700
G1 X85.1641 Y128.0066 Z36.4642 E0.21121 F1700
G1 X84.9001 Y127.1565 Z36.4369 E0.21103 F1700
G1 X84.6585 Y126.2998 Z36.4292 E0.21094 F1700
G1 X84.4394 Y125.4371 Z36.4411 E0.21095 F1700
G1 X84.2430 Y124.5690 Z36.4725 E0.21106 F1700
G1 X84.0693 Y123.6960 Z36.5226 E0.21127 F1700
G1 X83.9186 Y122.8188 Z36.5903 E0.21154 F1700
G1 X83.7909 Y121.9379 Z36.6739 E0.21186 F1700
G1 X83.6863 Y121.0540 Z36.7714 E0.21220 F1700
G1 X83.6048 Y120.1676 Z36.8806 E0.21251 F1700
G1 X83.5466 Y119.2794 Z36.9986 E0.21278 F1700
G1 X83.5117 Y118.3900 Z37.1228 E0.21297 F1700
G1 X83.5000 Y117.5000 Z37.2500 E0.21308 F1700
G1 X83.5117 Y116.6100 Z37.3772 E0.21308 F1700
G1 X83.5466 Y115.7206 Z37.5014 E0.21297 F1700
G1 X83.6048 Y114.8324 Z37.6194 E0.21278 F1700
G1 X83.6863 Y113.9460 Z37.7286 E0.21251 F1700
G1 X83.7909 Y113.0621 Z37.8261 E0.21220 F1700
G1 X83.9186 Y112.1812 Z37.9097 E0.21186 F1700
G1 X84.0693 Y111.3040 Z37.9774 E0.21154 F1700
G1 X84.2430 Y110.4310 Z38.0275 E0.21127 F1700
G1 X84.4394 Y109.5629 Z38.0589 E0.21106 F1700
G1 X84.6585 Y108.7002 Z38.0708 E0.21095 F1700
G1 X84.9001 Y107.8435 Z38.0631 E0.21094 F1700
G1 X85.1641 Y106.9934 Z38.0358 E0.21103 F1700
G1 X85.4502 Y106.1506 Z37.9899 E0.21121 F1700
G1 X85.7583 Y105.3155 Z37.9264 E0.21147 F1700
G1 X86.0881 Y104.4888 Z37.8469 E0.21177 F1700
G1 X86.4395 Y103.6710 Z37.7536 E0.21209 F1700
G1 X86.8121 Y102.8626 Z37.6486 E0.21239 F1700
G1 X87.2058 Y102.0643 Z37.5347 E0.21265 F1700
G1 X87.6202 Y101.2766 Z37.4147 E0.21284 F1700
G1 X88.0551 Y100.5000 Z37.2917 E0.21294 F1700
G1 X88.5102 Y99.7350 Z37.1686 E0.21294 F1700
G1 X88.9852 Y98.9823 Z37.0486 E0.21284 F1700
G1 X89.4797 Y98.2422 Z36.9347 E0.21265 F1700
G1 X89.9934 Y97.5153 Z36.8298 E0.21239 F1700
G1 X90.5260 Y96.8021 Z36.7364 E0.21209 F1700
G1 X91.0770 Y96.1031 Z36.6570 E0.21177 F1700
G1 X91.6462 Y95.4188 Z36.5934 E0.21147 F1700
G1 X92.2331 Y94.7496 Z36.5475 E0.21121 F1700
G1 X92.8373 Y94.0959 Z36.5203 E0.21103 F1700
G1 X93.4584 Y93.4584 Z36.5125 E0.21094 F1700
G1 X94.0959 Y92.8373 Z36.5244 E0.21095 F1700
G1 X94.7496 Y92.2331 Z36.5558 E0.21106 F1700
G1 X95.4188 Y91.6462 Z36.6059 E0.21127 F1700
G1 X96.1031 Y91.0770 Z36.6736 E0.21154 F1700
G1 X96.8021 Y90.5260 Z36.7572 E0.21186 F1700
G1 X97.5153 Y89.9934 Z36.8548 E0.21220 F1700
G1 X98.2422 Y89.4797 Z36.9639 E0.21251 F1700
G1 X98.9823 Y88.9852 Z37.0820 E0.21278 F1700
G1 X99.7350 Y88.5102 Z37.2061 E0.21297 F1700
G1 X100.5000 Y88.0551 Z37.3333 E0.21308 F1700
G1 X101.2766 Y87.6202 Z37.4606 E0.21308 F1700
G1 X102.0643 Y87.2058 Z37.5847 E0.21297 F1700
G1 X102.8626 Y86.8121 Z37.7028 E0.21278 F1700
G1 X103.6710 Y86.4395 Z37.8119 E0.21251 F1700
G1 X104.4888 Y86.0881 Z37.9094 E0.21220 F1700
G1 X105.3155 Y85.7583 Z37.9930 E0.21186 F1700
G1 X106.1506 Y85.4502 Z38.0607 E0.21154 F1700
G1 X106.9934 Y85.1641 Z38.1108 E0.21127 F1700
G1 X107.8435 Y84.9001 Z38.1422 E0.21106 F1700
G1 X108.7002 Y84.6585 Z38.1542 E0.21095 F1700
G1 X109.5629 Y84.4394 Z38.1464 E0.21094 F1700
G1 X110.4310 Y84.2430 Z38.1192 E0.21103 F1700
G1 X111.3040 Y84.0693 Z38.0732 E0.21121 F1700
G1 X112.1812 Y83.9186 Z38.0097 E0.21147 F1700
G1 X113.0621 Y83.7909 Z37.9303 E0.21177 F1700
G1 X113.9460 Y83.6863 Z37.8369 E0.21209 F1700
G1 X114.8324 Y83.6048 Z37.7319 E0.21239 F1700
G1 X115.7206 Y83.5466 Z37.6180 E0.21265 F1700
G1 X116.6100 Y83.5117 Z37.4981 E0.21284 F1700
G1 X117.5000 Y83.5000 Z37.3750 E0.21294 F1700
G1 X118.3900 Y83.5117 Z37.2519 E0.21294 F1700
G1 X119.2794 Y83.5466 Z37.1320 E0.21284 F1700
G1 X120.1676 Y83.6048 Z37.0181 E0.21265 F1700
G1 X121.0540 Y83.6863 Z36.9131 E0.21239 F1700
G1 X121.9379 Y83.7909 Z36.8197 E0.21209 F1700
G1 X122.8188 Y83.9186 Z36.7403 E0.21177 F1700
G1 X123.6960 Y84.0693 Z36.6768 E0.21147 F1700
G1 X124.5690 Y84.2430 Z36.6308 E0.21121 F1700
G1 X125.4371 Y84.4394 Z36.6036 E0.21103 F1700
G1 X126.2998 Y84.6585 Z36.5958 E0.21094 F1700
G1 X127.1565 Y84.9001 Z36.6078 E0.21095 F1700
G1 X128.0066 Y85.1641 Z36.6392 E0.21106 F1700
G1 X128.8494 Y85.4502 Z36.6893 E0.21127 F1700
G1 X129.6845 Y85.7583 Z36.7570 E0.21154 F1700
G1 X130.5112 Y86.0881 Z36.8406 E0.21186 F1700
G1 X131.3290 Y86.4395 Z36.9381 E0.21220 F1700
G1 X132.1374 Y86.8121 Z37.0472 E0.21251 F1700
G1 X132.9357 Y87.2058 Z37.1653 E0.21278 F1700
G1 X133.7234 Y87.6202 Z37.2894 E0.21297 F1700
G1 X134.5000 Y88.0551 Z37.4167 E0.21308 F1700
G1 X135.2650 Y88.5102 Z37.5439 E0.21308 F1700
G1 X136.0177 Y88.9852 Z37.6680 E0.21297 F1700
G1 X136.7578 Y89.4797 Z37.7861 E0.21278 F1700
G1 X137.4847 Y89.9934 Z37.8952 E0.21251 F1700
G1 X138.1979 Y90.5260 Z37.9928 E0.21220 F1700
G1 X138.8969 Y91.0770 Z38.0764 E0.21186 F1700
G1 X139.5812 Y91.6462 Z38.1441 E0.21154 F1700
G1 X140.2504 Y92.2331 Z38.1942 E0.21127 F1700
G1 X140.9041 Y92.8373 Z38.2256 E0.21106 F1700
G1 X141.5416 Y93.4584 Z38.2375 E0.21095 F1700
G1 X142.1627 Y94.0959 Z38.2297 E0.21094 F1700
G1 X142.7669 Y94.7496 Z38.2025 E0.21103 F1700
G1 X143.3538 Y95.4188 Z38.1566 E0.21121 F1700
G1 X143.9230 Y96.1031 Z38.0930 E0.21147 F1700
G1 X144.4740 Y96.8021 Z38.0136 E0.21177 F1700
G1 X145.0066 Y97.5153 Z37.9202 E0.21209 F1700
G1 X145.5203 Y98.2422 Z37.8153 E0.21239 F1700
G1 X146.0148 Y98.9823 Z37.7014 E0.21265 F1700
G1 X146.4898 Y99.7350 Z37.5814 E0.21284 F1700
G1 X146.9449 Y100.5000 Z37.4583 E0.21294 F1700
G1 X147.3798 Y101.2766 Z37.3353 E0.21294 F1700
G1 X147.7942 Y102.0643 Z37.2153 E0.21284 F1700
G1 X148.1879 Y102.8626 Z37.1014 E0.21265 F1700
G1 X148.5605 Y103.6710 Z36.9964 E0.21239 F1700
G1 X148.9119 Y104.4888 Z36.9031 E0.21209 F1700
G1 X149.2417 Y105.3155 Z36.8236 E0.21177 F1700
G1 X149.5498 Y106.1506 Z36.7601 E0.21147 F1700
G1 X149.8359 Y106.9934 Z36.7142 E0.21121 F1700
G1 X150.0999 Y107.8435 Z36.6869 E0.21103 F1700
G1 X150.3415 Y108.7002 Z36.6792 E0.21094 F1700
G1 X150.5606 Y109.5629 Z36.6911 E0.21095 F1700
G1 X150.7570 Y110.4310 Z36.7225 E0.21106 F1700
G1 X150.9307 Y111.3040 Z36.7726 E0.21127 F1700
G1 X151.0814 Y112.1812 Z36.8403 E0.21154 F1700
G1 X151.2091 Y113.0621 Z36.9239 E0.21186 F1700
G1 X151.3137 Y113.9460 Z37.0214 E0.21220 F1700
G1 X151.3952 Y114.8324 Z37.1306 E0.21251 F1700
G1 X151.4534 Y115.7206 Z37.2486 E0.21278 F1700
G1 X151.4883 Y116.6100 Z37.3728 E0.21297 F1700
G1 X151.5000 Y117.5000 Z37.5000 E0.21308 F1700
G1 X151.4883 Y118.3900 Z37.6272 E0.21308 F1700
G1 X151.4534 Y119.2794 Z37.7514 E0.21297 F1700
G1 X151.3952 Y120.1676 Z37.8694 E0.21278 F1700
G1 X151.3137 Y121.0540 Z37.9786 E0.21251 F1700
G1 X151.2091 Y121.9379 Z38.0761 E0.21220 F1700
G1 X151.0814 Y122.8188 Z38.1597 E0.21186 F1700
G1 X150.9307 Y123.6960 Z38.2274 E0.21154 F1700
G1 X150.7570 Y124.5690 Z38.2775 E0.21127 F1700
G1 X150.5606 Y125.4371 Z38.3089 E0.21106 F1700
G1 X150.3415 Y126.2998 Z38.3208 E0.21095 F1700
G1 X150.0999 Y127.1565 Z38.3131 E0.21094 F1700
G1 X149.8359 Y128.0066 Z38.2858 E0.21103 F1700
G1 X149.5498 Y128.8494 Z38.2399 E0.21121 F1700
G1 X149.2417 Y129.6845 Z38.1764 E0.21147 F1700
G1 X148.9119 Y130.5112 Z38.0969 E0.21177 F1700
G1 X148.5605 Y131.3290 Z38.0036 E0.21209 F1700
G1 X148.1879 Y132.1374 Z37.8986 E0.21239 F1700
G1 X147.7942 Y132.9357 Z37.7847 E0.21265 F1700
G1 X147.3798 Y133.7234 Z37.6647 E0.21284 F1700
G1 X146.9449 Y134.5000 Z37.5417 E0.21294 F1700
G1 X146.4898 Y135.2650 Z37.4186 E0.21294 F1700
G1 X146.0148 Y136.0177 Z37.2986 E0.21284 F1700
G1 X145.5203 Y136.7578 Z37.1847 E0.21265 F1700
G1 X145.0066 Y137.4847 Z37.0798 E0.21239 F1700
G1 X144.4740 Y138.1979 Z36.9864 E0.21209 F1700
G1 X143.9230 Y138.8969 Z36.9070 E0.21177 F1700
G1 X143.3538 Y139.5812 Z36.8434 E0.21147 F1700
G1 X142.7669 Y140.2504 Z36.7975 E0.21121 F1700
G1 X142.1627 Y140.9041 Z36.7703 E0.21103 F1700
G1 X141.5416 Y141.5416 Z36.7625 E0.21094 F1700
G1 X140.9041 Y142.1627 Z36.7744 E0.21095 F1700
G1 X140.2504 Y142.7669 Z36.8058 E0.21106 F1700
G1 X139.5812 Y143.3538 Z36.8559 E0.21127 F1700
G1 X138.8969 Y143.9230 Z36.9236 E0.21154 F1700
G1 X138.1979 Y144.4740 Z37.0072 E0.21186 F1700
G1 X137.4847 Y145.0066 Z37.1048 E0.21220 F1700
G1 X136.7578 Y145.5203 Z37.2139 E0.21251 F1700
G1 X136.0177 Y146.0148 Z37.3320 E0.21278 F1700
G1 X135.2650 Y146.4898 Z37.4561 E0.21297 F1700
G1 X134.5000 Y146.9449 Z37.5833 E0.21308 F1700
G1 X133.7234 Y147.3798 Z37.7106 E0.21308 F1700
G1 X132.9357 Y147.7942 Z37.8347 E0.21297 F1700
G1 X132.1374 Y148.1879 Z37.9528 E0.21278 F1700
G1 X131.3290 Y148.5605 Z38.0619 E0.21251 F1700
G1 X130.5112 Y148.9119 Z38.1594 E0.21220 F1700
G1 X129.6845 Y149.2417 Z38.2430 E0.21186 F1700
G1 X128.8494 Y149.5498 Z38.3107 E0.21154 F1700
G1 X128.0066 Y149.8359 Z38.3608 E0.21127 F1700
G1 X127.1565 Y150.0999 Z38.3922 E0.21106 F1700
G1 X126.2998 Y150.3415 Z38.4042 E0.21095 F1700
G1 X125.4371 Y150.5606 Z38.3964 E0.21094 F1700
G1 X124.5690 Y150.7570 Z38.3692 E0.21103 F1700
G1 X123.6960 Y150.9307 Z38.3232 E0.21121 F1700
G1 X122.8188 Y151.0814 Z38.2597 E0.21147 F1700
G1 X121.9379 Y151.2091 Z38.1803 E0.21177 F1700
G1 X121.0540 Y151.3137 Z38.0869 E0.21209 F1700
G1 X120.1676 Y151.3952 Z37.9819 E0.21239 F1700
G1 X119.2794 Y151.4534 Z37.8680 E0.21265 F1700
G1 X118.3900 Y151.4883 Z37.7481 E0.21284 F1700
G1 X117.5000 Y151.5000 Z37.6250 E0.21294 F1700
G1 X116.6100 Y151.4883 Z37.5019 E0.21294 F1700
G1 X115.7206 Y151.4534 Z37.3820 E0.21284 F1700
G1 X114.8324 Y151.3952 Z37.2681 E0.21265 F1700
G1 X113.9460 Y151.3137 Z37.1631 E0.21239 F1700
G1 X113.0621 Y151.2091 Z37.0697 E0.21209 F1700
G1 X112.1812 Y151.0814 Z36.9903 E0.21177 F1700
G1 X111.3040 Y150.9307 Z36.9268 E0.21147 F1700
G1 X110.4310 Y150.7570 Z36.8808 E0.21121 F1700
G1 X109.5629 Y150.5606 Z36.8536 E0.21103 F1700
G1 X108.7002 Y150.3415 Z36.8458 E0.21094 F1700
G1 X107.8435 Y150.0999 Z36.8578 E0.21095 F1700
G1 X106.9934 Y149.8359 Z36.8892 E0.21106 F1700
G1 X106.1506 Y149.5498 Z36.9393 E0.21127 F1700
G1 X105.3155 Y149.2417 Z37.0070 E0.21154 F1700
G1 X104.4888 Y148.9119 Z37.0906 E0.21186 F1700
G1 X103.6710 Y148.5605 Z37.1881 E0.21220 F1700
G1 X102.8626 Y148.1879 Z37.2972 E0.21251 F1700
G1 X102.0643 Y147.7942 Z37.4153 E0.21278 F1700
G1 X101.2766 Y147.3798 Z37.5394 E0.21297 F1700
G1 X100.5000 Y146.9449 Z37.6667 E0.21308 F1700
G1 X99.7350 Y146.4898 Z37.7939 E0.21308 F1700
G1 X98.9823 Y146.0148 Z37.9180 E0.21297 F1700
G1 X98.2422 Y145.5203 Z38.0361 E0.21278 F1700
G1 X97.5153 Y145.0066 Z38.1452 E0.21251 F1700
G1 X96.8021 Y144.4740 Z38.2428 E0.21220 F1700
G1 X96.1031 Y143.9230 Z38.3264 E0.21186 F1700
G1 X95.4188 Y143.3538 Z38.3941 E0.21154 F1700
G1 X94.7496 Y142.7669 Z38.4442 E0.21127 F1700
G1 X94.0959 Y142.1627 Z38.4756 E0.21106 F1700
G1 X93.4584 Y141.5416 Z38.4875 E0.21095 F1700
G1 X92.8373 Y140.9041 Z38.4797 E0.21094 F1700
G1 X92.2331 Y140.2504 Z38.4525 E0.21103 F1700
G1 X91.6462 Y139.5812 Z38.4066 E0.21121 F1700
G1 X91.0770 Y138.8969 Z38.3430 E0.21147 F1700
G1 X90.5260 Y138.1979 Z38.2636 E0.21177 F1700
G1 X89.9934 Y137.4847 Z38.1702 E0.21209 F1700
G1 X89.4797 Y136.7578 Z38.0653 E0.21239 F1700
G1 X88.9852 Y136.0177 Z37.9514 E0.21265 F1700
G1 X88.5102 Y135.2650 Z37.8314 E0.21284 F1700
G1 X88.0551 Y134.5000 Z37.7083 E0.21294 F1700
G1 X87.6202 Y133.7234 Z37.5853 E0.21294 F1700
G1 X87.2058 Y132.9357 Z37.4653 E0.21284 F1700
G1 X86.8121 Y132.1374 Z37.3514 E0.21265 F1700
G1 X86.4395 Y131.3290 Z37.2464 E0.21239 F1700
G1 X86.0881 Y130.5112 Z37.1531 E0.21209 F1700
G1 X85.7583 Y129.6845 Z37.0736 E0.21177 F1700
G1 X85.4502 Y128.8494 Z37.0101 E0.21147 F1700
G1 X85.1641 Y128.0066 Z36.9642 E0.21121 F1700
G1 X84.9001 Y127.1565 Z36.9369 E0.21103 F1700
G1 X84.6585 Y126.2998 Z36.9292 E0.21094 F1700
G1 X84.4394 Y125.4371 Z36.9411 E0.21095 F1700
G1 X84.2430 Y124.5690 Z36.9725 E0.21106 F1700
G1 X84.0693 Y123.6960 Z37.0226 E0.21127 F1700
G1 X83.9186 Y122.8188 Z37.0903 E0.21154 F1700
G1 X83.7909 Y121.9379 Z37.1739 E0.21186 F1700
G1 X83.6863 Y121.0540 Z37.2714 E0.21220 F1700
G1 X83.6048 Y120.1676 Z37.3806 E0.21251 F1700
G1 X83.5466 Y119.2794 Z37.4986 E0.21278 F1700
G1 X83.5117 Y118.3900 Z37.6228 E0.21297 F1700
G1 X83.5000 Y117.5000 Z37.7500 E0.21308 F1700
G1 X83.5117 Y116.6100 Z37.8772 E0.21308 F1700
G1 X83.5466 Y115.7206 Z38.0014 E0.21297 F1700
G1 X83.6048 Y114.8324 Z38.1194 E0.21278 F1700
G1 X83.6863 Y113.9460 Z38.2286 E0.21251 F1700
G1 X83.7909 Y113.0621 Z38.3261 E0.21220 F1700
G1 X83.9186 Y112.1812 Z38.4097 E0.21186 F1700
G1 X84.0693 Y111.3040 Z38.4774 E0.21154 F1700
G1 X84.2430 Y110.4310 Z38.5275 E0.21127 F1700
G1 X84.4394 Y109.5629 Z38.5589 E0.21106 F1700
G1 X84.6585 Y108.7002 Z38.5708 E0.21095 F1700
G1 X84.9001 Y107.8435 Z38.5631 E0.21094 F1700
G1 X85.1641 Y106.9934 Z38.5358 E0.21103 F1700
G1 X85.4502 Y106.1506 Z38.4899 E0.21121 F1700
G1 X85.7583 Y105.3155 Z38.4264 E0.21147 F1700
G1 X86.0881 Y104.4888 Z38.3469 E0.21177 F1700
G1 X86.4395 Y103.6710 Z38.2536 E0.21209 F1700
G1 X86.8121 Y102.8626 Z38.1486 E0.21239 F1700
G1 X87.2058 Y102.0643 Z38.0347 E0.21265 F1700
G1 X87.6202 Y101.2766 Z37.9147 E0.21284 F1700
G1 X88.0551 Y100.5000 Z37.7917 E0.21294 F1700
G1 X88.5102 Y99.7350 Z37.6686 E0.21294 F1700
G1 X88.9852 Y98.9823 Z37.5486 E0.21284 F1700
G1 X89.4797 Y98.2422 Z37.4347 E0.21265 F1700
G1 X89.9934 Y97.5153 Z37.3298 E0.21239 F1700
G1 X90.5260 Y96.8021 Z37.2364 E0.21209 F1700
G1 X91.0770 Y96.1031 Z37.1570 E0.21177 F1700
G1 X91.6462 Y95.4188 Z37.0934 E0.21147 F1700
G1 X92.2331 Y94.7496 Z37.0475 E0.21121 F1700
G1 X92.8373 Y94.0959 Z37.0203 E0.21103 F1700
G1 X93.4584 Y93.4584 Z37.0125 E0.21094 F1700
G1 X94.0959 Y92.8373 Z37.0244 E0.21095 F1700
G1 X94.7496 Y92.2331 Z37.0558 E0.21106 F1700
G1 X95.4188 Y91.6462 Z37.1059 E0.21127 F1700
G1 X96.1031 Y91.0770 Z37.1736 E0.21154 F1700
G1 X96.8021 Y90.5260 Z37.2572 E0.21186 F1700
G1 X97.5153 Y89.9934 Z37.3548 E0.21220 F1700
G1 X98.2422 Y89.4797 Z37.4639 E0.21251 F1700
G1 X98.9823 Y88.9852 Z37.5820 E0.21278 F1700
G1 X99.7350 Y88.5102 Z37.7061 E0.21297 F1700
G1 X100.5000 Y88.0551 Z37.8333 E0.21308 F1700
G1 X101.2766 Y87.6202 Z37.9606 E0.21308 F1700
G1 X102.0643 Y87.2058 Z38.0847 E0.21297 F1700
G1 X102.8626 Y86.8121 Z38.2028 E0.21278 F1700
G1 X103.6710 Y86.4395 Z38.3119 E0.21251 F1700
G1 X104.4888 Y86.0881 Z38.4094 E0.21220 F1700
G1 X105.3155 Y85.7583 Z38.4930 E0.21186 F1700
G1 X106.1506 Y85.4502 Z38.5607 E0.21154 F1700
G1 X106.9934 Y85.1641 Z38.6108 E0.21127 F1700
G1 X107.8435 Y84.9001 Z38.6422 E0.21106 F1700
G1 X108.7002 Y84.6585 Z38.6542 E0.21095 F1700
G1 X109.5629 Y84.4394 Z38.6464 E0.21094 F1700
G1 X110.4310 Y84.2430 Z38.6192 E0.21103 F1700
G1 X111.3040 Y84.0693 Z38.5732 E0.21121 F1700
G1 X112.1812 Y83.9186 Z38.5097 E0.21147 F1700
G1 X113.0621 Y83.7909 Z38.4303 E0.21177 F1700
G1 X113.9460 Y83.6863 Z38.3369 E0.21209 F1700
G1 X114.8324 Y83.6048 Z38.2319 E0.21239 F1700
G1 X115.7206 Y83.5466 Z38.1180 E0.21265 F1700
G1 X116.6100 Y83.5117 Z37.9981 E0.21284 F1700
G1 X117.5000 Y83.5000 Z37.8750 E0.21294 F1700
G1 X118.3900 Y83.5117 Z37.7519 E0.21294 F1700
G1 X119.2794 Y83.5466 Z37.6320 E0.21284 F1700
G1 X120.1676 Y83.6048 Z37.5181 E0.21265 F1700
G1 X121.0540 Y83.6863 Z37.4131 E0.21239 F1700
G1 X121.9379 Y83.7909 Z37.3197 E0.21209 F1700
G1 X122.8188 Y83.9186 Z37.2403 E0.21177 F1700
G1 X123.6960 Y84.0693 Z37.1768 E0.21147 F1700
G1 X124.5690 Y84.2430 Z37.1308 E0.21121 F1700
G1 X125.4371 Y84.4394 Z37.1036 E0.21103 F1700
G1 X126.2998 Y84.6585 Z37.0958 E0.21094 F1700
G1 X127.1565 Y84.9001 Z37.1078 E0.21095 F1700
G1 X128.0066 Y85.1641 Z37.1392 E0.21106 F1700
G1 X128.8494 Y85.4502 Z37.1893 E0.21127 F1700
G1 X129.6845 Y85.7583 Z37.2570 E0.21154 F1700
G1 X130.5112 Y86.0881 Z37.3406 E0.21186 F1700
G1 X131.3290 Y86.4395 Z37.4381 E0.21220 F1700
G1 X132.1374 Y86.8121 Z37.5472 E0.21251 F1700
G1 X132.9357 Y87.2058 Z37.6653 E0.21278 F1700
G1 X133.7234 Y87.6202 Z37.7894 E0.21297 F1700
G1 X134.5000 Y88.0551 Z37.9167 E0.21308 F1700
G1 X135.2650 Y88.5102 Z38.0439 E0.21308 F1700
G1 X136.0177 Y88.9852 Z38.1680 E0.21297 F1700
G1 X136.7578 Y89.4797 Z38.2861 E0.21278 F1700
G1 X137.4847 Y89.9934 Z38.3952 E0.21251 F1700
G1 X138.1979 Y90.5260 Z38.4928 E0.21220 F1700
G1 X138.8969 Y91.0770 Z38.5764 E0.21186 F1700
G1 X139.5812 Y91.6462 Z38.6441 E0.21154 F1700
G1 X140.2504 Y92.2331 Z38.6942 E0.21127 F1700
G1 X140.9041 Y92.8373 Z38.7256 E0.21106 F1700
G1 X141.5416 Y93.4584 Z38.7375 E0.21095 F1700
G1 X142.1627 Y94.0959 Z38.7297 E0.21094 F1700
G1 X142.7669 Y94.7496 Z38.7025 E0.21103 F1700
G1 X143.3538 Y95.4188 Z38.6566 E0.21121 F1700
G1 X143.9230 Y96.1031 Z38.5930 E0.21147 F1700
G1 X144.4740 Y96.8021 Z38.5136 E0.21177 F1700
G1 X145.0066 Y97.5153 Z38.4202 E0.21209 F1700
G1 X145.5203 Y98.2422 Z38.3153 E0.21239 F1700
G1 X146.0148 Y98.9823 Z38.2014 E0.21265 F1700
G1 X146.4898 Y99.7350 Z38.0814 E0.21284 F1700
G1 X146.9449 Y100.5000 Z37.9583 E0.21294 F1700
G1 X147.3798 Y101.2766 Z37.8353 E0.21294 F1700
G1 X147.7942 Y102.0643 Z37.7153 E0.21284 F1700
G1 X148.1879 Y102.8626 Z37.6014 E0.21265 F1700
G1 X148.5605 Y103.6710 Z37.4964 E0.21239 F1700
G1 X148.9119 Y104.4888 Z37.4031 E0.21209 F1700
G1 X149.2417 Y105.3155 Z37.3236 E0.21177 F1700
G1 X149.5498 Y106.1506 Z37.2601 E0.21147 F1700
G1 X149.8359 Y106.9934 Z37.2142 E0.21121 F1700
G1 X150.0999 Y107.8435 Z37.1869 E0.21103 F1700
G1 X150.3415 Y108.7002 Z37.1792 E0.21094 F1700
G1 X150.5606 Y109.5629 Z37.1911 E0.21095 F1700
G1 X150.7570 Y110.4310 Z37.2225 E0.21106 F1700
G1 X150.9307 Y111.3040 Z37.2726 E0.21127 F1700
G1 X151.0814 Y112.1812 Z37.3403 E0.21154 F1700
G1 X151.2091 Y113.0621 Z37.4239 E0.21186 F1700
G1 X151.3137 Y113.9460 Z37.5214 E0.21220 F1700
G1 X151.3952 Y114.8324 Z37.6306 E0.21251 F1700
G1 X151.4534 Y115.7206 Z37.7486 E0.21278 F1700
G1 X151.4883 Y116.6100 Z37.8728 E0.21297 F1700
G1 X151.5000 Y117.5000 Z38.0000 E0.21308 F1700
G1 X151.4883 Y118.3900 Z38.1272 E0.21308 F1700
G1 X151.4534 Y119.2794 Z38.2514 E0.21297 F1700
G1 X151.3952 Y120.1676 Z38.3694 E0.21278 F1700
G1 X151.3137 Y121.0540 Z38.4786 E0.21251 F1700
G1 X151.2091 Y121.9379 Z38.5761 E0.21220 F1700
G1 X151.0814 Y122.8188 Z38.6597 E0.21186 F1700
G1 X150.9307 Y123.6960 Z38.7274 E0.21154 F1700
G1 X150.7570 Y124.5690 Z38.7775 E0.21127 F1700
G1 X150.5606 Y125.4371 Z38.8089 E0.21106 F1700
G1 X150.3415 Y126.2998 Z38.8208 E0.21095 F1700
G1 X150.0999 Y127.1565 Z38.8131 E0.21094 F1700
G1 X149.8359 Y128.0066 Z38.7858 E0.21103 F1700
G1 X149.5498 Y128.8494 Z38.7399 E0.21121 F1700
G1 X149.2417 Y129.6845 Z38.6764 E0.21147 F1700
G1 X148.9119 Y130.5112 Z38.5969 E0.21177 F1700
G1 X148.5605 Y131.3290 Z38.5036 E0.21209 F1700
G1 X148.1879 Y132.1374 Z38.3986 E0.21239 F1700
G1 X147.7942 Y132.9357 Z38.2847 E0.21265 F1700
G1 X147.3798 Y133.7234 Z38.1647 E0.21284 F1700
G1 X146.9449 Y134.5000 Z38.0417 E0.21294 F1700
G1 X146.4898 Y135.2650 Z37.9186 E0.21294 F1700
G1 X146.0148 Y136.0177 Z37.7986 E0.21284 F1700
G1 X145.5203 Y136.7578 Z37.6847 E0.21265 F1700
G1 X145.0066 Y137.4847 Z37.5798 E0.21239 F1700
G1 X144.4740 Y138.1979 Z37.4864 E0.21209 F1700
G1 X143.9230 Y138.8969 Z37.4070 E0.21177 F1700
G1 X143.3538 Y139.5812 Z37.3434 E0.21147 F1700
G1 X142.7669 Y140.2504 Z37.2975 E0.21121 F1700
G1 X142.1627 Y140.9041 Z37.2703 E0.21103 F1700
G1 X141.5416 Y141.5416 Z37.2625 E0.21094 F1700
G1 X140.9041 Y142.1627 Z37.2744 E0.21095 F1700
G1 X140.2504 Y142.7669 Z37.3058 E0.21106 F1700
G1 X139.5812 Y143.3538 Z37.3559 E0.21127 F1700
G1 X138.8969 Y143.9230 Z37.4236 E0.21154 F1700
G1 X138.1979 Y144.4740 Z37.5072 E0.21186 F1700
G1 X137.4847 Y145.0066 Z37.6048 E0.21220 F1700
G1 X136.7578 Y145.5203 Z37.7139 E0.21251 F1700
G1 X136.0177 Y146.0148 Z37.8320 E0.21278 F1700
G1 X135.2650 Y146.4898 Z37.9561 E0.21297 F1700
G1 X134.5000 Y146.9449 Z38.0833 E0.21308 F1700
G1 X133.7234 Y147.3798 Z38.2106 E0.21308 F1700
G1 X132.9357 Y147.7942 Z38.3347 E0.21297 F1700
G1 X132.1374 Y148.1879 Z38.4528 E0.21278 F1700
G1 X131.3290 Y148.5605 Z38.5619 E0.21251 F1700
G1 X130.5112 Y148.9119 Z38.6594 E0.21220 F1700
G1 X129.6845 Y149.2417 Z38.7430 E0.21186 F1700
G1 X128.8494 Y149.5498 Z38.8107 E0.21154 F1700
G1 X128.0066 Y149.8359 Z38.8608 E0.21127 F1700
G1 X127.1565 Y150.0999 Z38.8922 E0.21106 F1700
G1 X126.2998 Y150.3415 Z38.9042 E0.21095 F1700
G1 X125.4371 Y150.5606 Z38.8964 E0.21094 F1700
G1 X124.5690 Y150.7570 Z38.8692 E0.21103 F1700
G1 X123.6960 Y150.9307 Z38.8232 E0.21121 F1700
G1 X122.8188 Y151.0814 Z38.7597 E0.21147 F1700
G1 X121.9379 Y151.2091 Z38.6803 E0.21177 F1700
G1 X121.0540 Y151.3137 Z38.5869 E0.21209 F1700
G1 X120.1676 Y151.3952 Z38.4819 E0.21239 F1700
G1 X119.2794 Y151.4534 Z38.3680 E0.21265 F1700
G1 X118.3900 Y151.4883 Z38.2481 E0.21284 F1700
G1 X117.5000 Y151.5000 Z38.1250 E0.21294 F1700
G1 X116.6100 Y151.4883 Z38.0019 E0.21294 F1700
G1 X115.7206 Y151.4534 Z37.8820 E0.21284 F1700
G1 X114.8324 Y151.3952 Z37.7681 E0.21265 F1700
G1 X113.9460 Y151.3137 Z37.6631 E0.21239 F1700
G1 X113.0621 Y151.2091 Z37.5697 E0.21209 F1700
G1 X112.1812 Y151.0814 Z37.4903 E0.21177 F1700
G1 X111.3040 Y150.9307 Z37.4268 E0.21147 F1700
G1 X110.4310 Y150.7570 Z37.3808 E0.21121 F1700
G1 X109.5629 Y150.5606 Z37.3536 E0.21103 F1700
G1 X108.7002 Y150.3415 Z37.3458 E0.21094 F1700
G1 X107.8435 Y150.0999 Z37.3578 E0.21095 F1700
G1 X106.9934 Y149.8359 Z37.3892 E0.21106 F1700
G1 X106.1506 Y149.5498 Z37.4393 E0.21127 F1700
G1 X105.3155 Y149.2417 Z37.5070 E0.21154 F1700
G1 X104.4888 Y148.9119 Z37.5906 E0.21186 F1700
G1 X103.6710 Y148.5605 Z37.6881 E0.21220 F1700
G1 X102.8626 Y148.1879 Z37.7972 E0.21251 F1700
G1 X102.0643 Y147.7942 Z37.9153 E0.21278 F1700
G1 X101.2766 Y147.3798 Z38.0394 E0.21297 F1700
G1 X100.5000 Y146.9449 Z38.1667 E0.21308 F1700
G1 X99.7350 Y146.4898 Z38.2939 E0.21308 F1700
G1 X98.9823 Y146.0148 Z38.4180 E0.21297 F1700
G1 X98.2422 Y145.5203 Z38.5361 E0.21278 F1700
G1 X97.5153 Y145.0066 Z38.6452 E0.21251 F1700
G1 X96.8021 Y144.4740 Z38.7428 E0.21220 F1700
G1 X96.1031 Y143.9230 Z38.8264 E0.21186 F1700
G1 X95.4188 Y143.3538 Z38.8941 E0.21154 F1700
G1 X94.7496 Y142.7669 Z38.9442 E0.21127 F1700
G1 X94.0959 Y142.1627 Z38.9756 E0.21106 F1700
G1 X93.4584 Y141.5416 Z38.9875 E0.21095 F1700
G1 X92.8373 Y140.9041 Z38.9797 E0.21094 F1700
G1 X92.2331 Y140.2504 Z38.9525 E0.21103 F1700
G1 X91.6462 Y139.5812 Z38.9066 E0.21121 F1700
G1 X91.0770 Y138.8969 Z38.8430 E0.21147 F1700
G1 X90.5260 Y138.1979 Z38.7636 E0.21177 F1700
G1 X89.9934 Y137.4847 Z38.6702 E0.21209 F1700
G1 X89.4797 Y136.7578 Z38.5653 E0.21239 F1700
G1 X88.9852 Y136.0177 Z38.4514 E0.21265 F1700
G1 X88.5102 Y135.2650 Z38.3314 E0.21284 F1700
G1 X88.0551 Y134.5000 Z38.2083 E0.21294 F1700
G1 X87.6202 Y133.7234 Z38.0853 E0.21294 F1700
G1 X87.2058 Y132.9357 Z37.9653 E0.21284 F1700
G1 X86.8121 Y132.1374 Z37.8514 E0.21265 F1700
G1 X86.4395 Y131.3290 Z37.7464 E0.21239 F1700
G1 X86.0881 Y130.5112 Z37.6531 E0.21209 F1700
G1 X85.7583 Y129.6845 Z37.5736 E0.21177 F1700
G1 X85.4502 Y128.8494 Z37.5101 E0.21147 F1700
G1 X85.1641 Y128.0066 Z37.4642 E0.21121 F1700
G1 X84.9001 Y127.1565 Z37.4369 E0.21103 F1700
G1 X84.6585 Y126.2998 Z37.4292 E0.21094 F1700
G1 X84.4394 Y125.4371 Z37.4411 E0.21095 F1700
G1 X84.2430 Y124.5690 Z37.4725 E0.21106 F1700
G1 X84.0693 Y123.6960 Z37.5226 E0.21127 F1700
G1 X83.9186 Y122.8188 Z37.5903 E0.21154 F1700
G1 X83.7909 Y121.9379 Z37.6739 E0.21186 F1700
G1 X83.6863 Y121.0540 Z37.7714 E0.21220 F1700
G1 X83.6048 Y120.1676 Z37.8806 E0.21251 F1700
G1 X83.5466 Y119.2794 Z37.9986 E0.21278 F1700
G1 X83.5117 Y118.3900 Z38.1228 E0.21297 F1700
G1 X83.5000 Y117.5000 Z38.2500 E0.21308 F1700
G1 X83.5117 Y116.6100 Z38.3772 E0.21308 F1700
G1 X83.5466 Y115.7206 Z38.5014 E0.21297 F1700
G1 X83.6048 Y114.8324 Z38.6194 E0.21278 F1700
G1 X83.6863 Y113.9460 Z38.7286 E0.21251 F1700
G1 X83.7909 Y113.0621 Z38.8261 E0.21220 F1700
G1 X83.9186 Y112.1812 Z38.9097 E0.21186 F1700
G1 X84.0693 Y111.3040 Z38.9774 E0.21154 F1700
G1 X84.2430 Y110.4310 Z39.0275 E0.21127 F1700
G1 X84.4394 Y109.5629 Z39.0589 E0.21106 F1700
G1 X84.6585 Y108.7002 Z39.0708 E0.21095 F1700
G1 X84.9001 Y107.8435 Z39.0631 E0.21094 F1700
G1 X85.1641 Y106.9934 Z39.0358 E0.21103 F1700
G1 X85.4502 Y106.1506 Z38.9899 E0.21121 F1700
G1 X85.7583 Y105.3155 Z38.9264 E0.21147 F1700
G1 X86.0881 Y104.4888 Z38.8469 E0.21177 F1700
G1 X86.4395 Y103.6710 Z38.7536 E0.21209 F1700
G1 X86.8121 Y102.8626 Z38.6486 E0.21239 F1700
G1 X87.2058 Y102.0643 Z38.5347 E0.21265 F1700
G1 X87.6202 Y101.2766 Z38.4147 E0.21284 F1700
G1 X88.0551 Y100.5000 Z38.2917 E0.21294 F1700
G1 X88.5102 Y99.7350 Z38.1686 E0.21294 F1700
G1 X88.9852 Y98.9823 Z38.0486 E0.21284 F1700
G1 X89.4797 Y98.2422 Z37.9347 E0.21265 F1700
G1 X89.9934 Y97.5153 Z37.8298 E0.21239 F1700
G1 X90.5260 Y96.8021 Z37.7364 E0.21209 F1700
G1 X91.0770 Y96.1031 Z37.6570 E0.21177 F1700
G1 X91.6462 Y95.4188 Z37.5934 E0.21147 F1700
G1 X92.2331 Y94.7496 Z37.5475 E0.21121 F1700
G1 X92.8373 Y94.0959 Z37.5203 E0.21103 F1700
G1 X93.4584 Y93.4584 Z37.5125 E0.21094 F1700
G1 X94.0959 Y92.8373 Z37.5244 E0.21095 F1700
G1 X94.7496 Y92.2331 Z37.5558 E0.21106 F1700
G1 X95.4188 Y91.6462 Z37.6059 E0.21127 F1700
G1 X96.1031 Y91.0770 Z37.6736 E0.21154 F1700
G1 X96.8021 Y90.5260 Z37.7572 E0.21186 F1700
G1 X97.5153 Y89.9934 Z37.8548 E0.21220 F1700
G1 X98.2422 Y89.4797 Z37.9639 E0.21251 F1700
G1 X98.9823 Y88.9852 Z38.0820 E0.21278 F1700
G1 X99.7350 Y88.5102 Z38.2061 E0.21297 F1700
G1 X100.5000 Y88.0551 Z38.3333 E0.21308 F1700
G1 X101.2766 Y87.6202 Z38.4606 E0.21308 F1700
G1 X102.0643 Y87.2058 Z38.5847 E0.21297 F1700
G1 X102.8626 Y86.8121 Z38.7028 E0.21278 F1700
G1 X103.6710 Y86.4395 Z38.8119 E0.21251 F1700
G1 X104.4888 Y86.0881 Z38.9094 E0.21220 F1700
G1 X105.3155 Y85.7583 Z38.9930 E0.21186 F1700
G1 X106.1506 Y85.4502 Z39.0607 E0.21154 F1700
G1 X106.9934 Y85.1641 Z39.1108 E0.21127 F1700
G1 X107.8435 Y84.9001 Z39.1422 E0.21106 F1700
G1 X108.7002 Y84.6585 Z39.1542 E0.21095 F1700
G1 X109.5629 Y84.4394 Z39.1464 E0.21094 F1700
G1 X110.4310 Y84.2430 Z39.1192 E0.21103 F1700
G1 X111.3040 Y84.0693 Z39.0732 E0.21121 F1700
G1 X112.1812 Y83.9186 Z39.0097 E0.21147 F1700
G1 X113.0621 Y83.7909 Z38.9303 E0.21177 F1700
G1 X113.9460 Y83.6863 Z38.8369 E0.21209 F1700
G1 X114.8324 Y83.6048 Z38.7319 E0.21239 F1700
G1 X115.7206 Y83.5466 Z38.6180 E0.21265 F1700
G1 X116.6100 Y83.5117 Z38.4981 E0.21284 F1700
G1 X117.5000 Y83.5000 Z38.3750 E0.21294 F1700
G1 X118.3900 Y83.5117 Z38.2519 E0.21294 F1700
G1 X119.2794 Y83.5466 Z38.1320 E0.21284 F1700
G1 X120.1676 Y83.6048 Z38.0181 E0.21265 F1700
G1 X121.0540 Y83.6863 Z37.9131 E0.21239 F1700
G1 X121.9379 Y83.7909 Z37.8197 E0.21209 F1700
G1 X122.8188 Y83.9186 Z37.7403 E0.21177 F1700
G1 X123.6960 Y84.0693 Z37.6768 E0.21147 F1700
G1 X124.5690 Y84.2430 Z37.6308 E0.21121 F1700
G1 X125.4371 Y84.4394 Z37.6036 E0.21103 F1700
G1 X126.2998 Y84.6585 Z37.5958 E0.21094 F1700
G1 X127.1565 Y84.9001 Z37.6078 E0.21095 F1700
G1 X128.0066 Y85.1641 Z37.6392 E0.21106 F1700
G1 X128.8494 Y85.4502 Z37.6893 E0.21127 F1700
G1 X129.6845 Y85.7583 Z37.7570 E0.21154 F1700
G1 X130.5112 Y86.0881 Z37.8406 E0.21186 F1700
G1 X131.3290 Y86.4395 Z37.9381 E0.21220 F1700
G1 X132.1374 Y86.8121 Z38.0472 E0.21251 F1700
G1 X132.9357 Y87.2058 Z38.1653 E0.21278 F1700
G1 X133.7234 Y87.6202 Z38.2894 E0.21297 F1700
G1 X134.5000 Y88.0551 Z38.4167 E0.21308 F1700
G1 X135.2650 Y88.5102 Z38.5439 E0.21308 F1700
G1 X136.0177 Y88.9852 Z38.6680 E0.21297 F1700
G1 X136.7578 Y89.4797 Z38.7861 E0.21278 F1700
G1 X137.4847 Y89.9934 Z38.8952 E0.21251 F1700
G1 X138.1979 Y90.5260 Z38.9928 E0.21220 F1700
G1 X138.8969 Y91.0770 Z39.0764 E0.21186 F1700
G1 X139.5812 Y91.6462 Z39.1441 E0.21154 F1700
G1 X140.2504 Y92.2331 Z39.1942 E0.21127 F1700
G1 X140.9041 Y92.8373 Z39.2256 E0.21106 F1700
G1 X141.5416 Y93.4584 Z39.2375 E0.21095 F1700
G1 X142.1627 Y94.0959 Z39.2297 E0.21094 F1700
G1 X142.7669 Y94.7496 Z39.2025 E0.21103 F1700
G1 X143.3538 Y95.4188 Z39.1566 E0.21121 F1700
G1 X143.9230 Y96.1031 Z39.0930 E0.21147 F1700
G1 X144.4740 Y96.8021 Z39.0136 E0.21177 F1700
G1 X145.0066 Y97.5153 Z38.9202 E0.21209 F1700
G1 X145.5203 Y98.2422 Z38.8153 E0.21239 F1700
G1 X146.0148 Y98.9823 Z38.7014 E0.21265 F1700
G1 X146.4898 Y99.7350 Z38.5814 E0.21284 F1700
G1 X146.9449 Y100.5000 Z38.4583 E0.21294 F1700
G1 X147.3798 Y101.2766 Z38.3353 E0.21294 F1700
G1 X147.7942 Y102.0643 Z38.2153 E0.21284 F1700
G1 X148.1879 Y102.8626 Z38.1014 E0.21265 F1700
G1 X148.5605 Y103.6710 Z37.9964 E0.21239 F1700
G1 X148.9119 Y104.4888 Z37.9031 E0.21209 F1700
G1 X149.2417 Y105.3155 Z37.8236 E0.21177 F1700
G1 X149.5498 Y106.1506 Z37.7601 E0.21147 F1700
G1 X149.8359 Y106.9934 Z37.7142 E0.21121 F1700
G1 X150.0999 Y107.8435 Z37.6869 E0.21103 F1700
G1 X150.3415 Y108.7002 Z37.6792 E0.21094 F1700
G1 X150.5606 Y109.5629 Z37.6911 E0.21095 F1700
G1 X150.7570 Y110.4310 Z37.7225 E0.21106 F1700
G1 X150.9307 Y111.3040 Z37.7726 E0.21127 F1700
G1 X151.0814 Y112.1812 Z37.8403 E0.21154 F1700
G1 X151.2091 Y113.0621 Z37.9239 E0.21186 F1700
G1 X151.3137 Y113.9460 Z38.0214 E0.21220 F1700
G1 X151.3952 Y114.8324 Z38.1306 E0.21251 F1700
G1 X151.4534 Y115.7206 Z38.2486 E0.21278 F1700
G1 X151.4883 Y116.6100 Z38.3728 E0.21297 F1700
G1 X151.5000 Y117.5000 Z38.5000 E0.21308 F1700
G1 X151.4883 Y118.3900 Z38.6272 E0.21308 F1700
G1 X151.4534 Y119.2794 Z38.7514 E0.21297 F1700
G1 X151.3952 Y120.1676 Z38.8694 E0.21278 F1700
G1 X151.3137 Y121.0540 Z38.9786 E0.21251 F1700
G1 X151.2091 Y121.9379 Z39.0761 E0.21220 F1700
G1 X151.0814 Y122.8188 Z39.1597 E0.21186 F1700
G1 X150.9307 Y123.6960 Z39.2274 E0.21154 F1700
G1 X150.7570 Y124.5690 Z39.2775 E0.21127 F1700
G1 X150.5606 Y125.4371 Z39.3089 E0.21106 F1700
G1 X150.3415 Y126.2998 Z39.3208 E0.21095 F1700
G1 X150.0999 Y127.1565 Z39.3131 E0.21094 F1700
G1 X149.8359 Y128.0066 Z39.2858 E0.21103 F1700
G1 X149.5498 Y128.8494 Z39.2399 E0.21121 F1700
G1 X149.2417 Y129.6845 Z39.1764 E0.21147 F1700
G1 X148.9119 Y130.5112 Z39.0969 E0.21177 F1700
G1 X148.5605 Y131.3290 Z39.0036 E0.21209 F1700
G1 X148.1879 Y132.1374 Z38.8986 E0.21239 F1700
G1 X147.7942 Y132.9357 Z38.7847 E0.21265 F1700
G1 X147.3798 Y133.7234 Z38.6647 E0.21284 F1700
G1 X146.9449 Y134.5000 Z38.5417 E0.21294 F1700
G1 X146.4898 Y135.2650 Z38.4186 E0.21294 F1700
G1 X146.0148 Y136.0177 Z38.2986 E0.21284 F1700
G1 X145.5203 Y136.7578 Z38.1847 E0.21265 F1700
G1 X145.0066 Y137.4847 Z38.0798 E0.21239 F1700
G1 X144.4740 Y138.1979 Z37.9864 E0.21209 F1700
G1 X143.9230 Y138.8969 Z37.9070 E0.21177 F1700
G1 X143.3538 Y139.5812 Z37.8434 E0.21147 F1700
G1 X142.7669 Y140.2504 Z37.7975 E0.21121 F1700
G1 X142.1627 Y140.9041 Z37.7703 E0.21103 F1700
G1 X141.5416 Y141.5416 Z37.7625 E0.21094 F1700
G1 X140.9041 Y142.1627 Z37.7744 E0.21095 F1700
G1 X140.2504 Y142.7669 Z37.8058 E0.21106 F1700
G1 X139.5812 Y143.3538 Z37.8559 E0.21127 F1700
G1 X138.8969 Y143.9230 Z37.9236 E0.21154 F1700
G1 X138.1979 Y144.4740 Z38.0072 E0.21186 F1700
G1 X137.4847 Y145.0066 Z38.1048 E0.21220 F1700
G1 X136.7578 Y145.5203 Z38.2139 E0.21251 F1700
G1 X136.0177 Y146.0148 Z38.3320 E0.21278 F1700
G1 X135.2650 Y146.4898 Z38.4561 E0.21297 F1700
G1 X134.5000 Y146.9449 Z38.5833 E0.21308 F1700
G1 X133.7234 Y147.3798 Z38.7106 E0.21308 F1700
G1 X132.9357 Y147.7942 Z38.8347 E0.21297 F1700
G1 X132.1374 Y148.1879 Z38.9528 E0.21278 F1700
G1 X131.3290 Y148.5605 Z39.0619 E0.21251 F1700
G1 X130.5112 Y148.9119 Z39.1594 E0.21220 F1700
G1 X129.6845 Y149.2417 Z39.2430 E0.21186 F1700
G1 X128.8494 Y149.5498 Z39.3107 E0.21154 F1700
G1 X128.0066 Y149.8359 Z39.3608 E0.21127 F1700
G1 X127.1565 Y150.0999 Z39.3922 E0.21106 F1700
G1 X126.2998 Y150.3415 Z39.4042 E0.21095 F1700
G1 X125.4371 Y150.5606 Z39.3964 E0.21094 F1700
G1 X124.5690 Y150.7570 Z39.3692 E0.21103 F1700
G1 X123.6960 Y150.9307 Z39.3232 E0.21121 F1700
G1 X122.8188 Y151.0814 Z39.2597 E0.21147 F1700
G1 X121.9379 Y151.2091 Z39.1803 E0.21177 F1700
G1 X121.0540 Y151.3137 Z39.0869 E0.21209 F1700
G1 X120.1676 Y151.3952 Z38.9819 E0.21239 F1700
G1 X119.2794 Y151.4534 Z38.8680 E0.21265 F1700
G1 X118.3900 Y151.4883 Z38.7481 E0.21284 F1700
G1 X117.5000 Y151.5000 Z38.6250 E0.21294 F1700
G1 X116.6100 Y151.4883 Z38.5019 E0.21294 F1700
G1 X115.7206 Y151.4534 Z38.3820 E0.21284 F1700
G1 X114.8324 Y151.3952 Z38.2681 E0.21265 F1700
G1 X113.9460 Y151.3137 Z38.1631 E0.21239 F1700
G1 X113.0621 Y151.2091 Z38.0697 E0.21209 F1700
G1 X112.1812 Y151.0814 Z37.9903 E0.21177 F1700
G1 X111.3040 Y150.9307 Z37.9268 E0.21147 F1700
G1 X110.4310 Y150.7570 Z37.8808 E0.21121 F1700
G1 X109.5629 Y150.5606 Z37.8536 E0.21103 F1700
G1 X108.7002 Y150.3415 Z37.8458 E0.21094 F1700
G1 X107.8435 Y150.0999 Z37.8578 E0.21095 F1700
G1 X106.9934 Y149.8359 Z37.8892 E0.21106 F1700
G1 X106.1506 Y149.5498 Z37.9393 E0.21127 F1700
G1 X105.3155 Y149.2417 Z38.0070 E0.21154 F1700
G1 X104.4888 Y148.9119 Z38.0906 E0.21186 F1700
G1 X103.6710 Y148.5605 Z38.1881 E0.21220 F1700
G1 X102.8626 Y148.1879 Z38.2972 E0.21251 F1700
G1 X102.0643 Y147.7942 Z38.4153 E0.21278 F1700
G1 X101.2766 Y147.3798 Z38.5394 E0.21297 F1700
G1 X100.5000 Y146.9449 Z38.6667 E0.21308 F1700
G1 X99.7350 Y146.4898 Z38.7939 E0.21308 F1700
G1 X98.9823 Y146.0148 Z38.9180 E0.21297 F1700
G1 X98.2422 Y145.5203 Z39.0361 E0.21278 F1700
G1 X97.5153 Y145.0066 Z39.1452 E0.21251 F1700
G1 X96.8021 Y144.4740 Z39.2428 E0.21220 F1700
G1 X96.1031 Y143.9230 Z39.3264 E0.21186 F1700
G1 X95.4188 Y143.3538 Z39.3941 E0.21154 F1700
G1 X94.7496 Y142.7669 Z39.4442 E0.21127 F1700
G1 X94.0959 Y142.1627 Z39.4756 E0.21106 F1700
G1 X93.4584 Y141.5416 Z39.4875 E0.21095 F1700
G1 X92.8373 Y140.9041 Z39.4797 E0.21094 F1700
G1 X92.2331 Y140.2504 Z39.4525 E0.21103 F1700
G1 X91.6462 Y139.5812 Z39.4066 E0.21121 F1700
G1 X91.0770 Y138.8969 Z39.3430 E0.21147 F1700
G1 X90.5260 Y138.1979 Z39.2636 E0.21177 F1700
G1 X89.9934 Y137.4847 Z39.1702 E0.21209 F1700
G1 X89.4797 Y136.7578 Z39.0653 E0.21239 F1700
G1 X88.9852 Y136.0177 Z38.9514 E0.21265 F1700
G1 X88.5102 Y135.2650 Z38.8314 E0.21284 F1700
G1 X88.0551 Y134.5000 Z38.7083 E0.21294 F1700
G1 X87.6202 Y133.7234 Z38.5853 E0.21294 F1700
G1 X87.2058 Y132.9357 Z38.4653 E0.21284 F1700
G1 X86.8121 Y132.1374 Z38.3514 E0.21265 F1700
G1 X86.4395 Y131.3290 Z38.2464 E0.21239 F1700
G1 X86.0881 Y130.5112 Z38.1531 E0.21209 F1700
G1 X85.7583 Y129.6845 Z38.0736 E0.21177 F1700
G1 X85.4502 Y128.8494 Z38.0101 E0.21147 F1700
G1 X85.1641 Y128.0066 Z37.9642 E0.21121 F1700
G1 X84.9001 Y127.1565 Z37.9369 E0.21103 F1700
G1 X84.6585 Y126.2998 Z37.9292 E0.21094 F1700
G1 X84.4394 Y125.4371 Z37.9411 E0.21095 F1700
G1 X84.2430 Y124.5690 Z37.9725 E0.21106 F1700
G1 X84.0693 Y123.6960 Z38.0226 E0.21127 F1700
G1 X83.9186 Y122.8188 Z38.0903 E0.21154 F1700
G1 X83.7909 Y121.9379 Z38.1739 E0.21186 F1700
G1 X83.6863 Y121.0540 Z38.2714 E0.21220 F1700
G1 X83.6048 Y120.1676 Z38.3806 E0.21251 F1700
G1 X83.5466 Y119.2794 Z38.4986 E0.21278 F1700
G1 X83.5117 Y118.3900 Z38.6228 E0.21297 F1700
G1 X83.5000 Y117.5000 Z38.7500 E0.21308 F1700
G1 X83.5117 Y116.6100 Z38.8772 E0.21308 F1700
G1 X83.5466 Y115.7206 Z39.0014 E0.21297 F1700
G1 X83.6048 Y114.8324 Z39.1194 E0.21278 F1700
G1 X83.6863 Y113.9460 Z39.2286 E0.21251 F1700
G1 X83.7909 Y113.0621 Z39.3261 E0.21220 F1700
G1 X83.9186 Y112.1812 Z39.4097 E0.21186 F1700
G1 X84.0693 Y111.3040 Z39.4774 E0.21154 F1700
G1 X84.2430 Y110.4310 Z39.5275 E0.21127 F1700
G1 X84.4394 Y109.5629 Z39.5589 E0.21106 F1700
G1 X84.6585 Y108.7002 Z39.5708 E0.21095 F1700
G1 X84.9001 Y107.8435 Z39.5631 E0.21094 F1700
G1 X85.1641 Y106.9934 Z39.5358 E0.21103 F1700
G1 X85.4502 Y106.1506 Z39.4899 E0.21121 F1700
G1 X85.7583 Y105.3155 Z39.4264 E0.21147 F1700
G1 X86.0881 Y104.4888 Z39.3469 E0.21177 F1700
G1 X86.4395 Y103.6710 Z39.2536 E0.21209 F1700
G1 X86.8121 Y102.8626 Z39.1486 E0.21239 F1700
G1 X87.2058 Y102.0643 Z39.0347 E0.21265 F1700
G1 X87.6202 Y101.2766 Z38.9147 E0.21284 F1700
G1 X88.0551 Y100.5000 Z38.7917 E0.21294 F1700
G1 X88.5102 Y99.7350 Z38.6686 E0.21294 F1700
G1 X88.9852 Y98.9823 Z38.5486 E0.21284 F1700
G1 X89.4797 Y98.2422 Z38.4347 E0.21265 F1700
G1 X89.9934 Y97.5153 Z38.3298 E0.21239 F1700
G1 X90.5260 Y96.8021 Z38.2364 E0.21209 F1700
G1 X91.0770 Y96.1031 Z38.1570 E0.21177 F1700
G1 X91.6462 Y95.4188 Z38.0934 E0.21147 F1700
G1 X92.2331 Y94.7496 Z38.0475 E0.21121 F1700
G1 X92.8373 Y94.0959 Z38.0203 E0.21103 F1700
G1 X93.4584 Y93.4584 Z38.0125 E0.21094 F1700
G1 X94.0959 Y92.8373 Z38.0244 E0.21095 F1700
G1 X94.7496 Y92.2331 Z38.0558 E0.21106 F1700
G1 X95.4188 Y91.6462 Z38.1059 E0.21127 F1700
G1 X96.1031 Y91.0770 Z38.1736 E0.21154 F1700
G1 X96.8021 Y90.5260 Z38.2572 E0.21186 F1700
G1 X97.5153 Y89.9934 Z38.3548 E0.21220 F1700
G1 X98.2422 Y89.4797 Z38.4639 E0.21251 F1700
G1 X98.9823 Y88.9852 Z38.5820 E0.21278 F1700
G1 X99.7350 Y88.5102 Z38.7061 E0.21297 F1700
G1 X100.5000 Y88.0551 Z38.8333 E0.21308 F1700
G1 X101.2766 Y87.6202 Z38.9606 E0.21308 F1700
G1 X102.0643 Y87.2058 Z39.0847 E0.21297 F1700
G1 X102.8626 Y86.8121 Z39.2028 E0.21278 F1700
G1 X103.6710 Y86.4395 Z39.3119 E0.21251 F1700
G1 X104.4888 Y86.0881 Z39.4094 E0.21220 F1700
G1 X105.3155 Y85.7583 Z39.4930 E0.21186 F1700
G1 X106.1506 Y85.4502 Z39.5607 E0.21154 F1700
G1 X106.9934 Y85.1641 Z39.6108 E0.21127 F1700
G1 X107.8435 Y84.9001 Z39.6422 E0.21106 F1700
G1 X108.7002 Y84.6585 Z39.6542 E0.21095 F1700
G1 X109.5629 Y84.4394 Z39.6464 E0.21094 F1700
G1 X110.4310 Y84.2430 Z39.6192 E0.21103 F1700
G1 X111.3040 Y84.0693 Z39.5732 E0.21121 F1700
G1 X112.1812 Y83.9186 Z39.5097 E0.21147 F1700
G1 X113.0621 Y83.7909 Z39.4303 E0.21177 F1700
G1 X113.9460 Y83.6863 Z39.3369 E0.21209 F1700
G1 X114.8324 Y83.6048 Z39.2319 E0.21239 F1700
G1 X115.7206 Y83.5466 Z39.1180 E0.21265 F1700
G1 X116.6100 Y83.5117 Z38.9981 E0.21284 F1700
G1 X117.5000 Y83.5000 Z38.8750 E0.21294 F1700
G1 X118.3900 Y83.5117 Z38.7519 E0.21294 F1700
G1 X119.2794 Y83.5466 Z38.6320 E0.21284 F1700
G1 X120.1676 Y83.6048 Z38.5181 E0.21265 F1700
G1 X121.0540 Y83.6863 Z38.4131 E0.21239 F1700
G1 X121.9379 Y83.7909 Z38.3197 E0.21209 F1700
G1 X122.8188 Y83.9186 Z38.2403 E0.21177 F1700
G1 X123.6960 Y84.0693 Z38.1768 E0.21147 F1700
G1 X124.5690 Y84.2430 Z38.1308 E0.21121 F1700
G1 X125.4371 Y84.4394 Z38.1036 E0.21103 F1700
G1 X126.2998 Y84.6585 Z38.0958 E0.21094 F1700
G1 X127.1565 Y84.9001 Z38.1078 E0.21095 F1700
G1 X128.0066 Y85.1641 Z38.1392 E0.21106 F1700
G1 X128.8494 Y85.4502 Z38.1893 E0.21127 F1700
G1 X129.6845 Y85.7583 Z38.2570 E0.21154 F1700
G1 X130.5112 Y86.0881 Z38.3406 E0.21186 F1700
G1 X131.3290 Y86.4395 Z38.4381 E0.21220 F1700
G1 X132.1374 Y86.8121 Z38.5472 E0.21251 F1700
G1 X132.9357 Y87.2058 Z38.6653 E0.21278 F1700
G1 X133.7234 Y87.6202 Z38.7894 E0.21297 F1700
G1 X134.5000 Y88.0551 Z38.9167 E0.21308 F1700
G1 X135.2650 Y88.5102 Z39.0439 E0.21308 F1700
G1 X136.0177 Y88.9852 Z39.1680 E0.21297 F1700
G1 X136.7578 Y89.4797 Z39.2861 E0.21278 F1700
G1 X137.4847 Y89.9934 Z39.3952 E0.21251 F1700
G1 X138.1979 Y90.5260 Z39.4928 E0.21220 F1700
G1 X138.8969 Y91.0770 Z39.5764 E0.21186 F1700
G1 X139.5812 Y91.6462 Z39.6441 E0.21154 F1700
G1 X140.2504 Y92.2331 Z39.6942 E0.21127 F1700
G1 X140.9041 Y92.8373 Z39.7256 E0.21106 F1700
G1 X141.5416 Y93.4584 Z39.7375 E0.21095 F1700
G1 X142.1627 Y94.0959 Z39.7297 E0.21094 F1700
G1 X142.7669 Y94.7496 Z39.7025 E0.21103 F1700
G1 X143.3538 Y95.4188 Z39.6566 E0.21121 F1700
G1 X143.9230 Y96.1031 Z39.5930 E0.21147 F1700
G1 X144.4740 Y96.8021 Z39.5136 E0.21177 F1700
G1 X145.0066 Y97.5153 Z39.4202 E0.21209 F1700
G1 X145.5203 Y98.2422 Z39.3153 E0.21239 F1700
G1 X146.0148 Y98.9823 Z39.2014 E0.21265 F1700
G1 X146.4898 Y99.7350 Z39.0814 E0.21284 F1700
G1 X146.9449 Y100.5000 Z38.9583 E0.21294 F1700
G1 X147.3798 Y101.2766 Z38.8353 E0.21294 F1700
G1 X147.7942 Y102.0643 Z38.7153 E0.21284 F1700
G1 X148.1879 Y102.8626 Z38.6014 E0.21265 F1700
G1 X148.5605 Y103.6710 Z38.4964 E0.21239 F1700
G1 X148.9119 Y104.4888 Z38.4031 E0.21209 F1700
G1 X149.2417 Y105.3155 Z38.3236 E0.21177 F1700
G1 X149.5498 Y106.1506 Z38.2601 E0.21147 F1700
G1 X149.8359 Y106.9934 Z38.2142 E0.21121 F1700
G1 X150.0999 Y107.8435 Z38.1869 E0.21103 F1700
G1 X150.3415 Y108.7002 Z38.1792 E0.21094 F1700
G1 X150.5606 Y109.5629 Z38.1911 E0.21095 F1700
G1 X150.7570 Y110.4310 Z38.2225 E0.21106 F1700
G1 X150.9307 Y111.3040 Z38.2726 E0.21127 F1700
G1 X151.0814 Y112.1812 Z38.3403 E0.21154 F1700
G1 X151.2091 Y113.0621 Z38.4239 E0.21186 F1700
G1 X151.3137 Y113.9460 Z38.5214 E0.21220 F1700
G1 X151.3952 Y114.8324 Z38.6306 E0.21251 F1700
G1 X151.4534 Y115.7206 Z38.7486 E0.21278 F1700
G1 X151.4883 Y116.6100 Z38.8728 E0.21297 F1700
G1 X151.5000 Y117.5000 Z39.0000 E0.21308 F1700
G1 X151.4883 Y118.3900 Z39.1272 E0.21308 F1700
G1 X151.4534 Y119.2794 Z39.2514 E0.21297 F1700
G1 X151.3952 Y120.1676 Z39.3694 E0.21278 F1700
G1 X151.3137 Y121.0540 Z39.4786 E0.21251 F1700
G1 X151.2091 Y121.9379 Z39.5761 E0.21220 F1700
G1 X151.0814 Y122.8188 Z39.6597 E0.21186 F1700
G1 X150.9307 Y123.6960 Z39.7274 E0.21154 F1700
G1 X150.7570 Y124.5690 Z39.7775 E0.21127 F1700
G1 X150.5606 Y125.4371 Z39.8089 E0.21106 F1700
G1 X150.3415 Y126.2998 Z39.8208 E0.21095 F1700
G1 X150.0999 Y127.1565 Z39.8131 E0.21094 F1700
G1 X149.8359 Y128.0066 Z39.7858 E0.21103 F1700
G1 X149.5498 Y128.8494 Z39.7399 E0.21121 F1700
G1 X149.2417 Y129.6845 Z39.6764 E0.21147 F1700
G1 X148.9119 Y130.5112 Z39.5969 E0.21177 F1700
G1 X148.5605 Y131.3290 Z39.5036 E0.21209 F1700
G1 X148.1879 Y132.1374 Z39.3986 E0.21239 F1700
G1 X147.7942 Y132.9357 Z39.2847 E0.21265 F1700
G1 X147.3798 Y133.7234 Z39.1647 E0.21284 F1700
G1 X146.9449 Y134.5000 Z39.0417 E0.21294 F1700
G1 X146.4898 Y135.2650 Z38.9186 E0.21294 F1700
G1 X146.0148 Y136.0177 Z38.7986 E0.21284 F1700
G1 X145.5203 Y136.7578 Z38.6847 E0.21265 F1700
G1 X145.0066 Y137.4847 Z38.5798 E0.21239 F1700
G1 X144.4740 Y138.1979 Z38.4864 E0.21209 F1700
G1 X143.9230 Y138.8969 Z38.4070 E0.21177 F1700
G1 X143.3538 Y139.5812 Z38.3434 E0.21147 F1700
G1 X142.7669 Y140.2504 Z38.2975 E0.21121 F1700
G1 X142.1627 Y140.9041 Z38.2703 E0.21103 F1700
G1 X141.5416 Y141.5416 Z38.2625 E0.21094 F1700
G1 X140.9041 Y142.1627 Z38.2744 E0.21095 F1700
G1 X140.2504 Y142.7669 Z38.3058 E0.21106 F1700
G1 X139.5812 Y143.3538 Z38.3559 E0.21127 F1700
G1 X138.8969 Y143.9230 Z38.4236 E0.21154 F1700
G1 X138.1979 Y144.4740 Z38.5072 E0.21186 F1700
G1 X137.4847 Y145.0066 Z38.6048 E0.21220 F1700
G1 X136.7578 Y145.5203 Z38.7139 E0.21251 F1700
G1 X136.0177 Y146.0148 Z38.8320 E0.21278 F1700
G1 X135.2650 Y146.4898 Z38.9561 E0.21297 F1700
G1 X134.5000 Y146.9449 Z39.0833 E0.21308 F1700
G1 X133.7234 Y147.3798 Z39.2106 E0.21308 F1700
G1 X132.9357 Y147.7942 Z39.3347 E0.21297 F1700
G1 X132.1374 Y148.1879 Z39.4528 E0.21278 F1700
G1 X131.3290 Y148.5605 Z39.5619 E0.21251 F1700
G1 X130.5112 Y148.9119 Z39.6594 E0.21220 F1700
G1 X129.6845 Y149.2417 Z39.7430 E0.21186 F1700
G1 X128.8494 Y149.5498 Z39.8107 E0.21154 F1700
G1 X128.0066 Y149.8359 Z39.8608 E0.21127 F1700
G1 X127.1565 Y150.0999 Z39.8922 E0.21106 F1700
G1 X126.2998 Y150.3415 Z39.9042 E0.21095 F1700
G1 X125.4371 Y150.5606 Z39.8964 E0.21094 F1700
G1 X124.5690 Y150.7570 Z39.8692 E0.21103 F1700
G1 X123.6960 Y150.9307 Z39.8232 E0.21121 F1700
G1 X122.8188 Y151.0814 Z39.7597 E0.21147 F1700
G1 X121.9379 Y151.2091 Z39.6803 E0.21177 F1700
G1 X121.0540 Y151.3137 Z39.5869 E0.21209 F1700
G1 X120.1676 Y151.3952 Z39.4819 E0.21239 F1700
G1 X119.2794 Y151.4534 Z39.3680 E0.21265 F1700
G1 X118.3900 Y151.4883 Z39.2481 E0.21284 F1700
G1 X117.5000 Y151.5000 Z39.1250 E0.21294 F1700
G1 X116.6100 Y151.4883 Z39.0019 E0.21294 F1700
G1 X115.7206 Y151.4534 Z38.8820 E0.21284 F1700
G1 X114.8324 Y151.3952 Z38.7681 E0.21265 F1700
G1 X113.9460 Y151.3137 Z38.6631 E0.21239 F1700
G1 X113.0621 Y151.2091 Z38.5697 E0.21209 F1700
G1 X112.1812 Y151.0814 Z38.4903 E0.21177 F1700
G1 X111.3040 Y150.9307 Z38.4268 E0.21147 F1700
G1 X110.4310 Y150.7570 Z38.3808 E0.21121 F1700
G1 X109.5629 Y150.5606 Z38.3536 E0.21103 F1700
G1 X108.7002 Y150.3415 Z38.3458 E0.21094 F1700
G1 X107.8435 Y150.0999 Z38.3578 E0.21095 F1700
G1 X106.9934 Y149.8359 Z38.3892 E0.21106 F1700
G1 X106.1506 Y149.5498 Z38.4393 E0.21127 F1700
G1 X105.3155 Y149.2417 Z38.5070 E0.21154 F1700
G1 X104.4888 Y148.9119 Z38.5906 E0.21186 F1700
G1 X103.6710 Y148.5605 Z38.6881 E0.21220 F1700
G1 X102.8626 Y148.1879 Z38.7972 E0.21251 F1700
G1 X102.0643 Y147.7942 Z38.9153 E0.21278 F1700
G1 X101.2766 Y147.3798 Z39.0394 E0.21297 F1700
G1 X100.5000 Y146.9449 Z39.1667 E0.21308 F1700
G1 X99.7350 Y146.4898 Z39.2939 E0.21308 F1700
G1 X98.9823 Y146.0148 Z39.4180 E0.21297 F1700
G1 X98.2422 Y145.5203 Z39.5361 E0.21278 F1700
G1 X97.5153 Y145.0066 Z39.6452 E0.21251 F1700
G1 X96.8021 Y144.4740 Z39.7428 E0.21220 F1700
G1 X96.1031 Y143.9230 Z39.8264 E0.21186 F1700
G1 X95.4188 Y143.3538 Z39.8941 E0.21154 F1700
G1 X94.7496 Y142.7669 Z39.9442 E0.21127 F1700
G1 X94.0959 Y142.1627 Z39.9756 E0.21106 F1700
G1 X93.4584 Y141.5416 Z39.9875 E0.21095 F1700
G1 X92.8373 Y140.9041 Z39.9797 E0.21094 F1700
G1 X92.2331 Y140.2504 Z39.9525 E0.21103 F1700
G1 X91.6462 Y139.5812 Z39.9066 E0.21121 F1700
G1 X91.0770 Y138.8969 Z39.8430 E0.21147 F1700
G1 X90.5260 Y138.1979 Z39.7636 E0.21177 F1700
G1 X89.9934 Y137.4847 Z39.6702 E0.21209 F1700
G1 X89.4797 Y136.7578 Z39.5653 E0.21239 F1700
G1 X88.9852 Y136.0177 Z39.4514 E0.21265 F1700
G1 X88.5102 Y135.2650 Z39.3314 E0.21284 F1700
G1 X88.0551 Y134.5000 Z39.2083 E0.21294 F1700
G1 X87.6202 Y133.7234 Z39.0853 E0.21294 F1700
G1 X87.2058 Y132.9357 Z38.9653 E0.21284 F1700
G1 X86.8121 Y132.1374 Z38.8514 E0.21265 F1700
G1 X86.4395 Y131.3290 Z38.7464 E0.21239 F1700
G1 X86.0881 Y130.5112 Z38.6531 E0.21209 F1700
G1 X85.7583 Y129.6845 Z38.5736 E0.21177 F1700
G1 X85.4502 Y128.8494 Z38.5101 E0.21147 F1700
G1 X85.1641 Y128.0066 Z38.4642 E0.21121 F1700
G1 X84.9001 Y127.1565 Z38.4369 E0.21103 F1700
G1 X84.6585 Y126.2998 Z38.4292 E0.21094 F1700
G1 X84.4394 Y125.4371 Z38.4411 E0.21095 F1700
G1 X84.2430 Y124.5690 Z38.4725 E0.21106 F1700
G1 X84.0693 Y123.6960 Z38.5226 E0.21127 F1700
G1 X83.9186 Y122.8188 Z38.5903 E0.21154 F1700
G1 X83.7909 Y121.9379 Z38.6739 E0.21186 F1700
G1 X83.6863 Y121.0540 Z38.7714 E0.21220 F1700
G1 X83.6048 Y120.1676 Z38.8806 E0.21251 F1700
G1 X83.5466 Y119.2794 Z38.9986 E0.21278 F1700
G1 X83.5117 Y118.3900 Z39.1228 E0.21297 F1700
G1 X83.5000 Y117.5000 Z39.2500 E0.21308 F1700
G1 X83.5117 Y116.6100 Z39.3772 E0.21308 F1700
G1 X83.5466 Y115.7206 Z39.5014 E0.21297 F1700
G1 X83.6048 Y114.8324 Z39.6194 E0.21278 F1700
G1 X83.6863 Y113.9460 Z39.7286 E0.21251 F1700
G1 X83.7909 Y113.0621 Z39.8261 E0.21220 F1700
G1 X83.9186 Y112.1812 Z39.9097 E0.21186 F1700
G1 X84.0693 Y111.3040 Z39.9774 E0.21154 F1700
G1 X84.2430 Y110.4310 Z40.0275 E0.21127 F1700
G1 X84.4394 Y109.5629 Z40.0589 E0.21106 F1700
G1 X84.6585 Y108.7002 Z40.0708 E0.21095 F1700
G1 X84.9001 Y107.8435 Z40.0631 E0.21094 F1700
G1 X85.1641 Y106.9934 Z40.0358 E0.21103 F1700
G1 X85.4502 Y106.1506 Z39.9899 E0.21121 F1700
G1 X85.7583 Y105.3155 Z39.9264 E0.21147 F1700
G1 X86.0881 Y104.4888 Z39.8469 E0.21177 F1700
G1 X86.4395 Y103.6710 Z39.7536 E0.21209 F1700
G1 X86.8121 Y102.8626 Z39.6486 E0.21239 F1700
G1 X87.2058 Y102.0643 Z39.5347 E0.21265 F1700
G1 X87.6202 Y101.2766 Z39.4147 E0.21284 F1700
G1 X88.0551 Y100.5000 Z39.2917 E0.21294 F1700
G1 X88.5102 Y99.7350 Z39.1686 E0.21294 F1700
G1 X88.9852 Y98.9823 Z39.0486 E0.21284 F1700
G1 X89.4797 Y98.2422 Z38.9347 E0.21265 F1700
G1 X89.9934 Y97.5153 Z38.8298 E0.21239 F1700
G1 X90.5260 Y96.8021 Z38.7364 E0.21209 F1700
G1 X91.0770 Y96.1031 Z38.6570 E0.21177 F1700
G1 X91.6462 Y95.4188 Z38.5934 E0.21147 F1700
G1 X92.2331 Y94.7496 Z38.5475 E0.21121 F1700
G1 X92.8373 Y94.0959 Z38.5203 E0.21103 F1700
G1 X93.4584 Y93.4584 Z38.5125 E0.21094 F1700
G1 X94.0959 Y92.8373 Z38.5244 E0.21095 F1700
G1 X94.7496 Y92.2331 Z38.5558 E0.21106 F1700
G1 X95.4188 Y91.6462 Z38.6059 E0.21127 F1700
G1 X96.1031 Y91.0770 Z38.6736 E0.21154 F1700
G1 X96.8021 Y90.5260 Z38.7572 E0.21186 F1700
G1 X97.5153 Y89.9934 Z38.8548 E0.21220 F1700
G1 X98.2422 Y89.4797 Z38.9639 E0.21251 F1700
G1 X98.9823 Y88.9852 Z39.0820 E0.21278 F1700
G1 X99.7350 Y88.5102 Z39.2061 E0.21297 F1700
G1 X100.5000 Y88.0551 Z39.3333 E0.21308 F1700
G1 X101.2766 Y87.6202 Z39.4606 E0.21308 F1700
G1 X102.0643 Y87.2058 Z39.5847 E0.21297 F1700
G1 X102.8626 Y86.8121 Z39.7028 E0.21278 F1700
G1 X103.6710 Y86.4395 Z39.8119 E0.21251 F1700
G1 X104.4888 Y86.0881 Z39.9094 E0.21220 F1700
G1 X105.3155 Y85.7583 Z39.9930 E0.21186 F1700
G1 X106.1506 Y85.4502 Z40.0607 E0.21154 F1700
G1 X106.9934 Y85.1641 Z40.1108 E0.21127 F1700
G1 X107.8435 Y84.9001 Z40.1422 E0.21106 F1700
G1 X108.7002 Y84.6585 Z40.1542 E0.21095 F1700
G1 X109.5629 Y84.4394 Z40.1464 E0.21094 F1700
G1 X110.4310 Y84.2430 Z40.1192 E0.21103 F1700
G1 X111.3040 Y84.0693 Z40.0732 E0.21121 F1700
G1 X112.1812 Y83.9186 Z40.0097 E0.21147 F1700
G1 X113.0621 Y83.7909 Z39.9303 E0.21177 F1700
G1 X113.9460 Y83.6863 Z39.8369 E0.21209 F1700
G1 X114.8324 Y83.6048 Z39.7319 E0.21239 F1700
G1 X115.7206 Y83.5466 Z39.6180 E0.21265 F1700
G1 X116.6100 Y83.5117 Z39.4981 E0.21284 F1700
G1 X117.5000 Y83.5000 Z39.3750 E0.21294 F1700
G1 X118.3900 Y83.5117 Z39.2519 E0.21294 F1700
G1 X119.2794 Y83.5466 Z39.1320 E0.21284 F1700
G1 X120.1676 Y83.6048 Z39.0181 E0.21265 F1700
G1 X121.0540 Y83.6863 Z38.9131 E0.21239 F1700
G1 X121.9379 Y83.7909 Z38.8197 E0.21209 F1700
G1 X122.8188 Y83.9186 Z38.7403 E0.21177 F1700
G1 X123.6960 Y84.0693 Z38.6768 E0.21147 F1700
G1 X124.5690 Y84.2430 Z38.6308 E0.21121 F1700
G1 X125.4371 Y84.4394 Z38.6036 E0.21103 F1700
G1 X126.2998 Y84.6585 Z38.5958 E0.21094 F1700
G1 X127.1565 Y84.9001 Z38.6078 E0.21095 F1700
G1 X128.0066 Y85.1641 Z38.6392 E0.21106 F1700
G1 X128.8494 Y85.4502 Z38.6893 E0.21127 F1700
G1 X129.6845 Y85.7583 Z38.7570 E0.21154 F1700
G1 X130.5112 Y86.0881 Z38.8406 E0.21186 F1700
G1 X131.3290 Y86.4395 Z38.9381 E0.21220 F1700
G1 X132.1374 Y86.8121 Z39.0472 E0.21251 F1700
G1 X132.9357 Y87.2058 Z39.1653 E0.21278 F1700
G1 X133.7234 Y87.6202 Z39.2894 E0.21297 F1700
G1 X134.5000 Y88.0551 Z39.4167 E0.21308 F1700
G1 X135.2650 Y88.5102 Z39.5439 E0.21308 F1700
G1 X136.0177 Y88.9852 Z39.6680 E0.21297 F1700
G1 X136.7578 Y89.4797 Z39.7861 E0.21278 F1700
G1 X137.4847 Y89.9934 Z39.8952 E0.21251 F1700
G1 X138.1979 Y90.5260 Z39.9928 E0.21220 F1700
G1 X138.8969 Y91.0770 Z40.0764 E0.21186 F1700
G1 X139.5812 Y91.6462 Z40.1441 E0.21154 F1700
G1 X140.2504 Y92.2331 Z40.1942 E0.21127 F1700
G1 X140.9041 Y92.8373 Z40.2256 E0.21106 F1700
G1 X141.5416 Y93.4584 Z40.2375 E0.21095 F1700
G1 X142.1627 Y94.0959 Z40.2297 E0.21094 F1700
G1 X142.7669 Y94.7496 Z40.2025 E0.21103 F1700
G1 X143.3538 Y95.4188 Z40.1566 E0.21121 F1700
G1 X143.9230 Y96.1031 Z40.0930 E0.21147 F1700
G1 X144.4740 Y96.8021 Z40.0136 E0.21177 F1700
G1 X145.0066 Y97.5153 Z39.9202 E0.21209 F1700
G1 X145.5203 Y98.2422 Z39.8153 E0.21239 F1700
G1 X146.0148 Y98.9823 Z39.7014 E0.21265 F1700
G1 X146.4898 Y99.7350 Z39.5814 E0.21284 F1700
G1 X146.9449 Y100.5000 Z39.4583 E0.21294 F1700
G1 X147.3798 Y101.2766 Z39.3353 E0.21294 F1700
G1 X147.7942 Y102.0643 Z39.2153 E0.21284 F1700
G1 X148.1879 Y102.8626 Z39.1014 E0.21265 F1700
G1 X148.5605 Y103.6710 Z38.9964 E0.21239 F1700
G1 X148.9119 Y104.4888 Z38.9031 E0.21209 F1700
G1 X149.2417 Y105.3155 Z38.8236 E0.21177 F1700
G1 X149.5498 Y106.1506 Z38.7601 E0.21147 F1700
G1 X149.8359 Y106.9934 Z38.7142 E0.21121 F1700
G1 X150.0999 Y107.8435 Z38.6869 E0.21103 F1700
G1 X150.3415 Y108.7002 Z38.6792 E0.21094 F1700
G1 X150.5606 Y109.5629 Z38.6911 E0.21095 F1700
G1 X150.7570 Y110.4310 Z38.7225 E0.21106 F1700
G1 X150.9307 Y111.3040 Z38.7726 E0.21127 F1700
G1 X151.0814 Y112.1812 Z38.8403 E0.21154 F1700
G1 X151.2091 Y113.0621 Z38.9239 E0.21186 F1700
G1 X151.3137 Y113.9460 Z39.0214 E0.21220 F1700
G1 X151.3952 Y114.8324 Z39.1306 E0.21251 F1700
G1 X151.4534 Y115.7206 Z39.2486 E0.21278 F1700
G1 X151.4883 Y116.6100 Z39.3728 E0.21297 F1700
G1 X151.5000 Y117.5000 Z39.5000 E0.21308 F1700
G1 X151.4883 Y118.3900 Z39.6272 E0.21308 F1700
G1 X151.4534 Y119.2794 Z39.7514 E0.21297 F1700
G1 X151.3952 Y120.1676 Z39.8694 E0.21278 F1700
G1 X151.3137 Y121.0540 Z39.9786 E0.21251 F1700
G1 X151.2091 Y121.9379 Z40.0761 E0.21220 F1700
G1 X151.0814 Y122.8188 Z40.1597 E0.21186 F1700
G1 X150.9307 Y123.6960 Z40.2274 E0.21154 F1700
G1 X150.7570 Y124.5690 Z40.2775 E0.21127 F1700
G1 X150.5606 Y125.4371 Z40.3089 E0.21106 F1700
G1 X150.3415 Y126.2998 Z40.3208 E0.21095 F1700
G1 X150.0999 Y127.1565 Z40.3131 E0.21094 F1700
G1 X149.8359 Y128.0066 Z40.2858 E0.21103 F1700
G1 X149.5498 Y128.8494 Z40.2399 E0.21121 F1700
G1 X149.2417 Y129.6845 Z40.1764 E0.21147 F1700
G1 X148.9119 Y130.5112 Z40.0969 E0.21177 F1700
G1 X148.5605 Y131.3290 Z40.0036 E0.21209 F1700
G1 X148.1879 Y132.1374 Z39.8986 E0.21239 F1700
G1 X147.7942 Y132.9357 Z39.7847 E0.21265 F1700
G1 X147.3798 Y133.7234 Z39.6647 E0.21284 F1700
G1 X146.9449 Y134.5000 Z39.5417 E0.21294 F1700
G1 X146.4898 Y135.2650 Z39.4186 E0.21294 F1700
G1 X146.0148 Y136.0177 Z39.2986 E0.21284 F1700
G1 X145.5203 Y136.7578 Z39.1847 E0.21265 F1700
G1 X145.0066 Y137.4847 Z39.0798 E0.21239 F1700
G1 X144.4740 Y138.1979 Z38.9864 E0.21209 F1700
G1 X143.9230 Y138.8969 Z38.9070 E0.21177 F1700
G1 X143.3538 Y139.5812 Z38.8434 E0.21147 F1700
G1 X142.7669 Y140.2504 Z38.7975 E0.21121 F1700
G1 X142.1627 Y140.9041 Z38.7703 E0.21103 F1700
G1 X141.5416 Y141.5416 Z38.7625 E0.21094 F1700
G1 X140.9041 Y142.1627 Z38.7744 E0.21095 F1700
G1 X140.2504 Y142.7669 Z38.8058 E0.21106 F1700
G1 X139.5812 Y143.3538 Z38.8559 E0.21127 F1700
G1 X138.8969 Y143.9230 Z38.9236 E0.21154 F1700
G1 X138.1979 Y144.4740 Z39.0072 E0.21186 F1700
G1 X137.4847 Y145.0066 Z39.1048 E0.21220 F1700
G1 X136.7578 Y145.5203 Z39.2139 E0.21251 F1700
G1 X136.0177 Y146.0148 Z39.3320 E0.21278 F1700
G1 X135.2650 Y146.4898 Z39.4561 E0.21297 F1700
G1 X134.5000 Y146.9449 Z39.5833 E0.21308 F1700
G1 X133.7234 Y147.3798 Z39.7106 E0.21308 F1700
G1 X132.9357 Y147.7942 Z39.8347 E0.21297 F1700
G1 X132.1374 Y148.1879 Z39.9528 E0.21278 F1700
G1 X131.3290 Y148.5605 Z40.0619 E0.21251 F1700
G1 X130.5112 Y148.9119 Z40.1594 E0.21220 F1700
G1 X129.6845 Y149.2417 Z40.2430 E0.21186 F1700
G1 X128.8494 Y149.5498 Z40.3107 E0.21154 F1700
G1 X128.0066 Y149.8359 Z40.3608 E0.21127 F1700
G1 X127.1565 Y150.0999 Z40.3922 E0.21106 F1700
G1 X126.2998 Y150.3415 Z40.4042 E0.21095 F1700
G1 X125.4371 Y150.5606 Z40.3964 E0.21094 F1700
G1 X124.5690 Y150.7570 Z40.3692 E0.21103 F1700
G1 X123.6960 Y150.9307 Z40.3232 E0.21121 F1700
G1 X122.8188 Y151.0814 Z40.2597 E0.21147 F1700
G1 X121.9379 Y151.2091 Z40.1803 E0.21177 F1700
G1 X121.0540 Y151.3137 Z40.0869 E0.21209 F1700
G1 X120.1676 Y151.3952 Z39.9819 E0.21239 F1700
G1 X119.2794 Y151.4534 Z39.8680 E0.21265 F1700
G1 X118.3900 Y151.4883 Z39.7481 E0.21284 F1700
G1 X117.5000 Y151.5000 Z39.6250 E0.21294 F1700
G1 X116.6100 Y151.4883 Z39.5019 E0.21294 F1700
G1 X115.7206 Y151.4534 Z39.3820 E0.21284 F1700
G1 X114.8324 Y151.3952 Z39.2681 E0.21265 F1700
G1 X113.9460 Y151.3137 Z39.1631 E0.21239 F1700
G1 X113.0621 Y151.2091 Z39.0697 E0.21209 F1700
G1 X112.1812 Y151.0814 Z38.9903 E0.21177 F1700
G1 X111.3040 Y150.9307 Z38.9268 E0.21147 F1700
G1 X110.4310 Y150.7570 Z38.8808 E0.21121 F1700
G1 X109.5629 Y150.5606 Z38.8536 E0.21103 F1700
G1 X108.7002 Y150.3415 Z38.8458 E0.21094 F1700
G1 X107.8435 Y150.0999 Z38.8578 E0.21095 F1700
G1 X106.9934 Y149.8359 Z38.8892 E0.21106 F1700
G1 X106.1506 Y149.5498 Z38.9393 E0.21127 F1700
G1 X105.3155 Y149.2417 Z39.0070 E0.21154 F1700
G1 X104.4888 Y148.9119 Z39.0906 E0.21186 F1700
G1 X103.6710 Y148.5605 Z39.1881 E0.21220 F1700
G1 X102.8626 Y148.1879 Z39.2972 E0.21251 F1700
G1 X102.0643 Y147.7942 Z39.4153 E0.21278 F1700
G1 X101.2766 Y147.3798 Z39.5394 E0.21297 F1700
G1 X100.5000 Y146.9449 Z39.6667 E0.21308 F1700
G1 X99.7350 Y146.4898 Z39.7939 E0.21308 F1700
G1 X98.9823 Y146.0148 Z39.9180 E0.21297 F1700
G1 X98.2422 Y145.5203 Z40.0361 E0.21278 F1700
G1 X97.5153 Y145.0066 Z40.1452 E0.21251 F1700
G1 X96.8021 Y144.4740 Z40.2428 E0.21220 F1700
G1 X96.1031 Y143.9230 Z40.3264 E0.21186 F1700
G1 X95.4188 Y143.3538 Z40.3941 E0.21154 F1700
G1 X94.7496 Y142.7669 Z40.4442 E0.21127 F1700
G1 X94.0959 Y142.1627 Z40.4756 E0.21106 F1700
G1 X93.4584 Y141.5416 Z40.4875 E0.21095 F1700
G1 X92.8373 Y140.9041 Z40.4797 E0.21094 F1700
G1 X92.2331 Y140.2504 Z40.4525 E0.21103 F1700
G1 X91.6462 Y139.5812 Z40.4066 E0.21121 F1700
G1 X91.0770 Y138.8969 Z40.3430 E0.21147 F1700
G1 X90.5260 Y138.1979 Z40.2636 E0.21177 F1700
G1 X89.9934 Y137.4847 Z40.1702 E0.21209 F1700
G1 X89.4797 Y136.7578 Z40.0653 E0.21239 F1700
G1 X88.9852 Y136.0177 Z39.9514 E0.21265 F1700
G1 X88.5102 Y135.2650 Z39.8314 E0.21284 F1700
G1 X88.0551 Y134.5000 Z39.7083 E0.21294 F1700
G1 X87.6202 Y133.7234 Z39.5853 E0.21294 F1700
G1 X87.2058 Y132.9357 Z39.4653 E0.21284 F1700
G1 X86.8121 Y132.1374 Z39.3514 E0.21265 F1700
G1 X86.4395 Y131.3290 Z39.2464 E0.21239 F1700
G1 X86.0881 Y130.5112 Z39.1531 E0.21209 F1700
G1 X85.7583 Y129.6845 Z39.0736 E0.21177 F1700
G1 X85.4502 Y128.8494 Z39.0101 E0.21147 F1700
G1 X85.1641 Y128.0066 Z38.9642 E0.21121 F1700
G1 X84.9001 Y127.1565 Z38.9369 E0.21103 F1700
G1 X84.6585 Y126.2998 Z38.9292 E0.21094 F1700
G1 X84.4394 Y125.4371 Z38.9411 E0.21095 F1700
G1 X84.2430 Y124.5690 Z38.9725 E0.21106 F1700
G1 X84.0693 Y123.6960 Z39.0226 E0.21127 F1700
G1 X83.9186 Y122.8188 Z39.0903 E0.21154 F1700
G1 X83.7909 Y121.9379 Z39.1739 E0.21186 F1700
G1 X83.6863 Y121.0540 Z39.2714 E0.21220 F1700
G1 X83.6048 Y120.1676 Z39.3806 E0.21251 F1700
G1 X83.5466 Y119.2794 Z39.4986 E0.21278 F1700
G1 X83.5117 Y118.3900 Z39.6228 E0.21297 F1700
G1 X83.5000 Y117.5000 Z39.7500 E0.21308 F1700
G1 X83.5117 Y116.6100 Z39.8772 E0.21308 F1700
G1 X83.5466 Y115.7206 Z40.0014 E0.21297 F1700
G1 X83.6048 Y114.8324 Z40.1194 E0.21278 F1700
G1 X83.6863 Y113.9460 Z40.2286 E0.21251 F1700
G1 X83.7909 Y113.0621 Z40.3261 E0.21220 F1700
G1 X83.9186 Y112.1812 Z40.4097 E0.21186 F1700
G1 X84.0693 Y111.3040 Z40.4774 E0.21154 F1700
G1 X84.2430 Y110.4310 Z40.5275 E0.21127 F1700
G1 X84.4394 Y109.5629 Z40.5589 E0.21106 F1700
G1 X84.6585 Y108.7002 Z40.5708 E0.21095 F1700
G1 X84.9001 Y107.8435 Z40.5631 E0.21094 F1700
G1 X85.1641 Y106.9934 Z40.5358 E0.21103 F1700
G1 X85.4502 Y106.1506 Z40.4899 E0.21121 F1700
G1 X85.7583 Y105.3155 Z40.4264 E0.21147 F1700
G1 X86.0881 Y104.4888 Z40.3469 E0.21177 F1700
G1 X86.4395 Y103.6710 Z40.2536 E0.21209 F1700
G1 X86.8121 Y102.8626 Z40.1486 E0.21239 F1700
G1 X87.2058 Y102.0643 Z40.0347 E0.21265 F1700
G1 X87.6202 Y101.2766 Z39.9147 E0.21284 F1700
G1 X88.0551 Y100.5000 Z39.7917 E0.21294 F1700
G1 X88.5102 Y99.7350 Z39.6686 E0.21294 F1700
G1 X88.9852 Y98.9823 Z39.5486 E0.21284 F1700
G1 X89.4797 Y98.2422 Z39.4347 E0.21265 F1700
G1 X89.9934 Y97.5153 Z39.3298 E0.21239 F1700
G1 X90.5260 Y96.8021 Z39.2364 E0.21209 F1700
G1 X91.0770 Y96.1031 Z39.1570 E0.21177 F1700
G1 X91.6462 Y95.4188 Z39.0934 E0.21147 F1700
G1 X92.2331 Y94.7496 Z39.0475 E0.21121 F1700
G1 X92.8373 Y94.0959 Z39.0203 E0.21103 F1700
G1 X93.4584 Y93.4584 Z39.0125 E0.21094 F1700
G1 X94.0959 Y92.8373 Z39.0244 E0.21095 F1700
G1 X94.7496 Y92.2331 Z39.0558 E0.21106 F1700
G1 X95.4188 Y91.6462 Z39.1059 E0.21127 F1700
G1 X96.1031 Y91.0770 Z39.1736 E0.21154 F1700
G1 X96.8021 Y90.5260 Z39.2572 E0.21186 F1700
G1 X97.5153 Y89.9934 Z39.3548 E0.21220 F1700
G1 X98.2422 Y89.4797 Z39.4639 E0.21251 F1700
G1 X98.9823 Y88.9852 Z39.5820 E0.21278 F1700
G1 X99.7350 Y88.5102 Z39.7061 E0.21297 F1700
G1 X100.5000 Y88.0551 Z39.8333 E0.21308 F1700
G1 X101.2766 Y87.6202 Z39.9606 E0.21308 F1700
G1 X102.0643 Y87.2058 Z40.0847 E0.21297 F1700
G1 X102.8626 Y86.8121 Z40.2028 E0.21278 F1700
G1 X103.6710 Y86.4395 Z40.3119 E0.21251 F1700
G1 X104.4888 Y86.0881 Z40.4094 E0.21220 F1700
G1 X105.3155 Y85.7583 Z40.4930 E0.21186 F1700
G1 X106.1506 Y85.4502 Z40.5607 E0.21154 F1700
G1 X106.9934 Y85.1641 Z40.6108 E0.21127 F1700
G1 X107.8435 Y84.9001 Z40.6422 E0.21106 F1700
G1 X108.7002 Y84.6585 Z40.6542 E0.21095 F1700
G1 X109.5629 Y84.4394 Z40.6464 E0.21094 F1700
G1 X110.4310 Y84.2430 Z40.6192 E0.21103 F1700
G1 X111.3040 Y84.0693 Z40.5732 E0.21121 F1700
G1 X112.1812 Y83.9186 Z40.5097 E0.21147 F1700
G1 X113.0621 Y83.7909 Z40.4303 E0.21177 F1700
G1 X113.9460 Y83.6863 Z40.3369 E0.21209 F1700
G1 X114.8324 Y83.6048 Z40.2319 E0.21239 F1700
G1 X115.7206 Y83.5466 Z40.1180 E0.21265 F1700
G1 X116.6100 Y83.5117 Z39.9981 E0.21284 F1700
G1 X117.5000 Y83.5000 Z39.8750 E0.21294 F1700
G1 X118.3900 Y83.5117 Z39.7519 E0.21294 F1700
G1 X119.2794 Y83.5466 Z39.6320 E0.21284 F1700
G1 X120.1676 Y83.6048 Z39.5181 E0.21265 F1700
G1 X121.0540 Y83.6863 Z39.4131 E0.21239 F1700
G1 X121.9379 Y83.7909 Z39.3197 E0.21209 F1700
G1 X122.8188 Y83.9186 Z39.2403 E0.21177 F1700
G1 X123.6960 Y84.0693 Z39.1768 E0.21147 F1700
G1 X124.5690 Y84.2430 Z39.1308 E0.21121 F1700
G1 X125.4371 Y84.4394 Z39.1036 E0.21103 F1700
G1 X126.2998 Y84.6585 Z39.0958 E0.21094 F1700
G1 X127.1565 Y84.9001 Z39.1078 E0.21095 F1700
G1 X128.0066 Y85.1641 Z39.1392 E0.21106 F1700
G1 X128.8494 Y85.4502 Z39.1893 E0.21127 F1700
G1 X129.6845 Y85.7583 Z39.2570 E0.21154 F1700
G1 X130.5112 Y86.0881 Z39.3406 E0.21186 F1700
G1 X131.3290 Y86.4395 Z39.4381 E0.21220 F1700
G1 X132.1374 Y86.8121 Z39.5472 E0.21251 F1700
G1 X132.9357 Y87.2058 Z39.6653 E0.21278 F1700
G1 X133.7234 Y87.6202 Z39.7894 E0.21297 F1700
G1 X134.5000 Y88.0551 Z39.9167 E0.21308 F1700
G1 X135.2650 Y88.5102 Z40.0439 E0.21308 F1700
G1 X136.0177 Y88.9852 Z40.1680 E0.21297 F1700
G1 X136.7578 Y89.4797 Z40.2861 E0.21278 F1700
G1 X137.4847 Y89.9934 Z40.3952 E0.21251 F1700
G1 X138.1979 Y90.5260 Z40.4928 E0.21220 F1700
G1 X138.8969 Y91.0770 Z40.5764 E0.21186 F1700
G1 X139.5812 Y91.6462 Z40.6441 E0.21154 F1700
G1 X140.2504 Y92.2331 Z40.6942 E0.21127 F1700
G1 X140.9041 Y92.8373 Z40.7256 E0.21106 F1700
G1 X141.5416 Y93.4584 Z40.7375 E0.21095 F1700
G1 X142.1627 Y94.0959 Z40.7297 E0.21094 F1700
G1 X142.7669 Y94.7496 Z40.7025 E0.21103 F1700
G1 X143.3538 Y95.4188 Z40.6566 E0.21121 F1700
G1 X143.9230 Y96.1031 Z40.5930 E0.21147 F1700
G1 X144.4740 Y96.8021 Z40.5136 E0.21177 F1700
G1 X145.0066 Y97.5153 Z40.4202 E0.21209 F1700
G1 X145.5203 Y98.2422 Z40.3153 E0.21239 F1700
G1 X146.0148 Y98.9823 Z40.2014 E0.21265 F1700
G1 X146.4898 Y99.7350 Z40.0814 E0.21284 F1700
G1 X146.9449 Y100.5000 Z39.9583 E0.21294 F1700
G1 X147.3798 Y101.2766 Z39.8353 E0.21294 F1700
G1 X147.7942 Y102.0643 Z39.7153 E0.21284 F1700
G1 X148.1879 Y102.8626 Z39.6014 E0.21265 F1700
G1 X148.5605 Y103.6710 Z39.4964 E0.21239 F1700
G1 X148.9119 Y104.4888 Z39.4031 E0.21209 F1700
G1 X149.2417 Y105.3155 Z39.3236 E0.21177 F1700
G1 X149.5498 Y106.1506 Z39.2601 E0.21147 F1700
G1 X149.8359 Y106.9934 Z39.2142 E0.21121 F1700
G1 X150.0999 Y107.8435 Z39.1869 E0.21103 F1700
G1 X150.3415 Y108.7002 Z39.1792 E0.21094 F1700
G1 X150.5606 Y109.5629 Z39.1911 E0.21095 F1700
G1 X150.7570 Y110.4310 Z39.2225 E0.21106 F1700
G1 X150.9307 Y111.3040 Z39.2726 E0.21127 F1700
G1 X151.0814 Y112.1812 Z39.3403 E0.21154 F1700
G1 X151.2091 Y113.0621 Z39.4239 E0.21186 F1700
G1 X151.3137 Y113.9460 Z39.5214 E0.21220 F1700
G1 X151.3952 Y114.8324 Z39.6306 E0.21251 F1700
G1 X151.4534 Y115.7206 Z39.7486 E0.21278 F1700
G1 X151.4883 Y116.6100 Z39.8728 E0.21297 F1700
G1 X151.5000 Y117.5000 Z40.0000 E0.21308 F1700
G1 X151.4883 Y118.3900 Z40.1272 E0.21308 F1700
G1 X151.4534 Y119.2794 Z40.2514 E0.21297 F1700
G1 X151.3952 Y120.1676 Z40.3694 E0.21278 F1700
G1 X151.3137 Y121.0540 Z40.4786 E0.21251 F1700
G1 X151.2091 Y121.9379 Z40.5761 E0.21220 F1700
G1 X151.0814 Y122.8188 Z40.6597 E0.21186 F1700
G1 X150.9307 Y123.6960 Z40.7274 E0.21154 F1700
G1 X150.7570 Y124.5690 Z40.7775 E0.21127 F1700
G1 X150.5606 Y125.4371 Z40.8089 E0.21106 F1700
G1 X150.3415 Y126.2998 Z40.8208 E0.21095 F1700
G1 X150.0999 Y127.1565 Z40.8131 E0.21094 F1700
G1 X149.8359 Y128.0066 Z40.7858 E0.21103 F1700
G1 X149.5498 Y128.8494 Z40.7399 E0.21121 F1700
G1 X149.2417 Y129.6845 Z40.6764 E0.21147 F1700
G1 X148.9119 Y130.5112 Z40.5969 E0.21177 F1700
G1 X148.5605 Y131.3290 Z40.5036 E0.21209 F1700
G1 X148.1879 Y132.1374 Z40.3986 E0.21239 F1700
G1 X147.7942 Y132.9357 Z40.2847 E0.21265 F1700
G1 X147.3798 Y133.7234 Z40.1647 E0.21284 F1700
G1 X146.9449 Y134.5000 Z40.0417 E0.21294 F1700
G1 X146.4898 Y135.2650 Z39.9186 E0.21294 F1700
G1 X146.0148 Y136.0177 Z39.7986 E0.21284 F1700
G1 X145.5203 Y136.7578 Z39.6847 E0.21265 F1700
G1 X145.0066 Y137.4847 Z39.5798 E0.21239 F1700
G1 X144.4740 Y138.1979 Z39.4864 E0.21209 F1700
G1 X143.9230 Y138.8969 Z39.4070 E0.21177 F1700
G1 X143.3538 Y139.5812 Z39.3434 E0.21147 F1700
G1 X142.7669 Y140.2504 Z39.2975 E0.21121 F1700
G1 X142.1627 Y140.9041 Z39.2703 E0.21103 F1700
G1 X141.5416 Y141.5416 Z39.2625 E0.21094 F1700
G1 X140.9041 Y142.1627 Z39.2744 E0.21095 F1700
G1 X140.2504 Y142.7669 Z39.3058 E0.21106 F1700
G1 X139.5812 Y143.3538 Z39.3559 E0.21127 F1700
G1 X138.8969 Y143.9230 Z39.4236 E0.21154 F1700
G1 X138.1979 Y144.4740 Z39.5072 E0.21186 F1700
G1 X137.4847 Y145.0066 Z39.6048 E0.21220 F1700
G1 X136.7578 Y145.5203 Z39.7139 E0.21251 F1700
G1 X136.0177 Y146.0148 Z39.8320 E0.21278 F1700
G1 X135.2650 Y146.4898 Z39.9561 E0.21297 F1700
G1 X134.5000 Y146.9449 Z40.0833 E0.21308 F1700
G1 X133.7234 Y147.3798 Z40.2106 E0.21308 F1700
G1 X132.9357 Y147.7942 Z40.3347 E0.21297 F1700
G1 X132.1374 Y148.1879 Z40.4528 E0.21278 F1700
G1 X131.3290 Y148.5605 Z40.5619 E0.21251 F1700
G1 X130.5112 Y148.9119 Z40.6594 E0.21220 F1700
G1 X129.6845 Y149.2417 Z40.7430 E0.21186 F1700
G1 X128.8494 Y149.5498 Z40.8107 E0.21154 F1700
G1 X128.0066 Y149.8359 Z40.8608 E0.21127 F1700
G1 X127.1565 Y150.0999 Z40.8922 E0.21106 F1700
G1 X126.2998 Y150.3415 Z40.9042 E0.21095 F1700
G1 X125.4371 Y150.5606 Z40.8964 E0.21094 F1700
G1 X124.5690 Y150.7570 Z40.8692 E0.21103 F1700
G1 X123.6960 Y150.9307 Z40.8232 E0.21121 F1700
G1 X122.8188 Y151.0814 Z40.7597 E0.21147 F1700
G1 X121.9379 Y151.2091 Z40.6803 E0.21177 F1700
G1 X121.0540 Y151.3137 Z40.5869 E0.21209 F1700
G1 X120.1676 Y151.3952 Z40.4819 E0.21239 F1700
G1 X119.2794 Y151.4534 Z40.3680 E0.21265 F1700
G1 X118.3900 Y151.4883 Z40.2481 E0.21284 F1700
G1 X117.5000 Y151.5000 Z40.1250 E0.21294 F1700
G1 X116.6100 Y151.4883 Z40.0019 E0.21294 F1700
G1 X115.7206 Y151.4534 Z39.8820 E0.21284 F1700
G1 X114.8324 Y151.3952 Z39.7681 E0.21265 F1700
G1 X113.9460 Y151.3137 Z39.6631 E0.21239 F1700
G1 X113.0621 Y151.2091 Z39.5697 E0.21209 F1700
G1 X112.1812 Y151.0814 Z39.4903 E0.21177 F1700
G1 X111.3040 Y150.9307 Z39.4268 E0.21147 F1700
G1 X110.4310 Y150.7570 Z39.3808 E0.21121 F1700
G1 X109.5629 Y150.5606 Z39.3536 E0.21103 F1700
G1 X108.7002 Y150.3415 Z39.3458 E0.21094 F1700
G1 X107.8435 Y150.0999 Z39.3578 E0.21095 F1700
G1 X106.9934 Y149.8359 Z39.3892 E0.21106 F1700
G1 X106.1506 Y149.5498 Z39.4393 E0.21127 F1700
G1 X105.3155 Y149.2417 Z39.5070 E0.21154 F1700
G1 X104.4888 Y148.9119 Z39.5906 E0.21186 F1700
G1 X103.6710 Y148.5605 Z39.6881 E0.21220 F1700
G1 X102.8626 Y148.1879 Z39.7972 E0.21251 F1700
G1 X102.0643 Y147.7942 Z39.9153 E0.21278 F1700
G1 X101.2766 Y147.3798 Z40.0394 E0.21297 F1700
G1 X100.5000 Y146.9449 Z40.1667 E0.21308 F1700
G1 X99.7350 Y146.4898 Z40.2939 E0.21308 F1700
G1 X98.9823 Y146.0148 Z40.4180 E0.21297 F1700
G1 X98.2422 Y145.5203 Z40.5361 E0.21278 F1700
G1 X97.5153 Y145.0066 Z40.6452 E0.21251 F1700
G1 X96.8021 Y144.4740 Z40.7428 E0.21220 F1700
G1 X96.1031 Y143.9230 Z40.8264 E0.21186 F1700
G1 X95.4188 Y143.3538 Z40.8941 E0.21154 F1700
G1 X94.7496 Y142.7669 Z40.9442 E0.21127 F1700
G1 X94.0959 Y142.1627 Z40.9756 E0.21106 F1700
G1 X93.4584 Y141.5416 Z40.9875 E0.21095 F1700
G1 X92.8373 Y140.9041 Z40.9797 E0.21094 F1700
G1 X92.2331 Y140.2504 Z40.9525 E0.21103 F1700
G1 X91.6462 Y139.5812 Z40.9066 E0.21121 F1700
G1 X91.0770 Y138.8969 Z40.8430 E0.21147 F1700
G1 X90.5260 Y138.1979 Z40.7636 E0.21177 F1700
G1 X89.9934 Y137.4847 Z40.6702 E0.21209 F1700
G1 X89.4797 Y136.7578 Z40.5653 E0.21239 F1700
G1 X88.9852 Y136.0177 Z40.4514 E0.21265 F1700
G1 X88.5102 Y135.2650 Z40.3314 E0.21284 F1700
G1 X88.0551 Y134.5000 Z40.2083 E0.21294 F1700
G1 X87.6202 Y133.7234 Z40.0853 E0.21294 F1700
G1 X87.2058 Y132.9357 Z39.9653 E0.21284 F1700
G1 X86.8121 Y132.1374 Z39.8514 E0.21265 F1700
G1 X86.4395 Y131.3290 Z39.7464 E0.21239 F1700
G1 X86.0881 Y130.5112 Z39.6531 E0.21209 F1700
G1 X85.7583 Y129.6845 Z39.5736 E0.21177 F1700
G1 X85.4502 Y128.8494 Z39.5101 E0.21147 F1700
G1 X85.1641 Y128.0066 Z39.4642 E0.21121 F1700
G1 X84.9001 Y127.1565 Z39.4369 E0.21103 F1700
G1 X84.6585 Y126.2998 Z39.4292 E0.21094 F1700
G1 X84.4394 Y125.4371 Z39.4411 E0.21095 F1700
G1 X84.2430 Y124.5690 Z39.4725 E0.21106 F1700
G1 X84.0693 Y123.6960 Z39.5226 E0.21127 F1700
G1 X83.9186 Y122.8188 Z39.5903 E0.21154 F1700
G1 X83.7909 Y121.9379 Z39.6739 E0.21186 F1700
G1 X83.6863 Y121.0540 Z39.7714 E0.21220 F1700
G1 X83.6048 Y120.1676 Z39.8806 E0.21251 F1700
G1 X83.5466 Y119.2794 Z39.9986 E0.21278 F1700
G1 X83.5117 Y118.3900 Z40.1228 E0.21297 F1700
G1 X83.5000 Y117.5000 Z40.2500 E0.21308 F1700
G1 X83.5117 Y116.6100 Z40.3772 E0.21308 F1700
G1 X83.5466 Y115.7206 Z40.5014 E0.21297 F1700
G1 X83.6048 Y114.8324 Z40.6194 E0.21278 F1700
G1 X83.6863 Y113.9460 Z40.7286 E0.21251 F1700
G1 X83.7909 Y113.0621 Z40.8261 E0.21220 F1700
G1 X83.9186 Y112.1812 Z40.9097 E0.21186 F1700
G1 X84.0693 Y111.3040 Z40.9774 E0.21154 F1700
G1 X84.2430 Y110.4310 Z41.0275 E0.21127 F1700
G1 X84.4394 Y109.5629 Z41.0589 E0.21106 F1700
G1 X84.6585 Y108.7002 Z41.0708 E0.21095 F1700
G1 X84.9001 Y107.8435 Z41.0631 E0.21094 F1700
G1 X85.1641 Y106.9934 Z41.0358 E0.21103 F1700
G1 X85.4502 Y106.1506 Z40.9899 E0.21121 F1700
G1 X85.7583 Y105.3155 Z40.9264 E0.21147 F1700
G1 X86.0881 Y104.4888 Z40.8469 E0.21177 F1700
G1 X86.4395 Y103.6710 Z40.7536 E0.21209 F1700
G1 X86.8121 Y102.8626 Z40.6486 E0.21239 F1700
G1 X87.2058 Y102.0643 Z40.5347 E0.21265 F1700
G1 X87.6202 Y101.2766 Z40.4147 E0.21284 F1700
G1 X88.0551 Y100.5000 Z40.2917 E0.21294 F1700
G1 X88.5102 Y99.7350 Z40.1686 E0.21294 F1700
G1 X88.9852 Y98.9823 Z40.0486 E0.21284 F1700
G1 X89.4797 Y98.2422 Z39.9347 E0.21265 F1700
G1 X89.9934 Y97.5153 Z39.8298 E0.21239 F1700
G1 X90.5260 Y96.8021 Z39.7364 E0.21209 F1700
G1 X91.0770 Y96.1031 Z39.6570 E0.21177 F1700
G1 X91.6462 Y95.4188 Z39.5934 E0.21147 F1700
G1 X92.2331 Y94.7496 Z39.5475 E0.21121 F1700
G1 X92.8373 Y94.0959 Z39.5203 E0.21103 F1700
G1 X93.4584 Y93.4584 Z39.5125 E0.21094 F1700
G1 X94.0959 Y92.8373 Z39.5244 E0.21095 F1700
G1 X94.7496 Y92.2331 Z39.5558 E0.21106 F1700
G1 X95.4188 Y91.6462 Z39.6059 E0.21127 F1700
G1 X96.1031 Y91.0770 Z39.6736 E0.21154 F1700
G1 X96.8021 Y90.5260 Z39.7572 E0.21186 F1700
G1 X97.5153 Y89.9934 Z39.8548 E0.21220 F1700
G1 X98.2422 Y89.4797 Z39.9639 E0.21251 F1700
G1 X98.9823 Y88.9852 Z40.0820 E0.21278 F1700
G1 X99.7350 Y88.5102 Z40.2061 E0.21297 F1700
G1 X100.5000 Y88.0551 Z40.3333 E0.21308 F1700
G1 X101.2766 Y87.6202 Z40.4606 E0.21308 F1700
G1 X102.0643 Y87.2058 Z40.5847 E0.21297 F1700
G1 X102.8626 Y86.8121 Z40.7028 E0.21278 F1700
G1 X103.6710 Y86.4395 Z40.8119 E0.21251 F1700
G1 X104.4888 Y86.0881 Z40.9094 E0.21220 F1700
G1 X105.3155 Y85.7583 Z40.9930 E0.21186 F1700
G1 X106.1506 Y85.4502 Z41.0607 E0.21154 F1700
G1 X106.9934 Y85.1641 Z41.1108 E0.21127 F1700
G1 X107.8435 Y84.9001 Z41.1422 E0.21106 F1700
G1 X108.7002 Y84.6585 Z41.1542 E0.21095 F1700
G1 X109.5629 Y84.4394 Z41.1464 E0.21094 F1700
G1 X110.4310 Y84.2430 Z41.1192 E0.21103 F1700
G1 X111.3040 Y84.0693 Z41.0732 E0.21121 F1700
G1 X112.1812 Y83.9186 Z41.0097 E0.21147 F1700
G1 X113.0621 Y83.7909 Z40.9303 E0.21177 F1700
G1 X113.9460 Y83.6863 Z40.8369 E0.21209 F1700
G1 X114.8324 Y83.6048 Z40.7319 E0.21239 F1700
G1 X115.7206 Y83.5466 Z40.6180 E0.21265 F1700
G1 X116.6100 Y83.5117 Z40.4981 E0.21284 F1700
G1 X117.5000 Y83.5000 Z40.3750 E0.21294 F1700
G1 X118.3900 Y83.5117 Z40.2519 E0.21294 F1700
G1 X119.2794 Y83.5466 Z40.1320 E0.21284 F1700
G1 X120.1676 Y83.6048 Z40.0181 E0.21265 F1700
G1 X121.0540 Y83.6863 Z39.9131 E0.21239 F1700
G1 X121.9379 Y83.7909 Z39.8197 E0.21209 F1700
G1 X122.8188 Y83.9186 Z39.7403 E0.21177 F1700
G1 X123.6960 Y84.0693 Z39.6768 E0.21147 F1700
G1 X124.5690 Y84.2430 Z39.6308 E0.21121 F1700
G1 X125.4371 Y84.4394 Z39.6036 E0.21103 F1700
G1 X126.2998 Y84.6585 Z39.5958 E0.21094 F1700
G1 X127.1565 Y84.9001 Z39.6078 E0.21095 F1700
G1 X128.0066 Y85.1641 Z39.6392 E0.21106 F1700
G1 X128.8494 Y85.4502 Z39.6893 E0.21127 F1700
G1 X129.6845 Y85.7583 Z39.7570 E0.21154 F1700
G1 X130.5112 Y86.0881 Z39.8406 E0.21186 F1700
G1 X131.3290 Y86.4395 Z39.9381 E0.21220 F1700
G1 X132.1374 Y86.8121 Z40.0472 E0.21251 F1700
G1 X132.9357 Y87.2058 Z40.1653 E0.21278 F1700
G1 X133.7234 Y87.6202 Z40.2894 E0.21297 F1700
G1 X134.5000 Y88.0551 Z40.4167 E0.21308 F1700
G1 X135.2650 Y88.5102 Z40.5439 E0.21308 F1700
G1 X136.0177 Y88.9852 Z40.6680 E0.21297 F1700
G1 X136.7578 Y89.4797 Z40.7861 E0.21278 F1700
G1 X137.4847 Y89.9934 Z40.8952 E0.21251 F1700
G1 X138.1979 Y90.5260 Z40.9928 E0.21220 F1700
G1 X138.8969 Y91.0770 Z41.0764 E0.21186 F1700
G1 X139.5812 Y91.6462 Z41.1441 E0.21154 F1700
G1 X140.2504 Y92.2331 Z41.1942 E0.21127 F1700
G1 X140.9041 Y92.8373 Z41.2256 E0.21106 F1700
G1 X141.5416 Y93.4584 Z41.2375 E0.21095 F1700
G1 X142.1627 Y94.0959 Z41.2297 E0.21094 F1700
G1 X142.7669 Y94.7496 Z41.2025 E0.21103 F1700
G1 X143.3538 Y95.4188 Z41.1566 E0.21121 F1700
G1 X143.9230 Y96.1031 Z41.0930 E0.21147 F1700
G1 X144.4740 Y96.8021 Z41.0136 E0.21177 F1700
G1 X145.0066 Y97.5153 Z40.9202 E0.21209 F1700
G1 X145.5203 Y98.2422 Z40.8153 E0.21239 F1700
G1 X146.0148 Y98.9823 Z40.7014 E0.21265 F1700
G1 X146.4898 Y99.7350 Z40.5814 E0.21284 F1700
G1 X146.9449 Y100.5000 Z40.4583 E0.21294 F1700
G1 X147.3798 Y101.2766 Z40.3353 E0.21294 F1700
G1 X147.7942 Y102.0643 Z40.2153 E0.21284 F1700
G1 X148.1879 Y102.8626 Z40.1014 E0.21265 F1700
G1 X148.5605 Y103.6710 Z39.9964 E0.21239 F1700
G1 X148.9119 Y104.4888 Z39.9031 E0.21209 F1700
G1 X149.2417 Y105.3155 Z39.8236 E0.21177 F1700
G1 X149.5498 Y106.1506 Z39.7601 E0.21147 F1700
G1 X149.8359 Y106.9934 Z39.7142 E0.21121 F1700
G1 X150.0999 Y107.8435 Z39.6869 E0.21103 F1700
G1 X150.3415 Y108.7002 Z39.6792 E0.21094 F1700
G1 X150.5606 Y109.5629 Z39.6911 E0.21095 F1700
G1 X150.7570 Y110.4310 Z39.7225 E0.21106 F1700
G1 X150.9307 Y111.3040 Z39.7726 E0.21127 F1700
G1 X151.0814 Y112.1812 Z39.8403 E0.21154 F1700
G1 X151.2091 Y113.0621 Z39.9239 E0.21186 F1700
G1 X151.3137 Y113.9460 Z40.0214 E0.21220 F1700
G1 X151.3952 Y114.8324 Z40.1306 E0.21251 F1700
G1 X151.4534 Y115.7206 Z40.2486 E0.21278 F1700
G1 X151.4883 Y116.6100 Z40.3728 E0.21297 F1700
G1 X151.5000 Y117.5000 Z40.5000 E0.21308 F1700
G1 E-0.2000 F3600

PRINT_END
; total filament: 4068.2 mm
