; Trident continuous non-planar G-code
; nozzle=0.4 line_width=0.45 layer_height=0.3
; max_z_velocity=25.0 mm/s (feedrate clamped to honour this)

PRINT_START EXTRUDER=250 BED=80 MATERIAL=PETG
M83            ; relative extrusion
G92 E0
M107           ; fan off for first layer(s)
SET_PRESSURE_ADVANCE ADVANCE=0.0325

; move to surface spiral start (centre)
G1 Z6.8000 F1500  ; initial safe lift
G1 X117.5000 Y117.5000 Z6.8000 F12000  ; travel
G1 X117.5000 Y117.5000 Z1.8000 F1500  ; travel
G1 E0.2000 F2400
G1 X117.5000 Y117.5000 Z1.8000 E0.00000 F1080
G1 X117.2669 Y117.3976 Z1.7976 E0.01358 F1080
G1 X117.6477 Y117.1639 Z1.7950 E0.02382 F1080
G1 X117.9442 Y117.4700 Z1.7927 E0.02273 F1080
G1 X117.8434 Y117.8764 Z1.7904 E0.02232 F1080
G1 X117.4743 Y118.0652 Z1.7882 E0.02211 F1080
G1 X117.0787 Y117.9500 Z1.7860 E0.02197 F1080
G1 X116.8466 Y117.6118 Z1.7838 E0.02187 F1080
G1 X116.8594 Y117.2031 Z1.7816 E0.02180 F1080
G1 X117.0969 Y116.8715 Z1.7795 E0.02175 F1080
G1 X117.4729 Y116.7154 Z1.7773 E0.02171 F1080
G1 X117.8757 Y116.7694 Z1.7752 E0.02167 F1080
G1 X118.2025 Y117.0102 Z1.7730 E0.02164 F1080
G1 X118.3809 Y117.3742 Z1.7709 E0.02162 F1080
G1 X118.3787 Y117.7792 Z1.7688 E0.02160 F1080
G1 X118.2029 Y118.1437 Z1.7666 E0.02158 F1080
G1 X117.8915 Y118.4018 Z1.7645 E0.02156 F1080
G1 X117.5028 Y118.5123 Z1.7624 E0.02155 F1080
G1 X117.1021 Y118.4615 Z1.7603 E0.02154 F1080
G1 X116.7513 Y118.2618 Z1.7582 E0.02153 F1080
G1 X116.5000 Y117.9460 Z1.7561 E0.02152 F1080
G1 X116.3805 Y117.5608 Z1.7540 E0.02151 F1080
G1 X116.4054 Y117.1583 Z1.7519 E0.02150 F1080
G1 X116.5683 Y116.7896 Z1.7498 E0.02149 F1080
G1 X116.8465 Y116.4982 Z1.7477 E0.02148 F1080
G1 X117.2057 Y116.3160 Z1.7456 E0.02148 F1080
G1 X117.6047 Y116.2609 Z1.7435 E0.02147 F1080
G1 X118.0001 Y116.3364 Z1.7414 E0.02147 F1080
G1 X118.3518 Y116.5323 Z1.7393 E0.02146 F1080
G1 X118.6256 Y116.8271 Z1.7372 E0.02146 F1080
G1 X118.7970 Y117.1912 Z1.7352 E0.02145 F1080
G1 X118.8518 Y117.5897 Z1.7331 E0.02145 F1080
G1 X118.7870 Y117.9866 Z1.7310 E0.02145 F1080
G1 X118.6100 Y118.3478 Z1.7289 E0.02144 F1080
G1 X118.3374 Y118.6433 Z1.7269 E0.02144 F1080
G1 X117.9928 Y118.8503 Z1.7248 E0.02144 F1080
G1 X117.6043 Y118.9536 Z1.7228 E0.02143 F1080
G1 X117.2025 Y118.9468 Z1.7207 E0.02143 F1080
G1 X116.8175 Y118.8317 Z1.7186 E0.02143 F1080
G1 X116.4770 Y118.6182 Z1.7166 E0.02142 F1080
G1 X116.2048 Y118.3228 Z1.7145 E0.02142 F1080
G1 X116.0187 Y117.9668 Z1.7125 E0.02142 F1080
G1 X115.9302 Y117.5750 Z1.7104 E0.02142 F1080
G1 X115.9441 Y117.1736 Z1.7084 E0.02142 F1080
G1 X116.0582 Y116.7885 Z1.7063 E0.02141 F1080
G1 X116.2642 Y116.4438 Z1.7043 E0.02141 F1080
G1 X116.5485 Y116.1602 Z1.7023 E0.02141 F1080
G1 X116.8931 Y115.9542 Z1.7002 E0.02141 F1080
G1 X117.2770 Y115.8369 Z1.6982 E0.02141 F1080
G1 X117.6778 Y115.8143 Z1.6962 E0.02141 F1080
G1 X118.0727 Y115.8867 Z1.6941 E0.02140 F1080
G1 X118.4397 Y116.0491 Z1.6921 E0.02140 F1080
G1 X118.7594 Y116.2918 Z1.6901 E0.02140 F1080
G1 X119.0151 Y116.6011 Z1.6880 E0.02140 F1080
G1 X119.1940 Y116.9603 Z1.6860 E0.02140 F1080
G1 X119.2878 Y117.3505 Z1.6840 E0.02140 F1080
G1 X119.2924 Y117.7518 Z1.6820 E0.02140 F1080
G1 X119.2084 Y118.1441 Z1.6800 E0.02139 F1080
G1 X119.0407 Y118.5086 Z1.6780 E0.02139 F1080
G1 X118.7980 Y118.8281 Z1.6759 E0.02139 F1080
G1 X118.4924 Y119.0879 Z1.6739 E0.02139 F1080
G1 X118.1384 Y119.2766 Z1.6719 E0.02139 F1080
G1 X117.7525 Y119.3861 Z1.6699 E0.02139 F1080
G1 X117.3522 Y119.4123 Z1.6679 E0.02139 F1080
G1 X116.9553 Y119.3546 Z1.6659 E0.02139 F1080
G1 X116.5788 Y119.2162 Z1.6639 E0.02139 F1080
G1 X116.2388 Y119.0035 Z1.6619 E0.02139 F1080
G1 X115.9491 Y118.7262 Z1.6599 E0.02138 F1080
G1 X115.7214 Y118.3961 Z1.6579 E0.02138 F1080
G1 X115.5645 Y118.0270 Z1.6559 E0.02138 F1080
G1 X115.4842 Y117.6341 Z1.6539 E0.02138 F1080
G1 X115.4832 Y117.2331 Z1.6520 E0.02138 F1080
G1 X115.5608 Y116.8397 Z1.6500 E0.02138 F1080
G1 X115.7137 Y116.4690 Z1.6480 E0.02138 F1080
G1 X115.9354 Y116.1349 Z1.6460 E0.02138 F1080
G1 X116.2172 Y115.8498 Z1.6440 E0.02138 F1080
G1 X116.5483 Y115.6237 Z1.6421 E0.02138 F1080
G1 X116.9163 Y115.4645 Z1.6401 E0.02138 F1080
G1 X117.3077 Y115.3777 Z1.6381 E0.02138 F1080
G1 X117.7084 Y115.3657 Z1.6361 E0.02138 F1080
G1 X118.1043 Y115.4285 Z1.6342 E0.02138 F1080
G1 X118.4818 Y115.5636 Z1.6322 E0.02137 F1080
G1 X118.8279 Y115.7657 Z1.6302 E0.02137 F1080
G1 X119.1313 Y116.0278 Z1.6283 E0.02137 F1080
G1 X119.3820 Y116.3405 Z1.6263 E0.02137 F1080
G1 X119.5720 Y116.6935 Z1.6244 E0.02137 F1080
G1 X119.6955 Y117.0748 Z1.6224 E0.02137 F1080
G1 X119.7489 Y117.4720 Z1.6204 E0.02137 F1080
G1 X119.7310 Y117.8724 Z1.6185 E0.02137 F1080
G1 X119.6426 Y118.2634 Z1.6165 E0.02137 F1080
G1 X119.4869 Y118.6327 Z1.6146 E0.02137 F1080
G1 X119.2692 Y118.9691 Z1.6126 E0.02137 F1080
G1 X118.9963 Y119.2626 Z1.6107 E0.02137 F1080
G1 X118.6768 Y119.5046 Z1.6088 E0.02137 F1080
G1 X118.3205 Y119.6880 Z1.6068 E0.02137 F1080
G1 X117.9381 Y119.8079 Z1.6049 E0.02137 F1080
G1 X117.5409 Y119.8609 Z1.6029 E0.02137 F1080
G1 X117.1404 Y119.8460 Z1.6010 E0.02137 F1080
G1 X116.7482 Y119.7639 Z1.5991 E0.02137 F1080
G1 X116.3753 Y119.6173 Z1.5971 E0.02137 F1080
G1 X116.0320 Y119.4106 Z1.5952 E0.02137 F1080
G1 X115.7277 Y119.1498 Z1.5933 E0.02137 F1080
G1 X115.4707 Y118.8424 Z1.5914 E0.02137 F1080
G1 X115.2676 Y118.4970 Z1.5894 E0.02137 F1080
G1 X115.1237 Y118.1231 Z1.5875 E0.02136 F1080
G1 X115.0425 Y117.7307 Z1.5856 E0.02136 F1080
G1 X115.0259 Y117.3304 Z1.5837 E0.02136 F1080
G1 X115.0740 Y116.9326 Z1.5818 E0.02136 F1080
G1 X115.1853 Y116.5477 Z1.5798 E0.02136 F1080
G1 X115.3566 Y116.1855 Z1.5779 E0.02136 F1080
G1 X115.5832 Y115.8551 Z1.5760 E0.02136 F1080
G1 X115.8593 Y115.5648 Z1.5741 E0.02136 F1080
G1 X116.1776 Y115.3215 Z1.5722 E0.02136 F1080
G1 X116.5301 Y115.1312 Z1.5703 E0.02136 F1080
G1 X116.9080 Y114.9982 Z1.5684 E0.02136 F1080
G1 X117.3020 Y114.9256 Z1.5665 E0.02136 F1080
G1 X117.7025 Y114.9148 Z1.5646 E0.02136 F1080
G1 X118.0998 Y114.9659 Z1.5627 E0.02136 F1080
G1 X118.4846 Y115.0773 Z1.5608 E0.02136 F1080
G1 X118.8479 Y115.2462 Z1.5589 E0.02136 F1080
G1 X119.1812 Y115.4684 Z1.5570 E0.02136 F1080
G1 X119.4770 Y115.7385 Z1.5551 E0.02136 F1080
G1 X119.7286 Y116.0502 Z1.5532 E0.02136 F1080
G1 X119.9306 Y116.3962 Z1.5514 E0.02136 F1080
G1 X120.0784 Y116.7684 Z1.5495 E0.02136 F1080
G1 X120.1691 Y117.1586 Z1.5476 E0.02136 F1080
G1 X120.2009 Y117.5579 Z1.5457 E0.02136 F1080
G1 X120.1733 Y117.9575 Z1.5438 E0.02136 F1080
G1 X120.0871 Y118.3487 Z1.5420 E0.02136 F1080
G1 X119.9444 Y118.7229 Z1.5401 E0.02136 F1080
G1 X119.7485 Y119.0723 Z1.5382 E0.02136 F1080
G1 X119.5038 Y119.3895 Z1.5363 E0.02136 F1080
G1 X119.2157 Y119.6677 Z1.5345 E0.02136 F1080
G1 X118.8904 Y119.9014 Z1.5326 E0.02136 F1080
G1 X118.5349 Y120.0858 Z1.5307 E0.02136 F1080
G1 X118.1566 Y120.2173 Z1.5289 E0.02136 F1080
G1 X117.7633 Y120.2934 Z1.5270 E0.02136 F1080
G1 X117.3633 Y120.3127 Z1.5252 E0.02136 F1080
G1 X116.9645 Y120.2750 Z1.5233 E0.02136 F1080
G1 X116.5751 Y120.1813 Z1.5214 E0.02136 F1080
G1 X116.2028 Y120.0336 Z1.5196 E0.02136 F1080
G1 X115.8550 Y119.8352 Z1.5177 E0.02136 F1080
G1 X115.5383 Y119.5900 Z1.5159 E0.02135 F1080
G1 X115.2588 Y119.3031 Z1.5140 E0.02135 F1080
G1 X115.0220 Y118.9802 Z1.5122 E0.02135 F1080
G1 X114.8321 Y118.6275 Z1.5104 E0.02135 F1080
G1 X114.6927 Y118.2521 Z1.5085 E0.02135 F1080
G1 X114.6063 Y117.8610 Z1.5067 E0.02135 F1080
G1 X114.5743 Y117.4619 Z1.5048 E0.02135 F1080
G1 X114.5971 Y117.0620 Z1.5030 E0.02135 F1080
G1 X114.6742 Y116.6690 Z1.5012 E0.02135 F1080
G1 X114.8038 Y116.2901 Z1.4993 E0.02135 F1080
G1 X114.9835 Y115.9322 Z1.4975 E0.02135 F1080
G1 X115.2098 Y115.6018 Z1.4957 E0.02135 F1080
G1 X115.4784 Y115.3048 Z1.4938 E0.02135 F1080
G1 X115.7844 Y115.0465 Z1.4920 E0.02135 F1080
G1 X116.1222 Y114.8313 Z1.4902 E0.02135 F1080
G1 X116.4855 Y114.6630 Z1.4884 E0.02135 F1080
G1 X116.8680 Y114.5444 Z1.4866 E0.02135 F1080
G1 X117.2628 Y114.4774 Z1.4847 E0.02135 F1080
G1 X117.6630 Y114.4630 Z1.4829 E0.02135 F1080
G1 X118.0616 Y114.5014 Z1.4811 E0.02135 F1080
G1 X118.4517 Y114.5916 Z1.4793 E0.02135 F1080
G1 X118.8267 Y114.7320 Z1.4775 E0.02135 F1080
G1 X119.1803 Y114.9201 Z1.4757 E0.02135 F1080
G1 X119.5064 Y115.1524 Z1.4739 E0.02135 F1080
G1 X119.7997 Y115.4250 Z1.4721 E0.02135 F1080
G1 X120.0554 Y115.7332 Z1.4703 E0.02135 F1080
G1 X120.2693 Y116.0717 Z1.4685 E0.02135 F1080
G1 X120.4380 Y116.4349 Z1.4667 E0.02135 F1080
G1 X120.5588 Y116.8166 Z1.4649 E0.02135 F1080
G1 X120.6301 Y117.2106 Z1.4631 E0.02135 F1080
G1 X120.6506 Y117.6105 Z1.4613 E0.02135 F1080
G1 X120.6202 Y118.0098 Z1.4595 E0.02135 F1080
G1 X120.5397 Y118.4020 Z1.4577 E0.02135 F1080
G1 X120.4103 Y118.7809 Z1.4559 E0.02135 F1080
G1 X120.2343 Y119.1406 Z1.4541 E0.02135 F1080
G1 X120.0146 Y119.4753 Z1.4523 E0.02135 F1080
G1 X119.7548 Y119.7800 Z1.4505 E0.02135 F1080
G1 X119.4591 Y120.0499 Z1.4488 E0.02135 F1080
G1 X119.1321 Y120.2810 Z1.4470 E0.02135 F1080
G1 X118.7789 Y120.4697 Z1.4452 E0.02135 F1080
G1 X118.4052 Y120.6133 Z1.4434 E0.02135 F1080
G1 X118.0166 Y120.7098 Z1.4417 E0.02135 F1080
G1 X117.6191 Y120.7577 Z1.4399 E0.02135 F1080
G1 X117.2187 Y120.7565 Z1.4381 E0.02135 F1080
G1 X116.8215 Y120.7064 Z1.4363 E0.02135 F1080
G1 X116.4333 Y120.6082 Z1.4346 E0.02135 F1080
G1 X116.0600 Y120.4636 Z1.4328 E0.02135 F1080
G1 X115.7070 Y120.2747 Z1.4311 E0.02135 F1080
G1 X115.3794 Y120.0444 Z1.4293 E0.02135 F1080
G1 X115.0820 Y119.7764 Z1.4275 E0.02135 F1080
G1 X114.8191 Y119.4745 Z1.4258 E0.02135 F1080
G1 X114.5943 Y119.1432 Z1.4240 E0.02135 F1080
G1 X114.4108 Y118.7873 Z1.4223 E0.02135 F1080
G1 X114.2711 Y118.4121 Z1.4205 E0.02135 F1080
G1 X114.1771 Y118.0230 Z1.4188 E0.02135 F1080
G1 X114.1300 Y117.6254 Z1.4170 E0.02135 F1080
G1 X114.1304 Y117.2250 Z1.4153 E0.02135 F1080
G1 X114.1781 Y116.8275 Z1.4135 E0.02135 F1080
G1 X114.2723 Y116.4384 Z1.4118 E0.02135 F1080
G1 X114.4117 Y116.0631 Z1.4100 E0.02135 F1080
G1 X114.5942 Y115.7067 Z1.4083 E0.02135 F1080
G1 X114.8171 Y115.3742 Z1.4066 E0.02135 F1080
G1 X115.0774 Y115.0700 Z1.4048 E0.02135 F1080
G1 X115.3713 Y114.7981 Z1.4031 E0.02135 F1080
G1 X115.6948 Y114.5623 Z1.4014 E0.02135 F1080
G1 X116.0434 Y114.3656 Z1.3996 E0.02135 F1080
G1 X116.4125 Y114.2105 Z1.3979 E0.02135 F1080
G1 X116.7970 Y114.0990 Z1.3962 E0.02135 F1080
G1 X117.1918 Y114.0325 Z1.3944 E0.02135 F1080
G1 X117.5916 Y114.0118 Z1.3927 E0.02135 F1080
G1 X117.9911 Y114.0371 Z1.3910 E0.02135 F1080
G1 X118.3852 Y114.1078 Z1.3893 E0.02135 F1080
G1 X118.7686 Y114.2230 Z1.3876 E0.02135 F1080
G1 X119.1364 Y114.3811 Z1.3858 E0.02135 F1080
G1 X119.4838 Y114.5799 Z1.3841 E0.02135 F1080
G1 X119.8066 Y114.8168 Z1.3824 E0.02135 F1080
G1 X120.1005 Y115.0886 Z1.3807 E0.02135 F1080
G1 X120.3619 Y115.3918 Z1.3790 E0.02135 F1080
G1 X120.5875 Y115.7225 Z1.3773 E0.02135 F1080
G1 X120.7746 Y116.0764 Z1.3756 E0.02135 F1080
G1 X120.9209 Y116.4490 Z1.3739 E0.02135 F1080
G1 X121.0246 Y116.8357 Z1.3722 E0.02135 F1080
G1 X121.0846 Y117.2315 Z1.3705 E0.02135 F1080
G1 X121.1002 Y117.6315 Z1.3688 E0.02135 F1080
G1 X121.0713 Y118.0308 Z1.3671 E0.02135 F1080
G1 X120.9984 Y118.4244 Z1.3654 E0.02134 F1080
G1 X120.8825 Y118.8075 Z1.3637 E0.02134 F1080
G1 X120.7250 Y119.1756 Z1.3620 E0.02134 F1080
G1 X120.5280 Y119.5240 Z1.3603 E0.02134 F1080
G1 X120.2939 Y119.8488 Z1.3586 E0.02134 F1080
G1 X120.0257 Y120.1459 Z1.3569 E0.02134 F1080
G1 X119.7266 Y120.4120 Z1.3553 E0.02134 F1080
G1 X119.4003 Y120.6439 Z1.3536 E0.02134 F1080
G1 X119.0507 Y120.8388 Z1.3519 E0.02134 F1080
G1 X118.6820 Y120.9947 Z1.3502 E0.02134 F1080
G1 X118.2985 Y121.1096 Z1.3485 E0.02134 F1080
G1 X117.9049 Y121.1825 Z1.3469 E0.02134 F1080
G1 X117.5057 Y121.2124 Z1.3452 E0.02134 F1080
G1 X117.1057 Y121.1991 Z1.3435 E0.02134 F1080
G1 X116.7093 Y121.1430 Z1.3418 E0.02134 F1080
G1 X116.3213 Y121.0447 Z1.3402 E0.02134 F1080
G1 X115.9460 Y120.9054 Z1.3385 E0.02134 F1080
G1 X115.5878 Y120.7268 Z1.3368 E0.02134 F1080
G1 X115.2506 Y120.5110 Z1.3352 E0.02134 F1080
G1 X114.9383 Y120.2606 Z1.3335 E0.02134 F1080
G1 X114.6543 Y119.9785 Z1.3318 E0.02134 F1080
G1 X114.4019 Y119.6679 Z1.3302 E0.02134 F1080
G1 X114.1837 Y119.3323 Z1.3285 E0.02134 F1080
G1 X114.0021 Y118.9756 Z1.3269 E0.02134 F1080
G1 X113.8591 Y118.6017 Z1.3252 E0.02134 F1080
G1 X113.7562 Y118.2149 Z1.3236 E0.02134 F1080
G1 X113.6944 Y117.8194 Z1.3219 E0.02134 F1080
G1 X113.6743 Y117.4196 Z1.3203 E0.02134 F1080
G1 X113.6962 Y117.0199 Z1.3186 E0.02134 F1080
G1 X113.7596 Y116.6247 Z1.3170 E0.02134 F1080
G1 X113.8638 Y116.2382 Z1.3153 E0.02134 F1080
G1 X114.0075 Y115.8647 Z1.3137 E0.02134 F1080
G1 X114.1893 Y115.5080 Z1.3121 E0.02134 F1080
G1 X114.4069 Y115.1721 Z1.3104 E0.02134 F1080
G1 X114.6581 Y114.8604 Z1.3088 E0.02134 F1080
G1 X114.9401 Y114.5763 Z1.3072 E0.02134 F1080
G1 X115.2498 Y114.3228 Z1.3055 E0.02134 F1080
G1 X115.5839 Y114.1023 Z1.3039 E0.02134 F1080
G1 X115.9388 Y113.9173 Z1.3023 E0.02134 F1080
G1 X116.3108 Y113.7696 Z1.3006 E0.02134 F1080
G1 X116.6960 Y113.6606 Z1.2990 E0.02134 F1080
G1 X117.0902 Y113.5914 Z1.2974 E0.02134 F1080
G1 X117.4894 Y113.5627 Z1.2958 E0.02134 F1080
G1 X117.8895 Y113.5747 Z1.2941 E0.02134 F1080
G1 X118.2863 Y113.6272 Z1.2925 E0.02134 F1080
G1 X118.6758 Y113.7195 Z1.2909 E0.02134 F1080
G1 X119.0539 Y113.8507 Z1.2893 E0.02134 F1080
G1 X119.4169 Y114.0194 Z1.2877 E0.02134 F1080
G1 X119.7611 Y114.2237 Z1.2861 E0.02134 F1080
G1 X120.0830 Y114.4616 Z1.2845 E0.02134 F1080
G1 X120.3795 Y114.7305 Z1.2829 E0.02134 F1080
G1 X120.6475 Y115.0278 Z1.2812 E0.02134 F1080
G1 X120.8845 Y115.3503 Z1.2796 E0.02134 F1080
G1 X121.0882 Y115.6949 Z1.2780 E0.02134 F1080
G1 X121.2565 Y116.0580 Z1.2764 E0.02134 F1080
G1 X121.3879 Y116.4361 Z1.2748 E0.02134 F1080
G1 X121.4812 Y116.8253 Z1.2732 E0.02134 F1080
G1 X121.5355 Y117.2219 Z1.2716 E0.02134 F1080
G1 X121.5503 Y117.6218 Z1.2700 E0.02134 F1080
G1 X121.5256 Y118.0213 Z1.2685 E0.02134 F1080
G1 X121.4617 Y118.4164 Z1.2669 E0.02134 F1080
G1 X121.3592 Y118.8033 Z1.2653 E0.02134 F1080
G1 X121.2192 Y119.1783 Z1.2637 E0.02134 F1080
G1 X121.0432 Y119.5378 Z1.2621 E0.02134 F1080
G1 X120.8328 Y119.8783 Z1.2605 E0.02134 F1080
G1 X120.5902 Y120.1966 Z1.2589 E0.02134 F1080
G1 X120.3178 Y120.4898 Z1.2573 E0.02134 F1080
G1 X120.0181 Y120.7551 Z1.2558 E0.02134 F1080
G1 X119.6940 Y120.9900 Z1.2542 E0.02134 F1080
G1 X119.3487 Y121.1923 Z1.2526 E0.02134 F1080
G1 X118.9854 Y121.3603 Z1.2510 E0.02134 F1080
G1 X118.6076 Y121.4923 Z1.2495 E0.02134 F1080
G1 X118.2187 Y121.5873 Z1.2479 E0.02134 F1080
G1 X117.8226 Y121.6444 Z1.2463 E0.02134 F1080
G1 X117.4228 Y121.6631 Z1.2448 E0.02134 F1080
G1 X117.0231 Y121.6433 Z1.2432 E0.02134 F1080
G1 X116.6270 Y121.5854 Z1.2416 E0.02134 F1080
G1 X116.2384 Y121.4897 Z1.2401 E0.02134 F1080
G1 X115.8607 Y121.3574 Z1.2385 E0.02134 F1080
G1 X115.4973 Y121.1896 Z1.2369 E0.02134 F1080
G1 X115.1516 Y120.9880 Z1.2354 E0.02134 F1080
G1 X114.8265 Y120.7545 Z1.2338 E0.02134 F1080
G1 X114.5252 Y120.4911 Z1.2323 E0.02134 F1080
G1 X114.2501 Y120.2004 Z1.2307 E0.02134 F1080
G1 X114.0038 Y119.8849 Z1.2292 E0.02134 F1080
G1 X113.7884 Y119.5476 Z1.2276 E0.02134 F1080
G1 X113.6058 Y119.1914 Z1.2261 E0.02134 F1080
G1 X113.4576 Y118.8197 Z1.2245 E0.02134 F1080
G1 X113.3449 Y118.4356 Z1.2230 E0.02134 F1080
G1 X113.2688 Y118.0427 Z1.2214 E0.02134 F1080
G1 X113.2299 Y117.6444 Z1.2199 E0.02134 F1080
G1 X113.2284 Y117.2442 Z1.2184 E0.02134 F1080
G1 X113.2643 Y116.8456 Z1.2168 E0.02134 F1080
G1 X113.3372 Y116.4520 Z1.2153 E0.02134 F1080
G1 X113.4465 Y116.0670 Z1.2138 E0.02134 F1080
G1 X113.5911 Y115.6938 Z1.2122 E0.02134 F1080
G1 X113.7698 Y115.3357 Z1.2107 E0.02134 F1080
G1 X113.9808 Y114.9957 Z1.2092 E0.02134 F1080
G1 X114.2225 Y114.6766 Z1.2076 E0.02134 F1080
G1 X114.4926 Y114.3813 Z1.2061 E0.02134 F1080
G1 X114.7888 Y114.1121 Z1.2046 E0.02134 F1080
G1 X115.1085 Y113.8714 Z1.2031 E0.02134 F1080
G1 X115.4490 Y113.6612 Z1.2015 E0.02134 F1080
G1 X115.8074 Y113.4831 Z1.2000 E0.02134 F1080
G1 X116.1807 Y113.3386 Z1.1985 E0.02134 F1080
G1 X116.5656 Y113.2289 Z1.1970 E0.02134 F1080
G1 X116.9589 Y113.1549 Z1.1955 E0.02134 F1080
G1 X117.3573 Y113.1172 Z1.1940 E0.02134 F1080
G1 X117.7575 Y113.1159 Z1.1925 E0.02134 F1080
G1 X118.1562 Y113.1510 Z1.1909 E0.02134 F1080
G1 X118.5500 Y113.2222 Z1.1894 E0.02134 F1080
G1 X118.9357 Y113.3289 Z1.1879 E0.02134 F1080
G1 X119.3102 Y113.4702 Z1.1864 E0.02134 F1080
G1 X119.6703 Y113.6447 Z1.1849 E0.02134 F1080
G1 X120.0132 Y113.8511 Z1.1834 E0.02134 F1080
G1 X120.3361 Y114.0875 Z1.1819 E0.02134 F1080
G1 X120.6364 Y114.3521 Z1.1804 E0.02134 F1080
G1 X120.9116 Y114.6427 Z1.1789 E0.02134 F1080
G1 X121.1596 Y114.9568 Z1.1774 E0.02134 F1080
G1 X121.3784 Y115.2919 Z1.1759 E0.02134 F1080
G1 X121.5663 Y115.6452 Z1.1745 E0.02134 F1080
G1 X121.7219 Y116.0140 Z1.1730 E0.02134 F1080
G1 X121.8438 Y116.3951 Z1.1715 E0.02134 F1080
G1 X121.9313 Y116.7856 Z1.1700 E0.02134 F1080
G1 X121.9837 Y117.1824 Z1.1685 E0.02134 F1080
G1 X122.0006 Y117.5823 Z1.1670 E0.02134 F1080
G1 X121.9818 Y117.9820 Z1.1655 E0.02134 F1080
G1 X121.9277 Y118.3785 Z1.1641 E0.02134 F1080
G1 X121.8387 Y118.7687 Z1.1626 E0.02134 F1080
G1 X121.7155 Y119.1495 Z1.1611 E0.02134 F1080
G1 X121.5591 Y119.5179 Z1.1596 E0.02134 F1080
G1 X121.3709 Y119.8710 Z1.1582 E0.02134 F1080
G1 X121.1523 Y120.2063 Z1.1567 E0.02134 F1080
G1 X120.9050 Y120.5209 Z1.1552 E0.02134 F1080
G1 X120.6311 Y120.8127 Z1.1537 E0.02134 F1080
G1 X120.3326 Y121.0793 Z1.1523 E0.02134 F1080
G1 X120.0120 Y121.3187 Z1.1508 E0.02134 F1080
G1 X119.6716 Y121.5292 Z1.1494 E0.02134 F1080
G1 X119.3141 Y121.7091 Z1.1479 E0.02134 F1080
G1 X118.9423 Y121.8571 Z1.1464 E0.02134 F1080
G1 X118.5590 Y121.9722 Z1.1450 E0.02134 F1080
G1 X118.1671 Y122.0535 Z1.1435 E0.02134 F1080
G1 X117.7697 Y122.1004 Z1.1421 E0.02134 F1080
G1 X117.3697 Y122.1127 Z1.1406 E0.02134 F1080
G1 X116.9701 Y122.0903 Z1.1392 E0.02134 F1080
G1 X116.5740 Y122.0333 Z1.1377 E0.02134 F1080
G1 X116.1843 Y121.9424 Z1.1363 E0.02134 F1080
G1 X115.8039 Y121.8181 Z1.1348 E0.02134 F1080
G1 X115.4356 Y121.6616 Z1.1334 E0.02134 F1080
G1 X115.0821 Y121.4739 Z1.1319 E0.02134 F1080
G1 X114.7461 Y121.2565 Z1.1305 E0.02134 F1080
G1 X114.4300 Y121.0111 Z1.1290 E0.02134 F1080
G1 X114.1361 Y120.7395 Z1.1276 E0.02134 F1080
G1 X113.8666 Y120.4437 Z1.1262 E0.02134 F1080
G1 X113.6233 Y120.1260 Z1.1247 E0.02134 F1080
G1 X113.4080 Y119.7886 Z1.1233 E0.02134 F1080
G1 X113.2223 Y119.4341 Z1.1219 E0.02134 F1080
G1 X113.0675 Y119.0651 Z1.1204 E0.02134 F1080
G1 X112.9446 Y118.6842 Z1.1190 E0.02134 F1080
G1 X112.8545 Y118.2943 Z1.1176 E0.02134 F1080
G1 X112.7979 Y117.8982 Z1.1161 E0.02134 F1080
G1 X112.7750 Y117.4986 Z1.1147 E0.02134 F1080
G1 X112.7860 Y117.0986 Z1.1133 E0.02134 F1080
G1 X112.8307 Y116.7009 Z1.1119 E0.02134 F1080
G1 X112.9089 Y116.3085 Z1.1104 E0.02134 F1080
G1 X113.0199 Y115.9240 Z1.1090 E0.02134 F1080
G1 X113.1629 Y115.5502 Z1.1076 E0.02134 F1080
G1 X113.3367 Y115.1898 Z1.1062 E0.02134 F1080
G1 X113.5403 Y114.8452 Z1.1048 E0.02134 F1080
G1 X113.7720 Y114.5190 Z1.1034 E0.02134 F1080
G1 X114.0303 Y114.2133 Z1.1020 E0.02134 F1080
G1 X114.3132 Y113.9302 Z1.1005 E0.02134 F1080
G1 X114.6187 Y113.6718 Z1.0991 E0.02134 F1080
G1 X114.9448 Y113.4398 Z1.0977 E0.02134 F1080
G1 X115.2891 Y113.2358 Z1.0963 E0.02134 F1080
G1 X115.6491 Y113.0612 Z1.0949 E0.02134 F1080
G1 X116.0225 Y112.9171 Z1.0935 E0.02134 F1080
G1 X116.4065 Y112.8045 Z1.0921 E0.02134 F1080
G1 X116.7985 Y112.7242 Z1.0907 E0.02134 F1080
G1 X117.1959 Y112.6766 Z1.0893 E0.02134 F1080
G1 X117.5958 Y112.6620 Z1.0879 E0.02134 F1080
G1 X117.9955 Y112.6806 Z1.0865 E0.02134 F1080
G1 X118.3924 Y112.7320 Z1.0852 E0.02134 F1080
G1 X118.7836 Y112.8160 Z1.0838 E0.02134 F1080
G1 X119.1666 Y112.9320 Z1.0824 E0.02134 F1080
G1 X119.5388 Y113.0790 Z1.0810 E0.02134 F1080
G1 X119.8977 Y113.2561 Z1.0796 E0.02134 F1080
G1 X120.2408 Y113.4621 Z1.0782 E0.02134 F1080
G1 X120.5658 Y113.6955 Z1.0768 E0.02134 F1080
G1 X120.8707 Y113.9547 Z1.0755 E0.02134 F1080
G1 X121.1534 Y114.2379 Z1.0741 E0.02134 F1080
G1 X121.4120 Y114.5433 Z1.0727 E0.02134 F1080
G1 X121.6448 Y114.8688 Z1.0713 E0.02134 F1080
G1 X121.8504 Y115.2121 Z1.0699 E0.02134 F1080
G1 X122.0273 Y115.5710 Z1.0686 E0.02134 F1080
G1 X122.1745 Y115.9431 Z1.0672 E0.02134 F1080
G1 X122.2910 Y116.3260 Z1.0658 E0.02134 F1080
G1 X122.3761 Y116.7170 Z1.0645 E0.02134 F1080
G1 X122.4293 Y117.1136 Z1.0631 E0.02134 F1080
G1 X122.4502 Y117.5132 Z1.0617 E0.02134 F1080
G1 X122.4387 Y117.9132 Z1.0604 E0.02134 F1080
G1 X122.3950 Y118.3110 Z1.0590 E0.02134 F1080
G1 X122.3194 Y118.7040 Z1.0576 E0.02134 F1080
G1 X122.2124 Y119.0896 Z1.0563 E0.02134 F1080
G1 X122.0748 Y119.4653 Z1.0549 E0.02134 F1080
G1 X121.9074 Y119.8288 Z1.0536 E0.02134 F1080
G1 X121.7114 Y120.1777 Z1.0522 E0.02134 F1080
G1 X121.4881 Y120.5097 Z1.0509 E0.02134 F1080
G1 X121.2389 Y120.8228 Z1.0495 E0.02134 F1080
G1 X120.9655 Y121.1150 Z1.0482 E0.02134 F1080
G1 X120.6696 Y121.3844 Z1.0468 E0.02134 F1080
G1 X120.3532 Y121.6294 Z1.0455 E0.02134 F1080
G1 X120.0182 Y121.8484 Z1.0441 E0.02134 F1080
G1 X119.6669 Y122.0400 Z1.0428 E0.02134 F1080
G1 X119.3015 Y122.2031 Z1.0414 E0.02134 F1080
G1 X118.9243 Y122.3366 Z1.0401 E0.02134 F1080
G1 X118.5377 Y122.4399 Z1.0388 E0.02134 F1080
G1 X118.1441 Y122.5121 Z1.0374 E0.02134 F1080
G1 X117.7460 Y122.5530 Z1.0361 E0.02134 F1080
G1 X117.3460 Y122.5623 Z1.0348 E0.02134 F1080
G1 X116.9465 Y122.5400 Z1.0334 E0.02134 F1080
G1 X116.5499 Y122.4863 Z1.0321 E0.02134 F1080
G1 X116.1589 Y122.4015 Z1.0308 E0.02134 F1080
G1 X115.7757 Y122.2861 Z1.0294 E0.02134 F1080
G1 X115.4028 Y122.1410 Z1.0281 E0.02134 F1080
G1 X115.0424 Y121.9671 Z1.0268 E0.02134 F1080
G1 X114.6967 Y121.7654 Z1.0255 E0.02134 F1080
G1 X114.3680 Y121.5373 Z1.0241 E0.02134 F1080
G1 X114.0581 Y121.2842 Z1.0228 E0.02134 F1080
G1 X113.7689 Y121.0076 Z1.0215 E0.02134 F1080
G1 X113.5022 Y120.7092 Z1.0202 E0.02134 F1080
G1 X113.2596 Y120.3910 Z1.0189 E0.02134 F1080
G1 X113.0425 Y120.0549 Z1.0176 E0.02134 F1080
G1 X112.8523 Y119.7028 Z1.0162 E0.02134 F1080
G1 X112.6900 Y119.3371 Z1.0149 E0.02134 F1080
G1 X112.5566 Y118.9598 Z1.0136 E0.02134 F1080
G1 X112.4529 Y118.5733 Z1.0123 E0.02134 F1080
G1 X112.3794 Y118.1800 Z1.0110 E0.02134 F1080
G1 X112.3366 Y117.7821 Z1.0097 E0.02134 F1080
G1 X112.3247 Y117.3821 Z1.0084 E0.02134 F1080
G1 X112.3437 Y116.9824 Z1.0071 E0.02134 F1080
G1 X112.3936 Y116.5854 Z1.0058 E0.02134 F1080
G1 X112.4738 Y116.1934 Z1.0045 E0.02134 F1080
G1 X112.5841 Y115.8087 Z1.0032 E0.02134 F1080
G1 X112.7236 Y115.4337 Z1.0019 E0.02134 F1080
G1 X112.8915 Y115.0704 Z1.0006 E0.02134 F1080
G1 X113.0867 Y114.7212 Z0.9993 E0.02134 F1080
G1 X113.3082 Y114.3879 Z0.9980 E0.02134 F1080
G1 X113.5546 Y114.0726 Z0.9967 E0.02134 F1080
G1 X113.8244 Y113.7770 Z0.9955 E0.02134 F1080
G1 X114.1159 Y113.5030 Z0.9942 E0.02134 F1080
G1 X114.4276 Y113.2520 Z0.9929 E0.02134 F1080
G1 X114.7574 Y113.0255 Z0.9916 E0.02134 F1080
G1 X115.1036 Y112.8248 Z0.9903 E0.02134 F1080
G1 X115.4641 Y112.6510 Z0.9890 E0.02134 F1080
G1 X115.8367 Y112.5052 Z0.9878 E0.02134 F1080
G1 X116.2193 Y112.3881 Z0.9865 E0.02134 F1080
G1 X116.6097 Y112.3003 Z0.9852 E0.02134 F1080
G1 X117.0057 Y112.2424 Z0.9839 E0.02134 F1080
G1 X117.4048 Y112.2146 Z0.9827 E0.02134 F1080
G1 X117.8050 Y112.2172 Z0.9814 E0.02134 F1080
G1 X118.2038 Y112.2499 Z0.9801 E0.02134 F1080
G1 X118.5990 Y112.3127 Z0.9788 E0.02134 F1080
G1 X118.9883 Y112.4051 Z0.9776 E0.02134 F1080
G1 X119.3696 Y112.5265 Z0.9763 E0.02134 F1080
G1 X119.7406 Y112.6763 Z0.9750 E0.02134 F1080
G1 X120.0993 Y112.8536 Z0.9738 E0.02134 F1080
G1 X120.4437 Y113.0574 Z0.9725 E0.02134 F1080
G1 X120.7719 Y113.2864 Z0.9713 E0.02134 F1080
G1 X121.0819 Y113.5393 Z0.9700 E0.02134 F1080
G1 X121.3722 Y113.8148 Z0.9687 E0.02134 F1080
G1 X121.6410 Y114.1112 Z0.9675 E0.02134 F1080
G1 X121.8869 Y114.4268 Z0.9662 E0.02134 F1080
G1 X122.1086 Y114.7600 Z0.9650 E0.02134 F1080
G1 X122.3048 Y115.1087 Z0.9637 E0.02134 F1080
G1 X122.4744 Y115.4711 Z0.9625 E0.02134 F1080
G1 X122.6166 Y115.8451 Z0.9612 E0.02134 F1080
G1 X122.7306 Y116.2287 Z0.9600 E0.02134 F1080
G1 X122.8158 Y116.6196 Z0.9587 E0.02134 F1080
G1 X122.8718 Y117.0158 Z0.9575 E0.02134 F1080
G1 X122.8982 Y117.4151 Z0.9563 E0.02134 F1080
G1 X122.8950 Y117.8152 Z0.9550 E0.02134 F1080
G1 X122.8621 Y118.2140 Z0.9538 E0.02134 F1080
G1 X122.7999 Y118.6093 Z0.9525 E0.02134 F1080
G1 X122.7087 Y118.9989 Z0.9513 E0.02134 F1080
G1 X122.5889 Y119.3807 Z0.9501 E0.02134 F1080
G1 X122.4414 Y119.7526 Z0.9488 E0.02134 F1080
G1 X122.2668 Y120.1127 Z0.9476 E0.02134 F1080
G1 X122.0663 Y120.4590 Z0.9464 E0.02134 F1080
G1 X121.8408 Y120.7895 Z0.9452 E0.02134 F1080
G1 X121.5917 Y121.1026 Z0.9439 E0.02134 F1080
G1 X121.3203 Y121.3967 Z0.9427 E0.02134 F1080
G1 X121.0280 Y121.6700 Z0.9415 E0.02134 F1080
G1 X120.7166 Y121.9212 Z0.9403 E0.02134 F1080
G1 X120.3876 Y122.1489 Z0.9390 E0.02134 F1080
G1 X120.0428 Y122.3520 Z0.9378 E0.02134 F1080
G1 X119.6841 Y122.5294 Z0.9366 E0.02134 F1080
G1 X119.3135 Y122.6801 Z0.9354 E0.02134 F1080
G1 X118.9328 Y122.8035 Z0.9342 E0.02134 F1080
G1 X118.5442 Y122.8988 Z0.9329 E0.02134 F1080
G1 X118.1497 Y122.9655 Z0.9317 E0.02134 F1080
G1 X117.7513 Y123.0035 Z0.9305 E0.02134 F1080
G1 X117.3513 Y123.0124 Z0.9293 E0.02134 F1080
G1 X116.9517 Y122.9923 Z0.9281 E0.02134 F1080
G1 X116.5546 Y122.9433 Z0.9269 E0.02134 F1080
G1 X116.1620 Y122.8657 Z0.9257 E0.02134 F1080
G1 X115.7761 Y122.7599 Z0.9245 E0.02134 F1080
G1 X115.3989 Y122.6265 Z0.9233 E0.02134 F1080
G1 X115.0323 Y122.4662 Z0.9221 E0.02134 F1080
G1 X114.6782 Y122.2799 Z0.9209 E0.02134 F1080
G1 X114.3384 Y122.0686 Z0.9197 E0.02134 F1080
G1 X114.0147 Y121.8333 Z0.9185 E0.02134 F1080
G1 X113.7088 Y121.5754 Z0.9173 E0.02134 F1080
G1 X113.4222 Y121.2962 Z0.9161 E0.02134 F1080
G1 X113.1564 Y120.9971 Z0.9149 E0.02134 F1080
G1 X112.9127 Y120.6797 Z0.9137 E0.02134 F1080
G1 X112.6924 Y120.3457 Z0.9125 E0.02134 F1080
G1 X112.4965 Y119.9968 Z0.9114 E0.02134 F1080
G1 X112.3261 Y119.6348 Z0.9102 E0.02134 F1080
G1 X112.1820 Y119.2615 Z0.9090 E0.02134 F1080
G1 X112.0650 Y118.8789 Z0.9078 E0.02134 F1080
G1 X111.9755 Y118.4889 Z0.9066 E0.02134 F1080
G1 X111.9140 Y118.0935 Z0.9054 E0.02134 F1080
G1 X111.8809 Y117.6947 Z0.9043 E0.02134 F1080
G1 X111.8761 Y117.2946 Z0.9031 E0.02134 F1080
G1 X111.8999 Y116.8952 Z0.9019 E0.02134 F1080
G1 X111.9519 Y116.4985 Z0.9007 E0.02134 F1080
G1 X112.0319 Y116.1064 Z0.8996 E0.02134 F1080
G1 X112.1395 Y115.7210 Z0.8984 E0.02133 F1080
G1 X112.2742 Y115.3442 Z0.8972 E0.02133 F1080
G1 X112.4351 Y114.9779 Z0.8960 E0.02133 F1080
G1 X112.6216 Y114.6239 Z0.8949 E0.02133 F1080
G1 X112.8325 Y114.2839 Z0.8937 E0.02133 F1080
G1 X113.0670 Y113.9596 Z0.8925 E0.02133 F1080
G1 X113.3237 Y113.6527 Z0.8914 E0.02133 F1080
G1 X113.6014 Y113.3646 Z0.8902 E0.02133 F1080
G1 X113.8986 Y113.0968 Z0.8891 E0.02133 F1080
G1 X114.2140 Y112.8505 Z0.8879 E0.02133 F1080
G1 X114.5459 Y112.6270 Z0.8867 E0.02133 F1080
G1 X114.8926 Y112.4274 Z0.8856 E0.02133 F1080
G1 X115.2525 Y112.2525 Z0.8844 E0.02133 F1080
G1 X115.6238 Y112.1033 Z0.8833 E0.02133 F1080
G1 X116.0046 Y111.9804 Z0.8821 E0.02133 F1080
G1 X116.3930 Y111.8845 Z0.8810 E0.02133 F1080
G1 X116.7873 Y111.8159 Z0.8798 E0.02133 F1080
G1 X117.1853 Y111.7751 Z0.8787 E0.02133 F1080
G1 X117.5852 Y111.7621 Z0.8775 E0.02133 F1080
G1 X117.9850 Y111.7770 Z0.8764 E0.02133 F1080
G1 X118.3829 Y111.8197 Z0.8752 E0.02133 F1080
G1 X118.7768 Y111.8899 Z0.8741 E0.02133 F1080
G1 X119.1649 Y111.9874 Z0.8730 E0.02133 F1080
G1 X119.5452 Y112.1116 Z0.8718 E0.02133 F1080
G1 X119.9160 Y112.2619 Z0.8707 E0.02133 F1080
G1 X120.2756 Y112.4375 Z0.8696 E0.02133 F1080
G1 X120.6220 Y112.6376 Z0.8684 E0.02133 F1080
G1 X120.9539 Y112.8613 Z0.8673 E0.02133 F1080
G1 X121.2694 Y113.1073 Z0.8662 E0.02133 F1080
G1 X121.5672 Y113.3745 Z0.8650 E0.02133 F1080
G1 X121.8458 Y113.6617 Z0.8639 E0.02133 F1080
G1 X122.1040 Y113.9674 Z0.8628 E0.02133 F1080
G1 X122.3405 Y114.2901 Z0.8616 E0.02133 F1080
G1 X122.5542 Y114.6284 Z0.8605 E0.02133 F1080
G1 X122.7441 Y114.9806 Z0.8594 E0.02133 F1080
G1 X122.9094 Y115.3450 Z0.8583 E0.02133 F1080
G1 X123.0492 Y115.7198 Z0.8572 E0.02133 F1080
G1 X123.1630 Y116.1034 Z0.8560 E0.02133 F1080
G1 X123.2502 Y116.4939 Z0.8549 E0.02133 F1080
G1 X123.3105 Y116.8895 Z0.8538 E0.02133 F1080
G1 X123.3436 Y117.2882 Z0.8527 E0.02133 F1080
G1 X123.3493 Y117.6883 Z0.8516 E0.02133 F1080
G1 X123.3276 Y118.0879 Z0.8505 E0.02133 F1080
G1 X123.2787 Y118.4850 Z0.8493 E0.02133 F1080
G1 X123.2029 Y118.8778 Z0.8482 E0.02133 F1080
G1 X123.1004 Y119.2646 Z0.8471 E0.02133 F1080
G1 X122.9719 Y119.6435 Z0.8460 E0.02133 F1080
G1 X122.8178 Y120.0128 Z0.8449 E0.02133 F1080
G1 X122.6390 Y120.3707 Z0.8438 E0.02133 F1080
G1 X122.4363 Y120.7157 Z0.8427 E0.02133 F1080
G1 X122.2107 Y121.0461 Z0.8416 E0.02133 F1080
G1 X121.9631 Y121.3605 Z0.8405 E0.02133 F1080
G1 X121.6948 Y121.6573 Z0.8394 E0.02133 F1080
G1 X121.4071 Y121.9353 Z0.8383 E0.02133 F1080
G1 X121.1012 Y122.1932 Z0.8372 E0.02133 F1080
G1 X120.7785 Y122.4298 Z0.8361 E0.02133 F1080
G1 X120.4406 Y122.6441 Z0.8350 E0.02133 F1080
G1 X120.0890 Y122.8351 Z0.8339 E0.02133 F1080
G1 X119.7253 Y123.0020 Z0.8329 E0.02133 F1080
G1 X119.3513 Y123.1439 Z0.8318 E0.02133 F1080
G1 X118.9685 Y123.2604 Z0.8307 E0.02133 F1080
G1 X118.5787 Y123.3508 Z0.8296 E0.02133 F1080
G1 X118.1838 Y123.4149 Z0.8285 E0.02133 F1080
G1 X117.7854 Y123.4522 Z0.8274 E0.02133 F1080
G1 X117.3854 Y123.4628 Z0.8263 E0.02133 F1080
G1 X116.9856 Y123.4465 Z0.8253 E0.02133 F1080
G1 X116.5878 Y123.4034 Z0.8242 E0.02133 F1080
G1 X116.1938 Y123.3338 Z0.8231 E0.02133 F1080
G1 X115.8053 Y123.2380 Z0.8220 E0.02133 F1080
G1 X115.4241 Y123.1165 Z0.8210 E0.02133 F1080
G1 X115.0519 Y122.9698 Z0.8199 E0.02133 F1080
G1 X114.6903 Y122.7985 Z0.8188 E0.02133 F1080
G1 X114.3409 Y122.6036 Z0.8177 E0.02133 F1080
G1 X114.0053 Y122.3857 Z0.8167 E0.02133 F1080
G1 X113.6849 Y122.1461 Z0.8156 E0.02133 F1080
G1 X113.3812 Y121.8856 Z0.8145 E0.02133 F1080
G1 X113.0954 Y121.6055 Z0.8135 E0.02133 F1080
G1 X112.8289 Y121.3071 Z0.8124 E0.02133 F1080
G1 X112.5828 Y120.9916 Z0.8114 E0.02133 F1080
G1 X112.3581 Y120.6605 Z0.8103 E0.02133 F1080
G1 X112.1559 Y120.3153 Z0.8092 E0.02133 F1080
G1 X111.9770 Y119.9574 Z0.8082 E0.02133 F1080
G1 X111.8222 Y119.5885 Z0.8071 E0.02133 F1080
G1 X111.6920 Y119.2101 Z0.8061 E0.02133 F1080
G1 X111.5872 Y118.8240 Z0.8050 E0.02133 F1080
G1 X111.5081 Y118.4318 Z0.8040 E0.02133 F1080
G1 X111.4550 Y118.0352 Z0.8029 E0.02133 F1080
G1 X111.4281 Y117.6360 Z0.8019 E0.02133 F1080
G1 X111.4276 Y117.2359 Z0.8008 E0.02133 F1080
G1 X111.4535 Y116.8366 Z0.7998 E0.02133 F1080
G1 X111.5055 Y116.4399 Z0.7987 E0.02133 F1080
G1 X111.5835 Y116.0474 Z0.7977 E0.02133 F1080
G1 X111.6870 Y115.6610 Z0.7966 E0.02133 F1080
G1 X111.8157 Y115.2821 Z0.7956 E0.02133 F1080
G1 X111.9690 Y114.9125 Z0.7945 E0.02133 F1080
G1 X112.1461 Y114.5537 Z0.7935 E0.02133 F1080
G1 X112.3463 Y114.2073 Z0.7925 E0.02133 F1080
G1 X112.5688 Y113.8748 Z0.7914 E0.02133 F1080
G1 X112.8125 Y113.5574 Z0.7904 E0.02133 F1080
G1 X113.0764 Y113.2567 Z0.7894 E0.02133 F1080
G1 X113.3593 Y112.9738 Z0.7883 E0.02133 F1080
G1 X113.6601 Y112.7100 Z0.7873 E0.02133 F1080
G1 X113.9775 Y112.4663 Z0.7863 E0.02133 F1080
G1 X114.3100 Y112.2438 Z0.7852 E0.02133 F1080
G1 X114.6563 Y112.0434 Z0.7842 E0.02133 F1080
G1 X115.0149 Y111.8660 Z0.7832 E0.02133 F1080
G1 X115.3843 Y111.7122 Z0.7822 E0.02133 F1080
G1 X115.7629 Y111.5827 Z0.7811 E0.02133 F1080
G1 X116.1490 Y111.4780 Z0.7801 E0.02133 F1080
G1 X116.5412 Y111.3985 Z0.7791 E0.02133 F1080
G1 X116.9376 Y111.3447 Z0.7781 E0.02133 F1080
G1 X117.3368 Y111.3165 Z0.7771 E0.02133 F1080
G1 X117.7369 Y111.3143 Z0.7760 E0.02133 F1080
G1 X118.1363 Y111.3379 Z0.7750 E0.02133 F1080
G1 X118.5333 Y111.3872 Z0.7740 E0.02133 F1080
G1 X118.9264 Y111.4621 Z0.7730 E0.02133 F1080
G1 X119.3138 Y111.5621 Z0.7720 E0.02133 F1080
G1 X119.6939 Y111.6869 Z0.7710 E0.02133 F1080
G1 X120.0653 Y111.8359 Z0.7700 E0.02133 F1080
G1 X120.4262 Y112.0084 Z0.7690 E0.02133 F1080
G1 X120.7754 Y112.2038 Z0.7680 E0.02133 F1080
G1 X121.1113 Y112.4212 Z0.7670 E0.02133 F1080
G1 X121.4325 Y112.6598 Z0.7660 E0.02133 F1080
G1 X121.7378 Y112.9184 Z0.7650 E0.02133 F1080
G1 X122.0258 Y113.1961 Z0.7640 E0.02133 F1080
G1 X122.2955 Y113.4916 Z0.7630 E0.02133 F1080
G1 X122.5458 Y113.8038 Z0.7620 E0.02133 F1080
G1 X122.7755 Y114.1314 Z0.7610 E0.02133 F1080
G1 X122.9839 Y114.4729 Z0.7600 E0.02133 F1080
G1 X123.1700 Y114.8271 Z0.7590 E0.02133 F1080
G1 X123.3332 Y115.1924 Z0.7580 E0.02133 F1080
G1 X123.4727 Y115.5674 Z0.7570 E0.02133 F1080
G1 X123.5881 Y115.9505 Z0.7560 E0.02133 F1080
G1 X123.6788 Y116.3402 Z0.7550 E0.02133 F1080
G1 X123.7446 Y116.7349 Z0.7540 E0.02133 F1080
G1 X123.7851 Y117.1329 Z0.7530 E0.02133 F1080
G1 X123.8003 Y117.5327 Z0.7521 E0.02133 F1080
G1 X123.7901 Y117.9327 Z0.7511 E0.02133 F1080
G1 X123.7545 Y118.3312 Z0.7501 E0.02133 F1080
G1 X123.6937 Y118.7267 Z0.7491 E0.02133 F1080
G1 X123.6080 Y119.1175 Z0.7481 E0.02133 F1080
G1 X123.4977 Y119.5021 Z0.7472 E0.02133 F1080
G1 X123.3634 Y119.8790 Z0.7462 E0.02133 F1080
G1 X123.2054 Y120.2466 Z0.7452 E0.02133 F1080
G1 X123.0246 Y120.6035 Z0.7442 E0.02133 F1080
G1 X122.8216 Y120.9483 Z0.7433 E0.02133 F1080
G1 X122.5973 Y121.2796 Z0.7423 E0.02133 F1080
G1 X122.3525 Y121.5961 Z0.7413 E0.02133 F1080
G1 X122.0883 Y121.8965 Z0.7404 E0.02133 F1080
G1 X121.8057 Y122.1798 Z0.7394 E0.02133 F1080
G1 X121.5059 Y122.4447 Z0.7384 E0.02133 F1080
G1 X121.1900 Y122.6902 Z0.7375 E0.02133 F1080
G1 X120.8593 Y122.9154 Z0.7365 E0.02133 F1080
G1 X120.5151 Y123.1194 Z0.7355 E0.02133 F1080
G1 X120.1588 Y123.3015 Z0.7346 E0.02133 F1080
G1 X119.7918 Y123.4608 Z0.7336 E0.02133 F1080
G1 X119.4156 Y123.5969 Z0.7327 E0.02133 F1080
G1 X119.0315 Y123.7091 Z0.7317 E0.02133 F1080
G1 X118.6412 Y123.7971 Z0.7307 E0.02133 F1080
G1 X118.2462 Y123.8605 Z0.7298 E0.02133 F1080
G1 X117.8480 Y123.8992 Z0.7288 E0.02133 F1080
G1 X117.4481 Y123.9129 Z0.7279 E0.02133 F1080
G1 X117.0482 Y123.9016 Z0.7269 E0.02133 F1080
G1 X116.6497 Y123.8655 Z0.7260 E0.02133 F1080
G1 X116.2543 Y123.8046 Z0.7250 E0.02133 F1080
G1 X115.8634 Y123.7192 Z0.7241 E0.02133 F1080
G1 X115.4786 Y123.6097 Z0.7231 E0.02133 F1080
G1 X115.1013 Y123.4764 Z0.7222 E0.02133 F1080
G1 X114.7330 Y123.3200 Z0.7213 E0.02133 F1080
G1 X114.3752 Y123.1411 Z0.7203 E0.02133 F1080
G1 X114.0291 Y122.9403 Z0.7194 E0.02133 F1080
G1 X113.6962 Y122.7184 Z0.7184 E0.02133 F1080
G1 X113.3776 Y122.4763 Z0.7175 E0.02133 F1080
G1 X113.0746 Y122.2150 Z0.7166 E0.02133 F1080
G1 X112.7884 Y121.9355 Z0.7156 E0.02133 F1080
G1 X112.5200 Y121.6388 Z0.7147 E0.02133 F1080
G1 X112.2704 Y121.3261 Z0.7138 E0.02133 F1080
G1 X112.0406 Y120.9985 Z0.7128 E0.02133 F1080
G1 X111.8315 Y120.6575 Z0.7119 E0.02133 F1080
G1 X111.6437 Y120.3041 Z0.7110 E0.02133 F1080
G1 X111.4781 Y119.9399 Z0.7100 E0.02133 F1080
G1 X111.3352 Y119.5662 Z0.7091 E0.02133 F1080
G1 X111.2156 Y119.1844 Z0.7082 E0.02133 F1080
G1 X111.1196 Y118.7960 Z0.7073 E0.02133 F1080
G1 X111.0478 Y118.4024 Z0.7064 E0.02133 F1080
G1 X111.0002 Y118.0052 Z0.7054 E0.02133 F1080
G1 X110.9770 Y117.6057 Z0.7045 E0.02133 F1080
G1 X110.9784 Y117.2056 Z0.7036 E0.02133 F1080
G1 X111.0043 Y116.8064 Z0.7027 E0.02133 F1080
G1 X111.0546 Y116.4095 Z0.7018 E0.02133 F1080
G1 X111.1291 Y116.0164 Z0.7008 E0.02133 F1080
G1 X111.2275 Y115.6286 Z0.6999 E0.02133 F1080
G1 X111.3493 Y115.2475 Z0.6990 E0.02133 F1080
G1 X111.4943 Y114.8746 Z0.6981 E0.02133 F1080
G1 X111.6617 Y114.5112 Z0.6972 E0.02133 F1080
G1 X111.8509 Y114.1587 Z0.6963 E0.02133 F1080
G1 X112.0613 Y113.8184 Z0.6954 E0.02133 F1080
G1 X112.2921 Y113.4915 Z0.6945 E0.02133 F1080
G1 X112.5422 Y113.1793 Z0.6936 E0.02133 F1080
G1 X112.8109 Y112.8828 Z0.6927 E0.02133 F1080
G1 X113.0972 Y112.6033 Z0.6918 E0.02133 F1080
G1 X113.3998 Y112.3416 Z0.6909 E0.02133 F1080
G1 X113.7178 Y112.0988 Z0.6900 E0.02133 F1080
G1 X114.0500 Y111.8758 Z0.6891 E0.02133 F1080
G1 X114.3950 Y111.6732 Z0.6882 E0.02133 F1080
G1 X114.7517 Y111.4920 Z0.6873 E0.02133 F1080
G1 X115.1187 Y111.3326 Z0.6864 E0.02133 F1080
G1 X115.4947 Y111.1958 Z0.6855 E0.02133 F1080
G1 X115.8782 Y111.0820 Z0.6846 E0.02133 F1080
G1 X116.2680 Y110.9915 Z0.6837 E0.02133 F1080
G1 X116.6624 Y110.9247 Z0.6828 E0.02133 F1080
G1 X117.0602 Y110.8818 Z0.6819 E0.02133 F1080
G1 X117.4599 Y110.8631 Z0.6811 E0.02133 F1080
G1 X117.8599 Y110.8684 Z0.6802 E0.02133 F1080
G1 X118.2590 Y110.8978 Z0.6793 E0.02133 F1080
G1 X118.6555 Y110.9511 Z0.6784 E0.02133 F1080
G1 X119.0481 Y111.0283 Z0.6775 E0.02133 F1080
G1 X119.4353 Y111.1288 Z0.6766 E0.02133 F1080
G1 X119.8158 Y111.2525 Z0.6758 E0.02133 F1080
G1 X120.1882 Y111.3987 Z0.6749 E0.02133 F1080
G1 X120.5512 Y111.5671 Z0.6740 E0.02133 F1080
G1 X120.9034 Y111.7569 Z0.6731 E0.02133 F1080
G1 X121.2436 Y111.9674 Z0.6723 E0.02133 F1080
G1 X121.5706 Y112.1980 Z0.6714 E0.02133 F1080
G1 X121.8832 Y112.4477 Z0.6705 E0.02133 F1080
G1 X122.1803 Y112.7156 Z0.6696 E0.02133 F1080
G1 X122.4609 Y113.0008 Z0.6688 E0.02133 F1080
G1 X122.7239 Y113.3023 Z0.6679 E0.02133 F1080
G1 X122.9685 Y113.6189 Z0.6670 E0.02133 F1080
G1 X123.1938 Y113.9495 Z0.6662 E0.02133 F1080
G1 X123.3990 Y114.2930 Z0.6653 E0.02133 F1080
G1 X123.5833 Y114.6481 Z0.6645 E0.02133 F1080
G1 X123.7462 Y115.0136 Z0.6636 E0.02133 F1080
G1 X123.8870 Y115.3880 Z0.6627 E0.02133 F1080
G1 X124.0053 Y115.7702 Z0.6619 E0.02133 F1080
G1 X124.1008 Y116.1588 Z0.6610 E0.02133 F1080
G1 X124.1729 Y116.5523 Z0.6602 E0.02133 F1080
G1 X124.2216 Y116.9494 Z0.6593 E0.02133 F1080
G1 X124.2467 Y117.3487 Z0.6584 E0.02133 F1080
G1 X124.2481 Y117.7488 Z0.6576 E0.02133 F1080
G1 X124.2257 Y118.1483 Z0.6567 E0.02133 F1080
G1 X124.1798 Y118.5457 Z0.6559 E0.02133 F1080
G1 X124.1104 Y118.9397 Z0.6550 E0.02133 F1080
G1 X124.0178 Y119.3290 Z0.6542 E0.02133 F1080
G1 X123.9025 Y119.7121 Z0.6534 E0.02133 F1080
G1 X123.7647 Y120.0877 Z0.6525 E0.02133 F1080
G1 X123.6049 Y120.4545 Z0.6517 E0.02133 F1080
G1 X123.4239 Y120.8113 Z0.6508 E0.02133 F1080
G1 X123.2221 Y121.1568 Z0.6500 E0.02133 F1080
G1 X123.0003 Y121.4897 Z0.6491 E0.02133 F1080
G1 X122.7593 Y121.8091 Z0.6483 E0.02133 F1080
G1 X122.4999 Y122.1137 Z0.6475 E0.02133 F1080
G1 X122.2231 Y122.4026 Z0.6466 E0.02133 F1080
G1 X121.9298 Y122.6747 Z0.6458 E0.02133 F1080
G1 X121.6210 Y122.9291 Z0.6450 E0.02133 F1080
G1 X121.2978 Y123.1649 Z0.6441 E0.02133 F1080
G1 X120.9614 Y123.3814 Z0.6433 E0.02133 F1080
G1 X120.6128 Y123.5778 Z0.6425 E0.02133 F1080
G1 X120.2533 Y123.7535 Z0.6416 E0.02133 F1080
G1 X119.8842 Y123.9078 Z0.6408 E0.02133 F1080
G1 X119.5067 Y124.0403 Z0.6400 E0.02133 F1080
G1 X119.1221 Y124.1504 Z0.6391 E0.02133 F1080
G1 X118.7317 Y124.2379 Z0.6383 E0.02133 F1080
G1 X118.3368 Y124.3025 Z0.6375 E0.02133 F1080
G1 X117.9389 Y124.3439 Z0.6367 E0.02133 F1080
G1 X117.5392 Y124.3620 Z0.6359 E0.02133 F1080
G1 X117.1391 Y124.3568 Z0.6350 E0.02133 F1080
G1 X116.7401 Y124.3283 Z0.6342 E0.02133 F1080
G1 X116.3433 Y124.2766 Z0.6334 E0.02133 F1080
G1 X115.9503 Y124.2019 Z0.6326 E0.02133 F1080
G1 X115.5622 Y124.1045 Z0.6318 E0.02133 F1080
G1 X115.1805 Y123.9848 Z0.6310 E0.02133 F1080
G1 X114.8064 Y123.8430 Z0.6301 E0.02133 F1080
G1 X114.4411 Y123.6798 Z0.6293 E0.02133 F1080
G1 X114.0859 Y123.4957 Z0.6285 E0.02133 F1080
G1 X113.7420 Y123.2912 Z0.6277 E0.02133 F1080
G1 X113.4105 Y123.0673 Z0.6269 E0.02133 F1080
G1 X113.0925 Y122.8244 Z0.6261 E0.02133 F1080
G1 X112.7891 Y122.5636 Z0.6253 E0.02133 F1080
G1 X112.5013 Y122.2857 Z0.6245 E0.02133 F1080
G1 X112.2300 Y121.9917 Z0.6237 E0.02133 F1080
G1 X111.9762 Y121.6824 Z0.6229 E0.02133 F1080
G1 X111.7406 Y121.3590 Z0.6221 E0.02133 F1080
G1 X111.5241 Y121.0226 Z0.6213 E0.02133 F1080
G1 X111.3273 Y120.6742 Z0.6205 E0.02133 F1080
G1 X111.1510 Y120.3151 Z0.6197 E0.02133 F1080
G1 X110.9956 Y119.9464 Z0.6189 E0.02133 F1080
G1 X110.8617 Y119.5694 Z0.6181 E0.02133 F1080
G1 X110.7497 Y119.1853 Z0.6173 E0.02133 F1080
G1 X110.6600 Y118.7954 Z0.6165 E0.02133 F1080
G1 X110.5928 Y118.4010 Z0.6157 E0.02133 F1080
G1 X110.5484 Y118.0034 Z0.6149 E0.02133 F1080
G1 X110.5268 Y117.6039 Z0.6141 E0.02133 F1080
G1 X110.5282 Y117.2038 Z0.6134 E0.02133 F1080
G1 X110.5526 Y116.8045 Z0.6126 E0.02133 F1080
G1 X110.5998 Y116.4072 Z0.6118 E0.02133 F1080
G1 X110.6696 Y116.0132 Z0.6110 E0.02133 F1080
G1 X110.7618 Y115.6239 Z0.6102 E0.02133 F1080
G1 X110.8762 Y115.2406 Z0.6094 E0.02133 F1080
G1 X111.0123 Y114.8643 Z0.6087 E0.02133 F1080
G1 X111.1697 Y114.4965 Z0.6079 E0.02133 F1080
G1 X111.3478 Y114.1382 Z0.6071 E0.02133 F1080
G1 X111.5460 Y113.7907 Z0.6063 E0.02133 F1080
G1 X111.7637 Y113.4551 Z0.6055 E0.02133 F1080
G1 X112.0002 Y113.1324 Z0.6048 E0.02133 F1080
G1 X112.2547 Y112.8237 Z0.6040 E0.02133 F1080
G1 X112.5264 Y112.5300 Z0.6032 E0.02133 F1080
G1 X112.8143 Y112.2522 Z0.6025 E0.02133 F1080
G1 X113.1176 Y111.9912 Z0.6017 E0.02133 F1080
G1 X113.4351 Y111.7479 Z0.6009 E0.02133 F1080
G1 X113.7660 Y111.5230 Z0.6002 E0.02133 F1080
G1 X114.1092 Y111.3172 Z0.5994 E0.02133 F1080
G1 X114.4634 Y111.1312 Z0.5986 E0.02133 F1080
G1 X114.8276 Y110.9657 Z0.5979 E0.02133 F1080
G1 X115.2006 Y110.8210 Z0.5971 E0.02133 F1080
G1 X115.5812 Y110.6976 Z0.5963 E0.02133 F1080
G1 X115.9682 Y110.5960 Z0.5956 E0.02133 F1080
G1 X116.3603 Y110.5165 Z0.5948 E0.02133 F1080
G1 X116.7562 Y110.4592 Z0.5941 E0.02133 F1080
G1 X117.1548 Y110.4244 Z0.5933 E0.02133 F1080
G1 X117.5547 Y110.4122 Z0.5925 E0.02133 F1080
G1 X117.9546 Y110.4225 Z0.5918 E0.02133 F1080
G1 X118.3534 Y110.4554 Z0.5910 E0.02133 F1080
G1 X118.7496 Y110.5107 Z0.5903 E0.02133 F1080
G1 X119.1421 Y110.5882 Z0.5895 E0.02133 F1080
G1 X119.5296 Y110.6877 Z0.5888 E0.02133 F1080
G1 X119.9109 Y110.8088 Z0.5880 E0.02133 F1080
G1 X120.2848 Y110.9512 Z0.5873 E0.02133 F1080
G1 X120.6501 Y111.1144 Z0.5865 E0.02133 F1080
G1 X121.0056 Y111.2978 Z0.5858 E0.02133 F1080
G1 X121.3503 Y111.5009 Z0.5851 E0.02133 F1080
G1 X121.6831 Y111.7231 Z0.5843 E0.02133 F1080
G1 X122.0028 Y111.9635 Z0.5836 E0.02133 F1080
G1 X122.3086 Y112.2215 Z0.5828 E0.02133 F1080
G1 X122.5995 Y112.4962 Z0.5821 E0.02133 F1080
G1 X122.8745 Y112.7868 Z0.5814 E0.02133 F1080
G1 X123.1329 Y113.0922 Z0.5806 E0.02133 F1080
G1 X123.3737 Y113.4117 Z0.5799 E0.02133 F1080
G1 X123.5963 Y113.7441 Z0.5791 E0.02133 F1080
G1 X123.8001 Y114.0884 Z0.5784 E0.02133 F1080
G1 X123.9842 Y114.4436 Z0.5777 E0.02133 F1080
G1 X124.1483 Y114.8085 Z0.5770 E0.02133 F1080
G1 X124.2918 Y115.1820 Z0.5762 E0.02133 F1080
G1 X124.4142 Y115.5629 Z0.5755 E0.02133 F1080
G1 X124.5152 Y115.9500 Z0.5748 E0.02133 F1080
G1 X124.5945 Y116.3421 Z0.5740 E0.02133 F1080
G1 X124.6519 Y116.7381 Z0.5733 E0.02133 F1080
G1 X124.6872 Y117.1366 Z0.5726 E0.02133 F1080
G1 X124.7003 Y117.5364 Z0.5719 E0.02133 F1080
G1 X124.6911 Y117.9364 Z0.5711 E0.02133 F1080
G1 X124.6598 Y118.3353 Z0.5704 E0.02133 F1080
G1 X124.6063 Y118.7318 Z0.5697 E0.02133 F1080
G1 X124.5310 Y119.1247 Z0.5690 E0.02133 F1080
G1 X124.4340 Y119.5128 Z0.5683 E0.02133 F1080
G1 X124.3156 Y119.8950 Z0.5676 E0.02133 F1080
G1 X124.1763 Y120.2700 Z0.5668 E0.02133 F1080
G1 X124.0165 Y120.6368 Z0.5661 E0.02133 F1080
G1 X123.8366 Y120.9941 Z0.5654 E0.02133 F1080
G1 X123.6372 Y121.3410 Z0.5647 E0.02133 F1080
G1 X123.4190 Y121.6763 Z0.5640 E0.02133 F1080
G1 X123.1825 Y121.9991 Z0.5633 E0.02133 F1080
G1 X122.9287 Y122.3083 Z0.5626 E0.02133 F1080
G1 X122.6582 Y122.6030 Z0.5619 E0.02133 F1080
G1 X122.3718 Y122.8824 Z0.5612 E0.02133 F1080
G1 X122.0705 Y123.1456 Z0.5605 E0.02133 F1080
G1 X121.7551 Y123.3918 Z0.5597 E0.02133 F1080
G1 X121.4267 Y123.6203 Z0.5590 E0.02133 F1080
G1 X121.0862 Y123.8303 Z0.5583 E0.02133 F1080
G1 X120.7347 Y124.0214 Z0.5576 E0.02133 F1080
G1 X120.3732 Y124.1928 Z0.5569 E0.02133 F1080
G1 X120.0028 Y124.3441 Z0.5562 E0.02133 F1080
G1 X119.6247 Y124.4749 Z0.5556 E0.02133 F1080
G1 X119.2400 Y124.5847 Z0.5549 E0.02133 F1080
G1 X118.8499 Y124.6733 Z0.5542 E0.02133 F1080
G1 X118.4554 Y124.7403 Z0.5535 E0.02133 F1080
G1 X118.0580 Y124.7857 Z0.5528 E0.02133 F1080
G1 X117.6586 Y124.8092 Z0.5521 E0.02133 F1080
G1 X117.2585 Y124.8109 Z0.5514 E0.02133 F1080
G1 X116.8589 Y124.7907 Z0.5507 E0.02133 F1080
G1 X116.4611 Y124.7486 Z0.5500 E0.02133 F1080
G1 X116.0661 Y124.6849 Z0.5493 E0.02133 F1080
G1 X115.6752 Y124.5998 Z0.5486 E0.02133 F1080
G1 X115.2895 Y124.4934 Z0.5480 E0.02133 F1080
G1 X114.9102 Y124.3662 Z0.5473 E0.02133 F1080
G1 X114.5384 Y124.2184 Z0.5466 E0.02133 F1080
G1 X114.1752 Y124.0507 Z0.5459 E0.02133 F1080
G1 X113.8217 Y123.8634 Z0.5452 E0.02133 F1080
G1 X113.4788 Y123.6572 Z0.5446 E0.02133 F1080
G1 X113.1477 Y123.4326 Z0.5439 E0.02133 F1080
G1 X112.8293 Y123.1903 Z0.5432 E0.02133 F1080
G1 X112.5246 Y122.9312 Z0.5425 E0.02133 F1080
G1 X112.2343 Y122.6558 Z0.5419 E0.02133 F1080
G1 X111.9595 Y122.3651 Z0.5412 E0.02133 F1080
G1 X111.7008 Y122.0599 Z0.5405 E0.02133 F1080
G1 X111.4590 Y121.7412 Z0.5398 E0.02133 F1080
G1 X111.2348 Y121.4098 Z0.5392 E0.02133 F1080
G1 X111.0290 Y121.0668 Z0.5385 E0.02133 F1080
G1 X110.8419 Y120.7131 Z0.5378 E0.02133 F1080
G1 X110.6744 Y120.3498 Z0.5372 E0.02133 F1080
G1 X110.5266 Y119.9780 Z0.5365 E0.02133 F1080
G1 X110.3992 Y119.5987 Z0.5358 E0.02133 F1080
G1 X110.2925 Y119.2132 Z0.5352 E0.02133 F1080
G1 X110.2068 Y118.8224 Z0.5345 E0.02133 F1080
G1 X110.1422 Y118.4276 Z0.5338 E0.02133 F1080
G1 X110.0991 Y118.0298 Z0.5332 E0.02133 F1080
G1 X110.0774 Y117.6303 Z0.5325 E0.02133 F1080
G1 X110.0773 Y117.2302 Z0.5319 E0.02133 F1080
G1 X110.0987 Y116.8307 Z0.5312 E0.02133 F1080
G1 X110.1416 Y116.4330 Z0.5306 E0.02133 F1080
G1 X110.2059 Y116.0381 Z0.5299 E0.02133 F1080
G1 X110.2913 Y115.6472 Z0.5292 E0.02133 F1080
G1 X110.3975 Y115.2615 Z0.5286 E0.02133 F1080
G1 X110.5243 Y114.8821 Z0.5279 E0.02133 F1080
G1 X110.6714 Y114.5100 Z0.5273 E0.02133 F1080
G1 X110.8381 Y114.1463 Z0.5266 E0.02133 F1080
G1 X111.0241 Y113.7922 Z0.5260 E0.02133 F1080
G1 X111.2289 Y113.4484 Z0.5254 E0.02133 F1080
G1 X111.4517 Y113.1162 Z0.5247 E0.02133 F1080
G1 X111.6920 Y112.7963 Z0.5241 E0.02133 F1080
G1 X111.9491 Y112.4898 Z0.5234 E0.02133 F1080
G1 X112.2223 Y112.1975 Z0.5228 E0.02133 F1080
G1 X112.5106 Y111.9201 Z0.5221 E0.02133 F1080
G1 X112.8134 Y111.6586 Z0.5215 E0.02133 F1080
G1 X113.1297 Y111.4136 Z0.5209 E0.02133 F1080
G1 X113.4586 Y111.1859 Z0.5202 E0.02133 F1080
G1 X113.7992 Y110.9760 Z0.5196 E0.02133 F1080
G1 X114.1505 Y110.7846 Z0.5189 E0.02133 F1080
G1 X114.5115 Y110.6122 Z0.5183 E0.02133 F1080
G1 X114.8812 Y110.4593 Z0.5177 E0.02133 F1080
G1 X115.2585 Y110.3262 Z0.5170 E0.02133 F1080
G1 X115.6424 Y110.2134 Z0.5164 E0.02133 F1080
G1 X116.0317 Y110.1212 Z0.5158 E0.02133 F1080
G1 X116.4253 Y110.0499 Z0.5152 E0.02133 F1080
G1 X116.8222 Y109.9995 Z0.5145 E0.02133 F1080
G1 X117.2212 Y109.9703 Z0.5139 E0.02133 F1080
G1 X117.6212 Y109.9623 Z0.5133 E0.02133 F1080
G1 X118.0211 Y109.9756 Z0.5126 E0.02133 F1080
G1 X118.4197 Y110.0100 Z0.5120 E0.02133 F1080
G1 X118.8159 Y110.0655 Z0.5114 E0.02133 F1080
G1 X119.2086 Y110.1419 Z0.5108 E0.02133 F1080
G1 X119.5967 Y110.2390 Z0.5102 E0.02133 F1080
G1 X119.9791 Y110.3565 Z0.5095 E0.02133 F1080
G1 X120.3548 Y110.4941 Z0.5089 E0.02133 F1080
G1 X120.7227 Y110.6513 Z0.5083 E0.02133 F1080
G1 X121.0817 Y110.8278 Z0.5077 E0.02133 F1080
G1 X121.4309 Y111.0230 Z0.5071 E0.02133 F1080
G1 X121.7694 Y111.2363 Z0.5065 E0.02133 F1080
G1 X122.0961 Y111.4672 Z0.5058 E0.02133 F1080
G1 X122.4102 Y111.7150 Z0.5052 E0.02133 F1080
G1 X122.7108 Y111.9790 Z0.5046 E0.02133 F1080
G1 X122.9970 Y112.2585 Z0.5040 E0.02133 F1080
G1 X123.2682 Y112.5527 Z0.5034 E0.02133 F1080
G1 X123.5235 Y112.8607 Z0.5028 E0.02133 F1080
G1 X123.7622 Y113.1817 Z0.5022 E0.02133 F1080
G1 X123.9837 Y113.5149 Z0.5016 E0.02133 F1080
G1 X124.1874 Y113.8592 Z0.5010 E0.02133 F1080
G1 X124.3728 Y114.2137 Z0.5004 E0.02133 F1080
G1 X124.5393 Y114.5775 Z0.4998 E0.02133 F1080
G1 X124.6864 Y114.9496 Z0.4992 E0.02133 F1080
G1 X124.8139 Y115.3288 Z0.4986 E0.02133 F1080
G1 X124.9212 Y115.7142 Z0.4980 E0.02133 F1080
G1 X125.0083 Y116.1047 Z0.4974 E0.02133 F1080
G1 X125.0748 Y116.4992 Z0.4968 E0.02133 F1080
G1 X125.1205 Y116.8966 Z0.4962 E0.02133 F1080
G1 X125.1454 Y117.2959 Z0.4956 E0.02133 F1080
G1 X125.1493 Y117.6960 Z0.4950 E0.02133 F1080
G1 X125.1324 Y118.0957 Z0.4944 E0.02133 F1080
G1 X125.0946 Y118.4939 Z0.4938 E0.02133 F1080
G1 X125.0360 Y118.8897 Z0.4932 E0.02133 F1080
G1 X124.9569 Y119.2819 Z0.4926 E0.02133 F1080
G1 X124.8574 Y119.6694 Z0.4920 E0.02133 F1080
G1 X124.7378 Y120.0512 Z0.4914 E0.02133 F1080
G1 X124.5985 Y120.4262 Z0.4909 E0.02133 F1080
G1 X124.4399 Y120.7935 Z0.4903 E0.02133 F1080
G1 X124.2623 Y121.1520 Z0.4897 E0.02133 F1080
G1 X124.0664 Y121.5008 Z0.4891 E0.02133 F1080
G1 X123.8525 Y121.8389 Z0.4885 E0.02133 F1080
G1 X123.6214 Y122.1655 Z0.4879 E0.02133 F1080
G1 X123.3736 Y122.4796 Z0.4874 E0.02133 F1080
G1 X123.1099 Y122.7804 Z0.4868 E0.02133 F1080
G1 X122.8308 Y123.0671 Z0.4862 E0.02133 F1080
G1 X122.5373 Y123.3389 Z0.4856 E0.02133 F1080
G1 X122.2301 Y123.5952 Z0.4850 E0.02133 F1080
G1 X121.9100 Y123.8351 Z0.4845 E0.02133 F1080
G1 X121.5779 Y124.0582 Z0.4839 E0.02133 F1080
G1 X121.2347 Y124.2638 Z0.4833 E0.02133 F1080
G1 X120.8813 Y124.4513 Z0.4828 E0.02133 F1080
G1 X120.5187 Y124.6203 Z0.4822 E0.02133 F1080
G1 X120.1478 Y124.7703 Z0.4816 E0.02133 F1080
G1 X119.7697 Y124.9010 Z0.4810 E0.02133 F1080
G1 X119.3853 Y125.0119 Z0.4805 E0.02133 F1080
G1 X118.9957 Y125.1029 Z0.4799 E0.02133 F1080
G1 X118.6019 Y125.1736 Z0.4793 E0.02133 F1080
G1 X118.2050 Y125.2239 Z0.4788 E0.02133 F1080
G1 X117.8061 Y125.2536 Z0.4782 E0.02133 F1080
G1 X117.4061 Y125.2628 Z0.4777 E0.02133 F1080
G1 X117.0062 Y125.2513 Z0.4771 E0.02133 F1080
G1 X116.6074 Y125.2193 Z0.4765 E0.02133 F1080
G1 X116.2108 Y125.1668 Z0.4760 E0.02133 F1080
G1 X115.8174 Y125.0939 Z0.4754 E0.02133 F1080
G1 X115.4283 Y125.0010 Z0.4749 E0.02133 F1080
G1 X115.0445 Y124.8881 Z0.4743 E0.02133 F1080
G1 X114.6670 Y124.7557 Z0.4737 E0.02133 F1080
G1 X114.2968 Y124.6041 Z0.4732 E0.02133 F1080
G1 X113.9348 Y124.4336 Z0.4726 E0.02133 F1080
G1 X113.5821 Y124.2448 Z0.4721 E0.02133 F1080
G1 X113.2395 Y124.0382 Z0.4715 E0.02133 F1080
G1 X112.9080 Y123.8143 Z0.4710 E0.02133 F1080
G1 X112.5883 Y123.5737 Z0.4704 E0.02133 F1080
G1 X112.2814 Y123.3171 Z0.4699 E0.02133 F1080
G1 X111.9880 Y123.0451 Z0.4693 E0.02133 F1080
G1 X111.7090 Y122.7584 Z0.4688 E0.02133 F1080
G1 X111.4449 Y122.4579 Z0.4682 E0.02133 F1080
G1 X111.1966 Y122.1442 Z0.4677 E0.02133 F1080
G1 X110.9646 Y121.8183 Z0.4672 E0.02133 F1080
G1 X110.7496 Y121.4809 Z0.4666 E0.02133 F1080
G1 X110.5520 Y121.1330 Z0.4661 E0.02133 F1080
G1 X110.3725 Y120.7755 Z0.4655 E0.02133 F1080
G1 X110.2114 Y120.4093 Z0.4650 E0.02133 F1080
G1 X110.0692 Y120.0354 Z0.4645 E0.02133 F1080
G1 X109.9462 Y119.6547 Z0.4639 E0.02133 F1080
G1 X109.8428 Y119.2682 Z0.4634 E0.02133 F1080
G1 X109.7591 Y118.8770 Z0.4629 E0.02133 F1080
G1 X109.6955 Y118.4820 Z0.4623 E0.02133 F1080
G1 X109.6520 Y118.0843 Z0.4618 E0.02133 F1080
G1 X109.6289 Y117.6849 Z0.4613 E0.02133 F1080
G1 X109.6260 Y117.2849 Z0.4607 E0.02133 F1080
G1 X109.6434 Y116.8852 Z0.4602 E0.02133 F1080
G1 X109.6811 Y116.4869 Z0.4597 E0.02133 F1080
G1 X109.7390 Y116.0910 Z0.4591 E0.02133 F1080
G1 X109.8169 Y115.6986 Z0.4586 E0.02133 F1080
G1 X109.9145 Y115.3106 Z0.4581 E0.02133 F1080
G1 X110.0317 Y114.9281 Z0.4576 E0.02133 F1080
G1 X110.1681 Y114.5520 Z0.4570 E0.02133 F1080
G1 X110.3233 Y114.1833 Z0.4565 E0.02133 F1080
G1 X110.4970 Y113.8229 Z0.4560 E0.02133 F1080
G1 X110.6888 Y113.4718 Z0.4555 E0.02133 F1080
G1 X110.8980 Y113.1308 Z0.4550 E0.02133 F1080
G1 X111.1241 Y112.8008 Z0.4544 E0.02133 F1080
G1 X111.3667 Y112.4826 Z0.4539 E0.02133 F1080
G1 X111.6250 Y112.1771 Z0.4534 E0.02133 F1080
G1 X111.8984 Y111.8850 Z0.4529 E0.02133 F1080
G1 X112.1861 Y111.6071 Z0.4524 E0.02133 F1080
G1 X112.4875 Y111.3440 Z0.4519 E0.02133 F1080
G1 X112.8018 Y111.0965 Z0.4513 E0.02133 F1080
G1 X113.1282 Y110.8651 Z0.4508 E0.02133 F1080
G1 X113.4657 Y110.6504 Z0.4503 E0.02133 F1080
G1 X113.8137 Y110.4529 Z0.4498 E0.02133 F1080
G1 X114.1711 Y110.2733 Z0.4493 E0.02133 F1080
G1 X114.5371 Y110.1118 Z0.4488 E0.02133 F1080
G1 X114.9108 Y109.9689 Z0.4483 E0.02133 F1080
G1 X115.2912 Y109.8449 Z0.4478 E0.02133 F1080
G1 X115.6773 Y109.7402 Z0.4473 E0.02133 F1080
G1 X116.0682 Y109.6550 Z0.4468 E0.02133 F1080
G1 X116.4629 Y109.5895 Z0.4463 E0.02133 F1080
G1 X116.8603 Y109.5439 Z0.4458 E0.02133 F1080
G1 X117.2596 Y109.5183 Z0.4453 E0.02133 F1080
G1 X117.6596 Y109.5127 Z0.4448 E0.02133 F1080
G1 X118.0594 Y109.5271 Z0.4443 E0.02133 F1080
G1 X118.4580 Y109.5615 Z0.4438 E0.02133 F1080
G1 X118.8543 Y109.6158 Z0.4433 E0.02133 F1080
G1 X119.2475 Y109.6898 Z0.4428 E0.02133 F1080
G1 X119.6365 Y109.7835 Z0.4423 E0.02133 F1080
G1 X120.0202 Y109.8964 Z0.4418 E0.02133 F1080
G1 X120.3979 Y110.0283 Z0.4413 E0.02133 F1080
G1 X120.7686 Y110.1789 Z0.4408 E0.02133 F1080
G1 X121.1312 Y110.3479 Z0.4403 E0.02133 F1080
G1 X121.4850 Y110.5347 Z0.4398 E0.02133 F1080
G1 X121.8290 Y110.7389 Z0.4393 E0.02133 F1080
G1 X122.1624 Y110.9599 Z0.4389 E0.02133 F1080
G1 X122.4844 Y111.1973 Z0.4384 E0.02133 F1080
G1 X122.7942 Y111.4505 Z0.4379 E0.02133 F1080
G1 X123.0910 Y111.7187 Z0.4374 E0.02133 F1080
G1 X123.3741 Y112.0014 Z0.4369 E0.02133 F1080
G1 X123.6428 Y112.2978 Z0.4364 E0.02133 F1080
G1 X123.8965 Y112.6072 Z0.4359 E0.02133 F1080
G1 X124.1344 Y112.9288 Z0.4355 E0.02133 F1080
G1 X124.3561 Y113.2618 Z0.4350 E0.02133 F1080
G1 X124.5611 Y113.6054 Z0.4345 E0.02133 F1080
G1 X124.7487 Y113.9587 Z0.4340 E0.02133 F1080
G1 X124.9185 Y114.3209 Z0.4336 E0.02133 F1080
G1 X125.0702 Y114.6911 Z0.4331 E0.02133 F1080
G1 X125.2034 Y115.0684 Z0.4326 E0.02133 F1080
G1 X125.3178 Y115.4517 Z0.4321 E0.02133 F1080
G1 X125.4130 Y115.8403 Z0.4317 E0.02133 F1080
G1 X125.4889 Y116.2331 Z0.4312 E0.02133 F1080
G1 X125.5453 Y116.6292 Z0.4307 E0.02133 F1080
G1 X125.5820 Y117.0275 Z0.4302 E0.02133 F1080
G1 X125.5990 Y117.4272 Z0.4298 E0.02133 F1080
G1 X125.5963 Y117.8273 Z0.4293 E0.02133 F1080
G1 X125.5738 Y118.2267 Z0.4288 E0.02133 F1080
G1 X125.5316 Y118.6246 Z0.4284 E0.02133 F1080
G1 X125.4699 Y119.0198 Z0.4279 E0.02133 F1080
G1 X125.3887 Y119.4116 Z0.4274 E0.02133 F1080
G1 X125.2884 Y119.7988 Z0.4270 E0.02133 F1080
G1 X125.1691 Y120.1807 Z0.4265 E0.02133 F1080
G1 X125.0311 Y120.5562 Z0.4261 E0.02133 F1080
G1 X124.8748 Y120.9245 Z0.4256 E0.02133 F1080
G1 X124.7006 Y121.2847 Z0.4251 E0.02133 F1080
G1 X124.5089 Y121.6358 Z0.4247 E0.02133 F1080
G1 X124.3002 Y121.9771 Z0.4242 E0.02133 F1080
G1 X124.0750 Y122.3077 Z0.4238 E0.02133 F1080
G1 X123.8338 Y122.6269 Z0.4233 E0.02133 F1080
G1 X123.5772 Y122.9339 Z0.4229 E0.02133 F1080
G1 X123.3059 Y123.2278 Z0.4224 E0.02133 F1080
G1 X123.0205 Y123.5082 Z0.4219 E0.02133 F1080
G1 X122.7217 Y123.7742 Z0.4215 E0.02133 F1080
G1 X122.4102 Y124.0252 Z0.4210 E0.02133 F1080
G1 X122.0868 Y124.2607 Z0.4206 E0.02133 F1080
G1 X121.7522 Y124.4801 Z0.4201 E0.02133 F1080
G1 X121.4073 Y124.6828 Z0.4197 E0.02133 F1080
G1 X121.0529 Y124.8685 Z0.4193 E0.02133 F1080
G1 X120.6899 Y125.0365 Z0.4188 E0.02133 F1080
G1 X120.3191 Y125.1867 Z0.4184 E0.02133 F1080
G1 X119.9414 Y125.3185 Z0.4179 E0.02133 F1080
G1 X119.5577 Y125.4318 Z0.4175 E0.02133 F1080
G1 X119.1689 Y125.5261 Z0.4170 E0.02133 F1080
G1 X118.7760 Y125.6014 Z0.4166 E0.02133 F1080
G1 X118.3799 Y125.6575 Z0.4161 E0.02133 F1080
G1 X117.9815 Y125.6942 Z0.4157 E0.02133 F1080
G1 X117.5818 Y125.7114 Z0.4153 E0.02133 F1080
G1 X117.1817 Y125.7091 Z0.4148 E0.02133 F1080
G1 X116.7823 Y125.6874 Z0.4144 E0.02133 F1080
G1 X116.3843 Y125.6462 Z0.4140 E0.02133 F1080
G1 X115.9889 Y125.5857 Z0.4135 E0.02133 F1080
G1 X115.5968 Y125.5061 Z0.4131 E0.02133 F1080
G1 X115.2091 Y125.4075 Z0.4127 E0.02133 F1080
G1 X114.8266 Y125.2902 Z0.4122 E0.02133 F1080
G1 X114.4503 Y125.1545 Z0.4118 E0.02133 F1080
G1 X114.0810 Y125.0006 Z0.4114 E0.02133 F1080
G1 X113.7196 Y124.8291 Z0.4109 E0.02133 F1080
G1 X113.3669 Y124.6401 Z0.4105 E0.02133 F1080
G1 X113.0239 Y124.4344 Z0.4101 E0.02133 F1080
G1 X112.6912 Y124.2122 Z0.4097 E0.02133 F1080
G1 X112.3696 Y123.9742 Z0.4092 E0.02133 F1080
G1 X112.0600 Y123.7209 Z0.4088 E0.02133 F1080
G1 X111.7629 Y123.4529 Z0.4084 E0.02133 F1080
G1 X111.4792 Y123.1708 Z0.4080 E0.02133 F1080
G1 X111.2095 Y122.8754 Z0.4075 E0.02133 F1080
G1 X110.9544 Y122.5672 Z0.4071 E0.02133 F1080
G1 X110.7144 Y122.2471 Z0.4067 E0.02133 F1080
G1 X110.4902 Y121.9158 Z0.4063 E0.02133 F1080
G1 X110.2822 Y121.5740 Z0.4059 E0.02133 F1080
G1 X110.0910 Y121.2226 Z0.4054 E0.02133 F1080
G1 X109.9169 Y120.8624 Z0.4050 E0.02133 F1080
G1 X109.7605 Y120.4942 Z0.4046 E0.02133 F1080
G1 X109.6219 Y120.1189 Z0.4042 E0.02133 F1080
G1 X109.5016 Y119.7374 Z0.4038 E0.02133 F1080
G1 X109.3998 Y119.3505 Z0.4034 E0.02133 F1080
G1 X109.3167 Y118.9592 Z0.4030 E0.02133 F1080
G1 X109.2526 Y118.5643 Z0.4026 E0.02133 F1080
G1 X109.2075 Y118.1668 Z0.4021 E0.02133 F1080
G1 X109.1816 Y117.7676 Z0.4017 E0.02133 F1080
G1 X109.1749 Y117.3676 Z0.4013 E0.02133 F1080
G1 X109.1874 Y116.9677 Z0.4009 E0.02133 F1080
G1 X109.2192 Y116.5689 Z0.4005 E0.02133 F1080
G1 X109.2700 Y116.1721 Z0.4001 E0.02133 F1080
G1 X109.3398 Y115.7782 Z0.3997 E0.02133 F1080
G1 X109.4284 Y115.3880 Z0.3993 E0.02133 F1080
G1 X109.5356 Y115.0026 Z0.3989 E0.02133 F1080
G1 X109.6612 Y114.6228 Z0.3985 E0.02133 F1080
G1 X109.8048 Y114.2494 Z0.3981 E0.02133 F1080
G1 X109.9661 Y113.8833 Z0.3977 E0.02133 F1080
G1 X110.1448 Y113.5253 Z0.3973 E0.02133 F1080
G1 X110.3403 Y113.1763 Z0.3969 E0.02133 F1080
G1 X110.5524 Y112.8371 Z0.3965 E0.02133 F1080
G1 X110.7804 Y112.5084 Z0.3961 E0.02133 F1080
G1 X111.0238 Y112.1909 Z0.3957 E0.02133 F1080
G1 X111.2822 Y111.8855 Z0.3953 E0.02133 F1080
G1 X111.5548 Y111.5927 Z0.3949 E0.02133 F1080
G1 X111.8411 Y111.3133 Z0.3945 E0.02133 F1080
G1 X112.1404 Y111.0478 Z0.3942 E0.02133 F1080
G1 X112.4520 Y110.7969 Z0.3938 E0.02133 F1080
G1 X112.7752 Y110.5612 Z0.3934 E0.02133 F1080
G1 X113.1093 Y110.3411 Z0.3930 E0.02133 F1080
G1 X113.4535 Y110.1372 Z0.3926 E0.02133 F1080
G1 X113.8070 Y109.9499 Z0.3922 E0.02133 F1080
G1 X114.1690 Y109.7796 Z0.3918 E0.02133 F1080
G1 X114.5387 Y109.6267 Z0.3914 E0.02133 F1080
G1 X114.9153 Y109.4916 Z0.3911 E0.02133 F1080
G1 X115.2978 Y109.3746 Z0.3907 E0.02133 F1080
G1 X115.6855 Y109.2758 Z0.3903 E0.02133 F1080
G1 X116.0774 Y109.1956 Z0.3899 E0.02133 F1080
G1 X116.4727 Y109.1341 Z0.3895 E0.02133 F1080
G1 X116.8705 Y109.0914 Z0.3892 E0.02133 F1080
G1 X117.2699 Y109.0676 Z0.3888 E0.02133 F1080
G1 X117.6699 Y109.0628 Z0.3884 E0.02133 F1080
G1 X118.0697 Y109.0769 Z0.3880 E0.02133 F1080
G1 X118.4684 Y109.1100 Z0.3876 E0.02133 F1080
G1 X118.8651 Y109.1619 Z0.3873 E0.02133 F1080
G1 X119.2588 Y109.2325 Z0.3869 E0.02133 F1080
G1 X119.6488 Y109.3217 Z0.3865 E0.02133 F1080
G1 X120.0342 Y109.4292 Z0.3862 E0.02133 F1080
G1 X120.4140 Y109.5548 Z0.3858 E0.02133 F1080
G1 X120.7874 Y109.6983 Z0.3854 E0.02133 F1080
G1 X121.1537 Y109.8592 Z0.3850 E0.02133 F1080
G1 X121.5120 Y110.0372 Z0.3847 E0.02133 F1080
G1 X121.8614 Y110.2320 Z0.3843 E0.02133 F1080
G1 X122.2013 Y110.4430 Z0.3839 E0.02133 F1080
G1 X122.5308 Y110.6698 Z0.3836 E0.02133 F1080
G1 X122.8493 Y110.9119 Z0.3832 E0.02133 F1080
G1 X123.1560 Y111.1688 Z0.3828 E0.02133 F1080
G1 X123.4503 Y111.4398 Z0.3825 E0.02133 F1080
G1 X123.7315 Y111.7243 Z0.3821 E0.02133 F1080
G1 X123.9990 Y112.0218 Z0.3818 E0.02133 F1080
G1 X124.2522 Y112.3316 Z0.3814 E0.02133 F1080
G1 X124.4905 Y112.6529 Z0.3810 E0.02133 F1080
G1 X124.7135 Y112.9850 Z0.3807 E0.02133 F1080
G1 X124.9206 Y113.3273 Z0.3803 E0.02133 F1080
G1 X125.1114 Y113.6789 Z0.3800 E0.02133 F1080
G1 X125.2855 Y114.0391 Z0.3796 E0.02133 F1080
G1 X125.4424 Y114.4071 Z0.3793 E0.02133 F1080
G1 X125.5820 Y114.7821 Z0.3789 E0.02133 F1080
G1 X125.7038 Y115.1631 Z0.3786 E0.02133 F1080
G1 X125.8076 Y115.5495 Z0.3782 E0.02133 F1080
G1 X125.8931 Y115.9403 Z0.3778 E0.02133 F1080
G1 X125.9603 Y116.3346 Z0.3775 E0.02133 F1080
G1 X126.0089 Y116.7317 Z0.3771 E0.02133 F1080
G1 X126.0389 Y117.1307 Z0.3768 E0.02133 F1080
G1 X126.0502 Y117.5306 Z0.3765 E0.02133 F1080
G1 X126.0428 Y117.9306 Z0.3761 E0.02133 F1080
G1 X126.0166 Y118.3298 Z0.3758 E0.02133 F1080
G1 X125.9719 Y118.7273 Z0.3754 E0.02133 F1080
G1 X125.9086 Y119.1223 Z0.3751 E0.02133 F1080
G1 X125.8269 Y119.5139 Z0.3747 E0.02133 F1080
G1 X125.7270 Y119.9013 Z0.3744 E0.02133 F1080
G1 X125.6092 Y120.2836 Z0.3740 E0.02133 F1080
G1 X125.4737 Y120.6600 Z0.3737 E0.02133 F1080
G1 X125.3207 Y121.0297 Z0.3734 E0.02133 F1080
G1 X125.1507 Y121.3918 Z0.3730 E0.02133 F1080
G1 X124.9640 Y121.7457 Z0.3727 E0.02133 F1080
G1 X124.7610 Y122.0904 Z0.3723 E0.02133 F1080
G1 X124.5422 Y122.4253 Z0.3720 E0.02133 F1080
G1 X124.3081 Y122.7497 Z0.3717 E0.02133 F1080
G1 X124.0591 Y123.0628 Z0.3713 E0.02133 F1080
G1 X123.7958 Y123.3640 Z0.3710 E0.02133 F1080
G1 X123.5188 Y123.6527 Z0.3707 E0.02133 F1080
G1 X123.2287 Y123.9281 Z0.3703 E0.02133 F1080
G1 X122.9261 Y124.1898 Z0.3700 E0.02133 F1080
G1 X122.6117 Y124.4371 Z0.3697 E0.02133 F1080
G1 X122.2861 Y124.6696 Z0.3694 E0.02133 F1080
G1 X121.9501 Y124.8868 Z0.3690 E0.02133 F1080
G1 X121.6044 Y125.0881 Z0.3687 E0.02133 F1080
G1 X121.2497 Y125.2732 Z0.3684 E0.02133 F1080
G1 X120.8868 Y125.4416 Z0.3680 E0.02133 F1080
G1 X120.5166 Y125.5930 Z0.3677 E0.02133 F1080
G1 X120.1397 Y125.7272 Z0.3674 E0.02133 F1080
G1 X119.7570 Y125.8437 Z0.3671 E0.02133 F1080
G1 X119.3693 Y125.9424 Z0.3667 E0.02133 F1080
G1 X118.9774 Y126.0231 Z0.3664 E0.02133 F1080
G1 X118.5823 Y126.0856 Z0.3661 E0.02133 F1080
G1 X118.1847 Y126.1297 Z0.3658 E0.02133 F1080
G1 X117.7855 Y126.1554 Z0.3655 E0.02133 F1080
G1 X117.3855 Y126.1627 Z0.3651 E0.02133 F1080
G1 X116.9856 Y126.1515 Z0.3648 E0.02133 F1080
G1 X116.5866 Y126.1218 Z0.3645 E0.02133 F1080
G1 X116.1895 Y126.0738 Z0.3642 E0.02133 F1080
G1 X115.7949 Y126.0075 Z0.3639 E0.02133 F1080
G1 X115.4039 Y125.9231 Z0.3636 E0.02133 F1080
G1 X115.0171 Y125.8207 Z0.3633 E0.02133 F1080
G1 X114.6355 Y125.7007 Z0.3629 E0.02133 F1080
G1 X114.2598 Y125.5632 Z0.3626 E0.02133 F1080
G1 X113.8909 Y125.4086 Z0.3623 E0.02133 F1080
G1 X113.5294 Y125.2371 Z0.3620 E0.02133 F1080
G1 X113.1762 Y125.0492 Z0.3617 E0.02133 F1080
G1 X112.8321 Y124.8453 Z0.3614 E0.02133 F1080
G1 X112.4976 Y124.6258 Z0.3611 E0.02133 F1080
G1 X112.1736 Y124.3911 Z0.3608 E0.02133 F1080
G1 X111.8607 Y124.1418 Z0.3605 E0.02133 F1080
G1 X111.5596 Y123.8784 Z0.3602 E0.02133 F1080
G1 X111.2709 Y123.6015 Z0.3599 E0.02133 F1080
G1 X110.9952 Y123.3116 Z0.3596 E0.02133 F1080
G1 X110.7331 Y123.0094 Z0.3593 E0.02133 F1080
G1 X110.4851 Y122.6955 Z0.3590 E0.02133 F1080
G1 X110.2518 Y122.3705 Z0.3587 E0.02133 F1080
G1 X110.0336 Y122.0352 Z0.3584 E0.02133 F1080
G1 X109.8309 Y121.6903 Z0.3581 E0.02133 F1080
G1 X109.6443 Y121.3364 Z0.3578 E0.02133 F1080
G1 X109.4740 Y120.9744 Z0.3575 E0.02133 F1080
G1 X109.3205 Y120.6050 Z0.3572 E0.02133 F1080
G1 X109.1840 Y120.2289 Z0.3569 E0.02133 F1080
G1 X109.0649 Y119.8470 Z0.3566 E0.02133 F1080
G1 X108.9633 Y119.4601 Z0.3563 E0.02133 F1080
G1 X108.8795 Y119.0689 Z0.3560 E0.02133 F1080
G1 X108.8136 Y118.6743 Z0.3557 E0.02133 F1080
G1 X108.7659 Y118.2771 Z0.3554 E0.02133 F1080
G1 X108.7362 Y117.8782 Z0.3551 E0.02133 F1080
G1 X108.7248 Y117.4783 Z0.3548 E0.02133 F1080
G1 X108.7317 Y117.0783 Z0.3546 E0.02133 F1080
G1 X108.7568 Y116.6790 Z0.3543 E0.02133 F1080
G1 X108.8000 Y116.2813 Z0.3540 E0.02133 F1080
G1 X108.8613 Y115.8860 Z0.3537 E0.02133 F1080
G1 X108.9405 Y115.4938 Z0.3534 E0.02133 F1080
G1 X109.0374 Y115.1057 Z0.3531 E0.02133 F1080
G1 X109.1520 Y114.7224 Z0.3528 E0.02133 F1080
G1 X109.2838 Y114.3447 Z0.3526 E0.02133 F1080
G1 X109.4326 Y113.9734 Z0.3523 E0.02133 F1080
G1 X109.5982 Y113.6092 Z0.3520 E0.02133 F1080
G1 X109.7801 Y113.2529 Z0.3517 E0.02133 F1080
G1 X109.9781 Y112.9052 Z0.3514 E0.02133 F1080
G1 X110.1916 Y112.5669 Z0.3512 E0.02133 F1080
G1 X110.4202 Y112.2386 Z0.3509 E0.02133 F1080
G1 X110.6634 Y111.9210 Z0.3506 E0.02133 F1080
G1 X110.9209 Y111.6148 Z0.3503 E0.02133 F1080
G1 X111.1919 Y111.3206 Z0.3501 E0.02133 F1080
G1 X111.4760 Y111.0389 Z0.3498 E0.02133 F1080
G1 X111.7725 Y110.7703 Z0.3495 E0.02133 F1080
G1 X112.0809 Y110.5155 Z0.3492 E0.02133 F1080
G1 X112.4005 Y110.2749 Z0.3490 E0.02133 F1080
G1 X112.7306 Y110.0490 Z0.3487 E0.02133 F1080
G1 X113.0707 Y109.8382 Z0.3484 E0.02133 F1080
G1 X113.4199 Y109.6430 Z0.3482 E0.02133 F1080
G1 X113.7776 Y109.4638 Z0.3479 E0.02133 F1080
G1 X114.1430 Y109.3010 Z0.3476 E0.02133 F1080
G1 X114.5153 Y109.1548 Z0.3473 E0.02133 F1080
G1 X114.8939 Y109.0255 Z0.3471 E0.02133 F1080
G1 X115.2780 Y108.9135 Z0.3468 E0.02133 F1080
G1 X115.6667 Y108.8189 Z0.3466 E0.02133 F1080
G1 X116.0593 Y108.7419 Z0.3463 E0.02133 F1080
G1 X116.4549 Y108.6827 Z0.3460 E0.02133 F1080
G1 X116.8528 Y108.6413 Z0.3458 E0.02133 F1080
G1 X117.2522 Y108.6180 Z0.3455 E0.02133 F1080
G1 X117.6522 Y108.6126 Z0.3452 E0.02133 F1080
G1 X118.0520 Y108.6252 Z0.3450 E0.02133 F1080
G1 X118.4509 Y108.6558 Z0.3447 E0.02133 F1080
G1 X118.8480 Y108.7043 Z0.3445 E0.02133 F1080
G1 X119.2425 Y108.7706 Z0.3442 E0.02133 F1080
G1 X119.6337 Y108.8546 Z0.3440 E0.02133 F1080
G1 X120.0207 Y108.9560 Z0.3437 E0.02133 F1080
G1 X120.4027 Y109.0747 Z0.3434 E0.02133 F1080
G1 X120.7790 Y109.2105 Z0.3432 E0.02133 F1080
G1 X121.1489 Y109.3630 Z0.3429 E0.02133 F1080
G1 X121.5115 Y109.5319 Z0.3427 E0.02133 F1080
G1 X121.8662 Y109.7169 Z0.3424 E0.02133 F1080
G1 X122.2122 Y109.9177 Z0.3422 E0.02133 F1080
G1 X122.5489 Y110.1337 Z0.3419 E0.02133 F1080
G1 X122.8756 Y110.3646 Z0.3417 E0.02133 F1080
G1 X123.1917 Y110.6099 Z0.3414 E0.02133 F1080
G1 X123.4964 Y110.8690 Z0.3412 E0.02133 F1080
G1 X123.7892 Y111.1416 Z0.3409 E0.02133 F1080
G1 X124.0696 Y111.4270 Z0.3407 E0.02133 F1080
G1 X124.3369 Y111.7246 Z0.3405 E0.02133 F1080
G1 X124.5907 Y112.0339 Z0.3402 E0.02133 F1080
G1 X124.8303 Y112.3542 Z0.3400 E0.02133 F1080
G1 X125.0555 Y112.6849 Z0.3397 E0.02133 F1080
G1 X125.2656 Y113.0253 Z0.3395 E0.02133 F1080
G1 X125.4604 Y113.3748 Z0.3392 E0.02133 F1080
G1 X125.6393 Y113.7325 Z0.3390 E0.02133 F1080
G1 X125.8021 Y114.0980 Z0.3388 E0.02133 F1080
G1 X125.9485 Y114.4703 Z0.3385 E0.02133 F1080
G1 X126.0782 Y114.8487 Z0.3383 E0.02133 F1080
G1 X126.1908 Y115.2326 Z0.3381 E0.02133 F1080
G1 X126.2863 Y115.6211 Z0.3378 E0.02133 F1080
G1 X126.3643 Y116.0135 Z0.3376 E0.02133 F1080
G1 X126.4248 Y116.4089 Z0.3373 E0.02133 F1080
G1 X126.4677 Y116.8066 Z0.3371 E0.02133 F1080
G1 X126.4929 Y117.2059 Z0.3369 E0.02133 F1080
G1 X126.5002 Y117.6059 Z0.3366 E0.02133 F1080
G1 X126.4898 Y118.0058 Z0.3364 E0.02133 F1080
G1 X126.4616 Y118.4049 Z0.3362 E0.02133 F1080
G1 X126.4158 Y118.8023 Z0.3360 E0.02133 F1080
G1 X126.3523 Y119.1973 Z0.3357 E0.02133 F1080
G1 X126.2714 Y119.5890 Z0.3355 E0.02133 F1080
G1 X126.1732 Y119.9768 Z0.3353 E0.02133 F1080
G1 X126.0579 Y120.3599 Z0.3350 E0.02133 F1080
G1 X125.9257 Y120.7375 Z0.3348 E0.02133 F1080
G1 X125.7769 Y121.1089 Z0.3346 E0.02133 F1080
G1 X125.6118 Y121.4732 Z0.3344 E0.02133 F1080
G1 X125.4308 Y121.8300 Z0.3341 E0.02133 F1080
G1 X125.2341 Y122.1783 Z0.3339 E0.02133 F1080
G1 X125.0222 Y122.5177 Z0.3337 E0.02133 F1080
G1 X124.7955 Y122.8473 Z0.3335 E0.02133 F1080
G1 X124.5544 Y123.1666 Z0.3333 E0.02133 F1080
G1 X124.2995 Y123.4749 Z0.3330 E0.02133 F1080
G1 X124.0312 Y123.7716 Z0.3328 E0.02133 F1080
G1 X123.7500 Y124.0562 Z0.3326 E0.02133 F1080
G1 X123.4566 Y124.3281 Z0.3324 E0.02133 F1080
G1 X123.1514 Y124.5868 Z0.3322 E0.02133 F1080
G1 X122.8352 Y124.8318 Z0.3320 E0.02133 F1080
G1 X122.5084 Y125.0625 Z0.3317 E0.02133 F1080
G1 X122.1718 Y125.2787 Z0.3315 E0.02133 F1080
G1 X121.8259 Y125.4798 Z0.3313 E0.02133 F1080
G1 X121.4716 Y125.6654 Z0.3311 E0.02133 F1080
G1 X121.1094 Y125.8353 Z0.3309 E0.02133 F1080
G1 X120.7401 Y125.9891 Z0.3307 E0.02133 F1080
G1 X120.3643 Y126.1264 Z0.3305 E0.02133 F1080
G1 X119.9829 Y126.2471 Z0.3303 E0.02133 F1080
G1 X119.5966 Y126.3509 Z0.3301 E0.02133 F1080
G1 X119.2060 Y126.4376 Z0.3298 E0.02133 F1080
G1 X118.8121 Y126.5071 Z0.3296 E0.02133 F1080
G1 X118.4154 Y126.5592 Z0.3294 E0.02133 F1080
G1 X118.0169 Y126.5938 Z0.3292 E0.02133 F1080
G1 X117.6172 Y126.6108 Z0.3290 E0.02133 F1080
G1 X117.2171 Y126.6103 Z0.3288 E0.02133 F1080
G1 X116.8175 Y126.5923 Z0.3286 E0.02133 F1080
G1 X116.4190 Y126.5567 Z0.3284 E0.02133 F1080
G1 X116.0225 Y126.5037 Z0.3282 E0.02133 F1080
G1 X115.6287 Y126.4334 Z0.3280 E0.02133 F1080
G1 X115.2383 Y126.3459 Z0.3278 E0.02133 F1080
G1 X114.8522 Y126.2413 Z0.3276 E0.02133 F1080
G1 X114.4710 Y126.1200 Z0.3274 E0.02133 F1080
G1 X114.0955 Y125.9821 Z0.3272 E0.02133 F1080
G1 X113.7263 Y125.8279 Z0.3270 E0.02133 F1080
G1 X113.3643 Y125.6576 Z0.3268 E0.02133 F1080
G1 X113.0101 Y125.4718 Z0.3266 E0.02133 F1080
G1 X112.6643 Y125.2706 Z0.3264 E0.02133 F1080
G1 X112.3276 Y125.0545 Z0.3262 E0.02133 F1080
G1 X112.0007 Y124.8238 Z0.3260 E0.02133 F1080
G1 X111.6842 Y124.5792 Z0.3259 E0.02133 F1080
G1 X111.3787 Y124.3209 Z0.3257 E0.02133 F1080
G1 X111.0847 Y124.0496 Z0.3255 E0.02133 F1080
G1 X110.8029 Y123.7657 Z0.3253 E0.02133 F1080
G1 X110.5337 Y123.4697 Z0.3251 E0.02133 F1080
G1 X110.2777 Y123.1624 Z0.3249 E0.02133 F1080
G1 X110.0353 Y122.8441 Z0.3247 E0.02133 F1080
G1 X109.8070 Y122.5156 Z0.3245 E0.02133 F1080
G1 X109.5932 Y122.1775 Z0.3243 E0.02133 F1080
G1 X109.3943 Y121.8303 Z0.3242 E0.02133 F1080
G1 X109.2108 Y121.4749 Z0.3240 E0.02133 F1080
G1 X109.0429 Y121.1118 Z0.3238 E0.02133 F1080
G1 X108.8909 Y120.7417 Z0.3236 E0.02133 F1080
G1 X108.7552 Y120.3654 Z0.3234 E0.02133 F1080
G1 X108.6359 Y119.9835 Z0.3232 E0.02133 F1080
G1 X108.5334 Y119.5969 Z0.3231 E0.02133 F1080
G1 X108.4477 Y119.2061 Z0.3229 E0.02133 F1080
G1 X108.3791 Y118.8120 Z0.3227 E0.02133 F1080
G1 X108.3277 Y118.4152 Z0.3225 E0.02133 F1080
G1 X108.2935 Y118.0167 Z0.3223 E0.02133 F1080
G1 X108.2766 Y117.6170 Z0.3222 E0.02133 F1080
G1 X108.2771 Y117.2169 Z0.3220 E0.02133 F1080
G1 X108.2950 Y116.8173 Z0.3218 E0.02133 F1080
G1 X108.3301 Y116.4188 Z0.3216 E0.02133 F1080
G1 X108.3825 Y116.0222 Z0.3215 E0.02133 F1080
G1 X108.4520 Y115.6282 Z0.3213 E0.02133 F1080
G1 X108.5385 Y115.2376 Z0.3211 E0.02133 F1080
G1 X108.6418 Y114.8511 Z0.3210 E0.02133 F1080
G1 X108.7617 Y114.4695 Z0.3208 E0.02133 F1080
G1 X108.8980 Y114.0934 Z0.3206 E0.02133 F1080
G1 X109.0504 Y113.7235 Z0.3204 E0.02133 F1080
G1 X109.2187 Y113.3606 Z0.3203 E0.02133 F1080
G1 X109.4025 Y113.0053 Z0.3201 E0.02133 F1080
G1 X109.6015 Y112.6582 Z0.3199 E0.02133 F1080
G1 X109.8153 Y112.3201 Z0.3198 E0.02133 F1080
G1 X110.0435 Y111.9915 Z0.3196 E0.02133 F1080
G1 X110.2856 Y111.6730 Z0.3194 E0.02133 F1080
G1 X110.5413 Y111.3653 Z0.3193 E0.02133 F1080
G1 X110.8099 Y111.0689 Z0.3191 E0.02133 F1080
G1 X111.0912 Y110.7844 Z0.3190 E0.02133 F1080
G1 X111.3844 Y110.5122 Z0.3188 E0.02133 F1080
G1 X111.6890 Y110.2530 Z0.3186 E0.02133 F1080
G1 X112.0045 Y110.0070 Z0.3185 E0.02133 F1080
G1 X112.3304 Y109.7749 Z0.3183 E0.02133 F1080
G1 X112.6659 Y109.5571 Z0.3181 E0.02133 F1080
G1 X113.0104 Y109.3538 Z0.3180 E0.02133 F1080
G1 X113.3634 Y109.1656 Z0.3178 E0.02133 F1080
G1 X113.7242 Y108.9927 Z0.3177 E0.02133 F1080
G1 X114.0921 Y108.8355 Z0.3175 E0.02133 F1080
G1 X114.4663 Y108.6942 Z0.3174 E0.02133 F1080
G1 X114.8463 Y108.5691 Z0.3172 E0.02133 F1080
G1 X115.2313 Y108.4605 Z0.3171 E0.02133 F1080
G1 X115.6206 Y108.3684 Z0.3169 E0.02133 F1080
G1 X116.0136 Y108.2932 Z0.3167 E0.02133 F1080
G1 X116.4093 Y108.2349 Z0.3166 E0.02133 F1080
G1 X116.8072 Y108.1936 Z0.3164 E0.02133 F1080
G1 X117.2066 Y108.1694 Z0.3163 E0.02133 F1080
G1 X117.6065 Y108.1623 Z0.3161 E0.02133 F1080
G1 X118.0065 Y108.1724 Z0.3160 E0.02133 F1080
G1 X118.4056 Y108.1995 Z0.3158 E0.02133 F1080
G1 X118.8032 Y108.2438 Z0.3157 E0.02133 F1080
G1 X119.1985 Y108.3050 Z0.3156 E0.02133 F1080
G1 X119.5909 Y108.3830 Z0.3154 E0.02133 F1080
G1 X119.9795 Y108.4778 Z0.3153 E0.02133 F1080
G1 X120.3638 Y108.5891 Z0.3151 E0.02133 F1080
G1 X120.7429 Y108.7167 Z0.3150 E0.02133 F1080
G1 X121.1163 Y108.8604 Z0.3148 E0.02133 F1080
G1 X121.4831 Y109.0199 Z0.3147 E0.02133 F1080
G1 X121.8429 Y109.1949 Z0.3145 E0.02133 F1080
G1 X122.1948 Y109.3852 Z0.3144 E0.02133 F1080
G1 X122.5383 Y109.5902 Z0.3143 E0.02133 F1080
G1 X122.8727 Y109.8097 Z0.3141 E0.02133 F1080
G1 X123.1975 Y110.0433 Z0.3140 E0.02133 F1080
G1 X123.5120 Y110.2905 Z0.3139 E0.02133 F1080
G1 X123.8157 Y110.5509 Z0.3137 E0.02133 F1080
G1 X124.1081 Y110.8240 Z0.3136 E0.02133 F1080
G1 X124.3885 Y111.1093 Z0.3134 E0.02133 F1080
G1 X124.6566 Y111.4062 Z0.3133 E0.02133 F1080
G1 X124.9117 Y111.7143 Z0.3132 E0.02133 F1080
G1 X125.1536 Y112.0330 Z0.3130 E0.02133 F1080
G1 X125.3816 Y112.3617 Z0.3129 E0.02133 F1080
G1 X125.5955 Y112.6998 Z0.3128 E0.02133 F1080
G1 X125.7948 Y113.0466 Z0.3126 E0.02133 F1080
G1 X125.9792 Y113.4016 Z0.3125 E0.02133 F1080
G1 X126.1484 Y113.7641 Z0.3124 E0.02133 F1080
G1 X126.3020 Y114.1335 Z0.3123 E0.02133 F1080
G1 X126.4398 Y114.5091 Z0.3121 E0.02133 F1080
G1 X126.5616 Y114.8902 Z0.3120 E0.02133 F1080
G1 X126.6670 Y115.2760 Z0.3119 E0.02133 F1080
G1 X126.7561 Y115.6661 Z0.3117 E0.02133 F1080
G1 X126.8285 Y116.0595 Z0.3116 E0.02133 F1080
G1 X126.8841 Y116.4557 Z0.3115 E0.02133 F1080
G1 X126.9230 Y116.8538 Z0.3114 E0.02133 F1080
G1 X126.9449 Y117.2533 Z0.3112 E0.02133 F1080
G1 X126.9499 Y117.6533 Z0.3111 E0.02133 F1080
G1 X126.9380 Y118.0531 Z0.3110 E0.02133 F1080
G1 X126.9092 Y118.4521 Z0.3109 E0.02133 F1080
G1 X126.8635 Y118.8496 Z0.3108 E0.02133 F1080
G1 X126.8011 Y119.2447 Z0.3106 E0.02133 F1080
G1 X126.7220 Y119.6369 Z0.3105 E0.02133 F1080
G1 X126.6264 Y120.0253 Z0.3104 E0.02133 F1080
G1 X126.5145 Y120.4094 Z0.3103 E0.02133 F1080
G1 X126.3865 Y120.7884 Z0.3102 E0.02133 F1080
G1 X126.2426 Y121.1617 Z0.3100 E0.02133 F1080
G1 X126.0830 Y121.5285 Z0.3099 E0.02133 F1080
G1 X125.9082 Y121.8883 Z0.3098 E0.02133 F1080
G1 X125.7183 Y122.2405 Z0.3097 E0.02133 F1080
G1 X125.5137 Y122.5842 Z0.3096 E0.02133 F1080
G1 X125.2949 Y122.9191 Z0.3095 E0.02133 F1080
G1 X125.0621 Y123.2445 Z0.3094 E0.02133 F1080
G1 X124.8158 Y123.5597 Z0.3093 E0.02133 F1080
G1 X124.5565 Y123.8643 Z0.3091 E0.02133 F1080
G1 X124.2846 Y124.1577 Z0.3090 E0.02133 F1080
G1 X124.0005 Y124.4395 Z0.3089 E0.02133 F1080
G1 X123.7049 Y124.7090 Z0.3088 E0.02133 F1080
G1 X123.3982 Y124.9658 Z0.3087 E0.02133 F1080
G1 X123.0810 Y125.2096 Z0.3086 E0.02133 F1080
G1 X122.7538 Y125.4398 Z0.3085 E0.02133 F1080
G1 X122.4173 Y125.6560 Z0.3084 E0.02133 F1080
G1 X122.0719 Y125.8579 Z0.3083 E0.02133 F1080
G1 X121.7184 Y126.0452 Z0.3082 E0.02133 F1080
G1 X121.3573 Y126.2174 Z0.3081 E0.02133 F1080
G1 X120.9893 Y126.3743 Z0.3080 E0.02133 F1080
G1 X120.6151 Y126.5157 Z0.3079 E0.02133 F1080
G1 X120.2353 Y126.6412 Z0.3078 E0.02133 F1080
G1 X119.8505 Y126.7507 Z0.3077 E0.02133 F1080
G1 X119.4615 Y126.8440 Z0.3076 E0.02133 F1080
G1 X119.0689 Y126.9209 Z0.3075 E0.02133 F1080
G1 X118.6734 Y126.9813 Z0.3074 E0.02133 F1080
G1 X118.2758 Y127.0251 Z0.3073 E0.02133 F1080
G1 X117.8767 Y127.0523 Z0.3072 E0.02133 F1080
G1 X117.4768 Y127.0626 Z0.3071 E0.02133 F1080
G1 X117.0768 Y127.0563 Z0.3070 E0.02133 F1080
G1 X116.6774 Y127.0332 Z0.3069 E0.02133 F1080
G1 X116.2793 Y126.9935 Z0.3068 E0.02133 F1080
G1 X115.8833 Y126.9372 Z0.3067 E0.02133 F1080
G1 X115.4899 Y126.8643 Z0.3066 E0.02133 F1080
G1 X115.0999 Y126.7751 Z0.3065 E0.02133 F1080
G1 X114.7140 Y126.6697 Z0.3064 E0.02133 F1080
G1 X114.3329 Y126.5483 Z0.3063 E0.02133 F1080
G1 X113.9571 Y126.4111 Z0.3062 E0.02133 F1080
G1 X113.5873 Y126.2584 Z0.3061 E0.02133 F1080
G1 X113.2243 Y126.0903 Z0.3060 E0.02133 F1080
G1 X112.8686 Y125.9073 Z0.3060 E0.02133 F1080
G1 X112.5208 Y125.7096 Z0.3059 E0.02133 F1080
G1 X112.1816 Y125.4976 Z0.3058 E0.02133 F1080
G1 X111.8514 Y125.2716 Z0.3057 E0.02133 F1080
G1 X111.5310 Y125.0321 Z0.3056 E0.02133 F1080
G1 X111.2208 Y124.7795 Z0.3055 E0.02133 F1080
G1 X110.9214 Y124.5142 Z0.3054 E0.02133 F1080
G1 X110.6333 Y124.2366 Z0.3054 E0.02133 F1080
G1 X110.3570 Y123.9474 Z0.3053 E0.02133 F1080
G1 X110.0929 Y123.6468 Z0.3052 E0.02133 F1080
G1 X109.8416 Y123.3356 Z0.3051 E0.02133 F1080
G1 X109.6034 Y123.0142 Z0.3050 E0.02133 F1080
G1 X109.3788 Y122.6832 Z0.3049 E0.02133 F1080
G1 X109.1681 Y122.3431 Z0.3049 E0.02133 F1080
G1 X108.9716 Y121.9946 Z0.3048 E0.02133 F1080
G1 X108.7899 Y121.6383 Z0.3047 E0.02133 F1080
G1 X108.6230 Y121.2747 Z0.3046 E0.02133 F1080
G1 X108.4714 Y120.9045 Z0.3046 E0.02133 F1080
G1 X108.3352 Y120.5283 Z0.3045 E0.02133 F1080
G1 X108.2148 Y120.1469 Z0.3044 E0.02133 F1080
G1 X108.1102 Y119.7607 Z0.3043 E0.02133 F1080
G1 X108.0218 Y119.3706 Z0.3042 E0.02133 F1080
G1 X107.9495 Y118.9771 Z0.3042 E0.02133 F1080
G1 X107.8937 Y118.5810 Z0.3041 E0.02133 F1080
G1 X107.8542 Y118.1829 Z0.3040 E0.02133 F1080
G1 X107.8313 Y117.7835 Z0.3040 E0.02133 F1080
G1 X107.8248 Y117.3835 Z0.3039 E0.02133 F1080
G1 X107.8350 Y116.9836 Z0.3038 E0.02133 F1080
G1 X107.8616 Y116.5844 Z0.3037 E0.02133 F1080
G1 X107.9047 Y116.1867 Z0.3037 E0.02133 F1080
G1 X107.9642 Y115.7911 Z0.3036 E0.02133 F1080
G1 X108.0400 Y115.3983 Z0.3035 E0.02133 F1080
G1 X108.1319 Y115.0090 Z0.3035 E0.02133 F1080
G1 X108.2398 Y114.6238 Z0.3034 E0.02133 F1080
G1 X108.3635 Y114.2433 Z0.3033 E0.02133 F1080
G1 X108.5028 Y113.8683 Z0.3033 E0.02133 F1080
G1 X108.6575 Y113.4994 Z0.3032 E0.02133 F1080
G1 X108.8272 Y113.1371 Z0.3031 E0.02133 F1080
G1 X109.0117 Y112.7822 Z0.3031 E0.02133 F1080
G1 X109.2106 Y112.4351 Z0.3030 E0.02133 F1080
G1 X109.4237 Y112.0965 Z0.3030 E0.02133 F1080
G1 X109.6505 Y111.7670 Z0.3029 E0.02133 F1080
G1 X109.8907 Y111.4471 Z0.3028 E0.02133 F1080
G1 X110.1439 Y111.1373 Z0.3028 E0.02133 F1080
G1 X110.4095 Y110.8382 Z0.3027 E0.02133 F1080
G1 X110.6873 Y110.5503 Z0.3027 E0.02133 F1080
G1 X110.9766 Y110.2741 Z0.3026 E0.02133 F1080
G1 X111.2771 Y110.0100 Z0.3025 E0.02133 F1080
G1 X111.5881 Y109.7584 Z0.3025 E0.02133 F1080
G1 X111.9092 Y109.5198 Z0.3024 E0.02133 F1080
G1 X112.2399 Y109.2946 Z0.3024 E0.02133 F1080
G1 X112.5795 Y109.0832 Z0.3023 E0.02133 F1080
G1 X112.9274 Y108.8858 Z0.3023 E0.02133 F1080
G1 X113.2832 Y108.7029 Z0.3022 E0.02133 F1080
G1 X113.6462 Y108.5348 Z0.3022 E0.02133 F1080
G1 X114.0158 Y108.3816 Z0.3021 E0.02133 F1080
G1 X114.3913 Y108.2438 Z0.3021 E0.02133 F1080
G1 X114.7722 Y108.1214 Z0.3020 E0.02133 F1080
G1 X115.1578 Y108.0148 Z0.3020 E0.02133 F1080
G1 X115.5474 Y107.9240 Z0.3019 E0.02133 F1080
G1 X115.9403 Y107.8492 Z0.3019 E0.02133 F1080
G1 X116.3361 Y107.7906 Z0.3018 E0.02133 F1080
G1 X116.7339 Y107.7482 Z0.3018 E0.02133 F1080
G1 X117.1331 Y107.7221 Z0.3017 E0.02133 F1080
G1 X117.5330 Y107.7123 Z0.3017 E0.02133 F1080
G1 X117.9330 Y107.7189 Z0.3016 E0.02133 F1080
G1 X118.3323 Y107.7418 Z0.3016 E0.02133 F1080
G1 X118.7305 Y107.7811 Z0.3015 E0.02133 F1080
G1 X119.1266 Y107.8365 Z0.3015 E0.02133 F1080
G1 X119.5202 Y107.9081 Z0.3014 E0.02133 F1080
G1 X119.9106 Y107.9956 Z0.3014 E0.02133 F1080
G1 X120.2970 Y108.0991 Z0.3014 E0.02133 F1080
G1 X120.6789 Y108.2181 Z0.3013 E0.02133 F1080
G1 X121.0557 Y108.3527 Z0.3013 E0.02133 F1080
G1 X121.4266 Y108.5025 Z0.3012 E0.02133 F1080
G1 X121.7911 Y108.6673 Z0.3012 E0.02133 F1080
G1 X122.1486 Y108.8468 Z0.3012 E0.02133 F1080
G1 X122.4985 Y109.0407 Z0.3011 E0.02133 F1080
G1 X122.8403 Y109.2487 Z0.3011 E0.02133 F1080
G1 X123.1732 Y109.4704 Z0.3010 E0.02133 F1080
G1 X123.4969 Y109.7055 Z0.3010 E0.02133 F1080
G1 X123.8108 Y109.9536 Z0.3010 E0.02133 F1080
G1 X124.1143 Y110.2142 Z0.3009 E0.02133 F1080
G1 X124.4069 Y110.4869 Z0.3009 E0.02133 F1080
G1 X124.6883 Y110.7713 Z0.3009 E0.02133 F1080
G1 X124.9578 Y111.0669 Z0.3008 E0.02133 F1080
G1 X125.2151 Y111.3732 Z0.3008 E0.02133 F1080
G1 X125.4598 Y111.6897 Z0.3008 E0.02133 F1080
G1 X125.6914 Y112.0159 Z0.3007 E0.02133 F1080
G1 X125.9096 Y112.3512 Z0.3007 E0.02133 F1080
G1 X126.1141 Y112.6950 Z0.3007 E0.02133 F1080
G1 X126.3044 Y113.0469 Z0.3007 E0.02133 F1080
G1 X126.4803 Y113.4062 Z0.3006 E0.02133 F1080
G1 X126.6415 Y113.7723 Z0.3006 E0.02133 F1080
G1 X126.7877 Y114.1447 Z0.3006 E0.02133 F1080
G1 X126.9187 Y114.5227 Z0.3006 E0.02133 F1080
G1 X127.0343 Y114.9056 Z0.3005 E0.02133 F1080
G1 X127.1343 Y115.2930 Z0.3005 E0.02133 F1080
G1 X127.2186 Y115.6841 Z0.3005 E0.02133 F1080
G1 X127.2869 Y116.0782 Z0.3005 E0.02133 F1080
G1 X127.3393 Y116.4748 Z0.3004 E0.02133 F1080
G1 X127.3756 Y116.8732 Z0.3004 E0.02133 F1080
G1 X127.3957 Y117.2727 Z0.3004 E0.02133 F1080
G1 X127.3997 Y117.6728 Z0.3004 E0.02133 F1080
G1 X127.3876 Y118.0726 Z0.3003 E0.02133 F1080
G1 X127.3593 Y118.4717 Z0.3003 E0.02133 F1080
G1 X127.3149 Y118.8692 Z0.3003 E0.02133 F1080
G1 X127.2545 Y119.2647 Z0.3003 E0.02133 F1080
G1 X127.1782 Y119.6574 Z0.3003 E0.02133 F1080
G1 X127.0861 Y120.0467 Z0.3002 E0.02133 F1080
G1 X126.9784 Y120.4319 Z0.3002 E0.02133 F1080
G1 X126.8552 Y120.8126 Z0.3002 E0.02133 F1080
G1 X126.7168 Y121.1879 Z0.3002 E0.02133 F1080
G1 X126.5634 Y121.5574 Z0.3002 E0.02133 F1080
G1 X126.3953 Y121.9203 Z0.3002 E0.02133 F1080
G1 X126.2126 Y122.2763 Z0.3002 E0.02133 F1080
G1 X126.0158 Y122.6245 Z0.3001 E0.02133 F1080
G1 X125.8051 Y122.9646 Z0.3001 E0.02133 F1080
G1 X125.5809 Y123.2959 Z0.3001 E0.02133 F1080
G1 X125.3436 Y123.6180 Z0.3001 E0.02133 F1080
G1 X125.0935 Y123.9302 Z0.3001 E0.02133 F1080
G1 X124.8311 Y124.2321 Z0.3001 E0.02133 F1080
G1 X124.5567 Y124.5233 Z0.3001 E0.02133 F1080
G1 X124.2709 Y124.8031 Z0.3001 E0.02133 F1080
G1 X123.9741 Y125.0713 Z0.3001 E0.02133 F1080
G1 X123.6667 Y125.3274 Z0.3000 E0.02133 F1080
G1 X123.3493 Y125.5708 Z0.3000 E0.02133 F1080
G1 X123.0224 Y125.8014 Z0.3000 E0.02133 F1080
G1 X122.6865 Y126.0187 Z0.3000 E0.02133 F1080
G1 X122.3421 Y126.2223 Z0.3000 E0.02133 F1080
G1 X121.9899 Y126.4119 Z0.3000 E0.02133 F1080
G1 X121.6304 Y126.5873 Z0.3000 E0.02133 F1080
G1 X121.2641 Y126.7482 Z0.3000 E0.02133 F1080
G1 X120.8916 Y126.8942 Z0.3000 E0.02133 F1080
G1 X120.5136 Y127.0252 Z0.3000 E0.02133 F1080
G1 X120.1307 Y127.1409 Z0.3000 E0.02133 F1080
G1 X119.7435 Y127.2413 Z0.3000 E0.02133 F1080
G1 X119.3525 Y127.3261 Z0.3000 E0.02133 F1080
G1 X118.9585 Y127.3951 Z0.3000 E0.02133 F1080
G1 X118.5620 Y127.4484 Z0.3000 E0.02133 F1080
G1 X118.1637 Y127.4857 Z0.3000 E0.02133 F1080
G1 X117.7642 Y127.5071 Z0.3000 E0.02133 F1080
G1 X117.3642 Y127.5126 Z0.3000 E0.02133 F1080
G1 X116.9643 Y127.5020 Z0.3000 E0.02133 F1080
G1 X116.5652 Y127.4755 Z0.3000 E0.02133 F1080
G1 X116.1674 Y127.4331 Z0.3000 E0.02133 F1080
G1 X115.7716 Y127.3748 Z0.3000 E0.02133 F1080
G1 X115.3785 Y127.3008 Z0.3000 E0.02133 F1080
G1 X114.9886 Y127.2111 Z0.3000 E0.02133 F1080
G1 X114.6026 Y127.1060 Z0.3000 E0.02133 F1080
G1 X114.2211 Y126.9856 Z0.3000 E0.02133 F1080
G1 X113.8447 Y126.8501 Z0.3001 E0.02133 F1080
G1 X113.4741 Y126.6997 Z0.3001 E0.02133 F1080
G1 X113.1096 Y126.5346 Z0.3001 E0.02133 F1080
G1 X112.7521 Y126.3552 Z0.3001 E0.02133 F1080
G1 X112.4020 Y126.1617 Z0.3001 E0.02133 F1080
G1 X112.0599 Y125.9544 Z0.3001 E0.02133 F1080
G1 X111.7262 Y125.7336 Z0.3001 E0.02133 F1080
G1 X111.4017 Y125.4998 Z0.3001 E0.02133 F1080
G1 X111.0866 Y125.2532 Z0.3001 E0.02133 F1080
G1 X110.7817 Y124.9943 Z0.3002 E0.02133 F1080
G1 X110.4872 Y124.7235 Z0.3002 E0.02133 F1080
G1 X110.2038 Y124.4412 Z0.3002 E0.02133 F1080
G1 X109.9318 Y124.1479 Z0.3002 E0.02133 F1080
G1 X109.6716 Y123.8440 Z0.3002 E0.02133 F1080
G1 X109.4237 Y123.5300 Z0.3002 E0.02133 F1080
G1 X109.1885 Y123.2065 Z0.3002 E0.02133 F1080
G1 X108.9663 Y122.8738 Z0.3003 E0.02133 F1080
G1 X108.7574 Y122.5326 Z0.3003 E0.02133 F1080
G1 X108.5623 Y122.1834 Z0.3003 E0.02133 F1080
G1 X108.3811 Y121.8267 Z0.3003 E0.02133 F1080
G1 X108.2143 Y121.4632 Z0.3003 E0.02133 F1080
G1 X108.0619 Y121.0933 Z0.3004 E0.02133 F1080
G1 X107.9244 Y120.7176 Z0.3004 E0.02133 F1080
G1 X107.8018 Y120.3368 Z0.3004 E0.02133 F1080
G1 X107.6943 Y119.9515 Z0.3004 E0.02133 F1080
G1 X107.6023 Y119.5622 Z0.3005 E0.02133 F1080
G1 X107.5256 Y119.1695 Z0.3005 E0.02133 F1080
G1 X107.4646 Y118.7742 Z0.3005 E0.02133 F1080
G1 X107.4193 Y118.3767 Z0.3005 E0.02133 F1080
G1 X107.3897 Y117.9778 Z0.3005 E0.02133 F1080
G1 X107.3759 Y117.5780 Z0.3006 E0.02133 F1080
G1 X107.3778 Y117.1779 Z0.3006 E0.02133 F1080
G1 X107.3956 Y116.7783 Z0.3006 E0.02133 F1080
G1 X107.4292 Y116.3797 Z0.3007 E0.02133 F1080
G1 X107.4785 Y115.9827 Z0.3007 E0.02133 F1080
G1 X107.5433 Y115.5879 Z0.3007 E0.02133 F1080
G1 X107.6238 Y115.1961 Z0.3007 E0.02133 F1080
G1 X107.7196 Y114.8077 Z0.3008 E0.02133 F1080
G1 X107.8306 Y114.4233 Z0.3008 E0.02133 F1080
G1 X107.9567 Y114.0437 Z0.3008 E0.02133 F1080
G1 X108.0977 Y113.6693 Z0.3009 E0.02133 F1080
G1 X108.2533 Y113.3008 Z0.3009 E0.02133 F1080
G1 X108.4233 Y112.9387 Z0.3009 E0.02133 F1080
G1 X108.6074 Y112.5835 Z0.3010 E0.02133 F1080
G1 X108.8054 Y112.2359 Z0.3010 E0.02133 F1080
G1 X109.0169 Y111.8963 Z0.3010 E0.02133 F1080
G1 X109.2416 Y111.5654 Z0.3011 E0.02133 F1080
G1 X109.4791 Y111.2435 Z0.3011 E0.02133 F1080
G1 X109.7291 Y110.9312 Z0.3011 E0.02133 F1080
G1 X109.9912 Y110.6290 Z0.3012 E0.02133 F1080
G1 X110.2650 Y110.3373 Z0.3012 E0.02133 F1080
G1 X110.5500 Y110.0565 Z0.3012 E0.02133 F1080
G1 X110.8458 Y109.7872 Z0.3013 E0.02133 F1080
G1 X111.1520 Y109.5298 Z0.3013 E0.02133 F1080
G1 X111.4680 Y109.2845 Z0.3014 E0.02133 F1080
G1 X111.7934 Y109.0518 Z0.3014 E0.02133 F1080
G1 X112.1277 Y108.8321 Z0.3014 E0.02133 F1080
G1 X112.4703 Y108.6256 Z0.3015 E0.02133 F1080
G1 X112.8208 Y108.4328 Z0.3015 E0.02133 F1080
G1 X113.1786 Y108.2538 Z0.3016 E0.02133 F1080
G1 X113.5431 Y108.0890 Z0.3016 E0.02133 F1080
G1 X113.9138 Y107.9386 Z0.3017 E0.02133 F1080
G1 X114.2901 Y107.8028 Z0.3017 E0.02133 F1080
G1 X114.6714 Y107.6819 Z0.3017 E0.02133 F1080
G1 X115.0572 Y107.5760 Z0.3018 E0.02133 F1080
G1 X115.4468 Y107.4853 Z0.3018 E0.02133 F1080
G1 X115.8397 Y107.4099 Z0.3019 E0.02133 F1080
G1 X116.2352 Y107.3499 Z0.3019 E0.02133 F1080
G1 X116.6328 Y107.3054 Z0.3020 E0.02133 F1080
G1 X117.0317 Y107.2765 Z0.3020 E0.02133 F1080
G1 X117.4316 Y107.2632 Z0.3021 E0.02133 F1080
G1 X117.8316 Y107.2656 Z0.3021 E0.02133 F1080
G1 X118.2312 Y107.2835 Z0.3022 E0.02133 F1080
G1 X118.6299 Y107.3171 Z0.3022 E0.02133 F1080
G1 X119.0269 Y107.3662 Z0.3023 E0.02133 F1080
G1 X119.4217 Y107.4307 Z0.3023 E0.02133 F1080
G1 X119.8136 Y107.5106 Z0.3024 E0.02133 F1080
G1 X120.2022 Y107.6058 Z0.3024 E0.02133 F1080
G1 X120.5868 Y107.7160 Z0.3025 E0.02133 F1080
G1 X120.9667 Y107.8411 Z0.3025 E0.02133 F1080
G1 X121.3415 Y107.9810 Z0.3026 E0.02133 F1080
G1 X121.7106 Y108.1353 Z0.3027 E0.02133 F1080
G1 X122.0734 Y108.3039 Z0.3027 E0.02133 F1080
G1 X122.4293 Y108.4865 Z0.3028 E0.02133 F1080
G1 X122.7779 Y108.6828 Z0.3028 E0.02133 F1080
G1 X123.1185 Y108.8925 Z0.3029 E0.02133 F1080
G1 X123.4507 Y109.1154 Z0.3029 E0.02133 F1080
G1 X123.7741 Y109.3510 Z0.3030 E0.02133 F1080
G1 X124.0880 Y109.5989 Z0.3031 E0.02133 F1080
G1 X124.3920 Y109.8589 Z0.3031 E0.02133 F1080
G1 X124.6857 Y110.1306 Z0.3032 E0.02133 F1080
G1 X124.9686 Y110.4134 Z0.3032 E0.02133 F1080
G1 X125.2403 Y110.7070 Z0.3033 E0.02133 F1080
G1 X125.5004 Y111.0109 Z0.3034 E0.02133 F1080
G1 X125.7485 Y111.3247 Z0.3034 E0.02133 F1080
G1 X125.9842 Y111.6479 Z0.3035 E0.02133 F1080
G1 X126.2073 Y111.9800 Z0.3035 E0.02133 F1080
G1 X126.4172 Y112.3205 Z0.3036 E0.02133 F1080
G1 X126.6138 Y112.6689 Z0.3037 E0.02133 F1080
G1 X126.7968 Y113.0247 Z0.3037 E0.02133 F1080
G1 X126.9658 Y113.3873 Z0.3038 E0.02133 F1080
G1 X127.1206 Y113.7561 Z0.3039 E0.02133 F1080
G1 X127.2611 Y114.1307 Z0.3039 E0.02133 F1080
G1 X127.3869 Y114.5104 Z0.3040 E0.02133 F1080
G1 X127.4979 Y114.8948 Z0.3041 E0.02133 F1080
G1 X127.5939 Y115.2831 Z0.3041 E0.02133 F1080
G1 X127.6749 Y115.6749 Z0.3042 E0.02133 F1080
G1 X127.7406 Y116.0695 Z0.3043 E0.02133 F1080
G1 X127.7910 Y116.4663 Z0.3043 E0.02133 F1080
G1 X127.8261 Y116.8648 Z0.3044 E0.02133 F1080
G1 X127.8457 Y117.2644 Z0.3045 E0.02133 F1080
G1 X127.8498 Y117.6644 Z0.3046 E0.02133 F1080
G1 X127.8385 Y118.0643 Z0.3046 E0.02133 F1080
G1 X127.8118 Y118.4634 Z0.3047 E0.02133 F1080
G1 X127.7696 Y118.8612 Z0.3048 E0.02133 F1080
G1 X127.7121 Y119.2571 Z0.3049 E0.02133 F1080
G1 X127.6394 Y119.6505 Z0.3049 E0.02133 F1080
G1 X127.5516 Y120.0408 Z0.3050 E0.02133 F1080
G1 X127.4488 Y120.4274 Z0.3051 E0.02133 F1080
G1 X127.3311 Y120.8097 Z0.3052 E0.02133 F1080
G1 X127.1988 Y121.1872 Z0.3052 E0.02133 F1080
G1 X127.0520 Y121.5594 Z0.3053 E0.02133 F1080
G1 X126.8910 Y121.9256 Z0.3054 E0.02133 F1080
G1 X126.7160 Y122.2853 Z0.3055 E0.02133 F1080
G1 X126.5273 Y122.6380 Z0.3055 E0.02133 F1080
G1 X126.3251 Y122.9832 Z0.3056 E0.02133 F1080
G1 X126.1098 Y123.3204 Z0.3057 E0.02133 F1080
G1 X125.8817 Y123.6490 Z0.3058 E0.02133 F1080
G1 X125.6411 Y123.9686 Z0.3059 E0.02133 F1080
G1 X125.3884 Y124.2787 Z0.3059 E0.02133 F1080
G1 X125.1239 Y124.5789 Z0.3060 E0.02133 F1080
G1 X124.8481 Y124.8686 Z0.3061 E0.02133 F1080
G1 X124.5614 Y125.1476 Z0.3062 E0.02133 F1080
G1 X124.2642 Y125.4153 Z0.3063 E0.02133 F1080
G1 X123.9569 Y125.6715 Z0.3064 E0.02133 F1080
G1 X123.6400 Y125.9156 Z0.3064 E0.02133 F1080
G1 X123.3139 Y126.1474 Z0.3065 E0.02133 F1080
G1 X122.9792 Y126.3665 Z0.3066 E0.02133 F1080
G1 X122.6364 Y126.5725 Z0.3067 E0.02133 F1080
G1 X122.2858 Y126.7653 Z0.3068 E0.02133 F1080
G1 X121.9282 Y126.9445 Z0.3069 E0.02133 F1080
G1 X121.5639 Y127.1099 Z0.3070 E0.02133 F1080
G1 X121.1936 Y127.2611 Z0.3070 E0.02133 F1080
G1 X120.8177 Y127.3981 Z0.3071 E0.02133 F1080
G1 X120.4369 Y127.5206 Z0.3072 E0.02133 F1080
G1 X120.0516 Y127.6284 Z0.3073 E0.02133 F1080
G1 X119.6625 Y127.7213 Z0.3074 E0.02133 F1080
G1 X119.2702 Y127.7993 Z0.3075 E0.02133 F1080
G1 X118.8751 Y127.8622 Z0.3076 E0.02133 F1080
G1 X118.4779 Y127.9100 Z0.3077 E0.02133 F1080
G1 X118.0792 Y127.9425 Z0.3078 E0.02133 F1080
G1 X117.6796 Y127.9597 Z0.3079 E0.02133 F1080
G1 X117.2795 Y127.9617 Z0.3080 E0.02133 F1080
G1 X116.8797 Y127.9484 Z0.3080 E0.02133 F1080
G1 X116.4807 Y127.9197 Z0.3081 E0.02133 F1080
G1 X116.0831 Y127.8759 Z0.3082 E0.02133 F1080
G1 X115.6874 Y127.8169 Z0.3083 E0.02133 F1080
G1 X115.2943 Y127.7429 Z0.3084 E0.02133 F1080
G1 X114.9043 Y127.6539 Z0.3085 E0.02133 F1080
G1 X114.5179 Y127.5501 Z0.3086 E0.02133 F1080
G1 X114.1359 Y127.4316 Z0.3087 E0.02133 F1080
G1 X113.7586 Y127.2986 Z0.3088 E0.02133 F1080
G1 X113.3866 Y127.1514 Z0.3089 E0.02133 F1080
G1 X113.0206 Y126.9900 Z0.3090 E0.02133 F1080
G1 X112.6609 Y126.8148 Z0.3091 E0.02133 F1080
G1 X112.3082 Y126.6261 Z0.3092 E0.02133 F1080
G1 X111.9629 Y126.4241 Z0.3093 E0.02133 F1080
G1 X111.6256 Y126.2090 Z0.3094 E0.02133 F1080
G1 X111.2967 Y125.9813 Z0.3095 E0.02133 F1080
G1 X110.9768 Y125.7412 Z0.3096 E0.02133 F1080
G1 X110.6662 Y125.4891 Z0.3097 E0.02133 F1080
G1 X110.3654 Y125.2254 Z0.3098 E0.02133 F1080
G1 X110.0748 Y124.9504 Z0.3099 E0.02133 F1080
G1 X109.7949 Y124.6646 Z0.3100 E0.02133 F1080
G1 X109.5261 Y124.3683 Z0.3101 E0.02133 F1080
G1 X109.2688 Y124.0620 Z0.3102 E0.02133 F1080
G1 X109.0232 Y123.7462 Z0.3104 E0.02133 F1080
G1 X108.7899 Y123.4213 Z0.3105 E0.02133 F1080
G1 X108.5690 Y123.0877 Z0.3106 E0.02133 F1080
G1 X108.3610 Y122.7461 Z0.3107 E0.02133 F1080
G1 X108.1661 Y122.3967 Z0.3108 E0.02133 F1080
G1 X107.9846 Y122.0402 Z0.3109 E0.02133 F1080
G1 X107.8167 Y121.6771 Z0.3110 E0.02133 F1080
G1 X107.6627 Y121.3079 Z0.3111 E0.02133 F1080
G1 X107.5229 Y120.9331 Z0.3112 E0.02133 F1080
G1 X107.3973 Y120.5533 Z0.3113 E0.02133 F1080
G1 X107.2863 Y120.1690 Z0.3114 E0.02133 F1080
G1 X107.1898 Y119.7807 Z0.3116 E0.02133 F1080
G1 X107.1082 Y119.3891 Z0.3117 E0.02133 F1080
G1 X107.0414 Y118.9947 Z0.3118 E0.02133 F1080
G1 X106.9897 Y118.5980 Z0.3119 E0.02133 F1080
G1 X106.9529 Y118.1997 Z0.3120 E0.02133 F1080
G1 X106.9313 Y117.8002 Z0.3121 E0.02133 F1080
G1 X106.9248 Y117.4002 Z0.3122 E0.02133 F1080
G1 X106.9334 Y117.0003 Z0.3123 E0.02133 F1080
G1 X106.9572 Y116.6010 Z0.3125 E0.02133 F1080
G1 X106.9960 Y116.2028 Z0.3126 E0.02133 F1080
G1 X107.0498 Y115.8064 Z0.3127 E0.02133 F1080
G1 X107.1186 Y115.4123 Z0.3128 E0.02133 F1080
G1 X107.2022 Y115.0211 Z0.3129 E0.02133 F1080
G1 X107.3006 Y114.6334 Z0.3130 E0.02133 F1080
G1 X107.4135 Y114.2496 Z0.3132 E0.02133 F1080
G1 X107.5408 Y113.8703 Z0.3133 E0.02133 F1080
G1 X107.6823 Y113.4962 Z0.3134 E0.02133 F1080
G1 X107.8378 Y113.1276 Z0.3135 E0.02133 F1080
G1 X108.0072 Y112.7652 Z0.3136 E0.02133 F1080
G1 X108.1900 Y112.4094 Z0.3138 E0.02133 F1080
G1 X108.3862 Y112.0608 Z0.3139 E0.02133 F1080
G1 X108.5953 Y111.7197 Z0.3140 E0.02133 F1080
G1 X108.8172 Y111.3869 Z0.3141 E0.02133 F1080
G1 X109.0514 Y111.0626 Z0.3143 E0.02133 F1080
G1 X109.2977 Y110.7473 Z0.3144 E0.02133 F1080
G1 X109.5557 Y110.4416 Z0.3145 E0.02133 F1080
G1 X109.8250 Y110.1458 Z0.3146 E0.02133 F1080
G1 X110.1052 Y109.8603 Z0.3148 E0.02133 F1080
G1 X110.3960 Y109.5856 Z0.3149 E0.02133 F1080
G1 X110.6969 Y109.3220 Z0.3150 E0.02133 F1080
G1 X111.0075 Y109.0699 Z0.3151 E0.02133 F1080
G1 X111.3273 Y108.8296 Z0.3153 E0.02133 F1080
G1 X111.6560 Y108.6016 Z0.3154 E0.02133 F1080
G1 X111.9930 Y108.3860 Z0.3155 E0.02133 F1080
G1 X112.3378 Y108.1833 Z0.3156 E0.02133 F1080
G1 X112.6901 Y107.9936 Z0.3158 E0.02133 F1080
G1 X113.0492 Y107.8173 Z0.3159 E0.02133 F1080
G1 X113.4146 Y107.6546 Z0.3160 E0.02133 F1080
G1 X113.7859 Y107.5058 Z0.3162 E0.02133 F1080
G1 X114.1626 Y107.3710 Z0.3163 E0.02133 F1080
G1 X114.5440 Y107.2504 Z0.3164 E0.02133 F1080
G1 X114.9297 Y107.1441 Z0.3166 E0.02133 F1080
G1 X115.3191 Y107.0524 Z0.3167 E0.02133 F1080
G1 X115.7116 Y106.9754 Z0.3168 E0.02133 F1080
G1 X116.1068 Y106.9132 Z0.3170 E0.02133 F1080
G1 X116.5040 Y106.8657 Z0.3171 E0.02133 F1080
G1 X116.9027 Y106.8332 Z0.3172 E0.02133 F1080
G1 X117.3023 Y106.8157 Z0.3174 E0.02133 F1080
G1 X117.7024 Y106.8131 Z0.3175 E0.02133 F1080
G1 X118.1022 Y106.8254 Z0.3176 E0.02133 F1080
G1 X118.5013 Y106.8528 Z0.3178 E0.02133 F1080
G1 X118.8991 Y106.8950 Z0.3179 E0.02133 F1080
G1 X119.2951 Y106.9521 Z0.3180 E0.02133 F1080
G1 X119.6886 Y107.0239 Z0.3182 E0.02133 F1080
G1 X120.0792 Y107.1104 Z0.3183 E0.02133 F1080
G1 X120.4662 Y107.2115 Z0.3185 E0.02133 F1080
G1 X120.8493 Y107.3269 Z0.3186 E0.02133 F1080
G1 X121.2277 Y107.4565 Z0.3187 E0.02133 F1080
G1 X121.6010 Y107.6002 Z0.3189 E0.02133 F1080
G1 X121.9688 Y107.7577 Z0.3190 E0.02133 F1080
G1 X122.3303 Y107.9288 Z0.3192 E0.02133 F1080
G1 X122.6853 Y108.1133 Z0.3193 E0.02133 F1080
G1 X123.0331 Y108.3110 Z0.3194 E0.02133 F1080
G1 X123.3733 Y108.5214 Z0.3196 E0.02133 F1080
G1 X123.7054 Y108.7444 Z0.3197 E0.02133 F1080
G1 X124.0290 Y108.9796 Z0.3199 E0.02133 F1080
G1 X124.3436 Y109.2267 Z0.3200 E0.02133 F1080
G1 X124.6488 Y109.4853 Z0.3202 E0.02133 F1080
G1 X124.9441 Y109.7552 Z0.3203 E0.02133 F1080
G1 X125.2292 Y110.0358 Z0.3204 E0.02133 F1080
G1 X125.5036 Y110.3269 Z0.3206 E0.02133 F1080
G1 X125.7671 Y110.6279 Z0.3207 E0.02133 F1080
G1 X126.0191 Y110.9386 Z0.3209 E0.02133 F1080
G1 X126.2594 Y111.2584 Z0.3210 E0.02133 F1080
G1 X126.4876 Y111.5869 Z0.3212 E0.02133 F1080
G1 X126.7035 Y111.9237 Z0.3213 E0.02133 F1080
G1 X126.9067 Y112.2683 Z0.3215 E0.02133 F1080
G1 X127.0969 Y112.6202 Z0.3216 E0.02133 F1080
G1 X127.2740 Y112.9789 Z0.3218 E0.02133 F1080
G1 X127.4376 Y113.3440 Z0.3219 E0.02133 F1080
G1 X127.5875 Y113.7149 Z0.3221 E0.02133 F1080
G1 X127.7236 Y114.0911 Z0.3222 E0.02133 F1080
G1 X127.8456 Y114.4720 Z0.3224 E0.02133 F1080
G1 X127.9534 Y114.8573 Z0.3225 E0.02133 F1080
G1 X128.0468 Y115.2462 Z0.3227 E0.02133 F1080
G1 X128.1257 Y115.6384 Z0.3228 E0.02133 F1080
G1 X128.1901 Y116.0332 Z0.3230 E0.02133 F1080
G1 X128.2397 Y116.4302 Z0.3231 E0.02133 F1080
G1 X128.2747 Y116.8287 Z0.3233 E0.02133 F1080
G1 X128.2948 Y117.2282 Z0.3235 E0.02133 F1080
G1 X128.3001 Y117.6282 Z0.3236 E0.02133 F1080
G1 X128.2906 Y118.0281 Z0.3238 E0.02133 F1080
G1 X128.2663 Y118.4274 Z0.3239 E0.02133 F1080
G1 X128.2272 Y118.8256 Z0.3241 E0.02133 F1080
G1 X128.1734 Y119.2220 Z0.3242 E0.02133 F1080
G1 X128.1050 Y119.6161 Z0.3244 E0.02133 F1080
G1 X128.0221 Y120.0075 Z0.3246 E0.02133 F1080
G1 X127.9248 Y120.3955 Z0.3247 E0.02133 F1080
G1 X127.8131 Y120.7796 Z0.3249 E0.02133 F1080
G1 X127.6874 Y121.1594 Z0.3250 E0.02133 F1080
G1 X127.5477 Y121.5342 Z0.3252 E0.02133 F1080
G1 X127.3943 Y121.9037 Z0.3254 E0.02133 F1080
G1 X127.2273 Y122.2672 Z0.3255 E0.02133 F1080
G1 X127.0470 Y122.6243 Z0.3257 E0.02133 F1080
G1 X126.8536 Y122.9745 Z0.3258 E0.02133 F1080
G1 X126.6475 Y123.3173 Z0.3260 E0.02133 F1080
G1 X126.4289 Y123.6523 Z0.3262 E0.02133 F1080
G1 X126.1980 Y123.9790 Z0.3263 E0.02133 F1080
G1 X125.9552 Y124.2970 Z0.3265 E0.02133 F1080
G1 X125.7009 Y124.6058 Z0.3267 E0.02133 F1080
G1 X125.4354 Y124.9050 Z0.3268 E0.02133 F1080
G1 X125.1591 Y125.1942 Z0.3270 E0.02133 F1080
G1 X124.8722 Y125.4730 Z0.3271 E0.02133 F1080
G1 X124.5753 Y125.7411 Z0.3273 E0.02133 F1080
G1 X124.2687 Y125.9981 Z0.3275 E0.02133 F1080
G1 X123.9529 Y126.2436 Z0.3276 E0.02133 F1080
G1 X123.6282 Y126.4774 Z0.3278 E0.02133 F1080
G1 X123.2952 Y126.6990 Z0.3280 E0.02133 F1080
G1 X122.9542 Y126.9082 Z0.3282 E0.02133 F1080
G1 X122.6058 Y127.1047 Z0.3283 E0.02133 F1080
G1 X122.2504 Y127.2883 Z0.3285 E0.02133 F1080
G1 X121.8885 Y127.4587 Z0.3287 E0.02133 F1080
G1 X121.5205 Y127.6157 Z0.3288 E0.02133 F1080
G1 X121.1471 Y127.7591 Z0.3290 E0.02133 F1080
G1 X120.7686 Y127.8886 Z0.3292 E0.02133 F1080
G1 X120.3856 Y128.0042 Z0.3293 E0.02133 F1080
G1 X119.9986 Y128.1056 Z0.3295 E0.02133 F1080
G1 X119.6082 Y128.1927 Z0.3297 E0.02133 F1080
G1 X119.2148 Y128.2655 Z0.3299 E0.02133 F1080
G1 X118.8191 Y128.3237 Z0.3300 E0.02133 F1080
G1 X118.4214 Y128.3674 Z0.3302 E0.02133 F1080
G1 X118.0225 Y128.3966 Z0.3304 E0.02133 F1080
G1 X117.6227 Y128.4110 Z0.3306 E0.02133 F1080
G1 X117.2227 Y128.4108 Z0.3307 E0.02133 F1080
G1 X116.8229 Y128.3959 Z0.3309 E0.02133 F1080
G1 X116.4240 Y128.3664 Z0.3311 E0.02133 F1080
G1 X116.0264 Y128.3223 Z0.3313 E0.02133 F1080
G1 X115.6306 Y128.2637 Z0.3314 E0.02133 F1080
G1 X115.2373 Y128.1906 Z0.3316 E0.02133 F1080
G1 X114.8470 Y128.1032 Z0.3318 E0.02133 F1080
G1 X114.4601 Y128.0015 Z0.3320 E0.02133 F1080
G1 X114.0771 Y127.8858 Z0.3321 E0.02133 F1080
G1 X113.6987 Y127.7561 Z0.3323 E0.02133 F1080
G1 X113.3253 Y127.6127 Z0.3325 E0.02133 F1080
G1 X112.9573 Y127.4557 Z0.3327 E0.02133 F1080
G1 X112.5954 Y127.2854 Z0.3329 E0.02133 F1080
G1 X112.2399 Y127.1020 Z0.3330 E0.02133 F1080
G1 X111.8913 Y126.9057 Z0.3332 E0.02133 F1080
G1 X111.5501 Y126.6968 Z0.3334 E0.02133 F1080
G1 X111.2168 Y126.4756 Z0.3336 E0.02133 F1080
G1 X110.8918 Y126.2423 Z0.3338 E0.02133 F1080
G1 X110.5756 Y125.9974 Z0.3340 E0.02133 F1080
G1 X110.2684 Y125.7411 Z0.3341 E0.02133 F1080
G1 X109.9709 Y125.4737 Z0.3343 E0.02133 F1080
G1 X109.6832 Y125.1957 Z0.3345 E0.02133 F1080
G1 X109.4059 Y124.9074 Z0.3347 E0.02133 F1080
G1 X109.1393 Y124.6091 Z0.3349 E0.02133 F1080
G1 X108.8838 Y124.3014 Z0.3351 E0.02133 F1080
G1 X108.6396 Y123.9845 Z0.3352 E0.02133 F1080
G1 X108.4072 Y123.6589 Z0.3354 E0.02133 F1080
G1 X108.1867 Y123.3251 Z0.3356 E0.02133 F1080
G1 X107.9785 Y122.9835 Z0.3358 E0.02133 F1080
G1 X107.7830 Y122.6345 Z0.3360 E0.02133 F1080
G1 X107.6002 Y122.2787 Z0.3362 E0.02133 F1080
G1 X107.4305 Y121.9164 Z0.3364 E0.02133 F1080
G1 X107.2742 Y121.5482 Z0.3366 E0.02133 F1080
G1 X107.1313 Y121.1746 Z0.3368 E0.02133 F1080
G1 X107.0020 Y120.7960 Z0.3369 E0.02133 F1080
G1 X106.8867 Y120.4130 Z0.3371 E0.02133 F1080
G1 X106.7853 Y120.0260 Z0.3373 E0.02133 F1080
G1 X106.6981 Y119.6356 Z0.3375 E0.02133 F1080
G1 X106.6251 Y119.2423 Z0.3377 E0.02133 F1080
G1 X106.5664 Y118.8466 Z0.3379 E0.02133 F1080
G1 X106.5221 Y118.4490 Z0.3381 E0.02133 F1080
G1 X106.4923 Y118.0501 Z0.3383 E0.02133 F1080
G1 X106.4770 Y117.6503 Z0.3385 E0.02133 F1080
G1 X106.4762 Y117.2503 Z0.3387 E0.02133 F1080
G1 X106.4899 Y116.8505 Z0.3389 E0.02133 F1080
G1 X106.5181 Y116.4514 Z0.3391 E0.02133 F1080
G1 X106.5608 Y116.0537 Z0.3393 E0.02133 F1080
G1 X106.6178 Y115.6577 Z0.3395 E0.02133 F1080
G1 X106.6892 Y115.2641 Z0.3396 E0.02133 F1080
G1 X106.7748 Y114.8734 Z0.3398 E0.02133 F1080
G1 X106.8744 Y114.4859 Z0.3400 E0.02133 F1080
G1 X106.9881 Y114.1024 Z0.3402 E0.02133 F1080
G1 X107.1155 Y113.7232 Z0.3404 E0.02133 F1080
G1 X107.2566 Y113.3489 Z0.3406 E0.02133 F1080
G1 X107.4111 Y112.9799 Z0.3408 E0.02133 F1080
G1 X107.5789 Y112.6167 Z0.3410 E0.02133 F1080
G1 X107.7597 Y112.2599 Z0.3412 E0.02133 F1080
G1 X107.9533 Y111.9098 Z0.3414 E0.02133 F1080
G1 X108.1595 Y111.5670 Z0.3416 E0.02133 F1080
G1 X108.3779 Y111.2318 Z0.3418 E0.02133 F1080
G1 X108.6082 Y110.9048 Z0.3420 E0.02133 F1080
G1 X108.8502 Y110.5863 Z0.3422 E0.02133 F1080
G1 X109.1036 Y110.2767 Z0.3424 E0.02133 F1080
G1 X109.3680 Y109.9765 Z0.3426 E0.02133 F1080
G1 X109.6430 Y109.6860 Z0.3428 E0.02133 F1080
G1 X109.9284 Y109.4057 Z0.3430 E0.02133 F1080
G1 X110.2237 Y109.1358 Z0.3432 E0.02133 F1080
G1 X110.5285 Y108.8768 Z0.3435 E0.02133 F1080
G1 X110.8425 Y108.6289 Z0.3437 E0.02133 F1080
G1 X111.1652 Y108.3925 Z0.3439 E0.02133 F1080
G1 X111.4962 Y108.1679 Z0.3441 E0.02133 F1080
G1 X111.8351 Y107.9554 Z0.3443 E0.02133 F1080
G1 X112.1815 Y107.7552 Z0.3445 E0.02133 F1080
G1 X112.5348 Y107.5676 Z0.3447 E0.02133 F1080
G1 X112.8947 Y107.3929 Z0.3449 E0.02133 F1080
G1 X113.2606 Y107.2312 Z0.3451 E0.02133 F1080
G1 X113.6321 Y107.0829 Z0.3453 E0.02133 F1080
G1 X114.0087 Y106.9480 Z0.3455 E0.02133 F1080
G1 X114.3899 Y106.8267 Z0.3457 E0.02133 F1080
G1 X114.7752 Y106.7192 Z0.3459 E0.02133 F1080
G1 X115.1642 Y106.6257 Z0.3461 E0.02133 F1080
G1 X115.5562 Y106.5462 Z0.3464 E0.02133 F1080
G1 X115.9509 Y106.4809 Z0.3466 E0.02133 F1080
G1 X116.3477 Y106.4297 Z0.3468 E0.02133 F1080
G1 X116.7460 Y106.3929 Z0.3470 E0.02133 F1080
G1 X117.1454 Y106.3704 Z0.3472 E0.02133 F1080
G1 X117.5453 Y106.3623 Z0.3474 E0.02133 F1080
G1 X117.9453 Y106.3685 Z0.3476 E0.02133 F1080
G1 X118.3448 Y106.3891 Z0.3478 E0.02133 F1080
G1 X118.7433 Y106.4241 Z0.3480 E0.02133 F1080
G1 X119.1403 Y106.4733 Z0.3483 E0.02133 F1080
G1 X119.5353 Y106.5367 Z0.3485 E0.02133 F1080
G1 X119.9278 Y106.6142 Z0.3487 E0.02133 F1080
G1 X120.3172 Y106.7058 Z0.3489 E0.02133 F1080
G1 X120.7030 Y106.8113 Z0.3491 E0.02133 F1080
G1 X121.0849 Y106.9305 Z0.3493 E0.02133 F1080
G1 X121.4622 Y107.0633 Z0.3495 E0.02133 F1080
G1 X121.8346 Y107.2096 Z0.3498 E0.02133 F1080
G1 X122.2014 Y107.3691 Z0.3500 E0.02133 F1080
G1 X122.5623 Y107.5417 Z0.3502 E0.02133 F1080
G1 X122.9168 Y107.7270 Z0.3504 E0.02133 F1080
G1 X123.2644 Y107.9250 Z0.3506 E0.02133 F1080
G1 X123.6048 Y108.1352 Z0.3509 E0.02133 F1080
G1 X123.9373 Y108.3575 Z0.3511 E0.02133 F1080
G1 X124.2618 Y108.5916 Z0.3513 E0.02133 F1080
G1 X124.5776 Y108.8371 Z0.3515 E0.02133 F1080
G1 X124.8845 Y109.0937 Z0.3517 E0.02133 F1080
G1 X125.1820 Y109.3611 Z0.3519 E0.02133 F1080
G1 X125.4697 Y109.6390 Z0.3522 E0.02133 F1080
G1 X125.7473 Y109.9270 Z0.3524 E0.02133 F1080
G1 X126.0145 Y110.2248 Z0.3526 E0.02133 F1080
G1 X126.2709 Y110.5319 Z0.3528 E0.02133 F1080
G1 X126.5161 Y110.8479 Z0.3531 E0.02133 F1080
G1 X126.7499 Y111.1725 Z0.3533 E0.02133 F1080
G1 X126.9720 Y111.5053 Z0.3535 E0.02133 F1080
G1 X127.1820 Y111.8457 Z0.3537 E0.02133 F1080
G1 X127.3798 Y112.1934 Z0.3540 E0.02133 F1080
G1 X127.5650 Y112.5480 Z0.3542 E0.02133 F1080
G1 X127.7375 Y112.9089 Z0.3544 E0.02133 F1080
G1 X127.8970 Y113.2758 Z0.3546 E0.02133 F1080
G1 X128.0433 Y113.6481 Z0.3548 E0.02133 F1080
G1 X128.1763 Y114.0254 Z0.3551 E0.02133 F1080
G1 X128.2957 Y114.4072 Z0.3553 E0.02133 F1080
G1 X128.4015 Y114.7930 Z0.3555 E0.02133 F1080
G1 X128.4935 Y115.1823 Z0.3558 E0.02133 F1080
G1 X128.5715 Y115.5746 Z0.3560 E0.02133 F1080
G1 X128.6355 Y115.9695 Z0.3562 E0.02133 F1080
G1 X128.6855 Y116.3664 Z0.3564 E0.02133 F1080
G1 X128.7213 Y116.7648 Z0.3567 E0.02133 F1080
G1 X128.7429 Y117.1643 Z0.3569 E0.02133 F1080
G1 X128.7502 Y117.5643 Z0.3571 E0.02133 F1080
G1 X128.7434 Y117.9642 Z0.3574 E0.02133 F1080
G1 X128.7223 Y118.3637 Z0.3576 E0.02133 F1080
G1 X128.6871 Y118.7622 Z0.3578 E0.02133 F1080
G1 X128.6377 Y119.1592 Z0.3580 E0.02133 F1080
G1 X128.5742 Y119.5541 Z0.3583 E0.02133 F1080
G1 X128.4968 Y119.9466 Z0.3585 E0.02133 F1080
G1 X128.4055 Y120.3361 Z0.3587 E0.02133 F1080
G1 X128.3004 Y120.7220 Z0.3590 E0.02133 F1080
G1 X128.1817 Y121.1041 Z0.3592 E0.02133 F1080
G1 X128.0495 Y121.4816 Z0.3594 E0.02133 F1080
G1 X127.9040 Y121.8542 Z0.3597 E0.02133 F1080
G1 X127.7453 Y122.2215 Z0.3599 E0.02133 F1080
G1 X127.5738 Y122.5829 Z0.3601 E0.02133 F1080
G1 X127.3895 Y122.9379 Z0.3604 E0.02133 F1080
G1 X127.1928 Y123.2862 Z0.3606 E0.02133 F1080
G1 X126.9839 Y123.6274 Z0.3609 E0.02133 F1080
G1 X126.7630 Y123.9609 Z0.3611 E0.02133 F1080
G1 X126.5304 Y124.2864 Z0.3613 E0.02133 F1080
G1 X126.2865 Y124.6034 Z0.3616 E0.02133 F1080
G1 X126.0314 Y124.9116 Z0.3618 E0.02133 F1080
G1 X125.7657 Y125.2106 Z0.3620 E0.02133 F1080
G1 X125.4895 Y125.5000 Z0.3623 E0.02133 F1080
G1 X125.2033 Y125.7795 Z0.3625 E0.02133 F1080
G1 X124.9073 Y126.0486 Z0.3628 E0.02133 F1080
G1 X124.6020 Y126.3071 Z0.3630 E0.02133 F1080
G1 X124.2878 Y126.5547 Z0.3632 E0.02133 F1080
G1 X123.9650 Y126.7910 Z0.3635 E0.02133 F1080
G1 X123.6341 Y127.0157 Z0.3637 E0.02133 F1080
G1 X123.2954 Y127.2286 Z0.3640 E0.02133 F1080
G1 X122.9495 Y127.4295 Z0.3642 E0.02133 F1080
G1 X122.5966 Y127.6179 Z0.3644 E0.02133 F1080
G1 X122.2373 Y127.7938 Z0.3647 E0.02133 F1080
G1 X121.8721 Y127.9569 Z0.3649 E0.02133 F1080
G1 X121.5013 Y128.1071 Z0.3652 E0.02133 F1080
G1 X121.1254 Y128.2440 Z0.3654 E0.02133 F1080
G1 X120.7449 Y128.3676 Z0.3656 E0.02133 F1080
G1 X120.3604 Y128.4777 Z0.3659 E0.02133 F1080
G1 X119.9721 Y128.5742 Z0.3661 E0.02133 F1080
G1 X119.5808 Y128.6569 Z0.3664 E0.02133 F1080
G1 X119.1867 Y128.7258 Z0.3666 E0.02133 F1080
G1 X118.7905 Y128.7808 Z0.3669 E0.02133 F1080
G1 X118.3925 Y128.8217 Z0.3671 E0.02133 F1080
G1 X117.9934 Y128.8487 Z0.3674 E0.02133 F1080
G1 X117.5936 Y128.8615 Z0.3676 E0.02133 F1080
G1 X117.1936 Y128.8603 Z0.3679 E0.02133 F1080
G1 X116.7938 Y128.8450 Z0.3681 E0.02133 F1080
G1 X116.3949 Y128.8156 Z0.3683 E0.02133 F1080
G1 X115.9972 Y128.7723 Z0.3686 E0.02133 F1080
G1 X115.6013 Y128.7149 Z0.3688 E0.02133 F1080
G1 X115.2077 Y128.6437 Z0.3691 E0.02133 F1080
G1 X114.8168 Y128.5587 Z0.3693 E0.02133 F1080
G1 X114.4291 Y128.4600 Z0.3696 E0.02133 F1080
G1 X114.0451 Y128.3477 Z0.3698 E0.02133 F1080
G1 X113.6654 Y128.2220 Z0.3701 E0.02133 F1080
G1 X113.2902 Y128.0831 Z0.3703 E0.02133 F1080
G1 X112.9202 Y127.9310 Z0.3706 E0.02133 F1080
G1 X112.5558 Y127.7661 Z0.3708 E0.02133 F1080
G1 X112.1974 Y127.5885 Z0.3711 E0.02133 F1080
G1 X111.8454 Y127.3984 Z0.3713 E0.02133 F1080
G1 X111.5003 Y127.1960 Z0.3716 E0.02133 F1080
G1 X111.1625 Y126.9817 Z0.3719 E0.02133 F1080
G1 X110.8324 Y126.7557 Z0.3721 E0.02133 F1080
G1 X110.5105 Y126.5182 Z0.3724 E0.02133 F1080
G1 X110.1971 Y126.2696 Z0.3726 E0.02133 F1080
G1 X109.8926 Y126.0102 Z0.3729 E0.02133 F1080
G1 X109.5974 Y125.7403 Z0.3731 E0.02133 F1080
G1 X109.3118 Y125.4602 Z0.3734 E0.02133 F1080
G1 X109.0362 Y125.1702 Z0.3736 E0.02133 F1080
G1 X108.7709 Y124.8708 Z0.3739 E0.02133 F1080
G1 X108.5163 Y124.5623 Z0.3741 E0.02133 F1080
G1 X108.2726 Y124.2450 Z0.3744 E0.02133 F1080
G1 X108.0402 Y123.9194 Z0.3747 E0.02133 F1080
G1 X107.8193 Y123.5859 Z0.3749 E0.02133 F1080
G1 X107.6102 Y123.2449 Z0.3752 E0.02133 F1080
G1 X107.4132 Y122.8968 Z0.3754 E0.02133 F1080
G1 X107.2284 Y122.5419 Z0.3757 E0.02133 F1080
G1 X107.0562 Y122.1809 Z0.3759 E0.02133 F1080
G1 X106.8967 Y121.8140 Z0.3762 E0.02133 F1080
G1 X106.7501 Y121.4418 Z0.3765 E0.02133 F1080
G1 X106.6166 Y121.0647 Z0.3767 E0.02133 F1080
G1 X106.4963 Y120.6832 Z0.3770 E0.02133 F1080
G1 X106.3895 Y120.2977 Z0.3772 E0.02133 F1080
G1 X106.2962 Y119.9087 Z0.3775 E0.02133 F1080
G1 X106.2165 Y119.5167 Z0.3778 E0.02133 F1080
G1 X106.1505 Y119.1221 Z0.3780 E0.02133 F1080
G1 X106.0983 Y118.7255 Z0.3783 E0.02133 F1080
G1 X106.0600 Y118.3273 Z0.3785 E0.02133 F1080
G1 X106.0357 Y117.9280 Z0.3788 E0.02133 F1080
G1 X106.0252 Y117.5281 Z0.3791 E0.02133 F1080
G1 X106.0287 Y117.1281 Z0.3793 E0.02133 F1080
G1 X106.0461 Y116.7285 Z0.3796 E0.02133 F1080
G1 X106.0775 Y116.3297 Z0.3799 E0.02133 F1080
G1 X106.1227 Y115.9322 Z0.3801 E0.02133 F1080
G1 X106.1817 Y115.5366 Z0.3804 E0.02133 F1080
G1 X106.2545 Y115.1432 Z0.3807 E0.02133 F1080
G1 X106.3409 Y114.7526 Z0.3809 E0.02133 F1080
G1 X106.4409 Y114.3653 Z0.3812 E0.02133 F1080
G1 X106.5543 Y113.9817 Z0.3815 E0.02133 F1080
G1 X106.6810 Y113.6022 Z0.3817 E0.02133 F1080
G1 X106.8207 Y113.2274 Z0.3820 E0.02133 F1080
G1 X106.9735 Y112.8577 Z0.3823 E0.02133 F1080
G1 X107.1390 Y112.4935 Z0.3825 E0.02133 F1080
G1 X107.3170 Y112.1352 Z0.3828 E0.02133 F1080
G1 X107.5074 Y111.7834 Z0.3831 E0.02133 F1080
G1 X107.7099 Y111.4384 Z0.3833 E0.02133 F1080
G1 X107.9243 Y111.1007 Z0.3836 E0.02133 F1080
G1 X108.1502 Y110.7706 Z0.3839 E0.02133 F1080
G1 X108.3875 Y110.4485 Z0.3841 E0.02133 F1080
G1 X108.6358 Y110.1349 Z0.3844 E0.02133 F1080
G1 X108.8949 Y109.8301 Z0.3847 E0.02133 F1080
G1 X109.1644 Y109.5345 Z0.3849 E0.02133 F1080
G1 X109.4440 Y109.2483 Z0.3852 E0.02133 F1080
G1 X109.7333 Y108.9721 Z0.3855 E0.02133 F1080
G1 X110.0320 Y108.7060 Z0.3858 E0.02133 F1080
G1 X110.3398 Y108.4505 Z0.3860 E0.02133 F1080
G1 X110.6563 Y108.2058 Z0.3863 E0.02133 F1080
G1 X110.9810 Y107.9722 Z0.3866 E0.02133 F1080
G1 X111.3136 Y107.7500 Z0.3868 E0.02133 F1080
G1 X111.6538 Y107.5395 Z0.3871 E0.02133 F1080
G1 X112.0010 Y107.3408 Z0.3874 E0.02133 F1080
G1 X112.3549 Y107.1543 Z0.3877 E0.02133 F1080
G1 X112.7150 Y106.9802 Z0.3879 E0.02133 F1080
G1 X113.0810 Y106.8186 Z0.3882 E0.02133 F1080
G1 X113.4523 Y106.6698 Z0.3885 E0.02133 F1080
G1 X113.8286 Y106.5339 Z0.3888 E0.02133 F1080
G1 X114.2093 Y106.4111 Z0.3890 E0.02133 F1080
G1 X114.5940 Y106.3016 Z0.3893 E0.02133 F1080
G1 X114.9823 Y106.2054 Z0.3896 E0.02133 F1080
G1 X115.3737 Y106.1227 Z0.3899 E0.02133 F1080
G1 X115.7677 Y106.0536 Z0.3901 E0.02133 F1080
G1 X116.1639 Y105.9981 Z0.3904 E0.02133 F1080
G1 X116.5617 Y105.9564 Z0.3907 E0.02133 F1080
G1 X116.9608 Y105.9284 Z0.3910 E0.02133 F1080
G1 X117.3606 Y105.9142 Z0.3913 E0.02133 F1080
G1 X117.7606 Y105.9138 Z0.3915 E0.02133 F1080
G1 X118.1604 Y105.9272 Z0.3918 E0.02133 F1080
G1 X118.5595 Y105.9545 Z0.3921 E0.02133 F1080
G1 X118.9574 Y105.9954 Z0.3924 E0.02133 F1080
G1 X119.3537 Y106.0501 Z0.3927 E0.02133 F1080
G1 X119.7479 Y106.1184 Z0.3929 E0.02133 F1080
G1 X120.1394 Y106.2002 Z0.3932 E0.02133 F1080
G1 X120.5279 Y106.2955 Z0.3935 E0.02133 F1080
G1 X120.9129 Y106.4042 Z0.3938 E0.02133 F1080
G1 X121.2940 Y106.5260 Z0.3941 E0.02133 F1080
G1 X121.6706 Y106.6609 Z0.3943 E0.02133 F1080
G1 X122.0423 Y106.8086 Z0.3946 E0.02133 F1080
G1 X122.4087 Y106.9691 Z0.3949 E0.02133 F1080
G1 X122.7694 Y107.1421 Z0.3952 E0.02133 F1080
G1 X123.1239 Y107.3274 Z0.3955 E0.02133 F1080
G1 X123.4719 Y107.5248 Z0.3958 E0.02133 F1080
G1 X123.8128 Y107.7341 Z0.3960 E0.02133 F1080
G1 X124.1463 Y107.9550 Z0.3963 E0.02133 F1080
G1 X124.4721 Y108.1872 Z0.3966 E0.02133 F1080
G1 X124.7896 Y108.4304 Z0.3969 E0.02133 F1080
G1 X125.0987 Y108.6845 Z0.3972 E0.02133 F1080
G1 X125.3988 Y108.9490 Z0.3975 E0.02133 F1080
G1 X125.6896 Y109.2236 Z0.3978 E0.02133 F1080
G1 X125.9708 Y109.5081 Z0.3980 E0.02133 F1080
G1 X126.2421 Y109.8021 Z0.3983 E0.02133 F1080
G1 X126.5032 Y110.1052 Z0.3986 E0.02133 F1080
G1 X126.7536 Y110.4171 Z0.3989 E0.02133 F1080
G1 X126.9933 Y110.7374 Z0.3992 E0.02133 F1080
G1 X127.2218 Y111.0658 Z0.3995 E0.02133 F1080
G1 X127.4389 Y111.4018 Z0.3998 E0.02133 F1080
G1 X127.6443 Y111.7450 Z0.4001 E0.02133 F1080
G1 X127.8378 Y112.0951 Z0.4003 E0.02133 F1080
G1 X128.0193 Y112.4516 Z0.4006 E0.02133 F1080
G1 X128.1884 Y112.8142 Z0.4009 E0.02133 F1080
G1 X128.3450 Y113.1823 Z0.4012 E0.02133 F1080
G1 X128.4888 Y113.5555 Z0.4015 E0.02133 F1080
G1 X128.6198 Y113.9335 Z0.4018 E0.02133 F1080
G1 X128.7378 Y114.3158 Z0.4021 E0.02133 F1080
G1 X128.8426 Y114.7018 Z0.4024 E0.02133 F1080
G1 X128.9342 Y115.0912 Z0.4027 E0.02133 F1080
G1 X129.0123 Y115.4835 Z0.4030 E0.02133 F1080
G1 X129.0770 Y115.8783 Z0.4033 E0.02133 F1080
G1 X129.1281 Y116.2751 Z0.4035 E0.02133 F1080
G1 X129.1657 Y116.6733 Z0.4038 E0.02133 F1080
G1 X129.1896 Y117.0726 Z0.4041 E0.02133 F1080
G1 X129.1998 Y117.4725 Z0.4044 E0.02133 F1080
G1 X129.1963 Y117.8726 Z0.4047 E0.02133 F1080
G1 X129.1792 Y118.2722 Z0.4050 E0.02133 F1080
G1 X129.1485 Y118.6711 Z0.4053 E0.02133 F1080
G1 X129.1041 Y119.0686 Z0.4056 E0.02133 F1080
G1 X129.0461 Y119.4644 Z0.4059 E0.02133 F1080
G1 X128.9747 Y119.8580 Z0.4062 E0.02133 F1080
G1 X128.8899 Y120.2490 Z0.4065 E0.02133 F1080
G1 X128.7918 Y120.6368 Z0.4068 E0.02133 F1080
G1 X128.6805 Y121.0210 Z0.4071 E0.02133 F1080
G1 X128.5562 Y121.4012 Z0.4074 E0.02133 F1080
G1 X128.4190 Y121.7770 Z0.4077 E0.02133 F1080
G1 X128.2690 Y122.1478 Z0.4080 E0.02133 F1080
G1 X128.1065 Y122.5134 Z0.4083 E0.02133 F1080
G1 X127.9316 Y122.8731 Z0.4086 E0.02133 F1080
G1 X127.7445 Y123.2267 Z0.4089 E0.02133 F1080
G1 X127.5455 Y123.5738 Z0.4092 E0.02133 F1080
G1 X127.3348 Y123.9138 Z0.4095 E0.02133 F1080
G1 X127.1126 Y124.2465 Z0.4098 E0.02133 F1080
G1 X126.8793 Y124.5714 Z0.4101 E0.02133 F1080
G1 X126.6350 Y124.8881 Z0.4104 E0.02133 F1080
G1 X126.3800 Y125.1964 Z0.4107 E0.02133 F1080
G1 X126.1147 Y125.4958 Z0.4110 E0.02133 F1080
G1 X125.8394 Y125.7860 Z0.4113 E0.02133 F1080
G1 X125.5544 Y126.0667 Z0.4116 E0.02133 F1080
G1 X125.2600 Y126.3375 Z0.4119 E0.02133 F1080
G1 X124.9565 Y126.5982 Z0.4122 E0.02133 F1080
G1 X124.6444 Y126.8483 Z0.4125 E0.02133 F1080
G1 X124.3239 Y127.0878 Z0.4128 E0.02133 F1080
G1 X123.9955 Y127.3162 Z0.4131 E0.02133 F1080
G1 X123.6595 Y127.5332 Z0.4134 E0.02133 F1080
G1 X123.3163 Y127.7388 Z0.4137 E0.02133 F1080
G1 X122.9663 Y127.9326 Z0.4140 E0.02133 F1080
G1 X122.6100 Y128.1144 Z0.4143 E0.02133 F1080
G1 X122.2477 Y128.2840 Z0.4146 E0.02133 F1080
G1 X121.8798 Y128.4411 Z0.4149 E0.02133 F1080
G1 X121.5069 Y128.5858 Z0.4152 E0.02133 F1080
G1 X121.1292 Y128.7176 Z0.4155 E0.02133 F1080
G1 X120.7473 Y128.8366 Z0.4158 E0.02133 F1080
G1 X120.3615 Y128.9426 Z0.4161 E0.02133 F1080
G1 X119.9724 Y129.0354 Z0.4164 E0.02133 F1080
G1 X119.5804 Y129.1150 Z0.4167 E0.02133 F1080
G1 X119.1859 Y129.1812 Z0.4170 E0.02133 F1080
G1 X118.7893 Y129.2340 Z0.4173 E0.02133 F1080
G1 X118.3913 Y129.2734 Z0.4177 E0.02133 F1080
G1 X117.9921 Y129.2993 Z0.4180 E0.02133 F1080
G1 X117.5922 Y129.3116 Z0.4183 E0.02133 F1080
G1 X117.1922 Y129.3104 Z0.4186 E0.02133 F1080
G1 X116.7924 Y129.2956 Z0.4189 E0.02133 F1080
G1 X116.3934 Y129.2673 Z0.4192 E0.02133 F1080
G1 X115.9956 Y129.2255 Z0.4195 E0.02133 F1080
G1 X115.5994 Y129.1703 Z0.4198 E0.02133 F1080
G1 X115.2053 Y129.1017 Z0.4201 E0.02133 F1080
G1 X114.8137 Y129.0198 Z0.4204 E0.02133 F1080
G1 X114.4251 Y128.9248 Z0.4207 E0.02133 F1080
G1 X114.0400 Y128.8166 Z0.4211 E0.02133 F1080
G1 X113.6587 Y128.6955 Z0.4214 E0.02133 F1080
G1 X113.2818 Y128.5616 Z0.4217 E0.02133 F1080
G1 X112.9096 Y128.4150 Z0.4220 E0.02133 F1080
G1 X112.5426 Y128.2560 Z0.4223 E0.02133 F1080
G1 X112.1811 Y128.0846 Z0.4226 E0.02133 F1080
G1 X111.8256 Y127.9011 Z0.4229 E0.02133 F1080
G1 X111.4765 Y127.7057 Z0.4232 E0.02133 F1080
G1 X111.1343 Y127.4987 Z0.4235 E0.02133 F1080
G1 X110.7992 Y127.2802 Z0.4239 E0.02133 F1080
G1 X110.4716 Y127.0505 Z0.4242 E0.02133 F1080
G1 X110.1520 Y126.8100 Z0.4245 E0.02133 F1080
G1 X109.8407 Y126.5587 Z0.4248 E0.02133 F1080
G1 X109.5381 Y126.2972 Z0.4251 E0.02133 F1080
G1 X109.2444 Y126.0255 Z0.4254 E0.02133 F1080
G1 X108.9600 Y125.7442 Z0.4257 E0.02133 F1080
G1 X108.6853 Y125.4534 Z0.4261 E0.02133 F1080
G1 X108.4206 Y125.1535 Z0.4264 E0.02133 F1080
G1 X108.1661 Y124.8449 Z0.4267 E0.02133 F1080
G1 X107.9221 Y124.5278 Z0.4270 E0.02133 F1080
G1 X107.6890 Y124.2028 Z0.4273 E0.02133 F1080
G1 X107.4669 Y123.8701 Z0.4276 E0.02133 F1080
G1 X107.2561 Y123.5301 Z0.4280 E0.02133 F1080
G1 X107.0569 Y123.1831 Z0.4283 E0.02133 F1080
G1 X106.8695 Y122.8297 Z0.4286 E0.02133 F1080
G1 X106.6941 Y122.4702 Z0.4289 E0.02133 F1080
G1 X106.5309 Y122.1050 Z0.4292 E0.02133 F1080
G1 X106.3800 Y121.7345 Z0.4295 E0.02133 F1080
G1 X106.2417 Y121.3592 Z0.4299 E0.02133 F1080
G1 X106.1161 Y120.9794 Z0.4302 E0.02133 F1080
G1 X106.0033 Y120.5956 Z0.4305 E0.02133 F1080
G1 X105.9035 Y120.2082 Z0.4308 E0.02133 F1080
G1 X105.8167 Y119.8177 Z0.4311 E0.02133 F1080
G1 X105.7431 Y119.4245 Z0.4315 E0.02133 F1080
G1 X105.6827 Y119.0290 Z0.4318 E0.02133 F1080
G1 X105.6357 Y118.6318 Z0.4321 E0.02133 F1080
G1 X105.6020 Y118.2332 Z0.4324 E0.02133 F1080
G1 X105.5817 Y117.8337 Z0.4328 E0.02133 F1080
G1 X105.5748 Y117.4337 Z0.4331 E0.02133 F1080
G1 X105.5813 Y117.0337 Z0.4334 E0.02133 F1080
G1 X105.6013 Y116.6342 Z0.4337 E0.02133 F1080
G1 X105.6346 Y116.2356 Z0.4340 E0.02133 F1080
G1 X105.6812 Y115.8383 Z0.4344 E0.02133 F1080
G1 X105.7412 Y115.4428 Z0.4347 E0.02133 F1080
G1 X105.8144 Y115.0495 Z0.4350 E0.02133 F1080
G1 X105.9007 Y114.6589 Z0.4353 E0.02133 F1080
G1 X106.0000 Y114.2714 Z0.4357 E0.02133 F1080
G1 X106.1123 Y113.8874 Z0.4360 E0.02133 F1080
G1 X106.2373 Y113.5074 Z0.4363 E0.02133 F1080
G1 X106.3750 Y113.1319 Z0.4366 E0.02133 F1080
G1 X106.5252 Y112.7611 Z0.4370 E0.02133 F1080
G1 X106.6877 Y112.3956 Z0.4373 E0.02133 F1080
G1 X106.8624 Y112.0357 Z0.4376 E0.02133 F1080
G1 X107.0490 Y111.6818 Z0.4379 E0.02133 F1080
G1 X107.2473 Y111.3344 Z0.4383 E0.02133 F1080
G1 X107.4571 Y110.9938 Z0.4386 E0.02133 F1080
G1 X107.6782 Y110.6605 Z0.4389 E0.02133 F1080
G1 X107.9103 Y110.3347 Z0.4392 E0.02133 F1080
G1 X108.1532 Y110.0168 Z0.4396 E0.02133 F1080
G1 X108.4065 Y109.7072 Z0.4399 E0.02133 F1080
G1 X108.6701 Y109.4063 Z0.4402 E0.02133 F1080
G1 X108.9435 Y109.1143 Z0.4406 E0.02133 F1080
G1 X109.2266 Y108.8316 Z0.4409 E0.02133 F1080
G1 X109.5189 Y108.5585 Z0.4412 E0.02133 F1080
G1 X109.8202 Y108.2954 Z0.4415 E0.02133 F1080
G1 X110.1301 Y108.0424 Z0.4419 E0.02133 F1080
G1 X110.4482 Y107.7999 Z0.4422 E0.02133 F1080
G1 X110.7743 Y107.5682 Z0.4425 E0.02133 F1080
G1 X111.1079 Y107.3474 Z0.4429 E0.02133 F1080
G1 X111.4487 Y107.1379 Z0.4432 E0.02133 F1080
G1 X111.7962 Y106.9399 Z0.4435 E0.02133 F1080
G1 X112.1502 Y106.7536 Z0.4438 E0.02133 F1080
G1 X112.5102 Y106.5791 Z0.4442 E0.02133 F1080
G1 X112.8758 Y106.4168 Z0.4445 E0.02133 F1080
G1 X113.2466 Y106.2667 Z0.4448 E0.02133 F1080
G1 X113.6222 Y106.1291 Z0.4452 E0.02133 F1080
G1 X114.0022 Y106.0040 Z0.4455 E0.02133 F1080
G1 X114.3861 Y105.8917 Z0.4458 E0.02133 F1080
G1 X114.7736 Y105.7921 Z0.4462 E0.02133 F1080
G1 X115.1641 Y105.7056 Z0.4465 E0.02133 F1080
G1 X115.5574 Y105.6321 Z0.4468 E0.02133 F1080
G1 X115.9528 Y105.5717 Z0.4472 E0.02133 F1080
G1 X116.3500 Y105.5244 Z0.4475 E0.02133 F1080
G1 X116.7486 Y105.4905 Z0.4478 E0.02133 F1080
G1 X117.1481 Y105.4697 Z0.4482 E0.02133 F1080
G1 X117.5481 Y105.4623 Z0.4485 E0.02133 F1080
G1 X117.9481 Y105.4682 Z0.4488 E0.02133 F1080
G1 X118.3476 Y105.4873 Z0.4492 E0.02133 F1080
G1 X118.7463 Y105.5197 Z0.4495 E0.02133 F1080
G1 X119.1438 Y105.5654 Z0.4499 E0.02133 F1080
G1 X119.5394 Y105.6242 Z0.4502 E0.02133 F1080
G1 X119.9329 Y105.6961 Z0.4505 E0.02133 F1080
G1 X120.3239 Y105.7810 Z0.4509 E0.02133 F1080
G1 X120.7117 Y105.8788 Z0.4512 E0.02133 F1080
G1 X121.0962 Y105.9895 Z0.4515 E0.02133 F1080
G1 X121.4767 Y106.1128 Z0.4519 E0.02133 F1080
G1 X121.8529 Y106.2487 Z0.4522 E0.02133 F1080
G1 X122.2244 Y106.3970 Z0.4526 E0.02133 F1080
G1 X122.5908 Y106.5576 Z0.4529 E0.02133 F1080
G1 X122.9517 Y106.7302 Z0.4532 E0.02133 F1080
G1 X123.3067 Y106.9146 Z0.4536 E0.02133 F1080
G1 X123.6554 Y107.1107 Z0.4539 E0.02133 F1080
G1 X123.9973 Y107.3183 Z0.4542 E0.02133 F1080
G1 X124.3322 Y107.5371 Z0.4546 E0.02133 F1080
G1 X124.6597 Y107.7668 Z0.4549 E0.02133 F1080
G1 X124.9794 Y108.0072 Z0.4553 E0.02133 F1080
G1 X125.2910 Y108.2581 Z0.4556 E0.02133 F1080
G1 X125.5941 Y108.5192 Z0.4559 E0.02133 F1080
G1 X125.8884 Y108.7901 Z0.4563 E0.02133 F1080
G1 X126.1735 Y109.0707 Z0.4566 E0.02133 F1080
G1 X126.4493 Y109.3605 Z0.4570 E0.02133 F1080
G1 X126.7153 Y109.6593 Z0.4573 E0.02133 F1080
G1 X126.9712 Y109.9667 Z0.4577 E0.02133 F1080
G1 X127.2169 Y110.2824 Z0.4580 E0.02133 F1080
G1 X127.4520 Y110.6060 Z0.4583 E0.02133 F1080
G1 X127.6763 Y110.9373 Z0.4587 E0.02133 F1080
G1 X127.8896 Y111.2757 Z0.4590 E0.02133 F1080
G1 X128.0915 Y111.6210 Z0.4594 E0.02133 F1080
G1 X128.2819 Y111.9728 Z0.4597 E0.02133 F1080
G1 X128.4606 Y112.3307 Z0.4601 E0.02133 F1080
G1 X128.6274 Y112.6943 Z0.4604 E0.02133 F1080
G1 X128.7821 Y113.0632 Z0.4607 E0.02133 F1080
G1 X128.9246 Y113.4370 Z0.4611 E0.02133 F1080
G1 X129.0546 Y113.8153 Z0.4614 E0.02133 F1080
G1 X129.1721 Y114.1977 Z0.4618 E0.02133 F1080
G1 X129.2769 Y114.5838 Z0.4621 E0.02133 F1080
G1 X129.3690 Y114.9731 Z0.4625 E0.02133 F1080
G1 X129.4481 Y115.3652 Z0.4628 E0.02133 F1080
G1 X129.5143 Y115.7597 Z0.4632 E0.02133 F1080
G1 X129.5675 Y116.1562 Z0.4635 E0.02133 F1080
G1 X129.6075 Y116.5542 Z0.4639 E0.02133 F1080
G1 X129.6345 Y116.9533 Z0.4642 E0.02133 F1080
G1 X129.6482 Y117.3531 Z0.4645 E0.02133 F1080
G1 X129.6489 Y117.7531 Z0.4649 E0.02133 F1080
G1 X129.6363 Y118.1530 Z0.4652 E0.02133 F1080
G1 X129.6106 Y118.5522 Z0.4656 E0.02133 F1080
G1 X129.5718 Y118.9503 Z0.4659 E0.02133 F1080
G1 X129.5198 Y119.3469 Z0.4663 E0.02133 F1080
G1 X129.4549 Y119.7417 Z0.4666 E0.02133 F1080
G1 X129.3771 Y120.1340 Z0.4670 E0.02133 F1080
G1 X129.2863 Y120.5236 Z0.4673 E0.02133 F1080
G1 X129.1828 Y120.9101 Z0.4677 E0.02133 F1080
G1 X129.0667 Y121.2929 Z0.4680 E0.02133 F1080
G1 X128.9381 Y121.6716 Z0.4684 E0.02133 F1080
G1 X128.7970 Y122.0460 Z0.4687 E0.02133 F1080
G1 X128.6438 Y122.4155 Z0.4691 E0.02133 F1080
G1 X128.4785 Y122.7798 Z0.4694 E0.02133 F1080
G1 X128.3013 Y123.1384 Z0.4698 E0.02133 F1080
G1 X128.1125 Y123.4911 Z0.4701 E0.02133 F1080
G1 X127.9122 Y123.8373 Z0.4705 E0.02133 F1080
G1 X127.7006 Y124.1768 Z0.4708 E0.02133 F1080
G1 X127.4780 Y124.5092 Z0.4712 E0.02133 F1080
G1 X127.2447 Y124.8341 Z0.4715 E0.02133 F1080
G1 X127.0007 Y125.1512 Z0.4719 E0.02133 F1080
G1 X126.7466 Y125.4601 Z0.4723 E0.02133 F1080
G1 X126.4824 Y125.7605 Z0.4726 E0.02133 F1080
G1 X126.2086 Y126.0521 Z0.4730 E0.02133 F1080
G1 X125.9253 Y126.3345 Z0.4733 E0.02133 F1080
G1 X125.6329 Y126.6075 Z0.4737 E0.02133 F1080
G1 X125.3317 Y126.8708 Z0.4740 E0.02133 F1080
G1 X125.0221 Y127.1241 Z0.4744 E0.02133 F1080
G1 X124.7044 Y127.3671 Z0.4747 E0.02133 F1080
G1 X124.3788 Y127.5996 Z0.4751 E0.02133 F1080
G1 X124.0459 Y127.8213 Z0.4754 E0.02133 F1080
G1 X123.7058 Y128.0320 Z0.4758 E0.02133 F1080
G1 X123.3591 Y128.2314 Z0.4761 E0.02133 F1080
G1 X123.0060 Y128.4194 Z0.4765 E0.02133 F1080
G1 X122.6469 Y128.5958 Z0.4769 E0.02133 F1080
G1 X122.2823 Y128.7603 Z0.4772 E0.02133 F1080
G1 X121.9124 Y128.9128 Z0.4776 E0.02133 F1080
G1 X121.5378 Y129.0531 Z0.4779 E0.02133 F1080
G1 X121.1588 Y129.1811 Z0.4783 E0.02133 F1080
G1 X120.7759 Y129.2967 Z0.4786 E0.02133 F1080
G1 X120.3893 Y129.3997 Z0.4790 E0.02133 F1080
G1 X119.9996 Y129.4900 Z0.4794 E0.02133 F1080
G1 X119.6072 Y129.5675 Z0.4797 E0.02133 F1080
G1 X119.2124 Y129.6322 Z0.4801 E0.02133 F1080
G1 X118.8158 Y129.6840 Z0.4804 E0.02133 F1080
G1 X118.4176 Y129.7227 Z0.4808 E0.02133 F1080
G1 X118.0184 Y129.7485 Z0.4811 E0.02133 F1080
G1 X117.6186 Y129.7612 Z0.4815 E0.02133 F1080
G1 X117.2186 Y129.7609 Z0.4819 E0.02133 F1080
G1 X116.8188 Y129.7475 Z0.4822 E0.02133 F1080
G1 X116.4196 Y129.7212 Z0.4826 E0.02133 F1080
G1 X116.0215 Y129.6818 Z0.4829 E0.02133 F1080
G1 X115.6249 Y129.6294 Z0.4833 E0.02133 F1080
G1 X115.2303 Y129.5642 Z0.4837 E0.02133 F1080
G1 X114.8379 Y129.4861 Z0.4840 E0.02133 F1080
G1 X114.4483 Y129.3953 Z0.4844 E0.02133 F1080
G1 X114.0619 Y129.2918 Z0.4847 E0.02133 F1080
G1 X113.6791 Y129.1759 Z0.4851 E0.02133 F1080
G1 X113.3002 Y129.0475 Z0.4855 E0.02133 F1080
G1 X112.9257 Y128.9068 Z0.4858 E0.02133 F1080
G1 X112.5560 Y128.7541 Z0.4862 E0.02133 F1080
G1 X112.1915 Y128.5894 Z0.4866 E0.02133 F1080
G1 X111.8325 Y128.4129 Z0.4869 E0.02133 F1080
G1 X111.4794 Y128.2248 Z0.4873 E0.02133 F1080
G1 X111.1327 Y128.0254 Z0.4876 E0.02133 F1080
G1 X110.7926 Y127.8147 Z0.4880 E0.02133 F1080
G1 X110.4595 Y127.5932 Z0.4884 E0.02133 F1080
G1 X110.1338 Y127.3609 Z0.4887 E0.02133 F1080
G1 X109.8159 Y127.1182 Z0.4891 E0.02133 F1080
G1 X109.5059 Y126.8652 Z0.4895 E0.02133 F1080
G1 X109.2044 Y126.6024 Z0.4898 E0.02133 F1080
G1 X108.9116 Y126.3298 Z0.4902 E0.02133 F1080
G1 X108.6277 Y126.0480 Z0.4906 E0.02133 F1080
G1 X108.3532 Y125.7570 Z0.4909 E0.02133 F1080
G1 X108.0883 Y125.4573 Z0.4913 E0.02133 F1080
G1 X107.8332 Y125.1491 Z0.4917 E0.02133 F1080
G1 X107.5883 Y124.8329 Z0.4920 E0.02133 F1080
G1 X107.3537 Y124.5088 Z0.4924 E0.02133 F1080
G1 X107.1298 Y124.1773 Z0.4928 E0.02133 F1080
G1 X106.9167 Y123.8388 Z0.4931 E0.02133 F1080
G1 X106.7148 Y123.4935 Z0.4935 E0.02133 F1080
G1 X106.5241 Y123.1418 Z0.4939 E0.02133 F1080
G1 X106.3449 Y122.7841 Z0.4942 E0.02133 F1080
G1 X106.1775 Y122.4209 Z0.4946 E0.02133 F1080
G1 X106.0218 Y122.0523 Z0.4950 E0.02133 F1080
G1 X105.8782 Y121.6790 Z0.4953 E0.02133 F1080
G1 X105.7468 Y121.3012 Z0.4957 E0.02133 F1080
G1 X105.6277 Y120.9193 Z0.4961 E0.02133 F1080
G1 X105.5210 Y120.5338 Z0.4964 E0.02133 F1080
G1 X105.4268 Y120.1450 Z0.4968 E0.02133 F1080
G1 X105.3452 Y119.7533 Z0.4972 E0.02133 F1080
G1 X105.2764 Y119.3593 Z0.4975 E0.02133 F1080
G1 X105.2204 Y118.9632 Z0.4979 E0.02133 F1080
G1 X105.1772 Y118.5655 Z0.4983 E0.02133 F1080
G1 X105.1468 Y118.1666 Z0.4986 E0.02133 F1080
G1 X105.1294 Y117.7670 Z0.4990 E0.02133 F1080
G1 X105.1249 Y117.3670 Z0.4994 E0.02133 F1080
G1 X105.1334 Y116.9671 Z0.4998 E0.02133 F1080
G1 X105.1548 Y116.5676 Z0.5001 E0.02133 F1080
G1 X105.1890 Y116.1690 Z0.5005 E0.02133 F1080
G1 X105.2361 Y115.7718 Z0.5009 E0.02133 F1080
G1 X105.2961 Y115.3763 Z0.5012 E0.02133 F1080
G1 X105.3687 Y114.9829 Z0.5016 E0.02133 F1080
G1 X105.4541 Y114.5921 Z0.5020 E0.02133 F1080
G1 X105.5519 Y114.2042 Z0.5024 E0.02133 F1080
G1 X105.6623 Y113.8197 Z0.5027 E0.02133 F1080
G1 X105.7850 Y113.4390 Z0.5031 E0.02133 F1080
G1 X105.9199 Y113.0624 Z0.5035 E0.02133 F1080
G1 X106.0669 Y112.6904 Z0.5038 E0.02133 F1080
G1 X106.2259 Y112.3233 Z0.5042 E0.02133 F1080
G1 X106.3965 Y111.9615 Z0.5046 E0.02133 F1080
G1 X106.5788 Y111.6054 Z0.5050 E0.02133 F1080
G1 X106.7724 Y111.2553 Z0.5053 E0.02133 F1080
G1 X106.9772 Y110.9117 Z0.5057 E0.02133 F1080
G1 X107.1930 Y110.5749 Z0.5061 E0.02133 F1080
G1 X107.4195 Y110.2452 Z0.5065 E0.02133 F1080
G1 X107.6566 Y109.9229 Z0.5068 E0.02133 F1080
G1 X107.9038 Y109.6085 Z0.5072 E0.02133 F1080
G1 X108.1611 Y109.3021 Z0.5076 E0.02133 F1080
G1 X108.4281 Y109.0042 Z0.5080 E0.02133 F1080
G1 X108.7045 Y108.7151 Z0.5083 E0.02133 F1080
G1 X108.9901 Y108.4350 Z0.5087 E0.02133 F1080
G1 X109.2846 Y108.1642 Z0.5091 E0.02133 F1080
G1 X109.5876 Y107.9031 Z0.5095 E0.02133 F1080
G1 X109.8989 Y107.6518 Z0.5098 E0.02133 F1080
G1 X110.2180 Y107.4107 Z0.5102 E0.02133 F1080
G1 X110.5448 Y107.1799 Z0.5106 E0.02133 F1080
G1 X110.8788 Y106.9598 Z0.5110 E0.02133 F1080
G1 X111.2197 Y106.7505 Z0.5113 E0.02133 F1080
G1 X111.5672 Y106.5523 Z0.5117 E0.02133 F1080
G1 X111.9208 Y106.3653 Z0.5121 E0.02133 F1080
G1 X112.2803 Y106.1898 Z0.5125 E0.02133 F1080
G1 X112.6452 Y106.0260 Z0.5129 E0.02133 F1080
G1 X113.0152 Y105.8739 Z0.5132 E0.02133 F1080
G1 X113.3899 Y105.7338 Z0.5136 E0.02133 F1080
G1 X113.7689 Y105.6057 Z0.5140 E0.02133 F1080
G1 X114.1518 Y105.4900 Z0.5144 E0.02133 F1080
G1 X114.5382 Y105.3865 Z0.5147 E0.02133 F1080
G1 X114.9277 Y105.2955 Z0.5151 E0.02133 F1080
G1 X115.3200 Y105.2170 Z0.5155 E0.02133 F1080
G1 X115.7146 Y105.1512 Z0.5159 E0.02133 F1080
G1 X116.1110 Y105.0980 Z0.5163 E0.02133 F1080
G1 X116.5090 Y105.0576 Z0.5166 E0.02133 F1080
G1 X116.9081 Y105.0299 Z0.5170 E0.02133 F1080
G1 X117.3078 Y105.0151 Z0.5174 E0.02133 F1080
G1 X117.7079 Y105.0130 Z0.5178 E0.02133 F1080
G1 X118.1077 Y105.0238 Z0.5182 E0.02133 F1080
G1 X118.5071 Y105.0474 Z0.5186 E0.02133 F1080
G1 X118.9054 Y105.0837 Z0.5189 E0.02133 F1080
G1 X119.3025 Y105.1328 Z0.5193 E0.02133 F1080
G1 X119.6977 Y105.1945 Z0.5197 E0.02133 F1080
G1 X120.0907 Y105.2689 Z0.5201 E0.02133 F1080
G1 X120.4812 Y105.3558 Z0.5205 E0.02133 F1080
G1 X120.8687 Y105.4552 Z0.5208 E0.02133 F1080
G1 X121.2528 Y105.5669 Z0.5212 E0.02133 F1080
G1 X121.6332 Y105.6908 Z0.5216 E0.02133 F1080
G1 X122.0094 Y105.8268 Z0.5220 E0.02133 F1080
G1 X122.3810 Y105.9748 Z0.5224 E0.02133 F1080
G1 X122.7477 Y106.1345 Z0.5228 E0.02133 F1080
G1 X123.1092 Y106.3060 Z0.5231 E0.02133 F1080
G1 X123.4650 Y106.4888 Z0.5235 E0.02133 F1080
G1 X123.8147 Y106.6830 Z0.5239 E0.02133 F1080
G1 X124.1581 Y106.8882 Z0.5243 E0.02133 F1080
G1 X124.4948 Y107.1042 Z0.5247 E0.02133 F1080
G1 X124.8244 Y107.3309 Z0.5251 E0.02133 F1080
G1 X125.1465 Y107.5680 Z0.5254 E0.02133 F1080
G1 X125.4610 Y107.8153 Z0.5258 E0.02133 F1080
G1 X125.7674 Y108.0725 Z0.5262 E0.02133 F1080
G1 X126.0654 Y108.3393 Z0.5266 E0.02133 F1080
G1 X126.3548 Y108.6155 Z0.5270 E0.02133 F1080
G1 X126.6352 Y108.9007 Z0.5274 E0.02133 F1080
G1 X126.9064 Y109.1948 Z0.5278 E0.02133 F1080
G1 X127.1681 Y109.4974 Z0.5281 E0.02133 F1080
G1 X127.4200 Y109.8081 Z0.5285 E0.02133 F1080
G1 X127.6619 Y110.1267 Z0.5289 E0.02133 F1080
G1 X127.8935 Y110.4529 Z0.5293 E0.02133 F1080
G1 X128.1146 Y110.7863 Z0.5297 E0.02133 F1080
G1 X128.3250 Y111.1265 Z0.5301 E0.02133 F1080
G1 X128.5244 Y111.4733 Z0.5305 E0.02133 F1080
G1 X128.7127 Y111.8262 Z0.5309 E0.02133 F1080
G1 X128.8896 Y112.1850 Z0.5312 E0.02133 F1080
G1 X129.0551 Y112.5492 Z0.5316 E0.02133 F1080
G1 X129.2089 Y112.9185 Z0.5320 E0.02133 F1080
G1 X129.3508 Y113.2925 Z0.5324 E0.02133 F1080
G1 X129.4808 Y113.6708 Z0.5328 E0.02133 F1080
G1 X129.5987 Y114.0531 Z0.5332 E0.02133 F1080
G1 X129.7044 Y114.4389 Z0.5336 E0.02133 F1080
G1 X129.7977 Y114.8279 Z0.5340 E0.02133 F1080
G1 X129.8787 Y115.2196 Z0.5344 E0.02133 F1080
G1 X129.9471 Y115.6137 Z0.5347 E0.02133 F1080
G1 X130.0030 Y116.0098 Z0.5351 E0.02133 F1080
G1 X130.0463 Y116.4075 Z0.5355 E0.02133 F1080
G1 X130.0769 Y116.8064 Z0.5359 E0.02133 F1080
G1 X130.0949 Y117.2060 Z0.5363 E0.02133 F1080
G1 X130.1002 Y117.6060 Z0.5367 E0.02133 F1080
G1 X130.0927 Y118.0059 Z0.5371 E0.02133 F1080
G1 X130.0726 Y118.4054 Z0.5375 E0.02133 F1080
G1 X130.0398 Y118.8041 Z0.5379 E0.02133 F1080
G1 X129.9944 Y119.2016 Z0.5383 E0.02133 F1080
G1 X129.9363 Y119.5974 Z0.5386 E0.02133 F1080
G1 X129.8658 Y119.9911 Z0.5390 E0.02133 F1080
G1 X129.7828 Y120.3824 Z0.5394 E0.02133 F1080
G1 X129.6875 Y120.7709 Z0.5398 E0.02133 F1080
G1 X129.5799 Y121.1562 Z0.5402 E0.02133 F1080
G1 X129.4601 Y121.5379 Z0.5406 E0.02133 F1080
G1 X129.3283 Y121.9156 Z0.5410 E0.02133 F1080
G1 X129.1846 Y122.2889 Z0.5414 E0.02133 F1080
G1 X129.0291 Y122.6575 Z0.5418 E0.02133 F1080
G1 X128.8621 Y123.0210 Z0.5422 E0.02133 F1080
G1 X128.6836 Y123.3790 Z0.5426 E0.02133 F1080
G1 X128.4939 Y123.7311 Z0.5430 E0.02133 F1080
G1 X128.2931 Y124.0771 Z0.5434 E0.02133 F1080
G1 X128.0815 Y124.4166 Z0.5438 E0.02133 F1080
G1 X127.8592 Y124.7492 Z0.5441 E0.02133 F1080
G1 X127.6265 Y125.0746 Z0.5445 E0.02133 F1080
G1 X127.3837 Y125.3925 Z0.5449 E0.02133 F1080
G1 X127.1309 Y125.7025 Z0.5453 E0.02133 F1080
G1 X126.8685 Y126.0044 Z0.5457 E0.02133 F1080
G1 X126.5966 Y126.2978 Z0.5461 E0.02133 F1080
G1 X126.3156 Y126.5826 Z0.5465 E0.02133 F1080
G1 X126.0257 Y126.8582 Z0.5469 E0.02133 F1080
G1 X125.7273 Y127.1246 Z0.5473 E0.02133 F1080
G1 X125.4206 Y127.3815 Z0.5477 E0.02133 F1080
G1 X125.1060 Y127.6285 Z0.5481 E0.02133 F1080
G1 X124.7837 Y127.8654 Z0.5485 E0.02133 F1080
G1 X124.4541 Y128.0921 Z0.5489 E0.02133 F1080
G1 X124.1175 Y128.3082 Z0.5493 E0.02133 F1080
G1 X123.7742 Y128.5136 Z0.5497 E0.02133 F1080
G1 X123.4246 Y128.7081 Z0.5501 E0.02133 F1080
G1 X123.0691 Y128.8915 Z0.5505 E0.02133 F1080
G1 X122.7080 Y129.0635 Z0.5509 E0.02133 F1080
G1 X122.3416 Y129.2241 Z0.5513 E0.02133 F1080
G1 X121.9703 Y129.3730 Z0.5517 E0.02133 F1080
G1 X121.5945 Y129.5102 Z0.5521 E0.02133 F1080
G1 X121.2146 Y129.6354 Z0.5525 E0.02133 F1080
G1 X120.8310 Y129.7486 Z0.5529 E0.02133 F1080
G1 X120.4439 Y129.8497 Z0.5533 E0.02133 F1080
G1 X120.0539 Y129.9385 Z0.5537 E0.02133 F1080
G1 X119.6612 Y130.0150 Z0.5541 E0.02133 F1080
G1 X119.2664 Y130.0791 Z0.5545 E0.02133 F1080
G1 X118.8697 Y130.1307 Z0.5549 E0.02133 F1080
G1 X118.4716 Y130.1698 Z0.5553 E0.02133 F1080
G1 X118.0724 Y130.1964 Z0.5557 E0.02133 F1080
G1 X117.6727 Y130.2104 Z0.5561 E0.02133 F1080
G1 X117.2726 Y130.2117 Z0.5565 E0.02133 F1080
G1 X116.8728 Y130.2006 Z0.5569 E0.02133 F1080
G1 X116.4734 Y130.1768 Z0.5573 E0.02133 F1080
G1 X116.0751 Y130.1405 Z0.5577 E0.02133 F1080
G1 X115.6780 Y130.0917 Z0.5581 E0.02133 F1080
G1 X115.2827 Y130.0304 Z0.5585 E0.02133 F1080
G1 X114.8896 Y129.9567 Z0.5589 E0.02133 F1080
G1 X114.4989 Y129.8707 Z0.5593 E0.02133 F1080
G1 X114.1111 Y129.7725 Z0.5597 E0.02133 F1080
G1 X113.7266 Y129.6621 Z0.5601 E0.02133 F1080
G1 X113.3458 Y129.5397 Z0.5605 E0.02133 F1080
G1 X112.9689 Y129.4055 Z0.5609 E0.02133 F1080
G1 X112.5965 Y129.2594 Z0.5613 E0.02133 F1080
G1 X112.2289 Y129.1017 Z0.5617 E0.02133 F1080
G1 X111.8664 Y128.9326 Z0.5621 E0.02133 F1080
G1 X111.5093 Y128.7522 Z0.5625 E0.02133 F1080
G1 X111.1582 Y128.5607 Z0.5629 E0.02133 F1080
G1 X110.8132 Y128.3582 Z0.5633 E0.02133 F1080
G1 X110.4747 Y128.1450 Z0.5637 E0.02133 F1080
G1 X110.1430 Y127.9213 Z0.5641 E0.02133 F1080
G1 X109.8186 Y127.6873 Z0.5645 E0.02133 F1080
G1 X109.5016 Y127.4433 Z0.5649 E0.02133 F1080
G1 X109.1925 Y127.1895 Z0.5653 E0.02133 F1080
G1 X108.8914 Y126.9260 Z0.5657 E0.02133 F1080
G1 X108.5987 Y126.6533 Z0.5661 E0.02133 F1080
G1 X108.3148 Y126.3716 Z0.5665 E0.02133 F1080
G1 X108.0398 Y126.0811 Z0.5669 E0.02133 F1080
G1 X107.7740 Y125.7821 Z0.5673 E0.02133 F1080
G1 X107.5177 Y125.4749 Z0.5677 E0.02133 F1080
G1 X107.2712 Y125.1599 Z0.5681 E0.02133 F1080
G1 X107.0347 Y124.8373 Z0.5685 E0.02133 F1080
G1 X106.8083 Y124.5075 Z0.5689 E0.02133 F1080
G1 X106.5924 Y124.1707 Z0.5693 E0.02133 F1080
G1 X106.3871 Y123.8274 Z0.5697 E0.02133 F1080
G1 X106.1927 Y123.4778 Z0.5701 E0.02133 F1080
G1 X106.0093 Y123.1223 Z0.5706 E0.02133 F1080
G1 X105.8371 Y122.7612 Z0.5710 E0.02133 F1080
G1 X105.6763 Y122.3949 Z0.5714 E0.02133 F1080
G1 X105.5270 Y122.0238 Z0.5718 E0.02133 F1080
G1 X105.3894 Y121.6482 Z0.5722 E0.02133 F1080
G1 X105.2635 Y121.2685 Z0.5726 E0.02133 F1080
G1 X105.1496 Y120.8850 Z0.5730 E0.02133 F1080
G1 X105.0478 Y120.4982 Z0.5734 E0.02133 F1080
G1 X104.9580 Y120.1084 Z0.5738 E0.02133 F1080
G1 X104.8805 Y119.7159 Z0.5742 E0.02133 F1080
G1 X104.8153 Y119.3212 Z0.5746 E0.02133 F1080
G1 X104.7624 Y118.9247 Z0.5750 E0.02133 F1080
G1 X104.7219 Y118.5268 Z0.5754 E0.02133 F1080
G1 X104.6939 Y118.1277 Z0.5758 E0.02133 F1080
G1 X104.6783 Y117.7280 Z0.5763 E0.02133 F1080
G1 X104.6752 Y117.3280 Z0.5767 E0.02133 F1080
G1 X104.6846 Y116.9281 Z0.5771 E0.02133 F1080
G1 X104.7064 Y116.5286 Z0.5775 E0.02133 F1080
G1 X104.7407 Y116.1301 Z0.5779 E0.02133 F1080
G1 X104.7874 Y115.7328 Z0.5783 E0.02133 F1080
G1 X104.8464 Y115.3371 Z0.5787 E0.02133 F1080
G1 X104.9177 Y114.9435 Z0.5791 E0.02133 F1080
G1 X105.0013 Y114.5523 Z0.5795 E0.02133 F1080
G1 X105.0970 Y114.1639 Z0.5799 E0.02133 F1080
G1 X105.2048 Y113.7787 Z0.5803 E0.02133 F1080
G1 X105.3245 Y113.3970 Z0.5808 E0.02133 F1080
G1 X105.4560 Y113.0192 Z0.5812 E0.02133 F1080
G1 X105.5992 Y112.6457 Z0.5816 E0.02133 F1080
G1 X105.7540 Y112.2768 Z0.5820 E0.02133 F1080
G1 X105.9202 Y111.9130 Z0.5824 E0.02133 F1080
G1 X106.0976 Y111.5544 Z0.5828 E0.02133 F1080
G1 X106.2861 Y111.2016 Z0.5832 E0.02133 F1080
G1 X106.4854 Y110.8548 Z0.5836 E0.02133 F1080
G1 X106.6955 Y110.5144 Z0.5840 E0.02133 F1080
G1 X106.9160 Y110.1806 Z0.5844 E0.02133 F1080
G1 X107.1468 Y109.8539 Z0.5849 E0.02133 F1080
G1 X107.3877 Y109.5345 Z0.5853 E0.02133 F1080
G1 X107.6383 Y109.2227 Z0.5857 E0.02133 F1080
G1 X107.8985 Y108.9189 Z0.5861 E0.02133 F1080
G1 X108.1681 Y108.6233 Z0.5865 E0.02133 F1080
G1 X108.4466 Y108.3362 Z0.5869 E0.02133 F1080
G1 X108.7340 Y108.0579 Z0.5873 E0.02133 F1080
G1 X109.0299 Y107.7887 Z0.5877 E0.02133 F1080
G1 X109.3339 Y107.5288 Z0.5882 E0.02133 F1080
G1 X109.6459 Y107.2784 Z0.5886 E0.02133 F1080
G1 X109.9655 Y107.0379 Z0.5890 E0.02133 F1080
G1 X110.2925 Y106.8073 Z0.5894 E0.02133 F1080
G1 X110.6264 Y106.5871 Z0.5898 E0.02133 F1080
G1 X110.9670 Y106.3773 Z0.5902 E0.02133 F1080
G1 X111.3139 Y106.1781 Z0.5906 E0.02133 F1080
G1 X111.6668 Y105.9898 Z0.5910 E0.02133 F1080
G1 X112.0254 Y105.8125 Z0.5915 E0.02133 F1080
G1 X112.3893 Y105.6465 Z0.5919 E0.02133 F1080
G1 X112.7582 Y105.4917 Z0.5923 E0.02133 F1080
G1 X113.1317 Y105.3485 Z0.5927 E0.02133 F1080
G1 X113.5095 Y105.2170 Z0.5931 E0.02133 F1080
G1 X113.8912 Y105.0971 Z0.5935 E0.02133 F1080
G1 X114.2764 Y104.9892 Z0.5939 E0.02133 F1080
G1 X114.6647 Y104.8932 Z0.5944 E0.02133 F1080
G1 X115.0558 Y104.8094 Z0.5948 E0.02133 F1080
G1 X115.4494 Y104.7376 Z0.5952 E0.02133 F1080
G1 X115.8449 Y104.6781 Z0.5956 E0.02133 F1080
G1 X116.2422 Y104.6308 Z0.5960 E0.02133 F1080
G1 X116.6406 Y104.5958 Z0.5964 E0.02133 F1080
G1 X117.0400 Y104.5732 Z0.5969 E0.02133 F1080
G1 X117.4399 Y104.5630 Z0.5973 E0.02133 F1080
G1 X117.8399 Y104.5651 Z0.5977 E0.02133 F1080
G1 X118.2397 Y104.5796 Z0.5981 E0.02133 F1080
G1 X118.6388 Y104.6064 Z0.5985 E0.02133 F1080
G1 X119.0369 Y104.6455 Z0.5989 E0.02133 F1080
G1 X119.4336 Y104.6970 Z0.5994 E0.02133 F1080
G1 X119.8286 Y104.7606 Z0.5998 E0.02133 F1080
G1 X120.2213 Y104.8364 Z0.6002 E0.02133 F1080
G1 X120.6116 Y104.9244 Z0.6006 E0.02133 F1080
G1 X120.9989 Y105.0243 Z0.6010 E0.02133 F1080
G1 X121.3830 Y105.1361 Z0.6014 E0.02133 F1080
G1 X121.7634 Y105.2598 Z0.6019 E0.02133 F1080
G1 X122.1399 Y105.3951 Z0.6023 E0.02133 F1080
G1 X122.5120 Y105.5419 Z0.6027 E0.02133 F1080
G1 X122.8794 Y105.7002 Z0.6031 E0.02133 F1080
G1 X123.2417 Y105.8697 Z0.6035 E0.02133 F1080
G1 X123.5986 Y106.0504 Z0.6039 E0.02133 F1080
G1 X123.9498 Y106.2419 Z0.6044 E0.02133 F1080
G1 X124.2949 Y106.4442 Z0.6048 E0.02133 F1080
G1 X124.6336 Y106.6570 Z0.6052 E0.02133 F1080
G1 X124.9656 Y106.8802 Z0.6056 E0.02133 F1080
G1 X125.2906 Y107.1134 Z0.6060 E0.02133 F1080
G1 X125.6082 Y107.3566 Z0.6065 E0.02133 F1080
G1 X125.9182 Y107.6095 Z0.6069 E0.02133 F1080
G1 X126.2202 Y107.8717 Z0.6073 E0.02133 F1080
G1 X126.5140 Y108.1432 Z0.6077 E0.02133 F1080
G1 X126.7994 Y108.4236 Z0.6081 E0.02133 F1080
G1 X127.0759 Y108.7126 Z0.6086 E0.02133 F1080
G1 X127.3435 Y109.0100 Z0.6090 E0.02133 F1080
G1 X127.6017 Y109.3154 Z0.6094 E0.02133 F1080
G1 X127.8505 Y109.6287 Z0.6098 E0.02133 F1080
G1 X128.0895 Y109.9495 Z0.6102 E0.02133 F1080
G1 X128.3185 Y110.2775 Z0.6107 E0.02133 F1080
G1 X128.5373 Y110.6124 Z0.6111 E0.02133 F1080
G1 X128.7457 Y110.9538 Z0.6115 E0.02133 F1080
G1 X128.9435 Y111.3015 Z0.6119 E0.02133 F1080
G1 X129.1306 Y111.6551 Z0.6123 E0.02133 F1080
G1 X129.3067 Y112.0143 Z0.6128 E0.02133 F1080
G1 X129.4716 Y112.3787 Z0.6132 E0.02133 F1080
G1 X129.6253 Y112.7480 Z0.6136 E0.02133 F1080
G1 X129.7676 Y113.1219 Z0.6140 E0.02133 F1080
G1 X129.8984 Y113.5000 Z0.6144 E0.02133 F1080
G1 X130.0174 Y113.8818 Z0.6149 E0.02133 F1080
G1 X130.1247 Y114.2672 Z0.6153 E0.02133 F1080
G1 X130.2201 Y114.6557 Z0.6157 E0.02133 F1080
G1 X130.3036 Y115.0469 Z0.6161 E0.02133 F1080
G1 X130.3750 Y115.4405 Z0.6166 E0.02133 F1080
G1 X130.4343 Y115.8361 Z0.6170 E0.02133 F1080
G1 X130.4814 Y116.2334 Z0.6174 E0.02133 F1080
G1 X130.5163 Y116.6319 Z0.6178 E0.02133 F1080
G1 X130.5390 Y117.0312 Z0.6183 E0.02133 F1080
G1 X130.5494 Y117.4311 Z0.6187 E0.02133 F1080
G1 X130.5476 Y117.8311 Z0.6191 E0.02133 F1080
G1 X130.5335 Y118.2309 Z0.6195 E0.02133 F1080
G1 X130.5072 Y118.6301 Z0.6199 E0.02133 F1080
G1 X130.4687 Y119.0282 Z0.6204 E0.02133 F1080
G1 X130.4179 Y119.4250 Z0.6208 E0.02133 F1080
G1 X130.3551 Y119.8201 Z0.6212 E0.02133 F1080
G1 X130.2802 Y120.2130 Z0.6216 E0.02133 F1080
G1 X130.1933 Y120.6035 Z0.6221 E0.02133 F1080
G1 X130.0945 Y120.9911 Z0.6225 E0.02133 F1080
G1 X129.9838 Y121.3756 Z0.6229 E0.02133 F1080
G1 X129.8615 Y121.7564 Z0.6233 E0.02133 F1080
G1 X129.7275 Y122.1333 Z0.6238 E0.02133 F1080
G1 X129.5821 Y122.5060 Z0.6242 E0.02133 F1080
G1 X129.4254 Y122.8740 Z0.6246 E0.02133 F1080
G1 X129.2575 Y123.2371 Z0.6250 E0.02133 F1080
G1 X129.0785 Y123.5949 Z0.6255 E0.02133 F1080
G1 X128.8887 Y123.9470 Z0.6259 E0.02133 F1080
G1 X128.6882 Y124.2932 Z0.6263 E0.02133 F1080
G1 X128.4773 Y124.6331 Z0.6267 E0.02133 F1080
G1 X128.2561 Y124.9663 Z0.6272 E0.02133 F1080
G1 X128.0247 Y125.2927 Z0.6276 E0.02133 F1080
G1 X127.7836 Y125.6118 Z0.6280 E0.02133 F1080
G1 X127.5327 Y125.9235 Z0.6284 E0.02133 F1080
G1 X127.2725 Y126.2273 Z0.6289 E0.02133 F1080
G1 X127.0032 Y126.5230 Z0.6293 E0.02133 F1080
G1 X126.7249 Y126.8104 Z0.6297 E0.02133 F1080
G1 X126.4380 Y127.0892 Z0.6301 E0.02133 F1080
G1 X126.1427 Y127.3590 Z0.6306 E0.02133 F1080
G1 X125.8393 Y127.6198 Z0.6310 E0.02133 F1080
G1 X125.5282 Y127.8711 Z0.6314 E0.02133 F1080
G1 X125.2095 Y128.1129 Z0.6319 E0.02133 F1080
G1 X124.8835 Y128.3448 Z0.6323 E0.02133 F1080
G1 X124.5507 Y128.5667 Z0.6327 E0.02133 F1080
G1 X124.2112 Y128.7783 Z0.6331 E0.02133 F1080
G1 X123.8655 Y128.9795 Z0.6336 E0.02133 F1080
G1 X123.5137 Y129.1701 Z0.6340 E0.02133 F1080
G1 X123.1564 Y129.3498 Z0.6344 E0.02133 F1080
G1 X122.7937 Y129.5186 Z0.6348 E0.02133 F1080
G1 X122.4261 Y129.6763 Z0.6353 E0.02133 F1080
G1 X122.0538 Y129.8226 Z0.6357 E0.02133 F1080
G1 X121.6772 Y129.9576 Z0.6361 E0.02133 F1080
G1 X121.2967 Y130.0811 Z0.6366 E0.02133 F1080
G1 X120.9127 Y130.1929 Z0.6370 E0.02133 F1080
G1 X120.5254 Y130.2930 Z0.6374 E0.02133 F1080
G1 X120.1352 Y130.3813 Z0.6378 E0.02133 F1080
G1 X119.7425 Y130.4576 Z0.6383 E0.02133 F1080
G1 X119.3477 Y130.5220 Z0.6387 E0.02133 F1080
G1 X118.9511 Y130.5743 Z0.6391 E0.02133 F1080
G1 X118.5531 Y130.6145 Z0.6396 E0.02133 F1080
G1 X118.1541 Y130.6427 Z0.6400 E0.02133 F1080
G1 X117.7544 Y130.6587 Z0.6404 E0.02133 F1080
G1 X117.3544 Y130.6625 Z0.6409 E0.02133 F1080
G1 X116.9545 Y130.6542 Z0.6413 E0.02133 F1080
G1 X116.5550 Y130.6337 Z0.6417 E0.02133 F1080
G1 X116.1563 Y130.6011 Z0.6421 E0.02133 F1080
G1 X115.7587 Y130.5564 Z0.6426 E0.02133 F1080
G1 X115.3628 Y130.4997 Z0.6430 E0.02133 F1080
G1 X114.9687 Y130.4309 Z0.6434 E0.02133 F1080
G1 X114.5769 Y130.3502 Z0.6439 E0.02133 F1080
G1 X114.1877 Y130.2577 Z0.6443 E0.02133 F1080
G1 X113.8015 Y130.1534 Z0.6447 E0.02133 F1080
G1 X113.4187 Y130.0375 Z0.6452 E0.02133 F1080
G1 X113.0395 Y129.9099 Z0.6456 E0.02133 F1080
G1 X112.6644 Y129.7710 Z0.6460 E0.02133 F1080
G1 X112.2937 Y129.6207 Z0.6465 E0.02133 F1080
G1 X111.9277 Y129.4593 Z0.6469 E0.02133 F1080
G1 X111.5668 Y129.2868 Z0.6473 E0.02133 F1080
G1 X111.2112 Y129.1035 Z0.6477 E0.02133 F1080
G1 X110.8614 Y128.9094 Z0.6482 E0.02133 F1080
G1 X110.5176 Y128.7049 Z0.6486 E0.02133 F1080
G1 X110.1802 Y128.4901 Z0.6490 E0.02133 F1080
G1 X109.8494 Y128.2651 Z0.6495 E0.02133 F1080
G1 X109.5256 Y128.0302 Z0.6499 E0.02133 F1080
G1 X109.2091 Y127.7856 Z0.6503 E0.02133 F1080
G1 X108.9001 Y127.5315 Z0.6508 E0.02133 F1080
G1 X108.5989 Y127.2682 Z0.6512 E0.02133 F1080
G1 X108.3059 Y126.9960 Z0.6516 E0.02133 F1080
G1 X108.0212 Y126.7149 Z0.6521 E0.02133 F1080
G1 X107.7452 Y126.4254 Z0.6525 E0.02133 F1080
G1 X107.4780 Y126.1277 Z0.6529 E0.02133 F1080
G1 X107.2200 Y125.8220 Z0.6534 E0.02133 F1080
G1 X106.9713 Y125.5086 Z0.6538 E0.02133 F1080
G1 X106.7323 Y125.1879 Z0.6542 E0.02133 F1080
G1 X106.5030 Y124.8601 Z0.6547 E0.02133 F1080
G1 X106.2837 Y124.5255 Z0.6551 E0.02133 F1080
G1 X106.0747 Y124.1845 Z0.6555 E0.02133 F1080
G1 X105.8760 Y123.8373 Z0.6560 E0.02133 F1080
G1 X105.6880 Y123.4842 Z0.6564 E0.02133 F1080
G1 X105.5106 Y123.1256 Z0.6568 E0.02133 F1080
G1 X105.3442 Y122.7619 Z0.6573 E0.02133 F1080
G1 X105.1889 Y122.3932 Z0.6577 E0.02133 F1080
G1 X105.0448 Y122.0201 Z0.6581 E0.02133 F1080
G1 X104.9119 Y121.6428 Z0.6586 E0.02133 F1080
G1 X104.7906 Y121.2616 Z0.6590 E0.02133 F1080
G1 X104.6808 Y120.8769 Z0.6594 E0.02133 F1080
G1 X104.5826 Y120.4891 Z0.6599 E0.02133 F1080
G1 X104.4962 Y120.0986 Z0.6603 E0.02133 F1080
G1 X104.4216 Y119.7056 Z0.6607 E0.02133 F1080
G1 X104.3589 Y119.3105 Z0.6612 E0.02133 F1080
G1 X104.3082 Y118.9137 Z0.6616 E0.02133 F1080
G1 X104.2694 Y118.5155 Z0.6621 E0.02133 F1080
G1 X104.2427 Y118.1164 Z0.6625 E0.02133 F1080
G1 X104.2279 Y117.7167 Z0.6629 E0.02133 F1080
G1 X104.2253 Y117.3167 Z0.6634 E0.02133 F1080
G1 X104.2347 Y116.9167 Z0.6638 E0.02133 F1080
G1 X104.2561 Y116.5173 Z0.6642 E0.02133 F1080
G1 X104.2896 Y116.1187 Z0.6647 E0.02133 F1080
G1 X104.3350 Y115.7212 Z0.6651 E0.02133 F1080
G1 X104.3924 Y115.3253 Z0.6655 E0.02133 F1080
G1 X104.4617 Y114.9314 Z0.6660 E0.02133 F1080
G1 X104.5428 Y114.5397 Z0.6664 E0.02133 F1080
G1 X104.6356 Y114.1506 Z0.6668 E0.02133 F1080
G1 X104.7402 Y113.7644 Z0.6673 E0.02133 F1080
G1 X104.8563 Y113.3816 Z0.6677 E0.02133 F1080
G1 X104.9838 Y113.0025 Z0.6682 E0.02133 F1080
G1 X105.1227 Y112.6274 Z0.6686 E0.02133 F1080
G1 X105.2728 Y112.2566 Z0.6690 E0.02133 F1080
G1 X105.4340 Y111.8905 Z0.6695 E0.02133 F1080
G1 X105.6062 Y111.5294 Z0.6699 E0.02133 F1080
G1 X105.7891 Y111.1736 Z0.6703 E0.02133 F1080
G1 X105.9826 Y110.8235 Z0.6708 E0.02133 F1080
G1 X106.1865 Y110.4794 Z0.6712 E0.02133 F1080
G1 X106.4007 Y110.1415 Z0.6717 E0.02133 F1080
G1 X106.6250 Y109.8103 Z0.6721 E0.02133 F1080
G1 X106.8591 Y109.4859 Z0.6725 E0.02133 F1080
G1 X107.1028 Y109.1687 Z0.6730 E0.02133 F1080
G1 X107.3559 Y108.8590 Z0.6734 E0.02133 F1080
G1 X107.6183 Y108.5570 Z0.6738 E0.02133 F1080
G1 X107.8895 Y108.2630 Z0.6743 E0.02133 F1080
G1 X108.1695 Y107.9772 Z0.6747 E0.02133 F1080
G1 X108.4579 Y107.7000 Z0.6752 E0.02133 F1080
G1 X108.7545 Y107.4316 Z0.6756 E0.02133 F1080
G1 X109.0590 Y107.1722 Z0.6760 E0.02133 F1080
G1 X109.3712 Y106.9221 Z0.6765 E0.02133 F1080
G1 X109.6907 Y106.6814 Z0.6769 E0.02133 F1080
G1 X110.0173 Y106.4504 Z0.6774 E0.02133 F1080
G1 X110.3506 Y106.2293 Z0.6778 E0.02133 F1080
G1 X110.6905 Y106.0183 Z0.6782 E0.02133 F1080
G1 X111.0365 Y105.8175 Z0.6787 E0.02133 F1080
G1 X111.3883 Y105.6272 Z0.6791 E0.02133 F1080
G1 X111.7458 Y105.4476 Z0.6796 E0.02133 F1080
G1 X112.1084 Y105.2787 Z0.6800 E0.02133 F1080
G1 X112.4759 Y105.1208 Z0.6804 E0.02133 F1080
G1 X112.8480 Y104.9739 Z0.6809 E0.02133 F1080
G1 X113.2243 Y104.8383 Z0.6813 E0.02133 F1080
G1 X113.6045 Y104.7139 Z0.6818 E0.02133 F1080
G1 X113.9883 Y104.6010 Z0.6822 E0.02133 F1080
G1 X114.3752 Y104.4997 Z0.6826 E0.02133 F1080
G1 X114.7651 Y104.4099 Z0.6831 E0.02133 F1080
G1 X115.1574 Y104.3319 Z0.6835 E0.02133 F1080
G1 X115.5519 Y104.2656 Z0.6840 E0.02133 F1080
G1 X115.9482 Y104.2111 Z0.6844 E0.02133 F1080
G1 X116.3460 Y104.1685 Z0.6848 E0.02133 F1080
G1 X116.7448 Y104.1379 Z0.6853 E0.02133 F1080
G1 X117.1444 Y104.1191 Z0.6857 E0.02133 F1080
G1 X117.5443 Y104.1123 Z0.6862 E0.02133 F1080
G1 X117.9443 Y104.1175 Z0.6866 E0.02133 F1080
G1 X118.3440 Y104.1346 Z0.6870 E0.02133 F1080
G1 X118.7430 Y104.1636 Z0.6875 E0.02133 F1080
G1 X119.1409 Y104.2046 Z0.6879 E0.02133 F1080
G1 X119.5374 Y104.2574 Z0.6884 E0.02133 F1080
G1 X119.9322 Y104.3220 Z0.6888 E0.02133 F1080
G1 X120.3248 Y104.3984 Z0.6892 E0.02133 F1080
G1 X120.7151 Y104.4864 Z0.6897 E0.02133 F1080
G1 X121.1025 Y104.5861 Z0.6901 E0.02133 F1080
G1 X121.4867 Y104.6972 Z0.6906 E0.02133 F1080
G1 X121.8675 Y104.8198 Z0.6910 E0.02133 F1080
G1 X122.2445 Y104.9537 Z0.6915 E0.02133 F1080
G1 X122.6172 Y105.0988 Z0.6919 E0.02133 F1080
G1 X122.9855 Y105.2549 Z0.6923 E0.02133 F1080
G1 X123.3490 Y105.4219 Z0.6928 E0.02133 F1080
G1 X123.7074 Y105.5997 Z0.6932 E0.02133 F1080
G1 X124.0603 Y105.7881 Z0.6937 E0.02133 F1080
G1 X124.4074 Y105.9869 Z0.6941 E0.02133 F1080
G1 X124.7484 Y106.1960 Z0.6945 E0.02133 F1080
G1 X125.0831 Y106.4151 Z0.6950 E0.02133 F1080
G1 X125.4111 Y106.6441 Z0.6954 E0.02133 F1080
G1 X125.7321 Y106.8828 Z0.6959 E0.02133 F1080
G1 X126.0459 Y107.1309 Z0.6963 E0.02133 F1080
G1 X126.3521 Y107.3883 Z0.6968 E0.02133 F1080
G1 X126.6506 Y107.6546 Z0.6972 E0.02133 F1080
G1 X126.9410 Y107.9297 Z0.6977 E0.02133 F1080
G1 X127.2230 Y108.2134 Z0.6981 E0.02133 F1080
G1 X127.4965 Y108.5053 Z0.6985 E0.02133 F1080
G1 X127.7613 Y108.8052 Z0.6990 E0.02133 F1080
G1 X128.0169 Y109.1128 Z0.6994 E0.02133 F1080
G1 X128.2634 Y109.4280 Z0.6999 E0.02133 F1080
G1 X128.5003 Y109.7503 Z0.7003 E0.02133 F1080
G1 X128.7276 Y110.0795 Z0.7008 E0.02133 F1080
G1 X128.9449 Y110.4153 Z0.7012 E0.02133 F1080
G1 X129.1522 Y110.7574 Z0.7016 E0.02133 F1080
G1 X129.3493 Y111.1055 Z0.7021 E0.02133 F1080
G1 X129.5359 Y111.4593 Z0.7025 E0.02133 F1080
G1 X129.7119 Y111.8186 Z0.7030 E0.02133 F1080
G1 X129.8772 Y112.1828 Z0.7034 E0.02133 F1080
G1 X130.0315 Y112.5519 Z0.7039 E0.02133 F1080
G1 X130.1749 Y112.9253 Z0.7043 E0.02133 F1080
G1 X130.3071 Y113.3029 Z0.7048 E0.02133 F1080
G1 X130.4281 Y113.6842 Z0.7052 E0.02133 F1080
G1 X130.5376 Y114.0689 Z0.7056 E0.02133 F1080
G1 X130.6358 Y114.4567 Z0.7061 E0.02133 F1080
G1 X130.7223 Y114.8472 Z0.7065 E0.02133 F1080
G1 X130.7973 Y115.2402 Z0.7070 E0.02133 F1080
G1 X130.8605 Y115.6352 Z0.7074 E0.02133 F1080
G1 X130.9121 Y116.0318 Z0.7079 E0.02133 F1080
G1 X130.9518 Y116.4299 Z0.7083 E0.02133 F1080
G1 X130.9797 Y116.8289 Z0.7088 E0.02133 F1080
G1 X130.9958 Y117.2286 Z0.7092 E0.02133 F1080
G1 X131.0001 Y117.6286 Z0.7097 E0.02133 F1080
G1 X130.9925 Y118.0286 Z0.7101 E0.02133 F1080
G1 X130.9730 Y118.4281 Z0.7105 E0.02133 F1080
G1 X130.9417 Y118.8269 Z0.7110 E0.02133 F1080
G1 X130.8986 Y119.2246 Z0.7114 E0.02133 F1080
G1 X130.8438 Y119.6209 Z0.7119 E0.02133 F1080
G1 X130.7773 Y120.0153 Z0.7123 E0.02133 F1080
G1 X130.6991 Y120.4076 Z0.7128 E0.02133 F1080
G1 X130.6093 Y120.7974 Z0.7132 E0.02133 F1080
G1 X130.5080 Y121.1844 Z0.7137 E0.02133 F1080
G1 X130.3954 Y121.5683 Z0.7141 E0.02133 F1080
G1 X130.2714 Y121.9486 Z0.7146 E0.02133 F1080
G1 X130.1362 Y122.3251 Z0.7150 E0.02133 F1080
G1 X129.9900 Y122.6974 Z0.7154 E0.02133 F1080
G1 X129.8328 Y123.0653 Z0.7159 E0.02133 F1080
G1 X129.6648 Y123.4283 Z0.7163 E0.02133 F1080
G1 X129.4862 Y123.7862 Z0.7168 E0.02133 F1080
G1 X129.2970 Y124.1387 Z0.7172 E0.02133 F1080
G1 X129.0976 Y124.4854 Z0.7177 E0.02133 F1080
G1 X128.8879 Y124.8261 Z0.7181 E0.02133 F1080
G1 X128.6683 Y125.1605 Z0.7186 E0.02133 F1080
G1 X128.4389 Y125.4882 Z0.7190 E0.02133 F1080
G1 X128.2000 Y125.8090 Z0.7195 E0.02133 F1080
G1 X127.9516 Y126.1226 Z0.7199 E0.02133 F1080
G1 X127.6942 Y126.4288 Z0.7204 E0.02133 F1080
G1 X127.4278 Y126.7272 Z0.7208 E0.02133 F1080
G1 X127.1527 Y127.0176 Z0.7213 E0.02133 F1080
G1 X126.8691 Y127.2998 Z0.7217 E0.02133 F1080
G1 X126.5774 Y127.5734 Z0.7222 E0.02133 F1080
G1 X126.2777 Y127.8384 Z0.7226 E0.02133 F1080
G1 X125.9703 Y128.0944 Z0.7231 E0.02133 F1080
G1 X125.6555 Y128.3412 Z0.7235 E0.02133 F1080
G1 X125.3336 Y128.5787 Z0.7239 E0.02133 F1080
G1 X125.0048 Y128.8065 Z0.7244 E0.02133 F1080
G1 X124.6694 Y129.0246 Z0.7248 E0.02133 F1080
G1 X124.3278 Y129.2327 Z0.7253 E0.02133 F1080
G1 X123.9802 Y129.4306 Z0.7257 E0.02133 F1080
G1 X123.6269 Y129.6182 Z0.7262 E0.02133 F1080
G1 X123.2682 Y129.7953 Z0.7266 E0.02133 F1080
G1 X122.9044 Y129.9618 Z0.7271 E0.02133 F1080
G1 X122.5360 Y130.1174 Z0.7275 E0.02133 F1080
G1 X122.1630 Y130.2622 Z0.7280 E0.02133 F1080
G1 X121.7860 Y130.3959 Z0.7284 E0.02133 F1080
G1 X121.4053 Y130.5185 Z0.7289 E0.02133 F1080
G1 X121.0210 Y130.6298 Z0.7293 E0.02133 F1080
G1 X120.6337 Y130.7298 Z0.7298 E0.02133 F1080
G1 X120.2436 Y130.8183 Z0.7302 E0.02133 F1080
G1 X119.8511 Y130.8953 Z0.7307 E0.02133 F1080
G1 X119.4564 Y130.9607 Z0.7311 E0.02133 F1080
G1 X119.0600 Y131.0145 Z0.7316 E0.02133 F1080
G1 X118.6622 Y131.0566 Z0.7320 E0.02133 F1080
G1 X118.2634 Y131.0871 Z0.7325 E0.02133 F1080
G1 X117.8638 Y131.1057 Z0.7329 E0.02133 F1080
G1 X117.4638 Y131.1126 Z0.7334 E0.02133 F1080
G1 X117.0638 Y131.1078 Z0.7338 E0.02133 F1080
G1 X116.6642 Y131.0912 Z0.7343 E0.02133 F1080
G1 X116.2651 Y131.0629 Z0.7347 E0.02133 F1080
G1 X115.8671 Y131.0229 Z0.7352 E0.02133 F1080
G1 X115.4704 Y130.9712 Z0.7356 E0.02133 F1080
G1 X115.0755 Y130.9079 Z0.7361 E0.02133 F1080
G1 X114.6825 Y130.8330 Z0.7365 E0.02133 F1080
G1 X114.2919 Y130.7466 Z0.7370 E0.02133 F1080
G1 X113.9041 Y130.6488 Z0.7374 E0.02133 F1080
G1 X113.5192 Y130.5396 Z0.7379 E0.02133 F1080
G1 X113.1377 Y130.4192 Z0.7383 E0.02133 F1080
G1 X112.7600 Y130.2877 Z0.7388 E0.02133 F1080
G1 X112.3862 Y130.1451 Z0.7392 E0.02133 F1080
G1 X112.0168 Y129.9917 Z0.7397 E0.02133 F1080
G1 X111.6520 Y129.8275 Z0.7401 E0.02133 F1080
G1 X111.2922 Y129.6526 Z0.7406 E0.02133 F1080
G1 X110.9377 Y129.4673 Z0.7410 E0.02133 F1080
G1 X110.5888 Y129.2717 Z0.7415 E0.02133 F1080
G1 X110.2458 Y129.0659 Z0.7419 E0.02133 F1080
G1 X109.9089 Y128.8502 Z0.7424 E0.02133 F1080
G1 X109.5785 Y128.6247 Z0.7428 E0.02133 F1080
G1 X109.2548 Y128.3896 Z0.7433 E0.02133 F1080
G1 X108.9382 Y128.1451 Z0.7437 E0.02133 F1080
G1 X108.6289 Y127.8915 Z0.7442 E0.02133 F1080
G1 X108.3271 Y127.6289 Z0.7446 E0.02133 F1080
G1 X108.0331 Y127.3576 Z0.7451 E0.02133 F1080
G1 X107.7472 Y127.0779 Z0.7455 E0.02133 F1080
G1 X107.4696 Y126.7898 Z0.7460 E0.02133 F1080
G1 X107.2006 Y126.4938 Z0.7464 E0.02133 F1080
G1 X106.9403 Y126.1900 Z0.7469 E0.02133 F1080
G1 X106.6890 Y125.8788 Z0.7473 E0.02133 F1080
G1 X106.4469 Y125.5603 Z0.7478 E0.02133 F1080
G1 X106.2143 Y125.2349 Z0.7482 E0.02133 F1080
G1 X105.9913 Y124.9029 Z0.7487 E0.02133 F1080
G1 X105.7780 Y124.5644 Z0.7491 E0.02133 F1080
G1 X105.5748 Y124.2199 Z0.7496 E0.02133 F1080
G1 X105.3817 Y123.8695 Z0.7501 E0.02133 F1080
G1 X105.1989 Y123.5137 Z0.7505 E0.02133 F1080
G1 X105.0266 Y123.1527 Z0.7510 E0.02133 F1080
G1 X104.8649 Y122.7868 Z0.7514 E0.02133 F1080
G1 X104.7139 Y122.4164 Z0.7519 E0.02133 F1080
G1 X104.5739 Y122.0417 Z0.7523 E0.02133 F1080
G1 X104.4448 Y121.6631 Z0.7528 E0.02133 F1080
G1 X104.3268 Y121.2808 Z0.7532 E0.02133 F1080
G1 X104.2201 Y120.8953 Z0.7537 E0.02133 F1080
G1 X104.1246 Y120.5068 Z0.7541 E0.02133 F1080
G1 X104.0406 Y120.1157 Z0.7546 E0.02133 F1080
G1 X103.9679 Y119.7224 Z0.7550 E0.02133 F1080
G1 X103.9068 Y119.3271 Z0.7555 E0.02133 F1080
G1 X103.8572 Y118.9301 Z0.7559 E0.02133 F1080
G1 X103.8193 Y118.5319 Z0.7564 E0.02133 F1080
G1 X103.7929 Y118.1327 Z0.7568 E0.02133 F1080
G1 X103.7782 Y117.7330 Z0.7573 E0.02133 F1080
G1 X103.7751 Y117.3330 Z0.7577 E0.02133 F1080
G1 X103.7838 Y116.9331 Z0.7582 E0.02133 F1080
G1 X103.8040 Y116.5335 Z0.7586 E0.02133 F1080
G1 X103.8359 Y116.1348 Z0.7591 E0.02133 F1080
G1 X103.8794 Y115.7371 Z0.7596 E0.02133 F1080
G1 X103.9344 Y115.3409 Z0.7600 E0.02133 F1080
G1 X104.0010 Y114.9465 Z0.7605 E0.02133 F1080
G1 X104.0790 Y114.5542 Z0.7609 E0.02133 F1080
G1 X104.1684 Y114.1642 Z0.7614 E0.02133 F1080
G1 X104.2692 Y113.7771 Z0.7618 E0.02133 F1080
G1 X104.3811 Y113.3931 Z0.7623 E0.02133 F1080
G1 X104.5042 Y113.0125 Z0.7627 E0.02133 F1080
G1 X104.6383 Y112.6356 Z0.7632 E0.02133 F1080
G1 X104.7832 Y112.2628 Z0.7636 E0.02133 F1080
G1 X104.9390 Y111.8943 Z0.7641 E0.02133 F1080
G1 X105.1055 Y111.5306 Z0.7645 E0.02133 F1080
G1 X105.2824 Y111.1718 Z0.7650 E0.02133 F1080
G1 X105.4697 Y110.8183 Z0.7655 E0.02133 F1080
G1 X105.6672 Y110.4704 Z0.7659 E0.02133 F1080
G1 X105.8747 Y110.1285 Z0.7664 E0.02133 F1080
G1 X106.0920 Y109.7926 Z0.7668 E0.02133 F1080
G1 X106.3190 Y109.4633 Z0.7673 E0.02133 F1080
G1 X106.5555 Y109.1406 Z0.7677 E0.02133 F1080
G1 X106.8013 Y108.8250 Z0.7682 E0.02133 F1080
G1 X107.0561 Y108.5167 Z0.7686 E0.02133 F1080
G1 X107.3198 Y108.2159 Z0.7691 E0.02133 F1080
G1 X107.5921 Y107.9228 Z0.7695 E0.02133 F1080
G1 X107.8728 Y107.6378 Z0.7700 E0.02133 F1080
G1 X108.1616 Y107.3610 Z0.7704 E0.02133 F1080
G1 X108.4584 Y107.0928 Z0.7709 E0.02133 F1080
G1 X108.7628 Y106.8333 Z0.7714 E0.02133 F1080
G1 X109.0746 Y106.5827 Z0.7718 E0.02133 F1080
G1 X109.3935 Y106.3412 Z0.7723 E0.02133 F1080
G1 X109.7193 Y106.1092 Z0.7727 E0.02133 F1080
G1 X110.0517 Y105.8866 Z0.7732 E0.02133 F1080
G1 X110.3904 Y105.6738 Z0.7736 E0.02133 F1080
G1 X110.7352 Y105.4709 Z0.7741 E0.02133 F1080
G1 X111.0857 Y105.2781 Z0.7745 E0.02133 F1080
G1 X111.4416 Y105.0955 Z0.7750 E0.02133 F1080
G1 X111.8026 Y104.9233 Z0.7754 E0.02133 F1080
G1 X112.1685 Y104.7616 Z0.7759 E0.02133 F1080
G1 X112.5390 Y104.6106 Z0.7764 E0.02133 F1080
G1 X112.9136 Y104.4704 Z0.7768 E0.02133 F1080
G1 X113.2921 Y104.3411 Z0.7773 E0.02133 F1080
G1 X113.6743 Y104.2228 Z0.7777 E0.02133 F1080
G1 X114.0597 Y104.1156 Z0.7782 E0.02133 F1080
G1 X114.4480 Y104.0196 Z0.7786 E0.02133 F1080
G1 X114.8390 Y103.9349 Z0.7791 E0.02133 F1080
G1 X115.2322 Y103.8616 Z0.7795 E0.02133 F1080
G1 X115.6274 Y103.7996 Z0.7800 E0.02133 F1080
G1 X116.0242 Y103.7491 Z0.7805 E0.02133 F1080
G1 X116.4223 Y103.7101 Z0.7809 E0.02133 F1080
G1 X116.8214 Y103.6827 Z0.7814 E0.02133 F1080
G1 X117.2211 Y103.6668 Z0.7818 E0.02133 F1080
G1 X117.6211 Y103.6624 Z0.7823 E0.02133 F1080
G1 X118.0211 Y103.6696 Z0.7827 E0.02133 F1080
G1 X118.4206 Y103.6884 Z0.7832 E0.02133 F1080
G1 X118.8195 Y103.7187 Z0.7836 E0.02133 F1080
G1 X119.2173 Y103.7605 Z0.7841 E0.02133 F1080
G1 X119.6138 Y103.8138 Z0.7846 E0.02133 F1080
G1 X120.0086 Y103.8785 Z0.7850 E0.02133 F1080
G1 X120.4013 Y103.9546 Z0.7855 E0.02133 F1080
G1 X120.7916 Y104.0420 Z0.7859 E0.02133 F1080
G1 X121.1793 Y104.1406 Z0.7864 E0.02133 F1080
G1 X121.5640 Y104.2504 Z0.7868 E0.02133 F1080
G1 X121.9453 Y104.3713 Z0.7873 E0.02133 F1080
G1 X122.3230 Y104.5031 Z0.7878 E0.02133 F1080
G1 X122.6967 Y104.6457 Z0.7882 E0.02133 F1080
G1 X123.0662 Y104.7991 Z0.7887 E0.02133 F1080
G1 X123.4310 Y104.9630 Z0.7891 E0.02133 F1080
G1 X123.7910 Y105.1374 Z0.7896 E0.02133 F1080
G1 X124.1459 Y105.3221 Z0.7900 E0.02133 F1080
G1 X124.4952 Y105.5170 Z0.7905 E0.02133 F1080
G1 X124.8388 Y105.7219 Z0.7909 E0.02133 F1080
G1 X125.1763 Y105.9365 Z0.7914 E0.02133 F1080
G1 X125.5075 Y106.1608 Z0.7919 E0.02133 F1080
G1 X125.8321 Y106.3946 Z0.7923 E0.02133 F1080
G1 X126.1499 Y106.6376 Z0.7928 E0.02133 F1080
G1 X126.4605 Y106.8897 Z0.7932 E0.02133 F1080
G1 X126.7637 Y107.1506 Z0.7937 E0.02133 F1080
G1 X127.0593 Y107.4201 Z0.7941 E0.02133 F1080
G1 X127.3470 Y107.6981 Z0.7946 E0.02133 F1080
G1 X127.6266 Y107.9842 Z0.7951 E0.02133 F1080
G1 X127.8978 Y108.2782 Z0.7955 E0.02133 F1080
G1 X128.1604 Y108.5799 Z0.7960 E0.02133 F1080
G1 X128.4143 Y108.8891 Z0.7964 E0.02133 F1080
G1 X128.6592 Y109.2054 Z0.7969 E0.02133 F1080
G1 X128.8948 Y109.5286 Z0.7973 E0.02133 F1080
G1 X129.1211 Y109.8585 Z0.7978 E0.02133 F1080
G1 X129.3378 Y110.1948 Z0.7983 E0.02133 F1080
G1 X129.5447 Y110.5371 Z0.7987 E0.02133 F1080
G1 X129.7417 Y110.8853 Z0.7992 E0.02133 F1080
G1 X129.9286 Y111.2389 Z0.7996 E0.02133 F1080
G1 X130.1053 Y111.5978 Z0.8001 E0.02133 F1080
G1 X130.2715 Y111.9617 Z0.8005 E0.02133 F1080
G1 X130.4273 Y112.3301 Z0.8010 E0.02133 F1080
G1 X130.5724 Y112.7029 Z0.8015 E0.02133 F1080
G1 X130.7068 Y113.0797 Z0.8019 E0.02133 F1080
G1 X130.8302 Y113.4602 Z0.8024 E0.02133 F1080
G1 X130.9427 Y113.8440 Z0.8028 E0.02133 F1080
G1 X131.0441 Y114.2310 Z0.8033 E0.02133 F1080
G1 X131.1344 Y114.6207 Z0.8037 E0.02133 F1080
G1 X131.2134 Y115.0128 Z0.8042 E0.02133 F1080
G1 X131.2812 Y115.4071 Z0.8047 E0.02133 F1080
G1 X131.3376 Y115.8031 Z0.8051 E0.02133 F1080
G1 X131.3826 Y116.2006 Z0.8056 E0.02133 F1080
G1 X131.4162 Y116.5992 Z0.8060 E0.02133 F1080
G1 X131.4384 Y116.9986 Z0.8065 E0.02133 F1080
G1 X131.4491 Y117.3985 Z0.8069 E0.02133 F1080
G1 X131.4483 Y117.7985 Z0.8074 E0.02133 F1080
G1 X131.4361 Y118.1983 Z0.8079 E0.02133 F1080
G1 X131.4124 Y118.5976 Z0.8083 E0.02133 F1080
G1 X131.3773 Y118.9961 Z0.8088 E0.02133 F1080
G1 X131.3307 Y119.3934 Z0.8092 E0.02133 F1080
G1 X131.2728 Y119.7892 Z0.8097 E0.02133 F1080
G1 X131.2036 Y120.1832 Z0.8102 E0.02133 F1080
G1 X131.1232 Y120.5751 Z0.8106 E0.02133 F1080
G1 X131.0315 Y120.9644 Z0.8111 E0.02133 F1080
G1 X130.9287 Y121.3510 Z0.8115 E0.02133 F1080
G1 X130.8149 Y121.7345 Z0.8120 E0.02133 F1080
G1 X130.6902 Y122.1146 Z0.8124 E0.02133 F1080
G1 X130.5546 Y122.4909 Z0.8129 E0.02133 F1080
G1 X130.4084 Y122.8633 Z0.8134 E0.02133 F1080
G1 X130.2515 Y123.2312 Z0.8138 E0.02133 F1080
G1 X130.0842 Y123.5946 Z0.8143 E0.02133 F1080
G1 X129.9065 Y123.9530 Z0.8147 E0.02133 F1080
G1 X129.7187 Y124.3062 Z0.8152 E0.02133 F1080
G1 X129.5208 Y124.6538 Z0.8156 E0.02133 F1080
G1 X129.3131 Y124.9957 Z0.8161 E0.02133 F1080
G1 X129.0957 Y125.3315 Z0.8166 E0.02133 F1080
G1 X128.8687 Y125.6609 Z0.8170 E0.02133 F1080
G1 X128.6325 Y125.9837 Z0.8175 E0.02133 F1080
G1 X128.3871 Y126.2996 Z0.8179 E0.02133 F1080
G1 X128.1328 Y126.6084 Z0.8184 E0.02133 F1080
G1 X127.8698 Y126.9098 Z0.8189 E0.02133 F1080
G1 X127.5983 Y127.2036 Z0.8193 E0.02133 F1080
G1 X127.3185 Y127.4895 Z0.8198 E0.02133 F1080
G1 X127.0307 Y127.7672 Z0.8202 E0.02133 F1080
G1 X126.7350 Y128.0367 Z0.8207 E0.02133 F1080
G1 X126.4318 Y128.2976 Z0.8212 E0.02133 F1080
G1 X126.1212 Y128.5497 Z0.8216 E0.02133 F1080
G1 X125.8036 Y128.7929 Z0.8221 E0.02133 F1080
G1 X125.4792 Y129.0269 Z0.8225 E0.02133 F1080
G1 X125.1482 Y129.2515 Z0.8230 E0.02133 F1080
G1 X124.8109 Y129.4667 Z0.8234 E0.02133 F1080
G1 X124.4677 Y129.6721 Z0.8239 E0.02133 F1080
G1 X124.1187 Y129.8676 Z0.8244 E0.02133 F1080
G1 X123.7643 Y130.0531 Z0.8248 E0.02133 F1080
G1 X123.4047 Y130.2285 Z0.8253 E0.02133 F1080
G1 X123.0403 Y130.3935 Z0.8257 E0.02133 F1080
G1 X122.6714 Y130.5480 Z0.8262 E0.02133 F1080
G1 X122.2982 Y130.6920 Z0.8267 E0.02133 F1080
G1 X121.9210 Y130.8253 Z0.8271 E0.02133 F1080
G1 X121.5402 Y130.9478 Z0.8276 E0.02133 F1080
G1 X121.1561 Y131.0594 Z0.8280 E0.02133 F1080
G1 X120.7689 Y131.1600 Z0.8285 E0.02133 F1080
G1 X120.3790 Y131.2495 Z0.8290 E0.02133 F1080
G1 X119.9868 Y131.3279 Z0.8294 E0.02133 F1080
G1 X119.5924 Y131.3951 Z0.8299 E0.02133 F1080
G1 X119.1963 Y131.4511 Z0.8303 E0.02133 F1080
G1 X118.7988 Y131.4957 Z0.8308 E0.02133 F1080
G1 X118.4002 Y131.5291 Z0.8313 E0.02133 F1080
G1 X118.0008 Y131.5510 Z0.8317 E0.02133 F1080
G1 X117.6009 Y131.5616 Z0.8322 E0.02133 F1080
G1 X117.2009 Y131.5608 Z0.8326 E0.02133 F1080
G1 X116.8010 Y131.5487 Z0.8331 E0.02133 F1080
G1 X116.4017 Y131.5252 Z0.8335 E0.02133 F1080
G1 X116.0032 Y131.4903 Z0.8340 E0.02133 F1080
G1 X115.6059 Y131.4441 Z0.8345 E0.02133 F1080
G1 X115.2100 Y131.3867 Z0.8349 E0.02133 F1080
G1 X114.8159 Y131.3180 Z0.8354 E0.02133 F1080
G1 X114.4240 Y131.2381 Z0.8358 E0.02133 F1080
G1 X114.0344 Y131.1472 Z0.8363 E0.02133 F1080
G1 X113.6476 Y131.0452 Z0.8368 E0.02133 F1080
G1 X113.2639 Y130.9322 Z0.8372 E0.02133 F1080
G1 X112.8835 Y130.8084 Z0.8377 E0.02133 F1080
G1 X112.5068 Y130.6739 Z0.8381 E0.02133 F1080
G1 X112.1340 Y130.5287 Z0.8386 E0.02133 F1080
G1 X111.7655 Y130.3730 Z0.8391 E0.02133 F1080
G1 X111.4016 Y130.2069 Z0.8395 E0.02133 F1080
G1 X111.0426 Y130.0306 Z0.8400 E0.02133 F1080
G1 X110.6887 Y129.8441 Z0.8404 E0.02133 F1080
G1 X110.3402 Y129.6477 Z0.8409 E0.02133 F1080
G1 X109.9975 Y129.4414 Z0.8414 E0.02133 F1080
G1 X109.6607 Y129.2255 Z0.8418 E0.02133 F1080
G1 X109.3302 Y129.0002 Z0.8423 E0.02133 F1080
G1 X109.0062 Y128.7656 Z0.8427 E0.02133 F1080
G1 X108.6890 Y128.5218 Z0.8432 E0.02133 F1080
G1 X108.3788 Y128.2692 Z0.8437 E0.02133 F1080
G1 X108.0760 Y128.0079 Z0.8441 E0.02133 F1080
G1 X107.7806 Y127.7382 Z0.8446 E0.02133 F1080
G1 X107.4930 Y127.4601 Z0.8450 E0.02133 F1080
G1 X107.2134 Y127.1740 Z0.8455 E0.02133 F1080
G1 X106.9420 Y126.8802 Z0.8460 E0.02133 F1080
G1 X106.6791 Y126.5787 Z0.8464 E0.02133 F1080
G1 X106.4247 Y126.2699 Z0.8469 E0.02133 F1080
G1 X106.1793 Y125.9541 Z0.8473 E0.02133 F1080
G1 X105.9428 Y125.6314 Z0.8478 E0.02133 F1080
G1 X105.7156 Y125.3022 Z0.8483 E0.02133 F1080
G1 X105.4979 Y124.9666 Z0.8487 E0.02133 F1080
G1 X105.2896 Y124.6251 Z0.8492 E0.02133 F1080
G1 X105.0912 Y124.2778 Z0.8496 E0.02133 F1080
G1 X104.9026 Y123.9250 Z0.8501 E0.02133 F1080
G1 X104.7241 Y123.5670 Z0.8506 E0.02133 F1080
G1 X104.5558 Y123.2041 Z0.8510 E0.02133 F1080
G1 X104.3978 Y122.8366 Z0.8515 E0.02133 F1080
G1 X104.2503 Y122.4648 Z0.8519 E0.02133 F1080
G1 X104.1133 Y122.0889 Z0.8524 E0.02133 F1080
G1 X103.9871 Y121.7094 Z0.8529 E0.02133 F1080
G1 X103.8716 Y121.3264 Z0.8533 E0.02133 F1080
G1 X103.7669 Y120.9403 Z0.8538 E0.02133 F1080
G1 X103.6733 Y120.5514 Z0.8542 E0.02133 F1080
G1 X103.5906 Y120.1600 Z0.8547 E0.02133 F1080
G1 X103.5190 Y119.7664 Z0.8552 E0.02133 F1080
G1 X103.4586 Y119.3710 Z0.8556 E0.02133 F1080
G1 X103.4094 Y118.9740 Z0.8561 E0.02133 F1080
G1 X103.3713 Y118.5758 Z0.8565 E0.02133 F1080
G1 X103.3446 Y118.1767 Z0.8570 E0.02133 F1080
G1 X103.3291 Y117.7770 Z0.8575 E0.02133 F1080
G1 X103.3249 Y117.3770 Z0.8579 E0.02133 F1080
G1 X103.3320 Y116.9770 Z0.8584 E0.02133 F1080
G1 X103.3504 Y116.5774 Z0.8588 E0.02133 F1080
G1 X103.3800 Y116.1785 Z0.8593 E0.02133 F1080
G1 X103.4209 Y115.7806 Z0.8598 E0.02133 F1080
G1 X103.4730 Y115.3840 Z0.8602 E0.02133 F1080
G1 X103.5362 Y114.9890 Z0.8607 E0.02133 F1080
G1 X103.6106 Y114.5959 Z0.8611 E0.02133 F1080
G1 X103.6960 Y114.2051 Z0.8616 E0.02133 F1080
G1 X103.7924 Y113.8169 Z0.8621 E0.02133 F1080
G1 X103.8997 Y113.4315 Z0.8625 E0.02133 F1080
G1 X104.0178 Y113.0493 Z0.8630 E0.02133 F1080
G1 X104.1466 Y112.6706 Z0.8634 E0.02133 F1080
G1 X104.2861 Y112.2957 Z0.8639 E0.02133 F1080
G1 X104.4360 Y111.9248 Z0.8644 E0.02133 F1080
G1 X104.5963 Y111.5584 Z0.8648 E0.02133 F1080
G1 X104.7669 Y111.1965 Z0.8653 E0.02133 F1080
G1 X104.9476 Y110.8397 Z0.8658 E0.02133 F1080
G1 X105.1383 Y110.4880 Z0.8662 E0.02133 F1080
G1 X105.3388 Y110.1419 Z0.8667 E0.02133 F1080
G1 X105.5490 Y109.8015 Z0.8671 E0.02133 F1080
G1 X105.7686 Y109.4672 Z0.8676 E0.02133 F1080
G1 X105.9976 Y109.1392 Z0.8681 E0.02133 F1080
G1 X106.2357 Y108.8177 Z0.8685 E0.02133 F1080
G1 X106.4828 Y108.5031 Z0.8690 E0.02133 F1080
G1 X106.7386 Y108.1956 Z0.8694 E0.02133 F1080
G1 X107.0029 Y107.8954 Z0.8699 E0.02133 F1080
G1 X107.2756 Y107.6027 Z0.8704 E0.02133 F1080
G1 X107.5564 Y107.3178 Z0.8708 E0.02133 F1080
G1 X107.8451 Y107.0409 Z0.8713 E0.02133 F1080
G1 X108.1415 Y106.7722 Z0.8717 E0.02133 F1080
G1 X108.4453 Y106.5120 Z0.8722 E0.02133 F1080
G1 X108.7562 Y106.2604 Z0.8727 E0.02133 F1080
G1 X109.0742 Y106.0176 Z0.8731 E0.02133 F1080
G1 X109.3988 Y105.7839 Z0.8736 E0.02133 F1080
G1 X109.7299 Y105.5594 Z0.8740 E0.02133 F1080
G1 X110.0671 Y105.3442 Z0.8745 E0.02133 F1080
G1 X110.4102 Y105.1386 Z0.8750 E0.02133 F1080
G1 X110.7590 Y104.9427 Z0.8754 E0.02133 F1080
G1 X111.1132 Y104.7567 Z0.8759 E0.02133 F1080
G1 X111.4724 Y104.5807 Z0.8763 E0.02133 F1080
G1 X111.8364 Y104.4149 Z0.8768 E0.02133 F1080
G1 X112.2049 Y104.2593 Z0.8773 E0.02133 F1080
G1 X112.5777 Y104.1141 Z0.8777 E0.02133 F1080
G1 X112.9543 Y103.9794 Z0.8782 E0.02133 F1080
G1 X113.3346 Y103.8554 Z0.8786 E0.02133 F1080
G1 X113.7182 Y103.7420 Z0.8791 E0.02133 F1080
G1 X114.1049 Y103.6395 Z0.8796 E0.02133 F1080
G1 X114.4943 Y103.5478 Z0.8800 E0.02133 F1080
G1 X114.8861 Y103.4671 Z0.8805 E0.02133 F1080
G1 X115.2800 Y103.3974 Z0.8810 E0.02133 F1080
G1 X115.6757 Y103.3387 Z0.8814 E0.02133 F1080
G1 X116.0728 Y103.2912 Z0.8819 E0.02133 F1080
G1 X116.4712 Y103.2548 Z0.8823 E0.02133 F1080
G1 X116.8704 Y103.2295 Z0.8828 E0.02133 F1080
G1 X117.2702 Y103.2155 Z0.8833 E0.02133 F1080
G1 X117.6702 Y103.2127 Z0.8837 E0.02133 F1080
G1 X118.0701 Y103.2210 Z0.8842 E0.02133 F1080
G1 X118.4697 Y103.2406 Z0.8846 E0.02133 F1080
G1 X118.8685 Y103.2713 Z0.8851 E0.02133 F1080
G1 X119.2664 Y103.3132 Z0.8856 E0.02133 F1080
G1 X119.6628 Y103.3662 Z0.8860 E0.02133 F1080
G1 X120.0577 Y103.4302 Z0.8865 E0.02133 F1080
G1 X120.4506 Y103.5053 Z0.8869 E0.02133 F1080
G1 X120.8413 Y103.5913 Z0.8874 E0.02133 F1080
G1 X121.2294 Y103.6882 Z0.8879 E0.02133 F1080
G1 X121.6146 Y103.7960 Z0.8883 E0.02133 F1080
G1 X121.9967 Y103.9145 Z0.8888 E0.02133 F1080
G1 X122.3753 Y104.0435 Z0.8892 E0.02133 F1080
G1 X122.7502 Y104.1832 Z0.8897 E0.02133 F1080
G1 X123.1210 Y104.3332 Z0.8902 E0.02133 F1080
G1 X123.4874 Y104.4936 Z0.8906 E0.02133 F1080
G1 X123.8493 Y104.6641 Z0.8911 E0.02133 F1080
G1 X124.2062 Y104.8447 Z0.8915 E0.02133 F1080
G1 X124.5580 Y105.0351 Z0.8920 E0.02133 F1080
G1 X124.9043 Y105.2353 Z0.8925 E0.02133 F1080
G1 X125.2449 Y105.4452 Z0.8929 E0.02133 F1080
G1 X125.5795 Y105.6644 Z0.8934 E0.02133 F1080
G1 X125.9079 Y105.8929 Z0.8939 E0.02133 F1080
G1 X126.2297 Y106.1304 Z0.8943 E0.02133 F1080
G1 X126.5448 Y106.3769 Z0.8948 E0.02133 F1080
G1 X126.8529 Y106.6320 Z0.8952 E0.02133 F1080
G1 X127.1537 Y106.8956 Z0.8957 E0.02133 F1080
G1 X127.4471 Y107.1676 Z0.8962 E0.02133 F1080
G1 X127.7328 Y107.4476 Z0.8966 E0.02133 F1080
G1 X128.0106 Y107.7354 Z0.8971 E0.02133 F1080
G1 X128.2802 Y108.0309 Z0.8975 E0.02133 F1080
G1 X128.5415 Y108.3338 Z0.8980 E0.02133 F1080
G1 X128.7942 Y108.6439 Z0.8985 E0.02133 F1080
G1 X129.0382 Y108.9608 Z0.8989 E0.02133 F1080
G1 X129.2733 Y109.2845 Z0.8994 E0.02133 F1080
G1 X129.4993 Y109.6146 Z0.8998 E0.02133 F1080
G1 X129.7160 Y109.9508 Z0.9003 E0.02133 F1080
G1 X129.9232 Y110.2930 Z0.9008 E0.02133 F1080
G1 X130.1208 Y110.6408 Z0.9012 E0.02133 F1080
G1 X130.3087 Y110.9939 Z0.9017 E0.02133 F1080
G1 X130.4867 Y111.3522 Z0.9021 E0.02133 F1080
G1 X130.6546 Y111.7153 Z0.9026 E0.02133 F1080
G1 X130.8123 Y112.0829 Z0.9031 E0.02133 F1080
G1 X130.9598 Y112.4547 Z0.9035 E0.02133 F1080
G1 X131.0968 Y112.8305 Z0.9040 E0.02133 F1080
G1 X131.2234 Y113.2100 Z0.9044 E0.02133 F1080
G1 X131.3393 Y113.5928 Z0.9049 E0.02133 F1080
G1 X131.4446 Y113.9788 Z0.9054 E0.02133 F1080
G1 X131.5390 Y114.3675 Z0.9058 E0.02133 F1080
G1 X131.6227 Y114.7587 Z0.9063 E0.02133 F1080
G1 X131.6954 Y115.1520 Z0.9067 E0.02133 F1080
G1 X131.7571 Y115.5472 Z0.9072 E0.02133 F1080
G1 X131.8079 Y115.9440 Z0.9077 E0.02133 F1080
G1 X131.8476 Y116.3421 Z0.9081 E0.02133 F1080
G1 X131.8762 Y116.7411 Z0.9086 E0.02133 F1080
G1 X131.8937 Y117.1407 Z0.9091 E0.02133 F1080
G1 X131.9001 Y117.5407 Z0.9095 E0.02133 F1080
G1 X131.8954 Y117.9407 Z0.9100 E0.02133 F1080
G1 X131.8796 Y118.3404 Z0.9104 E0.02133 F1080
G1 X131.8527 Y118.7395 Z0.9109 E0.02133 F1080
G1 X131.8148 Y119.1377 Z0.9114 E0.02133 F1080
G1 X131.7658 Y119.5347 Z0.9118 E0.02133 F1080
G1 X131.7058 Y119.9302 Z0.9123 E0.02133 F1080
G1 X131.6348 Y120.3239 Z0.9127 E0.02133 F1080
G1 X131.5529 Y120.7154 Z0.9132 E0.02133 F1080
G1 X131.4603 Y121.1046 Z0.9137 E0.02133 F1080
G1 X131.3568 Y121.4910 Z0.9141 E0.02133 F1080
G1 X131.2427 Y121.8744 Z0.9146 E0.02133 F1080
G1 X131.1180 Y122.2544 Z0.9150 E0.02133 F1080
G1 X130.9827 Y122.6309 Z0.9155 E0.02133 F1080
G1 X130.8371 Y123.0035 Z0.9160 E0.02133 F1080
G1 X130.6813 Y123.3719 Z0.9164 E0.02133 F1080
G1 X130.5153 Y123.7358 Z0.9169 E0.02133 F1080
G1 X130.3392 Y124.0950 Z0.9173 E0.02133 F1080
G1 X130.1533 Y124.4492 Z0.9178 E0.02133 F1080
G1 X129.9576 Y124.7981 Z0.9183 E0.02133 F1080
G1 X129.7523 Y125.1415 Z0.9187 E0.02133 F1080
G1 X129.5376 Y125.4790 Z0.9192 E0.02133 F1080
G1 X129.3137 Y125.8104 Z0.9196 E0.02133 F1080
G1 X129.0806 Y126.1355 Z0.9201 E0.02133 F1080
G1 X128.8387 Y126.4541 Z0.9206 E0.02133 F1080
G1 X128.5880 Y126.7658 Z0.9210 E0.02133 F1080
G1 X128.3288 Y127.0705 Z0.9215 E0.02133 F1080
G1 X128.0612 Y127.3678 Z0.9219 E0.02133 F1080
G1 X127.7855 Y127.6577 Z0.9224 E0.02133 F1080
G1 X127.5019 Y127.9398 Z0.9229 E0.02133 F1080
G1 X127.2106 Y128.2140 Z0.9233 E0.02133 F1080
G1 X126.9118 Y128.4799 Z0.9238 E0.02133 F1080
G1 X126.6058 Y128.7376 Z0.9242 E0.02133 F1080
G1 X126.2928 Y128.9866 Z0.9247 E0.02133 F1080
G1 X125.9730 Y129.2270 Z0.9252 E0.02133 F1080
G1 X125.6467 Y129.4584 Z0.9256 E0.02133 F1080
G1 X125.3141 Y129.6806 Z0.9261 E0.02133 F1080
G1 X124.9756 Y129.8936 Z0.9265 E0.02133 F1080
G1 X124.6312 Y130.0972 Z0.9270 E0.02133 F1080
G1 X124.2814 Y130.2912 Z0.9275 E0.02133 F1080
G1 X123.9263 Y130.4754 Z0.9279 E0.02133 F1080
G1 X123.5663 Y130.6497 Z0.9284 E0.02133 F1080
G1 X123.2016 Y130.8141 Z0.9288 E0.02133 F1080
G1 X122.8325 Y130.9683 Z0.9293 E0.02133 F1080
G1 X122.4592 Y131.1122 Z0.9298 E0.02133 F1080
G1 X122.0822 Y131.2458 Z0.9302 E0.02133 F1080
G1 X121.7016 Y131.3690 Z0.9307 E0.02133 F1080
G1 X121.3177 Y131.4816 Z0.9311 E0.02133 F1080
G1 X120.9309 Y131.5835 Z0.9316 E0.02133 F1080
G1 X120.5414 Y131.6747 Z0.9321 E0.02133 F1080
G1 X120.1496 Y131.7552 Z0.9325 E0.02133 F1080
G1 X119.7557 Y131.8248 Z0.9330 E0.02133 F1080
G1 X119.3600 Y131.8835 Z0.9334 E0.02133 F1080
G1 X118.9628 Y131.9313 Z0.9339 E0.02133 F1080
G1 X118.5645 Y131.9681 Z0.9344 E0.02133 F1080
G1 X118.1653 Y131.9940 Z0.9348 E0.02133 F1080
G1 X117.7656 Y132.0088 Z0.9353 E0.02133 F1080
G1 X117.3656 Y132.0125 Z0.9357 E0.02133 F1080
G1 X116.9656 Y132.0053 Z0.9362 E0.02133 F1080
G1 X116.5660 Y131.9870 Z0.9367 E0.02133 F1080
G1 X116.1671 Y131.9578 Z0.9371 E0.02133 F1080
G1 X115.7691 Y131.9175 Z0.9376 E0.02133 F1080
G1 X115.3724 Y131.8663 Z0.9380 E0.02133 F1080
G1 X114.9772 Y131.8042 Z0.9385 E0.02133 F1080
G1 X114.5839 Y131.7313 Z0.9390 E0.02133 F1080
G1 X114.1927 Y131.6475 Z0.9394 E0.02133 F1080
G1 X113.8040 Y131.5530 Z0.9399 E0.02133 F1080
G1 X113.4181 Y131.4479 Z0.9403 E0.02133 F1080
G1 X113.0352 Y131.3321 Z0.9408 E0.02133 F1080
G1 X112.6556 Y131.2059 Z0.9413 E0.02133 F1080
G1 X112.2796 Y131.0693 Z0.9417 E0.02133 F1080
G1 X111.9076 Y130.9223 Z0.9422 E0.02133 F1080
G1 X111.5397 Y130.7652 Z0.9426 E0.02133 F1080
G1 X111.1763 Y130.5981 Z0.9431 E0.02133 F1080
G1 X110.8176 Y130.4210 Z0.9436 E0.02133 F1080
G1 X110.4639 Y130.2341 Z0.9440 E0.02133 F1080
G1 X110.1155 Y130.0375 Z0.9445 E0.02133 F1080
G1 X109.7726 Y129.8315 Z0.9449 E0.02133 F1080
G1 X109.4356 Y129.6161 Z0.9454 E0.02133 F1080
G1 X109.1045 Y129.3915 Z0.9458 E0.02133 F1080
G1 X108.7798 Y129.1580 Z0.9463 E0.02133 F1080
G1 X108.4616 Y128.9155 Z0.9468 E0.02133 F1080
G1 X108.1502 Y128.6645 Z0.9472 E0.02133 F1080
G1 X107.8458 Y128.4049 Z0.9477 E0.02133 F1080
G1 X107.5486 Y128.1372 Z0.9481 E0.02133 F1080
G1 X107.2589 Y127.8613 Z0.9486 E0.02133 F1080
G1 X106.9769 Y127.5776 Z0.9491 E0.02133 F1080
G1 X106.7028 Y127.2863 Z0.9495 E0.02133 F1080
G1 X106.4368 Y126.9875 Z0.9500 E0.02133 F1080
G1 X106.1791 Y126.6816 Z0.9504 E0.02133 F1080
G1 X105.9298 Y126.3687 Z0.9509 E0.02133 F1080
G1 X105.6893 Y126.0491 Z0.9514 E0.02133 F1080
G1 X105.4576 Y125.7230 Z0.9518 E0.02133 F1080
G1 X105.2349 Y125.3907 Z0.9523 E0.02133 F1080
G1 X105.0215 Y125.0524 Z0.9527 E0.02133 F1080
G1 X104.8174 Y124.7083 Z0.9532 E0.02133 F1080
G1 X104.6228 Y124.3588 Z0.9537 E0.02133 F1080
G1 X104.4378 Y124.0041 Z0.9541 E0.02133 F1080
G1 X104.2627 Y123.6445 Z0.9546 E0.02133 F1080
G1 X104.0975 Y123.2802 Z0.9550 E0.02133 F1080
G1 X103.9423 Y122.9115 Z0.9555 E0.02133 F1080
G1 X103.7973 Y122.5387 Z0.9559 E0.02133 F1080
G1 X103.6625 Y122.1621 Z0.9564 E0.02133 F1080
G1 X103.5381 Y121.7819 Z0.9569 E0.02133 F1080
G1 X103.4242 Y121.3984 Z0.9573 E0.02133 F1080
G1 X103.3209 Y121.0120 Z0.9578 E0.02133 F1080
G1 X103.2281 Y120.6229 Z0.9582 E0.02133 F1080
G1 X103.1460 Y120.2314 Z0.9587 E0.02133 F1080
G1 X103.0747 Y119.8377 Z0.9592 E0.02133 F1080
G1 X103.0142 Y119.4423 Z0.9596 E0.02133 F1080
G1 X102.9645 Y119.0454 Z0.9601 E0.02133 F1080
G1 X102.9257 Y118.6473 Z0.9605 E0.02133 F1080
G1 X102.8978 Y118.2482 Z0.9610 E0.02133 F1080
G1 X102.8809 Y117.8486 Z0.9614 E0.02133 F1080
G1 X102.8748 Y117.4486 Z0.9619 E0.02133 F1080
G1 X102.8798 Y117.0486 Z0.9624 E0.02133 F1080
G1 X102.8956 Y116.6489 Z0.9628 E0.02133 F1080
G1 X102.9224 Y116.2498 Z0.9633 E0.02133 F1080
G1 X102.9601 Y115.8515 Z0.9637 E0.02133 F1080
G1 X103.0086 Y115.4545 Z0.9642 E0.02133 F1080
G1 X103.0680 Y115.0589 Z0.9647 E0.02133 F1080
G1 X103.1382 Y114.6651 Z0.9651 E0.02133 F1080
G1 X103.2191 Y114.2733 Z0.9656 E0.02133 F1080
G1 X103.3106 Y113.8839 Z0.9660 E0.02133 F1080
G1 X103.4128 Y113.4972 Z0.9665 E0.02133 F1080
G1 X103.5255 Y113.1134 Z0.9669 E0.02133 F1080
G1 X103.6487 Y112.7328 Z0.9674 E0.02133 F1080
G1 X103.7822 Y112.3557 Z0.9679 E0.02133 F1080
G1 X103.9259 Y111.9824 Z0.9683 E0.02133 F1080
G1 X104.0798 Y111.6131 Z0.9688 E0.02133 F1080
G1 X104.2437 Y111.2482 Z0.9692 E0.02133 F1080
G1 X104.4175 Y110.8879 Z0.9697 E0.02133 F1080
G1 X104.6010 Y110.5325 Z0.9702 E0.02133 F1080
G1 X104.7942 Y110.1822 Z0.9706 E0.02133 F1080
G1 X104.9969 Y109.8374 Z0.9711 E0.02133 F1080
G1 X105.2089 Y109.4982 Z0.9715 E0.02133 F1080
G1 X105.4301 Y109.1648 Z0.9720 E0.02133 F1080
G1 X105.6602 Y108.8377 Z0.9724 E0.02133 F1080
G1 X105.8992 Y108.5169 Z0.9729 E0.02133 F1080
G1 X106.1469 Y108.2028 Z0.9734 E0.02133 F1080
G1 X106.4031 Y107.8955 Z0.9738 E0.02133 F1080
G1 X106.6675 Y107.5954 Z0.9743 E0.02133 F1080
G1 X106.9400 Y107.3025 Z0.9747 E0.02133 F1080
G1 X107.2204 Y107.0172 Z0.9752 E0.02133 F1080
G1 X107.5084 Y106.7397 Z0.9756 E0.02133 F1080
G1 X107.8039 Y106.4700 Z0.9761 E0.02133 F1080
G1 X108.1066 Y106.2086 Z0.9766 E0.02133 F1080
G1 X108.4164 Y105.9554 Z0.9770 E0.02133 F1080
G1 X108.7329 Y105.7108 Z0.9775 E0.02133 F1080
G1 X109.0560 Y105.4749 Z0.9779 E0.02133 F1080
G1 X109.3853 Y105.2479 Z0.9784 E0.02133 F1080
G1 X109.7208 Y105.0300 Z0.9788 E0.02133 F1080
G1 X110.0620 Y104.8212 Z0.9793 E0.02133 F1080
G1 X110.4088 Y104.6218 Z0.9798 E0.02133 F1080
G1 X110.7609 Y104.4320 Z0.9802 E0.02133 F1080
G1 X111.1180 Y104.2517 Z0.9807 E0.02133 F1080
G1 X111.4799 Y104.0813 Z0.9811 E0.02133 F1080
G1 X111.8462 Y103.9207 Z0.9816 E0.02133 F1080
G1 X112.2169 Y103.7702 Z0.9820 E0.02133 F1080
G1 X112.5914 Y103.6298 Z0.9825 E0.02133 F1080
G1 X112.9697 Y103.4996 Z0.9830 E0.02133 F1080
G1 X113.3513 Y103.3798 Z0.9834 E0.02133 F1080
G1 X113.7361 Y103.2704 Z0.9839 E0.02133 F1080
G1 X114.1237 Y103.1715 Z0.9843 E0.02133 F1080
G1 X114.5138 Y103.0831 Z0.9848 E0.02133 F1080
G1 X114.9062 Y103.0054 Z0.9852 E0.02133 F1080
G1 X115.3006 Y102.9384 Z0.9857 E0.02133 F1080
G1 X115.6966 Y102.8821 Z0.9862 E0.02133 F1080
G1 X116.0941 Y102.8366 Z0.9866 E0.02133 F1080
G1 X116.4926 Y102.8019 Z0.9871 E0.02133 F1080
G1 X116.8919 Y102.7780 Z0.9875 E0.02133 F1080
G1 X117.2917 Y102.7650 Z0.9880 E0.02133 F1080
G1 X117.6917 Y102.7628 Z0.9884 E0.02133 F1080
G1 X118.0916 Y102.7715 Z0.9889 E0.02133 F1080
G1 X118.4912 Y102.7910 Z0.9894 E0.02133 F1080
G1 X118.8900 Y102.8214 Z0.9898 E0.02133 F1080
G1 X119.2879 Y102.8626 Z0.9903 E0.02133 F1080
G1 X119.6845 Y102.9145 Z0.9907 E0.02133 F1080
G1 X120.0796 Y102.9772 Z0.9912 E0.02133 F1080
G1 X120.4729 Y103.0506 Z0.9916 E0.02133 F1080
G1 X120.8639 Y103.1346 Z0.9921 E0.02133 F1080
G1 X121.2526 Y103.2292 Z0.9925 E0.02133 F1080
G1 X121.6386 Y103.3343 Z0.9930 E0.02133 F1080
G1 X122.0216 Y103.4498 Z0.9935 E0.02133 F1080
G1 X122.4013 Y103.5757 Z0.9939 E0.02133 F1080
G1 X122.7774 Y103.7118 Z0.9944 E0.02133 F1080
G1 X123.1498 Y103.8580 Z0.9948 E0.02133 F1080
G1 X123.5180 Y104.0143 Z0.9953 E0.02133 F1080
G1 X123.8819 Y104.1805 Z0.9957 E0.02133 F1080
G1 X124.2411 Y104.3564 Z0.9962 E0.02133 F1080
G1 X124.5954 Y104.5421 Z0.9966 E0.02133 F1080
G1 X124.9446 Y104.7372 Z0.9971 E0.02133 F1080
G1 X125.2884 Y104.9418 Z0.9976 E0.02133 F1080
G1 X125.6265 Y105.1556 Z0.9980 E0.02133 F1080
G1 X125.9587 Y105.3784 Z0.9985 E0.02133 F1080
G1 X126.2847 Y105.6102 Z0.9989 E0.02133 F1080
G1 X126.6044 Y105.8507 Z0.9994 E0.02133 F1080
G1 X126.9174 Y106.0997 Z0.9998 E0.02133 F1080
G1 X127.2236 Y106.3571 Z1.0003 E0.02133 F1080
G1 X127.5227 Y106.6228 Z1.0007 E0.02133 F1080
G1 X127.8145 Y106.8964 Z1.0012 E0.02133 F1080
G1 X128.0988 Y107.1778 Z1.0017 E0.02133 F1080
G1 X128.3754 Y107.4667 Z1.0021 E0.02133 F1080
G1 X128.6441 Y107.7631 Z1.0026 E0.02133 F1080
G1 X128.9046 Y108.0666 Z1.0030 E0.02133 F1080
G1 X129.1569 Y108.3770 Z1.0035 E0.02133 F1080
G1 X129.4007 Y108.6942 Z1.0039 E0.02133 F1080
G1 X129.6359 Y109.0178 Z1.0044 E0.02133 F1080
G1 X129.8622 Y109.3476 Z1.0048 E0.02133 F1080
G1 X130.0795 Y109.6835 Z1.0053 E0.02133 F1080
G1 X130.2877 Y110.0251 Z1.0058 E0.02133 F1080
G1 X130.4865 Y110.3722 Z1.0062 E0.02133 F1080
G1 X130.6759 Y110.7245 Z1.0067 E0.02133 F1080
G1 X130.8558 Y111.0818 Z1.0071 E0.02133 F1080
G1 X131.0259 Y111.4438 Z1.0076 E0.02133 F1080
G1 X131.1862 Y111.8103 Z1.0080 E0.02133 F1080
G1 X131.3366 Y112.1810 Z1.0085 E0.02133 F1080
G1 X131.4769 Y112.5556 Z1.0089 E0.02133 F1080
G1 X131.6070 Y112.9339 Z1.0094 E0.02133 F1080
G1 X131.7269 Y113.3155 Z1.0098 E0.02133 F1080
G1 X131.8364 Y113.7002 Z1.0103 E0.02133 F1080
G1 X131.9356 Y114.0878 Z1.0108 E0.02133 F1080
G1 X132.0242 Y114.4778 Z1.0112 E0.02133 F1080
G1 X132.1023 Y114.8702 Z1.0117 E0.02133 F1080
G1 X132.1698 Y115.2644 Z1.0121 E0.02133 F1080
G1 X132.2266 Y115.6604 Z1.0126 E0.02133 F1080
G1 X132.2728 Y116.0578 Z1.0130 E0.02133 F1080
G1 X132.3082 Y116.4562 Z1.0135 E0.02133 F1080
G1 X132.3329 Y116.8555 Z1.0139 E0.02133 F1080
G1 X132.3468 Y117.2552 Z1.0144 E0.02133 F1080
G1 X132.3499 Y117.6552 Z1.0148 E0.02133 F1080
G1 X132.3423 Y118.0552 Z1.0153 E0.02133 F1080
G1 X132.3239 Y118.4548 Z1.0158 E0.02133 F1080
G1 X132.2947 Y118.8537 Z1.0162 E0.02133 F1080
G1 X132.2548 Y119.2518 Z1.0167 E0.02133 F1080
G1 X132.2042 Y119.6486 Z1.0171 E0.02133 F1080
G1 X132.1430 Y120.0439 Z1.0176 E0.02133 F1080
G1 X132.0711 Y120.4374 Z1.0180 E0.02133 F1080
G1 X131.9887 Y120.8288 Z1.0185 E0.02133 F1080
G1 X131.8958 Y121.2179 Z1.0189 E0.02133 F1080
G1 X131.7924 Y121.6043 Z1.0194 E0.02133 F1080
G1 X131.6787 Y121.9878 Z1.0198 E0.02133 F1080
G1 X131.5547 Y122.3681 Z1.0203 E0.02133 F1080
G1 X131.4205 Y122.7450 Z1.0207 E0.02133 F1080
G1 X131.2762 Y123.1181 Z1.0212 E0.02133 F1080
G1 X131.1220 Y123.4872 Z1.0217 E0.02133 F1080
G1 X130.9579 Y123.8520 Z1.0221 E0.02133 F1080
G1 X130.7840 Y124.2122 Z1.0226 E0.02133 F1080
G1 X130.6005 Y124.5677 Z1.0230 E0.02133 F1080
G1 X130.4076 Y124.9181 Z1.0235 E0.02133 F1080
G1 X130.2053 Y125.2632 Z1.0239 E0.02133 F1080
G1 X129.9938 Y125.6027 Z1.0244 E0.02133 F1080
G1 X129.7732 Y125.9364 Z1.0248 E0.02133 F1080
G1 X129.5438 Y126.2641 Z1.0253 E0.02133 F1080
G1 X129.3056 Y126.5855 Z1.0257 E0.02133 F1080
G1 X129.0589 Y126.9004 Z1.0262 E0.02133 F1080
G1 X128.8039 Y127.2086 Z1.0266 E0.02133 F1080
G1 X128.5407 Y127.5098 Z1.0271 E0.02133 F1080
G1 X128.2694 Y127.8038 Z1.0275 E0.02133 F1080
G1 X127.9904 Y128.0905 Z1.0280 E0.02133 F1080
G1 X127.7038 Y128.3695 Z1.0284 E0.02133 F1080
G1 X127.4098 Y128.6408 Z1.0289 E0.02133 F1080
G1 X127.1086 Y128.9040 Z1.0294 E0.02133 F1080
G1 X126.8005 Y129.1592 Z1.0298 E0.02133 F1080
G1 X126.4857 Y129.4059 Z1.0303 E0.02133 F1080
G1 X126.1643 Y129.6441 Z1.0307 E0.02133 F1080
G1 X125.8367 Y129.8736 Z1.0312 E0.02133 F1080
G1 X125.5030 Y130.0943 Z1.0316 E0.02133 F1080
G1 X125.1636 Y130.3059 Z1.0321 E0.02133 F1080
G1 X124.8186 Y130.5084 Z1.0325 E0.02133 F1080
G1 X124.4683 Y130.7015 Z1.0330 E0.02133 F1080
G1 X124.1129 Y130.8852 Z1.0334 E0.02133 F1080
G1 X123.7528 Y131.0593 Z1.0339 E0.02133 F1080
G1 X123.3881 Y131.2237 Z1.0343 E0.02133 F1080
G1 X123.0192 Y131.3782 Z1.0348 E0.02133 F1080
G1 X122.6462 Y131.5228 Z1.0352 E0.02133 F1080
G1 X122.2695 Y131.6574 Z1.0357 E0.02133 F1080
G1 X121.8893 Y131.7819 Z1.0361 E0.02133 F1080
G1 X121.5060 Y131.8961 Z1.0366 E0.02133 F1080
G1 X121.1197 Y132.0000 Z1.0370 E0.02133 F1080
G1 X120.7307 Y132.0936 Z1.0375 E0.02133 F1080
G1 X120.3395 Y132.1767 Z1.0379 E0.02133 F1080
G1 X119.9461 Y132.2493 Z1.0384 E0.02133 F1080
G1 X119.5509 Y132.3113 Z1.0388 E0.02133 F1080
G1 X119.1542 Y132.3628 Z1.0393 E0.02133 F1080
G1 X118.7563 Y132.4036 Z1.0397 E0.02133 F1080
G1 X118.3574 Y132.4338 Z1.0402 E0.02133 F1080
G1 X117.9579 Y132.4533 Z1.0406 E0.02133 F1080
G1 X117.5579 Y132.4621 Z1.0411 E0.02133 F1080
G1 X117.1579 Y132.4602 Z1.0416 E0.02133 F1080
G1 X116.7581 Y132.4477 Z1.0420 E0.02133 F1080
G1 X116.3588 Y132.4244 Z1.0425 E0.02133 F1080
G1 X115.9602 Y132.3905 Z1.0429 E0.02133 F1080
G1 X115.5627 Y132.3459 Z1.0434 E0.02133 F1080
G1 X115.1665 Y132.2908 Z1.0438 E0.02133 F1080
G1 X114.7719 Y132.2250 Z1.0443 E0.02133 F1080
G1 X114.3792 Y132.1488 Z1.0447 E0.02133 F1080
G1 X113.9887 Y132.0621 Z1.0452 E0.02133 F1080
G1 X113.6006 Y131.9650 Z1.0456 E0.02133 F1080
G1 X113.2153 Y131.8576 Z1.0461 E0.02133 F1080
G1 X112.8330 Y131.7399 Z1.0465 E0.02133 F1080
G1 X112.4539 Y131.6121 Z1.0470 E0.02133 F1080
G1 X112.0785 Y131.4742 Z1.0474 E0.02133 F1080
G1 X111.7068 Y131.3263 Z1.0479 E0.02133 F1080
G1 X111.3392 Y131.1685 Z1.0483 E0.02133 F1080
G1 X110.9759 Y131.0011 Z1.0488 E0.02133 F1080
G1 X110.6172 Y130.8239 Z1.0492 E0.02133 F1080
G1 X110.2634 Y130.6373 Z1.0497 E0.02133 F1080
G1 X109.9147 Y130.4413 Z1.0501 E0.02133 F1080
G1 X109.5713 Y130.2361 Z1.0506 E0.02133 F1080
G1 X109.2336 Y130.0218 Z1.0510 E0.02133 F1080
G1 X108.9016 Y129.7985 Z1.0515 E0.02133 F1080
G1 X108.5758 Y129.5665 Z1.0519 E0.02133 F1080
G1 X108.2562 Y129.3259 Z1.0524 E0.02133 F1080
G1 X107.9432 Y129.0769 Z1.0528 E0.02133 F1080
G1 X107.6369 Y128.8196 Z1.0533 E0.02133 F1080
G1 X107.3375 Y128.5543 Z1.0537 E0.02133 F1080
G1 X107.0454 Y128.2810 Z1.0542 E0.02133 F1080
G1 X106.7606 Y128.0001 Z1.0546 E0.02133 F1080
G1 X106.4834 Y127.7117 Z1.0551 E0.02133 F1080
G1 X106.2140 Y127.4160 Z1.0555 E0.02133 F1080
G1 X105.9525 Y127.1133 Z1.0560 E0.02133 F1080
G1 X105.6992 Y126.8037 Z1.0564 E0.02133 F1080
G1 X105.4543 Y126.4874 Z1.0569 E0.02133 F1080
G1 X105.2178 Y126.1648 Z1.0573 E0.02133 F1080
G1 X104.9900 Y125.8360 Z1.0578 E0.02133 F1080
G1 X104.7710 Y125.5012 Z1.0582 E0.02133 F1080
G1 X104.5611 Y125.1607 Z1.0587 E0.02133 F1080
G1 X104.3602 Y124.8148 Z1.0591 E0.02133 F1080
G1 X104.1686 Y124.4636 Z1.0595 E0.02133 F1080
G1 X103.9865 Y124.1075 Z1.0600 E0.02133 F1080
G1 X103.8138 Y123.7466 Z1.0604 E0.02133 F1080
G1 X103.6508 Y123.3813 Z1.0609 E0.02133 F1080
G1 X103.4976 Y123.0118 Z1.0613 E0.02133 F1080
G1 X103.3543 Y122.6384 Z1.0618 E0.02133 F1080
G1 X103.2209 Y122.2612 Z1.0622 E0.02133 F1080
G1 X103.0976 Y121.8807 Z1.0627 E0.02133 F1080
G1 X102.9845 Y121.4970 Z1.0631 E0.02133 F1080
G1 X102.8816 Y121.1104 Z1.0636 E0.02133 F1080
G1 X102.7890 Y120.7213 Z1.0640 E0.02133 F1080
G1 X102.7068 Y120.3298 Z1.0645 E0.02133 F1080
G1 X102.6350 Y119.9363 Z1.0649 E0.02133 F1080
G1 X102.5736 Y119.5410 Z1.0654 E0.02133 F1080
G1 X102.5228 Y119.1442 Z1.0658 E0.02133 F1080
G1 X102.4826 Y118.7462 Z1.0663 E0.02133 F1080
G1 X102.4529 Y118.3473 Z1.0667 E0.02133 F1080
G1 X102.4338 Y117.9478 Z1.0672 E0.02133 F1080
G1 X102.4253 Y117.5478 Z1.0676 E0.02133 F1080
G1 X102.4274 Y117.1478 Z1.0681 E0.02133 F1080
G1 X102.4402 Y116.7480 Z1.0685 E0.02133 F1080
G1 X102.4635 Y116.3487 Z1.0690 E0.02133 F1080
G1 X102.4975 Y115.9501 Z1.0694 E0.02133 F1080
G1 X102.5420 Y115.5526 Z1.0699 E0.02133 F1080
G1 X102.5970 Y115.1564 Z1.0703 E0.02133 F1080
G1 X102.6625 Y114.7617 Z1.0707 E0.02133 F1080
G1 X102.7384 Y114.3690 Z1.0712 E0.02133 F1080
G1 X102.8248 Y113.9784 Z1.0716 E0.02133 F1080
G1 X102.9214 Y113.5902 Z1.0721 E0.02133 F1080
G1 X103.0283 Y113.2048 Z1.0725 E0.02133 F1080
G1 X103.1454 Y112.8223 Z1.0730 E0.02133 F1080
G1 X103.2725 Y112.4430 Z1.0734 E0.02133 F1080
G1 X103.4097 Y112.0672 Z1.0739 E0.02133 F1080
G1 X103.5568 Y111.6952 Z1.0743 E0.02133 F1080
G1 X103.7137 Y111.3273 Z1.0748 E0.02133 F1080
G1 X103.8802 Y110.9636 Z1.0752 E0.02133 F1080
G1 X104.0564 Y110.6044 Z1.0757 E0.02133 F1080
G1 X104.2420 Y110.2501 Z1.0761 E0.02133 F1080
G1 X104.4369 Y109.9007 Z1.0766 E0.02133 F1080
G1 X104.6409 Y109.5567 Z1.0770 E0.02133 F1080
G1 X104.8540 Y109.2182 Z1.0774 E0.02133 F1080
G1 X105.0760 Y108.8854 Z1.0779 E0.02133 F1080
G1 X105.3067 Y108.5586 Z1.0783 E0.02133 F1080
G1 X105.5460 Y108.2380 Z1.0788 E0.02133 F1080
G1 X105.7937 Y107.9239 Z1.0792 E0.02133 F1080
G1 X106.0496 Y107.6165 Z1.0797 E0.02133 F1080
G1 X106.3135 Y107.3159 Z1.0801 E0.02133 F1080
G1 X106.5853 Y107.0224 Z1.0806 E0.02133 F1080
G1 X106.8648 Y106.7362 Z1.0810 E0.02133 F1080
G1 X107.1517 Y106.4574 Z1.0815 E0.02133 F1080
G1 X107.4459 Y106.1864 Z1.0819 E0.02133 F1080
G1 X107.7472 Y105.9232 Z1.0824 E0.02133 F1080
G1 X108.0553 Y105.6681 Z1.0828 E0.02133 F1080
G1 X108.3700 Y105.4212 Z1.0832 E0.02133 F1080
G1 X108.6911 Y105.1827 Z1.0837 E0.02133 F1080
G1 X109.0185 Y104.9528 Z1.0841 E0.02133 F1080
G1 X109.3518 Y104.7316 Z1.0846 E0.02133 F1080
G1 X109.6908 Y104.5193 Z1.0850 E0.02133 F1080
G1 X110.0353 Y104.3160 Z1.0855 E0.02133 F1080
G1 X110.3850 Y104.1218 Z1.0859 E0.02133 F1080
G1 X110.7398 Y103.9370 Z1.0864 E0.02133 F1080
G1 X111.0993 Y103.7616 Z1.0868 E0.02133 F1080
G1 X111.4633 Y103.5957 Z1.0873 E0.02133 F1080
G1 X111.8316 Y103.4395 Z1.0877 E0.02133 F1080
G1 X112.2038 Y103.2931 Z1.0881 E0.02133 F1080
G1 X112.5798 Y103.1566 Z1.0886 E0.02133 F1080
G1 X112.9593 Y103.0300 Z1.0890 E0.02133 F1080
G1 X113.3420 Y102.9135 Z1.0895 E0.02133 F1080
G1 X113.7276 Y102.8071 Z1.0899 E0.02133 F1080
G1 X114.1158 Y102.7109 Z1.0904 E0.02133 F1080
G1 X114.5065 Y102.6249 Z1.0908 E0.02133 F1080
G1 X114.8993 Y102.5493 Z1.0913 E0.02133 F1080
G1 X115.2940 Y102.4841 Z1.0917 E0.02133 F1080
G1 X115.6902 Y102.4293 Z1.0921 E0.02133 F1080
G1 X116.0878 Y102.3850 Z1.0926 E0.02133 F1080
G1 X116.4864 Y102.3512 Z1.0930 E0.02133 F1080
G1 X116.8857 Y102.3278 Z1.0935 E0.02133 F1080
G1 X117.2855 Y102.3150 Z1.0939 E0.02133 F1080
G1 X117.6855 Y102.3128 Z1.0944 E0.02133 F1080
G1 X118.0855 Y102.3210 Z1.0948 E0.02133 F1080
G1 X118.4851 Y102.3398 Z1.0952 E0.02133 F1080
G1 X118.8840 Y102.3691 Z1.0957 E0.02133 F1080
G1 X119.2820 Y102.4089 Z1.0961 E0.02133 F1080
G1 X119.6789 Y102.4592 Z1.0966 E0.02133 F1080
G1 X120.0743 Y102.5199 Z1.0970 E0.02133 F1080
G1 X120.4679 Y102.5910 Z1.0975 E0.02133 F1080
G1 X120.8596 Y102.6724 Z1.0979 E0.02133 F1080
G1 X121.2489 Y102.7641 Z1.0983 E0.02133 F1080
G1 X121.6358 Y102.8660 Z1.0988 E0.02133 F1080
G1 X122.0198 Y102.9780 Z1.0992 E0.02133 F1080
G1 X122.4007 Y103.1001 Z1.0997 E0.02133 F1080
G1 X122.7783 Y103.2322 Z1.1001 E0.02133 F1080
G1 X123.1523 Y103.3741 Z1.1006 E0.02133 F1080
G1 X123.5224 Y103.5258 Z1.1010 E0.02133 F1080
G1 X123.8884 Y103.6873 Z1.1014 E0.02133 F1080
G1 X124.2500 Y103.8582 Z1.1019 E0.02133 F1080
G1 X124.6070 Y104.0386 Z1.1023 E0.02133 F1080
G1 X124.9592 Y104.2284 Z1.1028 E0.02133 F1080
G1 X125.3063 Y104.4273 Z1.1032 E0.02133 F1080
G1 X125.6480 Y104.6353 Z1.1037 E0.02133 F1080
G1 X125.9841 Y104.8522 Z1.1041 E0.02133 F1080
G1 X126.3144 Y105.0778 Z1.1045 E0.02133 F1080
G1 X126.6387 Y105.3120 Z1.1050 E0.02133 F1080
G1 X126.9567 Y105.5547 Z1.1054 E0.02133 F1080
G1 X127.2682 Y105.8056 Z1.1059 E0.02133 F1080
G1 X127.5730 Y106.0646 Z1.1063 E0.02133 F1080
G1 X127.8710 Y106.3316 Z1.1068 E0.02133 F1080
G1 X128.1618 Y106.6062 Z1.1072 E0.02133 F1080
G1 X128.4453 Y106.8884 Z1.1076 E0.02133 F1080
G1 X128.7213 Y107.1779 Z1.1081 E0.02133 F1080
G1 X128.9896 Y107.4746 Z1.1085 E0.02133 F1080
G1 X129.2501 Y107.7782 Z1.1090 E0.02133 F1080
G1 X129.5025 Y108.0886 Z1.1094 E0.02133 F1080
G1 X129.7467 Y108.4054 Z1.1098 E0.02133 F1080
G1 X129.9824 Y108.7286 Z1.1103 E0.02133 F1080
G1 X130.2097 Y109.0578 Z1.1107 E0.02133 F1080
G1 X130.4282 Y109.3928 Z1.1112 E0.02133 F1080
G1 X130.6378 Y109.7335 Z1.1116 E0.02133 F1080
G1 X130.8385 Y110.0795 Z1.1120 E0.02133 F1080
G1 X131.0300 Y110.4307 Z1.1125 E0.02133 F1080
G1 X131.2123 Y110.7868 Z1.1129 E0.02133 F1080
G1 X131.3851 Y111.1476 Z1.1134 E0.02133 F1080
G1 X131.5485 Y111.5127 Z1.1138 E0.02133 F1080
G1 X131.7022 Y111.8820 Z1.1143 E0.02133 F1080
G1 X131.8462 Y112.2552 Z1.1147 E0.02133 F1080
G1 X131.9804 Y112.6320 Z1.1151 E0.02133 F1080
G1 X132.1047 Y113.0123 Z1.1156 E0.02133 F1080
G1 X132.2190 Y113.3956 Z1.1160 E0.02133 F1080
G1 X132.3232 Y113.7818 Z1.1165 E0.02133 F1080
G1 X132.4172 Y114.1706 Z1.1169 E0.02133 F1080
G1 X132.5011 Y114.5617 Z1.1173 E0.02133 F1080
G1 X132.5747 Y114.9549 Z1.1178 E0.02133 F1080
G1 X132.6380 Y115.3499 Z1.1182 E0.02133 F1080
G1 X132.6909 Y115.7464 Z1.1187 E0.02133 F1080
G1 X132.7334 Y116.1442 Z1.1191 E0.02133 F1080
G1 X132.7655 Y116.5429 Z1.1195 E0.02133 F1080
G1 X132.7872 Y116.9423 Z1.1200 E0.02133 F1080
G1 X132.7984 Y117.3422 Z1.1204 E0.02133 F1080
G1 X132.7992 Y117.7422 Z1.1208 E0.02133 F1080
G1 X132.7895 Y118.1421 Z1.1213 E0.02133 F1080
G1 X132.7694 Y118.5416 Z1.1217 E0.02133 F1080
G1 X132.7388 Y118.9405 Z1.1222 E0.02133 F1080
G1 X132.6978 Y119.3384 Z1.1226 E0.02133 F1080
G1 X132.6465 Y119.7351 Z1.1230 E0.02133 F1080
G1 X132.5848 Y120.1303 Z1.1235 E0.02133 F1080
G1 X132.5127 Y120.5238 Z1.1239 E0.02133 F1080
G1 X132.4305 Y120.9153 Z1.1244 E0.02133 F1080
G1 X132.3380 Y121.3044 Z1.1248 E0.02133 F1080
G1 X132.2354 Y121.6911 Z1.1252 E0.02133 F1080
G1 X132.1228 Y122.0749 Z1.1257 E0.02133 F1080
G1 X132.0001 Y122.4557 Z1.1261 E0.02133 F1080
G1 X131.8676 Y122.8331 Z1.1266 E0.02133 F1080
G1 X131.7253 Y123.2069 Z1.1270 E0.02133 F1080
G1 X131.5732 Y123.5769 Z1.1274 E0.02133 F1080
G1 X131.4116 Y123.9428 Z1.1279 E0.02133 F1080
G1 X131.2404 Y124.3044 Z1.1283 E0.02133 F1080
G1 X131.0599 Y124.6613 Z1.1287 E0.02133 F1080
G1 X130.8702 Y125.0135 Z1.1292 E0.02133 F1080
G1 X130.6713 Y125.3606 Z1.1296 E0.02133 F1080
G1 X130.4634 Y125.7023 Z1.1301 E0.02133 F1080
G1 X130.2467 Y126.0386 Z1.1305 E0.02133 F1080
G1 X130.0213 Y126.3690 Z1.1309 E0.02133 F1080
G1 X129.7874 Y126.6935 Z1.1314 E0.02133 F1080
G1 X129.5450 Y127.0118 Z1.1318 E0.02133 F1080
G1 X129.2945 Y127.3236 Z1.1322 E0.02133 F1080
G1 X129.0360 Y127.6288 Z1.1327 E0.02133 F1080
G1 X128.7695 Y127.9272 Z1.1331 E0.02133 F1080
G1 X128.4954 Y128.2186 Z1.1336 E0.02133 F1080
G1 X128.2138 Y128.5026 Z1.1340 E0.02133 F1080
G1 X127.9249 Y128.7793 Z1.1344 E0.02133 F1080
G1 X127.6289 Y129.0484 Z1.1349 E0.02133 F1080
G1 X127.3259 Y129.3096 Z1.1353 E0.02133 F1080
G1 X127.0163 Y129.5629 Z1.1357 E0.02133 F1080
G1 X126.7002 Y129.8080 Z1.1362 E0.02133 F1080
G1 X126.3778 Y130.0448 Z1.1366 E0.02133 F1080
G1 X126.0494 Y130.2731 Z1.1370 E0.02133 F1080
G1 X125.7151 Y130.4929 Z1.1375 E0.02133 F1080
G1 X125.3752 Y130.7038 Z1.1379 E0.02133 F1080
G1 X125.0300 Y130.9058 Z1.1384 E0.02133 F1080
G1 X124.6796 Y131.0988 Z1.1388 E0.02133 F1080
G1 X124.3243 Y131.2826 Z1.1392 E0.02133 F1080
G1 X123.9643 Y131.4571 Z1.1397 E0.02133 F1080
G1 X123.6000 Y131.6222 Z1.1401 E0.02133 F1080
G1 X123.2314 Y131.7777 Z1.1405 E0.02133 F1080
G1 X122.8590 Y131.9237 Z1.1410 E0.02133 F1080
G1 X122.4829 Y132.0598 Z1.1414 E0.02133 F1080
G1 X122.1033 Y132.1862 Z1.1418 E0.02133 F1080
G1 X121.7206 Y132.3027 Z1.1423 E0.02133 F1080
G1 X121.3350 Y132.4091 Z1.1427 E0.02133 F1080
G1 X120.9468 Y132.5055 Z1.1431 E0.02133 F1080
G1 X120.5562 Y132.5918 Z1.1436 E0.02133 F1080
G1 X120.1635 Y132.6680 Z1.1440 E0.02133 F1080
G1 X119.7690 Y132.7339 Z1.1444 E0.02133 F1080
G1 X119.3728 Y132.7895 Z1.1449 E0.02133 F1080
G1 X118.9754 Y132.8348 Z1.1453 E0.02133 F1080
G1 X118.5769 Y132.8698 Z1.1458 E0.02133 F1080
G1 X118.1776 Y132.8944 Z1.1462 E0.02133 F1080
G1 X117.7779 Y132.9087 Z1.1466 E0.02133 F1080
G1 X117.3779 Y132.9126 Z1.1471 E0.02133 F1080
G1 X116.9779 Y132.9061 Z1.1475 E0.02133 F1080
G1 X116.5783 Y132.8892 Z1.1479 E0.02133 F1080
G1 X116.1792 Y132.8620 Z1.1484 E0.02133 F1080
G1 X115.7809 Y132.8244 Z1.1488 E0.02133 F1080
G1 X115.3838 Y132.7765 Z1.1492 E0.02133 F1080
G1 X114.9880 Y132.7183 Z1.1497 E0.02133 F1080
G1 X114.5939 Y132.6499 Z1.1501 E0.02133 F1080
G1 X114.2017 Y132.5712 Z1.1505 E0.02133 F1080
G1 X113.8116 Y132.4825 Z1.1510 E0.02133 F1080
G1 X113.4240 Y132.3836 Z1.1514 E0.02133 F1080
G1 X113.0391 Y132.2748 Z1.1518 E0.02133 F1080
G1 X112.6571 Y132.1560 Z1.1523 E0.02133 F1080
G1 X112.2784 Y132.0273 Z1.1527 E0.02133 F1080
G1 X111.9031 Y131.8889 Z1.1531 E0.02133 F1080
G1 X111.5315 Y131.7408 Z1.1536 E0.02133 F1080
G1 X111.1639 Y131.5831 Z1.1540 E0.02133 F1080
G1 X110.8004 Y131.4159 Z1.1544 E0.02133 F1080
G1 X110.4415 Y131.2394 Z1.1549 E0.02133 F1080
G1 X110.0872 Y131.0537 Z1.1553 E0.02133 F1080
G1 X109.7379 Y130.8588 Z1.1557 E0.02133 F1080
G1 X109.3937 Y130.6550 Z1.1562 E0.02133 F1080
G1 X109.0549 Y130.4423 Z1.1566 E0.02133 F1080
G1 X108.7217 Y130.2209 Z1.1570 E0.02133 F1080
G1 X108.3944 Y129.9910 Z1.1575 E0.02133 F1080
G1 X108.0731 Y129.7527 Z1.1579 E0.02133 F1080
G1 X107.7581 Y129.5061 Z1.1583 E0.02133 F1080
G1 X107.4496 Y129.2515 Z1.1587 E0.02133 F1080
G1 X107.1477 Y128.9890 Z1.1592 E0.02133 F1080
G1 X106.8528 Y128.7188 Z1.1596 E0.02133 F1080
G1 X106.5649 Y128.4410 Z1.1600 E0.02133 F1080
G1 X106.2844 Y128.1559 Z1.1605 E0.02133 F1080
G1 X106.0112 Y127.8636 Z1.1609 E0.02133 F1080
G1 X105.7458 Y127.5644 Z1.1613 E0.02133 F1080
G1 X105.4881 Y127.2584 Z1.1618 E0.02133 F1080
G1 X105.2385 Y126.9458 Z1.1622 E0.02133 F1080
G1 X104.9970 Y126.6269 Z1.1626 E0.02133 F1080
G1 X104.7639 Y126.3019 Z1.1631 E0.02133 F1080
G1 X104.5392 Y125.9709 Z1.1635 E0.02133 F1080
G1 X104.3231 Y125.6343 Z1.1639 E0.02133 F1080
G1 X104.1158 Y125.2922 Z1.1644 E0.02133 F1080
G1 X103.9174 Y124.9448 Z1.1648 E0.02133 F1080
G1 X103.7281 Y124.5925 Z1.1652 E0.02133 F1080
G1 X103.5479 Y124.2353 Z1.1656 E0.02133 F1080
G1 X103.3770 Y123.8737 Z1.1661 E0.02133 F1080
G1 X103.2154 Y123.5077 Z1.1665 E0.02133 F1080
G1 X103.0634 Y123.1377 Z1.1669 E0.02133 F1080
G1 X102.9210 Y122.7639 Z1.1674 E0.02133 F1080
G1 X102.7883 Y122.3865 Z1.1678 E0.02133 F1080
G1 X102.6653 Y122.0059 Z1.1682 E0.02133 F1080
G1 X102.5522 Y121.6222 Z1.1687 E0.02133 F1080
G1 X102.4491 Y121.2357 Z1.1691 E0.02133 F1080
G1 X102.3560 Y120.8467 Z1.1695 E0.02133 F1080
G1 X102.2729 Y120.4554 Z1.1699 E0.02133 F1080
G1 X102.1999 Y120.0621 Z1.1704 E0.02133 F1080
G1 X102.1371 Y119.6670 Z1.1708 E0.02133 F1080
G1 X102.0845 Y119.2705 Z1.1712 E0.02133 F1080
G1 X102.0422 Y118.8727 Z1.1717 E0.02133 F1080
G1 X102.0101 Y118.4740 Z1.1721 E0.02133 F1080
G1 X101.9883 Y118.0745 Z1.1725 E0.02133 F1080
G1 X101.9768 Y117.6747 Z1.1730 E0.02133 F1080
G1 X101.9756 Y117.2747 Z1.1734 E0.02133 F1080
G1 X101.9847 Y116.8748 Z1.1738 E0.02133 F1080
G1 X102.0041 Y116.4752 Z1.1742 E0.02133 F1080
G1 X102.0338 Y116.0763 Z1.1747 E0.02133 F1080
G1 X102.0738 Y115.6783 Z1.1751 E0.02133 F1080
G1 X102.1240 Y115.2814 Z1.1755 E0.02133 F1080
G1 X102.1844 Y114.8860 Z1.1760 E0.02133 F1080
G1 X102.2549 Y114.4923 Z1.1764 E0.02133 F1080
G1 X102.3356 Y114.1005 Z1.1768 E0.02133 F1080
G1 X102.4263 Y113.7109 Z1.1772 E0.02133 F1080
G1 X102.5270 Y113.3237 Z1.1777 E0.02133 F1080
G1 X102.6377 Y112.9393 Z1.1781 E0.02133 F1080
G1 X102.7582 Y112.5579 Z1.1785 E0.02133 F1080
G1 X102.8885 Y112.1797 Z1.1789 E0.02133 F1080
G1 X103.0284 Y111.8050 Z1.1794 E0.02133 F1080
G1 X103.1780 Y111.4339 Z1.1798 E0.02133 F1080
G1 X103.3370 Y111.0669 Z1.1802 E0.02133 F1080
G1 X103.5055 Y110.7041 Z1.1807 E0.02133 F1080
G1 X103.6832 Y110.3457 Z1.1811 E0.02133 F1080
G1 X103.8700 Y109.9920 Z1.1815 E0.02133 F1080
G1 X104.0659 Y109.6432 Z1.1819 E0.02133 F1080
G1 X104.2707 Y109.2996 Z1.1824 E0.02133 F1080
G1 X104.4842 Y108.9614 Z1.1828 E0.02133 F1080
G1 X104.7064 Y108.6287 Z1.1832 E0.02133 F1080
G1 X104.9370 Y108.3019 Z1.1836 E0.02133 F1080
G1 X105.1760 Y107.9811 Z1.1841 E0.02133 F1080
G1 X105.4231 Y107.6665 Z1.1845 E0.02133 F1080
G1 X105.6783 Y107.3584 Z1.1849 E0.02133 F1080
G1 X105.9412 Y107.0570 Z1.1854 E0.02133 F1080
G1 X106.2118 Y106.7624 Z1.1858 E0.02133 F1080
G1 X106.4899 Y106.4748 Z1.1862 E0.02133 F1080
G1 X106.7752 Y106.1945 Z1.1866 E0.02133 F1080
G1 X107.0677 Y105.9216 Z1.1871 E0.02133 F1080
G1 X107.3671 Y105.6563 Z1.1875 E0.02133 F1080
G1 X107.6732 Y105.3988 Z1.1879 E0.02133 F1080
G1 X107.9858 Y105.1492 Z1.1883 E0.02133 F1080
G1 X108.3047 Y104.9077 Z1.1888 E0.02133 F1080
G1 X108.6296 Y104.6744 Z1.1892 E0.02133 F1080
G1 X108.9605 Y104.4496 Z1.1896 E0.02133 F1080
G1 X109.2970 Y104.2334 Z1.1900 E0.02133 F1080
G1 X109.6390 Y104.0258 Z1.1905 E0.02133 F1080
G1 X109.9861 Y103.8271 Z1.1909 E0.02133 F1080
G1 X110.3383 Y103.6373 Z1.1913 E0.02133 F1080
G1 X110.6952 Y103.4566 Z1.1917 E0.02133 F1080
G1 X111.0566 Y103.2852 Z1.1922 E0.02133 F1080
G1 X111.4223 Y103.1230 Z1.1926 E0.02133 F1080
G1 X111.7920 Y102.9703 Z1.1930 E0.02133 F1080
G1 X112.1655 Y102.8271 Z1.1934 E0.02133 F1080
G1 X112.5425 Y102.6935 Z1.1939 E0.02133 F1080
G1 X112.9229 Y102.5696 Z1.1943 E0.02133 F1080
G1 X113.3063 Y102.4555 Z1.1947 E0.02133 F1080
G1 X113.6925 Y102.3513 Z1.1951 E0.02133 F1080
G1 X114.0812 Y102.2570 Z1.1956 E0.02133 F1080
G1 X114.4722 Y102.1727 Z1.1960 E0.02133 F1080
G1 X114.8653 Y102.0984 Z1.1964 E0.02133 F1080
G1 X115.2601 Y102.0342 Z1.1968 E0.02133 F1080
G1 X115.6565 Y101.9801 Z1.1972 E0.02133 F1080
G1 X116.0541 Y101.9362 Z1.1977 E0.02133 F1080
G1 X116.4527 Y101.9024 Z1.1981 E0.02133 F1080
G1 X116.8520 Y101.8789 Z1.1985 E0.02133 F1080
G1 X117.2518 Y101.8656 Z1.1989 E0.02133 F1080
G1 X117.6518 Y101.8625 Z1.1994 E0.02133 F1080
G1 X118.0517 Y101.8697 Z1.1998 E0.02133 F1080
G1 X118.4514 Y101.8871 Z1.2002 E0.02133 F1080
G1 X118.8504 Y101.9147 Z1.2006 E0.02133 F1080
G1 X119.2487 Y101.9525 Z1.2011 E0.02133 F1080
G1 X119.6458 Y102.0005 Z1.2015 E0.02133 F1080
G1 X120.0416 Y102.0586 Z1.2019 E0.02133 F1080
G1 X120.4357 Y102.1268 Z1.2023 E0.02133 F1080
G1 X120.8280 Y102.2050 Z1.2027 E0.02133 F1080
G1 X121.2182 Y102.2933 Z1.2032 E0.02133 F1080
G1 X121.6060 Y102.3915 Z1.2036 E0.02133 F1080
G1 X121.9911 Y102.4996 Z1.2040 E0.02133 F1080
G1 X122.3734 Y102.6174 Z1.2044 E0.02133 F1080
G1 X122.7525 Y102.7450 Z1.2049 E0.02133 F1080
G1 X123.1282 Y102.8823 Z1.2053 E0.02133 F1080
G1 X123.5003 Y103.0290 Z1.2057 E0.02133 F1080
G1 X123.8686 Y103.1853 Z1.2061 E0.02133 F1080
G1 X124.2327 Y103.3509 Z1.2065 E0.02133 F1080
G1 X124.5925 Y103.5257 Z1.2070 E0.02133 F1080
G1 X124.9477 Y103.7097 Z1.2074 E0.02133 F1080
G1 X125.2981 Y103.9026 Z1.2078 E0.02133 F1080
G1 X125.6435 Y104.1045 Z1.2082 E0.02133 F1080
G1 X125.9836 Y104.3150 Z1.2086 E0.02133 F1080
G1 X126.3182 Y104.5342 Z1.2091 E0.02133 F1080
G1 X126.6471 Y104.7619 Z1.2095 E0.02133 F1080
G1 X126.9701 Y104.9979 Z1.2099 E0.02133 F1080
G1 X127.2870 Y105.2420 Z1.2103 E0.02133 F1080
G1 X127.5975 Y105.4942 Z1.2108 E0.02133 F1080
G1 X127.9015 Y105.7541 Z1.2112 E0.02133 F1080
G1 X128.1988 Y106.0218 Z1.2116 E0.02133 F1080
G1 X128.4892 Y106.2969 Z1.2120 E0.02133 F1080
G1 X128.7725 Y106.5793 Z1.2124 E0.02133 F1080
G1 X129.0484 Y106.8689 Z1.2129 E0.02133 F1080
G1 X129.3169 Y107.1654 Z1.2133 E0.02133 F1080
G1 X129.5778 Y107.4687 Z1.2137 E0.02133 F1080
G1 X129.8309 Y107.7785 Z1.2141 E0.02133 F1080
G1 X130.0760 Y108.0946 Z1.2145 E0.02133 F1080
G1 X130.3129 Y108.4169 Z1.2149 E0.02133 F1080
G1 X130.5416 Y108.7451 Z1.2154 E0.02133 F1080
G1 X130.7618 Y109.0790 Z1.2158 E0.02133 F1080
G1 X130.9735 Y109.4185 Z1.2162 E0.02133 F1080
G1 X131.1764 Y109.7632 Z1.2166 E0.02133 F1080
G1 X131.3705 Y110.1130 Z1.2170 E0.02133 F1080
G1 X131.5557 Y110.4675 Z1.2175 E0.02133 F1080
G1 X131.7317 Y110.8267 Z1.2179 E0.02133 F1080
G1 X131.8986 Y111.1903 Z1.2183 E0.02133 F1080
G1 X132.0561 Y111.5580 Z1.2187 E0.02133 F1080
G1 X132.2043 Y111.9295 Z1.2191 E0.02133 F1080
G1 X132.3429 Y112.3048 Z1.2196 E0.02133 F1080
G1 X132.4720 Y112.6834 Z1.2200 E0.02133 F1080
G1 X132.5914 Y113.0652 Z1.2204 E0.02133 F1080
G1 X132.7010 Y113.4499 Z1.2208 E0.02133 F1080
G1 X132.8009 Y113.8372 Z1.2212 E0.02133 F1080
G1 X132.8908 Y114.2270 Z1.2216 E0.02133 F1080
G1 X132.9708 Y114.6189 Z1.2221 E0.02133 F1080
G1 X133.0409 Y115.0128 Z1.2225 E0.02133 F1080
G1 X133.1008 Y115.4083 Z1.2229 E0.02133 F1080
G1 X133.1508 Y115.8051 Z1.2233 E0.02133 F1080
G1 X133.1906 Y116.2032 Z1.2237 E0.02133 F1080
G1 X133.2203 Y116.6021 Z1.2241 E0.02133 F1080
G1 X133.2398 Y117.0016 Z1.2246 E0.02133 F1080
G1 X133.2492 Y117.4015 Z1.2250 E0.02133 F1080
G1 X133.2485 Y117.8015 Z1.2254 E0.02133 F1080
G1 X133.2376 Y118.2014 Z1.2258 E0.02133 F1080
G1 X133.2165 Y118.6009 Z1.2262 E0.02133 F1080
G1 X133.1853 Y118.9997 Z1.2266 E0.02133 F1080
G1 X133.1440 Y119.3975 Z1.2271 E0.02133 F1080
G1 X133.0926 Y119.7942 Z1.2275 E0.02133 F1080
G1 X133.0311 Y120.1895 Z1.2279 E0.02133 F1080
G1 X132.9597 Y120.5831 Z1.2283 E0.02133 F1080
G1 X132.8782 Y120.9747 Z1.2287 E0.02133 F1080
G1 X132.7869 Y121.3642 Z1.2291 E0.02133 F1080
G1 X132.6857 Y121.7512 Z1.2296 E0.02133 F1080
G1 X132.5747 Y122.1355 Z1.2300 E0.02133 F1080
G1 X132.4541 Y122.5169 Z1.2304 E0.02133 F1080
G1 X132.3238 Y122.8951 Z1.2308 E0.02133 F1080
G1 X132.1839 Y123.2699 Z1.2312 E0.02133 F1080
G1 X132.0346 Y123.6410 Z1.2316 E0.02133 F1080
G1 X131.8759 Y124.0082 Z1.2321 E0.02133 F1080
G1 X131.7080 Y124.3712 Z1.2325 E0.02133 F1080
G1 X131.5309 Y124.7299 Z1.2329 E0.02133 F1080
G1 X131.3448 Y125.0840 Z1.2333 E0.02133 F1080
G1 X131.1497 Y125.4332 Z1.2337 E0.02133 F1080
G1 X130.9459 Y125.7774 Z1.2341 E0.02133 F1080
G1 X130.7335 Y126.1164 Z1.2345 E0.02133 F1080
G1 X130.5125 Y126.4498 Z1.2350 E0.02133 F1080
G1 X130.2831 Y126.7775 Z1.2354 E0.02133 F1080
G1 X130.0455 Y127.0993 Z1.2358 E0.02133 F1080
G1 X129.7999 Y127.4150 Z1.2362 E0.02133 F1080
G1 X129.5463 Y127.7244 Z1.2366 E0.02133 F1080
G1 X129.2850 Y128.0273 Z1.2370 E0.02133 F1080
G1 X129.0161 Y128.3234 Z1.2374 E0.02133 F1080
G1 X128.7398 Y128.6127 Z1.2379 E0.02133 F1080
G1 X128.4562 Y128.8949 Z1.2383 E0.02133 F1080
G1 X128.1657 Y129.1698 Z1.2387 E0.02133 F1080
G1 X127.8682 Y129.4372 Z1.2391 E0.02133 F1080
G1 X127.5641 Y129.6971 Z1.2395 E0.02133 F1080
G1 X127.2535 Y129.9491 Z1.2399 E0.02133 F1080
G1 X126.9366 Y130.1933 Z1.2403 E0.02133 F1080
G1 X126.6136 Y130.4293 Z1.2407 E0.02133 F1080
G1 X126.2848 Y130.6571 Z1.2412 E0.02133 F1080
G1 X125.9504 Y130.8765 Z1.2416 E0.02133 F1080
G1 X125.6105 Y131.0874 Z1.2420 E0.02133 F1080
G1 X125.2653 Y131.2897 Z1.2424 E0.02133 F1080
G1 X124.9152 Y131.4831 Z1.2428 E0.02133 F1080
G1 X124.5603 Y131.6676 Z1.2432 E0.02133 F1080
G1 X124.2008 Y131.8431 Z1.2436 E0.02133 F1080
G1 X123.8370 Y132.0095 Z1.2440 E0.02133 F1080
G1 X123.4692 Y132.1666 Z1.2445 E0.02133 F1080
G1 X123.0975 Y132.3144 Z1.2449 E0.02133 F1080
G1 X122.7221 Y132.4528 Z1.2453 E0.02133 F1080
G1 X122.3434 Y132.5816 Z1.2457 E0.02133 F1080
G1 X121.9616 Y132.7008 Z1.2461 E0.02133 F1080
G1 X121.5769 Y132.8104 Z1.2465 E0.02133 F1080
G1 X121.1895 Y132.9102 Z1.2469 E0.02133 F1080
G1 X120.7997 Y133.0001 Z1.2473 E0.02133 F1080
G1 X120.4078 Y133.0803 Z1.2477 E0.02133 F1080
G1 X120.0140 Y133.1505 Z1.2482 E0.02133 F1080
G1 X119.6186 Y133.2107 Z1.2486 E0.02133 F1080
G1 X119.2217 Y133.2609 Z1.2490 E0.02133 F1080
G1 X118.8237 Y133.3012 Z1.2494 E0.02133 F1080
G1 X118.4249 Y133.3313 Z1.2498 E0.02133 F1080
G1 X118.0253 Y133.3514 Z1.2502 E0.02133 F1080
G1 X117.6254 Y133.3614 Z1.2506 E0.02133 F1080
G1 X117.2254 Y133.3614 Z1.2510 E0.02133 F1080
G1 X116.8255 Y133.3512 Z1.2514 E0.02133 F1080
G1 X116.4260 Y133.3310 Z1.2518 E0.02133 F1080
G1 X116.0272 Y133.3007 Z1.2523 E0.02133 F1080
G1 X115.6292 Y133.2603 Z1.2527 E0.02133 F1080
G1 X115.2324 Y133.2100 Z1.2531 E0.02133 F1080
G1 X114.8369 Y133.1496 Z1.2535 E0.02133 F1080
G1 X114.4431 Y133.0793 Z1.2539 E0.02133 F1080
G1 X114.0512 Y132.9991 Z1.2543 E0.02133 F1080
G1 X113.6615 Y132.9091 Z1.2547 E0.02133 F1080
G1 X113.2741 Y132.8093 Z1.2551 E0.02133 F1080
G1 X112.8894 Y132.6997 Z1.2555 E0.02133 F1080
G1 X112.5076 Y132.5805 Z1.2559 E0.02133 F1080
G1 X112.1288 Y132.4517 Z1.2563 E0.02133 F1080
G1 X111.7535 Y132.3134 Z1.2568 E0.02133 F1080
G1 X111.3817 Y132.1658 Z1.2572 E0.02133 F1080
G1 X111.0138 Y132.0088 Z1.2576 E0.02133 F1080
G1 X110.6500 Y131.8426 Z1.2580 E0.02133 F1080
G1 X110.2904 Y131.6673 Z1.2584 E0.02133 F1080
G1 X109.9354 Y131.4830 Z1.2588 E0.02133 F1080
G1 X109.5851 Y131.2898 Z1.2592 E0.02133 F1080
G1 X109.2398 Y131.0879 Z1.2596 E0.02133 F1080
G1 X108.8997 Y130.8773 Z1.2600 E0.02133 F1080
G1 X108.5649 Y130.6583 Z1.2604 E0.02133 F1080
G1 X108.2358 Y130.4309 Z1.2608 E0.02133 F1080
G1 X107.9125 Y130.1953 Z1.2612 E0.02133 F1080
G1 X107.5953 Y129.9517 Z1.2616 E0.02133 F1080
G1 X107.2842 Y129.7002 Z1.2621 E0.02133 F1080
G1 X106.9796 Y129.4409 Z1.2625 E0.02133 F1080
G1 X106.6816 Y129.1740 Z1.2629 E0.02133 F1080
G1 X106.3904 Y128.8998 Z1.2633 E0.02133 F1080
G1 X106.1062 Y128.6183 Z1.2637 E0.02133 F1080
G1 X105.8292 Y128.3297 Z1.2641 E0.02133 F1080
G1 X105.5594 Y128.0343 Z1.2645 E0.02133 F1080
G1 X105.2972 Y127.7322 Z1.2649 E0.02133 F1080
G1 X105.0427 Y127.4237 Z1.2653 E0.02133 F1080
G1 X104.7960 Y127.1088 Z1.2657 E0.02133 F1080
G1 X104.5573 Y126.7878 Z1.2661 E0.02133 F1080
G1 X104.3267 Y126.4610 Z1.2665 E0.02133 F1080
G1 X104.1043 Y126.1284 Z1.2669 E0.02133 F1080
G1 X103.8905 Y125.7904 Z1.2673 E0.02133 F1080
G1 X103.6851 Y125.4471 Z1.2677 E0.02133 F1080
G1 X103.4884 Y125.0988 Z1.2681 E0.02133 F1080
G1 X103.3006 Y124.7456 Z1.2685 E0.02133 F1080
G1 X103.1216 Y124.3878 Z1.2690 E0.02133 F1080
G1 X102.9517 Y124.0257 Z1.2694 E0.02133 F1080
G1 X102.7910 Y123.6594 Z1.2698 E0.02133 F1080
G1 X102.6394 Y123.2892 Z1.2702 E0.02133 F1080
G1 X102.4972 Y122.9153 Z1.2706 E0.02133 F1080
G1 X102.3645 Y122.5380 Z1.2710 E0.02133 F1080
G1 X102.2412 Y122.1574 Z1.2714 E0.02133 F1080
G1 X102.1275 Y121.7739 Z1.2718 E0.02133 F1080
G1 X102.0234 Y121.3877 Z1.2722 E0.02133 F1080
G1 X101.9291 Y120.9989 Z1.2726 E0.02133 F1080
G1 X101.8446 Y120.6080 Z1.2730 E0.02133 F1080
G1 X101.7698 Y120.2150 Z1.2734 E0.02133 F1080
G1 X101.7050 Y119.8203 Z1.2738 E0.02133 F1080
G1 X101.6500 Y119.4240 Z1.2742 E0.02133 F1080
G1 X101.6050 Y119.0266 Z1.2746 E0.02133 F1080
G1 X101.5700 Y118.6281 Z1.2750 E0.02133 F1080
G1 X101.5449 Y118.2289 Z1.2754 E0.02133 F1080
G1 X101.5299 Y117.8291 Z1.2758 E0.02133 F1080
G1 X101.5248 Y117.4291 Z1.2762 E0.02133 F1080
G1 X101.5298 Y117.0292 Z1.2766 E0.02133 F1080
G1 X101.5448 Y116.6294 Z1.2770 E0.02133 F1080
G1 X101.5698 Y116.2302 Z1.2774 E0.02133 F1080
G1 X101.6048 Y115.8317 Z1.2778 E0.02133 F1080
G1 X101.6498 Y115.4342 Z1.2782 E0.02133 F1080
G1 X101.7047 Y115.0380 Z1.2786 E0.02133 F1080
G1 X101.7694 Y114.6433 Z1.2790 E0.02133 F1080
G1 X101.8441 Y114.2503 Z1.2794 E0.02133 F1080
G1 X101.9285 Y113.8593 Z1.2798 E0.02133 F1080
G1 X102.0227 Y113.4705 Z1.2802 E0.02133 F1080
G1 X102.1266 Y113.0842 Z1.2806 E0.02133 F1080
G1 X102.2401 Y112.7006 Z1.2811 E0.02133 F1080
G1 X102.3632 Y112.3200 Z1.2815 E0.02133 F1080
G1 X102.4957 Y111.9426 Z1.2819 E0.02133 F1080
G1 X102.6377 Y111.5686 Z1.2823 E0.02133 F1080
G1 X102.7889 Y111.1983 Z1.2827 E0.02133 F1080
G1 X102.9494 Y110.8319 Z1.2831 E0.02133 F1080
G1 X103.1189 Y110.4696 Z1.2835 E0.02133 F1080
G1 X103.2975 Y110.1116 Z1.2839 E0.02133 F1080
G1 X103.4849 Y109.7582 Z1.2843 E0.02133 F1080
G1 X103.6812 Y109.4097 Z1.2847 E0.02133 F1080
G1 X103.8860 Y109.0661 Z1.2851 E0.02133 F1080
G1 X104.0994 Y108.7277 Z1.2855 E0.02133 F1080
G1 X104.3212 Y108.3948 Z1.2859 E0.02133 F1080
G1 X104.5512 Y108.0675 Z1.2863 E0.02133 F1080
G1 X104.7893 Y107.7461 Z1.2867 E0.02133 F1080
G1 X105.0353 Y107.4307 Z1.2871 E0.02133 F1080
G1 X105.2892 Y107.1216 Z1.2875 E0.02133 F1080
G1 X105.5507 Y106.8189 Z1.2879 E0.02133 F1080
G1 X105.8197 Y106.5228 Z1.2883 E0.02133 F1080
G1 X106.0959 Y106.2335 Z1.2887 E0.02133 F1080
G1 X106.3793 Y105.9512 Z1.2891 E0.02133 F1080
G1 X106.6697 Y105.6760 Z1.2895 E0.02133 F1080
G1 X106.9668 Y105.4082 Z1.2899 E0.02133 F1080
G1 X107.2705 Y105.1479 Z1.2903 E0.02133 F1080
G1 X107.5807 Y104.8952 Z1.2907 E0.02133 F1080
G1 X107.8970 Y104.6504 Z1.2911 E0.02133 F1080
G1 X108.2193 Y104.4135 Z1.2914 E0.02133 F1080
G1 X108.5474 Y104.1847 Z1.2918 E0.02133 F1080
G1 X108.8812 Y103.9642 Z1.2922 E0.02133 F1080
G1 X109.2203 Y103.7520 Z1.2926 E0.02133 F1080
G1 X109.5646 Y103.5484 Z1.2930 E0.02133 F1080
G1 X109.9139 Y103.3534 Z1.2934 E0.02133 F1080
G1 X110.2679 Y103.1672 Z1.2938 E0.02133 F1080
G1 X110.6265 Y102.9899 Z1.2942 E0.02133 F1080
G1 X110.9893 Y102.8215 Z1.2946 E0.02133 F1080
G1 X111.3563 Y102.6623 Z1.2950 E0.02133 F1080
G1 X111.7271 Y102.5122 Z1.2954 E0.02133 F1080
G1 X112.1015 Y102.3714 Z1.2958 E0.02133 F1080
G1 X112.4793 Y102.2400 Z1.2962 E0.02133 F1080
G1 X112.8603 Y102.1180 Z1.2966 E0.02133 F1080
G1 X113.2442 Y102.0055 Z1.2970 E0.02133 F1080
G1 X113.6307 Y101.9027 Z1.2974 E0.02133 F1080
G1 X114.0197 Y101.8095 Z1.2978 E0.02133 F1080
G1 X114.4109 Y101.7260 Z1.2982 E0.02133 F1080
G1 X114.8041 Y101.6522 Z1.2986 E0.02133 F1080
G1 X115.1990 Y101.5883 Z1.2990 E0.02133 F1080
G1 X115.5953 Y101.5342 Z1.2994 E0.02133 F1080
G1 X115.9929 Y101.4900 Z1.2998 E0.02133 F1080
G1 X116.3914 Y101.4557 Z1.3002 E0.02133 F1080
G1 X116.7907 Y101.4313 Z1.3006 E0.02133 F1080
G1 X117.1904 Y101.4169 Z1.3010 E0.02133 F1080
G1 X117.5904 Y101.4124 Z1.3014 E0.02133 F1080
G1 X117.9904 Y101.4178 Z1.3018 E0.02133 F1080
G1 X118.3901 Y101.4332 Z1.3022 E0.02133 F1080
G1 X118.7893 Y101.4585 Z1.3026 E0.02133 F1080
G1 X119.1878 Y101.4937 Z1.3030 E0.02133 F1080
G1 X119.5853 Y101.5388 Z1.3033 E0.02133 F1080
G1 X119.9815 Y101.5938 Z1.3037 E0.02133 F1080
G1 X120.3762 Y101.6586 Z1.3041 E0.02133 F1080
G1 X120.7692 Y101.7332 Z1.3045 E0.02133 F1080
G1 X121.1602 Y101.8176 Z1.3049 E0.02133 F1080
G1 X121.5491 Y101.9116 Z1.3053 E0.02133 F1080
G1 X121.9354 Y102.0152 Z1.3057 E0.02133 F1080
G1 X122.3191 Y102.1284 Z1.3061 E0.02133 F1080
G1 X122.6998 Y102.2511 Z1.3065 E0.02133 F1080
G1 X123.0774 Y102.3833 Z1.3069 E0.02133 F1080
G1 X123.4515 Y102.5247 Z1.3073 E0.02133 F1080
G1 X123.8221 Y102.6754 Z1.3077 E0.02133 F1080
G1 X124.1888 Y102.8352 Z1.3081 E0.02133 F1080
G1 X124.5514 Y103.0041 Z1.3085 E0.02133 F1080
G1 X124.9097 Y103.1820 Z1.3089 E0.02133 F1080
G1 X125.2635 Y103.3687 Z1.3093 E0.02133 F1080
G1 X125.6125 Y103.5641 Z1.3096 E0.02133 F1080
G1 X125.9566 Y103.7680 Z1.3100 E0.02133 F1080
G1 X126.2956 Y103.9805 Z1.3104 E0.02133 F1080
G1 X126.6291 Y104.2013 Z1.3108 E0.02133 F1080
G1 X126.9571 Y104.4303 Z1.3112 E0.02133 F1080
G1 X127.2793 Y104.6674 Z1.3116 E0.02133 F1080
G1 X127.5955 Y104.9124 Z1.3120 E0.02133 F1080
G1 X127.9056 Y105.1651 Z1.3124 E0.02133 F1080
G1 X128.2092 Y105.4255 Z1.3128 E0.02133 F1080
G1 X128.5064 Y105.6933 Z1.3132 E0.02133 F1080
G1 X128.7968 Y105.9683 Z1.3136 E0.02133 F1080
G1 X129.0803 Y106.2505 Z1.3140 E0.02133 F1080
G1 X129.3568 Y106.5397 Z1.3143 E0.02133 F1080
G1 X129.6259 Y106.8356 Z1.3147 E0.02133 F1080
G1 X129.8877 Y107.1380 Z1.3151 E0.02133 F1080
G1 X130.1419 Y107.4469 Z1.3155 E0.02133 F1080
G1 X130.3884 Y107.7619 Z1.3159 E0.02133 F1080
G1 X130.6270 Y108.0830 Z1.3163 E0.02133 F1080
G1 X130.8576 Y108.4099 Z1.3167 E0.02133 F1080
G1 X131.0800 Y108.7424 Z1.3171 E0.02133 F1080
G1 X131.2941 Y109.0802 Z1.3175 E0.02133 F1080
G1 X131.4998 Y109.4233 Z1.3179 E0.02133 F1080
G1 X131.6969 Y109.7714 Z1.3183 E0.02133 F1080
G1 X131.8854 Y110.1242 Z1.3186 E0.02133 F1080
G1 X132.0651 Y110.4816 Z1.3190 E0.02133 F1080
G1 X132.2359 Y110.8434 Z1.3194 E0.02133 F1080
G1 X132.3976 Y111.2092 Z1.3198 E0.02133 F1080
G1 X132.5503 Y111.5789 Z1.3202 E0.02133 F1080
G1 X132.6938 Y111.9523 Z1.3206 E0.02133 F1080
G1 X132.8280 Y112.3292 Z1.3210 E0.02133 F1080
G1 X132.9529 Y112.7092 Z1.3214 E0.02133 F1080
G1 X133.0683 Y113.0922 Z1.3218 E0.02133 F1080
G1 X133.1742 Y113.4779 Z1.3221 E0.02133 F1080
G1 X133.2705 Y113.8662 Z1.3225 E0.02133 F1080
G1 X133.3573 Y114.2567 Z1.3229 E0.02133 F1080
G1 X133.4343 Y114.6492 Z1.3233 E0.02133 F1080
G1 X133.5016 Y115.0435 Z1.3237 E0.02133 F1080
G1 X133.5592 Y115.4394 Z1.3241 E0.02133 F1080
G1 X133.6070 Y115.8365 Z1.3245 E0.02133 F1080
G1 X133.6449 Y116.2347 Z1.3249 E0.02133 F1080
G1 X133.6730 Y116.6337 Z1.3253 E0.02133 F1080
G1 X133.6912 Y117.0333 Z1.3256 E0.02133 F1080
G1 X133.6996 Y117.4333 Z1.3260 E0.02133 F1080
G1 X133.6980 Y117.8333 Z1.3264 E0.02133 F1080
G1 X133.6866 Y118.2331 Z1.3268 E0.02133 F1080
G1 X133.6654 Y118.6326 Z1.3272 E0.02133 F1080
G1 X133.6343 Y119.0314 Z1.3276 E0.02133 F1080
G1 X133.5933 Y119.4293 Z1.3280 E0.02133 F1080
G1 X133.5426 Y119.8261 Z1.3284 E0.02133 F1080
G1 X133.4820 Y120.2215 Z1.3287 E0.02133 F1080
G1 X133.4117 Y120.6153 Z1.3291 E0.02133 F1080
G1 X133.3318 Y121.0072 Z1.3295 E0.02133 F1080
G1 X133.2422 Y121.3971 Z1.3299 E0.02133 F1080
G1 X133.1430 Y121.7846 Z1.3303 E0.02133 F1080
G1 X133.0343 Y122.1696 Z1.3307 E0.02133 F1080
G1 X132.9161 Y122.5517 Z1.3311 E0.02133 F1080
G1 X132.7885 Y122.9309 Z1.3314 E0.02133 F1080
G1 X132.6516 Y123.3067 Z1.3318 E0.02133 F1080
G1 X132.5055 Y123.6791 Z1.3322 E0.02133 F1080
G1 X132.3503 Y124.0478 Z1.3326 E0.02133 F1080
G1 X132.1860 Y124.4125 Z1.3330 E0.02133 F1080
G1 X132.0128 Y124.7731 Z1.3334 E0.02133 F1080
G1 X131.8308 Y125.1293 Z1.3338 E0.02133 F1080
G1 X131.6400 Y125.4809 Z1.3341 E0.02133 F1080
G1 X131.4406 Y125.8276 Z1.3345 E0.02133 F1080
G1 X131.2328 Y126.1694 Z1.3349 E0.02133 F1080
G1 X131.0166 Y126.5060 Z1.3353 E0.02133 F1080
G1 X130.7922 Y126.8371 Z1.3357 E0.02133 F1080
G1 X130.5596 Y127.1626 Z1.3361 E0.02133 F1080
G1 X130.3192 Y127.4823 Z1.3364 E0.02133 F1080
G1 X130.0709 Y127.7959 Z1.3368 E0.02133 F1080
G1 X129.8150 Y128.1034 Z1.3372 E0.02133 F1080
G1 X129.5516 Y128.4045 Z1.3376 E0.02133 F1080
G1 X129.2809 Y128.6989 Z1.3380 E0.02133 F1080
G1 X129.0030 Y128.9867 Z1.3384 E0.02133 F1080
G1 X128.7182 Y129.2675 Z1.3387 E0.02133 F1080
G1 X128.4265 Y129.5412 Z1.3391 E0.02133 F1080
G1 X128.1281 Y129.8077 Z1.3395 E0.02133 F1080
G1 X127.8233 Y130.0667 Z1.3399 E0.02133 F1080
G1 X127.5122 Y130.3182 Z1.3403 E0.02133 F1080
G1 X127.1950 Y130.5619 Z1.3407 E0.02133 F1080
G1 X126.8720 Y130.7978 Z1.3410 E0.02133 F1080
G1 X126.5432 Y131.0257 Z1.3414 E0.02133 F1080
G1 X126.2089 Y131.2454 Z1.3418 E0.02133 F1080
G1 X125.8693 Y131.4568 Z1.3422 E0.02133 F1080
G1 X125.5246 Y131.6598 Z1.3426 E0.02133 F1080
G1 X125.1751 Y131.8543 Z1.3430 E0.02133 F1080
G1 X124.8209 Y132.0401 Z1.3433 E0.02133 F1080
G1 X124.4622 Y132.2171 Z1.3437 E0.02133 F1080
G1 X124.0992 Y132.3854 Z1.3441 E0.02133 F1080
G1 X123.7323 Y132.5446 Z1.3445 E0.02133 F1080
G1 X123.3615 Y132.6948 Z1.3449 E0.02133 F1080
G1 X122.9872 Y132.8358 Z1.3452 E0.02133 F1080
G1 X122.6095 Y132.9676 Z1.3456 E0.02133 F1080
G1 X122.2287 Y133.0900 Z1.3460 E0.02133 F1080
G1 X121.8450 Y133.2031 Z1.3464 E0.02133 F1080
G1 X121.4586 Y133.3068 Z1.3468 E0.02133 F1080
G1 X121.0699 Y133.4009 Z1.3471 E0.02133 F1080
G1 X120.6789 Y133.4854 Z1.3475 E0.02133 F1080
G1 X120.2859 Y133.5604 Z1.3479 E0.02133 F1080
G1 X119.8913 Y133.6256 Z1.3483 E0.02133 F1080
G1 X119.4951 Y133.6812 Z1.3487 E0.02133 F1080
G1 X119.0978 Y133.7270 Z1.3490 E0.02133 F1080
G1 X118.6994 Y133.7631 Z1.3494 E0.02133 F1080
G1 X118.3002 Y133.7893 Z1.3498 E0.02133 F1080
G1 X117.9006 Y133.8058 Z1.3502 E0.02133 F1080
G1 X117.5006 Y133.8125 Z1.3506 E0.02133 F1080
G1 X117.1006 Y133.8094 Z1.3509 E0.02133 F1080
G1 X116.7008 Y133.7964 Z1.3513 E0.02133 F1080
G1 X116.3014 Y133.7737 Z1.3517 E0.02133 F1080
G1 X115.9027 Y133.7412 Z1.3521 E0.02133 F1080
G1 X115.5050 Y133.6989 Z1.3525 E0.02133 F1080
G1 X115.1083 Y133.6469 Z1.3528 E0.02133 F1080
G1 X114.7131 Y133.5851 Z1.3532 E0.02133 F1080
G1 X114.3195 Y133.5138 Z1.3536 E0.02133 F1080
G1 X113.9278 Y133.4328 Z1.3540 E0.02133 F1080
G1 X113.5382 Y133.3422 Z1.3543 E0.02133 F1080
G1 X113.1509 Y133.2421 Z1.3547 E0.02133 F1080
G1 X112.7661 Y133.1325 Z1.3551 E0.02133 F1080
G1 X112.3842 Y133.0136 Z1.3555 E0.02133 F1080
G1 X112.0053 Y132.8853 Z1.3559 E0.02133 F1080
G1 X111.6297 Y132.7478 Z1.3562 E0.02133 F1080
G1 X111.2575 Y132.6012 Z1.3566 E0.02133 F1080
G1 X110.8891 Y132.4455 Z1.3570 E0.02133 F1080
G1 X110.5245 Y132.2808 Z1.3574 E0.02133 F1080
G1 X110.1641 Y132.1072 Z1.3577 E0.02133 F1080
G1 X109.8081 Y131.9249 Z1.3581 E0.02133 F1080
G1 X109.4566 Y131.7339 Z1.3585 E0.02133 F1080
G1 X109.1099 Y131.5344 Z1.3589 E0.02133 F1080
G1 X108.7682 Y131.3264 Z1.3592 E0.02133 F1080
G1 X108.4316 Y131.1102 Z1.3596 E0.02133 F1080
G1 X108.1005 Y130.8858 Z1.3600 E0.02133 F1080
G1 X107.7750 Y130.6534 Z1.3604 E0.02133 F1080
G1 X107.4552 Y130.4130 Z1.3607 E0.02133 F1080
G1 X107.1414 Y130.1649 Z1.3611 E0.02133 F1080
G1 X106.8337 Y129.9093 Z1.3615 E0.02133 F1080
G1 X106.5324 Y129.6462 Z1.3619 E0.02133 F1080
G1 X106.2377 Y129.3758 Z1.3623 E0.02133 F1080
G1 X105.9496 Y129.0982 Z1.3626 E0.02133 F1080
G1 X105.6684 Y128.8137 Z1.3630 E0.02133 F1080
G1 X105.3942 Y128.5225 Z1.3634 E0.02133 F1080
G1 X105.1272 Y128.2246 Z1.3637 E0.02133 F1080
G1 X104.8676 Y127.9203 Z1.3641 E0.02133 F1080
G1 X104.6155 Y127.6097 Z1.3645 E0.02133 F1080
G1 X104.3710 Y127.2931 Z1.3649 E0.02133 F1080
G1 X104.1344 Y126.9706 Z1.3652 E0.02133 F1080
G1 X103.9057 Y126.6424 Z1.3656 E0.02133 F1080
G1 X103.6850 Y126.3087 Z1.3660 E0.02133 F1080
G1 X103.4726 Y125.9698 Z1.3664 E0.02133 F1080
G1 X103.2686 Y125.6257 Z1.3667 E0.02133 F1080
G1 X103.0729 Y125.2768 Z1.3671 E0.02133 F1080
G1 X102.8859 Y124.9232 Z1.3675 E0.02133 F1080
G1 X102.7075 Y124.5651 Z1.3679 E0.02133 F1080
G1 X102.5380 Y124.2029 Z1.3682 E0.02133 F1080
G1 X102.3773 Y123.8365 Z1.3686 E0.02133 F1080
G1 X102.2256 Y123.4664 Z1.3690 E0.02133 F1080
G1 X102.0830 Y123.0927 Z1.3694 E0.02133 F1080
G1 X101.9495 Y122.7156 Z1.3697 E0.02133 F1080
G1 X101.8253 Y122.3353 Z1.3701 E0.02133 F1080
G1 X101.7104 Y121.9522 Z1.3705 E0.02133 F1080
G1 X101.6048 Y121.5663 Z1.3708 E0.02133 F1080
G1 X101.5087 Y121.1780 Z1.3712 E0.02133 F1080
G1 X101.4221 Y120.7875 Z1.3716 E0.02133 F1080
G1 X101.3450 Y120.3950 Z1.3720 E0.02133 F1080
G1 X101.2776 Y120.0007 Z1.3723 E0.02133 F1080
G1 X101.2197 Y119.6049 Z1.3727 E0.02133 F1080
G1 X101.1715 Y119.2078 Z1.3731 E0.02133 F1080
G1 X101.1330 Y118.8096 Z1.3734 E0.02133 F1080
G1 X101.1042 Y118.4107 Z1.3738 E0.02133 F1080
G1 X101.0852 Y118.0111 Z1.3742 E0.02133 F1080
G1 X101.0759 Y117.6112 Z1.3746 E0.02133 F1080
G1 X101.0763 Y117.2112 Z1.3749 E0.02133 F1080
G1 X101.0864 Y116.8113 Z1.3753 E0.02133 F1080
G1 X101.1063 Y116.4118 Z1.3757 E0.02133 F1080
G1 X101.1359 Y116.0129 Z1.3760 E0.02133 F1080
G1 X101.1753 Y115.6148 Z1.3764 E0.02133 F1080
G1 X101.2243 Y115.2178 Z1.3768 E0.02133 F1080
G1 X101.2829 Y114.8221 Z1.3771 E0.02133 F1080
G1 X101.3511 Y114.4279 Z1.3775 E0.02133 F1080
G1 X101.4290 Y114.0356 Z1.3779 E0.02133 F1080
G1 X101.5163 Y113.6452 Z1.3782 E0.02133 F1080
G1 X101.6131 Y113.2571 Z1.3786 E0.02133 F1080
G1 X101.7194 Y112.8714 Z1.3790 E0.02133 F1080
G1 X101.8349 Y112.4885 Z1.3794 E0.02133 F1080
G1 X101.9598 Y112.1084 Z1.3797 E0.02133 F1080
G1 X102.0939 Y111.7316 Z1.3801 E0.02133 F1080
G1 X102.2370 Y111.3580 Z1.3805 E0.02133 F1080
G1 X102.3893 Y110.9881 Z1.3808 E0.02133 F1080
G1 X102.5504 Y110.6220 Z1.3812 E0.02133 F1080
G1 X102.7205 Y110.2599 Z1.3816 E0.02133 F1080
G1 X102.8992 Y109.9021 Z1.3819 E0.02133 F1080
G1 X103.0866 Y109.5487 Z1.3823 E0.02133 F1080
G1 X103.2826 Y109.2000 Z1.3827 E0.02133 F1080
G1 X103.4870 Y108.8561 Z1.3830 E0.02133 F1080
G1 X103.6996 Y108.5173 Z1.3834 E0.02133 F1080
G1 X103.9204 Y108.1837 Z1.3838 E0.02133 F1080
G1 X104.1493 Y107.8557 Z1.3841 E0.02133 F1080
G1 X104.3861 Y107.5332 Z1.3845 E0.02133 F1080
G1 X104.6306 Y107.2167 Z1.3849 E0.02133 F1080
G1 X104.8827 Y106.9061 Z1.3852 E0.02133 F1080
G1 X105.1423 Y106.6018 Z1.3856 E0.02133 F1080
G1 X105.4092 Y106.3038 Z1.3860 E0.02133 F1080
G1 X105.6833 Y106.0125 Z1.3863 E0.02133 F1080
G1 X105.9643 Y105.7278 Z1.3867 E0.02133 F1080
G1 X106.2522 Y105.4501 Z1.3871 E0.02133 F1080
G1 X106.5468 Y105.1794 Z1.3874 E0.02133 F1080
G1 X106.8478 Y104.9160 Z1.3878 E0.02133 F1080
G1 X107.1551 Y104.6599 Z1.3882 E0.02133 F1080
G1 X107.4685 Y104.4114 Z1.3885 E0.02133 F1080
G1 X107.7879 Y104.1705 Z1.3889 E0.02133 F1080
G1 X108.1130 Y103.9375 Z1.3893 E0.02133 F1080
G1 X108.4437 Y103.7124 Z1.3896 E0.02133 F1080
G1 X108.7798 Y103.4954 Z1.3900 E0.02133 F1080
G1 X109.1210 Y103.2866 Z1.3904 E0.02133 F1080
G1 X109.4671 Y103.0862 Z1.3907 E0.02133 F1080
G1 X109.8180 Y102.8942 Z1.3911 E0.02133 F1080
G1 X110.1735 Y102.7107 Z1.3914 E0.02133 F1080
G1 X110.5333 Y102.5359 Z1.3918 E0.02133 F1080
G1 X110.8973 Y102.3699 Z1.3922 E0.02133 F1080
G1 X111.2651 Y102.2128 Z1.3925 E0.02133 F1080
G1 X111.6367 Y102.0646 Z1.3929 E0.02133 F1080
G1 X112.0117 Y101.9255 Z1.3933 E0.02133 F1080
G1 X112.3900 Y101.7955 Z1.3936 E0.02133 F1080
G1 X112.7714 Y101.6747 Z1.3940 E0.02133 F1080
G1 X113.1555 Y101.5631 Z1.3944 E0.02133 F1080
G1 X113.5422 Y101.4609 Z1.3947 E0.02133 F1080
G1 X113.9313 Y101.3681 Z1.3951 E0.02133 F1080
G1 X114.3226 Y101.2847 Z1.3954 E0.02133 F1080
G1 X114.7157 Y101.2109 Z1.3958 E0.02133 F1080
G1 X115.1105 Y101.1465 Z1.3962 E0.02133 F1080
G1 X115.5068 Y101.0918 Z1.3965 E0.02133 F1080
G1 X115.9042 Y101.0466 Z1.3969 E0.02133 F1080
G1 X116.3027 Y101.0111 Z1.3973 E0.02133 F1080
G1 X116.7018 Y100.9852 Z1.3976 E0.02133 F1080
G1 X117.1015 Y100.9690 Z1.3980 E0.02133 F1080
G1 X117.5015 Y100.9625 Z1.3983 E0.02133 F1080
G1 X117.9015 Y100.9656 Z1.3987 E0.02133 F1080
G1 X118.3013 Y100.9784 Z1.3991 E0.02133 F1080
G1 X118.7007 Y101.0009 Z1.3994 E0.02133 F1080
G1 X119.0994 Y101.0331 Z1.3998 E0.02133 F1080
G1 X119.4972 Y101.0748 Z1.4001 E0.02133 F1080
G1 X119.8939 Y101.1262 Z1.4005 E0.02133 F1080
G1 X120.2893 Y101.1871 Z1.4009 E0.02133 F1080
G1 X120.6830 Y101.2576 Z1.4012 E0.02133 F1080
G1 X121.0750 Y101.3376 Z1.4016 E0.02133 F1080
G1 X121.4649 Y101.4270 Z1.4020 E0.02133 F1080
G1 X121.8525 Y101.5258 Z1.4023 E0.02133 F1080
G1 X122.2376 Y101.6339 Z1.4027 E0.02133 F1080
G1 X122.6200 Y101.7514 Z1.4030 E0.02133 F1080
G1 X122.9994 Y101.8780 Z1.4034 E0.02133 F1080
G1 X123.3757 Y102.0137 Z1.4037 E0.02133 F1080
G1 X123.7486 Y102.1585 Z1.4041 E0.02133 F1080
G1 X124.1179 Y102.3123 Z1.4045 E0.02133 F1080
G1 X124.4834 Y102.4749 Z1.4048 E0.02133 F1080
G1 X124.8448 Y102.6463 Z1.4052 E0.02133 F1080
G1 X125.2020 Y102.8264 Z1.4055 E0.02133 F1080
G1 X125.5547 Y103.0150 Z1.4059 E0.02133 F1080
G1 X125.9028 Y103.2122 Z1.4063 E0.02133 F1080
G1 X126.2460 Y103.4176 Z1.4066 E0.02133 F1080
G1 X126.5842 Y103.6313 Z1.4070 E0.02133 F1080
G1 X126.9171 Y103.8530 Z1.4073 E0.02133 F1080
G1 X127.2446 Y104.0828 Z1.4077 E0.02133 F1080
G1 X127.5664 Y104.3203 Z1.4081 E0.02133 F1080
G1 X127.8824 Y104.5656 Z1.4084 E0.02133 F1080
G1 X128.1924 Y104.8184 Z1.4088 E0.02133 F1080
G1 X128.4962 Y105.0786 Z1.4091 E0.02133 F1080
G1 X128.7937 Y105.3461 Z1.4095 E0.02133 F1080
G1 X129.0846 Y105.6206 Z1.4098 E0.02133 F1080
G1 X129.3688 Y105.9021 Z1.4102 E0.02133 F1080
G1 X129.6462 Y106.1904 Z1.4106 E0.02133 F1080
G1 X129.9165 Y106.4852 Z1.4109 E0.02133 F1080
G1 X130.1796 Y106.7865 Z1.4113 E0.02133 F1080
G1 X130.4354 Y107.0940 Z1.4116 E0.02133 F1080
G1 X130.6837 Y107.4076 Z1.4120 E0.02133 F1080
G1 X130.9244 Y107.7271 Z1.4123 E0.02133 F1080
G1 X131.1573 Y108.0523 Z1.4127 E0.02133 F1080
G1 X131.3824 Y108.3831 Z1.4130 E0.02133 F1080
G1 X131.5994 Y108.7191 Z1.4134 E0.02133 F1080
G1 X131.8082 Y109.0603 Z1.4138 E0.02133 F1080
G1 X132.0087 Y109.4064 Z1.4141 E0.02133 F1080
G1 X132.2009 Y109.7572 Z1.4145 E0.02133 F1080
G1 X132.3846 Y110.1126 Z1.4148 E0.02133 F1080
G1 X132.5596 Y110.4723 Z1.4152 E0.02133 F1080
G1 X132.7260 Y110.8360 Z1.4155 E0.02133 F1080
G1 X132.8835 Y111.2037 Z1.4159 E0.02133 F1080
G1 X133.0322 Y111.5751 Z1.4162 E0.02133 F1080
G1 X133.1719 Y111.9499 Z1.4166 E0.02133 F1080
G1 X133.3025 Y112.3280 Z1.4169 E0.02133 F1080
G1 X133.4240 Y112.7091 Z1.4173 E0.02133 F1080
G1 X133.5363 Y113.0931 Z1.4177 E0.02133 F1080
G1 X133.6393 Y113.4796 Z1.4180 E0.02133 F1080
G1 X133.7330 Y113.8685 Z1.4184 E0.02133 F1080
G1 X133.8173 Y114.2595 Z1.4187 E0.02133 F1080
G1 X133.8922 Y114.6524 Z1.4191 E0.02133 F1080
G1 X133.9576 Y115.0471 Z1.4194 E0.02133 F1080
G1 X134.0135 Y115.4432 Z1.4198 E0.02133 F1080
G1 X134.0599 Y115.8405 Z1.4201 E0.02133 F1080
G1 X134.0967 Y116.2388 Z1.4205 E0.02133 F1080
G1 X134.1239 Y116.6379 Z1.4208 E0.02133 F1080
G1 X134.1416 Y117.0375 Z1.4212 E0.02133 F1080
G1 X134.1496 Y117.4374 Z1.4215 E0.02133 F1080
G1 X134.1480 Y117.8375 Z1.4219 E0.02133 F1080
G1 X134.1368 Y118.2373 Z1.4222 E0.02133 F1080
G1 X134.1161 Y118.6368 Z1.4226 E0.02133 F1080
G1 X134.0857 Y119.0356 Z1.4229 E0.02133 F1080
G1 X134.0457 Y119.4337 Z1.4233 E0.02133 F1080
G1 X133.9962 Y119.8306 Z1.4236 E0.02133 F1080
G1 X133.9372 Y120.2262 Z1.4240 E0.02133 F1080
G1 X133.8687 Y120.6203 Z1.4244 E0.02133 F1080
G1 X133.7908 Y121.0127 Z1.4247 E0.02133 F1080
G1 X133.7035 Y121.4031 Z1.4251 E0.02133 F1080
G1 X133.6068 Y121.7912 Z1.4254 E0.02133 F1080
G1 X133.5009 Y122.1769 Z1.4258 E0.02133 F1080
G1 X133.3857 Y122.5600 Z1.4261 E0.02133 F1080
G1 X133.2613 Y122.9402 Z1.4265 E0.02133 F1080
G1 X133.1279 Y123.3173 Z1.4268 E0.02133 F1080
G1 X132.9855 Y123.6911 Z1.4272 E0.02133 F1080
G1 X132.8341 Y124.0614 Z1.4275 E0.02133 F1080
G1 X132.6739 Y124.4279 Z1.4279 E0.02133 F1080
G1 X132.5050 Y124.7905 Z1.4282 E0.02133 F1080
G1 X132.3274 Y125.1490 Z1.4286 E0.02133 F1080
G1 X132.1413 Y125.5031 Z1.4289 E0.02133 F1080
G1 X131.9468 Y125.8526 Z1.4293 E0.02133 F1080
G1 X131.7439 Y126.1973 Z1.4296 E0.02133 F1080
G1 X131.5328 Y126.5371 Z1.4299 E0.02133 F1080
G1 X131.3136 Y126.8717 Z1.4303 E0.02133 F1080
G1 X131.0865 Y127.2010 Z1.4306 E0.02133 F1080
G1 X130.8516 Y127.5248 Z1.4310 E0.02133 F1080
G1 X130.6089 Y127.8428 Z1.4313 E0.02133 F1080
G1 X130.3588 Y128.1549 Z1.4317 E0.02133 F1080
G1 X130.1012 Y128.4610 Z1.4320 E0.02133 F1080
G1 X129.8363 Y128.7608 Z1.4324 E0.02133 F1080
G1 X129.5644 Y129.0541 Z1.4327 E0.02133 F1080
G1 X129.2855 Y129.3409 Z1.4331 E0.02133 F1080
G1 X128.9998 Y129.6209 Z1.4334 E0.02133 F1080
G1 X128.7075 Y129.8940 Z1.4338 E0.02133 F1080
G1 X128.4088 Y130.1600 Z1.4341 E0.02133 F1080
G1 X128.1038 Y130.4187 Z1.4345 E0.02133 F1080
G1 X127.7926 Y130.6702 Z1.4348 E0.02133 F1080
G1 X127.4756 Y130.9140 Z1.4352 E0.02133 F1080
G1 X127.1527 Y131.1503 Z1.4355 E0.02133 F1080
G1 X126.8244 Y131.3787 Z1.4359 E0.02133 F1080
G1 X126.4906 Y131.5992 Z1.4362 E0.02133 F1080
G1 X126.1517 Y131.8117 Z1.4365 E0.02133 F1080
G1 X125.8078 Y132.0160 Z1.4369 E0.02133 F1080
G1 X125.4591 Y132.2120 Z1.4372 E0.02133 F1080
G1 X125.1058 Y132.3997 Z1.4376 E0.02133 F1080
G1 X124.7482 Y132.5788 Z1.4379 E0.02133 F1080
G1 X124.3863 Y132.7493 Z1.4383 E0.02133 F1080
G1 X124.0205 Y132.9112 Z1.4386 E0.02133 F1080
G1 X123.6509 Y133.0642 Z1.4390 E0.02133 F1080
G1 X123.2778 Y133.2084 Z1.4393 E0.02133 F1080
G1 X122.9013 Y133.3436 Z1.4397 E0.02133 F1080
G1 X122.5217 Y133.4697 Z1.4400 E0.02133 F1080
G1 X122.1392 Y133.5868 Z1.4403 E0.02133 F1080
G1 X121.7540 Y133.6947 Z1.4407 E0.02133 F1080
G1 X121.3664 Y133.7934 Z1.4410 E0.02133 F1080
G1 X120.9765 Y133.8827 Z1.4414 E0.02133 F1080
G1 X120.5846 Y133.9628 Z1.4417 E0.02133 F1080
G1 X120.1908 Y134.0334 Z1.4421 E0.02133 F1080
G1 X119.7955 Y134.0946 Z1.4424 E0.02133 F1080
G1 X119.3989 Y134.1464 Z1.4428 E0.02133 F1080
G1 X119.0011 Y134.1887 Z1.4431 E0.02133 F1080
G1 X118.6024 Y134.2215 Z1.4434 E0.02133 F1080
G1 X118.2031 Y134.2447 Z1.4438 E0.02133 F1080
G1 X117.8033 Y134.2585 Z1.4441 E0.02133 F1080
G1 X117.4033 Y134.2626 Z1.4445 E0.02133 F1080
G1 X117.0033 Y134.2573 Z1.4448 E0.02133 F1080
G1 X116.6036 Y134.2424 Z1.4451 E0.02133 F1080
G1 X116.2043 Y134.2179 Z1.4455 E0.02133 F1080
G1 X115.8058 Y134.1839 Z1.4458 E0.02133 F1080
G1 X115.4081 Y134.1405 Z1.4462 E0.02133 F1080
G1 X115.0116 Y134.0876 Z1.4465 E0.02133 F1080
G1 X114.6165 Y134.0252 Z1.4469 E0.02133 F1080
G1 X114.2230 Y133.9534 Z1.4472 E0.02133 F1080
G1 X113.8313 Y133.8723 Z1.4475 E0.02133 F1080
G1 X113.4416 Y133.7818 Z1.4479 E0.02133 F1080
G1 X113.0542 Y133.6821 Z1.4482 E0.02133 F1080
G1 X112.6693 Y133.5732 Z1.4486 E0.02133 F1080
G1 X112.2871 Y133.4551 Z1.4489 E0.02133 F1080
G1 X111.9079 Y133.3280 Z1.4492 E0.02133 F1080
G1 X111.5317 Y133.1919 Z1.4496 E0.02133 F1080
G1 X111.1589 Y133.0468 Z1.4499 E0.02133 F1080
G1 X110.7897 Y132.8929 Z1.4503 E0.02133 F1080
G1 X110.4243 Y132.7303 Z1.4506 E0.02133 F1080
G1 X110.0628 Y132.5589 Z1.4509 E0.02133 F1080
G1 X109.7055 Y132.3791 Z1.4513 E0.02133 F1080
G1 X109.3526 Y132.1908 Z1.4516 E0.02133 F1080
G1 X109.0043 Y131.9941 Z1.4520 E0.02133 F1080
G1 X108.6607 Y131.7892 Z1.4523 E0.02133 F1080
G1 X108.3222 Y131.5761 Z1.4526 E0.02133 F1080
G1 X107.9888 Y131.3551 Z1.4530 E0.02133 F1080
G1 X107.6607 Y131.1262 Z1.4533 E0.02133 F1080
G1 X107.3382 Y130.8896 Z1.4537 E0.02133 F1080
G1 X107.0214 Y130.6453 Z1.4540 E0.02133 F1080
G1 X106.7105 Y130.3936 Z1.4543 E0.02133 F1080
G1 X106.4057 Y130.1345 Z1.4547 E0.02133 F1080
G1 X106.1072 Y129.8683 Z1.4550 E0.02133 F1080
G1 X105.8150 Y129.5951 Z1.4553 E0.02133 F1080
G1 X105.5295 Y129.3149 Z1.4557 E0.02133 F1080
G1 X105.2507 Y129.0281 Z1.4560 E0.02133 F1080
G1 X104.9787 Y128.7347 Z1.4564 E0.02133 F1080
G1 X104.7139 Y128.4350 Z1.4567 E0.02133 F1080
G1 X104.4562 Y128.1290 Z1.4570 E0.02133 F1080
G1 X104.2059 Y127.8170 Z1.4574 E0.02133 F1080
G1 X103.9631 Y127.4991 Z1.4577 E0.02133 F1080
G1 X103.7279 Y127.1755 Z1.4580 E0.02133 F1080
G1 X103.5004 Y126.8465 Z1.4584 E0.02133 F1080
G1 X103.2809 Y126.5121 Z1.4587 E0.02133 F1080
G1 X103.0693 Y126.1726 Z1.4591 E0.02133 F1080
G1 X102.8659 Y125.8282 Z1.4594 E0.02133 F1080
G1 X102.6707 Y125.4790 Z1.4597 E0.02133 F1080
G1 X102.4838 Y125.1253 Z1.4601 E0.02133 F1080
G1 X102.3054 Y124.7673 Z1.4604 E0.02133 F1080
G1 X102.1356 Y124.4051 Z1.4607 E0.02133 F1080
G1 X101.9744 Y124.0390 Z1.4611 E0.02133 F1080
G1 X101.8220 Y123.6692 Z1.4614 E0.02133 F1080
G1 X101.6783 Y123.2959 Z1.4617 E0.02133 F1080
G1 X101.5436 Y122.9192 Z1.4621 E0.02133 F1080
G1 X101.4178 Y122.5395 Z1.4624 E0.02133 F1080
G1 X101.3011 Y122.1569 Z1.4627 E0.02133 F1080
G1 X101.1936 Y121.7716 Z1.4631 E0.02133 F1080
G1 X101.0951 Y121.3839 Z1.4634 E0.02133 F1080
G1 X101.0059 Y120.9939 Z1.4637 E0.02133 F1080
G1 X100.9260 Y120.6020 Z1.4641 E0.02133 F1080
G1 X100.8554 Y120.2082 Z1.4644 E0.02133 F1080
G1 X100.7942 Y119.8129 Z1.4647 E0.02133 F1080
G1 X100.7424 Y119.4163 Z1.4651 E0.02133 F1080
G1 X100.6999 Y119.0185 Z1.4654 E0.02133 F1080
G1 X100.6670 Y118.6199 Z1.4657 E0.02133 F1080
G1 X100.6435 Y118.2206 Z1.4661 E0.02133 F1080
G1 X100.6294 Y117.8208 Z1.4664 E0.02133 F1080
G1 X100.6248 Y117.4208 Z1.4667 E0.02133 F1080
G1 X100.6298 Y117.0208 Z1.4671 E0.02133 F1080
G1 X100.6442 Y116.6211 Z1.4674 E0.02133 F1080
G1 X100.6680 Y116.2218 Z1.4677 E0.02133 F1080
G1 X100.7014 Y115.8232 Z1.4681 E0.02133 F1080
G1 X100.7441 Y115.4254 Z1.4684 E0.02133 F1080
G1 X100.7963 Y115.0288 Z1.4687 E0.02133 F1080
G1 X100.8578 Y114.6336 Z1.4691 E0.02133 F1080
G1 X100.9287 Y114.2399 Z1.4694 E0.02133 F1080
G1 X101.0089 Y113.8480 Z1.4697 E0.02133 F1080
G1 X101.0984 Y113.4581 Z1.4701 E0.02133 F1080
G1 X101.1970 Y113.0705 Z1.4704 E0.02133 F1080
G1 X101.3049 Y112.6853 Z1.4707 E0.02133 F1080
G1 X101.4218 Y112.3027 Z1.4711 E0.02133 F1080
G1 X101.5477 Y111.9230 Z1.4714 E0.02133 F1080
G1 X101.6826 Y111.5464 Z1.4717 E0.02133 F1080
G1 X101.8263 Y111.1731 Z1.4720 E0.02133 F1080
G1 X101.9789 Y110.8034 Z1.4724 E0.02133 F1080
G1 X102.1401 Y110.4373 Z1.4727 E0.02133 F1080
G1 X102.3100 Y110.0751 Z1.4730 E0.02133 F1080
G1 X102.4884 Y109.7171 Z1.4734 E0.02133 F1080
G1 X102.6752 Y109.3634 Z1.4737 E0.02133 F1080
G1 X102.8703 Y109.0142 Z1.4740 E0.02133 F1080
G1 X103.0736 Y108.6697 Z1.4744 E0.02133 F1080
G1 X103.2850 Y108.3301 Z1.4747 E0.02133 F1080
G1 X103.5044 Y107.9956 Z1.4750 E0.02133 F1080
G1 X103.7316 Y107.6664 Z1.4753 E0.02133 F1080
G1 X103.9666 Y107.3427 Z1.4757 E0.02133 F1080
G1 X104.2091 Y107.0246 Z1.4760 E0.02133 F1080
G1 X104.4591 Y106.7123 Z1.4763 E0.02133 F1080
G1 X104.7164 Y106.4060 Z1.4767 E0.02133 F1080
G1 X104.9809 Y106.1059 Z1.4770 E0.02133 F1080
G1 X105.2524 Y105.8121 Z1.4773 E0.02133 F1080
G1 X105.5307 Y105.5248 Z1.4776 E0.02133 F1080
G1 X105.8158 Y105.2442 Z1.4780 E0.02133 F1080
G1 X106.1074 Y104.9704 Z1.4783 E0.02133 F1080
G1 X106.4054 Y104.7035 Z1.4786 E0.02133 F1080
G1 X106.7096 Y104.4438 Z1.4789 E0.02133 F1080
G1 X107.0199 Y104.1913 Z1.4793 E0.02133 F1080
G1 X107.3360 Y103.9462 Z1.4796 E0.02133 F1080
G1 X107.6578 Y103.7087 Z1.4799 E0.02133 F1080
G1 X107.9852 Y103.4788 Z1.4803 E0.02133 F1080
G1 X108.3179 Y103.2567 Z1.4806 E0.02133 F1080
G1 X108.6557 Y103.0425 Z1.4809 E0.02133 F1080
G1 X108.9985 Y102.8363 Z1.4812 E0.02133 F1080
G1 X109.3461 Y102.6383 Z1.4816 E0.02133 F1080
G1 X109.6982 Y102.4486 Z1.4819 E0.02133 F1080
G1 X110.0548 Y102.2672 Z1.4822 E0.02133 F1080
G1 X110.4155 Y102.0943 Z1.4825 E0.02133 F1080
G1 X110.7801 Y101.9299 Z1.4829 E0.02133 F1080
G1 X111.1486 Y101.7742 Z1.4832 E0.02133 F1080
G1 X111.5206 Y101.6272 Z1.4835 E0.02133 F1080
G1 X111.8960 Y101.4890 Z1.4838 E0.02133 F1080
G1 X112.2746 Y101.3597 Z1.4842 E0.02133 F1080
G1 X112.6561 Y101.2394 Z1.4845 E0.02133 F1080
G1 X113.0403 Y101.1281 Z1.4848 E0.02133 F1080
G1 X113.4270 Y101.0259 Z1.4851 E0.02133 F1080
G1 X113.8161 Y100.9328 Z1.4855 E0.02133 F1080
G1 X114.2072 Y100.8489 Z1.4858 E0.02133 F1080
G1 X114.6002 Y100.7743 Z1.4861 E0.02133 F1080
G1 X114.9948 Y100.7090 Z1.4864 E0.02133 F1080
G1 X115.3909 Y100.6529 Z1.4867 E0.02133 F1080
G1 X115.7882 Y100.6062 Z1.4871 E0.02133 F1080
G1 X116.1864 Y100.5689 Z1.4874 E0.02133 F1080
G1 X116.5855 Y100.5410 Z1.4877 E0.02133 F1080
G1 X116.9850 Y100.5225 Z1.4880 E0.02133 F1080
G1 X117.3850 Y100.5134 Z1.4884 E0.02133 F1080
G1 X117.7850 Y100.5137 Z1.4887 E0.02133 F1080
G1 X118.1849 Y100.5234 Z1.4890 E0.02133 F1080
G1 X118.5844 Y100.5426 Z1.4893 E0.02133 F1080
G1 X118.9834 Y100.5711 Z1.4896 E0.02133 F1080
G1 X119.3816 Y100.6090 Z1.4900 E0.02133 F1080
G1 X119.7788 Y100.6563 Z1.4903 E0.02133 F1080
G1 X120.1748 Y100.7129 Z1.4906 E0.02133 F1080
G1 X120.5694 Y100.7789 Z1.4909 E0.02133 F1080
G1 X120.9623 Y100.8541 Z1.4913 E0.02133 F1080
G1 X121.3533 Y100.9385 Z1.4916 E0.02133 F1080
G1 X121.7422 Y101.0321 Z1.4919 E0.02133 F1080
G1 X122.1288 Y101.1348 Z1.4922 E0.02133 F1080
G1 X122.5129 Y101.2465 Z1.4925 E0.02133 F1080
G1 X122.8942 Y101.3673 Z1.4929 E0.02133 F1080
G1 X123.2726 Y101.4970 Z1.4932 E0.02133 F1080
G1 X123.6479 Y101.6356 Z1.4935 E0.02133 F1080
G1 X124.0197 Y101.7829 Z1.4938 E0.02133 F1080
G1 X124.3881 Y101.9390 Z1.4941 E0.02133 F1080
G1 X124.7526 Y102.1037 Z1.4945 E0.02133 F1080
G1 X125.1132 Y102.2769 Z1.4948 E0.02133 F1080
G1 X125.4696 Y102.4585 Z1.4951 E0.02133 F1080
G1 X125.8216 Y102.6484 Z1.4954 E0.02133 F1080
G1 X126.1691 Y102.8466 Z1.4957 E0.02133 F1080
G1 X126.5118 Y103.0528 Z1.4961 E0.02133 F1080
G1 X126.8496 Y103.2671 Z1.4964 E0.02133 F1080
G1 X127.1823 Y103.4892 Z1.4967 E0.02133 F1080
G1 X127.5097 Y103.7191 Z1.4970 E0.02133 F1080
G1 X127.8315 Y103.9566 Z1.4973 E0.02133 F1080
G1 X128.1477 Y104.2016 Z1.4976 E0.02133 F1080
G1 X128.4581 Y104.4540 Z1.4980 E0.02133 F1080
G1 X128.7624 Y104.7136 Z1.4983 E0.02133 F1080
G1 X129.0606 Y104.9802 Z1.4986 E0.02133 F1080
G1 X129.3525 Y105.2538 Z1.4989 E0.02133 F1080
G1 X129.6378 Y105.5342 Z1.4992 E0.02133 F1080
G1 X129.9165 Y105.8211 Z1.4996 E0.02133 F1080
G1 X130.1883 Y106.1146 Z1.4999 E0.02133 F1080
G1 X130.4532 Y106.4143 Z1.5002 E0.02133 F1080
G1 X130.7110 Y106.7202 Z1.5005 E0.02133 F1080
G1 X130.9616 Y107.0320 Z1.5008 E0.02133 F1080
G1 X131.2047 Y107.3496 Z1.5011 E0.02133 F1080
G1 X131.4404 Y107.6728 Z1.5014 E0.02133 F1080
G1 X131.6684 Y108.0015 Z1.5018 E0.02133 F1080
G1 X131.8886 Y108.3354 Z1.5021 E0.02133 F1080
G1 X132.1010 Y108.6744 Z1.5024 E0.02133 F1080
G1 X132.3053 Y109.0183 Z1.5027 E0.02133 F1080
G1 X132.5016 Y109.3669 Z1.5030 E0.02133 F1080
G1 X132.6896 Y109.7200 Z1.5033 E0.02133 F1080
G1 X132.8692 Y110.0774 Z1.5037 E0.02133 F1080
G1 X133.0405 Y110.4389 Z1.5040 E0.02133 F1080
G1 X133.2032 Y110.8043 Z1.5043 E0.02133 F1080
G1 X133.3573 Y111.1734 Z1.5046 E0.02133 F1080
G1 X133.5028 Y111.5461 Z1.5049 E0.02133 F1080
G1 X133.6394 Y111.9220 Z1.5052 E0.02133 F1080
G1 X133.7673 Y112.3010 Z1.5055 E0.02133 F1080
G1 X133.8862 Y112.6830 Z1.5059 E0.02133 F1080
G1 X133.9961 Y113.0676 Z1.5062 E0.02133 F1080
G1 X134.0970 Y113.4547 Z1.5065 E0.02133 F1080
G1 X134.1888 Y113.8440 Z1.5068 E0.02133 F1080
G1 X134.2715 Y114.2354 Z1.5071 E0.02133 F1080
G1 X134.3449 Y114.6286 Z1.5074 E0.02133 F1080
G1 X134.4092 Y115.0234 Z1.5077 E0.02133 F1080
G1 X134.4642 Y115.4196 Z1.5081 E0.02133 F1080
G1 X134.5099 Y115.8170 Z1.5084 E0.02133 F1080
G1 X134.5463 Y116.2154 Z1.5087 E0.02133 F1080
G1 X134.5733 Y116.6145 Z1.5090 E0.02133 F1080
G1 X134.5911 Y117.0141 Z1.5093 E0.02133 F1080
G1 X134.5994 Y117.4140 Z1.5096 E0.02133 F1080
G1 X134.5984 Y117.8140 Z1.5099 E0.02133 F1080
G1 X134.5881 Y118.2139 Z1.5102 E0.02133 F1080
G1 X134.5684 Y118.6134 Z1.5105 E0.02133 F1080
G1 X134.5394 Y119.0124 Z1.5109 E0.02133 F1080
G1 X134.5010 Y119.4106 Z1.5112 E0.02133 F1080
G1 X134.4533 Y119.8077 Z1.5115 E0.02133 F1080
G1 X134.3964 Y120.2037 Z1.5118 E0.02133 F1080
G1 X134.3303 Y120.5982 Z1.5121 E0.02133 F1080
G1 X134.2549 Y120.9910 Z1.5124 E0.02133 F1080
G1 X134.1704 Y121.3820 Z1.5127 E0.02133 F1080
G1 X134.0767 Y121.7709 Z1.5130 E0.02133 F1080
G1 X133.9740 Y122.1575 Z1.5133 E0.02133 F1080
G1 X133.8623 Y122.5416 Z1.5137 E0.02133 F1080
G1 X133.7416 Y122.9230 Z1.5140 E0.02133 F1080
G1 X133.6121 Y123.3015 Z1.5143 E0.02133 F1080
G1 X133.4738 Y123.6768 Z1.5146 E0.02133 F1080
G1 X133.3267 Y124.0488 Z1.5149 E0.02133 F1080
G1 X133.1710 Y124.4173 Z1.5152 E0.02133 F1080
G1 X133.0067 Y124.7820 Z1.5155 E0.02133 F1080
G1 X132.8340 Y125.1428 Z1.5158 E0.02133 F1080
G1 X132.6529 Y125.4994 Z1.5161 E0.02133 F1080
G1 X132.4635 Y125.8518 Z1.5164 E0.02133 F1080
G1 X132.2659 Y126.1996 Z1.5167 E0.02133 F1080
G1 X132.0603 Y126.5427 Z1.5171 E0.02133 F1080
G1 X131.8467 Y126.8809 Z1.5174 E0.02133 F1080
G1 X131.6253 Y127.2141 Z1.5177 E0.02133 F1080
G1 X131.3962 Y127.5420 Z1.5180 E0.02133 F1080
G1 X131.1595 Y127.8644 Z1.5183 E0.02133 F1080
G1 X130.9153 Y128.1813 Z1.5186 E0.02133 F1080
G1 X130.6638 Y128.4923 Z1.5189 E0.02133 F1080
G1 X130.4051 Y128.7974 Z1.5192 E0.02133 F1080
G1 X130.1394 Y129.0964 Z1.5195 E0.02133 F1080
G1 X129.8667 Y129.3892 Z1.5198 E0.02133 F1080
G1 X129.5874 Y129.6754 Z1.5201 E0.02133 F1080
G1 X129.3014 Y129.9551 Z1.5204 E0.02133 F1080
G1 X129.0090 Y130.2281 Z1.5207 E0.02133 F1080
G1 X128.7103 Y130.4941 Z1.5210 E0.02133 F1080
G1 X128.4054 Y130.7532 Z1.5214 E0.02133 F1080
G1 X128.0947 Y131.0050 Z1.5217 E0.02133 F1080
G1 X127.7781 Y131.2496 Z1.5220 E0.02133 F1080
G1 X127.4559 Y131.4867 Z1.5223 E0.02133 F1080
G1 X127.1283 Y131.7162 Z1.5226 E0.02133 F1080
G1 X126.7954 Y131.9380 Z1.5229 E0.02133 F1080
G1 X126.4575 Y132.1520 Z1.5232 E0.02133 F1080
G1 X126.1147 Y132.3581 Z1.5235 E0.02133 F1080
G1 X125.7671 Y132.5562 Z1.5238 E0.02133 F1080
G1 X125.4150 Y132.7461 Z1.5241 E0.02133 F1080
G1 X125.0587 Y132.9277 Z1.5244 E0.02133 F1080
G1 X124.6981 Y133.1010 Z1.5247 E0.02133 F1080
G1 X124.3337 Y133.2659 Z1.5250 E0.02133 F1080
G1 X123.9655 Y133.4222 Z1.5253 E0.02133 F1080
G1 X123.5937 Y133.5700 Z1.5256 E0.02133 F1080
G1 X123.2187 Y133.7090 Z1.5259 E0.02133 F1080
G1 X122.8405 Y133.8393 Z1.5262 E0.02133 F1080
G1 X122.4593 Y133.9607 Z1.5265 E0.02133 F1080
G1 X122.0755 Y134.0732 Z1.5268 E0.02133 F1080
G1 X121.6891 Y134.1768 Z1.5271 E0.02133 F1080
G1 X121.3004 Y134.2713 Z1.5274 E0.02133 F1080
G1 X120.9096 Y134.3568 Z1.5277 E0.02133 F1080
G1 X120.5170 Y134.4332 Z1.5280 E0.02133 F1080
G1 X120.1227 Y134.5004 Z1.5283 E0.02133 F1080
G1 X119.7269 Y134.5585 Z1.5286 E0.02133 F1080
G1 X119.3299 Y134.6073 Z1.5290 E0.02133 F1080
G1 X118.9318 Y134.6469 Z1.5293 E0.02133 F1080
G1 X118.5329 Y134.6772 Z1.5296 E0.02133 F1080
G1 X118.1335 Y134.6982 Z1.5299 E0.02133 F1080
G1 X117.7336 Y134.7099 Z1.5302 E0.02133 F1080
G1 X117.3336 Y134.7124 Z1.5305 E0.02133 F1080
G1 X116.9337 Y134.7055 Z1.5308 E0.02133 F1080
G1 X116.5340 Y134.6894 Z1.5311 E0.02133 F1080
G1 X116.1348 Y134.6640 Z1.5314 E0.02133 F1080
G1 X115.7363 Y134.6293 Z1.5317 E0.02133 F1080
G1 X115.3387 Y134.5854 Z1.5320 E0.02133 F1080
G1 X114.9422 Y134.5322 Z1.5323 E0.02133 F1080
G1 X114.5471 Y134.4698 Z1.5326 E0.02133 F1080
G1 X114.1535 Y134.3983 Z1.5329 E0.02133 F1080
G1 X113.7617 Y134.3177 Z1.5332 E0.02133 F1080
G1 X113.3719 Y134.2280 Z1.5335 E0.02133 F1080
G1 X112.9843 Y134.1293 Z1.5338 E0.02133 F1080
G1 X112.5990 Y134.0216 Z1.5341 E0.02133 F1080
G1 X112.2164 Y133.9049 Z1.5344 E0.02133 F1080
G1 X111.8365 Y133.7795 Z1.5347 E0.02133 F1080
G1 X111.4597 Y133.6452 Z1.5350 E0.02133 F1080
G1 X111.0861 Y133.5023 Z1.5353 E0.02133 F1080
G1 X110.7160 Y133.3507 Z1.5356 E0.02133 F1080
G1 X110.3494 Y133.1906 Z1.5359 E0.02133 F1080
G1 X109.9866 Y133.0220 Z1.5362 E0.02133 F1080
G1 X109.6279 Y132.8450 Z1.5364 E0.02133 F1080
G1 X109.2733 Y132.6598 Z1.5367 E0.02133 F1080
G1 X108.9232 Y132.4664 Z1.5370 E0.02133 F1080
G1 X108.5776 Y132.2649 Z1.5373 E0.02133 F1080
G1 X108.2368 Y132.0555 Z1.5376 E0.02133 F1080
G1 X107.9010 Y131.8382 Z1.5379 E0.02133 F1080
G1 X107.5702 Y131.6132 Z1.5382 E0.02133 F1080
G1 X107.2448 Y131.3806 Z1.5385 E0.02133 F1080
G1 X106.9248 Y131.1405 Z1.5388 E0.02133 F1080
G1 X106.6105 Y130.8931 Z1.5391 E0.02133 F1080
G1 X106.3020 Y130.6384 Z1.5394 E0.02133 F1080
G1 X105.9995 Y130.3767 Z1.5397 E0.02133 F1080
G1 X105.7032 Y130.1080 Z1.5400 E0.02133 F1080
G1 X105.4131 Y129.8326 Z1.5403 E0.02133 F1080
G1 X105.1295 Y129.5505 Z1.5406 E0.02133 F1080
G1 X104.8526 Y129.2619 Z1.5409 E0.02133 F1080
G1 X104.5823 Y128.9669 Z1.5412 E0.02133 F1080
G1 X104.3190 Y128.6658 Z1.5415 E0.02133 F1080
G1 X104.0627 Y128.3587 Z1.5418 E0.02133 F1080
G1 X103.8136 Y128.0457 Z1.5421 E0.02133 F1080
G1 X103.5718 Y127.7270 Z1.5424 E0.02133 F1080
G1 X103.3375 Y127.4028 Z1.5427 E0.02133 F1080
G1 X103.1107 Y127.0733 Z1.5430 E0.02133 F1080
G1 X102.8916 Y126.7387 Z1.5433 E0.02133 F1080
G1 X102.6803 Y126.3990 Z1.5436 E0.02133 F1080
G1 X102.4769 Y126.0545 Z1.5438 E0.02133 F1080
G1 X102.2816 Y125.7055 Z1.5441 E0.02133 F1080
G1 X102.0944 Y125.3520 Z1.5444 E0.02133 F1080
G1 X101.9154 Y124.9942 Z1.5447 E0.02133 F1080
G1 X101.7447 Y124.6325 Z1.5450 E0.02133 F1080
G1 X101.5824 Y124.2668 Z1.5453 E0.02133 F1080
G1 X101.4287 Y123.8976 Z1.5456 E0.02133 F1080
G1 X101.2835 Y123.5248 Z1.5459 E0.02133 F1080
G1 X101.1470 Y123.1488 Z1.5462 E0.02133 F1080
G1 X101.0192 Y122.7698 Z1.5465 E0.02133 F1080
G1 X100.9002 Y122.3879 Z1.5468 E0.02133 F1080
G1 X100.7900 Y122.0033 Z1.5471 E0.02133 F1080
G1 X100.6888 Y121.6163 Z1.5474 E0.02133 F1080
G1 X100.5966 Y121.2271 Z1.5477 E0.02133 F1080
G1 X100.5133 Y120.8358 Z1.5479 E0.02133 F1080
G1 X100.4392 Y120.4428 Z1.5482 E0.02133 F1080
G1 X100.3741 Y120.0481 Z1.5485 E0.02133 F1080
G1 X100.3182 Y119.6520 Z1.5488 E0.02133 F1080
G1 X100.2714 Y119.2547 Z1.5491 E0.02133 F1080
G1 X100.2338 Y118.8565 Z1.5494 E0.02133 F1080
G1 X100.2054 Y118.4575 Z1.5497 E0.02133 F1080
G1 X100.1863 Y118.0579 Z1.5500 E0.02133 F1080
G1 X100.1764 Y117.6580 Z1.5503 E0.02133 F1080
G1 X100.1757 Y117.2580 Z1.5506 E0.02133 F1080
G1 X100.1842 Y116.8581 Z1.5509 E0.02133 F1080
G1 X100.2020 Y116.4585 Z1.5511 E0.02133 F1080
G1 X100.2290 Y116.0594 Z1.5514 E0.02133 F1080
G1 X100.2652 Y115.6610 Z1.5517 E0.02133 F1080
G1 X100.3106 Y115.2636 Z1.5520 E0.02133 F1080
G1 X100.3652 Y114.8673 Z1.5523 E0.02133 F1080
G1 X100.4288 Y114.4724 Z1.5526 E0.02133 F1080
G1 X100.5016 Y114.0790 Z1.5529 E0.02133 F1080
G1 X100.5834 Y113.6875 Z1.5532 E0.02133 F1080
G1 X100.6743 Y113.2979 Z1.5535 E0.02133 F1080
G1 X100.7740 Y112.9106 Z1.5537 E0.02133 F1080
G1 X100.8827 Y112.5256 Z1.5540 E0.02133 F1080
G1 X101.0003 Y112.1432 Z1.5543 E0.02133 F1080
G1 X101.1266 Y111.7637 Z1.5546 E0.02133 F1080
G1 X101.2617 Y111.3872 Z1.5549 E0.02133 F1080
G1 X101.4054 Y111.0139 Z1.5552 E0.02133 F1080
G1 X101.5576 Y110.6440 Z1.5555 E0.02133 F1080
G1 X101.7184 Y110.2777 Z1.5558 E0.02133 F1080
G1 X101.8875 Y109.9152 Z1.5560 E0.02133 F1080
G1 X102.0650 Y109.5567 Z1.5563 E0.02133 F1080
G1 X102.2506 Y109.2024 Z1.5566 E0.02133 F1080
G1 X102.4444 Y108.8524 Z1.5569 E0.02133 F1080
G1 X102.6462 Y108.5070 Z1.5572 E0.02133 F1080
G1 X102.8559 Y108.1664 Z1.5575 E0.02133 F1080
G1 X103.0734 Y107.8307 Z1.5578 E0.02133 F1080
G1 X103.2986 Y107.5000 Z1.5581 E0.02133 F1080
G1 X103.5313 Y107.1747 Z1.5583 E0.02133 F1080
G1 X103.7714 Y106.8548 Z1.5586 E0.02133 F1080
G1 X104.0189 Y106.5405 Z1.5589 E0.02133 F1080
G1 X104.2735 Y106.2320 Z1.5592 E0.02133 F1080
G1 X104.5351 Y105.9294 Z1.5595 E0.02133 F1080
G1 X104.8037 Y105.6329 Z1.5598 E0.02133 F1080
G1 X105.0790 Y105.3427 Z1.5600 E0.02133 F1080
G1 X105.3609 Y105.0589 Z1.5603 E0.02133 F1080
G1 X105.6492 Y104.7817 Z1.5606 E0.02133 F1080
G1 X105.9439 Y104.5112 Z1.5609 E0.02133 F1080
G1 X106.2447 Y104.2475 Z1.5612 E0.02133 F1080
G1 X106.5515 Y103.9908 Z1.5615 E0.02133 F1080
G1 X106.8641 Y103.7412 Z1.5618 E0.02133 F1080
G1 X107.1824 Y103.4989 Z1.5620 E0.02133 F1080
G1 X107.5062 Y103.2640 Z1.5623 E0.02133 F1080
G1 X107.8353 Y103.0366 Z1.5626 E0.02133 F1080
G1 X108.1695 Y102.8168 Z1.5629 E0.02133 F1080
G1 X108.5087 Y102.6048 Z1.5632 E0.02133 F1080
G1 X108.8526 Y102.4006 Z1.5635 E0.02133 F1080
G1 X109.2012 Y102.2044 Z1.5637 E0.02133 F1080
G1 X109.5542 Y102.0162 Z1.5640 E0.02133 F1080
G1 X109.9114 Y101.8362 Z1.5643 E0.02133 F1080
G1 X110.2727 Y101.6645 Z1.5646 E0.02133 F1080
G1 X110.6378 Y101.5011 Z1.5649 E0.02133 F1080
G1 X111.0066 Y101.3461 Z1.5651 E0.02133 F1080
G1 X111.3789 Y101.1997 Z1.5654 E0.02133 F1080
G1 X111.7544 Y101.0618 Z1.5657 E0.02133 F1080
G1 X112.1329 Y100.9326 Z1.5660 E0.02133 F1080
G1 X112.5144 Y100.8121 Z1.5663 E0.02133 F1080
G1 X112.8985 Y100.7004 Z1.5666 E0.02133 F1080
G1 X113.2851 Y100.5976 Z1.5668 E0.02133 F1080
G1 X113.6739 Y100.5037 Z1.5671 E0.02133 F1080
G1 X114.0648 Y100.4187 Z1.5674 E0.02133 F1080
G1 X114.4575 Y100.3427 Z1.5677 E0.02133 F1080
G1 X114.8519 Y100.2758 Z1.5680 E0.02133 F1080
G1 X115.2477 Y100.2179 Z1.5682 E0.02133 F1080
G1 X115.6447 Y100.1692 Z1.5685 E0.02133 F1080
G1 X116.0427 Y100.1295 Z1.5688 E0.02133 F1080
G1 X116.4416 Y100.0990 Z1.5691 E0.02133 F1080
G1 X116.8410 Y100.0777 Z1.5694 E0.02133 F1080
G1 X117.2409 Y100.0655 Z1.5696 E0.02133 F1080
G1 X117.6409 Y100.0625 Z1.5699 E0.02133 F1080
G1 X118.0408 Y100.0687 Z1.5702 E0.02133 F1080
G1 X118.4406 Y100.0840 Z1.5705 E0.02133 F1080
G1 X118.8398 Y100.1085 Z1.5708 E0.02133 F1080
G1 X119.2384 Y100.1422 Z1.5710 E0.02133 F1080
G1 X119.6361 Y100.1850 Z1.5713 E0.02133 F1080
G1 X120.0328 Y100.2369 Z1.5716 E0.02133 F1080
G1 X120.4281 Y100.2979 Z1.5719 E0.02133 F1080
G1 X120.8219 Y100.3679 Z1.5721 E0.02133 F1080
G1 X121.2141 Y100.4469 Z1.5724 E0.02133 F1080
G1 X121.6043 Y100.5349 Z1.5727 E0.02133 F1080
G1 X121.9924 Y100.6318 Z1.5730 E0.02133 F1080
G1 X122.3781 Y100.7376 Z1.5732 E0.02133 F1080
G1 X122.7614 Y100.8522 Z1.5735 E0.02133 F1080
G1 X123.1419 Y100.9755 Z1.5738 E0.02133 F1080
G1 X123.5195 Y101.1076 Z1.5741 E0.02133 F1080
G1 X123.8940 Y101.2482 Z1.5744 E0.02133 F1080
G1 X124.2651 Y101.3974 Z1.5746 E0.02133 F1080
G1 X124.6328 Y101.5551 Z1.5749 E0.02133 F1080
G1 X124.9967 Y101.7211 Z1.5752 E0.02133 F1080
G1 X125.3568 Y101.8954 Z1.5755 E0.02133 F1080
G1 X125.7127 Y102.0779 Z1.5757 E0.02133 F1080
G1 X126.0644 Y102.2685 Z1.5760 E0.02133 F1080
G1 X126.4116 Y102.4671 Z1.5763 E0.02133 F1080
G1 X126.7542 Y102.6736 Z1.5766 E0.02133 F1080
G1 X127.0920 Y102.8879 Z1.5768 E0.02133 F1080
G1 X127.4247 Y103.1099 Z1.5771 E0.02133 F1080
G1 X127.7524 Y103.3394 Z1.5774 E0.02133 F1080
G1 X128.0746 Y103.5764 Z1.5777 E0.02133 F1080
G1 X128.3914 Y103.8206 Z1.5779 E0.02133 F1080
G1 X128.7025 Y104.0721 Z1.5782 E0.02133 F1080
G1 X129.0078 Y104.3306 Z1.5785 E0.02133 F1080
G1 X129.3071 Y104.5960 Z1.5788 E0.02133 F1080
G1 X129.6002 Y104.8682 Z1.5790 E0.02133 F1080
G1 X129.8870 Y105.1470 Z1.5793 E0.02133 F1080
G1 X130.1674 Y105.4323 Z1.5796 E0.02133 F1080
G1 X130.4412 Y105.7239 Z1.5799 E0.02133 F1080
G1 X130.7082 Y106.0218 Z1.5801 E0.02133 F1080
G1 X130.9684 Y106.3256 Z1.5804 E0.02133 F1080
G1 X131.2215 Y106.6353 Z1.5807 E0.02133 F1080
G1 X131.4675 Y106.9508 Z1.5809 E0.02133 F1080
G1 X131.7063 Y107.2717 Z1.5812 E0.02133 F1080
G1 X131.9376 Y107.5980 Z1.5815 E0.02133 F1080
G1 X132.1614 Y107.9296 Z1.5818 E0.02133 F1080
G1 X132.3776 Y108.2661 Z1.5820 E0.02133 F1080
G1 X132.5861 Y108.6075 Z1.5823 E0.02133 F1080
G1 X132.7867 Y108.9536 Z1.5826 E0.02133 F1080
G1 X132.9793 Y109.3042 Z1.5828 E0.02133 F1080
G1 X133.1639 Y109.6591 Z1.5831 E0.02133 F1080
G1 X133.3403 Y110.0181 Z1.5834 E0.02133 F1080
G1 X133.5085 Y110.3810 Z1.5837 E0.02133 F1080
G1 X133.6683 Y110.7477 Z1.5839 E0.02133 F1080
G1 X133.8198 Y111.1179 Z1.5842 E0.02133 F1080
G1 X133.9627 Y111.4915 Z1.5845 E0.02133 F1080
G1 X134.0971 Y111.8683 Z1.5847 E0.02133 F1080
G1 X134.2229 Y112.2480 Z1.5850 E0.02133 F1080
G1 X134.3399 Y112.6305 Z1.5853 E0.02133 F1080
G1 X134.4482 Y113.0156 Z1.5855 E0.02133 F1080
G1 X134.5477 Y113.4031 Z1.5858 E0.02133 F1080
G1 X134.6383 Y113.7927 Z1.5861 E0.02133 F1080
G1 X134.7201 Y114.1843 Z1.5864 E0.02133 F1080
G1 X134.7928 Y114.5776 Z1.5866 E0.02133 F1080
G1 X134.8566 Y114.9725 Z1.5869 E0.02133 F1080
G1 X134.9113 Y115.3687 Z1.5872 E0.02133 F1080
G1 X134.9570 Y115.7661 Z1.5874 E0.02133 F1080
G1 X134.9936 Y116.1645 Z1.5877 E0.02133 F1080
G1 X135.0212 Y116.5635 Z1.5880 E0.02133 F1080
G1 X135.0396 Y116.9631 Z1.5882 E0.02133 F1080
G1 X135.0489 Y117.3630 Z1.5885 E0.02133 F1080
G1 X135.0491 Y117.7630 Z1.5888 E0.02133 F1080
G1 X135.0402 Y118.1630 Z1.5890 E0.02133 F1080
G1 X135.0221 Y118.5626 Z1.5893 E0.02133 F1080
G1 X134.9950 Y118.9617 Z1.5896 E0.02133 F1080
G1 X134.9588 Y119.3600 Z1.5898 E0.02133 F1080
G1 X134.9135 Y119.7575 Z1.5901 E0.02133 F1080
G1 X134.8592 Y120.1538 Z1.5904 E0.02133 F1080
G1 X134.7959 Y120.5487 Z1.5906 E0.02133 F1080
G1 X134.7235 Y120.9422 Z1.5909 E0.02133 F1080
G1 X134.6423 Y121.3338 Z1.5912 E0.02133 F1080
G1 X134.5521 Y121.7236 Z1.5914 E0.02133 F1080
G1 X134.4531 Y122.1111 Z1.5917 E0.02133 F1080
G1 X134.3453 Y122.4963 Z1.5920 E0.02133 F1080
G1 X134.2288 Y122.8790 Z1.5922 E0.02133 F1080
G1 X134.1035 Y123.2589 Z1.5925 E0.02133 F1080
G1 X133.9697 Y123.6359 Z1.5928 E0.02133 F1080
G1 X133.8273 Y124.0097 Z1.5930 E0.02133 F1080
G1 X133.6765 Y124.3802 Z1.5933 E0.02133 F1080
G1 X133.5172 Y124.7471 Z1.5936 E0.02133 F1080
G1 X133.3497 Y125.1103 Z1.5938 E0.02133 F1080
G1 X133.1739 Y125.4697 Z1.5941 E0.02133 F1080
G1 X132.9900 Y125.8249 Z1.5944 E0.02133 F1080
G1 X132.7981 Y126.1759 Z1.5946 E0.02133 F1080
G1 X132.5982 Y126.5224 Z1.5949 E0.02133 F1080
G1 X132.3905 Y126.8642 Z1.5951 E0.02133 F1080
G1 X132.1751 Y127.2013 Z1.5954 E0.02133 F1080
G1 X131.9521 Y127.5333 Z1.5957 E0.02133 F1080
G1 X131.7215 Y127.8603 Z1.5959 E0.02133 F1080
G1 X131.4837 Y128.1819 Z1.5962 E0.02133 F1080
G1 X131.2385 Y128.4980 Z1.5965 E0.02133 F1080
G1 X130.9863 Y128.8084 Z1.5967 E0.02133 F1080
G1 X130.7270 Y129.1130 Z1.5970 E0.02133 F1080
G1 X130.4609 Y129.4117 Z1.5972 E0.02133 F1080
G1 X130.1881 Y129.7042 Z1.5975 E0.02133 F1080
G1 X129.9087 Y129.9905 Z1.5978 E0.02133 F1080
G1 X129.6229 Y130.2703 Z1.5980 E0.02133 F1080
G1 X129.3308 Y130.5436 Z1.5983 E0.02133 F1080
G1 X129.0325 Y130.8102 Z1.5986 E0.02133 F1080
G1 X128.7283 Y131.0699 Z1.5988 E0.02133 F1080
G1 X128.4182 Y131.3227 Z1.5991 E0.02133 F1080
G1 X128.1025 Y131.5683 Z1.5993 E0.02133 F1080
G1 X127.7814 Y131.8068 Z1.5996 E0.02133 F1080
G1 X127.4548 Y132.0378 Z1.5999 E0.02133 F1080
G1 X127.1231 Y132.2614 Z1.6001 E0.02133 F1080
G1 X126.7865 Y132.4774 Z1.6004 E0.02133 F1080
G1 X126.4450 Y132.6857 Z1.6006 E0.02133 F1080
G1 X126.0988 Y132.8862 Z1.6009 E0.02133 F1080
G1 X125.7482 Y133.0788 Z1.6012 E0.02133 F1080
G1 X125.3934 Y133.2634 Z1.6014 E0.02133 F1080
G1 X125.0344 Y133.4399 Z1.6017 E0.02133 F1080
G1 X124.6715 Y133.6082 Z1.6019 E0.02133 F1080
G1 X124.3049 Y133.7682 Z1.6022 E0.02133 F1080
G1 X123.9348 Y133.9199 Z1.6025 E0.02133 F1080
G1 X123.5613 Y134.0632 Z1.6027 E0.02133 F1080
G1 X123.1846 Y134.1979 Z1.6030 E0.02133 F1080
G1 X122.8050 Y134.3240 Z1.6032 E0.02133 F1080
G1 X122.4227 Y134.4416 Z1.6035 E0.02133 F1080
G1 X122.0377 Y134.5504 Z1.6038 E0.02133 F1080
G1 X121.6504 Y134.6504 Z1.6040 E0.02133 F1080
G1 X121.2610 Y134.7417 Z1.6043 E0.02133 F1080
G1 X120.8695 Y134.8241 Z1.6045 E0.02133 F1080
G1 X120.4763 Y134.8976 Z1.6048 E0.02133 F1080
G1 X120.0816 Y134.9622 Z1.6050 E0.02133 F1080
G1 X119.6855 Y135.0178 Z1.6053 E0.02133 F1080
G1 X119.2882 Y135.0644 Z1.6056 E0.02133 F1080
G1 X118.8899 Y135.1021 Z1.6058 E0.02133 F1080
G1 X118.4909 Y135.1307 Z1.6061 E0.02133 F1080
G1 X118.0914 Y135.1502 Z1.6063 E0.02133 F1080
G1 X117.6915 Y135.1607 Z1.6066 E0.02133 F1080
G1 X117.2915 Y135.1621 Z1.6068 E0.02133 F1080
G1 X116.8916 Y135.1545 Z1.6071 E0.02133 F1080
G1 X116.4919 Y135.1378 Z1.6073 E0.02133 F1080
G1 X116.0927 Y135.1121 Z1.6076 E0.02133 F1080
G1 X115.6942 Y135.0773 Z1.6079 E0.02133 F1080
G1 X115.2966 Y135.0335 Z1.6081 E0.02133 F1080
G1 X114.9001 Y134.9808 Z1.6084 E0.02133 F1080
G1 X114.5049 Y134.9191 Z1.6086 E0.02133 F1080
G1 X114.1111 Y134.8484 Z1.6089 E0.02133 F1080
G1 X113.7191 Y134.7689 Z1.6091 E0.02133 F1080
G1 X113.3290 Y134.6805 Z1.6094 E0.02133 F1080
G1 X112.9410 Y134.5833 Z1.6096 E0.02133 F1080
G1 X112.5552 Y134.4774 Z1.6099 E0.02133 F1080
G1 X112.1720 Y134.3627 Z1.6101 E0.02133 F1080
G1 X111.7915 Y134.2394 Z1.6104 E0.02133 F1080
G1 X111.4138 Y134.1076 Z1.6107 E0.02133 F1080
G1 X111.0392 Y133.9672 Z1.6109 E0.02133 F1080
G1 X110.6679 Y133.8184 Z1.6112 E0.02133 F1080
G1 X110.3001 Y133.6613 Z1.6114 E0.02133 F1080
G1 X109.9359 Y133.4958 Z1.6117 E0.02133 F1080
G1 X109.5755 Y133.3222 Z1.6119 E0.02133 F1080
G1 X109.2192 Y133.1405 Z1.6122 E0.02133 F1080
G1 X108.8670 Y132.9507 Z1.6124 E0.02133 F1080
G1 X108.5192 Y132.7531 Z1.6127 E0.02133 F1080
G1 X108.1760 Y132.5477 Z1.6129 E0.02133 F1080
G1 X107.8375 Y132.3345 Z1.6132 E0.02133 F1080
G1 X107.5039 Y132.1138 Z1.6134 E0.02133 F1080
G1 X107.1754 Y131.8855 Z1.6137 E0.02133 F1080
G1 X106.8521 Y131.6499 Z1.6139 E0.02133 F1080
G1 X106.5343 Y131.4071 Z1.6142 E0.02133 F1080
G1 X106.2219 Y131.1572 Z1.6144 E0.02133 F1080
G1 X105.9154 Y130.9002 Z1.6147 E0.02133 F1080
G1 X105.6147 Y130.6364 Z1.6149 E0.02133 F1080
G1 X105.3200 Y130.3659 Z1.6152 E0.02133 F1080
G1 X105.0315 Y130.0888 Z1.6154 E0.02133 F1080
G1 X104.7493 Y129.8053 Z1.6157 E0.02133 F1080
G1 X104.4736 Y129.5154 Z1.6159 E0.02133 F1080
G1 X104.2046 Y129.2194 Z1.6162 E0.02133 F1080
G1 X103.9422 Y128.9175 Z1.6164 E0.02133 F1080
G1 X103.6868 Y128.6096 Z1.6167 E0.02133 F1080
G1 X103.4384 Y128.2961 Z1.6169 E0.02133 F1080
G1 X103.1971 Y127.9771 Z1.6172 E0.02133 F1080
G1 X102.9630 Y127.6527 Z1.6174 E0.02133 F1080
G1 X102.7364 Y127.3231 Z1.6177 E0.02133 F1080
G1 X102.5172 Y126.9885 Z1.6179 E0.02133 F1080
G1 X102.3056 Y126.6490 Z1.6182 E0.02133 F1080
G1 X102.1018 Y126.3048 Z1.6184 E0.02133 F1080
G1 X101.9057 Y125.9561 Z1.6187 E0.02133 F1080
G1 X101.7176 Y125.6031 Z1.6189 E0.02133 F1080
G1 X101.5375 Y125.2459 Z1.6192 E0.02133 F1080
G1 X101.3655 Y124.8848 Z1.6194 E0.02133 F1080
G1 X101.2016 Y124.5199 Z1.6197 E0.02133 F1080
G1 X101.0460 Y124.1514 Z1.6199 E0.02133 F1080
G1 X100.8988 Y123.7794 Z1.6202 E0.02133 F1080
G1 X100.7600 Y123.4043 Z1.6204 E0.02133 F1080
G1 X100.6297 Y123.0261 Z1.6207 E0.02133 F1080
G1 X100.5079 Y122.6451 Z1.6209 E0.02133 F1080
G1 X100.3948 Y122.2614 Z1.6212 E0.02133 F1080
G1 X100.2903 Y121.8753 Z1.6214 E0.02133 F1080
G1 X100.1945 Y121.4869 Z1.6216 E0.02133 F1080
G1 X100.1075 Y121.0964 Z1.6219 E0.02133 F1080
G1 X100.0294 Y120.7041 Z1.6221 E0.02133 F1080
G1 X99.9601 Y120.3102 Z1.6224 E0.02133 F1080
G1 X99.8996 Y119.9147 Z1.6226 E0.02133 F1080
G1 X99.8481 Y119.5181 Z1.6229 E0.02133 F1080
G1 X99.8056 Y119.1203 Z1.6231 E0.02133 F1080
G1 X99.7720 Y118.7217 Z1.6234 E0.02133 F1080
G1 X99.7474 Y118.3225 Z1.6236 E0.02133 F1080
G1 X99.7317 Y117.9228 Z1.6239 E0.02133 F1080
G1 X99.7251 Y117.5228 Z1.6241 E0.02133 F1080
G1 X99.7275 Y117.1228 Z1.6243 E0.02133 F1080
G1 X99.7389 Y116.7229 Z1.6246 E0.02133 F1080
G1 X99.7592 Y116.3234 Z1.6248 E0.02133 F1080
G1 X99.7886 Y115.9245 Z1.6251 E0.02133 F1080
G1 X99.8269 Y115.5263 Z1.6253 E0.02133 F1080
G1 X99.8742 Y115.1291 Z1.6256 E0.02133 F1080
G1 X99.9303 Y114.7331 Z1.6258 E0.02133 F1080
G1 X99.9954 Y114.3384 Z1.6260 E0.02133 F1080
G1 X100.0694 Y113.9453 Z1.6263 E0.02133 F1080
G1 X100.1521 Y113.5539 Z1.6265 E0.02133 F1080
G1 X100.2437 Y113.1645 Z1.6268 E0.02133 F1080
G1 X100.3439 Y112.7773 Z1.6270 E0.02133 F1080
G1 X100.4529 Y112.3924 Z1.6273 E0.02133 F1080
G1 X100.5704 Y112.0100 Z1.6275 E0.02133 F1080
G1 X100.6966 Y111.6304 Z1.6277 E0.02133 F1080
G1 X100.8312 Y111.2538 Z1.6280 E0.02133 F1080
G1 X100.9743 Y110.8802 Z1.6282 E0.02133 F1080
G1 X101.1257 Y110.5100 Z1.6285 E0.02133 F1080
G1 X101.2854 Y110.1432 Z1.6287 E0.02133 F1080
G1 X101.4533 Y109.7801 Z1.6290 E0.02133 F1080
G1 X101.6293 Y109.4209 Z1.6292 E0.02133 F1080
G1 X101.8133 Y109.0658 Z1.6294 E0.02133 F1080
G1 X102.0053 Y108.7148 Z1.6297 E0.02133 F1080
G1 X102.2051 Y108.3683 Z1.6299 E0.02133 F1080
G1 X102.4126 Y108.0263 Z1.6302 E0.02133 F1080
G1 X102.6278 Y107.6891 Z1.6304 E0.02133 F1080
G1 X102.8504 Y107.3568 Z1.6306 E0.02133 F1080
G1 X103.0805 Y107.0296 Z1.6309 E0.02133 F1080
G1 X103.3179 Y106.7076 Z1.6311 E0.02133 F1080
G1 X103.5624 Y106.3910 Z1.6314 E0.02133 F1080
G1 X103.8140 Y106.0800 Z1.6316 E0.02133 F1080
G1 X104.0725 Y105.7747 Z1.6318 E0.02133 F1080
G1 X104.3377 Y105.4753 Z1.6321 E0.02133 F1080
G1 X104.6097 Y105.1819 Z1.6323 E0.02133 F1080
G1 X104.8881 Y104.8947 Z1.6325 E0.02133 F1080
G1 X105.1729 Y104.6139 Z1.6328 E0.02133 F1080
G1 X105.4639 Y104.3394 Z1.6330 E0.02133 F1080
G1 X105.7610 Y104.0716 Z1.6333 E0.02133 F1080
G1 X106.0641 Y103.8105 Z1.6335 E0.02133 F1080
G1 X106.3729 Y103.5563 Z1.6337 E0.02133 F1080
G1 X106.6874 Y103.3090 Z1.6340 E0.02133 F1080
G1 X107.0073 Y103.0689 Z1.6342 E0.02133 F1080
G1 X107.3325 Y102.8360 Z1.6344 E0.02133 F1080
G1 X107.6629 Y102.6104 Z1.6347 E0.02133 F1080
G1 X107.9982 Y102.3923 Z1.6349 E0.02133 F1080
G1 X108.3383 Y102.1818 Z1.6352 E0.02133 F1080
G1 X108.6831 Y101.9790 Z1.6354 E0.02133 F1080
G1 X109.0323 Y101.7839 Z1.6356 E0.02133 F1080
G1 X109.3858 Y101.5967 Z1.6359 E0.02133 F1080
G1 X109.7434 Y101.4175 Z1.6361 E0.02133 F1080
G1 X110.1050 Y101.2463 Z1.6363 E0.02133 F1080
G1 X110.4702 Y101.0833 Z1.6366 E0.02133 F1080
G1 X110.8391 Y100.9284 Z1.6368 E0.02133 F1080
G1 X111.2113 Y100.7819 Z1.6370 E0.02133 F1080
G1 X111.5867 Y100.6438 Z1.6373 E0.02133 F1080
G1 X111.9651 Y100.5141 Z1.6375 E0.02133 F1080
G1 X112.3463 Y100.3929 Z1.6378 E0.02133 F1080
G1 X112.7301 Y100.2803 Z1.6380 E0.02133 F1080
G1 X113.1164 Y100.1763 Z1.6382 E0.02133 F1080
G1 X113.5049 Y100.0809 Z1.6385 E0.02133 F1080
G1 X113.8954 Y99.9943 Z1.6387 E0.02133 F1080
G1 X114.2878 Y99.9164 Z1.6389 E0.02133 F1080
G1 X114.6818 Y99.8474 Z1.6392 E0.02133 F1080
G1 X115.0772 Y99.7872 Z1.6394 E0.02133 F1080
G1 X115.4739 Y99.7358 Z1.6396 E0.02133 F1080
G1 X115.8717 Y99.6933 Z1.6399 E0.02133 F1080
G1 X116.2703 Y99.6598 Z1.6401 E0.02133 F1080
G1 X116.6695 Y99.6351 Z1.6403 E0.02133 F1080
G1 X117.0692 Y99.6194 Z1.6406 E0.02133 F1080
G1 X117.4692 Y99.6126 Z1.6408 E0.02133 F1080
G1 X117.8692 Y99.6148 Z1.6410 E0.02133 F1080
G1 X118.2691 Y99.6260 Z1.6413 E0.02133 F1080
G1 X118.6686 Y99.6460 Z1.6415 E0.02133 F1080
G1 X119.0675 Y99.6750 Z1.6417 E0.02133 F1080
G1 X119.4657 Y99.7129 Z1.6419 E0.02133 F1080
G1 X119.8630 Y99.7597 Z1.6422 E0.02133 F1080
G1 X120.2591 Y99.8154 Z1.6424 E0.02133 F1080
G1 X120.6539 Y99.8799 Z1.6426 E0.02133 F1080
G1 X121.0472 Y99.9532 Z1.6429 E0.02133 F1080
G1 X121.4387 Y100.0352 Z1.6431 E0.02133 F1080
G1 X121.8282 Y100.1260 Z1.6433 E0.02133 F1080
G1 X122.2157 Y100.2255 Z1.6436 E0.02133 F1080
G1 X122.6008 Y100.3336 Z1.6438 E0.02133 F1080
G1 X122.9834 Y100.4503 Z1.6440 E0.02133 F1080
G1 X123.3633 Y100.5755 Z1.6443 E0.02133 F1080
G1 X123.7404 Y100.7091 Z1.6445 E0.02133 F1080
G1 X124.1143 Y100.8512 Z1.6447 E0.02133 F1080
G1 X124.4850 Y101.0015 Z1.6449 E0.02133 F1080
G1 X124.8522 Y101.1601 Z1.6452 E0.02133 F1080
G1 X125.2158 Y101.3269 Z1.6454 E0.02133 F1080
G1 X125.5756 Y101.5017 Z1.6456 E0.02133 F1080
G1 X125.9314 Y101.6845 Z1.6459 E0.02133 F1080
G1 X126.2830 Y101.8752 Z1.6461 E0.02133 F1080
G1 X126.6303 Y102.0737 Z1.6463 E0.02133 F1080
G1 X126.9731 Y102.2799 Z1.6465 E0.02133 F1080
G1 X127.3112 Y102.4937 Z1.6468 E0.02133 F1080
G1 X127.6444 Y102.7150 Z1.6470 E0.02133 F1080
G1 X127.9726 Y102.9437 Z1.6472 E0.02133 F1080
G1 X128.2956 Y103.1796 Z1.6475 E0.02133 F1080
G1 X128.6133 Y103.4227 Z1.6477 E0.02133 F1080
G1 X128.9255 Y103.6728 Z1.6479 E0.02133 F1080
G1 X129.2320 Y103.9298 Z1.6481 E0.02133 F1080
G1 X129.5328 Y104.1935 Z1.6484 E0.02133 F1080
G1 X129.8275 Y104.4640 Z1.6486 E0.02133 F1080
G1 X130.1162 Y104.7409 Z1.6488 E0.02133 F1080
G1 X130.3986 Y105.0242 Z1.6490 E0.02133 F1080
G1 X130.6746 Y105.3137 Z1.6493 E0.02133 F1080
G1 X130.9442 Y105.6092 Z1.6495 E0.02133 F1080
G1 X131.2070 Y105.9108 Z1.6497 E0.02133 F1080
G1 X131.4631 Y106.2181 Z1.6500 E0.02133 F1080
G1 X131.7123 Y106.5310 Z1.6502 E0.02133 F1080
G1 X131.9544 Y106.8494 Z1.6504 E0.02133 F1080
G1 X132.1894 Y107.1731 Z1.6506 E0.02133 F1080
G1 X132.4171 Y107.5020 Z1.6509 E0.02133 F1080
G1 X132.6374 Y107.8359 Z1.6511 E0.02133 F1080
G1 X132.8502 Y108.1746 Z1.6513 E0.02133 F1080
G1 X133.0555 Y108.5179 Z1.6515 E0.02133 F1080
G1 X133.2530 Y108.8657 Z1.6518 E0.02133 F1080
G1 X133.4428 Y109.2179 Z1.6520 E0.02133 F1080
G1 X133.6246 Y109.5742 Z1.6522 E0.02133 F1080
G1 X133.7985 Y109.9344 Z1.6524 E0.02133 F1080
G1 X133.9644 Y110.2984 Z1.6526 E0.02133 F1080
G1 X134.1220 Y110.6660 Z1.6529 E0.02133 F1080
G1 X134.2715 Y111.0371 Z1.6531 E0.02133 F1080
G1 X134.4127 Y111.4114 Z1.6533 E0.02133 F1080
G1 X134.5455 Y111.7887 Z1.6535 E0.02133 F1080
G1 X134.6698 Y112.1689 Z1.6538 E0.02133 F1080
G1 X134.7857 Y112.5517 Z1.6540 E0.02133 F1080
G1 X134.8931 Y112.9371 Z1.6542 E0.02133 F1080
G1 X134.9918 Y113.3247 Z1.6544 E0.02133 F1080
G1 X135.0819 Y113.7144 Z1.6547 E0.02133 F1080
G1 X135.1633 Y114.1061 Z1.6549 E0.02133 F1080
G1 X135.2360 Y114.4994 Z1.6551 E0.02133 F1080
G1 X135.2999 Y114.8943 Z1.6553 E0.02133 F1080
G1 X135.3550 Y115.2905 Z1.6555 E0.02133 F1080
G1 X135.4013 Y115.6878 Z1.6558 E0.02133 F1080
G1 X135.4387 Y116.0861 Z1.6560 E0.02133 F1080
G1 X135.4673 Y116.4851 Z1.6562 E0.02133 F1080
G1 X135.4870 Y116.8846 Z1.6564 E0.02133 F1080
G1 X135.4979 Y117.2845 Z1.6566 E0.02133 F1080
G1 X135.4998 Y117.6845 Z1.6569 E0.02133 F1080
G1 X135.4928 Y118.0844 Z1.6571 E0.02133 F1080
G1 X135.4770 Y118.4841 Z1.6573 E0.02133 F1080
G1 X135.4523 Y118.8834 Z1.6575 E0.02133 F1080
G1 X135.4187 Y119.2820 Z1.6577 E0.02133 F1080
G1 X135.3763 Y119.6797 Z1.6580 E0.02133 F1080
G1 X135.3250 Y120.0765 Z1.6582 E0.02133 F1080
G1 X135.2650 Y120.4719 Z1.6584 E0.02133 F1080
G1 X135.1962 Y120.8660 Z1.6586 E0.02133 F1080
G1 X135.1186 Y121.2584 Z1.6588 E0.02133 F1080
G1 X135.0324 Y121.6490 Z1.6591 E0.02133 F1080
G1 X134.9375 Y122.0376 Z1.6593 E0.02133 F1080
G1 X134.8340 Y122.4240 Z1.6595 E0.02133 F1080
G1 X134.7220 Y122.8080 Z1.6597 E0.02133 F1080
G1 X134.6014 Y123.1894 Z1.6599 E0.02133 F1080
G1 X134.4725 Y123.5681 Z1.6602 E0.02133 F1080
G1 X134.3351 Y123.9438 Z1.6604 E0.02133 F1080
G1 X134.1895 Y124.3163 Z1.6606 E0.02133 F1080
G1 X134.0356 Y124.6856 Z1.6608 E0.02133 F1080
G1 X133.8736 Y125.0513 Z1.6610 E0.02133 F1080
G1 X133.7034 Y125.4133 Z1.6612 E0.02133 F1080
G1 X133.5254 Y125.7715 Z1.6615 E0.02133 F1080
G1 X133.3394 Y126.1256 Z1.6617 E0.02133 F1080
G1 X133.1456 Y126.4756 Z1.6619 E0.02133 F1080
G1 X132.9440 Y126.8211 Z1.6621 E0.02133 F1080
G1 X132.7349 Y127.1621 Z1.6623 E0.02133 F1080
G1 X132.5183 Y127.4984 Z1.6625 E0.02133 F1080
G1 X132.2942 Y127.8298 Z1.6628 E0.02133 F1080
G1 X132.0629 Y128.1561 Z1.6630 E0.02133 F1080
G1 X131.8244 Y128.4772 Z1.6632 E0.02133 F1080
G1 X131.5788 Y128.7930 Z1.6634 E0.02133 F1080
G1 X131.3263 Y129.1032 Z1.6636 E0.02133 F1080
G1 X131.0670 Y129.4078 Z1.6638 E0.02133 F1080
G1 X130.8010 Y129.7066 Z1.6640 E0.02133 F1080
G1 X130.5285 Y129.9994 Z1.6643 E0.02133 F1080
G1 X130.2495 Y130.2860 Z1.6645 E0.02133 F1080
G1 X129.9642 Y130.5665 Z1.6647 E0.02133 F1080
G1 X129.6728 Y130.8405 Z1.6649 E0.02133 F1080
G1 X129.3754 Y131.1080 Z1.6651 E0.02133 F1080
G1 X129.0722 Y131.3689 Z1.6653 E0.02133 F1080
G1 X128.7632 Y131.6230 Z1.6655 E0.02133 F1080
G1 X128.4487 Y131.8701 Z1.6658 E0.02133 F1080
G1 X128.1288 Y132.1103 Z1.6660 E0.02133 F1080
G1 X127.8037 Y132.3433 Z1.6662 E0.02133 F1080
G1 X127.4735 Y132.5691 Z1.6664 E0.02133 F1080
G1 X127.1383 Y132.7875 Z1.6666 E0.02133 F1080
G1 X126.7985 Y132.9984 Z1.6668 E0.02133 F1080
G1 X126.4540 Y133.2018 Z1.6670 E0.02133 F1080
G1 X126.1051 Y133.3974 Z1.6672 E0.02133 F1080
G1 X125.7520 Y133.5854 Z1.6675 E0.02133 F1080
G1 X125.3948 Y133.7654 Z1.6677 E0.02133 F1080
G1 X125.0337 Y133.9375 Z1.6679 E0.02133 F1080
G1 X124.6689 Y134.1016 Z1.6681 E0.02133 F1080
G1 X124.3005 Y134.2576 Z1.6683 E0.02133 F1080
G1 X123.9288 Y134.4053 Z1.6685 E0.02133 F1080
G1 X123.5539 Y134.5449 Z1.6687 E0.02133 F1080
G1 X123.1760 Y134.6761 Z1.6689 E0.02133 F1080
G1 X122.7954 Y134.7989 Z1.6691 E0.02133 F1080
G1 X122.4120 Y134.9133 Z1.6694 E0.02133 F1080
G1 X122.0263 Y135.0191 Z1.6696 E0.02133 F1080
G1 X121.6383 Y135.1164 Z1.6698 E0.02133 F1080
G1 X121.2482 Y135.2051 Z1.6700 E0.02133 F1080
G1 X120.8563 Y135.2852 Z1.6702 E0.02133 F1080
G1 X120.4627 Y135.3566 Z1.6704 E0.02133 F1080
G1 X120.0677 Y135.4193 Z1.6706 E0.02133 F1080
G1 X119.6713 Y135.4732 Z1.6708 E0.02133 F1080
G1 X119.2738 Y135.5184 Z1.6710 E0.02133 F1080
G1 X118.8755 Y135.5547 Z1.6712 E0.02133 F1080
G1 X118.4764 Y135.5823 Z1.6715 E0.02133 F1080
G1 X118.0769 Y135.6010 Z1.6717 E0.02133 F1080
G1 X117.6770 Y135.6109 Z1.6719 E0.02133 F1080
G1 X117.2770 Y135.6120 Z1.6721 E0.02133 F1080
G1 X116.8770 Y135.6042 Z1.6723 E0.02133 F1080
G1 X116.4774 Y135.5877 Z1.6725 E0.02133 F1080
G1 X116.0781 Y135.5622 Z1.6727 E0.02133 F1080
G1 X115.6796 Y135.5280 Z1.6729 E0.02133 F1080
G1 X115.2819 Y135.4850 Z1.6731 E0.02133 F1080
G1 X114.8853 Y135.4333 Z1.6733 E0.02133 F1080
G1 X114.4899 Y135.3727 Z1.6735 E0.02133 F1080
G1 X114.0959 Y135.3035 Z1.6737 E0.02133 F1080
G1 X113.7035 Y135.2256 Z1.6739 E0.02133 F1080
G1 X113.3130 Y135.1391 Z1.6742 E0.02133 F1080
G1 X112.9244 Y135.0439 Z1.6744 E0.02133 F1080
G1 X112.5381 Y134.9402 Z1.6746 E0.02133 F1080
G1 X112.1541 Y134.8281 Z1.6748 E0.02133 F1080
G1 X111.7728 Y134.7074 Z1.6750 E0.02133 F1080
G1 X111.3941 Y134.5784 Z1.6752 E0.02133 F1080
G1 X111.0184 Y134.4411 Z1.6754 E0.02133 F1080
G1 X110.6458 Y134.2955 Z1.6756 E0.02133 F1080
G1 X110.2766 Y134.1418 Z1.6758 E0.02133 F1080
G1 X109.9108 Y133.9799 Z1.6760 E0.02133 F1080
G1 X109.5486 Y133.8100 Z1.6762 E0.02133 F1080
G1 X109.1903 Y133.6322 Z1.6764 E0.02133 F1080
G1 X108.8360 Y133.4465 Z1.6766 E0.02133 F1080
G1 X108.4859 Y133.2530 Z1.6768 E0.02133 F1080
G1 X108.1401 Y133.0519 Z1.6770 E0.02133 F1080
G1 X107.7988 Y132.8432 Z1.6772 E0.02133 F1080
G1 X107.4623 Y132.6271 Z1.6774 E0.02133 F1080
G1 X107.1305 Y132.4035 Z1.6776 E0.02133 F1080
G1 X106.8038 Y132.1728 Z1.6778 E0.02133 F1080
G1 X106.4822 Y131.9349 Z1.6780 E0.02133 F1080
G1 X106.1660 Y131.6899 Z1.6782 E0.02133 F1080
G1 X105.8552 Y131.4381 Z1.6784 E0.02133 F1080
G1 X105.5500 Y131.1794 Z1.6787 E0.02133 F1080
G1 X105.2507 Y130.9141 Z1.6789 E0.02133 F1080
G1 X104.9572 Y130.6423 Z1.6791 E0.02133 F1080
G1 X104.6698 Y130.3641 Z1.6793 E0.02133 F1080
G1 X104.3886 Y130.0796 Z1.6795 E0.02133 F1080
G1 X104.1137 Y129.7890 Z1.6797 E0.02133 F1080
G1 X103.8452 Y129.4925 Z1.6799 E0.02133 F1080
G1 X103.5834 Y129.1901 Z1.6801 E0.02133 F1080
G1 X103.3283 Y128.8820 Z1.6803 E0.02133 F1080
G1 X103.0800 Y128.5683 Z1.6805 E0.02133 F1080
G1 X102.8387 Y128.2493 Z1.6807 E0.02133 F1080
G1 X102.6045 Y127.9250 Z1.6809 E0.02133 F1080
G1 X102.3774 Y127.5957 Z1.6811 E0.02133 F1080
G1 X102.1577 Y127.2615 Z1.6813 E0.02133 F1080
G1 X101.9453 Y126.9225 Z1.6815 E0.02133 F1080
G1 X101.7405 Y126.5789 Z1.6817 E0.02133 F1080
G1 X101.5433 Y126.2309 Z1.6819 E0.02133 F1080
G1 X101.3537 Y125.8786 Z1.6821 E0.02133 F1080
G1 X101.1720 Y125.5222 Z1.6823 E0.02133 F1080
G1 X100.9982 Y125.1620 Z1.6825 E0.02133 F1080
G1 X100.8323 Y124.7980 Z1.6827 E0.02133 F1080
G1 X100.6744 Y124.4304 Z1.6829 E0.02133 F1080
G1 X100.5247 Y124.0595 Z1.6831 E0.02133 F1080
G1 X100.3831 Y123.6854 Z1.6833 E0.02133 F1080
G1 X100.2498 Y123.3082 Z1.6835 E0.02133 F1080
G1 X100.1249 Y122.9282 Z1.6837 E0.02133 F1080
G1 X100.0083 Y122.5456 Z1.6839 E0.02133 F1080
G1 X99.9001 Y122.1605 Z1.6841 E0.02133 F1080
G1 X99.8005 Y121.7731 Z1.6843 E0.02133 F1080
G1 X99.7093 Y121.3836 Z1.6845 E0.02133 F1080
G1 X99.6268 Y120.9922 Z1.6847 E0.02133 F1080
G1 X99.5529 Y120.5991 Z1.6849 E0.02133 F1080
G1 X99.4876 Y120.2044 Z1.6850 E0.02133 F1080
G1 X99.4310 Y119.8084 Z1.6852 E0.02133 F1080
G1 X99.3831 Y119.4113 Z1.6854 E0.02133 F1080
G1 X99.3439 Y119.0132 Z1.6856 E0.02133 F1080
G1 X99.3135 Y118.6144 Z1.6858 E0.02133 F1080
G1 X99.2918 Y118.2149 Z1.6860 E0.02133 F1080
G1 X99.2790 Y117.8151 Z1.6862 E0.02133 F1080
G1 X99.2749 Y117.4151 Z1.6864 E0.02133 F1080
G1 X99.2795 Y117.0151 Z1.6866 E0.02133 F1080
G1 X99.2930 Y116.6154 Z1.6868 E0.02133 F1080
G1 X99.3152 Y116.2160 Z1.6870 E0.02133 F1080
G1 X99.3462 Y115.8172 Z1.6872 E0.02133 F1080
G1 X99.3859 Y115.4191 Z1.6874 E0.02133 F1080
G1 X99.4344 Y115.0221 Z1.6876 E0.02133 F1080
G1 X99.4915 Y114.6261 Z1.6878 E0.02133 F1080
G1 X99.5574 Y114.2316 Z1.6880 E0.02133 F1080
G1 X99.6318 Y113.8386 Z1.6882 E0.02133 F1080
G1 X99.7149 Y113.4473 Z1.6884 E0.02133 F1080
G1 X99.8065 Y113.0579 Z1.6886 E0.02133 F1080
G1 X99.9066 Y112.6706 Z1.6888 E0.02133 F1080
G1 X100.0152 Y112.2856 Z1.6890 E0.02133 F1080
G1 X100.1322 Y111.9031 Z1.6892 E0.02133 F1080
G1 X100.2576 Y111.5232 Z1.6893 E0.02133 F1080
G1 X100.3913 Y111.1462 Z1.6895 E0.02133 F1080
G1 X100.5332 Y110.7722 Z1.6897 E0.02133 F1080
G1 X100.6832 Y110.4014 Z1.6899 E0.02133 F1080
G1 X100.8414 Y110.0340 Z1.6901 E0.02133 F1080
G1 X101.0075 Y109.6701 Z1.6903 E0.02133 F1080
G1 X101.1816 Y109.3100 Z1.6905 E0.02133 F1080
G1 X101.3635 Y108.9538 Z1.6907 E0.02133 F1080
G1 X101.5532 Y108.6016 Z1.6909 E0.02133 F1080
G1 X101.7506 Y108.2537 Z1.6911 E0.02133 F1080
G1 X101.9556 Y107.9101 Z1.6913 E0.02133 F1080
G1 X102.1680 Y107.5712 Z1.6915 E0.02133 F1080
G1 X102.3878 Y107.2370 Z1.6917 E0.02133 F1080
G1 X102.6148 Y106.9076 Z1.6918 E0.02133 F1080
G1 X102.8490 Y106.5834 Z1.6920 E0.02133 F1080
G1 X103.0903 Y106.2643 Z1.6922 E0.02133 F1080
G1 X103.3384 Y105.9506 Z1.6924 E0.02133 F1080
G1 X103.5934 Y105.6424 Z1.6926 E0.02133 F1080
G1 X103.8551 Y105.3398 Z1.6928 E0.02133 F1080
G1 X104.1233 Y105.0430 Z1.6930 E0.02133 F1080
G1 X104.3980 Y104.7522 Z1.6932 E0.02133 F1080
G1 X104.6789 Y104.4675 Z1.6934 E0.02133 F1080
G1 X104.9661 Y104.1890 Z1.6936 E0.02133 F1080
G1 X105.2592 Y103.9168 Z1.6937 E0.02133 F1080
G1 X105.5582 Y103.6511 Z1.6939 E0.02133 F1080
G1 X105.8630 Y103.3920 Z1.6941 E0.02133 F1080
G1 X106.1734 Y103.1397 Z1.6943 E0.02133 F1080
G1 X106.4892 Y102.8941 Z1.6945 E0.02133 F1080
G1 X106.8103 Y102.6556 Z1.6947 E0.02133 F1080
G1 X107.1365 Y102.4241 Z1.6949 E0.02133 F1080
G1 X107.4677 Y102.1998 Z1.6951 E0.02133 F1080
G1 X107.8038 Y101.9829 Z1.6953 E0.02133 F1080
G1 X108.1445 Y101.7733 Z1.6954 E0.02133 F1080
G1 X108.4897 Y101.5712 Z1.6956 E0.02133 F1080
G1 X108.8392 Y101.3767 Z1.6958 E0.02133 F1080
G1 X109.1929 Y101.1899 Z1.6960 E0.02133 F1080
G1 X109.5506 Y101.0108 Z1.6962 E0.02133 F1080
G1 X109.9122 Y100.8396 Z1.6964 E0.02133 F1080
G1 X110.2774 Y100.6764 Z1.6966 E0.02133 F1080
G1 X110.6460 Y100.5212 Z1.6968 E0.02133 F1080
G1 X111.0180 Y100.3741 Z1.6969 E0.02133 F1080
G1 X111.3931 Y100.2351 Z1.6971 E0.02133 F1080
G1 X111.7711 Y100.1043 Z1.6973 E0.02133 F1080
G1 X112.1520 Y99.9819 Z1.6975 E0.02133 F1080
G1 X112.5353 Y99.8678 Z1.6977 E0.02133 F1080
G1 X112.9211 Y99.7621 Z1.6979 E0.02133 F1080
G1 X113.3091 Y99.6648 Z1.6981 E0.02133 F1080
G1 X113.6992 Y99.5760 Z1.6982 E0.02133 F1080
G1 X114.0911 Y99.4958 Z1.6984 E0.02133 F1080
G1 X114.4846 Y99.4241 Z1.6986 E0.02133 F1080
G1 X114.8796 Y99.3611 Z1.6988 E0.02133 F1080
G1 X115.2759 Y99.3067 Z1.6990 E0.02133 F1080
G1 X115.6733 Y99.2609 Z1.6992 E0.02133 F1080
G1 X116.0716 Y99.2238 Z1.6994 E0.02133 F1080
G1 X116.4706 Y99.1954 Z1.6995 E0.02133 F1080
G1 X116.8701 Y99.1758 Z1.6997 E0.02133 F1080
G1 X117.2700 Y99.1648 Z1.6999 E0.02133 F1080
G1 X117.6700 Y99.1626 Z1.7001 E0.02133 F1080
G1 X118.0699 Y99.1691 Z1.7003 E0.02133 F1080
G1 X118.4697 Y99.1844 Z1.7005 E0.02133 F1080
G1 X118.8690 Y99.2083 Z1.7006 E0.02133 F1080
G1 X119.2676 Y99.2410 Z1.7008 E0.02133 F1080
G1 X119.6655 Y99.2823 Z1.7010 E0.02133 F1080
G1 X120.0624 Y99.3323 Z1.7012 E0.02133 F1080
G1 X120.4581 Y99.3909 Z1.7014 E0.02133 F1080
G1 X120.8524 Y99.4582 Z1.7016 E0.02133 F1080
G1 X121.2452 Y99.5340 Z1.7017 E0.02133 F1080
G1 X121.6362 Y99.6184 Z1.7019 E0.02133 F1080
G1 X122.0253 Y99.7112 Z1.7021 E0.02133 F1080
G1 X122.4122 Y99.8125 Z1.7023 E0.02133 F1080
G1 X122.7969 Y99.9223 Z1.7025 E0.02133 F1080
G1 X123.1791 Y100.0404 Z1.7026 E0.02133 F1080
G1 X123.5586 Y100.1668 Z1.7028 E0.02133 F1080
G1 X123.9353 Y100.3014 Z1.7030 E0.02133 F1080
G1 X124.3089 Y100.4442 Z1.7032 E0.02133 F1080
G1 X124.6794 Y100.5951 Z1.7034 E0.02133 F1080
G1 X125.0465 Y100.7540 Z1.7035 E0.02133 F1080
G1 X125.4100 Y100.9209 Z1.7037 E0.02133 F1080
G1 X125.7698 Y101.0957 Z1.7039 E0.02133 F1080
G1 X126.1257 Y101.2782 Z1.7041 E0.02133 F1080
G1 X126.4776 Y101.4685 Z1.7043 E0.02133 F1080
G1 X126.8252 Y101.6664 Z1.7044 E0.02133 F1080
G1 X127.1685 Y101.8718 Z1.7046 E0.02133 F1080
G1 X127.5072 Y102.0846 Z1.7048 E0.02133 F1080
G1 X127.8412 Y102.3048 Z1.7050 E0.02133 F1080
G1 X128.1703 Y102.5321 Z1.7052 E0.02133 F1080
G1 X128.4944 Y102.7666 Z1.7053 E0.02133 F1080
G1 X128.8133 Y103.0080 Z1.7055 E0.02133 F1080
G1 X129.1269 Y103.2564 Z1.7057 E0.02133 F1080
G1 X129.4350 Y103.5115 Z1.7059 E0.02133 F1080
G1 X129.7375 Y103.7732 Z1.7061 E0.02133 F1080
G1 X130.0342 Y104.0415 Z1.7062 E0.02133 F1080
G1 X130.3250 Y104.3162 Z1.7064 E0.02133 F1080
G1 X130.6098 Y104.5971 Z1.7066 E0.02133 F1080
G1 X130.8884 Y104.8841 Z1.7068 E0.02133 F1080
G1 X131.1606 Y105.1772 Z1.7069 E0.02133 F1080
G1 X131.4265 Y105.4760 Z1.7071 E0.02133 F1080
G1 X131.6858 Y105.7806 Z1.7073 E0.02133 F1080
G1 X131.9384 Y106.0908 Z1.7075 E0.02133 F1080
G1 X132.1842 Y106.4064 Z1.7076 E0.02133 F1080
G1 X132.4231 Y106.7272 Z1.7078 E0.02133 F1080
G1 X132.6550 Y107.0532 Z1.7080 E0.02133 F1080
G1 X132.8797 Y107.3841 Z1.7082 E0.02133 F1080
G1 X133.0972 Y107.7198 Z1.7083 E0.02133 F1080
G1 X133.3073 Y108.0602 Z1.7085 E0.02133 F1080
G1 X133.5100 Y108.4050 Z1.7087 E0.02133 F1080
G1 X133.7052 Y108.7542 Z1.7089 E0.02133 F1080
G1 X133.8927 Y109.1076 Z1.7091 E0.02133 F1080
G1 X134.0725 Y109.4649 Z1.7092 E0.02133 F1080
G1 X134.2445 Y109.8260 Z1.7094 E0.02133 F1080
G1 X134.4086 Y110.1908 Z1.7096 E0.02133 F1080
G1 X134.5648 Y110.5591 Z1.7097 E0.02133 F1080
G1 X134.7129 Y110.9307 Z1.7099 E0.02133 F1080
G1 X134.8529 Y111.3054 Z1.7101 E0.02133 F1080
G1 X134.9848 Y111.6830 Z1.7103 E0.02133 F1080
G1 X135.1084 Y112.0635 Z1.7104 E0.02133 F1080
G1 X135.2237 Y112.4465 Z1.7106 E0.02133 F1080
G1 X135.3307 Y112.8319 Z1.7108 E0.02133 F1080
G1 X135.4293 Y113.2196 Z1.7110 E0.02133 F1080
G1 X135.5195 Y113.6093 Z1.7111 E0.02133 F1080
G1 X135.6012 Y114.0009 Z1.7113 E0.02133 F1080
G1 X135.6744 Y114.3941 Z1.7115 E0.02133 F1080
G1 X135.7390 Y114.7889 Z1.7117 E0.02133 F1080
G1 X135.7951 Y115.1850 Z1.7118 E0.02133 F1080
G1 X135.8425 Y115.5821 Z1.7120 E0.02133 F1080
G1 X135.8814 Y115.9803 Z1.7122 E0.02133 F1080
G1 X135.9116 Y116.3791 Z1.7123 E0.02133 F1080
G1 X135.9331 Y116.7786 Z1.7125 E0.02133 F1080
G1 X135.9459 Y117.1784 Z1.7127 E0.02133 F1080
G1 X135.9501 Y117.5784 Z1.7129 E0.02133 F1080
G1 X135.9457 Y117.9784 Z1.7130 E0.02133 F1080
G1 X135.9325 Y118.3782 Z1.7132 E0.02133 F1080
G1 X135.9107 Y118.7776 Z1.7134 E0.02133 F1080
G1 X135.8802 Y119.1764 Z1.7135 E0.02133 F1080
G1 X135.8411 Y119.5745 Z1.7137 E0.02133 F1080
G1 X135.7934 Y119.9717 Z1.7139 E0.02133 F1080
G1 X135.7371 Y120.3677 Z1.7141 E0.02133 F1080
G1 X135.6722 Y120.7624 Z1.7142 E0.02133 F1080
G1 X135.5988 Y121.1556 Z1.7144 E0.02133 F1080
G1 X135.5169 Y121.5472 Z1.7146 E0.02133 F1080
G1 X135.4265 Y121.9368 Z1.7147 E0.02133 F1080
G1 X135.3277 Y122.3244 Z1.7149 E0.02133 F1080
G1 X135.2205 Y122.7098 Z1.7151 E0.02133 F1080
G1 X135.1050 Y123.0928 Z1.7152 E0.02133 F1080
G1 X134.9813 Y123.4732 Z1.7154 E0.02133 F1080
G1 X134.8493 Y123.8508 Z1.7156 E0.02133 F1080
G1 X134.7092 Y124.2255 Z1.7157 E0.02133 F1080
G1 X134.5610 Y124.5970 Z1.7159 E0.02133 F1080
G1 X134.4048 Y124.9653 Z1.7161 E0.02133 F1080
G1 X134.2407 Y125.3301 Z1.7162 E0.02133 F1080
G1 X134.0687 Y125.6912 Z1.7164 E0.02133 F1080
G1 X133.8889 Y126.0486 Z1.7166 E0.02133 F1080
G1 X133.7014 Y126.4019 Z1.7167 E0.02133 F1080
G1 X133.5064 Y126.7512 Z1.7169 E0.02133 F1080
G1 X133.3038 Y127.0961 Z1.7171 E0.02133 F1080
G1 X133.0938 Y127.4366 Z1.7172 E0.02133 F1080
G1 X132.8765 Y127.7724 Z1.7174 E0.02133 F1080
G1 X132.6520 Y128.1035 Z1.7176 E0.02133 F1080
G1 X132.4204 Y128.4296 Z1.7177 E0.02133 F1080
G1 X132.1818 Y128.7507 Z1.7179 E0.02133 F1080
G1 X131.9363 Y129.0665 Z1.7181 E0.02133 F1080
G1 X131.6840 Y129.3769 Z1.7182 E0.02133 F1080
G1 X131.4251 Y129.6818 Z1.7184 E0.02133 F1080
G1 X131.1596 Y129.9810 Z1.7186 E0.02133 F1080
G1 X130.8878 Y130.2745 Z1.7187 E0.02133 F1080
G1 X130.6096 Y130.5619 Z1.7189 E0.02133 F1080
G1 X130.3253 Y130.8433 Z1.7191 E0.02133 F1080
G1 X130.0350 Y131.1185 Z1.7192 E0.02133 F1080
G1 X129.7388 Y131.3874 Z1.7194 E0.02133 F1080
G1 X129.4369 Y131.6498 Z1.7196 E0.02133 F1080
G1 X129.1294 Y131.9056 Z1.7197 E0.02133 F1080
G1 X128.8164 Y132.1547 Z1.7199 E0.02133 F1080
G1 X128.4981 Y132.3970 Z1.7201 E0.02133 F1080
G1 X128.1746 Y132.6323 Z1.7202 E0.02133 F1080
G1 X127.8462 Y132.8606 Z1.7204 E0.02133 F1080
G1 X127.5129 Y133.0818 Z1.7205 E0.02133 F1080
G1 X127.1749 Y133.2957 Z1.7207 E0.02133 F1080
G1 X126.8323 Y133.5023 Z1.7209 E0.02133 F1080
G1 X126.4854 Y133.7014 Z1.7210 E0.02133 F1080
G1 X126.1342 Y133.8929 Z1.7212 E0.02133 F1080
G1 X125.7790 Y134.0769 Z1.7214 E0.02133 F1080
G1 X125.4199 Y134.2531 Z1.7215 E0.02133 F1080
G1 X125.0571 Y134.4216 Z1.7217 E0.02133 F1080
G1 X124.6908 Y134.5822 Z1.7218 E0.02133 F1080
G1 X124.3210 Y134.7348 Z1.7220 E0.02133 F1080
G1 X123.9481 Y134.8794 Z1.7222 E0.02133 F1080
G1 X123.5721 Y135.0160 Z1.7223 E0.02133 F1080
G1 X123.1932 Y135.1444 Z1.7225 E0.02133 F1080
G1 X122.8117 Y135.2646 Z1.7227 E0.02133 F1080
G1 X122.4277 Y135.3765 Z1.7228 E0.02133 F1080
G1 X122.0413 Y135.4801 Z1.7230 E0.02133 F1080
G1 X121.6528 Y135.5754 Z1.7231 E0.02133 F1080
G1 X121.2623 Y135.6623 Z1.7233 E0.02133 F1080
G1 X120.8701 Y135.7407 Z1.7235 E0.02133 F1080
G1 X120.4762 Y135.8107 Z1.7236 E0.02133 F1080
G1 X120.0810 Y135.8721 Z1.7238 E0.02133 F1080
G1 X119.6845 Y135.9250 Z1.7239 E0.02133 F1080
G1 X119.2869 Y135.9693 Z1.7241 E0.02133 F1080
G1 X118.8885 Y136.0051 Z1.7243 E0.02133 F1080
G1 X118.4894 Y136.0323 Z1.7244 E0.02133 F1080
G1 X118.0899 Y136.0508 Z1.7246 E0.02133 F1080
G1 X117.6900 Y136.0608 Z1.7247 E0.02133 F1080
G1 X117.2900 Y136.0621 Z1.7249 E0.02133 F1080
G1 X116.8900 Y136.0548 Z1.7251 E0.02133 F1080
G1 X116.4903 Y136.0389 Z1.7252 E0.02133 F1080
G1 X116.0911 Y136.0144 Z1.7254 E0.02133 F1080
G1 X115.6924 Y135.9813 Z1.7255 E0.02133 F1080
G1 X115.2946 Y135.9396 Z1.7257 E0.02133 F1080
G1 X114.8977 Y135.8894 Z1.7258 E0.02133 F1080
G1 X114.5021 Y135.8306 Z1.7260 E0.02133 F1080
G1 X114.1078 Y135.7633 Z1.7262 E0.02133 F1080
G1 X113.7150 Y135.6875 Z1.7263 E0.02133 F1080
G1 X113.3239 Y135.6033 Z1.7265 E0.02133 F1080
G1 X112.9348 Y135.5107 Z1.7266 E0.02133 F1080
G1 X112.5477 Y135.4098 Z1.7268 E0.02133 F1080
G1 X112.1629 Y135.3005 Z1.7269 E0.02133 F1080
G1 X111.7806 Y135.1830 Z1.7271 E0.02133 F1080
G1 X111.4008 Y135.0572 Z1.7273 E0.02133 F1080
G1 X111.0239 Y134.9234 Z1.7274 E0.02133 F1080
G1 X110.6499 Y134.7814 Z1.7276 E0.02133 F1080
G1 X110.2791 Y134.6314 Z1.7277 E0.02133 F1080
G1 X109.9116 Y134.4735 Z1.7279 E0.02133 F1080
G1 X109.5475 Y134.3078 Z1.7280 E0.02133 F1080
G1 X109.1871 Y134.1342 Z1.7282 E0.02133 F1080
G1 X108.8306 Y133.9529 Z1.7283 E0.02133 F1080
G1 X108.4780 Y133.7640 Z1.7285 E0.02133 F1080
G1 X108.1295 Y133.5675 Z1.7287 E0.02133 F1080
G1 X107.7854 Y133.3636 Z1.7288 E0.02133 F1080
G1 X107.4457 Y133.1524 Z1.7290 E0.02133 F1080
G1 X107.1106 Y132.9339 Z1.7291 E0.02133 F1080
G1 X106.7803 Y132.7082 Z1.7293 E0.02133 F1080
G1 X106.4550 Y132.4755 Z1.7294 E0.02133 F1080
G1 X106.1347 Y132.2359 Z1.7296 E0.02133 F1080
G1 X105.8197 Y131.9894 Z1.7297 E0.02133 F1080
G1 X105.5100 Y131.7362 Z1.7299 E0.02133 F1080
G1 X105.2058 Y131.4764 Z1.7300 E0.02133 F1080
G1 X104.9073 Y131.2101 Z1.7302 E0.02133 F1080
G1 X104.6146 Y130.9375 Z1.7303 E0.02133 F1080
G1 X104.3277 Y130.6587 Z1.7305 E0.02133 F1080
G1 X104.0470 Y130.3737 Z1.7306 E0.02133 F1080
G1 X103.7724 Y130.0828 Z1.7308 E0.02133 F1080
G1 X103.5042 Y129.7861 Z1.7309 E0.02133 F1080
G1 X103.2424 Y129.4837 Z1.7311 E0.02133 F1080
G1 X102.9871 Y129.1757 Z1.7313 E0.02133 F1080
G1 X102.7385 Y128.8623 Z1.7314 E0.02133 F1080
G1 X102.4967 Y128.5436 Z1.7316 E0.02133 F1080
G1 X102.2618 Y128.2199 Z1.7317 E0.02133 F1080
G1 X102.0339 Y127.8911 Z1.7319 E0.02133 F1080
G1 X101.8131 Y127.5576 Z1.7320 E0.02133 F1080
G1 X101.5996 Y127.2193 Z1.7322 E0.02133 F1080
G1 X101.3933 Y126.8766 Z1.7323 E0.02133 F1080
G1 X101.1944 Y126.5295 Z1.7325 E0.02133 F1080
G1 X101.0031 Y126.1783 Z1.7326 E0.02133 F1080
G1 X100.8193 Y125.8230 Z1.7328 E0.02133 F1080
G1 X100.6432 Y125.4638 Z1.7329 E0.02133 F1080
G1 X100.4748 Y125.1010 Z1.7331 E0.02133 F1080
G1 X100.3142 Y124.7346 Z1.7332 E0.02133 F1080
G1 X100.1616 Y124.3649 Z1.7334 E0.02133 F1080
G1 X100.0169 Y123.9919 Z1.7335 E0.02133 F1080
G1 X99.8802 Y123.6160 Z1.7337 E0.02133 F1080
G1 X99.7516 Y123.2372 Z1.7338 E0.02133 F1080
G1 X99.6312 Y122.8558 Z1.7340 E0.02133 F1080
G1 X99.5190 Y122.4718 Z1.7341 E0.02133 F1080
G1 X99.4151 Y122.0855 Z1.7343 E0.02133 F1080
G1 X99.3194 Y121.6971 Z1.7344 E0.02133 F1080
G1 X99.2321 Y121.3068 Z1.7345 E0.02133 F1080
G1 X99.1532 Y120.9146 Z1.7347 E0.02133 F1080
G1 X99.0827 Y120.5209 Z1.7348 E0.02133 F1080
G1 X99.0207 Y120.1257 Z1.7350 E0.02133 F1080
G1 X98.9672 Y119.7293 Z1.7351 E0.02133 F1080
G1 X98.9221 Y119.3318 Z1.7353 E0.02133 F1080
G1 X98.8856 Y118.9335 Z1.7354 E0.02133 F1080
G1 X98.8576 Y118.5344 Z1.7356 E0.02133 F1080
G1 X98.8382 Y118.1349 Z1.7357 E0.02133 F1080
G1 X98.8274 Y117.7350 Z1.7359 E0.02133 F1080
G1 X98.8251 Y117.3350 Z1.7360 E0.02133 F1080
G1 X98.8314 Y116.9351 Z1.7362 E0.02133 F1080
G1 X98.8462 Y116.5353 Z1.7363 E0.02133 F1080
G1 X98.8696 Y116.1360 Z1.7365 E0.02133 F1080
G1 X98.9016 Y115.7373 Z1.7366 E0.02133 F1080
G1 X98.9421 Y115.3393 Z1.7367 E0.02133 F1080
G1 X98.9911 Y114.9423 Z1.7369 E0.02133 F1080
G1 X99.0485 Y114.5464 Z1.7370 E0.02133 F1080
G1 X99.1145 Y114.1519 Z1.7372 E0.02133 F1080
G1 X99.1888 Y113.7589 Z1.7373 E0.02133 F1080
G1 X99.2716 Y113.3675 Z1.7375 E0.02133 F1080
G1 X99.3627 Y112.9780 Z1.7376 E0.02133 F1080
G1 X99.4621 Y112.5906 Z1.7378 E0.02133 F1080
G1 X99.5698 Y112.2053 Z1.7379 E0.02133 F1080
G1 X99.6858 Y111.8225 Z1.7380 E0.02133 F1080
G1 X99.8098 Y111.4422 Z1.7382 E0.02133 F1080
G1 X99.9420 Y111.0646 Z1.7383 E0.02133 F1080
G1 X100.0823 Y110.6900 Z1.7385 E0.02133 F1080
G1 X100.2305 Y110.3185 Z1.7386 E0.02133 F1080
G1 X100.3866 Y109.9502 Z1.7388 E0.02133 F1080
G1 X100.5506 Y109.5853 Z1.7389 E0.02133 F1080
G1 X100.7223 Y109.2241 Z1.7390 E0.02133 F1080
G1 X100.9017 Y108.8665 Z1.7392 E0.02133 F1080
G1 X101.0887 Y108.5129 Z1.7393 E0.02133 F1080
G1 X101.2833 Y108.1634 Z1.7395 E0.02133 F1080
G1 X101.4852 Y107.8181 Z1.7396 E0.02133 F1080
G1 X101.6945 Y107.4772 Z1.7398 E0.02133 F1080
G1 X101.9110 Y107.1409 Z1.7399 E0.02133 F1080
G1 X102.1347 Y106.8093 Z1.7400 E0.02133 F1080
G1 X102.3654 Y106.4825 Z1.7402 E0.02133 F1080
G1 X102.6031 Y106.1607 Z1.7403 E0.02133 F1080
G1 X102.8475 Y105.8441 Z1.7405 E0.02133 F1080
G1 X103.0987 Y105.5328 Z1.7406 E0.02133 F1080
G1 X103.3564 Y105.2269 Z1.7407 E0.02133 F1080
G1 X103.6207 Y104.9266 Z1.7409 E0.02133 F1080
G1 X103.8913 Y104.6319 Z1.7410 E0.02133 F1080
G1 X104.1681 Y104.3432 Z1.7412 E0.02133 F1080
G1 X104.4510 Y104.0604 Z1.7413 E0.02133 F1080
G1 X104.7399 Y103.7837 Z1.7414 E0.02133 F1080
G1 X105.0346 Y103.5133 Z1.7416 E0.02133 F1080
G1 X105.3351 Y103.2492 Z1.7417 E0.02133 F1080
G1 X105.6411 Y102.9916 Z1.7419 E0.02133 F1080
G1 X105.9525 Y102.7406 Z1.7420 E0.02133 F1080
G1 X106.2692 Y102.4962 Z1.7421 E0.02133 F1080
G1 X106.5911 Y102.2587 Z1.7423 E0.02133 F1080
G1 X106.9180 Y102.0281 Z1.7424 E0.02133 F1080
G1 X107.2497 Y101.8046 Z1.7426 E0.02133 F1080
G1 X107.5861 Y101.5882 Z1.7427 E0.02133 F1080
G1 X107.9270 Y101.3790 Z1.7428 E0.02133 F1080
G1 X108.2724 Y101.1771 Z1.7430 E0.02133 F1080
G1 X108.6219 Y100.9826 Z1.7431 E0.02133 F1080
G1 X108.9756 Y100.7956 Z1.7432 E0.02133 F1080
G1 X109.3331 Y100.6163 Z1.7434 E0.02133 F1080
G1 X109.6944 Y100.4446 Z1.7435 E0.02133 F1080
G1 X110.0592 Y100.2806 Z1.7437 E0.02133 F1080
G1 X110.4275 Y100.1244 Z1.7438 E0.02133 F1080
G1 X110.7990 Y99.9762 Z1.7439 E0.02133 F1080
G1 X111.1736 Y99.8358 Z1.7441 E0.02133 F1080
G1 X111.5511 Y99.7036 Z1.7442 E0.02133 F1080
G1 X111.9314 Y99.5793 Z1.7443 E0.02133 F1080
G1 X112.3142 Y99.4633 Z1.7445 E0.02133 F1080
G1 X112.6993 Y99.3554 Z1.7446 E0.02133 F1080
G1 X113.0867 Y99.2557 Z1.7447 E0.02133 F1080
G1 X113.4762 Y99.1643 Z1.7449 E0.02133 F1080
G1 X113.8675 Y99.0812 Z1.7450 E0.02133 F1080
G1 X114.2604 Y99.0065 Z1.7451 E0.02133 F1080
G1 X114.6549 Y98.9402 Z1.7453 E0.02133 F1080
G1 X115.0507 Y98.8823 Z1.7454 E0.02133 F1080
G1 X115.4477 Y98.8328 Z1.7456 E0.02133 F1080
G1 X115.8456 Y98.7918 Z1.7457 E0.02133 F1080
G1 X116.2442 Y98.7593 Z1.7458 E0.02133 F1080
G1 X116.6435 Y98.7353 Z1.7460 E0.02133 F1080
G1 X117.0432 Y98.7198 Z1.7461 E0.02133 F1080
G1 X117.4432 Y98.7128 Z1.7462 E0.02133 F1080
G1 X117.8432 Y98.7143 Z1.7464 E0.02133 F1080
G1 X118.2431 Y98.7244 Z1.7465 E0.02133 F1080
G1 X118.6427 Y98.7429 Z1.7466 E0.02133 F1080
G1 X119.0418 Y98.7700 Z1.7468 E0.02133 F1080
G1 X119.4402 Y98.8055 Z1.7469 E0.02133 F1080
G1 X119.8378 Y98.8495 Z1.7470 E0.02133 F1080
G1 X120.2343 Y98.9020 Z1.7472 E0.02133 F1080
G1 X120.6297 Y98.9629 Z1.7473 E0.02133 F1080
G1 X121.0237 Y99.0321 Z1.7474 E0.02133 F1080
G1 X121.4161 Y99.1098 Z1.7476 E0.02133 F1080
G1 X121.8067 Y99.1958 Z1.7477 E0.02133 F1080
G1 X122.1955 Y99.2901 Z1.7478 E0.02133 F1080
G1 X122.5821 Y99.3926 Z1.7479 E0.02133 F1080
G1 X122.9665 Y99.5033 Z1.7481 E0.02133 F1080
G1 X123.3484 Y99.6222 Z1.7482 E0.02133 F1080
G1 X123.7278 Y99.7491 Z1.7483 E0.02133 F1080
G1 X124.1043 Y99.8841 Z1.7485 E0.02133 F1080
G1 X124.4779 Y100.0271 Z1.7486 E0.02133 F1080
G1 X124.8484 Y100.1780 Z1.7487 E0.02133 F1080
G1 X125.2155 Y100.3367 Z1.7489 E0.02133 F1080
G1 X125.5792 Y100.5032 Z1.7490 E0.02133 F1080
G1 X125.9393 Y100.6774 Z1.7491 E0.02133 F1080
G1 X126.2956 Y100.8592 Z1.7493 E0.02133 F1080
G1 X126.6480 Y101.0485 Z1.7494 E0.02133 F1080
G1 X126.9963 Y101.2453 Z1.7495 E0.02133 F1080
G1 X127.3403 Y101.4494 Z1.7496 E0.02133 F1080
G1 X127.6799 Y101.6608 Z1.7498 E0.02133 F1080
G1 X128.0149 Y101.8794 Z1.7499 E0.02133 F1080
G1 X128.3452 Y102.1050 Z1.7500 E0.02133 F1080
G1 X128.6706 Y102.3376 Z1.7502 E0.02133 F1080
G1 X128.9911 Y102.5771 Z1.7503 E0.02133 F1080
G1 X129.3063 Y102.8233 Z1.7504 E0.02133 F1080
G1 X129.6163 Y103.0761 Z1.7505 E0.02133 F1080
G1 X129.9208 Y103.3355 Z1.7507 E0.02133 F1080
G1 X130.2198 Y103.6013 Z1.7508 E0.02133 F1080
G1 X130.5130 Y103.8733 Z1.7509 E0.02133 F1080
G1 X130.8004 Y104.1516 Z1.7511 E0.02133 F1080
G1 X131.0818 Y104.4358 Z1.7512 E0.02133 F1080
G1 X131.3572 Y104.7260 Z1.7513 E0.02133 F1080
G1 X131.6263 Y105.0219 Z1.7514 E0.02133 F1080
G1 X131.8891 Y105.3235 Z1.7516 E0.02133 F1080
G1 X132.1454 Y105.6306 Z1.7517 E0.02133 F1080
G1 X132.3951 Y105.9431 Z1.7518 E0.02133 F1080
G1 X132.6382 Y106.2608 Z1.7519 E0.02133 F1080
G1 X132.8744 Y106.5836 Z1.7521 E0.02133 F1080
G1 X133.1038 Y106.9113 Z1.7522 E0.02133 F1080
G1 X133.3261 Y107.2439 Z1.7523 E0.02133 F1080
G1 X133.5414 Y107.5810 Z1.7524 E0.02133 F1080
G1 X133.7494 Y107.9227 Z1.7526 E0.02133 F1080
G1 X133.9502 Y108.2686 Z1.7527 E0.02133 F1080
G1 X134.1436 Y108.6188 Z1.7528 E0.02133 F1080
G1 X134.3295 Y108.9730 Z1.7529 E0.02133 F1080
G1 X134.5078 Y109.3310 Z1.7531 E0.02133 F1080
G1 X134.6786 Y109.6928 Z1.7532 E0.02133 F1080
G1 X134.8416 Y110.0581 Z1.7533 E0.02133 F1080
G1 X134.9968 Y110.4267 Z1.7534 E0.02133 F1080
G1 X135.1442 Y110.7986 Z1.7536 E0.02133 F1080
G1 X135.2837 Y111.1735 Z1.7537 E0.02133 F1080
G1 X135.4152 Y111.5513 Z1.7538 E0.02133 F1080
G1 X135.5387 Y111.9318 Z1.7539 E0.02133 F1080
G1 X135.6541 Y112.3148 Z1.7541 E0.02133 F1080
G1 X135.7613 Y112.7001 Z1.7542 E0.02133 F1080
G1 X135.8604 Y113.0877 Z1.7543 E0.02133 F1080
G1 X135.9512 Y113.4772 Z1.7544 E0.02133 F1080
G1 X136.0337 Y113.8686 Z1.7545 E0.02133 F1080
G1 X136.1080 Y114.2617 Z1.7547 E0.02133 F1080
G1 X136.1739 Y114.6563 Z1.7548 E0.02133 F1080
G1 X136.2314 Y115.0521 Z1.7549 E0.02133 F1080
G1 X136.2806 Y115.4491 Z1.7550 E0.02133 F1080
G1 X136.3213 Y115.8470 Z1.7552 E0.02133 F1080
G1 X136.3536 Y116.2457 Z1.7553 E0.02133 F1080
G1 X136.3774 Y116.6450 Z1.7554 E0.02133 F1080
G1 X136.3928 Y117.0447 Z1.7555 E0.02133 F1080
G1 X136.3997 Y117.4447 Z1.7556 E0.02133 F1080
G1 X136.3982 Y117.8447 Z1.7558 E0.02133 F1080
G1 X136.3882 Y118.2446 Z1.7559 E0.02133 F1080
G1 X136.3697 Y118.6442 Z1.7560 E0.02133 F1080
G1 X136.3428 Y119.0433 Z1.7561 E0.02133 F1080
G1 X136.3074 Y119.4417 Z1.7562 E0.02133 F1080
G1 X136.2636 Y119.8393 Z1.7564 E0.02133 F1080
G1 X136.2114 Y120.2359 Z1.7565 E0.02133 F1080
G1 X136.1509 Y120.6313 Z1.7566 E0.02133 F1080
G1 X136.0820 Y121.0254 Z1.7567 E0.02133 F1080
G1 X136.0047 Y121.4178 Z1.7568 E0.02133 F1080
G1 X135.9192 Y121.8086 Z1.7570 E0.02133 F1080
G1 X135.8255 Y122.1975 Z1.7571 E0.02133 F1080
G1 X135.7235 Y122.5843 Z1.7572 E0.02133 F1080
G1 X135.6134 Y122.9688 Z1.7573 E0.02133 F1080
G1 X135.4952 Y123.3510 Z1.7574 E0.02133 F1080
G1 X135.3689 Y123.7305 Z1.7576 E0.02133 F1080
G1 X135.2347 Y124.1074 Z1.7577 E0.02133 F1080
G1 X135.0925 Y124.4812 Z1.7578 E0.02133 F1080
G1 X134.9424 Y124.8520 Z1.7579 E0.02133 F1080
G1 X134.7846 Y125.2196 Z1.7580 E0.02133 F1080
G1 X134.6190 Y125.5837 Z1.7581 E0.02133 F1080
G1 X134.4457 Y125.9442 Z1.7583 E0.02133 F1080
G1 X134.2649 Y126.3011 Z1.7584 E0.02133 F1080
G1 X134.0766 Y126.6540 Z1.7585 E0.02133 F1080
G1 X133.8808 Y127.0028 Z1.7586 E0.02133 F1080
G1 X133.6778 Y127.3474 Z1.7587 E0.02133 F1080
G1 X133.4675 Y127.6877 Z1.7588 E0.02133 F1080
G1 X133.2500 Y128.0235 Z1.7590 E0.02133 F1080
G1 X133.0255 Y128.3546 Z1.7591 E0.02133 F1080
G1 X132.7941 Y128.6808 Z1.7592 E0.02133 F1080
G1 X132.5559 Y129.0021 Z1.7593 E0.02133 F1080
G1 X132.3109 Y129.3184 Z1.7594 E0.02133 F1080
G1 X132.0593 Y129.6293 Z1.7595 E0.02133 F1080
G1 X131.8012 Y129.9349 Z1.7597 E0.02133 F1080
G1 X131.5366 Y130.2350 Z1.7598 E0.02133 F1080
G1 X131.2659 Y130.5294 Z1.7599 E0.02133 F1080
G1 X130.9889 Y130.8181 Z1.7600 E0.02133 F1080
G1 X130.7060 Y131.1008 Z1.7601 E0.02133 F1080
G1 X130.4171 Y131.3775 Z1.7602 E0.02133 F1080
G1 X130.1225 Y131.6481 Z1.7603 E0.02133 F1080
G1 X129.8222 Y131.9123 Z1.7605 E0.02133 F1080
G1 X129.5164 Y132.1702 Z1.7606 E0.02133 F1080
G1 X129.2052 Y132.4216 Z1.7607 E0.02133 F1080
G1 X128.8888 Y132.6663 Z1.7608 E0.02133 F1080
G1 X128.5674 Y132.9044 Z1.7609 E0.02133 F1080
G1 X128.2409 Y133.1356 Z1.7610 E0.02133 F1080
G1 X127.9097 Y133.3598 Z1.7611 E0.02133 F1080
G1 X127.5738 Y133.5770 Z1.7613 E0.02133 F1080
G1 X127.2334 Y133.7871 Z1.7614 E0.02133 F1080
G1 X126.8887 Y133.9900 Z1.7615 E0.02133 F1080
G1 X126.5397 Y134.1856 Z1.7616 E0.02133 F1080
G1 X126.1867 Y134.3737 Z1.7617 E0.02133 F1080
G1 X125.8298 Y134.5544 Z1.7618 E0.02133 F1080
G1 X125.4692 Y134.7275 Z1.7619 E0.02133 F1080
G1 X125.1050 Y134.8930 Z1.7620 E0.02133 F1080
G1 X124.7375 Y135.0508 Z1.7622 E0.02133 F1080
G1 X124.3666 Y135.2008 Z1.7623 E0.02133 F1080
G1 X123.9927 Y135.3429 Z1.7624 E0.02133 F1080
G1 X123.6159 Y135.4772 Z1.7625 E0.02133 F1080
G1 X123.2364 Y135.6034 Z1.7626 E0.02133 F1080
G1 X122.8542 Y135.7217 Z1.7627 E0.02133 F1080
G1 X122.4697 Y135.8319 Z1.7628 E0.02133 F1080
G1 X122.0829 Y135.9339 Z1.7629 E0.02133 F1080
G1 X121.6941 Y136.0278 Z1.7630 E0.02133 F1080
G1 X121.3033 Y136.1135 Z1.7632 E0.02133 F1080
G1 X120.9109 Y136.1909 Z1.7633 E0.02133 F1080
G1 X120.5169 Y136.2600 Z1.7634 E0.02133 F1080
G1 X120.1216 Y136.3209 Z1.7635 E0.02133 F1080
G1 X119.7250 Y136.3734 Z1.7636 E0.02133 F1080
G1 X119.3274 Y136.4175 Z1.7637 E0.02133 F1080
G1 X118.9290 Y136.4533 Z1.7638 E0.02133 F1080
G1 X118.5300 Y136.4807 Z1.7639 E0.02133 F1080
G1 X118.1304 Y136.4997 Z1.7640 E0.02133 F1080
G1 X117.7305 Y136.5102 Z1.7641 E0.02133 F1080
G1 X117.3305 Y136.5124 Z1.7642 E0.02133 F1080
G1 X116.9306 Y136.5061 Z1.7644 E0.02133 F1080
G1 X116.5308 Y136.4914 Z1.7645 E0.02133 F1080
G1 X116.1315 Y136.4684 Z1.7646 E0.02133 F1080
G1 X115.7327 Y136.4369 Z1.7647 E0.02133 F1080
G1 X115.3347 Y136.3970 Z1.7648 E0.02133 F1080
G1 X114.9376 Y136.3488 Z1.7649 E0.02133 F1080
G1 X114.5416 Y136.2922 Z1.7650 E0.02133 F1080
G1 X114.1469 Y136.2274 Z1.7651 E0.02133 F1080
G1 X113.7536 Y136.1542 Z1.7652 E0.02133 F1080
G1 X113.3620 Y136.0728 Z1.7653 E0.02133 F1080
G1 X112.9721 Y135.9832 Z1.7654 E0.02133 F1080
G1 X112.5843 Y135.8854 Z1.7655 E0.02133 F1080
G1 X112.1985 Y135.7795 Z1.7656 E0.02133 F1080
G1 X111.8151 Y135.6654 Z1.7657 E0.02133 F1080
G1 X111.4342 Y135.5434 Z1.7658 E0.02133 F1080
G1 X111.0559 Y135.4134 Z1.7660 E0.02133 F1080
G1 X110.6804 Y135.2754 Z1.7661 E0.02133 F1080
G1 X110.3079 Y135.1296 Z1.7662 E0.02133 F1080
G1 X109.9386 Y134.9761 Z1.7663 E0.02133 F1080
G1 X109.5725 Y134.8147 Z1.7664 E0.02133 F1080
G1 X109.2099 Y134.6458 Z1.7665 E0.02133 F1080
G1 X108.8510 Y134.4692 Z1.7666 E0.02133 F1080
G1 X108.4958 Y134.2852 Z1.7667 E0.02133 F1080
G1 X108.1446 Y134.0937 Z1.7668 E0.02133 F1080
G1 X107.7975 Y133.8949 Z1.7669 E0.02133 F1080
G1 X107.4546 Y133.6889 Z1.7670 E0.02133 F1080
G1 X107.1162 Y133.4757 Z1.7671 E0.02133 F1080
G1 X106.7823 Y133.2554 Z1.7672 E0.02133 F1080
G1 X106.4530 Y133.0282 Z1.7673 E0.02133 F1080
G1 X106.1287 Y132.7942 Z1.7674 E0.02133 F1080
G1 X105.8093 Y132.5533 Z1.7675 E0.02133 F1080
G1 X105.4950 Y132.3059 Z1.7676 E0.02133 F1080
G1 X105.1860 Y132.0518 Z1.7677 E0.02133 F1080
G1 X104.8824 Y131.7914 Z1.7678 E0.02133 F1080
G1 X104.5843 Y131.5246 Z1.7679 E0.02133 F1080
G1 X104.2919 Y131.2517 Z1.7680 E0.02133 F1080
G1 X104.0053 Y130.9727 Z1.7681 E0.02133 F1080
G1 X103.7246 Y130.6877 Z1.7682 E0.02133 F1080
G1 X103.4499 Y130.3969 Z1.7683 E0.02133 F1080
G1 X103.1814 Y130.1004 Z1.7684 E0.02133 F1080
G1 X102.9192 Y129.7983 Z1.7685 E0.02133 F1080
G1 X102.6633 Y129.4908 Z1.7686 E0.02133 F1080
G1 X102.4140 Y129.1780 Z1.7687 E0.02133 F1080
G1 X102.1713 Y128.8601 Z1.7688 E0.02133 F1080
G1 X101.9353 Y128.5371 Z1.7689 E0.02133 F1080
G1 X101.7061 Y128.2092 Z1.7690 E0.02133 F1080
G1 X101.4838 Y127.8767 Z1.7691 E0.02133 F1080
G1 X101.2686 Y127.5395 Z1.7692 E0.02133 F1080
G1 X101.0605 Y127.1979 Z1.7693 E0.02133 F1080
G1 X100.8596 Y126.8520 Z1.7694 E0.02133 F1080
G1 X100.6659 Y126.5020 Z1.7695 E0.02133 F1080
G1 X100.4797 Y126.1480 Z1.7696 E0.02133 F1080
G1 X100.3009 Y125.7901 Z1.7697 E0.02133 F1080
G1 X100.1296 Y125.4286 Z1.7698 E0.02133 F1080
G1 X99.9660 Y125.0636 Z1.7699 E0.02133 F1080
G1 X99.8100 Y124.6953 Z1.7700 E0.02133 F1080
G1 X99.6618 Y124.3237 Z1.7701 E0.02133 F1080
G1 X99.5214 Y123.9492 Z1.7702 E0.02133 F1080
G1 X99.3889 Y123.5718 Z1.7703 E0.02133 F1080
G1 X99.2643 Y123.1917 Z1.7704 E0.02133 F1080
G1 X99.1476 Y122.8090 Z1.7705 E0.02133 F1080
G1 X99.0391 Y122.4240 Z1.7706 E0.02133 F1080
G1 X98.9386 Y122.0368 Z1.7707 E0.02133 F1080
G1 X98.8462 Y121.6476 Z1.7708 E0.02133 F1080
G1 X98.7620 Y121.2566 Z1.7709 E0.02133 F1080
G1 X98.6860 Y120.8639 Z1.7710 E0.02133 F1080
G1 X98.6183 Y120.4696 Z1.7711 E0.02133 F1080
G1 X98.5588 Y120.0741 Z1.7712 E0.02133 F1080
G1 X98.5076 Y119.6773 Z1.7713 E0.02133 F1080
G1 X98.4647 Y119.2796 Z1.7714 E0.02133 F1080
G1 X98.4301 Y118.8811 Z1.7715 E0.02133 F1080
G1 X98.4039 Y118.4820 Z1.7716 E0.02133 F1080
G1 X98.3861 Y118.0824 Z1.7717 E0.02133 F1080
G1 X98.3766 Y117.6825 Z1.7718 E0.02133 F1080
G1 X98.3754 Y117.2825 Z1.7719 E0.02133 F1080
G1 X98.3827 Y116.8825 Z1.7720 E0.02133 F1080
G1 X98.3983 Y116.4828 Z1.7721 E0.02133 F1080
G1 X98.4222 Y116.0835 Z1.7722 E0.02133 F1080
G1 X98.4545 Y115.6848 Z1.7723 E0.02133 F1080
G1 X98.4951 Y115.2869 Z1.7724 E0.02133 F1080
G1 X98.5441 Y114.8899 Z1.7725 E0.02133 F1080
G1 X98.6013 Y114.4940 Z1.7726 E0.02133 F1080
G1 X98.6668 Y114.0993 Z1.7727 E0.02133 F1080
G1 X98.7405 Y113.7062 Z1.7727 E0.02133 F1080
G1 X98.8224 Y113.3147 Z1.7728 E0.02133 F1080
G1 X98.9125 Y112.9249 Z1.7729 E0.02133 F1080
G1 X99.0107 Y112.5371 Z1.7730 E0.02133 F1080
G1 X99.1170 Y112.1515 Z1.7731 E0.02133 F1080
G1 X99.2313 Y111.7682 Z1.7732 E0.02133 F1080
G1 X99.3536 Y111.3873 Z1.7733 E0.02133 F1080
G1 X99.4838 Y111.0091 Z1.7734 E0.02133 F1080
G1 X99.6219 Y110.6337 Z1.7735 E0.02133 F1080
G1 X99.7679 Y110.2613 Z1.7736 E0.02133 F1080
G1 X99.9215 Y109.8919 Z1.7737 E0.02133 F1080
G1 X100.0829 Y109.5259 Z1.7738 E0.02133 F1080
G1 X100.2518 Y109.1633 Z1.7739 E0.02133 F1080
G1 X100.4283 Y108.8043 Z1.7740 E0.02133 F1080
G1 X100.6122 Y108.4491 Z1.7741 E0.02133 F1080
G1 X100.8036 Y108.0978 Z1.7741 E0.02133 F1080
G1 X101.0022 Y107.7506 Z1.7742 E0.02133 F1080
G1 X101.2080 Y107.4076 Z1.7743 E0.02133 F1080
G1 X101.4209 Y107.0690 Z1.7744 E0.02133 F1080
G1 X101.6408 Y106.7349 Z1.7745 E0.02133 F1080
G1 X101.8677 Y106.4054 Z1.7746 E0.02133 F1080
G1 X102.1014 Y106.0808 Z1.7747 E0.02133 F1080
G1 X102.3418 Y105.7611 Z1.7748 E0.02133 F1080
G1 X102.5889 Y105.4465 Z1.7749 E0.02133 F1080
G1 X102.8424 Y105.1371 Z1.7750 E0.02133 F1080
G1 X103.1023 Y104.8330 Z1.7751 E0.02133 F1080
G1 X103.3686 Y104.5345 Z1.7751 E0.02133 F1080
G1 X103.6410 Y104.2415 Z1.7752 E0.02133 F1080
G1 X103.9194 Y103.9544 Z1.7753 E0.02133 F1080
G1 X104.2038 Y103.6730 Z1.7754 E0.02133 F1080
G1 X104.4940 Y103.3977 Z1.7755 E0.02133 F1080
G1 X104.7898 Y103.1285 Z1.7756 E0.02133 F1080
G1 X105.0912 Y102.8655 Z1.7757 E0.02133 F1080
G1 X105.3981 Y102.6089 Z1.7758 E0.02133 F1080
G1 X105.7102 Y102.3587 Z1.7759 E0.02133 F1080
G1 X106.0274 Y102.1150 Z1.7759 E0.02133 F1080
G1 X106.3497 Y101.8780 Z1.7760 E0.02133 F1080
G1 X106.6768 Y101.6478 Z1.7761 E0.02133 F1080
G1 X107.0087 Y101.4245 Z1.7762 E0.02133 F1080
G1 X107.3451 Y101.2081 Z1.7763 E0.02133 F1080
G1 X107.6860 Y100.9988 Z1.7764 E0.02133 F1080
G1 X108.0311 Y100.7966 Z1.7765 E0.02133 F1080
G1 X108.3804 Y100.6017 Z1.7766 E0.02133 F1080
G1 X108.7337 Y100.4141 Z1.7766 E0.02133 F1080
G1 X109.0908 Y100.2339 Z1.7767 E0.02133 F1080
G1 X109.4516 Y100.0611 Z1.7768 E0.02133 F1080
G1 X109.8159 Y99.8959 Z1.7769 E0.02133 F1080
G1 X110.1836 Y99.7384 Z1.7770 E0.02133 F1080
G1 X110.5545 Y99.5885 Z1.7771 E0.02133 F1080
G1 X110.9284 Y99.4464 Z1.7772 E0.02133 F1080
G1 X111.3052 Y99.3121 Z1.7773 E0.02133 F1080
G1 X111.6847 Y99.1856 Z1.7773 E0.02133 F1080
G1 X112.0667 Y99.0671 Z1.7774 E0.02133 F1080
G1 X112.4512 Y98.9566 Z1.7775 E0.02133 F1080
G1 X112.8378 Y98.8541 Z1.7776 E0.02133 F1080
G1 X113.2265 Y98.7596 Z1.7777 E0.02133 F1080
G1 X113.6171 Y98.6733 Z1.7778 E0.02133 F1080
G1 X114.0094 Y98.5951 Z1.7778 E0.02133 F1080
G1 X114.4032 Y98.5251 Z1.7779 E0.02133 F1080
G1 X114.7984 Y98.4633 Z1.7780 E0.02133 F1080
G1 X115.1949 Y98.4098 Z1.7781 E0.02133 F1080
G1 X115.5923 Y98.3645 Z1.7782 E0.02133 F1080
G1 X115.9906 Y98.3275 Z1.7783 E0.02133 F1080
G1 X116.3896 Y98.2987 Z1.7784 E0.02133 F1080
G1 X116.7891 Y98.2783 Z1.7784 E0.02133 F1080
G1 X117.1889 Y98.2662 Z1.7785 E0.02133 F1080
G1 X117.5889 Y98.2624 Z1.7786 E0.02133 F1080
G1 X117.9889 Y98.2669 Z1.7787 E0.02133 F1080
G1 X118.3887 Y98.2797 Z1.7788 E0.02133 F1080
G1 X118.7881 Y98.3009 Z1.7789 E0.02133 F1080
G1 X119.1870 Y98.3303 Z1.7789 E0.02133 F1080
G1 X119.5853 Y98.3680 Z1.7790 E0.02133 F1080
G1 X119.9826 Y98.4140 Z1.7791 E0.02133 F1080
G1 X120.3789 Y98.4683 Z1.7792 E0.02133 F1080
G1 X120.7740 Y98.5307 Z1.7793 E0.02133 F1080
G1 X121.1678 Y98.6014 Z1.7793 E0.02133 F1080
G1 X121.5599 Y98.6802 Z1.7794 E0.02133 F1080
G1 X121.9504 Y98.7672 Z1.7795 E0.02133 F1080
G1 X122.3389 Y98.8622 Z1.7796 E0.02133 F1080
G1 X122.7254 Y98.9653 Z1.7797 E0.02133 F1080
G1 X123.1097 Y99.0764 Z1.7798 E0.02133 F1080
G1 X123.4916 Y99.1955 Z1.7798 E0.02133 F1080
G1 X123.8709 Y99.3225 Z1.7799 E0.02133 F1080
G1 X124.2475 Y99.4573 Z1.7800 E0.02133 F1080
G1 X124.6212 Y99.5999 Z1.7801 E0.02133 F1080
G1 X124.9919 Y99.7502 Z1.7802 E0.02133 F1080
G1 X125.3594 Y99.9082 Z1.7802 E0.02133 F1080
G1 X125.7235 Y100.0738 Z1.7803 E0.02133 F1080
G1 X126.0841 Y100.2470 Z1.7804 E0.02133 F1080
G1 X126.4411 Y100.4275 Z1.7805 E0.02133 F1080
G1 X126.7942 Y100.6155 Z1.7806 E0.02133 F1080
G1 X127.1433 Y100.8107 Z1.7806 E0.02133 F1080
G1 X127.4883 Y101.0131 Z1.7807 E0.02133 F1080
G1 X127.8291 Y101.2227 Z1.7808 E0.02133 F1080
G1 X128.1654 Y101.4392 Z1.7809 E0.02133 F1080
G1 X128.4971 Y101.6627 Z1.7809 E0.02133 F1080
G1 X128.8242 Y101.8931 Z1.7810 E0.02133 F1080
G1 X129.1464 Y102.1301 Z1.7811 E0.02133 F1080
G1 X129.4636 Y102.3738 Z1.7812 E0.02133 F1080
G1 X129.7756 Y102.6241 Z1.7813 E0.02133 F1080
G1 X130.0825 Y102.8807 Z1.7813 E0.02133 F1080
G1 X130.3839 Y103.1437 Z1.7814 E0.02133 F1080
G1 X130.6798 Y103.4128 Z1.7815 E0.02133 F1080
G1 X130.9701 Y103.6880 Z1.7816 E0.02133 F1080
G1 X131.2546 Y103.9692 Z1.7816 E0.02133 F1080
G1 X131.5332 Y104.2562 Z1.7817 E0.02133 F1080
G1 X131.8058 Y104.5490 Z1.7818 E0.02133 F1080
G1 X132.0723 Y104.8473 Z1.7819 E0.02133 F1080
G1 X132.3326 Y105.1511 Z1.7820 E0.02133 F1080
G1 X132.5865 Y105.4602 Z1.7820 E0.02133 F1080
G1 X132.8339 Y105.7745 Z1.7821 E0.02133 F1080
G1 X133.0747 Y106.0939 Z1.7822 E0.02133 F1080
G1 X133.3089 Y106.4181 Z1.7823 E0.02133 F1080
G1 X133.5364 Y106.7472 Z1.7823 E0.02133 F1080
G1 X133.7569 Y107.0809 Z1.7824 E0.02133 F1080
G1 X133.9705 Y107.4191 Z1.7825 E0.02133 F1080
G1 X134.1771 Y107.7617 Z1.7826 E0.02133 F1080
G1 X134.3765 Y108.1085 Z1.7826 E0.02133 F1080
G1 X134.5687 Y108.4593 Z1.7827 E0.02133 F1080
G1 X134.7535 Y108.8140 Z1.7828 E0.02133 F1080
G1 X134.9310 Y109.1725 Z1.7829 E0.02133 F1080
G1 X135.1011 Y109.5346 Z1.7829 E0.02133 F1080
G1 X135.2636 Y109.9001 Z1.7830 E0.02133 F1080
G1 X135.4185 Y110.2689 Z1.7831 E0.02133 F1080
G1 X135.5657 Y110.6408 Z1.7832 E0.02133 F1080
G1 X135.7052 Y111.0157 Z1.7832 E0.02133 F1080
G1 X135.8369 Y111.3934 Z1.7833 E0.02133 F1080
G1 X135.9608 Y111.7738 Z1.7834 E0.02133 F1080
G1 X136.0767 Y112.1566 Z1.7834 E0.02133 F1080
G1 X136.1847 Y112.5417 Z1.7835 E0.02133 F1080
G1 X136.2848 Y112.9290 Z1.7836 E0.02133 F1080
G1 X136.3768 Y113.3183 Z1.7837 E0.02133 F1080
G1 X136.4607 Y113.7094 Z1.7837 E0.02133 F1080
G1 X136.5365 Y114.1022 Z1.7838 E0.02133 F1080
G1 X136.6042 Y114.4964 Z1.7839 E0.02133 F1080
G1 X136.6637 Y114.8920 Z1.7840 E0.02133 F1080
G1 X136.7150 Y115.2887 Z1.7840 E0.02133 F1080
G1 X136.7581 Y115.6864 Z1.7841 E0.02133 F1080
G1 X136.7929 Y116.0849 Z1.7842 E0.02133 F1080
G1 X136.8195 Y116.4840 Z1.7842 E0.02133 F1080
G1 X136.8379 Y116.8836 Z1.7843 E0.02133 F1080
G1 X136.8480 Y117.2835 Z1.7844 E0.02133 F1080
G1 X136.8498 Y117.6835 Z1.7844 E0.02133 F1080
G1 X136.8434 Y118.0835 Z1.7845 E0.02133 F1080
G1 X136.8287 Y118.4832 Z1.7846 E0.02133 F1080
G1 X136.8057 Y118.8825 Z1.7847 E0.02133 F1080
G1 X136.7745 Y119.2813 Z1.7847 E0.02133 F1080
G1 X136.7350 Y119.6794 Z1.7848 E0.02133 F1080
G1 X136.6873 Y120.0766 Z1.7849 E0.02133 F1080
G1 X136.6315 Y120.4726 Z1.7849 E0.02133 F1080
G1 X136.5674 Y120.8675 Z1.7850 E0.02133 F1080
G1 X136.4953 Y121.2609 Z1.7851 E0.02133 F1080
G1 X136.4150 Y121.6528 Z1.7851 E0.02133 F1080
G1 X136.3266 Y122.0429 Z1.7852 E0.02133 F1080
G1 X136.2302 Y122.4312 Z1.7853 E0.02133 F1080
G1 X136.1258 Y122.8173 Z1.7854 E0.02133 F1080
G1 X136.0134 Y123.2012 Z1.7854 E0.02133 F1080
G1 X135.8932 Y123.5827 Z1.7855 E0.02133 F1080
G1 X135.7651 Y123.9617 Z1.7856 E0.02133 F1080
G1 X135.6292 Y124.3379 Z1.7856 E0.02133 F1080
G1 X135.4855 Y124.7112 Z1.7857 E0.02133 F1080
G1 X135.3342 Y125.0815 Z1.7858 E0.02133 F1080
G1 X135.1753 Y125.4486 Z1.7858 E0.02133 F1080
G1 X135.0088 Y125.8123 Z1.7859 E0.02133 F1080
G1 X134.8348 Y126.1725 Z1.7860 E0.02133 F1080
G1 X134.6535 Y126.5291 Z1.7860 E0.02133 F1080
G1 X134.4648 Y126.8818 Z1.7861 E0.02133 F1080
G1 X134.2690 Y127.2305 Z1.7862 E0.02133 F1080
G1 X134.0659 Y127.5752 Z1.7862 E0.02133 F1080
G1 X133.8558 Y127.9156 Z1.7863 E0.02133 F1080
G1 X133.6387 Y128.2515 Z1.7864 E0.02133 F1080
G1 X133.4147 Y128.5830 Z1.7864 E0.02133 F1080
G1 X133.1840 Y128.9097 Z1.7865 E0.02133 F1080
G1 X132.9465 Y129.2316 Z1.7866 E0.02133 F1080
G1 X132.7025 Y129.5486 Z1.7866 E0.02133 F1080
G1 X132.4519 Y129.8604 Z1.7867 E0.02133 F1080
G1 X132.1950 Y130.1670 Z1.7868 E0.02133 F1080
G1 X131.9319 Y130.4683 Z1.7868 E0.02133 F1080
G1 X131.6625 Y130.7640 Z1.7869 E0.02133 F1080
G1 X131.3872 Y131.0542 Z1.7870 E0.02133 F1080
G1 X131.1059 Y131.3386 Z1.7870 E0.02133 F1080
G1 X130.8188 Y131.6171 Z1.7871 E0.02133 F1080
G1 X130.5260 Y131.8897 Z1.7871 E0.02133 F1080
G1 X130.2277 Y132.1562 Z1.7872 E0.02133 F1080
G1 X129.9240 Y132.4164 Z1.7873 E0.02133 F1080
G1 X129.6149 Y132.6704 Z1.7873 E0.02133 F1080
G1 X129.3007 Y132.9180 Z1.7874 E0.02133 F1080
G1 X128.9815 Y133.1590 Z1.7875 E0.02133 F1080
G1 X128.6573 Y133.3934 Z1.7875 E0.02133 F1080
G1 X128.3284 Y133.6210 Z1.7876 E0.02133 F1080
G1 X127.9949 Y133.8419 Z1.7877 E0.02133 F1080
G1 X127.6569 Y134.0558 Z1.7877 E0.02133 F1080
G1 X127.3145 Y134.2627 Z1.7878 E0.02133 F1080
G1 X126.9680 Y134.4625 Z1.7878 E0.02133 F1080
G1 X126.6175 Y134.6552 Z1.7879 E0.02133 F1080
G1 X126.2630 Y134.8406 Z1.7880 E0.02133 F1080
G1 X125.9048 Y135.0186 Z1.7880 E0.02133 F1080
G1 X125.5430 Y135.1893 Z1.7881 E0.02133 F1080
G1 X125.1778 Y135.3524 Z1.7881 E0.02133 F1080
G1 X124.8093 Y135.5080 Z1.7882 E0.02133 F1080
G1 X124.4377 Y135.6560 Z1.7883 E0.02133 F1080
G1 X124.0631 Y135.7963 Z1.7883 E0.02133 F1080
G1 X123.6857 Y135.9289 Z1.7884 E0.02133 F1080
G1 X123.3056 Y136.0537 Z1.7885 E0.02133 F1080
G1 X122.9231 Y136.1706 Z1.7885 E0.02133 F1080
G1 X122.5382 Y136.2796 Z1.7886 E0.02133 F1080
G1 X122.1512 Y136.3807 Z1.7886 E0.02133 F1080
G1 X121.7622 Y136.4739 Z1.7887 E0.02133 F1080
G1 X121.3713 Y136.5589 Z1.7888 E0.02133 F1080
G1 X120.9788 Y136.6360 Z1.7888 E0.02133 F1080
G1 X120.5848 Y136.7049 Z1.7889 E0.02133 F1080
G1 X120.1894 Y136.7658 Z1.7889 E0.02133 F1080
G1 X119.7929 Y136.8184 Z1.7890 E0.02133 F1080
G1 X119.3953 Y136.8630 Z1.7891 E0.02133 F1080
G1 X118.9970 Y136.8993 Z1.7891 E0.02133 F1080
G1 X118.5980 Y136.9275 Z1.7892 E0.02133 F1080
G1 X118.1985 Y136.9474 Z1.7892 E0.02133 F1080
G1 X117.7986 Y136.9591 Z1.7893 E0.02133 F1080
G1 X117.3986 Y136.9626 Z1.7893 E0.02133 F1080
G1 X116.9986 Y136.9579 Z1.7894 E0.02133 F1080
G1 X116.5988 Y136.9449 Z1.7895 E0.02133 F1080
G1 X116.1994 Y136.9238 Z1.7895 E0.02133 F1080
G1 X115.8004 Y136.8944 Z1.7896 E0.02133 F1080
G1 X115.4022 Y136.8569 Z1.7896 E0.02133 F1080
G1 X115.0048 Y136.8112 Z1.7897 E0.02133 F1080
G1 X114.6084 Y136.7573 Z1.7898 E0.02133 F1080
G1 X114.2133 Y136.6953 Z1.7898 E0.02133 F1080
G1 X113.8195 Y136.6252 Z1.7899 E0.02133 F1080
G1 X113.4272 Y136.5470 Z1.7899 E0.02133 F1080
G1 X113.0365 Y136.4608 Z1.7900 E0.02133 F1080
G1 X112.6478 Y136.3666 Z1.7900 E0.02133 F1080
G1 X112.2611 Y136.2644 Z1.7901 E0.02133 F1080
G1 X111.8765 Y136.1543 Z1.7901 E0.02133 F1080
G1 X111.4943 Y136.0363 Z1.7902 E0.02133 F1080
G1 X111.1146 Y135.9105 Z1.7903 E0.02133 F1080
G1 X110.7375 Y135.7769 Z1.7903 E0.02133 F1080
G1 X110.3633 Y135.6357 Z1.7904 E0.02133 F1080
G1 X109.9920 Y135.4867 Z1.7904 E0.02133 F1080
G1 X109.6239 Y135.3302 Z1.7905 E0.02133 F1080
G1 X109.2591 Y135.1662 Z1.7905 E0.02133 F1080
G1 X108.8977 Y134.9947 Z1.7906 E0.02133 F1080
G1 X108.5399 Y134.8158 Z1.7906 E0.02133 F1080
G1 X108.1858 Y134.6297 Z1.7907 E0.02133 F1080
G1 X107.8357 Y134.4363 Z1.7908 E0.02133 F1080
G1 X107.4896 Y134.2357 Z1.7908 E0.02133 F1080
G1 X107.1477 Y134.0281 Z1.7909 E0.02133 F1080
G1 X106.8101 Y133.8136 Z1.7909 E0.02133 F1080
G1 X106.4769 Y133.5921 Z1.7910 E0.02133 F1080
G1 X106.1484 Y133.3639 Z1.7910 E0.02133 F1080
G1 X105.8246 Y133.1290 Z1.7911 E0.02133 F1080
G1 X105.5058 Y132.8875 Z1.7911 E0.02133 F1080
G1 X105.1919 Y132.6395 Z1.7912 E0.02133 F1080
G1 X104.8832 Y132.3851 Z1.7912 E0.02133 F1080
G1 X104.5797 Y132.1245 Z1.7913 E0.02133 F1080
G1 X104.2817 Y131.8577 Z1.7913 E0.02133 F1080
G1 X103.9892 Y131.5848 Z1.7914 E0.02133 F1080
G1 X103.7024 Y131.3060 Z1.7914 E0.02133 F1080
G1 X103.4213 Y131.0214 Z1.7915 E0.02133 F1080
G1 X103.1461 Y130.7311 Z1.7915 E0.02133 F1080
G1 X102.8770 Y130.4352 Z1.7916 E0.02133 F1080
G1 X102.6139 Y130.1338 Z1.7917 E0.02133 F1080
G1 X102.3571 Y129.8272 Z1.7917 E0.02133 F1080
G1 X102.1066 Y129.5153 Z1.7918 E0.02133 F1080
G1 X101.8625 Y129.1984 Z1.7918 E0.02133 F1080
G1 X101.6250 Y128.8765 Z1.7919 E0.02133 F1080
G1 X101.3942 Y128.5498 Z1.7919 E0.02133 F1080
G1 X101.1700 Y128.2185 Z1.7920 E0.02133 F1080
G1 X100.9528 Y127.8827 Z1.7920 E0.02133 F1080
G1 X100.7424 Y127.5424 Z1.7921 E0.02133 F1080
G1 X100.5390 Y127.1980 Z1.7921 E0.02133 F1080
G1 X100.3428 Y126.8494 Z1.7922 E0.02133 F1080
G1 X100.1537 Y126.4969 Z1.7922 E0.02133 F1080
G1 X99.9718 Y126.1406 Z1.7923 E0.02133 F1080
G1 X99.7973 Y125.7807 Z1.7923 E0.02133 F1080
G1 X99.6302 Y125.4173 Z1.7924 E0.02133 F1080
G1 X99.4706 Y125.0505 Z1.7924 E0.02133 F1080
G1 X99.3185 Y124.6805 Z1.7925 E0.02133 F1080
G1 X99.1740 Y124.3075 Z1.7925 E0.02133 F1080
G1 X99.0372 Y123.9316 Z1.7926 E0.02133 F1080
G1 X98.9081 Y123.5530 Z1.7926 E0.02133 F1080
G1 X98.7867 Y123.1719 Z1.7926 E0.02133 F1080
G1 X98.6732 Y122.7883 Z1.7927 E0.02133 F1080
G1 X98.5676 Y122.4025 Z1.7927 E0.02133 F1080
G1 X98.4699 Y122.0146 Z1.7928 E0.02133 F1080
G1 X98.3801 Y121.6248 Z1.7928 E0.02133 F1080
G1 X98.2983 Y121.2332 Z1.7929 E0.02133 F1080
G1 X98.2245 Y120.8401 Z1.7929 E0.02133 F1080
G1 X98.1588 Y120.4455 Z1.7930 E0.02133 F1080
G1 X98.1012 Y120.0497 Z1.7930 E0.02133 F1080
G1 X98.0517 Y119.6527 Z1.7931 E0.02133 F1080
G1 X98.0103 Y119.2549 Z1.7931 E0.02133 F1080
G1 X97.9770 Y118.8562 Z1.7932 E0.02133 F1080
G1 X97.9519 Y118.4570 Z1.7932 E0.02133 F1080
G1 X97.9350 Y118.0574 Z1.7933 E0.02133 F1080
G1 X97.9262 Y117.6575 Z1.7933 E0.02133 F1080
G1 X97.9256 Y117.2574 Z1.7934 E0.02133 F1080
G1 X97.9332 Y116.8575 Z1.7934 E0.02133 F1080
G1 X97.9489 Y116.4578 Z1.7934 E0.02133 F1080
G1 X97.9729 Y116.0585 Z1.7935 E0.02133 F1080
G1 X98.0049 Y115.6598 Z1.7935 E0.02133 F1080
G1 X98.0451 Y115.2618 Z1.7936 E0.02133 F1080
G1 X98.0934 Y114.8647 Z1.7936 E0.02133 F1080
G1 X98.1499 Y114.4687 Z1.7937 E0.02133 F1080
G1 X98.2144 Y114.0739 Z1.7937 E0.02133 F1080
G1 X98.2869 Y113.6806 Z1.7938 E0.02133 F1080
G1 X98.3675 Y113.2887 Z1.7938 E0.02133 F1080
G1 X98.4560 Y112.8986 Z1.7938 E0.02133 F1080
G1 X98.5525 Y112.5105 Z1.7939 E0.02133 F1080
G1 X98.6569 Y112.1243 Z1.7939 E0.02133 F1080
G1 X98.7692 Y111.7404 Z1.7940 E0.02133 F1080
G1 X98.8892 Y111.3588 Z1.7940 E0.02133 F1080
G1 X99.0171 Y110.9798 Z1.7941 E0.02133 F1080
G1 X99.1526 Y110.6034 Z1.7941 E0.02133 F1080
G1 X99.2958 Y110.2299 Z1.7942 E0.02133 F1080
G1 X99.4466 Y109.8594 Z1.7942 E0.02133 F1080
G1 X99.6049 Y109.4921 Z1.7942 E0.02133 F1080
G1 X99.7707 Y109.1280 Z1.7943 E0.02133 F1080
G1 X99.9439 Y108.7674 Z1.7943 E0.02133 F1080
G1 X100.1243 Y108.4105 Z1.7944 E0.02133 F1080
G1 X100.3121 Y108.0572 Z1.7944 E0.02133 F1080
G1 X100.5070 Y107.7079 Z1.7944 E0.02133 F1080
G1 X100.7090 Y107.3627 Z1.7945 E0.02133 F1080
G1 X100.9179 Y107.0216 Z1.7945 E0.02133 F1080
G1 X101.1338 Y106.6848 Z1.7946 E0.02133 F1080
G1 X101.3565 Y106.3526 Z1.7946 E0.02133 F1080
G1 X101.5860 Y106.0249 Z1.7947 E0.02133 F1080
G1 X101.8221 Y105.7020 Z1.7947 E0.02133 F1080
G1 X102.0647 Y105.3839 Z1.7947 E0.02133 F1080
G1 X102.3137 Y105.0709 Z1.7948 E0.02133 F1080
G1 X102.5691 Y104.7630 Z1.7948 E0.02133 F1080
G1 X102.8307 Y104.4604 Z1.7949 E0.02133 F1080
G1 X103.0984 Y104.1632 Z1.7949 E0.02133 F1080
G1 X103.3721 Y103.8715 Z1.7949 E0.02133 F1080
G1 X103.6517 Y103.5854 Z1.7950 E0.02133 F1080
G1 X103.9370 Y103.3051 Z1.7950 E0.02133 F1080
G1 X104.2280 Y103.0306 Z1.7951 E0.02133 F1080
G1 X104.5246 Y102.7622 Z1.7951 E0.02133 F1080
G1 X104.8265 Y102.4998 Z1.7951 E0.02133 F1080
G1 X105.1338 Y102.2437 Z1.7952 E0.02133 F1080
G1 X105.4462 Y101.9938 Z1.7952 E0.02133 F1080
G1 X105.7636 Y101.7504 Z1.7953 E0.02133 F1080
G1 X106.0859 Y101.5135 Z1.7953 E0.02133 F1080
G1 X106.4129 Y101.2832 Z1.7953 E0.02133 F1080
G1 X106.7446 Y101.0596 Z1.7954 E0.02133 F1080
G1 X107.0808 Y100.8428 Z1.7954 E0.02133 F1080
G1 X107.4213 Y100.6329 Z1.7954 E0.02133 F1080
G1 X107.7660 Y100.4299 Z1.7955 E0.02133 F1080
G1 X108.1148 Y100.2341 Z1.7955 E0.02133 F1080
G1 X108.4675 Y100.0453 Z1.7956 E0.02133 F1080
G1 X108.8239 Y99.8638 Z1.7956 E0.02133 F1080
G1 X109.1840 Y99.6896 Z1.7956 E0.02133 F1080
G1 X109.5476 Y99.5227 Z1.7957 E0.02133 F1080
G1 X109.9144 Y99.3633 Z1.7957 E0.02133 F1080
G1 X110.2845 Y99.2114 Z1.7957 E0.02133 F1080
G1 X110.6575 Y99.0670 Z1.7958 E0.02133 F1080
G1 X111.0334 Y98.9302 Z1.7958 E0.02133 F1080
G1 X111.4120 Y98.8011 Z1.7958 E0.02133 F1080
G1 X111.7932 Y98.6798 Z1.7959 E0.02133 F1080
G1 X112.1767 Y98.5662 Z1.7959 E0.02133 F1080
G1 X112.5625 Y98.4605 Z1.7960 E0.02133 F1080
G1 X112.9504 Y98.3626 Z1.7960 E0.02133 F1080
G1 X113.3401 Y98.2726 Z1.7960 E0.02133 F1080
G1 X113.7316 Y98.1906 Z1.7961 E0.02133 F1080
G1 X114.1247 Y98.1165 Z1.7961 E0.02133 F1080
G1 X114.5192 Y98.0505 Z1.7961 E0.02133 F1080
G1 X114.9150 Y97.9925 Z1.7962 E0.02133 F1080
G1 X115.3119 Y97.9425 Z1.7962 E0.02133 F1080
G1 X115.7097 Y97.9006 Z1.7962 E0.02133 F1080
G1 X116.1083 Y97.8668 Z1.7963 E0.02133 F1080
G1 X116.5075 Y97.8412 Z1.7963 E0.02133 F1080
G1 X116.9071 Y97.8236 Z1.7963 E0.02133 F1080
G1 X117.3070 Y97.8141 Z1.7964 E0.02133 F1080
G1 X117.7070 Y97.8128 Z1.7964 E0.02133 F1080
G1 X118.1070 Y97.8196 Z1.7964 E0.02133 F1080
G1 X118.5067 Y97.8346 Z1.7965 E0.02133 F1080
G1 X118.9060 Y97.8576 Z1.7965 E0.02133 F1080
G1 X119.3048 Y97.8888 Z1.7965 E0.02133 F1080
G1 X119.7029 Y97.9281 Z1.7966 E0.02133 F1080
G1 X120.1001 Y97.9754 Z1.7966 E0.02133 F1080
G1 X120.4963 Y98.0308 Z1.7966 E0.02133 F1080
G1 X120.8912 Y98.0942 Z1.7967 E0.02133 F1080
G1 X121.2848 Y98.1656 Z1.7967 E0.02133 F1080
G1 X121.6769 Y98.2450 Z1.7967 E0.02133 F1080
G1 X122.0672 Y98.3324 Z1.7968 E0.02133 F1080
G1 X122.4557 Y98.4276 Z1.7968 E0.02133 F1080
G1 X122.8422 Y98.5307 Z1.7968 E0.02133 F1080
G1 X123.2265 Y98.6417 Z1.7969 E0.02133 F1080
G1 X123.6085 Y98.7604 Z1.7969 E0.02133 F1080
G1 X123.9880 Y98.8868 Z1.7969 E0.02133 F1080
G1 X124.3649 Y99.0210 Z1.7970 E0.02133 F1080
G1 X124.7389 Y99.1627 Z1.7970 E0.02133 F1080
G1 X125.1100 Y99.3120 Z1.7970 E0.02133 F1080
G1 X125.4780 Y99.4688 Z1.7970 E0.02133 F1080
G1 X125.8428 Y99.6330 Z1.7971 E0.02133 F1080
G1 X126.2041 Y99.8046 Z1.7971 E0.02133 F1080
G1 X126.5619 Y99.9835 Z1.7971 E0.02133 F1080
G1 X126.9160 Y100.1696 Z1.7972 E0.02133 F1080
G1 X127.2662 Y100.3629 Z1.7972 E0.02133 F1080
G1 X127.6124 Y100.5632 Z1.7972 E0.02133 F1080
G1 X127.9545 Y100.7705 Z1.7973 E0.02133 F1080
G1 X128.2924 Y100.9847 Z1.7973 E0.02133 F1080
G1 X128.6258 Y101.2057 Z1.7973 E0.02133 F1080
G1 X128.9547 Y101.4334 Z1.7973 E0.02133 F1080
G1 X129.2789 Y101.6677 Z1.7974 E0.02133 F1080
G1 X129.5982 Y101.9085 Z1.7974 E0.02133 F1080
G1 X129.9127 Y102.1558 Z1.7974 E0.02133 F1080
G1 X130.2220 Y102.4094 Z1.7975 E0.02133 F1080
G1 X130.5262 Y102.6692 Z1.7975 E0.02133 F1080
G1 X130.8250 Y102.9352 Z1.7975 E0.02133 F1080
G1 X131.1184 Y103.2071 Z1.7975 E0.02133 F1080
G1 X131.4062 Y103.4849 Z1.7976 E0.02133 F1080
G1 X131.6883 Y103.7685 Z1.7976 E0.02133 F1080
G1 X131.9646 Y104.0577 Z1.7976 E0.02133 F1080
G1 X132.2350 Y104.3525 Z1.7976 E0.02133 F1080
G1 X132.4993 Y104.6527 Z1.7977 E0.02133 F1080
G1 X132.7576 Y104.9582 Z1.7977 E0.02133 F1080
G1 X133.0096 Y105.2688 Z1.7977 E0.02133 F1080
G1 X133.2552 Y105.5845 Z1.7978 E0.02133 F1080
G1 X133.4944 Y105.9051 Z1.7978 E0.02133 F1080
G1 X133.7271 Y106.2305 Z1.7978 E0.02133 F1080
G1 X133.9531 Y106.5605 Z1.7978 E0.02133 F1080
G1 X134.1724 Y106.8951 Z1.7979 E0.02133 F1080
G1 X134.3849 Y107.2340 Z1.7979 E0.02133 F1080
G1 X134.5905 Y107.5771 Z1.7979 E0.02133 F1080
G1 X134.7891 Y107.9243 Z1.7979 E0.02133 F1080
G1 X134.9806 Y108.2755 Z1.7980 E0.02133 F1080
G1 X135.1650 Y108.6305 Z1.7980 E0.02133 F1080
G1 X135.3422 Y108.9891 Z1.7980 E0.02133 F1080
G1 X135.5121 Y109.3513 Z1.7980 E0.02133 F1080
G1 X135.6746 Y109.7168 Z1.7981 E0.02133 F1080
G1 X135.8297 Y110.0855 Z1.7981 E0.02133 F1080
G1 X135.9772 Y110.4573 Z1.7981 E0.02133 F1080
G1 X136.1173 Y110.8320 Z1.7981 E0.02133 F1080
G1 X136.2497 Y111.2095 Z1.7982 E0.02133 F1080
G1 X136.3745 Y111.5895 Z1.7982 E0.02133 F1080
G1 X136.4915 Y111.9720 Z1.7982 E0.02133 F1080
G1 X136.6008 Y112.3568 Z1.7982 E0.02133 F1080
G1 X136.7023 Y112.7437 Z1.7983 E0.02133 F1080
G1 X136.7960 Y113.1326 Z1.7983 E0.02133 F1080
G1 X136.8818 Y113.5233 Z1.7983 E0.02133 F1080
G1 X136.9596 Y113.9157 Z1.7983 E0.02133 F1080
G1 X137.0295 Y114.3095 Z1.7983 E0.02133 F1080
G1 X137.0914 Y114.7047 Z1.7984 E0.02133 F1080
G1 X137.1454 Y115.1011 Z1.7984 E0.02133 F1080
G1 X137.1913 Y115.4985 Z1.7984 E0.02133 F1080
G1 X137.2292 Y115.8967 Z1.7984 E0.02133 F1080
G1 X137.2590 Y116.2956 Z1.7985 E0.02133 F1080
G1 X137.2807 Y116.6950 Z1.7985 E0.02133 F1080
G1 X137.2944 Y117.0948 Z1.7985 E0.02133 F1080
G1 X137.3000 Y117.4947 Z1.7985 E0.02133 F1080
G1 X137.2975 Y117.8947 Z1.7985 E0.02133 F1080
G1 X137.2869 Y118.2946 Z1.7986 E0.02133 F1080
G1 X137.2683 Y118.6942 Z1.7986 E0.02133 F1080
G1 X137.2416 Y119.0933 Z1.7986 E0.02133 F1080
G1 X137.2068 Y119.4918 Z1.7986 E0.02133 F1080
G1 X137.1640 Y119.8895 Z1.7986 E0.02133 F1080
G1 X137.1132 Y120.2863 Z1.7987 E0.02133 F1080
G1 X137.0544 Y120.6819 Z1.7987 E0.02133 F1080
G1 X136.9876 Y121.0763 Z1.7987 E0.02133 F1080
G1 X136.9128 Y121.4693 Z1.7987 E0.02133 F1080
G1 X136.8301 Y121.8607 Z1.7987 E0.02133 F1080
G1 X136.7396 Y122.2503 Z1.7988 E0.02133 F1080
G1 X136.6412 Y122.6380 Z1.7988 E0.02133 F1080
G1 X136.5350 Y123.0237 Z1.7988 E0.02133 F1080
G1 X136.4210 Y123.4071 Z1.7988 E0.02133 F1080
G1 X136.2993 Y123.7882 Z1.7988 E0.02133 F1080
G1 X136.1700 Y124.1667 Z1.7989 E0.02133 F1080
G1 X136.0330 Y124.5425 Z1.7989 E0.02133 F1080
G1 X135.8885 Y124.9155 Z1.7989 E0.02133 F1080
G1 X135.7365 Y125.2855 Z1.7989 E0.02133 F1080
G1 X135.5771 Y125.6524 Z1.7989 E0.02133 F1080
G1 X135.4103 Y126.0159 Z1.7990 E0.02133 F1080
G1 X135.2362 Y126.3761 Z1.7990 E0.02133 F1080
G1 X135.0549 Y126.7326 Z1.7990 E0.02133 F1080
G1 X134.8664 Y127.0855 Z1.7990 E0.02133 F1080
G1 X134.6708 Y127.4344 Z1.7990 E0.02133 F1080
G1 X134.4683 Y127.7793 Z1.7990 E0.02133 F1080
G1 X134.2588 Y128.1201 Z1.7991 E0.02133 F1080
G1 X134.0425 Y128.4566 Z1.7991 E0.02133 F1080
G1 X133.8194 Y128.7887 Z1.7991 E0.02133 F1080
G1 X133.5898 Y129.1162 Z1.7991 E0.02133 F1080
G1 X133.3535 Y129.4390 Z1.7991 E0.02133 F1080
G1 X133.1108 Y129.7569 Z1.7991 E0.02133 F1080
G1 X132.8618 Y130.0699 Z1.7992 E0.02133 F1080
G1 X132.6065 Y130.3779 Z1.7992 E0.02133 F1080
G1 X132.3450 Y130.6806 Z1.7992 E0.02133 F1080
G1 X132.0775 Y130.9780 Z1.7992 E0.02133 F1080
G1 X131.8040 Y131.2699 Z1.7992 E0.02133 F1080
G1 X131.5247 Y131.5563 Z1.7992 E0.02133 F1080
G1 X131.2398 Y131.8370 Z1.7993 E0.02133 F1080
G1 X130.9492 Y132.1119 Z1.7993 E0.02133 F1080
G1 X130.6531 Y132.3809 Z1.7993 E0.02133 F1080
G1 X130.3517 Y132.6439 Z1.7993 E0.02133 F1080
G1 X130.0450 Y132.9007 Z1.7993 E0.02133 F1080
G1 X129.7333 Y133.1513 Z1.7993 E0.02133 F1080
G1 X129.4165 Y133.3956 Z1.7993 E0.02133 F1080
G1 X129.0949 Y133.6335 Z1.7994 E0.02133 F1080
G1 X128.7686 Y133.8648 Z1.7994 E0.02133 F1080
G1 X128.4377 Y134.0896 Z1.7994 E0.02133 F1080
G1 X128.1023 Y134.3076 Z1.7994 E0.02133 F1080
G1 X127.7626 Y134.5188 Z1.7994 E0.02133 F1080
G1 X127.4187 Y134.7232 Z1.7994 E0.02133 F1080
G1 X127.0708 Y134.9205 Z1.7994 E0.02133 F1080
G1 X126.7190 Y135.1109 Z1.7994 E0.02133 F1080
G1 X126.3634 Y135.2941 Z1.7995 E0.02133 F1080
G1 X126.0042 Y135.4701 Z1.7995 E0.02133 F1080
G1 X125.6416 Y135.6389 Z1.7995 E0.02133 F1080
G1 X125.2756 Y135.8004 Z1.7995 E0.02133 F1080
G1 X124.9064 Y135.9544 Z1.7995 E0.02133 F1080
G1 X124.5342 Y136.1010 Z1.7995 E0.02133 F1080
G1 X124.1592 Y136.2401 Z1.7995 E0.02133 F1080
G1 X123.7814 Y136.3716 Z1.7995 E0.02133 F1080
G1 X123.4010 Y136.4954 Z1.7996 E0.02133 F1080
G1 X123.0183 Y136.6116 Z1.7996 E0.02133 F1080
G1 X122.6333 Y136.7201 Z1.7996 E0.02133 F1080
G1 X122.2461 Y136.8208 Z1.7996 E0.02133 F1080
G1 X121.8571 Y136.9138 Z1.7996 E0.02133 F1080
G1 X121.4662 Y136.9988 Z1.7996 E0.02133 F1080
G1 X121.0737 Y137.0760 Z1.7996 E0.02133 F1080
G1 X120.6798 Y137.1453 Z1.7996 E0.02133 F1080
G1 X120.2845 Y137.2067 Z1.7996 E0.02133 F1080
G1 X119.8881 Y137.2601 Z1.7997 E0.02133 F1080
G1 X119.4906 Y137.3055 Z1.7997 E0.02133 F1080
G1 X119.0924 Y137.3430 Z1.7997 E0.02133 F1080
G1 X118.6935 Y137.3724 Z1.7997 E0.02133 F1080
G1 X118.2940 Y137.3938 Z1.7997 E0.02133 F1080
G1 X117.8942 Y137.4072 Z1.7997 E0.02133 F1080
G1 X117.4943 Y137.4125 Z1.7997 E0.02133 F1080
G1 X117.0943 Y137.4098 Z1.7997 E0.02133 F1080
G1 X116.6944 Y137.3991 Z1.7997 E0.02133 F1080
G1 X116.2948 Y137.3803 Z1.7997 E0.02133 F1080
G1 X115.8957 Y137.3536 Z1.7998 E0.02133 F1080
G1 X115.4972 Y137.3188 Z1.7998 E0.02133 F1080
G1 X115.0995 Y137.2760 Z1.7998 E0.02133 F1080
G1 X114.7027 Y137.2252 Z1.7998 E0.02133 F1080
G1 X114.3070 Y137.1665 Z1.7998 E0.02133 F1080
G1 X113.9126 Y137.0999 Z1.7998 E0.02133 F1080
G1 X113.5196 Y137.0253 Z1.7998 E0.02133 F1080
G1 X113.1282 Y136.9429 Z1.7998 E0.02133 F1080
G1 X112.7385 Y136.8526 Z1.7998 E0.02133 F1080
G1 X112.3507 Y136.7546 Z1.7998 E0.02133 F1080
G1 X111.9649 Y136.6487 Z1.7998 E0.02133 F1080
G1 X111.5814 Y136.5352 Z1.7998 E0.02133 F1080
G1 X111.2002 Y136.4140 Z1.7998 E0.02133 F1080
G1 X110.8215 Y136.2851 Z1.7999 E0.02133 F1080
G1 X110.4455 Y136.1487 Z1.7999 E0.02133 F1080
G1 X110.0723 Y136.0047 Z1.7999 E0.02133 F1080
G1 X109.7020 Y135.8534 Z1.7999 E0.02133 F1080
G1 X109.3349 Y135.6946 Z1.7999 E0.02133 F1080
G1 X108.9710 Y135.5284 Z1.7999 E0.02133 F1080
G1 X108.6105 Y135.3551 Z1.7999 E0.02133 F1080
G1 X108.2536 Y135.1745 Z1.7999 E0.02133 F1080
G1 X107.9003 Y134.9868 Z1.7999 E0.02133 F1080
G1 X107.5509 Y134.7920 Z1.7999 E0.02133 F1080
G1 X107.2055 Y134.5903 Z1.7999 E0.02133 F1080
G1 X106.8642 Y134.3817 Z1.7999 E0.02133 F1080
G1 X106.5271 Y134.1663 Z1.7999 E0.02133 F1080
G1 X106.1944 Y133.9442 Z1.7999 E0.02133 F1080
G1 X105.8663 Y133.7155 Z1.7999 E0.02133 F1080
G1 X105.5428 Y133.4802 Z1.7999 E0.02133 F1080
G1 X105.2240 Y133.2385 Z1.7999 E0.02133 F1080
G1 X104.9102 Y132.9905 Z1.7999 E0.02133 F1080
G1 X104.6014 Y132.7362 Z1.7999 E0.02133 F1080
G1 X104.2978 Y132.4758 Z1.8000 E0.02133 F1080
G1 X103.9995 Y132.2093 Z1.8000 E0.02133 F1080
G1 X103.7065 Y131.9369 Z1.8000 E0.02133 F1080
G1 X103.4191 Y131.6588 Z1.8000 E0.02133 F1080
G1 X103.1373 Y131.3749 Z1.8000 E0.02133 F1080
G1 X102.8612 Y131.0854 Z1.8000 E0.02133 F1080
G1 X102.5910 Y130.7904 Z1.8000 E0.02133 F1080
G1 X102.3267 Y130.4901 Z1.8000 E0.02133 F1080
G1 X102.0685 Y130.1846 Z1.8000 E0.02133 F1080
G1 X101.8165 Y129.8740 Z1.8000 E0.02133 F1080
G1 X101.5708 Y129.5584 Z1.8000 E0.02133 F1080
G1 X101.3314 Y129.2379 Z1.8000 E0.02133 F1080
G1 X101.0985 Y128.9127 Z1.8000 E0.02133 F1080
G1 X100.8721 Y128.5829 Z1.8000 E0.02133 F1080
G1 X100.6524 Y128.2486 Z1.8000 E0.02133 F1080
G1 X100.4394 Y127.9100 Z1.8000 E0.02133 F1080
G1 X100.2333 Y127.5672 Z1.8000 E0.02133 F1080
G1 X100.0340 Y127.2204 Z1.8000 E0.02133 F1080
G1 X99.8418 Y126.8696 Z1.8000 E0.02133 F1080
G1 X99.6565 Y126.5150 Z1.8000 E0.02133 F1080
G1 X99.4785 Y126.1569 Z1.8000 E0.02133 F1080
G1 X99.3076 Y125.7952 Z1.8000 E0.02133 F1080
G1 X99.1440 Y125.4302 Z1.8000 E0.02133 F1080
G1 X98.9877 Y125.0619 Z1.8000 E0.02133 F1080
G1 X98.8388 Y124.6907 Z1.8000 E0.02133 F1080
G1 X98.6974 Y124.3165 Z1.8000 E0.02133 F1080
G1 X98.5635 Y123.9396 Z1.8000 E0.02133 F1080
G1 X98.4371 Y123.5600 Z1.8000 E0.02133 F1080
G1 X98.3184 Y123.1781 Z1.8000 E0.02133 F1080
G1 X98.2073 Y122.7938 Z1.8000 E0.02133 F1080
G1 X98.1039 Y122.4074 Z1.8000 E0.02133 F1080
G1 X98.0083 Y122.0190 Z1.8000 E0.02133 F1080
G1 X97.9205 Y121.6287 Z1.8000 E0.02133 F1080
G1 X97.8404 Y121.2368 Z1.8000 E0.02133 F1080
G1 X97.7683 Y120.8433 Z1.8000 E0.02133 F1080
G1 X97.7040 Y120.4485 Z1.8000 E0.02133 F1080
G1 X97.6476 Y120.0525 Z1.8000 E0.02133 F1080
G1 X97.5991 Y119.6554 Z1.8000 E0.02133 F1080
G1 X97.5586 Y119.2575 Z1.8000 E0.02133 F1080
G1 X97.5260 Y118.8588 Z1.8000 E0.02133 F1080
G1 X97.5014 Y118.4596 Z1.8000 E0.02133 F1080
G1 X97.4848 Y118.0599 Z1.8000 E0.02133 F1080
G1 X97.4762 Y117.6600 Z1.8000 E0.02133 F1080
G1 X97.4756 Y117.2600 Z1.8000 E0.02133 F1080
G1 X97.4829 Y116.8600 Z1.8000 E0.02133 F1080
G1 X97.4983 Y116.4603 Z1.8000 E0.02133 F1080
G1 X97.5216 Y116.0610 Z1.8000 E0.02133 F1080
G1 X97.5529 Y115.6622 Z1.8000 E0.02133 F1080
G1 X97.5922 Y115.2641 Z1.8000 E0.02133 F1080
G1 X97.6393 Y114.8669 Z1.8000 E0.02133 F1080
G1 X97.6945 Y114.4707 Z1.8000 E0.02133 F1080
G1 X97.7575 Y114.0757 Z1.7999 E0.02133 F1080
G1 X97.8284 Y113.6820 Z1.7999 E0.02133 F1080
G1 X97.9071 Y113.2898 Z1.7999 E0.02133 F1080
G1 X97.9936 Y112.8993 Z1.7999 E0.02133 F1080
G1 X98.0879 Y112.5106 Z1.7999 E0.02133 F1080
G1 X98.1900 Y112.1238 Z1.7999 E0.02133 F1080
G1 X98.2998 Y111.7391 Z1.7999 E0.02133 F1080
G1 X98.4172 Y111.3567 Z1.7999 E0.02133 F1080
G1 X98.5422 Y110.9768 Z1.7999 E0.02133 F1080
G1 X98.6747 Y110.5994 Z1.7999 E0.02133 F1080
G1 X98.8148 Y110.2247 Z1.7999 E0.02133 F1080
G1 X98.9623 Y109.8529 Z1.7999 E0.02133 F1080
G1 X99.1172 Y109.4841 Z1.7999 E0.02133 F1080
G1 X99.2795 Y109.1184 Z1.7999 E0.02133 F1080
G1 X99.4490 Y108.7561 Z1.7999 E0.02133 F1080
G1 X99.6257 Y108.3972 Z1.7999 E0.02133 F1080
G1 X99.8095 Y108.0419 Z1.7999 E0.02133 F1080
G1 X100.0003 Y107.6904 Z1.7999 E0.02133 F1080
G1 X100.1981 Y107.3427 Z1.7999 E0.02133 F1080
G1 X100.4029 Y106.9991 Z1.7998 E0.02133 F1080
G1 X100.6144 Y106.6596 Z1.7998 E0.02133 F1080
G1 X100.8326 Y106.3243 Z1.7998 E0.02133 F1080
G1 X101.0575 Y105.9935 Z1.7998 E0.02133 F1080
G1 X101.2890 Y105.6673 Z1.7998 E0.02133 F1080
G1 X101.5269 Y105.3457 Z1.7998 E0.02133 F1080
G1 X101.7711 Y105.0289 Z1.7998 E0.02133 F1080
G1 X102.0216 Y104.7171 Z1.7998 E0.02133 F1080
G1 X102.2783 Y104.4103 Z1.7998 E0.02133 F1080
G1 X102.5411 Y104.1087 Z1.7998 E0.02133 F1080
G1 X102.8098 Y103.8123 Z1.7998 E0.02133 F1080
G1 X103.0843 Y103.5214 Z1.7998 E0.02133 F1080
G1 X103.3646 Y103.2360 Z1.7998 E0.02133 F1080
G1 X103.6505 Y102.9563 Z1.7997 E0.02133 F1080
G1 X103.9420 Y102.6823 Z1.7997 E0.02133 F1080
G1 X104.2388 Y102.4142 Z1.7997 E0.02133 F1080
G1 X104.5409 Y102.1520 Z1.7997 E0.02133 F1080
G1 X104.8482 Y101.8959 Z1.7997 E0.02133 F1080
G1 X105.1605 Y101.6460 Z1.7997 E0.02133 F1080
G1 X105.4777 Y101.4023 Z1.7997 E0.02133 F1080
G1 X105.7998 Y101.1650 Z1.7997 E0.02133 F1080
G1 X106.1264 Y100.9342 Z1.7997 E0.02133 F1080
G1 X106.4576 Y100.7099 Z1.7997 E0.02133 F1080
G1 X106.7933 Y100.4922 Z1.7996 E0.02133 F1080
G1 X107.1331 Y100.2813 Z1.7996 E0.02133 F1080
G1 X107.4771 Y100.0771 Z1.7996 E0.02133 F1080
G1 X107.8251 Y99.8799 Z1.7996 E0.02133 F1080
G1 X108.1770 Y99.6896 Z1.7996 E0.02133 F1080
G1 X108.5325 Y99.5064 Z1.7996 E0.02133 F1080
G1 X108.8917 Y99.3302 Z1.7996 E0.02133 F1080
G1 X109.2543 Y99.1613 Z1.7996 E0.02133 F1080
G1 X109.6201 Y98.9996 Z1.7996 E0.02133 F1080
G1 X109.9892 Y98.8452 Z1.7996 E0.02133 F1080
G1 X110.3612 Y98.6981 Z1.7995 E0.02133 F1080
G1 X110.7360 Y98.5585 Z1.7995 E0.02133 F1080
G1 X111.1136 Y98.4264 Z1.7995 E0.02133 F1080
G1 X111.4937 Y98.3018 Z1.7995 E0.02133 F1080
G1 X111.8762 Y98.1848 Z1.7995 E0.02133 F1080
G1 X112.2610 Y98.0755 Z1.7995 E0.02133 F1080
G1 X112.6479 Y97.9738 Z1.7995 E0.02133 F1080
G1 X113.0367 Y97.8798 Z1.7995 E0.02133 F1080
G1 X113.4273 Y97.7936 Z1.7994 E0.02133 F1080
G1 X113.8195 Y97.7151 Z1.7994 E0.02133 F1080
G1 X114.2132 Y97.6444 Z1.7994 E0.02133 F1080
G1 X114.6083 Y97.5816 Z1.7994 E0.02133 F1080
G1 X115.0045 Y97.5267 Z1.7994 E0.02133 F1080
G1 X115.4017 Y97.4796 Z1.7994 E0.02133 F1080
G1 X115.7998 Y97.4405 Z1.7994 E0.02133 F1080
G1 X116.1986 Y97.4092 Z1.7993 E0.02133 F1080
G1 X116.5979 Y97.3859 Z1.7993 E0.02133 F1080
G1 X116.9977 Y97.3706 Z1.7993 E0.02133 F1080
G1 X117.3976 Y97.3631 Z1.7993 E0.02133 F1080
G1 X117.7976 Y97.3636 Z1.7993 E0.02133 F1080
G1 X118.1975 Y97.3721 Z1.7993 E0.02133 F1080
G1 X118.5972 Y97.3885 Z1.7993 E0.02133 F1080
G1 X118.9965 Y97.4128 Z1.7992 E0.02133 F1080
G1 X119.3952 Y97.4451 Z1.7992 E0.02133 F1080
G1 X119.7932 Y97.4853 Z1.7992 E0.02133 F1080
G1 X120.1903 Y97.5333 Z1.7992 E0.02133 F1080
G1 X120.5864 Y97.5893 Z1.7992 E0.02133 F1080
G1 X120.9812 Y97.6531 Z1.7992 E0.02133 F1080
G1 X121.3748 Y97.7247 Z1.7992 E0.02133 F1080
G1 X121.7668 Y97.8041 Z1.7991 E0.02133 F1080
G1 X122.1572 Y97.8913 Z1.7991 E0.02133 F1080
G1 X122.5458 Y97.9862 Z1.7991 E0.02133 F1080
G1 X122.9324 Y98.0888 Z1.7991 E0.02133 F1080
G1 X123.3170 Y98.1990 Z1.7991 E0.02133 F1080
G1 X123.6992 Y98.3169 Z1.7991 E0.02133 F1080
G1 X124.0790 Y98.4423 Z1.7990 E0.02133 F1080
G1 X124.4563 Y98.5753 Z1.7990 E0.02133 F1080
G1 X124.8309 Y98.7157 Z1.7990 E0.02133 F1080
G1 X125.2026 Y98.8635 Z1.7990 E0.02133 F1080
G1 X125.5713 Y99.0186 Z1.7990 E0.02133 F1080
G1 X125.9368 Y99.1810 Z1.7990 E0.02133 F1080
G1 X126.2991 Y99.3507 Z1.7989 E0.02133 F1080
G1 X126.6579 Y99.5275 Z1.7989 E0.02133 F1080
G1 X127.0132 Y99.7113 Z1.7989 E0.02133 F1080
G1 X127.3647 Y99.9022 Z1.7989 E0.02133 F1080
G1 X127.7124 Y100.1000 Z1.7989 E0.02133 F1080
G1 X128.0561 Y100.3047 Z1.7988 E0.02133 F1080
G1 X128.3956 Y100.5161 Z1.7988 E0.02133 F1080
G1 X128.7309 Y100.7343 Z1.7988 E0.02133 F1080
G1 X129.0618 Y100.9590 Z1.7988 E0.02133 F1080
G1 X129.3882 Y101.1902 Z1.7988 E0.02133 F1080
G1 X129.7100 Y101.4279 Z1.7987 E0.02133 F1080
G1 X130.0269 Y101.6719 Z1.7987 E0.02133 F1080
G1 X130.3390 Y101.9222 Z1.7987 E0.02133 F1080
G1 X130.6461 Y102.1785 Z1.7987 E0.02133 F1080
G1 X130.9480 Y102.4409 Z1.7987 E0.02133 F1080
G1 X131.2446 Y102.7093 Z1.7986 E0.02133 F1080
G1 X131.5359 Y102.9834 Z1.7986 E0.02133 F1080
G1 X131.8217 Y103.2633 Z1.7986 E0.02133 F1080
G1 X132.1019 Y103.5488 Z1.7986 E0.02133 F1080
G1 X132.3764 Y103.8397 Z1.7986 E0.02133 F1080
G1 X132.6451 Y104.1361 Z1.7985 E0.02133 F1080
G1 X132.9078 Y104.4377 Z1.7985 E0.02133 F1080
G1 X133.1646 Y104.7444 Z1.7985 E0.02133 F1080
G1 X133.4152 Y105.0562 Z1.7985 E0.02133 F1080
G1 X133.6595 Y105.3729 Z1.7985 E0.02133 F1080
G1 X133.8976 Y105.6944 Z1.7984 E0.02133 F1080
G1 X134.1293 Y106.0205 Z1.7984 E0.02133 F1080
G1 X134.3544 Y106.3511 Z1.7984 E0.02133 F1080
G1 X134.5730 Y106.6861 Z1.7984 E0.02133 F1080
G1 X134.7849 Y107.0254 Z1.7984 E0.02133 F1080
G1 X134.9900 Y107.3688 Z1.7983 E0.02133 F1080
G1 X135.1883 Y107.7162 Z1.7983 E0.02133 F1080
G1 X135.3797 Y108.0675 Z1.7983 E0.02133 F1080
G1 X135.5641 Y108.4224 Z1.7983 E0.02133 F1080
G1 X135.7414 Y108.7810 Z1.7982 E0.02133 F1080
G1 X135.9116 Y109.1430 Z1.7982 E0.02133 F1080
G1 X136.0746 Y109.5083 Z1.7982 E0.02133 F1080
G1 X136.2304 Y109.8767 Z1.7982 E0.02133 F1080
G1 X136.3788 Y110.2482 Z1.7981 E0.02133 F1080
G1 X136.5199 Y110.6225 Z1.7981 E0.02133 F1080
G1 X136.6535 Y110.9995 Z1.7981 E0.02133 F1080
G1 X136.7797 Y111.3791 Z1.7981 E0.02133 F1080
G1 X136.8983 Y111.7611 Z1.7981 E0.02133 F1080
G1 X137.0093 Y112.1454 Z1.7980 E0.02133 F1080
G1 X137.1128 Y112.5318 Z1.7980 E0.02133 F1080
G1 X137.2085 Y112.9202 Z1.7980 E0.02133 F1080
G1 X137.2966 Y113.3104 Z1.7980 E0.02133 F1080
G1 X137.3769 Y113.7022 Z1.7979 E0.02133 F1080
G1 X137.4495 Y114.0956 Z1.7979 E0.02133 F1080
G1 X137.5143 Y114.4903 Z1.7979 E0.02133 F1080
G1 X137.5713 Y114.8863 Z1.7979 E0.02133 F1080
G1 X137.6204 Y115.2832 Z1.7978 E0.02133 F1080
G1 X137.6617 Y115.6811 Z1.7978 E0.02133 F1080
G1 X137.6951 Y116.0797 Z1.7978 E0.02133 F1080
G1 X137.7206 Y116.4789 Z1.7978 E0.02133 F1080
G1 X137.7383 Y116.8785 Z1.7977 E0.02133 F1080
G1 X137.7480 Y117.2784 Z1.7977 E0.02133 F1080
G1 X137.7498 Y117.6784 Z1.7977 E0.02133 F1080
G1 X137.7438 Y118.0784 Z1.7977 E0.02133 F1080
G1 X137.7298 Y118.4782 Z1.7976 E0.02133 F1080
G1 X137.7080 Y118.8776 Z1.7976 E0.02133 F1080
G1 X137.6782 Y119.2765 Z1.7976 E0.02133 F1080
G1 X137.6406 Y119.6747 Z1.7975 E0.02133 F1080
G1 X137.5952 Y120.0721 Z1.7975 E0.02133 F1080
G1 X137.5419 Y120.4686 Z1.7975 E0.02133 F1080
G1 X137.4808 Y120.8639 Z1.7975 E0.02133 F1080
G1 X137.4118 Y121.2579 Z1.7974 E0.02133 F1080
G1 X137.3352 Y121.6505 Z1.7974 E0.02133 F1080
G1 X137.2508 Y122.0415 Z1.7974 E0.02133 F1080
G1 X137.1587 Y122.4308 Z1.7974 E0.02133 F1080
G1 X137.0589 Y122.8182 Z1.7973 E0.02133 F1080
G1 X136.9515 Y123.2035 Z1.7973 E0.02133 F1080
G1 X136.8365 Y123.5866 Z1.7973 E0.02133 F1080
G1 X136.7140 Y123.9674 Z1.7972 E0.02133 F1080
G1 X136.5840 Y124.3457 Z1.7972 E0.02133 F1080
G1 X136.4465 Y124.7213 Z1.7972 E0.02133 F1080
G1 X136.3017 Y125.0942 Z1.7972 E0.02133 F1080
G1 X136.1496 Y125.4642 Z1.7971 E0.02133 F1080
G1 X135.9901 Y125.8310 Z1.7971 E0.02133 F1080
G1 X135.8235 Y126.1947 Z1.7971 E0.02133 F1080
G1 X135.6497 Y126.5550 Z1.7970 E0.02133 F1080
G1 X135.4689 Y126.9118 Z1.7970 E0.02133 F1080
G1 X135.2811 Y127.2649 Z1.7970 E0.02133 F1080
G1 X135.0863 Y127.6143 Z1.7969 E0.02133 F1080
G1 X134.8847 Y127.9598 Z1.7969 E0.02133 F1080
G1 X134.6763 Y128.3013 Z1.7969 E0.02133 F1080
G1 X134.4612 Y128.6385 Z1.7969 E0.02133 F1080
G1 X134.2395 Y128.9715 Z1.7968 E0.02133 F1080
G1 X134.0113 Y129.3000 Z1.7968 E0.02133 F1080
G1 X133.7767 Y129.6240 Z1.7968 E0.02133 F1080
G1 X133.5357 Y129.9433 Z1.7967 E0.02133 F1080
G1 X133.2885 Y130.2577 Z1.7967 E0.02133 F1080
G1 X133.0351 Y130.5673 Z1.7967 E0.02133 F1080
G1 X132.7757 Y130.8717 Z1.7966 E0.02133 F1080
G1 X132.5103 Y131.1711 Z1.7966 E0.02133 F1080
G1 X132.2391 Y131.4651 Z1.7966 E0.02133 F1080
G1 X131.9622 Y131.7537 Z1.7965 E0.02133 F1080
G1 X131.6796 Y132.0368 Z1.7965 E0.02133 F1080
G1 X131.3915 Y132.3143 Z1.7965 E0.02133 F1080
G1 X131.0980 Y132.5861 Z1.7964 E0.02133 F1080
G1 X130.7992 Y132.8520 Z1.7964 E0.02133 F1080
G1 X130.4952 Y133.1120 Z1.7964 E0.02133 F1080
G1 X130.1861 Y133.3660 Z1.7963 E0.02133 F1080
G1 X129.8721 Y133.6138 Z1.7963 E0.02133 F1080
G1 X129.5533 Y133.8554 Z1.7963 E0.02133 F1080
G1 X129.2298 Y134.0907 Z1.7963 E0.02133 F1080
G1 X128.9017 Y134.3195 Z1.7962 E0.02133 F1080
G1 X128.5692 Y134.5419 Z1.7962 E0.02133 F1080
G1 X128.2324 Y134.7576 Z1.7962 E0.02133 F1080
G1 X127.8914 Y134.9667 Z1.7961 E0.02133 F1080
G1 X127.5463 Y135.1691 Z1.7961 E0.02133 F1080
G1 X127.1974 Y135.3646 Z1.7960 E0.02133 F1080
G1 X126.8446 Y135.5532 Z1.7960 E0.02133 F1080
G1 X126.4882 Y135.7348 Z1.7960 E0.02133 F1080
G1 X126.1283 Y135.9094 Z1.7959 E0.02133 F1080
G1 X125.7650 Y136.0769 Z1.7959 E0.02133 F1080
G1 X125.3985 Y136.2372 Z1.7959 E0.02133 F1080
G1 X125.0290 Y136.3902 Z1.7958 E0.02133 F1080
G1 X124.6565 Y136.5360 Z1.7958 E0.02133 F1080
G1 X124.2812 Y136.6744 Z1.7958 E0.02133 F1080
G1 X123.9032 Y136.8054 Z1.7957 E0.02133 F1080
G1 X123.5227 Y136.9289 Z1.7957 E0.02133 F1080
G1 X123.1399 Y137.0449 Z1.7957 E0.02133 F1080
G1 X122.7549 Y137.1534 Z1.7956 E0.02133 F1080
G1 X122.3678 Y137.2543 Z1.7956 E0.02133 F1080
G1 X121.9788 Y137.3475 Z1.7956 E0.02133 F1080
G1 X121.5881 Y137.4331 Z1.7955 E0.02133 F1080
G1 X121.1957 Y137.5110 Z1.7955 E0.02133 F1080
G1 X120.8019 Y137.5812 Z1.7954 E0.02133 F1080
G1 X120.4068 Y137.6436 Z1.7954 E0.02133 F1080
G1 X120.0106 Y137.6982 Z1.7954 E0.02133 F1080
G1 X119.6133 Y137.7450 Z1.7953 E0.02133 F1080
G1 X119.2152 Y137.7841 Z1.7953 E0.02133 F1080
G1 X118.8164 Y137.8153 Z1.7953 E0.02133 F1080
G1 X118.4171 Y137.8386 Z1.7952 E0.02133 F1080
G1 X118.0174 Y137.8541 Z1.7952 E0.02133 F1080
G1 X117.6174 Y137.8617 Z1.7952 E0.02133 F1080
G1 X117.2174 Y137.8615 Z1.7951 E0.02133 F1080
G1 X116.8175 Y137.8535 Z1.7951 E0.02133 F1080
G1 X116.4178 Y137.8375 Z1.7950 E0.02133 F1080
G1 X116.0185 Y137.8138 Z1.7950 E0.02133 F1080
G1 X115.6197 Y137.7822 Z1.7950 E0.02133 F1080
G1 X115.2217 Y137.7427 Z1.7949 E0.02133 F1080
G1 X114.8245 Y137.6955 Z1.7949 E0.02133 F1080
G1 X114.4283 Y137.6404 Z1.7948 E0.02133 F1080
G1 X114.0332 Y137.5776 Z1.7948 E0.02133 F1080
G1 X113.6395 Y137.5071 Z1.7948 E0.02133 F1080
G1 X113.2472 Y137.4288 Z1.7947 E0.02133 F1080
G1 X112.8565 Y137.3429 Z1.7947 E0.02133 F1080
G1 X112.4676 Y137.2493 Z1.7947 E0.02133 F1080
G1 X112.0806 Y137.1481 Z1.7946 E0.02133 F1080
G1 X111.6957 Y137.0393 Z1.7946 E0.02133 F1080
G1 X111.3130 Y136.9230 Z1.7945 E0.02133 F1080
G1 X110.9326 Y136.7992 Z1.7945 E0.02133 F1080
G1 X110.5547 Y136.6679 Z1.7945 E0.02133 F1080
G1 X110.1795 Y136.5293 Z1.7944 E0.02133 F1080
G1 X109.8071 Y136.3833 Z1.7944 E0.02133 F1080
G1 X109.4376 Y136.2301 Z1.7943 E0.02133 F1080
G1 X109.0712 Y136.0696 Z1.7943 E0.02133 F1080
G1 X108.7080 Y135.9020 Z1.7942 E0.02133 F1080
G1 X108.3482 Y135.7273 Z1.7942 E0.02133 F1080
G1 X107.9918 Y135.5455 Z1.7942 E0.02133 F1080
G1 X107.6391 Y135.3569 Z1.7941 E0.02133 F1080
G1 X107.2902 Y135.1613 Z1.7941 E0.02133 F1080
G1 X106.9451 Y134.9589 Z1.7940 E0.02133 F1080
G1 X106.6041 Y134.7498 Z1.7940 E0.02133 F1080
G1 X106.2673 Y134.5341 Z1.7940 E0.02133 F1080
G1 X105.9347 Y134.3118 Z1.7939 E0.02133 F1080
G1 X105.6066 Y134.0830 Z1.7939 E0.02133 F1080
G1 X105.2830 Y133.8478 Z1.7938 E0.02133 F1080
G1 X104.9641 Y133.6063 Z1.7938 E0.02133 F1080
G1 X104.6500 Y133.3587 Z1.7937 E0.02133 F1080
G1 X104.3408 Y133.1049 Z1.7937 E0.02133 F1080
G1 X104.0366 Y132.8451 Z1.7937 E0.02133 F1080
G1 X103.7376 Y132.5794 Z1.7936 E0.02133 F1080
G1 X103.4439 Y132.3079 Z1.7936 E0.02133 F1080
G1 X103.1555 Y132.0307 Z1.7935 E0.02133 F1080
G1 X102.8726 Y131.7479 Z1.7935 E0.02133 F1080
G1 X102.5953 Y131.4596 Z1.7934 E0.02133 F1080
G1 X102.3237 Y131.1659 Z1.7934 E0.02133 F1080
G1 X102.0579 Y130.8670 Z1.7934 E0.02133 F1080
G1 X101.7980 Y130.5629 Z1.7933 E0.02133 F1080
G1 X101.5441 Y130.2538 Z1.7933 E0.02133 F1080
G1 X101.2963 Y129.9398 Z1.7932 E0.02133 F1080
G1 X101.0547 Y129.6210 Z1.7932 E0.02133 F1080
G1 X100.8194 Y129.2975 Z1.7931 E0.02133 F1080
G1 X100.5905 Y128.9695 Z1.7931 E0.02133 F1080
G1 X100.3681 Y128.6370 Z1.7930 E0.02133 F1080
G1 X100.1521 Y128.3003 Z1.7930 E0.02133 F1080
G1 X99.9429 Y127.9594 Z1.7930 E0.02133 F1080
G1 X99.7403 Y127.6144 Z1.7929 E0.02133 F1080
G1 X99.5445 Y127.2656 Z1.7929 E0.02133 F1080
G1 X99.3556 Y126.9130 Z1.7928 E0.02133 F1080
G1 X99.1737 Y126.5568 Z1.7928 E0.02133 F1080
G1 X98.9987 Y126.1971 Z1.7927 E0.02133 F1080
G1 X98.8308 Y125.8340 Z1.7927 E0.02133 F1080
G1 X98.6700 Y125.4677 Z1.7926 E0.02133 F1080
G1 X98.5165 Y125.0984 Z1.7926 E0.02133 F1080
G1 X98.3702 Y124.7261 Z1.7925 E0.02133 F1080
G1 X98.2312 Y124.3510 Z1.7925 E0.02133 F1080
G1 X98.0995 Y123.9733 Z1.7925 E0.02133 F1080
G1 X97.9753 Y123.5930 Z1.7924 E0.02133 F1080
G1 X97.8585 Y123.2105 Z1.7924 E0.02133 F1080
G1 X97.7493 Y122.8257 Z1.7923 E0.02133 F1080
G1 X97.6476 Y122.4388 Z1.7923 E0.02133 F1080
G1 X97.5534 Y122.0500 Z1.7922 E0.02133 F1080
G1 X97.4669 Y121.6595 Z1.7922 E0.02133 F1080
G1 X97.3881 Y121.2673 Z1.7921 E0.02133 F1080
G1 X97.3169 Y120.8737 Z1.7921 E0.02133 F1080
G1 X97.2534 Y120.4787 Z1.7920 E0.02133 F1080
G1 X97.1977 Y120.0826 Z1.7920 E0.02133 F1080
G1 X97.1497 Y119.6855 Z1.7919 E0.02133 F1080
G1 X97.1095 Y119.2875 Z1.7919 E0.02133 F1080
G1 X97.0770 Y118.8888 Z1.7918 E0.02133 F1080
G1 X97.0524 Y118.4896 Z1.7918 E0.02133 F1080
G1 X97.0356 Y118.0899 Z1.7917 E0.02133 F1080
G1 X97.0265 Y117.6900 Z1.7917 E0.02133 F1080
G1 X97.0253 Y117.2900 Z1.7916 E0.02133 F1080
G1 X97.0320 Y116.8901 Z1.7916 E0.02133 F1080
G1 X97.0464 Y116.4903 Z1.7915 E0.02133 F1080
G1 X97.0686 Y116.0909 Z1.7915 E0.02133 F1080
G1 X97.0986 Y115.6920 Z1.7914 E0.02133 F1080
G1 X97.1364 Y115.2938 Z1.7914 E0.02133 F1080
G1 X97.1820 Y114.8964 Z1.7913 E0.02133 F1080
G1 X97.2353 Y114.5000 Z1.7913 E0.02133 F1080
G1 X97.2964 Y114.1047 Z1.7912 E0.02133 F1080
G1 X97.3652 Y113.7106 Z1.7912 E0.02133 F1080
G1 X97.4416 Y113.3180 Z1.7911 E0.02133 F1080
G1 X97.5257 Y112.9269 Z1.7911 E0.02133 F1080
G1 X97.6174 Y112.5375 Z1.7910 E0.02133 F1080
G1 X97.7167 Y112.1501 Z1.7910 E0.02133 F1080
G1 X97.8235 Y111.7646 Z1.7909 E0.02133 F1080
G1 X97.9379 Y111.3813 Z1.7909 E0.02133 F1080
G1 X98.0597 Y111.0002 Z1.7908 E0.02133 F1080
G1 X98.1889 Y110.6217 Z1.7908 E0.02133 F1080
G1 X98.3255 Y110.2457 Z1.7907 E0.02133 F1080
G1 X98.4694 Y109.8725 Z1.7907 E0.02133 F1080
G1 X98.6205 Y109.5021 Z1.7906 E0.02133 F1080
G1 X98.7788 Y109.1348 Z1.7906 E0.02133 F1080
G1 X98.9443 Y108.7706 Z1.7905 E0.02133 F1080
G1 X99.1169 Y108.4097 Z1.7905 E0.02133 F1080
G1 X99.2964 Y108.0523 Z1.7904 E0.02133 F1080
G1 X99.4829 Y107.6984 Z1.7904 E0.02133 F1080
G1 X99.6762 Y107.3482 Z1.7903 E0.02133 F1080
G1 X99.8764 Y107.0019 Z1.7903 E0.02133 F1080
G1 X100.0832 Y106.6595 Z1.7902 E0.02133 F1080
G1 X100.2967 Y106.3212 Z1.7902 E0.02133 F1080
G1 X100.5168 Y105.9872 Z1.7901 E0.02133 F1080
G1 X100.7433 Y105.6575 Z1.7901 E0.02133 F1080
G1 X100.9762 Y105.3323 Z1.7900 E0.02133 F1080
G1 X101.2154 Y105.0117 Z1.7899 E0.02133 F1080
G1 X101.4608 Y104.6958 Z1.7899 E0.02133 F1080
G1 X101.7123 Y104.3847 Z1.7898 E0.02133 F1080
G1 X101.9698 Y104.0786 Z1.7898 E0.02133 F1080
G1 X102.2333 Y103.7776 Z1.7897 E0.02133 F1080
G1 X102.5025 Y103.4818 Z1.7897 E0.02133 F1080
G1 X102.7775 Y103.1913 Z1.7896 E0.02133 F1080
G1 X103.0581 Y102.9062 Z1.7896 E0.02133 F1080
G1 X103.3442 Y102.6266 Z1.7895 E0.02133 F1080
G1 X103.6356 Y102.3527 Z1.7895 E0.02133 F1080
G1 X103.9324 Y102.0844 Z1.7894 E0.02133 F1080
G1 X104.2343 Y101.8220 Z1.7893 E0.02133 F1080
G1 X104.5413 Y101.5656 Z1.7893 E0.02133 F1080
G1 X104.8532 Y101.3151 Z1.7892 E0.02133 F1080
G1 X105.1699 Y101.0708 Z1.7892 E0.02133 F1080
G1 X105.4914 Y100.8327 Z1.7891 E0.02133 F1080
G1 X105.8174 Y100.6009 Z1.7891 E0.02133 F1080
G1 X106.1478 Y100.3755 Z1.7890 E0.02133 F1080
G1 X106.4826 Y100.1566 Z1.7890 E0.02133 F1080
G1 X106.8216 Y99.9442 Z1.7889 E0.02133 F1080
G1 X107.1646 Y99.7385 Z1.7888 E0.02133 F1080
G1 X107.5116 Y99.5394 Z1.7888 E0.02133 F1080
G1 X107.8624 Y99.3472 Z1.7887 E0.02133 F1080
G1 X108.2169 Y99.1619 Z1.7887 E0.02133 F1080
G1 X108.5749 Y98.9834 Z1.7886 E0.02133 F1080
G1 X108.9363 Y98.8120 Z1.7886 E0.02133 F1080
G1 X109.3010 Y98.6476 Z1.7885 E0.02133 F1080
G1 X109.6688 Y98.4904 Z1.7884 E0.02133 F1080
G1 X110.0396 Y98.3403 Z1.7884 E0.02133 F1080
G1 X110.4132 Y98.1975 Z1.7883 E0.02133 F1080
G1 X110.7896 Y98.0620 Z1.7883 E0.02133 F1080
G1 X111.1685 Y97.9338 Z1.7882 E0.02133 F1080
G1 X111.5498 Y97.8131 Z1.7882 E0.02133 F1080
G1 X111.9335 Y97.6997 Z1.7881 E0.02133 F1080
G1 X112.3192 Y97.5939 Z1.7880 E0.02133 F1080
G1 X112.7069 Y97.4955 Z1.7880 E0.02133 F1080
G1 X113.0965 Y97.4048 Z1.7879 E0.02133 F1080
G1 X113.4878 Y97.3216 Z1.7879 E0.02133 F1080
G1 X113.8806 Y97.2460 Z1.7878 E0.02133 F1080
G1 X114.2748 Y97.1781 Z1.7877 E0.02133 F1080
G1 X114.6702 Y97.1179 Z1.7877 E0.02133 F1080
G1 X115.0668 Y97.0653 Z1.7876 E0.02133 F1080
G1 X115.4643 Y97.0205 Z1.7876 E0.02133 F1080
G1 X115.8626 Y96.9834 Z1.7875 E0.02133 F1080
G1 X116.2615 Y96.9541 Z1.7874 E0.02133 F1080
G1 X116.6609 Y96.9325 Z1.7874 E0.02133 F1080
G1 X117.0607 Y96.9187 Z1.7873 E0.02133 F1080
G1 X117.4607 Y96.9127 Z1.7873 E0.02133 F1080
G1 X117.8607 Y96.9144 Z1.7872 E0.02133 F1080
G1 X118.2606 Y96.9239 Z1.7871 E0.02133 F1080
G1 X118.6602 Y96.9412 Z1.7871 E0.02133 F1080
G1 X119.0594 Y96.9662 Z1.7870 E0.02133 F1080
G1 X119.4581 Y96.9990 Z1.7870 E0.02133 F1080
G1 X119.8560 Y97.0395 Z1.7869 E0.02133 F1080
G1 X120.2531 Y97.0877 Z1.7868 E0.02133 F1080
G1 X120.6492 Y97.1437 Z1.7868 E0.02133 F1080
G1 X121.0441 Y97.2073 Z1.7867 E0.02133 F1080
G1 X121.4377 Y97.2786 Z1.7867 E0.02133 F1080
G1 X121.8299 Y97.3575 Z1.7866 E0.02133 F1080
G1 X122.2204 Y97.4440 Z1.7865 E0.02133 F1080
G1 X122.6092 Y97.5380 Z1.7865 E0.02133 F1080
G1 X122.9961 Y97.6396 Z1.7864 E0.02133 F1080
G1 X123.3810 Y97.7487 Z1.7863 E0.02133 F1080
G1 X123.7636 Y97.8653 Z1.7863 E0.02133 F1080
G1 X124.1439 Y97.9892 Z1.7862 E0.02133 F1080
G1 X124.5218 Y98.1205 Z1.7862 E0.02133 F1080
G1 X124.8970 Y98.2591 Z1.7861 E0.02133 F1080
G1 X125.2695 Y98.4050 Z1.7860 E0.02133 F1080
G1 X125.6391 Y98.5580 Z1.7860 E0.02133 F1080
G1 X126.0056 Y98.7182 Z1.7859 E0.02133 F1080
G1 X126.3689 Y98.8855 Z1.7858 E0.02133 F1080
G1 X126.7290 Y99.0598 Z1.7858 E0.02133 F1080
G1 X127.0856 Y99.2411 Z1.7857 E0.02133 F1080
G1 X127.4386 Y99.4292 Z1.7857 E0.02133 F1080
G1 X127.7879 Y99.6241 Z1.7856 E0.02133 F1080
G1 X128.1333 Y99.8258 Z1.7855 E0.02133 F1080
G1 X128.4748 Y100.0342 Z1.7855 E0.02133 F1080
G1 X128.8121 Y100.2491 Z1.7854 E0.02133 F1080
G1 X129.1453 Y100.4705 Z1.7853 E0.02133 F1080
G1 X129.4740 Y100.6984 Z1.7853 E0.02133 F1080
G1 X129.7983 Y100.9325 Z1.7852 E0.02133 F1080
G1 X130.1180 Y101.1729 Z1.7851 E0.02133 F1080
G1 X130.4330 Y101.4195 Z1.7851 E0.02133 F1080
G1 X130.7432 Y101.6721 Z1.7850 E0.02133 F1080
G1 X131.0483 Y101.9307 Z1.7849 E0.02133 F1080
G1 X131.3485 Y102.1952 Z1.7849 E0.02133 F1080
G1 X131.6434 Y102.4654 Z1.7848 E0.02133 F1080
G1 X131.9330 Y102.7413 Z1.7848 E0.02133 F1080
G1 X132.2173 Y103.0228 Z1.7847 E0.02133 F1080
G1 X132.4960 Y103.3097 Z1.7846 E0.02133 F1080
G1 X132.7691 Y103.6019 Z1.7846 E0.02133 F1080
G1 X133.0365 Y103.8994 Z1.7845 E0.02133 F1080
G1 X133.2981 Y104.2020 Z1.7844 E0.02133 F1080
G1 X133.5538 Y104.5096 Z1.7844 E0.02133 F1080
G1 X133.8035 Y104.8222 Z1.7843 E0.02133 F1080
G1 X134.0471 Y105.1394 Z1.7842 E0.02133 F1080
G1 X134.2845 Y105.4614 Z1.7842 E0.02133 F1080
G1 X134.5156 Y105.7879 Z1.7841 E0.02133 F1080
G1 X134.7404 Y106.1188 Z1.7840 E0.02133 F1080
G1 X134.9586 Y106.4540 Z1.7840 E0.02133 F1080
G1 X135.1704 Y106.7933 Z1.7839 E0.02133 F1080
G1 X135.3756 Y107.1367 Z1.7838 E0.02133 F1080
G1 X135.5740 Y107.4840 Z1.7838 E0.02133 F1080
G1 X135.7658 Y107.8351 Z1.7837 E0.02133 F1080
G1 X135.9506 Y108.1898 Z1.7836 E0.02133 F1080
G1 X136.1286 Y108.5481 Z1.7835 E0.02133 F1080
G1 X136.2996 Y108.9097 Z1.7835 E0.02133 F1080
G1 X136.4636 Y109.2745 Z1.7834 E0.02133 F1080
G1 X136.6205 Y109.6425 Z1.7833 E0.02133 F1080
G1 X136.7703 Y110.0134 Z1.7833 E0.02133 F1080
G1 X136.9128 Y110.3871 Z1.7832 E0.02133 F1080
G1 X137.0481 Y110.7636 Z1.7831 E0.02133 F1080
G1 X137.1761 Y111.1426 Z1.7831 E0.02133 F1080
G1 X137.2967 Y111.5240 Z1.7830 E0.02133 F1080
G1 X137.4099 Y111.9076 Z1.7829 E0.02133 F1080
G1 X137.5157 Y112.2934 Z1.7829 E0.02133 F1080
G1 X137.6140 Y112.6811 Z1.7828 E0.02133 F1080
G1 X137.7047 Y113.0707 Z1.7827 E0.02133 F1080
G1 X137.7880 Y113.4620 Z1.7827 E0.02133 F1080
G1 X137.8636 Y113.8548 Z1.7826 E0.02133 F1080
G1 X137.9317 Y114.2489 Z1.7825 E0.02133 F1080
G1 X137.9921 Y114.6444 Z1.7824 E0.02133 F1080
G1 X138.0448 Y115.0409 Z1.7824 E0.02133 F1080
G1 X138.0899 Y115.4383 Z1.7823 E0.02133 F1080
G1 X138.1273 Y115.8366 Z1.7822 E0.02133 F1080
G1 X138.1570 Y116.2355 Z1.7822 E0.02133 F1080
G1 X138.1789 Y116.6349 Z1.7821 E0.02133 F1080
G1 X138.1932 Y117.0347 Z1.7820 E0.02133 F1080
G1 X138.1997 Y117.4346 Z1.7819 E0.02133 F1080
G1 X138.1985 Y117.8346 Z1.7819 E0.02133 F1080
G1 X138.1895 Y118.2345 Z1.7818 E0.02133 F1080
G1 X138.1728 Y118.6342 Z1.7817 E0.02133 F1080
G1 X138.1484 Y119.0335 Z1.7817 E0.02133 F1080
G1 X138.1163 Y119.4322 Z1.7816 E0.02133 F1080
G1 X138.0766 Y119.8302 Z1.7815 E0.02133 F1080
G1 X138.0291 Y120.2274 Z1.7814 E0.02133 F1080
G1 X137.9739 Y120.6236 Z1.7814 E0.02133 F1080
G1 X137.9112 Y121.0186 Z1.7813 E0.02133 F1080
G1 X137.8408 Y121.4124 Z1.7812 E0.02133 F1080
G1 X137.7628 Y121.8047 Z1.7812 E0.02133 F1080
G1 X137.6772 Y122.1955 Z1.7811 E0.02133 F1080
G1 X137.5842 Y122.5845 Z1.7810 E0.02133 F1080
G1 X137.4836 Y122.9717 Z1.7809 E0.02133 F1080
G1 X137.3756 Y123.3568 Z1.7809 E0.02133 F1080
G1 X137.2601 Y123.7398 Z1.7808 E0.02133 F1080
G1 X137.1373 Y124.1205 Z1.7807 E0.02133 F1080
G1 X137.0072 Y124.4987 Z1.7806 E0.02133 F1080
G1 X136.8698 Y124.8744 Z1.7806 E0.02133 F1080
G1 X136.7251 Y125.2474 Z1.7805 E0.02133 F1080
G1 X136.5733 Y125.6174 Z1.7804 E0.02133 F1080
G1 X136.4144 Y125.9845 Z1.7804 E0.02133 F1080
G1 X136.2484 Y126.3485 Z1.7803 E0.02133 F1080
G1 X136.0754 Y126.7092 Z1.7802 E0.02133 F1080
G1 X135.8956 Y127.0664 Z1.7801 E0.02133 F1080
G1 X135.7088 Y127.4202 Z1.7801 E0.02133 F1080
G1 X135.5153 Y127.7702 Z1.7800 E0.02133 F1080
G1 X135.3150 Y128.1165 Z1.7799 E0.02133 F1080
G1 X135.1081 Y128.4589 Z1.7798 E0.02133 F1080
G1 X134.8946 Y128.7972 Z1.7798 E0.02133 F1080
G1 X134.6747 Y129.1313 Z1.7797 E0.02133 F1080
G1 X134.4484 Y129.4611 Z1.7796 E0.02133 F1080
G1 X134.2157 Y129.7865 Z1.7795 E0.02133 F1080
G1 X133.9768 Y130.1073 Z1.7795 E0.02133 F1080
G1 X133.7318 Y130.4235 Z1.7794 E0.02133 F1080
G1 X133.4807 Y130.7349 Z1.7793 E0.02133 F1080
G1 X133.2236 Y131.0414 Z1.7792 E0.02133 F1080
G1 X132.9607 Y131.3428 Z1.7792 E0.02133 F1080
G1 X132.6921 Y131.6392 Z1.7791 E0.02133 F1080
G1 X132.4177 Y131.9303 Z1.7790 E0.02133 F1080
G1 X132.1378 Y132.2161 Z1.7789 E0.02133 F1080
G1 X131.8525 Y132.4964 Z1.7788 E0.02133 F1080
G1 X131.5618 Y132.7712 Z1.7788 E0.02133 F1080
G1 X131.2659 Y133.0403 Z1.7787 E0.02133 F1080
G1 X130.9648 Y133.3037 Z1.7786 E0.02133 F1080
G1 X130.6587 Y133.5613 Z1.7785 E0.02133 F1080
G1 X130.3478 Y133.8128 Z1.7785 E0.02133 F1080
G1 X130.0320 Y134.0584 Z1.7784 E0.02133 F1080
G1 X129.7115 Y134.2978 Z1.7783 E0.02133 F1080
G1 X129.3865 Y134.5310 Z1.7782 E0.02133 F1080
G1 X129.0571 Y134.7579 Z1.7781 E0.02133 F1080
G1 X128.7234 Y134.9784 Z1.7781 E0.02133 F1080
G1 X128.3855 Y135.1925 Z1.7780 E0.02133 F1080
G1 X128.0435 Y135.4000 Z1.7779 E0.02133 F1080
G1 X127.6976 Y135.6009 Z1.7778 E0.02133 F1080
G1 X127.3478 Y135.7951 Z1.7778 E0.02133 F1080
G1 X126.9945 Y135.9825 Z1.7777 E0.02133 F1080
G1 X126.6375 Y136.1631 Z1.7776 E0.02133 F1080
G1 X126.2772 Y136.3367 Z1.7775 E0.02133 F1080
G1 X125.9136 Y136.5034 Z1.7774 E0.02133 F1080
G1 X125.5468 Y136.6631 Z1.7774 E0.02133 F1080
G1 X125.1771 Y136.8157 Z1.7773 E0.02133 F1080
G1 X124.8044 Y136.9611 Z1.7772 E0.02133 F1080
G1 X124.4291 Y137.0994 Z1.7771 E0.02133 F1080
G1 X124.0511 Y137.2304 Z1.7770 E0.02133 F1080
G1 X123.6707 Y137.3541 Z1.7770 E0.02133 F1080
G1 X123.2880 Y137.4704 Z1.7769 E0.02133 F1080
G1 X122.9031 Y137.5794 Z1.7768 E0.02133 F1080
G1 X122.5162 Y137.6810 Z1.7767 E0.02133 F1080
G1 X122.1274 Y137.7751 Z1.7766 E0.02133 F1080
G1 X121.7369 Y137.8617 Z1.7766 E0.02133 F1080
G1 X121.3448 Y137.9407 Z1.7765 E0.02133 F1080
G1 X120.9512 Y138.0123 Z1.7764 E0.02133 F1080
G1 X120.5564 Y138.0762 Z1.7763 E0.02133 F1080
G1 X120.1603 Y138.1325 Z1.7762 E0.02133 F1080
G1 X119.7633 Y138.1812 Z1.7762 E0.02133 F1080
G1 X119.3654 Y138.2223 Z1.7761 E0.02133 F1080
G1 X118.9668 Y138.2557 Z1.7760 E0.02133 F1080
G1 X118.5676 Y138.2814 Z1.7759 E0.02133 F1080
G1 X118.1680 Y138.2995 Z1.7758 E0.02133 F1080
G1 X117.7681 Y138.3098 Z1.7758 E0.02133 F1080
G1 X117.3681 Y138.3125 Z1.7757 E0.02133 F1080
G1 X116.9682 Y138.3075 Z1.7756 E0.02133 F1080
G1 X116.5683 Y138.2948 Z1.7755 E0.02133 F1080
G1 X116.1689 Y138.2745 Z1.7754 E0.02133 F1080
G1 X115.7698 Y138.2464 Z1.7753 E0.02133 F1080
G1 X115.3714 Y138.2107 Z1.7753 E0.02133 F1080
G1 X114.9738 Y138.1674 Z1.7752 E0.02133 F1080
G1 X114.5770 Y138.1164 Z1.7751 E0.02133 F1080
G1 X114.1813 Y138.0578 Z1.7750 E0.02133 F1080
G1 X113.7868 Y137.9916 Z1.7749 E0.02133 F1080
G1 X113.3937 Y137.9179 Z1.7748 E0.02133 F1080
G1 X113.0020 Y137.8366 Z1.7748 E0.02133 F1080
G1 X112.6120 Y137.7478 Z1.7747 E0.02133 F1080
G1 X112.2237 Y137.6515 Z1.7746 E0.02133 F1080
G1 X111.8374 Y137.5478 Z1.7745 E0.02133 F1080
G1 X111.4531 Y137.4367 Z1.7744 E0.02133 F1080
G1 X111.0711 Y137.3183 Z1.7743 E0.02133 F1080
G1 X110.6913 Y137.1925 Z1.7743 E0.02133 F1080
G1 X110.3141 Y137.0595 Z1.7742 E0.02133 F1080
G1 X109.9395 Y136.9192 Z1.7741 E0.02133 F1080
G1 X109.5676 Y136.7718 Z1.7740 E0.02133 F1080
G1 X109.1987 Y136.6173 Z1.7739 E0.02133 F1080
G1 X108.8327 Y136.4557 Z1.7738 E0.02133 F1080
G1 X108.4700 Y136.2871 Z1.7738 E0.02133 F1080
G1 X108.1105 Y136.1116 Z1.7737 E0.02133 F1080
G1 X107.7545 Y135.9292 Z1.7736 E0.02133 F1080
G1 X107.4021 Y135.7401 Z1.7735 E0.02133 F1080
G1 X107.0533 Y135.5442 Z1.7734 E0.02133 F1080
G1 X106.7084 Y135.3416 Z1.7733 E0.02133 F1080
G1 X106.3674 Y135.1325 Z1.7732 E0.02133 F1080
G1 X106.0305 Y134.9169 Z1.7732 E0.02133 F1080
G1 X105.6978 Y134.6948 Z1.7731 E0.02133 F1080
G1 X105.3694 Y134.4664 Z1.7730 E0.02133 F1080
G1 X105.0454 Y134.2318 Z1.7729 E0.02133 F1080
G1 X104.7260 Y133.9910 Z1.7728 E0.02133 F1080
G1 X104.4113 Y133.7441 Z1.7727 E0.02133 F1080
G1 X104.1014 Y133.4912 Z1.7726 E0.02133 F1080
G1 X103.7963 Y133.2324 Z1.7726 E0.02133 F1080
G1 X103.4963 Y132.9678 Z1.7725 E0.02133 F1080
G1 X103.2014 Y132.6975 Z1.7724 E0.02133 F1080
G1 X102.9118 Y132.4216 Z1.7723 E0.02133 F1080
G1 X102.6275 Y132.1403 Z1.7722 E0.02133 F1080
G1 X102.3486 Y131.8535 Z1.7721 E0.02133 F1080
G1 X102.0753 Y131.5614 Z1.7720 E0.02133 F1080
G1 X101.8077 Y131.2641 Z1.7719 E0.02133 F1080
G1 X101.5458 Y130.9618 Z1.7719 E0.02133 F1080
G1 X101.2897 Y130.6545 Z1.7718 E0.02133 F1080
G1 X101.0396 Y130.3423 Z1.7717 E0.02133 F1080
G1 X100.7954 Y130.0255 Z1.7716 E0.02133 F1080
G1 X100.5574 Y129.7039 Z1.7715 E0.02133 F1080
G1 X100.3256 Y129.3779 Z1.7714 E0.02133 F1080
G1 X100.1001 Y129.0476 Z1.7713 E0.02133 F1080
G1 X99.8810 Y128.7129 Z1.7712 E0.02133 F1080
G1 X99.6683 Y128.3741 Z1.7711 E0.02133 F1080
G1 X99.4622 Y128.0313 Z1.7711 E0.02133 F1080
G1 X99.2626 Y127.6847 Z1.7710 E0.02133 F1080
G1 X99.0697 Y127.3342 Z1.7709 E0.02133 F1080
G1 X98.8836 Y126.9802 Z1.7708 E0.02133 F1080
G1 X98.7043 Y126.6226 Z1.7707 E0.02133 F1080
G1 X98.5318 Y126.2617 Z1.7706 E0.02133 F1080
G1 X98.3663 Y125.8975 Z1.7705 E0.02133 F1080
G1 X98.2078 Y125.5303 Z1.7704 E0.02133 F1080
G1 X98.0563 Y125.1600 Z1.7703 E0.02133 F1080
G1 X97.9120 Y124.7870 Z1.7703 E0.02133 F1080
G1 X97.7749 Y124.4112 Z1.7702 E0.02133 F1080
G1 X97.6449 Y124.0329 Z1.7701 E0.02133 F1080
G1 X97.5222 Y123.6522 Z1.7700 E0.02133 F1080
G1 X97.4068 Y123.2692 Z1.7699 E0.02133 F1080
G1 X97.2988 Y122.8840 Z1.7698 E0.02133 F1080
G1 X97.1982 Y122.4969 Z1.7697 E0.02133 F1080
G1 X97.1050 Y122.1079 Z1.7696 E0.02133 F1080
G1 X97.0192 Y121.7172 Z1.7695 E0.02133 F1080
G1 X96.9409 Y121.3249 Z1.7694 E0.02133 F1080
G1 X96.8702 Y120.9312 Z1.7693 E0.02133 F1080
G1 X96.8070 Y120.5362 Z1.7693 E0.02133 F1080
G1 X96.7514 Y120.1401 Z1.7692 E0.02133 F1080
G1 X96.7033 Y119.7430 Z1.7691 E0.02133 F1080
G1 X96.6628 Y119.3450 Z1.7690 E0.02133 F1080
G1 X96.6300 Y118.9463 Z1.7689 E0.02133 F1080
G1 X96.6048 Y118.5471 Z1.7688 E0.02133 F1080
G1 X96.5872 Y118.1475 Z1.7687 E0.02133 F1080
G1 X96.5773 Y117.7476 Z1.7686 E0.02133 F1080
G1 X96.5750 Y117.3476 Z1.7685 E0.02133 F1080
G1 X96.5804 Y116.9476 Z1.7684 E0.02133 F1080
G1 X96.5934 Y116.5478 Z1.7683 E0.02133 F1080
G1 X96.6141 Y116.1484 Z1.7682 E0.02133 F1080
G1 X96.6423 Y115.7494 Z1.7681 E0.02133 F1080
G1 X96.6782 Y115.3510 Z1.7681 E0.02133 F1080
G1 X96.7217 Y114.9533 Z1.7680 E0.02133 F1080
G1 X96.7728 Y114.5566 Z1.7679 E0.02133 F1080
G1 X96.8315 Y114.1609 Z1.7678 E0.02133 F1080
G1 X96.8977 Y113.7664 Z1.7677 E0.02133 F1080
G1 X96.9715 Y113.3733 Z1.7676 E0.02133 F1080
G1 X97.0527 Y112.9816 Z1.7675 E0.02133 F1080
G1 X97.1414 Y112.5915 Z1.7674 E0.02133 F1080
G1 X97.2376 Y112.2033 Z1.7673 E0.02133 F1080
G1 X97.3411 Y111.8169 Z1.7672 E0.02133 F1080
G1 X97.4520 Y111.4325 Z1.7671 E0.02133 F1080
G1 X97.5702 Y111.0504 Z1.7670 E0.02133 F1080
G1 X97.6957 Y110.6706 Z1.7669 E0.02133 F1080
G1 X97.8284 Y110.2932 Z1.7668 E0.02133 F1080
G1 X97.9683 Y109.9185 Z1.7667 E0.02133 F1080
G1 X98.1153 Y109.5465 Z1.7666 E0.02133 F1080
G1 X98.2694 Y109.1774 Z1.7665 E0.02133 F1080
G1 X98.4306 Y108.8112 Z1.7665 E0.02133 F1080
G1 X98.5986 Y108.4482 Z1.7664 E0.02133 F1080
G1 X98.7736 Y108.0885 Z1.7663 E0.02133 F1080
G1 X98.9554 Y107.7322 Z1.7662 E0.02133 F1080
G1 X99.1440 Y107.3795 Z1.7661 E0.02133 F1080
G1 X99.3393 Y107.0304 Z1.7660 E0.02133 F1080
G1 X99.5412 Y106.6850 Z1.7659 E0.02133 F1080
G1 X99.7497 Y106.3436 Z1.7658 E0.02133 F1080
G1 X99.9646 Y106.0063 Z1.7657 E0.02133 F1080
G1 X100.1859 Y105.6731 Z1.7656 E0.02133 F1080
G1 X100.4135 Y105.3442 Z1.7655 E0.02133 F1080
G1 X100.6474 Y105.0197 Z1.7654 E0.02133 F1080
G1 X100.8874 Y104.6997 Z1.7653 E0.02133 F1080
G1 X101.1335 Y104.3843 Z1.7652 E0.02133 F1080
G1 X101.3856 Y104.0737 Z1.7651 E0.02133 F1080
G1 X101.6435 Y103.7679 Z1.7650 E0.02133 F1080
G1 X101.9072 Y103.4672 Z1.7649 E0.02133 F1080
G1 X102.1766 Y103.1715 Z1.7648 E0.02133 F1080
G1 X102.4516 Y102.8810 Z1.7647 E0.02133 F1080
G1 X102.7321 Y102.5958 Z1.7646 E0.02133 F1080
G1 X103.0180 Y102.3160 Z1.7645 E0.02133 F1080
G1 X103.3091 Y102.0417 Z1.7644 E0.02133 F1080
G1 X103.6054 Y101.7730 Z1.7643 E0.02133 F1080
G1 X103.9068 Y101.5100 Z1.7642 E0.02133 F1080
G1 X104.2132 Y101.2528 Z1.7641 E0.02133 F1080
G1 X104.5243 Y101.0014 Z1.7640 E0.02133 F1080
G1 X104.8403 Y100.7561 Z1.7639 E0.02133 F1080
G1 X105.1608 Y100.5168 Z1.7638 E0.02133 F1080
G1 X105.4859 Y100.2836 Z1.7637 E0.02133 F1080
G1 X105.8153 Y100.0567 Z1.7636 E0.02133 F1080
G1 X106.1490 Y99.8362 Z1.7635 E0.02133 F1080
G1 X106.4868 Y99.6220 Z1.7634 E0.02133 F1080
G1 X106.8287 Y99.4143 Z1.7633 E0.02133 F1080
G1 X107.1744 Y99.2131 Z1.7632 E0.02133 F1080
G1 X107.5239 Y99.0186 Z1.7631 E0.02133 F1080
G1 X107.8771 Y98.8307 Z1.7630 E0.02133 F1080
G1 X108.2337 Y98.6496 Z1.7629 E0.02133 F1080
G1 X108.5938 Y98.4753 Z1.7628 E0.02133 F1080
G1 X108.9571 Y98.3080 Z1.7627 E0.02133 F1080
G1 X109.3235 Y98.1475 Z1.7626 E0.02133 F1080
G1 X109.6929 Y97.9941 Z1.7625 E0.02133 F1080
G1 X110.0652 Y97.8477 Z1.7624 E0.02133 F1080
G1 X110.4402 Y97.7085 Z1.7623 E0.02133 F1080
G1 X110.8178 Y97.5764 Z1.7622 E0.02133 F1080
G1 X111.1978 Y97.4515 Z1.7621 E0.02133 F1080
G1 X111.5801 Y97.3339 Z1.7620 E0.02133 F1080
G1 X111.9646 Y97.2236 Z1.7619 E0.02133 F1080
G1 X112.3511 Y97.1206 Z1.7618 E0.02133 F1080
G1 X112.7396 Y97.0250 Z1.7617 E0.02133 F1080
G1 X113.1297 Y96.9368 Z1.7616 E0.02133 F1080
G1 X113.5215 Y96.8560 Z1.7615 E0.02133 F1080
G1 X113.9147 Y96.7827 Z1.7614 E0.02133 F1080
G1 X114.3093 Y96.7169 Z1.7613 E0.02133 F1080
G1 X114.7050 Y96.6586 Z1.7612 E0.02133 F1080
G1 X115.1018 Y96.6079 Z1.7611 E0.02133 F1080
G1 X115.4995 Y96.5647 Z1.7610 E0.02133 F1080
G1 X115.8979 Y96.5291 Z1.7609 E0.02133 F1080
G1 X116.2969 Y96.5010 Z1.7608 E0.02133 F1080
G1 X116.6964 Y96.4806 Z1.7607 E0.02133 F1080
G1 X117.0962 Y96.4678 Z1.7606 E0.02133 F1080
G1 X117.4962 Y96.4625 Z1.7605 E0.02133 F1080
G1 X117.8962 Y96.4649 Z1.7604 E0.02133 F1080
G1 X118.2961 Y96.4749 Z1.7603 E0.02133 F1080
G1 X118.6957 Y96.4924 Z1.7602 E0.02133 F1080
G1 X119.0949 Y96.5176 Z1.7601 E0.02133 F1080
G1 X119.4936 Y96.5503 Z1.7600 E0.02133 F1080
G1 X119.8915 Y96.5907 Z1.7599 E0.02133 F1080
G1 X120.2887 Y96.6385 Z1.7598 E0.02133 F1080
G1 X120.6848 Y96.6940 Z1.7597 E0.02133 F1080
G1 X121.0799 Y96.7569 Z1.7596 E0.02133 F1080
G1 X121.4736 Y96.8273 Z1.7595 E0.02133 F1080
G1 X121.8660 Y96.9052 Z1.7594 E0.02133 F1080
G1 X122.2568 Y96.9906 Z1.7593 E0.02133 F1080
G1 X122.6459 Y97.0833 Z1.7592 E0.02133 F1080
G1 X123.0332 Y97.1834 Z1.7591 E0.02133 F1080
G1 X123.4185 Y97.2909 Z1.7590 E0.02133 F1080
G1 X123.8017 Y97.4057 Z1.7589 E0.02133 F1080
G1 X124.1826 Y97.5277 Z1.7587 E0.02133 F1080
G1 X124.5612 Y97.6569 Z1.7586 E0.02133 F1080
G1 X124.9372 Y97.7933 Z1.7585 E0.02133 F1080
G1 X125.3106 Y97.9368 Z1.7584 E0.02133 F1080
G1 X125.6811 Y98.0874 Z1.7583 E0.02133 F1080
G1 X126.0488 Y98.2450 Z1.7582 E0.02133 F1080
G1 X126.4134 Y98.4096 Z1.7581 E0.02133 F1080
G1 X126.7748 Y98.5810 Z1.7580 E0.02133 F1080
G1 X127.1329 Y98.7593 Z1.7579 E0.02133 F1080
G1 X127.4876 Y98.9443 Z1.7578 E0.02133 F1080
G1 X127.8386 Y99.1360 Z1.7577 E0.02133 F1080
G1 X128.1860 Y99.3344 Z1.7576 E0.02133 F1080
G1 X128.5295 Y99.5393 Z1.7575 E0.02133 F1080
G1 X128.8691 Y99.7507 Z1.7574 E0.02133 F1080
G1 X129.2046 Y99.9685 Z1.7573 E0.02133 F1080
G1 X129.5359 Y100.1926 Z1.7572 E0.02133 F1080
G1 X129.8629 Y100.4230 Z1.7571 E0.02133 F1080
G1 X130.1855 Y100.6595 Z1.7569 E0.02133 F1080
G1 X130.5036 Y100.9021 Z1.7568 E0.02133 F1080
G1 X130.8169 Y101.1508 Z1.7567 E0.02133 F1080
G1 X131.1255 Y101.4053 Z1.7566 E0.02133 F1080
G1 X131.4293 Y101.6656 Z1.7565 E0.02133 F1080
G1 X131.7280 Y101.9316 Z1.7564 E0.02133 F1080
G1 X132.0216 Y102.2032 Z1.7563 E0.02133 F1080
G1 X132.3100 Y102.4804 Z1.7562 E0.02133 F1080
G1 X132.5931 Y102.7630 Z1.7561 E0.02133 F1080
G1 X132.8708 Y103.0509 Z1.7560 E0.02133 F1080
G1 X133.1430 Y103.3440 Z1.7559 E0.02133 F1080
G1 X133.4096 Y103.6422 Z1.7558 E0.02133 F1080
G1 X133.6705 Y103.9455 Z1.7557 E0.02133 F1080
G1 X133.9256 Y104.2536 Z1.7555 E0.02133 F1080
G1 X134.1748 Y104.5665 Z1.7554 E0.02133 F1080
G1 X134.4181 Y104.8840 Z1.7553 E0.02133 F1080
G1 X134.6552 Y105.2061 Z1.7552 E0.02133 F1080
G1 X134.8862 Y105.5327 Z1.7551 E0.02133 F1080
G1 X135.1110 Y105.8636 Z1.7550 E0.02133 F1080
G1 X135.3295 Y106.1986 Z1.7549 E0.02133 F1080
G1 X135.5416 Y106.5378 Z1.7548 E0.02133 F1080
G1 X135.7472 Y106.8809 Z1.7547 E0.02133 F1080
G1 X135.9463 Y107.2278 Z1.7546 E0.02133 F1080
G1 X136.1388 Y107.5785 Z1.7545 E0.02133 F1080
G1 X136.3246 Y107.9327 Z1.7543 E0.02133 F1080
G1 X136.5037 Y108.2904 Z1.7542 E0.02133 F1080
G1 X136.6759 Y108.6514 Z1.7541 E0.02133 F1080
G1 X136.8413 Y109.0157 Z1.7540 E0.02133 F1080
G1 X136.9998 Y109.3829 Z1.7539 E0.02133 F1080
G1 X137.1513 Y109.7532 Z1.7538 E0.02133 F1080
G1 X137.2957 Y110.1262 Z1.7537 E0.02133 F1080
G1 X137.4330 Y110.5019 Z1.7536 E0.02133 F1080
G1 X137.5633 Y110.8801 Z1.7535 E0.02133 F1080
G1 X137.6863 Y111.2607 Z1.7534 E0.02133 F1080
G1 X137.8021 Y111.6436 Z1.7532 E0.02133 F1080
G1 X137.9106 Y112.0286 Z1.7531 E0.02133 F1080
G1 X138.0118 Y112.4156 Z1.7530 E0.02133 F1080
G1 X138.1057 Y112.8044 Z1.7529 E0.02133 F1080
G1 X138.1922 Y113.1950 Z1.7528 E0.02133 F1080
G1 X138.2713 Y113.5871 Z1.7527 E0.02133 F1080
G1 X138.3430 Y113.9806 Z1.7526 E0.02133 F1080
G1 X138.4072 Y114.3754 Z1.7525 E0.02133 F1080
G1 X138.4639 Y114.7714 Z1.7524 E0.02133 F1080
G1 X138.5131 Y115.1684 Z1.7522 E0.02133 F1080
G1 X138.5548 Y115.5662 Z1.7521 E0.02133 F1080
G1 X138.5890 Y115.9648 Z1.7520 E0.02133 F1080
G1 X138.6156 Y116.3639 Z1.7519 E0.02133 F1080
G1 X138.6347 Y116.7634 Z1.7518 E0.02133 F1080
G1 X138.6462 Y117.1633 Z1.7517 E0.02133 F1080
G1 X138.6501 Y117.5633 Z1.7516 E0.02133 F1080
G1 X138.6465 Y117.9633 Z1.7515 E0.02133 F1080
G1 X138.6353 Y118.3631 Z1.7513 E0.02133 F1080
G1 X138.6166 Y118.7627 Z1.7512 E0.02133 F1080
G1 X138.5903 Y119.1618 Z1.7511 E0.02133 F1080
G1 X138.5564 Y119.5604 Z1.7510 E0.02133 F1080
G1 X138.5150 Y119.9583 Z1.7509 E0.02133 F1080
G1 X138.4662 Y120.3553 Z1.7508 E0.02133 F1080
G1 X138.4098 Y120.7513 Z1.7507 E0.02133 F1080
G1 X138.3459 Y121.1462 Z1.7505 E0.02133 F1080
G1 X138.2746 Y121.5398 Z1.7504 E0.02133 F1080
G1 X138.1959 Y121.9320 Z1.7503 E0.02133 F1080
G1 X138.1098 Y122.3226 Z1.7502 E0.02133 F1080
G1 X138.0163 Y122.7115 Z1.7501 E0.02133 F1080
G1 X137.9154 Y123.0986 Z1.7500 E0.02133 F1080
G1 X137.8073 Y123.4837 Z1.7499 E0.02133 F1080
G1 X137.6919 Y123.8667 Z1.7497 E0.02133 F1080
G1 X137.5693 Y124.2475 Z1.7496 E0.02133 F1080
G1 X137.4395 Y124.6259 Z1.7495 E0.02133 F1080
G1 X137.3026 Y125.0017 Z1.7494 E0.02133 F1080
G1 X137.1587 Y125.3749 Z1.7493 E0.02133 F1080
G1 X137.0077 Y125.7453 Z1.7492 E0.02133 F1080
G1 X136.8497 Y126.1128 Z1.7491 E0.02133 F1080
G1 X136.6848 Y126.4773 Z1.7489 E0.02133 F1080
G1 X136.5131 Y126.8385 Z1.7488 E0.02133 F1080
G1 X136.3346 Y127.1965 Z1.7487 E0.02133 F1080
G1 X136.1493 Y127.5510 Z1.7486 E0.02133 F1080
G1 X135.9574 Y127.9020 Z1.7485 E0.02133 F1080
G1 X135.7589 Y128.2493 Z1.7484 E0.02133 F1080
G1 X135.5539 Y128.5928 Z1.7482 E0.02133 F1080
G1 X135.3424 Y128.9323 Z1.7481 E0.02133 F1080
G1 X135.1246 Y129.2678 Z1.7480 E0.02133 F1080
G1 X134.9005 Y129.5991 Z1.7479 E0.02133 F1080
G1 X134.6701 Y129.9261 Z1.7478 E0.02133 F1080
G1 X134.4337 Y130.2488 Z1.7477 E0.02133 F1080
G1 X134.1911 Y130.5669 Z1.7475 E0.02133 F1080
G1 X133.9426 Y130.8803 Z1.7474 E0.02133 F1080
G1 X133.6883 Y131.1891 Z1.7473 E0.02133 F1080
G1 X133.4282 Y131.4929 Z1.7472 E0.02133 F1080
G1 X133.1623 Y131.7919 Z1.7471 E0.02133 F1080
G1 X132.8909 Y132.0857 Z1.7470 E0.02133 F1080
G1 X132.6140 Y132.3744 Z1.7468 E0.02133 F1080
G1 X132.3317 Y132.6578 Z1.7467 E0.02133 F1080
G1 X132.0441 Y132.9358 Z1.7466 E0.02133 F1080
G1 X131.7513 Y133.2083 Z1.7465 E0.02133 F1080
G1 X131.4535 Y133.4753 Z1.7464 E0.02133 F1080
G1 X131.1506 Y133.7366 Z1.7462 E0.02133 F1080
G1 X130.8429 Y133.9922 Z1.7461 E0.02133 F1080
G1 X130.5304 Y134.2419 Z1.7460 E0.02133 F1080
G1 X130.2132 Y134.4857 Z1.7459 E0.02133 F1080
G1 X129.8916 Y134.7234 Z1.7458 E0.02133 F1080
G1 X129.5654 Y134.9551 Z1.7457 E0.02133 F1080
G1 X129.2350 Y135.1805 Z1.7455 E0.02133 F1080
G1 X128.9004 Y135.3997 Z1.7454 E0.02133 F1080
G1 X128.5617 Y135.6125 Z1.7453 E0.02133 F1080
G1 X128.2191 Y135.8190 Z1.7452 E0.02133 F1080
G1 X127.8726 Y136.0189 Z1.7451 E0.02133 F1080
G1 X127.5225 Y136.2122 Z1.7449 E0.02133 F1080
G1 X127.1687 Y136.3990 Z1.7448 E0.02133 F1080
G1 X126.8115 Y136.5790 Z1.7447 E0.02133 F1080
G1 X126.4510 Y136.7523 Z1.7446 E0.02133 F1080
G1 X126.0872 Y136.9187 Z1.7445 E0.02133 F1080
G1 X125.7204 Y137.0783 Z1.7443 E0.02133 F1080
G1 X125.3507 Y137.2309 Z1.7442 E0.02133 F1080
G1 X124.9781 Y137.3765 Z1.7441 E0.02133 F1080
G1 X124.6029 Y137.5151 Z1.7440 E0.02133 F1080
G1 X124.2251 Y137.6466 Z1.7439 E0.02133 F1080
G1 X123.8449 Y137.7710 Z1.7437 E0.02133 F1080
G1 X123.4625 Y137.8882 Z1.7436 E0.02133 F1080
G1 X123.0779 Y137.9981 Z1.7435 E0.02133 F1080
G1 X122.6913 Y138.1008 Z1.7434 E0.02133 F1080
G1 X122.3028 Y138.1962 Z1.7433 E0.02133 F1080
G1 X121.9126 Y138.2843 Z1.7431 E0.02133 F1080
G1 X121.5208 Y138.3650 Z1.7430 E0.02133 F1080
G1 X121.1276 Y138.4383 Z1.7429 E0.02133 F1080
G1 X120.7330 Y138.5042 Z1.7428 E0.02133 F1080
G1 X120.3373 Y138.5627 Z1.7426 E0.02133 F1080
G1 X119.9406 Y138.6137 Z1.7425 E0.02133 F1080
G1 X119.5429 Y138.6572 Z1.7424 E0.02133 F1080
G1 X119.1446 Y138.6932 Z1.7423 E0.02133 F1080
G1 X118.7456 Y138.7218 Z1.7422 E0.02133 F1080
G1 X118.3461 Y138.7428 Z1.7420 E0.02133 F1080
G1 X117.9463 Y138.7563 Z1.7419 E0.02133 F1080
G1 X117.5464 Y138.7623 Z1.7418 E0.02133 F1080
G1 X117.1464 Y138.7608 Z1.7417 E0.02133 F1080
G1 X116.7465 Y138.7517 Z1.7415 E0.02133 F1080
G1 X116.3468 Y138.7351 Z1.7414 E0.02133 F1080
G1 X115.9475 Y138.7110 Z1.7413 E0.02133 F1080
G1 X115.5488 Y138.6794 Z1.7412 E0.02133 F1080
G1 X115.1507 Y138.6403 Z1.7411 E0.02133 F1080
G1 X114.7534 Y138.5937 Z1.7409 E0.02133 F1080
G1 X114.3570 Y138.5397 Z1.7408 E0.02133 F1080
G1 X113.9618 Y138.4782 Z1.7407 E0.02133 F1080
G1 X113.5677 Y138.4093 Z1.7406 E0.02133 F1080
G1 X113.1751 Y138.3330 Z1.7404 E0.02133 F1080
G1 X112.7839 Y138.2493 Z1.7403 E0.02133 F1080
G1 X112.3944 Y138.1583 Z1.7402 E0.02133 F1080
G1 X112.0067 Y138.0600 Z1.7401 E0.02133 F1080
G1 X111.6208 Y137.9544 Z1.7399 E0.02133 F1080
G1 X111.2371 Y137.8416 Z1.7398 E0.02133 F1080
G1 X110.8555 Y137.7216 Z1.7397 E0.02133 F1080
G1 X110.4762 Y137.5944 Z1.7396 E0.02133 F1080
G1 X110.0994 Y137.4601 Z1.7394 E0.02133 F1080
G1 X109.7252 Y137.3188 Z1.7393 E0.02133 F1080
G1 X109.3537 Y137.1705 Z1.7392 E0.02133 F1080
G1 X108.9851 Y137.0152 Z1.7391 E0.02133 F1080
G1 X108.6194 Y136.8530 Z1.7389 E0.02133 F1080
G1 X108.2569 Y136.6840 Z1.7388 E0.02133 F1080
G1 X107.8976 Y136.5082 Z1.7387 E0.02133 F1080
G1 X107.5416 Y136.3257 Z1.7386 E0.02133 F1080
G1 X107.1892 Y136.1366 Z1.7384 E0.02133 F1080
G1 X106.8403 Y135.9408 Z1.7383 E0.02133 F1080
G1 X106.4952 Y135.7385 Z1.7382 E0.02133 F1080
G1 X106.1540 Y135.5298 Z1.7381 E0.02133 F1080
G1 X105.8167 Y135.3147 Z1.7379 E0.02133 F1080
G1 X105.4836 Y135.0934 Z1.7378 E0.02133 F1080
G1 X105.1546 Y134.8658 Z1.7377 E0.02133 F1080
G1 X104.8300 Y134.6320 Z1.7376 E0.02133 F1080
G1 X104.5098 Y134.3922 Z1.7374 E0.02133 F1080
G1 X104.1942 Y134.1465 Z1.7373 E0.02133 F1080
G1 X103.8833 Y133.8949 Z1.7372 E0.02133 F1080
G1 X103.5771 Y133.6374 Z1.7370 E0.02133 F1080
G1 X103.2758 Y133.3743 Z1.7369 E0.02133 F1080
G1 X102.9795 Y133.1056 Z1.7368 E0.02133 F1080
G1 X102.6883 Y132.8313 Z1.7367 E0.02133 F1080
G1 X102.4023 Y132.5517 Z1.7365 E0.02133 F1080
G1 X102.1216 Y132.2667 Z1.7364 E0.02133 F1080
G1 X101.8463 Y131.9765 Z1.7363 E0.02133 F1080
G1 X101.5765 Y131.6812 Z1.7362 E0.02133 F1080
G1 X101.3122 Y131.3809 Z1.7360 E0.02133 F1080
G1 X101.0537 Y131.0757 Z1.7359 E0.02133 F1080
G1 X100.8009 Y130.7657 Z1.7358 E0.02133 F1080
G1 X100.5540 Y130.4510 Z1.7356 E0.02133 F1080
G1 X100.3130 Y130.1317 Z1.7355 E0.02133 F1080
G1 X100.0781 Y129.8079 Z1.7354 E0.02133 F1080
G1 X99.8492 Y129.4799 Z1.7353 E0.02133 F1080
G1 X99.6266 Y129.1475 Z1.7351 E0.02133 F1080
G1 X99.4102 Y128.8111 Z1.7350 E0.02133 F1080
G1 X99.2002 Y128.4707 Z1.7349 E0.02133 F1080
G1 X98.9966 Y128.1263 Z1.7347 E0.02133 F1080
G1 X98.7995 Y127.7783 Z1.7346 E0.02133 F1080
G1 X98.6089 Y127.4266 Z1.7345 E0.02133 F1080
G1 X98.4250 Y127.0714 Z1.7344 E0.02133 F1080
G1 X98.2477 Y126.7128 Z1.7342 E0.02133 F1080
G1 X98.0772 Y126.3509 Z1.7341 E0.02133 F1080
G1 X97.9136 Y125.9859 Z1.7340 E0.02133 F1080
G1 X97.7567 Y125.6179 Z1.7338 E0.02133 F1080
G1 X97.6069 Y125.2471 Z1.7337 E0.02133 F1080
G1 X97.4639 Y124.8735 Z1.7336 E0.02133 F1080
G1 X97.3281 Y124.4972 Z1.7334 E0.02133 F1080
G1 X97.1992 Y124.1185 Z1.7333 E0.02133 F1080
G1 X97.0775 Y123.7375 Z1.7332 E0.02133 F1080
G1 X96.9630 Y123.3542 Z1.7331 E0.02133 F1080
G1 X96.8556 Y122.9689 Z1.7329 E0.02133 F1080
G1 X96.7555 Y122.5816 Z1.7328 E0.02133 F1080
G1 X96.6627 Y122.1925 Z1.7327 E0.02133 F1080
G1 X96.5772 Y121.8018 Z1.7325 E0.02133 F1080
G1 X96.4990 Y121.4095 Z1.7324 E0.02133 F1080
G1 X96.4281 Y121.0158 Z1.7323 E0.02133 F1080
G1 X96.3647 Y120.6209 Z1.7321 E0.02133 F1080
G1 X96.3086 Y120.2248 Z1.7320 E0.02133 F1080
G1 X96.2600 Y119.8277 Z1.7319 E0.02133 F1080
G1 X96.2188 Y119.4299 Z1.7317 E0.02133 F1080
G1 X96.1851 Y119.0313 Z1.7316 E0.02133 F1080
G1 X96.1588 Y118.6321 Z1.7315 E0.02133 F1080
G1 X96.1400 Y118.2326 Z1.7313 E0.02133 F1080
G1 X96.1287 Y117.8327 Z1.7312 E0.02133 F1080
G1 X96.1249 Y117.4327 Z1.7311 E0.02133 F1080
G1 X96.1285 Y117.0327 Z1.7310 E0.02133 F1080
G1 X96.1397 Y116.6329 Z1.7308 E0.02133 F1080
G1 X96.1583 Y116.2333 Z1.7307 E0.02133 F1080
G1 X96.1844 Y115.8342 Z1.7306 E0.02133 F1080
G1 X96.2180 Y115.4356 Z1.7304 E0.02133 F1080
G1 X96.2590 Y115.0377 Z1.7303 E0.02133 F1080
G1 X96.3074 Y114.6406 Z1.7302 E0.02133 F1080
G1 X96.3633 Y114.2445 Z1.7300 E0.02133 F1080
G1 X96.4266 Y113.8495 Z1.7299 E0.02133 F1080
G1 X96.4972 Y113.4558 Z1.7298 E0.02133 F1080
G1 X96.5752 Y113.0635 Z1.7296 E0.02133 F1080
G1 X96.6605 Y112.6727 Z1.7295 E0.02133 F1080
G1 X96.7531 Y112.2835 Z1.7294 E0.02133 F1080
G1 X96.8530 Y111.8962 Z1.7292 E0.02133 F1080
G1 X96.9601 Y111.5108 Z1.7291 E0.02133 F1080
G1 X97.0743 Y111.1274 Z1.7290 E0.02133 F1080
G1 X97.1958 Y110.7463 Z1.7288 E0.02133 F1080
G1 X97.3243 Y110.3675 Z1.7287 E0.02133 F1080
G1 X97.4599 Y109.9912 Z1.7286 E0.02133 F1080
G1 X97.6025 Y109.6174 Z1.7284 E0.02133 F1080
G1 X97.7520 Y109.2464 Z1.7283 E0.02133 F1080
G1 X97.9085 Y108.8783 Z1.7281 E0.02133 F1080
G1 X98.0718 Y108.5132 Z1.7280 E0.02133 F1080
G1 X98.2419 Y108.1511 Z1.7279 E0.02133 F1080
G1 X98.4188 Y107.7923 Z1.7277 E0.02133 F1080
G1 X98.6023 Y107.4369 Z1.7276 E0.02133 F1080
G1 X98.7924 Y107.0850 Z1.7275 E0.02133 F1080
G1 X98.9891 Y106.7366 Z1.7273 E0.02133 F1080
G1 X99.1922 Y106.3920 Z1.7272 E0.02133 F1080
G1 X99.4017 Y106.0513 Z1.7271 E0.02133 F1080
G1 X99.6176 Y105.7146 Z1.7269 E0.02133 F1080
G1 X99.8397 Y105.3819 Z1.7268 E0.02133 F1080
G1 X100.0680 Y105.0534 Z1.7267 E0.02133 F1080
G1 X100.3024 Y104.7293 Z1.7265 E0.02133 F1080
G1 X100.5428 Y104.4096 Z1.7264 E0.02133 F1080
G1 X100.7891 Y104.0944 Z1.7263 E0.02133 F1080
G1 X101.0413 Y103.7839 Z1.7261 E0.02133 F1080
G1 X101.2992 Y103.4781 Z1.7260 E0.02133 F1080
G1 X101.5628 Y103.1772 Z1.7258 E0.02133 F1080
G1 X101.8320 Y102.8813 Z1.7257 E0.02133 F1080
G1 X102.1066 Y102.5905 Z1.7256 E0.02133 F1080
G1 X102.3866 Y102.3049 Z1.7254 E0.02133 F1080
G1 X102.6719 Y102.0245 Z1.7253 E0.02133 F1080
G1 X102.9624 Y101.7495 Z1.7252 E0.02133 F1080
G1 X103.2580 Y101.4799 Z1.7250 E0.02133 F1080
G1 X103.5585 Y101.2159 Z1.7249 E0.02133 F1080
G1 X103.8639 Y100.9576 Z1.7247 E0.02133 F1080
G1 X104.1741 Y100.7050 Z1.7246 E0.02133 F1080
G1 X104.4889 Y100.4583 Z1.7245 E0.02133 F1080
G1 X104.8083 Y100.2175 Z1.7243 E0.02133 F1080
G1 X105.1321 Y99.9826 Z1.7242 E0.02133 F1080
G1 X105.4603 Y99.7539 Z1.7241 E0.02133 F1080
G1 X105.7926 Y99.5313 Z1.7239 E0.02133 F1080
G1 X106.1291 Y99.3149 Z1.7238 E0.02133 F1080
G1 X106.4695 Y99.1049 Z1.7236 E0.02133 F1080
G1 X106.8138 Y98.9012 Z1.7235 E0.02133 F1080
G1 X107.1618 Y98.7040 Z1.7234 E0.02133 F1080
G1 X107.5135 Y98.5134 Z1.7232 E0.02133 F1080
G1 X107.8686 Y98.3293 Z1.7231 E0.02133 F1080
G1 X108.2271 Y98.1518 Z1.7230 E0.02133 F1080
G1 X108.5888 Y97.9811 Z1.7228 E0.02133 F1080
G1 X108.9537 Y97.8172 Z1.7227 E0.02133 F1080
G1 X109.3216 Y97.6601 Z1.7225 E0.02133 F1080
G1 X109.6923 Y97.5098 Z1.7224 E0.02133 F1080
G1 X110.0658 Y97.3665 Z1.7223 E0.02133 F1080
G1 X110.4418 Y97.2302 Z1.7221 E0.02133 F1080
G1 X110.8204 Y97.1009 Z1.7220 E0.02133 F1080
G1 X111.2012 Y96.9787 Z1.7218 E0.02133 F1080
G1 X111.5843 Y96.8637 Z1.7217 E0.02133 F1080
G1 X111.9695 Y96.7557 Z1.7216 E0.02133 F1080
G1 X112.3566 Y96.6550 Z1.7214 E0.02133 F1080
G1 X112.7456 Y96.5615 Z1.7213 E0.02133 F1080
G1 X113.1362 Y96.4753 Z1.7211 E0.02133 F1080
G1 X113.5283 Y96.3963 Z1.7210 E0.02133 F1080
G1 X113.9218 Y96.3247 Z1.7209 E0.02133 F1080
G1 X114.3167 Y96.2604 Z1.7207 E0.02133 F1080
G1 X114.7126 Y96.2035 Z1.7206 E0.02133 F1080
G1 X115.1095 Y96.1539 Z1.7204 E0.02133 F1080
G1 X115.5073 Y96.1118 Z1.7203 E0.02133 F1080
G1 X115.9058 Y96.0771 Z1.7202 E0.02133 F1080
G1 X116.3049 Y96.0498 Z1.7200 E0.02133 F1080
G1 X116.7044 Y96.0299 Z1.7199 E0.02133 F1080
G1 X117.1042 Y96.0175 Z1.7197 E0.02133 F1080
G1 X117.5042 Y96.0125 Z1.7196 E0.02133 F1080
G1 X117.9042 Y96.0150 Z1.7194 E0.02133 F1080
G1 X118.3041 Y96.0249 Z1.7193 E0.02133 F1080
G1 X118.7037 Y96.0422 Z1.7192 E0.02133 F1080
G1 X119.1029 Y96.0670 Z1.7190 E0.02133 F1080
G1 X119.5017 Y96.0992 Z1.7189 E0.02133 F1080
G1 X119.8997 Y96.1389 Z1.7187 E0.02133 F1080
G1 X120.2969 Y96.1859 Z1.7186 E0.02133 F1080
G1 X120.6932 Y96.2403 Z1.7184 E0.02133 F1080
G1 X121.0884 Y96.3021 Z1.7183 E0.02133 F1080
G1 X121.4824 Y96.3712 Z1.7182 E0.02133 F1080
G1 X121.8751 Y96.4476 Z1.7180 E0.02133 F1080
G1 X122.2662 Y96.5314 Z1.7179 E0.02133 F1080
G1 X122.6557 Y96.6223 Z1.7177 E0.02133 F1080
G1 X123.0435 Y96.7206 Z1.7176 E0.02133 F1080
G1 X123.4294 Y96.8260 Z1.7175 E0.02133 F1080
G1 X123.8132 Y96.9385 Z1.7173 E0.02133 F1080
G1 X124.1949 Y97.0582 Z1.7172 E0.02133 F1080
G1 X124.5743 Y97.1850 Z1.7170 E0.02133 F1080
G1 X124.9513 Y97.3188 Z1.7169 E0.02133 F1080
G1 X125.3257 Y97.4596 Z1.7167 E0.02133 F1080
G1 X125.6974 Y97.6073 Z1.7166 E0.02133 F1080
G1 X126.0663 Y97.7619 Z1.7164 E0.02133 F1080
G1 X126.4323 Y97.9234 Z1.7163 E0.02133 F1080
G1 X126.7952 Y98.0916 Z1.7162 E0.02133 F1080
G1 X127.1550 Y98.2665 Z1.7160 E0.02133 F1080
G1 X127.5114 Y98.4481 Z1.7159 E0.02133 F1080
G1 X127.8644 Y98.6363 Z1.7157 E0.02133 F1080
G1 X128.2138 Y98.8310 Z1.7156 E0.02133 F1080
G1 X128.5595 Y99.0321 Z1.7154 E0.02133 F1080
G1 X128.9015 Y99.2397 Z1.7153 E0.02133 F1080
G1 X129.2395 Y99.4536 Z1.7151 E0.02133 F1080
G1 X129.5735 Y99.6737 Z1.7150 E0.02133 F1080
G1 X129.9034 Y99.9000 Z1.7149 E0.02133 F1080
G1 X130.2289 Y100.1323 Z1.7147 E0.02133 F1080
G1 X130.5502 Y100.3707 Z1.7146 E0.02133 F1080
G1 X130.8669 Y100.6150 Z1.7144 E0.02133 F1080
G1 X131.1790 Y100.8652 Z1.7143 E0.02133 F1080
G1 X131.4865 Y101.1211 Z1.7141 E0.02133 F1080
G1 X131.7891 Y101.3827 Z1.7140 E0.02133 F1080
G1 X132.0868 Y101.6498 Z1.7138 E0.02133 F1080
G1 X132.3796 Y101.9224 Z1.7137 E0.02133 F1080
G1 X132.6672 Y102.2004 Z1.7135 E0.02133 F1080
G1 X132.9496 Y102.4837 Z1.7134 E0.02133 F1080
G1 X133.2266 Y102.7722 Z1.7133 E0.02133 F1080
G1 X133.4983 Y103.0658 Z1.7131 E0.02133 F1080
G1 X133.7645 Y103.3644 Z1.7130 E0.02133 F1080
G1 X134.0251 Y103.6679 Z1.7128 E0.02133 F1080
G1 X134.2800 Y103.9762 Z1.7127 E0.02133 F1080
G1 X134.5292 Y104.2891 Z1.7125 E0.02133 F1080
G1 X134.7725 Y104.6066 Z1.7124 E0.02133 F1080
G1 X135.0098 Y104.9286 Z1.7122 E0.02133 F1080
G1 X135.2412 Y105.2549 Z1.7121 E0.02133 F1080
G1 X135.4664 Y105.5854 Z1.7119 E0.02133 F1080
G1 X135.6855 Y105.9201 Z1.7118 E0.02133 F1080
G1 X135.8984 Y106.2588 Z1.7116 E0.02133 F1080
G1 X136.1049 Y106.6014 Z1.7115 E0.02133 F1080
G1 X136.3050 Y106.9477 Z1.7113 E0.02133 F1080
G1 X136.4987 Y107.2977 Z1.7112 E0.02133 F1080
G1 X136.6858 Y107.6513 Z1.7110 E0.02133 F1080
G1 X136.8664 Y108.0082 Z1.7109 E0.02133 F1080
G1 X137.0403 Y108.3684 Z1.7108 E0.02133 F1080
G1 X137.2075 Y108.7318 Z1.7106 E0.02133 F1080
G1 X137.3679 Y109.0982 Z1.7105 E0.02133 F1080
G1 X137.5215 Y109.4676 Z1.7103 E0.02133 F1080
G1 X137.6682 Y109.8397 Z1.7102 E0.02133 F1080
G1 X137.8080 Y110.2145 Z1.7100 E0.02133 F1080
G1 X137.9409 Y110.5918 Z1.7099 E0.02133 F1080
G1 X138.0667 Y110.9715 Z1.7097 E0.02133 F1080
G1 X138.1854 Y111.3535 Z1.7096 E0.02133 F1080
G1 X138.2971 Y111.7376 Z1.7094 E0.02133 F1080
G1 X138.4016 Y112.1237 Z1.7093 E0.02133 F1080
G1 X138.4989 Y112.5117 Z1.7091 E0.02133 F1080
G1 X138.5891 Y112.9014 Z1.7090 E0.02133 F1080
G1 X138.6720 Y113.2927 Z1.7088 E0.02133 F1080
G1 X138.7476 Y113.6855 Z1.7087 E0.02133 F1080
G1 X138.8159 Y114.0797 Z1.7085 E0.02133 F1080
G1 X138.8770 Y114.4750 Z1.7084 E0.02133 F1080
G1 X138.9307 Y114.8714 Z1.7082 E0.02133 F1080
G1 X138.9770 Y115.2687 Z1.7081 E0.02133 F1080
G1 X139.0160 Y115.6668 Z1.7079 E0.02133 F1080
G1 X139.0475 Y116.0656 Z1.7078 E0.02133 F1080
G1 X139.0717 Y116.4648 Z1.7076 E0.02133 F1080
G1 X139.0885 Y116.8645 Z1.7075 E0.02133 F1080
G1 X139.0979 Y117.2644 Z1.7073 E0.02133 F1080
G1 X139.0999 Y117.6644 Z1.7072 E0.02133 F1080
G1 X139.0945 Y118.0644 Z1.7070 E0.02133 F1080
G1 X139.0817 Y118.4642 Z1.7069 E0.02133 F1080
G1 X139.0614 Y118.8637 Z1.7067 E0.02133 F1080
G1 X139.0338 Y119.2627 Z1.7066 E0.02133 F1080
G1 X138.9988 Y119.6612 Z1.7064 E0.02133 F1080
G1 X138.9564 Y120.0590 Z1.7063 E0.02133 F1080
G1 X138.9067 Y120.4559 Z1.7061 E0.02133 F1080
G1 X138.8496 Y120.8518 Z1.7060 E0.02133 F1080
G1 X138.7853 Y121.2466 Z1.7058 E0.02133 F1080
G1 X138.7136 Y121.6401 Z1.7057 E0.02133 F1080
G1 X138.6346 Y122.0322 Z1.7055 E0.02133 F1080
G1 X138.5484 Y122.4229 Z1.7054 E0.02133 F1080
G1 X138.4550 Y122.8118 Z1.7052 E0.02133 F1080
G1 X138.3544 Y123.1990 Z1.7050 E0.02133 F1080
G1 X138.2467 Y123.5842 Z1.7049 E0.02133 F1080
G1 X138.1319 Y123.9674 Z1.7047 E0.02133 F1080
G1 X138.0099 Y124.3483 Z1.7046 E0.02133 F1080
G1 X137.8810 Y124.7270 Z1.7044 E0.02133 F1080
G1 X137.7451 Y125.1032 Z1.7043 E0.02133 F1080
G1 X137.6022 Y125.4768 Z1.7041 E0.02133 F1080
G1 X137.4525 Y125.8478 Z1.7040 E0.02133 F1080
G1 X137.2959 Y126.2158 Z1.7038 E0.02133 F1080
G1 X137.1326 Y126.5810 Z1.7037 E0.02133 F1080
G1 X136.9625 Y126.9430 Z1.7035 E0.02133 F1080
G1 X136.7857 Y127.3019 Z1.7034 E0.02133 F1080
G1 X136.6024 Y127.6574 Z1.7032 E0.02133 F1080
G1 X136.4125 Y128.0094 Z1.7031 E0.02133 F1080
G1 X136.2161 Y128.3579 Z1.7029 E0.02133 F1080
G1 X136.0133 Y128.7027 Z1.7028 E0.02133 F1080
G1 X135.8042 Y129.0437 Z1.7026 E0.02133 F1080
G1 X135.5888 Y129.3808 Z1.7024 E0.02133 F1080
G1 X135.3673 Y129.7138 Z1.7023 E0.02133 F1080
G1 X135.1396 Y130.0427 Z1.7021 E0.02133 F1080
G1 X134.9058 Y130.3673 Z1.7020 E0.02133 F1080
G1 X134.6662 Y130.6876 Z1.7018 E0.02133 F1080
G1 X134.4206 Y131.0033 Z1.7017 E0.02133 F1080
G1 X134.1692 Y131.3145 Z1.7015 E0.02133 F1080
G1 X133.9122 Y131.6210 Z1.7014 E0.02133 F1080
G1 X133.6495 Y131.9226 Z1.7012 E0.02133 F1080
G1 X133.3813 Y132.2194 Z1.7011 E0.02133 F1080
G1 X133.1076 Y132.5112 Z1.7009 E0.02133 F1080
G1 X132.8286 Y132.7978 Z1.7008 E0.02133 F1080
G1 X132.5444 Y133.0793 Z1.7006 E0.02133 F1080
G1 X132.2550 Y133.3554 Z1.7004 E0.02133 F1080
G1 X131.9606 Y133.6262 Z1.7003 E0.02133 F1080
G1 X131.6612 Y133.8915 Z1.7001 E0.02133 F1080
G1 X131.3569 Y134.1512 Z1.7000 E0.02133 F1080
G1 X131.0480 Y134.4052 Z1.6998 E0.02133 F1080
G1 X130.7343 Y134.6535 Z1.6997 E0.02133 F1080
G1 X130.4162 Y134.8960 Z1.6995 E0.02133 F1080
G1 X130.0936 Y135.1325 Z1.6994 E0.02133 F1080
G1 X129.7667 Y135.3631 Z1.6992 E0.02133 F1080
G1 X129.4357 Y135.5876 Z1.6990 E0.02133 F1080
G1 X129.1005 Y135.8059 Z1.6989 E0.02133 F1080
G1 X128.7613 Y136.0180 Z1.6987 E0.02133 F1080
G1 X128.4184 Y136.2238 Z1.6986 E0.02133 F1080
G1 X128.0716 Y136.4233 Z1.6984 E0.02133 F1080
G1 X127.7213 Y136.6163 Z1.6983 E0.02133 F1080
G1 X127.3674 Y136.8028 Z1.6981 E0.02133 F1080
G1 X127.0102 Y136.9828 Z1.6979 E0.02133 F1080
G1 X126.6496 Y137.1561 Z1.6978 E0.02133 F1080
G1 X126.2860 Y137.3228 Z1.6976 E0.02133 F1080
G1 X125.9194 Y137.4827 Z1.6975 E0.02133 F1080
G1 X125.5498 Y137.6358 Z1.6973 E0.02133 F1080
G1 X125.1775 Y137.7821 Z1.6972 E0.02133 F1080
G1 X124.8026 Y137.9215 Z1.6970 E0.02133 F1080
G1 X124.4251 Y138.0539 Z1.6968 E0.02133 F1080
G1 X124.0453 Y138.1794 Z1.6967 E0.02133 F1080
G1 X123.6633 Y138.2979 Z1.6965 E0.02133 F1080
G1 X123.2791 Y138.4093 Z1.6964 E0.02133 F1080
G1 X122.8929 Y138.5135 Z1.6962 E0.02133 F1080
G1 X122.5049 Y138.6107 Z1.6961 E0.02133 F1080
G1 X122.1151 Y138.7006 Z1.6959 E0.02133 F1080
G1 X121.7237 Y138.7834 Z1.6957 E0.02133 F1080
G1 X121.3309 Y138.8590 Z1.6956 E0.02133 F1080
G1 X120.9368 Y138.9272 Z1.6954 E0.02133 F1080
G1 X120.5415 Y138.9883 Z1.6953 E0.02133 F1080
G1 X120.1451 Y139.0420 Z1.6951 E0.02133 F1080
G1 X119.7478 Y139.0884 Z1.6949 E0.02133 F1080
G1 X119.3497 Y139.1274 Z1.6948 E0.02133 F1080
G1 X118.9509 Y139.1592 Z1.6946 E0.02133 F1080
G1 X118.5517 Y139.1835 Z1.6945 E0.02133 F1080
G1 X118.1520 Y139.2006 Z1.6943 E0.02133 F1080
G1 X117.7521 Y139.2102 Z1.6942 E0.02133 F1080
G1 X117.3521 Y139.2125 Z1.6940 E0.02133 F1080
G1 X116.9521 Y139.2074 Z1.6938 E0.02133 F1080
G1 X116.5523 Y139.1949 Z1.6937 E0.02133 F1080
G1 X116.1528 Y139.1751 Z1.6935 E0.02133 F1080
G1 X115.7537 Y139.1479 Z1.6934 E0.02133 F1080
G1 X115.3552 Y139.1134 Z1.6932 E0.02133 F1080
G1 X114.9574 Y139.0716 Z1.6930 E0.02133 F1080
G1 X114.5604 Y139.0224 Z1.6929 E0.02133 F1080
G1 X114.1644 Y138.9659 Z1.6927 E0.02133 F1080
G1 X113.7695 Y138.9022 Z1.6926 E0.02133 F1080
G1 X113.3759 Y138.8312 Z1.6924 E0.02133 F1080
G1 X112.9836 Y138.7529 Z1.6922 E0.02133 F1080
G1 X112.5928 Y138.6675 Z1.6921 E0.02133 F1080
G1 X112.2037 Y138.5748 Z1.6919 E0.02133 F1080
G1 X111.8163 Y138.4750 Z1.6918 E0.02133 F1080
G1 X111.4309 Y138.3681 Z1.6916 E0.02133 F1080
G1 X111.0474 Y138.2542 Z1.6914 E0.02133 F1080
G1 X110.6662 Y138.1331 Z1.6913 E0.02133 F1080
G1 X110.2872 Y138.0051 Z1.6911 E0.02133 F1080
G1 X109.9106 Y137.8702 Z1.6909 E0.02133 F1080
G1 X109.5366 Y137.7283 Z1.6908 E0.02133 F1080
G1 X109.1653 Y137.5796 Z1.6906 E0.02133 F1080
G1 X108.7968 Y137.4241 Z1.6905 E0.02133 F1080
G1 X108.4312 Y137.2618 Z1.6903 E0.02133 F1080
G1 X108.0686 Y137.0928 Z1.6901 E0.02133 F1080
G1 X107.7092 Y136.9172 Z1.6900 E0.02133 F1080
G1 X107.3531 Y136.7350 Z1.6898 E0.02133 F1080
G1 X107.0004 Y136.5462 Z1.6897 E0.02133 F1080
G1 X106.6512 Y136.3511 Z1.6895 E0.02133 F1080
G1 X106.3057 Y136.1495 Z1.6893 E0.02133 F1080
G1 X105.9640 Y135.9416 Z1.6892 E0.02133 F1080
G1 X105.6261 Y135.7275 Z1.6890 E0.02133 F1080
G1 X105.2923 Y135.5072 Z1.6888 E0.02133 F1080
G1 X104.9625 Y135.2808 Z1.6887 E0.02133 F1080
G1 X104.6369 Y135.0483 Z1.6885 E0.02133 F1080
G1 X104.3157 Y134.8099 Z1.6884 E0.02133 F1080
G1 X103.9989 Y134.5657 Z1.6882 E0.02133 F1080
G1 X103.6867 Y134.3157 Z1.6880 E0.02133 F1080
G1 X103.3791 Y134.0599 Z1.6879 E0.02133 F1080
G1 X103.0763 Y133.7986 Z1.6877 E0.02133 F1080
G1 X102.7783 Y133.5318 Z1.6875 E0.02133 F1080
G1 X102.4853 Y133.2595 Z1.6874 E0.02133 F1080
G1 X102.1973 Y132.9818 Z1.6872 E0.02133 F1080
G1 X101.9145 Y132.6990 Z1.6870 E0.02133 F1080
G1 X101.6369 Y132.4109 Z1.6869 E0.02133 F1080
G1 X101.3646 Y132.1179 Z1.6867 E0.02133 F1080
G1 X101.0978 Y131.8199 Z1.6866 E0.02133 F1080
G1 X100.8365 Y131.5170 Z1.6864 E0.02133 F1080
G1 X100.5808 Y131.2094 Z1.6862 E0.02133 F1080
G1 X100.3309 Y130.8971 Z1.6861 E0.02133 F1080
G1 X100.0866 Y130.5803 Z1.6859 E0.02133 F1080
G1 X99.8483 Y130.2590 Z1.6857 E0.02133 F1080
G1 X99.6159 Y129.9335 Z1.6856 E0.02133 F1080
G1 X99.3895 Y129.6037 Z1.6854 E0.02133 F1080
G1 X99.1692 Y129.2698 Z1.6852 E0.02133 F1080
G1 X98.9550 Y128.9320 Z1.6851 E0.02133 F1080
G1 X98.7471 Y128.5902 Z1.6849 E0.02133 F1080
G1 X98.5456 Y128.2447 Z1.6847 E0.02133 F1080
G1 X98.3504 Y127.8956 Z1.6846 E0.02133 F1080
G1 X98.1616 Y127.5429 Z1.6844 E0.02133 F1080
G1 X97.9793 Y127.1868 Z1.6843 E0.02133 F1080
G1 X97.8036 Y126.8275 Z1.6841 E0.02133 F1080
G1 X97.6346 Y126.4650 Z1.6839 E0.02133 F1080
G1 X97.4722 Y126.0994 Z1.6838 E0.02133 F1080
G1 X97.3165 Y125.7309 Z1.6836 E0.02133 F1080
G1 X97.1677 Y125.3596 Z1.6834 E0.02133 F1080
G1 X97.0256 Y124.9857 Z1.6833 E0.02133 F1080
G1 X96.8905 Y124.6092 Z1.6831 E0.02133 F1080
G1 X96.7623 Y124.2303 Z1.6829 E0.02133 F1080
G1 X96.6410 Y123.8491 Z1.6828 E0.02133 F1080
G1 X96.5268 Y123.4657 Z1.6826 E0.02133 F1080
G1 X96.4196 Y123.0804 Z1.6824 E0.02133 F1080
G1 X96.3196 Y122.6931 Z1.6823 E0.02133 F1080
G1 X96.2266 Y122.3040 Z1.6821 E0.02133 F1080
G1 X96.1408 Y121.9133 Z1.6819 E0.02133 F1080
G1 X96.0621 Y121.5211 Z1.6818 E0.02133 F1080
G1 X95.9907 Y121.1275 Z1.6816 E0.02133 F1080
G1 X95.9265 Y120.7327 Z1.6814 E0.02133 F1080
G1 X95.8696 Y120.3368 Z1.6813 E0.02133 F1080
G1 X95.8199 Y119.9399 Z1.6811 E0.02133 F1080
G1 X95.7775 Y119.5421 Z1.6809 E0.02133 F1080
G1 X95.7424 Y119.1437 Z1.6808 E0.02133 F1080
G1 X95.7146 Y118.7446 Z1.6806 E0.02133 F1080
G1 X95.6941 Y118.3451 Z1.6804 E0.02133 F1080
G1 X95.6810 Y117.9453 Z1.6803 E0.02133 F1080
G1 X95.6752 Y117.5454 Z1.6801 E0.02133 F1080
G1 X95.6767 Y117.1454 Z1.6799 E0.02133 F1080
G1 X95.6856 Y116.7455 Z1.6798 E0.02133 F1080
G1 X95.7017 Y116.3458 Z1.6796 E0.02133 F1080
G1 X95.7252 Y115.9465 Z1.6794 E0.02133 F1080
G1 X95.7561 Y115.5476 Z1.6792 E0.02133 F1080
G1 X95.7942 Y115.1494 Z1.6791 E0.02133 F1080
G1 X95.8396 Y114.7520 Z1.6789 E0.02133 F1080
G1 X95.8923 Y114.3555 Z1.6787 E0.02133 F1080
G1 X95.9522 Y113.9600 Z1.6786 E0.02133 F1080
G1 X96.0194 Y113.5657 Z1.6784 E0.02133 F1080
G1 X96.0937 Y113.1726 Z1.6782 E0.02133 F1080
G1 X96.1753 Y112.7810 Z1.6781 E0.02133 F1080
G1 X96.2640 Y112.3910 Z1.6779 E0.02133 F1080
G1 X96.3599 Y112.0026 Z1.6777 E0.02133 F1080
G1 X96.4628 Y111.6161 Z1.6776 E0.02133 F1080
G1 X96.5728 Y111.2315 Z1.6774 E0.02133 F1080
G1 X96.6898 Y110.8490 Z1.6772 E0.02133 F1080
G1 X96.8139 Y110.4687 Z1.6771 E0.02133 F1080
G1 X96.9448 Y110.0907 Z1.6769 E0.02133 F1080
G1 X97.0827 Y109.7152 Z1.6767 E0.02133 F1080
G1 X97.2274 Y109.3423 Z1.6765 E0.02133 F1080
G1 X97.3789 Y108.9721 Z1.6764 E0.02133 F1080
G1 X97.5371 Y108.6047 Z1.6762 E0.02133 F1080
G1 X97.7021 Y108.2403 Z1.6760 E0.02133 F1080
G1 X97.8737 Y107.8790 Z1.6759 E0.02133 F1080
G1 X98.0518 Y107.5209 Z1.6757 E0.02133 F1080
G1 X98.2365 Y107.1660 Z1.6755 E0.02133 F1080
G1 X98.4277 Y106.8147 Z1.6754 E0.02133 F1080
G1 X98.6253 Y106.4669 Z1.6752 E0.02133 F1080
G1 X98.8292 Y106.1227 Z1.6750 E0.02133 F1080
G1 X99.0393 Y105.7824 Z1.6748 E0.02133 F1080
G1 X99.2557 Y105.4459 Z1.6747 E0.02133 F1080
G1 X99.4781 Y105.1135 Z1.6745 E0.02133 F1080
G1 X99.7066 Y104.7851 Z1.6743 E0.02133 F1080
G1 X99.9411 Y104.4611 Z1.6742 E0.02133 F1080
G1 X100.1814 Y104.1413 Z1.6740 E0.02133 F1080
G1 X100.4276 Y103.8260 Z1.6738 E0.02133 F1080
G1 X100.6795 Y103.5153 Z1.6736 E0.02133 F1080
G1 X100.9370 Y103.2092 Z1.6735 E0.02133 F1080
G1 X101.2001 Y102.9079 Z1.6733 E0.02133 F1080
G1 X101.4687 Y102.6114 Z1.6731 E0.02133 F1080
G1 X101.7426 Y102.3199 Z1.6730 E0.02133 F1080
G1 X102.0218 Y102.0335 Z1.6728 E0.02133 F1080
G1 X102.3062 Y101.7522 Z1.6726 E0.02133 F1080
G1 X102.5957 Y101.4761 Z1.6724 E0.02133 F1080
G1 X102.8902 Y101.2054 Z1.6723 E0.02133 F1080
G1 X103.1896 Y100.9402 Z1.6721 E0.02133 F1080
G1 X103.4938 Y100.6804 Z1.6719 E0.02133 F1080
G1 X103.8026 Y100.4262 Z1.6718 E0.02133 F1080
G1 X104.1161 Y100.1777 Z1.6716 E0.02133 F1080
G1 X104.4341 Y99.9350 Z1.6714 E0.02133 F1080
G1 X104.7564 Y99.6982 Z1.6712 E0.02133 F1080
G1 X105.0830 Y99.4673 Z1.6711 E0.02133 F1080
G1 X105.4138 Y99.2423 Z1.6709 E0.02133 F1080
G1 X105.7487 Y99.0235 Z1.6707 E0.02133 F1080
G1 X106.0874 Y98.8108 Z1.6705 E0.02133 F1080
G1 X106.4300 Y98.6043 Z1.6704 E0.02133 F1080
G1 X106.7764 Y98.4042 Z1.6702 E0.02133 F1080
G1 X107.1263 Y98.2104 Z1.6700 E0.02133 F1080
G1 X107.4797 Y98.0230 Z1.6699 E0.02133 F1080
G1 X107.8364 Y97.8421 Z1.6697 E0.02133 F1080
G1 X108.1964 Y97.6677 Z1.6695 E0.02133 F1080
G1 X108.5596 Y97.4999 Z1.6693 E0.02133 F1080
G1 X108.9257 Y97.3388 Z1.6692 E0.02133 F1080
G1 X109.2947 Y97.1844 Z1.6690 E0.02133 F1080
G1 X109.6665 Y97.0368 Z1.6688 E0.02133 F1080
G1 X110.0409 Y96.8960 Z1.6686 E0.02133 F1080
G1 X110.4178 Y96.7620 Z1.6685 E0.02133 F1080
G1 X110.7971 Y96.6350 Z1.6683 E0.02133 F1080
G1 X111.1786 Y96.5149 Z1.6681 E0.02133 F1080
G1 X111.5623 Y96.4017 Z1.6679 E0.02133 F1080
G1 X111.9480 Y96.2956 Z1.6678 E0.02133 F1080
G1 X112.3356 Y96.1966 Z1.6676 E0.02133 F1080
G1 X112.7248 Y96.1046 Z1.6674 E0.02133 F1080
G1 X113.1158 Y96.0198 Z1.6672 E0.02133 F1080
G1 X113.5081 Y95.9421 Z1.6671 E0.02133 F1080
G1 X113.9019 Y95.8716 Z1.6669 E0.02133 F1080
G1 X114.2969 Y95.8082 Z1.6667 E0.02133 F1080
G1 X114.6929 Y95.7521 Z1.6665 E0.02133 F1080
G1 X115.0899 Y95.7032 Z1.6664 E0.02133 F1080
G1 X115.4878 Y95.6616 Z1.6662 E0.02133 F1080
G1 X115.8863 Y95.6272 Z1.6660 E0.02133 F1080
G1 X116.2854 Y95.6001 Z1.6658 E0.02133 F1080
G1 X116.6849 Y95.5803 Z1.6657 E0.02133 F1080
G1 X117.0847 Y95.5678 Z1.6655 E0.02133 F1080
G1 X117.4847 Y95.5626 Z1.6653 E0.02133 F1080
G1 X117.8847 Y95.5646 Z1.6651 E0.02133 F1080
G1 X118.2846 Y95.5740 Z1.6650 E0.02133 F1080
G1 X118.6842 Y95.5906 Z1.6648 E0.02133 F1080
G1 X119.0835 Y95.6145 Z1.6646 E0.02133 F1080
G1 X119.4823 Y95.6457 Z1.6644 E0.02133 F1080
G1 X119.8805 Y95.6842 Z1.6643 E0.02133 F1080
G1 X120.2779 Y95.7299 Z1.6641 E0.02133 F1080
G1 X120.6744 Y95.7829 Z1.6639 E0.02133 F1080
G1 X121.0698 Y95.8430 Z1.6637 E0.02133 F1080
G1 X121.4641 Y95.9104 Z1.6635 E0.02133 F1080
G1 X121.8571 Y95.9849 Z1.6634 E0.02133 F1080
G1 X122.2487 Y96.0666 Z1.6632 E0.02133 F1080
G1 X122.6387 Y96.1554 Z1.6630 E0.02133 F1080
G1 X123.0271 Y96.2513 Z1.6628 E0.02133 F1080
G1 X123.4136 Y96.3543 Z1.6627 E0.02133 F1080
G1 X123.7982 Y96.4643 Z1.6625 E0.02133 F1080
G1 X124.1807 Y96.5813 Z1.6623 E0.02133 F1080
G1 X124.5610 Y96.7052 Z1.6621 E0.02133 F1080
G1 X124.9390 Y96.8360 Z1.6619 E0.02133 F1080
G1 X125.3146 Y96.9737 Z1.6618 E0.02133 F1080
G1 X125.6876 Y97.1182 Z1.6616 E0.02133 F1080
G1 X126.0579 Y97.2695 Z1.6614 E0.02133 F1080
G1 X126.4254 Y97.4275 Z1.6612 E0.02133 F1080
G1 X126.7899 Y97.5921 Z1.6611 E0.02133 F1080
G1 X127.1514 Y97.7634 Z1.6609 E0.02133 F1080
G1 X127.5097 Y97.9412 Z1.6607 E0.02133 F1080
G1 X127.8647 Y98.1255 Z1.6605 E0.02133 F1080
G1 X128.2163 Y98.3163 Z1.6603 E0.02133 F1080
G1 X128.5644 Y98.5134 Z1.6602 E0.02133 F1080
G1 X128.9088 Y98.7168 Z1.6600 E0.02133 F1080
G1 X129.2495 Y98.9264 Z1.6598 E0.02133 F1080
G1 X129.5863 Y99.1423 Z1.6596 E0.02133 F1080
G1 X129.9191 Y99.3642 Z1.6595 E0.02133 F1080
G1 X130.2478 Y99.5921 Z1.6593 E0.02133 F1080
G1 X130.5723 Y99.8260 Z1.6591 E0.02133 F1080
G1 X130.8925 Y100.0657 Z1.6589 E0.02133 F1080
G1 X131.2083 Y100.3112 Z1.6587 E0.02133 F1080
G1 X131.5196 Y100.5625 Z1.6586 E0.02133 F1080
G1 X131.8263 Y100.8193 Z1.6584 E0.02133 F1080
G1 X132.1282 Y101.0817 Z1.6582 E0.02133 F1080
G1 X132.4253 Y101.3496 Z1.6580 E0.02133 F1080
G1 X132.7175 Y101.6228 Z1.6578 E0.02133 F1080
G1 X133.0046 Y101.9012 Z1.6577 E0.02133 F1080
G1 X133.2867 Y102.1849 Z1.6575 E0.02133 F1080
G1 X133.5635 Y102.4736 Z1.6573 E0.02133 F1080
G1 X133.8351 Y102.7673 Z1.6571 E0.02133 F1080
G1 X134.1012 Y103.0659 Z1.6569 E0.02133 F1080
G1 X134.3619 Y103.3693 Z1.6568 E0.02133 F1080
G1 X134.6171 Y103.6774 Z1.6566 E0.02133 F1080
G1 X134.8666 Y103.9900 Z1.6564 E0.02133 F1080
G1 X135.1103 Y104.3072 Z1.6562 E0.02133 F1080
G1 X135.3483 Y104.6287 Z1.6560 E0.02133 F1080
G1 X135.5804 Y104.9545 Z1.6559 E0.02133 F1080
G1 X135.8065 Y105.2845 Z1.6557 E0.02133 F1080
G1 X136.0266 Y105.6185 Z1.6555 E0.02133 F1080
G1 X136.2405 Y105.9565 Z1.6553 E0.02133 F1080
G1 X136.4483 Y106.2983 Z1.6551 E0.02133 F1080
G1 X136.6499 Y106.6438 Z1.6549 E0.02133 F1080
G1 X136.8451 Y106.9929 Z1.6548 E0.02133 F1080
G1 X137.0340 Y107.3455 Z1.6546 E0.02133 F1080
G1 X137.2164 Y107.7015 Z1.6544 E0.02133 F1080
G1 X137.3923 Y108.0608 Z1.6542 E0.02133 F1080
G1 X137.5617 Y108.4232 Z1.6540 E0.02133 F1080
G1 X137.7245 Y108.7885 Z1.6539 E0.02133 F1080
G1 X137.8806 Y109.1568 Z1.6537 E0.02133 F1080
G1 X138.0300 Y109.5279 Z1.6535 E0.02133 F1080
G1 X138.1726 Y109.9016 Z1.6533 E0.02133 F1080
G1 X138.3084 Y110.2779 Z1.6531 E0.02133 F1080
G1 X138.4373 Y110.6565 Z1.6529 E0.02133 F1080
G1 X138.5594 Y111.0375 Z1.6528 E0.02133 F1080
G1 X138.6745 Y111.4205 Z1.6526 E0.02133 F1080
G1 X138.7827 Y111.8057 Z1.6524 E0.02133 F1080
G1 X138.8838 Y112.1927 Z1.6522 E0.02133 F1080
G1 X138.9779 Y112.5815 Z1.6520 E0.02133 F1080
G1 X139.0649 Y112.9719 Z1.6519 E0.02133 F1080
G1 X139.1448 Y113.3638 Z1.6517 E0.02133 F1080
G1 X139.2176 Y113.7572 Z1.6515 E0.02133 F1080
G1 X139.2833 Y114.1517 Z1.6513 E0.02133 F1080
G1 X139.3417 Y114.5475 Z1.6511 E0.02133 F1080
G1 X139.3930 Y114.9442 Z1.6509 E0.02133 F1080
G1 X139.4371 Y115.3417 Z1.6508 E0.02133 F1080
G1 X139.4739 Y115.7400 Z1.6506 E0.02133 F1080
G1 X139.5035 Y116.1390 Z1.6504 E0.02133 F1080
G1 X139.5259 Y116.5383 Z1.6502 E0.02133 F1080
G1 X139.5410 Y116.9381 Z1.6500 E0.02133 F1080
G1 X139.5489 Y117.3380 Z1.6498 E0.02133 F1080
G1 X139.5495 Y117.7380 Z1.6497 E0.02133 F1080
G1 X139.5428 Y118.1380 Z1.6495 E0.02133 F1080
G1 X139.5289 Y118.5377 Z1.6493 E0.02133 F1080
G1 X139.5078 Y118.9372 Z1.6491 E0.02133 F1080
G1 X139.4794 Y119.3362 Z1.6489 E0.02133 F1080
G1 X139.4438 Y119.7346 Z1.6487 E0.02133 F1080
G1 X139.4009 Y120.1323 Z1.6485 E0.02133 F1080
G1 X139.3509 Y120.5292 Z1.6484 E0.02133 F1080
G1 X139.2937 Y120.9251 Z1.6482 E0.02133 F1080
G1 X139.2293 Y121.3198 Z1.6480 E0.02133 F1080
G1 X139.1577 Y121.7134 Z1.6478 E0.02133 F1080
G1 X139.0790 Y122.1056 Z1.6476 E0.02133 F1080
G1 X138.9933 Y122.4963 Z1.6474 E0.02133 F1080
G1 X138.9004 Y122.8854 Z1.6473 E0.02133 F1080
G1 X138.8006 Y123.2727 Z1.6471 E0.02133 F1080
G1 X138.6937 Y123.6582 Z1.6469 E0.02133 F1080
G1 X138.5798 Y124.0417 Z1.6467 E0.02133 F1080
G1 X138.4591 Y124.4230 Z1.6465 E0.02133 F1080
G1 X138.3314 Y124.8021 Z1.6463 E0.02133 F1080
G1 X138.1969 Y125.1788 Z1.6461 E0.02133 F1080
G1 X138.0556 Y125.5530 Z1.6460 E0.02133 F1080
G1 X137.9075 Y125.9246 Z1.6458 E0.02133 F1080
G1 X137.7527 Y126.2935 Z1.6456 E0.02133 F1080
G1 X137.5913 Y126.6594 Z1.6454 E0.02133 F1080
G1 X137.4232 Y127.0224 Z1.6452 E0.02133 F1080
G1 X137.2486 Y127.3823 Z1.6450 E0.02133 F1080
G1 X137.0676 Y127.7390 Z1.6448 E0.02133 F1080
G1 X136.8800 Y128.0923 Z1.6447 E0.02133 F1080
G1 X136.6862 Y128.4422 Z1.6445 E0.02133 F1080
G1 X136.4860 Y128.7885 Z1.6443 E0.02133 F1080
G1 X136.2795 Y129.1312 Z1.6441 E0.02133 F1080
G1 X136.0670 Y129.4700 Z1.6439 E0.02133 F1080
G1 X135.8483 Y129.8049 Z1.6437 E0.02133 F1080
G1 X135.6235 Y130.1359 Z1.6435 E0.02133 F1080
G1 X135.3929 Y130.4626 Z1.6434 E0.02133 F1080
G1 X135.1563 Y130.7852 Z1.6432 E0.02133 F1080
G1 X134.9140 Y131.1034 Z1.6430 E0.02133 F1080
G1 X134.6659 Y131.4172 Z1.6428 E0.02133 F1080
G1 X134.4122 Y131.7265 Z1.6426 E0.02133 F1080
G1 X134.1529 Y132.0311 Z1.6424 E0.02133 F1080
G1 X133.8881 Y132.3310 Z1.6422 E0.02133 F1080
G1 X133.6180 Y132.6260 Z1.6420 E0.02133 F1080
G1 X133.3426 Y132.9161 Z1.6419 E0.02133 F1080
G1 X133.0620 Y133.2011 Z1.6417 E0.02133 F1080
G1 X132.7762 Y133.4811 Z1.6415 E0.02133 F1080
G1 X132.4855 Y133.7558 Z1.6413 E0.02133 F1080
G1 X132.1898 Y134.0252 Z1.6411 E0.02133 F1080
G1 X131.8893 Y134.2892 Z1.6409 E0.02133 F1080
G1 X131.5841 Y134.5477 Z1.6407 E0.02133 F1080
G1 X131.2742 Y134.8007 Z1.6405 E0.02133 F1080
G1 X130.9599 Y135.0480 Z1.6404 E0.02133 F1080
G1 X130.6410 Y135.2896 Z1.6402 E0.02133 F1080
G1 X130.3179 Y135.5254 Z1.6400 E0.02133 F1080
G1 X129.9906 Y135.7554 Z1.6398 E0.02133 F1080
G1 X129.6592 Y135.9793 Z1.6396 E0.02133 F1080
G1 X129.3237 Y136.1973 Z1.6394 E0.02133 F1080
G1 X128.9844 Y136.4091 Z1.6392 E0.02133 F1080
G1 X128.6413 Y136.6147 Z1.6390 E0.02133 F1080
G1 X128.2946 Y136.8142 Z1.6388 E0.02133 F1080
G1 X127.9443 Y137.0073 Z1.6387 E0.02133 F1080
G1 X127.5905 Y137.1940 Z1.6385 E0.02133 F1080
G1 X127.2335 Y137.3744 Z1.6383 E0.02133 F1080
G1 X126.8732 Y137.5482 Z1.6381 E0.02133 F1080
G1 X126.5099 Y137.7155 Z1.6379 E0.02133 F1080
G1 X126.1436 Y137.8763 Z1.6377 E0.02133 F1080
G1 X125.7745 Y138.0303 Z1.6375 E0.02133 F1080
G1 X125.4026 Y138.1777 Z1.6373 E0.02133 F1080
G1 X125.0281 Y138.3183 Z1.6371 E0.02133 F1080
G1 X124.6512 Y138.4522 Z1.6369 E0.02133 F1080
G1 X124.2718 Y138.5792 Z1.6368 E0.02133 F1080
G1 X123.8903 Y138.6993 Z1.6366 E0.02133 F1080
G1 X123.5067 Y138.8125 Z1.6364 E0.02133 F1080
G1 X123.1210 Y138.9188 Z1.6362 E0.02133 F1080
G1 X122.7335 Y139.0181 Z1.6360 E0.02133 F1080
G1 X122.3443 Y139.1104 Z1.6358 E0.02133 F1080
G1 X121.9535 Y139.1956 Z1.6356 E0.02133 F1080
G1 X121.5612 Y139.2738 Z1.6354 E0.02133 F1080
G1 X121.1676 Y139.3449 Z1.6352 E0.02133 F1080
G1 X120.7727 Y139.4088 Z1.6350 E0.02133 F1080
G1 X120.3767 Y139.4656 Z1.6349 E0.02133 F1080
G1 X119.9798 Y139.5152 Z1.6347 E0.02133 F1080
G1 X119.5821 Y139.5577 Z1.6345 E0.02133 F1080
G1 X119.1836 Y139.5930 Z1.6343 E0.02133 F1080
G1 X118.7846 Y139.6211 Z1.6341 E0.02133 F1080
G1 X118.3851 Y139.6420 Z1.6339 E0.02133 F1080
G1 X117.9854 Y139.6556 Z1.6337 E0.02133 F1080
G1 X117.5854 Y139.6621 Z1.6335 E0.02133 F1080
G1 X117.1854 Y139.6613 Z1.6333 E0.02133 F1080
G1 X116.7855 Y139.6533 Z1.6331 E0.02133 F1080
G1 X116.3857 Y139.6381 Z1.6329 E0.02133 F1080
G1 X115.9864 Y139.6157 Z1.6328 E0.02133 F1080
G1 X115.5875 Y139.5860 Z1.6326 E0.02133 F1080
G1 X115.1892 Y139.5492 Z1.6324 E0.02133 F1080
G1 X114.7916 Y139.5052 Z1.6322 E0.02133 F1080
G1 X114.3948 Y139.4541 Z1.6320 E0.02133 F1080
G1 X113.9991 Y139.3957 Z1.6318 E0.02133 F1080
G1 X113.6045 Y139.3303 Z1.6316 E0.02133 F1080
G1 X113.2111 Y139.2578 Z1.6314 E0.02133 F1080
G1 X112.8191 Y139.1781 Z1.6312 E0.02133 F1080
G1 X112.4286 Y139.0914 Z1.6310 E0.02133 F1080
G1 X112.0397 Y138.9977 Z1.6308 E0.02133 F1080
G1 X111.6526 Y138.8970 Z1.6306 E0.02133 F1080
G1 X111.2674 Y138.7893 Z1.6304 E0.02133 F1080
G1 X110.8841 Y138.6747 Z1.6303 E0.02133 F1080
G1 X110.5030 Y138.5532 Z1.6301 E0.02133 F1080
G1 X110.1242 Y138.4249 Z1.6299 E0.02133 F1080
G1 X109.7477 Y138.2897 Z1.6297 E0.02133 F1080
G1 X109.3737 Y138.1478 Z1.6295 E0.02133 F1080
G1 X109.0023 Y137.9991 Z1.6293 E0.02133 F1080
G1 X108.6337 Y137.8438 Z1.6291 E0.02133 F1080
G1 X108.2679 Y137.6819 Z1.6289 E0.02133 F1080
G1 X107.9052 Y137.5134 Z1.6287 E0.02133 F1080
G1 X107.5455 Y137.3384 Z1.6285 E0.02133 F1080
G1 X107.1890 Y137.1569 Z1.6283 E0.02133 F1080
G1 X106.8358 Y136.9691 Z1.6281 E0.02133 F1080
G1 X106.4861 Y136.7749 Z1.6279 E0.02133 F1080
G1 X106.1400 Y136.5744 Z1.6277 E0.02133 F1080
G1 X105.7975 Y136.3677 Z1.6275 E0.02133 F1080
G1 X105.4588 Y136.1549 Z1.6274 E0.02133 F1080
G1 X105.1240 Y135.9361 Z1.6272 E0.02133 F1080
G1 X104.7931 Y135.7112 Z1.6270 E0.02133 F1080
G1 X104.4664 Y135.4804 Z1.6268 E0.02133 F1080
G1 X104.1439 Y135.2438 Z1.6266 E0.02133 F1080
G1 X103.8257 Y135.0014 Z1.6264 E0.02133 F1080
G1 X103.5120 Y134.7533 Z1.6262 E0.02133 F1080
G1 X103.2027 Y134.4996 Z1.6260 E0.02133 F1080
G1 X102.8981 Y134.2403 Z1.6258 E0.02133 F1080
G1 X102.5981 Y133.9757 Z1.6256 E0.02133 F1080
G1 X102.3030 Y133.7056 Z1.6254 E0.02133 F1080
G1 X102.0128 Y133.4303 Z1.6252 E0.02133 F1080
G1 X101.7276 Y133.1498 Z1.6250 E0.02133 F1080
G1 X101.4475 Y132.8643 Z1.6248 E0.02133 F1080
G1 X101.1726 Y132.5737 Z1.6246 E0.02133 F1080
G1 X100.9030 Y132.2782 Z1.6244 E0.02133 F1080
G1 X100.6387 Y131.9780 Z1.6242 E0.02133 F1080
G1 X100.3799 Y131.6730 Z1.6240 E0.02133 F1080
G1 X100.1266 Y131.3634 Z1.6238 E0.02133 F1080
G1 X99.8789 Y131.0493 Z1.6236 E0.02133 F1080
G1 X99.6369 Y130.7308 Z1.6235 E0.02133 F1080
G1 X99.4007 Y130.4080 Z1.6233 E0.02133 F1080
G1 X99.1703 Y130.0810 Z1.6231 E0.02133 F1080
G1 X98.9459 Y129.7499 Z1.6229 E0.02133 F1080
G1 X98.7274 Y129.4148 Z1.6227 E0.02133 F1080
G1 X98.5150 Y129.0758 Z1.6225 E0.02133 F1080
G1 X98.3087 Y128.7331 Z1.6223 E0.02133 F1080
G1 X98.1087 Y128.3867 Z1.6221 E0.02133 F1080
G1 X97.9149 Y128.0368 Z1.6219 E0.02133 F1080
G1 X97.7274 Y127.6834 Z1.6217 E0.02133 F1080
G1 X97.5463 Y127.3268 Z1.6215 E0.02133 F1080
G1 X97.3716 Y126.9669 Z1.6213 E0.02133 F1080
G1 X97.2035 Y126.6040 Z1.6211 E0.02133 F1080
G1 X97.0419 Y126.2381 Z1.6209 E0.02133 F1080
G1 X96.8869 Y125.8693 Z1.6207 E0.02133 F1080
G1 X96.7385 Y125.4978 Z1.6205 E0.02133 F1080
G1 X96.5969 Y125.1237 Z1.6203 E0.02133 F1080
G1 X96.4620 Y124.7471 Z1.6201 E0.02133 F1080
G1 X96.3339 Y124.3682 Z1.6199 E0.02133 F1080
G1 X96.2127 Y123.9870 Z1.6197 E0.02133 F1080
G1 X96.0983 Y123.6037 Z1.6195 E0.02133 F1080
G1 X95.9908 Y123.2184 Z1.6193 E0.02133 F1080
G1 X95.8902 Y122.8312 Z1.6191 E0.02133 F1080
G1 X95.7967 Y122.4423 Z1.6189 E0.02133 F1080
G1 X95.7101 Y122.0518 Z1.6187 E0.02133 F1080
G1 X95.6306 Y121.6598 Z1.6185 E0.02133 F1080
G1 X95.5581 Y121.2664 Z1.6183 E0.02133 F1080
G1 X95.4927 Y120.8718 Z1.6181 E0.02133 F1080
G1 X95.4344 Y120.4760 Z1.6179 E0.02133 F1080
G1 X95.3832 Y120.0793 Z1.6177 E0.02133 F1080
G1 X95.3392 Y119.6817 Z1.6175 E0.02133 F1080
G1 X95.3023 Y119.2834 Z1.6173 E0.02133 F1080
G1 X95.2725 Y118.8845 Z1.6171 E0.02133 F1080
G1 X95.2500 Y118.4852 Z1.6170 E0.02133 F1080
G1 X95.2346 Y118.0854 Z1.6168 E0.02133 F1080
G1 X95.2264 Y117.6855 Z1.6166 E0.02133 F1080
G1 X95.2253 Y117.2855 Z1.6164 E0.02133 F1080
G1 X95.2315 Y116.8856 Z1.6162 E0.02133 F1080
G1 X95.2448 Y116.4858 Z1.6160 E0.02133 F1080
G1 X95.2654 Y116.0863 Z1.6158 E0.02133 F1080
G1 X95.2930 Y115.6872 Z1.6156 E0.02133 F1080
G1 X95.3279 Y115.2887 Z1.6154 E0.02133 F1080
G1 X95.3699 Y114.8910 Z1.6152 E0.02133 F1080
G1 X95.4190 Y114.4940 Z1.6150 E0.02133 F1080
G1 X95.4752 Y114.0979 Z1.6148 E0.02133 F1080
G1 X95.5386 Y113.7030 Z1.6146 E0.02133 F1080
G1 X95.6090 Y113.3092 Z1.6144 E0.02133 F1080
G1 X95.6865 Y112.9168 Z1.6142 E0.02133 F1080
G1 X95.7710 Y112.5258 Z1.6140 E0.02133 F1080
G1 X95.8625 Y112.1364 Z1.6138 E0.02133 F1080
G1 X95.9609 Y111.7487 Z1.6136 E0.02133 F1080
G1 X96.0664 Y111.3628 Z1.6134 E0.02133 F1080
G1 X96.1787 Y110.9789 Z1.6132 E0.02133 F1080
G1 X96.2979 Y110.5971 Z1.6130 E0.02133 F1080
G1 X96.4239 Y110.2174 Z1.6128 E0.02133 F1080
G1 X96.5567 Y109.8401 Z1.6126 E0.02133 F1080
G1 X96.6963 Y109.4653 Z1.6124 E0.02133 F1080
G1 X96.8425 Y109.0929 Z1.6122 E0.02133 F1080
G1 X96.9954 Y108.7233 Z1.6120 E0.02133 F1080
G1 X97.1550 Y108.3565 Z1.6118 E0.02133 F1080
G1 X97.3210 Y107.9926 Z1.6116 E0.02133 F1080
G1 X97.4936 Y107.6317 Z1.6114 E0.02133 F1080
G1 X97.6726 Y107.2740 Z1.6112 E0.02133 F1080
G1 X97.8580 Y106.9196 Z1.6110 E0.02133 F1080
G1 X98.0497 Y106.5685 Z1.6108 E0.02133 F1080
G1 X98.2477 Y106.2209 Z1.6106 E0.02133 F1080
G1 X98.4519 Y105.8769 Z1.6104 E0.02133 F1080
G1 X98.6622 Y105.5367 Z1.6102 E0.02133 F1080
G1 X98.8786 Y105.2003 Z1.6100 E0.02133 F1080
G1 X99.1010 Y104.8678 Z1.6098 E0.02133 F1080
G1 X99.3293 Y104.5393 Z1.6096 E0.02133 F1080
G1 X99.5634 Y104.2150 Z1.6094 E0.02133 F1080
G1 X99.8034 Y103.8949 Z1.6092 E0.02133 F1080
G1 X100.0490 Y103.5792 Z1.6089 E0.02133 F1080
G1 X100.3002 Y103.2679 Z1.6087 E0.02133 F1080
G1 X100.5570 Y102.9612 Z1.6085 E0.02133 F1080
G1 X100.8192 Y102.6592 Z1.6083 E0.02133 F1080
G1 X101.0868 Y102.3619 Z1.6081 E0.02133 F1080
G1 X101.3597 Y102.0694 Z1.6079 E0.02133 F1080
G1 X101.6378 Y101.7818 Z1.6077 E0.02133 F1080
G1 X101.9210 Y101.4993 Z1.6075 E0.02133 F1080
G1 X102.2092 Y101.2219 Z1.6073 E0.02133 F1080
G1 X102.5023 Y100.9497 Z1.6071 E0.02133 F1080
G1 X102.8002 Y100.6828 Z1.6069 E0.02133 F1080
G1 X103.1029 Y100.4213 Z1.6067 E0.02133 F1080
G1 X103.4102 Y100.1653 Z1.6065 E0.02133 F1080
G1 X103.7221 Y99.9148 Z1.6063 E0.02133 F1080
G1 X104.0384 Y99.6699 Z1.6061 E0.02133 F1080
G1 X104.3590 Y99.4307 Z1.6059 E0.02133 F1080
G1 X104.6839 Y99.1973 Z1.6057 E0.02133 F1080
G1 X105.0128 Y98.9697 Z1.6055 E0.02133 F1080
G1 X105.3458 Y98.7481 Z1.6053 E0.02133 F1080
G1 X105.6827 Y98.5325 Z1.6051 E0.02133 F1080
G1 X106.0235 Y98.3229 Z1.6049 E0.02133 F1080
G1 X106.3679 Y98.1195 Z1.6047 E0.02133 F1080
G1 X106.7159 Y97.9222 Z1.6045 E0.02133 F1080
G1 X107.0673 Y97.7312 Z1.6043 E0.02133 F1080
G1 X107.4222 Y97.5466 Z1.6041 E0.02133 F1080
G1 X107.7803 Y97.3683 Z1.6039 E0.02133 F1080
G1 X108.1415 Y97.1965 Z1.6037 E0.02133 F1080
G1 X108.5057 Y97.0311 Z1.6035 E0.02133 F1080
G1 X108.8728 Y96.8723 Z1.6033 E0.02133 F1080
G1 X109.2427 Y96.7201 Z1.6031 E0.02133 F1080
G1 X109.6153 Y96.5745 Z1.6029 E0.02133 F1080
G1 X109.9904 Y96.4356 Z1.6027 E0.02133 F1080
G1 X110.3680 Y96.3034 Z1.6025 E0.02133 F1080
G1 X110.7478 Y96.1781 Z1.6023 E0.02133 F1080
G1 X111.1299 Y96.0595 Z1.6020 E0.02133 F1080
G1 X111.5140 Y95.9478 Z1.6018 E0.02133 F1080
G1 X111.9000 Y95.8429 Z1.6016 E0.02133 F1080
G1 X112.2878 Y95.7450 Z1.6014 E0.02133 F1080
G1 X112.6773 Y95.6540 Z1.6012 E0.02133 F1080
G1 X113.0684 Y95.5701 Z1.6010 E0.02133 F1080
G1 X113.4610 Y95.4931 Z1.6008 E0.02133 F1080
G1 X113.8548 Y95.4231 Z1.6006 E0.02133 F1080
G1 X114.2498 Y95.3602 Z1.6004 E0.02133 F1080
G1 X114.6459 Y95.3044 Z1.6002 E0.02133 F1080
G1 X115.0430 Y95.2557 Z1.6000 E0.02133 F1080
G1 X115.4408 Y95.2140 Z1.5998 E0.02133 F1080
G1 X115.8393 Y95.1795 Z1.5996 E0.02133 F1080
G1 X116.2384 Y95.1521 Z1.5994 E0.02133 F1080
G1 X116.6379 Y95.1319 Z1.5992 E0.02133 F1080
G1 X117.0377 Y95.1188 Z1.5990 E0.02133 F1080
G1 X117.4376 Y95.1128 Z1.5988 E0.02133 F1080
G1 X117.8376 Y95.1140 Z1.5986 E0.02133 F1080
G1 X118.2376 Y95.1223 Z1.5984 E0.02133 F1080
G1 X118.6373 Y95.1378 Z1.5982 E0.02133 F1080
G1 X119.0366 Y95.1604 Z1.5979 E0.02133 F1080
G1 X119.4355 Y95.1901 Z1.5977 E0.02133 F1080
G1 X119.8339 Y95.2270 Z1.5975 E0.02133 F1080
G1 X120.2314 Y95.2709 Z1.5973 E0.02133 F1080
G1 X120.6282 Y95.3220 Z1.5971 E0.02133 F1080
G1 X121.0239 Y95.3801 Z1.5969 E0.02133 F1080
G1 X121.4186 Y95.4453 Z1.5967 E0.02133 F1080
G1 X121.8120 Y95.5176 Z1.5965 E0.02133 F1080
G1 X122.2041 Y95.5968 Z1.5963 E0.02133 F1080
G1 X122.5947 Y95.6830 Z1.5961 E0.02133 F1080
G1 X122.9837 Y95.7762 Z1.5959 E0.02133 F1080
G1 X123.3710 Y95.8764 Z1.5957 E0.02133 F1080
G1 X123.7564 Y95.9834 Z1.5955 E0.02133 F1080
G1 X124.1399 Y96.0973 Z1.5953 E0.02133 F1080
G1 X124.5212 Y96.2180 Z1.5951 E0.02133 F1080
G1 X124.9004 Y96.3455 Z1.5949 E0.02133 F1080
G1 X125.2772 Y96.4797 Z1.5946 E0.02133 F1080
G1 X125.6515 Y96.6207 Z1.5944 E0.02133 F1080
G1 X126.0233 Y96.7683 Z1.5942 E0.02133 F1080
G1 X126.3924 Y96.9225 Z1.5940 E0.02133 F1080
G1 X126.7587 Y97.0833 Z1.5938 E0.02133 F1080
G1 X127.1220 Y97.2505 Z1.5936 E0.02133 F1080
G1 X127.4823 Y97.4243 Z1.5934 E0.02133 F1080
G1 X127.8395 Y97.6044 Z1.5932 E0.02133 F1080
G1 X128.1933 Y97.7909 Z1.5930 E0.02133 F1080
G1 X128.5438 Y97.9837 Z1.5928 E0.02133 F1080
G1 X128.8908 Y98.1827 Z1.5926 E0.02133 F1080
G1 X129.2342 Y98.3878 Z1.5924 E0.02133 F1080
G1 X129.5739 Y98.5991 Z1.5922 E0.02133 F1080
G1 X129.9098 Y98.8163 Z1.5919 E0.02133 F1080
G1 X130.2417 Y99.0396 Z1.5917 E0.02133 F1080
G1 X130.5696 Y99.2687 Z1.5915 E0.02133 F1080
G1 X130.8934 Y99.5036 Z1.5913 E0.02133 F1080
G1 X131.2129 Y99.7442 Z1.5911 E0.02133 F1080
G1 X131.5281 Y99.9905 Z1.5909 E0.02133 F1080
G1 X131.8388 Y100.2424 Z1.5907 E0.02133 F1080
G1 X132.1450 Y100.4998 Z1.5905 E0.02133 F1080
G1 X132.4466 Y100.7626 Z1.5903 E0.02133 F1080
G1 X132.7434 Y101.0307 Z1.5901 E0.02133 F1080
G1 X133.0354 Y101.3041 Z1.5899 E0.02133 F1080
G1 X133.3225 Y101.5827 Z1.5897 E0.02133 F1080
G1 X133.6046 Y101.8663 Z1.5894 E0.02133 F1080
G1 X133.8815 Y102.1549 Z1.5892 E0.02133 F1080
G1 X134.1533 Y102.4484 Z1.5890 E0.02133 F1080
G1 X134.4198 Y102.7467 Z1.5888 E0.02133 F1080
G1 X134.6810 Y103.0497 Z1.5886 E0.02133 F1080
G1 X134.9367 Y103.3573 Z1.5884 E0.02133 F1080
G1 X135.1869 Y103.6694 Z1.5882 E0.02133 F1080
G1 X135.4315 Y103.9859 Z1.5880 E0.02133 F1080
G1 X135.6704 Y104.3067 Z1.5878 E0.02133 F1080
G1 X135.9036 Y104.6317 Z1.5876 E0.02133 F1080
G1 X136.1309 Y104.9608 Z1.5874 E0.02133 F1080
G1 X136.3524 Y105.2940 Z1.5871 E0.02133 F1080
G1 X136.5679 Y105.6310 Z1.5869 E0.02133 F1080
G1 X136.7773 Y105.9718 Z1.5867 E0.02133 F1080
G1 X136.9806 Y106.3162 Z1.5865 E0.02133 F1080
G1 X137.1778 Y106.6643 Z1.5863 E0.02133 F1080
G1 X137.3688 Y107.0158 Z1.5861 E0.02133 F1080
G1 X137.5534 Y107.3706 Z1.5859 E0.02133 F1080
G1 X137.7317 Y107.7287 Z1.5857 E0.02133 F1080
G1 X137.9036 Y108.0899 Z1.5855 E0.02133 F1080
G1 X138.0691 Y108.4541 Z1.5853 E0.02133 F1080
G1 X138.2280 Y108.8211 Z1.5850 E0.02133 F1080
G1 X138.3804 Y109.1910 Z1.5848 E0.02133 F1080
G1 X138.5262 Y109.5635 Z1.5846 E0.02133 F1080
G1 X138.6653 Y109.9385 Z1.5844 E0.02133 F1080
G1 X138.7977 Y110.3160 Z1.5842 E0.02133 F1080
G1 X138.9234 Y110.6957 Z1.5840 E0.02133 F1080
G1 X139.0423 Y111.0777 Z1.5838 E0.02133 F1080
G1 X139.1544 Y111.4616 Z1.5836 E0.02133 F1080
G1 X139.2596 Y111.8475 Z1.5834 E0.02133 F1080
G1 X139.3580 Y112.2353 Z1.5831 E0.02133 F1080
G1 X139.4494 Y112.6247 Z1.5829 E0.02133 F1080
G1 X139.5339 Y113.0157 Z1.5827 E0.02133 F1080
G1 X139.6115 Y113.4081 Z1.5825 E0.02133 F1080
G1 X139.6820 Y113.8018 Z1.5823 E0.02133 F1080
G1 X139.7455 Y114.1968 Z1.5821 E0.02133 F1080
G1 X139.8020 Y114.5928 Z1.5819 E0.02133 F1080
G1 X139.8515 Y114.9897 Z1.5817 E0.02133 F1080
G1 X139.8938 Y115.3875 Z1.5815 E0.02133 F1080
G1 X139.9291 Y115.7859 Z1.5812 E0.02133 F1080
G1 X139.9573 Y116.1849 Z1.5810 E0.02133 F1080
G1 X139.9784 Y116.5844 Z1.5808 E0.02133 F1080
G1 X139.9924 Y116.9841 Z1.5806 E0.02133 F1080
G1 X139.9993 Y117.3841 Z1.5804 E0.02133 F1080
G1 X139.9991 Y117.7841 Z1.5802 E0.02133 F1080
G1 X139.9918 Y118.1840 Z1.5800 E0.02133 F1080
G1 X139.9773 Y118.5838 Z1.5798 E0.02133 F1080
G1 X139.9558 Y118.9832 Z1.5795 E0.02133 F1080
G1 X139.9272 Y119.3822 Z1.5793 E0.02133 F1080
G1 X139.8914 Y119.7806 Z1.5791 E0.02133 F1080
G1 X139.8486 Y120.1783 Z1.5789 E0.02133 F1080
G1 X139.7988 Y120.5752 Z1.5787 E0.02133 F1080
G1 X139.7419 Y120.9711 Z1.5785 E0.02133 F1080
G1 X139.6779 Y121.3660 Z1.5783 E0.02133 F1080
G1 X139.6070 Y121.7597 Z1.5781 E0.02133 F1080
G1 X139.5291 Y122.1520 Z1.5778 E0.02133 F1080
G1 X139.4442 Y122.5429 Z1.5776 E0.02133 F1080
G1 X139.3524 Y122.9322 Z1.5774 E0.02133 F1080
G1 X139.2537 Y123.3199 Z1.5772 E0.02133 F1080
G1 X139.1481 Y123.7057 Z1.5770 E0.02133 F1080
G1 X139.0357 Y124.0896 Z1.5768 E0.02133 F1080
G1 X138.9164 Y124.4714 Z1.5766 E0.02133 F1080
G1 X138.7905 Y124.8511 Z1.5763 E0.02133 F1080
G1 X138.6578 Y125.2284 Z1.5761 E0.02133 F1080
G1 X138.5184 Y125.6034 Z1.5759 E0.02133 F1080
G1 X138.3724 Y125.9758 Z1.5757 E0.02133 F1080
G1 X138.2198 Y126.3455 Z1.5755 E0.02133 F1080
G1 X138.0606 Y126.7125 Z1.5753 E0.02133 F1080
G1 X137.8950 Y127.0766 Z1.5751 E0.02133 F1080
G1 X137.7229 Y127.4377 Z1.5749 E0.02133 F1080
G1 X137.5444 Y127.7957 Z1.5746 E0.02133 F1080
G1 X137.3596 Y128.1505 Z1.5744 E0.02133 F1080
G1 X137.1686 Y128.5019 Z1.5742 E0.02133 F1080
G1 X136.9713 Y128.8499 Z1.5740 E0.02133 F1080
G1 X136.7679 Y129.1943 Z1.5738 E0.02133 F1080
G1 X136.5584 Y129.5351 Z1.5736 E0.02133 F1080
G1 X136.3429 Y129.8721 Z1.5734 E0.02133 F1080
G1 X136.1215 Y130.2052 Z1.5731 E0.02133 F1080
G1 X135.8942 Y130.5343 Z1.5729 E0.02133 F1080
G1 X135.6610 Y130.8594 Z1.5727 E0.02133 F1080
G1 X135.4222 Y131.1802 Z1.5725 E0.02133 F1080
G1 X135.1777 Y131.4968 Z1.5723 E0.02133 F1080
G1 X134.9276 Y131.8090 Z1.5721 E0.02133 F1080
G1 X134.6720 Y132.1167 Z1.5718 E0.02133 F1080
G1 X134.4110 Y132.4198 Z1.5716 E0.02133 F1080
G1 X134.1446 Y132.7183 Z1.5714 E0.02133 F1080
G1 X133.8730 Y133.0120 Z1.5712 E0.02133 F1080
G1 X133.5963 Y133.3008 Z1.5710 E0.02133 F1080
G1 X133.3144 Y133.5846 Z1.5708 E0.02133 F1080
G1 X133.0276 Y133.8634 Z1.5706 E0.02133 F1080
G1 X132.7359 Y134.1371 Z1.5703 E0.02133 F1080
G1 X132.4394 Y134.4056 Z1.5701 E0.02133 F1080
G1 X132.1381 Y134.6688 Z1.5699 E0.02133 F1080
G1 X131.8323 Y134.9265 Z1.5697 E0.02133 F1080
G1 X131.5219 Y135.1789 Z1.5695 E0.02133 F1080
G1 X131.2071 Y135.4257 Z1.5693 E0.02133 F1080
G1 X130.8879 Y135.6668 Z1.5690 E0.02133 F1080
G1 X130.5646 Y135.9023 Z1.5688 E0.02133 F1080
G1 X130.2371 Y136.1320 Z1.5686 E0.02133 F1080
G1 X129.9056 Y136.3559 Z1.5684 E0.02133 F1080
G1 X129.5702 Y136.5738 Z1.5682 E0.02133 F1080
G1 X129.2310 Y136.7858 Z1.5680 E0.02133 F1080
G1 X128.8880 Y136.9917 Z1.5678 E0.02133 F1080
G1 X128.5415 Y137.1915 Z1.5675 E0.02133 F1080
G1 X128.1915 Y137.3852 Z1.5673 E0.02133 F1080
G1 X127.8381 Y137.5726 Z1.5671 E0.02133 F1080
G1 X127.4815 Y137.7537 Z1.5669 E0.02133 F1080
G1 X127.1217 Y137.9285 Z1.5667 E0.02133 F1080
G1 X126.7588 Y138.0969 Z1.5665 E0.02133 F1080
G1 X126.3931 Y138.2588 Z1.5662 E0.02133 F1080
G1 X126.0245 Y138.4142 Z1.5660 E0.02133 F1080
G1 X125.6532 Y138.5631 Z1.5658 E0.02133 F1080
G1 X125.2794 Y138.7054 Z1.5656 E0.02133 F1080
G1 X124.9030 Y138.8410 Z1.5654 E0.02133 F1080
G1 X124.5244 Y138.9700 Z1.5652 E0.02133 F1080
G1 X124.1435 Y139.0922 Z1.5649 E0.02133 F1080
G1 X123.7605 Y139.2076 Z1.5647 E0.02133 F1080
G1 X123.3756 Y139.3163 Z1.5645 E0.02133 F1080
G1 X122.9887 Y139.4181 Z1.5643 E0.02133 F1080
G1 X122.6002 Y139.5131 Z1.5641 E0.02133 F1080
G1 X122.2100 Y139.6012 Z1.5638 E0.02133 F1080
G1 X121.8183 Y139.6823 Z1.5636 E0.02133 F1080
G1 X121.4252 Y139.7565 Z1.5634 E0.02133 F1080
G1 X121.0309 Y139.8238 Z1.5632 E0.02133 F1080
G1 X120.6354 Y139.8840 Z1.5630 E0.02133 F1080
G1 X120.2390 Y139.9372 Z1.5628 E0.02133 F1080
G1 X119.8417 Y139.9835 Z1.5625 E0.02133 F1080
G1 X119.4436 Y140.0226 Z1.5623 E0.02133 F1080
G1 X119.0449 Y140.0548 Z1.5621 E0.02133 F1080
G1 X118.6456 Y140.0798 Z1.5619 E0.02133 F1080
G1 X118.2460 Y140.0978 Z1.5617 E0.02133 F1080
G1 X117.8462 Y140.1088 Z1.5614 E0.02133 F1080
G1 X117.4462 Y140.1126 Z1.5612 E0.02133 F1080
G1 X117.0462 Y140.1094 Z1.5610 E0.02133 F1080
G1 X116.6463 Y140.0991 Z1.5608 E0.02133 F1080
G1 X116.2467 Y140.0817 Z1.5606 E0.02133 F1080
G1 X115.8474 Y140.0573 Z1.5604 E0.02133 F1080
G1 X115.4487 Y140.0258 Z1.5601 E0.02133 F1080
G1 X115.0505 Y139.9873 Z1.5599 E0.02133 F1080
G1 X114.6531 Y139.9417 Z1.5597 E0.02133 F1080
G1 X114.2566 Y139.8891 Z1.5595 E0.02133 F1080
G1 X113.8610 Y139.8295 Z1.5593 E0.02133 F1080
G1 X113.4666 Y139.7629 Z1.5590 E0.02133 F1080
G1 X113.0734 Y139.6894 Z1.5588 E0.02133 F1080
G1 X112.6816 Y139.6089 Z1.5586 E0.02133 F1080
G1 X112.2912 Y139.5215 Z1.5584 E0.02133 F1080
G1 X111.9025 Y139.4272 Z1.5582 E0.02133 F1080
G1 X111.5155 Y139.3261 Z1.5579 E0.02133 F1080
G1 X111.1303 Y139.2181 Z1.5577 E0.02133 F1080
G1 X110.7471 Y139.1034 Z1.5575 E0.02133 F1080
G1 X110.3660 Y138.9819 Z1.5573 E0.02133 F1080
G1 X109.9871 Y138.8536 Z1.5571 E0.02133 F1080
G1 X109.6106 Y138.7188 Z1.5568 E0.02133 F1080
G1 X109.2364 Y138.5772 Z1.5566 E0.02133 F1080
G1 X108.8648 Y138.4291 Z1.5564 E0.02133 F1080
G1 X108.4959 Y138.2744 Z1.5562 E0.02133 F1080
G1 X108.1298 Y138.1133 Z1.5560 E0.02133 F1080
G1 X107.7666 Y137.9457 Z1.5557 E0.02133 F1080
G1 X107.4064 Y137.7717 Z1.5555 E0.02133 F1080
G1 X107.0494 Y137.5914 Z1.5553 E0.02133 F1080
G1 X106.6956 Y137.4048 Z1.5551 E0.02133 F1080
G1 X106.3451 Y137.2120 Z1.5549 E0.02133 F1080
G1 X105.9981 Y137.0130 Z1.5546 E0.02133 F1080
G1 X105.6546 Y136.8079 Z1.5544 E0.02133 F1080
G1 X105.3149 Y136.5968 Z1.5542 E0.02133 F1080
G1 X104.9789 Y136.3798 Z1.5540 E0.02133 F1080
G1 X104.6468 Y136.1568 Z1.5538 E0.02133 F1080
G1 X104.3187 Y135.9280 Z1.5535 E0.02133 F1080
G1 X103.9947 Y135.6934 Z1.5533 E0.02133 F1080
G1 X103.6748 Y135.4532 Z1.5531 E0.02133 F1080
G1 X103.3593 Y135.2074 Z1.5529 E0.02133 F1080
G1 X103.0481 Y134.9560 Z1.5527 E0.02133 F1080
G1 X102.7415 Y134.6991 Z1.5524 E0.02133 F1080
G1 X102.4394 Y134.4369 Z1.5522 E0.02133 F1080
G1 X102.1420 Y134.1694 Z1.5520 E0.02133 F1080
G1 X101.8493 Y133.8967 Z1.5518 E0.02133 F1080
G1 X101.5615 Y133.6189 Z1.5516 E0.02133 F1080
G1 X101.2787 Y133.3361 Z1.5513 E0.02133 F1080
G1 X101.0009 Y133.0483 Z1.5511 E0.02133 F1080
G1 X100.7282 Y132.7556 Z1.5509 E0.02133 F1080
G1 X100.4607 Y132.4582 Z1.5507 E0.02133 F1080
G1 X100.1986 Y132.1561 Z1.5504 E0.02133 F1080
G1 X99.9417 Y131.8494 Z1.5502 E0.02133 F1080
G1 X99.6904 Y131.5382 Z1.5500 E0.02133 F1080
G1 X99.4445 Y131.2227 Z1.5498 E0.02133 F1080
G1 X99.2043 Y130.9029 Z1.5496 E0.02133 F1080
G1 X98.9697 Y130.5788 Z1.5493 E0.02133 F1080
G1 X98.7409 Y130.2507 Z1.5491 E0.02133 F1080
G1 X98.5179 Y129.9186 Z1.5489 E0.02133 F1080
G1 X98.3008 Y129.5827 Z1.5487 E0.02133 F1080
G1 X98.0897 Y129.2429 Z1.5484 E0.02133 F1080
G1 X97.8846 Y128.8995 Z1.5482 E0.02133 F1080
G1 X97.6856 Y128.5525 Z1.5480 E0.02133 F1080
G1 X97.4927 Y128.2021 Z1.5478 E0.02133 F1080
G1 X97.3060 Y127.8483 Z1.5476 E0.02133 F1080
G1 X97.1256 Y127.4913 Z1.5473 E0.02133 F1080
G1 X96.9515 Y127.1312 Z1.5471 E0.02133 F1080
G1 X96.7838 Y126.7680 Z1.5469 E0.02133 F1080
G1 X96.6225 Y126.4020 Z1.5467 E0.02133 F1080
G1 X96.4677 Y126.0331 Z1.5464 E0.02133 F1080
G1 X96.3194 Y125.6616 Z1.5462 E0.02133 F1080
G1 X96.1777 Y125.2876 Z1.5460 E0.02133 F1080
G1 X96.0426 Y124.9111 Z1.5458 E0.02133 F1080
G1 X95.9142 Y124.5322 Z1.5456 E0.02133 F1080
G1 X95.7924 Y124.1512 Z1.5453 E0.02133 F1080
G1 X95.6774 Y123.7681 Z1.5451 E0.02133 F1080
G1 X95.5691 Y123.3830 Z1.5449 E0.02133 F1080
G1 X95.4677 Y122.9961 Z1.5447 E0.02133 F1080
G1 X95.3731 Y122.6074 Z1.5444 E0.02133 F1080
G1 X95.2853 Y122.2172 Z1.5442 E0.02133 F1080
G1 X95.2044 Y121.8254 Z1.5440 E0.02133 F1080
G1 X95.1305 Y121.4323 Z1.5438 E0.02133 F1080
G1 X95.0634 Y121.0379 Z1.5435 E0.02133 F1080
G1 X95.0034 Y120.6425 Z1.5433 E0.02133 F1080
G1 X94.9503 Y120.2460 Z1.5431 E0.02133 F1080
G1 X94.9042 Y119.8487 Z1.5429 E0.02133 F1080
G1 X94.8650 Y119.4506 Z1.5426 E0.02133 F1080
G1 X94.8330 Y119.0519 Z1.5424 E0.02133 F1080
G1 X94.8079 Y118.6526 Z1.5422 E0.02133 F1080
G1 X94.7899 Y118.2530 Z1.5420 E0.02133 F1080
G1 X94.7789 Y117.8532 Z1.5417 E0.02133 F1080
G1 X94.7749 Y117.4532 Z1.5415 E0.02133 F1080
G1 X94.7780 Y117.0532 Z1.5413 E0.02133 F1080
G1 X94.7881 Y116.6533 Z1.5411 E0.02133 F1080
G1 X94.8053 Y116.2537 Z1.5409 E0.02133 F1080
G1 X94.8295 Y115.8544 Z1.5406 E0.02133 F1080
G1 X94.8607 Y115.4556 Z1.5404 E0.02133 F1080
G1 X94.8989 Y115.0574 Z1.5402 E0.02133 F1080
G1 X94.9441 Y114.6600 Z1.5400 E0.02133 F1080
G1 X94.9963 Y114.2634 Z1.5397 E0.02133 F1080
G1 X95.0555 Y113.8678 Z1.5395 E0.02133 F1080
G1 X95.1216 Y113.4733 Z1.5393 E0.02133 F1080
G1 X95.1947 Y113.0800 Z1.5391 E0.02133 F1080
G1 X95.2747 Y112.6881 Z1.5388 E0.02133 F1080
G1 X95.3615 Y112.2976 Z1.5386 E0.02133 F1080
G1 X95.4552 Y111.9087 Z1.5384 E0.02133 F1080
G1 X95.5557 Y111.5216 Z1.5382 E0.02133 F1080
G1 X95.6631 Y111.1362 Z1.5379 E0.02133 F1080
G1 X95.7772 Y110.7528 Z1.5377 E0.02133 F1080
G1 X95.8980 Y110.3715 Z1.5375 E0.02133 F1080
G1 X96.0255 Y109.9924 Z1.5372 E0.02133 F1080
G1 X96.1596 Y109.6155 Z1.5370 E0.02133 F1080
G1 X96.3003 Y109.2411 Z1.5368 E0.02133 F1080
G1 X96.4476 Y108.8692 Z1.5366 E0.02133 F1080
G1 X96.6015 Y108.4999 Z1.5363 E0.02133 F1080
G1 X96.7617 Y108.1334 Z1.5361 E0.02133 F1080
G1 X96.9285 Y107.7698 Z1.5359 E0.02133 F1080
G1 X97.1015 Y107.4092 Z1.5357 E0.02133 F1080
G1 X97.2809 Y107.0517 Z1.5354 E0.02133 F1080
G1 X97.4665 Y106.6973 Z1.5352 E0.02133 F1080
G1 X97.6584 Y106.3463 Z1.5350 E0.02133 F1080
G1 X97.8564 Y105.9988 Z1.5348 E0.02133 F1080
G1 X98.0604 Y105.6547 Z1.5345 E0.02133 F1080
G1 X98.2705 Y105.3143 Z1.5343 E0.02133 F1080
G1 X98.4865 Y104.9776 Z1.5341 E0.02133 F1080
G1 X98.7084 Y104.6448 Z1.5339 E0.02133 F1080
G1 X98.9361 Y104.3159 Z1.5336 E0.02133 F1080
G1 X99.1695 Y103.9911 Z1.5334 E0.02133 F1080
G1 X99.4087 Y103.6705 Z1.5332 E0.02133 F1080
G1 X99.6534 Y103.3540 Z1.5330 E0.02133 F1080
G1 X99.9036 Y103.0420 Z1.5327 E0.02133 F1080
G1 X100.1593 Y102.7344 Z1.5325 E0.02133 F1080
G1 X100.4203 Y102.4313 Z1.5323 E0.02133 F1080
G1 X100.6867 Y102.1328 Z1.5320 E0.02133 F1080
G1 X100.9582 Y101.8391 Z1.5318 E0.02133 F1080
G1 X101.2348 Y101.5501 Z1.5316 E0.02133 F1080
G1 X101.5165 Y101.2661 Z1.5314 E0.02133 F1080
G1 X101.8031 Y100.9871 Z1.5311 E0.02133 F1080
G1 X102.0946 Y100.7131 Z1.5309 E0.02133 F1080
G1 X102.3908 Y100.4443 Z1.5307 E0.02133 F1080
G1 X102.6917 Y100.1808 Z1.5305 E0.02133 F1080
G1 X102.9972 Y99.9226 Z1.5302 E0.02133 F1080
G1 X103.3072 Y99.6697 Z1.5300 E0.02133 F1080
G1 X103.6216 Y99.4224 Z1.5298 E0.02133 F1080
G1 X103.9402 Y99.1806 Z1.5295 E0.02133 F1080
G1 X104.2631 Y98.9444 Z1.5293 E0.02133 F1080
G1 X104.5900 Y98.7139 Z1.5291 E0.02133 F1080
G1 X104.9209 Y98.4893 Z1.5289 E0.02133 F1080
G1 X105.2558 Y98.2704 Z1.5286 E0.02133 F1080
G1 X105.5944 Y98.0575 Z1.5284 E0.02133 F1080
G1 X105.9367 Y97.8505 Z1.5282 E0.02133 F1080
G1 X106.2826 Y97.6496 Z1.5279 E0.02133 F1080
G1 X106.6319 Y97.4547 Z1.5277 E0.02133 F1080
G1 X106.9846 Y97.2661 Z1.5275 E0.02133 F1080
G1 X107.3406 Y97.0836 Z1.5273 E0.02133 F1080
G1 X107.6997 Y96.9074 Z1.5270 E0.02133 F1080
G1 X108.0619 Y96.7376 Z1.5268 E0.02133 F1080
G1 X108.4270 Y96.5741 Z1.5266 E0.02133 F1080
G1 X108.7948 Y96.4170 Z1.5263 E0.02133 F1080
G1 X109.1654 Y96.2665 Z1.5261 E0.02133 F1080
G1 X109.5386 Y96.1224 Z1.5259 E0.02133 F1080
G1 X109.9142 Y95.9849 Z1.5257 E0.02133 F1080
G1 X110.2922 Y95.8540 Z1.5254 E0.02133 F1080
G1 X110.6724 Y95.7298 Z1.5252 E0.02133 F1080
G1 X111.0548 Y95.6122 Z1.5250 E0.02133 F1080
G1 X111.4391 Y95.5014 Z1.5247 E0.02133 F1080
G1 X111.8254 Y95.3973 Z1.5245 E0.02133 F1080
G1 X112.2134 Y95.3000 Z1.5243 E0.02133 F1080
G1 X112.6030 Y95.2096 Z1.5241 E0.02133 F1080
G1 X112.9942 Y95.1259 Z1.5238 E0.02133 F1080
G1 X113.3868 Y95.0492 Z1.5236 E0.02133 F1080
G1 X113.7806 Y94.9793 Z1.5234 E0.02133 F1080
G1 X114.1756 Y94.9163 Z1.5231 E0.02133 F1080
G1 X114.5717 Y94.8603 Z1.5229 E0.02133 F1080
G1 X114.9687 Y94.8112 Z1.5227 E0.02133 F1080
G1 X115.3665 Y94.7691 Z1.5225 E0.02133 F1080
G1 X115.7649 Y94.7340 Z1.5222 E0.02133 F1080
G1 X116.1639 Y94.7058 Z1.5220 E0.02133 F1080
G1 X116.5634 Y94.6847 Z1.5218 E0.02133 F1080
G1 X116.9631 Y94.6705 Z1.5215 E0.02133 F1080
G1 X117.3631 Y94.6633 Z1.5213 E0.02133 F1080
G1 X117.7631 Y94.6632 Z1.5211 E0.02133 F1080
G1 X118.1630 Y94.6700 Z1.5208 E0.02133 F1080
G1 X118.5628 Y94.6839 Z1.5206 E0.02133 F1080
G1 X118.9623 Y94.7048 Z1.5204 E0.02133 F1080
G1 X119.3613 Y94.7326 Z1.5202 E0.02133 F1080
G1 X119.7598 Y94.7674 Z1.5199 E0.02133 F1080
G1 X120.1576 Y94.8093 Z1.5197 E0.02133 F1080
G1 X120.5546 Y94.8580 Z1.5195 E0.02133 F1080
G1 X120.9508 Y94.9137 Z1.5192 E0.02133 F1080
G1 X121.3458 Y94.9764 Z1.5190 E0.02133 F1080
G1 X121.7397 Y95.0459 Z1.5188 E0.02133 F1080
G1 X122.1324 Y95.1223 Z1.5185 E0.02133 F1080
G1 X122.5236 Y95.2056 Z1.5183 E0.02133 F1080
G1 X122.9134 Y95.2957 Z1.5181 E0.02133 F1080
G1 X123.3014 Y95.3927 Z1.5178 E0.02133 F1080
G1 X123.6878 Y95.4964 Z1.5176 E0.02133 F1080
G1 X124.0722 Y95.6068 Z1.5174 E0.02133 F1080
G1 X124.4547 Y95.7240 Z1.5172 E0.02133 F1080
G1 X124.8350 Y95.8478 Z1.5169 E0.02133 F1080
G1 X125.2132 Y95.9783 Z1.5167 E0.02133 F1080
G1 X125.5890 Y96.1153 Z1.5165 E0.02133 F1080
G1 X125.9623 Y96.2590 Z1.5162 E0.02133 F1080
G1 X126.3331 Y96.4091 Z1.5160 E0.02133 F1080
G1 X126.7012 Y96.5657 Z1.5158 E0.02133 F1080
G1 X127.0664 Y96.7287 Z1.5155 E0.02133 F1080
G1 X127.4288 Y96.8981 Z1.5153 E0.02133 F1080
G1 X127.7882 Y97.0737 Z1.5151 E0.02133 F1080
G1 X128.1444 Y97.2557 Z1.5148 E0.02133 F1080
G1 X128.4974 Y97.4438 Z1.5146 E0.02133 F1080
G1 X128.8471 Y97.6381 Z1.5144 E0.02133 F1080
G1 X129.1933 Y97.8385 Z1.5141 E0.02133 F1080
G1 X129.5359 Y98.0449 Z1.5139 E0.02133 F1080
G1 X129.8749 Y98.2572 Z1.5137 E0.02133 F1080
G1 X130.2101 Y98.4755 Z1.5135 E0.02133 F1080
G1 X130.5415 Y98.6996 Z1.5132 E0.02133 F1080
G1 X130.8689 Y98.9294 Z1.5130 E0.02133 F1080
G1 X131.1922 Y99.1649 Z1.5128 E0.02133 F1080
G1 X131.5114 Y99.4061 Z1.5125 E0.02133 F1080
G1 X131.8262 Y99.6527 Z1.5123 E0.02133 F1080
G1 X132.1368 Y99.9049 Z1.5121 E0.02133 F1080
G1 X132.4429 Y100.1624 Z1.5118 E0.02133 F1080
G1 X132.7444 Y100.4253 Z1.5116 E0.02133 F1080
G1 X133.0413 Y100.6933 Z1.5114 E0.02133 F1080
G1 X133.3334 Y100.9665 Z1.5111 E0.02133 F1080
G1 X133.6208 Y101.2448 Z1.5109 E0.02133 F1080
G1 X133.9032 Y101.5281 Z1.5107 E0.02133 F1080
G1 X134.1807 Y101.8162 Z1.5104 E0.02133 F1080
G1 X134.4530 Y102.1092 Z1.5102 E0.02133 F1080
G1 X134.7202 Y102.4069 Z1.5100 E0.02133 F1080
G1 X134.9822 Y102.7091 Z1.5097 E0.02133 F1080
G1 X135.2388 Y103.0160 Z1.5095 E0.02133 F1080
G1 X135.4901 Y103.3272 Z1.5093 E0.02133 F1080
G1 X135.7359 Y103.6428 Z1.5090 E0.02133 F1080
G1 X135.9761 Y103.9627 Z1.5088 E0.02133 F1080
G1 X136.2107 Y104.2866 Z1.5086 E0.02133 F1080
G1 X136.4396 Y104.6147 Z1.5083 E0.02133 F1080
G1 X136.6628 Y104.9467 Z1.5081 E0.02133 F1080
G1 X136.8801 Y105.2825 Z1.5079 E0.02133 F1080
G1 X137.0915 Y105.6221 Z1.5076 E0.02133 F1080
G1 X137.2970 Y105.9653 Z1.5074 E0.02133 F1080
G1 X137.4964 Y106.3120 Z1.5072 E0.02133 F1080
G1 X137.6897 Y106.6622 Z1.5069 E0.02133 F1080
G1 X137.8770 Y107.0157 Z1.5067 E0.02133 F1080
G1 X138.0580 Y107.3724 Z1.5065 E0.02133 F1080
G1 X138.2327 Y107.7322 Z1.5062 E0.02133 F1080
G1 X138.4012 Y108.0950 Z1.5060 E0.02133 F1080
G1 X138.5633 Y108.4607 Z1.5058 E0.02133 F1080
G1 X138.7190 Y108.8292 Z1.5055 E0.02133 F1080
G1 X138.8682 Y109.2003 Z1.5053 E0.02133 F1080
G1 X139.0109 Y109.5740 Z1.5051 E0.02133 F1080
G1 X139.1471 Y109.9501 Z1.5048 E0.02133 F1080
G1 X139.2767 Y110.3285 Z1.5046 E0.02133 F1080
G1 X139.3997 Y110.7091 Z1.5044 E0.02133 F1080
G1 X139.5161 Y111.0918 Z1.5041 E0.02133 F1080
G1 X139.6257 Y111.4765 Z1.5039 E0.02133 F1080
G1 X139.7286 Y111.8631 Z1.5037 E0.02133 F1080
G1 X139.8248 Y112.2514 Z1.5034 E0.02133 F1080
G1 X139.9141 Y112.6413 Z1.5032 E0.02133 F1080
G1 X139.9967 Y113.0327 Z1.5030 E0.02133 F1080
G1 X140.0724 Y113.4254 Z1.5027 E0.02133 F1080
G1 X140.1413 Y113.8195 Z1.5025 E0.02133 F1080
G1 X140.2032 Y114.2146 Z1.5023 E0.02133 F1080
G1 X140.2583 Y114.6108 Z1.5020 E0.02133 F1080
G1 X140.3065 Y115.0079 Z1.5018 E0.02133 F1080
G1 X140.3477 Y115.4058 Z1.5015 E0.02133 F1080
G1 X140.3820 Y115.8044 Z1.5013 E0.02133 F1080
G1 X140.4093 Y116.2034 Z1.5011 E0.02133 F1080
G1 X140.4297 Y116.6029 Z1.5008 E0.02133 F1080
G1 X140.4431 Y117.0027 Z1.5006 E0.02133 F1080
G1 X140.4495 Y117.4027 Z1.5004 E0.02133 F1080
G1 X140.4489 Y117.8027 Z1.5001 E0.02133 F1080
G1 X140.4414 Y118.2026 Z1.4999 E0.02133 F1080
G1 X140.4270 Y118.6023 Z1.4997 E0.02133 F1080
G1 X140.4055 Y119.0018 Z1.4994 E0.02133 F1080
G1 X140.3771 Y119.4008 Z1.4992 E0.02133 F1080
G1 X140.3418 Y119.7992 Z1.4990 E0.02133 F1080
G1 X140.2995 Y120.1970 Z1.4987 E0.02133 F1080
G1 X140.2503 Y120.5940 Z1.4985 E0.02133 F1080
G1 X140.1941 Y120.9900 Z1.4983 E0.02133 F1080
G1 X140.1311 Y121.3850 Z1.4980 E0.02133 F1080
G1 X140.0613 Y121.7789 Z1.4978 E0.02133 F1080
G1 X139.9845 Y122.1715 Z1.4975 E0.02133 F1080
G1 X139.9010 Y122.5626 Z1.4973 E0.02133 F1080
G1 X139.8106 Y122.9523 Z1.4971 E0.02133 F1080
G1 X139.7135 Y123.3403 Z1.4968 E0.02133 F1080
G1 X139.6096 Y123.7266 Z1.4966 E0.02133 F1080
G1 X139.4990 Y124.1110 Z1.4964 E0.02133 F1080
G1 X139.3818 Y124.4935 Z1.4961 E0.02133 F1080
G1 X139.2579 Y124.8738 Z1.4959 E0.02133 F1080
G1 X139.1273 Y125.2519 Z1.4957 E0.02133 F1080
G1 X138.9903 Y125.6277 Z1.4954 E0.02133 F1080
G1 X138.8467 Y126.0011 Z1.4952 E0.02133 F1080
G1 X138.6966 Y126.3719 Z1.4949 E0.02133 F1080
G1 X138.5401 Y126.7400 Z1.4947 E0.02133 F1080
G1 X138.3772 Y127.1053 Z1.4945 E0.02133 F1080
G1 X138.2080 Y127.4678 Z1.4942 E0.02133 F1080
G1 X138.0325 Y127.8272 Z1.4940 E0.02133 F1080
G1 X137.8508 Y128.1836 Z1.4938 E0.02133 F1080
G1 X137.6629 Y128.5367 Z1.4935 E0.02133 F1080
G1 X137.4689 Y128.8865 Z1.4933 E0.02133 F1080
G1 X137.2688 Y129.2329 Z1.4931 E0.02133 F1080
G1 X137.0627 Y129.5757 Z1.4928 E0.02133 F1080
G1 X136.8507 Y129.9149 Z1.4926 E0.02133 F1080
G1 X136.6328 Y130.2504 Z1.4923 E0.02133 F1080
G1 X136.4091 Y130.5820 Z1.4921 E0.02133 F1080
G1 X136.1797 Y130.9097 Z1.4919 E0.02133 F1080
G1 X135.9446 Y131.2333 Z1.4916 E0.02133 F1080
G1 X135.7040 Y131.5528 Z1.4914 E0.02133 F1080
G1 X135.4578 Y131.8681 Z1.4912 E0.02133 F1080
G1 X135.2061 Y132.1790 Z1.4909 E0.02133 F1080
G1 X134.9491 Y132.4855 Z1.4907 E0.02133 F1080
G1 X134.6868 Y132.7875 Z1.4904 E0.02133 F1080
G1 X134.4193 Y133.0849 Z1.4902 E0.02133 F1080
G1 X134.1466 Y133.3776 Z1.4900 E0.02133 F1080
G1 X133.8689 Y133.6655 Z1.4897 E0.02133 F1080
G1 X133.5863 Y133.9486 Z1.4895 E0.02133 F1080
G1 X133.2988 Y134.2267 Z1.4893 E0.02133 F1080
G1 X133.0064 Y134.4997 Z1.4890 E0.02133 F1080
G1 X132.7094 Y134.7676 Z1.4888 E0.02133 F1080
G1 X132.4078 Y135.0303 Z1.4885 E0.02133 F1080
G1 X132.1016 Y135.2878 Z1.4883 E0.02133 F1080
G1 X131.7910 Y135.5398 Z1.4881 E0.02133 F1080
G1 X131.4761 Y135.7865 Z1.4878 E0.02133 F1080
G1 X131.1569 Y136.0276 Z1.4876 E0.02133 F1080
G1 X130.8336 Y136.2631 Z1.4874 E0.02133 F1080
G1 X130.5063 Y136.4930 Z1.4871 E0.02133 F1080
G1 X130.1750 Y136.7172 Z1.4869 E0.02133 F1080
G1 X129.8398 Y136.9356 Z1.4866 E0.02133 F1080
G1 X129.5009 Y137.1481 Z1.4864 E0.02133 F1080
G1 X129.1584 Y137.3547 Z1.4862 E0.02133 F1080
G1 X128.8123 Y137.5553 Z1.4859 E0.02133 F1080
G1 X128.4629 Y137.7499 Z1.4857 E0.02133 F1080
G1 X128.1100 Y137.9383 Z1.4854 E0.02133 F1080
G1 X127.7540 Y138.1207 Z1.4852 E0.02133 F1080
G1 X127.3948 Y138.2968 Z1.4850 E0.02133 F1080
G1 X127.0327 Y138.4666 Z1.4847 E0.02133 F1080
G1 X126.6676 Y138.6301 Z1.4845 E0.02133 F1080
G1 X126.2998 Y138.7873 Z1.4843 E0.02133 F1080
G1 X125.9293 Y138.9380 Z1.4840 E0.02133 F1080
G1 X125.5562 Y139.0823 Z1.4838 E0.02133 F1080
G1 X125.1807 Y139.2201 Z1.4835 E0.02133 F1080
G1 X124.8028 Y139.3514 Z1.4833 E0.02133 F1080
G1 X124.4227 Y139.4761 Z1.4831 E0.02133 F1080
G1 X124.0405 Y139.5941 Z1.4828 E0.02133 F1080
G1 X123.6564 Y139.7055 Z1.4826 E0.02133 F1080
G1 X123.2703 Y139.8102 Z1.4823 E0.02133 F1080
G1 X122.8825 Y139.9082 Z1.4821 E0.02133 F1080
G1 X122.4930 Y139.9995 Z1.4819 E0.02133 F1080
G1 X122.1020 Y140.0840 Z1.4816 E0.02133 F1080
G1 X121.7096 Y140.1617 Z1.4814 E0.02133 F1080
G1 X121.3160 Y140.2325 Z1.4811 E0.02133 F1080
G1 X120.9211 Y140.2966 Z1.4809 E0.02133 F1080
G1 X120.5252 Y140.3537 Z1.4807 E0.02133 F1080
G1 X120.1284 Y140.4040 Z1.4804 E0.02133 F1080
G1 X119.7307 Y140.4474 Z1.4802 E0.02133 F1080
G1 X119.3324 Y140.4839 Z1.4799 E0.02133 F1080
G1 X118.9335 Y140.5134 Z1.4797 E0.02133 F1080
G1 X118.5341 Y140.5361 Z1.4795 E0.02133 F1080
G1 X118.1344 Y140.5518 Z1.4792 E0.02133 F1080
G1 X117.7345 Y140.5606 Z1.4790 E0.02133 F1080
G1 X117.3345 Y140.5624 Z1.4787 E0.02133 F1080
G1 X116.9345 Y140.5573 Z1.4785 E0.02133 F1080
G1 X116.5347 Y140.5453 Z1.4783 E0.02133 F1080
G1 X116.1351 Y140.5263 Z1.4780 E0.02133 F1080
G1 X115.7360 Y140.5004 Z1.4778 E0.02133 F1080
G1 X115.3373 Y140.4676 Z1.4775 E0.02133 F1080
G1 X114.9393 Y140.4279 Z1.4773 E0.02133 F1080
G1 X114.5420 Y140.3813 Z1.4771 E0.02133 F1080
G1 X114.1456 Y140.3278 Z1.4768 E0.02133 F1080
G1 X113.7501 Y140.2675 Z1.4766 E0.02133 F1080
G1 X113.3558 Y140.2003 Z1.4763 E0.02133 F1080
G1 X112.9627 Y140.1262 Z1.4761 E0.02133 F1080
G1 X112.5710 Y140.0454 Z1.4759 E0.02133 F1080
G1 X112.1807 Y139.9578 Z1.4756 E0.02133 F1080
G1 X111.7920 Y139.8634 Z1.4754 E0.02133 F1080
G1 X111.4049 Y139.7623 Z1.4751 E0.02133 F1080
G1 X111.0197 Y139.6546 Z1.4749 E0.02133 F1080
G1 X110.6364 Y139.5401 Z1.4747 E0.02133 F1080
G1 X110.2552 Y139.4191 Z1.4744 E0.02133 F1080
G1 X109.8761 Y139.2914 Z1.4742 E0.02133 F1080
G1 X109.4993 Y139.1573 Z1.4739 E0.02133 F1080
G1 X109.1248 Y139.0166 Z1.4737 E0.02133 F1080
G1 X108.7529 Y138.8694 Z1.4734 E0.02133 F1080
G1 X108.3835 Y138.7158 Z1.4732 E0.02133 F1080
G1 X108.0169 Y138.5558 Z1.4730 E0.02133 F1080
G1 X107.6531 Y138.3895 Z1.4727 E0.02133 F1080
G1 X107.2922 Y138.2170 Z1.4725 E0.02133 F1080
G1 X106.9344 Y138.0382 Z1.4722 E0.02133 F1080
G1 X106.5797 Y137.8532 Z1.4720 E0.02133 F1080
G1 X106.2283 Y137.6622 Z1.4718 E0.02133 F1080
G1 X105.8802 Y137.4650 Z1.4715 E0.02133 F1080
G1 X105.5356 Y137.2619 Z1.4713 E0.02133 F1080
G1 X105.1946 Y137.0528 Z1.4710 E0.02133 F1080
G1 X104.8572 Y136.8379 Z1.4708 E0.02133 F1080
G1 X104.5237 Y136.6171 Z1.4705 E0.02133 F1080
G1 X104.1939 Y136.3907 Z1.4703 E0.02133 F1080
G1 X103.8682 Y136.1585 Z1.4701 E0.02133 F1080
G1 X103.5465 Y135.9207 Z1.4698 E0.02133 F1080
G1 X103.2290 Y135.6774 Z1.4696 E0.02133 F1080
G1 X102.9158 Y135.4287 Z1.4693 E0.02133 F1080
G1 X102.6069 Y135.1745 Z1.4691 E0.02133 F1080
G1 X102.3024 Y134.9151 Z1.4689 E0.02133 F1080
G1 X102.0025 Y134.6504 Z1.4686 E0.02133 F1080
G1 X101.7072 Y134.3806 Z1.4684 E0.02133 F1080
G1 X101.4166 Y134.1057 Z1.4681 E0.02133 F1080
G1 X101.1308 Y133.8258 Z1.4679 E0.02133 F1080
G1 X100.8499 Y133.5410 Z1.4676 E0.02133 F1080
G1 X100.5740 Y133.2514 Z1.4674 E0.02133 F1080
G1 X100.3031 Y132.9571 Z1.4672 E0.02133 F1080
G1 X100.0374 Y132.6581 Z1.4669 E0.02133 F1080
G1 X99.7769 Y132.3546 Z1.4667 E0.02133 F1080
G1 X99.5216 Y132.0466 Z1.4664 E0.02133 F1080
G1 X99.2718 Y131.7342 Z1.4662 E0.02133 F1080
G1 X99.0273 Y131.4176 Z1.4659 E0.02133 F1080
G1 X98.7884 Y131.0968 Z1.4657 E0.02133 F1080
G1 X98.5550 Y130.7719 Z1.4655 E0.02133 F1080
G1 X98.3274 Y130.4430 Z1.4652 E0.02133 F1080
G1 X98.1054 Y130.1102 Z1.4650 E0.02133 F1080
G1 X97.8892 Y129.7737 Z1.4647 E0.02133 F1080
G1 X97.6789 Y129.4334 Z1.4645 E0.02133 F1080
G1 X97.4745 Y129.0896 Z1.4642 E0.02133 F1080
G1 X97.2760 Y128.7423 Z1.4640 E0.02133 F1080
G1 X97.0836 Y128.3916 Z1.4638 E0.02133 F1080
G1 X96.8973 Y128.0376 Z1.4635 E0.02133 F1080
G1 X96.7171 Y127.6805 Z1.4633 E0.02133 F1080
G1 X96.5432 Y127.3203 Z1.4630 E0.02133 F1080
G1 X96.3754 Y126.9571 Z1.4628 E0.02133 F1080
G1 X96.2140 Y126.5911 Z1.4625 E0.02133 F1080
G1 X96.0590 Y126.2224 Z1.4623 E0.02133 F1080
G1 X95.9103 Y125.8511 Z1.4620 E0.02133 F1080
G1 X95.7680 Y125.4772 Z1.4618 E0.02133 F1080
G1 X95.6323 Y125.1009 Z1.4616 E0.02133 F1080
G1 X95.5031 Y124.7224 Z1.4613 E0.02133 F1080
G1 X95.3804 Y124.3416 Z1.4611 E0.02133 F1080
G1 X95.2643 Y123.9588 Z1.4608 E0.02133 F1080
G1 X95.1549 Y123.5741 Z1.4606 E0.02133 F1080
G1 X95.0521 Y123.1875 Z1.4603 E0.02133 F1080
G1 X94.9560 Y122.7992 Z1.4601 E0.02133 F1080
G1 X94.8666 Y122.4093 Z1.4599 E0.02133 F1080
G1 X94.7840 Y122.0180 Z1.4596 E0.02133 F1080
G1 X94.7081 Y121.6252 Z1.4594 E0.02133 F1080
G1 X94.6391 Y121.2312 Z1.4591 E0.02133 F1080
G1 X94.5768 Y120.8361 Z1.4589 E0.02133 F1080
G1 X94.5214 Y120.4399 Z1.4586 E0.02133 F1080
G1 X94.4729 Y120.0429 Z1.4584 E0.02133 F1080
G1 X94.4312 Y119.6450 Z1.4581 E0.02133 F1080
G1 X94.3963 Y119.2466 Z1.4579 E0.02133 F1080
G1 X94.3684 Y118.8475 Z1.4577 E0.02133 F1080
G1 X94.3473 Y118.4481 Z1.4574 E0.02133 F1080
G1 X94.3332 Y118.0483 Z1.4572 E0.02133 F1080
G1 X94.3259 Y117.6484 Z1.4569 E0.02133 F1080
G1 X94.3256 Y117.2484 Z1.4567 E0.02133 F1080
G1 X94.3321 Y116.8484 Z1.4564 E0.02133 F1080
G1 X94.3456 Y116.4486 Z1.4562 E0.02133 F1080
G1 X94.3660 Y116.0491 Z1.4559 E0.02133 F1080
G1 X94.3932 Y115.6501 Z1.4557 E0.02133 F1080
G1 X94.4273 Y115.2515 Z1.4555 E0.02133 F1080
G1 X94.4683 Y114.8536 Z1.4552 E0.02133 F1080
G1 X94.5162 Y114.4565 Z1.4550 E0.02133 F1080
G1 X94.5709 Y114.0602 Z1.4547 E0.02133 F1080
G1 X94.6324 Y113.6650 Z1.4545 E0.02133 F1080
G1 X94.7008 Y113.2709 Z1.4542 E0.02133 F1080
G1 X94.7759 Y112.8780 Z1.4540 E0.02133 F1080
G1 X94.8578 Y112.4864 Z1.4537 E0.02133 F1080
G1 X94.9465 Y112.0964 Z1.4535 E0.02133 F1080
G1 X95.0418 Y111.7079 Z1.4532 E0.02133 F1080
G1 X95.1438 Y111.3211 Z1.4530 E0.02133 F1080
G1 X95.2525 Y110.9362 Z1.4528 E0.02133 F1080
G1 X95.3679 Y110.5531 Z1.4525 E0.02133 F1080
G1 X95.4898 Y110.1722 Z1.4523 E0.02133 F1080
G1 X95.6182 Y109.7933 Z1.4520 E0.02133 F1080
G1 X95.7532 Y109.4168 Z1.4518 E0.02133 F1080
G1 X95.8946 Y109.0426 Z1.4515 E0.02133 F1080
G1 X96.0425 Y108.6709 Z1.4513 E0.02133 F1080
G1 X96.1967 Y108.3019 Z1.4510 E0.02133 F1080
G1 X96.3573 Y107.9355 Z1.4508 E0.02133 F1080
G1 X96.5242 Y107.5720 Z1.4505 E0.02133 F1080
G1 X96.6973 Y107.2114 Z1.4503 E0.02133 F1080
G1 X96.8766 Y106.8538 Z1.4501 E0.02133 F1080
G1 X97.0621 Y106.4994 Z1.4498 E0.02133 F1080
G1 X97.2536 Y106.1482 Z1.4496 E0.02133 F1080
G1 X97.4512 Y105.8004 Z1.4493 E0.02133 F1080
G1 X97.6547 Y105.4560 Z1.4491 E0.02133 F1080
G1 X97.8641 Y105.1152 Z1.4488 E0.02133 F1080
G1 X98.0794 Y104.7781 Z1.4486 E0.02133 F1080
G1 X98.3004 Y104.4447 Z1.4483 E0.02133 F1080
G1 X98.5272 Y104.1152 Z1.4481 E0.02133 F1080
G1 X98.7596 Y103.7896 Z1.4478 E0.02133 F1080
G1 X98.9975 Y103.4681 Z1.4476 E0.02133 F1080
G1 X99.2410 Y103.1507 Z1.4473 E0.02133 F1080
G1 X99.4899 Y102.8376 Z1.4471 E0.02133 F1080
G1 X99.7442 Y102.5287 Z1.4469 E0.02133 F1080
G1 X100.0037 Y102.2244 Z1.4466 E0.02133 F1080
G1 X100.2684 Y101.9245 Z1.4464 E0.02133 F1080
G1 X100.5383 Y101.6292 Z1.4461 E0.02133 F1080
G1 X100.8132 Y101.3387 Z1.4459 E0.02133 F1080
G1 X101.0931 Y101.0529 Z1.4456 E0.02133 F1080
G1 X101.3778 Y100.7719 Z1.4454 E0.02133 F1080
G1 X101.6674 Y100.4960 Z1.4451 E0.02133 F1080
G1 X101.9616 Y100.2250 Z1.4449 E0.02133 F1080
G1 X102.2605 Y99.9591 Z1.4446 E0.02133 F1080
G1 X102.5639 Y99.6985 Z1.4444 E0.02133 F1080
G1 X102.8718 Y99.4431 Z1.4441 E0.02133 F1080
G1 X103.1840 Y99.1930 Z1.4439 E0.02133 F1080
G1 X103.5004 Y98.9483 Z1.4436 E0.02133 F1080
G1 X103.8210 Y98.7091 Z1.4434 E0.02133 F1080
G1 X104.1457 Y98.4755 Z1.4431 E0.02133 F1080
G1 X104.4744 Y98.2475 Z1.4429 E0.02133 F1080
G1 X104.8069 Y98.0252 Z1.4427 E0.02133 F1080
G1 X105.1432 Y97.8086 Z1.4424 E0.02133 F1080
G1 X105.4832 Y97.5979 Z1.4422 E0.02133 F1080
G1 X105.8268 Y97.3930 Z1.4419 E0.02133 F1080
G1 X106.1738 Y97.1941 Z1.4417 E0.02133 F1080
G1 X106.5242 Y97.0012 Z1.4414 E0.02133 F1080
G1 X106.8779 Y96.8143 Z1.4412 E0.02133 F1080
G1 X107.2348 Y96.6336 Z1.4409 E0.02133 F1080
G1 X107.5947 Y96.4590 Z1.4407 E0.02133 F1080
G1 X107.9575 Y96.2906 Z1.4404 E0.02133 F1080
G1 X108.3232 Y96.1285 Z1.4402 E0.02133 F1080
G1 X108.6916 Y95.9727 Z1.4399 E0.02133 F1080
G1 X109.0627 Y95.8233 Z1.4397 E0.02133 F1080
G1 X109.4362 Y95.6802 Z1.4394 E0.02133 F1080
G1 X109.8122 Y95.5436 Z1.4392 E0.02133 F1080
G1 X110.1904 Y95.4135 Z1.4389 E0.02133 F1080
G1 X110.5709 Y95.2899 Z1.4387 E0.02133 F1080
G1 X110.9534 Y95.1729 Z1.4384 E0.02133 F1080
G1 X111.3378 Y95.0625 Z1.4382 E0.02133 F1080
G1 X111.7242 Y94.9587 Z1.4379 E0.02133 F1080
G1 X112.1122 Y94.8615 Z1.4377 E0.02133 F1080
G1 X112.5018 Y94.7711 Z1.4374 E0.02133 F1080
G1 X112.8930 Y94.6873 Z1.4372 E0.02133 F1080
G1 X113.2855 Y94.6103 Z1.4369 E0.02133 F1080
G1 X113.6793 Y94.5400 Z1.4367 E0.02133 F1080
G1 X114.0742 Y94.4766 Z1.4365 E0.02133 F1080
G1 X114.4702 Y94.4199 Z1.4362 E0.02133 F1080
G1 X114.8671 Y94.3700 Z1.4360 E0.02133 F1080
G1 X115.2648 Y94.3269 Z1.4357 E0.02133 F1080
G1 X115.6631 Y94.2907 Z1.4355 E0.02133 F1080
G1 X116.0620 Y94.2614 Z1.4352 E0.02133 F1080
G1 X116.4614 Y94.2389 Z1.4350 E0.02133 F1080
G1 X116.8611 Y94.2232 Z1.4347 E0.02133 F1080
G1 X117.2610 Y94.2145 Z1.4345 E0.02133 F1080
G1 X117.6610 Y94.2126 Z1.4342 E0.02133 F1080
G1 X118.0610 Y94.2175 Z1.4340 E0.02133 F1080
G1 X118.4608 Y94.2294 Z1.4337 E0.02133 F1080
G1 X118.8604 Y94.2481 Z1.4335 E0.02133 F1080
G1 X119.2596 Y94.2736 Z1.4332 E0.02133 F1080
G1 X119.6583 Y94.3061 Z1.4330 E0.02133 F1080
G1 X120.0564 Y94.3453 Z1.4327 E0.02133 F1080
G1 X120.4537 Y94.3914 Z1.4325 E0.02133 F1080
G1 X120.8502 Y94.4443 Z1.4322 E0.02133 F1080
G1 X121.2457 Y94.5040 Z1.4320 E0.02133 F1080
G1 X121.6402 Y94.5705 Z1.4317 E0.02133 F1080
G1 X122.0334 Y94.6437 Z1.4315 E0.02133 F1080
G1 X122.4254 Y94.7237 Z1.4312 E0.02133 F1080
G1 X122.8159 Y94.8104 Z1.4310 E0.02133 F1080
G1 X123.2048 Y94.9038 Z1.4307 E0.02133 F1080
G1 X123.5921 Y95.0039 Z1.4305 E0.02133 F1080
G1 X123.9776 Y95.1105 Z1.4302 E0.02133 F1080
G1 X124.3613 Y95.2238 Z1.4300 E0.02133 F1080
G1 X124.7429 Y95.3437 Z1.4297 E0.02133 F1080
G1 X125.1224 Y95.4701 Z1.4295 E0.02133 F1080
G1 X125.4997 Y95.6029 Z1.4292 E0.02133 F1080
G1 X125.8747 Y95.7423 Z1.4290 E0.02133 F1080
G1 X126.2472 Y95.8880 Z1.4287 E0.02133 F1080
G1 X126.6171 Y96.0401 Z1.4285 E0.02133 F1080
G1 X126.9844 Y96.1986 Z1.4282 E0.02133 F1080
G1 X127.3489 Y96.3633 Z1.4280 E0.02133 F1080
G1 X127.7106 Y96.5342 Z1.4277 E0.02133 F1080
G1 X128.0692 Y96.7113 Z1.4275 E0.02133 F1080
G1 X128.4248 Y96.8946 Z1.4272 E0.02133 F1080
G1 X128.7772 Y97.0839 Z1.4270 E0.02133 F1080
G1 X129.1262 Y97.2792 Z1.4267 E0.02133 F1080
G1 X129.4719 Y97.4805 Z1.4265 E0.02133 F1080
G1 X129.8141 Y97.6877 Z1.4262 E0.02133 F1080
G1 X130.1527 Y97.9007 Z1.4260 E0.02133 F1080
G1 X130.4875 Y98.1195 Z1.4257 E0.02133 F1080
G1 X130.8186 Y98.3440 Z1.4255 E0.02133 F1080
G1 X131.1457 Y98.5742 Z1.4252 E0.02133 F1080
G1 X131.4689 Y98.8099 Z1.4250 E0.02133 F1080
G1 X131.7880 Y99.0511 Z1.4247 E0.02133 F1080
G1 X132.1029 Y99.2978 Z1.4245 E0.02133 F1080
G1 X132.4135 Y99.5498 Z1.4242 E0.02133 F1080
G1 X132.7198 Y99.8071 Z1.4240 E0.02133 F1080
G1 X133.0216 Y100.0696 Z1.4237 E0.02133 F1080
G1 X133.3189 Y100.3373 Z1.4235 E0.02133 F1080
G1 X133.6115 Y100.6100 Z1.4232 E0.02133 F1080
G1 X133.8994 Y100.8877 Z1.4230 E0.02133 F1080
G1 X134.1825 Y101.1703 Z1.4227 E0.02133 F1080
G1 X134.4608 Y101.4577 Z1.4225 E0.02133 F1080
G1 X134.7340 Y101.7498 Z1.4222 E0.02133 F1080
G1 X135.0023 Y102.0465 Z1.4220 E0.02133 F1080
G1 X135.2654 Y102.3478 Z1.4217 E0.02133 F1080
G1 X135.5233 Y102.6536 Z1.4215 E0.02133 F1080
G1 X135.7759 Y102.9638 Z1.4212 E0.02133 F1080
G1 X136.0232 Y103.2782 Z1.4210 E0.02133 F1080
G1 X136.2650 Y103.5968 Z1.4207 E0.02133 F1080
G1 X136.5014 Y103.9195 Z1.4205 E0.02133 F1080
G1 X136.7322 Y104.2462 Z1.4202 E0.02133 F1080
G1 X136.9573 Y104.5768 Z1.4200 E0.02133 F1080
G1 X137.1768 Y104.9112 Z1.4197 E0.02133 F1080
G1 X137.3905 Y105.2494 Z1.4195 E0.02133 F1080
G1 X137.5984 Y105.5911 Z1.4192 E0.02133 F1080
G1 X137.8004 Y105.9363 Z1.4189 E0.02133 F1080
G1 X137.9965 Y106.2850 Z1.4187 E0.02133 F1080
G1 X138.1866 Y106.6370 Z1.4184 E0.02133 F1080
G1 X138.3706 Y106.9921 Z1.4182 E0.02133 F1080
G1 X138.5485 Y107.3504 Z1.4179 E0.02133 F1080
G1 X138.7203 Y107.7116 Z1.4177 E0.02133 F1080
G1 X138.8858 Y108.0758 Z1.4174 E0.02133 F1080
G1 X139.0451 Y108.4427 Z1.4172 E0.02133 F1080
G1 X139.1981 Y108.8123 Z1.4169 E0.02133 F1080
G1 X139.3448 Y109.1845 Z1.4167 E0.02133 F1080
G1 X139.4850 Y109.5591 Z1.4164 E0.02133 F1080
G1 X139.6188 Y109.9360 Z1.4162 E0.02133 F1080
G1 X139.7462 Y110.3152 Z1.4159 E0.02133 F1080
G1 X139.8670 Y110.6965 Z1.4157 E0.02133 F1080
G1 X139.9813 Y111.0799 Z1.4154 E0.02133 F1080
G1 X140.0891 Y111.4651 Z1.4152 E0.02133 F1080
G1 X140.1902 Y111.8521 Z1.4149 E0.02133 F1080
G1 X140.2847 Y112.2408 Z1.4147 E0.02133 F1080
G1 X140.3725 Y112.6311 Z1.4144 E0.02133 F1080
G1 X140.4536 Y113.0227 Z1.4142 E0.02133 F1080
G1 X140.5280 Y113.4158 Z1.4139 E0.02133 F1080
G1 X140.5957 Y113.8100 Z1.4137 E0.02133 F1080
G1 X140.6567 Y114.2053 Z1.4134 E0.02133 F1080
G1 X140.7108 Y114.6017 Z1.4132 E0.02133 F1080
G1 X140.7582 Y114.9989 Z1.4129 E0.02133 F1080
G1 X140.7988 Y115.3968 Z1.4126 E0.02133 F1080
G1 X140.8326 Y115.7954 Z1.4124 E0.02133 F1080
G1 X140.8595 Y116.1945 Z1.4121 E0.02133 F1080
G1 X140.8797 Y116.5940 Z1.4119 E0.02133 F1080
G1 X140.8930 Y116.9938 Z1.4116 E0.02133 F1080
G1 X140.8994 Y117.3937 Z1.4114 E0.02133 F1080
G1 X140.8991 Y117.7937 Z1.4111 E0.02133 F1080
G1 X140.8918 Y118.1937 Z1.4109 E0.02133 F1080
G1 X140.8778 Y118.5934 Z1.4106 E0.02133 F1080
G1 X140.8569 Y118.9929 Z1.4104 E0.02133 F1080
G1 X140.8292 Y119.3919 Z1.4101 E0.02133 F1080
G1 X140.7947 Y119.7905 Z1.4099 E0.02133 F1080
G1 X140.7534 Y120.1883 Z1.4096 E0.02133 F1080
G1 X140.7052 Y120.5854 Z1.4094 E0.02133 F1080
G1 X140.6503 Y120.9816 Z1.4091 E0.02133 F1080
G1 X140.5887 Y121.3769 Z1.4089 E0.02133 F1080
G1 X140.5203 Y121.7710 Z1.4086 E0.02133 F1080
G1 X140.4452 Y122.1639 Z1.4083 E0.02133 F1080
G1 X140.3633 Y122.5554 Z1.4081 E0.02133 F1080
G1 X140.2748 Y122.9455 Z1.4078 E0.02133 F1080
G1 X140.1797 Y123.3340 Z1.4076 E0.02133 F1080
G1 X140.0779 Y123.7209 Z1.4073 E0.02133 F1080
G1 X139.9695 Y124.1059 Z1.4071 E0.02133 F1080
G1 X139.8546 Y124.4891 Z1.4068 E0.02133 F1080
G1 X139.7332 Y124.8702 Z1.4066 E0.02133 F1080
G1 X139.6052 Y125.2492 Z1.4063 E0.02133 F1080
G1 X139.4708 Y125.6260 Z1.4061 E0.02133 F1080
G1 X139.3300 Y126.0004 Z1.4058 E0.02133 F1080
G1 X139.1828 Y126.3723 Z1.4056 E0.02133 F1080
G1 X139.0293 Y126.7417 Z1.4053 E0.02133 F1080
G1 X138.8695 Y127.1084 Z1.4051 E0.02133 F1080
G1 X138.7035 Y127.4723 Z1.4048 E0.02133 F1080
G1 X138.5313 Y127.8333 Z1.4045 E0.02133 F1080
G1 X138.3529 Y128.1914 Z1.4043 E0.02133 F1080
G1 X138.1685 Y128.5463 Z1.4040 E0.02133 F1080
G1 X137.9780 Y128.8981 Z1.4038 E0.02133 F1080
G1 X137.7815 Y129.2465 Z1.4035 E0.02133 F1080
G1 X137.5792 Y129.5916 Z1.4033 E0.02133 F1080
G1 X137.3709 Y129.9331 Z1.4030 E0.02133 F1080
G1 X137.1569 Y130.2710 Z1.4028 E0.02133 F1080
G1 X136.9371 Y130.6053 Z1.4025 E0.02133 F1080
G1 X136.7117 Y130.9357 Z1.4023 E0.02133 F1080
G1 X136.4807 Y131.2622 Z1.4020 E0.02133 F1080
G1 X136.2441 Y131.5848 Z1.4017 E0.02133 F1080
G1 X136.0021 Y131.9032 Z1.4015 E0.02133 F1080
G1 X135.7546 Y132.2175 Z1.4012 E0.02133 F1080
G1 X135.5018 Y132.5276 Z1.4010 E0.02133 F1080
G1 X135.2438 Y132.8332 Z1.4007 E0.02133 F1080
G1 X134.9806 Y133.1344 Z1.4005 E0.02133 F1080
G1 X134.7123 Y133.4311 Z1.4002 E0.02133 F1080
G1 X134.4390 Y133.7232 Z1.4000 E0.02133 F1080
G1 X134.1608 Y134.0106 Z1.3997 E0.02133 F1080
G1 X133.8777 Y134.2932 Z1.3995 E0.02133 F1080
G1 X133.5898 Y134.5709 Z1.3992 E0.02133 F1080
G1 X133.2972 Y134.8436 Z1.3989 E0.02133 F1080
G1 X133.0000 Y135.1114 Z1.3987 E0.02133 F1080
G1 X132.6983 Y135.3740 Z1.3984 E0.02133 F1080
G1 X132.3921 Y135.6314 Z1.3982 E0.02133 F1080
G1 X132.0816 Y135.8836 Z1.3979 E0.02133 F1080
G1 X131.7669 Y136.1305 Z1.3977 E0.02133 F1080
G1 X131.4480 Y136.3719 Z1.3974 E0.02133 F1080
G1 X131.1250 Y136.6079 Z1.3972 E0.02133 F1080
G1 X130.7980 Y136.8384 Z1.3969 E0.02133 F1080
G1 X130.4672 Y137.0632 Z1.3967 E0.02133 F1080
G1 X130.1326 Y137.2824 Z1.3964 E0.02133 F1080
G1 X129.7943 Y137.4958 Z1.3961 E0.02133 F1080
G1 X129.4524 Y137.7035 Z1.3959 E0.02133 F1080
G1 X129.1070 Y137.9053 Z1.3956 E0.02133 F1080
G1 X128.7582 Y138.1011 Z1.3954 E0.02133 F1080
G1 X128.4062 Y138.2910 Z1.3951 E0.02133 F1080
G1 X128.0509 Y138.4749 Z1.3949 E0.02133 F1080
G1 X127.6926 Y138.6527 Z1.3946 E0.02133 F1080
G1 X127.3313 Y138.8244 Z1.3944 E0.02133 F1080
G1 X126.9671 Y138.9899 Z1.3941 E0.02133 F1080
G1 X126.6002 Y139.1491 Z1.3938 E0.02133 F1080
G1 X126.2306 Y139.3021 Z1.3936 E0.02133 F1080
G1 X125.8585 Y139.4488 Z1.3933 E0.02133 F1080
G1 X125.4839 Y139.5891 Z1.3931 E0.02133 F1080
G1 X125.1069 Y139.7230 Z1.3928 E0.02133 F1080
G1 X124.7278 Y139.8505 Z1.3926 E0.02133 F1080
G1 X124.3465 Y139.9715 Z1.3923 E0.02133 F1080
G1 X123.9633 Y140.0860 Z1.3921 E0.02133 F1080
G1 X123.5781 Y140.1939 Z1.3918 E0.02133 F1080
G1 X123.1911 Y140.2953 Z1.3915 E0.02133 F1080
G1 X122.8025 Y140.3901 Z1.3913 E0.02133 F1080
G1 X122.4123 Y140.4782 Z1.3910 E0.02133 F1080
G1 X122.0207 Y140.5597 Z1.3908 E0.02133 F1080
G1 X121.6278 Y140.6345 Z1.3905 E0.02133 F1080
G1 X121.2336 Y140.7026 Z1.3903 E0.02133 F1080
G1 X120.8383 Y140.7640 Z1.3900 E0.02133 F1080
G1 X120.4421 Y140.8186 Z1.3898 E0.02133 F1080
G1 X120.0450 Y140.8665 Z1.3895 E0.02133 F1080
G1 X119.6471 Y140.9077 Z1.3892 E0.02133 F1080
G1 X119.2485 Y140.9420 Z1.3890 E0.02133 F1080
G1 X118.8495 Y140.9696 Z1.3887 E0.02133 F1080
G1 X118.4500 Y140.9904 Z1.3885 E0.02133 F1080
G1 X118.0503 Y141.0044 Z1.3882 E0.02133 F1080
G1 X117.6503 Y141.0116 Z1.3880 E0.02133 F1080
G1 X117.2503 Y141.0119 Z1.3877 E0.02133 F1080
G1 X116.8503 Y141.0055 Z1.3874 E0.02133 F1080
G1 X116.4506 Y140.9923 Z1.3872 E0.02133 F1080
G1 X116.0511 Y140.9722 Z1.3869 E0.02133 F1080
G1 X115.6519 Y140.9454 Z1.3867 E0.02133 F1080
G1 X115.2534 Y140.9118 Z1.3864 E0.02133 F1080
G1 X114.8554 Y140.8714 Z1.3862 E0.02133 F1080
G1 X114.4582 Y140.8243 Z1.3859 E0.02133 F1080
G1 X114.0618 Y140.7704 Z1.3857 E0.02133 F1080
G1 X113.6664 Y140.7098 Z1.3854 E0.02133 F1080
G1 X113.2721 Y140.6424 Z1.3851 E0.02133 F1080
G1 X112.8790 Y140.5684 Z1.3849 E0.02133 F1080
G1 X112.4872 Y140.4877 Z1.3846 E0.02133 F1080
G1 X112.0969 Y140.4003 Z1.3844 E0.02133 F1080
G1 X111.7081 Y140.3063 Z1.3841 E0.02133 F1080
G1 X111.3209 Y140.2058 Z1.3839 E0.02133 F1080
G1 X110.9355 Y140.0986 Z1.3836 E0.02133 F1080
G1 X110.5520 Y139.9850 Z1.3833 E0.02133 F1080
G1 X110.1705 Y139.8648 Z1.3831 E0.02133 F1080
G1 X109.7911 Y139.7381 Z1.3828 E0.02133 F1080
G1 X109.4138 Y139.6051 Z1.3826 E0.02133 F1080
G1 X109.0389 Y139.4656 Z1.3823 E0.02133 F1080
G1 X108.6665 Y139.3198 Z1.3821 E0.02133 F1080
G1 X108.2965 Y139.1676 Z1.3818 E0.02133 F1080
G1 X107.9292 Y139.0093 Z1.3815 E0.02133 F1080
G1 X107.5646 Y138.8446 Z1.3813 E0.02133 F1080
G1 X107.2029 Y138.6739 Z1.3810 E0.02133 F1080
G1 X106.8441 Y138.4970 Z1.3808 E0.02133 F1080
G1 X106.4884 Y138.3140 Z1.3805 E0.02133 F1080
G1 X106.1359 Y138.1250 Z1.3803 E0.02133 F1080
G1 X105.7866 Y137.9301 Z1.3800 E0.02133 F1080
G1 X105.4407 Y137.7292 Z1.3797 E0.02133 F1080
G1 X105.0982 Y137.5225 Z1.3795 E0.02133 F1080
G1 X104.7593 Y137.3101 Z1.3792 E0.02133 F1080
G1 X104.4240 Y137.0919 Z1.3790 E0.02133 F1080
G1 X104.0925 Y136.8680 Z1.3787 E0.02133 F1080
G1 X103.7649 Y136.6385 Z1.3785 E0.02133 F1080
G1 X103.4412 Y136.4035 Z1.3782 E0.02133 F1080
G1 X103.1215 Y136.1631 Z1.3779 E0.02133 F1080
G1 X102.8060 Y135.9172 Z1.3777 E0.02133 F1080
G1 X102.4947 Y135.6660 Z1.3774 E0.02133 F1080
G1 X102.1877 Y135.4096 Z1.3772 E0.02133 F1080
G1 X101.8850 Y135.1480 Z1.3769 E0.02133 F1080
G1 X101.5869 Y134.8813 Z1.3767 E0.02133 F1080
G1 X101.2934 Y134.6096 Z1.3764 E0.02133 F1080
G1 X101.0045 Y134.3330 Z1.3761 E0.02133 F1080
G1 X100.7203 Y134.0514 Z1.3759 E0.02133 F1080
G1 X100.4409 Y133.7651 Z1.3756 E0.02133 F1080
G1 X100.1665 Y133.4741 Z1.3754 E0.02133 F1080
G1 X99.8970 Y133.1785 Z1.3751 E0.02133 F1080
G1 X99.6326 Y132.8784 Z1.3748 E0.02133 F1080
G1 X99.3733 Y132.5738 Z1.3746 E0.02133 F1080
G1 X99.1192 Y132.2648 Z1.3743 E0.02133 F1080
G1 X98.8704 Y131.9516 Z1.3741 E0.02133 F1080
G1 X98.6270 Y131.6342 Z1.3738 E0.02133 F1080
G1 X98.3889 Y131.3128 Z1.3736 E0.02133 F1080
G1 X98.1564 Y130.9873 Z1.3733 E0.02133 F1080
G1 X97.9294 Y130.6579 Z1.3730 E0.02133 F1080
G1 X97.7080 Y130.3248 Z1.3728 E0.02133 F1080
G1 X97.4923 Y129.9879 Z1.3725 E0.02133 F1080
G1 X97.2824 Y129.6474 Z1.3723 E0.02133 F1080
G1 X97.0782 Y129.3034 Z1.3720 E0.02133 F1080
G1 X96.8800 Y128.9560 Z1.3717 E0.02133 F1080
G1 X96.6876 Y128.6053 Z1.3715 E0.02133 F1080
G1 X96.5012 Y128.2514 Z1.3712 E0.02133 F1080
G1 X96.3209 Y127.8943 Z1.3710 E0.02133 F1080
G1 X96.1466 Y127.5343 Z1.3707 E0.02133 F1080
G1 X95.9784 Y127.1713 Z1.3705 E0.02133 F1080
G1 X95.8165 Y126.8056 Z1.3702 E0.02133 F1080
G1 X95.6607 Y126.4371 Z1.3699 E0.02133 F1080
G1 X95.5112 Y126.0661 Z1.3697 E0.02133 F1080
G1 X95.3681 Y125.6926 Z1.3694 E0.02133 F1080
G1 X95.2312 Y125.3167 Z1.3692 E0.02133 F1080
G1 X95.1008 Y124.9386 Z1.3689 E0.02133 F1080
G1 X94.9768 Y124.5583 Z1.3686 E0.02133 F1080
G1 X94.8593 Y124.1759 Z1.3684 E0.02133 F1080
G1 X94.7482 Y123.7916 Z1.3681 E0.02133 F1080
G1 X94.6437 Y123.4055 Z1.3679 E0.02133 F1080
G1 X94.5458 Y123.0177 Z1.3676 E0.02133 F1080
G1 X94.4544 Y122.6283 Z1.3673 E0.02133 F1080
G1 X94.3696 Y122.2373 Z1.3671 E0.02133 F1080
G1 X94.2915 Y121.8450 Z1.3668 E0.02133 F1080
G1 X94.2200 Y121.4515 Z1.3666 E0.02133 F1080
G1 X94.1552 Y121.0567 Z1.3663 E0.02133 F1080
G1 X94.0971 Y120.6610 Z1.3661 E0.02133 F1080
G1 X94.0457 Y120.2643 Z1.3658 E0.02133 F1080
G1 X94.0011 Y119.8668 Z1.3655 E0.02133 F1080
G1 X93.9632 Y119.4686 Z1.3653 E0.02133 F1080
G1 X93.9320 Y119.0698 Z1.3650 E0.02133 F1080
G1 X93.9076 Y118.6705 Z1.3648 E0.02133 F1080
G1 X93.8899 Y118.2709 Z1.3645 E0.02133 F1080
G1 X93.8790 Y117.8710 Z1.3642 E0.02133 F1080
G1 X93.8749 Y117.4711 Z1.3640 E0.02133 F1080
G1 X93.8776 Y117.0711 Z1.3637 E0.02133 F1080
G1 X93.8870 Y116.6712 Z1.3635 E0.02133 F1080
G1 X93.9032 Y116.2715 Z1.3632 E0.02133 F1080
G1 X93.9262 Y115.8721 Z1.3629 E0.02133 F1080
G1 X93.9559 Y115.4732 Z1.3627 E0.02133 F1080
G1 X93.9924 Y115.0749 Z1.3624 E0.02133 F1080
G1 X94.0356 Y114.6772 Z1.3622 E0.02133 F1080
G1 X94.0855 Y114.2804 Z1.3619 E0.02133 F1080
G1 X94.1422 Y113.8844 Z1.3616 E0.02133 F1080
G1 X94.2055 Y113.4894 Z1.3614 E0.02133 F1080
G1 X94.2755 Y113.0956 Z1.3611 E0.02133 F1080
G1 X94.3522 Y112.7030 Z1.3609 E0.02133 F1080
G1 X94.4355 Y112.3118 Z1.3606 E0.02133 F1080
G1 X94.5254 Y111.9220 Z1.3603 E0.02133 F1080
G1 X94.6219 Y111.5338 Z1.3601 E0.02133 F1080
G1 X94.7249 Y111.1473 Z1.3598 E0.02133 F1080
G1 X94.8345 Y110.7626 Z1.3596 E0.02133 F1080
G1 X94.9505 Y110.3798 Z1.3593 E0.02133 F1080
G1 X95.0731 Y109.9990 Z1.3590 E0.02133 F1080
G1 X95.2020 Y109.6203 Z1.3588 E0.02133 F1080
G1 X95.3373 Y109.2439 Z1.3585 E0.02133 F1080
G1 X95.4790 Y108.8698 Z1.3583 E0.02133 F1080
G1 X95.6270 Y108.4982 Z1.3580 E0.02133 F1080
G1 X95.7812 Y108.1291 Z1.3577 E0.02133 F1080
G1 X95.9417 Y107.7627 Z1.3575 E0.02133 F1080
G1 X96.1083 Y107.3991 Z1.3572 E0.02133 F1080
G1 X96.2810 Y107.0383 Z1.3570 E0.02133 F1080
G1 X96.4599 Y106.6805 Z1.3567 E0.02133 F1080
G1 X96.6447 Y106.3257 Z1.3564 E0.02133 F1080
G1 X96.8356 Y105.9742 Z1.3562 E0.02133 F1080
G1 X97.0323 Y105.6259 Z1.3559 E0.02133 F1080
G1 X97.2349 Y105.2810 Z1.3557 E0.02133 F1080
G1 X97.4433 Y104.9396 Z1.3554 E0.02133 F1080
G1 X97.6574 Y104.6017 Z1.3551 E0.02133 F1080
G1 X97.8773 Y104.2675 Z1.3549 E0.02133 F1080
G1 X98.1027 Y103.9371 Z1.3546 E0.02133 F1080
G1 X98.3337 Y103.6105 Z1.3544 E0.02133 F1080
G1 X98.5702 Y103.2879 Z1.3541 E0.02133 F1080
G1 X98.8121 Y102.9693 Z1.3538 E0.02133 F1080
G1 X99.0593 Y102.6549 Z1.3536 E0.02133 F1080
G1 X99.3118 Y102.3446 Z1.3533 E0.02133 F1080
G1 X99.5696 Y102.0387 Z1.3531 E0.02133 F1080
G1 X99.8324 Y101.7372 Z1.3528 E0.02133 F1080
G1 X100.1003 Y101.4402 Z1.3525 E0.02133 F1080
G1 X100.3732 Y101.1477 Z1.3523 E0.02133 F1080
G1 X100.6510 Y100.8599 Z1.3520 E0.02133 F1080
G1 X100.9336 Y100.5768 Z1.3517 E0.02133 F1080
G1 X101.2210 Y100.2986 Z1.3515 E0.02133 F1080
G1 X101.5130 Y100.0252 Z1.3512 E0.02133 F1080
G1 X101.8096 Y99.7568 Z1.3510 E0.02133 F1080
G1 X102.1107 Y99.4934 Z1.3507 E0.02133 F1080
G1 X102.4162 Y99.2352 Z1.3504 E0.02133 F1080
G1 X102.7260 Y98.9822 Z1.3502 E0.02133 F1080
G1 X103.0400 Y98.7344 Z1.3499 E0.02133 F1080
G1 X103.3582 Y98.4920 Z1.3497 E0.02133 F1080
G1 X103.6804 Y98.2549 Z1.3494 E0.02133 F1080
G1 X104.0066 Y98.0234 Z1.3491 E0.02133 F1080
G1 X104.3366 Y97.7974 Z1.3489 E0.02133 F1080
G1 X104.6704 Y97.5770 Z1.3486 E0.02133 F1080
G1 X105.0079 Y97.3622 Z1.3484 E0.02133 F1080
G1 X105.3489 Y97.1532 Z1.3481 E0.02133 F1080
G1 X105.6935 Y96.9500 Z1.3478 E0.02133 F1080
G1 X106.0414 Y96.7526 Z1.3476 E0.02133 F1080
G1 X106.3926 Y96.5611 Z1.3473 E0.02133 F1080
G1 X106.7470 Y96.3756 Z1.3470 E0.02133 F1080
G1 X107.1044 Y96.1960 Z1.3468 E0.02133 F1080
G1 X107.4649 Y96.0226 Z1.3465 E0.02133 F1080
G1 X107.8282 Y95.8552 Z1.3463 E0.02133 F1080
G1 X108.1943 Y95.6940 Z1.3460 E0.02133 F1080
G1 X108.5630 Y95.5390 Z1.3457 E0.02133 F1080
G1 X108.9343 Y95.3902 Z1.3455 E0.02133 F1080
G1 X109.3081 Y95.2477 Z1.3452 E0.02133 F1080
G1 X109.6842 Y95.1116 Z1.3450 E0.02133 F1080
G1 X110.0626 Y94.9818 Z1.3447 E0.02133 F1080
G1 X110.4431 Y94.8584 Z1.3444 E0.02133 F1080
G1 X110.8256 Y94.7414 Z1.3442 E0.02133 F1080
G1 X111.2100 Y94.6310 Z1.3439 E0.02133 F1080
G1 X111.5963 Y94.5270 Z1.3436 E0.02133 F1080
G1 X111.9843 Y94.4295 Z1.3434 E0.02133 F1080
G1 X112.3738 Y94.3386 Z1.3431 E0.02133 F1080
G1 X112.7648 Y94.2543 Z1.3429 E0.02133 F1080
G1 X113.1572 Y94.1766 Z1.3426 E0.02133 F1080
G1 X113.5508 Y94.1055 Z1.3423 E0.02133 F1080
G1 X113.9456 Y94.0410 Z1.3421 E0.02133 F1080
G1 X114.3414 Y93.9832 Z1.3418 E0.02133 F1080
G1 X114.7382 Y93.9321 Z1.3415 E0.02133 F1080
G1 X115.1357 Y93.8877 Z1.3413 E0.02133 F1080
G1 X115.5339 Y93.8500 Z1.3410 E0.02133 F1080
G1 X115.9327 Y93.8190 Z1.3408 E0.02133 F1080
G1 X116.3320 Y93.7948 Z1.3405 E0.02133 F1080
G1 X116.7316 Y93.7773 Z1.3402 E0.02133 F1080
G1 X117.1315 Y93.7665 Z1.3400 E0.02133 F1080
G1 X117.5315 Y93.7624 Z1.3397 E0.02133 F1080
G1 X117.9315 Y93.7651 Z1.3394 E0.02133 F1080
G1 X118.3314 Y93.7746 Z1.3392 E0.02133 F1080
G1 X118.7310 Y93.7907 Z1.3389 E0.02133 F1080
G1 X119.1304 Y93.8136 Z1.3387 E0.02133 F1080
G1 X119.5293 Y93.8432 Z1.3384 E0.02133 F1080
G1 X119.9277 Y93.8796 Z1.3381 E0.02133 F1080
G1 X120.3253 Y93.9226 Z1.3379 E0.02133 F1080
G1 X120.7222 Y93.9724 Z1.3376 E0.02133 F1080
G1 X121.1183 Y94.0288 Z1.3373 E0.02133 F1080
G1 X121.5133 Y94.0919 Z1.3371 E0.02133 F1080
G1 X121.9071 Y94.1616 Z1.3368 E0.02133 F1080
G1 X122.2998 Y94.2379 Z1.3366 E0.02133 F1080
G1 X122.6911 Y94.3209 Z1.3363 E0.02133 F1080
G1 X123.0810 Y94.4104 Z1.3360 E0.02133 F1080
G1 X123.4693 Y94.5065 Z1.3358 E0.02133 F1080
G1 X123.8559 Y94.6091 Z1.3355 E0.02133 F1080
G1 X124.2407 Y94.7182 Z1.3352 E0.02133 F1080
G1 X124.6237 Y94.8338 Z1.3350 E0.02133 F1080
G1 X125.0046 Y94.9558 Z1.3347 E0.02133 F1080
G1 X125.3835 Y95.0842 Z1.3345 E0.02133 F1080
G1 X125.7601 Y95.2189 Z1.3342 E0.02133 F1080
G1 X126.1344 Y95.3600 Z1.3339 E0.02133 F1080
G1 X126.5063 Y95.5073 Z1.3337 E0.02133 F1080
G1 X126.8756 Y95.6609 Z1.3334 E0.02133 F1080
G1 X127.2423 Y95.8207 Z1.3331 E0.02133 F1080
G1 X127.6063 Y95.9866 Z1.3329 E0.02133 F1080
G1 X127.9674 Y96.1586 Z1.3326 E0.02133 F1080
G1 X128.3256 Y96.3367 Z1.3324 E0.02133 F1080
G1 X128.6807 Y96.5208 Z1.3321 E0.02133 F1080
G1 X129.0327 Y96.7109 Z1.3318 E0.02133 F1080
G1 X129.3815 Y96.9068 Z1.3316 E0.02133 F1080
G1 X129.7269 Y97.1086 Z1.3313 E0.02133 F1080
G1 X130.0688 Y97.3161 Z1.3310 E0.02133 F1080
G1 X130.4072 Y97.5294 Z1.3308 E0.02133 F1080
G1 X130.7420 Y97.7483 Z1.3305 E0.02133 F1080
G1 X131.0730 Y97.9729 Z1.3303 E0.02133 F1080
G1 X131.4002 Y98.2029 Z1.3300 E0.02133 F1080
G1 X131.7235 Y98.4385 Z1.3297 E0.02133 F1080
G1 X132.0428 Y98.6794 Z1.3295 E0.02133 F1080
G1 X132.3580 Y98.9257 Z1.3292 E0.02133 F1080
G1 X132.6690 Y99.1773 Z1.3289 E0.02133 F1080
G1 X132.9758 Y99.4340 Z1.3287 E0.02133 F1080
G1 X133.2782 Y99.6959 Z1.3284 E0.02133 F1080
G1 X133.5761 Y99.9628 Z1.3281 E0.02133 F1080
G1 X133.8695 Y100.2347 Z1.3279 E0.02133 F1080
G1 X134.1583 Y100.5115 Z1.3276 E0.02133 F1080
G1 X134.4424 Y100.7930 Z1.3274 E0.02133 F1080
G1 X134.7217 Y101.0794 Z1.3271 E0.02133 F1080
G1 X134.9962 Y101.3704 Z1.3268 E0.02133 F1080
G1 X135.2657 Y101.6659 Z1.3266 E0.02133 F1080
G1 X135.5302 Y101.9660 Z1.3263 E0.02133 F1080
G1 X135.7897 Y102.2704 Z1.3260 E0.02133 F1080
G1 X136.0440 Y102.5792 Z1.3258 E0.02133 F1080
G1 X136.2931 Y102.8922 Z1.3255 E0.02133 F1080
G1 X136.5368 Y103.2093 Z1.3252 E0.02133 F1080
G1 X136.7753 Y103.5305 Z1.3250 E0.02133 F1080
G1 X137.0082 Y103.8557 Z1.3247 E0.02133 F1080
G1 X137.2357 Y104.1847 Z1.3245 E0.02133 F1080
G1 X137.4577 Y104.5175 Z1.3242 E0.02133 F1080
G1 X137.6740 Y104.8540 Z1.3239 E0.02133 F1080
G1 X137.8846 Y105.1940 Z1.3237 E0.02133 F1080
G1 X138.0895 Y105.5376 Z1.3234 E0.02133 F1080
G1 X138.2886 Y105.8845 Z1.3231 E0.02133 F1080
G1 X138.4818 Y106.2348 Z1.3229 E0.02133 F1080
G1 X138.6691 Y106.5882 Z1.3226 E0.02133 F1080
G1 X138.8504 Y106.9447 Z1.3223 E0.02133 F1080
G1 X139.0258 Y107.3043 Z1.3221 E0.02133 F1080
G1 X139.1951 Y107.6667 Z1.3218 E0.02133 F1080
G1 X139.3582 Y108.0319 Z1.3215 E0.02133 F1080
G1 X139.5152 Y108.3998 Z1.3213 E0.02133 F1080
G1 X139.6661 Y108.7703 Z1.3210 E0.02133 F1080
G1 X139.8106 Y109.1433 Z1.3208 E0.02133 F1080
G1 X139.9489 Y109.5186 Z1.3205 E0.02133 F1080
G1 X140.0809 Y109.8962 Z1.3202 E0.02133 F1080
G1 X140.2065 Y110.2760 Z1.3200 E0.02133 F1080
G1 X140.3257 Y110.6578 Z1.3197 E0.02133 F1080
G1 X140.4385 Y111.0416 Z1.3194 E0.02133 F1080
G1 X140.5448 Y111.4272 Z1.3192 E0.02133 F1080
G1 X140.6447 Y111.8146 Z1.3189 E0.02133 F1080
G1 X140.7380 Y112.2035 Z1.3186 E0.02133 F1080
G1 X140.8248 Y112.5940 Z1.3184 E0.02133 F1080
G1 X140.9050 Y112.9859 Z1.3181 E0.02133 F1080
G1 X140.9786 Y113.3791 Z1.3178 E0.02133 F1080
G1 X141.0457 Y113.7734 Z1.3176 E0.02133 F1080
G1 X141.1061 Y114.1688 Z1.3173 E0.02133 F1080
G1 X141.1598 Y114.5652 Z1.3171 E0.02133 F1080
G1 X141.2069 Y114.9624 Z1.3168 E0.02133 F1080
G1 X141.2474 Y115.3604 Z1.3165 E0.02133 F1080
G1 X141.2811 Y115.7590 Z1.3163 E0.02133 F1080
G1 X141.3082 Y116.1581 Z1.3160 E0.02133 F1080
G1 X141.3285 Y116.5576 Z1.3157 E0.02133 F1080
G1 X141.3422 Y116.9573 Z1.3155 E0.02133 F1080
G1 X141.3491 Y117.3573 Z1.3152 E0.02133 F1080
G1 X141.3494 Y117.7573 Z1.3149 E0.02133 F1080
G1 X141.3429 Y118.1572 Z1.3147 E0.02133 F1080
G1 X141.3297 Y118.5570 Z1.3144 E0.02133 F1080
G1 X141.3099 Y118.9565 Z1.3141 E0.02133 F1080
G1 X141.2833 Y119.3557 Z1.3139 E0.02133 F1080
G1 X141.2500 Y119.7543 Z1.3136 E0.02133 F1080
G1 X141.2101 Y120.1523 Z1.3133 E0.02133 F1080
G1 X141.1635 Y120.5496 Z1.3131 E0.02133 F1080
G1 X141.1102 Y120.9460 Z1.3128 E0.02133 F1080
G1 X141.0503 Y121.3415 Z1.3126 E0.02133 F1080
G1 X140.9838 Y121.7360 Z1.3123 E0.02133 F1080
G1 X140.9107 Y122.1292 Z1.3120 E0.02133 F1080
G1 X140.8310 Y122.5212 Z1.3118 E0.02133 F1080
G1 X140.7447 Y122.9118 Z1.3115 E0.02133 F1080
G1 X140.6519 Y123.3009 Z1.3112 E0.02133 F1080
G1 X140.5526 Y123.6884 Z1.3110 E0.02133 F1080
G1 X140.4468 Y124.0742 Z1.3107 E0.02133 F1080
G1 X140.3346 Y124.4581 Z1.3104 E0.02133 F1080
G1 X140.2159 Y124.8401 Z1.3102 E0.02133 F1080
G1 X140.0909 Y125.2201 Z1.3099 E0.02133 F1080
G1 X139.9595 Y125.5979 Z1.3096 E0.02133 F1080
G1 X139.8218 Y125.9734 Z1.3094 E0.02133 F1080
G1 X139.6778 Y126.3466 Z1.3091 E0.02133 F1080
G1 X139.5276 Y126.7174 Z1.3088 E0.02133 F1080
G1 X139.3713 Y127.0855 Z1.3086 E0.02133 F1080
G1 X139.2087 Y127.4510 Z1.3083 E0.02133 F1080
G1 X139.0401 Y127.8138 Z1.3080 E0.02133 F1080
G1 X138.8654 Y128.1736 Z1.3078 E0.02133 F1080
G1 X138.6847 Y128.5305 Z1.3075 E0.02133 F1080
G1 X138.4981 Y128.8843 Z1.3072 E0.02133 F1080
G1 X138.3055 Y129.2349 Z1.3070 E0.02133 F1080
G1 X138.1072 Y129.5822 Z1.3067 E0.02133 F1080
G1 X137.9030 Y129.9262 Z1.3065 E0.02133 F1080
G1 X137.6931 Y130.2667 Z1.3062 E0.02133 F1080
G1 X137.4775 Y130.6037 Z1.3059 E0.02133 F1080
G1 X137.2563 Y130.9370 Z1.3057 E0.02133 F1080
G1 X137.0296 Y131.2665 Z1.3054 E0.02133 F1080
G1 X136.7974 Y131.5922 Z1.3051 E0.02133 F1080
G1 X136.5597 Y131.9140 Z1.3049 E0.02133 F1080
G1 X136.3168 Y132.2317 Z1.3046 E0.02133 F1080
G1 X136.0685 Y132.5454 Z1.3043 E0.02133 F1080
G1 X135.8150 Y132.8548 Z1.3041 E0.02133 F1080
G1 X135.5564 Y133.1599 Z1.3038 E0.02133 F1080
G1 X135.2927 Y133.4607 Z1.3035 E0.02133 F1080
G1 X135.0240 Y133.7570 Z1.3033 E0.02133 F1080
G1 X134.7503 Y134.0488 Z1.3030 E0.02133 F1080
G1 X134.4719 Y134.3360 Z1.3027 E0.02133 F1080
G1 X134.1886 Y134.6185 Z1.3025 E0.02133 F1080
G1 X133.9007 Y134.8961 Z1.3022 E0.02133 F1080
G1 X133.6082 Y135.1690 Z1.3019 E0.02133 F1080
G1 X133.3112 Y135.4369 Z1.3017 E0.02133 F1080
G1 X133.0097 Y135.6998 Z1.3014 E0.02133 F1080
G1 X132.7038 Y135.9576 Z1.3011 E0.02133 F1080
G1 X132.3937 Y136.2102 Z1.3009 E0.02133 F1080
G1 X132.0794 Y136.4577 Z1.3006 E0.02133 F1080
G1 X131.7610 Y136.6998 Z1.3003 E0.02133 F1080
G1 X131.4387 Y136.9366 Z1.3001 E0.02133 F1080
G1 X131.1123 Y137.1680 Z1.2998 E0.02133 F1080
G1 X130.7822 Y137.3939 Z1.2995 E0.02133 F1080
G1 X130.4484 Y137.6142 Z1.2993 E0.02133 F1080
G1 X130.1109 Y137.8289 Z1.2990 E0.02133 F1080
G1 X129.7698 Y138.0379 Z1.2987 E0.02133 F1080
G1 X129.4253 Y138.2412 Z1.2985 E0.02133 F1080
G1 X129.0775 Y138.4387 Z1.2982 E0.02133 F1080
G1 X128.7264 Y138.6304 Z1.2979 E0.02133 F1080
G1 X128.3721 Y138.8162 Z1.2977 E0.02133 F1080
G1 X128.0148 Y138.9960 Z1.2974 E0.02133 F1080
G1 X127.6546 Y139.1699 Z1.2971 E0.02133 F1080
G1 X127.2915 Y139.3376 Z1.2969 E0.02133 F1080
G1 X126.9256 Y139.4993 Z1.2966 E0.02133 F1080
G1 X126.5571 Y139.6549 Z1.2963 E0.02133 F1080
G1 X126.1860 Y139.8043 Z1.2961 E0.02133 F1080
G1 X125.8125 Y139.9474 Z1.2958 E0.02133 F1080
G1 X125.4366 Y140.0843 Z1.2955 E0.02133 F1080
G1 X125.0585 Y140.2149 Z1.2953 E0.02133 F1080
G1 X124.6783 Y140.3392 Z1.2950 E0.02133 F1080
G1 X124.2961 Y140.4571 Z1.2947 E0.02133 F1080
G1 X123.9119 Y140.5686 Z1.2945 E0.02133 F1080
G1 X123.5260 Y140.6736 Z1.2942 E0.02133 F1080
G1 X123.1383 Y140.7722 Z1.2939 E0.02133 F1080
G1 X122.7490 Y140.8643 Z1.2937 E0.02133 F1080
G1 X122.3583 Y140.9499 Z1.2934 E0.02133 F1080
G1 X121.9662 Y141.0289 Z1.2931 E0.02133 F1080
G1 X121.5728 Y141.1014 Z1.2929 E0.02133 F1080
G1 X121.1783 Y141.1673 Z1.2926 E0.02133 F1080
G1 X120.7827 Y141.2266 Z1.2923 E0.02133 F1080
G1 X120.3862 Y141.2793 Z1.2921 E0.02133 F1080
G1 X119.9888 Y141.3254 Z1.2918 E0.02133 F1080
G1 X119.5907 Y141.3648 Z1.2915 E0.02133 F1080
G1 X119.1921 Y141.3976 Z1.2913 E0.02133 F1080
G1 X118.7929 Y141.4237 Z1.2910 E0.02133 F1080
G1 X118.3934 Y141.4432 Z1.2907 E0.02133 F1080
G1 X117.9936 Y141.4559 Z1.2905 E0.02133 F1080
G1 X117.5936 Y141.4620 Z1.2902 E0.02133 F1080
G1 X117.1936 Y141.4615 Z1.2899 E0.02133 F1080
G1 X116.7937 Y141.4542 Z1.2897 E0.02133 F1080
G1 X116.3939 Y141.4403 Z1.2894 E0.02133 F1080
G1 X115.9944 Y141.4197 Z1.2891 E0.02133 F1080
G1 X115.5954 Y141.3924 Z1.2889 E0.02133 F1080
G1 X115.1968 Y141.3585 Z1.2886 E0.02133 F1080
G1 X114.7989 Y141.3179 Z1.2883 E0.02133 F1080
G1 X114.4016 Y141.2707 Z1.2881 E0.02133 F1080
G1 X114.0053 Y141.2169 Z1.2878 E0.02133 F1080
G1 X113.6099 Y141.1565 Z1.2875 E0.02133 F1080
G1 X113.2155 Y141.0894 Z1.2873 E0.02133 F1080
G1 X112.8223 Y141.0158 Z1.2870 E0.02133 F1080
G1 X112.4304 Y140.9357 Z1.2867 E0.02133 F1080
G1 X112.0399 Y140.8490 Z1.2865 E0.02133 F1080
G1 X111.6509 Y140.7559 Z1.2862 E0.02133 F1080
G1 X111.2635 Y140.6562 Z1.2859 E0.02133 F1080
G1 X110.8778 Y140.5501 Z1.2857 E0.02133 F1080
G1 X110.4940 Y140.4376 Z1.2854 E0.02133 F1080
G1 X110.1120 Y140.3187 Z1.2851 E0.02133 F1080
G1 X109.7322 Y140.1935 Z1.2849 E0.02133 F1080
G1 X109.3544 Y140.0619 Z1.2846 E0.02133 F1080
G1 X108.9789 Y139.9241 Z1.2843 E0.02133 F1080
G1 X108.6057 Y139.7800 Z1.2841 E0.02133 F1080
G1 X108.2350 Y139.6297 Z1.2838 E0.02133 F1080
G1 X107.8669 Y139.4733 Z1.2835 E0.02133 F1080
G1 X107.5014 Y139.3107 Z1.2833 E0.02133 F1080
G1 X107.1387 Y139.1421 Z1.2830 E0.02133 F1080
G1 X106.7788 Y138.9674 Z1.2827 E0.02133 F1080
G1 X106.4219 Y138.7868 Z1.2825 E0.02133 F1080
G1 X106.0681 Y138.6002 Z1.2822 E0.02133 F1080
G1 X105.7174 Y138.4078 Z1.2819 E0.02133 F1080
G1 X105.3700 Y138.2095 Z1.2817 E0.02133 F1080
G1 X105.0259 Y138.0055 Z1.2814 E0.02133 F1080
G1 X104.6853 Y137.7958 Z1.2811 E0.02133 F1080
G1 X104.3482 Y137.5804 Z1.2809 E0.02133 F1080
G1 X104.0148 Y137.3595 Z1.2806 E0.02133 F1080
G1 X103.6850 Y137.1330 Z1.2803 E0.02133 F1080
G1 X103.3591 Y136.9011 Z1.2801 E0.02133 F1080
G1 X103.0372 Y136.6637 Z1.2798 E0.02133 F1080
G1 X102.7192 Y136.4211 Z1.2795 E0.02133 F1080
G1 X102.4053 Y136.1731 Z1.2793 E0.02133 F1080
G1 X102.0955 Y135.9200 Z1.2790 E0.02133 F1080
G1 X101.7901 Y135.6618 Z1.2787 E0.02133 F1080
G1 X101.4889 Y135.3985 Z1.2785 E0.02133 F1080
G1 X101.1922 Y135.1302 Z1.2782 E0.02133 F1080
G1 X100.9000 Y134.8570 Z1.2779 E0.02133 F1080
G1 X100.6124 Y134.5790 Z1.2776 E0.02133 F1080
G1 X100.3295 Y134.2962 Z1.2774 E0.02133 F1080
G1 X100.0513 Y134.0088 Z1.2771 E0.02133 F1080
G1 X99.7780 Y133.7167 Z1.2768 E0.02133 F1080
G1 X99.5095 Y133.4202 Z1.2766 E0.02133 F1080
G1 X99.2460 Y133.1192 Z1.2763 E0.02133 F1080
G1 X98.9876 Y132.8139 Z1.2760 E0.02133 F1080
G1 X98.7343 Y132.5043 Z1.2758 E0.02133 F1080
G1 X98.4862 Y132.1906 Z1.2755 E0.02133 F1080
G1 X98.2433 Y131.8728 Z1.2752 E0.02133 F1080
G1 X98.0058 Y131.5509 Z1.2750 E0.02133 F1080
G1 X97.7736 Y131.2252 Z1.2747 E0.02133 F1080
G1 X97.5469 Y130.8956 Z1.2744 E0.02133 F1080
G1 X97.3257 Y130.5623 Z1.2742 E0.02133 F1080
G1 X97.1101 Y130.2254 Z1.2739 E0.02133 F1080
G1 X96.9001 Y129.8849 Z1.2736 E0.02133 F1080
G1 X96.6959 Y129.5410 Z1.2734 E0.02133 F1080
G1 X96.4973 Y129.1937 Z1.2731 E0.02133 F1080
G1 X96.3046 Y128.8432 Z1.2728 E0.02133 F1080
G1 X96.1178 Y128.4895 Z1.2726 E0.02133 F1080
G1 X95.9368 Y128.1328 Z1.2723 E0.02133 F1080
G1 X95.7618 Y127.7731 Z1.2720 E0.02133 F1080
G1 X95.5929 Y127.4105 Z1.2718 E0.02133 F1080
G1 X95.4299 Y127.0452 Z1.2715 E0.02133 F1080
G1 X95.2731 Y126.6772 Z1.2712 E0.02133 F1080
G1 X95.1224 Y126.3067 Z1.2709 E0.02133 F1080
G1 X94.9779 Y125.9337 Z1.2707 E0.02133 F1080
G1 X94.8397 Y125.5583 Z1.2704 E0.02133 F1080
G1 X94.7076 Y125.1807 Z1.2701 E0.02133 F1080
G1 X94.5819 Y124.8010 Z1.2699 E0.02133 F1080
G1 X94.4625 Y124.4192 Z1.2696 E0.02133 F1080
G1 X94.3495 Y124.0355 Z1.2693 E0.02133 F1080
G1 X94.2429 Y123.6500 Z1.2691 E0.02133 F1080
G1 X94.1427 Y123.2627 Z1.2688 E0.02133 F1080
G1 X94.0490 Y122.8739 Z1.2685 E0.02133 F1080
G1 X93.9617 Y122.4835 Z1.2683 E0.02133 F1080
G1 X93.8809 Y122.0917 Z1.2680 E0.02133 F1080
G1 X93.8067 Y121.6987 Z1.2677 E0.02133 F1080
G1 X93.7390 Y121.3044 Z1.2675 E0.02133 F1080
G1 X93.6779 Y120.9091 Z1.2672 E0.02133 F1080
G1 X93.6233 Y120.5128 Z1.2669 E0.02133 F1080
G1 X93.5754 Y120.1157 Z1.2667 E0.02133 F1080
G1 X93.5340 Y119.7179 Z1.2664 E0.02133 F1080
G1 X93.4993 Y119.3194 Z1.2661 E0.02133 F1080
G1 X93.4712 Y118.9203 Z1.2658 E0.02133 F1080
G1 X93.4497 Y118.5209 Z1.2656 E0.02133 F1080
G1 X93.4349 Y118.1212 Z1.2653 E0.02133 F1080
G1 X93.4267 Y117.7213 Z1.2650 E0.02133 F1080
G1 X93.4251 Y117.3213 Z1.2648 E0.02133 F1080
G1 X93.4302 Y116.9213 Z1.2645 E0.02133 F1080
G1 X93.4420 Y116.5214 Z1.2642 E0.02133 F1080
G1 X93.4604 Y116.1219 Z1.2640 E0.02133 F1080
G1 X93.4854 Y115.7226 Z1.2637 E0.02133 F1080
G1 X93.5170 Y115.3239 Z1.2634 E0.02133 F1080
G1 X93.5553 Y114.9257 Z1.2632 E0.02133 F1080
G1 X93.6002 Y114.5282 Z1.2629 E0.02133 F1080
G1 X93.6517 Y114.1315 Z1.2626 E0.02133 F1080
G1 X93.7097 Y113.7358 Z1.2624 E0.02133 F1080
G1 X93.7743 Y113.3410 Z1.2621 E0.02133 F1080
G1 X93.8455 Y112.9474 Z1.2618 E0.02133 F1080
G1 X93.9232 Y112.5550 Z1.2615 E0.02133 F1080
G1 X94.0074 Y112.1640 Z1.2613 E0.02133 F1080
G1 X94.0981 Y111.7744 Z1.2610 E0.02133 F1080
G1 X94.1952 Y111.3863 Z1.2607 E0.02133 F1080
G1 X94.2988 Y111.0000 Z1.2605 E0.02133 F1080
G1 X94.4087 Y110.6154 Z1.2602 E0.02133 F1080
G1 X94.5251 Y110.2327 Z1.2599 E0.02133 F1080
G1 X94.6477 Y109.8519 Z1.2597 E0.02133 F1080
G1 X94.7767 Y109.4733 Z1.2594 E0.02133 F1080
G1 X94.9119 Y109.0968 Z1.2591 E0.02133 F1080
G1 X95.0534 Y108.7227 Z1.2589 E0.02133 F1080
G1 X95.2011 Y108.3509 Z1.2586 E0.02133 F1080
G1 X95.3549 Y107.9817 Z1.2583 E0.02133 F1080
G1 X95.5148 Y107.6150 Z1.2581 E0.02133 F1080
G1 X95.6807 Y107.2511 Z1.2578 E0.02133 F1080
G1 X95.8527 Y106.8899 Z1.2575 E0.02133 F1080
G1 X96.0307 Y106.5317 Z1.2572 E0.02133 F1080
G1 X96.2146 Y106.1764 Z1.2570 E0.02133 F1080
G1 X96.4043 Y105.8243 Z1.2567 E0.02133 F1080
G1 X96.5999 Y105.4753 Z1.2564 E0.02133 F1080
G1 X96.8012 Y105.1297 Z1.2562 E0.02133 F1080
G1 X97.0082 Y104.7874 Z1.2559 E0.02133 F1080
G1 X97.2209 Y104.4486 Z1.2556 E0.02133 F1080
G1 X97.4392 Y104.1134 Z1.2554 E0.02133 F1080
G1 X97.6630 Y103.7819 Z1.2551 E0.02133 F1080
G1 X97.8922 Y103.4541 Z1.2548 E0.02133 F1080
G1 X98.1269 Y103.1302 Z1.2546 E0.02133 F1080
G1 X98.3669 Y102.8102 Z1.2543 E0.02133 F1080
G1 X98.6122 Y102.4942 Z1.2540 E0.02133 F1080
G1 X98.8627 Y102.1823 Z1.2537 E0.02133 F1080
G1 X99.1183 Y101.8747 Z1.2535 E0.02133 F1080
G1 X99.3790 Y101.5713 Z1.2532 E0.02133 F1080
G1 X99.6447 Y101.2722 Z1.2529 E0.02133 F1080
G1 X99.9153 Y100.9777 Z1.2527 E0.02133 F1080
G1 X100.1907 Y100.6876 Z1.2524 E0.02133 F1080
G1 X100.4710 Y100.4022 Z1.2521 E0.02133 F1080
G1 X100.7559 Y100.1214 Z1.2519 E0.02133 F1080
G1 X101.0454 Y99.8454 Z1.2516 E0.02133 F1080
G1 X101.3395 Y99.5742 Z1.2513 E0.02133 F1080
G1 X101.6380 Y99.3080 Z1.2511 E0.02133 F1080
G1 X101.9409 Y99.0467 Z1.2508 E0.02133 F1080
G1 X102.2481 Y98.7905 Z1.2505 E0.02133 F1080
G1 X102.5594 Y98.5394 Z1.2502 E0.02133 F1080
G1 X102.8749 Y98.2935 Z1.2500 E0.02133 F1080
G1 X103.1945 Y98.0528 Z1.2497 E0.02133 F1080
G1 X103.5180 Y97.8175 Z1.2494 E0.02133 F1080
G1 X103.8453 Y97.5876 Z1.2492 E0.02133 F1080
G1 X104.1764 Y97.3632 Z1.2489 E0.02133 F1080
G1 X104.5111 Y97.1442 Z1.2486 E0.02133 F1080
G1 X104.8495 Y96.9308 Z1.2484 E0.02133 F1080
G1 X105.1913 Y96.7231 Z1.2481 E0.02133 F1080
G1 X105.5365 Y96.5210 Z1.2478 E0.02133 F1080
G1 X105.8851 Y96.3247 Z1.2475 E0.02133 F1080
G1 X106.2368 Y96.1342 Z1.2473 E0.02133 F1080
G1 X106.5916 Y95.9496 Z1.2470 E0.02133 F1080
G1 X106.9495 Y95.7708 Z1.2467 E0.02133 F1080
G1 X107.3102 Y95.5980 Z1.2465 E0.02133 F1080
G1 X107.6738 Y95.4312 Z1.2462 E0.02133 F1080
G1 X108.0401 Y95.2705 Z1.2459 E0.02133 F1080
G1 X108.4090 Y95.1158 Z1.2457 E0.02133 F1080
G1 X108.7804 Y94.9672 Z1.2454 E0.02133 F1080
G1 X109.1542 Y94.8249 Z1.2451 E0.02133 F1080
G1 X109.5303 Y94.6887 Z1.2449 E0.02133 F1080
G1 X109.9086 Y94.5588 Z1.2446 E0.02133 F1080
G1 X110.2890 Y94.4351 Z1.2443 E0.02133 F1080
G1 X110.6715 Y94.3178 Z1.2440 E0.02133 F1080
G1 X111.0558 Y94.2068 Z1.2438 E0.02133 F1080
G1 X111.4418 Y94.1022 Z1.2435 E0.02133 F1080
G1 X111.8296 Y94.0040 Z1.2432 E0.02133 F1080
G1 X112.2189 Y93.9122 Z1.2430 E0.02133 F1080
G1 X112.6097 Y93.8269 Z1.2427 E0.02133 F1080
G1 X113.0019 Y93.7481 Z1.2424 E0.02133 F1080
G1 X113.3953 Y93.6757 Z1.2422 E0.02133 F1080
G1 X113.7899 Y93.6099 Z1.2419 E0.02133 F1080
G1 X114.1855 Y93.5506 Z1.2416 E0.02133 F1080
G1 X114.5820 Y93.4979 Z1.2413 E0.02133 F1080
G1 X114.9793 Y93.4517 Z1.2411 E0.02133 F1080
G1 X115.3774 Y93.4121 Z1.2408 E0.02133 F1080
G1 X115.7760 Y93.3791 Z1.2405 E0.02133 F1080
G1 X116.1751 Y93.3527 Z1.2403 E0.02133 F1080
G1 X116.5747 Y93.3330 Z1.2400 E0.02133 F1080
G1 X116.9744 Y93.3198 Z1.2397 E0.02133 F1080
G1 X117.3744 Y93.3132 Z1.2395 E0.02133 F1080
G1 X117.7744 Y93.3132 Z1.2392 E0.02133 F1080
G1 X118.1744 Y93.3199 Z1.2389 E0.02133 F1080
G1 X118.5741 Y93.3332 Z1.2386 E0.02133 F1080
G1 X118.9737 Y93.3531 Z1.2384 E0.02133 F1080
G1 X119.3728 Y93.3795 Z1.2381 E0.02133 F1080
G1 X119.7714 Y93.4126 Z1.2378 E0.02133 F1080
G1 X120.1695 Y93.4523 Z1.2376 E0.02133 F1080
G1 X120.5668 Y93.4985 Z1.2373 E0.02133 F1080
G1 X120.9633 Y93.5513 Z1.2370 E0.02133 F1080
G1 X121.3589 Y93.6107 Z1.2368 E0.02133 F1080
G1 X121.7534 Y93.6766 Z1.2365 E0.02133 F1080
G1 X122.1468 Y93.7490 Z1.2362 E0.02133 F1080
G1 X122.5390 Y93.8278 Z1.2359 E0.02133 F1080
G1 X122.9298 Y93.9132 Z1.2357 E0.02133 F1080
G1 X123.3191 Y94.0050 Z1.2354 E0.02133 F1080
G1 X123.7068 Y94.1032 Z1.2351 E0.02133 F1080
G1 X124.0929 Y94.2078 Z1.2349 E0.02133 F1080
G1 X124.4772 Y94.3188 Z1.2346 E0.02133 F1080
G1 X124.8596 Y94.4361 Z1.2343 E0.02133 F1080
G1 X125.2401 Y94.5598 Z1.2341 E0.02133 F1080
G1 X125.6184 Y94.6897 Z1.2338 E0.02133 F1080
G1 X125.9945 Y94.8258 Z1.2335 E0.02133 F1080
G1 X126.3684 Y94.9681 Z1.2332 E0.02133 F1080
G1 X126.7398 Y95.1166 Z1.2330 E0.02133 F1080
G1 X127.1087 Y95.2711 Z1.2327 E0.02133 F1080
G1 X127.4751 Y95.4318 Z1.2324 E0.02133 F1080
G1 X127.8387 Y95.5985 Z1.2322 E0.02133 F1080
G1 X128.1995 Y95.7712 Z1.2319 E0.02133 F1080
G1 X128.5574 Y95.9498 Z1.2316 E0.02133 F1080
G1 X128.9123 Y96.1343 Z1.2313 E0.02133 F1080
G1 X129.2642 Y96.3246 Z1.2311 E0.02133 F1080
G1 X129.6128 Y96.5207 Z1.2308 E0.02133 F1080
G1 X129.9581 Y96.7225 Z1.2305 E0.02133 F1080
G1 X130.3001 Y96.9301 Z1.2303 E0.02133 F1080
G1 X130.6386 Y97.1432 Z1.2300 E0.02133 F1080
G1 X130.9735 Y97.3619 Z1.2297 E0.02133 F1080
G1 X131.3048 Y97.5861 Z1.2295 E0.02133 F1080
G1 X131.6323 Y97.8157 Z1.2292 E0.02133 F1080
G1 X131.9560 Y98.0507 Z1.2289 E0.02133 F1080
G1 X132.2758 Y98.2910 Z1.2286 E0.02133 F1080
G1 X132.5916 Y98.5366 Z1.2284 E0.02133 F1080
G1 X132.9032 Y98.7873 Z1.2281 E0.02133 F1080
G1 X133.2107 Y99.0432 Z1.2278 E0.02133 F1080
G1 X133.5139 Y99.3041 Z1.2276 E0.02133 F1080
G1 X133.8128 Y99.5699 Z1.2273 E0.02133 F1080
G1 X134.1073 Y99.8407 Z1.2270 E0.02133 F1080
G1 X134.3972 Y100.1163 Z1.2267 E0.02133 F1080
G1 X134.6826 Y100.3966 Z1.2265 E0.02133 F1080
G1 X134.9632 Y100.6816 Z1.2262 E0.02133 F1080
G1 X135.2392 Y100.9711 Z1.2259 E0.02133 F1080
G1 X135.5103 Y101.2652 Z1.2257 E0.02133 F1080
G1 X135.7766 Y101.5638 Z1.2254 E0.02133 F1080
G1 X136.0379 Y101.8666 Z1.2251 E0.02133 F1080
G1 X136.2941 Y102.1738 Z1.2249 E0.02133 F1080
G1 X136.5453 Y102.4851 Z1.2246 E0.02133 F1080
G1 X136.7912 Y102.8006 Z1.2243 E0.02133 F1080
G1 X137.0320 Y103.1200 Z1.2240 E0.02133 F1080
G1 X137.2674 Y103.4434 Z1.2238 E0.02133 F1080
G1 X137.4975 Y103.7706 Z1.2235 E0.02133 F1080
G1 X137.7222 Y104.1016 Z1.2232 E0.02133 F1080
G1 X137.9413 Y104.4362 Z1.2230 E0.02133 F1080
G1 X138.1550 Y104.7744 Z1.2227 E0.02133 F1080
G1 X138.3630 Y105.1160 Z1.2224 E0.02133 F1080
G1 X138.5653 Y105.4611 Z1.2221 E0.02133 F1080
G1 X138.7620 Y105.8094 Z1.2219 E0.02133 F1080
G1 X138.9528 Y106.1609 Z1.2216 E0.02133 F1080
G1 X139.1379 Y106.5156 Z1.2213 E0.02133 F1080
G1 X139.3171 Y106.8732 Z1.2211 E0.02133 F1080
G1 X139.4903 Y107.2337 Z1.2208 E0.02133 F1080
G1 X139.6576 Y107.5971 Z1.2205 E0.02133 F1080
G1 X139.8189 Y107.9631 Z1.2203 E0.02133 F1080
G1 X139.9741 Y108.3318 Z1.2200 E0.02133 F1080
G1 X140.1233 Y108.7030 Z1.2197 E0.02133 F1080
G1 X140.2663 Y109.0765 Z1.2194 E0.02133 F1080
G1 X140.4031 Y109.4524 Z1.2192 E0.02133 F1080
G1 X140.5337 Y109.8305 Z1.2189 E0.02133 F1080
G1 X140.6580 Y110.2107 Z1.2186 E0.02133 F1080
G1 X140.7761 Y110.5929 Z1.2184 E0.02133 F1080
G1 X140.8879 Y110.9770 Z1.2181 E0.02133 F1080
G1 X140.9933 Y111.3628 Z1.2178 E0.02133 F1080
G1 X141.0924 Y111.7504 Z1.2175 E0.02133 F1080
G1 X141.1850 Y112.1395 Z1.2173 E0.02133 F1080
G1 X141.2713 Y112.5301 Z1.2170 E0.02133 F1080
G1 X141.3511 Y112.9221 Z1.2167 E0.02133 F1080
G1 X141.4244 Y113.3153 Z1.2165 E0.02133 F1080
G1 X141.4912 Y113.7097 Z1.2162 E0.02133 F1080
G1 X141.5515 Y114.1051 Z1.2159 E0.02133 F1080
G1 X141.6054 Y114.5015 Z1.2156 E0.02133 F1080
G1 X141.6526 Y114.8987 Z1.2154 E0.02133 F1080
G1 X141.6934 Y115.2966 Z1.2151 E0.02133 F1080
G1 X141.7275 Y115.6951 Z1.2148 E0.02133 F1080
G1 X141.7551 Y116.0942 Z1.2146 E0.02133 F1080
G1 X141.7762 Y116.4937 Z1.2143 E0.02133 F1080
G1 X141.7906 Y116.8934 Z1.2140 E0.02133 F1080
G1 X141.7985 Y117.2933 Z1.2137 E0.02133 F1080
G1 X141.7998 Y117.6933 Z1.2135 E0.02133 F1080
G1 X141.7945 Y118.0933 Z1.2132 E0.02133 F1080
G1 X141.7826 Y118.4931 Z1.2129 E0.02133 F1080
G1 X141.7642 Y118.8927 Z1.2127 E0.02133 F1080
G1 X141.7391 Y119.2919 Z1.2124 E0.02133 F1080
G1 X141.7075 Y119.6907 Z1.2121 E0.02133 F1080
G1 X141.6694 Y120.0889 Z1.2118 E0.02133 F1080
G1 X141.6247 Y120.4864 Z1.2116 E0.02133 F1080
G1 X141.5734 Y120.8831 Z1.2113 E0.02133 F1080
G1 X141.5157 Y121.2789 Z1.2110 E0.02133 F1080
G1 X141.4514 Y121.6737 Z1.2108 E0.02133 F1080
G1 X141.3807 Y122.0674 Z1.2105 E0.02133 F1080
G1 X141.3035 Y122.4599 Z1.2102 E0.02133 F1080
G1 X141.2198 Y122.8511 Z1.2100 E0.02133 F1080
G1 X141.1297 Y123.2408 Z1.2097 E0.02133 F1080
G1 X141.0332 Y123.6290 Z1.2094 E0.02133 F1080
G1 X140.9304 Y124.0155 Z1.2091 E0.02133 F1080
G1 X140.8212 Y124.4004 Z1.2089 E0.02133 F1080
G1 X140.7057 Y124.7833 Z1.2086 E0.02133 F1080
G1 X140.5839 Y125.1643 Z1.2083 E0.02133 F1080
G1 X140.4558 Y125.5433 Z1.2081 E0.02133 F1080
G1 X140.3215 Y125.9201 Z1.2078 E0.02133 F1080
G1 X140.1811 Y126.2946 Z1.2075 E0.02133 F1080
G1 X140.0345 Y126.6668 Z1.2072 E0.02133 F1080
G1 X139.8818 Y127.0365 Z1.2070 E0.02133 F1080
G1 X139.7231 Y127.4037 Z1.2067 E0.02133 F1080
G1 X139.5584 Y127.7682 Z1.2064 E0.02133 F1080
G1 X139.3876 Y128.1300 Z1.2062 E0.02133 F1080
G1 X139.2110 Y128.4888 Z1.2059 E0.02133 F1080
G1 X139.0285 Y128.8448 Z1.2056 E0.02133 F1080
G1 X138.8401 Y129.1977 Z1.2053 E0.02133 F1080
G1 X138.6460 Y129.5474 Z1.2051 E0.02133 F1080
G1 X138.4462 Y129.8939 Z1.2048 E0.02133 F1080
G1 X138.2407 Y130.2371 Z1.2045 E0.02133 F1080
G1 X138.0295 Y130.5769 Z1.2043 E0.02133 F1080
G1 X137.8128 Y130.9131 Z1.2040 E0.02133 F1080
G1 X137.5907 Y131.2457 Z1.2037 E0.02133 F1080
G1 X137.3631 Y131.5747 Z1.2034 E0.02133 F1080
G1 X137.1301 Y131.8998 Z1.2032 E0.02133 F1080
G1 X136.8918 Y132.2211 Z1.2029 E0.02133 F1080
G1 X136.6482 Y132.5384 Z1.2026 E0.02133 F1080
G1 X136.3995 Y132.8517 Z1.2024 E0.02133 F1080
G1 X136.1457 Y133.1609 Z1.2021 E0.02133 F1080
G1 X135.8868 Y133.4658 Z1.2018 E0.02133 F1080
G1 X135.6230 Y133.7664 Z1.2015 E0.02133 F1080
G1 X135.3542 Y134.0627 Z1.2013 E0.02133 F1080
G1 X135.0806 Y134.3545 Z1.2010 E0.02133 F1080
G1 X134.8023 Y134.6418 Z1.2007 E0.02133 F1080
G1 X134.5193 Y134.9245 Z1.2005 E0.02133 F1080
G1 X134.2316 Y135.2025 Z1.2002 E0.02133 F1080
G1 X133.9395 Y135.4757 Z1.1999 E0.02133 F1080
G1 X133.6429 Y135.7441 Z1.1996 E0.02133 F1080
G1 X133.3419 Y136.0076 Z1.1994 E0.02133 F1080
G1 X133.0367 Y136.2661 Z1.1991 E0.02133 F1080
G1 X132.7272 Y136.5196 Z1.1988 E0.02133 F1080
G1 X132.4136 Y136.7679 Z1.1986 E0.02133 F1080
G1 X132.0960 Y137.0111 Z1.1983 E0.02133 F1080
G1 X131.7745 Y137.2490 Z1.1980 E0.02133 F1080
G1 X131.4491 Y137.4816 Z1.1977 E0.02133 F1080
G1 X131.1199 Y137.7088 Z1.1975 E0.02133 F1080
G1 X130.7870 Y137.9306 Z1.1972 E0.02133 F1080
G1 X130.4505 Y138.1470 Z1.1969 E0.02133 F1080
G1 X130.1105 Y138.3577 Z1.1967 E0.02133 F1080
G1 X129.7671 Y138.5629 Z1.1964 E0.02133 F1080
G1 X129.4204 Y138.7624 Z1.1961 E0.02133 F1080
G1 X129.0705 Y138.9561 Z1.1958 E0.02133 F1080
G1 X128.7174 Y139.1441 Z1.1956 E0.02133 F1080
G1 X128.3613 Y139.3263 Z1.1953 E0.02133 F1080
G1 X128.0023 Y139.5026 Z1.1950 E0.02133 F1080
G1 X127.6404 Y139.6730 Z1.1948 E0.02133 F1080
G1 X127.2757 Y139.8375 Z1.1945 E0.02133 F1080
G1 X126.9084 Y139.9959 Z1.1942 E0.02133 F1080
G1 X126.5386 Y140.1483 Z1.1939 E0.02133 F1080
G1 X126.1663 Y140.2946 Z1.1937 E0.02133 F1080
G1 X125.7917 Y140.4348 Z1.1934 E0.02133 F1080
G1 X125.4148 Y140.5688 Z1.1931 E0.02133 F1080
G1 X125.0357 Y140.6967 Z1.1928 E0.02133 F1080
G1 X124.6547 Y140.8182 Z1.1926 E0.02133 F1080
G1 X124.2716 Y140.9336 Z1.1923 E0.02133 F1080
G1 X123.8868 Y141.0426 Z1.1920 E0.02133 F1080
G1 X123.5002 Y141.1453 Z1.1918 E0.02133 F1080
G1 X123.1119 Y141.2416 Z1.1915 E0.02133 F1080
G1 X122.7222 Y141.3316 Z1.1912 E0.02133 F1080
G1 X122.3310 Y141.4152 Z1.1909 E0.02133 F1080
G1 X121.9385 Y141.4923 Z1.1907 E0.02133 F1080
G1 X121.5448 Y141.5630 Z1.1904 E0.02133 F1080
G1 X121.1500 Y141.6272 Z1.1901 E0.02133 F1080
G1 X120.7542 Y141.6850 Z1.1899 E0.02133 F1080
G1 X120.3575 Y141.7362 Z1.1896 E0.02133 F1080
G1 X119.9600 Y141.7810 Z1.1893 E0.02133 F1080
G1 X119.5618 Y141.8192 Z1.1890 E0.02133 F1080
G1 X119.1630 Y141.8509 Z1.1888 E0.02133 F1080
G1 X118.7638 Y141.8760 Z1.1885 E0.02133 F1080
G1 X118.3642 Y141.8947 Z1.1882 E0.02133 F1080
G1 X117.9644 Y141.9067 Z1.1880 E0.02133 F1080
G1 X117.5645 Y141.9122 Z1.1877 E0.02133 F1080
G1 X117.1644 Y141.9112 Z1.1874 E0.02133 F1080
G1 X116.7645 Y141.9036 Z1.1871 E0.02133 F1080
G1 X116.3648 Y141.8894 Z1.1869 E0.02133 F1080
G1 X115.9653 Y141.8687 Z1.1866 E0.02133 F1080
G1 X115.5662 Y141.8415 Z1.1863 E0.02133 F1080
G1 X115.1676 Y141.8077 Z1.1861 E0.02133 F1080
G1 X114.7697 Y141.7674 Z1.1858 E0.02133 F1080
G1 X114.3724 Y141.7206 Z1.1855 E0.02133 F1080
G1 X113.9760 Y141.6673 Z1.1852 E0.02133 F1080
G1 X113.5804 Y141.6075 Z1.1850 E0.02133 F1080
G1 X113.1860 Y141.5412 Z1.1847 E0.02133 F1080
G1 X112.7926 Y141.4685 Z1.1844 E0.02133 F1080
G1 X112.4005 Y141.3894 Z1.1842 E0.02133 F1080
G1 X112.0098 Y141.3038 Z1.1839 E0.02133 F1080
G1 X111.6205 Y141.2118 Z1.1836 E0.02133 F1080
G1 X111.2327 Y141.1135 Z1.1833 E0.02133 F1080
G1 X110.8467 Y141.0089 Z1.1831 E0.02133 F1080
G1 X110.4624 Y140.8979 Z1.1828 E0.02133 F1080
G1 X110.0799 Y140.7807 Z1.1825 E0.02133 F1080
G1 X109.6994 Y140.6572 Z1.1822 E0.02133 F1080
G1 X109.3210 Y140.5276 Z1.1820 E0.02133 F1080
G1 X108.9448 Y140.3917 Z1.1817 E0.02133 F1080
G1 X108.5709 Y140.2497 Z1.1814 E0.02133 F1080
G1 X108.1993 Y140.1016 Z1.1812 E0.02133 F1080
G1 X107.8302 Y139.9474 Z1.1809 E0.02133 F1080
G1 X107.4636 Y139.7873 Z1.1806 E0.02133 F1080
G1 X107.0998 Y139.6211 Z1.1803 E0.02133 F1080
G1 X106.7387 Y139.4490 Z1.1801 E0.02133 F1080
G1 X106.3804 Y139.2710 Z1.1798 E0.02133 F1080
G1 X106.0252 Y139.0872 Z1.1795 E0.02133 F1080
G1 X105.6730 Y138.8976 Z1.1793 E0.02133 F1080
G1 X105.3239 Y138.7023 Z1.1790 E0.02133 F1080
G1 X104.9781 Y138.5013 Z1.1787 E0.02133 F1080
G1 X104.6356 Y138.2946 Z1.1784 E0.02133 F1080
G1 X104.2965 Y138.0824 Z1.1782 E0.02133 F1080
G1 X103.9610 Y137.8646 Z1.1779 E0.02133 F1080
G1 X103.6290 Y137.6414 Z1.1776 E0.02133 F1080
G1 X103.3008 Y137.4128 Z1.1774 E0.02133 F1080
G1 X102.9763 Y137.1789 Z1.1771 E0.02133 F1080
G1 X102.6557 Y136.9397 Z1.1768 E0.02133 F1080
G1 X102.3391 Y136.6952 Z1.1765 E0.02133 F1080
G1 X102.0265 Y136.4457 Z1.1763 E0.02133 F1080
G1 X101.7180 Y136.1910 Z1.1760 E0.02133 F1080
G1 X101.4137 Y135.9313 Z1.1757 E0.02133 F1080
G1 X101.1138 Y135.6667 Z1.1754 E0.02133 F1080
G1 X100.8181 Y135.3973 Z1.1752 E0.02133 F1080
G1 X100.5270 Y135.1230 Z1.1749 E0.02133 F1080
G1 X100.2403 Y134.8440 Z1.1746 E0.02133 F1080
G1 X99.9583 Y134.5604 Z1.1744 E0.02133 F1080
G1 X99.6809 Y134.2721 Z1.1741 E0.02133 F1080
G1 X99.4083 Y133.9794 Z1.1738 E0.02133 F1080
G1 X99.1404 Y133.6823 Z1.1735 E0.02133 F1080
G1 X98.8775 Y133.3808 Z1.1733 E0.02133 F1080
G1 X98.6196 Y133.0751 Z1.1730 E0.02133 F1080
G1 X98.3667 Y132.7652 Z1.1727 E0.02133 F1080
G1 X98.1188 Y132.4512 Z1.1725 E0.02133 F1080
G1 X97.8762 Y132.1332 Z1.1722 E0.02133 F1080
G1 X97.6387 Y131.8113 Z1.1719 E0.02133 F1080
G1 X97.4066 Y131.4856 Z1.1716 E0.02133 F1080
G1 X97.1798 Y131.1561 Z1.1714 E0.02133 F1080
G1 X96.9584 Y130.8229 Z1.1711 E0.02133 F1080
G1 X96.7425 Y130.4862 Z1.1708 E0.02133 F1080
G1 X96.5322 Y130.1459 Z1.1706 E0.02133 F1080
G1 X96.3274 Y129.8023 Z1.1703 E0.02133 F1080
G1 X96.1282 Y129.4554 Z1.1700 E0.02133 F1080
G1 X95.9348 Y129.1053 Z1.1697 E0.02133 F1080
G1 X95.7471 Y128.7521 Z1.1695 E0.02133 F1080
G1 X95.5651 Y128.3958 Z1.1692 E0.02133 F1080
G1 X95.3891 Y128.0367 Z1.1689 E0.02133 F1080
G1 X95.2189 Y127.6747 Z1.1686 E0.02133 F1080
G1 X95.0546 Y127.3099 Z1.1684 E0.02133 F1080
G1 X94.8964 Y126.9426 Z1.1681 E0.02133 F1080
G1 X94.7441 Y126.5727 Z1.1678 E0.02133 F1080
G1 X94.5979 Y126.2003 Z1.1676 E0.02133 F1080
G1 X94.4578 Y125.8257 Z1.1673 E0.02133 F1080
G1 X94.3239 Y125.4488 Z1.1670 E0.02133 F1080
G1 X94.1961 Y125.0697 Z1.1667 E0.02133 F1080
G1 X94.0745 Y124.6886 Z1.1665 E0.02133 F1080
G1 X93.9592 Y124.3056 Z1.1662 E0.02133 F1080
G1 X93.8501 Y123.9208 Z1.1659 E0.02133 F1080
G1 X93.7473 Y123.5342 Z1.1657 E0.02133 F1080
G1 X93.6508 Y123.1460 Z1.1654 E0.02133 F1080
G1 X93.5607 Y122.7563 Z1.1651 E0.02133 F1080
G1 X93.4770 Y122.3651 Z1.1648 E0.02133 F1080
G1 X93.3997 Y121.9727 Z1.1646 E0.02133 F1080
G1 X93.3287 Y121.5790 Z1.1643 E0.02133 F1080
G1 X93.2642 Y121.1842 Z1.1640 E0.02133 F1080
G1 X93.2062 Y120.7884 Z1.1637 E0.02133 F1080
G1 X93.1546 Y120.3918 Z1.1635 E0.02133 F1080
G1 X93.1095 Y119.9943 Z1.1632 E0.02133 F1080
G1 X93.0709 Y119.5962 Z1.1629 E0.02133 F1080
G1 X93.0388 Y119.1975 Z1.1627 E0.02133 F1080
G1 X93.0132 Y118.7983 Z1.1624 E0.02133 F1080
G1 X92.9941 Y118.3987 Z1.1621 E0.02133 F1080
G1 X92.9815 Y117.9989 Z1.1618 E0.02133 F1080
G1 X92.9755 Y117.5990 Z1.1616 E0.02133 F1080
G1 X92.9760 Y117.1990 Z1.1613 E0.02133 F1080
G1 X92.9830 Y116.7990 Z1.1610 E0.02133 F1080
G1 X92.9965 Y116.3992 Z1.1608 E0.02133 F1080
G1 X93.0165 Y115.9997 Z1.1605 E0.02133 F1080
G1 X93.0431 Y115.6006 Z1.1602 E0.02133 F1080
G1 X93.0762 Y115.2020 Z1.1599 E0.02133 F1080
G1 X93.1157 Y114.8039 Z1.1597 E0.02133 F1080
G1 X93.1617 Y114.4066 Z1.1594 E0.02133 F1080
G1 X93.2143 Y114.0100 Z1.1591 E0.02133 F1080
G1 X93.2732 Y113.6144 Z1.1588 E0.02133 F1080
G1 X93.3386 Y113.2198 Z1.1586 E0.02133 F1080
G1 X93.4105 Y112.8263 Z1.1583 E0.02133 F1080
G1 X93.4887 Y112.4340 Z1.1580 E0.02133 F1080
G1 X93.5733 Y112.0430 Z1.1578 E0.02133 F1080
G1 X93.6643 Y111.6535 Z1.1575 E0.02133 F1080
G1 X93.7616 Y111.2655 Z1.1572 E0.02133 F1080
G1 X93.8653 Y110.8792 Z1.1569 E0.02133 F1080
G1 X93.9752 Y110.4946 Z1.1567 E0.02133 F1080
G1 X94.0914 Y110.1118 Z1.1564 E0.02133 F1080
G1 X94.2137 Y109.7310 Z1.1561 E0.02133 F1080
G1 X94.3423 Y109.3522 Z1.1559 E0.02133 F1080
G1 X94.4771 Y108.9756 Z1.1556 E0.02133 F1080
G1 X94.6179 Y108.6012 Z1.1553 E0.02133 F1080
G1 X94.7648 Y108.2291 Z1.1550 E0.02133 F1080
G1 X94.9178 Y107.8595 Z1.1548 E0.02133 F1080
G1 X95.0768 Y107.4925 Z1.1545 E0.02133 F1080
G1 X95.2417 Y107.1280 Z1.1542 E0.02133 F1080
G1 X95.4126 Y106.7664 Z1.1540 E0.02133 F1080
G1 X95.5893 Y106.4075 Z1.1537 E0.02133 F1080
G1 X95.7718 Y106.0516 Z1.1534 E0.02133 F1080
G1 X95.9601 Y105.6987 Z1.1531 E0.02133 F1080
G1 X96.1542 Y105.3489 Z1.1529 E0.02133 F1080
G1 X96.3539 Y105.0023 Z1.1526 E0.02133 F1080
G1 X96.5592 Y104.6590 Z1.1523 E0.02133 F1080
G1 X96.7701 Y104.3191 Z1.1520 E0.02133 F1080
G1 X96.9865 Y103.9827 Z1.1518 E0.02133 F1080
G1 X97.2083 Y103.6498 Z1.1515 E0.02133 F1080
G1 X97.4355 Y103.3206 Z1.1512 E0.02133 F1080
G1 X97.6681 Y102.9951 Z1.1510 E0.02133 F1080
G1 X97.9059 Y102.6735 Z1.1507 E0.02133 F1080
G1 X98.1489 Y102.3558 Z1.1504 E0.02133 F1080
G1 X98.3971 Y102.0421 Z1.1501 E0.02133 F1080
G1 X98.6503 Y101.7325 Z1.1499 E0.02133 F1080
G1 X98.9086 Y101.4270 Z1.1496 E0.02133 F1080
G1 X99.1718 Y101.1258 Z1.1493 E0.02133 F1080
G1 X99.4398 Y100.8288 Z1.1490 E0.02133 F1080
G1 X99.7127 Y100.5363 Z1.1488 E0.02133 F1080
G1 X99.9903 Y100.2483 Z1.1485 E0.02133 F1080
G1 X100.2725 Y99.9648 Z1.1482 E0.02133 F1080
G1 X100.5593 Y99.6860 Z1.1480 E0.02133 F1080
G1 X100.8506 Y99.4119 Z1.1477 E0.02133 F1080
G1 X101.1463 Y99.1425 Z1.1474 E0.02133 F1080
G1 X101.4464 Y98.8780 Z1.1471 E0.02133 F1080
G1 X101.7507 Y98.6184 Z1.1469 E0.02133 F1080
G1 X102.0592 Y98.3638 Z1.1466 E0.02133 F1080
G1 X102.3718 Y98.1142 Z1.1463 E0.02133 F1080
G1 X102.6884 Y97.8698 Z1.1461 E0.02133 F1080
G1 X103.0090 Y97.6305 Z1.1458 E0.02133 F1080
G1 X103.3334 Y97.3965 Z1.1455 E0.02133 F1080
G1 X103.6616 Y97.1678 Z1.1452 E0.02133 F1080
G1 X103.9934 Y96.9445 Z1.1450 E0.02133 F1080
G1 X104.3289 Y96.7266 Z1.1447 E0.02133 F1080
G1 X104.6678 Y96.5141 Z1.1444 E0.02133 F1080
G1 X105.0102 Y96.3073 Z1.1441 E0.02133 F1080
G1 X105.3558 Y96.1060 Z1.1439 E0.02133 F1080
G1 X105.7047 Y95.9103 Z1.1436 E0.02133 F1080
G1 X106.0568 Y95.7204 Z1.1433 E0.02133 F1080
G1 X106.4118 Y95.5362 Z1.1431 E0.02133 F1080
G1 X106.7699 Y95.3578 Z1.1428 E0.02133 F1080
G1 X107.1307 Y95.1852 Z1.1425 E0.02133 F1080
G1 X107.4944 Y95.0185 Z1.1422 E0.02133 F1080
G1 X107.8606 Y94.8578 Z1.1420 E0.02133 F1080
G1 X108.2295 Y94.7030 Z1.1417 E0.02133 F1080
G1 X108.6008 Y94.5543 Z1.1414 E0.02133 F1080
G1 X108.9745 Y94.4116 Z1.1412 E0.02133 F1080
G1 X109.3505 Y94.2750 Z1.1409 E0.02133 F1080
G1 X109.7286 Y94.1445 Z1.1406 E0.02133 F1080
G1 X110.1088 Y94.0202 Z1.1403 E0.02133 F1080
G1 X110.4910 Y93.9021 Z1.1401 E0.02133 F1080
G1 X110.8750 Y93.7902 Z1.1398 E0.02133 F1080
G1 X111.2608 Y93.6846 Z1.1395 E0.02133 F1080
G1 X111.6483 Y93.5852 Z1.1392 E0.02133 F1080
G1 X112.0373 Y93.4922 Z1.1390 E0.02133 F1080
G1 X112.4278 Y93.4054 Z1.1387 E0.02133 F1080
G1 X112.8197 Y93.3251 Z1.1384 E0.02133 F1080
G1 X113.2128 Y93.2511 Z1.1382 E0.02133 F1080
G1 X113.6070 Y93.1835 Z1.1379 E0.02133 F1080
G1 X114.0023 Y93.1223 Z1.1376 E0.02133 F1080
G1 X114.3986 Y93.0676 Z1.1373 E0.02133 F1080
G1 X114.7957 Y93.0193 Z1.1371 E0.02133 F1080
G1 X115.1935 Y92.9775 Z1.1368 E0.02133 F1080
G1 X115.5919 Y92.9421 Z1.1365 E0.02133 F1080
G1 X115.9909 Y92.9132 Z1.1363 E0.02133 F1080
G1 X116.3902 Y92.8907 Z1.1360 E0.02133 F1080
G1 X116.7899 Y92.8748 Z1.1357 E0.02133 F1080
G1 X117.1898 Y92.8654 Z1.1354 E0.02133 F1080
G1 X117.5898 Y92.8624 Z1.1352 E0.02133 F1080
G1 X117.9898 Y92.8659 Z1.1349 E0.02133 F1080
G1 X118.3897 Y92.8760 Z1.1346 E0.02133 F1080
G1 X118.7894 Y92.8925 Z1.1343 E0.02133 F1080
G1 X119.1887 Y92.9155 Z1.1341 E0.02133 F1080
G1 X119.5876 Y92.9450 Z1.1338 E0.02133 F1080
G1 X119.9860 Y92.9810 Z1.1335 E0.02133 F1080
G1 X120.3838 Y93.0234 Z1.1333 E0.02133 F1080
G1 X120.7808 Y93.0723 Z1.1330 E0.02133 F1080
G1 X121.1769 Y93.1276 Z1.1327 E0.02133 F1080
G1 X121.5722 Y93.1893 Z1.1324 E0.02133 F1080
G1 X121.9663 Y93.2574 Z1.1322 E0.02133 F1080
G1 X122.3593 Y93.3320 Z1.1319 E0.02133 F1080
G1 X122.7511 Y93.4129 Z1.1316 E0.02133 F1080
G1 X123.1414 Y93.5001 Z1.1314 E0.02133 F1080
G1 X123.5303 Y93.5936 Z1.1311 E0.02133 F1080
G1 X123.9177 Y93.6935 Z1.1308 E0.02133 F1080
G1 X124.3034 Y93.7996 Z1.1305 E0.02133 F1080
G1 X124.6873 Y93.9120 Z1.1303 E0.02133 F1080
G1 X125.0693 Y94.0306 Z1.1300 E0.02133 F1080
G1 X125.4493 Y94.1553 Z1.1297 E0.02133 F1080
G1 X125.8273 Y94.2862 Z1.1295 E0.02133 F1080
G1 X126.2031 Y94.4233 Z1.1292 E0.02133 F1080
G1 X126.5767 Y94.5664 Z1.1289 E0.02133 F1080
G1 X126.9478 Y94.7155 Z1.1286 E0.02133 F1080
G1 X127.3165 Y94.8706 Z1.1284 E0.02133 F1080
G1 X127.6827 Y95.0317 Z1.1281 E0.02133 F1080
G1 X128.0461 Y95.1988 Z1.1278 E0.02133 F1080
G1 X128.4068 Y95.3716 Z1.1275 E0.02133 F1080
G1 X128.7647 Y95.5503 Z1.1273 E0.02133 F1080
G1 X129.1196 Y95.7348 Z1.1270 E0.02133 F1080
G1 X129.4715 Y95.9251 Z1.1267 E0.02133 F1080
G1 X129.8203 Y96.1210 Z1.1265 E0.02133 F1080
G1 X130.1658 Y96.3225 Z1.1262 E0.02133 F1080
G1 X130.5080 Y96.5296 Z1.1259 E0.02133 F1080
G1 X130.8468 Y96.7422 Z1.1256 E0.02133 F1080
G1 X131.1822 Y96.9603 Z1.1254 E0.02133 F1080
G1 X131.5139 Y97.1838 Z1.1251 E0.02133 F1080
G1 X131.8420 Y97.4126 Z1.1248 E0.02133 F1080
G1 X132.1663 Y97.6467 Z1.1246 E0.02133 F1080
G1 X132.4868 Y97.8861 Z1.1243 E0.02133 F1080
G1 X132.8034 Y98.1306 Z1.1240 E0.02133 F1080
G1 X133.1160 Y98.3802 Z1.1237 E0.02133 F1080
G1 X133.4245 Y98.6348 Z1.1235 E0.02133 F1080
G1 X133.7288 Y98.8944 Z1.1232 E0.02133 F1080
G1 X134.0289 Y99.1589 Z1.1229 E0.02133 F1080
G1 X134.3246 Y99.4283 Z1.1226 E0.02133 F1080
G1 X134.6160 Y99.7024 Z1.1224 E0.02133 F1080
G1 X134.9028 Y99.9811 Z1.1221 E0.02133 F1080
G1 X135.1851 Y100.2645 Z1.1218 E0.02133 F1080
G1 X135.4628 Y100.5524 Z1.1216 E0.02133 F1080
G1 X135.7358 Y100.8448 Z1.1213 E0.02133 F1080
G1 X136.0040 Y101.1415 Z1.1210 E0.02133 F1080
G1 X136.2674 Y101.4426 Z1.1207 E0.02133 F1080
G1 X136.5259 Y101.7479 Z1.1205 E0.02133 F1080
G1 X136.7794 Y102.0573 Z1.1202 E0.02133 F1080
G1 X137.0278 Y102.3708 Z1.1199 E0.02133 F1080
G1 X137.2712 Y102.6883 Z1.1197 E0.02133 F1080
G1 X137.5093 Y103.0097 Z1.1194 E0.02133 F1080
G1 X137.7423 Y103.3349 Z1.1191 E0.02133 F1080
G1 X137.9699 Y103.6638 Z1.1188 E0.02133 F1080
G1 X138.1922 Y103.9963 Z1.1186 E0.02133 F1080
G1 X138.4090 Y104.3325 Z1.1183 E0.02133 F1080
G1 X138.6204 Y104.6720 Z1.1180 E0.02133 F1080
G1 X138.8263 Y105.0150 Z1.1177 E0.02133 F1080
G1 X139.0266 Y105.3613 Z1.1175 E0.02133 F1080
G1 X139.2213 Y105.7107 Z1.1172 E0.02133 F1080
G1 X139.4102 Y106.0632 Z1.1169 E0.02133 F1080
G1 X139.5935 Y106.4188 Z1.1167 E0.02133 F1080
G1 X139.7710 Y106.7773 Z1.1164 E0.02133 F1080
G1 X139.9426 Y107.1386 Z1.1161 E0.02133 F1080
G1 X140.1084 Y107.5026 Z1.1158 E0.02133 F1080
G1 X140.2683 Y107.8693 Z1.1156 E0.02133 F1080
G1 X140.4222 Y108.2385 Z1.1153 E0.02133 F1080
G1 X140.5701 Y108.6102 Z1.1150 E0.02133 F1080
G1 X140.7120 Y108.9842 Z1.1148 E0.02133 F1080
G1 X140.8478 Y109.3604 Z1.1145 E0.02133 F1080
G1 X140.9775 Y109.7388 Z1.1142 E0.02133 F1080
G1 X141.1011 Y110.1192 Z1.1139 E0.02133 F1080
G1 X141.2185 Y110.5016 Z1.1137 E0.02133 F1080
G1 X141.3297 Y110.8859 Z1.1134 E0.02133 F1080
G1 X141.4347 Y111.2718 Z1.1131 E0.02133 F1080
G1 X141.5334 Y111.6595 Z1.1129 E0.02133 F1080
G1 X141.6259 Y112.0486 Z1.1126 E0.02133 F1080
G1 X141.7120 Y112.4393 Z1.1123 E0.02133 F1080
G1 X141.7918 Y112.8312 Z1.1120 E0.02133 F1080
G1 X141.8653 Y113.2244 Z1.1118 E0.02133 F1080
G1 X141.9324 Y113.6188 Z1.1115 E0.02133 F1080
G1 X141.9931 Y114.0142 Z1.1112 E0.02133 F1080
G1 X142.0474 Y114.4105 Z1.1110 E0.02133 F1080
G1 X142.0953 Y114.8076 Z1.1107 E0.02133 F1080
G1 X142.1367 Y115.2054 Z1.1104 E0.02133 F1080
G1 X142.1718 Y115.6039 Z1.1101 E0.02133 F1080
G1 X142.2003 Y116.0029 Z1.1099 E0.02133 F1080
G1 X142.2225 Y116.4023 Z1.1096 E0.02133 F1080
G1 X142.2381 Y116.8020 Z1.1093 E0.02133 F1080
G1 X142.2473 Y117.2019 Z1.1090 E0.02133 F1080
G1 X142.2501 Y117.6019 Z1.1088 E0.02133 F1080
G1 X142.2464 Y118.0019 Z1.1085 E0.02133 F1080
G1 X142.2362 Y118.4018 Z1.1082 E0.02133 F1080
G1 X142.2195 Y118.8014 Z1.1080 E0.02133 F1080
G1 X142.1964 Y119.2007 Z1.1077 E0.02133 F1080
G1 X142.1669 Y119.5997 Z1.1074 E0.02133 F1080
G1 X142.1309 Y119.9980 Z1.1071 E0.02133 F1080
G1 X142.0885 Y120.3958 Z1.1069 E0.02133 F1080
G1 X142.0396 Y120.7928 Z1.1066 E0.02133 F1080
G1 X141.9844 Y121.1890 Z1.1063 E0.02133 F1080
G1 X141.9227 Y121.5842 Z1.1061 E0.02133 F1080
G1 X141.8547 Y121.9784 Z1.1058 E0.02133 F1080
G1 X141.7803 Y122.3714 Z1.1055 E0.02133 F1080
G1 X141.6996 Y122.7632 Z1.1052 E0.02133 F1080
G1 X141.6126 Y123.1536 Z1.1050 E0.02133 F1080
G1 X141.5192 Y123.5426 Z1.1047 E0.02133 F1080
G1 X141.4196 Y123.9300 Z1.1044 E0.02133 F1080
G1 X141.3138 Y124.3157 Z1.1042 E0.02133 F1080
G1 X141.2017 Y124.6997 Z1.1039 E0.02133 F1080
G1 X141.0835 Y125.0819 Z1.1036 E0.02133 F1080
G1 X140.9591 Y125.4620 Z1.1033 E0.02133 F1080
G1 X140.8286 Y125.8402 Z1.1031 E0.02133 F1080
G1 X140.6920 Y126.2161 Z1.1028 E0.02133 F1080
G1 X140.5493 Y126.5898 Z1.1025 E0.02133 F1080
G1 X140.4006 Y126.9612 Z1.1023 E0.02133 F1080
G1 X140.2460 Y127.3301 Z1.1020 E0.02133 F1080
G1 X140.0854 Y127.6964 Z1.1017 E0.02133 F1080
G1 X139.9189 Y128.0601 Z1.1014 E0.02133 F1080
G1 X139.7466 Y128.4211 Z1.1012 E0.02133 F1080
G1 X139.5685 Y128.7793 Z1.1009 E0.02133 F1080
G1 X139.3846 Y129.1345 Z1.1006 E0.02133 F1080
G1 X139.1950 Y129.4867 Z1.1003 E0.02133 F1080
G1 X138.9997 Y129.8358 Z1.1001 E0.02133 F1080
G1 X138.7988 Y130.1818 Z1.0998 E0.02133 F1080
G1 X138.5924 Y130.5244 Z1.0995 E0.02133 F1080
G1 X138.3805 Y130.8636 Z1.0993 E0.02133 F1080
G1 X138.1631 Y131.1994 Z1.0990 E0.02133 F1080
G1 X137.9404 Y131.5317 Z1.0987 E0.02133 F1080
G1 X137.7123 Y131.8603 Z1.0984 E0.02133 F1080
G1 X137.4789 Y132.1852 Z1.0982 E0.02133 F1080
G1 X137.2404 Y132.5062 Z1.0979 E0.02133 F1080
G1 X136.9966 Y132.8234 Z1.0976 E0.02133 F1080
G1 X136.7478 Y133.1366 Z1.0974 E0.02133 F1080
G1 X136.4940 Y133.4458 Z1.0971 E0.02133 F1080
G1 X136.2352 Y133.7508 Z1.0968 E0.02133 F1080
G1 X135.9716 Y134.0516 Z1.0965 E0.02133 F1080
G1 X135.7031 Y134.3482 Z1.0963 E0.02133 F1080
G1 X135.4299 Y134.6403 Z1.0960 E0.02133 F1080
G1 X135.1520 Y134.9280 Z1.0957 E0.02133 F1080
G1 X134.8695 Y135.2112 Z1.0955 E0.02133 F1080
G1 X134.5824 Y135.4898 Z1.0952 E0.02133 F1080
G1 X134.2909 Y135.7637 Z1.0949 E0.02133 F1080
G1 X133.9951 Y136.0329 Z1.0946 E0.02133 F1080
G1 X133.6949 Y136.2973 Z1.0944 E0.02133 F1080
G1 X133.3905 Y136.5568 Z1.0941 E0.02133 F1080
G1 X133.0820 Y136.8114 Z1.0938 E0.02133 F1080
G1 X132.7694 Y137.0610 Z1.0936 E0.02133 F1080
G1 X132.4528 Y137.3055 Z1.0933 E0.02133 F1080
G1 X132.1323 Y137.5449 Z1.0930 E0.02133 F1080
G1 X131.8080 Y137.7790 Z1.0927 E0.02133 F1080
G1 X131.4800 Y138.0079 Z1.0925 E0.02133 F1080
G1 X131.1483 Y138.2315 Z1.0922 E0.02133 F1080
G1 X130.8131 Y138.4498 Z1.0919 E0.02133 F1080
G1 X130.4743 Y138.6625 Z1.0917 E0.02133 F1080
G1 X130.1322 Y138.8698 Z1.0914 E0.02133 F1080
G1 X129.7869 Y139.0716 Z1.0911 E0.02133 F1080
G1 X129.4383 Y139.2678 Z1.0908 E0.02133 F1080
G1 X129.0865 Y139.4583 Z1.0906 E0.02133 F1080
G1 X128.7318 Y139.6432 Z1.0903 E0.02133 F1080
G1 X128.3741 Y139.8223 Z1.0900 E0.02133 F1080
G1 X128.0136 Y139.9956 Z1.0898 E0.02133 F1080
G1 X127.6504 Y140.1631 Z1.0895 E0.02133 F1080
G1 X127.2845 Y140.3247 Z1.0892 E0.02133 F1080
G1 X126.9160 Y140.4804 Z1.0889 E0.02133 F1080
G1 X126.5451 Y140.6301 Z1.0887 E0.02133 F1080
G1 X126.1718 Y140.7739 Z1.0884 E0.02133 F1080
G1 X125.7963 Y140.9116 Z1.0881 E0.02133 F1080
G1 X125.4185 Y141.0433 Z1.0879 E0.02133 F1080
G1 X125.0387 Y141.1688 Z1.0876 E0.02133 F1080
G1 X124.6570 Y141.2883 Z1.0873 E0.02133 F1080
G1 X124.2733 Y141.4015 Z1.0870 E0.02133 F1080
G1 X123.8879 Y141.5086 Z1.0868 E0.02133 F1080
G1 X123.5009 Y141.6094 Z1.0865 E0.02133 F1080
G1 X123.1122 Y141.7040 Z1.0862 E0.02133 F1080
G1 X122.7221 Y141.7924 Z1.0860 E0.02133 F1080
G1 X122.3306 Y141.8744 Z1.0857 E0.02133 F1080
G1 X121.9378 Y141.9502 Z1.0854 E0.02133 F1080
G1 X121.5439 Y142.0196 Z1.0851 E0.02133 F1080
G1 X121.1488 Y142.0826 Z1.0849 E0.02133 F1080
G1 X120.7529 Y142.1393 Z1.0846 E0.02133 F1080
G1 X120.3560 Y142.1896 Z1.0843 E0.02133 F1080
G1 X119.9585 Y142.2335 Z1.0841 E0.02133 F1080
G1 X119.5602 Y142.2710 Z1.0838 E0.02133 F1080
G1 X119.1614 Y142.3021 Z1.0835 E0.02133 F1080
G1 X118.7622 Y142.3268 Z1.0832 E0.02133 F1080
G1 X118.3626 Y142.3450 Z1.0830 E0.02133 F1080
G1 X117.9627 Y142.3569 Z1.0827 E0.02133 F1080
G1 X117.5628 Y142.3622 Z1.0824 E0.02133 F1080
G1 X117.1628 Y142.3612 Z1.0822 E0.02133 F1080
G1 X116.7628 Y142.3537 Z1.0819 E0.02133 F1080
G1 X116.3631 Y142.3398 Z1.0816 E0.02133 F1080
G1 X115.9636 Y142.3194 Z1.0813 E0.02133 F1080
G1 X115.5645 Y142.2926 Z1.0811 E0.02133 F1080
G1 X115.1658 Y142.2595 Z1.0808 E0.02133 F1080
G1 X114.7678 Y142.2199 Z1.0805 E0.02133 F1080
G1 X114.3705 Y142.1739 Z1.0803 E0.02133 F1080
G1 X113.9739 Y142.1215 Z1.0800 E0.02133 F1080
G1 X113.5782 Y142.0627 Z1.0797 E0.02133 F1080
G1 X113.1835 Y141.9976 Z1.0794 E0.02133 F1080
G1 X112.7900 Y141.9262 Z1.0792 E0.02133 F1080
G1 X112.3976 Y141.8484 Z1.0789 E0.02133 F1080
G1 X112.0065 Y141.7644 Z1.0786 E0.02133 F1080
G1 X111.6169 Y141.6740 Z1.0784 E0.02133 F1080
G1 X111.2287 Y141.5774 Z1.0781 E0.02133 F1080
G1 X110.8421 Y141.4746 Z1.0778 E0.02133 F1080
G1 X110.4573 Y141.3656 Z1.0775 E0.02133 F1080
G1 X110.0742 Y141.2504 Z1.0773 E0.02133 F1080
G1 X109.6930 Y141.1291 Z1.0770 E0.02133 F1080
G1 X109.3139 Y141.0016 Z1.0767 E0.02133 F1080
G1 X108.9368 Y140.8681 Z1.0765 E0.02133 F1080
G1 X108.5619 Y140.7285 Z1.0762 E0.02133 F1080
G1 X108.1894 Y140.5829 Z1.0759 E0.02133 F1080
G1 X107.8192 Y140.4314 Z1.0757 E0.02133 F1080
G1 X107.4515 Y140.2739 Z1.0754 E0.02133 F1080
G1 X107.0863 Y140.1106 Z1.0751 E0.02133 F1080
G1 X106.7239 Y139.9414 Z1.0748 E0.02133 F1080
G1 X106.3642 Y139.7664 Z1.0746 E0.02133 F1080
G1 X106.0074 Y139.5856 Z1.0743 E0.02133 F1080
G1 X105.6535 Y139.3991 Z1.0740 E0.02133 F1080
G1 X105.3026 Y139.2070 Z1.0738 E0.02133 F1080
G1 X104.9549 Y139.0092 Z1.0735 E0.02133 F1080
G1 X104.6104 Y138.8059 Z1.0732 E0.02133 F1080
G1 X104.2693 Y138.5971 Z1.0729 E0.02133 F1080
G1 X103.9315 Y138.3828 Z1.0727 E0.02133 F1080
G1 X103.5972 Y138.1632 Z1.0724 E0.02133 F1080
G1 X103.2665 Y137.9382 Z1.0721 E0.02133 F1080
G1 X102.9394 Y137.7079 Z1.0719 E0.02133 F1080
G1 X102.6161 Y137.4724 Z1.0716 E0.02133 F1080
G1 X102.2966 Y137.2317 Z1.0713 E0.02133 F1080
G1 X101.9810 Y136.9859 Z1.0710 E0.02133 F1080
G1 X101.6694 Y136.7351 Z1.0708 E0.02133 F1080
G1 X101.3618 Y136.4793 Z1.0705 E0.02133 F1080
G1 X101.0584 Y136.2187 Z1.0702 E0.02133 F1080
G1 X100.7593 Y135.9531 Z1.0700 E0.02133 F1080
G1 X100.4644 Y135.6828 Z1.0697 E0.02133 F1080
G1 X100.1739 Y135.4079 Z1.0694 E0.02133 F1080
G1 X99.8879 Y135.1282 Z1.0691 E0.02133 F1080
G1 X99.6063 Y134.8441 Z1.0689 E0.02133 F1080
G1 X99.3294 Y134.5554 Z1.0686 E0.02133 F1080
G1 X99.0572 Y134.2623 Z1.0683 E0.02133 F1080
G1 X98.7897 Y133.9650 Z1.0681 E0.02133 F1080
G1 X98.5270 Y133.6633 Z1.0678 E0.02133 F1080
G1 X98.2691 Y133.3575 Z1.0675 E0.02133 F1080
G1 X98.0162 Y133.0476 Z1.0673 E0.02133 F1080
G1 X97.7684 Y132.7336 Z1.0670 E0.02133 F1080
G1 X97.5255 Y132.4157 Z1.0667 E0.02133 F1080
G1 X97.2879 Y132.0940 Z1.0664 E0.02133 F1080
G1 X97.0554 Y131.7685 Z1.0662 E0.02133 F1080
G1 X96.8281 Y131.4393 Z1.0659 E0.02133 F1080
G1 X96.6062 Y131.1065 Z1.0656 E0.02133 F1080
G1 X96.3897 Y130.7702 Z1.0654 E0.02133 F1080
G1 X96.1785 Y130.4304 Z1.0651 E0.02133 F1080
G1 X95.9729 Y130.0874 Z1.0648 E0.02133 F1080
G1 X95.7727 Y129.7410 Z1.0645 E0.02133 F1080
G1 X95.5782 Y129.3915 Z1.0643 E0.02133 F1080
G1 X95.3893 Y129.0389 Z1.0640 E0.02133 F1080
G1 X95.2060 Y128.6833 Z1.0637 E0.02133 F1080
G1 X95.0285 Y128.3249 Z1.0635 E0.02133 F1080
G1 X94.8568 Y127.9636 Z1.0632 E0.02133 F1080
G1 X94.6909 Y127.5997 Z1.0629 E0.02133 F1080
G1 X94.5308 Y127.2331 Z1.0627 E0.02133 F1080
G1 X94.3766 Y126.8640 Z1.0624 E0.02133 F1080
G1 X94.2284 Y126.4924 Z1.0621 E0.02133 F1080
G1 X94.0861 Y126.1186 Z1.0618 E0.02133 F1080
G1 X93.9499 Y125.7425 Z1.0616 E0.02133 F1080
G1 X93.8197 Y125.3643 Z1.0613 E0.02133 F1080
G1 X93.6956 Y124.9840 Z1.0610 E0.02133 F1080
G1 X93.5776 Y124.6018 Z1.0608 E0.02133 F1080
G1 X93.4657 Y124.2178 Z1.0605 E0.02133 F1080
G1 X93.3600 Y123.8320 Z1.0602 E0.02133 F1080
G1 X93.2605 Y123.4445 Z1.0599 E0.02133 F1080
G1 X93.1672 Y123.0556 Z1.0597 E0.02133 F1080
G1 X93.0802 Y122.6651 Z1.0594 E0.02133 F1080
G1 X92.9994 Y122.2734 Z1.0591 E0.02133 F1080
G1 X92.9250 Y121.8803 Z1.0589 E0.02133 F1080
G1 X92.8568 Y121.4862 Z1.0586 E0.02133 F1080
G1 X92.7950 Y121.0910 Z1.0583 E0.02133 F1080
G1 X92.7395 Y120.6949 Z1.0581 E0.02133 F1080
G1 X92.6903 Y120.2979 Z1.0578 E0.02133 F1080
G1 X92.6475 Y119.9002 Z1.0575 E0.02133 F1080
G1 X92.6111 Y119.5018 Z1.0572 E0.02133 F1080
G1 X92.5811 Y119.1029 Z1.0570 E0.02133 F1080
G1 X92.5575 Y118.7036 Z1.0567 E0.02133 F1080
G1 X92.5403 Y118.3040 Z1.0564 E0.02133 F1080
G1 X92.5294 Y117.9041 Z1.0562 E0.02133 F1080
G1 X92.5250 Y117.5042 Z1.0559 E0.02133 F1080
G1 X92.5270 Y117.1042 Z1.0556 E0.02133 F1080
G1 X92.5354 Y116.7042 Z1.0554 E0.02133 F1080
G1 X92.5502 Y116.3045 Z1.0551 E0.02133 F1080
G1 X92.5714 Y115.9051 Z1.0548 E0.02133 F1080
G1 X92.5990 Y115.5060 Z1.0545 E0.02133 F1080
G1 X92.6330 Y115.1074 Z1.0543 E0.02133 F1080
G1 X92.6733 Y114.7095 Z1.0540 E0.02133 F1080
G1 X92.7200 Y114.3122 Z1.0537 E0.02133 F1080
G1 X92.7731 Y113.9157 Z1.0535 E0.02133 F1080
G1 X92.8325 Y113.5202 Z1.0532 E0.02133 F1080
G1 X92.8983 Y113.1256 Z1.0529 E0.02133 F1080
G1 X92.9703 Y112.7321 Z1.0527 E0.02133 F1080
G1 X93.0487 Y112.3399 Z1.0524 E0.02133 F1080
G1 X93.1333 Y111.9489 Z1.0521 E0.02133 F1080
G1 X93.2241 Y111.5594 Z1.0518 E0.02133 F1080
G1 X93.3212 Y111.1713 Z1.0516 E0.02133 F1080
G1 X93.4245 Y110.7849 Z1.0513 E0.02133 F1080
G1 X93.5339 Y110.4001 Z1.0510 E0.02133 F1080
G1 X93.6495 Y110.0172 Z1.0508 E0.02133 F1080
G1 X93.7712 Y109.6361 Z1.0505 E0.02133 F1080
G1 X93.8990 Y109.2571 Z1.0502 E0.02133 F1080
G1 X94.0328 Y108.8801 Z1.0500 E0.02133 F1080
G1 X94.1727 Y108.5054 Z1.0497 E0.02133 F1080
G1 X94.3185 Y108.1329 Z1.0494 E0.02133 F1080
G1 X94.4702 Y107.7628 Z1.0491 E0.02133 F1080
G1 X94.6279 Y107.3952 Z1.0489 E0.02133 F1080
G1 X94.7914 Y107.0301 Z1.0486 E0.02133 F1080
G1 X94.9608 Y106.6677 Z1.0483 E0.02133 F1080
G1 X95.1359 Y106.3081 Z1.0481 E0.02133 F1080
G1 X95.3167 Y105.9513 Z1.0478 E0.02133 F1080
G1 X95.5033 Y105.5975 Z1.0475 E0.02133 F1080
G1 X95.6954 Y105.2466 Z1.0473 E0.02133 F1080
G1 X95.8932 Y104.8989 Z1.0470 E0.02133 F1080
G1 X96.0965 Y104.5544 Z1.0467 E0.02133 F1080
G1 X96.3053 Y104.2132 Z1.0464 E0.02133 F1080
G1 X96.5195 Y103.8754 Z1.0462 E0.02133 F1080
G1 X96.7390 Y103.5410 Z1.0459 E0.02133 F1080
G1 X96.9639 Y103.2102 Z1.0456 E0.02133 F1080
G1 X97.1941 Y102.8831 Z1.0454 E0.02133 F1080
G1 X97.4294 Y102.5596 Z1.0451 E0.02133 F1080
G1 X97.6699 Y102.2400 Z1.0448 E0.02133 F1080
G1 X97.9155 Y101.9243 Z1.0446 E0.02133 F1080
G1 X98.1661 Y101.6125 Z1.0443 E0.02133 F1080
G1 X98.4216 Y101.3047 Z1.0440 E0.02133 F1080
G1 X98.6821 Y101.0011 Z1.0437 E0.02133 F1080
G1 X98.9473 Y100.7017 Z1.0435 E0.02133 F1080
G1 X99.2173 Y100.4066 Z1.0432 E0.02133 F1080
G1 X99.4920 Y100.1158 Z1.0429 E0.02133 F1080
G1 X99.7713 Y99.8294 Z1.0427 E0.02133 F1080
G1 X100.0551 Y99.5476 Z1.0424 E0.02133 F1080
G1 X100.3434 Y99.2703 Z1.0421 E0.02133 F1080
G1 X100.6361 Y98.9976 Z1.0419 E0.02133 F1080
G1 X100.9331 Y98.7297 Z1.0416 E0.02133 F1080
G1 X101.2344 Y98.4665 Z1.0413 E0.02133 F1080
G1 X101.5398 Y98.2082 Z1.0410 E0.02133 F1080
G1 X101.8493 Y97.9548 Z1.0408 E0.02133 F1080
G1 X102.1628 Y97.7064 Z1.0405 E0.02133 F1080
G1 X102.4803 Y97.4630 Z1.0402 E0.02133 F1080
G1 X102.8015 Y97.2247 Z1.0400 E0.02133 F1080
G1 X103.1266 Y96.9916 Z1.0397 E0.02133 F1080
G1 X103.4553 Y96.7637 Z1.0394 E0.02133 F1080
G1 X103.7877 Y96.5411 Z1.0392 E0.02133 F1080
G1 X104.1235 Y96.3238 Z1.0389 E0.02133 F1080
G1 X104.4628 Y96.1120 Z1.0386 E0.02133 F1080
G1 X104.8054 Y95.9055 Z1.0384 E0.02133 F1080
G1 X105.1513 Y95.7046 Z1.0381 E0.02133 F1080
G1 X105.5003 Y95.5092 Z1.0378 E0.02133 F1080
G1 X105.8524 Y95.3194 Z1.0375 E0.02133 F1080
G1 X106.2075 Y95.1352 Z1.0373 E0.02133 F1080
G1 X106.5655 Y94.9568 Z1.0370 E0.02133 F1080
G1 X106.9263 Y94.7840 Z1.0367 E0.02133 F1080
G1 X107.2898 Y94.6171 Z1.0365 E0.02133 F1080
G1 X107.6559 Y94.4560 Z1.0362 E0.02133 F1080
G1 X108.0246 Y94.3007 Z1.0359 E0.02133 F1080
G1 X108.3957 Y94.1514 Z1.0357 E0.02133 F1080
G1 X108.7691 Y94.0080 Z1.0354 E0.02133 F1080
G1 X109.1447 Y93.8705 Z1.0351 E0.02133 F1080
G1 X109.5225 Y93.7391 Z1.0349 E0.02133 F1080
G1 X109.9024 Y93.6137 Z1.0346 E0.02133 F1080
G1 X110.2842 Y93.4945 Z1.0343 E0.02133 F1080
G1 X110.6679 Y93.3813 Z1.0340 E0.02133 F1080
G1 X111.0533 Y93.2742 Z1.0338 E0.02133 F1080
G1 X111.4404 Y93.1733 Z1.0335 E0.02133 F1080
G1 X111.8290 Y93.0786 Z1.0332 E0.02133 F1080
G1 X112.2191 Y92.9902 Z1.0330 E0.02133 F1080
G1 X112.6105 Y92.9079 Z1.0327 E0.02133 F1080
G1 X113.0033 Y92.8319 Z1.0324 E0.02133 F1080
G1 X113.3972 Y92.7622 Z1.0322 E0.02133 F1080
G1 X113.7921 Y92.6988 Z1.0319 E0.02133 F1080
G1 X114.1880 Y92.6417 Z1.0316 E0.02133 F1080
G1 X114.5848 Y92.5909 Z1.0314 E0.02133 F1080
G1 X114.9823 Y92.5464 Z1.0311 E0.02133 F1080
G1 X115.3805 Y92.5083 Z1.0308 E0.02133 F1080
G1 X115.7792 Y92.4765 Z1.0305 E0.02133 F1080
G1 X116.1784 Y92.4511 Z1.0303 E0.02133 F1080
G1 X116.5780 Y92.4321 Z1.0300 E0.02133 F1080
G1 X116.9778 Y92.4194 Z1.0297 E0.02133 F1080
G1 X117.3777 Y92.4131 Z1.0295 E0.02133 F1080
G1 X117.7778 Y92.4132 Z1.0292 E0.02133 F1080
G1 X118.1777 Y92.4197 Z1.0289 E0.02133 F1080
G1 X118.5775 Y92.4326 Z1.0287 E0.02133 F1080
G1 X118.9771 Y92.4518 Z1.0284 E0.02133 F1080
G1 X119.3762 Y92.4774 Z1.0281 E0.02133 F1080
G1 X119.7750 Y92.5093 Z1.0279 E0.02133 F1080
G1 X120.1731 Y92.5476 Z1.0276 E0.02133 F1080
G1 X120.5706 Y92.5923 Z1.0273 E0.02133 F1080
G1 X120.9674 Y92.6432 Z1.0270 E0.02133 F1080
G1 X121.3633 Y92.7005 Z1.0268 E0.02133 F1080
G1 X121.7582 Y92.7641 Z1.0265 E0.02133 F1080
G1 X122.1520 Y92.8340 Z1.0262 E0.02133 F1080
G1 X122.5447 Y92.9102 Z1.0260 E0.02133 F1080
G1 X122.9362 Y92.9925 Z1.0257 E0.02133 F1080
G1 X123.3262 Y93.0812 Z1.0254 E0.02133 F1080
G1 X123.7148 Y93.1760 Z1.0252 E0.02133 F1080
G1 X124.1019 Y93.2770 Z1.0249 E0.02133 F1080
G1 X124.4873 Y93.3841 Z1.0246 E0.02133 F1080
G1 X124.8709 Y93.4974 Z1.0244 E0.02133 F1080
G1 X125.2527 Y93.6168 Z1.0241 E0.02133 F1080
G1 X125.6325 Y93.7422 Z1.0238 E0.02133 F1080
G1 X126.0103 Y93.8737 Z1.0236 E0.02133 F1080
G1 X126.3859 Y94.0112 Z1.0233 E0.02133 F1080
G1 X126.7593 Y94.1547 Z1.0230 E0.02133 F1080
G1 X127.1304 Y94.3040 Z1.0227 E0.02133 F1080
G1 X127.4990 Y94.4593 Z1.0225 E0.02133 F1080
G1 X127.8652 Y94.6204 Z1.0222 E0.02133 F1080
G1 X128.2287 Y94.7873 Z1.0219 E0.02133 F1080
G1 X128.5895 Y94.9600 Z1.0217 E0.02133 F1080
G1 X128.9475 Y95.1384 Z1.0214 E0.02133 F1080
G1 X129.3026 Y95.3225 Z1.0211 E0.02133 F1080
G1 X129.6548 Y95.5123 Z1.0209 E0.02133 F1080
G1 X130.0039 Y95.7076 Z1.0206 E0.02133 F1080
G1 X130.3498 Y95.9084 Z1.0203 E0.02133 F1080
G1 X130.6925 Y96.1147 Z1.0201 E0.02133 F1080
G1 X131.0318 Y96.3265 Z1.0198 E0.02133 F1080
G1 X131.3678 Y96.5436 Z1.0195 E0.02133 F1080
G1 X131.7002 Y96.7661 Z1.0193 E0.02133 F1080
G1 X132.0291 Y96.9938 Z1.0190 E0.02133 F1080
G1 X132.3543 Y97.2267 Z1.0187 E0.02133 F1080
G1 X132.6758 Y97.4648 Z1.0185 E0.02133 F1080
G1 X132.9934 Y97.7079 Z1.0182 E0.02133 F1080
G1 X133.3071 Y97.9561 Z1.0179 E0.02133 F1080
G1 X133.6168 Y98.2092 Z1.0176 E0.02133 F1080
G1 X133.9225 Y98.4672 Z1.0174 E0.02133 F1080
G1 X134.2240 Y98.7301 Z1.0171 E0.02133 F1080
G1 X134.5213 Y98.9977 Z1.0168 E0.02133 F1080
G1 X134.8143 Y99.2700 Z1.0166 E0.02133 F1080
G1 X135.1029 Y99.5470 Z1.0163 E0.02133 F1080
G1 X135.3871 Y99.8285 Z1.0160 E0.02133 F1080
G1 X135.6668 Y100.1145 Z1.0158 E0.02133 F1080
G1 X135.9418 Y100.4049 Z1.0155 E0.02133 F1080
G1 X136.2123 Y100.6996 Z1.0152 E0.02133 F1080
G1 X136.4780 Y100.9986 Z1.0150 E0.02133 F1080
G1 X136.7389 Y101.3018 Z1.0147 E0.02133 F1080
G1 X136.9950 Y101.6091 Z1.0144 E0.02133 F1080
G1 X137.2461 Y101.9205 Z1.0142 E0.02133 F1080
G1 X137.4923 Y102.2358 Z1.0139 E0.02133 F1080
G1 X137.7334 Y102.5549 Z1.0136 E0.02133 F1080
G1 X137.9694 Y102.8779 Z1.0134 E0.02133 F1080
G1 X138.2003 Y103.2046 Z1.0131 E0.02133 F1080
G1 X138.4259 Y103.5349 Z1.0128 E0.02133 F1080
G1 X138.6462 Y103.8687 Z1.0126 E0.02133 F1080
G1 X138.8612 Y104.2060 Z1.0123 E0.02133 F1080
G1 X139.0708 Y104.5467 Z1.0120 E0.02133 F1080
G1 X139.2750 Y104.8907 Z1.0118 E0.02133 F1080
G1 X139.4737 Y105.2378 Z1.0115 E0.02133 F1080
G1 X139.6668 Y105.5881 Z1.0112 E0.02133 F1080
G1 X139.8544 Y105.9414 Z1.0109 E0.02133 F1080
G1 X140.0363 Y106.2977 Z1.0107 E0.02133 F1080
G1 X140.2125 Y106.6568 Z1.0104 E0.02133 F1080
G1 X140.3830 Y107.0186 Z1.0101 E0.02133 F1080
G1 X140.5477 Y107.3832 Z1.0099 E0.02133 F1080
G1 X140.7066 Y107.7503 Z1.0096 E0.02133 F1080
G1 X140.8597 Y108.1198 Z1.0093 E0.02133 F1080
G1 X141.0068 Y108.4918 Z1.0091 E0.02133 F1080
G1 X141.1481 Y108.8660 Z1.0088 E0.02133 F1080
G1 X141.2833 Y109.2425 Z1.0085 E0.02133 F1080
G1 X141.4126 Y109.6210 Z1.0083 E0.02133 F1080
G1 X141.5359 Y110.0016 Z1.0080 E0.02133 F1080
G1 X141.6530 Y110.3840 Z1.0077 E0.02133 F1080
G1 X141.7641 Y110.7683 Z1.0075 E0.02133 F1080
G1 X141.8691 Y111.1543 Z1.0072 E0.02133 F1080
G1 X141.9679 Y111.5419 Z1.0069 E0.02133 F1080
G1 X142.0606 Y111.9310 Z1.0067 E0.02133 F1080
G1 X142.1470 Y112.3216 Z1.0064 E0.02133 F1080
G1 X142.2273 Y112.7134 Z1.0061 E0.02133 F1080
G1 X142.3013 Y113.1065 Z1.0059 E0.02133 F1080
G1 X142.3691 Y113.5007 Z1.0056 E0.02133 F1080
G1 X142.4306 Y113.8960 Z1.0053 E0.02133 F1080
G1 X142.4858 Y114.2922 Z1.0051 E0.02133 F1080
G1 X142.5347 Y114.6892 Z1.0048 E0.02133 F1080
G1 X142.5773 Y115.0869 Z1.0045 E0.02133 F1080
G1 X142.6136 Y115.4853 Z1.0043 E0.02133 F1080
G1 X142.6435 Y115.8842 Z1.0040 E0.02133 F1080
G1 X142.6672 Y116.2835 Z1.0037 E0.02133 F1080
G1 X142.6844 Y116.6831 Z1.0035 E0.02133 F1080
G1 X142.6954 Y117.0830 Z1.0032 E0.02133 F1080
G1 X142.6999 Y117.4829 Z1.0029 E0.02133 F1080
G1 X142.6982 Y117.8829 Z1.0027 E0.02133 F1080
G1 X142.6901 Y118.2829 Z1.0024 E0.02133 F1080
G1 X142.6756 Y118.6826 Z1.0021 E0.02133 F1080
G1 X142.6548 Y119.0821 Z1.0018 E0.02133 F1080
G1 X142.6277 Y119.4812 Z1.0016 E0.02133 F1080
G1 X142.5942 Y119.8798 Z1.0013 E0.02133 F1080
G1 X142.5544 Y120.2778 Z1.0010 E0.02133 F1080
G1 X142.5083 Y120.6751 Z1.0008 E0.02133 F1080
G1 X142.4559 Y121.0717 Z1.0005 E0.02133 F1080
G1 X142.3972 Y121.4674 Z1.0002 E0.02133 F1080
G1 X142.3322 Y121.8621 Z1.0000 E0.02133 F1080
G1 X142.2610 Y122.2557 Z0.9997 E0.02133 F1080
G1 X142.1836 Y122.6481 Z0.9994 E0.02133 F1080
G1 X142.0999 Y123.0393 Z0.9992 E0.02133 F1080
G1 X142.0101 Y123.4291 Z0.9989 E0.02133 F1080
G1 X141.9140 Y123.8174 Z0.9986 E0.02133 F1080
G1 X141.8119 Y124.2041 Z0.9984 E0.02133 F1080
G1 X141.7036 Y124.5892 Z0.9981 E0.02133 F1080
G1 X141.5892 Y124.9725 Z0.9978 E0.02133 F1080
G1 X141.4687 Y125.3539 Z0.9976 E0.02133 F1080
G1 X141.3422 Y125.7334 Z0.9973 E0.02133 F1080
G1 X141.2097 Y126.1108 Z0.9970 E0.02133 F1080
G1 X141.0713 Y126.4861 Z0.9968 E0.02133 F1080
G1 X140.9269 Y126.8591 Z0.9965 E0.02133 F1080
G1 X140.7766 Y127.2298 Z0.9962 E0.02133 F1080
G1 X140.6205 Y127.5981 Z0.9960 E0.02133 F1080
G1 X140.4585 Y127.9638 Z0.9957 E0.02133 F1080
G1 X140.2908 Y128.3270 Z0.9954 E0.02133 F1080
G1 X140.1173 Y128.6874 Z0.9952 E0.02133 F1080
G1 X139.9381 Y129.0450 Z0.9949 E0.02133 F1080
G1 X139.7533 Y129.3998 Z0.9946 E0.02133 F1080
G1 X139.5629 Y129.7516 Z0.9944 E0.02133 F1080
G1 X139.3669 Y130.1003 Z0.9941 E0.02133 F1080
G1 X139.1654 Y130.4459 Z0.9938 E0.02133 F1080
G1 X138.9585 Y130.7882 Z0.9936 E0.02133 F1080
G1 X138.7462 Y131.1272 Z0.9933 E0.02133 F1080
G1 X138.5285 Y131.4628 Z0.9930 E0.02133 F1080
G1 X138.3056 Y131.7949 Z0.9928 E0.02133 F1080
G1 X138.0774 Y132.1234 Z0.9925 E0.02133 F1080
G1 X137.8440 Y132.4483 Z0.9922 E0.02133 F1080
G1 X137.6055 Y132.7694 Z0.9920 E0.02133 F1080
G1 X137.3620 Y133.0867 Z0.9917 E0.02133 F1080
G1 X137.1134 Y133.4002 Z0.9914 E0.02133 F1080
G1 X136.8599 Y133.7096 Z0.9912 E0.02133 F1080
G1 X136.6016 Y134.0150 Z0.9909 E0.02133 F1080
G1 X136.3384 Y134.3163 Z0.9906 E0.02133 F1080
G1 X136.0705 Y134.6133 Z0.9904 E0.02133 F1080
G1 X135.7980 Y134.9061 Z0.9901 E0.02133 F1080
G1 X135.5208 Y135.1945 Z0.9898 E0.02133 F1080
G1 X135.2391 Y135.4785 Z0.9896 E0.02133 F1080
G1 X134.9530 Y135.7580 Z0.9893 E0.02133 F1080
G1 X134.6624 Y136.0329 Z0.9890 E0.02133 F1080
G1 X134.3675 Y136.3032 Z0.9888 E0.02133 F1080
G1 X134.0684 Y136.5688 Z0.9885 E0.02133 F1080
G1 X133.7651 Y136.8296 Z0.9882 E0.02133 F1080
G1 X133.4578 Y137.0856 Z0.9880 E0.02133 F1080
G1 X133.1464 Y137.3367 Z0.9877 E0.02133 F1080
G1 X132.8311 Y137.5828 Z0.9874 E0.02133 F1080
G1 X132.5119 Y137.8239 Z0.9872 E0.02133 F1080
G1 X132.1889 Y138.0599 Z0.9869 E0.02133 F1080
G1 X131.8623 Y138.2908 Z0.9866 E0.02133 F1080
G1 X131.5320 Y138.5165 Z0.9864 E0.02133 F1080
G1 X131.1982 Y138.7369 Z0.9861 E0.02133 F1080
G1 X130.8610 Y138.9520 Z0.9858 E0.02133 F1080
G1 X130.5204 Y139.1618 Z0.9856 E0.02133 F1080
G1 X130.1765 Y139.3661 Z0.9853 E0.02133 F1080
G1 X129.8294 Y139.5649 Z0.9850 E0.02133 F1080
G1 X129.4792 Y139.7583 Z0.9848 E0.02133 F1080
G1 X129.1261 Y139.9461 Z0.9845 E0.02133 F1080
G1 X128.7699 Y140.1282 Z0.9843 E0.02133 F1080
G1 X128.4110 Y140.3047 Z0.9840 E0.02133 F1080
G1 X128.0493 Y140.4755 Z0.9837 E0.02133 F1080
G1 X127.6849 Y140.6406 Z0.9835 E0.02133 F1080
G1 X127.3180 Y140.7999 Z0.9832 E0.02133 F1080
G1 X126.9486 Y140.9533 Z0.9829 E0.02133 F1080
G1 X126.5768 Y141.1009 Z0.9827 E0.02133 F1080
G1 X126.2027 Y141.2426 Z0.9824 E0.02133 F1080
G1 X125.8265 Y141.3784 Z0.9821 E0.02133 F1080
G1 X125.4481 Y141.5082 Z0.9819 E0.02133 F1080
G1 X125.0677 Y141.6319 Z0.9816 E0.02133 F1080
G1 X124.6854 Y141.7497 Z0.9813 E0.02133 F1080
G1 X124.3013 Y141.8614 Z0.9811 E0.02133 F1080
G1 X123.9155 Y141.9670 Z0.9808 E0.02133 F1080
G1 X123.5281 Y142.0665 Z0.9805 E0.02133 F1080
G1 X123.1391 Y142.1598 Z0.9803 E0.02133 F1080
G1 X122.7487 Y142.2470 Z0.9800 E0.02133 F1080
G1 X122.3570 Y142.3280 Z0.9797 E0.02133 F1080
G1 X121.9641 Y142.4028 Z0.9795 E0.02133 F1080
G1 X121.5700 Y142.4714 Z0.9792 E0.02133 F1080
G1 X121.1749 Y142.5338 Z0.9789 E0.02133 F1080
G1 X120.7788 Y142.5899 Z0.9787 E0.02133 F1080
G1 X120.3819 Y142.6397 Z0.9784 E0.02133 F1080
G1 X119.9843 Y142.6832 Z0.9781 E0.02133 F1080
G1 X119.5860 Y142.7205 Z0.9779 E0.02133 F1080
G1 X119.1872 Y142.7514 Z0.9776 E0.02133 F1080
G1 X118.7880 Y142.7761 Z0.9773 E0.02133 F1080
G1 X118.3884 Y142.7944 Z0.9771 E0.02133 F1080
G1 X117.9886 Y142.8064 Z0.9768 E0.02133 F1080
G1 X117.5886 Y142.8121 Z0.9765 E0.02133 F1080
G1 X117.1886 Y142.8115 Z0.9763 E0.02133 F1080
G1 X116.7887 Y142.8045 Z0.9760 E0.02133 F1080
G1 X116.3889 Y142.7912 Z0.9757 E0.02133 F1080
G1 X115.9893 Y142.7717 Z0.9755 E0.02133 F1080
G1 X115.5902 Y142.7458 Z0.9752 E0.02133 F1080
G1 X115.1915 Y142.7136 Z0.9750 E0.02133 F1080
G1 X114.7933 Y142.6751 Z0.9747 E0.02133 F1080
G1 X114.3958 Y142.6303 Z0.9744 E0.02133 F1080
G1 X113.9991 Y142.5793 Z0.9742 E0.02133 F1080
G1 X113.6032 Y142.5219 Z0.9739 E0.02133 F1080
G1 X113.2083 Y142.4584 Z0.9736 E0.02133 F1080
G1 X112.8144 Y142.3886 Z0.9734 E0.02133 F1080
G1 X112.4217 Y142.3126 Z0.9731 E0.02133 F1080
G1 X112.0302 Y142.2304 Z0.9728 E0.02133 F1080
G1 X111.6401 Y142.1421 Z0.9726 E0.02133 F1080
G1 X111.2514 Y142.0475 Z0.9723 E0.02133 F1080
G1 X110.8643 Y141.9469 Z0.9720 E0.02133 F1080
G1 X110.4788 Y141.8402 Z0.9718 E0.02133 F1080
G1 X110.0950 Y141.7274 Z0.9715 E0.02133 F1080
G1 X109.7131 Y141.6085 Z0.9712 E0.02133 F1080
G1 X109.3330 Y141.4836 Z0.9710 E0.02133 F1080
G1 X108.9550 Y141.3528 Z0.9707 E0.02133 F1080
G1 X108.5792 Y141.2160 Z0.9704 E0.02133 F1080
G1 X108.2055 Y141.0732 Z0.9702 E0.02133 F1080
G1 X107.8341 Y140.9246 Z0.9699 E0.02133 F1080
G1 X107.4651 Y140.7702 Z0.9697 E0.02133 F1080
G1 X107.0986 Y140.6099 Z0.9694 E0.02133 F1080
G1 X106.7347 Y140.4439 Z0.9691 E0.02133 F1080
G1 X106.3734 Y140.2722 Z0.9689 E0.02133 F1080
G1 X106.0149 Y140.0947 Z0.9686 E0.02133 F1080
G1 X105.6593 Y139.9117 Z0.9683 E0.02133 F1080
G1 X105.3065 Y139.7230 Z0.9681 E0.02133 F1080
G1 X104.9568 Y139.5288 Z0.9678 E0.02133 F1080
G1 X104.6102 Y139.3292 Z0.9675 E0.02133 F1080
G1 X104.2668 Y139.1240 Z0.9673 E0.02133 F1080
G1 X103.9267 Y138.9135 Z0.9670 E0.02133 F1080
G1 X103.5899 Y138.6976 Z0.9667 E0.02133 F1080
G1 X103.2566 Y138.4765 Z0.9665 E0.02133 F1080
G1 X102.9268 Y138.2501 Z0.9662 E0.02133 F1080
G1 X102.6007 Y138.0186 Z0.9659 E0.02133 F1080
G1 X102.2782 Y137.7819 Z0.9657 E0.02133 F1080
G1 X101.9595 Y137.5402 Z0.9654 E0.02133 F1080
G1 X101.6446 Y137.2935 Z0.9652 E0.02133 F1080
G1 X101.3337 Y137.0418 Z0.9649 E0.02133 F1080
G1 X101.0268 Y136.7853 Z0.9646 E0.02133 F1080
G1 X100.7240 Y136.5239 Z0.9644 E0.02133 F1080
G1 X100.4253 Y136.2578 Z0.9641 E0.02133 F1080
G1 X100.1308 Y135.9871 Z0.9638 E0.02133 F1080
G1 X99.8407 Y135.7117 Z0.9636 E0.02133 F1080
G1 X99.5549 Y135.4318 Z0.9633 E0.02133 F1080
G1 X99.2736 Y135.1474 Z0.9630 E0.02133 F1080
G1 X98.9969 Y134.8587 Z0.9628 E0.02133 F1080
G1 X98.7247 Y134.5655 Z0.9625 E0.02133 F1080
G1 X98.4571 Y134.2682 Z0.9622 E0.02133 F1080
G1 X98.1943 Y133.9666 Z0.9620 E0.02133 F1080
G1 X97.9362 Y133.6610 Z0.9617 E0.02133 F1080
G1 X97.6830 Y133.3513 Z0.9615 E0.02133 F1080
G1 X97.4348 Y133.0377 Z0.9612 E0.02133 F1080
G1 X97.1915 Y132.7202 Z0.9609 E0.02133 F1080
G1 X96.9532 Y132.3989 Z0.9607 E0.02133 F1080
G1 X96.7200 Y132.0739 Z0.9604 E0.02133 F1080
G1 X96.4920 Y131.7452 Z0.9601 E0.02133 F1080
G1 X96.2692 Y131.4130 Z0.9599 E0.02133 F1080
G1 X96.0516 Y131.0773 Z0.9596 E0.02133 F1080
G1 X95.8394 Y130.7383 Z0.9593 E0.02133 F1080
G1 X95.6325 Y130.3959 Z0.9591 E0.02133 F1080
G1 X95.4311 Y130.0504 Z0.9588 E0.02133 F1080
G1 X95.2351 Y129.7016 Z0.9585 E0.02133 F1080
G1 X95.0446 Y129.3499 Z0.9583 E0.02133 F1080
G1 X94.8597 Y128.9952 Z0.9580 E0.02133 F1080
G1 X94.6805 Y128.6376 Z0.9578 E0.02133 F1080
G1 X94.5068 Y128.2773 Z0.9575 E0.02133 F1080
G1 X94.3389 Y127.9142 Z0.9572 E0.02133 F1080
G1 X94.1767 Y127.5486 Z0.9570 E0.02133 F1080
G1 X94.0203 Y127.1804 Z0.9567 E0.02133 F1080
G1 X93.8697 Y126.8098 Z0.9564 E0.02133 F1080
G1 X93.7249 Y126.4369 Z0.9562 E0.02133 F1080
G1 X93.5861 Y126.0618 Z0.9559 E0.02133 F1080
G1 X93.4532 Y125.6845 Z0.9556 E0.02133 F1080
G1 X93.3262 Y125.3052 Z0.9554 E0.02133 F1080
G1 X93.2052 Y124.9239 Z0.9551 E0.02133 F1080
G1 X93.0903 Y124.5408 Z0.9549 E0.02133 F1080
G1 X92.9813 Y124.1559 Z0.9546 E0.02133 F1080
G1 X92.8785 Y123.7693 Z0.9543 E0.02133 F1080
G1 X92.7818 Y123.3812 Z0.9541 E0.02133 F1080
G1 X92.6911 Y122.9916 Z0.9538 E0.02133 F1080
G1 X92.6067 Y122.6006 Z0.9535 E0.02133 F1080
G1 X92.5283 Y122.2084 Z0.9533 E0.02133 F1080
G1 X92.4562 Y121.8149 Z0.9530 E0.02133 F1080
G1 X92.3903 Y121.4204 Z0.9527 E0.02133 F1080
G1 X92.3306 Y121.0248 Z0.9525 E0.02133 F1080
G1 X92.2771 Y120.6284 Z0.9522 E0.02133 F1080
G1 X92.2299 Y120.2312 Z0.9520 E0.02133 F1080
G1 X92.1889 Y119.8333 Z0.9517 E0.02133 F1080
G1 X92.1542 Y119.4348 Z0.9514 E0.02133 F1080
G1 X92.1258 Y119.0358 Z0.9512 E0.02133 F1080
G1 X92.1036 Y118.6364 Z0.9509 E0.02133 F1080
G1 X92.0878 Y118.2367 Z0.9506 E0.02133 F1080
G1 X92.0782 Y117.8368 Z0.9504 E0.02133 F1080
G1 X92.0749 Y117.4369 Z0.9501 E0.02133 F1080
G1 X92.0779 Y117.0369 Z0.9499 E0.02133 F1080
G1 X92.0872 Y116.6370 Z0.9496 E0.02133 F1080
G1 X92.1028 Y116.2373 Z0.9493 E0.02133 F1080
G1 X92.1247 Y115.8378 Z0.9491 E0.02133 F1080
G1 X92.1529 Y115.4388 Z0.9488 E0.02133 F1080
G1 X92.1873 Y115.0403 Z0.9485 E0.02133 F1080
G1 X92.2280 Y114.6424 Z0.9483 E0.02133 F1080
G1 X92.2749 Y114.2451 Z0.9480 E0.02133 F1080
G1 X92.3281 Y113.8487 Z0.9478 E0.02133 F1080
G1 X92.3875 Y113.4531 Z0.9475 E0.02133 F1080
G1 X92.4532 Y113.0585 Z0.9472 E0.02133 F1080
G1 X92.5250 Y112.6650 Z0.9470 E0.02133 F1080
G1 X92.6030 Y112.2727 Z0.9467 E0.02133 F1080
G1 X92.6872 Y111.8817 Z0.9464 E0.02133 F1080
G1 X92.7775 Y111.4920 Z0.9462 E0.02133 F1080
G1 X92.8739 Y111.1038 Z0.9459 E0.02133 F1080
G1 X92.9764 Y110.7171 Z0.9456 E0.02133 F1080
G1 X93.0850 Y110.3321 Z0.9454 E0.02133 F1080
G1 X93.1996 Y109.9489 Z0.9451 E0.02133 F1080
G1 X93.3202 Y109.5675 Z0.9449 E0.02133 F1080
G1 X93.4468 Y109.1881 Z0.9446 E0.02133 F1080
G1 X93.5794 Y108.8107 Z0.9443 E0.02133 F1080
G1 X93.7179 Y108.4354 Z0.9441 E0.02133 F1080
G1 X93.8622 Y108.0623 Z0.9438 E0.02133 F1080
G1 X94.0124 Y107.6916 Z0.9435 E0.02133 F1080
G1 X94.1684 Y107.3233 Z0.9433 E0.02133 F1080
G1 X94.3302 Y106.9574 Z0.9430 E0.02133 F1080
G1 X94.4977 Y106.5942 Z0.9428 E0.02133 F1080
G1 X94.6709 Y106.2336 Z0.9425 E0.02133 F1080
G1 X94.8497 Y105.8758 Z0.9422 E0.02133 F1080
G1 X95.0341 Y105.5208 Z0.9420 E0.02133 F1080
G1 X95.2241 Y105.1688 Z0.9417 E0.02133 F1080
G1 X95.4196 Y104.8199 Z0.9414 E0.02133 F1080
G1 X95.6205 Y104.4740 Z0.9412 E0.02133 F1080
G1 X95.8269 Y104.1313 Z0.9409 E0.02133 F1080
G1 X96.0386 Y103.7919 Z0.9407 E0.02133 F1080
G1 X96.2556 Y103.4559 Z0.9404 E0.02133 F1080
G1 X96.4779 Y103.1233 Z0.9401 E0.02133 F1080
G1 X96.7054 Y102.7943 Z0.9399 E0.02133 F1080
G1 X96.9380 Y102.4689 Z0.9396 E0.02133 F1080
G1 X97.1757 Y102.1472 Z0.9393 E0.02133 F1080
G1 X97.4184 Y101.8292 Z0.9391 E0.02133 F1080
G1 X97.6660 Y101.5151 Z0.9388 E0.02133 F1080
G1 X97.9186 Y101.2049 Z0.9386 E0.02133 F1080
G1 X98.1760 Y100.8987 Z0.9383 E0.02133 F1080
G1 X98.4382 Y100.5966 Z0.9380 E0.02133 F1080
G1 X98.7051 Y100.2987 Z0.9378 E0.02133 F1080
G1 X98.9767 Y100.0050 Z0.9375 E0.02133 F1080
G1 X99.2528 Y99.7156 Z0.9373 E0.02133 F1080
G1 X99.5334 Y99.4305 Z0.9370 E0.02133 F1080
G1 X99.8185 Y99.1499 Z0.9367 E0.02133 F1080
G1 X100.1079 Y98.8738 Z0.9365 E0.02133 F1080
G1 X100.4017 Y98.6023 Z0.9362 E0.02133 F1080
G1 X100.6996 Y98.3354 Z0.9359 E0.02133 F1080
G1 X101.0017 Y98.0733 Z0.9357 E0.02133 F1080
G1 X101.3079 Y97.8159 Z0.9354 E0.02133 F1080
G1 X101.6181 Y97.5633 Z0.9352 E0.02133 F1080
G1 X101.9322 Y97.3157 Z0.9349 E0.02133 F1080
G1 X102.2502 Y97.0730 Z0.9346 E0.02133 F1080
G1 X102.5719 Y96.8353 Z0.9344 E0.02133 F1080
G1 X102.8974 Y96.6027 Z0.9341 E0.02133 F1080
G1 X103.2264 Y96.3752 Z0.9339 E0.02133 F1080
G1 X103.5590 Y96.1529 Z0.9336 E0.02133 F1080
G1 X103.8950 Y95.9359 Z0.9333 E0.02133 F1080
G1 X104.2344 Y95.7242 Z0.9331 E0.02133 F1080
G1 X104.5770 Y95.5178 Z0.9328 E0.02133 F1080
G1 X104.9229 Y95.3168 Z0.9325 E0.02133 F1080
G1 X105.2718 Y95.1213 Z0.9323 E0.02133 F1080
G1 X105.6238 Y94.9312 Z0.9320 E0.02133 F1080
G1 X105.9787 Y94.7467 Z0.9318 E0.02133 F1080
G1 X106.3365 Y94.5678 Z0.9315 E0.02133 F1080
G1 X106.6970 Y94.3946 Z0.9312 E0.02133 F1080
G1 X107.0602 Y94.2270 Z0.9310 E0.02133 F1080
G1 X107.4260 Y94.0651 Z0.9307 E0.02133 F1080
G1 X107.7943 Y93.9090 Z0.9305 E0.02133 F1080
G1 X108.1650 Y93.7587 Z0.9302 E0.02133 F1080
G1 X108.5380 Y93.6142 Z0.9299 E0.02133 F1080
G1 X108.9132 Y93.4755 Z0.9297 E0.02133 F1080
G1 X109.2905 Y93.3428 Z0.9294 E0.02133 F1080
G1 X109.6699 Y93.2160 Z0.9291 E0.02133 F1080
G1 X110.0512 Y93.0952 Z0.9289 E0.02133 F1080
G1 X110.4344 Y92.9803 Z0.9286 E0.02133 F1080
G1 X110.8193 Y92.8715 Z0.9284 E0.02133 F1080
G1 X111.2059 Y92.7687 Z0.9281 E0.02133 F1080
G1 X111.5940 Y92.6720 Z0.9278 E0.02133 F1080
G1 X111.9836 Y92.5814 Z0.9276 E0.02133 F1080
G1 X112.3746 Y92.4969 Z0.9273 E0.02133 F1080
G1 X112.7669 Y92.4185 Z0.9271 E0.02133 F1080
G1 X113.1603 Y92.3463 Z0.9268 E0.02133 F1080
G1 X113.5548 Y92.2803 Z0.9265 E0.02133 F1080
G1 X113.9503 Y92.2205 Z0.9263 E0.02133 F1080
G1 X114.3467 Y92.1669 Z0.9260 E0.02133 F1080
G1 X114.7439 Y92.1195 Z0.9258 E0.02133 F1080
G1 X115.1418 Y92.0783 Z0.9255 E0.02133 F1080
G1 X115.5403 Y92.0433 Z0.9252 E0.02133 F1080
G1 X115.9392 Y92.0146 Z0.9250 E0.02133 F1080
G1 X116.3386 Y91.9922 Z0.9247 E0.02133 F1080
G1 X116.7383 Y91.9760 Z0.9245 E0.02133 F1080
G1 X117.1382 Y91.9661 Z0.9242 E0.02133 F1080
G1 X117.5382 Y91.9624 Z0.9239 E0.02133 F1080
G1 X117.9382 Y91.9650 Z0.9237 E0.02133 F1080
G1 X118.3381 Y91.9739 Z0.9234 E0.02133 F1080
G1 X118.7378 Y91.9890 Z0.9231 E0.02133 F1080
G1 X119.1372 Y92.0104 Z0.9229 E0.02133 F1080
G1 X119.5363 Y92.0381 Z0.9226 E0.02133 F1080
G1 X119.9349 Y92.0720 Z0.9224 E0.02133 F1080
G1 X120.3328 Y92.1121 Z0.9221 E0.02133 F1080
G1 X120.7302 Y92.1585 Z0.9218 E0.02133 F1080
G1 X121.1267 Y92.2110 Z0.9216 E0.02133 F1080
G1 X121.5224 Y92.2698 Z0.9213 E0.02133 F1080
G1 X121.9171 Y92.3348 Z0.9211 E0.02133 F1080
G1 X122.3107 Y92.4059 Z0.9208 E0.02133 F1080
G1 X122.7032 Y92.4832 Z0.9205 E0.02133 F1080
G1 X123.0944 Y92.5666 Z0.9203 E0.02133 F1080
G1 X123.4842 Y92.6561 Z0.9200 E0.02133 F1080
G1 X123.8726 Y92.7518 Z0.9198 E0.02133 F1080
G1 X124.2595 Y92.8534 Z0.9195 E0.02133 F1080
G1 X124.6447 Y92.9612 Z0.9192 E0.02133 F1080
G1 X125.0282 Y93.0749 Z0.9190 E0.02133 F1080
G1 X125.4099 Y93.1947 Z0.9187 E0.02133 F1080
G1 X125.7896 Y93.3204 Z0.9185 E0.02133 F1080
G1 X126.1673 Y93.4520 Z0.9182 E0.02133 F1080
G1 X126.5430 Y93.5895 Z0.9179 E0.02133 F1080
G1 X126.9164 Y93.7329 Z0.9177 E0.02133 F1080
G1 X127.2875 Y93.8821 Z0.9174 E0.02133 F1080
G1 X127.6563 Y94.0371 Z0.9172 E0.02133 F1080
G1 X128.0226 Y94.1978 Z0.9169 E0.02133 F1080
G1 X128.3863 Y94.3643 Z0.9166 E0.02133 F1080
G1 X128.7474 Y94.5364 Z0.9164 E0.02133 F1080
G1 X129.1057 Y94.7141 Z0.9161 E0.02133 F1080
G1 X129.4613 Y94.8975 Z0.9159 E0.02133 F1080
G1 X129.8139 Y95.0864 Z0.9156 E0.02133 F1080
G1 X130.1635 Y95.2807 Z0.9153 E0.02133 F1080
G1 X130.5100 Y95.4805 Z0.9151 E0.02133 F1080
G1 X130.8534 Y95.6857 Z0.9148 E0.02133 F1080
G1 X131.1935 Y95.8963 Z0.9146 E0.02133 F1080
G1 X131.5302 Y96.1121 Z0.9143 E0.02133 F1080
G1 X131.8636 Y96.3332 Z0.9140 E0.02133 F1080
G1 X132.1935 Y96.5595 Z0.9138 E0.02133 F1080
G1 X132.5197 Y96.7909 Z0.9135 E0.02133 F1080
G1 X132.8424 Y97.0273 Z0.9133 E0.02133 F1080
G1 X133.1613 Y97.2688 Z0.9130 E0.02133 F1080
G1 X133.4763 Y97.5153 Z0.9128 E0.02133 F1080
G1 X133.7875 Y97.7666 Z0.9125 E0.02133 F1080
G1 X134.0947 Y98.0228 Z0.9122 E0.02133 F1080
G1 X134.3979 Y98.2837 Z0.9120 E0.02133 F1080
G1 X134.6970 Y98.5494 Z0.9117 E0.02133 F1080
G1 X134.9918 Y98.8197 Z0.9115 E0.02133 F1080
G1 X135.2824 Y99.0945 Z0.9112 E0.02133 F1080
G1 X135.5687 Y99.3739 Z0.9109 E0.02133 F1080
G1 X135.8506 Y99.6577 Z0.9107 E0.02133 F1080
G1 X136.1280 Y99.9459 Z0.9104 E0.02133 F1080
G1 X136.4009 Y100.2384 Z0.9102 E0.02133 F1080
G1 X136.6691 Y100.5351 Z0.9099 E0.02133 F1080
G1 X136.9327 Y100.8360 Z0.9096 E0.02133 F1080
G1 X137.1916 Y101.1409 Z0.9094 E0.02133 F1080
G1 X137.4456 Y101.4499 Z0.9091 E0.02133 F1080
G1 X137.6949 Y101.7628 Z0.9089 E0.02133 F1080
G1 X137.9391 Y102.0795 Z0.9086 E0.02133 F1080
G1 X138.1785 Y102.4000 Z0.9083 E0.02133 F1080
G1 X138.4127 Y102.7243 Z0.9081 E0.02133 F1080
G1 X138.6419 Y103.0521 Z0.9078 E0.02133 F1080
G1 X138.8659 Y103.3835 Z0.9076 E0.02133 F1080
G1 X139.0848 Y103.7183 Z0.9073 E0.02133 F1080
G1 X139.2983 Y104.0566 Z0.9071 E0.02133 F1080
G1 X139.5066 Y104.3981 Z0.9068 E0.02133 F1080
G1 X139.7095 Y104.7428 Z0.9065 E0.02133 F1080
G1 X139.9070 Y105.0906 Z0.9063 E0.02133 F1080
G1 X140.0990 Y105.4415 Z0.9060 E0.02133 F1080
G1 X140.2856 Y105.7954 Z0.9058 E0.02133 F1080
G1 X140.4666 Y106.1521 Z0.9055 E0.02133 F1080
G1 X140.6420 Y106.5116 Z0.9052 E0.02133 F1080
G1 X140.8117 Y106.8738 Z0.9050 E0.02133 F1080
G1 X140.9758 Y107.2386 Z0.9047 E0.02133 F1080
G1 X141.1342 Y107.6059 Z0.9045 E0.02133 F1080
G1 X141.2868 Y107.9757 Z0.9042 E0.02133 F1080
G1 X141.4336 Y108.3478 Z0.9040 E0.02133 F1080
G1 X141.5746 Y108.7221 Z0.9037 E0.02133 F1080
G1 X141.7097 Y109.0986 Z0.9034 E0.02133 F1080
G1 X141.8390 Y109.4771 Z0.9032 E0.02133 F1080
G1 X141.9623 Y109.8577 Z0.9029 E0.02133 F1080
G1 X142.0797 Y110.2401 Z0.9027 E0.02133 F1080
G1 X142.1911 Y110.6242 Z0.9024 E0.02133 F1080
G1 X142.2964 Y111.0101 Z0.9021 E0.02133 F1080
G1 X142.3958 Y111.3976 Z0.9019 E0.02133 F1080
G1 X142.4891 Y111.7866 Z0.9016 E0.02133 F1080
G1 X142.5763 Y112.1770 Z0.9014 E0.02133 F1080
G1 X142.6574 Y112.5686 Z0.9011 E0.02133 F1080
G1 X142.7323 Y112.9616 Z0.9009 E0.02133 F1080
G1 X142.8012 Y113.3556 Z0.9006 E0.02133 F1080
G1 X142.8639 Y113.7507 Z0.9003 E0.02133 F1080
G1 X142.9204 Y114.1467 Z0.9001 E0.02133 F1080
G1 X142.9707 Y114.5435 Z0.8998 E0.02133 F1080
G1 X143.0148 Y114.9411 Z0.8996 E0.02133 F1080
G1 X143.0528 Y115.3393 Z0.8993 E0.02133 F1080
G1 X143.0845 Y115.7380 Z0.8990 E0.02133 F1080
G1 X143.1100 Y116.1372 Z0.8988 E0.02133 F1080
G1 X143.1292 Y116.5367 Z0.8985 E0.02133 F1080
G1 X143.1422 Y116.9365 Z0.8983 E0.02133 F1080
G1 X143.1490 Y117.3365 Z0.8980 E0.02133 F1080
G1 X143.1496 Y117.7365 Z0.8978 E0.02133 F1080
G1 X143.1439 Y118.1365 Z0.8975 E0.02133 F1080
G1 X143.1320 Y118.5363 Z0.8972 E0.02133 F1080
G1 X143.1138 Y118.9359 Z0.8970 E0.02133 F1080
G1 X143.0894 Y119.3351 Z0.8967 E0.02133 F1080
G1 X143.0588 Y119.7340 Z0.8965 E0.02133 F1080
G1 X143.0220 Y120.1323 Z0.8962 E0.02133 F1080
G1 X142.9789 Y120.5300 Z0.8960 E0.02133 F1080
G1 X142.9297 Y120.9269 Z0.8957 E0.02133 F1080
G1 X142.8743 Y121.3231 Z0.8954 E0.02133 F1080
G1 X142.8127 Y121.7183 Z0.8952 E0.02133 F1080
G1 X142.7450 Y122.1126 Z0.8949 E0.02133 F1080
G1 X142.6712 Y122.5057 Z0.8947 E0.02133 F1080
G1 X142.5912 Y122.8976 Z0.8944 E0.02133 F1080
G1 X142.5051 Y123.2882 Z0.8942 E0.02133 F1080
G1 X142.4129 Y123.6775 Z0.8939 E0.02133 F1080
G1 X142.3147 Y124.0653 Z0.8936 E0.02133 F1080
G1 X142.2105 Y124.4514 Z0.8934 E0.02133 F1080
G1 X142.1002 Y124.8359 Z0.8931 E0.02133 F1080
G1 X141.9840 Y125.2187 Z0.8929 E0.02133 F1080
G1 X141.8618 Y125.5996 Z0.8926 E0.02133 F1080
G1 X141.7337 Y125.9785 Z0.8924 E0.02133 F1080
G1 X141.5998 Y126.3554 Z0.8921 E0.02133 F1080
G1 X141.4599 Y126.7302 Z0.8918 E0.02133 F1080
G1 X141.3143 Y127.1027 Z0.8916 E0.02133 F1080
G1 X141.1628 Y127.4730 Z0.8913 E0.02133 F1080
G1 X141.0056 Y127.8408 Z0.8911 E0.02133 F1080
G1 X140.8427 Y128.2061 Z0.8908 E0.02133 F1080
G1 X140.6741 Y128.5689 Z0.8906 E0.02133 F1080
G1 X140.4999 Y128.9290 Z0.8903 E0.02133 F1080
G1 X140.3201 Y129.2863 Z0.8900 E0.02133 F1080
G1 X140.1348 Y129.6408 Z0.8898 E0.02133 F1080
G1 X139.9440 Y129.9923 Z0.8895 E0.02133 F1080
G1 X139.7477 Y130.3408 Z0.8893 E0.02133 F1080
G1 X139.5460 Y130.6863 Z0.8890 E0.02133 F1080
G1 X139.3390 Y131.0285 Z0.8888 E0.02133 F1080
G1 X139.1266 Y131.3675 Z0.8885 E0.02133 F1080
G1 X138.9090 Y131.7032 Z0.8882 E0.02133 F1080
G1 X138.6862 Y132.0354 Z0.8880 E0.02133 F1080
G1 X138.4583 Y132.3641 Z0.8877 E0.02133 F1080
G1 X138.2253 Y132.6892 Z0.8875 E0.02133 F1080
G1 X137.9872 Y133.0107 Z0.8872 E0.02133 F1080
G1 X137.7442 Y133.3284 Z0.8870 E0.02133 F1080
G1 X137.4962 Y133.6423 Z0.8867 E0.02133 F1080
G1 X137.2434 Y133.9522 Z0.8864 E0.02133 F1080
G1 X136.9858 Y134.2583 Z0.8862 E0.02133 F1080
G1 X136.7234 Y134.5602 Z0.8859 E0.02133 F1080
G1 X136.4564 Y134.8581 Z0.8857 E0.02133 F1080
G1 X136.1848 Y135.1517 Z0.8854 E0.02133 F1080
G1 X135.9087 Y135.4411 Z0.8852 E0.02133 F1080
G1 X135.6281 Y135.7262 Z0.8849 E0.02133 F1080
G1 X135.3431 Y136.0069 Z0.8847 E0.02133 F1080
G1 X135.0537 Y136.2830 Z0.8844 E0.02133 F1080
G1 X134.7601 Y136.5547 Z0.8841 E0.02133 F1080
G1 X134.4623 Y136.8218 Z0.8839 E0.02133 F1080
G1 X134.1604 Y137.0842 Z0.8836 E0.02133 F1080
G1 X133.8544 Y137.3418 Z0.8834 E0.02133 F1080
G1 X133.5445 Y137.5947 Z0.8831 E0.02133 F1080
G1 X133.2307 Y137.8427 Z0.8829 E0.02133 F1080
G1 X132.9130 Y138.0858 Z0.8826 E0.02133 F1080
G1 X132.5916 Y138.3240 Z0.8824 E0.02133 F1080
G1 X132.2666 Y138.5571 Z0.8821 E0.02133 F1080
G1 X131.9379 Y138.7851 Z0.8818 E0.02133 F1080
G1 X131.6058 Y139.0080 Z0.8816 E0.02133 F1080
G1 X131.2702 Y139.2257 Z0.8813 E0.02133 F1080
G1 X130.9313 Y139.4381 Z0.8811 E0.02133 F1080
G1 X130.5891 Y139.6453 Z0.8808 E0.02133 F1080
G1 X130.2437 Y139.8471 Z0.8806 E0.02133 F1080
G1 X129.8952 Y140.0435 Z0.8803 E0.02133 F1080
G1 X129.5438 Y140.2345 Z0.8801 E0.02133 F1080
G1 X129.1894 Y140.4200 Z0.8798 E0.02133 F1080
G1 X128.8321 Y140.5999 Z0.8795 E0.02133 F1080
G1 X128.4721 Y140.7743 Z0.8793 E0.02133 F1080
G1 X128.1095 Y140.9431 Z0.8790 E0.02133 F1080
G1 X127.7442 Y141.1062 Z0.8788 E0.02133 F1080
G1 X127.3765 Y141.2636 Z0.8785 E0.02133 F1080
G1 X127.0064 Y141.4153 Z0.8783 E0.02133 F1080
G1 X126.6339 Y141.5612 Z0.8780 E0.02133 F1080
G1 X126.2592 Y141.7013 Z0.8778 E0.02133 F1080
G1 X125.8824 Y141.8355 Z0.8775 E0.02133 F1080
G1 X125.5036 Y141.9639 Z0.8772 E0.02133 F1080
G1 X125.1228 Y142.0864 Z0.8770 E0.02133 F1080
G1 X124.7401 Y142.2029 Z0.8767 E0.02133 F1080
G1 X124.3557 Y142.3135 Z0.8765 E0.02133 F1080
G1 X123.9696 Y142.4181 Z0.8762 E0.02133 F1080
G1 X123.5820 Y142.5167 Z0.8760 E0.02133 F1080
G1 X123.1928 Y142.6093 Z0.8757 E0.02133 F1080
G1 X122.8023 Y142.6958 Z0.8755 E0.02133 F1080
G1 X122.4104 Y142.7762 Z0.8752 E0.02133 F1080
G1 X122.0174 Y142.8505 Z0.8749 E0.02133 F1080
G1 X121.6233 Y142.9187 Z0.8747 E0.02133 F1080
G1 X121.2281 Y142.9808 Z0.8744 E0.02133 F1080
G1 X120.8320 Y143.0367 Z0.8742 E0.02133 F1080
G1 X120.4351 Y143.0865 Z0.8739 E0.02133 F1080
G1 X120.0375 Y143.1301 Z0.8737 E0.02133 F1080
G1 X119.6393 Y143.1676 Z0.8734 E0.02133 F1080
G1 X119.2405 Y143.1988 Z0.8732 E0.02133 F1080
G1 X118.8412 Y143.2238 Z0.8729 E0.02133 F1080
G1 X118.4417 Y143.2427 Z0.8727 E0.02133 F1080
G1 X118.0419 Y143.2553 Z0.8724 E0.02133 F1080
G1 X117.6419 Y143.2617 Z0.8721 E0.02133 F1080
G1 X117.2419 Y143.2619 Z0.8719 E0.02133 F1080
G1 X116.8420 Y143.2559 Z0.8716 E0.02133 F1080
G1 X116.4421 Y143.2437 Z0.8714 E0.02133 F1080
G1 X116.0426 Y143.2253 Z0.8711 E0.02133 F1080
G1 X115.6433 Y143.2007 Z0.8709 E0.02133 F1080
G1 X115.2445 Y143.1699 Z0.8706 E0.02133 F1080
G1 X114.8462 Y143.1329 Z0.8704 E0.02133 F1080
G1 X114.4485 Y143.0897 Z0.8701 E0.02133 F1080
G1 X114.0516 Y143.0404 Z0.8699 E0.02133 F1080
G1 X113.6554 Y142.9849 Z0.8696 E0.02133 F1080
G1 X113.2602 Y142.9232 Z0.8693 E0.02133 F1080
G1 X112.8660 Y142.8555 Z0.8691 E0.02133 F1080
G1 X112.4729 Y142.7816 Z0.8688 E0.02133 F1080
G1 X112.0809 Y142.7016 Z0.8686 E0.02133 F1080
G1 X111.6903 Y142.6156 Z0.8683 E0.02133 F1080
G1 X111.3010 Y142.5235 Z0.8681 E0.02133 F1080
G1 X110.9132 Y142.4254 Z0.8678 E0.02133 F1080
G1 X110.5270 Y142.3213 Z0.8676 E0.02133 F1080
G1 X110.1425 Y142.2112 Z0.8673 E0.02133 F1080
G1 X109.7597 Y142.0951 Z0.8671 E0.02133 F1080
G1 X109.3787 Y141.9731 Z0.8668 E0.02133 F1080
G1 X108.9997 Y141.8453 Z0.8666 E0.02133 F1080
G1 X108.6227 Y141.7115 Z0.8663 E0.02133 F1080
G1 X108.2478 Y141.5719 Z0.8660 E0.02133 F1080
G1 X107.8752 Y141.4266 Z0.8658 E0.02133 F1080
G1 X107.5048 Y141.2755 Z0.8655 E0.02133 F1080
G1 X107.1369 Y141.1186 Z0.8653 E0.02133 F1080
G1 X106.7714 Y140.9561 Z0.8650 E0.02133 F1080
G1 X106.4084 Y140.7879 Z0.8648 E0.02133 F1080
G1 X106.0482 Y140.6141 Z0.8645 E0.02133 F1080
G1 X105.6906 Y140.4347 Z0.8643 E0.02133 F1080
G1 X105.3359 Y140.2498 Z0.8640 E0.02133 F1080
G1 X104.9841 Y140.0595 Z0.8638 E0.02133 F1080
G1 X104.6353 Y139.8637 Z0.8635 E0.02133 F1080
G1 X104.2896 Y139.6625 Z0.8633 E0.02133 F1080
G1 X103.9470 Y139.4560 Z0.8630 E0.02133 F1080
G1 X103.6077 Y139.2442 Z0.8627 E0.02133 F1080
G1 X103.2716 Y139.0271 Z0.8625 E0.02133 F1080
G1 X102.9390 Y138.8049 Z0.8622 E0.02133 F1080
G1 X102.6099 Y138.5776 Z0.8620 E0.02133 F1080
G1 X102.2844 Y138.3451 Z0.8617 E0.02133 F1080
G1 X101.9625 Y138.1077 Z0.8615 E0.02133 F1080
G1 X101.6443 Y137.8653 Z0.8612 E0.02133 F1080
G1 X101.3299 Y137.6180 Z0.8610 E0.02133 F1080
G1 X101.0193 Y137.3659 Z0.8607 E0.02133 F1080
G1 X100.7128 Y137.1089 Z0.8605 E0.02133 F1080
G1 X100.4102 Y136.8473 Z0.8602 E0.02133 F1080
G1 X100.1117 Y136.5810 Z0.8600 E0.02133 F1080
G1 X99.8174 Y136.3101 Z0.8597 E0.02133 F1080
G1 X99.5273 Y136.0347 Z0.8595 E0.02133 F1080
G1 X99.2415 Y135.7548 Z0.8592 E0.02133 F1080
G1 X98.9601 Y135.4705 Z0.8590 E0.02133 F1080
G1 X98.6832 Y135.1819 Z0.8587 E0.02133 F1080
G1 X98.4107 Y134.8890 Z0.8584 E0.02133 F1080
G1 X98.1428 Y134.5920 Z0.8582 E0.02133 F1080
G1 X97.8795 Y134.2908 Z0.8579 E0.02133 F1080
G1 X97.6210 Y133.9856 Z0.8577 E0.02133 F1080
G1 X97.3672 Y133.6765 Z0.8574 E0.02133 F1080
G1 X97.1182 Y133.3634 Z0.8572 E0.02133 F1080
G1 X96.8741 Y133.0465 Z0.8569 E0.02133 F1080
G1 X96.6349 Y132.7259 Z0.8567 E0.02133 F1080
G1 X96.4007 Y132.4016 Z0.8564 E0.02133 F1080
G1 X96.1716 Y132.0737 Z0.8562 E0.02133 F1080
G1 X95.9475 Y131.7423 Z0.8559 E0.02133 F1080
G1 X95.7287 Y131.4075 Z0.8557 E0.02133 F1080
G1 X95.5150 Y131.0694 Z0.8554 E0.02133 F1080
G1 X95.3066 Y130.7279 Z0.8552 E0.02133 F1080
G1 X95.1035 Y130.3833 Z0.8549 E0.02133 F1080
G1 X94.9058 Y130.0356 Z0.8547 E0.02133 F1080
G1 X94.7135 Y129.6849 Z0.8544 E0.02133 F1080
G1 X94.5266 Y129.3312 Z0.8542 E0.02133 F1080
G1 X94.3452 Y128.9747 Z0.8539 E0.02133 F1080
G1 X94.1694 Y128.6154 Z0.8537 E0.02133 F1080
G1 X93.9991 Y128.2534 Z0.8534 E0.02133 F1080
G1 X93.8345 Y127.8888 Z0.8531 E0.02133 F1080
G1 X93.6755 Y127.5218 Z0.8529 E0.02133 F1080
G1 X93.5223 Y127.1523 Z0.8526 E0.02133 F1080
G1 X93.3748 Y126.7805 Z0.8524 E0.02133 F1080
G1 X93.2330 Y126.4065 Z0.8521 E0.02133 F1080
G1 X93.0970 Y126.0303 Z0.8519 E0.02133 F1080
G1 X92.9669 Y125.6520 Z0.8516 E0.02133 F1080
G1 X92.8427 Y125.2718 Z0.8514 E0.02133 F1080
G1 X92.7243 Y124.8897 Z0.8511 E0.02133 F1080
G1 X92.6119 Y124.5058 Z0.8509 E0.02133 F1080
G1 X92.5054 Y124.1202 Z0.8506 E0.02133 F1080
G1 X92.4049 Y123.7331 Z0.8504 E0.02133 F1080
G1 X92.3104 Y123.3444 Z0.8501 E0.02133 F1080
G1 X92.2220 Y122.9543 Z0.8499 E0.02133 F1080
G1 X92.1395 Y122.5629 Z0.8496 E0.02133 F1080
G1 X92.0632 Y122.1702 Z0.8494 E0.02133 F1080
G1 X91.9929 Y121.7764 Z0.8491 E0.02133 F1080
G1 X91.9287 Y121.3816 Z0.8489 E0.02133 F1080
G1 X91.8706 Y120.9858 Z0.8486 E0.02133 F1080
G1 X91.8187 Y120.5892 Z0.8484 E0.02133 F1080
G1 X91.7729 Y120.1918 Z0.8481 E0.02133 F1080
G1 X91.7333 Y119.7938 Z0.8479 E0.02133 F1080
G1 X91.6998 Y119.3952 Z0.8476 E0.02133 F1080
G1 X91.6724 Y118.9961 Z0.8474 E0.02133 F1080
G1 X91.6513 Y118.5967 Z0.8471 E0.02133 F1080
G1 X91.6363 Y118.1970 Z0.8469 E0.02133 F1080
G1 X91.6275 Y117.7970 Z0.8466 E0.02133 F1080
G1 X91.6249 Y117.3970 Z0.8464 E0.02133 F1080
G1 X91.6285 Y116.9971 Z0.8461 E0.02133 F1080
G1 X91.6383 Y116.5972 Z0.8459 E0.02133 F1080
G1 X91.6542 Y116.1975 Z0.8456 E0.02133 F1080
G1 X91.6763 Y115.7981 Z0.8454 E0.02133 F1080
G1 X91.7046 Y115.3991 Z0.8451 E0.02133 F1080
G1 X91.7390 Y115.0006 Z0.8448 E0.02133 F1080
G1 X91.7796 Y114.6026 Z0.8446 E0.02133 F1080
G1 X91.8264 Y114.2054 Z0.8443 E0.02133 F1080
G1 X91.8793 Y113.8089 Z0.8441 E0.02133 F1080
G1 X91.9383 Y113.4132 Z0.8438 E0.02133 F1080
G1 X92.0034 Y113.0186 Z0.8436 E0.02133 F1080
G1 X92.0746 Y112.6249 Z0.8433 E0.02133 F1080
G1 X92.1519 Y112.2325 Z0.8431 E0.02133 F1080
G1 X92.2352 Y111.8412 Z0.8428 E0.02133 F1080
G1 X92.3245 Y111.4513 Z0.8426 E0.02133 F1080
G1 X92.4199 Y111.0629 Z0.8423 E0.02133 F1080
G1 X92.5213 Y110.6759 Z0.8421 E0.02133 F1080
G1 X92.6286 Y110.2906 Z0.8418 E0.02133 F1080
G1 X92.7419 Y109.9069 Z0.8416 E0.02133 F1080
G1 X92.8611 Y109.5251 Z0.8413 E0.02133 F1080
G1 X92.9861 Y109.1452 Z0.8411 E0.02133 F1080
G1 X93.1170 Y108.7672 Z0.8408 E0.02133 F1080
G1 X93.2538 Y108.3913 Z0.8406 E0.02133 F1080
G1 X93.3963 Y108.0175 Z0.8403 E0.02133 F1080
G1 X93.5446 Y107.6460 Z0.8401 E0.02133 F1080
G1 X93.6986 Y107.2768 Z0.8398 E0.02133 F1080
G1 X93.8583 Y106.9101 Z0.8396 E0.02133 F1080
G1 X94.0236 Y106.5458 Z0.8393 E0.02133 F1080
G1 X94.1945 Y106.1842 Z0.8391 E0.02133 F1080
G1 X94.3710 Y105.8252 Z0.8388 E0.02133 F1080
G1 X94.5530 Y105.4690 Z0.8386 E0.02133 F1080
G1 X94.7405 Y105.1157 Z0.8383 E0.02133 F1080
G1 X94.9335 Y104.7653 Z0.8381 E0.02133 F1080
G1 X95.1318 Y104.4179 Z0.8378 E0.02133 F1080
G1 X95.3354 Y104.0736 Z0.8376 E0.02133 F1080
G1 X95.5444 Y103.7325 Z0.8373 E0.02133 F1080
G1 X95.7585 Y103.3947 Z0.8371 E0.02133 F1080
G1 X95.9779 Y103.0602 Z0.8368 E0.02133 F1080
G1 X96.2024 Y102.7291 Z0.8366 E0.02133 F1080
G1 X96.4320 Y102.4016 Z0.8363 E0.02133 F1080
G1 X96.6666 Y102.0776 Z0.8361 E0.02133 F1080
G1 X96.9062 Y101.7573 Z0.8358 E0.02133 F1080
G1 X97.1507 Y101.4407 Z0.8356 E0.02133 F1080
G1 X97.4001 Y101.1279 Z0.8353 E0.02133 F1080
G1 X97.6542 Y100.8191 Z0.8351 E0.02133 F1080
G1 X97.9131 Y100.5141 Z0.8348 E0.02133 F1080
G1 X98.1767 Y100.2132 Z0.8346 E0.02133 F1080
G1 X98.4448 Y99.9164 Z0.8343 E0.02133 F1080
G1 X98.7176 Y99.6238 Z0.8341 E0.02133 F1080
G1 X98.9948 Y99.3354 Z0.8338 E0.02133 F1080
G1 X99.2764 Y99.0514 Z0.8336 E0.02133 F1080
G1 X99.5624 Y98.7717 Z0.8333 E0.02133 F1080
G1 X99.8526 Y98.4964 Z0.8331 E0.02133 F1080
G1 X100.1471 Y98.2257 Z0.8328 E0.02133 F1080
G1 X100.4457 Y97.9595 Z0.8326 E0.02133 F1080
G1 X100.7483 Y97.6980 Z0.8324 E0.02133 F1080
G1 X101.0550 Y97.4411 Z0.8321 E0.02133 F1080
G1 X101.3656 Y97.1891 Z0.8319 E0.02133 F1080
G1 X101.6800 Y96.9418 Z0.8316 E0.02133 F1080
G1 X101.9982 Y96.6994 Z0.8314 E0.02133 F1080
G1 X102.3201 Y96.4620 Z0.8311 E0.02133 F1080
G1 X102.6457 Y96.2296 Z0.8309 E0.02133 F1080
G1 X102.9747 Y96.0022 Z0.8306 E0.02133 F1080
G1 X103.3073 Y95.7799 Z0.8304 E0.02133 F1080
G1 X103.6432 Y95.5627 Z0.8301 E0.02133 F1080
G1 X103.9825 Y95.3508 Z0.8299 E0.02133 F1080
G1 X104.3249 Y95.1441 Z0.8296 E0.02133 F1080
G1 X104.6706 Y94.9427 Z0.8294 E0.02133 F1080
G1 X105.0192 Y94.7467 Z0.8291 E0.02133 F1080
G1 X105.3709 Y94.5560 Z0.8289 E0.02133 F1080
G1 X105.7254 Y94.3708 Z0.8286 E0.02133 F1080
G1 X106.0828 Y94.1911 Z0.8284 E0.02133 F1080
G1 X106.4429 Y94.0169 Z0.8281 E0.02133 F1080
G1 X106.8056 Y93.8483 Z0.8279 E0.02133 F1080
G1 X107.1709 Y93.6853 Z0.8276 E0.02133 F1080
G1 X107.5387 Y93.5280 Z0.8274 E0.02133 F1080
G1 X107.9088 Y93.3763 Z0.8271 E0.02133 F1080
G1 X108.2813 Y93.2304 Z0.8269 E0.02133 F1080
G1 X108.6559 Y93.0902 Z0.8266 E0.02133 F1080
G1 X109.0326 Y92.9558 Z0.8264 E0.02133 F1080
G1 X109.4114 Y92.8272 Z0.8261 E0.02133 F1080
G1 X109.7921 Y92.7045 Z0.8259 E0.02133 F1080
G1 X110.1747 Y92.5876 Z0.8256 E0.02133 F1080
G1 X110.5590 Y92.4767 Z0.8254 E0.02133 F1080
G1 X110.9450 Y92.3717 Z0.8251 E0.02133 F1080
G1 X111.3325 Y92.2726 Z0.8249 E0.02133 F1080
G1 X111.7216 Y92.1796 Z0.8246 E0.02133 F1080
G1 X112.1120 Y92.0925 Z0.8244 E0.02133 F1080
G1 X112.5037 Y92.0114 Z0.8242 E0.02133 F1080
G1 X112.8966 Y91.9364 Z0.8239 E0.02133 F1080
G1 X113.2906 Y91.8675 Z0.8237 E0.02133 F1080
G1 X113.6856 Y91.8046 Z0.8234 E0.02133 F1080
G1 X114.0816 Y91.7478 Z0.8232 E0.02133 F1080
G1 X114.4784 Y91.6972 Z0.8229 E0.02133 F1080
G1 X114.8759 Y91.6526 Z0.8227 E0.02133 F1080
G1 X115.2741 Y91.6142 Z0.8224 E0.02133 F1080
G1 X115.6728 Y91.5819 Z0.8222 E0.02133 F1080
G1 X116.0719 Y91.5557 Z0.8219 E0.02133 F1080
G1 X116.4714 Y91.5357 Z0.8217 E0.02133 F1080
G1 X116.8712 Y91.5218 Z0.8214 E0.02133 F1080
G1 X117.2711 Y91.5141 Z0.8212 E0.02133 F1080
G1 X117.6711 Y91.5126 Z0.8209 E0.02133 F1080
G1 X118.0711 Y91.5172 Z0.8207 E0.02133 F1080
G1 X118.4710 Y91.5280 Z0.8204 E0.02133 F1080
G1 X118.8706 Y91.5449 Z0.8202 E0.02133 F1080
G1 X119.2699 Y91.5680 Z0.8199 E0.02133 F1080
G1 X119.6689 Y91.5972 Z0.8197 E0.02133 F1080
G1 X120.0673 Y91.6325 Z0.8195 E0.02133 F1080
G1 X120.4652 Y91.6740 Z0.8192 E0.02133 F1080
G1 X120.8623 Y91.7216 Z0.8190 E0.02133 F1080
G1 X121.2587 Y91.7753 Z0.8187 E0.02133 F1080
G1 X121.6542 Y91.8350 Z0.8185 E0.02133 F1080
G1 X122.0488 Y91.9009 Z0.8182 E0.02133 F1080
G1 X122.4423 Y91.9728 Z0.8180 E0.02133 F1080
G1 X122.8346 Y92.0508 Z0.8177 E0.02133 F1080
G1 X123.2257 Y92.1348 Z0.8175 E0.02133 F1080
G1 X123.6154 Y92.2248 Z0.8172 E0.02133 F1080
G1 X124.0038 Y92.3208 Z0.8170 E0.02133 F1080
G1 X124.3906 Y92.4227 Z0.8167 E0.02133 F1080
G1 X124.7757 Y92.5306 Z0.8165 E0.02133 F1080
G1 X125.1592 Y92.6444 Z0.8162 E0.02133 F1080
G1 X125.5409 Y92.7641 Z0.8160 E0.02133 F1080
G1 X125.9207 Y92.8896 Z0.8157 E0.02133 F1080
G1 X126.2985 Y93.0210 Z0.8155 E0.02133 F1080
G1 X126.6743 Y93.1582 Z0.8153 E0.02133 F1080
G1 X127.0479 Y93.3011 Z0.8150 E0.02133 F1080
G1 X127.4192 Y93.4497 Z0.8148 E0.02133 F1080
G1 X127.7883 Y93.6041 Z0.8145 E0.02133 F1080
G1 X128.1549 Y93.7641 Z0.8143 E0.02133 F1080
G1 X128.5190 Y93.9297 Z0.8140 E0.02133 F1080
G1 X128.8805 Y94.1009 Z0.8138 E0.02133 F1080
G1 X129.2394 Y94.2776 Z0.8135 E0.02133 F1080
G1 X129.5955 Y94.4598 Z0.8133 E0.02133 F1080
G1 X129.9487 Y94.6475 Z0.8130 E0.02133 F1080
G1 X130.2990 Y94.8406 Z0.8128 E0.02133 F1080
G1 X130.6463 Y95.0390 Z0.8125 E0.02133 F1080
G1 X130.9906 Y95.2428 Z0.8123 E0.02133 F1080
G1 X131.3316 Y95.4518 Z0.8121 E0.02133 F1080
G1 X131.6694 Y95.6660 Z0.8118 E0.02133 F1080
G1 X132.0039 Y95.8854 Z0.8116 E0.02133 F1080
G1 X132.3349 Y96.1099 Z0.8113 E0.02133 F1080
G1 X132.6625 Y96.3395 Z0.8111 E0.02133 F1080
G1 X132.9865 Y96.5741 Z0.8108 E0.02133 F1080
G1 X133.3068 Y96.8136 Z0.8106 E0.02133 F1080
G1 X133.6235 Y97.0581 Z0.8103 E0.02133 F1080
G1 X133.9363 Y97.3073 Z0.8101 E0.02133 F1080
G1 X134.2453 Y97.5614 Z0.8098 E0.02133 F1080
G1 X134.5503 Y97.8201 Z0.8096 E0.02133 F1080
G1 X134.8514 Y98.0836 Z0.8094 E0.02133 F1080
G1 X135.1483 Y98.3516 Z0.8091 E0.02133 F1080
G1 X135.4411 Y98.6241 Z0.8089 E0.02133 F1080
G1 X135.7297 Y98.9011 Z0.8086 E0.02133 F1080
G1 X136.0140 Y99.1825 Z0.8084 E0.02133 F1080
G1 X136.2939 Y99.4682 Z0.8081 E0.02133 F1080
G1 X136.5694 Y99.7582 Z0.8079 E0.02133 F1080
G1 X136.8404 Y100.0524 Z0.8076 E0.02133 F1080
G1 X137.1069 Y100.3508 Z0.8074 E0.02133 F1080
G1 X137.3687 Y100.6531 Z0.8071 E0.02133 F1080
G1 X137.6259 Y100.9595 Z0.8069 E0.02133 F1080
G1 X137.8784 Y101.2698 Z0.8067 E0.02133 F1080
G1 X138.1260 Y101.5839 Z0.8064 E0.02133 F1080
G1 X138.3688 Y101.9018 Z0.8062 E0.02133 F1080
G1 X138.6067 Y102.2234 Z0.8059 E0.02133 F1080
G1 X138.8397 Y102.5486 Z0.8057 E0.02133 F1080
G1 X139.0676 Y102.8773 Z0.8054 E0.02133 F1080
G1 X139.2904 Y103.2095 Z0.8052 E0.02133 F1080
G1 X139.5081 Y103.5450 Z0.8049 E0.02133 F1080
G1 X139.7207 Y103.8839 Z0.8047 E0.02133 F1080
G1 X139.9280 Y104.2260 Z0.8044 E0.02133 F1080
G1 X140.1300 Y104.5712 Z0.8042 E0.02133 F1080
G1 X140.3267 Y104.9195 Z0.8040 E0.02133 F1080
G1 X140.5181 Y105.2708 Z0.8037 E0.02133 F1080
G1 X140.7040 Y105.6250 Z0.8035 E0.02133 F1080
G1 X140.8845 Y105.9819 Z0.8032 E0.02133 F1080
G1 X141.0595 Y106.3416 Z0.8030 E0.02133 F1080
G1 X141.2289 Y106.7040 Z0.8027 E0.02133 F1080
G1 X141.3928 Y107.0689 Z0.8025 E0.02133 F1080
G1 X141.5510 Y107.4363 Z0.8022 E0.02133 F1080
G1 X141.7036 Y107.8060 Z0.8020 E0.02133 F1080
G1 X141.8505 Y108.1781 Z0.8018 E0.02133 F1080
G1 X141.9916 Y108.5524 Z0.8015 E0.02133 F1080
G1 X142.1271 Y108.9288 Z0.8013 E0.02133 F1080
G1 X142.2567 Y109.3072 Z0.8010 E0.02133 F1080
G1 X142.3805 Y109.6875 Z0.8008 E0.02133 F1080
G1 X142.4984 Y110.0698 Z0.8005 E0.02133 F1080
G1 X142.6105 Y110.4537 Z0.8003 E0.02133 F1080
G1 X142.7167 Y110.8394 Z0.8001 E0.02133 F1080
G1 X142.8169 Y111.2266 Z0.7998 E0.02133 F1080
G1 X142.9112 Y111.6154 Z0.7996 E0.02133 F1080
G1 X142.9996 Y112.0055 Z0.7993 E0.02133 F1080
G1 X143.0819 Y112.3969 Z0.7991 E0.02133 F1080
G1 X143.1582 Y112.7896 Z0.7988 E0.02133 F1080
G1 X143.2285 Y113.1834 Z0.7986 E0.02133 F1080
G1 X143.2927 Y113.5782 Z0.7983 E0.02133 F1080
G1 X143.3509 Y113.9740 Z0.7981 E0.02133 F1080
G1 X143.4030 Y114.3705 Z0.7979 E0.02133 F1080
G1 X143.4491 Y114.7679 Z0.7976 E0.02133 F1080
G1 X143.4890 Y115.1659 Z0.7974 E0.02133 F1080
G1 X143.5228 Y115.5645 Z0.7971 E0.02133 F1080
G1 X143.5505 Y115.9635 Z0.7969 E0.02133 F1080
G1 X143.5721 Y116.3629 Z0.7966 E0.02133 F1080
G1 X143.5876 Y116.7627 Z0.7964 E0.02133 F1080
G1 X143.5969 Y117.1626 Z0.7962 E0.02133 F1080
G1 X143.6001 Y117.5625 Z0.7959 E0.02133 F1080
G1 X143.5972 Y117.9625 Z0.7957 E0.02133 F1080
G1 X143.5881 Y118.3624 Z0.7954 E0.02133 F1080
G1 X143.5729 Y118.7622 Z0.7952 E0.02133 F1080
G1 X143.5516 Y119.1616 Z0.7949 E0.02133 F1080
G1 X143.5242 Y119.5607 Z0.7947 E0.02133 F1080
G1 X143.4907 Y119.9593 Z0.7944 E0.02133 F1080
G1 X143.4510 Y120.3573 Z0.7942 E0.02133 F1080
G1 X143.4053 Y120.7547 Z0.7940 E0.02133 F1080
G1 X143.3535 Y121.1513 Z0.7937 E0.02133 F1080
G1 X143.2956 Y121.5471 Z0.7935 E0.02133 F1080
G1 X143.2317 Y121.9420 Z0.7932 E0.02133 F1080
G1 X143.1617 Y122.3358 Z0.7930 E0.02133 F1080
G1 X143.0857 Y122.7285 Z0.7927 E0.02133 F1080
G1 X143.0037 Y123.1200 Z0.7925 E0.02133 F1080
G1 X142.9157 Y123.5102 Z0.7923 E0.02133 F1080
G1 X142.8217 Y123.8991 Z0.7920 E0.02133 F1080
G1 X142.7218 Y124.2864 Z0.7918 E0.02133 F1080
G1 X142.6159 Y124.6721 Z0.7915 E0.02133 F1080
G1 X142.5042 Y125.0562 Z0.7913 E0.02133 F1080
G1 X142.3866 Y125.4386 Z0.7911 E0.02133 F1080
G1 X142.2632 Y125.8190 Z0.7908 E0.02133 F1080
G1 X142.1339 Y126.1976 Z0.7906 E0.02133 F1080
G1 X141.9989 Y126.5741 Z0.7903 E0.02133 F1080
G1 X141.8581 Y126.9485 Z0.7901 E0.02133 F1080
G1 X141.7117 Y127.3208 Z0.7898 E0.02133 F1080
G1 X141.5595 Y127.6907 Z0.7896 E0.02133 F1080
G1 X141.4017 Y128.0582 Z0.7894 E0.02133 F1080
G1 X141.2382 Y128.4233 Z0.7891 E0.02133 F1080
G1 X141.0692 Y128.7859 Z0.7889 E0.02133 F1080
G1 X140.8947 Y129.1458 Z0.7886 E0.02133 F1080
G1 X140.7147 Y129.5030 Z0.7884 E0.02133 F1080
G1 X140.5292 Y129.8574 Z0.7881 E0.02133 F1080
G1 X140.3384 Y130.2090 Z0.7879 E0.02133 F1080
G1 X140.1422 Y130.5575 Z0.7877 E0.02133 F1080
G1 X139.9406 Y130.9031 Z0.7874 E0.02133 F1080
G1 X139.7338 Y131.2455 Z0.7872 E0.02133 F1080
G1 X139.5218 Y131.5847 Z0.7869 E0.02133 F1080
G1 X139.3046 Y131.9206 Z0.7867 E0.02133 F1080
G1 X139.0824 Y132.2531 Z0.7864 E0.02133 F1080
G1 X138.8550 Y132.5823 Z0.7862 E0.02133 F1080
G1 X138.6226 Y132.9079 Z0.7860 E0.02133 F1080
G1 X138.3853 Y133.2299 Z0.7857 E0.02133 F1080
G1 X138.1431 Y133.5482 Z0.7855 E0.02133 F1080
G1 X137.8961 Y133.8628 Z0.7852 E0.02133 F1080
G1 X137.6442 Y134.1736 Z0.7850 E0.02133 F1080
G1 X137.3877 Y134.4805 Z0.7848 E0.02133 F1080
G1 X137.1264 Y134.7834 Z0.7845 E0.02133 F1080
G1 X136.8606 Y135.0823 Z0.7843 E0.02133 F1080
G1 X136.5902 Y135.3771 Z0.7840 E0.02133 F1080
G1 X136.3154 Y135.6677 Z0.7838 E0.02133 F1080
G1 X136.0361 Y135.9541 Z0.7836 E0.02133 F1080
G1 X135.7525 Y136.2362 Z0.7833 E0.02133 F1080
G1 X135.4646 Y136.5139 Z0.7831 E0.02133 F1080
G1 X135.1725 Y136.7872 Z0.7828 E0.02133 F1080
G1 X134.8763 Y137.0559 Z0.7826 E0.02133 F1080
G1 X134.5760 Y137.3202 Z0.7823 E0.02133 F1080
G1 X134.2716 Y137.5798 Z0.7821 E0.02133 F1080
G1 X133.9634 Y137.8347 Z0.7819 E0.02133 F1080
G1 X133.6513 Y138.0849 Z0.7816 E0.02133 F1080
G1 X133.3354 Y138.3302 Z0.7814 E0.02133 F1080
G1 X133.0157 Y138.5707 Z0.7811 E0.02133 F1080
G1 X132.6925 Y138.8063 Z0.7809 E0.02133 F1080
G1 X132.3656 Y139.0370 Z0.7807 E0.02133 F1080
G1 X132.0353 Y139.2626 Z0.7804 E0.02133 F1080
G1 X131.7016 Y139.4831 Z0.7802 E0.02133 F1080
G1 X131.3646 Y139.6985 Z0.7799 E0.02133 F1080
G1 X131.0243 Y139.9088 Z0.7797 E0.02133 F1080
G1 X130.6808 Y140.1138 Z0.7795 E0.02133 F1080
G1 X130.3342 Y140.3135 Z0.7792 E0.02133 F1080
G1 X129.9846 Y140.5079 Z0.7790 E0.02133 F1080
G1 X129.6321 Y140.6970 Z0.7787 E0.02133 F1080
G1 X129.2768 Y140.8806 Z0.7785 E0.02133 F1080
G1 X128.9186 Y141.0588 Z0.7783 E0.02133 F1080
G1 X128.5578 Y141.2315 Z0.7780 E0.02133 F1080
G1 X128.1944 Y141.3987 Z0.7778 E0.02133 F1080
G1 X127.8285 Y141.5602 Z0.7775 E0.02133 F1080
G1 X127.4602 Y141.7162 Z0.7773 E0.02133 F1080
G1 X127.0895 Y141.8666 Z0.7771 E0.02133 F1080
G1 X126.7166 Y142.0112 Z0.7768 E0.02133 F1080
G1 X126.3415 Y142.1502 Z0.7766 E0.02133 F1080
G1 X125.9643 Y142.2834 Z0.7763 E0.02133 F1080
G1 X125.5851 Y142.4108 Z0.7761 E0.02133 F1080
G1 X125.2040 Y142.5324 Z0.7759 E0.02133 F1080
G1 X124.8212 Y142.6482 Z0.7756 E0.02133 F1080
G1 X124.4366 Y142.7581 Z0.7754 E0.02133 F1080
G1 X124.0503 Y142.8622 Z0.7751 E0.02133 F1080
G1 X123.6625 Y142.9603 Z0.7749 E0.02133 F1080
G1 X123.2733 Y143.0525 Z0.7747 E0.02133 F1080
G1 X122.8827 Y143.1387 Z0.7744 E0.02133 F1080
G1 X122.4908 Y143.2190 Z0.7742 E0.02133 F1080
G1 X122.0978 Y143.2933 Z0.7739 E0.02133 F1080
G1 X121.7036 Y143.3615 Z0.7737 E0.02133 F1080
G1 X121.3085 Y143.4238 Z0.7735 E0.02133 F1080
G1 X120.9125 Y143.4800 Z0.7732 E0.02133 F1080
G1 X120.5156 Y143.5301 Z0.7730 E0.02133 F1080
G1 X120.1181 Y143.5742 Z0.7727 E0.02133 F1080
G1 X119.7199 Y143.6122 Z0.7725 E0.02133 F1080
G1 X119.3211 Y143.6442 Z0.7723 E0.02133 F1080
G1 X118.9220 Y143.6700 Z0.7720 E0.02133 F1080
G1 X118.5224 Y143.6898 Z0.7718 E0.02133 F1080
G1 X118.1227 Y143.7034 Z0.7715 E0.02133 F1080
G1 X117.7227 Y143.7109 Z0.7713 E0.02133 F1080
G1 X117.3227 Y143.7124 Z0.7711 E0.02133 F1080
G1 X116.9228 Y143.7077 Z0.7708 E0.02133 F1080
G1 X116.5229 Y143.6970 Z0.7706 E0.02133 F1080
G1 X116.1232 Y143.6801 Z0.7703 E0.02133 F1080
G1 X115.7239 Y143.6571 Z0.7701 E0.02133 F1080
G1 X115.3249 Y143.6281 Z0.7699 E0.02133 F1080
G1 X114.9265 Y143.5929 Z0.7696 E0.02133 F1080
G1 X114.5286 Y143.5517 Z0.7694 E0.02133 F1080
G1 X114.1314 Y143.5045 Z0.7692 E0.02133 F1080
G1 X113.7350 Y143.4511 Z0.7689 E0.02133 F1080
G1 X113.3394 Y143.3918 Z0.7687 E0.02133 F1080
G1 X112.9448 Y143.3264 Z0.7684 E0.02133 F1080
G1 X112.5512 Y143.2549 Z0.7682 E0.02133 F1080
G1 X112.1587 Y143.1775 Z0.7680 E0.02133 F1080
G1 X111.7675 Y143.0942 Z0.7677 E0.02133 F1080
G1 X111.3776 Y143.0048 Z0.7675 E0.02133 F1080
G1 X110.9891 Y142.9096 Z0.7672 E0.02133 F1080
G1 X110.6021 Y142.8084 Z0.7670 E0.02133 F1080
G1 X110.2167 Y142.7013 Z0.7668 E0.02133 F1080
G1 X109.8330 Y142.5884 Z0.7665 E0.02133 F1080
G1 X109.4510 Y142.4696 Z0.7663 E0.02133 F1080
G1 X109.0709 Y142.3450 Z0.7661 E0.02133 F1080
G1 X108.6928 Y142.2146 Z0.7658 E0.02133 F1080
G1 X108.3166 Y142.0785 Z0.7656 E0.02133 F1080
G1 X107.9426 Y141.9367 Z0.7653 E0.02133 F1080
G1 X107.5708 Y141.7892 Z0.7651 E0.02133 F1080
G1 X107.2013 Y141.6360 Z0.7649 E0.02133 F1080
G1 X106.8341 Y141.4772 Z0.7646 E0.02133 F1080
G1 X106.4695 Y141.3129 Z0.7644 E0.02133 F1080
G1 X106.1073 Y141.1430 Z0.7642 E0.02133 F1080
G1 X105.7478 Y140.9675 Z0.7639 E0.02133 F1080
G1 X105.3910 Y140.7867 Z0.7637 E0.02133 F1080
G1 X105.0371 Y140.6004 Z0.7634 E0.02133 F1080
G1 X104.6860 Y140.4088 Z0.7632 E0.02133 F1080
G1 X104.3378 Y140.2118 Z0.7630 E0.02133 F1080
G1 X103.9927 Y140.0095 Z0.7627 E0.02133 F1080
G1 X103.6507 Y139.8020 Z0.7625 E0.02133 F1080
G1 X103.3119 Y139.5894 Z0.7622 E0.02133 F1080
G1 X102.9764 Y139.3715 Z0.7620 E0.02133 F1080
G1 X102.6443 Y139.1486 Z0.7618 E0.02133 F1080
G1 X102.3156 Y138.9207 Z0.7615 E0.02133 F1080
G1 X101.9904 Y138.6878 Z0.7613 E0.02133 F1080
G1 X101.6688 Y138.4499 Z0.7611 E0.02133 F1080
G1 X101.3508 Y138.2072 Z0.7608 E0.02133 F1080
G1 X101.0366 Y137.9597 Z0.7606 E0.02133 F1080
G1 X100.7262 Y137.7074 Z0.7604 E0.02133 F1080
G1 X100.4197 Y137.4504 Z0.7601 E0.02133 F1080
G1 X100.1171 Y137.1888 Z0.7599 E0.02133 F1080
G1 X99.8185 Y136.9226 Z0.7596 E0.02133 F1080
G1 X99.5241 Y136.6519 Z0.7594 E0.02133 F1080
G1 X99.2337 Y136.3767 Z0.7592 E0.02133 F1080
G1 X98.9476 Y136.0971 Z0.7589 E0.02133 F1080
G1 X98.6658 Y135.8132 Z0.7587 E0.02133 F1080
G1 X98.3884 Y135.5251 Z0.7585 E0.02133 F1080
G1 X98.1154 Y135.2327 Z0.7582 E0.02133 F1080
G1 X97.8468 Y134.9363 Z0.7580 E0.02133 F1080
G1 X97.5828 Y134.6358 Z0.7577 E0.02133 F1080
G1 X97.3234 Y134.3313 Z0.7575 E0.02133 F1080
G1 X97.0687 Y134.0229 Z0.7573 E0.02133 F1080
G1 X96.8187 Y133.7106 Z0.7570 E0.02133 F1080
G1 X96.5735 Y133.3946 Z0.7568 E0.02133 F1080
G1 X96.3331 Y133.0749 Z0.7566 E0.02133 F1080
G1 X96.0976 Y132.7515 Z0.7563 E0.02133 F1080
G1 X95.8670 Y132.4247 Z0.7561 E0.02133 F1080
G1 X95.6415 Y132.0943 Z0.7559 E0.02133 F1080
G1 X95.4210 Y131.7605 Z0.7556 E0.02133 F1080
G1 X95.2056 Y131.4235 Z0.7554 E0.02133 F1080
G1 X94.9954 Y131.0832 Z0.7551 E0.02133 F1080
G1 X94.7904 Y130.7397 Z0.7549 E0.02133 F1080
G1 X94.5906 Y130.3932 Z0.7547 E0.02133 F1080
G1 X94.3961 Y130.0436 Z0.7544 E0.02133 F1080
G1 X94.2070 Y129.6911 Z0.7542 E0.02133 F1080
G1 X94.0232 Y129.3358 Z0.7540 E0.02133 F1080
G1 X93.8449 Y128.9778 Z0.7537 E0.02133 F1080
G1 X93.6720 Y128.6171 Z0.7535 E0.02133 F1080
G1 X93.5047 Y128.2537 Z0.7533 E0.02133 F1080
G1 X93.3429 Y127.8879 Z0.7530 E0.02133 F1080
G1 X93.1867 Y127.5197 Z0.7528 E0.02133 F1080
G1 X93.0361 Y127.1491 Z0.7526 E0.02133 F1080
G1 X92.8911 Y126.7763 Z0.7523 E0.02133 F1080
G1 X92.7518 Y126.4013 Z0.7521 E0.02133 F1080
G1 X92.6183 Y126.0243 Z0.7518 E0.02133 F1080
G1 X92.4905 Y125.6452 Z0.7516 E0.02133 F1080
G1 X92.3685 Y125.2643 Z0.7514 E0.02133 F1080
G1 X92.2523 Y124.8815 Z0.7511 E0.02133 F1080
G1 X92.1419 Y124.4970 Z0.7509 E0.02133 F1080
G1 X92.0374 Y124.1109 Z0.7507 E0.02133 F1080
G1 X91.9388 Y123.7233 Z0.7504 E0.02133 F1080
G1 X91.8460 Y123.3342 Z0.7502 E0.02133 F1080
G1 X91.7592 Y122.9437 Z0.7500 E0.02133 F1080
G1 X91.6784 Y122.5519 Z0.7497 E0.02133 F1080
G1 X91.6035 Y122.1590 Z0.7495 E0.02133 F1080
G1 X91.5346 Y121.7650 Z0.7493 E0.02133 F1080
G1 X91.4717 Y121.3699 Z0.7490 E0.02133 F1080
G1 X91.4148 Y120.9740 Z0.7488 E0.02133 F1080
G1 X91.3639 Y120.5773 Z0.7486 E0.02133 F1080
G1 X91.3191 Y120.1798 Z0.7483 E0.02133 F1080
G1 X91.2803 Y119.7816 Z0.7481 E0.02133 F1080
G1 X91.2476 Y119.3830 Z0.7478 E0.02133 F1080
G1 X91.2209 Y118.9839 Z0.7476 E0.02133 F1080
G1 X91.2003 Y118.5844 Z0.7474 E0.02133 F1080
G1 X91.1858 Y118.1846 Z0.7471 E0.02133 F1080
G1 X91.1773 Y117.7847 Z0.7469 E0.02133 F1080
G1 X91.1749 Y117.3847 Z0.7467 E0.02133 F1080
G1 X91.1786 Y116.9847 Z0.7464 E0.02133 F1080
G1 X91.1884 Y116.5849 Z0.7462 E0.02133 F1080
G1 X91.2043 Y116.1852 Z0.7460 E0.02133 F1080
G1 X91.2262 Y115.7858 Z0.7457 E0.02133 F1080
G1 X91.2542 Y115.3867 Z0.7455 E0.02133 F1080
G1 X91.2882 Y114.9882 Z0.7453 E0.02133 F1080
G1 X91.3283 Y114.5902 Z0.7450 E0.02133 F1080
G1 X91.3745 Y114.1929 Z0.7448 E0.02133 F1080
G1 X91.4266 Y113.7963 Z0.7446 E0.02133 F1080
G1 X91.4848 Y113.4005 Z0.7443 E0.02133 F1080
G1 X91.5490 Y113.0057 Z0.7441 E0.02133 F1080
G1 X91.6192 Y112.6119 Z0.7439 E0.02133 F1080
G1 X91.6953 Y112.2192 Z0.7436 E0.02133 F1080
G1 X91.7775 Y111.8277 Z0.7434 E0.02133 F1080
G1 X91.8655 Y111.4375 Z0.7432 E0.02133 F1080
G1 X91.9595 Y111.0487 Z0.7429 E0.02133 F1080
G1 X92.0593 Y110.6614 Z0.7427 E0.02133 F1080
G1 X92.1650 Y110.2756 Z0.7425 E0.02133 F1080
G1 X92.2766 Y109.8914 Z0.7422 E0.02133 F1080
G1 X92.3940 Y109.5090 Z0.7420 E0.02133 F1080
G1 X92.5171 Y109.1285 Z0.7418 E0.02133 F1080
G1 X92.6461 Y108.7498 Z0.7415 E0.02133 F1080
G1 X92.7808 Y108.3732 Z0.7413 E0.02133 F1080
G1 X92.9211 Y107.9986 Z0.7411 E0.02133 F1080
G1 X93.0672 Y107.6262 Z0.7408 E0.02133 F1080
G1 X93.2189 Y107.2561 Z0.7406 E0.02133 F1080
G1 X93.3761 Y106.8883 Z0.7404 E0.02133 F1080
G1 X93.5390 Y106.5229 Z0.7401 E0.02133 F1080
G1 X93.7073 Y106.1601 Z0.7399 E0.02133 F1080
G1 X93.8812 Y105.7998 Z0.7397 E0.02133 F1080
G1 X94.0605 Y105.4423 Z0.7394 E0.02133 F1080
G1 X94.2452 Y105.0875 Z0.7392 E0.02133 F1080
G1 X94.4353 Y104.7355 Z0.7390 E0.02133 F1080
G1 X94.6307 Y104.3865 Z0.7387 E0.02133 F1080
G1 X94.8313 Y104.0404 Z0.7385 E0.02133 F1080
G1 X95.0372 Y103.6975 Z0.7383 E0.02133 F1080
G1 X95.2483 Y103.3577 Z0.7380 E0.02133 F1080
G1 X95.4645 Y103.0212 Z0.7378 E0.02133 F1080
G1 X95.6858 Y102.6879 Z0.7376 E0.02133 F1080
G1 X95.9121 Y102.3581 Z0.7373 E0.02133 F1080
G1 X96.1434 Y102.0317 Z0.7371 E0.02133 F1080
G1 X96.3796 Y101.7089 Z0.7369 E0.02133 F1080
G1 X96.6207 Y101.3897 Z0.7366 E0.02133 F1080
G1 X96.8666 Y101.0742 Z0.7364 E0.02133 F1080
G1 X97.1172 Y100.7625 Z0.7362 E0.02133 F1080
G1 X97.3726 Y100.4546 Z0.7359 E0.02133 F1080
G1 X97.6326 Y100.1506 Z0.7357 E0.02133 F1080
G1 X97.8972 Y99.8506 Z0.7355 E0.02133 F1080
G1 X98.1662 Y99.5546 Z0.7352 E0.02133 F1080
G1 X98.4398 Y99.2628 Z0.7350 E0.02133 F1080
G1 X98.7177 Y98.9751 Z0.7348 E0.02133 F1080
G1 X99.0000 Y98.6917 Z0.7345 E0.02133 F1080
G1 X99.2865 Y98.4126 Z0.7343 E0.02133 F1080
G1 X99.5773 Y98.1379 Z0.7341 E0.02133 F1080
G1 X99.8721 Y97.8676 Z0.7338 E0.02133 F1080
G1 X100.1711 Y97.6018 Z0.7336 E0.02133 F1080
G1 X100.4740 Y97.3406 Z0.7334 E0.02133 F1080
G1 X100.7808 Y97.0839 Z0.7331 E0.02133 F1080
G1 X101.0916 Y96.8320 Z0.7329 E0.02133 F1080
G1 X101.4060 Y96.5848 Z0.7327 E0.02133 F1080
G1 X101.7242 Y96.3424 Z0.7325 E0.02133 F1080
G1 X102.0461 Y96.1049 Z0.7322 E0.02133 F1080
G1 X102.3715 Y95.8723 Z0.7320 E0.02133 F1080
G1 X102.7004 Y95.6446 Z0.7318 E0.02133 F1080
G1 X103.0327 Y95.4219 Z0.7315 E0.02133 F1080
G1 X103.3683 Y95.2043 Z0.7313 E0.02133 F1080
G1 X103.7072 Y94.9918 Z0.7311 E0.02133 F1080
G1 X104.0493 Y94.7845 Z0.7308 E0.02133 F1080
G1 X104.3944 Y94.5823 Z0.7306 E0.02133 F1080
G1 X104.7426 Y94.3854 Z0.7304 E0.02133 F1080
G1 X105.0938 Y94.1939 Z0.7301 E0.02133 F1080
G1 X105.4478 Y94.0076 Z0.7299 E0.02133 F1080
G1 X105.8046 Y93.8268 Z0.7297 E0.02133 F1080
G1 X106.1641 Y93.6513 Z0.7294 E0.02133 F1080
G1 X106.5262 Y93.4814 Z0.7292 E0.02133 F1080
G1 X106.8908 Y93.3169 Z0.7290 E0.02133 F1080
G1 X107.2579 Y93.1580 Z0.7288 E0.02133 F1080
G1 X107.6273 Y93.0047 Z0.7285 E0.02133 F1080
G1 X107.9991 Y92.8569 Z0.7283 E0.02133 F1080
G1 X108.3730 Y92.7149 Z0.7281 E0.02133 F1080
G1 X108.7490 Y92.5785 Z0.7278 E0.02133 F1080
G1 X109.1271 Y92.4478 Z0.7276 E0.02133 F1080
G1 X109.5071 Y92.3228 Z0.7274 E0.02133 F1080
G1 X109.8889 Y92.2036 Z0.7271 E0.02133 F1080
G1 X110.2725 Y92.0902 Z0.7269 E0.02133 F1080
G1 X110.6578 Y91.9827 Z0.7267 E0.02133 F1080
G1 X111.0446 Y91.8810 Z0.7264 E0.02133 F1080
G1 X111.4330 Y91.7851 Z0.7262 E0.02133 F1080
G1 X111.8227 Y91.6952 Z0.7260 E0.02133 F1080
G1 X112.2138 Y91.6111 Z0.7258 E0.02133 F1080
G1 X112.6061 Y91.5330 Z0.7255 E0.02133 F1080
G1 X112.9995 Y91.4608 Z0.7253 E0.02133 F1080
G1 X113.3940 Y91.3946 Z0.7251 E0.02133 F1080
G1 X113.7895 Y91.3344 Z0.7248 E0.02133 F1080
G1 X114.1858 Y91.2801 Z0.7246 E0.02133 F1080
G1 X114.5829 Y91.2319 Z0.7244 E0.02133 F1080
G1 X114.9807 Y91.1897 Z0.7241 E0.02133 F1080
G1 X115.3790 Y91.1535 Z0.7239 E0.02133 F1080
G1 X115.7779 Y91.1233 Z0.7237 E0.02133 F1080
G1 X116.1772 Y91.0992 Z0.7235 E0.02133 F1080
G1 X116.5768 Y91.0811 Z0.7232 E0.02133 F1080
G1 X116.9766 Y91.0691 Z0.7230 E0.02133 F1080
G1 X117.3765 Y91.0631 Z0.7228 E0.02133 F1080
G1 X117.7766 Y91.0632 Z0.7225 E0.02133 F1080
G1 X118.1765 Y91.0693 Z0.7223 E0.02133 F1080
G1 X118.5763 Y91.0815 Z0.7221 E0.02133 F1080
G1 X118.9759 Y91.0997 Z0.7218 E0.02133 F1080
G1 X119.3752 Y91.1240 Z0.7216 E0.02133 F1080
G1 X119.7740 Y91.1543 Z0.7214 E0.02133 F1080
G1 X120.1724 Y91.1906 Z0.7212 E0.02133 F1080
G1 X120.5702 Y91.2330 Z0.7209 E0.02133 F1080
G1 X120.9672 Y91.2813 Z0.7207 E0.02133 F1080
G1 X121.3635 Y91.3357 Z0.7205 E0.02133 F1080
G1 X121.7589 Y91.3961 Z0.7202 E0.02133 F1080
G1 X122.1534 Y91.4624 Z0.7200 E0.02133 F1080
G1 X122.5468 Y91.5347 Z0.7198 E0.02133 F1080
G1 X122.9391 Y91.6129 Z0.7196 E0.02133 F1080
G1 X123.3302 Y91.6970 Z0.7193 E0.02133 F1080
G1 X123.7199 Y91.7871 Z0.7191 E0.02133 F1080
G1 X124.1082 Y91.8830 Z0.7189 E0.02133 F1080
G1 X124.4951 Y91.9848 Z0.7186 E0.02133 F1080
G1 X124.8803 Y92.0925 Z0.7184 E0.02133 F1080
G1 X125.2639 Y92.2059 Z0.7182 E0.02133 F1080
G1 X125.6457 Y92.3251 Z0.7179 E0.02133 F1080
G1 X126.0257 Y92.4501 Z0.7177 E0.02133 F1080
G1 X126.4038 Y92.5808 Z0.7175 E0.02133 F1080
G1 X126.7798 Y92.7173 Z0.7173 E0.02133 F1080
G1 X127.1537 Y92.8593 Z0.7170 E0.02133 F1080
G1 X127.5254 Y93.0071 Z0.7168 E0.02133 F1080
G1 X127.8949 Y93.1604 Z0.7166 E0.02133 F1080
G1 X128.2620 Y93.3193 Z0.7163 E0.02133 F1080
G1 X128.6266 Y93.4837 Z0.7161 E0.02133 F1080
G1 X128.9888 Y93.6536 Z0.7159 E0.02133 F1080
G1 X129.3483 Y93.8290 Z0.7157 E0.02133 F1080
G1 X129.7051 Y94.0097 Z0.7154 E0.02133 F1080
G1 X130.0592 Y94.1959 Z0.7152 E0.02133 F1080
G1 X130.4104 Y94.3874 Z0.7150 E0.02133 F1080
G1 X130.7586 Y94.5841 Z0.7148 E0.02133 F1080
G1 X131.1039 Y94.7861 Z0.7145 E0.02133 F1080
G1 X131.4461 Y94.9933 Z0.7143 E0.02133 F1080
G1 X131.7850 Y95.2056 Z0.7141 E0.02133 F1080
G1 X132.1208 Y95.4231 Z0.7138 E0.02133 F1080
G1 X132.4532 Y95.6456 Z0.7136 E0.02133 F1080
G1 X132.7822 Y95.8730 Z0.7134 E0.02133 F1080
G1 X133.1078 Y96.1055 Z0.7132 E0.02133 F1080
G1 X133.4298 Y96.3428 Z0.7129 E0.02133 F1080
G1 X133.7482 Y96.5849 Z0.7127 E0.02133 F1080
G1 X134.0629 Y96.8318 Z0.7125 E0.02133 F1080
G1 X134.3738 Y97.0835 Z0.7122 E0.02133 F1080
G1 X134.6809 Y97.3398 Z0.7120 E0.02133 F1080
G1 X134.9841 Y97.6007 Z0.7118 E0.02133 F1080
G1 X135.2833 Y97.8662 Z0.7116 E0.02133 F1080
G1 X135.5785 Y98.1362 Z0.7113 E0.02133 F1080
G1 X135.8695 Y98.4106 Z0.7111 E0.02133 F1080
G1 X136.1564 Y98.6893 Z0.7109 E0.02133 F1080
G1 X136.4391 Y98.9724 Z0.7107 E0.02133 F1080
G1 X136.7174 Y99.2597 Z0.7104 E0.02133 F1080
G1 X136.9914 Y99.5511 Z0.7102 E0.02133 F1080
G1 X137.2609 Y99.8467 Z0.7100 E0.02133 F1080
G1 X137.5259 Y100.1463 Z0.7097 E0.02133 F1080
G1 X137.7864 Y100.4498 Z0.7095 E0.02133 F1080
G1 X138.0423 Y100.7573 Z0.7093 E0.02133 F1080
G1 X138.2935 Y101.0686 Z0.7091 E0.02133 F1080
G1 X138.5400 Y101.3836 Z0.7088 E0.02133 F1080
G1 X138.7817 Y101.7023 Z0.7086 E0.02133 F1080
G1 X139.0186 Y102.0247 Z0.7084 E0.02133 F1080
G1 X139.2505 Y102.3506 Z0.7082 E0.02133 F1080
G1 X139.4775 Y102.6799 Z0.7079 E0.02133 F1080
G1 X139.6996 Y103.0126 Z0.7077 E0.02133 F1080
G1 X139.9166 Y103.3487 Z0.7075 E0.02133 F1080
G1 X140.1285 Y103.6879 Z0.7073 E0.02133 F1080
G1 X140.3352 Y104.0304 Z0.7070 E0.02133 F1080
G1 X140.5368 Y104.3759 Z0.7068 E0.02133 F1080
G1 X140.7331 Y104.7244 Z0.7066 E0.02133 F1080
G1 X140.9241 Y105.0758 Z0.7063 E0.02133 F1080
G1 X141.1098 Y105.4301 Z0.7061 E0.02133 F1080
G1 X141.2902 Y105.7872 Z0.7059 E0.02133 F1080
G1 X141.4651 Y106.1469 Z0.7057 E0.02133 F1080
G1 X141.6346 Y106.5092 Z0.7054 E0.02133 F1080
G1 X141.7986 Y106.8740 Z0.7052 E0.02133 F1080
G1 X141.9571 Y107.2413 Z0.7050 E0.02133 F1080
G1 X142.1101 Y107.6109 Z0.7048 E0.02133 F1080
G1 X142.2574 Y107.9828 Z0.7045 E0.02133 F1080
G1 X142.3991 Y108.3568 Z0.7043 E0.02133 F1080
G1 X142.5352 Y108.7330 Z0.7041 E0.02133 F1080
G1 X142.6656 Y109.1112 Z0.7039 E0.02133 F1080
G1 X142.7902 Y109.4912 Z0.7036 E0.02133 F1080
G1 X142.9092 Y109.8732 Z0.7034 E0.02133 F1080
G1 X143.0223 Y110.2568 Z0.7032 E0.02133 F1080
G1 X143.1296 Y110.6422 Z0.7030 E0.02133 F1080
G1 X143.2312 Y111.0291 Z0.7027 E0.02133 F1080
G1 X143.3268 Y111.4175 Z0.7025 E0.02133 F1080
G1 X143.4167 Y111.8073 Z0.7023 E0.02133 F1080
G1 X143.5006 Y112.1984 Z0.7021 E0.02133 F1080
G1 X143.5786 Y112.5907 Z0.7018 E0.02133 F1080
G1 X143.6507 Y112.9841 Z0.7016 E0.02133 F1080
G1 X143.7169 Y113.3786 Z0.7014 E0.02133 F1080
G1 X143.7771 Y113.7741 Z0.7012 E0.02133 F1080
G1 X143.8313 Y114.1704 Z0.7009 E0.02133 F1080
G1 X143.8796 Y114.5675 Z0.7007 E0.02133 F1080
G1 X143.9218 Y114.9653 Z0.7005 E0.02133 F1080
G1 X143.9581 Y115.3636 Z0.7003 E0.02133 F1080
G1 X143.9884 Y115.7625 Z0.7000 E0.02133 F1080
G1 X144.0126 Y116.1617 Z0.6998 E0.02133 F1080
G1 X144.0309 Y116.5613 Z0.6996 E0.02133 F1080
G1 X144.0431 Y116.9612 Z0.6994 E0.02133 F1080
G1 X144.0493 Y117.3611 Z0.6991 E0.02133 F1080
G1 X144.0494 Y117.7611 Z0.6989 E0.02133 F1080
G1 X144.0436 Y118.1611 Z0.6987 E0.02133 F1080
G1 X144.0317 Y118.5609 Z0.6985 E0.02133 F1080
G1 X144.0137 Y118.9605 Z0.6982 E0.02133 F1080
G1 X143.9898 Y119.3598 Z0.6980 E0.02133 F1080
G1 X143.9599 Y119.7587 Z0.6978 E0.02133 F1080
G1 X143.9239 Y120.1571 Z0.6976 E0.02133 F1080
G1 X143.8820 Y120.5549 Z0.6973 E0.02133 F1080
G1 X143.8340 Y120.9520 Z0.6971 E0.02133 F1080
G1 X143.7801 Y121.3484 Z0.6969 E0.02133 F1080
G1 X143.7203 Y121.7439 Z0.6967 E0.02133 F1080
G1 X143.6545 Y122.1384 Z0.6964 E0.02133 F1080
G1 X143.5827 Y122.5319 Z0.6962 E0.02133 F1080
G1 X143.5050 Y122.9243 Z0.6960 E0.02133 F1080
G1 X143.4215 Y123.3155 Z0.6958 E0.02133 F1080
G1 X143.3320 Y123.7054 Z0.6955 E0.02133 F1080
G1 X143.2367 Y124.0939 Z0.6953 E0.02133 F1080
G1 X143.1356 Y124.4809 Z0.6951 E0.02133 F1080
G1 X143.0286 Y124.8663 Z0.6949 E0.02133 F1080
G1 X142.9158 Y125.2501 Z0.6946 E0.02133 F1080
G1 X142.7973 Y125.6321 Z0.6944 E0.02133 F1080
G1 X142.6731 Y126.0123 Z0.6942 E0.02133 F1080
G1 X142.5431 Y126.3907 Z0.6940 E0.02133 F1080
G1 X142.4075 Y126.7670 Z0.6938 E0.02133 F1080
G1 X142.2662 Y127.1412 Z0.6935 E0.02133 F1080
G1 X142.1193 Y127.5132 Z0.6933 E0.02133 F1080
G1 X141.9668 Y127.8830 Z0.6931 E0.02133 F1080
G1 X141.8087 Y128.2505 Z0.6929 E0.02133 F1080
G1 X141.6452 Y128.6155 Z0.6926 E0.02133 F1080
G1 X141.4761 Y128.9781 Z0.6924 E0.02133 F1080
G1 X141.3017 Y129.3380 Z0.6922 E0.02133 F1080
G1 X141.1218 Y129.6953 Z0.6920 E0.02133 F1080
G1 X140.9366 Y130.0499 Z0.6917 E0.02133 F1080
G1 X140.7461 Y130.4016 Z0.6915 E0.02133 F1080
G1 X140.5503 Y130.7504 Z0.6913 E0.02133 F1080
G1 X140.3493 Y131.0962 Z0.6911 E0.02133 F1080
G1 X140.1431 Y131.4390 Z0.6909 E0.02133 F1080
G1 X139.9317 Y131.7786 Z0.6906 E0.02133 F1080
G1 X139.7153 Y132.1150 Z0.6904 E0.02133 F1080
G1 X139.4938 Y132.4481 Z0.6902 E0.02133 F1080
G1 X139.2674 Y132.7778 Z0.6900 E0.02133 F1080
G1 X139.0360 Y133.1041 Z0.6897 E0.02133 F1080
G1 X138.7998 Y133.4269 Z0.6895 E0.02133 F1080
G1 X138.5587 Y133.7461 Z0.6893 E0.02133 F1080
G1 X138.3128 Y134.0616 Z0.6891 E0.02133 F1080
G1 X138.0622 Y134.3734 Z0.6888 E0.02133 F1080
G1 X137.8070 Y134.6814 Z0.6886 E0.02133 F1080
G1 X137.5472 Y134.9855 Z0.6884 E0.02133 F1080
G1 X137.2828 Y135.2857 Z0.6882 E0.02133 F1080
G1 X137.0139 Y135.5819 Z0.6880 E0.02133 F1080
G1 X136.7406 Y135.8740 Z0.6877 E0.02133 F1080
G1 X136.4630 Y136.1619 Z0.6875 E0.02133 F1080
G1 X136.1810 Y136.4457 Z0.6873 E0.02133 F1080
G1 X135.8949 Y136.7251 Z0.6871 E0.02133 F1080
G1 X135.6045 Y137.0003 Z0.6868 E0.02133 F1080
G1 X135.3100 Y137.2710 Z0.6866 E0.02133 F1080
G1 X135.0116 Y137.5373 Z0.6864 E0.02133 F1080
G1 X134.7091 Y137.7991 Z0.6862 E0.02133 F1080
G1 X134.4027 Y138.0563 Z0.6860 E0.02133 F1080
G1 X134.0926 Y138.3088 Z0.6857 E0.02133 F1080
G1 X133.7786 Y138.5567 Z0.6855 E0.02133 F1080
G1 X133.4610 Y138.7998 Z0.6853 E0.02133 F1080
G1 X133.1397 Y139.0382 Z0.6851 E0.02133 F1080
G1 X132.8149 Y139.2716 Z0.6849 E0.02133 F1080
G1 X132.4866 Y139.5002 Z0.6846 E0.02133 F1080
G1 X132.1550 Y139.7238 Z0.6844 E0.02133 F1080
G1 X131.8200 Y139.9424 Z0.6842 E0.02133 F1080
G1 X131.4817 Y140.1559 Z0.6840 E0.02133 F1080
G1 X131.1403 Y140.3643 Z0.6837 E0.02133 F1080
G1 X130.7958 Y140.5676 Z0.6835 E0.02133 F1080
G1 X130.4483 Y140.7657 Z0.6833 E0.02133 F1080
G1 X130.0978 Y140.9585 Z0.6831 E0.02133 F1080
G1 X129.7445 Y141.1461 Z0.6829 E0.02133 F1080
G1 X129.3884 Y141.3283 Z0.6826 E0.02133 F1080
G1 X129.0296 Y141.5052 Z0.6824 E0.02133 F1080
G1 X128.6682 Y141.6766 Z0.6822 E0.02133 F1080
G1 X128.3043 Y141.8426 Z0.6820 E0.02133 F1080
G1 X127.9379 Y142.0031 Z0.6818 E0.02133 F1080
G1 X127.5691 Y142.1581 Z0.6815 E0.02133 F1080
G1 X127.1981 Y142.3075 Z0.6813 E0.02133 F1080
G1 X126.8249 Y142.4514 Z0.6811 E0.02133 F1080
G1 X126.4495 Y142.5896 Z0.6809 E0.02133 F1080
G1 X126.0721 Y142.7222 Z0.6807 E0.02133 F1080
G1 X125.6927 Y142.8491 Z0.6804 E0.02133 F1080
G1 X125.3115 Y142.9702 Z0.6802 E0.02133 F1080
G1 X124.9286 Y143.0857 Z0.6800 E0.02133 F1080
G1 X124.5439 Y143.1954 Z0.6798 E0.02133 F1080
G1 X124.1576 Y143.2992 Z0.6796 E0.02133 F1080
G1 X123.7698 Y143.3973 Z0.6793 E0.02133 F1080
G1 X123.3806 Y143.4896 Z0.6791 E0.02133 F1080
G1 X122.9900 Y143.5760 Z0.6789 E0.02133 F1080
G1 X122.5982 Y143.6565 Z0.6787 E0.02133 F1080
G1 X122.2052 Y143.7311 Z0.6784 E0.02133 F1080
G1 X121.8112 Y143.7999 Z0.6782 E0.02133 F1080
G1 X121.4161 Y143.8627 Z0.6780 E0.02133 F1080
G1 X121.0202 Y143.9195 Z0.6778 E0.02133 F1080
G1 X120.6234 Y143.9704 Z0.6776 E0.02133 F1080
G1 X120.2259 Y144.0154 Z0.6773 E0.02133 F1080
G1 X119.8278 Y144.0544 Z0.6771 E0.02133 F1080
G1 X119.4292 Y144.0874 Z0.6769 E0.02133 F1080
G1 X119.0301 Y144.1144 Z0.6767 E0.02133 F1080
G1 X118.6307 Y144.1355 Z0.6765 E0.02133 F1080
G1 X118.2309 Y144.1505 Z0.6763 E0.02133 F1080
G1 X117.8310 Y144.1596 Z0.6760 E0.02133 F1080
G1 X117.4310 Y144.1626 Z0.6758 E0.02133 F1080
G1 X117.0310 Y144.1596 Z0.6756 E0.02133 F1080
G1 X116.6311 Y144.1507 Z0.6754 E0.02133 F1080
G1 X116.2314 Y144.1357 Z0.6752 E0.02133 F1080
G1 X115.8320 Y144.1148 Z0.6749 E0.02133 F1080
G1 X115.4329 Y144.0878 Z0.6747 E0.02133 F1080
G1 X115.0342 Y144.0549 Z0.6745 E0.02133 F1080
G1 X114.6361 Y144.0160 Z0.6743 E0.02133 F1080
G1 X114.2386 Y143.9711 Z0.6741 E0.02133 F1080
G1 X113.8419 Y143.9203 Z0.6738 E0.02133 F1080
G1 X113.4459 Y143.8635 Z0.6736 E0.02133 F1080
G1 X113.0508 Y143.8008 Z0.6734 E0.02133 F1080
G1 X112.6568 Y143.7322 Z0.6732 E0.02133 F1080
G1 X112.2638 Y143.6577 Z0.6730 E0.02133 F1080
G1 X111.8719 Y143.5773 Z0.6727 E0.02133 F1080
G1 X111.4813 Y143.4910 Z0.6725 E0.02133 F1080
G1 X111.0921 Y143.3989 Z0.6723 E0.02133 F1080
G1 X110.7042 Y143.3010 Z0.6721 E0.02133 F1080
G1 X110.3179 Y143.1972 Z0.6719 E0.02133 F1080
G1 X109.9332 Y143.0877 Z0.6717 E0.02133 F1080
G1 X109.5502 Y142.9724 Z0.6714 E0.02133 F1080
G1 X109.1689 Y142.8514 Z0.6712 E0.02133 F1080
G1 X108.7895 Y142.7247 Z0.6710 E0.02133 F1080
G1 X108.4120 Y142.5923 Z0.6708 E0.02133 F1080
G1 X108.0366 Y142.4543 Z0.6706 E0.02133 F1080
G1 X107.6633 Y142.3107 Z0.6703 E0.02133 F1080
G1 X107.2921 Y142.1615 Z0.6701 E0.02133 F1080
G1 X106.9233 Y142.0067 Z0.6699 E0.02133 F1080
G1 X106.5568 Y141.8464 Z0.6697 E0.02133 F1080
G1 X106.1927 Y141.6807 Z0.6695 E0.02133 F1080
G1 X105.8312 Y141.5095 Z0.6693 E0.02133 F1080
G1 X105.4723 Y141.3329 Z0.6690 E0.02133 F1080
G1 X105.1160 Y141.1510 Z0.6688 E0.02133 F1080
G1 X104.7626 Y140.9638 Z0.6686 E0.02133 F1080
G1 X104.4120 Y140.7712 Z0.6684 E0.02133 F1080
G1 X104.0642 Y140.5735 Z0.6682 E0.02133 F1080
G1 X103.7195 Y140.3705 Z0.6679 E0.02133 F1080
G1 X103.3779 Y140.1624 Z0.6677 E0.02133 F1080
G1 X103.0395 Y139.9493 Z0.6675 E0.02133 F1080
G1 X102.7042 Y139.7310 Z0.6673 E0.02133 F1080
G1 X102.3723 Y139.5078 Z0.6671 E0.02133 F1080
G1 X102.0438 Y139.2796 Z0.6669 E0.02133 F1080
G1 X101.7187 Y139.0466 Z0.6666 E0.02133 F1080
G1 X101.3971 Y138.8087 Z0.6664 E0.02133 F1080
G1 X101.0791 Y138.5660 Z0.6662 E0.02133 F1080
G1 X100.7648 Y138.3185 Z0.6660 E0.02133 F1080
G1 X100.4543 Y138.0664 Z0.6658 E0.02133 F1080
G1 X100.1475 Y137.8097 Z0.6656 E0.02133 F1080
G1 X99.8447 Y137.5484 Z0.6653 E0.02133 F1080
G1 X99.5457 Y137.2826 Z0.6651 E0.02133 F1080
G1 X99.2508 Y137.0123 Z0.6649 E0.02133 F1080
G1 X98.9600 Y136.7377 Z0.6647 E0.02133 F1080
G1 X98.6733 Y136.4588 Z0.6645 E0.02133 F1080
G1 X98.3908 Y136.1755 Z0.6643 E0.02133 F1080
G1 X98.1126 Y135.8881 Z0.6640 E0.02133 F1080
G1 X97.8388 Y135.5966 Z0.6638 E0.02133 F1080
G1 X97.5693 Y135.3010 Z0.6636 E0.02133 F1080
G1 X97.3043 Y135.0014 Z0.6634 E0.02133 F1080
G1 X97.0438 Y134.6978 Z0.6632 E0.02133 F1080
G1 X96.7878 Y134.3904 Z0.6630 E0.02133 F1080
G1 X96.5365 Y134.0792 Z0.6627 E0.02133 F1080
G1 X96.2899 Y133.7642 Z0.6625 E0.02133 F1080
G1 X96.0480 Y133.4457 Z0.6623 E0.02133 F1080
G1 X95.8109 Y133.1235 Z0.6621 E0.02133 F1080
G1 X95.5787 Y132.7978 Z0.6619 E0.02133 F1080
G1 X95.3514 Y132.4687 Z0.6617 E0.02133 F1080
G1 X95.1290 Y132.1362 Z0.6614 E0.02133 F1080
G1 X94.9116 Y131.8004 Z0.6612 E0.02133 F1080
G1 X94.6993 Y131.4614 Z0.6610 E0.02133 F1080
G1 X94.4920 Y131.1193 Z0.6608 E0.02133 F1080
G1 X94.2899 Y130.7741 Z0.6606 E0.02133 F1080
G1 X94.0930 Y130.4259 Z0.6604 E0.02133 F1080
G1 X93.9013 Y130.0748 Z0.6601 E0.02133 F1080
G1 X93.7149 Y129.7209 Z0.6599 E0.02133 F1080
G1 X93.5338 Y129.3642 Z0.6597 E0.02133 F1080
G1 X93.3581 Y129.0049 Z0.6595 E0.02133 F1080
G1 X93.1877 Y128.6430 Z0.6593 E0.02133 F1080
G1 X93.0228 Y128.2786 Z0.6591 E0.02133 F1080
G1 X92.8634 Y127.9117 Z0.6589 E0.02133 F1080
G1 X92.7094 Y127.5425 Z0.6586 E0.02133 F1080
G1 X92.5610 Y127.1711 Z0.6584 E0.02133 F1080
G1 X92.4182 Y126.7974 Z0.6582 E0.02133 F1080
G1 X92.2809 Y126.4217 Z0.6580 E0.02133 F1080
G1 X92.1494 Y126.0440 Z0.6578 E0.02133 F1080
G1 X92.0234 Y125.6643 Z0.6576 E0.02133 F1080
G1 X91.9032 Y125.2828 Z0.6574 E0.02133 F1080
G1 X91.7887 Y124.8995 Z0.6571 E0.02133 F1080
G1 X91.6799 Y124.5146 Z0.6569 E0.02133 F1080
G1 X91.5769 Y124.1281 Z0.6567 E0.02133 F1080
G1 X91.4796 Y123.7401 Z0.6565 E0.02133 F1080
G1 X91.3882 Y123.3506 Z0.6563 E0.02133 F1080
G1 X91.3026 Y122.9599 Z0.6561 E0.02133 F1080
G1 X91.2229 Y122.5679 Z0.6558 E0.02133 F1080
G1 X91.1490 Y122.1748 Z0.6556 E0.02133 F1080
G1 X91.0810 Y121.7806 Z0.6554 E0.02133 F1080
G1 X91.0190 Y121.3855 Z0.6552 E0.02133 F1080
G1 X90.9628 Y120.9894 Z0.6550 E0.02133 F1080
G1 X90.9125 Y120.5926 Z0.6548 E0.02133 F1080
G1 X90.8682 Y120.1950 Z0.6546 E0.02133 F1080
G1 X90.8299 Y119.7969 Z0.6543 E0.02133 F1080
G1 X90.7975 Y119.3982 Z0.6541 E0.02133 F1080
G1 X90.7710 Y118.9990 Z0.6539 E0.02133 F1080
G1 X90.7505 Y118.5996 Z0.6537 E0.02133 F1080
G1 X90.7360 Y118.1998 Z0.6535 E0.02133 F1080
G1 X90.7275 Y117.7999 Z0.6533 E0.02133 F1080
G1 X90.7249 Y117.3999 Z0.6531 E0.02133 F1080
G1 X90.7283 Y116.9999 Z0.6528 E0.02133 F1080
G1 X90.7377 Y116.6000 Z0.6526 E0.02133 F1080
G1 X90.7531 Y116.2003 Z0.6524 E0.02133 F1080
G1 X90.7744 Y115.8009 Z0.6522 E0.02133 F1080
G1 X90.8017 Y115.4018 Z0.6520 E0.02133 F1080
G1 X90.8350 Y115.0032 Z0.6518 E0.02133 F1080
G1 X90.8742 Y114.6051 Z0.6516 E0.02133 F1080
G1 X90.9193 Y114.2077 Z0.6514 E0.02133 F1080
G1 X90.9704 Y113.8109 Z0.6511 E0.02133 F1080
G1 X91.0274 Y113.4150 Z0.6509 E0.02133 F1080
G1 X91.0903 Y113.0200 Z0.6507 E0.02133 F1080
G1 X91.1590 Y112.6259 Z0.6505 E0.02133 F1080
G1 X91.2337 Y112.2329 Z0.6503 E0.02133 F1080
G1 X91.3142 Y111.8411 Z0.6501 E0.02133 F1080
G1 X91.4006 Y111.4506 Z0.6499 E0.02133 F1080
G1 X91.4928 Y111.0613 Z0.6496 E0.02133 F1080
G1 X91.5908 Y110.6735 Z0.6494 E0.02133 F1080
G1 X91.6945 Y110.2872 Z0.6492 E0.02133 F1080
G1 X91.8041 Y109.9025 Z0.6490 E0.02133 F1080
G1 X91.9193 Y109.5194 Z0.6488 E0.02133 F1080
G1 X92.0403 Y109.1381 Z0.6486 E0.02133 F1080
G1 X92.1669 Y108.7587 Z0.6484 E0.02133 F1080
G1 X92.2992 Y108.3812 Z0.6482 E0.02133 F1080
G1 X92.4371 Y108.0057 Z0.6479 E0.02133 F1080
G1 X92.5806 Y107.6324 Z0.6477 E0.02133 F1080
G1 X92.7296 Y107.2612 Z0.6475 E0.02133 F1080
G1 X92.8842 Y106.8922 Z0.6473 E0.02133 F1080
G1 X93.0443 Y106.5256 Z0.6471 E0.02133 F1080
G1 X93.2098 Y106.1615 Z0.6469 E0.02133 F1080
G1 X93.3807 Y105.7998 Z0.6467 E0.02133 F1080
G1 X93.5570 Y105.4408 Z0.6465 E0.02133 F1080
G1 X93.7387 Y105.0844 Z0.6462 E0.02133 F1080
G1 X93.9256 Y104.7308 Z0.6460 E0.02133 F1080
G1 X94.1178 Y104.3799 Z0.6458 E0.02133 F1080
G1 X94.3152 Y104.0320 Z0.6456 E0.02133 F1080
G1 X94.5178 Y103.6871 Z0.6454 E0.02133 F1080
G1 X94.7255 Y103.3453 Z0.6452 E0.02133 F1080
G1 X94.9383 Y103.0066 Z0.6450 E0.02133 F1080
G1 X95.1561 Y102.6710 Z0.6448 E0.02133 F1080
G1 X95.3788 Y102.3388 Z0.6445 E0.02133 F1080
G1 X95.6066 Y102.0100 Z0.6443 E0.02133 F1080
G1 X95.8392 Y101.6845 Z0.6441 E0.02133 F1080
G1 X96.0766 Y101.3626 Z0.6439 E0.02133 F1080
G1 X96.3188 Y101.0443 Z0.6437 E0.02133 F1080
G1 X96.5657 Y100.7296 Z0.6435 E0.02133 F1080
G1 X96.8173 Y100.4186 Z0.6433 E0.02133 F1080
G1 X97.0735 Y100.1114 Z0.6431 E0.02133 F1080
G1 X97.3342 Y99.8080 Z0.6429 E0.02133 F1080
G1 X97.5994 Y99.5086 Z0.6426 E0.02133 F1080
G1 X97.8691 Y99.2132 Z0.6424 E0.02133 F1080
G1 X98.1432 Y98.9218 Z0.6422 E0.02133 F1080
G1 X98.4215 Y98.6345 Z0.6420 E0.02133 F1080
G1 X98.7041 Y98.3514 Z0.6418 E0.02133 F1080
G1 X98.9909 Y98.0726 Z0.6416 E0.02133 F1080
G1 X99.2819 Y97.7981 Z0.6414 E0.02133 F1080
G1 X99.5768 Y97.5279 Z0.6412 E0.02133 F1080
G1 X99.8758 Y97.2622 Z0.6410 E0.02133 F1080
G1 X100.1787 Y97.0009 Z0.6407 E0.02133 F1080
G1 X100.4855 Y96.7442 Z0.6405 E0.02133 F1080
G1 X100.7961 Y96.4921 Z0.6403 E0.02133 F1080
G1 X101.1103 Y96.2447 Z0.6401 E0.02133 F1080
G1 X101.4283 Y96.0019 Z0.6399 E0.02133 F1080
G1 X101.7498 Y95.7640 Z0.6397 E0.02133 F1080
G1 X102.0748 Y95.5308 Z0.6395 E0.02133 F1080
G1 X102.4033 Y95.3025 Z0.6393 E0.02133 F1080
G1 X102.7351 Y95.0791 Z0.6391 E0.02133 F1080
G1 X103.0702 Y94.8607 Z0.6389 E0.02133 F1080
G1 X103.4086 Y94.6474 Z0.6386 E0.02133 F1080
G1 X103.7501 Y94.4391 Z0.6384 E0.02133 F1080
G1 X104.0946 Y94.2358 Z0.6382 E0.02133 F1080
G1 X104.4421 Y94.0378 Z0.6380 E0.02133 F1080
G1 X104.7926 Y93.8449 Z0.6378 E0.02133 F1080
G1 X105.1459 Y93.6573 Z0.6376 E0.02133 F1080
G1 X105.5019 Y93.4750 Z0.6374 E0.02133 F1080
G1 X105.8606 Y93.2980 Z0.6372 E0.02133 F1080
G1 X106.2219 Y93.1264 Z0.6370 E0.02133 F1080
G1 X106.5857 Y92.9601 Z0.6368 E0.02133 F1080
G1 X106.9520 Y92.7993 Z0.6365 E0.02133 F1080
G1 X107.3206 Y92.6440 Z0.6363 E0.02133 F1080
G1 X107.6915 Y92.4942 Z0.6361 E0.02133 F1080
G1 X108.0646 Y92.3499 Z0.6359 E0.02133 F1080
G1 X108.4398 Y92.2112 Z0.6357 E0.02133 F1080
G1 X108.8170 Y92.0780 Z0.6355 E0.02133 F1080
G1 X109.1961 Y91.9506 Z0.6353 E0.02133 F1080
G1 X109.5771 Y91.8287 Z0.6351 E0.02133 F1080
G1 X109.9599 Y91.7126 Z0.6349 E0.02133 F1080
G1 X110.3444 Y91.6022 Z0.6347 E0.02133 F1080
G1 X110.7304 Y91.4975 Z0.6344 E0.02133 F1080
G1 X111.1180 Y91.3986 Z0.6342 E0.02133 F1080
G1 X111.5070 Y91.3054 Z0.6340 E0.02133 F1080
G1 X111.8974 Y91.2181 Z0.6338 E0.02133 F1080
G1 X112.2890 Y91.1366 Z0.6336 E0.02133 F1080
G1 X112.6818 Y91.0609 Z0.6334 E0.02133 F1080
G1 X113.0756 Y90.9910 Z0.6332 E0.02133 F1080
G1 X113.4705 Y90.9271 Z0.6330 E0.02133 F1080
G1 X113.8662 Y90.8690 Z0.6328 E0.02133 F1080
G1 X114.2628 Y90.8168 Z0.6326 E0.02133 F1080
G1 X114.6601 Y90.7705 Z0.6324 E0.02133 F1080
G1 X115.0581 Y90.7302 Z0.6322 E0.02133 F1080
G1 X115.4566 Y90.6957 Z0.6319 E0.02133 F1080
G1 X115.8556 Y90.6672 Z0.6317 E0.02133 F1080
G1 X116.2550 Y90.6447 Z0.6315 E0.02133 F1080
G1 X116.6547 Y90.6280 Z0.6313 E0.02133 F1080
G1 X117.0545 Y90.6174 Z0.6311 E0.02133 F1080
G1 X117.4545 Y90.6127 Z0.6309 E0.02133 F1080
G1 X117.8545 Y90.6139 Z0.6307 E0.02133 F1080
G1 X118.2544 Y90.6211 Z0.6305 E0.02133 F1080
G1 X118.6542 Y90.6342 Z0.6303 E0.02133 F1080
G1 X119.0538 Y90.6533 Z0.6301 E0.02133 F1080
G1 X119.4530 Y90.6783 Z0.6299 E0.02133 F1080
G1 X119.8518 Y90.7093 Z0.6297 E0.02133 F1080
G1 X120.2501 Y90.7461 Z0.6294 E0.02133 F1080
G1 X120.6478 Y90.7889 Z0.6292 E0.02133 F1080
G1 X121.0448 Y90.8377 Z0.6290 E0.02133 F1080
G1 X121.4411 Y90.8923 Z0.6288 E0.02133 F1080
G1 X121.8365 Y90.9528 Z0.6286 E0.02133 F1080
G1 X122.2310 Y91.0191 Z0.6284 E0.02133 F1080
G1 X122.6244 Y91.0914 Z0.6282 E0.02133 F1080
G1 X123.0167 Y91.1694 Z0.6280 E0.02133 F1080
G1 X123.4078 Y91.2533 Z0.6278 E0.02133 F1080
G1 X123.7976 Y91.3430 Z0.6276 E0.02133 F1080
G1 X124.1861 Y91.4385 Z0.6274 E0.02133 F1080
G1 X124.5731 Y91.5398 Z0.6272 E0.02133 F1080
G1 X124.9585 Y91.6467 Z0.6270 E0.02133 F1080
G1 X125.3423 Y91.7595 Z0.6267 E0.02133 F1080
G1 X125.7244 Y91.8779 Z0.6265 E0.02133 F1080
G1 X126.1047 Y92.0019 Z0.6263 E0.02133 F1080
G1 X126.4830 Y92.1316 Z0.6261 E0.02133 F1080
G1 X126.8595 Y92.2670 Z0.6259 E0.02133 F1080
G1 X127.2338 Y92.4079 Z0.6257 E0.02133 F1080
G1 X127.6061 Y92.5543 Z0.6255 E0.02133 F1080
G1 X127.9761 Y92.7063 Z0.6253 E0.02133 F1080
G1 X128.3438 Y92.8637 Z0.6251 E0.02133 F1080
G1 X128.7091 Y93.0266 Z0.6249 E0.02133 F1080
G1 X129.0720 Y93.1949 Z0.6247 E0.02133 F1080
G1 X129.4324 Y93.3686 Z0.6245 E0.02133 F1080
G1 X129.7901 Y93.5476 Z0.6243 E0.02133 F1080
G1 X130.1451 Y93.7319 Z0.6241 E0.02133 F1080
G1 X130.4973 Y93.9214 Z0.6239 E0.02133 F1080
G1 X130.8467 Y94.1162 Z0.6236 E0.02133 F1080
G1 X131.1932 Y94.3161 Z0.6234 E0.02133 F1080
G1 X131.5366 Y94.5212 Z0.6232 E0.02133 F1080
G1 X131.8770 Y94.7314 Z0.6230 E0.02133 F1080
G1 X132.2142 Y94.9465 Z0.6228 E0.02133 F1080
G1 X132.5481 Y95.1667 Z0.6226 E0.02133 F1080
G1 X132.8788 Y95.3918 Z0.6224 E0.02133 F1080
G1 X133.2061 Y95.6218 Z0.6222 E0.02133 F1080
G1 X133.5299 Y95.8566 Z0.6220 E0.02133 F1080
G1 X133.8502 Y96.0962 Z0.6218 E0.02133 F1080
G1 X134.1669 Y96.3405 Z0.6216 E0.02133 F1080
G1 X134.4800 Y96.5895 Z0.6214 E0.02133 F1080
G1 X134.7893 Y96.8432 Z0.6212 E0.02133 F1080
G1 X135.0948 Y97.1014 Z0.6210 E0.02133 F1080
G1 X135.3964 Y97.3641 Z0.6208 E0.02133 F1080
G1 X135.6942 Y97.6312 Z0.6206 E0.02133 F1080
G1 X135.9879 Y97.9028 Z0.6204 E0.02133 F1080
G1 X136.2775 Y98.1786 Z0.6201 E0.02133 F1080
G1 X136.5630 Y98.4588 Z0.6199 E0.02133 F1080
G1 X136.8444 Y98.7431 Z0.6197 E0.02133 F1080
G1 X137.1215 Y99.0316 Z0.6195 E0.02133 F1080
G1 X137.3942 Y99.3242 Z0.6193 E0.02133 F1080
G1 X137.6626 Y99.6208 Z0.6191 E0.02133 F1080
G1 X137.9266 Y99.9213 Z0.6189 E0.02133 F1080
G1 X138.1861 Y100.2258 Z0.6187 E0.02133 F1080
G1 X138.4410 Y100.5340 Z0.6185 E0.02133 F1080
G1 X138.6913 Y100.8460 Z0.6183 E0.02133 F1080
G1 X138.9370 Y101.1617 Z0.6181 E0.02133 F1080
G1 X139.1779 Y101.4810 Z0.6179 E0.02133 F1080
G1 X139.4141 Y101.8038 Z0.6177 E0.02133 F1080
G1 X139.6455 Y102.1301 Z0.6175 E0.02133 F1080
G1 X139.8720 Y102.4598 Z0.6173 E0.02133 F1080
G1 X140.0936 Y102.7928 Z0.6171 E0.02133 F1080
G1 X140.3102 Y103.1291 Z0.6169 E0.02133 F1080
G1 X140.5218 Y103.4686 Z0.6167 E0.02133 F1080
G1 X140.7284 Y103.8111 Z0.6165 E0.02133 F1080
G1 X140.9298 Y104.1567 Z0.6163 E0.02133 F1080
G1 X141.1261 Y104.5052 Z0.6161 E0.02133 F1080
G1 X141.3172 Y104.8566 Z0.6159 E0.02133 F1080
G1 X141.5031 Y105.2108 Z0.6156 E0.02133 F1080
G1 X141.6837 Y105.5677 Z0.6154 E0.02133 F1080
G1 X141.8589 Y105.9273 Z0.6152 E0.02133 F1080
G1 X142.0289 Y106.2894 Z0.6150 E0.02133 F1080
G1 X142.1934 Y106.6540 Z0.6148 E0.02133 F1080
G1 X142.3525 Y107.0210 Z0.6146 E0.02133 F1080
G1 X142.5062 Y107.3903 Z0.6144 E0.02133 F1080
G1 X142.6543 Y107.7619 Z0.6142 E0.02133 F1080
G1 X142.7970 Y108.1356 Z0.6140 E0.02133 F1080
G1 X142.9341 Y108.5114 Z0.6138 E0.02133 F1080
G1 X143.0656 Y108.8892 Z0.6136 E0.02133 F1080
G1 X143.1914 Y109.2688 Z0.6134 E0.02133 F1080
G1 X143.3117 Y109.6503 Z0.6132 E0.02133 F1080
G1 X143.4262 Y110.0336 Z0.6130 E0.02133 F1080
G1 X143.5351 Y110.4185 Z0.6128 E0.02133 F1080
G1 X143.6382 Y110.8050 Z0.6126 E0.02133 F1080
G1 X143.7356 Y111.1929 Z0.6124 E0.02133 F1080
G1 X143.8273 Y111.5823 Z0.6122 E0.02133 F1080
G1 X143.9132 Y111.9730 Z0.6120 E0.02133 F1080
G1 X143.9932 Y112.3649 Z0.6118 E0.02133 F1080
G1 X144.0675 Y112.7580 Z0.6116 E0.02133 F1080
G1 X144.1359 Y113.1521 Z0.6114 E0.02133 F1080
G1 X144.1984 Y113.5472 Z0.6112 E0.02133 F1080
G1 X144.2551 Y113.9431 Z0.6110 E0.02133 F1080
G1 X144.3060 Y114.3399 Z0.6108 E0.02133 F1080
G1 X144.3509 Y114.7374 Z0.6106 E0.02133 F1080
G1 X144.3900 Y115.1354 Z0.6104 E0.02133 F1080
G1 X144.4231 Y115.5341 Z0.6102 E0.02133 F1080
G1 X144.4503 Y115.9332 Z0.6100 E0.02133 F1080
G1 X144.4716 Y116.3326 Z0.6098 E0.02133 F1080
G1 X144.4870 Y116.7323 Z0.6095 E0.02133 F1080
G1 X144.4965 Y117.1322 Z0.6093 E0.02133 F1080
G1 X144.5001 Y117.5322 Z0.6091 E0.02133 F1080
G1 X144.4977 Y117.9322 Z0.6089 E0.02133 F1080
G1 X144.4894 Y118.3321 Z0.6087 E0.02133 F1080
G1 X144.4752 Y118.7319 Z0.6085 E0.02133 F1080
G1 X144.4550 Y119.1314 Z0.6083 E0.02133 F1080
G1 X144.4289 Y119.5305 Z0.6081 E0.02133 F1080
G1 X144.3970 Y119.9292 Z0.6079 E0.02133 F1080
G1 X144.3591 Y120.3274 Z0.6077 E0.02133 F1080
G1 X144.3153 Y120.7250 Z0.6075 E0.02133 F1080
G1 X144.2657 Y121.1220 Z0.6073 E0.02133 F1080
G1 X144.2102 Y121.5181 Z0.6071 E0.02133 F1080
G1 X144.1488 Y121.9134 Z0.6069 E0.02133 F1080
G1 X144.0815 Y122.3077 Z0.6067 E0.02133 F1080
G1 X144.0085 Y122.7010 Z0.6065 E0.02133 F1080
G1 X143.9296 Y123.0931 Z0.6063 E0.02133 F1080
G1 X143.8449 Y123.4840 Z0.6061 E0.02133 F1080
G1 X143.7545 Y123.8737 Z0.6059 E0.02133 F1080
G1 X143.6583 Y124.2620 Z0.6057 E0.02133 F1080
G1 X143.5563 Y124.6487 Z0.6055 E0.02133 F1080
G1 X143.4486 Y125.0340 Z0.6053 E0.02133 F1080
G1 X143.3353 Y125.4176 Z0.6051 E0.02133 F1080
G1 X143.2163 Y125.7995 Z0.6049 E0.02133 F1080
G1 X143.0916 Y126.1796 Z0.6047 E0.02133 F1080
G1 X142.9613 Y126.5578 Z0.6045 E0.02133 F1080
G1 X142.8255 Y126.9340 Z0.6043 E0.02133 F1080
G1 X142.6841 Y127.3082 Z0.6041 E0.02133 F1080
G1 X142.5371 Y127.6802 Z0.6039 E0.02133 F1080
G1 X142.3847 Y128.0500 Z0.6037 E0.02133 F1080
G1 X142.2268 Y128.4176 Z0.6035 E0.02133 F1080
G1 X142.0635 Y128.7827 Z0.6033 E0.02133 F1080
G1 X141.8948 Y129.1454 Z0.6031 E0.02133 F1080
G1 X141.7208 Y129.5056 Z0.6029 E0.02133 F1080
G1 X141.5414 Y129.8631 Z0.6027 E0.02133 F1080
G1 X141.3568 Y130.2180 Z0.6025 E0.02133 F1080
G1 X141.1670 Y130.5701 Z0.6023 E0.02133 F1080
G1 X140.9720 Y130.9193 Z0.6021 E0.02133 F1080
G1 X140.7718 Y131.2656 Z0.6019 E0.02133 F1080
G1 X140.5665 Y131.6089 Z0.6017 E0.02133 F1080
G1 X140.3562 Y131.9492 Z0.6015 E0.02133 F1080
G1 X140.1408 Y132.2863 Z0.6013 E0.02133 F1080
G1 X139.9205 Y132.6201 Z0.6011 E0.02133 F1080
G1 X139.6953 Y132.9507 Z0.6009 E0.02133 F1080
G1 X139.4652 Y133.2779 Z0.6007 E0.02133 F1080
G1 X139.2303 Y133.6017 Z0.6005 E0.02133 F1080
G1 X138.9906 Y133.9219 Z0.6003 E0.02133 F1080
G1 X138.7462 Y134.2386 Z0.6001 E0.02133 F1080
G1 X138.4972 Y134.5516 Z0.5999 E0.02133 F1080
G1 X138.2436 Y134.8609 Z0.5997 E0.02133 F1080
G1 X137.9854 Y135.1665 Z0.5995 E0.02133 F1080
G1 X137.7227 Y135.4681 Z0.5993 E0.02133 F1080
G1 X137.4556 Y135.7659 Z0.5991 E0.02133 F1080
G1 X137.1841 Y136.0597 Z0.5989 E0.02133 F1080
G1 X136.9083 Y136.3494 Z0.5987 E0.02133 F1080
G1 X136.6283 Y136.6350 Z0.5985 E0.02133 F1080
G1 X136.3441 Y136.9165 Z0.5983 E0.02133 F1080
G1 X136.0557 Y137.1937 Z0.5981 E0.02133 F1080
G1 X135.7633 Y137.4666 Z0.5979 E0.02133 F1080
G1 X135.4668 Y137.7352 Z0.5977 E0.02133 F1080
G1 X135.1665 Y137.9994 Z0.5975 E0.02133 F1080
G1 X134.8622 Y138.2591 Z0.5973 E0.02133 F1080
G1 X134.5542 Y138.5142 Z0.5971 E0.02133 F1080
G1 X134.2424 Y138.7648 Z0.5969 E0.02133 F1080
G1 X133.9269 Y139.0108 Z0.5967 E0.02133 F1080
G1 X133.6079 Y139.2520 Z0.5965 E0.02133 F1080
G1 X133.2853 Y139.4885 Z0.5963 E0.02133 F1080
G1 X132.9592 Y139.7203 Z0.5961 E0.02133 F1080
G1 X132.6298 Y139.9472 Z0.5959 E0.02133 F1080
G1 X132.2971 Y140.1692 Z0.5957 E0.02133 F1080
G1 X131.9611 Y140.3862 Z0.5955 E0.02133 F1080
G1 X131.6219 Y140.5983 Z0.5953 E0.02133 F1080
G1 X131.2796 Y140.8053 Z0.5951 E0.02133 F1080
G1 X130.9343 Y141.0073 Z0.5949 E0.02133 F1080
G1 X130.5861 Y141.2041 Z0.5947 E0.02133 F1080
G1 X130.2350 Y141.3957 Z0.5945 E0.02133 F1080
G1 X129.8811 Y141.5822 Z0.5943 E0.02133 F1080
G1 X129.5245 Y141.7634 Z0.5941 E0.02133 F1080
G1 X129.1653 Y141.9393 Z0.5939 E0.02133 F1080
G1 X128.8035 Y142.1099 Z0.5937 E0.02133 F1080
G1 X128.4392 Y142.2751 Z0.5935 E0.02133 F1080
G1 X128.0725 Y142.4350 Z0.5933 E0.02133 F1080
G1 X127.7035 Y142.5894 Z0.5931 E0.02133 F1080
G1 X127.3323 Y142.7383 Z0.5930 E0.02133 F1080
G1 X126.9588 Y142.8817 Z0.5928 E0.02133 F1080
G1 X126.5834 Y143.0197 Z0.5926 E0.02133 F1080
G1 X126.2059 Y143.1520 Z0.5924 E0.02133 F1080
G1 X125.8265 Y143.2788 Z0.5922 E0.02133 F1080
G1 X125.4453 Y143.3999 Z0.5920 E0.02133 F1080
G1 X125.0623 Y143.5154 Z0.5918 E0.02133 F1080
G1 X124.6777 Y143.6252 Z0.5916 E0.02133 F1080
G1 X124.2915 Y143.7294 Z0.5914 E0.02133 F1080
G1 X123.9038 Y143.8278 Z0.5912 E0.02133 F1080
G1 X123.5146 Y143.9205 Z0.5910 E0.02133 F1080
G1 X123.1242 Y144.0074 Z0.5908 E0.02133 F1080
G1 X122.7325 Y144.0886 Z0.5906 E0.02133 F1080
G1 X122.3397 Y144.1640 Z0.5904 E0.02133 F1080
G1 X121.9458 Y144.2336 Z0.5902 E0.02133 F1080
G1 X121.5509 Y144.2973 Z0.5900 E0.02133 F1080
G1 X121.1551 Y144.3552 Z0.5898 E0.02133 F1080
G1 X120.7585 Y144.4073 Z0.5896 E0.02133 F1080
G1 X120.3612 Y144.4535 Z0.5894 E0.02133 F1080
G1 X119.9632 Y144.4938 Z0.5892 E0.02133 F1080
G1 X119.5647 Y144.5283 Z0.5890 E0.02133 F1080
G1 X119.1657 Y144.5569 Z0.5888 E0.02133 F1080
G1 X118.7663 Y144.5796 Z0.5886 E0.02133 F1080
G1 X118.3667 Y144.5964 Z0.5884 E0.02133 F1080
G1 X117.9668 Y144.6072 Z0.5882 E0.02133 F1080
G1 X117.5668 Y144.6122 Z0.5880 E0.02133 F1080
G1 X117.1668 Y144.6113 Z0.5878 E0.02133 F1080
G1 X116.7669 Y144.6045 Z0.5876 E0.02133 F1080
G1 X116.3671 Y144.5918 Z0.5874 E0.02133 F1080
G1 X115.9675 Y144.5732 Z0.5872 E0.02133 F1080
G1 X115.5683 Y144.5487 Z0.5870 E0.02133 F1080
G1 X115.1694 Y144.5183 Z0.5869 E0.02133 F1080
G1 X114.7711 Y144.4821 Z0.5867 E0.02133 F1080
G1 X114.3733 Y144.4399 Z0.5865 E0.02133 F1080
G1 X113.9762 Y144.3919 Z0.5863 E0.02133 F1080
G1 X113.5798 Y144.3381 Z0.5861 E0.02133 F1080
G1 X113.1843 Y144.2784 Z0.5859 E0.02133 F1080
G1 X112.7897 Y144.2129 Z0.5857 E0.02133 F1080
G1 X112.3961 Y144.1416 Z0.5855 E0.02133 F1080
G1 X112.0036 Y144.0644 Z0.5853 E0.02133 F1080
G1 X111.6122 Y143.9815 Z0.5851 E0.02133 F1080
G1 X111.2222 Y143.8929 Z0.5849 E0.02133 F1080
G1 X110.8335 Y143.7985 Z0.5847 E0.02133 F1080
G1 X110.4462 Y143.6983 Z0.5845 E0.02133 F1080
G1 X110.0605 Y143.5925 Z0.5843 E0.02133 F1080
G1 X109.6763 Y143.4810 Z0.5841 E0.02133 F1080
G1 X109.2938 Y143.3639 Z0.5839 E0.02133 F1080
G1 X108.9131 Y143.2411 Z0.5837 E0.02133 F1080
G1 X108.5343 Y143.1127 Z0.5835 E0.02133 F1080
G1 X108.1574 Y142.9788 Z0.5833 E0.02133 F1080
G1 X107.7825 Y142.8393 Z0.5831 E0.02133 F1080
G1 X107.4097 Y142.6943 Z0.5829 E0.02133 F1080
G1 X107.0391 Y142.5438 Z0.5828 E0.02133 F1080
G1 X106.6707 Y142.3879 Z0.5826 E0.02133 F1080
G1 X106.3047 Y142.2266 Z0.5824 E0.02133 F1080
G1 X105.9410 Y142.0599 Z0.5822 E0.02133 F1080
G1 X105.5799 Y141.8878 Z0.5820 E0.02133 F1080
G1 X105.2214 Y141.7105 Z0.5818 E0.02133 F1080
G1 X104.8655 Y141.5279 Z0.5816 E0.02133 F1080
G1 X104.5123 Y141.3400 Z0.5814 E0.02133 F1080
G1 X104.1620 Y141.1470 Z0.5812 E0.02133 F1080
G1 X103.8145 Y140.9488 Z0.5810 E0.02133 F1080
G1 X103.4700 Y140.7456 Z0.5808 E0.02133 F1080
G1 X103.1285 Y140.5373 Z0.5806 E0.02133 F1080
G1 X102.7901 Y140.3240 Z0.5804 E0.02133 F1080
G1 X102.4550 Y140.1057 Z0.5802 E0.02133 F1080
G1 X102.1230 Y139.8825 Z0.5800 E0.02133 F1080
G1 X101.7944 Y139.6544 Z0.5798 E0.02133 F1080
G1 X101.4692 Y139.4215 Z0.5796 E0.02133 F1080
G1 X101.1474 Y139.1839 Z0.5795 E0.02133 F1080
G1 X100.8292 Y138.9415 Z0.5793 E0.02133 F1080
G1 X100.5145 Y138.6945 Z0.5791 E0.02133 F1080
G1 X100.2036 Y138.4429 Z0.5789 E0.02133 F1080
G1 X99.8964 Y138.1867 Z0.5787 E0.02133 F1080
G1 X99.5930 Y137.9261 Z0.5785 E0.02133 F1080
G1 X99.2934 Y137.6610 Z0.5783 E0.02133 F1080
G1 X98.9978 Y137.3915 Z0.5781 E0.02133 F1080
G1 X98.7062 Y137.1176 Z0.5779 E0.02133 F1080
G1 X98.4187 Y136.8396 Z0.5777 E0.02133 F1080
G1 X98.1353 Y136.5573 Z0.5775 E0.02133 F1080
G1 X97.8561 Y136.2709 Z0.5773 E0.02133 F1080
G1 X97.5811 Y135.9804 Z0.5771 E0.02133 F1080
G1 X97.3104 Y135.6858 Z0.5769 E0.02133 F1080
G1 X97.0441 Y135.3874 Z0.5768 E0.02133 F1080
G1 X96.7822 Y135.0850 Z0.5766 E0.02133 F1080
G1 X96.5248 Y134.7788 Z0.5764 E0.02133 F1080
G1 X96.2720 Y134.4689 Z0.5762 E0.02133 F1080
G1 X96.0237 Y134.1553 Z0.5760 E0.02133 F1080
G1 X95.7800 Y133.8380 Z0.5758 E0.02133 F1080
G1 X95.5411 Y133.5172 Z0.5756 E0.02133 F1080
G1 X95.3069 Y133.1929 Z0.5754 E0.02133 F1080
G1 X95.0775 Y132.8653 Z0.5752 E0.02133 F1080
G1 X94.8529 Y132.5342 Z0.5750 E0.02133 F1080
G1 X94.6333 Y132.1999 Z0.5748 E0.02133 F1080
G1 X94.4186 Y131.8624 Z0.5746 E0.02133 F1080
G1 X94.2089 Y131.5218 Z0.5744 E0.02133 F1080
G1 X94.0042 Y131.1781 Z0.5743 E0.02133 F1080
G1 X93.8045 Y130.8315 Z0.5741 E0.02133 F1080
G1 X93.6101 Y130.4820 Z0.5739 E0.02133 F1080
G1 X93.4207 Y130.1296 Z0.5737 E0.02133 F1080
G1 X93.2366 Y129.7745 Z0.5735 E0.02133 F1080
G1 X93.0577 Y129.4167 Z0.5733 E0.02133 F1080
G1 X92.8841 Y129.0563 Z0.5731 E0.02133 F1080
G1 X92.7159 Y128.6935 Z0.5729 E0.02133 F1080
G1 X92.5529 Y128.3281 Z0.5727 E0.02133 F1080
G1 X92.3954 Y127.9605 Z0.5725 E0.02133 F1080
G1 X92.2433 Y127.5905 Z0.5723 E0.02133 F1080
G1 X92.0966 Y127.2183 Z0.5721 E0.02133 F1080
G1 X91.9555 Y126.8441 Z0.5720 E0.02133 F1080
G1 X91.8198 Y126.4678 Z0.5718 E0.02133 F1080
G1 X91.6898 Y126.0895 Z0.5716 E0.02133 F1080
G1 X91.5652 Y125.7094 Z0.5714 E0.02133 F1080
G1 X91.4463 Y125.3275 Z0.5712 E0.02133 F1080
G1 X91.3330 Y124.9438 Z0.5710 E0.02133 F1080
G1 X91.2254 Y124.5586 Z0.5708 E0.02133 F1080
G1 X91.1235 Y124.1718 Z0.5706 E0.02133 F1080
G1 X91.0272 Y123.7835 Z0.5704 E0.02133 F1080
G1 X90.9367 Y123.3939 Z0.5702 E0.02133 F1080
G1 X90.8519 Y123.0030 Z0.5700 E0.02133 F1080
G1 X90.7728 Y122.6109 Z0.5699 E0.02133 F1080
G1 X90.6995 Y122.2176 Z0.5697 E0.02133 F1080
G1 X90.6320 Y121.8234 Z0.5695 E0.02133 F1080
G1 X90.5704 Y121.4281 Z0.5693 E0.02133 F1080
G1 X90.5145 Y121.0321 Z0.5691 E0.02133 F1080
G1 X90.4644 Y120.6352 Z0.5689 E0.02133 F1080
G1 X90.4202 Y120.2376 Z0.5687 E0.02133 F1080
G1 X90.3819 Y119.8395 Z0.5685 E0.02133 F1080
G1 X90.3494 Y119.4408 Z0.5683 E0.02133 F1080
G1 X90.3228 Y119.0417 Z0.5681 E0.02133 F1080
G1 X90.3020 Y118.6422 Z0.5680 E0.02133 F1080
G1 X90.2871 Y118.2425 Z0.5678 E0.02133 F1080
G1 X90.2781 Y117.8426 Z0.5676 E0.02133 F1080
G1 X90.2749 Y117.4426 Z0.5674 E0.02133 F1080
G1 X90.2776 Y117.0426 Z0.5672 E0.02133 F1080
G1 X90.2862 Y116.6427 Z0.5670 E0.02133 F1080
G1 X90.3007 Y116.2429 Z0.5668 E0.02133 F1080
G1 X90.3211 Y115.8434 Z0.5666 E0.02133 F1080
G1 X90.3473 Y115.4443 Z0.5664 E0.02133 F1080
G1 X90.3794 Y115.0456 Z0.5662 E0.02133 F1080
G1 X90.4173 Y114.6474 Z0.5661 E0.02133 F1080
G1 X90.4611 Y114.2498 Z0.5659 E0.02133 F1080
G1 X90.5107 Y113.8529 Z0.5657 E0.02133 F1080
G1 X90.5661 Y113.4567 Z0.5655 E0.02133 F1080
G1 X90.6274 Y113.0614 Z0.5653 E0.02133 F1080
G1 X90.6944 Y112.6671 Z0.5651 E0.02133 F1080
G1 X90.7672 Y112.2738 Z0.5649 E0.02133 F1080
G1 X90.8458 Y111.8816 Z0.5647 E0.02133 F1080
G1 X90.9302 Y111.4905 Z0.5645 E0.02133 F1080
G1 X91.0203 Y111.1008 Z0.5644 E0.02133 F1080
G1 X91.1161 Y110.7124 Z0.5642 E0.02133 F1080
G1 X91.2176 Y110.3255 Z0.5640 E0.02133 F1080
G1 X91.3247 Y109.9401 Z0.5638 E0.02133 F1080
G1 X91.4375 Y109.5564 Z0.5636 E0.02133 F1080
G1 X91.5559 Y109.1743 Z0.5634 E0.02133 F1080
G1 X91.6800 Y108.7940 Z0.5632 E0.02133 F1080
G1 X91.8095 Y108.4156 Z0.5630 E0.02133 F1080
G1 X91.9447 Y108.0391 Z0.5628 E0.02133 F1080
G1 X92.0853 Y107.6646 Z0.5627 E0.02133 F1080
G1 X92.2314 Y107.2923 Z0.5625 E0.02133 F1080
G1 X92.3830 Y106.9221 Z0.5623 E0.02133 F1080
G1 X92.5400 Y106.5542 Z0.5621 E0.02133 F1080
G1 X92.7024 Y106.1886 Z0.5619 E0.02133 F1080
G1 X92.8701 Y105.8255 Z0.5617 E0.02133 F1080
G1 X93.0431 Y105.4648 Z0.5615 E0.02133 F1080
G1 X93.2214 Y105.1067 Z0.5613 E0.02133 F1080
G1 X93.4050 Y104.7513 Z0.5612 E0.02133 F1080
G1 X93.5937 Y104.3986 Z0.5610 E0.02133 F1080
G1 X93.7876 Y104.0488 Z0.5608 E0.02133 F1080
G1 X93.9866 Y103.7018 Z0.5606 E0.02133 F1080
G1 X94.1907 Y103.3577 Z0.5604 E0.02133 F1080
G1 X94.3998 Y103.0167 Z0.5602 E0.02133 F1080
G1 X94.6138 Y102.6788 Z0.5600 E0.02133 F1080
G1 X94.8328 Y102.3441 Z0.5598 E0.02133 F1080
G1 X95.0567 Y102.0127 Z0.5597 E0.02133 F1080
G1 X95.2855 Y101.6845 Z0.5595 E0.02133 F1080
G1 X95.5190 Y101.3597 Z0.5593 E0.02133 F1080
G1 X95.7573 Y101.0384 Z0.5591 E0.02133 F1080
G1 X96.0002 Y100.7207 Z0.5589 E0.02133 F1080
G1 X96.2478 Y100.4065 Z0.5587 E0.02133 F1080
G1 X96.5000 Y100.0960 Z0.5585 E0.02133 F1080
G1 X96.7567 Y99.7892 Z0.5583 E0.02133 F1080
G1 X97.0178 Y99.4862 Z0.5582 E0.02133 F1080
G1 X97.2834 Y99.1871 Z0.5580 E0.02133 F1080
G1 X97.5533 Y98.8919 Z0.5578 E0.02133 F1080
G1 X97.8276 Y98.6007 Z0.5576 E0.02133 F1080
G1 X98.1060 Y98.3135 Z0.5574 E0.02133 F1080
G1 X98.3887 Y98.0305 Z0.5572 E0.02133 F1080
G1 X98.6755 Y97.7516 Z0.5570 E0.02133 F1080
G1 X98.9663 Y97.4770 Z0.5568 E0.02133 F1080
G1 X99.2611 Y97.2067 Z0.5567 E0.02133 F1080
G1 X99.5599 Y96.9407 Z0.5565 E0.02133 F1080
G1 X99.8625 Y96.6791 Z0.5563 E0.02133 F1080
G1 X100.1689 Y96.4220 Z0.5561 E0.02133 F1080
G1 X100.4791 Y96.1694 Z0.5559 E0.02133 F1080
G1 X100.7929 Y95.9214 Z0.5557 E0.02133 F1080
G1 X101.1104 Y95.6780 Z0.5555 E0.02133 F1080
G1 X101.4314 Y95.4393 Z0.5554 E0.02133 F1080
G1 X101.7558 Y95.2053 Z0.5552 E0.02133 F1080
G1 X102.0836 Y94.9761 Z0.5550 E0.02133 F1080
G1 X102.4148 Y94.7517 Z0.5548 E0.02133 F1080
G1 X102.7492 Y94.5322 Z0.5546 E0.02133 F1080
G1 X103.0867 Y94.3177 Z0.5544 E0.02133 F1080
G1 X103.4274 Y94.1081 Z0.5542 E0.02133 F1080
G1 X103.7712 Y93.9035 Z0.5541 E0.02133 F1080
G1 X104.1178 Y93.7039 Z0.5539 E0.02133 F1080
G1 X104.4674 Y93.5095 Z0.5537 E0.02133 F1080
G1 X104.8198 Y93.3202 Z0.5535 E0.02133 F1080
G1 X105.1749 Y93.1361 Z0.5533 E0.02133 F1080
G1 X105.5327 Y92.9572 Z0.5531 E0.02133 F1080
G1 X105.8931 Y92.7836 Z0.5529 E0.02133 F1080
G1 X106.2559 Y92.6153 Z0.5528 E0.02133 F1080
G1 X106.6212 Y92.4523 Z0.5526 E0.02133 F1080
G1 X106.9889 Y92.2947 Z0.5524 E0.02133 F1080
G1 X107.3588 Y92.1425 Z0.5522 E0.02133 F1080
G1 X107.7309 Y91.9957 Z0.5520 E0.02133 F1080
G1 X108.1051 Y91.8543 Z0.5518 E0.02133 F1080
G1 X108.4813 Y91.7185 Z0.5517 E0.02133 F1080
G1 X108.8595 Y91.5882 Z0.5515 E0.02133 F1080
G1 X109.2396 Y91.4635 Z0.5513 E0.02133 F1080
G1 X109.6214 Y91.3443 Z0.5511 E0.02133 F1080
G1 X110.0049 Y91.2307 Z0.5509 E0.02133 F1080
G1 X110.3901 Y91.1228 Z0.5507 E0.02133 F1080
G1 X110.7768 Y91.0205 Z0.5505 E0.02133 F1080
G1 X111.1650 Y90.9239 Z0.5504 E0.02133 F1080
G1 X111.5545 Y90.8330 Z0.5502 E0.02133 F1080
G1 X111.9453 Y90.7477 Z0.5500 E0.02133 F1080
G1 X112.3374 Y90.6683 Z0.5498 E0.02133 F1080
G1 X112.7305 Y90.5945 Z0.5496 E0.02133 F1080
G1 X113.1247 Y90.5266 Z0.5494 E0.02133 F1080
G1 X113.5198 Y90.4644 Z0.5493 E0.02133 F1080
G1 X113.9159 Y90.4080 Z0.5491 E0.02133 F1080
G1 X114.3126 Y90.3574 Z0.5489 E0.02133 F1080
G1 X114.7101 Y90.3126 Z0.5487 E0.02133 F1080
G1 X115.1082 Y90.2736 Z0.5485 E0.02133 F1080
G1 X115.5069 Y90.2405 Z0.5483 E0.02133 F1080
G1 X115.9059 Y90.2132 Z0.5482 E0.02133 F1080
G1 X116.3054 Y90.1917 Z0.5480 E0.02133 F1080
G1 X116.7051 Y90.1761 Z0.5478 E0.02133 F1080
G1 X117.1050 Y90.1664 Z0.5476 E0.02133 F1080
G1 X117.5050 Y90.1625 Z0.5474 E0.02133 F1080
G1 X117.9050 Y90.1644 Z0.5472 E0.02133 F1080
G1 X118.3049 Y90.1722 Z0.5471 E0.02133 F1080
G1 X118.7047 Y90.1859 Z0.5469 E0.02133 F1080
G1 X119.1042 Y90.2054 Z0.5467 E0.02133 F1080
G1 X119.5034 Y90.2307 Z0.5465 E0.02133 F1080
G1 X119.9022 Y90.2619 Z0.5463 E0.02133 F1080
G1 X120.3005 Y90.2989 Z0.5461 E0.02133 F1080
G1 X120.6982 Y90.3418 Z0.5460 E0.02133 F1080
G1 X121.0952 Y90.3904 Z0.5458 E0.02133 F1080
G1 X121.4915 Y90.4449 Z0.5456 E0.02133 F1080
G1 X121.8869 Y90.5051 Z0.5454 E0.02133 F1080
G1 X122.2815 Y90.5711 Z0.5452 E0.02133 F1080
G1 X122.6750 Y90.6429 Z0.5450 E0.02133 F1080
G1 X123.0674 Y90.7204 Z0.5449 E0.02133 F1080
G1 X123.4586 Y90.8037 Z0.5447 E0.02133 F1080
G1 X123.8486 Y90.8926 Z0.5445 E0.02133 F1080
G1 X124.2373 Y90.9873 Z0.5443 E0.02133 F1080
G1 X124.6245 Y91.0876 Z0.5441 E0.02133 F1080
G1 X125.0102 Y91.1936 Z0.5439 E0.02133 F1080
G1 X125.3943 Y91.3052 Z0.5438 E0.02133 F1080
G1 X125.7767 Y91.4225 Z0.5436 E0.02133 F1080
G1 X126.1574 Y91.5453 Z0.5434 E0.02133 F1080
G1 X126.5363 Y91.6736 Z0.5432 E0.02133 F1080
G1 X126.9132 Y91.8075 Z0.5430 E0.02133 F1080
G1 X127.2882 Y91.9468 Z0.5429 E0.02133 F1080
G1 X127.6610 Y92.0917 Z0.5427 E0.02133 F1080
G1 X128.0317 Y92.2420 Z0.5425 E0.02133 F1080
G1 X128.4002 Y92.3976 Z0.5423 E0.02133 F1080
G1 X128.7664 Y92.5587 Z0.5421 E0.02133 F1080
G1 X129.1301 Y92.7250 Z0.5419 E0.02133 F1080
G1 X129.4914 Y92.8967 Z0.5418 E0.02133 F1080
G1 X129.8502 Y93.0737 Z0.5416 E0.02133 F1080
G1 X130.2063 Y93.2558 Z0.5414 E0.02133 F1080
G1 X130.5597 Y93.4432 Z0.5412 E0.02133 F1080
G1 X130.9104 Y93.6356 Z0.5410 E0.02133 F1080
G1 X131.2582 Y93.8332 Z0.5409 E0.02133 F1080
G1 X131.6030 Y94.0359 Z0.5407 E0.02133 F1080
G1 X131.9449 Y94.2436 Z0.5405 E0.02133 F1080
G1 X132.2837 Y94.4562 Z0.5403 E0.02133 F1080
G1 X132.6194 Y94.6738 Z0.5401 E0.02133 F1080
G1 X132.9518 Y94.8962 Z0.5400 E0.02133 F1080
G1 X133.2810 Y95.1235 Z0.5398 E0.02133 F1080
G1 X133.6068 Y95.3556 Z0.5396 E0.02133 F1080
G1 X133.9291 Y95.5924 Z0.5394 E0.02133 F1080
G1 X134.2480 Y95.8339 Z0.5392 E0.02133 F1080
G1 X134.5634 Y96.0800 Z0.5391 E0.02133 F1080
G1 X134.8751 Y96.3307 Z0.5389 E0.02133 F1080
G1 X135.1831 Y96.5859 Z0.5387 E0.02133 F1080
G1 X135.4873 Y96.8456 Z0.5385 E0.02133 F1080
G1 X135.7877 Y97.1097 Z0.5383 E0.02133 F1080
G1 X136.0842 Y97.3782 Z0.5382 E0.02133 F1080
G1 X136.3768 Y97.6510 Z0.5380 E0.02133 F1080
G1 X136.6654 Y97.9280 Z0.5378 E0.02133 F1080
G1 X136.9499 Y98.2092 Z0.5376 E0.02133 F1080
G1 X137.2302 Y98.4945 Z0.5374 E0.02133 F1080
G1 X137.5064 Y98.7839 Z0.5373 E0.02133 F1080
G1 X137.7783 Y99.0773 Z0.5371 E0.02133 F1080
G1 X138.0459 Y99.3746 Z0.5369 E0.02133 F1080
G1 X138.3091 Y99.6758 Z0.5367 E0.02133 F1080
G1 X138.5679 Y99.9808 Z0.5365 E0.02133 F1080
G1 X138.8222 Y100.2895 Z0.5364 E0.02133 F1080
G1 X139.0720 Y100.6020 Z0.5362 E0.02133 F1080
G1 X139.3171 Y100.9180 Z0.5360 E0.02133 F1080
G1 X139.5577 Y101.2376 Z0.5358 E0.02133 F1080
G1 X139.7936 Y101.5607 Z0.5356 E0.02133 F1080
G1 X140.0247 Y101.8872 Z0.5355 E0.02133 F1080
G1 X140.2510 Y102.2170 Z0.5353 E0.02133 F1080
G1 X140.4725 Y102.5501 Z0.5351 E0.02133 F1080
G1 X140.6891 Y102.8864 Z0.5349 E0.02133 F1080
G1 X140.9008 Y103.2258 Z0.5347 E0.02133 F1080
G1 X141.1075 Y103.5682 Z0.5346 E0.02133 F1080
G1 X141.3092 Y103.9137 Z0.5344 E0.02133 F1080
G1 X141.5058 Y104.2620 Z0.5342 E0.02133 F1080
G1 X141.6973 Y104.6132 Z0.5340 E0.02133 F1080
G1 X141.8837 Y104.9671 Z0.5338 E0.02133 F1080
G1 X142.0649 Y105.3237 Z0.5337 E0.02133 F1080
G1 X142.2408 Y105.6830 Z0.5335 E0.02133 F1080
G1 X142.4115 Y106.0447 Z0.5333 E0.02133 F1080
G1 X142.5770 Y106.4089 Z0.5331 E0.02133 F1080
G1 X142.7370 Y106.7755 Z0.5330 E0.02133 F1080
G1 X142.8918 Y107.1444 Z0.5328 E0.02133 F1080
G1 X143.0411 Y107.5154 Z0.5326 E0.02133 F1080
G1 X143.1850 Y107.8887 Z0.5324 E0.02133 F1080
G1 X143.3234 Y108.2640 Z0.5322 E0.02133 F1080
G1 X143.4563 Y108.6412 Z0.5321 E0.02133 F1080
G1 X143.5838 Y109.0204 Z0.5319 E0.02133 F1080
G1 X143.7057 Y109.4014 Z0.5317 E0.02133 F1080
G1 X143.8220 Y109.7841 Z0.5315 E0.02133 F1080
G1 X143.9327 Y110.1685 Z0.5314 E0.02133 F1080
G1 X144.0378 Y110.5544 Z0.5312 E0.02133 F1080
G1 X144.1373 Y110.9419 Z0.5310 E0.02133 F1080
G1 X144.2311 Y111.3307 Z0.5308 E0.02133 F1080
G1 X144.3192 Y111.7209 Z0.5306 E0.02133 F1080
G1 X144.4016 Y112.1123 Z0.5305 E0.02133 F1080
G1 X144.4784 Y112.5049 Z0.5303 E0.02133 F1080
G1 X144.5493 Y112.8985 Z0.5301 E0.02133 F1080
G1 X144.6146 Y113.2932 Z0.5299 E0.02133 F1080
G1 X144.6741 Y113.6888 Z0.5298 E0.02133 F1080
G1 X144.7278 Y114.0851 Z0.5296 E0.02133 F1080
G1 X144.7757 Y114.4823 Z0.5294 E0.02133 F1080
G1 X144.8178 Y114.8800 Z0.5292 E0.02133 F1080
G1 X144.8541 Y115.2784 Z0.5290 E0.02133 F1080
G1 X144.8846 Y115.6772 Z0.5289 E0.02133 F1080
G1 X144.9093 Y116.0765 Z0.5287 E0.02133 F1080
G1 X144.9282 Y116.4760 Z0.5285 E0.02133 F1080
G1 X144.9413 Y116.8758 Z0.5283 E0.02133 F1080
G1 X144.9485 Y117.2758 Z0.5282 E0.02133 F1080
G1 X144.9499 Y117.6758 Z0.5280 E0.02133 F1080
G1 X144.9455 Y118.0758 Z0.5278 E0.02133 F1080
G1 X144.9352 Y118.4756 Z0.5276 E0.02133 F1080
G1 X144.9191 Y118.8753 Z0.5275 E0.02133 F1080
G1 X144.8972 Y119.2747 Z0.5273 E0.02133 F1080
G1 X144.8695 Y119.6738 Z0.5271 E0.02133 F1080
G1 X144.8360 Y120.0724 Z0.5269 E0.02133 F1080
G1 X144.7966 Y120.4704 Z0.5268 E0.02133 F1080
G1 X144.7515 Y120.8679 Z0.5266 E0.02133 F1080
G1 X144.7006 Y121.2646 Z0.5264 E0.02133 F1080
G1 X144.6439 Y121.6606 Z0.5262 E0.02133 F1080
G1 X144.5814 Y122.0557 Z0.5260 E0.02133 F1080
G1 X144.5132 Y122.4498 Z0.5259 E0.02133 F1080
G1 X144.4393 Y122.8430 Z0.5257 E0.02133 F1080
G1 X144.3596 Y123.2350 Z0.5255 E0.02133 F1080
G1 X144.2743 Y123.6257 Z0.5253 E0.02133 F1080
G1 X144.1833 Y124.0153 Z0.5252 E0.02133 F1080
G1 X144.0866 Y124.4034 Z0.5250 E0.02133 F1080
G1 X143.9842 Y124.7901 Z0.5248 E0.02133 F1080
G1 X143.8763 Y125.1752 Z0.5246 E0.02133 F1080
G1 X143.7627 Y125.5588 Z0.5245 E0.02133 F1080
G1 X143.6436 Y125.9407 Z0.5243 E0.02133 F1080
G1 X143.5189 Y126.3207 Z0.5241 E0.02133 F1080
G1 X143.3887 Y126.6990 Z0.5239 E0.02133 F1080
G1 X143.2530 Y127.0752 Z0.5238 E0.02133 F1080
G1 X143.1119 Y127.4495 Z0.5236 E0.02133 F1080
G1 X142.9653 Y127.8217 Z0.5234 E0.02133 F1080
G1 X142.8133 Y128.1917 Z0.5232 E0.02133 F1080
G1 X142.6559 Y128.5595 Z0.5231 E0.02133 F1080
G1 X142.4932 Y128.9249 Z0.5229 E0.02133 F1080
G1 X142.3252 Y129.2879 Z0.5227 E0.02133 F1080
G1 X142.1520 Y129.6484 Z0.5225 E0.02133 F1080
G1 X141.9735 Y130.0064 Z0.5224 E0.02133 F1080
G1 X141.7898 Y130.3617 Z0.5222 E0.02133 F1080
G1 X141.6010 Y130.7144 Z0.5220 E0.02133 F1080
G1 X141.4070 Y131.0642 Z0.5218 E0.02133 F1080
G1 X141.2080 Y131.4112 Z0.5217 E0.02133 F1080
G1 X141.0040 Y131.7552 Z0.5215 E0.02133 F1080
G1 X140.7949 Y132.0963 Z0.5213 E0.02133 F1080
G1 X140.5810 Y132.4342 Z0.5211 E0.02133 F1080
G1 X140.3621 Y132.7691 Z0.5210 E0.02133 F1080
G1 X140.1384 Y133.1007 Z0.5208 E0.02133 F1080
G1 X139.9099 Y133.4290 Z0.5206 E0.02133 F1080
G1 X139.6766 Y133.7539 Z0.5205 E0.02133 F1080
G1 X139.4386 Y134.0754 Z0.5203 E0.02133 F1080
G1 X139.1960 Y134.3935 Z0.5201 E0.02133 F1080
G1 X138.9488 Y134.7079 Z0.5199 E0.02133 F1080
G1 X138.6970 Y135.0188 Z0.5198 E0.02133 F1080
G1 X138.4408 Y135.3259 Z0.5196 E0.02133 F1080
G1 X138.1801 Y135.6293 Z0.5194 E0.02133 F1080
G1 X137.9150 Y135.9288 Z0.5192 E0.02133 F1080
G1 X137.6455 Y136.2245 Z0.5191 E0.02133 F1080
G1 X137.3719 Y136.5162 Z0.5189 E0.02133 F1080
G1 X137.0940 Y136.8039 Z0.5187 E0.02133 F1080
G1 X136.8119 Y137.0876 Z0.5185 E0.02133 F1080
G1 X136.5257 Y137.3671 Z0.5184 E0.02133 F1080
G1 X136.2356 Y137.6424 Z0.5182 E0.02133 F1080
G1 X135.9414 Y137.9134 Z0.5180 E0.02133 F1080
G1 X135.6433 Y138.1802 Z0.5179 E0.02133 F1080
G1 X135.3414 Y138.4426 Z0.5177 E0.02133 F1080
G1 X135.0357 Y138.7006 Z0.5175 E0.02133 F1080
G1 X134.7263 Y138.9541 Z0.5173 E0.02133 F1080
G1 X134.4132 Y139.2031 Z0.5172 E0.02133 F1080
G1 X134.0966 Y139.4475 Z0.5170 E0.02133 F1080
G1 X133.7764 Y139.6872 Z0.5168 E0.02133 F1080
G1 X133.4528 Y139.9223 Z0.5166 E0.02133 F1080
G1 X133.1258 Y140.1527 Z0.5165 E0.02133 F1080
G1 X132.7954 Y140.3783 Z0.5163 E0.02133 F1080
G1 X132.4619 Y140.5990 Z0.5161 E0.02133 F1080
G1 X132.1251 Y140.8149 Z0.5160 E0.02133 F1080
G1 X131.7853 Y141.0259 Z0.5158 E0.02133 F1080
G1 X131.4424 Y141.2319 Z0.5156 E0.02133 F1080
G1 X131.0966 Y141.4329 Z0.5154 E0.02133 F1080
G1 X130.7479 Y141.6289 Z0.5153 E0.02133 F1080
G1 X130.3963 Y141.8198 Z0.5151 E0.02133 F1080
G1 X130.0421 Y142.0055 Z0.5149 E0.02133 F1080
G1 X129.6852 Y142.1861 Z0.5148 E0.02133 F1080
G1 X129.3257 Y142.3615 Z0.5146 E0.02133 F1080
G1 X128.9636 Y142.5316 Z0.5144 E0.02133 F1080
G1 X128.5992 Y142.6965 Z0.5142 E0.02133 F1080
G1 X128.2324 Y142.8560 Z0.5141 E0.02133 F1080
G1 X127.8633 Y143.0102 Z0.5139 E0.02133 F1080
G1 X127.4920 Y143.1590 Z0.5137 E0.02133 F1080
G1 X127.1186 Y143.3024 Z0.5136 E0.02133 F1080
G1 X126.7431 Y143.4404 Z0.5134 E0.02133 F1080
G1 X126.3657 Y143.5729 Z0.5132 E0.02133 F1080
G1 X125.9864 Y143.6999 Z0.5130 E0.02133 F1080
G1 X125.6053 Y143.8214 Z0.5129 E0.02133 F1080
G1 X125.2224 Y143.9374 Z0.5127 E0.02133 F1080
G1 X124.8380 Y144.0477 Z0.5125 E0.02133 F1080
G1 X124.4519 Y144.1525 Z0.5124 E0.02133 F1080
G1 X124.0644 Y144.2516 Z0.5122 E0.02133 F1080
G1 X123.6755 Y144.3452 Z0.5120 E0.02133 F1080
G1 X123.2852 Y144.4330 Z0.5118 E0.02133 F1080
G1 X122.8938 Y144.5152 Z0.5117 E0.02133 F1080
G1 X122.5011 Y144.5917 Z0.5115 E0.02133 F1080
G1 X122.1075 Y144.6625 Z0.5113 E0.02133 F1080
G1 X121.7128 Y144.7275 Z0.5112 E0.02133 F1080
G1 X121.3172 Y144.7868 Z0.5110 E0.02133 F1080
G1 X120.9208 Y144.8404 Z0.5108 E0.02133 F1080
G1 X120.5237 Y144.8882 Z0.5106 E0.02133 F1080
G1 X120.1259 Y144.9303 Z0.5105 E0.02133 F1080
G1 X119.7275 Y144.9665 Z0.5103 E0.02133 F1080
G1 X119.3287 Y144.9970 Z0.5101 E0.02133 F1080
G1 X118.9294 Y145.0217 Z0.5100 E0.02133 F1080
G1 X118.5299 Y145.0406 Z0.5098 E0.02133 F1080
G1 X118.1301 Y145.0537 Z0.5096 E0.02133 F1080
G1 X117.7301 Y145.0609 Z0.5095 E0.02133 F1080
G1 X117.3301 Y145.0624 Z0.5093 E0.02133 F1080
G1 X116.9301 Y145.0581 Z0.5091 E0.02133 F1080
G1 X116.5303 Y145.0480 Z0.5089 E0.02133 F1080
G1 X116.1306 Y145.0320 Z0.5088 E0.02133 F1080
G1 X115.7312 Y145.0103 Z0.5086 E0.02133 F1080
G1 X115.3321 Y144.9828 Z0.5084 E0.02133 F1080
G1 X114.9335 Y144.9495 Z0.5083 E0.02133 F1080
G1 X114.5354 Y144.9104 Z0.5081 E0.02133 F1080
G1 X114.1379 Y144.8655 Z0.5079 E0.02133 F1080
G1 X113.7411 Y144.8149 Z0.5078 E0.02133 F1080
G1 X113.3451 Y144.7585 Z0.5076 E0.02133 F1080
G1 X112.9500 Y144.6964 Z0.5074 E0.02133 F1080
G1 X112.5558 Y144.6285 Z0.5073 E0.02133 F1080
G1 X112.1626 Y144.5550 Z0.5071 E0.02133 F1080
G1 X111.7705 Y144.4757 Z0.5069 E0.02133 F1080
G1 X111.3796 Y144.3908 Z0.5067 E0.02133 F1080
G1 X110.9900 Y144.3002 Z0.5066 E0.02133 F1080
G1 X110.6017 Y144.2040 Z0.5064 E0.02133 F1080
G1 X110.2149 Y144.1022 Z0.5062 E0.02133 F1080
G1 X109.8296 Y143.9947 Z0.5061 E0.02133 F1080
G1 X109.4459 Y143.8817 Z0.5059 E0.02133 F1080
G1 X109.0639 Y143.7631 Z0.5057 E0.02133 F1080
G1 X108.6836 Y143.6390 Z0.5056 E0.02133 F1080
G1 X108.3052 Y143.5094 Z0.5054 E0.02133 F1080
G1 X107.9287 Y143.3743 Z0.5052 E0.02133 F1080
G1 X107.5542 Y143.2338 Z0.5051 E0.02133 F1080
G1 X107.1817 Y143.0879 Z0.5049 E0.02133 F1080
G1 X106.8115 Y142.9365 Z0.5047 E0.02133 F1080
G1 X106.4434 Y142.7799 Z0.5046 E0.02133 F1080
G1 X106.0777 Y142.6179 Z0.5044 E0.02133 F1080
G1 X105.7143 Y142.4506 Z0.5042 E0.02133 F1080
G1 X105.3534 Y142.2781 Z0.5041 E0.02133 F1080
G1 X104.9951 Y142.1003 Z0.5039 E0.02133 F1080
G1 X104.6394 Y141.9174 Z0.5037 E0.02133 F1080
G1 X104.2863 Y141.7294 Z0.5036 E0.02133 F1080
G1 X103.9360 Y141.5362 Z0.5034 E0.02133 F1080
G1 X103.5886 Y141.3380 Z0.5032 E0.02133 F1080
G1 X103.2440 Y141.1348 Z0.5031 E0.02133 F1080
G1 X102.9025 Y140.9266 Z0.5029 E0.02133 F1080
G1 X102.5640 Y140.7135 Z0.5027 E0.02133 F1080
G1 X102.2286 Y140.4955 Z0.5026 E0.02133 F1080
G1 X101.8964 Y140.2726 Z0.5024 E0.02133 F1080
G1 X101.5675 Y140.0450 Z0.5022 E0.02133 F1080
G1 X101.2419 Y139.8126 Z0.5020 E0.02133 F1080
G1 X100.9197 Y139.5756 Z0.5019 E0.02133 F1080
G1 X100.6010 Y139.3339 Z0.5017 E0.02133 F1080
G1 X100.2858 Y139.0876 Z0.5015 E0.02133 F1080
G1 X99.9742 Y138.8367 Z0.5014 E0.02133 F1080
G1 X99.6663 Y138.5814 Z0.5012 E0.02133 F1080
G1 X99.3621 Y138.3216 Z0.5010 E0.02133 F1080
G1 X99.0617 Y138.0575 Z0.5009 E0.02133 F1080
G1 X98.7652 Y137.7890 Z0.5007 E0.02133 F1080
G1 X98.4726 Y137.5163 Z0.5005 E0.02133 F1080
G1 X98.1840 Y137.2394 Z0.5004 E0.02133 F1080
G1 X97.8994 Y136.9583 Z0.5002 E0.02133 F1080
G1 X97.6189 Y136.6731 Z0.5001 E0.02133 F1080
G1 X97.3425 Y136.3839 Z0.4999 E0.02133 F1080
G1 X97.0704 Y136.0907 Z0.4997 E0.02133 F1080
G1 X96.8026 Y135.7936 Z0.4996 E0.02133 F1080
G1 X96.5391 Y135.4927 Z0.4994 E0.02133 F1080
G1 X96.2800 Y135.1879 Z0.4992 E0.02133 F1080
G1 X96.0253 Y134.8795 Z0.4991 E0.02133 F1080
G1 X95.7751 Y134.5674 Z0.4989 E0.02133 F1080
G1 X95.5294 Y134.2517 Z0.4987 E0.02133 F1080
G1 X95.2884 Y133.9325 Z0.4986 E0.02133 F1080
G1 X95.0520 Y133.6098 Z0.4984 E0.02133 F1080
G1 X94.8203 Y133.2837 Z0.4982 E0.02133 F1080
G1 X94.5933 Y132.9544 Z0.4981 E0.02133 F1080
G1 X94.3711 Y132.6217 Z0.4979 E0.02133 F1080
G1 X94.1538 Y132.2859 Z0.4977 E0.02133 F1080
G1 X93.9413 Y131.9470 Z0.4976 E0.02133 F1080
G1 X93.7338 Y131.6050 Z0.4974 E0.02133 F1080
G1 X93.5313 Y131.2601 Z0.4972 E0.02133 F1080
G1 X93.3337 Y130.9123 Z0.4971 E0.02133 F1080
G1 X93.1412 Y130.5616 Z0.4969 E0.02133 F1080
G1 X92.9538 Y130.2082 Z0.4967 E0.02133 F1080
G1 X92.7716 Y129.8522 Z0.4966 E0.02133 F1080
G1 X92.5945 Y129.4935 Z0.4964 E0.02133 F1080
G1 X92.4226 Y129.1323 Z0.4962 E0.02133 F1080
G1 X92.2560 Y128.7687 Z0.4961 E0.02133 F1080
G1 X92.0946 Y128.4026 Z0.4959 E0.02133 F1080
G1 X91.9386 Y128.0343 Z0.4958 E0.02133 F1080
G1 X91.7879 Y127.6638 Z0.4956 E0.02133 F1080
G1 X91.6426 Y127.2911 Z0.4954 E0.02133 F1080
G1 X91.5027 Y126.9164 Z0.4953 E0.02133 F1080
G1 X91.3682 Y126.5396 Z0.4951 E0.02133 F1080
G1 X91.2392 Y126.1610 Z0.4949 E0.02133 F1080
G1 X91.1157 Y125.7806 Z0.4948 E0.02133 F1080
G1 X90.9977 Y125.3984 Z0.4946 E0.02133 F1080
G1 X90.8852 Y125.0145 Z0.4944 E0.02133 F1080
G1 X90.7783 Y124.6290 Z0.4943 E0.02133 F1080
G1 X90.6770 Y124.2421 Z0.4941 E0.02133 F1080
G1 X90.5813 Y123.8537 Z0.4939 E0.02133 F1080
G1 X90.4912 Y123.4640 Z0.4938 E0.02133 F1080
G1 X90.4068 Y123.0730 Z0.4936 E0.02133 F1080
G1 X90.3280 Y122.6808 Z0.4935 E0.02133 F1080
G1 X90.2549 Y122.2875 Z0.4933 E0.02133 F1080
G1 X90.1875 Y121.8932 Z0.4931 E0.02133 F1080
G1 X90.1258 Y121.4980 Z0.4930 E0.02133 F1080
G1 X90.0698 Y121.1019 Z0.4928 E0.02133 F1080
G1 X90.0196 Y120.7051 Z0.4926 E0.02133 F1080
G1 X89.9751 Y120.3076 Z0.4925 E0.02133 F1080
G1 X89.9364 Y119.9095 Z0.4923 E0.02133 F1080
G1 X89.9034 Y119.5108 Z0.4921 E0.02133 F1080
G1 X89.8762 Y119.1117 Z0.4920 E0.02133 F1080
G1 X89.8547 Y118.7123 Z0.4918 E0.02133 F1080
G1 X89.8390 Y118.3126 Z0.4917 E0.02133 F1080
G1 X89.8291 Y117.9127 Z0.4915 E0.02133 F1080
G1 X89.8250 Y117.5127 Z0.4913 E0.02133 F1080
G1 X89.8267 Y117.1127 Z0.4912 E0.02133 F1080
G1 X89.8342 Y116.7128 Z0.4910 E0.02133 F1080
G1 X89.8474 Y116.3130 Z0.4908 E0.02133 F1080
G1 X89.8664 Y115.9135 Z0.4907 E0.02133 F1080
G1 X89.8912 Y115.5142 Z0.4905 E0.02133 F1080
G1 X89.9217 Y115.1154 Z0.4904 E0.02133 F1080
G1 X89.9580 Y114.7170 Z0.4902 E0.02133 F1080
G1 X90.0001 Y114.3192 Z0.4900 E0.02133 F1080
G1 X90.0479 Y113.9221 Z0.4899 E0.02133 F1080
G1 X90.1014 Y113.5257 Z0.4897 E0.02133 F1080
G1 X90.1607 Y113.1301 Z0.4895 E0.02133 F1080
G1 X90.2257 Y112.7354 Z0.4894 E0.02133 F1080
G1 X90.2963 Y112.3417 Z0.4892 E0.02133 F1080
G1 X90.3727 Y111.9491 Z0.4891 E0.02133 F1080
G1 X90.4547 Y111.5575 Z0.4889 E0.02133 F1080
G1 X90.5423 Y111.1673 Z0.4887 E0.02133 F1080
G1 X90.6356 Y110.7783 Z0.4886 E0.02133 F1080
G1 X90.7345 Y110.3907 Z0.4884 E0.02133 F1080
G1 X90.8390 Y110.0046 Z0.4883 E0.02133 F1080
G1 X90.9490 Y109.6200 Z0.4881 E0.02133 F1080
G1 X91.0646 Y109.2371 Z0.4879 E0.02133 F1080
G1 X91.1857 Y108.8558 Z0.4878 E0.02133 F1080
G1 X91.3123 Y108.4764 Z0.4876 E0.02133 F1080
G1 X91.4444 Y108.0988 Z0.4874 E0.02133 F1080
G1 X91.5819 Y107.7232 Z0.4873 E0.02133 F1080
G1 X91.7248 Y107.3496 Z0.4871 E0.02133 F1080
G1 X91.8731 Y106.9781 Z0.4870 E0.02133 F1080
G1 X92.0267 Y106.6088 Z0.4868 E0.02133 F1080
G1 X92.1857 Y106.2417 Z0.4866 E0.02133 F1080
G1 X92.3499 Y105.8770 Z0.4865 E0.02133 F1080
G1 X92.5194 Y105.5146 Z0.4863 E0.02133 F1080
G1 X92.6941 Y105.1548 Z0.4862 E0.02133 F1080
G1 X92.8740 Y104.7975 Z0.4860 E0.02133 F1080
G1 X93.0590 Y104.4429 Z0.4858 E0.02133 F1080
G1 X93.2491 Y104.0909 Z0.4857 E0.02133 F1080
G1 X93.4443 Y103.7418 Z0.4855 E0.02133 F1080
G1 X93.6445 Y103.3955 Z0.4854 E0.02133 F1080
G1 X93.8496 Y103.0521 Z0.4852 E0.02133 F1080
G1 X94.0598 Y102.7117 Z0.4850 E0.02133 F1080
G1 X94.2748 Y102.3744 Z0.4849 E0.02133 F1080
G1 X94.4946 Y102.0402 Z0.4847 E0.02133 F1080
G1 X94.7192 Y101.7093 Z0.4846 E0.02133 F1080
G1 X94.9486 Y101.3816 Z0.4844 E0.02133 F1080
G1 X95.1827 Y101.0572 Z0.4842 E0.02133 F1080
G1 X95.4215 Y100.7363 Z0.4841 E0.02133 F1080
G1 X95.6649 Y100.4188 Z0.4839 E0.02133 F1080
G1 X95.9128 Y100.1049 Z0.4838 E0.02133 F1080
G1 X96.1652 Y99.7946 Z0.4836 E0.02133 F1080
G1 X96.4221 Y99.4880 Z0.4834 E0.02133 F1080
G1 X96.6833 Y99.1851 Z0.4833 E0.02133 F1080
G1 X96.9490 Y98.8860 Z0.4831 E0.02133 F1080
G1 X97.2189 Y98.5908 Z0.4830 E0.02133 F1080
G1 X97.4930 Y98.2995 Z0.4828 E0.02133 F1080
G1 X97.7713 Y98.0122 Z0.4826 E0.02133 F1080
G1 X98.0537 Y97.7289 Z0.4825 E0.02133 F1080
G1 X98.3402 Y97.4497 Z0.4823 E0.02133 F1080
G1 X98.6307 Y97.1747 Z0.4822 E0.02133 F1080
G1 X98.9251 Y96.9039 Z0.4820 E0.02133 F1080
G1 X99.2233 Y96.6374 Z0.4818 E0.02133 F1080
G1 X99.5254 Y96.3752 Z0.4817 E0.02133 F1080
G1 X99.8313 Y96.1174 Z0.4815 E0.02133 F1080
G1 X100.1408 Y95.8640 Z0.4814 E0.02133 F1080
G1 X100.4540 Y95.6152 Z0.4812 E0.02133 F1080
G1 X100.7707 Y95.3708 Z0.4811 E0.02133 F1080
G1 X101.0909 Y95.1311 Z0.4809 E0.02133 F1080
G1 X101.4145 Y94.8960 Z0.4807 E0.02133 F1080
G1 X101.7415 Y94.6656 Z0.4806 E0.02133 F1080
G1 X102.0717 Y94.4399 Z0.4804 E0.02133 F1080
G1 X102.4052 Y94.2190 Z0.4803 E0.02133 F1080
G1 X102.7419 Y94.0029 Z0.4801 E0.02133 F1080
G1 X103.0816 Y93.7918 Z0.4799 E0.02133 F1080
G1 X103.4243 Y93.5855 Z0.4798 E0.02133 F1080
G1 X103.7700 Y93.3842 Z0.4796 E0.02133 F1080
G1 X104.1185 Y93.1879 Z0.4795 E0.02133 F1080
G1 X104.4698 Y92.9966 Z0.4793 E0.02133 F1080
G1 X104.8238 Y92.8105 Z0.4792 E0.02133 F1080
G1 X105.1805 Y92.6294 Z0.4790 E0.02133 F1080
G1 X105.5398 Y92.4535 Z0.4788 E0.02133 F1080
G1 X105.9015 Y92.2828 Z0.4787 E0.02133 F1080
G1 X106.2657 Y92.1174 Z0.4785 E0.02133 F1080
G1 X106.6322 Y91.9572 Z0.4784 E0.02133 F1080
G1 X107.0010 Y91.8023 Z0.4782 E0.02133 F1080
G1 X107.3720 Y91.6527 Z0.4781 E0.02133 F1080
G1 X107.7451 Y91.5085 Z0.4779 E0.02133 F1080
G1 X108.1203 Y91.3697 Z0.4777 E0.02133 F1080
G1 X108.4974 Y91.2363 Z0.4776 E0.02133 F1080
G1 X108.8764 Y91.1083 Z0.4774 E0.02133 F1080
G1 X109.2572 Y90.9858 Z0.4773 E0.02133 F1080
G1 X109.6397 Y90.8688 Z0.4771 E0.02133 F1080
G1 X110.0238 Y90.7574 Z0.4770 E0.02133 F1080
G1 X110.4096 Y90.6515 Z0.4768 E0.02133 F1080
G1 X110.7968 Y90.5511 Z0.4766 E0.02133 F1080
G1 X111.1854 Y90.4564 Z0.4765 E0.02133 F1080
G1 X111.5754 Y90.3672 Z0.4763 E0.02133 F1080
G1 X111.9665 Y90.2837 Z0.4762 E0.02133 F1080
G1 X112.3589 Y90.2058 Z0.4760 E0.02133 F1080
G1 X112.7523 Y90.1336 Z0.4759 E0.02133 F1080
G1 X113.1467 Y90.0670 Z0.4757 E0.02133 F1080
G1 X113.5421 Y90.0062 Z0.4755 E0.02133 F1080
G1 X113.9383 Y89.9510 Z0.4754 E0.02133 F1080
G1 X114.3352 Y89.9015 Z0.4752 E0.02133 F1080
G1 X114.7328 Y89.8578 Z0.4751 E0.02133 F1080
G1 X115.1310 Y89.8198 Z0.4749 E0.02133 F1080
G1 X115.5297 Y89.7875 Z0.4748 E0.02133 F1080
G1 X115.9288 Y89.7610 Z0.4746 E0.02133 F1080
G1 X116.3283 Y89.7402 Z0.4745 E0.02133 F1080
G1 X116.7280 Y89.7252 Z0.4743 E0.02133 F1080
G1 X117.1279 Y89.7160 Z0.4741 E0.02133 F1080
G1 X117.5279 Y89.7124 Z0.4740 E0.02133 F1080
G1 X117.9279 Y89.7147 Z0.4738 E0.02133 F1080
G1 X118.3278 Y89.7227 Z0.4737 E0.02133 F1080
G1 X118.7276 Y89.7365 Z0.4735 E0.02133 F1080
G1 X119.1271 Y89.7560 Z0.4734 E0.02133 F1080
G1 X119.5264 Y89.7812 Z0.4732 E0.02133 F1080
G1 X119.9252 Y89.8122 Z0.4731 E0.02133 F1080
G1 X120.3235 Y89.8490 Z0.4729 E0.02133 F1080
G1 X120.7212 Y89.8915 Z0.4727 E0.02133 F1080
G1 X121.1183 Y89.9397 Z0.4726 E0.02133 F1080
G1 X121.5147 Y89.9936 Z0.4724 E0.02133 F1080
G1 X121.9102 Y90.0532 Z0.4723 E0.02133 F1080
G1 X122.3048 Y90.1184 Z0.4721 E0.02133 F1080
G1 X122.6985 Y90.1894 Z0.4720 E0.02133 F1080
G1 X123.0911 Y90.2660 Z0.4718 E0.02133 F1080
G1 X123.4826 Y90.3482 Z0.4717 E0.02133 F1080
G1 X123.8728 Y90.4361 Z0.4715 E0.02133 F1080
G1 X124.2617 Y90.5296 Z0.4714 E0.02133 F1080
G1 X124.6493 Y90.6287 Z0.4712 E0.02133 F1080
G1 X125.0353 Y90.7333 Z0.4710 E0.02133 F1080
G1 X125.4199 Y90.8435 Z0.4709 E0.02133 F1080
G1 X125.8028 Y90.9592 Z0.4707 E0.02133 F1080
G1 X126.1840 Y91.0804 Z0.4706 E0.02133 F1080
G1 X126.5634 Y91.2070 Z0.4704 E0.02133 F1080
G1 X126.9410 Y91.3391 Z0.4703 E0.02133 F1080
G1 X127.3166 Y91.4766 Z0.4701 E0.02133 F1080
G1 X127.6902 Y91.6195 Z0.4700 E0.02133 F1080
G1 X128.0617 Y91.7678 Z0.4698 E0.02133 F1080
G1 X128.4311 Y91.9214 Z0.4697 E0.02133 F1080
G1 X128.7982 Y92.0803 Z0.4695 E0.02133 F1080
G1 X129.1629 Y92.2444 Z0.4693 E0.02133 F1080
G1 X129.5253 Y92.4138 Z0.4692 E0.02133 F1080
G1 X129.8852 Y92.5884 Z0.4690 E0.02133 F1080
G1 X130.2426 Y92.7681 Z0.4689 E0.02133 F1080
G1 X130.5973 Y92.9529 Z0.4687 E0.02133 F1080
G1 X130.9493 Y93.1429 Z0.4686 E0.02133 F1080
G1 X131.2986 Y93.3378 Z0.4684 E0.02133 F1080
G1 X131.6451 Y93.5378 Z0.4683 E0.02133 F1080
G1 X131.9886 Y93.7427 Z0.4681 E0.02133 F1080
G1 X132.3291 Y93.9526 Z0.4680 E0.02133 F1080
G1 X132.6666 Y94.1673 Z0.4678 E0.02133 F1080
G1 X133.0010 Y94.3868 Z0.4677 E0.02133 F1080
G1 X133.3322 Y94.6112 Z0.4675 E0.02133 F1080
G1 X133.6601 Y94.8402 Z0.4674 E0.02133 F1080
G1 X133.9847 Y95.0740 Z0.4672 E0.02133 F1080
G1 X134.3059 Y95.3124 Z0.4671 E0.02133 F1080
G1 X134.6236 Y95.5554 Z0.4669 E0.02133 F1080
G1 X134.9378 Y95.8029 Z0.4667 E0.02133 F1080
G1 X135.2485 Y96.0549 Z0.4666 E0.02133 F1080
G1 X135.5554 Y96.3114 Z0.4664 E0.02133 F1080
G1 X135.8587 Y96.5722 Z0.4663 E0.02133 F1080
G1 X136.1582 Y96.8374 Z0.4661 E0.02133 F1080
G1 X136.4538 Y97.1068 Z0.4660 E0.02133 F1080
G1 X136.7456 Y97.3805 Z0.4658 E0.02133 F1080
G1 X137.0333 Y97.6583 Z0.4657 E0.02133 F1080
G1 X137.3171 Y97.9403 Z0.4655 E0.02133 F1080
G1 X137.5968 Y98.2263 Z0.4654 E0.02133 F1080
G1 X137.8723 Y98.5162 Z0.4652 E0.02133 F1080
G1 X138.1437 Y98.8101 Z0.4651 E0.02133 F1080
G1 X138.4108 Y99.1079 Z0.4649 E0.02133 F1080
G1 X138.6735 Y99.4095 Z0.4648 E0.02133 F1080
G1 X138.9320 Y99.7148 Z0.4646 E0.02133 F1080
G1 X139.1860 Y100.0238 Z0.4645 E0.02133 F1080
G1 X139.4356 Y100.3364 Z0.4643 E0.02133 F1080
G1 X139.6806 Y100.6525 Z0.4642 E0.02133 F1080
G1 X139.9211 Y100.9722 Z0.4640 E0.02133 F1080
G1 X140.1569 Y101.2953 Z0.4639 E0.02133 F1080
G1 X140.3881 Y101.6217 Z0.4637 E0.02133 F1080
G1 X140.6146 Y101.9514 Z0.4636 E0.02133 F1080
G1 X140.8364 Y102.2843 Z0.4634 E0.02133 F1080
G1 X141.0533 Y102.6204 Z0.4633 E0.02133 F1080
G1 X141.2654 Y102.9595 Z0.4631 E0.02133 F1080
G1 X141.4725 Y103.3017 Z0.4630 E0.02133 F1080
G1 X141.6748 Y103.6468 Z0.4628 E0.02133 F1080
G1 X141.8721 Y103.9948 Z0.4627 E0.02133 F1080
G1 X142.0643 Y104.3456 Z0.4625 E0.02133 F1080
G1 X142.2516 Y104.6990 Z0.4624 E0.02133 F1080
G1 X142.4337 Y105.0552 Z0.4622 E0.02133 F1080
G1 X142.6107 Y105.4139 Z0.4621 E0.02133 F1080
G1 X142.7825 Y105.7751 Z0.4619 E0.02133 F1080
G1 X142.9491 Y106.1388 Z0.4618 E0.02133 F1080
G1 X143.1105 Y106.5048 Z0.4616 E0.02133 F1080
G1 X143.2666 Y106.8731 Z0.4615 E0.02133 F1080
G1 X143.4174 Y107.2436 Z0.4613 E0.02133 F1080
G1 X143.5629 Y107.6162 Z0.4612 E0.02133 F1080
G1 X143.7030 Y107.9909 Z0.4610 E0.02133 F1080
G1 X143.8377 Y108.3675 Z0.4609 E0.02133 F1080
G1 X143.9670 Y108.7460 Z0.4607 E0.02133 F1080
G1 X144.0909 Y109.1264 Z0.4606 E0.02133 F1080
G1 X144.2092 Y109.5084 Z0.4604 E0.02133 F1080
G1 X144.3221 Y109.8922 Z0.4603 E0.02133 F1080
G1 X144.4295 Y110.2775 Z0.4601 E0.02133 F1080
G1 X144.5314 Y110.6643 Z0.4600 E0.02133 F1080
G1 X144.6276 Y111.0526 Z0.4598 E0.02133 F1080
G1 X144.7183 Y111.4422 Z0.4597 E0.02133 F1080
G1 X144.8034 Y111.8330 Z0.4595 E0.02133 F1080
G1 X144.8829 Y112.2250 Z0.4594 E0.02133 F1080
G1 X144.9568 Y112.6182 Z0.4592 E0.02133 F1080
G1 X145.0250 Y113.0123 Z0.4591 E0.02133 F1080
G1 X145.0875 Y113.4074 Z0.4589 E0.02133 F1080
G1 X145.1444 Y113.8033 Z0.4588 E0.02133 F1080
G1 X145.1956 Y114.2001 Z0.4586 E0.02133 F1080
G1 X145.2411 Y114.5975 Z0.4585 E0.02133 F1080
G1 X145.2809 Y114.9955 Z0.4583 E0.02133 F1080
G1 X145.3150 Y115.3940 Z0.4582 E0.02133 F1080
G1 X145.3433 Y115.7930 Z0.4580 E0.02133 F1080
G1 X145.3660 Y116.1924 Z0.4579 E0.02133 F1080
G1 X145.3829 Y116.5921 Z0.4577 E0.02133 F1080
G1 X145.3941 Y116.9919 Z0.4576 E0.02133 F1080
G1 X145.3995 Y117.3919 Z0.4574 E0.02133 F1080
G1 X145.3992 Y117.7919 Z0.4573 E0.02133 F1080
G1 X145.3932 Y118.1918 Z0.4571 E0.02133 F1080
G1 X145.3814 Y118.5917 Z0.4570 E0.02133 F1080
G1 X145.3640 Y118.9913 Z0.4568 E0.02133 F1080
G1 X145.3407 Y119.3906 Z0.4567 E0.02133 F1080
G1 X145.3118 Y119.7896 Z0.4565 E0.02133 F1080
G1 X145.2771 Y120.1881 Z0.4564 E0.02133 F1080
G1 X145.2368 Y120.5860 Z0.4562 E0.02133 F1080
G1 X145.1907 Y120.9834 Z0.4561 E0.02133 F1080
G1 X145.1390 Y121.3800 Z0.4559 E0.02133 F1080
G1 X145.0815 Y121.7759 Z0.4558 E0.02133 F1080
G1 X145.0184 Y122.1709 Z0.4556 E0.02133 F1080
G1 X144.9497 Y122.5649 Z0.4555 E0.02133 F1080
G1 X144.8753 Y122.9580 Z0.4554 E0.02133 F1080
G1 X144.7953 Y123.3499 Z0.4552 E0.02133 F1080
G1 X144.7097 Y123.7406 Z0.4551 E0.02133 F1080
G1 X144.6185 Y124.1301 Z0.4549 E0.02133 F1080
G1 X144.5217 Y124.5182 Z0.4548 E0.02133 F1080
G1 X144.4193 Y124.9049 Z0.4546 E0.02133 F1080
G1 X144.3115 Y125.2901 Z0.4545 E0.02133 F1080
G1 X144.1981 Y125.6737 Z0.4543 E0.02133 F1080
G1 X144.0792 Y126.0556 Z0.4542 E0.02133 F1080
G1 X143.9549 Y126.4358 Z0.4540 E0.02133 F1080
G1 X143.8252 Y126.8142 Z0.4539 E0.02133 F1080
G1 X143.6900 Y127.1907 Z0.4537 E0.02133 F1080
G1 X143.5495 Y127.5652 Z0.4536 E0.02133 F1080
G1 X143.4036 Y127.9376 Z0.4534 E0.02133 F1080
G1 X143.2524 Y128.3080 Z0.4533 E0.02133 F1080
G1 X143.0959 Y128.6761 Z0.4532 E0.02133 F1080
G1 X142.9342 Y129.0419 Z0.4530 E0.02133 F1080
G1 X142.7672 Y129.4054 Z0.4529 E0.02133 F1080
G1 X142.5950 Y129.7665 Z0.4527 E0.02133 F1080
G1 X142.4177 Y130.1251 Z0.4526 E0.02133 F1080
G1 X142.2353 Y130.4810 Z0.4524 E0.02133 F1080
G1 X142.0478 Y130.8344 Z0.4523 E0.02133 F1080
G1 X141.8553 Y131.1850 Z0.4521 E0.02133 F1080
G1 X141.6577 Y131.5328 Z0.4520 E0.02133 F1080
G1 X141.4552 Y131.8778 Z0.4518 E0.02133 F1080
G1 X141.2478 Y132.2198 Z0.4517 E0.02133 F1080
G1 X141.0355 Y132.5588 Z0.4515 E0.02133 F1080
G1 X140.8183 Y132.8948 Z0.4514 E0.02133 F1080
G1 X140.5964 Y133.2276 Z0.4513 E0.02133 F1080
G1 X140.3698 Y133.5571 Z0.4511 E0.02133 F1080
G1 X140.1384 Y133.8835 Z0.4510 E0.02133 F1080
G1 X139.9024 Y134.2064 Z0.4508 E0.02133 F1080
G1 X139.6618 Y134.5260 Z0.4507 E0.02133 F1080
G1 X139.4167 Y134.8421 Z0.4505 E0.02133 F1080
G1 X139.1670 Y135.1546 Z0.4504 E0.02133 F1080
G1 X138.9129 Y135.4635 Z0.4502 E0.02133 F1080
G1 X138.6544 Y135.7688 Z0.4501 E0.02133 F1080
G1 X138.3916 Y136.0703 Z0.4499 E0.02133 F1080
G1 X138.1245 Y136.3681 Z0.4498 E0.02133 F1080
G1 X137.8531 Y136.6620 Z0.4497 E0.02133 F1080
G1 X137.5776 Y136.9519 Z0.4495 E0.02133 F1080
G1 X137.2980 Y137.2380 Z0.4494 E0.02133 F1080
G1 X137.0142 Y137.5199 Z0.4492 E0.02133 F1080
G1 X136.7265 Y137.7978 Z0.4491 E0.02133 F1080
G1 X136.4349 Y138.0716 Z0.4489 E0.02133 F1080
G1 X136.1393 Y138.3411 Z0.4488 E0.02133 F1080
G1 X135.8399 Y138.6064 Z0.4486 E0.02133 F1080
G1 X135.5368 Y138.8674 Z0.4485 E0.02133 F1080
G1 X135.2299 Y139.1240 Z0.4484 E0.02133 F1080
G1 X134.9194 Y139.3762 Z0.4482 E0.02133 F1080
G1 X134.6054 Y139.6239 Z0.4481 E0.02133 F1080
G1 X134.2878 Y139.8671 Z0.4479 E0.02133 F1080
G1 X133.9668 Y140.1058 Z0.4478 E0.02133 F1080
G1 X133.6424 Y140.3398 Z0.4476 E0.02133 F1080
G1 X133.3147 Y140.5692 Z0.4475 E0.02133 F1080
G1 X132.9837 Y140.7938 Z0.4474 E0.02133 F1080
G1 X132.6496 Y141.0137 Z0.4472 E0.02133 F1080
G1 X132.3123 Y141.2288 Z0.4471 E0.02133 F1080
G1 X131.9721 Y141.4391 Z0.4469 E0.02133 F1080
G1 X131.6288 Y141.6444 Z0.4468 E0.02133 F1080
G1 X131.2826 Y141.8449 Z0.4466 E0.02133 F1080
G1 X130.9336 Y142.0404 Z0.4465 E0.02133 F1080
G1 X130.5819 Y142.2308 Z0.4463 E0.02133 F1080
G1 X130.2275 Y142.4162 Z0.4462 E0.02133 F1080
G1 X129.8704 Y142.5966 Z0.4461 E0.02133 F1080
G1 X129.5108 Y142.7718 Z0.4459 E0.02133 F1080
G1 X129.1487 Y142.9418 Z0.4458 E0.02133 F1080
G1 X128.7843 Y143.1066 Z0.4456 E0.02133 F1080
G1 X128.4175 Y143.2663 Z0.4455 E0.02133 F1080
G1 X128.0485 Y143.4206 Z0.4453 E0.02133 F1080
G1 X127.6773 Y143.5697 Z0.4452 E0.02133 F1080
G1 X127.3040 Y143.7135 Z0.4451 E0.02133 F1080
G1 X126.9287 Y143.8519 Z0.4449 E0.02133 F1080
G1 X126.5515 Y143.9849 Z0.4448 E0.02133 F1080
G1 X126.1724 Y144.1125 Z0.4446 E0.02133 F1080
G1 X125.7915 Y144.2347 Z0.4445 E0.02133 F1080
G1 X125.4089 Y144.3514 Z0.4443 E0.02133 F1080
G1 X125.0247 Y144.4627 Z0.4442 E0.02133 F1080
G1 X124.6389 Y144.5685 Z0.4441 E0.02133 F1080
G1 X124.2517 Y144.6687 Z0.4439 E0.02133 F1080
G1 X123.8630 Y144.7634 Z0.4438 E0.02133 F1080
G1 X123.4731 Y144.8525 Z0.4436 E0.02133 F1080
G1 X123.0819 Y144.9361 Z0.4435 E0.02133 F1080
G1 X122.6896 Y145.0140 Z0.4434 E0.02133 F1080
G1 X122.2962 Y145.0863 Z0.4432 E0.02133 F1080
G1 X121.9018 Y145.1531 Z0.4431 E0.02133 F1080
G1 X121.5064 Y145.2141 Z0.4429 E0.02133 F1080
G1 X121.1103 Y145.2695 Z0.4428 E0.02133 F1080
G1 X120.7134 Y145.3193 Z0.4426 E0.02133 F1080
G1 X120.3158 Y145.3634 Z0.4425 E0.02133 F1080
G1 X119.9177 Y145.4018 Z0.4424 E0.02133 F1080
G1 X119.5190 Y145.4345 Z0.4422 E0.02133 F1080
G1 X119.1199 Y145.4615 Z0.4421 E0.02133 F1080
G1 X118.7205 Y145.4828 Z0.4419 E0.02133 F1080
G1 X118.3208 Y145.4984 Z0.4418 E0.02133 F1080
G1 X117.9209 Y145.5083 Z0.4417 E0.02133 F1080
G1 X117.5209 Y145.5124 Z0.4415 E0.02133 F1080
G1 X117.1209 Y145.5109 Z0.4414 E0.02133 F1080
G1 X116.7210 Y145.5037 Z0.4412 E0.02133 F1080
G1 X116.3212 Y145.4907 Z0.4411 E0.02133 F1080
G1 X115.9216 Y145.4720 Z0.4410 E0.02133 F1080
G1 X115.5223 Y145.4477 Z0.4408 E0.02133 F1080
G1 X115.1235 Y145.4176 Z0.4407 E0.02133 F1080
G1 X114.7251 Y145.3819 Z0.4405 E0.02133 F1080
G1 X114.3272 Y145.3404 Z0.4404 E0.02133 F1080
G1 X113.9300 Y145.2933 Z0.4403 E0.02133 F1080
G1 X113.5335 Y145.2405 Z0.4401 E0.02133 F1080
G1 X113.1378 Y145.1821 Z0.4400 E0.02133 F1080
G1 X112.7429 Y145.1180 Z0.4398 E0.02133 F1080
G1 X112.3490 Y145.0483 Z0.4397 E0.02133 F1080
G1 X111.9562 Y144.9730 Z0.4396 E0.02133 F1080
G1 X111.5644 Y144.8921 Z0.4394 E0.02133 F1080
G1 X111.1739 Y144.8056 Z0.4393 E0.02133 F1080
G1 X110.7846 Y144.7135 Z0.4391 E0.02133 F1080
G1 X110.3967 Y144.6159 Z0.4390 E0.02133 F1080
G1 X110.0102 Y144.5128 Z0.4389 E0.02133 F1080
G1 X109.6253 Y144.4041 Z0.4387 E0.02133 F1080
G1 X109.2419 Y144.2900 Z0.4386 E0.02133 F1080
G1 X108.8602 Y144.1704 Z0.4384 E0.02133 F1080
G1 X108.4802 Y144.0454 Z0.4383 E0.02133 F1080
G1 X108.1021 Y143.9150 Z0.4382 E0.02133 F1080
G1 X107.7258 Y143.7792 Z0.4380 E0.02133 F1080
G1 X107.3516 Y143.6380 Z0.4379 E0.02133 F1080
G1 X106.9793 Y143.4915 Z0.4377 E0.02133 F1080
G1 X106.6092 Y143.3398 Z0.4376 E0.02133 F1080
G1 X106.2414 Y143.1827 Z0.4375 E0.02133 F1080
G1 X105.8757 Y143.0204 Z0.4373 E0.02133 F1080
G1 X105.5125 Y142.8530 Z0.4372 E0.02133 F1080
G1 X105.1517 Y142.6803 Z0.4370 E0.02133 F1080
G1 X104.7933 Y142.5026 Z0.4369 E0.02133 F1080
G1 X104.4376 Y142.3197 Z0.4368 E0.02133 F1080
G1 X104.0844 Y142.1318 Z0.4366 E0.02133 F1080
G1 X103.7340 Y141.9389 Z0.4365 E0.02133 F1080
G1 X103.3864 Y141.7410 Z0.4364 E0.02133 F1080
G1 X103.0417 Y141.5381 Z0.4362 E0.02133 F1080
G1 X102.6998 Y141.3304 Z0.4361 E0.02133 F1080
G1 X102.3610 Y141.1178 Z0.4359 E0.02133 F1080
G1 X102.0252 Y140.9004 Z0.4358 E0.02133 F1080
G1 X101.6926 Y140.6782 Z0.4357 E0.02133 F1080
G1 X101.3632 Y140.4513 Z0.4355 E0.02133 F1080
G1 X101.0370 Y140.2198 Z0.4354 E0.02133 F1080
G1 X100.7142 Y139.9836 Z0.4352 E0.02133 F1080
G1 X100.3947 Y139.7428 Z0.4351 E0.02133 F1080
G1 X100.0788 Y139.4975 Z0.4350 E0.02133 F1080
G1 X99.7663 Y139.2477 Z0.4348 E0.02133 F1080
G1 X99.4575 Y138.9935 Z0.4347 E0.02133 F1080
G1 X99.1523 Y138.7350 Z0.4346 E0.02133 F1080
G1 X98.8508 Y138.4721 Z0.4344 E0.02133 F1080
G1 X98.5531 Y138.2049 Z0.4343 E0.02133 F1080
G1 X98.2593 Y137.9335 Z0.4341 E0.02133 F1080
G1 X97.9693 Y137.6580 Z0.4340 E0.02133 F1080
G1 X97.6833 Y137.3783 Z0.4339 E0.02133 F1080
G1 X97.4013 Y137.0946 Z0.4337 E0.02133 F1080
G1 X97.1234 Y136.8069 Z0.4336 E0.02133 F1080
G1 X96.8496 Y136.5153 Z0.4335 E0.02133 F1080
G1 X96.5800 Y136.2198 Z0.4333 E0.02133 F1080
G1 X96.3146 Y135.9205 Z0.4332 E0.02133 F1080
G1 X96.0535 Y135.6174 Z0.4331 E0.02133 F1080
G1 X95.7968 Y135.3107 Z0.4329 E0.02133 F1080
G1 X95.5445 Y135.0003 Z0.4328 E0.02133 F1080
G1 X95.2966 Y134.6864 Z0.4326 E0.02133 F1080
G1 X95.0532 Y134.3690 Z0.4325 E0.02133 F1080
G1 X94.8143 Y134.0481 Z0.4324 E0.02133 F1080
G1 X94.5801 Y133.7239 Z0.4322 E0.02133 F1080
G1 X94.3505 Y133.3963 Z0.4321 E0.02133 F1080
G1 X94.1256 Y133.0655 Z0.4320 E0.02133 F1080
G1 X93.9054 Y132.7316 Z0.4318 E0.02133 F1080
G1 X93.6900 Y132.3945 Z0.4317 E0.02133 F1080
G1 X93.4794 Y132.0544 Z0.4316 E0.02133 F1080
G1 X93.2737 Y131.7114 Z0.4314 E0.02133 F1080
G1 X93.0728 Y131.3655 Z0.4313 E0.02133 F1080
G1 X92.8770 Y131.0167 Z0.4311 E0.02133 F1080
G1 X92.6861 Y130.6652 Z0.4310 E0.02133 F1080
G1 X92.5002 Y130.3110 Z0.4309 E0.02133 F1080
G1 X92.3194 Y129.9541 Z0.4307 E0.02133 F1080
G1 X92.1437 Y129.5948 Z0.4306 E0.02133 F1080
G1 X91.9732 Y129.2330 Z0.4305 E0.02133 F1080
G1 X91.8078 Y128.8688 Z0.4303 E0.02133 F1080
G1 X91.6476 Y128.5022 Z0.4302 E0.02133 F1080
G1 X91.4926 Y128.1335 Z0.4301 E0.02133 F1080
G1 X91.3430 Y127.7625 Z0.4299 E0.02133 F1080
G1 X91.1986 Y127.3895 Z0.4298 E0.02133 F1080
G1 X91.0595 Y127.0144 Z0.4297 E0.02133 F1080
G1 X90.9258 Y126.6374 Z0.4295 E0.02133 F1080
G1 X90.7974 Y126.2586 Z0.4294 E0.02133 F1080
G1 X90.6745 Y125.8779 Z0.4293 E0.02133 F1080
G1 X90.5570 Y125.4956 Z0.4291 E0.02133 F1080
G1 X90.4450 Y125.1116 Z0.4290 E0.02133 F1080
G1 X90.3384 Y124.7260 Z0.4288 E0.02133 F1080
G1 X90.2373 Y124.3390 Z0.4287 E0.02133 F1080
G1 X90.1418 Y123.9506 Z0.4286 E0.02133 F1080
G1 X90.0517 Y123.5608 Z0.4284 E0.02133 F1080
G1 X89.9673 Y123.1698 Z0.4283 E0.02133 F1080
G1 X89.8884 Y122.7777 Z0.4282 E0.02133 F1080
G1 X89.8151 Y122.3845 Z0.4280 E0.02133 F1080
G1 X89.7474 Y121.9902 Z0.4279 E0.02133 F1080
G1 X89.6853 Y121.5951 Z0.4278 E0.02133 F1080
G1 X89.6289 Y121.1991 Z0.4276 E0.02133 F1080
G1 X89.5780 Y120.8023 Z0.4275 E0.02133 F1080
G1 X89.5329 Y120.4049 Z0.4274 E0.02133 F1080
G1 X89.4934 Y120.0068 Z0.4272 E0.02133 F1080
G1 X89.4595 Y119.6082 Z0.4271 E0.02133 F1080
G1 X89.4313 Y119.2092 Z0.4270 E0.02133 F1080
G1 X89.4089 Y118.8099 Z0.4268 E0.02133 F1080
G1 X89.3921 Y118.4102 Z0.4267 E0.02133 F1080
G1 X89.3809 Y118.0104 Z0.4266 E0.02133 F1080
G1 X89.3755 Y117.6104 Z0.4264 E0.02133 F1080
G1 X89.3758 Y117.2104 Z0.4263 E0.02133 F1080
G1 X89.3817 Y116.8104 Z0.4262 E0.02133 F1080
G1 X89.3933 Y116.4106 Z0.4260 E0.02133 F1080
G1 X89.4106 Y116.0110 Z0.4259 E0.02133 F1080
G1 X89.4336 Y115.6116 Z0.4258 E0.02133 F1080
G1 X89.4623 Y115.2126 Z0.4256 E0.02133 F1080
G1 X89.4967 Y114.8141 Z0.4255 E0.02133 F1080
G1 X89.5367 Y114.4161 Z0.4254 E0.02133 F1080
G1 X89.5823 Y114.0187 Z0.4252 E0.02133 F1080
G1 X89.6336 Y113.6220 Z0.4251 E0.02133 F1080
G1 X89.6906 Y113.2261 Z0.4250 E0.02133 F1080
G1 X89.7531 Y112.8310 Z0.4248 E0.02133 F1080
G1 X89.8213 Y112.4369 Z0.4247 E0.02133 F1080
G1 X89.8951 Y112.0437 Z0.4246 E0.02133 F1080
G1 X89.9744 Y111.6517 Z0.4244 E0.02133 F1080
G1 X90.0594 Y111.2608 Z0.4243 E0.02133 F1080
G1 X90.1498 Y110.8711 Z0.4242 E0.02133 F1080
G1 X90.2458 Y110.4828 Z0.4240 E0.02133 F1080
G1 X90.3473 Y110.0959 Z0.4239 E0.02133 F1080
G1 X90.4543 Y109.7105 Z0.4238 E0.02133 F1080
G1 X90.5668 Y109.3266 Z0.4236 E0.02133 F1080
G1 X90.6847 Y108.9444 Z0.4235 E0.02133 F1080
G1 X90.8080 Y108.5638 Z0.4234 E0.02133 F1080
G1 X90.9367 Y108.1851 Z0.4233 E0.02133 F1080
G1 X91.0708 Y107.8082 Z0.4231 E0.02133 F1080
G1 X91.2102 Y107.4333 Z0.4230 E0.02133 F1080
G1 X91.3550 Y107.0604 Z0.4229 E0.02133 F1080
G1 X91.5050 Y106.6896 Z0.4227 E0.02133 F1080
G1 X91.6603 Y106.3210 Z0.4226 E0.02133 F1080
G1 X91.8208 Y105.9546 Z0.4225 E0.02133 F1080
G1 X91.9865 Y105.5905 Z0.4223 E0.02133 F1080
G1 X92.1573 Y105.2288 Z0.4222 E0.02133 F1080
G1 X92.3333 Y104.8696 Z0.4221 E0.02133 F1080
G1 X92.5143 Y104.5129 Z0.4219 E0.02133 F1080
G1 X92.7004 Y104.1588 Z0.4218 E0.02133 F1080
G1 X92.8915 Y103.8074 Z0.4217 E0.02133 F1080
G1 X93.0876 Y103.4588 Z0.4215 E0.02133 F1080
G1 X93.2886 Y103.1130 Z0.4214 E0.02133 F1080
G1 X93.4945 Y102.7700 Z0.4213 E0.02133 F1080
G1 X93.7053 Y102.4301 Z0.4212 E0.02133 F1080
G1 X93.9208 Y102.0931 Z0.4210 E0.02133 F1080
G1 X94.1412 Y101.7592 Z0.4209 E0.02133 F1080
G1 X94.3662 Y101.4285 Z0.4208 E0.02133 F1080
G1 X94.5959 Y101.1011 Z0.4206 E0.02133 F1080
G1 X94.8303 Y100.7769 Z0.4205 E0.02133 F1080
G1 X95.0692 Y100.4561 Z0.4204 E0.02133 F1080
G1 X95.3127 Y100.1387 Z0.4202 E0.02133 F1080
G1 X95.5606 Y99.8248 Z0.4201 E0.02133 F1080
G1 X95.8130 Y99.5145 Z0.4200 E0.02133 F1080
G1 X96.0697 Y99.2077 Z0.4199 E0.02133 F1080
G1 X96.3308 Y98.9047 Z0.4197 E0.02133 F1080
G1 X96.5961 Y98.6054 Z0.4196 E0.02133 F1080
G1 X96.8657 Y98.3098 Z0.4195 E0.02133 F1080
G1 X97.1395 Y98.0182 Z0.4193 E0.02133 F1080
G1 X97.4173 Y97.7304 Z0.4192 E0.02133 F1080
G1 X97.6992 Y97.4466 Z0.4191 E0.02133 F1080
G1 X97.9851 Y97.1669 Z0.4189 E0.02133 F1080
G1 X98.2750 Y96.8912 Z0.4188 E0.02133 F1080
G1 X98.5687 Y96.6197 Z0.4187 E0.02133 F1080
G1 X98.8663 Y96.3524 Z0.4186 E0.02133 F1080
G1 X99.1676 Y96.0893 Z0.4184 E0.02133 F1080
G1 X99.4726 Y95.8305 Z0.4183 E0.02133 F1080
G1 X99.7813 Y95.5761 Z0.4182 E0.02133 F1080
G1 X100.0935 Y95.3261 Z0.4180 E0.02133 F1080
G1 X100.4093 Y95.0805 Z0.4179 E0.02133 F1080
G1 X100.7285 Y94.8395 Z0.4178 E0.02133 F1080
G1 X101.0511 Y94.6030 Z0.4177 E0.02133 F1080
G1 X101.3770 Y94.3711 Z0.4175 E0.02133 F1080
G1 X101.7062 Y94.1438 Z0.4174 E0.02133 F1080
G1 X102.0386 Y93.9213 Z0.4173 E0.02133 F1080
G1 X102.3741 Y93.7035 Z0.4171 E0.02133 F1080
G1 X102.7127 Y93.4904 Z0.4170 E0.02133 F1080
G1 X103.0542 Y93.2822 Z0.4169 E0.02133 F1080
G1 X103.3987 Y93.0789 Z0.4168 E0.02133 F1080
G1 X103.7460 Y92.8804 Z0.4166 E0.02133 F1080
G1 X104.0961 Y92.6869 Z0.4165 E0.02133 F1080
G1 X104.4489 Y92.4984 Z0.4164 E0.02133 F1080
G1 X104.8043 Y92.3149 Z0.4162 E0.02133 F1080
G1 X105.1623 Y92.1365 Z0.4161 E0.02133 F1080
G1 X105.5228 Y91.9632 Z0.4160 E0.02133 F1080
G1 X105.8857 Y91.7950 Z0.4159 E0.02133 F1080
G1 X106.2510 Y91.6319 Z0.4157 E0.02133 F1080
G1 X106.6185 Y91.4741 Z0.4156 E0.02133 F1080
G1 X106.9883 Y91.3215 Z0.4155 E0.02133 F1080
G1 X107.3601 Y91.1741 Z0.4153 E0.02133 F1080
G1 X107.7341 Y91.0320 Z0.4152 E0.02133 F1080
G1 X108.1100 Y90.8953 Z0.4151 E0.02133 F1080
G1 X108.4878 Y90.7638 Z0.4150 E0.02133 F1080
G1 X108.8674 Y90.6378 Z0.4148 E0.02133 F1080
G1 X109.2488 Y90.5172 Z0.4147 E0.02133 F1080
G1 X109.6318 Y90.4019 Z0.4146 E0.02133 F1080
G1 X110.0165 Y90.2921 Z0.4145 E0.02133 F1080
G1 X110.4026 Y90.1878 Z0.4143 E0.02133 F1080
G1 X110.7902 Y90.0890 Z0.4142 E0.02133 F1080
G1 X111.1792 Y89.9956 Z0.4141 E0.02133 F1080
G1 X111.5694 Y89.9078 Z0.4139 E0.02133 F1080
G1 X111.9609 Y89.8255 Z0.4138 E0.02133 F1080
G1 X112.3535 Y89.7488 Z0.4137 E0.02133 F1080
G1 X112.7471 Y89.6777 Z0.4136 E0.02133 F1080
G1 X113.1417 Y89.6121 Z0.4134 E0.02133 F1080
G1 X113.5372 Y89.5521 Z0.4133 E0.02133 F1080
G1 X113.9335 Y89.4978 Z0.4132 E0.02133 F1080
G1 X114.3305 Y89.4491 Z0.4131 E0.02133 F1080
G1 X114.7282 Y89.4059 Z0.4129 E0.02133 F1080
G1 X115.1264 Y89.3685 Z0.4128 E0.02133 F1080
G1 X115.5252 Y89.3367 Z0.4127 E0.02133 F1080
G1 X115.9243 Y89.3105 Z0.4126 E0.02133 F1080
G1 X116.3238 Y89.2900 Z0.4124 E0.02133 F1080
G1 X116.7235 Y89.2751 Z0.4123 E0.02133 F1080
G1 X117.1234 Y89.2660 Z0.4122 E0.02133 F1080
G1 X117.5234 Y89.2625 Z0.4121 E0.02133 F1080
G1 X117.9234 Y89.2646 Z0.4119 E0.02133 F1080
G1 X118.3233 Y89.2724 Z0.4118 E0.02133 F1080
G1 X118.7231 Y89.2859 Z0.4117 E0.02133 F1080
G1 X119.1227 Y89.3050 Z0.4116 E0.02133 F1080
G1 X119.5219 Y89.3298 Z0.4114 E0.02133 F1080
G1 X119.9207 Y89.3603 Z0.4113 E0.02133 F1080
G1 X120.3191 Y89.3964 Z0.4112 E0.02133 F1080
G1 X120.7169 Y89.4381 Z0.4111 E0.02133 F1080
G1 X121.1141 Y89.4855 Z0.4109 E0.02133 F1080
G1 X121.5106 Y89.5385 Z0.4108 E0.02133 F1080
G1 X121.9063 Y89.5971 Z0.4107 E0.02133 F1080
G1 X122.3011 Y89.6612 Z0.4106 E0.02133 F1080
G1 X122.6950 Y89.7310 Z0.4104 E0.02133 F1080
G1 X123.0878 Y89.8064 Z0.4103 E0.02133 F1080
G1 X123.4796 Y89.8873 Z0.4102 E0.02133 F1080
G1 X123.8701 Y89.9737 Z0.4101 E0.02133 F1080
G1 X124.2594 Y90.0656 Z0.4099 E0.02133 F1080
G1 X124.6474 Y90.1631 Z0.4098 E0.02133 F1080
G1 X125.0339 Y90.2660 Z0.4097 E0.02133 F1080
G1 X125.4189 Y90.3744 Z0.4096 E0.02133 F1080
G1 X125.8024 Y90.4883 Z0.4094 E0.02133 F1080
G1 X126.1842 Y90.6075 Z0.4093 E0.02133 F1080
G1 X126.5643 Y90.7322 Z0.4092 E0.02133 F1080
G1 X126.9426 Y90.8622 Z0.4091 E0.02133 F1080
G1 X127.3190 Y90.9976 Z0.4089 E0.02133 F1080
G1 X127.6935 Y91.1382 Z0.4088 E0.02133 F1080
G1 X128.0659 Y91.2842 Z0.4087 E0.02133 F1080
G1 X128.4362 Y91.4354 Z0.4086 E0.02133 F1080
G1 X128.8044 Y91.5918 Z0.4084 E0.02133 F1080
G1 X129.1702 Y91.7535 Z0.4083 E0.02133 F1080
G1 X129.5338 Y91.9203 Z0.4082 E0.02133 F1080
G1 X129.8950 Y92.0922 Z0.4081 E0.02133 F1080
G1 X130.2537 Y92.2692 Z0.4079 E0.02133 F1080
G1 X130.6099 Y92.4513 Z0.4078 E0.02133 F1080
G1 X130.9634 Y92.6384 Z0.4077 E0.02133 F1080
G1 X131.3143 Y92.8304 Z0.4076 E0.02133 F1080
G1 X131.6624 Y93.0274 Z0.4075 E0.02133 F1080
G1 X132.0077 Y93.2294 Z0.4073 E0.02133 F1080
G1 X132.3501 Y93.4362 Z0.4072 E0.02133 F1080
G1 X132.6896 Y93.6478 Z0.4071 E0.02133 F1080
G1 X133.0260 Y93.8642 Z0.4070 E0.02133 F1080
G1 X133.3593 Y94.0853 Z0.4068 E0.02133 F1080
G1 X133.6895 Y94.3111 Z0.4067 E0.02133 F1080
G1 X134.0164 Y94.5416 Z0.4066 E0.02133 F1080
G1 X134.3401 Y94.7767 Z0.4065 E0.02133 F1080
G1 X134.6603 Y95.0163 Z0.4063 E0.02133 F1080
G1 X134.9772 Y95.2604 Z0.4062 E0.02133 F1080
G1 X135.2906 Y95.5090 Z0.4061 E0.02133 F1080
G1 X135.6004 Y95.7620 Z0.4060 E0.02133 F1080
G1 X135.9067 Y96.0193 Z0.4059 E0.02133 F1080
G1 X136.2092 Y96.2810 Z0.4057 E0.02133 F1080
G1 X136.5081 Y96.5469 Z0.4056 E0.02133 F1080
G1 X136.8031 Y96.8170 Z0.4055 E0.02133 F1080
G1 X137.0943 Y97.0912 Z0.4054 E0.02133 F1080
G1 X137.3816 Y97.3696 Z0.4052 E0.02133 F1080
G1 X137.6649 Y97.6519 Z0.4051 E0.02133 F1080
G1 X137.9442 Y97.9383 Z0.4050 E0.02133 F1080
G1 X138.2194 Y98.2286 Z0.4049 E0.02133 F1080
G1 X138.4905 Y98.5227 Z0.4048 E0.02133 F1080
G1 X138.7574 Y98.8206 Z0.4046 E0.02133 F1080
G1 X139.0201 Y99.1223 Z0.4045 E0.02133 F1080
G1 X139.2785 Y99.4276 Z0.4044 E0.02133 F1080
G1 X139.5325 Y99.7366 Z0.4043 E0.02133 F1080
G1 X139.7822 Y100.0492 Z0.4042 E0.02133 F1080
G1 X140.0274 Y100.3652 Z0.4040 E0.02133 F1080
G1 X140.2681 Y100.6847 Z0.4039 E0.02133 F1080
G1 X140.5043 Y101.0075 Z0.4038 E0.02133 F1080
G1 X140.7359 Y101.3337 Z0.4037 E0.02133 F1080
G1 X140.9628 Y101.6630 Z0.4035 E0.02133 F1080
G1 X141.1851 Y101.9956 Z0.4034 E0.02133 F1080
G1 X141.4027 Y102.3313 Z0.4033 E0.02133 F1080
G1 X141.6155 Y102.6700 Z0.4032 E0.02133 F1080
G1 X141.8234 Y103.0116 Z0.4031 E0.02133 F1080
G1 X142.0266 Y103.3562 Z0.4029 E0.02133 F1080
G1 X142.2248 Y103.7036 Z0.4028 E0.02133 F1080
G1 X142.4182 Y104.0538 Z0.4027 E0.02133 F1080
G1 X142.6065 Y104.4067 Z0.4026 E0.02133 F1080
G1 X142.7899 Y104.7622 Z0.4025 E0.02133 F1080
G1 X142.9682 Y105.1203 Z0.4023 E0.02133 F1080
G1 X143.1414 Y105.4808 Z0.4022 E0.02133 F1080
G1 X143.3096 Y105.8438 Z0.4021 E0.02133 F1080
G1 X143.4725 Y106.2091 Z0.4020 E0.02133 F1080
G1 X143.6304 Y106.5766 Z0.4019 E0.02133 F1080
G1 X143.7830 Y106.9464 Z0.4017 E0.02133 F1080
G1 X143.9303 Y107.3183 Z0.4016 E0.02133 F1080
G1 X144.0724 Y107.6922 Z0.4015 E0.02133 F1080
G1 X144.2092 Y108.0681 Z0.4014 E0.02133 F1080
G1 X144.3407 Y108.4458 Z0.4013 E0.02133 F1080
G1 X144.4668 Y108.8254 Z0.4011 E0.02133 F1080
G1 X144.5876 Y109.2068 Z0.4010 E0.02133 F1080
G1 X144.7030 Y109.5898 Z0.4009 E0.02133 F1080
G1 X144.8129 Y109.9744 Z0.4008 E0.02133 F1080
G1 X144.9174 Y110.3605 Z0.4007 E0.02133 F1080
G1 X145.0165 Y110.7480 Z0.4005 E0.02133 F1080
G1 X145.1100 Y111.1369 Z0.4004 E0.02133 F1080
G1 X145.1981 Y111.5271 Z0.4003 E0.02133 F1080
G1 X145.2807 Y111.9185 Z0.4002 E0.02133 F1080
G1 X145.3577 Y112.3111 Z0.4001 E0.02133 F1080
G1 X145.4291 Y112.7046 Z0.4000 E0.02133 F1080
G1 X145.4950 Y113.0992 Z0.3998 E0.02133 F1080
G1 X145.5554 Y113.4946 Z0.3997 E0.02133 F1080
G1 X145.6101 Y113.8908 Z0.3996 E0.02133 F1080
G1 X145.6592 Y114.2878 Z0.3995 E0.02133 F1080
G1 X145.7028 Y114.6854 Z0.3994 E0.02133 F1080
G1 X145.7407 Y115.0836 Z0.3992 E0.02133 F1080
G1 X145.7730 Y115.4823 Z0.3991 E0.02133 F1080
G1 X145.7997 Y115.8815 Z0.3990 E0.02133 F1080
G1 X145.8207 Y116.2809 Z0.3989 E0.02133 F1080
G1 X145.8361 Y116.6806 Z0.3988 E0.02133 F1080
G1 X145.8458 Y117.0805 Z0.3987 E0.02133 F1080
G1 X145.8499 Y117.4805 Z0.3985 E0.02133 F1080
G1 X145.8484 Y117.8805 Z0.3984 E0.02133 F1080
G1 X145.8412 Y118.2804 Z0.3983 E0.02133 F1080
G1 X145.8284 Y118.6802 Z0.3982 E0.02133 F1080
G1 X145.8099 Y119.0798 Z0.3981 E0.02133 F1080
G1 X145.7859 Y119.4791 Z0.3979 E0.02133 F1080
G1 X145.7561 Y119.8780 Z0.3978 E0.02133 F1080
G1 X145.7208 Y120.2764 Z0.3977 E0.02133 F1080
G1 X145.6798 Y120.6743 Z0.3976 E0.02133 F1080
G1 X145.6332 Y121.0716 Z0.3975 E0.02133 F1080
G1 X145.5811 Y121.4682 Z0.3974 E0.02133 F1080
G1 X145.5233 Y121.8640 Z0.3972 E0.02133 F1080
G1 X145.4600 Y122.2590 Z0.3971 E0.02133 F1080
G1 X145.3911 Y122.6530 Z0.3970 E0.02133 F1080
G1 X145.3166 Y123.0460 Z0.3969 E0.02133 F1080
G1 X145.2366 Y123.4379 Z0.3968 E0.02133 F1080
G1 X145.1511 Y123.8287 Z0.3967 E0.02133 F1080
G1 X145.0601 Y124.2182 Z0.3965 E0.02133 F1080
G1 X144.9636 Y124.6064 Z0.3964 E0.02133 F1080
G1 X144.8617 Y124.9932 Z0.3963 E0.02133 F1080
G1 X144.7543 Y125.3785 Z0.3962 E0.02133 F1080
G1 X144.6414 Y125.7623 Z0.3961 E0.02133 F1080
G1 X144.5232 Y126.1444 Z0.3960 E0.02133 F1080
G1 X144.3996 Y126.5248 Z0.3958 E0.02133 F1080
G1 X144.2707 Y126.9035 Z0.3957 E0.02133 F1080
G1 X144.1364 Y127.2803 Z0.3956 E0.02133 F1080
G1 X143.9968 Y127.6552 Z0.3955 E0.02133 F1080
G1 X143.8520 Y128.0280 Z0.3954 E0.02133 F1080
G1 X143.7019 Y128.3988 Z0.3953 E0.02133 F1080
G1 X143.5466 Y128.7674 Z0.3951 E0.02133 F1080
G1 X143.3861 Y129.1338 Z0.3950 E0.02133 F1080
G1 X143.2205 Y129.4979 Z0.3949 E0.02133 F1080
G1 X143.0498 Y129.8597 Z0.3948 E0.02133 F1080
G1 X142.8740 Y130.2190 Z0.3947 E0.02133 F1080
G1 X142.6931 Y130.5758 Z0.3946 E0.02133 F1080
G1 X142.5072 Y130.9299 Z0.3944 E0.02133 F1080
G1 X142.3164 Y131.2815 Z0.3943 E0.02133 F1080
G1 X142.1206 Y131.6303 Z0.3942 E0.02133 F1080
G1 X141.9199 Y131.9763 Z0.3941 E0.02133 F1080
G1 X141.7144 Y132.3195 Z0.3940 E0.02133 F1080
G1 X141.5040 Y132.6597 Z0.3939 E0.02133 F1080
G1 X141.2889 Y132.9970 Z0.3938 E0.02133 F1080
G1 X141.0691 Y133.3311 Z0.3936 E0.02133 F1080
G1 X140.8445 Y133.6622 Z0.3935 E0.02133 F1080
G1 X140.6154 Y133.9900 Z0.3934 E0.02133 F1080
G1 X140.3816 Y134.3146 Z0.3933 E0.02133 F1080
G1 X140.1433 Y134.6359 Z0.3932 E0.02133 F1080
G1 X139.9004 Y134.9537 Z0.3931 E0.02133 F1080
G1 X139.6532 Y135.2681 Z0.3930 E0.02133 F1080
G1 X139.4015 Y135.5790 Z0.3928 E0.02133 F1080
G1 X139.1455 Y135.8864 Z0.3927 E0.02133 F1080
G1 X138.8851 Y136.1901 Z0.3926 E0.02133 F1080
G1 X138.6205 Y136.4901 Z0.3925 E0.02133 F1080
G1 X138.3517 Y136.7863 Z0.3924 E0.02133 F1080
G1 X138.0788 Y137.0787 Z0.3923 E0.02133 F1080
G1 X137.8018 Y137.3673 Z0.3921 E0.02133 F1080
G1 X137.5207 Y137.6519 Z0.3920 E0.02133 F1080
G1 X137.2357 Y137.9325 Z0.3919 E0.02133 F1080
G1 X136.9467 Y138.2091 Z0.3918 E0.02133 F1080
G1 X136.6539 Y138.4816 Z0.3917 E0.02133 F1080
G1 X136.3573 Y138.7500 Z0.3916 E0.02133 F1080
G1 X136.0569 Y139.0141 Z0.3915 E0.02133 F1080
G1 X135.7528 Y139.2740 Z0.3914 E0.02133 F1080
G1 X135.4451 Y139.5296 Z0.3912 E0.02133 F1080
G1 X135.1338 Y139.7808 Z0.3911 E0.02133 F1080
G1 X134.8190 Y140.0276 Z0.3910 E0.02133 F1080
G1 X134.5008 Y140.2700 Z0.3909 E0.02133 F1080
G1 X134.1792 Y140.5079 Z0.3908 E0.02133 F1080
G1 X133.8543 Y140.7412 Z0.3907 E0.02133 F1080
G1 X133.5261 Y140.9699 Z0.3906 E0.02133 F1080
G1 X133.1948 Y141.1940 Z0.3904 E0.02133 F1080
G1 X132.8603 Y141.4134 Z0.3903 E0.02133 F1080
G1 X132.5228 Y141.6280 Z0.3902 E0.02133 F1080
G1 X132.1823 Y141.8379 Z0.3901 E0.02133 F1080
G1 X131.8388 Y142.0430 Z0.3900 E0.02133 F1080
G1 X131.4925 Y142.2432 Z0.3899 E0.02133 F1080
G1 X131.1435 Y142.4385 Z0.3898 E0.02133 F1080
G1 X130.7917 Y142.6289 Z0.3897 E0.02133 F1080
G1 X130.4373 Y142.8143 Z0.3895 E0.02133 F1080
G1 X130.0803 Y142.9948 Z0.3894 E0.02133 F1080
G1 X129.7208 Y143.1702 Z0.3893 E0.02133 F1080
G1 X129.3588 Y143.3405 Z0.3892 E0.02133 F1080
G1 X128.9945 Y143.5057 Z0.3891 E0.02133 F1080
G1 X128.6279 Y143.6657 Z0.3890 E0.02133 F1080
G1 X128.2591 Y143.8206 Z0.3889 E0.02133 F1080
G1 X127.8882 Y143.9703 Z0.3888 E0.02133 F1080
G1 X127.5152 Y144.1147 Z0.3886 E0.02133 F1080
G1 X127.1402 Y144.2539 Z0.3885 E0.02133 F1080
G1 X126.7632 Y144.3878 Z0.3884 E0.02133 F1080
G1 X126.3845 Y144.5164 Z0.3883 E0.02133 F1080
G1 X126.0039 Y144.6396 Z0.3882 E0.02133 F1080
G1 X125.6217 Y144.7575 Z0.3881 E0.02133 F1080
G1 X125.2378 Y144.8700 Z0.3880 E0.02133 F1080
G1 X124.8524 Y144.9771 Z0.3879 E0.02133 F1080
G1 X124.4655 Y145.0787 Z0.3878 E0.02133 F1080
G1 X124.0773 Y145.1749 Z0.3876 E0.02133 F1080
G1 X123.6877 Y145.2657 Z0.3875 E0.02133 F1080
G1 X123.2969 Y145.3509 Z0.3874 E0.02133 F1080
G1 X122.9049 Y145.4307 Z0.3873 E0.02133 F1080
G1 X122.5118 Y145.5049 Z0.3872 E0.02133 F1080
G1 X122.1178 Y145.5736 Z0.3871 E0.02133 F1080
G1 X121.7228 Y145.6367 Z0.3870 E0.02133 F1080
G1 X121.3269 Y145.6943 Z0.3869 E0.02133 F1080
G1 X120.9303 Y145.7463 Z0.3868 E0.02133 F1080
G1 X120.5330 Y145.7927 Z0.3866 E0.02133 F1080
G1 X120.1351 Y145.8336 Z0.3865 E0.02133 F1080
G1 X119.7367 Y145.8688 Z0.3864 E0.02133 F1080
G1 X119.3378 Y145.8985 Z0.3863 E0.02133 F1080
G1 X118.9385 Y145.9225 Z0.3862 E0.02133 F1080
G1 X118.5389 Y145.9409 Z0.3861 E0.02133 F1080
G1 X118.1391 Y145.9537 Z0.3860 E0.02133 F1080
G1 X117.7392 Y145.9609 Z0.3859 E0.02133 F1080
G1 X117.3392 Y145.9625 Z0.3858 E0.02133 F1080
G1 X116.9392 Y145.9584 Z0.3856 E0.02133 F1080
G1 X116.5393 Y145.9487 Z0.3855 E0.02133 F1080
G1 X116.1396 Y145.9334 Z0.3854 E0.02133 F1080
G1 X115.7401 Y145.9125 Z0.3853 E0.02133 F1080
G1 X115.3410 Y145.8859 Z0.3852 E0.02133 F1080
G1 X114.9423 Y145.8538 Z0.3851 E0.02133 F1080
G1 X114.5441 Y145.8161 Z0.3850 E0.02133 F1080
G1 X114.1464 Y145.7728 Z0.3849 E0.02133 F1080
G1 X113.7494 Y145.7238 Z0.3848 E0.02133 F1080
G1 X113.3531 Y145.6694 Z0.3847 E0.02133 F1080
G1 X112.9576 Y145.6093 Z0.3846 E0.02133 F1080
G1 X112.5631 Y145.5437 Z0.3844 E0.02133 F1080
G1 X112.1694 Y145.4726 Z0.3843 E0.02133 F1080
G1 X111.7768 Y145.3960 Z0.3842 E0.02133 F1080
G1 X111.3854 Y145.3138 Z0.3841 E0.02133 F1080
G1 X110.9951 Y145.2262 Z0.3840 E0.02133 F1080
G1 X110.6061 Y145.1330 Z0.3839 E0.02133 F1080
G1 X110.2184 Y145.0345 Z0.3838 E0.02133 F1080
G1 X109.8321 Y144.9304 Z0.3837 E0.02133 F1080
G1 X109.4474 Y144.8210 Z0.3836 E0.02133 F1080
G1 X109.0642 Y144.7062 Z0.3835 E0.02133 F1080
G1 X108.6827 Y144.5860 Z0.3834 E0.02133 F1080
G1 X108.3029 Y144.4605 Z0.3832 E0.02133 F1080
G1 X107.9249 Y144.3296 Z0.3831 E0.02133 F1080
G1 X107.5488 Y144.1935 Z0.3830 E0.02133 F1080
G1 X107.1746 Y144.0521 Z0.3829 E0.02133 F1080
G1 X106.8025 Y143.9054 Z0.3828 E0.02133 F1080
G1 X106.4324 Y143.7536 Z0.3827 E0.02133 F1080
G1 X106.0645 Y143.5965 Z0.3826 E0.02133 F1080
G1 X105.6989 Y143.4343 Z0.3825 E0.02133 F1080
G1 X105.3355 Y143.2670 Z0.3824 E0.02133 F1080
G1 X104.9746 Y143.0946 Z0.3823 E0.02133 F1080
G1 X104.6161 Y142.9172 Z0.3822 E0.02133 F1080
G1 X104.2601 Y142.7347 Z0.3821 E0.02133 F1080
G1 X103.9068 Y142.5473 Z0.3819 E0.02133 F1080
G1 X103.5561 Y142.3549 Z0.3818 E0.02133 F1080
G1 X103.2081 Y142.1576 Z0.3817 E0.02133 F1080
G1 X102.8629 Y141.9555 Z0.3816 E0.02133 F1080
G1 X102.5206 Y141.7485 Z0.3815 E0.02133 F1080
G1 X102.1813 Y141.5367 Z0.3814 E0.02133 F1080
G1 X101.8449 Y141.3202 Z0.3813 E0.02133 F1080
G1 X101.5116 Y141.0991 Z0.3812 E0.02133 F1080
G1 X101.1815 Y140.8732 Z0.3811 E0.02133 F1080
G1 X100.8545 Y140.6427 Z0.3810 E0.02133 F1080
G1 X100.5309 Y140.4077 Z0.3809 E0.02133 F1080
G1 X100.2105 Y140.1682 Z0.3808 E0.02133 F1080
G1 X99.8936 Y139.9242 Z0.3807 E0.02133 F1080
G1 X99.5801 Y139.6757 Z0.3806 E0.02133 F1080
G1 X99.2701 Y139.4229 Z0.3804 E0.02133 F1080
G1 X98.9637 Y139.1658 Z0.3803 E0.02133 F1080
G1 X98.6609 Y138.9044 Z0.3802 E0.02133 F1080
G1 X98.3618 Y138.6387 Z0.3801 E0.02133 F1080
G1 X98.0665 Y138.3689 Z0.3800 E0.02133 F1080
G1 X97.7750 Y138.0950 Z0.3799 E0.02133 F1080
G1 X97.4874 Y137.8170 Z0.3798 E0.02133 F1080
G1 X97.2037 Y137.5351 Z0.3797 E0.02133 F1080
G1 X96.9239 Y137.2491 Z0.3796 E0.02133 F1080
G1 X96.6482 Y136.9593 Z0.3795 E0.02133 F1080
G1 X96.3766 Y136.6656 Z0.3794 E0.02133 F1080
G1 X96.1092 Y136.3682 Z0.3793 E0.02133 F1080
G1 X95.8459 Y136.0670 Z0.3792 E0.02133 F1080
G1 X95.5869 Y135.7622 Z0.3791 E0.02133 F1080
G1 X95.3322 Y135.4538 Z0.3790 E0.02133 F1080
G1 X95.0819 Y135.1418 Z0.3789 E0.02133 F1080
G1 X94.8359 Y134.8263 Z0.3787 E0.02133 F1080
G1 X94.5944 Y134.5075 Z0.3786 E0.02133 F1080
G1 X94.3574 Y134.1852 Z0.3785 E0.02133 F1080
G1 X94.1249 Y133.8597 Z0.3784 E0.02133 F1080
G1 X93.8971 Y133.5310 Z0.3783 E0.02133 F1080
G1 X93.6738 Y133.1991 Z0.3782 E0.02133 F1080
G1 X93.4552 Y132.8641 Z0.3781 E0.02133 F1080
G1 X93.2414 Y132.5260 Z0.3780 E0.02133 F1080
G1 X93.0323 Y132.1850 Z0.3779 E0.02133 F1080
G1 X92.8280 Y131.8411 Z0.3778 E0.02133 F1080
G1 X92.6285 Y131.4944 Z0.3777 E0.02133 F1080
G1 X92.4339 Y131.1449 Z0.3776 E0.02133 F1080
G1 X92.2443 Y130.7927 Z0.3775 E0.02133 F1080
G1 X92.0596 Y130.4379 Z0.3774 E0.02133 F1080
G1 X91.8798 Y130.0806 Z0.3773 E0.02133 F1080
G1 X91.7051 Y129.7207 Z0.3772 E0.02133 F1080
G1 X91.5355 Y129.3585 Z0.3771 E0.02133 F1080
G1 X91.3710 Y128.9939 Z0.3770 E0.02133 F1080
G1 X91.2116 Y128.6270 Z0.3769 E0.02133 F1080
G1 X91.0573 Y128.2579 Z0.3768 E0.02133 F1080
G1 X90.9082 Y127.8868 Z0.3767 E0.02133 F1080
G1 X90.7644 Y127.5135 Z0.3765 E0.02133 F1080
G1 X90.6258 Y127.1383 Z0.3764 E0.02133 F1080
G1 X90.4924 Y126.7612 Z0.3763 E0.02133 F1080
G1 X90.3644 Y126.3822 Z0.3762 E0.02133 F1080
G1 X90.2416 Y126.0015 Z0.3761 E0.02133 F1080
G1 X90.1243 Y125.6191 Z0.3760 E0.02133 F1080
G1 X90.0122 Y125.2351 Z0.3759 E0.02133 F1080
G1 X89.9056 Y124.8496 Z0.3758 E0.02133 F1080
G1 X89.8044 Y124.4626 Z0.3757 E0.02133 F1080
G1 X89.7086 Y124.0742 Z0.3756 E0.02133 F1080
G1 X89.6183 Y123.6845 Z0.3755 E0.02133 F1080
G1 X89.5334 Y123.2936 Z0.3754 E0.02133 F1080
G1 X89.4541 Y122.9016 Z0.3753 E0.02133 F1080
G1 X89.3802 Y122.5085 Z0.3752 E0.02133 F1080
G1 X89.3118 Y122.1143 Z0.3751 E0.02133 F1080
G1 X89.2490 Y121.7193 Z0.3750 E0.02133 F1080
G1 X89.1917 Y121.3234 Z0.3749 E0.02133 F1080
G1 X89.1399 Y120.9268 Z0.3748 E0.02133 F1080
G1 X89.0937 Y120.5295 Z0.3747 E0.02133 F1080
G1 X89.0531 Y120.1315 Z0.3746 E0.02133 F1080
G1 X89.0180 Y119.7331 Z0.3745 E0.02133 F1080
G1 X88.9885 Y119.3341 Z0.3744 E0.02133 F1080
G1 X88.9646 Y118.9348 Z0.3743 E0.02133 F1080
G1 X88.9464 Y118.5353 Z0.3742 E0.02133 F1080
G1 X88.9337 Y118.1355 Z0.3741 E0.02133 F1080
G1 X88.9266 Y117.7355 Z0.3740 E0.02133 F1080
G1 X88.9251 Y117.3355 Z0.3739 E0.02133 F1080
G1 X88.9292 Y116.9355 Z0.3738 E0.02133 F1080
G1 X88.9389 Y116.5356 Z0.3737 E0.02133 F1080
G1 X88.9542 Y116.1359 Z0.3736 E0.02133 F1080
G1 X88.9750 Y115.7365 Z0.3735 E0.02133 F1080
G1 X89.0015 Y115.3373 Z0.3734 E0.02133 F1080
G1 X89.0336 Y114.9386 Z0.3733 E0.02133 F1080
G1 X89.0712 Y114.5404 Z0.3732 E0.02133 F1080
G1 X89.1144 Y114.1427 Z0.3731 E0.02133 F1080
G1 X89.1632 Y113.7457 Z0.3729 E0.02133 F1080
G1 X89.2175 Y113.3494 Z0.3728 E0.02133 F1080
G1 X89.2774 Y112.9539 Z0.3727 E0.02133 F1080
G1 X89.3427 Y112.5593 Z0.3726 E0.02133 F1080
G1 X89.4136 Y112.1656 Z0.3725 E0.02133 F1080
G1 X89.4900 Y111.7730 Z0.3724 E0.02133 F1080
G1 X89.5719 Y111.3814 Z0.3723 E0.02133 F1080
G1 X89.6593 Y110.9911 Z0.3722 E0.02133 F1080
G1 X89.7521 Y110.6020 Z0.3721 E0.02133 F1080
G1 X89.8503 Y110.2142 Z0.3720 E0.02133 F1080
G1 X89.9540 Y109.8279 Z0.3719 E0.02133 F1080
G1 X90.0631 Y109.4431 Z0.3718 E0.02133 F1080
G1 X90.1775 Y109.0598 Z0.3717 E0.02133 F1080
G1 X90.2973 Y108.6781 Z0.3716 E0.02133 F1080
G1 X90.4224 Y108.2982 Z0.3715 E0.02133 F1080
G1 X90.5528 Y107.9200 Z0.3714 E0.02133 F1080
G1 X90.6884 Y107.5437 Z0.3713 E0.02133 F1080
G1 X90.8294 Y107.1694 Z0.3712 E0.02133 F1080
G1 X90.9755 Y106.7970 Z0.3711 E0.02133 F1080
G1 X91.1269 Y106.4268 Z0.3710 E0.02133 F1080
G1 X91.2834 Y106.0586 Z0.3709 E0.02133 F1080
G1 X91.4450 Y105.6927 Z0.3708 E0.02133 F1080
G1 X91.6118 Y105.3292 Z0.3707 E0.02133 F1080
G1 X91.7836 Y104.9679 Z0.3706 E0.02133 F1080
G1 X91.9604 Y104.6091 Z0.3705 E0.02133 F1080
G1 X92.1423 Y104.2529 Z0.3704 E0.02133 F1080
G1 X92.3291 Y103.8991 Z0.3703 E0.02133 F1080
G1 X92.5208 Y103.5481 Z0.3702 E0.02133 F1080
G1 X92.7174 Y103.1997 Z0.3701 E0.02133 F1080
G1 X92.9189 Y102.8542 Z0.3700 E0.02133 F1080
G1 X93.1252 Y102.5115 Z0.3699 E0.02133 F1080
G1 X93.3362 Y102.1717 Z0.3698 E0.02133 F1080
G1 X93.5520 Y101.8349 Z0.3697 E0.02133 F1080
G1 X93.7725 Y101.5011 Z0.3696 E0.02133 F1080
G1 X93.9976 Y101.1704 Z0.3695 E0.02133 F1080
G1 X94.2273 Y100.8430 Z0.3694 E0.02133 F1080
G1 X94.4616 Y100.5188 Z0.3693 E0.02133 F1080
G1 X94.7003 Y100.1978 Z0.3692 E0.02133 F1080
G1 X94.9436 Y99.8803 Z0.3691 E0.02133 F1080
G1 X95.1912 Y99.5662 Z0.3690 E0.02133 F1080
G1 X95.4432 Y99.2555 Z0.3689 E0.02133 F1080
G1 X95.6996 Y98.9484 Z0.3688 E0.02133 F1080
G1 X95.9602 Y98.6450 Z0.3687 E0.02133 F1080
G1 X96.2250 Y98.3452 Z0.3686 E0.02133 F1080
G1 X96.4940 Y98.0491 Z0.3685 E0.02133 F1080
G1 X96.7670 Y97.7568 Z0.3684 E0.02133 F1080
G1 X97.0442 Y97.4684 Z0.3684 E0.02133 F1080
G1 X97.3253 Y97.1839 Z0.3683 E0.02133 F1080
G1 X97.6104 Y96.9033 Z0.3682 E0.02133 F1080
G1 X97.8994 Y96.6267 Z0.3681 E0.02133 F1080
G1 X98.1922 Y96.3542 Z0.3680 E0.02133 F1080
G1 X98.4888 Y96.0858 Z0.3679 E0.02133 F1080
G1 X98.7892 Y95.8216 Z0.3678 E0.02133 F1080
G1 X99.0931 Y95.5616 Z0.3677 E0.02133 F1080
G1 X99.4007 Y95.3059 Z0.3676 E0.02133 F1080
G1 X99.7118 Y95.0545 Z0.3675 E0.02133 F1080
G1 X100.0264 Y94.8074 Z0.3674 E0.02133 F1080
G1 X100.3445 Y94.5648 Z0.3673 E0.02133 F1080
G1 X100.6658 Y94.3266 Z0.3672 E0.02133 F1080
G1 X100.9905 Y94.0930 Z0.3671 E0.02133 F1080
G1 X101.3184 Y93.8639 Z0.3670 E0.02133 F1080
G1 X101.6495 Y93.6394 Z0.3669 E0.02133 F1080
G1 X101.9837 Y93.4196 Z0.3668 E0.02133 F1080
G1 X102.3209 Y93.2044 Z0.3667 E0.02133 F1080
G1 X102.6611 Y92.9940 Z0.3666 E0.02133 F1080
G1 X103.0042 Y92.7884 Z0.3665 E0.02133 F1080
G1 X103.3501 Y92.5875 Z0.3664 E0.02133 F1080
G1 X103.6988 Y92.3915 Z0.3663 E0.02133 F1080
G1 X104.0502 Y92.2004 Z0.3662 E0.02133 F1080
G1 X104.4042 Y92.0142 Z0.3661 E0.02133 F1080
G1 X104.7608 Y91.8330 Z0.3660 E0.02133 F1080
G1 X105.1199 Y91.6568 Z0.3659 E0.02133 F1080
G1 X105.4814 Y91.4856 Z0.3658 E0.02133 F1080
G1 X105.8453 Y91.3195 Z0.3657 E0.02133 F1080
G1 X106.2115 Y91.1584 Z0.3656 E0.02133 F1080
G1 X106.5798 Y91.0025 Z0.3655 E0.02133 F1080
G1 X106.9504 Y90.8517 Z0.3654 E0.02133 F1080
G1 X107.3229 Y90.7062 Z0.3653 E0.02133 F1080
G1 X107.6975 Y90.5658 Z0.3652 E0.02133 F1080
G1 X108.0740 Y90.4307 Z0.3651 E0.02133 F1080
G1 X108.4523 Y90.3009 Z0.3650 E0.02133 F1080
G1 X108.8325 Y90.1763 Z0.3650 E0.02133 F1080
G1 X109.2143 Y90.0571 Z0.3649 E0.02133 F1080
G1 X109.5977 Y89.9432 Z0.3648 E0.02133 F1080
G1 X109.9827 Y89.8346 Z0.3647 E0.02133 F1080
G1 X110.3692 Y89.7315 Z0.3646 E0.02133 F1080
G1 X110.7571 Y89.6337 Z0.3645 E0.02133 F1080
G1 X111.1463 Y89.5414 Z0.3644 E0.02133 F1080
G1 X111.5367 Y89.4545 Z0.3643 E0.02133 F1080
G1 X111.9284 Y89.3730 Z0.3642 E0.02133 F1080
G1 X112.3211 Y89.2971 Z0.3641 E0.02133 F1080
G1 X112.7148 Y89.2266 Z0.3640 E0.02133 F1080
G1 X113.1095 Y89.1616 Z0.3639 E0.02133 F1080
G1 X113.5051 Y89.1021 Z0.3638 E0.02133 F1080
G1 X113.9014 Y89.0482 Z0.3637 E0.02133 F1080
G1 X114.2985 Y88.9998 Z0.3636 E0.02133 F1080
G1 X114.6962 Y88.9569 Z0.3635 E0.02133 F1080
G1 X115.0944 Y88.9196 Z0.3634 E0.02133 F1080
G1 X115.4932 Y88.8878 Z0.3633 E0.02133 F1080
G1 X115.8923 Y88.8616 Z0.3632 E0.02133 F1080
G1 X116.2918 Y88.8410 Z0.3631 E0.02133 F1080
G1 X116.6915 Y88.8259 Z0.3630 E0.02133 F1080
G1 X117.0914 Y88.8164 Z0.3630 E0.02133 F1080
G1 X117.4914 Y88.8125 Z0.3629 E0.02133 F1080
G1 X117.8914 Y88.8142 Z0.3628 E0.02133 F1080
G1 X118.2913 Y88.8214 Z0.3627 E0.02133 F1080
G1 X118.6911 Y88.8343 Z0.3626 E0.02133 F1080
G1 X119.0907 Y88.8527 Z0.3625 E0.02133 F1080
G1 X119.4900 Y88.8766 Z0.3624 E0.02133 F1080
G1 X119.8889 Y88.9062 Z0.3623 E0.02133 F1080
G1 X120.2874 Y88.9412 Z0.3622 E0.02133 F1080
G1 X120.6853 Y88.9819 Z0.3621 E0.02133 F1080
G1 X121.0827 Y89.0281 Z0.3620 E0.02133 F1080
G1 X121.4793 Y89.0798 Z0.3619 E0.02133 F1080
G1 X121.8752 Y89.1370 Z0.3618 E0.02133 F1080
G1 X122.2702 Y89.1998 Z0.3617 E0.02133 F1080
G1 X122.6644 Y89.2680 Z0.3616 E0.02133 F1080
G1 X123.0575 Y89.3417 Z0.3615 E0.02133 F1080
G1 X123.4496 Y89.4210 Z0.3615 E0.02133 F1080
G1 X123.8406 Y89.5056 Z0.3614 E0.02133 F1080
G1 X124.2303 Y89.5957 Z0.3613 E0.02133 F1080
G1 X124.6187 Y89.6912 Z0.3612 E0.02133 F1080
G1 X125.0058 Y89.7922 Z0.3611 E0.02133 F1080
G1 X125.3914 Y89.8985 Z0.3610 E0.02133 F1080
G1 X125.7755 Y90.0102 Z0.3609 E0.02133 F1080
G1 X126.1580 Y90.1272 Z0.3608 E0.02133 F1080
G1 X126.5388 Y90.2495 Z0.3607 E0.02133 F1080
G1 X126.9179 Y90.3772 Z0.3606 E0.02133 F1080
G1 X127.2952 Y90.5100 Z0.3605 E0.02133 F1080
G1 X127.6706 Y90.6482 Z0.3604 E0.02133 F1080
G1 X128.0440 Y90.7915 Z0.3603 E0.02133 F1080
G1 X128.4155 Y90.9401 Z0.3602 E0.02133 F1080
G1 X128.7847 Y91.0938 Z0.3602 E0.02133 F1080
G1 X129.1519 Y91.2526 Z0.3601 E0.02133 F1080
G1 X129.5167 Y91.4166 Z0.3600 E0.02133 F1080
G1 X129.8793 Y91.5856 Z0.3599 E0.02133 F1080
G1 X130.2394 Y91.7596 Z0.3598 E0.02133 F1080
G1 X130.5972 Y91.9386 Z0.3597 E0.02133 F1080
G1 X130.9523 Y92.1226 Z0.3596 E0.02133 F1080
G1 X131.3049 Y92.3115 Z0.3595 E0.02133 F1080
G1 X131.6548 Y92.5054 Z0.3594 E0.02133 F1080
G1 X132.0020 Y92.7040 Z0.3593 E0.02133 F1080
G1 X132.3464 Y92.9075 Z0.3592 E0.02133 F1080
G1 X132.6879 Y93.1158 Z0.3591 E0.02133 F1080
G1 X133.0265 Y93.3288 Z0.3591 E0.02133 F1080
G1 X133.3621 Y93.5464 Z0.3590 E0.02133 F1080
G1 X133.6946 Y93.7688 Z0.3589 E0.02133 F1080
G1 X134.0240 Y93.9957 Z0.3588 E0.02133 F1080
G1 X134.3502 Y94.2272 Z0.3587 E0.02133 F1080
G1 X134.6731 Y94.4633 Z0.3586 E0.02133 F1080
G1 X134.9928 Y94.7038 Z0.3585 E0.02133 F1080
G1 X135.3090 Y94.9487 Z0.3584 E0.02133 F1080
G1 X135.6218 Y95.1980 Z0.3583 E0.02133 F1080
G1 X135.9311 Y95.4516 Z0.3582 E0.02133 F1080
G1 X136.2369 Y95.7096 Z0.3581 E0.02133 F1080
G1 X136.5390 Y95.9717 Z0.3581 E0.02133 F1080
G1 X136.8375 Y96.2380 Z0.3580 E0.02133 F1080
G1 X137.1322 Y96.5085 Z0.3579 E0.02133 F1080
G1 X137.4231 Y96.7830 Z0.3578 E0.02133 F1080
G1 X137.7102 Y97.0616 Z0.3577 E0.02133 F1080
G1 X137.9933 Y97.3441 Z0.3576 E0.02133 F1080
G1 X138.2726 Y97.6305 Z0.3575 E0.02133 F1080
G1 X138.5477 Y97.9208 Z0.3574 E0.02133 F1080
G1 X138.8189 Y98.2149 Z0.3573 E0.02133 F1080
G1 X139.0859 Y98.5128 Z0.3572 E0.02133 F1080
G1 X139.3487 Y98.8143 Z0.3572 E0.02133 F1080
G1 X139.6074 Y99.1194 Z0.3571 E0.02133 F1080
G1 X139.8617 Y99.4281 Z0.3570 E0.02133 F1080
G1 X140.1118 Y99.7404 Z0.3569 E0.02133 F1080
G1 X140.3574 Y100.0561 Z0.3568 E0.02133 F1080
G1 X140.5987 Y100.3751 Z0.3567 E0.02133 F1080
G1 X140.8355 Y100.6975 Z0.3566 E0.02133 F1080
G1 X141.0677 Y101.0232 Z0.3565 E0.02133 F1080
G1 X141.2955 Y101.3520 Z0.3564 E0.02133 F1080
G1 X141.5186 Y101.6840 Z0.3563 E0.02133 F1080
G1 X141.7371 Y102.0191 Z0.3563 E0.02133 F1080
G1 X141.9509 Y102.3571 Z0.3562 E0.02133 F1080
G1 X142.1600 Y102.6981 Z0.3561 E0.02133 F1080
G1 X142.3643 Y103.0420 Z0.3560 E0.02133 F1080
G1 X142.5639 Y103.3887 Z0.3559 E0.02133 F1080
G1 X142.7585 Y103.7381 Z0.3558 E0.02133 F1080
G1 X142.9484 Y104.0902 Z0.3557 E0.02133 F1080
G1 X143.1332 Y104.4449 Z0.3556 E0.02133 F1080
G1 X143.3132 Y104.8022 Z0.3555 E0.02133 F1080
G1 X143.4881 Y105.1619 Z0.3555 E0.02133 F1080
G1 X143.6581 Y105.5240 Z0.3554 E0.02133 F1080
G1 X143.8230 Y105.8884 Z0.3553 E0.02133 F1080
G1 X143.9828 Y106.2551 Z0.3552 E0.02133 F1080
G1 X144.1375 Y106.6240 Z0.3551 E0.02133 F1080
G1 X144.2870 Y106.9950 Z0.3550 E0.02133 F1080
G1 X144.4314 Y107.3681 Z0.3549 E0.02133 F1080
G1 X144.5706 Y107.7431 Z0.3548 E0.02133 F1080
G1 X144.7045 Y108.1200 Z0.3547 E0.02133 F1080
G1 X144.8332 Y108.4987 Z0.3547 E0.02133 F1080
G1 X144.9566 Y108.8792 Z0.3546 E0.02133 F1080
G1 X145.0748 Y109.2614 Z0.3545 E0.02133 F1080
G1 X145.1876 Y109.6451 Z0.3544 E0.02133 F1080
G1 X145.2950 Y110.0305 Z0.3543 E0.02133 F1080
G1 X145.3971 Y110.4172 Z0.3542 E0.02133 F1080
G1 X145.4938 Y110.8053 Z0.3541 E0.02133 F1080
G1 X145.5851 Y111.1948 Z0.3540 E0.02133 F1080
G1 X145.6710 Y111.5855 Z0.3540 E0.02133 F1080
G1 X145.7514 Y111.9773 Z0.3539 E0.02133 F1080
G1 X145.8264 Y112.3702 Z0.3538 E0.02133 F1080
G1 X145.8959 Y112.7641 Z0.3537 E0.02133 F1080
G1 X145.9600 Y113.1590 Z0.3536 E0.02133 F1080
G1 X146.0185 Y113.5547 Z0.3535 E0.02133 F1080
G1 X146.0716 Y113.9511 Z0.3534 E0.02133 F1080
G1 X146.1191 Y114.3483 Z0.3534 E0.02133 F1080
G1 X146.1611 Y114.7461 Z0.3533 E0.02133 F1080
G1 X146.1976 Y115.1444 Z0.3532 E0.02133 F1080
G1 X146.2286 Y115.5433 Z0.3531 E0.02133 F1080
G1 X146.2540 Y115.9425 Z0.3530 E0.02133 F1080
G1 X146.2738 Y116.3420 Z0.3529 E0.02133 F1080
G1 X146.2881 Y116.7417 Z0.3528 E0.02133 F1080
G1 X146.2969 Y117.1416 Z0.3527 E0.02133 F1080
G1 X146.3001 Y117.5416 Z0.3527 E0.02133 F1080
G1 X146.2977 Y117.9416 Z0.3526 E0.02133 F1080
G1 X146.2898 Y118.3415 Z0.3525 E0.02133 F1080
G1 X146.2763 Y118.7413 Z0.3524 E0.02133 F1080
G1 X146.2573 Y119.1409 Z0.3523 E0.02133 F1080
G1 X146.2327 Y119.5401 Z0.3522 E0.02133 F1080
G1 X146.2026 Y119.9390 Z0.3521 E0.02133 F1080
G1 X146.1670 Y120.3374 Z0.3521 E0.02133 F1080
G1 X146.1258 Y120.7353 Z0.3520 E0.02133 F1080
G1 X146.0791 Y121.1326 Z0.3519 E0.02133 F1080
G1 X146.0269 Y121.5291 Z0.3518 E0.02133 F1080
G1 X145.9692 Y121.9250 Z0.3517 E0.02133 F1080
G1 X145.9060 Y122.3199 Z0.3516 E0.02133 F1080
G1 X145.8373 Y122.7140 Z0.3515 E0.02133 F1080
G1 X145.7632 Y123.1071 Z0.3515 E0.02133 F1080
G1 X145.6836 Y123.4991 Z0.3514 E0.02133 F1080
G1 X145.5986 Y123.8900 Z0.3513 E0.02133 F1080
G1 X145.5082 Y124.2796 Z0.3512 E0.02133 F1080
G1 X145.4123 Y124.6680 Z0.3511 E0.02133 F1080
G1 X145.3111 Y125.0549 Z0.3510 E0.02133 F1080
G1 X145.2045 Y125.4405 Z0.3509 E0.02133 F1080
G1 X145.0926 Y125.8245 Z0.3509 E0.02133 F1080
G1 X144.9754 Y126.2070 Z0.3508 E0.02133 F1080
G1 X144.8528 Y126.5877 Z0.3507 E0.02133 F1080
G1 X144.7250 Y126.9668 Z0.3506 E0.02133 F1080
G1 X144.5920 Y127.3440 Z0.3505 E0.02133 F1080
G1 X144.4537 Y127.7193 Z0.3504 E0.02133 F1080
G1 X144.3102 Y128.0927 Z0.3504 E0.02133 F1080
G1 X144.1616 Y128.4641 Z0.3503 E0.02133 F1080
G1 X144.0078 Y128.8333 Z0.3502 E0.02133 F1080
G1 X143.8489 Y129.2004 Z0.3501 E0.02133 F1080
G1 X143.6849 Y129.5653 Z0.3500 E0.02133 F1080
G1 X143.5159 Y129.9278 Z0.3499 E0.02133 F1080
G1 X143.3419 Y130.2880 Z0.3499 E0.02133 F1080
G1 X143.1629 Y130.6457 Z0.3498 E0.02133 F1080
G1 X142.9789 Y131.0009 Z0.3497 E0.02133 F1080
G1 X142.7901 Y131.3535 Z0.3496 E0.02133 F1080
G1 X142.5963 Y131.7035 Z0.3495 E0.02133 F1080
G1 X142.3978 Y132.0507 Z0.3494 E0.02133 F1080
G1 X142.1944 Y132.3952 Z0.3493 E0.02133 F1080
G1 X141.9863 Y132.7368 Z0.3493 E0.02133 F1080
G1 X141.7734 Y133.0755 Z0.3492 E0.02133 F1080
G1 X141.5559 Y133.4111 Z0.3491 E0.02133 F1080
G1 X141.3338 Y133.7438 Z0.3490 E0.02133 F1080
G1 X141.1070 Y134.0733 Z0.3489 E0.02133 F1080
G1 X140.8757 Y134.3997 Z0.3488 E0.02133 F1080
G1 X140.6399 Y134.7228 Z0.3488 E0.02133 F1080
G1 X140.3997 Y135.0426 Z0.3487 E0.02133 F1080
G1 X140.1550 Y135.3591 Z0.3486 E0.02133 F1080
G1 X139.9060 Y135.6721 Z0.3485 E0.02133 F1080
G1 X139.6526 Y135.9816 Z0.3484 E0.02133 F1080
G1 X139.3950 Y136.2876 Z0.3484 E0.02133 F1080
G1 X139.1332 Y136.5901 Z0.3483 E0.02133 F1080
G1 X138.8672 Y136.8888 Z0.3482 E0.02133 F1080
G1 X138.5971 Y137.1838 Z0.3481 E0.02133 F1080
G1 X138.3229 Y137.4751 Z0.3480 E0.02133 F1080
G1 X138.0447 Y137.7625 Z0.3479 E0.02133 F1080
G1 X137.7626 Y138.0460 Z0.3479 E0.02133 F1080
G1 X137.4765 Y138.3257 Z0.3478 E0.02133 F1080
G1 X137.1866 Y138.6013 Z0.3477 E0.02133 F1080
G1 X136.8929 Y138.8728 Z0.3476 E0.02133 F1080
G1 X136.5955 Y139.1403 Z0.3475 E0.02133 F1080
G1 X136.2944 Y139.4036 Z0.3474 E0.02133 F1080
G1 X135.9897 Y139.6628 Z0.3474 E0.02133 F1080
G1 X135.6814 Y139.9176 Z0.3473 E0.02133 F1080
G1 X135.3696 Y140.1682 Z0.3472 E0.02133 F1080
G1 X135.0544 Y140.4145 Z0.3471 E0.02133 F1080
G1 X134.7357 Y140.6563 Z0.3470 E0.02133 F1080
G1 X134.4138 Y140.8937 Z0.3470 E0.02133 F1080
G1 X134.0886 Y141.1266 Z0.3469 E0.02133 F1080
G1 X133.7602 Y141.3550 Z0.3468 E0.02133 F1080
G1 X133.4287 Y141.5788 Z0.3467 E0.02133 F1080
G1 X133.0941 Y141.7980 Z0.3466 E0.02133 F1080
G1 X132.7565 Y142.0126 Z0.3466 E0.02133 F1080
G1 X132.4160 Y142.2225 Z0.3465 E0.02133 F1080
G1 X132.0726 Y142.4276 Z0.3464 E0.02133 F1080
G1 X131.7263 Y142.6279 Z0.3463 E0.02133 F1080
G1 X131.3774 Y142.8234 Z0.3462 E0.02133 F1080
G1 X131.0257 Y143.0141 Z0.3461 E0.02133 F1080
G1 X130.6715 Y143.1999 Z0.3461 E0.02133 F1080
G1 X130.3147 Y143.3807 Z0.3460 E0.02133 F1080
G1 X129.9555 Y143.5566 Z0.3459 E0.02133 F1080
G1 X129.5938 Y143.7275 Z0.3458 E0.02133 F1080
G1 X129.2298 Y143.8934 Z0.3457 E0.02133 F1080
G1 X128.8636 Y144.0542 Z0.3457 E0.02133 F1080
G1 X128.4951 Y144.2100 Z0.3456 E0.02133 F1080
G1 X128.1246 Y144.3606 Z0.3455 E0.02133 F1080
G1 X127.7519 Y144.5061 Z0.3454 E0.02133 F1080
G1 X127.3774 Y144.6464 Z0.3453 E0.02133 F1080
G1 X127.0009 Y144.7815 Z0.3453 E0.02133 F1080
G1 X126.6225 Y144.9114 Z0.3452 E0.02133 F1080
G1 X126.2424 Y145.0360 Z0.3451 E0.02133 F1080
G1 X125.8606 Y145.1553 Z0.3450 E0.02133 F1080
G1 X125.4772 Y145.2694 Z0.3449 E0.02133 F1080
G1 X125.0923 Y145.3781 Z0.3449 E0.02133 F1080
G1 X124.7059 Y145.4815 Z0.3448 E0.02133 F1080
G1 X124.3181 Y145.5795 Z0.3447 E0.02133 F1080
G1 X123.9290 Y145.6722 Z0.3446 E0.02133 F1080
G1 X123.5386 Y145.7595 Z0.3445 E0.02133 F1080
G1 X123.1470 Y145.8413 Z0.3445 E0.02133 F1080
G1 X122.7544 Y145.9177 Z0.3444 E0.02133 F1080
G1 X122.3607 Y145.9887 Z0.3443 E0.02133 F1080
G1 X121.9661 Y146.0542 Z0.3442 E0.02133 F1080
G1 X121.5707 Y146.1143 Z0.3441 E0.02133 F1080
G1 X121.1744 Y146.1689 Z0.3441 E0.02133 F1080
G1 X120.7774 Y146.2179 Z0.3440 E0.02133 F1080
G1 X120.3798 Y146.2615 Z0.3439 E0.02133 F1080
G1 X119.9816 Y146.2996 Z0.3438 E0.02133 F1080
G1 X119.5829 Y146.3322 Z0.3438 E0.02133 F1080
G1 X119.1839 Y146.3592 Z0.3437 E0.02133 F1080
G1 X118.7844 Y146.3808 Z0.3436 E0.02133 F1080
G1 X118.3847 Y146.3968 Z0.3435 E0.02133 F1080
G1 X117.9849 Y146.4072 Z0.3434 E0.02133 F1080
G1 X117.5849 Y146.4122 Z0.3434 E0.02133 F1080
G1 X117.1849 Y146.4116 Z0.3433 E0.02133 F1080
G1 X116.7849 Y146.4054 Z0.3432 E0.02133 F1080
G1 X116.3851 Y146.3938 Z0.3431 E0.02133 F1080
G1 X115.9855 Y146.3766 Z0.3431 E0.02133 F1080
G1 X115.5861 Y146.3538 Z0.3430 E0.02133 F1080
G1 X115.1871 Y146.3256 Z0.3429 E0.02133 F1080
G1 X114.7885 Y146.2918 Z0.3428 E0.02133 F1080
G1 X114.3905 Y146.2526 Z0.3427 E0.02133 F1080
G1 X113.9930 Y146.2078 Z0.3427 E0.02133 F1080
G1 X113.5961 Y146.1575 Z0.3426 E0.02133 F1080
G1 X113.2000 Y146.1018 Z0.3425 E0.02133 F1080
G1 X112.8047 Y146.0405 Z0.3424 E0.02133 F1080
G1 X112.4103 Y145.9739 Z0.3424 E0.02133 F1080
G1 X112.0169 Y145.9017 Z0.3423 E0.02133 F1080
G1 X111.6245 Y145.8242 Z0.3422 E0.02133 F1080
G1 X111.2332 Y145.7412 Z0.3421 E0.02133 F1080
G1 X110.8430 Y145.6528 Z0.3420 E0.02133 F1080
G1 X110.4542 Y145.5590 Z0.3420 E0.02133 F1080
G1 X110.0667 Y145.4599 Z0.3419 E0.02133 F1080
G1 X109.6805 Y145.3554 Z0.3418 E0.02133 F1080
G1 X109.2959 Y145.2456 Z0.3417 E0.02133 F1080
G1 X108.9128 Y145.1304 Z0.3417 E0.02133 F1080
G1 X108.5314 Y145.0100 Z0.3416 E0.02133 F1080
G1 X108.1516 Y144.8844 Z0.3415 E0.02133 F1080
G1 X107.7737 Y144.7535 Z0.3414 E0.02133 F1080
G1 X107.3975 Y144.6173 Z0.3414 E0.02133 F1080
G1 X107.0233 Y144.4760 Z0.3413 E0.02133 F1080
G1 X106.6511 Y144.3296 Z0.3412 E0.02133 F1080
G1 X106.2809 Y144.1780 Z0.3411 E0.02133 F1080
G1 X105.9129 Y144.0213 Z0.3410 E0.02133 F1080
G1 X105.5470 Y143.8595 Z0.3410 E0.02133 F1080
G1 X105.1835 Y143.6927 Z0.3409 E0.02133 F1080
G1 X104.8223 Y143.5209 Z0.3408 E0.02133 F1080
G1 X104.4634 Y143.3441 Z0.3407 E0.02133 F1080
G1 X104.1071 Y143.1624 Z0.3407 E0.02133 F1080
G1 X103.7533 Y142.9757 Z0.3406 E0.02133 F1080
G1 X103.4021 Y142.7842 Z0.3405 E0.02133 F1080
G1 X103.0536 Y142.5879 Z0.3404 E0.02133 F1080
G1 X102.7079 Y142.3867 Z0.3404 E0.02133 F1080
G1 X102.3649 Y142.1808 Z0.3403 E0.02133 F1080
G1 X102.0249 Y141.9702 Z0.3402 E0.02133 F1080
G1 X101.6878 Y141.7549 Z0.3401 E0.02133 F1080
G1 X101.3536 Y141.5350 Z0.3401 E0.02133 F1080
G1 X101.0226 Y141.3104 Z0.3400 E0.02133 F1080
G1 X100.6947 Y141.0814 Z0.3399 E0.02133 F1080
G1 X100.3700 Y140.8478 Z0.3398 E0.02133 F1080
G1 X100.0485 Y140.6097 Z0.3398 E0.02133 F1080
G1 X99.7304 Y140.3672 Z0.3397 E0.02133 F1080
G1 X99.4156 Y140.1204 Z0.3396 E0.02133 F1080
G1 X99.1043 Y139.8692 Z0.3395 E0.02133 F1080
G1 X98.7965 Y139.6138 Z0.3395 E0.02133 F1080
G1 X98.4922 Y139.3541 Z0.3394 E0.02133 F1080
G1 X98.1915 Y139.0903 Z0.3393 E0.02133 F1080
G1 X97.8946 Y138.8223 Z0.3392 E0.02133 F1080
G1 X97.6013 Y138.5503 Z0.3392 E0.02133 F1080
G1 X97.3119 Y138.2742 Z0.3391 E0.02133 F1080
G1 X97.0262 Y137.9942 Z0.3390 E0.02133 F1080
G1 X96.7445 Y137.7102 Z0.3389 E0.02133 F1080
G1 X96.4667 Y137.4224 Z0.3389 E0.02133 F1080
G1 X96.1929 Y137.1308 Z0.3388 E0.02133 F1080
G1 X95.9232 Y136.8354 Z0.3387 E0.02133 F1080
G1 X95.6576 Y136.5363 Z0.3386 E0.02133 F1080
G1 X95.3961 Y136.2336 Z0.3386 E0.02133 F1080
G1 X95.1388 Y135.9273 Z0.3385 E0.02133 F1080
G1 X94.8858 Y135.6175 Z0.3384 E0.02133 F1080
G1 X94.6371 Y135.3042 Z0.3384 E0.02133 F1080
G1 X94.3927 Y134.9875 Z0.3383 E0.02133 F1080
G1 X94.1528 Y134.6675 Z0.3382 E0.02133 F1080
G1 X93.9172 Y134.3442 Z0.3381 E0.02133 F1080
G1 X93.6862 Y134.0177 Z0.3381 E0.02133 F1080
G1 X93.4597 Y133.6880 Z0.3380 E0.02133 F1080
G1 X93.2377 Y133.3552 Z0.3379 E0.02133 F1080
G1 X93.0204 Y133.0194 Z0.3378 E0.02133 F1080
G1 X92.8077 Y132.6806 Z0.3378 E0.02133 F1080
G1 X92.5997 Y132.3389 Z0.3377 E0.02133 F1080
G1 X92.3965 Y131.9944 Z0.3376 E0.02133 F1080
G1 X92.1980 Y131.6471 Z0.3376 E0.02133 F1080
G1 X92.0043 Y131.2971 Z0.3375 E0.02133 F1080
G1 X91.8155 Y130.9445 Z0.3374 E0.02133 F1080
G1 X91.6316 Y130.5893 Z0.3373 E0.02133 F1080
G1 X91.4526 Y130.2316 Z0.3373 E0.02133 F1080
G1 X91.2785 Y129.8714 Z0.3372 E0.02133 F1080
G1 X91.1094 Y129.5089 Z0.3371 E0.02133 F1080
G1 X90.9454 Y129.1441 Z0.3370 E0.02133 F1080
G1 X90.7863 Y128.7770 Z0.3370 E0.02133 F1080
G1 X90.6324 Y128.4078 Z0.3369 E0.02133 F1080
G1 X90.4836 Y128.0366 Z0.3368 E0.02133 F1080
G1 X90.3399 Y127.6632 Z0.3368 E0.02133 F1080
G1 X90.2014 Y127.2880 Z0.3367 E0.02133 F1080
G1 X90.0680 Y126.9109 Z0.3366 E0.02133 F1080
G1 X89.9399 Y126.5319 Z0.3365 E0.02133 F1080
G1 X89.8170 Y126.1513 Z0.3365 E0.02133 F1080
G1 X89.6994 Y125.7690 Z0.3364 E0.02133 F1080
G1 X89.5871 Y125.3851 Z0.3363 E0.02133 F1080
G1 X89.4800 Y124.9996 Z0.3363 E0.02133 F1080
G1 X89.3783 Y124.6128 Z0.3362 E0.02133 F1080
G1 X89.2819 Y124.2246 Z0.3361 E0.02133 F1080
G1 X89.1909 Y123.8350 Z0.3360 E0.02133 F1080
G1 X89.1053 Y123.4443 Z0.3360 E0.02133 F1080
G1 X89.0251 Y123.0524 Z0.3359 E0.02133 F1080
G1 X88.9503 Y122.6595 Z0.3358 E0.02133 F1080
G1 X88.8809 Y122.2655 Z0.3358 E0.02133 F1080
G1 X88.8169 Y121.8707 Z0.3357 E0.02133 F1080
G1 X88.7584 Y121.4750 Z0.3356 E0.02133 F1080
G1 X88.7054 Y121.0785 Z0.3355 E0.02133 F1080
G1 X88.6578 Y120.6813 Z0.3355 E0.02133 F1080
G1 X88.6157 Y120.2836 Z0.3354 E0.02133 F1080
G1 X88.5791 Y119.8852 Z0.3353 E0.02133 F1080
G1 X88.5480 Y119.4864 Z0.3353 E0.02133 F1080
G1 X88.5224 Y119.0873 Z0.3352 E0.02133 F1080
G1 X88.5022 Y118.6878 Z0.3351 E0.02133 F1080
G1 X88.4876 Y118.2880 Z0.3350 E0.02133 F1080
G1 X88.4786 Y117.8881 Z0.3350 E0.02133 F1080
G1 X88.4750 Y117.4881 Z0.3349 E0.02133 F1080
G1 X88.4769 Y117.0881 Z0.3348 E0.02133 F1080
G1 X88.4844 Y116.6882 Z0.3348 E0.02133 F1080
G1 X88.4973 Y116.2884 Z0.3347 E0.02133 F1080
G1 X88.5158 Y115.8888 Z0.3346 E0.02133 F1080
G1 X88.5397 Y115.4895 Z0.3346 E0.02133 F1080
G1 X88.5692 Y115.0906 Z0.3345 E0.02133 F1080
G1 X88.6042 Y114.6921 Z0.3344 E0.02133 F1080
G1 X88.6446 Y114.2942 Z0.3343 E0.02133 F1080
G1 X88.6905 Y113.8968 Z0.3343 E0.02133 F1080
G1 X88.7419 Y113.5001 Z0.3342 E0.02133 F1080
G1 X88.7988 Y113.1042 Z0.3341 E0.02133 F1080
G1 X88.8611 Y112.7091 Z0.3341 E0.02133 F1080
G1 X88.9288 Y112.3148 Z0.3340 E0.02133 F1080
G1 X89.0020 Y111.9216 Z0.3339 E0.02133 F1080
G1 X89.0806 Y111.5294 Z0.3339 E0.02133 F1080
G1 X89.1646 Y111.1383 Z0.3338 E0.02133 F1080
G1 X89.2539 Y110.7484 Z0.3337 E0.02133 F1080
G1 X89.3486 Y110.3598 Z0.3337 E0.02133 F1080
G1 X89.4487 Y109.9725 Z0.3336 E0.02133 F1080
G1 X89.5540 Y109.5866 Z0.3335 E0.02133 F1080
G1 X89.6647 Y109.2022 Z0.3335 E0.02133 F1080
G1 X89.7807 Y108.8194 Z0.3334 E0.02133 F1080
G1 X89.9019 Y108.4382 Z0.3333 E0.02133 F1080
G1 X90.0284 Y108.0587 Z0.3332 E0.02133 F1080
G1 X90.1601 Y107.6810 Z0.3332 E0.02133 F1080
G1 X90.2969 Y107.3051 Z0.3331 E0.02133 F1080
G1 X90.4390 Y106.9312 Z0.3330 E0.02133 F1080
G1 X90.5861 Y106.5592 Z0.3330 E0.02133 F1080
G1 X90.7384 Y106.1894 Z0.3329 E0.02133 F1080
G1 X90.8958 Y105.8216 Z0.3328 E0.02133 F1080
G1 X91.0581 Y105.4560 Z0.3328 E0.02133 F1080
G1 X91.2256 Y105.0928 Z0.3327 E0.02133 F1080
G1 X91.3980 Y104.7318 Z0.3326 E0.02133 F1080
G1 X91.5753 Y104.3733 Z0.3326 E0.02133 F1080
G1 X91.7576 Y104.0172 Z0.3325 E0.02133 F1080
G1 X91.9447 Y103.6637 Z0.3324 E0.02133 F1080
G1 X92.1367 Y103.3128 Z0.3324 E0.02133 F1080
G1 X92.3336 Y102.9645 Z0.3323 E0.02133 F1080
G1 X92.5351 Y102.6190 Z0.3322 E0.02133 F1080
G1 X92.7415 Y102.2764 Z0.3322 E0.02133 F1080
G1 X92.9525 Y101.9365 Z0.3321 E0.02133 F1080
G1 X93.1682 Y101.5997 Z0.3320 E0.02133 F1080
G1 X93.3885 Y101.2658 Z0.3320 E0.02133 F1080
G1 X93.6133 Y100.9350 Z0.3319 E0.02133 F1080
G1 X93.8427 Y100.6073 Z0.3318 E0.02133 F1080
G1 X94.0766 Y100.2828 Z0.3318 E0.02133 F1080
G1 X94.3149 Y99.9615 Z0.3317 E0.02133 F1080
G1 X94.5577 Y99.6436 Z0.3316 E0.02133 F1080
G1 X94.8047 Y99.3290 Z0.3316 E0.02133 F1080
G1 X95.0561 Y99.0179 Z0.3315 E0.02133 F1080
G1 X95.3118 Y98.7102 Z0.3314 E0.02133 F1080
G1 X95.5716 Y98.4061 Z0.3314 E0.02133 F1080
G1 X95.8356 Y98.1056 Z0.3313 E0.02133 F1080
G1 X96.1037 Y97.8087 Z0.3312 E0.02133 F1080
G1 X96.3759 Y97.5156 Z0.3312 E0.02133 F1080
G1 X96.6521 Y97.2262 Z0.3311 E0.02133 F1080
G1 X96.9322 Y96.9407 Z0.3310 E0.02133 F1080
G1 X97.2162 Y96.6591 Z0.3310 E0.02133 F1080
G1 X97.5041 Y96.3813 Z0.3309 E0.02133 F1080
G1 X97.7958 Y96.1076 Z0.3308 E0.02133 F1080
G1 X98.0912 Y95.8379 Z0.3308 E0.02133 F1080
G1 X98.3903 Y95.5723 Z0.3307 E0.02133 F1080
G1 X98.6930 Y95.3108 Z0.3306 E0.02133 F1080
G1 X98.9993 Y95.0535 Z0.3306 E0.02133 F1080
G1 X99.3091 Y94.8005 Z0.3305 E0.02133 F1080
G1 X99.6223 Y94.5517 Z0.3304 E0.02133 F1080
G1 X99.9390 Y94.3073 Z0.3304 E0.02133 F1080
G1 X100.2589 Y94.0672 Z0.3303 E0.02133 F1080
G1 X100.5822 Y93.8316 Z0.3302 E0.02133 F1080
G1 X100.9086 Y93.6004 Z0.3302 E0.02133 F1080
G1 X101.2382 Y93.3738 Z0.3301 E0.02133 F1080
G1 X101.5709 Y93.1517 Z0.3300 E0.02133 F1080
G1 X101.9066 Y92.9342 Z0.3300 E0.02133 F1080
G1 X102.2452 Y92.7213 Z0.3299 E0.02133 F1080
G1 X102.5868 Y92.5131 Z0.3298 E0.02133 F1080
G1 X102.9312 Y92.3096 Z0.3298 E0.02133 F1080
G1 X103.2783 Y92.1109 Z0.3297 E0.02133 F1080
G1 X103.6281 Y91.9169 Z0.3297 E0.02133 F1080
G1 X103.9806 Y91.7278 Z0.3296 E0.02133 F1080
G1 X104.3357 Y91.5436 Z0.3295 E0.02133 F1080
G1 X104.6932 Y91.3642 Z0.3295 E0.02133 F1080
G1 X105.0532 Y91.1898 Z0.3294 E0.02133 F1080
G1 X105.4155 Y91.0203 Z0.3293 E0.02133 F1080
G1 X105.7801 Y90.8559 Z0.3293 E0.02133 F1080
G1 X106.1470 Y90.6964 Z0.3292 E0.02133 F1080
G1 X106.5160 Y90.5420 Z0.3291 E0.02133 F1080
G1 X106.8871 Y90.3927 Z0.3291 E0.02133 F1080
G1 X107.2602 Y90.2486 Z0.3290 E0.02133 F1080
G1 X107.6353 Y90.1095 Z0.3289 E0.02133 F1080
G1 X108.0122 Y89.9756 Z0.3289 E0.02133 F1080
G1 X108.3910 Y89.8469 Z0.3288 E0.02133 F1080
G1 X108.7714 Y89.7235 Z0.3288 E0.02133 F1080
G1 X109.1536 Y89.6052 Z0.3287 E0.02133 F1080
G1 X109.5373 Y89.4923 Z0.3286 E0.02133 F1080
G1 X109.9225 Y89.3846 Z0.3286 E0.02133 F1080
G1 X110.3092 Y89.2822 Z0.3285 E0.02133 F1080
G1 X110.6972 Y89.1851 Z0.3284 E0.02133 F1080
G1 X111.0866 Y89.0934 Z0.3284 E0.02133 F1080
G1 X111.4772 Y89.0070 Z0.3283 E0.02133 F1080
G1 X111.8689 Y88.9260 Z0.3283 E0.02133 F1080
G1 X112.2617 Y88.8504 Z0.3282 E0.02133 F1080
G1 X112.6555 Y88.7802 Z0.3281 E0.02133 F1080
G1 X113.0502 Y88.7154 Z0.3281 E0.02133 F1080
G1 X113.4458 Y88.6560 Z0.3280 E0.02133 F1080
G1 X113.8421 Y88.6021 Z0.3279 E0.02133 F1080
G1 X114.2392 Y88.5536 Z0.3279 E0.02133 F1080
G1 X114.6369 Y88.5106 Z0.3278 E0.02133 F1080
G1 X115.0351 Y88.4730 Z0.3277 E0.02133 F1080
G1 X115.4338 Y88.4409 Z0.3277 E0.02133 F1080
G1 X115.8329 Y88.4143 Z0.3276 E0.02133 F1080
G1 X116.2324 Y88.3932 Z0.3276 E0.02133 F1080
G1 X116.6321 Y88.3776 Z0.3275 E0.02133 F1080
G1 X117.0319 Y88.3674 Z0.3274 E0.02133 F1080
G1 X117.4319 Y88.3627 Z0.3274 E0.02133 F1080
G1 X117.8319 Y88.3636 Z0.3273 E0.02133 F1080
G1 X118.2319 Y88.3699 Z0.3273 E0.02133 F1080
G1 X118.6317 Y88.3817 Z0.3272 E0.02133 F1080
G1 X119.0313 Y88.3990 Z0.3271 E0.02133 F1080
G1 X119.4307 Y88.4218 Z0.3271 E0.02133 F1080
G1 X119.8297 Y88.4500 Z0.3270 E0.02133 F1080
G1 X120.2283 Y88.4838 Z0.3269 E0.02133 F1080
G1 X120.6264 Y88.5230 Z0.3269 E0.02133 F1080
G1 X121.0239 Y88.5676 Z0.3268 E0.02133 F1080
G1 X121.4207 Y88.6177 Z0.3268 E0.02133 F1080
G1 X121.8169 Y88.6733 Z0.3267 E0.02133 F1080
G1 X122.2122 Y88.7343 Z0.3266 E0.02133 F1080
G1 X122.6066 Y88.8007 Z0.3266 E0.02133 F1080
G1 X123.0001 Y88.8725 Z0.3265 E0.02133 F1080
G1 X123.3926 Y88.9497 Z0.3265 E0.02133 F1080
G1 X123.7840 Y89.0323 Z0.3264 E0.02133 F1080
G1 X124.1742 Y89.1202 Z0.3263 E0.02133 F1080
G1 X124.5632 Y89.2135 Z0.3263 E0.02133 F1080
G1 X124.9509 Y89.3121 Z0.3262 E0.02133 F1080
G1 X125.3371 Y89.4160 Z0.3261 E0.02133 F1080
G1 X125.7219 Y89.5252 Z0.3261 E0.02133 F1080
G1 X126.1052 Y89.6397 Z0.3260 E0.02133 F1080
G1 X126.4869 Y89.7595 Z0.3260 E0.02133 F1080
G1 X126.8669 Y89.8844 Z0.3259 E0.02133 F1080
G1 X127.2451 Y90.0146 Z0.3258 E0.02133 F1080
G1 X127.6215 Y90.1499 Z0.3258 E0.02133 F1080
G1 X127.9960 Y90.2904 Z0.3257 E0.02133 F1080
G1 X128.3686 Y90.4360 Z0.3257 E0.02133 F1080
G1 X128.7391 Y90.5867 Z0.3256 E0.02133 F1080
G1 X129.1076 Y90.7424 Z0.3255 E0.02133 F1080
G1 X129.4738 Y90.9032 Z0.3255 E0.02133 F1080
G1 X129.8379 Y91.0691 Z0.3254 E0.02133 F1080
G1 X130.1996 Y91.2398 Z0.3254 E0.02133 F1080
G1 X130.5589 Y91.4156 Z0.3253 E0.02133 F1080
G1 X130.9158 Y91.5962 Z0.3252 E0.02133 F1080
G1 X131.2702 Y91.7817 Z0.3252 E0.02133 F1080
G1 X131.6220 Y91.9721 Z0.3251 E0.02133 F1080
G1 X131.9711 Y92.1673 Z0.3251 E0.02133 F1080
G1 X132.3176 Y92.3672 Z0.3250 E0.02133 F1080
G1 X132.6613 Y92.5719 Z0.3250 E0.02133 F1080
G1 X133.0021 Y92.7812 Z0.3249 E0.02133 F1080
G1 X133.3400 Y92.9952 Z0.3248 E0.02133 F1080
G1 X133.6750 Y93.2139 Z0.3248 E0.02133 F1080
G1 X134.0070 Y93.4371 Z0.3247 E0.02133 F1080
G1 X134.3358 Y93.6648 Z0.3247 E0.02133 F1080
G1 X134.6615 Y93.8970 Z0.3246 E0.02133 F1080
G1 X134.9840 Y94.1336 Z0.3245 E0.02133 F1080
G1 X135.3032 Y94.3747 Z0.3245 E0.02133 F1080
G1 X135.6191 Y94.6201 Z0.3244 E0.02133 F1080
G1 X135.9316 Y94.8698 Z0.3244 E0.02133 F1080
G1 X136.2406 Y95.1238 Z0.3243 E0.02133 F1080
G1 X136.5462 Y95.3820 Z0.3242 E0.02133 F1080
G1 X136.8481 Y95.6443 Z0.3242 E0.02133 F1080
G1 X137.1465 Y95.9108 Z0.3241 E0.02133 F1080
G1 X137.4411 Y96.1813 Z0.3241 E0.02133 F1080
G1 X137.7320 Y96.4558 Z0.3240 E0.02133 F1080
G1 X138.0192 Y96.7343 Z0.3240 E0.02133 F1080
G1 X138.3025 Y97.0167 Z0.3239 E0.02133 F1080
G1 X138.5819 Y97.3030 Z0.3238 E0.02133 F1080
G1 X138.8573 Y97.5930 Z0.3238 E0.02133 F1080
G1 X139.1287 Y97.8868 Z0.3237 E0.02133 F1080
G1 X139.3961 Y98.1843 Z0.3237 E0.02133 F1080
G1 X139.6594 Y98.4854 Z0.3236 E0.02133 F1080
G1 X139.9186 Y98.7902 Z0.3236 E0.02133 F1080
G1 X140.1735 Y99.0984 Z0.3235 E0.02133 F1080
G1 X140.4242 Y99.4101 Z0.3234 E0.02133 F1080
G1 X140.6706 Y99.7252 Z0.3234 E0.02133 F1080
G1 X140.9127 Y100.0436 Z0.3233 E0.02133 F1080
G1 X141.1504 Y100.3653 Z0.3233 E0.02133 F1080
G1 X141.3837 Y100.6903 Z0.3232 E0.02133 F1080
G1 X141.6124 Y101.0184 Z0.3232 E0.02133 F1080
G1 X141.8367 Y101.3496 Z0.3231 E0.02133 F1080
G1 X142.0564 Y101.6839 Z0.3230 E0.02133 F1080
G1 X142.2715 Y102.0211 Z0.3230 E0.02133 F1080
G1 X142.4820 Y102.3613 Z0.3229 E0.02133 F1080
G1 X142.6878 Y102.7043 Z0.3229 E0.02133 F1080
G1 X142.8889 Y103.0501 Z0.3228 E0.02133 F1080
G1 X143.0852 Y103.3986 Z0.3228 E0.02133 F1080
G1 X143.2768 Y103.7498 Z0.3227 E0.02133 F1080
G1 X143.4635 Y104.1035 Z0.3226 E0.02133 F1080
G1 X143.6453 Y104.4598 Z0.3226 E0.02133 F1080
G1 X143.8223 Y104.8185 Z0.3225 E0.02133 F1080
G1 X143.9943 Y105.1796 Z0.3225 E0.02133 F1080
G1 X144.1614 Y105.5431 Z0.3224 E0.02133 F1080
G1 X144.3235 Y105.9088 Z0.3224 E0.02133 F1080
G1 X144.4805 Y106.2767 Z0.3223 E0.02133 F1080
G1 X144.6325 Y106.6467 Z0.3222 E0.02133 F1080
G1 X144.7795 Y107.0187 Z0.3222 E0.02133 F1080
G1 X144.9213 Y107.3927 Z0.3221 E0.02133 F1080
G1 X145.0580 Y107.7687 Z0.3221 E0.02133 F1080
G1 X145.1895 Y108.1464 Z0.3220 E0.02133 F1080
G1 X145.3159 Y108.5259 Z0.3220 E0.02133 F1080
G1 X145.4370 Y108.9072 Z0.3219 E0.02133 F1080
G1 X145.5529 Y109.2900 Z0.3219 E0.02133 F1080
G1 X145.6636 Y109.6744 Z0.3218 E0.02133 F1080
G1 X145.7690 Y110.0603 Z0.3217 E0.02133 F1080
G1 X145.8691 Y110.4475 Z0.3217 E0.02133 F1080
G1 X145.9639 Y110.8361 Z0.3216 E0.02133 F1080
G1 X146.0533 Y111.2260 Z0.3216 E0.02133 F1080
G1 X146.1375 Y111.6171 Z0.3215 E0.02133 F1080
G1 X146.2162 Y112.0092 Z0.3215 E0.02133 F1080
G1 X146.2896 Y112.4025 Z0.3214 E0.02133 F1080
G1 X146.3577 Y112.7966 Z0.3214 E0.02133 F1080
G1 X146.4203 Y113.1917 Z0.3213 E0.02133 F1080
G1 X146.4775 Y113.5876 Z0.3213 E0.02133 F1080
G1 X146.5292 Y113.9842 Z0.3212 E0.02133 F1080
G1 X146.5756 Y114.3816 Z0.3211 E0.02133 F1080
G1 X146.6165 Y114.7795 Z0.3211 E0.02133 F1080
G1 X146.6520 Y115.1779 Z0.3210 E0.02133 F1080
G1 X146.6820 Y115.5768 Z0.3210 E0.02133 F1080
G1 X146.7065 Y115.9760 Z0.3209 E0.02133 F1080
G1 X146.7256 Y116.3756 Z0.3209 E0.02133 F1080
G1 X146.7392 Y116.7753 Z0.3208 E0.02133 F1080
G1 X146.7474 Y117.1753 Z0.3208 E0.02133 F1080
G1 X146.7501 Y117.5753 Z0.3207 E0.02133 F1080
G1 X146.7473 Y117.9753 Z0.3207 E0.02133 F1080
G1 X146.7390 Y118.3752 Z0.3206 E0.02133 F1080
G1 X146.7253 Y118.7749 Z0.3206 E0.02133 F1080
G1 X146.7061 Y119.1745 Z0.3205 E0.02133 F1080
G1 X146.6815 Y119.5737 Z0.3204 E0.02133 F1080
G1 X146.6514 Y119.9726 Z0.3204 E0.02133 F1080
G1 X146.6158 Y120.3710 Z0.3203 E0.02133 F1080
G1 X146.5748 Y120.7689 Z0.3203 E0.02133 F1080
G1 X146.5284 Y121.1662 Z0.3202 E0.02133 F1080
G1 X146.4765 Y121.5629 Z0.3202 E0.02133 F1080
G1 X146.4193 Y121.9587 Z0.3201 E0.02133 F1080
G1 X146.3566 Y122.3538 Z0.3201 E0.02133 F1080
G1 X146.2885 Y122.7480 Z0.3200 E0.02133 F1080
G1 X146.2150 Y123.1412 Z0.3200 E0.02133 F1080
G1 X146.1362 Y123.5333 Z0.3199 E0.02133 F1080
G1 X146.0520 Y123.9244 Z0.3199 E0.02133 F1080
G1 X145.9625 Y124.3142 Z0.3198 E0.02133 F1080
G1 X145.8677 Y124.7028 Z0.3198 E0.02133 F1080
G1 X145.7675 Y125.0901 Z0.3197 E0.02133 F1080
G1 X145.6621 Y125.4760 Z0.3196 E0.02133 F1080
G1 X145.5514 Y125.8603 Z0.3196 E0.02133 F1080
G1 X145.4355 Y126.2432 Z0.3195 E0.02133 F1080
G1 X145.3143 Y126.6244 Z0.3195 E0.02133 F1080
G1 X145.1880 Y127.0039 Z0.3194 E0.02133 F1080
G1 X145.0564 Y127.3817 Z0.3194 E0.02133 F1080
G1 X144.9198 Y127.7576 Z0.3193 E0.02133 F1080
G1 X144.7780 Y128.1317 Z0.3193 E0.02133 F1080
G1 X144.6311 Y128.5037 Z0.3192 E0.02133 F1080
G1 X144.4791 Y128.8737 Z0.3192 E0.02133 F1080
G1 X144.3221 Y129.2416 Z0.3191 E0.02133 F1080
G1 X144.1601 Y129.6074 Z0.3191 E0.02133 F1080
G1 X143.9931 Y129.9708 Z0.3190 E0.02133 F1080
G1 X143.8212 Y130.3320 Z0.3190 E0.02133 F1080
G1 X143.6443 Y130.6908 Z0.3189 E0.02133 F1080
G1 X143.4626 Y131.0471 Z0.3189 E0.02133 F1080
G1 X143.2760 Y131.4009 Z0.3188 E0.02133 F1080
G1 X143.0846 Y131.7522 Z0.3188 E0.02133 F1080
G1 X142.8884 Y132.1007 Z0.3187 E0.02133 F1080
G1 X142.6874 Y132.4466 Z0.3187 E0.02133 F1080
G1 X142.4818 Y132.7897 Z0.3186 E0.02133 F1080
G1 X142.2715 Y133.1300 Z0.3186 E0.02133 F1080
G1 X142.0566 Y133.4673 Z0.3185 E0.02133 F1080
G1 X141.8370 Y133.8017 Z0.3185 E0.02133 F1080
G1 X141.6130 Y134.1331 Z0.3184 E0.02133 F1080
G1 X141.3844 Y134.4613 Z0.3184 E0.02133 F1080
G1 X141.1514 Y134.7865 Z0.3183 E0.02133 F1080
G1 X140.9139 Y135.1084 Z0.3183 E0.02133 F1080
G1 X140.6721 Y135.4270 Z0.3182 E0.02133 F1080
G1 X140.4260 Y135.7423 Z0.3182 E0.02133 F1080
G1 X140.1755 Y136.0542 Z0.3181 E0.02133 F1080
G1 X139.9209 Y136.3627 Z0.3181 E0.02133 F1080
G1 X139.6620 Y136.6676 Z0.3180 E0.02133 F1080
G1 X139.3990 Y136.9690 Z0.3180 E0.02133 F1080
G1 X139.1319 Y137.2668 Z0.3179 E0.02133 F1080
G1 X138.8608 Y137.5609 Z0.3179 E0.02133 F1080
G1 X138.5857 Y137.8513 Z0.3178 E0.02133 F1080
G1 X138.3067 Y138.1379 Z0.3178 E0.02133 F1080
G1 X138.0237 Y138.4206 Z0.3177 E0.02133 F1080
G1 X137.7370 Y138.6995 Z0.3177 E0.02133 F1080
G1 X137.4464 Y138.9744 Z0.3176 E0.02133 F1080
G1 X137.1521 Y139.2454 Z0.3176 E0.02133 F1080
G1 X136.8542 Y139.5123 Z0.3175 E0.02133 F1080
G1 X136.5526 Y139.7751 Z0.3175 E0.02133 F1080
G1 X136.2475 Y140.0338 Z0.3174 E0.02133 F1080
G1 X135.9389 Y140.2882 Z0.3174 E0.02133 F1080
G1 X135.6269 Y140.5385 Z0.3173 E0.02133 F1080
G1 X135.3114 Y140.7845 Z0.3173 E0.02133 F1080
G1 X134.9926 Y141.0261 Z0.3172 E0.02133 F1080
G1 X134.6706 Y141.2634 Z0.3172 E0.02133 F1080
G1 X134.3454 Y141.4962 Z0.3171 E0.02133 F1080
G1 X134.0170 Y141.7246 Z0.3171 E0.02133 F1080
G1 X133.6855 Y141.9485 Z0.3170 E0.02133 F1080
G1 X133.3510 Y142.1678 Z0.3170 E0.02133 F1080
G1 X133.0135 Y142.3826 Z0.3169 E0.02133 F1080
G1 X132.6732 Y142.5927 Z0.3169 E0.02133 F1080
G1 X132.3300 Y142.7982 Z0.3168 E0.02133 F1080
G1 X131.9840 Y142.9990 Z0.3168 E0.02133 F1080
G1 X131.6353 Y143.1950 Z0.3167 E0.02133 F1080
G1 X131.2840 Y143.3863 Z0.3167 E0.02133 F1080
G1 X130.9301 Y143.5728 Z0.3166 E0.02133 F1080
G1 X130.5737 Y143.7544 Z0.3166 E0.02133 F1080
G1 X130.2149 Y143.9311 Z0.3165 E0.02133 F1080
G1 X129.8537 Y144.1029 Z0.3165 E0.02133 F1080
G1 X129.4901 Y144.2698 Z0.3164 E0.02133 F1080
G1 X129.1244 Y144.4317 Z0.3164 E0.02133 F1080
G1 X128.7564 Y144.5886 Z0.3163 E0.02133 F1080
G1 X128.3864 Y144.7405 Z0.3163 E0.02133 F1080
G1 X128.0143 Y144.8873 Z0.3162 E0.02133 F1080
G1 X127.6402 Y145.0290 Z0.3162 E0.02133 F1080
G1 X127.2643 Y145.1657 Z0.3162 E0.02133 F1080
G1 X126.8865 Y145.2971 Z0.3161 E0.02133 F1080
G1 X126.5070 Y145.4235 Z0.3161 E0.02133 F1080
G1 X126.1257 Y145.5446 Z0.3160 E0.02133 F1080
G1 X125.7429 Y145.6605 Z0.3160 E0.02133 F1080
G1 X125.3585 Y145.7712 Z0.3159 E0.02133 F1080
G1 X124.9727 Y145.8766 Z0.3159 E0.02133 F1080
G1 X124.5854 Y145.9768 Z0.3158 E0.02133 F1080
G1 X124.1968 Y146.0717 Z0.3158 E0.02133 F1080
G1 X123.8070 Y146.1613 Z0.3157 E0.02133 F1080
G1 X123.4159 Y146.2455 Z0.3157 E0.02133 F1080
G1 X123.0238 Y146.3244 Z0.3156 E0.02133 F1080
G1 X122.6306 Y146.3980 Z0.3156 E0.02133 F1080
G1 X122.2365 Y146.4662 Z0.3155 E0.02133 F1080
G1 X121.8414 Y146.5290 Z0.3155 E0.02133 F1080
G1 X121.4456 Y146.5865 Z0.3154 E0.02133 F1080
G1 X121.0490 Y146.6385 Z0.3154 E0.02133 F1080
G1 X120.6517 Y146.6851 Z0.3154 E0.02133 F1080
G1 X120.2538 Y146.7263 Z0.3153 E0.02133 F1080
G1 X119.8554 Y146.7621 Z0.3153 E0.02133 F1080
G1 X119.4565 Y146.7925 Z0.3152 E0.02133 F1080
G1 X119.0573 Y146.8174 Z0.3152 E0.02133 F1080
G1 X118.6578 Y146.8368 Z0.3151 E0.02133 F1080
G1 X118.2580 Y146.8509 Z0.3151 E0.02133 F1080
G1 X117.8581 Y146.8594 Z0.3150 E0.02133 F1080
G1 X117.4581 Y146.8626 Z0.3150 E0.02133 F1080
G1 X117.0581 Y146.8603 Z0.3149 E0.02133 F1080
G1 X116.6582 Y146.8525 Z0.3149 E0.02133 F1080
G1 X116.2584 Y146.8393 Z0.3148 E0.02133 F1080
G1 X115.8588 Y146.8206 Z0.3148 E0.02133 F1080
G1 X115.4596 Y146.7965 Z0.3148 E0.02133 F1080
G1 X115.0606 Y146.7670 Z0.3147 E0.02133 F1080
G1 X114.6622 Y146.7320 Z0.3147 E0.02133 F1080
G1 X114.2642 Y146.6916 Z0.3146 E0.02133 F1080
G1 X113.8668 Y146.6458 Z0.3146 E0.02133 F1080
G1 X113.4701 Y146.5946 Z0.3145 E0.02133 F1080
G1 X113.0741 Y146.5380 Z0.3145 E0.02133 F1080
G1 X112.6790 Y146.4760 Z0.3144 E0.02133 F1080
G1 X112.2847 Y146.4086 Z0.3144 E0.02133 F1080
G1 X111.8914 Y146.3359 Z0.3144 E0.02133 F1080
G1 X111.4990 Y146.2578 Z0.3143 E0.02133 F1080
G1 X111.1078 Y146.1744 Z0.3143 E0.02133 F1080
G1 X110.7178 Y146.0856 Z0.3142 E0.02133 F1080
G1 X110.3290 Y145.9916 Z0.3142 E0.02133 F1080
G1 X109.9415 Y145.8923 Z0.3141 E0.02133 F1080
G1 X109.5554 Y145.7877 Z0.3141 E0.02133 F1080
G1 X109.1708 Y145.6778 Z0.3140 E0.02133 F1080
G1 X108.7877 Y145.5628 Z0.3140 E0.02133 F1080
G1 X108.4062 Y145.4425 Z0.3140 E0.02133 F1080
G1 X108.0264 Y145.3171 Z0.3139 E0.02133 F1080
G1 X107.6483 Y145.1864 Z0.3139 E0.02133 F1080
G1 X107.2720 Y145.0507 Z0.3138 E0.02133 F1080
G1 X106.8977 Y144.9098 Z0.3138 E0.02133 F1080
G1 X106.5252 Y144.7639 Z0.3137 E0.02133 F1080
G1 X106.1548 Y144.6129 Z0.3137 E0.02133 F1080
G1 X105.7865 Y144.4569 Z0.3136 E0.02133 F1080
G1 X105.4203 Y144.2959 Z0.3136 E0.02133 F1080
G1 X105.0564 Y144.1299 Z0.3136 E0.02133 F1080
G1 X104.6947 Y143.9590 Z0.3135 E0.02133 F1080
G1 X104.3354 Y143.7832 Z0.3135 E0.02133 F1080
G1 X103.9786 Y143.6025 Z0.3134 E0.02133 F1080
G1 X103.6242 Y143.4169 Z0.3134 E0.02133 F1080
G1 X103.2724 Y143.2266 Z0.3133 E0.02133 F1080
G1 X102.9232 Y143.0315 Z0.3133 E0.02133 F1080
G1 X102.5767 Y142.8316 Z0.3133 E0.02133 F1080
G1 X102.2329 Y142.6271 Z0.3132 E0.02133 F1080
G1 X101.8920 Y142.4179 Z0.3132 E0.02133 F1080
G1 X101.5539 Y142.2041 Z0.3131 E0.02133 F1080
G1 X101.2188 Y141.9857 Z0.3131 E0.02133 F1080
G1 X100.8867 Y141.7628 Z0.3130 E0.02133 F1080
G1 X100.5576 Y141.5353 Z0.3130 E0.02133 F1080
G1 X100.2317 Y141.3034 Z0.3130 E0.02133 F1080
G1 X99.9089 Y141.0671 Z0.3129 E0.02133 F1080
G1 X99.5894 Y140.8265 Z0.3129 E0.02133 F1080
G1 X99.2732 Y140.5815 Z0.3128 E0.02133 F1080
G1 X98.9604 Y140.3322 Z0.3128 E0.02133 F1080
G1 X98.6510 Y140.0787 Z0.3127 E0.02133 F1080
G1 X98.3450 Y139.8210 Z0.3127 E0.02133 F1080
G1 X98.0426 Y139.5592 Z0.3127 E0.02133 F1080
G1 X97.7438 Y139.2933 Z0.3126 E0.02133 F1080
G1 X97.4486 Y139.0234 Z0.3126 E0.02133 F1080
G1 X97.1571 Y138.7494 Z0.3125 E0.02133 F1080
G1 X96.8694 Y138.4716 Z0.3125 E0.02133 F1080
G1 X96.5855 Y138.1898 Z0.3125 E0.02133 F1080
G1 X96.3054 Y137.9042 Z0.3124 E0.02133 F1080
G1 X96.0292 Y137.6148 Z0.3124 E0.02133 F1080
G1 X95.7570 Y137.3217 Z0.3123 E0.02133 F1080
G1 X95.4888 Y137.0249 Z0.3123 E0.02133 F1080
G1 X95.2247 Y136.7245 Z0.3122 E0.02133 F1080
G1 X94.9647 Y136.4206 Z0.3122 E0.02133 F1080
G1 X94.7088 Y136.1131 Z0.3122 E0.02133 F1080
G1 X94.4571 Y135.8022 Z0.3121 E0.02133 F1080
G1 X94.2097 Y135.4879 Z0.3121 E0.02133 F1080
G1 X93.9666 Y135.1703 Z0.3120 E0.02133 F1080
G1 X93.7278 Y134.8493 Z0.3120 E0.02133 F1080
G1 X93.4934 Y134.5252 Z0.3120 E0.02133 F1080
G1 X93.2635 Y134.1979 Z0.3119 E0.02133 F1080
G1 X93.0380 Y133.8675 Z0.3119 E0.02133 F1080
G1 X92.8170 Y133.5341 Z0.3118 E0.02133 F1080
G1 X92.6005 Y133.1977 Z0.3118 E0.02133 F1080
G1 X92.3887 Y132.8584 Z0.3118 E0.02133 F1080
G1 X92.1815 Y132.5163 Z0.3117 E0.02133 F1080
G1 X91.9789 Y132.1713 Z0.3117 E0.02133 F1080
G1 X91.7811 Y131.8237 Z0.3116 E0.02133 F1080
G1 X91.5880 Y131.4734 Z0.3116 E0.02133 F1080
G1 X91.3996 Y131.1205 Z0.3116 E0.02133 F1080
G1 X91.2161 Y130.7651 Z0.3115 E0.02133 F1080
G1 X91.0375 Y130.4072 Z0.3115 E0.02133 F1080
G1 X90.8637 Y130.0469 Z0.3114 E0.02133 F1080
G1 X90.6948 Y129.6843 Z0.3114 E0.02133 F1080
G1 X90.5309 Y129.3194 Z0.3114 E0.02133 F1080
G1 X90.3719 Y128.9524 Z0.3113 E0.02133 F1080
G1 X90.2179 Y128.5832 Z0.3113 E0.02133 F1080
G1 X90.0690 Y128.2119 Z0.3112 E0.02133 F1080
G1 X89.9251 Y127.8387 Z0.3112 E0.02133 F1080
G1 X89.7863 Y127.4635 Z0.3112 E0.02133 F1080
G1 X89.6527 Y127.0865 Z0.3111 E0.02133 F1080
G1 X89.5241 Y126.7078 Z0.3111 E0.02133 F1080
G1 X89.4007 Y126.3273 Z0.3110 E0.02133 F1080
G1 X89.2825 Y125.9451 Z0.3110 E0.02133 F1080
G1 X89.1695 Y125.5614 Z0.3110 E0.02133 F1080
G1 X89.0617 Y125.1762 Z0.3109 E0.02133 F1080
G1 X88.9591 Y124.7896 Z0.3109 E0.02133 F1080
G1 X88.8618 Y124.4016 Z0.3108 E0.02133 F1080
G1 X88.7698 Y124.0123 Z0.3108 E0.02133 F1080
G1 X88.6831 Y123.6218 Z0.3108 E0.02133 F1080
G1 X88.6017 Y123.2302 Z0.3107 E0.02133 F1080
G1 X88.5256 Y122.8375 Z0.3107 E0.02133 F1080
G1 X88.4548 Y122.4438 Z0.3107 E0.02133 F1080
G1 X88.3894 Y122.0492 Z0.3106 E0.02133 F1080
G1 X88.3294 Y121.6537 Z0.3106 E0.02133 F1080
G1 X88.2747 Y121.2574 Z0.3105 E0.02133 F1080
G1 X88.2254 Y120.8605 Z0.3105 E0.02133 F1080
G1 X88.1815 Y120.4629 Z0.3105 E0.02133 F1080
G1 X88.1431 Y120.0647 Z0.3104 E0.02133 F1080
G1 X88.1100 Y119.6661 Z0.3104 E0.02133 F1080
G1 X88.0823 Y119.2671 Z0.3103 E0.02133 F1080
G1 X88.0601 Y118.8677 Z0.3103 E0.02133 F1080
G1 X88.0433 Y118.4680 Z0.3103 E0.02133 F1080
G1 X88.0319 Y118.0682 Z0.3102 E0.02133 F1080
G1 X88.0259 Y117.6682 Z0.3102 E0.02133 F1080
G1 X88.0253 Y117.2682 Z0.3102 E0.02133 F1080
G1 X88.0302 Y116.8682 Z0.3101 E0.02133 F1080
G1 X88.0406 Y116.4684 Z0.3101 E0.02133 F1080
G1 X88.0563 Y116.0687 Z0.3100 E0.02133 F1080
G1 X88.0775 Y115.6692 Z0.3100 E0.02133 F1080
G1 X88.1040 Y115.2701 Z0.3100 E0.02133 F1080
G1 X88.1360 Y114.8714 Z0.3099 E0.02133 F1080
G1 X88.1734 Y114.4731 Z0.3099 E0.02133 F1080
G1 X88.2162 Y114.0754 Z0.3099 E0.02133 F1080
G1 X88.2644 Y113.6783 Z0.3098 E0.02133 F1080
G1 X88.3180 Y113.2819 Z0.3098 E0.02133 F1080
G1 X88.3769 Y112.8863 Z0.3097 E0.02133 F1080
G1 X88.4412 Y112.4915 Z0.3097 E0.02133 F1080
G1 X88.5109 Y112.0976 Z0.3097 E0.02133 F1080
G1 X88.5859 Y111.7047 Z0.3096 E0.02133 F1080
G1 X88.6662 Y111.3128 Z0.3096 E0.02133 F1080
G1 X88.7518 Y110.9221 Z0.3096 E0.02133 F1080
G1 X88.8428 Y110.5326 Z0.3095 E0.02133 F1080
G1 X88.9389 Y110.1443 Z0.3095 E0.02133 F1080
G1 X89.0404 Y109.7574 Z0.3095 E0.02133 F1080
G1 X89.1471 Y109.3719 Z0.3094 E0.02133 F1080
G1 X89.2590 Y108.9878 Z0.3094 E0.02133 F1080
G1 X89.3761 Y108.6053 Z0.3093 E0.02133 F1080
G1 X89.4984 Y108.2245 Z0.3093 E0.02133 F1080
G1 X89.6258 Y107.8453 Z0.3093 E0.02133 F1080
G1 X89.7584 Y107.4679 Z0.3092 E0.02133 F1080
G1 X89.8960 Y107.0924 Z0.3092 E0.02133 F1080
G1 X90.0388 Y106.7187 Z0.3092 E0.02133 F1080
G1 X90.1866 Y106.3470 Z0.3091 E0.02133 F1080
G1 X90.3394 Y105.9773 Z0.3091 E0.02133 F1080
G1 X90.4972 Y105.6098 Z0.3091 E0.02133 F1080
G1 X90.6600 Y105.2444 Z0.3090 E0.02133 F1080
G1 X90.8277 Y104.8813 Z0.3090 E0.02133 F1080
G1 X91.0004 Y104.5204 Z0.3090 E0.02133 F1080
G1 X91.1779 Y104.1620 Z0.3089 E0.02133 F1080
G1 X91.3602 Y103.8059 Z0.3089 E0.02133 F1080
G1 X91.5474 Y103.4524 Z0.3088 E0.02133 F1080
G1 X91.7393 Y103.1015 Z0.3088 E0.02133 F1080
G1 X91.9360 Y102.7532 Z0.3088 E0.02133 F1080
G1 X92.1374 Y102.4076 Z0.3087 E0.02133 F1080
G1 X92.3434 Y102.0647 Z0.3087 E0.02133 F1080
G1 X92.5541 Y101.7247 Z0.3087 E0.02133 F1080
G1 X92.7694 Y101.3875 Z0.3086 E0.02133 F1080
G1 X92.9892 Y101.0533 Z0.3086 E0.02133 F1080
G1 X93.2135 Y100.7221 Z0.3086 E0.02133 F1080
G1 X93.4423 Y100.3940 Z0.3085 E0.02133 F1080
G1 X93.6755 Y100.0690 Z0.3085 E0.02133 F1080
G1 X93.9131 Y99.7472 Z0.3085 E0.02133 F1080
G1 X94.1550 Y99.4287 Z0.3084 E0.02133 F1080
G1 X94.4013 Y99.1135 Z0.3084 E0.02133 F1080
G1 X94.6517 Y98.8016 Z0.3084 E0.02133 F1080
G1 X94.9064 Y98.4931 Z0.3083 E0.02133 F1080
G1 X95.1653 Y98.1882 Z0.3083 E0.02133 F1080
G1 X95.4282 Y97.8867 Z0.3083 E0.02133 F1080
G1 X95.6952 Y97.5889 Z0.3082 E0.02133 F1080
G1 X95.9662 Y97.2947 Z0.3082 E0.02133 F1080
G1 X96.2412 Y97.0042 Z0.3082 E0.02133 F1080
G1 X96.5201 Y96.7174 Z0.3081 E0.02133 F1080
G1 X96.8028 Y96.4344 Z0.3081 E0.02133 F1080
G1 X97.0893 Y96.1553 Z0.3081 E0.02133 F1080
G1 X97.3796 Y95.8802 Z0.3080 E0.02133 F1080
G1 X97.6736 Y95.6089 Z0.3080 E0.02133 F1080
G1 X97.9713 Y95.3417 Z0.3080 E0.02133 F1080
G1 X98.2725 Y95.0785 Z0.3079 E0.02133 F1080
G1 X98.5773 Y94.8195 Z0.3079 E0.02133 F1080
G1 X98.8856 Y94.5645 Z0.3079 E0.02133 F1080
G1 X99.1972 Y94.3138 Z0.3078 E0.02133 F1080
G1 X99.5123 Y94.0673 Z0.3078 E0.02133 F1080
G1 X99.8306 Y93.8252 Z0.3078 E0.02133 F1080
G1 X100.1522 Y93.5873 Z0.3077 E0.02133 F1080
G1 X100.4770 Y93.3538 Z0.3077 E0.02133 F1080
G1 X100.8050 Y93.1248 Z0.3077 E0.02133 F1080
G1 X101.1360 Y92.9002 Z0.3076 E0.02133 F1080
G1 X101.4700 Y92.6801 Z0.3076 E0.02133 F1080
G1 X101.8069 Y92.4645 Z0.3076 E0.02133 F1080
G1 X102.1468 Y92.2535 Z0.3075 E0.02133 F1080
G1 X102.4894 Y92.0472 Z0.3075 E0.02133 F1080
G1 X102.8349 Y91.8455 Z0.3075 E0.02133 F1080
G1 X103.1830 Y91.6485 Z0.3074 E0.02133 F1080
G1 X103.5337 Y91.4562 Z0.3074 E0.02133 F1080
G1 X103.8871 Y91.2687 Z0.3074 E0.02133 F1080
G1 X104.2429 Y91.0860 Z0.3073 E0.02133 F1080
G1 X104.6012 Y90.9081 Z0.3073 E0.02133 F1080
G1 X104.9619 Y90.7351 Z0.3073 E0.02133 F1080
G1 X105.3248 Y90.5670 Z0.3072 E0.02133 F1080
G1 X105.6900 Y90.4038 Z0.3072 E0.02133 F1080
G1 X106.0574 Y90.2456 Z0.3072 E0.02133 F1080
G1 X106.4269 Y90.0923 Z0.3072 E0.02133 F1080
G1 X106.7984 Y89.9441 Z0.3071 E0.02133 F1080
G1 X107.1719 Y89.8009 Z0.3071 E0.02133 F1080
G1 X107.5473 Y89.6628 Z0.3071 E0.02133 F1080
G1 X107.9246 Y89.5298 Z0.3070 E0.02133 F1080
G1 X108.3036 Y89.4019 Z0.3070 E0.02133 F1080
G1 X108.6842 Y89.2791 Z0.3070 E0.02133 F1080
G1 X109.0666 Y89.1615 Z0.3069 E0.02133 F1080
G1 X109.4505 Y89.0490 Z0.3069 E0.02133 F1080
G1 X109.8358 Y88.9418 Z0.3069 E0.02133 F1080
G1 X110.2226 Y88.8398 Z0.3068 E0.02133 F1080
G1 X110.6107 Y88.7431 Z0.3068 E0.02133 F1080
G1 X111.0001 Y88.6516 Z0.3068 E0.02133 F1080
G1 X111.3907 Y88.5653 Z0.3068 E0.02133 F1080
G1 X111.7825 Y88.4844 Z0.3067 E0.02133 F1080
G1 X112.1752 Y88.4088 Z0.3067 E0.02133 F1080
G1 X112.5690 Y88.3385 Z0.3067 E0.02133 F1080
G1 X112.9637 Y88.2735 Z0.3066 E0.02133 F1080
G1 X113.3592 Y88.2138 Z0.3066 E0.02133 F1080
G1 X113.7556 Y88.1596 Z0.3066 E0.02133 F1080
G1 X114.1526 Y88.1106 Z0.3065 E0.02133 F1080
G1 X114.5502 Y88.0671 Z0.3065 E0.02133 F1080
G1 X114.9484 Y88.0289 Z0.3065 E0.02133 F1080
G1 X115.3470 Y87.9962 Z0.3064 E0.02133 F1080
G1 X115.7461 Y87.9688 Z0.3064 E0.02133 F1080
G1 X116.1455 Y87.9468 Z0.3064 E0.02133 F1080
G1 X116.5451 Y87.9302 Z0.3064 E0.02133 F1080
G1 X116.9450 Y87.9190 Z0.3063 E0.02133 F1080
G1 X117.3450 Y87.9133 Z0.3063 E0.02133 F1080
G1 X117.7450 Y87.9129 Z0.3063 E0.02133 F1080
G1 X118.1449 Y87.9180 Z0.3062 E0.02133 F1080
G1 X118.5448 Y87.9284 Z0.3062 E0.02133 F1080
G1 X118.9445 Y87.9443 Z0.3062 E0.02133 F1080
G1 X119.3439 Y87.9655 Z0.3062 E0.02133 F1080
G1 X119.7431 Y87.9922 Z0.3061 E0.02133 F1080
G1 X120.1418 Y88.0242 Z0.3061 E0.02133 F1080
G1 X120.5400 Y88.0617 Z0.3061 E0.02133 F1080
G1 X120.9377 Y88.1045 Z0.3060 E0.02133 F1080
G1 X121.3348 Y88.1527 Z0.3060 E0.02133 F1080
G1 X121.7312 Y88.2062 Z0.3060 E0.02133 F1080
G1 X122.1269 Y88.2651 Z0.3060 E0.02133 F1080
G1 X122.5217 Y88.3294 Z0.3059 E0.02133 F1080
G1 X122.9156 Y88.3989 Z0.3059 E0.02133 F1080
G1 X123.3085 Y88.4738 Z0.3059 E0.02133 F1080
G1 X123.7004 Y88.5540 Z0.3058 E0.02133 F1080
G1 X124.0912 Y88.6395 Z0.3058 E0.02133 F1080
G1 X124.4807 Y88.7302 Z0.3058 E0.02133 F1080
G1 X124.8691 Y88.8263 Z0.3058 E0.02133 F1080
G1 X125.2560 Y88.9275 Z0.3057 E0.02133 F1080
G1 X125.6416 Y89.0340 Z0.3057 E0.02133 F1080
G1 X126.0257 Y89.1456 Z0.3057 E0.02133 F1080
G1 X126.4083 Y89.2625 Z0.3056 E0.02133 F1080
G1 X126.7892 Y89.3845 Z0.3056 E0.02133 F1080
G1 X127.1685 Y89.5116 Z0.3056 E0.02133 F1080
G1 X127.5460 Y89.6438 Z0.3056 E0.02133 F1080
G1 X127.9217 Y89.7812 Z0.3055 E0.02133 F1080
G1 X128.2955 Y89.9236 Z0.3055 E0.02133 F1080
G1 X128.6673 Y90.0710 Z0.3055 E0.02133 F1080
G1 X129.0372 Y90.2234 Z0.3054 E0.02133 F1080
G1 X129.4049 Y90.3809 Z0.3054 E0.02133 F1080
G1 X129.7704 Y90.5432 Z0.3054 E0.02133 F1080
G1 X130.1338 Y90.7105 Z0.3054 E0.02133 F1080
G1 X130.4948 Y90.8827 Z0.3053 E0.02133 F1080
G1 X130.8535 Y91.0598 Z0.3053 E0.02133 F1080
G1 X131.2098 Y91.2416 Z0.3053 E0.02133 F1080
G1 X131.5636 Y91.4283 Z0.3053 E0.02133 F1080
G1 X131.9148 Y91.6197 Z0.3052 E0.02133 F1080
G1 X132.2634 Y91.8159 Z0.3052 E0.02133 F1080
G1 X132.6093 Y92.0167 Z0.3052 E0.02133 F1080
G1 X132.9525 Y92.2222 Z0.3051 E0.02133 F1080
G1 X133.2929 Y92.4323 Z0.3051 E0.02133 F1080
G1 X133.6304 Y92.6470 Z0.3051 E0.02133 F1080
G1 X133.9650 Y92.8662 Z0.3051 E0.02133 F1080
G1 X134.2966 Y93.0899 Z0.3050 E0.02133 F1080
G1 X134.6251 Y93.3181 Z0.3050 E0.02133 F1080
G1 X134.9506 Y93.5507 Z0.3050 E0.02133 F1080
G1 X135.2728 Y93.7877 Z0.3050 E0.02133 F1080
G1 X135.5919 Y94.0290 Z0.3049 E0.02133 F1080
G1 X135.9076 Y94.2745 Z0.3049 E0.02133 F1080
G1 X136.2200 Y94.5243 Z0.3049 E0.02133 F1080
G1 X136.5290 Y94.7783 Z0.3049 E0.02133 F1080
G1 X136.8346 Y95.0365 Z0.3048 E0.02133 F1080
G1 X137.1366 Y95.2987 Z0.3048 E0.02133 F1080
G1 X137.4351 Y95.5651 Z0.3048 E0.02133 F1080
G1 X137.7299 Y95.8354 Z0.3048 E0.02133 F1080
G1 X138.0211 Y96.1096 Z0.3047 E0.02133 F1080
G1 X138.3086 Y96.3878 Z0.3047 E0.02133 F1080
G1 X138.5922 Y96.6698 Z0.3047 E0.02133 F1080
G1 X138.8721 Y96.9556 Z0.3047 E0.02133 F1080
G1 X139.1480 Y97.2452 Z0.3046 E0.02133 F1080
G1 X139.4200 Y97.5385 Z0.3046 E0.02133 F1080
G1 X139.6881 Y97.8354 Z0.3046 E0.02133 F1080
G1 X139.9521 Y98.1359 Z0.3046 E0.02133 F1080
G1 X140.2120 Y98.4399 Z0.3045 E0.02133 F1080
G1 X140.4678 Y98.7474 Z0.3045 E0.02133 F1080
G1 X140.7195 Y99.0584 Z0.3045 E0.02133 F1080
G1 X140.9669 Y99.3727 Z0.3045 E0.02133 F1080
G1 X141.2100 Y99.6903 Z0.3044 E0.02133 F1080
G1 X141.4489 Y100.0112 Z0.3044 E0.02133 F1080
G1 X141.6834 Y100.3352 Z0.3044 E0.02133 F1080
G1 X141.9135 Y100.6624 Z0.3044 E0.02133 F1080
G1 X142.1392 Y100.9927 Z0.3043 E0.02133 F1080
G1 X142.3604 Y101.3260 Z0.3043 E0.02133 F1080
G1 X142.5771 Y101.6622 Z0.3043 E0.02133 F1080
G1 X142.7892 Y102.0013 Z0.3043 E0.02133 F1080
G1 X142.9967 Y102.3433 Z0.3042 E0.02133 F1080
G1 X143.1996 Y102.6880 Z0.3042 E0.02133 F1080
G1 X143.3979 Y103.0354 Z0.3042 E0.02133 F1080
G1 X143.5914 Y103.3855 Z0.3042 E0.02133 F1080
G1 X143.7802 Y103.7381 Z0.3041 E0.02133 F1080
G1 X143.9642 Y104.0933 Z0.3041 E0.02133 F1080
G1 X144.1435 Y104.4509 Z0.3041 E0.02133 F1080
G1 X144.3179 Y104.8109 Z0.3041 E0.02133 F1080
G1 X144.4874 Y105.1732 Z0.3040 E0.02133 F1080
G1 X144.6520 Y105.5378 Z0.3040 E0.02133 F1080
G1 X144.8117 Y105.9045 Z0.3040 E0.02133 F1080
G1 X144.9664 Y106.2734 Z0.3040 E0.02133 F1080
G1 X145.1161 Y106.6443 Z0.3039 E0.02133 F1080
G1 X145.2609 Y107.0172 Z0.3039 E0.02133 F1080
G1 X145.4005 Y107.3920 Z0.3039 E0.02133 F1080
G1 X145.5352 Y107.7687 Z0.3039 E0.02133 F1080
G1 X145.6647 Y108.1471 Z0.3039 E0.02133 F1080
G1 X145.7891 Y108.5273 Z0.3038 E0.02133 F1080
G1 X145.9084 Y108.9091 Z0.3038 E0.02133 F1080
G1 X146.0225 Y109.2925 Z0.3038 E0.02133 F1080
G1 X146.1315 Y109.6774 Z0.3038 E0.02133 F1080
G1 X146.2352 Y110.0637 Z0.3037 E0.02133 F1080
G1 X146.3338 Y110.4514 Z0.3037 E0.02133 F1080
G1 X146.4271 Y110.8403 Z0.3037 E0.02133 F1080
G1 X146.5151 Y111.2305 Z0.3037 E0.02133 F1080
G1 X146.5979 Y111.6219 Z0.3037 E0.02133 F1080
G1 X146.6754 Y112.0143 Z0.3036 E0.02133 F1080
G1 X146.7477 Y112.4077 Z0.3036 E0.02133 F1080
G1 X146.8146 Y112.8021 Z0.3036 E0.02133 F1080
G1 X146.8762 Y113.1973 Z0.3036 E0.02133 F1080
G1 X146.9324 Y113.5933 Z0.3035 E0.02133 F1080
G1 X146.9833 Y113.9901 Z0.3035 E0.02133 F1080
G1 X147.0289 Y114.3875 Z0.3035 E0.02133 F1080
G1 X147.0691 Y114.7855 Z0.3035 E0.02133 F1080
G1 X147.1039 Y115.1840 Z0.3035 E0.02133 F1080
G1 X147.1334 Y115.5829 Z0.3034 E0.02133 F1080
G1 X147.1575 Y115.9822 Z0.3034 E0.02133 F1080
G1 X147.1762 Y116.3817 Z0.3034 E0.02133 F1080
G1 X147.1896 Y116.7815 Z0.3034 E0.02133 F1080
G1 X147.1975 Y117.1814 Z0.3033 E0.02133 F1080
G1 X147.2001 Y117.5814 Z0.3033 E0.02133 F1080
G1 X147.1973 Y117.9814 Z0.3033 E0.02133 F1080
G1 X147.1890 Y118.3813 Z0.3033 E0.02133 F1080
G1 X147.1754 Y118.7811 Z0.3033 E0.02133 F1080
G1 X147.1565 Y119.1807 Z0.3032 E0.02133 F1080
G1 X147.1321 Y119.5799 Z0.3032 E0.02133 F1080
G1 X147.1024 Y119.9788 Z0.3032 E0.02133 F1080
G1 X147.0673 Y120.3773 Z0.3032 E0.02133 F1080
G1 X147.0268 Y120.7752 Z0.3032 E0.02133 F1080
G1 X146.9810 Y121.1726 Z0.3031 E0.02133 F1080
G1 X146.9298 Y121.5693 Z0.3031 E0.02133 F1080
G1 X146.8733 Y121.9653 Z0.3031 E0.02133 F1080
G1 X146.8115 Y122.3605 Z0.3031 E0.02133 F1080
G1 X146.7444 Y122.7549 Z0.3031 E0.02133 F1080
G1 X146.6719 Y123.1482 Z0.3030 E0.02133 F1080
G1 X146.5942 Y123.5406 Z0.3030 E0.02133 F1080
G1 X146.5112 Y123.9319 Z0.3030 E0.02133 F1080
G1 X146.4229 Y124.3221 Z0.3030 E0.02133 F1080
G1 X146.3294 Y124.7110 Z0.3030 E0.02133 F1080
G1 X146.2307 Y125.0986 Z0.3029 E0.02133 F1080
G1 X146.1267 Y125.4849 Z0.3029 E0.02133 F1080
G1 X146.0176 Y125.8697 Z0.3029 E0.02133 F1080
G1 X145.9033 Y126.2530 Z0.3029 E0.02133 F1080
G1 X145.7838 Y126.6348 Z0.3029 E0.02133 F1080
G1 X145.6593 Y127.0149 Z0.3028 E0.02133 F1080
G1 X145.5296 Y127.3933 Z0.3028 E0.02133 F1080
G1 X145.3948 Y127.7699 Z0.3028 E0.02133 F1080
G1 X145.2550 Y128.1447 Z0.3028 E0.02133 F1080
G1 X145.1101 Y128.5175 Z0.3028 E0.02133 F1080
G1 X144.9603 Y128.8884 Z0.3027 E0.02133 F1080
G1 X144.8055 Y129.2572 Z0.3027 E0.02133 F1080
G1 X144.6457 Y129.6240 Z0.3027 E0.02133 F1080
G1 X144.4810 Y129.9885 Z0.3027 E0.02133 F1080
G1 X144.3114 Y130.3508 Z0.3027 E0.02133 F1080
G1 X144.1369 Y130.7107 Z0.3026 E0.02133 F1080
G1 X143.9577 Y131.0683 Z0.3026 E0.02133 F1080
G1 X143.7736 Y131.4234 Z0.3026 E0.02133 F1080
G1 X143.5848 Y131.7761 Z0.3026 E0.02133 F1080
G1 X143.3912 Y132.1261 Z0.3026 E0.02133 F1080
G1 X143.1930 Y132.4735 Z0.3025 E0.02133 F1080
G1 X142.9901 Y132.8183 Z0.3025 E0.02133 F1080
G1 X142.7826 Y133.1602 Z0.3025 E0.02133 F1080
G1 X142.5705 Y133.4994 Z0.3025 E0.02133 F1080
G1 X142.3538 Y133.8356 Z0.3025 E0.02133 F1080
G1 X142.1327 Y134.1690 Z0.3025 E0.02133 F1080
G1 X141.9071 Y134.4993 Z0.3024 E0.02133 F1080
G1 X141.6770 Y134.8265 Z0.3024 E0.02133 F1080
G1 X141.4426 Y135.1506 Z0.3024 E0.02133 F1080
G1 X141.2039 Y135.4716 Z0.3024 E0.02133 F1080
G1 X140.9608 Y135.7893 Z0.3024 E0.02133 F1080
G1 X140.7136 Y136.1037 Z0.3023 E0.02133 F1080
G1 X140.4621 Y136.4147 Z0.3023 E0.02133 F1080
G1 X140.2064 Y136.7224 Z0.3023 E0.02133 F1080
G1 X139.9466 Y137.0266 Z0.3023 E0.02133 F1080
G1 X139.6828 Y137.3272 Z0.3023 E0.02133 F1080
G1 X139.4150 Y137.6243 Z0.3023 E0.02133 F1080
G1 X139.1431 Y137.9178 Z0.3022 E0.02133 F1080
G1 X138.8674 Y138.2075 Z0.3022 E0.02133 F1080
G1 X138.5878 Y138.4936 Z0.3022 E0.02133 F1080
G1 X138.3043 Y138.7758 Z0.3022 E0.02133 F1080
G1 X138.0171 Y139.0543 Z0.3022 E0.02133 F1080
G1 X137.7262 Y139.3288 Z0.3021 E0.02133 F1080
G1 X137.4316 Y139.5994 Z0.3021 E0.02133 F1080
G1 X137.1335 Y139.8660 Z0.3021 E0.02133 F1080
G1 X136.8317 Y140.1286 Z0.3021 E0.02133 F1080
G1 X136.5265 Y140.3871 Z0.3021 E0.02133 F1080
G1 X136.2178 Y140.6415 Z0.3021 E0.02133 F1080
G1 X135.9057 Y140.8917 Z0.3020 E0.02133 F1080
G1 X135.5903 Y141.1377 Z0.3020 E0.02133 F1080
G1 X135.2716 Y141.3794 Z0.3020 E0.02133 F1080
G1 X134.9496 Y141.6169 Z0.3020 E0.02133 F1080
G1 X134.6246 Y141.8499 Z0.3020 E0.02133 F1080
G1 X134.2964 Y142.0786 Z0.3020 E0.02133 F1080
G1 X133.9651 Y142.3029 Z0.3019 E0.02133 F1080
G1 X133.6309 Y142.5227 Z0.3019 E0.02133 F1080
G1 X133.2938 Y142.7380 Z0.3019 E0.02133 F1080
G1 X132.9538 Y142.9487 Z0.3019 E0.02133 F1080
G1 X132.6110 Y143.1548 Z0.3019 E0.02133 F1080
G1 X132.2655 Y143.3564 Z0.3019 E0.02133 F1080
G1 X131.9173 Y143.5532 Z0.3019 E0.02133 F1080
G1 X131.5665 Y143.7454 Z0.3018 E0.02133 F1080
G1 X131.2131 Y143.9328 Z0.3018 E0.02133 F1080
G1 X130.8572 Y144.1155 Z0.3018 E0.02133 F1080
G1 X130.4989 Y144.2934 Z0.3018 E0.02133 F1080
G1 X130.1383 Y144.4664 Z0.3018 E0.02133 F1080
G1 X129.7754 Y144.6346 Z0.3018 E0.02133 F1080
G1 X129.4102 Y144.7979 Z0.3017 E0.02133 F1080
G1 X129.0429 Y144.9563 Z0.3017 E0.02133 F1080
G1 X128.6735 Y145.1097 Z0.3017 E0.02133 F1080
G1 X128.3021 Y145.2582 Z0.3017 E0.02133 F1080
G1 X127.9287 Y145.4016 Z0.3017 E0.02133 F1080
G1 X127.5534 Y145.5401 Z0.3017 E0.02133 F1080
G1 X127.1763 Y145.6734 Z0.3017 E0.02133 F1080
G1 X126.7974 Y145.8017 Z0.3016 E0.02133 F1080
G1 X126.4168 Y145.9249 Z0.3016 E0.02133 F1080
G1 X126.0347 Y146.0430 Z0.3016 E0.02133 F1080
G1 X125.6509 Y146.1560 Z0.3016 E0.02133 F1080
G1 X125.2657 Y146.2637 Z0.3016 E0.02133 F1080
G1 X124.8791 Y146.3663 Z0.3016 E0.02133 F1080
G1 X124.4911 Y146.4637 Z0.3015 E0.02133 F1080
G1 X124.1019 Y146.5559 Z0.3015 E0.02133 F1080
G1 X123.7115 Y146.6429 Z0.3015 E0.02133 F1080
G1 X123.3199 Y146.7246 Z0.3015 E0.02133 F1080
G1 X122.9273 Y146.8010 Z0.3015 E0.02133 F1080
G1 X122.5336 Y146.8721 Z0.3015 E0.02133 F1080
G1 X122.1391 Y146.9380 Z0.3015 E0.02133 F1080
G1 X121.7437 Y146.9986 Z0.3014 E0.02133 F1080
G1 X121.3475 Y147.0538 Z0.3014 E0.02133 F1080
G1 X120.9506 Y147.1038 Z0.3014 E0.02133 F1080
G1 X120.5531 Y147.1484 Z0.3014 E0.02133 F1080
G1 X120.1551 Y147.1876 Z0.3014 E0.02133 F1080
G1 X119.7565 Y147.2215 Z0.3014 E0.02133 F1080
G1 X119.3575 Y147.2501 Z0.3014 E0.02133 F1080
G1 X118.9582 Y147.2733 Z0.3013 E0.02133 F1080
G1 X118.5586 Y147.2912 Z0.3013 E0.02133 F1080
G1 X118.1588 Y147.3036 Z0.3013 E0.02133 F1080
G1 X117.7588 Y147.3108 Z0.3013 E0.02133 F1080
G1 X117.3588 Y147.3125 Z0.3013 E0.02133 F1080
G1 X116.9588 Y147.3089 Z0.3013 E0.02133 F1080
G1 X116.5589 Y147.2999 Z0.3013 E0.02133 F1080
G1 X116.1592 Y147.2856 Z0.3013 E0.02133 F1080
G1 X115.7597 Y147.2658 Z0.3012 E0.02133 F1080
G1 X115.3604 Y147.2408 Z0.3012 E0.02133 F1080
G1 X114.9616 Y147.2104 Z0.3012 E0.02133 F1080
G1 X114.5632 Y147.1746 Z0.3012 E0.02133 F1080
G1 X114.1653 Y147.1335 Z0.3012 E0.02133 F1080
G1 X113.7680 Y147.0870 Z0.3012 E0.02133 F1080
G1 X113.3714 Y147.0353 Z0.3012 E0.02133 F1080
G1 X112.9755 Y146.9782 Z0.3012 E0.02133 F1080
G1 X112.5804 Y146.9158 Z0.3011 E0.02133 F1080
G1 X112.1861 Y146.8481 Z0.3011 E0.02133 F1080
G1 X111.7928 Y146.7752 Z0.3011 E0.02133 F1080
G1 X111.4005 Y146.6969 Z0.3011 E0.02133 F1080
G1 X111.0093 Y146.6135 Z0.3011 E0.02133 F1080
G1 X110.6193 Y146.5247 Z0.3011 E0.02133 F1080
G1 X110.2305 Y146.4308 Z0.3011 E0.02133 F1080
G1 X109.8430 Y146.3316 Z0.3011 E0.02133 F1080
G1 X109.4568 Y146.2273 Z0.3010 E0.02133 F1080
G1 X109.0721 Y146.1178 Z0.3010 E0.02133 F1080
G1 X108.6889 Y146.0032 Z0.3010 E0.02133 F1080
G1 X108.3072 Y145.8834 Z0.3010 E0.02133 F1080
G1 X107.9272 Y145.7585 Z0.3010 E0.02133 F1080
G1 X107.5489 Y145.6285 Z0.3010 E0.02133 F1080
G1 X107.1724 Y145.4935 Z0.3010 E0.02133 F1080
G1 X106.7977 Y145.3534 Z0.3010 E0.02133 F1080
G1 X106.4249 Y145.2083 Z0.3010 E0.02133 F1080
G1 X106.0541 Y145.0583 Z0.3009 E0.02133 F1080
G1 X105.6854 Y144.9033 Z0.3009 E0.02133 F1080
G1 X105.3188 Y144.7433 Z0.3009 E0.02133 F1080
G1 X104.9543 Y144.5785 Z0.3009 E0.02133 F1080
G1 X104.5921 Y144.4088 Z0.3009 E0.02133 F1080
G1 X104.2322 Y144.2342 Z0.3009 E0.02133 F1080
G1 X103.8746 Y144.0549 Z0.3009 E0.02133 F1080
G1 X103.5195 Y143.8707 Z0.3009 E0.02133 F1080
G1 X103.1669 Y143.6818 Z0.3009 E0.02133 F1080
G1 X102.8169 Y143.4882 Z0.3008 E0.02133 F1080
G1 X102.4695 Y143.2900 Z0.3008 E0.02133 F1080
G1 X102.1248 Y143.0871 Z0.3008 E0.02133 F1080
G1 X101.7828 Y142.8796 Z0.3008 E0.02133 F1080
G1 X101.4436 Y142.6675 Z0.3008 E0.02133 F1080
G1 X101.1073 Y142.4509 Z0.3008 E0.02133 F1080
G1 X100.7740 Y142.2299 Z0.3008 E0.02133 F1080
G1 X100.4436 Y142.0043 Z0.3008 E0.02133 F1080
G1 X100.1163 Y141.7744 Z0.3008 E0.02133 F1080
G1 X99.7921 Y141.5401 Z0.3007 E0.02133 F1080
G1 X99.4710 Y141.3015 Z0.3007 E0.02133 F1080
G1 X99.1532 Y141.0586 Z0.3007 E0.02133 F1080
G1 X98.8387 Y140.8115 Z0.3007 E0.02133 F1080
G1 X98.5275 Y140.5602 Z0.3007 E0.02133 F1080
G1 X98.2197 Y140.3047 Z0.3007 E0.02133 F1080
G1 X97.9153 Y140.0451 Z0.3007 E0.02133 F1080
G1 X97.6145 Y139.7815 Z0.3007 E0.02133 F1080
G1 X97.3172 Y139.5139 Z0.3007 E0.02133 F1080
G1 X97.0235 Y139.2423 Z0.3007 E0.02133 F1080
G1 X96.7335 Y138.9668 Z0.3006 E0.02133 F1080
G1 X96.4472 Y138.6875 Z0.3006 E0.02133 F1080
G1 X96.1647 Y138.4043 Z0.3006 E0.02133 F1080
G1 X95.8860 Y138.1174 Z0.3006 E0.02133 F1080
G1 X95.6111 Y137.8268 Z0.3006 E0.02133 F1080
G1 X95.3402 Y137.5325 Z0.3006 E0.02133 F1080
G1 X95.0732 Y137.2346 Z0.3006 E0.02133 F1080
G1 X94.8103 Y136.9332 Z0.3006 E0.02133 F1080
G1 X94.5514 Y136.6282 Z0.3006 E0.02133 F1080
G1 X94.2966 Y136.3199 Z0.3006 E0.02133 F1080
G1 X94.0459 Y136.0081 Z0.3006 E0.02133 F1080
G1 X93.7995 Y135.6931 Z0.3005 E0.02133 F1080
G1 X93.5573 Y135.3747 Z0.3005 E0.02133 F1080
G1 X93.3194 Y135.0532 Z0.3005 E0.02133 F1080
G1 X93.0858 Y134.7285 Z0.3005 E0.02133 F1080
G1 X92.8566 Y134.4006 Z0.3005 E0.02133 F1080
G1 X92.6317 Y134.0698 Z0.3005 E0.02133 F1080
G1 X92.4114 Y133.7360 Z0.3005 E0.02133 F1080
G1 X92.1955 Y133.3992 Z0.3005 E0.02133 F1080
G1 X91.9842 Y133.0596 Z0.3005 E0.02133 F1080
G1 X91.7774 Y132.7172 Z0.3005 E0.02133 F1080
G1 X91.5752 Y132.3721 Z0.3005 E0.02133 F1080
G1 X91.3776 Y132.0242 Z0.3005 E0.02133 F1080
G1 X91.1848 Y131.6738 Z0.3005 E0.02133 F1080
G1 X90.9966 Y131.3208 Z0.3004 E0.02133 F1080
G1 X90.8132 Y130.9654 Z0.3004 E0.02133 F1080
G1 X90.6345 Y130.6075 Z0.3004 E0.02133 F1080
G1 X90.4606 Y130.2472 Z0.3004 E0.02133 F1080
G1 X90.2916 Y129.8847 Z0.3004 E0.02133 F1080
G1 X90.1275 Y129.5199 Z0.3004 E0.02133 F1080
G1 X89.9682 Y129.1530 Z0.3004 E0.02133 F1080
G1 X89.8139 Y128.7839 Z0.3004 E0.02133 F1080
G1 X89.6645 Y128.4129 Z0.3004 E0.02133 F1080
G1 X89.5201 Y128.0398 Z0.3004 E0.02133 F1080
G1 X89.3807 Y127.6649 Z0.3004 E0.02133 F1080
G1 X89.2463 Y127.2881 Z0.3004 E0.02133 F1080
G1 X89.1170 Y126.9096 Z0.3004 E0.02133 F1080
G1 X88.9928 Y126.5294 Z0.3003 E0.02133 F1080
G1 X88.8736 Y126.1476 Z0.3003 E0.02133 F1080
G1 X88.7596 Y125.7641 Z0.3003 E0.02133 F1080
G1 X88.6507 Y125.3792 Z0.3003 E0.02133 F1080
G1 X88.5470 Y124.9929 Z0.3003 E0.02133 F1080
G1 X88.4484 Y124.6053 Z0.3003 E0.02133 F1080
G1 X88.3551 Y124.2163 Z0.3003 E0.02133 F1080
G1 X88.2669 Y123.8261 Z0.3003 E0.02133 F1080
G1 X88.1840 Y123.4348 Z0.3003 E0.02133 F1080
G1 X88.1063 Y123.0424 Z0.3003 E0.02133 F1080
G1 X88.0339 Y122.6490 Z0.3003 E0.02133 F1080
G1 X87.9667 Y122.2547 Z0.3003 E0.02133 F1080
G1 X87.9048 Y121.8595 Z0.3003 E0.02133 F1080
G1 X87.8482 Y121.4635 Z0.3003 E0.02133 F1080
G1 X87.7970 Y121.0668 Z0.3003 E0.02133 F1080
G1 X87.7510 Y120.6695 Z0.3003 E0.02133 F1080
G1 X87.7103 Y120.2716 Z0.3002 E0.02133 F1080
G1 X87.6749 Y119.8731 Z0.3002 E0.02133 F1080
G1 X87.6449 Y119.4742 Z0.3002 E0.02133 F1080
G1 X87.6203 Y119.0750 Z0.3002 E0.02133 F1080
G1 X87.6009 Y118.6755 Z0.3002 E0.02133 F1080
G1 X87.5869 Y118.2757 Z0.3002 E0.02133 F1080
G1 X87.5783 Y117.8758 Z0.3002 E0.02133 F1080
G1 X87.5750 Y117.4758 Z0.3002 E0.02133 F1080
G1 X87.5770 Y117.0758 Z0.3002 E0.02133 F1080
G1 X87.5844 Y116.6759 Z0.3002 E0.02133 F1080
G1 X87.5971 Y116.2761 Z0.3002 E0.02133 F1080
G1 X87.6152 Y115.8765 Z0.3002 E0.02133 F1080
G1 X87.6386 Y115.4771 Z0.3002 E0.02133 F1080
G1 X87.6673 Y115.0782 Z0.3002 E0.02133 F1080
G1 X87.7014 Y114.6796 Z0.3002 E0.02133 F1080
G1 X87.7408 Y114.2816 Z0.3002 E0.02133 F1080
G1 X87.7855 Y113.8841 Z0.3002 E0.02133 F1080
G1 X87.8356 Y113.4872 Z0.3002 E0.02133 F1080
G1 X87.8909 Y113.0910 Z0.3002 E0.02133 F1080
G1 X87.9515 Y112.6957 Z0.3001 E0.02133 F1080
G1 X88.0174 Y112.3011 Z0.3001 E0.02133 F1080
G1 X88.0885 Y111.9075 Z0.3001 E0.02133 F1080
G1 X88.1649 Y111.5148 Z0.3001 E0.02133 F1080
G1 X88.2466 Y111.1233 Z0.3001 E0.02133 F1080
G1 X88.3334 Y110.7328 Z0.3001 E0.02133 F1080
G1 X88.4255 Y110.3435 Z0.3001 E0.02133 F1080
G1 X88.5228 Y109.9555 Z0.3001 E0.02133 F1080
G1 X88.6252 Y109.5689 Z0.3001 E0.02133 F1080
G1 X88.7328 Y109.1836 Z0.3001 E0.02133 F1080
G1 X88.8456 Y108.7998 Z0.3001 E0.02133 F1080
G1 X88.9634 Y108.4176 Z0.3001 E0.02133 F1080
G1 X89.0864 Y108.0369 Z0.3001 E0.02133 F1080
G1 X89.2144 Y107.6580 Z0.3001 E0.02133 F1080
G1 X89.3475 Y107.2808 Z0.3001 E0.02133 F1080
G1 X89.4856 Y106.9053 Z0.3001 E0.02133 F1080
G1 X89.6286 Y106.5318 Z0.3001 E0.02133 F1080
G1 X89.7767 Y106.1602 Z0.3001 E0.02133 F1080
G1 X89.9297 Y105.7906 Z0.3001 E0.02133 F1080
G1 X90.0877 Y105.4231 Z0.3001 E0.02133 F1080
G1 X90.2505 Y105.0578 Z0.3001 E0.02133 F1080
G1 X90.4182 Y104.6946 Z0.3001 E0.02133 F1080
G1 X90.5908 Y104.3337 Z0.3001 E0.02133 F1080
G1 X90.7681 Y103.9752 Z0.3001 E0.02133 F1080
G1 X90.9502 Y103.6191 Z0.3001 E0.02133 F1080
G1 X91.1371 Y103.2654 Z0.3001 E0.02133 F1080
G1 X91.3286 Y102.9142 Z0.3001 E0.02133 F1080
G1 X91.5248 Y102.5657 Z0.3001 E0.02133 F1080
G1 X91.7257 Y102.2197 Z0.3000 E0.02133 F1080
G1 X91.9312 Y101.8765 Z0.3000 E0.02133 F1080
G1 X92.1412 Y101.5361 Z0.3000 E0.02133 F1080
G1 X92.3557 Y101.1985 Z0.3000 E0.02133 F1080
G1 X92.5748 Y100.8638 Z0.3000 E0.02133 F1080
G1 X92.7983 Y100.5320 Z0.3000 E0.02133 F1080
G1 X93.0262 Y100.2033 Z0.3000 E0.02133 F1080
G1 X93.2584 Y99.8776 Z0.3000 E0.02133 F1080
G1 X93.4950 Y99.5551 Z0.3000 E0.02133 F1080
G1 X93.7359 Y99.2358 Z0.3000 E0.02133 F1080
G1 X93.9810 Y98.9196 Z0.3000 E0.02133 F1080
G1 X94.2303 Y98.6068 Z0.3000 E0.02133 F1080
G1 X94.4837 Y98.2974 Z0.3000 E0.02133 F1080
G1 X94.7413 Y97.9913 Z0.3000 E0.02133 F1080
G1 X95.0029 Y97.6888 Z0.3000 E0.02133 F1080
G1 X95.2686 Y97.3897 Z0.3000 E0.02133 F1080
G1 X95.5382 Y97.0942 Z0.3000 E0.02133 F1080
G1 X95.8117 Y96.8023 Z0.3000 E0.02133 F1080
G1 X96.0891 Y96.5141 Z0.3000 E0.02133 F1080
G1 X96.3703 Y96.2297 Z0.3000 E0.02133 F1080
G1 X96.6553 Y95.9490 Z0.3000 E0.02133 F1080
G1 X96.9440 Y95.6721 Z0.3000 E0.02133 F1080
G1 X97.2364 Y95.3991 Z0.3000 E0.02133 F1080
G1 X97.5324 Y95.1301 Z0.3000 E0.02133 F1080
G1 X97.8319 Y94.8650 Z0.3000 E0.02133 F1080
G1 X98.1350 Y94.6039 Z0.3000 E0.02133 F1080
G1 X98.4415 Y94.3469 Z0.3000 E0.02133 F1080
G1 X98.7514 Y94.0940 Z0.3000 E0.02133 F1080
G1 X99.0647 Y93.8453 Z0.3000 E0.02133 F1080
G1 X99.3813 Y93.6008 Z0.3000 E0.02133 F1080
G1 X99.7010 Y93.3605 Z0.3000 E0.02133 F1080
G1 X100.0240 Y93.1245 Z0.3000 E0.02133 F1080
G1 X100.3501 Y92.8928 Z0.3000 E0.02133 F1080
G1 X100.6792 Y92.6655 Z0.3000 E0.02133 F1080
G1 X101.0114 Y92.4426 Z0.3000 E0.02133 F1080
G1 X101.3465 Y92.2241 Z0.3000 E0.02133 F1080
G1 X101.6844 Y92.0102 Z0.3000 E0.02133 F1080
G1 X102.0252 Y91.8007 Z0.3000 E0.02133 F1080
G1 X102.3688 Y91.5959 Z0.3000 E0.02133 F1080
G1 X102.7150 Y91.3956 Z0.3000 E0.02133 F1080
G1 X103.0639 Y91.1999 Z0.3000 E0.02133 F1080
G1 X103.4154 Y91.0090 Z0.3000 E0.02133 F1080
G1 X103.7694 Y90.8227 Z0.3000 E0.02133 F1080
G1 X104.1258 Y90.6412 Z0.3000 E0.02133 F1080
G1 X104.4847 Y90.4644 Z0.3000 E0.02133 F1080
G1 X104.8458 Y90.2924 Z0.3000 E0.02133 F1080
G1 X105.2092 Y90.1253 Z0.3000 E0.02133 F1080
G1 X105.5748 Y89.9630 Z0.3000 E0.02133 F1080
G1 X105.9426 Y89.8056 Z0.3000 E0.02133 F1080
G1 X106.3124 Y89.6532 Z0.3000 E0.02133 F1080
G1 X106.6842 Y89.5056 Z0.3000 E0.02133 F1080
G1 X107.0579 Y89.3631 Z0.3000 E0.02133 F1080
G1 X107.4335 Y89.2255 Z0.3000 E0.02133 F1080
G1 X107.8109 Y89.0930 Z0.3000 E0.02133 F1080
G1 X108.1901 Y88.9655 Z0.3000 E0.02133 F1080
G1 X108.5709 Y88.8430 Z0.3000 E0.02133 F1080
G1 X108.9533 Y88.7257 Z0.3000 E0.02133 F1080
G1 X109.3372 Y88.6134 Z0.3000 E0.02133 F1080
G1 X109.7226 Y88.5063 Z0.3000 E0.02133 F1080
G1 X110.1094 Y88.4043 Z0.3000 E0.02133 F1080
G1 X110.4975 Y88.3075 Z0.3000 E0.02133 F1080
G1 X110.8869 Y88.2158 Z0.3000 E0.02133 F1080
G1 X111.2774 Y88.1294 Z0.3000 E0.02133 F1080
G1 X111.6691 Y88.0482 Z0.3000 E0.02133 F1080
G1 X112.0618 Y87.9721 Z0.3000 E0.02133 F1080
G1 X112.4555 Y87.9014 Z0.3000 E0.02133 F1080
G1 X112.8501 Y87.8359 Z0.3000 E0.02133 F1080
G1 X113.2455 Y87.7756 Z0.3000 E0.02133 F1080
G1 X113.6417 Y87.7206 Z0.3000 E0.02133 F1080
G1 X114.0387 Y87.6709 Z0.3000 E0.02133 F1080
G1 X114.4362 Y87.6265 Z0.3000 E0.02133 F1080
G1 X114.8343 Y87.5874 Z0.3000 E0.02133 F1080
G1 X115.2328 Y87.5536 Z0.3000 E0.02133 F1080
G1 X115.6318 Y87.5251 Z0.3000 E0.02133 F1080
G1 X116.0312 Y87.5019 Z0.3000 E0.02133 F1080
G1 X116.4308 Y87.4841 Z0.3000 E0.02133 F1080
G1 X116.8306 Y87.4716 Z0.3000 E0.02133 F1080
G1 X117.2305 Y87.4644 Z0.3001 E0.02133 F1080
G1 X117.6305 Y87.4625 Z0.3001 E0.02133 F1080
G1 X118.0305 Y87.4659 Z0.3001 E0.02133 F1080
G1 X118.4304 Y87.4747 Z0.3001 E0.02133 F1080
G1 X118.8302 Y87.4888 Z0.3001 E0.02133 F1080
G1 X119.2297 Y87.5082 Z0.3001 E0.02133 F1080
G1 X119.6289 Y87.5329 Z0.3001 E0.02133 F1080
G1 X120.0278 Y87.5630 Z0.3001 E0.02133 F1080
G1 X120.4263 Y87.5984 Z0.3001 E0.02133 F1080
G1 X120.8242 Y87.6390 Z0.3001 E0.02133 F1080
G1 X121.2215 Y87.6850 Z0.3001 E0.02133 F1080
G1 X121.6183 Y87.7362 Z0.3001 E0.02133 F1080
G1 X122.0142 Y87.7927 Z0.3001 E0.02133 F1080
G1 X122.4095 Y87.8545 Z0.3001 E0.02133 F1080
G1 X122.8038 Y87.9216 Z0.3001 E0.02133 F1080
G1 X123.1972 Y87.9938 Z0.3001 E0.02133 F1080
G1 X123.5896 Y88.0713 Z0.3001 E0.02133 F1080
G1 X123.9810 Y88.1541 Z0.3001 E0.02133 F1080
G1 X124.3712 Y88.2420 Z0.3001 E0.02133 F1080
G1 X124.7602 Y88.3351 Z0.3001 E0.02133 F1080
G1 X125.1480 Y88.4334 Z0.3001 E0.02133 F1080
G1 X125.5344 Y88.5368 Z0.3001 E0.02133 F1080
G1 X125.9194 Y88.6454 Z0.3001 E0.02133 F1080
G1 X126.3029 Y88.7591 Z0.3001 E0.02133 F1080
G1 X126.6848 Y88.8779 Z0.3001 E0.02133 F1080
G1 X127.0652 Y89.0017 Z0.3001 E0.02133 F1080
G1 X127.4439 Y89.1306 Z0.3001 E0.02133 F1080
G1 X127.8208 Y89.2645 Z0.3001 E0.02133 F1080
G1 X128.1959 Y89.4035 Z0.3001 E0.02133 F1080
G1 X128.5691 Y89.5474 Z0.3002 E0.02133 F1080
G1 X128.9404 Y89.6962 Z0.3002 E0.02133 F1080
G1 X129.3096 Y89.8500 Z0.3002 E0.02133 F1080
G1 X129.6768 Y90.0087 Z0.3002 E0.02133 F1080
G1 X130.0419 Y90.1723 Z0.3002 E0.02133 F1080
G1 X130.4047 Y90.3407 Z0.3002 E0.02133 F1080
G1 X130.7652 Y90.5139 Z0.3002 E0.02133 F1080
G1 X131.1235 Y90.6919 Z0.3002 E0.02133 F1080
G1 X131.4793 Y90.8746 Z0.3002 E0.02133 F1080
G1 X131.8326 Y91.0620 Z0.3002 E0.02133 F1080
G1 X132.1835 Y91.2542 Z0.3002 E0.02133 F1080
G1 X132.5317 Y91.4510 Z0.3002 E0.02133 F1080
G1 X132.8773 Y91.6524 Z0.3002 E0.02133 F1080
G1 X133.2202 Y91.8584 Z0.3002 E0.02133 F1080
G1 X133.5604 Y92.0689 Z0.3002 E0.02133 F1080
G1 X133.8976 Y92.2839 Z0.3002 E0.02133 F1080
G1 X134.2320 Y92.5034 Z0.3002 E0.02133 F1080
G1 X134.5635 Y92.7273 Z0.3002 E0.02133 F1080
G1 X134.8920 Y92.9556 Z0.3002 E0.02133 F1080
G1 X135.2173 Y93.1883 Z0.3003 E0.02133 F1080
G1 X135.5396 Y93.4253 Z0.3003 E0.02133 F1080
G1 X135.8587 Y93.6665 Z0.3003 E0.02133 F1080
G1 X136.1745 Y93.9119 Z0.3003 E0.02133 F1080
G1 X136.4871 Y94.1616 Z0.3003 E0.02133 F1080
G1 X136.7963 Y94.4153 Z0.3003 E0.02133 F1080
G1 X137.1021 Y94.6732 Z0.3003 E0.02133 F1080
G1 X137.4045 Y94.9351 Z0.3003 E0.02133 F1080
G1 X137.7033 Y95.2009 Z0.3003 E0.02133 F1080
G1 X137.9986 Y95.4708 Z0.3003 E0.02133 F1080
G1 X138.2903 Y95.7445 Z0.3003 E0.02133 F1080
G1 X138.5783 Y96.0221 Z0.3003 E0.02133 F1080
G1 X138.8626 Y96.3035 Z0.3003 E0.02133 F1080
G1 X139.1431 Y96.5886 Z0.3003 E0.02133 F1080
G1 X139.4198 Y96.8775 Z0.3003 E0.02133 F1080
G1 X139.6926 Y97.1700 Z0.3003 E0.02133 F1080
G1 X139.9616 Y97.4661 Z0.3004 E0.02133 F1080
G1 X140.2266 Y97.7657 Z0.3004 E0.02133 F1080
G1 X140.4875 Y98.0689 Z0.3004 E0.02133 F1080
G1 X140.7444 Y98.3755 Z0.3004 E0.02133 F1080
G1 X140.9973 Y98.6854 Z0.3004 E0.02133 F1080
G1 X141.2459 Y98.9988 Z0.3004 E0.02133 F1080
G1 X141.4904 Y99.3153 Z0.3004 E0.02133 F1080
G1 X141.7307 Y99.6351 Z0.3004 E0.02133 F1080
G1 X141.9667 Y99.9581 Z0.3004 E0.02133 F1080
G1 X142.1984 Y100.2842 Z0.3004 E0.02133 F1080
G1 X142.4257 Y100.6133 Z0.3004 E0.02133 F1080
G1 X142.6487 Y100.9454 Z0.3004 E0.02133 F1080
G1 X142.8672 Y101.2805 Z0.3004 E0.02133 F1080
G1 X143.0812 Y101.6184 Z0.3004 E0.02133 F1080
G1 X143.2908 Y101.9591 Z0.3005 E0.02133 F1080
G1 X143.4957 Y102.3026 Z0.3005 E0.02133 F1080
G1 X143.6961 Y102.6488 Z0.3005 E0.02133 F1080
G1 X143.8919 Y102.9976 Z0.3005 E0.02133 F1080
G1 X144.0831 Y103.3490 Z0.3005 E0.02133 F1080
G1 X144.2695 Y103.7029 Z0.3005 E0.02133 F1080
G1 X144.4513 Y104.0592 Z0.3005 E0.02133 F1080
G1 X144.6283 Y104.4179 Z0.3005 E0.02133 F1080
G1 X144.8005 Y104.7790 Z0.3005 E0.02133 F1080
G1 X144.9679 Y105.1423 Z0.3005 E0.02133 F1080
G1 X145.1304 Y105.5077 Z0.3005 E0.02133 F1080
G1 X145.2881 Y105.8754 Z0.3005 E0.02133 F1080
G1 X145.4409 Y106.2450 Z0.3006 E0.02133 F1080
G1 X145.5888 Y106.6167 Z0.3006 E0.02133 F1080
G1 X145.7317 Y106.9903 Z0.3006 E0.02133 F1080
G1 X145.8697 Y107.3658 Z0.3006 E0.02133 F1080
G1 X146.0026 Y107.7430 Z0.3006 E0.02133 F1080
G1 X146.1306 Y108.1220 Z0.3006 E0.02133 F1080
G1 X146.2535 Y108.5027 Z0.3006 E0.02133 F1080
G1 X146.3713 Y108.8849 Z0.3006 E0.02133 F1080
G1 X146.4840 Y109.2687 Z0.3006 E0.02133 F1080
G1 X146.5917 Y109.6540 Z0.3006 E0.02133 F1080
G1 X146.6942 Y110.0406 Z0.3006 E0.02133 F1080
G1 X146.7915 Y110.4286 Z0.3007 E0.02133 F1080
G1 X146.8838 Y110.8178 Z0.3007 E0.02133 F1080
G1 X146.9708 Y111.2082 Z0.3007 E0.02133 F1080
G1 X147.0526 Y111.5998 Z0.3007 E0.02133 F1080
G1 X147.1293 Y111.9924 Z0.3007 E0.02133 F1080
G1 X147.2007 Y112.3859 Z0.3007 E0.02133 F1080
G1 X147.2669 Y112.7804 Z0.3007 E0.02133 F1080
G1 X147.3279 Y113.1758 Z0.3007 E0.02133 F1080
G1 X147.3836 Y113.5719 Z0.3007 E0.02133 F1080
G1 X147.4340 Y113.9687 Z0.3007 E0.02133 F1080
G1 X147.4792 Y114.3661 Z0.3008 E0.02133 F1080
G1 X147.5191 Y114.7641 Z0.3008 E0.02133 F1080
G1 X147.5537 Y115.1626 Z0.3008 E0.02133 F1080
G1 X147.5830 Y115.5616 Z0.3008 E0.02133 F1080
G1 X147.6070 Y115.9609 Z0.3008 E0.02133 F1080
G1 X147.6257 Y116.3604 Z0.3008 E0.02133 F1080
G1 X147.6392 Y116.7602 Z0.3008 E0.02133 F1080
G1 X147.6473 Y117.1601 Z0.3008 E0.02133 F1080
G1 X147.6501 Y117.5601 Z0.3008 E0.02133 F1080
G1 X147.6476 Y117.9601 Z0.3008 E0.02133 F1080
G1 X147.6398 Y118.3600 Z0.3009 E0.02133 F1080
G1 X147.6267 Y118.7598 Z0.3009 E0.02133 F1080
G1 X147.6082 Y119.1594 Z0.3009 E0.02133 F1080
G1 X147.5845 Y119.5587 Z0.3009 E0.02133 F1080
G1 X147.5555 Y119.9577 Z0.3009 E0.02133 F1080
G1 X147.5212 Y120.3562 Z0.3009 E0.02133 F1080
G1 X147.4817 Y120.7542 Z0.3009 E0.02133 F1080
G1 X147.4368 Y121.1517 Z0.3009 E0.02133 F1080
G1 X147.3867 Y121.5486 Z0.3009 E0.02133 F1080
G1 X147.3313 Y121.9447 Z0.3010 E0.02133 F1080
G1 X147.2707 Y122.3401 Z0.3010 E0.02133 F1080
G1 X147.2048 Y122.7346 Z0.3010 E0.02133 F1080
G1 X147.1337 Y123.1283 Z0.3010 E0.02133 F1080
G1 X147.0574 Y123.5209 Z0.3010 E0.02133 F1080
G1 X146.9759 Y123.9126 Z0.3010 E0.02133 F1080
G1 X146.8892 Y124.3030 Z0.3010 E0.02133 F1080
G1 X146.7973 Y124.6924 Z0.3010 E0.02133 F1080
G1 X146.7003 Y125.0804 Z0.3010 E0.02133 F1080
G1 X146.5981 Y125.4672 Z0.3011 E0.02133 F1080
G1 X146.4909 Y125.8525 Z0.3011 E0.02133 F1080
G1 X146.3785 Y126.2364 Z0.3011 E0.02133 F1080
G1 X146.2610 Y126.6188 Z0.3011 E0.02133 F1080
G1 X146.1385 Y126.9996 Z0.3011 E0.02133 F1080
G1 X146.0110 Y127.3787 Z0.3011 E0.02133 F1080
G1 X145.8784 Y127.7561 Z0.3011 E0.02133 F1080
G1 X145.7408 Y128.1317 Z0.3011 E0.02133 F1080
G1 X145.5983 Y128.5054 Z0.3012 E0.02133 F1080
G1 X145.4509 Y128.8773 Z0.3012 E0.02133 F1080
G1 X145.2985 Y129.2471 Z0.3012 E0.02133 F1080
G1 X145.1412 Y129.6149 Z0.3012 E0.02133 F1080
G1 X144.9791 Y129.9806 Z0.3012 E0.02133 F1080
G1 X144.8121 Y130.3441 Z0.3012 E0.02133 F1080
G1 X144.6404 Y130.7053 Z0.3012 E0.02133 F1080
G1 X144.4638 Y131.0643 Z0.3012 E0.02133 F1080
G1 X144.2825 Y131.4208 Z0.3013 E0.02133 F1080
G1 X144.0965 Y131.7750 Z0.3013 E0.02133 F1080
G1 X143.9059 Y132.1266 Z0.3013 E0.02133 F1080
G1 X143.7106 Y132.4757 Z0.3013 E0.02133 F1080
G1 X143.5107 Y132.8222 Z0.3013 E0.02133 F1080
G1 X143.3062 Y133.1659 Z0.3013 E0.02133 F1080
G1 X143.0971 Y133.5070 Z0.3013 E0.02133 F1080
G1 X142.8836 Y133.8452 Z0.3013 E0.02133 F1080
G1 X142.6656 Y134.1806 Z0.3014 E0.02133 F1080
G1 X142.4432 Y134.5131 Z0.3014 E0.02133 F1080
G1 X142.2164 Y134.8426 Z0.3014 E0.02133 F1080
G1 X141.9853 Y135.1690 Z0.3014 E0.02133 F1080
G1 X141.7498 Y135.4924 Z0.3014 E0.02133 F1080
G1 X141.5101 Y135.8126 Z0.3014 E0.02133 F1080
G1 X141.2662 Y136.1297 Z0.3014 E0.02133 F1080
G1 X141.0181 Y136.4434 Z0.3015 E0.02133 F1080
G1 X140.7658 Y136.7539 Z0.3015 E0.02133 F1080
G1 X140.5095 Y137.0609 Z0.3015 E0.02133 F1080
G1 X140.2491 Y137.3646 Z0.3015 E0.02133 F1080
G1 X139.9848 Y137.6648 Z0.3015 E0.02133 F1080
G1 X139.7164 Y137.9614 Z0.3015 E0.02133 F1080
G1 X139.4442 Y138.2545 Z0.3015 E0.02133 F1080
G1 X139.1681 Y138.5439 Z0.3016 E0.02133 F1080
G1 X138.8882 Y138.8297 Z0.3016 E0.02133 F1080
G1 X138.6045 Y139.1117 Z0.3016 E0.02133 F1080
G1 X138.3172 Y139.3900 Z0.3016 E0.02133 F1080
G1 X138.0261 Y139.6644 Z0.3016 E0.02133 F1080
G1 X137.7315 Y139.9350 Z0.3016 E0.02133 F1080
G1 X137.4333 Y140.2016 Z0.3016 E0.02133 F1080
G1 X137.1316 Y140.4642 Z0.3017 E0.02133 F1080
G1 X136.8265 Y140.7228 Z0.3017 E0.02133 F1080
G1 X136.5179 Y140.9774 Z0.3017 E0.02133 F1080
G1 X136.2060 Y141.2279 Z0.3017 E0.02133 F1080
G1 X135.8909 Y141.4742 Z0.3017 E0.02133 F1080
G1 X135.5724 Y141.7163 Z0.3017 E0.02133 F1080
G1 X135.2509 Y141.9542 Z0.3018 E0.02133 F1080
G1 X134.9262 Y142.1878 Z0.3018 E0.02133 F1080
G1 X134.5984 Y142.4170 Z0.3018 E0.02133 F1080
G1 X134.2676 Y142.6420 Z0.3018 E0.02133 F1080
G1 X133.9339 Y142.8625 Z0.3018 E0.02133 F1080
G1 X133.5973 Y143.0786 Z0.3018 E0.02133 F1080
G1 X133.2578 Y143.2902 Z0.3018 E0.02133 F1080
G1 X132.9156 Y143.4973 Z0.3019 E0.02133 F1080
G1 X132.5707 Y143.6999 Z0.3019 E0.02133 F1080
G1 X132.2231 Y143.8978 Z0.3019 E0.02133 F1080
G1 X131.8729 Y144.0912 Z0.3019 E0.02133 F1080
G1 X131.5202 Y144.2799 Z0.3019 E0.02133 F1080
G1 X131.1651 Y144.4639 Z0.3019 E0.02133 F1080
G1 X130.8075 Y144.6432 Z0.3020 E0.02133 F1080
G1 X130.4476 Y144.8178 Z0.3020 E0.02133 F1080
G1 X130.0854 Y144.9876 Z0.3020 E0.02133 F1080
G1 X129.7210 Y145.1525 Z0.3020 E0.02133 F1080
G1 X129.3545 Y145.3127 Z0.3020 E0.02133 F1080
G1 X128.9858 Y145.4679 Z0.3020 E0.02133 F1080
G1 X128.6152 Y145.6183 Z0.3021 E0.02133 F1080
G1 X128.2426 Y145.7638 Z0.3021 E0.02133 F1080
G1 X127.8681 Y145.9043 Z0.3021 E0.02133 F1080
G1 X127.4917 Y146.0399 Z0.3021 E0.02133 F1080
G1 X127.1136 Y146.1705 Z0.3021 E0.02133 F1080
G1 X126.7338 Y146.2960 Z0.3021 E0.02133 F1080
G1 X126.3524 Y146.4165 Z0.3022 E0.02133 F1080
G1 X125.9694 Y146.5320 Z0.3022 E0.02133 F1080
G1 X125.5850 Y146.6424 Z0.3022 E0.02133 F1080
G1 X125.1991 Y146.7477 Z0.3022 E0.02133 F1080
G1 X124.8118 Y146.8479 Z0.3022 E0.02133 F1080
G1 X124.4233 Y146.9429 Z0.3022 E0.02133 F1080
G1 X124.0335 Y147.0328 Z0.3023 E0.02133 F1080
G1 X123.6426 Y147.1176 Z0.3023 E0.02133 F1080
G1 X123.2506 Y147.1972 Z0.3023 E0.02133 F1080
G1 X122.8575 Y147.2715 Z0.3023 E0.02133 F1080
G1 X122.4636 Y147.3407 Z0.3023 E0.02133 F1080
G1 X122.0687 Y147.4047 Z0.3023 E0.02133 F1080
G1 X121.6730 Y147.4634 Z0.3024 E0.02133 F1080
G1 X121.2766 Y147.5169 Z0.3024 E0.02133 F1080
G1 X120.8795 Y147.5651 Z0.3024 E0.02133 F1080
G1 X120.4819 Y147.6081 Z0.3024 E0.02133 F1080
G1 X120.0836 Y147.6459 Z0.3024 E0.02133 F1080
G1 X119.6850 Y147.6783 Z0.3024 E0.02133 F1080
G1 X119.2859 Y147.7055 Z0.3025 E0.02133 F1080
G1 X118.8865 Y147.7274 Z0.3025 E0.02133 F1080
G1 X118.4868 Y147.7441 Z0.3025 E0.02133 F1080
G1 X118.0870 Y147.7554 Z0.3025 E0.02133 F1080
G1 X117.6870 Y147.7615 Z0.3025 E0.02133 F1080
G1 X117.2870 Y147.7623 Z0.3026 E0.02133 F1080
G1 X116.8870 Y147.7577 Z0.3026 E0.02133 F1080
G1 X116.4871 Y147.7479 Z0.3026 E0.02133 F1080
G1 X116.0874 Y147.7329 Z0.3026 E0.02133 F1080
G1 X115.6879 Y147.7125 Z0.3026 E0.02133 F1080
G1 X115.2888 Y147.6869 Z0.3027 E0.02133 F1080
G1 X114.8899 Y147.6559 Z0.3027 E0.02133 F1080
G1 X114.4916 Y147.6198 Z0.3027 E0.02133 F1080
G1 X114.0937 Y147.5783 Z0.3027 E0.02133 F1080
G1 X113.6965 Y147.5316 Z0.3027 E0.02133 F1080
G1 X113.2998 Y147.4797 Z0.3027 E0.02133 F1080
G1 X112.9039 Y147.4225 Z0.3028 E0.02133 F1080
G1 X112.5088 Y147.3601 Z0.3028 E0.02133 F1080
G1 X112.1146 Y147.2925 Z0.3028 E0.02133 F1080
G1 X111.7213 Y147.2197 Z0.3028 E0.02133 F1080
G1 X111.3289 Y147.1416 Z0.3028 E0.02133 F1080
G1 X110.9377 Y147.0585 Z0.3029 E0.02133 F1080
G1 X110.5476 Y146.9701 Z0.3029 E0.02133 F1080
G1 X110.1586 Y146.8766 Z0.3029 E0.02133 F1080
G1 X109.7710 Y146.7780 Z0.3029 E0.02133 F1080
G1 X109.3847 Y146.6742 Z0.3029 E0.02133 F1080
G1 X108.9997 Y146.5654 Z0.3030 E0.02133 F1080
G1 X108.6163 Y146.4515 Z0.3030 E0.02133 F1080
G1 X108.2344 Y146.3325 Z0.3030 E0.02133 F1080
G1 X107.8541 Y146.2086 Z0.3030 E0.02133 F1080
G1 X107.4755 Y146.0795 Z0.3030 E0.02133 F1080
G1 X107.0986 Y145.9456 Z0.3031 E0.02133 F1080
G1 X106.7235 Y145.8066 Z0.3031 E0.02133 F1080
G1 X106.3503 Y145.6627 Z0.3031 E0.02133 F1080
G1 X105.9790 Y145.5139 Z0.3031 E0.02133 F1080
G1 X105.6097 Y145.3602 Z0.3031 E0.02133 F1080
G1 X105.2424 Y145.2016 Z0.3032 E0.02133 F1080
G1 X104.8773 Y145.0382 Z0.3032 E0.02133 F1080
G1 X104.5144 Y144.8700 Z0.3032 E0.02133 F1080
G1 X104.1538 Y144.6970 Z0.3032 E0.02133 F1080
G1 X103.7954 Y144.5192 Z0.3032 E0.02133 F1080
G1 X103.4394 Y144.3368 Z0.3033 E0.02133 F1080
G1 X103.0859 Y144.1496 Z0.3033 E0.02133 F1080
G1 X102.7349 Y143.9579 Z0.3033 E0.02133 F1080
G1 X102.3864 Y143.7615 Z0.3033 E0.02133 F1080
G1 X102.0406 Y143.5605 Z0.3033 E0.02133 F1080
G1 X101.6974 Y143.3549 Z0.3034 E0.02133 F1080
G1 X101.3570 Y143.1449 Z0.3034 E0.02133 F1080
G1 X101.0194 Y142.9304 Z0.3034 E0.02133 F1080
G1 X100.6846 Y142.7114 Z0.3034 E0.02133 F1080
G1 X100.3528 Y142.4880 Z0.3035 E0.02133 F1080
G1 X100.0240 Y142.2603 Z0.3035 E0.02133 F1080
G1 X99.6981 Y142.0283 Z0.3035 E0.02133 F1080
G1 X99.3754 Y141.7919 Z0.3035 E0.02133 F1080
G1 X99.0558 Y141.5514 Z0.3035 E0.02133 F1080
G1 X98.7394 Y141.3066 Z0.3036 E0.02133 F1080
G1 X98.4263 Y141.0577 Z0.3036 E0.02133 F1080
G1 X98.1165 Y140.8047 Z0.3036 E0.02133 F1080
G1 X97.8101 Y140.5476 Z0.3036 E0.02133 F1080
G1 X97.5070 Y140.2865 Z0.3036 E0.02133 F1080
G1 X97.2075 Y140.0214 Z0.3037 E0.02133 F1080
G1 X96.9114 Y139.7524 Z0.3037 E0.02133 F1080
G1 X96.6190 Y139.4795 Z0.3037 E0.02133 F1080
G1 X96.3301 Y139.2028 Z0.3037 E0.02133 F1080
G1 X96.0450 Y138.9222 Z0.3038 E0.02133 F1080
G1 X95.7636 Y138.6380 Z0.3038 E0.02133 F1080
G1 X95.4859 Y138.3500 Z0.3038 E0.02133 F1080
G1 X95.2121 Y138.0585 Z0.3038 E0.02133 F1080
G1 X94.9421 Y137.7633 Z0.3038 E0.02133 F1080
G1 X94.6761 Y137.4646 Z0.3039 E0.02133 F1080
G1 X94.4140 Y137.1624 Z0.3039 E0.02133 F1080
G1 X94.1559 Y136.8568 Z0.3039 E0.02133 F1080
G1 X93.9019 Y136.5478 Z0.3039 E0.02133 F1080
G1 X93.6520 Y136.2355 Z0.3040 E0.02133 F1080
G1 X93.4062 Y135.9199 Z0.3040 E0.02133 F1080
G1 X93.1646 Y135.6011 Z0.3040 E0.02133 F1080
G1 X92.9272 Y135.2791 Z0.3040 E0.02133 F1080
G1 X92.6941 Y134.9541 Z0.3041 E0.02133 F1080
G1 X92.4653 Y134.6259 Z0.3041 E0.02133 F1080
G1 X92.2409 Y134.2948 Z0.3041 E0.02133 F1080
G1 X92.0208 Y133.9608 Z0.3041 E0.02133 F1080
G1 X91.8052 Y133.6239 Z0.3041 E0.02133 F1080
G1 X91.5940 Y133.2842 Z0.3042 E0.02133 F1080
G1 X91.3873 Y132.9417 Z0.3042 E0.02133 F1080
G1 X91.1852 Y132.5966 Z0.3042 E0.02133 F1080
G1 X90.9876 Y132.2488 Z0.3042 E0.02133 F1080
G1 X90.7946 Y131.8984 Z0.3043 E0.02133 F1080
G1 X90.6063 Y131.5455 Z0.3043 E0.02133 F1080
G1 X90.4226 Y131.1902 Z0.3043 E0.02133 F1080
G1 X90.2436 Y130.8324 Z0.3043 E0.02133 F1080
G1 X90.0694 Y130.4724 Z0.3044 E0.02133 F1080
G1 X89.8999 Y130.1100 Z0.3044 E0.02133 F1080
G1 X89.7352 Y129.7455 Z0.3044 E0.02133 F1080
G1 X89.5754 Y129.3788 Z0.3044 E0.02133 F1080
G1 X89.4204 Y129.0101 Z0.3045 E0.02133 F1080
G1 X89.2702 Y128.6393 Z0.3045 E0.02133 F1080
G1 X89.1250 Y128.2666 Z0.3045 E0.02133 F1080
G1 X88.9846 Y127.8920 Z0.3045 E0.02133 F1080
G1 X88.8493 Y127.5156 Z0.3046 E0.02133 F1080
G1 X88.7189 Y127.1375 Z0.3046 E0.02133 F1080
G1 X88.5935 Y126.7577 Z0.3046 E0.02133 F1080
G1 X88.4731 Y126.3762 Z0.3046 E0.02133 F1080
G1 X88.3577 Y125.9932 Z0.3047 E0.02133 F1080
G1 X88.2474 Y125.6087 Z0.3047 E0.02133 F1080
G1 X88.1422 Y125.2228 Z0.3047 E0.02133 F1080
G1 X88.0421 Y124.8355 Z0.3047 E0.02133 F1080
G1 X87.9471 Y124.4469 Z0.3048 E0.02133 F1080
G1 X87.8572 Y124.0572 Z0.3048 E0.02133 F1080
G1 X87.7724 Y123.6662 Z0.3048 E0.02133 F1080
G1 X87.6928 Y123.2742 Z0.3048 E0.02133 F1080
G1 X87.6184 Y122.8812 Z0.3049 E0.02133 F1080
G1 X87.5492 Y122.4872 Z0.3049 E0.02133 F1080
G1 X87.4852 Y122.0924 Z0.3049 E0.02133 F1080
G1 X87.4263 Y121.6967 Z0.3049 E0.02133 F1080
G1 X87.3727 Y121.3004 Z0.3050 E0.02133 F1080
G1 X87.3244 Y120.9033 Z0.3050 E0.02133 F1080
G1 X87.2812 Y120.5056 Z0.3050 E0.02133 F1080
G1 X87.2433 Y120.1074 Z0.3050 E0.02133 F1080
G1 X87.2106 Y119.7087 Z0.3051 E0.02133 F1080
G1 X87.1832 Y119.3097 Z0.3051 E0.02133 F1080
G1 X87.1611 Y118.9103 Z0.3051 E0.02133 F1080
G1 X87.1442 Y118.5106 Z0.3051 E0.02133 F1080
G1 X87.1326 Y118.1108 Z0.3052 E0.02133 F1080
G1 X87.1262 Y117.7108 Z0.3052 E0.02133 F1080
G1 X87.1251 Y117.3108 Z0.3052 E0.02133 F1080
G1 X87.1293 Y116.9109 Z0.3052 E0.02133 F1080
G1 X87.1388 Y116.5110 Z0.3053 E0.02133 F1080
G1 X87.1535 Y116.1112 Z0.3053 E0.02133 F1080
G1 X87.1735 Y115.7117 Z0.3053 E0.02133 F1080
G1 X87.1987 Y115.3125 Z0.3053 E0.02133 F1080
G1 X87.2292 Y114.9137 Z0.3054 E0.02133 F1080
G1 X87.2649 Y114.5153 Z0.3054 E0.02133 F1080
G1 X87.3059 Y114.1174 Z0.3054 E0.02133 F1080
G1 X87.3521 Y113.7200 Z0.3054 E0.02133 F1080
G1 X87.4035 Y113.3234 Z0.3055 E0.02133 F1080
G1 X87.4602 Y112.9274 Z0.3055 E0.02133 F1080
G1 X87.5221 Y112.5322 Z0.3055 E0.02133 F1080
G1 X87.5891 Y112.1379 Z0.3056 E0.02133 F1080
G1 X87.6614 Y111.7444 Z0.3056 E0.02133 F1080
G1 X87.7388 Y111.3520 Z0.3056 E0.02133 F1080
G1 X87.8214 Y110.9606 Z0.3056 E0.02133 F1080
G1 X87.9091 Y110.5703 Z0.3057 E0.02133 F1080
G1 X88.0019 Y110.1813 Z0.3057 E0.02133 F1080
G1 X88.0999 Y109.7934 Z0.3057 E0.02133 F1080
G1 X88.2030 Y109.4069 Z0.3057 E0.02133 F1080
G1 X88.3111 Y109.0218 Z0.3058 E0.02133 F1080
G1 X88.4243 Y108.6382 Z0.3058 E0.02133 F1080
G1 X88.5425 Y108.2560 Z0.3058 E0.02133 F1080
G1 X88.6658 Y107.8755 Z0.3059 E0.02133 F1080
G1 X88.7940 Y107.4966 Z0.3059 E0.02133 F1080
G1 X88.9273 Y107.1194 Z0.3059 E0.02133 F1080
G1 X89.0654 Y106.7441 Z0.3059 E0.02133 F1080
G1 X89.2085 Y106.3705 Z0.3060 E0.02133 F1080
G1 X89.3565 Y105.9989 Z0.3060 E0.02133 F1080
G1 X89.5094 Y105.6293 Z0.3060 E0.02133 F1080
G1 X89.6671 Y105.2617 Z0.3061 E0.02133 F1080
G1 X89.8297 Y104.8962 Z0.3061 E0.02133 F1080
G1 X89.9970 Y104.5329 Z0.3061 E0.02133 F1080
G1 X90.1692 Y104.1718 Z0.3061 E0.02133 F1080
G1 X90.3460 Y103.8130 Z0.3062 E0.02133 F1080
G1 X90.5276 Y103.4566 Z0.3062 E0.02133 F1080
G1 X90.7138 Y103.1026 Z0.3062 E0.02133 F1080
G1 X90.9046 Y102.7510 Z0.3063 E0.02133 F1080
G1 X91.1001 Y102.4020 Z0.3063 E0.02133 F1080
G1 X91.3002 Y102.0557 Z0.3063 E0.02133 F1080
G1 X91.5047 Y101.7119 Z0.3063 E0.02133 F1080
G1 X91.7138 Y101.3709 Z0.3064 E0.02133 F1080
G1 X91.9274 Y101.0327 Z0.3064 E0.02133 F1080
G1 X92.1454 Y100.6973 Z0.3064 E0.02133 F1080
G1 X92.3677 Y100.3648 Z0.3065 E0.02133 F1080
G1 X92.5945 Y100.0353 Z0.3065 E0.02133 F1080
G1 X92.8255 Y99.7087 Z0.3065 E0.02133 F1080
G1 X93.0608 Y99.3853 Z0.3065 E0.02133 F1080
G1 X93.3004 Y99.0649 Z0.3066 E0.02133 F1080
G1 X93.5441 Y98.7477 Z0.3066 E0.02133 F1080
G1 X93.7920 Y98.4338 Z0.3066 E0.02133 F1080
G1 X94.0440 Y98.1232 Z0.3067 E0.02133 F1080
G1 X94.3000 Y97.8158 Z0.3067 E0.02133 F1080
G1 X94.5601 Y97.5119 Z0.3067 E0.02133 F1080
G1 X94.8241 Y97.2115 Z0.3067 E0.02133 F1080
G1 X95.0921 Y96.9145 Z0.3068 E0.02133 F1080
G1 X95.3640 Y96.6211 Z0.3068 E0.02133 F1080
G1 X95.6397 Y96.3312 Z0.3068 E0.02133 F1080
G1 X95.9191 Y96.0451 Z0.3069 E0.02133 F1080
G1 X96.2024 Y95.7626 Z0.3069 E0.02133 F1080
G1 X96.4893 Y95.4838 Z0.3069 E0.02133 F1080
G1 X96.7798 Y95.2089 Z0.3070 E0.02133 F1080
G1 X97.0739 Y94.9378 Z0.3070 E0.02133 F1080
G1 X97.3716 Y94.6706 Z0.3070 E0.02133 F1080
G1 X97.6727 Y94.4073 Z0.3070 E0.02133 F1080
G1 X97.9773 Y94.1480 Z0.3071 E0.02133 F1080
G1 X98.2853 Y93.8928 Z0.3071 E0.02133 F1080
G1 X98.5966 Y93.6416 Z0.3071 E0.02133 F1080
G1 X98.9111 Y93.3945 Z0.3072 E0.02133 F1080
G1 X99.2289 Y93.1516 Z0.3072 E0.02133 F1080
G1 X99.5499 Y92.9128 Z0.3072 E0.02133 F1080
G1 X99.8739 Y92.6783 Z0.3073 E0.02133 F1080
G1 X100.2011 Y92.4481 Z0.3073 E0.02133 F1080
G1 X100.5312 Y92.2222 Z0.3073 E0.02133 F1080
G1 X100.8642 Y92.0007 Z0.3074 E0.02133 F1080
G1 X101.2001 Y91.7835 Z0.3074 E0.02133 F1080
G1 X101.5389 Y91.5708 Z0.3074 E0.02133 F1080
G1 X101.8804 Y91.3626 Z0.3074 E0.02133 F1080
G1 X102.2247 Y91.1588 Z0.3075 E0.02133 F1080
G1 X102.5715 Y90.9596 Z0.3075 E0.02133 F1080
G1 X102.9210 Y90.7650 Z0.3075 E0.02133 F1080
G1 X103.2730 Y90.5750 Z0.3076 E0.02133 F1080
G1 X103.6274 Y90.3896 Z0.3076 E0.02133 F1080
G1 X103.9843 Y90.2089 Z0.3076 E0.02133 F1080
G1 X104.3435 Y90.0329 Z0.3077 E0.02133 F1080
G1 X104.7050 Y89.8616 Z0.3077 E0.02133 F1080
G1 X105.0687 Y89.6951 Z0.3077 E0.02133 F1080
G1 X105.4345 Y89.5333 Z0.3078 E0.02133 F1080
G1 X105.8025 Y89.3764 Z0.3078 E0.02133 F1080
G1 X106.1724 Y89.2244 Z0.3078 E0.02133 F1080
G1 X106.5444 Y89.0772 Z0.3079 E0.02133 F1080
G1 X106.9182 Y88.9349 Z0.3079 E0.02133 F1080
G1 X107.2939 Y88.7975 Z0.3079 E0.02133 F1080
G1 X107.6713 Y88.6651 Z0.3080 E0.02133 F1080
G1 X108.0505 Y88.5376 Z0.3080 E0.02133 F1080
G1 X108.4313 Y88.4152 Z0.3080 E0.02133 F1080
G1 X108.8137 Y88.2977 Z0.3081 E0.02133 F1080
G1 X109.1975 Y88.1853 Z0.3081 E0.02133 F1080
G1 X109.5829 Y88.0779 Z0.3081 E0.02133 F1080
G1 X109.9696 Y87.9756 Z0.3081 E0.02133 F1080
G1 X110.3576 Y87.8784 Z0.3082 E0.02133 F1080
G1 X110.7468 Y87.7863 Z0.3082 E0.02133 F1080
G1 X111.1372 Y87.6993 Z0.3082 E0.02133 F1080
G1 X111.5288 Y87.6174 Z0.3083 E0.02133 F1080
G1 X111.9214 Y87.5406 Z0.3083 E0.02133 F1080
G1 X112.3149 Y87.4691 Z0.3083 E0.02133 F1080
G1 X112.7094 Y87.4027 Z0.3084 E0.02133 F1080
G1 X113.1047 Y87.3415 Z0.3084 E0.02133 F1080
G1 X113.5007 Y87.2855 Z0.3084 E0.02133 F1080
G1 X113.8975 Y87.2346 Z0.3085 E0.02133 F1080
G1 X114.2949 Y87.1890 Z0.3085 E0.02133 F1080
G1 X114.6928 Y87.1486 Z0.3085 E0.02133 F1080
G1 X115.0913 Y87.1135 Z0.3086 E0.02133 F1080
G1 X115.4902 Y87.0836 Z0.3086 E0.02133 F1080
G1 X115.8894 Y87.0589 Z0.3086 E0.02133 F1080
G1 X116.2890 Y87.0394 Z0.3087 E0.02133 F1080
G1 X116.6887 Y87.0252 Z0.3087 E0.02133 F1080
G1 X117.0886 Y87.0162 Z0.3087 E0.02133 F1080
G1 X117.4886 Y87.0125 Z0.3088 E0.02133 F1080
G1 X117.8886 Y87.0141 Z0.3088 E0.02133 F1080
G1 X118.2885 Y87.0208 Z0.3088 E0.02133 F1080
G1 X118.6884 Y87.0329 Z0.3089 E0.02133 F1080
G1 X119.0880 Y87.0501 Z0.3089 E0.02133 F1080
G1 X119.4874 Y87.0727 Z0.3089 E0.02133 F1080
G1 X119.8864 Y87.1004 Z0.3090 E0.02133 F1080
G1 X120.2851 Y87.1334 Z0.3090 E0.02133 F1080
G1 X120.6832 Y87.1716 Z0.3090 E0.02133 F1080
G1 X121.0809 Y87.2150 Z0.3091 E0.02133 F1080
G1 X121.4779 Y87.2637 Z0.3091 E0.02133 F1080
G1 X121.8743 Y87.3175 Z0.3092 E0.02133 F1080
G1 X122.2699 Y87.3766 Z0.3092 E0.02133 F1080
G1 X122.6647 Y87.4408 Z0.3092 E0.02133 F1080
G1 X123.0586 Y87.5102 Z0.3093 E0.02133 F1080
G1 X123.4516 Y87.5847 Z0.3093 E0.02133 F1080
G1 X123.8436 Y87.6644 Z0.3093 E0.02133 F1080
G1 X124.2345 Y87.7493 Z0.3094 E0.02133 F1080
G1 X124.6243 Y87.8392 Z0.3094 E0.02133 F1080
G1 X125.0128 Y87.9343 Z0.3094 E0.02133 F1080
G1 X125.4001 Y88.0344 Z0.3095 E0.02133 F1080
G1 X125.7860 Y88.1396 Z0.3095 E0.02133 F1080
G1 X126.1705 Y88.2499 Z0.3095 E0.02133 F1080
G1 X126.5536 Y88.3652 Z0.3096 E0.02133 F1080
G1 X126.9350 Y88.4855 Z0.3096 E0.02133 F1080
G1 X127.3149 Y88.6108 Z0.3096 E0.02133 F1080
G1 X127.6931 Y88.7411 Z0.3097 E0.02133 F1080
G1 X128.0696 Y88.8763 Z0.3097 E0.02133 F1080
G1 X128.4442 Y89.0164 Z0.3097 E0.02133 F1080
G1 X128.8170 Y89.1615 Z0.3098 E0.02133 F1080
G1 X129.1879 Y89.3114 Z0.3098 E0.02133 F1080
G1 X129.5567 Y89.4661 Z0.3099 E0.02133 F1080
G1 X129.9235 Y89.6257 Z0.3099 E0.02133 F1080
G1 X130.2882 Y89.7901 Z0.3099 E0.02133 F1080
G1 X130.6507 Y89.9592 Z0.3100 E0.02133 F1080
G1 X131.0109 Y90.1331 Z0.3100 E0.02133 F1080
G1 X131.3688 Y90.3117 Z0.3100 E0.02133 F1080
G1 X131.7244 Y90.4949 Z0.3101 E0.02133 F1080
G1 X132.0775 Y90.6828 Z0.3101 E0.02133 F1080
G1 X132.4281 Y90.8754 Z0.3101 E0.02133 F1080
G1 X132.7762 Y91.0724 Z0.3102 E0.02133 F1080
G1 X133.1217 Y91.2741 Z0.3102 E0.02133 F1080
G1 X133.4645 Y91.4802 Z0.3103 E0.02133 F1080
G1 X133.8045 Y91.6909 Z0.3103 E0.02133 F1080
G1 X134.1418 Y91.9059 Z0.3103 E0.02133 F1080
G1 X134.4762 Y92.1254 Z0.3104 E0.02133 F1080
G1 X134.8078 Y92.3492 Z0.3104 E0.02133 F1080
G1 X135.1363 Y92.5773 Z0.3104 E0.02133 F1080
G1 X135.4619 Y92.8098 Z0.3105 E0.02133 F1080
G1 X135.7843 Y93.0464 Z0.3105 E0.02133 F1080
G1 X136.1037 Y93.2873 Z0.3105 E0.02133 F1080
G1 X136.4198 Y93.5324 Z0.3106 E0.02133 F1080
G1 X136.7328 Y93.7815 Z0.3106 E0.02133 F1080
G1 X137.0424 Y94.0348 Z0.3107 E0.02133 F1080
G1 X137.3487 Y94.2920 Z0.3107 E0.02133 F1080
G1 X137.6516 Y94.5533 Z0.3107 E0.02133 F1080
G1 X137.9510 Y94.8185 Z0.3108 E0.02133 F1080
G1 X138.2470 Y95.0876 Z0.3108 E0.02133 F1080
G1 X138.5394 Y95.3606 Z0.3108 E0.02133 F1080
G1 X138.8282 Y95.6373 Z0.3109 E0.02133 F1080
G1 X139.1133 Y95.9179 Z0.3109 E0.02133 F1080
G1 X139.3948 Y96.2021 Z0.3110 E0.02133 F1080
G1 X139.6725 Y96.4900 Z0.3110 E0.02133 F1080
G1 X139.9464 Y96.7815 Z0.3110 E0.02133 F1080
G1 X140.2164 Y97.0766 Z0.3111 E0.02133 F1080
G1 X140.4826 Y97.3752 Z0.3111 E0.02133 F1080
G1 X140.7449 Y97.6772 Z0.3111 E0.02133 F1080
G1 X141.0031 Y97.9827 Z0.3112 E0.02133 F1080
G1 X141.2574 Y98.2915 Z0.3112 E0.02133 F1080
G1 X141.5076 Y98.6036 Z0.3113 E0.02133 F1080
G1 X141.7537 Y98.9189 Z0.3113 E0.02133 F1080
G1 X141.9956 Y99.2375 Z0.3113 E0.02133 F1080
G1 X142.2333 Y99.5592 Z0.3114 E0.02133 F1080
G1 X142.4668 Y99.8839 Z0.3114 E0.02133 F1080
G1 X142.6961 Y100.2117 Z0.3115 E0.02133 F1080
G1 X142.9210 Y100.5425 Z0.3115 E0.02133 F1080
G1 X143.1416 Y100.8762 Z0.3115 E0.02133 F1080
G1 X143.3578 Y101.2128 Z0.3116 E0.02133 F1080
G1 X143.5695 Y101.5521 Z0.3116 E0.02133 F1080
G1 X143.7768 Y101.8942 Z0.3116 E0.02133 F1080
G1 X143.9796 Y102.2390 Z0.3117 E0.02133 F1080
G1 X144.1779 Y102.5864 Z0.3117 E0.02133 F1080
G1 X144.3716 Y102.9363 Z0.3118 E0.02133 F1080
G1 X144.5607 Y103.2888 Z0.3118 E0.02133 F1080
G1 X144.7452 Y103.6437 Z0.3118 E0.02133 F1080
G1 X144.9251 Y104.0010 Z0.3119 E0.02133 F1080
G1 X145.1002 Y104.3607 Z0.3119 E0.02133 F1080
G1 X145.2706 Y104.7226 Z0.3120 E0.02133 F1080
G1 X145.4363 Y105.0866 Z0.3120 E0.02133 F1080
G1 X145.5972 Y105.4529 Z0.3120 E0.02133 F1080
G1 X145.7533 Y105.8212 Z0.3121 E0.02133 F1080
G1 X145.9045 Y106.1915 Z0.3121 E0.02133 F1080
G1 X146.0509 Y106.5637 Z0.3122 E0.02133 F1080
G1 X146.1924 Y106.9378 Z0.3122 E0.02133 F1080
G1 X146.3290 Y107.3138 Z0.3122 E0.02133 F1080
G1 X146.4607 Y107.6915 Z0.3123 E0.02133 F1080
G1 X146.5874 Y108.0709 Z0.3123 E0.02133 F1080
G1 X146.7092 Y108.4519 Z0.3124 E0.02133 F1080
G1 X146.8259 Y108.8345 Z0.3124 E0.02133 F1080
G1 X146.9377 Y109.2186 Z0.3124 E0.02133 F1080
G1 X147.0444 Y109.6041 Z0.3125 E0.02133 F1080
G1 X147.1460 Y109.9910 Z0.3125 E0.02133 F1080
G1 X147.2426 Y110.3792 Z0.3126 E0.02133 F1080
G1 X147.3341 Y110.7686 Z0.3126 E0.02133 F1080
G1 X147.4205 Y111.1591 Z0.3126 E0.02133 F1080
G1 X147.5018 Y111.5508 Z0.3127 E0.02133 F1080
G1 X147.5780 Y111.9435 Z0.3127 E0.02133 F1080
G1 X147.6490 Y112.3371 Z0.3128 E0.02133 F1080
G1 X147.7148 Y112.7317 Z0.3128 E0.02133 F1080
G1 X147.7755 Y113.1270 Z0.3128 E0.02133 F1080
G1 X147.8311 Y113.5232 Z0.3129 E0.02133 F1080
G1 X147.8814 Y113.9200 Z0.3129 E0.02133 F1080
G1 X147.9265 Y114.3174 Z0.3130 E0.02133 F1080
G1 X147.9665 Y114.7154 Z0.3130 E0.02133 F1080
G1 X148.0012 Y115.1139 Z0.3130 E0.02133 F1080
G1 X148.0307 Y115.5128 Z0.3131 E0.02133 F1080
G1 X148.0550 Y115.9121 Z0.3131 E0.02133 F1080
G1 X148.0741 Y116.3117 Z0.3132 E0.02133 F1080
G1 X148.0880 Y116.7114 Z0.3132 E0.02133 F1080
G1 X148.0966 Y117.1113 Z0.3132 E0.02133 F1080
G1 X148.1000 Y117.5113 Z0.3133 E0.02133 F1080
G1 X148.0982 Y117.9113 Z0.3133 E0.02133 F1080
G1 X148.0911 Y118.3113 Z0.3134 E0.02133 F1080
G1 X148.0789 Y118.7111 Z0.3134 E0.02133 F1080
G1 X148.0614 Y119.1107 Z0.3135 E0.02133 F1080
G1 X148.0386 Y119.5101 Z0.3135 E0.02133 F1080
G1 X148.0107 Y119.9091 Z0.3135 E0.02133 F1080
G1 X147.9775 Y120.3077 Z0.3136 E0.02133 F1080
G1 X147.9392 Y120.7059 Z0.3136 E0.02133 F1080
G1 X147.8956 Y121.1035 Z0.3137 E0.02133 F1080
G1 X147.8468 Y121.5005 Z0.3137 E0.02133 F1080
G1 X147.7929 Y121.8969 Z0.3137 E0.02133 F1080
G1 X147.7338 Y122.2925 Z0.3138 E0.02133 F1080
G1 X147.6695 Y122.6873 Z0.3138 E0.02133 F1080
G1 X147.6001 Y123.0812 Z0.3139 E0.02133 F1080
G1 X147.5255 Y123.4742 Z0.3139 E0.02133 F1080
G1 X147.4458 Y123.8662 Z0.3140 E0.02133 F1080
G1 X147.3610 Y124.2571 Z0.3140 E0.02133 F1080
G1 X147.2710 Y124.6469 Z0.3140 E0.02133 F1080
G1 X147.1760 Y125.0354 Z0.3141 E0.02133 F1080
G1 X147.0760 Y125.4227 Z0.3141 E0.02133 F1080
G1 X146.9709 Y125.8087 Z0.3142 E0.02133 F1080
G1 X146.8607 Y126.1932 Z0.3142 E0.02133 F1080
G1 X146.7455 Y126.5763 Z0.3143 E0.02133 F1080
G1 X146.6254 Y126.9578 Z0.3143 E0.02133 F1080
G1 X146.5002 Y127.3377 Z0.3143 E0.02133 F1080
G1 X146.3701 Y127.7160 Z0.3144 E0.02133 F1080
G1 X146.2351 Y128.0925 Z0.3144 E0.02133 F1080
G1 X146.0952 Y128.4672 Z0.3145 E0.02133 F1080
G1 X145.9504 Y128.8401 Z0.3145 E0.02133 F1080
G1 X145.8007 Y129.2111 Z0.3146 E0.02133 F1080
G1 X145.6462 Y129.5800 Z0.3146 E0.02133 F1080
G1 X145.4869 Y129.9469 Z0.3146 E0.02133 F1080
G1 X145.3229 Y130.3117 Z0.3147 E0.02133 F1080
G1 X145.1540 Y130.6744 Z0.3147 E0.02133 F1080
G1 X144.9805 Y131.0348 Z0.3148 E0.02133 F1080
G1 X144.8022 Y131.3929 Z0.3148 E0.02133 F1080
G1 X144.6193 Y131.7486 Z0.3149 E0.02133 F1080
G1 X144.4318 Y132.1019 Z0.3149 E0.02133 F1080
G1 X144.2397 Y132.4528 Z0.3149 E0.02133 F1080
G1 X144.0430 Y132.8011 Z0.3150 E0.02133 F1080
G1 X143.8418 Y133.1468 Z0.3150 E0.02133 F1080
G1 X143.6361 Y133.4898 Z0.3151 E0.02133 F1080
G1 X143.4259 Y133.8302 Z0.3151 E0.02133 F1080
G1 X143.2113 Y134.1677 Z0.3152 E0.02133 F1080
G1 X142.9923 Y134.5025 Z0.3152 E0.02133 F1080
G1 X142.7689 Y134.8343 Z0.3153 E0.02133 F1080
G1 X142.5413 Y135.1632 Z0.3153 E0.02133 F1080
G1 X142.3093 Y135.4891 Z0.3153 E0.02133 F1080
G1 X142.0732 Y135.8120 Z0.3154 E0.02133 F1080
G1 X141.8328 Y136.1317 Z0.3154 E0.02133 F1080
G1 X141.5883 Y136.4483 Z0.3155 E0.02133 F1080
G1 X141.3397 Y136.7616 Z0.3155 E0.02133 F1080
G1 X141.0870 Y137.0717 Z0.3156 E0.02133 F1080
G1 X140.8303 Y137.3785 Z0.3156 E0.02133 F1080
G1 X140.5696 Y137.6818 Z0.3157 E0.02133 F1080
G1 X140.3050 Y137.9818 Z0.3157 E0.02133 F1080
G1 X140.0364 Y138.2783 Z0.3157 E0.02133 F1080
G1 X139.7641 Y138.5712 Z0.3158 E0.02133 F1080
G1 X139.4879 Y138.8606 Z0.3158 E0.02133 F1080
G1 X139.2080 Y139.1463 Z0.3159 E0.02133 F1080
G1 X138.9243 Y139.4284 Z0.3159 E0.02133 F1080
G1 X138.6371 Y139.7067 Z0.3160 E0.02133 F1080
G1 X138.3462 Y139.9813 Z0.3160 E0.02133 F1080
G1 X138.0517 Y140.2520 Z0.3161 E0.02133 F1080
G1 X137.7538 Y140.5189 Z0.3161 E0.02133 F1080
G1 X137.4524 Y140.7819 Z0.3161 E0.02133 F1080
G1 X137.1475 Y141.0409 Z0.3162 E0.02133 F1080
G1 X136.8394 Y141.2959 Z0.3162 E0.02133 F1080
G1 X136.5279 Y141.5469 Z0.3163 E0.02133 F1080
G1 X136.2132 Y141.7938 Z0.3163 E0.02133 F1080
G1 X135.8953 Y142.0366 Z0.3164 E0.02133 F1080
G1 X135.5742 Y142.2752 Z0.3164 E0.02133 F1080
G1 X135.2501 Y142.5096 Z0.3165 E0.02133 F1080
G1 X134.9229 Y142.7397 Z0.3165 E0.02133 F1080
G1 X134.5928 Y142.9656 Z0.3166 E0.02133 F1080
G1 X134.2597 Y143.1871 Z0.3166 E0.02133 F1080
G1 X133.9238 Y143.4043 Z0.3167 E0.02133 F1080
G1 X133.5851 Y143.6171 Z0.3167 E0.02133 F1080
G1 X133.2436 Y143.8254 Z0.3167 E0.02133 F1080
G1 X132.8995 Y144.0293 Z0.3168 E0.02133 F1080
G1 X132.5527 Y144.2286 Z0.3168 E0.02133 F1080
G1 X132.2033 Y144.4234 Z0.3169 E0.02133 F1080
G1 X131.8515 Y144.6137 Z0.3169 E0.02133 F1080
G1 X131.4972 Y144.7993 Z0.3170 E0.02133 F1080
G1 X131.1405 Y144.9804 Z0.3170 E0.02133 F1080
G1 X130.7814 Y145.1567 Z0.3171 E0.02133 F1080
G1 X130.4201 Y145.3283 Z0.3171 E0.02133 F1080
G1 X130.0566 Y145.4953 Z0.3172 E0.02133 F1080
G1 X129.6909 Y145.6574 Z0.3172 E0.02133 F1080
G1 X129.3232 Y145.8148 Z0.3173 E0.02133 F1080
G1 X128.9535 Y145.9674 Z0.3173 E0.02133 F1080
G1 X128.5817 Y146.1152 Z0.3174 E0.02133 F1080
G1 X128.2081 Y146.2581 Z0.3174 E0.02133 F1080
G1 X127.8327 Y146.3961 Z0.3174 E0.02133 F1080
G1 X127.4555 Y146.5292 Z0.3175 E0.02133 F1080
G1 X127.0766 Y146.6574 Z0.3175 E0.02133 F1080
G1 X126.6960 Y146.7806 Z0.3176 E0.02133 F1080
G1 X126.3139 Y146.8988 Z0.3176 E0.02133 F1080
G1 X125.9303 Y147.0121 Z0.3177 E0.02133 F1080
G1 X125.5452 Y147.1204 Z0.3177 E0.02133 F1080
G1 X125.1587 Y147.2236 Z0.3178 E0.02133 F1080
G1 X124.7710 Y147.3218 Z0.3178 E0.02133 F1080
G1 X124.3819 Y147.4149 Z0.3179 E0.02133 F1080
G1 X123.9918 Y147.5030 Z0.3179 E0.02133 F1080
G1 X123.6004 Y147.5859 Z0.3180 E0.02133 F1080
G1 X123.2081 Y147.6638 Z0.3180 E0.02133 F1080
G1 X122.8148 Y147.7365 Z0.3181 E0.02133 F1080
G1 X122.4205 Y147.8041 Z0.3181 E0.02133 F1080
G1 X122.0254 Y147.8666 Z0.3182 E0.02133 F1080
G1 X121.6295 Y147.9239 Z0.3182 E0.02133 F1080
G1 X121.2329 Y147.9760 Z0.3183 E0.02133 F1080
G1 X120.8357 Y148.0230 Z0.3183 E0.02133 F1080
G1 X120.4379 Y148.0648 Z0.3184 E0.02133 F1080
G1 X120.0396 Y148.1014 Z0.3184 E0.02133 F1080
G1 X119.6408 Y148.1328 Z0.3185 E0.02133 F1080
G1 X119.2416 Y148.1590 Z0.3185 E0.02133 F1080
G1 X118.8422 Y148.1800 Z0.3185 E0.02133 F1080
G1 X118.4425 Y148.1958 Z0.3186 E0.02133 F1080
G1 X118.0426 Y148.2064 Z0.3186 E0.02133 F1080
G1 X117.6427 Y148.2118 Z0.3187 E0.02133 F1080
G1 X117.2427 Y148.2120 Z0.3187 E0.02133 F1080
G1 X116.8427 Y148.2070 Z0.3188 E0.02133 F1080
G1 X116.4428 Y148.1968 Z0.3188 E0.02133 F1080
G1 X116.0431 Y148.1813 Z0.3189 E0.02133 F1080
G1 X115.6436 Y148.1607 Z0.3189 E0.02133 F1080
G1 X115.2445 Y148.1348 Z0.3190 E0.02133 F1080
G1 X114.8457 Y148.1038 Z0.3190 E0.02133 F1080
G1 X114.4473 Y148.0676 Z0.3191 E0.02133 F1080
G1 X114.0495 Y148.0262 Z0.3191 E0.02133 F1080
G1 X113.6522 Y147.9796 Z0.3192 E0.02133 F1080
G1 X113.2555 Y147.9278 Z0.3192 E0.02133 F1080
G1 X112.8596 Y147.8709 Z0.3193 E0.02133 F1080
G1 X112.4644 Y147.8088 Z0.3193 E0.02133 F1080
G1 X112.0701 Y147.7416 Z0.3194 E0.02133 F1080
G1 X111.6767 Y147.6693 Z0.3194 E0.02133 F1080
G1 X111.2843 Y147.5918 Z0.3195 E0.02133 F1080
G1 X110.8929 Y147.5093 Z0.3195 E0.02133 F1080
G1 X110.5026 Y147.4216 Z0.3196 E0.02133 F1080
G1 X110.1135 Y147.3289 Z0.3196 E0.02133 F1080
G1 X109.7256 Y147.2312 Z0.3197 E0.02133 F1080
G1 X109.3391 Y147.1284 Z0.3197 E0.02133 F1080
G1 X108.9539 Y147.0205 Z0.3198 E0.02133 F1080
G1 X108.5701 Y146.9077 Z0.3198 E0.02133 F1080
G1 X108.1878 Y146.7899 Z0.3199 E0.02133 F1080
G1 X107.8071 Y146.6671 Z0.3199 E0.02133 F1080
G1 X107.4281 Y146.5393 Z0.3200 E0.02133 F1080
G1 X107.0507 Y146.4067 Z0.3200 E0.02133 F1080
G1 X106.6751 Y146.2691 Z0.3201 E0.02133 F1080
G1 X106.3013 Y146.1267 Z0.3201 E0.02133 F1080
G1 X105.9294 Y145.9794 Z0.3202 E0.02133 F1080
G1 X105.5595 Y145.8273 Z0.3202 E0.02133 F1080
G1 X105.1915 Y145.6704 Z0.3203 E0.02133 F1080
G1 X104.8256 Y145.5087 Z0.3203 E0.02133 F1080
G1 X104.4619 Y145.3423 Z0.3204 E0.02133 F1080
G1 X104.1004 Y145.1711 Z0.3204 E0.02133 F1080
G1 X103.7411 Y144.9953 Z0.3205 E0.02133 F1080
G1 X103.3841 Y144.8148 Z0.3205 E0.02133 F1080
G1 X103.0295 Y144.6297 Z0.3206 E0.02133 F1080
G1 X102.6774 Y144.4400 Z0.3206 E0.02133 F1080
G1 X102.3277 Y144.2457 Z0.3207 E0.02133 F1080
G1 X101.9806 Y144.0469 Z0.3207 E0.02133 F1080
G1 X101.6362 Y143.8435 Z0.3208 E0.02133 F1080
G1 X101.2944 Y143.6358 Z0.3208 E0.02133 F1080
G1 X100.9553 Y143.4236 Z0.3209 E0.02133 F1080
G1 X100.6190 Y143.2069 Z0.3209 E0.02133 F1080
G1 X100.2856 Y142.9860 Z0.3210 E0.02133 F1080
G1 X99.9550 Y142.7607 Z0.3211 E0.02133 F1080
G1 X99.6274 Y142.5312 Z0.3211 E0.02133 F1080
G1 X99.3029 Y142.2974 Z0.3212 E0.02133 F1080
G1 X98.9814 Y142.0594 Z0.3212 E0.02133 F1080
G1 X98.6630 Y141.8172 Z0.3213 E0.02133 F1080
G1 X98.3478 Y141.5709 Z0.3213 E0.02133 F1080
G1 X98.0358 Y141.3206 Z0.3214 E0.02133 F1080
G1 X97.7271 Y141.0662 Z0.3214 E0.02133 F1080
G1 X97.4218 Y140.8078 Z0.3215 E0.02133 F1080
G1 X97.1198 Y140.5455 Z0.3215 E0.02133 F1080
G1 X96.8213 Y140.2792 Z0.3216 E0.02133 F1080
G1 X96.5262 Y140.0091 Z0.3216 E0.02133 F1080
G1 X96.2347 Y139.7352 Z0.3217 E0.02133 F1080
G1 X95.9468 Y139.4576 Z0.3217 E0.02133 F1080
G1 X95.6625 Y139.1762 Z0.3218 E0.02133 F1080
G1 X95.3819 Y138.8911 Z0.3218 E0.02133 F1080
G1 X95.1050 Y138.6024 Z0.3219 E0.02133 F1080
G1 X94.8319 Y138.3102 Z0.3219 E0.02133 F1080
G1 X94.5626 Y138.0144 Z0.3220 E0.02133 F1080
G1 X94.2972 Y137.7151 Z0.3220 E0.02133 F1080
G1 X94.0357 Y137.4124 Z0.3221 E0.02133 F1080
G1 X93.7782 Y137.1063 Z0.3222 E0.02133 F1080
G1 X93.5246 Y136.7970 Z0.3222 E0.02133 F1080
G1 X93.2751 Y136.4843 Z0.3223 E0.02133 F1080
G1 X93.0297 Y136.1684 Z0.3223 E0.02133 F1080
G1 X92.7884 Y135.8494 Z0.3224 E0.02133 F1080
G1 X92.5513 Y135.5273 Z0.3224 E0.02133 F1080
G1 X92.3184 Y135.2021 Z0.3225 E0.02133 F1080
G1 X92.0897 Y134.8739 Z0.3225 E0.02133 F1080
G1 X91.8653 Y134.5427 Z0.3226 E0.02133 F1080
G1 X91.6452 Y134.2087 Z0.3226 E0.02133 F1080
G1 X91.4295 Y133.8719 Z0.3227 E0.02133 F1080
G1 X91.2182 Y133.5322 Z0.3227 E0.02133 F1080
G1 X91.0113 Y133.1899 Z0.3228 E0.02133 F1080
G1 X90.8089 Y132.8449 Z0.3228 E0.02133 F1080
G1 X90.6110 Y132.4973 Z0.3229 E0.02133 F1080
G1 X90.4176 Y132.1471 Z0.3230 E0.02133 F1080
G1 X90.2288 Y131.7945 Z0.3230 E0.02133 F1080
G1 X90.0446 Y131.4394 Z0.3231 E0.02133 F1080
G1 X89.8650 Y131.0820 Z0.3231 E0.02133 F1080
G1 X89.6900 Y130.7223 Z0.3232 E0.02133 F1080
G1 X89.5198 Y130.3603 Z0.3232 E0.02133 F1080
G1 X89.3543 Y129.9962 Z0.3233 E0.02133 F1080
G1 X89.1935 Y129.6299 Z0.3233 E0.02133 F1080
G1 X89.0375 Y129.2616 Z0.3234 E0.02133 F1080
G1 X88.8862 Y128.8913 Z0.3234 E0.02133 F1080
G1 X88.7398 Y128.5190 Z0.3235 E0.02133 F1080
G1 X88.5983 Y128.1449 Z0.3235 E0.02133 F1080
G1 X88.4616 Y127.7690 Z0.3236 E0.02133 F1080
G1 X88.3298 Y127.3913 Z0.3237 E0.02133 F1080
G1 X88.2029 Y127.0119 Z0.3237 E0.02133 F1080
G1 X88.0810 Y126.6310 Z0.3238 E0.02133 F1080
G1 X87.9640 Y126.2485 Z0.3238 E0.02133 F1080
G1 X87.8520 Y125.8644 Z0.3239 E0.02133 F1080
G1 X87.7450 Y125.4790 Z0.3239 E0.02133 F1080
G1 X87.6430 Y125.0922 Z0.3240 E0.02133 F1080
G1 X87.5461 Y124.7042 Z0.3240 E0.02133 F1080
G1 X87.4541 Y124.3149 Z0.3241 E0.02133 F1080
G1 X87.3673 Y123.9244 Z0.3241 E0.02133 F1080
G1 X87.2855 Y123.5328 Z0.3242 E0.02133 F1080
G1 X87.2088 Y123.1403 Z0.3243 E0.02133 F1080
G1 X87.1372 Y122.7467 Z0.3243 E0.02133 F1080
G1 X87.0708 Y122.3523 Z0.3244 E0.02133 F1080
G1 X87.0094 Y121.9570 Z0.3244 E0.02133 F1080
G1 X86.9532 Y121.5610 Z0.3245 E0.02133 F1080
G1 X86.9022 Y121.1642 Z0.3245 E0.02133 F1080
G1 X86.8563 Y120.7669 Z0.3246 E0.02133 F1080
G1 X86.8155 Y120.3689 Z0.3246 E0.02133 F1080
G1 X86.7799 Y119.9705 Z0.3247 E0.02133 F1080
G1 X86.7495 Y119.5717 Z0.3248 E0.02133 F1080
G1 X86.7243 Y119.1725 Z0.3248 E0.02133 F1080
G1 X86.7043 Y118.7730 Z0.3249 E0.02133 F1080
G1 X86.6894 Y118.3732 Z0.3249 E0.02133 F1080
G1 X86.6797 Y117.9734 Z0.3250 E0.02133 F1080
G1 X86.6753 Y117.5734 Z0.3250 E0.02133 F1080
G1 X86.6760 Y117.1734 Z0.3251 E0.02133 F1080
G1 X86.6819 Y116.7734 Z0.3252 E0.02133 F1080
G1 X86.6930 Y116.3736 Z0.3252 E0.02133 F1080
G1 X86.7092 Y115.9739 Z0.3253 E0.02133 F1080
G1 X86.7307 Y115.5745 Z0.3253 E0.02133 F1080
G1 X86.7574 Y115.1753 Z0.3254 E0.02133 F1080
G1 X86.7892 Y114.7766 Z0.3254 E0.02133 F1080
G1 X86.8262 Y114.3783 Z0.3255 E0.02133 F1080
G1 X86.8683 Y113.9805 Z0.3255 E0.02133 F1080
G1 X86.9156 Y113.5833 Z0.3256 E0.02133 F1080
G1 X86.9681 Y113.1868 Z0.3257 E0.02133 F1080
G1 X87.0257 Y112.7910 Z0.3257 E0.02133 F1080
G1 X87.0884 Y112.3959 Z0.3258 E0.02133 F1080
G1 X87.1563 Y112.0017 Z0.3258 E0.02133 F1080
G1 X87.2292 Y111.6084 Z0.3259 E0.02133 F1080
G1 X87.3073 Y111.2161 Z0.3259 E0.02133 F1080
G1 X87.3904 Y110.8248 Z0.3260 E0.02133 F1080
G1 X87.4786 Y110.4347 Z0.3261 E0.02133 F1080
G1 X87.5719 Y110.0457 Z0.3261 E0.02133 F1080
G1 X87.6702 Y109.6579 Z0.3262 E0.02133 F1080
G1 X87.7735 Y109.2715 Z0.3262 E0.02133 F1080
G1 X87.8818 Y108.8864 Z0.3263 E0.02133 F1080
G1 X87.9951 Y108.5028 Z0.3263 E0.02133 F1080
G1 X88.1134 Y108.1207 Z0.3264 E0.02133 F1080
G1 X88.2366 Y107.7401 Z0.3265 E0.02133 F1080
G1 X88.3647 Y107.3612 Z0.3265 E0.02133 F1080
G1 X88.4977 Y106.9840 Z0.3266 E0.02133 F1080
G1 X88.6357 Y106.6085 Z0.3266 E0.02133 F1080
G1 X88.7784 Y106.2349 Z0.3267 E0.02133 F1080
G1 X88.9260 Y105.8631 Z0.3267 E0.02133 F1080
G1 X89.0785 Y105.4932 Z0.3268 E0.02133 F1080
G1 X89.2356 Y105.1254 Z0.3269 E0.02133 F1080
G1 X89.3976 Y104.7597 Z0.3269 E0.02133 F1080
G1 X89.5643 Y104.3960 Z0.3270 E0.02133 F1080
G1 X89.7357 Y104.0346 Z0.3270 E0.02133 F1080
G1 X89.9117 Y103.6754 Z0.3271 E0.02133 F1080
G1 X90.0924 Y103.3186 Z0.3272 E0.02133 F1080
G1 X90.2777 Y102.9641 Z0.3272 E0.02133 F1080
G1 X90.4676 Y102.6120 Z0.3273 E0.02133 F1080
G1 X90.6620 Y102.2624 Z0.3273 E0.02133 F1080
G1 X90.8609 Y101.9154 Z0.3274 E0.02133 F1080
G1 X91.0644 Y101.5710 Z0.3274 E0.02133 F1080
G1 X91.2722 Y101.2292 Z0.3275 E0.02133 F1080
G1 X91.4845 Y100.8902 Z0.3276 E0.02133 F1080
G1 X91.7012 Y100.5540 Z0.3276 E0.02133 F1080
G1 X91.9222 Y100.2205 Z0.3277 E0.02133 F1080
G1 X92.1475 Y99.8900 Z0.3277 E0.02133 F1080
G1 X92.3770 Y99.5624 Z0.3278 E0.02133 F1080
G1 X92.6108 Y99.2379 Z0.3279 E0.02133 F1080
G1 X92.8488 Y98.9164 Z0.3279 E0.02133 F1080
G1 X93.0909 Y98.5980 Z0.3280 E0.02133 F1080
G1 X93.3371 Y98.2827 Z0.3280 E0.02133 F1080
G1 X93.5874 Y97.9707 Z0.3281 E0.02133 F1080
G1 X93.8417 Y97.6619 Z0.3282 E0.02133 F1080
G1 X94.1000 Y97.3565 Z0.3282 E0.02133 F1080
G1 X94.3622 Y97.0544 Z0.3283 E0.02133 F1080
G1 X94.6283 Y96.7558 Z0.3283 E0.02133 F1080
G1 X94.8983 Y96.4606 Z0.3284 E0.02133 F1080
G1 X95.1720 Y96.1690 Z0.3285 E0.02133 F1080
G1 X95.4496 Y95.8809 Z0.3285 E0.02133 F1080
G1 X95.7308 Y95.5964 Z0.3286 E0.02133 F1080
G1 X96.0157 Y95.3156 Z0.3286 E0.02133 F1080
G1 X96.3042 Y95.0386 Z0.3287 E0.02133 F1080
G1 X96.5962 Y94.7652 Z0.3288 E0.02133 F1080
G1 X96.8918 Y94.4957 Z0.3288 E0.02133 F1080
G1 X97.1908 Y94.2301 Z0.3289 E0.02133 F1080
G1 X97.4933 Y93.9683 Z0.3289 E0.02133 F1080
G1 X97.7991 Y93.7105 Z0.3290 E0.02133 F1080
G1 X98.1083 Y93.4566 Z0.3291 E0.02133 F1080
G1 X98.4207 Y93.2068 Z0.3291 E0.02133 F1080
G1 X98.7363 Y92.9610 Z0.3292 E0.02133 F1080
G1 X99.0550 Y92.7194 Z0.3292 E0.02133 F1080
G1 X99.3769 Y92.4819 Z0.3293 E0.02133 F1080
G1 X99.7018 Y92.2486 Z0.3294 E0.02133 F1080
G1 X100.0297 Y92.0195 Z0.3294 E0.02133 F1080
G1 X100.3606 Y91.7947 Z0.3295 E0.02133 F1080
G1 X100.6943 Y91.5741 Z0.3295 E0.02133 F1080
G1 X101.0308 Y91.3580 Z0.3296 E0.02133 F1080
G1 X101.3702 Y91.1462 Z0.3297 E0.02133 F1080
G1 X101.7122 Y90.9388 Z0.3297 E0.02133 F1080
G1 X102.0569 Y90.7358 Z0.3298 E0.02133 F1080
G1 X102.4042 Y90.5373 Z0.3298 E0.02133 F1080
G1 X102.7540 Y90.3434 Z0.3299 E0.02133 F1080
G1 X103.1063 Y90.1540 Z0.3300 E0.02133 F1080
G1 X103.4611 Y89.9691 Z0.3300 E0.02133 F1080
G1 X103.8182 Y89.7889 Z0.3301 E0.02133 F1080
G1 X104.1776 Y89.6133 Z0.3301 E0.02133 F1080
G1 X104.5392 Y89.4424 Z0.3302 E0.02133 F1080
G1 X104.9030 Y89.2761 Z0.3303 E0.02133 F1080
G1 X105.2690 Y89.1146 Z0.3303 E0.02133 F1080
G1 X105.6370 Y88.9579 Z0.3304 E0.02133 F1080
G1 X106.0070 Y88.8059 Z0.3305 E0.02133 F1080
G1 X106.3789 Y88.6587 Z0.3305 E0.02133 F1080
G1 X106.7528 Y88.5163 Z0.3306 E0.02133 F1080
G1 X107.1284 Y88.3788 Z0.3306 E0.02133 F1080
G1 X107.5058 Y88.2462 Z0.3307 E0.02133 F1080
G1 X107.8848 Y88.1184 Z0.3308 E0.02133 F1080
G1 X108.2655 Y87.9956 Z0.3308 E0.02133 F1080
G1 X108.6477 Y87.8777 Z0.3309 E0.02133 F1080
G1 X109.0315 Y87.7648 Z0.3309 E0.02133 F1080
G1 X109.4166 Y87.6568 Z0.3310 E0.02133 F1080
G1 X109.8031 Y87.5538 Z0.3311 E0.02133 F1080
G1 X110.1910 Y87.4559 Z0.3311 E0.02133 F1080
G1 X110.5800 Y87.3629 Z0.3312 E0.02133 F1080
G1 X110.9703 Y87.2750 Z0.3313 E0.02133 F1080
G1 X111.3616 Y87.1922 Z0.3313 E0.02133 F1080
G1 X111.7540 Y87.1144 Z0.3314 E0.02133 F1080
G1 X112.1473 Y87.0417 Z0.3314 E0.02133 F1080
G1 X112.5415 Y86.9741 Z0.3315 E0.02133 F1080
G1 X112.9366 Y86.9116 Z0.3316 E0.02133 F1080
G1 X113.3325 Y86.8542 Z0.3316 E0.02133 F1080
G1 X113.7291 Y86.8020 Z0.3317 E0.02133 F1080
G1 X114.1263 Y86.7549 Z0.3318 E0.02133 F1080
G1 X114.5241 Y86.7129 Z0.3318 E0.02133 F1080
G1 X114.9224 Y86.6761 Z0.3319 E0.02133 F1080
G1 X115.3211 Y86.6444 Z0.3320 E0.02133 F1080
G1 X115.7203 Y86.6179 Z0.3320 E0.02133 F1080
G1 X116.1197 Y86.5965 Z0.3321 E0.02133 F1080
G1 X116.5194 Y86.5803 Z0.3321 E0.02133 F1080
G1 X116.9192 Y86.5693 Z0.3322 E0.02133 F1080
G1 X117.3192 Y86.5634 Z0.3323 E0.02133 F1080
G1 X117.7192 Y86.5628 Z0.3323 E0.02133 F1080
G1 X118.1192 Y86.5673 Z0.3324 E0.02133 F1080
G1 X118.5191 Y86.5769 Z0.3325 E0.02133 F1080
G1 X118.9188 Y86.5918 Z0.3325 E0.02133 F1080
G1 X119.3183 Y86.6118 Z0.3326 E0.02133 F1080
G1 X119.7175 Y86.6369 Z0.3326 E0.02133 F1080
G1 X120.1164 Y86.6672 Z0.3327 E0.02133 F1080
G1 X120.5148 Y86.7027 Z0.3328 E0.02133 F1080
G1 X120.9127 Y86.7433 Z0.3328 E0.02133 F1080
G1 X121.3101 Y86.7891 Z0.3329 E0.02133 F1080
G1 X121.7069 Y86.8400 Z0.3330 E0.02133 F1080
G1 X122.1029 Y86.8960 Z0.3330 E0.02133 F1080
G1 X122.4982 Y86.9572 Z0.3331 E0.02133 F1080
G1 X122.8927 Y87.0234 Z0.3332 E0.02133 F1080
G1 X123.2863 Y87.0947 Z0.3332 E0.02133 F1080
G1 X123.6789 Y87.1711 Z0.3333 E0.02133 F1080
G1 X124.0706 Y87.2526 Z0.3334 E0.02133 F1080
G1 X124.4611 Y87.3391 Z0.3334 E0.02133 F1080
G1 X124.8505 Y87.4307 Z0.3335 E0.02133 F1080
G1 X125.2386 Y87.5273 Z0.3335 E0.02133 F1080
G1 X125.6255 Y87.6289 Z0.3336 E0.02133 F1080
G1 X126.0111 Y87.7355 Z0.3337 E0.02133 F1080
G1 X126.3952 Y87.8471 Z0.3337 E0.02133 F1080
G1 X126.7779 Y87.9636 Z0.3338 E0.02133 F1080
G1 X127.1590 Y88.0850 Z0.3339 E0.02133 F1080
G1 X127.5385 Y88.2114 Z0.3339 E0.02133 F1080
G1 X127.9163 Y88.3427 Z0.3340 E0.02133 F1080
G1 X128.2925 Y88.4788 Z0.3341 E0.02133 F1080
G1 X128.6668 Y88.6198 Z0.3341 E0.02133 F1080
G1 X129.0393 Y88.7656 Z0.3342 E0.02133 F1080
G1 X129.4099 Y88.9162 Z0.3343 E0.02133 F1080
G1 X129.7785 Y89.0716 Z0.3343 E0.02133 F1080
G1 X130.1450 Y89.2317 Z0.3344 E0.02133 F1080
G1 X130.5095 Y89.3965 Z0.3345 E0.02133 F1080
G1 X130.8718 Y89.5661 Z0.3345 E0.02133 F1080
G1 X131.2318 Y89.7403 Z0.3346 E0.02133 F1080
G1 X131.5896 Y89.9191 Z0.3346 E0.02133 F1080
G1 X131.9451 Y90.1026 Z0.3347 E0.02133 F1080
G1 X132.2982 Y90.2906 Z0.3348 E0.02133 F1080
G1 X132.6488 Y90.4832 Z0.3348 E0.02133 F1080
G1 X132.9969 Y90.6802 Z0.3349 E0.02133 F1080
G1 X133.3424 Y90.8818 Z0.3350 E0.02133 F1080
G1 X133.6852 Y91.0878 Z0.3350 E0.02133 F1080
G1 X134.0254 Y91.2982 Z0.3351 E0.02133 F1080
G1 X134.3629 Y91.5130 Z0.3352 E0.02133 F1080
G1 X134.6975 Y91.7321 Z0.3352 E0.02133 F1080
G1 X135.0293 Y91.9555 Z0.3353 E0.02133 F1080
G1 X135.3582 Y92.1832 Z0.3354 E0.02133 F1080
G1 X135.6841 Y92.4152 Z0.3354 E0.02133 F1080
G1 X136.0070 Y92.6513 Z0.3355 E0.02133 F1080
G1 X136.3268 Y92.8915 Z0.3356 E0.02133 F1080
G1 X136.6435 Y93.1359 Z0.3356 E0.02133 F1080
G1 X136.9570 Y93.3843 Z0.3357 E0.02133 F1080
G1 X137.2673 Y93.6368 Z0.3358 E0.02133 F1080
G1 X137.5742 Y93.8932 Z0.3358 E0.02133 F1080
G1 X137.8779 Y94.1536 Z0.3359 E0.02133 F1080
G1 X138.1781 Y94.4179 Z0.3360 E0.02133 F1080
G1 X138.4750 Y94.6860 Z0.3360 E0.02133 F1080
G1 X138.7683 Y94.9580 Z0.3361 E0.02133 F1080
G1 X139.0581 Y95.2337 Z0.3362 E0.02133 F1080
G1 X139.3443 Y95.5131 Z0.3362 E0.02133 F1080
G1 X139.6269 Y95.7962 Z0.3363 E0.02133 F1080
G1 X139.9059 Y96.0829 Z0.3364 E0.02133 F1080
G1 X140.1810 Y96.3732 Z0.3364 E0.02133 F1080
G1 X140.4525 Y96.6671 Z0.3365 E0.02133 F1080
G1 X140.7201 Y96.9644 Z0.3366 E0.02133 F1080
G1 X140.9838 Y97.2651 Z0.3366 E0.02133 F1080
G1 X141.2437 Y97.5692 Z0.3367 E0.02133 F1080
G1 X141.4996 Y97.8766 Z0.3368 E0.02133 F1080
G1 X141.7515 Y98.1874 Z0.3368 E0.02133 F1080
G1 X141.9994 Y98.5013 Z0.3369 E0.02133 F1080
G1 X142.2432 Y98.8184 Z0.3370 E0.02133 F1080
G1 X142.4829 Y99.1386 Z0.3370 E0.02133 F1080
G1 X142.7185 Y99.4619 Z0.3371 E0.02133 F1080
G1 X142.9498 Y99.7882 Z0.3372 E0.02133 F1080
G1 X143.1770 Y100.1175 Z0.3372 E0.02133 F1080
G1 X143.3998 Y100.4497 Z0.3373 E0.02133 F1080
G1 X143.6184 Y100.7847 Z0.3374 E0.02133 F1080
G1 X143.8326 Y101.1225 Z0.3375 E0.02133 F1080
G1 X144.0425 Y101.4630 Z0.3375 E0.02133 F1080
G1 X144.2479 Y101.8062 Z0.3376 E0.02133 F1080
G1 X144.4489 Y102.1521 Z0.3377 E0.02133 F1080
G1 X144.6454 Y102.5005 Z0.3377 E0.02133 F1080
G1 X144.8374 Y102.8514 Z0.3378 E0.02133 F1080
G1 X145.0249 Y103.2047 Z0.3379 E0.02133 F1080
G1 X145.2078 Y103.5605 Z0.3379 E0.02133 F1080
G1 X145.3861 Y103.9186 Z0.3380 E0.02133 F1080
G1 X145.5597 Y104.2789 Z0.3381 E0.02133 F1080
G1 X145.7287 Y104.6414 Z0.3381 E0.02133 F1080
G1 X145.8930 Y105.0061 Z0.3382 E0.02133 F1080
G1 X146.0526 Y105.3729 Z0.3383 E0.02133 F1080
G1 X146.2075 Y105.7418 Z0.3383 E0.02133 F1080
G1 X146.3575 Y106.1125 Z0.3384 E0.02133 F1080
G1 X146.5028 Y106.4852 Z0.3385 E0.02133 F1080
G1 X146.6433 Y106.8597 Z0.3385 E0.02133 F1080
G1 X146.7789 Y107.2361 Z0.3386 E0.02133 F1080
G1 X146.9097 Y107.6141 Z0.3387 E0.02133 F1080
G1 X147.0356 Y107.9938 Z0.3388 E0.02133 F1080
G1 X147.1565 Y108.3750 Z0.3388 E0.02133 F1080
G1 X147.2726 Y108.7578 Z0.3389 E0.02133 F1080
G1 X147.3837 Y109.1421 Z0.3390 E0.02133 F1080
G1 X147.4898 Y109.5278 Z0.3390 E0.02133 F1080
G1 X147.5910 Y109.9148 Z0.3391 E0.02133 F1080
G1 X147.6872 Y110.3030 Z0.3392 E0.02133 F1080
G1 X147.7783 Y110.6925 Z0.3392 E0.02133 F1080
G1 X147.8645 Y111.0831 Z0.3393 E0.02133 F1080
G1 X147.9455 Y111.4748 Z0.3394 E0.02133 F1080
G1 X148.0216 Y111.8675 Z0.3394 E0.02133 F1080
G1 X148.0925 Y112.2612 Z0.3395 E0.02133 F1080
G1 X148.1584 Y112.6557 Z0.3396 E0.02133 F1080
G1 X148.2192 Y113.0511 Z0.3397 E0.02133 F1080
G1 X148.2749 Y113.4472 Z0.3397 E0.02133 F1080
G1 X148.3255 Y113.8440 Z0.3398 E0.02133 F1080
G1 X148.3710 Y114.2414 Z0.3399 E0.02133 F1080
G1 X148.4113 Y114.6394 Z0.3399 E0.02133 F1080
G1 X148.4465 Y115.0378 Z0.3400 E0.02133 F1080
G1 X148.4766 Y115.4367 Z0.3401 E0.02133 F1080
G1 X148.5015 Y115.8359 Z0.3401 E0.02133 F1080
G1 X148.5213 Y116.2354 Z0.3402 E0.02133 F1080
G1 X148.5360 Y116.6352 Z0.3403 E0.02133 F1080
G1 X148.5454 Y117.0351 Z0.3404 E0.02133 F1080
G1 X148.5498 Y117.4351 Z0.3404 E0.02133 F1080
G1 X148.5490 Y117.8351 Z0.3405 E0.02133 F1080
G1 X148.5430 Y118.2350 Z0.3406 E0.02133 F1080
G1 X148.5319 Y118.6349 Z0.3406 E0.02133 F1080
G1 X148.5156 Y119.0345 Z0.3407 E0.02133 F1080
G1 X148.4942 Y119.4340 Z0.3408 E0.02133 F1080
G1 X148.4676 Y119.8331 Z0.3408 E0.02133 F1080
G1 X148.4359 Y120.2318 Z0.3409 E0.02133 F1080
G1 X148.3991 Y120.6301 Z0.3410 E0.02133 F1080
G1 X148.3571 Y121.0279 Z0.3411 E0.02133 F1080
G1 X148.3101 Y121.4252 Z0.3411 E0.02133 F1080
G1 X148.2579 Y121.8218 Z0.3412 E0.02133 F1080
G1 X148.2006 Y122.2176 Z0.3413 E0.02133 F1080
G1 X148.1382 Y122.6127 Z0.3413 E0.02133 F1080
G1 X148.0707 Y123.0070 Z0.3414 E0.02133 F1080
G1 X147.9982 Y123.4004 Z0.3415 E0.02133 F1080
G1 X147.9206 Y123.7928 Z0.3416 E0.02133 F1080
G1 X147.8379 Y124.1842 Z0.3416 E0.02133 F1080
G1 X147.7502 Y124.5744 Z0.3417 E0.02133 F1080
G1 X147.6575 Y124.9636 Z0.3418 E0.02133 F1080
G1 X147.5598 Y125.3514 Z0.3418 E0.02133 F1080
G1 X147.4572 Y125.7380 Z0.3419 E0.02133 F1080
G1 X147.3495 Y126.1233 Z0.3420 E0.02133 F1080
G1 X147.2369 Y126.5071 Z0.3421 E0.02133 F1080
G1 X147.1194 Y126.8895 Z0.3421 E0.02133 F1080
G1 X146.9969 Y127.2703 Z0.3422 E0.02133 F1080
G1 X146.8696 Y127.6495 Z0.3423 E0.02133 F1080
G1 X146.7374 Y128.0270 Z0.3423 E0.02133 F1080
G1 X146.6003 Y128.4028 Z0.3424 E0.02133 F1080
G1 X146.4584 Y128.7768 Z0.3425 E0.02133 F1080
G1 X146.3117 Y129.1489 Z0.3426 E0.02133 F1080
G1 X146.1603 Y129.5191 Z0.3426 E0.02133 F1080
G1 X146.0040 Y129.8874 Z0.3427 E0.02133 F1080
G1 X145.8431 Y130.2536 Z0.3428 E0.02133 F1080
G1 X145.6774 Y130.6176 Z0.3429 E0.02133 F1080
G1 X145.5071 Y130.9796 Z0.3429 E0.02133 F1080
G1 X145.3322 Y131.3393 Z0.3430 E0.02133 F1080
G1 X145.1526 Y131.6967 Z0.3431 E0.02133 F1080
G1 X144.9684 Y132.0518 Z0.3431 E0.02133 F1080
G1 X144.7797 Y132.4045 Z0.3432 E0.02133 F1080
G1 X144.5865 Y132.7547 Z0.3433 E0.02133 F1080
G1 X144.3888 Y133.1025 Z0.3434 E0.02133 F1080
G1 X144.1866 Y133.4476 Z0.3434 E0.02133 F1080
G1 X143.9800 Y133.7901 Z0.3435 E0.02133 F1080
G1 X143.7690 Y134.1299 Z0.3436 E0.02133 F1080
G1 X143.5536 Y134.4670 Z0.3437 E0.02133 F1080
G1 X143.3340 Y134.8013 Z0.3437 E0.02133 F1080
G1 X143.1100 Y135.1328 Z0.3438 E0.02133 F1080
G1 X142.8818 Y135.4613 Z0.3439 E0.02133 F1080
G1 X142.6494 Y135.7868 Z0.3439 E0.02133 F1080
G1 X142.4128 Y136.1094 Z0.3440 E0.02133 F1080
G1 X142.1721 Y136.4289 Z0.3441 E0.02133 F1080
G1 X141.9273 Y136.7452 Z0.3442 E0.02133 F1080
G1 X141.6785 Y137.0584 Z0.3442 E0.02133 F1080
G1 X141.4256 Y137.3683 Z0.3443 E0.02133 F1080
G1 X141.1688 Y137.6750 Z0.3444 E0.02133 F1080
G1 X140.9081 Y137.9784 Z0.3445 E0.02133 F1080
G1 X140.6435 Y138.2783 Z0.3445 E0.02133 F1080
G1 X140.3750 Y138.5749 Z0.3446 E0.02133 F1080
G1 X140.1028 Y138.8679 Z0.3447 E0.02133 F1080
G1 X139.8268 Y139.1575 Z0.3448 E0.02133 F1080
G1 X139.5471 Y139.4434 Z0.3448 E0.02133 F1080
G1 X139.2637 Y139.7258 Z0.3449 E0.02133 F1080
G1 X138.9768 Y140.0045 Z0.3450 E0.02133 F1080
G1 X138.6863 Y140.2794 Z0.3450 E0.02133 F1080
G1 X138.3922 Y140.5506 Z0.3451 E0.02133 F1080
G1 X138.0948 Y140.8180 Z0.3452 E0.02133 F1080
G1 X137.7939 Y141.0816 Z0.3453 E0.02133 F1080
G1 X137.4896 Y141.3413 Z0.3453 E0.02133 F1080
G1 X137.1820 Y141.5970 Z0.3454 E0.02133 F1080
G1 X136.8712 Y141.8487 Z0.3455 E0.02133 F1080
G1 X136.5571 Y142.0965 Z0.3456 E0.02133 F1080
G1 X136.2399 Y142.3402 Z0.3456 E0.02133 F1080
G1 X135.9196 Y142.5798 Z0.3457 E0.02133 F1080
G1 X135.5962 Y142.8152 Z0.3458 E0.02133 F1080
G1 X135.2699 Y143.0465 Z0.3459 E0.02133 F1080
G1 X134.9405 Y143.2735 Z0.3459 E0.02133 F1080
G1 X134.6083 Y143.4963 Z0.3460 E0.02133 F1080
G1 X134.2733 Y143.7149 Z0.3461 E0.02133 F1080
G1 X133.9355 Y143.9291 Z0.3462 E0.02133 F1080
G1 X133.5949 Y144.1389 Z0.3462 E0.02133 F1080
G1 X133.2517 Y144.3443 Z0.3463 E0.02133 F1080
G1 X132.9059 Y144.5453 Z0.3464 E0.02133 F1080
G1 X132.5575 Y144.7419 Z0.3465 E0.02133 F1080
G1 X132.2066 Y144.9339 Z0.3465 E0.02133 F1080
G1 X131.8533 Y145.1215 Z0.3466 E0.02133 F1080
G1 X131.4976 Y145.3045 Z0.3467 E0.02133 F1080
G1 X131.1396 Y145.4829 Z0.3468 E0.02133 F1080
G1 X130.7793 Y145.6566 Z0.3468 E0.02133 F1080
G1 X130.4168 Y145.8258 Z0.3469 E0.02133 F1080
G1 X130.0522 Y145.9902 Z0.3470 E0.02133 F1080
G1 X129.6855 Y146.1500 Z0.3471 E0.02133 F1080
G1 X129.3167 Y146.3050 Z0.3471 E0.02133 F1080
G1 X128.9460 Y146.4553 Z0.3472 E0.02133 F1080
G1 X128.5734 Y146.6008 Z0.3473 E0.02133 F1080
G1 X128.1990 Y146.7415 Z0.3474 E0.02133 F1080
G1 X127.8228 Y146.8774 Z0.3474 E0.02133 F1080
G1 X127.4448 Y147.0085 Z0.3475 E0.02133 F1080
G1 X127.0653 Y147.1347 Z0.3476 E0.02133 F1080
G1 X126.6841 Y147.2560 Z0.3477 E0.02133 F1080
G1 X126.3014 Y147.3724 Z0.3478 E0.02133 F1080
G1 X125.9172 Y147.4838 Z0.3478 E0.02133 F1080
G1 X125.5317 Y147.5904 Z0.3479 E0.02133 F1080
G1 X125.1448 Y147.6919 Z0.3480 E0.02133 F1080
G1 X124.7566 Y147.7885 Z0.3481 E0.02133 F1080
G1 X124.3672 Y147.8801 Z0.3481 E0.02133 F1080
G1 X123.9767 Y147.9667 Z0.3482 E0.02133 F1080
G1 X123.5851 Y148.0482 Z0.3483 E0.02133 F1080
G1 X123.1925 Y148.1248 Z0.3484 E0.02133 F1080
G1 X122.7989 Y148.1962 Z0.3484 E0.02133 F1080
G1 X122.4045 Y148.2627 Z0.3485 E0.02133 F1080
G1 X122.0092 Y148.3240 Z0.3486 E0.02133 F1080
G1 X121.6132 Y148.3803 Z0.3487 E0.02133 F1080
G1 X121.2165 Y148.4315 Z0.3487 E0.02133 F1080
G1 X120.8191 Y148.4775 Z0.3488 E0.02133 F1080
G1 X120.4212 Y148.5185 Z0.3489 E0.02133 F1080
G1 X120.0228 Y148.5544 Z0.3490 E0.02133 F1080
G1 X119.6240 Y148.5851 Z0.3491 E0.02133 F1080
G1 X119.2248 Y148.6108 Z0.3491 E0.02133 F1080
G1 X118.8254 Y148.6313 Z0.3492 E0.02133 F1080
G1 X118.4256 Y148.6466 Z0.3493 E0.02133 F1080
G1 X118.0258 Y148.6569 Z0.3494 E0.02133 F1080
G1 X117.6258 Y148.6620 Z0.3494 E0.02133 F1080
G1 X117.2258 Y148.6619 Z0.3495 E0.02133 F1080
G1 X116.8258 Y148.6568 Z0.3496 E0.02133 F1080
G1 X116.4260 Y148.6465 Z0.3497 E0.02133 F1080
G1 X116.0263 Y148.6310 Z0.3497 E0.02133 F1080
G1 X115.6268 Y148.6105 Z0.3498 E0.02133 F1080
G1 X115.2276 Y148.5848 Z0.3499 E0.02133 F1080
G1 X114.8288 Y148.5540 Z0.3500 E0.02133 F1080
G1 X114.4304 Y148.5180 Z0.3501 E0.02133 F1080
G1 X114.0325 Y148.4770 Z0.3501 E0.02133 F1080
G1 X113.6352 Y148.4309 Z0.3502 E0.02133 F1080
G1 X113.2385 Y148.3797 Z0.3503 E0.02133 F1080
G1 X112.8424 Y148.3233 Z0.3504 E0.02133 F1080
G1 X112.4472 Y148.2619 Z0.3504 E0.02133 F1080
G1 X112.0527 Y148.1955 Z0.3505 E0.02133 F1080
G1 X111.6592 Y148.1240 Z0.3506 E0.02133 F1080
G1 X111.2666 Y148.0474 Z0.3507 E0.02133 F1080
G1 X110.8750 Y147.9658 Z0.3508 E0.02133 F1080
G1 X110.4844 Y147.8792 Z0.3508 E0.02133 F1080
G1 X110.0951 Y147.7876 Z0.3509 E0.02133 F1080
G1 X109.7069 Y147.6910 Z0.3510 E0.02133 F1080
G1 X109.3200 Y147.5894 Z0.3511 E0.02133 F1080
G1 X108.9345 Y147.4829 Z0.3512 E0.02133 F1080
G1 X108.5503 Y147.3715 Z0.3512 E0.02133 F1080
G1 X108.1676 Y147.2551 Z0.3513 E0.02133 F1080
G1 X107.7864 Y147.1338 Z0.3514 E0.02133 F1080
G1 X107.4068 Y147.0076 Z0.3515 E0.02133 F1080
G1 X107.0289 Y146.8766 Z0.3515 E0.02133 F1080
G1 X106.6527 Y146.7408 Z0.3516 E0.02133 F1080
G1 X106.2782 Y146.6001 Z0.3517 E0.02133 F1080
G1 X105.9056 Y146.4547 Z0.3518 E0.02133 F1080
G1 X105.5349 Y146.3044 Z0.3519 E0.02133 F1080
G1 X105.1661 Y146.1495 Z0.3519 E0.02133 F1080
G1 X104.7993 Y145.9898 Z0.3520 E0.02133 F1080
G1 X104.4347 Y145.8254 Z0.3521 E0.02133 F1080
G1 X104.0721 Y145.6564 Z0.3522 E0.02133 F1080
G1 X103.7118 Y145.4827 Z0.3523 E0.02133 F1080
G1 X103.3537 Y145.3044 Z0.3523 E0.02133 F1080
G1 X102.9980 Y145.1216 Z0.3524 E0.02133 F1080
G1 X102.6446 Y144.9342 Z0.3525 E0.02133 F1080
G1 X102.2936 Y144.7423 Z0.3526 E0.02133 F1080
G1 X101.9451 Y144.5459 Z0.3527 E0.02133 F1080
G1 X101.5992 Y144.3450 Z0.3527 E0.02133 F1080
G1 X101.2559 Y144.1397 Z0.3528 E0.02133 F1080
G1 X100.9152 Y143.9301 Z0.3529 E0.02133 F1080
G1 X100.5773 Y143.7161 Z0.3530 E0.02133 F1080
G1 X100.2421 Y143.4978 Z0.3531 E0.02133 F1080
G1 X99.9098 Y143.2752 Z0.3531 E0.02133 F1080
G1 X99.5803 Y143.0483 Z0.3532 E0.02133 F1080
G1 X99.2538 Y142.8173 Z0.3533 E0.02133 F1080
G1 X98.9302 Y142.5821 Z0.3534 E0.02133 F1080
G1 X98.6097 Y142.3428 Z0.3535 E0.02133 F1080
G1 X98.2923 Y142.0993 Z0.3535 E0.02133 F1080
G1 X97.9781 Y141.8519 Z0.3536 E0.02133 F1080
G1 X97.6670 Y141.6004 Z0.3537 E0.02133 F1080
G1 X97.3592 Y141.3449 Z0.3538 E0.02133 F1080
G1 X97.0546 Y141.0856 Z0.3539 E0.02133 F1080
G1 X96.7535 Y140.8223 Z0.3539 E0.02133 F1080
G1 X96.4557 Y140.5552 Z0.3540 E0.02133 F1080
G1 X96.1614 Y140.2844 Z0.3541 E0.02133 F1080
G1 X95.8706 Y140.0097 Z0.3542 E0.02133 F1080
G1 X95.5833 Y139.7314 Z0.3543 E0.02133 F1080
G1 X95.2996 Y139.4494 Z0.3543 E0.02133 F1080
G1 X95.0195 Y139.1638 Z0.3544 E0.02133 F1080
G1 X94.7431 Y138.8746 Z0.3545 E0.02133 F1080
G1 X94.4705 Y138.5820 Z0.3546 E0.02133 F1080
G1 X94.2016 Y138.2858 Z0.3547 E0.02133 F1080
G1 X93.9365 Y137.9862 Z0.3547 E0.02133 F1080
G1 X93.6753 Y137.6833 Z0.3548 E0.02133 F1080
G1 X93.4180 Y137.3770 Z0.3549 E0.02133 F1080
G1 X93.1647 Y137.0675 Z0.3550 E0.02133 F1080
G1 X92.9153 Y136.7547 Z0.3551 E0.02133 F1080
G1 X92.6700 Y136.4388 Z0.3552 E0.02133 F1080
G1 X92.4287 Y136.1197 Z0.3552 E0.02133 F1080
G1 X92.1915 Y135.7976 Z0.3553 E0.02133 F1080
G1 X91.9585 Y135.4725 Z0.3554 E0.02133 F1080
G1 X91.7296 Y135.1444 Z0.3555 E0.02133 F1080
G1 X91.5050 Y134.8135 Z0.3556 E0.02133 F1080
G1 X91.2847 Y134.4796 Z0.3556 E0.02133 F1080
G1 X91.0686 Y134.1430 Z0.3557 E0.02133 F1080
G1 X90.8568 Y133.8036 Z0.3558 E0.02133 F1080
G1 X90.6495 Y133.4616 Z0.3559 E0.02133 F1080
G1 X90.4465 Y133.1169 Z0.3560 E0.02133 F1080
G1 X90.2479 Y132.7697 Z0.3561 E0.02133 F1080
G1 X90.0538 Y132.4199 Z0.3561 E0.02133 F1080
G1 X89.8642 Y132.0677 Z0.3562 E0.02133 F1080
G1 X89.6792 Y131.7131 Z0.3563 E0.02133 F1080
G1 X89.4986 Y131.3561 Z0.3564 E0.02133 F1080
G1 X89.3227 Y130.9969 Z0.3565 E0.02133 F1080
G1 X89.1514 Y130.6354 Z0.3565 E0.02133 F1080
G1 X88.9847 Y130.2718 Z0.3566 E0.02133 F1080
G1 X88.8227 Y129.9061 Z0.3567 E0.02133 F1080
G1 X88.6654 Y129.5383 Z0.3568 E0.02133 F1080
G1 X88.5128 Y129.1685 Z0.3569 E0.02133 F1080
G1 X88.3650 Y128.7969 Z0.3570 E0.02133 F1080
G1 X88.2219 Y128.4233 Z0.3570 E0.02133 F1080
G1 X88.0836 Y128.0480 Z0.3571 E0.02133 F1080
G1 X87.9501 Y127.6709 Z0.3572 E0.02133 F1080
G1 X87.8215 Y127.2921 Z0.3573 E0.02133 F1080
G1 X87.6977 Y126.9118 Z0.3574 E0.02133 F1080
G1 X87.5789 Y126.5298 Z0.3575 E0.02133 F1080
G1 X87.4649 Y126.1464 Z0.3575 E0.02133 F1080
G1 X87.3558 Y125.7616 Z0.3576 E0.02133 F1080
G1 X87.2516 Y125.3754 Z0.3577 E0.02133 F1080
G1 X87.1524 Y124.9879 Z0.3578 E0.02133 F1080
G1 X87.0582 Y124.5991 Z0.3579 E0.02133 F1080
G1 X86.9690 Y124.2092 Z0.3580 E0.02133 F1080
G1 X86.8847 Y123.8182 Z0.3580 E0.02133 F1080
G1 X86.8055 Y123.4261 Z0.3581 E0.02133 F1080
G1 X86.7313 Y123.0330 Z0.3582 E0.02133 F1080
G1 X86.6621 Y122.6391 Z0.3583 E0.02133 F1080
G1 X86.5980 Y122.2442 Z0.3584 E0.02133 F1080
G1 X86.5389 Y121.8486 Z0.3585 E0.02133 F1080
G1 X86.4849 Y121.4523 Z0.3585 E0.02133 F1080
G1 X86.4359 Y121.0553 Z0.3586 E0.02133 F1080
G1 X86.3921 Y120.6577 Z0.3587 E0.02133 F1080
G1 X86.3533 Y120.2595 Z0.3588 E0.02133 F1080
G1 X86.3197 Y119.8610 Z0.3589 E0.02133 F1080
G1 X86.2911 Y119.4620 Z0.3590 E0.02133 F1080
G1 X86.2676 Y119.0627 Z0.3590 E0.02133 F1080
G1 X86.2493 Y118.6631 Z0.3591 E0.02133 F1080
G1 X86.2361 Y118.2633 Z0.3592 E0.02133 F1080
G1 X86.2279 Y117.8634 Z0.3593 E0.02133 F1080
G1 X86.2249 Y117.4634 Z0.3594 E0.02133 F1080
G1 X86.2270 Y117.0634 Z0.3595 E0.02133 F1080
G1 X86.2343 Y116.6634 Z0.3595 E0.02133 F1080
G1 X86.2466 Y116.2636 Z0.3596 E0.02133 F1080
G1 X86.2641 Y115.8640 Z0.3597 E0.02133 F1080
G1 X86.2866 Y115.4646 Z0.3598 E0.02133 F1080
G1 X86.3143 Y115.0656 Z0.3599 E0.02133 F1080
G1 X86.3471 Y114.6669 Z0.3600 E0.02133 F1080
G1 X86.3849 Y114.2687 Z0.3600 E0.02133 F1080
G1 X86.4279 Y113.8710 Z0.3601 E0.02133 F1080
G1 X86.4759 Y113.4739 Z0.3602 E0.02133 F1080
G1 X86.5290 Y113.0775 Z0.3603 E0.02133 F1080
G1 X86.5872 Y112.6817 Z0.3604 E0.02133 F1080
G1 X86.6504 Y112.2867 Z0.3605 E0.02133 F1080
G1 X86.7187 Y111.8926 Z0.3606 E0.02133 F1080
G1 X86.7920 Y111.4994 Z0.3606 E0.02133 F1080
G1 X86.8703 Y111.1071 Z0.3607 E0.02133 F1080
G1 X86.9536 Y110.7159 Z0.3608 E0.02133 F1080
G1 X87.0420 Y110.3257 Z0.3609 E0.02133 F1080
G1 X87.1353 Y109.9368 Z0.3610 E0.02133 F1080
G1 X87.2335 Y109.5490 Z0.3611 E0.02133 F1080
G1 X87.3368 Y109.1626 Z0.3612 E0.02133 F1080
G1 X87.4449 Y108.7775 Z0.3612 E0.02133 F1080
G1 X87.5580 Y108.3938 Z0.3613 E0.02133 F1080
G1 X87.6759 Y108.0116 Z0.3614 E0.02133 F1080
G1 X87.7988 Y107.6309 Z0.3615 E0.02133 F1080
G1 X87.9264 Y107.2518 Z0.3616 E0.02133 F1080
G1 X88.0590 Y106.8744 Z0.3617 E0.02133 F1080
G1 X88.1963 Y106.4987 Z0.3618 E0.02133 F1080
G1 X88.3384 Y106.1248 Z0.3618 E0.02133 F1080
G1 X88.4853 Y105.7527 Z0.3619 E0.02133 F1080
G1 X88.6370 Y105.3826 Z0.3620 E0.02133 F1080
G1 X88.7933 Y105.0144 Z0.3621 E0.02133 F1080
G1 X88.9543 Y104.6483 Z0.3622 E0.02133 F1080
G1 X89.1201 Y104.2842 Z0.3623 E0.02133 F1080
G1 X89.2904 Y103.9223 Z0.3624 E0.02133 F1080
G1 X89.4654 Y103.5626 Z0.3624 E0.02133 F1080
G1 X89.6449 Y103.2051 Z0.3625 E0.02133 F1080
G1 X89.8290 Y102.8500 Z0.3626 E0.02133 F1080
G1 X90.0176 Y102.4972 Z0.3627 E0.02133 F1080
G1 X90.2107 Y102.1469 Z0.3628 E0.02133 F1080
G1 X90.4083 Y101.7991 Z0.3629 E0.02133 F1080
G1 X90.6102 Y101.4539 Z0.3630 E0.02133 F1080
G1 X90.8166 Y101.1112 Z0.3630 E0.02133 F1080
G1 X91.0274 Y100.7712 Z0.3631 E0.02133 F1080
G1 X91.2424 Y100.4340 Z0.3632 E0.02133 F1080
G1 X91.4618 Y100.0995 Z0.3633 E0.02133 F1080
G1 X91.6854 Y99.7678 Z0.3634 E0.02133 F1080
G1 X91.9132 Y99.4390 Z0.3635 E0.02133 F1080
G1 X92.1453 Y99.1132 Z0.3636 E0.02133 F1080
G1 X92.3814 Y98.7903 Z0.3636 E0.02133 F1080
G1 X92.6217 Y98.4705 Z0.3637 E0.02133 F1080
G1 X92.8660 Y98.1538 Z0.3638 E0.02133 F1080
G1 X93.1143 Y97.8402 Z0.3639 E0.02133 F1080
G1 X93.3667 Y97.5298 Z0.3640 E0.02133 F1080
G1 X93.6229 Y97.2227 Z0.3641 E0.02133 F1080
G1 X93.8831 Y96.9189 Z0.3642 E0.02133 F1080
G1 X94.1471 Y96.6184 Z0.3643 E0.02133 F1080
G1 X94.4150 Y96.3213 Z0.3643 E0.02133 F1080
G1 X94.6866 Y96.0277 Z0.3644 E0.02133 F1080
G1 X94.9620 Y95.7375 Z0.3645 E0.02133 F1080
G1 X95.2410 Y95.4509 Z0.3646 E0.02133 F1080
G1 X95.5237 Y95.1679 Z0.3647 E0.02133 F1080
G1 X95.8099 Y94.8885 Z0.3648 E0.02133 F1080
G1 X96.0997 Y94.6128 Z0.3649 E0.02133 F1080
G1 X96.3930 Y94.3408 Z0.3650 E0.02133 F1080
G1 X96.6897 Y94.0725 Z0.3650 E0.02133 F1080
G1 X96.9899 Y93.8081 Z0.3651 E0.02133 F1080
G1 X97.2934 Y93.5476 Z0.3652 E0.02133 F1080
G1 X97.6002 Y93.2909 Z0.3653 E0.02133 F1080
G1 X97.9102 Y93.0382 Z0.3654 E0.02133 F1080
G1 X98.2235 Y92.7894 Z0.3655 E0.02133 F1080
G1 X98.5399 Y92.5447 Z0.3656 E0.02133 F1080
G1 X98.8594 Y92.3040 Z0.3657 E0.02133 F1080
G1 X99.1819 Y92.0674 Z0.3658 E0.02133 F1080
G1 X99.5074 Y91.8349 Z0.3658 E0.02133 F1080
G1 X99.8359 Y91.6067 Z0.3659 E0.02133 F1080
G1 X100.1673 Y91.3826 Z0.3660 E0.02133 F1080
G1 X100.5014 Y91.1628 Z0.3661 E0.02133 F1080
G1 X100.8384 Y90.9472 Z0.3662 E0.02133 F1080
G1 X101.1781 Y90.7360 Z0.3663 E0.02133 F1080
G1 X101.5205 Y90.5292 Z0.3664 E0.02133 F1080
G1 X101.8654 Y90.3267 Z0.3665 E0.02133 F1080
G1 X102.2130 Y90.1286 Z0.3665 E0.02133 F1080
G1 X102.5630 Y89.9350 Z0.3666 E0.02133 F1080
G1 X102.9154 Y89.7459 Z0.3667 E0.02133 F1080
G1 X103.2703 Y89.5612 Z0.3668 E0.02133 F1080
G1 X103.6275 Y89.3812 Z0.3669 E0.02133 F1080
G1 X103.9869 Y89.2057 Z0.3670 E0.02133 F1080
G1 X104.3486 Y89.0348 Z0.3671 E0.02133 F1080
G1 X104.7124 Y88.8685 Z0.3672 E0.02133 F1080
G1 X105.0783 Y88.7068 Z0.3673 E0.02133 F1080
G1 X105.4462 Y88.5499 Z0.3673 E0.02133 F1080
G1 X105.8161 Y88.3977 Z0.3674 E0.02133 F1080
G1 X106.1879 Y88.2502 Z0.3675 E0.02133 F1080
G1 X106.5616 Y88.1074 Z0.3676 E0.02133 F1080
G1 X106.9370 Y87.9694 Z0.3677 E0.02133 F1080
G1 X107.3142 Y87.8362 Z0.3678 E0.02133 F1080
G1 X107.6931 Y87.7079 Z0.3679 E0.02133 F1080
G1 X108.0735 Y87.5844 Z0.3680 E0.02133 F1080
G1 X108.4555 Y87.4657 Z0.3681 E0.02133 F1080
G1 X108.8390 Y87.3519 Z0.3682 E0.02133 F1080
G1 X109.2239 Y87.2431 Z0.3682 E0.02133 F1080
G1 X109.6102 Y87.1391 Z0.3683 E0.02133 F1080
G1 X109.9977 Y87.0401 Z0.3684 E0.02133 F1080
G1 X110.3865 Y86.9460 Z0.3685 E0.02133 F1080
G1 X110.7765 Y86.8569 Z0.3686 E0.02133 F1080
G1 X111.1675 Y86.7728 Z0.3687 E0.02133 F1080
G1 X111.5596 Y86.6937 Z0.3688 E0.02133 F1080
G1 X111.9527 Y86.6195 Z0.3689 E0.02133 F1080
G1 X112.3467 Y86.5504 Z0.3690 E0.02133 F1080
G1 X112.7415 Y86.4863 Z0.3691 E0.02133 F1080
G1 X113.1371 Y86.4273 Z0.3691 E0.02133 F1080
G1 X113.5335 Y86.3733 Z0.3692 E0.02133 F1080
G1 X113.9305 Y86.3243 Z0.3693 E0.02133 F1080
G1 X114.3281 Y86.2805 Z0.3694 E0.02133 F1080
G1 X114.7262 Y86.2417 Z0.3695 E0.02133 F1080
G1 X115.1248 Y86.2079 Z0.3696 E0.02133 F1080
G1 X115.5237 Y86.1793 Z0.3697 E0.02133 F1080
G1 X115.9231 Y86.1557 Z0.3698 E0.02133 F1080
G1 X116.3226 Y86.1373 Z0.3699 E0.02133 F1080
G1 X116.7224 Y86.1239 Z0.3700 E0.02133 F1080
G1 X117.1223 Y86.1156 Z0.3700 E0.02133 F1080
G1 X117.5223 Y86.1125 Z0.3701 E0.02133 F1080
G1 X117.9223 Y86.1144 Z0.3702 E0.02133 F1080
G1 X118.3223 Y86.1214 Z0.3703 E0.02133 F1080
G1 X118.7221 Y86.1335 Z0.3704 E0.02133 F1080
G1 X119.1217 Y86.1507 Z0.3705 E0.02133 F1080
G1 X119.5211 Y86.1730 Z0.3706 E0.02133 F1080
G1 X119.9202 Y86.2004 Z0.3707 E0.02133 F1080
G1 X120.3189 Y86.2329 Z0.3708 E0.02133 F1080
G1 X120.7171 Y86.2704 Z0.3709 E0.02133 F1080
G1 X121.1148 Y86.3130 Z0.3710 E0.02133 F1080
G1 X121.5120 Y86.3607 Z0.3710 E0.02133 F1080
G1 X121.9085 Y86.4134 Z0.3711 E0.02133 F1080
G1 X122.3043 Y86.4712 Z0.3712 E0.02133 F1080
G1 X122.6993 Y86.5340 Z0.3713 E0.02133 F1080
G1 X123.0935 Y86.6019 Z0.3714 E0.02133 F1080
G1 X123.4869 Y86.6748 Z0.3715 E0.02133 F1080
G1 X123.8792 Y86.7526 Z0.3716 E0.02133 F1080
G1 X124.2705 Y86.8355 Z0.3717 E0.02133 F1080
G1 X124.6608 Y86.9233 Z0.3718 E0.02133 F1080
G1 X125.0499 Y87.0161 Z0.3719 E0.02133 F1080
G1 X125.4377 Y87.1139 Z0.3720 E0.02133 F1080
G1 X125.8243 Y87.2166 Z0.3721 E0.02133 F1080
G1 X126.2096 Y87.3242 Z0.3721 E0.02133 F1080
G1 X126.5935 Y87.4366 Z0.3722 E0.02133 F1080
G1 X126.9759 Y87.5540 Z0.3723 E0.02133 F1080
G1 X127.3567 Y87.6763 Z0.3724 E0.02133 F1080
G1 X127.7360 Y87.8033 Z0.3725 E0.02133 F1080
G1 X128.1136 Y87.9352 Z0.3726 E0.02133 F1080
G1 X128.4896 Y88.0719 Z0.3727 E0.02133 F1080
G1 X128.8637 Y88.2134 Z0.3728 E0.02133 F1080
G1 X129.2360 Y88.3596 Z0.3729 E0.02133 F1080
G1 X129.6065 Y88.5106 Z0.3730 E0.02133 F1080
G1 X129.9749 Y88.6662 Z0.3731 E0.02133 F1080
G1 X130.3414 Y88.8265 Z0.3732 E0.02133 F1080
G1 X130.7058 Y88.9915 Z0.3733 E0.02133 F1080
G1 X131.0681 Y89.1611 Z0.3733 E0.02133 F1080
G1 X131.4281 Y89.3353 Z0.3734 E0.02133 F1080
G1 X131.7860 Y89.5141 Z0.3735 E0.02133 F1080
G1 X132.1415 Y89.6974 Z0.3736 E0.02133 F1080
G1 X132.4947 Y89.8853 Z0.3737 E0.02133 F1080
G1 X132.8454 Y90.0776 Z0.3738 E0.02133 F1080
G1 X133.1937 Y90.2743 Z0.3739 E0.02133 F1080
G1 X133.5394 Y90.4755 Z0.3740 E0.02133 F1080
G1 X133.8825 Y90.6811 Z0.3741 E0.02133 F1080
G1 X134.2230 Y90.8910 Z0.3742 E0.02133 F1080
G1 X134.5608 Y91.1052 Z0.3743 E0.02133 F1080
G1 X134.8959 Y91.3237 Z0.3744 E0.02133 F1080
G1 X135.2281 Y91.5465 Z0.3745 E0.02133 F1080
G1 X135.5575 Y91.7735 Z0.3746 E0.02133 F1080
G1 X135.8840 Y92.0046 Z0.3746 E0.02133 F1080
G1 X136.2075 Y92.2399 Z0.3747 E0.02133 F1080
G1 X136.5279 Y92.4792 Z0.3748 E0.02133 F1080
G1 X136.8453 Y92.7227 Z0.3749 E0.02133 F1080
G1 X137.1596 Y92.9701 Z0.3750 E0.02133 F1080
G1 X137.4707 Y93.2216 Z0.3751 E0.02133 F1080
G1 X137.7786 Y93.4769 Z0.3752 E0.02133 F1080
G1 X138.0832 Y93.7362 Z0.3753 E0.02133 F1080
G1 X138.3845 Y93.9993 Z0.3754 E0.02133 F1080
G1 X138.6824 Y94.2662 Z0.3755 E0.02133 F1080
G1 X138.9769 Y94.5369 Z0.3756 E0.02133 F1080
G1 X139.2679 Y94.8114 Z0.3757 E0.02133 F1080
G1 X139.5554 Y95.0895 Z0.3758 E0.02133 F1080
G1 X139.8394 Y95.3712 Z0.3759 E0.02133 F1080
G1 X140.1197 Y95.6565 Z0.3760 E0.02133 F1080
G1 X140.3964 Y95.9454 Z0.3761 E0.02133 F1080
G1 X140.6694 Y96.2378 Z0.3762 E0.02133 F1080
G1 X140.9386 Y96.5336 Z0.3762 E0.02133 F1080
G1 X141.2041 Y96.8328 Z0.3763 E0.02133 F1080
G1 X141.4658 Y97.1354 Z0.3764 E0.02133 F1080
G1 X141.7235 Y97.4413 Z0.3765 E0.02133 F1080
G1 X141.9774 Y97.7504 Z0.3766 E0.02133 F1080
G1 X142.2273 Y98.0627 Z0.3767 E0.02133 F1080
G1 X142.4732 Y98.3782 Z0.3768 E0.02133 F1080
G1 X142.7151 Y98.6968 Z0.3769 E0.02133 F1080
G1 X142.9529 Y99.0184 Z0.3770 E0.02133 F1080
G1 X143.1866 Y99.3431 Z0.3771 E0.02133 F1080
G1 X143.4161 Y99.6706 Z0.3772 E0.02133 F1080
G1 X143.6415 Y100.0011 Z0.3773 E0.02133 F1080
G1 X143.8627 Y100.3344 Z0.3774 E0.02133 F1080
G1 X144.0796 Y100.6705 Z0.3775 E0.02133 F1080
G1 X144.2922 Y101.0093 Z0.3776 E0.02133 F1080
G1 X144.5004 Y101.3508 Z0.3777 E0.02133 F1080
G1 X144.7044 Y101.6950 Z0.3778 E0.02133 F1080
G1 X144.9039 Y102.0416 Z0.3779 E0.02133 F1080
G1 X145.0990 Y102.3908 Z0.3780 E0.02133 F1080
G1 X145.2896 Y102.7425 Z0.3780 E0.02133 F1080
G1 X145.4758 Y103.0965 Z0.3781 E0.02133 F1080
G1 X145.6575 Y103.4529 Z0.3782 E0.02133 F1080
G1 X145.8346 Y103.8116 Z0.3783 E0.02133 F1080
G1 X146.0071 Y104.1725 Z0.3784 E0.02133 F1080
G1 X146.1750 Y104.5355 Z0.3785 E0.02133 F1080
G1 X146.3383 Y104.9007 Z0.3786 E0.02133 F1080
G1 X146.4970 Y105.2679 Z0.3787 E0.02133 F1080
G1 X146.6509 Y105.6370 Z0.3788 E0.02133 F1080
G1 X146.8002 Y106.0082 Z0.3789 E0.02133 F1080
G1 X146.9447 Y106.3811 Z0.3790 E0.02133 F1080
G1 X147.0845 Y106.7559 Z0.3791 E0.02133 F1080
G1 X147.2195 Y107.1325 Z0.3792 E0.02133 F1080
G1 X147.3497 Y107.5107 Z0.3793 E0.02133 F1080
G1 X147.4751 Y107.8905 Z0.3794 E0.02133 F1080
G1 X147.5957 Y108.2719 Z0.3795 E0.02133 F1080
G1 X147.7114 Y108.6548 Z0.3796 E0.02133 F1080
G1 X147.8222 Y109.0392 Z0.3797 E0.02133 F1080
G1 X147.9282 Y109.4249 Z0.3798 E0.02133 F1080
G1 X148.0292 Y109.8119 Z0.3799 E0.02133 F1080
G1 X148.1253 Y110.2002 Z0.3800 E0.02133 F1080
G1 X148.2164 Y110.5897 Z0.3801 E0.02133 F1080
G1 X148.3026 Y110.9803 Z0.3802 E0.02133 F1080
G1 X148.3839 Y111.3720 Z0.3803 E0.02133 F1080
G1 X148.4601 Y111.7646 Z0.3803 E0.02133 F1080
G1 X148.5314 Y112.1582 Z0.3804 E0.02133 F1080
G1 X148.5976 Y112.5527 Z0.3805 E0.02133 F1080
G1 X148.6589 Y112.9480 Z0.3806 E0.02133 F1080
G1 X148.7151 Y113.3440 Z0.3807 E0.02133 F1080
G1 X148.7662 Y113.7408 Z0.3808 E0.02133 F1080
G1 X148.8124 Y114.1381 Z0.3809 E0.02133 F1080
G1 X148.8535 Y114.5360 Z0.3810 E0.02133 F1080
G1 X148.8895 Y114.9344 Z0.3811 E0.02133 F1080
G1 X148.9204 Y115.3332 Z0.3812 E0.02133 F1080
G1 X148.9463 Y115.7323 Z0.3813 E0.02133 F1080
G1 X148.9672 Y116.1318 Z0.3814 E0.02133 F1080
G1 X148.9829 Y116.5315 Z0.3815 E0.02133 F1080
G1 X148.9936 Y116.9313 Z0.3816 E0.02133 F1080
G1 X148.9992 Y117.3313 Z0.3817 E0.02133 F1080
G1 X148.9997 Y117.7313 Z0.3818 E0.02133 F1080
G1 X148.9951 Y118.1313 Z0.3819 E0.02133 F1080
G1 X148.9855 Y118.5312 Z0.3820 E0.02133 F1080
G1 X148.9707 Y118.9309 Z0.3821 E0.02133 F1080
G1 X148.9509 Y119.3304 Z0.3822 E0.02133 F1080
G1 X148.9261 Y119.7297 Z0.3823 E0.02133 F1080
G1 X148.8961 Y120.1285 Z0.3824 E0.02133 F1080
G1 X148.8611 Y120.5270 Z0.3825 E0.02133 F1080
G1 X148.8211 Y120.9250 Z0.3826 E0.02133 F1080
G1 X148.7760 Y121.3225 Z0.3827 E0.02133 F1080
G1 X148.7258 Y121.7193 Z0.3828 E0.02133 F1080
G1 X148.6707 Y122.1155 Z0.3829 E0.02133 F1080
G1 X148.6105 Y122.5109 Z0.3830 E0.02133 F1080
G1 X148.5453 Y122.9056 Z0.3831 E0.02133 F1080
G1 X148.4750 Y123.2994 Z0.3832 E0.02133 F1080
G1 X148.3998 Y123.6922 Z0.3833 E0.02133 F1080
G1 X148.3196 Y124.0841 Z0.3834 E0.02133 F1080
G1 X148.2345 Y124.4750 Z0.3835 E0.02133 F1080
G1 X148.1443 Y124.8647 Z0.3836 E0.02133 F1080
G1 X148.0493 Y125.2532 Z0.3837 E0.02133 F1080
G1 X147.9493 Y125.6405 Z0.3838 E0.02133 F1080
G1 X147.8444 Y126.0265 Z0.3839 E0.02133 F1080
G1 X147.7347 Y126.4112 Z0.3840 E0.02133 F1080
G1 X147.6200 Y126.7944 Z0.3841 E0.02133 F1080
G1 X147.5005 Y127.1762 Z0.3842 E0.02133 F1080
G1 X147.3762 Y127.5563 Z0.3843 E0.02133 F1080
G1 X147.2470 Y127.9349 Z0.3843 E0.02133 F1080
G1 X147.1131 Y128.3118 Z0.3844 E0.02133 F1080
G1 X146.9744 Y128.6870 Z0.3845 E0.02133 F1080
G1 X146.8309 Y129.0604 Z0.3846 E0.02133 F1080
G1 X146.6827 Y129.4320 Z0.3847 E0.02133 F1080
G1 X146.5298 Y129.8016 Z0.3848 E0.02133 F1080
G1 X146.3722 Y130.1692 Z0.3849 E0.02133 F1080
G1 X146.2100 Y130.5349 Z0.3850 E0.02133 F1080
G1 X146.0432 Y130.8984 Z0.3851 E0.02133 F1080
G1 X145.8717 Y131.2598 Z0.3852 E0.02133 F1080
G1 X145.6957 Y131.6190 Z0.3853 E0.02133 F1080
G1 X145.5152 Y131.9760 Z0.3854 E0.02133 F1080
G1 X145.3301 Y132.3306 Z0.3855 E0.02133 F1080
G1 X145.1405 Y132.6828 Z0.3856 E0.02133 F1080
G1 X144.9465 Y133.0326 Z0.3857 E0.02133 F1080
G1 X144.7481 Y133.3799 Z0.3858 E0.02133 F1080
G1 X144.5453 Y133.7247 Z0.3859 E0.02133 F1080
G1 X144.3381 Y134.0669 Z0.3860 E0.02133 F1080
G1 X144.1266 Y134.4064 Z0.3861 E0.02133 F1080
G1 X143.9108 Y134.7432 Z0.3862 E0.02133 F1080
G1 X143.6908 Y135.0773 Z0.3863 E0.02133 F1080
G1 X143.4666 Y135.4085 Z0.3864 E0.02133 F1080
G1 X143.2381 Y135.7369 Z0.3865 E0.02133 F1080
G1 X143.0055 Y136.0623 Z0.3866 E0.02133 F1080
G1 X142.7688 Y136.3847 Z0.3867 E0.02133 F1080
G1 X142.5281 Y136.7042 Z0.3868 E0.02133 F1080
G1 X142.2833 Y137.0205 Z0.3869 E0.02133 F1080
G1 X142.0345 Y137.3338 Z0.3870 E0.02133 F1080
G1 X141.7818 Y137.6438 Z0.3871 E0.02133 F1080
G1 X141.5251 Y137.9506 Z0.3872 E0.02133 F1080
G1 X141.2646 Y138.2542 Z0.3873 E0.02133 F1080
G1 X141.0003 Y138.5544 Z0.3874 E0.02133 F1080
G1 X140.7321 Y138.8512 Z0.3875 E0.02133 F1080
G1 X140.4603 Y139.1446 Z0.3876 E0.02133 F1080
G1 X140.1847 Y139.4346 Z0.3877 E0.02133 F1080
G1 X139.9055 Y139.7210 Z0.3878 E0.02133 F1080
G1 X139.6227 Y140.0039 Z0.3879 E0.02133 F1080
G1 X139.3363 Y140.2831 Z0.3880 E0.02133 F1080
G1 X139.0464 Y140.5587 Z0.3881 E0.02133 F1080
G1 X138.7530 Y140.8306 Z0.3882 E0.02133 F1080
G1 X138.4562 Y141.0988 Z0.3883 E0.02133 F1080
G1 X138.1560 Y141.3632 Z0.3884 E0.02133 F1080
G1 X137.8525 Y141.6237 Z0.3885 E0.02133 F1080
G1 X137.5457 Y141.8804 Z0.3886 E0.02133 F1080
G1 X137.2357 Y142.1332 Z0.3887 E0.02133 F1080
G1 X136.9225 Y142.3820 Z0.3888 E0.02133 F1080
G1 X136.6062 Y142.6269 Z0.3889 E0.02133 F1080
G1 X136.2868 Y142.8677 Z0.3890 E0.02133 F1080
G1 X135.9644 Y143.1045 Z0.3891 E0.02133 F1080
G1 X135.6390 Y143.3371 Z0.3892 E0.02133 F1080
G1 X135.3107 Y143.5656 Z0.3893 E0.02133 F1080
G1 X134.9795 Y143.7899 Z0.3894 E0.02133 F1080
G1 X134.6455 Y144.0100 Z0.3895 E0.02133 F1080
G1 X134.3088 Y144.2259 Z0.3896 E0.02133 F1080
G1 X133.9693 Y144.4375 Z0.3898 E0.02133 F1080
G1 X133.6272 Y144.6447 Z0.3899 E0.02133 F1080
G1 X133.2825 Y144.8477 Z0.3900 E0.02133 F1080
G1 X132.9352 Y145.0462 Z0.3901 E0.02133 F1080
G1 X132.5855 Y145.2403 Z0.3902 E0.02133 F1080
G1 X132.2333 Y145.4300 Z0.3903 E0.02133 F1080
G1 X131.8787 Y145.6152 Z0.3904 E0.02133 F1080
G1 X131.5219 Y145.7958 Z0.3905 E0.02133 F1080
G1 X131.1627 Y145.9720 Z0.3906 E0.02133 F1080
G1 X130.8014 Y146.1436 Z0.3907 E0.02133 F1080
G1 X130.4379 Y146.3106 Z0.3908 E0.02133 F1080
G1 X130.0724 Y146.4730 Z0.3909 E0.02133 F1080
G1 X129.7048 Y146.6307 Z0.3910 E0.02133 F1080
G1 X129.3352 Y146.7838 Z0.3911 E0.02133 F1080
G1 X128.9638 Y146.9321 Z0.3912 E0.02133 F1080
G1 X128.5904 Y147.0758 Z0.3913 E0.02133 F1080
G1 X128.2153 Y147.2147 Z0.3914 E0.02133 F1080
G1 X127.8385 Y147.3489 Z0.3915 E0.02133 F1080
G1 X127.4600 Y147.4783 Z0.3916 E0.02133 F1080
G1 X127.0799 Y147.6028 Z0.3917 E0.02133 F1080
G1 X126.6982 Y147.7226 Z0.3918 E0.02133 F1080
G1 X126.3151 Y147.8375 Z0.3919 E0.02133 F1080
G1 X125.9305 Y147.9476 Z0.3920 E0.02133 F1080
G1 X125.5446 Y148.0527 Z0.3921 E0.02133 F1080
G1 X125.1574 Y148.1530 Z0.3922 E0.02133 F1080
G1 X124.7689 Y148.2484 Z0.3923 E0.02133 F1080
G1 X124.3792 Y148.3388 Z0.3924 E0.02133 F1080
G1 X123.9885 Y148.4243 Z0.3925 E0.02133 F1080
G1 X123.5967 Y148.5049 Z0.3926 E0.02133 F1080
G1 X123.2039 Y148.5804 Z0.3927 E0.02133 F1080
G1 X122.8102 Y148.6511 Z0.3928 E0.02133 F1080
G1 X122.4156 Y148.7167 Z0.3929 E0.02133 F1080
G1 X122.0202 Y148.7773 Z0.3930 E0.02133 F1080
G1 X121.6241 Y148.8329 Z0.3931 E0.02133 F1080
G1 X121.2273 Y148.8835 Z0.3932 E0.02133 F1080
G1 X120.8299 Y148.9290 Z0.3933 E0.02133 F1080
G1 X120.4319 Y148.9696 Z0.3934 E0.02133 F1080
G1 X120.0335 Y149.0051 Z0.3935 E0.02133 F1080
G1 X119.6347 Y149.0355 Z0.3936 E0.02133 F1080
G1 X119.2355 Y149.0609 Z0.3937 E0.02133 F1080
G1 X118.8360 Y149.0812 Z0.3938 E0.02133 F1080
G1 X118.4363 Y149.0965 Z0.3940 E0.02133 F1080
G1 X118.0364 Y149.1067 Z0.3941 E0.02133 F1080
G1 X117.6364 Y149.1119 Z0.3942 E0.02133 F1080
G1 X117.2364 Y149.1120 Z0.3943 E0.02133 F1080
G1 X116.8364 Y149.1070 Z0.3944 E0.02133 F1080
G1 X116.4366 Y149.0970 Z0.3945 E0.02133 F1080
G1 X116.0368 Y149.0819 Z0.3946 E0.02133 F1080
G1 X115.6373 Y149.0618 Z0.3947 E0.02133 F1080
G1 X115.2381 Y149.0366 Z0.3948 E0.02133 F1080
G1 X114.8393 Y149.0064 Z0.3949 E0.02133 F1080
G1 X114.4408 Y148.9711 Z0.3950 E0.02133 F1080
G1 X114.0429 Y148.9308 Z0.3951 E0.02133 F1080
G1 X113.6454 Y148.8854 Z0.3952 E0.02133 F1080
G1 X113.2486 Y148.8351 Z0.3953 E0.02133 F1080
G1 X112.8525 Y148.7797 Z0.3954 E0.02133 F1080
G1 X112.4570 Y148.7193 Z0.3955 E0.02133 F1080
G1 X112.0624 Y148.6539 Z0.3956 E0.02133 F1080
G1 X111.6687 Y148.5835 Z0.3957 E0.02133 F1080
G1 X111.2758 Y148.5082 Z0.3958 E0.02133 F1080
G1 X110.8840 Y148.4279 Z0.3959 E0.02133 F1080
G1 X110.4931 Y148.3426 Z0.3960 E0.02133 F1080
G1 X110.1034 Y148.2524 Z0.3961 E0.02133 F1080
G1 X109.7149 Y148.1573 Z0.3962 E0.02133 F1080
G1 X109.3276 Y148.0573 Z0.3963 E0.02133 F1080
G1 X108.9416 Y147.9523 Z0.3964 E0.02133 F1080
G1 X108.5570 Y147.8426 Z0.3966 E0.02133 F1080
G1 X108.1738 Y147.7279 Z0.3967 E0.02133 F1080
G1 X107.7920 Y147.6084 Z0.3968 E0.02133 F1080
G1 X107.4118 Y147.4841 Z0.3969 E0.02133 F1080
G1 X107.0332 Y147.3550 Z0.3970 E0.02133 F1080
G1 X106.6563 Y147.2212 Z0.3971 E0.02133 F1080
G1 X106.2811 Y147.0826 Z0.3972 E0.02133 F1080
G1 X105.9076 Y146.9392 Z0.3973 E0.02133 F1080
G1 X105.5360 Y146.7911 Z0.3974 E0.02133 F1080
G1 X105.1663 Y146.6384 Z0.3975 E0.02133 F1080
G1 X104.7986 Y146.4810 Z0.3976 E0.02133 F1080
G1 X104.4329 Y146.3189 Z0.3977 E0.02133 F1080
G1 X104.0693 Y146.1523 Z0.3978 E0.02133 F1080
G1 X103.7078 Y145.9810 Z0.3979 E0.02133 F1080
G1 X103.3485 Y145.8052 Z0.3980 E0.02133 F1080
G1 X102.9914 Y145.6249 Z0.3981 E0.02133 F1080
G1 X102.6367 Y145.4401 Z0.3982 E0.02133 F1080
G1 X102.2843 Y145.2508 Z0.3983 E0.02133 F1080
G1 X101.9343 Y145.0570 Z0.3984 E0.02133 F1080
G1 X101.5869 Y144.8589 Z0.3986 E0.02133 F1080
G1 X101.2419 Y144.6564 Z0.3987 E0.02133 F1080
G1 X100.8995 Y144.4495 Z0.3988 E0.02133 F1080
G1 X100.5598 Y144.2383 Z0.3989 E0.02133 F1080
G1 X100.2228 Y144.0229 Z0.3990 E0.02133 F1080
G1 X99.8885 Y143.8032 Z0.3991 E0.02133 F1080
G1 X99.5570 Y143.5793 Z0.3992 E0.02133 F1080
G1 X99.2284 Y143.3513 Z0.3993 E0.02133 F1080
G1 X98.9027 Y143.1191 Z0.3994 E0.02133 F1080
G1 X98.5800 Y142.8828 Z0.3995 E0.02133 F1080
G1 X98.2602 Y142.6424 Z0.3996 E0.02133 F1080
G1 X97.9435 Y142.3980 Z0.3997 E0.02133 F1080
G1 X97.6300 Y142.1497 Z0.3998 E0.02133 F1080
G1 X97.3196 Y141.8974 Z0.3999 E0.02133 F1080
G1 X97.0124 Y141.6412 Z0.4000 E0.02133 F1080
G1 X96.7085 Y141.3811 Z0.4001 E0.02133 F1080
G1 X96.4078 Y141.1173 Z0.4003 E0.02133 F1080
G1 X96.1106 Y140.8496 Z0.4004 E0.02133 F1080
G1 X95.8167 Y140.5782 Z0.4005 E0.02133 F1080
G1 X95.5263 Y140.3031 Z0.4006 E0.02133 F1080
G1 X95.2394 Y140.0244 Z0.4007 E0.02133 F1080
G1 X94.9560 Y139.7421 Z0.4008 E0.02133 F1080
G1 X94.6763 Y139.4562 Z0.4009 E0.02133 F1080
G1 X94.4001 Y139.1668 Z0.4010 E0.02133 F1080
G1 X94.1277 Y138.8740 Z0.4011 E0.02133 F1080
G1 X93.8589 Y138.5777 Z0.4012 E0.02133 F1080
G1 X93.5939 Y138.2780 Z0.4013 E0.02133 F1080
G1 X93.3328 Y137.9751 Z0.4014 E0.02133 F1080
G1 X93.0754 Y137.6688 Z0.4015 E0.02133 F1080
G1 X92.8220 Y137.3594 Z0.4016 E0.02133 F1080
G1 X92.5725 Y137.0467 Z0.4017 E0.02133 F1080
G1 X92.3269 Y136.7309 Z0.4019 E0.02133 F1080
G1 X92.0854 Y136.4121 Z0.4020 E0.02133 F1080
G1 X91.8479 Y136.0902 Z0.4021 E0.02133 F1080
G1 X91.6145 Y135.7654 Z0.4022 E0.02133 F1080
G1 X91.3852 Y135.4376 Z0.4023 E0.02133 F1080
G1 X91.1600 Y135.1070 Z0.4024 E0.02133 F1080
G1 X90.9391 Y134.7735 Z0.4025 E0.02133 F1080
G1 X90.7224 Y134.4373 Z0.4026 E0.02133 F1080
G1 X90.5099 Y134.0984 Z0.4027 E0.02133 F1080
G1 X90.3018 Y133.7568 Z0.4028 E0.02133 F1080
G1 X90.0979 Y133.4127 Z0.4029 E0.02133 F1080
G1 X89.8985 Y133.0660 Z0.4030 E0.02133 F1080
G1 X89.7034 Y132.7167 Z0.4031 E0.02133 F1080
G1 X89.5127 Y132.3651 Z0.4033 E0.02133 F1080
G1 X89.3265 Y132.0111 Z0.4034 E0.02133 F1080
G1 X89.1448 Y131.6547 Z0.4035 E0.02133 F1080
G1 X88.9676 Y131.2961 Z0.4036 E0.02133 F1080
G1 X88.7949 Y130.9353 Z0.4037 E0.02133 F1080
G1 X88.6268 Y130.5723 Z0.4038 E0.02133 F1080
G1 X88.4633 Y130.2073 Z0.4039 E0.02133 F1080
G1 X88.3045 Y129.8402 Z0.4040 E0.02133 F1080
G1 X88.1502 Y129.4711 Z0.4041 E0.02133 F1080
G1 X88.0007 Y129.1001 Z0.4042 E0.02133 F1080
G1 X87.8558 Y128.7273 Z0.4043 E0.02133 F1080
G1 X87.7156 Y128.3526 Z0.4044 E0.02133 F1080
G1 X87.5802 Y127.9762 Z0.4045 E0.02133 F1080
G1 X87.4495 Y127.5982 Z0.4047 E0.02133 F1080
G1 X87.3237 Y127.2185 Z0.4048 E0.02133 F1080
G1 X87.2026 Y126.8373 Z0.4049 E0.02133 F1080
G1 X87.0863 Y126.4545 Z0.4050 E0.02133 F1080
G1 X86.9749 Y126.0703 Z0.4051 E0.02133 F1080
G1 X86.8683 Y125.6848 Z0.4052 E0.02133 F1080
G1 X86.7666 Y125.2979 Z0.4053 E0.02133 F1080
G1 X86.6698 Y124.9098 Z0.4054 E0.02133 F1080
G1 X86.5779 Y124.5205 Z0.4055 E0.02133 F1080
G1 X86.4910 Y124.1301 Z0.4056 E0.02133 F1080
G1 X86.4089 Y123.7386 Z0.4057 E0.02133 F1080
G1 X86.3318 Y123.3461 Z0.4059 E0.02133 F1080
G1 X86.2597 Y122.9526 Z0.4060 E0.02133 F1080
G1 X86.1925 Y122.5583 Z0.4061 E0.02133 F1080
G1 X86.1303 Y122.1632 Z0.4062 E0.02133 F1080
G1 X86.0731 Y121.7673 Z0.4063 E0.02133 F1080
G1 X86.0208 Y121.3707 Z0.4064 E0.02133 F1080
G1 X85.9736 Y120.9735 Z0.4065 E0.02133 F1080
G1 X85.9314 Y120.5757 Z0.4066 E0.02133 F1080
G1 X85.8943 Y120.1775 Z0.4067 E0.02133 F1080
G1 X85.8621 Y119.7787 Z0.4068 E0.02133 F1080
G1 X85.8350 Y119.3797 Z0.4069 E0.02133 F1080
G1 X85.8129 Y118.9803 Z0.4071 E0.02133 F1080
G1 X85.7959 Y118.5806 Z0.4072 E0.02133 F1080
G1 X85.7838 Y118.1808 Z0.4073 E0.02133 F1080
G1 X85.7769 Y117.7809 Z0.4074 E0.02133 F1080
G1 X85.7750 Y117.3809 Z0.4075 E0.02133 F1080
G1 X85.7781 Y116.9809 Z0.4076 E0.02133 F1080
G1 X85.7862 Y116.5809 Z0.4077 E0.02133 F1080
G1 X85.7994 Y116.1812 Z0.4078 E0.02133 F1080
G1 X85.8177 Y115.7816 Z0.4079 E0.02133 F1080
G1 X85.8410 Y115.3822 Z0.4080 E0.02133 F1080
G1 X85.8693 Y114.9832 Z0.4082 E0.02133 F1080
G1 X85.9026 Y114.5846 Z0.4083 E0.02133 F1080
G1 X85.9410 Y114.1865 Z0.4084 E0.02133 F1080
G1 X85.9844 Y113.7888 Z0.4085 E0.02133 F1080
G1 X86.0327 Y113.3918 Z0.4086 E0.02133 F1080
G1 X86.0861 Y112.9953 Z0.4087 E0.02133 F1080
G1 X86.1445 Y112.5996 Z0.4088 E0.02133 F1080
G1 X86.2079 Y112.2047 Z0.4089 E0.02133 F1080
G1 X86.2762 Y111.8105 Z0.4090 E0.02133 F1080
G1 X86.3495 Y111.4173 Z0.4091 E0.02133 F1080
G1 X86.4278 Y111.0250 Z0.4093 E0.02133 F1080
G1 X86.5109 Y110.6338 Z0.4094 E0.02133 F1080
G1 X86.5991 Y110.2436 Z0.4095 E0.02133 F1080
G1 X86.6921 Y109.8546 Z0.4096 E0.02133 F1080
G1 X86.7900 Y109.4667 Z0.4097 E0.02133 F1080
G1 X86.8928 Y109.0801 Z0.4098 E0.02133 F1080
G1 X87.0004 Y108.6949 Z0.4099 E0.02133 F1080
G1 X87.1129 Y108.3110 Z0.4100 E0.02133 F1080
G1 X87.2303 Y107.9286 Z0.4101 E0.02133 F1080
G1 X87.3524 Y107.5477 Z0.4103 E0.02133 F1080
G1 X87.4793 Y107.1684 Z0.4104 E0.02133 F1080
G1 X87.6110 Y106.7907 Z0.4105 E0.02133 F1080
G1 X87.7475 Y106.4147 Z0.4106 E0.02133 F1080
G1 X87.8886 Y106.0404 Z0.4107 E0.02133 F1080
G1 X88.0345 Y105.6680 Z0.4108 E0.02133 F1080
G1 X88.1851 Y105.2974 Z0.4109 E0.02133 F1080
G1 X88.3403 Y104.9287 Z0.4110 E0.02133 F1080
G1 X88.5001 Y104.5620 Z0.4111 E0.02133 F1080
G1 X88.6646 Y104.1974 Z0.4113 E0.02133 F1080
G1 X88.8336 Y103.8349 Z0.4114 E0.02133 F1080
G1 X89.0072 Y103.4745 Z0.4115 E0.02133 F1080
G1 X89.1853 Y103.1163 Z0.4116 E0.02133 F1080
G1 X89.3679 Y102.7604 Z0.4117 E0.02133 F1080
G1 X89.5550 Y102.4069 Z0.4118 E0.02133 F1080
G1 X89.7465 Y102.0557 Z0.4119 E0.02133 F1080
G1 X89.9424 Y101.7069 Z0.4120 E0.02133 F1080
G1 X90.1427 Y101.3607 Z0.4121 E0.02133 F1080
G1 X90.3473 Y101.0170 Z0.4123 E0.02133 F1080
G1 X90.5563 Y100.6759 Z0.4124 E0.02133 F1080
G1 X90.7695 Y100.3375 Z0.4125 E0.02133 F1080
G1 X90.9870 Y100.0018 Z0.4126 E0.02133 F1080
G1 X91.2087 Y99.6688 Z0.4127 E0.02133 F1080
G1 X91.4345 Y99.3387 Z0.4128 E0.02133 F1080
G1 X91.6645 Y99.0114 Z0.4129 E0.02133 F1080
G1 X91.8986 Y98.6871 Z0.4130 E0.02133 F1080
G1 X92.1368 Y98.3657 Z0.4132 E0.02133 F1080
G1 X92.3790 Y98.0473 Z0.4133 E0.02133 F1080
G1 X92.6252 Y97.7321 Z0.4134 E0.02133 F1080
G1 X92.8753 Y97.4199 Z0.4135 E0.02133 F1080
G1 X93.1293 Y97.1109 Z0.4136 E0.02133 F1080
G1 X93.3872 Y96.8052 Z0.4137 E0.02133 F1080
G1 X93.6490 Y96.5027 Z0.4138 E0.02133 F1080
G1 X93.9145 Y96.2035 Z0.4139 E0.02133 F1080
G1 X94.1838 Y95.9077 Z0.4141 E0.02133 F1080
G1 X94.4567 Y95.6153 Z0.4142 E0.02133 F1080
G1 X94.7334 Y95.3264 Z0.4143 E0.02133 F1080
G1 X95.0136 Y95.0410 Z0.4144 E0.02133 F1080
G1 X95.2974 Y94.7591 Z0.4145 E0.02133 F1080
G1 X95.5848 Y94.4808 Z0.4146 E0.02133 F1080
G1 X95.8756 Y94.2062 Z0.4147 E0.02133 F1080
G1 X96.1698 Y93.9352 Z0.4148 E0.02133 F1080
G1 X96.4675 Y93.6680 Z0.4150 E0.02133 F1080
G1 X96.7685 Y93.4045 Z0.4151 E0.02133 F1080
G1 X97.0727 Y93.1449 Z0.4152 E0.02133 F1080
G1 X97.3802 Y92.8891 Z0.4153 E0.02133 F1080
G1 X97.6909 Y92.6371 Z0.4154 E0.02133 F1080
G1 X98.0048 Y92.3891 Z0.4155 E0.02133 F1080
G1 X98.3217 Y92.1451 Z0.4156 E0.02133 F1080
G1 X98.6417 Y91.9051 Z0.4157 E0.02133 F1080
G1 X98.9647 Y91.6691 Z0.4159 E0.02133 F1080
G1 X99.2907 Y91.4372 Z0.4160 E0.02133 F1080
G1 X99.6195 Y91.2095 Z0.4161 E0.02133 F1080
G1 X99.9511 Y90.9859 Z0.4162 E0.02133 F1080
G1 X100.2856 Y90.7664 Z0.4163 E0.02133 F1080
G1 X100.6228 Y90.5512 Z0.4164 E0.02133 F1080
G1 X100.9626 Y90.3403 Z0.4165 E0.02133 F1080
G1 X101.3051 Y90.1336 Z0.4167 E0.02133 F1080
G1 X101.6502 Y89.9313 Z0.4168 E0.02133 F1080
G1 X101.9978 Y89.7334 Z0.4169 E0.02133 F1080
G1 X102.3478 Y89.5398 Z0.4170 E0.02133 F1080
G1 X102.7003 Y89.3506 Z0.4171 E0.02133 F1080
G1 X103.0551 Y89.1659 Z0.4172 E0.02133 F1080
G1 X103.4122 Y88.9857 Z0.4173 E0.02133 F1080
G1 X103.7715 Y88.8099 Z0.4175 E0.02133 F1080
G1 X104.1330 Y88.6387 Z0.4176 E0.02133 F1080
G1 X104.4967 Y88.4721 Z0.4177 E0.02133 F1080
G1 X104.8624 Y88.3100 Z0.4178 E0.02133 F1080
G1 X105.2301 Y88.1526 Z0.4179 E0.02133 F1080
G1 X105.5997 Y87.9998 Z0.4180 E0.02133 F1080
G1 X105.9713 Y87.8516 Z0.4181 E0.02133 F1080
G1 X106.3447 Y87.7082 Z0.4183 E0.02133 F1080
G1 X106.7199 Y87.5694 Z0.4184 E0.02133 F1080
G1 X107.0967 Y87.4354 Z0.4185 E0.02133 F1080
G1 X107.4753 Y87.3061 Z0.4186 E0.02133 F1080
G1 X107.8554 Y87.1816 Z0.4187 E0.02133 F1080
G1 X108.2371 Y87.0619 Z0.4188 E0.02133 F1080
G1 X108.6202 Y86.9470 Z0.4189 E0.02133 F1080
G1 X109.0048 Y86.8369 Z0.4191 E0.02133 F1080
G1 X109.3907 Y86.7317 Z0.4192 E0.02133 F1080
G1 X109.7779 Y86.6313 Z0.4193 E0.02133 F1080
G1 X110.1663 Y86.5358 Z0.4194 E0.02133 F1080
G1 X110.5559 Y86.4452 Z0.4195 E0.02133 F1080
G1 X110.9467 Y86.3594 Z0.4196 E0.02133 F1080
G1 X111.3384 Y86.2786 Z0.4197 E0.02133 F1080
G1 X111.7312 Y86.2028 Z0.4199 E0.02133 F1080
G1 X112.1248 Y86.1319 Z0.4200 E0.02133 F1080
G1 X112.5193 Y86.0659 Z0.4201 E0.02133 F1080
G1 X112.9147 Y86.0049 Z0.4202 E0.02133 F1080
G1 X113.3107 Y85.9489 Z0.4203 E0.02133 F1080
G1 X113.7075 Y85.8978 Z0.4204 E0.02133 F1080
G1 X114.1048 Y85.8517 Z0.4205 E0.02133 F1080
G1 X114.5027 Y85.8107 Z0.4207 E0.02133 F1080
G1 X114.9011 Y85.7746 Z0.4208 E0.02133 F1080
G1 X115.2999 Y85.7436 Z0.4209 E0.02133 F1080
G1 X115.6990 Y85.7175 Z0.4210 E0.02133 F1080
G1 X116.0985 Y85.6965 Z0.4211 E0.02133 F1080
G1 X116.4982 Y85.6805 Z0.4212 E0.02133 F1080
G1 X116.8980 Y85.6695 Z0.4214 E0.02133 F1080
G1 X117.2980 Y85.6636 Z0.4215 E0.02133 F1080
G1 X117.6980 Y85.6627 Z0.4216 E0.02133 F1080
G1 X118.0980 Y85.6668 Z0.4217 E0.02133 F1080
G1 X118.4979 Y85.6759 Z0.4218 E0.02133 F1080
G1 X118.8976 Y85.6900 Z0.4219 E0.02133 F1080
G1 X119.2972 Y85.7092 Z0.4221 E0.02133 F1080
G1 X119.6964 Y85.7334 Z0.4222 E0.02133 F1080
G1 X120.0954 Y85.7626 Z0.4223 E0.02133 F1080
G1 X120.4939 Y85.7968 Z0.4224 E0.02133 F1080
G1 X120.8920 Y85.8360 Z0.4225 E0.02133 F1080
G1 X121.2895 Y85.8802 Z0.4226 E0.02133 F1080
G1 X121.6865 Y85.9294 Z0.4227 E0.02133 F1080
G1 X122.0828 Y85.9836 Z0.4229 E0.02133 F1080
G1 X122.4784 Y86.0428 Z0.4230 E0.02133 F1080
G1 X122.8733 Y86.1069 Z0.4231 E0.02133 F1080
G1 X123.2673 Y86.1760 Z0.4232 E0.02133 F1080
G1 X123.6604 Y86.2500 Z0.4233 E0.02133 F1080
G1 X124.0525 Y86.3289 Z0.4234 E0.02133 F1080
G1 X124.4436 Y86.4128 Z0.4236 E0.02133 F1080
G1 X124.8336 Y86.5015 Z0.4237 E0.02133 F1080
G1 X125.2225 Y86.5952 Z0.4238 E0.02133 F1080
G1 X125.6102 Y86.6937 Z0.4239 E0.02133 F1080
G1 X125.9966 Y86.7971 Z0.4240 E0.02133 F1080
G1 X126.3817 Y86.9054 Z0.4241 E0.02133 F1080
G1 X126.7654 Y87.0184 Z0.4243 E0.02133 F1080
G1 X127.1476 Y87.1363 Z0.4244 E0.02133 F1080
G1 X127.5284 Y87.2590 Z0.4245 E0.02133 F1080
G1 X127.9075 Y87.3864 Z0.4246 E0.02133 F1080
G1 X128.2850 Y87.5186 Z0.4247 E0.02133 F1080
G1 X128.6609 Y87.6555 Z0.4248 E0.02133 F1080
G1 X129.0350 Y87.7971 Z0.4250 E0.02133 F1080
G1 X129.4073 Y87.9434 Z0.4251 E0.02133 F1080
G1 X129.7777 Y88.0944 Z0.4252 E0.02133 F1080
G1 X130.1462 Y88.2500 Z0.4253 E0.02133 F1080
G1 X130.5127 Y88.4102 Z0.4254 E0.02133 F1080
G1 X130.8772 Y88.5750 Z0.4256 E0.02133 F1080
G1 X131.2396 Y88.7444 Z0.4257 E0.02133 F1080
G1 X131.5998 Y88.9183 Z0.4258 E0.02133 F1080
G1 X131.9578 Y89.0967 Z0.4259 E0.02133 F1080
G1 X132.3135 Y89.2796 Z0.4260 E0.02133 F1080
G1 X132.6670 Y89.4669 Z0.4261 E0.02133 F1080
G1 X133.0180 Y89.6587 Z0.4263 E0.02133 F1080
G1 X133.3666 Y89.8548 Z0.4264 E0.02133 F1080
G1 X133.7127 Y90.0554 Z0.4265 E0.02133 F1080
G1 X134.0563 Y90.2602 Z0.4266 E0.02133 F1080
G1 X134.3973 Y90.4693 Z0.4267 E0.02133 F1080
G1 X134.7356 Y90.6827 Z0.4268 E0.02133 F1080
G1 X135.0712 Y90.9003 Z0.4270 E0.02133 F1080
G1 X135.4041 Y91.1222 Z0.4271 E0.02133 F1080
G1 X135.7342 Y91.3481 Z0.4272 E0.02133 F1080
G1 X136.0614 Y91.5782 Z0.4273 E0.02133 F1080
G1 X136.3857 Y91.8124 Z0.4274 E0.02133 F1080
G1 X136.7070 Y92.0507 Z0.4276 E0.02133 F1080
G1 X137.0253 Y92.2929 Z0.4277 E0.02133 F1080
G1 X137.3405 Y92.5391 Z0.4278 E0.02133 F1080
G1 X137.6527 Y92.7893 Z0.4279 E0.02133 F1080
G1 X137.9616 Y93.0433 Z0.4280 E0.02133 F1080
G1 X138.2674 Y93.3012 Z0.4281 E0.02133 F1080
G1 X138.5699 Y93.5630 Z0.4283 E0.02133 F1080
G1 X138.8691 Y93.8285 Z0.4284 E0.02133 F1080
G1 X139.1649 Y94.0977 Z0.4285 E0.02133 F1080
G1 X139.4573 Y94.3706 Z0.4286 E0.02133 F1080
G1 X139.7463 Y94.6472 Z0.4287 E0.02133 F1080
G1 X140.0318 Y94.9274 Z0.4289 E0.02133 F1080
G1 X140.3138 Y95.2111 Z0.4290 E0.02133 F1080
G1 X140.5922 Y95.4983 Z0.4291 E0.02133 F1080
G1 X140.8669 Y95.7890 Z0.4292 E0.02133 F1080
G1 X141.1380 Y96.0832 Z0.4293 E0.02133 F1080
G1 X141.4054 Y96.3807 Z0.4294 E0.02133 F1080
G1 X141.6690 Y96.6815 Z0.4296 E0.02133 F1080
G1 X141.9288 Y96.9856 Z0.4297 E0.02133 F1080
G1 X142.1848 Y97.2930 Z0.4298 E0.02133 F1080
G1 X142.4370 Y97.6035 Z0.4299 E0.02133 F1080
G1 X142.6852 Y97.9172 Z0.4300 E0.02133 F1080
G1 X142.9295 Y98.2340 Z0.4302 E0.02133 F1080
G1 X143.1697 Y98.5538 Z0.4303 E0.02133 F1080
G1 X143.4060 Y98.8765 Z0.4304 E0.02133 F1080
G1 X143.6381 Y99.2023 Z0.4305 E0.02133 F1080
G1 X143.8662 Y99.5309 Z0.4306 E0.02133 F1080
G1 X144.0902 Y99.8623 Z0.4308 E0.02133 F1080
G1 X144.3099 Y100.1966 Z0.4309 E0.02133 F1080
G1 X144.5255 Y100.5335 Z0.4310 E0.02133 F1080
G1 X144.7368 Y100.8731 Z0.4311 E0.02133 F1080
G1 X144.9438 Y101.2154 Z0.4312 E0.02133 F1080
G1 X145.1466 Y101.5602 Z0.4314 E0.02133 F1080
G1 X145.3450 Y101.9075 Z0.4315 E0.02133 F1080
G1 X145.5390 Y102.2573 Z0.4316 E0.02133 F1080
G1 X145.7286 Y102.6095 Z0.4317 E0.02133 F1080
G1 X145.9138 Y102.9641 Z0.4318 E0.02133 F1080
G1 X146.0946 Y103.3209 Z0.4320 E0.02133 F1080
G1 X146.2708 Y103.6800 Z0.4321 E0.02133 F1080
G1 X146.4426 Y104.0413 Z0.4322 E0.02133 F1080
G1 X146.6098 Y104.4046 Z0.4323 E0.02133 F1080
G1 X146.7724 Y104.7701 Z0.4324 E0.02133 F1080
G1 X146.9305 Y105.1375 Z0.4326 E0.02133 F1080
G1 X147.0839 Y105.5070 Z0.4327 E0.02133 F1080
G1 X147.2327 Y105.8783 Z0.4328 E0.02133 F1080
G1 X147.3768 Y106.2514 Z0.4329 E0.02133 F1080
G1 X147.5163 Y106.6263 Z0.4330 E0.02133 F1080
G1 X147.6510 Y107.0029 Z0.4332 E0.02133 F1080
G1 X147.7810 Y107.3812 Z0.4333 E0.02133 F1080
G1 X147.9062 Y107.7611 Z0.4334 E0.02133 F1080
G1 X148.0267 Y108.1425 Z0.4335 E0.02133 F1080
G1 X148.1424 Y108.5255 Z0.4336 E0.02133 F1080
G1 X148.2533 Y108.9098 Z0.4338 E0.02133 F1080
G1 X148.3593 Y109.2955 Z0.4339 E0.02133 F1080
G1 X148.4606 Y109.6825 Z0.4340 E0.02133 F1080
G1 X148.5569 Y110.0707 Z0.4341 E0.02133 F1080
G1 X148.6484 Y110.4601 Z0.4342 E0.02133 F1080
G1 X148.7350 Y110.8506 Z0.4344 E0.02133 F1080
G1 X148.8168 Y111.2422 Z0.4345 E0.02133 F1080
G1 X148.8936 Y111.6347 Z0.4346 E0.02133 F1080
G1 X148.9654 Y112.0282 Z0.4347 E0.02133 F1080
G1 X149.0324 Y112.4226 Z0.4348 E0.02133 F1080
G1 X149.0944 Y112.8177 Z0.4350 E0.02133 F1080
G1 X149.1514 Y113.2137 Z0.4351 E0.02133 F1080
G1 X149.2035 Y113.6103 Z0.4352 E0.02133 F1080
G1 X149.2506 Y114.0075 Z0.4353 E0.02133 F1080
G1 X149.2928 Y114.4053 Z0.4354 E0.02133 F1080
G1 X149.3299 Y114.8035 Z0.4356 E0.02133 F1080
G1 X149.3621 Y115.2022 Z0.4357 E0.02133 F1080
G1 X149.3893 Y115.6013 Z0.4358 E0.02133 F1080
G1 X149.4114 Y116.0007 Z0.4359 E0.02133 F1080
G1 X149.4286 Y116.4003 Z0.4361 E0.02133 F1080
G1 X149.4408 Y116.8002 Z0.4362 E0.02133 F1080
G1 X149.4479 Y117.2001 Z0.4363 E0.02133 F1080
G1 X149.4501 Y117.6001 Z0.4364 E0.02133 F1080
G1 X149.4472 Y118.0001 Z0.4365 E0.02133 F1080
G1 X149.4393 Y118.4000 Z0.4367 E0.02133 F1080
G1 X149.4265 Y118.7998 Z0.4368 E0.02133 F1080
G1 X149.4086 Y119.1994 Z0.4369 E0.02133 F1080
G1 X149.3857 Y119.5988 Z0.4370 E0.02133 F1080
G1 X149.3578 Y119.9978 Z0.4371 E0.02133 F1080
G1 X149.3250 Y120.3965 Z0.4373 E0.02133 F1080
G1 X149.2871 Y120.7947 Z0.4374 E0.02133 F1080
G1 X149.2443 Y121.1924 Z0.4375 E0.02133 F1080
G1 X149.1965 Y121.5895 Z0.4376 E0.02133 F1080
G1 X149.1437 Y121.9860 Z0.4378 E0.02133 F1080
G1 X149.0859 Y122.3818 Z0.4379 E0.02133 F1080
G1 X149.0233 Y122.7769 Z0.4380 E0.02133 F1080
G1 X148.9556 Y123.1711 Z0.4381 E0.02133 F1080
G1 X148.8831 Y123.5645 Z0.4382 E0.02133 F1080
G1 X148.8056 Y123.9569 Z0.4384 E0.02133 F1080
G1 X148.7232 Y124.3484 Z0.4385 E0.02133 F1080
G1 X148.6360 Y124.7387 Z0.4386 E0.02133 F1080
G1 X148.5438 Y125.1280 Z0.4387 E0.02133 F1080
G1 X148.4468 Y125.5160 Z0.4389 E0.02133 F1080
G1 X148.3450 Y125.9029 Z0.4390 E0.02133 F1080
G1 X148.2383 Y126.2884 Z0.4391 E0.02133 F1080
G1 X148.1268 Y126.6725 Z0.4392 E0.02133 F1080
G1 X148.0105 Y127.0552 Z0.4393 E0.02133 F1080
G1 X147.8894 Y127.4365 Z0.4395 E0.02133 F1080
G1 X147.7636 Y127.8162 Z0.4396 E0.02133 F1080
G1 X147.6330 Y128.1943 Z0.4397 E0.02133 F1080
G1 X147.4977 Y128.5707 Z0.4398 E0.02133 F1080
G1 X147.3577 Y128.9454 Z0.4400 E0.02133 F1080
G1 X147.2130 Y129.3183 Z0.4401 E0.02133 F1080
G1 X147.0637 Y129.6894 Z0.4402 E0.02133 F1080
G1 X146.9097 Y130.0586 Z0.4403 E0.02133 F1080
G1 X146.7512 Y130.4258 Z0.4405 E0.02133 F1080
G1 X146.5880 Y130.7911 Z0.4406 E0.02133 F1080
G1 X146.4203 Y131.1542 Z0.4407 E0.02133 F1080
G1 X146.2481 Y131.5152 Z0.4408 E0.02133 F1080
G1 X146.0714 Y131.8741 Z0.4409 E0.02133 F1080
G1 X145.8902 Y132.2307 Z0.4411 E0.02133 F1080
G1 X145.7045 Y132.5850 Z0.4412 E0.02133 F1080
G1 X145.5144 Y132.9370 Z0.4413 E0.02133 F1080
G1 X145.3200 Y133.2865 Z0.4414 E0.02133 F1080
G1 X145.1212 Y133.6336 Z0.4416 E0.02133 F1080
G1 X144.9180 Y133.9782 Z0.4417 E0.02133 F1080
G1 X144.7106 Y134.3202 Z0.4418 E0.02133 F1080
G1 X144.4989 Y134.6596 Z0.4419 E0.02133 F1080
G1 X144.2830 Y134.9964 Z0.4421 E0.02133 F1080
G1 X144.0629 Y135.3304 Z0.4422 E0.02133 F1080
G1 X143.8386 Y135.6616 Z0.4423 E0.02133 F1080
G1 X143.6103 Y135.9900 Z0.4424 E0.02133 F1080
G1 X143.3778 Y136.3155 Z0.4425 E0.02133 F1080
G1 X143.1413 Y136.6381 Z0.4427 E0.02133 F1080
G1 X142.9007 Y136.9577 Z0.4428 E0.02133 F1080
G1 X142.6562 Y137.2742 Z0.4429 E0.02133 F1080
G1 X142.4077 Y137.5877 Z0.4430 E0.02133 F1080
G1 X142.1554 Y137.8981 Z0.4432 E0.02133 F1080
G1 X141.8992 Y138.2052 Z0.4433 E0.02133 F1080
G1 X141.6391 Y138.5092 Z0.4434 E0.02133 F1080
G1 X141.3753 Y138.8099 Z0.4435 E0.02133 F1080
G1 X141.1078 Y139.1072 Z0.4437 E0.02133 F1080
G1 X140.8365 Y139.4012 Z0.4438 E0.02133 F1080
G1 X140.5616 Y139.6918 Z0.4439 E0.02133 F1080
G1 X140.2831 Y139.9789 Z0.4440 E0.02133 F1080
G1 X140.0010 Y140.2625 Z0.4442 E0.02133 F1080
G1 X139.7154 Y140.5426 Z0.4443 E0.02133 F1080
G1 X139.4263 Y140.8190 Z0.4444 E0.02133 F1080
G1 X139.1338 Y141.0919 Z0.4445 E0.02133 F1080
G1 X138.8379 Y141.3610 Z0.4447 E0.02133 F1080
G1 X138.5387 Y141.6265 Z0.4448 E0.02133 F1080
G1 X138.2362 Y141.8882 Z0.4449 E0.02133 F1080
G1 X137.9304 Y142.1460 Z0.4450 E0.02133 F1080
G1 X137.6214 Y142.4001 Z0.4452 E0.02133 F1080
G1 X137.3093 Y142.6502 Z0.4453 E0.02133 F1080
G1 X136.9941 Y142.8965 Z0.4454 E0.02133 F1080
G1 X136.6758 Y143.1388 Z0.4455 E0.02133 F1080
G1 X136.3545 Y143.3771 Z0.4457 E0.02133 F1080
G1 X136.0303 Y143.6113 Z0.4458 E0.02133 F1080
G1 X135.7031 Y143.8415 Z0.4459 E0.02133 F1080
G1 X135.3731 Y144.0676 Z0.4460 E0.02133 F1080
G1 X135.0404 Y144.2895 Z0.4462 E0.02133 F1080
G1 X134.7048 Y144.5073 Z0.4463 E0.02133 F1080
G1 X134.3666 Y144.7209 Z0.4464 E0.02133 F1080
G1 X134.0257 Y144.9302 Z0.4465 E0.02133 F1080
G1 X133.6823 Y145.1352 Z0.4467 E0.02133 F1080
G1 X133.3363 Y145.3360 Z0.4468 E0.02133 F1080
G1 X132.9878 Y145.5324 Z0.4469 E0.02133 F1080
G1 X132.6370 Y145.7244 Z0.4470 E0.02133 F1080
G1 X132.2837 Y145.9120 Z0.4472 E0.02133 F1080
G1 X131.9281 Y146.0953 Z0.4473 E0.02133 F1080
G1 X131.5703 Y146.2740 Z0.4474 E0.02133 F1080
G1 X131.2102 Y146.4483 Z0.4475 E0.02133 F1080
G1 X130.8480 Y146.6181 Z0.4477 E0.02133 F1080
G1 X130.4837 Y146.7833 Z0.4478 E0.02133 F1080
G1 X130.1174 Y146.9439 Z0.4479 E0.02133 F1080
G1 X129.7491 Y147.1000 Z0.4480 E0.02133 F1080
G1 X129.3789 Y147.2515 Z0.4482 E0.02133 F1080
G1 X129.0068 Y147.3983 Z0.4483 E0.02133 F1080
G1 X128.6330 Y147.5405 Z0.4484 E0.02133 F1080
G1 X128.2573 Y147.6780 Z0.4485 E0.02133 F1080
G1 X127.8800 Y147.8108 Z0.4487 E0.02133 F1080
G1 X127.5011 Y147.9389 Z0.4488 E0.02133 F1080
G1 X127.1205 Y148.0622 Z0.4489 E0.02133 F1080
G1 X126.7385 Y148.1808 Z0.4490 E0.02133 F1080
G1 X126.3550 Y148.2946 Z0.4492 E0.02133 F1080
G1 X125.9702 Y148.4036 Z0.4493 E0.02133 F1080
G1 X125.5840 Y148.5078 Z0.4494 E0.02133 F1080
G1 X125.1965 Y148.6071 Z0.4495 E0.02133 F1080
G1 X124.8078 Y148.7017 Z0.4497 E0.02133 F1080
G1 X124.4180 Y148.7913 Z0.4498 E0.02133 F1080
G1 X124.0271 Y148.8761 Z0.4499 E0.02133 F1080
G1 X123.6352 Y148.9560 Z0.4501 E0.02133 F1080
G1 X123.2422 Y149.0310 Z0.4502 E0.02133 F1080
G1 X122.8484 Y149.1011 Z0.4503 E0.02133 F1080
G1 X122.4538 Y149.1663 Z0.4504 E0.02133 F1080
G1 X122.0583 Y149.2265 Z0.4506 E0.02133 F1080
G1 X121.6622 Y149.2818 Z0.4507 E0.02133 F1080
G1 X121.2653 Y149.3321 Z0.4508 E0.02133 F1080
G1 X120.8679 Y149.3775 Z0.4509 E0.02133 F1080
G1 X120.4700 Y149.4180 Z0.4511 E0.02133 F1080
G1 X120.0715 Y149.4534 Z0.4512 E0.02133 F1080
G1 X119.6727 Y149.4839 Z0.4513 E0.02133 F1080
G1 X119.2735 Y149.5094 Z0.4514 E0.02133 F1080
G1 X118.8740 Y149.5300 Z0.4516 E0.02133 F1080
G1 X118.4743 Y149.5455 Z0.4517 E0.02133 F1080
G1 X118.0745 Y149.5561 Z0.4518 E0.02133 F1080
G1 X117.6745 Y149.5616 Z0.4520 E0.02133 F1080
G1 X117.2745 Y149.5622 Z0.4521 E0.02133 F1080
G1 X116.8745 Y149.5578 Z0.4522 E0.02133 F1080
G1 X116.4746 Y149.5484 Z0.4523 E0.02133 F1080
G1 X116.0749 Y149.5340 Z0.4525 E0.02133 F1080
G1 X115.6753 Y149.5146 Z0.4526 E0.02133 F1080
G1 X115.2761 Y149.4903 Z0.4527 E0.02133 F1080
G1 X114.8772 Y149.4609 Z0.4528 E0.02133 F1080
G1 X114.4786 Y149.4266 Z0.4530 E0.02133 F1080
G1 X114.0806 Y149.3873 Z0.4531 E0.02133 F1080
G1 X113.6830 Y149.3431 Z0.4532 E0.02133 F1080
G1 X113.2860 Y149.2939 Z0.4534 E0.02133 F1080
G1 X112.8897 Y149.2398 Z0.4535 E0.02133 F1080
G1 X112.4941 Y149.1807 Z0.4536 E0.02133 F1080
G1 X112.0993 Y149.1167 Z0.4537 E0.02133 F1080
G1 X111.7052 Y149.0477 Z0.4539 E0.02133 F1080
G1 X111.3121 Y148.9739 Z0.4540 E0.02133 F1080
G1 X110.9199 Y148.8952 Z0.4541 E0.02133 F1080
G1 X110.5288 Y148.8115 Z0.4542 E0.02133 F1080
G1 X110.1387 Y148.7230 Z0.4544 E0.02133 F1080
G1 X109.7497 Y148.6297 Z0.4545 E0.02133 F1080
G1 X109.3619 Y148.5315 Z0.4546 E0.02133 F1080
G1 X108.9754 Y148.4285 Z0.4548 E0.02133 F1080
G1 X108.5902 Y148.3207 Z0.4549 E0.02133 F1080
G1 X108.2064 Y148.2080 Z0.4550 E0.02133 F1080
G1 X107.8240 Y148.0906 Z0.4551 E0.02133 F1080
G1 X107.4431 Y147.9685 Z0.4553 E0.02133 F1080
G1 X107.0638 Y147.8416 Z0.4554 E0.02133 F1080
G1 X106.6861 Y147.7100 Z0.4555 E0.02133 F1080
G1 X106.3100 Y147.5736 Z0.4557 E0.02133 F1080
G1 X105.9357 Y147.4327 Z0.4558 E0.02133 F1080
G1 X105.5631 Y147.2870 Z0.4559 E0.02133 F1080
G1 X105.1924 Y147.1367 Z0.4560 E0.02133 F1080
G1 X104.8236 Y146.9818 Z0.4562 E0.02133 F1080
G1 X104.4568 Y146.8224 Z0.4563 E0.02133 F1080
G1 X104.0920 Y146.6583 Z0.4564 E0.02133 F1080
G1 X103.7292 Y146.4898 Z0.4566 E0.02133 F1080
G1 X103.3686 Y146.3167 Z0.4567 E0.02133 F1080
G1 X103.0101 Y146.1391 Z0.4568 E0.02133 F1080
G1 X102.6539 Y145.9571 Z0.4569 E0.02133 F1080
G1 X102.3000 Y145.7707 Z0.4571 E0.02133 F1080
G1 X101.9485 Y145.5799 Z0.4572 E0.02133 F1080
G1 X101.5994 Y145.3847 Z0.4573 E0.02133 F1080
G1 X101.2527 Y145.1851 Z0.4575 E0.02133 F1080
G1 X100.9085 Y144.9813 Z0.4576 E0.02133 F1080
G1 X100.5669 Y144.7732 Z0.4577 E0.02133 F1080
G1 X100.2279 Y144.5608 Z0.4578 E0.02133 F1080
G1 X99.8916 Y144.3443 Z0.4580 E0.02133 F1080
G1 X99.5580 Y144.1236 Z0.4581 E0.02133 F1080
G1 X99.2272 Y143.8987 Z0.4582 E0.02133 F1080
G1 X98.8992 Y143.6697 Z0.4584 E0.02133 F1080
G1 X98.5741 Y143.4367 Z0.4585 E0.02133 F1080
G1 X98.2519 Y143.1996 Z0.4586 E0.02133 F1080
G1 X97.9327 Y142.9585 Z0.4587 E0.02133 F1080
G1 X97.6165 Y142.7135 Z0.4589 E0.02133 F1080
G1 X97.3034 Y142.4646 Z0.4590 E0.02133 F1080
G1 X96.9935 Y142.2117 Z0.4591 E0.02133 F1080
G1 X96.6867 Y141.9551 Z0.4593 E0.02133 F1080
G1 X96.3831 Y141.6946 Z0.4594 E0.02133 F1080
G1 X96.0828 Y141.4304 Z0.4595 E0.02133 F1080
G1 X95.7858 Y141.1624 Z0.4597 E0.02133 F1080
G1 X95.4922 Y140.8908 Z0.4598 E0.02133 F1080
G1 X95.2019 Y140.6155 Z0.4599 E0.02133 F1080
G1 X94.9152 Y140.3367 Z0.4600 E0.02133 F1080
G1 X94.6319 Y140.0543 Z0.4602 E0.02133 F1080
G1 X94.3521 Y139.7683 Z0.4603 E0.02133 F1080
G1 X94.0760 Y139.4790 Z0.4604 E0.02133 F1080
G1 X93.8034 Y139.1862 Z0.4606 E0.02133 F1080
G1 X93.5346 Y138.8900 Z0.4607 E0.02133 F1080
G1 X93.2694 Y138.5905 Z0.4608 E0.02133 F1080
G1 X93.0080 Y138.2878 Z0.4610 E0.02133 F1080
G1 X92.7504 Y137.9818 Z0.4611 E0.02133 F1080
G1 X92.4966 Y137.6726 Z0.4612 E0.02133 F1080
G1 X92.2467 Y137.3603 Z0.4613 E0.02133 F1080
G1 X92.0006 Y137.0449 Z0.4615 E0.02133 F1080
G1 X91.7586 Y136.7264 Z0.4616 E0.02133 F1080
G1 X91.5205 Y136.4050 Z0.4617 E0.02133 F1080
G1 X91.2864 Y136.0806 Z0.4619 E0.02133 F1080
G1 X91.0564 Y135.7534 Z0.4620 E0.02133 F1080
G1 X90.8305 Y135.4233 Z0.4621 E0.02133 F1080
G1 X90.6087 Y135.0904 Z0.4623 E0.02133 F1080
G1 X90.3911 Y134.7548 Z0.4624 E0.02133 F1080
G1 X90.1776 Y134.4164 Z0.4625 E0.02133 F1080
G1 X89.9684 Y134.0755 Z0.4626 E0.02133 F1080
G1 X89.7635 Y133.7320 Z0.4628 E0.02133 F1080
G1 X89.5628 Y133.3860 Z0.4629 E0.02133 F1080
G1 X89.3665 Y133.0375 Z0.4630 E0.02133 F1080
G1 X89.1745 Y132.6865 Z0.4632 E0.02133 F1080
G1 X88.9869 Y132.3333 Z0.4633 E0.02133 F1080
G1 X88.8037 Y131.9777 Z0.4634 E0.02133 F1080
G1 X88.6250 Y131.6198 Z0.4636 E0.02133 F1080
G1 X88.4507 Y131.2598 Z0.4637 E0.02133 F1080
G1 X88.2809 Y130.8976 Z0.4638 E0.02133 F1080
G1 X88.1157 Y130.5333 Z0.4640 E0.02133 F1080
G1 X87.9549 Y130.1670 Z0.4641 E0.02133 F1080
G1 X87.7988 Y129.7988 Z0.4642 E0.02133 F1080
G1 X87.6472 Y129.4286 Z0.4643 E0.02133 F1080
G1 X87.5003 Y129.0566 Z0.4645 E0.02133 F1080
G1 X87.3580 Y128.6827 Z0.4646 E0.02133 F1080
G1 X87.2204 Y128.3071 Z0.4647 E0.02133 F1080
G1 X87.0874 Y127.9299 Z0.4649 E0.02133 F1080
G1 X86.9591 Y127.5510 Z0.4650 E0.02133 F1080
G1 X86.8356 Y127.1705 Z0.4651 E0.02133 F1080
G1 X86.7168 Y126.7886 Z0.4653 E0.02133 F1080
G1 X86.6028 Y126.4052 Z0.4654 E0.02133 F1080
G1 X86.4936 Y126.0204 Z0.4655 E0.02133 F1080
G1 X86.3891 Y125.6342 Z0.4657 E0.02133 F1080
G1 X86.2895 Y125.2468 Z0.4658 E0.02133 F1080
G1 X86.1947 Y124.8582 Z0.4659 E0.02133 F1080
G1 X86.1047 Y124.4685 Z0.4661 E0.02133 F1080
G1 X86.0196 Y124.0776 Z0.4662 E0.02133 F1080
G1 X85.9393 Y123.6858 Z0.4663 E0.02133 F1080
G1 X85.8640 Y123.2929 Z0.4665 E0.02133 F1080
G1 X85.7935 Y122.8992 Z0.4666 E0.02133 F1080
G1 X85.7279 Y122.5046 Z0.4667 E0.02133 F1080
G1 X85.6673 Y122.1092 Z0.4668 E0.02133 F1080
G1 X85.6115 Y121.7131 Z0.4670 E0.02133 F1080
G1 X85.5607 Y121.3164 Z0.4671 E0.02133 F1080
G1 X85.5148 Y120.9190 Z0.4672 E0.02133 F1080
G1 X85.4739 Y120.5211 Z0.4674 E0.02133 F1080
G1 X85.4379 Y120.1227 Z0.4675 E0.02133 F1080
G1 X85.4069 Y119.7239 Z0.4676 E0.02133 F1080
G1 X85.3809 Y119.3247 Z0.4678 E0.02133 F1080
G1 X85.3598 Y118.9253 Z0.4679 E0.02133 F1080
G1 X85.3436 Y118.5256 Z0.4680 E0.02133 F1080
G1 X85.3325 Y118.1258 Z0.4682 E0.02133 F1080
G1 X85.3263 Y117.7258 Z0.4683 E0.02133 F1080
G1 X85.3251 Y117.3258 Z0.4684 E0.02133 F1080
G1 X85.3288 Y116.9258 Z0.4686 E0.02133 F1080
G1 X85.3376 Y116.5259 Z0.4687 E0.02133 F1080
G1 X85.3513 Y116.1261 Z0.4688 E0.02133 F1080
G1 X85.3700 Y115.7266 Z0.4690 E0.02133 F1080
G1 X85.3936 Y115.3273 Z0.4691 E0.02133 F1080
G1 X85.4222 Y114.9283 Z0.4692 E0.02133 F1080
G1 X85.4557 Y114.5297 Z0.4694 E0.02133 F1080
G1 X85.4943 Y114.1316 Z0.4695 E0.02133 F1080
G1 X85.5377 Y113.7339 Z0.4696 E0.02133 F1080
G1 X85.5861 Y113.3369 Z0.4698 E0.02133 F1080
G1 X85.6394 Y112.9404 Z0.4699 E0.02133 F1080
G1 X85.6977 Y112.5447 Z0.4700 E0.02133 F1080
G1 X85.7608 Y112.1497 Z0.4702 E0.02133 F1080
G1 X85.8289 Y111.7555 Z0.4703 E0.02133 F1080
G1 X85.9019 Y111.3622 Z0.4704 E0.02133 F1080
G1 X85.9797 Y110.9699 Z0.4706 E0.02133 F1080
G1 X86.0624 Y110.5785 Z0.4707 E0.02133 F1080
G1 X86.1500 Y110.1882 Z0.4708 E0.02133 F1080
G1 X86.2424 Y109.7990 Z0.4710 E0.02133 F1080
G1 X86.3396 Y109.4110 Z0.4711 E0.02133 F1080
G1 X86.4417 Y109.0243 Z0.4712 E0.02133 F1080
G1 X86.5485 Y108.6388 Z0.4714 E0.02133 F1080
G1 X86.6601 Y108.2547 Z0.4715 E0.02133 F1080
G1 X86.7765 Y107.8720 Z0.4716 E0.02133 F1080
G1 X86.8977 Y107.4908 Z0.4718 E0.02133 F1080
G1 X87.0235 Y107.1111 Z0.4719 E0.02133 F1080
G1 X87.1541 Y106.7330 Z0.4720 E0.02133 F1080
G1 X87.2894 Y106.3565 Z0.4722 E0.02133 F1080
G1 X87.4293 Y105.9818 Z0.4723 E0.02133 F1080
G1 X87.5738 Y105.6088 Z0.4724 E0.02133 F1080
G1 X87.7230 Y105.2377 Z0.4726 E0.02133 F1080
G1 X87.8768 Y104.8684 Z0.4727 E0.02133 F1080
G1 X88.0352 Y104.5011 Z0.4728 E0.02133 F1080
G1 X88.1981 Y104.1358 Z0.4730 E0.02133 F1080
G1 X88.3655 Y103.7725 Z0.4731 E0.02133 F1080
G1 X88.5375 Y103.4113 Z0.4732 E0.02133 F1080
G1 X88.7139 Y103.0523 Z0.4734 E0.02133 F1080
G1 X88.8947 Y102.6956 Z0.4735 E0.02133 F1080
G1 X89.0800 Y102.3410 Z0.4736 E0.02133 F1080
G1 X89.2697 Y101.9889 Z0.4738 E0.02133 F1080
G1 X89.4637 Y101.6391 Z0.4739 E0.02133 F1080
G1 X89.6620 Y101.2917 Z0.4740 E0.02133 F1080
G1 X89.8647 Y100.9468 Z0.4742 E0.02133 F1080
G1 X90.0716 Y100.6045 Z0.4743 E0.02133 F1080
G1 X90.2827 Y100.2648 Z0.4744 E0.02133 F1080
G1 X90.4981 Y99.9277 Z0.4746 E0.02133 F1080
G1 X90.7176 Y99.5933 Z0.4747 E0.02133 F1080
G1 X90.9412 Y99.2616 Z0.4748 E0.02133 F1080
G1 X91.1690 Y98.9328 Z0.4750 E0.02133 F1080
G1 X91.4008 Y98.6068 Z0.4751 E0.02133 F1080
G1 X91.6366 Y98.2837 Z0.4752 E0.02133 F1080
G1 X91.8765 Y97.9636 Z0.4754 E0.02133 F1080
G1 X92.1203 Y97.6465 Z0.4755 E0.02133 F1080
G1 X92.3680 Y97.3324 Z0.4756 E0.02133 F1080
G1 X92.6196 Y97.0214 Z0.4758 E0.02133 F1080
G1 X92.8750 Y96.7136 Z0.4759 E0.02133 F1080
G1 X93.1342 Y96.4090 Z0.4761 E0.02133 F1080
G1 X93.3972 Y96.1076 Z0.4762 E0.02133 F1080
G1 X93.6639 Y95.8095 Z0.4763 E0.02133 F1080
G1 X93.9343 Y95.5147 Z0.4765 E0.02133 F1080
G1 X94.2084 Y95.2233 Z0.4766 E0.02133 F1080
G1 X94.4860 Y94.9353 Z0.4767 E0.02133 F1080
G1 X94.7672 Y94.6508 Z0.4769 E0.02133 F1080
G1 X95.0519 Y94.3699 Z0.4770 E0.02133 F1080
G1 X95.3400 Y94.0924 Z0.4771 E0.02133 F1080
G1 X95.6316 Y93.8186 Z0.4773 E0.02133 F1080
G1 X95.9265 Y93.5484 Z0.4774 E0.02133 F1080
G1 X96.2248 Y93.2819 Z0.4775 E0.02133 F1080
G1 X96.5264 Y93.0191 Z0.4777 E0.02133 F1080
G1 X96.8312 Y92.7600 Z0.4778 E0.02133 F1080
G1 X97.1392 Y92.5048 Z0.4779 E0.02133 F1080
G1 X97.4503 Y92.2534 Z0.4781 E0.02133 F1080
G1 X97.7645 Y92.0059 Z0.4782 E0.02133 F1080
G1 X98.0818 Y91.7623 Z0.4784 E0.02133 F1080
G1 X98.4021 Y91.5226 Z0.4785 E0.02133 F1080
G1 X98.7253 Y91.2870 Z0.4786 E0.02133 F1080
G1 X99.0514 Y91.0554 Z0.4788 E0.02133 F1080
G1 X99.3804 Y90.8278 Z0.4789 E0.02133 F1080
G1 X99.7122 Y90.6044 Z0.4790 E0.02133 F1080
G1 X100.0467 Y90.3850 Z0.4792 E0.02133 F1080
G1 X100.3839 Y90.1699 Z0.4793 E0.02133 F1080
G1 X100.7237 Y89.9589 Z0.4794 E0.02133 F1080
G1 X101.0662 Y89.7522 Z0.4796 E0.02133 F1080
G1 X101.4112 Y89.5497 Z0.4797 E0.02133 F1080
G1 X101.7586 Y89.3516 Z0.4798 E0.02133 F1080
G1 X102.1085 Y89.1577 Z0.4800 E0.02133 F1080
G1 X102.4608 Y88.9682 Z0.4801 E0.02133 F1080
G1 X102.8154 Y88.7831 Z0.4803 E0.02133 F1080
G1 X103.1723 Y88.6024 Z0.4804 E0.02133 F1080
G1 X103.5313 Y88.4262 Z0.4805 E0.02133 F1080
G1 X103.8926 Y88.2544 Z0.4807 E0.02133 F1080
G1 X104.2559 Y88.0871 Z0.4808 E0.02133 F1080
G1 X104.6213 Y87.9243 Z0.4809 E0.02133 F1080
G1 X104.9887 Y87.7660 Z0.4811 E0.02133 F1080
G1 X105.3580 Y87.6124 Z0.4812 E0.02133 F1080
G1 X105.7292 Y87.4633 Z0.4813 E0.02133 F1080
G1 X106.1022 Y87.3188 Z0.4815 E0.02133 F1080
G1 X106.4769 Y87.1790 Z0.4816 E0.02133 F1080
G1 X106.8534 Y87.0438 Z0.4818 E0.02133 F1080
G1 X107.2315 Y86.9133 Z0.4819 E0.02133 F1080
G1 X107.6112 Y86.7875 Z0.4820 E0.02133 F1080
G1 X107.9925 Y86.6665 Z0.4822 E0.02133 F1080
G1 X108.3752 Y86.5501 Z0.4823 E0.02133 F1080
G1 X108.7593 Y86.4385 Z0.4824 E0.02133 F1080
G1 X109.1448 Y86.3317 Z0.4826 E0.02133 F1080
G1 X109.5316 Y86.2297 Z0.4827 E0.02133 F1080
G1 X109.9196 Y86.1324 Z0.4828 E0.02133 F1080
G1 X110.3087 Y86.0400 Z0.4830 E0.02133 F1080
G1 X110.6990 Y85.9524 Z0.4831 E0.02133 F1080
G1 X111.0904 Y85.8697 Z0.4833 E0.02133 F1080
G1 X111.4827 Y85.7918 Z0.4834 E0.02133 F1080
G1 X111.8760 Y85.7188 Z0.4835 E0.02133 F1080
G1 X112.2702 Y85.6507 Z0.4837 E0.02133 F1080
G1 X112.6652 Y85.5874 Z0.4838 E0.02133 F1080
G1 X113.0609 Y85.5291 Z0.4839 E0.02133 F1080
G1 X113.4573 Y85.4757 Z0.4841 E0.02133 F1080
G1 X113.8544 Y85.4271 Z0.4842 E0.02133 F1080
G1 X114.2520 Y85.3835 Z0.4844 E0.02133 F1080
G1 X114.6501 Y85.3449 Z0.4845 E0.02133 F1080
G1 X115.0487 Y85.3111 Z0.4846 E0.02133 F1080
G1 X115.4477 Y85.2824 Z0.4848 E0.02133 F1080
G1 X115.8469 Y85.2585 Z0.4849 E0.02133 F1080
G1 X116.2465 Y85.2396 Z0.4850 E0.02133 F1080
G1 X116.6463 Y85.2257 Z0.4852 E0.02133 F1080
G1 X117.0462 Y85.2167 Z0.4853 E0.02133 F1080
G1 X117.4462 Y85.2127 Z0.4855 E0.02133 F1080
G1 X117.8462 Y85.2136 Z0.4856 E0.02133 F1080
G1 X118.2461 Y85.2195 Z0.4857 E0.02133 F1080
G1 X118.6460 Y85.2303 Z0.4859 E0.02133 F1080
G1 X119.0457 Y85.2461 Z0.4860 E0.02133 F1080
G1 X119.4451 Y85.2668 Z0.4861 E0.02133 F1080
G1 X119.8443 Y85.2925 Z0.4863 E0.02133 F1080
G1 X120.2431 Y85.3231 Z0.4864 E0.02133 F1080
G1 X120.6416 Y85.3587 Z0.4866 E0.02133 F1080
G1 X121.0395 Y85.3992 Z0.4867 E0.02133 F1080
G1 X121.4369 Y85.4446 Z0.4868 E0.02133 F1080
G1 X121.8338 Y85.4949 Z0.4870 E0.02133 F1080
G1 X122.2299 Y85.5502 Z0.4871 E0.02133 F1080
G1 X122.6254 Y85.6103 Z0.4872 E0.02133 F1080
G1 X123.0201 Y85.6754 Z0.4874 E0.02133 F1080
G1 X123.4139 Y85.7453 Z0.4875 E0.02133 F1080
G1 X123.8068 Y85.8201 Z0.4877 E0.02133 F1080
G1 X124.1988 Y85.8998 Z0.4878 E0.02133 F1080
G1 X124.5898 Y85.9843 Z0.4879 E0.02133 F1080
G1 X124.9797 Y86.0736 Z0.4881 E0.02133 F1080
G1 X125.3685 Y86.1678 Z0.4882 E0.02133 F1080
G1 X125.7560 Y86.2668 Z0.4884 E0.02133 F1080
G1 X126.1424 Y86.3705 Z0.4885 E0.02133 F1080
G1 X126.5274 Y86.4790 Z0.4886 E0.02133 F1080
G1 X126.9110 Y86.5923 Z0.4888 E0.02133 F1080
G1 X127.2932 Y86.7104 Z0.4889 E0.02133 F1080
G1 X127.6739 Y86.8331 Z0.4890 E0.02133 F1080
G1 X128.0530 Y86.9606 Z0.4892 E0.02133 F1080
G1 X128.4306 Y87.0927 Z0.4893 E0.02133 F1080
G1 X128.8065 Y87.2295 Z0.4895 E0.02133 F1080
G1 X129.1806 Y87.3710 Z0.4896 E0.02133 F1080
G1 X129.5530 Y87.5171 Z0.4897 E0.02133 F1080
G1 X129.9235 Y87.6677 Z0.4899 E0.02133 F1080
G1 X130.2922 Y87.8230 Z0.4900 E0.02133 F1080
G1 X130.6589 Y87.9828 Z0.4902 E0.02133 F1080
G1 X131.0236 Y88.1471 Z0.4903 E0.02133 F1080
G1 X131.3862 Y88.3159 Z0.4904 E0.02133 F1080
G1 X131.7467 Y88.4892 Z0.4906 E0.02133 F1080
G1 X132.1051 Y88.6670 Z0.4907 E0.02133 F1080
G1 X132.4612 Y88.8491 Z0.4909 E0.02133 F1080
G1 X132.8150 Y89.0357 Z0.4910 E0.02133 F1080
G1 X133.1665 Y89.2266 Z0.4911 E0.02133 F1080
G1 X133.5156 Y89.4219 Z0.4913 E0.02133 F1080
G1 X133.8623 Y89.6214 Z0.4914 E0.02133 F1080
G1 X134.2065 Y89.8253 Z0.4915 E0.02133 F1080
G1 X134.5481 Y90.0334 Z0.4917 E0.02133 F1080
G1 X134.8871 Y90.2457 Z0.4918 E0.02133 F1080
G1 X135.2235 Y90.4621 Z0.4920 E0.02133 F1080
G1 X135.5571 Y90.6827 Z0.4921 E0.02133 F1080
G1 X135.8880 Y90.9075 Z0.4922 E0.02133 F1080
G1 X136.2161 Y91.1363 Z0.4924 E0.02133 F1080
G1 X136.5414 Y91.3691 Z0.4925 E0.02133 F1080
G1 X136.8637 Y91.6060 Z0.4927 E0.02133 F1080
G1 X137.1831 Y91.8468 Z0.4928 E0.02133 F1080
G1 X137.4995 Y92.0916 Z0.4929 E0.02133 F1080
G1 X137.8128 Y92.3402 Z0.4931 E0.02133 F1080
G1 X138.1231 Y92.5927 Z0.4932 E0.02133 F1080
G1 X138.4301 Y92.8490 Z0.4934 E0.02133 F1080
G1 X138.7340 Y93.1091 Z0.4935 E0.02133 F1080
G1 X139.0347 Y93.3730 Z0.4936 E0.02133 F1080
G1 X139.3320 Y93.6405 Z0.4938 E0.02133 F1080
G1 X139.6261 Y93.9117 Z0.4939 E0.02133 F1080
G1 X139.9167 Y94.1865 Z0.4941 E0.02133 F1080
G1 X140.2040 Y94.4649 Z0.4942 E0.02133 F1080
G1 X140.4877 Y94.7468 Z0.4943 E0.02133 F1080
G1 X140.7680 Y95.0323 Z0.4945 E0.02133 F1080
G1 X141.0447 Y95.3211 Z0.4946 E0.02133 F1080
G1 X141.3178 Y95.6134 Z0.4948 E0.02133 F1080
G1 X141.5873 Y95.9090 Z0.4949 E0.02133 F1080
G1 X141.8531 Y96.2079 Z0.4950 E0.02133 F1080
G1 X142.1152 Y96.5101 Z0.4952 E0.02133 F1080
G1 X142.3735 Y96.8155 Z0.4953 E0.02133 F1080
G1 X142.6281 Y97.1240 Z0.4955 E0.02133 F1080
G1 X142.8788 Y97.4357 Z0.4956 E0.02133 F1080
G1 X143.1256 Y97.7505 Z0.4957 E0.02133 F1080
G1 X143.3685 Y98.0683 Z0.4959 E0.02133 F1080
G1 X143.6075 Y98.3890 Z0.4960 E0.02133 F1080
G1 X143.8425 Y98.7128 Z0.4962 E0.02133 F1080
G1 X144.0734 Y99.0393 Z0.4963 E0.02133 F1080
G1 X144.3004 Y99.3687 Z0.4965 E0.02133 F1080
G1 X144.5232 Y99.7009 Z0.4966 E0.02133 F1080
G1 X144.7419 Y100.0359 Z0.4967 E0.02133 F1080
G1 X144.9564 Y100.3735 Z0.4969 E0.02133 F1080
G1 X145.1668 Y100.7137 Z0.4970 E0.02133 F1080
G1 X145.3729 Y101.0565 Z0.4972 E0.02133 F1080
G1 X145.5748 Y101.4018 Z0.4973 E0.02133 F1080
G1 X145.7724 Y101.7496 Z0.4974 E0.02133 F1080
G1 X145.9657 Y102.0998 Z0.4976 E0.02133 F1080
G1 X146.1546 Y102.4524 Z0.4977 E0.02133 F1080
G1 X146.3392 Y102.8073 Z0.4979 E0.02133 F1080
G1 X146.5193 Y103.1644 Z0.4980 E0.02133 F1080
G1 X146.6951 Y103.5237 Z0.4981 E0.02133 F1080
G1 X146.8664 Y103.8852 Z0.4983 E0.02133 F1080
G1 X147.0332 Y104.2488 Z0.4984 E0.02133 F1080
G1 X147.1955 Y104.6144 Z0.4986 E0.02133 F1080
G1 X147.3532 Y104.9819 Z0.4987 E0.02133 F1080
G1 X147.5065 Y105.3514 Z0.4989 E0.02133 F1080
G1 X147.6551 Y105.7228 Z0.4990 E0.02133 F1080
G1 X147.7991 Y106.0960 Z0.4991 E0.02133 F1080
G1 X147.9386 Y106.4709 Z0.4993 E0.02133 F1080
G1 X148.0733 Y106.8475 Z0.4994 E0.02133 F1080
G1 X148.2034 Y107.2258 Z0.4996 E0.02133 F1080
G1 X148.3289 Y107.6056 Z0.4997 E0.02133 F1080
G1 X148.4496 Y107.9869 Z0.4998 E0.02133 F1080
G1 X148.5656 Y108.3697 Z0.5000 E0.02133 F1080
G1 X148.6769 Y108.7540 Z0.5001 E0.02133 F1080
G1 X148.7834 Y109.1395 Z0.5003 E0.02133 F1080
G1 X148.8851 Y109.5264 Z0.5004 E0.02133 F1080
G1 X148.9821 Y109.9144 Z0.5005 E0.02133 F1080
G1 X149.0743 Y110.3037 Z0.5007 E0.02133 F1080
G1 X149.1616 Y110.6940 Z0.5008 E0.02133 F1080
G1 X149.2441 Y111.0854 Z0.5010 E0.02133 F1080
G1 X149.3218 Y111.4778 Z0.5011 E0.02133 F1080
G1 X149.3946 Y111.8712 Z0.5013 E0.02133 F1080
G1 X149.4626 Y112.2653 Z0.5014 E0.02133 F1080
G1 X149.5256 Y112.6603 Z0.5015 E0.02133 F1080
G1 X149.5838 Y113.0561 Z0.5017 E0.02133 F1080
G1 X149.6372 Y113.4525 Z0.5018 E0.02133 F1080
G1 X149.6856 Y113.8496 Z0.5020 E0.02133 F1080
G1 X149.7291 Y114.2472 Z0.5021 E0.02133 F1080
G1 X149.7677 Y114.6454 Z0.5023 E0.02133 F1080
G1 X149.8013 Y115.0439 Z0.5024 E0.02133 F1080
G1 X149.8301 Y115.4429 Z0.5025 E0.02133 F1080
G1 X149.8539 Y115.8422 Z0.5027 E0.02133 F1080
G1 X149.8728 Y116.2418 Z0.5028 E0.02133 F1080
G1 X149.8867 Y116.6415 Z0.5030 E0.02133 F1080
G1 X149.8957 Y117.0414 Z0.5031 E0.02133 F1080
G1 X149.8998 Y117.4414 Z0.5033 E0.02133 F1080
G1 X149.8990 Y117.8414 Z0.5034 E0.02133 F1080
G1 X149.8932 Y118.2414 Z0.5035 E0.02133 F1080
G1 X149.8824 Y118.6412 Z0.5037 E0.02133 F1080
G1 X149.8667 Y119.0409 Z0.5038 E0.02133 F1080
G1 X149.8461 Y119.4404 Z0.5040 E0.02133 F1080
G1 X149.8206 Y119.8396 Z0.5041 E0.02133 F1080
G1 X149.7901 Y120.2384 Z0.5043 E0.02133 F1080
G1 X149.7548 Y120.6369 Z0.5044 E0.02133 F1080
G1 X149.7145 Y121.0348 Z0.5045 E0.02133 F1080
G1 X149.6693 Y121.4323 Z0.5047 E0.02133 F1080
G1 X149.6192 Y121.8291 Z0.5048 E0.02133 F1080
G1 X149.5642 Y122.2253 Z0.5050 E0.02133 F1080
G1 X149.5043 Y122.6208 Z0.5051 E0.02133 F1080
G1 X149.4395 Y123.0156 Z0.5053 E0.02133 F1080
G1 X149.3699 Y123.4095 Z0.5054 E0.02133 F1080
G1 X149.2954 Y123.8025 Z0.5055 E0.02133 F1080
G1 X149.2161 Y124.1945 Z0.5057 E0.02133 F1080
G1 X149.1319 Y124.5856 Z0.5058 E0.02133 F1080
G1 X149.0429 Y124.9756 Z0.5060 E0.02133 F1080
G1 X148.9491 Y125.3644 Z0.5061 E0.02133 F1080
G1 X148.8506 Y125.7521 Z0.5063 E0.02133 F1080
G1 X148.7472 Y126.1385 Z0.5064 E0.02133 F1080
G1 X148.6391 Y126.5236 Z0.5065 E0.02133 F1080
G1 X148.5263 Y126.9074 Z0.5067 E0.02133 F1080
G1 X148.4087 Y127.2897 Z0.5068 E0.02133 F1080
G1 X148.2864 Y127.6706 Z0.5070 E0.02133 F1080
G1 X148.1594 Y128.0499 Z0.5071 E0.02133 F1080
G1 X148.0278 Y128.4276 Z0.5073 E0.02133 F1080
G1 X147.8915 Y128.8037 Z0.5074 E0.02133 F1080
G1 X147.7505 Y129.1780 Z0.5075 E0.02133 F1080
G1 X147.6050 Y129.5506 Z0.5077 E0.02133 F1080
G1 X147.4549 Y129.9214 Z0.5078 E0.02133 F1080
G1 X147.3002 Y130.2903 Z0.5080 E0.02133 F1080
G1 X147.1410 Y130.6572 Z0.5081 E0.02133 F1080
G1 X146.9772 Y131.0222 Z0.5083 E0.02133 F1080
G1 X146.8090 Y131.3851 Z0.5084 E0.02133 F1080
G1 X146.6363 Y131.7459 Z0.5086 E0.02133 F1080
G1 X146.4592 Y132.1045 Z0.5087 E0.02133 F1080
G1 X146.2777 Y132.4610 Z0.5088 E0.02133 F1080
G1 X146.0918 Y132.8151 Z0.5090 E0.02133 F1080
G1 X145.9015 Y133.1670 Z0.5091 E0.02133 F1080
G1 X145.7069 Y133.5165 Z0.5093 E0.02133 F1080
G1 X145.5080 Y133.8635 Z0.5094 E0.02133 F1080
G1 X145.3049 Y134.2081 Z0.5096 E0.02133 F1080
G1 X145.0975 Y134.5502 Z0.5097 E0.02133 F1080
G1 X144.8859 Y134.8896 Z0.5099 E0.02133 F1080
G1 X144.6702 Y135.2264 Z0.5100 E0.02133 F1080
G1 X144.4503 Y135.5606 Z0.5101 E0.02133 F1080
G1 X144.2263 Y135.8920 Z0.5103 E0.02133 F1080
G1 X143.9982 Y136.2206 Z0.5104 E0.02133 F1080
G1 X143.7661 Y136.5464 Z0.5106 E0.02133 F1080
G1 X143.5300 Y136.8693 Z0.5107 E0.02133 F1080
G1 X143.2900 Y137.1893 Z0.5109 E0.02133 F1080
G1 X143.0460 Y137.5062 Z0.5110 E0.02133 F1080
G1 X142.7981 Y137.8202 Z0.5112 E0.02133 F1080
G1 X142.5464 Y138.1310 Z0.5113 E0.02133 F1080
G1 X142.2908 Y138.4388 Z0.5114 E0.02133 F1080
G1 X142.0315 Y138.7433 Z0.5116 E0.02133 F1080
G1 X141.7685 Y139.0447 Z0.5117 E0.02133 F1080
G1 X141.5017 Y139.3428 Z0.5119 E0.02133 F1080
G1 X141.2313 Y139.6375 Z0.5120 E0.02133 F1080
G1 X140.9573 Y139.9290 Z0.5122 E0.02133 F1080
G1 X140.6797 Y140.2170 Z0.5123 E0.02133 F1080
G1 X140.3986 Y140.5015 Z0.5125 E0.02133 F1080
G1 X140.1140 Y140.7826 Z0.5126 E0.02133 F1080
G1 X139.8260 Y141.0602 Z0.5127 E0.02133 F1080
G1 X139.5346 Y141.3342 Z0.5129 E0.02133 F1080
G1 X139.2398 Y141.6046 Z0.5130 E0.02133 F1080
G1 X138.9417 Y141.8713 Z0.5132 E0.02133 F1080
G1 X138.6403 Y142.1343 Z0.5133 E0.02133 F1080
G1 X138.3357 Y142.3936 Z0.5135 E0.02133 F1080
G1 X138.0280 Y142.6491 Z0.5136 E0.02133 F1080
G1 X137.7171 Y142.9008 Z0.5138 E0.02133 F1080
G1 X137.4032 Y143.1487 Z0.5139 E0.02133 F1080
G1 X137.0862 Y143.3927 Z0.5141 E0.02133 F1080
G1 X136.7662 Y143.6327 Z0.5142 E0.02133 F1080
G1 X136.4433 Y143.8688 Z0.5143 E0.02133 F1080
G1 X136.1175 Y144.1009 Z0.5145 E0.02133 F1080
G1 X135.7889 Y144.3290 Z0.5146 E0.02133 F1080
G1 X135.4575 Y144.5530 Z0.5148 E0.02133 F1080
G1 X135.1234 Y144.7729 Z0.5149 E0.02133 F1080
G1 X134.7866 Y144.9886 Z0.5151 E0.02133 F1080
G1 X134.4471 Y145.2002 Z0.5152 E0.02133 F1080
G1 X134.1051 Y145.4076 Z0.5154 E0.02133 F1080
G1 X133.7605 Y145.6108 Z0.5155 E0.02133 F1080
G1 X133.4135 Y145.8097 Z0.5157 E0.02133 F1080
G1 X133.0640 Y146.0044 Z0.5158 E0.02133 F1080
G1 X132.7122 Y146.1947 Z0.5159 E0.02133 F1080
G1 X132.3580 Y146.3806 Z0.5161 E0.02133 F1080
G1 X132.0016 Y146.5622 Z0.5162 E0.02133 F1080
G1 X131.6430 Y146.7394 Z0.5164 E0.02133 F1080
G1 X131.2822 Y146.9121 Z0.5165 E0.02133 F1080
G1 X130.9193 Y147.0804 Z0.5167 E0.02133 F1080
G1 X130.5544 Y147.2442 Z0.5168 E0.02133 F1080
G1 X130.1875 Y147.4035 Z0.5170 E0.02133 F1080
G1 X129.8186 Y147.5583 Z0.5171 E0.02133 F1080
G1 X129.4479 Y147.7085 Z0.5173 E0.02133 F1080
G1 X129.0754 Y147.8542 Z0.5174 E0.02133 F1080
G1 X128.7011 Y147.9952 Z0.5176 E0.02133 F1080
G1 X128.3250 Y148.1317 Z0.5177 E0.02133 F1080
G1 X127.9474 Y148.2635 Z0.5178 E0.02133 F1080
G1 X127.5681 Y148.3906 Z0.5180 E0.02133 F1080
G1 X127.1873 Y148.5130 Z0.5181 E0.02133 F1080
G1 X126.8050 Y148.6308 Z0.5183 E0.02133 F1080
G1 X126.4213 Y148.7438 Z0.5184 E0.02133 F1080
G1 X126.0363 Y148.8521 Z0.5186 E0.02133 F1080
G1 X125.6499 Y148.9557 Z0.5187 E0.02133 F1080
G1 X125.2623 Y149.0545 Z0.5189 E0.02133 F1080
G1 X124.8735 Y149.1485 Z0.5190 E0.02133 F1080
G1 X124.4836 Y149.2377 Z0.5192 E0.02133 F1080
G1 X124.0926 Y149.3222 Z0.5193 E0.02133 F1080
G1 X123.7006 Y149.4018 Z0.5195 E0.02133 F1080
G1 X123.3076 Y149.4765 Z0.5196 E0.02133 F1080
G1 X122.9138 Y149.5464 Z0.5198 E0.02133 F1080
G1 X122.5191 Y149.6115 Z0.5199 E0.02133 F1080
G1 X122.1237 Y149.6717 Z0.5200 E0.02133 F1080
G1 X121.7275 Y149.7271 Z0.5202 E0.02133 F1080
G1 X121.3307 Y149.7775 Z0.5203 E0.02133 F1080
G1 X120.9333 Y149.8231 Z0.5205 E0.02133 F1080
G1 X120.5354 Y149.8638 Z0.5206 E0.02133 F1080
G1 X120.1370 Y149.8996 Z0.5208 E0.02133 F1080
G1 X119.7381 Y149.9304 Z0.5209 E0.02133 F1080
G1 X119.3390 Y149.9564 Z0.5211 E0.02133 F1080
G1 X118.9395 Y149.9774 Z0.5212 E0.02133 F1080
G1 X118.5399 Y149.9936 Z0.5214 E0.02133 F1080
G1 X118.1400 Y150.0048 Z0.5215 E0.02133 F1080
G1 X117.7401 Y150.0111 Z0.5217 E0.02133 F1080
G1 X117.3401 Y150.0125 Z0.5218 E0.02133 F1080
G1 X116.9401 Y150.0089 Z0.5220 E0.02133 F1080
G1 X116.5402 Y150.0004 Z0.5221 E0.02133 F1080
G1 X116.1404 Y149.9871 Z0.5223 E0.02133 F1080
G1 X115.7408 Y149.9688 Z0.5224 E0.02133 F1080
G1 X115.3415 Y149.9455 Z0.5226 E0.02133 F1080
G1 X114.9424 Y149.9174 Z0.5227 E0.02133 F1080
G1 X114.5438 Y149.8844 Z0.5228 E0.02133 F1080
G1 X114.1456 Y149.8464 Z0.5230 E0.02133 F1080
G1 X113.7479 Y149.8036 Z0.5231 E0.02133 F1080
G1 X113.3508 Y149.7559 Z0.5233 E0.02133 F1080
G1 X112.9542 Y149.7033 Z0.5234 E0.02133 F1080
G1 X112.5584 Y149.6458 Z0.5236 E0.02133 F1080
G1 X112.1633 Y149.5835 Z0.5237 E0.02133 F1080
G1 X111.7689 Y149.5163 Z0.5239 E0.02133 F1080
G1 X111.3755 Y149.4443 Z0.5240 E0.02133 F1080
G1 X110.9829 Y149.3674 Z0.5242 E0.02133 F1080
G1 X110.5913 Y149.2857 Z0.5243 E0.02133 F1080
G1 X110.2008 Y149.1992 Z0.5245 E0.02133 F1080
G1 X109.8114 Y149.1079 Z0.5246 E0.02133 F1080
G1 X109.4231 Y149.0118 Z0.5248 E0.02133 F1080
G1 X109.0360 Y148.9110 Z0.5249 E0.02133 F1080
G1 X108.6502 Y148.8054 Z0.5251 E0.02133 F1080
G1 X108.2657 Y148.6950 Z0.5252 E0.02133 F1080
G1 X107.8826 Y148.5800 Z0.5254 E0.02133 F1080
G1 X107.5009 Y148.4602 Z0.5255 E0.02133 F1080
G1 X107.1208 Y148.3358 Z0.5257 E0.02133 F1080
G1 X106.7422 Y148.2067 Z0.5258 E0.02133 F1080
G1 X106.3652 Y148.0730 Z0.5260 E0.02133 F1080
G1 X105.9899 Y147.9346 Z0.5261 E0.02133 F1080
G1 X105.6163 Y147.7916 Z0.5263 E0.02133 F1080
G1 X105.2445 Y147.6441 Z0.5264 E0.02133 F1080
G1 X104.8746 Y147.4920 Z0.5266 E0.02133 F1080
G1 X104.5065 Y147.3353 Z0.5267 E0.02133 F1080
G1 X104.1404 Y147.1741 Z0.5268 E0.02133 F1080
G1 X103.7763 Y147.0085 Z0.5270 E0.02133 F1080
G1 X103.4143 Y146.8384 Z0.5271 E0.02133 F1080
G1 X103.0544 Y146.6638 Z0.5273 E0.02133 F1080
G1 X102.6966 Y146.4849 Z0.5274 E0.02133 F1080
G1 X102.3411 Y146.3015 Z0.5276 E0.02133 F1080
G1 X101.9879 Y146.1138 Z0.5277 E0.02133 F1080
G1 X101.6370 Y145.9218 Z0.5279 E0.02133 F1080
G1 X101.2885 Y145.7255 Z0.5280 E0.02133 F1080
G1 X100.9424 Y145.5249 Z0.5282 E0.02133 F1080
G1 X100.5988 Y145.3201 Z0.5283 E0.02133 F1080
G1 X100.2578 Y145.1110 Z0.5285 E0.02133 F1080
G1 X99.9193 Y144.8978 Z0.5286 E0.02133 F1080
G1 X99.5835 Y144.6805 Z0.5288 E0.02133 F1080
G1 X99.2504 Y144.4590 Z0.5289 E0.02133 F1080
G1 X98.9201 Y144.2335 Z0.5291 E0.02133 F1080
G1 X98.5925 Y144.0039 Z0.5292 E0.02133 F1080
G1 X98.2678 Y143.7703 Z0.5294 E0.02133 F1080
G1 X97.9460 Y143.5328 Z0.5295 E0.02133 F1080
G1 X97.6271 Y143.2913 Z0.5297 E0.02133 F1080
G1 X97.3112 Y143.0459 Z0.5298 E0.02133 F1080
G1 X96.9983 Y142.7966 Z0.5300 E0.02133 F1080
G1 X96.6886 Y142.5435 Z0.5301 E0.02133 F1080
G1 X96.3820 Y142.2867 Z0.5303 E0.02133 F1080
G1 X96.0785 Y142.0261 Z0.5304 E0.02133 F1080
G1 X95.7783 Y141.7617 Z0.5306 E0.02133 F1080
G1 X95.4813 Y141.4938 Z0.5307 E0.02133 F1080
G1 X95.1877 Y141.2221 Z0.5309 E0.02133 F1080
G1 X94.8974 Y140.9469 Z0.5310 E0.02133 F1080
G1 X94.6105 Y140.6682 Z0.5312 E0.02133 F1080
G1 X94.3270 Y140.3860 Z0.5313 E0.02133 F1080
G1 X94.0471 Y140.1002 Z0.5315 E0.02133 F1080
G1 X93.7707 Y139.8111 Z0.5316 E0.02133 F1080
G1 X93.4978 Y139.5186 Z0.5318 E0.02133 F1080
G1 X93.2286 Y139.2228 Z0.5319 E0.02133 F1080
G1 X92.9630 Y138.9237 Z0.5321 E0.02133 F1080
G1 X92.7011 Y138.6213 Z0.5322 E0.02133 F1080
G1 X92.4429 Y138.3158 Z0.5324 E0.02133 F1080
G1 X92.1885 Y138.0071 Z0.5325 E0.02133 F1080
G1 X91.9380 Y137.6953 Z0.5327 E0.02133 F1080
G1 X91.6912 Y137.3805 Z0.5328 E0.02133 F1080
G1 X91.4484 Y137.0626 Z0.5330 E0.02133 F1080
G1 X91.2095 Y136.7418 Z0.5331 E0.02133 F1080
G1 X90.9745 Y136.4181 Z0.5333 E0.02133 F1080
G1 X90.7435 Y136.0915 Z0.5334 E0.02133 F1080
G1 X90.5166 Y135.7621 Z0.5336 E0.02133 F1080
G1 X90.2937 Y135.4300 Z0.5337 E0.02133 F1080
G1 X90.0749 Y135.0951 Z0.5339 E0.02133 F1080
G1 X89.8602 Y134.7576 Z0.5340 E0.02133 F1080
G1 X89.6497 Y134.4175 Z0.5342 E0.02133 F1080
G1 X89.4434 Y134.0748 Z0.5343 E0.02133 F1080
G1 X89.2413 Y133.7296 Z0.5345 E0.02133 F1080
G1 X89.0434 Y133.3819 Z0.5346 E0.02133 F1080
G1 X88.8499 Y133.0319 Z0.5348 E0.02133 F1080
G1 X88.6606 Y132.6795 Z0.5349 E0.02133 F1080
G1 X88.4757 Y132.3248 Z0.5351 E0.02133 F1080
G1 X88.2951 Y131.9679 Z0.5352 E0.02133 F1080
G1 X88.1190 Y131.6087 Z0.5354 E0.02133 F1080
G1 X87.9473 Y131.2475 Z0.5355 E0.02133 F1080
G1 X87.7800 Y130.8841 Z0.5357 E0.02133 F1080
G1 X87.6172 Y130.5187 Z0.5358 E0.02133 F1080
G1 X87.4589 Y130.1514 Z0.5360 E0.02133 F1080
G1 X87.3051 Y129.7822 Z0.5361 E0.02133 F1080
G1 X87.1558 Y129.4110 Z0.5363 E0.02133 F1080
G1 X87.0111 Y129.0381 Z0.5364 E0.02133 F1080
G1 X86.8710 Y128.6635 Z0.5366 E0.02133 F1080
G1 X86.7355 Y128.2871 Z0.5367 E0.02133 F1080
G1 X86.6046 Y127.9091 Z0.5369 E0.02133 F1080
G1 X86.4784 Y127.5295 Z0.5370 E0.02133 F1080
G1 X86.3569 Y127.1485 Z0.5372 E0.02133 F1080
G1 X86.2400 Y126.7659 Z0.5373 E0.02133 F1080
G1 X86.1278 Y126.3819 Z0.5375 E0.02133 F1080
G1 X86.0204 Y125.9966 Z0.5376 E0.02133 F1080
G1 X85.9177 Y125.6101 Z0.5378 E0.02133 F1080
G1 X85.8197 Y125.2222 Z0.5379 E0.02133 F1080
G1 X85.7265 Y124.8332 Z0.5381 E0.02133 F1080
G1 X85.6381 Y124.4431 Z0.5382 E0.02133 F1080
G1 X85.5545 Y124.0520 Z0.5384 E0.02133 F1080
G1 X85.4756 Y123.6598 Z0.5385 E0.02133 F1080
G1 X85.4016 Y123.2667 Z0.5387 E0.02133 F1080
G1 X85.3325 Y122.8727 Z0.5389 E0.02133 F1080
G1 X85.2681 Y122.4779 Z0.5390 E0.02133 F1080
G1 X85.2086 Y122.0824 Z0.5392 E0.02133 F1080
G1 X85.1540 Y121.6861 Z0.5393 E0.02133 F1080
G1 X85.1042 Y121.2892 Z0.5395 E0.02133 F1080
G1 X85.0593 Y120.8918 Z0.5396 E0.02133 F1080
G1 X85.0193 Y120.4938 Z0.5398 E0.02133 F1080
G1 X84.9841 Y120.0953 Z0.5399 E0.02133 F1080
G1 X84.9539 Y119.6964 Z0.5401 E0.02133 F1080
G1 X84.9285 Y119.2972 Z0.5402 E0.02133 F1080
G1 X84.9080 Y118.8978 Z0.5404 E0.02133 F1080
G1 X84.8925 Y118.4981 Z0.5405 E0.02133 F1080
G1 X84.8818 Y118.0982 Z0.5407 E0.02133 F1080
G1 X84.8760 Y117.6982 Z0.5408 E0.02133 F1080
G1 X84.8752 Y117.2982 Z0.5410 E0.02133 F1080
G1 X84.8792 Y116.8983 Z0.5411 E0.02133 F1080
G1 X84.8882 Y116.4984 Z0.5413 E0.02133 F1080
G1 X84.9020 Y116.0986 Z0.5414 E0.02133 F1080
G1 X84.9208 Y115.6990 Z0.5416 E0.02133 F1080
G1 X84.9444 Y115.2997 Z0.5417 E0.02133 F1080
G1 X84.9730 Y114.9007 Z0.5419 E0.02133 F1080
G1 X85.0064 Y114.5021 Z0.5420 E0.02133 F1080
G1 X85.0447 Y114.1040 Z0.5422 E0.02133 F1080
G1 X85.0879 Y113.7063 Z0.5423 E0.02133 F1080
G1 X85.1360 Y113.3092 Z0.5425 E0.02133 F1080
G1 X85.1889 Y112.9127 Z0.5426 E0.02133 F1080
G1 X85.2467 Y112.5169 Z0.5428 E0.02133 F1080
G1 X85.3093 Y112.1218 Z0.5430 E0.02133 F1080
G1 X85.3768 Y111.7276 Z0.5431 E0.02133 F1080
G1 X85.4491 Y111.3341 Z0.5433 E0.02133 F1080
G1 X85.5262 Y110.9416 Z0.5434 E0.02133 F1080
G1 X85.6081 Y110.5501 Z0.5436 E0.02133 F1080
G1 X85.6948 Y110.1596 Z0.5437 E0.02133 F1080
G1 X85.7863 Y109.7702 Z0.5439 E0.02133 F1080
G1 X85.8826 Y109.3820 Z0.5440 E0.02133 F1080
G1 X85.9836 Y108.9949 Z0.5442 E0.02133 F1080
G1 X86.0893 Y108.6091 Z0.5443 E0.02133 F1080
G1 X86.1997 Y108.2247 Z0.5445 E0.02133 F1080
G1 X86.3149 Y107.8416 Z0.5446 E0.02133 F1080
G1 X86.4347 Y107.4600 Z0.5448 E0.02133 F1080
G1 X86.5592 Y107.0799 Z0.5449 E0.02133 F1080
G1 X86.6884 Y106.7013 Z0.5451 E0.02133 F1080
G1 X86.8222 Y106.3243 Z0.5452 E0.02133 F1080
G1 X86.9606 Y105.9490 Z0.5454 E0.02133 F1080
G1 X87.1036 Y105.5754 Z0.5456 E0.02133 F1080
G1 X87.2511 Y105.2036 Z0.5457 E0.02133 F1080
G1 X87.4032 Y104.8337 Z0.5459 E0.02133 F1080
G1 X87.5598 Y104.4656 Z0.5460 E0.02133 F1080
G1 X87.7209 Y104.0995 Z0.5462 E0.02133 F1080
G1 X87.8865 Y103.7354 Z0.5463 E0.02133 F1080
G1 X88.0565 Y103.3733 Z0.5465 E0.02133 F1080
G1 X88.2310 Y103.0133 Z0.5466 E0.02133 F1080
G1 X88.4098 Y102.6555 Z0.5468 E0.02133 F1080
G1 X88.5930 Y102.3000 Z0.5469 E0.02133 F1080
G1 X88.7806 Y101.9467 Z0.5471 E0.02133 F1080
G1 X88.9725 Y101.5957 Z0.5472 E0.02133 F1080
G1 X89.1686 Y101.2471 Z0.5474 E0.02133 F1080
G1 X89.3690 Y100.9009 Z0.5475 E0.02133 F1080
G1 X89.5736 Y100.5572 Z0.5477 E0.02133 F1080
G1 X89.7825 Y100.2160 Z0.5478 E0.02133 F1080
G1 X89.9955 Y99.8774 Z0.5480 E0.02133 F1080
G1 X90.2126 Y99.5415 Z0.5482 E0.02133 F1080
G1 X90.4338 Y99.2082 Z0.5483 E0.02133 F1080
G1 X90.6591 Y98.8777 Z0.5485 E0.02133 F1080
G1 X90.8884 Y98.5499 Z0.5486 E0.02133 F1080
G1 X91.1217 Y98.2250 Z0.5488 E0.02133 F1080
G1 X91.3589 Y97.9030 Z0.5489 E0.02133 F1080
G1 X91.6001 Y97.5839 Z0.5491 E0.02133 F1080
G1 X91.8452 Y97.2677 Z0.5492 E0.02133 F1080
G1 X92.0941 Y96.9546 Z0.5494 E0.02133 F1080
G1 X92.3469 Y96.6446 Z0.5495 E0.02133 F1080
G1 X92.6034 Y96.3377 Z0.5497 E0.02133 F1080
G1 X92.8637 Y96.0339 Z0.5498 E0.02133 F1080
G1 X93.1276 Y95.7334 Z0.5500 E0.02133 F1080
G1 X93.3952 Y95.4361 Z0.5502 E0.02133 F1080
G1 X93.6665 Y95.1421 Z0.5503 E0.02133 F1080
G1 X93.9413 Y94.8514 Z0.5505 E0.02133 F1080
G1 X94.2196 Y94.5641 Z0.5506 E0.02133 F1080
G1 X94.5015 Y94.2803 Z0.5508 E0.02133 F1080
G1 X94.7868 Y93.9999 Z0.5509 E0.02133 F1080
G1 X95.0755 Y93.7231 Z0.5511 E0.02133 F1080
G1 X95.3676 Y93.4498 Z0.5512 E0.02133 F1080
G1 X95.6630 Y93.1801 Z0.5514 E0.02133 F1080
G1 X95.9616 Y92.9140 Z0.5515 E0.02133 F1080
G1 X96.2636 Y92.6516 Z0.5517 E0.02133 F1080
G1 X96.5687 Y92.3929 Z0.5519 E0.02133 F1080
G1 X96.8769 Y92.1380 Z0.5520 E0.02133 F1080
G1 X97.1882 Y91.8868 Z0.5522 E0.02133 F1080
G1 X97.5026 Y91.6395 Z0.5523 E0.02133 F1080
G1 X97.8200 Y91.3961 Z0.5525 E0.02133 F1080
G1 X98.1404 Y91.1565 Z0.5526 E0.02133 F1080
G1 X98.4636 Y90.9209 Z0.5528 E0.02133 F1080
G1 X98.7897 Y90.6893 Z0.5529 E0.02133 F1080
G1 X99.1186 Y90.4617 Z0.5531 E0.02133 F1080
G1 X99.4503 Y90.2381 Z0.5532 E0.02133 F1080
G1 X99.7847 Y90.0186 Z0.5534 E0.02133 F1080
G1 X100.1218 Y89.8032 Z0.5536 E0.02133 F1080
G1 X100.4614 Y89.5919 Z0.5537 E0.02133 F1080
G1 X100.8037 Y89.3848 Z0.5539 E0.02133 F1080
G1 X101.1484 Y89.1819 Z0.5540 E0.02133 F1080
G1 X101.4956 Y88.9832 Z0.5542 E0.02133 F1080
G1 X101.8452 Y88.7888 Z0.5543 E0.02133 F1080
G1 X102.1971 Y88.5987 Z0.5545 E0.02133 F1080
G1 X102.5513 Y88.4130 Z0.5546 E0.02133 F1080
G1 X102.9078 Y88.2315 Z0.5548 E0.02133 F1080
G1 X103.2665 Y88.0544 Z0.5549 E0.02133 F1080
G1 X103.6273 Y87.8818 Z0.5551 E0.02133 F1080
G1 X103.9902 Y87.7135 Z0.5553 E0.02133 F1080
G1 X104.3551 Y87.5497 Z0.5554 E0.02133 F1080
G1 X104.7221 Y87.3904 Z0.5556 E0.02133 F1080
G1 X105.0909 Y87.2356 Z0.5557 E0.02133 F1080
G1 X105.4616 Y87.0853 Z0.5559 E0.02133 F1080
G1 X105.8341 Y86.9396 Z0.5560 E0.02133 F1080
G1 X106.2083 Y86.7984 Z0.5562 E0.02133 F1080
G1 X106.5843 Y86.6618 Z0.5563 E0.02133 F1080
G1 X106.9619 Y86.5298 Z0.5565 E0.02133 F1080
G1 X107.3411 Y86.4024 Z0.5567 E0.02133 F1080
G1 X107.7218 Y86.2797 Z0.5568 E0.02133 F1080
G1 X108.1040 Y86.1616 Z0.5570 E0.02133 F1080
G1 X108.4876 Y86.0483 Z0.5571 E0.02133 F1080
G1 X108.8725 Y85.9396 Z0.5573 E0.02133 F1080
G1 X109.2588 Y85.8356 Z0.5574 E0.02133 F1080
G1 X109.6463 Y85.7364 Z0.5576 E0.02133 F1080
G1 X110.0350 Y85.6419 Z0.5577 E0.02133 F1080
G1 X110.4248 Y85.5522 Z0.5579 E0.02133 F1080
G1 X110.8157 Y85.4672 Z0.5581 E0.02133 F1080
G1 X111.2076 Y85.3870 Z0.5582 E0.02133 F1080
G1 X111.6004 Y85.3117 Z0.5584 E0.02133 F1080
G1 X111.9941 Y85.2411 Z0.5585 E0.02133 F1080
G1 X112.3887 Y85.1753 Z0.5587 E0.02133 F1080
G1 X112.7840 Y85.1144 Z0.5588 E0.02133 F1080
G1 X113.1801 Y85.0583 Z0.5590 E0.02133 F1080
G1 X113.5768 Y85.0071 Z0.5591 E0.02133 F1080
G1 X113.9741 Y84.9607 Z0.5593 E0.02133 F1080
G1 X114.3719 Y84.9192 Z0.5595 E0.02133 F1080
G1 X114.7702 Y84.8825 Z0.5596 E0.02133 F1080
G1 X115.1690 Y84.8507 Z0.5598 E0.02133 F1080
G1 X115.5681 Y84.8238 Z0.5599 E0.02133 F1080
G1 X115.9675 Y84.8017 Z0.5601 E0.02133 F1080
G1 X116.3671 Y84.7846 Z0.5602 E0.02133 F1080
G1 X116.7669 Y84.7723 Z0.5604 E0.02133 F1080
G1 X117.1669 Y84.7649 Z0.5605 E0.02133 F1080
G1 X117.5669 Y84.7624 Z0.5607 E0.02133 F1080
G1 X117.9669 Y84.7648 Z0.5609 E0.02133 F1080
G1 X118.3668 Y84.7721 Z0.5610 E0.02133 F1080
G1 X118.7666 Y84.7842 Z0.5612 E0.02133 F1080
G1 X119.1663 Y84.8013 Z0.5613 E0.02133 F1080
G1 X119.5657 Y84.8232 Z0.5615 E0.02133 F1080
G1 X119.9648 Y84.8500 Z0.5616 E0.02133 F1080
G1 X120.3635 Y84.8817 Z0.5618 E0.02133 F1080
G1 X120.7618 Y84.9182 Z0.5620 E0.02133 F1080
G1 X121.1597 Y84.9596 Z0.5621 E0.02133 F1080
G1 X121.5570 Y85.0059 Z0.5623 E0.02133 F1080
G1 X121.9537 Y85.0570 Z0.5624 E0.02133 F1080
G1 X122.3498 Y85.1130 Z0.5626 E0.02133 F1080
G1 X122.7452 Y85.1737 Z0.5627 E0.02133 F1080
G1 X123.1398 Y85.2394 Z0.5629 E0.02133 F1080
G1 X123.5335 Y85.3098 Z0.5631 E0.02133 F1080
G1 X123.9264 Y85.3850 Z0.5632 E0.02133 F1080
G1 X124.3183 Y85.4650 Z0.5634 E0.02133 F1080
G1 X124.7092 Y85.5498 Z0.5635 E0.02133 F1080
G1 X125.0991 Y85.6394 Z0.5637 E0.02133 F1080
G1 X125.4878 Y85.7337 Z0.5638 E0.02133 F1080
G1 X125.8753 Y85.8328 Z0.5640 E0.02133 F1080
G1 X126.2616 Y85.9366 Z0.5642 E0.02133 F1080
G1 X126.6466 Y86.0451 Z0.5643 E0.02133 F1080
G1 X127.0303 Y86.1583 Z0.5645 E0.02133 F1080
G1 X127.4125 Y86.2762 Z0.5646 E0.02133 F1080
G1 X127.7933 Y86.3987 Z0.5648 E0.02133 F1080
G1 X128.1725 Y86.5259 Z0.5649 E0.02133 F1080
G1 X128.5502 Y86.6577 Z0.5651 E0.02133 F1080
G1 X128.9263 Y86.7940 Z0.5652 E0.02133 F1080
G1 X129.3006 Y86.9350 Z0.5654 E0.02133 F1080
G1 X129.6732 Y87.0805 Z0.5656 E0.02133 F1080
G1 X130.0440 Y87.2306 Z0.5657 E0.02133 F1080
G1 X130.4129 Y87.3852 Z0.5659 E0.02133 F1080
G1 X130.7799 Y87.5443 Z0.5660 E0.02133 F1080
G1 X131.1450 Y87.7078 Z0.5662 E0.02133 F1080
G1 X131.5080 Y87.8758 Z0.5664 E0.02133 F1080
G1 X131.8689 Y88.0482 Z0.5665 E0.02133 F1080
G1 X132.2277 Y88.2250 Z0.5667 E0.02133 F1080
G1 X132.5843 Y88.4062 Z0.5668 E0.02133 F1080
G1 X132.9387 Y88.5917 Z0.5670 E0.02133 F1080
G1 X133.2908 Y88.7815 Z0.5671 E0.02133 F1080
G1 X133.6406 Y88.9756 Z0.5673 E0.02133 F1080
G1 X133.9879 Y89.1740 Z0.5675 E0.02133 F1080
G1 X134.3329 Y89.3765 Z0.5676 E0.02133 F1080
G1 X134.6753 Y89.5833 Z0.5678 E0.02133 F1080
G1 X135.0151 Y89.7942 Z0.5679 E0.02133 F1080
G1 X135.3524 Y90.0093 Z0.5681 E0.02133 F1080
G1 X135.6870 Y90.2285 Z0.5682 E0.02133 F1080
G1 X136.0189 Y90.4517 Z0.5684 E0.02133 F1080
G1 X136.3481 Y90.6790 Z0.5686 E0.02133 F1080
G1 X136.6745 Y90.9102 Z0.5687 E0.02133 F1080
G1 X136.9980 Y91.1455 Z0.5689 E0.02133 F1080
G1 X137.3186 Y91.3846 Z0.5690 E0.02133 F1080
G1 X137.6363 Y91.6277 Z0.5692 E0.02133 F1080
G1 X137.9510 Y91.8746 Z0.5693 E0.02133 F1080
G1 X138.2627 Y92.1254 Z0.5695 E0.02133 F1080
G1 X138.5713 Y92.3799 Z0.5697 E0.02133 F1080
G1 X138.8767 Y92.6381 Z0.5698 E0.02133 F1080
G1 X139.1790 Y92.9001 Z0.5700 E0.02133 F1080
G1 X139.4781 Y93.1658 Z0.5701 E0.02133 F1080
G1 X139.7739 Y93.4350 Z0.5703 E0.02133 F1080
G1 X140.0664 Y93.7079 Z0.5705 E0.02133 F1080
G1 X140.3555 Y93.9843 Z0.5706 E0.02133 F1080
G1 X140.6413 Y94.2642 Z0.5708 E0.02133 F1080
G1 X140.9236 Y94.5476 Z0.5709 E0.02133 F1080
G1 X141.2024 Y94.8344 Z0.5711 E0.02133 F1080
G1 X141.4777 Y95.1245 Z0.5712 E0.02133 F1080
G1 X141.7495 Y95.4181 Z0.5714 E0.02133 F1080
G1 X142.0176 Y95.7149 Z0.5716 E0.02133 F1080
G1 X142.2822 Y96.0149 Z0.5717 E0.02133 F1080
G1 X142.5430 Y96.3182 Z0.5719 E0.02133 F1080
G1 X142.8001 Y96.6246 Z0.5720 E0.02133 F1080
G1 X143.0535 Y96.9341 Z0.5722 E0.02133 F1080
G1 X143.3031 Y97.2467 Z0.5724 E0.02133 F1080
G1 X143.5488 Y97.5623 Z0.5725 E0.02133 F1080
G1 X143.7907 Y97.8809 Z0.5727 E0.02133 F1080
G1 X144.0287 Y98.2024 Z0.5728 E0.02133 F1080
G1 X144.2627 Y98.5268 Z0.5730 E0.02133 F1080
G1 X144.4928 Y98.8541 Z0.5732 E0.02133 F1080
G1 X144.7188 Y99.1841 Z0.5733 E0.02133 F1080
G1 X144.9408 Y99.5168 Z0.5735 E0.02133 F1080
G1 X145.1588 Y99.8522 Z0.5736 E0.02133 F1080
G1 X145.3726 Y100.1903 Z0.5738 E0.02133 F1080
G1 X145.5823 Y100.5309 Z0.5739 E0.02133 F1080
G1 X145.7878 Y100.8740 Z0.5741 E0.02133 F1080
G1 X145.9892 Y101.2197 Z0.5743 E0.02133 F1080
G1 X146.1863 Y101.5678 Z0.5744 E0.02133 F1080
G1 X146.3791 Y101.9182 Z0.5746 E0.02133 F1080
G1 X146.5677 Y102.2710 Z0.5747 E0.02133 F1080
G1 X146.7519 Y102.6260 Z0.5749 E0.02133 F1080
G1 X146.9318 Y102.9833 Z0.5751 E0.02133 F1080
G1 X147.1074 Y103.3427 Z0.5752 E0.02133 F1080
G1 X147.2785 Y103.7043 Z0.5754 E0.02133 F1080
G1 X147.4452 Y104.0679 Z0.5755 E0.02133 F1080
G1 X147.6075 Y104.4335 Z0.5757 E0.02133 F1080
G1 X147.7653 Y104.8010 Z0.5759 E0.02133 F1080
G1 X147.9186 Y105.1705 Z0.5760 E0.02133 F1080
G1 X148.0675 Y105.5418 Z0.5762 E0.02133 F1080
G1 X148.2117 Y105.9149 Z0.5763 E0.02133 F1080
G1 X148.3514 Y106.2897 Z0.5765 E0.02133 F1080
G1 X148.4866 Y106.6661 Z0.5767 E0.02133 F1080
G1 X148.6171 Y107.0443 Z0.5768 E0.02133 F1080
G1 X148.7430 Y107.4239 Z0.5770 E0.02133 F1080
G1 X148.8643 Y107.8051 Z0.5771 E0.02133 F1080
G1 X148.9810 Y108.1877 Z0.5773 E0.02133 F1080
G1 X149.0929 Y108.5717 Z0.5774 E0.02133 F1080
G1 X149.2002 Y108.9571 Z0.5776 E0.02133 F1080
G1 X149.3028 Y109.3437 Z0.5778 E0.02133 F1080
G1 X149.4006 Y109.7316 Z0.5779 E0.02133 F1080
G1 X149.4938 Y110.1206 Z0.5781 E0.02133 F1080
G1 X149.5821 Y110.5107 Z0.5782 E0.02133 F1080
G1 X149.6657 Y110.9019 Z0.5784 E0.02133 F1080
G1 X149.7446 Y111.2940 Z0.5786 E0.02133 F1080
G1 X149.8187 Y111.6871 Z0.5787 E0.02133 F1080
G1 X149.8879 Y112.0811 Z0.5789 E0.02133 F1080
G1 X149.9524 Y112.4758 Z0.5790 E0.02133 F1080
G1 X150.0120 Y112.8714 Z0.5792 E0.02133 F1080
G1 X150.0669 Y113.2676 Z0.5794 E0.02133 F1080
G1 X150.1169 Y113.6645 Z0.5795 E0.02133 F1080
G1 X150.1620 Y114.0619 Z0.5797 E0.02133 F1080
G1 X150.2024 Y114.4599 Z0.5798 E0.02133 F1080
G1 X150.2378 Y114.8583 Z0.5800 E0.02133 F1080
G1 X150.2684 Y115.2571 Z0.5802 E0.02133 F1080
G1 X150.2942 Y115.6563 Z0.5803 E0.02133 F1080
G1 X150.3151 Y116.0558 Z0.5805 E0.02133 F1080
G1 X150.3311 Y116.4554 Z0.5806 E0.02133 F1080
G1 X150.3423 Y116.8553 Z0.5808 E0.02133 F1080
G1 X150.3486 Y117.2552 Z0.5810 E0.02133 F1080
G1 X150.3500 Y117.6552 Z0.5811 E0.02133 F1080
G1 X150.3465 Y118.0552 Z0.5813 E0.02133 F1080
G1 X150.3382 Y118.4552 Z0.5815 E0.02133 F1080
G1 X150.3250 Y118.8549 Z0.5816 E0.02133 F1080
G1 X150.3069 Y119.2545 Z0.5818 E0.02133 F1080
G1 X150.2840 Y119.6539 Z0.5819 E0.02133 F1080
G1 X150.2562 Y120.0529 Z0.5821 E0.02133 F1080
G1 X150.2236 Y120.4516 Z0.5823 E0.02133 F1080
G1 X150.1861 Y120.8498 Z0.5824 E0.02133 F1080
G1 X150.1438 Y121.2476 Z0.5826 E0.02133 F1080
G1 X150.0966 Y121.6448 Z0.5827 E0.02133 F1080
G1 X150.0446 Y122.0414 Z0.5829 E0.02133 F1080
G1 X149.9878 Y122.4374 Z0.5831 E0.02133 F1080
G1 X149.9261 Y122.8326 Z0.5832 E0.02133 F1080
G1 X149.8597 Y123.2270 Z0.5834 E0.02133 F1080
G1 X149.7884 Y123.6206 Z0.5835 E0.02133 F1080
G1 X149.7124 Y124.0133 Z0.5837 E0.02133 F1080
G1 X149.6316 Y124.4051 Z0.5839 E0.02133 F1080
G1 X149.5460 Y124.7958 Z0.5840 E0.02133 F1080
G1 X149.4557 Y125.1855 Z0.5842 E0.02133 F1080
G1 X149.3606 Y125.5741 Z0.5843 E0.02133 F1080
G1 X149.2609 Y125.9614 Z0.5845 E0.02133 F1080
G1 X149.1564 Y126.3475 Z0.5847 E0.02133 F1080
G1 X149.0472 Y126.7324 Z0.5848 E0.02133 F1080
G1 X148.9334 Y127.1158 Z0.5850 E0.02133 F1080
G1 X148.8148 Y127.4979 Z0.5851 E0.02133 F1080
G1 X148.6917 Y127.8784 Z0.5853 E0.02133 F1080
G1 X148.5639 Y128.2575 Z0.5855 E0.02133 F1080
G1 X148.4316 Y128.6350 Z0.5856 E0.02133 F1080
G1 X148.2946 Y129.0108 Z0.5858 E0.02133 F1080
G1 X148.1531 Y129.3849 Z0.5860 E0.02133 F1080
G1 X148.0070 Y129.7573 Z0.5861 E0.02133 F1080
G1 X147.8565 Y130.1279 Z0.5863 E0.02133 F1080
G1 X147.7014 Y130.4966 Z0.5864 E0.02133 F1080
G1 X147.5418 Y130.8634 Z0.5866 E0.02133 F1080
G1 X147.3778 Y131.2283 Z0.5868 E0.02133 F1080
G1 X147.2094 Y131.5911 Z0.5869 E0.02133 F1080
G1 X147.0366 Y131.9518 Z0.5871 E0.02133 F1080
G1 X146.8594 Y132.3104 Z0.5872 E0.02133 F1080
G1 X146.6778 Y132.6668 Z0.5874 E0.02133 F1080
G1 X146.4920 Y133.0210 Z0.5876 E0.02133 F1080
G1 X146.3018 Y133.3730 Z0.5877 E0.02133 F1080
G1 X146.1074 Y133.7225 Z0.5879 E0.02133 F1080
G1 X145.9087 Y134.0697 Z0.5881 E0.02133 F1080
G1 X145.7058 Y134.4144 Z0.5882 E0.02133 F1080
G1 X145.4988 Y134.7567 Z0.5884 E0.02133 F1080
G1 X145.2875 Y135.0964 Z0.5885 E0.02133 F1080
G1 X145.0722 Y135.4335 Z0.5887 E0.02133 F1080
G1 X144.8528 Y135.7679 Z0.5889 E0.02133 F1080
G1 X144.6294 Y136.0997 Z0.5890 E0.02133 F1080
G1 X144.4019 Y136.4287 Z0.5892 E0.02133 F1080
G1 X144.1704 Y136.7550 Z0.5893 E0.02133 F1080
G1 X143.9350 Y137.0784 Z0.5895 E0.02133 F1080
G1 X143.6957 Y137.3989 Z0.5897 E0.02133 F1080
G1 X143.4525 Y137.7165 Z0.5898 E0.02133 F1080
G1 X143.2055 Y138.0311 Z0.5900 E0.02133 F1080
G1 X142.9546 Y138.3426 Z0.5902 E0.02133 F1080
G1 X142.7000 Y138.6511 Z0.5903 E0.02133 F1080
G1 X142.4416 Y138.9565 Z0.5905 E0.02133 F1080
G1 X142.1796 Y139.2587 Z0.5906 E0.02133 F1080
G1 X141.9139 Y139.5577 Z0.5908 E0.02133 F1080
G1 X141.6446 Y139.8535 Z0.5910 E0.02133 F1080
G1 X141.3717 Y140.1460 Z0.5911 E0.02133 F1080
G1 X141.0953 Y140.4351 Z0.5913 E0.02133 F1080
G1 X140.8153 Y140.7208 Z0.5915 E0.02133 F1080
G1 X140.5320 Y141.0031 Z0.5916 E0.02133 F1080
G1 X140.2452 Y141.2820 Z0.5918 E0.02133 F1080
G1 X139.9550 Y141.5573 Z0.5919 E0.02133 F1080
G1 X139.6616 Y141.8291 Z0.5921 E0.02133 F1080
G1 X139.3648 Y142.0973 Z0.5923 E0.02133 F1080
G1 X139.0648 Y142.3619 Z0.5924 E0.02133 F1080
G1 X138.7616 Y142.6228 Z0.5926 E0.02133 F1080
G1 X138.4553 Y142.8801 Z0.5928 E0.02133 F1080
G1 X138.1458 Y143.1335 Z0.5929 E0.02133 F1080
G1 X137.8333 Y143.3832 Z0.5931 E0.02133 F1080
G1 X137.5178 Y143.6291 Z0.5932 E0.02133 F1080
G1 X137.1993 Y143.8711 Z0.5934 E0.02133 F1080
G1 X136.8779 Y144.1093 Z0.5936 E0.02133 F1080
G1 X136.5537 Y144.3435 Z0.5937 E0.02133 F1080
G1 X136.2266 Y144.5737 Z0.5939 E0.02133 F1080
G1 X135.8967 Y144.8000 Z0.5941 E0.02133 F1080
G1 X135.5641 Y145.0222 Z0.5942 E0.02133 F1080
G1 X135.2289 Y145.2404 Z0.5944 E0.02133 F1080
G1 X134.8910 Y145.4545 Z0.5945 E0.02133 F1080
G1 X134.5505 Y145.6645 Z0.5947 E0.02133 F1080
G1 X134.2075 Y145.8703 Z0.5949 E0.02133 F1080
G1 X133.8621 Y146.0719 Z0.5950 E0.02133 F1080
G1 X133.5142 Y146.2693 Z0.5952 E0.02133 F1080
G1 X133.1639 Y146.4625 Z0.5954 E0.02133 F1080
G1 X132.8113 Y146.6514 Z0.5955 E0.02133 F1080
G1 X132.4565 Y146.8361 Z0.5957 E0.02133 F1080
G1 X132.0994 Y147.0164 Z0.5959 E0.02133 F1080
G1 X131.7402 Y147.1923 Z0.5960 E0.02133 F1080
G1 X131.3788 Y147.3639 Z0.5962 E0.02133 F1080
G1 X131.0155 Y147.5310 Z0.5963 E0.02133 F1080
G1 X130.6500 Y147.6938 Z0.5965 E0.02133 F1080
G1 X130.2827 Y147.8521 Z0.5967 E0.02133 F1080
G1 X129.9134 Y148.0059 Z0.5968 E0.02133 F1080
G1 X129.5424 Y148.1552 Z0.5970 E0.02133 F1080
G1 X129.1695 Y148.3000 Z0.5972 E0.02133 F1080
G1 X128.7949 Y148.4403 Z0.5973 E0.02133 F1080
G1 X128.4186 Y148.5760 Z0.5975 E0.02133 F1080
G1 X128.0407 Y148.7071 Z0.5976 E0.02133 F1080
G1 X127.6612 Y148.8336 Z0.5978 E0.02133 F1080
G1 X127.2803 Y148.9555 Z0.5980 E0.02133 F1080
G1 X126.8978 Y149.0728 Z0.5981 E0.02133 F1080
G1 X126.5140 Y149.1854 Z0.5983 E0.02133 F1080
G1 X126.1288 Y149.2934 Z0.5985 E0.02133 F1080
G1 X125.7424 Y149.3966 Z0.5986 E0.02133 F1080
G1 X125.3547 Y149.4952 Z0.5988 E0.02133 F1080
G1 X124.9659 Y149.5891 Z0.5990 E0.02133 F1080
G1 X124.5759 Y149.6782 Z0.5991 E0.02133 F1080
G1 X124.1849 Y149.7626 Z0.5993 E0.02133 F1080
G1 X123.7929 Y149.8422 Z0.5994 E0.02133 F1080
G1 X123.4000 Y149.9171 Z0.5996 E0.02133 F1080
G1 X123.0062 Y149.9872 Z0.5998 E0.02133 F1080
G1 X122.6116 Y150.0525 Z0.5999 E0.02133 F1080
G1 X122.2162 Y150.1130 Z0.6001 E0.02133 F1080
G1 X121.8201 Y150.1687 Z0.6003 E0.02133 F1080
G1 X121.4233 Y150.2196 Z0.6004 E0.02133 F1080
G1 X121.0260 Y150.2657 Z0.6006 E0.02133 F1080
G1 X120.6281 Y150.3069 Z0.6008 E0.02133 F1080
G1 X120.2297 Y150.3433 Z0.6009 E0.02133 F1080
G1 X119.8310 Y150.3749 Z0.6011 E0.02133 F1080
G1 X119.4319 Y150.4016 Z0.6013 E0.02133 F1080
G1 X119.0325 Y150.4235 Z0.6014 E0.02133 F1080
G1 X118.6328 Y150.4406 Z0.6016 E0.02133 F1080
G1 X118.2330 Y150.4528 Z0.6017 E0.02133 F1080
G1 X117.8331 Y150.4601 Z0.6019 E0.02133 F1080
G1 X117.4331 Y150.4626 Z0.6021 E0.02133 F1080
G1 X117.0331 Y150.4602 Z0.6022 E0.02133 F1080
G1 X116.6332 Y150.4530 Z0.6024 E0.02133 F1080
G1 X116.2333 Y150.4409 Z0.6026 E0.02133 F1080
G1 X115.8337 Y150.4240 Z0.6027 E0.02133 F1080
G1 X115.4343 Y150.4022 Z0.6029 E0.02133 F1080
G1 X115.0352 Y150.3756 Z0.6031 E0.02133 F1080
G1 X114.6364 Y150.3441 Z0.6032 E0.02133 F1080
G1 X114.2380 Y150.3078 Z0.6034 E0.02133 F1080
G1 X113.8402 Y150.2667 Z0.6036 E0.02133 F1080
G1 X113.4428 Y150.2208 Z0.6037 E0.02133 F1080
G1 X113.0460 Y150.1700 Z0.6039 E0.02133 F1080
G1 X112.6499 Y150.1144 Z0.6040 E0.02133 F1080
G1 X112.2545 Y150.0540 Z0.6042 E0.02133 F1080
G1 X111.8598 Y149.9889 Z0.6044 E0.02133 F1080
G1 X111.4660 Y149.9189 Z0.6045 E0.02133 F1080
G1 X111.0730 Y149.8442 Z0.6047 E0.02133 F1080
G1 X110.6810 Y149.7647 Z0.6049 E0.02133 F1080
G1 X110.2900 Y149.6805 Z0.6050 E0.02133 F1080
G1 X109.9000 Y149.5915 Z0.6052 E0.02133 F1080
G1 X109.5111 Y149.4978 Z0.6054 E0.02133 F1080
G1 X109.1234 Y149.3994 Z0.6055 E0.02133 F1080
G1 X108.7369 Y149.2963 Z0.6057 E0.02133 F1080
G1 X108.3517 Y149.1885 Z0.6059 E0.02133 F1080
G1 X107.9678 Y149.0761 Z0.6060 E0.02133 F1080
G1 X107.5853 Y148.9590 Z0.6062 E0.02133 F1080
G1 X107.2043 Y148.8373 Z0.6064 E0.02133 F1080
G1 X106.8248 Y148.7109 Z0.6065 E0.02133 F1080
G1 X106.4468 Y148.5800 Z0.6067 E0.02133 F1080
G1 X106.0704 Y148.4445 Z0.6068 E0.02133 F1080
G1 X105.6958 Y148.3045 Z0.6070 E0.02133 F1080
G1 X105.3228 Y148.1599 Z0.6072 E0.02133 F1080
G1 X104.9516 Y148.0108 Z0.6073 E0.02133 F1080
G1 X104.5823 Y147.8572 Z0.6075 E0.02133 F1080
G1 X104.2148 Y147.6991 Z0.6077 E0.02133 F1080
G1 X103.8493 Y147.5366 Z0.6078 E0.02133 F1080
G1 X103.4858 Y147.3697 Z0.6080 E0.02133 F1080
G1 X103.1243 Y147.1984 Z0.6082 E0.02133 F1080
G1 X102.7650 Y147.0227 Z0.6083 E0.02133 F1080
G1 X102.4078 Y146.8427 Z0.6085 E0.02133 F1080
G1 X102.0528 Y146.6584 Z0.6087 E0.02133 F1080
G1 X101.7000 Y146.4698 Z0.6088 E0.02133 F1080
G1 X101.3496 Y146.2769 Z0.6090 E0.02133 F1080
G1 X101.0016 Y146.0797 Z0.6092 E0.02133 F1080
G1 X100.6559 Y145.8784 Z0.6093 E0.02133 F1080
G1 X100.3127 Y145.6729 Z0.6095 E0.02133 F1080
G1 X99.9721 Y145.4633 Z0.6097 E0.02133 F1080
G1 X99.6340 Y145.2495 Z0.6098 E0.02133 F1080
G1 X99.2985 Y145.0316 Z0.6100 E0.02133 F1080
G1 X98.9657 Y144.8098 Z0.6102 E0.02133 F1080
G1 X98.6356 Y144.5838 Z0.6103 E0.02133 F1080
G1 X98.3082 Y144.3540 Z0.6105 E0.02133 F1080
G1 X97.9837 Y144.1201 Z0.6107 E0.02133 F1080
G1 X97.6620 Y143.8823 Z0.6108 E0.02133 F1080
G1 X97.3433 Y143.6407 Z0.6110 E0.02133 F1080
G1 X97.0275 Y143.3952 Z0.6111 E0.02133 F1080
G1 X96.7146 Y143.1459 Z0.6113 E0.02133 F1080
G1 X96.4049 Y142.8929 Z0.6115 E0.02133 F1080
G1 X96.0982 Y142.6361 Z0.6116 E0.02133 F1080
G1 X95.7946 Y142.3756 Z0.6118 E0.02133 F1080
G1 X95.4943 Y142.1114 Z0.6120 E0.02133 F1080
G1 X95.1971 Y141.8436 Z0.6121 E0.02133 F1080
G1 X94.9032 Y141.5723 Z0.6123 E0.02133 F1080
G1 X94.6126 Y141.2974 Z0.6125 E0.02133 F1080
G1 X94.3254 Y141.0190 Z0.6126 E0.02133 F1080
G1 X94.0416 Y140.7371 Z0.6128 E0.02133 F1080
G1 X93.7612 Y140.4518 Z0.6130 E0.02133 F1080
G1 X93.4843 Y140.1632 Z0.6131 E0.02133 F1080
G1 X93.2109 Y139.8712 Z0.6133 E0.02133 F1080
G1 X92.9410 Y139.5759 Z0.6135 E0.02133 F1080
G1 X92.6748 Y139.2774 Z0.6136 E0.02133 F1080
G1 X92.4122 Y138.9757 Z0.6138 E0.02133 F1080
G1 X92.1532 Y138.6708 Z0.6140 E0.02133 F1080
G1 X91.8980 Y138.3628 Z0.6141 E0.02133 F1080
G1 X91.6465 Y138.0517 Z0.6143 E0.02133 F1080
G1 X91.3988 Y137.7376 Z0.6145 E0.02133 F1080
G1 X91.1550 Y137.4206 Z0.6146 E0.02133 F1080
G1 X90.9150 Y137.1006 Z0.6148 E0.02133 F1080
G1 X90.6788 Y136.7777 Z0.6150 E0.02133 F1080
G1 X90.4466 Y136.4520 Z0.6151 E0.02133 F1080
G1 X90.2184 Y136.1235 Z0.6153 E0.02133 F1080
G1 X89.9942 Y135.7923 Z0.6155 E0.02133 F1080
G1 X89.7740 Y135.4583 Z0.6156 E0.02133 F1080
G1 X89.5578 Y135.1217 Z0.6158 E0.02133 F1080
G1 X89.3458 Y134.7826 Z0.6160 E0.02133 F1080
G1 X89.1378 Y134.4409 Z0.6161 E0.02133 F1080
G1 X88.9340 Y134.0967 Z0.6163 E0.02133 F1080
G1 X88.7344 Y133.7500 Z0.6165 E0.02133 F1080
G1 X88.5390 Y133.4010 Z0.6166 E0.02133 F1080
G1 X88.3479 Y133.0496 Z0.6168 E0.02133 F1080
G1 X88.1610 Y132.6959 Z0.6170 E0.02133 F1080
G1 X87.9784 Y132.3400 Z0.6171 E0.02133 F1080
G1 X87.8002 Y131.9820 Z0.6173 E0.02133 F1080
G1 X87.6263 Y131.6217 Z0.6175 E0.02133 F1080
G1 X87.4567 Y131.2594 Z0.6176 E0.02133 F1080
G1 X87.2916 Y130.8951 Z0.6178 E0.02133 F1080
G1 X87.1308 Y130.5288 Z0.6180 E0.02133 F1080
G1 X86.9746 Y130.1606 Z0.6181 E0.02133 F1080
G1 X86.8228 Y129.7905 Z0.6183 E0.02133 F1080
G1 X86.6754 Y129.4187 Z0.6185 E0.02133 F1080
G1 X86.5326 Y129.0450 Z0.6186 E0.02133 F1080
G1 X86.3944 Y128.6697 Z0.6188 E0.02133 F1080
G1 X86.2606 Y128.2927 Z0.6190 E0.02133 F1080
G1 X86.1315 Y127.9141 Z0.6191 E0.02133 F1080
G1 X86.0069 Y127.5340 Z0.6193 E0.02133 F1080
G1 X85.8870 Y127.1524 Z0.6195 E0.02133 F1080
G1 X85.7716 Y126.7694 Z0.6196 E0.02133 F1080
G1 X85.6610 Y126.3850 Z0.6198 E0.02133 F1080
G1 X85.5550 Y125.9993 Z0.6200 E0.02133 F1080
G1 X85.4536 Y125.6123 Z0.6201 E0.02133 F1080
G1 X85.3570 Y125.2242 Z0.6203 E0.02133 F1080
G1 X85.2650 Y124.8349 Z0.6205 E0.02133 F1080
G1 X85.1778 Y124.4445 Z0.6206 E0.02133 F1080
G1 X85.0953 Y124.0531 Z0.6208 E0.02133 F1080
G1 X85.0175 Y123.6607 Z0.6210 E0.02133 F1080
G1 X84.9445 Y123.2675 Z0.6211 E0.02133 F1080
G1 X84.8762 Y122.8733 Z0.6213 E0.02133 F1080
G1 X84.8128 Y122.4784 Z0.6215 E0.02133 F1080
G1 X84.7541 Y122.0827 Z0.6217 E0.02133 F1080
G1 X84.7002 Y121.6864 Z0.6218 E0.02133 F1080
G1 X84.6511 Y121.2894 Z0.6220 E0.02133 F1080
G1 X84.6068 Y120.8918 Z0.6222 E0.02133 F1080
G1 X84.5673 Y120.4938 Z0.6223 E0.02133 F1080
G1 X84.5326 Y120.0953 Z0.6225 E0.02133 F1080
G1 X84.5028 Y119.6964 Z0.6227 E0.02133 F1080
G1 X84.4778 Y119.2972 Z0.6228 E0.02133 F1080
G1 X84.4576 Y118.8977 Z0.6230 E0.02133 F1080
G1 X84.4422 Y118.4980 Z0.6232 E0.02133 F1080
G1 X84.4317 Y118.0981 Z0.6233 E0.02133 F1080
G1 X84.4260 Y117.6981 Z0.6235 E0.02133 F1080
G1 X84.4252 Y117.2981 Z0.6237 E0.02133 F1080
G1 X84.4292 Y116.8982 Z0.6238 E0.02133 F1080
G1 X84.4380 Y116.4982 Z0.6240 E0.02133 F1080
G1 X84.4517 Y116.0985 Z0.6242 E0.02133 F1080
G1 X84.4702 Y115.6989 Z0.6243 E0.02133 F1080
G1 X84.4935 Y115.2996 Z0.6245 E0.02133 F1080
G1 X84.5217 Y114.9006 Z0.6247 E0.02133 F1080
G1 X84.5546 Y114.5019 Z0.6248 E0.02133 F1080
G1 X84.5924 Y114.1037 Z0.6250 E0.02133 F1080
G1 X84.6350 Y113.7060 Z0.6252 E0.02133 F1080
G1 X84.6825 Y113.3088 Z0.6253 E0.02133 F1080
G1 X84.7347 Y112.9122 Z0.6255 E0.02133 F1080
G1 X84.7917 Y112.5163 Z0.6257 E0.02133 F1080
G1 X84.8535 Y112.1211 Z0.6258 E0.02133 F1080
G1 X84.9200 Y111.7267 Z0.6260 E0.02133 F1080
G1 X84.9913 Y111.3331 Z0.6262 E0.02133 F1080
G1 X85.0674 Y110.9404 Z0.6264 E0.02133 F1080
G1 X85.1482 Y110.5486 Z0.6265 E0.02133 F1080
G1 X85.2338 Y110.1579 Z0.6267 E0.02133 F1080
G1 X85.3240 Y109.7682 Z0.6269 E0.02133 F1080
G1 X85.4190 Y109.3796 Z0.6270 E0.02133 F1080
G1 X85.5187 Y108.9922 Z0.6272 E0.02133 F1080
G1 X85.6230 Y108.6061 Z0.6274 E0.02133 F1080
G1 X85.7320 Y108.2212 Z0.6275 E0.02133 F1080
G1 X85.8456 Y107.8377 Z0.6277 E0.02133 F1080
G1 X85.9639 Y107.4556 Z0.6279 E0.02133 F1080
G1 X86.0868 Y107.0749 Z0.6280 E0.02133 F1080
G1 X86.2142 Y106.6957 Z0.6282 E0.02133 F1080
G1 X86.3463 Y106.3182 Z0.6284 E0.02133 F1080
G1 X86.4829 Y105.9422 Z0.6285 E0.02133 F1080
G1 X86.6240 Y105.5679 Z0.6287 E0.02133 F1080
G1 X86.7696 Y105.1954 Z0.6289 E0.02133 F1080
G1 X86.9197 Y104.8246 Z0.6291 E0.02133 F1080
G1 X87.0743 Y104.4557 Z0.6292 E0.02133 F1080
G1 X87.2334 Y104.0886 Z0.6294 E0.02133 F1080
G1 X87.3968 Y103.7236 Z0.6296 E0.02133 F1080
G1 X87.5647 Y103.3605 Z0.6297 E0.02133 F1080
G1 X87.7369 Y102.9995 Z0.6299 E0.02133 F1080
G1 X87.9135 Y102.6406 Z0.6301 E0.02133 F1080
G1 X88.0944 Y102.2838 Z0.6302 E0.02133 F1080
G1 X88.2797 Y101.9293 Z0.6304 E0.02133 F1080
G1 X88.4691 Y101.5770 Z0.6306 E0.02133 F1080
G1 X88.6629 Y101.2270 Z0.6307 E0.02133 F1080
G1 X88.8608 Y100.8794 Z0.6309 E0.02133 F1080
G1 X89.0629 Y100.5342 Z0.6311 E0.02133 F1080
G1 X89.2692 Y100.1915 Z0.6312 E0.02133 F1080
G1 X89.4796 Y99.8513 Z0.6314 E0.02133 F1080
G1 X89.6941 Y99.5137 Z0.6316 E0.02133 F1080
G1 X89.9126 Y99.1787 Z0.6318 E0.02133 F1080
G1 X90.1352 Y98.8463 Z0.6319 E0.02133 F1080
G1 X90.3618 Y98.5167 Z0.6321 E0.02133 F1080
G1 X90.5923 Y98.1898 Z0.6323 E0.02133 F1080
G1 X90.8268 Y97.8657 Z0.6324 E0.02133 F1080
G1 X91.0652 Y97.5445 Z0.6326 E0.02133 F1080
G1 X91.3074 Y97.2262 Z0.6328 E0.02133 F1080
G1 X91.5535 Y96.9108 Z0.6329 E0.02133 F1080
G1 X91.8033 Y96.5984 Z0.6331 E0.02133 F1080
G1 X92.0570 Y96.2891 Z0.6333 E0.02133 F1080
G1 X92.3143 Y95.9829 Z0.6334 E0.02133 F1080
G1 X92.5753 Y95.6798 Z0.6336 E0.02133 F1080
G1 X92.8399 Y95.3798 Z0.6338 E0.02133 F1080
G1 X93.1082 Y95.0831 Z0.6340 E0.02133 F1080
G1 X93.3800 Y94.7896 Z0.6341 E0.02133 F1080
G1 X93.6553 Y94.4995 Z0.6343 E0.02133 F1080
G1 X93.9341 Y94.2126 Z0.6345 E0.02133 F1080
G1 X94.2164 Y93.9292 Z0.6346 E0.02133 F1080
G1 X94.5021 Y93.6492 Z0.6348 E0.02133 F1080
G1 X94.7911 Y93.3727 Z0.6350 E0.02133 F1080
G1 X95.0834 Y93.0996 Z0.6351 E0.02133 F1080
G1 X95.3790 Y92.8302 Z0.6353 E0.02133 F1080
G1 X95.6779 Y92.5643 Z0.6355 E0.02133 F1080
G1 X95.9799 Y92.3020 Z0.6357 E0.02133 F1080
G1 X96.2851 Y92.0434 Z0.6358 E0.02133 F1080
G1 X96.5933 Y91.7885 Z0.6360 E0.02133 F1080
G1 X96.9047 Y91.5374 Z0.6362 E0.02133 F1080
G1 X97.2190 Y91.2900 Z0.6363 E0.02133 F1080
G1 X97.5363 Y91.0465 Z0.6365 E0.02133 F1080
G1 X97.8565 Y90.8067 Z0.6367 E0.02133 F1080
G1 X98.1796 Y90.5709 Z0.6368 E0.02133 F1080
G1 X98.5055 Y90.3390 Z0.6370 E0.02133 F1080
G1 X98.8342 Y90.1110 Z0.6372 E0.02133 F1080
G1 X99.1656 Y89.8870 Z0.6374 E0.02133 F1080
G1 X99.4997 Y89.6671 Z0.6375 E0.02133 F1080
G1 X99.8364 Y89.4511 Z0.6377 E0.02133 F1080
G1 X100.1757 Y89.2393 Z0.6379 E0.02133 F1080
G1 X100.5176 Y89.0316 Z0.6380 E0.02133 F1080
G1 X100.8619 Y88.8280 Z0.6382 E0.02133 F1080
G1 X101.2086 Y88.6285 Z0.6384 E0.02133 F1080
G1 X101.5578 Y88.4333 Z0.6385 E0.02133 F1080
G1 X101.9092 Y88.2423 Z0.6387 E0.02133 F1080
G1 X102.2630 Y88.0556 Z0.6389 E0.02133 F1080
G1 X102.6189 Y87.8731 Z0.6391 E0.02133 F1080
G1 X102.9771 Y87.6950 Z0.6392 E0.02133 F1080
G1 X103.3373 Y87.5211 Z0.6394 E0.02133 F1080
G1 X103.6997 Y87.3517 Z0.6396 E0.02133 F1080
G1 X104.0640 Y87.1866 Z0.6397 E0.02133 F1080
G1 X104.4303 Y87.0259 Z0.6399 E0.02133 F1080
G1 X104.7986 Y86.8697 Z0.6401 E0.02133 F1080
G1 X105.1686 Y86.7179 Z0.6402 E0.02133 F1080
G1 X105.5405 Y86.5706 Z0.6404 E0.02133 F1080
G1 X105.9142 Y86.4278 Z0.6406 E0.02133 F1080
G1 X106.2895 Y86.2895 Z0.6408 E0.02133 F1080
G1 X106.6665 Y86.1557 Z0.6409 E0.02133 F1080
G1 X107.0450 Y86.0265 Z0.6411 E0.02133 F1080
G1 X107.4251 Y85.9019 Z0.6413 E0.02133 F1080
G1 X107.8067 Y85.7819 Z0.6414 E0.02133 F1080
G1 X108.1897 Y85.6664 Z0.6416 E0.02133 F1080
G1 X108.5740 Y85.5556 Z0.6418 E0.02133 F1080
G1 X108.9597 Y85.4495 Z0.6420 E0.02133 F1080
G1 X109.3466 Y85.3480 Z0.6421 E0.02133 F1080
G1 X109.7347 Y85.2512 Z0.6423 E0.02133 F1080
G1 X110.1240 Y85.1590 Z0.6425 E0.02133 F1080
G1 X110.5143 Y85.0716 Z0.6426 E0.02133 F1080
G1 X110.9057 Y84.9889 Z0.6428 E0.02133 F1080
G1 X111.2980 Y84.9109 Z0.6430 E0.02133 F1080
G1 X111.6912 Y84.8376 Z0.6431 E0.02133 F1080
G1 X112.0853 Y84.7691 Z0.6433 E0.02133 F1080
G1 X112.4802 Y84.7053 Z0.6435 E0.02133 F1080
G1 X112.8758 Y84.6463 Z0.6437 E0.02133 F1080
G1 X113.2722 Y84.5921 Z0.6438 E0.02133 F1080
G1 X113.6691 Y84.5427 Z0.6440 E0.02133 F1080
G1 X114.0666 Y84.4980 Z0.6442 E0.02133 F1080
G1 X114.4646 Y84.4582 Z0.6443 E0.02133 F1080
G1 X114.8631 Y84.4231 Z0.6445 E0.02133 F1080
G1 X115.2619 Y84.3929 Z0.6447 E0.02133 F1080
G1 X115.6611 Y84.3675 Z0.6449 E0.02133 F1080
G1 X116.0606 Y84.3468 Z0.6450 E0.02133 F1080
G1 X116.4603 Y84.3310 Z0.6452 E0.02133 F1080
G1 X116.8601 Y84.3201 Z0.6454 E0.02133 F1080
G1 X117.2601 Y84.3139 Z0.6455 E0.02133 F1080
G1 X117.6601 Y84.3125 Z0.6457 E0.02133 F1080
G1 X118.0601 Y84.3160 Z0.6459 E0.02133 F1080
G1 X118.4600 Y84.3243 Z0.6461 E0.02133 F1080
G1 X118.8598 Y84.3374 Z0.6462 E0.02133 F1080
G1 X119.2594 Y84.3554 Z0.6464 E0.02133 F1080
G1 X119.6588 Y84.3781 Z0.6466 E0.02133 F1080
G1 X120.0578 Y84.4057 Z0.6467 E0.02133 F1080
G1 X120.4565 Y84.4380 Z0.6469 E0.02133 F1080
G1 X120.8548 Y84.4752 Z0.6471 E0.02133 F1080
G1 X121.2526 Y84.5172 Z0.6473 E0.02133 F1080
G1 X121.6498 Y84.5639 Z0.6474 E0.02133 F1080
G1 X122.0465 Y84.6155 Z0.6476 E0.02133 F1080
G1 X122.4425 Y84.6718 Z0.6478 E0.02133 F1080
G1 X122.8378 Y84.7329 Z0.6479 E0.02133 F1080
G1 X123.2324 Y84.7987 Z0.6481 E0.02133 F1080
G1 X123.6261 Y84.8693 Z0.6483 E0.02133 F1080
G1 X124.0189 Y84.9446 Z0.6485 E0.02133 F1080
G1 X124.4109 Y85.0247 Z0.6486 E0.02133 F1080
G1 X124.8018 Y85.1094 Z0.6488 E0.02133 F1080
G1 X125.1916 Y85.1989 Z0.6490 E0.02133 F1080
G1 X125.5804 Y85.2931 Z0.6491 E0.02133 F1080
G1 X125.9680 Y85.3919 Z0.6493 E0.02133 F1080
G1 X126.3544 Y85.4954 Z0.6495 E0.02133 F1080
G1 X126.7395 Y85.6036 Z0.6497 E0.02133 F1080
G1 X127.1233 Y85.7163 Z0.6498 E0.02133 F1080
G1 X127.5057 Y85.8337 Z0.6500 E0.02133 F1080
G1 X127.8866 Y85.9557 Z0.6502 E0.02133 F1080
G1 X128.2661 Y86.0823 Z0.6503 E0.02133 F1080
G1 X128.6440 Y86.2134 Z0.6505 E0.02133 F1080
G1 X129.0203 Y86.3491 Z0.6507 E0.02133 F1080
G1 X129.3949 Y86.4893 Z0.6509 E0.02133 F1080
G1 X129.7678 Y86.6340 Z0.6510 E0.02133 F1080
G1 X130.1389 Y86.7832 Z0.6512 E0.02133 F1080
G1 X130.5083 Y86.9368 Z0.6514 E0.02133 F1080
G1 X130.8757 Y87.0949 Z0.6516 E0.02133 F1080
G1 X131.2412 Y87.2574 Z0.6517 E0.02133 F1080
G1 X131.6048 Y87.4242 Z0.6519 E0.02133 F1080
G1 X131.9663 Y87.5955 Z0.6521 E0.02133 F1080
G1 X132.3257 Y87.7711 Z0.6522 E0.02133 F1080
G1 X132.6829 Y87.9510 Z0.6524 E0.02133 F1080
G1 X133.0380 Y88.1351 Z0.6526 E0.02133 F1080
G1 X133.3908 Y88.3236 Z0.6528 E0.02133 F1080
G1 X133.7414 Y88.5163 Z0.6529 E0.02133 F1080
G1 X134.0896 Y88.7131 Z0.6531 E0.02133 F1080
G1 X134.4354 Y88.9142 Z0.6533 E0.02133 F1080
G1 X134.7787 Y89.1194 Z0.6534 E0.02133 F1080
G1 X135.1196 Y89.3288 Z0.6536 E0.02133 F1080
G1 X135.4579 Y89.5422 Z0.6538 E0.02133 F1080
G1 X135.7936 Y89.7597 Z0.6540 E0.02133 F1080
G1 X136.1267 Y89.9812 Z0.6541 E0.02133 F1080
G1 X136.4571 Y90.2066 Z0.6543 E0.02133 F1080
G1 X136.7847 Y90.4361 Z0.6545 E0.02133 F1080
G1 X137.1096 Y90.6695 Z0.6547 E0.02133 F1080
G1 X137.4316 Y90.9068 Z0.6548 E0.02133 F1080
G1 X137.7508 Y91.1479 Z0.6550 E0.02133 F1080
G1 X138.0670 Y91.3929 Z0.6552 E0.02133 F1080
G1 X138.3802 Y91.6416 Z0.6553 E0.02133 F1080
G1 X138.6905 Y91.8941 Z0.6555 E0.02133 F1080
G1 X138.9977 Y92.1503 Z0.6557 E0.02133 F1080
G1 X139.3017 Y92.4102 Z0.6559 E0.02133 F1080
G1 X139.6027 Y92.6737 Z0.6560 E0.02133 F1080
G1 X139.9004 Y92.9409 Z0.6562 E0.02133 F1080
G1 X140.1949 Y93.2116 Z0.6564 E0.02133 F1080
G1 X140.4861 Y93.4858 Z0.6566 E0.02133 F1080
G1 X140.7740 Y93.7635 Z0.6567 E0.02133 F1080
G1 X141.0585 Y94.0446 Z0.6569 E0.02133 F1080
G1 X141.3396 Y94.3292 Z0.6571 E0.02133 F1080
G1 X141.6173 Y94.6171 Z0.6572 E0.02133 F1080
G1 X141.8915 Y94.9083 Z0.6574 E0.02133 F1080
G1 X142.1622 Y95.2029 Z0.6576 E0.02133 F1080
G1 X142.4293 Y95.5006 Z0.6578 E0.02133 F1080
G1 X142.6928 Y95.8015 Z0.6579 E0.02133 F1080
G1 X142.9527 Y96.1056 Z0.6581 E0.02133 F1080
G1 X143.2089 Y96.4128 Z0.6583 E0.02133 F1080
G1 X143.4614 Y96.7231 Z0.6585 E0.02133 F1080
G1 X143.7101 Y97.0363 Z0.6586 E0.02133 F1080
G1 X143.9550 Y97.3526 Z0.6588 E0.02133 F1080
G1 X144.1962 Y97.6717 Z0.6590 E0.02133 F1080
G1 X144.4334 Y97.9938 Z0.6592 E0.02133 F1080
G1 X144.6668 Y98.3187 Z0.6593 E0.02133 F1080
G1 X144.8963 Y98.6463 Z0.6595 E0.02133 F1080
G1 X145.1217 Y98.9767 Z0.6597 E0.02133 F1080
G1 X145.3433 Y99.3098 Z0.6598 E0.02133 F1080
G1 X145.5607 Y99.6455 Z0.6600 E0.02133 F1080
G1 X145.7742 Y99.9838 Z0.6602 E0.02133 F1080
G1 X145.9835 Y100.3246 Z0.6604 E0.02133 F1080
G1 X146.1887 Y100.6680 Z0.6605 E0.02133 F1080
G1 X146.3898 Y101.0138 Z0.6607 E0.02133 F1080
G1 X146.5867 Y101.3619 Z0.6609 E0.02133 F1080
G1 X146.7794 Y101.7125 Z0.6611 E0.02133 F1080
G1 X146.9679 Y102.0653 Z0.6612 E0.02133 F1080
G1 X147.1522 Y102.4203 Z0.6614 E0.02133 F1080
G1 X147.3321 Y102.7776 Z0.6616 E0.02133 F1080
G1 X147.5077 Y103.1370 Z0.6618 E0.02133 F1080
G1 X147.6790 Y103.4984 Z0.6619 E0.02133 F1080
G1 X147.8460 Y103.8619 Z0.6621 E0.02133 F1080
G1 X148.0086 Y104.2274 Z0.6623 E0.02133 F1080
G1 X148.1667 Y104.5948 Z0.6624 E0.02133 F1080
G1 X148.3204 Y104.9641 Z0.6626 E0.02133 F1080
G1 X148.4697 Y105.3352 Z0.6628 E0.02133 F1080
G1 X148.6145 Y105.7081 Z0.6630 E0.02133 F1080
G1 X148.7548 Y106.0827 Z0.6631 E0.02133 F1080
G1 X148.8906 Y106.4589 Z0.6633 E0.02133 F1080
G1 X149.0219 Y106.8368 Z0.6635 E0.02133 F1080
G1 X149.1486 Y107.2162 Z0.6637 E0.02133 F1080
G1 X149.2708 Y107.5971 Z0.6638 E0.02133 F1080
G1 X149.3883 Y107.9794 Z0.6640 E0.02133 F1080
G1 X149.5013 Y108.3631 Z0.6642 E0.02133 F1080
G1 X149.6096 Y108.7482 Z0.6644 E0.02133 F1080
G1 X149.7133 Y109.1345 Z0.6645 E0.02133 F1080
G1 X149.8124 Y109.5221 Z0.6647 E0.02133 F1080
G1 X149.9067 Y109.9108 Z0.6649 E0.02133 F1080
G1 X149.9964 Y110.3006 Z0.6651 E0.02133 F1080
G1 X150.0815 Y110.6914 Z0.6652 E0.02133 F1080
G1 X150.1618 Y111.0833 Z0.6654 E0.02133 F1080
G1 X150.2374 Y111.4761 Z0.6656 E0.02133 F1080
G1 X150.3082 Y111.8698 Z0.6658 E0.02133 F1080
G1 X150.3744 Y112.2643 Z0.6659 E0.02133 F1080
G1 X150.4358 Y112.6595 Z0.6661 E0.02133 F1080
G1 X150.4924 Y113.0555 Z0.6663 E0.02133 F1080
G1 X150.5443 Y113.4521 Z0.6664 E0.02133 F1080
G1 X150.5914 Y113.8494 Z0.6666 E0.02133 F1080
G1 X150.6337 Y114.2471 Z0.6668 E0.02133 F1080
G1 X150.6712 Y114.6453 Z0.6670 E0.02133 F1080
G1 X150.7040 Y115.0440 Z0.6671 E0.02133 F1080
G1 X150.7320 Y115.4430 Z0.6673 E0.02133 F1080
G1 X150.7551 Y115.8424 Z0.6675 E0.02133 F1080
G1 X150.7735 Y116.2419 Z0.6677 E0.02133 F1080
G1 X150.7871 Y116.6417 Z0.6678 E0.02133 F1080
G1 X150.7959 Y117.0416 Z0.6680 E0.02133 F1080
G1 X150.7998 Y117.4416 Z0.6682 E0.02133 F1080
G1 X150.7990 Y117.8416 Z0.6684 E0.02133 F1080
G1 X150.7933 Y118.2416 Z0.6685 E0.02133 F1080
G1 X150.7829 Y118.6414 Z0.6687 E0.02133 F1080
G1 X150.7676 Y119.0412 Z0.6689 E0.02133 F1080
G1 X150.7476 Y119.4407 Z0.6691 E0.02133 F1080
G1 X150.7227 Y119.8399 Z0.6692 E0.02133 F1080
G1 X150.6931 Y120.2388 Z0.6694 E0.02133 F1080
G1 X150.6587 Y120.6373 Z0.6696 E0.02133 F1080
G1 X150.6195 Y121.0354 Z0.6698 E0.02133 F1080
G1 X150.5755 Y121.4330 Z0.6699 E0.02133 F1080
G1 X150.5267 Y121.8300 Z0.6701 E0.02133 F1080
G1 X150.4732 Y122.2264 Z0.6703 E0.02133 F1080
G1 X150.4149 Y122.6221 Z0.6705 E0.02133 F1080
G1 X150.3519 Y123.0171 Z0.6706 E0.02133 F1080
G1 X150.2841 Y123.4114 Z0.6708 E0.02133 F1080
G1 X150.2116 Y123.8047 Z0.6710 E0.02133 F1080
G1 X150.1344 Y124.1972 Z0.6712 E0.02133 F1080
G1 X150.0525 Y124.5887 Z0.6713 E0.02133 F1080
G1 X149.9658 Y124.9793 Z0.6715 E0.02133 F1080
G1 X149.8745 Y125.3687 Z0.6717 E0.02133 F1080
G1 X149.7786 Y125.7570 Z0.6719 E0.02133 F1080
G1 X149.6780 Y126.1442 Z0.6720 E0.02133 F1080
G1 X149.5727 Y126.5301 Z0.6722 E0.02133 F1080
G1 X149.4628 Y126.9147 Z0.6724 E0.02133 F1080
G1 X149.3483 Y127.2979 Z0.6726 E0.02133 F1080
G1 X149.2292 Y127.6798 Z0.6727 E0.02133 F1080
G1 X149.1055 Y128.0602 Z0.6729 E0.02133 F1080
G1 X148.9773 Y128.4391 Z0.6731 E0.02133 F1080
G1 X148.8446 Y128.8164 Z0.6733 E0.02133 F1080
G1 X148.7073 Y129.1921 Z0.6734 E0.02133 F1080
G1 X148.5655 Y129.5662 Z0.6736 E0.02133 F1080
G1 X148.4192 Y129.9385 Z0.6738 E0.02133 F1080
G1 X148.2685 Y130.3090 Z0.6740 E0.02133 F1080
G1 X148.1134 Y130.6777 Z0.6741 E0.02133 F1080
G1 X147.9538 Y131.0445 Z0.6743 E0.02133 F1080
G1 X147.7898 Y131.4094 Z0.6745 E0.02133 F1080
G1 X147.6215 Y131.7722 Z0.6747 E0.02133 F1080
G1 X147.4488 Y132.1330 Z0.6748 E0.02133 F1080
G1 X147.2719 Y132.4918 Z0.6750 E0.02133 F1080
G1 X147.0906 Y132.8483 Z0.6752 E0.02133 F1080
G1 X146.9050 Y133.2027 Z0.6754 E0.02133 F1080
G1 X146.7153 Y133.5548 Z0.6755 E0.02133 F1080
G1 X146.5213 Y133.9046 Z0.6757 E0.02133 F1080
G1 X146.3231 Y134.2521 Z0.6759 E0.02133 F1080
G1 X146.1208 Y134.5971 Z0.6761 E0.02133 F1080
G1 X145.9143 Y134.9397 Z0.6762 E0.02133 F1080
G1 X145.7038 Y135.2798 Z0.6764 E0.02133 F1080
G1 X145.4891 Y135.6174 Z0.6766 E0.02133 F1080
G1 X145.2705 Y135.9524 Z0.6768 E0.02133 F1080
G1 X145.0478 Y136.2847 Z0.6769 E0.02133 F1080
G1 X144.8212 Y136.6143 Z0.6771 E0.02133 F1080
G1 X144.5906 Y136.9411 Z0.6773 E0.02133 F1080
G1 X144.3562 Y137.2652 Z0.6775 E0.02133 F1080
G1 X144.1178 Y137.5865 Z0.6776 E0.02133 F1080
G1 X143.8757 Y137.9048 Z0.6778 E0.02133 F1080
G1 X143.6297 Y138.2203 Z0.6780 E0.02133 F1080
G1 X143.3799 Y138.5327 Z0.6782 E0.02133 F1080
G1 X143.1265 Y138.8422 Z0.6784 E0.02133 F1080
G1 X142.8693 Y139.1486 Z0.6785 E0.02133 F1080
G1 X142.6085 Y139.4518 Z0.6787 E0.02133 F1080
G1 X142.3441 Y139.7520 Z0.6789 E0.02133 F1080
G1 X142.0760 Y140.0489 Z0.6791 E0.02133 F1080
G1 X141.8045 Y140.3426 Z0.6792 E0.02133 F1080
G1 X141.5294 Y140.6330 Z0.6794 E0.02133 F1080
G1 X141.2509 Y140.9201 Z0.6796 E0.02133 F1080
G1 X140.9689 Y141.2038 Z0.6798 E0.02133 F1080
G1 X140.6836 Y141.4842 Z0.6799 E0.02133 F1080
G1 X140.3949 Y141.7611 Z0.6801 E0.02133 F1080
G1 X140.1030 Y142.0345 Z0.6803 E0.02133 F1080
G1 X139.8077 Y142.3044 Z0.6805 E0.02133 F1080
G1 X139.5093 Y142.5707 Z0.6806 E0.02133 F1080
G1 X139.2077 Y142.8335 Z0.6808 E0.02133 F1080
G1 X138.9029 Y143.0926 Z0.6810 E0.02133 F1080
G1 X138.5951 Y143.3480 Z0.6812 E0.02133 F1080
G1 X138.2842 Y143.5997 Z0.6813 E0.02133 F1080
G1 X137.9704 Y143.8477 Z0.6815 E0.02133 F1080
G1 X137.6535 Y144.0919 Z0.6817 E0.02133 F1080
G1 X137.3338 Y144.3323 Z0.6819 E0.02133 F1080
G1 X137.0113 Y144.5688 Z0.6820 E0.02133 F1080
G1 X136.6859 Y144.8014 Z0.6822 E0.02133 F1080
G1 X136.3577 Y145.0302 Z0.6824 E0.02133 F1080
G1 X136.0268 Y145.2549 Z0.6826 E0.02133 F1080
G1 X135.6933 Y145.4757 Z0.6828 E0.02133 F1080
G1 X135.3571 Y145.6925 Z0.6829 E0.02133 F1080
G1 X135.0184 Y145.9053 Z0.6831 E0.02133 F1080
G1 X134.6771 Y146.1139 Z0.6833 E0.02133 F1080
G1 X134.3334 Y146.3185 Z0.6835 E0.02133 F1080
G1 X133.9872 Y146.5189 Z0.6836 E0.02133 F1080
G1 X133.6386 Y146.7152 Z0.6838 E0.02133 F1080
G1 X133.2878 Y146.9072 Z0.6840 E0.02133 F1080
G1 X132.9346 Y147.0951 Z0.6842 E0.02133 F1080
G1 X132.5792 Y147.2787 Z0.6843 E0.02133 F1080
G1 X132.2217 Y147.4580 Z0.6845 E0.02133 F1080
G1 X131.8620 Y147.6330 Z0.6847 E0.02133 F1080
G1 X131.5003 Y147.8037 Z0.6849 E0.02133 F1080
G1 X131.1365 Y147.9701 Z0.6850 E0.02133 F1080
G1 X130.7708 Y148.1321 Z0.6852 E0.02133 F1080
G1 X130.4031 Y148.2897 Z0.6854 E0.02133 F1080
G1 X130.0336 Y148.4429 Z0.6856 E0.02133 F1080
G1 X129.6623 Y148.5916 Z0.6858 E0.02133 F1080
G1 X129.2892 Y148.7359 Z0.6859 E0.02133 F1080
G1 X128.9144 Y148.8757 Z0.6861 E0.02133 F1080
G1 X128.5380 Y149.0110 Z0.6863 E0.02133 F1080
G1 X128.1600 Y149.1418 Z0.6865 E0.02133 F1080
G1 X127.7804 Y149.2681 Z0.6866 E0.02133 F1080
G1 X127.3994 Y149.3898 Z0.6868 E0.02133 F1080
G1 X127.0169 Y149.5069 Z0.6870 E0.02133 F1080
G1 X126.6331 Y149.6194 Z0.6872 E0.02133 F1080
G1 X126.2479 Y149.7273 Z0.6873 E0.02133 F1080
G1 X125.8615 Y149.8306 Z0.6875 E0.02133 F1080
G1 X125.4738 Y149.9293 Z0.6877 E0.02133 F1080
G1 X125.0850 Y150.0233 Z0.6879 E0.02133 F1080
G1 X124.6951 Y150.1127 Z0.6881 E0.02133 F1080
G1 X124.3042 Y150.1973 Z0.6882 E0.02133 F1080
G1 X123.9123 Y150.2773 Z0.6884 E0.02133 F1080
G1 X123.5194 Y150.3526 Z0.6886 E0.02133 F1080
G1 X123.1257 Y150.4232 Z0.6888 E0.02133 F1080
G1 X122.7311 Y150.4891 Z0.6889 E0.02133 F1080
G1 X122.3358 Y150.5502 Z0.6891 E0.02133 F1080
G1 X121.9398 Y150.6066 Z0.6893 E0.02133 F1080
G1 X121.5432 Y150.6582 Z0.6895 E0.02133 F1080
G1 X121.1459 Y150.7051 Z0.6896 E0.02133 F1080
G1 X120.7482 Y150.7472 Z0.6898 E0.02133 F1080
G1 X120.3499 Y150.7846 Z0.6900 E0.02133 F1080
G1 X119.9512 Y150.8172 Z0.6902 E0.02133 F1080
G1 X119.5522 Y150.8450 Z0.6904 E0.02133 F1080
G1 X119.1528 Y150.8680 Z0.6905 E0.02133 F1080
G1 X118.7533 Y150.8863 Z0.6907 E0.02133 F1080
G1 X118.3535 Y150.8998 Z0.6909 E0.02133 F1080
G1 X117.9536 Y150.9084 Z0.6911 E0.02133 F1080
G1 X117.5536 Y150.9123 Z0.6912 E0.02133 F1080
G1 X117.1536 Y150.9114 Z0.6914 E0.02133 F1080
G1 X116.7536 Y150.9058 Z0.6916 E0.02133 F1080
G1 X116.3538 Y150.8953 Z0.6918 E0.02133 F1080
G1 X115.9540 Y150.8800 Z0.6920 E0.02133 F1080
G1 X115.5545 Y150.8600 Z0.6921 E0.02133 F1080
G1 X115.1553 Y150.8352 Z0.6923 E0.02133 F1080
G1 X114.7564 Y150.8056 Z0.6925 E0.02133 F1080
G1 X114.3579 Y150.7712 Z0.6927 E0.02133 F1080
G1 X113.9598 Y150.7321 Z0.6928 E0.02133 F1080
G1 X113.5622 Y150.6882 Z0.6930 E0.02133 F1080
G1 X113.1652 Y150.6395 Z0.6932 E0.02133 F1080
G1 X112.7688 Y150.5861 Z0.6934 E0.02133 F1080
G1 X112.3730 Y150.5280 Z0.6936 E0.02133 F1080
G1 X111.9780 Y150.4651 Z0.6937 E0.02133 F1080
G1 X111.5837 Y150.3975 Z0.6939 E0.02133 F1080
G1 X111.1903 Y150.3252 Z0.6941 E0.02133 F1080
G1 X110.7978 Y150.2482 Z0.6943 E0.02133 F1080
G1 X110.4062 Y150.1665 Z0.6944 E0.02133 F1080
G1 X110.0156 Y150.0801 Z0.6946 E0.02133 F1080
G1 X109.6261 Y149.9890 Z0.6948 E0.02133 F1080
G1 X109.2378 Y149.8933 Z0.6950 E0.02133 F1080
G1 X108.8505 Y149.7930 Z0.6952 E0.02133 F1080
G1 X108.4646 Y149.6880 Z0.6953 E0.02133 F1080
G1 X108.0799 Y149.5784 Z0.6955 E0.02133 F1080
G1 X107.6965 Y149.4642 Z0.6957 E0.02133 F1080
G1 X107.3145 Y149.3455 Z0.6959 E0.02133 F1080
G1 X106.9340 Y149.2221 Z0.6960 E0.02133 F1080
G1 X106.5550 Y149.0943 Z0.6962 E0.02133 F1080
G1 X106.1775 Y148.9619 Z0.6964 E0.02133 F1080
G1 X105.8017 Y148.8250 Z0.6966 E0.02133 F1080
G1 X105.4275 Y148.6836 Z0.6968 E0.02133 F1080
G1 X105.0550 Y148.5378 Z0.6969 E0.02133 F1080
G1 X104.6843 Y148.3875 Z0.6971 E0.02133 F1080
G1 X104.3155 Y148.2328 Z0.6973 E0.02133 F1080
G1 X103.9485 Y148.0737 Z0.6975 E0.02133 F1080
G1 X103.5834 Y147.9102 Z0.6976 E0.02133 F1080
G1 X103.2203 Y147.7423 Z0.6978 E0.02133 F1080
G1 X102.8593 Y147.5701 Z0.6980 E0.02133 F1080
G1 X102.5003 Y147.3937 Z0.6982 E0.02133 F1080
G1 X102.1435 Y147.2129 Z0.6984 E0.02133 F1080
G1 X101.7888 Y147.0279 Z0.6985 E0.02133 F1080
G1 X101.4364 Y146.8386 Z0.6987 E0.02133 F1080
G1 X101.0863 Y146.6452 Z0.6989 E0.02133 F1080
G1 X100.7385 Y146.4476 Z0.6991 E0.02133 F1080
G1 X100.3931 Y146.2458 Z0.6992 E0.02133 F1080
G1 X100.0502 Y146.0399 Z0.6994 E0.02133 F1080
G1 X99.7097 Y145.8300 Z0.6996 E0.02133 F1080
G1 X99.3718 Y145.6159 Z0.6998 E0.02133 F1080
G1 X99.0364 Y145.3979 Z0.7000 E0.02133 F1080
G1 X98.7037 Y145.1758 Z0.7001 E0.02133 F1080
G1 X98.3737 Y144.9498 Z0.7003 E0.02133 F1080
G1 X98.0464 Y144.7199 Z0.7005 E0.02133 F1080
G1 X97.7218 Y144.4861 Z0.7007 E0.02133 F1080
G1 X97.4001 Y144.2484 Z0.7009 E0.02133 F1080
G1 X97.0813 Y144.0069 Z0.7010 E0.02133 F1080
G1 X96.7653 Y143.7615 Z0.7012 E0.02133 F1080
G1 X96.4523 Y143.5125 Z0.7014 E0.02133 F1080
G1 X96.1423 Y143.2597 Z0.7016 E0.02133 F1080
G1 X95.8354 Y143.0032 Z0.7017 E0.02133 F1080
G1 X95.5315 Y142.7430 Z0.7019 E0.02133 F1080
G1 X95.2308 Y142.4793 Z0.7021 E0.02133 F1080
G1 X94.9332 Y142.2120 Z0.7023 E0.02133 F1080
G1 X94.6389 Y141.9411 Z0.7025 E0.02133 F1080
G1 X94.3478 Y141.6667 Z0.7026 E0.02133 F1080
G1 X94.0600 Y141.3889 Z0.7028 E0.02133 F1080
G1 X93.7756 Y141.1077 Z0.7030 E0.02133 F1080
G1 X93.4945 Y140.8230 Z0.7032 E0.02133 F1080
G1 X93.2169 Y140.5351 Z0.7034 E0.02133 F1080
G1 X92.9427 Y140.2438 Z0.7035 E0.02133 F1080
G1 X92.6721 Y139.9493 Z0.7037 E0.02133 F1080
G1 X92.4049 Y139.6516 Z0.7039 E0.02133 F1080
G1 X92.1414 Y139.3507 Z0.7041 E0.02133 F1080
G1 X91.8814 Y139.0467 Z0.7043 E0.02133 F1080
G1 X91.6251 Y138.7395 Z0.7044 E0.02133 F1080
G1 X91.3725 Y138.4294 Z0.7046 E0.02133 F1080
G1 X91.1236 Y138.1163 Z0.7048 E0.02133 F1080
G1 X90.8785 Y137.8002 Z0.7050 E0.02133 F1080
G1 X90.6372 Y137.4811 Z0.7051 E0.02133 F1080
G1 X90.3997 Y137.1593 Z0.7053 E0.02133 F1080
G1 X90.1661 Y136.8346 Z0.7055 E0.02133 F1080
G1 X89.9363 Y136.5072 Z0.7057 E0.02133 F1080
G1 X89.7105 Y136.1770 Z0.7059 E0.02133 F1080
G1 X89.4887 Y135.8441 Z0.7060 E0.02133 F1080
G1 X89.2708 Y135.5087 Z0.7062 E0.02133 F1080
G1 X89.0570 Y135.1706 Z0.7064 E0.02133 F1080
G1 X88.8472 Y134.8300 Z0.7066 E0.02133 F1080
G1 X88.6415 Y134.4870 Z0.7068 E0.02133 F1080
G1 X88.4399 Y134.1415 Z0.7069 E0.02133 F1080
G1 X88.2424 Y133.7936 Z0.7071 E0.02133 F1080
G1 X88.0492 Y133.4434 Z0.7073 E0.02133 F1080
G1 X87.8601 Y133.0909 Z0.7075 E0.02133 F1080
G1 X87.6752 Y132.7362 Z0.7077 E0.02133 F1080
G1 X87.4946 Y132.3793 Z0.7078 E0.02133 F1080
G1 X87.3183 Y132.0202 Z0.7080 E0.02133 F1080
G1 X87.1463 Y131.6591 Z0.7082 E0.02133 F1080
G1 X86.9785 Y131.2960 Z0.7084 E0.02133 F1080
G1 X86.8152 Y130.9308 Z0.7086 E0.02133 F1080
G1 X86.6562 Y130.5638 Z0.7087 E0.02133 F1080
G1 X86.5016 Y130.1949 Z0.7089 E0.02133 F1080
G1 X86.3514 Y129.8241 Z0.7091 E0.02133 F1080
G1 X86.2057 Y129.4516 Z0.7093 E0.02133 F1080
G1 X86.0644 Y129.0774 Z0.7094 E0.02133 F1080
G1 X85.9276 Y128.7015 Z0.7096 E0.02133 F1080
G1 X85.7953 Y128.3240 Z0.7098 E0.02133 F1080
G1 X85.6675 Y127.9450 Z0.7100 E0.02133 F1080
G1 X85.5443 Y127.5644 Z0.7102 E0.02133 F1080
G1 X85.4256 Y127.1824 Z0.7103 E0.02133 F1080
G1 X85.3114 Y126.7991 Z0.7105 E0.02133 F1080
G1 X85.2019 Y126.4144 Z0.7107 E0.02133 F1080
G1 X85.0970 Y126.0284 Z0.7109 E0.02133 F1080
G1 X84.9966 Y125.6411 Z0.7111 E0.02133 F1080
G1 X84.9009 Y125.2528 Z0.7112 E0.02133 F1080
G1 X84.8099 Y124.8633 Z0.7114 E0.02133 F1080
G1 X84.7235 Y124.4727 Z0.7116 E0.02133 F1080
G1 X84.6417 Y124.0811 Z0.7118 E0.02133 F1080
G1 X84.5647 Y123.6886 Z0.7120 E0.02133 F1080
G1 X84.4923 Y123.2952 Z0.7121 E0.02133 F1080
G1 X84.4247 Y122.9010 Z0.7123 E0.02133 F1080
G1 X84.3617 Y122.5060 Z0.7125 E0.02133 F1080
G1 X84.3035 Y122.1102 Z0.7127 E0.02133 F1080
G1 X84.2500 Y121.7138 Z0.7129 E0.02133 F1080
G1 X84.2012 Y121.3168 Z0.7130 E0.02133 F1080
G1 X84.1572 Y120.9192 Z0.7132 E0.02133 F1080
G1 X84.1179 Y120.5211 Z0.7134 E0.02133 F1080
G1 X84.0834 Y120.1226 Z0.7136 E0.02133 F1080
G1 X84.0536 Y119.7237 Z0.7138 E0.02133 F1080
G1 X84.0286 Y119.3245 Z0.7139 E0.02133 F1080
G1 X84.0083 Y118.9250 Z0.7141 E0.02133 F1080
G1 X83.9929 Y118.5253 Z0.7143 E0.02133 F1080
G1 X83.9822 Y118.1255 Z0.7145 E0.02133 F1080
G1 X83.9762 Y117.7255 Z0.7147 E0.02133 F1080
G1 X83.9751 Y117.3255 Z0.7148 E0.02133 F1080
G1 X83.9787 Y116.9255 Z0.7150 E0.02133 F1080
G1 X83.9871 Y116.5256 Z0.7152 E0.02133 F1080
G1 X84.0002 Y116.1258 Z0.7154 E0.02133 F1080
G1 X84.0182 Y115.7262 Z0.7156 E0.02133 F1080
G1 X84.0409 Y115.3269 Z0.7157 E0.02133 F1080
G1 X84.0683 Y114.9278 Z0.7159 E0.02133 F1080
G1 X84.1005 Y114.5291 Z0.7161 E0.02133 F1080
G1 X84.1375 Y114.1308 Z0.7163 E0.02133 F1080
G1 X84.1792 Y113.7330 Z0.7165 E0.02133 F1080
G1 X84.2257 Y113.3357 Z0.7166 E0.02133 F1080
G1 X84.2768 Y112.9390 Z0.7168 E0.02133 F1080
G1 X84.3328 Y112.5429 Z0.7170 E0.02133 F1080
G1 X84.3934 Y112.1475 Z0.7172 E0.02133 F1080
G1 X84.4588 Y111.7529 Z0.7174 E0.02133 F1080
G1 X84.5288 Y111.3591 Z0.7175 E0.02133 F1080
G1 X84.6036 Y110.9661 Z0.7177 E0.02133 F1080
G1 X84.6830 Y110.5741 Z0.7179 E0.02133 F1080
G1 X84.7671 Y110.1830 Z0.7181 E0.02133 F1080
G1 X84.8558 Y109.7930 Z0.7183 E0.02133 F1080
G1 X84.9492 Y109.4040 Z0.7185 E0.02133 F1080
G1 X85.0473 Y109.0162 Z0.7186 E0.02133 F1080
G1 X85.1499 Y108.6296 Z0.7188 E0.02133 F1080
G1 X85.2572 Y108.2442 Z0.7190 E0.02133 F1080
G1 X85.3690 Y107.8602 Z0.7192 E0.02133 F1080
G1 X85.4854 Y107.4775 Z0.7194 E0.02133 F1080
G1 X85.6064 Y107.0962 Z0.7195 E0.02133 F1080
G1 X85.7319 Y106.7164 Z0.7197 E0.02133 F1080
G1 X85.8619 Y106.3381 Z0.7199 E0.02133 F1080
G1 X85.9964 Y105.9614 Z0.7201 E0.02133 F1080
G1 X86.1355 Y105.5864 Z0.7203 E0.02133 F1080
G1 X86.2789 Y105.2130 Z0.7204 E0.02133 F1080
G1 X86.4268 Y104.8413 Z0.7206 E0.02133 F1080
G1 X86.5792 Y104.4715 Z0.7208 E0.02133 F1080
G1 X86.7359 Y104.1034 Z0.7210 E0.02133 F1080
G1 X86.8970 Y103.7373 Z0.7212 E0.02133 F1080
G1 X87.0624 Y103.3731 Z0.7213 E0.02133 F1080
G1 X87.2322 Y103.0110 Z0.7215 E0.02133 F1080
G1 X87.4063 Y102.6508 Z0.7217 E0.02133 F1080
G1 X87.5847 Y102.2928 Z0.7219 E0.02133 F1080
G1 X87.7673 Y101.9369 Z0.7221 E0.02133 F1080
G1 X87.9542 Y101.5832 Z0.7222 E0.02133 F1080
G1 X88.1452 Y101.2318 Z0.7224 E0.02133 F1080
G1 X88.3405 Y100.8827 Z0.7226 E0.02133 F1080
G1 X88.5398 Y100.5359 Z0.7228 E0.02133 F1080
G1 X88.7433 Y100.1915 Z0.7230 E0.02133 F1080
G1 X88.9509 Y99.8496 Z0.7232 E0.02133 F1080
G1 X89.1626 Y99.5102 Z0.7233 E0.02133 F1080
G1 X89.3782 Y99.1733 Z0.7235 E0.02133 F1080
G1 X89.5979 Y98.8390 Z0.7237 E0.02133 F1080
G1 X89.8216 Y98.5074 Z0.7239 E0.02133 F1080
G1 X90.0491 Y98.1784 Z0.7241 E0.02133 F1080
G1 X90.2806 Y97.8522 Z0.7242 E0.02133 F1080
G1 X90.5160 Y97.5288 Z0.7244 E0.02133 F1080
G1 X90.7552 Y97.2082 Z0.7246 E0.02133 F1080
G1 X90.9982 Y96.8904 Z0.7248 E0.02133 F1080
G1 X91.2449 Y96.5756 Z0.7250 E0.02133 F1080
G1 X91.4954 Y96.2638 Z0.7251 E0.02133 F1080
G1 X91.7496 Y95.9549 Z0.7253 E0.02133 F1080
G1 X92.0075 Y95.6491 Z0.7255 E0.02133 F1080
G1 X92.2689 Y95.3464 Z0.7257 E0.02133 F1080
G1 X92.5340 Y95.0468 Z0.7259 E0.02133 F1080
G1 X92.8026 Y94.7504 Z0.7260 E0.02133 F1080
G1 X93.0748 Y94.4573 Z0.7262 E0.02133 F1080
G1 X93.3504 Y94.1674 Z0.7264 E0.02133 F1080
G1 X93.6294 Y93.8807 Z0.7266 E0.02133 F1080
G1 X93.9118 Y93.5975 Z0.7268 E0.02133 F1080
G1 X94.1976 Y93.3176 Z0.7270 E0.02133 F1080
G1 X94.4867 Y93.0412 Z0.7271 E0.02133 F1080
G1 X94.7791 Y92.7682 Z0.7273 E0.02133 F1080
G1 X95.0747 Y92.4987 Z0.7275 E0.02133 F1080
G1 X95.3735 Y92.2327 Z0.7277 E0.02133 F1080
G1 X95.6754 Y91.9704 Z0.7279 E0.02133 F1080
G1 X95.9804 Y91.7116 Z0.7280 E0.02133 F1080
G1 X96.2885 Y91.4565 Z0.7282 E0.02133 F1080
G1 X96.5996 Y91.2051 Z0.7284 E0.02133 F1080
G1 X96.9137 Y90.9574 Z0.7286 E0.02133 F1080
G1 X97.2307 Y90.7134 Z0.7288 E0.02133 F1080
G1 X97.5506 Y90.4733 Z0.7290 E0.02133 F1080
G1 X97.8734 Y90.2370 Z0.7291 E0.02133 F1080
G1 X98.1989 Y90.0045 Z0.7293 E0.02133 F1080
G1 X98.5272 Y89.7760 Z0.7295 E0.02133 F1080
G1 X98.8581 Y89.5513 Z0.7297 E0.02133 F1080
G1 X99.1917 Y89.3306 Z0.7299 E0.02133 F1080
G1 X99.5280 Y89.1139 Z0.7300 E0.02133 F1080
G1 X99.8667 Y88.9012 Z0.7302 E0.02133 F1080
G1 X100.2080 Y88.6926 Z0.7304 E0.02133 F1080
G1 X100.5518 Y88.4881 Z0.7306 E0.02133 F1080
G1 X100.8979 Y88.2876 Z0.7308 E0.02133 F1080
G1 X101.2464 Y88.0913 Z0.7310 E0.02133 F1080
G1 X101.5973 Y87.8991 Z0.7311 E0.02133 F1080
G1 X101.9504 Y87.7112 Z0.7313 E0.02133 F1080
G1 X102.3057 Y87.5274 Z0.7315 E0.02133 F1080
G1 X102.6631 Y87.3479 Z0.7317 E0.02133 F1080
G1 X103.0227 Y87.1727 Z0.7319 E0.02133 F1080
G1 X103.3843 Y87.0018 Z0.7320 E0.02133 F1080
G1 X103.7480 Y86.8351 Z0.7322 E0.02133 F1080
G1 X104.1136 Y86.6729 Z0.7324 E0.02133 F1080
G1 X104.4811 Y86.5149 Z0.7326 E0.02133 F1080
G1 X104.8505 Y86.3614 Z0.7328 E0.02133 F1080
G1 X105.2216 Y86.2123 Z0.7330 E0.02133 F1080
G1 X105.5946 Y86.0676 Z0.7331 E0.02133 F1080
G1 X105.9692 Y85.9273 Z0.7333 E0.02133 F1080
G1 X106.3454 Y85.7915 Z0.7335 E0.02133 F1080
G1 X106.7233 Y85.6602 Z0.7337 E0.02133 F1080
G1 X107.1026 Y85.5334 Z0.7339 E0.02133 F1080
G1 X107.4835 Y85.4112 Z0.7340 E0.02133 F1080
G1 X107.8658 Y85.2934 Z0.7342 E0.02133 F1080
G1 X108.2494 Y85.1803 Z0.7344 E0.02133 F1080
G1 X108.6344 Y85.0717 Z0.7346 E0.02133 F1080
G1 X109.0207 Y84.9676 Z0.7348 E0.02133 F1080
G1 X109.4081 Y84.8682 Z0.7350 E0.02133 F1080
G1 X109.7967 Y84.7734 Z0.7351 E0.02133 F1080
G1 X110.1864 Y84.6833 Z0.7353 E0.02133 F1080
G1 X110.5772 Y84.5978 Z0.7355 E0.02133 F1080
G1 X110.9689 Y84.5169 Z0.7357 E0.02133 F1080
G1 X111.3616 Y84.4407 Z0.7359 E0.02133 F1080
G1 X111.7552 Y84.3692 Z0.7360 E0.02133 F1080
G1 X112.1495 Y84.3023 Z0.7362 E0.02133 F1080
G1 X112.5447 Y84.2402 Z0.7364 E0.02133 F1080
G1 X112.9406 Y84.1828 Z0.7366 E0.02133 F1080
G1 X113.3371 Y84.1301 Z0.7368 E0.02133 F1080
G1 X113.7342 Y84.0821 Z0.7370 E0.02133 F1080
G1 X114.1318 Y84.0388 Z0.7371 E0.02133 F1080
G1 X114.5300 Y84.0002 Z0.7373 E0.02133 F1080
G1 X114.9285 Y83.9664 Z0.7375 E0.02133 F1080
G1 X115.3275 Y83.9374 Z0.7377 E0.02133 F1080
G1 X115.7268 Y83.9131 Z0.7379 E0.02133 F1080
G1 X116.1263 Y83.8935 Z0.7381 E0.02133 F1080
G1 X116.5260 Y83.8787 Z0.7382 E0.02133 F1080
G1 X116.9259 Y83.8686 Z0.7384 E0.02133 F1080
G1 X117.3259 Y83.8633 Z0.7386 E0.02133 F1080
G1 X117.7259 Y83.8628 Z0.7388 E0.02133 F1080
G1 X118.1258 Y83.8670 Z0.7390 E0.02133 F1080
G1 X118.5257 Y83.8760 Z0.7392 E0.02133 F1080
G1 X118.9255 Y83.8897 Z0.7393 E0.02133 F1080
G1 X119.3251 Y83.9082 Z0.7395 E0.02133 F1080
G1 X119.7244 Y83.9314 Z0.7397 E0.02133 F1080
G1 X120.1234 Y83.9594 Z0.7399 E0.02133 F1080
G1 X120.5221 Y83.9921 Z0.7401 E0.02133 F1080
G1 X120.9204 Y84.0295 Z0.7402 E0.02133 F1080
G1 X121.3181 Y84.0717 Z0.7404 E0.02133 F1080
G1 X121.7154 Y84.1186 Z0.7406 E0.02133 F1080
G1 X122.1120 Y84.1702 Z0.7408 E0.02133 F1080
G1 X122.5080 Y84.2266 Z0.7410 E0.02133 F1080
G1 X122.9034 Y84.2876 Z0.7412 E0.02133 F1080
G1 X123.2979 Y84.3534 Z0.7413 E0.02133 F1080
G1 X123.6917 Y84.4238 Z0.7415 E0.02133 F1080
G1 X124.0846 Y84.4989 Z0.7417 E0.02133 F1080
G1 X124.4765 Y84.5786 Z0.7419 E0.02133 F1080
G1 X124.8675 Y84.6631 Z0.7421 E0.02133 F1080
G1 X125.2575 Y84.7521 Z0.7423 E0.02133 F1080
G1 X125.6464 Y84.8458 Z0.7424 E0.02133 F1080
G1 X126.0341 Y84.9441 Z0.7426 E0.02133 F1080
G1 X126.4207 Y85.0470 Z0.7428 E0.02133 F1080
G1 X126.8059 Y85.1545 Z0.7430 E0.02133 F1080
G1 X127.1899 Y85.2666 Z0.7432 E0.02133 F1080
G1 X127.5726 Y85.3832 Z0.7434 E0.02133 F1080
G1 X127.9538 Y85.5043 Z0.7435 E0.02133 F1080
G1 X128.3335 Y85.6300 Z0.7437 E0.02133 F1080
G1 X128.7117 Y85.7602 Z0.7439 E0.02133 F1080
G1 X129.0884 Y85.8949 Z0.7441 E0.02133 F1080
G1 X129.4634 Y86.0340 Z0.7443 E0.02133 F1080
G1 X129.8368 Y86.1776 Z0.7445 E0.02133 F1080
G1 X130.2084 Y86.3256 Z0.7446 E0.02133 F1080
G1 X130.5782 Y86.4780 Z0.7448 E0.02133 F1080
G1 X130.9462 Y86.6348 Z0.7450 E0.02133 F1080
G1 X131.3123 Y86.7959 Z0.7452 E0.02133 F1080
G1 X131.6765 Y86.9614 Z0.7454 E0.02133 F1080
G1 X132.0387 Y87.1312 Z0.7456 E0.02133 F1080
G1 X132.3988 Y87.3053 Z0.7457 E0.02133 F1080
G1 X132.7568 Y87.4837 Z0.7459 E0.02133 F1080
G1 X133.1127 Y87.6663 Z0.7461 E0.02133 F1080
G1 X133.4664 Y87.8531 Z0.7463 E0.02133 F1080
G1 X133.8179 Y88.0441 Z0.7465 E0.02133 F1080
G1 X134.1670 Y88.2393 Z0.7467 E0.02133 F1080
G1 X134.5138 Y88.4386 Z0.7468 E0.02133 F1080
G1 X134.8583 Y88.6420 Z0.7470 E0.02133 F1080
G1 X135.2002 Y88.8495 Z0.7472 E0.02133 F1080
G1 X135.5397 Y89.0610 Z0.7474 E0.02133 F1080
G1 X135.8767 Y89.2766 Z0.7476 E0.02133 F1080
G1 X136.2111 Y89.4961 Z0.7478 E0.02133 F1080
G1 X136.5428 Y89.7196 Z0.7479 E0.02133 F1080
G1 X136.8719 Y89.9470 Z0.7481 E0.02133 F1080
G1 X137.1982 Y90.1783 Z0.7483 E0.02133 F1080
G1 X137.5218 Y90.4135 Z0.7485 E0.02133 F1080
G1 X137.8426 Y90.6525 Z0.7487 E0.02133 F1080
G1 X138.1604 Y90.8953 Z0.7489 E0.02133 F1080
G1 X138.4754 Y91.1418 Z0.7490 E0.02133 F1080
G1 X138.7875 Y91.3921 Z0.7492 E0.02133 F1080
G1 X139.0965 Y91.6460 Z0.7494 E0.02133 F1080
G1 X139.4025 Y91.9037 Z0.7496 E0.02133 F1080
G1 X139.7055 Y92.1649 Z0.7498 E0.02133 F1080
G1 X140.0053 Y92.4297 Z0.7500 E0.02133 F1080
G1 X140.3019 Y92.6980 Z0.7501 E0.02133 F1080
G1 X140.5954 Y92.9699 Z0.7503 E0.02133 F1080
G1 X140.8855 Y93.2452 Z0.7505 E0.02133 F1080
G1 X141.1724 Y93.5239 Z0.7507 E0.02133 F1080
G1 X141.4560 Y93.8060 Z0.7509 E0.02133 F1080
G1 X141.7362 Y94.0915 Z0.7511 E0.02133 F1080
G1 X142.0130 Y94.3803 Z0.7512 E0.02133 F1080
G1 X142.2863 Y94.6723 Z0.7514 E0.02133 F1080
G1 X142.5562 Y94.9676 Z0.7516 E0.02133 F1080
G1 X142.8225 Y95.2660 Z0.7518 E0.02133 F1080
G1 X143.0853 Y95.5676 Z0.7520 E0.02133 F1080
G1 X143.3445 Y95.8723 Z0.7522 E0.02133 F1080
G1 X143.6000 Y96.1800 Z0.7523 E0.02133 F1080
G1 X143.8519 Y96.4907 Z0.7525 E0.02133 F1080
G1 X144.1001 Y96.8045 Z0.7527 E0.02133 F1080
G1 X144.3445 Y97.1211 Z0.7529 E0.02133 F1080
G1 X144.5851 Y97.4406 Z0.7531 E0.02133 F1080
G1 X144.8220 Y97.7630 Z0.7533 E0.02133 F1080
G1 X145.0550 Y98.0881 Z0.7534 E0.02133 F1080
G1 X145.2841 Y98.4160 Z0.7536 E0.02133 F1080
G1 X145.5093 Y98.7466 Z0.7538 E0.02133 F1080
G1 X145.7306 Y99.0798 Z0.7540 E0.02133 F1080
G1 X145.9479 Y99.4156 Z0.7542 E0.02133 F1080
G1 X146.1612 Y99.7540 Z0.7544 E0.02133 F1080
G1 X146.3705 Y100.0949 Z0.7546 E0.02133 F1080
G1 X146.5757 Y100.4382 Z0.7547 E0.02133 F1080
G1 X146.7768 Y100.7840 Z0.7549 E0.02133 F1080
G1 X146.9738 Y101.1321 Z0.7551 E0.02133 F1080
G1 X147.1667 Y101.4826 Z0.7553 E0.02133 F1080
G1 X147.3554 Y101.8353 Z0.7555 E0.02133 F1080
G1 X147.5399 Y102.1902 Z0.7557 E0.02133 F1080
G1 X147.7202 Y102.5473 Z0.7558 E0.02133 F1080
G1 X147.8962 Y102.9064 Z0.7560 E0.02133 F1080
G1 X148.0679 Y103.2677 Z0.7562 E0.02133 F1080
G1 X148.2354 Y103.6310 Z0.7564 E0.02133 F1080
G1 X148.3985 Y103.9962 Z0.7566 E0.02133 F1080
G1 X148.5573 Y104.3633 Z0.7568 E0.02133 F1080
G1 X148.7117 Y104.7323 Z0.7569 E0.02133 F1080
G1 X148.8618 Y105.1031 Z0.7571 E0.02133 F1080
G1 X149.0074 Y105.4757 Z0.7573 E0.02133 F1080
G1 X149.1486 Y105.8499 Z0.7575 E0.02133 F1080
G1 X149.2853 Y106.2258 Z0.7577 E0.02133 F1080
G1 X149.4176 Y106.6033 Z0.7579 E0.02133 F1080
G1 X149.5454 Y106.9824 Z0.7581 E0.02133 F1080
G1 X149.6687 Y107.3629 Z0.7582 E0.02133 F1080
G1 X149.7875 Y107.7449 Z0.7584 E0.02133 F1080
G1 X149.9017 Y108.1282 Z0.7586 E0.02133 F1080
G1 X150.0114 Y108.5129 Z0.7588 E0.02133 F1080
G1 X150.1165 Y108.8988 Z0.7590 E0.02133 F1080
G1 X150.2170 Y109.2860 Z0.7592 E0.02133 F1080
G1 X150.3130 Y109.6743 Z0.7593 E0.02133 F1080
G1 X150.4043 Y110.0638 Z0.7595 E0.02133 F1080
G1 X150.4910 Y110.4543 Z0.7597 E0.02133 F1080
G1 X150.5730 Y110.8458 Z0.7599 E0.02133 F1080
G1 X150.6504 Y111.2382 Z0.7601 E0.02133 F1080
G1 X150.7232 Y111.6315 Z0.7603 E0.02133 F1080
G1 X150.7912 Y112.0257 Z0.7604 E0.02133 F1080
G1 X150.8546 Y112.4206 Z0.7606 E0.02133 F1080
G1 X150.9134 Y112.8163 Z0.7608 E0.02133 F1080
G1 X150.9674 Y113.2127 Z0.7610 E0.02133 F1080
G1 X151.0167 Y113.6096 Z0.7612 E0.02133 F1080
G1 X151.0613 Y114.0071 Z0.7614 E0.02133 F1080
G1 X151.1012 Y114.4051 Z0.7616 E0.02133 F1080
G1 X151.1364 Y114.8036 Z0.7617 E0.02133 F1080
G1 X151.1668 Y115.2024 Z0.7619 E0.02133 F1080
G1 X151.1925 Y115.6016 Z0.7621 E0.02133 F1080
G1 X151.2135 Y116.0011 Z0.7623 E0.02133 F1080
G1 X151.2298 Y116.4007 Z0.7625 E0.02133 F1080
G1 X151.2413 Y116.8006 Z0.7627 E0.02133 F1080
G1 X151.2480 Y117.2005 Z0.7628 E0.02133 F1080
G1 X151.2501 Y117.6005 Z0.7630 E0.02133 F1080
G1 X151.2474 Y118.0005 Z0.7632 E0.02133 F1080
G1 X151.2399 Y118.4004 Z0.7634 E0.02133 F1080
G1 X151.2277 Y118.8003 Z0.7636 E0.02133 F1080
G1 X151.2108 Y119.1999 Z0.7638 E0.02133 F1080
G1 X151.1891 Y119.5993 Z0.7640 E0.02133 F1080
G1 X151.1627 Y119.9984 Z0.7641 E0.02133 F1080
G1 X151.1316 Y120.3972 Z0.7643 E0.02133 F1080
G1 X151.0957 Y120.7956 Z0.7645 E0.02133 F1080
G1 X151.0552 Y121.1936 Z0.7647 E0.02133 F1080
G1 X151.0099 Y121.5910 Z0.7649 E0.02133 F1080
G1 X150.9599 Y121.9879 Z0.7651 E0.02133 F1080
G1 X150.9052 Y122.3841 Z0.7653 E0.02133 F1080
G1 X150.8459 Y122.7797 Z0.7654 E0.02133 F1080
G1 X150.7818 Y123.1745 Z0.7656 E0.02133 F1080
G1 X150.7131 Y123.5686 Z0.7658 E0.02133 F1080
G1 X150.6397 Y123.9618 Z0.7660 E0.02133 F1080
G1 X150.5616 Y124.3541 Z0.7662 E0.02133 F1080
G1 X150.4790 Y124.7455 Z0.7664 E0.02133 F1080
G1 X150.3916 Y125.1358 Z0.7665 E0.02133 F1080
G1 X150.2997 Y125.5251 Z0.7667 E0.02133 F1080
G1 X150.2032 Y125.9133 Z0.7669 E0.02133 F1080
G1 X150.1020 Y126.3003 Z0.7671 E0.02133 F1080
G1 X149.9963 Y126.6861 Z0.7673 E0.02133 F1080
G1 X149.8860 Y127.0706 Z0.7675 E0.02133 F1080
G1 X149.7712 Y127.4538 Z0.7677 E0.02133 F1080
G1 X149.6519 Y127.8356 Z0.7678 E0.02133 F1080
G1 X149.5280 Y128.2159 Z0.7680 E0.02133 F1080
G1 X149.3996 Y128.5948 Z0.7682 E0.02133 F1080
G1 X149.2668 Y128.9721 Z0.7684 E0.02133 F1080
G1 X149.1295 Y129.3478 Z0.7686 E0.02133 F1080
G1 X148.9878 Y129.7218 Z0.7688 E0.02133 F1080
G1 X148.8416 Y130.0942 Z0.7690 E0.02133 F1080
G1 X148.6911 Y130.4647 Z0.7691 E0.02133 F1080
G1 X148.5361 Y130.8335 Z0.7693 E0.02133 F1080
G1 X148.3769 Y131.2004 Z0.7695 E0.02133 F1080
G1 X148.2132 Y131.5655 Z0.7697 E0.02133 F1080
G1 X148.0453 Y131.9285 Z0.7699 E0.02133 F1080
G1 X147.8731 Y132.2895 Z0.7701 E0.02133 F1080
G1 X147.6966 Y132.6485 Z0.7703 E0.02133 F1080
G1 X147.5159 Y133.0054 Z0.7704 E0.02133 F1080
G1 X147.3309 Y133.3600 Z0.7706 E0.02133 F1080
G1 X147.1418 Y133.7125 Z0.7708 E0.02133 F1080
G1 X146.9485 Y134.0627 Z0.7710 E0.02133 F1080
G1 X146.7511 Y134.4106 Z0.7712 E0.02133 F1080
G1 X146.5496 Y134.7562 Z0.7714 E0.02133 F1080
G1 X146.3440 Y135.0993 Z0.7716 E0.02133 F1080
G1 X146.1344 Y135.4399 Z0.7717 E0.02133 F1080
G1 X145.9207 Y135.7781 Z0.7719 E0.02133 F1080
G1 X145.7031 Y136.1137 Z0.7721 E0.02133 F1080
G1 X145.4815 Y136.4467 Z0.7723 E0.02133 F1080
G1 X145.2560 Y136.7771 Z0.7725 E0.02133 F1080
G1 X145.0265 Y137.1048 Z0.7727 E0.02133 F1080
G1 X144.7932 Y137.4297 Z0.7728 E0.02133 F1080
G1 X144.5561 Y137.7518 Z0.7730 E0.02133 F1080
G1 X144.3152 Y138.0712 Z0.7732 E0.02133 F1080
G1 X144.0705 Y138.3876 Z0.7734 E0.02133 F1080
G1 X143.8221 Y138.7011 Z0.7736 E0.02133 F1080
G1 X143.5700 Y139.0117 Z0.7738 E0.02133 F1080
G1 X143.3143 Y139.3193 Z0.7740 E0.02133 F1080
G1 X143.0549 Y139.6238 Z0.7741 E0.02133 F1080
G1 X142.7920 Y139.9252 Z0.7743 E0.02133 F1080
G1 X142.5254 Y140.2235 Z0.7745 E0.02133 F1080
G1 X142.2554 Y140.5186 Z0.7747 E0.02133 F1080
G1 X141.9819 Y140.8105 Z0.7749 E0.02133 F1080
G1 X141.7050 Y141.0991 Z0.7751 E0.02133 F1080
G1 X141.4247 Y141.3845 Z0.7753 E0.02133 F1080
G1 X141.1410 Y141.6665 Z0.7754 E0.02133 F1080
G1 X140.8540 Y141.9451 Z0.7756 E0.02133 F1080
G1 X140.5637 Y142.2203 Z0.7758 E0.02133 F1080
G1 X140.2702 Y142.4921 Z0.7760 E0.02133 F1080
G1 X139.9735 Y142.7604 Z0.7762 E0.02133 F1080
G1 X139.6737 Y143.0251 Z0.7764 E0.02133 F1080
G1 X139.3707 Y143.2863 Z0.7766 E0.02133 F1080
G1 X139.0647 Y143.5439 Z0.7767 E0.02133 F1080
G1 X138.7556 Y143.7978 Z0.7769 E0.02133 F1080
G1 X138.4436 Y144.0481 Z0.7771 E0.02133 F1080
G1 X138.1286 Y144.2946 Z0.7773 E0.02133 F1080
G1 X137.8107 Y144.5374 Z0.7775 E0.02133 F1080
G1 X137.4900 Y144.7764 Z0.7777 E0.02133 F1080
G1 X137.1664 Y145.0117 Z0.7779 E0.02133 F1080
G1 X136.8401 Y145.2431 Z0.7781 E0.02133 F1080
G1 X136.5111 Y145.4706 Z0.7782 E0.02133 F1080
G1 X136.1795 Y145.6942 Z0.7784 E0.02133 F1080
G1 X135.8452 Y145.9138 Z0.7786 E0.02133 F1080
G1 X135.5083 Y146.1295 Z0.7788 E0.02133 F1080
G1 X135.1689 Y146.3412 Z0.7790 E0.02133 F1080
G1 X134.8270 Y146.5489 Z0.7792 E0.02133 F1080
G1 X134.4827 Y146.7525 Z0.7794 E0.02133 F1080
G1 X134.1360 Y146.9520 Z0.7795 E0.02133 F1080
G1 X133.7870 Y147.1474 Z0.7797 E0.02133 F1080
G1 X133.4357 Y147.3386 Z0.7799 E0.02133 F1080
G1 X133.0821 Y147.5257 Z0.7801 E0.02133 F1080
G1 X132.7264 Y147.7086 Z0.7803 E0.02133 F1080
G1 X132.3685 Y147.8873 Z0.7805 E0.02133 F1080
G1 X132.0086 Y148.0618 Z0.7807 E0.02133 F1080
G1 X131.6466 Y148.2319 Z0.7808 E0.02133 F1080
G1 X131.2826 Y148.3978 Z0.7810 E0.02133 F1080
G1 X130.9166 Y148.5594 Z0.7812 E0.02133 F1080
G1 X130.5488 Y148.7166 Z0.7814 E0.02133 F1080
G1 X130.1792 Y148.8695 Z0.7816 E0.02133 F1080
G1 X129.8078 Y149.0180 Z0.7818 E0.02133 F1080
G1 X129.4346 Y149.1621 Z0.7820 E0.02133 F1080
G1 X129.0598 Y149.3017 Z0.7821 E0.02133 F1080
G1 X128.6833 Y149.4369 Z0.7823 E0.02133 F1080
G1 X128.3053 Y149.5677 Z0.7825 E0.02133 F1080
G1 X127.9258 Y149.6940 Z0.7827 E0.02133 F1080
G1 X127.5448 Y149.8158 Z0.7829 E0.02133 F1080
G1 X127.1623 Y149.9331 Z0.7831 E0.02133 F1080
G1 X126.7786 Y150.0458 Z0.7833 E0.02133 F1080
G1 X126.3935 Y150.1540 Z0.7835 E0.02133 F1080
G1 X126.0071 Y150.2577 Z0.7836 E0.02133 F1080
G1 X125.6196 Y150.3568 Z0.7838 E0.02133 F1080
G1 X125.2309 Y150.4512 Z0.7840 E0.02133 F1080
G1 X124.8411 Y150.5411 Z0.7842 E0.02133 F1080
G1 X124.4503 Y150.6264 Z0.7844 E0.02133 F1080
G1 X124.0585 Y150.7071 Z0.7846 E0.02133 F1080
G1 X123.6658 Y150.7831 Z0.7848 E0.02133 F1080
G1 X123.2722 Y150.8544 Z0.7849 E0.02133 F1080
G1 X122.8778 Y150.9212 Z0.7851 E0.02133 F1080
G1 X122.4827 Y150.9832 Z0.7853 E0.02133 F1080
G1 X122.0868 Y151.0406 Z0.7855 E0.02133 F1080
G1 X121.6903 Y151.0933 Z0.7857 E0.02133 F1080
G1 X121.2932 Y151.1413 Z0.7859 E0.02133 F1080
G1 X120.8955 Y151.1846 Z0.7861 E0.02133 F1080
G1 X120.4974 Y151.2232 Z0.7863 E0.02133 F1080
G1 X120.0988 Y151.2571 Z0.7864 E0.02133 F1080
G1 X119.6999 Y151.2863 Z0.7866 E0.02133 F1080
G1 X119.3006 Y151.3108 Z0.7868 E0.02133 F1080
G1 X118.9011 Y151.3305 Z0.7870 E0.02133 F1080
G1 X118.5014 Y151.3456 Z0.7872 E0.02133 F1080
G1 X118.1015 Y151.3559 Z0.7874 E0.02133 F1080
G1 X117.7016 Y151.3615 Z0.7876 E0.02133 F1080
G1 X117.3016 Y151.3623 Z0.7877 E0.02133 F1080
G1 X116.9016 Y151.3585 Z0.7879 E0.02133 F1080
G1 X116.5017 Y151.3499 Z0.7881 E0.02133 F1080
G1 X116.1019 Y151.3366 Z0.7883 E0.02133 F1080
G1 X115.7023 Y151.3186 Z0.7885 E0.02133 F1080
G1 X115.3029 Y151.2958 Z0.7887 E0.02133 F1080
G1 X114.9039 Y151.2683 Z0.7889 E0.02133 F1080
G1 X114.5052 Y151.2362 Z0.7891 E0.02133 F1080
G1 X114.1069 Y151.1993 Z0.7892 E0.02133 F1080
G1 X113.7090 Y151.1577 Z0.7894 E0.02133 F1080
G1 X113.3117 Y151.1114 Z0.7896 E0.02133 F1080
G1 X112.9150 Y151.0605 Z0.7898 E0.02133 F1080
G1 X112.5188 Y151.0048 Z0.7900 E0.02133 F1080
G1 X112.1234 Y150.9445 Z0.7902 E0.02133 F1080
G1 X111.7287 Y150.8795 Z0.7904 E0.02133 F1080
G1 X111.3348 Y150.8099 Z0.7905 E0.02133 F1080
G1 X110.9418 Y150.7356 Z0.7907 E0.02133 F1080
G1 X110.5496 Y150.6567 Z0.7909 E0.02133 F1080
G1 X110.1585 Y150.5731 Z0.7911 E0.02133 F1080
G1 X109.7683 Y150.4849 Z0.7913 E0.02133 F1080
G1 X109.3792 Y150.3922 Z0.7915 E0.02133 F1080
G1 X108.9912 Y150.2948 Z0.7917 E0.02133 F1080
G1 X108.6044 Y150.1929 Z0.7919 E0.02133 F1080
G1 X108.2189 Y150.0864 Z0.7920 E0.02133 F1080
G1 X107.8346 Y149.9754 Z0.7922 E0.02133 F1080
G1 X107.4516 Y149.8598 Z0.7924 E0.02133 F1080
G1 X107.0701 Y149.7398 Z0.7926 E0.02133 F1080
G1 X106.6899 Y149.6152 Z0.7928 E0.02133 F1080
G1 X106.3113 Y149.4862 Z0.7930 E0.02133 F1080
G1 X105.9343 Y149.3527 Z0.7932 E0.02133 F1080
G1 X105.5588 Y149.2147 Z0.7934 E0.02133 F1080
G1 X105.1850 Y149.0724 Z0.7935 E0.02133 F1080
G1 X104.8129 Y148.9256 Z0.7937 E0.02133 F1080
G1 X104.4425 Y148.7744 Z0.7939 E0.02133 F1080
G1 X104.0740 Y148.6189 Z0.7941 E0.02133 F1080
G1 X103.7073 Y148.4591 Z0.7943 E0.02133 F1080
G1 X103.3426 Y148.2949 Z0.7945 E0.02133 F1080
G1 X102.9798 Y148.1265 Z0.7947 E0.02133 F1080
G1 X102.6190 Y147.9537 Z0.7949 E0.02133 F1080
G1 X102.2602 Y147.7768 Z0.7950 E0.02133 F1080
G1 X101.9036 Y147.5956 Z0.7952 E0.02133 F1080
G1 X101.5492 Y147.4102 Z0.7954 E0.02133 F1080
G1 X101.1970 Y147.2206 Z0.7956 E0.02133 F1080
G1 X100.8470 Y147.0269 Z0.7958 E0.02133 F1080
G1 X100.4993 Y146.8291 Z0.7960 E0.02133 F1080
G1 X100.1540 Y146.6272 Z0.7962 E0.02133 F1080
G1 X99.8111 Y146.4212 Z0.7963 E0.02133 F1080
G1 X99.4707 Y146.2112 Z0.7965 E0.02133 F1080
G1 X99.1327 Y145.9972 Z0.7967 E0.02133 F1080
G1 X98.7973 Y145.7792 Z0.7969 E0.02133 F1080
G1 X98.4645 Y145.5573 Z0.7971 E0.02133 F1080
G1 X98.1344 Y145.3315 Z0.7973 E0.02133 F1080
G1 X97.8069 Y145.1018 Z0.7975 E0.02133 F1080
G1 X97.4822 Y144.8682 Z0.7977 E0.02133 F1080
G1 X97.1602 Y144.6309 Z0.7978 E0.02133 F1080
G1 X96.8411 Y144.3897 Z0.7980 E0.02133 F1080
G1 X96.5248 Y144.1448 Z0.7982 E0.02133 F1080
G1 X96.2114 Y143.8962 Z0.7984 E0.02133 F1080
G1 X95.9010 Y143.6439 Z0.7986 E0.02133 F1080
G1 X95.5936 Y143.3880 Z0.7988 E0.02133 F1080
G1 X95.2892 Y143.1284 Z0.7990 E0.02133 F1080
G1 X94.9879 Y142.8653 Z0.7992 E0.02133 F1080
G1 X94.6898 Y142.5987 Z0.7993 E0.02133 F1080
G1 X94.3948 Y142.3285 Z0.7995 E0.02133 F1080
G1 X94.1030 Y142.0549 Z0.7997 E0.02133 F1080
G1 X93.8144 Y141.7779 Z0.7999 E0.02133 F1080
G1 X93.5292 Y141.4975 Z0.8001 E0.02133 F1080
G1 X93.2473 Y141.2137 Z0.8003 E0.02133 F1080
G1 X92.9687 Y140.9267 Z0.8005 E0.02133 F1080
G1 X92.6935 Y140.6363 Z0.8007 E0.02133 F1080
G1 X92.4218 Y140.3428 Z0.8008 E0.02133 F1080
G1 X92.1536 Y140.0461 Z0.8010 E0.02133 F1080
G1 X91.8889 Y139.7462 Z0.8012 E0.02133 F1080
G1 X91.6277 Y139.4432 Z0.8014 E0.02133 F1080
G1 X91.3701 Y139.1372 Z0.8016 E0.02133 F1080
G1 X91.1162 Y138.8281 Z0.8018 E0.02133 F1080
G1 X90.8659 Y138.5161 Z0.8020 E0.02133 F1080
G1 X90.6193 Y138.2011 Z0.8022 E0.02133 F1080
G1 X90.3764 Y137.8833 Z0.8024 E0.02133 F1080
G1 X90.1373 Y137.5626 Z0.8025 E0.02133 F1080
G1 X89.9020 Y137.2391 Z0.8027 E0.02133 F1080
G1 X89.6706 Y136.9129 Z0.8029 E0.02133 F1080
G1 X89.4430 Y136.5840 Z0.8031 E0.02133 F1080
G1 X89.2192 Y136.2524 Z0.8033 E0.02133 F1080
G1 X88.9995 Y135.9182 Z0.8035 E0.02133 F1080
G1 X88.7836 Y135.5814 Z0.8037 E0.02133 F1080
G1 X88.5718 Y135.2421 Z0.8039 E0.02133 F1080
G1 X88.3639 Y134.9003 Z0.8040 E0.02133 F1080
G1 X88.1601 Y134.5561 Z0.8042 E0.02133 F1080
G1 X87.9604 Y134.2096 Z0.8044 E0.02133 F1080
G1 X87.7648 Y133.8607 Z0.8046 E0.02133 F1080
G1 X87.5733 Y133.5095 Z0.8048 E0.02133 F1080
G1 X87.3859 Y133.1561 Z0.8050 E0.02133 F1080
G1 X87.2028 Y132.8005 Z0.8052 E0.02133 F1080
G1 X87.0238 Y132.4427 Z0.8054 E0.02133 F1080
G1 X86.8491 Y132.0829 Z0.8055 E0.02133 F1080
G1 X86.6786 Y131.7210 Z0.8057 E0.02133 F1080
G1 X86.5124 Y131.3572 Z0.8059 E0.02133 F1080
G1 X86.3505 Y130.9914 Z0.8061 E0.02133 F1080
G1 X86.1929 Y130.6238 Z0.8063 E0.02133 F1080
G1 X86.0396 Y130.2543 Z0.8065 E0.02133 F1080
G1 X85.8908 Y129.8830 Z0.8067 E0.02133 F1080
G1 X85.7463 Y129.5100 Z0.8069 E0.02133 F1080
G1 X85.6062 Y129.1354 Z0.8071 E0.02133 F1080
G1 X85.4705 Y128.7591 Z0.8072 E0.02133 F1080
G1 X85.3393 Y128.3812 Z0.8074 E0.02133 F1080
G1 X85.2125 Y128.0018 Z0.8076 E0.02133 F1080
G1 X85.0902 Y127.6210 Z0.8078 E0.02133 F1080
G1 X84.9724 Y127.2387 Z0.8080 E0.02133 F1080
G1 X84.8591 Y126.8551 Z0.8082 E0.02133 F1080
G1 X84.7504 Y126.4701 Z0.8084 E0.02133 F1080
G1 X84.6462 Y126.0840 Z0.8086 E0.02133 F1080
G1 X84.5465 Y125.6966 Z0.8087 E0.02133 F1080
G1 X84.4515 Y125.3080 Z0.8089 E0.02133 F1080
G1 X84.3610 Y124.9184 Z0.8091 E0.02133 F1080
G1 X84.2750 Y124.5277 Z0.8093 E0.02133 F1080
G1 X84.1937 Y124.1361 Z0.8095 E0.02133 F1080
G1 X84.1171 Y123.7435 Z0.8097 E0.02133 F1080
G1 X84.0450 Y123.3500 Z0.8099 E0.02133 F1080
G1 X83.9776 Y122.9557 Z0.8101 E0.02133 F1080
G1 X83.9148 Y122.5607 Z0.8102 E0.02133 F1080
G1 X83.8567 Y122.1649 Z0.8104 E0.02133 F1080
G1 X83.8033 Y121.7685 Z0.8106 E0.02133 F1080
G1 X83.7545 Y121.3715 Z0.8108 E0.02133 F1080
G1 X83.7104 Y120.9739 Z0.8110 E0.02133 F1080
G1 X83.6710 Y120.5759 Z0.8112 E0.02133 F1080
G1 X83.6363 Y120.1774 Z0.8114 E0.02133 F1080
G1 X83.6063 Y119.7785 Z0.8116 E0.02133 F1080
G1 X83.5810 Y119.3793 Z0.8118 E0.02133 F1080
G1 X83.5604 Y118.9798 Z0.8119 E0.02133 F1080
G1 X83.5445 Y118.5801 Z0.8121 E0.02133 F1080
G1 X83.5332 Y118.1803 Z0.8123 E0.02133 F1080
G1 X83.5267 Y117.7803 Z0.8125 E0.02133 F1080
G1 X83.5250 Y117.3803 Z0.8127 E0.02133 F1080
G1 X83.5279 Y116.9803 Z0.8129 E0.02133 F1080
G1 X83.5355 Y116.5804 Z0.8131 E0.02133 F1080
G1 X83.5478 Y116.1806 Z0.8133 E0.02133 F1080
G1 X83.5649 Y115.7810 Z0.8135 E0.02133 F1080
G1 X83.5866 Y115.3816 Z0.8136 E0.02133 F1080
G1 X83.6131 Y114.9824 Z0.8138 E0.02133 F1080
G1 X83.6442 Y114.5836 Z0.8140 E0.02133 F1080
G1 X83.6801 Y114.1852 Z0.8142 E0.02133 F1080
G1 X83.7206 Y113.7873 Z0.8144 E0.02133 F1080
G1 X83.7658 Y113.3899 Z0.8146 E0.02133 F1080
G1 X83.8157 Y112.9930 Z0.8148 E0.02133 F1080
G1 X83.8702 Y112.5967 Z0.8150 E0.02133 F1080
G1 X83.9294 Y112.2011 Z0.8151 E0.02133 F1080
G1 X83.9933 Y111.8062 Z0.8153 E0.02133 F1080
G1 X84.0618 Y111.4121 Z0.8155 E0.02133 F1080
G1 X84.1349 Y111.0189 Z0.8157 E0.02133 F1080
G1 X84.2127 Y110.6265 Z0.8159 E0.02133 F1080
G1 X84.2950 Y110.2351 Z0.8161 E0.02133 F1080
G1 X84.3820 Y109.8446 Z0.8163 E0.02133 F1080
G1 X84.4736 Y109.4553 Z0.8165 E0.02133 F1080
G1 X84.5697 Y109.0670 Z0.8167 E0.02133 F1080
G1 X84.6704 Y108.6799 Z0.8168 E0.02133 F1080
G1 X84.7756 Y108.2939 Z0.8170 E0.02133 F1080
G1 X84.8854 Y107.9093 Z0.8172 E0.02133 F1080
G1 X84.9997 Y107.5260 Z0.8174 E0.02133 F1080
G1 X85.1185 Y107.1440 Z0.8176 E0.02133 F1080
G1 X85.2418 Y106.7635 Z0.8178 E0.02133 F1080
G1 X85.3695 Y106.3844 Z0.8180 E0.02133 F1080
G1 X85.5017 Y106.0069 Z0.8182 E0.02133 F1080
G1 X85.6384 Y105.6310 Z0.8184 E0.02133 F1080
G1 X85.7794 Y105.2567 Z0.8185 E0.02133 F1080
G1 X85.9249 Y104.8840 Z0.8187 E0.02133 F1080
G1 X86.0747 Y104.5131 Z0.8189 E0.02133 F1080
G1 X86.2289 Y104.1440 Z0.8191 E0.02133 F1080
G1 X86.3874 Y103.7768 Z0.8193 E0.02133 F1080
G1 X86.5502 Y103.4114 Z0.8195 E0.02133 F1080
G1 X86.7173 Y103.0480 Z0.8197 E0.02133 F1080
G1 X86.8886 Y102.6865 Z0.8199 E0.02133 F1080
G1 X87.0642 Y102.3271 Z0.8201 E0.02133 F1080
G1 X87.2440 Y101.9698 Z0.8202 E0.02133 F1080
G1 X87.4280 Y101.6147 Z0.8204 E0.02133 F1080
G1 X87.6162 Y101.2617 Z0.8206 E0.02133 F1080
G1 X87.8085 Y100.9109 Z0.8208 E0.02133 F1080
G1 X88.0049 Y100.5625 Z0.8210 E0.02133 F1080
G1 X88.2054 Y100.2164 Z0.8212 E0.02133 F1080
G1 X88.4100 Y99.8726 Z0.8214 E0.02133 F1080
G1 X88.6186 Y99.5313 Z0.8216 E0.02133 F1080
G1 X88.8312 Y99.1925 Z0.8218 E0.02133 F1080
G1 X89.0477 Y98.8562 Z0.8219 E0.02133 F1080
G1 X89.2682 Y98.5224 Z0.8221 E0.02133 F1080
G1 X89.4926 Y98.1913 Z0.8223 E0.02133 F1080
G1 X89.7209 Y97.8628 Z0.8225 E0.02133 F1080
G1 X89.9530 Y97.5371 Z0.8227 E0.02133 F1080
G1 X90.1890 Y97.2140 Z0.8229 E0.02133 F1080
G1 X90.4287 Y96.8938 Z0.8231 E0.02133 F1080
G1 X90.6722 Y96.5765 Z0.8233 E0.02133 F1080
G1 X90.9194 Y96.2620 Z0.8235 E0.02133 F1080
G1 X91.1702 Y95.9504 Z0.8236 E0.02133 F1080
G1 X91.4247 Y95.6418 Z0.8238 E0.02133 F1080
G1 X91.6829 Y95.3363 Z0.8240 E0.02133 F1080
G1 X91.9446 Y95.0337 Z0.8242 E0.02133 F1080
G1 X92.2098 Y94.7343 Z0.8244 E0.02133 F1080
G1 X92.4785 Y94.4380 Z0.8246 E0.02133 F1080
G1 X92.7507 Y94.1449 Z0.8248 E0.02133 F1080
G1 X93.0264 Y93.8551 Z0.8250 E0.02133 F1080
G1 X93.3054 Y93.5684 Z0.8252 E0.02133 F1080
G1 X93.5877 Y93.2851 Z0.8254 E0.02133 F1080
G1 X93.8734 Y93.0051 Z0.8255 E0.02133 F1080
G1 X94.1624 Y92.7285 Z0.8257 E0.02133 F1080
G1 X94.4546 Y92.4553 Z0.8259 E0.02133 F1080
G1 X94.7499 Y92.1856 Z0.8261 E0.02133 F1080
G1 X95.0484 Y91.9193 Z0.8263 E0.02133 F1080
G1 X95.3501 Y91.6566 Z0.8265 E0.02133 F1080
G1 X95.6548 Y91.3974 Z0.8267 E0.02133 F1080
G1 X95.9625 Y91.1419 Z0.8269 E0.02133 F1080
G1 X96.2732 Y90.8900 Z0.8271 E0.02133 F1080
G1 X96.5868 Y90.6417 Z0.8272 E0.02133 F1080
G1 X96.9034 Y90.3971 Z0.8274 E0.02133 F1080
G1 X97.2227 Y90.1563 Z0.8276 E0.02133 F1080
G1 X97.5449 Y89.9193 Z0.8278 E0.02133 F1080
G1 X97.8699 Y89.6860 Z0.8280 E0.02133 F1080
G1 X98.1976 Y89.4566 Z0.8282 E0.02133 F1080
G1 X98.5279 Y89.2311 Z0.8284 E0.02133 F1080
G1 X98.8609 Y89.0094 Z0.8286 E0.02133 F1080
G1 X99.1965 Y88.7917 Z0.8288 E0.02133 F1080
G1 X99.5345 Y88.5779 Z0.8289 E0.02133 F1080
G1 X99.8751 Y88.3681 Z0.8291 E0.02133 F1080
G1 X100.2181 Y88.1624 Z0.8293 E0.02133 F1080
G1 X100.5636 Y87.9606 Z0.8295 E0.02133 F1080
G1 X100.9113 Y87.7630 Z0.8297 E0.02133 F1080
G1 X101.2614 Y87.5694 Z0.8299 E0.02133 F1080
G1 X101.6137 Y87.3800 Z0.8301 E0.02133 F1080
G1 X101.9682 Y87.1947 Z0.8303 E0.02133 F1080
G1 X102.3249 Y87.0136 Z0.8305 E0.02133 F1080
G1 X102.6836 Y86.8367 Z0.8307 E0.02133 F1080
G1 X103.0444 Y86.6641 Z0.8308 E0.02133 F1080
G1 X103.4072 Y86.4956 Z0.8310 E0.02133 F1080
G1 X103.7720 Y86.3315 Z0.8312 E0.02133 F1080
G1 X104.1387 Y86.1716 Z0.8314 E0.02133 F1080
G1 X104.5072 Y86.0161 Z0.8316 E0.02133 F1080
G1 X104.8775 Y85.8649 Z0.8318 E0.02133 F1080
G1 X105.2496 Y85.7181 Z0.8320 E0.02133 F1080
G1 X105.6234 Y85.5756 Z0.8322 E0.02133 F1080
G1 X105.9988 Y85.4376 Z0.8324 E0.02133 F1080
G1 X106.3758 Y85.3039 Z0.8326 E0.02133 F1080
G1 X106.7544 Y85.1747 Z0.8327 E0.02133 F1080
G1 X107.1345 Y85.0500 Z0.8329 E0.02133 F1080
G1 X107.5160 Y84.9297 Z0.8331 E0.02133 F1080
G1 X107.8988 Y84.8139 Z0.8333 E0.02133 F1080
G1 X108.2830 Y84.7026 Z0.8335 E0.02133 F1080
G1 X108.6685 Y84.5959 Z0.8337 E0.02133 F1080
G1 X109.0553 Y84.4936 Z0.8339 E0.02133 F1080
G1 X109.4431 Y84.3959 Z0.8341 E0.02133 F1080
G1 X109.8322 Y84.3028 Z0.8343 E0.02133 F1080
G1 X110.2222 Y84.2143 Z0.8344 E0.02133 F1080
G1 X110.6133 Y84.1303 Z0.8346 E0.02133 F1080
G1 X111.0054 Y84.0509 Z0.8348 E0.02133 F1080
G1 X111.3983 Y83.9762 Z0.8350 E0.02133 F1080
G1 X111.7921 Y83.9060 Z0.8352 E0.02133 F1080
G1 X112.1867 Y83.8405 Z0.8354 E0.02133 F1080
G1 X112.5821 Y83.7796 Z0.8356 E0.02133 F1080
G1 X112.9781 Y83.7234 Z0.8358 E0.02133 F1080
G1 X113.3748 Y83.6718 Z0.8360 E0.02133 F1080
G1 X113.7720 Y83.6249 Z0.8362 E0.02133 F1080
G1 X114.1698 Y83.5826 Z0.8363 E0.02133 F1080
G1 X114.5680 Y83.5450 Z0.8365 E0.02133 F1080
G1 X114.9667 Y83.5121 Z0.8367 E0.02133 F1080
G1 X115.3657 Y83.4839 Z0.8369 E0.02133 F1080
G1 X115.7650 Y83.4603 Z0.8371 E0.02133 F1080
G1 X116.1645 Y83.4415 Z0.8373 E0.02133 F1080
G1 X116.5643 Y83.4273 Z0.8375 E0.02133 F1080
G1 X116.9642 Y83.4178 Z0.8377 E0.02133 F1080
G1 X117.3642 Y83.4131 Z0.8379 E0.02133 F1080
G1 X117.7642 Y83.4130 Z0.8381 E0.02133 F1080
G1 X118.1641 Y83.4176 Z0.8382 E0.02133 F1080
G1 X118.5640 Y83.4269 Z0.8384 E0.02133 F1080
G1 X118.9638 Y83.4409 Z0.8386 E0.02133 F1080
G1 X119.3634 Y83.4595 Z0.8388 E0.02133 F1080
G1 X119.7627 Y83.4829 Z0.8390 E0.02133 F1080
G1 X120.1617 Y83.5110 Z0.8392 E0.02133 F1080
G1 X120.5604 Y83.5437 Z0.8394 E0.02133 F1080
G1 X120.9586 Y83.5811 Z0.8396 E0.02133 F1080
G1 X121.3564 Y83.6232 Z0.8398 E0.02133 F1080
G1 X121.7537 Y83.6699 Z0.8400 E0.02133 F1080
G1 X122.1503 Y83.7213 Z0.8401 E0.02133 F1080
G1 X122.5464 Y83.7774 Z0.8403 E0.02133 F1080
G1 X122.9418 Y83.8380 Z0.8405 E0.02133 F1080
G1 X123.3364 Y83.9034 Z0.8407 E0.02133 F1080
G1 X123.7302 Y83.9733 Z0.8409 E0.02133 F1080
G1 X124.1232 Y84.0479 Z0.8411 E0.02133 F1080
G1 X124.5153 Y84.1270 Z0.8413 E0.02133 F1080
G1 X124.9065 Y84.2108 Z0.8415 E0.02133 F1080
G1 X125.2966 Y84.2991 Z0.8417 E0.02133 F1080
G1 X125.6857 Y84.3920 Z0.8419 E0.02133 F1080
G1 X126.0736 Y84.4895 Z0.8420 E0.02133 F1080
G1 X126.4604 Y84.5915 Z0.8422 E0.02133 F1080
G1 X126.8459 Y84.6981 Z0.8424 E0.02133 F1080
G1 X127.2302 Y84.8091 Z0.8426 E0.02133 F1080
G1 X127.6132 Y84.9247 Z0.8428 E0.02133 F1080
G1 X127.9947 Y85.0447 Z0.8430 E0.02133 F1080
G1 X128.3749 Y85.1692 Z0.8432 E0.02133 F1080
G1 X128.7535 Y85.2982 Z0.8434 E0.02133 F1080
G1 X129.1306 Y85.4315 Z0.8436 E0.02133 F1080
G1 X129.5061 Y85.5693 Z0.8438 E0.02133 F1080
G1 X129.8800 Y85.7115 Z0.8439 E0.02133 F1080
G1 X130.2522 Y85.8581 Z0.8441 E0.02133 F1080
G1 X130.6227 Y86.0090 Z0.8443 E0.02133 F1080
G1 X130.9913 Y86.1643 Z0.8445 E0.02133 F1080
G1 X131.3581 Y86.3238 Z0.8447 E0.02133 F1080
G1 X131.7230 Y86.4877 Z0.8449 E0.02133 F1080
G1 X132.0860 Y86.6558 Z0.8451 E0.02133 F1080
G1 X132.4469 Y86.8282 Z0.8453 E0.02133 F1080
G1 X132.8058 Y87.0047 Z0.8455 E0.02133 F1080
G1 X133.1627 Y87.1855 Z0.8457 E0.02133 F1080
G1 X133.5173 Y87.3705 Z0.8459 E0.02133 F1080
G1 X133.8698 Y87.5596 Z0.8460 E0.02133 F1080
G1 X134.2201 Y87.7528 Z0.8462 E0.02133 F1080
G1 X134.5680 Y87.9501 Z0.8464 E0.02133 F1080
G1 X134.9137 Y88.1514 Z0.8466 E0.02133 F1080
G1 X135.2569 Y88.3568 Z0.8468 E0.02133 F1080
G1 X135.5977 Y88.5663 Z0.8470 E0.02133 F1080
G1 X135.9360 Y88.7796 Z0.8472 E0.02133 F1080
G1 X136.2718 Y88.9970 Z0.8474 E0.02133 F1080
G1 X136.6051 Y89.2183 Z0.8476 E0.02133 F1080
G1 X136.9357 Y89.4434 Z0.8478 E0.02133 F1080
G1 X137.2636 Y89.6724 Z0.8479 E0.02133 F1080
G1 X137.5889 Y89.9053 Z0.8481 E0.02133 F1080
G1 X137.9114 Y90.1419 Z0.8483 E0.02133 F1080
G1 X138.2311 Y90.3823 Z0.8485 E0.02133 F1080
G1 X138.5479 Y90.6264 Z0.8487 E0.02133 F1080
G1 X138.8619 Y90.8743 Z0.8489 E0.02133 F1080
G1 X139.1730 Y91.1258 Z0.8491 E0.02133 F1080
G1 X139.4811 Y91.3809 Z0.8493 E0.02133 F1080
G1 X139.7861 Y91.6396 Z0.8495 E0.02133 F1080
G1 X140.0882 Y91.9019 Z0.8497 E0.02133 F1080
G1 X140.3871 Y92.1676 Z0.8499 E0.02133 F1080
G1 X140.6829 Y92.4369 Z0.8500 E0.02133 F1080
G1 X140.9755 Y92.7096 Z0.8502 E0.02133 F1080
G1 X141.2649 Y92.9858 Z0.8504 E0.02133 F1080
G1 X141.5511 Y93.2653 Z0.8506 E0.02133 F1080
G1 X141.8339 Y93.5481 Z0.8508 E0.02133 F1080
G1 X142.1135 Y93.8342 Z0.8510 E0.02133 F1080
G1 X142.3896 Y94.1236 Z0.8512 E0.02133 F1080
G1 X142.6624 Y94.4162 Z0.8514 E0.02133 F1080
G1 X142.9317 Y94.7120 Z0.8516 E0.02133 F1080
G1 X143.1975 Y95.0109 Z0.8518 E0.02133 F1080
G1 X143.4598 Y95.3129 Z0.8519 E0.02133 F1080
G1 X143.7185 Y95.6179 Z0.8521 E0.02133 F1080
G1 X143.9737 Y95.9260 Z0.8523 E0.02133 F1080
G1 X144.2252 Y96.2370 Z0.8525 E0.02133 F1080
G1 X144.4731 Y96.5510 Z0.8527 E0.02133 F1080
G1 X144.7172 Y96.8678 Z0.8529 E0.02133 F1080
G1 X144.9577 Y97.1875 Z0.8531 E0.02133 F1080
G1 X145.1943 Y97.5099 Z0.8533 E0.02133 F1080
G1 X145.4272 Y97.8352 Z0.8535 E0.02133 F1080
G1 X145.6563 Y98.1631 Z0.8537 E0.02133 F1080
G1 X145.8815 Y98.4937 Z0.8539 E0.02133 F1080
G1 X146.1028 Y98.8269 Z0.8540 E0.02133 F1080
G1 X146.3202 Y99.1626 Z0.8542 E0.02133 F1080
G1 X146.5337 Y99.5009 Z0.8544 E0.02133 F1080
G1 X146.7432 Y99.8417 Z0.8546 E0.02133 F1080
G1 X146.9487 Y100.1849 Z0.8548 E0.02133 F1080
G1 X147.1501 Y100.5304 Z0.8550 E0.02133 F1080
G1 X147.3475 Y100.8783 Z0.8552 E0.02133 F1080
G1 X147.5408 Y101.2285 Z0.8554 E0.02133 F1080
G1 X147.7300 Y101.5810 Z0.8556 E0.02133 F1080
G1 X147.9150 Y101.9356 Z0.8558 E0.02133 F1080
G1 X148.0959 Y102.2924 Z0.8560 E0.02133 F1080
G1 X148.2726 Y102.6512 Z0.8561 E0.02133 F1080
G1 X148.4451 Y103.0121 Z0.8563 E0.02133 F1080
G1 X148.6133 Y103.3750 Z0.8565 E0.02133 F1080
G1 X148.7773 Y103.7399 Z0.8567 E0.02133 F1080
G1 X148.9370 Y104.1066 Z0.8569 E0.02133 F1080
G1 X149.0924 Y104.4752 Z0.8571 E0.02133 F1080
G1 X149.2435 Y104.8456 Z0.8573 E0.02133 F1080
G1 X149.3902 Y105.2177 Z0.8575 E0.02133 F1080
G1 X149.5326 Y105.5915 Z0.8577 E0.02133 F1080
G1 X149.6705 Y105.9670 Z0.8579 E0.02133 F1080
G1 X149.8041 Y106.3440 Z0.8581 E0.02133 F1080
G1 X149.9333 Y106.7226 Z0.8582 E0.02133 F1080
G1 X150.0580 Y107.1027 Z0.8584 E0.02133 F1080
G1 X150.1782 Y107.4842 Z0.8586 E0.02133 F1080
G1 X150.2940 Y107.8671 Z0.8588 E0.02133 F1080
G1 X150.4053 Y108.2513 Z0.8590 E0.02133 F1080
G1 X150.5121 Y108.6367 Z0.8592 E0.02133 F1080
G1 X150.6144 Y109.0235 Z0.8594 E0.02133 F1080
G1 X150.7121 Y109.4113 Z0.8596 E0.02133 F1080
G1 X150.8053 Y109.8003 Z0.8598 E0.02133 F1080
G1 X150.8939 Y110.1904 Z0.8600 E0.02133 F1080
G1 X150.9780 Y110.5815 Z0.8602 E0.02133 F1080
G1 X151.0575 Y110.9735 Z0.8603 E0.02133 F1080
G1 X151.1324 Y111.3664 Z0.8605 E0.02133 F1080
G1 X151.2026 Y111.7602 Z0.8607 E0.02133 F1080
G1 X151.2683 Y112.1548 Z0.8609 E0.02133 F1080
G1 X151.3294 Y112.5501 Z0.8611 E0.02133 F1080
G1 X151.3858 Y112.9461 Z0.8613 E0.02133 F1080
G1 X151.4376 Y113.3427 Z0.8615 E0.02133 F1080
G1 X151.4847 Y113.7399 Z0.8617 E0.02133 F1080
G1 X151.5272 Y114.1377 Z0.8619 E0.02133 F1080
G1 X151.5651 Y114.5359 Z0.8621 E0.02133 F1080
G1 X151.5982 Y114.9345 Z0.8623 E0.02133 F1080
G1 X151.6268 Y115.3335 Z0.8624 E0.02133 F1080
G1 X151.6506 Y115.7328 Z0.8626 E0.02133 F1080
G1 X151.6698 Y116.1323 Z0.8628 E0.02133 F1080
G1 X151.6843 Y116.5321 Z0.8630 E0.02133 F1080
G1 X151.6941 Y116.9320 Z0.8632 E0.02133 F1080
G1 X151.6992 Y117.3319 Z0.8634 E0.02133 F1080
G1 X151.6997 Y117.7319 Z0.8636 E0.02133 F1080
G1 X151.6955 Y118.1319 Z0.8638 E0.02133 F1080
G1 X151.6866 Y118.5318 Z0.8640 E0.02133 F1080
G1 X151.6730 Y118.9316 Z0.8642 E0.02133 F1080
G1 X151.6548 Y119.3312 Z0.8644 E0.02133 F1080
G1 X151.6319 Y119.7305 Z0.8645 E0.02133 F1080
G1 X151.6043 Y120.1296 Z0.8647 E0.02133 F1080
G1 X151.5720 Y120.5283 Z0.8649 E0.02133 F1080
G1 X151.5351 Y120.9266 Z0.8651 E0.02133 F1080
G1 X151.4936 Y121.3244 Z0.8653 E0.02133 F1080
G1 X151.4474 Y121.7217 Z0.8655 E0.02133 F1080
G1 X151.3965 Y122.1185 Z0.8657 E0.02133 F1080
G1 X151.3410 Y122.5146 Z0.8659 E0.02133 F1080
G1 X151.2809 Y122.9101 Z0.8661 E0.02133 F1080
G1 X151.2162 Y123.3048 Z0.8663 E0.02133 F1080
G1 X151.1468 Y123.6988 Z0.8665 E0.02133 F1080
G1 X151.0729 Y124.0919 Z0.8667 E0.02133 F1080
G1 X150.9943 Y124.4841 Z0.8668 E0.02133 F1080
G1 X150.9112 Y124.8754 Z0.8670 E0.02133 F1080
G1 X150.8235 Y125.2656 Z0.8672 E0.02133 F1080
G1 X150.7313 Y125.6549 Z0.8674 E0.02133 F1080
G1 X150.6345 Y126.0430 Z0.8676 E0.02133 F1080
G1 X150.5332 Y126.4299 Z0.8678 E0.02133 F1080
G1 X150.4273 Y126.8157 Z0.8680 E0.02133 F1080
G1 X150.3170 Y127.2002 Z0.8682 E0.02133 F1080
G1 X150.2022 Y127.5833 Z0.8684 E0.02133 F1080
G1 X150.0829 Y127.9651 Z0.8686 E0.02133 F1080
G1 X149.9591 Y128.3455 Z0.8688 E0.02133 F1080
G1 X149.8309 Y128.7244 Z0.8689 E0.02133 F1080
G1 X149.6983 Y129.1018 Z0.8691 E0.02133 F1080
G1 X149.5613 Y129.4776 Z0.8693 E0.02133 F1080
G1 X149.4199 Y129.8518 Z0.8695 E0.02133 F1080
G1 X149.2742 Y130.2243 Z0.8697 E0.02133 F1080
G1 X149.1241 Y130.5951 Z0.8699 E0.02133 F1080
G1 X148.9697 Y130.9641 Z0.8701 E0.02133 F1080
G1 X148.8109 Y131.3312 Z0.8703 E0.02133 F1080
G1 X148.6479 Y131.6965 Z0.8705 E0.02133 F1080
G1 X148.4807 Y132.0599 Z0.8707 E0.02133 F1080
G1 X148.3092 Y132.4213 Z0.8709 E0.02133 F1080
G1 X148.1335 Y132.7806 Z0.8711 E0.02133 F1080
G1 X147.9536 Y133.1379 Z0.8712 E0.02133 F1080
G1 X147.7695 Y133.4930 Z0.8714 E0.02133 F1080
G1 X147.5814 Y133.8460 Z0.8716 E0.02133 F1080
G1 X147.3891 Y134.1967 Z0.8718 E0.02133 F1080
G1 X147.1927 Y134.5452 Z0.8720 E0.02133 F1080
G1 X146.9922 Y134.8914 Z0.8722 E0.02133 F1080
G1 X146.7878 Y135.2352 Z0.8724 E0.02133 F1080
G1 X146.5793 Y135.5766 Z0.8726 E0.02133 F1080
G1 X146.3668 Y135.9155 Z0.8728 E0.02133 F1080
G1 X146.1504 Y136.2519 Z0.8730 E0.02133 F1080
G1 X145.9301 Y136.5858 Z0.8732 E0.02133 F1080
G1 X145.7059 Y136.9170 Z0.8734 E0.02133 F1080
G1 X145.4779 Y137.2457 Z0.8735 E0.02133 F1080
G1 X145.2460 Y137.5716 Z0.8737 E0.02133 F1080
G1 X145.0103 Y137.8948 Z0.8739 E0.02133 F1080
G1 X144.7709 Y138.2152 Z0.8741 E0.02133 F1080
G1 X144.5278 Y138.5329 Z0.8743 E0.02133 F1080
G1 X144.2809 Y138.8476 Z0.8745 E0.02133 F1080
G1 X144.0304 Y139.1595 Z0.8747 E0.02133 F1080
G1 X143.7763 Y139.4684 Z0.8749 E0.02133 F1080
G1 X143.5186 Y139.7743 Z0.8751 E0.02133 F1080
G1 X143.2573 Y140.0772 Z0.8753 E0.02133 F1080
G1 X142.9925 Y140.3770 Z0.8755 E0.02133 F1080
G1 X142.7242 Y140.6737 Z0.8757 E0.02133 F1080
G1 X142.4525 Y140.9672 Z0.8758 E0.02133 F1080
G1 X142.1774 Y141.2576 Z0.8760 E0.02133 F1080
G1 X141.8989 Y141.5447 Z0.8762 E0.02133 F1080
G1 X141.6171 Y141.8286 Z0.8764 E0.02133 F1080
G1 X141.3319 Y142.1091 Z0.8766 E0.02133 F1080
G1 X141.0435 Y142.3863 Z0.8768 E0.02133 F1080
G1 X140.7519 Y142.6601 Z0.8770 E0.02133 F1080
G1 X140.4572 Y142.9305 Z0.8772 E0.02133 F1080
G1 X140.1592 Y143.1974 Z0.8774 E0.02133 F1080
G1 X139.8582 Y143.4608 Z0.8776 E0.02133 F1080
G1 X139.5542 Y143.7207 Z0.8778 E0.02133 F1080
G1 X139.2471 Y143.9771 Z0.8780 E0.02133 F1080
G1 X138.9370 Y144.2298 Z0.8781 E0.02133 F1080
G1 X138.6240 Y144.4789 Z0.8783 E0.02133 F1080
G1 X138.3082 Y144.7243 Z0.8785 E0.02133 F1080
G1 X137.9895 Y144.9660 Z0.8787 E0.02133 F1080
G1 X137.6679 Y145.2040 Z0.8789 E0.02133 F1080
G1 X137.3437 Y145.4382 Z0.8791 E0.02133 F1080
G1 X137.0167 Y145.6686 Z0.8793 E0.02133 F1080
G1 X136.6871 Y145.8952 Z0.8795 E0.02133 F1080
G1 X136.3548 Y146.1179 Z0.8797 E0.02133 F1080
G1 X136.0199 Y146.3367 Z0.8799 E0.02133 F1080
G1 X135.6826 Y146.5516 Z0.8801 E0.02133 F1080
G1 X135.3427 Y146.7625 Z0.8803 E0.02133 F1080
G1 X135.0004 Y146.9695 Z0.8804 E0.02133 F1080
G1 X134.6557 Y147.1725 Z0.8806 E0.02133 F1080
G1 X134.3087 Y147.3714 Z0.8808 E0.02133 F1080
G1 X133.9593 Y147.5662 Z0.8810 E0.02133 F1080
G1 X133.6077 Y147.7570 Z0.8812 E0.02133 F1080
G1 X133.2540 Y147.9436 Z0.8814 E0.02133 F1080
G1 X132.8980 Y148.1261 Z0.8816 E0.02133 F1080
G1 X132.5400 Y148.3045 Z0.8818 E0.02133 F1080
G1 X132.1799 Y148.4786 Z0.8820 E0.02133 F1080
G1 X131.8178 Y148.6486 Z0.8822 E0.02133 F1080
G1 X131.4537 Y148.8143 Z0.8824 E0.02133 F1080
G1 X131.0877 Y148.9757 Z0.8826 E0.02133 F1080
G1 X130.7199 Y149.1329 Z0.8827 E0.02133 F1080
G1 X130.3502 Y149.2857 Z0.8829 E0.02133 F1080
G1 X129.9788 Y149.4343 Z0.8831 E0.02133 F1080
G1 X129.6057 Y149.5784 Z0.8833 E0.02133 F1080
G1 X129.2309 Y149.7183 Z0.8835 E0.02133 F1080
G1 X128.8546 Y149.8537 Z0.8837 E0.02133 F1080
G1 X128.4766 Y149.9848 Z0.8839 E0.02133 F1080
G1 X128.0972 Y150.1114 Z0.8841 E0.02133 F1080
G1 X127.7163 Y150.2336 Z0.8843 E0.02133 F1080
G1 X127.3340 Y150.3513 Z0.8845 E0.02133 F1080
G1 X126.9504 Y150.4646 Z0.8847 E0.02133 F1080
G1 X126.5655 Y150.5734 Z0.8849 E0.02133 F1080
G1 X126.1793 Y150.6777 Z0.8851 E0.02133 F1080
G1 X125.7920 Y150.7775 Z0.8852 E0.02133 F1080
G1 X125.4035 Y150.8727 Z0.8854 E0.02133 F1080
G1 X125.0139 Y150.9635 Z0.8856 E0.02133 F1080
G1 X124.6233 Y151.0496 Z0.8858 E0.02133 F1080
G1 X124.2317 Y151.1313 Z0.8860 E0.02133 F1080
G1 X123.8392 Y151.2083 Z0.8862 E0.02133 F1080
G1 X123.4458 Y151.2807 Z0.8864 E0.02133 F1080
G1 X123.0516 Y151.3486 Z0.8866 E0.02133 F1080
G1 X122.6566 Y151.4119 Z0.8868 E0.02133 F1080
G1 X122.2609 Y151.4705 Z0.8870 E0.02133 F1080
G1 X121.8646 Y151.5246 Z0.8872 E0.02133 F1080
G1 X121.4677 Y151.5740 Z0.8874 E0.02133 F1080
G1 X121.0702 Y151.6188 Z0.8876 E0.02133 F1080
G1 X120.6722 Y151.6589 Z0.8877 E0.02133 F1080
G1 X120.2738 Y151.6944 Z0.8879 E0.02133 F1080
G1 X119.8750 Y151.7252 Z0.8881 E0.02133 F1080
G1 X119.4758 Y151.7514 Z0.8883 E0.02133 F1080
G1 X119.0764 Y151.7730 Z0.8885 E0.02133 F1080
G1 X118.6767 Y151.7899 Z0.8887 E0.02133 F1080
G1 X118.2769 Y151.8021 Z0.8889 E0.02133 F1080
G1 X117.8770 Y151.8096 Z0.8891 E0.02133 F1080
G1 X117.4770 Y151.8125 Z0.8893 E0.02133 F1080
G1 X117.0770 Y151.8108 Z0.8895 E0.02133 F1080
G1 X116.6770 Y151.8043 Z0.8897 E0.02133 F1080
G1 X116.2772 Y151.7933 Z0.8899 E0.02133 F1080
G1 X115.8775 Y151.7775 Z0.8900 E0.02133 F1080
G1 X115.4780 Y151.7571 Z0.8902 E0.02133 F1080
G1 X115.0788 Y151.7320 Z0.8904 E0.02133 F1080
G1 X114.6799 Y151.7023 Z0.8906 E0.02133 F1080
G1 X114.2814 Y151.6680 Z0.8908 E0.02133 F1080
G1 X113.8833 Y151.6290 Z0.8910 E0.02133 F1080
G1 X113.4857 Y151.5853 Z0.8912 E0.02133 F1080
G1 X113.0886 Y151.5370 Z0.8914 E0.02133 F1080
G1 X112.6921 Y151.4842 Z0.8916 E0.02133 F1080
G1 X112.2962 Y151.4266 Z0.8918 E0.02133 F1080
G1 X111.9011 Y151.3645 Z0.8920 E0.02133 F1080
G1 X111.5067 Y151.2978 Z0.8922 E0.02133 F1080
G1 X111.1131 Y151.2265 Z0.8924 E0.02133 F1080
G1 X110.7204 Y151.1506 Z0.8925 E0.02133 F1080
G1 X110.3285 Y151.0701 Z0.8927 E0.02133 F1080
G1 X109.9377 Y150.9851 Z0.8929 E0.02133 F1080
G1 X109.5478 Y150.8955 Z0.8931 E0.02133 F1080
G1 X109.1591 Y150.8014 Z0.8933 E0.02133 F1080
G1 X108.7714 Y150.7028 Z0.8935 E0.02133 F1080
G1 X108.3849 Y150.5996 Z0.8937 E0.02133 F1080
G1 X107.9997 Y150.4920 Z0.8939 E0.02133 F1080
G1 X107.6157 Y150.3798 Z0.8941 E0.02133 F1080
G1 X107.2331 Y150.2633 Z0.8943 E0.02133 F1080
G1 X106.8518 Y150.1422 Z0.8945 E0.02133 F1080
G1 X106.4720 Y150.0167 Z0.8947 E0.02133 F1080
G1 X106.0937 Y149.8869 Z0.8949 E0.02133 F1080
G1 X105.7169 Y149.7526 Z0.8950 E0.02133 F1080
G1 X105.3417 Y149.6139 Z0.8952 E0.02133 F1080
G1 X104.9681 Y149.4709 Z0.8954 E0.02133 F1080
G1 X104.5963 Y149.3235 Z0.8956 E0.02133 F1080
G1 X104.2262 Y149.1718 Z0.8958 E0.02133 F1080
G1 X103.8578 Y149.0158 Z0.8960 E0.02133 F1080
G1 X103.4913 Y148.8556 Z0.8962 E0.02133 F1080
G1 X103.1267 Y148.6910 Z0.8964 E0.02133 F1080
G1 X102.7641 Y148.5223 Z0.8966 E0.02133 F1080
G1 X102.4034 Y148.3493 Z0.8968 E0.02133 F1080
G1 X102.0448 Y148.1721 Z0.8970 E0.02133 F1080
G1 X101.6882 Y147.9908 Z0.8972 E0.02133 F1080
G1 X101.3338 Y147.8053 Z0.8974 E0.02133 F1080
G1 X100.9816 Y147.6157 Z0.8975 E0.02133 F1080
G1 X100.6316 Y147.4221 Z0.8977 E0.02133 F1080
G1 X100.2839 Y147.2243 Z0.8979 E0.02133 F1080
G1 X99.9385 Y147.0225 Z0.8981 E0.02133 F1080
G1 X99.5955 Y146.8168 Z0.8983 E0.02133 F1080
G1 X99.2549 Y146.6070 Z0.8985 E0.02133 F1080
G1 X98.9168 Y146.3933 Z0.8987 E0.02133 F1080
G1 X98.5812 Y146.1757 Z0.8989 E0.02133 F1080
G1 X98.2481 Y145.9541 Z0.8991 E0.02133 F1080
G1 X97.9176 Y145.7287 Z0.8993 E0.02133 F1080
G1 X97.5898 Y145.4995 Z0.8995 E0.02133 F1080
G1 X97.2647 Y145.2665 Z0.8997 E0.02133 F1080
G1 X96.9423 Y145.0297 Z0.8999 E0.02133 F1080
G1 X96.6227 Y144.7892 Z0.9000 E0.02133 F1080
G1 X96.3059 Y144.5449 Z0.9002 E0.02133 F1080
G1 X95.9920 Y144.2970 Z0.9004 E0.02133 F1080
G1 X95.6810 Y144.0455 Z0.9006 E0.02133 F1080
G1 X95.3729 Y143.7903 Z0.9008 E0.02133 F1080
G1 X95.0679 Y143.5316 Z0.9010 E0.02133 F1080
G1 X94.7658 Y143.2694 Z0.9012 E0.02133 F1080
G1 X94.4669 Y143.0036 Z0.9014 E0.02133 F1080
G1 X94.1710 Y142.7344 Z0.9016 E0.02133 F1080
G1 X93.8783 Y142.4618 Z0.9018 E0.02133 F1080
G1 X93.5888 Y142.1858 Z0.9020 E0.02133 F1080
G1 X93.3025 Y141.9064 Z0.9022 E0.02133 F1080
G1 X93.0195 Y141.6237 Z0.9024 E0.02133 F1080
G1 X92.7398 Y141.3378 Z0.9026 E0.02133 F1080
G1 X92.4635 Y141.0486 Z0.9027 E0.02133 F1080
G1 X92.1905 Y140.7562 Z0.9029 E0.02133 F1080
G1 X91.9210 Y140.4606 Z0.9031 E0.02133 F1080
G1 X91.6549 Y140.1619 Z0.9033 E0.02133 F1080
G1 X91.3923 Y139.8602 Z0.9035 E0.02133 F1080
G1 X91.1332 Y139.5554 Z0.9037 E0.02133 F1080
G1 X90.8777 Y139.2477 Z0.9039 E0.02133 F1080
G1 X90.6258 Y138.9369 Z0.9041 E0.02133 F1080
G1 X90.3776 Y138.6233 Z0.9043 E0.02133 F1080
G1 X90.1330 Y138.3068 Z0.9045 E0.02133 F1080
G1 X89.8921 Y137.9875 Z0.9047 E0.02133 F1080
G1 X89.6549 Y137.6654 Z0.9049 E0.02133 F1080
G1 X89.4215 Y137.3405 Z0.9051 E0.02133 F1080
G1 X89.1919 Y137.0130 Z0.9052 E0.02133 F1080
G1 X88.9661 Y136.6828 Z0.9054 E0.02133 F1080
G1 X88.7442 Y136.3500 Z0.9056 E0.02133 F1080
G1 X88.5261 Y136.0147 Z0.9058 E0.02133 F1080
G1 X88.3120 Y135.6768 Z0.9060 E0.02133 F1080
G1 X88.1018 Y135.3365 Z0.9062 E0.02133 F1080
G1 X87.8956 Y134.9937 Z0.9064 E0.02133 F1080
G1 X87.6934 Y134.6486 Z0.9066 E0.02133 F1080
G1 X87.4952 Y134.3011 Z0.9068 E0.02133 F1080
G1 X87.3011 Y133.9514 Z0.9070 E0.02133 F1080
G1 X87.1110 Y133.5994 Z0.9072 E0.02133 F1080
G1 X86.9251 Y133.2452 Z0.9074 E0.02133 F1080
G1 X86.7433 Y132.8889 Z0.9076 E0.02133 F1080
G1 X86.5657 Y132.5305 Z0.9078 E0.02133 F1080
G1 X86.3922 Y132.1701 Z0.9079 E0.02133 F1080
G1 X86.2229 Y131.8077 Z0.9081 E0.02133 F1080
G1 X86.0579 Y131.4433 Z0.9083 E0.02133 F1080
G1 X85.8971 Y131.0771 Z0.9085 E0.02133 F1080
G1 X85.7406 Y130.7089 Z0.9087 E0.02133 F1080
G1 X85.5883 Y130.3390 Z0.9089 E0.02133 F1080
G1 X85.4404 Y129.9674 Z0.9091 E0.02133 F1080
G1 X85.2968 Y129.5941 Z0.9093 E0.02133 F1080
G1 X85.1576 Y129.2191 Z0.9095 E0.02133 F1080
G1 X85.0227 Y128.8425 Z0.9097 E0.02133 F1080
G1 X84.8923 Y128.4644 Z0.9099 E0.02133 F1080
G1 X84.7662 Y128.0847 Z0.9101 E0.02133 F1080
G1 X84.6445 Y127.7037 Z0.9103 E0.02133 F1080
G1 X84.5273 Y127.3212 Z0.9105 E0.02133 F1080
G1 X84.4146 Y126.9375 Z0.9106 E0.02133 F1080
G1 X84.3063 Y126.5524 Z0.9108 E0.02133 F1080
G1 X84.2025 Y126.1661 Z0.9110 E0.02133 F1080
G1 X84.1032 Y125.7786 Z0.9112 E0.02133 F1080
G1 X84.0084 Y125.3900 Z0.9114 E0.02133 F1080
G1 X83.9181 Y125.0003 Z0.9116 E0.02133 F1080
G1 X83.8324 Y124.6096 Z0.9118 E0.02133 F1080
G1 X83.7512 Y124.2179 Z0.9120 E0.02133 F1080
G1 X83.6746 Y123.8253 Z0.9122 E0.02133 F1080
G1 X83.6025 Y123.4319 Z0.9124 E0.02133 F1080
G1 X83.5350 Y123.0376 Z0.9126 E0.02133 F1080
G1 X83.4721 Y122.6426 Z0.9128 E0.02133 F1080
G1 X83.4138 Y122.2468 Z0.9130 E0.02133 F1080
G1 X83.3602 Y121.8505 Z0.9132 E0.02133 F1080
G1 X83.3111 Y121.4535 Z0.9133 E0.02133 F1080
G1 X83.2666 Y121.0560 Z0.9135 E0.02133 F1080
G1 X83.2268 Y120.6579 Z0.9137 E0.02133 F1080
G1 X83.1915 Y120.2595 Z0.9139 E0.02133 F1080
G1 X83.1610 Y119.8607 Z0.9141 E0.02133 F1080
G1 X83.1350 Y119.4615 Z0.9143 E0.02133 F1080
G1 X83.1137 Y119.0621 Z0.9145 E0.02133 F1080
G1 X83.0971 Y118.6624 Z0.9147 E0.02133 F1080
G1 X83.0850 Y118.2626 Z0.9149 E0.02133 F1080
G1 X83.0777 Y117.8626 Z0.9151 E0.02133 F1080
G1 X83.0749 Y117.4626 Z0.9153 E0.02133 F1080
G1 X83.0769 Y117.0627 Z0.9155 E0.02133 F1080
G1 X83.0834 Y116.6627 Z0.9157 E0.02133 F1080
G1 X83.0947 Y116.2629 Z0.9159 E0.02133 F1080
G1 X83.1105 Y115.8632 Z0.9160 E0.02133 F1080
G1 X83.1310 Y115.4637 Z0.9162 E0.02133 F1080
G1 X83.1562 Y115.0645 Z0.9164 E0.02133 F1080
G1 X83.1860 Y114.6656 Z0.9166 E0.02133 F1080
G1 X83.2204 Y114.2671 Z0.9168 E0.02133 F1080
G1 X83.2594 Y113.8690 Z0.9170 E0.02133 F1080
G1 X83.3031 Y113.4714 Z0.9172 E0.02133 F1080
G1 X83.3514 Y113.0743 Z0.9174 E0.02133 F1080
G1 X83.4043 Y112.6778 Z0.9176 E0.02133 F1080
G1 X83.4617 Y112.2819 Z0.9178 E0.02133 F1080
G1 X83.5238 Y111.8868 Z0.9180 E0.02133 F1080
G1 X83.5905 Y111.4924 Z0.9182 E0.02133 F1080
G1 X83.6618 Y111.0988 Z0.9184 E0.02133 F1080
G1 X83.7376 Y110.7060 Z0.9186 E0.02133 F1080
G1 X83.8179 Y110.3142 Z0.9187 E0.02133 F1080
G1 X83.9029 Y109.9233 Z0.9189 E0.02133 F1080
G1 X83.9923 Y109.5334 Z0.9191 E0.02133 F1080
G1 X84.0863 Y109.1446 Z0.9193 E0.02133 F1080
G1 X84.1848 Y108.7569 Z0.9195 E0.02133 F1080
G1 X84.2877 Y108.3704 Z0.9197 E0.02133 F1080
G1 X84.3952 Y107.9851 Z0.9199 E0.02133 F1080
G1 X84.5071 Y107.6011 Z0.9201 E0.02133 F1080
G1 X84.6235 Y107.2184 Z0.9203 E0.02133 F1080
G1 X84.7443 Y106.8370 Z0.9205 E0.02133 F1080
G1 X84.8696 Y106.4571 Z0.9207 E0.02133 F1080
G1 X84.9992 Y106.0787 Z0.9209 E0.02133 F1080
G1 X85.1332 Y105.7019 Z0.9211 E0.02133 F1080
G1 X85.2716 Y105.3266 Z0.9213 E0.02133 F1080
G1 X85.4143 Y104.9529 Z0.9214 E0.02133 F1080
G1 X85.5614 Y104.5809 Z0.9216 E0.02133 F1080
G1 X85.7128 Y104.2106 Z0.9218 E0.02133 F1080
G1 X85.8684 Y103.8422 Z0.9220 E0.02133 F1080
G1 X86.0284 Y103.4755 Z0.9222 E0.02133 F1080
G1 X86.1926 Y103.1108 Z0.9224 E0.02133 F1080
G1 X86.3610 Y102.7479 Z0.9226 E0.02133 F1080
G1 X86.5336 Y102.3871 Z0.9228 E0.02133 F1080
G1 X86.7103 Y102.0283 Z0.9230 E0.02133 F1080
G1 X86.8913 Y101.6715 Z0.9232 E0.02133 F1080
G1 X87.0763 Y101.3169 Z0.9234 E0.02133 F1080
G1 X87.2655 Y100.9645 Z0.9236 E0.02133 F1080
G1 X87.4587 Y100.6142 Z0.9238 E0.02133 F1080
G1 X87.6560 Y100.2663 Z0.9240 E0.02133 F1080
G1 X87.8573 Y99.9206 Z0.9242 E0.02133 F1080
G1 X88.0627 Y99.5773 Z0.9243 E0.02133 F1080
G1 X88.2720 Y99.2364 Z0.9245 E0.02133 F1080
G1 X88.4852 Y98.8980 Z0.9247 E0.02133 F1080
G1 X88.7023 Y98.5621 Z0.9249 E0.02133 F1080
G1 X88.9234 Y98.2287 Z0.9251 E0.02133 F1080
G1 X89.1482 Y97.8979 Z0.9253 E0.02133 F1080
G1 X89.3769 Y97.5697 Z0.9255 E0.02133 F1080
G1 X89.6094 Y97.2442 Z0.9257 E0.02133 F1080
G1 X89.8457 Y96.9214 Z0.9259 E0.02133 F1080
G1 X90.0857 Y96.6014 Z0.9261 E0.02133 F1080
G1 X90.3294 Y96.2842 Z0.9263 E0.02133 F1080
G1 X90.5767 Y95.9699 Z0.9265 E0.02133 F1080
G1 X90.8277 Y95.6584 Z0.9267 E0.02133 F1080
G1 X91.0823 Y95.3499 Z0.9269 E0.02133 F1080
G1 X91.3404 Y95.0443 Z0.9270 E0.02133 F1080
G1 X91.6021 Y94.7418 Z0.9272 E0.02133 F1080
G1 X91.8673 Y94.4423 Z0.9274 E0.02133 F1080
G1 X92.1359 Y94.1459 Z0.9276 E0.02133 F1080
G1 X92.4079 Y93.8526 Z0.9278 E0.02133 F1080
G1 X92.6833 Y93.5626 Z0.9280 E0.02133 F1080
G1 X92.9621 Y93.2757 Z0.9282 E0.02133 F1080
G1 X93.2442 Y92.9921 Z0.9284 E0.02133 F1080
G1 X93.5295 Y92.7118 Z0.9286 E0.02133 F1080
G1 X93.8181 Y92.4348 Z0.9288 E0.02133 F1080
G1 X94.1099 Y92.1612 Z0.9290 E0.02133 F1080
G1 X94.4048 Y91.8909 Z0.9292 E0.02133 F1080
G1 X94.7029 Y91.6242 Z0.9294 E0.02133 F1080
G1 X95.0040 Y91.3608 Z0.9296 E0.02133 F1080
G1 X95.3081 Y91.1011 Z0.9298 E0.02133 F1080
G1 X95.6153 Y90.8448 Z0.9299 E0.02133 F1080
G1 X95.9254 Y90.5921 Z0.9301 E0.02133 F1080
G1 X96.2384 Y90.3431 Z0.9303 E0.02133 F1080
G1 X96.5543 Y90.0977 Z0.9305 E0.02133 F1080
G1 X96.8730 Y89.8559 Z0.9307 E0.02133 F1080
G1 X97.1944 Y89.6179 Z0.9309 E0.02133 F1080
G1 X97.5187 Y89.3836 Z0.9311 E0.02133 F1080
G1 X97.8456 Y89.1531 Z0.9313 E0.02133 F1080
G1 X98.1751 Y88.9264 Z0.9315 E0.02133 F1080
G1 X98.5073 Y88.7036 Z0.9317 E0.02133 F1080
G1 X98.8420 Y88.4846 Z0.9319 E0.02133 F1080
G1 X99.1793 Y88.2695 Z0.9321 E0.02133 F1080
G1 X99.5190 Y88.0583 Z0.9323 E0.02133 F1080
G1 X99.8612 Y87.8511 Z0.9325 E0.02133 F1080
G1 X100.2057 Y87.6479 Z0.9326 E0.02133 F1080
G1 X100.5525 Y87.4487 Z0.9328 E0.02133 F1080
G1 X100.9017 Y87.2535 Z0.9330 E0.02133 F1080
G1 X101.2531 Y87.0623 Z0.9332 E0.02133 F1080
G1 X101.6066 Y86.8753 Z0.9334 E0.02133 F1080
G1 X101.9624 Y86.6924 Z0.9336 E0.02133 F1080
G1 X102.3202 Y86.5136 Z0.9338 E0.02133 F1080
G1 X102.6801 Y86.3389 Z0.9340 E0.02133 F1080
G1 X103.0419 Y86.1685 Z0.9342 E0.02133 F1080
G1 X103.4057 Y86.0022 Z0.9344 E0.02133 F1080
G1 X103.7715 Y85.8402 Z0.9346 E0.02133 F1080
G1 X104.1390 Y85.6824 Z0.9348 E0.02133 F1080
G1 X104.5084 Y85.5289 Z0.9350 E0.02133 F1080
G1 X104.8796 Y85.3797 Z0.9352 E0.02133 F1080
G1 X105.2524 Y85.2348 Z0.9354 E0.02133 F1080
G1 X105.6269 Y85.0943 Z0.9355 E0.02133 F1080
G1 X106.0030 Y84.9581 Z0.9357 E0.02133 F1080
G1 X106.3806 Y84.8262 Z0.9359 E0.02133 F1080
G1 X106.7598 Y84.6988 Z0.9361 E0.02133 F1080
G1 X107.1404 Y84.5757 Z0.9363 E0.02133 F1080
G1 X107.5224 Y84.4571 Z0.9365 E0.02133 F1080
G1 X107.9058 Y84.3429 Z0.9367 E0.02133 F1080
G1 X108.2904 Y84.2331 Z0.9369 E0.02133 F1080
G1 X108.6763 Y84.1278 Z0.9371 E0.02133 F1080
G1 X109.0634 Y84.0270 Z0.9373 E0.02133 F1080
G1 X109.4516 Y83.9307 Z0.9375 E0.02133 F1080
G1 X109.8409 Y83.8389 Z0.9377 E0.02133 F1080
G1 X110.2313 Y83.7516 Z0.9379 E0.02133 F1080
G1 X110.6227 Y83.6688 Z0.9381 E0.02133 F1080
G1 X111.0149 Y83.5906 Z0.9383 E0.02133 F1080
G1 X111.4081 Y83.5169 Z0.9384 E0.02133 F1080
G1 X111.8021 Y83.4478 Z0.9386 E0.02133 F1080
G1 X112.1968 Y83.3832 Z0.9388 E0.02133 F1080
G1 X112.5923 Y83.3233 Z0.9390 E0.02133 F1080
G1 X112.9885 Y83.2679 Z0.9392 E0.02133 F1080
G1 X113.3852 Y83.2171 Z0.9394 E0.02133 F1080
G1 X113.7826 Y83.1709 Z0.9396 E0.02133 F1080
G1 X114.1804 Y83.1293 Z0.9398 E0.02133 F1080
G1 X114.5787 Y83.0924 Z0.9400 E0.02133 F1080
G1 X114.9774 Y83.0600 Z0.9402 E0.02133 F1080
G1 X115.3764 Y83.0323 Z0.9404 E0.02133 F1080
G1 X115.7758 Y83.0091 Z0.9406 E0.02133 F1080
G1 X116.1753 Y82.9907 Z0.9408 E0.02133 F1080
G1 X116.5751 Y82.9768 Z0.9410 E0.02133 F1080
G1 X116.9750 Y82.9676 Z0.9412 E0.02133 F1080
G1 X117.3750 Y82.9630 Z0.9413 E0.02133 F1080
G1 X117.7750 Y82.9630 Z0.9415 E0.02133 F1080
G1 X118.1750 Y82.9677 Z0.9417 E0.02133 F1080
G1 X118.5749 Y82.9770 Z0.9419 E0.02133 F1080
G1 X118.9746 Y82.9909 Z0.9421 E0.02133 F1080
G1 X119.3742 Y83.0095 Z0.9423 E0.02133 F1080
G1 X119.7735 Y83.0327 Z0.9425 E0.02133 F1080
G1 X120.1726 Y83.0605 Z0.9427 E0.02133 F1080
G1 X120.5712 Y83.0929 Z0.9429 E0.02133 F1080
G1 X120.9695 Y83.1300 Z0.9431 E0.02133 F1080
G1 X121.3674 Y83.1716 Z0.9433 E0.02133 F1080
G1 X121.7647 Y83.2179 Z0.9435 E0.02133 F1080
G1 X122.1614 Y83.2687 Z0.9437 E0.02133 F1080
G1 X122.5576 Y83.3242 Z0.9439 E0.02133 F1080
G1 X122.9530 Y83.3842 Z0.9441 E0.02133 F1080
G1 X123.3478 Y83.4488 Z0.9442 E0.02133 F1080
G1 X123.7418 Y83.5180 Z0.9444 E0.02133 F1080
G1 X124.1349 Y83.5917 Z0.9446 E0.02133 F1080
G1 X124.5272 Y83.6700 Z0.9448 E0.02133 F1080
G1 X124.9185 Y83.7528 Z0.9450 E0.02133 F1080
G1 X125.3089 Y83.8401 Z0.9452 E0.02133 F1080
G1 X125.6982 Y83.9320 Z0.9454 E0.02133 F1080
G1 X126.0864 Y84.0283 Z0.9456 E0.02133 F1080
G1 X126.4735 Y84.1291 Z0.9458 E0.02133 F1080
G1 X126.8594 Y84.2344 Z0.9460 E0.02133 F1080
G1 X127.2441 Y84.3442 Z0.9462 E0.02133 F1080
G1 X127.6274 Y84.4584 Z0.9464 E0.02133 F1080
G1 X128.0094 Y84.5771 Z0.9466 E0.02133 F1080
G1 X128.3900 Y84.7001 Z0.9468 E0.02133 F1080
G1 X128.7692 Y84.8276 Z0.9470 E0.02133 F1080
G1 X129.1468 Y84.9594 Z0.9472 E0.02133 F1080
G1 X129.5229 Y85.0956 Z0.9473 E0.02133 F1080
G1 X129.8974 Y85.2361 Z0.9475 E0.02133 F1080
G1 X130.2703 Y85.3810 Z0.9477 E0.02133 F1080
G1 X130.6414 Y85.5301 Z0.9479 E0.02133 F1080
G1 X131.0108 Y85.6836 Z0.9481 E0.02133 F1080
G1 X131.3784 Y85.8413 Z0.9483 E0.02133 F1080
G1 X131.7442 Y86.0033 Z0.9485 E0.02133 F1080
G1 X132.1080 Y86.1694 Z0.9487 E0.02133 F1080
G1 X132.4699 Y86.3398 Z0.9489 E0.02133 F1080
G1 X132.8299 Y86.5144 Z0.9491 E0.02133 F1080
G1 X133.1877 Y86.6931 Z0.9493 E0.02133 F1080
G1 X133.5435 Y86.8759 Z0.9495 E0.02133 F1080
G1 X133.8971 Y87.0629 Z0.9497 E0.02133 F1080
G1 X134.2486 Y87.2539 Z0.9499 E0.02133 F1080
G1 X134.5978 Y87.4490 Z0.9501 E0.02133 F1080
G1 X134.9447 Y87.6481 Z0.9502 E0.02133 F1080
G1 X135.2893 Y87.8512 Z0.9504 E0.02133 F1080
G1 X135.6316 Y88.0582 Z0.9506 E0.02133 F1080
G1 X135.9714 Y88.2692 Z0.9508 E0.02133 F1080
G1 X136.3087 Y88.4842 Z0.9510 E0.02133 F1080
G1 X136.6436 Y88.7030 Z0.9512 E0.02133 F1080
G1 X136.9759 Y88.9257 Z0.9514 E0.02133 F1080
G1 X137.3055 Y89.1522 Z0.9516 E0.02133 F1080
G1 X137.6326 Y89.3825 Z0.9518 E0.02133 F1080
G1 X137.9570 Y89.6166 Z0.9520 E0.02133 F1080
G1 X138.2786 Y89.8544 Z0.9522 E0.02133 F1080
G1 X138.5974 Y90.0959 Z0.9524 E0.02133 F1080
G1 X138.9135 Y90.3411 Z0.9526 E0.02133 F1080
G1 X139.2267 Y90.5899 Z0.9528 E0.02133 F1080
G1 X139.5370 Y90.8423 Z0.9530 E0.02133 F1080
G1 X139.8443 Y91.0984 Z0.9531 E0.02133 F1080
G1 X140.1487 Y91.3579 Z0.9533 E0.02133 F1080
G1 X140.4500 Y91.6209 Z0.9535 E0.02133 F1080
G1 X140.7483 Y91.8874 Z0.9537 E0.02133 F1080
G1 X141.0435 Y92.1574 Z0.9539 E0.02133 F1080
G1 X141.3356 Y92.4307 Z0.9541 E0.02133 F1080
G1 X141.6244 Y92.7074 Z0.9543 E0.02133 F1080
G1 X141.9101 Y92.9874 Z0.9545 E0.02133 F1080
G1 X142.1925 Y93.2707 Z0.9547 E0.02133 F1080
G1 X142.4716 Y93.5573 Z0.9549 E0.02133 F1080
G1 X142.7473 Y93.8470 Z0.9551 E0.02133 F1080
G1 X143.0197 Y94.1400 Z0.9553 E0.02133 F1080
G1 X143.2887 Y94.4360 Z0.9555 E0.02133 F1080
G1 X143.5542 Y94.7352 Z0.9557 E0.02133 F1080
G1 X143.8163 Y95.0374 Z0.9559 E0.02133 F1080
G1 X144.0749 Y95.3426 Z0.9561 E0.02133 F1080
G1 X144.3299 Y95.6507 Z0.9562 E0.02133 F1080
G1 X144.5813 Y95.9618 Z0.9564 E0.02133 F1080
G1 X144.8291 Y96.2758 Z0.9566 E0.02133 F1080
G1 X145.0733 Y96.5927 Z0.9568 E0.02133 F1080
G1 X145.3138 Y96.9123 Z0.9570 E0.02133 F1080
G1 X145.5506 Y97.2347 Z0.9572 E0.02133 F1080
G1 X145.7836 Y97.5598 Z0.9574 E0.02133 F1080
G1 X146.0129 Y97.8876 Z0.9576 E0.02133 F1080
G1 X146.2384 Y98.2180 Z0.9578 E0.02133 F1080
G1 X146.4600 Y98.5510 Z0.9580 E0.02133 F1080
G1 X146.6778 Y98.8865 Z0.9582 E0.02133 F1080
G1 X146.8917 Y99.2245 Z0.9584 E0.02133 F1080
G1 X147.1016 Y99.5650 Z0.9586 E0.02133 F1080
G1 X147.3076 Y99.9079 Z0.9588 E0.02133 F1080
G1 X147.5096 Y100.2531 Z0.9590 E0.02133 F1080
G1 X147.7077 Y100.6006 Z0.9591 E0.02133 F1080
G1 X147.9017 Y100.9504 Z0.9593 E0.02133 F1080
G1 X148.0916 Y101.3025 Z0.9595 E0.02133 F1080
G1 X148.2775 Y101.6567 Z0.9597 E0.02133 F1080
G1 X148.4592 Y102.0130 Z0.9599 E0.02133 F1080
G1 X148.6369 Y102.3714 Z0.9601 E0.02133 F1080
G1 X148.8103 Y102.7318 Z0.9603 E0.02133 F1080
G1 X148.9796 Y103.0942 Z0.9605 E0.02133 F1080
G1 X149.1447 Y103.4586 Z0.9607 E0.02133 F1080
G1 X149.3056 Y103.8248 Z0.9609 E0.02133 F1080
G1 X149.4623 Y104.1929 Z0.9611 E0.02133 F1080
G1 X149.6146 Y104.5627 Z0.9613 E0.02133 F1080
G1 X149.7627 Y104.9343 Z0.9615 E0.02133 F1080
G1 X149.9065 Y105.3076 Z0.9617 E0.02133 F1080
G1 X150.0460 Y105.6825 Z0.9619 E0.02133 F1080
G1 X150.1811 Y106.0589 Z0.9621 E0.02133 F1080
G1 X150.3119 Y106.4370 Z0.9622 E0.02133 F1080
G1 X150.4383 Y106.8165 Z0.9624 E0.02133 F1080
G1 X150.5603 Y107.1974 Z0.9626 E0.02133 F1080
G1 X150.6778 Y107.5798 Z0.9628 E0.02133 F1080
G1 X150.7910 Y107.9634 Z0.9630 E0.02133 F1080
G1 X150.8997 Y108.3484 Z0.9632 E0.02133 F1080
G1 X151.0040 Y108.7345 Z0.9634 E0.02133 F1080
G1 X151.1038 Y109.1219 Z0.9636 E0.02133 F1080
G1 X151.1992 Y109.5104 Z0.9638 E0.02133 F1080
G1 X151.2900 Y109.8999 Z0.9640 E0.02133 F1080
G1 X151.3763 Y110.2905 Z0.9642 E0.02133 F1080
G1 X151.4581 Y110.6820 Z0.9644 E0.02133 F1080
G1 X151.5354 Y111.0745 Z0.9646 E0.02133 F1080
G1 X151.6082 Y111.4678 Z0.9648 E0.02133 F1080
G1 X151.6764 Y111.8620 Z0.9650 E0.02133 F1080
G1 X151.7400 Y112.2569 Z0.9652 E0.02133 F1080
G1 X151.7991 Y112.6525 Z0.9653 E0.02133 F1080
G1 X151.8536 Y113.0488 Z0.9655 E0.02133 F1080
G1 X151.9035 Y113.4457 Z0.9657 E0.02133 F1080
G1 X151.9489 Y113.8431 Z0.9659 E0.02133 F1080
G1 X151.9896 Y114.2410 Z0.9661 E0.02133 F1080
G1 X152.0258 Y114.6394 Z0.9663 E0.02133 F1080
G1 X152.0573 Y115.0381 Z0.9665 E0.02133 F1080
G1 X152.0843 Y115.4372 Z0.9667 E0.02133 F1080
G1 X152.1066 Y115.8366 Z0.9669 E0.02133 F1080
G1 X152.1243 Y116.2362 Z0.9671 E0.02133 F1080
G1 X152.1374 Y116.6360 Z0.9673 E0.02133 F1080
G1 X152.1459 Y117.0359 Z0.9675 E0.02133 F1080
G1 X152.1498 Y117.4359 Z0.9677 E0.02133 F1080
G1 X152.1491 Y117.8359 Z0.9679 E0.02133 F1080
G1 X152.1437 Y118.2359 Z0.9681 E0.02133 F1080
G1 X152.1337 Y118.6357 Z0.9682 E0.02133 F1080
G1 X152.1191 Y119.0355 Z0.9684 E0.02133 F1080
G1 X152.0999 Y119.4350 Z0.9686 E0.02133 F1080
G1 X152.0761 Y119.8343 Z0.9688 E0.02133 F1080
G1 X152.0477 Y120.2333 Z0.9690 E0.02133 F1080
G1 X152.0147 Y120.6319 Z0.9692 E0.02133 F1080
G1 X151.9770 Y121.0302 Z0.9694 E0.02133 F1080
G1 X151.9348 Y121.4279 Z0.9696 E0.02133 F1080
G1 X151.8880 Y121.8252 Z0.9698 E0.02133 F1080
G1 X151.8366 Y122.2219 Z0.9700 E0.02133 F1080
G1 X151.7807 Y122.6180 Z0.9702 E0.02133 F1080
G1 X151.7201 Y123.0134 Z0.9704 E0.02133 F1080
G1 X151.6551 Y123.4080 Z0.9706 E0.02133 F1080
G1 X151.5854 Y123.8019 Z0.9708 E0.02133 F1080
G1 X151.5112 Y124.1950 Z0.9710 E0.02133 F1080
G1 X151.4325 Y124.5872 Z0.9712 E0.02133 F1080
G1 X151.3493 Y124.9784 Z0.9713 E0.02133 F1080
G1 X151.2616 Y125.3687 Z0.9715 E0.02133 F1080
G1 X151.1693 Y125.7579 Z0.9717 E0.02133 F1080
G1 X151.0726 Y126.1460 Z0.9719 E0.02133 F1080
G1 X150.9714 Y126.5330 Z0.9721 E0.02133 F1080
G1 X150.8658 Y126.9188 Z0.9723 E0.02133 F1080
G1 X150.7557 Y127.3034 Z0.9725 E0.02133 F1080
G1 X150.6411 Y127.6866 Z0.9727 E0.02133 F1080
G1 X150.5222 Y128.0686 Z0.9729 E0.02133 F1080
G1 X150.3989 Y128.4491 Z0.9731 E0.02133 F1080
G1 X150.2711 Y128.8281 Z0.9733 E0.02133 F1080
G1 X150.1391 Y129.2057 Z0.9735 E0.02133 F1080
G1 X150.0026 Y129.5817 Z0.9737 E0.02133 F1080
G1 X149.8619 Y129.9561 Z0.9739 E0.02133 F1080
G1 X149.7168 Y130.3289 Z0.9741 E0.02133 F1080
G1 X149.5675 Y130.7000 Z0.9743 E0.02133 F1080
G1 X149.4138 Y131.0693 Z0.9744 E0.02133 F1080
G1 X149.2560 Y131.4368 Z0.9746 E0.02133 F1080
G1 X149.0938 Y131.8025 Z0.9748 E0.02133 F1080
G1 X148.9275 Y132.1663 Z0.9750 E0.02133 F1080
G1 X148.7570 Y132.5282 Z0.9752 E0.02133 F1080
G1 X148.5824 Y132.8880 Z0.9754 E0.02133 F1080
G1 X148.4036 Y133.2458 Z0.9756 E0.02133 F1080
G1 X148.2207 Y133.6016 Z0.9758 E0.02133 F1080
G1 X148.0337 Y133.9552 Z0.9760 E0.02133 F1080
G1 X147.8426 Y134.3066 Z0.9762 E0.02133 F1080
G1 X147.6475 Y134.6558 Z0.9764 E0.02133 F1080
G1 X147.4484 Y135.0027 Z0.9766 E0.02133 F1080
G1 X147.2453 Y135.3473 Z0.9768 E0.02133 F1080
G1 X147.0382 Y135.6895 Z0.9770 E0.02133 F1080
G1 X146.8272 Y136.0294 Z0.9772 E0.02133 F1080
G1 X146.6123 Y136.3667 Z0.9774 E0.02133 F1080
G1 X146.3935 Y136.7016 Z0.9775 E0.02133 F1080
G1 X146.1709 Y137.0339 Z0.9777 E0.02133 F1080
G1 X145.9444 Y137.3637 Z0.9779 E0.02133 F1080
G1 X145.7142 Y137.6908 Z0.9781 E0.02133 F1080
G1 X145.4802 Y138.0152 Z0.9783 E0.02133 F1080
G1 X145.2425 Y138.3369 Z0.9785 E0.02133 F1080
G1 X145.0011 Y138.6558 Z0.9787 E0.02133 F1080
G1 X144.7560 Y138.9720 Z0.9789 E0.02133 F1080
G1 X144.5073 Y139.2853 Z0.9791 E0.02133 F1080
G1 X144.2550 Y139.5957 Z0.9793 E0.02133 F1080
G1 X143.9992 Y139.9032 Z0.9795 E0.02133 F1080
G1 X143.7398 Y140.2077 Z0.9797 E0.02133 F1080
G1 X143.4769 Y140.5092 Z0.9799 E0.02133 F1080
G1 X143.2106 Y140.8076 Z0.9801 E0.02133 F1080
G1 X142.9409 Y141.1030 Z0.9803 E0.02133 F1080
G1 X142.6677 Y141.3952 Z0.9804 E0.02133 F1080
G1 X142.3912 Y141.6843 Z0.9806 E0.02133 F1080
G1 X142.1114 Y141.9701 Z0.9808 E0.02133 F1080
G1 X141.8284 Y142.2527 Z0.9810 E0.02133 F1080
G1 X141.5420 Y142.5321 Z0.9812 E0.02133 F1080
G1 X141.2525 Y142.8081 Z0.9814 E0.02133 F1080
G1 X140.9598 Y143.0807 Z0.9816 E0.02133 F1080
G1 X140.6640 Y143.3500 Z0.9818 E0.02133 F1080
G1 X140.3652 Y143.6159 Z0.9820 E0.02133 F1080
G1 X140.0632 Y143.8782 Z0.9822 E0.02133 F1080
G1 X139.7583 Y144.1371 Z0.9824 E0.02133 F1080
G1 X139.4504 Y144.3925 Z0.9826 E0.02133 F1080
G1 X139.1396 Y144.6443 Z0.9828 E0.02133 F1080
G1 X138.8259 Y144.8924 Z0.9830 E0.02133 F1080
G1 X138.5094 Y145.1370 Z0.9832 E0.02133 F1080
G1 X138.1900 Y145.3779 Z0.9834 E0.02133 F1080
G1 X137.8679 Y145.6151 Z0.9835 E0.02133 F1080
G1 X137.5431 Y145.8486 Z0.9837 E0.02133 F1080
G1 X137.2157 Y146.0783 Z0.9839 E0.02133 F1080
G1 X136.8856 Y146.3042 Z0.9841 E0.02133 F1080
G1 X136.5529 Y146.5263 Z0.9843 E0.02133 F1080
G1 X136.2177 Y146.7446 Z0.9845 E0.02133 F1080
G1 X135.8800 Y146.9590 Z0.9847 E0.02133 F1080
G1 X135.5399 Y147.1694 Z0.9849 E0.02133 F1080
G1 X135.1973 Y147.3760 Z0.9851 E0.02133 F1080
G1 X134.8524 Y147.5786 Z0.9853 E0.02133 F1080
G1 X134.5052 Y147.7772 Z0.9855 E0.02133 F1080
G1 X134.1557 Y147.9718 Z0.9857 E0.02133 F1080
G1 X133.8040 Y148.1623 Z0.9859 E0.02133 F1080
G1 X133.4501 Y148.3488 Z0.9861 E0.02133 F1080
G1 X133.0941 Y148.5312 Z0.9863 E0.02133 F1080
G1 X132.7361 Y148.7095 Z0.9865 E0.02133 F1080
G1 X132.3760 Y148.8837 Z0.9866 E0.02133 F1080
G1 X132.0139 Y149.0537 Z0.9868 E0.02133 F1080
G1 X131.6499 Y149.2195 Z0.9870 E0.02133 F1080
G1 X131.2840 Y149.3811 Z0.9872 E0.02133 F1080
G1 X130.9162 Y149.5385 Z0.9874 E0.02133 F1080
G1 X130.5467 Y149.6916 Z0.9876 E0.02133 F1080
G1 X130.1754 Y149.8405 Z0.9878 E0.02133 F1080
G1 X129.8025 Y149.9851 Z0.9880 E0.02133 F1080
G1 X129.4279 Y150.1253 Z0.9882 E0.02133 F1080
G1 X129.0517 Y150.2613 Z0.9884 E0.02133 F1080
G1 X128.6740 Y150.3929 Z0.9886 E0.02133 F1080
G1 X128.2947 Y150.5202 Z0.9888 E0.02133 F1080
G1 X127.9141 Y150.6431 Z0.9890 E0.02133 F1080
G1 X127.5320 Y150.7616 Z0.9892 E0.02133 F1080
G1 X127.1486 Y150.8757 Z0.9894 E0.02133 F1080
G1 X126.7640 Y150.9853 Z0.9896 E0.02133 F1080
G1 X126.3781 Y151.0906 Z0.9897 E0.02133 F1080
G1 X125.9910 Y151.1913 Z0.9899 E0.02133 F1080
G1 X125.6027 Y151.2877 Z0.9901 E0.02133 F1080
G1 X125.2134 Y151.3795 Z0.9903 E0.02133 F1080
G1 X124.8231 Y151.4669 Z0.9905 E0.02133 F1080
G1 X124.4317 Y151.5497 Z0.9907 E0.02133 F1080
G1 X124.0395 Y151.6281 Z0.9909 E0.02133 F1080
G1 X123.6463 Y151.7019 Z0.9911 E0.02133 F1080
G1 X123.2524 Y151.7712 Z0.9913 E0.02133 F1080
G1 X122.8577 Y151.8359 Z0.9915 E0.02133 F1080
G1 X122.4622 Y151.8961 Z0.9917 E0.02133 F1080
G1 X122.0661 Y151.9518 Z0.9919 E0.02133 F1080
G1 X121.6694 Y152.0029 Z0.9921 E0.02133 F1080
G1 X121.2721 Y152.0494 Z0.9923 E0.02133 F1080
G1 X120.8743 Y152.0913 Z0.9925 E0.02133 F1080
G1 X120.4760 Y152.1287 Z0.9926 E0.02133 F1080
G1 X120.0774 Y152.1615 Z0.9928 E0.02133 F1080
G1 X119.6784 Y152.1897 Z0.9930 E0.02133 F1080
G1 X119.2791 Y152.2133 Z0.9932 E0.02133 F1080
G1 X118.8795 Y152.2323 Z0.9934 E0.02133 F1080
G1 X118.4798 Y152.2467 Z0.9936 E0.02133 F1080
G1 X118.0799 Y152.2565 Z0.9938 E0.02133 F1080
G1 X117.6799 Y152.2617 Z0.9940 E0.02133 F1080
G1 X117.2799 Y152.2623 Z0.9942 E0.02133 F1080
G1 X116.8799 Y152.2582 Z0.9944 E0.02133 F1080
G1 X116.4800 Y152.2496 Z0.9946 E0.02133 F1080
G1 X116.0802 Y152.2364 Z0.9948 E0.02133 F1080
G1 X115.6806 Y152.2186 Z0.9950 E0.02133 F1080
G1 X115.2812 Y152.1962 Z0.9952 E0.02133 F1080
G1 X114.8821 Y152.1692 Z0.9954 E0.02133 F1080
G1 X114.4834 Y152.1376 Z0.9956 E0.02133 F1080
G1 X114.0850 Y152.1014 Z0.9957 E0.02133 F1080
G1 X113.6871 Y152.0607 Z0.9959 E0.02133 F1080
G1 X113.2897 Y152.0153 Z0.9961 E0.02133 F1080
G1 X112.8928 Y151.9654 Z0.9963 E0.02133 F1080
G1 X112.4965 Y151.9110 Z0.9965 E0.02133 F1080
G1 X112.1009 Y151.8520 Z0.9967 E0.02133 F1080
G1 X111.7060 Y151.7884 Z0.9969 E0.02133 F1080
G1 X111.3118 Y151.7203 Z0.9971 E0.02133 F1080
G1 X110.9185 Y151.6477 Z0.9973 E0.02133 F1080
G1 X110.5260 Y151.5705 Z0.9975 E0.02133 F1080
G1 X110.1344 Y151.4889 Z0.9977 E0.02133 F1080
G1 X109.7438 Y151.4027 Z0.9979 E0.02133 F1080
G1 X109.3542 Y151.3120 Z0.9981 E0.02133 F1080
G1 X108.9657 Y151.2169 Z0.9983 E0.02133 F1080
G1 X108.5782 Y151.1173 Z0.9985 E0.02133 F1080
G1 X108.1920 Y151.0133 Z0.9987 E0.02133 F1080
G1 X107.8070 Y150.9048 Z0.9988 E0.02133 F1080
G1 X107.4232 Y150.7920 Z0.9990 E0.02133 F1080
G1 X107.0408 Y150.6747 Z0.9992 E0.02133 F1080
G1 X106.6598 Y150.5530 Z0.9994 E0.02133 F1080
G1 X106.2802 Y150.4269 Z0.9996 E0.02133 F1080
G1 X105.9020 Y150.2965 Z0.9998 E0.02133 F1080
G1 X105.5254 Y150.1618 Z1.0000 E0.02133 F1080
G1 X105.1503 Y150.0227 Z1.0002 E0.02133 F1080
G1 X104.7769 Y149.8793 Z1.0004 E0.02133 F1080
G1 X104.4052 Y149.7316 Z1.0006 E0.02133 F1080
G1 X104.0351 Y149.5797 Z1.0008 E0.02133 F1080
G1 X103.6669 Y149.4235 Z1.0010 E0.02133 F1080
G1 X103.3004 Y149.2632 Z1.0012 E0.02133 F1080
G1 X102.9359 Y149.0986 Z1.0014 E0.02133 F1080
G1 X102.5732 Y148.9298 Z1.0016 E0.02133 F1080
G1 X102.2125 Y148.7569 Z1.0017 E0.02133 F1080
G1 X101.8539 Y148.5798 Z1.0019 E0.02133 F1080
G1 X101.4972 Y148.3986 Z1.0021 E0.02133 F1080
G1 X101.1427 Y148.2133 Z1.0023 E0.02133 F1080
G1 X100.7904 Y148.0240 Z1.0025 E0.02133 F1080
G1 X100.4402 Y147.8306 Z1.0027 E0.02133 F1080
G1 X100.0923 Y147.6333 Z1.0029 E0.02133 F1080
G1 X99.7467 Y147.4319 Z1.0031 E0.02133 F1080
G1 X99.4034 Y147.2266 Z1.0033 E0.02133 F1080
G1 X99.0625 Y147.0173 Z1.0035 E0.02133 F1080
G1 X98.7240 Y146.8041 Z1.0037 E0.02133 F1080
G1 X98.3880 Y146.5871 Z1.0039 E0.02133 F1080
G1 X98.0545 Y146.3662 Z1.0041 E0.02133 F1080
G1 X97.7236 Y146.1415 Z1.0043 E0.02133 F1080
G1 X97.3953 Y145.9130 Z1.0045 E0.02133 F1080
G1 X97.0696 Y145.6808 Z1.0047 E0.02133 F1080
G1 X96.7466 Y145.4448 Z1.0048 E0.02133 F1080
G1 X96.4264 Y145.2051 Z1.0050 E0.02133 F1080
G1 X96.1089 Y144.9618 Z1.0052 E0.02133 F1080
G1 X95.7942 Y144.7148 Z1.0054 E0.02133 F1080
G1 X95.4824 Y144.4642 Z1.0056 E0.02133 F1080
G1 X95.1735 Y144.2101 Z1.0058 E0.02133 F1080
G1 X94.8676 Y143.9524 Z1.0060 E0.02133 F1080
G1 X94.5646 Y143.6913 Z1.0062 E0.02133 F1080
G1 X94.2647 Y143.4267 Z1.0064 E0.02133 F1080
G1 X93.9678 Y143.1586 Z1.0066 E0.02133 F1080
G1 X93.6740 Y142.8871 Z1.0068 E0.02133 F1080
G1 X93.3833 Y142.6123 Z1.0070 E0.02133 F1080
G1 X93.0958 Y142.3342 Z1.0072 E0.02133 F1080
G1 X92.8115 Y142.0528 Z1.0074 E0.02133 F1080
G1 X92.5305 Y141.7681 Z1.0076 E0.02133 F1080
G1 X92.2528 Y141.4803 Z1.0078 E0.02133 F1080
G1 X91.9784 Y141.1892 Z1.0079 E0.02133 F1080
G1 X91.7074 Y140.8950 Z1.0081 E0.02133 F1080
G1 X91.4397 Y140.5978 Z1.0083 E0.02133 F1080
G1 X91.1755 Y140.2974 Z1.0085 E0.02133 F1080
G1 X90.9148 Y139.9941 Z1.0087 E0.02133 F1080
G1 X90.6575 Y139.6878 Z1.0089 E0.02133 F1080
G1 X90.4038 Y139.3785 Z1.0091 E0.02133 F1080
G1 X90.1537 Y139.0664 Z1.0093 E0.02133 F1080
G1 X89.9071 Y138.7514 Z1.0095 E0.02133 F1080
G1 X89.6642 Y138.4336 Z1.0097 E0.02133 F1080
G1 X89.4250 Y138.1130 Z1.0099 E0.02133 F1080
G1 X89.1894 Y137.7897 Z1.0101 E0.02133 F1080
G1 X88.9576 Y137.4637 Z1.0103 E0.02133 F1080
G1 X88.7296 Y137.1351 Z1.0105 E0.02133 F1080
G1 X88.5053 Y136.8039 Z1.0107 E0.02133 F1080
G1 X88.2849 Y136.4701 Z1.0108 E0.02133 F1080
G1 X88.0683 Y136.1338 Z1.0110 E0.02133 F1080
G1 X87.8555 Y135.7951 Z1.0112 E0.02133 F1080
G1 X87.6467 Y135.4539 Z1.0114 E0.02133 F1080
G1 X87.4418 Y135.1104 Z1.0116 E0.02133 F1080
G1 X87.2409 Y134.7645 Z1.0118 E0.02133 F1080
G1 X87.0439 Y134.4163 Z1.0120 E0.02133 F1080
G1 X86.8510 Y134.0660 Z1.0122 E0.02133 F1080
G1 X86.6621 Y133.7134 Z1.0124 E0.02133 F1080
G1 X86.4773 Y133.3586 Z1.0126 E0.02133 F1080
G1 X86.2965 Y133.0018 Z1.0128 E0.02133 F1080
G1 X86.1199 Y132.6429 Z1.0130 E0.02133 F1080
G1 X85.9473 Y132.2820 Z1.0132 E0.02133 F1080
G1 X85.7790 Y131.9192 Z1.0134 E0.02133 F1080
G1 X85.6148 Y131.5544 Z1.0136 E0.02133 F1080
G1 X85.4548 Y131.1878 Z1.0137 E0.02133 F1080
G1 X85.2990 Y130.8194 Z1.0139 E0.02133 F1080
G1 X85.1475 Y130.4492 Z1.0141 E0.02133 F1080
G1 X85.0002 Y130.0773 Z1.0143 E0.02133 F1080
G1 X84.8573 Y129.7037 Z1.0145 E0.02133 F1080
G1 X84.7186 Y129.3285 Z1.0147 E0.02133 F1080
G1 X84.5842 Y128.9518 Z1.0149 E0.02133 F1080
G1 X84.4541 Y128.5735 Z1.0151 E0.02133 F1080
G1 X84.3284 Y128.1937 Z1.0153 E0.02133 F1080
G1 X84.2071 Y127.8126 Z1.0155 E0.02133 F1080
G1 X84.0902 Y127.4301 Z1.0157 E0.02133 F1080
G1 X83.9776 Y127.0462 Z1.0159 E0.02133 F1080
G1 X83.8695 Y126.6611 Z1.0161 E0.02133 F1080
G1 X83.7658 Y126.2748 Z1.0163 E0.02133 F1080
G1 X83.6665 Y125.8873 Z1.0165 E0.02133 F1080
G1 X83.5717 Y125.4987 Z1.0167 E0.02133 F1080
G1 X83.4813 Y125.1090 Z1.0168 E0.02133 F1080
G1 X83.3955 Y124.7183 Z1.0170 E0.02133 F1080
G1 X83.3141 Y124.3267 Z1.0172 E0.02133 F1080
G1 X83.2372 Y123.9342 Z1.0174 E0.02133 F1080
G1 X83.1648 Y123.5408 Z1.0176 E0.02133 F1080
G1 X83.0970 Y123.1466 Z1.0178 E0.02133 F1080
G1 X83.0336 Y122.7516 Z1.0180 E0.02133 F1080
G1 X82.9748 Y122.3559 Z1.0182 E0.02133 F1080
G1 X82.9206 Y121.9596 Z1.0184 E0.02133 F1080
G1 X82.8709 Y121.5627 Z1.0186 E0.02133 F1080
G1 X82.8257 Y121.1653 Z1.0188 E0.02133 F1080
G1 X82.7851 Y120.7673 Z1.0190 E0.02133 F1080
G1 X82.7491 Y120.3690 Z1.0192 E0.02133 F1080
G1 X82.7177 Y119.9702 Z1.0194 E0.02133 F1080
G1 X82.6908 Y119.5711 Z1.0196 E0.02133 F1080
G1 X82.6685 Y119.1717 Z1.0197 E0.02133 F1080
G1 X82.6508 Y118.7721 Z1.0199 E0.02133 F1080
G1 X82.6377 Y118.3723 Z1.0201 E0.02133 F1080
G1 X82.6292 Y117.9724 Z1.0203 E0.02133 F1080
G1 X82.6252 Y117.5724 Z1.0205 E0.02133 F1080
G1 X82.6259 Y117.1724 Z1.0207 E0.02133 F1080
G1 X82.6311 Y116.7725 Z1.0209 E0.02133 F1080
G1 X82.6409 Y116.3726 Z1.0211 E0.02133 F1080
G1 X82.6553 Y115.9728 Z1.0213 E0.02133 F1080
G1 X82.6743 Y115.5733 Z1.0215 E0.02133 F1080
G1 X82.6979 Y115.1740 Z1.0217 E0.02133 F1080
G1 X82.7260 Y114.7750 Z1.0219 E0.02133 F1080
G1 X82.7587 Y114.3763 Z1.0221 E0.02133 F1080
G1 X82.7960 Y113.9780 Z1.0223 E0.02133 F1080
G1 X82.8379 Y113.5802 Z1.0225 E0.02133 F1080
G1 X82.8843 Y113.1829 Z1.0226 E0.02133 F1080
G1 X82.9352 Y112.7862 Z1.0228 E0.02133 F1080
G1 X82.9907 Y112.3900 Z1.0230 E0.02133 F1080
G1 X83.0508 Y111.9946 Z1.0232 E0.02133 F1080
G1 X83.1154 Y111.5998 Z1.0234 E0.02133 F1080
G1 X83.1845 Y111.2058 Z1.0236 E0.02133 F1080
G1 X83.2581 Y110.8127 Z1.0238 E0.02133 F1080
G1 X83.3362 Y110.4204 Z1.0240 E0.02133 F1080
G1 X83.4188 Y110.0290 Z1.0242 E0.02133 F1080
G1 X83.5059 Y109.6386 Z1.0244 E0.02133 F1080
G1 X83.5975 Y109.2492 Z1.0246 E0.02133 F1080
G1 X83.6935 Y108.8609 Z1.0248 E0.02133 F1080
G1 X83.7939 Y108.4737 Z1.0250 E0.02133 F1080
G1 X83.8988 Y108.0877 Z1.0252 E0.02133 F1080
G1 X84.0081 Y107.7029 Z1.0254 E0.02133 F1080
G1 X84.1219 Y107.3194 Z1.0255 E0.02133 F1080
G1 X84.2400 Y106.9372 Z1.0257 E0.02133 F1080
G1 X84.3624 Y106.5564 Z1.0259 E0.02133 F1080
G1 X84.4893 Y106.1771 Z1.0261 E0.02133 F1080
G1 X84.6204 Y105.7992 Z1.0263 E0.02133 F1080
G1 X84.7559 Y105.4228 Z1.0265 E0.02133 F1080
G1 X84.8957 Y105.0481 Z1.0267 E0.02133 F1080
G1 X85.0398 Y104.6749 Z1.0269 E0.02133 F1080
G1 X85.1882 Y104.3034 Z1.0271 E0.02133 F1080
G1 X85.3408 Y103.9337 Z1.0273 E0.02133 F1080
G1 X85.4976 Y103.5657 Z1.0275 E0.02133 F1080
G1 X85.6586 Y103.1996 Z1.0277 E0.02133 F1080
G1 X85.8239 Y102.8353 Z1.0279 E0.02133 F1080
G1 X85.9932 Y102.4729 Z1.0281 E0.02133 F1080
G1 X86.1668 Y102.1125 Z1.0283 E0.02133 F1080
G1 X86.3444 Y101.7541 Z1.0284 E0.02133 F1080
G1 X86.5261 Y101.3978 Z1.0286 E0.02133 F1080
G1 X86.7120 Y101.0435 Z1.0288 E0.02133 F1080
G1 X86.9018 Y100.6915 Z1.0290 E0.02133 F1080
G1 X87.0957 Y100.3416 Z1.0292 E0.02133 F1080
G1 X87.2936 Y99.9939 Z1.0294 E0.02133 F1080
G1 X87.4954 Y99.6486 Z1.0296 E0.02133 F1080
G1 X87.7012 Y99.3056 Z1.0298 E0.02133 F1080
G1 X87.9109 Y98.9650 Z1.0300 E0.02133 F1080
G1 X88.1245 Y98.6268 Z1.0302 E0.02133 F1080
G1 X88.3419 Y98.2910 Z1.0304 E0.02133 F1080
G1 X88.5632 Y97.9578 Z1.0306 E0.02133 F1080
G1 X88.7883 Y97.6271 Z1.0308 E0.02133 F1080
G1 X89.0172 Y97.2991 Z1.0310 E0.02133 F1080
G1 X89.2498 Y96.9737 Z1.0312 E0.02133 F1080
G1 X89.4861 Y96.6509 Z1.0313 E0.02133 F1080
G1 X89.7261 Y96.3309 Z1.0315 E0.02133 F1080
G1 X89.9697 Y96.0137 Z1.0317 E0.02133 F1080
G1 X90.2170 Y95.6992 Z1.0319 E0.02133 F1080
G1 X90.4678 Y95.3877 Z1.0321 E0.02133 F1080
G1 X90.7222 Y95.0790 Z1.0323 E0.02133 F1080
G1 X90.9801 Y94.7733 Z1.0325 E0.02133 F1080
G1 X91.2416 Y94.4705 Z1.0327 E0.02133 F1080
G1 X91.5064 Y94.1707 Z1.0329 E0.02133 F1080
G1 X91.7747 Y93.8740 Z1.0331 E0.02133 F1080
G1 X92.0463 Y93.5804 Z1.0333 E0.02133 F1080
G1 X92.3213 Y93.2899 Z1.0335 E0.02133 F1080
G1 X92.5996 Y93.0026 Z1.0337 E0.02133 F1080
G1 X92.8812 Y92.7185 Z1.0339 E0.02133 F1080
G1 X93.1660 Y92.4376 Z1.0341 E0.02133 F1080
G1 X93.4540 Y92.1600 Z1.0342 E0.02133 F1080
G1 X93.7452 Y91.8858 Z1.0344 E0.02133 F1080
G1 X94.0395 Y91.6148 Z1.0346 E0.02133 F1080
G1 X94.3368 Y91.3473 Z1.0348 E0.02133 F1080
G1 X94.6373 Y91.0832 Z1.0350 E0.02133 F1080
G1 X94.9407 Y90.8225 Z1.0352 E0.02133 F1080
G1 X95.2471 Y90.5654 Z1.0354 E0.02133 F1080
G1 X95.5564 Y90.3117 Z1.0356 E0.02133 F1080
G1 X95.8685 Y90.0617 Z1.0358 E0.02133 F1080
G1 X96.1836 Y89.8152 Z1.0360 E0.02133 F1080
G1 X96.5014 Y89.5723 Z1.0362 E0.02133 F1080
G1 X96.8220 Y89.3331 Z1.0364 E0.02133 F1080
G1 X97.1453 Y89.0976 Z1.0366 E0.02133 F1080
G1 X97.4713 Y88.8658 Z1.0368 E0.02133 F1080
G1 X97.7999 Y88.6377 Z1.0369 E0.02133 F1080
G1 X98.1311 Y88.4134 Z1.0371 E0.02133 F1080
G1 X98.4649 Y88.1929 Z1.0373 E0.02133 F1080
G1 X98.8011 Y87.9763 Z1.0375 E0.02133 F1080
G1 X99.1398 Y87.7635 Z1.0377 E0.02133 F1080
G1 X99.4810 Y87.5546 Z1.0379 E0.02133 F1080
G1 X99.8245 Y87.3496 Z1.0381 E0.02133 F1080
G1 X100.1703 Y87.1486 Z1.0383 E0.02133 F1080
G1 X100.5184 Y86.9515 Z1.0385 E0.02133 F1080
G1 X100.8687 Y86.7585 Z1.0387 E0.02133 F1080
G1 X101.2212 Y86.5694 Z1.0389 E0.02133 F1080
G1 X101.5759 Y86.3844 Z1.0391 E0.02133 F1080
G1 X101.9326 Y86.2035 Z1.0393 E0.02133 F1080
G1 X102.2914 Y86.0267 Z1.0395 E0.02133 F1080
G1 X102.6522 Y85.8540 Z1.0397 E0.02133 F1080
G1 X103.0150 Y85.6854 Z1.0398 E0.02133 F1080
G1 X103.3796 Y85.5210 Z1.0400 E0.02133 F1080
G1 X103.7461 Y85.3608 Z1.0402 E0.02133 F1080
G1 X104.1144 Y85.2047 Z1.0404 E0.02133 F1080
G1 X104.4845 Y85.0529 Z1.0406 E0.02133 F1080
G1 X104.8563 Y84.9054 Z1.0408 E0.02133 F1080
G1 X105.2298 Y84.7621 Z1.0410 E0.02133 F1080
G1 X105.6048 Y84.6231 Z1.0412 E0.02133 F1080
G1 X105.9815 Y84.4884 Z1.0414 E0.02133 F1080
G1 X106.3596 Y84.3580 Z1.0416 E0.02133 F1080
G1 X106.7393 Y84.2319 Z1.0418 E0.02133 F1080
G1 X107.1203 Y84.1102 Z1.0420 E0.02133 F1080
G1 X107.5027 Y83.9929 Z1.0422 E0.02133 F1080
G1 X107.8864 Y83.8799 Z1.0424 E0.02133 F1080
G1 X108.2714 Y83.7714 Z1.0425 E0.02133 F1080
G1 X108.6576 Y83.6672 Z1.0427 E0.02133 F1080
G1 X109.0450 Y83.5675 Z1.0429 E0.02133 F1080
G1 X109.4335 Y83.4722 Z1.0431 E0.02133 F1080
G1 X109.8230 Y83.3814 Z1.0433 E0.02133 F1080
G1 X110.2136 Y83.2950 Z1.0435 E0.02133 F1080
G1 X110.6051 Y83.2131 Z1.0437 E0.02133 F1080
G1 X110.9976 Y83.1357 Z1.0439 E0.02133 F1080
G1 X111.3909 Y83.0628 Z1.0441 E0.02133 F1080
G1 X111.7850 Y82.9943 Z1.0443 E0.02133 F1080
G1 X112.1798 Y82.9304 Z1.0445 E0.02133 F1080
G1 X112.5754 Y82.8710 Z1.0447 E0.02133 F1080
G1 X112.9716 Y82.8162 Z1.0449 E0.02133 F1080
G1 X113.3685 Y82.7658 Z1.0451 E0.02133 F1080
G1 X113.7658 Y82.7200 Z1.0452 E0.02133 F1080
G1 X114.1637 Y82.6788 Z1.0454 E0.02133 F1080
G1 X114.5620 Y82.6421 Z1.0456 E0.02133 F1080
G1 X114.9607 Y82.6100 Z1.0458 E0.02133 F1080
G1 X115.3598 Y82.5824 Z1.0460 E0.02133 F1080
G1 X115.7591 Y82.5594 Z1.0462 E0.02133 F1080
G1 X116.1587 Y82.5410 Z1.0464 E0.02133 F1080
G1 X116.5585 Y82.5271 Z1.0466 E0.02133 F1080
G1 X116.9584 Y82.5178 Z1.0468 E0.02133 F1080
G1 X117.3583 Y82.5131 Z1.0470 E0.02133 F1080
G1 X117.7583 Y82.5129 Z1.0472 E0.02133 F1080
G1 X118.1583 Y82.5173 Z1.0474 E0.02133 F1080
G1 X118.5582 Y82.5263 Z1.0476 E0.02133 F1080
G1 X118.9580 Y82.5399 Z1.0478 E0.02133 F1080
G1 X119.3576 Y82.5580 Z1.0480 E0.02133 F1080
G1 X119.7570 Y82.5807 Z1.0481 E0.02133 F1080
G1 X120.1560 Y82.6080 Z1.0483 E0.02133 F1080
G1 X120.5548 Y82.6398 Z1.0485 E0.02133 F1080
G1 X120.9531 Y82.6762 Z1.0487 E0.02133 F1080
G1 X121.3510 Y82.7171 Z1.0489 E0.02133 F1080
G1 X121.7484 Y82.7626 Z1.0491 E0.02133 F1080
G1 X122.1453 Y82.8126 Z1.0493 E0.02133 F1080
G1 X122.5415 Y82.8672 Z1.0495 E0.02133 F1080
G1 X122.9372 Y82.9262 Z1.0497 E0.02133 F1080
G1 X123.3321 Y82.9898 Z1.0499 E0.02133 F1080
G1 X123.7262 Y83.0579 Z1.0501 E0.02133 F1080
M106 S204  ; fan 80%
G1 E-0.2000 F3600

PRINT_END
; total filament: 456.0 mm
