; Voron Trident continuous non-planar G-code
; nozzle=0.4 line_width=0.45 layer_height=0.4
; max_z_velocity=25.0 mm/s (feedrate clamped to honour this)

PRINT_START EXTRUDER=210 BED=60 MATERIAL=PLA
M83            ; relative extrusion
G92 E0
M107           ; fan off for first layer(s)

; move to fabric start
G1 Z5.2250 F1500  ; initial safe lift
G1 X147.5000 Y117.5000 Z5.2250 F12000  ; travel
G1 X147.5000 Y117.5000 Z0.2250 F1500  ; travel
G1 E0.6000 F2400
; anchor cuff (flat first ring + 3 turns)
G1 X147.4512 Y118.2843 Z0.2250 E0.04411 F1200
G1 X147.3058 Y119.0621 Z0.2250 E0.04441 F1200
G1 X147.0660 Y119.8269 Z0.2250 E0.04499 F1200
G1 X146.7361 Y120.5728 Z0.2250 E0.04578 F1200
G1 X146.3214 Y121.2944 Z0.2250 E0.04671 F1200
G1 X145.8289 Y121.9869 Z0.2250 E0.04769 F1200
G1 X145.2666 Y122.6462 Z0.2250 E0.04864 F1200
G1 X144.6436 Y123.2695 Z0.2250 E0.04946 F1200
G1 X143.9699 Y123.8549 Z0.2250 E0.05009 F1200
G1 X143.2561 Y124.4013 Z0.2250 E0.05046 F1200
G1 X142.5131 Y124.9092 Z0.2250 E0.05051 F1200
G1 X141.7519 Y125.3799 Z0.2250 E0.05023 F1200
G1 X140.9837 Y125.8160 Z0.2250 E0.04958 F1200
G1 X140.2190 Y126.2210 Z0.2250 E0.04857 F1200
G1 X139.4679 Y126.5994 Z0.2250 E0.04720 F1200
G1 X138.7399 Y126.9566 Z0.2250 E0.04551 F1200
G1 X138.0434 Y127.2987 Z0.2250 E0.04356 F1200
G1 X137.3855 Y127.6322 Z0.2250 E0.04140 F1200
G1 X136.7724 Y127.9640 Z0.2250 E0.03913 F1200
G1 X136.2086 Y128.3014 Z0.2250 E0.03687 F1200
G1 X135.6975 Y128.6514 Z0.2250 E0.03477 F1200
G1 X135.2407 Y129.0209 Z0.2250 E0.03298 F1200
G1 X134.8384 Y129.4163 Z0.2250 E0.03166 F1200
G1 X134.4894 Y129.8435 Z0.2250 E0.03096 F1200
G1 X134.1910 Y130.3074 Z0.2250 E0.03096 F1200
G1 X133.9392 Y130.8122 Z0.2250 E0.03166 F1200
G1 X133.7290 Y131.3609 Z0.2250 E0.03298 F1200
G1 X133.5541 Y131.9552 Z0.2250 E0.03477 F1200
G1 X133.4074 Y132.5956 Z0.2250 E0.03687 F1200
G1 X133.2812 Y133.2812 Z0.2250 E0.03913 F1200
G1 X133.1673 Y134.0099 Z0.2250 E0.04140 F1200
G1 X133.0573 Y134.7781 Z0.2250 E0.04356 F1200
G1 X132.9425 Y135.5809 Z0.2250 E0.04551 F1200
G1 X132.8147 Y136.4121 Z0.2250 E0.04720 F1200
G1 X132.6658 Y137.2645 Z0.2250 E0.04857 F1200
G1 X132.4885 Y138.1299 Z0.2250 E0.04958 F1200
G1 X132.2760 Y138.9993 Z0.2250 E0.05023 F1200
G1 X132.0226 Y139.8629 Z0.2250 E0.05051 F1200
G1 X131.7235 Y140.7106 Z0.2250 E0.05046 F1200
G1 X131.3750 Y141.5322 Z0.2250 E0.05009 F1200
G1 X130.9747 Y142.3173 Z0.2250 E0.04946 F1200
G1 X130.5213 Y143.0558 Z0.2250 E0.04864 F1200
G1 X130.0150 Y143.7382 Z0.2250 E0.04769 F1200
G1 X129.4569 Y144.3556 Z0.2250 E0.04671 F1200
G1 X128.8494 Y144.8999 Z0.2250 E0.04578 F1200
G1 X128.1961 Y145.3643 Z0.2250 E0.04499 F1200
G1 X127.5014 Y145.7430 Z0.2250 E0.04441 F1200
G1 X126.7705 Y146.0317 Z0.2250 E0.04411 F1200
G1 X126.0095 Y146.2277 Z0.2250 E0.04411 F1200
G1 X125.2249 Y146.3297 Z0.2250 E0.04441 F1200
G1 X124.4234 Y146.3380 Z0.2250 E0.04499 F1200
G1 X123.6120 Y146.2547 Z0.2250 E0.04578 F1200
G1 X122.7976 Y146.0833 Z0.2250 E0.04671 F1200
G1 X121.9869 Y145.8289 Z0.2250 E0.04769 F1200
G1 X121.1860 Y145.4978 Z0.2250 E0.04864 F1200
G1 X120.4007 Y145.0980 Z0.2250 E0.04946 F1200
G1 X119.6358 Y144.6382 Z0.2250 E0.05009 F1200
G1 X118.8955 Y144.1281 Z0.2250 E0.05046 F1200
G1 X118.1829 Y143.5784 Z0.2250 E0.05051 F1200
G1 X117.5000 Y143.0000 Z0.2250 E0.05023 F1200
G1 X116.8479 Y142.4041 Z0.2250 E0.04958 F1200
G1 X116.2264 Y141.8020 Z0.2250 E0.04857 F1200
G1 X115.6344 Y141.2046 Z0.2250 E0.04720 F1200
G1 X115.0697 Y140.6226 Z0.2250 E0.04551 F1200
G1 X114.5291 Y140.0659 Z0.2250 E0.04356 F1200
G1 X114.0087 Y139.5432 Z0.2250 E0.04140 F1200
G1 X113.5036 Y139.0627 Z0.2250 E0.03913 F1200
G1 X113.0085 Y138.6308 Z0.2250 E0.03687 F1200
G1 X112.5177 Y138.2528 Z0.2250 E0.03477 F1200
G1 X112.0251 Y137.9326 Z0.2250 E0.03298 F1200
G1 X111.5247 Y137.6721 Z0.2250 E0.03166 F1200
G1 X111.0106 Y137.4722 Z0.2250 E0.03096 F1200
G1 X110.4772 Y137.3318 Z0.2250 E0.03096 F1200
G1 X109.9193 Y137.2483 Z0.2250 E0.03166 F1200
G1 X109.3326 Y137.2179 Z0.2250 E0.03298 F1200
G1 X108.7133 Y137.2352 Z0.2250 E0.03477 F1200
G1 X108.0589 Y137.2936 Z0.2250 E0.03687 F1200
G1 X107.3678 Y137.3855 Z0.2250 E0.03913 F1200
G1 X106.6396 Y137.5024 Z0.2250 E0.04140 F1200
G1 X105.8750 Y137.6351 Z0.2250 E0.04356 F1200
G1 X105.0761 Y137.7740 Z0.2250 E0.04551 F1200
G1 X104.2460 Y137.9093 Z0.2250 E0.04720 F1200
G1 X103.3893 Y138.0312 Z0.2250 E0.04857 F1200
G1 X102.5115 Y138.1299 Z0.2250 E0.04958 F1200
G1 X101.6190 Y138.1965 Z0.2250 E0.05023 F1200
G1 X100.7194 Y138.2224 Z0.2250 E0.05051 F1200
G1 X99.8207 Y138.1998 Z0.2250 E0.05046 F1200
G1 X98.9316 Y138.1223 Z0.2250 E0.05009 F1200
G1 X98.0613 Y137.9842 Z0.2250 E0.04946 F1200
G1 X97.2188 Y137.7812 Z0.2250 E0.04864 F1200
G1 X96.4133 Y137.5105 Z0.2250 E0.04769 F1200
G1 X95.6537 Y137.1705 Z0.2250 E0.04671 F1200
G1 X94.9483 Y136.7610 Z0.2250 E0.04578 F1200
G1 X94.3048 Y136.2831 Z0.2250 E0.04499 F1200
G1 X93.7299 Y135.7394 Z0.2250 E0.04441 F1200
G1 X93.2295 Y135.1336 Z0.2250 E0.04411 F1200
G1 X92.8079 Y134.4704 Z0.2250 E0.04411 F1200
G1 X92.4685 Y133.7557 Z0.2250 E0.04441 F1200
G1 X92.2129 Y132.9960 Z0.2250 E0.04499 F1200
G1 X92.0414 Y132.1986 Z0.2250 E0.04578 F1200
G1 X91.9527 Y131.3710 Z0.2250 E0.04671 F1200
G1 X91.9442 Y130.5213 Z0.2250 E0.04769 F1200
G1 X92.0115 Y129.6574 Z0.2250 E0.04864 F1200
G1 X92.1491 Y128.7869 Z0.2250 E0.04946 F1200
G1 X92.3501 Y127.9174 Z0.2250 E0.05009 F1200
G1 X92.6064 Y127.0558 Z0.2250 E0.05046 F1200
G1 X92.9090 Y126.2081 Z0.2250 E0.05051 F1200
G1 X93.2481 Y125.3799 Z0.2250 E0.05023 F1200
G1 X93.6133 Y124.5756 Z0.2250 E0.04958 F1200
G1 X93.9939 Y123.7984 Z0.2250 E0.04857 F1200
G1 X94.3791 Y123.0508 Z0.2250 E0.04720 F1200
G1 X94.7581 Y122.3339 Z0.2250 E0.04551 F1200
G1 X95.1206 Y121.6478 Z0.2250 E0.04356 F1200
G1 X95.4568 Y120.9913 Z0.2250 E0.04140 F1200
G1 X95.7577 Y120.3624 Z0.2250 E0.03913 F1200
G1 X96.0155 Y119.7581 Z0.2250 E0.03687 F1200
G1 X96.2232 Y119.1745 Z0.2250 E0.03477 F1200
G1 X96.3757 Y118.6071 Z0.2250 E0.03298 F1200
G1 X96.4687 Y118.0507 Z0.2250 E0.03166 F1200
G1 X96.5000 Y117.5000 Z0.2250 E0.03096 F1200
G1 X96.4687 Y116.9493 Z0.2250 E0.03096 F1200
G1 X96.3757 Y116.3929 Z0.2250 E0.03166 F1200
G1 X96.2232 Y115.8255 Z0.2250 E0.03298 F1200
G1 X96.0155 Y115.2419 Z0.2250 E0.03477 F1200
G1 X95.7577 Y114.6376 Z0.2250 E0.03687 F1200
G1 X95.4568 Y114.0087 Z0.2250 E0.03913 F1200
G1 X95.1206 Y113.3522 Z0.2250 E0.04140 F1200
G1 X94.7581 Y112.6661 Z0.2250 E0.04356 F1200
G1 X94.3791 Y111.9492 Z0.2250 E0.04551 F1200
G1 X93.9939 Y111.2016 Z0.2250 E0.04720 F1200
G1 X93.6133 Y110.4244 Z0.2250 E0.04857 F1200
G1 X93.2481 Y109.6201 Z0.2250 E0.04958 F1200
G1 X92.9090 Y108.7919 Z0.2250 E0.05023 F1200
G1 X92.6064 Y107.9442 Z0.2250 E0.05051 F1200
G1 X92.3501 Y107.0826 Z0.2250 E0.05046 F1200
G1 X92.1491 Y106.2131 Z0.2250 E0.05009 F1200
G1 X92.0115 Y105.3426 Z0.2250 E0.04946 F1200
G1 X91.9442 Y104.4787 Z0.2250 E0.04864 F1200
G1 X91.9527 Y103.6290 Z0.2250 E0.04769 F1200
G1 X92.0414 Y102.8014 Z0.2250 E0.04671 F1200
G1 X92.2129 Y102.0040 Z0.2250 E0.04578 F1200
G1 X92.4685 Y101.2443 Z0.2250 E0.04499 F1200
G1 X92.8079 Y100.5296 Z0.2250 E0.04441 F1200
G1 X93.2295 Y99.8664 Z0.2250 E0.04411 F1200
G1 X93.7299 Y99.2606 Z0.2250 E0.04411 F1200
G1 X94.3048 Y98.7169 Z0.2250 E0.04441 F1200
G1 X94.9483 Y98.2390 Z0.2250 E0.04499 F1200
G1 X95.6537 Y97.8295 Z0.2250 E0.04578 F1200
G1 X96.4133 Y97.4895 Z0.2250 E0.04671 F1200
G1 X97.2188 Y97.2188 Z0.2250 E0.04769 F1200
G1 X98.0613 Y97.0158 Z0.2250 E0.04864 F1200
G1 X98.9316 Y96.8777 Z0.2250 E0.04946 F1200
G1 X99.8207 Y96.8002 Z0.2250 E0.05009 F1200
G1 X100.7194 Y96.7776 Z0.2250 E0.05046 F1200
G1 X101.6190 Y96.8035 Z0.2250 E0.05051 F1200
G1 X102.5115 Y96.8701 Z0.2250 E0.05023 F1200
G1 X103.3893 Y96.9688 Z0.2250 E0.04958 F1200
G1 X104.2460 Y97.0907 Z0.2250 E0.04857 F1200
G1 X105.0761 Y97.2260 Z0.2250 E0.04720 F1200
G1 X105.8750 Y97.3649 Z0.2250 E0.04551 F1200
G1 X106.6396 Y97.4976 Z0.2250 E0.04356 F1200
G1 X107.3678 Y97.6145 Z0.2250 E0.04140 F1200
G1 X108.0589 Y97.7064 Z0.2250 E0.03913 F1200
G1 X108.7133 Y97.7648 Z0.2250 E0.03687 F1200
G1 X109.3326 Y97.7821 Z0.2250 E0.03477 F1200
G1 X109.9193 Y97.7517 Z0.2250 E0.03298 F1200
G1 X110.4772 Y97.6682 Z0.2250 E0.03166 F1200
G1 X111.0106 Y97.5278 Z0.2250 E0.03096 F1200
G1 X111.5247 Y97.3279 Z0.2250 E0.03096 F1200
G1 X112.0251 Y97.0674 Z0.2250 E0.03166 F1200
G1 X112.5177 Y96.7472 Z0.2250 E0.03298 F1200
G1 X113.0085 Y96.3692 Z0.2250 E0.03477 F1200
G1 X113.5036 Y95.9373 Z0.2250 E0.03687 F1200
G1 X114.0087 Y95.4568 Z0.2250 E0.03913 F1200
G1 X114.5291 Y94.9341 Z0.2250 E0.04140 F1200
G1 X115.0697 Y94.3774 Z0.2250 E0.04356 F1200
G1 X115.6344 Y93.7954 Z0.2250 E0.04551 F1200
G1 X116.2264 Y93.1980 Z0.2250 E0.04720 F1200
G1 X116.8479 Y92.5959 Z0.2250 E0.04857 F1200
G1 X117.5000 Y92.0000 Z0.2250 E0.04958 F1200
G1 X118.1829 Y91.4216 Z0.2250 E0.05023 F1200
G1 X118.8955 Y90.8719 Z0.2250 E0.05051 F1200
G1 X119.6358 Y90.3618 Z0.2250 E0.05046 F1200
G1 X120.4007 Y89.9020 Z0.2250 E0.05009 F1200
G1 X121.1860 Y89.5022 Z0.2250 E0.04946 F1200
G1 X121.9869 Y89.1711 Z0.2250 E0.04864 F1200
G1 X122.7976 Y88.9167 Z0.2250 E0.04769 F1200
G1 X123.6120 Y88.7453 Z0.2250 E0.04671 F1200
G1 X124.4234 Y88.6620 Z0.2250 E0.04578 F1200
G1 X125.2249 Y88.6703 Z0.2250 E0.04499 F1200
G1 X126.0095 Y88.7723 Z0.2250 E0.04441 F1200
G1 X126.7705 Y88.9683 Z0.2250 E0.04411 F1200
G1 X127.5014 Y89.2570 Z0.2250 E0.04411 F1200
G1 X128.1961 Y89.6357 Z0.2250 E0.04441 F1200
G1 X128.8494 Y90.1001 Z0.2250 E0.04499 F1200
G1 X129.4569 Y90.6444 Z0.2250 E0.04578 F1200
G1 X130.0150 Y91.2618 Z0.2250 E0.04671 F1200
G1 X130.5213 Y91.9442 Z0.2250 E0.04769 F1200
G1 X130.9747 Y92.6827 Z0.2250 E0.04864 F1200
G1 X131.3750 Y93.4678 Z0.2250 E0.04946 F1200
G1 X131.7235 Y94.2894 Z0.2250 E0.05009 F1200
G1 X132.0226 Y95.1371 Z0.2250 E0.05046 F1200
G1 X132.2760 Y96.0007 Z0.2250 E0.05051 F1200
G1 X132.4885 Y96.8701 Z0.2250 E0.05023 F1200
G1 X132.6658 Y97.7355 Z0.2250 E0.04958 F1200
G1 X132.8147 Y98.5879 Z0.2250 E0.04857 F1200
G1 X132.9425 Y99.4191 Z0.2250 E0.04720 F1200
G1 X133.0573 Y100.2219 Z0.2250 E0.04551 F1200
G1 X133.1673 Y100.9901 Z0.2250 E0.04356 F1200
G1 X133.2812 Y101.7188 Z0.2250 E0.04140 F1200
G1 X133.4074 Y102.4044 Z0.2250 E0.03913 F1200
G1 X133.5541 Y103.0448 Z0.2250 E0.03687 F1200
G1 X133.7290 Y103.6391 Z0.2250 E0.03477 F1200
G1 X133.9392 Y104.1878 Z0.2250 E0.03298 F1200
G1 X134.1910 Y104.6926 Z0.2250 E0.03166 F1200
G1 X134.4894 Y105.1565 Z0.2250 E0.03096 F1200
G1 X134.8384 Y105.5837 Z0.2250 E0.03096 F1200
G1 X135.2407 Y105.9791 Z0.2250 E0.03166 F1200
G1 X135.6975 Y106.3486 Z0.2250 E0.03298 F1200
G1 X136.2086 Y106.6986 Z0.2250 E0.03477 F1200
G1 X136.7724 Y107.0360 Z0.2250 E0.03687 F1200
G1 X137.3855 Y107.3678 Z0.2250 E0.03913 F1200
G1 X138.0434 Y107.7013 Z0.2250 E0.04140 F1200
G1 X138.7399 Y108.0434 Z0.2250 E0.04356 F1200
G1 X139.4679 Y108.4006 Z0.2250 E0.04551 F1200
G1 X140.2190 Y108.7790 Z0.2250 E0.04720 F1200
G1 X140.9837 Y109.1840 Z0.2250 E0.04857 F1200
G1 X141.7519 Y109.6201 Z0.2250 E0.04958 F1200
G1 X142.5131 Y110.0908 Z0.2250 E0.05023 F1200
G1 X143.2561 Y110.5987 Z0.2250 E0.05051 F1200
G1 X143.9699 Y111.1451 Z0.2250 E0.05046 F1200
G1 X144.6436 Y111.7305 Z0.2250 E0.05009 F1200
G1 X145.2666 Y112.3538 Z0.2250 E0.04946 F1200
G1 X145.8289 Y113.0131 Z0.2250 E0.04864 F1200
G1 X146.3214 Y113.7056 Z0.2250 E0.04769 F1200
G1 X146.7361 Y114.4272 Z0.2250 E0.04671 F1200
G1 X147.0660 Y115.1731 Z0.2250 E0.04578 F1200
G1 X147.3058 Y115.9379 Z0.2250 E0.04499 F1200
G1 X147.4512 Y116.7157 Z0.2250 E0.04441 F1200
G1 X147.5000 Y117.5000 Z0.2250 E0.04411 F1200
M106 S255  ; fan 100%
G1 X147.4512 Y118.2843 Z0.2262 E0.04411 F2400
G1 X147.3058 Y119.0621 Z0.2275 E0.04441 F2400
G1 X147.0660 Y119.8269 Z0.2287 E0.04499 F2400
G1 X146.7361 Y120.5728 Z0.2300 E0.04578 F2400
G1 X146.3214 Y121.2944 Z0.2312 E0.04671 F2400
G1 X145.8289 Y121.9869 Z0.2325 E0.04769 F2400
G1 X145.2666 Y122.6462 Z0.2337 E0.04864 F2400
G1 X144.6436 Y123.2695 Z0.2350 E0.04946 F2400
G1 X143.9699 Y123.8549 Z0.2363 E0.05009 F2400
G1 X143.2561 Y124.4013 Z0.2375 E0.05046 F2400
G1 X142.5131 Y124.9092 Z0.2387 E0.05051 F2400
G1 X141.7519 Y125.3799 Z0.2400 E0.05023 F2400
G1 X140.9837 Y125.8160 Z0.2412 E0.04958 F2400
G1 X140.2190 Y126.2210 Z0.2425 E0.04857 F2400
G1 X139.4679 Y126.5994 Z0.2437 E0.04720 F2400
G1 X138.7399 Y126.9566 Z0.2450 E0.04551 F2400
G1 X138.0434 Y127.2987 Z0.2462 E0.04356 F2400
G1 X137.3855 Y127.6322 Z0.2475 E0.04140 F2400
G1 X136.7724 Y127.9640 Z0.2487 E0.03913 F2400
G1 X136.2086 Y128.3014 Z0.2500 E0.03687 F2400
G1 X135.6975 Y128.6514 Z0.2512 E0.03477 F2400
G1 X135.2407 Y129.0209 Z0.2525 E0.03298 F2400
G1 X134.8384 Y129.4163 Z0.2538 E0.03166 F2400
G1 X134.4894 Y129.8435 Z0.2550 E0.03096 F2400
G1 X134.1910 Y130.3074 Z0.2562 E0.03096 F2400
G1 X133.9392 Y130.8122 Z0.2575 E0.03166 F2400
G1 X133.7290 Y131.3609 Z0.2587 E0.03298 F2400
G1 X133.5541 Y131.9552 Z0.2600 E0.03477 F2400
G1 X133.4074 Y132.5956 Z0.2612 E0.03687 F2400
G1 X133.2812 Y133.2812 Z0.2625 E0.03913 F2400
G1 X133.1673 Y134.0099 Z0.2637 E0.04140 F2400
G1 X133.0573 Y134.7781 Z0.2650 E0.04356 F2400
G1 X132.9425 Y135.5809 Z0.2662 E0.04551 F2400
G1 X132.8147 Y136.4121 Z0.2675 E0.04720 F2400
G1 X132.6658 Y137.2645 Z0.2687 E0.04857 F2400
G1 X132.4885 Y138.1299 Z0.2700 E0.04958 F2400
G1 X132.2760 Y138.9993 Z0.2712 E0.05023 F2400
G1 X132.0226 Y139.8629 Z0.2725 E0.05051 F2400
G1 X131.7235 Y140.7106 Z0.2737 E0.05046 F2400
G1 X131.3750 Y141.5322 Z0.2750 E0.05009 F2400
G1 X130.9747 Y142.3173 Z0.2762 E0.04946 F2400
G1 X130.5213 Y143.0558 Z0.2775 E0.04864 F2400
G1 X130.0150 Y143.7382 Z0.2787 E0.04769 F2400
G1 X129.4569 Y144.3556 Z0.2800 E0.04671 F2400
G1 X128.8494 Y144.8999 Z0.2812 E0.04578 F2400
G1 X128.1961 Y145.3643 Z0.2825 E0.04499 F2400
G1 X127.5014 Y145.7430 Z0.2837 E0.04441 F2400
G1 X126.7705 Y146.0317 Z0.2850 E0.04411 F2400
G1 X126.0095 Y146.2277 Z0.2862 E0.04411 F2400
G1 X125.2249 Y146.3297 Z0.2875 E0.04441 F2400
G1 X124.4234 Y146.3380 Z0.2887 E0.04499 F2400
G1 X123.6120 Y146.2547 Z0.2900 E0.04578 F2400
G1 X122.7976 Y146.0833 Z0.2913 E0.04671 F2400
G1 X121.9869 Y145.8289 Z0.2925 E0.04769 F2400
G1 X121.1860 Y145.4978 Z0.2938 E0.04864 F2400
G1 X120.4007 Y145.0980 Z0.2950 E0.04946 F2400
G1 X119.6358 Y144.6382 Z0.2963 E0.05009 F2400
G1 X118.8955 Y144.1281 Z0.2975 E0.05046 F2400
G1 X118.1829 Y143.5784 Z0.2987 E0.05051 F2400
G1 X117.5000 Y143.0000 Z0.3000 E0.05023 F2400
G1 X116.8479 Y142.4041 Z0.3012 E0.04958 F2400
G1 X116.2264 Y141.8020 Z0.3025 E0.04857 F2400
G1 X115.6344 Y141.2046 Z0.3037 E0.04720 F2400
G1 X115.0697 Y140.6226 Z0.3050 E0.04551 F2400
G1 X114.5291 Y140.0659 Z0.3062 E0.04356 F2400
G1 X114.0087 Y139.5432 Z0.3075 E0.04140 F2400
G1 X113.5036 Y139.0627 Z0.3087 E0.03913 F2400
G1 X113.0085 Y138.6308 Z0.3100 E0.03687 F2400
G1 X112.5177 Y138.2528 Z0.3113 E0.03477 F2400
G1 X112.0251 Y137.9326 Z0.3125 E0.03298 F2400
G1 X111.5247 Y137.6721 Z0.3137 E0.03166 F2400
G1 X111.0106 Y137.4722 Z0.3150 E0.03096 F2400
G1 X110.4772 Y137.3318 Z0.3162 E0.03096 F2400
G1 X109.9193 Y137.2483 Z0.3175 E0.03166 F2400
G1 X109.3326 Y137.2179 Z0.3187 E0.03298 F2400
G1 X108.7133 Y137.2352 Z0.3200 E0.03477 F2400
G1 X108.0589 Y137.2936 Z0.3212 E0.03687 F2400
G1 X107.3678 Y137.3855 Z0.3225 E0.03913 F2400
G1 X106.6396 Y137.5024 Z0.3237 E0.04140 F2400
G1 X105.8750 Y137.6351 Z0.3250 E0.04356 F2400
G1 X105.0761 Y137.7740 Z0.3262 E0.04551 F2400
G1 X104.2460 Y137.9093 Z0.3275 E0.04720 F2400
G1 X103.3893 Y138.0312 Z0.3287 E0.04857 F2400
G1 X102.5115 Y138.1299 Z0.3300 E0.04958 F2400
G1 X101.6190 Y138.1965 Z0.3312 E0.05023 F2400
G1 X100.7194 Y138.2224 Z0.3325 E0.05051 F2400
G1 X99.8207 Y138.1998 Z0.3337 E0.05046 F2400
G1 X98.9316 Y138.1223 Z0.3350 E0.05009 F2400
G1 X98.0613 Y137.9842 Z0.3362 E0.04946 F2400
G1 X97.2188 Y137.7812 Z0.3375 E0.04864 F2400
G1 X96.4133 Y137.5105 Z0.3387 E0.04769 F2400
G1 X95.6537 Y137.1705 Z0.3400 E0.04671 F2400
G1 X94.9483 Y136.7610 Z0.3412 E0.04578 F2400
G1 X94.3048 Y136.2831 Z0.3425 E0.04499 F2400
G1 X93.7299 Y135.7394 Z0.3437 E0.04441 F2400
G1 X93.2295 Y135.1336 Z0.3450 E0.04411 F2400
G1 X92.8079 Y134.4704 Z0.3462 E0.04411 F2400
G1 X92.4685 Y133.7557 Z0.3475 E0.04441 F2400
G1 X92.2129 Y132.9960 Z0.3488 E0.04499 F2400
G1 X92.0414 Y132.1986 Z0.3500 E0.04578 F2400
G1 X91.9527 Y131.3710 Z0.3512 E0.04671 F2400
G1 X91.9442 Y130.5213 Z0.3525 E0.04769 F2400
G1 X92.0115 Y129.6574 Z0.3538 E0.04864 F2400
G1 X92.1491 Y128.7869 Z0.3550 E0.04946 F2400
G1 X92.3501 Y127.9174 Z0.3562 E0.05009 F2400
G1 X92.6064 Y127.0558 Z0.3575 E0.05046 F2400
G1 X92.9090 Y126.2081 Z0.3587 E0.05051 F2400
G1 X93.2481 Y125.3799 Z0.3600 E0.05023 F2400
G1 X93.6133 Y124.5756 Z0.3612 E0.04958 F2400
G1 X93.9939 Y123.7984 Z0.3625 E0.04857 F2400
G1 X94.3791 Y123.0508 Z0.3637 E0.04720 F2400
G1 X94.7581 Y122.3339 Z0.3650 E0.04551 F2400
G1 X95.1206 Y121.6478 Z0.3662 E0.04356 F2400
G1 X95.4568 Y120.9913 Z0.3675 E0.04140 F2400
G1 X95.7577 Y120.3624 Z0.3688 E0.03913 F2400
G1 X96.0155 Y119.7581 Z0.3700 E0.03687 F2400
G1 X96.2232 Y119.1745 Z0.3712 E0.03477 F2400
G1 X96.3757 Y118.6071 Z0.3725 E0.03298 F2400
G1 X96.4687 Y118.0507 Z0.3737 E0.03166 F2400
G1 X96.5000 Y117.5000 Z0.3750 E0.03096 F2400
G1 X96.4687 Y116.9493 Z0.3762 E0.03096 F2400
G1 X96.3757 Y116.3929 Z0.3775 E0.03166 F2400
G1 X96.2232 Y115.8255 Z0.3787 E0.03298 F2400
G1 X96.0155 Y115.2419 Z0.3800 E0.03477 F2400
G1 X95.7577 Y114.6376 Z0.3812 E0.03687 F2400
G1 X95.4568 Y114.0087 Z0.3825 E0.03913 F2400
G1 X95.1206 Y113.3522 Z0.3837 E0.04140 F2400
G1 X94.7581 Y112.6661 Z0.3850 E0.04356 F2400
G1 X94.3791 Y111.9492 Z0.3862 E0.04551 F2400
G1 X93.9939 Y111.2016 Z0.3875 E0.04720 F2400
G1 X93.6133 Y110.4244 Z0.3887 E0.04857 F2400
G1 X93.2481 Y109.6201 Z0.3900 E0.04958 F2400
G1 X92.9090 Y108.7919 Z0.3912 E0.05023 F2400
G1 X92.6064 Y107.9442 Z0.3925 E0.05051 F2400
G1 X92.3501 Y107.0826 Z0.3937 E0.05046 F2400
G1 X92.1491 Y106.2131 Z0.3950 E0.05009 F2400
G1 X92.0115 Y105.3426 Z0.3962 E0.04946 F2400
G1 X91.9442 Y104.4787 Z0.3975 E0.04864 F2400
G1 X91.9527 Y103.6290 Z0.3987 E0.04769 F2400
G1 X92.0414 Y102.8014 Z0.4000 E0.04671 F2400
G1 X92.2129 Y102.0040 Z0.4012 E0.04578 F2400
G1 X92.4685 Y101.2443 Z0.4025 E0.04499 F2400
G1 X92.8079 Y100.5296 Z0.4037 E0.04441 F2400
G1 X93.2295 Y99.8664 Z0.4050 E0.04411 F2400
G1 X93.7299 Y99.2606 Z0.4062 E0.04411 F2400
G1 X94.3048 Y98.7169 Z0.4075 E0.04441 F2400
G1 X94.9483 Y98.2390 Z0.4087 E0.04499 F2400
G1 X95.6537 Y97.8295 Z0.4100 E0.04578 F2400
G1 X96.4133 Y97.4895 Z0.4113 E0.04671 F2400
G1 X97.2188 Y97.2188 Z0.4125 E0.04769 F2400
G1 X98.0613 Y97.0158 Z0.4137 E0.04864 F2400
G1 X98.9316 Y96.8777 Z0.4150 E0.04946 F2400
G1 X99.8207 Y96.8002 Z0.4162 E0.05009 F2400
G1 X100.7194 Y96.7776 Z0.4175 E0.05046 F2400
G1 X101.6190 Y96.8035 Z0.4187 E0.05051 F2400
G1 X102.5115 Y96.8701 Z0.4200 E0.05023 F2400
G1 X103.3893 Y96.9688 Z0.4212 E0.04958 F2400
G1 X104.2460 Y97.0907 Z0.4225 E0.04857 F2400
G1 X105.0761 Y97.2260 Z0.4237 E0.04720 F2400
G1 X105.8750 Y97.3649 Z0.4250 E0.04551 F2400
G1 X106.6396 Y97.4976 Z0.4263 E0.04356 F2400
G1 X107.3678 Y97.6145 Z0.4275 E0.04140 F2400
G1 X108.0589 Y97.7064 Z0.4287 E0.03913 F2400
G1 X108.7133 Y97.7648 Z0.4300 E0.03687 F2400
G1 X109.3326 Y97.7821 Z0.4312 E0.03477 F2400
G1 X109.9193 Y97.7517 Z0.4325 E0.03298 F2400
G1 X110.4772 Y97.6682 Z0.4337 E0.03166 F2400
G1 X111.0106 Y97.5278 Z0.4350 E0.03096 F2400
G1 X111.5247 Y97.3279 Z0.4362 E0.03096 F2400
G1 X112.0251 Y97.0674 Z0.4375 E0.03166 F2400
G1 X112.5177 Y96.7472 Z0.4387 E0.03298 F2400
G1 X113.0085 Y96.3692 Z0.4400 E0.03477 F2400
G1 X113.5036 Y95.9373 Z0.4413 E0.03687 F2400
G1 X114.0087 Y95.4568 Z0.4425 E0.03913 F2400
G1 X114.5291 Y94.9341 Z0.4437 E0.04140 F2400
G1 X115.0697 Y94.3774 Z0.4450 E0.04356 F2400
G1 X115.6344 Y93.7954 Z0.4462 E0.04551 F2400
G1 X116.2264 Y93.1980 Z0.4475 E0.04720 F2400
G1 X116.8479 Y92.5959 Z0.4487 E0.04857 F2400
G1 X117.5000 Y92.0000 Z0.4500 E0.04958 F2400
G1 X118.1829 Y91.4216 Z0.4512 E0.05023 F2400
G1 X118.8955 Y90.8719 Z0.4525 E0.05051 F2400
G1 X119.6358 Y90.3618 Z0.4537 E0.05046 F2400
G1 X120.4007 Y89.9020 Z0.4550 E0.05009 F2400
G1 X121.1860 Y89.5022 Z0.4562 E0.04946 F2400
G1 X121.9869 Y89.1711 Z0.4575 E0.04864 F2400
G1 X122.7976 Y88.9167 Z0.4587 E0.04769 F2400
G1 X123.6120 Y88.7453 Z0.4600 E0.04671 F2400
G1 X124.4234 Y88.6620 Z0.4612 E0.04578 F2400
G1 X125.2249 Y88.6703 Z0.4625 E0.04499 F2400
G1 X126.0095 Y88.7723 Z0.4637 E0.04441 F2400
G1 X126.7705 Y88.9683 Z0.4650 E0.04411 F2400
G1 X127.5014 Y89.2570 Z0.4662 E0.04411 F2400
G1 X128.1961 Y89.6357 Z0.4675 E0.04441 F2400
G1 X128.8494 Y90.1001 Z0.4688 E0.04499 F2400
G1 X129.4569 Y90.6444 Z0.4700 E0.04578 F2400
G1 X130.0150 Y91.2618 Z0.4712 E0.04671 F2400
G1 X130.5213 Y91.9442 Z0.4725 E0.04769 F2400
G1 X130.9747 Y92.6827 Z0.4737 E0.04864 F2400
G1 X131.3750 Y93.4678 Z0.4750 E0.04946 F2400
G1 X131.7235 Y94.2894 Z0.4762 E0.05009 F2400
G1 X132.0226 Y95.1371 Z0.4775 E0.05046 F2400
G1 X132.2760 Y96.0007 Z0.4788 E0.05051 F2400
G1 X132.4885 Y96.8701 Z0.4800 E0.05023 F2400
G1 X132.6658 Y97.7355 Z0.4813 E0.04958 F2400
G1 X132.8147 Y98.5879 Z0.4825 E0.04857 F2400
G1 X132.9425 Y99.4191 Z0.4837 E0.04720 F2400
G1 X133.0573 Y100.2219 Z0.4850 E0.04551 F2400
G1 X133.1673 Y100.9901 Z0.4862 E0.04356 F2400
G1 X133.2812 Y101.7188 Z0.4875 E0.04140 F2400
G1 X133.4074 Y102.4044 Z0.4887 E0.03913 F2400
G1 X133.5541 Y103.0448 Z0.4900 E0.03687 F2400
G1 X133.7290 Y103.6391 Z0.4912 E0.03477 F2400
G1 X133.9392 Y104.1878 Z0.4925 E0.03298 F2400
G1 X134.1910 Y104.6926 Z0.4937 E0.03166 F2400
G1 X134.4894 Y105.1565 Z0.4950 E0.03096 F2400
G1 X134.8384 Y105.5837 Z0.4962 E0.03096 F2400
G1 X135.2407 Y105.9791 Z0.4975 E0.03166 F2400
G1 X135.6975 Y106.3486 Z0.4987 E0.03298 F2400
G1 X136.2086 Y106.6986 Z0.5000 E0.03477 F2400
G1 X136.7724 Y107.0360 Z0.5012 E0.03687 F2400
G1 X137.3855 Y107.3678 Z0.5025 E0.03913 F2400
G1 X138.0434 Y107.7013 Z0.5037 E0.04140 F2400
G1 X138.7399 Y108.0434 Z0.5050 E0.04356 F2400
G1 X139.4679 Y108.4006 Z0.5062 E0.04551 F2400
G1 X140.2190 Y108.7790 Z0.5075 E0.04720 F2400
G1 X140.9837 Y109.1840 Z0.5088 E0.04857 F2400
G1 X141.7519 Y109.6201 Z0.5100 E0.04958 F2400
G1 X142.5131 Y110.0908 Z0.5112 E0.05023 F2400
G1 X143.2561 Y110.5987 Z0.5125 E0.05051 F2400
G1 X143.9699 Y111.1451 Z0.5137 E0.05046 F2400
G1 X144.6436 Y111.7305 Z0.5150 E0.05009 F2400
G1 X145.2666 Y112.3538 Z0.5162 E0.04946 F2400
G1 X145.8289 Y113.0131 Z0.5175 E0.04864 F2400
G1 X146.3214 Y113.7056 Z0.5188 E0.04769 F2400
G1 X146.7361 Y114.4272 Z0.5200 E0.04671 F2400
G1 X147.0660 Y115.1731 Z0.5212 E0.04578 F2400
G1 X147.3058 Y115.9379 Z0.5225 E0.04499 F2400
G1 X147.4512 Y116.7157 Z0.5237 E0.04441 F2400
G1 X147.5000 Y117.5000 Z0.5250 E0.04411 F2400
G1 X147.4512 Y118.2843 Z0.5263 E0.04411 F2400
G1 X147.3058 Y119.0621 Z0.5275 E0.04441 F2400
G1 X147.0660 Y119.8269 Z0.5288 E0.04499 F2400
G1 X146.7361 Y120.5728 Z0.5300 E0.04578 F2400
G1 X146.3214 Y121.2944 Z0.5312 E0.04671 F2400
G1 X145.8289 Y121.9869 Z0.5325 E0.04769 F2400
G1 X145.2666 Y122.6462 Z0.5337 E0.04864 F2400
G1 X144.6436 Y123.2695 Z0.5350 E0.04946 F2400
G1 X143.9699 Y123.8549 Z0.5363 E0.05009 F2400
G1 X143.2561 Y124.4013 Z0.5375 E0.05046 F2400
G1 X142.5131 Y124.9092 Z0.5388 E0.05051 F2400
G1 X141.7519 Y125.3799 Z0.5400 E0.05023 F2400
G1 X140.9837 Y125.8160 Z0.5413 E0.04958 F2400
G1 X140.2190 Y126.2210 Z0.5425 E0.04857 F2400
G1 X139.4679 Y126.5994 Z0.5437 E0.04720 F2400
G1 X138.7399 Y126.9566 Z0.5450 E0.04551 F2400
G1 X138.0434 Y127.2987 Z0.5462 E0.04356 F2400
G1 X137.3855 Y127.6322 Z0.5475 E0.04140 F2400
G1 X136.7724 Y127.9640 Z0.5487 E0.03913 F2400
G1 X136.2086 Y128.3014 Z0.5500 E0.03687 F2400
G1 X135.6975 Y128.6514 Z0.5513 E0.03477 F2400
G1 X135.2407 Y129.0209 Z0.5525 E0.03298 F2400
G1 X134.8384 Y129.4163 Z0.5537 E0.03166 F2400
G1 X134.4894 Y129.8435 Z0.5550 E0.03096 F2400
G1 X134.1910 Y130.3074 Z0.5562 E0.03096 F2400
G1 X133.9392 Y130.8122 Z0.5575 E0.03166 F2400
G1 X133.7290 Y131.3609 Z0.5587 E0.03298 F2400
G1 X133.5541 Y131.9552 Z0.5600 E0.03477 F2400
G1 X133.4074 Y132.5956 Z0.5612 E0.03687 F2400
G1 X133.2812 Y133.2812 Z0.5625 E0.03913 F2400
G1 X133.1673 Y134.0099 Z0.5637 E0.04140 F2400
G1 X133.0573 Y134.7781 Z0.5650 E0.04356 F2400
G1 X132.9425 Y135.5809 Z0.5663 E0.04551 F2400
G1 X132.8147 Y136.4121 Z0.5675 E0.04720 F2400
G1 X132.6658 Y137.2645 Z0.5688 E0.04857 F2400
G1 X132.4885 Y138.1299 Z0.5700 E0.04958 F2400
G1 X132.2760 Y138.9993 Z0.5713 E0.05023 F2400
G1 X132.0226 Y139.8629 Z0.5725 E0.05051 F2400
G1 X131.7235 Y140.7106 Z0.5737 E0.05046 F2400
G1 X131.3750 Y141.5322 Z0.5750 E0.05009 F2400
G1 X130.9747 Y142.3173 Z0.5762 E0.04946 F2400
G1 X130.5213 Y143.0558 Z0.5775 E0.04864 F2400
G1 X130.0150 Y143.7382 Z0.5787 E0.04769 F2400
G1 X129.4569 Y144.3556 Z0.5800 E0.04671 F2400
G1 X128.8494 Y144.8999 Z0.5813 E0.04578 F2400
G1 X128.1961 Y145.3643 Z0.5825 E0.04499 F2400
G1 X127.5014 Y145.7430 Z0.5837 E0.04441 F2400
G1 X126.7705 Y146.0317 Z0.5850 E0.04411 F2400
G1 X126.0095 Y146.2277 Z0.5862 E0.04411 F2400
G1 X125.2249 Y146.3297 Z0.5875 E0.04441 F2400
G1 X124.4234 Y146.3380 Z0.5887 E0.04499 F2400
G1 X123.6120 Y146.2547 Z0.5900 E0.04578 F2400
G1 X122.7976 Y146.0833 Z0.5912 E0.04671 F2400
G1 X121.9869 Y145.8289 Z0.5925 E0.04769 F2400
G1 X121.1860 Y145.4978 Z0.5938 E0.04864 F2400
G1 X120.4007 Y145.0980 Z0.5950 E0.04946 F2400
G1 X119.6358 Y144.6382 Z0.5962 E0.05009 F2400
G1 X118.8955 Y144.1281 Z0.5975 E0.05046 F2400
G1 X118.1829 Y143.5784 Z0.5987 E0.05051 F2400
G1 X117.5000 Y143.0000 Z0.6000 E0.05023 F2400
G1 X116.8479 Y142.4041 Z0.6013 E0.04958 F2400
G1 X116.2264 Y141.8020 Z0.6025 E0.04857 F2400
G1 X115.6344 Y141.2046 Z0.6038 E0.04720 F2400
G1 X115.0697 Y140.6226 Z0.6050 E0.04551 F2400
G1 X114.5291 Y140.0659 Z0.6062 E0.04356 F2400
G1 X114.0087 Y139.5432 Z0.6075 E0.04140 F2400
G1 X113.5036 Y139.0627 Z0.6088 E0.03913 F2400
G1 X113.0085 Y138.6308 Z0.6100 E0.03687 F2400
G1 X112.5177 Y138.2528 Z0.6113 E0.03477 F2400
G1 X112.0251 Y137.9326 Z0.6125 E0.03298 F2400
G1 X111.5247 Y137.6721 Z0.6138 E0.03166 F2400
G1 X111.0106 Y137.4722 Z0.6150 E0.03096 F2400
G1 X110.4772 Y137.3318 Z0.6162 E0.03096 F2400
G1 X109.9193 Y137.2483 Z0.6175 E0.03166 F2400
G1 X109.3326 Y137.2179 Z0.6187 E0.03298 F2400
G1 X108.7133 Y137.2352 Z0.6200 E0.03477 F2400
G1 X108.0589 Y137.2936 Z0.6212 E0.03687 F2400
G1 X107.3678 Y137.3855 Z0.6225 E0.03913 F2400
G1 X106.6396 Y137.5024 Z0.6238 E0.04140 F2400
G1 X105.8750 Y137.6351 Z0.6250 E0.04356 F2400
G1 X105.0761 Y137.7740 Z0.6262 E0.04551 F2400
G1 X104.2460 Y137.9093 Z0.6275 E0.04720 F2400
G1 X103.3893 Y138.0312 Z0.6287 E0.04857 F2400
G1 X102.5115 Y138.1299 Z0.6300 E0.04958 F2400
G1 X101.6190 Y138.1965 Z0.6312 E0.05023 F2400
G1 X100.7194 Y138.2224 Z0.6325 E0.05051 F2400
G1 X99.8207 Y138.1998 Z0.6337 E0.05046 F2400
G1 X98.9316 Y138.1223 Z0.6350 E0.05009 F2400
G1 X98.0613 Y137.9842 Z0.6362 E0.04946 F2400
G1 X97.2188 Y137.7812 Z0.6375 E0.04864 F2400
G1 X96.4133 Y137.5105 Z0.6388 E0.04769 F2400
G1 X95.6537 Y137.1705 Z0.6400 E0.04671 F2400
G1 X94.9483 Y136.7610 Z0.6413 E0.04578 F2400
G1 X94.3048 Y136.2831 Z0.6425 E0.04499 F2400
G1 X93.7299 Y135.7394 Z0.6438 E0.04441 F2400
G1 X93.2295 Y135.1336 Z0.6450 E0.04411 F2400
G1 X92.8079 Y134.4704 Z0.6462 E0.04411 F2400
G1 X92.4685 Y133.7557 Z0.6475 E0.04441 F2400
G1 X92.2129 Y132.9960 Z0.6487 E0.04499 F2400
G1 X92.0414 Y132.1986 Z0.6500 E0.04578 F2400
G1 X91.9527 Y131.3710 Z0.6512 E0.04671 F2400
G1 X91.9442 Y130.5213 Z0.6525 E0.04769 F2400
G1 X92.0115 Y129.6574 Z0.6538 E0.04864 F2400
G1 X92.1491 Y128.7869 Z0.6550 E0.04946 F2400
G1 X92.3501 Y127.9174 Z0.6562 E0.05009 F2400
G1 X92.6064 Y127.0558 Z0.6575 E0.05046 F2400
G1 X92.9090 Y126.2081 Z0.6587 E0.05051 F2400
G1 X93.2481 Y125.3799 Z0.6600 E0.05023 F2400
G1 X93.6133 Y124.5756 Z0.6612 E0.04958 F2400
G1 X93.9939 Y123.7984 Z0.6625 E0.04857 F2400
G1 X94.3791 Y123.0508 Z0.6637 E0.04720 F2400
G1 X94.7581 Y122.3339 Z0.6650 E0.04551 F2400
G1 X95.1206 Y121.6478 Z0.6663 E0.04356 F2400
G1 X95.4568 Y120.9913 Z0.6675 E0.04140 F2400
G1 X95.7577 Y120.3624 Z0.6687 E0.03913 F2400
G1 X96.0155 Y119.7581 Z0.6700 E0.03687 F2400
G1 X96.2232 Y119.1745 Z0.6712 E0.03477 F2400
G1 X96.3757 Y118.6071 Z0.6725 E0.03298 F2400
G1 X96.4687 Y118.0507 Z0.6737 E0.03166 F2400
G1 X96.5000 Y117.5000 Z0.6750 E0.03096 F2400
G1 X96.4687 Y116.9493 Z0.6763 E0.03096 F2400
G1 X96.3757 Y116.3929 Z0.6775 E0.03166 F2400
G1 X96.2232 Y115.8255 Z0.6787 E0.03298 F2400
G1 X96.0155 Y115.2419 Z0.6800 E0.03477 F2400
G1 X95.7577 Y114.6376 Z0.6813 E0.03687 F2400
G1 X95.4568 Y114.0087 Z0.6825 E0.03913 F2400
G1 X95.1206 Y113.3522 Z0.6837 E0.04140 F2400
G1 X94.7581 Y112.6661 Z0.6850 E0.04356 F2400
G1 X94.3791 Y111.9492 Z0.6863 E0.04551 F2400
G1 X93.9939 Y111.2016 Z0.6875 E0.04720 F2400
G1 X93.6133 Y110.4244 Z0.6887 E0.04857 F2400
G1 X93.2481 Y109.6201 Z0.6900 E0.04958 F2400
G1 X92.9090 Y108.7919 Z0.6912 E0.05023 F2400
G1 X92.6064 Y107.9442 Z0.6925 E0.05051 F2400
G1 X92.3501 Y107.0826 Z0.6937 E0.05046 F2400
G1 X92.1491 Y106.2131 Z0.6950 E0.05009 F2400
G1 X92.0115 Y105.3426 Z0.6962 E0.04946 F2400
G1 X91.9442 Y104.4787 Z0.6975 E0.04864 F2400
G1 X91.9527 Y103.6290 Z0.6987 E0.04769 F2400
G1 X92.0414 Y102.8014 Z0.7000 E0.04671 F2400
G1 X92.2129 Y102.0040 Z0.7012 E0.04578 F2400
G1 X92.4685 Y101.2443 Z0.7025 E0.04499 F2400
G1 X92.8079 Y100.5296 Z0.7037 E0.04441 F2400
G1 X93.2295 Y99.8664 Z0.7050 E0.04411 F2400
G1 X93.7299 Y99.2606 Z0.7062 E0.04411 F2400
G1 X94.3048 Y98.7169 Z0.7075 E0.04441 F2400
G1 X94.9483 Y98.2390 Z0.7087 E0.04499 F2400
G1 X95.6537 Y97.8295 Z0.7100 E0.04578 F2400
G1 X96.4133 Y97.4895 Z0.7112 E0.04671 F2400
G1 X97.2188 Y97.2188 Z0.7125 E0.04769 F2400
G1 X98.0613 Y97.0158 Z0.7137 E0.04864 F2400
G1 X98.9316 Y96.8777 Z0.7150 E0.04946 F2400
G1 X99.8207 Y96.8002 Z0.7163 E0.05009 F2400
G1 X100.7194 Y96.7776 Z0.7175 E0.05046 F2400
G1 X101.6190 Y96.8035 Z0.7188 E0.05051 F2400
G1 X102.5115 Y96.8701 Z0.7200 E0.05023 F2400
G1 X103.3893 Y96.9688 Z0.7212 E0.04958 F2400
G1 X104.2460 Y97.0907 Z0.7225 E0.04857 F2400
G1 X105.0761 Y97.2260 Z0.7238 E0.04720 F2400
G1 X105.8750 Y97.3649 Z0.7250 E0.04551 F2400
G1 X106.6396 Y97.4976 Z0.7262 E0.04356 F2400
G1 X107.3678 Y97.6145 Z0.7275 E0.04140 F2400
G1 X108.0589 Y97.7064 Z0.7288 E0.03913 F2400
G1 X108.7133 Y97.7648 Z0.7300 E0.03687 F2400
G1 X109.3326 Y97.7821 Z0.7312 E0.03477 F2400
G1 X109.9193 Y97.7517 Z0.7325 E0.03298 F2400
G1 X110.4772 Y97.6682 Z0.7337 E0.03166 F2400
G1 X111.0106 Y97.5278 Z0.7350 E0.03096 F2400
G1 X111.5247 Y97.3279 Z0.7362 E0.03096 F2400
G1 X112.0251 Y97.0674 Z0.7375 E0.03166 F2400
G1 X112.5177 Y96.7472 Z0.7387 E0.03298 F2400
G1 X113.0085 Y96.3692 Z0.7400 E0.03477 F2400
G1 X113.5036 Y95.9373 Z0.7412 E0.03687 F2400
G1 X114.0087 Y95.4568 Z0.7425 E0.03913 F2400
G1 X114.5291 Y94.9341 Z0.7437 E0.04140 F2400
G1 X115.0697 Y94.3774 Z0.7450 E0.04356 F2400
G1 X115.6344 Y93.7954 Z0.7462 E0.04551 F2400
G1 X116.2264 Y93.1980 Z0.7475 E0.04720 F2400
G1 X116.8479 Y92.5959 Z0.7487 E0.04857 F2400
G1 X117.5000 Y92.0000 Z0.7500 E0.04958 F2400
G1 X118.1829 Y91.4216 Z0.7512 E0.05023 F2400
G1 X118.8955 Y90.8719 Z0.7525 E0.05051 F2400
G1 X119.6358 Y90.3618 Z0.7538 E0.05046 F2400
G1 X120.4007 Y89.9020 Z0.7550 E0.05009 F2400
G1 X121.1860 Y89.5022 Z0.7562 E0.04946 F2400
G1 X121.9869 Y89.1711 Z0.7575 E0.04864 F2400
G1 X122.7976 Y88.9167 Z0.7588 E0.04769 F2400
G1 X123.6120 Y88.7453 Z0.7600 E0.04671 F2400
G1 X124.4234 Y88.6620 Z0.7612 E0.04578 F2400
G1 X125.2249 Y88.6703 Z0.7625 E0.04499 F2400
G1 X126.0095 Y88.7723 Z0.7637 E0.04441 F2400
G1 X126.7705 Y88.9683 Z0.7650 E0.04411 F2400
G1 X127.5014 Y89.2570 Z0.7662 E0.04411 F2400
G1 X128.1961 Y89.6357 Z0.7675 E0.04441 F2400
G1 X128.8494 Y90.1001 Z0.7687 E0.04499 F2400
G1 X129.4569 Y90.6444 Z0.7700 E0.04578 F2400
G1 X130.0150 Y91.2618 Z0.7712 E0.04671 F2400
G1 X130.5213 Y91.9442 Z0.7725 E0.04769 F2400
G1 X130.9747 Y92.6827 Z0.7737 E0.04864 F2400
G1 X131.3750 Y93.4678 Z0.7750 E0.04946 F2400
G1 X131.7235 Y94.2894 Z0.7762 E0.05009 F2400
G1 X132.0226 Y95.1371 Z0.7775 E0.05046 F2400
G1 X132.2760 Y96.0007 Z0.7787 E0.05051 F2400
G1 X132.4885 Y96.8701 Z0.7800 E0.05023 F2400
G1 X132.6658 Y97.7355 Z0.7812 E0.04958 F2400
G1 X132.8147 Y98.5879 Z0.7825 E0.04857 F2400
G1 X132.9425 Y99.4191 Z0.7837 E0.04720 F2400
G1 X133.0573 Y100.2219 Z0.7850 E0.04551 F2400
G1 X133.1673 Y100.9901 Z0.7862 E0.04356 F2400
G1 X133.2812 Y101.7188 Z0.7875 E0.04140 F2400
G1 X133.4074 Y102.4044 Z0.7888 E0.03913 F2400
G1 X133.5541 Y103.0448 Z0.7900 E0.03687 F2400
G1 X133.7290 Y103.6391 Z0.7913 E0.03477 F2400
G1 X133.9392 Y104.1878 Z0.7925 E0.03298 F2400
G1 X134.1910 Y104.6926 Z0.7937 E0.03166 F2400
G1 X134.4894 Y105.1565 Z0.7950 E0.03096 F2400
G1 X134.8384 Y105.5837 Z0.7963 E0.03096 F2400
G1 X135.2407 Y105.9791 Z0.7975 E0.03166 F2400
G1 X135.6975 Y106.3486 Z0.7987 E0.03298 F2400
G1 X136.2086 Y106.6986 Z0.8000 E0.03477 F2400
G1 X136.7724 Y107.0360 Z0.8013 E0.03687 F2400
G1 X137.3855 Y107.3678 Z0.8025 E0.03913 F2400
G1 X138.0434 Y107.7013 Z0.8037 E0.04140 F2400
G1 X138.7399 Y108.0434 Z0.8050 E0.04356 F2400
G1 X139.4679 Y108.4006 Z0.8062 E0.04551 F2400
G1 X140.2190 Y108.7790 Z0.8075 E0.04720 F2400
G1 X140.9837 Y109.1840 Z0.8087 E0.04857 F2400
G1 X141.7519 Y109.6201 Z0.8100 E0.04958 F2400
G1 X142.5131 Y110.0908 Z0.8112 E0.05023 F2400
G1 X143.2561 Y110.5987 Z0.8125 E0.05051 F2400
G1 X143.9699 Y111.1451 Z0.8137 E0.05046 F2400
G1 X144.6436 Y111.7305 Z0.8150 E0.05009 F2400
G1 X145.2666 Y112.3538 Z0.8162 E0.04946 F2400
G1 X145.8289 Y113.0131 Z0.8175 E0.04864 F2400
G1 X146.3214 Y113.7056 Z0.8187 E0.04769 F2400
G1 X146.7361 Y114.4272 Z0.8200 E0.04671 F2400
G1 X147.0660 Y115.1731 Z0.8212 E0.04578 F2400
G1 X147.3058 Y115.9379 Z0.8225 E0.04499 F2400
G1 X147.4512 Y116.7157 Z0.8237 E0.04441 F2400
G1 X147.5000 Y117.5000 Z0.8250 E0.04411 F2400
G1 X147.4512 Y118.2843 Z0.8263 E0.04411 F2400
G1 X147.3058 Y119.0621 Z0.8275 E0.04441 F2400
G1 X147.0660 Y119.8269 Z0.8287 E0.04499 F2400
G1 X146.7361 Y120.5728 Z0.8300 E0.04578 F2400
G1 X146.3214 Y121.2944 Z0.8313 E0.04671 F2400
G1 X145.8289 Y121.9869 Z0.8325 E0.04769 F2400
G1 X145.2666 Y122.6462 Z0.8337 E0.04864 F2400
G1 X144.6436 Y123.2695 Z0.8350 E0.04946 F2400
G1 X143.9699 Y123.8549 Z0.8362 E0.05009 F2400
G1 X143.2561 Y124.4013 Z0.8375 E0.05046 F2400
G1 X142.5131 Y124.9092 Z0.8387 E0.05051 F2400
G1 X141.7519 Y125.3799 Z0.8400 E0.05023 F2400
G1 X140.9837 Y125.8160 Z0.8412 E0.04958 F2400
G1 X140.2190 Y126.2210 Z0.8425 E0.04857 F2400
G1 X139.4679 Y126.5994 Z0.8438 E0.04720 F2400
G1 X138.7399 Y126.9566 Z0.8450 E0.04551 F2400
G1 X138.0434 Y127.2987 Z0.8462 E0.04356 F2400
G1 X137.3855 Y127.6322 Z0.8475 E0.04140 F2400
G1 X136.7724 Y127.9640 Z0.8487 E0.03913 F2400
G1 X136.2086 Y128.3014 Z0.8500 E0.03687 F2400
G1 X135.6975 Y128.6514 Z0.8512 E0.03477 F2400
G1 X135.2407 Y129.0209 Z0.8525 E0.03298 F2400
G1 X134.8384 Y129.4163 Z0.8537 E0.03166 F2400
G1 X134.4894 Y129.8435 Z0.8550 E0.03096 F2400
G1 X134.1910 Y130.3074 Z0.8562 E0.03096 F2400
G1 X133.9392 Y130.8122 Z0.8575 E0.03166 F2400
G1 X133.7290 Y131.3609 Z0.8587 E0.03298 F2400
G1 X133.5541 Y131.9552 Z0.8600 E0.03477 F2400
G1 X133.4074 Y132.5956 Z0.8612 E0.03687 F2400
G1 X133.2812 Y133.2812 Z0.8625 E0.03913 F2400
G1 X133.1673 Y134.0099 Z0.8638 E0.04140 F2400
G1 X133.0573 Y134.7781 Z0.8650 E0.04356 F2400
G1 X132.9425 Y135.5809 Z0.8662 E0.04551 F2400
G1 X132.8147 Y136.4121 Z0.8675 E0.04720 F2400
G1 X132.6658 Y137.2645 Z0.8688 E0.04857 F2400
G1 X132.4885 Y138.1299 Z0.8700 E0.04958 F2400
G1 X132.2760 Y138.9993 Z0.8712 E0.05023 F2400
G1 X132.0226 Y139.8629 Z0.8725 E0.05051 F2400
G1 X131.7235 Y140.7106 Z0.8738 E0.05046 F2400
G1 X131.3750 Y141.5322 Z0.8750 E0.05009 F2400
G1 X130.9747 Y142.3173 Z0.8762 E0.04946 F2400
G1 X130.5213 Y143.0558 Z0.8775 E0.04864 F2400
G1 X130.0150 Y143.7382 Z0.8787 E0.04769 F2400
G1 X129.4569 Y144.3556 Z0.8800 E0.04671 F2400
G1 X128.8494 Y144.8999 Z0.8812 E0.04578 F2400
G1 X128.1961 Y145.3643 Z0.8825 E0.04499 F2400
G1 X127.5014 Y145.7430 Z0.8837 E0.04441 F2400
G1 X126.7705 Y146.0317 Z0.8850 E0.04411 F2400
G1 X126.0095 Y146.2277 Z0.8862 E0.04411 F2400
G1 X125.2249 Y146.3297 Z0.8875 E0.04441 F2400
G1 X124.4234 Y146.3380 Z0.8887 E0.04499 F2400
G1 X123.6120 Y146.2547 Z0.8900 E0.04578 F2400
G1 X122.7976 Y146.0833 Z0.8912 E0.04671 F2400
G1 X121.9869 Y145.8289 Z0.8925 E0.04769 F2400
G1 X121.1860 Y145.4978 Z0.8937 E0.04864 F2400
G1 X120.4007 Y145.0980 Z0.8950 E0.04946 F2400
G1 X119.6358 Y144.6382 Z0.8962 E0.05009 F2400
G1 X118.8955 Y144.1281 Z0.8975 E0.05046 F2400
G1 X118.1829 Y143.5784 Z0.8987 E0.05051 F2400
G1 X117.5000 Y143.0000 Z0.9000 E0.05023 F2400
G1 X116.8479 Y142.4041 Z0.9012 E0.04958 F2400
G1 X116.2264 Y141.8020 Z0.9025 E0.04857 F2400
G1 X115.6344 Y141.2046 Z0.9038 E0.04720 F2400
G1 X115.0697 Y140.6226 Z0.9050 E0.04551 F2400
G1 X114.5291 Y140.0659 Z0.9062 E0.04356 F2400
G1 X114.0087 Y139.5432 Z0.9075 E0.04140 F2400
G1 X113.5036 Y139.0627 Z0.9087 E0.03913 F2400
G1 X113.0085 Y138.6308 Z0.9100 E0.03687 F2400
G1 X112.5177 Y138.2528 Z0.9113 E0.03477 F2400
G1 X112.0251 Y137.9326 Z0.9125 E0.03298 F2400
G1 X111.5247 Y137.6721 Z0.9137 E0.03166 F2400
G1 X111.0106 Y137.4722 Z0.9150 E0.03096 F2400
G1 X110.4772 Y137.3318 Z0.9163 E0.03096 F2400
G1 X109.9193 Y137.2483 Z0.9175 E0.03166 F2400
G1 X109.3326 Y137.2179 Z0.9187 E0.03298 F2400
G1 X108.7133 Y137.2352 Z0.9200 E0.03477 F2400
G1 X108.0589 Y137.2936 Z0.9212 E0.03687 F2400
G1 X107.3678 Y137.3855 Z0.9225 E0.03913 F2400
G1 X106.6396 Y137.5024 Z0.9237 E0.04140 F2400
G1 X105.8750 Y137.6351 Z0.9250 E0.04356 F2400
G1 X105.0761 Y137.7740 Z0.9262 E0.04551 F2400
G1 X104.2460 Y137.9093 Z0.9275 E0.04720 F2400
G1 X103.3893 Y138.0312 Z0.9287 E0.04857 F2400
G1 X102.5115 Y138.1299 Z0.9300 E0.04958 F2400
G1 X101.6190 Y138.1965 Z0.9312 E0.05023 F2400
G1 X100.7194 Y138.2224 Z0.9325 E0.05051 F2400
G1 X99.8207 Y138.1998 Z0.9337 E0.05046 F2400
G1 X98.9316 Y138.1223 Z0.9350 E0.05009 F2400
G1 X98.0613 Y137.9842 Z0.9362 E0.04946 F2400
G1 X97.2188 Y137.7812 Z0.9375 E0.04864 F2400
G1 X96.4133 Y137.5105 Z0.9387 E0.04769 F2400
G1 X95.6537 Y137.1705 Z0.9400 E0.04671 F2400
G1 X94.9483 Y136.7610 Z0.9413 E0.04578 F2400
G1 X94.3048 Y136.2831 Z0.9425 E0.04499 F2400
G1 X93.7299 Y135.7394 Z0.9437 E0.04441 F2400
G1 X93.2295 Y135.1336 Z0.9450 E0.04411 F2400
G1 X92.8079 Y134.4704 Z0.9463 E0.04411 F2400
G1 X92.4685 Y133.7557 Z0.9475 E0.04441 F2400
G1 X92.2129 Y132.9960 Z0.9487 E0.04499 F2400
G1 X92.0414 Y132.1986 Z0.9500 E0.04578 F2400
G1 X91.9527 Y131.3710 Z0.9512 E0.04671 F2400
G1 X91.9442 Y130.5213 Z0.9525 E0.04769 F2400
G1 X92.0115 Y129.6574 Z0.9537 E0.04864 F2400
G1 X92.1491 Y128.7869 Z0.9550 E0.04946 F2400
G1 X92.3501 Y127.9174 Z0.9562 E0.05009 F2400
G1 X92.6064 Y127.0558 Z0.9575 E0.05046 F2400
G1 X92.9090 Y126.2081 Z0.9587 E0.05051 F2400
G1 X93.2481 Y125.3799 Z0.9600 E0.05023 F2400
G1 X93.6133 Y124.5756 Z0.9612 E0.04958 F2400
G1 X93.9939 Y123.7984 Z0.9625 E0.04857 F2400
G1 X94.3791 Y123.0508 Z0.9637 E0.04720 F2400
G1 X94.7581 Y122.3339 Z0.9650 E0.04551 F2400
G1 X95.1206 Y121.6478 Z0.9662 E0.04356 F2400
G1 X95.4568 Y120.9913 Z0.9675 E0.04140 F2400
G1 X95.7577 Y120.3624 Z0.9687 E0.03913 F2400
G1 X96.0155 Y119.7581 Z0.9700 E0.03687 F2400
G1 X96.2232 Y119.1745 Z0.9712 E0.03477 F2400
G1 X96.3757 Y118.6071 Z0.9725 E0.03298 F2400
G1 X96.4687 Y118.0507 Z0.9737 E0.03166 F2400
G1 X96.5000 Y117.5000 Z0.9750 E0.03096 F2400
G1 X96.4687 Y116.9493 Z0.9763 E0.03096 F2400
G1 X96.3757 Y116.3929 Z0.9775 E0.03166 F2400
G1 X96.2232 Y115.8255 Z0.9788 E0.03298 F2400
G1 X96.0155 Y115.2419 Z0.9800 E0.03477 F2400
G1 X95.7577 Y114.6376 Z0.9812 E0.03687 F2400
G1 X95.4568 Y114.0087 Z0.9825 E0.03913 F2400
G1 X95.1206 Y113.3522 Z0.9838 E0.04140 F2400
G1 X94.7581 Y112.6661 Z0.9850 E0.04356 F2400
G1 X94.3791 Y111.9492 Z0.9862 E0.04551 F2400
G1 X93.9939 Y111.2016 Z0.9875 E0.04720 F2400
G1 X93.6133 Y110.4244 Z0.9888 E0.04857 F2400
G1 X93.2481 Y109.6201 Z0.9900 E0.04958 F2400
G1 X92.9090 Y108.7919 Z0.9912 E0.05023 F2400
G1 X92.6064 Y107.9442 Z0.9925 E0.05051 F2400
G1 X92.3501 Y107.0826 Z0.9937 E0.05046 F2400
G1 X92.1491 Y106.2131 Z0.9950 E0.05009 F2400
G1 X92.0115 Y105.3426 Z0.9962 E0.04946 F2400
G1 X91.9442 Y104.4787 Z0.9975 E0.04864 F2400
G1 X91.9527 Y103.6290 Z0.9987 E0.04769 F2400
G1 X92.0414 Y102.8014 Z1.0000 E0.04671 F2400
G1 X92.2129 Y102.0040 Z1.0012 E0.04578 F2400
G1 X92.4685 Y101.2443 Z1.0025 E0.04499 F2400
G1 X92.8079 Y100.5296 Z1.0037 E0.04441 F2400
G1 X93.2295 Y99.8664 Z1.0050 E0.04411 F2400
G1 X93.7299 Y99.2606 Z1.0062 E0.04411 F2400
G1 X94.3048 Y98.7169 Z1.0075 E0.04441 F2400
G1 X94.9483 Y98.2390 Z1.0088 E0.04499 F2400
G1 X95.6537 Y97.8295 Z1.0100 E0.04578 F2400
G1 X96.4133 Y97.4895 Z1.0112 E0.04671 F2400
G1 X97.2188 Y97.2188 Z1.0125 E0.04769 F2400
G1 X98.0613 Y97.0158 Z1.0137 E0.04864 F2400
G1 X98.9316 Y96.8777 Z1.0150 E0.04946 F2400
G1 X99.8207 Y96.8002 Z1.0162 E0.05009 F2400
G1 X100.7194 Y96.7776 Z1.0175 E0.05046 F2400
G1 X101.6190 Y96.8035 Z1.0188 E0.05051 F2400
G1 X102.5115 Y96.8701 Z1.0200 E0.05023 F2400
G1 X103.3893 Y96.9688 Z1.0212 E0.04958 F2400
G1 X104.2460 Y97.0907 Z1.0225 E0.04857 F2400
G1 X105.0761 Y97.2260 Z1.0237 E0.04720 F2400
G1 X105.8750 Y97.3649 Z1.0250 E0.04551 F2400
G1 X106.6396 Y97.4976 Z1.0263 E0.04356 F2400
G1 X107.3678 Y97.6145 Z1.0275 E0.04140 F2400
G1 X108.0589 Y97.7064 Z1.0288 E0.03913 F2400
G1 X108.7133 Y97.7648 Z1.0300 E0.03687 F2400
G1 X109.3326 Y97.7821 Z1.0312 E0.03477 F2400
G1 X109.9193 Y97.7517 Z1.0325 E0.03298 F2400
G1 X110.4772 Y97.6682 Z1.0337 E0.03166 F2400
G1 X111.0106 Y97.5278 Z1.0350 E0.03096 F2400
G1 X111.5247 Y97.3279 Z1.0362 E0.03096 F2400
G1 X112.0251 Y97.0674 Z1.0375 E0.03166 F2400
G1 X112.5177 Y96.7472 Z1.0387 E0.03298 F2400
G1 X113.0085 Y96.3692 Z1.0400 E0.03477 F2400
G1 X113.5036 Y95.9373 Z1.0412 E0.03687 F2400
G1 X114.0087 Y95.4568 Z1.0425 E0.03913 F2400
G1 X114.5291 Y94.9341 Z1.0437 E0.04140 F2400
G1 X115.0697 Y94.3774 Z1.0450 E0.04356 F2400
G1 X115.6344 Y93.7954 Z1.0462 E0.04551 F2400
G1 X116.2264 Y93.1980 Z1.0475 E0.04720 F2400
G1 X116.8479 Y92.5959 Z1.0487 E0.04857 F2400
G1 X117.5000 Y92.0000 Z1.0500 E0.04958 F2400
G1 X118.1829 Y91.4216 Z1.0513 E0.05023 F2400
G1 X118.8955 Y90.8719 Z1.0525 E0.05051 F2400
G1 X119.6358 Y90.3618 Z1.0537 E0.05046 F2400
G1 X120.4007 Y89.9020 Z1.0550 E0.05009 F2400
G1 X121.1860 Y89.5022 Z1.0562 E0.04946 F2400
G1 X121.9869 Y89.1711 Z1.0575 E0.04864 F2400
G1 X122.7976 Y88.9167 Z1.0587 E0.04769 F2400
G1 X123.6120 Y88.7453 Z1.0600 E0.04671 F2400
G1 X124.4234 Y88.6620 Z1.0613 E0.04578 F2400
G1 X125.2249 Y88.6703 Z1.0625 E0.04499 F2400
G1 X126.0095 Y88.7723 Z1.0637 E0.04441 F2400
G1 X126.7705 Y88.9683 Z1.0650 E0.04411 F2400
G1 X127.5014 Y89.2570 Z1.0662 E0.04411 F2400
G1 X128.1961 Y89.6357 Z1.0675 E0.04441 F2400
G1 X128.8494 Y90.1001 Z1.0688 E0.04499 F2400
G1 X129.4569 Y90.6444 Z1.0700 E0.04578 F2400
G1 X130.0150 Y91.2618 Z1.0713 E0.04671 F2400
G1 X130.5213 Y91.9442 Z1.0725 E0.04769 F2400
G1 X130.9747 Y92.6827 Z1.0737 E0.04864 F2400
G1 X131.3750 Y93.4678 Z1.0750 E0.04946 F2400
G1 X131.7235 Y94.2894 Z1.0762 E0.05009 F2400
G1 X132.0226 Y95.1371 Z1.0775 E0.05046 F2400
G1 X132.2760 Y96.0007 Z1.0787 E0.05051 F2400
G1 X132.4885 Y96.8701 Z1.0800 E0.05023 F2400
G1 X132.6658 Y97.7355 Z1.0812 E0.04958 F2400
G1 X132.8147 Y98.5879 Z1.0825 E0.04857 F2400
G1 X132.9425 Y99.4191 Z1.0837 E0.04720 F2400
G1 X133.0573 Y100.2219 Z1.0850 E0.04551 F2400
G1 X133.1673 Y100.9901 Z1.0862 E0.04356 F2400
G1 X133.2812 Y101.7188 Z1.0875 E0.04140 F2400
G1 X133.4074 Y102.4044 Z1.0888 E0.03913 F2400
G1 X133.5541 Y103.0448 Z1.0900 E0.03687 F2400
G1 X133.7290 Y103.6391 Z1.0913 E0.03477 F2400
G1 X133.9392 Y104.1878 Z1.0925 E0.03298 F2400
G1 X134.1910 Y104.6926 Z1.0938 E0.03166 F2400
G1 X134.4894 Y105.1565 Z1.0950 E0.03096 F2400
G1 X134.8384 Y105.5837 Z1.0962 E0.03096 F2400
G1 X135.2407 Y105.9791 Z1.0975 E0.03166 F2400
G1 X135.6975 Y106.3486 Z1.0987 E0.03298 F2400
G1 X136.2086 Y106.6986 Z1.1000 E0.03477 F2400
G1 X136.7724 Y107.0360 Z1.1012 E0.03687 F2400
G1 X137.3855 Y107.3678 Z1.1025 E0.03913 F2400
G1 X138.0434 Y107.7013 Z1.1038 E0.04140 F2400
G1 X138.7399 Y108.0434 Z1.1050 E0.04356 F2400
G1 X139.4679 Y108.4006 Z1.1062 E0.04551 F2400
G1 X140.2190 Y108.7790 Z1.1075 E0.04720 F2400
G1 X140.9837 Y109.1840 Z1.1087 E0.04857 F2400
G1 X141.7519 Y109.6201 Z1.1100 E0.04958 F2400
G1 X142.5131 Y110.0908 Z1.1113 E0.05023 F2400
G1 X143.2561 Y110.5987 Z1.1125 E0.05051 F2400
G1 X143.9699 Y111.1451 Z1.1138 E0.05046 F2400
G1 X144.6436 Y111.7305 Z1.1150 E0.05009 F2400
G1 X145.2666 Y112.3538 Z1.1162 E0.04946 F2400
G1 X145.8289 Y113.0131 Z1.1175 E0.04864 F2400
G1 X146.3214 Y113.7056 Z1.1187 E0.04769 F2400
G1 X146.7361 Y114.4272 Z1.1200 E0.04671 F2400
G1 X147.0660 Y115.1731 Z1.1212 E0.04578 F2400
G1 X147.3058 Y115.9379 Z1.1225 E0.04499 F2400
G1 X147.4512 Y116.7157 Z1.1237 E0.04441 F2400
G1 X147.5000 Y117.5000 Z1.1250 E0.04411 F2400
; loop fabric (57 rows x 24 stitches, dip stitch)
G1 X147.5118 Y116.9761 Z1.5514 E0.06067 F600
G1 X147.5826 Y116.7663 Z1.4050 E0.02384 F600
G1 X147.7378 Y117.1042 Z1.2050 E0.03791 F600
G1 X147.8486 Y118.0843 Z1.0050 E0.09038 F600
G1 X147.6216 Y119.6063 Z0.8586 E0.13882 F600
G1 X146.8171 Y121.3597 Z0.8050 E0.17330 F600
G1 X145.5231 Y122.9471 Z0.8586 E0.18398 F600
G1 X144.1484 Y124.0934 Z1.0050 E0.16127 F600
G1 X143.1282 Y124.7279 Z1.2050 E0.10938 F600
G1 X142.6847 Y124.9109 Z1.4050 E0.04668 F600
G1 X142.7955 Y124.7534 Z1.5514 E0.02173 F600
G1 X143.2561 Y124.4013 Z1.6050 E0.05228 F600
G1 X143.7684 Y124.0495 Z1.5514 E0.05602 F600
G1 X144.0436 Y123.9230 Z1.4050 E0.03021 F600
G1 X143.8597 Y124.1945 Z1.2050 E0.03450 F600
G1 X143.0723 Y124.8825 Z1.0050 E0.09560 F600
G1 X141.6810 Y125.8262 Z0.8586 E0.15155 F600
G1 X139.9299 Y126.7908 Z0.8050 E0.17960 F600
G1 X138.2387 Y127.6150 Z0.8586 E0.16901 F600
G1 X136.9465 Y128.2338 Z1.0050 E0.12934 F600
G1 X136.1612 Y128.6023 Z1.2050 E0.07994 F600
G1 X135.8375 Y128.6920 Z1.4050 E0.03511 F600
G1 X135.8906 Y128.5502 Z1.5514 E0.01892 F600
G1 X136.2086 Y128.3014 Z1.6050 E0.03658 F600
G1 X136.6081 Y128.0918 Z1.5514 E0.04080 F600
G1 X136.8418 Y128.0468 Z1.4050 E0.02510 F600
G1 X136.7022 Y128.2538 Z1.2050 E0.02873 F600
G1 X136.1487 Y128.7509 Z1.0050 E0.06919 F600
G1 X135.3532 Y129.5421 Z0.8586 E0.10161 F600
G1 X134.5876 Y130.6118 Z0.8050 E0.11822 F600
G1 X134.0192 Y131.8599 Z0.8586 E0.12325 F600
G1 X133.6425 Y133.0328 Z1.0050 E0.11140 F600
G1 X133.3977 Y133.8195 Z1.2050 E0.07614 F600
G1 X133.2611 Y134.0492 Z1.4050 E0.02997 F600
G1 X133.2277 Y133.7865 Z1.5514 E0.02717 F600
G1 X133.2812 Y133.2812 Z1.6050 E0.04588 F600
G1 X133.3876 Y132.8424 Z1.5514 E0.04083 F600
G1 X133.4887 Y132.7274 Z1.4050 E0.01903 F600
G1 X133.5213 Y133.1073 Z1.2050 E0.03867 F600
G1 X133.4568 Y134.0832 Z1.0050 E0.08965 F600
G1 X133.2879 Y135.6619 Z0.8586 E0.14318 F600
G1 X132.9702 Y137.6612 Z0.8050 E0.18186 F600
G1 X132.4572 Y139.6750 Z0.8586 E0.18668 F600
G1 X131.8299 Y141.2522 Z1.0050 E0.15299 F600
G1 X131.3036 Y142.1481 Z1.2050 E0.09502 F600
G1 X131.0637 Y142.3746 Z1.4050 E0.03465 F600
G1 X131.1302 Y142.0896 Z1.5514 E0.02939 F600
G1 X131.3750 Y141.5322 Z1.6050 E0.05488 F600
G1 X131.6302 Y141.0166 Z1.5514 E0.05189 F600
G1 X131.7663 Y140.8746 Z1.4050 E0.02202 F600
G1 X131.6834 Y141.3402 Z1.2050 E0.04611 F600
G1 X131.2670 Y142.4419 Z1.0050 E0.10728 F600
G1 X130.3941 Y143.9369 Z0.8586 E0.15602 F600
G1 X129.0408 Y145.3619 Z0.8050 E0.17655 F600
G1 X127.4133 Y146.2905 Z0.8586 E0.16833 F600
G1 X125.9078 Y146.6241 Z1.0050 E0.13910 F600
G1 X124.8874 Y146.5878 Z1.2050 E0.09344 F600
G1 X124.5082 Y146.4619 Z1.4050 E0.04012 F600
G1 X124.7001 Y146.3780 Z1.5514 E0.02295 F600
G1 X125.2249 Y146.3297 Z1.6050 E0.04757 F600
G1 X125.7595 Y146.3043 Z1.5514 E0.04830 F600
G1 X125.9917 Y146.3576 Z1.4050 E0.02511 F600
G1 X125.6876 Y146.5311 Z1.2050 E0.03621 F600
G1 X124.7269 Y146.7089 Z1.0050 E0.08956 F600
G1 X123.1580 Y146.6079 Z0.8586 E0.14179 F600
G1 X121.2512 Y145.9936 Z0.8050 E0.17996 F600
G1 X119.4187 Y144.9386 Z0.8586 E0.18995 F600
G1 X118.0064 Y143.8026 Z1.0050 E0.16330 F600
G1 X117.1668 Y142.9535 Z1.2050 E0.10872 F600
G1 X116.8886 Y142.5703 Z1.4050 E0.04617 F600
G1 X117.0612 Y142.6375 Z1.5514 E0.02121 F600
G1 X117.5000 Y143.0000 Z1.6050 E0.05134 F600
G1 X117.9525 Y143.4217 Z1.5514 E0.05575 F600
G1 X118.1381 Y143.6645 Z1.4050 E0.03043 F600
G1 X117.8409 Y143.5421 Z1.2050 E0.03400 F600
G1 X117.0103 Y142.9379 Z1.0050 E0.09397 F600
G1 X115.7960 Y141.8679 Z0.8586 E0.14593 F600
G1 X114.4639 Y140.5616 Z0.8050 E0.16762 F600
G1 X113.2487 Y139.3710 Z0.8586 E0.15285 F600
G1 X112.2976 Y138.5263 Z1.0050 E0.11498 F600
G1 X111.7084 Y138.0354 Z1.2050 E0.07118 F600
G1 X111.5242 Y137.8080 Z1.4050 E0.03184 F600
G1 X111.6835 Y137.7844 Z1.5514 E0.01955 F600
G1 X112.0251 Y137.9326 Z1.6050 E0.03378 F600
G1 X112.3459 Y138.1720 Z1.5514 E0.03627 F600
G1 X112.4546 Y138.3505 Z1.4050 E0.02291 F600
G1 X112.2105 Y138.3276 Z1.2050 E0.02842 F600
G1 X111.5543 Y138.0955 Z1.0050 E0.06503 F600
G1 X110.5056 Y137.8132 Z0.8586 E0.09841 F600
G1 X109.1412 Y137.6799 Z0.8050 E0.12320 F600
G1 X107.6282 Y137.7402 Z0.8586 E0.13607 F600
G1 X106.2594 Y137.8647 Z1.0050 E0.12412 F600
G1 X105.3518 Y137.9192 Z1.2050 E0.08360 F600
G1 X105.0668 Y137.8712 Z1.4050 E0.03157 F600
G1 X105.3288 Y137.7563 Z1.5514 E0.02886 F600
G1 X105.8750 Y137.6351 Z1.6050 E0.05048 F600
G1 X106.3725 Y137.5746 Z1.5514 E0.04526 F600
G1 X106.5285 Y137.6208 Z1.4050 E0.01966 F600
G1 X106.1396 Y137.7855 Z1.2050 E0.04196 F600
G1 X105.0970 Y138.0583 Z1.0050 E0.09843 F600
G1 X103.4167 Y138.3794 Z0.8586 E0.15419 F600
G1 X101.3146 Y138.5932 Z0.8050 E0.18980 F600
G1 X99.2168 Y138.5325 Z0.8586 E0.18853 F600
G1 X97.5751 Y138.2071 Z1.0050 E0.15086 F600
G1 X96.6318 Y137.8289 Z1.2050 E0.09302 F600
G1 X96.3767 Y137.6175 Z1.4050 E0.03475 F600
G1 X96.6530 Y137.6317 Z1.5514 E0.02811 F600
G1 X97.2188 Y137.7812 Z1.6050 E0.05277 F600
G1 X97.7536 Y137.9480 Z1.5514 E0.05054 F600
G1 X97.9163 Y138.0629 Z1.4050 E0.02220 F600
G1 X97.4615 Y138.0701 Z1.2050 E0.04462 F600
G1 X96.3522 Y137.8489 Z1.0050 E0.10315 F600
G1 X94.8248 Y137.2112 Z0.8586 E0.14922 F600
G1 X93.3333 Y136.0438 Z0.8050 E0.17016 F600
G1 X92.2988 Y134.4984 Z0.8586 E0.16707 F600
G1 X91.8382 Y132.9819 Z1.0050 E0.14293 F600
G1 X91.7687 Y131.9102 Z1.2050 E0.09810 F600
G1 X91.8464 Y131.4884 Z1.4050 E0.04250 F600
G1 X91.9439 Y131.6660 Z1.5514 E0.02244 F600
G1 X92.0414 Y132.1986 Z1.6050 E0.04886 F600
G1 X92.1177 Y132.7512 Z1.5514 E0.05033 F600
G1 X92.0917 Y133.0075 Z1.4050 E0.02661 F600
G1 X91.9018 Y132.7293 Z1.2050 E0.03518 F600
G1 X91.6399 Y131.7738 Z1.0050 E0.09077 F600
G1 X91.5617 Y130.1510 Z0.8586 E0.14650 F600
G1 X91.8881 Y128.1088 Z0.8050 E0.18579 F600
G1 X92.5774 Y126.0816 Z0.8586 E0.19234 F600
G1 X93.3527 Y124.4711 Z1.0050 E0.16105 F600
G1 X93.9443 Y123.4824 Z1.2050 E0.10501 F600
G1 X94.2312 Y123.1305 Z1.4050 E0.04455 F600
G1 X94.2183 Y123.3048 Z1.5514 E0.02047 F600
G1 X93.9939 Y123.7984 Z1.6050 E0.04894 F600
G1 X93.7068 Y124.3226 Z1.5514 E0.05388 F600
G1 X93.5191 Y124.5567 Z1.4050 E0.02998 F600
G1 X93.5617 Y124.2513 Z1.2050 E0.03300 F600
G1 X93.9132 Y123.3359 Z1.0050 E0.08987 F600
G1 X94.5442 Y121.9621 Z0.8586 E0.13639 F600
G1 X95.2620 Y120.4277 Z0.8050 E0.15220 F600
G1 X95.8151 Y119.0164 Z0.8586 E0.13621 F600
G1 X96.1081 Y117.9118 Z1.0050 E0.10346 F600
G1 X96.2422 Y117.2217 Z1.2050 E0.06564 F600
G1 X96.3479 Y116.9841 Z1.4050 E0.02946 F600
G1 X96.4526 Y117.1326 Z1.5514 E0.02095 F600
G1 X96.5000 Y117.5000 Z1.6050 E0.03361 F600
G1 X96.4526 Y117.8674 Z1.5514 E0.03361 F600
G1 X96.3479 Y118.0159 Z1.4050 E0.02095 F600
G1 X96.2422 Y117.7783 Z1.2050 E0.02946 F600
G1 X96.1081 Y117.0882 Z1.0050 E0.06564 F600
G1 X95.8151 Y115.9836 Z0.8586 E0.10346 F600
G1 X95.2620 Y114.5723 Z0.8050 E0.13621 F600
G1 X94.5442 Y113.0379 Z0.8586 E0.15220 F600
G1 X93.9132 Y111.6641 Z1.0050 E0.13639 F600
G1 X93.5617 Y110.7487 Z1.2050 E0.08987 F600
G1 X93.5191 Y110.4433 Z1.4050 E0.03300 F600
G1 X93.7068 Y110.6774 Z1.5514 E0.02998 F600
G1 X93.9939 Y111.2016 Z1.6050 E0.05388 F600
G1 X94.2183 Y111.6952 Z1.5514 E0.04894 F600
G1 X94.2312 Y111.8695 Z1.4050 E0.02047 F600
G1 X93.9443 Y111.5176 Z1.2050 E0.04455 F600
G1 X93.3527 Y110.5289 Z1.0050 E0.10501 F600
G1 X92.5774 Y108.9184 Z0.8586 E0.16105 F600
G1 X91.8881 Y106.8912 Z0.8050 E0.19234 F600
G1 X91.5617 Y104.8490 Z0.8586 E0.18579 F600
G1 X91.6399 Y103.2262 Z1.0050 E0.14650 F600
G1 X91.9018 Y102.2707 Z1.2050 E0.09077 F600
G1 X92.0917 Y101.9925 Z1.4050 E0.03518 F600
G1 X92.1177 Y102.2488 Z1.5514 E0.02661 F600
G1 X92.0414 Y102.8014 Z1.6050 E0.05033 F600
G1 X91.9439 Y103.3340 Z1.5514 E0.04886 F600
G1 X91.8464 Y103.5116 Z1.4050 E0.02244 F600
G1 X91.7687 Y103.0898 Z1.2050 E0.04250 F600
G1 X91.8382 Y102.0181 Z1.0050 E0.09810 F600
G1 X92.2988 Y100.5016 Z0.8586 E0.14293 F600
G1 X93.3333 Y98.9562 Z0.8050 E0.16707 F600
G1 X94.8248 Y97.7888 Z0.8586 E0.17016 F600
G1 X96.3522 Y97.1511 Z1.0050 E0.14922 F600
G1 X97.4615 Y96.9299 Z1.2050 E0.10315 F600
G1 X97.9163 Y96.9371 Z1.4050 E0.04462 F600
G1 X97.7536 Y97.0520 Z1.5514 E0.02220 F600
G1 X97.2188 Y97.2188 Z1.6050 E0.05054 F600
G1 X96.6530 Y97.3683 Z1.5514 E0.05277 F600
G1 X96.3767 Y97.3825 Z1.4050 E0.02811 F600
G1 X96.6318 Y97.1711 Z1.2050 E0.03475 F600
G1 X97.5751 Y96.7929 Z1.0050 E0.09302 F600
G1 X99.2168 Y96.4675 Z0.8586 E0.15086 F600
G1 X101.3146 Y96.4068 Z0.8050 E0.18853 F600
G1 X103.4167 Y96.6206 Z0.8586 E0.18980 F600
G1 X105.0970 Y96.9417 Z1.0050 E0.15419 F600
G1 X106.1396 Y97.2145 Z1.2050 E0.09843 F600
G1 X106.5285 Y97.3792 Z1.4050 E0.04196 F600
G1 X106.3725 Y97.4254 Z1.5514 E0.01966 F600
G1 X105.8750 Y97.3649 Z1.6050 E0.04526 F600
G1 X105.3288 Y97.2437 Z1.5514 E0.05048 F600
G1 X105.0668 Y97.1288 Z1.4050 E0.02886 F600
G1 X105.3518 Y97.0808 Z1.2050 E0.03157 F600
G1 X106.2594 Y97.1353 Z1.0050 E0.08360 F600
G1 X107.6282 Y97.2598 Z0.8586 E0.12412 F600
G1 X109.1412 Y97.3201 Z0.8050 E0.13607 F600
G1 X110.5056 Y97.1868 Z0.8586 E0.12320 F600
G1 X111.5543 Y96.9045 Z1.0050 E0.09841 F600
G1 X112.2105 Y96.6724 Z1.2050 E0.06503 F600
G1 X112.4546 Y96.6495 Z1.4050 E0.02842 F600
G1 X112.3459 Y96.8280 Z1.5514 E0.02291 F600
G1 X112.0251 Y97.0674 Z1.6050 E0.03627 F600
G1 X111.6835 Y97.2156 Z1.5514 E0.03378 F600
G1 X111.5242 Y97.1920 Z1.4050 E0.01955 F600
G1 X111.7084 Y96.9646 Z1.2050 E0.03184 F600
G1 X112.2976 Y96.4737 Z1.0050 E0.07118 F600
G1 X113.2487 Y95.6290 Z0.8586 E0.11498 F600
G1 X114.4639 Y94.4384 Z0.8050 E0.15285 F600
G1 X115.7960 Y93.1321 Z0.8586 E0.16762 F600
G1 X117.0103 Y92.0621 Z1.0050 E0.14593 F600
G1 X117.8409 Y91.4579 Z1.2050 E0.09397 F600
G1 X118.1381 Y91.3355 Z1.4050 E0.03400 F600
G1 X117.9525 Y91.5783 Z1.5514 E0.03043 F600
G1 X117.5000 Y92.0000 Z1.6050 E0.05575 F600
G1 X117.0612 Y92.3625 Z1.5514 E0.05134 F600
G1 X116.8886 Y92.4297 Z1.4050 E0.02121 F600
G1 X117.1668 Y92.0465 Z1.2050 E0.04617 F600
G1 X118.0064 Y91.1974 Z1.0050 E0.10872 F600
G1 X119.4187 Y90.0614 Z0.8586 E0.16330 F600
G1 X121.2512 Y89.0064 Z0.8050 E0.18995 F600
G1 X123.1580 Y88.3921 Z0.8586 E0.17996 F600
G1 X124.7269 Y88.2911 Z1.0050 E0.14179 F600
G1 X125.6876 Y88.4689 Z1.2050 E0.08956 F600
G1 X125.9917 Y88.6424 Z1.4050 E0.03621 F600
G1 X125.7595 Y88.6957 Z1.5514 E0.02511 F600
G1 X125.2249 Y88.6703 Z1.6050 E0.04830 F600
G1 X124.7001 Y88.6220 Z1.5514 E0.04757 F600
G1 X124.5082 Y88.5381 Z1.4050 E0.02295 F600
G1 X124.8874 Y88.4122 Z1.2050 E0.04012 F600
G1 X125.9078 Y88.3759 Z1.0050 E0.09344 F600
G1 X127.4133 Y88.7095 Z0.8586 E0.13910 F600
G1 X129.0408 Y89.6381 Z0.8050 E0.16833 F600
G1 X130.3941 Y91.0631 Z0.8586 E0.17655 F600
G1 X131.2670 Y92.5581 Z1.0050 E0.15602 F600
G1 X131.6834 Y93.6598 Z1.2050 E0.10728 F600
G1 X131.7663 Y94.1254 Z1.4050 E0.04611 F600
G1 X131.6302 Y93.9834 Z1.5514 E0.02202 F600
G1 X131.3750 Y93.4678 Z1.6050 E0.05189 F600
G1 X131.1302 Y92.9104 Z1.5514 E0.05488 F600
G1 X131.0637 Y92.6254 Z1.4050 E0.02939 F600
G1 X131.3036 Y92.8519 Z1.2050 E0.03465 F600
G1 X131.8299 Y93.7478 Z1.0050 E0.09502 F600
G1 X132.4572 Y95.3250 Z0.8586 E0.15299 F600
G1 X132.9702 Y97.3388 Z0.8050 E0.18668 F600
G1 X133.2879 Y99.3381 Z0.8586 E0.18186 F600
G1 X133.4568 Y100.9168 Z1.0050 E0.14318 F600
G1 X133.5213 Y101.8927 Z1.2050 E0.08965 F600
G1 X133.4887 Y102.2726 Z1.4050 E0.03867 F600
G1 X133.3876 Y102.1576 Z1.5514 E0.01903 F600
G1 X133.2812 Y101.7188 Z1.6050 E0.04083 F600
G1 X133.2277 Y101.2135 Z1.5514 E0.04588 F600
G1 X133.2611 Y100.9508 Z1.4050 E0.02717 F600
G1 X133.3977 Y101.1805 Z1.2050 E0.02997 F600
G1 X133.6425 Y101.9672 Z1.0050 E0.07614 F600
G1 X134.0192 Y103.1401 Z0.8586 E0.11140 F600
G1 X134.5876 Y104.3882 Z0.8050 E0.12325 F600
G1 X135.3532 Y105.4579 Z0.8586 E0.11822 F600
G1 X136.1487 Y106.2491 Z1.0050 E0.10161 F600
G1 X136.7022 Y106.7462 Z1.2050 E0.06919 F600
G1 X136.8418 Y106.9532 Z1.4050 E0.02873 F600
G1 X136.6081 Y106.9082 Z1.5514 E0.02510 F600
G1 X136.2086 Y106.6986 Z1.6050 E0.04080 F600
G1 X135.8906 Y106.4498 Z1.5514 E0.03658 F600
G1 X135.8375 Y106.3080 Z1.4050 E0.01892 F600
G1 X136.1612 Y106.3977 Z1.2050 E0.03511 F600
G1 X136.9465 Y106.7662 Z1.0050 E0.07994 F600
G1 X138.2387 Y107.3850 Z0.8586 E0.12934 F600
G1 X139.9299 Y108.2092 Z0.8050 E0.16901 F600
G1 X141.6810 Y109.1738 Z0.8586 E0.17960 F600
G1 X143.0723 Y110.1175 Z1.0050 E0.15155 F600
G1 X143.8597 Y110.8055 Z1.2050 E0.09560 F600
G1 X144.0436 Y111.0770 Z1.4050 E0.03450 F600
G1 X143.7684 Y110.9505 Z1.5514 E0.03021 F600
G1 X143.2561 Y110.5987 Z1.6050 E0.05602 F600
G1 X142.7955 Y110.2466 Z1.5514 E0.05228 F600
G1 X142.6847 Y110.0891 Z1.4050 E0.02173 F600
G1 X143.1282 Y110.2721 Z1.2050 E0.04668 F600
G1 X144.1484 Y110.9066 Z1.0050 E0.10938 F600
G1 X145.5231 Y112.0529 Z0.8586 E0.16127 F600
G1 X146.8171 Y113.6403 Z0.8050 E0.18398 F600
G1 X147.6216 Y115.3937 Z0.8586 E0.17330 F600
G1 X147.8486 Y116.9157 Z1.0050 E0.13882 F600
G1 X147.7378 Y117.8958 Z1.2050 E0.09038 F600
G1 X147.5826 Y118.2337 Z1.4050 E0.03791 F600
G1 X147.5118 Y118.0239 Z1.5514 E0.02384 F600
G1 X147.5000 Y117.5000 Z1.6050 E0.04730 F600
; row 1/57
G1 X146.6402 Y120.8201 Z2.0514 E0.31059 F600
G1 X146.8346 Y120.6365 Z1.9050 E0.02738 F600
G1 X146.7872 Y120.9664 Z1.7050 E0.03491 F600
G1 X146.3372 Y121.8627 Z1.5050 E0.09184 F600
G1 X145.3145 Y123.1589 Z1.3586 E0.14885 F600
G1 X143.7391 Y124.5307 Z1.3050 E0.18766 F600
G1 X141.9385 Y125.6770 Z1.3586 E0.19174 F600
G1 X140.3676 Y126.4604 Z1.5050 E0.15819 F600
G1 X139.3302 Y126.8790 Z1.7050 E0.10205 F600
G1 X138.9032 Y126.9833 Z1.9050 E0.04336 F600
G1 X139.0102 Y126.8529 Z2.0514 E0.02006 F600
G1 X139.4679 Y126.5994 Z2.1050 E0.04723 F600
G1 X139.9978 Y126.3621 Z2.0514 E0.05236 F600
G1 X140.2835 Y126.2928 Z1.9050 E0.02950 F600
G1 X140.0733 Y126.5059 Z1.7050 E0.03233 F600
G1 X139.2736 Y127.0139 Z1.5050 E0.08697 F600
G1 X138.0176 Y127.7297 Z1.3586 E0.13048 F600
G1 X136.6417 Y128.5514 Z1.3050 E0.14400 F600
G1 X135.4896 Y129.4070 Z1.3586 E0.12896 F600
G1 X134.7074 Y130.1851 Z1.5050 E0.09994 F600
G1 X134.2559 Y130.7093 Z1.7050 E0.06468 F600
G1 X134.0524 Y130.8547 Z1.9050 E0.02876 F600
G1 X134.0445 Y130.6601 Z2.0514 E0.02188 F600
G1 X134.1910 Y130.3074 Z2.1050 E0.03463 F600
G1 X134.4114 Y130.0137 Z2.0514 E0.03332 F600
G1 X134.5683 Y129.9477 Z1.9050 E0.02017 F600
G1 X134.5344 Y130.2202 Z1.7050 E0.03050 F600
G1 X134.2947 Y130.9084 Z1.5050 E0.06787 F600
G1 X133.9583 Y132.0610 Z1.3586 E0.10863 F600
G1 X133.6348 Y133.6348 Z1.3050 E0.14436 F600
G1 X133.3291 Y135.3915 Z1.3586 E0.16020 F600
G1 X133.0116 Y136.9291 Z1.5050 E0.14160 F600
G1 X132.7308 Y137.8965 Z1.7050 E0.09223 F600
G1 X132.5754 Y138.1713 Z1.9050 E0.03356 F600
G1 X132.5711 Y137.8675 Z2.0514 E0.03029 F600
G1 X132.6658 Y137.2645 Z2.1050 E0.05502 F600
G1 X132.7887 Y136.7205 Z2.0514 E0.05032 F600
G1 X132.8837 Y136.5673 Z1.9050 E0.02086 F600
G1 X132.8982 Y137.0325 Z1.7050 E0.04549 F600
G1 X132.7611 Y138.2019 Z1.5050 E0.10725 F600
G1 X132.3694 Y139.9653 Z1.3586 E0.16275 F600
G1 X131.6250 Y141.9652 Z1.3050 E0.19170 F600
G1 X130.5666 Y143.7075 Z1.3586 E0.18313 F600
G1 X129.4509 Y144.8507 Z1.5050 E0.14405 F600
G1 X128.6209 Y145.3747 Z1.7050 E0.08996 F600
G1 X128.2873 Y145.4517 Z1.9050 E0.03561 F600
G1 X128.4310 Y145.2499 Z2.0514 E0.02584 F600
G1 X128.8494 Y144.8999 Z2.1050 E0.04922 F600
G1 X129.2731 Y144.5762 Z2.0514 E0.04812 F600
G1 X129.4674 Y144.5096 Z1.9050 E0.02265 F600
G1 X129.2578 Y144.8670 Z1.7050 E0.04132 F600
G1 X128.5101 Y145.5986 Z1.5050 E0.09564 F600
G1 X127.1658 Y146.3880 Z1.3586 E0.14061 F600
G1 X125.3543 Y146.8126 Z1.3050 E0.16716 F600
G1 X123.4335 Y146.6643 Z1.3586 E0.17307 F600
G1 X121.8297 Y146.1192 Z1.5050 E0.15269 F600
G1 X120.8204 Y145.5542 Z1.7050 E0.10541 F600
G1 X120.4672 Y145.2517 Z1.9050 E0.04546 F600
G1 X120.6642 Y145.2717 Z2.0514 E0.02211 F600
G1 X121.1860 Y145.4978 Z2.1050 E0.05130 F600
G1 X121.7235 Y145.7598 Z2.0514 E0.05391 F600
G1 X121.9509 Y145.9320 Z1.9050 E0.02879 F600
G1 X121.6207 Y145.9199 Z1.7050 E0.03468 F600
G1 X120.6486 Y145.5827 Z1.5050 E0.09413 F600
G1 X119.1678 Y144.7687 Z1.3586 E0.15231 F600
G1 X117.5000 Y143.5000 Z1.3050 E0.18825 F600
G1 X115.9974 Y142.0674 Z1.3586 E0.18650 F600
G1 X114.8826 Y140.8451 Z1.5050 E0.14915 F600
G1 X114.2308 Y140.0472 Z1.7050 E0.09425 F600
G1 X114.0245 Y139.7013 Z1.9050 E0.04038 F600
G1 X114.1753 Y139.7463 Z2.0514 E0.01930 F600
G1 X114.5291 Y140.0659 Z2.1050 E0.04309 F600
G1 X114.8832 Y140.4671 Z2.0514 E0.04829 F600
G1 X115.0186 Y140.7078 Z1.9050 E0.02807 F600
G1 X114.7673 Y140.5888 Z1.7050 E0.03076 F600
G1 X114.0887 Y140.0486 Z1.5050 E0.07993 F600
G1 X113.0798 Y139.2262 Z1.3586 E0.11763 F600
G1 X111.8957 Y138.4155 Z1.3050 E0.12895 F600
G1 X110.6872 Y137.8613 Z1.3586 E0.11949 F600
G1 X109.6301 Y137.5845 Z1.5050 E0.09900 F600
G1 X108.9285 Y137.4507 Z1.7050 E0.06661 F600
G1 X108.7063 Y137.3469 Z1.9050 E0.02842 F600
G1 X108.9102 Y137.2553 Z2.0514 E0.02400 F600
G1 X109.3326 Y137.2179 Z2.1050 E0.03838 F600
G1 X109.7149 Y137.2637 Z2.0514 E0.03491 F600
G1 X109.8350 Y137.3612 Z1.9050 E0.01913 F600
G1 X109.5372 Y137.4590 Z1.7050 E0.03340 F600
G1 X108.7304 Y137.5700 Z1.5050 E0.07530 F600
G1 X107.3942 Y137.7692 Z1.3586 E0.12204 F600
G1 X105.6250 Y138.0681 Z1.3050 E0.16120 F600
G1 X103.7057 Y138.3409 Z1.3586 E0.17416 F600
G1 X102.0538 Y138.4529 Z1.5050 E0.14926 F600
G1 X101.0148 Y138.4113 Z1.7050 E0.09509 F600
G1 X100.7027 Y138.3193 Z1.9050 E0.03430 F600
G1 X100.9987 Y138.2450 Z2.0514 E0.03040 F600
G1 X101.6190 Y138.1965 Z2.1050 E0.05608 F600
G1 X102.1953 Y138.1831 Z2.0514 E0.05199 F600
G1 X102.3770 Y138.2366 Z1.9050 E0.02150 F600
G1 X101.9170 Y138.3681 Z1.7050 E0.04656 F600
G1 X100.7238 Y138.5130 Z1.5050 E0.10942 F600
G1 X98.9172 Y138.5040 Z1.3586 E0.16277 F600
G1 X96.8652 Y138.1348 Z1.3050 E0.18730 F600
G1 X95.0627 Y137.3508 Z1.3586 E0.17658 F600
G1 X93.8526 Y136.3794 Z1.5050 E0.13997 F600
G1 X93.2698 Y135.5936 Z1.7050 E0.08968 F600
G1 X93.1603 Y135.2507 Z1.9050 E0.03698 F600
G1 X93.3608 Y135.3621 Z2.0514 E0.02443 F600
G1 X93.7299 Y135.7394 Z2.1050 E0.04765 F600
G1 X94.0790 Y136.1299 Z2.0514 E0.04728 F600
G1 X94.1658 Y136.3264 Z1.9050 E0.02334 F600
G1 X93.8121 Y136.1741 Z1.7050 E0.03897 F600
G1 X93.0526 Y135.5223 Z1.5050 E0.09165 F600
G1 X92.1834 Y134.2567 Z1.3586 E0.13850 F600
G1 X91.6083 Y132.4486 Z1.3050 E0.17046 F600
G1 X91.5409 Y130.4427 Z1.3586 E0.18030 F600
G1 X91.8528 Y128.7065 Z1.5050 E0.15896 F600
G1 X92.2397 Y127.5779 Z1.7050 E0.10864 F600
G1 X92.4706 Y127.1595 Z1.9050 E0.04652 F600
G1 X92.4842 Y127.3540 Z2.0514 E0.02190 F600
G1 X92.3501 Y127.9174 Z2.1050 E0.05223 F600
G1 X92.1787 Y128.5100 Z2.0514 E0.05560 F600
G1 X92.0467 Y128.7778 Z1.9050 E0.02987 F600
G1 X92.0125 Y128.4503 Z1.7050 E0.03460 F600
G1 X92.1845 Y127.4196 Z1.5050 E0.09555 F600
G1 X92.6892 Y125.8016 Z1.3586 E0.15277 F600
G1 X93.5109 Y123.9279 Z1.3050 E0.18380 F600
G1 X94.4241 Y122.1948 Z1.3586 E0.17598 F600
G1 X95.1694 Y120.8783 Z1.5050 E0.13649 F600
G1 X95.6442 Y120.0868 Z1.7050 E0.08481 F600
G1 X95.8750 Y119.8121 Z1.9050 E0.03689 F600
G1 X95.9015 Y119.9608 Z2.0514 E0.01889 F600
G1 X95.7577 Y120.3624 Z2.1050 E0.03861 F600
G1 X95.5283 Y120.7837 Z2.0514 E0.04335 F600
G1 X95.3551 Y120.9667 Z1.9050 E0.02616 F600
G1 X95.3647 Y120.7095 Z1.7050 E0.02927 F600
G1 X95.5792 Y119.9577 Z1.5050 E0.07246 F600
G1 X95.8656 Y118.8232 Z1.3586 E0.10590 F600
G1 X96.0000 Y117.5000 Z1.3050 E0.11954 F600
G1 X95.8656 Y116.1768 Z1.3586 E0.11954 F600
G1 X95.5792 Y115.0423 Z1.5050 E0.10590 F600
G1 X95.3647 Y114.2905 Z1.7050 E0.07246 F600
G1 X95.3551 Y114.0333 Z1.9050 E0.02927 F600
G1 X95.5283 Y114.2163 Z2.0514 E0.02616 F600
G1 X95.7577 Y114.6376 Z2.1050 E0.04335 F600
G1 X95.9015 Y115.0392 Z2.0514 E0.03861 F600
G1 X95.8750 Y115.1879 Z1.9050 E0.01889 F600
G1 X95.6442 Y114.9132 Z1.7050 E0.03689 F600
G1 X95.1694 Y114.1217 Z1.5050 E0.08481 F600
G1 X94.4241 Y112.8052 Z1.3586 E0.13649 F600
G1 X93.5109 Y111.0721 Z1.3050 E0.17598 F600
G1 X92.6892 Y109.1984 Z1.3586 E0.18380 F600
G1 X92.1845 Y107.5804 Z1.5050 E0.15277 F600
G1 X92.0125 Y106.5497 Z1.7050 E0.09555 F600
G1 X92.0467 Y106.2222 Z1.9050 E0.03460 F600
G1 X92.1787 Y106.4900 Z2.0514 E0.02987 F600
G1 X92.3501 Y107.0826 Z2.1050 E0.05560 F600
G1 X92.4842 Y107.6460 Z2.0514 E0.05223 F600
G1 X92.4706 Y107.8405 Z1.9050 E0.02190 F600
G1 X92.2397 Y107.4221 Z1.7050 E0.04652 F600
G1 X91.8528 Y106.2935 Z1.5050 E0.10864 F600
G1 X91.5409 Y104.5573 Z1.3586 E0.15896 F600
G1 X91.6083 Y102.5514 Z1.3050 E0.18030 F600
G1 X92.1834 Y100.7433 Z1.3586 E0.17046 F600
G1 X93.0526 Y99.4777 Z1.5050 E0.13850 F600
G1 X93.8121 Y98.8259 Z1.7050 E0.09165 F600
G1 X94.1658 Y98.6736 Z1.9050 E0.03897 F600
G1 X94.0790 Y98.8701 Z2.0514 E0.02334 F600
G1 X93.7299 Y99.2606 Z2.1050 E0.04728 F600
G1 X93.3608 Y99.6379 Z2.0514 E0.04765 F600
G1 X93.1603 Y99.7493 Z1.9050 E0.02443 F600
G1 X93.2698 Y99.4064 Z1.7050 E0.03698 F600
G1 X93.8526 Y98.6206 Z1.5050 E0.08968 F600
G1 X95.0627 Y97.6492 Z1.3586 E0.13997 F600
G1 X96.8652 Y96.8652 Z1.3050 E0.17658 F600
G1 X98.9172 Y96.4960 Z1.3586 E0.18730 F600
G1 X100.7238 Y96.4870 Z1.5050 E0.16277 F600
G1 X101.9170 Y96.6319 Z1.7050 E0.10942 F600
G1 X102.3770 Y96.7634 Z1.9050 E0.04656 F600
G1 X102.1953 Y96.8169 Z2.0514 E0.02150 F600
G1 X101.6190 Y96.8035 Z2.1050 E0.05199 F600
G1 X100.9987 Y96.7550 Z2.0514 E0.05608 F600
G1 X100.7027 Y96.6807 Z1.9050 E0.03040 F600
G1 X101.0148 Y96.5887 Z1.7050 E0.03430 F600
G1 X102.0538 Y96.5471 Z1.5050 E0.09509 F600
G1 X103.7057 Y96.6591 Z1.3586 E0.14926 F600
G1 X105.6250 Y96.9319 Z1.3050 E0.17416 F600
G1 X107.3942 Y97.2308 Z1.3586 E0.16120 F600
G1 X108.7304 Y97.4300 Z1.5050 E0.12204 F600
G1 X109.5372 Y97.5410 Z1.7050 E0.07530 F600
G1 X109.8350 Y97.6388 Z1.9050 E0.03340 F600
G1 X109.7149 Y97.7363 Z2.0514 E0.01913 F600
G1 X109.3326 Y97.7821 Z2.1050 E0.03491 F600
G1 X108.9102 Y97.7447 Z2.0514 E0.03838 F600
G1 X108.7063 Y97.6531 Z1.9050 E0.02400 F600
G1 X108.9285 Y97.5493 Z1.7050 E0.02842 F600
G1 X109.6301 Y97.4155 Z1.5050 E0.06661 F600
G1 X110.6872 Y97.1387 Z1.3586 E0.09900 F600
G1 X111.8957 Y96.5845 Z1.3050 E0.11949 F600
G1 X113.0798 Y95.7738 Z1.3586 E0.12895 F600
G1 X114.0887 Y94.9514 Z1.5050 E0.11763 F600
G1 X114.7673 Y94.4112 Z1.7050 E0.07993 F600
G1 X115.0186 Y94.2922 Z1.9050 E0.03076 F600
G1 X114.8832 Y94.5329 Z2.0514 E0.02807 F600
G1 X114.5291 Y94.9341 Z2.1050 E0.04829 F600
G1 X114.1753 Y95.2537 Z2.0514 E0.04309 F600
G1 X114.0245 Y95.2987 Z1.9050 E0.01930 F600
G1 X114.2308 Y94.9528 Z1.7050 E0.04038 F600
G1 X114.8826 Y94.1549 Z1.5050 E0.09425 F600
G1 X115.9974 Y92.9326 Z1.3586 E0.14915 F600
G1 X117.5000 Y91.5000 Z1.3050 E0.18650 F600
G1 X119.1678 Y90.2313 Z1.3586 E0.18825 F600
G1 X120.6486 Y89.4173 Z1.5050 E0.15231 F600
G1 X121.6207 Y89.0801 Z1.7050 E0.09413 F600
G1 X121.9509 Y89.0680 Z1.9050 E0.03468 F600
G1 X121.7235 Y89.2402 Z2.0514 E0.02879 F600
G1 X121.1860 Y89.5022 Z2.1050 E0.05391 F600
G1 X120.6642 Y89.7283 Z2.0514 E0.05130 F600
G1 X120.4672 Y89.7483 Z1.9050 E0.02211 F600
G1 X120.8204 Y89.4458 Z1.7050 E0.04546 F600
G1 X121.8297 Y88.8808 Z1.5050 E0.10541 F600
G1 X123.4335 Y88.3357 Z1.3586 E0.15269 F600
G1 X125.3543 Y88.1874 Z1.3050 E0.17307 F600
G1 X127.1658 Y88.6120 Z1.3586 E0.16716 F600
G1 X128.5101 Y89.4014 Z1.5050 E0.14061 F600
G1 X129.2578 Y90.1330 Z1.7050 E0.09564 F600
G1 X129.4674 Y90.4904 Z1.9050 E0.04132 F600
G1 X129.2731 Y90.4238 Z2.0514 E0.02265 F600
G1 X128.8494 Y90.1001 Z2.1050 E0.04812 F600
G1 X128.4310 Y89.7501 Z2.0514 E0.04922 F600
G1 X128.2873 Y89.5483 Z1.9050 E0.02584 F600
G1 X128.6209 Y89.6253 Z1.7050 E0.03561 F600
G1 X129.4509 Y90.1493 Z1.5050 E0.08996 F600
G1 X130.5666 Y91.2925 Z1.3586 E0.14405 F600
G1 X131.6250 Y93.0348 Z1.3050 E0.18313 F600
G1 X132.3694 Y95.0347 Z1.3586 E0.19170 F600
G1 X132.7611 Y96.7981 Z1.5050 E0.16275 F600
G1 X132.8982 Y97.9675 Z1.7050 E0.10725 F600
G1 X132.8837 Y98.4327 Z1.9050 E0.04549 F600
G1 X132.7887 Y98.2795 Z2.0514 E0.02086 F600
G1 X132.6658 Y97.7355 Z2.1050 E0.05032 F600
G1 X132.5711 Y97.1325 Z2.0514 E0.05502 F600
G1 X132.5754 Y96.8287 Z1.9050 E0.03029 F600
G1 X132.7308 Y97.1035 Z1.7050 E0.03356 F600
G1 X133.0116 Y98.0709 Z1.5050 E0.09223 F600
G1 X133.3291 Y99.6085 Z1.3586 E0.14160 F600
G1 X133.6348 Y101.3652 Z1.3050 E0.16020 F600
G1 X133.9583 Y102.9390 Z1.3586 E0.14436 F600
G1 X134.2947 Y104.0916 Z1.5050 E0.10863 F600
G1 X134.5344 Y104.7798 Z1.7050 E0.06787 F600
G1 X134.5683 Y105.0523 Z1.9050 E0.03050 F600
G1 X134.4114 Y104.9863 Z2.0514 E0.02017 F600
G1 X134.1910 Y104.6926 Z2.1050 E0.03332 F600
G1 X134.0445 Y104.3399 Z2.0514 E0.03463 F600
G1 X134.0524 Y104.1453 Z1.9050 E0.02188 F600
G1 X134.2559 Y104.2907 Z1.7050 E0.02876 F600
G1 X134.7074 Y104.8149 Z1.5050 E0.06468 F600
G1 X135.4896 Y105.5930 Z1.3586 E0.09994 F600
G1 X136.6417 Y106.4486 Z1.3050 E0.12896 F600
G1 X138.0176 Y107.2703 Z1.3586 E0.14400 F600
G1 X139.2736 Y107.9861 Z1.5050 E0.13048 F600
G1 X140.0733 Y108.4941 Z1.7050 E0.08697 F600
G1 X140.2835 Y108.7072 Z1.9050 E0.03233 F600
G1 X139.9978 Y108.6379 Z2.0514 E0.02950 F600
G1 X139.4679 Y108.4006 Z2.1050 E0.05236 F600
G1 X139.0102 Y108.1471 Z2.0514 E0.04723 F600
G1 X138.9032 Y108.0167 Z1.9050 E0.02006 F600
G1 X139.3302 Y108.1210 Z1.7050 E0.04336 F600
G1 X140.3676 Y108.5396 Z1.5050 E0.10205 F600
G1 X141.9385 Y109.3230 Z1.3586 E0.15819 F600
G1 X143.7391 Y110.4693 Z1.3050 E0.19174 F600
G1 X145.3145 Y111.8411 Z1.3586 E0.18766 F600
G1 X146.3372 Y113.1373 Z1.5050 E0.14885 F600
G1 X146.7872 Y114.0336 Z1.7050 E0.09184 F600
G1 X146.8346 Y114.3635 Z1.9050 E0.03491 F600
G1 X146.6402 Y114.1799 Z2.0514 E0.02738 F600
G1 X146.3214 Y113.7056 Z2.1050 E0.05155 F600
G1 X146.0343 Y113.2355 Z2.0514 E0.04970 F600
G1 X145.9885 Y113.0403 Z1.9050 E0.02230 F600
G1 X146.3318 Y113.3196 Z1.7050 E0.04361 F600
G1 X147.0069 Y114.1918 Z1.5050 E0.10066 F600
G1 X147.7018 Y115.6528 Z1.3586 E0.14588 F600
G1 X148.0000 Y117.5000 Z1.3050 E0.16810 F600
G1 X147.7018 Y119.3472 Z1.3586 E0.16810 F600
G1 X147.0069 Y120.8082 Z1.5050 E0.14588 F600
G1 X146.3318 Y121.6804 Z1.7050 E0.10066 F600
G1 X145.9885 Y121.9597 Z1.9050 E0.04361 F600
G1 X146.0343 Y121.7645 Z2.0514 E0.02230 F600
G1 X146.3214 Y121.2944 Z2.1050 E0.04970 F600
; row 2/57
G1 X147.5118 Y116.9761 Z2.5514 E0.40425 F600
G1 X147.5826 Y116.7663 Z2.4050 E0.02384 F600
G1 X147.7378 Y117.1042 Z2.2050 E0.03791 F600
G1 X147.8486 Y118.0843 Z2.0050 E0.09038 F600
G1 X147.6216 Y119.6063 Z1.8586 E0.13882 F600
G1 X146.8171 Y121.3597 Z1.8050 E0.17330 F600
G1 X145.5231 Y122.9471 Z1.8586 E0.18398 F600
G1 X144.1484 Y124.0934 Z2.0050 E0.16127 F600
G1 X143.1282 Y124.7279 Z2.2050 E0.10938 F600
G1 X142.6847 Y124.9109 Z2.4050 E0.04668 F600
G1 X142.7955 Y124.7534 Z2.5514 E0.02173 F600
G1 X143.2561 Y124.4013 Z2.6050 E0.05228 F600
G1 X143.7684 Y124.0495 Z2.5514 E0.05602 F600
G1 X144.0436 Y123.9230 Z2.4050 E0.03021 F600
G1 X143.8597 Y124.1945 Z2.2050 E0.03450 F600
G1 X143.0723 Y124.8825 Z2.0050 E0.09560 F600
G1 X141.6810 Y125.8262 Z1.8586 E0.15155 F600
G1 X139.9299 Y126.7908 Z1.8050 E0.17960 F600
G1 X138.2387 Y127.6150 Z1.8586 E0.16901 F600
G1 X136.9465 Y128.2338 Z2.0050 E0.12934 F600
G1 X136.1612 Y128.6023 Z2.2050 E0.07994 F600
G1 X135.8375 Y128.6920 Z2.4050 E0.03511 F600
G1 X135.8906 Y128.5502 Z2.5514 E0.01892 F600
G1 X136.2086 Y128.3014 Z2.6050 E0.03658 F600
G1 X136.6081 Y128.0918 Z2.5514 E0.04080 F600
G1 X136.8418 Y128.0468 Z2.4050 E0.02510 F600
G1 X136.7022 Y128.2538 Z2.2050 E0.02873 F600
G1 X136.1487 Y128.7509 Z2.0050 E0.06919 F600
G1 X135.3532 Y129.5421 Z1.8586 E0.10161 F600
G1 X134.5876 Y130.6118 Z1.8050 E0.11822 F600
G1 X134.0192 Y131.8599 Z1.8586 E0.12325 F600
G1 X133.6425 Y133.0328 Z2.0050 E0.11140 F600
G1 X133.3977 Y133.8195 Z2.2050 E0.07614 F600
G1 X133.2611 Y134.0492 Z2.4050 E0.02997 F600
G1 X133.2277 Y133.7865 Z2.5514 E0.02717 F600
G1 X133.2812 Y133.2812 Z2.6050 E0.04588 F600
G1 X133.3876 Y132.8424 Z2.5514 E0.04083 F600
G1 X133.4887 Y132.7274 Z2.4050 E0.01903 F600
G1 X133.5213 Y133.1073 Z2.2050 E0.03867 F600
G1 X133.4568 Y134.0832 Z2.0050 E0.08965 F600
G1 X133.2879 Y135.6619 Z1.8586 E0.14318 F600
G1 X132.9702 Y137.6612 Z1.8050 E0.18186 F600
G1 X132.4572 Y139.6750 Z1.8586 E0.18668 F600
G1 X131.8299 Y141.2522 Z2.0050 E0.15299 F600
G1 X131.3036 Y142.1481 Z2.2050 E0.09502 F600
G1 X131.0637 Y142.3746 Z2.4050 E0.03465 F600
G1 X131.1302 Y142.0896 Z2.5514 E0.02939 F600
G1 X131.3750 Y141.5322 Z2.6050 E0.05488 F600
G1 X131.6302 Y141.0166 Z2.5514 E0.05189 F600
G1 X131.7663 Y140.8746 Z2.4050 E0.02202 F600
G1 X131.6834 Y141.3402 Z2.2050 E0.04611 F600
G1 X131.2670 Y142.4419 Z2.0050 E0.10728 F600
G1 X130.3941 Y143.9369 Z1.8586 E0.15602 F600
G1 X129.0408 Y145.3619 Z1.8050 E0.17655 F600
G1 X127.4133 Y146.2905 Z1.8586 E0.16833 F600
G1 X125.9078 Y146.6241 Z2.0050 E0.13910 F600
G1 X124.8874 Y146.5878 Z2.2050 E0.09344 F600
G1 X124.5082 Y146.4619 Z2.4050 E0.04012 F600
G1 X124.7001 Y146.3780 Z2.5514 E0.02295 F600
G1 X125.2249 Y146.3297 Z2.6050 E0.04757 F600
G1 X125.7595 Y146.3043 Z2.5514 E0.04830 F600
G1 X125.9917 Y146.3576 Z2.4050 E0.02511 F600
G1 X125.6876 Y146.5311 Z2.2050 E0.03621 F600
G1 X124.7269 Y146.7089 Z2.0050 E0.08956 F600
G1 X123.1580 Y146.6079 Z1.8586 E0.14179 F600
G1 X121.2512 Y145.9936 Z1.8050 E0.17996 F600
G1 X119.4187 Y144.9386 Z1.8586 E0.18995 F600
G1 X118.0064 Y143.8026 Z2.0050 E0.16330 F600
G1 X117.1668 Y142.9535 Z2.2050 E0.10872 F600
G1 X116.8886 Y142.5703 Z2.4050 E0.04617 F600
G1 X117.0612 Y142.6375 Z2.5514 E0.02121 F600
G1 X117.5000 Y143.0000 Z2.6050 E0.05134 F600
G1 X117.9525 Y143.4217 Z2.5514 E0.05575 F600
G1 X118.1381 Y143.6645 Z2.4050 E0.03043 F600
G1 X117.8409 Y143.5421 Z2.2050 E0.03400 F600
G1 X117.0103 Y142.9379 Z2.0050 E0.09397 F600
G1 X115.7960 Y141.8679 Z1.8586 E0.14593 F600
G1 X114.4639 Y140.5616 Z1.8050 E0.16762 F600
G1 X113.2487 Y139.3710 Z1.8586 E0.15285 F600
G1 X112.2976 Y138.5263 Z2.0050 E0.11498 F600
G1 X111.7084 Y138.0354 Z2.2050 E0.07118 F600
G1 X111.5242 Y137.8080 Z2.4050 E0.03184 F600
G1 X111.6835 Y137.7844 Z2.5514 E0.01955 F600
G1 X112.0251 Y137.9326 Z2.6050 E0.03378 F600
G1 X112.3459 Y138.1720 Z2.5514 E0.03627 F600
G1 X112.4546 Y138.3505 Z2.4050 E0.02291 F600
G1 X112.2105 Y138.3276 Z2.2050 E0.02842 F600
G1 X111.5543 Y138.0955 Z2.0050 E0.06503 F600
G1 X110.5056 Y137.8132 Z1.8586 E0.09841 F600
G1 X109.1412 Y137.6799 Z1.8050 E0.12320 F600
G1 X107.6282 Y137.7402 Z1.8586 E0.13607 F600
G1 X106.2594 Y137.8647 Z2.0050 E0.12412 F600
G1 X105.3518 Y137.9192 Z2.2050 E0.08360 F600
G1 X105.0668 Y137.8712 Z2.4050 E0.03157 F600
G1 X105.3288 Y137.7563 Z2.5514 E0.02886 F600
G1 X105.8750 Y137.6351 Z2.6050 E0.05048 F600
G1 X106.3725 Y137.5746 Z2.5514 E0.04526 F600
G1 X106.5285 Y137.6208 Z2.4050 E0.01966 F600
G1 X106.1396 Y137.7855 Z2.2050 E0.04196 F600
G1 X105.0970 Y138.0583 Z2.0050 E0.09843 F600
G1 X103.4167 Y138.3794 Z1.8586 E0.15419 F600
G1 X101.3146 Y138.5932 Z1.8050 E0.18980 F600
G1 X99.2168 Y138.5325 Z1.8586 E0.18853 F600
G1 X97.5751 Y138.2071 Z2.0050 E0.15086 F600
G1 X96.6318 Y137.8289 Z2.2050 E0.09302 F600
G1 X96.3767 Y137.6175 Z2.4050 E0.03475 F600
G1 X96.6530 Y137.6317 Z2.5514 E0.02811 F600
G1 X97.2188 Y137.7812 Z2.6050 E0.05277 F600
G1 X97.7536 Y137.9480 Z2.5514 E0.05054 F600
G1 X97.9163 Y138.0629 Z2.4050 E0.02220 F600
G1 X97.4615 Y138.0701 Z2.2050 E0.04462 F600
G1 X96.3522 Y137.8489 Z2.0050 E0.10315 F600
G1 X94.8248 Y137.2112 Z1.8586 E0.14922 F600
G1 X93.3333 Y136.0438 Z1.8050 E0.17016 F600
G1 X92.2988 Y134.4984 Z1.8586 E0.16707 F600
G1 X91.8382 Y132.9819 Z2.0050 E0.14293 F600
G1 X91.7687 Y131.9102 Z2.2050 E0.09810 F600
G1 X91.8464 Y131.4884 Z2.4050 E0.04250 F600
G1 X91.9439 Y131.6660 Z2.5514 E0.02244 F600
G1 X92.0414 Y132.1986 Z2.6050 E0.04886 F600
G1 X92.1177 Y132.7512 Z2.5514 E0.05033 F600
G1 X92.0917 Y133.0075 Z2.4050 E0.02661 F600
G1 X91.9018 Y132.7293 Z2.2050 E0.03518 F600
G1 X91.6399 Y131.7738 Z2.0050 E0.09077 F600
G1 X91.5617 Y130.1510 Z1.8586 E0.14650 F600
G1 X91.8881 Y128.1088 Z1.8050 E0.18579 F600
G1 X92.5774 Y126.0816 Z1.8586 E0.19234 F600
G1 X93.3527 Y124.4711 Z2.0050 E0.16105 F600
G1 X93.9443 Y123.4824 Z2.2050 E0.10501 F600
G1 X94.2312 Y123.1305 Z2.4050 E0.04455 F600
G1 X94.2183 Y123.3048 Z2.5514 E0.02047 F600
G1 X93.9939 Y123.7984 Z2.6050 E0.04894 F600
G1 X93.7068 Y124.3226 Z2.5514 E0.05388 F600
G1 X93.5191 Y124.5567 Z2.4050 E0.02998 F600
G1 X93.5617 Y124.2513 Z2.2050 E0.03300 F600
G1 X93.9132 Y123.3359 Z2.0050 E0.08987 F600
G1 X94.5442 Y121.9621 Z1.8586 E0.13639 F600
G1 X95.2620 Y120.4277 Z1.8050 E0.15220 F600
G1 X95.8151 Y119.0164 Z1.8586 E0.13621 F600
G1 X96.1081 Y117.9118 Z2.0050 E0.10346 F600
G1 X96.2422 Y117.2217 Z2.2050 E0.06564 F600
G1 X96.3479 Y116.9841 Z2.4050 E0.02946 F600
G1 X96.4526 Y117.1326 Z2.5514 E0.02095 F600
G1 X96.5000 Y117.5000 Z2.6050 E0.03361 F600
G1 X96.4526 Y117.8674 Z2.5514 E0.03361 F600
G1 X96.3479 Y118.0159 Z2.4050 E0.02095 F600
G1 X96.2422 Y117.7783 Z2.2050 E0.02946 F600
G1 X96.1081 Y117.0882 Z2.0050 E0.06564 F600
G1 X95.8151 Y115.9836 Z1.8586 E0.10346 F600
G1 X95.2620 Y114.5723 Z1.8050 E0.13621 F600
G1 X94.5442 Y113.0379 Z1.8586 E0.15220 F600
G1 X93.9132 Y111.6641 Z2.0050 E0.13639 F600
G1 X93.5617 Y110.7487 Z2.2050 E0.08987 F600
G1 X93.5191 Y110.4433 Z2.4050 E0.03300 F600
G1 X93.7068 Y110.6774 Z2.5514 E0.02998 F600
G1 X93.9939 Y111.2016 Z2.6050 E0.05388 F600
G1 X94.2183 Y111.6952 Z2.5514 E0.04894 F600
G1 X94.2312 Y111.8695 Z2.4050 E0.02047 F600
G1 X93.9443 Y111.5176 Z2.2050 E0.04455 F600
G1 X93.3527 Y110.5289 Z2.0050 E0.10501 F600
G1 X92.5774 Y108.9184 Z1.8586 E0.16105 F600
G1 X91.8881 Y106.8912 Z1.8050 E0.19234 F600
G1 X91.5617 Y104.8490 Z1.8586 E0.18579 F600
G1 X91.6399 Y103.2262 Z2.0050 E0.14650 F600
G1 X91.9018 Y102.2707 Z2.2050 E0.09077 F600
G1 X92.0917 Y101.9925 Z2.4050 E0.03518 F600
G1 X92.1177 Y102.2488 Z2.5514 E0.02661 F600
G1 X92.0414 Y102.8014 Z2.6050 E0.05033 F600
G1 X91.9439 Y103.3340 Z2.5514 E0.04886 F600
G1 X91.8464 Y103.5116 Z2.4050 E0.02244 F600
G1 X91.7687 Y103.0898 Z2.2050 E0.04250 F600
G1 X91.8382 Y102.0181 Z2.0050 E0.09810 F600
G1 X92.2988 Y100.5016 Z1.8586 E0.14293 F600
G1 X93.3333 Y98.9562 Z1.8050 E0.16707 F600
G1 X94.8248 Y97.7888 Z1.8586 E0.17016 F600
G1 X96.3522 Y97.1511 Z2.0050 E0.14922 F600
G1 X97.4615 Y96.9299 Z2.2050 E0.10315 F600
G1 X97.9163 Y96.9371 Z2.4050 E0.04462 F600
G1 X97.7536 Y97.0520 Z2.5514 E0.02220 F600
G1 X97.2188 Y97.2188 Z2.6050 E0.05054 F600
G1 X96.6530 Y97.3683 Z2.5514 E0.05277 F600
G1 X96.3767 Y97.3825 Z2.4050 E0.02811 F600
G1 X96.6318 Y97.1711 Z2.2050 E0.03475 F600
G1 X97.5751 Y96.7929 Z2.0050 E0.09302 F600
G1 X99.2168 Y96.4675 Z1.8586 E0.15086 F600
G1 X101.3146 Y96.4068 Z1.8050 E0.18853 F600
G1 X103.4167 Y96.6206 Z1.8586 E0.18980 F600
G1 X105.0970 Y96.9417 Z2.0050 E0.15419 F600
G1 X106.1396 Y97.2145 Z2.2050 E0.09843 F600
G1 X106.5285 Y97.3792 Z2.4050 E0.04196 F600
G1 X106.3725 Y97.4254 Z2.5514 E0.01966 F600
G1 X105.8750 Y97.3649 Z2.6050 E0.04526 F600
G1 X105.3288 Y97.2437 Z2.5514 E0.05048 F600
G1 X105.0668 Y97.1288 Z2.4050 E0.02886 F600
G1 X105.3518 Y97.0808 Z2.2050 E0.03157 F600
G1 X106.2594 Y97.1353 Z2.0050 E0.08360 F600
G1 X107.6282 Y97.2598 Z1.8586 E0.12412 F600
G1 X109.1412 Y97.3201 Z1.8050 E0.13607 F600
G1 X110.5056 Y97.1868 Z1.8586 E0.12320 F600
G1 X111.5543 Y96.9045 Z2.0050 E0.09841 F600
G1 X112.2105 Y96.6724 Z2.2050 E0.06503 F600
G1 X112.4546 Y96.6495 Z2.4050 E0.02842 F600
G1 X112.3459 Y96.8280 Z2.5514 E0.02291 F600
G1 X112.0251 Y97.0674 Z2.6050 E0.03627 F600
G1 X111.6835 Y97.2156 Z2.5514 E0.03378 F600
G1 X111.5242 Y97.1920 Z2.4050 E0.01955 F600
G1 X111.7084 Y96.9646 Z2.2050 E0.03184 F600
G1 X112.2976 Y96.4737 Z2.0050 E0.07118 F600
G1 X113.2487 Y95.6290 Z1.8586 E0.11498 F600
G1 X114.4639 Y94.4384 Z1.8050 E0.15285 F600
G1 X115.7960 Y93.1321 Z1.8586 E0.16762 F600
G1 X117.0103 Y92.0621 Z2.0050 E0.14593 F600
G1 X117.8409 Y91.4579 Z2.2050 E0.09397 F600
G1 X118.1381 Y91.3355 Z2.4050 E0.03400 F600
G1 X117.9525 Y91.5783 Z2.5514 E0.03043 F600
G1 X117.5000 Y92.0000 Z2.6050 E0.05575 F600
G1 X117.0612 Y92.3625 Z2.5514 E0.05134 F600
G1 X116.8886 Y92.4297 Z2.4050 E0.02121 F600
G1 X117.1668 Y92.0465 Z2.2050 E0.04617 F600
G1 X118.0064 Y91.1974 Z2.0050 E0.10872 F600
G1 X119.4187 Y90.0614 Z1.8586 E0.16330 F600
G1 X121.2512 Y89.0064 Z1.8050 E0.18995 F600
G1 X123.1580 Y88.3921 Z1.8586 E0.17996 F600
G1 X124.7269 Y88.2911 Z2.0050 E0.14179 F600
G1 X125.6876 Y88.4689 Z2.2050 E0.08956 F600
G1 X125.9917 Y88.6424 Z2.4050 E0.03621 F600
G1 X125.7595 Y88.6957 Z2.5514 E0.02511 F600
G1 X125.2249 Y88.6703 Z2.6050 E0.04830 F600
G1 X124.7001 Y88.6220 Z2.5514 E0.04757 F600
G1 X124.5082 Y88.5381 Z2.4050 E0.02295 F600
G1 X124.8874 Y88.4122 Z2.2050 E0.04012 F600
G1 X125.9078 Y88.3759 Z2.0050 E0.09344 F600
G1 X127.4133 Y88.7095 Z1.8586 E0.13910 F600
G1 X129.0408 Y89.6381 Z1.8050 E0.16833 F600
G1 X130.3941 Y91.0631 Z1.8586 E0.17655 F600
G1 X131.2670 Y92.5581 Z2.0050 E0.15602 F600
G1 X131.6834 Y93.6598 Z2.2050 E0.10728 F600
G1 X131.7663 Y94.1254 Z2.4050 E0.04611 F600
G1 X131.6302 Y93.9834 Z2.5514 E0.02202 F600
G1 X131.3750 Y93.4678 Z2.6050 E0.05189 F600
G1 X131.1302 Y92.9104 Z2.5514 E0.05488 F600
G1 X131.0637 Y92.6254 Z2.4050 E0.02939 F600
G1 X131.3036 Y92.8519 Z2.2050 E0.03465 F600
G1 X131.8299 Y93.7478 Z2.0050 E0.09502 F600
G1 X132.4572 Y95.3250 Z1.8586 E0.15299 F600
G1 X132.9702 Y97.3388 Z1.8050 E0.18668 F600
G1 X133.2879 Y99.3381 Z1.8586 E0.18186 F600
G1 X133.4568 Y100.9168 Z2.0050 E0.14318 F600
G1 X133.5213 Y101.8927 Z2.2050 E0.08965 F600
G1 X133.4887 Y102.2726 Z2.4050 E0.03867 F600
G1 X133.3876 Y102.1576 Z2.5514 E0.01903 F600
G1 X133.2812 Y101.7188 Z2.6050 E0.04083 F600
G1 X133.2277 Y101.2135 Z2.5514 E0.04588 F600
G1 X133.2611 Y100.9508 Z2.4050 E0.02717 F600
G1 X133.3977 Y101.1805 Z2.2050 E0.02997 F600
G1 X133.6425 Y101.9672 Z2.0050 E0.07614 F600
G1 X134.0192 Y103.1401 Z1.8586 E0.11140 F600
G1 X134.5876 Y104.3882 Z1.8050 E0.12325 F600
G1 X135.3532 Y105.4579 Z1.8586 E0.11822 F600
G1 X136.1487 Y106.2491 Z2.0050 E0.10161 F600
G1 X136.7022 Y106.7462 Z2.2050 E0.06919 F600
G1 X136.8418 Y106.9532 Z2.4050 E0.02873 F600
G1 X136.6081 Y106.9082 Z2.5514 E0.02510 F600
G1 X136.2086 Y106.6986 Z2.6050 E0.04080 F600
G1 X135.8906 Y106.4498 Z2.5514 E0.03658 F600
G1 X135.8375 Y106.3080 Z2.4050 E0.01892 F600
G1 X136.1612 Y106.3977 Z2.2050 E0.03511 F600
G1 X136.9465 Y106.7662 Z2.0050 E0.07994 F600
G1 X138.2387 Y107.3850 Z1.8586 E0.12934 F600
G1 X139.9299 Y108.2092 Z1.8050 E0.16901 F600
G1 X141.6810 Y109.1738 Z1.8586 E0.17960 F600
G1 X143.0723 Y110.1175 Z2.0050 E0.15155 F600
G1 X143.8597 Y110.8055 Z2.2050 E0.09560 F600
G1 X144.0436 Y111.0770 Z2.4050 E0.03450 F600
G1 X143.7684 Y110.9505 Z2.5514 E0.03021 F600
G1 X143.2561 Y110.5987 Z2.6050 E0.05602 F600
G1 X142.7955 Y110.2466 Z2.5514 E0.05228 F600
G1 X142.6847 Y110.0891 Z2.4050 E0.02173 F600
G1 X143.1282 Y110.2721 Z2.2050 E0.04668 F600
G1 X144.1484 Y110.9066 Z2.0050 E0.10938 F600
G1 X145.5231 Y112.0529 Z1.8586 E0.16127 F600
G1 X146.8171 Y113.6403 Z1.8050 E0.18398 F600
G1 X147.6216 Y115.3937 Z1.8586 E0.17330 F600
G1 X147.8486 Y116.9157 Z2.0050 E0.13882 F600
G1 X147.7378 Y117.8958 Z2.2050 E0.09038 F600
G1 X147.5826 Y118.2337 Z2.4050 E0.03791 F600
G1 X147.5118 Y118.0239 Z2.5514 E0.02384 F600
G1 X147.5000 Y117.5000 Z2.6050 E0.04730 F600
; row 3/57
G1 X146.6402 Y120.8201 Z3.0514 E0.31059 F600
G1 X146.8346 Y120.6365 Z2.9050 E0.02738 F600
G1 X146.7872 Y120.9664 Z2.7050 E0.03491 F600
G1 X146.3372 Y121.8627 Z2.5050 E0.09184 F600
G1 X145.3145 Y123.1589 Z2.3586 E0.14885 F600
G1 X143.7391 Y124.5307 Z2.3050 E0.18766 F600
G1 X141.9385 Y125.6770 Z2.3586 E0.19174 F600
G1 X140.3676 Y126.4604 Z2.5050 E0.15819 F600
G1 X139.3302 Y126.8790 Z2.7050 E0.10205 F600
G1 X138.9032 Y126.9833 Z2.9050 E0.04336 F600
G1 X139.0102 Y126.8529 Z3.0514 E0.02006 F600
G1 X139.4679 Y126.5994 Z3.1050 E0.04723 F600
G1 X139.9978 Y126.3621 Z3.0514 E0.05236 F600
G1 X140.2835 Y126.2928 Z2.9050 E0.02950 F600
G1 X140.0733 Y126.5059 Z2.7050 E0.03233 F600
G1 X139.2736 Y127.0139 Z2.5050 E0.08697 F600
G1 X138.0176 Y127.7297 Z2.3586 E0.13048 F600
G1 X136.6417 Y128.5514 Z2.3050 E0.14400 F600
G1 X135.4896 Y129.4070 Z2.3586 E0.12896 F600
G1 X134.7074 Y130.1851 Z2.5050 E0.09994 F600
G1 X134.2559 Y130.7093 Z2.7050 E0.06468 F600
G1 X134.0524 Y130.8547 Z2.9050 E0.02876 F600
G1 X134.0445 Y130.6601 Z3.0514 E0.02188 F600
G1 X134.1910 Y130.3074 Z3.1050 E0.03463 F600
G1 X134.4114 Y130.0137 Z3.0514 E0.03332 F600
G1 X134.5683 Y129.9477 Z2.9050 E0.02017 F600
G1 X134.5344 Y130.2202 Z2.7050 E0.03050 F600
G1 X134.2947 Y130.9084 Z2.5050 E0.06787 F600
G1 X133.9583 Y132.0610 Z2.3586 E0.10863 F600
G1 X133.6348 Y133.6348 Z2.3050 E0.14436 F600
G1 X133.3291 Y135.3915 Z2.3586 E0.16020 F600
G1 X133.0116 Y136.9291 Z2.5050 E0.14160 F600
G1 X132.7308 Y137.8965 Z2.7050 E0.09223 F600
G1 X132.5754 Y138.1713 Z2.9050 E0.03356 F600
G1 X132.5711 Y137.8675 Z3.0514 E0.03029 F600
G1 X132.6658 Y137.2645 Z3.1050 E0.05502 F600
G1 X132.7887 Y136.7205 Z3.0514 E0.05032 F600
G1 X132.8837 Y136.5673 Z2.9050 E0.02086 F600
G1 X132.8982 Y137.0325 Z2.7050 E0.04549 F600
G1 X132.7611 Y138.2019 Z2.5050 E0.10725 F600
G1 X132.3694 Y139.9653 Z2.3586 E0.16275 F600
G1 X131.6250 Y141.9652 Z2.3050 E0.19170 F600
G1 X130.5666 Y143.7075 Z2.3586 E0.18313 F600
G1 X129.4509 Y144.8507 Z2.5050 E0.14405 F600
G1 X128.6209 Y145.3747 Z2.7050 E0.08996 F600
G1 X128.2873 Y145.4517 Z2.9050 E0.03561 F600
G1 X128.4310 Y145.2499 Z3.0514 E0.02584 F600
G1 X128.8494 Y144.8999 Z3.1050 E0.04922 F600
G1 X129.2731 Y144.5762 Z3.0514 E0.04812 F600
G1 X129.4674 Y144.5096 Z2.9050 E0.02265 F600
G1 X129.2578 Y144.8670 Z2.7050 E0.04132 F600
G1 X128.5101 Y145.5986 Z2.5050 E0.09564 F600
G1 X127.1658 Y146.3880 Z2.3586 E0.14061 F600
G1 X125.3543 Y146.8126 Z2.3050 E0.16716 F600
G1 X123.4335 Y146.6643 Z2.3586 E0.17307 F600
G1 X121.8297 Y146.1192 Z2.5050 E0.15269 F600
G1 X120.8204 Y145.5542 Z2.7050 E0.10541 F600
G1 X120.4672 Y145.2517 Z2.9050 E0.04546 F600
G1 X120.6642 Y145.2717 Z3.0514 E0.02211 F600
G1 X121.1860 Y145.4978 Z3.1050 E0.05130 F600
G1 X121.7235 Y145.7598 Z3.0514 E0.05391 F600
G1 X121.9509 Y145.9320 Z2.9050 E0.02879 F600
G1 X121.6207 Y145.9199 Z2.7050 E0.03468 F600
G1 X120.6486 Y145.5827 Z2.5050 E0.09413 F600
G1 X119.1678 Y144.7687 Z2.3586 E0.15231 F600
G1 X117.5000 Y143.5000 Z2.3050 E0.18825 F600
G1 X115.9974 Y142.0674 Z2.3586 E0.18650 F600
G1 X114.8826 Y140.8451 Z2.5050 E0.14915 F600
G1 X114.2308 Y140.0472 Z2.7050 E0.09425 F600
G1 X114.0245 Y139.7013 Z2.9050 E0.04038 F600
G1 X114.1753 Y139.7463 Z3.0514 E0.01930 F600
G1 X114.5291 Y140.0659 Z3.1050 E0.04309 F600
G1 X114.8832 Y140.4671 Z3.0514 E0.04829 F600
G1 X115.0186 Y140.7078 Z2.9050 E0.02807 F600
G1 X114.7673 Y140.5888 Z2.7050 E0.03076 F600
G1 X114.0887 Y140.0486 Z2.5050 E0.07993 F600
G1 X113.0798 Y139.2262 Z2.3586 E0.11763 F600
G1 X111.8957 Y138.4155 Z2.3050 E0.12895 F600
G1 X110.6872 Y137.8613 Z2.3586 E0.11949 F600
G1 X109.6301 Y137.5845 Z2.5050 E0.09900 F600
G1 X108.9285 Y137.4507 Z2.7050 E0.06661 F600
G1 X108.7063 Y137.3469 Z2.9050 E0.02842 F600
G1 X108.9102 Y137.2553 Z3.0514 E0.02400 F600
G1 X109.3326 Y137.2179 Z3.1050 E0.03838 F600
G1 X109.7149 Y137.2637 Z3.0514 E0.03491 F600
G1 X109.8350 Y137.3612 Z2.9050 E0.01913 F600
G1 X109.5372 Y137.4590 Z2.7050 E0.03340 F600
G1 X108.7304 Y137.5700 Z2.5050 E0.07530 F600
G1 X107.3942 Y137.7692 Z2.3586 E0.12204 F600
G1 X105.6250 Y138.0681 Z2.3050 E0.16120 F600
G1 X103.7057 Y138.3409 Z2.3586 E0.17416 F600
G1 X102.0538 Y138.4529 Z2.5050 E0.14926 F600
G1 X101.0148 Y138.4113 Z2.7050 E0.09509 F600
G1 X100.7027 Y138.3193 Z2.9050 E0.03430 F600
G1 X100.9987 Y138.2450 Z3.0514 E0.03040 F600
G1 X101.6190 Y138.1965 Z3.1050 E0.05608 F600
G1 X102.1953 Y138.1831 Z3.0514 E0.05199 F600
G1 X102.3770 Y138.2366 Z2.9050 E0.02150 F600
G1 X101.9170 Y138.3681 Z2.7050 E0.04656 F600
G1 X100.7238 Y138.5130 Z2.5050 E0.10942 F600
G1 X98.9172 Y138.5040 Z2.3586 E0.16277 F600
G1 X96.8652 Y138.1348 Z2.3050 E0.18730 F600
G1 X95.0627 Y137.3508 Z2.3586 E0.17658 F600
G1 X93.8526 Y136.3794 Z2.5050 E0.13997 F600
G1 X93.2698 Y135.5936 Z2.7050 E0.08968 F600
G1 X93.1603 Y135.2507 Z2.9050 E0.03698 F600
G1 X93.3608 Y135.3621 Z3.0514 E0.02443 F600
G1 X93.7299 Y135.7394 Z3.1050 E0.04765 F600
G1 X94.0790 Y136.1299 Z3.0514 E0.04728 F600
G1 X94.1658 Y136.3264 Z2.9050 E0.02334 F600
G1 X93.8121 Y136.1741 Z2.7050 E0.03897 F600
G1 X93.0526 Y135.5223 Z2.5050 E0.09165 F600
G1 X92.1834 Y134.2567 Z2.3586 E0.13850 F600
G1 X91.6083 Y132.4486 Z2.3050 E0.17046 F600
G1 X91.5409 Y130.4427 Z2.3586 E0.18030 F600
G1 X91.8528 Y128.7065 Z2.5050 E0.15896 F600
G1 X92.2397 Y127.5779 Z2.7050 E0.10864 F600
G1 X92.4706 Y127.1595 Z2.9050 E0.04652 F600
G1 X92.4842 Y127.3540 Z3.0514 E0.02190 F600
G1 X92.3501 Y127.9174 Z3.1050 E0.05223 F600
G1 X92.1787 Y128.5100 Z3.0514 E0.05560 F600
G1 X92.0467 Y128.7778 Z2.9050 E0.02987 F600
G1 X92.0125 Y128.4503 Z2.7050 E0.03460 F600
G1 X92.1845 Y127.4196 Z2.5050 E0.09555 F600
G1 X92.6892 Y125.8016 Z2.3586 E0.15277 F600
G1 X93.5109 Y123.9279 Z2.3050 E0.18380 F600
G1 X94.4241 Y122.1948 Z2.3586 E0.17598 F600
G1 X95.1694 Y120.8783 Z2.5050 E0.13649 F600
G1 X95.6442 Y120.0868 Z2.7050 E0.08481 F600
G1 X95.8750 Y119.8121 Z2.9050 E0.03689 F600
G1 X95.9015 Y119.9608 Z3.0514 E0.01889 F600
G1 X95.7577 Y120.3624 Z3.1050 E0.03861 F600
G1 X95.5283 Y120.7837 Z3.0514 E0.04335 F600
G1 X95.3551 Y120.9667 Z2.9050 E0.02616 F600
G1 X95.3647 Y120.7095 Z2.7050 E0.02927 F600
G1 X95.5792 Y119.9577 Z2.5050 E0.07246 F600
G1 X95.8656 Y118.8232 Z2.3586 E0.10590 F600
G1 X96.0000 Y117.5000 Z2.3050 E0.11954 F600
G1 X95.8656 Y116.1768 Z2.3586 E0.11954 F600
G1 X95.5792 Y115.0423 Z2.5050 E0.10590 F600
G1 X95.3647 Y114.2905 Z2.7050 E0.07246 F600
G1 X95.3551 Y114.0333 Z2.9050 E0.02927 F600
G1 X95.5283 Y114.2163 Z3.0514 E0.02616 F600
G1 X95.7577 Y114.6376 Z3.1050 E0.04335 F600
G1 X95.9015 Y115.0392 Z3.0514 E0.03861 F600
G1 X95.8750 Y115.1879 Z2.9050 E0.01889 F600
G1 X95.6442 Y114.9132 Z2.7050 E0.03689 F600
G1 X95.1694 Y114.1217 Z2.5050 E0.08481 F600
G1 X94.4241 Y112.8052 Z2.3586 E0.13649 F600
G1 X93.5109 Y111.0721 Z2.3050 E0.17598 F600
G1 X92.6892 Y109.1984 Z2.3586 E0.18380 F600
G1 X92.1845 Y107.5804 Z2.5050 E0.15277 F600
G1 X92.0125 Y106.5497 Z2.7050 E0.09555 F600
G1 X92.0467 Y106.2222 Z2.9050 E0.03460 F600
G1 X92.1787 Y106.4900 Z3.0514 E0.02987 F600
G1 X92.3501 Y107.0826 Z3.1050 E0.05560 F600
G1 X92.4842 Y107.6460 Z3.0514 E0.05223 F600
G1 X92.4706 Y107.8405 Z2.9050 E0.02190 F600
G1 X92.2397 Y107.4221 Z2.7050 E0.04652 F600
G1 X91.8528 Y106.2935 Z2.5050 E0.10864 F600
G1 X91.5409 Y104.5573 Z2.3586 E0.15896 F600
G1 X91.6083 Y102.5514 Z2.3050 E0.18030 F600
G1 X92.1834 Y100.7433 Z2.3586 E0.17046 F600
G1 X93.0526 Y99.4777 Z2.5050 E0.13850 F600
G1 X93.8121 Y98.8259 Z2.7050 E0.09165 F600
G1 X94.1658 Y98.6736 Z2.9050 E0.03897 F600
G1 X94.0790 Y98.8701 Z3.0514 E0.02334 F600
G1 X93.7299 Y99.2606 Z3.1050 E0.04728 F600
G1 X93.3608 Y99.6379 Z3.0514 E0.04765 F600
G1 X93.1603 Y99.7493 Z2.9050 E0.02443 F600
G1 X93.2698 Y99.4064 Z2.7050 E0.03698 F600
G1 X93.8526 Y98.6206 Z2.5050 E0.08968 F600
G1 X95.0627 Y97.6492 Z2.3586 E0.13997 F600
G1 X96.8652 Y96.8652 Z2.3050 E0.17658 F600
G1 X98.9172 Y96.4960 Z2.3586 E0.18730 F600
G1 X100.7238 Y96.4870 Z2.5050 E0.16277 F600
G1 X101.9170 Y96.6319 Z2.7050 E0.10942 F600
G1 X102.3770 Y96.7634 Z2.9050 E0.04656 F600
G1 X102.1953 Y96.8169 Z3.0514 E0.02150 F600
G1 X101.6190 Y96.8035 Z3.1050 E0.05199 F600
G1 X100.9987 Y96.7550 Z3.0514 E0.05608 F600
G1 X100.7027 Y96.6807 Z2.9050 E0.03040 F600
G1 X101.0148 Y96.5887 Z2.7050 E0.03430 F600
G1 X102.0538 Y96.5471 Z2.5050 E0.09509 F600
G1 X103.7057 Y96.6591 Z2.3586 E0.14926 F600
G1 X105.6250 Y96.9319 Z2.3050 E0.17416 F600
G1 X107.3942 Y97.2308 Z2.3586 E0.16120 F600
G1 X108.7304 Y97.4300 Z2.5050 E0.12204 F600
G1 X109.5372 Y97.5410 Z2.7050 E0.07530 F600
G1 X109.8350 Y97.6388 Z2.9050 E0.03340 F600
G1 X109.7149 Y97.7363 Z3.0514 E0.01913 F600
G1 X109.3326 Y97.7821 Z3.1050 E0.03491 F600
G1 X108.9102 Y97.7447 Z3.0514 E0.03838 F600
G1 X108.7063 Y97.6531 Z2.9050 E0.02400 F600
G1 X108.9285 Y97.5493 Z2.7050 E0.02842 F600
G1 X109.6301 Y97.4155 Z2.5050 E0.06661 F600
G1 X110.6872 Y97.1387 Z2.3586 E0.09900 F600
G1 X111.8957 Y96.5845 Z2.3050 E0.11949 F600
G1 X113.0798 Y95.7738 Z2.3586 E0.12895 F600
G1 X114.0887 Y94.9514 Z2.5050 E0.11763 F600
G1 X114.7673 Y94.4112 Z2.7050 E0.07993 F600
G1 X115.0186 Y94.2922 Z2.9050 E0.03076 F600
G1 X114.8832 Y94.5329 Z3.0514 E0.02807 F600
G1 X114.5291 Y94.9341 Z3.1050 E0.04829 F600
G1 X114.1753 Y95.2537 Z3.0514 E0.04309 F600
G1 X114.0245 Y95.2987 Z2.9050 E0.01930 F600
G1 X114.2308 Y94.9528 Z2.7050 E0.04038 F600
G1 X114.8826 Y94.1549 Z2.5050 E0.09425 F600
G1 X115.9974 Y92.9326 Z2.3586 E0.14915 F600
G1 X117.5000 Y91.5000 Z2.3050 E0.18650 F600
G1 X119.1678 Y90.2313 Z2.3586 E0.18825 F600
G1 X120.6486 Y89.4173 Z2.5050 E0.15231 F600
G1 X121.6207 Y89.0801 Z2.7050 E0.09413 F600
G1 X121.9509 Y89.0680 Z2.9050 E0.03468 F600
G1 X121.7235 Y89.2402 Z3.0514 E0.02879 F600
G1 X121.1860 Y89.5022 Z3.1050 E0.05391 F600
G1 X120.6642 Y89.7283 Z3.0514 E0.05130 F600
G1 X120.4672 Y89.7483 Z2.9050 E0.02211 F600
G1 X120.8204 Y89.4458 Z2.7050 E0.04546 F600
G1 X121.8297 Y88.8808 Z2.5050 E0.10541 F600
G1 X123.4335 Y88.3357 Z2.3586 E0.15269 F600
G1 X125.3543 Y88.1874 Z2.3050 E0.17307 F600
G1 X127.1658 Y88.6120 Z2.3586 E0.16716 F600
G1 X128.5101 Y89.4014 Z2.5050 E0.14061 F600
G1 X129.2578 Y90.1330 Z2.7050 E0.09564 F600
G1 X129.4674 Y90.4904 Z2.9050 E0.04132 F600
G1 X129.2731 Y90.4238 Z3.0514 E0.02265 F600
G1 X128.8494 Y90.1001 Z3.1050 E0.04812 F600
G1 X128.4310 Y89.7501 Z3.0514 E0.04922 F600
G1 X128.2873 Y89.5483 Z2.9050 E0.02584 F600
G1 X128.6209 Y89.6253 Z2.7050 E0.03561 F600
G1 X129.4509 Y90.1493 Z2.5050 E0.08996 F600
G1 X130.5666 Y91.2925 Z2.3586 E0.14405 F600
G1 X131.6250 Y93.0348 Z2.3050 E0.18313 F600
G1 X132.3694 Y95.0347 Z2.3586 E0.19170 F600
G1 X132.7611 Y96.7981 Z2.5050 E0.16275 F600
G1 X132.8982 Y97.9675 Z2.7050 E0.10725 F600
G1 X132.8837 Y98.4327 Z2.9050 E0.04549 F600
G1 X132.7887 Y98.2795 Z3.0514 E0.02086 F600
G1 X132.6658 Y97.7355 Z3.1050 E0.05032 F600
G1 X132.5711 Y97.1325 Z3.0514 E0.05502 F600
G1 X132.5754 Y96.8287 Z2.9050 E0.03029 F600
G1 X132.7308 Y97.1035 Z2.7050 E0.03356 F600
G1 X133.0116 Y98.0709 Z2.5050 E0.09223 F600
G1 X133.3291 Y99.6085 Z2.3586 E0.14160 F600
G1 X133.6348 Y101.3652 Z2.3050 E0.16020 F600
G1 X133.9583 Y102.9390 Z2.3586 E0.14436 F600
G1 X134.2947 Y104.0916 Z2.5050 E0.10863 F600
G1 X134.5344 Y104.7798 Z2.7050 E0.06787 F600
G1 X134.5683 Y105.0523 Z2.9050 E0.03050 F600
G1 X134.4114 Y104.9863 Z3.0514 E0.02017 F600
G1 X134.1910 Y104.6926 Z3.1050 E0.03332 F600
G1 X134.0445 Y104.3399 Z3.0514 E0.03463 F600
G1 X134.0524 Y104.1453 Z2.9050 E0.02188 F600
G1 X134.2559 Y104.2907 Z2.7050 E0.02876 F600
G1 X134.7074 Y104.8149 Z2.5050 E0.06468 F600
G1 X135.4896 Y105.5930 Z2.3586 E0.09994 F600
G1 X136.6417 Y106.4486 Z2.3050 E0.12896 F600
G1 X138.0176 Y107.2703 Z2.3586 E0.14400 F600
G1 X139.2736 Y107.9861 Z2.5050 E0.13048 F600
G1 X140.0733 Y108.4941 Z2.7050 E0.08697 F600
G1 X140.2835 Y108.7072 Z2.9050 E0.03233 F600
G1 X139.9978 Y108.6379 Z3.0514 E0.02950 F600
G1 X139.4679 Y108.4006 Z3.1050 E0.05236 F600
G1 X139.0102 Y108.1471 Z3.0514 E0.04723 F600
G1 X138.9032 Y108.0167 Z2.9050 E0.02006 F600
G1 X139.3302 Y108.1210 Z2.7050 E0.04336 F600
G1 X140.3676 Y108.5396 Z2.5050 E0.10205 F600
G1 X141.9385 Y109.3230 Z2.3586 E0.15819 F600
G1 X143.7391 Y110.4693 Z2.3050 E0.19174 F600
G1 X145.3145 Y111.8411 Z2.3586 E0.18766 F600
G1 X146.3372 Y113.1373 Z2.5050 E0.14885 F600
G1 X146.7872 Y114.0336 Z2.7050 E0.09184 F600
G1 X146.8346 Y114.3635 Z2.9050 E0.03491 F600
G1 X146.6402 Y114.1799 Z3.0514 E0.02738 F600
G1 X146.3214 Y113.7056 Z3.1050 E0.05155 F600
G1 X146.0343 Y113.2355 Z3.0514 E0.04970 F600
G1 X145.9885 Y113.0403 Z2.9050 E0.02230 F600
G1 X146.3318 Y113.3196 Z2.7050 E0.04361 F600
G1 X147.0069 Y114.1918 Z2.5050 E0.10066 F600
G1 X147.7018 Y115.6528 Z2.3586 E0.14588 F600
G1 X148.0000 Y117.5000 Z2.3050 E0.16810 F600
G1 X147.7018 Y119.3472 Z2.3586 E0.16810 F600
G1 X147.0069 Y120.8082 Z2.5050 E0.14588 F600
G1 X146.3318 Y121.6804 Z2.7050 E0.10066 F600
G1 X145.9885 Y121.9597 Z2.9050 E0.04361 F600
G1 X146.0343 Y121.7645 Z3.0514 E0.02230 F600
G1 X146.3214 Y121.2944 Z3.1050 E0.04970 F600
; row 4/57
G1 X147.5118 Y116.9761 Z3.5514 E0.40425 F600
G1 X147.5826 Y116.7663 Z3.4050 E0.02384 F600
G1 X147.7378 Y117.1042 Z3.2050 E0.03791 F600
G1 X147.8486 Y118.0843 Z3.0050 E0.09038 F600
G1 X147.6216 Y119.6063 Z2.8586 E0.13882 F600
G1 X146.8171 Y121.3597 Z2.8050 E0.17330 F600
G1 X145.5231 Y122.9471 Z2.8586 E0.18398 F600
G1 X144.1484 Y124.0934 Z3.0050 E0.16127 F600
G1 X143.1282 Y124.7279 Z3.2050 E0.10938 F600
G1 X142.6847 Y124.9109 Z3.4050 E0.04668 F600
G1 X142.7955 Y124.7534 Z3.5514 E0.02173 F600
G1 X143.2561 Y124.4013 Z3.6050 E0.05228 F600
G1 X143.7684 Y124.0495 Z3.5514 E0.05602 F600
G1 X144.0436 Y123.9230 Z3.4050 E0.03021 F600
G1 X143.8597 Y124.1945 Z3.2050 E0.03450 F600
G1 X143.0723 Y124.8825 Z3.0050 E0.09560 F600
G1 X141.6810 Y125.8262 Z2.8586 E0.15155 F600
G1 X139.9299 Y126.7908 Z2.8050 E0.17960 F600
G1 X138.2387 Y127.6150 Z2.8586 E0.16901 F600
G1 X136.9465 Y128.2338 Z3.0050 E0.12934 F600
G1 X136.1612 Y128.6023 Z3.2050 E0.07994 F600
G1 X135.8375 Y128.6920 Z3.4050 E0.03511 F600
G1 X135.8906 Y128.5502 Z3.5514 E0.01892 F600
G1 X136.2086 Y128.3014 Z3.6050 E0.03658 F600
G1 X136.6081 Y128.0918 Z3.5514 E0.04080 F600
G1 X136.8418 Y128.0468 Z3.4050 E0.02510 F600
G1 X136.7022 Y128.2538 Z3.2050 E0.02873 F600
G1 X136.1487 Y128.7509 Z3.0050 E0.06919 F600
G1 X135.3532 Y129.5421 Z2.8586 E0.10161 F600
G1 X134.5876 Y130.6118 Z2.8050 E0.11822 F600
G1 X134.0192 Y131.8599 Z2.8586 E0.12325 F600
G1 X133.6425 Y133.0328 Z3.0050 E0.11140 F600
G1 X133.3977 Y133.8195 Z3.2050 E0.07614 F600
G1 X133.2611 Y134.0492 Z3.4050 E0.02997 F600
G1 X133.2277 Y133.7865 Z3.5514 E0.02717 F600
G1 X133.2812 Y133.2812 Z3.6050 E0.04588 F600
G1 X133.3876 Y132.8424 Z3.5514 E0.04083 F600
G1 X133.4887 Y132.7274 Z3.4050 E0.01903 F600
G1 X133.5213 Y133.1073 Z3.2050 E0.03867 F600
G1 X133.4568 Y134.0832 Z3.0050 E0.08965 F600
G1 X133.2879 Y135.6619 Z2.8586 E0.14318 F600
G1 X132.9702 Y137.6612 Z2.8050 E0.18186 F600
G1 X132.4572 Y139.6750 Z2.8586 E0.18668 F600
G1 X131.8299 Y141.2522 Z3.0050 E0.15299 F600
G1 X131.3036 Y142.1481 Z3.2050 E0.09502 F600
G1 X131.0637 Y142.3746 Z3.4050 E0.03465 F600
G1 X131.1302 Y142.0896 Z3.5514 E0.02939 F600
G1 X131.3750 Y141.5322 Z3.6050 E0.05488 F600
G1 X131.6302 Y141.0166 Z3.5514 E0.05189 F600
G1 X131.7663 Y140.8746 Z3.4050 E0.02202 F600
G1 X131.6834 Y141.3402 Z3.2050 E0.04611 F600
G1 X131.2670 Y142.4419 Z3.0050 E0.10728 F600
G1 X130.3941 Y143.9369 Z2.8586 E0.15602 F600
G1 X129.0408 Y145.3619 Z2.8050 E0.17655 F600
G1 X127.4133 Y146.2905 Z2.8586 E0.16833 F600
G1 X125.9078 Y146.6241 Z3.0050 E0.13910 F600
G1 X124.8874 Y146.5878 Z3.2050 E0.09344 F600
G1 X124.5082 Y146.4619 Z3.4050 E0.04012 F600
G1 X124.7001 Y146.3780 Z3.5514 E0.02295 F600
G1 X125.2249 Y146.3297 Z3.6050 E0.04757 F600
G1 X125.7595 Y146.3043 Z3.5514 E0.04830 F600
G1 X125.9917 Y146.3576 Z3.4050 E0.02511 F600
G1 X125.6876 Y146.5311 Z3.2050 E0.03621 F600
G1 X124.7269 Y146.7089 Z3.0050 E0.08956 F600
G1 X123.1580 Y146.6079 Z2.8586 E0.14179 F600
G1 X121.2512 Y145.9936 Z2.8050 E0.17996 F600
G1 X119.4187 Y144.9386 Z2.8586 E0.18995 F600
G1 X118.0064 Y143.8026 Z3.0050 E0.16330 F600
G1 X117.1668 Y142.9535 Z3.2050 E0.10872 F600
G1 X116.8886 Y142.5703 Z3.4050 E0.04617 F600
G1 X117.0612 Y142.6375 Z3.5514 E0.02121 F600
G1 X117.5000 Y143.0000 Z3.6050 E0.05134 F600
G1 X117.9525 Y143.4217 Z3.5514 E0.05575 F600
G1 X118.1381 Y143.6645 Z3.4050 E0.03043 F600
G1 X117.8409 Y143.5421 Z3.2050 E0.03400 F600
G1 X117.0103 Y142.9379 Z3.0050 E0.09397 F600
G1 X115.7960 Y141.8679 Z2.8586 E0.14593 F600
G1 X114.4639 Y140.5616 Z2.8050 E0.16762 F600
G1 X113.2487 Y139.3710 Z2.8586 E0.15285 F600
G1 X112.2976 Y138.5263 Z3.0050 E0.11498 F600
G1 X111.7084 Y138.0354 Z3.2050 E0.07118 F600
G1 X111.5242 Y137.8080 Z3.4050 E0.03184 F600
G1 X111.6835 Y137.7844 Z3.5514 E0.01955 F600
G1 X112.0251 Y137.9326 Z3.6050 E0.03378 F600
G1 X112.3459 Y138.1720 Z3.5514 E0.03627 F600
G1 X112.4546 Y138.3505 Z3.4050 E0.02291 F600
G1 X112.2105 Y138.3276 Z3.2050 E0.02842 F600
G1 X111.5543 Y138.0955 Z3.0050 E0.06503 F600
G1 X110.5056 Y137.8132 Z2.8586 E0.09841 F600
G1 X109.1412 Y137.6799 Z2.8050 E0.12320 F600
G1 X107.6282 Y137.7402 Z2.8586 E0.13607 F600
G1 X106.2594 Y137.8647 Z3.0050 E0.12412 F600
G1 X105.3518 Y137.9192 Z3.2050 E0.08360 F600
G1 X105.0668 Y137.8712 Z3.4050 E0.03157 F600
G1 X105.3288 Y137.7563 Z3.5514 E0.02886 F600
G1 X105.8750 Y137.6351 Z3.6050 E0.05048 F600
G1 X106.3725 Y137.5746 Z3.5514 E0.04526 F600
G1 X106.5285 Y137.6208 Z3.4050 E0.01966 F600
G1 X106.1396 Y137.7855 Z3.2050 E0.04196 F600
G1 X105.0970 Y138.0583 Z3.0050 E0.09843 F600
G1 X103.4167 Y138.3794 Z2.8586 E0.15419 F600
G1 X101.3146 Y138.5932 Z2.8050 E0.18980 F600
G1 X99.2168 Y138.5325 Z2.8586 E0.18853 F600
G1 X97.5751 Y138.2071 Z3.0050 E0.15086 F600
G1 X96.6318 Y137.8289 Z3.2050 E0.09302 F600
G1 X96.3767 Y137.6175 Z3.4050 E0.03475 F600
G1 X96.6530 Y137.6317 Z3.5514 E0.02811 F600
G1 X97.2188 Y137.7812 Z3.6050 E0.05277 F600
G1 X97.7536 Y137.9480 Z3.5514 E0.05054 F600
G1 X97.9163 Y138.0629 Z3.4050 E0.02220 F600
G1 X97.4615 Y138.0701 Z3.2050 E0.04462 F600
G1 X96.3522 Y137.8489 Z3.0050 E0.10315 F600
G1 X94.8248 Y137.2112 Z2.8586 E0.14922 F600
G1 X93.3333 Y136.0438 Z2.8050 E0.17016 F600
G1 X92.2988 Y134.4984 Z2.8586 E0.16707 F600
G1 X91.8382 Y132.9819 Z3.0050 E0.14293 F600
G1 X91.7687 Y131.9102 Z3.2050 E0.09810 F600
G1 X91.8464 Y131.4884 Z3.4050 E0.04250 F600
G1 X91.9439 Y131.6660 Z3.5514 E0.02244 F600
G1 X92.0414 Y132.1986 Z3.6050 E0.04886 F600
G1 X92.1177 Y132.7512 Z3.5514 E0.05033 F600
G1 X92.0917 Y133.0075 Z3.4050 E0.02661 F600
G1 X91.9018 Y132.7293 Z3.2050 E0.03518 F600
G1 X91.6399 Y131.7738 Z3.0050 E0.09077 F600
G1 X91.5617 Y130.1510 Z2.8586 E0.14650 F600
G1 X91.8881 Y128.1088 Z2.8050 E0.18579 F600
G1 X92.5774 Y126.0816 Z2.8586 E0.19234 F600
G1 X93.3527 Y124.4711 Z3.0050 E0.16105 F600
G1 X93.9443 Y123.4824 Z3.2050 E0.10501 F600
G1 X94.2312 Y123.1305 Z3.4050 E0.04455 F600
G1 X94.2183 Y123.3048 Z3.5514 E0.02047 F600
G1 X93.9939 Y123.7984 Z3.6050 E0.04894 F600
G1 X93.7068 Y124.3226 Z3.5514 E0.05388 F600
G1 X93.5191 Y124.5567 Z3.4050 E0.02998 F600
G1 X93.5617 Y124.2513 Z3.2050 E0.03300 F600
G1 X93.9132 Y123.3359 Z3.0050 E0.08987 F600
G1 X94.5442 Y121.9621 Z2.8586 E0.13639 F600
G1 X95.2620 Y120.4277 Z2.8050 E0.15220 F600
G1 X95.8151 Y119.0164 Z2.8586 E0.13621 F600
G1 X96.1081 Y117.9118 Z3.0050 E0.10346 F600
G1 X96.2422 Y117.2217 Z3.2050 E0.06564 F600
G1 X96.3479 Y116.9841 Z3.4050 E0.02946 F600
G1 X96.4526 Y117.1326 Z3.5514 E0.02095 F600
G1 X96.5000 Y117.5000 Z3.6050 E0.03361 F600
G1 X96.4526 Y117.8674 Z3.5514 E0.03361 F600
G1 X96.3479 Y118.0159 Z3.4050 E0.02095 F600
G1 X96.2422 Y117.7783 Z3.2050 E0.02946 F600
G1 X96.1081 Y117.0882 Z3.0050 E0.06564 F600
G1 X95.8151 Y115.9836 Z2.8586 E0.10346 F600
G1 X95.2620 Y114.5723 Z2.8050 E0.13621 F600
G1 X94.5442 Y113.0379 Z2.8586 E0.15220 F600
G1 X93.9132 Y111.6641 Z3.0050 E0.13639 F600
G1 X93.5617 Y110.7487 Z3.2050 E0.08987 F600
G1 X93.5191 Y110.4433 Z3.4050 E0.03300 F600
G1 X93.7068 Y110.6774 Z3.5514 E0.02998 F600
G1 X93.9939 Y111.2016 Z3.6050 E0.05388 F600
G1 X94.2183 Y111.6952 Z3.5514 E0.04894 F600
G1 X94.2312 Y111.8695 Z3.4050 E0.02047 F600
G1 X93.9443 Y111.5176 Z3.2050 E0.04455 F600
G1 X93.3527 Y110.5289 Z3.0050 E0.10501 F600
G1 X92.5774 Y108.9184 Z2.8586 E0.16105 F600
G1 X91.8881 Y106.8912 Z2.8050 E0.19234 F600
G1 X91.5617 Y104.8490 Z2.8586 E0.18579 F600
G1 X91.6399 Y103.2262 Z3.0050 E0.14650 F600
G1 X91.9018 Y102.2707 Z3.2050 E0.09077 F600
G1 X92.0917 Y101.9925 Z3.4050 E0.03518 F600
G1 X92.1177 Y102.2488 Z3.5514 E0.02661 F600
G1 X92.0414 Y102.8014 Z3.6050 E0.05033 F600
G1 X91.9439 Y103.3340 Z3.5514 E0.04886 F600
G1 X91.8464 Y103.5116 Z3.4050 E0.02244 F600
G1 X91.7687 Y103.0898 Z3.2050 E0.04250 F600
G1 X91.8382 Y102.0181 Z3.0050 E0.09810 F600
G1 X92.2988 Y100.5016 Z2.8586 E0.14293 F600
G1 X93.3333 Y98.9562 Z2.8050 E0.16707 F600
G1 X94.8248 Y97.7888 Z2.8586 E0.17016 F600
G1 X96.3522 Y97.1511 Z3.0050 E0.14922 F600
G1 X97.4615 Y96.9299 Z3.2050 E0.10315 F600
G1 X97.9163 Y96.9371 Z3.4050 E0.04462 F600
G1 X97.7536 Y97.0520 Z3.5514 E0.02220 F600
G1 X97.2188 Y97.2188 Z3.6050 E0.05054 F600
G1 X96.6530 Y97.3683 Z3.5514 E0.05277 F600
G1 X96.3767 Y97.3825 Z3.4050 E0.02811 F600
G1 X96.6318 Y97.1711 Z3.2050 E0.03475 F600
G1 X97.5751 Y96.7929 Z3.0050 E0.09302 F600
G1 X99.2168 Y96.4675 Z2.8586 E0.15086 F600
G1 X101.3146 Y96.4068 Z2.8050 E0.18853 F600
G1 X103.4167 Y96.6206 Z2.8586 E0.18980 F600
G1 X105.0970 Y96.9417 Z3.0050 E0.15419 F600
G1 X106.1396 Y97.2145 Z3.2050 E0.09843 F600
G1 X106.5285 Y97.3792 Z3.4050 E0.04196 F600
G1 X106.3725 Y97.4254 Z3.5514 E0.01966 F600
G1 X105.8750 Y97.3649 Z3.6050 E0.04526 F600
G1 X105.3288 Y97.2437 Z3.5514 E0.05048 F600
G1 X105.0668 Y97.1288 Z3.4050 E0.02886 F600
G1 X105.3518 Y97.0808 Z3.2050 E0.03157 F600
G1 X106.2594 Y97.1353 Z3.0050 E0.08360 F600
G1 X107.6282 Y97.2598 Z2.8586 E0.12412 F600
G1 X109.1412 Y97.3201 Z2.8050 E0.13607 F600
G1 X110.5056 Y97.1868 Z2.8586 E0.12320 F600
G1 X111.5543 Y96.9045 Z3.0050 E0.09841 F600
G1 X112.2105 Y96.6724 Z3.2050 E0.06503 F600
G1 X112.4546 Y96.6495 Z3.4050 E0.02842 F600
G1 X112.3459 Y96.8280 Z3.5514 E0.02291 F600
G1 X112.0251 Y97.0674 Z3.6050 E0.03627 F600
G1 X111.6835 Y97.2156 Z3.5514 E0.03378 F600
G1 X111.5242 Y97.1920 Z3.4050 E0.01955 F600
G1 X111.7084 Y96.9646 Z3.2050 E0.03184 F600
G1 X112.2976 Y96.4737 Z3.0050 E0.07118 F600
G1 X113.2487 Y95.6290 Z2.8586 E0.11498 F600
G1 X114.4639 Y94.4384 Z2.8050 E0.15285 F600
G1 X115.7960 Y93.1321 Z2.8586 E0.16762 F600
G1 X117.0103 Y92.0621 Z3.0050 E0.14593 F600
G1 X117.8409 Y91.4579 Z3.2050 E0.09397 F600
G1 X118.1381 Y91.3355 Z3.4050 E0.03400 F600
G1 X117.9525 Y91.5783 Z3.5514 E0.03043 F600
G1 X117.5000 Y92.0000 Z3.6050 E0.05575 F600
G1 X117.0612 Y92.3625 Z3.5514 E0.05134 F600
G1 X116.8886 Y92.4297 Z3.4050 E0.02121 F600
G1 X117.1668 Y92.0465 Z3.2050 E0.04617 F600
G1 X118.0064 Y91.1974 Z3.0050 E0.10872 F600
G1 X119.4187 Y90.0614 Z2.8586 E0.16330 F600
G1 X121.2512 Y89.0064 Z2.8050 E0.18995 F600
G1 X123.1580 Y88.3921 Z2.8586 E0.17996 F600
G1 X124.7269 Y88.2911 Z3.0050 E0.14179 F600
G1 X125.6876 Y88.4689 Z3.2050 E0.08956 F600
G1 X125.9917 Y88.6424 Z3.4050 E0.03621 F600
G1 X125.7595 Y88.6957 Z3.5514 E0.02511 F600
G1 X125.2249 Y88.6703 Z3.6050 E0.04830 F600
G1 X124.7001 Y88.6220 Z3.5514 E0.04757 F600
G1 X124.5082 Y88.5381 Z3.4050 E0.02295 F600
G1 X124.8874 Y88.4122 Z3.2050 E0.04012 F600
G1 X125.9078 Y88.3759 Z3.0050 E0.09344 F600
G1 X127.4133 Y88.7095 Z2.8586 E0.13910 F600
G1 X129.0408 Y89.6381 Z2.8050 E0.16833 F600
G1 X130.3941 Y91.0631 Z2.8586 E0.17655 F600
G1 X131.2670 Y92.5581 Z3.0050 E0.15602 F600
G1 X131.6834 Y93.6598 Z3.2050 E0.10728 F600
G1 X131.7663 Y94.1254 Z3.4050 E0.04611 F600
G1 X131.6302 Y93.9834 Z3.5514 E0.02202 F600
G1 X131.3750 Y93.4678 Z3.6050 E0.05189 F600
G1 X131.1302 Y92.9104 Z3.5514 E0.05488 F600
G1 X131.0637 Y92.6254 Z3.4050 E0.02939 F600
G1 X131.3036 Y92.8519 Z3.2050 E0.03465 F600
G1 X131.8299 Y93.7478 Z3.0050 E0.09502 F600
G1 X132.4572 Y95.3250 Z2.8586 E0.15299 F600
G1 X132.9702 Y97.3388 Z2.8050 E0.18668 F600
G1 X133.2879 Y99.3381 Z2.8586 E0.18186 F600
G1 X133.4568 Y100.9168 Z3.0050 E0.14318 F600
G1 X133.5213 Y101.8927 Z3.2050 E0.08965 F600
G1 X133.4887 Y102.2726 Z3.4050 E0.03867 F600
G1 X133.3876 Y102.1576 Z3.5514 E0.01903 F600
G1 X133.2812 Y101.7188 Z3.6050 E0.04083 F600
G1 X133.2277 Y101.2135 Z3.5514 E0.04588 F600
G1 X133.2611 Y100.9508 Z3.4050 E0.02717 F600
G1 X133.3977 Y101.1805 Z3.2050 E0.02997 F600
G1 X133.6425 Y101.9672 Z3.0050 E0.07614 F600
G1 X134.0192 Y103.1401 Z2.8586 E0.11140 F600
G1 X134.5876 Y104.3882 Z2.8050 E0.12325 F600
G1 X135.3532 Y105.4579 Z2.8586 E0.11822 F600
G1 X136.1487 Y106.2491 Z3.0050 E0.10161 F600
G1 X136.7022 Y106.7462 Z3.2050 E0.06919 F600
G1 X136.8418 Y106.9532 Z3.4050 E0.02873 F600
G1 X136.6081 Y106.9082 Z3.5514 E0.02510 F600
G1 X136.2086 Y106.6986 Z3.6050 E0.04080 F600
G1 X135.8906 Y106.4498 Z3.5514 E0.03658 F600
G1 X135.8375 Y106.3080 Z3.4050 E0.01892 F600
G1 X136.1612 Y106.3977 Z3.2050 E0.03511 F600
G1 X136.9465 Y106.7662 Z3.0050 E0.07994 F600
G1 X138.2387 Y107.3850 Z2.8586 E0.12934 F600
G1 X139.9299 Y108.2092 Z2.8050 E0.16901 F600
G1 X141.6810 Y109.1738 Z2.8586 E0.17960 F600
G1 X143.0723 Y110.1175 Z3.0050 E0.15155 F600
G1 X143.8597 Y110.8055 Z3.2050 E0.09560 F600
G1 X144.0436 Y111.0770 Z3.4050 E0.03450 F600
G1 X143.7684 Y110.9505 Z3.5514 E0.03021 F600
G1 X143.2561 Y110.5987 Z3.6050 E0.05602 F600
G1 X142.7955 Y110.2466 Z3.5514 E0.05228 F600
G1 X142.6847 Y110.0891 Z3.4050 E0.02173 F600
G1 X143.1282 Y110.2721 Z3.2050 E0.04668 F600
G1 X144.1484 Y110.9066 Z3.0050 E0.10938 F600
G1 X145.5231 Y112.0529 Z2.8586 E0.16127 F600
G1 X146.8171 Y113.6403 Z2.8050 E0.18398 F600
G1 X147.6216 Y115.3937 Z2.8586 E0.17330 F600
G1 X147.8486 Y116.9157 Z3.0050 E0.13882 F600
G1 X147.7378 Y117.8958 Z3.2050 E0.09038 F600
G1 X147.5826 Y118.2337 Z3.4050 E0.03791 F600
G1 X147.5118 Y118.0239 Z3.5514 E0.02384 F600
G1 X147.5000 Y117.5000 Z3.6050 E0.04730 F600
; row 5/57
G1 X146.6402 Y120.8201 Z4.0514 E0.31059 F600
G1 X146.8346 Y120.6365 Z3.9050 E0.02738 F600
G1 X146.7872 Y120.9664 Z3.7050 E0.03491 F600
G1 X146.3372 Y121.8627 Z3.5050 E0.09184 F600
G1 X145.3145 Y123.1589 Z3.3586 E0.14885 F600
G1 X143.7391 Y124.5307 Z3.3050 E0.18766 F600
G1 X141.9385 Y125.6770 Z3.3586 E0.19174 F600
G1 X140.3676 Y126.4604 Z3.5050 E0.15819 F600
G1 X139.3302 Y126.8790 Z3.7050 E0.10205 F600
G1 X138.9032 Y126.9833 Z3.9050 E0.04336 F600
G1 X139.0102 Y126.8529 Z4.0514 E0.02006 F600
G1 X139.4679 Y126.5994 Z4.1050 E0.04723 F600
G1 X139.9978 Y126.3621 Z4.0514 E0.05236 F600
G1 X140.2835 Y126.2928 Z3.9050 E0.02950 F600
G1 X140.0733 Y126.5059 Z3.7050 E0.03233 F600
G1 X139.2736 Y127.0139 Z3.5050 E0.08697 F600
G1 X138.0176 Y127.7297 Z3.3586 E0.13048 F600
G1 X136.6417 Y128.5514 Z3.3050 E0.14400 F600
G1 X135.4896 Y129.4070 Z3.3586 E0.12896 F600
G1 X134.7074 Y130.1851 Z3.5050 E0.09994 F600
G1 X134.2559 Y130.7093 Z3.7050 E0.06468 F600
G1 X134.0524 Y130.8547 Z3.9050 E0.02876 F600
G1 X134.0445 Y130.6601 Z4.0514 E0.02188 F600
G1 X134.1910 Y130.3074 Z4.1050 E0.03463 F600
G1 X134.4114 Y130.0137 Z4.0514 E0.03332 F600
G1 X134.5683 Y129.9477 Z3.9050 E0.02017 F600
G1 X134.5344 Y130.2202 Z3.7050 E0.03050 F600
G1 X134.2947 Y130.9084 Z3.5050 E0.06787 F600
G1 X133.9583 Y132.0610 Z3.3586 E0.10863 F600
G1 X133.6348 Y133.6348 Z3.3050 E0.14436 F600
G1 X133.3291 Y135.3915 Z3.3586 E0.16020 F600
G1 X133.0116 Y136.9291 Z3.5050 E0.14160 F600
G1 X132.7308 Y137.8965 Z3.7050 E0.09223 F600
G1 X132.5754 Y138.1713 Z3.9050 E0.03356 F600
G1 X132.5711 Y137.8675 Z4.0514 E0.03029 F600
G1 X132.6658 Y137.2645 Z4.1050 E0.05502 F600
G1 X132.7887 Y136.7205 Z4.0514 E0.05032 F600
G1 X132.8837 Y136.5673 Z3.9050 E0.02086 F600
G1 X132.8982 Y137.0325 Z3.7050 E0.04549 F600
G1 X132.7611 Y138.2019 Z3.5050 E0.10725 F600
G1 X132.3694 Y139.9653 Z3.3586 E0.16275 F600
G1 X131.6250 Y141.9652 Z3.3050 E0.19170 F600
G1 X130.5666 Y143.7075 Z3.3586 E0.18313 F600
G1 X129.4509 Y144.8507 Z3.5050 E0.14405 F600
G1 X128.6209 Y145.3747 Z3.7050 E0.08996 F600
G1 X128.2873 Y145.4517 Z3.9050 E0.03561 F600
G1 X128.4310 Y145.2499 Z4.0514 E0.02584 F600
G1 X128.8494 Y144.8999 Z4.1050 E0.04922 F600
G1 X129.2731 Y144.5762 Z4.0514 E0.04812 F600
G1 X129.4674 Y144.5096 Z3.9050 E0.02265 F600
G1 X129.2578 Y144.8670 Z3.7050 E0.04132 F600
G1 X128.5101 Y145.5986 Z3.5050 E0.09564 F600
G1 X127.1658 Y146.3880 Z3.3586 E0.14061 F600
G1 X125.3543 Y146.8126 Z3.3050 E0.16716 F600
G1 X123.4335 Y146.6643 Z3.3586 E0.17307 F600
G1 X121.8297 Y146.1192 Z3.5050 E0.15269 F600
G1 X120.8204 Y145.5542 Z3.7050 E0.10541 F600
G1 X120.4672 Y145.2517 Z3.9050 E0.04546 F600
G1 X120.6642 Y145.2717 Z4.0514 E0.02211 F600
G1 X121.1860 Y145.4978 Z4.1050 E0.05130 F600
G1 X121.7235 Y145.7598 Z4.0514 E0.05391 F600
G1 X121.9509 Y145.9320 Z3.9050 E0.02879 F600
G1 X121.6207 Y145.9199 Z3.7050 E0.03468 F600
G1 X120.6486 Y145.5827 Z3.5050 E0.09413 F600
G1 X119.1678 Y144.7687 Z3.3586 E0.15231 F600
G1 X117.5000 Y143.5000 Z3.3050 E0.18825 F600
G1 X115.9974 Y142.0674 Z3.3586 E0.18650 F600
G1 X114.8826 Y140.8451 Z3.5050 E0.14915 F600
G1 X114.2308 Y140.0472 Z3.7050 E0.09425 F600
G1 X114.0245 Y139.7013 Z3.9050 E0.04038 F600
G1 X114.1753 Y139.7463 Z4.0514 E0.01930 F600
G1 X114.5291 Y140.0659 Z4.1050 E0.04309 F600
G1 X114.8832 Y140.4671 Z4.0514 E0.04829 F600
G1 X115.0186 Y140.7078 Z3.9050 E0.02807 F600
G1 X114.7673 Y140.5888 Z3.7050 E0.03076 F600
G1 X114.0887 Y140.0486 Z3.5050 E0.07993 F600
G1 X113.0798 Y139.2262 Z3.3586 E0.11763 F600
G1 X111.8957 Y138.4155 Z3.3050 E0.12895 F600
G1 X110.6872 Y137.8613 Z3.3586 E0.11949 F600
G1 X109.6301 Y137.5845 Z3.5050 E0.09900 F600
G1 X108.9285 Y137.4507 Z3.7050 E0.06661 F600
G1 X108.7063 Y137.3469 Z3.9050 E0.02842 F600
G1 X108.9102 Y137.2553 Z4.0514 E0.02400 F600
G1 X109.3326 Y137.2179 Z4.1050 E0.03838 F600
G1 X109.7149 Y137.2637 Z4.0514 E0.03491 F600
G1 X109.8350 Y137.3612 Z3.9050 E0.01913 F600
G1 X109.5372 Y137.4590 Z3.7050 E0.03340 F600
G1 X108.7304 Y137.5700 Z3.5050 E0.07530 F600
G1 X107.3942 Y137.7692 Z3.3586 E0.12204 F600
G1 X105.6250 Y138.0681 Z3.3050 E0.16120 F600
G1 X103.7057 Y138.3409 Z3.3586 E0.17416 F600
G1 X102.0538 Y138.4529 Z3.5050 E0.14926 F600
G1 X101.0148 Y138.4113 Z3.7050 E0.09509 F600
G1 X100.7027 Y138.3193 Z3.9050 E0.03430 F600
G1 X100.9987 Y138.2450 Z4.0514 E0.03040 F600
G1 X101.6190 Y138.1965 Z4.1050 E0.05608 F600
G1 X102.1953 Y138.1831 Z4.0514 E0.05199 F600
G1 X102.3770 Y138.2366 Z3.9050 E0.02150 F600
G1 X101.9170 Y138.3681 Z3.7050 E0.04656 F600
G1 X100.7238 Y138.5130 Z3.5050 E0.10942 F600
G1 X98.9172 Y138.5040 Z3.3586 E0.16277 F600
G1 X96.8652 Y138.1348 Z3.3050 E0.18730 F600
G1 X95.0627 Y137.3508 Z3.3586 E0.17658 F600
G1 X93.8526 Y136.3794 Z3.5050 E0.13997 F600
G1 X93.2698 Y135.5936 Z3.7050 E0.08968 F600
G1 X93.1603 Y135.2507 Z3.9050 E0.03698 F600
G1 X93.3608 Y135.3621 Z4.0514 E0.02443 F600
G1 X93.7299 Y135.7394 Z4.1050 E0.04765 F600
G1 X94.0790 Y136.1299 Z4.0514 E0.04728 F600
G1 X94.1658 Y136.3264 Z3.9050 E0.02334 F600
G1 X93.8121 Y136.1741 Z3.7050 E0.03897 F600
G1 X93.0526 Y135.5223 Z3.5050 E0.09165 F600
G1 X92.1834 Y134.2567 Z3.3586 E0.13850 F600
G1 X91.6083 Y132.4486 Z3.3050 E0.17046 F600
G1 X91.5409 Y130.4427 Z3.3586 E0.18030 F600
G1 X91.8528 Y128.7065 Z3.5050 E0.15896 F600
G1 X92.2397 Y127.5779 Z3.7050 E0.10864 F600
G1 X92.4706 Y127.1595 Z3.9050 E0.04652 F600
G1 X92.4842 Y127.3540 Z4.0514 E0.02190 F600
G1 X92.3501 Y127.9174 Z4.1050 E0.05223 F600
G1 X92.1787 Y128.5100 Z4.0514 E0.05560 F600
G1 X92.0467 Y128.7778 Z3.9050 E0.02987 F600
G1 X92.0125 Y128.4503 Z3.7050 E0.03460 F600
G1 X92.1845 Y127.4196 Z3.5050 E0.09555 F600
G1 X92.6892 Y125.8016 Z3.3586 E0.15277 F600
G1 X93.5109 Y123.9279 Z3.3050 E0.18380 F600
G1 X94.4241 Y122.1948 Z3.3586 E0.17598 F600
G1 X95.1694 Y120.8783 Z3.5050 E0.13649 F600
G1 X95.6442 Y120.0868 Z3.7050 E0.08481 F600
G1 X95.8750 Y119.8121 Z3.9050 E0.03689 F600
G1 X95.9015 Y119.9608 Z4.0514 E0.01889 F600
G1 X95.7577 Y120.3624 Z4.1050 E0.03861 F600
G1 X95.5283 Y120.7837 Z4.0514 E0.04335 F600
G1 X95.3551 Y120.9667 Z3.9050 E0.02616 F600
G1 X95.3647 Y120.7095 Z3.7050 E0.02927 F600
G1 X95.5792 Y119.9577 Z3.5050 E0.07246 F600
G1 X95.8656 Y118.8232 Z3.3586 E0.10590 F600
G1 X96.0000 Y117.5000 Z3.3050 E0.11954 F600
G1 X95.8656 Y116.1768 Z3.3586 E0.11954 F600
G1 X95.5792 Y115.0423 Z3.5050 E0.10590 F600
G1 X95.3647 Y114.2905 Z3.7050 E0.07246 F600
G1 X95.3551 Y114.0333 Z3.9050 E0.02927 F600
G1 X95.5283 Y114.2163 Z4.0514 E0.02616 F600
G1 X95.7577 Y114.6376 Z4.1050 E0.04335 F600
G1 X95.9015 Y115.0392 Z4.0514 E0.03861 F600
G1 X95.8750 Y115.1879 Z3.9050 E0.01889 F600
G1 X95.6442 Y114.9132 Z3.7050 E0.03689 F600
G1 X95.1694 Y114.1217 Z3.5050 E0.08481 F600
G1 X94.4241 Y112.8052 Z3.3586 E0.13649 F600
G1 X93.5109 Y111.0721 Z3.3050 E0.17598 F600
G1 X92.6892 Y109.1984 Z3.3586 E0.18380 F600
G1 X92.1845 Y107.5804 Z3.5050 E0.15277 F600
G1 X92.0125 Y106.5497 Z3.7050 E0.09555 F600
G1 X92.0467 Y106.2222 Z3.9050 E0.03460 F600
G1 X92.1787 Y106.4900 Z4.0514 E0.02987 F600
G1 X92.3501 Y107.0826 Z4.1050 E0.05560 F600
G1 X92.4842 Y107.6460 Z4.0514 E0.05223 F600
G1 X92.4706 Y107.8405 Z3.9050 E0.02190 F600
G1 X92.2397 Y107.4221 Z3.7050 E0.04652 F600
G1 X91.8528 Y106.2935 Z3.5050 E0.10864 F600
G1 X91.5409 Y104.5573 Z3.3586 E0.15896 F600
G1 X91.6083 Y102.5514 Z3.3050 E0.18030 F600
G1 X92.1834 Y100.7433 Z3.3586 E0.17046 F600
G1 X93.0526 Y99.4777 Z3.5050 E0.13850 F600
G1 X93.8121 Y98.8259 Z3.7050 E0.09165 F600
G1 X94.1658 Y98.6736 Z3.9050 E0.03897 F600
G1 X94.0790 Y98.8701 Z4.0514 E0.02334 F600
G1 X93.7299 Y99.2606 Z4.1050 E0.04728 F600
G1 X93.3608 Y99.6379 Z4.0514 E0.04765 F600
G1 X93.1603 Y99.7493 Z3.9050 E0.02443 F600
G1 X93.2698 Y99.4064 Z3.7050 E0.03698 F600
G1 X93.8526 Y98.6206 Z3.5050 E0.08968 F600
G1 X95.0627 Y97.6492 Z3.3586 E0.13997 F600
G1 X96.8652 Y96.8652 Z3.3050 E0.17658 F600
G1 X98.9172 Y96.4960 Z3.3586 E0.18730 F600
G1 X100.7238 Y96.4870 Z3.5050 E0.16277 F600
G1 X101.9170 Y96.6319 Z3.7050 E0.10942 F600
G1 X102.3770 Y96.7634 Z3.9050 E0.04656 F600
G1 X102.1953 Y96.8169 Z4.0514 E0.02150 F600
G1 X101.6190 Y96.8035 Z4.1050 E0.05199 F600
G1 X100.9987 Y96.7550 Z4.0514 E0.05608 F600
G1 X100.7027 Y96.6807 Z3.9050 E0.03040 F600
G1 X101.0148 Y96.5887 Z3.7050 E0.03430 F600
G1 X102.0538 Y96.5471 Z3.5050 E0.09509 F600
G1 X103.7057 Y96.6591 Z3.3586 E0.14926 F600
G1 X105.6250 Y96.9319 Z3.3050 E0.17416 F600
G1 X107.3942 Y97.2308 Z3.3586 E0.16120 F600
G1 X108.7304 Y97.4300 Z3.5050 E0.12204 F600
G1 X109.5372 Y97.5410 Z3.7050 E0.07530 F600
G1 X109.8350 Y97.6388 Z3.9050 E0.03340 F600
G1 X109.7149 Y97.7363 Z4.0514 E0.01913 F600
G1 X109.3326 Y97.7821 Z4.1050 E0.03491 F600
G1 X108.9102 Y97.7447 Z4.0514 E0.03838 F600
G1 X108.7063 Y97.6531 Z3.9050 E0.02400 F600
G1 X108.9285 Y97.5493 Z3.7050 E0.02842 F600
G1 X109.6301 Y97.4155 Z3.5050 E0.06661 F600
G1 X110.6872 Y97.1387 Z3.3586 E0.09900 F600
G1 X111.8957 Y96.5845 Z3.3050 E0.11949 F600
G1 X113.0798 Y95.7738 Z3.3586 E0.12895 F600
G1 X114.0887 Y94.9514 Z3.5050 E0.11763 F600
G1 X114.7673 Y94.4112 Z3.7050 E0.07993 F600
G1 X115.0186 Y94.2922 Z3.9050 E0.03076 F600
G1 X114.8832 Y94.5329 Z4.0514 E0.02807 F600
G1 X114.5291 Y94.9341 Z4.1050 E0.04829 F600
G1 X114.1753 Y95.2537 Z4.0514 E0.04309 F600
G1 X114.0245 Y95.2987 Z3.9050 E0.01930 F600
G1 X114.2308 Y94.9528 Z3.7050 E0.04038 F600
G1 X114.8826 Y94.1549 Z3.5050 E0.09425 F600
G1 X115.9974 Y92.9326 Z3.3586 E0.14915 F600
G1 X117.5000 Y91.5000 Z3.3050 E0.18650 F600
G1 X119.1678 Y90.2313 Z3.3586 E0.18825 F600
G1 X120.6486 Y89.4173 Z3.5050 E0.15231 F600
G1 X121.6207 Y89.0801 Z3.7050 E0.09413 F600
G1 X121.9509 Y89.0680 Z3.9050 E0.03468 F600
G1 X121.7235 Y89.2402 Z4.0514 E0.02879 F600
G1 X121.1860 Y89.5022 Z4.1050 E0.05391 F600
G1 X120.6642 Y89.7283 Z4.0514 E0.05130 F600
G1 X120.4672 Y89.7483 Z3.9050 E0.02211 F600
G1 X120.8204 Y89.4458 Z3.7050 E0.04546 F600
G1 X121.8297 Y88.8808 Z3.5050 E0.10541 F600
G1 X123.4335 Y88.3357 Z3.3586 E0.15269 F600
G1 X125.3543 Y88.1874 Z3.3050 E0.17307 F600
G1 X127.1658 Y88.6120 Z3.3586 E0.16716 F600
G1 X128.5101 Y89.4014 Z3.5050 E0.14061 F600
G1 X129.2578 Y90.1330 Z3.7050 E0.09564 F600
G1 X129.4674 Y90.4904 Z3.9050 E0.04132 F600
G1 X129.2731 Y90.4238 Z4.0514 E0.02265 F600
G1 X128.8494 Y90.1001 Z4.1050 E0.04812 F600
G1 X128.4310 Y89.7501 Z4.0514 E0.04922 F600
G1 X128.2873 Y89.5483 Z3.9050 E0.02584 F600
G1 X128.6209 Y89.6253 Z3.7050 E0.03561 F600
G1 X129.4509 Y90.1493 Z3.5050 E0.08996 F600
G1 X130.5666 Y91.2925 Z3.3586 E0.14405 F600
G1 X131.6250 Y93.0348 Z3.3050 E0.18313 F600
G1 X132.3694 Y95.0347 Z3.3586 E0.19170 F600
G1 X132.7611 Y96.7981 Z3.5050 E0.16275 F600
G1 X132.8982 Y97.9675 Z3.7050 E0.10725 F600
G1 X132.8837 Y98.4327 Z3.9050 E0.04549 F600
G1 X132.7887 Y98.2795 Z4.0514 E0.02086 F600
G1 X132.6658 Y97.7355 Z4.1050 E0.05032 F600
G1 X132.5711 Y97.1325 Z4.0514 E0.05502 F600
G1 X132.5754 Y96.8287 Z3.9050 E0.03029 F600
G1 X132.7308 Y97.1035 Z3.7050 E0.03356 F600
G1 X133.0116 Y98.0709 Z3.5050 E0.09223 F600
G1 X133.3291 Y99.6085 Z3.3586 E0.14160 F600
G1 X133.6348 Y101.3652 Z3.3050 E0.16020 F600
G1 X133.9583 Y102.9390 Z3.3586 E0.14436 F600
G1 X134.2947 Y104.0916 Z3.5050 E0.10863 F600
G1 X134.5344 Y104.7798 Z3.7050 E0.06787 F600
G1 X134.5683 Y105.0523 Z3.9050 E0.03050 F600
G1 X134.4114 Y104.9863 Z4.0514 E0.02017 F600
G1 X134.1910 Y104.6926 Z4.1050 E0.03332 F600
G1 X134.0445 Y104.3399 Z4.0514 E0.03463 F600
G1 X134.0524 Y104.1453 Z3.9050 E0.02188 F600
G1 X134.2559 Y104.2907 Z3.7050 E0.02876 F600
G1 X134.7074 Y104.8149 Z3.5050 E0.06468 F600
G1 X135.4896 Y105.5930 Z3.3586 E0.09994 F600
G1 X136.6417 Y106.4486 Z3.3050 E0.12896 F600
G1 X138.0176 Y107.2703 Z3.3586 E0.14400 F600
G1 X139.2736 Y107.9861 Z3.5050 E0.13048 F600
G1 X140.0733 Y108.4941 Z3.7050 E0.08697 F600
G1 X140.2835 Y108.7072 Z3.9050 E0.03233 F600
G1 X139.9978 Y108.6379 Z4.0514 E0.02950 F600
G1 X139.4679 Y108.4006 Z4.1050 E0.05236 F600
G1 X139.0102 Y108.1471 Z4.0514 E0.04723 F600
G1 X138.9032 Y108.0167 Z3.9050 E0.02006 F600
G1 X139.3302 Y108.1210 Z3.7050 E0.04336 F600
G1 X140.3676 Y108.5396 Z3.5050 E0.10205 F600
G1 X141.9385 Y109.3230 Z3.3586 E0.15819 F600
G1 X143.7391 Y110.4693 Z3.3050 E0.19174 F600
G1 X145.3145 Y111.8411 Z3.3586 E0.18766 F600
G1 X146.3372 Y113.1373 Z3.5050 E0.14885 F600
G1 X146.7872 Y114.0336 Z3.7050 E0.09184 F600
G1 X146.8346 Y114.3635 Z3.9050 E0.03491 F600
G1 X146.6402 Y114.1799 Z4.0514 E0.02738 F600
G1 X146.3214 Y113.7056 Z4.1050 E0.05155 F600
G1 X146.0343 Y113.2355 Z4.0514 E0.04970 F600
G1 X145.9885 Y113.0403 Z3.9050 E0.02230 F600
G1 X146.3318 Y113.3196 Z3.7050 E0.04361 F600
G1 X147.0069 Y114.1918 Z3.5050 E0.10066 F600
G1 X147.7018 Y115.6528 Z3.3586 E0.14588 F600
G1 X148.0000 Y117.5000 Z3.3050 E0.16810 F600
G1 X147.7018 Y119.3472 Z3.3586 E0.16810 F600
G1 X147.0069 Y120.8082 Z3.5050 E0.14588 F600
G1 X146.3318 Y121.6804 Z3.7050 E0.10066 F600
G1 X145.9885 Y121.9597 Z3.9050 E0.04361 F600
G1 X146.0343 Y121.7645 Z4.0514 E0.02230 F600
G1 X146.3214 Y121.2944 Z4.1050 E0.04970 F600
; row 6/57
G1 X147.5118 Y116.9761 Z4.5514 E0.40425 F600
G1 X147.5826 Y116.7663 Z4.4050 E0.02384 F600
G1 X147.7378 Y117.1042 Z4.2050 E0.03791 F600
G1 X147.8486 Y118.0843 Z4.0050 E0.09038 F600
G1 X147.6216 Y119.6063 Z3.8586 E0.13882 F600
G1 X146.8171 Y121.3597 Z3.8050 E0.17330 F600
G1 X145.5231 Y122.9471 Z3.8586 E0.18398 F600
G1 X144.1484 Y124.0934 Z4.0050 E0.16127 F600
G1 X143.1282 Y124.7279 Z4.2050 E0.10938 F600
G1 X142.6847 Y124.9109 Z4.4050 E0.04668 F600
G1 X142.7955 Y124.7534 Z4.5514 E0.02173 F600
G1 X143.2561 Y124.4013 Z4.6050 E0.05228 F600
G1 X143.7684 Y124.0495 Z4.5514 E0.05602 F600
G1 X144.0436 Y123.9230 Z4.4050 E0.03021 F600
G1 X143.8597 Y124.1945 Z4.2050 E0.03450 F600
G1 X143.0723 Y124.8825 Z4.0050 E0.09560 F600
G1 X141.6810 Y125.8262 Z3.8586 E0.15155 F600
G1 X139.9299 Y126.7908 Z3.8050 E0.17960 F600
G1 X138.2387 Y127.6150 Z3.8586 E0.16901 F600
G1 X136.9465 Y128.2338 Z4.0050 E0.12934 F600
G1 X136.1612 Y128.6023 Z4.2050 E0.07994 F600
G1 X135.8375 Y128.6920 Z4.4050 E0.03511 F600
G1 X135.8906 Y128.5502 Z4.5514 E0.01892 F600
G1 X136.2086 Y128.3014 Z4.6050 E0.03658 F600
G1 X136.6081 Y128.0918 Z4.5514 E0.04080 F600
G1 X136.8418 Y128.0468 Z4.4050 E0.02510 F600
G1 X136.7022 Y128.2538 Z4.2050 E0.02873 F600
G1 X136.1487 Y128.7509 Z4.0050 E0.06919 F600
G1 X135.3532 Y129.5421 Z3.8586 E0.10161 F600
G1 X134.5876 Y130.6118 Z3.8050 E0.11822 F600
G1 X134.0192 Y131.8599 Z3.8586 E0.12325 F600
G1 X133.6425 Y133.0328 Z4.0050 E0.11140 F600
G1 X133.3977 Y133.8195 Z4.2050 E0.07614 F600
G1 X133.2611 Y134.0492 Z4.4050 E0.02997 F600
G1 X133.2277 Y133.7865 Z4.5514 E0.02717 F600
G1 X133.2812 Y133.2812 Z4.6050 E0.04588 F600
G1 X133.3876 Y132.8424 Z4.5514 E0.04083 F600
G1 X133.4887 Y132.7274 Z4.4050 E0.01903 F600
G1 X133.5213 Y133.1073 Z4.2050 E0.03867 F600
G1 X133.4568 Y134.0832 Z4.0050 E0.08965 F600
G1 X133.2879 Y135.6619 Z3.8586 E0.14318 F600
G1 X132.9702 Y137.6612 Z3.8050 E0.18186 F600
G1 X132.4572 Y139.6750 Z3.8586 E0.18668 F600
G1 X131.8299 Y141.2522 Z4.0050 E0.15299 F600
G1 X131.3036 Y142.1481 Z4.2050 E0.09502 F600
G1 X131.0637 Y142.3746 Z4.4050 E0.03465 F600
G1 X131.1302 Y142.0896 Z4.5514 E0.02939 F600
G1 X131.3750 Y141.5322 Z4.6050 E0.05488 F600
G1 X131.6302 Y141.0166 Z4.5514 E0.05189 F600
G1 X131.7663 Y140.8746 Z4.4050 E0.02202 F600
G1 X131.6834 Y141.3402 Z4.2050 E0.04611 F600
G1 X131.2670 Y142.4419 Z4.0050 E0.10728 F600
G1 X130.3941 Y143.9369 Z3.8586 E0.15602 F600
G1 X129.0408 Y145.3619 Z3.8050 E0.17655 F600
G1 X127.4133 Y146.2905 Z3.8586 E0.16833 F600
G1 X125.9078 Y146.6241 Z4.0050 E0.13910 F600
G1 X124.8874 Y146.5878 Z4.2050 E0.09344 F600
G1 X124.5082 Y146.4619 Z4.4050 E0.04012 F600
G1 X124.7001 Y146.3780 Z4.5514 E0.02295 F600
G1 X125.2249 Y146.3297 Z4.6050 E0.04757 F600
G1 X125.7595 Y146.3043 Z4.5514 E0.04830 F600
G1 X125.9917 Y146.3576 Z4.4050 E0.02511 F600
G1 X125.6876 Y146.5311 Z4.2050 E0.03621 F600
G1 X124.7269 Y146.7089 Z4.0050 E0.08956 F600
G1 X123.1580 Y146.6079 Z3.8586 E0.14179 F600
G1 X121.2512 Y145.9936 Z3.8050 E0.17996 F600
G1 X119.4187 Y144.9386 Z3.8586 E0.18995 F600
G1 X118.0064 Y143.8026 Z4.0050 E0.16330 F600
G1 X117.1668 Y142.9535 Z4.2050 E0.10872 F600
G1 X116.8886 Y142.5703 Z4.4050 E0.04617 F600
G1 X117.0612 Y142.6375 Z4.5514 E0.02121 F600
G1 X117.5000 Y143.0000 Z4.6050 E0.05134 F600
G1 X117.9525 Y143.4217 Z4.5514 E0.05575 F600
G1 X118.1381 Y143.6645 Z4.4050 E0.03043 F600
G1 X117.8409 Y143.5421 Z4.2050 E0.03400 F600
G1 X117.0103 Y142.9379 Z4.0050 E0.09397 F600
G1 X115.7960 Y141.8679 Z3.8586 E0.14593 F600
G1 X114.4639 Y140.5616 Z3.8050 E0.16762 F600
G1 X113.2487 Y139.3710 Z3.8586 E0.15285 F600
G1 X112.2976 Y138.5263 Z4.0050 E0.11498 F600
G1 X111.7084 Y138.0354 Z4.2050 E0.07118 F600
G1 X111.5242 Y137.8080 Z4.4050 E0.03184 F600
G1 X111.6835 Y137.7844 Z4.5514 E0.01955 F600
G1 X112.0251 Y137.9326 Z4.6050 E0.03378 F600
G1 X112.3459 Y138.1720 Z4.5514 E0.03627 F600
G1 X112.4546 Y138.3505 Z4.4050 E0.02291 F600
G1 X112.2105 Y138.3276 Z4.2050 E0.02842 F600
G1 X111.5543 Y138.0955 Z4.0050 E0.06503 F600
G1 X110.5056 Y137.8132 Z3.8586 E0.09841 F600
G1 X109.1412 Y137.6799 Z3.8050 E0.12320 F600
G1 X107.6282 Y137.7402 Z3.8586 E0.13607 F600
G1 X106.2594 Y137.8647 Z4.0050 E0.12412 F600
G1 X105.3518 Y137.9192 Z4.2050 E0.08360 F600
G1 X105.0668 Y137.8712 Z4.4050 E0.03157 F600
G1 X105.3288 Y137.7563 Z4.5514 E0.02886 F600
G1 X105.8750 Y137.6351 Z4.6050 E0.05048 F600
G1 X106.3725 Y137.5746 Z4.5514 E0.04526 F600
G1 X106.5285 Y137.6208 Z4.4050 E0.01966 F600
G1 X106.1396 Y137.7855 Z4.2050 E0.04196 F600
G1 X105.0970 Y138.0583 Z4.0050 E0.09843 F600
G1 X103.4167 Y138.3794 Z3.8586 E0.15419 F600
G1 X101.3146 Y138.5932 Z3.8050 E0.18980 F600
G1 X99.2168 Y138.5325 Z3.8586 E0.18853 F600
G1 X97.5751 Y138.2071 Z4.0050 E0.15086 F600
G1 X96.6318 Y137.8289 Z4.2050 E0.09302 F600
G1 X96.3767 Y137.6175 Z4.4050 E0.03475 F600
G1 X96.6530 Y137.6317 Z4.5514 E0.02811 F600
G1 X97.2188 Y137.7812 Z4.6050 E0.05277 F600
G1 X97.7536 Y137.9480 Z4.5514 E0.05054 F600
G1 X97.9163 Y138.0629 Z4.4050 E0.02220 F600
G1 X97.4615 Y138.0701 Z4.2050 E0.04462 F600
G1 X96.3522 Y137.8489 Z4.0050 E0.10315 F600
G1 X94.8248 Y137.2112 Z3.8586 E0.14922 F600
G1 X93.3333 Y136.0438 Z3.8050 E0.17016 F600
G1 X92.2988 Y134.4984 Z3.8586 E0.16707 F600
G1 X91.8382 Y132.9819 Z4.0050 E0.14293 F600
G1 X91.7687 Y131.9102 Z4.2050 E0.09810 F600
G1 X91.8464 Y131.4884 Z4.4050 E0.04250 F600
G1 X91.9439 Y131.6660 Z4.5514 E0.02244 F600
G1 X92.0414 Y132.1986 Z4.6050 E0.04886 F600
G1 X92.1177 Y132.7512 Z4.5514 E0.05033 F600
G1 X92.0917 Y133.0075 Z4.4050 E0.02661 F600
G1 X91.9018 Y132.7293 Z4.2050 E0.03518 F600
G1 X91.6399 Y131.7738 Z4.0050 E0.09077 F600
G1 X91.5617 Y130.1510 Z3.8586 E0.14650 F600
G1 X91.8881 Y128.1088 Z3.8050 E0.18579 F600
G1 X92.5774 Y126.0816 Z3.8586 E0.19234 F600
G1 X93.3527 Y124.4711 Z4.0050 E0.16105 F600
G1 X93.9443 Y123.4824 Z4.2050 E0.10501 F600
G1 X94.2312 Y123.1305 Z4.4050 E0.04455 F600
G1 X94.2183 Y123.3048 Z4.5514 E0.02047 F600
G1 X93.9939 Y123.7984 Z4.6050 E0.04894 F600
G1 X93.7068 Y124.3226 Z4.5514 E0.05388 F600
G1 X93.5191 Y124.5567 Z4.4050 E0.02998 F600
G1 X93.5617 Y124.2513 Z4.2050 E0.03300 F600
G1 X93.9132 Y123.3359 Z4.0050 E0.08987 F600
G1 X94.5442 Y121.9621 Z3.8586 E0.13639 F600
G1 X95.2620 Y120.4277 Z3.8050 E0.15220 F600
G1 X95.8151 Y119.0164 Z3.8586 E0.13621 F600
G1 X96.1081 Y117.9118 Z4.0050 E0.10346 F600
G1 X96.2422 Y117.2217 Z4.2050 E0.06564 F600
G1 X96.3479 Y116.9841 Z4.4050 E0.02946 F600
G1 X96.4526 Y117.1326 Z4.5514 E0.02095 F600
G1 X96.5000 Y117.5000 Z4.6050 E0.03361 F600
G1 X96.4526 Y117.8674 Z4.5514 E0.03361 F600
G1 X96.3479 Y118.0159 Z4.4050 E0.02095 F600
G1 X96.2422 Y117.7783 Z4.2050 E0.02946 F600
G1 X96.1081 Y117.0882 Z4.0050 E0.06564 F600
G1 X95.8151 Y115.9836 Z3.8586 E0.10346 F600
G1 X95.2620 Y114.5723 Z3.8050 E0.13621 F600
G1 X94.5442 Y113.0379 Z3.8586 E0.15220 F600
G1 X93.9132 Y111.6641 Z4.0050 E0.13639 F600
G1 X93.5617 Y110.7487 Z4.2050 E0.08987 F600
G1 X93.5191 Y110.4433 Z4.4050 E0.03300 F600
G1 X93.7068 Y110.6774 Z4.5514 E0.02998 F600
G1 X93.9939 Y111.2016 Z4.6050 E0.05388 F600
G1 X94.2183 Y111.6952 Z4.5514 E0.04894 F600
G1 X94.2312 Y111.8695 Z4.4050 E0.02047 F600
G1 X93.9443 Y111.5176 Z4.2050 E0.04455 F600
G1 X93.3527 Y110.5289 Z4.0050 E0.10501 F600
G1 X92.5774 Y108.9184 Z3.8586 E0.16105 F600
G1 X91.8881 Y106.8912 Z3.8050 E0.19234 F600
G1 X91.5617 Y104.8490 Z3.8586 E0.18579 F600
G1 X91.6399 Y103.2262 Z4.0050 E0.14650 F600
G1 X91.9018 Y102.2707 Z4.2050 E0.09077 F600
G1 X92.0917 Y101.9925 Z4.4050 E0.03518 F600
G1 X92.1177 Y102.2488 Z4.5514 E0.02661 F600
G1 X92.0414 Y102.8014 Z4.6050 E0.05033 F600
G1 X91.9439 Y103.3340 Z4.5514 E0.04886 F600
G1 X91.8464 Y103.5116 Z4.4050 E0.02244 F600
G1 X91.7687 Y103.0898 Z4.2050 E0.04250 F600
G1 X91.8382 Y102.0181 Z4.0050 E0.09810 F600
G1 X92.2988 Y100.5016 Z3.8586 E0.14293 F600
G1 X93.3333 Y98.9562 Z3.8050 E0.16707 F600
G1 X94.8248 Y97.7888 Z3.8586 E0.17016 F600
G1 X96.3522 Y97.1511 Z4.0050 E0.14922 F600
G1 X97.4615 Y96.9299 Z4.2050 E0.10315 F600
G1 X97.9163 Y96.9371 Z4.4050 E0.04462 F600
G1 X97.7536 Y97.0520 Z4.5514 E0.02220 F600
G1 X97.2188 Y97.2188 Z4.6050 E0.05054 F600
G1 X96.6530 Y97.3683 Z4.5514 E0.05277 F600
G1 X96.3767 Y97.3825 Z4.4050 E0.02811 F600
G1 X96.6318 Y97.1711 Z4.2050 E0.03475 F600
G1 X97.5751 Y96.7929 Z4.0050 E0.09302 F600
G1 X99.2168 Y96.4675 Z3.8586 E0.15086 F600
G1 X101.3146 Y96.4068 Z3.8050 E0.18853 F600
G1 X103.4167 Y96.6206 Z3.8586 E0.18980 F600
G1 X105.0970 Y96.9417 Z4.0050 E0.15419 F600
G1 X106.1396 Y97.2145 Z4.2050 E0.09843 F600
G1 X106.5285 Y97.3792 Z4.4050 E0.04196 F600
G1 X106.3725 Y97.4254 Z4.5514 E0.01966 F600
G1 X105.8750 Y97.3649 Z4.6050 E0.04526 F600
G1 X105.3288 Y97.2437 Z4.5514 E0.05048 F600
G1 X105.0668 Y97.1288 Z4.4050 E0.02886 F600
G1 X105.3518 Y97.0808 Z4.2050 E0.03157 F600
G1 X106.2594 Y97.1353 Z4.0050 E0.08360 F600
G1 X107.6282 Y97.2598 Z3.8586 E0.12412 F600
G1 X109.1412 Y97.3201 Z3.8050 E0.13607 F600
G1 X110.5056 Y97.1868 Z3.8586 E0.12320 F600
G1 X111.5543 Y96.9045 Z4.0050 E0.09841 F600
G1 X112.2105 Y96.6724 Z4.2050 E0.06503 F600
G1 X112.4546 Y96.6495 Z4.4050 E0.02842 F600
G1 X112.3459 Y96.8280 Z4.5514 E0.02291 F600
G1 X112.0251 Y97.0674 Z4.6050 E0.03627 F600
G1 X111.6835 Y97.2156 Z4.5514 E0.03378 F600
G1 X111.5242 Y97.1920 Z4.4050 E0.01955 F600
G1 X111.7084 Y96.9646 Z4.2050 E0.03184 F600
G1 X112.2976 Y96.4737 Z4.0050 E0.07118 F600
G1 X113.2487 Y95.6290 Z3.8586 E0.11498 F600
G1 X114.4639 Y94.4384 Z3.8050 E0.15285 F600
G1 X115.7960 Y93.1321 Z3.8586 E0.16762 F600
G1 X117.0103 Y92.0621 Z4.0050 E0.14593 F600
G1 X117.8409 Y91.4579 Z4.2050 E0.09397 F600
G1 X118.1381 Y91.3355 Z4.4050 E0.03400 F600
G1 X117.9525 Y91.5783 Z4.5514 E0.03043 F600
G1 X117.5000 Y92.0000 Z4.6050 E0.05575 F600
G1 X117.0612 Y92.3625 Z4.5514 E0.05134 F600
G1 X116.8886 Y92.4297 Z4.4050 E0.02121 F600
G1 X117.1668 Y92.0465 Z4.2050 E0.04617 F600
G1 X118.0064 Y91.1974 Z4.0050 E0.10872 F600
G1 X119.4187 Y90.0614 Z3.8586 E0.16330 F600
G1 X121.2512 Y89.0064 Z3.8050 E0.18995 F600
G1 X123.1580 Y88.3921 Z3.8586 E0.17996 F600
G1 X124.7269 Y88.2911 Z4.0050 E0.14179 F600
G1 X125.6876 Y88.4689 Z4.2050 E0.08956 F600
G1 X125.9917 Y88.6424 Z4.4050 E0.03621 F600
G1 X125.7595 Y88.6957 Z4.5514 E0.02511 F600
G1 X125.2249 Y88.6703 Z4.6050 E0.04830 F600
G1 X124.7001 Y88.6220 Z4.5514 E0.04757 F600
G1 X124.5082 Y88.5381 Z4.4050 E0.02295 F600
G1 X124.8874 Y88.4122 Z4.2050 E0.04012 F600
G1 X125.9078 Y88.3759 Z4.0050 E0.09344 F600
G1 X127.4133 Y88.7095 Z3.8586 E0.13910 F600
G1 X129.0408 Y89.6381 Z3.8050 E0.16833 F600
G1 X130.3941 Y91.0631 Z3.8586 E0.17655 F600
G1 X131.2670 Y92.5581 Z4.0050 E0.15602 F600
G1 X131.6834 Y93.6598 Z4.2050 E0.10728 F600
G1 X131.7663 Y94.1254 Z4.4050 E0.04611 F600
G1 X131.6302 Y93.9834 Z4.5514 E0.02202 F600
G1 X131.3750 Y93.4678 Z4.6050 E0.05189 F600
G1 X131.1302 Y92.9104 Z4.5514 E0.05488 F600
G1 X131.0637 Y92.6254 Z4.4050 E0.02939 F600
G1 X131.3036 Y92.8519 Z4.2050 E0.03465 F600
G1 X131.8299 Y93.7478 Z4.0050 E0.09502 F600
G1 X132.4572 Y95.3250 Z3.8586 E0.15299 F600
G1 X132.9702 Y97.3388 Z3.8050 E0.18668 F600
G1 X133.2879 Y99.3381 Z3.8586 E0.18186 F600
G1 X133.4568 Y100.9168 Z4.0050 E0.14318 F600
G1 X133.5213 Y101.8927 Z4.2050 E0.08965 F600
G1 X133.4887 Y102.2726 Z4.4050 E0.03867 F600
G1 X133.3876 Y102.1576 Z4.5514 E0.01903 F600
G1 X133.2812 Y101.7188 Z4.6050 E0.04083 F600
G1 X133.2277 Y101.2135 Z4.5514 E0.04588 F600
G1 X133.2611 Y100.9508 Z4.4050 E0.02717 F600
G1 X133.3977 Y101.1805 Z4.2050 E0.02997 F600
G1 X133.6425 Y101.9672 Z4.0050 E0.07614 F600
G1 X134.0192 Y103.1401 Z3.8586 E0.11140 F600
G1 X134.5876 Y104.3882 Z3.8050 E0.12325 F600
G1 X135.3532 Y105.4579 Z3.8586 E0.11822 F600
G1 X136.1487 Y106.2491 Z4.0050 E0.10161 F600
G1 X136.7022 Y106.7462 Z4.2050 E0.06919 F600
G1 X136.8418 Y106.9532 Z4.4050 E0.02873 F600
G1 X136.6081 Y106.9082 Z4.5514 E0.02510 F600
G1 X136.2086 Y106.6986 Z4.6050 E0.04080 F600
G1 X135.8906 Y106.4498 Z4.5514 E0.03658 F600
G1 X135.8375 Y106.3080 Z4.4050 E0.01892 F600
G1 X136.1612 Y106.3977 Z4.2050 E0.03511 F600
G1 X136.9465 Y106.7662 Z4.0050 E0.07994 F600
G1 X138.2387 Y107.3850 Z3.8586 E0.12934 F600
G1 X139.9299 Y108.2092 Z3.8050 E0.16901 F600
G1 X141.6810 Y109.1738 Z3.8586 E0.17960 F600
G1 X143.0723 Y110.1175 Z4.0050 E0.15155 F600
G1 X143.8597 Y110.8055 Z4.2050 E0.09560 F600
G1 X144.0436 Y111.0770 Z4.4050 E0.03450 F600
G1 X143.7684 Y110.9505 Z4.5514 E0.03021 F600
G1 X143.2561 Y110.5987 Z4.6050 E0.05602 F600
G1 X142.7955 Y110.2466 Z4.5514 E0.05228 F600
G1 X142.6847 Y110.0891 Z4.4050 E0.02173 F600
G1 X143.1282 Y110.2721 Z4.2050 E0.04668 F600
G1 X144.1484 Y110.9066 Z4.0050 E0.10938 F600
G1 X145.5231 Y112.0529 Z3.8586 E0.16127 F600
G1 X146.8171 Y113.6403 Z3.8050 E0.18398 F600
G1 X147.6216 Y115.3937 Z3.8586 E0.17330 F600
G1 X147.8486 Y116.9157 Z4.0050 E0.13882 F600
G1 X147.7378 Y117.8958 Z4.2050 E0.09038 F600
G1 X147.5826 Y118.2337 Z4.4050 E0.03791 F600
G1 X147.5118 Y118.0239 Z4.5514 E0.02384 F600
G1 X147.5000 Y117.5000 Z4.6050 E0.04730 F600
; row 7/57
G1 X146.6402 Y120.8201 Z5.0514 E0.31059 F600
G1 X146.8346 Y120.6365 Z4.9050 E0.02738 F600
G1 X146.7872 Y120.9664 Z4.7050 E0.03491 F600
G1 X146.3372 Y121.8627 Z4.5050 E0.09184 F600
G1 X145.3145 Y123.1589 Z4.3586 E0.14885 F600
G1 X143.7391 Y124.5307 Z4.3050 E0.18766 F600
G1 X141.9385 Y125.6770 Z4.3586 E0.19174 F600
G1 X140.3676 Y126.4604 Z4.5050 E0.15819 F600
G1 X139.3302 Y126.8790 Z4.7050 E0.10205 F600
G1 X138.9032 Y126.9833 Z4.9050 E0.04336 F600
G1 X139.0102 Y126.8529 Z5.0514 E0.02006 F600
G1 X139.4679 Y126.5994 Z5.1050 E0.04723 F600
G1 X139.9978 Y126.3621 Z5.0514 E0.05236 F600
G1 X140.2835 Y126.2928 Z4.9050 E0.02950 F600
G1 X140.0733 Y126.5059 Z4.7050 E0.03233 F600
G1 X139.2736 Y127.0139 Z4.5050 E0.08697 F600
G1 X138.0176 Y127.7297 Z4.3586 E0.13048 F600
G1 X136.6417 Y128.5514 Z4.3050 E0.14400 F600
G1 X135.4896 Y129.4070 Z4.3586 E0.12896 F600
G1 X134.7074 Y130.1851 Z4.5050 E0.09994 F600
G1 X134.2559 Y130.7093 Z4.7050 E0.06468 F600
G1 X134.0524 Y130.8547 Z4.9050 E0.02876 F600
G1 X134.0445 Y130.6601 Z5.0514 E0.02188 F600
G1 X134.1910 Y130.3074 Z5.1050 E0.03463 F600
G1 X134.4114 Y130.0137 Z5.0514 E0.03332 F600
G1 X134.5683 Y129.9477 Z4.9050 E0.02017 F600
G1 X134.5344 Y130.2202 Z4.7050 E0.03050 F600
G1 X134.2947 Y130.9084 Z4.5050 E0.06787 F600
G1 X133.9583 Y132.0610 Z4.3586 E0.10863 F600
G1 X133.6348 Y133.6348 Z4.3050 E0.14436 F600
G1 X133.3291 Y135.3915 Z4.3586 E0.16020 F600
G1 X133.0116 Y136.9291 Z4.5050 E0.14160 F600
G1 X132.7308 Y137.8965 Z4.7050 E0.09223 F600
G1 X132.5754 Y138.1713 Z4.9050 E0.03356 F600
G1 X132.5711 Y137.8675 Z5.0514 E0.03029 F600
G1 X132.6658 Y137.2645 Z5.1050 E0.05502 F600
G1 X132.7887 Y136.7205 Z5.0514 E0.05032 F600
G1 X132.8837 Y136.5673 Z4.9050 E0.02086 F600
G1 X132.8982 Y137.0325 Z4.7050 E0.04549 F600
G1 X132.7611 Y138.2019 Z4.5050 E0.10725 F600
G1 X132.3694 Y139.9653 Z4.3586 E0.16275 F600
G1 X131.6250 Y141.9652 Z4.3050 E0.19170 F600
G1 X130.5666 Y143.7075 Z4.3586 E0.18313 F600
G1 X129.4509 Y144.8507 Z4.5050 E0.14405 F600
G1 X128.6209 Y145.3747 Z4.7050 E0.08996 F600
G1 X128.2873 Y145.4517 Z4.9050 E0.03561 F600
G1 X128.4310 Y145.2499 Z5.0514 E0.02584 F600
G1 X128.8494 Y144.8999 Z5.1050 E0.04922 F600
G1 X129.2731 Y144.5762 Z5.0514 E0.04812 F600
G1 X129.4674 Y144.5096 Z4.9050 E0.02265 F600
G1 X129.2578 Y144.8670 Z4.7050 E0.04132 F600
G1 X128.5101 Y145.5986 Z4.5050 E0.09564 F600
G1 X127.1658 Y146.3880 Z4.3586 E0.14061 F600
G1 X125.3543 Y146.8126 Z4.3050 E0.16716 F600
G1 X123.4335 Y146.6643 Z4.3586 E0.17307 F600
G1 X121.8297 Y146.1192 Z4.5050 E0.15269 F600
G1 X120.8204 Y145.5542 Z4.7050 E0.10541 F600
G1 X120.4672 Y145.2517 Z4.9050 E0.04546 F600
G1 X120.6642 Y145.2717 Z5.0514 E0.02211 F600
G1 X121.1860 Y145.4978 Z5.1050 E0.05130 F600
G1 X121.7235 Y145.7598 Z5.0514 E0.05391 F600
G1 X121.9509 Y145.9320 Z4.9050 E0.02879 F600
G1 X121.6207 Y145.9199 Z4.7050 E0.03468 F600
G1 X120.6486 Y145.5827 Z4.5050 E0.09413 F600
G1 X119.1678 Y144.7687 Z4.3586 E0.15231 F600
G1 X117.5000 Y143.5000 Z4.3050 E0.18825 F600
G1 X115.9974 Y142.0674 Z4.3586 E0.18650 F600
G1 X114.8826 Y140.8451 Z4.5050 E0.14915 F600
G1 X114.2308 Y140.0472 Z4.7050 E0.09425 F600
G1 X114.0245 Y139.7013 Z4.9050 E0.04038 F600
G1 X114.1753 Y139.7463 Z5.0514 E0.01930 F600
G1 X114.5291 Y140.0659 Z5.1050 E0.04309 F600
G1 X114.8832 Y140.4671 Z5.0514 E0.04829 F600
G1 X115.0186 Y140.7078 Z4.9050 E0.02807 F600
G1 X114.7673 Y140.5888 Z4.7050 E0.03076 F600
G1 X114.0887 Y140.0486 Z4.5050 E0.07993 F600
G1 X113.0798 Y139.2262 Z4.3586 E0.11763 F600
G1 X111.8957 Y138.4155 Z4.3050 E0.12895 F600
G1 X110.6872 Y137.8613 Z4.3586 E0.11949 F600
G1 X109.6301 Y137.5845 Z4.5050 E0.09900 F600
G1 X108.9285 Y137.4507 Z4.7050 E0.06661 F600
G1 X108.7063 Y137.3469 Z4.9050 E0.02842 F600
G1 X108.9102 Y137.2553 Z5.0514 E0.02400 F600
G1 X109.3326 Y137.2179 Z5.1050 E0.03838 F600
G1 X109.7149 Y137.2637 Z5.0514 E0.03491 F600
G1 X109.8350 Y137.3612 Z4.9050 E0.01913 F600
G1 X109.5372 Y137.4590 Z4.7050 E0.03340 F600
G1 X108.7304 Y137.5700 Z4.5050 E0.07530 F600
G1 X107.3942 Y137.7692 Z4.3586 E0.12204 F600
G1 X105.6250 Y138.0681 Z4.3050 E0.16120 F600
G1 X103.7057 Y138.3409 Z4.3586 E0.17416 F600
G1 X102.0538 Y138.4529 Z4.5050 E0.14926 F600
G1 X101.0148 Y138.4113 Z4.7050 E0.09509 F600
G1 X100.7027 Y138.3193 Z4.9050 E0.03430 F600
G1 X100.9987 Y138.2450 Z5.0514 E0.03040 F600
G1 X101.6190 Y138.1965 Z5.1050 E0.05608 F600
G1 X102.1953 Y138.1831 Z5.0514 E0.05199 F600
G1 X102.3770 Y138.2366 Z4.9050 E0.02150 F600
G1 X101.9170 Y138.3681 Z4.7050 E0.04656 F600
G1 X100.7238 Y138.5130 Z4.5050 E0.10942 F600
G1 X98.9172 Y138.5040 Z4.3586 E0.16277 F600
G1 X96.8652 Y138.1348 Z4.3050 E0.18730 F600
G1 X95.0627 Y137.3508 Z4.3586 E0.17658 F600
G1 X93.8526 Y136.3794 Z4.5050 E0.13997 F600
G1 X93.2698 Y135.5936 Z4.7050 E0.08968 F600
G1 X93.1603 Y135.2507 Z4.9050 E0.03698 F600
G1 X93.3608 Y135.3621 Z5.0514 E0.02443 F600
G1 X93.7299 Y135.7394 Z5.1050 E0.04765 F600
G1 X94.0790 Y136.1299 Z5.0514 E0.04728 F600
G1 X94.1658 Y136.3264 Z4.9050 E0.02334 F600
G1 X93.8121 Y136.1741 Z4.7050 E0.03897 F600
G1 X93.0526 Y135.5223 Z4.5050 E0.09165 F600
G1 X92.1834 Y134.2567 Z4.3586 E0.13850 F600
G1 X91.6083 Y132.4486 Z4.3050 E0.17046 F600
G1 X91.5409 Y130.4427 Z4.3586 E0.18030 F600
G1 X91.8528 Y128.7065 Z4.5050 E0.15896 F600
G1 X92.2397 Y127.5779 Z4.7050 E0.10864 F600
G1 X92.4706 Y127.1595 Z4.9050 E0.04652 F600
G1 X92.4842 Y127.3540 Z5.0514 E0.02190 F600
G1 X92.3501 Y127.9174 Z5.1050 E0.05223 F600
G1 X92.1787 Y128.5100 Z5.0514 E0.05560 F600
G1 X92.0467 Y128.7778 Z4.9050 E0.02987 F600
G1 X92.0125 Y128.4503 Z4.7050 E0.03460 F600
G1 X92.1845 Y127.4196 Z4.5050 E0.09555 F600
G1 X92.6892 Y125.8016 Z4.3586 E0.15277 F600
G1 X93.5109 Y123.9279 Z4.3050 E0.18380 F600
G1 X94.4241 Y122.1948 Z4.3586 E0.17598 F600
G1 X95.1694 Y120.8783 Z4.5050 E0.13649 F600
G1 X95.6442 Y120.0868 Z4.7050 E0.08481 F600
G1 X95.8750 Y119.8121 Z4.9050 E0.03689 F600
G1 X95.9015 Y119.9608 Z5.0514 E0.01889 F600
G1 X95.7577 Y120.3624 Z5.1050 E0.03861 F600
G1 X95.5283 Y120.7837 Z5.0514 E0.04335 F600
G1 X95.3551 Y120.9667 Z4.9050 E0.02616 F600
G1 X95.3647 Y120.7095 Z4.7050 E0.02927 F600
G1 X95.5792 Y119.9577 Z4.5050 E0.07246 F600
G1 X95.8656 Y118.8232 Z4.3586 E0.10590 F600
G1 X96.0000 Y117.5000 Z4.3050 E0.11954 F600
G1 X95.8656 Y116.1768 Z4.3586 E0.11954 F600
G1 X95.5792 Y115.0423 Z4.5050 E0.10590 F600
G1 X95.3647 Y114.2905 Z4.7050 E0.07246 F600
G1 X95.3551 Y114.0333 Z4.9050 E0.02927 F600
G1 X95.5283 Y114.2163 Z5.0514 E0.02616 F600
G1 X95.7577 Y114.6376 Z5.1050 E0.04335 F600
G1 X95.9015 Y115.0392 Z5.0514 E0.03861 F600
G1 X95.8750 Y115.1879 Z4.9050 E0.01889 F600
G1 X95.6442 Y114.9132 Z4.7050 E0.03689 F600
G1 X95.1694 Y114.1217 Z4.5050 E0.08481 F600
G1 X94.4241 Y112.8052 Z4.3586 E0.13649 F600
G1 X93.5109 Y111.0721 Z4.3050 E0.17598 F600
G1 X92.6892 Y109.1984 Z4.3586 E0.18380 F600
G1 X92.1845 Y107.5804 Z4.5050 E0.15277 F600
G1 X92.0125 Y106.5497 Z4.7050 E0.09555 F600
G1 X92.0467 Y106.2222 Z4.9050 E0.03460 F600
G1 X92.1787 Y106.4900 Z5.0514 E0.02987 F600
G1 X92.3501 Y107.0826 Z5.1050 E0.05560 F600
G1 X92.4842 Y107.6460 Z5.0514 E0.05223 F600
G1 X92.4706 Y107.8405 Z4.9050 E0.02190 F600
G1 X92.2397 Y107.4221 Z4.7050 E0.04652 F600
G1 X91.8528 Y106.2935 Z4.5050 E0.10864 F600
G1 X91.5409 Y104.5573 Z4.3586 E0.15896 F600
G1 X91.6083 Y102.5514 Z4.3050 E0.18030 F600
G1 X92.1834 Y100.7433 Z4.3586 E0.17046 F600
G1 X93.0526 Y99.4777 Z4.5050 E0.13850 F600
G1 X93.8121 Y98.8259 Z4.7050 E0.09165 F600
G1 X94.1658 Y98.6736 Z4.9050 E0.03897 F600
G1 X94.0790 Y98.8701 Z5.0514 E0.02334 F600
G1 X93.7299 Y99.2606 Z5.1050 E0.04728 F600
G1 X93.3608 Y99.6379 Z5.0514 E0.04765 F600
G1 X93.1603 Y99.7493 Z4.9050 E0.02443 F600
G1 X93.2698 Y99.4064 Z4.7050 E0.03698 F600
G1 X93.8526 Y98.6206 Z4.5050 E0.08968 F600
G1 X95.0627 Y97.6492 Z4.3586 E0.13997 F600
G1 X96.8652 Y96.8652 Z4.3050 E0.17658 F600
G1 X98.9172 Y96.4960 Z4.3586 E0.18730 F600
G1 X100.7238 Y96.4870 Z4.5050 E0.16277 F600
G1 X101.9170 Y96.6319 Z4.7050 E0.10942 F600
G1 X102.3770 Y96.7634 Z4.9050 E0.04656 F600
G1 X102.1953 Y96.8169 Z5.0514 E0.02150 F600
G1 X101.6190 Y96.8035 Z5.1050 E0.05199 F600
G1 X100.9987 Y96.7550 Z5.0514 E0.05608 F600
G1 X100.7027 Y96.6807 Z4.9050 E0.03040 F600
G1 X101.0148 Y96.5887 Z4.7050 E0.03430 F600
G1 X102.0538 Y96.5471 Z4.5050 E0.09509 F600
G1 X103.7057 Y96.6591 Z4.3586 E0.14926 F600
G1 X105.6250 Y96.9319 Z4.3050 E0.17416 F600
G1 X107.3942 Y97.2308 Z4.3586 E0.16120 F600
G1 X108.7304 Y97.4300 Z4.5050 E0.12204 F600
G1 X109.5372 Y97.5410 Z4.7050 E0.07530 F600
G1 X109.8350 Y97.6388 Z4.9050 E0.03340 F600
G1 X109.7149 Y97.7363 Z5.0514 E0.01913 F600
G1 X109.3326 Y97.7821 Z5.1050 E0.03491 F600
G1 X108.9102 Y97.7447 Z5.0514 E0.03838 F600
G1 X108.7063 Y97.6531 Z4.9050 E0.02400 F600
G1 X108.9285 Y97.5493 Z4.7050 E0.02842 F600
G1 X109.6301 Y97.4155 Z4.5050 E0.06661 F600
G1 X110.6872 Y97.1387 Z4.3586 E0.09900 F600
G1 X111.8957 Y96.5845 Z4.3050 E0.11949 F600
G1 X113.0798 Y95.7738 Z4.3586 E0.12895 F600
G1 X114.0887 Y94.9514 Z4.5050 E0.11763 F600
G1 X114.7673 Y94.4112 Z4.7050 E0.07993 F600
G1 X115.0186 Y94.2922 Z4.9050 E0.03076 F600
G1 X114.8832 Y94.5329 Z5.0514 E0.02807 F600
G1 X114.5291 Y94.9341 Z5.1050 E0.04829 F600
G1 X114.1753 Y95.2537 Z5.0514 E0.04309 F600
G1 X114.0245 Y95.2987 Z4.9050 E0.01930 F600
G1 X114.2308 Y94.9528 Z4.7050 E0.04038 F600
G1 X114.8826 Y94.1549 Z4.5050 E0.09425 F600
G1 X115.9974 Y92.9326 Z4.3586 E0.14915 F600
G1 X117.5000 Y91.5000 Z4.3050 E0.18650 F600
G1 X119.1678 Y90.2313 Z4.3586 E0.18825 F600
G1 X120.6486 Y89.4173 Z4.5050 E0.15231 F600
G1 X121.6207 Y89.0801 Z4.7050 E0.09413 F600
G1 X121.9509 Y89.0680 Z4.9050 E0.03468 F600
G1 X121.7235 Y89.2402 Z5.0514 E0.02879 F600
G1 X121.1860 Y89.5022 Z5.1050 E0.05391 F600
G1 X120.6642 Y89.7283 Z5.0514 E0.05130 F600
G1 X120.4672 Y89.7483 Z4.9050 E0.02211 F600
G1 X120.8204 Y89.4458 Z4.7050 E0.04546 F600
G1 X121.8297 Y88.8808 Z4.5050 E0.10541 F600
G1 X123.4335 Y88.3357 Z4.3586 E0.15269 F600
G1 X125.3543 Y88.1874 Z4.3050 E0.17307 F600
G1 X127.1658 Y88.6120 Z4.3586 E0.16716 F600
G1 X128.5101 Y89.4014 Z4.5050 E0.14061 F600
G1 X129.2578 Y90.1330 Z4.7050 E0.09564 F600
G1 X129.4674 Y90.4904 Z4.9050 E0.04132 F600
G1 X129.2731 Y90.4238 Z5.0514 E0.02265 F600
G1 X128.8494 Y90.1001 Z5.1050 E0.04812 F600
G1 X128.4310 Y89.7501 Z5.0514 E0.04922 F600
G1 X128.2873 Y89.5483 Z4.9050 E0.02584 F600
G1 X128.6209 Y89.6253 Z4.7050 E0.03561 F600
G1 X129.4509 Y90.1493 Z4.5050 E0.08996 F600
G1 X130.5666 Y91.2925 Z4.3586 E0.14405 F600
G1 X131.6250 Y93.0348 Z4.3050 E0.18313 F600
G1 X132.3694 Y95.0347 Z4.3586 E0.19170 F600
G1 X132.7611 Y96.7981 Z4.5050 E0.16275 F600
G1 X132.8982 Y97.9675 Z4.7050 E0.10725 F600
G1 X132.8837 Y98.4327 Z4.9050 E0.04549 F600
G1 X132.7887 Y98.2795 Z5.0514 E0.02086 F600
G1 X132.6658 Y97.7355 Z5.1050 E0.05032 F600
G1 X132.5711 Y97.1325 Z5.0514 E0.05502 F600
G1 X132.5754 Y96.8287 Z4.9050 E0.03029 F600
G1 X132.7308 Y97.1035 Z4.7050 E0.03356 F600
G1 X133.0116 Y98.0709 Z4.5050 E0.09223 F600
G1 X133.3291 Y99.6085 Z4.3586 E0.14160 F600
G1 X133.6348 Y101.3652 Z4.3050 E0.16020 F600
G1 X133.9583 Y102.9390 Z4.3586 E0.14436 F600
G1 X134.2947 Y104.0916 Z4.5050 E0.10863 F600
G1 X134.5344 Y104.7798 Z4.7050 E0.06787 F600
G1 X134.5683 Y105.0523 Z4.9050 E0.03050 F600
G1 X134.4114 Y104.9863 Z5.0514 E0.02017 F600
G1 X134.1910 Y104.6926 Z5.1050 E0.03332 F600
G1 X134.0445 Y104.3399 Z5.0514 E0.03463 F600
G1 X134.0524 Y104.1453 Z4.9050 E0.02188 F600
G1 X134.2559 Y104.2907 Z4.7050 E0.02876 F600
G1 X134.7074 Y104.8149 Z4.5050 E0.06468 F600
G1 X135.4896 Y105.5930 Z4.3586 E0.09994 F600
G1 X136.6417 Y106.4486 Z4.3050 E0.12896 F600
G1 X138.0176 Y107.2703 Z4.3586 E0.14400 F600
G1 X139.2736 Y107.9861 Z4.5050 E0.13048 F600
G1 X140.0733 Y108.4941 Z4.7050 E0.08697 F600
G1 X140.2835 Y108.7072 Z4.9050 E0.03233 F600
G1 X139.9978 Y108.6379 Z5.0514 E0.02950 F600
G1 X139.4679 Y108.4006 Z5.1050 E0.05236 F600
G1 X139.0102 Y108.1471 Z5.0514 E0.04723 F600
G1 X138.9032 Y108.0167 Z4.9050 E0.02006 F600
G1 X139.3302 Y108.1210 Z4.7050 E0.04336 F600
G1 X140.3676 Y108.5396 Z4.5050 E0.10205 F600
G1 X141.9385 Y109.3230 Z4.3586 E0.15819 F600
G1 X143.7391 Y110.4693 Z4.3050 E0.19174 F600
G1 X145.3145 Y111.8411 Z4.3586 E0.18766 F600
G1 X146.3372 Y113.1373 Z4.5050 E0.14885 F600
G1 X146.7872 Y114.0336 Z4.7050 E0.09184 F600
G1 X146.8346 Y114.3635 Z4.9050 E0.03491 F600
G1 X146.6402 Y114.1799 Z5.0514 E0.02738 F600
G1 X146.3214 Y113.7056 Z5.1050 E0.05155 F600
G1 X146.0343 Y113.2355 Z5.0514 E0.04970 F600
G1 X145.9885 Y113.0403 Z4.9050 E0.02230 F600
G1 X146.3318 Y113.3196 Z4.7050 E0.04361 F600
G1 X147.0069 Y114.1918 Z4.5050 E0.10066 F600
G1 X147.7018 Y115.6528 Z4.3586 E0.14588 F600
G1 X148.0000 Y117.5000 Z4.3050 E0.16810 F600
G1 X147.7018 Y119.3472 Z4.3586 E0.16810 F600
G1 X147.0069 Y120.8082 Z4.5050 E0.14588 F600
G1 X146.3318 Y121.6804 Z4.7050 E0.10066 F600
G1 X145.9885 Y121.9597 Z4.9050 E0.04361 F600
G1 X146.0343 Y121.7645 Z5.0514 E0.02230 F600
G1 X146.3214 Y121.2944 Z5.1050 E0.04970 F600
; row 8/57
G1 X147.5118 Y116.9761 Z5.5514 E0.40425 F600
G1 X147.5826 Y116.7663 Z5.4050 E0.02384 F600
G1 X147.7378 Y117.1042 Z5.2050 E0.03791 F600
G1 X147.8486 Y118.0843 Z5.0050 E0.09038 F600
G1 X147.6216 Y119.6063 Z4.8586 E0.13882 F600
G1 X146.8171 Y121.3597 Z4.8050 E0.17330 F600
G1 X145.5231 Y122.9471 Z4.8586 E0.18398 F600
G1 X144.1484 Y124.0934 Z5.0050 E0.16127 F600
G1 X143.1282 Y124.7279 Z5.2050 E0.10938 F600
G1 X142.6847 Y124.9109 Z5.4050 E0.04668 F600
G1 X142.7955 Y124.7534 Z5.5514 E0.02173 F600
G1 X143.2561 Y124.4013 Z5.6050 E0.05228 F600
G1 X143.7684 Y124.0495 Z5.5514 E0.05602 F600
G1 X144.0436 Y123.9230 Z5.4050 E0.03021 F600
G1 X143.8597 Y124.1945 Z5.2050 E0.03450 F600
G1 X143.0723 Y124.8825 Z5.0050 E0.09560 F600
G1 X141.6810 Y125.8262 Z4.8586 E0.15155 F600
G1 X139.9299 Y126.7908 Z4.8050 E0.17960 F600
G1 X138.2387 Y127.6150 Z4.8586 E0.16901 F600
G1 X136.9465 Y128.2338 Z5.0050 E0.12934 F600
G1 X136.1612 Y128.6023 Z5.2050 E0.07994 F600
G1 X135.8375 Y128.6920 Z5.4050 E0.03511 F600
G1 X135.8906 Y128.5502 Z5.5514 E0.01892 F600
G1 X136.2086 Y128.3014 Z5.6050 E0.03658 F600
G1 X136.6081 Y128.0918 Z5.5514 E0.04080 F600
G1 X136.8418 Y128.0468 Z5.4050 E0.02510 F600
G1 X136.7022 Y128.2538 Z5.2050 E0.02873 F600
G1 X136.1487 Y128.7509 Z5.0050 E0.06919 F600
G1 X135.3532 Y129.5421 Z4.8586 E0.10161 F600
G1 X134.5876 Y130.6118 Z4.8050 E0.11822 F600
G1 X134.0192 Y131.8599 Z4.8586 E0.12325 F600
G1 X133.6425 Y133.0328 Z5.0050 E0.11140 F600
G1 X133.3977 Y133.8195 Z5.2050 E0.07614 F600
G1 X133.2611 Y134.0492 Z5.4050 E0.02997 F600
G1 X133.2277 Y133.7865 Z5.5514 E0.02717 F600
G1 X133.2812 Y133.2812 Z5.6050 E0.04588 F600
G1 X133.3876 Y132.8424 Z5.5514 E0.04083 F600
G1 X133.4887 Y132.7274 Z5.4050 E0.01903 F600
G1 X133.5213 Y133.1073 Z5.2050 E0.03867 F600
G1 X133.4568 Y134.0832 Z5.0050 E0.08965 F600
G1 X133.2879 Y135.6619 Z4.8586 E0.14318 F600
G1 X132.9702 Y137.6612 Z4.8050 E0.18186 F600
G1 X132.4572 Y139.6750 Z4.8586 E0.18668 F600
G1 X131.8299 Y141.2522 Z5.0050 E0.15299 F600
G1 X131.3036 Y142.1481 Z5.2050 E0.09502 F600
G1 X131.0637 Y142.3746 Z5.4050 E0.03465 F600
G1 X131.1302 Y142.0896 Z5.5514 E0.02939 F600
G1 X131.3750 Y141.5322 Z5.6050 E0.05488 F600
G1 X131.6302 Y141.0166 Z5.5514 E0.05189 F600
G1 X131.7663 Y140.8746 Z5.4050 E0.02202 F600
G1 X131.6834 Y141.3402 Z5.2050 E0.04611 F600
G1 X131.2670 Y142.4419 Z5.0050 E0.10728 F600
G1 X130.3941 Y143.9369 Z4.8586 E0.15602 F600
G1 X129.0408 Y145.3619 Z4.8050 E0.17655 F600
G1 X127.4133 Y146.2905 Z4.8586 E0.16833 F600
G1 X125.9078 Y146.6241 Z5.0050 E0.13910 F600
G1 X124.8874 Y146.5878 Z5.2050 E0.09344 F600
G1 X124.5082 Y146.4619 Z5.4050 E0.04012 F600
G1 X124.7001 Y146.3780 Z5.5514 E0.02295 F600
G1 X125.2249 Y146.3297 Z5.6050 E0.04757 F600
G1 X125.7595 Y146.3043 Z5.5514 E0.04830 F600
G1 X125.9917 Y146.3576 Z5.4050 E0.02511 F600
G1 X125.6876 Y146.5311 Z5.2050 E0.03621 F600
G1 X124.7269 Y146.7089 Z5.0050 E0.08956 F600
G1 X123.1580 Y146.6079 Z4.8586 E0.14179 F600
G1 X121.2512 Y145.9936 Z4.8050 E0.17996 F600
G1 X119.4187 Y144.9386 Z4.8586 E0.18995 F600
G1 X118.0064 Y143.8026 Z5.0050 E0.16330 F600
G1 X117.1668 Y142.9535 Z5.2050 E0.10872 F600
G1 X116.8886 Y142.5703 Z5.4050 E0.04617 F600
G1 X117.0612 Y142.6375 Z5.5514 E0.02121 F600
G1 X117.5000 Y143.0000 Z5.6050 E0.05134 F600
G1 X117.9525 Y143.4217 Z5.5514 E0.05575 F600
G1 X118.1381 Y143.6645 Z5.4050 E0.03043 F600
G1 X117.8409 Y143.5421 Z5.2050 E0.03400 F600
G1 X117.0103 Y142.9379 Z5.0050 E0.09397 F600
G1 X115.7960 Y141.8679 Z4.8586 E0.14593 F600
G1 X114.4639 Y140.5616 Z4.8050 E0.16762 F600
G1 X113.2487 Y139.3710 Z4.8586 E0.15285 F600
G1 X112.2976 Y138.5263 Z5.0050 E0.11498 F600
G1 X111.7084 Y138.0354 Z5.2050 E0.07118 F600
G1 X111.5242 Y137.8080 Z5.4050 E0.03184 F600
G1 X111.6835 Y137.7844 Z5.5514 E0.01955 F600
G1 X112.0251 Y137.9326 Z5.6050 E0.03378 F600
G1 X112.3459 Y138.1720 Z5.5514 E0.03627 F600
G1 X112.4546 Y138.3505 Z5.4050 E0.02291 F600
G1 X112.2105 Y138.3276 Z5.2050 E0.02842 F600
G1 X111.5543 Y138.0955 Z5.0050 E0.06503 F600
G1 X110.5056 Y137.8132 Z4.8586 E0.09841 F600
G1 X109.1412 Y137.6799 Z4.8050 E0.12320 F600
G1 X107.6282 Y137.7402 Z4.8586 E0.13607 F600
G1 X106.2594 Y137.8647 Z5.0050 E0.12412 F600
G1 X105.3518 Y137.9192 Z5.2050 E0.08360 F600
G1 X105.0668 Y137.8712 Z5.4050 E0.03157 F600
G1 X105.3288 Y137.7563 Z5.5514 E0.02886 F600
G1 X105.8750 Y137.6351 Z5.6050 E0.05048 F600
G1 X106.3725 Y137.5746 Z5.5514 E0.04526 F600
G1 X106.5285 Y137.6208 Z5.4050 E0.01966 F600
G1 X106.1396 Y137.7855 Z5.2050 E0.04196 F600
G1 X105.0970 Y138.0583 Z5.0050 E0.09843 F600
G1 X103.4167 Y138.3794 Z4.8586 E0.15419 F600
G1 X101.3146 Y138.5932 Z4.8050 E0.18980 F600
G1 X99.2168 Y138.5325 Z4.8586 E0.18853 F600
G1 X97.5751 Y138.2071 Z5.0050 E0.15086 F600
G1 X96.6318 Y137.8289 Z5.2050 E0.09302 F600
G1 X96.3767 Y137.6175 Z5.4050 E0.03475 F600
G1 X96.6530 Y137.6317 Z5.5514 E0.02811 F600
G1 X97.2188 Y137.7812 Z5.6050 E0.05277 F600
G1 X97.7536 Y137.9480 Z5.5514 E0.05054 F600
G1 X97.9163 Y138.0629 Z5.4050 E0.02220 F600
G1 X97.4615 Y138.0701 Z5.2050 E0.04462 F600
G1 X96.3522 Y137.8489 Z5.0050 E0.10315 F600
G1 X94.8248 Y137.2112 Z4.8586 E0.14922 F600
G1 X93.3333 Y136.0438 Z4.8050 E0.17016 F600
G1 X92.2988 Y134.4984 Z4.8586 E0.16707 F600
G1 X91.8382 Y132.9819 Z5.0050 E0.14293 F600
G1 X91.7687 Y131.9102 Z5.2050 E0.09810 F600
G1 X91.8464 Y131.4884 Z5.4050 E0.04250 F600
G1 X91.9439 Y131.6660 Z5.5514 E0.02244 F600
G1 X92.0414 Y132.1986 Z5.6050 E0.04886 F600
G1 X92.1177 Y132.7512 Z5.5514 E0.05033 F600
G1 X92.0917 Y133.0075 Z5.4050 E0.02661 F600
G1 X91.9018 Y132.7293 Z5.2050 E0.03518 F600
G1 X91.6399 Y131.7738 Z5.0050 E0.09077 F600
G1 X91.5617 Y130.1510 Z4.8586 E0.14650 F600
G1 X91.8881 Y128.1088 Z4.8050 E0.18579 F600
G1 X92.5774 Y126.0816 Z4.8586 E0.19234 F600
G1 X93.3527 Y124.4711 Z5.0050 E0.16105 F600
G1 X93.9443 Y123.4824 Z5.2050 E0.10501 F600
G1 X94.2312 Y123.1305 Z5.4050 E0.04455 F600
G1 X94.2183 Y123.3048 Z5.5514 E0.02047 F600
G1 X93.9939 Y123.7984 Z5.6050 E0.04894 F600
G1 X93.7068 Y124.3226 Z5.5514 E0.05388 F600
G1 X93.5191 Y124.5567 Z5.4050 E0.02998 F600
G1 X93.5617 Y124.2513 Z5.2050 E0.03300 F600
G1 X93.9132 Y123.3359 Z5.0050 E0.08987 F600
G1 X94.5442 Y121.9621 Z4.8586 E0.13639 F600
G1 X95.2620 Y120.4277 Z4.8050 E0.15220 F600
G1 X95.8151 Y119.0164 Z4.8586 E0.13621 F600
G1 X96.1081 Y117.9118 Z5.0050 E0.10346 F600
G1 X96.2422 Y117.2217 Z5.2050 E0.06564 F600
G1 X96.3479 Y116.9841 Z5.4050 E0.02946 F600
G1 X96.4526 Y117.1326 Z5.5514 E0.02095 F600
G1 X96.5000 Y117.5000 Z5.6050 E0.03361 F600
G1 X96.4526 Y117.8674 Z5.5514 E0.03361 F600
G1 X96.3479 Y118.0159 Z5.4050 E0.02095 F600
G1 X96.2422 Y117.7783 Z5.2050 E0.02946 F600
G1 X96.1081 Y117.0882 Z5.0050 E0.06564 F600
G1 X95.8151 Y115.9836 Z4.8586 E0.10346 F600
G1 X95.2620 Y114.5723 Z4.8050 E0.13621 F600
G1 X94.5442 Y113.0379 Z4.8586 E0.15220 F600
G1 X93.9132 Y111.6641 Z5.0050 E0.13639 F600
G1 X93.5617 Y110.7487 Z5.2050 E0.08987 F600
G1 X93.5191 Y110.4433 Z5.4050 E0.03300 F600
G1 X93.7068 Y110.6774 Z5.5514 E0.02998 F600
G1 X93.9939 Y111.2016 Z5.6050 E0.05388 F600
G1 X94.2183 Y111.6952 Z5.5514 E0.04894 F600
G1 X94.2312 Y111.8695 Z5.4050 E0.02047 F600
G1 X93.9443 Y111.5176 Z5.2050 E0.04455 F600
G1 X93.3527 Y110.5289 Z5.0050 E0.10501 F600
G1 X92.5774 Y108.9184 Z4.8586 E0.16105 F600
G1 X91.8881 Y106.8912 Z4.8050 E0.19234 F600
G1 X91.5617 Y104.8490 Z4.8586 E0.18579 F600
G1 X91.6399 Y103.2262 Z5.0050 E0.14650 F600
G1 X91.9018 Y102.2707 Z5.2050 E0.09077 F600
G1 X92.0917 Y101.9925 Z5.4050 E0.03518 F600
G1 X92.1177 Y102.2488 Z5.5514 E0.02661 F600
G1 X92.0414 Y102.8014 Z5.6050 E0.05033 F600
G1 X91.9439 Y103.3340 Z5.5514 E0.04886 F600
G1 X91.8464 Y103.5116 Z5.4050 E0.02244 F600
G1 X91.7687 Y103.0898 Z5.2050 E0.04250 F600
G1 X91.8382 Y102.0181 Z5.0050 E0.09810 F600
G1 X92.2988 Y100.5016 Z4.8586 E0.14293 F600
G1 X93.3333 Y98.9562 Z4.8050 E0.16707 F600
G1 X94.8248 Y97.7888 Z4.8586 E0.17016 F600
G1 X96.3522 Y97.1511 Z5.0050 E0.14922 F600
G1 X97.4615 Y96.9299 Z5.2050 E0.10315 F600
G1 X97.9163 Y96.9371 Z5.4050 E0.04462 F600
G1 X97.7536 Y97.0520 Z5.5514 E0.02220 F600
G1 X97.2188 Y97.2188 Z5.6050 E0.05054 F600
G1 X96.6530 Y97.3683 Z5.5514 E0.05277 F600
G1 X96.3767 Y97.3825 Z5.4050 E0.02811 F600
G1 X96.6318 Y97.1711 Z5.2050 E0.03475 F600
G1 X97.5751 Y96.7929 Z5.0050 E0.09302 F600
G1 X99.2168 Y96.4675 Z4.8586 E0.15086 F600
G1 X101.3146 Y96.4068 Z4.8050 E0.18853 F600
G1 X103.4167 Y96.6206 Z4.8586 E0.18980 F600
G1 X105.0970 Y96.9417 Z5.0050 E0.15419 F600
G1 X106.1396 Y97.2145 Z5.2050 E0.09843 F600
G1 X106.5285 Y97.3792 Z5.4050 E0.04196 F600
G1 X106.3725 Y97.4254 Z5.5514 E0.01966 F600
G1 X105.8750 Y97.3649 Z5.6050 E0.04526 F600
G1 X105.3288 Y97.2437 Z5.5514 E0.05048 F600
G1 X105.0668 Y97.1288 Z5.4050 E0.02886 F600
G1 X105.3518 Y97.0808 Z5.2050 E0.03157 F600
G1 X106.2594 Y97.1353 Z5.0050 E0.08360 F600
G1 X107.6282 Y97.2598 Z4.8586 E0.12412 F600
G1 X109.1412 Y97.3201 Z4.8050 E0.13607 F600
G1 X110.5056 Y97.1868 Z4.8586 E0.12320 F600
G1 X111.5543 Y96.9045 Z5.0050 E0.09841 F600
G1 X112.2105 Y96.6724 Z5.2050 E0.06503 F600
G1 X112.4546 Y96.6495 Z5.4050 E0.02842 F600
G1 X112.3459 Y96.8280 Z5.5514 E0.02291 F600
G1 X112.0251 Y97.0674 Z5.6050 E0.03627 F600
G1 X111.6835 Y97.2156 Z5.5514 E0.03378 F600
G1 X111.5242 Y97.1920 Z5.4050 E0.01955 F600
G1 X111.7084 Y96.9646 Z5.2050 E0.03184 F600
G1 X112.2976 Y96.4737 Z5.0050 E0.07118 F600
G1 X113.2487 Y95.6290 Z4.8586 E0.11498 F600
G1 X114.4639 Y94.4384 Z4.8050 E0.15285 F600
G1 X115.7960 Y93.1321 Z4.8586 E0.16762 F600
G1 X117.0103 Y92.0621 Z5.0050 E0.14593 F600
G1 X117.8409 Y91.4579 Z5.2050 E0.09397 F600
G1 X118.1381 Y91.3355 Z5.4050 E0.03400 F600
G1 X117.9525 Y91.5783 Z5.5514 E0.03043 F600
G1 X117.5000 Y92.0000 Z5.6050 E0.05575 F600
G1 X117.0612 Y92.3625 Z5.5514 E0.05134 F600
G1 X116.8886 Y92.4297 Z5.4050 E0.02121 F600
G1 X117.1668 Y92.0465 Z5.2050 E0.04617 F600
G1 X118.0064 Y91.1974 Z5.0050 E0.10872 F600
G1 X119.4187 Y90.0614 Z4.8586 E0.16330 F600
G1 X121.2512 Y89.0064 Z4.8050 E0.18995 F600
G1 X123.1580 Y88.3921 Z4.8586 E0.17996 F600
G1 X124.7269 Y88.2911 Z5.0050 E0.14179 F600
G1 X125.6876 Y88.4689 Z5.2050 E0.08956 F600
G1 X125.9917 Y88.6424 Z5.4050 E0.03621 F600
G1 X125.7595 Y88.6957 Z5.5514 E0.02511 F600
G1 X125.2249 Y88.6703 Z5.6050 E0.04830 F600
G1 X124.7001 Y88.6220 Z5.5514 E0.04757 F600
G1 X124.5082 Y88.5381 Z5.4050 E0.02295 F600
G1 X124.8874 Y88.4122 Z5.2050 E0.04012 F600
G1 X125.9078 Y88.3759 Z5.0050 E0.09344 F600
G1 X127.4133 Y88.7095 Z4.8586 E0.13910 F600
G1 X129.0408 Y89.6381 Z4.8050 E0.16833 F600
G1 X130.3941 Y91.0631 Z4.8586 E0.17655 F600
G1 X131.2670 Y92.5581 Z5.0050 E0.15602 F600
G1 X131.6834 Y93.6598 Z5.2050 E0.10728 F600
G1 X131.7663 Y94.1254 Z5.4050 E0.04611 F600
G1 X131.6302 Y93.9834 Z5.5514 E0.02202 F600
G1 X131.3750 Y93.4678 Z5.6050 E0.05189 F600
G1 X131.1302 Y92.9104 Z5.5514 E0.05488 F600
G1 X131.0637 Y92.6254 Z5.4050 E0.02939 F600
G1 X131.3036 Y92.8519 Z5.2050 E0.03465 F600
G1 X131.8299 Y93.7478 Z5.0050 E0.09502 F600
G1 X132.4572 Y95.3250 Z4.8586 E0.15299 F600
G1 X132.9702 Y97.3388 Z4.8050 E0.18668 F600
G1 X133.2879 Y99.3381 Z4.8586 E0.18186 F600
G1 X133.4568 Y100.9168 Z5.0050 E0.14318 F600
G1 X133.5213 Y101.8927 Z5.2050 E0.08965 F600
G1 X133.4887 Y102.2726 Z5.4050 E0.03867 F600
G1 X133.3876 Y102.1576 Z5.5514 E0.01903 F600
G1 X133.2812 Y101.7188 Z5.6050 E0.04083 F600
G1 X133.2277 Y101.2135 Z5.5514 E0.04588 F600
G1 X133.2611 Y100.9508 Z5.4050 E0.02717 F600
G1 X133.3977 Y101.1805 Z5.2050 E0.02997 F600
G1 X133.6425 Y101.9672 Z5.0050 E0.07614 F600
G1 X134.0192 Y103.1401 Z4.8586 E0.11140 F600
G1 X134.5876 Y104.3882 Z4.8050 E0.12325 F600
G1 X135.3532 Y105.4579 Z4.8586 E0.11822 F600
G1 X136.1487 Y106.2491 Z5.0050 E0.10161 F600
G1 X136.7022 Y106.7462 Z5.2050 E0.06919 F600
G1 X136.8418 Y106.9532 Z5.4050 E0.02873 F600
G1 X136.6081 Y106.9082 Z5.5514 E0.02510 F600
G1 X136.2086 Y106.6986 Z5.6050 E0.04080 F600
G1 X135.8906 Y106.4498 Z5.5514 E0.03658 F600
G1 X135.8375 Y106.3080 Z5.4050 E0.01892 F600
G1 X136.1612 Y106.3977 Z5.2050 E0.03511 F600
G1 X136.9465 Y106.7662 Z5.0050 E0.07994 F600
G1 X138.2387 Y107.3850 Z4.8586 E0.12934 F600
G1 X139.9299 Y108.2092 Z4.8050 E0.16901 F600
G1 X141.6810 Y109.1738 Z4.8586 E0.17960 F600
G1 X143.0723 Y110.1175 Z5.0050 E0.15155 F600
G1 X143.8597 Y110.8055 Z5.2050 E0.09560 F600
G1 X144.0436 Y111.0770 Z5.4050 E0.03450 F600
G1 X143.7684 Y110.9505 Z5.5514 E0.03021 F600
G1 X143.2561 Y110.5987 Z5.6050 E0.05602 F600
G1 X142.7955 Y110.2466 Z5.5514 E0.05228 F600
G1 X142.6847 Y110.0891 Z5.4050 E0.02173 F600
G1 X143.1282 Y110.2721 Z5.2050 E0.04668 F600
G1 X144.1484 Y110.9066 Z5.0050 E0.10938 F600
G1 X145.5231 Y112.0529 Z4.8586 E0.16127 F600
G1 X146.8171 Y113.6403 Z4.8050 E0.18398 F600
G1 X147.6216 Y115.3937 Z4.8586 E0.17330 F600
G1 X147.8486 Y116.9157 Z5.0050 E0.13882 F600
G1 X147.7378 Y117.8958 Z5.2050 E0.09038 F600
G1 X147.5826 Y118.2337 Z5.4050 E0.03791 F600
G1 X147.5118 Y118.0239 Z5.5514 E0.02384 F600
G1 X147.5000 Y117.5000 Z5.6050 E0.04730 F600
; row 9/57
G1 X146.6402 Y120.8201 Z6.0514 E0.31059 F600
G1 X146.8346 Y120.6365 Z5.9050 E0.02738 F600
G1 X146.7872 Y120.9664 Z5.7050 E0.03491 F600
G1 X146.3372 Y121.8627 Z5.5050 E0.09184 F600
G1 X145.3145 Y123.1589 Z5.3586 E0.14885 F600
G1 X143.7391 Y124.5307 Z5.3050 E0.18766 F600
G1 X141.9385 Y125.6770 Z5.3586 E0.19174 F600
G1 X140.3676 Y126.4604 Z5.5050 E0.15819 F600
G1 X139.3302 Y126.8790 Z5.7050 E0.10205 F600
G1 X138.9032 Y126.9833 Z5.9050 E0.04336 F600
G1 X139.0102 Y126.8529 Z6.0514 E0.02006 F600
G1 X139.4679 Y126.5994 Z6.1050 E0.04723 F600
G1 X139.9978 Y126.3621 Z6.0514 E0.05236 F600
G1 X140.2835 Y126.2928 Z5.9050 E0.02950 F600
G1 X140.0733 Y126.5059 Z5.7050 E0.03233 F600
G1 X139.2736 Y127.0139 Z5.5050 E0.08697 F600
G1 X138.0176 Y127.7297 Z5.3586 E0.13048 F600
G1 X136.6417 Y128.5514 Z5.3050 E0.14400 F600
G1 X135.4896 Y129.4070 Z5.3586 E0.12896 F600
G1 X134.7074 Y130.1851 Z5.5050 E0.09994 F600
G1 X134.2559 Y130.7093 Z5.7050 E0.06468 F600
G1 X134.0524 Y130.8547 Z5.9050 E0.02876 F600
G1 X134.0445 Y130.6601 Z6.0514 E0.02188 F600
G1 X134.1910 Y130.3074 Z6.1050 E0.03463 F600
G1 X134.4114 Y130.0137 Z6.0514 E0.03332 F600
G1 X134.5683 Y129.9477 Z5.9050 E0.02017 F600
G1 X134.5344 Y130.2202 Z5.7050 E0.03050 F600
G1 X134.2947 Y130.9084 Z5.5050 E0.06787 F600
G1 X133.9583 Y132.0610 Z5.3586 E0.10863 F600
G1 X133.6348 Y133.6348 Z5.3050 E0.14436 F600
G1 X133.3291 Y135.3915 Z5.3586 E0.16020 F600
G1 X133.0116 Y136.9291 Z5.5050 E0.14160 F600
G1 X132.7308 Y137.8965 Z5.7050 E0.09223 F600
G1 X132.5754 Y138.1713 Z5.9050 E0.03356 F600
G1 X132.5711 Y137.8675 Z6.0514 E0.03029 F600
G1 X132.6658 Y137.2645 Z6.1050 E0.05502 F600
G1 X132.7887 Y136.7205 Z6.0514 E0.05032 F600
G1 X132.8837 Y136.5673 Z5.9050 E0.02086 F600
G1 X132.8982 Y137.0325 Z5.7050 E0.04549 F600
G1 X132.7611 Y138.2019 Z5.5050 E0.10725 F600
G1 X132.3694 Y139.9653 Z5.3586 E0.16275 F600
G1 X131.6250 Y141.9652 Z5.3050 E0.19170 F600
G1 X130.5666 Y143.7075 Z5.3586 E0.18313 F600
G1 X129.4509 Y144.8507 Z5.5050 E0.14405 F600
G1 X128.6209 Y145.3747 Z5.7050 E0.08996 F600
G1 X128.2873 Y145.4517 Z5.9050 E0.03561 F600
G1 X128.4310 Y145.2499 Z6.0514 E0.02584 F600
G1 X128.8494 Y144.8999 Z6.1050 E0.04922 F600
G1 X129.2731 Y144.5762 Z6.0514 E0.04812 F600
G1 X129.4674 Y144.5096 Z5.9050 E0.02265 F600
G1 X129.2578 Y144.8670 Z5.7050 E0.04132 F600
G1 X128.5101 Y145.5986 Z5.5050 E0.09564 F600
G1 X127.1658 Y146.3880 Z5.3586 E0.14061 F600
G1 X125.3543 Y146.8126 Z5.3050 E0.16716 F600
G1 X123.4335 Y146.6643 Z5.3586 E0.17307 F600
G1 X121.8297 Y146.1192 Z5.5050 E0.15269 F600
G1 X120.8204 Y145.5542 Z5.7050 E0.10541 F600
G1 X120.4672 Y145.2517 Z5.9050 E0.04546 F600
G1 X120.6642 Y145.2717 Z6.0514 E0.02211 F600
G1 X121.1860 Y145.4978 Z6.1050 E0.05130 F600
G1 X121.7235 Y145.7598 Z6.0514 E0.05391 F600
G1 X121.9509 Y145.9320 Z5.9050 E0.02879 F600
G1 X121.6207 Y145.9199 Z5.7050 E0.03468 F600
G1 X120.6486 Y145.5827 Z5.5050 E0.09413 F600
G1 X119.1678 Y144.7687 Z5.3586 E0.15231 F600
G1 X117.5000 Y143.5000 Z5.3050 E0.18825 F600
G1 X115.9974 Y142.0674 Z5.3586 E0.18650 F600
G1 X114.8826 Y140.8451 Z5.5050 E0.14915 F600
G1 X114.2308 Y140.0472 Z5.7050 E0.09425 F600
G1 X114.0245 Y139.7013 Z5.9050 E0.04038 F600
G1 X114.1753 Y139.7463 Z6.0514 E0.01930 F600
G1 X114.5291 Y140.0659 Z6.1050 E0.04309 F600
G1 X114.8832 Y140.4671 Z6.0514 E0.04829 F600
G1 X115.0186 Y140.7078 Z5.9050 E0.02807 F600
G1 X114.7673 Y140.5888 Z5.7050 E0.03076 F600
G1 X114.0887 Y140.0486 Z5.5050 E0.07993 F600
G1 X113.0798 Y139.2262 Z5.3586 E0.11763 F600
G1 X111.8957 Y138.4155 Z5.3050 E0.12895 F600
G1 X110.6872 Y137.8613 Z5.3586 E0.11949 F600
G1 X109.6301 Y137.5845 Z5.5050 E0.09900 F600
G1 X108.9285 Y137.4507 Z5.7050 E0.06661 F600
G1 X108.7063 Y137.3469 Z5.9050 E0.02842 F600
G1 X108.9102 Y137.2553 Z6.0514 E0.02400 F600
G1 X109.3326 Y137.2179 Z6.1050 E0.03838 F600
G1 X109.7149 Y137.2637 Z6.0514 E0.03491 F600
G1 X109.8350 Y137.3612 Z5.9050 E0.01913 F600
G1 X109.5372 Y137.4590 Z5.7050 E0.03340 F600
G1 X108.7304 Y137.5700 Z5.5050 E0.07530 F600
G1 X107.3942 Y137.7692 Z5.3586 E0.12204 F600
G1 X105.6250 Y138.0681 Z5.3050 E0.16120 F600
G1 X103.7057 Y138.3409 Z5.3586 E0.17416 F600
G1 X102.0538 Y138.4529 Z5.5050 E0.14926 F600
G1 X101.0148 Y138.4113 Z5.7050 E0.09509 F600
G1 X100.7027 Y138.3193 Z5.9050 E0.03430 F600
G1 X100.9987 Y138.2450 Z6.0514 E0.03040 F600
G1 X101.6190 Y138.1965 Z6.1050 E0.05608 F600
G1 X102.1953 Y138.1831 Z6.0514 E0.05199 F600
G1 X102.3770 Y138.2366 Z5.9050 E0.02150 F600
G1 X101.9170 Y138.3681 Z5.7050 E0.04656 F600
G1 X100.7238 Y138.5130 Z5.5050 E0.10942 F600
G1 X98.9172 Y138.5040 Z5.3586 E0.16277 F600
G1 X96.8652 Y138.1348 Z5.3050 E0.18730 F600
G1 X95.0627 Y137.3508 Z5.3586 E0.17658 F600
G1 X93.8526 Y136.3794 Z5.5050 E0.13997 F600
G1 X93.2698 Y135.5936 Z5.7050 E0.08968 F600
G1 X93.1603 Y135.2507 Z5.9050 E0.03698 F600
G1 X93.3608 Y135.3621 Z6.0514 E0.02443 F600
G1 X93.7299 Y135.7394 Z6.1050 E0.04765 F600
G1 X94.0790 Y136.1299 Z6.0514 E0.04728 F600
G1 X94.1658 Y136.3264 Z5.9050 E0.02334 F600
G1 X93.8121 Y136.1741 Z5.7050 E0.03897 F600
G1 X93.0526 Y135.5223 Z5.5050 E0.09165 F600
G1 X92.1834 Y134.2567 Z5.3586 E0.13850 F600
G1 X91.6083 Y132.4486 Z5.3050 E0.17046 F600
G1 X91.5409 Y130.4427 Z5.3586 E0.18030 F600
G1 X91.8528 Y128.7065 Z5.5050 E0.15896 F600
G1 X92.2397 Y127.5779 Z5.7050 E0.10864 F600
G1 X92.4706 Y127.1595 Z5.9050 E0.04652 F600
G1 X92.4842 Y127.3540 Z6.0514 E0.02190 F600
G1 X92.3501 Y127.9174 Z6.1050 E0.05223 F600
G1 X92.1787 Y128.5100 Z6.0514 E0.05560 F600
G1 X92.0467 Y128.7778 Z5.9050 E0.02987 F600
G1 X92.0125 Y128.4503 Z5.7050 E0.03460 F600
G1 X92.1845 Y127.4196 Z5.5050 E0.09555 F600
G1 X92.6892 Y125.8016 Z5.3586 E0.15277 F600
G1 X93.5109 Y123.9279 Z5.3050 E0.18380 F600
G1 X94.4241 Y122.1948 Z5.3586 E0.17598 F600
G1 X95.1694 Y120.8783 Z5.5050 E0.13649 F600
G1 X95.6442 Y120.0868 Z5.7050 E0.08481 F600
G1 X95.8750 Y119.8121 Z5.9050 E0.03689 F600
G1 X95.9015 Y119.9608 Z6.0514 E0.01889 F600
G1 X95.7577 Y120.3624 Z6.1050 E0.03861 F600
G1 X95.5283 Y120.7837 Z6.0514 E0.04335 F600
G1 X95.3551 Y120.9667 Z5.9050 E0.02616 F600
G1 X95.3647 Y120.7095 Z5.7050 E0.02927 F600
G1 X95.5792 Y119.9577 Z5.5050 E0.07246 F600
G1 X95.8656 Y118.8232 Z5.3586 E0.10590 F600
G1 X96.0000 Y117.5000 Z5.3050 E0.11954 F600
G1 X95.8656 Y116.1768 Z5.3586 E0.11954 F600
G1 X95.5792 Y115.0423 Z5.5050 E0.10590 F600
G1 X95.3647 Y114.2905 Z5.7050 E0.07246 F600
G1 X95.3551 Y114.0333 Z5.9050 E0.02927 F600
G1 X95.5283 Y114.2163 Z6.0514 E0.02616 F600
G1 X95.7577 Y114.6376 Z6.1050 E0.04335 F600
G1 X95.9015 Y115.0392 Z6.0514 E0.03861 F600
G1 X95.8750 Y115.1879 Z5.9050 E0.01889 F600
G1 X95.6442 Y114.9132 Z5.7050 E0.03689 F600
G1 X95.1694 Y114.1217 Z5.5050 E0.08481 F600
G1 X94.4241 Y112.8052 Z5.3586 E0.13649 F600
G1 X93.5109 Y111.0721 Z5.3050 E0.17598 F600
G1 X92.6892 Y109.1984 Z5.3586 E0.18380 F600
G1 X92.1845 Y107.5804 Z5.5050 E0.15277 F600
G1 X92.0125 Y106.5497 Z5.7050 E0.09555 F600
G1 X92.0467 Y106.2222 Z5.9050 E0.03460 F600
G1 X92.1787 Y106.4900 Z6.0514 E0.02987 F600
G1 X92.3501 Y107.0826 Z6.1050 E0.05560 F600
G1 X92.4842 Y107.6460 Z6.0514 E0.05223 F600
G1 X92.4706 Y107.8405 Z5.9050 E0.02190 F600
G1 X92.2397 Y107.4221 Z5.7050 E0.04652 F600
G1 X91.8528 Y106.2935 Z5.5050 E0.10864 F600
G1 X91.5409 Y104.5573 Z5.3586 E0.15896 F600
G1 X91.6083 Y102.5514 Z5.3050 E0.18030 F600
G1 X92.1834 Y100.7433 Z5.3586 E0.17046 F600
G1 X93.0526 Y99.4777 Z5.5050 E0.13850 F600
G1 X93.8121 Y98.8259 Z5.7050 E0.09165 F600
G1 X94.1658 Y98.6736 Z5.9050 E0.03897 F600
G1 X94.0790 Y98.8701 Z6.0514 E0.02334 F600
G1 X93.7299 Y99.2606 Z6.1050 E0.04728 F600
G1 X93.3608 Y99.6379 Z6.0514 E0.04765 F600
G1 X93.1603 Y99.7493 Z5.9050 E0.02443 F600
G1 X93.2698 Y99.4064 Z5.7050 E0.03698 F600
G1 X93.8526 Y98.6206 Z5.5050 E0.08968 F600
G1 X95.0627 Y97.6492 Z5.3586 E0.13997 F600
G1 X96.8652 Y96.8652 Z5.3050 E0.17658 F600
G1 X98.9172 Y96.4960 Z5.3586 E0.18730 F600
G1 X100.7238 Y96.4870 Z5.5050 E0.16277 F600
G1 X101.9170 Y96.6319 Z5.7050 E0.10942 F600
G1 X102.3770 Y96.7634 Z5.9050 E0.04656 F600
G1 X102.1953 Y96.8169 Z6.0514 E0.02150 F600
G1 X101.6190 Y96.8035 Z6.1050 E0.05199 F600
G1 X100.9987 Y96.7550 Z6.0514 E0.05608 F600
G1 X100.7027 Y96.6807 Z5.9050 E0.03040 F600
G1 X101.0148 Y96.5887 Z5.7050 E0.03430 F600
G1 X102.0538 Y96.5471 Z5.5050 E0.09509 F600
G1 X103.7057 Y96.6591 Z5.3586 E0.14926 F600
G1 X105.6250 Y96.9319 Z5.3050 E0.17416 F600
G1 X107.3942 Y97.2308 Z5.3586 E0.16120 F600
G1 X108.7304 Y97.4300 Z5.5050 E0.12204 F600
G1 X109.5372 Y97.5410 Z5.7050 E0.07530 F600
G1 X109.8350 Y97.6388 Z5.9050 E0.03340 F600
G1 X109.7149 Y97.7363 Z6.0514 E0.01913 F600
G1 X109.3326 Y97.7821 Z6.1050 E0.03491 F600
G1 X108.9102 Y97.7447 Z6.0514 E0.03838 F600
G1 X108.7063 Y97.6531 Z5.9050 E0.02400 F600
G1 X108.9285 Y97.5493 Z5.7050 E0.02842 F600
G1 X109.6301 Y97.4155 Z5.5050 E0.06661 F600
G1 X110.6872 Y97.1387 Z5.3586 E0.09900 F600
G1 X111.8957 Y96.5845 Z5.3050 E0.11949 F600
G1 X113.0798 Y95.7738 Z5.3586 E0.12895 F600
G1 X114.0887 Y94.9514 Z5.5050 E0.11763 F600
G1 X114.7673 Y94.4112 Z5.7050 E0.07993 F600
G1 X115.0186 Y94.2922 Z5.9050 E0.03076 F600
G1 X114.8832 Y94.5329 Z6.0514 E0.02807 F600
G1 X114.5291 Y94.9341 Z6.1050 E0.04829 F600
G1 X114.1753 Y95.2537 Z6.0514 E0.04309 F600
G1 X114.0245 Y95.2987 Z5.9050 E0.01930 F600
G1 X114.2308 Y94.9528 Z5.7050 E0.04038 F600
G1 X114.8826 Y94.1549 Z5.5050 E0.09425 F600
G1 X115.9974 Y92.9326 Z5.3586 E0.14915 F600
G1 X117.5000 Y91.5000 Z5.3050 E0.18650 F600
G1 X119.1678 Y90.2313 Z5.3586 E0.18825 F600
G1 X120.6486 Y89.4173 Z5.5050 E0.15231 F600
G1 X121.6207 Y89.0801 Z5.7050 E0.09413 F600
G1 X121.9509 Y89.0680 Z5.9050 E0.03468 F600
G1 X121.7235 Y89.2402 Z6.0514 E0.02879 F600
G1 X121.1860 Y89.5022 Z6.1050 E0.05391 F600
G1 X120.6642 Y89.7283 Z6.0514 E0.05130 F600
G1 X120.4672 Y89.7483 Z5.9050 E0.02211 F600
G1 X120.8204 Y89.4458 Z5.7050 E0.04546 F600
G1 X121.8297 Y88.8808 Z5.5050 E0.10541 F600
G1 X123.4335 Y88.3357 Z5.3586 E0.15269 F600
G1 X125.3543 Y88.1874 Z5.3050 E0.17307 F600
G1 X127.1658 Y88.6120 Z5.3586 E0.16716 F600
G1 X128.5101 Y89.4014 Z5.5050 E0.14061 F600
G1 X129.2578 Y90.1330 Z5.7050 E0.09564 F600
G1 X129.4674 Y90.4904 Z5.9050 E0.04132 F600
G1 X129.2731 Y90.4238 Z6.0514 E0.02265 F600
G1 X128.8494 Y90.1001 Z6.1050 E0.04812 F600
G1 X128.4310 Y89.7501 Z6.0514 E0.04922 F600
G1 X128.2873 Y89.5483 Z5.9050 E0.02584 F600
G1 X128.6209 Y89.6253 Z5.7050 E0.03561 F600
G1 X129.4509 Y90.1493 Z5.5050 E0.08996 F600
G1 X130.5666 Y91.2925 Z5.3586 E0.14405 F600
G1 X131.6250 Y93.0348 Z5.3050 E0.18313 F600
G1 X132.3694 Y95.0347 Z5.3586 E0.19170 F600
G1 X132.7611 Y96.7981 Z5.5050 E0.16275 F600
G1 X132.8982 Y97.9675 Z5.7050 E0.10725 F600
G1 X132.8837 Y98.4327 Z5.9050 E0.04549 F600
G1 X132.7887 Y98.2795 Z6.0514 E0.02086 F600
G1 X132.6658 Y97.7355 Z6.1050 E0.05032 F600
G1 X132.5711 Y97.1325 Z6.0514 E0.05502 F600
G1 X132.5754 Y96.8287 Z5.9050 E0.03029 F600
G1 X132.7308 Y97.1035 Z5.7050 E0.03356 F600
G1 X133.0116 Y98.0709 Z5.5050 E0.09223 F600
G1 X133.3291 Y99.6085 Z5.3586 E0.14160 F600
G1 X133.6348 Y101.3652 Z5.3050 E0.16020 F600
G1 X133.9583 Y102.9390 Z5.3586 E0.14436 F600
G1 X134.2947 Y104.0916 Z5.5050 E0.10863 F600
G1 X134.5344 Y104.7798 Z5.7050 E0.06787 F600
G1 X134.5683 Y105.0523 Z5.9050 E0.03050 F600
G1 X134.4114 Y104.9863 Z6.0514 E0.02017 F600
G1 X134.1910 Y104.6926 Z6.1050 E0.03332 F600
G1 X134.0445 Y104.3399 Z6.0514 E0.03463 F600
G1 X134.0524 Y104.1453 Z5.9050 E0.02188 F600
G1 X134.2559 Y104.2907 Z5.7050 E0.02876 F600
G1 X134.7074 Y104.8149 Z5.5050 E0.06468 F600
G1 X135.4896 Y105.5930 Z5.3586 E0.09994 F600
G1 X136.6417 Y106.4486 Z5.3050 E0.12896 F600
G1 X138.0176 Y107.2703 Z5.3586 E0.14400 F600
G1 X139.2736 Y107.9861 Z5.5050 E0.13048 F600
G1 X140.0733 Y108.4941 Z5.7050 E0.08697 F600
G1 X140.2835 Y108.7072 Z5.9050 E0.03233 F600
G1 X139.9978 Y108.6379 Z6.0514 E0.02950 F600
G1 X139.4679 Y108.4006 Z6.1050 E0.05236 F600
G1 X139.0102 Y108.1471 Z6.0514 E0.04723 F600
G1 X138.9032 Y108.0167 Z5.9050 E0.02006 F600
G1 X139.3302 Y108.1210 Z5.7050 E0.04336 F600
G1 X140.3676 Y108.5396 Z5.5050 E0.10205 F600
G1 X141.9385 Y109.3230 Z5.3586 E0.15819 F600
G1 X143.7391 Y110.4693 Z5.3050 E0.19174 F600
G1 X145.3145 Y111.8411 Z5.3586 E0.18766 F600
G1 X146.3372 Y113.1373 Z5.5050 E0.14885 F600
G1 X146.7872 Y114.0336 Z5.7050 E0.09184 F600
G1 X146.8346 Y114.3635 Z5.9050 E0.03491 F600
G1 X146.6402 Y114.1799 Z6.0514 E0.02738 F600
G1 X146.3214 Y113.7056 Z6.1050 E0.05155 F600
G1 X146.0343 Y113.2355 Z6.0514 E0.04970 F600
G1 X145.9885 Y113.0403 Z5.9050 E0.02230 F600
G1 X146.3318 Y113.3196 Z5.7050 E0.04361 F600
G1 X147.0069 Y114.1918 Z5.5050 E0.10066 F600
G1 X147.7018 Y115.6528 Z5.3586 E0.14588 F600
G1 X148.0000 Y117.5000 Z5.3050 E0.16810 F600
G1 X147.7018 Y119.3472 Z5.3586 E0.16810 F600
G1 X147.0069 Y120.8082 Z5.5050 E0.14588 F600
G1 X146.3318 Y121.6804 Z5.7050 E0.10066 F600
G1 X145.9885 Y121.9597 Z5.9050 E0.04361 F600
G1 X146.0343 Y121.7645 Z6.0514 E0.02230 F600
G1 X146.3214 Y121.2944 Z6.1050 E0.04970 F600
; row 10/57
G1 X147.5118 Y116.9761 Z6.5514 E0.40425 F600
G1 X147.5826 Y116.7663 Z6.4050 E0.02384 F600
G1 X147.7378 Y117.1042 Z6.2050 E0.03791 F600
G1 X147.8486 Y118.0843 Z6.0050 E0.09038 F600
G1 X147.6216 Y119.6063 Z5.8586 E0.13882 F600
G1 X146.8171 Y121.3597 Z5.8050 E0.17330 F600
G1 X145.5231 Y122.9471 Z5.8586 E0.18398 F600
G1 X144.1484 Y124.0934 Z6.0050 E0.16127 F600
G1 X143.1282 Y124.7279 Z6.2050 E0.10938 F600
G1 X142.6847 Y124.9109 Z6.4050 E0.04668 F600
G1 X142.7955 Y124.7534 Z6.5514 E0.02173 F600
G1 X143.2561 Y124.4013 Z6.6050 E0.05228 F600
G1 X143.7684 Y124.0495 Z6.5514 E0.05602 F600
G1 X144.0436 Y123.9230 Z6.4050 E0.03021 F600
G1 X143.8597 Y124.1945 Z6.2050 E0.03450 F600
G1 X143.0723 Y124.8825 Z6.0050 E0.09560 F600
G1 X141.6810 Y125.8262 Z5.8586 E0.15155 F600
G1 X139.9299 Y126.7908 Z5.8050 E0.17960 F600
G1 X138.2387 Y127.6150 Z5.8586 E0.16901 F600
G1 X136.9465 Y128.2338 Z6.0050 E0.12934 F600
G1 X136.1612 Y128.6023 Z6.2050 E0.07994 F600
G1 X135.8375 Y128.6920 Z6.4050 E0.03511 F600
G1 X135.8906 Y128.5502 Z6.5514 E0.01892 F600
G1 X136.2086 Y128.3014 Z6.6050 E0.03658 F600
G1 X136.6081 Y128.0918 Z6.5514 E0.04080 F600
G1 X136.8418 Y128.0468 Z6.4050 E0.02510 F600
G1 X136.7022 Y128.2538 Z6.2050 E0.02873 F600
G1 X136.1487 Y128.7509 Z6.0050 E0.06919 F600
G1 X135.3532 Y129.5421 Z5.8586 E0.10161 F600
G1 X134.5876 Y130.6118 Z5.8050 E0.11822 F600
G1 X134.0192 Y131.8599 Z5.8586 E0.12325 F600
G1 X133.6425 Y133.0328 Z6.0050 E0.11140 F600
G1 X133.3977 Y133.8195 Z6.2050 E0.07614 F600
G1 X133.2611 Y134.0492 Z6.4050 E0.02997 F600
G1 X133.2277 Y133.7865 Z6.5514 E0.02717 F600
G1 X133.2812 Y133.2812 Z6.6050 E0.04588 F600
G1 X133.3876 Y132.8424 Z6.5514 E0.04083 F600
G1 X133.4887 Y132.7274 Z6.4050 E0.01903 F600
G1 X133.5213 Y133.1073 Z6.2050 E0.03867 F600
G1 X133.4568 Y134.0832 Z6.0050 E0.08965 F600
G1 X133.2879 Y135.6619 Z5.8586 E0.14318 F600
G1 X132.9702 Y137.6612 Z5.8050 E0.18186 F600
G1 X132.4572 Y139.6750 Z5.8586 E0.18668 F600
G1 X131.8299 Y141.2522 Z6.0050 E0.15299 F600
G1 X131.3036 Y142.1481 Z6.2050 E0.09502 F600
G1 X131.0637 Y142.3746 Z6.4050 E0.03465 F600
G1 X131.1302 Y142.0896 Z6.5514 E0.02939 F600
G1 X131.3750 Y141.5322 Z6.6050 E0.05488 F600
G1 X131.6302 Y141.0166 Z6.5514 E0.05189 F600
G1 X131.7663 Y140.8746 Z6.4050 E0.02202 F600
G1 X131.6834 Y141.3402 Z6.2050 E0.04611 F600
G1 X131.2670 Y142.4419 Z6.0050 E0.10728 F600
G1 X130.3941 Y143.9369 Z5.8586 E0.15602 F600
G1 X129.0408 Y145.3619 Z5.8050 E0.17655 F600
G1 X127.4133 Y146.2905 Z5.8586 E0.16833 F600
G1 X125.9078 Y146.6241 Z6.0050 E0.13910 F600
G1 X124.8874 Y146.5878 Z6.2050 E0.09344 F600
G1 X124.5082 Y146.4619 Z6.4050 E0.04012 F600
G1 X124.7001 Y146.3780 Z6.5514 E0.02295 F600
G1 X125.2249 Y146.3297 Z6.6050 E0.04757 F600
G1 X125.7595 Y146.3043 Z6.5514 E0.04830 F600
G1 X125.9917 Y146.3576 Z6.4050 E0.02511 F600
G1 X125.6876 Y146.5311 Z6.2050 E0.03621 F600
G1 X124.7269 Y146.7089 Z6.0050 E0.08956 F600
G1 X123.1580 Y146.6079 Z5.8586 E0.14179 F600
G1 X121.2512 Y145.9936 Z5.8050 E0.17996 F600
G1 X119.4187 Y144.9386 Z5.8586 E0.18995 F600
G1 X118.0064 Y143.8026 Z6.0050 E0.16330 F600
G1 X117.1668 Y142.9535 Z6.2050 E0.10872 F600
G1 X116.8886 Y142.5703 Z6.4050 E0.04617 F600
G1 X117.0612 Y142.6375 Z6.5514 E0.02121 F600
G1 X117.5000 Y143.0000 Z6.6050 E0.05134 F600
G1 X117.9525 Y143.4217 Z6.5514 E0.05575 F600
G1 X118.1381 Y143.6645 Z6.4050 E0.03043 F600
G1 X117.8409 Y143.5421 Z6.2050 E0.03400 F600
G1 X117.0103 Y142.9379 Z6.0050 E0.09397 F600
G1 X115.7960 Y141.8679 Z5.8586 E0.14593 F600
G1 X114.4639 Y140.5616 Z5.8050 E0.16762 F600
G1 X113.2487 Y139.3710 Z5.8586 E0.15285 F600
G1 X112.2976 Y138.5263 Z6.0050 E0.11498 F600
G1 X111.7084 Y138.0354 Z6.2050 E0.07118 F600
G1 X111.5242 Y137.8080 Z6.4050 E0.03184 F600
G1 X111.6835 Y137.7844 Z6.5514 E0.01955 F600
G1 X112.0251 Y137.9326 Z6.6050 E0.03378 F600
G1 X112.3459 Y138.1720 Z6.5514 E0.03627 F600
G1 X112.4546 Y138.3505 Z6.4050 E0.02291 F600
G1 X112.2105 Y138.3276 Z6.2050 E0.02842 F600
G1 X111.5543 Y138.0955 Z6.0050 E0.06503 F600
G1 X110.5056 Y137.8132 Z5.8586 E0.09841 F600
G1 X109.1412 Y137.6799 Z5.8050 E0.12320 F600
G1 X107.6282 Y137.7402 Z5.8586 E0.13607 F600
G1 X106.2594 Y137.8647 Z6.0050 E0.12412 F600
G1 X105.3518 Y137.9192 Z6.2050 E0.08360 F600
G1 X105.0668 Y137.8712 Z6.4050 E0.03157 F600
G1 X105.3288 Y137.7563 Z6.5514 E0.02886 F600
G1 X105.8750 Y137.6351 Z6.6050 E0.05048 F600
G1 X106.3725 Y137.5746 Z6.5514 E0.04526 F600
G1 X106.5285 Y137.6208 Z6.4050 E0.01966 F600
G1 X106.1396 Y137.7855 Z6.2050 E0.04196 F600
G1 X105.0970 Y138.0583 Z6.0050 E0.09843 F600
G1 X103.4167 Y138.3794 Z5.8586 E0.15419 F600
G1 X101.3146 Y138.5932 Z5.8050 E0.18980 F600
G1 X99.2168 Y138.5325 Z5.8586 E0.18853 F600
G1 X97.5751 Y138.2071 Z6.0050 E0.15086 F600
G1 X96.6318 Y137.8289 Z6.2050 E0.09302 F600
G1 X96.3767 Y137.6175 Z6.4050 E0.03475 F600
G1 X96.6530 Y137.6317 Z6.5514 E0.02811 F600
G1 X97.2188 Y137.7812 Z6.6050 E0.05277 F600
G1 X97.7536 Y137.9480 Z6.5514 E0.05054 F600
G1 X97.9163 Y138.0629 Z6.4050 E0.02220 F600
G1 X97.4615 Y138.0701 Z6.2050 E0.04462 F600
G1 X96.3522 Y137.8489 Z6.0050 E0.10315 F600
G1 X94.8248 Y137.2112 Z5.8586 E0.14922 F600
G1 X93.3333 Y136.0438 Z5.8050 E0.17016 F600
G1 X92.2988 Y134.4984 Z5.8586 E0.16707 F600
G1 X91.8382 Y132.9819 Z6.0050 E0.14293 F600
G1 X91.7687 Y131.9102 Z6.2050 E0.09810 F600
G1 X91.8464 Y131.4884 Z6.4050 E0.04250 F600
G1 X91.9439 Y131.6660 Z6.5514 E0.02244 F600
G1 X92.0414 Y132.1986 Z6.6050 E0.04886 F600
G1 X92.1177 Y132.7512 Z6.5514 E0.05033 F600
G1 X92.0917 Y133.0075 Z6.4050 E0.02661 F600
G1 X91.9018 Y132.7293 Z6.2050 E0.03518 F600
G1 X91.6399 Y131.7738 Z6.0050 E0.09077 F600
G1 X91.5617 Y130.1510 Z5.8586 E0.14650 F600
G1 X91.8881 Y128.1088 Z5.8050 E0.18579 F600
G1 X92.5774 Y126.0816 Z5.8586 E0.19234 F600
G1 X93.3527 Y124.4711 Z6.0050 E0.16105 F600
G1 X93.9443 Y123.4824 Z6.2050 E0.10501 F600
G1 X94.2312 Y123.1305 Z6.4050 E0.04455 F600
G1 X94.2183 Y123.3048 Z6.5514 E0.02047 F600
G1 X93.9939 Y123.7984 Z6.6050 E0.04894 F600
G1 X93.7068 Y124.3226 Z6.5514 E0.05388 F600
G1 X93.5191 Y124.5567 Z6.4050 E0.02998 F600
G1 X93.5617 Y124.2513 Z6.2050 E0.03300 F600
G1 X93.9132 Y123.3359 Z6.0050 E0.08987 F600
G1 X94.5442 Y121.9621 Z5.8586 E0.13639 F600
G1 X95.2620 Y120.4277 Z5.8050 E0.15220 F600
G1 X95.8151 Y119.0164 Z5.8586 E0.13621 F600
G1 X96.1081 Y117.9118 Z6.0050 E0.10346 F600
G1 X96.2422 Y117.2217 Z6.2050 E0.06564 F600
G1 X96.3479 Y116.9841 Z6.4050 E0.02946 F600
G1 X96.4526 Y117.1326 Z6.5514 E0.02095 F600
G1 X96.5000 Y117.5000 Z6.6050 E0.03361 F600
G1 X96.4526 Y117.8674 Z6.5514 E0.03361 F600
G1 X96.3479 Y118.0159 Z6.4050 E0.02095 F600
G1 X96.2422 Y117.7783 Z6.2050 E0.02946 F600
G1 X96.1081 Y117.0882 Z6.0050 E0.06564 F600
G1 X95.8151 Y115.9836 Z5.8586 E0.10346 F600
G1 X95.2620 Y114.5723 Z5.8050 E0.13621 F600
G1 X94.5442 Y113.0379 Z5.8586 E0.15220 F600
G1 X93.9132 Y111.6641 Z6.0050 E0.13639 F600
G1 X93.5617 Y110.7487 Z6.2050 E0.08987 F600
G1 X93.5191 Y110.4433 Z6.4050 E0.03300 F600
G1 X93.7068 Y110.6774 Z6.5514 E0.02998 F600
G1 X93.9939 Y111.2016 Z6.6050 E0.05388 F600
G1 X94.2183 Y111.6952 Z6.5514 E0.04894 F600
G1 X94.2312 Y111.8695 Z6.4050 E0.02047 F600
G1 X93.9443 Y111.5176 Z6.2050 E0.04455 F600
G1 X93.3527 Y110.5289 Z6.0050 E0.10501 F600
G1 X92.5774 Y108.9184 Z5.8586 E0.16105 F600
G1 X91.8881 Y106.8912 Z5.8050 E0.19234 F600
G1 X91.5617 Y104.8490 Z5.8586 E0.18579 F600
G1 X91.6399 Y103.2262 Z6.0050 E0.14650 F600
G1 X91.9018 Y102.2707 Z6.2050 E0.09077 F600
G1 X92.0917 Y101.9925 Z6.4050 E0.03518 F600
G1 X92.1177 Y102.2488 Z6.5514 E0.02661 F600
G1 X92.0414 Y102.8014 Z6.6050 E0.05033 F600
G1 X91.9439 Y103.3340 Z6.5514 E0.04886 F600
G1 X91.8464 Y103.5116 Z6.4050 E0.02244 F600
G1 X91.7687 Y103.0898 Z6.2050 E0.04250 F600
G1 X91.8382 Y102.0181 Z6.0050 E0.09810 F600
G1 X92.2988 Y100.5016 Z5.8586 E0.14293 F600
G1 X93.3333 Y98.9562 Z5.8050 E0.16707 F600
G1 X94.8248 Y97.7888 Z5.8586 E0.17016 F600
G1 X96.3522 Y97.1511 Z6.0050 E0.14922 F600
G1 X97.4615 Y96.9299 Z6.2050 E0.10315 F600
G1 X97.9163 Y96.9371 Z6.4050 E0.04462 F600
G1 X97.7536 Y97.0520 Z6.5514 E0.02220 F600
G1 X97.2188 Y97.2188 Z6.6050 E0.05054 F600
G1 X96.6530 Y97.3683 Z6.5514 E0.05277 F600
G1 X96.3767 Y97.3825 Z6.4050 E0.02811 F600
G1 X96.6318 Y97.1711 Z6.2050 E0.03475 F600
G1 X97.5751 Y96.7929 Z6.0050 E0.09302 F600
G1 X99.2168 Y96.4675 Z5.8586 E0.15086 F600
G1 X101.3146 Y96.4068 Z5.8050 E0.18853 F600
G1 X103.4167 Y96.6206 Z5.8586 E0.18980 F600
G1 X105.0970 Y96.9417 Z6.0050 E0.15419 F600
G1 X106.1396 Y97.2145 Z6.2050 E0.09843 F600
G1 X106.5285 Y97.3792 Z6.4050 E0.04196 F600
G1 X106.3725 Y97.4254 Z6.5514 E0.01966 F600
G1 X105.8750 Y97.3649 Z6.6050 E0.04526 F600
G1 X105.3288 Y97.2437 Z6.5514 E0.05048 F600
G1 X105.0668 Y97.1288 Z6.4050 E0.02886 F600
G1 X105.3518 Y97.0808 Z6.2050 E0.03157 F600
G1 X106.2594 Y97.1353 Z6.0050 E0.08360 F600
G1 X107.6282 Y97.2598 Z5.8586 E0.12412 F600
G1 X109.1412 Y97.3201 Z5.8050 E0.13607 F600
G1 X110.5056 Y97.1868 Z5.8586 E0.12320 F600
G1 X111.5543 Y96.9045 Z6.0050 E0.09841 F600
G1 X112.2105 Y96.6724 Z6.2050 E0.06503 F600
G1 X112.4546 Y96.6495 Z6.4050 E0.02842 F600
G1 X112.3459 Y96.8280 Z6.5514 E0.02291 F600
G1 X112.0251 Y97.0674 Z6.6050 E0.03627 F600
G1 X111.6835 Y97.2156 Z6.5514 E0.03378 F600
G1 X111.5242 Y97.1920 Z6.4050 E0.01955 F600
G1 X111.7084 Y96.9646 Z6.2050 E0.03184 F600
G1 X112.2976 Y96.4737 Z6.0050 E0.07118 F600
G1 X113.2487 Y95.6290 Z5.8586 E0.11498 F600
G1 X114.4639 Y94.4384 Z5.8050 E0.15285 F600
G1 X115.7960 Y93.1321 Z5.8586 E0.16762 F600
G1 X117.0103 Y92.0621 Z6.0050 E0.14593 F600
G1 X117.8409 Y91.4579 Z6.2050 E0.09397 F600
G1 X118.1381 Y91.3355 Z6.4050 E0.03400 F600
G1 X117.9525 Y91.5783 Z6.5514 E0.03043 F600
G1 X117.5000 Y92.0000 Z6.6050 E0.05575 F600
G1 X117.0612 Y92.3625 Z6.5514 E0.05134 F600
G1 X116.8886 Y92.4297 Z6.4050 E0.02121 F600
G1 X117.1668 Y92.0465 Z6.2050 E0.04617 F600
G1 X118.0064 Y91.1974 Z6.0050 E0.10872 F600
G1 X119.4187 Y90.0614 Z5.8586 E0.16330 F600
G1 X121.2512 Y89.0064 Z5.8050 E0.18995 F600
G1 X123.1580 Y88.3921 Z5.8586 E0.17996 F600
G1 X124.7269 Y88.2911 Z6.0050 E0.14179 F600
G1 X125.6876 Y88.4689 Z6.2050 E0.08956 F600
G1 X125.9917 Y88.6424 Z6.4050 E0.03621 F600
G1 X125.7595 Y88.6957 Z6.5514 E0.02511 F600
G1 X125.2249 Y88.6703 Z6.6050 E0.04830 F600
G1 X124.7001 Y88.6220 Z6.5514 E0.04757 F600
G1 X124.5082 Y88.5381 Z6.4050 E0.02295 F600
G1 X124.8874 Y88.4122 Z6.2050 E0.04012 F600
G1 X125.9078 Y88.3759 Z6.0050 E0.09344 F600
G1 X127.4133 Y88.7095 Z5.8586 E0.13910 F600
G1 X129.0408 Y89.6381 Z5.8050 E0.16833 F600
G1 X130.3941 Y91.0631 Z5.8586 E0.17655 F600
G1 X131.2670 Y92.5581 Z6.0050 E0.15602 F600
G1 X131.6834 Y93.6598 Z6.2050 E0.10728 F600
G1 X131.7663 Y94.1254 Z6.4050 E0.04611 F600
G1 X131.6302 Y93.9834 Z6.5514 E0.02202 F600
G1 X131.3750 Y93.4678 Z6.6050 E0.05189 F600
G1 X131.1302 Y92.9104 Z6.5514 E0.05488 F600
G1 X131.0637 Y92.6254 Z6.4050 E0.02939 F600
G1 X131.3036 Y92.8519 Z6.2050 E0.03465 F600
G1 X131.8299 Y93.7478 Z6.0050 E0.09502 F600
G1 X132.4572 Y95.3250 Z5.8586 E0.15299 F600
G1 X132.9702 Y97.3388 Z5.8050 E0.18668 F600
G1 X133.2879 Y99.3381 Z5.8586 E0.18186 F600
G1 X133.4568 Y100.9168 Z6.0050 E0.14318 F600
G1 X133.5213 Y101.8927 Z6.2050 E0.08965 F600
G1 X133.4887 Y102.2726 Z6.4050 E0.03867 F600
G1 X133.3876 Y102.1576 Z6.5514 E0.01903 F600
G1 X133.2812 Y101.7188 Z6.6050 E0.04083 F600
G1 X133.2277 Y101.2135 Z6.5514 E0.04588 F600
G1 X133.2611 Y100.9508 Z6.4050 E0.02717 F600
G1 X133.3977 Y101.1805 Z6.2050 E0.02997 F600
G1 X133.6425 Y101.9672 Z6.0050 E0.07614 F600
G1 X134.0192 Y103.1401 Z5.8586 E0.11140 F600
G1 X134.5876 Y104.3882 Z5.8050 E0.12325 F600
G1 X135.3532 Y105.4579 Z5.8586 E0.11822 F600
G1 X136.1487 Y106.2491 Z6.0050 E0.10161 F600
G1 X136.7022 Y106.7462 Z6.2050 E0.06919 F600
G1 X136.8418 Y106.9532 Z6.4050 E0.02873 F600
G1 X136.6081 Y106.9082 Z6.5514 E0.02510 F600
G1 X136.2086 Y106.6986 Z6.6050 E0.04080 F600
G1 X135.8906 Y106.4498 Z6.5514 E0.03658 F600
G1 X135.8375 Y106.3080 Z6.4050 E0.01892 F600
G1 X136.1612 Y106.3977 Z6.2050 E0.03511 F600
G1 X136.9465 Y106.7662 Z6.0050 E0.07994 F600
G1 X138.2387 Y107.3850 Z5.8586 E0.12934 F600
G1 X139.9299 Y108.2092 Z5.8050 E0.16901 F600
G1 X141.6810 Y109.1738 Z5.8586 E0.17960 F600
G1 X143.0723 Y110.1175 Z6.0050 E0.15155 F600
G1 X143.8597 Y110.8055 Z6.2050 E0.09560 F600
G1 X144.0436 Y111.0770 Z6.4050 E0.03450 F600
G1 X143.7684 Y110.9505 Z6.5514 E0.03021 F600
G1 X143.2561 Y110.5987 Z6.6050 E0.05602 F600
G1 X142.7955 Y110.2466 Z6.5514 E0.05228 F600
G1 X142.6847 Y110.0891 Z6.4050 E0.02173 F600
G1 X143.1282 Y110.2721 Z6.2050 E0.04668 F600
G1 X144.1484 Y110.9066 Z6.0050 E0.10938 F600
G1 X145.5231 Y112.0529 Z5.8586 E0.16127 F600
G1 X146.8171 Y113.6403 Z5.8050 E0.18398 F600
G1 X147.6216 Y115.3937 Z5.8586 E0.17330 F600
G1 X147.8486 Y116.9157 Z6.0050 E0.13882 F600
G1 X147.7378 Y117.8958 Z6.2050 E0.09038 F600
G1 X147.5826 Y118.2337 Z6.4050 E0.03791 F600
G1 X147.5118 Y118.0239 Z6.5514 E0.02384 F600
G1 X147.5000 Y117.5000 Z6.6050 E0.04730 F600
; row 11/57
G1 X146.6402 Y120.8201 Z7.0514 E0.31059 F600
G1 X146.8346 Y120.6365 Z6.9050 E0.02738 F600
G1 X146.7872 Y120.9664 Z6.7050 E0.03491 F600
G1 X146.3372 Y121.8627 Z6.5050 E0.09184 F600
G1 X145.3145 Y123.1589 Z6.3586 E0.14885 F600
G1 X143.7391 Y124.5307 Z6.3050 E0.18766 F600
G1 X141.9385 Y125.6770 Z6.3586 E0.19174 F600
G1 X140.3676 Y126.4604 Z6.5050 E0.15819 F600
G1 X139.3302 Y126.8790 Z6.7050 E0.10205 F600
G1 X138.9032 Y126.9833 Z6.9050 E0.04336 F600
G1 X139.0102 Y126.8529 Z7.0514 E0.02006 F600
G1 X139.4679 Y126.5994 Z7.1050 E0.04723 F600
G1 X139.9978 Y126.3621 Z7.0514 E0.05236 F600
G1 X140.2835 Y126.2928 Z6.9050 E0.02950 F600
G1 X140.0733 Y126.5059 Z6.7050 E0.03233 F600
G1 X139.2736 Y127.0139 Z6.5050 E0.08697 F600
G1 X138.0176 Y127.7297 Z6.3586 E0.13048 F600
G1 X136.6417 Y128.5514 Z6.3050 E0.14400 F600
G1 X135.4896 Y129.4070 Z6.3586 E0.12896 F600
G1 X134.7074 Y130.1851 Z6.5050 E0.09994 F600
G1 X134.2559 Y130.7093 Z6.7050 E0.06468 F600
G1 X134.0524 Y130.8547 Z6.9050 E0.02876 F600
G1 X134.0445 Y130.6601 Z7.0514 E0.02188 F600
G1 X134.1910 Y130.3074 Z7.1050 E0.03463 F600
G1 X134.4114 Y130.0137 Z7.0514 E0.03332 F600
G1 X134.5683 Y129.9477 Z6.9050 E0.02017 F600
G1 X134.5344 Y130.2202 Z6.7050 E0.03050 F600
G1 X134.2947 Y130.9084 Z6.5050 E0.06787 F600
G1 X133.9583 Y132.0610 Z6.3586 E0.10863 F600
G1 X133.6348 Y133.6348 Z6.3050 E0.14436 F600
G1 X133.3291 Y135.3915 Z6.3586 E0.16020 F600
G1 X133.0116 Y136.9291 Z6.5050 E0.14160 F600
G1 X132.7308 Y137.8965 Z6.7050 E0.09223 F600
G1 X132.5754 Y138.1713 Z6.9050 E0.03356 F600
G1 X132.5711 Y137.8675 Z7.0514 E0.03029 F600
G1 X132.6658 Y137.2645 Z7.1050 E0.05502 F600
G1 X132.7887 Y136.7205 Z7.0514 E0.05032 F600
G1 X132.8837 Y136.5673 Z6.9050 E0.02086 F600
G1 X132.8982 Y137.0325 Z6.7050 E0.04549 F600
G1 X132.7611 Y138.2019 Z6.5050 E0.10725 F600
G1 X132.3694 Y139.9653 Z6.3586 E0.16275 F600
G1 X131.6250 Y141.9652 Z6.3050 E0.19170 F600
G1 X130.5666 Y143.7075 Z6.3586 E0.18313 F600
G1 X129.4509 Y144.8507 Z6.5050 E0.14405 F600
G1 X128.6209 Y145.3747 Z6.7050 E0.08996 F600
G1 X128.2873 Y145.4517 Z6.9050 E0.03561 F600
G1 X128.4310 Y145.2499 Z7.0514 E0.02584 F600
G1 X128.8494 Y144.8999 Z7.1050 E0.04922 F600
G1 X129.2731 Y144.5762 Z7.0514 E0.04812 F600
G1 X129.4674 Y144.5096 Z6.9050 E0.02265 F600
G1 X129.2578 Y144.8670 Z6.7050 E0.04132 F600
G1 X128.5101 Y145.5986 Z6.5050 E0.09564 F600
G1 X127.1658 Y146.3880 Z6.3586 E0.14061 F600
G1 X125.3543 Y146.8126 Z6.3050 E0.16716 F600
G1 X123.4335 Y146.6643 Z6.3586 E0.17307 F600
G1 X121.8297 Y146.1192 Z6.5050 E0.15269 F600
G1 X120.8204 Y145.5542 Z6.7050 E0.10541 F600
G1 X120.4672 Y145.2517 Z6.9050 E0.04546 F600
G1 X120.6642 Y145.2717 Z7.0514 E0.02211 F600
G1 X121.1860 Y145.4978 Z7.1050 E0.05130 F600
G1 X121.7235 Y145.7598 Z7.0514 E0.05391 F600
G1 X121.9509 Y145.9320 Z6.9050 E0.02879 F600
G1 X121.6207 Y145.9199 Z6.7050 E0.03468 F600
G1 X120.6486 Y145.5827 Z6.5050 E0.09413 F600
G1 X119.1678 Y144.7687 Z6.3586 E0.15231 F600
G1 X117.5000 Y143.5000 Z6.3050 E0.18825 F600
G1 X115.9974 Y142.0674 Z6.3586 E0.18650 F600
G1 X114.8826 Y140.8451 Z6.5050 E0.14915 F600
G1 X114.2308 Y140.0472 Z6.7050 E0.09425 F600
G1 X114.0245 Y139.7013 Z6.9050 E0.04038 F600
G1 X114.1753 Y139.7463 Z7.0514 E0.01930 F600
G1 X114.5291 Y140.0659 Z7.1050 E0.04309 F600
G1 X114.8832 Y140.4671 Z7.0514 E0.04829 F600
G1 X115.0186 Y140.7078 Z6.9050 E0.02807 F600
G1 X114.7673 Y140.5888 Z6.7050 E0.03076 F600
G1 X114.0887 Y140.0486 Z6.5050 E0.07993 F600
G1 X113.0798 Y139.2262 Z6.3586 E0.11763 F600
G1 X111.8957 Y138.4155 Z6.3050 E0.12895 F600
G1 X110.6872 Y137.8613 Z6.3586 E0.11949 F600
G1 X109.6301 Y137.5845 Z6.5050 E0.09900 F600
G1 X108.9285 Y137.4507 Z6.7050 E0.06661 F600
G1 X108.7063 Y137.3469 Z6.9050 E0.02842 F600
G1 X108.9102 Y137.2553 Z7.0514 E0.02400 F600
G1 X109.3326 Y137.2179 Z7.1050 E0.03838 F600
G1 X109.7149 Y137.2637 Z7.0514 E0.03491 F600
G1 X109.8350 Y137.3612 Z6.9050 E0.01913 F600
G1 X109.5372 Y137.4590 Z6.7050 E0.03340 F600
G1 X108.7304 Y137.5700 Z6.5050 E0.07530 F600
G1 X107.3942 Y137.7692 Z6.3586 E0.12204 F600
G1 X105.6250 Y138.0681 Z6.3050 E0.16120 F600
G1 X103.7057 Y138.3409 Z6.3586 E0.17416 F600
G1 X102.0538 Y138.4529 Z6.5050 E0.14926 F600
G1 X101.0148 Y138.4113 Z6.7050 E0.09509 F600
G1 X100.7027 Y138.3193 Z6.9050 E0.03430 F600
G1 X100.9987 Y138.2450 Z7.0514 E0.03040 F600
G1 X101.6190 Y138.1965 Z7.1050 E0.05608 F600
G1 X102.1953 Y138.1831 Z7.0514 E0.05199 F600
G1 X102.3770 Y138.2366 Z6.9050 E0.02150 F600
G1 X101.9170 Y138.3681 Z6.7050 E0.04656 F600
G1 X100.7238 Y138.5130 Z6.5050 E0.10942 F600
G1 X98.9172 Y138.5040 Z6.3586 E0.16277 F600
G1 X96.8652 Y138.1348 Z6.3050 E0.18730 F600
G1 X95.0627 Y137.3508 Z6.3586 E0.17658 F600
G1 X93.8526 Y136.3794 Z6.5050 E0.13997 F600
G1 X93.2698 Y135.5936 Z6.7050 E0.08968 F600
G1 X93.1603 Y135.2507 Z6.9050 E0.03698 F600
G1 X93.3608 Y135.3621 Z7.0514 E0.02443 F600
G1 X93.7299 Y135.7394 Z7.1050 E0.04765 F600
G1 X94.0790 Y136.1299 Z7.0514 E0.04728 F600
G1 X94.1658 Y136.3264 Z6.9050 E0.02334 F600
G1 X93.8121 Y136.1741 Z6.7050 E0.03897 F600
G1 X93.0526 Y135.5223 Z6.5050 E0.09165 F600
G1 X92.1834 Y134.2567 Z6.3586 E0.13850 F600
G1 X91.6083 Y132.4486 Z6.3050 E0.17046 F600
G1 X91.5409 Y130.4427 Z6.3586 E0.18030 F600
G1 X91.8528 Y128.7065 Z6.5050 E0.15896 F600
G1 X92.2397 Y127.5779 Z6.7050 E0.10864 F600
G1 X92.4706 Y127.1595 Z6.9050 E0.04652 F600
G1 X92.4842 Y127.3540 Z7.0514 E0.02190 F600
G1 X92.3501 Y127.9174 Z7.1050 E0.05223 F600
G1 X92.1787 Y128.5100 Z7.0514 E0.05560 F600
G1 X92.0467 Y128.7778 Z6.9050 E0.02987 F600
G1 X92.0125 Y128.4503 Z6.7050 E0.03460 F600
G1 X92.1845 Y127.4196 Z6.5050 E0.09555 F600
G1 X92.6892 Y125.8016 Z6.3586 E0.15277 F600
G1 X93.5109 Y123.9279 Z6.3050 E0.18380 F600
G1 X94.4241 Y122.1948 Z6.3586 E0.17598 F600
G1 X95.1694 Y120.8783 Z6.5050 E0.13649 F600
G1 X95.6442 Y120.0868 Z6.7050 E0.08481 F600
G1 X95.8750 Y119.8121 Z6.9050 E0.03689 F600
G1 X95.9015 Y119.9608 Z7.0514 E0.01889 F600
G1 X95.7577 Y120.3624 Z7.1050 E0.03861 F600
G1 X95.5283 Y120.7837 Z7.0514 E0.04335 F600
G1 X95.3551 Y120.9667 Z6.9050 E0.02616 F600
G1 X95.3647 Y120.7095 Z6.7050 E0.02927 F600
G1 X95.5792 Y119.9577 Z6.5050 E0.07246 F600
G1 X95.8656 Y118.8232 Z6.3586 E0.10590 F600
G1 X96.0000 Y117.5000 Z6.3050 E0.11954 F600
G1 X95.8656 Y116.1768 Z6.3586 E0.11954 F600
G1 X95.5792 Y115.0423 Z6.5050 E0.10590 F600
G1 X95.3647 Y114.2905 Z6.7050 E0.07246 F600
G1 X95.3551 Y114.0333 Z6.9050 E0.02927 F600
G1 X95.5283 Y114.2163 Z7.0514 E0.02616 F600
G1 X95.7577 Y114.6376 Z7.1050 E0.04335 F600
G1 X95.9015 Y115.0392 Z7.0514 E0.03861 F600
G1 X95.8750 Y115.1879 Z6.9050 E0.01889 F600
G1 X95.6442 Y114.9132 Z6.7050 E0.03689 F600
G1 X95.1694 Y114.1217 Z6.5050 E0.08481 F600
G1 X94.4241 Y112.8052 Z6.3586 E0.13649 F600
G1 X93.5109 Y111.0721 Z6.3050 E0.17598 F600
G1 X92.6892 Y109.1984 Z6.3586 E0.18380 F600
G1 X92.1845 Y107.5804 Z6.5050 E0.15277 F600
G1 X92.0125 Y106.5497 Z6.7050 E0.09555 F600
G1 X92.0467 Y106.2222 Z6.9050 E0.03460 F600
G1 X92.1787 Y106.4900 Z7.0514 E0.02987 F600
G1 X92.3501 Y107.0826 Z7.1050 E0.05560 F600
G1 X92.4842 Y107.6460 Z7.0514 E0.05223 F600
G1 X92.4706 Y107.8405 Z6.9050 E0.02190 F600
G1 X92.2397 Y107.4221 Z6.7050 E0.04652 F600
G1 X91.8528 Y106.2935 Z6.5050 E0.10864 F600
G1 X91.5409 Y104.5573 Z6.3586 E0.15896 F600
G1 X91.6083 Y102.5514 Z6.3050 E0.18030 F600
G1 X92.1834 Y100.7433 Z6.3586 E0.17046 F600
G1 X93.0526 Y99.4777 Z6.5050 E0.13850 F600
G1 X93.8121 Y98.8259 Z6.7050 E0.09165 F600
G1 X94.1658 Y98.6736 Z6.9050 E0.03897 F600
G1 X94.0790 Y98.8701 Z7.0514 E0.02334 F600
G1 X93.7299 Y99.2606 Z7.1050 E0.04728 F600
G1 X93.3608 Y99.6379 Z7.0514 E0.04765 F600
G1 X93.1603 Y99.7493 Z6.9050 E0.02443 F600
G1 X93.2698 Y99.4064 Z6.7050 E0.03698 F600
G1 X93.8526 Y98.6206 Z6.5050 E0.08968 F600
G1 X95.0627 Y97.6492 Z6.3586 E0.13997 F600
G1 X96.8652 Y96.8652 Z6.3050 E0.17658 F600
G1 X98.9172 Y96.4960 Z6.3586 E0.18730 F600
G1 X100.7238 Y96.4870 Z6.5050 E0.16277 F600
G1 X101.9170 Y96.6319 Z6.7050 E0.10942 F600
G1 X102.3770 Y96.7634 Z6.9050 E0.04656 F600
G1 X102.1953 Y96.8169 Z7.0514 E0.02150 F600
G1 X101.6190 Y96.8035 Z7.1050 E0.05199 F600
G1 X100.9987 Y96.7550 Z7.0514 E0.05608 F600
G1 X100.7027 Y96.6807 Z6.9050 E0.03040 F600
G1 X101.0148 Y96.5887 Z6.7050 E0.03430 F600
G1 X102.0538 Y96.5471 Z6.5050 E0.09509 F600
G1 X103.7057 Y96.6591 Z6.3586 E0.14926 F600
G1 X105.6250 Y96.9319 Z6.3050 E0.17416 F600
G1 X107.3942 Y97.2308 Z6.3586 E0.16120 F600
G1 X108.7304 Y97.4300 Z6.5050 E0.12204 F600
G1 X109.5372 Y97.5410 Z6.7050 E0.07530 F600
G1 X109.8350 Y97.6388 Z6.9050 E0.03340 F600
G1 X109.7149 Y97.7363 Z7.0514 E0.01913 F600
G1 X109.3326 Y97.7821 Z7.1050 E0.03491 F600
G1 X108.9102 Y97.7447 Z7.0514 E0.03838 F600
G1 X108.7063 Y97.6531 Z6.9050 E0.02400 F600
G1 X108.9285 Y97.5493 Z6.7050 E0.02842 F600
G1 X109.6301 Y97.4155 Z6.5050 E0.06661 F600
G1 X110.6872 Y97.1387 Z6.3586 E0.09900 F600
G1 X111.8957 Y96.5845 Z6.3050 E0.11949 F600
G1 X113.0798 Y95.7738 Z6.3586 E0.12895 F600
G1 X114.0887 Y94.9514 Z6.5050 E0.11763 F600
G1 X114.7673 Y94.4112 Z6.7050 E0.07993 F600
G1 X115.0186 Y94.2922 Z6.9050 E0.03076 F600
G1 X114.8832 Y94.5329 Z7.0514 E0.02807 F600
G1 X114.5291 Y94.9341 Z7.1050 E0.04829 F600
G1 X114.1753 Y95.2537 Z7.0514 E0.04309 F600
G1 X114.0245 Y95.2987 Z6.9050 E0.01930 F600
G1 X114.2308 Y94.9528 Z6.7050 E0.04038 F600
G1 X114.8826 Y94.1549 Z6.5050 E0.09425 F600
G1 X115.9974 Y92.9326 Z6.3586 E0.14915 F600
G1 X117.5000 Y91.5000 Z6.3050 E0.18650 F600
G1 X119.1678 Y90.2313 Z6.3586 E0.18825 F600
G1 X120.6486 Y89.4173 Z6.5050 E0.15231 F600
G1 X121.6207 Y89.0801 Z6.7050 E0.09413 F600
G1 X121.9509 Y89.0680 Z6.9050 E0.03468 F600
G1 X121.7235 Y89.2402 Z7.0514 E0.02879 F600
G1 X121.1860 Y89.5022 Z7.1050 E0.05391 F600
G1 X120.6642 Y89.7283 Z7.0514 E0.05130 F600
G1 X120.4672 Y89.7483 Z6.9050 E0.02211 F600
G1 X120.8204 Y89.4458 Z6.7050 E0.04546 F600
G1 X121.8297 Y88.8808 Z6.5050 E0.10541 F600
G1 X123.4335 Y88.3357 Z6.3586 E0.15269 F600
G1 X125.3543 Y88.1874 Z6.3050 E0.17307 F600
G1 X127.1658 Y88.6120 Z6.3586 E0.16716 F600
G1 X128.5101 Y89.4014 Z6.5050 E0.14061 F600
G1 X129.2578 Y90.1330 Z6.7050 E0.09564 F600
G1 X129.4674 Y90.4904 Z6.9050 E0.04132 F600
G1 X129.2731 Y90.4238 Z7.0514 E0.02265 F600
G1 X128.8494 Y90.1001 Z7.1050 E0.04812 F600
G1 X128.4310 Y89.7501 Z7.0514 E0.04922 F600
G1 X128.2873 Y89.5483 Z6.9050 E0.02584 F600
G1 X128.6209 Y89.6253 Z6.7050 E0.03561 F600
G1 X129.4509 Y90.1493 Z6.5050 E0.08996 F600
G1 X130.5666 Y91.2925 Z6.3586 E0.14405 F600
G1 X131.6250 Y93.0348 Z6.3050 E0.18313 F600
G1 X132.3694 Y95.0347 Z6.3586 E0.19170 F600
G1 X132.7611 Y96.7981 Z6.5050 E0.16275 F600
G1 X132.8982 Y97.9675 Z6.7050 E0.10725 F600
G1 X132.8837 Y98.4327 Z6.9050 E0.04549 F600
G1 X132.7887 Y98.2795 Z7.0514 E0.02086 F600
G1 X132.6658 Y97.7355 Z7.1050 E0.05032 F600
G1 X132.5711 Y97.1325 Z7.0514 E0.05502 F600
G1 X132.5754 Y96.8287 Z6.9050 E0.03029 F600
G1 X132.7308 Y97.1035 Z6.7050 E0.03356 F600
G1 X133.0116 Y98.0709 Z6.5050 E0.09223 F600
G1 X133.3291 Y99.6085 Z6.3586 E0.14160 F600
G1 X133.6348 Y101.3652 Z6.3050 E0.16020 F600
G1 X133.9583 Y102.9390 Z6.3586 E0.14436 F600
G1 X134.2947 Y104.0916 Z6.5050 E0.10863 F600
G1 X134.5344 Y104.7798 Z6.7050 E0.06787 F600
G1 X134.5683 Y105.0523 Z6.9050 E0.03050 F600
G1 X134.4114 Y104.9863 Z7.0514 E0.02017 F600
G1 X134.1910 Y104.6926 Z7.1050 E0.03332 F600
G1 X134.0445 Y104.3399 Z7.0514 E0.03463 F600
G1 X134.0524 Y104.1453 Z6.9050 E0.02188 F600
G1 X134.2559 Y104.2907 Z6.7050 E0.02876 F600
G1 X134.7074 Y104.8149 Z6.5050 E0.06468 F600
G1 X135.4896 Y105.5930 Z6.3586 E0.09994 F600
G1 X136.6417 Y106.4486 Z6.3050 E0.12896 F600
G1 X138.0176 Y107.2703 Z6.3586 E0.14400 F600
G1 X139.2736 Y107.9861 Z6.5050 E0.13048 F600
G1 X140.0733 Y108.4941 Z6.7050 E0.08697 F600
G1 X140.2835 Y108.7072 Z6.9050 E0.03233 F600
G1 X139.9978 Y108.6379 Z7.0514 E0.02950 F600
G1 X139.4679 Y108.4006 Z7.1050 E0.05236 F600
G1 X139.0102 Y108.1471 Z7.0514 E0.04723 F600
G1 X138.9032 Y108.0167 Z6.9050 E0.02006 F600
G1 X139.3302 Y108.1210 Z6.7050 E0.04336 F600
G1 X140.3676 Y108.5396 Z6.5050 E0.10205 F600
G1 X141.9385 Y109.3230 Z6.3586 E0.15819 F600
G1 X143.7391 Y110.4693 Z6.3050 E0.19174 F600
G1 X145.3145 Y111.8411 Z6.3586 E0.18766 F600
G1 X146.3372 Y113.1373 Z6.5050 E0.14885 F600
G1 X146.7872 Y114.0336 Z6.7050 E0.09184 F600
G1 X146.8346 Y114.3635 Z6.9050 E0.03491 F600
G1 X146.6402 Y114.1799 Z7.0514 E0.02738 F600
G1 X146.3214 Y113.7056 Z7.1050 E0.05155 F600
G1 X146.0343 Y113.2355 Z7.0514 E0.04970 F600
G1 X145.9885 Y113.0403 Z6.9050 E0.02230 F600
G1 X146.3318 Y113.3196 Z6.7050 E0.04361 F600
G1 X147.0069 Y114.1918 Z6.5050 E0.10066 F600
G1 X147.7018 Y115.6528 Z6.3586 E0.14588 F600
G1 X148.0000 Y117.5000 Z6.3050 E0.16810 F600
G1 X147.7018 Y119.3472 Z6.3586 E0.16810 F600
G1 X147.0069 Y120.8082 Z6.5050 E0.14588 F600
G1 X146.3318 Y121.6804 Z6.7050 E0.10066 F600
G1 X145.9885 Y121.9597 Z6.9050 E0.04361 F600
G1 X146.0343 Y121.7645 Z7.0514 E0.02230 F600
G1 X146.3214 Y121.2944 Z7.1050 E0.04970 F600
; row 12/57
G1 X147.5118 Y116.9761 Z7.5514 E0.40425 F600
G1 X147.5826 Y116.7663 Z7.4050 E0.02384 F600
G1 X147.7378 Y117.1042 Z7.2050 E0.03791 F600
G1 X147.8486 Y118.0843 Z7.0050 E0.09038 F600
G1 X147.6216 Y119.6063 Z6.8586 E0.13882 F600
G1 X146.8171 Y121.3597 Z6.8050 E0.17330 F600
G1 X145.5231 Y122.9471 Z6.8586 E0.18398 F600
G1 X144.1484 Y124.0934 Z7.0050 E0.16127 F600
G1 X143.1282 Y124.7279 Z7.2050 E0.10938 F600
G1 X142.6847 Y124.9109 Z7.4050 E0.04668 F600
G1 X142.7955 Y124.7534 Z7.5514 E0.02173 F600
G1 X143.2561 Y124.4013 Z7.6050 E0.05228 F600
G1 X143.7684 Y124.0495 Z7.5514 E0.05602 F600
G1 X144.0436 Y123.9230 Z7.4050 E0.03021 F600
G1 X143.8597 Y124.1945 Z7.2050 E0.03450 F600
G1 X143.0723 Y124.8825 Z7.0050 E0.09560 F600
G1 X141.6810 Y125.8262 Z6.8586 E0.15155 F600
G1 X139.9299 Y126.7908 Z6.8050 E0.17960 F600
G1 X138.2387 Y127.6150 Z6.8586 E0.16901 F600
G1 X136.9465 Y128.2338 Z7.0050 E0.12934 F600
G1 X136.1612 Y128.6023 Z7.2050 E0.07994 F600
G1 X135.8375 Y128.6920 Z7.4050 E0.03511 F600
G1 X135.8906 Y128.5502 Z7.5514 E0.01892 F600
G1 X136.2086 Y128.3014 Z7.6050 E0.03658 F600
G1 X136.6081 Y128.0918 Z7.5514 E0.04080 F600
G1 X136.8418 Y128.0468 Z7.4050 E0.02510 F600
G1 X136.7022 Y128.2538 Z7.2050 E0.02873 F600
G1 X136.1487 Y128.7509 Z7.0050 E0.06919 F600
G1 X135.3532 Y129.5421 Z6.8586 E0.10161 F600
G1 X134.5876 Y130.6118 Z6.8050 E0.11822 F600
G1 X134.0192 Y131.8599 Z6.8586 E0.12325 F600
G1 X133.6425 Y133.0328 Z7.0050 E0.11140 F600
G1 X133.3977 Y133.8195 Z7.2050 E0.07614 F600
G1 X133.2611 Y134.0492 Z7.4050 E0.02997 F600
G1 X133.2277 Y133.7865 Z7.5514 E0.02717 F600
G1 X133.2812 Y133.2812 Z7.6050 E0.04588 F600
G1 X133.3876 Y132.8424 Z7.5514 E0.04083 F600
G1 X133.4887 Y132.7274 Z7.4050 E0.01903 F600
G1 X133.5213 Y133.1073 Z7.2050 E0.03867 F600
G1 X133.4568 Y134.0832 Z7.0050 E0.08965 F600
G1 X133.2879 Y135.6619 Z6.8586 E0.14318 F600
G1 X132.9702 Y137.6612 Z6.8050 E0.18186 F600
G1 X132.4572 Y139.6750 Z6.8586 E0.18668 F600
G1 X131.8299 Y141.2522 Z7.0050 E0.15299 F600
G1 X131.3036 Y142.1481 Z7.2050 E0.09502 F600
G1 X131.0637 Y142.3746 Z7.4050 E0.03465 F600
G1 X131.1302 Y142.0896 Z7.5514 E0.02939 F600
G1 X131.3750 Y141.5322 Z7.6050 E0.05488 F600
G1 X131.6302 Y141.0166 Z7.5514 E0.05189 F600
G1 X131.7663 Y140.8746 Z7.4050 E0.02202 F600
G1 X131.6834 Y141.3402 Z7.2050 E0.04611 F600
G1 X131.2670 Y142.4419 Z7.0050 E0.10728 F600
G1 X130.3941 Y143.9369 Z6.8586 E0.15602 F600
G1 X129.0408 Y145.3619 Z6.8050 E0.17655 F600
G1 X127.4133 Y146.2905 Z6.8586 E0.16833 F600
G1 X125.9078 Y146.6241 Z7.0050 E0.13910 F600
G1 X124.8874 Y146.5878 Z7.2050 E0.09344 F600
G1 X124.5082 Y146.4619 Z7.4050 E0.04012 F600
G1 X124.7001 Y146.3780 Z7.5514 E0.02295 F600
G1 X125.2249 Y146.3297 Z7.6050 E0.04757 F600
G1 X125.7595 Y146.3043 Z7.5514 E0.04830 F600
G1 X125.9917 Y146.3576 Z7.4050 E0.02511 F600
G1 X125.6876 Y146.5311 Z7.2050 E0.03621 F600
G1 X124.7269 Y146.7089 Z7.0050 E0.08956 F600
G1 X123.1580 Y146.6079 Z6.8586 E0.14179 F600
G1 X121.2512 Y145.9936 Z6.8050 E0.17996 F600
G1 X119.4187 Y144.9386 Z6.8586 E0.18995 F600
G1 X118.0064 Y143.8026 Z7.0050 E0.16330 F600
G1 X117.1668 Y142.9535 Z7.2050 E0.10872 F600
G1 X116.8886 Y142.5703 Z7.4050 E0.04617 F600
G1 X117.0612 Y142.6375 Z7.5514 E0.02121 F600
G1 X117.5000 Y143.0000 Z7.6050 E0.05134 F600
G1 X117.9525 Y143.4217 Z7.5514 E0.05575 F600
G1 X118.1381 Y143.6645 Z7.4050 E0.03043 F600
G1 X117.8409 Y143.5421 Z7.2050 E0.03400 F600
G1 X117.0103 Y142.9379 Z7.0050 E0.09397 F600
G1 X115.7960 Y141.8679 Z6.8586 E0.14593 F600
G1 X114.4639 Y140.5616 Z6.8050 E0.16762 F600
G1 X113.2487 Y139.3710 Z6.8586 E0.15285 F600
G1 X112.2976 Y138.5263 Z7.0050 E0.11498 F600
G1 X111.7084 Y138.0354 Z7.2050 E0.07118 F600
G1 X111.5242 Y137.8080 Z7.4050 E0.03184 F600
G1 X111.6835 Y137.7844 Z7.5514 E0.01955 F600
G1 X112.0251 Y137.9326 Z7.6050 E0.03378 F600
G1 X112.3459 Y138.1720 Z7.5514 E0.03627 F600
G1 X112.4546 Y138.3505 Z7.4050 E0.02291 F600
G1 X112.2105 Y138.3276 Z7.2050 E0.02842 F600
G1 X111.5543 Y138.0955 Z7.0050 E0.06503 F600
G1 X110.5056 Y137.8132 Z6.8586 E0.09841 F600
G1 X109.1412 Y137.6799 Z6.8050 E0.12320 F600
G1 X107.6282 Y137.7402 Z6.8586 E0.13607 F600
G1 X106.2594 Y137.8647 Z7.0050 E0.12412 F600
G1 X105.3518 Y137.9192 Z7.2050 E0.08360 F600
G1 X105.0668 Y137.8712 Z7.4050 E0.03157 F600
G1 X105.3288 Y137.7563 Z7.5514 E0.02886 F600
G1 X105.8750 Y137.6351 Z7.6050 E0.05048 F600
G1 X106.3725 Y137.5746 Z7.5514 E0.04526 F600
G1 X106.5285 Y137.6208 Z7.4050 E0.01966 F600
G1 X106.1396 Y137.7855 Z7.2050 E0.04196 F600
G1 X105.0970 Y138.0583 Z7.0050 E0.09843 F600
G1 X103.4167 Y138.3794 Z6.8586 E0.15419 F600
G1 X101.3146 Y138.5932 Z6.8050 E0.18980 F600
G1 X99.2168 Y138.5325 Z6.8586 E0.18853 F600
G1 X97.5751 Y138.2071 Z7.0050 E0.15086 F600
G1 X96.6318 Y137.8289 Z7.2050 E0.09302 F600
G1 X96.3767 Y137.6175 Z7.4050 E0.03475 F600
G1 X96.6530 Y137.6317 Z7.5514 E0.02811 F600
G1 X97.2188 Y137.7812 Z7.6050 E0.05277 F600
G1 X97.7536 Y137.9480 Z7.5514 E0.05054 F600
G1 X97.9163 Y138.0629 Z7.4050 E0.02220 F600
G1 X97.4615 Y138.0701 Z7.2050 E0.04462 F600
G1 X96.3522 Y137.8489 Z7.0050 E0.10315 F600
G1 X94.8248 Y137.2112 Z6.8586 E0.14922 F600
G1 X93.3333 Y136.0438 Z6.8050 E0.17016 F600
G1 X92.2988 Y134.4984 Z6.8586 E0.16707 F600
G1 X91.8382 Y132.9819 Z7.0050 E0.14293 F600
G1 X91.7687 Y131.9102 Z7.2050 E0.09810 F600
G1 X91.8464 Y131.4884 Z7.4050 E0.04250 F600
G1 X91.9439 Y131.6660 Z7.5514 E0.02244 F600
G1 X92.0414 Y132.1986 Z7.6050 E0.04886 F600
G1 X92.1177 Y132.7512 Z7.5514 E0.05033 F600
G1 X92.0917 Y133.0075 Z7.4050 E0.02661 F600
G1 X91.9018 Y132.7293 Z7.2050 E0.03518 F600
G1 X91.6399 Y131.7738 Z7.0050 E0.09077 F600
G1 X91.5617 Y130.1510 Z6.8586 E0.14650 F600
G1 X91.8881 Y128.1088 Z6.8050 E0.18579 F600
G1 X92.5774 Y126.0816 Z6.8586 E0.19234 F600
G1 X93.3527 Y124.4711 Z7.0050 E0.16105 F600
G1 X93.9443 Y123.4824 Z7.2050 E0.10501 F600
G1 X94.2312 Y123.1305 Z7.4050 E0.04455 F600
G1 X94.2183 Y123.3048 Z7.5514 E0.02047 F600
G1 X93.9939 Y123.7984 Z7.6050 E0.04894 F600
G1 X93.7068 Y124.3226 Z7.5514 E0.05388 F600
G1 X93.5191 Y124.5567 Z7.4050 E0.02998 F600
G1 X93.5617 Y124.2513 Z7.2050 E0.03300 F600
G1 X93.9132 Y123.3359 Z7.0050 E0.08987 F600
G1 X94.5442 Y121.9621 Z6.8586 E0.13639 F600
G1 X95.2620 Y120.4277 Z6.8050 E0.15220 F600
G1 X95.8151 Y119.0164 Z6.8586 E0.13621 F600
G1 X96.1081 Y117.9118 Z7.0050 E0.10346 F600
G1 X96.2422 Y117.2217 Z7.2050 E0.06564 F600
G1 X96.3479 Y116.9841 Z7.4050 E0.02946 F600
G1 X96.4526 Y117.1326 Z7.5514 E0.02095 F600
G1 X96.5000 Y117.5000 Z7.6050 E0.03361 F600
G1 X96.4526 Y117.8674 Z7.5514 E0.03361 F600
G1 X96.3479 Y118.0159 Z7.4050 E0.02095 F600
G1 X96.2422 Y117.7783 Z7.2050 E0.02946 F600
G1 X96.1081 Y117.0882 Z7.0050 E0.06564 F600
G1 X95.8151 Y115.9836 Z6.8586 E0.10346 F600
G1 X95.2620 Y114.5723 Z6.8050 E0.13621 F600
G1 X94.5442 Y113.0379 Z6.8586 E0.15220 F600
G1 X93.9132 Y111.6641 Z7.0050 E0.13639 F600
G1 X93.5617 Y110.7487 Z7.2050 E0.08987 F600
G1 X93.5191 Y110.4433 Z7.4050 E0.03300 F600
G1 X93.7068 Y110.6774 Z7.5514 E0.02998 F600
G1 X93.9939 Y111.2016 Z7.6050 E0.05388 F600
G1 X94.2183 Y111.6952 Z7.5514 E0.04894 F600
G1 X94.2312 Y111.8695 Z7.4050 E0.02047 F600
G1 X93.9443 Y111.5176 Z7.2050 E0.04455 F600
G1 X93.3527 Y110.5289 Z7.0050 E0.10501 F600
G1 X92.5774 Y108.9184 Z6.8586 E0.16105 F600
G1 X91.8881 Y106.8912 Z6.8050 E0.19234 F600
G1 X91.5617 Y104.8490 Z6.8586 E0.18579 F600
G1 X91.6399 Y103.2262 Z7.0050 E0.14650 F600
G1 X91.9018 Y102.2707 Z7.2050 E0.09077 F600
G1 X92.0917 Y101.9925 Z7.4050 E0.03518 F600
G1 X92.1177 Y102.2488 Z7.5514 E0.02661 F600
G1 X92.0414 Y102.8014 Z7.6050 E0.05033 F600
G1 X91.9439 Y103.3340 Z7.5514 E0.04886 F600
G1 X91.8464 Y103.5116 Z7.4050 E0.02244 F600
G1 X91.7687 Y103.0898 Z7.2050 E0.04250 F600
G1 X91.8382 Y102.0181 Z7.0050 E0.09810 F600
G1 X92.2988 Y100.5016 Z6.8586 E0.14293 F600
G1 X93.3333 Y98.9562 Z6.8050 E0.16707 F600
G1 X94.8248 Y97.7888 Z6.8586 E0.17016 F600
G1 X96.3522 Y97.1511 Z7.0050 E0.14922 F600
G1 X97.4615 Y96.9299 Z7.2050 E0.10315 F600
G1 X97.9163 Y96.9371 Z7.4050 E0.04462 F600
G1 X97.7536 Y97.0520 Z7.5514 E0.02220 F600
G1 X97.2188 Y97.2188 Z7.6050 E0.05054 F600
G1 X96.6530 Y97.3683 Z7.5514 E0.05277 F600
G1 X96.3767 Y97.3825 Z7.4050 E0.02811 F600
G1 X96.6318 Y97.1711 Z7.2050 E0.03475 F600
G1 X97.5751 Y96.7929 Z7.0050 E0.09302 F600
G1 X99.2168 Y96.4675 Z6.8586 E0.15086 F600
G1 X101.3146 Y96.4068 Z6.8050 E0.18853 F600
G1 X103.4167 Y96.6206 Z6.8586 E0.18980 F600
G1 X105.0970 Y96.9417 Z7.0050 E0.15419 F600
G1 X106.1396 Y97.2145 Z7.2050 E0.09843 F600
G1 X106.5285 Y97.3792 Z7.4050 E0.04196 F600
G1 X106.3725 Y97.4254 Z7.5514 E0.01966 F600
G1 X105.8750 Y97.3649 Z7.6050 E0.04526 F600
G1 X105.3288 Y97.2437 Z7.5514 E0.05048 F600
G1 X105.0668 Y97.1288 Z7.4050 E0.02886 F600
G1 X105.3518 Y97.0808 Z7.2050 E0.03157 F600
G1 X106.2594 Y97.1353 Z7.0050 E0.08360 F600
G1 X107.6282 Y97.2598 Z6.8586 E0.12412 F600
G1 X109.1412 Y97.3201 Z6.8050 E0.13607 F600
G1 X110.5056 Y97.1868 Z6.8586 E0.12320 F600
G1 X111.5543 Y96.9045 Z7.0050 E0.09841 F600
G1 X112.2105 Y96.6724 Z7.2050 E0.06503 F600
G1 X112.4546 Y96.6495 Z7.4050 E0.02842 F600
G1 X112.3459 Y96.8280 Z7.5514 E0.02291 F600
G1 X112.0251 Y97.0674 Z7.6050 E0.03627 F600
G1 X111.6835 Y97.2156 Z7.5514 E0.03378 F600
G1 X111.5242 Y97.1920 Z7.4050 E0.01955 F600
G1 X111.7084 Y96.9646 Z7.2050 E0.03184 F600
G1 X112.2976 Y96.4737 Z7.0050 E0.07118 F600
G1 X113.2487 Y95.6290 Z6.8586 E0.11498 F600
G1 X114.4639 Y94.4384 Z6.8050 E0.15285 F600
G1 X115.7960 Y93.1321 Z6.8586 E0.16762 F600
G1 X117.0103 Y92.0621 Z7.0050 E0.14593 F600
G1 X117.8409 Y91.4579 Z7.2050 E0.09397 F600
G1 X118.1381 Y91.3355 Z7.4050 E0.03400 F600
G1 X117.9525 Y91.5783 Z7.5514 E0.03043 F600
G1 X117.5000 Y92.0000 Z7.6050 E0.05575 F600
G1 X117.0612 Y92.3625 Z7.5514 E0.05134 F600
G1 X116.8886 Y92.4297 Z7.4050 E0.02121 F600
G1 X117.1668 Y92.0465 Z7.2050 E0.04617 F600
G1 X118.0064 Y91.1974 Z7.0050 E0.10872 F600
G1 X119.4187 Y90.0614 Z6.8586 E0.16330 F600
G1 X121.2512 Y89.0064 Z6.8050 E0.18995 F600
G1 X123.1580 Y88.3921 Z6.8586 E0.17996 F600
G1 X124.7269 Y88.2911 Z7.0050 E0.14179 F600
G1 X125.6876 Y88.4689 Z7.2050 E0.08956 F600
G1 X125.9917 Y88.6424 Z7.4050 E0.03621 F600
G1 X125.7595 Y88.6957 Z7.5514 E0.02511 F600
G1 X125.2249 Y88.6703 Z7.6050 E0.04830 F600
G1 X124.7001 Y88.6220 Z7.5514 E0.04757 F600
G1 X124.5082 Y88.5381 Z7.4050 E0.02295 F600
G1 X124.8874 Y88.4122 Z7.2050 E0.04012 F600
G1 X125.9078 Y88.3759 Z7.0050 E0.09344 F600
G1 X127.4133 Y88.7095 Z6.8586 E0.13910 F600
G1 X129.0408 Y89.6381 Z6.8050 E0.16833 F600
G1 X130.3941 Y91.0631 Z6.8586 E0.17655 F600
G1 X131.2670 Y92.5581 Z7.0050 E0.15602 F600
G1 X131.6834 Y93.6598 Z7.2050 E0.10728 F600
G1 X131.7663 Y94.1254 Z7.4050 E0.04611 F600
G1 X131.6302 Y93.9834 Z7.5514 E0.02202 F600
G1 X131.3750 Y93.4678 Z7.6050 E0.05189 F600
G1 X131.1302 Y92.9104 Z7.5514 E0.05488 F600
G1 X131.0637 Y92.6254 Z7.4050 E0.02939 F600
G1 X131.3036 Y92.8519 Z7.2050 E0.03465 F600
G1 X131.8299 Y93.7478 Z7.0050 E0.09502 F600
G1 X132.4572 Y95.3250 Z6.8586 E0.15299 F600
G1 X132.9702 Y97.3388 Z6.8050 E0.18668 F600
G1 X133.2879 Y99.3381 Z6.8586 E0.18186 F600
G1 X133.4568 Y100.9168 Z7.0050 E0.14318 F600
G1 X133.5213 Y101.8927 Z7.2050 E0.08965 F600
G1 X133.4887 Y102.2726 Z7.4050 E0.03867 F600
G1 X133.3876 Y102.1576 Z7.5514 E0.01903 F600
G1 X133.2812 Y101.7188 Z7.6050 E0.04083 F600
G1 X133.2277 Y101.2135 Z7.5514 E0.04588 F600
G1 X133.2611 Y100.9508 Z7.4050 E0.02717 F600
G1 X133.3977 Y101.1805 Z7.2050 E0.02997 F600
G1 X133.6425 Y101.9672 Z7.0050 E0.07614 F600
G1 X134.0192 Y103.1401 Z6.8586 E0.11140 F600
G1 X134.5876 Y104.3882 Z6.8050 E0.12325 F600
G1 X135.3532 Y105.4579 Z6.8586 E0.11822 F600
G1 X136.1487 Y106.2491 Z7.0050 E0.10161 F600
G1 X136.7022 Y106.7462 Z7.2050 E0.06919 F600
G1 X136.8418 Y106.9532 Z7.4050 E0.02873 F600
G1 X136.6081 Y106.9082 Z7.5514 E0.02510 F600
G1 X136.2086 Y106.6986 Z7.6050 E0.04080 F600
G1 X135.8906 Y106.4498 Z7.5514 E0.03658 F600
G1 X135.8375 Y106.3080 Z7.4050 E0.01892 F600
G1 X136.1612 Y106.3977 Z7.2050 E0.03511 F600
G1 X136.9465 Y106.7662 Z7.0050 E0.07994 F600
G1 X138.2387 Y107.3850 Z6.8586 E0.12934 F600
G1 X139.9299 Y108.2092 Z6.8050 E0.16901 F600
G1 X141.6810 Y109.1738 Z6.8586 E0.17960 F600
G1 X143.0723 Y110.1175 Z7.0050 E0.15155 F600
G1 X143.8597 Y110.8055 Z7.2050 E0.09560 F600
G1 X144.0436 Y111.0770 Z7.4050 E0.03450 F600
G1 X143.7684 Y110.9505 Z7.5514 E0.03021 F600
G1 X143.2561 Y110.5987 Z7.6050 E0.05602 F600
G1 X142.7955 Y110.2466 Z7.5514 E0.05228 F600
G1 X142.6847 Y110.0891 Z7.4050 E0.02173 F600
G1 X143.1282 Y110.2721 Z7.2050 E0.04668 F600
G1 X144.1484 Y110.9066 Z7.0050 E0.10938 F600
G1 X145.5231 Y112.0529 Z6.8586 E0.16127 F600
G1 X146.8171 Y113.6403 Z6.8050 E0.18398 F600
G1 X147.6216 Y115.3937 Z6.8586 E0.17330 F600
G1 X147.8486 Y116.9157 Z7.0050 E0.13882 F600
G1 X147.7378 Y117.8958 Z7.2050 E0.09038 F600
G1 X147.5826 Y118.2337 Z7.4050 E0.03791 F600
G1 X147.5118 Y118.0239 Z7.5514 E0.02384 F600
G1 X147.5000 Y117.5000 Z7.6050 E0.04730 F600
; row 13/57
G1 X146.6402 Y120.8201 Z8.0514 E0.31059 F600
G1 X146.8346 Y120.6365 Z7.9050 E0.02738 F600
G1 X146.7872 Y120.9664 Z7.7050 E0.03491 F600
G1 X146.3372 Y121.8627 Z7.5050 E0.09184 F600
G1 X145.3145 Y123.1589 Z7.3586 E0.14885 F600
G1 X143.7391 Y124.5307 Z7.3050 E0.18766 F600
G1 X141.9385 Y125.6770 Z7.3586 E0.19174 F600
G1 X140.3676 Y126.4604 Z7.5050 E0.15819 F600
G1 X139.3302 Y126.8790 Z7.7050 E0.10205 F600
G1 X138.9032 Y126.9833 Z7.9050 E0.04336 F600
G1 X139.0102 Y126.8529 Z8.0514 E0.02006 F600
G1 X139.4679 Y126.5994 Z8.1050 E0.04723 F600
G1 X139.9978 Y126.3621 Z8.0514 E0.05236 F600
G1 X140.2835 Y126.2928 Z7.9050 E0.02950 F600
G1 X140.0733 Y126.5059 Z7.7050 E0.03233 F600
G1 X139.2736 Y127.0139 Z7.5050 E0.08697 F600
G1 X138.0176 Y127.7297 Z7.3586 E0.13048 F600
G1 X136.6417 Y128.5514 Z7.3050 E0.14400 F600
G1 X135.4896 Y129.4070 Z7.3586 E0.12896 F600
G1 X134.7074 Y130.1851 Z7.5050 E0.09994 F600
G1 X134.2559 Y130.7093 Z7.7050 E0.06468 F600
G1 X134.0524 Y130.8547 Z7.9050 E0.02876 F600
G1 X134.0445 Y130.6601 Z8.0514 E0.02188 F600
G1 X134.1910 Y130.3074 Z8.1050 E0.03463 F600
G1 X134.4114 Y130.0137 Z8.0514 E0.03332 F600
G1 X134.5683 Y129.9477 Z7.9050 E0.02017 F600
G1 X134.5344 Y130.2202 Z7.7050 E0.03050 F600
G1 X134.2947 Y130.9084 Z7.5050 E0.06787 F600
G1 X133.9583 Y132.0610 Z7.3586 E0.10863 F600
G1 X133.6348 Y133.6348 Z7.3050 E0.14436 F600
G1 X133.3291 Y135.3915 Z7.3586 E0.16020 F600
G1 X133.0116 Y136.9291 Z7.5050 E0.14160 F600
G1 X132.7308 Y137.8965 Z7.7050 E0.09223 F600
G1 X132.5754 Y138.1713 Z7.9050 E0.03356 F600
G1 X132.5711 Y137.8675 Z8.0514 E0.03029 F600
G1 X132.6658 Y137.2645 Z8.1050 E0.05502 F600
G1 X132.7887 Y136.7205 Z8.0514 E0.05032 F600
G1 X132.8837 Y136.5673 Z7.9050 E0.02086 F600
G1 X132.8982 Y137.0325 Z7.7050 E0.04549 F600
G1 X132.7611 Y138.2019 Z7.5050 E0.10725 F600
G1 X132.3694 Y139.9653 Z7.3586 E0.16275 F600
G1 X131.6250 Y141.9652 Z7.3050 E0.19170 F600
G1 X130.5666 Y143.7075 Z7.3586 E0.18313 F600
G1 X129.4509 Y144.8507 Z7.5050 E0.14405 F600
G1 X128.6209 Y145.3747 Z7.7050 E0.08996 F600
G1 X128.2873 Y145.4517 Z7.9050 E0.03561 F600
G1 X128.4310 Y145.2499 Z8.0514 E0.02584 F600
G1 X128.8494 Y144.8999 Z8.1050 E0.04922 F600
G1 X129.2731 Y144.5762 Z8.0514 E0.04812 F600
G1 X129.4674 Y144.5096 Z7.9050 E0.02265 F600
G1 X129.2578 Y144.8670 Z7.7050 E0.04132 F600
G1 X128.5101 Y145.5986 Z7.5050 E0.09564 F600
G1 X127.1658 Y146.3880 Z7.3586 E0.14061 F600
G1 X125.3543 Y146.8126 Z7.3050 E0.16716 F600
G1 X123.4335 Y146.6643 Z7.3586 E0.17307 F600
G1 X121.8297 Y146.1192 Z7.5050 E0.15269 F600
G1 X120.8204 Y145.5542 Z7.7050 E0.10541 F600
G1 X120.4672 Y145.2517 Z7.9050 E0.04546 F600
G1 X120.6642 Y145.2717 Z8.0514 E0.02211 F600
G1 X121.1860 Y145.4978 Z8.1050 E0.05130 F600
G1 X121.7235 Y145.7598 Z8.0514 E0.05391 F600
G1 X121.9509 Y145.9320 Z7.9050 E0.02879 F600
G1 X121.6207 Y145.9199 Z7.7050 E0.03468 F600
G1 X120.6486 Y145.5827 Z7.5050 E0.09413 F600
G1 X119.1678 Y144.7687 Z7.3586 E0.15231 F600
G1 X117.5000 Y143.5000 Z7.3050 E0.18825 F600
G1 X115.9974 Y142.0674 Z7.3586 E0.18650 F600
G1 X114.8826 Y140.8451 Z7.5050 E0.14915 F600
G1 X114.2308 Y140.0472 Z7.7050 E0.09425 F600
G1 X114.0245 Y139.7013 Z7.9050 E0.04038 F600
G1 X114.1753 Y139.7463 Z8.0514 E0.01930 F600
G1 X114.5291 Y140.0659 Z8.1050 E0.04309 F600
G1 X114.8832 Y140.4671 Z8.0514 E0.04829 F600
G1 X115.0186 Y140.7078 Z7.9050 E0.02807 F600
G1 X114.7673 Y140.5888 Z7.7050 E0.03076 F600
G1 X114.0887 Y140.0486 Z7.5050 E0.07993 F600
G1 X113.0798 Y139.2262 Z7.3586 E0.11763 F600
G1 X111.8957 Y138.4155 Z7.3050 E0.12895 F600
G1 X110.6872 Y137.8613 Z7.3586 E0.11949 F600
G1 X109.6301 Y137.5845 Z7.5050 E0.09900 F600
G1 X108.9285 Y137.4507 Z7.7050 E0.06661 F600
G1 X108.7063 Y137.3469 Z7.9050 E0.02842 F600
G1 X108.9102 Y137.2553 Z8.0514 E0.02400 F600
G1 X109.3326 Y137.2179 Z8.1050 E0.03838 F600
G1 X109.7149 Y137.2637 Z8.0514 E0.03491 F600
G1 X109.8350 Y137.3612 Z7.9050 E0.01913 F600
G1 X109.5372 Y137.4590 Z7.7050 E0.03340 F600
G1 X108.7304 Y137.5700 Z7.5050 E0.07530 F600
G1 X107.3942 Y137.7692 Z7.3586 E0.12204 F600
G1 X105.6250 Y138.0681 Z7.3050 E0.16120 F600
G1 X103.7057 Y138.3409 Z7.3586 E0.17416 F600
G1 X102.0538 Y138.4529 Z7.5050 E0.14926 F600
G1 X101.0148 Y138.4113 Z7.7050 E0.09509 F600
G1 X100.7027 Y138.3193 Z7.9050 E0.03430 F600
G1 X100.9987 Y138.2450 Z8.0514 E0.03040 F600
G1 X101.6190 Y138.1965 Z8.1050 E0.05608 F600
G1 X102.1953 Y138.1831 Z8.0514 E0.05199 F600
G1 X102.3770 Y138.2366 Z7.9050 E0.02150 F600
G1 X101.9170 Y138.3681 Z7.7050 E0.04656 F600
G1 X100.7238 Y138.5130 Z7.5050 E0.10942 F600
G1 X98.9172 Y138.5040 Z7.3586 E0.16277 F600
G1 X96.8652 Y138.1348 Z7.3050 E0.18730 F600
G1 X95.0627 Y137.3508 Z7.3586 E0.17658 F600
G1 X93.8526 Y136.3794 Z7.5050 E0.13997 F600
G1 X93.2698 Y135.5936 Z7.7050 E0.08968 F600
G1 X93.1603 Y135.2507 Z7.9050 E0.03698 F600
G1 X93.3608 Y135.3621 Z8.0514 E0.02443 F600
G1 X93.7299 Y135.7394 Z8.1050 E0.04765 F600
G1 X94.0790 Y136.1299 Z8.0514 E0.04728 F600
G1 X94.1658 Y136.3264 Z7.9050 E0.02334 F600
G1 X93.8121 Y136.1741 Z7.7050 E0.03897 F600
G1 X93.0526 Y135.5223 Z7.5050 E0.09165 F600
G1 X92.1834 Y134.2567 Z7.3586 E0.13850 F600
G1 X91.6083 Y132.4486 Z7.3050 E0.17046 F600
G1 X91.5409 Y130.4427 Z7.3586 E0.18030 F600
G1 X91.8528 Y128.7065 Z7.5050 E0.15896 F600
G1 X92.2397 Y127.5779 Z7.7050 E0.10864 F600
G1 X92.4706 Y127.1595 Z7.9050 E0.04652 F600
G1 X92.4842 Y127.3540 Z8.0514 E0.02190 F600
G1 X92.3501 Y127.9174 Z8.1050 E0.05223 F600
G1 X92.1787 Y128.5100 Z8.0514 E0.05560 F600
G1 X92.0467 Y128.7778 Z7.9050 E0.02987 F600
G1 X92.0125 Y128.4503 Z7.7050 E0.03460 F600
G1 X92.1845 Y127.4196 Z7.5050 E0.09555 F600
G1 X92.6892 Y125.8016 Z7.3586 E0.15277 F600
G1 X93.5109 Y123.9279 Z7.3050 E0.18380 F600
G1 X94.4241 Y122.1948 Z7.3586 E0.17598 F600
G1 X95.1694 Y120.8783 Z7.5050 E0.13649 F600
G1 X95.6442 Y120.0868 Z7.7050 E0.08481 F600
G1 X95.8750 Y119.8121 Z7.9050 E0.03689 F600
G1 X95.9015 Y119.9608 Z8.0514 E0.01889 F600
G1 X95.7577 Y120.3624 Z8.1050 E0.03861 F600
G1 X95.5283 Y120.7837 Z8.0514 E0.04335 F600
G1 X95.3551 Y120.9667 Z7.9050 E0.02616 F600
G1 X95.3647 Y120.7095 Z7.7050 E0.02927 F600
G1 X95.5792 Y119.9577 Z7.5050 E0.07246 F600
G1 X95.8656 Y118.8232 Z7.3586 E0.10590 F600
G1 X96.0000 Y117.5000 Z7.3050 E0.11954 F600
G1 X95.8656 Y116.1768 Z7.3586 E0.11954 F600
G1 X95.5792 Y115.0423 Z7.5050 E0.10590 F600
G1 X95.3647 Y114.2905 Z7.7050 E0.07246 F600
G1 X95.3551 Y114.0333 Z7.9050 E0.02927 F600
G1 X95.5283 Y114.2163 Z8.0514 E0.02616 F600
G1 X95.7577 Y114.6376 Z8.1050 E0.04335 F600
G1 X95.9015 Y115.0392 Z8.0514 E0.03861 F600
G1 X95.8750 Y115.1879 Z7.9050 E0.01889 F600
G1 X95.6442 Y114.9132 Z7.7050 E0.03689 F600
G1 X95.1694 Y114.1217 Z7.5050 E0.08481 F600
G1 X94.4241 Y112.8052 Z7.3586 E0.13649 F600
G1 X93.5109 Y111.0721 Z7.3050 E0.17598 F600
G1 X92.6892 Y109.1984 Z7.3586 E0.18380 F600
G1 X92.1845 Y107.5804 Z7.5050 E0.15277 F600
G1 X92.0125 Y106.5497 Z7.7050 E0.09555 F600
G1 X92.0467 Y106.2222 Z7.9050 E0.03460 F600
G1 X92.1787 Y106.4900 Z8.0514 E0.02987 F600
G1 X92.3501 Y107.0826 Z8.1050 E0.05560 F600
G1 X92.4842 Y107.6460 Z8.0514 E0.05223 F600
G1 X92.4706 Y107.8405 Z7.9050 E0.02190 F600
G1 X92.2397 Y107.4221 Z7.7050 E0.04652 F600
G1 X91.8528 Y106.2935 Z7.5050 E0.10864 F600
G1 X91.5409 Y104.5573 Z7.3586 E0.15896 F600
G1 X91.6083 Y102.5514 Z7.3050 E0.18030 F600
G1 X92.1834 Y100.7433 Z7.3586 E0.17046 F600
G1 X93.0526 Y99.4777 Z7.5050 E0.13850 F600
G1 X93.8121 Y98.8259 Z7.7050 E0.09165 F600
G1 X94.1658 Y98.6736 Z7.9050 E0.03897 F600
G1 X94.0790 Y98.8701 Z8.0514 E0.02334 F600
G1 X93.7299 Y99.2606 Z8.1050 E0.04728 F600
G1 X93.3608 Y99.6379 Z8.0514 E0.04765 F600
G1 X93.1603 Y99.7493 Z7.9050 E0.02443 F600
G1 X93.2698 Y99.4064 Z7.7050 E0.03698 F600
G1 X93.8526 Y98.6206 Z7.5050 E0.08968 F600
G1 X95.0627 Y97.6492 Z7.3586 E0.13997 F600
G1 X96.8652 Y96.8652 Z7.3050 E0.17658 F600
G1 X98.9172 Y96.4960 Z7.3586 E0.18730 F600
G1 X100.7238 Y96.4870 Z7.5050 E0.16277 F600
G1 X101.9170 Y96.6319 Z7.7050 E0.10942 F600
G1 X102.3770 Y96.7634 Z7.9050 E0.04656 F600
G1 X102.1953 Y96.8169 Z8.0514 E0.02150 F600
G1 X101.6190 Y96.8035 Z8.1050 E0.05199 F600
G1 X100.9987 Y96.7550 Z8.0514 E0.05608 F600
G1 X100.7027 Y96.6807 Z7.9050 E0.03040 F600
G1 X101.0148 Y96.5887 Z7.7050 E0.03430 F600
G1 X102.0538 Y96.5471 Z7.5050 E0.09509 F600
G1 X103.7057 Y96.6591 Z7.3586 E0.14926 F600
G1 X105.6250 Y96.9319 Z7.3050 E0.17416 F600
G1 X107.3942 Y97.2308 Z7.3586 E0.16120 F600
G1 X108.7304 Y97.4300 Z7.5050 E0.12204 F600
G1 X109.5372 Y97.5410 Z7.7050 E0.07530 F600
G1 X109.8350 Y97.6388 Z7.9050 E0.03340 F600
G1 X109.7149 Y97.7363 Z8.0514 E0.01913 F600
G1 X109.3326 Y97.7821 Z8.1050 E0.03491 F600
G1 X108.9102 Y97.7447 Z8.0514 E0.03838 F600
G1 X108.7063 Y97.6531 Z7.9050 E0.02400 F600
G1 X108.9285 Y97.5493 Z7.7050 E0.02842 F600
G1 X109.6301 Y97.4155 Z7.5050 E0.06661 F600
G1 X110.6872 Y97.1387 Z7.3586 E0.09900 F600
G1 X111.8957 Y96.5845 Z7.3050 E0.11949 F600
G1 X113.0798 Y95.7738 Z7.3586 E0.12895 F600
G1 X114.0887 Y94.9514 Z7.5050 E0.11763 F600
G1 X114.7673 Y94.4112 Z7.7050 E0.07993 F600
G1 X115.0186 Y94.2922 Z7.9050 E0.03076 F600
G1 X114.8832 Y94.5329 Z8.0514 E0.02807 F600
G1 X114.5291 Y94.9341 Z8.1050 E0.04829 F600
G1 X114.1753 Y95.2537 Z8.0514 E0.04309 F600
G1 X114.0245 Y95.2987 Z7.9050 E0.01930 F600
G1 X114.2308 Y94.9528 Z7.7050 E0.04038 F600
G1 X114.8826 Y94.1549 Z7.5050 E0.09425 F600
G1 X115.9974 Y92.9326 Z7.3586 E0.14915 F600
G1 X117.5000 Y91.5000 Z7.3050 E0.18650 F600
G1 X119.1678 Y90.2313 Z7.3586 E0.18825 F600
G1 X120.6486 Y89.4173 Z7.5050 E0.15231 F600
G1 X121.6207 Y89.0801 Z7.7050 E0.09413 F600
G1 X121.9509 Y89.0680 Z7.9050 E0.03468 F600
G1 X121.7235 Y89.2402 Z8.0514 E0.02879 F600
G1 X121.1860 Y89.5022 Z8.1050 E0.05391 F600
G1 X120.6642 Y89.7283 Z8.0514 E0.05130 F600
G1 X120.4672 Y89.7483 Z7.9050 E0.02211 F600
G1 X120.8204 Y89.4458 Z7.7050 E0.04546 F600
G1 X121.8297 Y88.8808 Z7.5050 E0.10541 F600
G1 X123.4335 Y88.3357 Z7.3586 E0.15269 F600
G1 X125.3543 Y88.1874 Z7.3050 E0.17307 F600
G1 X127.1658 Y88.6120 Z7.3586 E0.16716 F600
G1 X128.5101 Y89.4014 Z7.5050 E0.14061 F600
G1 X129.2578 Y90.1330 Z7.7050 E0.09564 F600
G1 X129.4674 Y90.4904 Z7.9050 E0.04132 F600
G1 X129.2731 Y90.4238 Z8.0514 E0.02265 F600
G1 X128.8494 Y90.1001 Z8.1050 E0.04812 F600
G1 X128.4310 Y89.7501 Z8.0514 E0.04922 F600
G1 X128.2873 Y89.5483 Z7.9050 E0.02584 F600
G1 X128.6209 Y89.6253 Z7.7050 E0.03561 F600
G1 X129.4509 Y90.1493 Z7.5050 E0.08996 F600
G1 X130.5666 Y91.2925 Z7.3586 E0.14405 F600
G1 X131.6250 Y93.0348 Z7.3050 E0.18313 F600
G1 X132.3694 Y95.0347 Z7.3586 E0.19170 F600
G1 X132.7611 Y96.7981 Z7.5050 E0.16275 F600
G1 X132.8982 Y97.9675 Z7.7050 E0.10725 F600
G1 X132.8837 Y98.4327 Z7.9050 E0.04549 F600
G1 X132.7887 Y98.2795 Z8.0514 E0.02086 F600
G1 X132.6658 Y97.7355 Z8.1050 E0.05032 F600
G1 X132.5711 Y97.1325 Z8.0514 E0.05502 F600
G1 X132.5754 Y96.8287 Z7.9050 E0.03029 F600
G1 X132.7308 Y97.1035 Z7.7050 E0.03356 F600
G1 X133.0116 Y98.0709 Z7.5050 E0.09223 F600
G1 X133.3291 Y99.6085 Z7.3586 E0.14160 F600
G1 X133.6348 Y101.3652 Z7.3050 E0.16020 F600
G1 X133.9583 Y102.9390 Z7.3586 E0.14436 F600
G1 X134.2947 Y104.0916 Z7.5050 E0.10863 F600
G1 X134.5344 Y104.7798 Z7.7050 E0.06787 F600
G1 X134.5683 Y105.0523 Z7.9050 E0.03050 F600
G1 X134.4114 Y104.9863 Z8.0514 E0.02017 F600
G1 X134.1910 Y104.6926 Z8.1050 E0.03332 F600
G1 X134.0445 Y104.3399 Z8.0514 E0.03463 F600
G1 X134.0524 Y104.1453 Z7.9050 E0.02188 F600
G1 X134.2559 Y104.2907 Z7.7050 E0.02876 F600
G1 X134.7074 Y104.8149 Z7.5050 E0.06468 F600
G1 X135.4896 Y105.5930 Z7.3586 E0.09994 F600
G1 X136.6417 Y106.4486 Z7.3050 E0.12896 F600
G1 X138.0176 Y107.2703 Z7.3586 E0.14400 F600
G1 X139.2736 Y107.9861 Z7.5050 E0.13048 F600
G1 X140.0733 Y108.4941 Z7.7050 E0.08697 F600
G1 X140.2835 Y108.7072 Z7.9050 E0.03233 F600
G1 X139.9978 Y108.6379 Z8.0514 E0.02950 F600
G1 X139.4679 Y108.4006 Z8.1050 E0.05236 F600
G1 X139.0102 Y108.1471 Z8.0514 E0.04723 F600
G1 X138.9032 Y108.0167 Z7.9050 E0.02006 F600
G1 X139.3302 Y108.1210 Z7.7050 E0.04336 F600
G1 X140.3676 Y108.5396 Z7.5050 E0.10205 F600
G1 X141.9385 Y109.3230 Z7.3586 E0.15819 F600
G1 X143.7391 Y110.4693 Z7.3050 E0.19174 F600
G1 X145.3145 Y111.8411 Z7.3586 E0.18766 F600
G1 X146.3372 Y113.1373 Z7.5050 E0.14885 F600
G1 X146.7872 Y114.0336 Z7.7050 E0.09184 F600
G1 X146.8346 Y114.3635 Z7.9050 E0.03491 F600
G1 X146.6402 Y114.1799 Z8.0514 E0.02738 F600
G1 X146.3214 Y113.7056 Z8.1050 E0.05155 F600
G1 X146.0343 Y113.2355 Z8.0514 E0.04970 F600
G1 X145.9885 Y113.0403 Z7.9050 E0.02230 F600
G1 X146.3318 Y113.3196 Z7.7050 E0.04361 F600
G1 X147.0069 Y114.1918 Z7.5050 E0.10066 F600
G1 X147.7018 Y115.6528 Z7.3586 E0.14588 F600
G1 X148.0000 Y117.5000 Z7.3050 E0.16810 F600
G1 X147.7018 Y119.3472 Z7.3586 E0.16810 F600
G1 X147.0069 Y120.8082 Z7.5050 E0.14588 F600
G1 X146.3318 Y121.6804 Z7.7050 E0.10066 F600
G1 X145.9885 Y121.9597 Z7.9050 E0.04361 F600
G1 X146.0343 Y121.7645 Z8.0514 E0.02230 F600
G1 X146.3214 Y121.2944 Z8.1050 E0.04970 F600
; row 14/57
G1 X147.5118 Y116.9761 Z8.5514 E0.40425 F600
G1 X147.5826 Y116.7663 Z8.4050 E0.02384 F600
G1 X147.7378 Y117.1042 Z8.2050 E0.03791 F600
G1 X147.8486 Y118.0843 Z8.0050 E0.09038 F600
G1 X147.6216 Y119.6063 Z7.8586 E0.13882 F600
G1 X146.8171 Y121.3597 Z7.8050 E0.17330 F600
G1 X145.5231 Y122.9471 Z7.8586 E0.18398 F600
G1 X144.1484 Y124.0934 Z8.0050 E0.16127 F600
G1 X143.1282 Y124.7279 Z8.2050 E0.10938 F600
G1 X142.6847 Y124.9109 Z8.4050 E0.04668 F600
G1 X142.7955 Y124.7534 Z8.5514 E0.02173 F600
G1 X143.2561 Y124.4013 Z8.6050 E0.05228 F600
G1 X143.7684 Y124.0495 Z8.5514 E0.05602 F600
G1 X144.0436 Y123.9230 Z8.4050 E0.03021 F600
G1 X143.8597 Y124.1945 Z8.2050 E0.03450 F600
G1 X143.0723 Y124.8825 Z8.0050 E0.09560 F600
G1 X141.6810 Y125.8262 Z7.8586 E0.15155 F600
G1 X139.9299 Y126.7908 Z7.8050 E0.17960 F600
G1 X138.2387 Y127.6150 Z7.8586 E0.16901 F600
G1 X136.9465 Y128.2338 Z8.0050 E0.12934 F600
G1 X136.1612 Y128.6023 Z8.2050 E0.07994 F600
G1 X135.8375 Y128.6920 Z8.4050 E0.03511 F600
G1 X135.8906 Y128.5502 Z8.5514 E0.01892 F600
G1 X136.2086 Y128.3014 Z8.6050 E0.03658 F600
G1 X136.6081 Y128.0918 Z8.5514 E0.04080 F600
G1 X136.8418 Y128.0468 Z8.4050 E0.02510 F600
G1 X136.7022 Y128.2538 Z8.2050 E0.02873 F600
G1 X136.1487 Y128.7509 Z8.0050 E0.06919 F600
G1 X135.3532 Y129.5421 Z7.8586 E0.10161 F600
G1 X134.5876 Y130.6118 Z7.8050 E0.11822 F600
G1 X134.0192 Y131.8599 Z7.8586 E0.12325 F600
G1 X133.6425 Y133.0328 Z8.0050 E0.11140 F600
G1 X133.3977 Y133.8195 Z8.2050 E0.07614 F600
G1 X133.2611 Y134.0492 Z8.4050 E0.02997 F600
G1 X133.2277 Y133.7865 Z8.5514 E0.02717 F600
G1 X133.2812 Y133.2812 Z8.6050 E0.04588 F600
G1 X133.3876 Y132.8424 Z8.5514 E0.04083 F600
G1 X133.4887 Y132.7274 Z8.4050 E0.01903 F600
G1 X133.5213 Y133.1073 Z8.2050 E0.03867 F600
G1 X133.4568 Y134.0832 Z8.0050 E0.08965 F600
G1 X133.2879 Y135.6619 Z7.8586 E0.14318 F600
G1 X132.9702 Y137.6612 Z7.8050 E0.18186 F600
G1 X132.4572 Y139.6750 Z7.8586 E0.18668 F600
G1 X131.8299 Y141.2522 Z8.0050 E0.15299 F600
G1 X131.3036 Y142.1481 Z8.2050 E0.09502 F600
G1 X131.0637 Y142.3746 Z8.4050 E0.03465 F600
G1 X131.1302 Y142.0896 Z8.5514 E0.02939 F600
G1 X131.3750 Y141.5322 Z8.6050 E0.05488 F600
G1 X131.6302 Y141.0166 Z8.5514 E0.05189 F600
G1 X131.7663 Y140.8746 Z8.4050 E0.02202 F600
G1 X131.6834 Y141.3402 Z8.2050 E0.04611 F600
G1 X131.2670 Y142.4419 Z8.0050 E0.10728 F600
G1 X130.3941 Y143.9369 Z7.8586 E0.15602 F600
G1 X129.0408 Y145.3619 Z7.8050 E0.17655 F600
G1 X127.4133 Y146.2905 Z7.8586 E0.16833 F600
G1 X125.9078 Y146.6241 Z8.0050 E0.13910 F600
G1 X124.8874 Y146.5878 Z8.2050 E0.09344 F600
G1 X124.5082 Y146.4619 Z8.4050 E0.04012 F600
G1 X124.7001 Y146.3780 Z8.5514 E0.02295 F600
G1 X125.2249 Y146.3297 Z8.6050 E0.04757 F600
G1 X125.7595 Y146.3043 Z8.5514 E0.04830 F600
G1 X125.9917 Y146.3576 Z8.4050 E0.02511 F600
G1 X125.6876 Y146.5311 Z8.2050 E0.03621 F600
G1 X124.7269 Y146.7089 Z8.0050 E0.08956 F600
G1 X123.1580 Y146.6079 Z7.8586 E0.14179 F600
G1 X121.2512 Y145.9936 Z7.8050 E0.17996 F600
G1 X119.4187 Y144.9386 Z7.8586 E0.18995 F600
G1 X118.0064 Y143.8026 Z8.0050 E0.16330 F600
G1 X117.1668 Y142.9535 Z8.2050 E0.10872 F600
G1 X116.8886 Y142.5703 Z8.4050 E0.04617 F600
G1 X117.0612 Y142.6375 Z8.5514 E0.02121 F600
G1 X117.5000 Y143.0000 Z8.6050 E0.05134 F600
G1 X117.9525 Y143.4217 Z8.5514 E0.05575 F600
G1 X118.1381 Y143.6645 Z8.4050 E0.03043 F600
G1 X117.8409 Y143.5421 Z8.2050 E0.03400 F600
G1 X117.0103 Y142.9379 Z8.0050 E0.09397 F600
G1 X115.7960 Y141.8679 Z7.8586 E0.14593 F600
G1 X114.4639 Y140.5616 Z7.8050 E0.16762 F600
G1 X113.2487 Y139.3710 Z7.8586 E0.15285 F600
G1 X112.2976 Y138.5263 Z8.0050 E0.11498 F600
G1 X111.7084 Y138.0354 Z8.2050 E0.07118 F600
G1 X111.5242 Y137.8080 Z8.4050 E0.03184 F600
G1 X111.6835 Y137.7844 Z8.5514 E0.01955 F600
G1 X112.0251 Y137.9326 Z8.6050 E0.03378 F600
G1 X112.3459 Y138.1720 Z8.5514 E0.03627 F600
G1 X112.4546 Y138.3505 Z8.4050 E0.02291 F600
G1 X112.2105 Y138.3276 Z8.2050 E0.02842 F600
G1 X111.5543 Y138.0955 Z8.0050 E0.06503 F600
G1 X110.5056 Y137.8132 Z7.8586 E0.09841 F600
G1 X109.1412 Y137.6799 Z7.8050 E0.12320 F600
G1 X107.6282 Y137.7402 Z7.8586 E0.13607 F600
G1 X106.2594 Y137.8647 Z8.0050 E0.12412 F600
G1 X105.3518 Y137.9192 Z8.2050 E0.08360 F600
G1 X105.0668 Y137.8712 Z8.4050 E0.03157 F600
G1 X105.3288 Y137.7563 Z8.5514 E0.02886 F600
G1 X105.8750 Y137.6351 Z8.6050 E0.05048 F600
G1 X106.3725 Y137.5746 Z8.5514 E0.04526 F600
G1 X106.5285 Y137.6208 Z8.4050 E0.01966 F600
G1 X106.1396 Y137.7855 Z8.2050 E0.04196 F600
G1 X105.0970 Y138.0583 Z8.0050 E0.09843 F600
G1 X103.4167 Y138.3794 Z7.8586 E0.15419 F600
G1 X101.3146 Y138.5932 Z7.8050 E0.18980 F600
G1 X99.2168 Y138.5325 Z7.8586 E0.18853 F600
G1 X97.5751 Y138.2071 Z8.0050 E0.15086 F600
G1 X96.6318 Y137.8289 Z8.2050 E0.09302 F600
G1 X96.3767 Y137.6175 Z8.4050 E0.03475 F600
G1 X96.6530 Y137.6317 Z8.5514 E0.02811 F600
G1 X97.2188 Y137.7812 Z8.6050 E0.05277 F600
G1 X97.7536 Y137.9480 Z8.5514 E0.05054 F600
G1 X97.9163 Y138.0629 Z8.4050 E0.02220 F600
G1 X97.4615 Y138.0701 Z8.2050 E0.04462 F600
G1 X96.3522 Y137.8489 Z8.0050 E0.10315 F600
G1 X94.8248 Y137.2112 Z7.8586 E0.14922 F600
G1 X93.3333 Y136.0438 Z7.8050 E0.17016 F600
G1 X92.2988 Y134.4984 Z7.8586 E0.16707 F600
G1 X91.8382 Y132.9819 Z8.0050 E0.14293 F600
G1 X91.7687 Y131.9102 Z8.2050 E0.09810 F600
G1 X91.8464 Y131.4884 Z8.4050 E0.04250 F600
G1 X91.9439 Y131.6660 Z8.5514 E0.02244 F600
G1 X92.0414 Y132.1986 Z8.6050 E0.04886 F600
G1 X92.1177 Y132.7512 Z8.5514 E0.05033 F600
G1 X92.0917 Y133.0075 Z8.4050 E0.02661 F600
G1 X91.9018 Y132.7293 Z8.2050 E0.03518 F600
G1 X91.6399 Y131.7738 Z8.0050 E0.09077 F600
G1 X91.5617 Y130.1510 Z7.8586 E0.14650 F600
G1 X91.8881 Y128.1088 Z7.8050 E0.18579 F600
G1 X92.5774 Y126.0816 Z7.8586 E0.19234 F600
G1 X93.3527 Y124.4711 Z8.0050 E0.16105 F600
G1 X93.9443 Y123.4824 Z8.2050 E0.10501 F600
G1 X94.2312 Y123.1305 Z8.4050 E0.04455 F600
G1 X94.2183 Y123.3048 Z8.5514 E0.02047 F600
G1 X93.9939 Y123.7984 Z8.6050 E0.04894 F600
G1 X93.7068 Y124.3226 Z8.5514 E0.05388 F600
G1 X93.5191 Y124.5567 Z8.4050 E0.02998 F600
G1 X93.5617 Y124.2513 Z8.2050 E0.03300 F600
G1 X93.9132 Y123.3359 Z8.0050 E0.08987 F600
G1 X94.5442 Y121.9621 Z7.8586 E0.13639 F600
G1 X95.2620 Y120.4277 Z7.8050 E0.15220 F600
G1 X95.8151 Y119.0164 Z7.8586 E0.13621 F600
G1 X96.1081 Y117.9118 Z8.0050 E0.10346 F600
G1 X96.2422 Y117.2217 Z8.2050 E0.06564 F600
G1 X96.3479 Y116.9841 Z8.4050 E0.02946 F600
G1 X96.4526 Y117.1326 Z8.5514 E0.02095 F600
G1 X96.5000 Y117.5000 Z8.6050 E0.03361 F600
G1 X96.4526 Y117.8674 Z8.5514 E0.03361 F600
G1 X96.3479 Y118.0159 Z8.4050 E0.02095 F600
G1 X96.2422 Y117.7783 Z8.2050 E0.02946 F600
G1 X96.1081 Y117.0882 Z8.0050 E0.06564 F600
G1 X95.8151 Y115.9836 Z7.8586 E0.10346 F600
G1 X95.2620 Y114.5723 Z7.8050 E0.13621 F600
G1 X94.5442 Y113.0379 Z7.8586 E0.15220 F600
G1 X93.9132 Y111.6641 Z8.0050 E0.13639 F600
G1 X93.5617 Y110.7487 Z8.2050 E0.08987 F600
G1 X93.5191 Y110.4433 Z8.4050 E0.03300 F600
G1 X93.7068 Y110.6774 Z8.5514 E0.02998 F600
G1 X93.9939 Y111.2016 Z8.6050 E0.05388 F600
G1 X94.2183 Y111.6952 Z8.5514 E0.04894 F600
G1 X94.2312 Y111.8695 Z8.4050 E0.02047 F600
G1 X93.9443 Y111.5176 Z8.2050 E0.04455 F600
G1 X93.3527 Y110.5289 Z8.0050 E0.10501 F600
G1 X92.5774 Y108.9184 Z7.8586 E0.16105 F600
G1 X91.8881 Y106.8912 Z7.8050 E0.19234 F600
G1 X91.5617 Y104.8490 Z7.8586 E0.18579 F600
G1 X91.6399 Y103.2262 Z8.0050 E0.14650 F600
G1 X91.9018 Y102.2707 Z8.2050 E0.09077 F600
G1 X92.0917 Y101.9925 Z8.4050 E0.03518 F600
G1 X92.1177 Y102.2488 Z8.5514 E0.02661 F600
G1 X92.0414 Y102.8014 Z8.6050 E0.05033 F600
G1 X91.9439 Y103.3340 Z8.5514 E0.04886 F600
G1 X91.8464 Y103.5116 Z8.4050 E0.02244 F600
G1 X91.7687 Y103.0898 Z8.2050 E0.04250 F600
G1 X91.8382 Y102.0181 Z8.0050 E0.09810 F600
G1 X92.2988 Y100.5016 Z7.8586 E0.14293 F600
G1 X93.3333 Y98.9562 Z7.8050 E0.16707 F600
G1 X94.8248 Y97.7888 Z7.8586 E0.17016 F600
G1 X96.3522 Y97.1511 Z8.0050 E0.14922 F600
G1 X97.4615 Y96.9299 Z8.2050 E0.10315 F600
G1 X97.9163 Y96.9371 Z8.4050 E0.04462 F600
G1 X97.7536 Y97.0520 Z8.5514 E0.02220 F600
G1 X97.2188 Y97.2188 Z8.6050 E0.05054 F600
G1 X96.6530 Y97.3683 Z8.5514 E0.05277 F600
G1 X96.3767 Y97.3825 Z8.4050 E0.02811 F600
G1 X96.6318 Y97.1711 Z8.2050 E0.03475 F600
G1 X97.5751 Y96.7929 Z8.0050 E0.09302 F600
G1 X99.2168 Y96.4675 Z7.8586 E0.15086 F600
G1 X101.3146 Y96.4068 Z7.8050 E0.18853 F600
G1 X103.4167 Y96.6206 Z7.8586 E0.18980 F600
G1 X105.0970 Y96.9417 Z8.0050 E0.15419 F600
G1 X106.1396 Y97.2145 Z8.2050 E0.09843 F600
G1 X106.5285 Y97.3792 Z8.4050 E0.04196 F600
G1 X106.3725 Y97.4254 Z8.5514 E0.01966 F600
G1 X105.8750 Y97.3649 Z8.6050 E0.04526 F600
G1 X105.3288 Y97.2437 Z8.5514 E0.05048 F600
G1 X105.0668 Y97.1288 Z8.4050 E0.02886 F600
G1 X105.3518 Y97.0808 Z8.2050 E0.03157 F600
G1 X106.2594 Y97.1353 Z8.0050 E0.08360 F600
G1 X107.6282 Y97.2598 Z7.8586 E0.12412 F600
G1 X109.1412 Y97.3201 Z7.8050 E0.13607 F600
G1 X110.5056 Y97.1868 Z7.8586 E0.12320 F600
G1 X111.5543 Y96.9045 Z8.0050 E0.09841 F600
G1 X112.2105 Y96.6724 Z8.2050 E0.06503 F600
G1 X112.4546 Y96.6495 Z8.4050 E0.02842 F600
G1 X112.3459 Y96.8280 Z8.5514 E0.02291 F600
G1 X112.0251 Y97.0674 Z8.6050 E0.03627 F600
G1 X111.6835 Y97.2156 Z8.5514 E0.03378 F600
G1 X111.5242 Y97.1920 Z8.4050 E0.01955 F600
G1 X111.7084 Y96.9646 Z8.2050 E0.03184 F600
G1 X112.2976 Y96.4737 Z8.0050 E0.07118 F600
G1 X113.2487 Y95.6290 Z7.8586 E0.11498 F600
G1 X114.4639 Y94.4384 Z7.8050 E0.15285 F600
G1 X115.7960 Y93.1321 Z7.8586 E0.16762 F600
G1 X117.0103 Y92.0621 Z8.0050 E0.14593 F600
G1 X117.8409 Y91.4579 Z8.2050 E0.09397 F600
G1 X118.1381 Y91.3355 Z8.4050 E0.03400 F600
G1 X117.9525 Y91.5783 Z8.5514 E0.03043 F600
G1 X117.5000 Y92.0000 Z8.6050 E0.05575 F600
G1 X117.0612 Y92.3625 Z8.5514 E0.05134 F600
G1 X116.8886 Y92.4297 Z8.4050 E0.02121 F600
G1 X117.1668 Y92.0465 Z8.2050 E0.04617 F600
G1 X118.0064 Y91.1974 Z8.0050 E0.10872 F600
G1 X119.4187 Y90.0614 Z7.8586 E0.16330 F600
G1 X121.2512 Y89.0064 Z7.8050 E0.18995 F600
G1 X123.1580 Y88.3921 Z7.8586 E0.17996 F600
G1 X124.7269 Y88.2911 Z8.0050 E0.14179 F600
G1 X125.6876 Y88.4689 Z8.2050 E0.08956 F600
G1 X125.9917 Y88.6424 Z8.4050 E0.03621 F600
G1 X125.7595 Y88.6957 Z8.5514 E0.02511 F600
G1 X125.2249 Y88.6703 Z8.6050 E0.04830 F600
G1 X124.7001 Y88.6220 Z8.5514 E0.04757 F600
G1 X124.5082 Y88.5381 Z8.4050 E0.02295 F600
G1 X124.8874 Y88.4122 Z8.2050 E0.04012 F600
G1 X125.9078 Y88.3759 Z8.0050 E0.09344 F600
G1 X127.4133 Y88.7095 Z7.8586 E0.13910 F600
G1 X129.0408 Y89.6381 Z7.8050 E0.16833 F600
G1 X130.3941 Y91.0631 Z7.8586 E0.17655 F600
G1 X131.2670 Y92.5581 Z8.0050 E0.15602 F600
G1 X131.6834 Y93.6598 Z8.2050 E0.10728 F600
G1 X131.7663 Y94.1254 Z8.4050 E0.04611 F600
G1 X131.6302 Y93.9834 Z8.5514 E0.02202 F600
G1 X131.3750 Y93.4678 Z8.6050 E0.05189 F600
G1 X131.1302 Y92.9104 Z8.5514 E0.05488 F600
G1 X131.0637 Y92.6254 Z8.4050 E0.02939 F600
G1 X131.3036 Y92.8519 Z8.2050 E0.03465 F600
G1 X131.8299 Y93.7478 Z8.0050 E0.09502 F600
G1 X132.4572 Y95.3250 Z7.8586 E0.15299 F600
G1 X132.9702 Y97.3388 Z7.8050 E0.18668 F600
G1 X133.2879 Y99.3381 Z7.8586 E0.18186 F600
G1 X133.4568 Y100.9168 Z8.0050 E0.14318 F600
G1 X133.5213 Y101.8927 Z8.2050 E0.08965 F600
G1 X133.4887 Y102.2726 Z8.4050 E0.03867 F600
G1 X133.3876 Y102.1576 Z8.5514 E0.01903 F600
G1 X133.2812 Y101.7188 Z8.6050 E0.04083 F600
G1 X133.2277 Y101.2135 Z8.5514 E0.04588 F600
G1 X133.2611 Y100.9508 Z8.4050 E0.02717 F600
G1 X133.3977 Y101.1805 Z8.2050 E0.02997 F600
G1 X133.6425 Y101.9672 Z8.0050 E0.07614 F600
G1 X134.0192 Y103.1401 Z7.8586 E0.11140 F600
G1 X134.5876 Y104.3882 Z7.8050 E0.12325 F600
G1 X135.3532 Y105.4579 Z7.8586 E0.11822 F600
G1 X136.1487 Y106.2491 Z8.0050 E0.10161 F600
G1 X136.7022 Y106.7462 Z8.2050 E0.06919 F600
G1 X136.8418 Y106.9532 Z8.4050 E0.02873 F600
G1 X136.6081 Y106.9082 Z8.5514 E0.02510 F600
G1 X136.2086 Y106.6986 Z8.6050 E0.04080 F600
G1 X135.8906 Y106.4498 Z8.5514 E0.03658 F600
G1 X135.8375 Y106.3080 Z8.4050 E0.01892 F600
G1 X136.1612 Y106.3977 Z8.2050 E0.03511 F600
G1 X136.9465 Y106.7662 Z8.0050 E0.07994 F600
G1 X138.2387 Y107.3850 Z7.8586 E0.12934 F600
G1 X139.9299 Y108.2092 Z7.8050 E0.16901 F600
G1 X141.6810 Y109.1738 Z7.8586 E0.17960 F600
G1 X143.0723 Y110.1175 Z8.0050 E0.15155 F600
G1 X143.8597 Y110.8055 Z8.2050 E0.09560 F600
G1 X144.0436 Y111.0770 Z8.4050 E0.03450 F600
G1 X143.7684 Y110.9505 Z8.5514 E0.03021 F600
G1 X143.2561 Y110.5987 Z8.6050 E0.05602 F600
G1 X142.7955 Y110.2466 Z8.5514 E0.05228 F600
G1 X142.6847 Y110.0891 Z8.4050 E0.02173 F600
G1 X143.1282 Y110.2721 Z8.2050 E0.04668 F600
G1 X144.1484 Y110.9066 Z8.0050 E0.10938 F600
G1 X145.5231 Y112.0529 Z7.8586 E0.16127 F600
G1 X146.8171 Y113.6403 Z7.8050 E0.18398 F600
G1 X147.6216 Y115.3937 Z7.8586 E0.17330 F600
G1 X147.8486 Y116.9157 Z8.0050 E0.13882 F600
G1 X147.7378 Y117.8958 Z8.2050 E0.09038 F600
G1 X147.5826 Y118.2337 Z8.4050 E0.03791 F600
G1 X147.5118 Y118.0239 Z8.5514 E0.02384 F600
G1 X147.5000 Y117.5000 Z8.6050 E0.04730 F600
; row 15/57
G1 X146.6402 Y120.8201 Z9.0514 E0.31059 F600
G1 X146.8346 Y120.6365 Z8.9050 E0.02738 F600
G1 X146.7872 Y120.9664 Z8.7050 E0.03491 F600
G1 X146.3372 Y121.8627 Z8.5050 E0.09184 F600
G1 X145.3145 Y123.1589 Z8.3586 E0.14885 F600
G1 X143.7391 Y124.5307 Z8.3050 E0.18766 F600
G1 X141.9385 Y125.6770 Z8.3586 E0.19174 F600
G1 X140.3676 Y126.4604 Z8.5050 E0.15819 F600
G1 X139.3302 Y126.8790 Z8.7050 E0.10205 F600
G1 X138.9032 Y126.9833 Z8.9050 E0.04336 F600
G1 X139.0102 Y126.8529 Z9.0514 E0.02006 F600
G1 X139.4679 Y126.5994 Z9.1050 E0.04723 F600
G1 X139.9978 Y126.3621 Z9.0514 E0.05236 F600
G1 X140.2835 Y126.2928 Z8.9050 E0.02950 F600
G1 X140.0733 Y126.5059 Z8.7050 E0.03233 F600
G1 X139.2736 Y127.0139 Z8.5050 E0.08697 F600
G1 X138.0176 Y127.7297 Z8.3586 E0.13048 F600
G1 X136.6417 Y128.5514 Z8.3050 E0.14400 F600
G1 X135.4896 Y129.4070 Z8.3586 E0.12896 F600
G1 X134.7074 Y130.1851 Z8.5050 E0.09994 F600
G1 X134.2559 Y130.7093 Z8.7050 E0.06468 F600
G1 X134.0524 Y130.8547 Z8.9050 E0.02876 F600
G1 X134.0445 Y130.6601 Z9.0514 E0.02188 F600
G1 X134.1910 Y130.3074 Z9.1050 E0.03463 F600
G1 X134.4114 Y130.0137 Z9.0514 E0.03332 F600
G1 X134.5683 Y129.9477 Z8.9050 E0.02017 F600
G1 X134.5344 Y130.2202 Z8.7050 E0.03050 F600
G1 X134.2947 Y130.9084 Z8.5050 E0.06787 F600
G1 X133.9583 Y132.0610 Z8.3586 E0.10863 F600
G1 X133.6348 Y133.6348 Z8.3050 E0.14436 F600
G1 X133.3291 Y135.3915 Z8.3586 E0.16020 F600
G1 X133.0116 Y136.9291 Z8.5050 E0.14160 F600
G1 X132.7308 Y137.8965 Z8.7050 E0.09223 F600
G1 X132.5754 Y138.1713 Z8.9050 E0.03356 F600
G1 X132.5711 Y137.8675 Z9.0514 E0.03029 F600
G1 X132.6658 Y137.2645 Z9.1050 E0.05502 F600
G1 X132.7887 Y136.7205 Z9.0514 E0.05032 F600
G1 X132.8837 Y136.5673 Z8.9050 E0.02086 F600
G1 X132.8982 Y137.0325 Z8.7050 E0.04549 F600
G1 X132.7611 Y138.2019 Z8.5050 E0.10725 F600
G1 X132.3694 Y139.9653 Z8.3586 E0.16275 F600
G1 X131.6250 Y141.9652 Z8.3050 E0.19170 F600
G1 X130.5666 Y143.7075 Z8.3586 E0.18313 F600
G1 X129.4509 Y144.8507 Z8.5050 E0.14405 F600
G1 X128.6209 Y145.3747 Z8.7050 E0.08996 F600
G1 X128.2873 Y145.4517 Z8.9050 E0.03561 F600
G1 X128.4310 Y145.2499 Z9.0514 E0.02584 F600
G1 X128.8494 Y144.8999 Z9.1050 E0.04922 F600
G1 X129.2731 Y144.5762 Z9.0514 E0.04812 F600
G1 X129.4674 Y144.5096 Z8.9050 E0.02265 F600
G1 X129.2578 Y144.8670 Z8.7050 E0.04132 F600
G1 X128.5101 Y145.5986 Z8.5050 E0.09564 F600
G1 X127.1658 Y146.3880 Z8.3586 E0.14061 F600
G1 X125.3543 Y146.8126 Z8.3050 E0.16716 F600
G1 X123.4335 Y146.6643 Z8.3586 E0.17307 F600
G1 X121.8297 Y146.1192 Z8.5050 E0.15269 F600
G1 X120.8204 Y145.5542 Z8.7050 E0.10541 F600
G1 X120.4672 Y145.2517 Z8.9050 E0.04546 F600
G1 X120.6642 Y145.2717 Z9.0514 E0.02211 F600
G1 X121.1860 Y145.4978 Z9.1050 E0.05130 F600
G1 X121.7235 Y145.7598 Z9.0514 E0.05391 F600
G1 X121.9509 Y145.9320 Z8.9050 E0.02879 F600
G1 X121.6207 Y145.9199 Z8.7050 E0.03468 F600
G1 X120.6486 Y145.5827 Z8.5050 E0.09413 F600
G1 X119.1678 Y144.7687 Z8.3586 E0.15231 F600
G1 X117.5000 Y143.5000 Z8.3050 E0.18825 F600
G1 X115.9974 Y142.0674 Z8.3586 E0.18650 F600
G1 X114.8826 Y140.8451 Z8.5050 E0.14915 F600
G1 X114.2308 Y140.0472 Z8.7050 E0.09425 F600
G1 X114.0245 Y139.7013 Z8.9050 E0.04038 F600
G1 X114.1753 Y139.7463 Z9.0514 E0.01930 F600
G1 X114.5291 Y140.0659 Z9.1050 E0.04309 F600
G1 X114.8832 Y140.4671 Z9.0514 E0.04829 F600
G1 X115.0186 Y140.7078 Z8.9050 E0.02807 F600
G1 X114.7673 Y140.5888 Z8.7050 E0.03076 F600
G1 X114.0887 Y140.0486 Z8.5050 E0.07993 F600
G1 X113.0798 Y139.2262 Z8.3586 E0.11763 F600
G1 X111.8957 Y138.4155 Z8.3050 E0.12895 F600
G1 X110.6872 Y137.8613 Z8.3586 E0.11949 F600
G1 X109.6301 Y137.5845 Z8.5050 E0.09900 F600
G1 X108.9285 Y137.4507 Z8.7050 E0.06661 F600
G1 X108.7063 Y137.3469 Z8.9050 E0.02842 F600
G1 X108.9102 Y137.2553 Z9.0514 E0.02400 F600
G1 X109.3326 Y137.2179 Z9.1050 E0.03838 F600
G1 X109.7149 Y137.2637 Z9.0514 E0.03491 F600
G1 X109.8350 Y137.3612 Z8.9050 E0.01913 F600
G1 X109.5372 Y137.4590 Z8.7050 E0.03340 F600
G1 X108.7304 Y137.5700 Z8.5050 E0.07530 F600
G1 X107.3942 Y137.7692 Z8.3586 E0.12204 F600
G1 X105.6250 Y138.0681 Z8.3050 E0.16120 F600
G1 X103.7057 Y138.3409 Z8.3586 E0.17416 F600
G1 X102.0538 Y138.4529 Z8.5050 E0.14926 F600
G1 X101.0148 Y138.4113 Z8.7050 E0.09509 F600
G1 X100.7027 Y138.3193 Z8.9050 E0.03430 F600
G1 X100.9987 Y138.2450 Z9.0514 E0.03040 F600
G1 X101.6190 Y138.1965 Z9.1050 E0.05608 F600
G1 X102.1953 Y138.1831 Z9.0514 E0.05199 F600
G1 X102.3770 Y138.2366 Z8.9050 E0.02150 F600
G1 X101.9170 Y138.3681 Z8.7050 E0.04656 F600
G1 X100.7238 Y138.5130 Z8.5050 E0.10942 F600
G1 X98.9172 Y138.5040 Z8.3586 E0.16277 F600
G1 X96.8652 Y138.1348 Z8.3050 E0.18730 F600
G1 X95.0627 Y137.3508 Z8.3586 E0.17658 F600
G1 X93.8526 Y136.3794 Z8.5050 E0.13997 F600
G1 X93.2698 Y135.5936 Z8.7050 E0.08968 F600
G1 X93.1603 Y135.2507 Z8.9050 E0.03698 F600
G1 X93.3608 Y135.3621 Z9.0514 E0.02443 F600
G1 X93.7299 Y135.7394 Z9.1050 E0.04765 F600
G1 X94.0790 Y136.1299 Z9.0514 E0.04728 F600
G1 X94.1658 Y136.3264 Z8.9050 E0.02334 F600
G1 X93.8121 Y136.1741 Z8.7050 E0.03897 F600
G1 X93.0526 Y135.5223 Z8.5050 E0.09165 F600
G1 X92.1834 Y134.2567 Z8.3586 E0.13850 F600
G1 X91.6083 Y132.4486 Z8.3050 E0.17046 F600
G1 X91.5409 Y130.4427 Z8.3586 E0.18030 F600
G1 X91.8528 Y128.7065 Z8.5050 E0.15896 F600
G1 X92.2397 Y127.5779 Z8.7050 E0.10864 F600
G1 X92.4706 Y127.1595 Z8.9050 E0.04652 F600
G1 X92.4842 Y127.3540 Z9.0514 E0.02190 F600
G1 X92.3501 Y127.9174 Z9.1050 E0.05223 F600
G1 X92.1787 Y128.5100 Z9.0514 E0.05560 F600
G1 X92.0467 Y128.7778 Z8.9050 E0.02987 F600
G1 X92.0125 Y128.4503 Z8.7050 E0.03460 F600
G1 X92.1845 Y127.4196 Z8.5050 E0.09555 F600
G1 X92.6892 Y125.8016 Z8.3586 E0.15277 F600
G1 X93.5109 Y123.9279 Z8.3050 E0.18380 F600
G1 X94.4241 Y122.1948 Z8.3586 E0.17598 F600
G1 X95.1694 Y120.8783 Z8.5050 E0.13649 F600
G1 X95.6442 Y120.0868 Z8.7050 E0.08481 F600
G1 X95.8750 Y119.8121 Z8.9050 E0.03689 F600
G1 X95.9015 Y119.9608 Z9.0514 E0.01889 F600
G1 X95.7577 Y120.3624 Z9.1050 E0.03861 F600
G1 X95.5283 Y120.7837 Z9.0514 E0.04335 F600
G1 X95.3551 Y120.9667 Z8.9050 E0.02616 F600
G1 X95.3647 Y120.7095 Z8.7050 E0.02927 F600
G1 X95.5792 Y119.9577 Z8.5050 E0.07246 F600
G1 X95.8656 Y118.8232 Z8.3586 E0.10590 F600
G1 X96.0000 Y117.5000 Z8.3050 E0.11954 F600
G1 X95.8656 Y116.1768 Z8.3586 E0.11954 F600
G1 X95.5792 Y115.0423 Z8.5050 E0.10590 F600
G1 X95.3647 Y114.2905 Z8.7050 E0.07246 F600
G1 X95.3551 Y114.0333 Z8.9050 E0.02927 F600
G1 X95.5283 Y114.2163 Z9.0514 E0.02616 F600
G1 X95.7577 Y114.6376 Z9.1050 E0.04335 F600
G1 X95.9015 Y115.0392 Z9.0514 E0.03861 F600
G1 X95.8750 Y115.1879 Z8.9050 E0.01889 F600
G1 X95.6442 Y114.9132 Z8.7050 E0.03689 F600
G1 X95.1694 Y114.1217 Z8.5050 E0.08481 F600
G1 X94.4241 Y112.8052 Z8.3586 E0.13649 F600
G1 X93.5109 Y111.0721 Z8.3050 E0.17598 F600
G1 X92.6892 Y109.1984 Z8.3586 E0.18380 F600
G1 X92.1845 Y107.5804 Z8.5050 E0.15277 F600
G1 X92.0125 Y106.5497 Z8.7050 E0.09555 F600
G1 X92.0467 Y106.2222 Z8.9050 E0.03460 F600
G1 X92.1787 Y106.4900 Z9.0514 E0.02987 F600
G1 X92.3501 Y107.0826 Z9.1050 E0.05560 F600
G1 X92.4842 Y107.6460 Z9.0514 E0.05223 F600
G1 X92.4706 Y107.8405 Z8.9050 E0.02190 F600
G1 X92.2397 Y107.4221 Z8.7050 E0.04652 F600
G1 X91.8528 Y106.2935 Z8.5050 E0.10864 F600
G1 X91.5409 Y104.5573 Z8.3586 E0.15896 F600
G1 X91.6083 Y102.5514 Z8.3050 E0.18030 F600
G1 X92.1834 Y100.7433 Z8.3586 E0.17046 F600
G1 X93.0526 Y99.4777 Z8.5050 E0.13850 F600
G1 X93.8121 Y98.8259 Z8.7050 E0.09165 F600
G1 X94.1658 Y98.6736 Z8.9050 E0.03897 F600
G1 X94.0790 Y98.8701 Z9.0514 E0.02334 F600
G1 X93.7299 Y99.2606 Z9.1050 E0.04728 F600
G1 X93.3608 Y99.6379 Z9.0514 E0.04765 F600
G1 X93.1603 Y99.7493 Z8.9050 E0.02443 F600
G1 X93.2698 Y99.4064 Z8.7050 E0.03698 F600
G1 X93.8526 Y98.6206 Z8.5050 E0.08968 F600
G1 X95.0627 Y97.6492 Z8.3586 E0.13997 F600
G1 X96.8652 Y96.8652 Z8.3050 E0.17658 F600
G1 X98.9172 Y96.4960 Z8.3586 E0.18730 F600
G1 X100.7238 Y96.4870 Z8.5050 E0.16277 F600
G1 X101.9170 Y96.6319 Z8.7050 E0.10942 F600
G1 X102.3770 Y96.7634 Z8.9050 E0.04656 F600
G1 X102.1953 Y96.8169 Z9.0514 E0.02150 F600
G1 X101.6190 Y96.8035 Z9.1050 E0.05199 F600
G1 X100.9987 Y96.7550 Z9.0514 E0.05608 F600
G1 X100.7027 Y96.6807 Z8.9050 E0.03040 F600
G1 X101.0148 Y96.5887 Z8.7050 E0.03430 F600
G1 X102.0538 Y96.5471 Z8.5050 E0.09509 F600
G1 X103.7057 Y96.6591 Z8.3586 E0.14926 F600
G1 X105.6250 Y96.9319 Z8.3050 E0.17416 F600
G1 X107.3942 Y97.2308 Z8.3586 E0.16120 F600
G1 X108.7304 Y97.4300 Z8.5050 E0.12204 F600
G1 X109.5372 Y97.5410 Z8.7050 E0.07530 F600
G1 X109.8350 Y97.6388 Z8.9050 E0.03340 F600
G1 X109.7149 Y97.7363 Z9.0514 E0.01913 F600
G1 X109.3326 Y97.7821 Z9.1050 E0.03491 F600
G1 X108.9102 Y97.7447 Z9.0514 E0.03838 F600
G1 X108.7063 Y97.6531 Z8.9050 E0.02400 F600
G1 X108.9285 Y97.5493 Z8.7050 E0.02842 F600
G1 X109.6301 Y97.4155 Z8.5050 E0.06661 F600
G1 X110.6872 Y97.1387 Z8.3586 E0.09900 F600
G1 X111.8957 Y96.5845 Z8.3050 E0.11949 F600
G1 X113.0798 Y95.7738 Z8.3586 E0.12895 F600
G1 X114.0887 Y94.9514 Z8.5050 E0.11763 F600
G1 X114.7673 Y94.4112 Z8.7050 E0.07993 F600
G1 X115.0186 Y94.2922 Z8.9050 E0.03076 F600
G1 X114.8832 Y94.5329 Z9.0514 E0.02807 F600
G1 X114.5291 Y94.9341 Z9.1050 E0.04829 F600
G1 X114.1753 Y95.2537 Z9.0514 E0.04309 F600
G1 X114.0245 Y95.2987 Z8.9050 E0.01930 F600
G1 X114.2308 Y94.9528 Z8.7050 E0.04038 F600
G1 X114.8826 Y94.1549 Z8.5050 E0.09425 F600
G1 X115.9974 Y92.9326 Z8.3586 E0.14915 F600
G1 X117.5000 Y91.5000 Z8.3050 E0.18650 F600
G1 X119.1678 Y90.2313 Z8.3586 E0.18825 F600
G1 X120.6486 Y89.4173 Z8.5050 E0.15231 F600
G1 X121.6207 Y89.0801 Z8.7050 E0.09413 F600
G1 X121.9509 Y89.0680 Z8.9050 E0.03468 F600
G1 X121.7235 Y89.2402 Z9.0514 E0.02879 F600
G1 X121.1860 Y89.5022 Z9.1050 E0.05391 F600
G1 X120.6642 Y89.7283 Z9.0514 E0.05130 F600
G1 X120.4672 Y89.7483 Z8.9050 E0.02211 F600
G1 X120.8204 Y89.4458 Z8.7050 E0.04546 F600
G1 X121.8297 Y88.8808 Z8.5050 E0.10541 F600
G1 X123.4335 Y88.3357 Z8.3586 E0.15269 F600
G1 X125.3543 Y88.1874 Z8.3050 E0.17307 F600
G1 X127.1658 Y88.6120 Z8.3586 E0.16716 F600
G1 X128.5101 Y89.4014 Z8.5050 E0.14061 F600
G1 X129.2578 Y90.1330 Z8.7050 E0.09564 F600
G1 X129.4674 Y90.4904 Z8.9050 E0.04132 F600
G1 X129.2731 Y90.4238 Z9.0514 E0.02265 F600
G1 X128.8494 Y90.1001 Z9.1050 E0.04812 F600
G1 X128.4310 Y89.7501 Z9.0514 E0.04922 F600
G1 X128.2873 Y89.5483 Z8.9050 E0.02584 F600
G1 X128.6209 Y89.6253 Z8.7050 E0.03561 F600
G1 X129.4509 Y90.1493 Z8.5050 E0.08996 F600
G1 X130.5666 Y91.2925 Z8.3586 E0.14405 F600
G1 X131.6250 Y93.0348 Z8.3050 E0.18313 F600
G1 X132.3694 Y95.0347 Z8.3586 E0.19170 F600
G1 X132.7611 Y96.7981 Z8.5050 E0.16275 F600
G1 X132.8982 Y97.9675 Z8.7050 E0.10725 F600
G1 X132.8837 Y98.4327 Z8.9050 E0.04549 F600
G1 X132.7887 Y98.2795 Z9.0514 E0.02086 F600
G1 X132.6658 Y97.7355 Z9.1050 E0.05032 F600
G1 X132.5711 Y97.1325 Z9.0514 E0.05502 F600
G1 X132.5754 Y96.8287 Z8.9050 E0.03029 F600
G1 X132.7308 Y97.1035 Z8.7050 E0.03356 F600
G1 X133.0116 Y98.0709 Z8.5050 E0.09223 F600
G1 X133.3291 Y99.6085 Z8.3586 E0.14160 F600
G1 X133.6348 Y101.3652 Z8.3050 E0.16020 F600
G1 X133.9583 Y102.9390 Z8.3586 E0.14436 F600
G1 X134.2947 Y104.0916 Z8.5050 E0.10863 F600
G1 X134.5344 Y104.7798 Z8.7050 E0.06787 F600
G1 X134.5683 Y105.0523 Z8.9050 E0.03050 F600
G1 X134.4114 Y104.9863 Z9.0514 E0.02017 F600
G1 X134.1910 Y104.6926 Z9.1050 E0.03332 F600
G1 X134.0445 Y104.3399 Z9.0514 E0.03463 F600
G1 X134.0524 Y104.1453 Z8.9050 E0.02188 F600
G1 X134.2559 Y104.2907 Z8.7050 E0.02876 F600
G1 X134.7074 Y104.8149 Z8.5050 E0.06468 F600
G1 X135.4896 Y105.5930 Z8.3586 E0.09994 F600
G1 X136.6417 Y106.4486 Z8.3050 E0.12896 F600
G1 X138.0176 Y107.2703 Z8.3586 E0.14400 F600
G1 X139.2736 Y107.9861 Z8.5050 E0.13048 F600
G1 X140.0733 Y108.4941 Z8.7050 E0.08697 F600
G1 X140.2835 Y108.7072 Z8.9050 E0.03233 F600
G1 X139.9978 Y108.6379 Z9.0514 E0.02950 F600
G1 X139.4679 Y108.4006 Z9.1050 E0.05236 F600
G1 X139.0102 Y108.1471 Z9.0514 E0.04723 F600
G1 X138.9032 Y108.0167 Z8.9050 E0.02006 F600
G1 X139.3302 Y108.1210 Z8.7050 E0.04336 F600
G1 X140.3676 Y108.5396 Z8.5050 E0.10205 F600
G1 X141.9385 Y109.3230 Z8.3586 E0.15819 F600
G1 X143.7391 Y110.4693 Z8.3050 E0.19174 F600
G1 X145.3145 Y111.8411 Z8.3586 E0.18766 F600
G1 X146.3372 Y113.1373 Z8.5050 E0.14885 F600
G1 X146.7872 Y114.0336 Z8.7050 E0.09184 F600
G1 X146.8346 Y114.3635 Z8.9050 E0.03491 F600
G1 X146.6402 Y114.1799 Z9.0514 E0.02738 F600
G1 X146.3214 Y113.7056 Z9.1050 E0.05155 F600
G1 X146.0343 Y113.2355 Z9.0514 E0.04970 F600
G1 X145.9885 Y113.0403 Z8.9050 E0.02230 F600
G1 X146.3318 Y113.3196 Z8.7050 E0.04361 F600
G1 X147.0069 Y114.1918 Z8.5050 E0.10066 F600
G1 X147.7018 Y115.6528 Z8.3586 E0.14588 F600
G1 X148.0000 Y117.5000 Z8.3050 E0.16810 F600
G1 X147.7018 Y119.3472 Z8.3586 E0.16810 F600
G1 X147.0069 Y120.8082 Z8.5050 E0.14588 F600
G1 X146.3318 Y121.6804 Z8.7050 E0.10066 F600
G1 X145.9885 Y121.9597 Z8.9050 E0.04361 F600
G1 X146.0343 Y121.7645 Z9.0514 E0.02230 F600
G1 X146.3214 Y121.2944 Z9.1050 E0.04970 F600
; row 16/57
G1 X147.5118 Y116.9761 Z9.5514 E0.40425 F600
G1 X147.5826 Y116.7663 Z9.4050 E0.02384 F600
G1 X147.7378 Y117.1042 Z9.2050 E0.03791 F600
G1 X147.8486 Y118.0843 Z9.0050 E0.09038 F600
G1 X147.6216 Y119.6063 Z8.8586 E0.13882 F600
G1 X146.8171 Y121.3597 Z8.8050 E0.17330 F600
G1 X145.5231 Y122.9471 Z8.8586 E0.18398 F600
G1 X144.1484 Y124.0934 Z9.0050 E0.16127 F600
G1 X143.1282 Y124.7279 Z9.2050 E0.10938 F600
G1 X142.6847 Y124.9109 Z9.4050 E0.04668 F600
G1 X142.7955 Y124.7534 Z9.5514 E0.02173 F600
G1 X143.2561 Y124.4013 Z9.6050 E0.05228 F600
G1 X143.7684 Y124.0495 Z9.5514 E0.05602 F600
G1 X144.0436 Y123.9230 Z9.4050 E0.03021 F600
G1 X143.8597 Y124.1945 Z9.2050 E0.03450 F600
G1 X143.0723 Y124.8825 Z9.0050 E0.09560 F600
G1 X141.6810 Y125.8262 Z8.8586 E0.15155 F600
G1 X139.9299 Y126.7908 Z8.8050 E0.17960 F600
G1 X138.2387 Y127.6150 Z8.8586 E0.16901 F600
G1 X136.9465 Y128.2338 Z9.0050 E0.12934 F600
G1 X136.1612 Y128.6023 Z9.2050 E0.07994 F600
G1 X135.8375 Y128.6920 Z9.4050 E0.03511 F600
G1 X135.8906 Y128.5502 Z9.5514 E0.01892 F600
G1 X136.2086 Y128.3014 Z9.6050 E0.03658 F600
G1 X136.6081 Y128.0918 Z9.5514 E0.04080 F600
G1 X136.8418 Y128.0468 Z9.4050 E0.02510 F600
G1 X136.7022 Y128.2538 Z9.2050 E0.02873 F600
G1 X136.1487 Y128.7509 Z9.0050 E0.06919 F600
G1 X135.3532 Y129.5421 Z8.8586 E0.10161 F600
G1 X134.5876 Y130.6118 Z8.8050 E0.11822 F600
G1 X134.0192 Y131.8599 Z8.8586 E0.12325 F600
G1 X133.6425 Y133.0328 Z9.0050 E0.11140 F600
G1 X133.3977 Y133.8195 Z9.2050 E0.07614 F600
G1 X133.2611 Y134.0492 Z9.4050 E0.02997 F600
G1 X133.2277 Y133.7865 Z9.5514 E0.02717 F600
G1 X133.2812 Y133.2812 Z9.6050 E0.04588 F600
G1 X133.3876 Y132.8424 Z9.5514 E0.04083 F600
G1 X133.4887 Y132.7274 Z9.4050 E0.01903 F600
G1 X133.5213 Y133.1073 Z9.2050 E0.03867 F600
G1 X133.4568 Y134.0832 Z9.0050 E0.08965 F600
G1 X133.2879 Y135.6619 Z8.8586 E0.14318 F600
G1 X132.9702 Y137.6612 Z8.8050 E0.18186 F600
G1 X132.4572 Y139.6750 Z8.8586 E0.18668 F600
G1 X131.8299 Y141.2522 Z9.0050 E0.15299 F600
G1 X131.3036 Y142.1481 Z9.2050 E0.09502 F600
G1 X131.0637 Y142.3746 Z9.4050 E0.03465 F600
G1 X131.1302 Y142.0896 Z9.5514 E0.02939 F600
G1 X131.3750 Y141.5322 Z9.6050 E0.05488 F600
G1 X131.6302 Y141.0166 Z9.5514 E0.05189 F600
G1 X131.7663 Y140.8746 Z9.4050 E0.02202 F600
G1 X131.6834 Y141.3402 Z9.2050 E0.04611 F600
G1 X131.2670 Y142.4419 Z9.0050 E0.10728 F600
G1 X130.3941 Y143.9369 Z8.8586 E0.15602 F600
G1 X129.0408 Y145.3619 Z8.8050 E0.17655 F600
G1 X127.4133 Y146.2905 Z8.8586 E0.16833 F600
G1 X125.9078 Y146.6241 Z9.0050 E0.13910 F600
G1 X124.8874 Y146.5878 Z9.2050 E0.09344 F600
G1 X124.5082 Y146.4619 Z9.4050 E0.04012 F600
G1 X124.7001 Y146.3780 Z9.5514 E0.02295 F600
G1 X125.2249 Y146.3297 Z9.6050 E0.04757 F600
G1 X125.7595 Y146.3043 Z9.5514 E0.04830 F600
G1 X125.9917 Y146.3576 Z9.4050 E0.02511 F600
G1 X125.6876 Y146.5311 Z9.2050 E0.03621 F600
G1 X124.7269 Y146.7089 Z9.0050 E0.08956 F600
G1 X123.1580 Y146.6079 Z8.8586 E0.14179 F600
G1 X121.2512 Y145.9936 Z8.8050 E0.17996 F600
G1 X119.4187 Y144.9386 Z8.8586 E0.18995 F600
G1 X118.0064 Y143.8026 Z9.0050 E0.16330 F600
G1 X117.1668 Y142.9535 Z9.2050 E0.10872 F600
G1 X116.8886 Y142.5703 Z9.4050 E0.04617 F600
G1 X117.0612 Y142.6375 Z9.5514 E0.02121 F600
G1 X117.5000 Y143.0000 Z9.6050 E0.05134 F600
G1 X117.9525 Y143.4217 Z9.5514 E0.05575 F600
G1 X118.1381 Y143.6645 Z9.4050 E0.03043 F600
G1 X117.8409 Y143.5421 Z9.2050 E0.03400 F600
G1 X117.0103 Y142.9379 Z9.0050 E0.09397 F600
G1 X115.7960 Y141.8679 Z8.8586 E0.14593 F600
G1 X114.4639 Y140.5616 Z8.8050 E0.16762 F600
G1 X113.2487 Y139.3710 Z8.8586 E0.15285 F600
G1 X112.2976 Y138.5263 Z9.0050 E0.11498 F600
G1 X111.7084 Y138.0354 Z9.2050 E0.07118 F600
G1 X111.5242 Y137.8080 Z9.4050 E0.03184 F600
G1 X111.6835 Y137.7844 Z9.5514 E0.01955 F600
G1 X112.0251 Y137.9326 Z9.6050 E0.03378 F600
G1 X112.3459 Y138.1720 Z9.5514 E0.03627 F600
G1 X112.4546 Y138.3505 Z9.4050 E0.02291 F600
G1 X112.2105 Y138.3276 Z9.2050 E0.02842 F600
G1 X111.5543 Y138.0955 Z9.0050 E0.06503 F600
G1 X110.5056 Y137.8132 Z8.8586 E0.09841 F600
G1 X109.1412 Y137.6799 Z8.8050 E0.12320 F600
G1 X107.6282 Y137.7402 Z8.8586 E0.13607 F600
G1 X106.2594 Y137.8647 Z9.0050 E0.12412 F600
G1 X105.3518 Y137.9192 Z9.2050 E0.08360 F600
G1 X105.0668 Y137.8712 Z9.4050 E0.03157 F600
G1 X105.3288 Y137.7563 Z9.5514 E0.02886 F600
G1 X105.8750 Y137.6351 Z9.6050 E0.05048 F600
G1 X106.3725 Y137.5746 Z9.5514 E0.04526 F600
G1 X106.5285 Y137.6208 Z9.4050 E0.01966 F600
G1 X106.1396 Y137.7855 Z9.2050 E0.04196 F600
G1 X105.0970 Y138.0583 Z9.0050 E0.09843 F600
G1 X103.4167 Y138.3794 Z8.8586 E0.15419 F600
G1 X101.3146 Y138.5932 Z8.8050 E0.18980 F600
G1 X99.2168 Y138.5325 Z8.8586 E0.18853 F600
G1 X97.5751 Y138.2071 Z9.0050 E0.15086 F600
G1 X96.6318 Y137.8289 Z9.2050 E0.09302 F600
G1 X96.3767 Y137.6175 Z9.4050 E0.03475 F600
G1 X96.6530 Y137.6317 Z9.5514 E0.02811 F600
G1 X97.2188 Y137.7812 Z9.6050 E0.05277 F600
G1 X97.7536 Y137.9480 Z9.5514 E0.05054 F600
G1 X97.9163 Y138.0629 Z9.4050 E0.02220 F600
G1 X97.4615 Y138.0701 Z9.2050 E0.04462 F600
G1 X96.3522 Y137.8489 Z9.0050 E0.10315 F600
G1 X94.8248 Y137.2112 Z8.8586 E0.14922 F600
G1 X93.3333 Y136.0438 Z8.8050 E0.17016 F600
G1 X92.2988 Y134.4984 Z8.8586 E0.16707 F600
G1 X91.8382 Y132.9819 Z9.0050 E0.14293 F600
G1 X91.7687 Y131.9102 Z9.2050 E0.09810 F600
G1 X91.8464 Y131.4884 Z9.4050 E0.04250 F600
G1 X91.9439 Y131.6660 Z9.5514 E0.02244 F600
G1 X92.0414 Y132.1986 Z9.6050 E0.04886 F600
G1 X92.1177 Y132.7512 Z9.5514 E0.05033 F600
G1 X92.0917 Y133.0075 Z9.4050 E0.02661 F600
G1 X91.9018 Y132.7293 Z9.2050 E0.03518 F600
G1 X91.6399 Y131.7738 Z9.0050 E0.09077 F600
G1 X91.5617 Y130.1510 Z8.8586 E0.14650 F600
G1 X91.8881 Y128.1088 Z8.8050 E0.18579 F600
G1 X92.5774 Y126.0816 Z8.8586 E0.19234 F600
G1 X93.3527 Y124.4711 Z9.0050 E0.16105 F600
G1 X93.9443 Y123.4824 Z9.2050 E0.10501 F600
G1 X94.2312 Y123.1305 Z9.4050 E0.04455 F600
G1 X94.2183 Y123.3048 Z9.5514 E0.02047 F600
G1 X93.9939 Y123.7984 Z9.6050 E0.04894 F600
G1 X93.7068 Y124.3226 Z9.5514 E0.05388 F600
G1 X93.5191 Y124.5567 Z9.4050 E0.02998 F600
G1 X93.5617 Y124.2513 Z9.2050 E0.03300 F600
G1 X93.9132 Y123.3359 Z9.0050 E0.08987 F600
G1 X94.5442 Y121.9621 Z8.8586 E0.13639 F600
G1 X95.2620 Y120.4277 Z8.8050 E0.15220 F600
G1 X95.8151 Y119.0164 Z8.8586 E0.13621 F600
G1 X96.1081 Y117.9118 Z9.0050 E0.10346 F600
G1 X96.2422 Y117.2217 Z9.2050 E0.06564 F600
G1 X96.3479 Y116.9841 Z9.4050 E0.02946 F600
G1 X96.4526 Y117.1326 Z9.5514 E0.02095 F600
G1 X96.5000 Y117.5000 Z9.6050 E0.03361 F600
G1 X96.4526 Y117.8674 Z9.5514 E0.03361 F600
G1 X96.3479 Y118.0159 Z9.4050 E0.02095 F600
G1 X96.2422 Y117.7783 Z9.2050 E0.02946 F600
G1 X96.1081 Y117.0882 Z9.0050 E0.06564 F600
G1 X95.8151 Y115.9836 Z8.8586 E0.10346 F600
G1 X95.2620 Y114.5723 Z8.8050 E0.13621 F600
G1 X94.5442 Y113.0379 Z8.8586 E0.15220 F600
G1 X93.9132 Y111.6641 Z9.0050 E0.13639 F600
G1 X93.5617 Y110.7487 Z9.2050 E0.08987 F600
G1 X93.5191 Y110.4433 Z9.4050 E0.03300 F600
G1 X93.7068 Y110.6774 Z9.5514 E0.02998 F600
G1 X93.9939 Y111.2016 Z9.6050 E0.05388 F600
G1 X94.2183 Y111.6952 Z9.5514 E0.04894 F600
G1 X94.2312 Y111.8695 Z9.4050 E0.02047 F600
G1 X93.9443 Y111.5176 Z9.2050 E0.04455 F600
G1 X93.3527 Y110.5289 Z9.0050 E0.10501 F600
G1 X92.5774 Y108.9184 Z8.8586 E0.16105 F600
G1 X91.8881 Y106.8912 Z8.8050 E0.19234 F600
G1 X91.5617 Y104.8490 Z8.8586 E0.18579 F600
G1 X91.6399 Y103.2262 Z9.0050 E0.14650 F600
G1 X91.9018 Y102.2707 Z9.2050 E0.09077 F600
G1 X92.0917 Y101.9925 Z9.4050 E0.03518 F600
G1 X92.1177 Y102.2488 Z9.5514 E0.02661 F600
G1 X92.0414 Y102.8014 Z9.6050 E0.05033 F600
G1 X91.9439 Y103.3340 Z9.5514 E0.04886 F600
G1 X91.8464 Y103.5116 Z9.4050 E0.02244 F600
G1 X91.7687 Y103.0898 Z9.2050 E0.04250 F600
G1 X91.8382 Y102.0181 Z9.0050 E0.09810 F600
G1 X92.2988 Y100.5016 Z8.8586 E0.14293 F600
G1 X93.3333 Y98.9562 Z8.8050 E0.16707 F600
G1 X94.8248 Y97.7888 Z8.8586 E0.17016 F600
G1 X96.3522 Y97.1511 Z9.0050 E0.14922 F600
G1 X97.4615 Y96.9299 Z9.2050 E0.10315 F600
G1 X97.9163 Y96.9371 Z9.4050 E0.04462 F600
G1 X97.7536 Y97.0520 Z9.5514 E0.02220 F600
G1 X97.2188 Y97.2188 Z9.6050 E0.05054 F600
G1 X96.6530 Y97.3683 Z9.5514 E0.05277 F600
G1 X96.3767 Y97.3825 Z9.4050 E0.02811 F600
G1 X96.6318 Y97.1711 Z9.2050 E0.03475 F600
G1 X97.5751 Y96.7929 Z9.0050 E0.09302 F600
G1 X99.2168 Y96.4675 Z8.8586 E0.15086 F600
G1 X101.3146 Y96.4068 Z8.8050 E0.18853 F600
G1 X103.4167 Y96.6206 Z8.8586 E0.18980 F600
G1 X105.0970 Y96.9417 Z9.0050 E0.15419 F600
G1 X106.1396 Y97.2145 Z9.2050 E0.09843 F600
G1 X106.5285 Y97.3792 Z9.4050 E0.04196 F600
G1 X106.3725 Y97.4254 Z9.5514 E0.01966 F600
G1 X105.8750 Y97.3649 Z9.6050 E0.04526 F600
G1 X105.3288 Y97.2437 Z9.5514 E0.05048 F600
G1 X105.0668 Y97.1288 Z9.4050 E0.02886 F600
G1 X105.3518 Y97.0808 Z9.2050 E0.03157 F600
G1 X106.2594 Y97.1353 Z9.0050 E0.08360 F600
G1 X107.6282 Y97.2598 Z8.8586 E0.12412 F600
G1 X109.1412 Y97.3201 Z8.8050 E0.13607 F600
G1 X110.5056 Y97.1868 Z8.8586 E0.12320 F600
G1 X111.5543 Y96.9045 Z9.0050 E0.09841 F600
G1 X112.2105 Y96.6724 Z9.2050 E0.06503 F600
G1 X112.4546 Y96.6495 Z9.4050 E0.02842 F600
G1 X112.3459 Y96.8280 Z9.5514 E0.02291 F600
G1 X112.0251 Y97.0674 Z9.6050 E0.03627 F600
G1 X111.6835 Y97.2156 Z9.5514 E0.03378 F600
G1 X111.5242 Y97.1920 Z9.4050 E0.01955 F600
G1 X111.7084 Y96.9646 Z9.2050 E0.03184 F600
G1 X112.2976 Y96.4737 Z9.0050 E0.07118 F600
G1 X113.2487 Y95.6290 Z8.8586 E0.11498 F600
G1 X114.4639 Y94.4384 Z8.8050 E0.15285 F600
G1 X115.7960 Y93.1321 Z8.8586 E0.16762 F600
G1 X117.0103 Y92.0621 Z9.0050 E0.14593 F600
G1 X117.8409 Y91.4579 Z9.2050 E0.09397 F600
G1 X118.1381 Y91.3355 Z9.4050 E0.03400 F600
G1 X117.9525 Y91.5783 Z9.5514 E0.03043 F600
G1 X117.5000 Y92.0000 Z9.6050 E0.05575 F600
G1 X117.0612 Y92.3625 Z9.5514 E0.05134 F600
G1 X116.8886 Y92.4297 Z9.4050 E0.02121 F600
G1 X117.1668 Y92.0465 Z9.2050 E0.04617 F600
G1 X118.0064 Y91.1974 Z9.0050 E0.10872 F600
G1 X119.4187 Y90.0614 Z8.8586 E0.16330 F600
G1 X121.2512 Y89.0064 Z8.8050 E0.18995 F600
G1 X123.1580 Y88.3921 Z8.8586 E0.17996 F600
G1 X124.7269 Y88.2911 Z9.0050 E0.14179 F600
G1 X125.6876 Y88.4689 Z9.2050 E0.08956 F600
G1 X125.9917 Y88.6424 Z9.4050 E0.03621 F600
G1 X125.7595 Y88.6957 Z9.5514 E0.02511 F600
G1 X125.2249 Y88.6703 Z9.6050 E0.04830 F600
G1 X124.7001 Y88.6220 Z9.5514 E0.04757 F600
G1 X124.5082 Y88.5381 Z9.4050 E0.02295 F600
G1 X124.8874 Y88.4122 Z9.2050 E0.04012 F600
G1 X125.9078 Y88.3759 Z9.0050 E0.09344 F600
G1 X127.4133 Y88.7095 Z8.8586 E0.13910 F600
G1 X129.0408 Y89.6381 Z8.8050 E0.16833 F600
G1 X130.3941 Y91.0631 Z8.8586 E0.17655 F600
G1 X131.2670 Y92.5581 Z9.0050 E0.15602 F600
G1 X131.6834 Y93.6598 Z9.2050 E0.10728 F600
G1 X131.7663 Y94.1254 Z9.4050 E0.04611 F600
G1 X131.6302 Y93.9834 Z9.5514 E0.02202 F600
G1 X131.3750 Y93.4678 Z9.6050 E0.05189 F600
G1 X131.1302 Y92.9104 Z9.5514 E0.05488 F600
G1 X131.0637 Y92.6254 Z9.4050 E0.02939 F600
G1 X131.3036 Y92.8519 Z9.2050 E0.03465 F600
G1 X131.8299 Y93.7478 Z9.0050 E0.09502 F600
G1 X132.4572 Y95.3250 Z8.8586 E0.15299 F600
G1 X132.9702 Y97.3388 Z8.8050 E0.18668 F600
G1 X133.2879 Y99.3381 Z8.8586 E0.18186 F600
G1 X133.4568 Y100.9168 Z9.0050 E0.14318 F600
G1 X133.5213 Y101.8927 Z9.2050 E0.08965 F600
G1 X133.4887 Y102.2726 Z9.4050 E0.03867 F600
G1 X133.3876 Y102.1576 Z9.5514 E0.01903 F600
G1 X133.2812 Y101.7188 Z9.6050 E0.04083 F600
G1 X133.2277 Y101.2135 Z9.5514 E0.04588 F600
G1 X133.2611 Y100.9508 Z9.4050 E0.02717 F600
G1 X133.3977 Y101.1805 Z9.2050 E0.02997 F600
G1 X133.6425 Y101.9672 Z9.0050 E0.07614 F600
G1 X134.0192 Y103.1401 Z8.8586 E0.11140 F600
G1 X134.5876 Y104.3882 Z8.8050 E0.12325 F600
G1 X135.3532 Y105.4579 Z8.8586 E0.11822 F600
G1 X136.1487 Y106.2491 Z9.0050 E0.10161 F600
G1 X136.7022 Y106.7462 Z9.2050 E0.06919 F600
G1 X136.8418 Y106.9532 Z9.4050 E0.02873 F600
G1 X136.6081 Y106.9082 Z9.5514 E0.02510 F600
G1 X136.2086 Y106.6986 Z9.6050 E0.04080 F600
G1 X135.8906 Y106.4498 Z9.5514 E0.03658 F600
G1 X135.8375 Y106.3080 Z9.4050 E0.01892 F600
G1 X136.1612 Y106.3977 Z9.2050 E0.03511 F600
G1 X136.9465 Y106.7662 Z9.0050 E0.07994 F600
G1 X138.2387 Y107.3850 Z8.8586 E0.12934 F600
G1 X139.9299 Y108.2092 Z8.8050 E0.16901 F600
G1 X141.6810 Y109.1738 Z8.8586 E0.17960 F600
G1 X143.0723 Y110.1175 Z9.0050 E0.15155 F600
G1 X143.8597 Y110.8055 Z9.2050 E0.09560 F600
G1 X144.0436 Y111.0770 Z9.4050 E0.03450 F600
G1 X143.7684 Y110.9505 Z9.5514 E0.03021 F600
G1 X143.2561 Y110.5987 Z9.6050 E0.05602 F600
G1 X142.7955 Y110.2466 Z9.5514 E0.05228 F600
G1 X142.6847 Y110.0891 Z9.4050 E0.02173 F600
G1 X143.1282 Y110.2721 Z9.2050 E0.04668 F600
G1 X144.1484 Y110.9066 Z9.0050 E0.10938 F600
G1 X145.5231 Y112.0529 Z8.8586 E0.16127 F600
G1 X146.8171 Y113.6403 Z8.8050 E0.18398 F600
G1 X147.6216 Y115.3937 Z8.8586 E0.17330 F600
G1 X147.8486 Y116.9157 Z9.0050 E0.13882 F600
G1 X147.7378 Y117.8958 Z9.2050 E0.09038 F600
G1 X147.5826 Y118.2337 Z9.4050 E0.03791 F600
G1 X147.5118 Y118.0239 Z9.5514 E0.02384 F600
G1 X147.5000 Y117.5000 Z9.6050 E0.04730 F600
; row 17/57
G1 X146.6402 Y120.8201 Z10.0514 E0.31059 F600
G1 X146.8346 Y120.6365 Z9.9050 E0.02738 F600
G1 X146.7872 Y120.9664 Z9.7050 E0.03491 F600
G1 X146.3372 Y121.8627 Z9.5050 E0.09184 F600
G1 X145.3145 Y123.1589 Z9.3586 E0.14885 F600
G1 X143.7391 Y124.5307 Z9.3050 E0.18766 F600
G1 X141.9385 Y125.6770 Z9.3586 E0.19174 F600
G1 X140.3676 Y126.4604 Z9.5050 E0.15819 F600
G1 X139.3302 Y126.8790 Z9.7050 E0.10205 F600
G1 X138.9032 Y126.9833 Z9.9050 E0.04336 F600
G1 X139.0102 Y126.8529 Z10.0514 E0.02006 F600
G1 X139.4679 Y126.5994 Z10.1050 E0.04723 F600
G1 X139.9978 Y126.3621 Z10.0514 E0.05236 F600
G1 X140.2835 Y126.2928 Z9.9050 E0.02950 F600
G1 X140.0733 Y126.5059 Z9.7050 E0.03233 F600
G1 X139.2736 Y127.0139 Z9.5050 E0.08697 F600
G1 X138.0176 Y127.7297 Z9.3586 E0.13048 F600
G1 X136.6417 Y128.5514 Z9.3050 E0.14400 F600
G1 X135.4896 Y129.4070 Z9.3586 E0.12896 F600
G1 X134.7074 Y130.1851 Z9.5050 E0.09994 F600
G1 X134.2559 Y130.7093 Z9.7050 E0.06468 F600
G1 X134.0524 Y130.8547 Z9.9050 E0.02876 F600
G1 X134.0445 Y130.6601 Z10.0514 E0.02188 F600
G1 X134.1910 Y130.3074 Z10.1050 E0.03463 F600
G1 X134.4114 Y130.0137 Z10.0514 E0.03332 F600
G1 X134.5683 Y129.9477 Z9.9050 E0.02017 F600
G1 X134.5344 Y130.2202 Z9.7050 E0.03050 F600
G1 X134.2947 Y130.9084 Z9.5050 E0.06787 F600
G1 X133.9583 Y132.0610 Z9.3586 E0.10863 F600
G1 X133.6348 Y133.6348 Z9.3050 E0.14436 F600
G1 X133.3291 Y135.3915 Z9.3586 E0.16020 F600
G1 X133.0116 Y136.9291 Z9.5050 E0.14160 F600
G1 X132.7308 Y137.8965 Z9.7050 E0.09223 F600
G1 X132.5754 Y138.1713 Z9.9050 E0.03356 F600
G1 X132.5711 Y137.8675 Z10.0514 E0.03029 F600
G1 X132.6658 Y137.2645 Z10.1050 E0.05502 F600
G1 X132.7887 Y136.7205 Z10.0514 E0.05032 F600
G1 X132.8837 Y136.5673 Z9.9050 E0.02086 F600
G1 X132.8982 Y137.0325 Z9.7050 E0.04549 F600
G1 X132.7611 Y138.2019 Z9.5050 E0.10725 F600
G1 X132.3694 Y139.9653 Z9.3586 E0.16275 F600
G1 X131.6250 Y141.9652 Z9.3050 E0.19170 F600
G1 X130.5666 Y143.7075 Z9.3586 E0.18313 F600
G1 X129.4509 Y144.8507 Z9.5050 E0.14405 F600
G1 X128.6209 Y145.3747 Z9.7050 E0.08996 F600
G1 X128.2873 Y145.4517 Z9.9050 E0.03561 F600
G1 X128.4310 Y145.2499 Z10.0514 E0.02584 F600
G1 X128.8494 Y144.8999 Z10.1050 E0.04922 F600
G1 X129.2731 Y144.5762 Z10.0514 E0.04812 F600
G1 X129.4674 Y144.5096 Z9.9050 E0.02265 F600
G1 X129.2578 Y144.8670 Z9.7050 E0.04132 F600
G1 X128.5101 Y145.5986 Z9.5050 E0.09564 F600
G1 X127.1658 Y146.3880 Z9.3586 E0.14061 F600
G1 X125.3543 Y146.8126 Z9.3050 E0.16716 F600
G1 X123.4335 Y146.6643 Z9.3586 E0.17307 F600
G1 X121.8297 Y146.1192 Z9.5050 E0.15269 F600
G1 X120.8204 Y145.5542 Z9.7050 E0.10541 F600
G1 X120.4672 Y145.2517 Z9.9050 E0.04546 F600
G1 X120.6642 Y145.2717 Z10.0514 E0.02211 F600
G1 X121.1860 Y145.4978 Z10.1050 E0.05130 F600
G1 X121.7235 Y145.7598 Z10.0514 E0.05391 F600
G1 X121.9509 Y145.9320 Z9.9050 E0.02879 F600
G1 X121.6207 Y145.9199 Z9.7050 E0.03468 F600
G1 X120.6486 Y145.5827 Z9.5050 E0.09413 F600
G1 X119.1678 Y144.7687 Z9.3586 E0.15231 F600
G1 X117.5000 Y143.5000 Z9.3050 E0.18825 F600
G1 X115.9974 Y142.0674 Z9.3586 E0.18650 F600
G1 X114.8826 Y140.8451 Z9.5050 E0.14915 F600
G1 X114.2308 Y140.0472 Z9.7050 E0.09425 F600
G1 X114.0245 Y139.7013 Z9.9050 E0.04038 F600
G1 X114.1753 Y139.7463 Z10.0514 E0.01930 F600
G1 X114.5291 Y140.0659 Z10.1050 E0.04309 F600
G1 X114.8832 Y140.4671 Z10.0514 E0.04829 F600
G1 X115.0186 Y140.7078 Z9.9050 E0.02807 F600
G1 X114.7673 Y140.5888 Z9.7050 E0.03076 F600
G1 X114.0887 Y140.0486 Z9.5050 E0.07993 F600
G1 X113.0798 Y139.2262 Z9.3586 E0.11763 F600
G1 X111.8957 Y138.4155 Z9.3050 E0.12895 F600
G1 X110.6872 Y137.8613 Z9.3586 E0.11949 F600
G1 X109.6301 Y137.5845 Z9.5050 E0.09900 F600
G1 X108.9285 Y137.4507 Z9.7050 E0.06661 F600
G1 X108.7063 Y137.3469 Z9.9050 E0.02842 F600
G1 X108.9102 Y137.2553 Z10.0514 E0.02400 F600
G1 X109.3326 Y137.2179 Z10.1050 E0.03838 F600
G1 X109.7149 Y137.2637 Z10.0514 E0.03491 F600
G1 X109.8350 Y137.3612 Z9.9050 E0.01913 F600
G1 X109.5372 Y137.4590 Z9.7050 E0.03340 F600
G1 X108.7304 Y137.5700 Z9.5050 E0.07530 F600
G1 X107.3942 Y137.7692 Z9.3586 E0.12204 F600
G1 X105.6250 Y138.0681 Z9.3050 E0.16120 F600
G1 X103.7057 Y138.3409 Z9.3586 E0.17416 F600
G1 X102.0538 Y138.4529 Z9.5050 E0.14926 F600
G1 X101.0148 Y138.4113 Z9.7050 E0.09509 F600
G1 X100.7027 Y138.3193 Z9.9050 E0.03430 F600
G1 X100.9987 Y138.2450 Z10.0514 E0.03040 F600
G1 X101.6190 Y138.1965 Z10.1050 E0.05608 F600
G1 X102.1953 Y138.1831 Z10.0514 E0.05199 F600
G1 X102.3770 Y138.2366 Z9.9050 E0.02150 F600
G1 X101.9170 Y138.3681 Z9.7050 E0.04656 F600
G1 X100.7238 Y138.5130 Z9.5050 E0.10942 F600
G1 X98.9172 Y138.5040 Z9.3586 E0.16277 F600
G1 X96.8652 Y138.1348 Z9.3050 E0.18730 F600
G1 X95.0627 Y137.3508 Z9.3586 E0.17658 F600
G1 X93.8526 Y136.3794 Z9.5050 E0.13997 F600
G1 X93.2698 Y135.5936 Z9.7050 E0.08968 F600
G1 X93.1603 Y135.2507 Z9.9050 E0.03698 F600
G1 X93.3608 Y135.3621 Z10.0514 E0.02443 F600
G1 X93.7299 Y135.7394 Z10.1050 E0.04765 F600
G1 X94.0790 Y136.1299 Z10.0514 E0.04728 F600
G1 X94.1658 Y136.3264 Z9.9050 E0.02334 F600
G1 X93.8121 Y136.1741 Z9.7050 E0.03897 F600
G1 X93.0526 Y135.5223 Z9.5050 E0.09165 F600
G1 X92.1834 Y134.2567 Z9.3586 E0.13850 F600
G1 X91.6083 Y132.4486 Z9.3050 E0.17046 F600
G1 X91.5409 Y130.4427 Z9.3586 E0.18030 F600
G1 X91.8528 Y128.7065 Z9.5050 E0.15896 F600
G1 X92.2397 Y127.5779 Z9.7050 E0.10864 F600
G1 X92.4706 Y127.1595 Z9.9050 E0.04652 F600
G1 X92.4842 Y127.3540 Z10.0514 E0.02190 F600
G1 X92.3501 Y127.9174 Z10.1050 E0.05223 F600
G1 X92.1787 Y128.5100 Z10.0514 E0.05560 F600
G1 X92.0467 Y128.7778 Z9.9050 E0.02987 F600
G1 X92.0125 Y128.4503 Z9.7050 E0.03460 F600
G1 X92.1845 Y127.4196 Z9.5050 E0.09555 F600
G1 X92.6892 Y125.8016 Z9.3586 E0.15277 F600
G1 X93.5109 Y123.9279 Z9.3050 E0.18380 F600
G1 X94.4241 Y122.1948 Z9.3586 E0.17598 F600
G1 X95.1694 Y120.8783 Z9.5050 E0.13649 F600
G1 X95.6442 Y120.0868 Z9.7050 E0.08481 F600
G1 X95.8750 Y119.8121 Z9.9050 E0.03689 F600
G1 X95.9015 Y119.9608 Z10.0514 E0.01889 F600
G1 X95.7577 Y120.3624 Z10.1050 E0.03861 F600
G1 X95.5283 Y120.7837 Z10.0514 E0.04335 F600
G1 X95.3551 Y120.9667 Z9.9050 E0.02616 F600
G1 X95.3647 Y120.7095 Z9.7050 E0.02927 F600
G1 X95.5792 Y119.9577 Z9.5050 E0.07246 F600
G1 X95.8656 Y118.8232 Z9.3586 E0.10590 F600
G1 X96.0000 Y117.5000 Z9.3050 E0.11954 F600
G1 X95.8656 Y116.1768 Z9.3586 E0.11954 F600
G1 X95.5792 Y115.0423 Z9.5050 E0.10590 F600
G1 X95.3647 Y114.2905 Z9.7050 E0.07246 F600
G1 X95.3551 Y114.0333 Z9.9050 E0.02927 F600
G1 X95.5283 Y114.2163 Z10.0514 E0.02616 F600
G1 X95.7577 Y114.6376 Z10.1050 E0.04335 F600
G1 X95.9015 Y115.0392 Z10.0514 E0.03861 F600
G1 X95.8750 Y115.1879 Z9.9050 E0.01889 F600
G1 X95.6442 Y114.9132 Z9.7050 E0.03689 F600
G1 X95.1694 Y114.1217 Z9.5050 E0.08481 F600
G1 X94.4241 Y112.8052 Z9.3586 E0.13649 F600
G1 X93.5109 Y111.0721 Z9.3050 E0.17598 F600
G1 X92.6892 Y109.1984 Z9.3586 E0.18380 F600
G1 X92.1845 Y107.5804 Z9.5050 E0.15277 F600
G1 X92.0125 Y106.5497 Z9.7050 E0.09555 F600
G1 X92.0467 Y106.2222 Z9.9050 E0.03460 F600
G1 X92.1787 Y106.4900 Z10.0514 E0.02987 F600
G1 X92.3501 Y107.0826 Z10.1050 E0.05560 F600
G1 X92.4842 Y107.6460 Z10.0514 E0.05223 F600
G1 X92.4706 Y107.8405 Z9.9050 E0.02190 F600
G1 X92.2397 Y107.4221 Z9.7050 E0.04652 F600
G1 X91.8528 Y106.2935 Z9.5050 E0.10864 F600
G1 X91.5409 Y104.5573 Z9.3586 E0.15896 F600
G1 X91.6083 Y102.5514 Z9.3050 E0.18030 F600
G1 X92.1834 Y100.7433 Z9.3586 E0.17046 F600
G1 X93.0526 Y99.4777 Z9.5050 E0.13850 F600
G1 X93.8121 Y98.8259 Z9.7050 E0.09165 F600
G1 X94.1658 Y98.6736 Z9.9050 E0.03897 F600
G1 X94.0790 Y98.8701 Z10.0514 E0.02334 F600
G1 X93.7299 Y99.2606 Z10.1050 E0.04728 F600
G1 X93.3608 Y99.6379 Z10.0514 E0.04765 F600
G1 X93.1603 Y99.7493 Z9.9050 E0.02443 F600
G1 X93.2698 Y99.4064 Z9.7050 E0.03698 F600
G1 X93.8526 Y98.6206 Z9.5050 E0.08968 F600
G1 X95.0627 Y97.6492 Z9.3586 E0.13997 F600
G1 X96.8652 Y96.8652 Z9.3050 E0.17658 F600
G1 X98.9172 Y96.4960 Z9.3586 E0.18730 F600
G1 X100.7238 Y96.4870 Z9.5050 E0.16277 F600
G1 X101.9170 Y96.6319 Z9.7050 E0.10942 F600
G1 X102.3770 Y96.7634 Z9.9050 E0.04656 F600
G1 X102.1953 Y96.8169 Z10.0514 E0.02150 F600
G1 X101.6190 Y96.8035 Z10.1050 E0.05199 F600
G1 X100.9987 Y96.7550 Z10.0514 E0.05608 F600
G1 X100.7027 Y96.6807 Z9.9050 E0.03040 F600
G1 X101.0148 Y96.5887 Z9.7050 E0.03430 F600
G1 X102.0538 Y96.5471 Z9.5050 E0.09509 F600
G1 X103.7057 Y96.6591 Z9.3586 E0.14926 F600
G1 X105.6250 Y96.9319 Z9.3050 E0.17416 F600
G1 X107.3942 Y97.2308 Z9.3586 E0.16120 F600
G1 X108.7304 Y97.4300 Z9.5050 E0.12204 F600
G1 X109.5372 Y97.5410 Z9.7050 E0.07530 F600
G1 X109.8350 Y97.6388 Z9.9050 E0.03340 F600
G1 X109.7149 Y97.7363 Z10.0514 E0.01913 F600
G1 X109.3326 Y97.7821 Z10.1050 E0.03491 F600
G1 X108.9102 Y97.7447 Z10.0514 E0.03838 F600
G1 X108.7063 Y97.6531 Z9.9050 E0.02400 F600
G1 X108.9285 Y97.5493 Z9.7050 E0.02842 F600
G1 X109.6301 Y97.4155 Z9.5050 E0.06661 F600
G1 X110.6872 Y97.1387 Z9.3586 E0.09900 F600
G1 X111.8957 Y96.5845 Z9.3050 E0.11949 F600
G1 X113.0798 Y95.7738 Z9.3586 E0.12895 F600
G1 X114.0887 Y94.9514 Z9.5050 E0.11763 F600
G1 X114.7673 Y94.4112 Z9.7050 E0.07993 F600
G1 X115.0186 Y94.2922 Z9.9050 E0.03076 F600
G1 X114.8832 Y94.5329 Z10.0514 E0.02807 F600
G1 X114.5291 Y94.9341 Z10.1050 E0.04829 F600
G1 X114.1753 Y95.2537 Z10.0514 E0.04309 F600
G1 X114.0245 Y95.2987 Z9.9050 E0.01930 F600
G1 X114.2308 Y94.9528 Z9.7050 E0.04038 F600
G1 X114.8826 Y94.1549 Z9.5050 E0.09425 F600
G1 X115.9974 Y92.9326 Z9.3586 E0.14915 F600
G1 X117.5000 Y91.5000 Z9.3050 E0.18650 F600
G1 X119.1678 Y90.2313 Z9.3586 E0.18825 F600
G1 X120.6486 Y89.4173 Z9.5050 E0.15231 F600
G1 X121.6207 Y89.0801 Z9.7050 E0.09413 F600
G1 X121.9509 Y89.0680 Z9.9050 E0.03468 F600
G1 X121.7235 Y89.2402 Z10.0514 E0.02879 F600
G1 X121.1860 Y89.5022 Z10.1050 E0.05391 F600
G1 X120.6642 Y89.7283 Z10.0514 E0.05130 F600
G1 X120.4672 Y89.7483 Z9.9050 E0.02211 F600
G1 X120.8204 Y89.4458 Z9.7050 E0.04546 F600
G1 X121.8297 Y88.8808 Z9.5050 E0.10541 F600
G1 X123.4335 Y88.3357 Z9.3586 E0.15269 F600
G1 X125.3543 Y88.1874 Z9.3050 E0.17307 F600
G1 X127.1658 Y88.6120 Z9.3586 E0.16716 F600
G1 X128.5101 Y89.4014 Z9.5050 E0.14061 F600
G1 X129.2578 Y90.1330 Z9.7050 E0.09564 F600
G1 X129.4674 Y90.4904 Z9.9050 E0.04132 F600
G1 X129.2731 Y90.4238 Z10.0514 E0.02265 F600
G1 X128.8494 Y90.1001 Z10.1050 E0.04812 F600
G1 X128.4310 Y89.7501 Z10.0514 E0.04922 F600
G1 X128.2873 Y89.5483 Z9.9050 E0.02584 F600
G1 X128.6209 Y89.6253 Z9.7050 E0.03561 F600
G1 X129.4509 Y90.1493 Z9.5050 E0.08996 F600
G1 X130.5666 Y91.2925 Z9.3586 E0.14405 F600
G1 X131.6250 Y93.0348 Z9.3050 E0.18313 F600
G1 X132.3694 Y95.0347 Z9.3586 E0.19170 F600
G1 X132.7611 Y96.7981 Z9.5050 E0.16275 F600
G1 X132.8982 Y97.9675 Z9.7050 E0.10725 F600
G1 X132.8837 Y98.4327 Z9.9050 E0.04549 F600
G1 X132.7887 Y98.2795 Z10.0514 E0.02086 F600
G1 X132.6658 Y97.7355 Z10.1050 E0.05032 F600
G1 X132.5711 Y97.1325 Z10.0514 E0.05502 F600
G1 X132.5754 Y96.8287 Z9.9050 E0.03029 F600
G1 X132.7308 Y97.1035 Z9.7050 E0.03356 F600
G1 X133.0116 Y98.0709 Z9.5050 E0.09223 F600
G1 X133.3291 Y99.6085 Z9.3586 E0.14160 F600
G1 X133.6348 Y101.3652 Z9.3050 E0.16020 F600
G1 X133.9583 Y102.9390 Z9.3586 E0.14436 F600
G1 X134.2947 Y104.0916 Z9.5050 E0.10863 F600
G1 X134.5344 Y104.7798 Z9.7050 E0.06787 F600
G1 X134.5683 Y105.0523 Z9.9050 E0.03050 F600
G1 X134.4114 Y104.9863 Z10.0514 E0.02017 F600
G1 X134.1910 Y104.6926 Z10.1050 E0.03332 F600
G1 X134.0445 Y104.3399 Z10.0514 E0.03463 F600
G1 X134.0524 Y104.1453 Z9.9050 E0.02188 F600
G1 X134.2559 Y104.2907 Z9.7050 E0.02876 F600
G1 X134.7074 Y104.8149 Z9.5050 E0.06468 F600
G1 X135.4896 Y105.5930 Z9.3586 E0.09994 F600
G1 X136.6417 Y106.4486 Z9.3050 E0.12896 F600
G1 X138.0176 Y107.2703 Z9.3586 E0.14400 F600
G1 X139.2736 Y107.9861 Z9.5050 E0.13048 F600
G1 X140.0733 Y108.4941 Z9.7050 E0.08697 F600
G1 X140.2835 Y108.7072 Z9.9050 E0.03233 F600
G1 X139.9978 Y108.6379 Z10.0514 E0.02950 F600
G1 X139.4679 Y108.4006 Z10.1050 E0.05236 F600
G1 X139.0102 Y108.1471 Z10.0514 E0.04723 F600
G1 X138.9032 Y108.0167 Z9.9050 E0.02006 F600
G1 X139.3302 Y108.1210 Z9.7050 E0.04336 F600
G1 X140.3676 Y108.5396 Z9.5050 E0.10205 F600
G1 X141.9385 Y109.3230 Z9.3586 E0.15819 F600
G1 X143.7391 Y110.4693 Z9.3050 E0.19174 F600
G1 X145.3145 Y111.8411 Z9.3586 E0.18766 F600
G1 X146.3372 Y113.1373 Z9.5050 E0.14885 F600
G1 X146.7872 Y114.0336 Z9.7050 E0.09184 F600
G1 X146.8346 Y114.3635 Z9.9050 E0.03491 F600
G1 X146.6402 Y114.1799 Z10.0514 E0.02738 F600
G1 X146.3214 Y113.7056 Z10.1050 E0.05155 F600
G1 X146.0343 Y113.2355 Z10.0514 E0.04970 F600
G1 X145.9885 Y113.0403 Z9.9050 E0.02230 F600
G1 X146.3318 Y113.3196 Z9.7050 E0.04361 F600
G1 X147.0069 Y114.1918 Z9.5050 E0.10066 F600
G1 X147.7018 Y115.6528 Z9.3586 E0.14588 F600
G1 X148.0000 Y117.5000 Z9.3050 E0.16810 F600
G1 X147.7018 Y119.3472 Z9.3586 E0.16810 F600
G1 X147.0069 Y120.8082 Z9.5050 E0.14588 F600
G1 X146.3318 Y121.6804 Z9.7050 E0.10066 F600
G1 X145.9885 Y121.9597 Z9.9050 E0.04361 F600
G1 X146.0343 Y121.7645 Z10.0514 E0.02230 F600
G1 X146.3214 Y121.2944 Z10.1050 E0.04970 F600
; row 18/57
G1 X147.5118 Y116.9761 Z10.5514 E0.40425 F600
G1 X147.5826 Y116.7663 Z10.4050 E0.02384 F600
G1 X147.7378 Y117.1042 Z10.2050 E0.03791 F600
G1 X147.8486 Y118.0843 Z10.0050 E0.09038 F600
G1 X147.6216 Y119.6063 Z9.8586 E0.13882 F600
G1 X146.8171 Y121.3597 Z9.8050 E0.17330 F600
G1 X145.5231 Y122.9471 Z9.8586 E0.18398 F600
G1 X144.1484 Y124.0934 Z10.0050 E0.16127 F600
G1 X143.1282 Y124.7279 Z10.2050 E0.10938 F600
G1 X142.6847 Y124.9109 Z10.4050 E0.04668 F600
G1 X142.7955 Y124.7534 Z10.5514 E0.02173 F600
G1 X143.2561 Y124.4013 Z10.6050 E0.05228 F600
G1 X143.7684 Y124.0495 Z10.5514 E0.05602 F600
G1 X144.0436 Y123.9230 Z10.4050 E0.03021 F600
G1 X143.8597 Y124.1945 Z10.2050 E0.03450 F600
G1 X143.0723 Y124.8825 Z10.0050 E0.09560 F600
G1 X141.6810 Y125.8262 Z9.8586 E0.15155 F600
G1 X139.9299 Y126.7908 Z9.8050 E0.17960 F600
G1 X138.2387 Y127.6150 Z9.8586 E0.16901 F600
G1 X136.9465 Y128.2338 Z10.0050 E0.12934 F600
G1 X136.1612 Y128.6023 Z10.2050 E0.07994 F600
G1 X135.8375 Y128.6920 Z10.4050 E0.03511 F600
G1 X135.8906 Y128.5502 Z10.5514 E0.01892 F600
G1 X136.2086 Y128.3014 Z10.6050 E0.03658 F600
G1 X136.6081 Y128.0918 Z10.5514 E0.04080 F600
G1 X136.8418 Y128.0468 Z10.4050 E0.02510 F600
G1 X136.7022 Y128.2538 Z10.2050 E0.02873 F600
G1 X136.1487 Y128.7509 Z10.0050 E0.06919 F600
G1 X135.3532 Y129.5421 Z9.8586 E0.10161 F600
G1 X134.5876 Y130.6118 Z9.8050 E0.11822 F600
G1 X134.0192 Y131.8599 Z9.8586 E0.12325 F600
G1 X133.6425 Y133.0328 Z10.0050 E0.11140 F600
G1 X133.3977 Y133.8195 Z10.2050 E0.07614 F600
G1 X133.2611 Y134.0492 Z10.4050 E0.02997 F600
G1 X133.2277 Y133.7865 Z10.5514 E0.02717 F600
G1 X133.2812 Y133.2812 Z10.6050 E0.04588 F600
G1 X133.3876 Y132.8424 Z10.5514 E0.04083 F600
G1 X133.4887 Y132.7274 Z10.4050 E0.01903 F600
G1 X133.5213 Y133.1073 Z10.2050 E0.03867 F600
G1 X133.4568 Y134.0832 Z10.0050 E0.08965 F600
G1 X133.2879 Y135.6619 Z9.8586 E0.14318 F600
G1 X132.9702 Y137.6612 Z9.8050 E0.18186 F600
G1 X132.4572 Y139.6750 Z9.8586 E0.18668 F600
G1 X131.8299 Y141.2522 Z10.0050 E0.15299 F600
G1 X131.3036 Y142.1481 Z10.2050 E0.09502 F600
G1 X131.0637 Y142.3746 Z10.4050 E0.03465 F600
G1 X131.1302 Y142.0896 Z10.5514 E0.02939 F600
G1 X131.3750 Y141.5322 Z10.6050 E0.05488 F600
G1 X131.6302 Y141.0166 Z10.5514 E0.05189 F600
G1 X131.7663 Y140.8746 Z10.4050 E0.02202 F600
G1 X131.6834 Y141.3402 Z10.2050 E0.04611 F600
G1 X131.2670 Y142.4419 Z10.0050 E0.10728 F600
G1 X130.3941 Y143.9369 Z9.8586 E0.15602 F600
G1 X129.0408 Y145.3619 Z9.8050 E0.17655 F600
G1 X127.4133 Y146.2905 Z9.8586 E0.16833 F600
G1 X125.9078 Y146.6241 Z10.0050 E0.13910 F600
G1 X124.8874 Y146.5878 Z10.2050 E0.09344 F600
G1 X124.5082 Y146.4619 Z10.4050 E0.04012 F600
G1 X124.7001 Y146.3780 Z10.5514 E0.02295 F600
G1 X125.2249 Y146.3297 Z10.6050 E0.04757 F600
G1 X125.7595 Y146.3043 Z10.5514 E0.04830 F600
G1 X125.9917 Y146.3576 Z10.4050 E0.02511 F600
G1 X125.6876 Y146.5311 Z10.2050 E0.03621 F600
G1 X124.7269 Y146.7089 Z10.0050 E0.08956 F600
G1 X123.1580 Y146.6079 Z9.8586 E0.14179 F600
G1 X121.2512 Y145.9936 Z9.8050 E0.17996 F600
G1 X119.4187 Y144.9386 Z9.8586 E0.18995 F600
G1 X118.0064 Y143.8026 Z10.0050 E0.16330 F600
G1 X117.1668 Y142.9535 Z10.2050 E0.10872 F600
G1 X116.8886 Y142.5703 Z10.4050 E0.04617 F600
G1 X117.0612 Y142.6375 Z10.5514 E0.02121 F600
G1 X117.5000 Y143.0000 Z10.6050 E0.05134 F600
G1 X117.9525 Y143.4217 Z10.5514 E0.05575 F600
G1 X118.1381 Y143.6645 Z10.4050 E0.03043 F600
G1 X117.8409 Y143.5421 Z10.2050 E0.03400 F600
G1 X117.0103 Y142.9379 Z10.0050 E0.09397 F600
G1 X115.7960 Y141.8679 Z9.8586 E0.14593 F600
G1 X114.4639 Y140.5616 Z9.8050 E0.16762 F600
G1 X113.2487 Y139.3710 Z9.8586 E0.15285 F600
G1 X112.2976 Y138.5263 Z10.0050 E0.11498 F600
G1 X111.7084 Y138.0354 Z10.2050 E0.07118 F600
G1 X111.5242 Y137.8080 Z10.4050 E0.03184 F600
G1 X111.6835 Y137.7844 Z10.5514 E0.01955 F600
G1 X112.0251 Y137.9326 Z10.6050 E0.03378 F600
G1 X112.3459 Y138.1720 Z10.5514 E0.03627 F600
G1 X112.4546 Y138.3505 Z10.4050 E0.02291 F600
G1 X112.2105 Y138.3276 Z10.2050 E0.02842 F600
G1 X111.5543 Y138.0955 Z10.0050 E0.06503 F600
G1 X110.5056 Y137.8132 Z9.8586 E0.09841 F600
G1 X109.1412 Y137.6799 Z9.8050 E0.12320 F600
G1 X107.6282 Y137.7402 Z9.8586 E0.13607 F600
G1 X106.2594 Y137.8647 Z10.0050 E0.12412 F600
G1 X105.3518 Y137.9192 Z10.2050 E0.08360 F600
G1 X105.0668 Y137.8712 Z10.4050 E0.03157 F600
G1 X105.3288 Y137.7563 Z10.5514 E0.02886 F600
G1 X105.8750 Y137.6351 Z10.6050 E0.05048 F600
G1 X106.3725 Y137.5746 Z10.5514 E0.04526 F600
G1 X106.5285 Y137.6208 Z10.4050 E0.01966 F600
G1 X106.1396 Y137.7855 Z10.2050 E0.04196 F600
G1 X105.0970 Y138.0583 Z10.0050 E0.09843 F600
G1 X103.4167 Y138.3794 Z9.8586 E0.15419 F600
G1 X101.3146 Y138.5932 Z9.8050 E0.18980 F600
G1 X99.2168 Y138.5325 Z9.8586 E0.18853 F600
G1 X97.5751 Y138.2071 Z10.0050 E0.15086 F600
G1 X96.6318 Y137.8289 Z10.2050 E0.09302 F600
G1 X96.3767 Y137.6175 Z10.4050 E0.03475 F600
G1 X96.6530 Y137.6317 Z10.5514 E0.02811 F600
G1 X97.2188 Y137.7812 Z10.6050 E0.05277 F600
G1 X97.7536 Y137.9480 Z10.5514 E0.05054 F600
G1 X97.9163 Y138.0629 Z10.4050 E0.02220 F600
G1 X97.4615 Y138.0701 Z10.2050 E0.04462 F600
G1 X96.3522 Y137.8489 Z10.0050 E0.10315 F600
G1 X94.8248 Y137.2112 Z9.8586 E0.14922 F600
G1 X93.3333 Y136.0438 Z9.8050 E0.17016 F600
G1 X92.2988 Y134.4984 Z9.8586 E0.16707 F600
G1 X91.8382 Y132.9819 Z10.0050 E0.14293 F600
G1 X91.7687 Y131.9102 Z10.2050 E0.09810 F600
G1 X91.8464 Y131.4884 Z10.4050 E0.04250 F600
G1 X91.9439 Y131.6660 Z10.5514 E0.02244 F600
G1 X92.0414 Y132.1986 Z10.6050 E0.04886 F600
G1 X92.1177 Y132.7512 Z10.5514 E0.05033 F600
G1 X92.0917 Y133.0075 Z10.4050 E0.02661 F600
G1 X91.9018 Y132.7293 Z10.2050 E0.03518 F600
G1 X91.6399 Y131.7738 Z10.0050 E0.09077 F600
G1 X91.5617 Y130.1510 Z9.8586 E0.14650 F600
G1 X91.8881 Y128.1088 Z9.8050 E0.18579 F600
G1 X92.5774 Y126.0816 Z9.8586 E0.19234 F600
G1 X93.3527 Y124.4711 Z10.0050 E0.16105 F600
G1 X93.9443 Y123.4824 Z10.2050 E0.10501 F600
G1 X94.2312 Y123.1305 Z10.4050 E0.04455 F600
G1 X94.2183 Y123.3048 Z10.5514 E0.02047 F600
G1 X93.9939 Y123.7984 Z10.6050 E0.04894 F600
G1 X93.7068 Y124.3226 Z10.5514 E0.05388 F600
G1 X93.5191 Y124.5567 Z10.4050 E0.02998 F600
G1 X93.5617 Y124.2513 Z10.2050 E0.03300 F600
G1 X93.9132 Y123.3359 Z10.0050 E0.08987 F600
G1 X94.5442 Y121.9621 Z9.8586 E0.13639 F600
G1 X95.2620 Y120.4277 Z9.8050 E0.15220 F600
G1 X95.8151 Y119.0164 Z9.8586 E0.13621 F600
G1 X96.1081 Y117.9118 Z10.0050 E0.10346 F600
G1 X96.2422 Y117.2217 Z10.2050 E0.06564 F600
G1 X96.3479 Y116.9841 Z10.4050 E0.02946 F600
G1 X96.4526 Y117.1326 Z10.5514 E0.02095 F600
G1 X96.5000 Y117.5000 Z10.6050 E0.03361 F600
G1 X96.4526 Y117.8674 Z10.5514 E0.03361 F600
G1 X96.3479 Y118.0159 Z10.4050 E0.02095 F600
G1 X96.2422 Y117.7783 Z10.2050 E0.02946 F600
G1 X96.1081 Y117.0882 Z10.0050 E0.06564 F600
G1 X95.8151 Y115.9836 Z9.8586 E0.10346 F600
G1 X95.2620 Y114.5723 Z9.8050 E0.13621 F600
G1 X94.5442 Y113.0379 Z9.8586 E0.15220 F600
G1 X93.9132 Y111.6641 Z10.0050 E0.13639 F600
G1 X93.5617 Y110.7487 Z10.2050 E0.08987 F600
G1 X93.5191 Y110.4433 Z10.4050 E0.03300 F600
G1 X93.7068 Y110.6774 Z10.5514 E0.02998 F600
G1 X93.9939 Y111.2016 Z10.6050 E0.05388 F600
G1 X94.2183 Y111.6952 Z10.5514 E0.04894 F600
G1 X94.2312 Y111.8695 Z10.4050 E0.02047 F600
G1 X93.9443 Y111.5176 Z10.2050 E0.04455 F600
G1 X93.3527 Y110.5289 Z10.0050 E0.10501 F600
G1 X92.5774 Y108.9184 Z9.8586 E0.16105 F600
G1 X91.8881 Y106.8912 Z9.8050 E0.19234 F600
G1 X91.5617 Y104.8490 Z9.8586 E0.18579 F600
G1 X91.6399 Y103.2262 Z10.0050 E0.14650 F600
G1 X91.9018 Y102.2707 Z10.2050 E0.09077 F600
G1 X92.0917 Y101.9925 Z10.4050 E0.03518 F600
G1 X92.1177 Y102.2488 Z10.5514 E0.02661 F600
G1 X92.0414 Y102.8014 Z10.6050 E0.05033 F600
G1 X91.9439 Y103.3340 Z10.5514 E0.04886 F600
G1 X91.8464 Y103.5116 Z10.4050 E0.02244 F600
G1 X91.7687 Y103.0898 Z10.2050 E0.04250 F600
G1 X91.8382 Y102.0181 Z10.0050 E0.09810 F600
G1 X92.2988 Y100.5016 Z9.8586 E0.14293 F600
G1 X93.3333 Y98.9562 Z9.8050 E0.16707 F600
G1 X94.8248 Y97.7888 Z9.8586 E0.17016 F600
G1 X96.3522 Y97.1511 Z10.0050 E0.14922 F600
G1 X97.4615 Y96.9299 Z10.2050 E0.10315 F600
G1 X97.9163 Y96.9371 Z10.4050 E0.04462 F600
G1 X97.7536 Y97.0520 Z10.5514 E0.02220 F600
G1 X97.2188 Y97.2188 Z10.6050 E0.05054 F600
G1 X96.6530 Y97.3683 Z10.5514 E0.05277 F600
G1 X96.3767 Y97.3825 Z10.4050 E0.02811 F600
G1 X96.6318 Y97.1711 Z10.2050 E0.03475 F600
G1 X97.5751 Y96.7929 Z10.0050 E0.09302 F600
G1 X99.2168 Y96.4675 Z9.8586 E0.15086 F600
G1 X101.3146 Y96.4068 Z9.8050 E0.18853 F600
G1 X103.4167 Y96.6206 Z9.8586 E0.18980 F600
G1 X105.0970 Y96.9417 Z10.0050 E0.15419 F600
G1 X106.1396 Y97.2145 Z10.2050 E0.09843 F600
G1 X106.5285 Y97.3792 Z10.4050 E0.04196 F600
G1 X106.3725 Y97.4254 Z10.5514 E0.01966 F600
G1 X105.8750 Y97.3649 Z10.6050 E0.04526 F600
G1 X105.3288 Y97.2437 Z10.5514 E0.05048 F600
G1 X105.0668 Y97.1288 Z10.4050 E0.02886 F600
G1 X105.3518 Y97.0808 Z10.2050 E0.03157 F600
G1 X106.2594 Y97.1353 Z10.0050 E0.08360 F600
G1 X107.6282 Y97.2598 Z9.8586 E0.12412 F600
G1 X109.1412 Y97.3201 Z9.8050 E0.13607 F600
G1 X110.5056 Y97.1868 Z9.8586 E0.12320 F600
G1 X111.5543 Y96.9045 Z10.0050 E0.09841 F600
G1 X112.2105 Y96.6724 Z10.2050 E0.06503 F600
G1 X112.4546 Y96.6495 Z10.4050 E0.02842 F600
G1 X112.3459 Y96.8280 Z10.5514 E0.02291 F600
G1 X112.0251 Y97.0674 Z10.6050 E0.03627 F600
G1 X111.6835 Y97.2156 Z10.5514 E0.03378 F600
G1 X111.5242 Y97.1920 Z10.4050 E0.01955 F600
G1 X111.7084 Y96.9646 Z10.2050 E0.03184 F600
G1 X112.2976 Y96.4737 Z10.0050 E0.07118 F600
G1 X113.2487 Y95.6290 Z9.8586 E0.11498 F600
G1 X114.4639 Y94.4384 Z9.8050 E0.15285 F600
G1 X115.7960 Y93.1321 Z9.8586 E0.16762 F600
G1 X117.0103 Y92.0621 Z10.0050 E0.14593 F600
G1 X117.8409 Y91.4579 Z10.2050 E0.09397 F600
G1 X118.1381 Y91.3355 Z10.4050 E0.03400 F600
G1 X117.9525 Y91.5783 Z10.5514 E0.03043 F600
G1 X117.5000 Y92.0000 Z10.6050 E0.05575 F600
G1 X117.0612 Y92.3625 Z10.5514 E0.05134 F600
G1 X116.8886 Y92.4297 Z10.4050 E0.02121 F600
G1 X117.1668 Y92.0465 Z10.2050 E0.04617 F600
G1 X118.0064 Y91.1974 Z10.0050 E0.10872 F600
G1 X119.4187 Y90.0614 Z9.8586 E0.16330 F600
G1 X121.2512 Y89.0064 Z9.8050 E0.18995 F600
G1 X123.1580 Y88.3921 Z9.8586 E0.17996 F600
G1 X124.7269 Y88.2911 Z10.0050 E0.14179 F600
G1 X125.6876 Y88.4689 Z10.2050 E0.08956 F600
G1 X125.9917 Y88.6424 Z10.4050 E0.03621 F600
G1 X125.7595 Y88.6957 Z10.5514 E0.02511 F600
G1 X125.2249 Y88.6703 Z10.6050 E0.04830 F600
G1 X124.7001 Y88.6220 Z10.5514 E0.04757 F600
G1 X124.5082 Y88.5381 Z10.4050 E0.02295 F600
G1 X124.8874 Y88.4122 Z10.2050 E0.04012 F600
G1 X125.9078 Y88.3759 Z10.0050 E0.09344 F600
G1 X127.4133 Y88.7095 Z9.8586 E0.13910 F600
G1 X129.0408 Y89.6381 Z9.8050 E0.16833 F600
G1 X130.3941 Y91.0631 Z9.8586 E0.17655 F600
G1 X131.2670 Y92.5581 Z10.0050 E0.15602 F600
G1 X131.6834 Y93.6598 Z10.2050 E0.10728 F600
G1 X131.7663 Y94.1254 Z10.4050 E0.04611 F600
G1 X131.6302 Y93.9834 Z10.5514 E0.02202 F600
G1 X131.3750 Y93.4678 Z10.6050 E0.05189 F600
G1 X131.1302 Y92.9104 Z10.5514 E0.05488 F600
G1 X131.0637 Y92.6254 Z10.4050 E0.02939 F600
G1 X131.3036 Y92.8519 Z10.2050 E0.03465 F600
G1 X131.8299 Y93.7478 Z10.0050 E0.09502 F600
G1 X132.4572 Y95.3250 Z9.8586 E0.15299 F600
G1 X132.9702 Y97.3388 Z9.8050 E0.18668 F600
G1 X133.2879 Y99.3381 Z9.8586 E0.18186 F600
G1 X133.4568 Y100.9168 Z10.0050 E0.14318 F600
G1 X133.5213 Y101.8927 Z10.2050 E0.08965 F600
G1 X133.4887 Y102.2726 Z10.4050 E0.03867 F600
G1 X133.3876 Y102.1576 Z10.5514 E0.01903 F600
G1 X133.2812 Y101.7188 Z10.6050 E0.04083 F600
G1 X133.2277 Y101.2135 Z10.5514 E0.04588 F600
G1 X133.2611 Y100.9508 Z10.4050 E0.02717 F600
G1 X133.3977 Y101.1805 Z10.2050 E0.02997 F600
G1 X133.6425 Y101.9672 Z10.0050 E0.07614 F600
G1 X134.0192 Y103.1401 Z9.8586 E0.11140 F600
G1 X134.5876 Y104.3882 Z9.8050 E0.12325 F600
G1 X135.3532 Y105.4579 Z9.8586 E0.11822 F600
G1 X136.1487 Y106.2491 Z10.0050 E0.10161 F600
G1 X136.7022 Y106.7462 Z10.2050 E0.06919 F600
G1 X136.8418 Y106.9532 Z10.4050 E0.02873 F600
G1 X136.6081 Y106.9082 Z10.5514 E0.02510 F600
G1 X136.2086 Y106.6986 Z10.6050 E0.04080 F600
G1 X135.8906 Y106.4498 Z10.5514 E0.03658 F600
G1 X135.8375 Y106.3080 Z10.4050 E0.01892 F600
G1 X136.1612 Y106.3977 Z10.2050 E0.03511 F600
G1 X136.9465 Y106.7662 Z10.0050 E0.07994 F600
G1 X138.2387 Y107.3850 Z9.8586 E0.12934 F600
G1 X139.9299 Y108.2092 Z9.8050 E0.16901 F600
G1 X141.6810 Y109.1738 Z9.8586 E0.17960 F600
G1 X143.0723 Y110.1175 Z10.0050 E0.15155 F600
G1 X143.8597 Y110.8055 Z10.2050 E0.09560 F600
G1 X144.0436 Y111.0770 Z10.4050 E0.03450 F600
G1 X143.7684 Y110.9505 Z10.5514 E0.03021 F600
G1 X143.2561 Y110.5987 Z10.6050 E0.05602 F600
G1 X142.7955 Y110.2466 Z10.5514 E0.05228 F600
G1 X142.6847 Y110.0891 Z10.4050 E0.02173 F600
G1 X143.1282 Y110.2721 Z10.2050 E0.04668 F600
G1 X144.1484 Y110.9066 Z10.0050 E0.10938 F600
G1 X145.5231 Y112.0529 Z9.8586 E0.16127 F600
G1 X146.8171 Y113.6403 Z9.8050 E0.18398 F600
G1 X147.6216 Y115.3937 Z9.8586 E0.17330 F600
G1 X147.8486 Y116.9157 Z10.0050 E0.13882 F600
G1 X147.7378 Y117.8958 Z10.2050 E0.09038 F600
G1 X147.5826 Y118.2337 Z10.4050 E0.03791 F600
G1 X147.5118 Y118.0239 Z10.5514 E0.02384 F600
G1 X147.5000 Y117.5000 Z10.6050 E0.04730 F600
; row 19/57
G1 X146.6402 Y120.8201 Z11.0514 E0.31059 F600
G1 X146.8346 Y120.6365 Z10.9050 E0.02738 F600
G1 X146.7872 Y120.9664 Z10.7050 E0.03491 F600
G1 X146.3372 Y121.8627 Z10.5050 E0.09184 F600
G1 X145.3145 Y123.1589 Z10.3586 E0.14885 F600
G1 X143.7391 Y124.5307 Z10.3050 E0.18766 F600
G1 X141.9385 Y125.6770 Z10.3586 E0.19174 F600
G1 X140.3676 Y126.4604 Z10.5050 E0.15819 F600
G1 X139.3302 Y126.8790 Z10.7050 E0.10205 F600
G1 X138.9032 Y126.9833 Z10.9050 E0.04336 F600
G1 X139.0102 Y126.8529 Z11.0514 E0.02006 F600
G1 X139.4679 Y126.5994 Z11.1050 E0.04723 F600
G1 X139.9978 Y126.3621 Z11.0514 E0.05236 F600
G1 X140.2835 Y126.2928 Z10.9050 E0.02950 F600
G1 X140.0733 Y126.5059 Z10.7050 E0.03233 F600
G1 X139.2736 Y127.0139 Z10.5050 E0.08697 F600
G1 X138.0176 Y127.7297 Z10.3586 E0.13048 F600
G1 X136.6417 Y128.5514 Z10.3050 E0.14400 F600
G1 X135.4896 Y129.4070 Z10.3586 E0.12896 F600
G1 X134.7074 Y130.1851 Z10.5050 E0.09994 F600
G1 X134.2559 Y130.7093 Z10.7050 E0.06468 F600
G1 X134.0524 Y130.8547 Z10.9050 E0.02876 F600
G1 X134.0445 Y130.6601 Z11.0514 E0.02188 F600
G1 X134.1910 Y130.3074 Z11.1050 E0.03463 F600
G1 X134.4114 Y130.0137 Z11.0514 E0.03332 F600
G1 X134.5683 Y129.9477 Z10.9050 E0.02017 F600
G1 X134.5344 Y130.2202 Z10.7050 E0.03050 F600
G1 X134.2947 Y130.9084 Z10.5050 E0.06787 F600
G1 X133.9583 Y132.0610 Z10.3586 E0.10863 F600
G1 X133.6348 Y133.6348 Z10.3050 E0.14436 F600
G1 X133.3291 Y135.3915 Z10.3586 E0.16020 F600
G1 X133.0116 Y136.9291 Z10.5050 E0.14160 F600
G1 X132.7308 Y137.8965 Z10.7050 E0.09223 F600
G1 X132.5754 Y138.1713 Z10.9050 E0.03356 F600
G1 X132.5711 Y137.8675 Z11.0514 E0.03029 F600
G1 X132.6658 Y137.2645 Z11.1050 E0.05502 F600
G1 X132.7887 Y136.7205 Z11.0514 E0.05032 F600
G1 X132.8837 Y136.5673 Z10.9050 E0.02086 F600
G1 X132.8982 Y137.0325 Z10.7050 E0.04549 F600
G1 X132.7611 Y138.2019 Z10.5050 E0.10725 F600
G1 X132.3694 Y139.9653 Z10.3586 E0.16275 F600
G1 X131.6250 Y141.9652 Z10.3050 E0.19170 F600
G1 X130.5666 Y143.7075 Z10.3586 E0.18313 F600
G1 X129.4509 Y144.8507 Z10.5050 E0.14405 F600
G1 X128.6209 Y145.3747 Z10.7050 E0.08996 F600
G1 X128.2873 Y145.4517 Z10.9050 E0.03561 F600
G1 X128.4310 Y145.2499 Z11.0514 E0.02584 F600
G1 X128.8494 Y144.8999 Z11.1050 E0.04922 F600
G1 X129.2731 Y144.5762 Z11.0514 E0.04812 F600
G1 X129.4674 Y144.5096 Z10.9050 E0.02265 F600
G1 X129.2578 Y144.8670 Z10.7050 E0.04132 F600
G1 X128.5101 Y145.5986 Z10.5050 E0.09564 F600
G1 X127.1658 Y146.3880 Z10.3586 E0.14061 F600
G1 X125.3543 Y146.8126 Z10.3050 E0.16716 F600
G1 X123.4335 Y146.6643 Z10.3586 E0.17307 F600
G1 X121.8297 Y146.1192 Z10.5050 E0.15269 F600
G1 X120.8204 Y145.5542 Z10.7050 E0.10541 F600
G1 X120.4672 Y145.2517 Z10.9050 E0.04546 F600
G1 X120.6642 Y145.2717 Z11.0514 E0.02211 F600
G1 X121.1860 Y145.4978 Z11.1050 E0.05130 F600
G1 X121.7235 Y145.7598 Z11.0514 E0.05391 F600
G1 X121.9509 Y145.9320 Z10.9050 E0.02879 F600
G1 X121.6207 Y145.9199 Z10.7050 E0.03468 F600
G1 X120.6486 Y145.5827 Z10.5050 E0.09413 F600
G1 X119.1678 Y144.7687 Z10.3586 E0.15231 F600
G1 X117.5000 Y143.5000 Z10.3050 E0.18825 F600
G1 X115.9974 Y142.0674 Z10.3586 E0.18650 F600
G1 X114.8826 Y140.8451 Z10.5050 E0.14915 F600
G1 X114.2308 Y140.0472 Z10.7050 E0.09425 F600
G1 X114.0245 Y139.7013 Z10.9050 E0.04038 F600
G1 X114.1753 Y139.7463 Z11.0514 E0.01930 F600
G1 X114.5291 Y140.0659 Z11.1050 E0.04309 F600
G1 X114.8832 Y140.4671 Z11.0514 E0.04829 F600
G1 X115.0186 Y140.7078 Z10.9050 E0.02807 F600
G1 X114.7673 Y140.5888 Z10.7050 E0.03076 F600
G1 X114.0887 Y140.0486 Z10.5050 E0.07993 F600
G1 X113.0798 Y139.2262 Z10.3586 E0.11763 F600
G1 X111.8957 Y138.4155 Z10.3050 E0.12895 F600
G1 X110.6872 Y137.8613 Z10.3586 E0.11949 F600
G1 X109.6301 Y137.5845 Z10.5050 E0.09900 F600
G1 X108.9285 Y137.4507 Z10.7050 E0.06661 F600
G1 X108.7063 Y137.3469 Z10.9050 E0.02842 F600
G1 X108.9102 Y137.2553 Z11.0514 E0.02400 F600
G1 X109.3326 Y137.2179 Z11.1050 E0.03838 F600
G1 X109.7149 Y137.2637 Z11.0514 E0.03491 F600
G1 X109.8350 Y137.3612 Z10.9050 E0.01913 F600
G1 X109.5372 Y137.4590 Z10.7050 E0.03340 F600
G1 X108.7304 Y137.5700 Z10.5050 E0.07530 F600
G1 X107.3942 Y137.7692 Z10.3586 E0.12204 F600
G1 X105.6250 Y138.0681 Z10.3050 E0.16120 F600
G1 X103.7057 Y138.3409 Z10.3586 E0.17416 F600
G1 X102.0538 Y138.4529 Z10.5050 E0.14926 F600
G1 X101.0148 Y138.4113 Z10.7050 E0.09509 F600
G1 X100.7027 Y138.3193 Z10.9050 E0.03430 F600
G1 X100.9987 Y138.2450 Z11.0514 E0.03040 F600
G1 X101.6190 Y138.1965 Z11.1050 E0.05608 F600
G1 X102.1953 Y138.1831 Z11.0514 E0.05199 F600
G1 X102.3770 Y138.2366 Z10.9050 E0.02150 F600
G1 X101.9170 Y138.3681 Z10.7050 E0.04656 F600
G1 X100.7238 Y138.5130 Z10.5050 E0.10942 F600
G1 X98.9172 Y138.5040 Z10.3586 E0.16277 F600
G1 X96.8652 Y138.1348 Z10.3050 E0.18730 F600
G1 X95.0627 Y137.3508 Z10.3586 E0.17658 F600
G1 X93.8526 Y136.3794 Z10.5050 E0.13997 F600
G1 X93.2698 Y135.5936 Z10.7050 E0.08968 F600
G1 X93.1603 Y135.2507 Z10.9050 E0.03698 F600
G1 X93.3608 Y135.3621 Z11.0514 E0.02443 F600
G1 X93.7299 Y135.7394 Z11.1050 E0.04765 F600
G1 X94.0790 Y136.1299 Z11.0514 E0.04728 F600
G1 X94.1658 Y136.3264 Z10.9050 E0.02334 F600
G1 X93.8121 Y136.1741 Z10.7050 E0.03897 F600
G1 X93.0526 Y135.5223 Z10.5050 E0.09165 F600
G1 X92.1834 Y134.2567 Z10.3586 E0.13850 F600
G1 X91.6083 Y132.4486 Z10.3050 E0.17046 F600
G1 X91.5409 Y130.4427 Z10.3586 E0.18030 F600
G1 X91.8528 Y128.7065 Z10.5050 E0.15896 F600
G1 X92.2397 Y127.5779 Z10.7050 E0.10864 F600
G1 X92.4706 Y127.1595 Z10.9050 E0.04652 F600
G1 X92.4842 Y127.3540 Z11.0514 E0.02190 F600
G1 X92.3501 Y127.9174 Z11.1050 E0.05223 F600
G1 X92.1787 Y128.5100 Z11.0514 E0.05560 F600
G1 X92.0467 Y128.7778 Z10.9050 E0.02987 F600
G1 X92.0125 Y128.4503 Z10.7050 E0.03460 F600
G1 X92.1845 Y127.4196 Z10.5050 E0.09555 F600
G1 X92.6892 Y125.8016 Z10.3586 E0.15277 F600
G1 X93.5109 Y123.9279 Z10.3050 E0.18380 F600
G1 X94.4241 Y122.1948 Z10.3586 E0.17598 F600
G1 X95.1694 Y120.8783 Z10.5050 E0.13649 F600
G1 X95.6442 Y120.0868 Z10.7050 E0.08481 F600
G1 X95.8750 Y119.8121 Z10.9050 E0.03689 F600
G1 X95.9015 Y119.9608 Z11.0514 E0.01889 F600
G1 X95.7577 Y120.3624 Z11.1050 E0.03861 F600
G1 X95.5283 Y120.7837 Z11.0514 E0.04335 F600
G1 X95.3551 Y120.9667 Z10.9050 E0.02616 F600
G1 X95.3647 Y120.7095 Z10.7050 E0.02927 F600
G1 X95.5792 Y119.9577 Z10.5050 E0.07246 F600
G1 X95.8656 Y118.8232 Z10.3586 E0.10590 F600
G1 X96.0000 Y117.5000 Z10.3050 E0.11954 F600
G1 X95.8656 Y116.1768 Z10.3586 E0.11954 F600
G1 X95.5792 Y115.0423 Z10.5050 E0.10590 F600
G1 X95.3647 Y114.2905 Z10.7050 E0.07246 F600
G1 X95.3551 Y114.0333 Z10.9050 E0.02927 F600
G1 X95.5283 Y114.2163 Z11.0514 E0.02616 F600
G1 X95.7577 Y114.6376 Z11.1050 E0.04335 F600
G1 X95.9015 Y115.0392 Z11.0514 E0.03861 F600
G1 X95.8750 Y115.1879 Z10.9050 E0.01889 F600
G1 X95.6442 Y114.9132 Z10.7050 E0.03689 F600
G1 X95.1694 Y114.1217 Z10.5050 E0.08481 F600
G1 X94.4241 Y112.8052 Z10.3586 E0.13649 F600
G1 X93.5109 Y111.0721 Z10.3050 E0.17598 F600
G1 X92.6892 Y109.1984 Z10.3586 E0.18380 F600
G1 X92.1845 Y107.5804 Z10.5050 E0.15277 F600
G1 X92.0125 Y106.5497 Z10.7050 E0.09555 F600
G1 X92.0467 Y106.2222 Z10.9050 E0.03460 F600
G1 X92.1787 Y106.4900 Z11.0514 E0.02987 F600
G1 X92.3501 Y107.0826 Z11.1050 E0.05560 F600
G1 X92.4842 Y107.6460 Z11.0514 E0.05223 F600
G1 X92.4706 Y107.8405 Z10.9050 E0.02190 F600
G1 X92.2397 Y107.4221 Z10.7050 E0.04652 F600
G1 X91.8528 Y106.2935 Z10.5050 E0.10864 F600
G1 X91.5409 Y104.5573 Z10.3586 E0.15896 F600
G1 X91.6083 Y102.5514 Z10.3050 E0.18030 F600
G1 X92.1834 Y100.7433 Z10.3586 E0.17046 F600
G1 X93.0526 Y99.4777 Z10.5050 E0.13850 F600
G1 X93.8121 Y98.8259 Z10.7050 E0.09165 F600
G1 X94.1658 Y98.6736 Z10.9050 E0.03897 F600
G1 X94.0790 Y98.8701 Z11.0514 E0.02334 F600
G1 X93.7299 Y99.2606 Z11.1050 E0.04728 F600
G1 X93.3608 Y99.6379 Z11.0514 E0.04765 F600
G1 X93.1603 Y99.7493 Z10.9050 E0.02443 F600
G1 X93.2698 Y99.4064 Z10.7050 E0.03698 F600
G1 X93.8526 Y98.6206 Z10.5050 E0.08968 F600
G1 X95.0627 Y97.6492 Z10.3586 E0.13997 F600
G1 X96.8652 Y96.8652 Z10.3050 E0.17658 F600
G1 X98.9172 Y96.4960 Z10.3586 E0.18730 F600
G1 X100.7238 Y96.4870 Z10.5050 E0.16277 F600
G1 X101.9170 Y96.6319 Z10.7050 E0.10942 F600
G1 X102.3770 Y96.7634 Z10.9050 E0.04656 F600
G1 X102.1953 Y96.8169 Z11.0514 E0.02150 F600
G1 X101.6190 Y96.8035 Z11.1050 E0.05199 F600
G1 X100.9987 Y96.7550 Z11.0514 E0.05608 F600
G1 X100.7027 Y96.6807 Z10.9050 E0.03040 F600
G1 X101.0148 Y96.5887 Z10.7050 E0.03430 F600
G1 X102.0538 Y96.5471 Z10.5050 E0.09509 F600
G1 X103.7057 Y96.6591 Z10.3586 E0.14926 F600
G1 X105.6250 Y96.9319 Z10.3050 E0.17416 F600
G1 X107.3942 Y97.2308 Z10.3586 E0.16120 F600
G1 X108.7304 Y97.4300 Z10.5050 E0.12204 F600
G1 X109.5372 Y97.5410 Z10.7050 E0.07530 F600
G1 X109.8350 Y97.6388 Z10.9050 E0.03340 F600
G1 X109.7149 Y97.7363 Z11.0514 E0.01913 F600
G1 X109.3326 Y97.7821 Z11.1050 E0.03491 F600
G1 X108.9102 Y97.7447 Z11.0514 E0.03838 F600
G1 X108.7063 Y97.6531 Z10.9050 E0.02400 F600
G1 X108.9285 Y97.5493 Z10.7050 E0.02842 F600
G1 X109.6301 Y97.4155 Z10.5050 E0.06661 F600
G1 X110.6872 Y97.1387 Z10.3586 E0.09900 F600
G1 X111.8957 Y96.5845 Z10.3050 E0.11949 F600
G1 X113.0798 Y95.7738 Z10.3586 E0.12895 F600
G1 X114.0887 Y94.9514 Z10.5050 E0.11763 F600
G1 X114.7673 Y94.4112 Z10.7050 E0.07993 F600
G1 X115.0186 Y94.2922 Z10.9050 E0.03076 F600
G1 X114.8832 Y94.5329 Z11.0514 E0.02807 F600
G1 X114.5291 Y94.9341 Z11.1050 E0.04829 F600
G1 X114.1753 Y95.2537 Z11.0514 E0.04309 F600
G1 X114.0245 Y95.2987 Z10.9050 E0.01930 F600
G1 X114.2308 Y94.9528 Z10.7050 E0.04038 F600
G1 X114.8826 Y94.1549 Z10.5050 E0.09425 F600
G1 X115.9974 Y92.9326 Z10.3586 E0.14915 F600
G1 X117.5000 Y91.5000 Z10.3050 E0.18650 F600
G1 X119.1678 Y90.2313 Z10.3586 E0.18825 F600
G1 X120.6486 Y89.4173 Z10.5050 E0.15231 F600
G1 X121.6207 Y89.0801 Z10.7050 E0.09413 F600
G1 X121.9509 Y89.0680 Z10.9050 E0.03468 F600
G1 X121.7235 Y89.2402 Z11.0514 E0.02879 F600
G1 X121.1860 Y89.5022 Z11.1050 E0.05391 F600
G1 X120.6642 Y89.7283 Z11.0514 E0.05130 F600
G1 X120.4672 Y89.7483 Z10.9050 E0.02211 F600
G1 X120.8204 Y89.4458 Z10.7050 E0.04546 F600
G1 X121.8297 Y88.8808 Z10.5050 E0.10541 F600
G1 X123.4335 Y88.3357 Z10.3586 E0.15269 F600
G1 X125.3543 Y88.1874 Z10.3050 E0.17307 F600
G1 X127.1658 Y88.6120 Z10.3586 E0.16716 F600
G1 X128.5101 Y89.4014 Z10.5050 E0.14061 F600
G1 X129.2578 Y90.1330 Z10.7050 E0.09564 F600
G1 X129.4674 Y90.4904 Z10.9050 E0.04132 F600
G1 X129.2731 Y90.4238 Z11.0514 E0.02265 F600
G1 X128.8494 Y90.1001 Z11.1050 E0.04812 F600
G1 X128.4310 Y89.7501 Z11.0514 E0.04922 F600
G1 X128.2873 Y89.5483 Z10.9050 E0.02584 F600
G1 X128.6209 Y89.6253 Z10.7050 E0.03561 F600
G1 X129.4509 Y90.1493 Z10.5050 E0.08996 F600
G1 X130.5666 Y91.2925 Z10.3586 E0.14405 F600
G1 X131.6250 Y93.0348 Z10.3050 E0.18313 F600
G1 X132.3694 Y95.0347 Z10.3586 E0.19170 F600
G1 X132.7611 Y96.7981 Z10.5050 E0.16275 F600
G1 X132.8982 Y97.9675 Z10.7050 E0.10725 F600
G1 X132.8837 Y98.4327 Z10.9050 E0.04549 F600
G1 X132.7887 Y98.2795 Z11.0514 E0.02086 F600
G1 X132.6658 Y97.7355 Z11.1050 E0.05032 F600
G1 X132.5711 Y97.1325 Z11.0514 E0.05502 F600
G1 X132.5754 Y96.8287 Z10.9050 E0.03029 F600
G1 X132.7308 Y97.1035 Z10.7050 E0.03356 F600
G1 X133.0116 Y98.0709 Z10.5050 E0.09223 F600
G1 X133.3291 Y99.6085 Z10.3586 E0.14160 F600
G1 X133.6348 Y101.3652 Z10.3050 E0.16020 F600
G1 X133.9583 Y102.9390 Z10.3586 E0.14436 F600
G1 X134.2947 Y104.0916 Z10.5050 E0.10863 F600
G1 X134.5344 Y104.7798 Z10.7050 E0.06787 F600
G1 X134.5683 Y105.0523 Z10.9050 E0.03050 F600
G1 X134.4114 Y104.9863 Z11.0514 E0.02017 F600
G1 X134.1910 Y104.6926 Z11.1050 E0.03332 F600
G1 X134.0445 Y104.3399 Z11.0514 E0.03463 F600
G1 X134.0524 Y104.1453 Z10.9050 E0.02188 F600
G1 X134.2559 Y104.2907 Z10.7050 E0.02876 F600
G1 X134.7074 Y104.8149 Z10.5050 E0.06468 F600
G1 X135.4896 Y105.5930 Z10.3586 E0.09994 F600
G1 X136.6417 Y106.4486 Z10.3050 E0.12896 F600
G1 X138.0176 Y107.2703 Z10.3586 E0.14400 F600
G1 X139.2736 Y107.9861 Z10.5050 E0.13048 F600
G1 X140.0733 Y108.4941 Z10.7050 E0.08697 F600
G1 X140.2835 Y108.7072 Z10.9050 E0.03233 F600
G1 X139.9978 Y108.6379 Z11.0514 E0.02950 F600
G1 X139.4679 Y108.4006 Z11.1050 E0.05236 F600
G1 X139.0102 Y108.1471 Z11.0514 E0.04723 F600
G1 X138.9032 Y108.0167 Z10.9050 E0.02006 F600
G1 X139.3302 Y108.1210 Z10.7050 E0.04336 F600
G1 X140.3676 Y108.5396 Z10.5050 E0.10205 F600
G1 X141.9385 Y109.3230 Z10.3586 E0.15819 F600
G1 X143.7391 Y110.4693 Z10.3050 E0.19174 F600
G1 X145.3145 Y111.8411 Z10.3586 E0.18766 F600
G1 X146.3372 Y113.1373 Z10.5050 E0.14885 F600
G1 X146.7872 Y114.0336 Z10.7050 E0.09184 F600
G1 X146.8346 Y114.3635 Z10.9050 E0.03491 F600
G1 X146.6402 Y114.1799 Z11.0514 E0.02738 F600
G1 X146.3214 Y113.7056 Z11.1050 E0.05155 F600
G1 X146.0343 Y113.2355 Z11.0514 E0.04970 F600
G1 X145.9885 Y113.0403 Z10.9050 E0.02230 F600
G1 X146.3318 Y113.3196 Z10.7050 E0.04361 F600
G1 X147.0069 Y114.1918 Z10.5050 E0.10066 F600
G1 X147.7018 Y115.6528 Z10.3586 E0.14588 F600
G1 X148.0000 Y117.5000 Z10.3050 E0.16810 F600
G1 X147.7018 Y119.3472 Z10.3586 E0.16810 F600
G1 X147.0069 Y120.8082 Z10.5050 E0.14588 F600
G1 X146.3318 Y121.6804 Z10.7050 E0.10066 F600
G1 X145.9885 Y121.9597 Z10.9050 E0.04361 F600
G1 X146.0343 Y121.7645 Z11.0514 E0.02230 F600
G1 X146.3214 Y121.2944 Z11.1050 E0.04970 F600
; row 20/57
G1 X147.5118 Y116.9761 Z11.5514 E0.40425 F600
G1 X147.5826 Y116.7663 Z11.4050 E0.02384 F600
G1 X147.7378 Y117.1042 Z11.2050 E0.03791 F600
G1 X147.8486 Y118.0843 Z11.0050 E0.09038 F600
G1 X147.6216 Y119.6063 Z10.8586 E0.13882 F600
G1 X146.8171 Y121.3597 Z10.8050 E0.17330 F600
G1 X145.5231 Y122.9471 Z10.8586 E0.18398 F600
G1 X144.1484 Y124.0934 Z11.0050 E0.16127 F600
G1 X143.1282 Y124.7279 Z11.2050 E0.10938 F600
G1 X142.6847 Y124.9109 Z11.4050 E0.04668 F600
G1 X142.7955 Y124.7534 Z11.5514 E0.02173 F600
G1 X143.2561 Y124.4013 Z11.6050 E0.05228 F600
G1 X143.7684 Y124.0495 Z11.5514 E0.05602 F600
G1 X144.0436 Y123.9230 Z11.4050 E0.03021 F600
G1 X143.8597 Y124.1945 Z11.2050 E0.03450 F600
G1 X143.0723 Y124.8825 Z11.0050 E0.09560 F600
G1 X141.6810 Y125.8262 Z10.8586 E0.15155 F600
G1 X139.9299 Y126.7908 Z10.8050 E0.17960 F600
G1 X138.2387 Y127.6150 Z10.8586 E0.16901 F600
G1 X136.9465 Y128.2338 Z11.0050 E0.12934 F600
G1 X136.1612 Y128.6023 Z11.2050 E0.07994 F600
G1 X135.8375 Y128.6920 Z11.4050 E0.03511 F600
G1 X135.8906 Y128.5502 Z11.5514 E0.01892 F600
G1 X136.2086 Y128.3014 Z11.6050 E0.03658 F600
G1 X136.6081 Y128.0918 Z11.5514 E0.04080 F600
G1 X136.8418 Y128.0468 Z11.4050 E0.02510 F600
G1 X136.7022 Y128.2538 Z11.2050 E0.02873 F600
G1 X136.1487 Y128.7509 Z11.0050 E0.06919 F600
G1 X135.3532 Y129.5421 Z10.8586 E0.10161 F600
G1 X134.5876 Y130.6118 Z10.8050 E0.11822 F600
G1 X134.0192 Y131.8599 Z10.8586 E0.12325 F600
G1 X133.6425 Y133.0328 Z11.0050 E0.11140 F600
G1 X133.3977 Y133.8195 Z11.2050 E0.07614 F600
G1 X133.2611 Y134.0492 Z11.4050 E0.02997 F600
G1 X133.2277 Y133.7865 Z11.5514 E0.02717 F600
G1 X133.2812 Y133.2812 Z11.6050 E0.04588 F600
G1 X133.3876 Y132.8424 Z11.5514 E0.04083 F600
G1 X133.4887 Y132.7274 Z11.4050 E0.01903 F600
G1 X133.5213 Y133.1073 Z11.2050 E0.03867 F600
G1 X133.4568 Y134.0832 Z11.0050 E0.08965 F600
G1 X133.2879 Y135.6619 Z10.8586 E0.14318 F600
G1 X132.9702 Y137.6612 Z10.8050 E0.18186 F600
G1 X132.4572 Y139.6750 Z10.8586 E0.18668 F600
G1 X131.8299 Y141.2522 Z11.0050 E0.15299 F600
G1 X131.3036 Y142.1481 Z11.2050 E0.09502 F600
G1 X131.0637 Y142.3746 Z11.4050 E0.03465 F600
G1 X131.1302 Y142.0896 Z11.5514 E0.02939 F600
G1 X131.3750 Y141.5322 Z11.6050 E0.05488 F600
G1 X131.6302 Y141.0166 Z11.5514 E0.05189 F600
G1 X131.7663 Y140.8746 Z11.4050 E0.02202 F600
G1 X131.6834 Y141.3402 Z11.2050 E0.04611 F600
G1 X131.2670 Y142.4419 Z11.0050 E0.10728 F600
G1 X130.3941 Y143.9369 Z10.8586 E0.15602 F600
G1 X129.0408 Y145.3619 Z10.8050 E0.17655 F600
G1 X127.4133 Y146.2905 Z10.8586 E0.16833 F600
G1 X125.9078 Y146.6241 Z11.0050 E0.13910 F600
G1 X124.8874 Y146.5878 Z11.2050 E0.09344 F600
G1 X124.5082 Y146.4619 Z11.4050 E0.04012 F600
G1 X124.7001 Y146.3780 Z11.5514 E0.02295 F600
G1 X125.2249 Y146.3297 Z11.6050 E0.04757 F600
G1 X125.7595 Y146.3043 Z11.5514 E0.04830 F600
G1 X125.9917 Y146.3576 Z11.4050 E0.02511 F600
G1 X125.6876 Y146.5311 Z11.2050 E0.03621 F600
G1 X124.7269 Y146.7089 Z11.0050 E0.08956 F600
G1 X123.1580 Y146.6079 Z10.8586 E0.14179 F600
G1 X121.2512 Y145.9936 Z10.8050 E0.17996 F600
G1 X119.4187 Y144.9386 Z10.8586 E0.18995 F600
G1 X118.0064 Y143.8026 Z11.0050 E0.16330 F600
G1 X117.1668 Y142.9535 Z11.2050 E0.10872 F600
G1 X116.8886 Y142.5703 Z11.4050 E0.04617 F600
G1 X117.0612 Y142.6375 Z11.5514 E0.02121 F600
G1 X117.5000 Y143.0000 Z11.6050 E0.05134 F600
G1 X117.9525 Y143.4217 Z11.5514 E0.05575 F600
G1 X118.1381 Y143.6645 Z11.4050 E0.03043 F600
G1 X117.8409 Y143.5421 Z11.2050 E0.03400 F600
G1 X117.0103 Y142.9379 Z11.0050 E0.09397 F600
G1 X115.7960 Y141.8679 Z10.8586 E0.14593 F600
G1 X114.4639 Y140.5616 Z10.8050 E0.16762 F600
G1 X113.2487 Y139.3710 Z10.8586 E0.15285 F600
G1 X112.2976 Y138.5263 Z11.0050 E0.11498 F600
G1 X111.7084 Y138.0354 Z11.2050 E0.07118 F600
G1 X111.5242 Y137.8080 Z11.4050 E0.03184 F600
G1 X111.6835 Y137.7844 Z11.5514 E0.01955 F600
G1 X112.0251 Y137.9326 Z11.6050 E0.03378 F600
G1 X112.3459 Y138.1720 Z11.5514 E0.03627 F600
G1 X112.4546 Y138.3505 Z11.4050 E0.02291 F600
G1 X112.2105 Y138.3276 Z11.2050 E0.02842 F600
G1 X111.5543 Y138.0955 Z11.0050 E0.06503 F600
G1 X110.5056 Y137.8132 Z10.8586 E0.09841 F600
G1 X109.1412 Y137.6799 Z10.8050 E0.12320 F600
G1 X107.6282 Y137.7402 Z10.8586 E0.13607 F600
G1 X106.2594 Y137.8647 Z11.0050 E0.12412 F600
G1 X105.3518 Y137.9192 Z11.2050 E0.08360 F600
G1 X105.0668 Y137.8712 Z11.4050 E0.03157 F600
G1 X105.3288 Y137.7563 Z11.5514 E0.02886 F600
G1 X105.8750 Y137.6351 Z11.6050 E0.05048 F600
G1 X106.3725 Y137.5746 Z11.5514 E0.04526 F600
G1 X106.5285 Y137.6208 Z11.4050 E0.01966 F600
G1 X106.1396 Y137.7855 Z11.2050 E0.04196 F600
G1 X105.0970 Y138.0583 Z11.0050 E0.09843 F600
G1 X103.4167 Y138.3794 Z10.8586 E0.15419 F600
G1 X101.3146 Y138.5932 Z10.8050 E0.18980 F600
G1 X99.2168 Y138.5325 Z10.8586 E0.18853 F600
G1 X97.5751 Y138.2071 Z11.0050 E0.15086 F600
G1 X96.6318 Y137.8289 Z11.2050 E0.09302 F600
G1 X96.3767 Y137.6175 Z11.4050 E0.03475 F600
G1 X96.6530 Y137.6317 Z11.5514 E0.02811 F600
G1 X97.2188 Y137.7812 Z11.6050 E0.05277 F600
G1 X97.7536 Y137.9480 Z11.5514 E0.05054 F600
G1 X97.9163 Y138.0629 Z11.4050 E0.02220 F600
G1 X97.4615 Y138.0701 Z11.2050 E0.04462 F600
G1 X96.3522 Y137.8489 Z11.0050 E0.10315 F600
G1 X94.8248 Y137.2112 Z10.8586 E0.14922 F600
G1 X93.3333 Y136.0438 Z10.8050 E0.17016 F600
G1 X92.2988 Y134.4984 Z10.8586 E0.16707 F600
G1 X91.8382 Y132.9819 Z11.0050 E0.14293 F600
G1 X91.7687 Y131.9102 Z11.2050 E0.09810 F600
G1 X91.8464 Y131.4884 Z11.4050 E0.04250 F600
G1 X91.9439 Y131.6660 Z11.5514 E0.02244 F600
G1 X92.0414 Y132.1986 Z11.6050 E0.04886 F600
G1 X92.1177 Y132.7512 Z11.5514 E0.05033 F600
G1 X92.0917 Y133.0075 Z11.4050 E0.02661 F600
G1 X91.9018 Y132.7293 Z11.2050 E0.03518 F600
G1 X91.6399 Y131.7738 Z11.0050 E0.09077 F600
G1 X91.5617 Y130.1510 Z10.8586 E0.14650 F600
G1 X91.8881 Y128.1088 Z10.8050 E0.18579 F600
G1 X92.5774 Y126.0816 Z10.8586 E0.19234 F600
G1 X93.3527 Y124.4711 Z11.0050 E0.16105 F600
G1 X93.9443 Y123.4824 Z11.2050 E0.10501 F600
G1 X94.2312 Y123.1305 Z11.4050 E0.04455 F600
G1 X94.2183 Y123.3048 Z11.5514 E0.02047 F600
G1 X93.9939 Y123.7984 Z11.6050 E0.04894 F600
G1 X93.7068 Y124.3226 Z11.5514 E0.05388 F600
G1 X93.5191 Y124.5567 Z11.4050 E0.02998 F600
G1 X93.5617 Y124.2513 Z11.2050 E0.03300 F600
G1 X93.9132 Y123.3359 Z11.0050 E0.08987 F600
G1 X94.5442 Y121.9621 Z10.8586 E0.13639 F600
G1 X95.2620 Y120.4277 Z10.8050 E0.15220 F600
G1 X95.8151 Y119.0164 Z10.8586 E0.13621 F600
G1 X96.1081 Y117.9118 Z11.0050 E0.10346 F600
G1 X96.2422 Y117.2217 Z11.2050 E0.06564 F600
G1 X96.3479 Y116.9841 Z11.4050 E0.02946 F600
G1 X96.4526 Y117.1326 Z11.5514 E0.02095 F600
G1 X96.5000 Y117.5000 Z11.6050 E0.03361 F600
G1 X96.4526 Y117.8674 Z11.5514 E0.03361 F600
G1 X96.3479 Y118.0159 Z11.4050 E0.02095 F600
G1 X96.2422 Y117.7783 Z11.2050 E0.02946 F600
G1 X96.1081 Y117.0882 Z11.0050 E0.06564 F600
G1 X95.8151 Y115.9836 Z10.8586 E0.10346 F600
G1 X95.2620 Y114.5723 Z10.8050 E0.13621 F600
G1 X94.5442 Y113.0379 Z10.8586 E0.15220 F600
G1 X93.9132 Y111.6641 Z11.0050 E0.13639 F600
G1 X93.5617 Y110.7487 Z11.2050 E0.08987 F600
G1 X93.5191 Y110.4433 Z11.4050 E0.03300 F600
G1 X93.7068 Y110.6774 Z11.5514 E0.02998 F600
G1 X93.9939 Y111.2016 Z11.6050 E0.05388 F600
G1 X94.2183 Y111.6952 Z11.5514 E0.04894 F600
G1 X94.2312 Y111.8695 Z11.4050 E0.02047 F600
G1 X93.9443 Y111.5176 Z11.2050 E0.04455 F600
G1 X93.3527 Y110.5289 Z11.0050 E0.10501 F600
G1 X92.5774 Y108.9184 Z10.8586 E0.16105 F600
G1 X91.8881 Y106.8912 Z10.8050 E0.19234 F600
G1 X91.5617 Y104.8490 Z10.8586 E0.18579 F600
G1 X91.6399 Y103.2262 Z11.0050 E0.14650 F600
G1 X91.9018 Y102.2707 Z11.2050 E0.09077 F600
G1 X92.0917 Y101.9925 Z11.4050 E0.03518 F600
G1 X92.1177 Y102.2488 Z11.5514 E0.02661 F600
G1 X92.0414 Y102.8014 Z11.6050 E0.05033 F600
G1 X91.9439 Y103.3340 Z11.5514 E0.04886 F600
G1 X91.8464 Y103.5116 Z11.4050 E0.02244 F600
G1 X91.7687 Y103.0898 Z11.2050 E0.04250 F600
G1 X91.8382 Y102.0181 Z11.0050 E0.09810 F600
G1 X92.2988 Y100.5016 Z10.8586 E0.14293 F600
G1 X93.3333 Y98.9562 Z10.8050 E0.16707 F600
G1 X94.8248 Y97.7888 Z10.8586 E0.17016 F600
G1 X96.3522 Y97.1511 Z11.0050 E0.14922 F600
G1 X97.4615 Y96.9299 Z11.2050 E0.10315 F600
G1 X97.9163 Y96.9371 Z11.4050 E0.04462 F600
G1 X97.7536 Y97.0520 Z11.5514 E0.02220 F600
G1 X97.2188 Y97.2188 Z11.6050 E0.05054 F600
G1 X96.6530 Y97.3683 Z11.5514 E0.05277 F600
G1 X96.3767 Y97.3825 Z11.4050 E0.02811 F600
G1 X96.6318 Y97.1711 Z11.2050 E0.03475 F600
G1 X97.5751 Y96.7929 Z11.0050 E0.09302 F600
G1 X99.2168 Y96.4675 Z10.8586 E0.15086 F600
G1 X101.3146 Y96.4068 Z10.8050 E0.18853 F600
G1 X103.4167 Y96.6206 Z10.8586 E0.18980 F600
G1 X105.0970 Y96.9417 Z11.0050 E0.15419 F600
G1 X106.1396 Y97.2145 Z11.2050 E0.09843 F600
G1 X106.5285 Y97.3792 Z11.4050 E0.04196 F600
G1 X106.3725 Y97.4254 Z11.5514 E0.01966 F600
G1 X105.8750 Y97.3649 Z11.6050 E0.04526 F600
G1 X105.3288 Y97.2437 Z11.5514 E0.05048 F600
G1 X105.0668 Y97.1288 Z11.4050 E0.02886 F600
G1 X105.3518 Y97.0808 Z11.2050 E0.03157 F600
G1 X106.2594 Y97.1353 Z11.0050 E0.08360 F600
G1 X107.6282 Y97.2598 Z10.8586 E0.12412 F600
G1 X109.1412 Y97.3201 Z10.8050 E0.13607 F600
G1 X110.5056 Y97.1868 Z10.8586 E0.12320 F600
G1 X111.5543 Y96.9045 Z11.0050 E0.09841 F600
G1 X112.2105 Y96.6724 Z11.2050 E0.06503 F600
G1 X112.4546 Y96.6495 Z11.4050 E0.02842 F600
G1 X112.3459 Y96.8280 Z11.5514 E0.02291 F600
G1 X112.0251 Y97.0674 Z11.6050 E0.03627 F600
G1 X111.6835 Y97.2156 Z11.5514 E0.03378 F600
G1 X111.5242 Y97.1920 Z11.4050 E0.01955 F600
G1 X111.7084 Y96.9646 Z11.2050 E0.03184 F600
G1 X112.2976 Y96.4737 Z11.0050 E0.07118 F600
G1 X113.2487 Y95.6290 Z10.8586 E0.11498 F600
G1 X114.4639 Y94.4384 Z10.8050 E0.15285 F600
G1 X115.7960 Y93.1321 Z10.8586 E0.16762 F600
G1 X117.0103 Y92.0621 Z11.0050 E0.14593 F600
G1 X117.8409 Y91.4579 Z11.2050 E0.09397 F600
G1 X118.1381 Y91.3355 Z11.4050 E0.03400 F600
G1 X117.9525 Y91.5783 Z11.5514 E0.03043 F600
G1 X117.5000 Y92.0000 Z11.6050 E0.05575 F600
G1 X117.0612 Y92.3625 Z11.5514 E0.05134 F600
G1 X116.8886 Y92.4297 Z11.4050 E0.02121 F600
G1 X117.1668 Y92.0465 Z11.2050 E0.04617 F600
G1 X118.0064 Y91.1974 Z11.0050 E0.10872 F600
G1 X119.4187 Y90.0614 Z10.8586 E0.16330 F600
G1 X121.2512 Y89.0064 Z10.8050 E0.18995 F600
G1 X123.1580 Y88.3921 Z10.8586 E0.17996 F600
G1 X124.7269 Y88.2911 Z11.0050 E0.14179 F600
G1 X125.6876 Y88.4689 Z11.2050 E0.08956 F600
G1 X125.9917 Y88.6424 Z11.4050 E0.03621 F600
G1 X125.7595 Y88.6957 Z11.5514 E0.02511 F600
G1 X125.2249 Y88.6703 Z11.6050 E0.04830 F600
G1 X124.7001 Y88.6220 Z11.5514 E0.04757 F600
G1 X124.5082 Y88.5381 Z11.4050 E0.02295 F600
G1 X124.8874 Y88.4122 Z11.2050 E0.04012 F600
G1 X125.9078 Y88.3759 Z11.0050 E0.09344 F600
G1 X127.4133 Y88.7095 Z10.8586 E0.13910 F600
G1 X129.0408 Y89.6381 Z10.8050 E0.16833 F600
G1 X130.3941 Y91.0631 Z10.8586 E0.17655 F600
G1 X131.2670 Y92.5581 Z11.0050 E0.15602 F600
G1 X131.6834 Y93.6598 Z11.2050 E0.10728 F600
G1 X131.7663 Y94.1254 Z11.4050 E0.04611 F600
G1 X131.6302 Y93.9834 Z11.5514 E0.02202 F600
G1 X131.3750 Y93.4678 Z11.6050 E0.05189 F600
G1 X131.1302 Y92.9104 Z11.5514 E0.05488 F600
G1 X131.0637 Y92.6254 Z11.4050 E0.02939 F600
G1 X131.3036 Y92.8519 Z11.2050 E0.03465 F600
G1 X131.8299 Y93.7478 Z11.0050 E0.09502 F600
G1 X132.4572 Y95.3250 Z10.8586 E0.15299 F600
G1 X132.9702 Y97.3388 Z10.8050 E0.18668 F600
G1 X133.2879 Y99.3381 Z10.8586 E0.18186 F600
G1 X133.4568 Y100.9168 Z11.0050 E0.14318 F600
G1 X133.5213 Y101.8927 Z11.2050 E0.08965 F600
G1 X133.4887 Y102.2726 Z11.4050 E0.03867 F600
G1 X133.3876 Y102.1576 Z11.5514 E0.01903 F600
G1 X133.2812 Y101.7188 Z11.6050 E0.04083 F600
G1 X133.2277 Y101.2135 Z11.5514 E0.04588 F600
G1 X133.2611 Y100.9508 Z11.4050 E0.02717 F600
G1 X133.3977 Y101.1805 Z11.2050 E0.02997 F600
G1 X133.6425 Y101.9672 Z11.0050 E0.07614 F600
G1 X134.0192 Y103.1401 Z10.8586 E0.11140 F600
G1 X134.5876 Y104.3882 Z10.8050 E0.12325 F600
G1 X135.3532 Y105.4579 Z10.8586 E0.11822 F600
G1 X136.1487 Y106.2491 Z11.0050 E0.10161 F600
G1 X136.7022 Y106.7462 Z11.2050 E0.06919 F600
G1 X136.8418 Y106.9532 Z11.4050 E0.02873 F600
G1 X136.6081 Y106.9082 Z11.5514 E0.02510 F600
G1 X136.2086 Y106.6986 Z11.6050 E0.04080 F600
G1 X135.8906 Y106.4498 Z11.5514 E0.03658 F600
G1 X135.8375 Y106.3080 Z11.4050 E0.01892 F600
G1 X136.1612 Y106.3977 Z11.2050 E0.03511 F600
G1 X136.9465 Y106.7662 Z11.0050 E0.07994 F600
G1 X138.2387 Y107.3850 Z10.8586 E0.12934 F600
G1 X139.9299 Y108.2092 Z10.8050 E0.16901 F600
G1 X141.6810 Y109.1738 Z10.8586 E0.17960 F600
G1 X143.0723 Y110.1175 Z11.0050 E0.15155 F600
G1 X143.8597 Y110.8055 Z11.2050 E0.09560 F600
G1 X144.0436 Y111.0770 Z11.4050 E0.03450 F600
G1 X143.7684 Y110.9505 Z11.5514 E0.03021 F600
G1 X143.2561 Y110.5987 Z11.6050 E0.05602 F600
G1 X142.7955 Y110.2466 Z11.5514 E0.05228 F600
G1 X142.6847 Y110.0891 Z11.4050 E0.02173 F600
G1 X143.1282 Y110.2721 Z11.2050 E0.04668 F600
G1 X144.1484 Y110.9066 Z11.0050 E0.10938 F600
G1 X145.5231 Y112.0529 Z10.8586 E0.16127 F600
G1 X146.8171 Y113.6403 Z10.8050 E0.18398 F600
G1 X147.6216 Y115.3937 Z10.8586 E0.17330 F600
G1 X147.8486 Y116.9157 Z11.0050 E0.13882 F600
G1 X147.7378 Y117.8958 Z11.2050 E0.09038 F600
G1 X147.5826 Y118.2337 Z11.4050 E0.03791 F600
G1 X147.5118 Y118.0239 Z11.5514 E0.02384 F600
G1 X147.5000 Y117.5000 Z11.6050 E0.04730 F600
; row 21/57
G1 X146.6402 Y120.8201 Z12.0514 E0.31059 F600
G1 X146.8346 Y120.6365 Z11.9050 E0.02738 F600
G1 X146.7872 Y120.9664 Z11.7050 E0.03491 F600
G1 X146.3372 Y121.8627 Z11.5050 E0.09184 F600
G1 X145.3145 Y123.1589 Z11.3586 E0.14885 F600
G1 X143.7391 Y124.5307 Z11.3050 E0.18766 F600
G1 X141.9385 Y125.6770 Z11.3586 E0.19174 F600
G1 X140.3676 Y126.4604 Z11.5050 E0.15819 F600
G1 X139.3302 Y126.8790 Z11.7050 E0.10205 F600
G1 X138.9032 Y126.9833 Z11.9050 E0.04336 F600
G1 X139.0102 Y126.8529 Z12.0514 E0.02006 F600
G1 X139.4679 Y126.5994 Z12.1050 E0.04723 F600
G1 X139.9978 Y126.3621 Z12.0514 E0.05236 F600
G1 X140.2835 Y126.2928 Z11.9050 E0.02950 F600
G1 X140.0733 Y126.5059 Z11.7050 E0.03233 F600
G1 X139.2736 Y127.0139 Z11.5050 E0.08697 F600
G1 X138.0176 Y127.7297 Z11.3586 E0.13048 F600
G1 X136.6417 Y128.5514 Z11.3050 E0.14400 F600
G1 X135.4896 Y129.4070 Z11.3586 E0.12896 F600
G1 X134.7074 Y130.1851 Z11.5050 E0.09994 F600
G1 X134.2559 Y130.7093 Z11.7050 E0.06468 F600
G1 X134.0524 Y130.8547 Z11.9050 E0.02876 F600
G1 X134.0445 Y130.6601 Z12.0514 E0.02188 F600
G1 X134.1910 Y130.3074 Z12.1050 E0.03463 F600
G1 X134.4114 Y130.0137 Z12.0514 E0.03332 F600
G1 X134.5683 Y129.9477 Z11.9050 E0.02017 F600
G1 X134.5344 Y130.2202 Z11.7050 E0.03050 F600
G1 X134.2947 Y130.9084 Z11.5050 E0.06787 F600
G1 X133.9583 Y132.0610 Z11.3586 E0.10863 F600
G1 X133.6348 Y133.6348 Z11.3050 E0.14436 F600
G1 X133.3291 Y135.3915 Z11.3586 E0.16020 F600
G1 X133.0116 Y136.9291 Z11.5050 E0.14160 F600
G1 X132.7308 Y137.8965 Z11.7050 E0.09223 F600
G1 X132.5754 Y138.1713 Z11.9050 E0.03356 F600
G1 X132.5711 Y137.8675 Z12.0514 E0.03029 F600
G1 X132.6658 Y137.2645 Z12.1050 E0.05502 F600
G1 X132.7887 Y136.7205 Z12.0514 E0.05032 F600
G1 X132.8837 Y136.5673 Z11.9050 E0.02086 F600
G1 X132.8982 Y137.0325 Z11.7050 E0.04549 F600
G1 X132.7611 Y138.2019 Z11.5050 E0.10725 F600
G1 X132.3694 Y139.9653 Z11.3586 E0.16275 F600
G1 X131.6250 Y141.9652 Z11.3050 E0.19170 F600
G1 X130.5666 Y143.7075 Z11.3586 E0.18313 F600
G1 X129.4509 Y144.8507 Z11.5050 E0.14405 F600
G1 X128.6209 Y145.3747 Z11.7050 E0.08996 F600
G1 X128.2873 Y145.4517 Z11.9050 E0.03561 F600
G1 X128.4310 Y145.2499 Z12.0514 E0.02584 F600
G1 X128.8494 Y144.8999 Z12.1050 E0.04922 F600
G1 X129.2731 Y144.5762 Z12.0514 E0.04812 F600
G1 X129.4674 Y144.5096 Z11.9050 E0.02265 F600
G1 X129.2578 Y144.8670 Z11.7050 E0.04132 F600
G1 X128.5101 Y145.5986 Z11.5050 E0.09564 F600
G1 X127.1658 Y146.3880 Z11.3586 E0.14061 F600
G1 X125.3543 Y146.8126 Z11.3050 E0.16716 F600
G1 X123.4335 Y146.6643 Z11.3586 E0.17307 F600
G1 X121.8297 Y146.1192 Z11.5050 E0.15269 F600
G1 X120.8204 Y145.5542 Z11.7050 E0.10541 F600
G1 X120.4672 Y145.2517 Z11.9050 E0.04546 F600
G1 X120.6642 Y145.2717 Z12.0514 E0.02211 F600
G1 X121.1860 Y145.4978 Z12.1050 E0.05130 F600
G1 X121.7235 Y145.7598 Z12.0514 E0.05391 F600
G1 X121.9509 Y145.9320 Z11.9050 E0.02879 F600
G1 X121.6207 Y145.9199 Z11.7050 E0.03468 F600
G1 X120.6486 Y145.5827 Z11.5050 E0.09413 F600
G1 X119.1678 Y144.7687 Z11.3586 E0.15231 F600
G1 X117.5000 Y143.5000 Z11.3050 E0.18825 F600
G1 X115.9974 Y142.0674 Z11.3586 E0.18650 F600
G1 X114.8826 Y140.8451 Z11.5050 E0.14915 F600
G1 X114.2308 Y140.0472 Z11.7050 E0.09425 F600
G1 X114.0245 Y139.7013 Z11.9050 E0.04038 F600
G1 X114.1753 Y139.7463 Z12.0514 E0.01930 F600
G1 X114.5291 Y140.0659 Z12.1050 E0.04309 F600
G1 X114.8832 Y140.4671 Z12.0514 E0.04829 F600
G1 X115.0186 Y140.7078 Z11.9050 E0.02807 F600
G1 X114.7673 Y140.5888 Z11.7050 E0.03076 F600
G1 X114.0887 Y140.0486 Z11.5050 E0.07993 F600
G1 X113.0798 Y139.2262 Z11.3586 E0.11763 F600
G1 X111.8957 Y138.4155 Z11.3050 E0.12895 F600
G1 X110.6872 Y137.8613 Z11.3586 E0.11949 F600
G1 X109.6301 Y137.5845 Z11.5050 E0.09900 F600
G1 X108.9285 Y137.4507 Z11.7050 E0.06661 F600
G1 X108.7063 Y137.3469 Z11.9050 E0.02842 F600
G1 X108.9102 Y137.2553 Z12.0514 E0.02400 F600
G1 X109.3326 Y137.2179 Z12.1050 E0.03838 F600
G1 X109.7149 Y137.2637 Z12.0514 E0.03491 F600
G1 X109.8350 Y137.3612 Z11.9050 E0.01913 F600
G1 X109.5372 Y137.4590 Z11.7050 E0.03340 F600
G1 X108.7304 Y137.5700 Z11.5050 E0.07530 F600
G1 X107.3942 Y137.7692 Z11.3586 E0.12204 F600
G1 X105.6250 Y138.0681 Z11.3050 E0.16120 F600
G1 X103.7057 Y138.3409 Z11.3586 E0.17416 F600
G1 X102.0538 Y138.4529 Z11.5050 E0.14926 F600
G1 X101.0148 Y138.4113 Z11.7050 E0.09509 F600
G1 X100.7027 Y138.3193 Z11.9050 E0.03430 F600
G1 X100.9987 Y138.2450 Z12.0514 E0.03040 F600
G1 X101.6190 Y138.1965 Z12.1050 E0.05608 F600
G1 X102.1953 Y138.1831 Z12.0514 E0.05199 F600
G1 X102.3770 Y138.2366 Z11.9050 E0.02150 F600
G1 X101.9170 Y138.3681 Z11.7050 E0.04656 F600
G1 X100.7238 Y138.5130 Z11.5050 E0.10942 F600
G1 X98.9172 Y138.5040 Z11.3586 E0.16277 F600
G1 X96.8652 Y138.1348 Z11.3050 E0.18730 F600
G1 X95.0627 Y137.3508 Z11.3586 E0.17658 F600
G1 X93.8526 Y136.3794 Z11.5050 E0.13997 F600
G1 X93.2698 Y135.5936 Z11.7050 E0.08968 F600
G1 X93.1603 Y135.2507 Z11.9050 E0.03698 F600
G1 X93.3608 Y135.3621 Z12.0514 E0.02443 F600
G1 X93.7299 Y135.7394 Z12.1050 E0.04765 F600
G1 X94.0790 Y136.1299 Z12.0514 E0.04728 F600
G1 X94.1658 Y136.3264 Z11.9050 E0.02334 F600
G1 X93.8121 Y136.1741 Z11.7050 E0.03897 F600
G1 X93.0526 Y135.5223 Z11.5050 E0.09165 F600
G1 X92.1834 Y134.2567 Z11.3586 E0.13850 F600
G1 X91.6083 Y132.4486 Z11.3050 E0.17046 F600
G1 X91.5409 Y130.4427 Z11.3586 E0.18030 F600
G1 X91.8528 Y128.7065 Z11.5050 E0.15896 F600
G1 X92.2397 Y127.5779 Z11.7050 E0.10864 F600
G1 X92.4706 Y127.1595 Z11.9050 E0.04652 F600
G1 X92.4842 Y127.3540 Z12.0514 E0.02190 F600
G1 X92.3501 Y127.9174 Z12.1050 E0.05223 F600
G1 X92.1787 Y128.5100 Z12.0514 E0.05560 F600
G1 X92.0467 Y128.7778 Z11.9050 E0.02987 F600
G1 X92.0125 Y128.4503 Z11.7050 E0.03460 F600
G1 X92.1845 Y127.4196 Z11.5050 E0.09555 F600
G1 X92.6892 Y125.8016 Z11.3586 E0.15277 F600
G1 X93.5109 Y123.9279 Z11.3050 E0.18380 F600
G1 X94.4241 Y122.1948 Z11.3586 E0.17598 F600
G1 X95.1694 Y120.8783 Z11.5050 E0.13649 F600
G1 X95.6442 Y120.0868 Z11.7050 E0.08481 F600
G1 X95.8750 Y119.8121 Z11.9050 E0.03689 F600
G1 X95.9015 Y119.9608 Z12.0514 E0.01889 F600
G1 X95.7577 Y120.3624 Z12.1050 E0.03861 F600
G1 X95.5283 Y120.7837 Z12.0514 E0.04335 F600
G1 X95.3551 Y120.9667 Z11.9050 E0.02616 F600
G1 X95.3647 Y120.7095 Z11.7050 E0.02927 F600
G1 X95.5792 Y119.9577 Z11.5050 E0.07246 F600
G1 X95.8656 Y118.8232 Z11.3586 E0.10590 F600
G1 X96.0000 Y117.5000 Z11.3050 E0.11954 F600
G1 X95.8656 Y116.1768 Z11.3586 E0.11954 F600
G1 X95.5792 Y115.0423 Z11.5050 E0.10590 F600
G1 X95.3647 Y114.2905 Z11.7050 E0.07246 F600
G1 X95.3551 Y114.0333 Z11.9050 E0.02927 F600
G1 X95.5283 Y114.2163 Z12.0514 E0.02616 F600
G1 X95.7577 Y114.6376 Z12.1050 E0.04335 F600
G1 X95.9015 Y115.0392 Z12.0514 E0.03861 F600
G1 X95.8750 Y115.1879 Z11.9050 E0.01889 F600
G1 X95.6442 Y114.9132 Z11.7050 E0.03689 F600
G1 X95.1694 Y114.1217 Z11.5050 E0.08481 F600
G1 X94.4241 Y112.8052 Z11.3586 E0.13649 F600
G1 X93.5109 Y111.0721 Z11.3050 E0.17598 F600
G1 X92.6892 Y109.1984 Z11.3586 E0.18380 F600
G1 X92.1845 Y107.5804 Z11.5050 E0.15277 F600
G1 X92.0125 Y106.5497 Z11.7050 E0.09555 F600
G1 X92.0467 Y106.2222 Z11.9050 E0.03460 F600
G1 X92.1787 Y106.4900 Z12.0514 E0.02987 F600
G1 X92.3501 Y107.0826 Z12.1050 E0.05560 F600
G1 X92.4842 Y107.6460 Z12.0514 E0.05223 F600
G1 X92.4706 Y107.8405 Z11.9050 E0.02190 F600
G1 X92.2397 Y107.4221 Z11.7050 E0.04652 F600
G1 X91.8528 Y106.2935 Z11.5050 E0.10864 F600
G1 X91.5409 Y104.5573 Z11.3586 E0.15896 F600
G1 X91.6083 Y102.5514 Z11.3050 E0.18030 F600
G1 X92.1834 Y100.7433 Z11.3586 E0.17046 F600
G1 X93.0526 Y99.4777 Z11.5050 E0.13850 F600
G1 X93.8121 Y98.8259 Z11.7050 E0.09165 F600
G1 X94.1658 Y98.6736 Z11.9050 E0.03897 F600
G1 X94.0790 Y98.8701 Z12.0514 E0.02334 F600
G1 X93.7299 Y99.2606 Z12.1050 E0.04728 F600
G1 X93.3608 Y99.6379 Z12.0514 E0.04765 F600
G1 X93.1603 Y99.7493 Z11.9050 E0.02443 F600
G1 X93.2698 Y99.4064 Z11.7050 E0.03698 F600
G1 X93.8526 Y98.6206 Z11.5050 E0.08968 F600
G1 X95.0627 Y97.6492 Z11.3586 E0.13997 F600
G1 X96.8652 Y96.8652 Z11.3050 E0.17658 F600
G1 X98.9172 Y96.4960 Z11.3586 E0.18730 F600
G1 X100.7238 Y96.4870 Z11.5050 E0.16277 F600
G1 X101.9170 Y96.6319 Z11.7050 E0.10942 F600
G1 X102.3770 Y96.7634 Z11.9050 E0.04656 F600
G1 X102.1953 Y96.8169 Z12.0514 E0.02150 F600
G1 X101.6190 Y96.8035 Z12.1050 E0.05199 F600
G1 X100.9987 Y96.7550 Z12.0514 E0.05608 F600
G1 X100.7027 Y96.6807 Z11.9050 E0.03040 F600
G1 X101.0148 Y96.5887 Z11.7050 E0.03430 F600
G1 X102.0538 Y96.5471 Z11.5050 E0.09509 F600
G1 X103.7057 Y96.6591 Z11.3586 E0.14926 F600
G1 X105.6250 Y96.9319 Z11.3050 E0.17416 F600
G1 X107.3942 Y97.2308 Z11.3586 E0.16120 F600
G1 X108.7304 Y97.4300 Z11.5050 E0.12204 F600
G1 X109.5372 Y97.5410 Z11.7050 E0.07530 F600
G1 X109.8350 Y97.6388 Z11.9050 E0.03340 F600
G1 X109.7149 Y97.7363 Z12.0514 E0.01913 F600
G1 X109.3326 Y97.7821 Z12.1050 E0.03491 F600
G1 X108.9102 Y97.7447 Z12.0514 E0.03838 F600
G1 X108.7063 Y97.6531 Z11.9050 E0.02400 F600
G1 X108.9285 Y97.5493 Z11.7050 E0.02842 F600
G1 X109.6301 Y97.4155 Z11.5050 E0.06661 F600
G1 X110.6872 Y97.1387 Z11.3586 E0.09900 F600
G1 X111.8957 Y96.5845 Z11.3050 E0.11949 F600
G1 X113.0798 Y95.7738 Z11.3586 E0.12895 F600
G1 X114.0887 Y94.9514 Z11.5050 E0.11763 F600
G1 X114.7673 Y94.4112 Z11.7050 E0.07993 F600
G1 X115.0186 Y94.2922 Z11.9050 E0.03076 F600
G1 X114.8832 Y94.5329 Z12.0514 E0.02807 F600
G1 X114.5291 Y94.9341 Z12.1050 E0.04829 F600
G1 X114.1753 Y95.2537 Z12.0514 E0.04309 F600
G1 X114.0245 Y95.2987 Z11.9050 E0.01930 F600
G1 X114.2308 Y94.9528 Z11.7050 E0.04038 F600
G1 X114.8826 Y94.1549 Z11.5050 E0.09425 F600
G1 X115.9974 Y92.9326 Z11.3586 E0.14915 F600
G1 X117.5000 Y91.5000 Z11.3050 E0.18650 F600
G1 X119.1678 Y90.2313 Z11.3586 E0.18825 F600
G1 X120.6486 Y89.4173 Z11.5050 E0.15231 F600
G1 X121.6207 Y89.0801 Z11.7050 E0.09413 F600
G1 X121.9509 Y89.0680 Z11.9050 E0.03468 F600
G1 X121.7235 Y89.2402 Z12.0514 E0.02879 F600
G1 X121.1860 Y89.5022 Z12.1050 E0.05391 F600
G1 X120.6642 Y89.7283 Z12.0514 E0.05130 F600
G1 X120.4672 Y89.7483 Z11.9050 E0.02211 F600
G1 X120.8204 Y89.4458 Z11.7050 E0.04546 F600
G1 X121.8297 Y88.8808 Z11.5050 E0.10541 F600
G1 X123.4335 Y88.3357 Z11.3586 E0.15269 F600
G1 X125.3543 Y88.1874 Z11.3050 E0.17307 F600
G1 X127.1658 Y88.6120 Z11.3586 E0.16716 F600
G1 X128.5101 Y89.4014 Z11.5050 E0.14061 F600
G1 X129.2578 Y90.1330 Z11.7050 E0.09564 F600
G1 X129.4674 Y90.4904 Z11.9050 E0.04132 F600
G1 X129.2731 Y90.4238 Z12.0514 E0.02265 F600
G1 X128.8494 Y90.1001 Z12.1050 E0.04812 F600
G1 X128.4310 Y89.7501 Z12.0514 E0.04922 F600
G1 X128.2873 Y89.5483 Z11.9050 E0.02584 F600
G1 X128.6209 Y89.6253 Z11.7050 E0.03561 F600
G1 X129.4509 Y90.1493 Z11.5050 E0.08996 F600
G1 X130.5666 Y91.2925 Z11.3586 E0.14405 F600
G1 X131.6250 Y93.0348 Z11.3050 E0.18313 F600
G1 X132.3694 Y95.0347 Z11.3586 E0.19170 F600
G1 X132.7611 Y96.7981 Z11.5050 E0.16275 F600
G1 X132.8982 Y97.9675 Z11.7050 E0.10725 F600
G1 X132.8837 Y98.4327 Z11.9050 E0.04549 F600
G1 X132.7887 Y98.2795 Z12.0514 E0.02086 F600
G1 X132.6658 Y97.7355 Z12.1050 E0.05032 F600
G1 X132.5711 Y97.1325 Z12.0514 E0.05502 F600
G1 X132.5754 Y96.8287 Z11.9050 E0.03029 F600
G1 X132.7308 Y97.1035 Z11.7050 E0.03356 F600
G1 X133.0116 Y98.0709 Z11.5050 E0.09223 F600
G1 X133.3291 Y99.6085 Z11.3586 E0.14160 F600
G1 X133.6348 Y101.3652 Z11.3050 E0.16020 F600
G1 X133.9583 Y102.9390 Z11.3586 E0.14436 F600
G1 X134.2947 Y104.0916 Z11.5050 E0.10863 F600
G1 X134.5344 Y104.7798 Z11.7050 E0.06787 F600
G1 X134.5683 Y105.0523 Z11.9050 E0.03050 F600
G1 X134.4114 Y104.9863 Z12.0514 E0.02017 F600
G1 X134.1910 Y104.6926 Z12.1050 E0.03332 F600
G1 X134.0445 Y104.3399 Z12.0514 E0.03463 F600
G1 X134.0524 Y104.1453 Z11.9050 E0.02188 F600
G1 X134.2559 Y104.2907 Z11.7050 E0.02876 F600
G1 X134.7074 Y104.8149 Z11.5050 E0.06468 F600
G1 X135.4896 Y105.5930 Z11.3586 E0.09994 F600
G1 X136.6417 Y106.4486 Z11.3050 E0.12896 F600
G1 X138.0176 Y107.2703 Z11.3586 E0.14400 F600
G1 X139.2736 Y107.9861 Z11.5050 E0.13048 F600
G1 X140.0733 Y108.4941 Z11.7050 E0.08697 F600
G1 X140.2835 Y108.7072 Z11.9050 E0.03233 F600
G1 X139.9978 Y108.6379 Z12.0514 E0.02950 F600
G1 X139.4679 Y108.4006 Z12.1050 E0.05236 F600
G1 X139.0102 Y108.1471 Z12.0514 E0.04723 F600
G1 X138.9032 Y108.0167 Z11.9050 E0.02006 F600
G1 X139.3302 Y108.1210 Z11.7050 E0.04336 F600
G1 X140.3676 Y108.5396 Z11.5050 E0.10205 F600
G1 X141.9385 Y109.3230 Z11.3586 E0.15819 F600
G1 X143.7391 Y110.4693 Z11.3050 E0.19174 F600
G1 X145.3145 Y111.8411 Z11.3586 E0.18766 F600
G1 X146.3372 Y113.1373 Z11.5050 E0.14885 F600
G1 X146.7872 Y114.0336 Z11.7050 E0.09184 F600
G1 X146.8346 Y114.3635 Z11.9050 E0.03491 F600
G1 X146.6402 Y114.1799 Z12.0514 E0.02738 F600
G1 X146.3214 Y113.7056 Z12.1050 E0.05155 F600
G1 X146.0343 Y113.2355 Z12.0514 E0.04970 F600
G1 X145.9885 Y113.0403 Z11.9050 E0.02230 F600
G1 X146.3318 Y113.3196 Z11.7050 E0.04361 F600
G1 X147.0069 Y114.1918 Z11.5050 E0.10066 F600
G1 X147.7018 Y115.6528 Z11.3586 E0.14588 F600
G1 X148.0000 Y117.5000 Z11.3050 E0.16810 F600
G1 X147.7018 Y119.3472 Z11.3586 E0.16810 F600
G1 X147.0069 Y120.8082 Z11.5050 E0.14588 F600
G1 X146.3318 Y121.6804 Z11.7050 E0.10066 F600
G1 X145.9885 Y121.9597 Z11.9050 E0.04361 F600
G1 X146.0343 Y121.7645 Z12.0514 E0.02230 F600
G1 X146.3214 Y121.2944 Z12.1050 E0.04970 F600
; row 22/57
G1 X147.5118 Y116.9761 Z12.5514 E0.40425 F600
G1 X147.5826 Y116.7663 Z12.4050 E0.02384 F600
G1 X147.7378 Y117.1042 Z12.2050 E0.03791 F600
G1 X147.8486 Y118.0843 Z12.0050 E0.09038 F600
G1 X147.6216 Y119.6063 Z11.8586 E0.13882 F600
G1 X146.8171 Y121.3597 Z11.8050 E0.17330 F600
G1 X145.5231 Y122.9471 Z11.8586 E0.18398 F600
G1 X144.1484 Y124.0934 Z12.0050 E0.16127 F600
G1 X143.1282 Y124.7279 Z12.2050 E0.10938 F600
G1 X142.6847 Y124.9109 Z12.4050 E0.04668 F600
G1 X142.7955 Y124.7534 Z12.5514 E0.02173 F600
G1 X143.2561 Y124.4013 Z12.6050 E0.05228 F600
G1 X143.7684 Y124.0495 Z12.5514 E0.05602 F600
G1 X144.0436 Y123.9230 Z12.4050 E0.03021 F600
G1 X143.8597 Y124.1945 Z12.2050 E0.03450 F600
G1 X143.0723 Y124.8825 Z12.0050 E0.09560 F600
G1 X141.6810 Y125.8262 Z11.8586 E0.15155 F600
G1 X139.9299 Y126.7908 Z11.8050 E0.17960 F600
G1 X138.2387 Y127.6150 Z11.8586 E0.16901 F600
G1 X136.9465 Y128.2338 Z12.0050 E0.12934 F600
G1 X136.1612 Y128.6023 Z12.2050 E0.07994 F600
G1 X135.8375 Y128.6920 Z12.4050 E0.03511 F600
G1 X135.8906 Y128.5502 Z12.5514 E0.01892 F600
G1 X136.2086 Y128.3014 Z12.6050 E0.03658 F600
G1 X136.6081 Y128.0918 Z12.5514 E0.04080 F600
G1 X136.8418 Y128.0468 Z12.4050 E0.02510 F600
G1 X136.7022 Y128.2538 Z12.2050 E0.02873 F600
G1 X136.1487 Y128.7509 Z12.0050 E0.06919 F600
G1 X135.3532 Y129.5421 Z11.8586 E0.10161 F600
G1 X134.5876 Y130.6118 Z11.8050 E0.11822 F600
G1 X134.0192 Y131.8599 Z11.8586 E0.12325 F600
G1 X133.6425 Y133.0328 Z12.0050 E0.11140 F600
G1 X133.3977 Y133.8195 Z12.2050 E0.07614 F600
G1 X133.2611 Y134.0492 Z12.4050 E0.02997 F600
G1 X133.2277 Y133.7865 Z12.5514 E0.02717 F600
G1 X133.2812 Y133.2812 Z12.6050 E0.04588 F600
G1 X133.3876 Y132.8424 Z12.5514 E0.04083 F600
G1 X133.4887 Y132.7274 Z12.4050 E0.01903 F600
G1 X133.5213 Y133.1073 Z12.2050 E0.03867 F600
G1 X133.4568 Y134.0832 Z12.0050 E0.08965 F600
G1 X133.2879 Y135.6619 Z11.8586 E0.14318 F600
G1 X132.9702 Y137.6612 Z11.8050 E0.18186 F600
G1 X132.4572 Y139.6750 Z11.8586 E0.18668 F600
G1 X131.8299 Y141.2522 Z12.0050 E0.15299 F600
G1 X131.3036 Y142.1481 Z12.2050 E0.09502 F600
G1 X131.0637 Y142.3746 Z12.4050 E0.03465 F600
G1 X131.1302 Y142.0896 Z12.5514 E0.02939 F600
G1 X131.3750 Y141.5322 Z12.6050 E0.05488 F600
G1 X131.6302 Y141.0166 Z12.5514 E0.05189 F600
G1 X131.7663 Y140.8746 Z12.4050 E0.02202 F600
G1 X131.6834 Y141.3402 Z12.2050 E0.04611 F600
G1 X131.2670 Y142.4419 Z12.0050 E0.10728 F600
G1 X130.3941 Y143.9369 Z11.8586 E0.15602 F600
G1 X129.0408 Y145.3619 Z11.8050 E0.17655 F600
G1 X127.4133 Y146.2905 Z11.8586 E0.16833 F600
G1 X125.9078 Y146.6241 Z12.0050 E0.13910 F600
G1 X124.8874 Y146.5878 Z12.2050 E0.09344 F600
G1 X124.5082 Y146.4619 Z12.4050 E0.04012 F600
G1 X124.7001 Y146.3780 Z12.5514 E0.02295 F600
G1 X125.2249 Y146.3297 Z12.6050 E0.04757 F600
G1 X125.7595 Y146.3043 Z12.5514 E0.04830 F600
G1 X125.9917 Y146.3576 Z12.4050 E0.02511 F600
G1 X125.6876 Y146.5311 Z12.2050 E0.03621 F600
G1 X124.7269 Y146.7089 Z12.0050 E0.08956 F600
G1 X123.1580 Y146.6079 Z11.8586 E0.14179 F600
G1 X121.2512 Y145.9936 Z11.8050 E0.17996 F600
G1 X119.4187 Y144.9386 Z11.8586 E0.18995 F600
G1 X118.0064 Y143.8026 Z12.0050 E0.16330 F600
G1 X117.1668 Y142.9535 Z12.2050 E0.10872 F600
G1 X116.8886 Y142.5703 Z12.4050 E0.04617 F600
G1 X117.0612 Y142.6375 Z12.5514 E0.02121 F600
G1 X117.5000 Y143.0000 Z12.6050 E0.05134 F600
G1 X117.9525 Y143.4217 Z12.5514 E0.05575 F600
G1 X118.1381 Y143.6645 Z12.4050 E0.03043 F600
G1 X117.8409 Y143.5421 Z12.2050 E0.03400 F600
G1 X117.0103 Y142.9379 Z12.0050 E0.09397 F600
G1 X115.7960 Y141.8679 Z11.8586 E0.14593 F600
G1 X114.4639 Y140.5616 Z11.8050 E0.16762 F600
G1 X113.2487 Y139.3710 Z11.8586 E0.15285 F600
G1 X112.2976 Y138.5263 Z12.0050 E0.11498 F600
G1 X111.7084 Y138.0354 Z12.2050 E0.07118 F600
G1 X111.5242 Y137.8080 Z12.4050 E0.03184 F600
G1 X111.6835 Y137.7844 Z12.5514 E0.01955 F600
G1 X112.0251 Y137.9326 Z12.6050 E0.03378 F600
G1 X112.3459 Y138.1720 Z12.5514 E0.03627 F600
G1 X112.4546 Y138.3505 Z12.4050 E0.02291 F600
G1 X112.2105 Y138.3276 Z12.2050 E0.02842 F600
G1 X111.5543 Y138.0955 Z12.0050 E0.06503 F600
G1 X110.5056 Y137.8132 Z11.8586 E0.09841 F600
G1 X109.1412 Y137.6799 Z11.8050 E0.12320 F600
G1 X107.6282 Y137.7402 Z11.8586 E0.13607 F600
G1 X106.2594 Y137.8647 Z12.0050 E0.12412 F600
G1 X105.3518 Y137.9192 Z12.2050 E0.08360 F600
G1 X105.0668 Y137.8712 Z12.4050 E0.03157 F600
G1 X105.3288 Y137.7563 Z12.5514 E0.02886 F600
G1 X105.8750 Y137.6351 Z12.6050 E0.05048 F600
G1 X106.3725 Y137.5746 Z12.5514 E0.04526 F600
G1 X106.5285 Y137.6208 Z12.4050 E0.01966 F600
G1 X106.1396 Y137.7855 Z12.2050 E0.04196 F600
G1 X105.0970 Y138.0583 Z12.0050 E0.09843 F600
G1 X103.4167 Y138.3794 Z11.8586 E0.15419 F600
G1 X101.3146 Y138.5932 Z11.8050 E0.18980 F600
G1 X99.2168 Y138.5325 Z11.8586 E0.18853 F600
G1 X97.5751 Y138.2071 Z12.0050 E0.15086 F600
G1 X96.6318 Y137.8289 Z12.2050 E0.09302 F600
G1 X96.3767 Y137.6175 Z12.4050 E0.03475 F600
G1 X96.6530 Y137.6317 Z12.5514 E0.02811 F600
G1 X97.2188 Y137.7812 Z12.6050 E0.05277 F600
G1 X97.7536 Y137.9480 Z12.5514 E0.05054 F600
G1 X97.9163 Y138.0629 Z12.4050 E0.02220 F600
G1 X97.4615 Y138.0701 Z12.2050 E0.04462 F600
G1 X96.3522 Y137.8489 Z12.0050 E0.10315 F600
G1 X94.8248 Y137.2112 Z11.8586 E0.14922 F600
G1 X93.3333 Y136.0438 Z11.8050 E0.17016 F600
G1 X92.2988 Y134.4984 Z11.8586 E0.16707 F600
G1 X91.8382 Y132.9819 Z12.0050 E0.14293 F600
G1 X91.7687 Y131.9102 Z12.2050 E0.09810 F600
G1 X91.8464 Y131.4884 Z12.4050 E0.04250 F600
G1 X91.9439 Y131.6660 Z12.5514 E0.02244 F600
G1 X92.0414 Y132.1986 Z12.6050 E0.04886 F600
G1 X92.1177 Y132.7512 Z12.5514 E0.05033 F600
G1 X92.0917 Y133.0075 Z12.4050 E0.02661 F600
G1 X91.9018 Y132.7293 Z12.2050 E0.03518 F600
G1 X91.6399 Y131.7738 Z12.0050 E0.09077 F600
G1 X91.5617 Y130.1510 Z11.8586 E0.14650 F600
G1 X91.8881 Y128.1088 Z11.8050 E0.18579 F600
G1 X92.5774 Y126.0816 Z11.8586 E0.19234 F600
G1 X93.3527 Y124.4711 Z12.0050 E0.16105 F600
G1 X93.9443 Y123.4824 Z12.2050 E0.10501 F600
G1 X94.2312 Y123.1305 Z12.4050 E0.04455 F600
G1 X94.2183 Y123.3048 Z12.5514 E0.02047 F600
G1 X93.9939 Y123.7984 Z12.6050 E0.04894 F600
G1 X93.7068 Y124.3226 Z12.5514 E0.05388 F600
G1 X93.5191 Y124.5567 Z12.4050 E0.02998 F600
G1 X93.5617 Y124.2513 Z12.2050 E0.03300 F600
G1 X93.9132 Y123.3359 Z12.0050 E0.08987 F600
G1 X94.5442 Y121.9621 Z11.8586 E0.13639 F600
G1 X95.2620 Y120.4277 Z11.8050 E0.15220 F600
G1 X95.8151 Y119.0164 Z11.8586 E0.13621 F600
G1 X96.1081 Y117.9118 Z12.0050 E0.10346 F600
G1 X96.2422 Y117.2217 Z12.2050 E0.06564 F600
G1 X96.3479 Y116.9841 Z12.4050 E0.02946 F600
G1 X96.4526 Y117.1326 Z12.5514 E0.02095 F600
G1 X96.5000 Y117.5000 Z12.6050 E0.03361 F600
G1 X96.4526 Y117.8674 Z12.5514 E0.03361 F600
G1 X96.3479 Y118.0159 Z12.4050 E0.02095 F600
G1 X96.2422 Y117.7783 Z12.2050 E0.02946 F600
G1 X96.1081 Y117.0882 Z12.0050 E0.06564 F600
G1 X95.8151 Y115.9836 Z11.8586 E0.10346 F600
G1 X95.2620 Y114.5723 Z11.8050 E0.13621 F600
G1 X94.5442 Y113.0379 Z11.8586 E0.15220 F600
G1 X93.9132 Y111.6641 Z12.0050 E0.13639 F600
G1 X93.5617 Y110.7487 Z12.2050 E0.08987 F600
G1 X93.5191 Y110.4433 Z12.4050 E0.03300 F600
G1 X93.7068 Y110.6774 Z12.5514 E0.02998 F600
G1 X93.9939 Y111.2016 Z12.6050 E0.05388 F600
G1 X94.2183 Y111.6952 Z12.5514 E0.04894 F600
G1 X94.2312 Y111.8695 Z12.4050 E0.02047 F600
G1 X93.9443 Y111.5176 Z12.2050 E0.04455 F600
G1 X93.3527 Y110.5289 Z12.0050 E0.10501 F600
G1 X92.5774 Y108.9184 Z11.8586 E0.16105 F600
G1 X91.8881 Y106.8912 Z11.8050 E0.19234 F600
G1 X91.5617 Y104.8490 Z11.8586 E0.18579 F600
G1 X91.6399 Y103.2262 Z12.0050 E0.14650 F600
G1 X91.9018 Y102.2707 Z12.2050 E0.09077 F600
G1 X92.0917 Y101.9925 Z12.4050 E0.03518 F600
G1 X92.1177 Y102.2488 Z12.5514 E0.02661 F600
G1 X92.0414 Y102.8014 Z12.6050 E0.05033 F600
G1 X91.9439 Y103.3340 Z12.5514 E0.04886 F600
G1 X91.8464 Y103.5116 Z12.4050 E0.02244 F600
G1 X91.7687 Y103.0898 Z12.2050 E0.04250 F600
G1 X91.8382 Y102.0181 Z12.0050 E0.09810 F600
G1 X92.2988 Y100.5016 Z11.8586 E0.14293 F600
G1 X93.3333 Y98.9562 Z11.8050 E0.16707 F600
G1 X94.8248 Y97.7888 Z11.8586 E0.17016 F600
G1 X96.3522 Y97.1511 Z12.0050 E0.14922 F600
G1 X97.4615 Y96.9299 Z12.2050 E0.10315 F600
G1 X97.9163 Y96.9371 Z12.4050 E0.04462 F600
G1 X97.7536 Y97.0520 Z12.5514 E0.02220 F600
G1 X97.2188 Y97.2188 Z12.6050 E0.05054 F600
G1 X96.6530 Y97.3683 Z12.5514 E0.05277 F600
G1 X96.3767 Y97.3825 Z12.4050 E0.02811 F600
G1 X96.6318 Y97.1711 Z12.2050 E0.03475 F600
G1 X97.5751 Y96.7929 Z12.0050 E0.09302 F600
G1 X99.2168 Y96.4675 Z11.8586 E0.15086 F600
G1 X101.3146 Y96.4068 Z11.8050 E0.18853 F600
G1 X103.4167 Y96.6206 Z11.8586 E0.18980 F600
G1 X105.0970 Y96.9417 Z12.0050 E0.15419 F600
G1 X106.1396 Y97.2145 Z12.2050 E0.09843 F600
G1 X106.5285 Y97.3792 Z12.4050 E0.04196 F600
G1 X106.3725 Y97.4254 Z12.5514 E0.01966 F600
G1 X105.8750 Y97.3649 Z12.6050 E0.04526 F600
G1 X105.3288 Y97.2437 Z12.5514 E0.05048 F600
G1 X105.0668 Y97.1288 Z12.4050 E0.02886 F600
G1 X105.3518 Y97.0808 Z12.2050 E0.03157 F600
G1 X106.2594 Y97.1353 Z12.0050 E0.08360 F600
G1 X107.6282 Y97.2598 Z11.8586 E0.12412 F600
G1 X109.1412 Y97.3201 Z11.8050 E0.13607 F600
G1 X110.5056 Y97.1868 Z11.8586 E0.12320 F600
G1 X111.5543 Y96.9045 Z12.0050 E0.09841 F600
G1 X112.2105 Y96.6724 Z12.2050 E0.06503 F600
G1 X112.4546 Y96.6495 Z12.4050 E0.02842 F600
G1 X112.3459 Y96.8280 Z12.5514 E0.02291 F600
G1 X112.0251 Y97.0674 Z12.6050 E0.03627 F600
G1 X111.6835 Y97.2156 Z12.5514 E0.03378 F600
G1 X111.5242 Y97.1920 Z12.4050 E0.01955 F600
G1 X111.7084 Y96.9646 Z12.2050 E0.03184 F600
G1 X112.2976 Y96.4737 Z12.0050 E0.07118 F600
G1 X113.2487 Y95.6290 Z11.8586 E0.11498 F600
G1 X114.4639 Y94.4384 Z11.8050 E0.15285 F600
G1 X115.7960 Y93.1321 Z11.8586 E0.16762 F600
G1 X117.0103 Y92.0621 Z12.0050 E0.14593 F600
G1 X117.8409 Y91.4579 Z12.2050 E0.09397 F600
G1 X118.1381 Y91.3355 Z12.4050 E0.03400 F600
G1 X117.9525 Y91.5783 Z12.5514 E0.03043 F600
G1 X117.5000 Y92.0000 Z12.6050 E0.05575 F600
G1 X117.0612 Y92.3625 Z12.5514 E0.05134 F600
G1 X116.8886 Y92.4297 Z12.4050 E0.02121 F600
G1 X117.1668 Y92.0465 Z12.2050 E0.04617 F600
G1 X118.0064 Y91.1974 Z12.0050 E0.10872 F600
G1 X119.4187 Y90.0614 Z11.8586 E0.16330 F600
G1 X121.2512 Y89.0064 Z11.8050 E0.18995 F600
G1 X123.1580 Y88.3921 Z11.8586 E0.17996 F600
G1 X124.7269 Y88.2911 Z12.0050 E0.14179 F600
G1 X125.6876 Y88.4689 Z12.2050 E0.08956 F600
G1 X125.9917 Y88.6424 Z12.4050 E0.03621 F600
G1 X125.7595 Y88.6957 Z12.5514 E0.02511 F600
G1 X125.2249 Y88.6703 Z12.6050 E0.04830 F600
G1 X124.7001 Y88.6220 Z12.5514 E0.04757 F600
G1 X124.5082 Y88.5381 Z12.4050 E0.02295 F600
G1 X124.8874 Y88.4122 Z12.2050 E0.04012 F600
G1 X125.9078 Y88.3759 Z12.0050 E0.09344 F600
G1 X127.4133 Y88.7095 Z11.8586 E0.13910 F600
G1 X129.0408 Y89.6381 Z11.8050 E0.16833 F600
G1 X130.3941 Y91.0631 Z11.8586 E0.17655 F600
G1 X131.2670 Y92.5581 Z12.0050 E0.15602 F600
G1 X131.6834 Y93.6598 Z12.2050 E0.10728 F600
G1 X131.7663 Y94.1254 Z12.4050 E0.04611 F600
G1 X131.6302 Y93.9834 Z12.5514 E0.02202 F600
G1 X131.3750 Y93.4678 Z12.6050 E0.05189 F600
G1 X131.1302 Y92.9104 Z12.5514 E0.05488 F600
G1 X131.0637 Y92.6254 Z12.4050 E0.02939 F600
G1 X131.3036 Y92.8519 Z12.2050 E0.03465 F600
G1 X131.8299 Y93.7478 Z12.0050 E0.09502 F600
G1 X132.4572 Y95.3250 Z11.8586 E0.15299 F600
G1 X132.9702 Y97.3388 Z11.8050 E0.18668 F600
G1 X133.2879 Y99.3381 Z11.8586 E0.18186 F600
G1 X133.4568 Y100.9168 Z12.0050 E0.14318 F600
G1 X133.5213 Y101.8927 Z12.2050 E0.08965 F600
G1 X133.4887 Y102.2726 Z12.4050 E0.03867 F600
G1 X133.3876 Y102.1576 Z12.5514 E0.01903 F600
G1 X133.2812 Y101.7188 Z12.6050 E0.04083 F600
G1 X133.2277 Y101.2135 Z12.5514 E0.04588 F600
G1 X133.2611 Y100.9508 Z12.4050 E0.02717 F600
G1 X133.3977 Y101.1805 Z12.2050 E0.02997 F600
G1 X133.6425 Y101.9672 Z12.0050 E0.07614 F600
G1 X134.0192 Y103.1401 Z11.8586 E0.11140 F600
G1 X134.5876 Y104.3882 Z11.8050 E0.12325 F600
G1 X135.3532 Y105.4579 Z11.8586 E0.11822 F600
G1 X136.1487 Y106.2491 Z12.0050 E0.10161 F600
G1 X136.7022 Y106.7462 Z12.2050 E0.06919 F600
G1 X136.8418 Y106.9532 Z12.4050 E0.02873 F600
G1 X136.6081 Y106.9082 Z12.5514 E0.02510 F600
G1 X136.2086 Y106.6986 Z12.6050 E0.04080 F600
G1 X135.8906 Y106.4498 Z12.5514 E0.03658 F600
G1 X135.8375 Y106.3080 Z12.4050 E0.01892 F600
G1 X136.1612 Y106.3977 Z12.2050 E0.03511 F600
G1 X136.9465 Y106.7662 Z12.0050 E0.07994 F600
G1 X138.2387 Y107.3850 Z11.8586 E0.12934 F600
G1 X139.9299 Y108.2092 Z11.8050 E0.16901 F600
G1 X141.6810 Y109.1738 Z11.8586 E0.17960 F600
G1 X143.0723 Y110.1175 Z12.0050 E0.15155 F600
G1 X143.8597 Y110.8055 Z12.2050 E0.09560 F600
G1 X144.0436 Y111.0770 Z12.4050 E0.03450 F600
G1 X143.7684 Y110.9505 Z12.5514 E0.03021 F600
G1 X143.2561 Y110.5987 Z12.6050 E0.05602 F600
G1 X142.7955 Y110.2466 Z12.5514 E0.05228 F600
G1 X142.6847 Y110.0891 Z12.4050 E0.02173 F600
G1 X143.1282 Y110.2721 Z12.2050 E0.04668 F600
G1 X144.1484 Y110.9066 Z12.0050 E0.10938 F600
G1 X145.5231 Y112.0529 Z11.8586 E0.16127 F600
G1 X146.8171 Y113.6403 Z11.8050 E0.18398 F600
G1 X147.6216 Y115.3937 Z11.8586 E0.17330 F600
G1 X147.8486 Y116.9157 Z12.0050 E0.13882 F600
G1 X147.7378 Y117.8958 Z12.2050 E0.09038 F600
G1 X147.5826 Y118.2337 Z12.4050 E0.03791 F600
G1 X147.5118 Y118.0239 Z12.5514 E0.02384 F600
G1 X147.5000 Y117.5000 Z12.6050 E0.04730 F600
; row 23/57
G1 X146.6402 Y120.8201 Z13.0514 E0.31059 F600
G1 X146.8346 Y120.6365 Z12.9050 E0.02738 F600
G1 X146.7872 Y120.9664 Z12.7050 E0.03491 F600
G1 X146.3372 Y121.8627 Z12.5050 E0.09184 F600
G1 X145.3145 Y123.1589 Z12.3586 E0.14885 F600
G1 X143.7391 Y124.5307 Z12.3050 E0.18766 F600
G1 X141.9385 Y125.6770 Z12.3586 E0.19174 F600
G1 X140.3676 Y126.4604 Z12.5050 E0.15819 F600
G1 X139.3302 Y126.8790 Z12.7050 E0.10205 F600
G1 X138.9032 Y126.9833 Z12.9050 E0.04336 F600
G1 X139.0102 Y126.8529 Z13.0514 E0.02006 F600
G1 X139.4679 Y126.5994 Z13.1050 E0.04723 F600
G1 X139.9978 Y126.3621 Z13.0514 E0.05236 F600
G1 X140.2835 Y126.2928 Z12.9050 E0.02950 F600
G1 X140.0733 Y126.5059 Z12.7050 E0.03233 F600
G1 X139.2736 Y127.0139 Z12.5050 E0.08697 F600
G1 X138.0176 Y127.7297 Z12.3586 E0.13048 F600
G1 X136.6417 Y128.5514 Z12.3050 E0.14400 F600
G1 X135.4896 Y129.4070 Z12.3586 E0.12896 F600
G1 X134.7074 Y130.1851 Z12.5050 E0.09994 F600
G1 X134.2559 Y130.7093 Z12.7050 E0.06468 F600
G1 X134.0524 Y130.8547 Z12.9050 E0.02876 F600
G1 X134.0445 Y130.6601 Z13.0514 E0.02188 F600
G1 X134.1910 Y130.3074 Z13.1050 E0.03463 F600
G1 X134.4114 Y130.0137 Z13.0514 E0.03332 F600
G1 X134.5683 Y129.9477 Z12.9050 E0.02017 F600
G1 X134.5344 Y130.2202 Z12.7050 E0.03050 F600
G1 X134.2947 Y130.9084 Z12.5050 E0.06787 F600
G1 X133.9583 Y132.0610 Z12.3586 E0.10863 F600
G1 X133.6348 Y133.6348 Z12.3050 E0.14436 F600
G1 X133.3291 Y135.3915 Z12.3586 E0.16020 F600
G1 X133.0116 Y136.9291 Z12.5050 E0.14160 F600
G1 X132.7308 Y137.8965 Z12.7050 E0.09223 F600
G1 X132.5754 Y138.1713 Z12.9050 E0.03356 F600
G1 X132.5711 Y137.8675 Z13.0514 E0.03029 F600
G1 X132.6658 Y137.2645 Z13.1050 E0.05502 F600
G1 X132.7887 Y136.7205 Z13.0514 E0.05032 F600
G1 X132.8837 Y136.5673 Z12.9050 E0.02086 F600
G1 X132.8982 Y137.0325 Z12.7050 E0.04549 F600
G1 X132.7611 Y138.2019 Z12.5050 E0.10725 F600
G1 X132.3694 Y139.9653 Z12.3586 E0.16275 F600
G1 X131.6250 Y141.9652 Z12.3050 E0.19170 F600
G1 X130.5666 Y143.7075 Z12.3586 E0.18313 F600
G1 X129.4509 Y144.8507 Z12.5050 E0.14405 F600
G1 X128.6209 Y145.3747 Z12.7050 E0.08996 F600
G1 X128.2873 Y145.4517 Z12.9050 E0.03561 F600
G1 X128.4310 Y145.2499 Z13.0514 E0.02584 F600
G1 X128.8494 Y144.8999 Z13.1050 E0.04922 F600
G1 X129.2731 Y144.5762 Z13.0514 E0.04812 F600
G1 X129.4674 Y144.5096 Z12.9050 E0.02265 F600
G1 X129.2578 Y144.8670 Z12.7050 E0.04132 F600
G1 X128.5101 Y145.5986 Z12.5050 E0.09564 F600
G1 X127.1658 Y146.3880 Z12.3586 E0.14061 F600
G1 X125.3543 Y146.8126 Z12.3050 E0.16716 F600
G1 X123.4335 Y146.6643 Z12.3586 E0.17307 F600
G1 X121.8297 Y146.1192 Z12.5050 E0.15269 F600
G1 X120.8204 Y145.5542 Z12.7050 E0.10541 F600
G1 X120.4672 Y145.2517 Z12.9050 E0.04546 F600
G1 X120.6642 Y145.2717 Z13.0514 E0.02211 F600
G1 X121.1860 Y145.4978 Z13.1050 E0.05130 F600
G1 X121.7235 Y145.7598 Z13.0514 E0.05391 F600
G1 X121.9509 Y145.9320 Z12.9050 E0.02879 F600
G1 X121.6207 Y145.9199 Z12.7050 E0.03468 F600
G1 X120.6486 Y145.5827 Z12.5050 E0.09413 F600
G1 X119.1678 Y144.7687 Z12.3586 E0.15231 F600
G1 X117.5000 Y143.5000 Z12.3050 E0.18825 F600
G1 X115.9974 Y142.0674 Z12.3586 E0.18650 F600
G1 X114.8826 Y140.8451 Z12.5050 E0.14915 F600
G1 X114.2308 Y140.0472 Z12.7050 E0.09425 F600
G1 X114.0245 Y139.7013 Z12.9050 E0.04038 F600
G1 X114.1753 Y139.7463 Z13.0514 E0.01930 F600
G1 X114.5291 Y140.0659 Z13.1050 E0.04309 F600
G1 X114.8832 Y140.4671 Z13.0514 E0.04829 F600
G1 X115.0186 Y140.7078 Z12.9050 E0.02807 F600
G1 X114.7673 Y140.5888 Z12.7050 E0.03076 F600
G1 X114.0887 Y140.0486 Z12.5050 E0.07993 F600
G1 X113.0798 Y139.2262 Z12.3586 E0.11763 F600
G1 X111.8957 Y138.4155 Z12.3050 E0.12895 F600
G1 X110.6872 Y137.8613 Z12.3586 E0.11949 F600
G1 X109.6301 Y137.5845 Z12.5050 E0.09900 F600
G1 X108.9285 Y137.4507 Z12.7050 E0.06661 F600
G1 X108.7063 Y137.3469 Z12.9050 E0.02842 F600
G1 X108.9102 Y137.2553 Z13.0514 E0.02400 F600
G1 X109.3326 Y137.2179 Z13.1050 E0.03838 F600
G1 X109.7149 Y137.2637 Z13.0514 E0.03491 F600
G1 X109.8350 Y137.3612 Z12.9050 E0.01913 F600
G1 X109.5372 Y137.4590 Z12.7050 E0.03340 F600
G1 X108.7304 Y137.5700 Z12.5050 E0.07530 F600
G1 X107.3942 Y137.7692 Z12.3586 E0.12204 F600
G1 X105.6250 Y138.0681 Z12.3050 E0.16120 F600
G1 X103.7057 Y138.3409 Z12.3586 E0.17416 F600
G1 X102.0538 Y138.4529 Z12.5050 E0.14926 F600
G1 X101.0148 Y138.4113 Z12.7050 E0.09509 F600
G1 X100.7027 Y138.3193 Z12.9050 E0.03430 F600
G1 X100.9987 Y138.2450 Z13.0514 E0.03040 F600
G1 X101.6190 Y138.1965 Z13.1050 E0.05608 F600
G1 X102.1953 Y138.1831 Z13.0514 E0.05199 F600
G1 X102.3770 Y138.2366 Z12.9050 E0.02150 F600
G1 X101.9170 Y138.3681 Z12.7050 E0.04656 F600
G1 X100.7238 Y138.5130 Z12.5050 E0.10942 F600
G1 X98.9172 Y138.5040 Z12.3586 E0.16277 F600
G1 X96.8652 Y138.1348 Z12.3050 E0.18730 F600
G1 X95.0627 Y137.3508 Z12.3586 E0.17658 F600
G1 X93.8526 Y136.3794 Z12.5050 E0.13997 F600
G1 X93.2698 Y135.5936 Z12.7050 E0.08968 F600
G1 X93.1603 Y135.2507 Z12.9050 E0.03698 F600
G1 X93.3608 Y135.3621 Z13.0514 E0.02443 F600
G1 X93.7299 Y135.7394 Z13.1050 E0.04765 F600
G1 X94.0790 Y136.1299 Z13.0514 E0.04728 F600
G1 X94.1658 Y136.3264 Z12.9050 E0.02334 F600
G1 X93.8121 Y136.1741 Z12.7050 E0.03897 F600
G1 X93.0526 Y135.5223 Z12.5050 E0.09165 F600
G1 X92.1834 Y134.2567 Z12.3586 E0.13850 F600
G1 X91.6083 Y132.4486 Z12.3050 E0.17046 F600
G1 X91.5409 Y130.4427 Z12.3586 E0.18030 F600
G1 X91.8528 Y128.7065 Z12.5050 E0.15896 F600
G1 X92.2397 Y127.5779 Z12.7050 E0.10864 F600
G1 X92.4706 Y127.1595 Z12.9050 E0.04652 F600
G1 X92.4842 Y127.3540 Z13.0514 E0.02190 F600
G1 X92.3501 Y127.9174 Z13.1050 E0.05223 F600
G1 X92.1787 Y128.5100 Z13.0514 E0.05560 F600
G1 X92.0467 Y128.7778 Z12.9050 E0.02987 F600
G1 X92.0125 Y128.4503 Z12.7050 E0.03460 F600
G1 X92.1845 Y127.4196 Z12.5050 E0.09555 F600
G1 X92.6892 Y125.8016 Z12.3586 E0.15277 F600
G1 X93.5109 Y123.9279 Z12.3050 E0.18380 F600
G1 X94.4241 Y122.1948 Z12.3586 E0.17598 F600
G1 X95.1694 Y120.8783 Z12.5050 E0.13649 F600
G1 X95.6442 Y120.0868 Z12.7050 E0.08481 F600
G1 X95.8750 Y119.8121 Z12.9050 E0.03689 F600
G1 X95.9015 Y119.9608 Z13.0514 E0.01889 F600
G1 X95.7577 Y120.3624 Z13.1050 E0.03861 F600
G1 X95.5283 Y120.7837 Z13.0514 E0.04335 F600
G1 X95.3551 Y120.9667 Z12.9050 E0.02616 F600
G1 X95.3647 Y120.7095 Z12.7050 E0.02927 F600
G1 X95.5792 Y119.9577 Z12.5050 E0.07246 F600
G1 X95.8656 Y118.8232 Z12.3586 E0.10590 F600
G1 X96.0000 Y117.5000 Z12.3050 E0.11954 F600
G1 X95.8656 Y116.1768 Z12.3586 E0.11954 F600
G1 X95.5792 Y115.0423 Z12.5050 E0.10590 F600
G1 X95.3647 Y114.2905 Z12.7050 E0.07246 F600
G1 X95.3551 Y114.0333 Z12.9050 E0.02927 F600
G1 X95.5283 Y114.2163 Z13.0514 E0.02616 F600
G1 X95.7577 Y114.6376 Z13.1050 E0.04335 F600
G1 X95.9015 Y115.0392 Z13.0514 E0.03861 F600
G1 X95.8750 Y115.1879 Z12.9050 E0.01889 F600
G1 X95.6442 Y114.9132 Z12.7050 E0.03689 F600
G1 X95.1694 Y114.1217 Z12.5050 E0.08481 F600
G1 X94.4241 Y112.8052 Z12.3586 E0.13649 F600
G1 X93.5109 Y111.0721 Z12.3050 E0.17598 F600
G1 X92.6892 Y109.1984 Z12.3586 E0.18380 F600
G1 X92.1845 Y107.5804 Z12.5050 E0.15277 F600
G1 X92.0125 Y106.5497 Z12.7050 E0.09555 F600
G1 X92.0467 Y106.2222 Z12.9050 E0.03460 F600
G1 X92.1787 Y106.4900 Z13.0514 E0.02987 F600
G1 X92.3501 Y107.0826 Z13.1050 E0.05560 F600
G1 X92.4842 Y107.6460 Z13.0514 E0.05223 F600
G1 X92.4706 Y107.8405 Z12.9050 E0.02190 F600
G1 X92.2397 Y107.4221 Z12.7050 E0.04652 F600
G1 X91.8528 Y106.2935 Z12.5050 E0.10864 F600
G1 X91.5409 Y104.5573 Z12.3586 E0.15896 F600
G1 X91.6083 Y102.5514 Z12.3050 E0.18030 F600
G1 X92.1834 Y100.7433 Z12.3586 E0.17046 F600
G1 X93.0526 Y99.4777 Z12.5050 E0.13850 F600
G1 X93.8121 Y98.8259 Z12.7050 E0.09165 F600
G1 X94.1658 Y98.6736 Z12.9050 E0.03897 F600
G1 X94.0790 Y98.8701 Z13.0514 E0.02334 F600
G1 X93.7299 Y99.2606 Z13.1050 E0.04728 F600
G1 X93.3608 Y99.6379 Z13.0514 E0.04765 F600
G1 X93.1603 Y99.7493 Z12.9050 E0.02443 F600
G1 X93.2698 Y99.4064 Z12.7050 E0.03698 F600
G1 X93.8526 Y98.6206 Z12.5050 E0.08968 F600
G1 X95.0627 Y97.6492 Z12.3586 E0.13997 F600
G1 X96.8652 Y96.8652 Z12.3050 E0.17658 F600
G1 X98.9172 Y96.4960 Z12.3586 E0.18730 F600
G1 X100.7238 Y96.4870 Z12.5050 E0.16277 F600
G1 X101.9170 Y96.6319 Z12.7050 E0.10942 F600
G1 X102.3770 Y96.7634 Z12.9050 E0.04656 F600
G1 X102.1953 Y96.8169 Z13.0514 E0.02150 F600
G1 X101.6190 Y96.8035 Z13.1050 E0.05199 F600
G1 X100.9987 Y96.7550 Z13.0514 E0.05608 F600
G1 X100.7027 Y96.6807 Z12.9050 E0.03040 F600
G1 X101.0148 Y96.5887 Z12.7050 E0.03430 F600
G1 X102.0538 Y96.5471 Z12.5050 E0.09509 F600
G1 X103.7057 Y96.6591 Z12.3586 E0.14926 F600
G1 X105.6250 Y96.9319 Z12.3050 E0.17416 F600
G1 X107.3942 Y97.2308 Z12.3586 E0.16120 F600
G1 X108.7304 Y97.4300 Z12.5050 E0.12204 F600
G1 X109.5372 Y97.5410 Z12.7050 E0.07530 F600
G1 X109.8350 Y97.6388 Z12.9050 E0.03340 F600
G1 X109.7149 Y97.7363 Z13.0514 E0.01913 F600
G1 X109.3326 Y97.7821 Z13.1050 E0.03491 F600
G1 X108.9102 Y97.7447 Z13.0514 E0.03838 F600
G1 X108.7063 Y97.6531 Z12.9050 E0.02400 F600
G1 X108.9285 Y97.5493 Z12.7050 E0.02842 F600
G1 X109.6301 Y97.4155 Z12.5050 E0.06661 F600
G1 X110.6872 Y97.1387 Z12.3586 E0.09900 F600
G1 X111.8957 Y96.5845 Z12.3050 E0.11949 F600
G1 X113.0798 Y95.7738 Z12.3586 E0.12895 F600
G1 X114.0887 Y94.9514 Z12.5050 E0.11763 F600
G1 X114.7673 Y94.4112 Z12.7050 E0.07993 F600
G1 X115.0186 Y94.2922 Z12.9050 E0.03076 F600
G1 X114.8832 Y94.5329 Z13.0514 E0.02807 F600
G1 X114.5291 Y94.9341 Z13.1050 E0.04829 F600
G1 X114.1753 Y95.2537 Z13.0514 E0.04309 F600
G1 X114.0245 Y95.2987 Z12.9050 E0.01930 F600
G1 X114.2308 Y94.9528 Z12.7050 E0.04038 F600
G1 X114.8826 Y94.1549 Z12.5050 E0.09425 F600
G1 X115.9974 Y92.9326 Z12.3586 E0.14915 F600
G1 X117.5000 Y91.5000 Z12.3050 E0.18650 F600
G1 X119.1678 Y90.2313 Z12.3586 E0.18825 F600
G1 X120.6486 Y89.4173 Z12.5050 E0.15231 F600
G1 X121.6207 Y89.0801 Z12.7050 E0.09413 F600
G1 X121.9509 Y89.0680 Z12.9050 E0.03468 F600
G1 X121.7235 Y89.2402 Z13.0514 E0.02879 F600
G1 X121.1860 Y89.5022 Z13.1050 E0.05391 F600
G1 X120.6642 Y89.7283 Z13.0514 E0.05130 F600
G1 X120.4672 Y89.7483 Z12.9050 E0.02211 F600
G1 X120.8204 Y89.4458 Z12.7050 E0.04546 F600
G1 X121.8297 Y88.8808 Z12.5050 E0.10541 F600
G1 X123.4335 Y88.3357 Z12.3586 E0.15269 F600
G1 X125.3543 Y88.1874 Z12.3050 E0.17307 F600
G1 X127.1658 Y88.6120 Z12.3586 E0.16716 F600
G1 X128.5101 Y89.4014 Z12.5050 E0.14061 F600
G1 X129.2578 Y90.1330 Z12.7050 E0.09564 F600
G1 X129.4674 Y90.4904 Z12.9050 E0.04132 F600
G1 X129.2731 Y90.4238 Z13.0514 E0.02265 F600
G1 X128.8494 Y90.1001 Z13.1050 E0.04812 F600
G1 X128.4310 Y89.7501 Z13.0514 E0.04922 F600
G1 X128.2873 Y89.5483 Z12.9050 E0.02584 F600
G1 X128.6209 Y89.6253 Z12.7050 E0.03561 F600
G1 X129.4509 Y90.1493 Z12.5050 E0.08996 F600
G1 X130.5666 Y91.2925 Z12.3586 E0.14405 F600
G1 X131.6250 Y93.0348 Z12.3050 E0.18313 F600
G1 X132.3694 Y95.0347 Z12.3586 E0.19170 F600
G1 X132.7611 Y96.7981 Z12.5050 E0.16275 F600
G1 X132.8982 Y97.9675 Z12.7050 E0.10725 F600
G1 X132.8837 Y98.4327 Z12.9050 E0.04549 F600
G1 X132.7887 Y98.2795 Z13.0514 E0.02086 F600
G1 X132.6658 Y97.7355 Z13.1050 E0.05032 F600
G1 X132.5711 Y97.1325 Z13.0514 E0.05502 F600
G1 X132.5754 Y96.8287 Z12.9050 E0.03029 F600
G1 X132.7308 Y97.1035 Z12.7050 E0.03356 F600
G1 X133.0116 Y98.0709 Z12.5050 E0.09223 F600
G1 X133.3291 Y99.6085 Z12.3586 E0.14160 F600
G1 X133.6348 Y101.3652 Z12.3050 E0.16020 F600
G1 X133.9583 Y102.9390 Z12.3586 E0.14436 F600
G1 X134.2947 Y104.0916 Z12.5050 E0.10863 F600
G1 X134.5344 Y104.7798 Z12.7050 E0.06787 F600
G1 X134.5683 Y105.0523 Z12.9050 E0.03050 F600
G1 X134.4114 Y104.9863 Z13.0514 E0.02017 F600
G1 X134.1910 Y104.6926 Z13.1050 E0.03332 F600
G1 X134.0445 Y104.3399 Z13.0514 E0.03463 F600
G1 X134.0524 Y104.1453 Z12.9050 E0.02188 F600
G1 X134.2559 Y104.2907 Z12.7050 E0.02876 F600
G1 X134.7074 Y104.8149 Z12.5050 E0.06468 F600
G1 X135.4896 Y105.5930 Z12.3586 E0.09994 F600
G1 X136.6417 Y106.4486 Z12.3050 E0.12896 F600
G1 X138.0176 Y107.2703 Z12.3586 E0.14400 F600
G1 X139.2736 Y107.9861 Z12.5050 E0.13048 F600
G1 X140.0733 Y108.4941 Z12.7050 E0.08697 F600
G1 X140.2835 Y108.7072 Z12.9050 E0.03233 F600
G1 X139.9978 Y108.6379 Z13.0514 E0.02950 F600
G1 X139.4679 Y108.4006 Z13.1050 E0.05236 F600
G1 X139.0102 Y108.1471 Z13.0514 E0.04723 F600
G1 X138.9032 Y108.0167 Z12.9050 E0.02006 F600
G1 X139.3302 Y108.1210 Z12.7050 E0.04336 F600
G1 X140.3676 Y108.5396 Z12.5050 E0.10205 F600
G1 X141.9385 Y109.3230 Z12.3586 E0.15819 F600
G1 X143.7391 Y110.4693 Z12.3050 E0.19174 F600
G1 X145.3145 Y111.8411 Z12.3586 E0.18766 F600
G1 X146.3372 Y113.1373 Z12.5050 E0.14885 F600
G1 X146.7872 Y114.0336 Z12.7050 E0.09184 F600
G1 X146.8346 Y114.3635 Z12.9050 E0.03491 F600
G1 X146.6402 Y114.1799 Z13.0514 E0.02738 F600
G1 X146.3214 Y113.7056 Z13.1050 E0.05155 F600
G1 X146.0343 Y113.2355 Z13.0514 E0.04970 F600
G1 X145.9885 Y113.0403 Z12.9050 E0.02230 F600
G1 X146.3318 Y113.3196 Z12.7050 E0.04361 F600
G1 X147.0069 Y114.1918 Z12.5050 E0.10066 F600
G1 X147.7018 Y115.6528 Z12.3586 E0.14588 F600
G1 X148.0000 Y117.5000 Z12.3050 E0.16810 F600
G1 X147.7018 Y119.3472 Z12.3586 E0.16810 F600
G1 X147.0069 Y120.8082 Z12.5050 E0.14588 F600
G1 X146.3318 Y121.6804 Z12.7050 E0.10066 F600
G1 X145.9885 Y121.9597 Z12.9050 E0.04361 F600
G1 X146.0343 Y121.7645 Z13.0514 E0.02230 F600
G1 X146.3214 Y121.2944 Z13.1050 E0.04970 F600
; row 24/57
G1 X147.5118 Y116.9761 Z13.5514 E0.40425 F600
G1 X147.5826 Y116.7663 Z13.4050 E0.02384 F600
G1 X147.7378 Y117.1042 Z13.2050 E0.03791 F600
G1 X147.8486 Y118.0843 Z13.0050 E0.09038 F600
G1 X147.6216 Y119.6063 Z12.8586 E0.13882 F600
G1 X146.8171 Y121.3597 Z12.8050 E0.17330 F600
G1 X145.5231 Y122.9471 Z12.8586 E0.18398 F600
G1 X144.1484 Y124.0934 Z13.0050 E0.16127 F600
G1 X143.1282 Y124.7279 Z13.2050 E0.10938 F600
G1 X142.6847 Y124.9109 Z13.4050 E0.04668 F600
G1 X142.7955 Y124.7534 Z13.5514 E0.02173 F600
G1 X143.2561 Y124.4013 Z13.6050 E0.05228 F600
G1 X143.7684 Y124.0495 Z13.5514 E0.05602 F600
G1 X144.0436 Y123.9230 Z13.4050 E0.03021 F600
G1 X143.8597 Y124.1945 Z13.2050 E0.03450 F600
G1 X143.0723 Y124.8825 Z13.0050 E0.09560 F600
G1 X141.6810 Y125.8262 Z12.8586 E0.15155 F600
G1 X139.9299 Y126.7908 Z12.8050 E0.17960 F600
G1 X138.2387 Y127.6150 Z12.8586 E0.16901 F600
G1 X136.9465 Y128.2338 Z13.0050 E0.12934 F600
G1 X136.1612 Y128.6023 Z13.2050 E0.07994 F600
G1 X135.8375 Y128.6920 Z13.4050 E0.03511 F600
G1 X135.8906 Y128.5502 Z13.5514 E0.01892 F600
G1 X136.2086 Y128.3014 Z13.6050 E0.03658 F600
G1 X136.6081 Y128.0918 Z13.5514 E0.04080 F600
G1 X136.8418 Y128.0468 Z13.4050 E0.02510 F600
G1 X136.7022 Y128.2538 Z13.2050 E0.02873 F600
G1 X136.1487 Y128.7509 Z13.0050 E0.06919 F600
G1 X135.3532 Y129.5421 Z12.8586 E0.10161 F600
G1 X134.5876 Y130.6118 Z12.8050 E0.11822 F600
G1 X134.0192 Y131.8599 Z12.8586 E0.12325 F600
G1 X133.6425 Y133.0328 Z13.0050 E0.11140 F600
G1 X133.3977 Y133.8195 Z13.2050 E0.07614 F600
G1 X133.2611 Y134.0492 Z13.4050 E0.02997 F600
G1 X133.2277 Y133.7865 Z13.5514 E0.02717 F600
G1 X133.2812 Y133.2812 Z13.6050 E0.04588 F600
G1 X133.3876 Y132.8424 Z13.5514 E0.04083 F600
G1 X133.4887 Y132.7274 Z13.4050 E0.01903 F600
G1 X133.5213 Y133.1073 Z13.2050 E0.03867 F600
G1 X133.4568 Y134.0832 Z13.0050 E0.08965 F600
G1 X133.2879 Y135.6619 Z12.8586 E0.14318 F600
G1 X132.9702 Y137.6612 Z12.8050 E0.18186 F600
G1 X132.4572 Y139.6750 Z12.8586 E0.18668 F600
G1 X131.8299 Y141.2522 Z13.0050 E0.15299 F600
G1 X131.3036 Y142.1481 Z13.2050 E0.09502 F600
G1 X131.0637 Y142.3746 Z13.4050 E0.03465 F600
G1 X131.1302 Y142.0896 Z13.5514 E0.02939 F600
G1 X131.3750 Y141.5322 Z13.6050 E0.05488 F600
G1 X131.6302 Y141.0166 Z13.5514 E0.05189 F600
G1 X131.7663 Y140.8746 Z13.4050 E0.02202 F600
G1 X131.6834 Y141.3402 Z13.2050 E0.04611 F600
G1 X131.2670 Y142.4419 Z13.0050 E0.10728 F600
G1 X130.3941 Y143.9369 Z12.8586 E0.15602 F600
G1 X129.0408 Y145.3619 Z12.8050 E0.17655 F600
G1 X127.4133 Y146.2905 Z12.8586 E0.16833 F600
G1 X125.9078 Y146.6241 Z13.0050 E0.13910 F600
G1 X124.8874 Y146.5878 Z13.2050 E0.09344 F600
G1 X124.5082 Y146.4619 Z13.4050 E0.04012 F600
G1 X124.7001 Y146.3780 Z13.5514 E0.02295 F600
G1 X125.2249 Y146.3297 Z13.6050 E0.04757 F600
G1 X125.7595 Y146.3043 Z13.5514 E0.04830 F600
G1 X125.9917 Y146.3576 Z13.4050 E0.02511 F600
G1 X125.6876 Y146.5311 Z13.2050 E0.03621 F600
G1 X124.7269 Y146.7089 Z13.0050 E0.08956 F600
G1 X123.1580 Y146.6079 Z12.8586 E0.14179 F600
G1 X121.2512 Y145.9936 Z12.8050 E0.17996 F600
G1 X119.4187 Y144.9386 Z12.8586 E0.18995 F600
G1 X118.0064 Y143.8026 Z13.0050 E0.16330 F600
G1 X117.1668 Y142.9535 Z13.2050 E0.10872 F600
G1 X116.8886 Y142.5703 Z13.4050 E0.04617 F600
G1 X117.0612 Y142.6375 Z13.5514 E0.02121 F600
G1 X117.5000 Y143.0000 Z13.6050 E0.05134 F600
G1 X117.9525 Y143.4217 Z13.5514 E0.05575 F600
G1 X118.1381 Y143.6645 Z13.4050 E0.03043 F600
G1 X117.8409 Y143.5421 Z13.2050 E0.03400 F600
G1 X117.0103 Y142.9379 Z13.0050 E0.09397 F600
G1 X115.7960 Y141.8679 Z12.8586 E0.14593 F600
G1 X114.4639 Y140.5616 Z12.8050 E0.16762 F600
G1 X113.2487 Y139.3710 Z12.8586 E0.15285 F600
G1 X112.2976 Y138.5263 Z13.0050 E0.11498 F600
G1 X111.7084 Y138.0354 Z13.2050 E0.07118 F600
G1 X111.5242 Y137.8080 Z13.4050 E0.03184 F600
G1 X111.6835 Y137.7844 Z13.5514 E0.01955 F600
G1 X112.0251 Y137.9326 Z13.6050 E0.03378 F600
G1 X112.3459 Y138.1720 Z13.5514 E0.03627 F600
G1 X112.4546 Y138.3505 Z13.4050 E0.02291 F600
G1 X112.2105 Y138.3276 Z13.2050 E0.02842 F600
G1 X111.5543 Y138.0955 Z13.0050 E0.06503 F600
G1 X110.5056 Y137.8132 Z12.8586 E0.09841 F600
G1 X109.1412 Y137.6799 Z12.8050 E0.12320 F600
G1 X107.6282 Y137.7402 Z12.8586 E0.13607 F600
G1 X106.2594 Y137.8647 Z13.0050 E0.12412 F600
G1 X105.3518 Y137.9192 Z13.2050 E0.08360 F600
G1 X105.0668 Y137.8712 Z13.4050 E0.03157 F600
G1 X105.3288 Y137.7563 Z13.5514 E0.02886 F600
G1 X105.8750 Y137.6351 Z13.6050 E0.05048 F600
G1 X106.3725 Y137.5746 Z13.5514 E0.04526 F600
G1 X106.5285 Y137.6208 Z13.4050 E0.01966 F600
G1 X106.1396 Y137.7855 Z13.2050 E0.04196 F600
G1 X105.0970 Y138.0583 Z13.0050 E0.09843 F600
G1 X103.4167 Y138.3794 Z12.8586 E0.15419 F600
G1 X101.3146 Y138.5932 Z12.8050 E0.18980 F600
G1 X99.2168 Y138.5325 Z12.8586 E0.18853 F600
G1 X97.5751 Y138.2071 Z13.0050 E0.15086 F600
G1 X96.6318 Y137.8289 Z13.2050 E0.09302 F600
G1 X96.3767 Y137.6175 Z13.4050 E0.03475 F600
G1 X96.6530 Y137.6317 Z13.5514 E0.02811 F600
G1 X97.2188 Y137.7812 Z13.6050 E0.05277 F600
G1 X97.7536 Y137.9480 Z13.5514 E0.05054 F600
G1 X97.9163 Y138.0629 Z13.4050 E0.02220 F600
G1 X97.4615 Y138.0701 Z13.2050 E0.04462 F600
G1 X96.3522 Y137.8489 Z13.0050 E0.10315 F600
G1 X94.8248 Y137.2112 Z12.8586 E0.14922 F600
G1 X93.3333 Y136.0438 Z12.8050 E0.17016 F600
G1 X92.2988 Y134.4984 Z12.8586 E0.16707 F600
G1 X91.8382 Y132.9819 Z13.0050 E0.14293 F600
G1 X91.7687 Y131.9102 Z13.2050 E0.09810 F600
G1 X91.8464 Y131.4884 Z13.4050 E0.04250 F600
G1 X91.9439 Y131.6660 Z13.5514 E0.02244 F600
G1 X92.0414 Y132.1986 Z13.6050 E0.04886 F600
G1 X92.1177 Y132.7512 Z13.5514 E0.05033 F600
G1 X92.0917 Y133.0075 Z13.4050 E0.02661 F600
G1 X91.9018 Y132.7293 Z13.2050 E0.03518 F600
G1 X91.6399 Y131.7738 Z13.0050 E0.09077 F600
G1 X91.5617 Y130.1510 Z12.8586 E0.14650 F600
G1 X91.8881 Y128.1088 Z12.8050 E0.18579 F600
G1 X92.5774 Y126.0816 Z12.8586 E0.19234 F600
G1 X93.3527 Y124.4711 Z13.0050 E0.16105 F600
G1 X93.9443 Y123.4824 Z13.2050 E0.10501 F600
G1 X94.2312 Y123.1305 Z13.4050 E0.04455 F600
G1 X94.2183 Y123.3048 Z13.5514 E0.02047 F600
G1 X93.9939 Y123.7984 Z13.6050 E0.04894 F600
G1 X93.7068 Y124.3226 Z13.5514 E0.05388 F600
G1 X93.5191 Y124.5567 Z13.4050 E0.02998 F600
G1 X93.5617 Y124.2513 Z13.2050 E0.03300 F600
G1 X93.9132 Y123.3359 Z13.0050 E0.08987 F600
G1 X94.5442 Y121.9621 Z12.8586 E0.13639 F600
G1 X95.2620 Y120.4277 Z12.8050 E0.15220 F600
G1 X95.8151 Y119.0164 Z12.8586 E0.13621 F600
G1 X96.1081 Y117.9118 Z13.0050 E0.10346 F600
G1 X96.2422 Y117.2217 Z13.2050 E0.06564 F600
G1 X96.3479 Y116.9841 Z13.4050 E0.02946 F600
G1 X96.4526 Y117.1326 Z13.5514 E0.02095 F600
G1 X96.5000 Y117.5000 Z13.6050 E0.03361 F600
G1 X96.4526 Y117.8674 Z13.5514 E0.03361 F600
G1 X96.3479 Y118.0159 Z13.4050 E0.02095 F600
G1 X96.2422 Y117.7783 Z13.2050 E0.02946 F600
G1 X96.1081 Y117.0882 Z13.0050 E0.06564 F600
G1 X95.8151 Y115.9836 Z12.8586 E0.10346 F600
G1 X95.2620 Y114.5723 Z12.8050 E0.13621 F600
G1 X94.5442 Y113.0379 Z12.8586 E0.15220 F600
G1 X93.9132 Y111.6641 Z13.0050 E0.13639 F600
G1 X93.5617 Y110.7487 Z13.2050 E0.08987 F600
G1 X93.5191 Y110.4433 Z13.4050 E0.03300 F600
G1 X93.7068 Y110.6774 Z13.5514 E0.02998 F600
G1 X93.9939 Y111.2016 Z13.6050 E0.05388 F600
G1 X94.2183 Y111.6952 Z13.5514 E0.04894 F600
G1 X94.2312 Y111.8695 Z13.4050 E0.02047 F600
G1 X93.9443 Y111.5176 Z13.2050 E0.04455 F600
G1 X93.3527 Y110.5289 Z13.0050 E0.10501 F600
G1 X92.5774 Y108.9184 Z12.8586 E0.16105 F600
G1 X91.8881 Y106.8912 Z12.8050 E0.19234 F600
G1 X91.5617 Y104.8490 Z12.8586 E0.18579 F600
G1 X91.6399 Y103.2262 Z13.0050 E0.14650 F600
G1 X91.9018 Y102.2707 Z13.2050 E0.09077 F600
G1 X92.0917 Y101.9925 Z13.4050 E0.03518 F600
G1 X92.1177 Y102.2488 Z13.5514 E0.02661 F600
G1 X92.0414 Y102.8014 Z13.6050 E0.05033 F600
G1 X91.9439 Y103.3340 Z13.5514 E0.04886 F600
G1 X91.8464 Y103.5116 Z13.4050 E0.02244 F600
G1 X91.7687 Y103.0898 Z13.2050 E0.04250 F600
G1 X91.8382 Y102.0181 Z13.0050 E0.09810 F600
G1 X92.2988 Y100.5016 Z12.8586 E0.14293 F600
G1 X93.3333 Y98.9562 Z12.8050 E0.16707 F600
G1 X94.8248 Y97.7888 Z12.8586 E0.17016 F600
G1 X96.3522 Y97.1511 Z13.0050 E0.14922 F600
G1 X97.4615 Y96.9299 Z13.2050 E0.10315 F600
G1 X97.9163 Y96.9371 Z13.4050 E0.04462 F600
G1 X97.7536 Y97.0520 Z13.5514 E0.02220 F600
G1 X97.2188 Y97.2188 Z13.6050 E0.05054 F600
G1 X96.6530 Y97.3683 Z13.5514 E0.05277 F600
G1 X96.3767 Y97.3825 Z13.4050 E0.02811 F600
G1 X96.6318 Y97.1711 Z13.2050 E0.03475 F600
G1 X97.5751 Y96.7929 Z13.0050 E0.09302 F600
G1 X99.2168 Y96.4675 Z12.8586 E0.15086 F600
G1 X101.3146 Y96.4068 Z12.8050 E0.18853 F600
G1 X103.4167 Y96.6206 Z12.8586 E0.18980 F600
G1 X105.0970 Y96.9417 Z13.0050 E0.15419 F600
G1 X106.1396 Y97.2145 Z13.2050 E0.09843 F600
G1 X106.5285 Y97.3792 Z13.4050 E0.04196 F600
G1 X106.3725 Y97.4254 Z13.5514 E0.01966 F600
G1 X105.8750 Y97.3649 Z13.6050 E0.04526 F600
G1 X105.3288 Y97.2437 Z13.5514 E0.05048 F600
G1 X105.0668 Y97.1288 Z13.4050 E0.02886 F600
G1 X105.3518 Y97.0808 Z13.2050 E0.03157 F600
G1 X106.2594 Y97.1353 Z13.0050 E0.08360 F600
G1 X107.6282 Y97.2598 Z12.8586 E0.12412 F600
G1 X109.1412 Y97.3201 Z12.8050 E0.13607 F600
G1 X110.5056 Y97.1868 Z12.8586 E0.12320 F600
G1 X111.5543 Y96.9045 Z13.0050 E0.09841 F600
G1 X112.2105 Y96.6724 Z13.2050 E0.06503 F600
G1 X112.4546 Y96.6495 Z13.4050 E0.02842 F600
G1 X112.3459 Y96.8280 Z13.5514 E0.02291 F600
G1 X112.0251 Y97.0674 Z13.6050 E0.03627 F600
G1 X111.6835 Y97.2156 Z13.5514 E0.03378 F600
G1 X111.5242 Y97.1920 Z13.4050 E0.01955 F600
G1 X111.7084 Y96.9646 Z13.2050 E0.03184 F600
G1 X112.2976 Y96.4737 Z13.0050 E0.07118 F600
G1 X113.2487 Y95.6290 Z12.8586 E0.11498 F600
G1 X114.4639 Y94.4384 Z12.8050 E0.15285 F600
G1 X115.7960 Y93.1321 Z12.8586 E0.16762 F600
G1 X117.0103 Y92.0621 Z13.0050 E0.14593 F600
G1 X117.8409 Y91.4579 Z13.2050 E0.09397 F600
G1 X118.1381 Y91.3355 Z13.4050 E0.03400 F600
G1 X117.9525 Y91.5783 Z13.5514 E0.03043 F600
G1 X117.5000 Y92.0000 Z13.6050 E0.05575 F600
G1 X117.0612 Y92.3625 Z13.5514 E0.05134 F600
G1 X116.8886 Y92.4297 Z13.4050 E0.02121 F600
G1 X117.1668 Y92.0465 Z13.2050 E0.04617 F600
G1 X118.0064 Y91.1974 Z13.0050 E0.10872 F600
G1 X119.4187 Y90.0614 Z12.8586 E0.16330 F600
G1 X121.2512 Y89.0064 Z12.8050 E0.18995 F600
G1 X123.1580 Y88.3921 Z12.8586 E0.17996 F600
G1 X124.7269 Y88.2911 Z13.0050 E0.14179 F600
G1 X125.6876 Y88.4689 Z13.2050 E0.08956 F600
G1 X125.9917 Y88.6424 Z13.4050 E0.03621 F600
G1 X125.7595 Y88.6957 Z13.5514 E0.02511 F600
G1 X125.2249 Y88.6703 Z13.6050 E0.04830 F600
G1 X124.7001 Y88.6220 Z13.5514 E0.04757 F600
G1 X124.5082 Y88.5381 Z13.4050 E0.02295 F600
G1 X124.8874 Y88.4122 Z13.2050 E0.04012 F600
G1 X125.9078 Y88.3759 Z13.0050 E0.09344 F600
G1 X127.4133 Y88.7095 Z12.8586 E0.13910 F600
G1 X129.0408 Y89.6381 Z12.8050 E0.16833 F600
G1 X130.3941 Y91.0631 Z12.8586 E0.17655 F600
G1 X131.2670 Y92.5581 Z13.0050 E0.15602 F600
G1 X131.6834 Y93.6598 Z13.2050 E0.10728 F600
G1 X131.7663 Y94.1254 Z13.4050 E0.04611 F600
G1 X131.6302 Y93.9834 Z13.5514 E0.02202 F600
G1 X131.3750 Y93.4678 Z13.6050 E0.05189 F600
G1 X131.1302 Y92.9104 Z13.5514 E0.05488 F600
G1 X131.0637 Y92.6254 Z13.4050 E0.02939 F600
G1 X131.3036 Y92.8519 Z13.2050 E0.03465 F600
G1 X131.8299 Y93.7478 Z13.0050 E0.09502 F600
G1 X132.4572 Y95.3250 Z12.8586 E0.15299 F600
G1 X132.9702 Y97.3388 Z12.8050 E0.18668 F600
G1 X133.2879 Y99.3381 Z12.8586 E0.18186 F600
G1 X133.4568 Y100.9168 Z13.0050 E0.14318 F600
G1 X133.5213 Y101.8927 Z13.2050 E0.08965 F600
G1 X133.4887 Y102.2726 Z13.4050 E0.03867 F600
G1 X133.3876 Y102.1576 Z13.5514 E0.01903 F600
G1 X133.2812 Y101.7188 Z13.6050 E0.04083 F600
G1 X133.2277 Y101.2135 Z13.5514 E0.04588 F600
G1 X133.2611 Y100.9508 Z13.4050 E0.02717 F600
G1 X133.3977 Y101.1805 Z13.2050 E0.02997 F600
G1 X133.6425 Y101.9672 Z13.0050 E0.07614 F600
G1 X134.0192 Y103.1401 Z12.8586 E0.11140 F600
G1 X134.5876 Y104.3882 Z12.8050 E0.12325 F600
G1 X135.3532 Y105.4579 Z12.8586 E0.11822 F600
G1 X136.1487 Y106.2491 Z13.0050 E0.10161 F600
G1 X136.7022 Y106.7462 Z13.2050 E0.06919 F600
G1 X136.8418 Y106.9532 Z13.4050 E0.02873 F600
G1 X136.6081 Y106.9082 Z13.5514 E0.02510 F600
G1 X136.2086 Y106.6986 Z13.6050 E0.04080 F600
G1 X135.8906 Y106.4498 Z13.5514 E0.03658 F600
G1 X135.8375 Y106.3080 Z13.4050 E0.01892 F600
G1 X136.1612 Y106.3977 Z13.2050 E0.03511 F600
G1 X136.9465 Y106.7662 Z13.0050 E0.07994 F600
G1 X138.2387 Y107.3850 Z12.8586 E0.12934 F600
G1 X139.9299 Y108.2092 Z12.8050 E0.16901 F600
G1 X141.6810 Y109.1738 Z12.8586 E0.17960 F600
G1 X143.0723 Y110.1175 Z13.0050 E0.15155 F600
G1 X143.8597 Y110.8055 Z13.2050 E0.09560 F600
G1 X144.0436 Y111.0770 Z13.4050 E0.03450 F600
G1 X143.7684 Y110.9505 Z13.5514 E0.03021 F600
G1 X143.2561 Y110.5987 Z13.6050 E0.05602 F600
G1 X142.7955 Y110.2466 Z13.5514 E0.05228 F600
G1 X142.6847 Y110.0891 Z13.4050 E0.02173 F600
G1 X143.1282 Y110.2721 Z13.2050 E0.04668 F600
G1 X144.1484 Y110.9066 Z13.0050 E0.10938 F600
G1 X145.5231 Y112.0529 Z12.8586 E0.16127 F600
G1 X146.8171 Y113.6403 Z12.8050 E0.18398 F600
G1 X147.6216 Y115.3937 Z12.8586 E0.17330 F600
G1 X147.8486 Y116.9157 Z13.0050 E0.13882 F600
G1 X147.7378 Y117.8958 Z13.2050 E0.09038 F600
G1 X147.5826 Y118.2337 Z13.4050 E0.03791 F600
G1 X147.5118 Y118.0239 Z13.5514 E0.02384 F600
G1 X147.5000 Y117.5000 Z13.6050 E0.04730 F600
; row 25/57
G1 X146.6402 Y120.8201 Z14.0514 E0.31059 F600
G1 X146.8346 Y120.6365 Z13.9050 E0.02738 F600
G1 X146.7872 Y120.9664 Z13.7050 E0.03491 F600
G1 X146.3372 Y121.8627 Z13.5050 E0.09184 F600
G1 X145.3145 Y123.1589 Z13.3586 E0.14885 F600
G1 X143.7391 Y124.5307 Z13.3050 E0.18766 F600
G1 X141.9385 Y125.6770 Z13.3586 E0.19174 F600
G1 X140.3676 Y126.4604 Z13.5050 E0.15819 F600
G1 X139.3302 Y126.8790 Z13.7050 E0.10205 F600
G1 X138.9032 Y126.9833 Z13.9050 E0.04336 F600
G1 X139.0102 Y126.8529 Z14.0514 E0.02006 F600
G1 X139.4679 Y126.5994 Z14.1050 E0.04723 F600
G1 X139.9978 Y126.3621 Z14.0514 E0.05236 F600
G1 X140.2835 Y126.2928 Z13.9050 E0.02950 F600
G1 X140.0733 Y126.5059 Z13.7050 E0.03233 F600
G1 X139.2736 Y127.0139 Z13.5050 E0.08697 F600
G1 X138.0176 Y127.7297 Z13.3586 E0.13048 F600
G1 X136.6417 Y128.5514 Z13.3050 E0.14400 F600
G1 X135.4896 Y129.4070 Z13.3586 E0.12896 F600
G1 X134.7074 Y130.1851 Z13.5050 E0.09994 F600
G1 X134.2559 Y130.7093 Z13.7050 E0.06468 F600
G1 X134.0524 Y130.8547 Z13.9050 E0.02876 F600
G1 X134.0445 Y130.6601 Z14.0514 E0.02188 F600
G1 X134.1910 Y130.3074 Z14.1050 E0.03463 F600
G1 X134.4114 Y130.0137 Z14.0514 E0.03332 F600
G1 X134.5683 Y129.9477 Z13.9050 E0.02017 F600
G1 X134.5344 Y130.2202 Z13.7050 E0.03050 F600
G1 X134.2947 Y130.9084 Z13.5050 E0.06787 F600
G1 X133.9583 Y132.0610 Z13.3586 E0.10863 F600
G1 X133.6348 Y133.6348 Z13.3050 E0.14436 F600
G1 X133.3291 Y135.3915 Z13.3586 E0.16020 F600
G1 X133.0116 Y136.9291 Z13.5050 E0.14160 F600
G1 X132.7308 Y137.8965 Z13.7050 E0.09223 F600
G1 X132.5754 Y138.1713 Z13.9050 E0.03356 F600
G1 X132.5711 Y137.8675 Z14.0514 E0.03029 F600
G1 X132.6658 Y137.2645 Z14.1050 E0.05502 F600
G1 X132.7887 Y136.7205 Z14.0514 E0.05032 F600
G1 X132.8837 Y136.5673 Z13.9050 E0.02086 F600
G1 X132.8982 Y137.0325 Z13.7050 E0.04549 F600
G1 X132.7611 Y138.2019 Z13.5050 E0.10725 F600
G1 X132.3694 Y139.9653 Z13.3586 E0.16275 F600
G1 X131.6250 Y141.9652 Z13.3050 E0.19170 F600
G1 X130.5666 Y143.7075 Z13.3586 E0.18313 F600
G1 X129.4509 Y144.8507 Z13.5050 E0.14405 F600
G1 X128.6209 Y145.3747 Z13.7050 E0.08996 F600
G1 X128.2873 Y145.4517 Z13.9050 E0.03561 F600
G1 X128.4310 Y145.2499 Z14.0514 E0.02584 F600
G1 X128.8494 Y144.8999 Z14.1050 E0.04922 F600
G1 X129.2731 Y144.5762 Z14.0514 E0.04812 F600
G1 X129.4674 Y144.5096 Z13.9050 E0.02265 F600
G1 X129.2578 Y144.8670 Z13.7050 E0.04132 F600
G1 X128.5101 Y145.5986 Z13.5050 E0.09564 F600
G1 X127.1658 Y146.3880 Z13.3586 E0.14061 F600
G1 X125.3543 Y146.8126 Z13.3050 E0.16716 F600
G1 X123.4335 Y146.6643 Z13.3586 E0.17307 F600
G1 X121.8297 Y146.1192 Z13.5050 E0.15269 F600
G1 X120.8204 Y145.5542 Z13.7050 E0.10541 F600
G1 X120.4672 Y145.2517 Z13.9050 E0.04546 F600
G1 X120.6642 Y145.2717 Z14.0514 E0.02211 F600
G1 X121.1860 Y145.4978 Z14.1050 E0.05130 F600
G1 X121.7235 Y145.7598 Z14.0514 E0.05391 F600
G1 X121.9509 Y145.9320 Z13.9050 E0.02879 F600
G1 X121.6207 Y145.9199 Z13.7050 E0.03468 F600
G1 X120.6486 Y145.5827 Z13.5050 E0.09413 F600
G1 X119.1678 Y144.7687 Z13.3586 E0.15231 F600
G1 X117.5000 Y143.5000 Z13.3050 E0.18825 F600
G1 X115.9974 Y142.0674 Z13.3586 E0.18650 F600
G1 X114.8826 Y140.8451 Z13.5050 E0.14915 F600
G1 X114.2308 Y140.0472 Z13.7050 E0.09425 F600
G1 X114.0245 Y139.7013 Z13.9050 E0.04038 F600
G1 X114.1753 Y139.7463 Z14.0514 E0.01930 F600
G1 X114.5291 Y140.0659 Z14.1050 E0.04309 F600
G1 X114.8832 Y140.4671 Z14.0514 E0.04829 F600
G1 X115.0186 Y140.7078 Z13.9050 E0.02807 F600
G1 X114.7673 Y140.5888 Z13.7050 E0.03076 F600
G1 X114.0887 Y140.0486 Z13.5050 E0.07993 F600
G1 X113.0798 Y139.2262 Z13.3586 E0.11763 F600
G1 X111.8957 Y138.4155 Z13.3050 E0.12895 F600
G1 X110.6872 Y137.8613 Z13.3586 E0.11949 F600
G1 X109.6301 Y137.5845 Z13.5050 E0.09900 F600
G1 X108.9285 Y137.4507 Z13.7050 E0.06661 F600
G1 X108.7063 Y137.3469 Z13.9050 E0.02842 F600
G1 X108.9102 Y137.2553 Z14.0514 E0.02400 F600
G1 X109.3326 Y137.2179 Z14.1050 E0.03838 F600
G1 X109.7149 Y137.2637 Z14.0514 E0.03491 F600
G1 X109.8350 Y137.3612 Z13.9050 E0.01913 F600
G1 X109.5372 Y137.4590 Z13.7050 E0.03340 F600
G1 X108.7304 Y137.5700 Z13.5050 E0.07530 F600
G1 X107.3942 Y137.7692 Z13.3586 E0.12204 F600
G1 X105.6250 Y138.0681 Z13.3050 E0.16120 F600
G1 X103.7057 Y138.3409 Z13.3586 E0.17416 F600
G1 X102.0538 Y138.4529 Z13.5050 E0.14926 F600
G1 X101.0148 Y138.4113 Z13.7050 E0.09509 F600
G1 X100.7027 Y138.3193 Z13.9050 E0.03430 F600
G1 X100.9987 Y138.2450 Z14.0514 E0.03040 F600
G1 X101.6190 Y138.1965 Z14.1050 E0.05608 F600
G1 X102.1953 Y138.1831 Z14.0514 E0.05199 F600
G1 X102.3770 Y138.2366 Z13.9050 E0.02150 F600
G1 X101.9170 Y138.3681 Z13.7050 E0.04656 F600
G1 X100.7238 Y138.5130 Z13.5050 E0.10942 F600
G1 X98.9172 Y138.5040 Z13.3586 E0.16277 F600
G1 X96.8652 Y138.1348 Z13.3050 E0.18730 F600
G1 X95.0627 Y137.3508 Z13.3586 E0.17658 F600
G1 X93.8526 Y136.3794 Z13.5050 E0.13997 F600
G1 X93.2698 Y135.5936 Z13.7050 E0.08968 F600
G1 X93.1603 Y135.2507 Z13.9050 E0.03698 F600
G1 X93.3608 Y135.3621 Z14.0514 E0.02443 F600
G1 X93.7299 Y135.7394 Z14.1050 E0.04765 F600
G1 X94.0790 Y136.1299 Z14.0514 E0.04728 F600
G1 X94.1658 Y136.3264 Z13.9050 E0.02334 F600
G1 X93.8121 Y136.1741 Z13.7050 E0.03897 F600
G1 X93.0526 Y135.5223 Z13.5050 E0.09165 F600
G1 X92.1834 Y134.2567 Z13.3586 E0.13850 F600
G1 X91.6083 Y132.4486 Z13.3050 E0.17046 F600
G1 X91.5409 Y130.4427 Z13.3586 E0.18030 F600
G1 X91.8528 Y128.7065 Z13.5050 E0.15896 F600
G1 X92.2397 Y127.5779 Z13.7050 E0.10864 F600
G1 X92.4706 Y127.1595 Z13.9050 E0.04652 F600
G1 X92.4842 Y127.3540 Z14.0514 E0.02190 F600
G1 X92.3501 Y127.9174 Z14.1050 E0.05223 F600
G1 X92.1787 Y128.5100 Z14.0514 E0.05560 F600
G1 X92.0467 Y128.7778 Z13.9050 E0.02987 F600
G1 X92.0125 Y128.4503 Z13.7050 E0.03460 F600
G1 X92.1845 Y127.4196 Z13.5050 E0.09555 F600
G1 X92.6892 Y125.8016 Z13.3586 E0.15277 F600
G1 X93.5109 Y123.9279 Z13.3050 E0.18380 F600
G1 X94.4241 Y122.1948 Z13.3586 E0.17598 F600
G1 X95.1694 Y120.8783 Z13.5050 E0.13649 F600
G1 X95.6442 Y120.0868 Z13.7050 E0.08481 F600
G1 X95.8750 Y119.8121 Z13.9050 E0.03689 F600
G1 X95.9015 Y119.9608 Z14.0514 E0.01889 F600
G1 X95.7577 Y120.3624 Z14.1050 E0.03861 F600
G1 X95.5283 Y120.7837 Z14.0514 E0.04335 F600
G1 X95.3551 Y120.9667 Z13.9050 E0.02616 F600
G1 X95.3647 Y120.7095 Z13.7050 E0.02927 F600
G1 X95.5792 Y119.9577 Z13.5050 E0.07246 F600
G1 X95.8656 Y118.8232 Z13.3586 E0.10590 F600
G1 X96.0000 Y117.5000 Z13.3050 E0.11954 F600
G1 X95.8656 Y116.1768 Z13.3586 E0.11954 F600
G1 X95.5792 Y115.0423 Z13.5050 E0.10590 F600
G1 X95.3647 Y114.2905 Z13.7050 E0.07246 F600
G1 X95.3551 Y114.0333 Z13.9050 E0.02927 F600
G1 X95.5283 Y114.2163 Z14.0514 E0.02616 F600
G1 X95.7577 Y114.6376 Z14.1050 E0.04335 F600
G1 X95.9015 Y115.0392 Z14.0514 E0.03861 F600
G1 X95.8750 Y115.1879 Z13.9050 E0.01889 F600
G1 X95.6442 Y114.9132 Z13.7050 E0.03689 F600
G1 X95.1694 Y114.1217 Z13.5050 E0.08481 F600
G1 X94.4241 Y112.8052 Z13.3586 E0.13649 F600
G1 X93.5109 Y111.0721 Z13.3050 E0.17598 F600
G1 X92.6892 Y109.1984 Z13.3586 E0.18380 F600
G1 X92.1845 Y107.5804 Z13.5050 E0.15277 F600
G1 X92.0125 Y106.5497 Z13.7050 E0.09555 F600
G1 X92.0467 Y106.2222 Z13.9050 E0.03460 F600
G1 X92.1787 Y106.4900 Z14.0514 E0.02987 F600
G1 X92.3501 Y107.0826 Z14.1050 E0.05560 F600
G1 X92.4842 Y107.6460 Z14.0514 E0.05223 F600
G1 X92.4706 Y107.8405 Z13.9050 E0.02190 F600
G1 X92.2397 Y107.4221 Z13.7050 E0.04652 F600
G1 X91.8528 Y106.2935 Z13.5050 E0.10864 F600
G1 X91.5409 Y104.5573 Z13.3586 E0.15896 F600
G1 X91.6083 Y102.5514 Z13.3050 E0.18030 F600
G1 X92.1834 Y100.7433 Z13.3586 E0.17046 F600
G1 X93.0526 Y99.4777 Z13.5050 E0.13850 F600
G1 X93.8121 Y98.8259 Z13.7050 E0.09165 F600
G1 X94.1658 Y98.6736 Z13.9050 E0.03897 F600
G1 X94.0790 Y98.8701 Z14.0514 E0.02334 F600
G1 X93.7299 Y99.2606 Z14.1050 E0.04728 F600
G1 X93.3608 Y99.6379 Z14.0514 E0.04765 F600
G1 X93.1603 Y99.7493 Z13.9050 E0.02443 F600
G1 X93.2698 Y99.4064 Z13.7050 E0.03698 F600
G1 X93.8526 Y98.6206 Z13.5050 E0.08968 F600
G1 X95.0627 Y97.6492 Z13.3586 E0.13997 F600
G1 X96.8652 Y96.8652 Z13.3050 E0.17658 F600
G1 X98.9172 Y96.4960 Z13.3586 E0.18730 F600
G1 X100.7238 Y96.4870 Z13.5050 E0.16277 F600
G1 X101.9170 Y96.6319 Z13.7050 E0.10942 F600
G1 X102.3770 Y96.7634 Z13.9050 E0.04656 F600
G1 X102.1953 Y96.8169 Z14.0514 E0.02150 F600
G1 X101.6190 Y96.8035 Z14.1050 E0.05199 F600
G1 X100.9987 Y96.7550 Z14.0514 E0.05608 F600
G1 X100.7027 Y96.6807 Z13.9050 E0.03040 F600
G1 X101.0148 Y96.5887 Z13.7050 E0.03430 F600
G1 X102.0538 Y96.5471 Z13.5050 E0.09509 F600
G1 X103.7057 Y96.6591 Z13.3586 E0.14926 F600
G1 X105.6250 Y96.9319 Z13.3050 E0.17416 F600
G1 X107.3942 Y97.2308 Z13.3586 E0.16120 F600
G1 X108.7304 Y97.4300 Z13.5050 E0.12204 F600
G1 X109.5372 Y97.5410 Z13.7050 E0.07530 F600
G1 X109.8350 Y97.6388 Z13.9050 E0.03340 F600
G1 X109.7149 Y97.7363 Z14.0514 E0.01913 F600
G1 X109.3326 Y97.7821 Z14.1050 E0.03491 F600
G1 X108.9102 Y97.7447 Z14.0514 E0.03838 F600
G1 X108.7063 Y97.6531 Z13.9050 E0.02400 F600
G1 X108.9285 Y97.5493 Z13.7050 E0.02842 F600
G1 X109.6301 Y97.4155 Z13.5050 E0.06661 F600
G1 X110.6872 Y97.1387 Z13.3586 E0.09900 F600
G1 X111.8957 Y96.5845 Z13.3050 E0.11949 F600
G1 X113.0798 Y95.7738 Z13.3586 E0.12895 F600
G1 X114.0887 Y94.9514 Z13.5050 E0.11763 F600
G1 X114.7673 Y94.4112 Z13.7050 E0.07993 F600
G1 X115.0186 Y94.2922 Z13.9050 E0.03076 F600
G1 X114.8832 Y94.5329 Z14.0514 E0.02807 F600
G1 X114.5291 Y94.9341 Z14.1050 E0.04829 F600
G1 X114.1753 Y95.2537 Z14.0514 E0.04309 F600
G1 X114.0245 Y95.2987 Z13.9050 E0.01930 F600
G1 X114.2308 Y94.9528 Z13.7050 E0.04038 F600
G1 X114.8826 Y94.1549 Z13.5050 E0.09425 F600
G1 X115.9974 Y92.9326 Z13.3586 E0.14915 F600
G1 X117.5000 Y91.5000 Z13.3050 E0.18650 F600
G1 X119.1678 Y90.2313 Z13.3586 E0.18825 F600
G1 X120.6486 Y89.4173 Z13.5050 E0.15231 F600
G1 X121.6207 Y89.0801 Z13.7050 E0.09413 F600
G1 X121.9509 Y89.0680 Z13.9050 E0.03468 F600
G1 X121.7235 Y89.2402 Z14.0514 E0.02879 F600
G1 X121.1860 Y89.5022 Z14.1050 E0.05391 F600
G1 X120.6642 Y89.7283 Z14.0514 E0.05130 F600
G1 X120.4672 Y89.7483 Z13.9050 E0.02211 F600
G1 X120.8204 Y89.4458 Z13.7050 E0.04546 F600
G1 X121.8297 Y88.8808 Z13.5050 E0.10541 F600
G1 X123.4335 Y88.3357 Z13.3586 E0.15269 F600
G1 X125.3543 Y88.1874 Z13.3050 E0.17307 F600
G1 X127.1658 Y88.6120 Z13.3586 E0.16716 F600
G1 X128.5101 Y89.4014 Z13.5050 E0.14061 F600
G1 X129.2578 Y90.1330 Z13.7050 E0.09564 F600
G1 X129.4674 Y90.4904 Z13.9050 E0.04132 F600
G1 X129.2731 Y90.4238 Z14.0514 E0.02265 F600
G1 X128.8494 Y90.1001 Z14.1050 E0.04812 F600
G1 X128.4310 Y89.7501 Z14.0514 E0.04922 F600
G1 X128.2873 Y89.5483 Z13.9050 E0.02584 F600
G1 X128.6209 Y89.6253 Z13.7050 E0.03561 F600
G1 X129.4509 Y90.1493 Z13.5050 E0.08996 F600
G1 X130.5666 Y91.2925 Z13.3586 E0.14405 F600
G1 X131.6250 Y93.0348 Z13.3050 E0.18313 F600
G1 X132.3694 Y95.0347 Z13.3586 E0.19170 F600
G1 X132.7611 Y96.7981 Z13.5050 E0.16275 F600
G1 X132.8982 Y97.9675 Z13.7050 E0.10725 F600
G1 X132.8837 Y98.4327 Z13.9050 E0.04549 F600
G1 X132.7887 Y98.2795 Z14.0514 E0.02086 F600
G1 X132.6658 Y97.7355 Z14.1050 E0.05032 F600
G1 X132.5711 Y97.1325 Z14.0514 E0.05502 F600
G1 X132.5754 Y96.8287 Z13.9050 E0.03029 F600
G1 X132.7308 Y97.1035 Z13.7050 E0.03356 F600
G1 X133.0116 Y98.0709 Z13.5050 E0.09223 F600
G1 X133.3291 Y99.6085 Z13.3586 E0.14160 F600
G1 X133.6348 Y101.3652 Z13.3050 E0.16020 F600
G1 X133.9583 Y102.9390 Z13.3586 E0.14436 F600
G1 X134.2947 Y104.0916 Z13.5050 E0.10863 F600
G1 X134.5344 Y104.7798 Z13.7050 E0.06787 F600
G1 X134.5683 Y105.0523 Z13.9050 E0.03050 F600
G1 X134.4114 Y104.9863 Z14.0514 E0.02017 F600
G1 X134.1910 Y104.6926 Z14.1050 E0.03332 F600
G1 X134.0445 Y104.3399 Z14.0514 E0.03463 F600
G1 X134.0524 Y104.1453 Z13.9050 E0.02188 F600
G1 X134.2559 Y104.2907 Z13.7050 E0.02876 F600
G1 X134.7074 Y104.8149 Z13.5050 E0.06468 F600
G1 X135.4896 Y105.5930 Z13.3586 E0.09994 F600
G1 X136.6417 Y106.4486 Z13.3050 E0.12896 F600
G1 X138.0176 Y107.2703 Z13.3586 E0.14400 F600
G1 X139.2736 Y107.9861 Z13.5050 E0.13048 F600
G1 X140.0733 Y108.4941 Z13.7050 E0.08697 F600
G1 X140.2835 Y108.7072 Z13.9050 E0.03233 F600
G1 X139.9978 Y108.6379 Z14.0514 E0.02950 F600
G1 X139.4679 Y108.4006 Z14.1050 E0.05236 F600
G1 X139.0102 Y108.1471 Z14.0514 E0.04723 F600
G1 X138.9032 Y108.0167 Z13.9050 E0.02006 F600
G1 X139.3302 Y108.1210 Z13.7050 E0.04336 F600
G1 X140.3676 Y108.5396 Z13.5050 E0.10205 F600
G1 X141.9385 Y109.3230 Z13.3586 E0.15819 F600
G1 X143.7391 Y110.4693 Z13.3050 E0.19174 F600
G1 X145.3145 Y111.8411 Z13.3586 E0.18766 F600
G1 X146.3372 Y113.1373 Z13.5050 E0.14885 F600
G1 X146.7872 Y114.0336 Z13.7050 E0.09184 F600
G1 X146.8346 Y114.3635 Z13.9050 E0.03491 F600
G1 X146.6402 Y114.1799 Z14.0514 E0.02738 F600
G1 X146.3214 Y113.7056 Z14.1050 E0.05155 F600
G1 X146.0343 Y113.2355 Z14.0514 E0.04970 F600
G1 X145.9885 Y113.0403 Z13.9050 E0.02230 F600
G1 X146.3318 Y113.3196 Z13.7050 E0.04361 F600
G1 X147.0069 Y114.1918 Z13.5050 E0.10066 F600
G1 X147.7018 Y115.6528 Z13.3586 E0.14588 F600
G1 X148.0000 Y117.5000 Z13.3050 E0.16810 F600
G1 X147.7018 Y119.3472 Z13.3586 E0.16810 F600
G1 X147.0069 Y120.8082 Z13.5050 E0.14588 F600
G1 X146.3318 Y121.6804 Z13.7050 E0.10066 F600
G1 X145.9885 Y121.9597 Z13.9050 E0.04361 F600
G1 X146.0343 Y121.7645 Z14.0514 E0.02230 F600
G1 X146.3214 Y121.2944 Z14.1050 E0.04970 F600
; row 26/57
G1 X147.5118 Y116.9761 Z14.5514 E0.40425 F600
G1 X147.5826 Y116.7663 Z14.4050 E0.02384 F600
G1 X147.7378 Y117.1042 Z14.2050 E0.03791 F600
G1 X147.8486 Y118.0843 Z14.0050 E0.09038 F600
G1 X147.6216 Y119.6063 Z13.8586 E0.13882 F600
G1 X146.8171 Y121.3597 Z13.8050 E0.17330 F600
G1 X145.5231 Y122.9471 Z13.8586 E0.18398 F600
G1 X144.1484 Y124.0934 Z14.0050 E0.16127 F600
G1 X143.1282 Y124.7279 Z14.2050 E0.10938 F600
G1 X142.6847 Y124.9109 Z14.4050 E0.04668 F600
G1 X142.7955 Y124.7534 Z14.5514 E0.02173 F600
G1 X143.2561 Y124.4013 Z14.6050 E0.05228 F600
G1 X143.7684 Y124.0495 Z14.5514 E0.05602 F600
G1 X144.0436 Y123.9230 Z14.4050 E0.03021 F600
G1 X143.8597 Y124.1945 Z14.2050 E0.03450 F600
G1 X143.0723 Y124.8825 Z14.0050 E0.09560 F600
G1 X141.6810 Y125.8262 Z13.8586 E0.15155 F600
G1 X139.9299 Y126.7908 Z13.8050 E0.17960 F600
G1 X138.2387 Y127.6150 Z13.8586 E0.16901 F600
G1 X136.9465 Y128.2338 Z14.0050 E0.12934 F600
G1 X136.1612 Y128.6023 Z14.2050 E0.07994 F600
G1 X135.8375 Y128.6920 Z14.4050 E0.03511 F600
G1 X135.8906 Y128.5502 Z14.5514 E0.01892 F600
G1 X136.2086 Y128.3014 Z14.6050 E0.03658 F600
G1 X136.6081 Y128.0918 Z14.5514 E0.04080 F600
G1 X136.8418 Y128.0468 Z14.4050 E0.02510 F600
G1 X136.7022 Y128.2538 Z14.2050 E0.02873 F600
G1 X136.1487 Y128.7509 Z14.0050 E0.06919 F600
G1 X135.3532 Y129.5421 Z13.8586 E0.10161 F600
G1 X134.5876 Y130.6118 Z13.8050 E0.11822 F600
G1 X134.0192 Y131.8599 Z13.8586 E0.12325 F600
G1 X133.6425 Y133.0328 Z14.0050 E0.11140 F600
G1 X133.3977 Y133.8195 Z14.2050 E0.07614 F600
G1 X133.2611 Y134.0492 Z14.4050 E0.02997 F600
G1 X133.2277 Y133.7865 Z14.5514 E0.02717 F600
G1 X133.2812 Y133.2812 Z14.6050 E0.04588 F600
G1 X133.3876 Y132.8424 Z14.5514 E0.04083 F600
G1 X133.4887 Y132.7274 Z14.4050 E0.01903 F600
G1 X133.5213 Y133.1073 Z14.2050 E0.03867 F600
G1 X133.4568 Y134.0832 Z14.0050 E0.08965 F600
G1 X133.2879 Y135.6619 Z13.8586 E0.14318 F600
G1 X132.9702 Y137.6612 Z13.8050 E0.18186 F600
G1 X132.4572 Y139.6750 Z13.8586 E0.18668 F600
G1 X131.8299 Y141.2522 Z14.0050 E0.15299 F600
G1 X131.3036 Y142.1481 Z14.2050 E0.09502 F600
G1 X131.0637 Y142.3746 Z14.4050 E0.03465 F600
G1 X131.1302 Y142.0896 Z14.5514 E0.02939 F600
G1 X131.3750 Y141.5322 Z14.6050 E0.05488 F600
G1 X131.6302 Y141.0166 Z14.5514 E0.05189 F600
G1 X131.7663 Y140.8746 Z14.4050 E0.02202 F600
G1 X131.6834 Y141.3402 Z14.2050 E0.04611 F600
G1 X131.2670 Y142.4419 Z14.0050 E0.10728 F600
G1 X130.3941 Y143.9369 Z13.8586 E0.15602 F600
G1 X129.0408 Y145.3619 Z13.8050 E0.17655 F600
G1 X127.4133 Y146.2905 Z13.8586 E0.16833 F600
G1 X125.9078 Y146.6241 Z14.0050 E0.13910 F600
G1 X124.8874 Y146.5878 Z14.2050 E0.09344 F600
G1 X124.5082 Y146.4619 Z14.4050 E0.04012 F600
G1 X124.7001 Y146.3780 Z14.5514 E0.02295 F600
G1 X125.2249 Y146.3297 Z14.6050 E0.04757 F600
G1 X125.7595 Y146.3043 Z14.5514 E0.04830 F600
G1 X125.9917 Y146.3576 Z14.4050 E0.02511 F600
G1 X125.6876 Y146.5311 Z14.2050 E0.03621 F600
G1 X124.7269 Y146.7089 Z14.0050 E0.08956 F600
G1 X123.1580 Y146.6079 Z13.8586 E0.14179 F600
G1 X121.2512 Y145.9936 Z13.8050 E0.17996 F600
G1 X119.4187 Y144.9386 Z13.8586 E0.18995 F600
G1 X118.0064 Y143.8026 Z14.0050 E0.16330 F600
G1 X117.1668 Y142.9535 Z14.2050 E0.10872 F600
G1 X116.8886 Y142.5703 Z14.4050 E0.04617 F600
G1 X117.0612 Y142.6375 Z14.5514 E0.02121 F600
G1 X117.5000 Y143.0000 Z14.6050 E0.05134 F600
G1 X117.9525 Y143.4217 Z14.5514 E0.05575 F600
G1 X118.1381 Y143.6645 Z14.4050 E0.03043 F600
G1 X117.8409 Y143.5421 Z14.2050 E0.03400 F600
G1 X117.0103 Y142.9379 Z14.0050 E0.09397 F600
G1 X115.7960 Y141.8679 Z13.8586 E0.14593 F600
G1 X114.4639 Y140.5616 Z13.8050 E0.16762 F600
G1 X113.2487 Y139.3710 Z13.8586 E0.15285 F600
G1 X112.2976 Y138.5263 Z14.0050 E0.11498 F600
G1 X111.7084 Y138.0354 Z14.2050 E0.07118 F600
G1 X111.5242 Y137.8080 Z14.4050 E0.03184 F600
G1 X111.6835 Y137.7844 Z14.5514 E0.01955 F600
G1 X112.0251 Y137.9326 Z14.6050 E0.03378 F600
G1 X112.3459 Y138.1720 Z14.5514 E0.03627 F600
G1 X112.4546 Y138.3505 Z14.4050 E0.02291 F600
G1 X112.2105 Y138.3276 Z14.2050 E0.02842 F600
G1 X111.5543 Y138.0955 Z14.0050 E0.06503 F600
G1 X110.5056 Y137.8132 Z13.8586 E0.09841 F600
G1 X109.1412 Y137.6799 Z13.8050 E0.12320 F600
G1 X107.6282 Y137.7402 Z13.8586 E0.13607 F600
G1 X106.2594 Y137.8647 Z14.0050 E0.12412 F600
G1 X105.3518 Y137.9192 Z14.2050 E0.08360 F600
G1 X105.0668 Y137.8712 Z14.4050 E0.03157 F600
G1 X105.3288 Y137.7563 Z14.5514 E0.02886 F600
G1 X105.8750 Y137.6351 Z14.6050 E0.05048 F600
G1 X106.3725 Y137.5746 Z14.5514 E0.04526 F600
G1 X106.5285 Y137.6208 Z14.4050 E0.01966 F600
G1 X106.1396 Y137.7855 Z14.2050 E0.04196 F600
G1 X105.0970 Y138.0583 Z14.0050 E0.09843 F600
G1 X103.4167 Y138.3794 Z13.8586 E0.15419 F600
G1 X101.3146 Y138.5932 Z13.8050 E0.18980 F600
G1 X99.2168 Y138.5325 Z13.8586 E0.18853 F600
G1 X97.5751 Y138.2071 Z14.0050 E0.15086 F600
G1 X96.6318 Y137.8289 Z14.2050 E0.09302 F600
G1 X96.3767 Y137.6175 Z14.4050 E0.03475 F600
G1 X96.6530 Y137.6317 Z14.5514 E0.02811 F600
G1 X97.2188 Y137.7812 Z14.6050 E0.05277 F600
G1 X97.7536 Y137.9480 Z14.5514 E0.05054 F600
G1 X97.9163 Y138.0629 Z14.4050 E0.02220 F600
G1 X97.4615 Y138.0701 Z14.2050 E0.04462 F600
G1 X96.3522 Y137.8489 Z14.0050 E0.10315 F600
G1 X94.8248 Y137.2112 Z13.8586 E0.14922 F600
G1 X93.3333 Y136.0438 Z13.8050 E0.17016 F600
G1 X92.2988 Y134.4984 Z13.8586 E0.16707 F600
G1 X91.8382 Y132.9819 Z14.0050 E0.14293 F600
G1 X91.7687 Y131.9102 Z14.2050 E0.09810 F600
G1 X91.8464 Y131.4884 Z14.4050 E0.04250 F600
G1 X91.9439 Y131.6660 Z14.5514 E0.02244 F600
G1 X92.0414 Y132.1986 Z14.6050 E0.04886 F600
G1 X92.1177 Y132.7512 Z14.5514 E0.05033 F600
G1 X92.0917 Y133.0075 Z14.4050 E0.02661 F600
G1 X91.9018 Y132.7293 Z14.2050 E0.03518 F600
G1 X91.6399 Y131.7738 Z14.0050 E0.09077 F600
G1 X91.5617 Y130.1510 Z13.8586 E0.14650 F600
G1 X91.8881 Y128.1088 Z13.8050 E0.18579 F600
G1 X92.5774 Y126.0816 Z13.8586 E0.19234 F600
G1 X93.3527 Y124.4711 Z14.0050 E0.16105 F600
G1 X93.9443 Y123.4824 Z14.2050 E0.10501 F600
G1 X94.2312 Y123.1305 Z14.4050 E0.04455 F600
G1 X94.2183 Y123.3048 Z14.5514 E0.02047 F600
G1 X93.9939 Y123.7984 Z14.6050 E0.04894 F600
G1 X93.7068 Y124.3226 Z14.5514 E0.05388 F600
G1 X93.5191 Y124.5567 Z14.4050 E0.02998 F600
G1 X93.5617 Y124.2513 Z14.2050 E0.03300 F600
G1 X93.9132 Y123.3359 Z14.0050 E0.08987 F600
G1 X94.5442 Y121.9621 Z13.8586 E0.13639 F600
G1 X95.2620 Y120.4277 Z13.8050 E0.15220 F600
G1 X95.8151 Y119.0164 Z13.8586 E0.13621 F600
G1 X96.1081 Y117.9118 Z14.0050 E0.10346 F600
G1 X96.2422 Y117.2217 Z14.2050 E0.06564 F600
G1 X96.3479 Y116.9841 Z14.4050 E0.02946 F600
G1 X96.4526 Y117.1326 Z14.5514 E0.02095 F600
G1 X96.5000 Y117.5000 Z14.6050 E0.03361 F600
G1 X96.4526 Y117.8674 Z14.5514 E0.03361 F600
G1 X96.3479 Y118.0159 Z14.4050 E0.02095 F600
G1 X96.2422 Y117.7783 Z14.2050 E0.02946 F600
G1 X96.1081 Y117.0882 Z14.0050 E0.06564 F600
G1 X95.8151 Y115.9836 Z13.8586 E0.10346 F600
G1 X95.2620 Y114.5723 Z13.8050 E0.13621 F600
G1 X94.5442 Y113.0379 Z13.8586 E0.15220 F600
G1 X93.9132 Y111.6641 Z14.0050 E0.13639 F600
G1 X93.5617 Y110.7487 Z14.2050 E0.08987 F600
G1 X93.5191 Y110.4433 Z14.4050 E0.03300 F600
G1 X93.7068 Y110.6774 Z14.5514 E0.02998 F600
G1 X93.9939 Y111.2016 Z14.6050 E0.05388 F600
G1 X94.2183 Y111.6952 Z14.5514 E0.04894 F600
G1 X94.2312 Y111.8695 Z14.4050 E0.02047 F600
G1 X93.9443 Y111.5176 Z14.2050 E0.04455 F600
G1 X93.3527 Y110.5289 Z14.0050 E0.10501 F600
G1 X92.5774 Y108.9184 Z13.8586 E0.16105 F600
G1 X91.8881 Y106.8912 Z13.8050 E0.19234 F600
G1 X91.5617 Y104.8490 Z13.8586 E0.18579 F600
G1 X91.6399 Y103.2262 Z14.0050 E0.14650 F600
G1 X91.9018 Y102.2707 Z14.2050 E0.09077 F600
G1 X92.0917 Y101.9925 Z14.4050 E0.03518 F600
G1 X92.1177 Y102.2488 Z14.5514 E0.02661 F600
G1 X92.0414 Y102.8014 Z14.6050 E0.05033 F600
G1 X91.9439 Y103.3340 Z14.5514 E0.04886 F600
G1 X91.8464 Y103.5116 Z14.4050 E0.02244 F600
G1 X91.7687 Y103.0898 Z14.2050 E0.04250 F600
G1 X91.8382 Y102.0181 Z14.0050 E0.09810 F600
G1 X92.2988 Y100.5016 Z13.8586 E0.14293 F600
G1 X93.3333 Y98.9562 Z13.8050 E0.16707 F600
G1 X94.8248 Y97.7888 Z13.8586 E0.17016 F600
G1 X96.3522 Y97.1511 Z14.0050 E0.14922 F600
G1 X97.4615 Y96.9299 Z14.2050 E0.10315 F600
G1 X97.9163 Y96.9371 Z14.4050 E0.04462 F600
G1 X97.7536 Y97.0520 Z14.5514 E0.02220 F600
G1 X97.2188 Y97.2188 Z14.6050 E0.05054 F600
G1 X96.6530 Y97.3683 Z14.5514 E0.05277 F600
G1 X96.3767 Y97.3825 Z14.4050 E0.02811 F600
G1 X96.6318 Y97.1711 Z14.2050 E0.03475 F600
G1 X97.5751 Y96.7929 Z14.0050 E0.09302 F600
G1 X99.2168 Y96.4675 Z13.8586 E0.15086 F600
G1 X101.3146 Y96.4068 Z13.8050 E0.18853 F600
G1 X103.4167 Y96.6206 Z13.8586 E0.18980 F600
G1 X105.0970 Y96.9417 Z14.0050 E0.15419 F600
G1 X106.1396 Y97.2145 Z14.2050 E0.09843 F600
G1 X106.5285 Y97.3792 Z14.4050 E0.04196 F600
G1 X106.3725 Y97.4254 Z14.5514 E0.01966 F600
G1 X105.8750 Y97.3649 Z14.6050 E0.04526 F600
G1 X105.3288 Y97.2437 Z14.5514 E0.05048 F600
G1 X105.0668 Y97.1288 Z14.4050 E0.02886 F600
G1 X105.3518 Y97.0808 Z14.2050 E0.03157 F600
G1 X106.2594 Y97.1353 Z14.0050 E0.08360 F600
G1 X107.6282 Y97.2598 Z13.8586 E0.12412 F600
G1 X109.1412 Y97.3201 Z13.8050 E0.13607 F600
G1 X110.5056 Y97.1868 Z13.8586 E0.12320 F600
G1 X111.5543 Y96.9045 Z14.0050 E0.09841 F600
G1 X112.2105 Y96.6724 Z14.2050 E0.06503 F600
G1 X112.4546 Y96.6495 Z14.4050 E0.02842 F600
G1 X112.3459 Y96.8280 Z14.5514 E0.02291 F600
G1 X112.0251 Y97.0674 Z14.6050 E0.03627 F600
G1 X111.6835 Y97.2156 Z14.5514 E0.03378 F600
G1 X111.5242 Y97.1920 Z14.4050 E0.01955 F600
G1 X111.7084 Y96.9646 Z14.2050 E0.03184 F600
G1 X112.2976 Y96.4737 Z14.0050 E0.07118 F600
G1 X113.2487 Y95.6290 Z13.8586 E0.11498 F600
G1 X114.4639 Y94.4384 Z13.8050 E0.15285 F600
G1 X115.7960 Y93.1321 Z13.8586 E0.16762 F600
G1 X117.0103 Y92.0621 Z14.0050 E0.14593 F600
G1 X117.8409 Y91.4579 Z14.2050 E0.09397 F600
G1 X118.1381 Y91.3355 Z14.4050 E0.03400 F600
G1 X117.9525 Y91.5783 Z14.5514 E0.03043 F600
G1 X117.5000 Y92.0000 Z14.6050 E0.05575 F600
G1 X117.0612 Y92.3625 Z14.5514 E0.05134 F600
G1 X116.8886 Y92.4297 Z14.4050 E0.02121 F600
G1 X117.1668 Y92.0465 Z14.2050 E0.04617 F600
G1 X118.0064 Y91.1974 Z14.0050 E0.10872 F600
G1 X119.4187 Y90.0614 Z13.8586 E0.16330 F600
G1 X121.2512 Y89.0064 Z13.8050 E0.18995 F600
G1 X123.1580 Y88.3921 Z13.8586 E0.17996 F600
G1 X124.7269 Y88.2911 Z14.0050 E0.14179 F600
G1 X125.6876 Y88.4689 Z14.2050 E0.08956 F600
G1 X125.9917 Y88.6424 Z14.4050 E0.03621 F600
G1 X125.7595 Y88.6957 Z14.5514 E0.02511 F600
G1 X125.2249 Y88.6703 Z14.6050 E0.04830 F600
G1 X124.7001 Y88.6220 Z14.5514 E0.04757 F600
G1 X124.5082 Y88.5381 Z14.4050 E0.02295 F600
G1 X124.8874 Y88.4122 Z14.2050 E0.04012 F600
G1 X125.9078 Y88.3759 Z14.0050 E0.09344 F600
G1 X127.4133 Y88.7095 Z13.8586 E0.13910 F600
G1 X129.0408 Y89.6381 Z13.8050 E0.16833 F600
G1 X130.3941 Y91.0631 Z13.8586 E0.17655 F600
G1 X131.2670 Y92.5581 Z14.0050 E0.15602 F600
G1 X131.6834 Y93.6598 Z14.2050 E0.10728 F600
G1 X131.7663 Y94.1254 Z14.4050 E0.04611 F600
G1 X131.6302 Y93.9834 Z14.5514 E0.02202 F600
G1 X131.3750 Y93.4678 Z14.6050 E0.05189 F600
G1 X131.1302 Y92.9104 Z14.5514 E0.05488 F600
G1 X131.0637 Y92.6254 Z14.4050 E0.02939 F600
G1 X131.3036 Y92.8519 Z14.2050 E0.03465 F600
G1 X131.8299 Y93.7478 Z14.0050 E0.09502 F600
G1 X132.4572 Y95.3250 Z13.8586 E0.15299 F600
G1 X132.9702 Y97.3388 Z13.8050 E0.18668 F600
G1 X133.2879 Y99.3381 Z13.8586 E0.18186 F600
G1 X133.4568 Y100.9168 Z14.0050 E0.14318 F600
G1 X133.5213 Y101.8927 Z14.2050 E0.08965 F600
G1 X133.4887 Y102.2726 Z14.4050 E0.03867 F600
G1 X133.3876 Y102.1576 Z14.5514 E0.01903 F600
G1 X133.2812 Y101.7188 Z14.6050 E0.04083 F600
G1 X133.2277 Y101.2135 Z14.5514 E0.04588 F600
G1 X133.2611 Y100.9508 Z14.4050 E0.02717 F600
G1 X133.3977 Y101.1805 Z14.2050 E0.02997 F600
G1 X133.6425 Y101.9672 Z14.0050 E0.07614 F600
G1 X134.0192 Y103.1401 Z13.8586 E0.11140 F600
G1 X134.5876 Y104.3882 Z13.8050 E0.12325 F600
G1 X135.3532 Y105.4579 Z13.8586 E0.11822 F600
G1 X136.1487 Y106.2491 Z14.0050 E0.10161 F600
G1 X136.7022 Y106.7462 Z14.2050 E0.06919 F600
G1 X136.8418 Y106.9532 Z14.4050 E0.02873 F600
G1 X136.6081 Y106.9082 Z14.5514 E0.02510 F600
G1 X136.2086 Y106.6986 Z14.6050 E0.04080 F600
G1 X135.8906 Y106.4498 Z14.5514 E0.03658 F600
G1 X135.8375 Y106.3080 Z14.4050 E0.01892 F600
G1 X136.1612 Y106.3977 Z14.2050 E0.03511 F600
G1 X136.9465 Y106.7662 Z14.0050 E0.07994 F600
G1 X138.2387 Y107.3850 Z13.8586 E0.12934 F600
G1 X139.9299 Y108.2092 Z13.8050 E0.16901 F600
G1 X141.6810 Y109.1738 Z13.8586 E0.17960 F600
G1 X143.0723 Y110.1175 Z14.0050 E0.15155 F600
G1 X143.8597 Y110.8055 Z14.2050 E0.09560 F600
G1 X144.0436 Y111.0770 Z14.4050 E0.03450 F600
G1 X143.7684 Y110.9505 Z14.5514 E0.03021 F600
G1 X143.2561 Y110.5987 Z14.6050 E0.05602 F600
G1 X142.7955 Y110.2466 Z14.5514 E0.05228 F600
G1 X142.6847 Y110.0891 Z14.4050 E0.02173 F600
G1 X143.1282 Y110.2721 Z14.2050 E0.04668 F600
G1 X144.1484 Y110.9066 Z14.0050 E0.10938 F600
G1 X145.5231 Y112.0529 Z13.8586 E0.16127 F600
G1 X146.8171 Y113.6403 Z13.8050 E0.18398 F600
G1 X147.6216 Y115.3937 Z13.8586 E0.17330 F600
G1 X147.8486 Y116.9157 Z14.0050 E0.13882 F600
G1 X147.7378 Y117.8958 Z14.2050 E0.09038 F600
G1 X147.5826 Y118.2337 Z14.4050 E0.03791 F600
G1 X147.5118 Y118.0239 Z14.5514 E0.02384 F600
G1 X147.5000 Y117.5000 Z14.6050 E0.04730 F600
; row 27/57
G1 X146.6402 Y120.8201 Z15.0514 E0.31059 F600
G1 X146.8346 Y120.6365 Z14.9050 E0.02738 F600
G1 X146.7872 Y120.9664 Z14.7050 E0.03491 F600
G1 X146.3372 Y121.8627 Z14.5050 E0.09184 F600
G1 X145.3145 Y123.1589 Z14.3586 E0.14885 F600
G1 X143.7391 Y124.5307 Z14.3050 E0.18766 F600
G1 X141.9385 Y125.6770 Z14.3586 E0.19174 F600
G1 X140.3676 Y126.4604 Z14.5050 E0.15819 F600
G1 X139.3302 Y126.8790 Z14.7050 E0.10205 F600
G1 X138.9032 Y126.9833 Z14.9050 E0.04336 F600
G1 X139.0102 Y126.8529 Z15.0514 E0.02006 F600
G1 X139.4679 Y126.5994 Z15.1050 E0.04723 F600
G1 X139.9978 Y126.3621 Z15.0514 E0.05236 F600
G1 X140.2835 Y126.2928 Z14.9050 E0.02950 F600
G1 X140.0733 Y126.5059 Z14.7050 E0.03233 F600
G1 X139.2736 Y127.0139 Z14.5050 E0.08697 F600
G1 X138.0176 Y127.7297 Z14.3586 E0.13048 F600
G1 X136.6417 Y128.5514 Z14.3050 E0.14400 F600
G1 X135.4896 Y129.4070 Z14.3586 E0.12896 F600
G1 X134.7074 Y130.1851 Z14.5050 E0.09994 F600
G1 X134.2559 Y130.7093 Z14.7050 E0.06468 F600
G1 X134.0524 Y130.8547 Z14.9050 E0.02876 F600
G1 X134.0445 Y130.6601 Z15.0514 E0.02188 F600
G1 X134.1910 Y130.3074 Z15.1050 E0.03463 F600
G1 X134.4114 Y130.0137 Z15.0514 E0.03332 F600
G1 X134.5683 Y129.9477 Z14.9050 E0.02017 F600
G1 X134.5344 Y130.2202 Z14.7050 E0.03050 F600
G1 X134.2947 Y130.9084 Z14.5050 E0.06787 F600
G1 X133.9583 Y132.0610 Z14.3586 E0.10863 F600
G1 X133.6348 Y133.6348 Z14.3050 E0.14436 F600
G1 X133.3291 Y135.3915 Z14.3586 E0.16020 F600
G1 X133.0116 Y136.9291 Z14.5050 E0.14160 F600
G1 X132.7308 Y137.8965 Z14.7050 E0.09223 F600
G1 X132.5754 Y138.1713 Z14.9050 E0.03356 F600
G1 X132.5711 Y137.8675 Z15.0514 E0.03029 F600
G1 X132.6658 Y137.2645 Z15.1050 E0.05502 F600
G1 X132.7887 Y136.7205 Z15.0514 E0.05032 F600
G1 X132.8837 Y136.5673 Z14.9050 E0.02086 F600
G1 X132.8982 Y137.0325 Z14.7050 E0.04549 F600
G1 X132.7611 Y138.2019 Z14.5050 E0.10725 F600
G1 X132.3694 Y139.9653 Z14.3586 E0.16275 F600
G1 X131.6250 Y141.9652 Z14.3050 E0.19170 F600
G1 X130.5666 Y143.7075 Z14.3586 E0.18313 F600
G1 X129.4509 Y144.8507 Z14.5050 E0.14405 F600
G1 X128.6209 Y145.3747 Z14.7050 E0.08996 F600
G1 X128.2873 Y145.4517 Z14.9050 E0.03561 F600
G1 X128.4310 Y145.2499 Z15.0514 E0.02584 F600
G1 X128.8494 Y144.8999 Z15.1050 E0.04922 F600
G1 X129.2731 Y144.5762 Z15.0514 E0.04812 F600
G1 X129.4674 Y144.5096 Z14.9050 E0.02265 F600
G1 X129.2578 Y144.8670 Z14.7050 E0.04132 F600
G1 X128.5101 Y145.5986 Z14.5050 E0.09564 F600
G1 X127.1658 Y146.3880 Z14.3586 E0.14061 F600
G1 X125.3543 Y146.8126 Z14.3050 E0.16716 F600
G1 X123.4335 Y146.6643 Z14.3586 E0.17307 F600
G1 X121.8297 Y146.1192 Z14.5050 E0.15269 F600
G1 X120.8204 Y145.5542 Z14.7050 E0.10541 F600
G1 X120.4672 Y145.2517 Z14.9050 E0.04546 F600
G1 X120.6642 Y145.2717 Z15.0514 E0.02211 F600
G1 X121.1860 Y145.4978 Z15.1050 E0.05130 F600
G1 X121.7235 Y145.7598 Z15.0514 E0.05391 F600
G1 X121.9509 Y145.9320 Z14.9050 E0.02879 F600
G1 X121.6207 Y145.9199 Z14.7050 E0.03468 F600
G1 X120.6486 Y145.5827 Z14.5050 E0.09413 F600
G1 X119.1678 Y144.7687 Z14.3586 E0.15231 F600
G1 X117.5000 Y143.5000 Z14.3050 E0.18825 F600
G1 X115.9974 Y142.0674 Z14.3586 E0.18650 F600
G1 X114.8826 Y140.8451 Z14.5050 E0.14915 F600
G1 X114.2308 Y140.0472 Z14.7050 E0.09425 F600
G1 X114.0245 Y139.7013 Z14.9050 E0.04038 F600
G1 X114.1753 Y139.7463 Z15.0514 E0.01930 F600
G1 X114.5291 Y140.0659 Z15.1050 E0.04309 F600
G1 X114.8832 Y140.4671 Z15.0514 E0.04829 F600
G1 X115.0186 Y140.7078 Z14.9050 E0.02807 F600
G1 X114.7673 Y140.5888 Z14.7050 E0.03076 F600
G1 X114.0887 Y140.0486 Z14.5050 E0.07993 F600
G1 X113.0798 Y139.2262 Z14.3586 E0.11763 F600
G1 X111.8957 Y138.4155 Z14.3050 E0.12895 F600
G1 X110.6872 Y137.8613 Z14.3586 E0.11949 F600
G1 X109.6301 Y137.5845 Z14.5050 E0.09900 F600
G1 X108.9285 Y137.4507 Z14.7050 E0.06661 F600
G1 X108.7063 Y137.3469 Z14.9050 E0.02842 F600
G1 X108.9102 Y137.2553 Z15.0514 E0.02400 F600
G1 X109.3326 Y137.2179 Z15.1050 E0.03838 F600
G1 X109.7149 Y137.2637 Z15.0514 E0.03491 F600
G1 X109.8350 Y137.3612 Z14.9050 E0.01913 F600
G1 X109.5372 Y137.4590 Z14.7050 E0.03340 F600
G1 X108.7304 Y137.5700 Z14.5050 E0.07530 F600
G1 X107.3942 Y137.7692 Z14.3586 E0.12204 F600
G1 X105.6250 Y138.0681 Z14.3050 E0.16120 F600
G1 X103.7057 Y138.3409 Z14.3586 E0.17416 F600
G1 X102.0538 Y138.4529 Z14.5050 E0.14926 F600
G1 X101.0148 Y138.4113 Z14.7050 E0.09509 F600
G1 X100.7027 Y138.3193 Z14.9050 E0.03430 F600
G1 X100.9987 Y138.2450 Z15.0514 E0.03040 F600
G1 X101.6190 Y138.1965 Z15.1050 E0.05608 F600
G1 X102.1953 Y138.1831 Z15.0514 E0.05199 F600
G1 X102.3770 Y138.2366 Z14.9050 E0.02150 F600
G1 X101.9170 Y138.3681 Z14.7050 E0.04656 F600
G1 X100.7238 Y138.5130 Z14.5050 E0.10942 F600
G1 X98.9172 Y138.5040 Z14.3586 E0.16277 F600
G1 X96.8652 Y138.1348 Z14.3050 E0.18730 F600
G1 X95.0627 Y137.3508 Z14.3586 E0.17658 F600
G1 X93.8526 Y136.3794 Z14.5050 E0.13997 F600
G1 X93.2698 Y135.5936 Z14.7050 E0.08968 F600
G1 X93.1603 Y135.2507 Z14.9050 E0.03698 F600
G1 X93.3608 Y135.3621 Z15.0514 E0.02443 F600
G1 X93.7299 Y135.7394 Z15.1050 E0.04765 F600
G1 X94.0790 Y136.1299 Z15.0514 E0.04728 F600
G1 X94.1658 Y136.3264 Z14.9050 E0.02334 F600
G1 X93.8121 Y136.1741 Z14.7050 E0.03897 F600
G1 X93.0526 Y135.5223 Z14.5050 E0.09165 F600
G1 X92.1834 Y134.2567 Z14.3586 E0.13850 F600
G1 X91.6083 Y132.4486 Z14.3050 E0.17046 F600
G1 X91.5409 Y130.4427 Z14.3586 E0.18030 F600
G1 X91.8528 Y128.7065 Z14.5050 E0.15896 F600
G1 X92.2397 Y127.5779 Z14.7050 E0.10864 F600
G1 X92.4706 Y127.1595 Z14.9050 E0.04652 F600
G1 X92.4842 Y127.3540 Z15.0514 E0.02190 F600
G1 X92.3501 Y127.9174 Z15.1050 E0.05223 F600
G1 X92.1787 Y128.5100 Z15.0514 E0.05560 F600
G1 X92.0467 Y128.7778 Z14.9050 E0.02987 F600
G1 X92.0125 Y128.4503 Z14.7050 E0.03460 F600
G1 X92.1845 Y127.4196 Z14.5050 E0.09555 F600
G1 X92.6892 Y125.8016 Z14.3586 E0.15277 F600
G1 X93.5109 Y123.9279 Z14.3050 E0.18380 F600
G1 X94.4241 Y122.1948 Z14.3586 E0.17598 F600
G1 X95.1694 Y120.8783 Z14.5050 E0.13649 F600
G1 X95.6442 Y120.0868 Z14.7050 E0.08481 F600
G1 X95.8750 Y119.8121 Z14.9050 E0.03689 F600
G1 X95.9015 Y119.9608 Z15.0514 E0.01889 F600
G1 X95.7577 Y120.3624 Z15.1050 E0.03861 F600
G1 X95.5283 Y120.7837 Z15.0514 E0.04335 F600
G1 X95.3551 Y120.9667 Z14.9050 E0.02616 F600
G1 X95.3647 Y120.7095 Z14.7050 E0.02927 F600
G1 X95.5792 Y119.9577 Z14.5050 E0.07246 F600
G1 X95.8656 Y118.8232 Z14.3586 E0.10590 F600
G1 X96.0000 Y117.5000 Z14.3050 E0.11954 F600
G1 X95.8656 Y116.1768 Z14.3586 E0.11954 F600
G1 X95.5792 Y115.0423 Z14.5050 E0.10590 F600
G1 X95.3647 Y114.2905 Z14.7050 E0.07246 F600
G1 X95.3551 Y114.0333 Z14.9050 E0.02927 F600
G1 X95.5283 Y114.2163 Z15.0514 E0.02616 F600
G1 X95.7577 Y114.6376 Z15.1050 E0.04335 F600
G1 X95.9015 Y115.0392 Z15.0514 E0.03861 F600
G1 X95.8750 Y115.1879 Z14.9050 E0.01889 F600
G1 X95.6442 Y114.9132 Z14.7050 E0.03689 F600
G1 X95.1694 Y114.1217 Z14.5050 E0.08481 F600
G1 X94.4241 Y112.8052 Z14.3586 E0.13649 F600
G1 X93.5109 Y111.0721 Z14.3050 E0.17598 F600
G1 X92.6892 Y109.1984 Z14.3586 E0.18380 F600
G1 X92.1845 Y107.5804 Z14.5050 E0.15277 F600
G1 X92.0125 Y106.5497 Z14.7050 E0.09555 F600
G1 X92.0467 Y106.2222 Z14.9050 E0.03460 F600
G1 X92.1787 Y106.4900 Z15.0514 E0.02987 F600
G1 X92.3501 Y107.0826 Z15.1050 E0.05560 F600
G1 X92.4842 Y107.6460 Z15.0514 E0.05223 F600
G1 X92.4706 Y107.8405 Z14.9050 E0.02190 F600
G1 X92.2397 Y107.4221 Z14.7050 E0.04652 F600
G1 X91.8528 Y106.2935 Z14.5050 E0.10864 F600
G1 X91.5409 Y104.5573 Z14.3586 E0.15896 F600
G1 X91.6083 Y102.5514 Z14.3050 E0.18030 F600
G1 X92.1834 Y100.7433 Z14.3586 E0.17046 F600
G1 X93.0526 Y99.4777 Z14.5050 E0.13850 F600
G1 X93.8121 Y98.8259 Z14.7050 E0.09165 F600
G1 X94.1658 Y98.6736 Z14.9050 E0.03897 F600
G1 X94.0790 Y98.8701 Z15.0514 E0.02334 F600
G1 X93.7299 Y99.2606 Z15.1050 E0.04728 F600
G1 X93.3608 Y99.6379 Z15.0514 E0.04765 F600
G1 X93.1603 Y99.7493 Z14.9050 E0.02443 F600
G1 X93.2698 Y99.4064 Z14.7050 E0.03698 F600
G1 X93.8526 Y98.6206 Z14.5050 E0.08968 F600
G1 X95.0627 Y97.6492 Z14.3586 E0.13997 F600
G1 X96.8652 Y96.8652 Z14.3050 E0.17658 F600
G1 X98.9172 Y96.4960 Z14.3586 E0.18730 F600
G1 X100.7238 Y96.4870 Z14.5050 E0.16277 F600
G1 X101.9170 Y96.6319 Z14.7050 E0.10942 F600
G1 X102.3770 Y96.7634 Z14.9050 E0.04656 F600
G1 X102.1953 Y96.8169 Z15.0514 E0.02150 F600
G1 X101.6190 Y96.8035 Z15.1050 E0.05199 F600
G1 X100.9987 Y96.7550 Z15.0514 E0.05608 F600
G1 X100.7027 Y96.6807 Z14.9050 E0.03040 F600
G1 X101.0148 Y96.5887 Z14.7050 E0.03430 F600
G1 X102.0538 Y96.5471 Z14.5050 E0.09509 F600
G1 X103.7057 Y96.6591 Z14.3586 E0.14926 F600
G1 X105.6250 Y96.9319 Z14.3050 E0.17416 F600
G1 X107.3942 Y97.2308 Z14.3586 E0.16120 F600
G1 X108.7304 Y97.4300 Z14.5050 E0.12204 F600
G1 X109.5372 Y97.5410 Z14.7050 E0.07530 F600
G1 X109.8350 Y97.6388 Z14.9050 E0.03340 F600
G1 X109.7149 Y97.7363 Z15.0514 E0.01913 F600
G1 X109.3326 Y97.7821 Z15.1050 E0.03491 F600
G1 X108.9102 Y97.7447 Z15.0514 E0.03838 F600
G1 X108.7063 Y97.6531 Z14.9050 E0.02400 F600
G1 X108.9285 Y97.5493 Z14.7050 E0.02842 F600
G1 X109.6301 Y97.4155 Z14.5050 E0.06661 F600
G1 X110.6872 Y97.1387 Z14.3586 E0.09900 F600
G1 X111.8957 Y96.5845 Z14.3050 E0.11949 F600
G1 X113.0798 Y95.7738 Z14.3586 E0.12895 F600
G1 X114.0887 Y94.9514 Z14.5050 E0.11763 F600
G1 X114.7673 Y94.4112 Z14.7050 E0.07993 F600
G1 X115.0186 Y94.2922 Z14.9050 E0.03076 F600
G1 X114.8832 Y94.5329 Z15.0514 E0.02807 F600
G1 X114.5291 Y94.9341 Z15.1050 E0.04829 F600
G1 X114.1753 Y95.2537 Z15.0514 E0.04309 F600
G1 X114.0245 Y95.2987 Z14.9050 E0.01930 F600
G1 X114.2308 Y94.9528 Z14.7050 E0.04038 F600
G1 X114.8826 Y94.1549 Z14.5050 E0.09425 F600
G1 X115.9974 Y92.9326 Z14.3586 E0.14915 F600
G1 X117.5000 Y91.5000 Z14.3050 E0.18650 F600
G1 X119.1678 Y90.2313 Z14.3586 E0.18825 F600
G1 X120.6486 Y89.4173 Z14.5050 E0.15231 F600
G1 X121.6207 Y89.0801 Z14.7050 E0.09413 F600
G1 X121.9509 Y89.0680 Z14.9050 E0.03468 F600
G1 X121.7235 Y89.2402 Z15.0514 E0.02879 F600
G1 X121.1860 Y89.5022 Z15.1050 E0.05391 F600
G1 X120.6642 Y89.7283 Z15.0514 E0.05130 F600
G1 X120.4672 Y89.7483 Z14.9050 E0.02211 F600
G1 X120.8204 Y89.4458 Z14.7050 E0.04546 F600
G1 X121.8297 Y88.8808 Z14.5050 E0.10541 F600
G1 X123.4335 Y88.3357 Z14.3586 E0.15269 F600
G1 X125.3543 Y88.1874 Z14.3050 E0.17307 F600
G1 X127.1658 Y88.6120 Z14.3586 E0.16716 F600
G1 X128.5101 Y89.4014 Z14.5050 E0.14061 F600
G1 X129.2578 Y90.1330 Z14.7050 E0.09564 F600
G1 X129.4674 Y90.4904 Z14.9050 E0.04132 F600
G1 X129.2731 Y90.4238 Z15.0514 E0.02265 F600
G1 X128.8494 Y90.1001 Z15.1050 E0.04812 F600
G1 X128.4310 Y89.7501 Z15.0514 E0.04922 F600
G1 X128.2873 Y89.5483 Z14.9050 E0.02584 F600
G1 X128.6209 Y89.6253 Z14.7050 E0.03561 F600
G1 X129.4509 Y90.1493 Z14.5050 E0.08996 F600
G1 X130.5666 Y91.2925 Z14.3586 E0.14405 F600
G1 X131.6250 Y93.0348 Z14.3050 E0.18313 F600
G1 X132.3694 Y95.0347 Z14.3586 E0.19170 F600
G1 X132.7611 Y96.7981 Z14.5050 E0.16275 F600
G1 X132.8982 Y97.9675 Z14.7050 E0.10725 F600
G1 X132.8837 Y98.4327 Z14.9050 E0.04549 F600
G1 X132.7887 Y98.2795 Z15.0514 E0.02086 F600
G1 X132.6658 Y97.7355 Z15.1050 E0.05032 F600
G1 X132.5711 Y97.1325 Z15.0514 E0.05502 F600
G1 X132.5754 Y96.8287 Z14.9050 E0.03029 F600
G1 X132.7308 Y97.1035 Z14.7050 E0.03356 F600
G1 X133.0116 Y98.0709 Z14.5050 E0.09223 F600
G1 X133.3291 Y99.6085 Z14.3586 E0.14160 F600
G1 X133.6348 Y101.3652 Z14.3050 E0.16020 F600
G1 X133.9583 Y102.9390 Z14.3586 E0.14436 F600
G1 X134.2947 Y104.0916 Z14.5050 E0.10863 F600
G1 X134.5344 Y104.7798 Z14.7050 E0.06787 F600
G1 X134.5683 Y105.0523 Z14.9050 E0.03050 F600
G1 X134.4114 Y104.9863 Z15.0514 E0.02017 F600
G1 X134.1910 Y104.6926 Z15.1050 E0.03332 F600
G1 X134.0445 Y104.3399 Z15.0514 E0.03463 F600
G1 X134.0524 Y104.1453 Z14.9050 E0.02188 F600
G1 X134.2559 Y104.2907 Z14.7050 E0.02876 F600
G1 X134.7074 Y104.8149 Z14.5050 E0.06468 F600
G1 X135.4896 Y105.5930 Z14.3586 E0.09994 F600
G1 X136.6417 Y106.4486 Z14.3050 E0.12896 F600
G1 X138.0176 Y107.2703 Z14.3586 E0.14400 F600
G1 X139.2736 Y107.9861 Z14.5050 E0.13048 F600
G1 X140.0733 Y108.4941 Z14.7050 E0.08697 F600
G1 X140.2835 Y108.7072 Z14.9050 E0.03233 F600
G1 X139.9978 Y108.6379 Z15.0514 E0.02950 F600
G1 X139.4679 Y108.4006 Z15.1050 E0.05236 F600
G1 X139.0102 Y108.1471 Z15.0514 E0.04723 F600
G1 X138.9032 Y108.0167 Z14.9050 E0.02006 F600
G1 X139.3302 Y108.1210 Z14.7050 E0.04336 F600
G1 X140.3676 Y108.5396 Z14.5050 E0.10205 F600
G1 X141.9385 Y109.3230 Z14.3586 E0.15819 F600
G1 X143.7391 Y110.4693 Z14.3050 E0.19174 F600
G1 X145.3145 Y111.8411 Z14.3586 E0.18766 F600
G1 X146.3372 Y113.1373 Z14.5050 E0.14885 F600
G1 X146.7872 Y114.0336 Z14.7050 E0.09184 F600
G1 X146.8346 Y114.3635 Z14.9050 E0.03491 F600
G1 X146.6402 Y114.1799 Z15.0514 E0.02738 F600
G1 X146.3214 Y113.7056 Z15.1050 E0.05155 F600
G1 X146.0343 Y113.2355 Z15.0514 E0.04970 F600
G1 X145.9885 Y113.0403 Z14.9050 E0.02230 F600
G1 X146.3318 Y113.3196 Z14.7050 E0.04361 F600
G1 X147.0069 Y114.1918 Z14.5050 E0.10066 F600
G1 X147.7018 Y115.6528 Z14.3586 E0.14588 F600
G1 X148.0000 Y117.5000 Z14.3050 E0.16810 F600
G1 X147.7018 Y119.3472 Z14.3586 E0.16810 F600
G1 X147.0069 Y120.8082 Z14.5050 E0.14588 F600
G1 X146.3318 Y121.6804 Z14.7050 E0.10066 F600
G1 X145.9885 Y121.9597 Z14.9050 E0.04361 F600
G1 X146.0343 Y121.7645 Z15.0514 E0.02230 F600
G1 X146.3214 Y121.2944 Z15.1050 E0.04970 F600
; row 28/57
G1 X147.5118 Y116.9761 Z15.5514 E0.40425 F600
G1 X147.5826 Y116.7663 Z15.4050 E0.02384 F600
G1 X147.7378 Y117.1042 Z15.2050 E0.03791 F600
G1 X147.8486 Y118.0843 Z15.0050 E0.09038 F600
G1 X147.6216 Y119.6063 Z14.8586 E0.13882 F600
G1 X146.8171 Y121.3597 Z14.8050 E0.17330 F600
G1 X145.5231 Y122.9471 Z14.8586 E0.18398 F600
G1 X144.1484 Y124.0934 Z15.0050 E0.16127 F600
G1 X143.1282 Y124.7279 Z15.2050 E0.10938 F600
G1 X142.6847 Y124.9109 Z15.4050 E0.04668 F600
G1 X142.7955 Y124.7534 Z15.5514 E0.02173 F600
G1 X143.2561 Y124.4013 Z15.6050 E0.05228 F600
G1 X143.7684 Y124.0495 Z15.5514 E0.05602 F600
G1 X144.0436 Y123.9230 Z15.4050 E0.03021 F600
G1 X143.8597 Y124.1945 Z15.2050 E0.03450 F600
G1 X143.0723 Y124.8825 Z15.0050 E0.09560 F600
G1 X141.6810 Y125.8262 Z14.8586 E0.15155 F600
G1 X139.9299 Y126.7908 Z14.8050 E0.17960 F600
G1 X138.2387 Y127.6150 Z14.8586 E0.16901 F600
G1 X136.9465 Y128.2338 Z15.0050 E0.12934 F600
G1 X136.1612 Y128.6023 Z15.2050 E0.07994 F600
G1 X135.8375 Y128.6920 Z15.4050 E0.03511 F600
G1 X135.8906 Y128.5502 Z15.5514 E0.01892 F600
G1 X136.2086 Y128.3014 Z15.6050 E0.03658 F600
G1 X136.6081 Y128.0918 Z15.5514 E0.04080 F600
G1 X136.8418 Y128.0468 Z15.4050 E0.02510 F600
G1 X136.7022 Y128.2538 Z15.2050 E0.02873 F600
G1 X136.1487 Y128.7509 Z15.0050 E0.06919 F600
G1 X135.3532 Y129.5421 Z14.8586 E0.10161 F600
G1 X134.5876 Y130.6118 Z14.8050 E0.11822 F600
G1 X134.0192 Y131.8599 Z14.8586 E0.12325 F600
G1 X133.6425 Y133.0328 Z15.0050 E0.11140 F600
G1 X133.3977 Y133.8195 Z15.2050 E0.07614 F600
G1 X133.2611 Y134.0492 Z15.4050 E0.02997 F600
G1 X133.2277 Y133.7865 Z15.5514 E0.02717 F600
G1 X133.2812 Y133.2812 Z15.6050 E0.04588 F600
G1 X133.3876 Y132.8424 Z15.5514 E0.04083 F600
G1 X133.4887 Y132.7274 Z15.4050 E0.01903 F600
G1 X133.5213 Y133.1073 Z15.2050 E0.03867 F600
G1 X133.4568 Y134.0832 Z15.0050 E0.08965 F600
G1 X133.2879 Y135.6619 Z14.8586 E0.14318 F600
G1 X132.9702 Y137.6612 Z14.8050 E0.18186 F600
G1 X132.4572 Y139.6750 Z14.8586 E0.18668 F600
G1 X131.8299 Y141.2522 Z15.0050 E0.15299 F600
G1 X131.3036 Y142.1481 Z15.2050 E0.09502 F600
G1 X131.0637 Y142.3746 Z15.4050 E0.03465 F600
G1 X131.1302 Y142.0896 Z15.5514 E0.02939 F600
G1 X131.3750 Y141.5322 Z15.6050 E0.05488 F600
G1 X131.6302 Y141.0166 Z15.5514 E0.05189 F600
G1 X131.7663 Y140.8746 Z15.4050 E0.02202 F600
G1 X131.6834 Y141.3402 Z15.2050 E0.04611 F600
G1 X131.2670 Y142.4419 Z15.0050 E0.10728 F600
G1 X130.3941 Y143.9369 Z14.8586 E0.15602 F600
G1 X129.0408 Y145.3619 Z14.8050 E0.17655 F600
G1 X127.4133 Y146.2905 Z14.8586 E0.16833 F600
G1 X125.9078 Y146.6241 Z15.0050 E0.13910 F600
G1 X124.8874 Y146.5878 Z15.2050 E0.09344 F600
G1 X124.5082 Y146.4619 Z15.4050 E0.04012 F600
G1 X124.7001 Y146.3780 Z15.5514 E0.02295 F600
G1 X125.2249 Y146.3297 Z15.6050 E0.04757 F600
G1 X125.7595 Y146.3043 Z15.5514 E0.04830 F600
G1 X125.9917 Y146.3576 Z15.4050 E0.02511 F600
G1 X125.6876 Y146.5311 Z15.2050 E0.03621 F600
G1 X124.7269 Y146.7089 Z15.0050 E0.08956 F600
G1 X123.1580 Y146.6079 Z14.8586 E0.14179 F600
G1 X121.2512 Y145.9936 Z14.8050 E0.17996 F600
G1 X119.4187 Y144.9386 Z14.8586 E0.18995 F600
G1 X118.0064 Y143.8026 Z15.0050 E0.16330 F600
G1 X117.1668 Y142.9535 Z15.2050 E0.10872 F600
G1 X116.8886 Y142.5703 Z15.4050 E0.04617 F600
G1 X117.0612 Y142.6375 Z15.5514 E0.02121 F600
G1 X117.5000 Y143.0000 Z15.6050 E0.05134 F600
G1 X117.9525 Y143.4217 Z15.5514 E0.05575 F600
G1 X118.1381 Y143.6645 Z15.4050 E0.03043 F600
G1 X117.8409 Y143.5421 Z15.2050 E0.03400 F600
G1 X117.0103 Y142.9379 Z15.0050 E0.09397 F600
G1 X115.7960 Y141.8679 Z14.8586 E0.14593 F600
G1 X114.4639 Y140.5616 Z14.8050 E0.16762 F600
G1 X113.2487 Y139.3710 Z14.8586 E0.15285 F600
G1 X112.2976 Y138.5263 Z15.0050 E0.11498 F600
G1 X111.7084 Y138.0354 Z15.2050 E0.07118 F600
G1 X111.5242 Y137.8080 Z15.4050 E0.03184 F600
G1 X111.6835 Y137.7844 Z15.5514 E0.01955 F600
G1 X112.0251 Y137.9326 Z15.6050 E0.03378 F600
G1 X112.3459 Y138.1720 Z15.5514 E0.03627 F600
G1 X112.4546 Y138.3505 Z15.4050 E0.02291 F600
G1 X112.2105 Y138.3276 Z15.2050 E0.02842 F600
G1 X111.5543 Y138.0955 Z15.0050 E0.06503 F600
G1 X110.5056 Y137.8132 Z14.8586 E0.09841 F600
G1 X109.1412 Y137.6799 Z14.8050 E0.12320 F600
G1 X107.6282 Y137.7402 Z14.8586 E0.13607 F600
G1 X106.2594 Y137.8647 Z15.0050 E0.12412 F600
G1 X105.3518 Y137.9192 Z15.2050 E0.08360 F600
G1 X105.0668 Y137.8712 Z15.4050 E0.03157 F600
G1 X105.3288 Y137.7563 Z15.5514 E0.02886 F600
G1 X105.8750 Y137.6351 Z15.6050 E0.05048 F600
G1 X106.3725 Y137.5746 Z15.5514 E0.04526 F600
G1 X106.5285 Y137.6208 Z15.4050 E0.01966 F600
G1 X106.1396 Y137.7855 Z15.2050 E0.04196 F600
G1 X105.0970 Y138.0583 Z15.0050 E0.09843 F600
G1 X103.4167 Y138.3794 Z14.8586 E0.15419 F600
G1 X101.3146 Y138.5932 Z14.8050 E0.18980 F600
G1 X99.2168 Y138.5325 Z14.8586 E0.18853 F600
G1 X97.5751 Y138.2071 Z15.0050 E0.15086 F600
G1 X96.6318 Y137.8289 Z15.2050 E0.09302 F600
G1 X96.3767 Y137.6175 Z15.4050 E0.03475 F600
G1 X96.6530 Y137.6317 Z15.5514 E0.02811 F600
G1 X97.2188 Y137.7812 Z15.6050 E0.05277 F600
G1 X97.7536 Y137.9480 Z15.5514 E0.05054 F600
G1 X97.9163 Y138.0629 Z15.4050 E0.02220 F600
G1 X97.4615 Y138.0701 Z15.2050 E0.04462 F600
G1 X96.3522 Y137.8489 Z15.0050 E0.10315 F600
G1 X94.8248 Y137.2112 Z14.8586 E0.14922 F600
G1 X93.3333 Y136.0438 Z14.8050 E0.17016 F600
G1 X92.2988 Y134.4984 Z14.8586 E0.16707 F600
G1 X91.8382 Y132.9819 Z15.0050 E0.14293 F600
G1 X91.7687 Y131.9102 Z15.2050 E0.09810 F600
G1 X91.8464 Y131.4884 Z15.4050 E0.04250 F600
G1 X91.9439 Y131.6660 Z15.5514 E0.02244 F600
G1 X92.0414 Y132.1986 Z15.6050 E0.04886 F600
G1 X92.1177 Y132.7512 Z15.5514 E0.05033 F600
G1 X92.0917 Y133.0075 Z15.4050 E0.02661 F600
G1 X91.9018 Y132.7293 Z15.2050 E0.03518 F600
G1 X91.6399 Y131.7738 Z15.0050 E0.09077 F600
G1 X91.5617 Y130.1510 Z14.8586 E0.14650 F600
G1 X91.8881 Y128.1088 Z14.8050 E0.18579 F600
G1 X92.5774 Y126.0816 Z14.8586 E0.19234 F600
G1 X93.3527 Y124.4711 Z15.0050 E0.16105 F600
G1 X93.9443 Y123.4824 Z15.2050 E0.10501 F600
G1 X94.2312 Y123.1305 Z15.4050 E0.04455 F600
G1 X94.2183 Y123.3048 Z15.5514 E0.02047 F600
G1 X93.9939 Y123.7984 Z15.6050 E0.04894 F600
G1 X93.7068 Y124.3226 Z15.5514 E0.05388 F600
G1 X93.5191 Y124.5567 Z15.4050 E0.02998 F600
G1 X93.5617 Y124.2513 Z15.2050 E0.03300 F600
G1 X93.9132 Y123.3359 Z15.0050 E0.08987 F600
G1 X94.5442 Y121.9621 Z14.8586 E0.13639 F600
G1 X95.2620 Y120.4277 Z14.8050 E0.15220 F600
G1 X95.8151 Y119.0164 Z14.8586 E0.13621 F600
G1 X96.1081 Y117.9118 Z15.0050 E0.10346 F600
G1 X96.2422 Y117.2217 Z15.2050 E0.06564 F600
G1 X96.3479 Y116.9841 Z15.4050 E0.02946 F600
G1 X96.4526 Y117.1326 Z15.5514 E0.02095 F600
G1 X96.5000 Y117.5000 Z15.6050 E0.03361 F600
G1 X96.4526 Y117.8674 Z15.5514 E0.03361 F600
G1 X96.3479 Y118.0159 Z15.4050 E0.02095 F600
G1 X96.2422 Y117.7783 Z15.2050 E0.02946 F600
G1 X96.1081 Y117.0882 Z15.0050 E0.06564 F600
G1 X95.8151 Y115.9836 Z14.8586 E0.10346 F600
G1 X95.2620 Y114.5723 Z14.8050 E0.13621 F600
G1 X94.5442 Y113.0379 Z14.8586 E0.15220 F600
G1 X93.9132 Y111.6641 Z15.0050 E0.13639 F600
G1 X93.5617 Y110.7487 Z15.2050 E0.08987 F600
G1 X93.5191 Y110.4433 Z15.4050 E0.03300 F600
G1 X93.7068 Y110.6774 Z15.5514 E0.02998 F600
G1 X93.9939 Y111.2016 Z15.6050 E0.05388 F600
G1 X94.2183 Y111.6952 Z15.5514 E0.04894 F600
G1 X94.2312 Y111.8695 Z15.4050 E0.02047 F600
G1 X93.9443 Y111.5176 Z15.2050 E0.04455 F600
G1 X93.3527 Y110.5289 Z15.0050 E0.10501 F600
G1 X92.5774 Y108.9184 Z14.8586 E0.16105 F600
G1 X91.8881 Y106.8912 Z14.8050 E0.19234 F600
G1 X91.5617 Y104.8490 Z14.8586 E0.18579 F600
G1 X91.6399 Y103.2262 Z15.0050 E0.14650 F600
G1 X91.9018 Y102.2707 Z15.2050 E0.09077 F600
G1 X92.0917 Y101.9925 Z15.4050 E0.03518 F600
G1 X92.1177 Y102.2488 Z15.5514 E0.02661 F600
G1 X92.0414 Y102.8014 Z15.6050 E0.05033 F600
G1 X91.9439 Y103.3340 Z15.5514 E0.04886 F600
G1 X91.8464 Y103.5116 Z15.4050 E0.02244 F600
G1 X91.7687 Y103.0898 Z15.2050 E0.04250 F600
G1 X91.8382 Y102.0181 Z15.0050 E0.09810 F600
G1 X92.2988 Y100.5016 Z14.8586 E0.14293 F600
G1 X93.3333 Y98.9562 Z14.8050 E0.16707 F600
G1 X94.8248 Y97.7888 Z14.8586 E0.17016 F600
G1 X96.3522 Y97.1511 Z15.0050 E0.14922 F600
G1 X97.4615 Y96.9299 Z15.2050 E0.10315 F600
G1 X97.9163 Y96.9371 Z15.4050 E0.04462 F600
G1 X97.7536 Y97.0520 Z15.5514 E0.02220 F600
G1 X97.2188 Y97.2188 Z15.6050 E0.05054 F600
G1 X96.6530 Y97.3683 Z15.5514 E0.05277 F600
G1 X96.3767 Y97.3825 Z15.4050 E0.02811 F600
G1 X96.6318 Y97.1711 Z15.2050 E0.03475 F600
G1 X97.5751 Y96.7929 Z15.0050 E0.09302 F600
G1 X99.2168 Y96.4675 Z14.8586 E0.15086 F600
G1 X101.3146 Y96.4068 Z14.8050 E0.18853 F600
G1 X103.4167 Y96.6206 Z14.8586 E0.18980 F600
G1 X105.0970 Y96.9417 Z15.0050 E0.15419 F600
G1 X106.1396 Y97.2145 Z15.2050 E0.09843 F600
G1 X106.5285 Y97.3792 Z15.4050 E0.04196 F600
G1 X106.3725 Y97.4254 Z15.5514 E0.01966 F600
G1 X105.8750 Y97.3649 Z15.6050 E0.04526 F600
G1 X105.3288 Y97.2437 Z15.5514 E0.05048 F600
G1 X105.0668 Y97.1288 Z15.4050 E0.02886 F600
G1 X105.3518 Y97.0808 Z15.2050 E0.03157 F600
G1 X106.2594 Y97.1353 Z15.0050 E0.08360 F600
G1 X107.6282 Y97.2598 Z14.8586 E0.12412 F600
G1 X109.1412 Y97.3201 Z14.8050 E0.13607 F600
G1 X110.5056 Y97.1868 Z14.8586 E0.12320 F600
G1 X111.5543 Y96.9045 Z15.0050 E0.09841 F600
G1 X112.2105 Y96.6724 Z15.2050 E0.06503 F600
G1 X112.4546 Y96.6495 Z15.4050 E0.02842 F600
G1 X112.3459 Y96.8280 Z15.5514 E0.02291 F600
G1 X112.0251 Y97.0674 Z15.6050 E0.03627 F600
G1 X111.6835 Y97.2156 Z15.5514 E0.03378 F600
G1 X111.5242 Y97.1920 Z15.4050 E0.01955 F600
G1 X111.7084 Y96.9646 Z15.2050 E0.03184 F600
G1 X112.2976 Y96.4737 Z15.0050 E0.07118 F600
G1 X113.2487 Y95.6290 Z14.8586 E0.11498 F600
G1 X114.4639 Y94.4384 Z14.8050 E0.15285 F600
G1 X115.7960 Y93.1321 Z14.8586 E0.16762 F600
G1 X117.0103 Y92.0621 Z15.0050 E0.14593 F600
G1 X117.8409 Y91.4579 Z15.2050 E0.09397 F600
G1 X118.1381 Y91.3355 Z15.4050 E0.03400 F600
G1 X117.9525 Y91.5783 Z15.5514 E0.03043 F600
G1 X117.5000 Y92.0000 Z15.6050 E0.05575 F600
G1 X117.0612 Y92.3625 Z15.5514 E0.05134 F600
G1 X116.8886 Y92.4297 Z15.4050 E0.02121 F600
G1 X117.1668 Y92.0465 Z15.2050 E0.04617 F600
G1 X118.0064 Y91.1974 Z15.0050 E0.10872 F600
G1 X119.4187 Y90.0614 Z14.8586 E0.16330 F600
G1 X121.2512 Y89.0064 Z14.8050 E0.18995 F600
G1 X123.1580 Y88.3921 Z14.8586 E0.17996 F600
G1 X124.7269 Y88.2911 Z15.0050 E0.14179 F600
G1 X125.6876 Y88.4689 Z15.2050 E0.08956 F600
G1 X125.9917 Y88.6424 Z15.4050 E0.03621 F600
G1 X125.7595 Y88.6957 Z15.5514 E0.02511 F600
G1 X125.2249 Y88.6703 Z15.6050 E0.04830 F600
G1 X124.7001 Y88.6220 Z15.5514 E0.04757 F600
G1 X124.5082 Y88.5381 Z15.4050 E0.02295 F600
G1 X124.8874 Y88.4122 Z15.2050 E0.04012 F600
G1 X125.9078 Y88.3759 Z15.0050 E0.09344 F600
G1 X127.4133 Y88.7095 Z14.8586 E0.13910 F600
G1 X129.0408 Y89.6381 Z14.8050 E0.16833 F600
G1 X130.3941 Y91.0631 Z14.8586 E0.17655 F600
G1 X131.2670 Y92.5581 Z15.0050 E0.15602 F600
G1 X131.6834 Y93.6598 Z15.2050 E0.10728 F600
G1 X131.7663 Y94.1254 Z15.4050 E0.04611 F600
G1 X131.6302 Y93.9834 Z15.5514 E0.02202 F600
G1 X131.3750 Y93.4678 Z15.6050 E0.05189 F600
G1 X131.1302 Y92.9104 Z15.5514 E0.05488 F600
G1 X131.0637 Y92.6254 Z15.4050 E0.02939 F600
G1 X131.3036 Y92.8519 Z15.2050 E0.03465 F600
G1 X131.8299 Y93.7478 Z15.0050 E0.09502 F600
G1 X132.4572 Y95.3250 Z14.8586 E0.15299 F600
G1 X132.9702 Y97.3388 Z14.8050 E0.18668 F600
G1 X133.2879 Y99.3381 Z14.8586 E0.18186 F600
G1 X133.4568 Y100.9168 Z15.0050 E0.14318 F600
G1 X133.5213 Y101.8927 Z15.2050 E0.08965 F600
G1 X133.4887 Y102.2726 Z15.4050 E0.03867 F600
G1 X133.3876 Y102.1576 Z15.5514 E0.01903 F600
G1 X133.2812 Y101.7188 Z15.6050 E0.04083 F600
G1 X133.2277 Y101.2135 Z15.5514 E0.04588 F600
G1 X133.2611 Y100.9508 Z15.4050 E0.02717 F600
G1 X133.3977 Y101.1805 Z15.2050 E0.02997 F600
G1 X133.6425 Y101.9672 Z15.0050 E0.07614 F600
G1 X134.0192 Y103.1401 Z14.8586 E0.11140 F600
G1 X134.5876 Y104.3882 Z14.8050 E0.12325 F600
G1 X135.3532 Y105.4579 Z14.8586 E0.11822 F600
G1 X136.1487 Y106.2491 Z15.0050 E0.10161 F600
G1 X136.7022 Y106.7462 Z15.2050 E0.06919 F600
G1 X136.8418 Y106.9532 Z15.4050 E0.02873 F600
G1 X136.6081 Y106.9082 Z15.5514 E0.02510 F600
G1 X136.2086 Y106.6986 Z15.6050 E0.04080 F600
G1 X135.8906 Y106.4498 Z15.5514 E0.03658 F600
G1 X135.8375 Y106.3080 Z15.4050 E0.01892 F600
G1 X136.1612 Y106.3977 Z15.2050 E0.03511 F600
G1 X136.9465 Y106.7662 Z15.0050 E0.07994 F600
G1 X138.2387 Y107.3850 Z14.8586 E0.12934 F600
G1 X139.9299 Y108.2092 Z14.8050 E0.16901 F600
G1 X141.6810 Y109.1738 Z14.8586 E0.17960 F600
G1 X143.0723 Y110.1175 Z15.0050 E0.15155 F600
G1 X143.8597 Y110.8055 Z15.2050 E0.09560 F600
G1 X144.0436 Y111.0770 Z15.4050 E0.03450 F600
G1 X143.7684 Y110.9505 Z15.5514 E0.03021 F600
G1 X143.2561 Y110.5987 Z15.6050 E0.05602 F600
G1 X142.7955 Y110.2466 Z15.5514 E0.05228 F600
G1 X142.6847 Y110.0891 Z15.4050 E0.02173 F600
G1 X143.1282 Y110.2721 Z15.2050 E0.04668 F600
G1 X144.1484 Y110.9066 Z15.0050 E0.10938 F600
G1 X145.5231 Y112.0529 Z14.8586 E0.16127 F600
G1 X146.8171 Y113.6403 Z14.8050 E0.18398 F600
G1 X147.6216 Y115.3937 Z14.8586 E0.17330 F600
G1 X147.8486 Y116.9157 Z15.0050 E0.13882 F600
G1 X147.7378 Y117.8958 Z15.2050 E0.09038 F600
G1 X147.5826 Y118.2337 Z15.4050 E0.03791 F600
G1 X147.5118 Y118.0239 Z15.5514 E0.02384 F600
G1 X147.5000 Y117.5000 Z15.6050 E0.04730 F600
; row 29/57
G1 X146.6402 Y120.8201 Z16.0514 E0.31059 F600
G1 X146.8346 Y120.6365 Z15.9050 E0.02738 F600
G1 X146.7872 Y120.9664 Z15.7050 E0.03491 F600
G1 X146.3372 Y121.8627 Z15.5050 E0.09184 F600
G1 X145.3145 Y123.1589 Z15.3586 E0.14885 F600
G1 X143.7391 Y124.5307 Z15.3050 E0.18766 F600
G1 X141.9385 Y125.6770 Z15.3586 E0.19174 F600
G1 X140.3676 Y126.4604 Z15.5050 E0.15819 F600
G1 X139.3302 Y126.8790 Z15.7050 E0.10205 F600
G1 X138.9032 Y126.9833 Z15.9050 E0.04336 F600
G1 X139.0102 Y126.8529 Z16.0514 E0.02006 F600
G1 X139.4679 Y126.5994 Z16.1050 E0.04723 F600
G1 X139.9978 Y126.3621 Z16.0514 E0.05236 F600
G1 X140.2835 Y126.2928 Z15.9050 E0.02950 F600
G1 X140.0733 Y126.5059 Z15.7050 E0.03233 F600
G1 X139.2736 Y127.0139 Z15.5050 E0.08697 F600
G1 X138.0176 Y127.7297 Z15.3586 E0.13048 F600
G1 X136.6417 Y128.5514 Z15.3050 E0.14400 F600
G1 X135.4896 Y129.4070 Z15.3586 E0.12896 F600
G1 X134.7074 Y130.1851 Z15.5050 E0.09994 F600
G1 X134.2559 Y130.7093 Z15.7050 E0.06468 F600
G1 X134.0524 Y130.8547 Z15.9050 E0.02876 F600
G1 X134.0445 Y130.6601 Z16.0514 E0.02188 F600
G1 X134.1910 Y130.3074 Z16.1050 E0.03463 F600
G1 X134.4114 Y130.0137 Z16.0514 E0.03332 F600
G1 X134.5683 Y129.9477 Z15.9050 E0.02017 F600
G1 X134.5344 Y130.2202 Z15.7050 E0.03050 F600
G1 X134.2947 Y130.9084 Z15.5050 E0.06787 F600
G1 X133.9583 Y132.0610 Z15.3586 E0.10863 F600
G1 X133.6348 Y133.6348 Z15.3050 E0.14436 F600
G1 X133.3291 Y135.3915 Z15.3586 E0.16020 F600
G1 X133.0116 Y136.9291 Z15.5050 E0.14160 F600
G1 X132.7308 Y137.8965 Z15.7050 E0.09223 F600
G1 X132.5754 Y138.1713 Z15.9050 E0.03356 F600
G1 X132.5711 Y137.8675 Z16.0514 E0.03029 F600
G1 X132.6658 Y137.2645 Z16.1050 E0.05502 F600
G1 X132.7887 Y136.7205 Z16.0514 E0.05032 F600
G1 X132.8837 Y136.5673 Z15.9050 E0.02086 F600
G1 X132.8982 Y137.0325 Z15.7050 E0.04549 F600
G1 X132.7611 Y138.2019 Z15.5050 E0.10725 F600
G1 X132.3694 Y139.9653 Z15.3586 E0.16275 F600
G1 X131.6250 Y141.9652 Z15.3050 E0.19170 F600
G1 X130.5666 Y143.7075 Z15.3586 E0.18313 F600
G1 X129.4509 Y144.8507 Z15.5050 E0.14405 F600
G1 X128.6209 Y145.3747 Z15.7050 E0.08996 F600
G1 X128.2873 Y145.4517 Z15.9050 E0.03561 F600
G1 X128.4310 Y145.2499 Z16.0514 E0.02584 F600
G1 X128.8494 Y144.8999 Z16.1050 E0.04922 F600
G1 X129.2731 Y144.5762 Z16.0514 E0.04812 F600
G1 X129.4674 Y144.5096 Z15.9050 E0.02265 F600
G1 X129.2578 Y144.8670 Z15.7050 E0.04132 F600
G1 X128.5101 Y145.5986 Z15.5050 E0.09564 F600
G1 X127.1658 Y146.3880 Z15.3586 E0.14061 F600
G1 X125.3543 Y146.8126 Z15.3050 E0.16716 F600
G1 X123.4335 Y146.6643 Z15.3586 E0.17307 F600
G1 X121.8297 Y146.1192 Z15.5050 E0.15269 F600
G1 X120.8204 Y145.5542 Z15.7050 E0.10541 F600
G1 X120.4672 Y145.2517 Z15.9050 E0.04546 F600
G1 X120.6642 Y145.2717 Z16.0514 E0.02211 F600
G1 X121.1860 Y145.4978 Z16.1050 E0.05130 F600
G1 X121.7235 Y145.7598 Z16.0514 E0.05391 F600
G1 X121.9509 Y145.9320 Z15.9050 E0.02879 F600
G1 X121.6207 Y145.9199 Z15.7050 E0.03468 F600
G1 X120.6486 Y145.5827 Z15.5050 E0.09413 F600
G1 X119.1678 Y144.7687 Z15.3586 E0.15231 F600
G1 X117.5000 Y143.5000 Z15.3050 E0.18825 F600
G1 X115.9974 Y142.0674 Z15.3586 E0.18650 F600
G1 X114.8826 Y140.8451 Z15.5050 E0.14915 F600
G1 X114.2308 Y140.0472 Z15.7050 E0.09425 F600
G1 X114.0245 Y139.7013 Z15.9050 E0.04038 F600
G1 X114.1753 Y139.7463 Z16.0514 E0.01930 F600
G1 X114.5291 Y140.0659 Z16.1050 E0.04309 F600
G1 X114.8832 Y140.4671 Z16.0514 E0.04829 F600
G1 X115.0186 Y140.7078 Z15.9050 E0.02807 F600
G1 X114.7673 Y140.5888 Z15.7050 E0.03076 F600
G1 X114.0887 Y140.0486 Z15.5050 E0.07993 F600
G1 X113.0798 Y139.2262 Z15.3586 E0.11763 F600
G1 X111.8957 Y138.4155 Z15.3050 E0.12895 F600
G1 X110.6872 Y137.8613 Z15.3586 E0.11949 F600
G1 X109.6301 Y137.5845 Z15.5050 E0.09900 F600
G1 X108.9285 Y137.4507 Z15.7050 E0.06661 F600
G1 X108.7063 Y137.3469 Z15.9050 E0.02842 F600
G1 X108.9102 Y137.2553 Z16.0514 E0.02400 F600
G1 X109.3326 Y137.2179 Z16.1050 E0.03838 F600
G1 X109.7149 Y137.2637 Z16.0514 E0.03491 F600
G1 X109.8350 Y137.3612 Z15.9050 E0.01913 F600
G1 X109.5372 Y137.4590 Z15.7050 E0.03340 F600
G1 X108.7304 Y137.5700 Z15.5050 E0.07530 F600
G1 X107.3942 Y137.7692 Z15.3586 E0.12204 F600
G1 X105.6250 Y138.0681 Z15.3050 E0.16120 F600
G1 X103.7057 Y138.3409 Z15.3586 E0.17416 F600
G1 X102.0538 Y138.4529 Z15.5050 E0.14926 F600
G1 X101.0148 Y138.4113 Z15.7050 E0.09509 F600
G1 X100.7027 Y138.3193 Z15.9050 E0.03430 F600
G1 X100.9987 Y138.2450 Z16.0514 E0.03040 F600
G1 X101.6190 Y138.1965 Z16.1050 E0.05608 F600
G1 X102.1953 Y138.1831 Z16.0514 E0.05199 F600
G1 X102.3770 Y138.2366 Z15.9050 E0.02150 F600
G1 X101.9170 Y138.3681 Z15.7050 E0.04656 F600
G1 X100.7238 Y138.5130 Z15.5050 E0.10942 F600
G1 X98.9172 Y138.5040 Z15.3586 E0.16277 F600
G1 X96.8652 Y138.1348 Z15.3050 E0.18730 F600
G1 X95.0627 Y137.3508 Z15.3586 E0.17658 F600
G1 X93.8526 Y136.3794 Z15.5050 E0.13997 F600
G1 X93.2698 Y135.5936 Z15.7050 E0.08968 F600
G1 X93.1603 Y135.2507 Z15.9050 E0.03698 F600
G1 X93.3608 Y135.3621 Z16.0514 E0.02443 F600
G1 X93.7299 Y135.7394 Z16.1050 E0.04765 F600
G1 X94.0790 Y136.1299 Z16.0514 E0.04728 F600
G1 X94.1658 Y136.3264 Z15.9050 E0.02334 F600
G1 X93.8121 Y136.1741 Z15.7050 E0.03897 F600
G1 X93.0526 Y135.5223 Z15.5050 E0.09165 F600
G1 X92.1834 Y134.2567 Z15.3586 E0.13850 F600
G1 X91.6083 Y132.4486 Z15.3050 E0.17046 F600
G1 X91.5409 Y130.4427 Z15.3586 E0.18030 F600
G1 X91.8528 Y128.7065 Z15.5050 E0.15896 F600
G1 X92.2397 Y127.5779 Z15.7050 E0.10864 F600
G1 X92.4706 Y127.1595 Z15.9050 E0.04652 F600
G1 X92.4842 Y127.3540 Z16.0514 E0.02190 F600
G1 X92.3501 Y127.9174 Z16.1050 E0.05223 F600
G1 X92.1787 Y128.5100 Z16.0514 E0.05560 F600
G1 X92.0467 Y128.7778 Z15.9050 E0.02987 F600
G1 X92.0125 Y128.4503 Z15.7050 E0.03460 F600
G1 X92.1845 Y127.4196 Z15.5050 E0.09555 F600
G1 X92.6892 Y125.8016 Z15.3586 E0.15277 F600
G1 X93.5109 Y123.9279 Z15.3050 E0.18380 F600
G1 X94.4241 Y122.1948 Z15.3586 E0.17598 F600
G1 X95.1694 Y120.8783 Z15.5050 E0.13649 F600
G1 X95.6442 Y120.0868 Z15.7050 E0.08481 F600
G1 X95.8750 Y119.8121 Z15.9050 E0.03689 F600
G1 X95.9015 Y119.9608 Z16.0514 E0.01889 F600
G1 X95.7577 Y120.3624 Z16.1050 E0.03861 F600
G1 X95.5283 Y120.7837 Z16.0514 E0.04335 F600
G1 X95.3551 Y120.9667 Z15.9050 E0.02616 F600
G1 X95.3647 Y120.7095 Z15.7050 E0.02927 F600
G1 X95.5792 Y119.9577 Z15.5050 E0.07246 F600
G1 X95.8656 Y118.8232 Z15.3586 E0.10590 F600
G1 X96.0000 Y117.5000 Z15.3050 E0.11954 F600
G1 X95.8656 Y116.1768 Z15.3586 E0.11954 F600
G1 X95.5792 Y115.0423 Z15.5050 E0.10590 F600
G1 X95.3647 Y114.2905 Z15.7050 E0.07246 F600
G1 X95.3551 Y114.0333 Z15.9050 E0.02927 F600
G1 X95.5283 Y114.2163 Z16.0514 E0.02616 F600
G1 X95.7577 Y114.6376 Z16.1050 E0.04335 F600
G1 X95.9015 Y115.0392 Z16.0514 E0.03861 F600
G1 X95.8750 Y115.1879 Z15.9050 E0.01889 F600
G1 X95.6442 Y114.9132 Z15.7050 E0.03689 F600
G1 X95.1694 Y114.1217 Z15.5050 E0.08481 F600
G1 X94.4241 Y112.8052 Z15.3586 E0.13649 F600
G1 X93.5109 Y111.0721 Z15.3050 E0.17598 F600
G1 X92.6892 Y109.1984 Z15.3586 E0.18380 F600
G1 X92.1845 Y107.5804 Z15.5050 E0.15277 F600
G1 X92.0125 Y106.5497 Z15.7050 E0.09555 F600
G1 X92.0467 Y106.2222 Z15.9050 E0.03460 F600
G1 X92.1787 Y106.4900 Z16.0514 E0.02987 F600
G1 X92.3501 Y107.0826 Z16.1050 E0.05560 F600
G1 X92.4842 Y107.6460 Z16.0514 E0.05223 F600
G1 X92.4706 Y107.8405 Z15.9050 E0.02190 F600
G1 X92.2397 Y107.4221 Z15.7050 E0.04652 F600
G1 X91.8528 Y106.2935 Z15.5050 E0.10864 F600
G1 X91.5409 Y104.5573 Z15.3586 E0.15896 F600
G1 X91.6083 Y102.5514 Z15.3050 E0.18030 F600
G1 X92.1834 Y100.7433 Z15.3586 E0.17046 F600
G1 X93.0526 Y99.4777 Z15.5050 E0.13850 F600
G1 X93.8121 Y98.8259 Z15.7050 E0.09165 F600
G1 X94.1658 Y98.6736 Z15.9050 E0.03897 F600
G1 X94.0790 Y98.8701 Z16.0514 E0.02334 F600
G1 X93.7299 Y99.2606 Z16.1050 E0.04728 F600
G1 X93.3608 Y99.6379 Z16.0514 E0.04765 F600
G1 X93.1603 Y99.7493 Z15.9050 E0.02443 F600
G1 X93.2698 Y99.4064 Z15.7050 E0.03698 F600
G1 X93.8526 Y98.6206 Z15.5050 E0.08968 F600
G1 X95.0627 Y97.6492 Z15.3586 E0.13997 F600
G1 X96.8652 Y96.8652 Z15.3050 E0.17658 F600
G1 X98.9172 Y96.4960 Z15.3586 E0.18730 F600
G1 X100.7238 Y96.4870 Z15.5050 E0.16277 F600
G1 X101.9170 Y96.6319 Z15.7050 E0.10942 F600
G1 X102.3770 Y96.7634 Z15.9050 E0.04656 F600
G1 X102.1953 Y96.8169 Z16.0514 E0.02150 F600
G1 X101.6190 Y96.8035 Z16.1050 E0.05199 F600
G1 X100.9987 Y96.7550 Z16.0514 E0.05608 F600
G1 X100.7027 Y96.6807 Z15.9050 E0.03040 F600
G1 X101.0148 Y96.5887 Z15.7050 E0.03430 F600
G1 X102.0538 Y96.5471 Z15.5050 E0.09509 F600
G1 X103.7057 Y96.6591 Z15.3586 E0.14926 F600
G1 X105.6250 Y96.9319 Z15.3050 E0.17416 F600
G1 X107.3942 Y97.2308 Z15.3586 E0.16120 F600
G1 X108.7304 Y97.4300 Z15.5050 E0.12204 F600
G1 X109.5372 Y97.5410 Z15.7050 E0.07530 F600
G1 X109.8350 Y97.6388 Z15.9050 E0.03340 F600
G1 X109.7149 Y97.7363 Z16.0514 E0.01913 F600
G1 X109.3326 Y97.7821 Z16.1050 E0.03491 F600
G1 X108.9102 Y97.7447 Z16.0514 E0.03838 F600
G1 X108.7063 Y97.6531 Z15.9050 E0.02400 F600
G1 X108.9285 Y97.5493 Z15.7050 E0.02842 F600
G1 X109.6301 Y97.4155 Z15.5050 E0.06661 F600
G1 X110.6872 Y97.1387 Z15.3586 E0.09900 F600
G1 X111.8957 Y96.5845 Z15.3050 E0.11949 F600
G1 X113.0798 Y95.7738 Z15.3586 E0.12895 F600
G1 X114.0887 Y94.9514 Z15.5050 E0.11763 F600
G1 X114.7673 Y94.4112 Z15.7050 E0.07993 F600
G1 X115.0186 Y94.2922 Z15.9050 E0.03076 F600
G1 X114.8832 Y94.5329 Z16.0514 E0.02807 F600
G1 X114.5291 Y94.9341 Z16.1050 E0.04829 F600
G1 X114.1753 Y95.2537 Z16.0514 E0.04309 F600
G1 X114.0245 Y95.2987 Z15.9050 E0.01930 F600
G1 X114.2308 Y94.9528 Z15.7050 E0.04038 F600
G1 X114.8826 Y94.1549 Z15.5050 E0.09425 F600
G1 X115.9974 Y92.9326 Z15.3586 E0.14915 F600
G1 X117.5000 Y91.5000 Z15.3050 E0.18650 F600
G1 X119.1678 Y90.2313 Z15.3586 E0.18825 F600
G1 X120.6486 Y89.4173 Z15.5050 E0.15231 F600
G1 X121.6207 Y89.0801 Z15.7050 E0.09413 F600
G1 X121.9509 Y89.0680 Z15.9050 E0.03468 F600
G1 X121.7235 Y89.2402 Z16.0514 E0.02879 F600
G1 X121.1860 Y89.5022 Z16.1050 E0.05391 F600
G1 X120.6642 Y89.7283 Z16.0514 E0.05130 F600
G1 X120.4672 Y89.7483 Z15.9050 E0.02211 F600
G1 X120.8204 Y89.4458 Z15.7050 E0.04546 F600
G1 X121.8297 Y88.8808 Z15.5050 E0.10541 F600
G1 X123.4335 Y88.3357 Z15.3586 E0.15269 F600
G1 X125.3543 Y88.1874 Z15.3050 E0.17307 F600
G1 X127.1658 Y88.6120 Z15.3586 E0.16716 F600
G1 X128.5101 Y89.4014 Z15.5050 E0.14061 F600
G1 X129.2578 Y90.1330 Z15.7050 E0.09564 F600
G1 X129.4674 Y90.4904 Z15.9050 E0.04132 F600
G1 X129.2731 Y90.4238 Z16.0514 E0.02265 F600
G1 X128.8494 Y90.1001 Z16.1050 E0.04812 F600
G1 X128.4310 Y89.7501 Z16.0514 E0.04922 F600
G1 X128.2873 Y89.5483 Z15.9050 E0.02584 F600
G1 X128.6209 Y89.6253 Z15.7050 E0.03561 F600
G1 X129.4509 Y90.1493 Z15.5050 E0.08996 F600
G1 X130.5666 Y91.2925 Z15.3586 E0.14405 F600
G1 X131.6250 Y93.0348 Z15.3050 E0.18313 F600
G1 X132.3694 Y95.0347 Z15.3586 E0.19170 F600
G1 X132.7611 Y96.7981 Z15.5050 E0.16275 F600
G1 X132.8982 Y97.9675 Z15.7050 E0.10725 F600
G1 X132.8837 Y98.4327 Z15.9050 E0.04549 F600
G1 X132.7887 Y98.2795 Z16.0514 E0.02086 F600
G1 X132.6658 Y97.7355 Z16.1050 E0.05032 F600
G1 X132.5711 Y97.1325 Z16.0514 E0.05502 F600
G1 X132.5754 Y96.8287 Z15.9050 E0.03029 F600
G1 X132.7308 Y97.1035 Z15.7050 E0.03356 F600
G1 X133.0116 Y98.0709 Z15.5050 E0.09223 F600
G1 X133.3291 Y99.6085 Z15.3586 E0.14160 F600
G1 X133.6348 Y101.3652 Z15.3050 E0.16020 F600
G1 X133.9583 Y102.9390 Z15.3586 E0.14436 F600
G1 X134.2947 Y104.0916 Z15.5050 E0.10863 F600
G1 X134.5344 Y104.7798 Z15.7050 E0.06787 F600
G1 X134.5683 Y105.0523 Z15.9050 E0.03050 F600
G1 X134.4114 Y104.9863 Z16.0514 E0.02017 F600
G1 X134.1910 Y104.6926 Z16.1050 E0.03332 F600
G1 X134.0445 Y104.3399 Z16.0514 E0.03463 F600
G1 X134.0524 Y104.1453 Z15.9050 E0.02188 F600
G1 X134.2559 Y104.2907 Z15.7050 E0.02876 F600
G1 X134.7074 Y104.8149 Z15.5050 E0.06468 F600
G1 X135.4896 Y105.5930 Z15.3586 E0.09994 F600
G1 X136.6417 Y106.4486 Z15.3050 E0.12896 F600
G1 X138.0176 Y107.2703 Z15.3586 E0.14400 F600
G1 X139.2736 Y107.9861 Z15.5050 E0.13048 F600
G1 X140.0733 Y108.4941 Z15.7050 E0.08697 F600
G1 X140.2835 Y108.7072 Z15.9050 E0.03233 F600
G1 X139.9978 Y108.6379 Z16.0514 E0.02950 F600
G1 X139.4679 Y108.4006 Z16.1050 E0.05236 F600
G1 X139.0102 Y108.1471 Z16.0514 E0.04723 F600
G1 X138.9032 Y108.0167 Z15.9050 E0.02006 F600
G1 X139.3302 Y108.1210 Z15.7050 E0.04336 F600
G1 X140.3676 Y108.5396 Z15.5050 E0.10205 F600
G1 X141.9385 Y109.3230 Z15.3586 E0.15819 F600
G1 X143.7391 Y110.4693 Z15.3050 E0.19174 F600
G1 X145.3145 Y111.8411 Z15.3586 E0.18766 F600
G1 X146.3372 Y113.1373 Z15.5050 E0.14885 F600
G1 X146.7872 Y114.0336 Z15.7050 E0.09184 F600
G1 X146.8346 Y114.3635 Z15.9050 E0.03491 F600
G1 X146.6402 Y114.1799 Z16.0514 E0.02738 F600
G1 X146.3214 Y113.7056 Z16.1050 E0.05155 F600
G1 X146.0343 Y113.2355 Z16.0514 E0.04970 F600
G1 X145.9885 Y113.0403 Z15.9050 E0.02230 F600
G1 X146.3318 Y113.3196 Z15.7050 E0.04361 F600
G1 X147.0069 Y114.1918 Z15.5050 E0.10066 F600
G1 X147.7018 Y115.6528 Z15.3586 E0.14588 F600
G1 X148.0000 Y117.5000 Z15.3050 E0.16810 F600
G1 X147.7018 Y119.3472 Z15.3586 E0.16810 F600
G1 X147.0069 Y120.8082 Z15.5050 E0.14588 F600
G1 X146.3318 Y121.6804 Z15.7050 E0.10066 F600
G1 X145.9885 Y121.9597 Z15.9050 E0.04361 F600
G1 X146.0343 Y121.7645 Z16.0514 E0.02230 F600
G1 X146.3214 Y121.2944 Z16.1050 E0.04970 F600
; row 30/57
G1 X147.5118 Y116.9761 Z16.5514 E0.40425 F600
G1 X147.5826 Y116.7663 Z16.4050 E0.02384 F600
G1 X147.7378 Y117.1042 Z16.2050 E0.03791 F600
G1 X147.8486 Y118.0843 Z16.0050 E0.09038 F600
G1 X147.6216 Y119.6063 Z15.8586 E0.13882 F600
G1 X146.8171 Y121.3597 Z15.8050 E0.17330 F600
G1 X145.5231 Y122.9471 Z15.8586 E0.18398 F600
G1 X144.1484 Y124.0934 Z16.0050 E0.16127 F600
G1 X143.1282 Y124.7279 Z16.2050 E0.10938 F600
G1 X142.6847 Y124.9109 Z16.4050 E0.04668 F600
G1 X142.7955 Y124.7534 Z16.5514 E0.02173 F600
G1 X143.2561 Y124.4013 Z16.6050 E0.05228 F600
G1 X143.7684 Y124.0495 Z16.5514 E0.05602 F600
G1 X144.0436 Y123.9230 Z16.4050 E0.03021 F600
G1 X143.8597 Y124.1945 Z16.2050 E0.03450 F600
G1 X143.0723 Y124.8825 Z16.0050 E0.09560 F600
G1 X141.6810 Y125.8262 Z15.8586 E0.15155 F600
G1 X139.9299 Y126.7908 Z15.8050 E0.17960 F600
G1 X138.2387 Y127.6150 Z15.8586 E0.16901 F600
G1 X136.9465 Y128.2338 Z16.0050 E0.12934 F600
G1 X136.1612 Y128.6023 Z16.2050 E0.07994 F600
G1 X135.8375 Y128.6920 Z16.4050 E0.03511 F600
G1 X135.8906 Y128.5502 Z16.5514 E0.01892 F600
G1 X136.2086 Y128.3014 Z16.6050 E0.03658 F600
G1 X136.6081 Y128.0918 Z16.5514 E0.04080 F600
G1 X136.8418 Y128.0468 Z16.4050 E0.02510 F600
G1 X136.7022 Y128.2538 Z16.2050 E0.02873 F600
G1 X136.1487 Y128.7509 Z16.0050 E0.06919 F600
G1 X135.3532 Y129.5421 Z15.8586 E0.10161 F600
G1 X134.5876 Y130.6118 Z15.8050 E0.11822 F600
G1 X134.0192 Y131.8599 Z15.8586 E0.12325 F600
G1 X133.6425 Y133.0328 Z16.0050 E0.11140 F600
G1 X133.3977 Y133.8195 Z16.2050 E0.07614 F600
G1 X133.2611 Y134.0492 Z16.4050 E0.02997 F600
G1 X133.2277 Y133.7865 Z16.5514 E0.02717 F600
G1 X133.2812 Y133.2812 Z16.6050 E0.04588 F600
G1 X133.3876 Y132.8424 Z16.5514 E0.04083 F600
G1 X133.4887 Y132.7274 Z16.4050 E0.01903 F600
G1 X133.5213 Y133.1073 Z16.2050 E0.03867 F600
G1 X133.4568 Y134.0832 Z16.0050 E0.08965 F600
G1 X133.2879 Y135.6619 Z15.8586 E0.14318 F600
G1 X132.9702 Y137.6612 Z15.8050 E0.18186 F600
G1 X132.4572 Y139.6750 Z15.8586 E0.18668 F600
G1 X131.8299 Y141.2522 Z16.0050 E0.15299 F600
G1 X131.3036 Y142.1481 Z16.2050 E0.09502 F600
G1 X131.0637 Y142.3746 Z16.4050 E0.03465 F600
G1 X131.1302 Y142.0896 Z16.5514 E0.02939 F600
G1 X131.3750 Y141.5322 Z16.6050 E0.05488 F600
G1 X131.6302 Y141.0166 Z16.5514 E0.05189 F600
G1 X131.7663 Y140.8746 Z16.4050 E0.02202 F600
G1 X131.6834 Y141.3402 Z16.2050 E0.04611 F600
G1 X131.2670 Y142.4419 Z16.0050 E0.10728 F600
G1 X130.3941 Y143.9369 Z15.8586 E0.15602 F600
G1 X129.0408 Y145.3619 Z15.8050 E0.17655 F600
G1 X127.4133 Y146.2905 Z15.8586 E0.16833 F600
G1 X125.9078 Y146.6241 Z16.0050 E0.13910 F600
G1 X124.8874 Y146.5878 Z16.2050 E0.09344 F600
G1 X124.5082 Y146.4619 Z16.4050 E0.04012 F600
G1 X124.7001 Y146.3780 Z16.5514 E0.02295 F600
G1 X125.2249 Y146.3297 Z16.6050 E0.04757 F600
G1 X125.7595 Y146.3043 Z16.5514 E0.04830 F600
G1 X125.9917 Y146.3576 Z16.4050 E0.02511 F600
G1 X125.6876 Y146.5311 Z16.2050 E0.03621 F600
G1 X124.7269 Y146.7089 Z16.0050 E0.08956 F600
G1 X123.1580 Y146.6079 Z15.8586 E0.14179 F600
G1 X121.2512 Y145.9936 Z15.8050 E0.17996 F600
G1 X119.4187 Y144.9386 Z15.8586 E0.18995 F600
G1 X118.0064 Y143.8026 Z16.0050 E0.16330 F600
G1 X117.1668 Y142.9535 Z16.2050 E0.10872 F600
G1 X116.8886 Y142.5703 Z16.4050 E0.04617 F600
G1 X117.0612 Y142.6375 Z16.5514 E0.02121 F600
G1 X117.5000 Y143.0000 Z16.6050 E0.05134 F600
G1 X117.9525 Y143.4217 Z16.5514 E0.05575 F600
G1 X118.1381 Y143.6645 Z16.4050 E0.03043 F600
G1 X117.8409 Y143.5421 Z16.2050 E0.03400 F600
G1 X117.0103 Y142.9379 Z16.0050 E0.09397 F600
G1 X115.7960 Y141.8679 Z15.8586 E0.14593 F600
G1 X114.4639 Y140.5616 Z15.8050 E0.16762 F600
G1 X113.2487 Y139.3710 Z15.8586 E0.15285 F600
G1 X112.2976 Y138.5263 Z16.0050 E0.11498 F600
G1 X111.7084 Y138.0354 Z16.2050 E0.07118 F600
G1 X111.5242 Y137.8080 Z16.4050 E0.03184 F600
G1 X111.6835 Y137.7844 Z16.5514 E0.01955 F600
G1 X112.0251 Y137.9326 Z16.6050 E0.03378 F600
G1 X112.3459 Y138.1720 Z16.5514 E0.03627 F600
G1 X112.4546 Y138.3505 Z16.4050 E0.02291 F600
G1 X112.2105 Y138.3276 Z16.2050 E0.02842 F600
G1 X111.5543 Y138.0955 Z16.0050 E0.06503 F600
G1 X110.5056 Y137.8132 Z15.8586 E0.09841 F600
G1 X109.1412 Y137.6799 Z15.8050 E0.12320 F600
G1 X107.6282 Y137.7402 Z15.8586 E0.13607 F600
G1 X106.2594 Y137.8647 Z16.0050 E0.12412 F600
G1 X105.3518 Y137.9192 Z16.2050 E0.08360 F600
G1 X105.0668 Y137.8712 Z16.4050 E0.03157 F600
G1 X105.3288 Y137.7563 Z16.5514 E0.02886 F600
G1 X105.8750 Y137.6351 Z16.6050 E0.05048 F600
G1 X106.3725 Y137.5746 Z16.5514 E0.04526 F600
G1 X106.5285 Y137.6208 Z16.4050 E0.01966 F600
G1 X106.1396 Y137.7855 Z16.2050 E0.04196 F600
G1 X105.0970 Y138.0583 Z16.0050 E0.09843 F600
G1 X103.4167 Y138.3794 Z15.8586 E0.15419 F600
G1 X101.3146 Y138.5932 Z15.8050 E0.18980 F600
G1 X99.2168 Y138.5325 Z15.8586 E0.18853 F600
G1 X97.5751 Y138.2071 Z16.0050 E0.15086 F600
G1 X96.6318 Y137.8289 Z16.2050 E0.09302 F600
G1 X96.3767 Y137.6175 Z16.4050 E0.03475 F600
G1 X96.6530 Y137.6317 Z16.5514 E0.02811 F600
G1 X97.2188 Y137.7812 Z16.6050 E0.05277 F600
G1 X97.7536 Y137.9480 Z16.5514 E0.05054 F600
G1 X97.9163 Y138.0629 Z16.4050 E0.02220 F600
G1 X97.4615 Y138.0701 Z16.2050 E0.04462 F600
G1 X96.3522 Y137.8489 Z16.0050 E0.10315 F600
G1 X94.8248 Y137.2112 Z15.8586 E0.14922 F600
G1 X93.3333 Y136.0438 Z15.8050 E0.17016 F600
G1 X92.2988 Y134.4984 Z15.8586 E0.16707 F600
G1 X91.8382 Y132.9819 Z16.0050 E0.14293 F600
G1 X91.7687 Y131.9102 Z16.2050 E0.09810 F600
G1 X91.8464 Y131.4884 Z16.4050 E0.04250 F600
G1 X91.9439 Y131.6660 Z16.5514 E0.02244 F600
G1 X92.0414 Y132.1986 Z16.6050 E0.04886 F600
G1 X92.1177 Y132.7512 Z16.5514 E0.05033 F600
G1 X92.0917 Y133.0075 Z16.4050 E0.02661 F600
G1 X91.9018 Y132.7293 Z16.2050 E0.03518 F600
G1 X91.6399 Y131.7738 Z16.0050 E0.09077 F600
G1 X91.5617 Y130.1510 Z15.8586 E0.14650 F600
G1 X91.8881 Y128.1088 Z15.8050 E0.18579 F600
G1 X92.5774 Y126.0816 Z15.8586 E0.19234 F600
G1 X93.3527 Y124.4711 Z16.0050 E0.16105 F600
G1 X93.9443 Y123.4824 Z16.2050 E0.10501 F600
G1 X94.2312 Y123.1305 Z16.4050 E0.04455 F600
G1 X94.2183 Y123.3048 Z16.5514 E0.02047 F600
G1 X93.9939 Y123.7984 Z16.6050 E0.04894 F600
G1 X93.7068 Y124.3226 Z16.5514 E0.05388 F600
G1 X93.5191 Y124.5567 Z16.4050 E0.02998 F600
G1 X93.5617 Y124.2513 Z16.2050 E0.03300 F600
G1 X93.9132 Y123.3359 Z16.0050 E0.08987 F600
G1 X94.5442 Y121.9621 Z15.8586 E0.13639 F600
G1 X95.2620 Y120.4277 Z15.8050 E0.15220 F600
G1 X95.8151 Y119.0164 Z15.8586 E0.13621 F600
G1 X96.1081 Y117.9118 Z16.0050 E0.10346 F600
G1 X96.2422 Y117.2217 Z16.2050 E0.06564 F600
G1 X96.3479 Y116.9841 Z16.4050 E0.02946 F600
G1 X96.4526 Y117.1326 Z16.5514 E0.02095 F600
G1 X96.5000 Y117.5000 Z16.6050 E0.03361 F600
G1 X96.4526 Y117.8674 Z16.5514 E0.03361 F600
G1 X96.3479 Y118.0159 Z16.4050 E0.02095 F600
G1 X96.2422 Y117.7783 Z16.2050 E0.02946 F600
G1 X96.1081 Y117.0882 Z16.0050 E0.06564 F600
G1 X95.8151 Y115.9836 Z15.8586 E0.10346 F600
G1 X95.2620 Y114.5723 Z15.8050 E0.13621 F600
G1 X94.5442 Y113.0379 Z15.8586 E0.15220 F600
G1 X93.9132 Y111.6641 Z16.0050 E0.13639 F600
G1 X93.5617 Y110.7487 Z16.2050 E0.08987 F600
G1 X93.5191 Y110.4433 Z16.4050 E0.03300 F600
G1 X93.7068 Y110.6774 Z16.5514 E0.02998 F600
G1 X93.9939 Y111.2016 Z16.6050 E0.05388 F600
G1 X94.2183 Y111.6952 Z16.5514 E0.04894 F600
G1 X94.2312 Y111.8695 Z16.4050 E0.02047 F600
G1 X93.9443 Y111.5176 Z16.2050 E0.04455 F600
G1 X93.3527 Y110.5289 Z16.0050 E0.10501 F600
G1 X92.5774 Y108.9184 Z15.8586 E0.16105 F600
G1 X91.8881 Y106.8912 Z15.8050 E0.19234 F600
G1 X91.5617 Y104.8490 Z15.8586 E0.18579 F600
G1 X91.6399 Y103.2262 Z16.0050 E0.14650 F600
G1 X91.9018 Y102.2707 Z16.2050 E0.09077 F600
G1 X92.0917 Y101.9925 Z16.4050 E0.03518 F600
G1 X92.1177 Y102.2488 Z16.5514 E0.02661 F600
G1 X92.0414 Y102.8014 Z16.6050 E0.05033 F600
G1 X91.9439 Y103.3340 Z16.5514 E0.04886 F600
G1 X91.8464 Y103.5116 Z16.4050 E0.02244 F600
G1 X91.7687 Y103.0898 Z16.2050 E0.04250 F600
G1 X91.8382 Y102.0181 Z16.0050 E0.09810 F600
G1 X92.2988 Y100.5016 Z15.8586 E0.14293 F600
G1 X93.3333 Y98.9562 Z15.8050 E0.16707 F600
G1 X94.8248 Y97.7888 Z15.8586 E0.17016 F600
G1 X96.3522 Y97.1511 Z16.0050 E0.14922 F600
G1 X97.4615 Y96.9299 Z16.2050 E0.10315 F600
G1 X97.9163 Y96.9371 Z16.4050 E0.04462 F600
G1 X97.7536 Y97.0520 Z16.5514 E0.02220 F600
G1 X97.2188 Y97.2188 Z16.6050 E0.05054 F600
G1 X96.6530 Y97.3683 Z16.5514 E0.05277 F600
G1 X96.3767 Y97.3825 Z16.4050 E0.02811 F600
G1 X96.6318 Y97.1711 Z16.2050 E0.03475 F600
G1 X97.5751 Y96.7929 Z16.0050 E0.09302 F600
G1 X99.2168 Y96.4675 Z15.8586 E0.15086 F600
G1 X101.3146 Y96.4068 Z15.8050 E0.18853 F600
G1 X103.4167 Y96.6206 Z15.8586 E0.18980 F600
G1 X105.0970 Y96.9417 Z16.0050 E0.15419 F600
G1 X106.1396 Y97.2145 Z16.2050 E0.09843 F600
G1 X106.5285 Y97.3792 Z16.4050 E0.04196 F600
G1 X106.3725 Y97.4254 Z16.5514 E0.01966 F600
G1 X105.8750 Y97.3649 Z16.6050 E0.04526 F600
G1 X105.3288 Y97.2437 Z16.5514 E0.05048 F600
G1 X105.0668 Y97.1288 Z16.4050 E0.02886 F600
G1 X105.3518 Y97.0808 Z16.2050 E0.03157 F600
G1 X106.2594 Y97.1353 Z16.0050 E0.08360 F600
G1 X107.6282 Y97.2598 Z15.8586 E0.12412 F600
G1 X109.1412 Y97.3201 Z15.8050 E0.13607 F600
G1 X110.5056 Y97.1868 Z15.8586 E0.12320 F600
G1 X111.5543 Y96.9045 Z16.0050 E0.09841 F600
G1 X112.2105 Y96.6724 Z16.2050 E0.06503 F600
G1 X112.4546 Y96.6495 Z16.4050 E0.02842 F600
G1 X112.3459 Y96.8280 Z16.5514 E0.02291 F600
G1 X112.0251 Y97.0674 Z16.6050 E0.03627 F600
G1 X111.6835 Y97.2156 Z16.5514 E0.03378 F600
G1 X111.5242 Y97.1920 Z16.4050 E0.01955 F600
G1 X111.7084 Y96.9646 Z16.2050 E0.03184 F600
G1 X112.2976 Y96.4737 Z16.0050 E0.07118 F600
G1 X113.2487 Y95.6290 Z15.8586 E0.11498 F600
G1 X114.4639 Y94.4384 Z15.8050 E0.15285 F600
G1 X115.7960 Y93.1321 Z15.8586 E0.16762 F600
G1 X117.0103 Y92.0621 Z16.0050 E0.14593 F600
G1 X117.8409 Y91.4579 Z16.2050 E0.09397 F600
G1 X118.1381 Y91.3355 Z16.4050 E0.03400 F600
G1 X117.9525 Y91.5783 Z16.5514 E0.03043 F600
G1 X117.5000 Y92.0000 Z16.6050 E0.05575 F600
G1 X117.0612 Y92.3625 Z16.5514 E0.05134 F600
G1 X116.8886 Y92.4297 Z16.4050 E0.02121 F600
G1 X117.1668 Y92.0465 Z16.2050 E0.04617 F600
G1 X118.0064 Y91.1974 Z16.0050 E0.10872 F600
G1 X119.4187 Y90.0614 Z15.8586 E0.16330 F600
G1 X121.2512 Y89.0064 Z15.8050 E0.18995 F600
G1 X123.1580 Y88.3921 Z15.8586 E0.17996 F600
G1 X124.7269 Y88.2911 Z16.0050 E0.14179 F600
G1 X125.6876 Y88.4689 Z16.2050 E0.08956 F600
G1 X125.9917 Y88.6424 Z16.4050 E0.03621 F600
G1 X125.7595 Y88.6957 Z16.5514 E0.02511 F600
G1 X125.2249 Y88.6703 Z16.6050 E0.04830 F600
G1 X124.7001 Y88.6220 Z16.5514 E0.04757 F600
G1 X124.5082 Y88.5381 Z16.4050 E0.02295 F600
G1 X124.8874 Y88.4122 Z16.2050 E0.04012 F600
G1 X125.9078 Y88.3759 Z16.0050 E0.09344 F600
G1 X127.4133 Y88.7095 Z15.8586 E0.13910 F600
G1 X129.0408 Y89.6381 Z15.8050 E0.16833 F600
G1 X130.3941 Y91.0631 Z15.8586 E0.17655 F600
G1 X131.2670 Y92.5581 Z16.0050 E0.15602 F600
G1 X131.6834 Y93.6598 Z16.2050 E0.10728 F600
G1 X131.7663 Y94.1254 Z16.4050 E0.04611 F600
G1 X131.6302 Y93.9834 Z16.5514 E0.02202 F600
G1 X131.3750 Y93.4678 Z16.6050 E0.05189 F600
G1 X131.1302 Y92.9104 Z16.5514 E0.05488 F600
G1 X131.0637 Y92.6254 Z16.4050 E0.02939 F600
G1 X131.3036 Y92.8519 Z16.2050 E0.03465 F600
G1 X131.8299 Y93.7478 Z16.0050 E0.09502 F600
G1 X132.4572 Y95.3250 Z15.8586 E0.15299 F600
G1 X132.9702 Y97.3388 Z15.8050 E0.18668 F600
G1 X133.2879 Y99.3381 Z15.8586 E0.18186 F600
G1 X133.4568 Y100.9168 Z16.0050 E0.14318 F600
G1 X133.5213 Y101.8927 Z16.2050 E0.08965 F600
G1 X133.4887 Y102.2726 Z16.4050 E0.03867 F600
G1 X133.3876 Y102.1576 Z16.5514 E0.01903 F600
G1 X133.2812 Y101.7188 Z16.6050 E0.04083 F600
G1 X133.2277 Y101.2135 Z16.5514 E0.04588 F600
G1 X133.2611 Y100.9508 Z16.4050 E0.02717 F600
G1 X133.3977 Y101.1805 Z16.2050 E0.02997 F600
G1 X133.6425 Y101.9672 Z16.0050 E0.07614 F600
G1 X134.0192 Y103.1401 Z15.8586 E0.11140 F600
G1 X134.5876 Y104.3882 Z15.8050 E0.12325 F600
G1 X135.3532 Y105.4579 Z15.8586 E0.11822 F600
G1 X136.1487 Y106.2491 Z16.0050 E0.10161 F600
G1 X136.7022 Y106.7462 Z16.2050 E0.06919 F600
G1 X136.8418 Y106.9532 Z16.4050 E0.02873 F600
G1 X136.6081 Y106.9082 Z16.5514 E0.02510 F600
G1 X136.2086 Y106.6986 Z16.6050 E0.04080 F600
G1 X135.8906 Y106.4498 Z16.5514 E0.03658 F600
G1 X135.8375 Y106.3080 Z16.4050 E0.01892 F600
G1 X136.1612 Y106.3977 Z16.2050 E0.03511 F600
G1 X136.9465 Y106.7662 Z16.0050 E0.07994 F600
G1 X138.2387 Y107.3850 Z15.8586 E0.12934 F600
G1 X139.9299 Y108.2092 Z15.8050 E0.16901 F600
G1 X141.6810 Y109.1738 Z15.8586 E0.17960 F600
G1 X143.0723 Y110.1175 Z16.0050 E0.15155 F600
G1 X143.8597 Y110.8055 Z16.2050 E0.09560 F600
G1 X144.0436 Y111.0770 Z16.4050 E0.03450 F600
G1 X143.7684 Y110.9505 Z16.5514 E0.03021 F600
G1 X143.2561 Y110.5987 Z16.6050 E0.05602 F600
G1 X142.7955 Y110.2466 Z16.5514 E0.05228 F600
G1 X142.6847 Y110.0891 Z16.4050 E0.02173 F600
G1 X143.1282 Y110.2721 Z16.2050 E0.04668 F600
G1 X144.1484 Y110.9066 Z16.0050 E0.10938 F600
G1 X145.5231 Y112.0529 Z15.8586 E0.16127 F600
G1 X146.8171 Y113.6403 Z15.8050 E0.18398 F600
G1 X147.6216 Y115.3937 Z15.8586 E0.17330 F600
G1 X147.8486 Y116.9157 Z16.0050 E0.13882 F600
G1 X147.7378 Y117.8958 Z16.2050 E0.09038 F600
G1 X147.5826 Y118.2337 Z16.4050 E0.03791 F600
G1 X147.5118 Y118.0239 Z16.5514 E0.02384 F600
G1 X147.5000 Y117.5000 Z16.6050 E0.04730 F600
; row 31/57
G1 X146.6402 Y120.8201 Z17.0514 E0.31059 F600
G1 X146.8346 Y120.6365 Z16.9050 E0.02738 F600
G1 X146.7872 Y120.9664 Z16.7050 E0.03491 F600
G1 X146.3372 Y121.8627 Z16.5050 E0.09184 F600
G1 X145.3145 Y123.1589 Z16.3586 E0.14885 F600
G1 X143.7391 Y124.5307 Z16.3050 E0.18766 F600
G1 X141.9385 Y125.6770 Z16.3586 E0.19174 F600
G1 X140.3676 Y126.4604 Z16.5050 E0.15819 F600
G1 X139.3302 Y126.8790 Z16.7050 E0.10205 F600
G1 X138.9032 Y126.9833 Z16.9050 E0.04336 F600
G1 X139.0102 Y126.8529 Z17.0514 E0.02006 F600
G1 X139.4679 Y126.5994 Z17.1050 E0.04723 F600
G1 X139.9978 Y126.3621 Z17.0514 E0.05236 F600
G1 X140.2835 Y126.2928 Z16.9050 E0.02950 F600
G1 X140.0733 Y126.5059 Z16.7050 E0.03233 F600
G1 X139.2736 Y127.0139 Z16.5050 E0.08697 F600
G1 X138.0176 Y127.7297 Z16.3586 E0.13048 F600
G1 X136.6417 Y128.5514 Z16.3050 E0.14400 F600
G1 X135.4896 Y129.4070 Z16.3586 E0.12896 F600
G1 X134.7074 Y130.1851 Z16.5050 E0.09994 F600
G1 X134.2559 Y130.7093 Z16.7050 E0.06468 F600
G1 X134.0524 Y130.8547 Z16.9050 E0.02876 F600
G1 X134.0445 Y130.6601 Z17.0514 E0.02188 F600
G1 X134.1910 Y130.3074 Z17.1050 E0.03463 F600
G1 X134.4114 Y130.0137 Z17.0514 E0.03332 F600
G1 X134.5683 Y129.9477 Z16.9050 E0.02017 F600
G1 X134.5344 Y130.2202 Z16.7050 E0.03050 F600
G1 X134.2947 Y130.9084 Z16.5050 E0.06787 F600
G1 X133.9583 Y132.0610 Z16.3586 E0.10863 F600
G1 X133.6348 Y133.6348 Z16.3050 E0.14436 F600
G1 X133.3291 Y135.3915 Z16.3586 E0.16020 F600
G1 X133.0116 Y136.9291 Z16.5050 E0.14160 F600
G1 X132.7308 Y137.8965 Z16.7050 E0.09223 F600
G1 X132.5754 Y138.1713 Z16.9050 E0.03356 F600
G1 X132.5711 Y137.8675 Z17.0514 E0.03029 F600
G1 X132.6658 Y137.2645 Z17.1050 E0.05502 F600
G1 X132.7887 Y136.7205 Z17.0514 E0.05032 F600
G1 X132.8837 Y136.5673 Z16.9050 E0.02086 F600
G1 X132.8982 Y137.0325 Z16.7050 E0.04549 F600
G1 X132.7611 Y138.2019 Z16.5050 E0.10725 F600
G1 X132.3694 Y139.9653 Z16.3586 E0.16275 F600
G1 X131.6250 Y141.9652 Z16.3050 E0.19170 F600
G1 X130.5666 Y143.7075 Z16.3586 E0.18313 F600
G1 X129.4509 Y144.8507 Z16.5050 E0.14405 F600
G1 X128.6209 Y145.3747 Z16.7050 E0.08996 F600
G1 X128.2873 Y145.4517 Z16.9050 E0.03561 F600
G1 X128.4310 Y145.2499 Z17.0514 E0.02584 F600
G1 X128.8494 Y144.8999 Z17.1050 E0.04922 F600
G1 X129.2731 Y144.5762 Z17.0514 E0.04812 F600
G1 X129.4674 Y144.5096 Z16.9050 E0.02265 F600
G1 X129.2578 Y144.8670 Z16.7050 E0.04132 F600
G1 X128.5101 Y145.5986 Z16.5050 E0.09564 F600
G1 X127.1658 Y146.3880 Z16.3586 E0.14061 F600
G1 X125.3543 Y146.8126 Z16.3050 E0.16716 F600
G1 X123.4335 Y146.6643 Z16.3586 E0.17307 F600
G1 X121.8297 Y146.1192 Z16.5050 E0.15269 F600
G1 X120.8204 Y145.5542 Z16.7050 E0.10541 F600
G1 X120.4672 Y145.2517 Z16.9050 E0.04546 F600
G1 X120.6642 Y145.2717 Z17.0514 E0.02211 F600
G1 X121.1860 Y145.4978 Z17.1050 E0.05130 F600
G1 X121.7235 Y145.7598 Z17.0514 E0.05391 F600
G1 X121.9509 Y145.9320 Z16.9050 E0.02879 F600
G1 X121.6207 Y145.9199 Z16.7050 E0.03468 F600
G1 X120.6486 Y145.5827 Z16.5050 E0.09413 F600
G1 X119.1678 Y144.7687 Z16.3586 E0.15231 F600
G1 X117.5000 Y143.5000 Z16.3050 E0.18825 F600
G1 X115.9974 Y142.0674 Z16.3586 E0.18650 F600
G1 X114.8826 Y140.8451 Z16.5050 E0.14915 F600
G1 X114.2308 Y140.0472 Z16.7050 E0.09425 F600
G1 X114.0245 Y139.7013 Z16.9050 E0.04038 F600
G1 X114.1753 Y139.7463 Z17.0514 E0.01930 F600
G1 X114.5291 Y140.0659 Z17.1050 E0.04309 F600
G1 X114.8832 Y140.4671 Z17.0514 E0.04829 F600
G1 X115.0186 Y140.7078 Z16.9050 E0.02807 F600
G1 X114.7673 Y140.5888 Z16.7050 E0.03076 F600
G1 X114.0887 Y140.0486 Z16.5050 E0.07993 F600
G1 X113.0798 Y139.2262 Z16.3586 E0.11763 F600
G1 X111.8957 Y138.4155 Z16.3050 E0.12895 F600
G1 X110.6872 Y137.8613 Z16.3586 E0.11949 F600
G1 X109.6301 Y137.5845 Z16.5050 E0.09900 F600
G1 X108.9285 Y137.4507 Z16.7050 E0.06661 F600
G1 X108.7063 Y137.3469 Z16.9050 E0.02842 F600
G1 X108.9102 Y137.2553 Z17.0514 E0.02400 F600
G1 X109.3326 Y137.2179 Z17.1050 E0.03838 F600
G1 X109.7149 Y137.2637 Z17.0514 E0.03491 F600
G1 X109.8350 Y137.3612 Z16.9050 E0.01913 F600
G1 X109.5372 Y137.4590 Z16.7050 E0.03340 F600
G1 X108.7304 Y137.5700 Z16.5050 E0.07530 F600
G1 X107.3942 Y137.7692 Z16.3586 E0.12204 F600
G1 X105.6250 Y138.0681 Z16.3050 E0.16120 F600
G1 X103.7057 Y138.3409 Z16.3586 E0.17416 F600
G1 X102.0538 Y138.4529 Z16.5050 E0.14926 F600
G1 X101.0148 Y138.4113 Z16.7050 E0.09509 F600
G1 X100.7027 Y138.3193 Z16.9050 E0.03430 F600
G1 X100.9987 Y138.2450 Z17.0514 E0.03040 F600
G1 X101.6190 Y138.1965 Z17.1050 E0.05608 F600
G1 X102.1953 Y138.1831 Z17.0514 E0.05199 F600
G1 X102.3770 Y138.2366 Z16.9050 E0.02150 F600
G1 X101.9170 Y138.3681 Z16.7050 E0.04656 F600
G1 X100.7238 Y138.5130 Z16.5050 E0.10942 F600
G1 X98.9172 Y138.5040 Z16.3586 E0.16277 F600
G1 X96.8652 Y138.1348 Z16.3050 E0.18730 F600
G1 X95.0627 Y137.3508 Z16.3586 E0.17658 F600
G1 X93.8526 Y136.3794 Z16.5050 E0.13997 F600
G1 X93.2698 Y135.5936 Z16.7050 E0.08968 F600
G1 X93.1603 Y135.2507 Z16.9050 E0.03698 F600
G1 X93.3608 Y135.3621 Z17.0514 E0.02443 F600
G1 X93.7299 Y135.7394 Z17.1050 E0.04765 F600
G1 X94.0790 Y136.1299 Z17.0514 E0.04728 F600
G1 X94.1658 Y136.3264 Z16.9050 E0.02334 F600
G1 X93.8121 Y136.1741 Z16.7050 E0.03897 F600
G1 X93.0526 Y135.5223 Z16.5050 E0.09165 F600
G1 X92.1834 Y134.2567 Z16.3586 E0.13850 F600
G1 X91.6083 Y132.4486 Z16.3050 E0.17046 F600
G1 X91.5409 Y130.4427 Z16.3586 E0.18030 F600
G1 X91.8528 Y128.7065 Z16.5050 E0.15896 F600
G1 X92.2397 Y127.5779 Z16.7050 E0.10864 F600
G1 X92.4706 Y127.1595 Z16.9050 E0.04652 F600
G1 X92.4842 Y127.3540 Z17.0514 E0.02190 F600
G1 X92.3501 Y127.9174 Z17.1050 E0.05223 F600
G1 X92.1787 Y128.5100 Z17.0514 E0.05560 F600
G1 X92.0467 Y128.7778 Z16.9050 E0.02987 F600
G1 X92.0125 Y128.4503 Z16.7050 E0.03460 F600
G1 X92.1845 Y127.4196 Z16.5050 E0.09555 F600
G1 X92.6892 Y125.8016 Z16.3586 E0.15277 F600
G1 X93.5109 Y123.9279 Z16.3050 E0.18380 F600
G1 X94.4241 Y122.1948 Z16.3586 E0.17598 F600
G1 X95.1694 Y120.8783 Z16.5050 E0.13649 F600
G1 X95.6442 Y120.0868 Z16.7050 E0.08481 F600
G1 X95.8750 Y119.8121 Z16.9050 E0.03689 F600
G1 X95.9015 Y119.9608 Z17.0514 E0.01889 F600
G1 X95.7577 Y120.3624 Z17.1050 E0.03861 F600
G1 X95.5283 Y120.7837 Z17.0514 E0.04335 F600
G1 X95.3551 Y120.9667 Z16.9050 E0.02616 F600
G1 X95.3647 Y120.7095 Z16.7050 E0.02927 F600
G1 X95.5792 Y119.9577 Z16.5050 E0.07246 F600
G1 X95.8656 Y118.8232 Z16.3586 E0.10590 F600
G1 X96.0000 Y117.5000 Z16.3050 E0.11954 F600
G1 X95.8656 Y116.1768 Z16.3586 E0.11954 F600
G1 X95.5792 Y115.0423 Z16.5050 E0.10590 F600
G1 X95.3647 Y114.2905 Z16.7050 E0.07246 F600
G1 X95.3551 Y114.0333 Z16.9050 E0.02927 F600
G1 X95.5283 Y114.2163 Z17.0514 E0.02616 F600
G1 X95.7577 Y114.6376 Z17.1050 E0.04335 F600
G1 X95.9015 Y115.0392 Z17.0514 E0.03861 F600
G1 X95.8750 Y115.1879 Z16.9050 E0.01889 F600
G1 X95.6442 Y114.9132 Z16.7050 E0.03689 F600
G1 X95.1694 Y114.1217 Z16.5050 E0.08481 F600
G1 X94.4241 Y112.8052 Z16.3586 E0.13649 F600
G1 X93.5109 Y111.0721 Z16.3050 E0.17598 F600
G1 X92.6892 Y109.1984 Z16.3586 E0.18380 F600
G1 X92.1845 Y107.5804 Z16.5050 E0.15277 F600
G1 X92.0125 Y106.5497 Z16.7050 E0.09555 F600
G1 X92.0467 Y106.2222 Z16.9050 E0.03460 F600
G1 X92.1787 Y106.4900 Z17.0514 E0.02987 F600
G1 X92.3501 Y107.0826 Z17.1050 E0.05560 F600
G1 X92.4842 Y107.6460 Z17.0514 E0.05223 F600
G1 X92.4706 Y107.8405 Z16.9050 E0.02190 F600
G1 X92.2397 Y107.4221 Z16.7050 E0.04652 F600
G1 X91.8528 Y106.2935 Z16.5050 E0.10864 F600
G1 X91.5409 Y104.5573 Z16.3586 E0.15896 F600
G1 X91.6083 Y102.5514 Z16.3050 E0.18030 F600
G1 X92.1834 Y100.7433 Z16.3586 E0.17046 F600
G1 X93.0526 Y99.4777 Z16.5050 E0.13850 F600
G1 X93.8121 Y98.8259 Z16.7050 E0.09165 F600
G1 X94.1658 Y98.6736 Z16.9050 E0.03897 F600
G1 X94.0790 Y98.8701 Z17.0514 E0.02334 F600
G1 X93.7299 Y99.2606 Z17.1050 E0.04728 F600
G1 X93.3608 Y99.6379 Z17.0514 E0.04765 F600
G1 X93.1603 Y99.7493 Z16.9050 E0.02443 F600
G1 X93.2698 Y99.4064 Z16.7050 E0.03698 F600
G1 X93.8526 Y98.6206 Z16.5050 E0.08968 F600
G1 X95.0627 Y97.6492 Z16.3586 E0.13997 F600
G1 X96.8652 Y96.8652 Z16.3050 E0.17658 F600
G1 X98.9172 Y96.4960 Z16.3586 E0.18730 F600
G1 X100.7238 Y96.4870 Z16.5050 E0.16277 F600
G1 X101.9170 Y96.6319 Z16.7050 E0.10942 F600
G1 X102.3770 Y96.7634 Z16.9050 E0.04656 F600
G1 X102.1953 Y96.8169 Z17.0514 E0.02150 F600
G1 X101.6190 Y96.8035 Z17.1050 E0.05199 F600
G1 X100.9987 Y96.7550 Z17.0514 E0.05608 F600
G1 X100.7027 Y96.6807 Z16.9050 E0.03040 F600
G1 X101.0148 Y96.5887 Z16.7050 E0.03430 F600
G1 X102.0538 Y96.5471 Z16.5050 E0.09509 F600
G1 X103.7057 Y96.6591 Z16.3586 E0.14926 F600
G1 X105.6250 Y96.9319 Z16.3050 E0.17416 F600
G1 X107.3942 Y97.2308 Z16.3586 E0.16120 F600
G1 X108.7304 Y97.4300 Z16.5050 E0.12204 F600
G1 X109.5372 Y97.5410 Z16.7050 E0.07530 F600
G1 X109.8350 Y97.6388 Z16.9050 E0.03340 F600
G1 X109.7149 Y97.7363 Z17.0514 E0.01913 F600
G1 X109.3326 Y97.7821 Z17.1050 E0.03491 F600
G1 X108.9102 Y97.7447 Z17.0514 E0.03838 F600
G1 X108.7063 Y97.6531 Z16.9050 E0.02400 F600
G1 X108.9285 Y97.5493 Z16.7050 E0.02842 F600
G1 X109.6301 Y97.4155 Z16.5050 E0.06661 F600
G1 X110.6872 Y97.1387 Z16.3586 E0.09900 F600
G1 X111.8957 Y96.5845 Z16.3050 E0.11949 F600
G1 X113.0798 Y95.7738 Z16.3586 E0.12895 F600
G1 X114.0887 Y94.9514 Z16.5050 E0.11763 F600
G1 X114.7673 Y94.4112 Z16.7050 E0.07993 F600
G1 X115.0186 Y94.2922 Z16.9050 E0.03076 F600
G1 X114.8832 Y94.5329 Z17.0514 E0.02807 F600
G1 X114.5291 Y94.9341 Z17.1050 E0.04829 F600
G1 X114.1753 Y95.2537 Z17.0514 E0.04309 F600
G1 X114.0245 Y95.2987 Z16.9050 E0.01930 F600
G1 X114.2308 Y94.9528 Z16.7050 E0.04038 F600
G1 X114.8826 Y94.1549 Z16.5050 E0.09425 F600
G1 X115.9974 Y92.9326 Z16.3586 E0.14915 F600
G1 X117.5000 Y91.5000 Z16.3050 E0.18650 F600
G1 X119.1678 Y90.2313 Z16.3586 E0.18825 F600
G1 X120.6486 Y89.4173 Z16.5050 E0.15231 F600
G1 X121.6207 Y89.0801 Z16.7050 E0.09413 F600
G1 X121.9509 Y89.0680 Z16.9050 E0.03468 F600
G1 X121.7235 Y89.2402 Z17.0514 E0.02879 F600
G1 X121.1860 Y89.5022 Z17.1050 E0.05391 F600
G1 X120.6642 Y89.7283 Z17.0514 E0.05130 F600
G1 X120.4672 Y89.7483 Z16.9050 E0.02211 F600
G1 X120.8204 Y89.4458 Z16.7050 E0.04546 F600
G1 X121.8297 Y88.8808 Z16.5050 E0.10541 F600
G1 X123.4335 Y88.3357 Z16.3586 E0.15269 F600
G1 X125.3543 Y88.1874 Z16.3050 E0.17307 F600
G1 X127.1658 Y88.6120 Z16.3586 E0.16716 F600
G1 X128.5101 Y89.4014 Z16.5050 E0.14061 F600
G1 X129.2578 Y90.1330 Z16.7050 E0.09564 F600
G1 X129.4674 Y90.4904 Z16.9050 E0.04132 F600
G1 X129.2731 Y90.4238 Z17.0514 E0.02265 F600
G1 X128.8494 Y90.1001 Z17.1050 E0.04812 F600
G1 X128.4310 Y89.7501 Z17.0514 E0.04922 F600
G1 X128.2873 Y89.5483 Z16.9050 E0.02584 F600
G1 X128.6209 Y89.6253 Z16.7050 E0.03561 F600
G1 X129.4509 Y90.1493 Z16.5050 E0.08996 F600
G1 X130.5666 Y91.2925 Z16.3586 E0.14405 F600
G1 X131.6250 Y93.0348 Z16.3050 E0.18313 F600
G1 X132.3694 Y95.0347 Z16.3586 E0.19170 F600
G1 X132.7611 Y96.7981 Z16.5050 E0.16275 F600
G1 X132.8982 Y97.9675 Z16.7050 E0.10725 F600
G1 X132.8837 Y98.4327 Z16.9050 E0.04549 F600
G1 X132.7887 Y98.2795 Z17.0514 E0.02086 F600
G1 X132.6658 Y97.7355 Z17.1050 E0.05032 F600
G1 X132.5711 Y97.1325 Z17.0514 E0.05502 F600
G1 X132.5754 Y96.8287 Z16.9050 E0.03029 F600
G1 X132.7308 Y97.1035 Z16.7050 E0.03356 F600
G1 X133.0116 Y98.0709 Z16.5050 E0.09223 F600
G1 X133.3291 Y99.6085 Z16.3586 E0.14160 F600
G1 X133.6348 Y101.3652 Z16.3050 E0.16020 F600
G1 X133.9583 Y102.9390 Z16.3586 E0.14436 F600
G1 X134.2947 Y104.0916 Z16.5050 E0.10863 F600
G1 X134.5344 Y104.7798 Z16.7050 E0.06787 F600
G1 X134.5683 Y105.0523 Z16.9050 E0.03050 F600
G1 X134.4114 Y104.9863 Z17.0514 E0.02017 F600
G1 X134.1910 Y104.6926 Z17.1050 E0.03332 F600
G1 X134.0445 Y104.3399 Z17.0514 E0.03463 F600
G1 X134.0524 Y104.1453 Z16.9050 E0.02188 F600
G1 X134.2559 Y104.2907 Z16.7050 E0.02876 F600
G1 X134.7074 Y104.8149 Z16.5050 E0.06468 F600
G1 X135.4896 Y105.5930 Z16.3586 E0.09994 F600
G1 X136.6417 Y106.4486 Z16.3050 E0.12896 F600
G1 X138.0176 Y107.2703 Z16.3586 E0.14400 F600
G1 X139.2736 Y107.9861 Z16.5050 E0.13048 F600
G1 X140.0733 Y108.4941 Z16.7050 E0.08697 F600
G1 X140.2835 Y108.7072 Z16.9050 E0.03233 F600
G1 X139.9978 Y108.6379 Z17.0514 E0.02950 F600
G1 X139.4679 Y108.4006 Z17.1050 E0.05236 F600
G1 X139.0102 Y108.1471 Z17.0514 E0.04723 F600
G1 X138.9032 Y108.0167 Z16.9050 E0.02006 F600
G1 X139.3302 Y108.1210 Z16.7050 E0.04336 F600
G1 X140.3676 Y108.5396 Z16.5050 E0.10205 F600
G1 X141.9385 Y109.3230 Z16.3586 E0.15819 F600
G1 X143.7391 Y110.4693 Z16.3050 E0.19174 F600
G1 X145.3145 Y111.8411 Z16.3586 E0.18766 F600
G1 X146.3372 Y113.1373 Z16.5050 E0.14885 F600
G1 X146.7872 Y114.0336 Z16.7050 E0.09184 F600
G1 X146.8346 Y114.3635 Z16.9050 E0.03491 F600
G1 X146.6402 Y114.1799 Z17.0514 E0.02738 F600
G1 X146.3214 Y113.7056 Z17.1050 E0.05155 F600
G1 X146.0343 Y113.2355 Z17.0514 E0.04970 F600
G1 X145.9885 Y113.0403 Z16.9050 E0.02230 F600
G1 X146.3318 Y113.3196 Z16.7050 E0.04361 F600
G1 X147.0069 Y114.1918 Z16.5050 E0.10066 F600
G1 X147.7018 Y115.6528 Z16.3586 E0.14588 F600
G1 X148.0000 Y117.5000 Z16.3050 E0.16810 F600
G1 X147.7018 Y119.3472 Z16.3586 E0.16810 F600
G1 X147.0069 Y120.8082 Z16.5050 E0.14588 F600
G1 X146.3318 Y121.6804 Z16.7050 E0.10066 F600
G1 X145.9885 Y121.9597 Z16.9050 E0.04361 F600
G1 X146.0343 Y121.7645 Z17.0514 E0.02230 F600
G1 X146.3214 Y121.2944 Z17.1050 E0.04970 F600
; row 32/57
G1 X147.5118 Y116.9761 Z17.5514 E0.40425 F600
G1 X147.5826 Y116.7663 Z17.4050 E0.02384 F600
G1 X147.7378 Y117.1042 Z17.2050 E0.03791 F600
G1 X147.8486 Y118.0843 Z17.0050 E0.09038 F600
G1 X147.6216 Y119.6063 Z16.8586 E0.13882 F600
G1 X146.8171 Y121.3597 Z16.8050 E0.17330 F600
G1 X145.5231 Y122.9471 Z16.8586 E0.18398 F600
G1 X144.1484 Y124.0934 Z17.0050 E0.16127 F600
G1 X143.1282 Y124.7279 Z17.2050 E0.10938 F600
G1 X142.6847 Y124.9109 Z17.4050 E0.04668 F600
G1 X142.7955 Y124.7534 Z17.5514 E0.02173 F600
G1 X143.2561 Y124.4013 Z17.6050 E0.05228 F600
G1 X143.7684 Y124.0495 Z17.5514 E0.05602 F600
G1 X144.0436 Y123.9230 Z17.4050 E0.03021 F600
G1 X143.8597 Y124.1945 Z17.2050 E0.03450 F600
G1 X143.0723 Y124.8825 Z17.0050 E0.09560 F600
G1 X141.6810 Y125.8262 Z16.8586 E0.15155 F600
G1 X139.9299 Y126.7908 Z16.8050 E0.17960 F600
G1 X138.2387 Y127.6150 Z16.8586 E0.16901 F600
G1 X136.9465 Y128.2338 Z17.0050 E0.12934 F600
G1 X136.1612 Y128.6023 Z17.2050 E0.07994 F600
G1 X135.8375 Y128.6920 Z17.4050 E0.03511 F600
G1 X135.8906 Y128.5502 Z17.5514 E0.01892 F600
G1 X136.2086 Y128.3014 Z17.6050 E0.03658 F600
G1 X136.6081 Y128.0918 Z17.5514 E0.04080 F600
G1 X136.8418 Y128.0468 Z17.4050 E0.02510 F600
G1 X136.7022 Y128.2538 Z17.2050 E0.02873 F600
G1 X136.1487 Y128.7509 Z17.0050 E0.06919 F600
G1 X135.3532 Y129.5421 Z16.8586 E0.10161 F600
G1 X134.5876 Y130.6118 Z16.8050 E0.11822 F600
G1 X134.0192 Y131.8599 Z16.8586 E0.12325 F600
G1 X133.6425 Y133.0328 Z17.0050 E0.11140 F600
G1 X133.3977 Y133.8195 Z17.2050 E0.07614 F600
G1 X133.2611 Y134.0492 Z17.4050 E0.02997 F600
G1 X133.2277 Y133.7865 Z17.5514 E0.02717 F600
G1 X133.2812 Y133.2812 Z17.6050 E0.04588 F600
G1 X133.3876 Y132.8424 Z17.5514 E0.04083 F600
G1 X133.4887 Y132.7274 Z17.4050 E0.01903 F600
G1 X133.5213 Y133.1073 Z17.2050 E0.03867 F600
G1 X133.4568 Y134.0832 Z17.0050 E0.08965 F600
G1 X133.2879 Y135.6619 Z16.8586 E0.14318 F600
G1 X132.9702 Y137.6612 Z16.8050 E0.18186 F600
G1 X132.4572 Y139.6750 Z16.8586 E0.18668 F600
G1 X131.8299 Y141.2522 Z17.0050 E0.15299 F600
G1 X131.3036 Y142.1481 Z17.2050 E0.09502 F600
G1 X131.0637 Y142.3746 Z17.4050 E0.03465 F600
G1 X131.1302 Y142.0896 Z17.5514 E0.02939 F600
G1 X131.3750 Y141.5322 Z17.6050 E0.05488 F600
G1 X131.6302 Y141.0166 Z17.5514 E0.05189 F600
G1 X131.7663 Y140.8746 Z17.4050 E0.02202 F600
G1 X131.6834 Y141.3402 Z17.2050 E0.04611 F600
G1 X131.2670 Y142.4419 Z17.0050 E0.10728 F600
G1 X130.3941 Y143.9369 Z16.8586 E0.15602 F600
G1 X129.0408 Y145.3619 Z16.8050 E0.17655 F600
G1 X127.4133 Y146.2905 Z16.8586 E0.16833 F600
G1 X125.9078 Y146.6241 Z17.0050 E0.13910 F600
G1 X124.8874 Y146.5878 Z17.2050 E0.09344 F600
G1 X124.5082 Y146.4619 Z17.4050 E0.04012 F600
G1 X124.7001 Y146.3780 Z17.5514 E0.02295 F600
G1 X125.2249 Y146.3297 Z17.6050 E0.04757 F600
G1 X125.7595 Y146.3043 Z17.5514 E0.04830 F600
G1 X125.9917 Y146.3576 Z17.4050 E0.02511 F600
G1 X125.6876 Y146.5311 Z17.2050 E0.03621 F600
G1 X124.7269 Y146.7089 Z17.0050 E0.08956 F600
G1 X123.1580 Y146.6079 Z16.8586 E0.14179 F600
G1 X121.2512 Y145.9936 Z16.8050 E0.17996 F600
G1 X119.4187 Y144.9386 Z16.8586 E0.18995 F600
G1 X118.0064 Y143.8026 Z17.0050 E0.16330 F600
G1 X117.1668 Y142.9535 Z17.2050 E0.10872 F600
G1 X116.8886 Y142.5703 Z17.4050 E0.04617 F600
G1 X117.0612 Y142.6375 Z17.5514 E0.02121 F600
G1 X117.5000 Y143.0000 Z17.6050 E0.05134 F600
G1 X117.9525 Y143.4217 Z17.5514 E0.05575 F600
G1 X118.1381 Y143.6645 Z17.4050 E0.03043 F600
G1 X117.8409 Y143.5421 Z17.2050 E0.03400 F600
G1 X117.0103 Y142.9379 Z17.0050 E0.09397 F600
G1 X115.7960 Y141.8679 Z16.8586 E0.14593 F600
G1 X114.4639 Y140.5616 Z16.8050 E0.16762 F600
G1 X113.2487 Y139.3710 Z16.8586 E0.15285 F600
G1 X112.2976 Y138.5263 Z17.0050 E0.11498 F600
G1 X111.7084 Y138.0354 Z17.2050 E0.07118 F600
G1 X111.5242 Y137.8080 Z17.4050 E0.03184 F600
G1 X111.6835 Y137.7844 Z17.5514 E0.01955 F600
G1 X112.0251 Y137.9326 Z17.6050 E0.03378 F600
G1 X112.3459 Y138.1720 Z17.5514 E0.03627 F600
G1 X112.4546 Y138.3505 Z17.4050 E0.02291 F600
G1 X112.2105 Y138.3276 Z17.2050 E0.02842 F600
G1 X111.5543 Y138.0955 Z17.0050 E0.06503 F600
G1 X110.5056 Y137.8132 Z16.8586 E0.09841 F600
G1 X109.1412 Y137.6799 Z16.8050 E0.12320 F600
G1 X107.6282 Y137.7402 Z16.8586 E0.13607 F600
G1 X106.2594 Y137.8647 Z17.0050 E0.12412 F600
G1 X105.3518 Y137.9192 Z17.2050 E0.08360 F600
G1 X105.0668 Y137.8712 Z17.4050 E0.03157 F600
G1 X105.3288 Y137.7563 Z17.5514 E0.02886 F600
G1 X105.8750 Y137.6351 Z17.6050 E0.05048 F600
G1 X106.3725 Y137.5746 Z17.5514 E0.04526 F600
G1 X106.5285 Y137.6208 Z17.4050 E0.01966 F600
G1 X106.1396 Y137.7855 Z17.2050 E0.04196 F600
G1 X105.0970 Y138.0583 Z17.0050 E0.09843 F600
G1 X103.4167 Y138.3794 Z16.8586 E0.15419 F600
G1 X101.3146 Y138.5932 Z16.8050 E0.18980 F600
G1 X99.2168 Y138.5325 Z16.8586 E0.18853 F600
G1 X97.5751 Y138.2071 Z17.0050 E0.15086 F600
G1 X96.6318 Y137.8289 Z17.2050 E0.09302 F600
G1 X96.3767 Y137.6175 Z17.4050 E0.03475 F600
G1 X96.6530 Y137.6317 Z17.5514 E0.02811 F600
G1 X97.2188 Y137.7812 Z17.6050 E0.05277 F600
G1 X97.7536 Y137.9480 Z17.5514 E0.05054 F600
G1 X97.9163 Y138.0629 Z17.4050 E0.02220 F600
G1 X97.4615 Y138.0701 Z17.2050 E0.04462 F600
G1 X96.3522 Y137.8489 Z17.0050 E0.10315 F600
G1 X94.8248 Y137.2112 Z16.8586 E0.14922 F600
G1 X93.3333 Y136.0438 Z16.8050 E0.17016 F600
G1 X92.2988 Y134.4984 Z16.8586 E0.16707 F600
G1 X91.8382 Y132.9819 Z17.0050 E0.14293 F600
G1 X91.7687 Y131.9102 Z17.2050 E0.09810 F600
G1 X91.8464 Y131.4884 Z17.4050 E0.04250 F600
G1 X91.9439 Y131.6660 Z17.5514 E0.02244 F600
G1 X92.0414 Y132.1986 Z17.6050 E0.04886 F600
G1 X92.1177 Y132.7512 Z17.5514 E0.05033 F600
G1 X92.0917 Y133.0075 Z17.4050 E0.02661 F600
G1 X91.9018 Y132.7293 Z17.2050 E0.03518 F600
G1 X91.6399 Y131.7738 Z17.0050 E0.09077 F600
G1 X91.5617 Y130.1510 Z16.8586 E0.14650 F600
G1 X91.8881 Y128.1088 Z16.8050 E0.18579 F600
G1 X92.5774 Y126.0816 Z16.8586 E0.19234 F600
G1 X93.3527 Y124.4711 Z17.0050 E0.16105 F600
G1 X93.9443 Y123.4824 Z17.2050 E0.10501 F600
G1 X94.2312 Y123.1305 Z17.4050 E0.04455 F600
G1 X94.2183 Y123.3048 Z17.5514 E0.02047 F600
G1 X93.9939 Y123.7984 Z17.6050 E0.04894 F600
G1 X93.7068 Y124.3226 Z17.5514 E0.05388 F600
G1 X93.5191 Y124.5567 Z17.4050 E0.02998 F600
G1 X93.5617 Y124.2513 Z17.2050 E0.03300 F600
G1 X93.9132 Y123.3359 Z17.0050 E0.08987 F600
G1 X94.5442 Y121.9621 Z16.8586 E0.13639 F600
G1 X95.2620 Y120.4277 Z16.8050 E0.15220 F600
G1 X95.8151 Y119.0164 Z16.8586 E0.13621 F600
G1 X96.1081 Y117.9118 Z17.0050 E0.10346 F600
G1 X96.2422 Y117.2217 Z17.2050 E0.06564 F600
G1 X96.3479 Y116.9841 Z17.4050 E0.02946 F600
G1 X96.4526 Y117.1326 Z17.5514 E0.02095 F600
G1 X96.5000 Y117.5000 Z17.6050 E0.03361 F600
G1 X96.4526 Y117.8674 Z17.5514 E0.03361 F600
G1 X96.3479 Y118.0159 Z17.4050 E0.02095 F600
G1 X96.2422 Y117.7783 Z17.2050 E0.02946 F600
G1 X96.1081 Y117.0882 Z17.0050 E0.06564 F600
G1 X95.8151 Y115.9836 Z16.8586 E0.10346 F600
G1 X95.2620 Y114.5723 Z16.8050 E0.13621 F600
G1 X94.5442 Y113.0379 Z16.8586 E0.15220 F600
G1 X93.9132 Y111.6641 Z17.0050 E0.13639 F600
G1 X93.5617 Y110.7487 Z17.2050 E0.08987 F600
G1 X93.5191 Y110.4433 Z17.4050 E0.03300 F600
G1 X93.7068 Y110.6774 Z17.5514 E0.02998 F600
G1 X93.9939 Y111.2016 Z17.6050 E0.05388 F600
G1 X94.2183 Y111.6952 Z17.5514 E0.04894 F600
G1 X94.2312 Y111.8695 Z17.4050 E0.02047 F600
G1 X93.9443 Y111.5176 Z17.2050 E0.04455 F600
G1 X93.3527 Y110.5289 Z17.0050 E0.10501 F600
G1 X92.5774 Y108.9184 Z16.8586 E0.16105 F600
G1 X91.8881 Y106.8912 Z16.8050 E0.19234 F600
G1 X91.5617 Y104.8490 Z16.8586 E0.18579 F600
G1 X91.6399 Y103.2262 Z17.0050 E0.14650 F600
G1 X91.9018 Y102.2707 Z17.2050 E0.09077 F600
G1 X92.0917 Y101.9925 Z17.4050 E0.03518 F600
G1 X92.1177 Y102.2488 Z17.5514 E0.02661 F600
G1 X92.0414 Y102.8014 Z17.6050 E0.05033 F600
G1 X91.9439 Y103.3340 Z17.5514 E0.04886 F600
G1 X91.8464 Y103.5116 Z17.4050 E0.02244 F600
G1 X91.7687 Y103.0898 Z17.2050 E0.04250 F600
G1 X91.8382 Y102.0181 Z17.0050 E0.09810 F600
G1 X92.2988 Y100.5016 Z16.8586 E0.14293 F600
G1 X93.3333 Y98.9562 Z16.8050 E0.16707 F600
G1 X94.8248 Y97.7888 Z16.8586 E0.17016 F600
G1 X96.3522 Y97.1511 Z17.0050 E0.14922 F600
G1 X97.4615 Y96.9299 Z17.2050 E0.10315 F600
G1 X97.9163 Y96.9371 Z17.4050 E0.04462 F600
G1 X97.7536 Y97.0520 Z17.5514 E0.02220 F600
G1 X97.2188 Y97.2188 Z17.6050 E0.05054 F600
G1 X96.6530 Y97.3683 Z17.5514 E0.05277 F600
G1 X96.3767 Y97.3825 Z17.4050 E0.02811 F600
G1 X96.6318 Y97.1711 Z17.2050 E0.03475 F600
G1 X97.5751 Y96.7929 Z17.0050 E0.09302 F600
G1 X99.2168 Y96.4675 Z16.8586 E0.15086 F600
G1 X101.3146 Y96.4068 Z16.8050 E0.18853 F600
G1 X103.4167 Y96.6206 Z16.8586 E0.18980 F600
G1 X105.0970 Y96.9417 Z17.0050 E0.15419 F600
G1 X106.1396 Y97.2145 Z17.2050 E0.09843 F600
G1 X106.5285 Y97.3792 Z17.4050 E0.04196 F600
G1 X106.3725 Y97.4254 Z17.5514 E0.01966 F600
G1 X105.8750 Y97.3649 Z17.6050 E0.04526 F600
G1 X105.3288 Y97.2437 Z17.5514 E0.05048 F600
G1 X105.0668 Y97.1288 Z17.4050 E0.02886 F600
G1 X105.3518 Y97.0808 Z17.2050 E0.03157 F600
G1 X106.2594 Y97.1353 Z17.0050 E0.08360 F600
G1 X107.6282 Y97.2598 Z16.8586 E0.12412 F600
G1 X109.1412 Y97.3201 Z16.8050 E0.13607 F600
G1 X110.5056 Y97.1868 Z16.8586 E0.12320 F600
G1 X111.5543 Y96.9045 Z17.0050 E0.09841 F600
G1 X112.2105 Y96.6724 Z17.2050 E0.06503 F600
G1 X112.4546 Y96.6495 Z17.4050 E0.02842 F600
G1 X112.3459 Y96.8280 Z17.5514 E0.02291 F600
G1 X112.0251 Y97.0674 Z17.6050 E0.03627 F600
G1 X111.6835 Y97.2156 Z17.5514 E0.03378 F600
G1 X111.5242 Y97.1920 Z17.4050 E0.01955 F600
G1 X111.7084 Y96.9646 Z17.2050 E0.03184 F600
G1 X112.2976 Y96.4737 Z17.0050 E0.07118 F600
G1 X113.2487 Y95.6290 Z16.8586 E0.11498 F600
G1 X114.4639 Y94.4384 Z16.8050 E0.15285 F600
G1 X115.7960 Y93.1321 Z16.8586 E0.16762 F600
G1 X117.0103 Y92.0621 Z17.0050 E0.14593 F600
G1 X117.8409 Y91.4579 Z17.2050 E0.09397 F600
G1 X118.1381 Y91.3355 Z17.4050 E0.03400 F600
G1 X117.9525 Y91.5783 Z17.5514 E0.03043 F600
G1 X117.5000 Y92.0000 Z17.6050 E0.05575 F600
G1 X117.0612 Y92.3625 Z17.5514 E0.05134 F600
G1 X116.8886 Y92.4297 Z17.4050 E0.02121 F600
G1 X117.1668 Y92.0465 Z17.2050 E0.04617 F600
G1 X118.0064 Y91.1974 Z17.0050 E0.10872 F600
G1 X119.4187 Y90.0614 Z16.8586 E0.16330 F600
G1 X121.2512 Y89.0064 Z16.8050 E0.18995 F600
G1 X123.1580 Y88.3921 Z16.8586 E0.17996 F600
G1 X124.7269 Y88.2911 Z17.0050 E0.14179 F600
G1 X125.6876 Y88.4689 Z17.2050 E0.08956 F600
G1 X125.9917 Y88.6424 Z17.4050 E0.03621 F600
G1 X125.7595 Y88.6957 Z17.5514 E0.02511 F600
G1 X125.2249 Y88.6703 Z17.6050 E0.04830 F600
G1 X124.7001 Y88.6220 Z17.5514 E0.04757 F600
G1 X124.5082 Y88.5381 Z17.4050 E0.02295 F600
G1 X124.8874 Y88.4122 Z17.2050 E0.04012 F600
G1 X125.9078 Y88.3759 Z17.0050 E0.09344 F600
G1 X127.4133 Y88.7095 Z16.8586 E0.13910 F600
G1 X129.0408 Y89.6381 Z16.8050 E0.16833 F600
G1 X130.3941 Y91.0631 Z16.8586 E0.17655 F600
G1 X131.2670 Y92.5581 Z17.0050 E0.15602 F600
G1 X131.6834 Y93.6598 Z17.2050 E0.10728 F600
G1 X131.7663 Y94.1254 Z17.4050 E0.04611 F600
G1 X131.6302 Y93.9834 Z17.5514 E0.02202 F600
G1 X131.3750 Y93.4678 Z17.6050 E0.05189 F600
G1 X131.1302 Y92.9104 Z17.5514 E0.05488 F600
G1 X131.0637 Y92.6254 Z17.4050 E0.02939 F600
G1 X131.3036 Y92.8519 Z17.2050 E0.03465 F600
G1 X131.8299 Y93.7478 Z17.0050 E0.09502 F600
G1 X132.4572 Y95.3250 Z16.8586 E0.15299 F600
G1 X132.9702 Y97.3388 Z16.8050 E0.18668 F600
G1 X133.2879 Y99.3381 Z16.8586 E0.18186 F600
G1 X133.4568 Y100.9168 Z17.0050 E0.14318 F600
G1 X133.5213 Y101.8927 Z17.2050 E0.08965 F600
G1 X133.4887 Y102.2726 Z17.4050 E0.03867 F600
G1 X133.3876 Y102.1576 Z17.5514 E0.01903 F600
G1 X133.2812 Y101.7188 Z17.6050 E0.04083 F600
G1 X133.2277 Y101.2135 Z17.5514 E0.04588 F600
G1 X133.2611 Y100.9508 Z17.4050 E0.02717 F600
G1 X133.3977 Y101.1805 Z17.2050 E0.02997 F600
G1 X133.6425 Y101.9672 Z17.0050 E0.07614 F600
G1 X134.0192 Y103.1401 Z16.8586 E0.11140 F600
G1 X134.5876 Y104.3882 Z16.8050 E0.12325 F600
G1 X135.3532 Y105.4579 Z16.8586 E0.11822 F600
G1 X136.1487 Y106.2491 Z17.0050 E0.10161 F600
G1 X136.7022 Y106.7462 Z17.2050 E0.06919 F600
G1 X136.8418 Y106.9532 Z17.4050 E0.02873 F600
G1 X136.6081 Y106.9082 Z17.5514 E0.02510 F600
G1 X136.2086 Y106.6986 Z17.6050 E0.04080 F600
G1 X135.8906 Y106.4498 Z17.5514 E0.03658 F600
G1 X135.8375 Y106.3080 Z17.4050 E0.01892 F600
G1 X136.1612 Y106.3977 Z17.2050 E0.03511 F600
G1 X136.9465 Y106.7662 Z17.0050 E0.07994 F600
G1 X138.2387 Y107.3850 Z16.8586 E0.12934 F600
G1 X139.9299 Y108.2092 Z16.8050 E0.16901 F600
G1 X141.6810 Y109.1738 Z16.8586 E0.17960 F600
G1 X143.0723 Y110.1175 Z17.0050 E0.15155 F600
G1 X143.8597 Y110.8055 Z17.2050 E0.09560 F600
G1 X144.0436 Y111.0770 Z17.4050 E0.03450 F600
G1 X143.7684 Y110.9505 Z17.5514 E0.03021 F600
G1 X143.2561 Y110.5987 Z17.6050 E0.05602 F600
G1 X142.7955 Y110.2466 Z17.5514 E0.05228 F600
G1 X142.6847 Y110.0891 Z17.4050 E0.02173 F600
G1 X143.1282 Y110.2721 Z17.2050 E0.04668 F600
G1 X144.1484 Y110.9066 Z17.0050 E0.10938 F600
G1 X145.5231 Y112.0529 Z16.8586 E0.16127 F600
G1 X146.8171 Y113.6403 Z16.8050 E0.18398 F600
G1 X147.6216 Y115.3937 Z16.8586 E0.17330 F600
G1 X147.8486 Y116.9157 Z17.0050 E0.13882 F600
G1 X147.7378 Y117.8958 Z17.2050 E0.09038 F600
G1 X147.5826 Y118.2337 Z17.4050 E0.03791 F600
G1 X147.5118 Y118.0239 Z17.5514 E0.02384 F600
G1 X147.5000 Y117.5000 Z17.6050 E0.04730 F600
; row 33/57
G1 X146.6402 Y120.8201 Z18.0514 E0.31059 F600
G1 X146.8346 Y120.6365 Z17.9050 E0.02738 F600
G1 X146.7872 Y120.9664 Z17.7050 E0.03491 F600
G1 X146.3372 Y121.8627 Z17.5050 E0.09184 F600
G1 X145.3145 Y123.1589 Z17.3586 E0.14885 F600
G1 X143.7391 Y124.5307 Z17.3050 E0.18766 F600
G1 X141.9385 Y125.6770 Z17.3586 E0.19174 F600
G1 X140.3676 Y126.4604 Z17.5050 E0.15819 F600
G1 X139.3302 Y126.8790 Z17.7050 E0.10205 F600
G1 X138.9032 Y126.9833 Z17.9050 E0.04336 F600
G1 X139.0102 Y126.8529 Z18.0514 E0.02006 F600
G1 X139.4679 Y126.5994 Z18.1050 E0.04723 F600
G1 X139.9978 Y126.3621 Z18.0514 E0.05236 F600
G1 X140.2835 Y126.2928 Z17.9050 E0.02950 F600
G1 X140.0733 Y126.5059 Z17.7050 E0.03233 F600
G1 X139.2736 Y127.0139 Z17.5050 E0.08697 F600
G1 X138.0176 Y127.7297 Z17.3586 E0.13048 F600
G1 X136.6417 Y128.5514 Z17.3050 E0.14400 F600
G1 X135.4896 Y129.4070 Z17.3586 E0.12896 F600
G1 X134.7074 Y130.1851 Z17.5050 E0.09994 F600
G1 X134.2559 Y130.7093 Z17.7050 E0.06468 F600
G1 X134.0524 Y130.8547 Z17.9050 E0.02876 F600
G1 X134.0445 Y130.6601 Z18.0514 E0.02188 F600
G1 X134.1910 Y130.3074 Z18.1050 E0.03463 F600
G1 X134.4114 Y130.0137 Z18.0514 E0.03332 F600
G1 X134.5683 Y129.9477 Z17.9050 E0.02017 F600
G1 X134.5344 Y130.2202 Z17.7050 E0.03050 F600
G1 X134.2947 Y130.9084 Z17.5050 E0.06787 F600
G1 X133.9583 Y132.0610 Z17.3586 E0.10863 F600
G1 X133.6348 Y133.6348 Z17.3050 E0.14436 F600
G1 X133.3291 Y135.3915 Z17.3586 E0.16020 F600
G1 X133.0116 Y136.9291 Z17.5050 E0.14160 F600
G1 X132.7308 Y137.8965 Z17.7050 E0.09223 F600
G1 X132.5754 Y138.1713 Z17.9050 E0.03356 F600
G1 X132.5711 Y137.8675 Z18.0514 E0.03029 F600
G1 X132.6658 Y137.2645 Z18.1050 E0.05502 F600
G1 X132.7887 Y136.7205 Z18.0514 E0.05032 F600
G1 X132.8837 Y136.5673 Z17.9050 E0.02086 F600
G1 X132.8982 Y137.0325 Z17.7050 E0.04549 F600
G1 X132.7611 Y138.2019 Z17.5050 E0.10725 F600
G1 X132.3694 Y139.9653 Z17.3586 E0.16275 F600
G1 X131.6250 Y141.9652 Z17.3050 E0.19170 F600
G1 X130.5666 Y143.7075 Z17.3586 E0.18313 F600
G1 X129.4509 Y144.8507 Z17.5050 E0.14405 F600
G1 X128.6209 Y145.3747 Z17.7050 E0.08996 F600
G1 X128.2873 Y145.4517 Z17.9050 E0.03561 F600
G1 X128.4310 Y145.2499 Z18.0514 E0.02584 F600
G1 X128.8494 Y144.8999 Z18.1050 E0.04922 F600
G1 X129.2731 Y144.5762 Z18.0514 E0.04812 F600
G1 X129.4674 Y144.5096 Z17.9050 E0.02265 F600
G1 X129.2578 Y144.8670 Z17.7050 E0.04132 F600
G1 X128.5101 Y145.5986 Z17.5050 E0.09564 F600
G1 X127.1658 Y146.3880 Z17.3586 E0.14061 F600
G1 X125.3543 Y146.8126 Z17.3050 E0.16716 F600
G1 X123.4335 Y146.6643 Z17.3586 E0.17307 F600
G1 X121.8297 Y146.1192 Z17.5050 E0.15269 F600
G1 X120.8204 Y145.5542 Z17.7050 E0.10541 F600
G1 X120.4672 Y145.2517 Z17.9050 E0.04546 F600
G1 X120.6642 Y145.2717 Z18.0514 E0.02211 F600
G1 X121.1860 Y145.4978 Z18.1050 E0.05130 F600
G1 X121.7235 Y145.7598 Z18.0514 E0.05391 F600
G1 X121.9509 Y145.9320 Z17.9050 E0.02879 F600
G1 X121.6207 Y145.9199 Z17.7050 E0.03468 F600
G1 X120.6486 Y145.5827 Z17.5050 E0.09413 F600
G1 X119.1678 Y144.7687 Z17.3586 E0.15231 F600
G1 X117.5000 Y143.5000 Z17.3050 E0.18825 F600
G1 X115.9974 Y142.0674 Z17.3586 E0.18650 F600
G1 X114.8826 Y140.8451 Z17.5050 E0.14915 F600
G1 X114.2308 Y140.0472 Z17.7050 E0.09425 F600
G1 X114.0245 Y139.7013 Z17.9050 E0.04038 F600
G1 X114.1753 Y139.7463 Z18.0514 E0.01930 F600
G1 X114.5291 Y140.0659 Z18.1050 E0.04309 F600
G1 X114.8832 Y140.4671 Z18.0514 E0.04829 F600
G1 X115.0186 Y140.7078 Z17.9050 E0.02807 F600
G1 X114.7673 Y140.5888 Z17.7050 E0.03076 F600
G1 X114.0887 Y140.0486 Z17.5050 E0.07993 F600
G1 X113.0798 Y139.2262 Z17.3586 E0.11763 F600
G1 X111.8957 Y138.4155 Z17.3050 E0.12895 F600
G1 X110.6872 Y137.8613 Z17.3586 E0.11949 F600
G1 X109.6301 Y137.5845 Z17.5050 E0.09900 F600
G1 X108.9285 Y137.4507 Z17.7050 E0.06661 F600
G1 X108.7063 Y137.3469 Z17.9050 E0.02842 F600
G1 X108.9102 Y137.2553 Z18.0514 E0.02400 F600
G1 X109.3326 Y137.2179 Z18.1050 E0.03838 F600
G1 X109.7149 Y137.2637 Z18.0514 E0.03491 F600
G1 X109.8350 Y137.3612 Z17.9050 E0.01913 F600
G1 X109.5372 Y137.4590 Z17.7050 E0.03340 F600
G1 X108.7304 Y137.5700 Z17.5050 E0.07530 F600
G1 X107.3942 Y137.7692 Z17.3586 E0.12204 F600
G1 X105.6250 Y138.0681 Z17.3050 E0.16120 F600
G1 X103.7057 Y138.3409 Z17.3586 E0.17416 F600
G1 X102.0538 Y138.4529 Z17.5050 E0.14926 F600
G1 X101.0148 Y138.4113 Z17.7050 E0.09509 F600
G1 X100.7027 Y138.3193 Z17.9050 E0.03430 F600
G1 X100.9987 Y138.2450 Z18.0514 E0.03040 F600
G1 X101.6190 Y138.1965 Z18.1050 E0.05608 F600
G1 X102.1953 Y138.1831 Z18.0514 E0.05199 F600
G1 X102.3770 Y138.2366 Z17.9050 E0.02150 F600
G1 X101.9170 Y138.3681 Z17.7050 E0.04656 F600
G1 X100.7238 Y138.5130 Z17.5050 E0.10942 F600
G1 X98.9172 Y138.5040 Z17.3586 E0.16277 F600
G1 X96.8652 Y138.1348 Z17.3050 E0.18730 F600
G1 X95.0627 Y137.3508 Z17.3586 E0.17658 F600
G1 X93.8526 Y136.3794 Z17.5050 E0.13997 F600
G1 X93.2698 Y135.5936 Z17.7050 E0.08968 F600
G1 X93.1603 Y135.2507 Z17.9050 E0.03698 F600
G1 X93.3608 Y135.3621 Z18.0514 E0.02443 F600
G1 X93.7299 Y135.7394 Z18.1050 E0.04765 F600
G1 X94.0790 Y136.1299 Z18.0514 E0.04728 F600
G1 X94.1658 Y136.3264 Z17.9050 E0.02334 F600
G1 X93.8121 Y136.1741 Z17.7050 E0.03897 F600
G1 X93.0526 Y135.5223 Z17.5050 E0.09165 F600
G1 X92.1834 Y134.2567 Z17.3586 E0.13850 F600
G1 X91.6083 Y132.4486 Z17.3050 E0.17046 F600
G1 X91.5409 Y130.4427 Z17.3586 E0.18030 F600
G1 X91.8528 Y128.7065 Z17.5050 E0.15896 F600
G1 X92.2397 Y127.5779 Z17.7050 E0.10864 F600
G1 X92.4706 Y127.1595 Z17.9050 E0.04652 F600
G1 X92.4842 Y127.3540 Z18.0514 E0.02190 F600
G1 X92.3501 Y127.9174 Z18.1050 E0.05223 F600
G1 X92.1787 Y128.5100 Z18.0514 E0.05560 F600
G1 X92.0467 Y128.7778 Z17.9050 E0.02987 F600
G1 X92.0125 Y128.4503 Z17.7050 E0.03460 F600
G1 X92.1845 Y127.4196 Z17.5050 E0.09555 F600
G1 X92.6892 Y125.8016 Z17.3586 E0.15277 F600
G1 X93.5109 Y123.9279 Z17.3050 E0.18380 F600
G1 X94.4241 Y122.1948 Z17.3586 E0.17598 F600
G1 X95.1694 Y120.8783 Z17.5050 E0.13649 F600
G1 X95.6442 Y120.0868 Z17.7050 E0.08481 F600
G1 X95.8750 Y119.8121 Z17.9050 E0.03689 F600
G1 X95.9015 Y119.9608 Z18.0514 E0.01889 F600
G1 X95.7577 Y120.3624 Z18.1050 E0.03861 F600
G1 X95.5283 Y120.7837 Z18.0514 E0.04335 F600
G1 X95.3551 Y120.9667 Z17.9050 E0.02616 F600
G1 X95.3647 Y120.7095 Z17.7050 E0.02927 F600
G1 X95.5792 Y119.9577 Z17.5050 E0.07246 F600
G1 X95.8656 Y118.8232 Z17.3586 E0.10590 F600
G1 X96.0000 Y117.5000 Z17.3050 E0.11954 F600
G1 X95.8656 Y116.1768 Z17.3586 E0.11954 F600
G1 X95.5792 Y115.0423 Z17.5050 E0.10590 F600
G1 X95.3647 Y114.2905 Z17.7050 E0.07246 F600
G1 X95.3551 Y114.0333 Z17.9050 E0.02927 F600
G1 X95.5283 Y114.2163 Z18.0514 E0.02616 F600
G1 X95.7577 Y114.6376 Z18.1050 E0.04335 F600
G1 X95.9015 Y115.0392 Z18.0514 E0.03861 F600
G1 X95.8750 Y115.1879 Z17.9050 E0.01889 F600
G1 X95.6442 Y114.9132 Z17.7050 E0.03689 F600
G1 X95.1694 Y114.1217 Z17.5050 E0.08481 F600
G1 X94.4241 Y112.8052 Z17.3586 E0.13649 F600
G1 X93.5109 Y111.0721 Z17.3050 E0.17598 F600
G1 X92.6892 Y109.1984 Z17.3586 E0.18380 F600
G1 X92.1845 Y107.5804 Z17.5050 E0.15277 F600
G1 X92.0125 Y106.5497 Z17.7050 E0.09555 F600
G1 X92.0467 Y106.2222 Z17.9050 E0.03460 F600
G1 X92.1787 Y106.4900 Z18.0514 E0.02987 F600
G1 X92.3501 Y107.0826 Z18.1050 E0.05560 F600
G1 X92.4842 Y107.6460 Z18.0514 E0.05223 F600
G1 X92.4706 Y107.8405 Z17.9050 E0.02190 F600
G1 X92.2397 Y107.4221 Z17.7050 E0.04652 F600
G1 X91.8528 Y106.2935 Z17.5050 E0.10864 F600
G1 X91.5409 Y104.5573 Z17.3586 E0.15896 F600
G1 X91.6083 Y102.5514 Z17.3050 E0.18030 F600
G1 X92.1834 Y100.7433 Z17.3586 E0.17046 F600
G1 X93.0526 Y99.4777 Z17.5050 E0.13850 F600
G1 X93.8121 Y98.8259 Z17.7050 E0.09165 F600
G1 X94.1658 Y98.6736 Z17.9050 E0.03897 F600
G1 X94.0790 Y98.8701 Z18.0514 E0.02334 F600
G1 X93.7299 Y99.2606 Z18.1050 E0.04728 F600
G1 X93.3608 Y99.6379 Z18.0514 E0.04765 F600
G1 X93.1603 Y99.7493 Z17.9050 E0.02443 F600
G1 X93.2698 Y99.4064 Z17.7050 E0.03698 F600
G1 X93.8526 Y98.6206 Z17.5050 E0.08968 F600
G1 X95.0627 Y97.6492 Z17.3586 E0.13997 F600
G1 X96.8652 Y96.8652 Z17.3050 E0.17658 F600
G1 X98.9172 Y96.4960 Z17.3586 E0.18730 F600
G1 X100.7238 Y96.4870 Z17.5050 E0.16277 F600
G1 X101.9170 Y96.6319 Z17.7050 E0.10942 F600
G1 X102.3770 Y96.7634 Z17.9050 E0.04656 F600
G1 X102.1953 Y96.8169 Z18.0514 E0.02150 F600
G1 X101.6190 Y96.8035 Z18.1050 E0.05199 F600
G1 X100.9987 Y96.7550 Z18.0514 E0.05608 F600
G1 X100.7027 Y96.6807 Z17.9050 E0.03040 F600
G1 X101.0148 Y96.5887 Z17.7050 E0.03430 F600
G1 X102.0538 Y96.5471 Z17.5050 E0.09509 F600
G1 X103.7057 Y96.6591 Z17.3586 E0.14926 F600
G1 X105.6250 Y96.9319 Z17.3050 E0.17416 F600
G1 X107.3942 Y97.2308 Z17.3586 E0.16120 F600
G1 X108.7304 Y97.4300 Z17.5050 E0.12204 F600
G1 X109.5372 Y97.5410 Z17.7050 E0.07530 F600
G1 X109.8350 Y97.6388 Z17.9050 E0.03340 F600
G1 X109.7149 Y97.7363 Z18.0514 E0.01913 F600
G1 X109.3326 Y97.7821 Z18.1050 E0.03491 F600
G1 X108.9102 Y97.7447 Z18.0514 E0.03838 F600
G1 X108.7063 Y97.6531 Z17.9050 E0.02400 F600
G1 X108.9285 Y97.5493 Z17.7050 E0.02842 F600
G1 X109.6301 Y97.4155 Z17.5050 E0.06661 F600
G1 X110.6872 Y97.1387 Z17.3586 E0.09900 F600
G1 X111.8957 Y96.5845 Z17.3050 E0.11949 F600
G1 X113.0798 Y95.7738 Z17.3586 E0.12895 F600
G1 X114.0887 Y94.9514 Z17.5050 E0.11763 F600
G1 X114.7673 Y94.4112 Z17.7050 E0.07993 F600
G1 X115.0186 Y94.2922 Z17.9050 E0.03076 F600
G1 X114.8832 Y94.5329 Z18.0514 E0.02807 F600
G1 X114.5291 Y94.9341 Z18.1050 E0.04829 F600
G1 X114.1753 Y95.2537 Z18.0514 E0.04309 F600
G1 X114.0245 Y95.2987 Z17.9050 E0.01930 F600
G1 X114.2308 Y94.9528 Z17.7050 E0.04038 F600
G1 X114.8826 Y94.1549 Z17.5050 E0.09425 F600
G1 X115.9974 Y92.9326 Z17.3586 E0.14915 F600
G1 X117.5000 Y91.5000 Z17.3050 E0.18650 F600
G1 X119.1678 Y90.2313 Z17.3586 E0.18825 F600
G1 X120.6486 Y89.4173 Z17.5050 E0.15231 F600
G1 X121.6207 Y89.0801 Z17.7050 E0.09413 F600
G1 X121.9509 Y89.0680 Z17.9050 E0.03468 F600
G1 X121.7235 Y89.2402 Z18.0514 E0.02879 F600
G1 X121.1860 Y89.5022 Z18.1050 E0.05391 F600
G1 X120.6642 Y89.7283 Z18.0514 E0.05130 F600
G1 X120.4672 Y89.7483 Z17.9050 E0.02211 F600
G1 X120.8204 Y89.4458 Z17.7050 E0.04546 F600
G1 X121.8297 Y88.8808 Z17.5050 E0.10541 F600
G1 X123.4335 Y88.3357 Z17.3586 E0.15269 F600
G1 X125.3543 Y88.1874 Z17.3050 E0.17307 F600
G1 X127.1658 Y88.6120 Z17.3586 E0.16716 F600
G1 X128.5101 Y89.4014 Z17.5050 E0.14061 F600
G1 X129.2578 Y90.1330 Z17.7050 E0.09564 F600
G1 X129.4674 Y90.4904 Z17.9050 E0.04132 F600
G1 X129.2731 Y90.4238 Z18.0514 E0.02265 F600
G1 X128.8494 Y90.1001 Z18.1050 E0.04812 F600
G1 X128.4310 Y89.7501 Z18.0514 E0.04922 F600
G1 X128.2873 Y89.5483 Z17.9050 E0.02584 F600
G1 X128.6209 Y89.6253 Z17.7050 E0.03561 F600
G1 X129.4509 Y90.1493 Z17.5050 E0.08996 F600
G1 X130.5666 Y91.2925 Z17.3586 E0.14405 F600
G1 X131.6250 Y93.0348 Z17.3050 E0.18313 F600
G1 X132.3694 Y95.0347 Z17.3586 E0.19170 F600
G1 X132.7611 Y96.7981 Z17.5050 E0.16275 F600
G1 X132.8982 Y97.9675 Z17.7050 E0.10725 F600
G1 X132.8837 Y98.4327 Z17.9050 E0.04549 F600
G1 X132.7887 Y98.2795 Z18.0514 E0.02086 F600
G1 X132.6658 Y97.7355 Z18.1050 E0.05032 F600
G1 X132.5711 Y97.1325 Z18.0514 E0.05502 F600
G1 X132.5754 Y96.8287 Z17.9050 E0.03029 F600
G1 X132.7308 Y97.1035 Z17.7050 E0.03356 F600
G1 X133.0116 Y98.0709 Z17.5050 E0.09223 F600
G1 X133.3291 Y99.6085 Z17.3586 E0.14160 F600
G1 X133.6348 Y101.3652 Z17.3050 E0.16020 F600
G1 X133.9583 Y102.9390 Z17.3586 E0.14436 F600
G1 X134.2947 Y104.0916 Z17.5050 E0.10863 F600
G1 X134.5344 Y104.7798 Z17.7050 E0.06787 F600
G1 X134.5683 Y105.0523 Z17.9050 E0.03050 F600
G1 X134.4114 Y104.9863 Z18.0514 E0.02017 F600
G1 X134.1910 Y104.6926 Z18.1050 E0.03332 F600
G1 X134.0445 Y104.3399 Z18.0514 E0.03463 F600
G1 X134.0524 Y104.1453 Z17.9050 E0.02188 F600
G1 X134.2559 Y104.2907 Z17.7050 E0.02876 F600
G1 X134.7074 Y104.8149 Z17.5050 E0.06468 F600
G1 X135.4896 Y105.5930 Z17.3586 E0.09994 F600
G1 X136.6417 Y106.4486 Z17.3050 E0.12896 F600
G1 X138.0176 Y107.2703 Z17.3586 E0.14400 F600
G1 X139.2736 Y107.9861 Z17.5050 E0.13048 F600
G1 X140.0733 Y108.4941 Z17.7050 E0.08697 F600
G1 X140.2835 Y108.7072 Z17.9050 E0.03233 F600
G1 X139.9978 Y108.6379 Z18.0514 E0.02950 F600
G1 X139.4679 Y108.4006 Z18.1050 E0.05236 F600
G1 X139.0102 Y108.1471 Z18.0514 E0.04723 F600
G1 X138.9032 Y108.0167 Z17.9050 E0.02006 F600
G1 X139.3302 Y108.1210 Z17.7050 E0.04336 F600
G1 X140.3676 Y108.5396 Z17.5050 E0.10205 F600
G1 X141.9385 Y109.3230 Z17.3586 E0.15819 F600
G1 X143.7391 Y110.4693 Z17.3050 E0.19174 F600
G1 X145.3145 Y111.8411 Z17.3586 E0.18766 F600
G1 X146.3372 Y113.1373 Z17.5050 E0.14885 F600
G1 X146.7872 Y114.0336 Z17.7050 E0.09184 F600
G1 X146.8346 Y114.3635 Z17.9050 E0.03491 F600
G1 X146.6402 Y114.1799 Z18.0514 E0.02738 F600
G1 X146.3214 Y113.7056 Z18.1050 E0.05155 F600
G1 X146.0343 Y113.2355 Z18.0514 E0.04970 F600
G1 X145.9885 Y113.0403 Z17.9050 E0.02230 F600
G1 X146.3318 Y113.3196 Z17.7050 E0.04361 F600
G1 X147.0069 Y114.1918 Z17.5050 E0.10066 F600
G1 X147.7018 Y115.6528 Z17.3586 E0.14588 F600
G1 X148.0000 Y117.5000 Z17.3050 E0.16810 F600
G1 X147.7018 Y119.3472 Z17.3586 E0.16810 F600
G1 X147.0069 Y120.8082 Z17.5050 E0.14588 F600
G1 X146.3318 Y121.6804 Z17.7050 E0.10066 F600
G1 X145.9885 Y121.9597 Z17.9050 E0.04361 F600
G1 X146.0343 Y121.7645 Z18.0514 E0.02230 F600
G1 X146.3214 Y121.2944 Z18.1050 E0.04970 F600
; row 34/57
G1 X147.5118 Y116.9761 Z18.5514 E0.40425 F600
G1 X147.5826 Y116.7663 Z18.4050 E0.02384 F600
G1 X147.7378 Y117.1042 Z18.2050 E0.03791 F600
G1 X147.8486 Y118.0843 Z18.0050 E0.09038 F600
G1 X147.6216 Y119.6063 Z17.8586 E0.13882 F600
G1 X146.8171 Y121.3597 Z17.8050 E0.17330 F600
G1 X145.5231 Y122.9471 Z17.8586 E0.18398 F600
G1 X144.1484 Y124.0934 Z18.0050 E0.16127 F600
G1 X143.1282 Y124.7279 Z18.2050 E0.10938 F600
G1 X142.6847 Y124.9109 Z18.4050 E0.04668 F600
G1 X142.7955 Y124.7534 Z18.5514 E0.02173 F600
G1 X143.2561 Y124.4013 Z18.6050 E0.05228 F600
G1 X143.7684 Y124.0495 Z18.5514 E0.05602 F600
G1 X144.0436 Y123.9230 Z18.4050 E0.03021 F600
G1 X143.8597 Y124.1945 Z18.2050 E0.03450 F600
G1 X143.0723 Y124.8825 Z18.0050 E0.09560 F600
G1 X141.6810 Y125.8262 Z17.8586 E0.15155 F600
G1 X139.9299 Y126.7908 Z17.8050 E0.17960 F600
G1 X138.2387 Y127.6150 Z17.8586 E0.16901 F600
G1 X136.9465 Y128.2338 Z18.0050 E0.12934 F600
G1 X136.1612 Y128.6023 Z18.2050 E0.07994 F600
G1 X135.8375 Y128.6920 Z18.4050 E0.03511 F600
G1 X135.8906 Y128.5502 Z18.5514 E0.01892 F600
G1 X136.2086 Y128.3014 Z18.6050 E0.03658 F600
G1 X136.6081 Y128.0918 Z18.5514 E0.04080 F600
G1 X136.8418 Y128.0468 Z18.4050 E0.02510 F600
G1 X136.7022 Y128.2538 Z18.2050 E0.02873 F600
G1 X136.1487 Y128.7509 Z18.0050 E0.06919 F600
G1 X135.3532 Y129.5421 Z17.8586 E0.10161 F600
G1 X134.5876 Y130.6118 Z17.8050 E0.11822 F600
G1 X134.0192 Y131.8599 Z17.8586 E0.12325 F600
G1 X133.6425 Y133.0328 Z18.0050 E0.11140 F600
G1 X133.3977 Y133.8195 Z18.2050 E0.07614 F600
G1 X133.2611 Y134.0492 Z18.4050 E0.02997 F600
G1 X133.2277 Y133.7865 Z18.5514 E0.02717 F600
G1 X133.2812 Y133.2812 Z18.6050 E0.04588 F600
G1 X133.3876 Y132.8424 Z18.5514 E0.04083 F600
G1 X133.4887 Y132.7274 Z18.4050 E0.01903 F600
G1 X133.5213 Y133.1073 Z18.2050 E0.03867 F600
G1 X133.4568 Y134.0832 Z18.0050 E0.08965 F600
G1 X133.2879 Y135.6619 Z17.8586 E0.14318 F600
G1 X132.9702 Y137.6612 Z17.8050 E0.18186 F600
G1 X132.4572 Y139.6750 Z17.8586 E0.18668 F600
G1 X131.8299 Y141.2522 Z18.0050 E0.15299 F600
G1 X131.3036 Y142.1481 Z18.2050 E0.09502 F600
G1 X131.0637 Y142.3746 Z18.4050 E0.03465 F600
G1 X131.1302 Y142.0896 Z18.5514 E0.02939 F600
G1 X131.3750 Y141.5322 Z18.6050 E0.05488 F600
G1 X131.6302 Y141.0166 Z18.5514 E0.05189 F600
G1 X131.7663 Y140.8746 Z18.4050 E0.02202 F600
G1 X131.6834 Y141.3402 Z18.2050 E0.04611 F600
G1 X131.2670 Y142.4419 Z18.0050 E0.10728 F600
G1 X130.3941 Y143.9369 Z17.8586 E0.15602 F600
G1 X129.0408 Y145.3619 Z17.8050 E0.17655 F600
G1 X127.4133 Y146.2905 Z17.8586 E0.16833 F600
G1 X125.9078 Y146.6241 Z18.0050 E0.13910 F600
G1 X124.8874 Y146.5878 Z18.2050 E0.09344 F600
G1 X124.5082 Y146.4619 Z18.4050 E0.04012 F600
G1 X124.7001 Y146.3780 Z18.5514 E0.02295 F600
G1 X125.2249 Y146.3297 Z18.6050 E0.04757 F600
G1 X125.7595 Y146.3043 Z18.5514 E0.04830 F600
G1 X125.9917 Y146.3576 Z18.4050 E0.02511 F600
G1 X125.6876 Y146.5311 Z18.2050 E0.03621 F600
G1 X124.7269 Y146.7089 Z18.0050 E0.08956 F600
G1 X123.1580 Y146.6079 Z17.8586 E0.14179 F600
G1 X121.2512 Y145.9936 Z17.8050 E0.17996 F600
G1 X119.4187 Y144.9386 Z17.8586 E0.18995 F600
G1 X118.0064 Y143.8026 Z18.0050 E0.16330 F600
G1 X117.1668 Y142.9535 Z18.2050 E0.10872 F600
G1 X116.8886 Y142.5703 Z18.4050 E0.04617 F600
G1 X117.0612 Y142.6375 Z18.5514 E0.02121 F600
G1 X117.5000 Y143.0000 Z18.6050 E0.05134 F600
G1 X117.9525 Y143.4217 Z18.5514 E0.05575 F600
G1 X118.1381 Y143.6645 Z18.4050 E0.03043 F600
G1 X117.8409 Y143.5421 Z18.2050 E0.03400 F600
G1 X117.0103 Y142.9379 Z18.0050 E0.09397 F600
G1 X115.7960 Y141.8679 Z17.8586 E0.14593 F600
G1 X114.4639 Y140.5616 Z17.8050 E0.16762 F600
G1 X113.2487 Y139.3710 Z17.8586 E0.15285 F600
G1 X112.2976 Y138.5263 Z18.0050 E0.11498 F600
G1 X111.7084 Y138.0354 Z18.2050 E0.07118 F600
G1 X111.5242 Y137.8080 Z18.4050 E0.03184 F600
G1 X111.6835 Y137.7844 Z18.5514 E0.01955 F600
G1 X112.0251 Y137.9326 Z18.6050 E0.03378 F600
G1 X112.3459 Y138.1720 Z18.5514 E0.03627 F600
G1 X112.4546 Y138.3505 Z18.4050 E0.02291 F600
G1 X112.2105 Y138.3276 Z18.2050 E0.02842 F600
G1 X111.5543 Y138.0955 Z18.0050 E0.06503 F600
G1 X110.5056 Y137.8132 Z17.8586 E0.09841 F600
G1 X109.1412 Y137.6799 Z17.8050 E0.12320 F600
G1 X107.6282 Y137.7402 Z17.8586 E0.13607 F600
G1 X106.2594 Y137.8647 Z18.0050 E0.12412 F600
G1 X105.3518 Y137.9192 Z18.2050 E0.08360 F600
G1 X105.0668 Y137.8712 Z18.4050 E0.03157 F600
G1 X105.3288 Y137.7563 Z18.5514 E0.02886 F600
G1 X105.8750 Y137.6351 Z18.6050 E0.05048 F600
G1 X106.3725 Y137.5746 Z18.5514 E0.04526 F600
G1 X106.5285 Y137.6208 Z18.4050 E0.01966 F600
G1 X106.1396 Y137.7855 Z18.2050 E0.04196 F600
G1 X105.0970 Y138.0583 Z18.0050 E0.09843 F600
G1 X103.4167 Y138.3794 Z17.8586 E0.15419 F600
G1 X101.3146 Y138.5932 Z17.8050 E0.18980 F600
G1 X99.2168 Y138.5325 Z17.8586 E0.18853 F600
G1 X97.5751 Y138.2071 Z18.0050 E0.15086 F600
G1 X96.6318 Y137.8289 Z18.2050 E0.09302 F600
G1 X96.3767 Y137.6175 Z18.4050 E0.03475 F600
G1 X96.6530 Y137.6317 Z18.5514 E0.02811 F600
G1 X97.2188 Y137.7812 Z18.6050 E0.05277 F600
G1 X97.7536 Y137.9480 Z18.5514 E0.05054 F600
G1 X97.9163 Y138.0629 Z18.4050 E0.02220 F600
G1 X97.4615 Y138.0701 Z18.2050 E0.04462 F600
G1 X96.3522 Y137.8489 Z18.0050 E0.10315 F600
G1 X94.8248 Y137.2112 Z17.8586 E0.14922 F600
G1 X93.3333 Y136.0438 Z17.8050 E0.17016 F600
G1 X92.2988 Y134.4984 Z17.8586 E0.16707 F600
G1 X91.8382 Y132.9819 Z18.0050 E0.14293 F600
G1 X91.7687 Y131.9102 Z18.2050 E0.09810 F600
G1 X91.8464 Y131.4884 Z18.4050 E0.04250 F600
G1 X91.9439 Y131.6660 Z18.5514 E0.02244 F600
G1 X92.0414 Y132.1986 Z18.6050 E0.04886 F600
G1 X92.1177 Y132.7512 Z18.5514 E0.05033 F600
G1 X92.0917 Y133.0075 Z18.4050 E0.02661 F600
G1 X91.9018 Y132.7293 Z18.2050 E0.03518 F600
G1 X91.6399 Y131.7738 Z18.0050 E0.09077 F600
G1 X91.5617 Y130.1510 Z17.8586 E0.14650 F600
G1 X91.8881 Y128.1088 Z17.8050 E0.18579 F600
G1 X92.5774 Y126.0816 Z17.8586 E0.19234 F600
G1 X93.3527 Y124.4711 Z18.0050 E0.16105 F600
G1 X93.9443 Y123.4824 Z18.2050 E0.10501 F600
G1 X94.2312 Y123.1305 Z18.4050 E0.04455 F600
G1 X94.2183 Y123.3048 Z18.5514 E0.02047 F600
G1 X93.9939 Y123.7984 Z18.6050 E0.04894 F600
G1 X93.7068 Y124.3226 Z18.5514 E0.05388 F600
G1 X93.5191 Y124.5567 Z18.4050 E0.02998 F600
G1 X93.5617 Y124.2513 Z18.2050 E0.03300 F600
G1 X93.9132 Y123.3359 Z18.0050 E0.08987 F600
G1 X94.5442 Y121.9621 Z17.8586 E0.13639 F600
G1 X95.2620 Y120.4277 Z17.8050 E0.15220 F600
G1 X95.8151 Y119.0164 Z17.8586 E0.13621 F600
G1 X96.1081 Y117.9118 Z18.0050 E0.10346 F600
G1 X96.2422 Y117.2217 Z18.2050 E0.06564 F600
G1 X96.3479 Y116.9841 Z18.4050 E0.02946 F600
G1 X96.4526 Y117.1326 Z18.5514 E0.02095 F600
G1 X96.5000 Y117.5000 Z18.6050 E0.03361 F600
G1 X96.4526 Y117.8674 Z18.5514 E0.03361 F600
G1 X96.3479 Y118.0159 Z18.4050 E0.02095 F600
G1 X96.2422 Y117.7783 Z18.2050 E0.02946 F600
G1 X96.1081 Y117.0882 Z18.0050 E0.06564 F600
G1 X95.8151 Y115.9836 Z17.8586 E0.10346 F600
G1 X95.2620 Y114.5723 Z17.8050 E0.13621 F600
G1 X94.5442 Y113.0379 Z17.8586 E0.15220 F600
G1 X93.9132 Y111.6641 Z18.0050 E0.13639 F600
G1 X93.5617 Y110.7487 Z18.2050 E0.08987 F600
G1 X93.5191 Y110.4433 Z18.4050 E0.03300 F600
G1 X93.7068 Y110.6774 Z18.5514 E0.02998 F600
G1 X93.9939 Y111.2016 Z18.6050 E0.05388 F600
G1 X94.2183 Y111.6952 Z18.5514 E0.04894 F600
G1 X94.2312 Y111.8695 Z18.4050 E0.02047 F600
G1 X93.9443 Y111.5176 Z18.2050 E0.04455 F600
G1 X93.3527 Y110.5289 Z18.0050 E0.10501 F600
G1 X92.5774 Y108.9184 Z17.8586 E0.16105 F600
G1 X91.8881 Y106.8912 Z17.8050 E0.19234 F600
G1 X91.5617 Y104.8490 Z17.8586 E0.18579 F600
G1 X91.6399 Y103.2262 Z18.0050 E0.14650 F600
G1 X91.9018 Y102.2707 Z18.2050 E0.09077 F600
G1 X92.0917 Y101.9925 Z18.4050 E0.03518 F600
G1 X92.1177 Y102.2488 Z18.5514 E0.02661 F600
G1 X92.0414 Y102.8014 Z18.6050 E0.05033 F600
G1 X91.9439 Y103.3340 Z18.5514 E0.04886 F600
G1 X91.8464 Y103.5116 Z18.4050 E0.02244 F600
G1 X91.7687 Y103.0898 Z18.2050 E0.04250 F600
G1 X91.8382 Y102.0181 Z18.0050 E0.09810 F600
G1 X92.2988 Y100.5016 Z17.8586 E0.14293 F600
G1 X93.3333 Y98.9562 Z17.8050 E0.16707 F600
G1 X94.8248 Y97.7888 Z17.8586 E0.17016 F600
G1 X96.3522 Y97.1511 Z18.0050 E0.14922 F600
G1 X97.4615 Y96.9299 Z18.2050 E0.10315 F600
G1 X97.9163 Y96.9371 Z18.4050 E0.04462 F600
G1 X97.7536 Y97.0520 Z18.5514 E0.02220 F600
G1 X97.2188 Y97.2188 Z18.6050 E0.05054 F600
G1 X96.6530 Y97.3683 Z18.5514 E0.05277 F600
G1 X96.3767 Y97.3825 Z18.4050 E0.02811 F600
G1 X96.6318 Y97.1711 Z18.2050 E0.03475 F600
G1 X97.5751 Y96.7929 Z18.0050 E0.09302 F600
G1 X99.2168 Y96.4675 Z17.8586 E0.15086 F600
G1 X101.3146 Y96.4068 Z17.8050 E0.18853 F600
G1 X103.4167 Y96.6206 Z17.8586 E0.18980 F600
G1 X105.0970 Y96.9417 Z18.0050 E0.15419 F600
G1 X106.1396 Y97.2145 Z18.2050 E0.09843 F600
G1 X106.5285 Y97.3792 Z18.4050 E0.04196 F600
G1 X106.3725 Y97.4254 Z18.5514 E0.01966 F600
G1 X105.8750 Y97.3649 Z18.6050 E0.04526 F600
G1 X105.3288 Y97.2437 Z18.5514 E0.05048 F600
G1 X105.0668 Y97.1288 Z18.4050 E0.02886 F600
G1 X105.3518 Y97.0808 Z18.2050 E0.03157 F600
G1 X106.2594 Y97.1353 Z18.0050 E0.08360 F600
G1 X107.6282 Y97.2598 Z17.8586 E0.12412 F600
G1 X109.1412 Y97.3201 Z17.8050 E0.13607 F600
G1 X110.5056 Y97.1868 Z17.8586 E0.12320 F600
G1 X111.5543 Y96.9045 Z18.0050 E0.09841 F600
G1 X112.2105 Y96.6724 Z18.2050 E0.06503 F600
G1 X112.4546 Y96.6495 Z18.4050 E0.02842 F600
G1 X112.3459 Y96.8280 Z18.5514 E0.02291 F600
G1 X112.0251 Y97.0674 Z18.6050 E0.03627 F600
G1 X111.6835 Y97.2156 Z18.5514 E0.03378 F600
G1 X111.5242 Y97.1920 Z18.4050 E0.01955 F600
G1 X111.7084 Y96.9646 Z18.2050 E0.03184 F600
G1 X112.2976 Y96.4737 Z18.0050 E0.07118 F600
G1 X113.2487 Y95.6290 Z17.8586 E0.11498 F600
G1 X114.4639 Y94.4384 Z17.8050 E0.15285 F600
G1 X115.7960 Y93.1321 Z17.8586 E0.16762 F600
G1 X117.0103 Y92.0621 Z18.0050 E0.14593 F600
G1 X117.8409 Y91.4579 Z18.2050 E0.09397 F600
G1 X118.1381 Y91.3355 Z18.4050 E0.03400 F600
G1 X117.9525 Y91.5783 Z18.5514 E0.03043 F600
G1 X117.5000 Y92.0000 Z18.6050 E0.05575 F600
G1 X117.0612 Y92.3625 Z18.5514 E0.05134 F600
G1 X116.8886 Y92.4297 Z18.4050 E0.02121 F600
G1 X117.1668 Y92.0465 Z18.2050 E0.04617 F600
G1 X118.0064 Y91.1974 Z18.0050 E0.10872 F600
G1 X119.4187 Y90.0614 Z17.8586 E0.16330 F600
G1 X121.2512 Y89.0064 Z17.8050 E0.18995 F600
G1 X123.1580 Y88.3921 Z17.8586 E0.17996 F600
G1 X124.7269 Y88.2911 Z18.0050 E0.14179 F600
G1 X125.6876 Y88.4689 Z18.2050 E0.08956 F600
G1 X125.9917 Y88.6424 Z18.4050 E0.03621 F600
G1 X125.7595 Y88.6957 Z18.5514 E0.02511 F600
G1 X125.2249 Y88.6703 Z18.6050 E0.04830 F600
G1 X124.7001 Y88.6220 Z18.5514 E0.04757 F600
G1 X124.5082 Y88.5381 Z18.4050 E0.02295 F600
G1 X124.8874 Y88.4122 Z18.2050 E0.04012 F600
G1 X125.9078 Y88.3759 Z18.0050 E0.09344 F600
G1 X127.4133 Y88.7095 Z17.8586 E0.13910 F600
G1 X129.0408 Y89.6381 Z17.8050 E0.16833 F600
G1 X130.3941 Y91.0631 Z17.8586 E0.17655 F600
G1 X131.2670 Y92.5581 Z18.0050 E0.15602 F600
G1 X131.6834 Y93.6598 Z18.2050 E0.10728 F600
G1 X131.7663 Y94.1254 Z18.4050 E0.04611 F600
G1 X131.6302 Y93.9834 Z18.5514 E0.02202 F600
G1 X131.3750 Y93.4678 Z18.6050 E0.05189 F600
G1 X131.1302 Y92.9104 Z18.5514 E0.05488 F600
G1 X131.0637 Y92.6254 Z18.4050 E0.02939 F600
G1 X131.3036 Y92.8519 Z18.2050 E0.03465 F600
G1 X131.8299 Y93.7478 Z18.0050 E0.09502 F600
G1 X132.4572 Y95.3250 Z17.8586 E0.15299 F600
G1 X132.9702 Y97.3388 Z17.8050 E0.18668 F600
G1 X133.2879 Y99.3381 Z17.8586 E0.18186 F600
G1 X133.4568 Y100.9168 Z18.0050 E0.14318 F600
G1 X133.5213 Y101.8927 Z18.2050 E0.08965 F600
G1 X133.4887 Y102.2726 Z18.4050 E0.03867 F600
G1 X133.3876 Y102.1576 Z18.5514 E0.01903 F600
G1 X133.2812 Y101.7188 Z18.6050 E0.04083 F600
G1 X133.2277 Y101.2135 Z18.5514 E0.04588 F600
G1 X133.2611 Y100.9508 Z18.4050 E0.02717 F600
G1 X133.3977 Y101.1805 Z18.2050 E0.02997 F600
G1 X133.6425 Y101.9672 Z18.0050 E0.07614 F600
G1 X134.0192 Y103.1401 Z17.8586 E0.11140 F600
G1 X134.5876 Y104.3882 Z17.8050 E0.12325 F600
G1 X135.3532 Y105.4579 Z17.8586 E0.11822 F600
G1 X136.1487 Y106.2491 Z18.0050 E0.10161 F600
G1 X136.7022 Y106.7462 Z18.2050 E0.06919 F600
G1 X136.8418 Y106.9532 Z18.4050 E0.02873 F600
G1 X136.6081 Y106.9082 Z18.5514 E0.02510 F600
G1 X136.2086 Y106.6986 Z18.6050 E0.04080 F600
G1 X135.8906 Y106.4498 Z18.5514 E0.03658 F600
G1 X135.8375 Y106.3080 Z18.4050 E0.01892 F600
G1 X136.1612 Y106.3977 Z18.2050 E0.03511 F600
G1 X136.9465 Y106.7662 Z18.0050 E0.07994 F600
G1 X138.2387 Y107.3850 Z17.8586 E0.12934 F600
G1 X139.9299 Y108.2092 Z17.8050 E0.16901 F600
G1 X141.6810 Y109.1738 Z17.8586 E0.17960 F600
G1 X143.0723 Y110.1175 Z18.0050 E0.15155 F600
G1 X143.8597 Y110.8055 Z18.2050 E0.09560 F600
G1 X144.0436 Y111.0770 Z18.4050 E0.03450 F600
G1 X143.7684 Y110.9505 Z18.5514 E0.03021 F600
G1 X143.2561 Y110.5987 Z18.6050 E0.05602 F600
G1 X142.7955 Y110.2466 Z18.5514 E0.05228 F600
G1 X142.6847 Y110.0891 Z18.4050 E0.02173 F600
G1 X143.1282 Y110.2721 Z18.2050 E0.04668 F600
G1 X144.1484 Y110.9066 Z18.0050 E0.10938 F600
G1 X145.5231 Y112.0529 Z17.8586 E0.16127 F600
G1 X146.8171 Y113.6403 Z17.8050 E0.18398 F600
G1 X147.6216 Y115.3937 Z17.8586 E0.17330 F600
G1 X147.8486 Y116.9157 Z18.0050 E0.13882 F600
G1 X147.7378 Y117.8958 Z18.2050 E0.09038 F600
G1 X147.5826 Y118.2337 Z18.4050 E0.03791 F600
G1 X147.5118 Y118.0239 Z18.5514 E0.02384 F600
G1 X147.5000 Y117.5000 Z18.6050 E0.04730 F600
; row 35/57
G1 X146.6402 Y120.8201 Z19.0514 E0.31059 F600
G1 X146.8346 Y120.6365 Z18.9050 E0.02738 F600
G1 X146.7872 Y120.9664 Z18.7050 E0.03491 F600
G1 X146.3372 Y121.8627 Z18.5050 E0.09184 F600
G1 X145.3145 Y123.1589 Z18.3586 E0.14885 F600
G1 X143.7391 Y124.5307 Z18.3050 E0.18766 F600
G1 X141.9385 Y125.6770 Z18.3586 E0.19174 F600
G1 X140.3676 Y126.4604 Z18.5050 E0.15819 F600
G1 X139.3302 Y126.8790 Z18.7050 E0.10205 F600
G1 X138.9032 Y126.9833 Z18.9050 E0.04336 F600
G1 X139.0102 Y126.8529 Z19.0514 E0.02006 F600
G1 X139.4679 Y126.5994 Z19.1050 E0.04723 F600
G1 X139.9978 Y126.3621 Z19.0514 E0.05236 F600
G1 X140.2835 Y126.2928 Z18.9050 E0.02950 F600
G1 X140.0733 Y126.5059 Z18.7050 E0.03233 F600
G1 X139.2736 Y127.0139 Z18.5050 E0.08697 F600
G1 X138.0176 Y127.7297 Z18.3586 E0.13048 F600
G1 X136.6417 Y128.5514 Z18.3050 E0.14400 F600
G1 X135.4896 Y129.4070 Z18.3586 E0.12896 F600
G1 X134.7074 Y130.1851 Z18.5050 E0.09994 F600
G1 X134.2559 Y130.7093 Z18.7050 E0.06468 F600
G1 X134.0524 Y130.8547 Z18.9050 E0.02876 F600
G1 X134.0445 Y130.6601 Z19.0514 E0.02188 F600
G1 X134.1910 Y130.3074 Z19.1050 E0.03463 F600
G1 X134.4114 Y130.0137 Z19.0514 E0.03332 F600
G1 X134.5683 Y129.9477 Z18.9050 E0.02017 F600
G1 X134.5344 Y130.2202 Z18.7050 E0.03050 F600
G1 X134.2947 Y130.9084 Z18.5050 E0.06787 F600
G1 X133.9583 Y132.0610 Z18.3586 E0.10863 F600
G1 X133.6348 Y133.6348 Z18.3050 E0.14436 F600
G1 X133.3291 Y135.3915 Z18.3586 E0.16020 F600
G1 X133.0116 Y136.9291 Z18.5050 E0.14160 F600
G1 X132.7308 Y137.8965 Z18.7050 E0.09223 F600
G1 X132.5754 Y138.1713 Z18.9050 E0.03356 F600
G1 X132.5711 Y137.8675 Z19.0514 E0.03029 F600
G1 X132.6658 Y137.2645 Z19.1050 E0.05502 F600
G1 X132.7887 Y136.7205 Z19.0514 E0.05032 F600
G1 X132.8837 Y136.5673 Z18.9050 E0.02086 F600
G1 X132.8982 Y137.0325 Z18.7050 E0.04549 F600
G1 X132.7611 Y138.2019 Z18.5050 E0.10725 F600
G1 X132.3694 Y139.9653 Z18.3586 E0.16275 F600
G1 X131.6250 Y141.9652 Z18.3050 E0.19170 F600
G1 X130.5666 Y143.7075 Z18.3586 E0.18313 F600
G1 X129.4509 Y144.8507 Z18.5050 E0.14405 F600
G1 X128.6209 Y145.3747 Z18.7050 E0.08996 F600
G1 X128.2873 Y145.4517 Z18.9050 E0.03561 F600
G1 X128.4310 Y145.2499 Z19.0514 E0.02584 F600
G1 X128.8494 Y144.8999 Z19.1050 E0.04922 F600
G1 X129.2731 Y144.5762 Z19.0514 E0.04812 F600
G1 X129.4674 Y144.5096 Z18.9050 E0.02265 F600
G1 X129.2578 Y144.8670 Z18.7050 E0.04132 F600
G1 X128.5101 Y145.5986 Z18.5050 E0.09564 F600
G1 X127.1658 Y146.3880 Z18.3586 E0.14061 F600
G1 X125.3543 Y146.8126 Z18.3050 E0.16716 F600
G1 X123.4335 Y146.6643 Z18.3586 E0.17307 F600
G1 X121.8297 Y146.1192 Z18.5050 E0.15269 F600
G1 X120.8204 Y145.5542 Z18.7050 E0.10541 F600
G1 X120.4672 Y145.2517 Z18.9050 E0.04546 F600
G1 X120.6642 Y145.2717 Z19.0514 E0.02211 F600
G1 X121.1860 Y145.4978 Z19.1050 E0.05130 F600
G1 X121.7235 Y145.7598 Z19.0514 E0.05391 F600
G1 X121.9509 Y145.9320 Z18.9050 E0.02879 F600
G1 X121.6207 Y145.9199 Z18.7050 E0.03468 F600
G1 X120.6486 Y145.5827 Z18.5050 E0.09413 F600
G1 X119.1678 Y144.7687 Z18.3586 E0.15231 F600
G1 X117.5000 Y143.5000 Z18.3050 E0.18825 F600
G1 X115.9974 Y142.0674 Z18.3586 E0.18650 F600
G1 X114.8826 Y140.8451 Z18.5050 E0.14915 F600
G1 X114.2308 Y140.0472 Z18.7050 E0.09425 F600
G1 X114.0245 Y139.7013 Z18.9050 E0.04038 F600
G1 X114.1753 Y139.7463 Z19.0514 E0.01930 F600
G1 X114.5291 Y140.0659 Z19.1050 E0.04309 F600
G1 X114.8832 Y140.4671 Z19.0514 E0.04829 F600
G1 X115.0186 Y140.7078 Z18.9050 E0.02807 F600
G1 X114.7673 Y140.5888 Z18.7050 E0.03076 F600
G1 X114.0887 Y140.0486 Z18.5050 E0.07993 F600
G1 X113.0798 Y139.2262 Z18.3586 E0.11763 F600
G1 X111.8957 Y138.4155 Z18.3050 E0.12895 F600
G1 X110.6872 Y137.8613 Z18.3586 E0.11949 F600
G1 X109.6301 Y137.5845 Z18.5050 E0.09900 F600
G1 X108.9285 Y137.4507 Z18.7050 E0.06661 F600
G1 X108.7063 Y137.3469 Z18.9050 E0.02842 F600
G1 X108.9102 Y137.2553 Z19.0514 E0.02400 F600
G1 X109.3326 Y137.2179 Z19.1050 E0.03838 F600
G1 X109.7149 Y137.2637 Z19.0514 E0.03491 F600
G1 X109.8350 Y137.3612 Z18.9050 E0.01913 F600
G1 X109.5372 Y137.4590 Z18.7050 E0.03340 F600
G1 X108.7304 Y137.5700 Z18.5050 E0.07530 F600
G1 X107.3942 Y137.7692 Z18.3586 E0.12204 F600
G1 X105.6250 Y138.0681 Z18.3050 E0.16120 F600
G1 X103.7057 Y138.3409 Z18.3586 E0.17416 F600
G1 X102.0538 Y138.4529 Z18.5050 E0.14926 F600
G1 X101.0148 Y138.4113 Z18.7050 E0.09509 F600
G1 X100.7027 Y138.3193 Z18.9050 E0.03430 F600
G1 X100.9987 Y138.2450 Z19.0514 E0.03040 F600
G1 X101.6190 Y138.1965 Z19.1050 E0.05608 F600
G1 X102.1953 Y138.1831 Z19.0514 E0.05199 F600
G1 X102.3770 Y138.2366 Z18.9050 E0.02150 F600
G1 X101.9170 Y138.3681 Z18.7050 E0.04656 F600
G1 X100.7238 Y138.5130 Z18.5050 E0.10942 F600
G1 X98.9172 Y138.5040 Z18.3586 E0.16277 F600
G1 X96.8652 Y138.1348 Z18.3050 E0.18730 F600
G1 X95.0627 Y137.3508 Z18.3586 E0.17658 F600
G1 X93.8526 Y136.3794 Z18.5050 E0.13997 F600
G1 X93.2698 Y135.5936 Z18.7050 E0.08968 F600
G1 X93.1603 Y135.2507 Z18.9050 E0.03698 F600
G1 X93.3608 Y135.3621 Z19.0514 E0.02443 F600
G1 X93.7299 Y135.7394 Z19.1050 E0.04765 F600
G1 X94.0790 Y136.1299 Z19.0514 E0.04728 F600
G1 X94.1658 Y136.3264 Z18.9050 E0.02334 F600
G1 X93.8121 Y136.1741 Z18.7050 E0.03897 F600
G1 X93.0526 Y135.5223 Z18.5050 E0.09165 F600
G1 X92.1834 Y134.2567 Z18.3586 E0.13850 F600
G1 X91.6083 Y132.4486 Z18.3050 E0.17046 F600
G1 X91.5409 Y130.4427 Z18.3586 E0.18030 F600
G1 X91.8528 Y128.7065 Z18.5050 E0.15896 F600
G1 X92.2397 Y127.5779 Z18.7050 E0.10864 F600
G1 X92.4706 Y127.1595 Z18.9050 E0.04652 F600
G1 X92.4842 Y127.3540 Z19.0514 E0.02190 F600
G1 X92.3501 Y127.9174 Z19.1050 E0.05223 F600
G1 X92.1787 Y128.5100 Z19.0514 E0.05560 F600
G1 X92.0467 Y128.7778 Z18.9050 E0.02987 F600
G1 X92.0125 Y128.4503 Z18.7050 E0.03460 F600
G1 X92.1845 Y127.4196 Z18.5050 E0.09555 F600
G1 X92.6892 Y125.8016 Z18.3586 E0.15277 F600
G1 X93.5109 Y123.9279 Z18.3050 E0.18380 F600
G1 X94.4241 Y122.1948 Z18.3586 E0.17598 F600
G1 X95.1694 Y120.8783 Z18.5050 E0.13649 F600
G1 X95.6442 Y120.0868 Z18.7050 E0.08481 F600
G1 X95.8750 Y119.8121 Z18.9050 E0.03689 F600
G1 X95.9015 Y119.9608 Z19.0514 E0.01889 F600
G1 X95.7577 Y120.3624 Z19.1050 E0.03861 F600
G1 X95.5283 Y120.7837 Z19.0514 E0.04335 F600
G1 X95.3551 Y120.9667 Z18.9050 E0.02616 F600
G1 X95.3647 Y120.7095 Z18.7050 E0.02927 F600
G1 X95.5792 Y119.9577 Z18.5050 E0.07246 F600
G1 X95.8656 Y118.8232 Z18.3586 E0.10590 F600
G1 X96.0000 Y117.5000 Z18.3050 E0.11954 F600
G1 X95.8656 Y116.1768 Z18.3586 E0.11954 F600
G1 X95.5792 Y115.0423 Z18.5050 E0.10590 F600
G1 X95.3647 Y114.2905 Z18.7050 E0.07246 F600
G1 X95.3551 Y114.0333 Z18.9050 E0.02927 F600
G1 X95.5283 Y114.2163 Z19.0514 E0.02616 F600
G1 X95.7577 Y114.6376 Z19.1050 E0.04335 F600
G1 X95.9015 Y115.0392 Z19.0514 E0.03861 F600
G1 X95.8750 Y115.1879 Z18.9050 E0.01889 F600
G1 X95.6442 Y114.9132 Z18.7050 E0.03689 F600
G1 X95.1694 Y114.1217 Z18.5050 E0.08481 F600
G1 X94.4241 Y112.8052 Z18.3586 E0.13649 F600
G1 X93.5109 Y111.0721 Z18.3050 E0.17598 F600
G1 X92.6892 Y109.1984 Z18.3586 E0.18380 F600
G1 X92.1845 Y107.5804 Z18.5050 E0.15277 F600
G1 X92.0125 Y106.5497 Z18.7050 E0.09555 F600
G1 X92.0467 Y106.2222 Z18.9050 E0.03460 F600
G1 X92.1787 Y106.4900 Z19.0514 E0.02987 F600
G1 X92.3501 Y107.0826 Z19.1050 E0.05560 F600
G1 X92.4842 Y107.6460 Z19.0514 E0.05223 F600
G1 X92.4706 Y107.8405 Z18.9050 E0.02190 F600
G1 X92.2397 Y107.4221 Z18.7050 E0.04652 F600
G1 X91.8528 Y106.2935 Z18.5050 E0.10864 F600
G1 X91.5409 Y104.5573 Z18.3586 E0.15896 F600
G1 X91.6083 Y102.5514 Z18.3050 E0.18030 F600
G1 X92.1834 Y100.7433 Z18.3586 E0.17046 F600
G1 X93.0526 Y99.4777 Z18.5050 E0.13850 F600
G1 X93.8121 Y98.8259 Z18.7050 E0.09165 F600
G1 X94.1658 Y98.6736 Z18.9050 E0.03897 F600
G1 X94.0790 Y98.8701 Z19.0514 E0.02334 F600
G1 X93.7299 Y99.2606 Z19.1050 E0.04728 F600
G1 X93.3608 Y99.6379 Z19.0514 E0.04765 F600
G1 X93.1603 Y99.7493 Z18.9050 E0.02443 F600
G1 X93.2698 Y99.4064 Z18.7050 E0.03698 F600
G1 X93.8526 Y98.6206 Z18.5050 E0.08968 F600
G1 X95.0627 Y97.6492 Z18.3586 E0.13997 F600
G1 X96.8652 Y96.8652 Z18.3050 E0.17658 F600
G1 X98.9172 Y96.4960 Z18.3586 E0.18730 F600
G1 X100.7238 Y96.4870 Z18.5050 E0.16277 F600
G1 X101.9170 Y96.6319 Z18.7050 E0.10942 F600
G1 X102.3770 Y96.7634 Z18.9050 E0.04656 F600
G1 X102.1953 Y96.8169 Z19.0514 E0.02150 F600
G1 X101.6190 Y96.8035 Z19.1050 E0.05199 F600
G1 X100.9987 Y96.7550 Z19.0514 E0.05608 F600
G1 X100.7027 Y96.6807 Z18.9050 E0.03040 F600
G1 X101.0148 Y96.5887 Z18.7050 E0.03430 F600
G1 X102.0538 Y96.5471 Z18.5050 E0.09509 F600
G1 X103.7057 Y96.6591 Z18.3586 E0.14926 F600
G1 X105.6250 Y96.9319 Z18.3050 E0.17416 F600
G1 X107.3942 Y97.2308 Z18.3586 E0.16120 F600
G1 X108.7304 Y97.4300 Z18.5050 E0.12204 F600
G1 X109.5372 Y97.5410 Z18.7050 E0.07530 F600
G1 X109.8350 Y97.6388 Z18.9050 E0.03340 F600
G1 X109.7149 Y97.7363 Z19.0514 E0.01913 F600
G1 X109.3326 Y97.7821 Z19.1050 E0.03491 F600
G1 X108.9102 Y97.7447 Z19.0514 E0.03838 F600
G1 X108.7063 Y97.6531 Z18.9050 E0.02400 F600
G1 X108.9285 Y97.5493 Z18.7050 E0.02842 F600
G1 X109.6301 Y97.4155 Z18.5050 E0.06661 F600
G1 X110.6872 Y97.1387 Z18.3586 E0.09900 F600
G1 X111.8957 Y96.5845 Z18.3050 E0.11949 F600
G1 X113.0798 Y95.7738 Z18.3586 E0.12895 F600
G1 X114.0887 Y94.9514 Z18.5050 E0.11763 F600
G1 X114.7673 Y94.4112 Z18.7050 E0.07993 F600
G1 X115.0186 Y94.2922 Z18.9050 E0.03076 F600
G1 X114.8832 Y94.5329 Z19.0514 E0.02807 F600
G1 X114.5291 Y94.9341 Z19.1050 E0.04829 F600
G1 X114.1753 Y95.2537 Z19.0514 E0.04309 F600
G1 X114.0245 Y95.2987 Z18.9050 E0.01930 F600
G1 X114.2308 Y94.9528 Z18.7050 E0.04038 F600
G1 X114.8826 Y94.1549 Z18.5050 E0.09425 F600
G1 X115.9974 Y92.9326 Z18.3586 E0.14915 F600
G1 X117.5000 Y91.5000 Z18.3050 E0.18650 F600
G1 X119.1678 Y90.2313 Z18.3586 E0.18825 F600
G1 X120.6486 Y89.4173 Z18.5050 E0.15231 F600
G1 X121.6207 Y89.0801 Z18.7050 E0.09413 F600
G1 X121.9509 Y89.0680 Z18.9050 E0.03468 F600
G1 X121.7235 Y89.2402 Z19.0514 E0.02879 F600
G1 X121.1860 Y89.5022 Z19.1050 E0.05391 F600
G1 X120.6642 Y89.7283 Z19.0514 E0.05130 F600
G1 X120.4672 Y89.7483 Z18.9050 E0.02211 F600
G1 X120.8204 Y89.4458 Z18.7050 E0.04546 F600
G1 X121.8297 Y88.8808 Z18.5050 E0.10541 F600
G1 X123.4335 Y88.3357 Z18.3586 E0.15269 F600
G1 X125.3543 Y88.1874 Z18.3050 E0.17307 F600
G1 X127.1658 Y88.6120 Z18.3586 E0.16716 F600
G1 X128.5101 Y89.4014 Z18.5050 E0.14061 F600
G1 X129.2578 Y90.1330 Z18.7050 E0.09564 F600
G1 X129.4674 Y90.4904 Z18.9050 E0.04132 F600
G1 X129.2731 Y90.4238 Z19.0514 E0.02265 F600
G1 X128.8494 Y90.1001 Z19.1050 E0.04812 F600
G1 X128.4310 Y89.7501 Z19.0514 E0.04922 F600
G1 X128.2873 Y89.5483 Z18.9050 E0.02584 F600
G1 X128.6209 Y89.6253 Z18.7050 E0.03561 F600
G1 X129.4509 Y90.1493 Z18.5050 E0.08996 F600
G1 X130.5666 Y91.2925 Z18.3586 E0.14405 F600
G1 X131.6250 Y93.0348 Z18.3050 E0.18313 F600
G1 X132.3694 Y95.0347 Z18.3586 E0.19170 F600
G1 X132.7611 Y96.7981 Z18.5050 E0.16275 F600
G1 X132.8982 Y97.9675 Z18.7050 E0.10725 F600
G1 X132.8837 Y98.4327 Z18.9050 E0.04549 F600
G1 X132.7887 Y98.2795 Z19.0514 E0.02086 F600
G1 X132.6658 Y97.7355 Z19.1050 E0.05032 F600
G1 X132.5711 Y97.1325 Z19.0514 E0.05502 F600
G1 X132.5754 Y96.8287 Z18.9050 E0.03029 F600
G1 X132.7308 Y97.1035 Z18.7050 E0.03356 F600
G1 X133.0116 Y98.0709 Z18.5050 E0.09223 F600
G1 X133.3291 Y99.6085 Z18.3586 E0.14160 F600
G1 X133.6348 Y101.3652 Z18.3050 E0.16020 F600
G1 X133.9583 Y102.9390 Z18.3586 E0.14436 F600
G1 X134.2947 Y104.0916 Z18.5050 E0.10863 F600
G1 X134.5344 Y104.7798 Z18.7050 E0.06787 F600
G1 X134.5683 Y105.0523 Z18.9050 E0.03050 F600
G1 X134.4114 Y104.9863 Z19.0514 E0.02017 F600
G1 X134.1910 Y104.6926 Z19.1050 E0.03332 F600
G1 X134.0445 Y104.3399 Z19.0514 E0.03463 F600
G1 X134.0524 Y104.1453 Z18.9050 E0.02188 F600
G1 X134.2559 Y104.2907 Z18.7050 E0.02876 F600
G1 X134.7074 Y104.8149 Z18.5050 E0.06468 F600
G1 X135.4896 Y105.5930 Z18.3586 E0.09994 F600
G1 X136.6417 Y106.4486 Z18.3050 E0.12896 F600
G1 X138.0176 Y107.2703 Z18.3586 E0.14400 F600
G1 X139.2736 Y107.9861 Z18.5050 E0.13048 F600
G1 X140.0733 Y108.4941 Z18.7050 E0.08697 F600
G1 X140.2835 Y108.7072 Z18.9050 E0.03233 F600
G1 X139.9978 Y108.6379 Z19.0514 E0.02950 F600
G1 X139.4679 Y108.4006 Z19.1050 E0.05236 F600
G1 X139.0102 Y108.1471 Z19.0514 E0.04723 F600
G1 X138.9032 Y108.0167 Z18.9050 E0.02006 F600
G1 X139.3302 Y108.1210 Z18.7050 E0.04336 F600
G1 X140.3676 Y108.5396 Z18.5050 E0.10205 F600
G1 X141.9385 Y109.3230 Z18.3586 E0.15819 F600
G1 X143.7391 Y110.4693 Z18.3050 E0.19174 F600
G1 X145.3145 Y111.8411 Z18.3586 E0.18766 F600
G1 X146.3372 Y113.1373 Z18.5050 E0.14885 F600
G1 X146.7872 Y114.0336 Z18.7050 E0.09184 F600
G1 X146.8346 Y114.3635 Z18.9050 E0.03491 F600
G1 X146.6402 Y114.1799 Z19.0514 E0.02738 F600
G1 X146.3214 Y113.7056 Z19.1050 E0.05155 F600
G1 X146.0343 Y113.2355 Z19.0514 E0.04970 F600
G1 X145.9885 Y113.0403 Z18.9050 E0.02230 F600
G1 X146.3318 Y113.3196 Z18.7050 E0.04361 F600
G1 X147.0069 Y114.1918 Z18.5050 E0.10066 F600
G1 X147.7018 Y115.6528 Z18.3586 E0.14588 F600
G1 X148.0000 Y117.5000 Z18.3050 E0.16810 F600
G1 X147.7018 Y119.3472 Z18.3586 E0.16810 F600
G1 X147.0069 Y120.8082 Z18.5050 E0.14588 F600
G1 X146.3318 Y121.6804 Z18.7050 E0.10066 F600
G1 X145.9885 Y121.9597 Z18.9050 E0.04361 F600
G1 X146.0343 Y121.7645 Z19.0514 E0.02230 F600
G1 X146.3214 Y121.2944 Z19.1050 E0.04970 F600
; row 36/57
G1 X147.5118 Y116.9761 Z19.5514 E0.40425 F600
G1 X147.5826 Y116.7663 Z19.4050 E0.02384 F600
G1 X147.7378 Y117.1042 Z19.2050 E0.03791 F600
G1 X147.8486 Y118.0843 Z19.0050 E0.09038 F600
G1 X147.6216 Y119.6063 Z18.8586 E0.13882 F600
G1 X146.8171 Y121.3597 Z18.8050 E0.17330 F600
G1 X145.5231 Y122.9471 Z18.8586 E0.18398 F600
G1 X144.1484 Y124.0934 Z19.0050 E0.16127 F600
G1 X143.1282 Y124.7279 Z19.2050 E0.10938 F600
G1 X142.6847 Y124.9109 Z19.4050 E0.04668 F600
G1 X142.7955 Y124.7534 Z19.5514 E0.02173 F600
G1 X143.2561 Y124.4013 Z19.6050 E0.05228 F600
G1 X143.7684 Y124.0495 Z19.5514 E0.05602 F600
G1 X144.0436 Y123.9230 Z19.4050 E0.03021 F600
G1 X143.8597 Y124.1945 Z19.2050 E0.03450 F600
G1 X143.0723 Y124.8825 Z19.0050 E0.09560 F600
G1 X141.6810 Y125.8262 Z18.8586 E0.15155 F600
G1 X139.9299 Y126.7908 Z18.8050 E0.17960 F600
G1 X138.2387 Y127.6150 Z18.8586 E0.16901 F600
G1 X136.9465 Y128.2338 Z19.0050 E0.12934 F600
G1 X136.1612 Y128.6023 Z19.2050 E0.07994 F600
G1 X135.8375 Y128.6920 Z19.4050 E0.03511 F600
G1 X135.8906 Y128.5502 Z19.5514 E0.01892 F600
G1 X136.2086 Y128.3014 Z19.6050 E0.03658 F600
G1 X136.6081 Y128.0918 Z19.5514 E0.04080 F600
G1 X136.8418 Y128.0468 Z19.4050 E0.02510 F600
G1 X136.7022 Y128.2538 Z19.2050 E0.02873 F600
G1 X136.1487 Y128.7509 Z19.0050 E0.06919 F600
G1 X135.3532 Y129.5421 Z18.8586 E0.10161 F600
G1 X134.5876 Y130.6118 Z18.8050 E0.11822 F600
G1 X134.0192 Y131.8599 Z18.8586 E0.12325 F600
G1 X133.6425 Y133.0328 Z19.0050 E0.11140 F600
G1 X133.3977 Y133.8195 Z19.2050 E0.07614 F600
G1 X133.2611 Y134.0492 Z19.4050 E0.02997 F600
G1 X133.2277 Y133.7865 Z19.5514 E0.02717 F600
G1 X133.2812 Y133.2812 Z19.6050 E0.04588 F600
G1 X133.3876 Y132.8424 Z19.5514 E0.04083 F600
G1 X133.4887 Y132.7274 Z19.4050 E0.01903 F600
G1 X133.5213 Y133.1073 Z19.2050 E0.03867 F600
G1 X133.4568 Y134.0832 Z19.0050 E0.08965 F600
G1 X133.2879 Y135.6619 Z18.8586 E0.14318 F600
G1 X132.9702 Y137.6612 Z18.8050 E0.18186 F600
G1 X132.4572 Y139.6750 Z18.8586 E0.18668 F600
G1 X131.8299 Y141.2522 Z19.0050 E0.15299 F600
G1 X131.3036 Y142.1481 Z19.2050 E0.09502 F600
G1 X131.0637 Y142.3746 Z19.4050 E0.03465 F600
G1 X131.1302 Y142.0896 Z19.5514 E0.02939 F600
G1 X131.3750 Y141.5322 Z19.6050 E0.05488 F600
G1 X131.6302 Y141.0166 Z19.5514 E0.05189 F600
G1 X131.7663 Y140.8746 Z19.4050 E0.02202 F600
G1 X131.6834 Y141.3402 Z19.2050 E0.04611 F600
G1 X131.2670 Y142.4419 Z19.0050 E0.10728 F600
G1 X130.3941 Y143.9369 Z18.8586 E0.15602 F600
G1 X129.0408 Y145.3619 Z18.8050 E0.17655 F600
G1 X127.4133 Y146.2905 Z18.8586 E0.16833 F600
G1 X125.9078 Y146.6241 Z19.0050 E0.13910 F600
G1 X124.8874 Y146.5878 Z19.2050 E0.09344 F600
G1 X124.5082 Y146.4619 Z19.4050 E0.04012 F600
G1 X124.7001 Y146.3780 Z19.5514 E0.02295 F600
G1 X125.2249 Y146.3297 Z19.6050 E0.04757 F600
G1 X125.7595 Y146.3043 Z19.5514 E0.04830 F600
G1 X125.9917 Y146.3576 Z19.4050 E0.02511 F600
G1 X125.6876 Y146.5311 Z19.2050 E0.03621 F600
G1 X124.7269 Y146.7089 Z19.0050 E0.08956 F600
G1 X123.1580 Y146.6079 Z18.8586 E0.14179 F600
G1 X121.2512 Y145.9936 Z18.8050 E0.17996 F600
G1 X119.4187 Y144.9386 Z18.8586 E0.18995 F600
G1 X118.0064 Y143.8026 Z19.0050 E0.16330 F600
G1 X117.1668 Y142.9535 Z19.2050 E0.10872 F600
G1 X116.8886 Y142.5703 Z19.4050 E0.04617 F600
G1 X117.0612 Y142.6375 Z19.5514 E0.02121 F600
G1 X117.5000 Y143.0000 Z19.6050 E0.05134 F600
G1 X117.9525 Y143.4217 Z19.5514 E0.05575 F600
G1 X118.1381 Y143.6645 Z19.4050 E0.03043 F600
G1 X117.8409 Y143.5421 Z19.2050 E0.03400 F600
G1 X117.0103 Y142.9379 Z19.0050 E0.09397 F600
G1 X115.7960 Y141.8679 Z18.8586 E0.14593 F600
G1 X114.4639 Y140.5616 Z18.8050 E0.16762 F600
G1 X113.2487 Y139.3710 Z18.8586 E0.15285 F600
G1 X112.2976 Y138.5263 Z19.0050 E0.11498 F600
G1 X111.7084 Y138.0354 Z19.2050 E0.07118 F600
G1 X111.5242 Y137.8080 Z19.4050 E0.03184 F600
G1 X111.6835 Y137.7844 Z19.5514 E0.01955 F600
G1 X112.0251 Y137.9326 Z19.6050 E0.03378 F600
G1 X112.3459 Y138.1720 Z19.5514 E0.03627 F600
G1 X112.4546 Y138.3505 Z19.4050 E0.02291 F600
G1 X112.2105 Y138.3276 Z19.2050 E0.02842 F600
G1 X111.5543 Y138.0955 Z19.0050 E0.06503 F600
G1 X110.5056 Y137.8132 Z18.8586 E0.09841 F600
G1 X109.1412 Y137.6799 Z18.8050 E0.12320 F600
G1 X107.6282 Y137.7402 Z18.8586 E0.13607 F600
G1 X106.2594 Y137.8647 Z19.0050 E0.12412 F600
G1 X105.3518 Y137.9192 Z19.2050 E0.08360 F600
G1 X105.0668 Y137.8712 Z19.4050 E0.03157 F600
G1 X105.3288 Y137.7563 Z19.5514 E0.02886 F600
G1 X105.8750 Y137.6351 Z19.6050 E0.05048 F600
G1 X106.3725 Y137.5746 Z19.5514 E0.04526 F600
G1 X106.5285 Y137.6208 Z19.4050 E0.01966 F600
G1 X106.1396 Y137.7855 Z19.2050 E0.04196 F600
G1 X105.0970 Y138.0583 Z19.0050 E0.09843 F600
G1 X103.4167 Y138.3794 Z18.8586 E0.15419 F600
G1 X101.3146 Y138.5932 Z18.8050 E0.18980 F600
G1 X99.2168 Y138.5325 Z18.8586 E0.18853 F600
G1 X97.5751 Y138.2071 Z19.0050 E0.15086 F600
G1 X96.6318 Y137.8289 Z19.2050 E0.09302 F600
G1 X96.3767 Y137.6175 Z19.4050 E0.03475 F600
G1 X96.6530 Y137.6317 Z19.5514 E0.02811 F600
G1 X97.2188 Y137.7812 Z19.6050 E0.05277 F600
G1 X97.7536 Y137.9480 Z19.5514 E0.05054 F600
G1 X97.9163 Y138.0629 Z19.4050 E0.02220 F600
G1 X97.4615 Y138.0701 Z19.2050 E0.04462 F600
G1 X96.3522 Y137.8489 Z19.0050 E0.10315 F600
G1 X94.8248 Y137.2112 Z18.8586 E0.14922 F600
G1 X93.3333 Y136.0438 Z18.8050 E0.17016 F600
G1 X92.2988 Y134.4984 Z18.8586 E0.16707 F600
G1 X91.8382 Y132.9819 Z19.0050 E0.14293 F600
G1 X91.7687 Y131.9102 Z19.2050 E0.09810 F600
G1 X91.8464 Y131.4884 Z19.4050 E0.04250 F600
G1 X91.9439 Y131.6660 Z19.5514 E0.02244 F600
G1 X92.0414 Y132.1986 Z19.6050 E0.04886 F600
G1 X92.1177 Y132.7512 Z19.5514 E0.05033 F600
G1 X92.0917 Y133.0075 Z19.4050 E0.02661 F600
G1 X91.9018 Y132.7293 Z19.2050 E0.03518 F600
G1 X91.6399 Y131.7738 Z19.0050 E0.09077 F600
G1 X91.5617 Y130.1510 Z18.8586 E0.14650 F600
G1 X91.8881 Y128.1088 Z18.8050 E0.18579 F600
G1 X92.5774 Y126.0816 Z18.8586 E0.19234 F600
G1 X93.3527 Y124.4711 Z19.0050 E0.16105 F600
G1 X93.9443 Y123.4824 Z19.2050 E0.10501 F600
G1 X94.2312 Y123.1305 Z19.4050 E0.04455 F600
G1 X94.2183 Y123.3048 Z19.5514 E0.02047 F600
G1 X93.9939 Y123.7984 Z19.6050 E0.04894 F600
G1 X93.7068 Y124.3226 Z19.5514 E0.05388 F600
G1 X93.5191 Y124.5567 Z19.4050 E0.02998 F600
G1 X93.5617 Y124.2513 Z19.2050 E0.03300 F600
G1 X93.9132 Y123.3359 Z19.0050 E0.08987 F600
G1 X94.5442 Y121.9621 Z18.8586 E0.13639 F600
G1 X95.2620 Y120.4277 Z18.8050 E0.15220 F600
G1 X95.8151 Y119.0164 Z18.8586 E0.13621 F600
G1 X96.1081 Y117.9118 Z19.0050 E0.10346 F600
G1 X96.2422 Y117.2217 Z19.2050 E0.06564 F600
G1 X96.3479 Y116.9841 Z19.4050 E0.02946 F600
G1 X96.4526 Y117.1326 Z19.5514 E0.02095 F600
G1 X96.5000 Y117.5000 Z19.6050 E0.03361 F600
G1 X96.4526 Y117.8674 Z19.5514 E0.03361 F600
G1 X96.3479 Y118.0159 Z19.4050 E0.02095 F600
G1 X96.2422 Y117.7783 Z19.2050 E0.02946 F600
G1 X96.1081 Y117.0882 Z19.0050 E0.06564 F600
G1 X95.8151 Y115.9836 Z18.8586 E0.10346 F600
G1 X95.2620 Y114.5723 Z18.8050 E0.13621 F600
G1 X94.5442 Y113.0379 Z18.8586 E0.15220 F600
G1 X93.9132 Y111.6641 Z19.0050 E0.13639 F600
G1 X93.5617 Y110.7487 Z19.2050 E0.08987 F600
G1 X93.5191 Y110.4433 Z19.4050 E0.03300 F600
G1 X93.7068 Y110.6774 Z19.5514 E0.02998 F600
G1 X93.9939 Y111.2016 Z19.6050 E0.05388 F600
G1 X94.2183 Y111.6952 Z19.5514 E0.04894 F600
G1 X94.2312 Y111.8695 Z19.4050 E0.02047 F600
G1 X93.9443 Y111.5176 Z19.2050 E0.04455 F600
G1 X93.3527 Y110.5289 Z19.0050 E0.10501 F600
G1 X92.5774 Y108.9184 Z18.8586 E0.16105 F600
G1 X91.8881 Y106.8912 Z18.8050 E0.19234 F600
G1 X91.5617 Y104.8490 Z18.8586 E0.18579 F600
G1 X91.6399 Y103.2262 Z19.0050 E0.14650 F600
G1 X91.9018 Y102.2707 Z19.2050 E0.09077 F600
G1 X92.0917 Y101.9925 Z19.4050 E0.03518 F600
G1 X92.1177 Y102.2488 Z19.5514 E0.02661 F600
G1 X92.0414 Y102.8014 Z19.6050 E0.05033 F600
G1 X91.9439 Y103.3340 Z19.5514 E0.04886 F600
G1 X91.8464 Y103.5116 Z19.4050 E0.02244 F600
G1 X91.7687 Y103.0898 Z19.2050 E0.04250 F600
G1 X91.8382 Y102.0181 Z19.0050 E0.09810 F600
G1 X92.2988 Y100.5016 Z18.8586 E0.14293 F600
G1 X93.3333 Y98.9562 Z18.8050 E0.16707 F600
G1 X94.8248 Y97.7888 Z18.8586 E0.17016 F600
G1 X96.3522 Y97.1511 Z19.0050 E0.14922 F600
G1 X97.4615 Y96.9299 Z19.2050 E0.10315 F600
G1 X97.9163 Y96.9371 Z19.4050 E0.04462 F600
G1 X97.7536 Y97.0520 Z19.5514 E0.02220 F600
G1 X97.2188 Y97.2188 Z19.6050 E0.05054 F600
G1 X96.6530 Y97.3683 Z19.5514 E0.05277 F600
G1 X96.3767 Y97.3825 Z19.4050 E0.02811 F600
G1 X96.6318 Y97.1711 Z19.2050 E0.03475 F600
G1 X97.5751 Y96.7929 Z19.0050 E0.09302 F600
G1 X99.2168 Y96.4675 Z18.8586 E0.15086 F600
G1 X101.3146 Y96.4068 Z18.8050 E0.18853 F600
G1 X103.4167 Y96.6206 Z18.8586 E0.18980 F600
G1 X105.0970 Y96.9417 Z19.0050 E0.15419 F600
G1 X106.1396 Y97.2145 Z19.2050 E0.09843 F600
G1 X106.5285 Y97.3792 Z19.4050 E0.04196 F600
G1 X106.3725 Y97.4254 Z19.5514 E0.01966 F600
G1 X105.8750 Y97.3649 Z19.6050 E0.04526 F600
G1 X105.3288 Y97.2437 Z19.5514 E0.05048 F600
G1 X105.0668 Y97.1288 Z19.4050 E0.02886 F600
G1 X105.3518 Y97.0808 Z19.2050 E0.03157 F600
G1 X106.2594 Y97.1353 Z19.0050 E0.08360 F600
G1 X107.6282 Y97.2598 Z18.8586 E0.12412 F600
G1 X109.1412 Y97.3201 Z18.8050 E0.13607 F600
G1 X110.5056 Y97.1868 Z18.8586 E0.12320 F600
G1 X111.5543 Y96.9045 Z19.0050 E0.09841 F600
G1 X112.2105 Y96.6724 Z19.2050 E0.06503 F600
G1 X112.4546 Y96.6495 Z19.4050 E0.02842 F600
G1 X112.3459 Y96.8280 Z19.5514 E0.02291 F600
G1 X112.0251 Y97.0674 Z19.6050 E0.03627 F600
G1 X111.6835 Y97.2156 Z19.5514 E0.03378 F600
G1 X111.5242 Y97.1920 Z19.4050 E0.01955 F600
G1 X111.7084 Y96.9646 Z19.2050 E0.03184 F600
G1 X112.2976 Y96.4737 Z19.0050 E0.07118 F600
G1 X113.2487 Y95.6290 Z18.8586 E0.11498 F600
G1 X114.4639 Y94.4384 Z18.8050 E0.15285 F600
G1 X115.7960 Y93.1321 Z18.8586 E0.16762 F600
G1 X117.0103 Y92.0621 Z19.0050 E0.14593 F600
G1 X117.8409 Y91.4579 Z19.2050 E0.09397 F600
G1 X118.1381 Y91.3355 Z19.4050 E0.03400 F600
G1 X117.9525 Y91.5783 Z19.5514 E0.03043 F600
G1 X117.5000 Y92.0000 Z19.6050 E0.05575 F600
G1 X117.0612 Y92.3625 Z19.5514 E0.05134 F600
G1 X116.8886 Y92.4297 Z19.4050 E0.02121 F600
G1 X117.1668 Y92.0465 Z19.2050 E0.04617 F600
G1 X118.0064 Y91.1974 Z19.0050 E0.10872 F600
G1 X119.4187 Y90.0614 Z18.8586 E0.16330 F600
G1 X121.2512 Y89.0064 Z18.8050 E0.18995 F600
G1 X123.1580 Y88.3921 Z18.8586 E0.17996 F600
G1 X124.7269 Y88.2911 Z19.0050 E0.14179 F600
G1 X125.6876 Y88.4689 Z19.2050 E0.08956 F600
G1 X125.9917 Y88.6424 Z19.4050 E0.03621 F600
G1 X125.7595 Y88.6957 Z19.5514 E0.02511 F600
G1 X125.2249 Y88.6703 Z19.6050 E0.04830 F600
G1 X124.7001 Y88.6220 Z19.5514 E0.04757 F600
G1 X124.5082 Y88.5381 Z19.4050 E0.02295 F600
G1 X124.8874 Y88.4122 Z19.2050 E0.04012 F600
G1 X125.9078 Y88.3759 Z19.0050 E0.09344 F600
G1 X127.4133 Y88.7095 Z18.8586 E0.13910 F600
G1 X129.0408 Y89.6381 Z18.8050 E0.16833 F600
G1 X130.3941 Y91.0631 Z18.8586 E0.17655 F600
G1 X131.2670 Y92.5581 Z19.0050 E0.15602 F600
G1 X131.6834 Y93.6598 Z19.2050 E0.10728 F600
G1 X131.7663 Y94.1254 Z19.4050 E0.04611 F600
G1 X131.6302 Y93.9834 Z19.5514 E0.02202 F600
G1 X131.3750 Y93.4678 Z19.6050 E0.05189 F600
G1 X131.1302 Y92.9104 Z19.5514 E0.05488 F600
G1 X131.0637 Y92.6254 Z19.4050 E0.02939 F600
G1 X131.3036 Y92.8519 Z19.2050 E0.03465 F600
G1 X131.8299 Y93.7478 Z19.0050 E0.09502 F600
G1 X132.4572 Y95.3250 Z18.8586 E0.15299 F600
G1 X132.9702 Y97.3388 Z18.8050 E0.18668 F600
G1 X133.2879 Y99.3381 Z18.8586 E0.18186 F600
G1 X133.4568 Y100.9168 Z19.0050 E0.14318 F600
G1 X133.5213 Y101.8927 Z19.2050 E0.08965 F600
G1 X133.4887 Y102.2726 Z19.4050 E0.03867 F600
G1 X133.3876 Y102.1576 Z19.5514 E0.01903 F600
G1 X133.2812 Y101.7188 Z19.6050 E0.04083 F600
G1 X133.2277 Y101.2135 Z19.5514 E0.04588 F600
G1 X133.2611 Y100.9508 Z19.4050 E0.02717 F600
G1 X133.3977 Y101.1805 Z19.2050 E0.02997 F600
G1 X133.6425 Y101.9672 Z19.0050 E0.07614 F600
G1 X134.0192 Y103.1401 Z18.8586 E0.11140 F600
G1 X134.5876 Y104.3882 Z18.8050 E0.12325 F600
G1 X135.3532 Y105.4579 Z18.8586 E0.11822 F600
G1 X136.1487 Y106.2491 Z19.0050 E0.10161 F600
G1 X136.7022 Y106.7462 Z19.2050 E0.06919 F600
G1 X136.8418 Y106.9532 Z19.4050 E0.02873 F600
G1 X136.6081 Y106.9082 Z19.5514 E0.02510 F600
G1 X136.2086 Y106.6986 Z19.6050 E0.04080 F600
G1 X135.8906 Y106.4498 Z19.5514 E0.03658 F600
G1 X135.8375 Y106.3080 Z19.4050 E0.01892 F600
G1 X136.1612 Y106.3977 Z19.2050 E0.03511 F600
G1 X136.9465 Y106.7662 Z19.0050 E0.07994 F600
G1 X138.2387 Y107.3850 Z18.8586 E0.12934 F600
G1 X139.9299 Y108.2092 Z18.8050 E0.16901 F600
G1 X141.6810 Y109.1738 Z18.8586 E0.17960 F600
G1 X143.0723 Y110.1175 Z19.0050 E0.15155 F600
G1 X143.8597 Y110.8055 Z19.2050 E0.09560 F600
G1 X144.0436 Y111.0770 Z19.4050 E0.03450 F600
G1 X143.7684 Y110.9505 Z19.5514 E0.03021 F600
G1 X143.2561 Y110.5987 Z19.6050 E0.05602 F600
G1 X142.7955 Y110.2466 Z19.5514 E0.05228 F600
G1 X142.6847 Y110.0891 Z19.4050 E0.02173 F600
G1 X143.1282 Y110.2721 Z19.2050 E0.04668 F600
G1 X144.1484 Y110.9066 Z19.0050 E0.10938 F600
G1 X145.5231 Y112.0529 Z18.8586 E0.16127 F600
G1 X146.8171 Y113.6403 Z18.8050 E0.18398 F600
G1 X147.6216 Y115.3937 Z18.8586 E0.17330 F600
G1 X147.8486 Y116.9157 Z19.0050 E0.13882 F600
G1 X147.7378 Y117.8958 Z19.2050 E0.09038 F600
G1 X147.5826 Y118.2337 Z19.4050 E0.03791 F600
G1 X147.5118 Y118.0239 Z19.5514 E0.02384 F600
G1 X147.5000 Y117.5000 Z19.6050 E0.04730 F600
; row 37/57
G1 X146.6402 Y120.8201 Z20.0514 E0.31059 F600
G1 X146.8346 Y120.6365 Z19.9050 E0.02738 F600
G1 X146.7872 Y120.9664 Z19.7050 E0.03491 F600
G1 X146.3372 Y121.8627 Z19.5050 E0.09184 F600
G1 X145.3145 Y123.1589 Z19.3586 E0.14885 F600
G1 X143.7391 Y124.5307 Z19.3050 E0.18766 F600
G1 X141.9385 Y125.6770 Z19.3586 E0.19174 F600
G1 X140.3676 Y126.4604 Z19.5050 E0.15819 F600
G1 X139.3302 Y126.8790 Z19.7050 E0.10205 F600
G1 X138.9032 Y126.9833 Z19.9050 E0.04336 F600
G1 X139.0102 Y126.8529 Z20.0514 E0.02006 F600
G1 X139.4679 Y126.5994 Z20.1050 E0.04723 F600
G1 X139.9978 Y126.3621 Z20.0514 E0.05236 F600
G1 X140.2835 Y126.2928 Z19.9050 E0.02950 F600
G1 X140.0733 Y126.5059 Z19.7050 E0.03233 F600
G1 X139.2736 Y127.0139 Z19.5050 E0.08697 F600
G1 X138.0176 Y127.7297 Z19.3586 E0.13048 F600
G1 X136.6417 Y128.5514 Z19.3050 E0.14400 F600
G1 X135.4896 Y129.4070 Z19.3586 E0.12896 F600
G1 X134.7074 Y130.1851 Z19.5050 E0.09994 F600
G1 X134.2559 Y130.7093 Z19.7050 E0.06468 F600
G1 X134.0524 Y130.8547 Z19.9050 E0.02876 F600
G1 X134.0445 Y130.6601 Z20.0514 E0.02188 F600
G1 X134.1910 Y130.3074 Z20.1050 E0.03463 F600
G1 X134.4114 Y130.0137 Z20.0514 E0.03332 F600
G1 X134.5683 Y129.9477 Z19.9050 E0.02017 F600
G1 X134.5344 Y130.2202 Z19.7050 E0.03050 F600
G1 X134.2947 Y130.9084 Z19.5050 E0.06787 F600
G1 X133.9583 Y132.0610 Z19.3586 E0.10863 F600
G1 X133.6348 Y133.6348 Z19.3050 E0.14436 F600
G1 X133.3291 Y135.3915 Z19.3586 E0.16020 F600
G1 X133.0116 Y136.9291 Z19.5050 E0.14160 F600
G1 X132.7308 Y137.8965 Z19.7050 E0.09223 F600
G1 X132.5754 Y138.1713 Z19.9050 E0.03356 F600
G1 X132.5711 Y137.8675 Z20.0514 E0.03029 F600
G1 X132.6658 Y137.2645 Z20.1050 E0.05502 F600
G1 X132.7887 Y136.7205 Z20.0514 E0.05032 F600
G1 X132.8837 Y136.5673 Z19.9050 E0.02086 F600
G1 X132.8982 Y137.0325 Z19.7050 E0.04549 F600
G1 X132.7611 Y138.2019 Z19.5050 E0.10725 F600
G1 X132.3694 Y139.9653 Z19.3586 E0.16275 F600
G1 X131.6250 Y141.9652 Z19.3050 E0.19170 F600
G1 X130.5666 Y143.7075 Z19.3586 E0.18313 F600
G1 X129.4509 Y144.8507 Z19.5050 E0.14405 F600
G1 X128.6209 Y145.3747 Z19.7050 E0.08996 F600
G1 X128.2873 Y145.4517 Z19.9050 E0.03561 F600
G1 X128.4310 Y145.2499 Z20.0514 E0.02584 F600
G1 X128.8494 Y144.8999 Z20.1050 E0.04922 F600
G1 X129.2731 Y144.5762 Z20.0514 E0.04812 F600
G1 X129.4674 Y144.5096 Z19.9050 E0.02265 F600
G1 X129.2578 Y144.8670 Z19.7050 E0.04132 F600
G1 X128.5101 Y145.5986 Z19.5050 E0.09564 F600
G1 X127.1658 Y146.3880 Z19.3586 E0.14061 F600
G1 X125.3543 Y146.8126 Z19.3050 E0.16716 F600
G1 X123.4335 Y146.6643 Z19.3586 E0.17307 F600
G1 X121.8297 Y146.1192 Z19.5050 E0.15269 F600
G1 X120.8204 Y145.5542 Z19.7050 E0.10541 F600
G1 X120.4672 Y145.2517 Z19.9050 E0.04546 F600
G1 X120.6642 Y145.2717 Z20.0514 E0.02211 F600
G1 X121.1860 Y145.4978 Z20.1050 E0.05130 F600
G1 X121.7235 Y145.7598 Z20.0514 E0.05391 F600
G1 X121.9509 Y145.9320 Z19.9050 E0.02879 F600
G1 X121.6207 Y145.9199 Z19.7050 E0.03468 F600
G1 X120.6486 Y145.5827 Z19.5050 E0.09413 F600
G1 X119.1678 Y144.7687 Z19.3586 E0.15231 F600
G1 X117.5000 Y143.5000 Z19.3050 E0.18825 F600
G1 X115.9974 Y142.0674 Z19.3586 E0.18650 F600
G1 X114.8826 Y140.8451 Z19.5050 E0.14915 F600
G1 X114.2308 Y140.0472 Z19.7050 E0.09425 F600
G1 X114.0245 Y139.7013 Z19.9050 E0.04038 F600
G1 X114.1753 Y139.7463 Z20.0514 E0.01930 F600
G1 X114.5291 Y140.0659 Z20.1050 E0.04309 F600
G1 X114.8832 Y140.4671 Z20.0514 E0.04829 F600
G1 X115.0186 Y140.7078 Z19.9050 E0.02807 F600
G1 X114.7673 Y140.5888 Z19.7050 E0.03076 F600
G1 X114.0887 Y140.0486 Z19.5050 E0.07993 F600
G1 X113.0798 Y139.2262 Z19.3586 E0.11763 F600
G1 X111.8957 Y138.4155 Z19.3050 E0.12895 F600
G1 X110.6872 Y137.8613 Z19.3586 E0.11949 F600
G1 X109.6301 Y137.5845 Z19.5050 E0.09900 F600
G1 X108.9285 Y137.4507 Z19.7050 E0.06661 F600
G1 X108.7063 Y137.3469 Z19.9050 E0.02842 F600
G1 X108.9102 Y137.2553 Z20.0514 E0.02400 F600
G1 X109.3326 Y137.2179 Z20.1050 E0.03838 F600
G1 X109.7149 Y137.2637 Z20.0514 E0.03491 F600
G1 X109.8350 Y137.3612 Z19.9050 E0.01913 F600
G1 X109.5372 Y137.4590 Z19.7050 E0.03340 F600
G1 X108.7304 Y137.5700 Z19.5050 E0.07530 F600
G1 X107.3942 Y137.7692 Z19.3586 E0.12204 F600
G1 X105.6250 Y138.0681 Z19.3050 E0.16120 F600
G1 X103.7057 Y138.3409 Z19.3586 E0.17416 F600
G1 X102.0538 Y138.4529 Z19.5050 E0.14926 F600
G1 X101.0148 Y138.4113 Z19.7050 E0.09509 F600
G1 X100.7027 Y138.3193 Z19.9050 E0.03430 F600
G1 X100.9987 Y138.2450 Z20.0514 E0.03040 F600
G1 X101.6190 Y138.1965 Z20.1050 E0.05608 F600
G1 X102.1953 Y138.1831 Z20.0514 E0.05199 F600
G1 X102.3770 Y138.2366 Z19.9050 E0.02150 F600
G1 X101.9170 Y138.3681 Z19.7050 E0.04656 F600
G1 X100.7238 Y138.5130 Z19.5050 E0.10942 F600
G1 X98.9172 Y138.5040 Z19.3586 E0.16277 F600
G1 X96.8652 Y138.1348 Z19.3050 E0.18730 F600
G1 X95.0627 Y137.3508 Z19.3586 E0.17658 F600
G1 X93.8526 Y136.3794 Z19.5050 E0.13997 F600
G1 X93.2698 Y135.5936 Z19.7050 E0.08968 F600
G1 X93.1603 Y135.2507 Z19.9050 E0.03698 F600
G1 X93.3608 Y135.3621 Z20.0514 E0.02443 F600
G1 X93.7299 Y135.7394 Z20.1050 E0.04765 F600
G1 X94.0790 Y136.1299 Z20.0514 E0.04728 F600
G1 X94.1658 Y136.3264 Z19.9050 E0.02334 F600
G1 X93.8121 Y136.1741 Z19.7050 E0.03897 F600
G1 X93.0526 Y135.5223 Z19.5050 E0.09165 F600
G1 X92.1834 Y134.2567 Z19.3586 E0.13850 F600
G1 X91.6083 Y132.4486 Z19.3050 E0.17046 F600
G1 X91.5409 Y130.4427 Z19.3586 E0.18030 F600
G1 X91.8528 Y128.7065 Z19.5050 E0.15896 F600
G1 X92.2397 Y127.5779 Z19.7050 E0.10864 F600
G1 X92.4706 Y127.1595 Z19.9050 E0.04652 F600
G1 X92.4842 Y127.3540 Z20.0514 E0.02190 F600
G1 X92.3501 Y127.9174 Z20.1050 E0.05223 F600
G1 X92.1787 Y128.5100 Z20.0514 E0.05560 F600
G1 X92.0467 Y128.7778 Z19.9050 E0.02987 F600
G1 X92.0125 Y128.4503 Z19.7050 E0.03460 F600
G1 X92.1845 Y127.4196 Z19.5050 E0.09555 F600
G1 X92.6892 Y125.8016 Z19.3586 E0.15277 F600
G1 X93.5109 Y123.9279 Z19.3050 E0.18380 F600
G1 X94.4241 Y122.1948 Z19.3586 E0.17598 F600
G1 X95.1694 Y120.8783 Z19.5050 E0.13649 F600
G1 X95.6442 Y120.0868 Z19.7050 E0.08481 F600
G1 X95.8750 Y119.8121 Z19.9050 E0.03689 F600
G1 X95.9015 Y119.9608 Z20.0514 E0.01889 F600
G1 X95.7577 Y120.3624 Z20.1050 E0.03861 F600
G1 X95.5283 Y120.7837 Z20.0514 E0.04335 F600
G1 X95.3551 Y120.9667 Z19.9050 E0.02616 F600
G1 X95.3647 Y120.7095 Z19.7050 E0.02927 F600
G1 X95.5792 Y119.9577 Z19.5050 E0.07246 F600
G1 X95.8656 Y118.8232 Z19.3586 E0.10590 F600
G1 X96.0000 Y117.5000 Z19.3050 E0.11954 F600
G1 X95.8656 Y116.1768 Z19.3586 E0.11954 F600
G1 X95.5792 Y115.0423 Z19.5050 E0.10590 F600
G1 X95.3647 Y114.2905 Z19.7050 E0.07246 F600
G1 X95.3551 Y114.0333 Z19.9050 E0.02927 F600
G1 X95.5283 Y114.2163 Z20.0514 E0.02616 F600
G1 X95.7577 Y114.6376 Z20.1050 E0.04335 F600
G1 X95.9015 Y115.0392 Z20.0514 E0.03861 F600
G1 X95.8750 Y115.1879 Z19.9050 E0.01889 F600
G1 X95.6442 Y114.9132 Z19.7050 E0.03689 F600
G1 X95.1694 Y114.1217 Z19.5050 E0.08481 F600
G1 X94.4241 Y112.8052 Z19.3586 E0.13649 F600
G1 X93.5109 Y111.0721 Z19.3050 E0.17598 F600
G1 X92.6892 Y109.1984 Z19.3586 E0.18380 F600
G1 X92.1845 Y107.5804 Z19.5050 E0.15277 F600
G1 X92.0125 Y106.5497 Z19.7050 E0.09555 F600
G1 X92.0467 Y106.2222 Z19.9050 E0.03460 F600
G1 X92.1787 Y106.4900 Z20.0514 E0.02987 F600
G1 X92.3501 Y107.0826 Z20.1050 E0.05560 F600
G1 X92.4842 Y107.6460 Z20.0514 E0.05223 F600
G1 X92.4706 Y107.8405 Z19.9050 E0.02190 F600
G1 X92.2397 Y107.4221 Z19.7050 E0.04652 F600
G1 X91.8528 Y106.2935 Z19.5050 E0.10864 F600
G1 X91.5409 Y104.5573 Z19.3586 E0.15896 F600
G1 X91.6083 Y102.5514 Z19.3050 E0.18030 F600
G1 X92.1834 Y100.7433 Z19.3586 E0.17046 F600
G1 X93.0526 Y99.4777 Z19.5050 E0.13850 F600
G1 X93.8121 Y98.8259 Z19.7050 E0.09165 F600
G1 X94.1658 Y98.6736 Z19.9050 E0.03897 F600
G1 X94.0790 Y98.8701 Z20.0514 E0.02334 F600
G1 X93.7299 Y99.2606 Z20.1050 E0.04728 F600
G1 X93.3608 Y99.6379 Z20.0514 E0.04765 F600
G1 X93.1603 Y99.7493 Z19.9050 E0.02443 F600
G1 X93.2698 Y99.4064 Z19.7050 E0.03698 F600
G1 X93.8526 Y98.6206 Z19.5050 E0.08968 F600
G1 X95.0627 Y97.6492 Z19.3586 E0.13997 F600
G1 X96.8652 Y96.8652 Z19.3050 E0.17658 F600
G1 X98.9172 Y96.4960 Z19.3586 E0.18730 F600
G1 X100.7238 Y96.4870 Z19.5050 E0.16277 F600
G1 X101.9170 Y96.6319 Z19.7050 E0.10942 F600
G1 X102.3770 Y96.7634 Z19.9050 E0.04656 F600
G1 X102.1953 Y96.8169 Z20.0514 E0.02150 F600
G1 X101.6190 Y96.8035 Z20.1050 E0.05199 F600
G1 X100.9987 Y96.7550 Z20.0514 E0.05608 F600
G1 X100.7027 Y96.6807 Z19.9050 E0.03040 F600
G1 X101.0148 Y96.5887 Z19.7050 E0.03430 F600
G1 X102.0538 Y96.5471 Z19.5050 E0.09509 F600
G1 X103.7057 Y96.6591 Z19.3586 E0.14926 F600
G1 X105.6250 Y96.9319 Z19.3050 E0.17416 F600
G1 X107.3942 Y97.2308 Z19.3586 E0.16120 F600
G1 X108.7304 Y97.4300 Z19.5050 E0.12204 F600
G1 X109.5372 Y97.5410 Z19.7050 E0.07530 F600
G1 X109.8350 Y97.6388 Z19.9050 E0.03340 F600
G1 X109.7149 Y97.7363 Z20.0514 E0.01913 F600
G1 X109.3326 Y97.7821 Z20.1050 E0.03491 F600
G1 X108.9102 Y97.7447 Z20.0514 E0.03838 F600
G1 X108.7063 Y97.6531 Z19.9050 E0.02400 F600
G1 X108.9285 Y97.5493 Z19.7050 E0.02842 F600
G1 X109.6301 Y97.4155 Z19.5050 E0.06661 F600
G1 X110.6872 Y97.1387 Z19.3586 E0.09900 F600
G1 X111.8957 Y96.5845 Z19.3050 E0.11949 F600
G1 X113.0798 Y95.7738 Z19.3586 E0.12895 F600
G1 X114.0887 Y94.9514 Z19.5050 E0.11763 F600
G1 X114.7673 Y94.4112 Z19.7050 E0.07993 F600
G1 X115.0186 Y94.2922 Z19.9050 E0.03076 F600
G1 X114.8832 Y94.5329 Z20.0514 E0.02807 F600
G1 X114.5291 Y94.9341 Z20.1050 E0.04829 F600
G1 X114.1753 Y95.2537 Z20.0514 E0.04309 F600
G1 X114.0245 Y95.2987 Z19.9050 E0.01930 F600
G1 X114.2308 Y94.9528 Z19.7050 E0.04038 F600
G1 X114.8826 Y94.1549 Z19.5050 E0.09425 F600
G1 X115.9974 Y92.9326 Z19.3586 E0.14915 F600
G1 X117.5000 Y91.5000 Z19.3050 E0.18650 F600
G1 X119.1678 Y90.2313 Z19.3586 E0.18825 F600
G1 X120.6486 Y89.4173 Z19.5050 E0.15231 F600
G1 X121.6207 Y89.0801 Z19.7050 E0.09413 F600
G1 X121.9509 Y89.0680 Z19.9050 E0.03468 F600
G1 X121.7235 Y89.2402 Z20.0514 E0.02879 F600
G1 X121.1860 Y89.5022 Z20.1050 E0.05391 F600
G1 X120.6642 Y89.7283 Z20.0514 E0.05130 F600
G1 X120.4672 Y89.7483 Z19.9050 E0.02211 F600
G1 X120.8204 Y89.4458 Z19.7050 E0.04546 F600
G1 X121.8297 Y88.8808 Z19.5050 E0.10541 F600
G1 X123.4335 Y88.3357 Z19.3586 E0.15269 F600
G1 X125.3543 Y88.1874 Z19.3050 E0.17307 F600
G1 X127.1658 Y88.6120 Z19.3586 E0.16716 F600
G1 X128.5101 Y89.4014 Z19.5050 E0.14061 F600
G1 X129.2578 Y90.1330 Z19.7050 E0.09564 F600
G1 X129.4674 Y90.4904 Z19.9050 E0.04132 F600
G1 X129.2731 Y90.4238 Z20.0514 E0.02265 F600
G1 X128.8494 Y90.1001 Z20.1050 E0.04812 F600
G1 X128.4310 Y89.7501 Z20.0514 E0.04922 F600
G1 X128.2873 Y89.5483 Z19.9050 E0.02584 F600
G1 X128.6209 Y89.6253 Z19.7050 E0.03561 F600
G1 X129.4509 Y90.1493 Z19.5050 E0.08996 F600
G1 X130.5666 Y91.2925 Z19.3586 E0.14405 F600
G1 X131.6250 Y93.0348 Z19.3050 E0.18313 F600
G1 X132.3694 Y95.0347 Z19.3586 E0.19170 F600
G1 X132.7611 Y96.7981 Z19.5050 E0.16275 F600
G1 X132.8982 Y97.9675 Z19.7050 E0.10725 F600
G1 X132.8837 Y98.4327 Z19.9050 E0.04549 F600
G1 X132.7887 Y98.2795 Z20.0514 E0.02086 F600
G1 X132.6658 Y97.7355 Z20.1050 E0.05032 F600
G1 X132.5711 Y97.1325 Z20.0514 E0.05502 F600
G1 X132.5754 Y96.8287 Z19.9050 E0.03029 F600
G1 X132.7308 Y97.1035 Z19.7050 E0.03356 F600
G1 X133.0116 Y98.0709 Z19.5050 E0.09223 F600
G1 X133.3291 Y99.6085 Z19.3586 E0.14160 F600
G1 X133.6348 Y101.3652 Z19.3050 E0.16020 F600
G1 X133.9583 Y102.9390 Z19.3586 E0.14436 F600
G1 X134.2947 Y104.0916 Z19.5050 E0.10863 F600
G1 X134.5344 Y104.7798 Z19.7050 E0.06787 F600
G1 X134.5683 Y105.0523 Z19.9050 E0.03050 F600
G1 X134.4114 Y104.9863 Z20.0514 E0.02017 F600
G1 X134.1910 Y104.6926 Z20.1050 E0.03332 F600
G1 X134.0445 Y104.3399 Z20.0514 E0.03463 F600
G1 X134.0524 Y104.1453 Z19.9050 E0.02188 F600
G1 X134.2559 Y104.2907 Z19.7050 E0.02876 F600
G1 X134.7074 Y104.8149 Z19.5050 E0.06468 F600
G1 X135.4896 Y105.5930 Z19.3586 E0.09994 F600
G1 X136.6417 Y106.4486 Z19.3050 E0.12896 F600
G1 X138.0176 Y107.2703 Z19.3586 E0.14400 F600
G1 X139.2736 Y107.9861 Z19.5050 E0.13048 F600
G1 X140.0733 Y108.4941 Z19.7050 E0.08697 F600
G1 X140.2835 Y108.7072 Z19.9050 E0.03233 F600
G1 X139.9978 Y108.6379 Z20.0514 E0.02950 F600
G1 X139.4679 Y108.4006 Z20.1050 E0.05236 F600
G1 X139.0102 Y108.1471 Z20.0514 E0.04723 F600
G1 X138.9032 Y108.0167 Z19.9050 E0.02006 F600
G1 X139.3302 Y108.1210 Z19.7050 E0.04336 F600
G1 X140.3676 Y108.5396 Z19.5050 E0.10205 F600
G1 X141.9385 Y109.3230 Z19.3586 E0.15819 F600
G1 X143.7391 Y110.4693 Z19.3050 E0.19174 F600
G1 X145.3145 Y111.8411 Z19.3586 E0.18766 F600
G1 X146.3372 Y113.1373 Z19.5050 E0.14885 F600
G1 X146.7872 Y114.0336 Z19.7050 E0.09184 F600
G1 X146.8346 Y114.3635 Z19.9050 E0.03491 F600
G1 X146.6402 Y114.1799 Z20.0514 E0.02738 F600
G1 X146.3214 Y113.7056 Z20.1050 E0.05155 F600
G1 X146.0343 Y113.2355 Z20.0514 E0.04970 F600
G1 X145.9885 Y113.0403 Z19.9050 E0.02230 F600
G1 X146.3318 Y113.3196 Z19.7050 E0.04361 F600
G1 X147.0069 Y114.1918 Z19.5050 E0.10066 F600
G1 X147.7018 Y115.6528 Z19.3586 E0.14588 F600
G1 X148.0000 Y117.5000 Z19.3050 E0.16810 F600
G1 X147.7018 Y119.3472 Z19.3586 E0.16810 F600
G1 X147.0069 Y120.8082 Z19.5050 E0.14588 F600
G1 X146.3318 Y121.6804 Z19.7050 E0.10066 F600
G1 X145.9885 Y121.9597 Z19.9050 E0.04361 F600
G1 X146.0343 Y121.7645 Z20.0514 E0.02230 F600
G1 X146.3214 Y121.2944 Z20.1050 E0.04970 F600
; row 38/57
G1 X147.5118 Y116.9761 Z20.5514 E0.40425 F600
G1 X147.5826 Y116.7663 Z20.4050 E0.02384 F600
G1 X147.7378 Y117.1042 Z20.2050 E0.03791 F600
G1 X147.8486 Y118.0843 Z20.0050 E0.09038 F600
G1 X147.6216 Y119.6063 Z19.8586 E0.13882 F600
G1 X146.8171 Y121.3597 Z19.8050 E0.17330 F600
G1 X145.5231 Y122.9471 Z19.8586 E0.18398 F600
G1 X144.1484 Y124.0934 Z20.0050 E0.16127 F600
G1 X143.1282 Y124.7279 Z20.2050 E0.10938 F600
G1 X142.6847 Y124.9109 Z20.4050 E0.04668 F600
G1 X142.7955 Y124.7534 Z20.5514 E0.02173 F600
G1 X143.2561 Y124.4013 Z20.6050 E0.05228 F600
G1 X143.7684 Y124.0495 Z20.5514 E0.05602 F600
G1 X144.0436 Y123.9230 Z20.4050 E0.03021 F600
G1 X143.8597 Y124.1945 Z20.2050 E0.03450 F600
G1 X143.0723 Y124.8825 Z20.0050 E0.09560 F600
G1 X141.6810 Y125.8262 Z19.8586 E0.15155 F600
G1 X139.9299 Y126.7908 Z19.8050 E0.17960 F600
G1 X138.2387 Y127.6150 Z19.8586 E0.16901 F600
G1 X136.9465 Y128.2338 Z20.0050 E0.12934 F600
G1 X136.1612 Y128.6023 Z20.2050 E0.07994 F600
G1 X135.8375 Y128.6920 Z20.4050 E0.03511 F600
G1 X135.8906 Y128.5502 Z20.5514 E0.01892 F600
G1 X136.2086 Y128.3014 Z20.6050 E0.03658 F600
G1 X136.6081 Y128.0918 Z20.5514 E0.04080 F600
G1 X136.8418 Y128.0468 Z20.4050 E0.02510 F600
G1 X136.7022 Y128.2538 Z20.2050 E0.02873 F600
G1 X136.1487 Y128.7509 Z20.0050 E0.06919 F600
G1 X135.3532 Y129.5421 Z19.8586 E0.10161 F600
G1 X134.5876 Y130.6118 Z19.8050 E0.11822 F600
G1 X134.0192 Y131.8599 Z19.8586 E0.12325 F600
G1 X133.6425 Y133.0328 Z20.0050 E0.11140 F600
G1 X133.3977 Y133.8195 Z20.2050 E0.07614 F600
G1 X133.2611 Y134.0492 Z20.4050 E0.02997 F600
G1 X133.2277 Y133.7865 Z20.5514 E0.02717 F600
G1 X133.2812 Y133.2812 Z20.6050 E0.04588 F600
G1 X133.3876 Y132.8424 Z20.5514 E0.04083 F600
G1 X133.4887 Y132.7274 Z20.4050 E0.01903 F600
G1 X133.5213 Y133.1073 Z20.2050 E0.03867 F600
G1 X133.4568 Y134.0832 Z20.0050 E0.08965 F600
G1 X133.2879 Y135.6619 Z19.8586 E0.14318 F600
G1 X132.9702 Y137.6612 Z19.8050 E0.18186 F600
G1 X132.4572 Y139.6750 Z19.8586 E0.18668 F600
G1 X131.8299 Y141.2522 Z20.0050 E0.15299 F600
G1 X131.3036 Y142.1481 Z20.2050 E0.09502 F600
G1 X131.0637 Y142.3746 Z20.4050 E0.03465 F600
G1 X131.1302 Y142.0896 Z20.5514 E0.02939 F600
G1 X131.3750 Y141.5322 Z20.6050 E0.05488 F600
G1 X131.6302 Y141.0166 Z20.5514 E0.05189 F600
G1 X131.7663 Y140.8746 Z20.4050 E0.02202 F600
G1 X131.6834 Y141.3402 Z20.2050 E0.04611 F600
G1 X131.2670 Y142.4419 Z20.0050 E0.10728 F600
G1 X130.3941 Y143.9369 Z19.8586 E0.15602 F600
G1 X129.0408 Y145.3619 Z19.8050 E0.17655 F600
G1 X127.4133 Y146.2905 Z19.8586 E0.16833 F600
G1 X125.9078 Y146.6241 Z20.0050 E0.13910 F600
G1 X124.8874 Y146.5878 Z20.2050 E0.09344 F600
G1 X124.5082 Y146.4619 Z20.4050 E0.04012 F600
G1 X124.7001 Y146.3780 Z20.5514 E0.02295 F600
G1 X125.2249 Y146.3297 Z20.6050 E0.04757 F600
G1 X125.7595 Y146.3043 Z20.5514 E0.04830 F600
G1 X125.9917 Y146.3576 Z20.4050 E0.02511 F600
G1 X125.6876 Y146.5311 Z20.2050 E0.03621 F600
G1 X124.7269 Y146.7089 Z20.0050 E0.08956 F600
G1 X123.1580 Y146.6079 Z19.8586 E0.14179 F600
G1 X121.2512 Y145.9936 Z19.8050 E0.17996 F600
G1 X119.4187 Y144.9386 Z19.8586 E0.18995 F600
G1 X118.0064 Y143.8026 Z20.0050 E0.16330 F600
G1 X117.1668 Y142.9535 Z20.2050 E0.10872 F600
G1 X116.8886 Y142.5703 Z20.4050 E0.04617 F600
G1 X117.0612 Y142.6375 Z20.5514 E0.02121 F600
G1 X117.5000 Y143.0000 Z20.6050 E0.05134 F600
G1 X117.9525 Y143.4217 Z20.5514 E0.05575 F600
G1 X118.1381 Y143.6645 Z20.4050 E0.03043 F600
G1 X117.8409 Y143.5421 Z20.2050 E0.03400 F600
G1 X117.0103 Y142.9379 Z20.0050 E0.09397 F600
G1 X115.7960 Y141.8679 Z19.8586 E0.14593 F600
G1 X114.4639 Y140.5616 Z19.8050 E0.16762 F600
G1 X113.2487 Y139.3710 Z19.8586 E0.15285 F600
G1 X112.2976 Y138.5263 Z20.0050 E0.11498 F600
G1 X111.7084 Y138.0354 Z20.2050 E0.07118 F600
G1 X111.5242 Y137.8080 Z20.4050 E0.03184 F600
G1 X111.6835 Y137.7844 Z20.5514 E0.01955 F600
G1 X112.0251 Y137.9326 Z20.6050 E0.03378 F600
G1 X112.3459 Y138.1720 Z20.5514 E0.03627 F600
G1 X112.4546 Y138.3505 Z20.4050 E0.02291 F600
G1 X112.2105 Y138.3276 Z20.2050 E0.02842 F600
G1 X111.5543 Y138.0955 Z20.0050 E0.06503 F600
G1 X110.5056 Y137.8132 Z19.8586 E0.09841 F600
G1 X109.1412 Y137.6799 Z19.8050 E0.12320 F600
G1 X107.6282 Y137.7402 Z19.8586 E0.13607 F600
G1 X106.2594 Y137.8647 Z20.0050 E0.12412 F600
G1 X105.3518 Y137.9192 Z20.2050 E0.08360 F600
G1 X105.0668 Y137.8712 Z20.4050 E0.03157 F600
G1 X105.3288 Y137.7563 Z20.5514 E0.02886 F600
G1 X105.8750 Y137.6351 Z20.6050 E0.05048 F600
G1 X106.3725 Y137.5746 Z20.5514 E0.04526 F600
G1 X106.5285 Y137.6208 Z20.4050 E0.01966 F600
G1 X106.1396 Y137.7855 Z20.2050 E0.04196 F600
G1 X105.0970 Y138.0583 Z20.0050 E0.09843 F600
G1 X103.4167 Y138.3794 Z19.8586 E0.15419 F600
G1 X101.3146 Y138.5932 Z19.8050 E0.18980 F600
G1 X99.2168 Y138.5325 Z19.8586 E0.18853 F600
G1 X97.5751 Y138.2071 Z20.0050 E0.15086 F600
G1 X96.6318 Y137.8289 Z20.2050 E0.09302 F600
G1 X96.3767 Y137.6175 Z20.4050 E0.03475 F600
G1 X96.6530 Y137.6317 Z20.5514 E0.02811 F600
G1 X97.2188 Y137.7812 Z20.6050 E0.05277 F600
G1 X97.7536 Y137.9480 Z20.5514 E0.05054 F600
G1 X97.9163 Y138.0629 Z20.4050 E0.02220 F600
G1 X97.4615 Y138.0701 Z20.2050 E0.04462 F600
G1 X96.3522 Y137.8489 Z20.0050 E0.10315 F600
G1 X94.8248 Y137.2112 Z19.8586 E0.14922 F600
G1 X93.3333 Y136.0438 Z19.8050 E0.17016 F600
G1 X92.2988 Y134.4984 Z19.8586 E0.16707 F600
G1 X91.8382 Y132.9819 Z20.0050 E0.14293 F600
G1 X91.7687 Y131.9102 Z20.2050 E0.09810 F600
G1 X91.8464 Y131.4884 Z20.4050 E0.04250 F600
G1 X91.9439 Y131.6660 Z20.5514 E0.02244 F600
G1 X92.0414 Y132.1986 Z20.6050 E0.04886 F600
G1 X92.1177 Y132.7512 Z20.5514 E0.05033 F600
G1 X92.0917 Y133.0075 Z20.4050 E0.02661 F600
G1 X91.9018 Y132.7293 Z20.2050 E0.03518 F600
G1 X91.6399 Y131.7738 Z20.0050 E0.09077 F600
G1 X91.5617 Y130.1510 Z19.8586 E0.14650 F600
G1 X91.8881 Y128.1088 Z19.8050 E0.18579 F600
G1 X92.5774 Y126.0816 Z19.8586 E0.19234 F600
G1 X93.3527 Y124.4711 Z20.0050 E0.16105 F600
G1 X93.9443 Y123.4824 Z20.2050 E0.10501 F600
G1 X94.2312 Y123.1305 Z20.4050 E0.04455 F600
G1 X94.2183 Y123.3048 Z20.5514 E0.02047 F600
G1 X93.9939 Y123.7984 Z20.6050 E0.04894 F600
G1 X93.7068 Y124.3226 Z20.5514 E0.05388 F600
G1 X93.5191 Y124.5567 Z20.4050 E0.02998 F600
G1 X93.5617 Y124.2513 Z20.2050 E0.03300 F600
G1 X93.9132 Y123.3359 Z20.0050 E0.08987 F600
G1 X94.5442 Y121.9621 Z19.8586 E0.13639 F600
G1 X95.2620 Y120.4277 Z19.8050 E0.15220 F600
G1 X95.8151 Y119.0164 Z19.8586 E0.13621 F600
G1 X96.1081 Y117.9118 Z20.0050 E0.10346 F600
G1 X96.2422 Y117.2217 Z20.2050 E0.06564 F600
G1 X96.3479 Y116.9841 Z20.4050 E0.02946 F600
G1 X96.4526 Y117.1326 Z20.5514 E0.02095 F600
G1 X96.5000 Y117.5000 Z20.6050 E0.03361 F600
G1 X96.4526 Y117.8674 Z20.5514 E0.03361 F600
G1 X96.3479 Y118.0159 Z20.4050 E0.02095 F600
G1 X96.2422 Y117.7783 Z20.2050 E0.02946 F600
G1 X96.1081 Y117.0882 Z20.0050 E0.06564 F600
G1 X95.8151 Y115.9836 Z19.8586 E0.10346 F600
G1 X95.2620 Y114.5723 Z19.8050 E0.13621 F600
G1 X94.5442 Y113.0379 Z19.8586 E0.15220 F600
G1 X93.9132 Y111.6641 Z20.0050 E0.13639 F600
G1 X93.5617 Y110.7487 Z20.2050 E0.08987 F600
G1 X93.5191 Y110.4433 Z20.4050 E0.03300 F600
G1 X93.7068 Y110.6774 Z20.5514 E0.02998 F600
G1 X93.9939 Y111.2016 Z20.6050 E0.05388 F600
G1 X94.2183 Y111.6952 Z20.5514 E0.04894 F600
G1 X94.2312 Y111.8695 Z20.4050 E0.02047 F600
G1 X93.9443 Y111.5176 Z20.2050 E0.04455 F600
G1 X93.3527 Y110.5289 Z20.0050 E0.10501 F600
G1 X92.5774 Y108.9184 Z19.8586 E0.16105 F600
G1 X91.8881 Y106.8912 Z19.8050 E0.19234 F600
G1 X91.5617 Y104.8490 Z19.8586 E0.18579 F600
G1 X91.6399 Y103.2262 Z20.0050 E0.14650 F600
G1 X91.9018 Y102.2707 Z20.2050 E0.09077 F600
G1 X92.0917 Y101.9925 Z20.4050 E0.03518 F600
G1 X92.1177 Y102.2488 Z20.5514 E0.02661 F600
G1 X92.0414 Y102.8014 Z20.6050 E0.05033 F600
G1 X91.9439 Y103.3340 Z20.5514 E0.04886 F600
G1 X91.8464 Y103.5116 Z20.4050 E0.02244 F600
G1 X91.7687 Y103.0898 Z20.2050 E0.04250 F600
G1 X91.8382 Y102.0181 Z20.0050 E0.09810 F600
G1 X92.2988 Y100.5016 Z19.8586 E0.14293 F600
G1 X93.3333 Y98.9562 Z19.8050 E0.16707 F600
G1 X94.8248 Y97.7888 Z19.8586 E0.17016 F600
G1 X96.3522 Y97.1511 Z20.0050 E0.14922 F600
G1 X97.4615 Y96.9299 Z20.2050 E0.10315 F600
G1 X97.9163 Y96.9371 Z20.4050 E0.04462 F600
G1 X97.7536 Y97.0520 Z20.5514 E0.02220 F600
G1 X97.2188 Y97.2188 Z20.6050 E0.05054 F600
G1 X96.6530 Y97.3683 Z20.5514 E0.05277 F600
G1 X96.3767 Y97.3825 Z20.4050 E0.02811 F600
G1 X96.6318 Y97.1711 Z20.2050 E0.03475 F600
G1 X97.5751 Y96.7929 Z20.0050 E0.09302 F600
G1 X99.2168 Y96.4675 Z19.8586 E0.15086 F600
G1 X101.3146 Y96.4068 Z19.8050 E0.18853 F600
G1 X103.4167 Y96.6206 Z19.8586 E0.18980 F600
G1 X105.0970 Y96.9417 Z20.0050 E0.15419 F600
G1 X106.1396 Y97.2145 Z20.2050 E0.09843 F600
G1 X106.5285 Y97.3792 Z20.4050 E0.04196 F600
G1 X106.3725 Y97.4254 Z20.5514 E0.01966 F600
G1 X105.8750 Y97.3649 Z20.6050 E0.04526 F600
G1 X105.3288 Y97.2437 Z20.5514 E0.05048 F600
G1 X105.0668 Y97.1288 Z20.4050 E0.02886 F600
G1 X105.3518 Y97.0808 Z20.2050 E0.03157 F600
G1 X106.2594 Y97.1353 Z20.0050 E0.08360 F600
G1 X107.6282 Y97.2598 Z19.8586 E0.12412 F600
G1 X109.1412 Y97.3201 Z19.8050 E0.13607 F600
G1 X110.5056 Y97.1868 Z19.8586 E0.12320 F600
G1 X111.5543 Y96.9045 Z20.0050 E0.09841 F600
G1 X112.2105 Y96.6724 Z20.2050 E0.06503 F600
G1 X112.4546 Y96.6495 Z20.4050 E0.02842 F600
G1 X112.3459 Y96.8280 Z20.5514 E0.02291 F600
G1 X112.0251 Y97.0674 Z20.6050 E0.03627 F600
G1 X111.6835 Y97.2156 Z20.5514 E0.03378 F600
G1 X111.5242 Y97.1920 Z20.4050 E0.01955 F600
G1 X111.7084 Y96.9646 Z20.2050 E0.03184 F600
G1 X112.2976 Y96.4737 Z20.0050 E0.07118 F600
G1 X113.2487 Y95.6290 Z19.8586 E0.11498 F600
G1 X114.4639 Y94.4384 Z19.8050 E0.15285 F600
G1 X115.7960 Y93.1321 Z19.8586 E0.16762 F600
G1 X117.0103 Y92.0621 Z20.0050 E0.14593 F600
G1 X117.8409 Y91.4579 Z20.2050 E0.09397 F600
G1 X118.1381 Y91.3355 Z20.4050 E0.03400 F600
G1 X117.9525 Y91.5783 Z20.5514 E0.03043 F600
G1 X117.5000 Y92.0000 Z20.6050 E0.05575 F600
G1 X117.0612 Y92.3625 Z20.5514 E0.05134 F600
G1 X116.8886 Y92.4297 Z20.4050 E0.02121 F600
G1 X117.1668 Y92.0465 Z20.2050 E0.04617 F600
G1 X118.0064 Y91.1974 Z20.0050 E0.10872 F600
G1 X119.4187 Y90.0614 Z19.8586 E0.16330 F600
G1 X121.2512 Y89.0064 Z19.8050 E0.18995 F600
G1 X123.1580 Y88.3921 Z19.8586 E0.17996 F600
G1 X124.7269 Y88.2911 Z20.0050 E0.14179 F600
G1 X125.6876 Y88.4689 Z20.2050 E0.08956 F600
G1 X125.9917 Y88.6424 Z20.4050 E0.03621 F600
G1 X125.7595 Y88.6957 Z20.5514 E0.02511 F600
G1 X125.2249 Y88.6703 Z20.6050 E0.04830 F600
G1 X124.7001 Y88.6220 Z20.5514 E0.04757 F600
G1 X124.5082 Y88.5381 Z20.4050 E0.02295 F600
G1 X124.8874 Y88.4122 Z20.2050 E0.04012 F600
G1 X125.9078 Y88.3759 Z20.0050 E0.09344 F600
G1 X127.4133 Y88.7095 Z19.8586 E0.13910 F600
G1 X129.0408 Y89.6381 Z19.8050 E0.16833 F600
G1 X130.3941 Y91.0631 Z19.8586 E0.17655 F600
G1 X131.2670 Y92.5581 Z20.0050 E0.15602 F600
G1 X131.6834 Y93.6598 Z20.2050 E0.10728 F600
G1 X131.7663 Y94.1254 Z20.4050 E0.04611 F600
G1 X131.6302 Y93.9834 Z20.5514 E0.02202 F600
G1 X131.3750 Y93.4678 Z20.6050 E0.05189 F600
G1 X131.1302 Y92.9104 Z20.5514 E0.05488 F600
G1 X131.0637 Y92.6254 Z20.4050 E0.02939 F600
G1 X131.3036 Y92.8519 Z20.2050 E0.03465 F600
G1 X131.8299 Y93.7478 Z20.0050 E0.09502 F600
G1 X132.4572 Y95.3250 Z19.8586 E0.15299 F600
G1 X132.9702 Y97.3388 Z19.8050 E0.18668 F600
G1 X133.2879 Y99.3381 Z19.8586 E0.18186 F600
G1 X133.4568 Y100.9168 Z20.0050 E0.14318 F600
G1 X133.5213 Y101.8927 Z20.2050 E0.08965 F600
G1 X133.4887 Y102.2726 Z20.4050 E0.03867 F600
G1 X133.3876 Y102.1576 Z20.5514 E0.01903 F600
G1 X133.2812 Y101.7188 Z20.6050 E0.04083 F600
G1 X133.2277 Y101.2135 Z20.5514 E0.04588 F600
G1 X133.2611 Y100.9508 Z20.4050 E0.02717 F600
G1 X133.3977 Y101.1805 Z20.2050 E0.02997 F600
G1 X133.6425 Y101.9672 Z20.0050 E0.07614 F600
G1 X134.0192 Y103.1401 Z19.8586 E0.11140 F600
G1 X134.5876 Y104.3882 Z19.8050 E0.12325 F600
G1 X135.3532 Y105.4579 Z19.8586 E0.11822 F600
G1 X136.1487 Y106.2491 Z20.0050 E0.10161 F600
G1 X136.7022 Y106.7462 Z20.2050 E0.06919 F600
G1 X136.8418 Y106.9532 Z20.4050 E0.02873 F600
G1 X136.6081 Y106.9082 Z20.5514 E0.02510 F600
G1 X136.2086 Y106.6986 Z20.6050 E0.04080 F600
G1 X135.8906 Y106.4498 Z20.5514 E0.03658 F600
G1 X135.8375 Y106.3080 Z20.4050 E0.01892 F600
G1 X136.1612 Y106.3977 Z20.2050 E0.03511 F600
G1 X136.9465 Y106.7662 Z20.0050 E0.07994 F600
G1 X138.2387 Y107.3850 Z19.8586 E0.12934 F600
G1 X139.9299 Y108.2092 Z19.8050 E0.16901 F600
G1 X141.6810 Y109.1738 Z19.8586 E0.17960 F600
G1 X143.0723 Y110.1175 Z20.0050 E0.15155 F600
G1 X143.8597 Y110.8055 Z20.2050 E0.09560 F600
G1 X144.0436 Y111.0770 Z20.4050 E0.03450 F600
G1 X143.7684 Y110.9505 Z20.5514 E0.03021 F600
G1 X143.2561 Y110.5987 Z20.6050 E0.05602 F600
G1 X142.7955 Y110.2466 Z20.5514 E0.05228 F600
G1 X142.6847 Y110.0891 Z20.4050 E0.02173 F600
G1 X143.1282 Y110.2721 Z20.2050 E0.04668 F600
G1 X144.1484 Y110.9066 Z20.0050 E0.10938 F600
G1 X145.5231 Y112.0529 Z19.8586 E0.16127 F600
G1 X146.8171 Y113.6403 Z19.8050 E0.18398 F600
G1 X147.6216 Y115.3937 Z19.8586 E0.17330 F600
G1 X147.8486 Y116.9157 Z20.0050 E0.13882 F600
G1 X147.7378 Y117.8958 Z20.2050 E0.09038 F600
G1 X147.5826 Y118.2337 Z20.4050 E0.03791 F600
G1 X147.5118 Y118.0239 Z20.5514 E0.02384 F600
G1 X147.5000 Y117.5000 Z20.6050 E0.04730 F600
; row 39/57
G1 X146.6402 Y120.8201 Z21.0514 E0.31059 F600
G1 X146.8346 Y120.6365 Z20.9050 E0.02738 F600
G1 X146.7872 Y120.9664 Z20.7050 E0.03491 F600
G1 X146.3372 Y121.8627 Z20.5050 E0.09184 F600
G1 X145.3145 Y123.1589 Z20.3586 E0.14885 F600
G1 X143.7391 Y124.5307 Z20.3050 E0.18766 F600
G1 X141.9385 Y125.6770 Z20.3586 E0.19174 F600
G1 X140.3676 Y126.4604 Z20.5050 E0.15819 F600
G1 X139.3302 Y126.8790 Z20.7050 E0.10205 F600
G1 X138.9032 Y126.9833 Z20.9050 E0.04336 F600
G1 X139.0102 Y126.8529 Z21.0514 E0.02006 F600
G1 X139.4679 Y126.5994 Z21.1050 E0.04723 F600
G1 X139.9978 Y126.3621 Z21.0514 E0.05236 F600
G1 X140.2835 Y126.2928 Z20.9050 E0.02950 F600
G1 X140.0733 Y126.5059 Z20.7050 E0.03233 F600
G1 X139.2736 Y127.0139 Z20.5050 E0.08697 F600
G1 X138.0176 Y127.7297 Z20.3586 E0.13048 F600
G1 X136.6417 Y128.5514 Z20.3050 E0.14400 F600
G1 X135.4896 Y129.4070 Z20.3586 E0.12896 F600
G1 X134.7074 Y130.1851 Z20.5050 E0.09994 F600
G1 X134.2559 Y130.7093 Z20.7050 E0.06468 F600
G1 X134.0524 Y130.8547 Z20.9050 E0.02876 F600
G1 X134.0445 Y130.6601 Z21.0514 E0.02188 F600
G1 X134.1910 Y130.3074 Z21.1050 E0.03463 F600
G1 X134.4114 Y130.0137 Z21.0514 E0.03332 F600
G1 X134.5683 Y129.9477 Z20.9050 E0.02017 F600
G1 X134.5344 Y130.2202 Z20.7050 E0.03050 F600
G1 X134.2947 Y130.9084 Z20.5050 E0.06787 F600
G1 X133.9583 Y132.0610 Z20.3586 E0.10863 F600
G1 X133.6348 Y133.6348 Z20.3050 E0.14436 F600
G1 X133.3291 Y135.3915 Z20.3586 E0.16020 F600
G1 X133.0116 Y136.9291 Z20.5050 E0.14160 F600
G1 X132.7308 Y137.8965 Z20.7050 E0.09223 F600
G1 X132.5754 Y138.1713 Z20.9050 E0.03356 F600
G1 X132.5711 Y137.8675 Z21.0514 E0.03029 F600
G1 X132.6658 Y137.2645 Z21.1050 E0.05502 F600
G1 X132.7887 Y136.7205 Z21.0514 E0.05032 F600
G1 X132.8837 Y136.5673 Z20.9050 E0.02086 F600
G1 X132.8982 Y137.0325 Z20.7050 E0.04549 F600
G1 X132.7611 Y138.2019 Z20.5050 E0.10725 F600
G1 X132.3694 Y139.9653 Z20.3586 E0.16275 F600
G1 X131.6250 Y141.9652 Z20.3050 E0.19170 F600
G1 X130.5666 Y143.7075 Z20.3586 E0.18313 F600
G1 X129.4509 Y144.8507 Z20.5050 E0.14405 F600
G1 X128.6209 Y145.3747 Z20.7050 E0.08996 F600
G1 X128.2873 Y145.4517 Z20.9050 E0.03561 F600
G1 X128.4310 Y145.2499 Z21.0514 E0.02584 F600
G1 X128.8494 Y144.8999 Z21.1050 E0.04922 F600
G1 X129.2731 Y144.5762 Z21.0514 E0.04812 F600
G1 X129.4674 Y144.5096 Z20.9050 E0.02265 F600
G1 X129.2578 Y144.8670 Z20.7050 E0.04132 F600
G1 X128.5101 Y145.5986 Z20.5050 E0.09564 F600
G1 X127.1658 Y146.3880 Z20.3586 E0.14061 F600
G1 X125.3543 Y146.8126 Z20.3050 E0.16716 F600
G1 X123.4335 Y146.6643 Z20.3586 E0.17307 F600
G1 X121.8297 Y146.1192 Z20.5050 E0.15269 F600
G1 X120.8204 Y145.5542 Z20.7050 E0.10541 F600
G1 X120.4672 Y145.2517 Z20.9050 E0.04546 F600
G1 X120.6642 Y145.2717 Z21.0514 E0.02211 F600
G1 X121.1860 Y145.4978 Z21.1050 E0.05130 F600
G1 X121.7235 Y145.7598 Z21.0514 E0.05391 F600
G1 X121.9509 Y145.9320 Z20.9050 E0.02879 F600
G1 X121.6207 Y145.9199 Z20.7050 E0.03468 F600
G1 X120.6486 Y145.5827 Z20.5050 E0.09413 F600
G1 X119.1678 Y144.7687 Z20.3586 E0.15231 F600
G1 X117.5000 Y143.5000 Z20.3050 E0.18825 F600
G1 X115.9974 Y142.0674 Z20.3586 E0.18650 F600
G1 X114.8826 Y140.8451 Z20.5050 E0.14915 F600
G1 X114.2308 Y140.0472 Z20.7050 E0.09425 F600
G1 X114.0245 Y139.7013 Z20.9050 E0.04038 F600
G1 X114.1753 Y139.7463 Z21.0514 E0.01930 F600
G1 X114.5291 Y140.0659 Z21.1050 E0.04309 F600
G1 X114.8832 Y140.4671 Z21.0514 E0.04829 F600
G1 X115.0186 Y140.7078 Z20.9050 E0.02807 F600
G1 X114.7673 Y140.5888 Z20.7050 E0.03076 F600
G1 X114.0887 Y140.0486 Z20.5050 E0.07993 F600
G1 X113.0798 Y139.2262 Z20.3586 E0.11763 F600
G1 X111.8957 Y138.4155 Z20.3050 E0.12895 F600
G1 X110.6872 Y137.8613 Z20.3586 E0.11949 F600
G1 X109.6301 Y137.5845 Z20.5050 E0.09900 F600
G1 X108.9285 Y137.4507 Z20.7050 E0.06661 F600
G1 X108.7063 Y137.3469 Z20.9050 E0.02842 F600
G1 X108.9102 Y137.2553 Z21.0514 E0.02400 F600
G1 X109.3326 Y137.2179 Z21.1050 E0.03838 F600
G1 X109.7149 Y137.2637 Z21.0514 E0.03491 F600
G1 X109.8350 Y137.3612 Z20.9050 E0.01913 F600
G1 X109.5372 Y137.4590 Z20.7050 E0.03340 F600
G1 X108.7304 Y137.5700 Z20.5050 E0.07530 F600
G1 X107.3942 Y137.7692 Z20.3586 E0.12204 F600
G1 X105.6250 Y138.0681 Z20.3050 E0.16120 F600
G1 X103.7057 Y138.3409 Z20.3586 E0.17416 F600
G1 X102.0538 Y138.4529 Z20.5050 E0.14926 F600
G1 X101.0148 Y138.4113 Z20.7050 E0.09509 F600
G1 X100.7027 Y138.3193 Z20.9050 E0.03430 F600
G1 X100.9987 Y138.2450 Z21.0514 E0.03040 F600
G1 X101.6190 Y138.1965 Z21.1050 E0.05608 F600
G1 X102.1953 Y138.1831 Z21.0514 E0.05199 F600
G1 X102.3770 Y138.2366 Z20.9050 E0.02150 F600
G1 X101.9170 Y138.3681 Z20.7050 E0.04656 F600
G1 X100.7238 Y138.5130 Z20.5050 E0.10942 F600
G1 X98.9172 Y138.5040 Z20.3586 E0.16277 F600
G1 X96.8652 Y138.1348 Z20.3050 E0.18730 F600
G1 X95.0627 Y137.3508 Z20.3586 E0.17658 F600
G1 X93.8526 Y136.3794 Z20.5050 E0.13997 F600
G1 X93.2698 Y135.5936 Z20.7050 E0.08968 F600
G1 X93.1603 Y135.2507 Z20.9050 E0.03698 F600
G1 X93.3608 Y135.3621 Z21.0514 E0.02443 F600
G1 X93.7299 Y135.7394 Z21.1050 E0.04765 F600
G1 X94.0790 Y136.1299 Z21.0514 E0.04728 F600
G1 X94.1658 Y136.3264 Z20.9050 E0.02334 F600
G1 X93.8121 Y136.1741 Z20.7050 E0.03897 F600
G1 X93.0526 Y135.5223 Z20.5050 E0.09165 F600
G1 X92.1834 Y134.2567 Z20.3586 E0.13850 F600
G1 X91.6083 Y132.4486 Z20.3050 E0.17046 F600
G1 X91.5409 Y130.4427 Z20.3586 E0.18030 F600
G1 X91.8528 Y128.7065 Z20.5050 E0.15896 F600
G1 X92.2397 Y127.5779 Z20.7050 E0.10864 F600
G1 X92.4706 Y127.1595 Z20.9050 E0.04652 F600
G1 X92.4842 Y127.3540 Z21.0514 E0.02190 F600
G1 X92.3501 Y127.9174 Z21.1050 E0.05223 F600
G1 X92.1787 Y128.5100 Z21.0514 E0.05560 F600
G1 X92.0467 Y128.7778 Z20.9050 E0.02987 F600
G1 X92.0125 Y128.4503 Z20.7050 E0.03460 F600
G1 X92.1845 Y127.4196 Z20.5050 E0.09555 F600
G1 X92.6892 Y125.8016 Z20.3586 E0.15277 F600
G1 X93.5109 Y123.9279 Z20.3050 E0.18380 F600
G1 X94.4241 Y122.1948 Z20.3586 E0.17598 F600
G1 X95.1694 Y120.8783 Z20.5050 E0.13649 F600
G1 X95.6442 Y120.0868 Z20.7050 E0.08481 F600
G1 X95.8750 Y119.8121 Z20.9050 E0.03689 F600
G1 X95.9015 Y119.9608 Z21.0514 E0.01889 F600
G1 X95.7577 Y120.3624 Z21.1050 E0.03861 F600
G1 X95.5283 Y120.7837 Z21.0514 E0.04335 F600
G1 X95.3551 Y120.9667 Z20.9050 E0.02616 F600
G1 X95.3647 Y120.7095 Z20.7050 E0.02927 F600
G1 X95.5792 Y119.9577 Z20.5050 E0.07246 F600
G1 X95.8656 Y118.8232 Z20.3586 E0.10590 F600
G1 X96.0000 Y117.5000 Z20.3050 E0.11954 F600
G1 X95.8656 Y116.1768 Z20.3586 E0.11954 F600
G1 X95.5792 Y115.0423 Z20.5050 E0.10590 F600
G1 X95.3647 Y114.2905 Z20.7050 E0.07246 F600
G1 X95.3551 Y114.0333 Z20.9050 E0.02927 F600
G1 X95.5283 Y114.2163 Z21.0514 E0.02616 F600
G1 X95.7577 Y114.6376 Z21.1050 E0.04335 F600
G1 X95.9015 Y115.0392 Z21.0514 E0.03861 F600
G1 X95.8750 Y115.1879 Z20.9050 E0.01889 F600
G1 X95.6442 Y114.9132 Z20.7050 E0.03689 F600
G1 X95.1694 Y114.1217 Z20.5050 E0.08481 F600
G1 X94.4241 Y112.8052 Z20.3586 E0.13649 F600
G1 X93.5109 Y111.0721 Z20.3050 E0.17598 F600
G1 X92.6892 Y109.1984 Z20.3586 E0.18380 F600
G1 X92.1845 Y107.5804 Z20.5050 E0.15277 F600
G1 X92.0125 Y106.5497 Z20.7050 E0.09555 F600
G1 X92.0467 Y106.2222 Z20.9050 E0.03460 F600
G1 X92.1787 Y106.4900 Z21.0514 E0.02987 F600
G1 X92.3501 Y107.0826 Z21.1050 E0.05560 F600
G1 X92.4842 Y107.6460 Z21.0514 E0.05223 F600
G1 X92.4706 Y107.8405 Z20.9050 E0.02190 F600
G1 X92.2397 Y107.4221 Z20.7050 E0.04652 F600
G1 X91.8528 Y106.2935 Z20.5050 E0.10864 F600
G1 X91.5409 Y104.5573 Z20.3586 E0.15896 F600
G1 X91.6083 Y102.5514 Z20.3050 E0.18030 F600
G1 X92.1834 Y100.7433 Z20.3586 E0.17046 F600
G1 X93.0526 Y99.4777 Z20.5050 E0.13850 F600
G1 X93.8121 Y98.8259 Z20.7050 E0.09165 F600
G1 X94.1658 Y98.6736 Z20.9050 E0.03897 F600
G1 X94.0790 Y98.8701 Z21.0514 E0.02334 F600
G1 X93.7299 Y99.2606 Z21.1050 E0.04728 F600
G1 X93.3608 Y99.6379 Z21.0514 E0.04765 F600
G1 X93.1603 Y99.7493 Z20.9050 E0.02443 F600
G1 X93.2698 Y99.4064 Z20.7050 E0.03698 F600
G1 X93.8526 Y98.6206 Z20.5050 E0.08968 F600
G1 X95.0627 Y97.6492 Z20.3586 E0.13997 F600
G1 X96.8652 Y96.8652 Z20.3050 E0.17658 F600
G1 X98.9172 Y96.4960 Z20.3586 E0.18730 F600
G1 X100.7238 Y96.4870 Z20.5050 E0.16277 F600
G1 X101.9170 Y96.6319 Z20.7050 E0.10942 F600
G1 X102.3770 Y96.7634 Z20.9050 E0.04656 F600
G1 X102.1953 Y96.8169 Z21.0514 E0.02150 F600
G1 X101.6190 Y96.8035 Z21.1050 E0.05199 F600
G1 X100.9987 Y96.7550 Z21.0514 E0.05608 F600
G1 X100.7027 Y96.6807 Z20.9050 E0.03040 F600
G1 X101.0148 Y96.5887 Z20.7050 E0.03430 F600
G1 X102.0538 Y96.5471 Z20.5050 E0.09509 F600
G1 X103.7057 Y96.6591 Z20.3586 E0.14926 F600
G1 X105.6250 Y96.9319 Z20.3050 E0.17416 F600
G1 X107.3942 Y97.2308 Z20.3586 E0.16120 F600
G1 X108.7304 Y97.4300 Z20.5050 E0.12204 F600
G1 X109.5372 Y97.5410 Z20.7050 E0.07530 F600
G1 X109.8350 Y97.6388 Z20.9050 E0.03340 F600
G1 X109.7149 Y97.7363 Z21.0514 E0.01913 F600
G1 X109.3326 Y97.7821 Z21.1050 E0.03491 F600
G1 X108.9102 Y97.7447 Z21.0514 E0.03838 F600
G1 X108.7063 Y97.6531 Z20.9050 E0.02400 F600
G1 X108.9285 Y97.5493 Z20.7050 E0.02842 F600
G1 X109.6301 Y97.4155 Z20.5050 E0.06661 F600
G1 X110.6872 Y97.1387 Z20.3586 E0.09900 F600
G1 X111.8957 Y96.5845 Z20.3050 E0.11949 F600
G1 X113.0798 Y95.7738 Z20.3586 E0.12895 F600
G1 X114.0887 Y94.9514 Z20.5050 E0.11763 F600
G1 X114.7673 Y94.4112 Z20.7050 E0.07993 F600
G1 X115.0186 Y94.2922 Z20.9050 E0.03076 F600
G1 X114.8832 Y94.5329 Z21.0514 E0.02807 F600
G1 X114.5291 Y94.9341 Z21.1050 E0.04829 F600
G1 X114.1753 Y95.2537 Z21.0514 E0.04309 F600
G1 X114.0245 Y95.2987 Z20.9050 E0.01930 F600
G1 X114.2308 Y94.9528 Z20.7050 E0.04038 F600
G1 X114.8826 Y94.1549 Z20.5050 E0.09425 F600
G1 X115.9974 Y92.9326 Z20.3586 E0.14915 F600
G1 X117.5000 Y91.5000 Z20.3050 E0.18650 F600
G1 X119.1678 Y90.2313 Z20.3586 E0.18825 F600
G1 X120.6486 Y89.4173 Z20.5050 E0.15231 F600
G1 X121.6207 Y89.0801 Z20.7050 E0.09413 F600
G1 X121.9509 Y89.0680 Z20.9050 E0.03468 F600
G1 X121.7235 Y89.2402 Z21.0514 E0.02879 F600
G1 X121.1860 Y89.5022 Z21.1050 E0.05391 F600
G1 X120.6642 Y89.7283 Z21.0514 E0.05130 F600
G1 X120.4672 Y89.7483 Z20.9050 E0.02211 F600
G1 X120.8204 Y89.4458 Z20.7050 E0.04546 F600
G1 X121.8297 Y88.8808 Z20.5050 E0.10541 F600
G1 X123.4335 Y88.3357 Z20.3586 E0.15269 F600
G1 X125.3543 Y88.1874 Z20.3050 E0.17307 F600
G1 X127.1658 Y88.6120 Z20.3586 E0.16716 F600
G1 X128.5101 Y89.4014 Z20.5050 E0.14061 F600
G1 X129.2578 Y90.1330 Z20.7050 E0.09564 F600
G1 X129.4674 Y90.4904 Z20.9050 E0.04132 F600
G1 X129.2731 Y90.4238 Z21.0514 E0.02265 F600
G1 X128.8494 Y90.1001 Z21.1050 E0.04812 F600
G1 X128.4310 Y89.7501 Z21.0514 E0.04922 F600
G1 X128.2873 Y89.5483 Z20.9050 E0.02584 F600
G1 X128.6209 Y89.6253 Z20.7050 E0.03561 F600
G1 X129.4509 Y90.1493 Z20.5050 E0.08996 F600
G1 X130.5666 Y91.2925 Z20.3586 E0.14405 F600
G1 X131.6250 Y93.0348 Z20.3050 E0.18313 F600
G1 X132.3694 Y95.0347 Z20.3586 E0.19170 F600
G1 X132.7611 Y96.7981 Z20.5050 E0.16275 F600
G1 X132.8982 Y97.9675 Z20.7050 E0.10725 F600
G1 X132.8837 Y98.4327 Z20.9050 E0.04549 F600
G1 X132.7887 Y98.2795 Z21.0514 E0.02086 F600
G1 X132.6658 Y97.7355 Z21.1050 E0.05032 F600
G1 X132.5711 Y97.1325 Z21.0514 E0.05502 F600
G1 X132.5754 Y96.8287 Z20.9050 E0.03029 F600
G1 X132.7308 Y97.1035 Z20.7050 E0.03356 F600
G1 X133.0116 Y98.0709 Z20.5050 E0.09223 F600
G1 X133.3291 Y99.6085 Z20.3586 E0.14160 F600
G1 X133.6348 Y101.3652 Z20.3050 E0.16020 F600
G1 X133.9583 Y102.9390 Z20.3586 E0.14436 F600
G1 X134.2947 Y104.0916 Z20.5050 E0.10863 F600
G1 X134.5344 Y104.7798 Z20.7050 E0.06787 F600
G1 X134.5683 Y105.0523 Z20.9050 E0.03050 F600
G1 X134.4114 Y104.9863 Z21.0514 E0.02017 F600
G1 X134.1910 Y104.6926 Z21.1050 E0.03332 F600
G1 X134.0445 Y104.3399 Z21.0514 E0.03463 F600
G1 X134.0524 Y104.1453 Z20.9050 E0.02188 F600
G1 X134.2559 Y104.2907 Z20.7050 E0.02876 F600
G1 X134.7074 Y104.8149 Z20.5050 E0.06468 F600
G1 X135.4896 Y105.5930 Z20.3586 E0.09994 F600
G1 X136.6417 Y106.4486 Z20.3050 E0.12896 F600
G1 X138.0176 Y107.2703 Z20.3586 E0.14400 F600
G1 X139.2736 Y107.9861 Z20.5050 E0.13048 F600
G1 X140.0733 Y108.4941 Z20.7050 E0.08697 F600
G1 X140.2835 Y108.7072 Z20.9050 E0.03233 F600
G1 X139.9978 Y108.6379 Z21.0514 E0.02950 F600
G1 X139.4679 Y108.4006 Z21.1050 E0.05236 F600
G1 X139.0102 Y108.1471 Z21.0514 E0.04723 F600
G1 X138.9032 Y108.0167 Z20.9050 E0.02006 F600
G1 X139.3302 Y108.1210 Z20.7050 E0.04336 F600
G1 X140.3676 Y108.5396 Z20.5050 E0.10205 F600
G1 X141.9385 Y109.3230 Z20.3586 E0.15819 F600
G1 X143.7391 Y110.4693 Z20.3050 E0.19174 F600
G1 X145.3145 Y111.8411 Z20.3586 E0.18766 F600
G1 X146.3372 Y113.1373 Z20.5050 E0.14885 F600
G1 X146.7872 Y114.0336 Z20.7050 E0.09184 F600
G1 X146.8346 Y114.3635 Z20.9050 E0.03491 F600
G1 X146.6402 Y114.1799 Z21.0514 E0.02738 F600
G1 X146.3214 Y113.7056 Z21.1050 E0.05155 F600
G1 X146.0343 Y113.2355 Z21.0514 E0.04970 F600
G1 X145.9885 Y113.0403 Z20.9050 E0.02230 F600
G1 X146.3318 Y113.3196 Z20.7050 E0.04361 F600
G1 X147.0069 Y114.1918 Z20.5050 E0.10066 F600
G1 X147.7018 Y115.6528 Z20.3586 E0.14588 F600
G1 X148.0000 Y117.5000 Z20.3050 E0.16810 F600
G1 X147.7018 Y119.3472 Z20.3586 E0.16810 F600
G1 X147.0069 Y120.8082 Z20.5050 E0.14588 F600
G1 X146.3318 Y121.6804 Z20.7050 E0.10066 F600
G1 X145.9885 Y121.9597 Z20.9050 E0.04361 F600
G1 X146.0343 Y121.7645 Z21.0514 E0.02230 F600
G1 X146.3214 Y121.2944 Z21.1050 E0.04970 F600
; row 40/57
G1 X147.5118 Y116.9761 Z21.5514 E0.40425 F600
G1 X147.5826 Y116.7663 Z21.4050 E0.02384 F600
G1 X147.7378 Y117.1042 Z21.2050 E0.03791 F600
G1 X147.8486 Y118.0843 Z21.0050 E0.09038 F600
G1 X147.6216 Y119.6063 Z20.8586 E0.13882 F600
G1 X146.8171 Y121.3597 Z20.8050 E0.17330 F600
G1 X145.5231 Y122.9471 Z20.8586 E0.18398 F600
G1 X144.1484 Y124.0934 Z21.0050 E0.16127 F600
G1 X143.1282 Y124.7279 Z21.2050 E0.10938 F600
G1 X142.6847 Y124.9109 Z21.4050 E0.04668 F600
G1 X142.7955 Y124.7534 Z21.5514 E0.02173 F600
G1 X143.2561 Y124.4013 Z21.6050 E0.05228 F600
G1 X143.7684 Y124.0495 Z21.5514 E0.05602 F600
G1 X144.0436 Y123.9230 Z21.4050 E0.03021 F600
G1 X143.8597 Y124.1945 Z21.2050 E0.03450 F600
G1 X143.0723 Y124.8825 Z21.0050 E0.09560 F600
G1 X141.6810 Y125.8262 Z20.8586 E0.15155 F600
G1 X139.9299 Y126.7908 Z20.8050 E0.17960 F600
G1 X138.2387 Y127.6150 Z20.8586 E0.16901 F600
G1 X136.9465 Y128.2338 Z21.0050 E0.12934 F600
G1 X136.1612 Y128.6023 Z21.2050 E0.07994 F600
G1 X135.8375 Y128.6920 Z21.4050 E0.03511 F600
G1 X135.8906 Y128.5502 Z21.5514 E0.01892 F600
G1 X136.2086 Y128.3014 Z21.6050 E0.03658 F600
G1 X136.6081 Y128.0918 Z21.5514 E0.04080 F600
G1 X136.8418 Y128.0468 Z21.4050 E0.02510 F600
G1 X136.7022 Y128.2538 Z21.2050 E0.02873 F600
G1 X136.1487 Y128.7509 Z21.0050 E0.06919 F600
G1 X135.3532 Y129.5421 Z20.8586 E0.10161 F600
G1 X134.5876 Y130.6118 Z20.8050 E0.11822 F600
G1 X134.0192 Y131.8599 Z20.8586 E0.12325 F600
G1 X133.6425 Y133.0328 Z21.0050 E0.11140 F600
G1 X133.3977 Y133.8195 Z21.2050 E0.07614 F600
G1 X133.2611 Y134.0492 Z21.4050 E0.02997 F600
G1 X133.2277 Y133.7865 Z21.5514 E0.02717 F600
G1 X133.2812 Y133.2812 Z21.6050 E0.04588 F600
G1 X133.3876 Y132.8424 Z21.5514 E0.04083 F600
G1 X133.4887 Y132.7274 Z21.4050 E0.01903 F600
G1 X133.5213 Y133.1073 Z21.2050 E0.03867 F600
G1 X133.4568 Y134.0832 Z21.0050 E0.08965 F600
G1 X133.2879 Y135.6619 Z20.8586 E0.14318 F600
G1 X132.9702 Y137.6612 Z20.8050 E0.18186 F600
G1 X132.4572 Y139.6750 Z20.8586 E0.18668 F600
G1 X131.8299 Y141.2522 Z21.0050 E0.15299 F600
G1 X131.3036 Y142.1481 Z21.2050 E0.09502 F600
G1 X131.0637 Y142.3746 Z21.4050 E0.03465 F600
G1 X131.1302 Y142.0896 Z21.5514 E0.02939 F600
G1 X131.3750 Y141.5322 Z21.6050 E0.05488 F600
G1 X131.6302 Y141.0166 Z21.5514 E0.05189 F600
G1 X131.7663 Y140.8746 Z21.4050 E0.02202 F600
G1 X131.6834 Y141.3402 Z21.2050 E0.04611 F600
G1 X131.2670 Y142.4419 Z21.0050 E0.10728 F600
G1 X130.3941 Y143.9369 Z20.8586 E0.15602 F600
G1 X129.0408 Y145.3619 Z20.8050 E0.17655 F600
G1 X127.4133 Y146.2905 Z20.8586 E0.16833 F600
G1 X125.9078 Y146.6241 Z21.0050 E0.13910 F600
G1 X124.8874 Y146.5878 Z21.2050 E0.09344 F600
G1 X124.5082 Y146.4619 Z21.4050 E0.04012 F600
G1 X124.7001 Y146.3780 Z21.5514 E0.02295 F600
G1 X125.2249 Y146.3297 Z21.6050 E0.04757 F600
G1 X125.7595 Y146.3043 Z21.5514 E0.04830 F600
G1 X125.9917 Y146.3576 Z21.4050 E0.02511 F600
G1 X125.6876 Y146.5311 Z21.2050 E0.03621 F600
G1 X124.7269 Y146.7089 Z21.0050 E0.08956 F600
G1 X123.1580 Y146.6079 Z20.8586 E0.14179 F600
G1 X121.2512 Y145.9936 Z20.8050 E0.17996 F600
G1 X119.4187 Y144.9386 Z20.8586 E0.18995 F600
G1 X118.0064 Y143.8026 Z21.0050 E0.16330 F600
G1 X117.1668 Y142.9535 Z21.2050 E0.10872 F600
G1 X116.8886 Y142.5703 Z21.4050 E0.04617 F600
G1 X117.0612 Y142.6375 Z21.5514 E0.02121 F600
G1 X117.5000 Y143.0000 Z21.6050 E0.05134 F600
G1 X117.9525 Y143.4217 Z21.5514 E0.05575 F600
G1 X118.1381 Y143.6645 Z21.4050 E0.03043 F600
G1 X117.8409 Y143.5421 Z21.2050 E0.03400 F600
G1 X117.0103 Y142.9379 Z21.0050 E0.09397 F600
G1 X115.7960 Y141.8679 Z20.8586 E0.14593 F600
G1 X114.4639 Y140.5616 Z20.8050 E0.16762 F600
G1 X113.2487 Y139.3710 Z20.8586 E0.15285 F600
G1 X112.2976 Y138.5263 Z21.0050 E0.11498 F600
G1 X111.7084 Y138.0354 Z21.2050 E0.07118 F600
G1 X111.5242 Y137.8080 Z21.4050 E0.03184 F600
G1 X111.6835 Y137.7844 Z21.5514 E0.01955 F600
G1 X112.0251 Y137.9326 Z21.6050 E0.03378 F600
G1 X112.3459 Y138.1720 Z21.5514 E0.03627 F600
G1 X112.4546 Y138.3505 Z21.4050 E0.02291 F600
G1 X112.2105 Y138.3276 Z21.2050 E0.02842 F600
G1 X111.5543 Y138.0955 Z21.0050 E0.06503 F600
G1 X110.5056 Y137.8132 Z20.8586 E0.09841 F600
G1 X109.1412 Y137.6799 Z20.8050 E0.12320 F600
G1 X107.6282 Y137.7402 Z20.8586 E0.13607 F600
G1 X106.2594 Y137.8647 Z21.0050 E0.12412 F600
G1 X105.3518 Y137.9192 Z21.2050 E0.08360 F600
G1 X105.0668 Y137.8712 Z21.4050 E0.03157 F600
G1 X105.3288 Y137.7563 Z21.5514 E0.02886 F600
G1 X105.8750 Y137.6351 Z21.6050 E0.05048 F600
G1 X106.3725 Y137.5746 Z21.5514 E0.04526 F600
G1 X106.5285 Y137.6208 Z21.4050 E0.01966 F600
G1 X106.1396 Y137.7855 Z21.2050 E0.04196 F600
G1 X105.0970 Y138.0583 Z21.0050 E0.09843 F600
G1 X103.4167 Y138.3794 Z20.8586 E0.15419 F600
G1 X101.3146 Y138.5932 Z20.8050 E0.18980 F600
G1 X99.2168 Y138.5325 Z20.8586 E0.18853 F600
G1 X97.5751 Y138.2071 Z21.0050 E0.15086 F600
G1 X96.6318 Y137.8289 Z21.2050 E0.09302 F600
G1 X96.3767 Y137.6175 Z21.4050 E0.03475 F600
G1 X96.6530 Y137.6317 Z21.5514 E0.02811 F600
G1 X97.2188 Y137.7812 Z21.6050 E0.05277 F600
G1 X97.7536 Y137.9480 Z21.5514 E0.05054 F600
G1 X97.9163 Y138.0629 Z21.4050 E0.02220 F600
G1 X97.4615 Y138.0701 Z21.2050 E0.04462 F600
G1 X96.3522 Y137.8489 Z21.0050 E0.10315 F600
G1 X94.8248 Y137.2112 Z20.8586 E0.14922 F600
G1 X93.3333 Y136.0438 Z20.8050 E0.17016 F600
G1 X92.2988 Y134.4984 Z20.8586 E0.16707 F600
G1 X91.8382 Y132.9819 Z21.0050 E0.14293 F600
G1 X91.7687 Y131.9102 Z21.2050 E0.09810 F600
G1 X91.8464 Y131.4884 Z21.4050 E0.04250 F600
G1 X91.9439 Y131.6660 Z21.5514 E0.02244 F600
G1 X92.0414 Y132.1986 Z21.6050 E0.04886 F600
G1 X92.1177 Y132.7512 Z21.5514 E0.05033 F600
G1 X92.0917 Y133.0075 Z21.4050 E0.02661 F600
G1 X91.9018 Y132.7293 Z21.2050 E0.03518 F600
G1 X91.6399 Y131.7738 Z21.0050 E0.09077 F600
G1 X91.5617 Y130.1510 Z20.8586 E0.14650 F600
G1 X91.8881 Y128.1088 Z20.8050 E0.18579 F600
G1 X92.5774 Y126.0816 Z20.8586 E0.19234 F600
G1 X93.3527 Y124.4711 Z21.0050 E0.16105 F600
G1 X93.9443 Y123.4824 Z21.2050 E0.10501 F600
G1 X94.2312 Y123.1305 Z21.4050 E0.04455 F600
G1 X94.2183 Y123.3048 Z21.5514 E0.02047 F600
G1 X93.9939 Y123.7984 Z21.6050 E0.04894 F600
G1 X93.7068 Y124.3226 Z21.5514 E0.05388 F600
G1 X93.5191 Y124.5567 Z21.4050 E0.02998 F600
G1 X93.5617 Y124.2513 Z21.2050 E0.03300 F600
G1 X93.9132 Y123.3359 Z21.0050 E0.08987 F600
G1 X94.5442 Y121.9621 Z20.8586 E0.13639 F600
G1 X95.2620 Y120.4277 Z20.8050 E0.15220 F600
G1 X95.8151 Y119.0164 Z20.8586 E0.13621 F600
G1 X96.1081 Y117.9118 Z21.0050 E0.10346 F600
G1 X96.2422 Y117.2217 Z21.2050 E0.06564 F600
G1 X96.3479 Y116.9841 Z21.4050 E0.02946 F600
G1 X96.4526 Y117.1326 Z21.5514 E0.02095 F600
G1 X96.5000 Y117.5000 Z21.6050 E0.03361 F600
G1 X96.4526 Y117.8674 Z21.5514 E0.03361 F600
G1 X96.3479 Y118.0159 Z21.4050 E0.02095 F600
G1 X96.2422 Y117.7783 Z21.2050 E0.02946 F600
G1 X96.1081 Y117.0882 Z21.0050 E0.06564 F600
G1 X95.8151 Y115.9836 Z20.8586 E0.10346 F600
G1 X95.2620 Y114.5723 Z20.8050 E0.13621 F600
G1 X94.5442 Y113.0379 Z20.8586 E0.15220 F600
G1 X93.9132 Y111.6641 Z21.0050 E0.13639 F600
G1 X93.5617 Y110.7487 Z21.2050 E0.08987 F600
G1 X93.5191 Y110.4433 Z21.4050 E0.03300 F600
G1 X93.7068 Y110.6774 Z21.5514 E0.02998 F600
G1 X93.9939 Y111.2016 Z21.6050 E0.05388 F600
G1 X94.2183 Y111.6952 Z21.5514 E0.04894 F600
G1 X94.2312 Y111.8695 Z21.4050 E0.02047 F600
G1 X93.9443 Y111.5176 Z21.2050 E0.04455 F600
G1 X93.3527 Y110.5289 Z21.0050 E0.10501 F600
G1 X92.5774 Y108.9184 Z20.8586 E0.16105 F600
G1 X91.8881 Y106.8912 Z20.8050 E0.19234 F600
G1 X91.5617 Y104.8490 Z20.8586 E0.18579 F600
G1 X91.6399 Y103.2262 Z21.0050 E0.14650 F600
G1 X91.9018 Y102.2707 Z21.2050 E0.09077 F600
G1 X92.0917 Y101.9925 Z21.4050 E0.03518 F600
G1 X92.1177 Y102.2488 Z21.5514 E0.02661 F600
G1 X92.0414 Y102.8014 Z21.6050 E0.05033 F600
G1 X91.9439 Y103.3340 Z21.5514 E0.04886 F600
G1 X91.8464 Y103.5116 Z21.4050 E0.02244 F600
G1 X91.7687 Y103.0898 Z21.2050 E0.04250 F600
G1 X91.8382 Y102.0181 Z21.0050 E0.09810 F600
G1 X92.2988 Y100.5016 Z20.8586 E0.14293 F600
G1 X93.3333 Y98.9562 Z20.8050 E0.16707 F600
G1 X94.8248 Y97.7888 Z20.8586 E0.17016 F600
G1 X96.3522 Y97.1511 Z21.0050 E0.14922 F600
G1 X97.4615 Y96.9299 Z21.2050 E0.10315 F600
G1 X97.9163 Y96.9371 Z21.4050 E0.04462 F600
G1 X97.7536 Y97.0520 Z21.5514 E0.02220 F600
G1 X97.2188 Y97.2188 Z21.6050 E0.05054 F600
G1 X96.6530 Y97.3683 Z21.5514 E0.05277 F600
G1 X96.3767 Y97.3825 Z21.4050 E0.02811 F600
G1 X96.6318 Y97.1711 Z21.2050 E0.03475 F600
G1 X97.5751 Y96.7929 Z21.0050 E0.09302 F600
G1 X99.2168 Y96.4675 Z20.8586 E0.15086 F600
G1 X101.3146 Y96.4068 Z20.8050 E0.18853 F600
G1 X103.4167 Y96.6206 Z20.8586 E0.18980 F600
G1 X105.0970 Y96.9417 Z21.0050 E0.15419 F600
G1 X106.1396 Y97.2145 Z21.2050 E0.09843 F600
G1 X106.5285 Y97.3792 Z21.4050 E0.04196 F600
G1 X106.3725 Y97.4254 Z21.5514 E0.01966 F600
G1 X105.8750 Y97.3649 Z21.6050 E0.04526 F600
G1 X105.3288 Y97.2437 Z21.5514 E0.05048 F600
G1 X105.0668 Y97.1288 Z21.4050 E0.02886 F600
G1 X105.3518 Y97.0808 Z21.2050 E0.03157 F600
G1 X106.2594 Y97.1353 Z21.0050 E0.08360 F600
G1 X107.6282 Y97.2598 Z20.8586 E0.12412 F600
G1 X109.1412 Y97.3201 Z20.8050 E0.13607 F600
G1 X110.5056 Y97.1868 Z20.8586 E0.12320 F600
G1 X111.5543 Y96.9045 Z21.0050 E0.09841 F600
G1 X112.2105 Y96.6724 Z21.2050 E0.06503 F600
G1 X112.4546 Y96.6495 Z21.4050 E0.02842 F600
G1 X112.3459 Y96.8280 Z21.5514 E0.02291 F600
G1 X112.0251 Y97.0674 Z21.6050 E0.03627 F600
G1 X111.6835 Y97.2156 Z21.5514 E0.03378 F600
G1 X111.5242 Y97.1920 Z21.4050 E0.01955 F600
G1 X111.7084 Y96.9646 Z21.2050 E0.03184 F600
G1 X112.2976 Y96.4737 Z21.0050 E0.07118 F600
G1 X113.2487 Y95.6290 Z20.8586 E0.11498 F600
G1 X114.4639 Y94.4384 Z20.8050 E0.15285 F600
G1 X115.7960 Y93.1321 Z20.8586 E0.16762 F600
G1 X117.0103 Y92.0621 Z21.0050 E0.14593 F600
G1 X117.8409 Y91.4579 Z21.2050 E0.09397 F600
G1 X118.1381 Y91.3355 Z21.4050 E0.03400 F600
G1 X117.9525 Y91.5783 Z21.5514 E0.03043 F600
G1 X117.5000 Y92.0000 Z21.6050 E0.05575 F600
G1 X117.0612 Y92.3625 Z21.5514 E0.05134 F600
G1 X116.8886 Y92.4297 Z21.4050 E0.02121 F600
G1 X117.1668 Y92.0465 Z21.2050 E0.04617 F600
G1 X118.0064 Y91.1974 Z21.0050 E0.10872 F600
G1 X119.4187 Y90.0614 Z20.8586 E0.16330 F600
G1 X121.2512 Y89.0064 Z20.8050 E0.18995 F600
G1 X123.1580 Y88.3921 Z20.8586 E0.17996 F600
G1 X124.7269 Y88.2911 Z21.0050 E0.14179 F600
G1 X125.6876 Y88.4689 Z21.2050 E0.08956 F600
G1 X125.9917 Y88.6424 Z21.4050 E0.03621 F600
G1 X125.7595 Y88.6957 Z21.5514 E0.02511 F600
G1 X125.2249 Y88.6703 Z21.6050 E0.04830 F600
G1 X124.7001 Y88.6220 Z21.5514 E0.04757 F600
G1 X124.5082 Y88.5381 Z21.4050 E0.02295 F600
G1 X124.8874 Y88.4122 Z21.2050 E0.04012 F600
G1 X125.9078 Y88.3759 Z21.0050 E0.09344 F600
G1 X127.4133 Y88.7095 Z20.8586 E0.13910 F600
G1 X129.0408 Y89.6381 Z20.8050 E0.16833 F600
G1 X130.3941 Y91.0631 Z20.8586 E0.17655 F600
G1 X131.2670 Y92.5581 Z21.0050 E0.15602 F600
G1 X131.6834 Y93.6598 Z21.2050 E0.10728 F600
G1 X131.7663 Y94.1254 Z21.4050 E0.04611 F600
G1 X131.6302 Y93.9834 Z21.5514 E0.02202 F600
G1 X131.3750 Y93.4678 Z21.6050 E0.05189 F600
G1 X131.1302 Y92.9104 Z21.5514 E0.05488 F600
G1 X131.0637 Y92.6254 Z21.4050 E0.02939 F600
G1 X131.3036 Y92.8519 Z21.2050 E0.03465 F600
G1 X131.8299 Y93.7478 Z21.0050 E0.09502 F600
G1 X132.4572 Y95.3250 Z20.8586 E0.15299 F600
G1 X132.9702 Y97.3388 Z20.8050 E0.18668 F600
G1 X133.2879 Y99.3381 Z20.8586 E0.18186 F600
G1 X133.4568 Y100.9168 Z21.0050 E0.14318 F600
G1 X133.5213 Y101.8927 Z21.2050 E0.08965 F600
G1 X133.4887 Y102.2726 Z21.4050 E0.03867 F600
G1 X133.3876 Y102.1576 Z21.5514 E0.01903 F600
G1 X133.2812 Y101.7188 Z21.6050 E0.04083 F600
G1 X133.2277 Y101.2135 Z21.5514 E0.04588 F600
G1 X133.2611 Y100.9508 Z21.4050 E0.02717 F600
G1 X133.3977 Y101.1805 Z21.2050 E0.02997 F600
G1 X133.6425 Y101.9672 Z21.0050 E0.07614 F600
G1 X134.0192 Y103.1401 Z20.8586 E0.11140 F600
G1 X134.5876 Y104.3882 Z20.8050 E0.12325 F600
G1 X135.3532 Y105.4579 Z20.8586 E0.11822 F600
G1 X136.1487 Y106.2491 Z21.0050 E0.10161 F600
G1 X136.7022 Y106.7462 Z21.2050 E0.06919 F600
G1 X136.8418 Y106.9532 Z21.4050 E0.02873 F600
G1 X136.6081 Y106.9082 Z21.5514 E0.02510 F600
G1 X136.2086 Y106.6986 Z21.6050 E0.04080 F600
G1 X135.8906 Y106.4498 Z21.5514 E0.03658 F600
G1 X135.8375 Y106.3080 Z21.4050 E0.01892 F600
G1 X136.1612 Y106.3977 Z21.2050 E0.03511 F600
G1 X136.9465 Y106.7662 Z21.0050 E0.07994 F600
G1 X138.2387 Y107.3850 Z20.8586 E0.12934 F600
G1 X139.9299 Y108.2092 Z20.8050 E0.16901 F600
G1 X141.6810 Y109.1738 Z20.8586 E0.17960 F600
G1 X143.0723 Y110.1175 Z21.0050 E0.15155 F600
G1 X143.8597 Y110.8055 Z21.2050 E0.09560 F600
G1 X144.0436 Y111.0770 Z21.4050 E0.03450 F600
G1 X143.7684 Y110.9505 Z21.5514 E0.03021 F600
G1 X143.2561 Y110.5987 Z21.6050 E0.05602 F600
G1 X142.7955 Y110.2466 Z21.5514 E0.05228 F600
G1 X142.6847 Y110.0891 Z21.4050 E0.02173 F600
G1 X143.1282 Y110.2721 Z21.2050 E0.04668 F600
G1 X144.1484 Y110.9066 Z21.0050 E0.10938 F600
G1 X145.5231 Y112.0529 Z20.8586 E0.16127 F600
G1 X146.8171 Y113.6403 Z20.8050 E0.18398 F600
G1 X147.6216 Y115.3937 Z20.8586 E0.17330 F600
G1 X147.8486 Y116.9157 Z21.0050 E0.13882 F600
G1 X147.7378 Y117.8958 Z21.2050 E0.09038 F600
G1 X147.5826 Y118.2337 Z21.4050 E0.03791 F600
G1 X147.5118 Y118.0239 Z21.5514 E0.02384 F600
G1 X147.5000 Y117.5000 Z21.6050 E0.04730 F600
; row 41/57
G1 X146.6402 Y120.8201 Z22.0514 E0.31059 F600
G1 X146.8346 Y120.6365 Z21.9050 E0.02738 F600
G1 X146.7872 Y120.9664 Z21.7050 E0.03491 F600
G1 X146.3372 Y121.8627 Z21.5050 E0.09184 F600
G1 X145.3145 Y123.1589 Z21.3586 E0.14885 F600
G1 X143.7391 Y124.5307 Z21.3050 E0.18766 F600
G1 X141.9385 Y125.6770 Z21.3586 E0.19174 F600
G1 X140.3676 Y126.4604 Z21.5050 E0.15819 F600
G1 X139.3302 Y126.8790 Z21.7050 E0.10205 F600
G1 X138.9032 Y126.9833 Z21.9050 E0.04336 F600
G1 X139.0102 Y126.8529 Z22.0514 E0.02006 F600
G1 X139.4679 Y126.5994 Z22.1050 E0.04723 F600
G1 X139.9978 Y126.3621 Z22.0514 E0.05236 F600
G1 X140.2835 Y126.2928 Z21.9050 E0.02950 F600
G1 X140.0733 Y126.5059 Z21.7050 E0.03233 F600
G1 X139.2736 Y127.0139 Z21.5050 E0.08697 F600
G1 X138.0176 Y127.7297 Z21.3586 E0.13048 F600
G1 X136.6417 Y128.5514 Z21.3050 E0.14400 F600
G1 X135.4896 Y129.4070 Z21.3586 E0.12896 F600
G1 X134.7074 Y130.1851 Z21.5050 E0.09994 F600
G1 X134.2559 Y130.7093 Z21.7050 E0.06468 F600
G1 X134.0524 Y130.8547 Z21.9050 E0.02876 F600
G1 X134.0445 Y130.6601 Z22.0514 E0.02188 F600
G1 X134.1910 Y130.3074 Z22.1050 E0.03463 F600
G1 X134.4114 Y130.0137 Z22.0514 E0.03332 F600
G1 X134.5683 Y129.9477 Z21.9050 E0.02017 F600
G1 X134.5344 Y130.2202 Z21.7050 E0.03050 F600
G1 X134.2947 Y130.9084 Z21.5050 E0.06787 F600
G1 X133.9583 Y132.0610 Z21.3586 E0.10863 F600
G1 X133.6348 Y133.6348 Z21.3050 E0.14436 F600
G1 X133.3291 Y135.3915 Z21.3586 E0.16020 F600
G1 X133.0116 Y136.9291 Z21.5050 E0.14160 F600
G1 X132.7308 Y137.8965 Z21.7050 E0.09223 F600
G1 X132.5754 Y138.1713 Z21.9050 E0.03356 F600
G1 X132.5711 Y137.8675 Z22.0514 E0.03029 F600
G1 X132.6658 Y137.2645 Z22.1050 E0.05502 F600
G1 X132.7887 Y136.7205 Z22.0514 E0.05032 F600
G1 X132.8837 Y136.5673 Z21.9050 E0.02086 F600
G1 X132.8982 Y137.0325 Z21.7050 E0.04549 F600
G1 X132.7611 Y138.2019 Z21.5050 E0.10725 F600
G1 X132.3694 Y139.9653 Z21.3586 E0.16275 F600
G1 X131.6250 Y141.9652 Z21.3050 E0.19170 F600
G1 X130.5666 Y143.7075 Z21.3586 E0.18313 F600
G1 X129.4509 Y144.8507 Z21.5050 E0.14405 F600
G1 X128.6209 Y145.3747 Z21.7050 E0.08996 F600
G1 X128.2873 Y145.4517 Z21.9050 E0.03561 F600
G1 X128.4310 Y145.2499 Z22.0514 E0.02584 F600
G1 X128.8494 Y144.8999 Z22.1050 E0.04922 F600
G1 X129.2731 Y144.5762 Z22.0514 E0.04812 F600
G1 X129.4674 Y144.5096 Z21.9050 E0.02265 F600
G1 X129.2578 Y144.8670 Z21.7050 E0.04132 F600
G1 X128.5101 Y145.5986 Z21.5050 E0.09564 F600
G1 X127.1658 Y146.3880 Z21.3586 E0.14061 F600
G1 X125.3543 Y146.8126 Z21.3050 E0.16716 F600
G1 X123.4335 Y146.6643 Z21.3586 E0.17307 F600
G1 X121.8297 Y146.1192 Z21.5050 E0.15269 F600
G1 X120.8204 Y145.5542 Z21.7050 E0.10541 F600
G1 X120.4672 Y145.2517 Z21.9050 E0.04546 F600
G1 X120.6642 Y145.2717 Z22.0514 E0.02211 F600
G1 X121.1860 Y145.4978 Z22.1050 E0.05130 F600
G1 X121.7235 Y145.7598 Z22.0514 E0.05391 F600
G1 X121.9509 Y145.9320 Z21.9050 E0.02879 F600
G1 X121.6207 Y145.9199 Z21.7050 E0.03468 F600
G1 X120.6486 Y145.5827 Z21.5050 E0.09413 F600
G1 X119.1678 Y144.7687 Z21.3586 E0.15231 F600
G1 X117.5000 Y143.5000 Z21.3050 E0.18825 F600
G1 X115.9974 Y142.0674 Z21.3586 E0.18650 F600
G1 X114.8826 Y140.8451 Z21.5050 E0.14915 F600
G1 X114.2308 Y140.0472 Z21.7050 E0.09425 F600
G1 X114.0245 Y139.7013 Z21.9050 E0.04038 F600
G1 X114.1753 Y139.7463 Z22.0514 E0.01930 F600
G1 X114.5291 Y140.0659 Z22.1050 E0.04309 F600
G1 X114.8832 Y140.4671 Z22.0514 E0.04829 F600
G1 X115.0186 Y140.7078 Z21.9050 E0.02807 F600
G1 X114.7673 Y140.5888 Z21.7050 E0.03076 F600
G1 X114.0887 Y140.0486 Z21.5050 E0.07993 F600
G1 X113.0798 Y139.2262 Z21.3586 E0.11763 F600
G1 X111.8957 Y138.4155 Z21.3050 E0.12895 F600
G1 X110.6872 Y137.8613 Z21.3586 E0.11949 F600
G1 X109.6301 Y137.5845 Z21.5050 E0.09900 F600
G1 X108.9285 Y137.4507 Z21.7050 E0.06661 F600
G1 X108.7063 Y137.3469 Z21.9050 E0.02842 F600
G1 X108.9102 Y137.2553 Z22.0514 E0.02400 F600
G1 X109.3326 Y137.2179 Z22.1050 E0.03838 F600
G1 X109.7149 Y137.2637 Z22.0514 E0.03491 F600
G1 X109.8350 Y137.3612 Z21.9050 E0.01913 F600
G1 X109.5372 Y137.4590 Z21.7050 E0.03340 F600
G1 X108.7304 Y137.5700 Z21.5050 E0.07530 F600
G1 X107.3942 Y137.7692 Z21.3586 E0.12204 F600
G1 X105.6250 Y138.0681 Z21.3050 E0.16120 F600
G1 X103.7057 Y138.3409 Z21.3586 E0.17416 F600
G1 X102.0538 Y138.4529 Z21.5050 E0.14926 F600
G1 X101.0148 Y138.4113 Z21.7050 E0.09509 F600
G1 X100.7027 Y138.3193 Z21.9050 E0.03430 F600
G1 X100.9987 Y138.2450 Z22.0514 E0.03040 F600
G1 X101.6190 Y138.1965 Z22.1050 E0.05608 F600
G1 X102.1953 Y138.1831 Z22.0514 E0.05199 F600
G1 X102.3770 Y138.2366 Z21.9050 E0.02150 F600
G1 X101.9170 Y138.3681 Z21.7050 E0.04656 F600
G1 X100.7238 Y138.5130 Z21.5050 E0.10942 F600
G1 X98.9172 Y138.5040 Z21.3586 E0.16277 F600
G1 X96.8652 Y138.1348 Z21.3050 E0.18730 F600
G1 X95.0627 Y137.3508 Z21.3586 E0.17658 F600
G1 X93.8526 Y136.3794 Z21.5050 E0.13997 F600
G1 X93.2698 Y135.5936 Z21.7050 E0.08968 F600
G1 X93.1603 Y135.2507 Z21.9050 E0.03698 F600
G1 X93.3608 Y135.3621 Z22.0514 E0.02443 F600
G1 X93.7299 Y135.7394 Z22.1050 E0.04765 F600
G1 X94.0790 Y136.1299 Z22.0514 E0.04728 F600
G1 X94.1658 Y136.3264 Z21.9050 E0.02334 F600
G1 X93.8121 Y136.1741 Z21.7050 E0.03897 F600
G1 X93.0526 Y135.5223 Z21.5050 E0.09165 F600
G1 X92.1834 Y134.2567 Z21.3586 E0.13850 F600
G1 X91.6083 Y132.4486 Z21.3050 E0.17046 F600
G1 X91.5409 Y130.4427 Z21.3586 E0.18030 F600
G1 X91.8528 Y128.7065 Z21.5050 E0.15896 F600
G1 X92.2397 Y127.5779 Z21.7050 E0.10864 F600
G1 X92.4706 Y127.1595 Z21.9050 E0.04652 F600
G1 X92.4842 Y127.3540 Z22.0514 E0.02190 F600
G1 X92.3501 Y127.9174 Z22.1050 E0.05223 F600
G1 X92.1787 Y128.5100 Z22.0514 E0.05560 F600
G1 X92.0467 Y128.7778 Z21.9050 E0.02987 F600
G1 X92.0125 Y128.4503 Z21.7050 E0.03460 F600
G1 X92.1845 Y127.4196 Z21.5050 E0.09555 F600
G1 X92.6892 Y125.8016 Z21.3586 E0.15277 F600
G1 X93.5109 Y123.9279 Z21.3050 E0.18380 F600
G1 X94.4241 Y122.1948 Z21.3586 E0.17598 F600
G1 X95.1694 Y120.8783 Z21.5050 E0.13649 F600
G1 X95.6442 Y120.0868 Z21.7050 E0.08481 F600
G1 X95.8750 Y119.8121 Z21.9050 E0.03689 F600
G1 X95.9015 Y119.9608 Z22.0514 E0.01889 F600
G1 X95.7577 Y120.3624 Z22.1050 E0.03861 F600
G1 X95.5283 Y120.7837 Z22.0514 E0.04335 F600
G1 X95.3551 Y120.9667 Z21.9050 E0.02616 F600
G1 X95.3647 Y120.7095 Z21.7050 E0.02927 F600
G1 X95.5792 Y119.9577 Z21.5050 E0.07246 F600
G1 X95.8656 Y118.8232 Z21.3586 E0.10590 F600
G1 X96.0000 Y117.5000 Z21.3050 E0.11954 F600
G1 X95.8656 Y116.1768 Z21.3586 E0.11954 F600
G1 X95.5792 Y115.0423 Z21.5050 E0.10590 F600
G1 X95.3647 Y114.2905 Z21.7050 E0.07246 F600
G1 X95.3551 Y114.0333 Z21.9050 E0.02927 F600
G1 X95.5283 Y114.2163 Z22.0514 E0.02616 F600
G1 X95.7577 Y114.6376 Z22.1050 E0.04335 F600
G1 X95.9015 Y115.0392 Z22.0514 E0.03861 F600
G1 X95.8750 Y115.1879 Z21.9050 E0.01889 F600
G1 X95.6442 Y114.9132 Z21.7050 E0.03689 F600
G1 X95.1694 Y114.1217 Z21.5050 E0.08481 F600
G1 X94.4241 Y112.8052 Z21.3586 E0.13649 F600
G1 X93.5109 Y111.0721 Z21.3050 E0.17598 F600
G1 X92.6892 Y109.1984 Z21.3586 E0.18380 F600
G1 X92.1845 Y107.5804 Z21.5050 E0.15277 F600
G1 X92.0125 Y106.5497 Z21.7050 E0.09555 F600
G1 X92.0467 Y106.2222 Z21.9050 E0.03460 F600
G1 X92.1787 Y106.4900 Z22.0514 E0.02987 F600
G1 X92.3501 Y107.0826 Z22.1050 E0.05560 F600
G1 X92.4842 Y107.6460 Z22.0514 E0.05223 F600
G1 X92.4706 Y107.8405 Z21.9050 E0.02190 F600
G1 X92.2397 Y107.4221 Z21.7050 E0.04652 F600
G1 X91.8528 Y106.2935 Z21.5050 E0.10864 F600
G1 X91.5409 Y104.5573 Z21.3586 E0.15896 F600
G1 X91.6083 Y102.5514 Z21.3050 E0.18030 F600
G1 X92.1834 Y100.7433 Z21.3586 E0.17046 F600
G1 X93.0526 Y99.4777 Z21.5050 E0.13850 F600
G1 X93.8121 Y98.8259 Z21.7050 E0.09165 F600
G1 X94.1658 Y98.6736 Z21.9050 E0.03897 F600
G1 X94.0790 Y98.8701 Z22.0514 E0.02334 F600
G1 X93.7299 Y99.2606 Z22.1050 E0.04728 F600
G1 X93.3608 Y99.6379 Z22.0514 E0.04765 F600
G1 X93.1603 Y99.7493 Z21.9050 E0.02443 F600
G1 X93.2698 Y99.4064 Z21.7050 E0.03698 F600
G1 X93.8526 Y98.6206 Z21.5050 E0.08968 F600
G1 X95.0627 Y97.6492 Z21.3586 E0.13997 F600
G1 X96.8652 Y96.8652 Z21.3050 E0.17658 F600
G1 X98.9172 Y96.4960 Z21.3586 E0.18730 F600
G1 X100.7238 Y96.4870 Z21.5050 E0.16277 F600
G1 X101.9170 Y96.6319 Z21.7050 E0.10942 F600
G1 X102.3770 Y96.7634 Z21.9050 E0.04656 F600
G1 X102.1953 Y96.8169 Z22.0514 E0.02150 F600
G1 X101.6190 Y96.8035 Z22.1050 E0.05199 F600
G1 X100.9987 Y96.7550 Z22.0514 E0.05608 F600
G1 X100.7027 Y96.6807 Z21.9050 E0.03040 F600
G1 X101.0148 Y96.5887 Z21.7050 E0.03430 F600
G1 X102.0538 Y96.5471 Z21.5050 E0.09509 F600
G1 X103.7057 Y96.6591 Z21.3586 E0.14926 F600
G1 X105.6250 Y96.9319 Z21.3050 E0.17416 F600
G1 X107.3942 Y97.2308 Z21.3586 E0.16120 F600
G1 X108.7304 Y97.4300 Z21.5050 E0.12204 F600
G1 X109.5372 Y97.5410 Z21.7050 E0.07530 F600
G1 X109.8350 Y97.6388 Z21.9050 E0.03340 F600
G1 X109.7149 Y97.7363 Z22.0514 E0.01913 F600
G1 X109.3326 Y97.7821 Z22.1050 E0.03491 F600
G1 X108.9102 Y97.7447 Z22.0514 E0.03838 F600
G1 X108.7063 Y97.6531 Z21.9050 E0.02400 F600
G1 X108.9285 Y97.5493 Z21.7050 E0.02842 F600
G1 X109.6301 Y97.4155 Z21.5050 E0.06661 F600
G1 X110.6872 Y97.1387 Z21.3586 E0.09900 F600
G1 X111.8957 Y96.5845 Z21.3050 E0.11949 F600
G1 X113.0798 Y95.7738 Z21.3586 E0.12895 F600
G1 X114.0887 Y94.9514 Z21.5050 E0.11763 F600
G1 X114.7673 Y94.4112 Z21.7050 E0.07993 F600
G1 X115.0186 Y94.2922 Z21.9050 E0.03076 F600
G1 X114.8832 Y94.5329 Z22.0514 E0.02807 F600
G1 X114.5291 Y94.9341 Z22.1050 E0.04829 F600
G1 X114.1753 Y95.2537 Z22.0514 E0.04309 F600
G1 X114.0245 Y95.2987 Z21.9050 E0.01930 F600
G1 X114.2308 Y94.9528 Z21.7050 E0.04038 F600
G1 X114.8826 Y94.1549 Z21.5050 E0.09425 F600
G1 X115.9974 Y92.9326 Z21.3586 E0.14915 F600
G1 X117.5000 Y91.5000 Z21.3050 E0.18650 F600
G1 X119.1678 Y90.2313 Z21.3586 E0.18825 F600
G1 X120.6486 Y89.4173 Z21.5050 E0.15231 F600
G1 X121.6207 Y89.0801 Z21.7050 E0.09413 F600
G1 X121.9509 Y89.0680 Z21.9050 E0.03468 F600
G1 X121.7235 Y89.2402 Z22.0514 E0.02879 F600
G1 X121.1860 Y89.5022 Z22.1050 E0.05391 F600
G1 X120.6642 Y89.7283 Z22.0514 E0.05130 F600
G1 X120.4672 Y89.7483 Z21.9050 E0.02211 F600
G1 X120.8204 Y89.4458 Z21.7050 E0.04546 F600
G1 X121.8297 Y88.8808 Z21.5050 E0.10541 F600
G1 X123.4335 Y88.3357 Z21.3586 E0.15269 F600
G1 X125.3543 Y88.1874 Z21.3050 E0.17307 F600
G1 X127.1658 Y88.6120 Z21.3586 E0.16716 F600
G1 X128.5101 Y89.4014 Z21.5050 E0.14061 F600
G1 X129.2578 Y90.1330 Z21.7050 E0.09564 F600
G1 X129.4674 Y90.4904 Z21.9050 E0.04132 F600
G1 X129.2731 Y90.4238 Z22.0514 E0.02265 F600
G1 X128.8494 Y90.1001 Z22.1050 E0.04812 F600
G1 X128.4310 Y89.7501 Z22.0514 E0.04922 F600
G1 X128.2873 Y89.5483 Z21.9050 E0.02584 F600
G1 X128.6209 Y89.6253 Z21.7050 E0.03561 F600
G1 X129.4509 Y90.1493 Z21.5050 E0.08996 F600
G1 X130.5666 Y91.2925 Z21.3586 E0.14405 F600
G1 X131.6250 Y93.0348 Z21.3050 E0.18313 F600
G1 X132.3694 Y95.0347 Z21.3586 E0.19170 F600
G1 X132.7611 Y96.7981 Z21.5050 E0.16275 F600
G1 X132.8982 Y97.9675 Z21.7050 E0.10725 F600
G1 X132.8837 Y98.4327 Z21.9050 E0.04549 F600
G1 X132.7887 Y98.2795 Z22.0514 E0.02086 F600
G1 X132.6658 Y97.7355 Z22.1050 E0.05032 F600
G1 X132.5711 Y97.1325 Z22.0514 E0.05502 F600
G1 X132.5754 Y96.8287 Z21.9050 E0.03029 F600
G1 X132.7308 Y97.1035 Z21.7050 E0.03356 F600
G1 X133.0116 Y98.0709 Z21.5050 E0.09223 F600
G1 X133.3291 Y99.6085 Z21.3586 E0.14160 F600
G1 X133.6348 Y101.3652 Z21.3050 E0.16020 F600
G1 X133.9583 Y102.9390 Z21.3586 E0.14436 F600
G1 X134.2947 Y104.0916 Z21.5050 E0.10863 F600
G1 X134.5344 Y104.7798 Z21.7050 E0.06787 F600
G1 X134.5683 Y105.0523 Z21.9050 E0.03050 F600
G1 X134.4114 Y104.9863 Z22.0514 E0.02017 F600
G1 X134.1910 Y104.6926 Z22.1050 E0.03332 F600
G1 X134.0445 Y104.3399 Z22.0514 E0.03463 F600
G1 X134.0524 Y104.1453 Z21.9050 E0.02188 F600
G1 X134.2559 Y104.2907 Z21.7050 E0.02876 F600
G1 X134.7074 Y104.8149 Z21.5050 E0.06468 F600
G1 X135.4896 Y105.5930 Z21.3586 E0.09994 F600
G1 X136.6417 Y106.4486 Z21.3050 E0.12896 F600
G1 X138.0176 Y107.2703 Z21.3586 E0.14400 F600
G1 X139.2736 Y107.9861 Z21.5050 E0.13048 F600
G1 X140.0733 Y108.4941 Z21.7050 E0.08697 F600
G1 X140.2835 Y108.7072 Z21.9050 E0.03233 F600
G1 X139.9978 Y108.6379 Z22.0514 E0.02950 F600
G1 X139.4679 Y108.4006 Z22.1050 E0.05236 F600
G1 X139.0102 Y108.1471 Z22.0514 E0.04723 F600
G1 X138.9032 Y108.0167 Z21.9050 E0.02006 F600
G1 X139.3302 Y108.1210 Z21.7050 E0.04336 F600
G1 X140.3676 Y108.5396 Z21.5050 E0.10205 F600
G1 X141.9385 Y109.3230 Z21.3586 E0.15819 F600
G1 X143.7391 Y110.4693 Z21.3050 E0.19174 F600
G1 X145.3145 Y111.8411 Z21.3586 E0.18766 F600
G1 X146.3372 Y113.1373 Z21.5050 E0.14885 F600
G1 X146.7872 Y114.0336 Z21.7050 E0.09184 F600
G1 X146.8346 Y114.3635 Z21.9050 E0.03491 F600
G1 X146.6402 Y114.1799 Z22.0514 E0.02738 F600
G1 X146.3214 Y113.7056 Z22.1050 E0.05155 F600
G1 X146.0343 Y113.2355 Z22.0514 E0.04970 F600
G1 X145.9885 Y113.0403 Z21.9050 E0.02230 F600
G1 X146.3318 Y113.3196 Z21.7050 E0.04361 F600
G1 X147.0069 Y114.1918 Z21.5050 E0.10066 F600
G1 X147.7018 Y115.6528 Z21.3586 E0.14588 F600
G1 X148.0000 Y117.5000 Z21.3050 E0.16810 F600
G1 X147.7018 Y119.3472 Z21.3586 E0.16810 F600
G1 X147.0069 Y120.8082 Z21.5050 E0.14588 F600
G1 X146.3318 Y121.6804 Z21.7050 E0.10066 F600
G1 X145.9885 Y121.9597 Z21.9050 E0.04361 F600
G1 X146.0343 Y121.7645 Z22.0514 E0.02230 F600
G1 X146.3214 Y121.2944 Z22.1050 E0.04970 F600
; row 42/57
G1 X147.5118 Y116.9761 Z22.5514 E0.40425 F600
G1 X147.5826 Y116.7663 Z22.4050 E0.02384 F600
G1 X147.7378 Y117.1042 Z22.2050 E0.03791 F600
G1 X147.8486 Y118.0843 Z22.0050 E0.09038 F600
G1 X147.6216 Y119.6063 Z21.8586 E0.13882 F600
G1 X146.8171 Y121.3597 Z21.8050 E0.17330 F600
G1 X145.5231 Y122.9471 Z21.8586 E0.18398 F600
G1 X144.1484 Y124.0934 Z22.0050 E0.16127 F600
G1 X143.1282 Y124.7279 Z22.2050 E0.10938 F600
G1 X142.6847 Y124.9109 Z22.4050 E0.04668 F600
G1 X142.7955 Y124.7534 Z22.5514 E0.02173 F600
G1 X143.2561 Y124.4013 Z22.6050 E0.05228 F600
G1 X143.7684 Y124.0495 Z22.5514 E0.05602 F600
G1 X144.0436 Y123.9230 Z22.4050 E0.03021 F600
G1 X143.8597 Y124.1945 Z22.2050 E0.03450 F600
G1 X143.0723 Y124.8825 Z22.0050 E0.09560 F600
G1 X141.6810 Y125.8262 Z21.8586 E0.15155 F600
G1 X139.9299 Y126.7908 Z21.8050 E0.17960 F600
G1 X138.2387 Y127.6150 Z21.8586 E0.16901 F600
G1 X136.9465 Y128.2338 Z22.0050 E0.12934 F600
G1 X136.1612 Y128.6023 Z22.2050 E0.07994 F600
G1 X135.8375 Y128.6920 Z22.4050 E0.03511 F600
G1 X135.8906 Y128.5502 Z22.5514 E0.01892 F600
G1 X136.2086 Y128.3014 Z22.6050 E0.03658 F600
G1 X136.6081 Y128.0918 Z22.5514 E0.04080 F600
G1 X136.8418 Y128.0468 Z22.4050 E0.02510 F600
G1 X136.7022 Y128.2538 Z22.2050 E0.02873 F600
G1 X136.1487 Y128.7509 Z22.0050 E0.06919 F600
G1 X135.3532 Y129.5421 Z21.8586 E0.10161 F600
G1 X134.5876 Y130.6118 Z21.8050 E0.11822 F600
G1 X134.0192 Y131.8599 Z21.8586 E0.12325 F600
G1 X133.6425 Y133.0328 Z22.0050 E0.11140 F600
G1 X133.3977 Y133.8195 Z22.2050 E0.07614 F600
G1 X133.2611 Y134.0492 Z22.4050 E0.02997 F600
G1 X133.2277 Y133.7865 Z22.5514 E0.02717 F600
G1 X133.2812 Y133.2812 Z22.6050 E0.04588 F600
G1 X133.3876 Y132.8424 Z22.5514 E0.04083 F600
G1 X133.4887 Y132.7274 Z22.4050 E0.01903 F600
G1 X133.5213 Y133.1073 Z22.2050 E0.03867 F600
G1 X133.4568 Y134.0832 Z22.0050 E0.08965 F600
G1 X133.2879 Y135.6619 Z21.8586 E0.14318 F600
G1 X132.9702 Y137.6612 Z21.8050 E0.18186 F600
G1 X132.4572 Y139.6750 Z21.8586 E0.18668 F600
G1 X131.8299 Y141.2522 Z22.0050 E0.15299 F600
G1 X131.3036 Y142.1481 Z22.2050 E0.09502 F600
G1 X131.0637 Y142.3746 Z22.4050 E0.03465 F600
G1 X131.1302 Y142.0896 Z22.5514 E0.02939 F600
G1 X131.3750 Y141.5322 Z22.6050 E0.05488 F600
G1 X131.6302 Y141.0166 Z22.5514 E0.05189 F600
G1 X131.7663 Y140.8746 Z22.4050 E0.02202 F600
G1 X131.6834 Y141.3402 Z22.2050 E0.04611 F600
G1 X131.2670 Y142.4419 Z22.0050 E0.10728 F600
G1 X130.3941 Y143.9369 Z21.8586 E0.15602 F600
G1 X129.0408 Y145.3619 Z21.8050 E0.17655 F600
G1 X127.4133 Y146.2905 Z21.8586 E0.16833 F600
G1 X125.9078 Y146.6241 Z22.0050 E0.13910 F600
G1 X124.8874 Y146.5878 Z22.2050 E0.09344 F600
G1 X124.5082 Y146.4619 Z22.4050 E0.04012 F600
G1 X124.7001 Y146.3780 Z22.5514 E0.02295 F600
G1 X125.2249 Y146.3297 Z22.6050 E0.04757 F600
G1 X125.7595 Y146.3043 Z22.5514 E0.04830 F600
G1 X125.9917 Y146.3576 Z22.4050 E0.02511 F600
G1 X125.6876 Y146.5311 Z22.2050 E0.03621 F600
G1 X124.7269 Y146.7089 Z22.0050 E0.08956 F600
G1 X123.1580 Y146.6079 Z21.8586 E0.14179 F600
G1 X121.2512 Y145.9936 Z21.8050 E0.17996 F600
G1 X119.4187 Y144.9386 Z21.8586 E0.18995 F600
G1 X118.0064 Y143.8026 Z22.0050 E0.16330 F600
G1 X117.1668 Y142.9535 Z22.2050 E0.10872 F600
G1 X116.8886 Y142.5703 Z22.4050 E0.04617 F600
G1 X117.0612 Y142.6375 Z22.5514 E0.02121 F600
G1 X117.5000 Y143.0000 Z22.6050 E0.05134 F600
G1 X117.9525 Y143.4217 Z22.5514 E0.05575 F600
G1 X118.1381 Y143.6645 Z22.4050 E0.03043 F600
G1 X117.8409 Y143.5421 Z22.2050 E0.03400 F600
G1 X117.0103 Y142.9379 Z22.0050 E0.09397 F600
G1 X115.7960 Y141.8679 Z21.8586 E0.14593 F600
G1 X114.4639 Y140.5616 Z21.8050 E0.16762 F600
G1 X113.2487 Y139.3710 Z21.8586 E0.15285 F600
G1 X112.2976 Y138.5263 Z22.0050 E0.11498 F600
G1 X111.7084 Y138.0354 Z22.2050 E0.07118 F600
G1 X111.5242 Y137.8080 Z22.4050 E0.03184 F600
G1 X111.6835 Y137.7844 Z22.5514 E0.01955 F600
G1 X112.0251 Y137.9326 Z22.6050 E0.03378 F600
G1 X112.3459 Y138.1720 Z22.5514 E0.03627 F600
G1 X112.4546 Y138.3505 Z22.4050 E0.02291 F600
G1 X112.2105 Y138.3276 Z22.2050 E0.02842 F600
G1 X111.5543 Y138.0955 Z22.0050 E0.06503 F600
G1 X110.5056 Y137.8132 Z21.8586 E0.09841 F600
G1 X109.1412 Y137.6799 Z21.8050 E0.12320 F600
G1 X107.6282 Y137.7402 Z21.8586 E0.13607 F600
G1 X106.2594 Y137.8647 Z22.0050 E0.12412 F600
G1 X105.3518 Y137.9192 Z22.2050 E0.08360 F600
G1 X105.0668 Y137.8712 Z22.4050 E0.03157 F600
G1 X105.3288 Y137.7563 Z22.5514 E0.02886 F600
G1 X105.8750 Y137.6351 Z22.6050 E0.05048 F600
G1 X106.3725 Y137.5746 Z22.5514 E0.04526 F600
G1 X106.5285 Y137.6208 Z22.4050 E0.01966 F600
G1 X106.1396 Y137.7855 Z22.2050 E0.04196 F600
G1 X105.0970 Y138.0583 Z22.0050 E0.09843 F600
G1 X103.4167 Y138.3794 Z21.8586 E0.15419 F600
G1 X101.3146 Y138.5932 Z21.8050 E0.18980 F600
G1 X99.2168 Y138.5325 Z21.8586 E0.18853 F600
G1 X97.5751 Y138.2071 Z22.0050 E0.15086 F600
G1 X96.6318 Y137.8289 Z22.2050 E0.09302 F600
G1 X96.3767 Y137.6175 Z22.4050 E0.03475 F600
G1 X96.6530 Y137.6317 Z22.5514 E0.02811 F600
G1 X97.2188 Y137.7812 Z22.6050 E0.05277 F600
G1 X97.7536 Y137.9480 Z22.5514 E0.05054 F600
G1 X97.9163 Y138.0629 Z22.4050 E0.02220 F600
G1 X97.4615 Y138.0701 Z22.2050 E0.04462 F600
G1 X96.3522 Y137.8489 Z22.0050 E0.10315 F600
G1 X94.8248 Y137.2112 Z21.8586 E0.14922 F600
G1 X93.3333 Y136.0438 Z21.8050 E0.17016 F600
G1 X92.2988 Y134.4984 Z21.8586 E0.16707 F600
G1 X91.8382 Y132.9819 Z22.0050 E0.14293 F600
G1 X91.7687 Y131.9102 Z22.2050 E0.09810 F600
G1 X91.8464 Y131.4884 Z22.4050 E0.04250 F600
G1 X91.9439 Y131.6660 Z22.5514 E0.02244 F600
G1 X92.0414 Y132.1986 Z22.6050 E0.04886 F600
G1 X92.1177 Y132.7512 Z22.5514 E0.05033 F600
G1 X92.0917 Y133.0075 Z22.4050 E0.02661 F600
G1 X91.9018 Y132.7293 Z22.2050 E0.03518 F600
G1 X91.6399 Y131.7738 Z22.0050 E0.09077 F600
G1 X91.5617 Y130.1510 Z21.8586 E0.14650 F600
G1 X91.8881 Y128.1088 Z21.8050 E0.18579 F600
G1 X92.5774 Y126.0816 Z21.8586 E0.19234 F600
G1 X93.3527 Y124.4711 Z22.0050 E0.16105 F600
G1 X93.9443 Y123.4824 Z22.2050 E0.10501 F600
G1 X94.2312 Y123.1305 Z22.4050 E0.04455 F600
G1 X94.2183 Y123.3048 Z22.5514 E0.02047 F600
G1 X93.9939 Y123.7984 Z22.6050 E0.04894 F600
G1 X93.7068 Y124.3226 Z22.5514 E0.05388 F600
G1 X93.5191 Y124.5567 Z22.4050 E0.02998 F600
G1 X93.5617 Y124.2513 Z22.2050 E0.03300 F600
G1 X93.9132 Y123.3359 Z22.0050 E0.08987 F600
G1 X94.5442 Y121.9621 Z21.8586 E0.13639 F600
G1 X95.2620 Y120.4277 Z21.8050 E0.15220 F600
G1 X95.8151 Y119.0164 Z21.8586 E0.13621 F600
G1 X96.1081 Y117.9118 Z22.0050 E0.10346 F600
G1 X96.2422 Y117.2217 Z22.2050 E0.06564 F600
G1 X96.3479 Y116.9841 Z22.4050 E0.02946 F600
G1 X96.4526 Y117.1326 Z22.5514 E0.02095 F600
G1 X96.5000 Y117.5000 Z22.6050 E0.03361 F600
G1 X96.4526 Y117.8674 Z22.5514 E0.03361 F600
G1 X96.3479 Y118.0159 Z22.4050 E0.02095 F600
G1 X96.2422 Y117.7783 Z22.2050 E0.02946 F600
G1 X96.1081 Y117.0882 Z22.0050 E0.06564 F600
G1 X95.8151 Y115.9836 Z21.8586 E0.10346 F600
G1 X95.2620 Y114.5723 Z21.8050 E0.13621 F600
G1 X94.5442 Y113.0379 Z21.8586 E0.15220 F600
G1 X93.9132 Y111.6641 Z22.0050 E0.13639 F600
G1 X93.5617 Y110.7487 Z22.2050 E0.08987 F600
G1 X93.5191 Y110.4433 Z22.4050 E0.03300 F600
G1 X93.7068 Y110.6774 Z22.5514 E0.02998 F600
G1 X93.9939 Y111.2016 Z22.6050 E0.05388 F600
G1 X94.2183 Y111.6952 Z22.5514 E0.04894 F600
G1 X94.2312 Y111.8695 Z22.4050 E0.02047 F600
G1 X93.9443 Y111.5176 Z22.2050 E0.04455 F600
G1 X93.3527 Y110.5289 Z22.0050 E0.10501 F600
G1 X92.5774 Y108.9184 Z21.8586 E0.16105 F600
G1 X91.8881 Y106.8912 Z21.8050 E0.19234 F600
G1 X91.5617 Y104.8490 Z21.8586 E0.18579 F600
G1 X91.6399 Y103.2262 Z22.0050 E0.14650 F600
G1 X91.9018 Y102.2707 Z22.2050 E0.09077 F600
G1 X92.0917 Y101.9925 Z22.4050 E0.03518 F600
G1 X92.1177 Y102.2488 Z22.5514 E0.02661 F600
G1 X92.0414 Y102.8014 Z22.6050 E0.05033 F600
G1 X91.9439 Y103.3340 Z22.5514 E0.04886 F600
G1 X91.8464 Y103.5116 Z22.4050 E0.02244 F600
G1 X91.7687 Y103.0898 Z22.2050 E0.04250 F600
G1 X91.8382 Y102.0181 Z22.0050 E0.09810 F600
G1 X92.2988 Y100.5016 Z21.8586 E0.14293 F600
G1 X93.3333 Y98.9562 Z21.8050 E0.16707 F600
G1 X94.8248 Y97.7888 Z21.8586 E0.17016 F600
G1 X96.3522 Y97.1511 Z22.0050 E0.14922 F600
G1 X97.4615 Y96.9299 Z22.2050 E0.10315 F600
G1 X97.9163 Y96.9371 Z22.4050 E0.04462 F600
G1 X97.7536 Y97.0520 Z22.5514 E0.02220 F600
G1 X97.2188 Y97.2188 Z22.6050 E0.05054 F600
G1 X96.6530 Y97.3683 Z22.5514 E0.05277 F600
G1 X96.3767 Y97.3825 Z22.4050 E0.02811 F600
G1 X96.6318 Y97.1711 Z22.2050 E0.03475 F600
G1 X97.5751 Y96.7929 Z22.0050 E0.09302 F600
G1 X99.2168 Y96.4675 Z21.8586 E0.15086 F600
G1 X101.3146 Y96.4068 Z21.8050 E0.18853 F600
G1 X103.4167 Y96.6206 Z21.8586 E0.18980 F600
G1 X105.0970 Y96.9417 Z22.0050 E0.15419 F600
G1 X106.1396 Y97.2145 Z22.2050 E0.09843 F600
G1 X106.5285 Y97.3792 Z22.4050 E0.04196 F600
G1 X106.3725 Y97.4254 Z22.5514 E0.01966 F600
G1 X105.8750 Y97.3649 Z22.6050 E0.04526 F600
G1 X105.3288 Y97.2437 Z22.5514 E0.05048 F600
G1 X105.0668 Y97.1288 Z22.4050 E0.02886 F600
G1 X105.3518 Y97.0808 Z22.2050 E0.03157 F600
G1 X106.2594 Y97.1353 Z22.0050 E0.08360 F600
G1 X107.6282 Y97.2598 Z21.8586 E0.12412 F600
G1 X109.1412 Y97.3201 Z21.8050 E0.13607 F600
G1 X110.5056 Y97.1868 Z21.8586 E0.12320 F600
G1 X111.5543 Y96.9045 Z22.0050 E0.09841 F600
G1 X112.2105 Y96.6724 Z22.2050 E0.06503 F600
G1 X112.4546 Y96.6495 Z22.4050 E0.02842 F600
G1 X112.3459 Y96.8280 Z22.5514 E0.02291 F600
G1 X112.0251 Y97.0674 Z22.6050 E0.03627 F600
G1 X111.6835 Y97.2156 Z22.5514 E0.03378 F600
G1 X111.5242 Y97.1920 Z22.4050 E0.01955 F600
G1 X111.7084 Y96.9646 Z22.2050 E0.03184 F600
G1 X112.2976 Y96.4737 Z22.0050 E0.07118 F600
G1 X113.2487 Y95.6290 Z21.8586 E0.11498 F600
G1 X114.4639 Y94.4384 Z21.8050 E0.15285 F600
G1 X115.7960 Y93.1321 Z21.8586 E0.16762 F600
G1 X117.0103 Y92.0621 Z22.0050 E0.14593 F600
G1 X117.8409 Y91.4579 Z22.2050 E0.09397 F600
G1 X118.1381 Y91.3355 Z22.4050 E0.03400 F600
G1 X117.9525 Y91.5783 Z22.5514 E0.03043 F600
G1 X117.5000 Y92.0000 Z22.6050 E0.05575 F600
G1 X117.0612 Y92.3625 Z22.5514 E0.05134 F600
G1 X116.8886 Y92.4297 Z22.4050 E0.02121 F600
G1 X117.1668 Y92.0465 Z22.2050 E0.04617 F600
G1 X118.0064 Y91.1974 Z22.0050 E0.10872 F600
G1 X119.4187 Y90.0614 Z21.8586 E0.16330 F600
G1 X121.2512 Y89.0064 Z21.8050 E0.18995 F600
G1 X123.1580 Y88.3921 Z21.8586 E0.17996 F600
G1 X124.7269 Y88.2911 Z22.0050 E0.14179 F600
G1 X125.6876 Y88.4689 Z22.2050 E0.08956 F600
G1 X125.9917 Y88.6424 Z22.4050 E0.03621 F600
G1 X125.7595 Y88.6957 Z22.5514 E0.02511 F600
G1 X125.2249 Y88.6703 Z22.6050 E0.04830 F600
G1 X124.7001 Y88.6220 Z22.5514 E0.04757 F600
G1 X124.5082 Y88.5381 Z22.4050 E0.02295 F600
G1 X124.8874 Y88.4122 Z22.2050 E0.04012 F600
G1 X125.9078 Y88.3759 Z22.0050 E0.09344 F600
G1 X127.4133 Y88.7095 Z21.8586 E0.13910 F600
G1 X129.0408 Y89.6381 Z21.8050 E0.16833 F600
G1 X130.3941 Y91.0631 Z21.8586 E0.17655 F600
G1 X131.2670 Y92.5581 Z22.0050 E0.15602 F600
G1 X131.6834 Y93.6598 Z22.2050 E0.10728 F600
G1 X131.7663 Y94.1254 Z22.4050 E0.04611 F600
G1 X131.6302 Y93.9834 Z22.5514 E0.02202 F600
G1 X131.3750 Y93.4678 Z22.6050 E0.05189 F600
G1 X131.1302 Y92.9104 Z22.5514 E0.05488 F600
G1 X131.0637 Y92.6254 Z22.4050 E0.02939 F600
G1 X131.3036 Y92.8519 Z22.2050 E0.03465 F600
G1 X131.8299 Y93.7478 Z22.0050 E0.09502 F600
G1 X132.4572 Y95.3250 Z21.8586 E0.15299 F600
G1 X132.9702 Y97.3388 Z21.8050 E0.18668 F600
G1 X133.2879 Y99.3381 Z21.8586 E0.18186 F600
G1 X133.4568 Y100.9168 Z22.0050 E0.14318 F600
G1 X133.5213 Y101.8927 Z22.2050 E0.08965 F600
G1 X133.4887 Y102.2726 Z22.4050 E0.03867 F600
G1 X133.3876 Y102.1576 Z22.5514 E0.01903 F600
G1 X133.2812 Y101.7188 Z22.6050 E0.04083 F600
G1 X133.2277 Y101.2135 Z22.5514 E0.04588 F600
G1 X133.2611 Y100.9508 Z22.4050 E0.02717 F600
G1 X133.3977 Y101.1805 Z22.2050 E0.02997 F600
G1 X133.6425 Y101.9672 Z22.0050 E0.07614 F600
G1 X134.0192 Y103.1401 Z21.8586 E0.11140 F600
G1 X134.5876 Y104.3882 Z21.8050 E0.12325 F600
G1 X135.3532 Y105.4579 Z21.8586 E0.11822 F600
G1 X136.1487 Y106.2491 Z22.0050 E0.10161 F600
G1 X136.7022 Y106.7462 Z22.2050 E0.06919 F600
G1 X136.8418 Y106.9532 Z22.4050 E0.02873 F600
G1 X136.6081 Y106.9082 Z22.5514 E0.02510 F600
G1 X136.2086 Y106.6986 Z22.6050 E0.04080 F600
G1 X135.8906 Y106.4498 Z22.5514 E0.03658 F600
G1 X135.8375 Y106.3080 Z22.4050 E0.01892 F600
G1 X136.1612 Y106.3977 Z22.2050 E0.03511 F600
G1 X136.9465 Y106.7662 Z22.0050 E0.07994 F600
G1 X138.2387 Y107.3850 Z21.8586 E0.12934 F600
G1 X139.9299 Y108.2092 Z21.8050 E0.16901 F600
G1 X141.6810 Y109.1738 Z21.8586 E0.17960 F600
G1 X143.0723 Y110.1175 Z22.0050 E0.15155 F600
G1 X143.8597 Y110.8055 Z22.2050 E0.09560 F600
G1 X144.0436 Y111.0770 Z22.4050 E0.03450 F600
G1 X143.7684 Y110.9505 Z22.5514 E0.03021 F600
G1 X143.2561 Y110.5987 Z22.6050 E0.05602 F600
G1 X142.7955 Y110.2466 Z22.5514 E0.05228 F600
G1 X142.6847 Y110.0891 Z22.4050 E0.02173 F600
G1 X143.1282 Y110.2721 Z22.2050 E0.04668 F600
G1 X144.1484 Y110.9066 Z22.0050 E0.10938 F600
G1 X145.5231 Y112.0529 Z21.8586 E0.16127 F600
G1 X146.8171 Y113.6403 Z21.8050 E0.18398 F600
G1 X147.6216 Y115.3937 Z21.8586 E0.17330 F600
G1 X147.8486 Y116.9157 Z22.0050 E0.13882 F600
G1 X147.7378 Y117.8958 Z22.2050 E0.09038 F600
G1 X147.5826 Y118.2337 Z22.4050 E0.03791 F600
G1 X147.5118 Y118.0239 Z22.5514 E0.02384 F600
G1 X147.5000 Y117.5000 Z22.6050 E0.04730 F600
; row 43/57
G1 X146.6402 Y120.8201 Z23.0514 E0.31059 F600
G1 X146.8346 Y120.6365 Z22.9050 E0.02738 F600
G1 X146.7872 Y120.9664 Z22.7050 E0.03491 F600
G1 X146.3372 Y121.8627 Z22.5050 E0.09184 F600
G1 X145.3145 Y123.1589 Z22.3586 E0.14885 F600
G1 X143.7391 Y124.5307 Z22.3050 E0.18766 F600
G1 X141.9385 Y125.6770 Z22.3586 E0.19174 F600
G1 X140.3676 Y126.4604 Z22.5050 E0.15819 F600
G1 X139.3302 Y126.8790 Z22.7050 E0.10205 F600
G1 X138.9032 Y126.9833 Z22.9050 E0.04336 F600
G1 X139.0102 Y126.8529 Z23.0514 E0.02006 F600
G1 X139.4679 Y126.5994 Z23.1050 E0.04723 F600
G1 X139.9978 Y126.3621 Z23.0514 E0.05236 F600
G1 X140.2835 Y126.2928 Z22.9050 E0.02950 F600
G1 X140.0733 Y126.5059 Z22.7050 E0.03233 F600
G1 X139.2736 Y127.0139 Z22.5050 E0.08697 F600
G1 X138.0176 Y127.7297 Z22.3586 E0.13048 F600
G1 X136.6417 Y128.5514 Z22.3050 E0.14400 F600
G1 X135.4896 Y129.4070 Z22.3586 E0.12896 F600
G1 X134.7074 Y130.1851 Z22.5050 E0.09994 F600
G1 X134.2559 Y130.7093 Z22.7050 E0.06468 F600
G1 X134.0524 Y130.8547 Z22.9050 E0.02876 F600
G1 X134.0445 Y130.6601 Z23.0514 E0.02188 F600
G1 X134.1910 Y130.3074 Z23.1050 E0.03463 F600
G1 X134.4114 Y130.0137 Z23.0514 E0.03332 F600
G1 X134.5683 Y129.9477 Z22.9050 E0.02017 F600
G1 X134.5344 Y130.2202 Z22.7050 E0.03050 F600
G1 X134.2947 Y130.9084 Z22.5050 E0.06787 F600
G1 X133.9583 Y132.0610 Z22.3586 E0.10863 F600
G1 X133.6348 Y133.6348 Z22.3050 E0.14436 F600
G1 X133.3291 Y135.3915 Z22.3586 E0.16020 F600
G1 X133.0116 Y136.9291 Z22.5050 E0.14160 F600
G1 X132.7308 Y137.8965 Z22.7050 E0.09223 F600
G1 X132.5754 Y138.1713 Z22.9050 E0.03356 F600
G1 X132.5711 Y137.8675 Z23.0514 E0.03029 F600
G1 X132.6658 Y137.2645 Z23.1050 E0.05502 F600
G1 X132.7887 Y136.7205 Z23.0514 E0.05032 F600
G1 X132.8837 Y136.5673 Z22.9050 E0.02086 F600
G1 X132.8982 Y137.0325 Z22.7050 E0.04549 F600
G1 X132.7611 Y138.2019 Z22.5050 E0.10725 F600
G1 X132.3694 Y139.9653 Z22.3586 E0.16275 F600
G1 X131.6250 Y141.9652 Z22.3050 E0.19170 F600
G1 X130.5666 Y143.7075 Z22.3586 E0.18313 F600
G1 X129.4509 Y144.8507 Z22.5050 E0.14405 F600
G1 X128.6209 Y145.3747 Z22.7050 E0.08996 F600
G1 X128.2873 Y145.4517 Z22.9050 E0.03561 F600
G1 X128.4310 Y145.2499 Z23.0514 E0.02584 F600
G1 X128.8494 Y144.8999 Z23.1050 E0.04922 F600
G1 X129.2731 Y144.5762 Z23.0514 E0.04812 F600
G1 X129.4674 Y144.5096 Z22.9050 E0.02265 F600
G1 X129.2578 Y144.8670 Z22.7050 E0.04132 F600
G1 X128.5101 Y145.5986 Z22.5050 E0.09564 F600
G1 X127.1658 Y146.3880 Z22.3586 E0.14061 F600
G1 X125.3543 Y146.8126 Z22.3050 E0.16716 F600
G1 X123.4335 Y146.6643 Z22.3586 E0.17307 F600
G1 X121.8297 Y146.1192 Z22.5050 E0.15269 F600
G1 X120.8204 Y145.5542 Z22.7050 E0.10541 F600
G1 X120.4672 Y145.2517 Z22.9050 E0.04546 F600
G1 X120.6642 Y145.2717 Z23.0514 E0.02211 F600
G1 X121.1860 Y145.4978 Z23.1050 E0.05130 F600
G1 X121.7235 Y145.7598 Z23.0514 E0.05391 F600
G1 X121.9509 Y145.9320 Z22.9050 E0.02879 F600
G1 X121.6207 Y145.9199 Z22.7050 E0.03468 F600
G1 X120.6486 Y145.5827 Z22.5050 E0.09413 F600
G1 X119.1678 Y144.7687 Z22.3586 E0.15231 F600
G1 X117.5000 Y143.5000 Z22.3050 E0.18825 F600
G1 X115.9974 Y142.0674 Z22.3586 E0.18650 F600
G1 X114.8826 Y140.8451 Z22.5050 E0.14915 F600
G1 X114.2308 Y140.0472 Z22.7050 E0.09425 F600
G1 X114.0245 Y139.7013 Z22.9050 E0.04038 F600
G1 X114.1753 Y139.7463 Z23.0514 E0.01930 F600
G1 X114.5291 Y140.0659 Z23.1050 E0.04309 F600
G1 X114.8832 Y140.4671 Z23.0514 E0.04829 F600
G1 X115.0186 Y140.7078 Z22.9050 E0.02807 F600
G1 X114.7673 Y140.5888 Z22.7050 E0.03076 F600
G1 X114.0887 Y140.0486 Z22.5050 E0.07993 F600
G1 X113.0798 Y139.2262 Z22.3586 E0.11763 F600
G1 X111.8957 Y138.4155 Z22.3050 E0.12895 F600
G1 X110.6872 Y137.8613 Z22.3586 E0.11949 F600
G1 X109.6301 Y137.5845 Z22.5050 E0.09900 F600
G1 X108.9285 Y137.4507 Z22.7050 E0.06661 F600
G1 X108.7063 Y137.3469 Z22.9050 E0.02842 F600
G1 X108.9102 Y137.2553 Z23.0514 E0.02400 F600
G1 X109.3326 Y137.2179 Z23.1050 E0.03838 F600
G1 X109.7149 Y137.2637 Z23.0514 E0.03491 F600
G1 X109.8350 Y137.3612 Z22.9050 E0.01913 F600
G1 X109.5372 Y137.4590 Z22.7050 E0.03340 F600
G1 X108.7304 Y137.5700 Z22.5050 E0.07530 F600
G1 X107.3942 Y137.7692 Z22.3586 E0.12204 F600
G1 X105.6250 Y138.0681 Z22.3050 E0.16120 F600
G1 X103.7057 Y138.3409 Z22.3586 E0.17416 F600
G1 X102.0538 Y138.4529 Z22.5050 E0.14926 F600
G1 X101.0148 Y138.4113 Z22.7050 E0.09509 F600
G1 X100.7027 Y138.3193 Z22.9050 E0.03430 F600
G1 X100.9987 Y138.2450 Z23.0514 E0.03040 F600
G1 X101.6190 Y138.1965 Z23.1050 E0.05608 F600
G1 X102.1953 Y138.1831 Z23.0514 E0.05199 F600
G1 X102.3770 Y138.2366 Z22.9050 E0.02150 F600
G1 X101.9170 Y138.3681 Z22.7050 E0.04656 F600
G1 X100.7238 Y138.5130 Z22.5050 E0.10942 F600
G1 X98.9172 Y138.5040 Z22.3586 E0.16277 F600
G1 X96.8652 Y138.1348 Z22.3050 E0.18730 F600
G1 X95.0627 Y137.3508 Z22.3586 E0.17658 F600
G1 X93.8526 Y136.3794 Z22.5050 E0.13997 F600
G1 X93.2698 Y135.5936 Z22.7050 E0.08968 F600
G1 X93.1603 Y135.2507 Z22.9050 E0.03698 F600
G1 X93.3608 Y135.3621 Z23.0514 E0.02443 F600
G1 X93.7299 Y135.7394 Z23.1050 E0.04765 F600
G1 X94.0790 Y136.1299 Z23.0514 E0.04728 F600
G1 X94.1658 Y136.3264 Z22.9050 E0.02334 F600
G1 X93.8121 Y136.1741 Z22.7050 E0.03897 F600
G1 X93.0526 Y135.5223 Z22.5050 E0.09165 F600
G1 X92.1834 Y134.2567 Z22.3586 E0.13850 F600
G1 X91.6083 Y132.4486 Z22.3050 E0.17046 F600
G1 X91.5409 Y130.4427 Z22.3586 E0.18030 F600
G1 X91.8528 Y128.7065 Z22.5050 E0.15896 F600
G1 X92.2397 Y127.5779 Z22.7050 E0.10864 F600
G1 X92.4706 Y127.1595 Z22.9050 E0.04652 F600
G1 X92.4842 Y127.3540 Z23.0514 E0.02190 F600
G1 X92.3501 Y127.9174 Z23.1050 E0.05223 F600
G1 X92.1787 Y128.5100 Z23.0514 E0.05560 F600
G1 X92.0467 Y128.7778 Z22.9050 E0.02987 F600
G1 X92.0125 Y128.4503 Z22.7050 E0.03460 F600
G1 X92.1845 Y127.4196 Z22.5050 E0.09555 F600
G1 X92.6892 Y125.8016 Z22.3586 E0.15277 F600
G1 X93.5109 Y123.9279 Z22.3050 E0.18380 F600
G1 X94.4241 Y122.1948 Z22.3586 E0.17598 F600
G1 X95.1694 Y120.8783 Z22.5050 E0.13649 F600
G1 X95.6442 Y120.0868 Z22.7050 E0.08481 F600
G1 X95.8750 Y119.8121 Z22.9050 E0.03689 F600
G1 X95.9015 Y119.9608 Z23.0514 E0.01889 F600
G1 X95.7577 Y120.3624 Z23.1050 E0.03861 F600
G1 X95.5283 Y120.7837 Z23.0514 E0.04335 F600
G1 X95.3551 Y120.9667 Z22.9050 E0.02616 F600
G1 X95.3647 Y120.7095 Z22.7050 E0.02927 F600
G1 X95.5792 Y119.9577 Z22.5050 E0.07246 F600
G1 X95.8656 Y118.8232 Z22.3586 E0.10590 F600
G1 X96.0000 Y117.5000 Z22.3050 E0.11954 F600
G1 X95.8656 Y116.1768 Z22.3586 E0.11954 F600
G1 X95.5792 Y115.0423 Z22.5050 E0.10590 F600
G1 X95.3647 Y114.2905 Z22.7050 E0.07246 F600
G1 X95.3551 Y114.0333 Z22.9050 E0.02927 F600
G1 X95.5283 Y114.2163 Z23.0514 E0.02616 F600
G1 X95.7577 Y114.6376 Z23.1050 E0.04335 F600
G1 X95.9015 Y115.0392 Z23.0514 E0.03861 F600
G1 X95.8750 Y115.1879 Z22.9050 E0.01889 F600
G1 X95.6442 Y114.9132 Z22.7050 E0.03689 F600
G1 X95.1694 Y114.1217 Z22.5050 E0.08481 F600
G1 X94.4241 Y112.8052 Z22.3586 E0.13649 F600
G1 X93.5109 Y111.0721 Z22.3050 E0.17598 F600
G1 X92.6892 Y109.1984 Z22.3586 E0.18380 F600
G1 X92.1845 Y107.5804 Z22.5050 E0.15277 F600
G1 X92.0125 Y106.5497 Z22.7050 E0.09555 F600
G1 X92.0467 Y106.2222 Z22.9050 E0.03460 F600
G1 X92.1787 Y106.4900 Z23.0514 E0.02987 F600
G1 X92.3501 Y107.0826 Z23.1050 E0.05560 F600
G1 X92.4842 Y107.6460 Z23.0514 E0.05223 F600
G1 X92.4706 Y107.8405 Z22.9050 E0.02190 F600
G1 X92.2397 Y107.4221 Z22.7050 E0.04652 F600
G1 X91.8528 Y106.2935 Z22.5050 E0.10864 F600
G1 X91.5409 Y104.5573 Z22.3586 E0.15896 F600
G1 X91.6083 Y102.5514 Z22.3050 E0.18030 F600
G1 X92.1834 Y100.7433 Z22.3586 E0.17046 F600
G1 X93.0526 Y99.4777 Z22.5050 E0.13850 F600
G1 X93.8121 Y98.8259 Z22.7050 E0.09165 F600
G1 X94.1658 Y98.6736 Z22.9050 E0.03897 F600
G1 X94.0790 Y98.8701 Z23.0514 E0.02334 F600
G1 X93.7299 Y99.2606 Z23.1050 E0.04728 F600
G1 X93.3608 Y99.6379 Z23.0514 E0.04765 F600
G1 X93.1603 Y99.7493 Z22.9050 E0.02443 F600
G1 X93.2698 Y99.4064 Z22.7050 E0.03698 F600
G1 X93.8526 Y98.6206 Z22.5050 E0.08968 F600
G1 X95.0627 Y97.6492 Z22.3586 E0.13997 F600
G1 X96.8652 Y96.8652 Z22.3050 E0.17658 F600
G1 X98.9172 Y96.4960 Z22.3586 E0.18730 F600
G1 X100.7238 Y96.4870 Z22.5050 E0.16277 F600
G1 X101.9170 Y96.6319 Z22.7050 E0.10942 F600
G1 X102.3770 Y96.7634 Z22.9050 E0.04656 F600
G1 X102.1953 Y96.8169 Z23.0514 E0.02150 F600
G1 X101.6190 Y96.8035 Z23.1050 E0.05199 F600
G1 X100.9987 Y96.7550 Z23.0514 E0.05608 F600
G1 X100.7027 Y96.6807 Z22.9050 E0.03040 F600
G1 X101.0148 Y96.5887 Z22.7050 E0.03430 F600
G1 X102.0538 Y96.5471 Z22.5050 E0.09509 F600
G1 X103.7057 Y96.6591 Z22.3586 E0.14926 F600
G1 X105.6250 Y96.9319 Z22.3050 E0.17416 F600
G1 X107.3942 Y97.2308 Z22.3586 E0.16120 F600
G1 X108.7304 Y97.4300 Z22.5050 E0.12204 F600
G1 X109.5372 Y97.5410 Z22.7050 E0.07530 F600
G1 X109.8350 Y97.6388 Z22.9050 E0.03340 F600
G1 X109.7149 Y97.7363 Z23.0514 E0.01913 F600
G1 X109.3326 Y97.7821 Z23.1050 E0.03491 F600
G1 X108.9102 Y97.7447 Z23.0514 E0.03838 F600
G1 X108.7063 Y97.6531 Z22.9050 E0.02400 F600
G1 X108.9285 Y97.5493 Z22.7050 E0.02842 F600
G1 X109.6301 Y97.4155 Z22.5050 E0.06661 F600
G1 X110.6872 Y97.1387 Z22.3586 E0.09900 F600
G1 X111.8957 Y96.5845 Z22.3050 E0.11949 F600
G1 X113.0798 Y95.7738 Z22.3586 E0.12895 F600
G1 X114.0887 Y94.9514 Z22.5050 E0.11763 F600
G1 X114.7673 Y94.4112 Z22.7050 E0.07993 F600
G1 X115.0186 Y94.2922 Z22.9050 E0.03076 F600
G1 X114.8832 Y94.5329 Z23.0514 E0.02807 F600
G1 X114.5291 Y94.9341 Z23.1050 E0.04829 F600
G1 X114.1753 Y95.2537 Z23.0514 E0.04309 F600
G1 X114.0245 Y95.2987 Z22.9050 E0.01930 F600
G1 X114.2308 Y94.9528 Z22.7050 E0.04038 F600
G1 X114.8826 Y94.1549 Z22.5050 E0.09425 F600
G1 X115.9974 Y92.9326 Z22.3586 E0.14915 F600
G1 X117.5000 Y91.5000 Z22.3050 E0.18650 F600
G1 X119.1678 Y90.2313 Z22.3586 E0.18825 F600
G1 X120.6486 Y89.4173 Z22.5050 E0.15231 F600
G1 X121.6207 Y89.0801 Z22.7050 E0.09413 F600
G1 X121.9509 Y89.0680 Z22.9050 E0.03468 F600
G1 X121.7235 Y89.2402 Z23.0514 E0.02879 F600
G1 X121.1860 Y89.5022 Z23.1050 E0.05391 F600
G1 X120.6642 Y89.7283 Z23.0514 E0.05130 F600
G1 X120.4672 Y89.7483 Z22.9050 E0.02211 F600
G1 X120.8204 Y89.4458 Z22.7050 E0.04546 F600
G1 X121.8297 Y88.8808 Z22.5050 E0.10541 F600
G1 X123.4335 Y88.3357 Z22.3586 E0.15269 F600
G1 X125.3543 Y88.1874 Z22.3050 E0.17307 F600
G1 X127.1658 Y88.6120 Z22.3586 E0.16716 F600
G1 X128.5101 Y89.4014 Z22.5050 E0.14061 F600
G1 X129.2578 Y90.1330 Z22.7050 E0.09564 F600
G1 X129.4674 Y90.4904 Z22.9050 E0.04132 F600
G1 X129.2731 Y90.4238 Z23.0514 E0.02265 F600
G1 X128.8494 Y90.1001 Z23.1050 E0.04812 F600
G1 X128.4310 Y89.7501 Z23.0514 E0.04922 F600
G1 X128.2873 Y89.5483 Z22.9050 E0.02584 F600
G1 X128.6209 Y89.6253 Z22.7050 E0.03561 F600
G1 X129.4509 Y90.1493 Z22.5050 E0.08996 F600
G1 X130.5666 Y91.2925 Z22.3586 E0.14405 F600
G1 X131.6250 Y93.0348 Z22.3050 E0.18313 F600
G1 X132.3694 Y95.0347 Z22.3586 E0.19170 F600
G1 X132.7611 Y96.7981 Z22.5050 E0.16275 F600
G1 X132.8982 Y97.9675 Z22.7050 E0.10725 F600
G1 X132.8837 Y98.4327 Z22.9050 E0.04549 F600
G1 X132.7887 Y98.2795 Z23.0514 E0.02086 F600
G1 X132.6658 Y97.7355 Z23.1050 E0.05032 F600
G1 X132.5711 Y97.1325 Z23.0514 E0.05502 F600
G1 X132.5754 Y96.8287 Z22.9050 E0.03029 F600
G1 X132.7308 Y97.1035 Z22.7050 E0.03356 F600
G1 X133.0116 Y98.0709 Z22.5050 E0.09223 F600
G1 X133.3291 Y99.6085 Z22.3586 E0.14160 F600
G1 X133.6348 Y101.3652 Z22.3050 E0.16020 F600
G1 X133.9583 Y102.9390 Z22.3586 E0.14436 F600
G1 X134.2947 Y104.0916 Z22.5050 E0.10863 F600
G1 X134.5344 Y104.7798 Z22.7050 E0.06787 F600
G1 X134.5683 Y105.0523 Z22.9050 E0.03050 F600
G1 X134.4114 Y104.9863 Z23.0514 E0.02017 F600
G1 X134.1910 Y104.6926 Z23.1050 E0.03332 F600
G1 X134.0445 Y104.3399 Z23.0514 E0.03463 F600
G1 X134.0524 Y104.1453 Z22.9050 E0.02188 F600
G1 X134.2559 Y104.2907 Z22.7050 E0.02876 F600
G1 X134.7074 Y104.8149 Z22.5050 E0.06468 F600
G1 X135.4896 Y105.5930 Z22.3586 E0.09994 F600
G1 X136.6417 Y106.4486 Z22.3050 E0.12896 F600
G1 X138.0176 Y107.2703 Z22.3586 E0.14400 F600
G1 X139.2736 Y107.9861 Z22.5050 E0.13048 F600
G1 X140.0733 Y108.4941 Z22.7050 E0.08697 F600
G1 X140.2835 Y108.7072 Z22.9050 E0.03233 F600
G1 X139.9978 Y108.6379 Z23.0514 E0.02950 F600
G1 X139.4679 Y108.4006 Z23.1050 E0.05236 F600
G1 X139.0102 Y108.1471 Z23.0514 E0.04723 F600
G1 X138.9032 Y108.0167 Z22.9050 E0.02006 F600
G1 X139.3302 Y108.1210 Z22.7050 E0.04336 F600
G1 X140.3676 Y108.5396 Z22.5050 E0.10205 F600
G1 X141.9385 Y109.3230 Z22.3586 E0.15819 F600
G1 X143.7391 Y110.4693 Z22.3050 E0.19174 F600
G1 X145.3145 Y111.8411 Z22.3586 E0.18766 F600
G1 X146.3372 Y113.1373 Z22.5050 E0.14885 F600
G1 X146.7872 Y114.0336 Z22.7050 E0.09184 F600
G1 X146.8346 Y114.3635 Z22.9050 E0.03491 F600
G1 X146.6402 Y114.1799 Z23.0514 E0.02738 F600
G1 X146.3214 Y113.7056 Z23.1050 E0.05155 F600
G1 X146.0343 Y113.2355 Z23.0514 E0.04970 F600
G1 X145.9885 Y113.0403 Z22.9050 E0.02230 F600
G1 X146.3318 Y113.3196 Z22.7050 E0.04361 F600
G1 X147.0069 Y114.1918 Z22.5050 E0.10066 F600
G1 X147.7018 Y115.6528 Z22.3586 E0.14588 F600
G1 X148.0000 Y117.5000 Z22.3050 E0.16810 F600
G1 X147.7018 Y119.3472 Z22.3586 E0.16810 F600
G1 X147.0069 Y120.8082 Z22.5050 E0.14588 F600
G1 X146.3318 Y121.6804 Z22.7050 E0.10066 F600
G1 X145.9885 Y121.9597 Z22.9050 E0.04361 F600
G1 X146.0343 Y121.7645 Z23.0514 E0.02230 F600
G1 X146.3214 Y121.2944 Z23.1050 E0.04970 F600
; row 44/57
G1 X147.5118 Y116.9761 Z23.5514 E0.40425 F600
G1 X147.5826 Y116.7663 Z23.4050 E0.02384 F600
G1 X147.7378 Y117.1042 Z23.2050 E0.03791 F600
G1 X147.8486 Y118.0843 Z23.0050 E0.09038 F600
G1 X147.6216 Y119.6063 Z22.8586 E0.13882 F600
G1 X146.8171 Y121.3597 Z22.8050 E0.17330 F600
G1 X145.5231 Y122.9471 Z22.8586 E0.18398 F600
G1 X144.1484 Y124.0934 Z23.0050 E0.16127 F600
G1 X143.1282 Y124.7279 Z23.2050 E0.10938 F600
G1 X142.6847 Y124.9109 Z23.4050 E0.04668 F600
G1 X142.7955 Y124.7534 Z23.5514 E0.02173 F600
G1 X143.2561 Y124.4013 Z23.6050 E0.05228 F600
G1 X143.7684 Y124.0495 Z23.5514 E0.05602 F600
G1 X144.0436 Y123.9230 Z23.4050 E0.03021 F600
G1 X143.8597 Y124.1945 Z23.2050 E0.03450 F600
G1 X143.0723 Y124.8825 Z23.0050 E0.09560 F600
G1 X141.6810 Y125.8262 Z22.8586 E0.15155 F600
G1 X139.9299 Y126.7908 Z22.8050 E0.17960 F600
G1 X138.2387 Y127.6150 Z22.8586 E0.16901 F600
G1 X136.9465 Y128.2338 Z23.0050 E0.12934 F600
G1 X136.1612 Y128.6023 Z23.2050 E0.07994 F600
G1 X135.8375 Y128.6920 Z23.4050 E0.03511 F600
G1 X135.8906 Y128.5502 Z23.5514 E0.01892 F600
G1 X136.2086 Y128.3014 Z23.6050 E0.03658 F600
G1 X136.6081 Y128.0918 Z23.5514 E0.04080 F600
G1 X136.8418 Y128.0468 Z23.4050 E0.02510 F600
G1 X136.7022 Y128.2538 Z23.2050 E0.02873 F600
G1 X136.1487 Y128.7509 Z23.0050 E0.06919 F600
G1 X135.3532 Y129.5421 Z22.8586 E0.10161 F600
G1 X134.5876 Y130.6118 Z22.8050 E0.11822 F600
G1 X134.0192 Y131.8599 Z22.8586 E0.12325 F600
G1 X133.6425 Y133.0328 Z23.0050 E0.11140 F600
G1 X133.3977 Y133.8195 Z23.2050 E0.07614 F600
G1 X133.2611 Y134.0492 Z23.4050 E0.02997 F600
G1 X133.2277 Y133.7865 Z23.5514 E0.02717 F600
G1 X133.2812 Y133.2812 Z23.6050 E0.04588 F600
G1 X133.3876 Y132.8424 Z23.5514 E0.04083 F600
G1 X133.4887 Y132.7274 Z23.4050 E0.01903 F600
G1 X133.5213 Y133.1073 Z23.2050 E0.03867 F600
G1 X133.4568 Y134.0832 Z23.0050 E0.08965 F600
G1 X133.2879 Y135.6619 Z22.8586 E0.14318 F600
G1 X132.9702 Y137.6612 Z22.8050 E0.18186 F600
G1 X132.4572 Y139.6750 Z22.8586 E0.18668 F600
G1 X131.8299 Y141.2522 Z23.0050 E0.15299 F600
G1 X131.3036 Y142.1481 Z23.2050 E0.09502 F600
G1 X131.0637 Y142.3746 Z23.4050 E0.03465 F600
G1 X131.1302 Y142.0896 Z23.5514 E0.02939 F600
G1 X131.3750 Y141.5322 Z23.6050 E0.05488 F600
G1 X131.6302 Y141.0166 Z23.5514 E0.05189 F600
G1 X131.7663 Y140.8746 Z23.4050 E0.02202 F600
G1 X131.6834 Y141.3402 Z23.2050 E0.04611 F600
G1 X131.2670 Y142.4419 Z23.0050 E0.10728 F600
G1 X130.3941 Y143.9369 Z22.8586 E0.15602 F600
G1 X129.0408 Y145.3619 Z22.8050 E0.17655 F600
G1 X127.4133 Y146.2905 Z22.8586 E0.16833 F600
G1 X125.9078 Y146.6241 Z23.0050 E0.13910 F600
G1 X124.8874 Y146.5878 Z23.2050 E0.09344 F600
G1 X124.5082 Y146.4619 Z23.4050 E0.04012 F600
G1 X124.7001 Y146.3780 Z23.5514 E0.02295 F600
G1 X125.2249 Y146.3297 Z23.6050 E0.04757 F600
G1 X125.7595 Y146.3043 Z23.5514 E0.04830 F600
G1 X125.9917 Y146.3576 Z23.4050 E0.02511 F600
G1 X125.6876 Y146.5311 Z23.2050 E0.03621 F600
G1 X124.7269 Y146.7089 Z23.0050 E0.08956 F600
G1 X123.1580 Y146.6079 Z22.8586 E0.14179 F600
G1 X121.2512 Y145.9936 Z22.8050 E0.17996 F600
G1 X119.4187 Y144.9386 Z22.8586 E0.18995 F600
G1 X118.0064 Y143.8026 Z23.0050 E0.16330 F600
G1 X117.1668 Y142.9535 Z23.2050 E0.10872 F600
G1 X116.8886 Y142.5703 Z23.4050 E0.04617 F600
G1 X117.0612 Y142.6375 Z23.5514 E0.02121 F600
G1 X117.5000 Y143.0000 Z23.6050 E0.05134 F600
G1 X117.9525 Y143.4217 Z23.5514 E0.05575 F600
G1 X118.1381 Y143.6645 Z23.4050 E0.03043 F600
G1 X117.8409 Y143.5421 Z23.2050 E0.03400 F600
G1 X117.0103 Y142.9379 Z23.0050 E0.09397 F600
G1 X115.7960 Y141.8679 Z22.8586 E0.14593 F600
G1 X114.4639 Y140.5616 Z22.8050 E0.16762 F600
G1 X113.2487 Y139.3710 Z22.8586 E0.15285 F600
G1 X112.2976 Y138.5263 Z23.0050 E0.11498 F600
G1 X111.7084 Y138.0354 Z23.2050 E0.07118 F600
G1 X111.5242 Y137.8080 Z23.4050 E0.03184 F600
G1 X111.6835 Y137.7844 Z23.5514 E0.01955 F600
G1 X112.0251 Y137.9326 Z23.6050 E0.03378 F600
G1 X112.3459 Y138.1720 Z23.5514 E0.03627 F600
G1 X112.4546 Y138.3505 Z23.4050 E0.02291 F600
G1 X112.2105 Y138.3276 Z23.2050 E0.02842 F600
G1 X111.5543 Y138.0955 Z23.0050 E0.06503 F600
G1 X110.5056 Y137.8132 Z22.8586 E0.09841 F600
G1 X109.1412 Y137.6799 Z22.8050 E0.12320 F600
G1 X107.6282 Y137.7402 Z22.8586 E0.13607 F600
G1 X106.2594 Y137.8647 Z23.0050 E0.12412 F600
G1 X105.3518 Y137.9192 Z23.2050 E0.08360 F600
G1 X105.0668 Y137.8712 Z23.4050 E0.03157 F600
G1 X105.3288 Y137.7563 Z23.5514 E0.02886 F600
G1 X105.8750 Y137.6351 Z23.6050 E0.05048 F600
G1 X106.3725 Y137.5746 Z23.5514 E0.04526 F600
G1 X106.5285 Y137.6208 Z23.4050 E0.01966 F600
G1 X106.1396 Y137.7855 Z23.2050 E0.04196 F600
G1 X105.0970 Y138.0583 Z23.0050 E0.09843 F600
G1 X103.4167 Y138.3794 Z22.8586 E0.15419 F600
G1 X101.3146 Y138.5932 Z22.8050 E0.18980 F600
G1 X99.2168 Y138.5325 Z22.8586 E0.18853 F600
G1 X97.5751 Y138.2071 Z23.0050 E0.15086 F600
G1 X96.6318 Y137.8289 Z23.2050 E0.09302 F600
G1 X96.3767 Y137.6175 Z23.4050 E0.03475 F600
G1 X96.6530 Y137.6317 Z23.5514 E0.02811 F600
G1 X97.2188 Y137.7812 Z23.6050 E0.05277 F600
G1 X97.7536 Y137.9480 Z23.5514 E0.05054 F600
G1 X97.9163 Y138.0629 Z23.4050 E0.02220 F600
G1 X97.4615 Y138.0701 Z23.2050 E0.04462 F600
G1 X96.3522 Y137.8489 Z23.0050 E0.10315 F600
G1 X94.8248 Y137.2112 Z22.8586 E0.14922 F600
G1 X93.3333 Y136.0438 Z22.8050 E0.17016 F600
G1 X92.2988 Y134.4984 Z22.8586 E0.16707 F600
G1 X91.8382 Y132.9819 Z23.0050 E0.14293 F600
G1 X91.7687 Y131.9102 Z23.2050 E0.09810 F600
G1 X91.8464 Y131.4884 Z23.4050 E0.04250 F600
G1 X91.9439 Y131.6660 Z23.5514 E0.02244 F600
G1 X92.0414 Y132.1986 Z23.6050 E0.04886 F600
G1 X92.1177 Y132.7512 Z23.5514 E0.05033 F600
G1 X92.0917 Y133.0075 Z23.4050 E0.02661 F600
G1 X91.9018 Y132.7293 Z23.2050 E0.03518 F600
G1 X91.6399 Y131.7738 Z23.0050 E0.09077 F600
G1 X91.5617 Y130.1510 Z22.8586 E0.14650 F600
G1 X91.8881 Y128.1088 Z22.8050 E0.18579 F600
G1 X92.5774 Y126.0816 Z22.8586 E0.19234 F600
G1 X93.3527 Y124.4711 Z23.0050 E0.16105 F600
G1 X93.9443 Y123.4824 Z23.2050 E0.10501 F600
G1 X94.2312 Y123.1305 Z23.4050 E0.04455 F600
G1 X94.2183 Y123.3048 Z23.5514 E0.02047 F600
G1 X93.9939 Y123.7984 Z23.6050 E0.04894 F600
G1 X93.7068 Y124.3226 Z23.5514 E0.05388 F600
G1 X93.5191 Y124.5567 Z23.4050 E0.02998 F600
G1 X93.5617 Y124.2513 Z23.2050 E0.03300 F600
G1 X93.9132 Y123.3359 Z23.0050 E0.08987 F600
G1 X94.5442 Y121.9621 Z22.8586 E0.13639 F600
G1 X95.2620 Y120.4277 Z22.8050 E0.15220 F600
G1 X95.8151 Y119.0164 Z22.8586 E0.13621 F600
G1 X96.1081 Y117.9118 Z23.0050 E0.10346 F600
G1 X96.2422 Y117.2217 Z23.2050 E0.06564 F600
G1 X96.3479 Y116.9841 Z23.4050 E0.02946 F600
G1 X96.4526 Y117.1326 Z23.5514 E0.02095 F600
G1 X96.5000 Y117.5000 Z23.6050 E0.03361 F600
G1 X96.4526 Y117.8674 Z23.5514 E0.03361 F600
G1 X96.3479 Y118.0159 Z23.4050 E0.02095 F600
G1 X96.2422 Y117.7783 Z23.2050 E0.02946 F600
G1 X96.1081 Y117.0882 Z23.0050 E0.06564 F600
G1 X95.8151 Y115.9836 Z22.8586 E0.10346 F600
G1 X95.2620 Y114.5723 Z22.8050 E0.13621 F600
G1 X94.5442 Y113.0379 Z22.8586 E0.15220 F600
G1 X93.9132 Y111.6641 Z23.0050 E0.13639 F600
G1 X93.5617 Y110.7487 Z23.2050 E0.08987 F600
G1 X93.5191 Y110.4433 Z23.4050 E0.03300 F600
G1 X93.7068 Y110.6774 Z23.5514 E0.02998 F600
G1 X93.9939 Y111.2016 Z23.6050 E0.05388 F600
G1 X94.2183 Y111.6952 Z23.5514 E0.04894 F600
G1 X94.2312 Y111.8695 Z23.4050 E0.02047 F600
G1 X93.9443 Y111.5176 Z23.2050 E0.04455 F600
G1 X93.3527 Y110.5289 Z23.0050 E0.10501 F600
G1 X92.5774 Y108.9184 Z22.8586 E0.16105 F600
G1 X91.8881 Y106.8912 Z22.8050 E0.19234 F600
G1 X91.5617 Y104.8490 Z22.8586 E0.18579 F600
G1 X91.6399 Y103.2262 Z23.0050 E0.14650 F600
G1 X91.9018 Y102.2707 Z23.2050 E0.09077 F600
G1 X92.0917 Y101.9925 Z23.4050 E0.03518 F600
G1 X92.1177 Y102.2488 Z23.5514 E0.02661 F600
G1 X92.0414 Y102.8014 Z23.6050 E0.05033 F600
G1 X91.9439 Y103.3340 Z23.5514 E0.04886 F600
G1 X91.8464 Y103.5116 Z23.4050 E0.02244 F600
G1 X91.7687 Y103.0898 Z23.2050 E0.04250 F600
G1 X91.8382 Y102.0181 Z23.0050 E0.09810 F600
G1 X92.2988 Y100.5016 Z22.8586 E0.14293 F600
G1 X93.3333 Y98.9562 Z22.8050 E0.16707 F600
G1 X94.8248 Y97.7888 Z22.8586 E0.17016 F600
G1 X96.3522 Y97.1511 Z23.0050 E0.14922 F600
G1 X97.4615 Y96.9299 Z23.2050 E0.10315 F600
G1 X97.9163 Y96.9371 Z23.4050 E0.04462 F600
G1 X97.7536 Y97.0520 Z23.5514 E0.02220 F600
G1 X97.2188 Y97.2188 Z23.6050 E0.05054 F600
G1 X96.6530 Y97.3683 Z23.5514 E0.05277 F600
G1 X96.3767 Y97.3825 Z23.4050 E0.02811 F600
G1 X96.6318 Y97.1711 Z23.2050 E0.03475 F600
G1 X97.5751 Y96.7929 Z23.0050 E0.09302 F600
G1 X99.2168 Y96.4675 Z22.8586 E0.15086 F600
G1 X101.3146 Y96.4068 Z22.8050 E0.18853 F600
G1 X103.4167 Y96.6206 Z22.8586 E0.18980 F600
G1 X105.0970 Y96.9417 Z23.0050 E0.15419 F600
G1 X106.1396 Y97.2145 Z23.2050 E0.09843 F600
G1 X106.5285 Y97.3792 Z23.4050 E0.04196 F600
G1 X106.3725 Y97.4254 Z23.5514 E0.01966 F600
G1 X105.8750 Y97.3649 Z23.6050 E0.04526 F600
G1 X105.3288 Y97.2437 Z23.5514 E0.05048 F600
G1 X105.0668 Y97.1288 Z23.4050 E0.02886 F600
G1 X105.3518 Y97.0808 Z23.2050 E0.03157 F600
G1 X106.2594 Y97.1353 Z23.0050 E0.08360 F600
G1 X107.6282 Y97.2598 Z22.8586 E0.12412 F600
G1 X109.1412 Y97.3201 Z22.8050 E0.13607 F600
G1 X110.5056 Y97.1868 Z22.8586 E0.12320 F600
G1 X111.5543 Y96.9045 Z23.0050 E0.09841 F600
G1 X112.2105 Y96.6724 Z23.2050 E0.06503 F600
G1 X112.4546 Y96.6495 Z23.4050 E0.02842 F600
G1 X112.3459 Y96.8280 Z23.5514 E0.02291 F600
G1 X112.0251 Y97.0674 Z23.6050 E0.03627 F600
G1 X111.6835 Y97.2156 Z23.5514 E0.03378 F600
G1 X111.5242 Y97.1920 Z23.4050 E0.01955 F600
G1 X111.7084 Y96.9646 Z23.2050 E0.03184 F600
G1 X112.2976 Y96.4737 Z23.0050 E0.07118 F600
G1 X113.2487 Y95.6290 Z22.8586 E0.11498 F600
G1 X114.4639 Y94.4384 Z22.8050 E0.15285 F600
G1 X115.7960 Y93.1321 Z22.8586 E0.16762 F600
G1 X117.0103 Y92.0621 Z23.0050 E0.14593 F600
G1 X117.8409 Y91.4579 Z23.2050 E0.09397 F600
G1 X118.1381 Y91.3355 Z23.4050 E0.03400 F600
G1 X117.9525 Y91.5783 Z23.5514 E0.03043 F600
G1 X117.5000 Y92.0000 Z23.6050 E0.05575 F600
G1 X117.0612 Y92.3625 Z23.5514 E0.05134 F600
G1 X116.8886 Y92.4297 Z23.4050 E0.02121 F600
G1 X117.1668 Y92.0465 Z23.2050 E0.04617 F600
G1 X118.0064 Y91.1974 Z23.0050 E0.10872 F600
G1 X119.4187 Y90.0614 Z22.8586 E0.16330 F600
G1 X121.2512 Y89.0064 Z22.8050 E0.18995 F600
G1 X123.1580 Y88.3921 Z22.8586 E0.17996 F600
G1 X124.7269 Y88.2911 Z23.0050 E0.14179 F600
G1 X125.6876 Y88.4689 Z23.2050 E0.08956 F600
G1 X125.9917 Y88.6424 Z23.4050 E0.03621 F600
G1 X125.7595 Y88.6957 Z23.5514 E0.02511 F600
G1 X125.2249 Y88.6703 Z23.6050 E0.04830 F600
G1 X124.7001 Y88.6220 Z23.5514 E0.04757 F600
G1 X124.5082 Y88.5381 Z23.4050 E0.02295 F600
G1 X124.8874 Y88.4122 Z23.2050 E0.04012 F600
G1 X125.9078 Y88.3759 Z23.0050 E0.09344 F600
G1 X127.4133 Y88.7095 Z22.8586 E0.13910 F600
G1 X129.0408 Y89.6381 Z22.8050 E0.16833 F600
G1 X130.3941 Y91.0631 Z22.8586 E0.17655 F600
G1 X131.2670 Y92.5581 Z23.0050 E0.15602 F600
G1 X131.6834 Y93.6598 Z23.2050 E0.10728 F600
G1 X131.7663 Y94.1254 Z23.4050 E0.04611 F600
G1 X131.6302 Y93.9834 Z23.5514 E0.02202 F600
G1 X131.3750 Y93.4678 Z23.6050 E0.05189 F600
G1 X131.1302 Y92.9104 Z23.5514 E0.05488 F600
G1 X131.0637 Y92.6254 Z23.4050 E0.02939 F600
G1 X131.3036 Y92.8519 Z23.2050 E0.03465 F600
G1 X131.8299 Y93.7478 Z23.0050 E0.09502 F600
G1 X132.4572 Y95.3250 Z22.8586 E0.15299 F600
G1 X132.9702 Y97.3388 Z22.8050 E0.18668 F600
G1 X133.2879 Y99.3381 Z22.8586 E0.18186 F600
G1 X133.4568 Y100.9168 Z23.0050 E0.14318 F600
G1 X133.5213 Y101.8927 Z23.2050 E0.08965 F600
G1 X133.4887 Y102.2726 Z23.4050 E0.03867 F600
G1 X133.3876 Y102.1576 Z23.5514 E0.01903 F600
G1 X133.2812 Y101.7188 Z23.6050 E0.04083 F600
G1 X133.2277 Y101.2135 Z23.5514 E0.04588 F600
G1 X133.2611 Y100.9508 Z23.4050 E0.02717 F600
G1 X133.3977 Y101.1805 Z23.2050 E0.02997 F600
G1 X133.6425 Y101.9672 Z23.0050 E0.07614 F600
G1 X134.0192 Y103.1401 Z22.8586 E0.11140 F600
G1 X134.5876 Y104.3882 Z22.8050 E0.12325 F600
G1 X135.3532 Y105.4579 Z22.8586 E0.11822 F600
G1 X136.1487 Y106.2491 Z23.0050 E0.10161 F600
G1 X136.7022 Y106.7462 Z23.2050 E0.06919 F600
G1 X136.8418 Y106.9532 Z23.4050 E0.02873 F600
G1 X136.6081 Y106.9082 Z23.5514 E0.02510 F600
G1 X136.2086 Y106.6986 Z23.6050 E0.04080 F600
G1 X135.8906 Y106.4498 Z23.5514 E0.03658 F600
G1 X135.8375 Y106.3080 Z23.4050 E0.01892 F600
G1 X136.1612 Y106.3977 Z23.2050 E0.03511 F600
G1 X136.9465 Y106.7662 Z23.0050 E0.07994 F600
G1 X138.2387 Y107.3850 Z22.8586 E0.12934 F600
G1 X139.9299 Y108.2092 Z22.8050 E0.16901 F600
G1 X141.6810 Y109.1738 Z22.8586 E0.17960 F600
G1 X143.0723 Y110.1175 Z23.0050 E0.15155 F600
G1 X143.8597 Y110.8055 Z23.2050 E0.09560 F600
G1 X144.0436 Y111.0770 Z23.4050 E0.03450 F600
G1 X143.7684 Y110.9505 Z23.5514 E0.03021 F600
G1 X143.2561 Y110.5987 Z23.6050 E0.05602 F600
G1 X142.7955 Y110.2466 Z23.5514 E0.05228 F600
G1 X142.6847 Y110.0891 Z23.4050 E0.02173 F600
G1 X143.1282 Y110.2721 Z23.2050 E0.04668 F600
G1 X144.1484 Y110.9066 Z23.0050 E0.10938 F600
G1 X145.5231 Y112.0529 Z22.8586 E0.16127 F600
G1 X146.8171 Y113.6403 Z22.8050 E0.18398 F600
G1 X147.6216 Y115.3937 Z22.8586 E0.17330 F600
G1 X147.8486 Y116.9157 Z23.0050 E0.13882 F600
G1 X147.7378 Y117.8958 Z23.2050 E0.09038 F600
G1 X147.5826 Y118.2337 Z23.4050 E0.03791 F600
G1 X147.5118 Y118.0239 Z23.5514 E0.02384 F600
G1 X147.5000 Y117.5000 Z23.6050 E0.04730 F600
; row 45/57
G1 X146.6402 Y120.8201 Z24.0514 E0.31059 F600
G1 X146.8346 Y120.6365 Z23.9050 E0.02738 F600
G1 X146.7872 Y120.9664 Z23.7050 E0.03491 F600
G1 X146.3372 Y121.8627 Z23.5050 E0.09184 F600
G1 X145.3145 Y123.1589 Z23.3586 E0.14885 F600
G1 X143.7391 Y124.5307 Z23.3050 E0.18766 F600
G1 X141.9385 Y125.6770 Z23.3586 E0.19174 F600
G1 X140.3676 Y126.4604 Z23.5050 E0.15819 F600
G1 X139.3302 Y126.8790 Z23.7050 E0.10205 F600
G1 X138.9032 Y126.9833 Z23.9050 E0.04336 F600
G1 X139.0102 Y126.8529 Z24.0514 E0.02006 F600
G1 X139.4679 Y126.5994 Z24.1050 E0.04723 F600
G1 X139.9978 Y126.3621 Z24.0514 E0.05236 F600
G1 X140.2835 Y126.2928 Z23.9050 E0.02950 F600
G1 X140.0733 Y126.5059 Z23.7050 E0.03233 F600
G1 X139.2736 Y127.0139 Z23.5050 E0.08697 F600
G1 X138.0176 Y127.7297 Z23.3586 E0.13048 F600
G1 X136.6417 Y128.5514 Z23.3050 E0.14400 F600
G1 X135.4896 Y129.4070 Z23.3586 E0.12896 F600
G1 X134.7074 Y130.1851 Z23.5050 E0.09994 F600
G1 X134.2559 Y130.7093 Z23.7050 E0.06468 F600
G1 X134.0524 Y130.8547 Z23.9050 E0.02876 F600
G1 X134.0445 Y130.6601 Z24.0514 E0.02188 F600
G1 X134.1910 Y130.3074 Z24.1050 E0.03463 F600
G1 X134.4114 Y130.0137 Z24.0514 E0.03332 F600
G1 X134.5683 Y129.9477 Z23.9050 E0.02017 F600
G1 X134.5344 Y130.2202 Z23.7050 E0.03050 F600
G1 X134.2947 Y130.9084 Z23.5050 E0.06787 F600
G1 X133.9583 Y132.0610 Z23.3586 E0.10863 F600
G1 X133.6348 Y133.6348 Z23.3050 E0.14436 F600
G1 X133.3291 Y135.3915 Z23.3586 E0.16020 F600
G1 X133.0116 Y136.9291 Z23.5050 E0.14160 F600
G1 X132.7308 Y137.8965 Z23.7050 E0.09223 F600
G1 X132.5754 Y138.1713 Z23.9050 E0.03356 F600
G1 X132.5711 Y137.8675 Z24.0514 E0.03029 F600
G1 X132.6658 Y137.2645 Z24.1050 E0.05502 F600
G1 X132.7887 Y136.7205 Z24.0514 E0.05032 F600
G1 X132.8837 Y136.5673 Z23.9050 E0.02086 F600
G1 X132.8982 Y137.0325 Z23.7050 E0.04549 F600
G1 X132.7611 Y138.2019 Z23.5050 E0.10725 F600
G1 X132.3694 Y139.9653 Z23.3586 E0.16275 F600
G1 X131.6250 Y141.9652 Z23.3050 E0.19170 F600
G1 X130.5666 Y143.7075 Z23.3586 E0.18313 F600
G1 X129.4509 Y144.8507 Z23.5050 E0.14405 F600
G1 X128.6209 Y145.3747 Z23.7050 E0.08996 F600
G1 X128.2873 Y145.4517 Z23.9050 E0.03561 F600
G1 X128.4310 Y145.2499 Z24.0514 E0.02584 F600
G1 X128.8494 Y144.8999 Z24.1050 E0.04922 F600
G1 X129.2731 Y144.5762 Z24.0514 E0.04812 F600
G1 X129.4674 Y144.5096 Z23.9050 E0.02265 F600
G1 X129.2578 Y144.8670 Z23.7050 E0.04132 F600
G1 X128.5101 Y145.5986 Z23.5050 E0.09564 F600
G1 X127.1658 Y146.3880 Z23.3586 E0.14061 F600
G1 X125.3543 Y146.8126 Z23.3050 E0.16716 F600
G1 X123.4335 Y146.6643 Z23.3586 E0.17307 F600
G1 X121.8297 Y146.1192 Z23.5050 E0.15269 F600
G1 X120.8204 Y145.5542 Z23.7050 E0.10541 F600
G1 X120.4672 Y145.2517 Z23.9050 E0.04546 F600
G1 X120.6642 Y145.2717 Z24.0514 E0.02211 F600
G1 X121.1860 Y145.4978 Z24.1050 E0.05130 F600
G1 X121.7235 Y145.7598 Z24.0514 E0.05391 F600
G1 X121.9509 Y145.9320 Z23.9050 E0.02879 F600
G1 X121.6207 Y145.9199 Z23.7050 E0.03468 F600
G1 X120.6486 Y145.5827 Z23.5050 E0.09413 F600
G1 X119.1678 Y144.7687 Z23.3586 E0.15231 F600
G1 X117.5000 Y143.5000 Z23.3050 E0.18825 F600
G1 X115.9974 Y142.0674 Z23.3586 E0.18650 F600
G1 X114.8826 Y140.8451 Z23.5050 E0.14915 F600
G1 X114.2308 Y140.0472 Z23.7050 E0.09425 F600
G1 X114.0245 Y139.7013 Z23.9050 E0.04038 F600
G1 X114.1753 Y139.7463 Z24.0514 E0.01930 F600
G1 X114.5291 Y140.0659 Z24.1050 E0.04309 F600
G1 X114.8832 Y140.4671 Z24.0514 E0.04829 F600
G1 X115.0186 Y140.7078 Z23.9050 E0.02807 F600
G1 X114.7673 Y140.5888 Z23.7050 E0.03076 F600
G1 X114.0887 Y140.0486 Z23.5050 E0.07993 F600
G1 X113.0798 Y139.2262 Z23.3586 E0.11763 F600
G1 X111.8957 Y138.4155 Z23.3050 E0.12895 F600
G1 X110.6872 Y137.8613 Z23.3586 E0.11949 F600
G1 X109.6301 Y137.5845 Z23.5050 E0.09900 F600
G1 X108.9285 Y137.4507 Z23.7050 E0.06661 F600
G1 X108.7063 Y137.3469 Z23.9050 E0.02842 F600
G1 X108.9102 Y137.2553 Z24.0514 E0.02400 F600
G1 X109.3326 Y137.2179 Z24.1050 E0.03838 F600
G1 X109.7149 Y137.2637 Z24.0514 E0.03491 F600
G1 X109.8350 Y137.3612 Z23.9050 E0.01913 F600
G1 X109.5372 Y137.4590 Z23.7050 E0.03340 F600
G1 X108.7304 Y137.5700 Z23.5050 E0.07530 F600
G1 X107.3942 Y137.7692 Z23.3586 E0.12204 F600
G1 X105.6250 Y138.0681 Z23.3050 E0.16120 F600
G1 X103.7057 Y138.3409 Z23.3586 E0.17416 F600
G1 X102.0538 Y138.4529 Z23.5050 E0.14926 F600
G1 X101.0148 Y138.4113 Z23.7050 E0.09509 F600
G1 X100.7027 Y138.3193 Z23.9050 E0.03430 F600
G1 X100.9987 Y138.2450 Z24.0514 E0.03040 F600
G1 X101.6190 Y138.1965 Z24.1050 E0.05608 F600
G1 X102.1953 Y138.1831 Z24.0514 E0.05199 F600
G1 X102.3770 Y138.2366 Z23.9050 E0.02150 F600
G1 X101.9170 Y138.3681 Z23.7050 E0.04656 F600
G1 X100.7238 Y138.5130 Z23.5050 E0.10942 F600
G1 X98.9172 Y138.5040 Z23.3586 E0.16277 F600
G1 X96.8652 Y138.1348 Z23.3050 E0.18730 F600
G1 X95.0627 Y137.3508 Z23.3586 E0.17658 F600
G1 X93.8526 Y136.3794 Z23.5050 E0.13997 F600
G1 X93.2698 Y135.5936 Z23.7050 E0.08968 F600
G1 X93.1603 Y135.2507 Z23.9050 E0.03698 F600
G1 X93.3608 Y135.3621 Z24.0514 E0.02443 F600
G1 X93.7299 Y135.7394 Z24.1050 E0.04765 F600
G1 X94.0790 Y136.1299 Z24.0514 E0.04728 F600
G1 X94.1658 Y136.3264 Z23.9050 E0.02334 F600
G1 X93.8121 Y136.1741 Z23.7050 E0.03897 F600
G1 X93.0526 Y135.5223 Z23.5050 E0.09165 F600
G1 X92.1834 Y134.2567 Z23.3586 E0.13850 F600
G1 X91.6083 Y132.4486 Z23.3050 E0.17046 F600
G1 X91.5409 Y130.4427 Z23.3586 E0.18030 F600
G1 X91.8528 Y128.7065 Z23.5050 E0.15896 F600
G1 X92.2397 Y127.5779 Z23.7050 E0.10864 F600
G1 X92.4706 Y127.1595 Z23.9050 E0.04652 F600
G1 X92.4842 Y127.3540 Z24.0514 E0.02190 F600
G1 X92.3501 Y127.9174 Z24.1050 E0.05223 F600
G1 X92.1787 Y128.5100 Z24.0514 E0.05560 F600
G1 X92.0467 Y128.7778 Z23.9050 E0.02987 F600
G1 X92.0125 Y128.4503 Z23.7050 E0.03460 F600
G1 X92.1845 Y127.4196 Z23.5050 E0.09555 F600
G1 X92.6892 Y125.8016 Z23.3586 E0.15277 F600
G1 X93.5109 Y123.9279 Z23.3050 E0.18380 F600
G1 X94.4241 Y122.1948 Z23.3586 E0.17598 F600
G1 X95.1694 Y120.8783 Z23.5050 E0.13649 F600
G1 X95.6442 Y120.0868 Z23.7050 E0.08481 F600
G1 X95.8750 Y119.8121 Z23.9050 E0.03689 F600
G1 X95.9015 Y119.9608 Z24.0514 E0.01889 F600
G1 X95.7577 Y120.3624 Z24.1050 E0.03861 F600
G1 X95.5283 Y120.7837 Z24.0514 E0.04335 F600
G1 X95.3551 Y120.9667 Z23.9050 E0.02616 F600
G1 X95.3647 Y120.7095 Z23.7050 E0.02927 F600
G1 X95.5792 Y119.9577 Z23.5050 E0.07246 F600
G1 X95.8656 Y118.8232 Z23.3586 E0.10590 F600
G1 X96.0000 Y117.5000 Z23.3050 E0.11954 F600
G1 X95.8656 Y116.1768 Z23.3586 E0.11954 F600
G1 X95.5792 Y115.0423 Z23.5050 E0.10590 F600
G1 X95.3647 Y114.2905 Z23.7050 E0.07246 F600
G1 X95.3551 Y114.0333 Z23.9050 E0.02927 F600
G1 X95.5283 Y114.2163 Z24.0514 E0.02616 F600
G1 X95.7577 Y114.6376 Z24.1050 E0.04335 F600
G1 X95.9015 Y115.0392 Z24.0514 E0.03861 F600
G1 X95.8750 Y115.1879 Z23.9050 E0.01889 F600
G1 X95.6442 Y114.9132 Z23.7050 E0.03689 F600
G1 X95.1694 Y114.1217 Z23.5050 E0.08481 F600
G1 X94.4241 Y112.8052 Z23.3586 E0.13649 F600
G1 X93.5109 Y111.0721 Z23.3050 E0.17598 F600
G1 X92.6892 Y109.1984 Z23.3586 E0.18380 F600
G1 X92.1845 Y107.5804 Z23.5050 E0.15277 F600
G1 X92.0125 Y106.5497 Z23.7050 E0.09555 F600
G1 X92.0467 Y106.2222 Z23.9050 E0.03460 F600
G1 X92.1787 Y106.4900 Z24.0514 E0.02987 F600
G1 X92.3501 Y107.0826 Z24.1050 E0.05560 F600
G1 X92.4842 Y107.6460 Z24.0514 E0.05223 F600
G1 X92.4706 Y107.8405 Z23.9050 E0.02190 F600
G1 X92.2397 Y107.4221 Z23.7050 E0.04652 F600
G1 X91.8528 Y106.2935 Z23.5050 E0.10864 F600
G1 X91.5409 Y104.5573 Z23.3586 E0.15896 F600
G1 X91.6083 Y102.5514 Z23.3050 E0.18030 F600
G1 X92.1834 Y100.7433 Z23.3586 E0.17046 F600
G1 X93.0526 Y99.4777 Z23.5050 E0.13850 F600
G1 X93.8121 Y98.8259 Z23.7050 E0.09165 F600
G1 X94.1658 Y98.6736 Z23.9050 E0.03897 F600
G1 X94.0790 Y98.8701 Z24.0514 E0.02334 F600
G1 X93.7299 Y99.2606 Z24.1050 E0.04728 F600
G1 X93.3608 Y99.6379 Z24.0514 E0.04765 F600
G1 X93.1603 Y99.7493 Z23.9050 E0.02443 F600
G1 X93.2698 Y99.4064 Z23.7050 E0.03698 F600
G1 X93.8526 Y98.6206 Z23.5050 E0.08968 F600
G1 X95.0627 Y97.6492 Z23.3586 E0.13997 F600
G1 X96.8652 Y96.8652 Z23.3050 E0.17658 F600
G1 X98.9172 Y96.4960 Z23.3586 E0.18730 F600
G1 X100.7238 Y96.4870 Z23.5050 E0.16277 F600
G1 X101.9170 Y96.6319 Z23.7050 E0.10942 F600
G1 X102.3770 Y96.7634 Z23.9050 E0.04656 F600
G1 X102.1953 Y96.8169 Z24.0514 E0.02150 F600
G1 X101.6190 Y96.8035 Z24.1050 E0.05199 F600
G1 X100.9987 Y96.7550 Z24.0514 E0.05608 F600
G1 X100.7027 Y96.6807 Z23.9050 E0.03040 F600
G1 X101.0148 Y96.5887 Z23.7050 E0.03430 F600
G1 X102.0538 Y96.5471 Z23.5050 E0.09509 F600
G1 X103.7057 Y96.6591 Z23.3586 E0.14926 F600
G1 X105.6250 Y96.9319 Z23.3050 E0.17416 F600
G1 X107.3942 Y97.2308 Z23.3586 E0.16120 F600
G1 X108.7304 Y97.4300 Z23.5050 E0.12204 F600
G1 X109.5372 Y97.5410 Z23.7050 E0.07530 F600
G1 X109.8350 Y97.6388 Z23.9050 E0.03340 F600
G1 X109.7149 Y97.7363 Z24.0514 E0.01913 F600
G1 X109.3326 Y97.7821 Z24.1050 E0.03491 F600
G1 X108.9102 Y97.7447 Z24.0514 E0.03838 F600
G1 X108.7063 Y97.6531 Z23.9050 E0.02400 F600
G1 X108.9285 Y97.5493 Z23.7050 E0.02842 F600
G1 X109.6301 Y97.4155 Z23.5050 E0.06661 F600
G1 X110.6872 Y97.1387 Z23.3586 E0.09900 F600
G1 X111.8957 Y96.5845 Z23.3050 E0.11949 F600
G1 X113.0798 Y95.7738 Z23.3586 E0.12895 F600
G1 X114.0887 Y94.9514 Z23.5050 E0.11763 F600
G1 X114.7673 Y94.4112 Z23.7050 E0.07993 F600
G1 X115.0186 Y94.2922 Z23.9050 E0.03076 F600
G1 X114.8832 Y94.5329 Z24.0514 E0.02807 F600
G1 X114.5291 Y94.9341 Z24.1050 E0.04829 F600
G1 X114.1753 Y95.2537 Z24.0514 E0.04309 F600
G1 X114.0245 Y95.2987 Z23.9050 E0.01930 F600
G1 X114.2308 Y94.9528 Z23.7050 E0.04038 F600
G1 X114.8826 Y94.1549 Z23.5050 E0.09425 F600
G1 X115.9974 Y92.9326 Z23.3586 E0.14915 F600
G1 X117.5000 Y91.5000 Z23.3050 E0.18650 F600
G1 X119.1678 Y90.2313 Z23.3586 E0.18825 F600
G1 X120.6486 Y89.4173 Z23.5050 E0.15231 F600
G1 X121.6207 Y89.0801 Z23.7050 E0.09413 F600
G1 X121.9509 Y89.0680 Z23.9050 E0.03468 F600
G1 X121.7235 Y89.2402 Z24.0514 E0.02879 F600
G1 X121.1860 Y89.5022 Z24.1050 E0.05391 F600
G1 X120.6642 Y89.7283 Z24.0514 E0.05130 F600
G1 X120.4672 Y89.7483 Z23.9050 E0.02211 F600
G1 X120.8204 Y89.4458 Z23.7050 E0.04546 F600
G1 X121.8297 Y88.8808 Z23.5050 E0.10541 F600
G1 X123.4335 Y88.3357 Z23.3586 E0.15269 F600
G1 X125.3543 Y88.1874 Z23.3050 E0.17307 F600
G1 X127.1658 Y88.6120 Z23.3586 E0.16716 F600
G1 X128.5101 Y89.4014 Z23.5050 E0.14061 F600
G1 X129.2578 Y90.1330 Z23.7050 E0.09564 F600
G1 X129.4674 Y90.4904 Z23.9050 E0.04132 F600
G1 X129.2731 Y90.4238 Z24.0514 E0.02265 F600
G1 X128.8494 Y90.1001 Z24.1050 E0.04812 F600
G1 X128.4310 Y89.7501 Z24.0514 E0.04922 F600
G1 X128.2873 Y89.5483 Z23.9050 E0.02584 F600
G1 X128.6209 Y89.6253 Z23.7050 E0.03561 F600
G1 X129.4509 Y90.1493 Z23.5050 E0.08996 F600
G1 X130.5666 Y91.2925 Z23.3586 E0.14405 F600
G1 X131.6250 Y93.0348 Z23.3050 E0.18313 F600
G1 X132.3694 Y95.0347 Z23.3586 E0.19170 F600
G1 X132.7611 Y96.7981 Z23.5050 E0.16275 F600
G1 X132.8982 Y97.9675 Z23.7050 E0.10725 F600
G1 X132.8837 Y98.4327 Z23.9050 E0.04549 F600
G1 X132.7887 Y98.2795 Z24.0514 E0.02086 F600
G1 X132.6658 Y97.7355 Z24.1050 E0.05032 F600
G1 X132.5711 Y97.1325 Z24.0514 E0.05502 F600
G1 X132.5754 Y96.8287 Z23.9050 E0.03029 F600
G1 X132.7308 Y97.1035 Z23.7050 E0.03356 F600
G1 X133.0116 Y98.0709 Z23.5050 E0.09223 F600
G1 X133.3291 Y99.6085 Z23.3586 E0.14160 F600
G1 X133.6348 Y101.3652 Z23.3050 E0.16020 F600
G1 X133.9583 Y102.9390 Z23.3586 E0.14436 F600
G1 X134.2947 Y104.0916 Z23.5050 E0.10863 F600
G1 X134.5344 Y104.7798 Z23.7050 E0.06787 F600
G1 X134.5683 Y105.0523 Z23.9050 E0.03050 F600
G1 X134.4114 Y104.9863 Z24.0514 E0.02017 F600
G1 X134.1910 Y104.6926 Z24.1050 E0.03332 F600
G1 X134.0445 Y104.3399 Z24.0514 E0.03463 F600
G1 X134.0524 Y104.1453 Z23.9050 E0.02188 F600
G1 X134.2559 Y104.2907 Z23.7050 E0.02876 F600
G1 X134.7074 Y104.8149 Z23.5050 E0.06468 F600
G1 X135.4896 Y105.5930 Z23.3586 E0.09994 F600
G1 X136.6417 Y106.4486 Z23.3050 E0.12896 F600
G1 X138.0176 Y107.2703 Z23.3586 E0.14400 F600
G1 X139.2736 Y107.9861 Z23.5050 E0.13048 F600
G1 X140.0733 Y108.4941 Z23.7050 E0.08697 F600
G1 X140.2835 Y108.7072 Z23.9050 E0.03233 F600
G1 X139.9978 Y108.6379 Z24.0514 E0.02950 F600
G1 X139.4679 Y108.4006 Z24.1050 E0.05236 F600
G1 X139.0102 Y108.1471 Z24.0514 E0.04723 F600
G1 X138.9032 Y108.0167 Z23.9050 E0.02006 F600
G1 X139.3302 Y108.1210 Z23.7050 E0.04336 F600
G1 X140.3676 Y108.5396 Z23.5050 E0.10205 F600
G1 X141.9385 Y109.3230 Z23.3586 E0.15819 F600
G1 X143.7391 Y110.4693 Z23.3050 E0.19174 F600
G1 X145.3145 Y111.8411 Z23.3586 E0.18766 F600
G1 X146.3372 Y113.1373 Z23.5050 E0.14885 F600
G1 X146.7872 Y114.0336 Z23.7050 E0.09184 F600
G1 X146.8346 Y114.3635 Z23.9050 E0.03491 F600
G1 X146.6402 Y114.1799 Z24.0514 E0.02738 F600
G1 X146.3214 Y113.7056 Z24.1050 E0.05155 F600
G1 X146.0343 Y113.2355 Z24.0514 E0.04970 F600
G1 X145.9885 Y113.0403 Z23.9050 E0.02230 F600
G1 X146.3318 Y113.3196 Z23.7050 E0.04361 F600
G1 X147.0069 Y114.1918 Z23.5050 E0.10066 F600
G1 X147.7018 Y115.6528 Z23.3586 E0.14588 F600
G1 X148.0000 Y117.5000 Z23.3050 E0.16810 F600
G1 X147.7018 Y119.3472 Z23.3586 E0.16810 F600
G1 X147.0069 Y120.8082 Z23.5050 E0.14588 F600
G1 X146.3318 Y121.6804 Z23.7050 E0.10066 F600
G1 X145.9885 Y121.9597 Z23.9050 E0.04361 F600
G1 X146.0343 Y121.7645 Z24.0514 E0.02230 F600
G1 X146.3214 Y121.2944 Z24.1050 E0.04970 F600
; row 46/57
G1 X147.5118 Y116.9761 Z24.5514 E0.40425 F600
G1 X147.5826 Y116.7663 Z24.4050 E0.02384 F600
G1 X147.7378 Y117.1042 Z24.2050 E0.03791 F600
G1 X147.8486 Y118.0843 Z24.0050 E0.09038 F600
G1 X147.6216 Y119.6063 Z23.8586 E0.13882 F600
G1 X146.8171 Y121.3597 Z23.8050 E0.17330 F600
G1 X145.5231 Y122.9471 Z23.8586 E0.18398 F600
G1 X144.1484 Y124.0934 Z24.0050 E0.16127 F600
G1 X143.1282 Y124.7279 Z24.2050 E0.10938 F600
G1 X142.6847 Y124.9109 Z24.4050 E0.04668 F600
G1 X142.7955 Y124.7534 Z24.5514 E0.02173 F600
G1 X143.2561 Y124.4013 Z24.6050 E0.05228 F600
G1 X143.7684 Y124.0495 Z24.5514 E0.05602 F600
G1 X144.0436 Y123.9230 Z24.4050 E0.03021 F600
G1 X143.8597 Y124.1945 Z24.2050 E0.03450 F600
G1 X143.0723 Y124.8825 Z24.0050 E0.09560 F600
G1 X141.6810 Y125.8262 Z23.8586 E0.15155 F600
G1 X139.9299 Y126.7908 Z23.8050 E0.17960 F600
G1 X138.2387 Y127.6150 Z23.8586 E0.16901 F600
G1 X136.9465 Y128.2338 Z24.0050 E0.12934 F600
G1 X136.1612 Y128.6023 Z24.2050 E0.07994 F600
G1 X135.8375 Y128.6920 Z24.4050 E0.03511 F600
G1 X135.8906 Y128.5502 Z24.5514 E0.01892 F600
G1 X136.2086 Y128.3014 Z24.6050 E0.03658 F600
G1 X136.6081 Y128.0918 Z24.5514 E0.04080 F600
G1 X136.8418 Y128.0468 Z24.4050 E0.02510 F600
G1 X136.7022 Y128.2538 Z24.2050 E0.02873 F600
G1 X136.1487 Y128.7509 Z24.0050 E0.06919 F600
G1 X135.3532 Y129.5421 Z23.8586 E0.10161 F600
G1 X134.5876 Y130.6118 Z23.8050 E0.11822 F600
G1 X134.0192 Y131.8599 Z23.8586 E0.12325 F600
G1 X133.6425 Y133.0328 Z24.0050 E0.11140 F600
G1 X133.3977 Y133.8195 Z24.2050 E0.07614 F600
G1 X133.2611 Y134.0492 Z24.4050 E0.02997 F600
G1 X133.2277 Y133.7865 Z24.5514 E0.02717 F600
G1 X133.2812 Y133.2812 Z24.6050 E0.04588 F600
G1 X133.3876 Y132.8424 Z24.5514 E0.04083 F600
G1 X133.4887 Y132.7274 Z24.4050 E0.01903 F600
G1 X133.5213 Y133.1073 Z24.2050 E0.03867 F600
G1 X133.4568 Y134.0832 Z24.0050 E0.08965 F600
G1 X133.2879 Y135.6619 Z23.8586 E0.14318 F600
G1 X132.9702 Y137.6612 Z23.8050 E0.18186 F600
G1 X132.4572 Y139.6750 Z23.8586 E0.18668 F600
G1 X131.8299 Y141.2522 Z24.0050 E0.15299 F600
G1 X131.3036 Y142.1481 Z24.2050 E0.09502 F600
G1 X131.0637 Y142.3746 Z24.4050 E0.03465 F600
G1 X131.1302 Y142.0896 Z24.5514 E0.02939 F600
G1 X131.3750 Y141.5322 Z24.6050 E0.05488 F600
G1 X131.6302 Y141.0166 Z24.5514 E0.05189 F600
G1 X131.7663 Y140.8746 Z24.4050 E0.02202 F600
G1 X131.6834 Y141.3402 Z24.2050 E0.04611 F600
G1 X131.2670 Y142.4419 Z24.0050 E0.10728 F600
G1 X130.3941 Y143.9369 Z23.8586 E0.15602 F600
G1 X129.0408 Y145.3619 Z23.8050 E0.17655 F600
G1 X127.4133 Y146.2905 Z23.8586 E0.16833 F600
G1 X125.9078 Y146.6241 Z24.0050 E0.13910 F600
G1 X124.8874 Y146.5878 Z24.2050 E0.09344 F600
G1 X124.5082 Y146.4619 Z24.4050 E0.04012 F600
G1 X124.7001 Y146.3780 Z24.5514 E0.02295 F600
G1 X125.2249 Y146.3297 Z24.6050 E0.04757 F600
G1 X125.7595 Y146.3043 Z24.5514 E0.04830 F600
G1 X125.9917 Y146.3576 Z24.4050 E0.02511 F600
G1 X125.6876 Y146.5311 Z24.2050 E0.03621 F600
G1 X124.7269 Y146.7089 Z24.0050 E0.08956 F600
G1 X123.1580 Y146.6079 Z23.8586 E0.14179 F600
G1 X121.2512 Y145.9936 Z23.8050 E0.17996 F600
G1 X119.4187 Y144.9386 Z23.8586 E0.18995 F600
G1 X118.0064 Y143.8026 Z24.0050 E0.16330 F600
G1 X117.1668 Y142.9535 Z24.2050 E0.10872 F600
G1 X116.8886 Y142.5703 Z24.4050 E0.04617 F600
G1 X117.0612 Y142.6375 Z24.5514 E0.02121 F600
G1 X117.5000 Y143.0000 Z24.6050 E0.05134 F600
G1 X117.9525 Y143.4217 Z24.5514 E0.05575 F600
G1 X118.1381 Y143.6645 Z24.4050 E0.03043 F600
G1 X117.8409 Y143.5421 Z24.2050 E0.03400 F600
G1 X117.0103 Y142.9379 Z24.0050 E0.09397 F600
G1 X115.7960 Y141.8679 Z23.8586 E0.14593 F600
G1 X114.4639 Y140.5616 Z23.8050 E0.16762 F600
G1 X113.2487 Y139.3710 Z23.8586 E0.15285 F600
G1 X112.2976 Y138.5263 Z24.0050 E0.11498 F600
G1 X111.7084 Y138.0354 Z24.2050 E0.07118 F600
G1 X111.5242 Y137.8080 Z24.4050 E0.03184 F600
G1 X111.6835 Y137.7844 Z24.5514 E0.01955 F600
G1 X112.0251 Y137.9326 Z24.6050 E0.03378 F600
G1 X112.3459 Y138.1720 Z24.5514 E0.03627 F600
G1 X112.4546 Y138.3505 Z24.4050 E0.02291 F600
G1 X112.2105 Y138.3276 Z24.2050 E0.02842 F600
G1 X111.5543 Y138.0955 Z24.0050 E0.06503 F600
G1 X110.5056 Y137.8132 Z23.8586 E0.09841 F600
G1 X109.1412 Y137.6799 Z23.8050 E0.12320 F600
G1 X107.6282 Y137.7402 Z23.8586 E0.13607 F600
G1 X106.2594 Y137.8647 Z24.0050 E0.12412 F600
G1 X105.3518 Y137.9192 Z24.2050 E0.08360 F600
G1 X105.0668 Y137.8712 Z24.4050 E0.03157 F600
G1 X105.3288 Y137.7563 Z24.5514 E0.02886 F600
G1 X105.8750 Y137.6351 Z24.6050 E0.05048 F600
G1 X106.3725 Y137.5746 Z24.5514 E0.04526 F600
G1 X106.5285 Y137.6208 Z24.4050 E0.01966 F600
G1 X106.1396 Y137.7855 Z24.2050 E0.04196 F600
G1 X105.0970 Y138.0583 Z24.0050 E0.09843 F600
G1 X103.4167 Y138.3794 Z23.8586 E0.15419 F600
G1 X101.3146 Y138.5932 Z23.8050 E0.18980 F600
G1 X99.2168 Y138.5325 Z23.8586 E0.18853 F600
G1 X97.5751 Y138.2071 Z24.0050 E0.15086 F600
G1 X96.6318 Y137.8289 Z24.2050 E0.09302 F600
G1 X96.3767 Y137.6175 Z24.4050 E0.03475 F600
G1 X96.6530 Y137.6317 Z24.5514 E0.02811 F600
G1 X97.2188 Y137.7812 Z24.6050 E0.05277 F600
G1 X97.7536 Y137.9480 Z24.5514 E0.05054 F600
G1 X97.9163 Y138.0629 Z24.4050 E0.02220 F600
G1 X97.4615 Y138.0701 Z24.2050 E0.04462 F600
G1 X96.3522 Y137.8489 Z24.0050 E0.10315 F600
G1 X94.8248 Y137.2112 Z23.8586 E0.14922 F600
G1 X93.3333 Y136.0438 Z23.8050 E0.17016 F600
G1 X92.2988 Y134.4984 Z23.8586 E0.16707 F600
G1 X91.8382 Y132.9819 Z24.0050 E0.14293 F600
G1 X91.7687 Y131.9102 Z24.2050 E0.09810 F600
G1 X91.8464 Y131.4884 Z24.4050 E0.04250 F600
G1 X91.9439 Y131.6660 Z24.5514 E0.02244 F600
G1 X92.0414 Y132.1986 Z24.6050 E0.04886 F600
G1 X92.1177 Y132.7512 Z24.5514 E0.05033 F600
G1 X92.0917 Y133.0075 Z24.4050 E0.02661 F600
G1 X91.9018 Y132.7293 Z24.2050 E0.03518 F600
G1 X91.6399 Y131.7738 Z24.0050 E0.09077 F600
G1 X91.5617 Y130.1510 Z23.8586 E0.14650 F600
G1 X91.8881 Y128.1088 Z23.8050 E0.18579 F600
G1 X92.5774 Y126.0816 Z23.8586 E0.19234 F600
G1 X93.3527 Y124.4711 Z24.0050 E0.16105 F600
G1 X93.9443 Y123.4824 Z24.2050 E0.10501 F600
G1 X94.2312 Y123.1305 Z24.4050 E0.04455 F600
G1 X94.2183 Y123.3048 Z24.5514 E0.02047 F600
G1 X93.9939 Y123.7984 Z24.6050 E0.04894 F600
G1 X93.7068 Y124.3226 Z24.5514 E0.05388 F600
G1 X93.5191 Y124.5567 Z24.4050 E0.02998 F600
G1 X93.5617 Y124.2513 Z24.2050 E0.03300 F600
G1 X93.9132 Y123.3359 Z24.0050 E0.08987 F600
G1 X94.5442 Y121.9621 Z23.8586 E0.13639 F600
G1 X95.2620 Y120.4277 Z23.8050 E0.15220 F600
G1 X95.8151 Y119.0164 Z23.8586 E0.13621 F600
G1 X96.1081 Y117.9118 Z24.0050 E0.10346 F600
G1 X96.2422 Y117.2217 Z24.2050 E0.06564 F600
G1 X96.3479 Y116.9841 Z24.4050 E0.02946 F600
G1 X96.4526 Y117.1326 Z24.5514 E0.02095 F600
G1 X96.5000 Y117.5000 Z24.6050 E0.03361 F600
G1 X96.4526 Y117.8674 Z24.5514 E0.03361 F600
G1 X96.3479 Y118.0159 Z24.4050 E0.02095 F600
G1 X96.2422 Y117.7783 Z24.2050 E0.02946 F600
G1 X96.1081 Y117.0882 Z24.0050 E0.06564 F600
G1 X95.8151 Y115.9836 Z23.8586 E0.10346 F600
G1 X95.2620 Y114.5723 Z23.8050 E0.13621 F600
G1 X94.5442 Y113.0379 Z23.8586 E0.15220 F600
G1 X93.9132 Y111.6641 Z24.0050 E0.13639 F600
G1 X93.5617 Y110.7487 Z24.2050 E0.08987 F600
G1 X93.5191 Y110.4433 Z24.4050 E0.03300 F600
G1 X93.7068 Y110.6774 Z24.5514 E0.02998 F600
G1 X93.9939 Y111.2016 Z24.6050 E0.05388 F600
G1 X94.2183 Y111.6952 Z24.5514 E0.04894 F600
G1 X94.2312 Y111.8695 Z24.4050 E0.02047 F600
G1 X93.9443 Y111.5176 Z24.2050 E0.04455 F600
G1 X93.3527 Y110.5289 Z24.0050 E0.10501 F600
G1 X92.5774 Y108.9184 Z23.8586 E0.16105 F600
G1 X91.8881 Y106.8912 Z23.8050 E0.19234 F600
G1 X91.5617 Y104.8490 Z23.8586 E0.18579 F600
G1 X91.6399 Y103.2262 Z24.0050 E0.14650 F600
G1 X91.9018 Y102.2707 Z24.2050 E0.09077 F600
G1 X92.0917 Y101.9925 Z24.4050 E0.03518 F600
G1 X92.1177 Y102.2488 Z24.5514 E0.02661 F600
G1 X92.0414 Y102.8014 Z24.6050 E0.05033 F600
G1 X91.9439 Y103.3340 Z24.5514 E0.04886 F600
G1 X91.8464 Y103.5116 Z24.4050 E0.02244 F600
G1 X91.7687 Y103.0898 Z24.2050 E0.04250 F600
G1 X91.8382 Y102.0181 Z24.0050 E0.09810 F600
G1 X92.2988 Y100.5016 Z23.8586 E0.14293 F600
G1 X93.3333 Y98.9562 Z23.8050 E0.16707 F600
G1 X94.8248 Y97.7888 Z23.8586 E0.17016 F600
G1 X96.3522 Y97.1511 Z24.0050 E0.14922 F600
G1 X97.4615 Y96.9299 Z24.2050 E0.10315 F600
G1 X97.9163 Y96.9371 Z24.4050 E0.04462 F600
G1 X97.7536 Y97.0520 Z24.5514 E0.02220 F600
G1 X97.2188 Y97.2188 Z24.6050 E0.05054 F600
G1 X96.6530 Y97.3683 Z24.5514 E0.05277 F600
G1 X96.3767 Y97.3825 Z24.4050 E0.02811 F600
G1 X96.6318 Y97.1711 Z24.2050 E0.03475 F600
G1 X97.5751 Y96.7929 Z24.0050 E0.09302 F600
G1 X99.2168 Y96.4675 Z23.8586 E0.15086 F600
G1 X101.3146 Y96.4068 Z23.8050 E0.18853 F600
G1 X103.4167 Y96.6206 Z23.8586 E0.18980 F600
G1 X105.0970 Y96.9417 Z24.0050 E0.15419 F600
G1 X106.1396 Y97.2145 Z24.2050 E0.09843 F600
G1 X106.5285 Y97.3792 Z24.4050 E0.04196 F600
G1 X106.3725 Y97.4254 Z24.5514 E0.01966 F600
G1 X105.8750 Y97.3649 Z24.6050 E0.04526 F600
G1 X105.3288 Y97.2437 Z24.5514 E0.05048 F600
G1 X105.0668 Y97.1288 Z24.4050 E0.02886 F600
G1 X105.3518 Y97.0808 Z24.2050 E0.03157 F600
G1 X106.2594 Y97.1353 Z24.0050 E0.08360 F600
G1 X107.6282 Y97.2598 Z23.8586 E0.12412 F600
G1 X109.1412 Y97.3201 Z23.8050 E0.13607 F600
G1 X110.5056 Y97.1868 Z23.8586 E0.12320 F600
G1 X111.5543 Y96.9045 Z24.0050 E0.09841 F600
G1 X112.2105 Y96.6724 Z24.2050 E0.06503 F600
G1 X112.4546 Y96.6495 Z24.4050 E0.02842 F600
G1 X112.3459 Y96.8280 Z24.5514 E0.02291 F600
G1 X112.0251 Y97.0674 Z24.6050 E0.03627 F600
G1 X111.6835 Y97.2156 Z24.5514 E0.03378 F600
G1 X111.5242 Y97.1920 Z24.4050 E0.01955 F600
G1 X111.7084 Y96.9646 Z24.2050 E0.03184 F600
G1 X112.2976 Y96.4737 Z24.0050 E0.07118 F600
G1 X113.2487 Y95.6290 Z23.8586 E0.11498 F600
G1 X114.4639 Y94.4384 Z23.8050 E0.15285 F600
G1 X115.7960 Y93.1321 Z23.8586 E0.16762 F600
G1 X117.0103 Y92.0621 Z24.0050 E0.14593 F600
G1 X117.8409 Y91.4579 Z24.2050 E0.09397 F600
G1 X118.1381 Y91.3355 Z24.4050 E0.03400 F600
G1 X117.9525 Y91.5783 Z24.5514 E0.03043 F600
G1 X117.5000 Y92.0000 Z24.6050 E0.05575 F600
G1 X117.0612 Y92.3625 Z24.5514 E0.05134 F600
G1 X116.8886 Y92.4297 Z24.4050 E0.02121 F600
G1 X117.1668 Y92.0465 Z24.2050 E0.04617 F600
G1 X118.0064 Y91.1974 Z24.0050 E0.10872 F600
G1 X119.4187 Y90.0614 Z23.8586 E0.16330 F600
G1 X121.2512 Y89.0064 Z23.8050 E0.18995 F600
G1 X123.1580 Y88.3921 Z23.8586 E0.17996 F600
G1 X124.7269 Y88.2911 Z24.0050 E0.14179 F600
G1 X125.6876 Y88.4689 Z24.2050 E0.08956 F600
G1 X125.9917 Y88.6424 Z24.4050 E0.03621 F600
G1 X125.7595 Y88.6957 Z24.5514 E0.02511 F600
G1 X125.2249 Y88.6703 Z24.6050 E0.04830 F600
G1 X124.7001 Y88.6220 Z24.5514 E0.04757 F600
G1 X124.5082 Y88.5381 Z24.4050 E0.02295 F600
G1 X124.8874 Y88.4122 Z24.2050 E0.04012 F600
G1 X125.9078 Y88.3759 Z24.0050 E0.09344 F600
G1 X127.4133 Y88.7095 Z23.8586 E0.13910 F600
G1 X129.0408 Y89.6381 Z23.8050 E0.16833 F600
G1 X130.3941 Y91.0631 Z23.8586 E0.17655 F600
G1 X131.2670 Y92.5581 Z24.0050 E0.15602 F600
G1 X131.6834 Y93.6598 Z24.2050 E0.10728 F600
G1 X131.7663 Y94.1254 Z24.4050 E0.04611 F600
G1 X131.6302 Y93.9834 Z24.5514 E0.02202 F600
G1 X131.3750 Y93.4678 Z24.6050 E0.05189 F600
G1 X131.1302 Y92.9104 Z24.5514 E0.05488 F600
G1 X131.0637 Y92.6254 Z24.4050 E0.02939 F600
G1 X131.3036 Y92.8519 Z24.2050 E0.03465 F600
G1 X131.8299 Y93.7478 Z24.0050 E0.09502 F600
G1 X132.4572 Y95.3250 Z23.8586 E0.15299 F600
G1 X132.9702 Y97.3388 Z23.8050 E0.18668 F600
G1 X133.2879 Y99.3381 Z23.8586 E0.18186 F600
G1 X133.4568 Y100.9168 Z24.0050 E0.14318 F600
G1 X133.5213 Y101.8927 Z24.2050 E0.08965 F600
G1 X133.4887 Y102.2726 Z24.4050 E0.03867 F600
G1 X133.3876 Y102.1576 Z24.5514 E0.01903 F600
G1 X133.2812 Y101.7188 Z24.6050 E0.04083 F600
G1 X133.2277 Y101.2135 Z24.5514 E0.04588 F600
G1 X133.2611 Y100.9508 Z24.4050 E0.02717 F600
G1 X133.3977 Y101.1805 Z24.2050 E0.02997 F600
G1 X133.6425 Y101.9672 Z24.0050 E0.07614 F600
G1 X134.0192 Y103.1401 Z23.8586 E0.11140 F600
G1 X134.5876 Y104.3882 Z23.8050 E0.12325 F600
G1 X135.3532 Y105.4579 Z23.8586 E0.11822 F600
G1 X136.1487 Y106.2491 Z24.0050 E0.10161 F600
G1 X136.7022 Y106.7462 Z24.2050 E0.06919 F600
G1 X136.8418 Y106.9532 Z24.4050 E0.02873 F600
G1 X136.6081 Y106.9082 Z24.5514 E0.02510 F600
G1 X136.2086 Y106.6986 Z24.6050 E0.04080 F600
G1 X135.8906 Y106.4498 Z24.5514 E0.03658 F600
G1 X135.8375 Y106.3080 Z24.4050 E0.01892 F600
G1 X136.1612 Y106.3977 Z24.2050 E0.03511 F600
G1 X136.9465 Y106.7662 Z24.0050 E0.07994 F600
G1 X138.2387 Y107.3850 Z23.8586 E0.12934 F600
G1 X139.9299 Y108.2092 Z23.8050 E0.16901 F600
G1 X141.6810 Y109.1738 Z23.8586 E0.17960 F600
G1 X143.0723 Y110.1175 Z24.0050 E0.15155 F600
G1 X143.8597 Y110.8055 Z24.2050 E0.09560 F600
G1 X144.0436 Y111.0770 Z24.4050 E0.03450 F600
G1 X143.7684 Y110.9505 Z24.5514 E0.03021 F600
G1 X143.2561 Y110.5987 Z24.6050 E0.05602 F600
G1 X142.7955 Y110.2466 Z24.5514 E0.05228 F600
G1 X142.6847 Y110.0891 Z24.4050 E0.02173 F600
G1 X143.1282 Y110.2721 Z24.2050 E0.04668 F600
G1 X144.1484 Y110.9066 Z24.0050 E0.10938 F600
G1 X145.5231 Y112.0529 Z23.8586 E0.16127 F600
G1 X146.8171 Y113.6403 Z23.8050 E0.18398 F600
G1 X147.6216 Y115.3937 Z23.8586 E0.17330 F600
G1 X147.8486 Y116.9157 Z24.0050 E0.13882 F600
G1 X147.7378 Y117.8958 Z24.2050 E0.09038 F600
G1 X147.5826 Y118.2337 Z24.4050 E0.03791 F600
G1 X147.5118 Y118.0239 Z24.5514 E0.02384 F600
G1 X147.5000 Y117.5000 Z24.6050 E0.04730 F600
; row 47/57
G1 X146.6402 Y120.8201 Z25.0514 E0.31059 F600
G1 X146.8346 Y120.6365 Z24.9050 E0.02738 F600
G1 X146.7872 Y120.9664 Z24.7050 E0.03491 F600
G1 X146.3372 Y121.8627 Z24.5050 E0.09184 F600
G1 X145.3145 Y123.1589 Z24.3586 E0.14885 F600
G1 X143.7391 Y124.5307 Z24.3050 E0.18766 F600
G1 X141.9385 Y125.6770 Z24.3586 E0.19174 F600
G1 X140.3676 Y126.4604 Z24.5050 E0.15819 F600
G1 X139.3302 Y126.8790 Z24.7050 E0.10205 F600
G1 X138.9032 Y126.9833 Z24.9050 E0.04336 F600
G1 X139.0102 Y126.8529 Z25.0514 E0.02006 F600
G1 X139.4679 Y126.5994 Z25.1050 E0.04723 F600
G1 X139.9978 Y126.3621 Z25.0514 E0.05236 F600
G1 X140.2835 Y126.2928 Z24.9050 E0.02950 F600
G1 X140.0733 Y126.5059 Z24.7050 E0.03233 F600
G1 X139.2736 Y127.0139 Z24.5050 E0.08697 F600
G1 X138.0176 Y127.7297 Z24.3586 E0.13048 F600
G1 X136.6417 Y128.5514 Z24.3050 E0.14400 F600
G1 X135.4896 Y129.4070 Z24.3586 E0.12896 F600
G1 X134.7074 Y130.1851 Z24.5050 E0.09994 F600
G1 X134.2559 Y130.7093 Z24.7050 E0.06468 F600
G1 X134.0524 Y130.8547 Z24.9050 E0.02876 F600
G1 X134.0445 Y130.6601 Z25.0514 E0.02188 F600
G1 X134.1910 Y130.3074 Z25.1050 E0.03463 F600
G1 X134.4114 Y130.0137 Z25.0514 E0.03332 F600
G1 X134.5683 Y129.9477 Z24.9050 E0.02017 F600
G1 X134.5344 Y130.2202 Z24.7050 E0.03050 F600
G1 X134.2947 Y130.9084 Z24.5050 E0.06787 F600
G1 X133.9583 Y132.0610 Z24.3586 E0.10863 F600
G1 X133.6348 Y133.6348 Z24.3050 E0.14436 F600
G1 X133.3291 Y135.3915 Z24.3586 E0.16020 F600
G1 X133.0116 Y136.9291 Z24.5050 E0.14160 F600
G1 X132.7308 Y137.8965 Z24.7050 E0.09223 F600
G1 X132.5754 Y138.1713 Z24.9050 E0.03356 F600
G1 X132.5711 Y137.8675 Z25.0514 E0.03029 F600
G1 X132.6658 Y137.2645 Z25.1050 E0.05502 F600
G1 X132.7887 Y136.7205 Z25.0514 E0.05032 F600
G1 X132.8837 Y136.5673 Z24.9050 E0.02086 F600
G1 X132.8982 Y137.0325 Z24.7050 E0.04549 F600
G1 X132.7611 Y138.2019 Z24.5050 E0.10725 F600
G1 X132.3694 Y139.9653 Z24.3586 E0.16275 F600
G1 X131.6250 Y141.9652 Z24.3050 E0.19170 F600
G1 X130.5666 Y143.7075 Z24.3586 E0.18313 F600
G1 X129.4509 Y144.8507 Z24.5050 E0.14405 F600
G1 X128.6209 Y145.3747 Z24.7050 E0.08996 F600
G1 X128.2873 Y145.4517 Z24.9050 E0.03561 F600
G1 X128.4310 Y145.2499 Z25.0514 E0.02584 F600
G1 X128.8494 Y144.8999 Z25.1050 E0.04922 F600
G1 X129.2731 Y144.5762 Z25.0514 E0.04812 F600
G1 X129.4674 Y144.5096 Z24.9050 E0.02265 F600
G1 X129.2578 Y144.8670 Z24.7050 E0.04132 F600
G1 X128.5101 Y145.5986 Z24.5050 E0.09564 F600
G1 X127.1658 Y146.3880 Z24.3586 E0.14061 F600
G1 X125.3543 Y146.8126 Z24.3050 E0.16716 F600
G1 X123.4335 Y146.6643 Z24.3586 E0.17307 F600
G1 X121.8297 Y146.1192 Z24.5050 E0.15269 F600
G1 X120.8204 Y145.5542 Z24.7050 E0.10541 F600
G1 X120.4672 Y145.2517 Z24.9050 E0.04546 F600
G1 X120.6642 Y145.2717 Z25.0514 E0.02211 F600
G1 X121.1860 Y145.4978 Z25.1050 E0.05130 F600
G1 X121.7235 Y145.7598 Z25.0514 E0.05391 F600
G1 X121.9509 Y145.9320 Z24.9050 E0.02879 F600
G1 X121.6207 Y145.9199 Z24.7050 E0.03468 F600
G1 X120.6486 Y145.5827 Z24.5050 E0.09413 F600
G1 X119.1678 Y144.7687 Z24.3586 E0.15231 F600
G1 X117.5000 Y143.5000 Z24.3050 E0.18825 F600
G1 X115.9974 Y142.0674 Z24.3586 E0.18650 F600
G1 X114.8826 Y140.8451 Z24.5050 E0.14915 F600
G1 X114.2308 Y140.0472 Z24.7050 E0.09425 F600
G1 X114.0245 Y139.7013 Z24.9050 E0.04038 F600
G1 X114.1753 Y139.7463 Z25.0514 E0.01930 F600
G1 X114.5291 Y140.0659 Z25.1050 E0.04309 F600
G1 X114.8832 Y140.4671 Z25.0514 E0.04829 F600
G1 X115.0186 Y140.7078 Z24.9050 E0.02807 F600
G1 X114.7673 Y140.5888 Z24.7050 E0.03076 F600
G1 X114.0887 Y140.0486 Z24.5050 E0.07993 F600
G1 X113.0798 Y139.2262 Z24.3586 E0.11763 F600
G1 X111.8957 Y138.4155 Z24.3050 E0.12895 F600
G1 X110.6872 Y137.8613 Z24.3586 E0.11949 F600
G1 X109.6301 Y137.5845 Z24.5050 E0.09900 F600
G1 X108.9285 Y137.4507 Z24.7050 E0.06661 F600
G1 X108.7063 Y137.3469 Z24.9050 E0.02842 F600
G1 X108.9102 Y137.2553 Z25.0514 E0.02400 F600
G1 X109.3326 Y137.2179 Z25.1050 E0.03838 F600
G1 X109.7149 Y137.2637 Z25.0514 E0.03491 F600
G1 X109.8350 Y137.3612 Z24.9050 E0.01913 F600
G1 X109.5372 Y137.4590 Z24.7050 E0.03340 F600
G1 X108.7304 Y137.5700 Z24.5050 E0.07530 F600
G1 X107.3942 Y137.7692 Z24.3586 E0.12204 F600
G1 X105.6250 Y138.0681 Z24.3050 E0.16120 F600
G1 X103.7057 Y138.3409 Z24.3586 E0.17416 F600
G1 X102.0538 Y138.4529 Z24.5050 E0.14926 F600
G1 X101.0148 Y138.4113 Z24.7050 E0.09509 F600
G1 X100.7027 Y138.3193 Z24.9050 E0.03430 F600
G1 X100.9987 Y138.2450 Z25.0514 E0.03040 F600
G1 X101.6190 Y138.1965 Z25.1050 E0.05608 F600
G1 X102.1953 Y138.1831 Z25.0514 E0.05199 F600
G1 X102.3770 Y138.2366 Z24.9050 E0.02150 F600
G1 X101.9170 Y138.3681 Z24.7050 E0.04656 F600
G1 X100.7238 Y138.5130 Z24.5050 E0.10942 F600
G1 X98.9172 Y138.5040 Z24.3586 E0.16277 F600
G1 X96.8652 Y138.1348 Z24.3050 E0.18730 F600
G1 X95.0627 Y137.3508 Z24.3586 E0.17658 F600
G1 X93.8526 Y136.3794 Z24.5050 E0.13997 F600
G1 X93.2698 Y135.5936 Z24.7050 E0.08968 F600
G1 X93.1603 Y135.2507 Z24.9050 E0.03698 F600
G1 X93.3608 Y135.3621 Z25.0514 E0.02443 F600
G1 X93.7299 Y135.7394 Z25.1050 E0.04765 F600
G1 X94.0790 Y136.1299 Z25.0514 E0.04728 F600
G1 X94.1658 Y136.3264 Z24.9050 E0.02334 F600
G1 X93.8121 Y136.1741 Z24.7050 E0.03897 F600
G1 X93.0526 Y135.5223 Z24.5050 E0.09165 F600
G1 X92.1834 Y134.2567 Z24.3586 E0.13850 F600
G1 X91.6083 Y132.4486 Z24.3050 E0.17046 F600
G1 X91.5409 Y130.4427 Z24.3586 E0.18030 F600
G1 X91.8528 Y128.7065 Z24.5050 E0.15896 F600
G1 X92.2397 Y127.5779 Z24.7050 E0.10864 F600
G1 X92.4706 Y127.1595 Z24.9050 E0.04652 F600
G1 X92.4842 Y127.3540 Z25.0514 E0.02190 F600
G1 X92.3501 Y127.9174 Z25.1050 E0.05223 F600
G1 X92.1787 Y128.5100 Z25.0514 E0.05560 F600
G1 X92.0467 Y128.7778 Z24.9050 E0.02987 F600
G1 X92.0125 Y128.4503 Z24.7050 E0.03460 F600
G1 X92.1845 Y127.4196 Z24.5050 E0.09555 F600
G1 X92.6892 Y125.8016 Z24.3586 E0.15277 F600
G1 X93.5109 Y123.9279 Z24.3050 E0.18380 F600
G1 X94.4241 Y122.1948 Z24.3586 E0.17598 F600
G1 X95.1694 Y120.8783 Z24.5050 E0.13649 F600
G1 X95.6442 Y120.0868 Z24.7050 E0.08481 F600
G1 X95.8750 Y119.8121 Z24.9050 E0.03689 F600
G1 X95.9015 Y119.9608 Z25.0514 E0.01889 F600
G1 X95.7577 Y120.3624 Z25.1050 E0.03861 F600
G1 X95.5283 Y120.7837 Z25.0514 E0.04335 F600
G1 X95.3551 Y120.9667 Z24.9050 E0.02616 F600
G1 X95.3647 Y120.7095 Z24.7050 E0.02927 F600
G1 X95.5792 Y119.9577 Z24.5050 E0.07246 F600
G1 X95.8656 Y118.8232 Z24.3586 E0.10590 F600
G1 X96.0000 Y117.5000 Z24.3050 E0.11954 F600
G1 X95.8656 Y116.1768 Z24.3586 E0.11954 F600
G1 X95.5792 Y115.0423 Z24.5050 E0.10590 F600
G1 X95.3647 Y114.2905 Z24.7050 E0.07246 F600
G1 X95.3551 Y114.0333 Z24.9050 E0.02927 F600
G1 X95.5283 Y114.2163 Z25.0514 E0.02616 F600
G1 X95.7577 Y114.6376 Z25.1050 E0.04335 F600
G1 X95.9015 Y115.0392 Z25.0514 E0.03861 F600
G1 X95.8750 Y115.1879 Z24.9050 E0.01889 F600
G1 X95.6442 Y114.9132 Z24.7050 E0.03689 F600
G1 X95.1694 Y114.1217 Z24.5050 E0.08481 F600
G1 X94.4241 Y112.8052 Z24.3586 E0.13649 F600
G1 X93.5109 Y111.0721 Z24.3050 E0.17598 F600
G1 X92.6892 Y109.1984 Z24.3586 E0.18380 F600
G1 X92.1845 Y107.5804 Z24.5050 E0.15277 F600
G1 X92.0125 Y106.5497 Z24.7050 E0.09555 F600
G1 X92.0467 Y106.2222 Z24.9050 E0.03460 F600
G1 X92.1787 Y106.4900 Z25.0514 E0.02987 F600
G1 X92.3501 Y107.0826 Z25.1050 E0.05560 F600
G1 X92.4842 Y107.6460 Z25.0514 E0.05223 F600
G1 X92.4706 Y107.8405 Z24.9050 E0.02190 F600
G1 X92.2397 Y107.4221 Z24.7050 E0.04652 F600
G1 X91.8528 Y106.2935 Z24.5050 E0.10864 F600
G1 X91.5409 Y104.5573 Z24.3586 E0.15896 F600
G1 X91.6083 Y102.5514 Z24.3050 E0.18030 F600
G1 X92.1834 Y100.7433 Z24.3586 E0.17046 F600
G1 X93.0526 Y99.4777 Z24.5050 E0.13850 F600
G1 X93.8121 Y98.8259 Z24.7050 E0.09165 F600
G1 X94.1658 Y98.6736 Z24.9050 E0.03897 F600
G1 X94.0790 Y98.8701 Z25.0514 E0.02334 F600
G1 X93.7299 Y99.2606 Z25.1050 E0.04728 F600
G1 X93.3608 Y99.6379 Z25.0514 E0.04765 F600
G1 X93.1603 Y99.7493 Z24.9050 E0.02443 F600
G1 X93.2698 Y99.4064 Z24.7050 E0.03698 F600
G1 X93.8526 Y98.6206 Z24.5050 E0.08968 F600
G1 X95.0627 Y97.6492 Z24.3586 E0.13997 F600
G1 X96.8652 Y96.8652 Z24.3050 E0.17658 F600
G1 X98.9172 Y96.4960 Z24.3586 E0.18730 F600
G1 X100.7238 Y96.4870 Z24.5050 E0.16277 F600
G1 X101.9170 Y96.6319 Z24.7050 E0.10942 F600
G1 X102.3770 Y96.7634 Z24.9050 E0.04656 F600
G1 X102.1953 Y96.8169 Z25.0514 E0.02150 F600
G1 X101.6190 Y96.8035 Z25.1050 E0.05199 F600
G1 X100.9987 Y96.7550 Z25.0514 E0.05608 F600
G1 X100.7027 Y96.6807 Z24.9050 E0.03040 F600
G1 X101.0148 Y96.5887 Z24.7050 E0.03430 F600
G1 X102.0538 Y96.5471 Z24.5050 E0.09509 F600
G1 X103.7057 Y96.6591 Z24.3586 E0.14926 F600
G1 X105.6250 Y96.9319 Z24.3050 E0.17416 F600
G1 X107.3942 Y97.2308 Z24.3586 E0.16120 F600
G1 X108.7304 Y97.4300 Z24.5050 E0.12204 F600
G1 X109.5372 Y97.5410 Z24.7050 E0.07530 F600
G1 X109.8350 Y97.6388 Z24.9050 E0.03340 F600
G1 X109.7149 Y97.7363 Z25.0514 E0.01913 F600
G1 X109.3326 Y97.7821 Z25.1050 E0.03491 F600
G1 X108.9102 Y97.7447 Z25.0514 E0.03838 F600
G1 X108.7063 Y97.6531 Z24.9050 E0.02400 F600
G1 X108.9285 Y97.5493 Z24.7050 E0.02842 F600
G1 X109.6301 Y97.4155 Z24.5050 E0.06661 F600
G1 X110.6872 Y97.1387 Z24.3586 E0.09900 F600
G1 X111.8957 Y96.5845 Z24.3050 E0.11949 F600
G1 X113.0798 Y95.7738 Z24.3586 E0.12895 F600
G1 X114.0887 Y94.9514 Z24.5050 E0.11763 F600
G1 X114.7673 Y94.4112 Z24.7050 E0.07993 F600
G1 X115.0186 Y94.2922 Z24.9050 E0.03076 F600
G1 X114.8832 Y94.5329 Z25.0514 E0.02807 F600
G1 X114.5291 Y94.9341 Z25.1050 E0.04829 F600
G1 X114.1753 Y95.2537 Z25.0514 E0.04309 F600
G1 X114.0245 Y95.2987 Z24.9050 E0.01930 F600
G1 X114.2308 Y94.9528 Z24.7050 E0.04038 F600
G1 X114.8826 Y94.1549 Z24.5050 E0.09425 F600
G1 X115.9974 Y92.9326 Z24.3586 E0.14915 F600
G1 X117.5000 Y91.5000 Z24.3050 E0.18650 F600
G1 X119.1678 Y90.2313 Z24.3586 E0.18825 F600
G1 X120.6486 Y89.4173 Z24.5050 E0.15231 F600
G1 X121.6207 Y89.0801 Z24.7050 E0.09413 F600
G1 X121.9509 Y89.0680 Z24.9050 E0.03468 F600
G1 X121.7235 Y89.2402 Z25.0514 E0.02879 F600
G1 X121.1860 Y89.5022 Z25.1050 E0.05391 F600
G1 X120.6642 Y89.7283 Z25.0514 E0.05130 F600
G1 X120.4672 Y89.7483 Z24.9050 E0.02211 F600
G1 X120.8204 Y89.4458 Z24.7050 E0.04546 F600
G1 X121.8297 Y88.8808 Z24.5050 E0.10541 F600
G1 X123.4335 Y88.3357 Z24.3586 E0.15269 F600
G1 X125.3543 Y88.1874 Z24.3050 E0.17307 F600
G1 X127.1658 Y88.6120 Z24.3586 E0.16716 F600
G1 X128.5101 Y89.4014 Z24.5050 E0.14061 F600
G1 X129.2578 Y90.1330 Z24.7050 E0.09564 F600
G1 X129.4674 Y90.4904 Z24.9050 E0.04132 F600
G1 X129.2731 Y90.4238 Z25.0514 E0.02265 F600
G1 X128.8494 Y90.1001 Z25.1050 E0.04812 F600
G1 X128.4310 Y89.7501 Z25.0514 E0.04922 F600
G1 X128.2873 Y89.5483 Z24.9050 E0.02584 F600
G1 X128.6209 Y89.6253 Z24.7050 E0.03561 F600
G1 X129.4509 Y90.1493 Z24.5050 E0.08996 F600
G1 X130.5666 Y91.2925 Z24.3586 E0.14405 F600
G1 X131.6250 Y93.0348 Z24.3050 E0.18313 F600
G1 X132.3694 Y95.0347 Z24.3586 E0.19170 F600
G1 X132.7611 Y96.7981 Z24.5050 E0.16275 F600
G1 X132.8982 Y97.9675 Z24.7050 E0.10725 F600
G1 X132.8837 Y98.4327 Z24.9050 E0.04549 F600
G1 X132.7887 Y98.2795 Z25.0514 E0.02086 F600
G1 X132.6658 Y97.7355 Z25.1050 E0.05032 F600
G1 X132.5711 Y97.1325 Z25.0514 E0.05502 F600
G1 X132.5754 Y96.8287 Z24.9050 E0.03029 F600
G1 X132.7308 Y97.1035 Z24.7050 E0.03356 F600
G1 X133.0116 Y98.0709 Z24.5050 E0.09223 F600
G1 X133.3291 Y99.6085 Z24.3586 E0.14160 F600
G1 X133.6348 Y101.3652 Z24.3050 E0.16020 F600
G1 X133.9583 Y102.9390 Z24.3586 E0.14436 F600
G1 X134.2947 Y104.0916 Z24.5050 E0.10863 F600
G1 X134.5344 Y104.7798 Z24.7050 E0.06787 F600
G1 X134.5683 Y105.0523 Z24.9050 E0.03050 F600
G1 X134.4114 Y104.9863 Z25.0514 E0.02017 F600
G1 X134.1910 Y104.6926 Z25.1050 E0.03332 F600
G1 X134.0445 Y104.3399 Z25.0514 E0.03463 F600
G1 X134.0524 Y104.1453 Z24.9050 E0.02188 F600
G1 X134.2559 Y104.2907 Z24.7050 E0.02876 F600
G1 X134.7074 Y104.8149 Z24.5050 E0.06468 F600
G1 X135.4896 Y105.5930 Z24.3586 E0.09994 F600
G1 X136.6417 Y106.4486 Z24.3050 E0.12896 F600
G1 X138.0176 Y107.2703 Z24.3586 E0.14400 F600
G1 X139.2736 Y107.9861 Z24.5050 E0.13048 F600
G1 X140.0733 Y108.4941 Z24.7050 E0.08697 F600
G1 X140.2835 Y108.7072 Z24.9050 E0.03233 F600
G1 X139.9978 Y108.6379 Z25.0514 E0.02950 F600
G1 X139.4679 Y108.4006 Z25.1050 E0.05236 F600
G1 X139.0102 Y108.1471 Z25.0514 E0.04723 F600
G1 X138.9032 Y108.0167 Z24.9050 E0.02006 F600
G1 X139.3302 Y108.1210 Z24.7050 E0.04336 F600
G1 X140.3676 Y108.5396 Z24.5050 E0.10205 F600
G1 X141.9385 Y109.3230 Z24.3586 E0.15819 F600
G1 X143.7391 Y110.4693 Z24.3050 E0.19174 F600
G1 X145.3145 Y111.8411 Z24.3586 E0.18766 F600
G1 X146.3372 Y113.1373 Z24.5050 E0.14885 F600
G1 X146.7872 Y114.0336 Z24.7050 E0.09184 F600
G1 X146.8346 Y114.3635 Z24.9050 E0.03491 F600
G1 X146.6402 Y114.1799 Z25.0514 E0.02738 F600
G1 X146.3214 Y113.7056 Z25.1050 E0.05155 F600
G1 X146.0343 Y113.2355 Z25.0514 E0.04970 F600
G1 X145.9885 Y113.0403 Z24.9050 E0.02230 F600
G1 X146.3318 Y113.3196 Z24.7050 E0.04361 F600
G1 X147.0069 Y114.1918 Z24.5050 E0.10066 F600
G1 X147.7018 Y115.6528 Z24.3586 E0.14588 F600
G1 X148.0000 Y117.5000 Z24.3050 E0.16810 F600
G1 X147.7018 Y119.3472 Z24.3586 E0.16810 F600
G1 X147.0069 Y120.8082 Z24.5050 E0.14588 F600
G1 X146.3318 Y121.6804 Z24.7050 E0.10066 F600
G1 X145.9885 Y121.9597 Z24.9050 E0.04361 F600
G1 X146.0343 Y121.7645 Z25.0514 E0.02230 F600
G1 X146.3214 Y121.2944 Z25.1050 E0.04970 F600
; row 48/57
G1 X147.5118 Y116.9761 Z25.5514 E0.40425 F600
G1 X147.5826 Y116.7663 Z25.4050 E0.02384 F600
G1 X147.7378 Y117.1042 Z25.2050 E0.03791 F600
G1 X147.8486 Y118.0843 Z25.0050 E0.09038 F600
G1 X147.6216 Y119.6063 Z24.8586 E0.13882 F600
G1 X146.8171 Y121.3597 Z24.8050 E0.17330 F600
G1 X145.5231 Y122.9471 Z24.8586 E0.18398 F600
G1 X144.1484 Y124.0934 Z25.0050 E0.16127 F600
G1 X143.1282 Y124.7279 Z25.2050 E0.10938 F600
G1 X142.6847 Y124.9109 Z25.4050 E0.04668 F600
G1 X142.7955 Y124.7534 Z25.5514 E0.02173 F600
G1 X143.2561 Y124.4013 Z25.6050 E0.05228 F600
G1 X143.7684 Y124.0495 Z25.5514 E0.05602 F600
G1 X144.0436 Y123.9230 Z25.4050 E0.03021 F600
G1 X143.8597 Y124.1945 Z25.2050 E0.03450 F600
G1 X143.0723 Y124.8825 Z25.0050 E0.09560 F600
G1 X141.6810 Y125.8262 Z24.8586 E0.15155 F600
G1 X139.9299 Y126.7908 Z24.8050 E0.17960 F600
G1 X138.2387 Y127.6150 Z24.8586 E0.16901 F600
G1 X136.9465 Y128.2338 Z25.0050 E0.12934 F600
G1 X136.1612 Y128.6023 Z25.2050 E0.07994 F600
G1 X135.8375 Y128.6920 Z25.4050 E0.03511 F600
G1 X135.8906 Y128.5502 Z25.5514 E0.01892 F600
G1 X136.2086 Y128.3014 Z25.6050 E0.03658 F600
G1 X136.6081 Y128.0918 Z25.5514 E0.04080 F600
G1 X136.8418 Y128.0468 Z25.4050 E0.02510 F600
G1 X136.7022 Y128.2538 Z25.2050 E0.02873 F600
G1 X136.1487 Y128.7509 Z25.0050 E0.06919 F600
G1 X135.3532 Y129.5421 Z24.8586 E0.10161 F600
G1 X134.5876 Y130.6118 Z24.8050 E0.11822 F600
G1 X134.0192 Y131.8599 Z24.8586 E0.12325 F600
G1 X133.6425 Y133.0328 Z25.0050 E0.11140 F600
G1 X133.3977 Y133.8195 Z25.2050 E0.07614 F600
G1 X133.2611 Y134.0492 Z25.4050 E0.02997 F600
G1 X133.2277 Y133.7865 Z25.5514 E0.02717 F600
G1 X133.2812 Y133.2812 Z25.6050 E0.04588 F600
G1 X133.3876 Y132.8424 Z25.5514 E0.04083 F600
G1 X133.4887 Y132.7274 Z25.4050 E0.01903 F600
G1 X133.5213 Y133.1073 Z25.2050 E0.03867 F600
G1 X133.4568 Y134.0832 Z25.0050 E0.08965 F600
G1 X133.2879 Y135.6619 Z24.8586 E0.14318 F600
G1 X132.9702 Y137.6612 Z24.8050 E0.18186 F600
G1 X132.4572 Y139.6750 Z24.8586 E0.18668 F600
G1 X131.8299 Y141.2522 Z25.0050 E0.15299 F600
G1 X131.3036 Y142.1481 Z25.2050 E0.09502 F600
G1 X131.0637 Y142.3746 Z25.4050 E0.03465 F600
G1 X131.1302 Y142.0896 Z25.5514 E0.02939 F600
G1 X131.3750 Y141.5322 Z25.6050 E0.05488 F600
G1 X131.6302 Y141.0166 Z25.5514 E0.05189 F600
G1 X131.7663 Y140.8746 Z25.4050 E0.02202 F600
G1 X131.6834 Y141.3402 Z25.2050 E0.04611 F600
G1 X131.2670 Y142.4419 Z25.0050 E0.10728 F600
G1 X130.3941 Y143.9369 Z24.8586 E0.15602 F600
G1 X129.0408 Y145.3619 Z24.8050 E0.17655 F600
G1 X127.4133 Y146.2905 Z24.8586 E0.16833 F600
G1 X125.9078 Y146.6241 Z25.0050 E0.13910 F600
G1 X124.8874 Y146.5878 Z25.2050 E0.09344 F600
G1 X124.5082 Y146.4619 Z25.4050 E0.04012 F600
G1 X124.7001 Y146.3780 Z25.5514 E0.02295 F600
G1 X125.2249 Y146.3297 Z25.6050 E0.04757 F600
G1 X125.7595 Y146.3043 Z25.5514 E0.04830 F600
G1 X125.9917 Y146.3576 Z25.4050 E0.02511 F600
G1 X125.6876 Y146.5311 Z25.2050 E0.03621 F600
G1 X124.7269 Y146.7089 Z25.0050 E0.08956 F600
G1 X123.1580 Y146.6079 Z24.8586 E0.14179 F600
G1 X121.2512 Y145.9936 Z24.8050 E0.17996 F600
G1 X119.4187 Y144.9386 Z24.8586 E0.18995 F600
G1 X118.0064 Y143.8026 Z25.0050 E0.16330 F600
G1 X117.1668 Y142.9535 Z25.2050 E0.10872 F600
G1 X116.8886 Y142.5703 Z25.4050 E0.04617 F600
G1 X117.0612 Y142.6375 Z25.5514 E0.02121 F600
G1 X117.5000 Y143.0000 Z25.6050 E0.05134 F600
G1 X117.9525 Y143.4217 Z25.5514 E0.05575 F600
G1 X118.1381 Y143.6645 Z25.4050 E0.03043 F600
G1 X117.8409 Y143.5421 Z25.2050 E0.03400 F600
G1 X117.0103 Y142.9379 Z25.0050 E0.09397 F600
G1 X115.7960 Y141.8679 Z24.8586 E0.14593 F600
G1 X114.4639 Y140.5616 Z24.8050 E0.16762 F600
G1 X113.2487 Y139.3710 Z24.8586 E0.15285 F600
G1 X112.2976 Y138.5263 Z25.0050 E0.11498 F600
G1 X111.7084 Y138.0354 Z25.2050 E0.07118 F600
G1 X111.5242 Y137.8080 Z25.4050 E0.03184 F600
G1 X111.6835 Y137.7844 Z25.5514 E0.01955 F600
G1 X112.0251 Y137.9326 Z25.6050 E0.03378 F600
G1 X112.3459 Y138.1720 Z25.5514 E0.03627 F600
G1 X112.4546 Y138.3505 Z25.4050 E0.02291 F600
G1 X112.2105 Y138.3276 Z25.2050 E0.02842 F600
G1 X111.5543 Y138.0955 Z25.0050 E0.06503 F600
G1 X110.5056 Y137.8132 Z24.8586 E0.09841 F600
G1 X109.1412 Y137.6799 Z24.8050 E0.12320 F600
G1 X107.6282 Y137.7402 Z24.8586 E0.13607 F600
G1 X106.2594 Y137.8647 Z25.0050 E0.12412 F600
G1 X105.3518 Y137.9192 Z25.2050 E0.08360 F600
G1 X105.0668 Y137.8712 Z25.4050 E0.03157 F600
G1 X105.3288 Y137.7563 Z25.5514 E0.02886 F600
G1 X105.8750 Y137.6351 Z25.6050 E0.05048 F600
G1 X106.3725 Y137.5746 Z25.5514 E0.04526 F600
G1 X106.5285 Y137.6208 Z25.4050 E0.01966 F600
G1 X106.1396 Y137.7855 Z25.2050 E0.04196 F600
G1 X105.0970 Y138.0583 Z25.0050 E0.09843 F600
G1 X103.4167 Y138.3794 Z24.8586 E0.15419 F600
G1 X101.3146 Y138.5932 Z24.8050 E0.18980 F600
G1 X99.2168 Y138.5325 Z24.8586 E0.18853 F600
G1 X97.5751 Y138.2071 Z25.0050 E0.15086 F600
G1 X96.6318 Y137.8289 Z25.2050 E0.09302 F600
G1 X96.3767 Y137.6175 Z25.4050 E0.03475 F600
G1 X96.6530 Y137.6317 Z25.5514 E0.02811 F600
G1 X97.2188 Y137.7812 Z25.6050 E0.05277 F600
G1 X97.7536 Y137.9480 Z25.5514 E0.05054 F600
G1 X97.9163 Y138.0629 Z25.4050 E0.02220 F600
G1 X97.4615 Y138.0701 Z25.2050 E0.04462 F600
G1 X96.3522 Y137.8489 Z25.0050 E0.10315 F600
G1 X94.8248 Y137.2112 Z24.8586 E0.14922 F600
G1 X93.3333 Y136.0438 Z24.8050 E0.17016 F600
G1 X92.2988 Y134.4984 Z24.8586 E0.16707 F600
G1 X91.8382 Y132.9819 Z25.0050 E0.14293 F600
G1 X91.7687 Y131.9102 Z25.2050 E0.09810 F600
G1 X91.8464 Y131.4884 Z25.4050 E0.04250 F600
G1 X91.9439 Y131.6660 Z25.5514 E0.02244 F600
G1 X92.0414 Y132.1986 Z25.6050 E0.04886 F600
G1 X92.1177 Y132.7512 Z25.5514 E0.05033 F600
G1 X92.0917 Y133.0075 Z25.4050 E0.02661 F600
G1 X91.9018 Y132.7293 Z25.2050 E0.03518 F600
G1 X91.6399 Y131.7738 Z25.0050 E0.09077 F600
G1 X91.5617 Y130.1510 Z24.8586 E0.14650 F600
G1 X91.8881 Y128.1088 Z24.8050 E0.18579 F600
G1 X92.5774 Y126.0816 Z24.8586 E0.19234 F600
G1 X93.3527 Y124.4711 Z25.0050 E0.16105 F600
G1 X93.9443 Y123.4824 Z25.2050 E0.10501 F600
G1 X94.2312 Y123.1305 Z25.4050 E0.04455 F600
G1 X94.2183 Y123.3048 Z25.5514 E0.02047 F600
G1 X93.9939 Y123.7984 Z25.6050 E0.04894 F600
G1 X93.7068 Y124.3226 Z25.5514 E0.05388 F600
G1 X93.5191 Y124.5567 Z25.4050 E0.02998 F600
G1 X93.5617 Y124.2513 Z25.2050 E0.03300 F600
G1 X93.9132 Y123.3359 Z25.0050 E0.08987 F600
G1 X94.5442 Y121.9621 Z24.8586 E0.13639 F600
G1 X95.2620 Y120.4277 Z24.8050 E0.15220 F600
G1 X95.8151 Y119.0164 Z24.8586 E0.13621 F600
G1 X96.1081 Y117.9118 Z25.0050 E0.10346 F600
G1 X96.2422 Y117.2217 Z25.2050 E0.06564 F600
G1 X96.3479 Y116.9841 Z25.4050 E0.02946 F600
G1 X96.4526 Y117.1326 Z25.5514 E0.02095 F600
G1 X96.5000 Y117.5000 Z25.6050 E0.03361 F600
G1 X96.4526 Y117.8674 Z25.5514 E0.03361 F600
G1 X96.3479 Y118.0159 Z25.4050 E0.02095 F600
G1 X96.2422 Y117.7783 Z25.2050 E0.02946 F600
G1 X96.1081 Y117.0882 Z25.0050 E0.06564 F600
G1 X95.8151 Y115.9836 Z24.8586 E0.10346 F600
G1 X95.2620 Y114.5723 Z24.8050 E0.13621 F600
G1 X94.5442 Y113.0379 Z24.8586 E0.15220 F600
G1 X93.9132 Y111.6641 Z25.0050 E0.13639 F600
G1 X93.5617 Y110.7487 Z25.2050 E0.08987 F600
G1 X93.5191 Y110.4433 Z25.4050 E0.03300 F600
G1 X93.7068 Y110.6774 Z25.5514 E0.02998 F600
G1 X93.9939 Y111.2016 Z25.6050 E0.05388 F600
G1 X94.2183 Y111.6952 Z25.5514 E0.04894 F600
G1 X94.2312 Y111.8695 Z25.4050 E0.02047 F600
G1 X93.9443 Y111.5176 Z25.2050 E0.04455 F600
G1 X93.3527 Y110.5289 Z25.0050 E0.10501 F600
G1 X92.5774 Y108.9184 Z24.8586 E0.16105 F600
G1 X91.8881 Y106.8912 Z24.8050 E0.19234 F600
G1 X91.5617 Y104.8490 Z24.8586 E0.18579 F600
G1 X91.6399 Y103.2262 Z25.0050 E0.14650 F600
G1 X91.9018 Y102.2707 Z25.2050 E0.09077 F600
G1 X92.0917 Y101.9925 Z25.4050 E0.03518 F600
G1 X92.1177 Y102.2488 Z25.5514 E0.02661 F600
G1 X92.0414 Y102.8014 Z25.6050 E0.05033 F600
G1 X91.9439 Y103.3340 Z25.5514 E0.04886 F600
G1 X91.8464 Y103.5116 Z25.4050 E0.02244 F600
G1 X91.7687 Y103.0898 Z25.2050 E0.04250 F600
G1 X91.8382 Y102.0181 Z25.0050 E0.09810 F600
G1 X92.2988 Y100.5016 Z24.8586 E0.14293 F600
G1 X93.3333 Y98.9562 Z24.8050 E0.16707 F600
G1 X94.8248 Y97.7888 Z24.8586 E0.17016 F600
G1 X96.3522 Y97.1511 Z25.0050 E0.14922 F600
G1 X97.4615 Y96.9299 Z25.2050 E0.10315 F600
G1 X97.9163 Y96.9371 Z25.4050 E0.04462 F600
G1 X97.7536 Y97.0520 Z25.5514 E0.02220 F600
G1 X97.2188 Y97.2188 Z25.6050 E0.05054 F600
G1 X96.6530 Y97.3683 Z25.5514 E0.05277 F600
G1 X96.3767 Y97.3825 Z25.4050 E0.02811 F600
G1 X96.6318 Y97.1711 Z25.2050 E0.03475 F600
G1 X97.5751 Y96.7929 Z25.0050 E0.09302 F600
G1 X99.2168 Y96.4675 Z24.8586 E0.15086 F600
G1 X101.3146 Y96.4068 Z24.8050 E0.18853 F600
G1 X103.4167 Y96.6206 Z24.8586 E0.18980 F600
G1 X105.0970 Y96.9417 Z25.0050 E0.15419 F600
G1 X106.1396 Y97.2145 Z25.2050 E0.09843 F600
G1 X106.5285 Y97.3792 Z25.4050 E0.04196 F600
G1 X106.3725 Y97.4254 Z25.5514 E0.01966 F600
G1 X105.8750 Y97.3649 Z25.6050 E0.04526 F600
G1 X105.3288 Y97.2437 Z25.5514 E0.05048 F600
G1 X105.0668 Y97.1288 Z25.4050 E0.02886 F600
G1 X105.3518 Y97.0808 Z25.2050 E0.03157 F600
G1 X106.2594 Y97.1353 Z25.0050 E0.08360 F600
G1 X107.6282 Y97.2598 Z24.8586 E0.12412 F600
G1 X109.1412 Y97.3201 Z24.8050 E0.13607 F600
G1 X110.5056 Y97.1868 Z24.8586 E0.12320 F600
G1 X111.5543 Y96.9045 Z25.0050 E0.09841 F600
G1 X112.2105 Y96.6724 Z25.2050 E0.06503 F600
G1 X112.4546 Y96.6495 Z25.4050 E0.02842 F600
G1 X112.3459 Y96.8280 Z25.5514 E0.02291 F600
G1 X112.0251 Y97.0674 Z25.6050 E0.03627 F600
G1 X111.6835 Y97.2156 Z25.5514 E0.03378 F600
G1 X111.5242 Y97.1920 Z25.4050 E0.01955 F600
G1 X111.7084 Y96.9646 Z25.2050 E0.03184 F600
G1 X112.2976 Y96.4737 Z25.0050 E0.07118 F600
G1 X113.2487 Y95.6290 Z24.8586 E0.11498 F600
G1 X114.4639 Y94.4384 Z24.8050 E0.15285 F600
G1 X115.7960 Y93.1321 Z24.8586 E0.16762 F600
G1 X117.0103 Y92.0621 Z25.0050 E0.14593 F600
G1 X117.8409 Y91.4579 Z25.2050 E0.09397 F600
G1 X118.1381 Y91.3355 Z25.4050 E0.03400 F600
G1 X117.9525 Y91.5783 Z25.5514 E0.03043 F600
G1 X117.5000 Y92.0000 Z25.6050 E0.05575 F600
G1 X117.0612 Y92.3625 Z25.5514 E0.05134 F600
G1 X116.8886 Y92.4297 Z25.4050 E0.02121 F600
G1 X117.1668 Y92.0465 Z25.2050 E0.04617 F600
G1 X118.0064 Y91.1974 Z25.0050 E0.10872 F600
G1 X119.4187 Y90.0614 Z24.8586 E0.16330 F600
G1 X121.2512 Y89.0064 Z24.8050 E0.18995 F600
G1 X123.1580 Y88.3921 Z24.8586 E0.17996 F600
G1 X124.7269 Y88.2911 Z25.0050 E0.14179 F600
G1 X125.6876 Y88.4689 Z25.2050 E0.08956 F600
G1 X125.9917 Y88.6424 Z25.4050 E0.03621 F600
G1 X125.7595 Y88.6957 Z25.5514 E0.02511 F600
G1 X125.2249 Y88.6703 Z25.6050 E0.04830 F600
G1 X124.7001 Y88.6220 Z25.5514 E0.04757 F600
G1 X124.5082 Y88.5381 Z25.4050 E0.02295 F600
G1 X124.8874 Y88.4122 Z25.2050 E0.04012 F600
G1 X125.9078 Y88.3759 Z25.0050 E0.09344 F600
G1 X127.4133 Y88.7095 Z24.8586 E0.13910 F600
G1 X129.0408 Y89.6381 Z24.8050 E0.16833 F600
G1 X130.3941 Y91.0631 Z24.8586 E0.17655 F600
G1 X131.2670 Y92.5581 Z25.0050 E0.15602 F600
G1 X131.6834 Y93.6598 Z25.2050 E0.10728 F600
G1 X131.7663 Y94.1254 Z25.4050 E0.04611 F600
G1 X131.6302 Y93.9834 Z25.5514 E0.02202 F600
G1 X131.3750 Y93.4678 Z25.6050 E0.05189 F600
G1 X131.1302 Y92.9104 Z25.5514 E0.05488 F600
G1 X131.0637 Y92.6254 Z25.4050 E0.02939 F600
G1 X131.3036 Y92.8519 Z25.2050 E0.03465 F600
G1 X131.8299 Y93.7478 Z25.0050 E0.09502 F600
G1 X132.4572 Y95.3250 Z24.8586 E0.15299 F600
G1 X132.9702 Y97.3388 Z24.8050 E0.18668 F600
G1 X133.2879 Y99.3381 Z24.8586 E0.18186 F600
G1 X133.4568 Y100.9168 Z25.0050 E0.14318 F600
G1 X133.5213 Y101.8927 Z25.2050 E0.08965 F600
G1 X133.4887 Y102.2726 Z25.4050 E0.03867 F600
G1 X133.3876 Y102.1576 Z25.5514 E0.01903 F600
G1 X133.2812 Y101.7188 Z25.6050 E0.04083 F600
G1 X133.2277 Y101.2135 Z25.5514 E0.04588 F600
G1 X133.2611 Y100.9508 Z25.4050 E0.02717 F600
G1 X133.3977 Y101.1805 Z25.2050 E0.02997 F600
G1 X133.6425 Y101.9672 Z25.0050 E0.07614 F600
G1 X134.0192 Y103.1401 Z24.8586 E0.11140 F600
G1 X134.5876 Y104.3882 Z24.8050 E0.12325 F600
G1 X135.3532 Y105.4579 Z24.8586 E0.11822 F600
G1 X136.1487 Y106.2491 Z25.0050 E0.10161 F600
G1 X136.7022 Y106.7462 Z25.2050 E0.06919 F600
G1 X136.8418 Y106.9532 Z25.4050 E0.02873 F600
G1 X136.6081 Y106.9082 Z25.5514 E0.02510 F600
G1 X136.2086 Y106.6986 Z25.6050 E0.04080 F600
G1 X135.8906 Y106.4498 Z25.5514 E0.03658 F600
G1 X135.8375 Y106.3080 Z25.4050 E0.01892 F600
G1 X136.1612 Y106.3977 Z25.2050 E0.03511 F600
G1 X136.9465 Y106.7662 Z25.0050 E0.07994 F600
G1 X138.2387 Y107.3850 Z24.8586 E0.12934 F600
G1 X139.9299 Y108.2092 Z24.8050 E0.16901 F600
G1 X141.6810 Y109.1738 Z24.8586 E0.17960 F600
G1 X143.0723 Y110.1175 Z25.0050 E0.15155 F600
G1 X143.8597 Y110.8055 Z25.2050 E0.09560 F600
G1 X144.0436 Y111.0770 Z25.4050 E0.03450 F600
G1 X143.7684 Y110.9505 Z25.5514 E0.03021 F600
G1 X143.2561 Y110.5987 Z25.6050 E0.05602 F600
G1 X142.7955 Y110.2466 Z25.5514 E0.05228 F600
G1 X142.6847 Y110.0891 Z25.4050 E0.02173 F600
G1 X143.1282 Y110.2721 Z25.2050 E0.04668 F600
G1 X144.1484 Y110.9066 Z25.0050 E0.10938 F600
G1 X145.5231 Y112.0529 Z24.8586 E0.16127 F600
G1 X146.8171 Y113.6403 Z24.8050 E0.18398 F600
G1 X147.6216 Y115.3937 Z24.8586 E0.17330 F600
G1 X147.8486 Y116.9157 Z25.0050 E0.13882 F600
G1 X147.7378 Y117.8958 Z25.2050 E0.09038 F600
G1 X147.5826 Y118.2337 Z25.4050 E0.03791 F600
G1 X147.5118 Y118.0239 Z25.5514 E0.02384 F600
G1 X147.5000 Y117.5000 Z25.6050 E0.04730 F600
; row 49/57
G1 X146.6402 Y120.8201 Z26.0514 E0.31059 F600
G1 X146.8346 Y120.6365 Z25.9050 E0.02738 F600
G1 X146.7872 Y120.9664 Z25.7050 E0.03491 F600
G1 X146.3372 Y121.8627 Z25.5050 E0.09184 F600
G1 X145.3145 Y123.1589 Z25.3586 E0.14885 F600
G1 X143.7391 Y124.5307 Z25.3050 E0.18766 F600
G1 X141.9385 Y125.6770 Z25.3586 E0.19174 F600
G1 X140.3676 Y126.4604 Z25.5050 E0.15819 F600
G1 X139.3302 Y126.8790 Z25.7050 E0.10205 F600
G1 X138.9032 Y126.9833 Z25.9050 E0.04336 F600
G1 X139.0102 Y126.8529 Z26.0514 E0.02006 F600
G1 X139.4679 Y126.5994 Z26.1050 E0.04723 F600
G1 X139.9978 Y126.3621 Z26.0514 E0.05236 F600
G1 X140.2835 Y126.2928 Z25.9050 E0.02950 F600
G1 X140.0733 Y126.5059 Z25.7050 E0.03233 F600
G1 X139.2736 Y127.0139 Z25.5050 E0.08697 F600
G1 X138.0176 Y127.7297 Z25.3586 E0.13048 F600
G1 X136.6417 Y128.5514 Z25.3050 E0.14400 F600
G1 X135.4896 Y129.4070 Z25.3586 E0.12896 F600
G1 X134.7074 Y130.1851 Z25.5050 E0.09994 F600
G1 X134.2559 Y130.7093 Z25.7050 E0.06468 F600
G1 X134.0524 Y130.8547 Z25.9050 E0.02876 F600
G1 X134.0445 Y130.6601 Z26.0514 E0.02188 F600
G1 X134.1910 Y130.3074 Z26.1050 E0.03463 F600
G1 X134.4114 Y130.0137 Z26.0514 E0.03332 F600
G1 X134.5683 Y129.9477 Z25.9050 E0.02017 F600
G1 X134.5344 Y130.2202 Z25.7050 E0.03050 F600
G1 X134.2947 Y130.9084 Z25.5050 E0.06787 F600
G1 X133.9583 Y132.0610 Z25.3586 E0.10863 F600
G1 X133.6348 Y133.6348 Z25.3050 E0.14436 F600
G1 X133.3291 Y135.3915 Z25.3586 E0.16020 F600
G1 X133.0116 Y136.9291 Z25.5050 E0.14160 F600
G1 X132.7308 Y137.8965 Z25.7050 E0.09223 F600
G1 X132.5754 Y138.1713 Z25.9050 E0.03356 F600
G1 X132.5711 Y137.8675 Z26.0514 E0.03029 F600
G1 X132.6658 Y137.2645 Z26.1050 E0.05502 F600
G1 X132.7887 Y136.7205 Z26.0514 E0.05032 F600
G1 X132.8837 Y136.5673 Z25.9050 E0.02086 F600
G1 X132.8982 Y137.0325 Z25.7050 E0.04549 F600
G1 X132.7611 Y138.2019 Z25.5050 E0.10725 F600
G1 X132.3694 Y139.9653 Z25.3586 E0.16275 F600
G1 X131.6250 Y141.9652 Z25.3050 E0.19170 F600
G1 X130.5666 Y143.7075 Z25.3586 E0.18313 F600
G1 X129.4509 Y144.8507 Z25.5050 E0.14405 F600
G1 X128.6209 Y145.3747 Z25.7050 E0.08996 F600
G1 X128.2873 Y145.4517 Z25.9050 E0.03561 F600
G1 X128.4310 Y145.2499 Z26.0514 E0.02584 F600
G1 X128.8494 Y144.8999 Z26.1050 E0.04922 F600
G1 X129.2731 Y144.5762 Z26.0514 E0.04812 F600
G1 X129.4674 Y144.5096 Z25.9050 E0.02265 F600
G1 X129.2578 Y144.8670 Z25.7050 E0.04132 F600
G1 X128.5101 Y145.5986 Z25.5050 E0.09564 F600
G1 X127.1658 Y146.3880 Z25.3586 E0.14061 F600
G1 X125.3543 Y146.8126 Z25.3050 E0.16716 F600
G1 X123.4335 Y146.6643 Z25.3586 E0.17307 F600
G1 X121.8297 Y146.1192 Z25.5050 E0.15269 F600
G1 X120.8204 Y145.5542 Z25.7050 E0.10541 F600
G1 X120.4672 Y145.2517 Z25.9050 E0.04546 F600
G1 X120.6642 Y145.2717 Z26.0514 E0.02211 F600
G1 X121.1860 Y145.4978 Z26.1050 E0.05130 F600
G1 X121.7235 Y145.7598 Z26.0514 E0.05391 F600
G1 X121.9509 Y145.9320 Z25.9050 E0.02879 F600
G1 X121.6207 Y145.9199 Z25.7050 E0.03468 F600
G1 X120.6486 Y145.5827 Z25.5050 E0.09413 F600
G1 X119.1678 Y144.7687 Z25.3586 E0.15231 F600
G1 X117.5000 Y143.5000 Z25.3050 E0.18825 F600
G1 X115.9974 Y142.0674 Z25.3586 E0.18650 F600
G1 X114.8826 Y140.8451 Z25.5050 E0.14915 F600
G1 X114.2308 Y140.0472 Z25.7050 E0.09425 F600
G1 X114.0245 Y139.7013 Z25.9050 E0.04038 F600
G1 X114.1753 Y139.7463 Z26.0514 E0.01930 F600
G1 X114.5291 Y140.0659 Z26.1050 E0.04309 F600
G1 X114.8832 Y140.4671 Z26.0514 E0.04829 F600
G1 X115.0186 Y140.7078 Z25.9050 E0.02807 F600
G1 X114.7673 Y140.5888 Z25.7050 E0.03076 F600
G1 X114.0887 Y140.0486 Z25.5050 E0.07993 F600
G1 X113.0798 Y139.2262 Z25.3586 E0.11763 F600
G1 X111.8957 Y138.4155 Z25.3050 E0.12895 F600
G1 X110.6872 Y137.8613 Z25.3586 E0.11949 F600
G1 X109.6301 Y137.5845 Z25.5050 E0.09900 F600
G1 X108.9285 Y137.4507 Z25.7050 E0.06661 F600
G1 X108.7063 Y137.3469 Z25.9050 E0.02842 F600
G1 X108.9102 Y137.2553 Z26.0514 E0.02400 F600
G1 X109.3326 Y137.2179 Z26.1050 E0.03838 F600
G1 X109.7149 Y137.2637 Z26.0514 E0.03491 F600
G1 X109.8350 Y137.3612 Z25.9050 E0.01913 F600
G1 X109.5372 Y137.4590 Z25.7050 E0.03340 F600
G1 X108.7304 Y137.5700 Z25.5050 E0.07530 F600
G1 X107.3942 Y137.7692 Z25.3586 E0.12204 F600
G1 X105.6250 Y138.0681 Z25.3050 E0.16120 F600
G1 X103.7057 Y138.3409 Z25.3586 E0.17416 F600
G1 X102.0538 Y138.4529 Z25.5050 E0.14926 F600
G1 X101.0148 Y138.4113 Z25.7050 E0.09509 F600
G1 X100.7027 Y138.3193 Z25.9050 E0.03430 F600
G1 X100.9987 Y138.2450 Z26.0514 E0.03040 F600
G1 X101.6190 Y138.1965 Z26.1050 E0.05608 F600
G1 X102.1953 Y138.1831 Z26.0514 E0.05199 F600
G1 X102.3770 Y138.2366 Z25.9050 E0.02150 F600
G1 X101.9170 Y138.3681 Z25.7050 E0.04656 F600
G1 X100.7238 Y138.5130 Z25.5050 E0.10942 F600
G1 X98.9172 Y138.5040 Z25.3586 E0.16277 F600
G1 X96.8652 Y138.1348 Z25.3050 E0.18730 F600
G1 X95.0627 Y137.3508 Z25.3586 E0.17658 F600
G1 X93.8526 Y136.3794 Z25.5050 E0.13997 F600
G1 X93.2698 Y135.5936 Z25.7050 E0.08968 F600
G1 X93.1603 Y135.2507 Z25.9050 E0.03698 F600
G1 X93.3608 Y135.3621 Z26.0514 E0.02443 F600
G1 X93.7299 Y135.7394 Z26.1050 E0.04765 F600
G1 X94.0790 Y136.1299 Z26.0514 E0.04728 F600
G1 X94.1658 Y136.3264 Z25.9050 E0.02334 F600
G1 X93.8121 Y136.1741 Z25.7050 E0.03897 F600
G1 X93.0526 Y135.5223 Z25.5050 E0.09165 F600
G1 X92.1834 Y134.2567 Z25.3586 E0.13850 F600
G1 X91.6083 Y132.4486 Z25.3050 E0.17046 F600
G1 X91.5409 Y130.4427 Z25.3586 E0.18030 F600
G1 X91.8528 Y128.7065 Z25.5050 E0.15896 F600
G1 X92.2397 Y127.5779 Z25.7050 E0.10864 F600
G1 X92.4706 Y127.1595 Z25.9050 E0.04652 F600
G1 X92.4842 Y127.3540 Z26.0514 E0.02190 F600
G1 X92.3501 Y127.9174 Z26.1050 E0.05223 F600
G1 X92.1787 Y128.5100 Z26.0514 E0.05560 F600
G1 X92.0467 Y128.7778 Z25.9050 E0.02987 F600
G1 X92.0125 Y128.4503 Z25.7050 E0.03460 F600
G1 X92.1845 Y127.4196 Z25.5050 E0.09555 F600
G1 X92.6892 Y125.8016 Z25.3586 E0.15277 F600
G1 X93.5109 Y123.9279 Z25.3050 E0.18380 F600
G1 X94.4241 Y122.1948 Z25.3586 E0.17598 F600
G1 X95.1694 Y120.8783 Z25.5050 E0.13649 F600
G1 X95.6442 Y120.0868 Z25.7050 E0.08481 F600
G1 X95.8750 Y119.8121 Z25.9050 E0.03689 F600
G1 X95.9015 Y119.9608 Z26.0514 E0.01889 F600
G1 X95.7577 Y120.3624 Z26.1050 E0.03861 F600
G1 X95.5283 Y120.7837 Z26.0514 E0.04335 F600
G1 X95.3551 Y120.9667 Z25.9050 E0.02616 F600
G1 X95.3647 Y120.7095 Z25.7050 E0.02927 F600
G1 X95.5792 Y119.9577 Z25.5050 E0.07246 F600
G1 X95.8656 Y118.8232 Z25.3586 E0.10590 F600
G1 X96.0000 Y117.5000 Z25.3050 E0.11954 F600
G1 X95.8656 Y116.1768 Z25.3586 E0.11954 F600
G1 X95.5792 Y115.0423 Z25.5050 E0.10590 F600
G1 X95.3647 Y114.2905 Z25.7050 E0.07246 F600
G1 X95.3551 Y114.0333 Z25.9050 E0.02927 F600
G1 X95.5283 Y114.2163 Z26.0514 E0.02616 F600
G1 X95.7577 Y114.6376 Z26.1050 E0.04335 F600
G1 X95.9015 Y115.0392 Z26.0514 E0.03861 F600
G1 X95.8750 Y115.1879 Z25.9050 E0.01889 F600
G1 X95.6442 Y114.9132 Z25.7050 E0.03689 F600
G1 X95.1694 Y114.1217 Z25.5050 E0.08481 F600
G1 X94.4241 Y112.8052 Z25.3586 E0.13649 F600
G1 X93.5109 Y111.0721 Z25.3050 E0.17598 F600
G1 X92.6892 Y109.1984 Z25.3586 E0.18380 F600
G1 X92.1845 Y107.5804 Z25.5050 E0.15277 F600
G1 X92.0125 Y106.5497 Z25.7050 E0.09555 F600
G1 X92.0467 Y106.2222 Z25.9050 E0.03460 F600
G1 X92.1787 Y106.4900 Z26.0514 E0.02987 F600
G1 X92.3501 Y107.0826 Z26.1050 E0.05560 F600
G1 X92.4842 Y107.6460 Z26.0514 E0.05223 F600
G1 X92.4706 Y107.8405 Z25.9050 E0.02190 F600
G1 X92.2397 Y107.4221 Z25.7050 E0.04652 F600
G1 X91.8528 Y106.2935 Z25.5050 E0.10864 F600
G1 X91.5409 Y104.5573 Z25.3586 E0.15896 F600
G1 X91.6083 Y102.5514 Z25.3050 E0.18030 F600
G1 X92.1834 Y100.7433 Z25.3586 E0.17046 F600
G1 X93.0526 Y99.4777 Z25.5050 E0.13850 F600
G1 X93.8121 Y98.8259 Z25.7050 E0.09165 F600
G1 X94.1658 Y98.6736 Z25.9050 E0.03897 F600
G1 X94.0790 Y98.8701 Z26.0514 E0.02334 F600
G1 X93.7299 Y99.2606 Z26.1050 E0.04728 F600
G1 X93.3608 Y99.6379 Z26.0514 E0.04765 F600
G1 X93.1603 Y99.7493 Z25.9050 E0.02443 F600
G1 X93.2698 Y99.4064 Z25.7050 E0.03698 F600
G1 X93.8526 Y98.6206 Z25.5050 E0.08968 F600
G1 X95.0627 Y97.6492 Z25.3586 E0.13997 F600
G1 X96.8652 Y96.8652 Z25.3050 E0.17658 F600
G1 X98.9172 Y96.4960 Z25.3586 E0.18730 F600
G1 X100.7238 Y96.4870 Z25.5050 E0.16277 F600
G1 X101.9170 Y96.6319 Z25.7050 E0.10942 F600
G1 X102.3770 Y96.7634 Z25.9050 E0.04656 F600
G1 X102.1953 Y96.8169 Z26.0514 E0.02150 F600
G1 X101.6190 Y96.8035 Z26.1050 E0.05199 F600
G1 X100.9987 Y96.7550 Z26.0514 E0.05608 F600
G1 X100.7027 Y96.6807 Z25.9050 E0.03040 F600
G1 X101.0148 Y96.5887 Z25.7050 E0.03430 F600
G1 X102.0538 Y96.5471 Z25.5050 E0.09509 F600
G1 X103.7057 Y96.6591 Z25.3586 E0.14926 F600
G1 X105.6250 Y96.9319 Z25.3050 E0.17416 F600
G1 X107.3942 Y97.2308 Z25.3586 E0.16120 F600
G1 X108.7304 Y97.4300 Z25.5050 E0.12204 F600
G1 X109.5372 Y97.5410 Z25.7050 E0.07530 F600
G1 X109.8350 Y97.6388 Z25.9050 E0.03340 F600
G1 X109.7149 Y97.7363 Z26.0514 E0.01913 F600
G1 X109.3326 Y97.7821 Z26.1050 E0.03491 F600
G1 X108.9102 Y97.7447 Z26.0514 E0.03838 F600
G1 X108.7063 Y97.6531 Z25.9050 E0.02400 F600
G1 X108.9285 Y97.5493 Z25.7050 E0.02842 F600
G1 X109.6301 Y97.4155 Z25.5050 E0.06661 F600
G1 X110.6872 Y97.1387 Z25.3586 E0.09900 F600
G1 X111.8957 Y96.5845 Z25.3050 E0.11949 F600
G1 X113.0798 Y95.7738 Z25.3586 E0.12895 F600
G1 X114.0887 Y94.9514 Z25.5050 E0.11763 F600
G1 X114.7673 Y94.4112 Z25.7050 E0.07993 F600
G1 X115.0186 Y94.2922 Z25.9050 E0.03076 F600
G1 X114.8832 Y94.5329 Z26.0514 E0.02807 F600
G1 X114.5291 Y94.9341 Z26.1050 E0.04829 F600
G1 X114.1753 Y95.2537 Z26.0514 E0.04309 F600
G1 X114.0245 Y95.2987 Z25.9050 E0.01930 F600
G1 X114.2308 Y94.9528 Z25.7050 E0.04038 F600
G1 X114.8826 Y94.1549 Z25.5050 E0.09425 F600
G1 X115.9974 Y92.9326 Z25.3586 E0.14915 F600
G1 X117.5000 Y91.5000 Z25.3050 E0.18650 F600
G1 X119.1678 Y90.2313 Z25.3586 E0.18825 F600
G1 X120.6486 Y89.4173 Z25.5050 E0.15231 F600
G1 X121.6207 Y89.0801 Z25.7050 E0.09413 F600
G1 X121.9509 Y89.0680 Z25.9050 E0.03468 F600
G1 X121.7235 Y89.2402 Z26.0514 E0.02879 F600
G1 X121.1860 Y89.5022 Z26.1050 E0.05391 F600
G1 X120.6642 Y89.7283 Z26.0514 E0.05130 F600
G1 X120.4672 Y89.7483 Z25.9050 E0.02211 F600
G1 X120.8204 Y89.4458 Z25.7050 E0.04546 F600
G1 X121.8297 Y88.8808 Z25.5050 E0.10541 F600
G1 X123.4335 Y88.3357 Z25.3586 E0.15269 F600
G1 X125.3543 Y88.1874 Z25.3050 E0.17307 F600
G1 X127.1658 Y88.6120 Z25.3586 E0.16716 F600
G1 X128.5101 Y89.4014 Z25.5050 E0.14061 F600
G1 X129.2578 Y90.1330 Z25.7050 E0.09564 F600
G1 X129.4674 Y90.4904 Z25.9050 E0.04132 F600
G1 X129.2731 Y90.4238 Z26.0514 E0.02265 F600
G1 X128.8494 Y90.1001 Z26.1050 E0.04812 F600
G1 X128.4310 Y89.7501 Z26.0514 E0.04922 F600
G1 X128.2873 Y89.5483 Z25.9050 E0.02584 F600
G1 X128.6209 Y89.6253 Z25.7050 E0.03561 F600
G1 X129.4509 Y90.1493 Z25.5050 E0.08996 F600
G1 X130.5666 Y91.2925 Z25.3586 E0.14405 F600
G1 X131.6250 Y93.0348 Z25.3050 E0.18313 F600
G1 X132.3694 Y95.0347 Z25.3586 E0.19170 F600
G1 X132.7611 Y96.7981 Z25.5050 E0.16275 F600
G1 X132.8982 Y97.9675 Z25.7050 E0.10725 F600
G1 X132.8837 Y98.4327 Z25.9050 E0.04549 F600
G1 X132.7887 Y98.2795 Z26.0514 E0.02086 F600
G1 X132.6658 Y97.7355 Z26.1050 E0.05032 F600
G1 X132.5711 Y97.1325 Z26.0514 E0.05502 F600
G1 X132.5754 Y96.8287 Z25.9050 E0.03029 F600
G1 X132.7308 Y97.1035 Z25.7050 E0.03356 F600
G1 X133.0116 Y98.0709 Z25.5050 E0.09223 F600
G1 X133.3291 Y99.6085 Z25.3586 E0.14160 F600
G1 X133.6348 Y101.3652 Z25.3050 E0.16020 F600
G1 X133.9583 Y102.9390 Z25.3586 E0.14436 F600
G1 X134.2947 Y104.0916 Z25.5050 E0.10863 F600
G1 X134.5344 Y104.7798 Z25.7050 E0.06787 F600
G1 X134.5683 Y105.0523 Z25.9050 E0.03050 F600
G1 X134.4114 Y104.9863 Z26.0514 E0.02017 F600
G1 X134.1910 Y104.6926 Z26.1050 E0.03332 F600
G1 X134.0445 Y104.3399 Z26.0514 E0.03463 F600
G1 X134.0524 Y104.1453 Z25.9050 E0.02188 F600
G1 X134.2559 Y104.2907 Z25.7050 E0.02876 F600
G1 X134.7074 Y104.8149 Z25.5050 E0.06468 F600
G1 X135.4896 Y105.5930 Z25.3586 E0.09994 F600
G1 X136.6417 Y106.4486 Z25.3050 E0.12896 F600
G1 X138.0176 Y107.2703 Z25.3586 E0.14400 F600
G1 X139.2736 Y107.9861 Z25.5050 E0.13048 F600
G1 X140.0733 Y108.4941 Z25.7050 E0.08697 F600
G1 X140.2835 Y108.7072 Z25.9050 E0.03233 F600
G1 X139.9978 Y108.6379 Z26.0514 E0.02950 F600
G1 X139.4679 Y108.4006 Z26.1050 E0.05236 F600
G1 X139.0102 Y108.1471 Z26.0514 E0.04723 F600
G1 X138.9032 Y108.0167 Z25.9050 E0.02006 F600
G1 X139.3302 Y108.1210 Z25.7050 E0.04336 F600
G1 X140.3676 Y108.5396 Z25.5050 E0.10205 F600
G1 X141.9385 Y109.3230 Z25.3586 E0.15819 F600
G1 X143.7391 Y110.4693 Z25.3050 E0.19174 F600
G1 X145.3145 Y111.8411 Z25.3586 E0.18766 F600
G1 X146.3372 Y113.1373 Z25.5050 E0.14885 F600
G1 X146.7872 Y114.0336 Z25.7050 E0.09184 F600
G1 X146.8346 Y114.3635 Z25.9050 E0.03491 F600
G1 X146.6402 Y114.1799 Z26.0514 E0.02738 F600
G1 X146.3214 Y113.7056 Z26.1050 E0.05155 F600
G1 X146.0343 Y113.2355 Z26.0514 E0.04970 F600
G1 X145.9885 Y113.0403 Z25.9050 E0.02230 F600
G1 X146.3318 Y113.3196 Z25.7050 E0.04361 F600
G1 X147.0069 Y114.1918 Z25.5050 E0.10066 F600
G1 X147.7018 Y115.6528 Z25.3586 E0.14588 F600
G1 X148.0000 Y117.5000 Z25.3050 E0.16810 F600
G1 X147.7018 Y119.3472 Z25.3586 E0.16810 F600
G1 X147.0069 Y120.8082 Z25.5050 E0.14588 F600
G1 X146.3318 Y121.6804 Z25.7050 E0.10066 F600
G1 X145.9885 Y121.9597 Z25.9050 E0.04361 F600
G1 X146.0343 Y121.7645 Z26.0514 E0.02230 F600
G1 X146.3214 Y121.2944 Z26.1050 E0.04970 F600
; row 50/57
G1 X147.5118 Y116.9761 Z26.5514 E0.40425 F600
G1 X147.5826 Y116.7663 Z26.4050 E0.02384 F600
G1 X147.7378 Y117.1042 Z26.2050 E0.03791 F600
G1 X147.8486 Y118.0843 Z26.0050 E0.09038 F600
G1 X147.6216 Y119.6063 Z25.8586 E0.13882 F600
G1 X146.8171 Y121.3597 Z25.8050 E0.17330 F600
G1 X145.5231 Y122.9471 Z25.8586 E0.18398 F600
G1 X144.1484 Y124.0934 Z26.0050 E0.16127 F600
G1 X143.1282 Y124.7279 Z26.2050 E0.10938 F600
G1 X142.6847 Y124.9109 Z26.4050 E0.04668 F600
G1 X142.7955 Y124.7534 Z26.5514 E0.02173 F600
G1 X143.2561 Y124.4013 Z26.6050 E0.05228 F600
G1 X143.7684 Y124.0495 Z26.5514 E0.05602 F600
G1 X144.0436 Y123.9230 Z26.4050 E0.03021 F600
G1 X143.8597 Y124.1945 Z26.2050 E0.03450 F600
G1 X143.0723 Y124.8825 Z26.0050 E0.09560 F600
G1 X141.6810 Y125.8262 Z25.8586 E0.15155 F600
G1 X139.9299 Y126.7908 Z25.8050 E0.17960 F600
G1 X138.2387 Y127.6150 Z25.8586 E0.16901 F600
G1 X136.9465 Y128.2338 Z26.0050 E0.12934 F600
G1 X136.1612 Y128.6023 Z26.2050 E0.07994 F600
G1 X135.8375 Y128.6920 Z26.4050 E0.03511 F600
G1 X135.8906 Y128.5502 Z26.5514 E0.01892 F600
G1 X136.2086 Y128.3014 Z26.6050 E0.03658 F600
G1 X136.6081 Y128.0918 Z26.5514 E0.04080 F600
G1 X136.8418 Y128.0468 Z26.4050 E0.02510 F600
G1 X136.7022 Y128.2538 Z26.2050 E0.02873 F600
G1 X136.1487 Y128.7509 Z26.0050 E0.06919 F600
G1 X135.3532 Y129.5421 Z25.8586 E0.10161 F600
G1 X134.5876 Y130.6118 Z25.8050 E0.11822 F600
G1 X134.0192 Y131.8599 Z25.8586 E0.12325 F600
G1 X133.6425 Y133.0328 Z26.0050 E0.11140 F600
G1 X133.3977 Y133.8195 Z26.2050 E0.07614 F600
G1 X133.2611 Y134.0492 Z26.4050 E0.02997 F600
G1 X133.2277 Y133.7865 Z26.5514 E0.02717 F600
G1 X133.2812 Y133.2812 Z26.6050 E0.04588 F600
G1 X133.3876 Y132.8424 Z26.5514 E0.04083 F600
G1 X133.4887 Y132.7274 Z26.4050 E0.01903 F600
G1 X133.5213 Y133.1073 Z26.2050 E0.03867 F600
G1 X133.4568 Y134.0832 Z26.0050 E0.08965 F600
G1 X133.2879 Y135.6619 Z25.8586 E0.14318 F600
G1 X132.9702 Y137.6612 Z25.8050 E0.18186 F600
G1 X132.4572 Y139.6750 Z25.8586 E0.18668 F600
G1 X131.8299 Y141.2522 Z26.0050 E0.15299 F600
G1 X131.3036 Y142.1481 Z26.2050 E0.09502 F600
G1 X131.0637 Y142.3746 Z26.4050 E0.03465 F600
G1 X131.1302 Y142.0896 Z26.5514 E0.02939 F600
G1 X131.3750 Y141.5322 Z26.6050 E0.05488 F600
G1 X131.6302 Y141.0166 Z26.5514 E0.05189 F600
G1 X131.7663 Y140.8746 Z26.4050 E0.02202 F600
G1 X131.6834 Y141.3402 Z26.2050 E0.04611 F600
G1 X131.2670 Y142.4419 Z26.0050 E0.10728 F600
G1 X130.3941 Y143.9369 Z25.8586 E0.15602 F600
G1 X129.0408 Y145.3619 Z25.8050 E0.17655 F600
G1 X127.4133 Y146.2905 Z25.8586 E0.16833 F600
G1 X125.9078 Y146.6241 Z26.0050 E0.13910 F600
G1 X124.8874 Y146.5878 Z26.2050 E0.09344 F600
G1 X124.5082 Y146.4619 Z26.4050 E0.04012 F600
G1 X124.7001 Y146.3780 Z26.5514 E0.02295 F600
G1 X125.2249 Y146.3297 Z26.6050 E0.04757 F600
G1 X125.7595 Y146.3043 Z26.5514 E0.04830 F600
G1 X125.9917 Y146.3576 Z26.4050 E0.02511 F600
G1 X125.6876 Y146.5311 Z26.2050 E0.03621 F600
G1 X124.7269 Y146.7089 Z26.0050 E0.08956 F600
G1 X123.1580 Y146.6079 Z25.8586 E0.14179 F600
G1 X121.2512 Y145.9936 Z25.8050 E0.17996 F600
G1 X119.4187 Y144.9386 Z25.8586 E0.18995 F600
G1 X118.0064 Y143.8026 Z26.0050 E0.16330 F600
G1 X117.1668 Y142.9535 Z26.2050 E0.10872 F600
G1 X116.8886 Y142.5703 Z26.4050 E0.04617 F600
G1 X117.0612 Y142.6375 Z26.5514 E0.02121 F600
G1 X117.5000 Y143.0000 Z26.6050 E0.05134 F600
G1 X117.9525 Y143.4217 Z26.5514 E0.05575 F600
G1 X118.1381 Y143.6645 Z26.4050 E0.03043 F600
G1 X117.8409 Y143.5421 Z26.2050 E0.03400 F600
G1 X117.0103 Y142.9379 Z26.0050 E0.09397 F600
G1 X115.7960 Y141.8679 Z25.8586 E0.14593 F600
G1 X114.4639 Y140.5616 Z25.8050 E0.16762 F600
G1 X113.2487 Y139.3710 Z25.8586 E0.15285 F600
G1 X112.2976 Y138.5263 Z26.0050 E0.11498 F600
G1 X111.7084 Y138.0354 Z26.2050 E0.07118 F600
G1 X111.5242 Y137.8080 Z26.4050 E0.03184 F600
G1 X111.6835 Y137.7844 Z26.5514 E0.01955 F600
G1 X112.0251 Y137.9326 Z26.6050 E0.03378 F600
G1 X112.3459 Y138.1720 Z26.5514 E0.03627 F600
G1 X112.4546 Y138.3505 Z26.4050 E0.02291 F600
G1 X112.2105 Y138.3276 Z26.2050 E0.02842 F600
G1 X111.5543 Y138.0955 Z26.0050 E0.06503 F600
G1 X110.5056 Y137.8132 Z25.8586 E0.09841 F600
G1 X109.1412 Y137.6799 Z25.8050 E0.12320 F600
G1 X107.6282 Y137.7402 Z25.8586 E0.13607 F600
G1 X106.2594 Y137.8647 Z26.0050 E0.12412 F600
G1 X105.3518 Y137.9192 Z26.2050 E0.08360 F600
G1 X105.0668 Y137.8712 Z26.4050 E0.03157 F600
G1 X105.3288 Y137.7563 Z26.5514 E0.02886 F600
G1 X105.8750 Y137.6351 Z26.6050 E0.05048 F600
G1 X106.3725 Y137.5746 Z26.5514 E0.04526 F600
G1 X106.5285 Y137.6208 Z26.4050 E0.01966 F600
G1 X106.1396 Y137.7855 Z26.2050 E0.04196 F600
G1 X105.0970 Y138.0583 Z26.0050 E0.09843 F600
G1 X103.4167 Y138.3794 Z25.8586 E0.15419 F600
G1 X101.3146 Y138.5932 Z25.8050 E0.18980 F600
G1 X99.2168 Y138.5325 Z25.8586 E0.18853 F600
G1 X97.5751 Y138.2071 Z26.0050 E0.15086 F600
G1 X96.6318 Y137.8289 Z26.2050 E0.09302 F600
G1 X96.3767 Y137.6175 Z26.4050 E0.03475 F600
G1 X96.6530 Y137.6317 Z26.5514 E0.02811 F600
G1 X97.2188 Y137.7812 Z26.6050 E0.05277 F600
G1 X97.7536 Y137.9480 Z26.5514 E0.05054 F600
G1 X97.9163 Y138.0629 Z26.4050 E0.02220 F600
G1 X97.4615 Y138.0701 Z26.2050 E0.04462 F600
G1 X96.3522 Y137.8489 Z26.0050 E0.10315 F600
G1 X94.8248 Y137.2112 Z25.8586 E0.14922 F600
G1 X93.3333 Y136.0438 Z25.8050 E0.17016 F600
G1 X92.2988 Y134.4984 Z25.8586 E0.16707 F600
G1 X91.8382 Y132.9819 Z26.0050 E0.14293 F600
G1 X91.7687 Y131.9102 Z26.2050 E0.09810 F600
G1 X91.8464 Y131.4884 Z26.4050 E0.04250 F600
G1 X91.9439 Y131.6660 Z26.5514 E0.02244 F600
G1 X92.0414 Y132.1986 Z26.6050 E0.04886 F600
G1 X92.1177 Y132.7512 Z26.5514 E0.05033 F600
G1 X92.0917 Y133.0075 Z26.4050 E0.02661 F600
G1 X91.9018 Y132.7293 Z26.2050 E0.03518 F600
G1 X91.6399 Y131.7738 Z26.0050 E0.09077 F600
G1 X91.5617 Y130.1510 Z25.8586 E0.14650 F600
G1 X91.8881 Y128.1088 Z25.8050 E0.18579 F600
G1 X92.5774 Y126.0816 Z25.8586 E0.19234 F600
G1 X93.3527 Y124.4711 Z26.0050 E0.16105 F600
G1 X93.9443 Y123.4824 Z26.2050 E0.10501 F600
G1 X94.2312 Y123.1305 Z26.4050 E0.04455 F600
G1 X94.2183 Y123.3048 Z26.5514 E0.02047 F600
G1 X93.9939 Y123.7984 Z26.6050 E0.04894 F600
G1 X93.7068 Y124.3226 Z26.5514 E0.05388 F600
G1 X93.5191 Y124.5567 Z26.4050 E0.02998 F600
G1 X93.5617 Y124.2513 Z26.2050 E0.03300 F600
G1 X93.9132 Y123.3359 Z26.0050 E0.08987 F600
G1 X94.5442 Y121.9621 Z25.8586 E0.13639 F600
G1 X95.2620 Y120.4277 Z25.8050 E0.15220 F600
G1 X95.8151 Y119.0164 Z25.8586 E0.13621 F600
G1 X96.1081 Y117.9118 Z26.0050 E0.10346 F600
G1 X96.2422 Y117.2217 Z26.2050 E0.06564 F600
G1 X96.3479 Y116.9841 Z26.4050 E0.02946 F600
G1 X96.4526 Y117.1326 Z26.5514 E0.02095 F600
G1 X96.5000 Y117.5000 Z26.6050 E0.03361 F600
G1 X96.4526 Y117.8674 Z26.5514 E0.03361 F600
G1 X96.3479 Y118.0159 Z26.4050 E0.02095 F600
G1 X96.2422 Y117.7783 Z26.2050 E0.02946 F600
G1 X96.1081 Y117.0882 Z26.0050 E0.06564 F600
G1 X95.8151 Y115.9836 Z25.8586 E0.10346 F600
G1 X95.2620 Y114.5723 Z25.8050 E0.13621 F600
G1 X94.5442 Y113.0379 Z25.8586 E0.15220 F600
G1 X93.9132 Y111.6641 Z26.0050 E0.13639 F600
G1 X93.5617 Y110.7487 Z26.2050 E0.08987 F600
G1 X93.5191 Y110.4433 Z26.4050 E0.03300 F600
G1 X93.7068 Y110.6774 Z26.5514 E0.02998 F600
G1 X93.9939 Y111.2016 Z26.6050 E0.05388 F600
G1 X94.2183 Y111.6952 Z26.5514 E0.04894 F600
G1 X94.2312 Y111.8695 Z26.4050 E0.02047 F600
G1 X93.9443 Y111.5176 Z26.2050 E0.04455 F600
G1 X93.3527 Y110.5289 Z26.0050 E0.10501 F600
G1 X92.5774 Y108.9184 Z25.8586 E0.16105 F600
G1 X91.8881 Y106.8912 Z25.8050 E0.19234 F600
G1 X91.5617 Y104.8490 Z25.8586 E0.18579 F600
G1 X91.6399 Y103.2262 Z26.0050 E0.14650 F600
G1 X91.9018 Y102.2707 Z26.2050 E0.09077 F600
G1 X92.0917 Y101.9925 Z26.4050 E0.03518 F600
G1 X92.1177 Y102.2488 Z26.5514 E0.02661 F600
G1 X92.0414 Y102.8014 Z26.6050 E0.05033 F600
G1 X91.9439 Y103.3340 Z26.5514 E0.04886 F600
G1 X91.8464 Y103.5116 Z26.4050 E0.02244 F600
G1 X91.7687 Y103.0898 Z26.2050 E0.04250 F600
G1 X91.8382 Y102.0181 Z26.0050 E0.09810 F600
G1 X92.2988 Y100.5016 Z25.8586 E0.14293 F600
G1 X93.3333 Y98.9562 Z25.8050 E0.16707 F600
G1 X94.8248 Y97.7888 Z25.8586 E0.17016 F600
G1 X96.3522 Y97.1511 Z26.0050 E0.14922 F600
G1 X97.4615 Y96.9299 Z26.2050 E0.10315 F600
G1 X97.9163 Y96.9371 Z26.4050 E0.04462 F600
G1 X97.7536 Y97.0520 Z26.5514 E0.02220 F600
G1 X97.2188 Y97.2188 Z26.6050 E0.05054 F600
G1 X96.6530 Y97.3683 Z26.5514 E0.05277 F600
G1 X96.3767 Y97.3825 Z26.4050 E0.02811 F600
G1 X96.6318 Y97.1711 Z26.2050 E0.03475 F600
G1 X97.5751 Y96.7929 Z26.0050 E0.09302 F600
G1 X99.2168 Y96.4675 Z25.8586 E0.15086 F600
G1 X101.3146 Y96.4068 Z25.8050 E0.18853 F600
G1 X103.4167 Y96.6206 Z25.8586 E0.18980 F600
G1 X105.0970 Y96.9417 Z26.0050 E0.15419 F600
G1 X106.1396 Y97.2145 Z26.2050 E0.09843 F600
G1 X106.5285 Y97.3792 Z26.4050 E0.04196 F600
G1 X106.3725 Y97.4254 Z26.5514 E0.01966 F600
G1 X105.8750 Y97.3649 Z26.6050 E0.04526 F600
G1 X105.3288 Y97.2437 Z26.5514 E0.05048 F600
G1 X105.0668 Y97.1288 Z26.4050 E0.02886 F600
G1 X105.3518 Y97.0808 Z26.2050 E0.03157 F600
G1 X106.2594 Y97.1353 Z26.0050 E0.08360 F600
G1 X107.6282 Y97.2598 Z25.8586 E0.12412 F600
G1 X109.1412 Y97.3201 Z25.8050 E0.13607 F600
G1 X110.5056 Y97.1868 Z25.8586 E0.12320 F600
G1 X111.5543 Y96.9045 Z26.0050 E0.09841 F600
G1 X112.2105 Y96.6724 Z26.2050 E0.06503 F600
G1 X112.4546 Y96.6495 Z26.4050 E0.02842 F600
G1 X112.3459 Y96.8280 Z26.5514 E0.02291 F600
G1 X112.0251 Y97.0674 Z26.6050 E0.03627 F600
G1 X111.6835 Y97.2156 Z26.5514 E0.03378 F600
G1 X111.5242 Y97.1920 Z26.4050 E0.01955 F600
G1 X111.7084 Y96.9646 Z26.2050 E0.03184 F600
G1 X112.2976 Y96.4737 Z26.0050 E0.07118 F600
G1 X113.2487 Y95.6290 Z25.8586 E0.11498 F600
G1 X114.4639 Y94.4384 Z25.8050 E0.15285 F600
G1 X115.7960 Y93.1321 Z25.8586 E0.16762 F600
G1 X117.0103 Y92.0621 Z26.0050 E0.14593 F600
G1 X117.8409 Y91.4579 Z26.2050 E0.09397 F600
G1 X118.1381 Y91.3355 Z26.4050 E0.03400 F600
G1 X117.9525 Y91.5783 Z26.5514 E0.03043 F600
G1 X117.5000 Y92.0000 Z26.6050 E0.05575 F600
G1 X117.0612 Y92.3625 Z26.5514 E0.05134 F600
G1 X116.8886 Y92.4297 Z26.4050 E0.02121 F600
G1 X117.1668 Y92.0465 Z26.2050 E0.04617 F600
G1 X118.0064 Y91.1974 Z26.0050 E0.10872 F600
G1 X119.4187 Y90.0614 Z25.8586 E0.16330 F600
G1 X121.2512 Y89.0064 Z25.8050 E0.18995 F600
G1 X123.1580 Y88.3921 Z25.8586 E0.17996 F600
G1 X124.7269 Y88.2911 Z26.0050 E0.14179 F600
G1 X125.6876 Y88.4689 Z26.2050 E0.08956 F600
G1 X125.9917 Y88.6424 Z26.4050 E0.03621 F600
G1 X125.7595 Y88.6957 Z26.5514 E0.02511 F600
G1 X125.2249 Y88.6703 Z26.6050 E0.04830 F600
G1 X124.7001 Y88.6220 Z26.5514 E0.04757 F600
G1 X124.5082 Y88.5381 Z26.4050 E0.02295 F600
G1 X124.8874 Y88.4122 Z26.2050 E0.04012 F600
G1 X125.9078 Y88.3759 Z26.0050 E0.09344 F600
G1 X127.4133 Y88.7095 Z25.8586 E0.13910 F600
G1 X129.0408 Y89.6381 Z25.8050 E0.16833 F600
G1 X130.3941 Y91.0631 Z25.8586 E0.17655 F600
G1 X131.2670 Y92.5581 Z26.0050 E0.15602 F600
G1 X131.6834 Y93.6598 Z26.2050 E0.10728 F600
G1 X131.7663 Y94.1254 Z26.4050 E0.04611 F600
G1 X131.6302 Y93.9834 Z26.5514 E0.02202 F600
G1 X131.3750 Y93.4678 Z26.6050 E0.05189 F600
G1 X131.1302 Y92.9104 Z26.5514 E0.05488 F600
G1 X131.0637 Y92.6254 Z26.4050 E0.02939 F600
G1 X131.3036 Y92.8519 Z26.2050 E0.03465 F600
G1 X131.8299 Y93.7478 Z26.0050 E0.09502 F600
G1 X132.4572 Y95.3250 Z25.8586 E0.15299 F600
G1 X132.9702 Y97.3388 Z25.8050 E0.18668 F600
G1 X133.2879 Y99.3381 Z25.8586 E0.18186 F600
G1 X133.4568 Y100.9168 Z26.0050 E0.14318 F600
G1 X133.5213 Y101.8927 Z26.2050 E0.08965 F600
G1 X133.4887 Y102.2726 Z26.4050 E0.03867 F600
G1 X133.3876 Y102.1576 Z26.5514 E0.01903 F600
G1 X133.2812 Y101.7188 Z26.6050 E0.04083 F600
G1 X133.2277 Y101.2135 Z26.5514 E0.04588 F600
G1 X133.2611 Y100.9508 Z26.4050 E0.02717 F600
G1 X133.3977 Y101.1805 Z26.2050 E0.02997 F600
G1 X133.6425 Y101.9672 Z26.0050 E0.07614 F600
G1 X134.0192 Y103.1401 Z25.8586 E0.11140 F600
G1 X134.5876 Y104.3882 Z25.8050 E0.12325 F600
G1 X135.3532 Y105.4579 Z25.8586 E0.11822 F600
G1 X136.1487 Y106.2491 Z26.0050 E0.10161 F600
G1 X136.7022 Y106.7462 Z26.2050 E0.06919 F600
G1 X136.8418 Y106.9532 Z26.4050 E0.02873 F600
G1 X136.6081 Y106.9082 Z26.5514 E0.02510 F600
G1 X136.2086 Y106.6986 Z26.6050 E0.04080 F600
G1 X135.8906 Y106.4498 Z26.5514 E0.03658 F600
G1 X135.8375 Y106.3080 Z26.4050 E0.01892 F600
G1 X136.1612 Y106.3977 Z26.2050 E0.03511 F600
G1 X136.9465 Y106.7662 Z26.0050 E0.07994 F600
G1 X138.2387 Y107.3850 Z25.8586 E0.12934 F600
G1 X139.9299 Y108.2092 Z25.8050 E0.16901 F600
G1 X141.6810 Y109.1738 Z25.8586 E0.17960 F600
G1 X143.0723 Y110.1175 Z26.0050 E0.15155 F600
G1 X143.8597 Y110.8055 Z26.2050 E0.09560 F600
G1 X144.0436 Y111.0770 Z26.4050 E0.03450 F600
G1 X143.7684 Y110.9505 Z26.5514 E0.03021 F600
G1 X143.2561 Y110.5987 Z26.6050 E0.05602 F600
G1 X142.7955 Y110.2466 Z26.5514 E0.05228 F600
G1 X142.6847 Y110.0891 Z26.4050 E0.02173 F600
G1 X143.1282 Y110.2721 Z26.2050 E0.04668 F600
G1 X144.1484 Y110.9066 Z26.0050 E0.10938 F600
G1 X145.5231 Y112.0529 Z25.8586 E0.16127 F600
G1 X146.8171 Y113.6403 Z25.8050 E0.18398 F600
G1 X147.6216 Y115.3937 Z25.8586 E0.17330 F600
G1 X147.8486 Y116.9157 Z26.0050 E0.13882 F600
G1 X147.7378 Y117.8958 Z26.2050 E0.09038 F600
G1 X147.5826 Y118.2337 Z26.4050 E0.03791 F600
G1 X147.5118 Y118.0239 Z26.5514 E0.02384 F600
G1 X147.5000 Y117.5000 Z26.6050 E0.04730 F600
; row 51/57
G1 X146.6402 Y120.8201 Z27.0514 E0.31059 F600
G1 X146.8346 Y120.6365 Z26.9050 E0.02738 F600
G1 X146.7872 Y120.9664 Z26.7050 E0.03491 F600
G1 X146.3372 Y121.8627 Z26.5050 E0.09184 F600
G1 X145.3145 Y123.1589 Z26.3586 E0.14885 F600
G1 X143.7391 Y124.5307 Z26.3050 E0.18766 F600
G1 X141.9385 Y125.6770 Z26.3586 E0.19174 F600
G1 X140.3676 Y126.4604 Z26.5050 E0.15819 F600
G1 X139.3302 Y126.8790 Z26.7050 E0.10205 F600
G1 X138.9032 Y126.9833 Z26.9050 E0.04336 F600
G1 X139.0102 Y126.8529 Z27.0514 E0.02006 F600
G1 X139.4679 Y126.5994 Z27.1050 E0.04723 F600
G1 X139.9978 Y126.3621 Z27.0514 E0.05236 F600
G1 X140.2835 Y126.2928 Z26.9050 E0.02950 F600
G1 X140.0733 Y126.5059 Z26.7050 E0.03233 F600
G1 X139.2736 Y127.0139 Z26.5050 E0.08697 F600
G1 X138.0176 Y127.7297 Z26.3586 E0.13048 F600
G1 X136.6417 Y128.5514 Z26.3050 E0.14400 F600
G1 X135.4896 Y129.4070 Z26.3586 E0.12896 F600
G1 X134.7074 Y130.1851 Z26.5050 E0.09994 F600
G1 X134.2559 Y130.7093 Z26.7050 E0.06468 F600
G1 X134.0524 Y130.8547 Z26.9050 E0.02876 F600
G1 X134.0445 Y130.6601 Z27.0514 E0.02188 F600
G1 X134.1910 Y130.3074 Z27.1050 E0.03463 F600
G1 X134.4114 Y130.0137 Z27.0514 E0.03332 F600
G1 X134.5683 Y129.9477 Z26.9050 E0.02017 F600
G1 X134.5344 Y130.2202 Z26.7050 E0.03050 F600
G1 X134.2947 Y130.9084 Z26.5050 E0.06787 F600
G1 X133.9583 Y132.0610 Z26.3586 E0.10863 F600
G1 X133.6348 Y133.6348 Z26.3050 E0.14436 F600
G1 X133.3291 Y135.3915 Z26.3586 E0.16020 F600
G1 X133.0116 Y136.9291 Z26.5050 E0.14160 F600
G1 X132.7308 Y137.8965 Z26.7050 E0.09223 F600
G1 X132.5754 Y138.1713 Z26.9050 E0.03356 F600
G1 X132.5711 Y137.8675 Z27.0514 E0.03029 F600
G1 X132.6658 Y137.2645 Z27.1050 E0.05502 F600
G1 X132.7887 Y136.7205 Z27.0514 E0.05032 F600
G1 X132.8837 Y136.5673 Z26.9050 E0.02086 F600
G1 X132.8982 Y137.0325 Z26.7050 E0.04549 F600
G1 X132.7611 Y138.2019 Z26.5050 E0.10725 F600
G1 X132.3694 Y139.9653 Z26.3586 E0.16275 F600
G1 X131.6250 Y141.9652 Z26.3050 E0.19170 F600
G1 X130.5666 Y143.7075 Z26.3586 E0.18313 F600
G1 X129.4509 Y144.8507 Z26.5050 E0.14405 F600
G1 X128.6209 Y145.3747 Z26.7050 E0.08996 F600
G1 X128.2873 Y145.4517 Z26.9050 E0.03561 F600
G1 X128.4310 Y145.2499 Z27.0514 E0.02584 F600
G1 X128.8494 Y144.8999 Z27.1050 E0.04922 F600
G1 X129.2731 Y144.5762 Z27.0514 E0.04812 F600
G1 X129.4674 Y144.5096 Z26.9050 E0.02265 F600
G1 X129.2578 Y144.8670 Z26.7050 E0.04132 F600
G1 X128.5101 Y145.5986 Z26.5050 E0.09564 F600
G1 X127.1658 Y146.3880 Z26.3586 E0.14061 F600
G1 X125.3543 Y146.8126 Z26.3050 E0.16716 F600
G1 X123.4335 Y146.6643 Z26.3586 E0.17307 F600
G1 X121.8297 Y146.1192 Z26.5050 E0.15269 F600
G1 X120.8204 Y145.5542 Z26.7050 E0.10541 F600
G1 X120.4672 Y145.2517 Z26.9050 E0.04546 F600
G1 X120.6642 Y145.2717 Z27.0514 E0.02211 F600
G1 X121.1860 Y145.4978 Z27.1050 E0.05130 F600
G1 X121.7235 Y145.7598 Z27.0514 E0.05391 F600
G1 X121.9509 Y145.9320 Z26.9050 E0.02879 F600
G1 X121.6207 Y145.9199 Z26.7050 E0.03468 F600
G1 X120.6486 Y145.5827 Z26.5050 E0.09413 F600
G1 X119.1678 Y144.7687 Z26.3586 E0.15231 F600
G1 X117.5000 Y143.5000 Z26.3050 E0.18825 F600
G1 X115.9974 Y142.0674 Z26.3586 E0.18650 F600
G1 X114.8826 Y140.8451 Z26.5050 E0.14915 F600
G1 X114.2308 Y140.0472 Z26.7050 E0.09425 F600
G1 X114.0245 Y139.7013 Z26.9050 E0.04038 F600
G1 X114.1753 Y139.7463 Z27.0514 E0.01930 F600
G1 X114.5291 Y140.0659 Z27.1050 E0.04309 F600
G1 X114.8832 Y140.4671 Z27.0514 E0.04829 F600
G1 X115.0186 Y140.7078 Z26.9050 E0.02807 F600
G1 X114.7673 Y140.5888 Z26.7050 E0.03076 F600
G1 X114.0887 Y140.0486 Z26.5050 E0.07993 F600
G1 X113.0798 Y139.2262 Z26.3586 E0.11763 F600
G1 X111.8957 Y138.4155 Z26.3050 E0.12895 F600
G1 X110.6872 Y137.8613 Z26.3586 E0.11949 F600
G1 X109.6301 Y137.5845 Z26.5050 E0.09900 F600
G1 X108.9285 Y137.4507 Z26.7050 E0.06661 F600
G1 X108.7063 Y137.3469 Z26.9050 E0.02842 F600
G1 X108.9102 Y137.2553 Z27.0514 E0.02400 F600
G1 X109.3326 Y137.2179 Z27.1050 E0.03838 F600
G1 X109.7149 Y137.2637 Z27.0514 E0.03491 F600
G1 X109.8350 Y137.3612 Z26.9050 E0.01913 F600
G1 X109.5372 Y137.4590 Z26.7050 E0.03340 F600
G1 X108.7304 Y137.5700 Z26.5050 E0.07530 F600
G1 X107.3942 Y137.7692 Z26.3586 E0.12204 F600
G1 X105.6250 Y138.0681 Z26.3050 E0.16120 F600
G1 X103.7057 Y138.3409 Z26.3586 E0.17416 F600
G1 X102.0538 Y138.4529 Z26.5050 E0.14926 F600
G1 X101.0148 Y138.4113 Z26.7050 E0.09509 F600
G1 X100.7027 Y138.3193 Z26.9050 E0.03430 F600
G1 X100.9987 Y138.2450 Z27.0514 E0.03040 F600
G1 X101.6190 Y138.1965 Z27.1050 E0.05608 F600
G1 X102.1953 Y138.1831 Z27.0514 E0.05199 F600
G1 X102.3770 Y138.2366 Z26.9050 E0.02150 F600
G1 X101.9170 Y138.3681 Z26.7050 E0.04656 F600
G1 X100.7238 Y138.5130 Z26.5050 E0.10942 F600
G1 X98.9172 Y138.5040 Z26.3586 E0.16277 F600
G1 X96.8652 Y138.1348 Z26.3050 E0.18730 F600
G1 X95.0627 Y137.3508 Z26.3586 E0.17658 F600
G1 X93.8526 Y136.3794 Z26.5050 E0.13997 F600
G1 X93.2698 Y135.5936 Z26.7050 E0.08968 F600
G1 X93.1603 Y135.2507 Z26.9050 E0.03698 F600
G1 X93.3608 Y135.3621 Z27.0514 E0.02443 F600
G1 X93.7299 Y135.7394 Z27.1050 E0.04765 F600
G1 X94.0790 Y136.1299 Z27.0514 E0.04728 F600
G1 X94.1658 Y136.3264 Z26.9050 E0.02334 F600
G1 X93.8121 Y136.1741 Z26.7050 E0.03897 F600
G1 X93.0526 Y135.5223 Z26.5050 E0.09165 F600
G1 X92.1834 Y134.2567 Z26.3586 E0.13850 F600
G1 X91.6083 Y132.4486 Z26.3050 E0.17046 F600
G1 X91.5409 Y130.4427 Z26.3586 E0.18030 F600
G1 X91.8528 Y128.7065 Z26.5050 E0.15896 F600
G1 X92.2397 Y127.5779 Z26.7050 E0.10864 F600
G1 X92.4706 Y127.1595 Z26.9050 E0.04652 F600
G1 X92.4842 Y127.3540 Z27.0514 E0.02190 F600
G1 X92.3501 Y127.9174 Z27.1050 E0.05223 F600
G1 X92.1787 Y128.5100 Z27.0514 E0.05560 F600
G1 X92.0467 Y128.7778 Z26.9050 E0.02987 F600
G1 X92.0125 Y128.4503 Z26.7050 E0.03460 F600
G1 X92.1845 Y127.4196 Z26.5050 E0.09555 F600
G1 X92.6892 Y125.8016 Z26.3586 E0.15277 F600
G1 X93.5109 Y123.9279 Z26.3050 E0.18380 F600
G1 X94.4241 Y122.1948 Z26.3586 E0.17598 F600
G1 X95.1694 Y120.8783 Z26.5050 E0.13649 F600
G1 X95.6442 Y120.0868 Z26.7050 E0.08481 F600
G1 X95.8750 Y119.8121 Z26.9050 E0.03689 F600
G1 X95.9015 Y119.9608 Z27.0514 E0.01889 F600
G1 X95.7577 Y120.3624 Z27.1050 E0.03861 F600
G1 X95.5283 Y120.7837 Z27.0514 E0.04335 F600
G1 X95.3551 Y120.9667 Z26.9050 E0.02616 F600
G1 X95.3647 Y120.7095 Z26.7050 E0.02927 F600
G1 X95.5792 Y119.9577 Z26.5050 E0.07246 F600
G1 X95.8656 Y118.8232 Z26.3586 E0.10590 F600
G1 X96.0000 Y117.5000 Z26.3050 E0.11954 F600
G1 X95.8656 Y116.1768 Z26.3586 E0.11954 F600
G1 X95.5792 Y115.0423 Z26.5050 E0.10590 F600
G1 X95.3647 Y114.2905 Z26.7050 E0.07246 F600
G1 X95.3551 Y114.0333 Z26.9050 E0.02927 F600
G1 X95.5283 Y114.2163 Z27.0514 E0.02616 F600
G1 X95.7577 Y114.6376 Z27.1050 E0.04335 F600
G1 X95.9015 Y115.0392 Z27.0514 E0.03861 F600
G1 X95.8750 Y115.1879 Z26.9050 E0.01889 F600
G1 X95.6442 Y114.9132 Z26.7050 E0.03689 F600
G1 X95.1694 Y114.1217 Z26.5050 E0.08481 F600
G1 X94.4241 Y112.8052 Z26.3586 E0.13649 F600
G1 X93.5109 Y111.0721 Z26.3050 E0.17598 F600
G1 X92.6892 Y109.1984 Z26.3586 E0.18380 F600
G1 X92.1845 Y107.5804 Z26.5050 E0.15277 F600
G1 X92.0125 Y106.5497 Z26.7050 E0.09555 F600
G1 X92.0467 Y106.2222 Z26.9050 E0.03460 F600
G1 X92.1787 Y106.4900 Z27.0514 E0.02987 F600
G1 X92.3501 Y107.0826 Z27.1050 E0.05560 F600
G1 X92.4842 Y107.6460 Z27.0514 E0.05223 F600
G1 X92.4706 Y107.8405 Z26.9050 E0.02190 F600
G1 X92.2397 Y107.4221 Z26.7050 E0.04652 F600
G1 X91.8528 Y106.2935 Z26.5050 E0.10864 F600
G1 X91.5409 Y104.5573 Z26.3586 E0.15896 F600
G1 X91.6083 Y102.5514 Z26.3050 E0.18030 F600
G1 X92.1834 Y100.7433 Z26.3586 E0.17046 F600
G1 X93.0526 Y99.4777 Z26.5050 E0.13850 F600
G1 X93.8121 Y98.8259 Z26.7050 E0.09165 F600
G1 X94.1658 Y98.6736 Z26.9050 E0.03897 F600
G1 X94.0790 Y98.8701 Z27.0514 E0.02334 F600
G1 X93.7299 Y99.2606 Z27.1050 E0.04728 F600
G1 X93.3608 Y99.6379 Z27.0514 E0.04765 F600
G1 X93.1603 Y99.7493 Z26.9050 E0.02443 F600
G1 X93.2698 Y99.4064 Z26.7050 E0.03698 F600
G1 X93.8526 Y98.6206 Z26.5050 E0.08968 F600
G1 X95.0627 Y97.6492 Z26.3586 E0.13997 F600
G1 X96.8652 Y96.8652 Z26.3050 E0.17658 F600
G1 X98.9172 Y96.4960 Z26.3586 E0.18730 F600
G1 X100.7238 Y96.4870 Z26.5050 E0.16277 F600
G1 X101.9170 Y96.6319 Z26.7050 E0.10942 F600
G1 X102.3770 Y96.7634 Z26.9050 E0.04656 F600
G1 X102.1953 Y96.8169 Z27.0514 E0.02150 F600
G1 X101.6190 Y96.8035 Z27.1050 E0.05199 F600
G1 X100.9987 Y96.7550 Z27.0514 E0.05608 F600
G1 X100.7027 Y96.6807 Z26.9050 E0.03040 F600
G1 X101.0148 Y96.5887 Z26.7050 E0.03430 F600
G1 X102.0538 Y96.5471 Z26.5050 E0.09509 F600
G1 X103.7057 Y96.6591 Z26.3586 E0.14926 F600
G1 X105.6250 Y96.9319 Z26.3050 E0.17416 F600
G1 X107.3942 Y97.2308 Z26.3586 E0.16120 F600
G1 X108.7304 Y97.4300 Z26.5050 E0.12204 F600
G1 X109.5372 Y97.5410 Z26.7050 E0.07530 F600
G1 X109.8350 Y97.6388 Z26.9050 E0.03340 F600
G1 X109.7149 Y97.7363 Z27.0514 E0.01913 F600
G1 X109.3326 Y97.7821 Z27.1050 E0.03491 F600
G1 X108.9102 Y97.7447 Z27.0514 E0.03838 F600
G1 X108.7063 Y97.6531 Z26.9050 E0.02400 F600
G1 X108.9285 Y97.5493 Z26.7050 E0.02842 F600
G1 X109.6301 Y97.4155 Z26.5050 E0.06661 F600
G1 X110.6872 Y97.1387 Z26.3586 E0.09900 F600
G1 X111.8957 Y96.5845 Z26.3050 E0.11949 F600
G1 X113.0798 Y95.7738 Z26.3586 E0.12895 F600
G1 X114.0887 Y94.9514 Z26.5050 E0.11763 F600
G1 X114.7673 Y94.4112 Z26.7050 E0.07993 F600
G1 X115.0186 Y94.2922 Z26.9050 E0.03076 F600
G1 X114.8832 Y94.5329 Z27.0514 E0.02807 F600
G1 X114.5291 Y94.9341 Z27.1050 E0.04829 F600
G1 X114.1753 Y95.2537 Z27.0514 E0.04309 F600
G1 X114.0245 Y95.2987 Z26.9050 E0.01930 F600
G1 X114.2308 Y94.9528 Z26.7050 E0.04038 F600
G1 X114.8826 Y94.1549 Z26.5050 E0.09425 F600
G1 X115.9974 Y92.9326 Z26.3586 E0.14915 F600
G1 X117.5000 Y91.5000 Z26.3050 E0.18650 F600
G1 X119.1678 Y90.2313 Z26.3586 E0.18825 F600
G1 X120.6486 Y89.4173 Z26.5050 E0.15231 F600
G1 X121.6207 Y89.0801 Z26.7050 E0.09413 F600
G1 X121.9509 Y89.0680 Z26.9050 E0.03468 F600
G1 X121.7235 Y89.2402 Z27.0514 E0.02879 F600
G1 X121.1860 Y89.5022 Z27.1050 E0.05391 F600
G1 X120.6642 Y89.7283 Z27.0514 E0.05130 F600
G1 X120.4672 Y89.7483 Z26.9050 E0.02211 F600
G1 X120.8204 Y89.4458 Z26.7050 E0.04546 F600
G1 X121.8297 Y88.8808 Z26.5050 E0.10541 F600
G1 X123.4335 Y88.3357 Z26.3586 E0.15269 F600
G1 X125.3543 Y88.1874 Z26.3050 E0.17307 F600
G1 X127.1658 Y88.6120 Z26.3586 E0.16716 F600
G1 X128.5101 Y89.4014 Z26.5050 E0.14061 F600
G1 X129.2578 Y90.1330 Z26.7050 E0.09564 F600
G1 X129.4674 Y90.4904 Z26.9050 E0.04132 F600
G1 X129.2731 Y90.4238 Z27.0514 E0.02265 F600
G1 X128.8494 Y90.1001 Z27.1050 E0.04812 F600
G1 X128.4310 Y89.7501 Z27.0514 E0.04922 F600
G1 X128.2873 Y89.5483 Z26.9050 E0.02584 F600
G1 X128.6209 Y89.6253 Z26.7050 E0.03561 F600
G1 X129.4509 Y90.1493 Z26.5050 E0.08996 F600
G1 X130.5666 Y91.2925 Z26.3586 E0.14405 F600
G1 X131.6250 Y93.0348 Z26.3050 E0.18313 F600
G1 X132.3694 Y95.0347 Z26.3586 E0.19170 F600
G1 X132.7611 Y96.7981 Z26.5050 E0.16275 F600
G1 X132.8982 Y97.9675 Z26.7050 E0.10725 F600
G1 X132.8837 Y98.4327 Z26.9050 E0.04549 F600
G1 X132.7887 Y98.2795 Z27.0514 E0.02086 F600
G1 X132.6658 Y97.7355 Z27.1050 E0.05032 F600
G1 X132.5711 Y97.1325 Z27.0514 E0.05502 F600
G1 X132.5754 Y96.8287 Z26.9050 E0.03029 F600
G1 X132.7308 Y97.1035 Z26.7050 E0.03356 F600
G1 X133.0116 Y98.0709 Z26.5050 E0.09223 F600
G1 X133.3291 Y99.6085 Z26.3586 E0.14160 F600
G1 X133.6348 Y101.3652 Z26.3050 E0.16020 F600
G1 X133.9583 Y102.9390 Z26.3586 E0.14436 F600
G1 X134.2947 Y104.0916 Z26.5050 E0.10863 F600
G1 X134.5344 Y104.7798 Z26.7050 E0.06787 F600
G1 X134.5683 Y105.0523 Z26.9050 E0.03050 F600
G1 X134.4114 Y104.9863 Z27.0514 E0.02017 F600
G1 X134.1910 Y104.6926 Z27.1050 E0.03332 F600
G1 X134.0445 Y104.3399 Z27.0514 E0.03463 F600
G1 X134.0524 Y104.1453 Z26.9050 E0.02188 F600
G1 X134.2559 Y104.2907 Z26.7050 E0.02876 F600
G1 X134.7074 Y104.8149 Z26.5050 E0.06468 F600
G1 X135.4896 Y105.5930 Z26.3586 E0.09994 F600
G1 X136.6417 Y106.4486 Z26.3050 E0.12896 F600
G1 X138.0176 Y107.2703 Z26.3586 E0.14400 F600
G1 X139.2736 Y107.9861 Z26.5050 E0.13048 F600
G1 X140.0733 Y108.4941 Z26.7050 E0.08697 F600
G1 X140.2835 Y108.7072 Z26.9050 E0.03233 F600
G1 X139.9978 Y108.6379 Z27.0514 E0.02950 F600
G1 X139.4679 Y108.4006 Z27.1050 E0.05236 F600
G1 X139.0102 Y108.1471 Z27.0514 E0.04723 F600
G1 X138.9032 Y108.0167 Z26.9050 E0.02006 F600
G1 X139.3302 Y108.1210 Z26.7050 E0.04336 F600
G1 X140.3676 Y108.5396 Z26.5050 E0.10205 F600
G1 X141.9385 Y109.3230 Z26.3586 E0.15819 F600
G1 X143.7391 Y110.4693 Z26.3050 E0.19174 F600
G1 X145.3145 Y111.8411 Z26.3586 E0.18766 F600
G1 X146.3372 Y113.1373 Z26.5050 E0.14885 F600
G1 X146.7872 Y114.0336 Z26.7050 E0.09184 F600
G1 X146.8346 Y114.3635 Z26.9050 E0.03491 F600
G1 X146.6402 Y114.1799 Z27.0514 E0.02738 F600
G1 X146.3214 Y113.7056 Z27.1050 E0.05155 F600
G1 X146.0343 Y113.2355 Z27.0514 E0.04970 F600
G1 X145.9885 Y113.0403 Z26.9050 E0.02230 F600
G1 X146.3318 Y113.3196 Z26.7050 E0.04361 F600
G1 X147.0069 Y114.1918 Z26.5050 E0.10066 F600
G1 X147.7018 Y115.6528 Z26.3586 E0.14588 F600
G1 X148.0000 Y117.5000 Z26.3050 E0.16810 F600
G1 X147.7018 Y119.3472 Z26.3586 E0.16810 F600
G1 X147.0069 Y120.8082 Z26.5050 E0.14588 F600
G1 X146.3318 Y121.6804 Z26.7050 E0.10066 F600
G1 X145.9885 Y121.9597 Z26.9050 E0.04361 F600
G1 X146.0343 Y121.7645 Z27.0514 E0.02230 F600
G1 X146.3214 Y121.2944 Z27.1050 E0.04970 F600
; row 52/57
G1 X147.5118 Y116.9761 Z27.5514 E0.40425 F600
G1 X147.5826 Y116.7663 Z27.4050 E0.02384 F600
G1 X147.7378 Y117.1042 Z27.2050 E0.03791 F600
G1 X147.8486 Y118.0843 Z27.0050 E0.09038 F600
G1 X147.6216 Y119.6063 Z26.8586 E0.13882 F600
G1 X146.8171 Y121.3597 Z26.8050 E0.17330 F600
G1 X145.5231 Y122.9471 Z26.8586 E0.18398 F600
G1 X144.1484 Y124.0934 Z27.0050 E0.16127 F600
G1 X143.1282 Y124.7279 Z27.2050 E0.10938 F600
G1 X142.6847 Y124.9109 Z27.4050 E0.04668 F600
G1 X142.7955 Y124.7534 Z27.5514 E0.02173 F600
G1 X143.2561 Y124.4013 Z27.6050 E0.05228 F600
G1 X143.7684 Y124.0495 Z27.5514 E0.05602 F600
G1 X144.0436 Y123.9230 Z27.4050 E0.03021 F600
G1 X143.8597 Y124.1945 Z27.2050 E0.03450 F600
G1 X143.0723 Y124.8825 Z27.0050 E0.09560 F600
G1 X141.6810 Y125.8262 Z26.8586 E0.15155 F600
G1 X139.9299 Y126.7908 Z26.8050 E0.17960 F600
G1 X138.2387 Y127.6150 Z26.8586 E0.16901 F600
G1 X136.9465 Y128.2338 Z27.0050 E0.12934 F600
G1 X136.1612 Y128.6023 Z27.2050 E0.07994 F600
G1 X135.8375 Y128.6920 Z27.4050 E0.03511 F600
G1 X135.8906 Y128.5502 Z27.5514 E0.01892 F600
G1 X136.2086 Y128.3014 Z27.6050 E0.03658 F600
G1 X136.6081 Y128.0918 Z27.5514 E0.04080 F600
G1 X136.8418 Y128.0468 Z27.4050 E0.02510 F600
G1 X136.7022 Y128.2538 Z27.2050 E0.02873 F600
G1 X136.1487 Y128.7509 Z27.0050 E0.06919 F600
G1 X135.3532 Y129.5421 Z26.8586 E0.10161 F600
G1 X134.5876 Y130.6118 Z26.8050 E0.11822 F600
G1 X134.0192 Y131.8599 Z26.8586 E0.12325 F600
G1 X133.6425 Y133.0328 Z27.0050 E0.11140 F600
G1 X133.3977 Y133.8195 Z27.2050 E0.07614 F600
G1 X133.2611 Y134.0492 Z27.4050 E0.02997 F600
G1 X133.2277 Y133.7865 Z27.5514 E0.02717 F600
G1 X133.2812 Y133.2812 Z27.6050 E0.04588 F600
G1 X133.3876 Y132.8424 Z27.5514 E0.04083 F600
G1 X133.4887 Y132.7274 Z27.4050 E0.01903 F600
G1 X133.5213 Y133.1073 Z27.2050 E0.03867 F600
G1 X133.4568 Y134.0832 Z27.0050 E0.08965 F600
G1 X133.2879 Y135.6619 Z26.8586 E0.14318 F600
G1 X132.9702 Y137.6612 Z26.8050 E0.18186 F600
G1 X132.4572 Y139.6750 Z26.8586 E0.18668 F600
G1 X131.8299 Y141.2522 Z27.0050 E0.15299 F600
G1 X131.3036 Y142.1481 Z27.2050 E0.09502 F600
G1 X131.0637 Y142.3746 Z27.4050 E0.03465 F600
G1 X131.1302 Y142.0896 Z27.5514 E0.02939 F600
G1 X131.3750 Y141.5322 Z27.6050 E0.05488 F600
G1 X131.6302 Y141.0166 Z27.5514 E0.05189 F600
G1 X131.7663 Y140.8746 Z27.4050 E0.02202 F600
G1 X131.6834 Y141.3402 Z27.2050 E0.04611 F600
G1 X131.2670 Y142.4419 Z27.0050 E0.10728 F600
G1 X130.3941 Y143.9369 Z26.8586 E0.15602 F600
G1 X129.0408 Y145.3619 Z26.8050 E0.17655 F600
G1 X127.4133 Y146.2905 Z26.8586 E0.16833 F600
G1 X125.9078 Y146.6241 Z27.0050 E0.13910 F600
G1 X124.8874 Y146.5878 Z27.2050 E0.09344 F600
G1 X124.5082 Y146.4619 Z27.4050 E0.04012 F600
G1 X124.7001 Y146.3780 Z27.5514 E0.02295 F600
G1 X125.2249 Y146.3297 Z27.6050 E0.04757 F600
G1 X125.7595 Y146.3043 Z27.5514 E0.04830 F600
G1 X125.9917 Y146.3576 Z27.4050 E0.02511 F600
G1 X125.6876 Y146.5311 Z27.2050 E0.03621 F600
G1 X124.7269 Y146.7089 Z27.0050 E0.08956 F600
G1 X123.1580 Y146.6079 Z26.8586 E0.14179 F600
G1 X121.2512 Y145.9936 Z26.8050 E0.17996 F600
G1 X119.4187 Y144.9386 Z26.8586 E0.18995 F600
G1 X118.0064 Y143.8026 Z27.0050 E0.16330 F600
G1 X117.1668 Y142.9535 Z27.2050 E0.10872 F600
G1 X116.8886 Y142.5703 Z27.4050 E0.04617 F600
G1 X117.0612 Y142.6375 Z27.5514 E0.02121 F600
G1 X117.5000 Y143.0000 Z27.6050 E0.05134 F600
G1 X117.9525 Y143.4217 Z27.5514 E0.05575 F600
G1 X118.1381 Y143.6645 Z27.4050 E0.03043 F600
G1 X117.8409 Y143.5421 Z27.2050 E0.03400 F600
G1 X117.0103 Y142.9379 Z27.0050 E0.09397 F600
G1 X115.7960 Y141.8679 Z26.8586 E0.14593 F600
G1 X114.4639 Y140.5616 Z26.8050 E0.16762 F600
G1 X113.2487 Y139.3710 Z26.8586 E0.15285 F600
G1 X112.2976 Y138.5263 Z27.0050 E0.11498 F600
G1 X111.7084 Y138.0354 Z27.2050 E0.07118 F600
G1 X111.5242 Y137.8080 Z27.4050 E0.03184 F600
G1 X111.6835 Y137.7844 Z27.5514 E0.01955 F600
G1 X112.0251 Y137.9326 Z27.6050 E0.03378 F600
G1 X112.3459 Y138.1720 Z27.5514 E0.03627 F600
G1 X112.4546 Y138.3505 Z27.4050 E0.02291 F600
G1 X112.2105 Y138.3276 Z27.2050 E0.02842 F600
G1 X111.5543 Y138.0955 Z27.0050 E0.06503 F600
G1 X110.5056 Y137.8132 Z26.8586 E0.09841 F600
G1 X109.1412 Y137.6799 Z26.8050 E0.12320 F600
G1 X107.6282 Y137.7402 Z26.8586 E0.13607 F600
G1 X106.2594 Y137.8647 Z27.0050 E0.12412 F600
G1 X105.3518 Y137.9192 Z27.2050 E0.08360 F600
G1 X105.0668 Y137.8712 Z27.4050 E0.03157 F600
G1 X105.3288 Y137.7563 Z27.5514 E0.02886 F600
G1 X105.8750 Y137.6351 Z27.6050 E0.05048 F600
G1 X106.3725 Y137.5746 Z27.5514 E0.04526 F600
G1 X106.5285 Y137.6208 Z27.4050 E0.01966 F600
G1 X106.1396 Y137.7855 Z27.2050 E0.04196 F600
G1 X105.0970 Y138.0583 Z27.0050 E0.09843 F600
G1 X103.4167 Y138.3794 Z26.8586 E0.15419 F600
G1 X101.3146 Y138.5932 Z26.8050 E0.18980 F600
G1 X99.2168 Y138.5325 Z26.8586 E0.18853 F600
G1 X97.5751 Y138.2071 Z27.0050 E0.15086 F600
G1 X96.6318 Y137.8289 Z27.2050 E0.09302 F600
G1 X96.3767 Y137.6175 Z27.4050 E0.03475 F600
G1 X96.6530 Y137.6317 Z27.5514 E0.02811 F600
G1 X97.2188 Y137.7812 Z27.6050 E0.05277 F600
G1 X97.7536 Y137.9480 Z27.5514 E0.05054 F600
G1 X97.9163 Y138.0629 Z27.4050 E0.02220 F600
G1 X97.4615 Y138.0701 Z27.2050 E0.04462 F600
G1 X96.3522 Y137.8489 Z27.0050 E0.10315 F600
G1 X94.8248 Y137.2112 Z26.8586 E0.14922 F600
G1 X93.3333 Y136.0438 Z26.8050 E0.17016 F600
G1 X92.2988 Y134.4984 Z26.8586 E0.16707 F600
G1 X91.8382 Y132.9819 Z27.0050 E0.14293 F600
G1 X91.7687 Y131.9102 Z27.2050 E0.09810 F600
G1 X91.8464 Y131.4884 Z27.4050 E0.04250 F600
G1 X91.9439 Y131.6660 Z27.5514 E0.02244 F600
G1 X92.0414 Y132.1986 Z27.6050 E0.04886 F600
G1 X92.1177 Y132.7512 Z27.5514 E0.05033 F600
G1 X92.0917 Y133.0075 Z27.4050 E0.02661 F600
G1 X91.9018 Y132.7293 Z27.2050 E0.03518 F600
G1 X91.6399 Y131.7738 Z27.0050 E0.09077 F600
G1 X91.5617 Y130.1510 Z26.8586 E0.14650 F600
G1 X91.8881 Y128.1088 Z26.8050 E0.18579 F600
G1 X92.5774 Y126.0816 Z26.8586 E0.19234 F600
G1 X93.3527 Y124.4711 Z27.0050 E0.16105 F600
G1 X93.9443 Y123.4824 Z27.2050 E0.10501 F600
G1 X94.2312 Y123.1305 Z27.4050 E0.04455 F600
G1 X94.2183 Y123.3048 Z27.5514 E0.02047 F600
G1 X93.9939 Y123.7984 Z27.6050 E0.04894 F600
G1 X93.7068 Y124.3226 Z27.5514 E0.05388 F600
G1 X93.5191 Y124.5567 Z27.4050 E0.02998 F600
G1 X93.5617 Y124.2513 Z27.2050 E0.03300 F600
G1 X93.9132 Y123.3359 Z27.0050 E0.08987 F600
G1 X94.5442 Y121.9621 Z26.8586 E0.13639 F600
G1 X95.2620 Y120.4277 Z26.8050 E0.15220 F600
G1 X95.8151 Y119.0164 Z26.8586 E0.13621 F600
G1 X96.1081 Y117.9118 Z27.0050 E0.10346 F600
G1 X96.2422 Y117.2217 Z27.2050 E0.06564 F600
G1 X96.3479 Y116.9841 Z27.4050 E0.02946 F600
G1 X96.4526 Y117.1326 Z27.5514 E0.02095 F600
G1 X96.5000 Y117.5000 Z27.6050 E0.03361 F600
G1 X96.4526 Y117.8674 Z27.5514 E0.03361 F600
G1 X96.3479 Y118.0159 Z27.4050 E0.02095 F600
G1 X96.2422 Y117.7783 Z27.2050 E0.02946 F600
G1 X96.1081 Y117.0882 Z27.0050 E0.06564 F600
G1 X95.8151 Y115.9836 Z26.8586 E0.10346 F600
G1 X95.2620 Y114.5723 Z26.8050 E0.13621 F600
G1 X94.5442 Y113.0379 Z26.8586 E0.15220 F600
G1 X93.9132 Y111.6641 Z27.0050 E0.13639 F600
G1 X93.5617 Y110.7487 Z27.2050 E0.08987 F600
G1 X93.5191 Y110.4433 Z27.4050 E0.03300 F600
G1 X93.7068 Y110.6774 Z27.5514 E0.02998 F600
G1 X93.9939 Y111.2016 Z27.6050 E0.05388 F600
G1 X94.2183 Y111.6952 Z27.5514 E0.04894 F600
G1 X94.2312 Y111.8695 Z27.4050 E0.02047 F600
G1 X93.9443 Y111.5176 Z27.2050 E0.04455 F600
G1 X93.3527 Y110.5289 Z27.0050 E0.10501 F600
G1 X92.5774 Y108.9184 Z26.8586 E0.16105 F600
G1 X91.8881 Y106.8912 Z26.8050 E0.19234 F600
G1 X91.5617 Y104.8490 Z26.8586 E0.18579 F600
G1 X91.6399 Y103.2262 Z27.0050 E0.14650 F600
G1 X91.9018 Y102.2707 Z27.2050 E0.09077 F600
G1 X92.0917 Y101.9925 Z27.4050 E0.03518 F600
G1 X92.1177 Y102.2488 Z27.5514 E0.02661 F600
G1 X92.0414 Y102.8014 Z27.6050 E0.05033 F600
G1 X91.9439 Y103.3340 Z27.5514 E0.04886 F600
G1 X91.8464 Y103.5116 Z27.4050 E0.02244 F600
G1 X91.7687 Y103.0898 Z27.2050 E0.04250 F600
G1 X91.8382 Y102.0181 Z27.0050 E0.09810 F600
G1 X92.2988 Y100.5016 Z26.8586 E0.14293 F600
G1 X93.3333 Y98.9562 Z26.8050 E0.16707 F600
G1 X94.8248 Y97.7888 Z26.8586 E0.17016 F600
G1 X96.3522 Y97.1511 Z27.0050 E0.14922 F600
G1 X97.4615 Y96.9299 Z27.2050 E0.10315 F600
G1 X97.9163 Y96.9371 Z27.4050 E0.04462 F600
G1 X97.7536 Y97.0520 Z27.5514 E0.02220 F600
G1 X97.2188 Y97.2188 Z27.6050 E0.05054 F600
G1 X96.6530 Y97.3683 Z27.5514 E0.05277 F600
G1 X96.3767 Y97.3825 Z27.4050 E0.02811 F600
G1 X96.6318 Y97.1711 Z27.2050 E0.03475 F600
G1 X97.5751 Y96.7929 Z27.0050 E0.09302 F600
G1 X99.2168 Y96.4675 Z26.8586 E0.15086 F600
G1 X101.3146 Y96.4068 Z26.8050 E0.18853 F600
G1 X103.4167 Y96.6206 Z26.8586 E0.18980 F600
G1 X105.0970 Y96.9417 Z27.0050 E0.15419 F600
G1 X106.1396 Y97.2145 Z27.2050 E0.09843 F600
G1 X106.5285 Y97.3792 Z27.4050 E0.04196 F600
G1 X106.3725 Y97.4254 Z27.5514 E0.01966 F600
G1 X105.8750 Y97.3649 Z27.6050 E0.04526 F600
G1 X105.3288 Y97.2437 Z27.5514 E0.05048 F600
G1 X105.0668 Y97.1288 Z27.4050 E0.02886 F600
G1 X105.3518 Y97.0808 Z27.2050 E0.03157 F600
G1 X106.2594 Y97.1353 Z27.0050 E0.08360 F600
G1 X107.6282 Y97.2598 Z26.8586 E0.12412 F600
G1 X109.1412 Y97.3201 Z26.8050 E0.13607 F600
G1 X110.5056 Y97.1868 Z26.8586 E0.12320 F600
G1 X111.5543 Y96.9045 Z27.0050 E0.09841 F600
G1 X112.2105 Y96.6724 Z27.2050 E0.06503 F600
G1 X112.4546 Y96.6495 Z27.4050 E0.02842 F600
G1 X112.3459 Y96.8280 Z27.5514 E0.02291 F600
G1 X112.0251 Y97.0674 Z27.6050 E0.03627 F600
G1 X111.6835 Y97.2156 Z27.5514 E0.03378 F600
G1 X111.5242 Y97.1920 Z27.4050 E0.01955 F600
G1 X111.7084 Y96.9646 Z27.2050 E0.03184 F600
G1 X112.2976 Y96.4737 Z27.0050 E0.07118 F600
G1 X113.2487 Y95.6290 Z26.8586 E0.11498 F600
G1 X114.4639 Y94.4384 Z26.8050 E0.15285 F600
G1 X115.7960 Y93.1321 Z26.8586 E0.16762 F600
G1 X117.0103 Y92.0621 Z27.0050 E0.14593 F600
G1 X117.8409 Y91.4579 Z27.2050 E0.09397 F600
G1 X118.1381 Y91.3355 Z27.4050 E0.03400 F600
G1 X117.9525 Y91.5783 Z27.5514 E0.03043 F600
G1 X117.5000 Y92.0000 Z27.6050 E0.05575 F600
G1 X117.0612 Y92.3625 Z27.5514 E0.05134 F600
G1 X116.8886 Y92.4297 Z27.4050 E0.02121 F600
G1 X117.1668 Y92.0465 Z27.2050 E0.04617 F600
G1 X118.0064 Y91.1974 Z27.0050 E0.10872 F600
G1 X119.4187 Y90.0614 Z26.8586 E0.16330 F600
G1 X121.2512 Y89.0064 Z26.8050 E0.18995 F600
G1 X123.1580 Y88.3921 Z26.8586 E0.17996 F600
G1 X124.7269 Y88.2911 Z27.0050 E0.14179 F600
G1 X125.6876 Y88.4689 Z27.2050 E0.08956 F600
G1 X125.9917 Y88.6424 Z27.4050 E0.03621 F600
G1 X125.7595 Y88.6957 Z27.5514 E0.02511 F600
G1 X125.2249 Y88.6703 Z27.6050 E0.04830 F600
G1 X124.7001 Y88.6220 Z27.5514 E0.04757 F600
G1 X124.5082 Y88.5381 Z27.4050 E0.02295 F600
G1 X124.8874 Y88.4122 Z27.2050 E0.04012 F600
G1 X125.9078 Y88.3759 Z27.0050 E0.09344 F600
G1 X127.4133 Y88.7095 Z26.8586 E0.13910 F600
G1 X129.0408 Y89.6381 Z26.8050 E0.16833 F600
G1 X130.3941 Y91.0631 Z26.8586 E0.17655 F600
G1 X131.2670 Y92.5581 Z27.0050 E0.15602 F600
G1 X131.6834 Y93.6598 Z27.2050 E0.10728 F600
G1 X131.7663 Y94.1254 Z27.4050 E0.04611 F600
G1 X131.6302 Y93.9834 Z27.5514 E0.02202 F600
G1 X131.3750 Y93.4678 Z27.6050 E0.05189 F600
G1 X131.1302 Y92.9104 Z27.5514 E0.05488 F600
G1 X131.0637 Y92.6254 Z27.4050 E0.02939 F600
G1 X131.3036 Y92.8519 Z27.2050 E0.03465 F600
G1 X131.8299 Y93.7478 Z27.0050 E0.09502 F600
G1 X132.4572 Y95.3250 Z26.8586 E0.15299 F600
G1 X132.9702 Y97.3388 Z26.8050 E0.18668 F600
G1 X133.2879 Y99.3381 Z26.8586 E0.18186 F600
G1 X133.4568 Y100.9168 Z27.0050 E0.14318 F600
G1 X133.5213 Y101.8927 Z27.2050 E0.08965 F600
G1 X133.4887 Y102.2726 Z27.4050 E0.03867 F600
G1 X133.3876 Y102.1576 Z27.5514 E0.01903 F600
G1 X133.2812 Y101.7188 Z27.6050 E0.04083 F600
G1 X133.2277 Y101.2135 Z27.5514 E0.04588 F600
G1 X133.2611 Y100.9508 Z27.4050 E0.02717 F600
G1 X133.3977 Y101.1805 Z27.2050 E0.02997 F600
G1 X133.6425 Y101.9672 Z27.0050 E0.07614 F600
G1 X134.0192 Y103.1401 Z26.8586 E0.11140 F600
G1 X134.5876 Y104.3882 Z26.8050 E0.12325 F600
G1 X135.3532 Y105.4579 Z26.8586 E0.11822 F600
G1 X136.1487 Y106.2491 Z27.0050 E0.10161 F600
G1 X136.7022 Y106.7462 Z27.2050 E0.06919 F600
G1 X136.8418 Y106.9532 Z27.4050 E0.02873 F600
G1 X136.6081 Y106.9082 Z27.5514 E0.02510 F600
G1 X136.2086 Y106.6986 Z27.6050 E0.04080 F600
G1 X135.8906 Y106.4498 Z27.5514 E0.03658 F600
G1 X135.8375 Y106.3080 Z27.4050 E0.01892 F600
G1 X136.1612 Y106.3977 Z27.2050 E0.03511 F600
G1 X136.9465 Y106.7662 Z27.0050 E0.07994 F600
G1 X138.2387 Y107.3850 Z26.8586 E0.12934 F600
G1 X139.9299 Y108.2092 Z26.8050 E0.16901 F600
G1 X141.6810 Y109.1738 Z26.8586 E0.17960 F600
G1 X143.0723 Y110.1175 Z27.0050 E0.15155 F600
G1 X143.8597 Y110.8055 Z27.2050 E0.09560 F600
G1 X144.0436 Y111.0770 Z27.4050 E0.03450 F600
G1 X143.7684 Y110.9505 Z27.5514 E0.03021 F600
G1 X143.2561 Y110.5987 Z27.6050 E0.05602 F600
G1 X142.7955 Y110.2466 Z27.5514 E0.05228 F600
G1 X142.6847 Y110.0891 Z27.4050 E0.02173 F600
G1 X143.1282 Y110.2721 Z27.2050 E0.04668 F600
G1 X144.1484 Y110.9066 Z27.0050 E0.10938 F600
G1 X145.5231 Y112.0529 Z26.8586 E0.16127 F600
G1 X146.8171 Y113.6403 Z26.8050 E0.18398 F600
G1 X147.6216 Y115.3937 Z26.8586 E0.17330 F600
G1 X147.8486 Y116.9157 Z27.0050 E0.13882 F600
G1 X147.7378 Y117.8958 Z27.2050 E0.09038 F600
G1 X147.5826 Y118.2337 Z27.4050 E0.03791 F600
G1 X147.5118 Y118.0239 Z27.5514 E0.02384 F600
G1 X147.5000 Y117.5000 Z27.6050 E0.04730 F600
; row 53/57
G1 X146.6402 Y120.8201 Z28.0514 E0.31059 F600
G1 X146.8346 Y120.6365 Z27.9050 E0.02738 F600
G1 X146.7872 Y120.9664 Z27.7050 E0.03491 F600
G1 X146.3372 Y121.8627 Z27.5050 E0.09184 F600
G1 X145.3145 Y123.1589 Z27.3586 E0.14885 F600
G1 X143.7391 Y124.5307 Z27.3050 E0.18766 F600
G1 X141.9385 Y125.6770 Z27.3586 E0.19174 F600
G1 X140.3676 Y126.4604 Z27.5050 E0.15819 F600
G1 X139.3302 Y126.8790 Z27.7050 E0.10205 F600
G1 X138.9032 Y126.9833 Z27.9050 E0.04336 F600
G1 X139.0102 Y126.8529 Z28.0514 E0.02006 F600
G1 X139.4679 Y126.5994 Z28.1050 E0.04723 F600
G1 X139.9978 Y126.3621 Z28.0514 E0.05236 F600
G1 X140.2835 Y126.2928 Z27.9050 E0.02950 F600
G1 X140.0733 Y126.5059 Z27.7050 E0.03233 F600
G1 X139.2736 Y127.0139 Z27.5050 E0.08697 F600
G1 X138.0176 Y127.7297 Z27.3586 E0.13048 F600
G1 X136.6417 Y128.5514 Z27.3050 E0.14400 F600
G1 X135.4896 Y129.4070 Z27.3586 E0.12896 F600
G1 X134.7074 Y130.1851 Z27.5050 E0.09994 F600
G1 X134.2559 Y130.7093 Z27.7050 E0.06468 F600
G1 X134.0524 Y130.8547 Z27.9050 E0.02876 F600
G1 X134.0445 Y130.6601 Z28.0514 E0.02188 F600
G1 X134.1910 Y130.3074 Z28.1050 E0.03463 F600
G1 X134.4114 Y130.0137 Z28.0514 E0.03332 F600
G1 X134.5683 Y129.9477 Z27.9050 E0.02017 F600
G1 X134.5344 Y130.2202 Z27.7050 E0.03050 F600
G1 X134.2947 Y130.9084 Z27.5050 E0.06787 F600
G1 X133.9583 Y132.0610 Z27.3586 E0.10863 F600
G1 X133.6348 Y133.6348 Z27.3050 E0.14436 F600
G1 X133.3291 Y135.3915 Z27.3586 E0.16020 F600
G1 X133.0116 Y136.9291 Z27.5050 E0.14160 F600
G1 X132.7308 Y137.8965 Z27.7050 E0.09223 F600
G1 X132.5754 Y138.1713 Z27.9050 E0.03356 F600
G1 X132.5711 Y137.8675 Z28.0514 E0.03029 F600
G1 X132.6658 Y137.2645 Z28.1050 E0.05502 F600
G1 X132.7887 Y136.7205 Z28.0514 E0.05032 F600
G1 X132.8837 Y136.5673 Z27.9050 E0.02086 F600
G1 X132.8982 Y137.0325 Z27.7050 E0.04549 F600
G1 X132.7611 Y138.2019 Z27.5050 E0.10725 F600
G1 X132.3694 Y139.9653 Z27.3586 E0.16275 F600
G1 X131.6250 Y141.9652 Z27.3050 E0.19170 F600
G1 X130.5666 Y143.7075 Z27.3586 E0.18313 F600
G1 X129.4509 Y144.8507 Z27.5050 E0.14405 F600
G1 X128.6209 Y145.3747 Z27.7050 E0.08996 F600
G1 X128.2873 Y145.4517 Z27.9050 E0.03561 F600
G1 X128.4310 Y145.2499 Z28.0514 E0.02584 F600
G1 X128.8494 Y144.8999 Z28.1050 E0.04922 F600
G1 X129.2731 Y144.5762 Z28.0514 E0.04812 F600
G1 X129.4674 Y144.5096 Z27.9050 E0.02265 F600
G1 X129.2578 Y144.8670 Z27.7050 E0.04132 F600
G1 X128.5101 Y145.5986 Z27.5050 E0.09564 F600
G1 X127.1658 Y146.3880 Z27.3586 E0.14061 F600
G1 X125.3543 Y146.8126 Z27.3050 E0.16716 F600
G1 X123.4335 Y146.6643 Z27.3586 E0.17307 F600
G1 X121.8297 Y146.1192 Z27.5050 E0.15269 F600
G1 X120.8204 Y145.5542 Z27.7050 E0.10541 F600
G1 X120.4672 Y145.2517 Z27.9050 E0.04546 F600
G1 X120.6642 Y145.2717 Z28.0514 E0.02211 F600
G1 X121.1860 Y145.4978 Z28.1050 E0.05130 F600
G1 X121.7235 Y145.7598 Z28.0514 E0.05391 F600
G1 X121.9509 Y145.9320 Z27.9050 E0.02879 F600
G1 X121.6207 Y145.9199 Z27.7050 E0.03468 F600
G1 X120.6486 Y145.5827 Z27.5050 E0.09413 F600
G1 X119.1678 Y144.7687 Z27.3586 E0.15231 F600
G1 X117.5000 Y143.5000 Z27.3050 E0.18825 F600
G1 X115.9974 Y142.0674 Z27.3586 E0.18650 F600
G1 X114.8826 Y140.8451 Z27.5050 E0.14915 F600
G1 X114.2308 Y140.0472 Z27.7050 E0.09425 F600
G1 X114.0245 Y139.7013 Z27.9050 E0.04038 F600
G1 X114.1753 Y139.7463 Z28.0514 E0.01930 F600
G1 X114.5291 Y140.0659 Z28.1050 E0.04309 F600
G1 X114.8832 Y140.4671 Z28.0514 E0.04829 F600
G1 X115.0186 Y140.7078 Z27.9050 E0.02807 F600
G1 X114.7673 Y140.5888 Z27.7050 E0.03076 F600
G1 X114.0887 Y140.0486 Z27.5050 E0.07993 F600
G1 X113.0798 Y139.2262 Z27.3586 E0.11763 F600
G1 X111.8957 Y138.4155 Z27.3050 E0.12895 F600
G1 X110.6872 Y137.8613 Z27.3586 E0.11949 F600
G1 X109.6301 Y137.5845 Z27.5050 E0.09900 F600
G1 X108.9285 Y137.4507 Z27.7050 E0.06661 F600
G1 X108.7063 Y137.3469 Z27.9050 E0.02842 F600
G1 X108.9102 Y137.2553 Z28.0514 E0.02400 F600
G1 X109.3326 Y137.2179 Z28.1050 E0.03838 F600
G1 X109.7149 Y137.2637 Z28.0514 E0.03491 F600
G1 X109.8350 Y137.3612 Z27.9050 E0.01913 F600
G1 X109.5372 Y137.4590 Z27.7050 E0.03340 F600
G1 X108.7304 Y137.5700 Z27.5050 E0.07530 F600
G1 X107.3942 Y137.7692 Z27.3586 E0.12204 F600
G1 X105.6250 Y138.0681 Z27.3050 E0.16120 F600
G1 X103.7057 Y138.3409 Z27.3586 E0.17416 F600
G1 X102.0538 Y138.4529 Z27.5050 E0.14926 F600
G1 X101.0148 Y138.4113 Z27.7050 E0.09509 F600
G1 X100.7027 Y138.3193 Z27.9050 E0.03430 F600
G1 X100.9987 Y138.2450 Z28.0514 E0.03040 F600
G1 X101.6190 Y138.1965 Z28.1050 E0.05608 F600
G1 X102.1953 Y138.1831 Z28.0514 E0.05199 F600
G1 X102.3770 Y138.2366 Z27.9050 E0.02150 F600
G1 X101.9170 Y138.3681 Z27.7050 E0.04656 F600
G1 X100.7238 Y138.5130 Z27.5050 E0.10942 F600
G1 X98.9172 Y138.5040 Z27.3586 E0.16277 F600
G1 X96.8652 Y138.1348 Z27.3050 E0.18730 F600
G1 X95.0627 Y137.3508 Z27.3586 E0.17658 F600
G1 X93.8526 Y136.3794 Z27.5050 E0.13997 F600
G1 X93.2698 Y135.5936 Z27.7050 E0.08968 F600
G1 X93.1603 Y135.2507 Z27.9050 E0.03698 F600
G1 X93.3608 Y135.3621 Z28.0514 E0.02443 F600
G1 X93.7299 Y135.7394 Z28.1050 E0.04765 F600
G1 X94.0790 Y136.1299 Z28.0514 E0.04728 F600
G1 X94.1658 Y136.3264 Z27.9050 E0.02334 F600
G1 X93.8121 Y136.1741 Z27.7050 E0.03897 F600
G1 X93.0526 Y135.5223 Z27.5050 E0.09165 F600
G1 X92.1834 Y134.2567 Z27.3586 E0.13850 F600
G1 X91.6083 Y132.4486 Z27.3050 E0.17046 F600
G1 X91.5409 Y130.4427 Z27.3586 E0.18030 F600
G1 X91.8528 Y128.7065 Z27.5050 E0.15896 F600
G1 X92.2397 Y127.5779 Z27.7050 E0.10864 F600
G1 X92.4706 Y127.1595 Z27.9050 E0.04652 F600
G1 X92.4842 Y127.3540 Z28.0514 E0.02190 F600
G1 X92.3501 Y127.9174 Z28.1050 E0.05223 F600
G1 X92.1787 Y128.5100 Z28.0514 E0.05560 F600
G1 X92.0467 Y128.7778 Z27.9050 E0.02987 F600
G1 X92.0125 Y128.4503 Z27.7050 E0.03460 F600
G1 X92.1845 Y127.4196 Z27.5050 E0.09555 F600
G1 X92.6892 Y125.8016 Z27.3586 E0.15277 F600
G1 X93.5109 Y123.9279 Z27.3050 E0.18380 F600
G1 X94.4241 Y122.1948 Z27.3586 E0.17598 F600
G1 X95.1694 Y120.8783 Z27.5050 E0.13649 F600
G1 X95.6442 Y120.0868 Z27.7050 E0.08481 F600
G1 X95.8750 Y119.8121 Z27.9050 E0.03689 F600
G1 X95.9015 Y119.9608 Z28.0514 E0.01889 F600
G1 X95.7577 Y120.3624 Z28.1050 E0.03861 F600
G1 X95.5283 Y120.7837 Z28.0514 E0.04335 F600
G1 X95.3551 Y120.9667 Z27.9050 E0.02616 F600
G1 X95.3647 Y120.7095 Z27.7050 E0.02927 F600
G1 X95.5792 Y119.9577 Z27.5050 E0.07246 F600
G1 X95.8656 Y118.8232 Z27.3586 E0.10590 F600
G1 X96.0000 Y117.5000 Z27.3050 E0.11954 F600
G1 X95.8656 Y116.1768 Z27.3586 E0.11954 F600
G1 X95.5792 Y115.0423 Z27.5050 E0.10590 F600
G1 X95.3647 Y114.2905 Z27.7050 E0.07246 F600
G1 X95.3551 Y114.0333 Z27.9050 E0.02927 F600
G1 X95.5283 Y114.2163 Z28.0514 E0.02616 F600
G1 X95.7577 Y114.6376 Z28.1050 E0.04335 F600
G1 X95.9015 Y115.0392 Z28.0514 E0.03861 F600
G1 X95.8750 Y115.1879 Z27.9050 E0.01889 F600
G1 X95.6442 Y114.9132 Z27.7050 E0.03689 F600
G1 X95.1694 Y114.1217 Z27.5050 E0.08481 F600
G1 X94.4241 Y112.8052 Z27.3586 E0.13649 F600
G1 X93.5109 Y111.0721 Z27.3050 E0.17598 F600
G1 X92.6892 Y109.1984 Z27.3586 E0.18380 F600
G1 X92.1845 Y107.5804 Z27.5050 E0.15277 F600
G1 X92.0125 Y106.5497 Z27.7050 E0.09555 F600
G1 X92.0467 Y106.2222 Z27.9050 E0.03460 F600
G1 X92.1787 Y106.4900 Z28.0514 E0.02987 F600
G1 X92.3501 Y107.0826 Z28.1050 E0.05560 F600
G1 X92.4842 Y107.6460 Z28.0514 E0.05223 F600
G1 X92.4706 Y107.8405 Z27.9050 E0.02190 F600
G1 X92.2397 Y107.4221 Z27.7050 E0.04652 F600
G1 X91.8528 Y106.2935 Z27.5050 E0.10864 F600
G1 X91.5409 Y104.5573 Z27.3586 E0.15896 F600
G1 X91.6083 Y102.5514 Z27.3050 E0.18030 F600
G1 X92.1834 Y100.7433 Z27.3586 E0.17046 F600
G1 X93.0526 Y99.4777 Z27.5050 E0.13850 F600
G1 X93.8121 Y98.8259 Z27.7050 E0.09165 F600
G1 X94.1658 Y98.6736 Z27.9050 E0.03897 F600
G1 X94.0790 Y98.8701 Z28.0514 E0.02334 F600
G1 X93.7299 Y99.2606 Z28.1050 E0.04728 F600
G1 X93.3608 Y99.6379 Z28.0514 E0.04765 F600
G1 X93.1603 Y99.7493 Z27.9050 E0.02443 F600
G1 X93.2698 Y99.4064 Z27.7050 E0.03698 F600
G1 X93.8526 Y98.6206 Z27.5050 E0.08968 F600
G1 X95.0627 Y97.6492 Z27.3586 E0.13997 F600
G1 X96.8652 Y96.8652 Z27.3050 E0.17658 F600
G1 X98.9172 Y96.4960 Z27.3586 E0.18730 F600
G1 X100.7238 Y96.4870 Z27.5050 E0.16277 F600
G1 X101.9170 Y96.6319 Z27.7050 E0.10942 F600
G1 X102.3770 Y96.7634 Z27.9050 E0.04656 F600
G1 X102.1953 Y96.8169 Z28.0514 E0.02150 F600
G1 X101.6190 Y96.8035 Z28.1050 E0.05199 F600
G1 X100.9987 Y96.7550 Z28.0514 E0.05608 F600
G1 X100.7027 Y96.6807 Z27.9050 E0.03040 F600
G1 X101.0148 Y96.5887 Z27.7050 E0.03430 F600
G1 X102.0538 Y96.5471 Z27.5050 E0.09509 F600
G1 X103.7057 Y96.6591 Z27.3586 E0.14926 F600
G1 X105.6250 Y96.9319 Z27.3050 E0.17416 F600
G1 X107.3942 Y97.2308 Z27.3586 E0.16120 F600
G1 X108.7304 Y97.4300 Z27.5050 E0.12204 F600
G1 X109.5372 Y97.5410 Z27.7050 E0.07530 F600
G1 X109.8350 Y97.6388 Z27.9050 E0.03340 F600
G1 X109.7149 Y97.7363 Z28.0514 E0.01913 F600
G1 X109.3326 Y97.7821 Z28.1050 E0.03491 F600
G1 X108.9102 Y97.7447 Z28.0514 E0.03838 F600
G1 X108.7063 Y97.6531 Z27.9050 E0.02400 F600
G1 X108.9285 Y97.5493 Z27.7050 E0.02842 F600
G1 X109.6301 Y97.4155 Z27.5050 E0.06661 F600
G1 X110.6872 Y97.1387 Z27.3586 E0.09900 F600
G1 X111.8957 Y96.5845 Z27.3050 E0.11949 F600
G1 X113.0798 Y95.7738 Z27.3586 E0.12895 F600
G1 X114.0887 Y94.9514 Z27.5050 E0.11763 F600
G1 X114.7673 Y94.4112 Z27.7050 E0.07993 F600
G1 X115.0186 Y94.2922 Z27.9050 E0.03076 F600
G1 X114.8832 Y94.5329 Z28.0514 E0.02807 F600
G1 X114.5291 Y94.9341 Z28.1050 E0.04829 F600
G1 X114.1753 Y95.2537 Z28.0514 E0.04309 F600
G1 X114.0245 Y95.2987 Z27.9050 E0.01930 F600
G1 X114.2308 Y94.9528 Z27.7050 E0.04038 F600
G1 X114.8826 Y94.1549 Z27.5050 E0.09425 F600
G1 X115.9974 Y92.9326 Z27.3586 E0.14915 F600
G1 X117.5000 Y91.5000 Z27.3050 E0.18650 F600
G1 X119.1678 Y90.2313 Z27.3586 E0.18825 F600
G1 X120.6486 Y89.4173 Z27.5050 E0.15231 F600
G1 X121.6207 Y89.0801 Z27.7050 E0.09413 F600
G1 X121.9509 Y89.0680 Z27.9050 E0.03468 F600
G1 X121.7235 Y89.2402 Z28.0514 E0.02879 F600
G1 X121.1860 Y89.5022 Z28.1050 E0.05391 F600
G1 X120.6642 Y89.7283 Z28.0514 E0.05130 F600
G1 X120.4672 Y89.7483 Z27.9050 E0.02211 F600
G1 X120.8204 Y89.4458 Z27.7050 E0.04546 F600
G1 X121.8297 Y88.8808 Z27.5050 E0.10541 F600
G1 X123.4335 Y88.3357 Z27.3586 E0.15269 F600
G1 X125.3543 Y88.1874 Z27.3050 E0.17307 F600
G1 X127.1658 Y88.6120 Z27.3586 E0.16716 F600
G1 X128.5101 Y89.4014 Z27.5050 E0.14061 F600
G1 X129.2578 Y90.1330 Z27.7050 E0.09564 F600
G1 X129.4674 Y90.4904 Z27.9050 E0.04132 F600
G1 X129.2731 Y90.4238 Z28.0514 E0.02265 F600
G1 X128.8494 Y90.1001 Z28.1050 E0.04812 F600
G1 X128.4310 Y89.7501 Z28.0514 E0.04922 F600
G1 X128.2873 Y89.5483 Z27.9050 E0.02584 F600
G1 X128.6209 Y89.6253 Z27.7050 E0.03561 F600
G1 X129.4509 Y90.1493 Z27.5050 E0.08996 F600
G1 X130.5666 Y91.2925 Z27.3586 E0.14405 F600
G1 X131.6250 Y93.0348 Z27.3050 E0.18313 F600
G1 X132.3694 Y95.0347 Z27.3586 E0.19170 F600
G1 X132.7611 Y96.7981 Z27.5050 E0.16275 F600
G1 X132.8982 Y97.9675 Z27.7050 E0.10725 F600
G1 X132.8837 Y98.4327 Z27.9050 E0.04549 F600
G1 X132.7887 Y98.2795 Z28.0514 E0.02086 F600
G1 X132.6658 Y97.7355 Z28.1050 E0.05032 F600
G1 X132.5711 Y97.1325 Z28.0514 E0.05502 F600
G1 X132.5754 Y96.8287 Z27.9050 E0.03029 F600
G1 X132.7308 Y97.1035 Z27.7050 E0.03356 F600
G1 X133.0116 Y98.0709 Z27.5050 E0.09223 F600
G1 X133.3291 Y99.6085 Z27.3586 E0.14160 F600
G1 X133.6348 Y101.3652 Z27.3050 E0.16020 F600
G1 X133.9583 Y102.9390 Z27.3586 E0.14436 F600
G1 X134.2947 Y104.0916 Z27.5050 E0.10863 F600
G1 X134.5344 Y104.7798 Z27.7050 E0.06787 F600
G1 X134.5683 Y105.0523 Z27.9050 E0.03050 F600
G1 X134.4114 Y104.9863 Z28.0514 E0.02017 F600
G1 X134.1910 Y104.6926 Z28.1050 E0.03332 F600
G1 X134.0445 Y104.3399 Z28.0514 E0.03463 F600
G1 X134.0524 Y104.1453 Z27.9050 E0.02188 F600
G1 X134.2559 Y104.2907 Z27.7050 E0.02876 F600
G1 X134.7074 Y104.8149 Z27.5050 E0.06468 F600
G1 X135.4896 Y105.5930 Z27.3586 E0.09994 F600
G1 X136.6417 Y106.4486 Z27.3050 E0.12896 F600
G1 X138.0176 Y107.2703 Z27.3586 E0.14400 F600
G1 X139.2736 Y107.9861 Z27.5050 E0.13048 F600
G1 X140.0733 Y108.4941 Z27.7050 E0.08697 F600
G1 X140.2835 Y108.7072 Z27.9050 E0.03233 F600
G1 X139.9978 Y108.6379 Z28.0514 E0.02950 F600
G1 X139.4679 Y108.4006 Z28.1050 E0.05236 F600
G1 X139.0102 Y108.1471 Z28.0514 E0.04723 F600
G1 X138.9032 Y108.0167 Z27.9050 E0.02006 F600
G1 X139.3302 Y108.1210 Z27.7050 E0.04336 F600
G1 X140.3676 Y108.5396 Z27.5050 E0.10205 F600
G1 X141.9385 Y109.3230 Z27.3586 E0.15819 F600
G1 X143.7391 Y110.4693 Z27.3050 E0.19174 F600
G1 X145.3145 Y111.8411 Z27.3586 E0.18766 F600
G1 X146.3372 Y113.1373 Z27.5050 E0.14885 F600
G1 X146.7872 Y114.0336 Z27.7050 E0.09184 F600
G1 X146.8346 Y114.3635 Z27.9050 E0.03491 F600
G1 X146.6402 Y114.1799 Z28.0514 E0.02738 F600
G1 X146.3214 Y113.7056 Z28.1050 E0.05155 F600
G1 X146.0343 Y113.2355 Z28.0514 E0.04970 F600
G1 X145.9885 Y113.0403 Z27.9050 E0.02230 F600
G1 X146.3318 Y113.3196 Z27.7050 E0.04361 F600
G1 X147.0069 Y114.1918 Z27.5050 E0.10066 F600
G1 X147.7018 Y115.6528 Z27.3586 E0.14588 F600
G1 X148.0000 Y117.5000 Z27.3050 E0.16810 F600
G1 X147.7018 Y119.3472 Z27.3586 E0.16810 F600
G1 X147.0069 Y120.8082 Z27.5050 E0.14588 F600
G1 X146.3318 Y121.6804 Z27.7050 E0.10066 F600
G1 X145.9885 Y121.9597 Z27.9050 E0.04361 F600
G1 X146.0343 Y121.7645 Z28.0514 E0.02230 F600
G1 X146.3214 Y121.2944 Z28.1050 E0.04970 F600
; row 54/57
G1 X147.5118 Y116.9761 Z28.5514 E0.40425 F600
G1 X147.5826 Y116.7663 Z28.4050 E0.02384 F600
G1 X147.7378 Y117.1042 Z28.2050 E0.03791 F600
G1 X147.8486 Y118.0843 Z28.0050 E0.09038 F600
G1 X147.6216 Y119.6063 Z27.8586 E0.13882 F600
G1 X146.8171 Y121.3597 Z27.8050 E0.17330 F600
G1 X145.5231 Y122.9471 Z27.8586 E0.18398 F600
G1 X144.1484 Y124.0934 Z28.0050 E0.16127 F600
G1 X143.1282 Y124.7279 Z28.2050 E0.10938 F600
G1 X142.6847 Y124.9109 Z28.4050 E0.04668 F600
G1 X142.7955 Y124.7534 Z28.5514 E0.02173 F600
G1 X143.2561 Y124.4013 Z28.6050 E0.05228 F600
G1 X143.7684 Y124.0495 Z28.5514 E0.05602 F600
G1 X144.0436 Y123.9230 Z28.4050 E0.03021 F600
G1 X143.8597 Y124.1945 Z28.2050 E0.03450 F600
G1 X143.0723 Y124.8825 Z28.0050 E0.09560 F600
G1 X141.6810 Y125.8262 Z27.8586 E0.15155 F600
G1 X139.9299 Y126.7908 Z27.8050 E0.17960 F600
G1 X138.2387 Y127.6150 Z27.8586 E0.16901 F600
G1 X136.9465 Y128.2338 Z28.0050 E0.12934 F600
G1 X136.1612 Y128.6023 Z28.2050 E0.07994 F600
G1 X135.8375 Y128.6920 Z28.4050 E0.03511 F600
G1 X135.8906 Y128.5502 Z28.5514 E0.01892 F600
G1 X136.2086 Y128.3014 Z28.6050 E0.03658 F600
G1 X136.6081 Y128.0918 Z28.5514 E0.04080 F600
G1 X136.8418 Y128.0468 Z28.4050 E0.02510 F600
G1 X136.7022 Y128.2538 Z28.2050 E0.02873 F600
G1 X136.1487 Y128.7509 Z28.0050 E0.06919 F600
G1 X135.3532 Y129.5421 Z27.8586 E0.10161 F600
G1 X134.5876 Y130.6118 Z27.8050 E0.11822 F600
G1 X134.0192 Y131.8599 Z27.8586 E0.12325 F600
G1 X133.6425 Y133.0328 Z28.0050 E0.11140 F600
G1 X133.3977 Y133.8195 Z28.2050 E0.07614 F600
G1 X133.2611 Y134.0492 Z28.4050 E0.02997 F600
G1 X133.2277 Y133.7865 Z28.5514 E0.02717 F600
G1 X133.2812 Y133.2812 Z28.6050 E0.04588 F600
G1 X133.3876 Y132.8424 Z28.5514 E0.04083 F600
G1 X133.4887 Y132.7274 Z28.4050 E0.01903 F600
G1 X133.5213 Y133.1073 Z28.2050 E0.03867 F600
G1 X133.4568 Y134.0832 Z28.0050 E0.08965 F600
G1 X133.2879 Y135.6619 Z27.8586 E0.14318 F600
G1 X132.9702 Y137.6612 Z27.8050 E0.18186 F600
G1 X132.4572 Y139.6750 Z27.8586 E0.18668 F600
G1 X131.8299 Y141.2522 Z28.0050 E0.15299 F600
G1 X131.3036 Y142.1481 Z28.2050 E0.09502 F600
G1 X131.0637 Y142.3746 Z28.4050 E0.03465 F600
G1 X131.1302 Y142.0896 Z28.5514 E0.02939 F600
G1 X131.3750 Y141.5322 Z28.6050 E0.05488 F600
G1 X131.6302 Y141.0166 Z28.5514 E0.05189 F600
G1 X131.7663 Y140.8746 Z28.4050 E0.02202 F600
G1 X131.6834 Y141.3402 Z28.2050 E0.04611 F600
G1 X131.2670 Y142.4419 Z28.0050 E0.10728 F600
G1 X130.3941 Y143.9369 Z27.8586 E0.15602 F600
G1 X129.0408 Y145.3619 Z27.8050 E0.17655 F600
G1 X127.4133 Y146.2905 Z27.8586 E0.16833 F600
G1 X125.9078 Y146.6241 Z28.0050 E0.13910 F600
G1 X124.8874 Y146.5878 Z28.2050 E0.09344 F600
G1 X124.5082 Y146.4619 Z28.4050 E0.04012 F600
G1 X124.7001 Y146.3780 Z28.5514 E0.02295 F600
G1 X125.2249 Y146.3297 Z28.6050 E0.04757 F600
G1 X125.7595 Y146.3043 Z28.5514 E0.04830 F600
G1 X125.9917 Y146.3576 Z28.4050 E0.02511 F600
G1 X125.6876 Y146.5311 Z28.2050 E0.03621 F600
G1 X124.7269 Y146.7089 Z28.0050 E0.08956 F600
G1 X123.1580 Y146.6079 Z27.8586 E0.14179 F600
G1 X121.2512 Y145.9936 Z27.8050 E0.17996 F600
G1 X119.4187 Y144.9386 Z27.8586 E0.18995 F600
G1 X118.0064 Y143.8026 Z28.0050 E0.16330 F600
G1 X117.1668 Y142.9535 Z28.2050 E0.10872 F600
G1 X116.8886 Y142.5703 Z28.4050 E0.04617 F600
G1 X117.0612 Y142.6375 Z28.5514 E0.02121 F600
G1 X117.5000 Y143.0000 Z28.6050 E0.05134 F600
G1 X117.9525 Y143.4217 Z28.5514 E0.05575 F600
G1 X118.1381 Y143.6645 Z28.4050 E0.03043 F600
G1 X117.8409 Y143.5421 Z28.2050 E0.03400 F600
G1 X117.0103 Y142.9379 Z28.0050 E0.09397 F600
G1 X115.7960 Y141.8679 Z27.8586 E0.14593 F600
G1 X114.4639 Y140.5616 Z27.8050 E0.16762 F600
G1 X113.2487 Y139.3710 Z27.8586 E0.15285 F600
G1 X112.2976 Y138.5263 Z28.0050 E0.11498 F600
G1 X111.7084 Y138.0354 Z28.2050 E0.07118 F600
G1 X111.5242 Y137.8080 Z28.4050 E0.03184 F600
G1 X111.6835 Y137.7844 Z28.5514 E0.01955 F600
G1 X112.0251 Y137.9326 Z28.6050 E0.03378 F600
G1 X112.3459 Y138.1720 Z28.5514 E0.03627 F600
G1 X112.4546 Y138.3505 Z28.4050 E0.02291 F600
G1 X112.2105 Y138.3276 Z28.2050 E0.02842 F600
G1 X111.5543 Y138.0955 Z28.0050 E0.06503 F600
G1 X110.5056 Y137.8132 Z27.8586 E0.09841 F600
G1 X109.1412 Y137.6799 Z27.8050 E0.12320 F600
G1 X107.6282 Y137.7402 Z27.8586 E0.13607 F600
G1 X106.2594 Y137.8647 Z28.0050 E0.12412 F600
G1 X105.3518 Y137.9192 Z28.2050 E0.08360 F600
G1 X105.0668 Y137.8712 Z28.4050 E0.03157 F600
G1 X105.3288 Y137.7563 Z28.5514 E0.02886 F600
G1 X105.8750 Y137.6351 Z28.6050 E0.05048 F600
G1 X106.3725 Y137.5746 Z28.5514 E0.04526 F600
G1 X106.5285 Y137.6208 Z28.4050 E0.01966 F600
G1 X106.1396 Y137.7855 Z28.2050 E0.04196 F600
G1 X105.0970 Y138.0583 Z28.0050 E0.09843 F600
G1 X103.4167 Y138.3794 Z27.8586 E0.15419 F600
G1 X101.3146 Y138.5932 Z27.8050 E0.18980 F600
G1 X99.2168 Y138.5325 Z27.8586 E0.18853 F600
G1 X97.5751 Y138.2071 Z28.0050 E0.15086 F600
G1 X96.6318 Y137.8289 Z28.2050 E0.09302 F600
G1 X96.3767 Y137.6175 Z28.4050 E0.03475 F600
G1 X96.6530 Y137.6317 Z28.5514 E0.02811 F600
G1 X97.2188 Y137.7812 Z28.6050 E0.05277 F600
G1 X97.7536 Y137.9480 Z28.5514 E0.05054 F600
G1 X97.9163 Y138.0629 Z28.4050 E0.02220 F600
G1 X97.4615 Y138.0701 Z28.2050 E0.04462 F600
G1 X96.3522 Y137.8489 Z28.0050 E0.10315 F600
G1 X94.8248 Y137.2112 Z27.8586 E0.14922 F600
G1 X93.3333 Y136.0438 Z27.8050 E0.17016 F600
G1 X92.2988 Y134.4984 Z27.8586 E0.16707 F600
G1 X91.8382 Y132.9819 Z28.0050 E0.14293 F600
G1 X91.7687 Y131.9102 Z28.2050 E0.09810 F600
G1 X91.8464 Y131.4884 Z28.4050 E0.04250 F600
G1 X91.9439 Y131.6660 Z28.5514 E0.02244 F600
G1 X92.0414 Y132.1986 Z28.6050 E0.04886 F600
G1 X92.1177 Y132.7512 Z28.5514 E0.05033 F600
G1 X92.0917 Y133.0075 Z28.4050 E0.02661 F600
G1 X91.9018 Y132.7293 Z28.2050 E0.03518 F600
G1 X91.6399 Y131.7738 Z28.0050 E0.09077 F600
G1 X91.5617 Y130.1510 Z27.8586 E0.14650 F600
G1 X91.8881 Y128.1088 Z27.8050 E0.18579 F600
G1 X92.5774 Y126.0816 Z27.8586 E0.19234 F600
G1 X93.3527 Y124.4711 Z28.0050 E0.16105 F600
G1 X93.9443 Y123.4824 Z28.2050 E0.10501 F600
G1 X94.2312 Y123.1305 Z28.4050 E0.04455 F600
G1 X94.2183 Y123.3048 Z28.5514 E0.02047 F600
G1 X93.9939 Y123.7984 Z28.6050 E0.04894 F600
G1 X93.7068 Y124.3226 Z28.5514 E0.05388 F600
G1 X93.5191 Y124.5567 Z28.4050 E0.02998 F600
G1 X93.5617 Y124.2513 Z28.2050 E0.03300 F600
G1 X93.9132 Y123.3359 Z28.0050 E0.08987 F600
G1 X94.5442 Y121.9621 Z27.8586 E0.13639 F600
G1 X95.2620 Y120.4277 Z27.8050 E0.15220 F600
G1 X95.8151 Y119.0164 Z27.8586 E0.13621 F600
G1 X96.1081 Y117.9118 Z28.0050 E0.10346 F600
G1 X96.2422 Y117.2217 Z28.2050 E0.06564 F600
G1 X96.3479 Y116.9841 Z28.4050 E0.02946 F600
G1 X96.4526 Y117.1326 Z28.5514 E0.02095 F600
G1 X96.5000 Y117.5000 Z28.6050 E0.03361 F600
G1 X96.4526 Y117.8674 Z28.5514 E0.03361 F600
G1 X96.3479 Y118.0159 Z28.4050 E0.02095 F600
G1 X96.2422 Y117.7783 Z28.2050 E0.02946 F600
G1 X96.1081 Y117.0882 Z28.0050 E0.06564 F600
G1 X95.8151 Y115.9836 Z27.8586 E0.10346 F600
G1 X95.2620 Y114.5723 Z27.8050 E0.13621 F600
G1 X94.5442 Y113.0379 Z27.8586 E0.15220 F600
G1 X93.9132 Y111.6641 Z28.0050 E0.13639 F600
G1 X93.5617 Y110.7487 Z28.2050 E0.08987 F600
G1 X93.5191 Y110.4433 Z28.4050 E0.03300 F600
G1 X93.7068 Y110.6774 Z28.5514 E0.02998 F600
G1 X93.9939 Y111.2016 Z28.6050 E0.05388 F600
G1 X94.2183 Y111.6952 Z28.5514 E0.04894 F600
G1 X94.2312 Y111.8695 Z28.4050 E0.02047 F600
G1 X93.9443 Y111.5176 Z28.2050 E0.04455 F600
G1 X93.3527 Y110.5289 Z28.0050 E0.10501 F600
G1 X92.5774 Y108.9184 Z27.8586 E0.16105 F600
G1 X91.8881 Y106.8912 Z27.8050 E0.19234 F600
G1 X91.5617 Y104.8490 Z27.8586 E0.18579 F600
G1 X91.6399 Y103.2262 Z28.0050 E0.14650 F600
G1 X91.9018 Y102.2707 Z28.2050 E0.09077 F600
G1 X92.0917 Y101.9925 Z28.4050 E0.03518 F600
G1 X92.1177 Y102.2488 Z28.5514 E0.02661 F600
G1 X92.0414 Y102.8014 Z28.6050 E0.05033 F600
G1 X91.9439 Y103.3340 Z28.5514 E0.04886 F600
G1 X91.8464 Y103.5116 Z28.4050 E0.02244 F600
G1 X91.7687 Y103.0898 Z28.2050 E0.04250 F600
G1 X91.8382 Y102.0181 Z28.0050 E0.09810 F600
G1 X92.2988 Y100.5016 Z27.8586 E0.14293 F600
G1 X93.3333 Y98.9562 Z27.8050 E0.16707 F600
G1 X94.8248 Y97.7888 Z27.8586 E0.17016 F600
G1 X96.3522 Y97.1511 Z28.0050 E0.14922 F600
G1 X97.4615 Y96.9299 Z28.2050 E0.10315 F600
G1 X97.9163 Y96.9371 Z28.4050 E0.04462 F600
G1 X97.7536 Y97.0520 Z28.5514 E0.02220 F600
G1 X97.2188 Y97.2188 Z28.6050 E0.05054 F600
G1 X96.6530 Y97.3683 Z28.5514 E0.05277 F600
G1 X96.3767 Y97.3825 Z28.4050 E0.02811 F600
G1 X96.6318 Y97.1711 Z28.2050 E0.03475 F600
G1 X97.5751 Y96.7929 Z28.0050 E0.09302 F600
G1 X99.2168 Y96.4675 Z27.8586 E0.15086 F600
G1 X101.3146 Y96.4068 Z27.8050 E0.18853 F600
G1 X103.4167 Y96.6206 Z27.8586 E0.18980 F600
G1 X105.0970 Y96.9417 Z28.0050 E0.15419 F600
G1 X106.1396 Y97.2145 Z28.2050 E0.09843 F600
G1 X106.5285 Y97.3792 Z28.4050 E0.04196 F600
G1 X106.3725 Y97.4254 Z28.5514 E0.01966 F600
G1 X105.8750 Y97.3649 Z28.6050 E0.04526 F600
G1 X105.3288 Y97.2437 Z28.5514 E0.05048 F600
G1 X105.0668 Y97.1288 Z28.4050 E0.02886 F600
G1 X105.3518 Y97.0808 Z28.2050 E0.03157 F600
G1 X106.2594 Y97.1353 Z28.0050 E0.08360 F600
G1 X107.6282 Y97.2598 Z27.8586 E0.12412 F600
G1 X109.1412 Y97.3201 Z27.8050 E0.13607 F600
G1 X110.5056 Y97.1868 Z27.8586 E0.12320 F600
G1 X111.5543 Y96.9045 Z28.0050 E0.09841 F600
G1 X112.2105 Y96.6724 Z28.2050 E0.06503 F600
G1 X112.4546 Y96.6495 Z28.4050 E0.02842 F600
G1 X112.3459 Y96.8280 Z28.5514 E0.02291 F600
G1 X112.0251 Y97.0674 Z28.6050 E0.03627 F600
G1 X111.6835 Y97.2156 Z28.5514 E0.03378 F600
G1 X111.5242 Y97.1920 Z28.4050 E0.01955 F600
G1 X111.7084 Y96.9646 Z28.2050 E0.03184 F600
G1 X112.2976 Y96.4737 Z28.0050 E0.07118 F600
G1 X113.2487 Y95.6290 Z27.8586 E0.11498 F600
G1 X114.4639 Y94.4384 Z27.8050 E0.15285 F600
G1 X115.7960 Y93.1321 Z27.8586 E0.16762 F600
G1 X117.0103 Y92.0621 Z28.0050 E0.14593 F600
G1 X117.8409 Y91.4579 Z28.2050 E0.09397 F600
G1 X118.1381 Y91.3355 Z28.4050 E0.03400 F600
G1 X117.9525 Y91.5783 Z28.5514 E0.03043 F600
G1 X117.5000 Y92.0000 Z28.6050 E0.05575 F600
G1 X117.0612 Y92.3625 Z28.5514 E0.05134 F600
G1 X116.8886 Y92.4297 Z28.4050 E0.02121 F600
G1 X117.1668 Y92.0465 Z28.2050 E0.04617 F600
G1 X118.0064 Y91.1974 Z28.0050 E0.10872 F600
G1 X119.4187 Y90.0614 Z27.8586 E0.16330 F600
G1 X121.2512 Y89.0064 Z27.8050 E0.18995 F600
G1 X123.1580 Y88.3921 Z27.8586 E0.17996 F600
G1 X124.7269 Y88.2911 Z28.0050 E0.14179 F600
G1 X125.6876 Y88.4689 Z28.2050 E0.08956 F600
G1 X125.9917 Y88.6424 Z28.4050 E0.03621 F600
G1 X125.7595 Y88.6957 Z28.5514 E0.02511 F600
G1 X125.2249 Y88.6703 Z28.6050 E0.04830 F600
G1 X124.7001 Y88.6220 Z28.5514 E0.04757 F600
G1 X124.5082 Y88.5381 Z28.4050 E0.02295 F600
G1 X124.8874 Y88.4122 Z28.2050 E0.04012 F600
G1 X125.9078 Y88.3759 Z28.0050 E0.09344 F600
G1 X127.4133 Y88.7095 Z27.8586 E0.13910 F600
G1 X129.0408 Y89.6381 Z27.8050 E0.16833 F600
G1 X130.3941 Y91.0631 Z27.8586 E0.17655 F600
G1 X131.2670 Y92.5581 Z28.0050 E0.15602 F600
G1 X131.6834 Y93.6598 Z28.2050 E0.10728 F600
G1 X131.7663 Y94.1254 Z28.4050 E0.04611 F600
G1 X131.6302 Y93.9834 Z28.5514 E0.02202 F600
G1 X131.3750 Y93.4678 Z28.6050 E0.05189 F600
G1 X131.1302 Y92.9104 Z28.5514 E0.05488 F600
G1 X131.0637 Y92.6254 Z28.4050 E0.02939 F600
G1 X131.3036 Y92.8519 Z28.2050 E0.03465 F600
G1 X131.8299 Y93.7478 Z28.0050 E0.09502 F600
G1 X132.4572 Y95.3250 Z27.8586 E0.15299 F600
G1 X132.9702 Y97.3388 Z27.8050 E0.18668 F600
G1 X133.2879 Y99.3381 Z27.8586 E0.18186 F600
G1 X133.4568 Y100.9168 Z28.0050 E0.14318 F600
G1 X133.5213 Y101.8927 Z28.2050 E0.08965 F600
G1 X133.4887 Y102.2726 Z28.4050 E0.03867 F600
G1 X133.3876 Y102.1576 Z28.5514 E0.01903 F600
G1 X133.2812 Y101.7188 Z28.6050 E0.04083 F600
G1 X133.2277 Y101.2135 Z28.5514 E0.04588 F600
G1 X133.2611 Y100.9508 Z28.4050 E0.02717 F600
G1 X133.3977 Y101.1805 Z28.2050 E0.02997 F600
G1 X133.6425 Y101.9672 Z28.0050 E0.07614 F600
G1 X134.0192 Y103.1401 Z27.8586 E0.11140 F600
G1 X134.5876 Y104.3882 Z27.8050 E0.12325 F600
G1 X135.3532 Y105.4579 Z27.8586 E0.11822 F600
G1 X136.1487 Y106.2491 Z28.0050 E0.10161 F600
G1 X136.7022 Y106.7462 Z28.2050 E0.06919 F600
G1 X136.8418 Y106.9532 Z28.4050 E0.02873 F600
G1 X136.6081 Y106.9082 Z28.5514 E0.02510 F600
G1 X136.2086 Y106.6986 Z28.6050 E0.04080 F600
G1 X135.8906 Y106.4498 Z28.5514 E0.03658 F600
G1 X135.8375 Y106.3080 Z28.4050 E0.01892 F600
G1 X136.1612 Y106.3977 Z28.2050 E0.03511 F600
G1 X136.9465 Y106.7662 Z28.0050 E0.07994 F600
G1 X138.2387 Y107.3850 Z27.8586 E0.12934 F600
G1 X139.9299 Y108.2092 Z27.8050 E0.16901 F600
G1 X141.6810 Y109.1738 Z27.8586 E0.17960 F600
G1 X143.0723 Y110.1175 Z28.0050 E0.15155 F600
G1 X143.8597 Y110.8055 Z28.2050 E0.09560 F600
G1 X144.0436 Y111.0770 Z28.4050 E0.03450 F600
G1 X143.7684 Y110.9505 Z28.5514 E0.03021 F600
G1 X143.2561 Y110.5987 Z28.6050 E0.05602 F600
G1 X142.7955 Y110.2466 Z28.5514 E0.05228 F600
G1 X142.6847 Y110.0891 Z28.4050 E0.02173 F600
G1 X143.1282 Y110.2721 Z28.2050 E0.04668 F600
G1 X144.1484 Y110.9066 Z28.0050 E0.10938 F600
G1 X145.5231 Y112.0529 Z27.8586 E0.16127 F600
G1 X146.8171 Y113.6403 Z27.8050 E0.18398 F600
G1 X147.6216 Y115.3937 Z27.8586 E0.17330 F600
G1 X147.8486 Y116.9157 Z28.0050 E0.13882 F600
G1 X147.7378 Y117.8958 Z28.2050 E0.09038 F600
G1 X147.5826 Y118.2337 Z28.4050 E0.03791 F600
G1 X147.5118 Y118.0239 Z28.5514 E0.02384 F600
G1 X147.5000 Y117.5000 Z28.6050 E0.04730 F600
; row 55/57
G1 X146.6402 Y120.8201 Z29.0514 E0.31059 F600
G1 X146.8346 Y120.6365 Z28.9050 E0.02738 F600
G1 X146.7872 Y120.9664 Z28.7050 E0.03491 F600
G1 X146.3372 Y121.8627 Z28.5050 E0.09184 F600
G1 X145.3145 Y123.1589 Z28.3586 E0.14885 F600
G1 X143.7391 Y124.5307 Z28.3050 E0.18766 F600
G1 X141.9385 Y125.6770 Z28.3586 E0.19174 F600
G1 X140.3676 Y126.4604 Z28.5050 E0.15819 F600
G1 X139.3302 Y126.8790 Z28.7050 E0.10205 F600
G1 X138.9032 Y126.9833 Z28.9050 E0.04336 F600
G1 X139.0102 Y126.8529 Z29.0514 E0.02006 F600
G1 X139.4679 Y126.5994 Z29.1050 E0.04723 F600
G1 X139.9978 Y126.3621 Z29.0514 E0.05236 F600
G1 X140.2835 Y126.2928 Z28.9050 E0.02950 F600
G1 X140.0733 Y126.5059 Z28.7050 E0.03233 F600
G1 X139.2736 Y127.0139 Z28.5050 E0.08697 F600
G1 X138.0176 Y127.7297 Z28.3586 E0.13048 F600
G1 X136.6417 Y128.5514 Z28.3050 E0.14400 F600
G1 X135.4896 Y129.4070 Z28.3586 E0.12896 F600
G1 X134.7074 Y130.1851 Z28.5050 E0.09994 F600
G1 X134.2559 Y130.7093 Z28.7050 E0.06468 F600
G1 X134.0524 Y130.8547 Z28.9050 E0.02876 F600
G1 X134.0445 Y130.6601 Z29.0514 E0.02188 F600
G1 X134.1910 Y130.3074 Z29.1050 E0.03463 F600
G1 X134.4114 Y130.0137 Z29.0514 E0.03332 F600
G1 X134.5683 Y129.9477 Z28.9050 E0.02017 F600
G1 X134.5344 Y130.2202 Z28.7050 E0.03050 F600
G1 X134.2947 Y130.9084 Z28.5050 E0.06787 F600
G1 X133.9583 Y132.0610 Z28.3586 E0.10863 F600
G1 X133.6348 Y133.6348 Z28.3050 E0.14436 F600
G1 X133.3291 Y135.3915 Z28.3586 E0.16020 F600
G1 X133.0116 Y136.9291 Z28.5050 E0.14160 F600
G1 X132.7308 Y137.8965 Z28.7050 E0.09223 F600
G1 X132.5754 Y138.1713 Z28.9050 E0.03356 F600
G1 X132.5711 Y137.8675 Z29.0514 E0.03029 F600
G1 X132.6658 Y137.2645 Z29.1050 E0.05502 F600
G1 X132.7887 Y136.7205 Z29.0514 E0.05032 F600
G1 X132.8837 Y136.5673 Z28.9050 E0.02086 F600
G1 X132.8982 Y137.0325 Z28.7050 E0.04549 F600
G1 X132.7611 Y138.2019 Z28.5050 E0.10725 F600
G1 X132.3694 Y139.9653 Z28.3586 E0.16275 F600
G1 X131.6250 Y141.9652 Z28.3050 E0.19170 F600
G1 X130.5666 Y143.7075 Z28.3586 E0.18313 F600
G1 X129.4509 Y144.8507 Z28.5050 E0.14405 F600
G1 X128.6209 Y145.3747 Z28.7050 E0.08996 F600
G1 X128.2873 Y145.4517 Z28.9050 E0.03561 F600
G1 X128.4310 Y145.2499 Z29.0514 E0.02584 F600
G1 X128.8494 Y144.8999 Z29.1050 E0.04922 F600
G1 X129.2731 Y144.5762 Z29.0514 E0.04812 F600
G1 X129.4674 Y144.5096 Z28.9050 E0.02265 F600
G1 X129.2578 Y144.8670 Z28.7050 E0.04132 F600
G1 X128.5101 Y145.5986 Z28.5050 E0.09564 F600
G1 X127.1658 Y146.3880 Z28.3586 E0.14061 F600
G1 X125.3543 Y146.8126 Z28.3050 E0.16716 F600
G1 X123.4335 Y146.6643 Z28.3586 E0.17307 F600
G1 X121.8297 Y146.1192 Z28.5050 E0.15269 F600
G1 X120.8204 Y145.5542 Z28.7050 E0.10541 F600
G1 X120.4672 Y145.2517 Z28.9050 E0.04546 F600
G1 X120.6642 Y145.2717 Z29.0514 E0.02211 F600
G1 X121.1860 Y145.4978 Z29.1050 E0.05130 F600
G1 X121.7235 Y145.7598 Z29.0514 E0.05391 F600
G1 X121.9509 Y145.9320 Z28.9050 E0.02879 F600
G1 X121.6207 Y145.9199 Z28.7050 E0.03468 F600
G1 X120.6486 Y145.5827 Z28.5050 E0.09413 F600
G1 X119.1678 Y144.7687 Z28.3586 E0.15231 F600
G1 X117.5000 Y143.5000 Z28.3050 E0.18825 F600
G1 X115.9974 Y142.0674 Z28.3586 E0.18650 F600
G1 X114.8826 Y140.8451 Z28.5050 E0.14915 F600
G1 X114.2308 Y140.0472 Z28.7050 E0.09425 F600
G1 X114.0245 Y139.7013 Z28.9050 E0.04038 F600
G1 X114.1753 Y139.7463 Z29.0514 E0.01930 F600
G1 X114.5291 Y140.0659 Z29.1050 E0.04309 F600
G1 X114.8832 Y140.4671 Z29.0514 E0.04829 F600
G1 X115.0186 Y140.7078 Z28.9050 E0.02807 F600
G1 X114.7673 Y140.5888 Z28.7050 E0.03076 F600
G1 X114.0887 Y140.0486 Z28.5050 E0.07993 F600
G1 X113.0798 Y139.2262 Z28.3586 E0.11763 F600
G1 X111.8957 Y138.4155 Z28.3050 E0.12895 F600
G1 X110.6872 Y137.8613 Z28.3586 E0.11949 F600
G1 X109.6301 Y137.5845 Z28.5050 E0.09900 F600
G1 X108.9285 Y137.4507 Z28.7050 E0.06661 F600
G1 X108.7063 Y137.3469 Z28.9050 E0.02842 F600
G1 X108.9102 Y137.2553 Z29.0514 E0.02400 F600
G1 X109.3326 Y137.2179 Z29.1050 E0.03838 F600
G1 X109.7149 Y137.2637 Z29.0514 E0.03491 F600
G1 X109.8350 Y137.3612 Z28.9050 E0.01913 F600
G1 X109.5372 Y137.4590 Z28.7050 E0.03340 F600
G1 X108.7304 Y137.5700 Z28.5050 E0.07530 F600
G1 X107.3942 Y137.7692 Z28.3586 E0.12204 F600
G1 X105.6250 Y138.0681 Z28.3050 E0.16120 F600
G1 X103.7057 Y138.3409 Z28.3586 E0.17416 F600
G1 X102.0538 Y138.4529 Z28.5050 E0.14926 F600
G1 X101.0148 Y138.4113 Z28.7050 E0.09509 F600
G1 X100.7027 Y138.3193 Z28.9050 E0.03430 F600
G1 X100.9987 Y138.2450 Z29.0514 E0.03040 F600
G1 X101.6190 Y138.1965 Z29.1050 E0.05608 F600
G1 X102.1953 Y138.1831 Z29.0514 E0.05199 F600
G1 X102.3770 Y138.2366 Z28.9050 E0.02150 F600
G1 X101.9170 Y138.3681 Z28.7050 E0.04656 F600
G1 X100.7238 Y138.5130 Z28.5050 E0.10942 F600
G1 X98.9172 Y138.5040 Z28.3586 E0.16277 F600
G1 X96.8652 Y138.1348 Z28.3050 E0.18730 F600
G1 X95.0627 Y137.3508 Z28.3586 E0.17658 F600
G1 X93.8526 Y136.3794 Z28.5050 E0.13997 F600
G1 X93.2698 Y135.5936 Z28.7050 E0.08968 F600
G1 X93.1603 Y135.2507 Z28.9050 E0.03698 F600
G1 X93.3608 Y135.3621 Z29.0514 E0.02443 F600
G1 X93.7299 Y135.7394 Z29.1050 E0.04765 F600
G1 X94.0790 Y136.1299 Z29.0514 E0.04728 F600
G1 X94.1658 Y136.3264 Z28.9050 E0.02334 F600
G1 X93.8121 Y136.1741 Z28.7050 E0.03897 F600
G1 X93.0526 Y135.5223 Z28.5050 E0.09165 F600
G1 X92.1834 Y134.2567 Z28.3586 E0.13850 F600
G1 X91.6083 Y132.4486 Z28.3050 E0.17046 F600
G1 X91.5409 Y130.4427 Z28.3586 E0.18030 F600
G1 X91.8528 Y128.7065 Z28.5050 E0.15896 F600
G1 X92.2397 Y127.5779 Z28.7050 E0.10864 F600
G1 X92.4706 Y127.1595 Z28.9050 E0.04652 F600
G1 X92.4842 Y127.3540 Z29.0514 E0.02190 F600
G1 X92.3501 Y127.9174 Z29.1050 E0.05223 F600
G1 X92.1787 Y128.5100 Z29.0514 E0.05560 F600
G1 X92.0467 Y128.7778 Z28.9050 E0.02987 F600
G1 X92.0125 Y128.4503 Z28.7050 E0.03460 F600
G1 X92.1845 Y127.4196 Z28.5050 E0.09555 F600
G1 X92.6892 Y125.8016 Z28.3586 E0.15277 F600
G1 X93.5109 Y123.9279 Z28.3050 E0.18380 F600
G1 X94.4241 Y122.1948 Z28.3586 E0.17598 F600
G1 X95.1694 Y120.8783 Z28.5050 E0.13649 F600
G1 X95.6442 Y120.0868 Z28.7050 E0.08481 F600
G1 X95.8750 Y119.8121 Z28.9050 E0.03689 F600
G1 X95.9015 Y119.9608 Z29.0514 E0.01889 F600
G1 X95.7577 Y120.3624 Z29.1050 E0.03861 F600
G1 X95.5283 Y120.7837 Z29.0514 E0.04335 F600
G1 X95.3551 Y120.9667 Z28.9050 E0.02616 F600
G1 X95.3647 Y120.7095 Z28.7050 E0.02927 F600
G1 X95.5792 Y119.9577 Z28.5050 E0.07246 F600
G1 X95.8656 Y118.8232 Z28.3586 E0.10590 F600
G1 X96.0000 Y117.5000 Z28.3050 E0.11954 F600
G1 X95.8656 Y116.1768 Z28.3586 E0.11954 F600
G1 X95.5792 Y115.0423 Z28.5050 E0.10590 F600
G1 X95.3647 Y114.2905 Z28.7050 E0.07246 F600
G1 X95.3551 Y114.0333 Z28.9050 E0.02927 F600
G1 X95.5283 Y114.2163 Z29.0514 E0.02616 F600
G1 X95.7577 Y114.6376 Z29.1050 E0.04335 F600
G1 X95.9015 Y115.0392 Z29.0514 E0.03861 F600
G1 X95.8750 Y115.1879 Z28.9050 E0.01889 F600
G1 X95.6442 Y114.9132 Z28.7050 E0.03689 F600
G1 X95.1694 Y114.1217 Z28.5050 E0.08481 F600
G1 X94.4241 Y112.8052 Z28.3586 E0.13649 F600
G1 X93.5109 Y111.0721 Z28.3050 E0.17598 F600
G1 X92.6892 Y109.1984 Z28.3586 E0.18380 F600
G1 X92.1845 Y107.5804 Z28.5050 E0.15277 F600
G1 X92.0125 Y106.5497 Z28.7050 E0.09555 F600
G1 X92.0467 Y106.2222 Z28.9050 E0.03460 F600
G1 X92.1787 Y106.4900 Z29.0514 E0.02987 F600
G1 X92.3501 Y107.0826 Z29.1050 E0.05560 F600
G1 X92.4842 Y107.6460 Z29.0514 E0.05223 F600
G1 X92.4706 Y107.8405 Z28.9050 E0.02190 F600
G1 X92.2397 Y107.4221 Z28.7050 E0.04652 F600
G1 X91.8528 Y106.2935 Z28.5050 E0.10864 F600
G1 X91.5409 Y104.5573 Z28.3586 E0.15896 F600
G1 X91.6083 Y102.5514 Z28.3050 E0.18030 F600
G1 X92.1834 Y100.7433 Z28.3586 E0.17046 F600
G1 X93.0526 Y99.4777 Z28.5050 E0.13850 F600
G1 X93.8121 Y98.8259 Z28.7050 E0.09165 F600
G1 X94.1658 Y98.6736 Z28.9050 E0.03897 F600
G1 X94.0790 Y98.8701 Z29.0514 E0.02334 F600
G1 X93.7299 Y99.2606 Z29.1050 E0.04728 F600
G1 X93.3608 Y99.6379 Z29.0514 E0.04765 F600
G1 X93.1603 Y99.7493 Z28.9050 E0.02443 F600
G1 X93.2698 Y99.4064 Z28.7050 E0.03698 F600
G1 X93.8526 Y98.6206 Z28.5050 E0.08968 F600
G1 X95.0627 Y97.6492 Z28.3586 E0.13997 F600
G1 X96.8652 Y96.8652 Z28.3050 E0.17658 F600
G1 X98.9172 Y96.4960 Z28.3586 E0.18730 F600
G1 X100.7238 Y96.4870 Z28.5050 E0.16277 F600
G1 X101.9170 Y96.6319 Z28.7050 E0.10942 F600
G1 X102.3770 Y96.7634 Z28.9050 E0.04656 F600
G1 X102.1953 Y96.8169 Z29.0514 E0.02150 F600
G1 X101.6190 Y96.8035 Z29.1050 E0.05199 F600
G1 X100.9987 Y96.7550 Z29.0514 E0.05608 F600
G1 X100.7027 Y96.6807 Z28.9050 E0.03040 F600
G1 X101.0148 Y96.5887 Z28.7050 E0.03430 F600
G1 X102.0538 Y96.5471 Z28.5050 E0.09509 F600
G1 X103.7057 Y96.6591 Z28.3586 E0.14926 F600
G1 X105.6250 Y96.9319 Z28.3050 E0.17416 F600
G1 X107.3942 Y97.2308 Z28.3586 E0.16120 F600
G1 X108.7304 Y97.4300 Z28.5050 E0.12204 F600
G1 X109.5372 Y97.5410 Z28.7050 E0.07530 F600
G1 X109.8350 Y97.6388 Z28.9050 E0.03340 F600
G1 X109.7149 Y97.7363 Z29.0514 E0.01913 F600
G1 X109.3326 Y97.7821 Z29.1050 E0.03491 F600
G1 X108.9102 Y97.7447 Z29.0514 E0.03838 F600
G1 X108.7063 Y97.6531 Z28.9050 E0.02400 F600
G1 X108.9285 Y97.5493 Z28.7050 E0.02842 F600
G1 X109.6301 Y97.4155 Z28.5050 E0.06661 F600
G1 X110.6872 Y97.1387 Z28.3586 E0.09900 F600
G1 X111.8957 Y96.5845 Z28.3050 E0.11949 F600
G1 X113.0798 Y95.7738 Z28.3586 E0.12895 F600
G1 X114.0887 Y94.9514 Z28.5050 E0.11763 F600
G1 X114.7673 Y94.4112 Z28.7050 E0.07993 F600
G1 X115.0186 Y94.2922 Z28.9050 E0.03076 F600
G1 X114.8832 Y94.5329 Z29.0514 E0.02807 F600
G1 X114.5291 Y94.9341 Z29.1050 E0.04829 F600
G1 X114.1753 Y95.2537 Z29.0514 E0.04309 F600
G1 X114.0245 Y95.2987 Z28.9050 E0.01930 F600
G1 X114.2308 Y94.9528 Z28.7050 E0.04038 F600
G1 X114.8826 Y94.1549 Z28.5050 E0.09425 F600
G1 X115.9974 Y92.9326 Z28.3586 E0.14915 F600
G1 X117.5000 Y91.5000 Z28.3050 E0.18650 F600
G1 X119.1678 Y90.2313 Z28.3586 E0.18825 F600
G1 X120.6486 Y89.4173 Z28.5050 E0.15231 F600
G1 X121.6207 Y89.0801 Z28.7050 E0.09413 F600
G1 X121.9509 Y89.0680 Z28.9050 E0.03468 F600
G1 X121.7235 Y89.2402 Z29.0514 E0.02879 F600
G1 X121.1860 Y89.5022 Z29.1050 E0.05391 F600
G1 X120.6642 Y89.7283 Z29.0514 E0.05130 F600
G1 X120.4672 Y89.7483 Z28.9050 E0.02211 F600
G1 X120.8204 Y89.4458 Z28.7050 E0.04546 F600
G1 X121.8297 Y88.8808 Z28.5050 E0.10541 F600
G1 X123.4335 Y88.3357 Z28.3586 E0.15269 F600
G1 X125.3543 Y88.1874 Z28.3050 E0.17307 F600
G1 X127.1658 Y88.6120 Z28.3586 E0.16716 F600
G1 X128.5101 Y89.4014 Z28.5050 E0.14061 F600
G1 X129.2578 Y90.1330 Z28.7050 E0.09564 F600
G1 X129.4674 Y90.4904 Z28.9050 E0.04132 F600
G1 X129.2731 Y90.4238 Z29.0514 E0.02265 F600
G1 X128.8494 Y90.1001 Z29.1050 E0.04812 F600
G1 X128.4310 Y89.7501 Z29.0514 E0.04922 F600
G1 X128.2873 Y89.5483 Z28.9050 E0.02584 F600
G1 X128.6209 Y89.6253 Z28.7050 E0.03561 F600
G1 X129.4509 Y90.1493 Z28.5050 E0.08996 F600
G1 X130.5666 Y91.2925 Z28.3586 E0.14405 F600
G1 X131.6250 Y93.0348 Z28.3050 E0.18313 F600
G1 X132.3694 Y95.0347 Z28.3586 E0.19170 F600
G1 X132.7611 Y96.7981 Z28.5050 E0.16275 F600
G1 X132.8982 Y97.9675 Z28.7050 E0.10725 F600
G1 X132.8837 Y98.4327 Z28.9050 E0.04549 F600
G1 X132.7887 Y98.2795 Z29.0514 E0.02086 F600
G1 X132.6658 Y97.7355 Z29.1050 E0.05032 F600
G1 X132.5711 Y97.1325 Z29.0514 E0.05502 F600
G1 X132.5754 Y96.8287 Z28.9050 E0.03029 F600
G1 X132.7308 Y97.1035 Z28.7050 E0.03356 F600
G1 X133.0116 Y98.0709 Z28.5050 E0.09223 F600
G1 X133.3291 Y99.6085 Z28.3586 E0.14160 F600
G1 X133.6348 Y101.3652 Z28.3050 E0.16020 F600
G1 X133.9583 Y102.9390 Z28.3586 E0.14436 F600
G1 X134.2947 Y104.0916 Z28.5050 E0.10863 F600
G1 X134.5344 Y104.7798 Z28.7050 E0.06787 F600
G1 X134.5683 Y105.0523 Z28.9050 E0.03050 F600
G1 X134.4114 Y104.9863 Z29.0514 E0.02017 F600
G1 X134.1910 Y104.6926 Z29.1050 E0.03332 F600
G1 X134.0445 Y104.3399 Z29.0514 E0.03463 F600
G1 X134.0524 Y104.1453 Z28.9050 E0.02188 F600
G1 X134.2559 Y104.2907 Z28.7050 E0.02876 F600
G1 X134.7074 Y104.8149 Z28.5050 E0.06468 F600
G1 X135.4896 Y105.5930 Z28.3586 E0.09994 F600
G1 X136.6417 Y106.4486 Z28.3050 E0.12896 F600
G1 X138.0176 Y107.2703 Z28.3586 E0.14400 F600
G1 X139.2736 Y107.9861 Z28.5050 E0.13048 F600
G1 X140.0733 Y108.4941 Z28.7050 E0.08697 F600
G1 X140.2835 Y108.7072 Z28.9050 E0.03233 F600
G1 X139.9978 Y108.6379 Z29.0514 E0.02950 F600
G1 X139.4679 Y108.4006 Z29.1050 E0.05236 F600
G1 X139.0102 Y108.1471 Z29.0514 E0.04723 F600
G1 X138.9032 Y108.0167 Z28.9050 E0.02006 F600
G1 X139.3302 Y108.1210 Z28.7050 E0.04336 F600
G1 X140.3676 Y108.5396 Z28.5050 E0.10205 F600
G1 X141.9385 Y109.3230 Z28.3586 E0.15819 F600
G1 X143.7391 Y110.4693 Z28.3050 E0.19174 F600
G1 X145.3145 Y111.8411 Z28.3586 E0.18766 F600
G1 X146.3372 Y113.1373 Z28.5050 E0.14885 F600
G1 X146.7872 Y114.0336 Z28.7050 E0.09184 F600
G1 X146.8346 Y114.3635 Z28.9050 E0.03491 F600
G1 X146.6402 Y114.1799 Z29.0514 E0.02738 F600
G1 X146.3214 Y113.7056 Z29.1050 E0.05155 F600
G1 X146.0343 Y113.2355 Z29.0514 E0.04970 F600
G1 X145.9885 Y113.0403 Z28.9050 E0.02230 F600
G1 X146.3318 Y113.3196 Z28.7050 E0.04361 F600
G1 X147.0069 Y114.1918 Z28.5050 E0.10066 F600
G1 X147.7018 Y115.6528 Z28.3586 E0.14588 F600
G1 X148.0000 Y117.5000 Z28.3050 E0.16810 F600
G1 X147.7018 Y119.3472 Z28.3586 E0.16810 F600
G1 X147.0069 Y120.8082 Z28.5050 E0.14588 F600
G1 X146.3318 Y121.6804 Z28.7050 E0.10066 F600
G1 X145.9885 Y121.9597 Z28.9050 E0.04361 F600
G1 X146.0343 Y121.7645 Z29.0514 E0.02230 F600
G1 X146.3214 Y121.2944 Z29.1050 E0.04970 F600
; row 56/57
G1 X147.5118 Y116.9761 Z29.5514 E0.40425 F600
G1 X147.5826 Y116.7663 Z29.4050 E0.02384 F600
G1 X147.7378 Y117.1042 Z29.2050 E0.03791 F600
G1 X147.8486 Y118.0843 Z29.0050 E0.09038 F600
G1 X147.6216 Y119.6063 Z28.8586 E0.13882 F600
G1 X146.8171 Y121.3597 Z28.8050 E0.17330 F600
G1 X145.5231 Y122.9471 Z28.8586 E0.18398 F600
G1 X144.1484 Y124.0934 Z29.0050 E0.16127 F600
G1 X143.1282 Y124.7279 Z29.2050 E0.10938 F600
G1 X142.6847 Y124.9109 Z29.4050 E0.04668 F600
G1 X142.7955 Y124.7534 Z29.5514 E0.02173 F600
G1 X143.2561 Y124.4013 Z29.6050 E0.05228 F600
G1 X143.7684 Y124.0495 Z29.5514 E0.05602 F600
G1 X144.0436 Y123.9230 Z29.4050 E0.03021 F600
G1 X143.8597 Y124.1945 Z29.2050 E0.03450 F600
G1 X143.0723 Y124.8825 Z29.0050 E0.09560 F600
G1 X141.6810 Y125.8262 Z28.8586 E0.15155 F600
G1 X139.9299 Y126.7908 Z28.8050 E0.17960 F600
G1 X138.2387 Y127.6150 Z28.8586 E0.16901 F600
G1 X136.9465 Y128.2338 Z29.0050 E0.12934 F600
G1 X136.1612 Y128.6023 Z29.2050 E0.07994 F600
G1 X135.8375 Y128.6920 Z29.4050 E0.03511 F600
G1 X135.8906 Y128.5502 Z29.5514 E0.01892 F600
G1 X136.2086 Y128.3014 Z29.6050 E0.03658 F600
G1 X136.6081 Y128.0918 Z29.5514 E0.04080 F600
G1 X136.8418 Y128.0468 Z29.4050 E0.02510 F600
G1 X136.7022 Y128.2538 Z29.2050 E0.02873 F600
G1 X136.1487 Y128.7509 Z29.0050 E0.06919 F600
G1 X135.3532 Y129.5421 Z28.8586 E0.10161 F600
G1 X134.5876 Y130.6118 Z28.8050 E0.11822 F600
G1 X134.0192 Y131.8599 Z28.8586 E0.12325 F600
G1 X133.6425 Y133.0328 Z29.0050 E0.11140 F600
G1 X133.3977 Y133.8195 Z29.2050 E0.07614 F600
G1 X133.2611 Y134.0492 Z29.4050 E0.02997 F600
G1 X133.2277 Y133.7865 Z29.5514 E0.02717 F600
G1 X133.2812 Y133.2812 Z29.6050 E0.04588 F600
G1 X133.3876 Y132.8424 Z29.5514 E0.04083 F600
G1 X133.4887 Y132.7274 Z29.4050 E0.01903 F600
G1 X133.5213 Y133.1073 Z29.2050 E0.03867 F600
G1 X133.4568 Y134.0832 Z29.0050 E0.08965 F600
G1 X133.2879 Y135.6619 Z28.8586 E0.14318 F600
G1 X132.9702 Y137.6612 Z28.8050 E0.18186 F600
G1 X132.4572 Y139.6750 Z28.8586 E0.18668 F600
G1 X131.8299 Y141.2522 Z29.0050 E0.15299 F600
G1 X131.3036 Y142.1481 Z29.2050 E0.09502 F600
G1 X131.0637 Y142.3746 Z29.4050 E0.03465 F600
G1 X131.1302 Y142.0896 Z29.5514 E0.02939 F600
G1 X131.3750 Y141.5322 Z29.6050 E0.05488 F600
G1 X131.6302 Y141.0166 Z29.5514 E0.05189 F600
G1 X131.7663 Y140.8746 Z29.4050 E0.02202 F600
G1 X131.6834 Y141.3402 Z29.2050 E0.04611 F600
G1 X131.2670 Y142.4419 Z29.0050 E0.10728 F600
G1 X130.3941 Y143.9369 Z28.8586 E0.15602 F600
G1 X129.0408 Y145.3619 Z28.8050 E0.17655 F600
G1 X127.4133 Y146.2905 Z28.8586 E0.16833 F600
G1 X125.9078 Y146.6241 Z29.0050 E0.13910 F600
G1 X124.8874 Y146.5878 Z29.2050 E0.09344 F600
G1 X124.5082 Y146.4619 Z29.4050 E0.04012 F600
G1 X124.7001 Y146.3780 Z29.5514 E0.02295 F600
G1 X125.2249 Y146.3297 Z29.6050 E0.04757 F600
G1 X125.7595 Y146.3043 Z29.5514 E0.04830 F600
G1 X125.9917 Y146.3576 Z29.4050 E0.02511 F600
G1 X125.6876 Y146.5311 Z29.2050 E0.03621 F600
G1 X124.7269 Y146.7089 Z29.0050 E0.08956 F600
G1 X123.1580 Y146.6079 Z28.8586 E0.14179 F600
G1 X121.2512 Y145.9936 Z28.8050 E0.17996 F600
G1 X119.4187 Y144.9386 Z28.8586 E0.18995 F600
G1 X118.0064 Y143.8026 Z29.0050 E0.16330 F600
G1 X117.1668 Y142.9535 Z29.2050 E0.10872 F600
G1 X116.8886 Y142.5703 Z29.4050 E0.04617 F600
G1 X117.0612 Y142.6375 Z29.5514 E0.02121 F600
G1 X117.5000 Y143.0000 Z29.6050 E0.05134 F600
G1 X117.9525 Y143.4217 Z29.5514 E0.05575 F600
G1 X118.1381 Y143.6645 Z29.4050 E0.03043 F600
G1 X117.8409 Y143.5421 Z29.2050 E0.03400 F600
G1 X117.0103 Y142.9379 Z29.0050 E0.09397 F600
G1 X115.7960 Y141.8679 Z28.8586 E0.14593 F600
G1 X114.4639 Y140.5616 Z28.8050 E0.16762 F600
G1 X113.2487 Y139.3710 Z28.8586 E0.15285 F600
G1 X112.2976 Y138.5263 Z29.0050 E0.11498 F600
G1 X111.7084 Y138.0354 Z29.2050 E0.07118 F600
G1 X111.5242 Y137.8080 Z29.4050 E0.03184 F600
G1 X111.6835 Y137.7844 Z29.5514 E0.01955 F600
G1 X112.0251 Y137.9326 Z29.6050 E0.03378 F600
G1 X112.3459 Y138.1720 Z29.5514 E0.03627 F600
G1 X112.4546 Y138.3505 Z29.4050 E0.02291 F600
G1 X112.2105 Y138.3276 Z29.2050 E0.02842 F600
G1 X111.5543 Y138.0955 Z29.0050 E0.06503 F600
G1 X110.5056 Y137.8132 Z28.8586 E0.09841 F600
G1 X109.1412 Y137.6799 Z28.8050 E0.12320 F600
G1 X107.6282 Y137.7402 Z28.8586 E0.13607 F600
G1 X106.2594 Y137.8647 Z29.0050 E0.12412 F600
G1 X105.3518 Y137.9192 Z29.2050 E0.08360 F600
G1 X105.0668 Y137.8712 Z29.4050 E0.03157 F600
G1 X105.3288 Y137.7563 Z29.5514 E0.02886 F600
G1 X105.8750 Y137.6351 Z29.6050 E0.05048 F600
G1 X106.3725 Y137.5746 Z29.5514 E0.04526 F600
G1 X106.5285 Y137.6208 Z29.4050 E0.01966 F600
G1 X106.1396 Y137.7855 Z29.2050 E0.04196 F600
G1 X105.0970 Y138.0583 Z29.0050 E0.09843 F600
G1 X103.4167 Y138.3794 Z28.8586 E0.15419 F600
G1 X101.3146 Y138.5932 Z28.8050 E0.18980 F600
G1 X99.2168 Y138.5325 Z28.8586 E0.18853 F600
G1 X97.5751 Y138.2071 Z29.0050 E0.15086 F600
G1 X96.6318 Y137.8289 Z29.2050 E0.09302 F600
G1 X96.3767 Y137.6175 Z29.4050 E0.03475 F600
G1 X96.6530 Y137.6317 Z29.5514 E0.02811 F600
G1 X97.2188 Y137.7812 Z29.6050 E0.05277 F600
G1 X97.7536 Y137.9480 Z29.5514 E0.05054 F600
G1 X97.9163 Y138.0629 Z29.4050 E0.02220 F600
G1 X97.4615 Y138.0701 Z29.2050 E0.04462 F600
G1 X96.3522 Y137.8489 Z29.0050 E0.10315 F600
G1 X94.8248 Y137.2112 Z28.8586 E0.14922 F600
G1 X93.3333 Y136.0438 Z28.8050 E0.17016 F600
G1 X92.2988 Y134.4984 Z28.8586 E0.16707 F600
G1 X91.8382 Y132.9819 Z29.0050 E0.14293 F600
G1 X91.7687 Y131.9102 Z29.2050 E0.09810 F600
G1 X91.8464 Y131.4884 Z29.4050 E0.04250 F600
G1 X91.9439 Y131.6660 Z29.5514 E0.02244 F600
G1 X92.0414 Y132.1986 Z29.6050 E0.04886 F600
G1 X92.1177 Y132.7512 Z29.5514 E0.05033 F600
G1 X92.0917 Y133.0075 Z29.4050 E0.02661 F600
G1 X91.9018 Y132.7293 Z29.2050 E0.03518 F600
G1 X91.6399 Y131.7738 Z29.0050 E0.09077 F600
G1 X91.5617 Y130.1510 Z28.8586 E0.14650 F600
G1 X91.8881 Y128.1088 Z28.8050 E0.18579 F600
G1 X92.5774 Y126.0816 Z28.8586 E0.19234 F600
G1 X93.3527 Y124.4711 Z29.0050 E0.16105 F600
G1 X93.9443 Y123.4824 Z29.2050 E0.10501 F600
G1 X94.2312 Y123.1305 Z29.4050 E0.04455 F600
G1 X94.2183 Y123.3048 Z29.5514 E0.02047 F600
G1 X93.9939 Y123.7984 Z29.6050 E0.04894 F600
G1 X93.7068 Y124.3226 Z29.5514 E0.05388 F600
G1 X93.5191 Y124.5567 Z29.4050 E0.02998 F600
G1 X93.5617 Y124.2513 Z29.2050 E0.03300 F600
G1 X93.9132 Y123.3359 Z29.0050 E0.08987 F600
G1 X94.5442 Y121.9621 Z28.8586 E0.13639 F600
G1 X95.2620 Y120.4277 Z28.8050 E0.15220 F600
G1 X95.8151 Y119.0164 Z28.8586 E0.13621 F600
G1 X96.1081 Y117.9118 Z29.0050 E0.10346 F600
G1 X96.2422 Y117.2217 Z29.2050 E0.06564 F600
G1 X96.3479 Y116.9841 Z29.4050 E0.02946 F600
G1 X96.4526 Y117.1326 Z29.5514 E0.02095 F600
G1 X96.5000 Y117.5000 Z29.6050 E0.03361 F600
G1 X96.4526 Y117.8674 Z29.5514 E0.03361 F600
G1 X96.3479 Y118.0159 Z29.4050 E0.02095 F600
G1 X96.2422 Y117.7783 Z29.2050 E0.02946 F600
G1 X96.1081 Y117.0882 Z29.0050 E0.06564 F600
G1 X95.8151 Y115.9836 Z28.8586 E0.10346 F600
G1 X95.2620 Y114.5723 Z28.8050 E0.13621 F600
G1 X94.5442 Y113.0379 Z28.8586 E0.15220 F600
G1 X93.9132 Y111.6641 Z29.0050 E0.13639 F600
G1 X93.5617 Y110.7487 Z29.2050 E0.08987 F600
G1 X93.5191 Y110.4433 Z29.4050 E0.03300 F600
G1 X93.7068 Y110.6774 Z29.5514 E0.02998 F600
G1 X93.9939 Y111.2016 Z29.6050 E0.05388 F600
G1 X94.2183 Y111.6952 Z29.5514 E0.04894 F600
G1 X94.2312 Y111.8695 Z29.4050 E0.02047 F600
G1 X93.9443 Y111.5176 Z29.2050 E0.04455 F600
G1 X93.3527 Y110.5289 Z29.0050 E0.10501 F600
G1 X92.5774 Y108.9184 Z28.8586 E0.16105 F600
G1 X91.8881 Y106.8912 Z28.8050 E0.19234 F600
G1 X91.5617 Y104.8490 Z28.8586 E0.18579 F600
G1 X91.6399 Y103.2262 Z29.0050 E0.14650 F600
G1 X91.9018 Y102.2707 Z29.2050 E0.09077 F600
G1 X92.0917 Y101.9925 Z29.4050 E0.03518 F600
G1 X92.1177 Y102.2488 Z29.5514 E0.02661 F600
G1 X92.0414 Y102.8014 Z29.6050 E0.05033 F600
G1 X91.9439 Y103.3340 Z29.5514 E0.04886 F600
G1 X91.8464 Y103.5116 Z29.4050 E0.02244 F600
G1 X91.7687 Y103.0898 Z29.2050 E0.04250 F600
G1 X91.8382 Y102.0181 Z29.0050 E0.09810 F600
G1 X92.2988 Y100.5016 Z28.8586 E0.14293 F600
G1 X93.3333 Y98.9562 Z28.8050 E0.16707 F600
G1 X94.8248 Y97.7888 Z28.8586 E0.17016 F600
G1 X96.3522 Y97.1511 Z29.0050 E0.14922 F600
G1 X97.4615 Y96.9299 Z29.2050 E0.10315 F600
G1 X97.9163 Y96.9371 Z29.4050 E0.04462 F600
G1 X97.7536 Y97.0520 Z29.5514 E0.02220 F600
G1 X97.2188 Y97.2188 Z29.6050 E0.05054 F600
G1 X96.6530 Y97.3683 Z29.5514 E0.05277 F600
G1 X96.3767 Y97.3825 Z29.4050 E0.02811 F600
G1 X96.6318 Y97.1711 Z29.2050 E0.03475 F600
G1 X97.5751 Y96.7929 Z29.0050 E0.09302 F600
G1 X99.2168 Y96.4675 Z28.8586 E0.15086 F600
G1 X101.3146 Y96.4068 Z28.8050 E0.18853 F600
G1 X103.4167 Y96.6206 Z28.8586 E0.18980 F600
G1 X105.0970 Y96.9417 Z29.0050 E0.15419 F600
G1 X106.1396 Y97.2145 Z29.2050 E0.09843 F600
G1 X106.5285 Y97.3792 Z29.4050 E0.04196 F600
G1 X106.3725 Y97.4254 Z29.5514 E0.01966 F600
G1 X105.8750 Y97.3649 Z29.6050 E0.04526 F600
G1 X105.3288 Y97.2437 Z29.5514 E0.05048 F600
G1 X105.0668 Y97.1288 Z29.4050 E0.02886 F600
G1 X105.3518 Y97.0808 Z29.2050 E0.03157 F600
G1 X106.2594 Y97.1353 Z29.0050 E0.08360 F600
G1 X107.6282 Y97.2598 Z28.8586 E0.12412 F600
G1 X109.1412 Y97.3201 Z28.8050 E0.13607 F600
G1 X110.5056 Y97.1868 Z28.8586 E0.12320 F600
G1 X111.5543 Y96.9045 Z29.0050 E0.09841 F600
G1 X112.2105 Y96.6724 Z29.2050 E0.06503 F600
G1 X112.4546 Y96.6495 Z29.4050 E0.02842 F600
G1 X112.3459 Y96.8280 Z29.5514 E0.02291 F600
G1 X112.0251 Y97.0674 Z29.6050 E0.03627 F600
G1 X111.6835 Y97.2156 Z29.5514 E0.03378 F600
G1 X111.5242 Y97.1920 Z29.4050 E0.01955 F600
G1 X111.7084 Y96.9646 Z29.2050 E0.03184 F600
G1 X112.2976 Y96.4737 Z29.0050 E0.07118 F600
G1 X113.2487 Y95.6290 Z28.8586 E0.11498 F600
G1 X114.4639 Y94.4384 Z28.8050 E0.15285 F600
G1 X115.7960 Y93.1321 Z28.8586 E0.16762 F600
G1 X117.0103 Y92.0621 Z29.0050 E0.14593 F600
G1 X117.8409 Y91.4579 Z29.2050 E0.09397 F600
G1 X118.1381 Y91.3355 Z29.4050 E0.03400 F600
G1 X117.9525 Y91.5783 Z29.5514 E0.03043 F600
G1 X117.5000 Y92.0000 Z29.6050 E0.05575 F600
G1 X117.0612 Y92.3625 Z29.5514 E0.05134 F600
G1 X116.8886 Y92.4297 Z29.4050 E0.02121 F600
G1 X117.1668 Y92.0465 Z29.2050 E0.04617 F600
G1 X118.0064 Y91.1974 Z29.0050 E0.10872 F600
G1 X119.4187 Y90.0614 Z28.8586 E0.16330 F600
G1 X121.2512 Y89.0064 Z28.8050 E0.18995 F600
G1 X123.1580 Y88.3921 Z28.8586 E0.17996 F600
G1 X124.7269 Y88.2911 Z29.0050 E0.14179 F600
G1 X125.6876 Y88.4689 Z29.2050 E0.08956 F600
G1 X125.9917 Y88.6424 Z29.4050 E0.03621 F600
G1 X125.7595 Y88.6957 Z29.5514 E0.02511 F600
G1 X125.2249 Y88.6703 Z29.6050 E0.04830 F600
G1 X124.7001 Y88.6220 Z29.5514 E0.04757 F600
G1 X124.5082 Y88.5381 Z29.4050 E0.02295 F600
G1 X124.8874 Y88.4122 Z29.2050 E0.04012 F600
G1 X125.9078 Y88.3759 Z29.0050 E0.09344 F600
G1 X127.4133 Y88.7095 Z28.8586 E0.13910 F600
G1 X129.0408 Y89.6381 Z28.8050 E0.16833 F600
G1 X130.3941 Y91.0631 Z28.8586 E0.17655 F600
G1 X131.2670 Y92.5581 Z29.0050 E0.15602 F600
G1 X131.6834 Y93.6598 Z29.2050 E0.10728 F600
G1 X131.7663 Y94.1254 Z29.4050 E0.04611 F600
G1 X131.6302 Y93.9834 Z29.5514 E0.02202 F600
G1 X131.3750 Y93.4678 Z29.6050 E0.05189 F600
G1 X131.1302 Y92.9104 Z29.5514 E0.05488 F600
G1 X131.0637 Y92.6254 Z29.4050 E0.02939 F600
G1 X131.3036 Y92.8519 Z29.2050 E0.03465 F600
G1 X131.8299 Y93.7478 Z29.0050 E0.09502 F600
G1 X132.4572 Y95.3250 Z28.8586 E0.15299 F600
G1 X132.9702 Y97.3388 Z28.8050 E0.18668 F600
G1 X133.2879 Y99.3381 Z28.8586 E0.18186 F600
G1 X133.4568 Y100.9168 Z29.0050 E0.14318 F600
G1 X133.5213 Y101.8927 Z29.2050 E0.08965 F600
G1 X133.4887 Y102.2726 Z29.4050 E0.03867 F600
G1 X133.3876 Y102.1576 Z29.5514 E0.01903 F600
G1 X133.2812 Y101.7188 Z29.6050 E0.04083 F600
G1 X133.2277 Y101.2135 Z29.5514 E0.04588 F600
G1 X133.2611 Y100.9508 Z29.4050 E0.02717 F600
G1 X133.3977 Y101.1805 Z29.2050 E0.02997 F600
G1 X133.6425 Y101.9672 Z29.0050 E0.07614 F600
G1 X134.0192 Y103.1401 Z28.8586 E0.11140 F600
G1 X134.5876 Y104.3882 Z28.8050 E0.12325 F600
G1 X135.3532 Y105.4579 Z28.8586 E0.11822 F600
G1 X136.1487 Y106.2491 Z29.0050 E0.10161 F600
G1 X136.7022 Y106.7462 Z29.2050 E0.06919 F600
G1 X136.8418 Y106.9532 Z29.4050 E0.02873 F600
G1 X136.6081 Y106.9082 Z29.5514 E0.02510 F600
G1 X136.2086 Y106.6986 Z29.6050 E0.04080 F600
G1 X135.8906 Y106.4498 Z29.5514 E0.03658 F600
G1 X135.8375 Y106.3080 Z29.4050 E0.01892 F600
G1 X136.1612 Y106.3977 Z29.2050 E0.03511 F600
G1 X136.9465 Y106.7662 Z29.0050 E0.07994 F600
G1 X138.2387 Y107.3850 Z28.8586 E0.12934 F600
G1 X139.9299 Y108.2092 Z28.8050 E0.16901 F600
G1 X141.6810 Y109.1738 Z28.8586 E0.17960 F600
G1 X143.0723 Y110.1175 Z29.0050 E0.15155 F600
G1 X143.8597 Y110.8055 Z29.2050 E0.09560 F600
G1 X144.0436 Y111.0770 Z29.4050 E0.03450 F600
G1 X143.7684 Y110.9505 Z29.5514 E0.03021 F600
G1 X143.2561 Y110.5987 Z29.6050 E0.05602 F600
G1 X142.7955 Y110.2466 Z29.5514 E0.05228 F600
G1 X142.6847 Y110.0891 Z29.4050 E0.02173 F600
G1 X143.1282 Y110.2721 Z29.2050 E0.04668 F600
G1 X144.1484 Y110.9066 Z29.0050 E0.10938 F600
G1 X145.5231 Y112.0529 Z28.8586 E0.16127 F600
G1 X146.8171 Y113.6403 Z28.8050 E0.18398 F600
G1 X147.6216 Y115.3937 Z28.8586 E0.17330 F600
G1 X147.8486 Y116.9157 Z29.0050 E0.13882 F600
G1 X147.7378 Y117.8958 Z29.2050 E0.09038 F600
G1 X147.5826 Y118.2337 Z29.4050 E0.03791 F600
G1 X147.5118 Y118.0239 Z29.5514 E0.02384 F600
G1 X147.5000 Y117.5000 Z29.6050 E0.04730 F600
; row 57/57
; closing rim (2 turns)
G1 X147.4512 Y118.2843 Z30.0050 E0.07918 F600
G1 X147.3058 Y119.0621 Z30.0050 E0.07106 F600
G1 X147.0660 Y119.8269 Z30.0050 E0.07198 F600
G1 X146.7361 Y120.5728 Z30.0050 E0.07325 F600
G1 X146.3214 Y121.2944 Z30.0050 E0.07474 F600
G1 X145.8289 Y121.9869 Z30.0050 E0.07631 F600
G1 X145.2666 Y122.6462 Z30.0050 E0.07782 F600
G1 X144.6436 Y123.2695 Z30.0050 E0.07914 F600
G1 X143.9699 Y123.8549 Z30.0050 E0.08014 F600
G1 X143.2561 Y124.4013 Z30.0050 E0.08073 F600
G1 X142.5131 Y124.9092 Z30.0050 E0.08082 F600
G1 X141.7519 Y125.3799 Z30.0050 E0.08037 F600
G1 X140.9837 Y125.8160 Z30.0050 E0.07933 F600
G1 X140.2190 Y126.2210 Z30.0050 E0.07771 F600
G1 X139.4679 Y126.5994 Z30.0050 E0.07552 F600
G1 X138.7399 Y126.9566 Z30.0050 E0.07282 F600
G1 X138.0434 Y127.2987 Z30.0050 E0.06969 F600
G1 X137.3855 Y127.6322 Z30.0050 E0.06623 F600
G1 X136.7724 Y127.9640 Z30.0050 E0.06261 F600
G1 X136.2086 Y128.3014 Z30.0050 E0.05900 F600
G1 X135.6975 Y128.6514 Z30.0050 E0.05563 F600
G1 X135.2407 Y129.0209 Z30.0050 E0.05276 F600
G1 X134.8384 Y129.4163 Z30.0050 E0.05066 F600
G1 X134.4894 Y129.8435 Z30.0050 E0.04954 F600
G1 X134.1910 Y130.3074 Z30.0050 E0.04954 F600
G1 X133.9392 Y130.8122 Z30.0050 E0.05066 F600
G1 X133.7290 Y131.3609 Z30.0050 E0.05276 F600
G1 X133.5541 Y131.9552 Z30.0050 E0.05563 F600
G1 X133.4074 Y132.5956 Z30.0050 E0.05900 F600
G1 X133.2812 Y133.2812 Z30.0050 E0.06261 F600
G1 X133.1673 Y134.0099 Z30.0050 E0.06623 F600
G1 X133.0573 Y134.7781 Z30.0050 E0.06969 F600
G1 X132.9425 Y135.5809 Z30.0050 E0.07282 F600
G1 X132.8147 Y136.4121 Z30.0050 E0.07552 F600
G1 X132.6658 Y137.2645 Z30.0050 E0.07771 F600
G1 X132.4885 Y138.1299 Z30.0050 E0.07933 F600
G1 X132.2760 Y138.9993 Z30.0050 E0.08037 F600
G1 X132.0226 Y139.8629 Z30.0050 E0.08082 F600
G1 X131.7235 Y140.7106 Z30.0050 E0.08073 F600
G1 X131.3750 Y141.5322 Z30.0050 E0.08014 F600
G1 X130.9747 Y142.3173 Z30.0050 E0.07914 F600
G1 X130.5213 Y143.0558 Z30.0050 E0.07782 F600
G1 X130.0150 Y143.7382 Z30.0050 E0.07631 F600
G1 X129.4569 Y144.3556 Z30.0050 E0.07474 F600
G1 X128.8494 Y144.8999 Z30.0050 E0.07325 F600
G1 X128.1961 Y145.3643 Z30.0050 E0.07198 F600
G1 X127.5014 Y145.7430 Z30.0050 E0.07106 F600
G1 X126.7705 Y146.0317 Z30.0050 E0.07057 F600
G1 X126.0095 Y146.2277 Z30.0050 E0.07057 F600
G1 X125.2249 Y146.3297 Z30.0050 E0.07106 F600
G1 X124.4234 Y146.3380 Z30.0050 E0.07198 F600
G1 X123.6120 Y146.2547 Z30.0050 E0.07325 F600
G1 X122.7976 Y146.0833 Z30.0050 E0.07474 F600
G1 X121.9869 Y145.8289 Z30.0050 E0.07631 F600
G1 X121.1860 Y145.4978 Z30.0050 E0.07782 F600
G1 X120.4007 Y145.0980 Z30.0050 E0.07914 F600
G1 X119.6358 Y144.6382 Z30.0050 E0.08014 F600
G1 X118.8955 Y144.1281 Z30.0050 E0.08073 F600
G1 X118.1829 Y143.5784 Z30.0050 E0.08082 F600
G1 X117.5000 Y143.0000 Z30.0050 E0.08037 F600
G1 X116.8479 Y142.4041 Z30.0050 E0.07933 F600
G1 X116.2264 Y141.8020 Z30.0050 E0.07771 F600
G1 X115.6344 Y141.2046 Z30.0050 E0.07552 F600
G1 X115.0697 Y140.6226 Z30.0050 E0.07282 F600
G1 X114.5291 Y140.0659 Z30.0050 E0.06969 F600
G1 X114.0087 Y139.5432 Z30.0050 E0.06623 F600
G1 X113.5036 Y139.0627 Z30.0050 E0.06261 F600
G1 X113.0085 Y138.6308 Z30.0050 E0.05900 F600
G1 X112.5177 Y138.2528 Z30.0050 E0.05563 F600
G1 X112.0251 Y137.9326 Z30.0050 E0.05276 F600
G1 X111.5247 Y137.6721 Z30.0050 E0.05066 F600
G1 X111.0106 Y137.4722 Z30.0050 E0.04954 F600
G1 X110.4772 Y137.3318 Z30.0050 E0.04954 F600
G1 X109.9193 Y137.2483 Z30.0050 E0.05066 F600
G1 X109.3326 Y137.2179 Z30.0050 E0.05276 F600
G1 X108.7133 Y137.2352 Z30.0050 E0.05563 F600
G1 X108.0589 Y137.2936 Z30.0050 E0.05900 F600
G1 X107.3678 Y137.3855 Z30.0050 E0.06261 F600
G1 X106.6396 Y137.5024 Z30.0050 E0.06623 F600
G1 X105.8750 Y137.6351 Z30.0050 E0.06969 F600
G1 X105.0761 Y137.7740 Z30.0050 E0.07282 F600
G1 X104.2460 Y137.9093 Z30.0050 E0.07552 F600
G1 X103.3893 Y138.0312 Z30.0050 E0.07771 F600
G1 X102.5115 Y138.1299 Z30.0050 E0.07933 F600
G1 X101.6190 Y138.1965 Z30.0050 E0.08037 F600
G1 X100.7194 Y138.2224 Z30.0050 E0.08082 F600
G1 X99.8207 Y138.1998 Z30.0050 E0.08073 F600
G1 X98.9316 Y138.1223 Z30.0050 E0.08014 F600
G1 X98.0613 Y137.9842 Z30.0050 E0.07914 F600
G1 X97.2188 Y137.7812 Z30.0050 E0.07782 F600
G1 X96.4133 Y137.5105 Z30.0050 E0.07631 F600
G1 X95.6537 Y137.1705 Z30.0050 E0.07474 F600
G1 X94.9483 Y136.7610 Z30.0050 E0.07325 F600
G1 X94.3048 Y136.2831 Z30.0050 E0.07198 F600
G1 X93.7299 Y135.7394 Z30.0050 E0.07106 F600
G1 X93.2295 Y135.1336 Z30.0050 E0.07057 F600
G1 X92.8079 Y134.4704 Z30.0050 E0.07057 F600
G1 X92.4685 Y133.7557 Z30.0050 E0.07106 F600
G1 X92.2129 Y132.9960 Z30.0050 E0.07198 F600
G1 X92.0414 Y132.1986 Z30.0050 E0.07325 F600
G1 X91.9527 Y131.3710 Z30.0050 E0.07474 F600
G1 X91.9442 Y130.5213 Z30.0050 E0.07631 F600
G1 X92.0115 Y129.6574 Z30.0050 E0.07782 F600
G1 X92.1491 Y128.7869 Z30.0050 E0.07914 F600
G1 X92.3501 Y127.9174 Z30.0050 E0.08014 F600
G1 X92.6064 Y127.0558 Z30.0050 E0.08073 F600
G1 X92.9090 Y126.2081 Z30.0050 E0.08082 F600
G1 X93.2481 Y125.3799 Z30.0050 E0.08037 F600
G1 X93.6133 Y124.5756 Z30.0050 E0.07933 F600
G1 X93.9939 Y123.7984 Z30.0050 E0.07771 F600
G1 X94.3791 Y123.0508 Z30.0050 E0.07552 F600
G1 X94.7581 Y122.3339 Z30.0050 E0.07282 F600
G1 X95.1206 Y121.6478 Z30.0050 E0.06969 F600
G1 X95.4568 Y120.9913 Z30.0050 E0.06623 F600
G1 X95.7577 Y120.3624 Z30.0050 E0.06261 F600
G1 X96.0155 Y119.7581 Z30.0050 E0.05900 F600
G1 X96.2232 Y119.1745 Z30.0050 E0.05563 F600
G1 X96.3757 Y118.6071 Z30.0050 E0.05276 F600
G1 X96.4687 Y118.0507 Z30.0050 E0.05066 F600
G1 X96.5000 Y117.5000 Z30.0050 E0.04954 F600
G1 X96.4687 Y116.9493 Z30.0050 E0.04954 F600
G1 X96.3757 Y116.3929 Z30.0050 E0.05066 F600
G1 X96.2232 Y115.8255 Z30.0050 E0.05276 F600
G1 X96.0155 Y115.2419 Z30.0050 E0.05563 F600
G1 X95.7577 Y114.6376 Z30.0050 E0.05900 F600
G1 X95.4568 Y114.0087 Z30.0050 E0.06261 F600
G1 X95.1206 Y113.3522 Z30.0050 E0.06623 F600
G1 X94.7581 Y112.6661 Z30.0050 E0.06969 F600
G1 X94.3791 Y111.9492 Z30.0050 E0.07282 F600
G1 X93.9939 Y111.2016 Z30.0050 E0.07552 F600
G1 X93.6133 Y110.4244 Z30.0050 E0.07771 F600
G1 X93.2481 Y109.6201 Z30.0050 E0.07933 F600
G1 X92.9090 Y108.7919 Z30.0050 E0.08037 F600
G1 X92.6064 Y107.9442 Z30.0050 E0.08082 F600
G1 X92.3501 Y107.0826 Z30.0050 E0.08073 F600
G1 X92.1491 Y106.2131 Z30.0050 E0.08014 F600
G1 X92.0115 Y105.3426 Z30.0050 E0.07914 F600
G1 X91.9442 Y104.4787 Z30.0050 E0.07782 F600
G1 X91.9527 Y103.6290 Z30.0050 E0.07631 F600
G1 X92.0414 Y102.8014 Z30.0050 E0.07474 F600
G1 X92.2129 Y102.0040 Z30.0050 E0.07325 F600
G1 X92.4685 Y101.2443 Z30.0050 E0.07198 F600
G1 X92.8079 Y100.5296 Z30.0050 E0.07106 F600
G1 X93.2295 Y99.8664 Z30.0050 E0.07057 F600
G1 X93.7299 Y99.2606 Z30.0050 E0.07057 F600
G1 X94.3048 Y98.7169 Z30.0050 E0.07106 F600
G1 X94.9483 Y98.2390 Z30.0050 E0.07198 F600
G1 X95.6537 Y97.8295 Z30.0050 E0.07325 F600
G1 X96.4133 Y97.4895 Z30.0050 E0.07474 F600
G1 X97.2188 Y97.2188 Z30.0050 E0.07631 F600
G1 X98.0613 Y97.0158 Z30.0050 E0.07782 F600
G1 X98.9316 Y96.8777 Z30.0050 E0.07914 F600
G1 X99.8207 Y96.8002 Z30.0050 E0.08014 F600
G1 X100.7194 Y96.7776 Z30.0050 E0.08073 F600
G1 X101.6190 Y96.8035 Z30.0050 E0.08082 F600
G1 X102.5115 Y96.8701 Z30.0050 E0.08037 F600
G1 X103.3893 Y96.9688 Z30.0050 E0.07933 F600
G1 X104.2460 Y97.0907 Z30.0050 E0.07771 F600
G1 X105.0761 Y97.2260 Z30.0050 E0.07552 F600
G1 X105.8750 Y97.3649 Z30.0050 E0.07282 F600
G1 X106.6396 Y97.4976 Z30.0050 E0.06969 F600
G1 X107.3678 Y97.6145 Z30.0050 E0.06623 F600
G1 X108.0589 Y97.7064 Z30.0050 E0.06261 F600
G1 X108.7133 Y97.7648 Z30.0050 E0.05900 F600
G1 X109.3326 Y97.7821 Z30.0050 E0.05563 F600
G1 X109.9193 Y97.7517 Z30.0050 E0.05276 F600
G1 X110.4772 Y97.6682 Z30.0050 E0.05066 F600
G1 X111.0106 Y97.5278 Z30.0050 E0.04954 F600
G1 X111.5247 Y97.3279 Z30.0050 E0.04954 F600
G1 X112.0251 Y97.0674 Z30.0050 E0.05066 F600
G1 X112.5177 Y96.7472 Z30.0050 E0.05276 F600
G1 X113.0085 Y96.3692 Z30.0050 E0.05563 F600
G1 X113.5036 Y95.9373 Z30.0050 E0.05900 F600
G1 X114.0087 Y95.4568 Z30.0050 E0.06261 F600
G1 X114.5291 Y94.9341 Z30.0050 E0.06623 F600
G1 X115.0697 Y94.3774 Z30.0050 E0.06969 F600
G1 X115.6344 Y93.7954 Z30.0050 E0.07282 F600
G1 X116.2264 Y93.1980 Z30.0050 E0.07552 F600
G1 X116.8479 Y92.5959 Z30.0050 E0.07771 F600
G1 X117.5000 Y92.0000 Z30.0050 E0.07933 F600
G1 X118.1829 Y91.4216 Z30.0050 E0.08037 F600
G1 X118.8955 Y90.8719 Z30.0050 E0.08082 F600
G1 X119.6358 Y90.3618 Z30.0050 E0.08073 F600
G1 X120.4007 Y89.9020 Z30.0050 E0.08014 F600
G1 X121.1860 Y89.5022 Z30.0050 E0.07914 F600
G1 X121.9869 Y89.1711 Z30.0050 E0.07782 F600
G1 X122.7976 Y88.9167 Z30.0050 E0.07631 F600
G1 X123.6120 Y88.7453 Z30.0050 E0.07474 F600
G1 X124.4234 Y88.6620 Z30.0050 E0.07325 F600
G1 X125.2249 Y88.6703 Z30.0050 E0.07198 F600
G1 X126.0095 Y88.7723 Z30.0050 E0.07106 F600
G1 X126.7705 Y88.9683 Z30.0050 E0.07057 F600
G1 X127.5014 Y89.2570 Z30.0050 E0.07057 F600
G1 X128.1961 Y89.6357 Z30.0050 E0.07106 F600
G1 X128.8494 Y90.1001 Z30.0050 E0.07198 F600
G1 X129.4569 Y90.6444 Z30.0050 E0.07325 F600
G1 X130.0150 Y91.2618 Z30.0050 E0.07474 F600
G1 X130.5213 Y91.9442 Z30.0050 E0.07631 F600
G1 X130.9747 Y92.6827 Z30.0050 E0.07782 F600
G1 X131.3750 Y93.4678 Z30.0050 E0.07914 F600
G1 X131.7235 Y94.2894 Z30.0050 E0.08014 F600
G1 X132.0226 Y95.1371 Z30.0050 E0.08073 F600
G1 X132.2760 Y96.0007 Z30.0050 E0.08082 F600
G1 X132.4885 Y96.8701 Z30.0050 E0.08037 F600
G1 X132.6658 Y97.7355 Z30.0050 E0.07933 F600
G1 X132.8147 Y98.5879 Z30.0050 E0.07771 F600
G1 X132.9425 Y99.4191 Z30.0050 E0.07552 F600
G1 X133.0573 Y100.2219 Z30.0050 E0.07282 F600
G1 X133.1673 Y100.9901 Z30.0050 E0.06969 F600
G1 X133.2812 Y101.7188 Z30.0050 E0.06623 F600
G1 X133.4074 Y102.4044 Z30.0050 E0.06261 F600
G1 X133.5541 Y103.0448 Z30.0050 E0.05900 F600
G1 X133.7290 Y103.6391 Z30.0050 E0.05563 F600
G1 X133.9392 Y104.1878 Z30.0050 E0.05276 F600
G1 X134.1910 Y104.6926 Z30.0050 E0.05066 F600
G1 X134.4894 Y105.1565 Z30.0050 E0.04954 F600
G1 X134.8384 Y105.5837 Z30.0050 E0.04954 F600
G1 X135.2407 Y105.9791 Z30.0050 E0.05066 F600
G1 X135.6975 Y106.3486 Z30.0050 E0.05276 F600
G1 X136.2086 Y106.6986 Z30.0050 E0.05563 F600
G1 X136.7724 Y107.0360 Z30.0050 E0.05900 F600
G1 X137.3855 Y107.3678 Z30.0050 E0.06261 F600
G1 X138.0434 Y107.7013 Z30.0050 E0.06623 F600
G1 X138.7399 Y108.0434 Z30.0050 E0.06969 F600
G1 X139.4679 Y108.4006 Z30.0050 E0.07282 F600
G1 X140.2190 Y108.7790 Z30.0050 E0.07552 F600
G1 X140.9837 Y109.1840 Z30.0050 E0.07771 F600
G1 X141.7519 Y109.6201 Z30.0050 E0.07933 F600
G1 X142.5131 Y110.0908 Z30.0050 E0.08037 F600
G1 X143.2561 Y110.5987 Z30.0050 E0.08082 F600
G1 X143.9699 Y111.1451 Z30.0050 E0.08073 F600
G1 X144.6436 Y111.7305 Z30.0050 E0.08014 F600
G1 X145.2666 Y112.3538 Z30.0050 E0.07914 F600
G1 X145.8289 Y113.0131 Z30.0050 E0.07782 F600
G1 X146.3214 Y113.7056 Z30.0050 E0.07631 F600
G1 X146.7361 Y114.4272 Z30.0050 E0.07474 F600
G1 X147.0660 Y115.1731 Z30.0050 E0.07325 F600
G1 X147.3058 Y115.9379 Z30.0050 E0.07198 F600
G1 X147.4512 Y116.7157 Z30.0050 E0.07106 F600
G1 X147.5000 Y117.5000 Z30.0050 E0.07057 F600
G1 X147.4512 Y118.2843 Z30.4050 E0.07918 F600
G1 X147.3058 Y119.0621 Z30.4050 E0.07106 F600
G1 X147.0660 Y119.8269 Z30.4050 E0.07198 F600
G1 X146.7361 Y120.5728 Z30.4050 E0.07325 F600
G1 X146.3214 Y121.2944 Z30.4050 E0.07474 F600
G1 X145.8289 Y121.9869 Z30.4050 E0.07631 F600
G1 X145.2666 Y122.6462 Z30.4050 E0.07782 F600
G1 X144.6436 Y123.2695 Z30.4050 E0.07914 F600
G1 X143.9699 Y123.8549 Z30.4050 E0.08014 F600
G1 X143.2561 Y124.4013 Z30.4050 E0.08073 F600
G1 X142.5131 Y124.9092 Z30.4050 E0.08082 F600
G1 X141.7519 Y125.3799 Z30.4050 E0.08037 F600
G1 X140.9837 Y125.8160 Z30.4050 E0.07933 F600
G1 X140.2190 Y126.2210 Z30.4050 E0.07771 F600
G1 X139.4679 Y126.5994 Z30.4050 E0.07552 F600
G1 X138.7399 Y126.9566 Z30.4050 E0.07282 F600
G1 X138.0434 Y127.2987 Z30.4050 E0.06969 F600
G1 X137.3855 Y127.6322 Z30.4050 E0.06623 F600
G1 X136.7724 Y127.9640 Z30.4050 E0.06261 F600
G1 X136.2086 Y128.3014 Z30.4050 E0.05900 F600
G1 X135.6975 Y128.6514 Z30.4050 E0.05563 F600
G1 X135.2407 Y129.0209 Z30.4050 E0.05276 F600
G1 X134.8384 Y129.4163 Z30.4050 E0.05066 F600
G1 X134.4894 Y129.8435 Z30.4050 E0.04954 F600
G1 X134.1910 Y130.3074 Z30.4050 E0.04954 F600
G1 X133.9392 Y130.8122 Z30.4050 E0.05066 F600
G1 X133.7290 Y131.3609 Z30.4050 E0.05276 F600
G1 X133.5541 Y131.9552 Z30.4050 E0.05563 F600
G1 X133.4074 Y132.5956 Z30.4050 E0.05900 F600
G1 X133.2812 Y133.2812 Z30.4050 E0.06261 F600
G1 X133.1673 Y134.0099 Z30.4050 E0.06623 F600
G1 X133.0573 Y134.7781 Z30.4050 E0.06969 F600
G1 X132.9425 Y135.5809 Z30.4050 E0.07282 F600
G1 X132.8147 Y136.4121 Z30.4050 E0.07552 F600
G1 X132.6658 Y137.2645 Z30.4050 E0.07771 F600
G1 X132.4885 Y138.1299 Z30.4050 E0.07933 F600
G1 X132.2760 Y138.9993 Z30.4050 E0.08037 F600
G1 X132.0226 Y139.8629 Z30.4050 E0.08082 F600
G1 X131.7235 Y140.7106 Z30.4050 E0.08073 F600
G1 X131.3750 Y141.5322 Z30.4050 E0.08014 F600
G1 X130.9747 Y142.3173 Z30.4050 E0.07914 F600
G1 X130.5213 Y143.0558 Z30.4050 E0.07782 F600
G1 X130.0150 Y143.7382 Z30.4050 E0.07631 F600
G1 X129.4569 Y144.3556 Z30.4050 E0.07474 F600
G1 X128.8494 Y144.8999 Z30.4050 E0.07325 F600
G1 X128.1961 Y145.3643 Z30.4050 E0.07198 F600
G1 X127.5014 Y145.7430 Z30.4050 E0.07106 F600
G1 X126.7705 Y146.0317 Z30.4050 E0.07057 F600
G1 X126.0095 Y146.2277 Z30.4050 E0.07057 F600
G1 X125.2249 Y146.3297 Z30.4050 E0.07106 F600
G1 X124.4234 Y146.3380 Z30.4050 E0.07198 F600
G1 X123.6120 Y146.2547 Z30.4050 E0.07325 F600
G1 X122.7976 Y146.0833 Z30.4050 E0.07474 F600
G1 X121.9869 Y145.8289 Z30.4050 E0.07631 F600
G1 X121.1860 Y145.4978 Z30.4050 E0.07782 F600
G1 X120.4007 Y145.0980 Z30.4050 E0.07914 F600
G1 X119.6358 Y144.6382 Z30.4050 E0.08014 F600
G1 X118.8955 Y144.1281 Z30.4050 E0.08073 F600
G1 X118.1829 Y143.5784 Z30.4050 E0.08082 F600
G1 X117.5000 Y143.0000 Z30.4050 E0.08037 F600
G1 X116.8479 Y142.4041 Z30.4050 E0.07933 F600
G1 X116.2264 Y141.8020 Z30.4050 E0.07771 F600
G1 X115.6344 Y141.2046 Z30.4050 E0.07552 F600
G1 X115.0697 Y140.6226 Z30.4050 E0.07282 F600
G1 X114.5291 Y140.0659 Z30.4050 E0.06969 F600
G1 X114.0087 Y139.5432 Z30.4050 E0.06623 F600
G1 X113.5036 Y139.0627 Z30.4050 E0.06261 F600
G1 X113.0085 Y138.6308 Z30.4050 E0.05900 F600
G1 X112.5177 Y138.2528 Z30.4050 E0.05563 F600
G1 X112.0251 Y137.9326 Z30.4050 E0.05276 F600
G1 X111.5247 Y137.6721 Z30.4050 E0.05066 F600
G1 X111.0106 Y137.4722 Z30.4050 E0.04954 F600
G1 X110.4772 Y137.3318 Z30.4050 E0.04954 F600
G1 X109.9193 Y137.2483 Z30.4050 E0.05066 F600
G1 X109.3326 Y137.2179 Z30.4050 E0.05276 F600
G1 X108.7133 Y137.2352 Z30.4050 E0.05563 F600
G1 X108.0589 Y137.2936 Z30.4050 E0.05900 F600
G1 X107.3678 Y137.3855 Z30.4050 E0.06261 F600
G1 X106.6396 Y137.5024 Z30.4050 E0.06623 F600
G1 X105.8750 Y137.6351 Z30.4050 E0.06969 F600
G1 X105.0761 Y137.7740 Z30.4050 E0.07282 F600
G1 X104.2460 Y137.9093 Z30.4050 E0.07552 F600
G1 X103.3893 Y138.0312 Z30.4050 E0.07771 F600
G1 X102.5115 Y138.1299 Z30.4050 E0.07933 F600
G1 X101.6190 Y138.1965 Z30.4050 E0.08037 F600
G1 X100.7194 Y138.2224 Z30.4050 E0.08082 F600
G1 X99.8207 Y138.1998 Z30.4050 E0.08073 F600
G1 X98.9316 Y138.1223 Z30.4050 E0.08014 F600
G1 X98.0613 Y137.9842 Z30.4050 E0.07914 F600
G1 X97.2188 Y137.7812 Z30.4050 E0.07782 F600
G1 X96.4133 Y137.5105 Z30.4050 E0.07631 F600
G1 X95.6537 Y137.1705 Z30.4050 E0.07474 F600
G1 X94.9483 Y136.7610 Z30.4050 E0.07325 F600
G1 X94.3048 Y136.2831 Z30.4050 E0.07198 F600
G1 X93.7299 Y135.7394 Z30.4050 E0.07106 F600
G1 X93.2295 Y135.1336 Z30.4050 E0.07057 F600
G1 X92.8079 Y134.4704 Z30.4050 E0.07057 F600
G1 X92.4685 Y133.7557 Z30.4050 E0.07106 F600
G1 X92.2129 Y132.9960 Z30.4050 E0.07198 F600
G1 X92.0414 Y132.1986 Z30.4050 E0.07325 F600
G1 X91.9527 Y131.3710 Z30.4050 E0.07474 F600
G1 X91.9442 Y130.5213 Z30.4050 E0.07631 F600
G1 X92.0115 Y129.6574 Z30.4050 E0.07782 F600
G1 X92.1491 Y128.7869 Z30.4050 E0.07914 F600
G1 X92.3501 Y127.9174 Z30.4050 E0.08014 F600
G1 X92.6064 Y127.0558 Z30.4050 E0.08073 F600
G1 X92.9090 Y126.2081 Z30.4050 E0.08082 F600
G1 X93.2481 Y125.3799 Z30.4050 E0.08037 F600
G1 X93.6133 Y124.5756 Z30.4050 E0.07933 F600
G1 X93.9939 Y123.7984 Z30.4050 E0.07771 F600
G1 X94.3791 Y123.0508 Z30.4050 E0.07552 F600
G1 X94.7581 Y122.3339 Z30.4050 E0.07282 F600
G1 X95.1206 Y121.6478 Z30.4050 E0.06969 F600
G1 X95.4568 Y120.9913 Z30.4050 E0.06623 F600
G1 X95.7577 Y120.3624 Z30.4050 E0.06261 F600
G1 X96.0155 Y119.7581 Z30.4050 E0.05900 F600
G1 X96.2232 Y119.1745 Z30.4050 E0.05563 F600
G1 X96.3757 Y118.6071 Z30.4050 E0.05276 F600
G1 X96.4687 Y118.0507 Z30.4050 E0.05066 F600
G1 X96.5000 Y117.5000 Z30.4050 E0.04954 F600
G1 X96.4687 Y116.9493 Z30.4050 E0.04954 F600
G1 X96.3757 Y116.3929 Z30.4050 E0.05066 F600
G1 X96.2232 Y115.8255 Z30.4050 E0.05276 F600
G1 X96.0155 Y115.2419 Z30.4050 E0.05563 F600
G1 X95.7577 Y114.6376 Z30.4050 E0.05900 F600
G1 X95.4568 Y114.0087 Z30.4050 E0.06261 F600
G1 X95.1206 Y113.3522 Z30.4050 E0.06623 F600
G1 X94.7581 Y112.6661 Z30.4050 E0.06969 F600
G1 X94.3791 Y111.9492 Z30.4050 E0.07282 F600
G1 X93.9939 Y111.2016 Z30.4050 E0.07552 F600
G1 X93.6133 Y110.4244 Z30.4050 E0.07771 F600
G1 X93.2481 Y109.6201 Z30.4050 E0.07933 F600
G1 X92.9090 Y108.7919 Z30.4050 E0.08037 F600
G1 X92.6064 Y107.9442 Z30.4050 E0.08082 F600
G1 X92.3501 Y107.0826 Z30.4050 E0.08073 F600
G1 X92.1491 Y106.2131 Z30.4050 E0.08014 F600
G1 X92.0115 Y105.3426 Z30.4050 E0.07914 F600
G1 X91.9442 Y104.4787 Z30.4050 E0.07782 F600
G1 X91.9527 Y103.6290 Z30.4050 E0.07631 F600
G1 X92.0414 Y102.8014 Z30.4050 E0.07474 F600
G1 X92.2129 Y102.0040 Z30.4050 E0.07325 F600
G1 X92.4685 Y101.2443 Z30.4050 E0.07198 F600
G1 X92.8079 Y100.5296 Z30.4050 E0.07106 F600
G1 X93.2295 Y99.8664 Z30.4050 E0.07057 F600
G1 X93.7299 Y99.2606 Z30.4050 E0.07057 F600
G1 X94.3048 Y98.7169 Z30.4050 E0.07106 F600
G1 X94.9483 Y98.2390 Z30.4050 E0.07198 F600
G1 X95.6537 Y97.8295 Z30.4050 E0.07325 F600
G1 X96.4133 Y97.4895 Z30.4050 E0.07474 F600
G1 X97.2188 Y97.2188 Z30.4050 E0.07631 F600
G1 X98.0613 Y97.0158 Z30.4050 E0.07782 F600
G1 X98.9316 Y96.8777 Z30.4050 E0.07914 F600
G1 X99.8207 Y96.8002 Z30.4050 E0.08014 F600
G1 X100.7194 Y96.7776 Z30.4050 E0.08073 F600
G1 X101.6190 Y96.8035 Z30.4050 E0.08082 F600
G1 X102.5115 Y96.8701 Z30.4050 E0.08037 F600
G1 X103.3893 Y96.9688 Z30.4050 E0.07933 F600
G1 X104.2460 Y97.0907 Z30.4050 E0.07771 F600
G1 X105.0761 Y97.2260 Z30.4050 E0.07552 F600
G1 X105.8750 Y97.3649 Z30.4050 E0.07282 F600
G1 X106.6396 Y97.4976 Z30.4050 E0.06969 F600
G1 X107.3678 Y97.6145 Z30.4050 E0.06623 F600
G1 X108.0589 Y97.7064 Z30.4050 E0.06261 F600
G1 X108.7133 Y97.7648 Z30.4050 E0.05900 F600
G1 X109.3326 Y97.7821 Z30.4050 E0.05563 F600
G1 X109.9193 Y97.7517 Z30.4050 E0.05276 F600
G1 X110.4772 Y97.6682 Z30.4050 E0.05066 F600
G1 X111.0106 Y97.5278 Z30.4050 E0.04954 F600
G1 X111.5247 Y97.3279 Z30.4050 E0.04954 F600
G1 X112.0251 Y97.0674 Z30.4050 E0.05066 F600
G1 X112.5177 Y96.7472 Z30.4050 E0.05276 F600
G1 X113.0085 Y96.3692 Z30.4050 E0.05563 F600
G1 X113.5036 Y95.9373 Z30.4050 E0.05900 F600
G1 X114.0087 Y95.4568 Z30.4050 E0.06261 F600
G1 X114.5291 Y94.9341 Z30.4050 E0.06623 F600
G1 X115.0697 Y94.3774 Z30.4050 E0.06969 F600
G1 X115.6344 Y93.7954 Z30.4050 E0.07282 F600
G1 X116.2264 Y93.1980 Z30.4050 E0.07552 F600
G1 X116.8479 Y92.5959 Z30.4050 E0.07771 F600
G1 X117.5000 Y92.0000 Z30.4050 E0.07933 F600
G1 X118.1829 Y91.4216 Z30.4050 E0.08037 F600
G1 X118.8955 Y90.8719 Z30.4050 E0.08082 F600
G1 X119.6358 Y90.3618 Z30.4050 E0.08073 F600
G1 X120.4007 Y89.9020 Z30.4050 E0.08014 F600
G1 X121.1860 Y89.5022 Z30.4050 E0.07914 F600
G1 X121.9869 Y89.1711 Z30.4050 E0.07782 F600
G1 X122.7976 Y88.9167 Z30.4050 E0.07631 F600
G1 X123.6120 Y88.7453 Z30.4050 E0.07474 F600
G1 X124.4234 Y88.6620 Z30.4050 E0.07325 F600
G1 X125.2249 Y88.6703 Z30.4050 E0.07198 F600
G1 X126.0095 Y88.7723 Z30.4050 E0.07106 F600
G1 X126.7705 Y88.9683 Z30.4050 E0.07057 F600
G1 X127.5014 Y89.2570 Z30.4050 E0.07057 F600
G1 X128.1961 Y89.6357 Z30.4050 E0.07106 F600
G1 X128.8494 Y90.1001 Z30.4050 E0.07198 F600
G1 X129.4569 Y90.6444 Z30.4050 E0.07325 F600
G1 X130.0150 Y91.2618 Z30.4050 E0.07474 F600
G1 X130.5213 Y91.9442 Z30.4050 E0.07631 F600
G1 X130.9747 Y92.6827 Z30.4050 E0.07782 F600
G1 X131.3750 Y93.4678 Z30.4050 E0.07914 F600
G1 X131.7235 Y94.2894 Z30.4050 E0.08014 F600
G1 X132.0226 Y95.1371 Z30.4050 E0.08073 F600
G1 X132.2760 Y96.0007 Z30.4050 E0.08082 F600
G1 X132.4885 Y96.8701 Z30.4050 E0.08037 F600
G1 X132.6658 Y97.7355 Z30.4050 E0.07933 F600
G1 X132.8147 Y98.5879 Z30.4050 E0.07771 F600
G1 X132.9425 Y99.4191 Z30.4050 E0.07552 F600
G1 X133.0573 Y100.2219 Z30.4050 E0.07282 F600
G1 X133.1673 Y100.9901 Z30.4050 E0.06969 F600
G1 X133.2812 Y101.7188 Z30.4050 E0.06623 F600
G1 X133.4074 Y102.4044 Z30.4050 E0.06261 F600
G1 X133.5541 Y103.0448 Z30.4050 E0.05900 F600
G1 X133.7290 Y103.6391 Z30.4050 E0.05563 F600
G1 X133.9392 Y104.1878 Z30.4050 E0.05276 F600
G1 X134.1910 Y104.6926 Z30.4050 E0.05066 F600
G1 X134.4894 Y105.1565 Z30.4050 E0.04954 F600
G1 X134.8384 Y105.5837 Z30.4050 E0.04954 F600
G1 X135.2407 Y105.9791 Z30.4050 E0.05066 F600
G1 X135.6975 Y106.3486 Z30.4050 E0.05276 F600
G1 X136.2086 Y106.6986 Z30.4050 E0.05563 F600
G1 X136.7724 Y107.0360 Z30.4050 E0.05900 F600
G1 X137.3855 Y107.3678 Z30.4050 E0.06261 F600
G1 X138.0434 Y107.7013 Z30.4050 E0.06623 F600
G1 X138.7399 Y108.0434 Z30.4050 E0.06969 F600
G1 X139.4679 Y108.4006 Z30.4050 E0.07282 F600
G1 X140.2190 Y108.7790 Z30.4050 E0.07552 F600
G1 X140.9837 Y109.1840 Z30.4050 E0.07771 F600
G1 X141.7519 Y109.6201 Z30.4050 E0.07933 F600
G1 X142.5131 Y110.0908 Z30.4050 E0.08037 F600
G1 X143.2561 Y110.5987 Z30.4050 E0.08082 F600
G1 X143.9699 Y111.1451 Z30.4050 E0.08073 F600
G1 X144.6436 Y111.7305 Z30.4050 E0.08014 F600
G1 X145.2666 Y112.3538 Z30.4050 E0.07914 F600
G1 X145.8289 Y113.0131 Z30.4050 E0.07782 F600
G1 X146.3214 Y113.7056 Z30.4050 E0.07631 F600
G1 X146.7361 Y114.4272 Z30.4050 E0.07474 F600
G1 X147.0660 Y115.1731 Z30.4050 E0.07325 F600
G1 X147.3058 Y115.9379 Z30.4050 E0.07198 F600
G1 X147.4512 Y116.7157 Z30.4050 E0.07106 F600
G1 X147.5000 Y117.5000 Z30.4050 E0.07057 F600
G1 E-0.6000 F3600

PRINT_END
; total filament: 1469.5 mm
